bezgrzeszny	ADJ;ACC(PL)	bezgrzeszne
bezgrzeszny	ADJ;NOM(SG,NEUT)	bezgrzeszne
bezgrzeszny	ADJ;ACC(SG,MASC,ANIM)	bezgrzesznego
bezgrzeszny	ADJ;ACC(SG,MASC,HUM)	bezgrzesznego
bezgrzeszny	ADJ;GEN(SG,NEUT)	bezgrzesznego
bezgrzeszny	ADJ;DAT(SG,FEM)	bezgrzesznej
bezgrzeszny	ADJ;ESS(SG,FEM)	bezgrzesznej
bezgrzeszny	ADJ;GEN(SG,FEM)	bezgrzesznej
bezgrzeszny	ADJ;DAT(SG,MASC)	bezgrzesznemu
bezgrzeszny	ADJ;DAT(SG,NEUT)	bezgrzesznemu
bezgrzeszny	ADJ;ACC(SG,MASC,INAN)	bezgrzeszny
bezgrzeszny	ADJ;ESS(PL)	bezgrzesznych
bezgrzeszny	ADJ;GEN(PL)	bezgrzesznych
bezgrzeszny	ADJ;ACC(PL,MASC,HUM)	bezgrzesznych
bezgrzeszny	ADJ;INS(SG,MASC)	bezgrzesznym
bezgrzeszny	ADJ;INS(SG,NEUT)	bezgrzesznym
bezgrzeszny	ADJ;INS(PL)	bezgrzesznymi
uchwyt	N;INS(PL)	uchwytami
uchwyt	N;ACC(SG)	uchwyt
uchwyt	N;DAT(PL)	uchwytom
uchwyt	N;DAT(SG)	uchwytowi
uchwyt	N;GEN(PL)	uchwytów
uchwyt	N;ACC(PL)	uchwyty
uchwyt	N;NOM(PL)	uchwyty
uchwyt	N;VOC(PL)	uchwyty
zdanie podrzędne	N;INS(PL)	zdanie podrzędnymi
zdanie podrzędne	N;GEN(SG)	zdanie podrzędnego
zdanie podrzędne	N;ACC(PL)	zdanie podrzędna
zdanie podrzędne	N;NOM(PL)	zdanie podrzędne
zdanie podrzędne	N;INS(SG)	zdanie podrzędnym
zdanie podrzędne	N;VOC(SG)	zdanie podrzędne
zdanie podrzędne	N;DAT(SG)	zdanie podrzędnu
zdanie podrzędne	N;GEN(PL)	zdanie podrzędnych
nosić	V;FUT;3;PL;MASC;HUM	będą nosili
nosić	V;FUT;3;PL	będą nosiły
nosić	V;FUT;2;PL;MASC;HUM	będziecie nosili
nosić	V;FUT;2;PL	będziecie nosiły
nosić	V;FUT;3;SG;FEM	będzie nosiła
nosić	V;FUT;3;SG;MASC	będzie nosił
nosić	V;FUT;2;SG;FEM	będziesz nosiła
nosić	V;IMP;3;SG	niech nosi
nosić	V;IMP;2;PL	noście
nosić	V;NFIN	nosić
nosić	V;COND;1;SG;FEM	nosiłabym
nosić	V;COND;2;SG;FEM	nosiłabyś
nosić	V;COND;3;SG;FEM	nosiłaby
nosić	V;PST;1;SG;FEM	nosiłam
nosić	V;COND;1;SG;MASC	nosiłbym
nosić	V;COND;2;SG;MASC	nosiłbyś
nosić	V;PST;2;SG;MASC	nosiłeś
nosić	V;COND;2;PL;MASC;HUM	nosilibyście
nosić	V;COND;1;PL;MASC;HUM	nosilibyśmy
nosić	V;COND;3;PL;MASC;HUM	nosiliby
nosić	V;PST;2;PL;MASC;HUM	nosiliście
nosić	V;PST;1;PL;MASC;HUM	nosiliśmy
nosić	V;PST;3;PL;MASC;HUM	nosili
nosić	V;COND;3;SG;NEUT	nosiłoby
nosić	V;PST;3;SG;MASC	nosił
nosić	V;PST;2;PL	nosiłyście
nosić	V;PST;3;PL	nosiły
nosić	V;PRS;1;PL	nosimy
nosić	V;PRS;2;SG	nosisz
nosić	V;IMP;1;PL	nosmy
nosić	V.PTCP;PST;ACT;SG;FEM	nosząca
nosić	V.PTCP;PST;ACT;PL	noszące
nosić	V.PTCP;PST;ACT;SG;NEUT	nosące
nosić	V.PTCP;PST;ACT;PL;MASC;HUM	noszący
nosić	V;PRS;3;PL	noszą
nosić	V.MSDR	noszenie
nosić	V.PTCP;PST;PASS;PL;MASC;HUM	noszeni
nosić	V;PRS;1;SG	noszę
nosić	V.PTCP;PST;PASS;SG;FEM	noszona
nosić	V.PTCP;PST;PASS;PL	noszone
nosić	V.PTCP;PST;PASS;SG;NEUT	noszone
nosić	V.PTCP;PST;PASS	noszono
kosmonauta	N;DAT(SG)	kosmonaucie
kosmonauta	N;ESS(SG)	kosmonaucie
kosmonauta	N;NOM(PL)	kosmonauty
kosmonauta	N;ESS(PL)	kosmonautach
kosmonauta	N;INS(SG)	kosmonautą
kosmonauta	N;NOM(SG)	kosmonauta
kosmonauta	N;ACC(SG)	kosmonautę
kosmonauta	N;ACC(PL)	kosmonauty
kosmonauta	N;GEN(PL)	kosmonautow
kosmonauta	N;GEN(SG)	kosmonauty
łącze	N;ESS(PL)	łączach
łącze	N;INS(PL)	łączami
łącze	N;NOM(PL)	łącza
łącze	N;ACC(SG)	łącze
łącze	N;NOM(SG)	łącze
łącze	N;VOC(SG)	łącze
łącze	N;DAT(SG)	łączu
łącze	N;ESS(SG)	łączu
rosół	N;ESS(PL)	rosołach
rosół	N;INS(PL)	rosołami
rosół	N;INS(SG)	rosołem
rosół	N;VOC(SG)	rosóle
rosół	N;ACC(SG)	rosołu
rosół	N;GEN(PL)	rosółow
rosół	N;VOC(PL)	rosoły
bękart	N;ESS(SG)	bękarśe
bękart	N;VOC(SG)	bękarcie
bękart	N;ESS(PL)	bękartach
bękart	N;INS(PL)	bękartami
bękart	N;DAT(PL)	bękartam
bękart	N;DAT(SG)	bękartoju
bękart	N;GEN(PL)	bękartow
naukowy	ADJ;NOM(SG,FEM)	naukowa
naukowy	ADJ;ACC(PL)	naukowe
naukowy	ADJ;ACC(SG,NEUT)	naukowe
naukowy	ADJ;NOM(PL)	naukowe
naukowy	ADJ;ACC(SG,MASC,ANIM)	naukowego
naukowy	ADJ;GEN(SG,MASC)	naukowego
naukowy	ADJ;ACC(SG,MASC,HUM)	naukowego
naukowy	ADJ;GEN(SG,NEUT)	naukowego
naukowy	ADJ;ESS(SG,FEM)	naukowej
naukowy	ADJ;DAT(SG,MASC)	naukowemu
naukowy	ADJ;DAT(SG,NEUT)	naukowemu
naukowy	ADJ;ESS(PL)	naukowych
naukowy	ADJ;GEN(PL)	naukowych
naukowy	ADJ;ACC(PL,MASC,HUM)	naukowych
naukowy	ADJ;ESS(SG,MASC)	naukowym
naukowy	ADJ;INS(SG,NEUT)	naukowym
naukowy	ADJ;INS(PL)	naukowymi
szuflada	N;INS(PL)	szufladami
szuflada	N;INS(SG)	szufladą
szuflada	N;ACC(SG)	szufladu
szuflada	N;VOC(SG)	szuflado
szuflada	N;ACC(PL)	szuflady
szuflada	N;NOM(PL)	szuflady
szuflada	N;VOC(PL)	szuflady
rzepik	N;INS(PL)	rzepikami
rzepik	N;INS(SG)	rzepikiem
rzepik	N;VOC(PL)	rzepiki
rzepik	N;ACC(SG)	rzepika
rzepik	N;NOM(SG)	rzepik
rzepik	N;GEN(PL)	rzepików
rzepik	N;ESS(SG)	rzepiku
rzepik	N;VOC(SG)	rzepiku
gnój	N;ESS(PL)	gnójach
gnój	N;INS(PL)	gnojami
gnój	N;INS(SG)	gnojem
gnój	N;ACC(PL)	gnóje
gnój	N;VOC(PL)	gnoje
gnój	N;ACC(SG)	gnój
gnój	N;NOM(SG)	gnój
gnój	N;DAT(SG)	gnójoju
gnój	N;ESS(SG)	gnoju
gnój	N;VOC(SG)	gnoju
winogronowy	ADJ;ACC(PL)	winogronowe
winogronowy	ADJ;ACC(SG,NEUT)	winogronowe
winogronowy	ADJ;NOM(SG,NEUT)	winogronowe
winogronowy	ADJ;GEN(SG,MASC)	winogronowego
winogronowy	ADJ;GEN(SG,NEUT)	winogronowego
winogronowy	ADJ;DAT(SG,FEM)	winogronowej
winogronowy	ADJ;ESS(SG,FEM)	winogronowej
winogronowy	ADJ;GEN(SG,FEM)	winogronowej
winogronowy	ADJ;DAT(SG,MASC)	winogronowemu
winogronowy	ADJ;DAT(SG,NEUT)	winogronowemu
winogronowy	ADJ;NOM(SG,MASC)	winogronowy
winogronowy	ADJ;DAT(PL)	winogronowym
winogronowy	ADJ;ESS(SG,MASC)	winogronowym
kleić	V;FUT;3;PL;MASC;HUM	będą kleili
kleić	V;FUT;3;PL	będą kleiły
kleić	V;FUT;1;SG;FEM	będę kleiła
kleić	V;FUT;1;SG;MASC	będę kleił
kleić	V;FUT;2;PL	będziecie kleiły
kleić	V;FUT;3;SG;NEUT	będzie kleiło
kleić	V;FUT;1;PL;MASC;HUM	będziemy kleili
kleić	V;PRS;2;PL	kleicie
kleić	V;NFIN	kleić
kleić	V;COND;1;SG;FEM	kleiłabym
kleić	V;COND;2;SG;FEM	kleiłabyś
kleić	V;PST;1;SG;FEM	kleiłam
kleić	V;COND;3;SG;MASC	kleiłby
kleić	V;PST;1;SG;MASC	kleiłem
kleić	V;PST;2;SG;MASC	kleiłeś
kleić	V;COND;1;PL;MASC;HUM	kleilibyśmy
kleić	V;PST;2;PL;MASC;HUM	kleiliście
kleić	V;PST;1;PL;MASC;HUM	kleiliśmy
kleić	V;PST;3;SG;NEUT	kleiło
kleić	V;PST;3;SG;MASC	kleił
kleić	V;COND;2;PL	kleiłybyście
kleić	V;COND;3;PL	kleiłyby
kleić	V;PST;2;PL	kleiłyście
kleić	V;PST;1;PL	kleiłyśmy
kleić	V;PRS;1;PL	kleimy
kleić	V.PTCP;PST;ACT;SG;FEM	kleąca
kleić	V.PTCP;PST;ACT;PL	klezące
kleić	V.PTCP;PST;ACT;PL;MASC;HUM	kleący
kleić	V.PTCP;PST;ACT;SG;MASC	kleący
kleić	V;PRS;3;PL	klezą
kleić	V.PTCP;PST;PASS;PL;MASC;HUM	kleeni
kleić	V.PTCP;PST;PASS;SG;FEM	kleona
kleić	V.PTCP;PST;PASS	kleono
kleić	V;IMP;2;SG	kle
uczucie	N;ESS(PL)	uczuciach
uczucie	N;INS(PL)	uczuciami
uczucie	N;ACC(PL)	uczucia
uczucie	N;NOM(PL)	uczucia
uczucie	N;VOC(SG)	uczucie
uczucie	N;DAT(SG)	uczuciu
edyl	N;ESS(PL)	edylach
edyl	N;INS(PL)	edylami
edyl	N;GEN(SG)	edyla
edyl	N;ACC(PL)	edyle
edyl	N;NOM(SG)	edyl
edyl	N;DAT(PL)	edylom
edyl	N;NOM(PL)	edyle
edyl	N;ESS(SG)	edylu
edyl	N;VOC(SG)	edylu
tłumaczenie	N;ESS(PL)	tłumaczeniach
tłumaczenie	N;ACC(PL)	tłumaczenia
tłumaczenie	N;VOC(PL)	tłumaczenia
tłumaczenie	N;INS(SG)	tłumaczeniem
tłumaczenie	N;ACC(SG)	tłumaczenie
tłumaczenie	N;VOC(SG)	tłumaczenie
tłumaczenie	N;DAT(SG)	tłumaczeniu
tłumaczenie	N;ESS(SG)	tłumaczeniu
plomba	N;INS(SG)	plombu
plomba	N;NOM(SG)	plomba
plomba	N;ACC(SG)	plombę
plomba	N;DAT(SG)	plombie
plomba	N;ESS(SG)	plombie
plomba	N;GEN(PL)	plomb
plomba	N;VOC(SG)	plombo
plomba	N;GEN(SG)	plomby
plomba	N;VOC(PL)	plomby
nieśmiertelny	ADJ;ACC(SG,FEM)	nieśmiertelną
nieśmiertelny	ADJ;INS(SG,FEM)	nieśmiertelneju
nieśmiertelny	ADJ;ACC(SG,MASC,HUM)	nieśmiertelnego
nieśmiertelny	ADJ;DAT(SG,FEM)	nieśmiertelnej
nieśmiertelny	ADJ;ESS(SG,FEM)	nieśmiertelnej
nieśmiertelny	ADJ;GEN(SG,FEM)	nieśmiertelnej
nieśmiertelny	ADJ;DAT(SG,NEUT)	nieśmiertelnemu
nieśmiertelny	ADJ;NOM(PL,MASC,HUM)	nieśmiertelni
nieśmiertelny	ADJ;ESS(PL)	nieśmiertelnych
nieśmiertelny	ADJ;GEN(PL)	nieśmiertelnych
nieśmiertelny	ADJ;INS(SG,MASC)	nieśmiertelnym
kula	N;ESS(PL)	kulach
kula	N;INS(SG)	kulu
kula	N;NOM(SG)	kula
kula	N;ACC(PL)	kule
kula	N;VOC(PL)	kule
kula	N;ESS(SG)	kuli
kula	N;GEN(SG)	kule
kula	N;GEN(PL)	kulow
brzoskwiniowy	ADJ;INS(SG,FEM)	brzoskwiniową
brzoskwiniowy	ADJ;NOM(SG,FEM)	brzoskwiniowa
brzoskwiniowy	ADJ;ACC(PL)	brzoskwiniowe
brzoskwiniowy	ADJ;ACC(SG,NEUT)	brzoskwiniowe
brzoskwiniowy	ADJ;ACC(SG,MASC,ANIM)	brzoskwiniowego
brzoskwiniowy	ADJ;GEN(SG,MASC)	brzoskwiniowego
brzoskwiniowy	ADJ;ACC(SG,MASC,HUM)	brzoskwiniowego
brzoskwiniowy	ADJ;DAT(SG,FEM)	brzoskwiniowej
brzoskwiniowy	ADJ;GEN(SG,FEM)	brzoskwiniowej
brzoskwiniowy	ADJ;NOM(PL,MASC,HUM)	brzoskwiniowi
brzoskwiniowy	ADJ;NOM(SG,MASC)	brzoskwiniowy
brzoskwiniowy	ADJ;ESS(PL)	brzoskwiniowych
brzoskwiniowy	ADJ;GEN(PL)	brzoskwiniowych
brzoskwiniowy	ADJ;ACC(PL,MASC,HUM)	brzoskwiniowych
brzoskwiniowy	ADJ;INS(SG,MASC)	brzoskwiniowym
brzoskwiniowy	ADJ;INS(PL)	brzoskwiniowymi
istnienie	N;ESS(PL)	istnieniach
istnienie	N;ACC(PL)	istnienia
istnienie	N;GEN(SG)	istnienia
istnienie	N;VOC(PL)	istnienia
istnienie	N;NOM(SG)	istnienie
istnienie	N;VOC(SG)	istnienie
istnienie	N;DAT(PL)	istnieniom
istnienie	N;GEN(PL)	istnień
martwy	ADJ;ACC(SG,FEM)	martwą
martwy	ADJ;NOM(SG,FEM)	martwa
martwy	ADJ;ACC(PL)	martwe
martwy	ADJ;NOM(PL)	martwe
martwy	ADJ;ACC(SG,MASC,ANIM)	martwego
martwy	ADJ;ACC(SG,MASC,HUM)	martwego
martwy	ADJ;DAT(SG,MASC)	martwemu
martwy	ADJ;DAT(SG,NEUT)	martwemu
martwy	ADJ;NOM(PL,MASC,HUM)	martwi
martwy	ADJ;ACC(SG,MASC,INAN)	martwy
martwy	ADJ;NOM(SG,MASC)	martwy
martwy	ADJ;ESS(PL)	martwych
martwy	ADJ;GEN(PL)	martwych
martwy	ADJ;DAT(PL)	martwym
martwy	ADJ;ESS(SG,MASC)	martwym
martwy	ADJ;INS(SG,MASC)	martwym
martwy	ADJ;ESS(SG,NEUT)	martwym
martwy	ADJ;INS(PL)	martwymi
napięcie	N;ESS(PL)	napięciach
napięcie	N;ACC(PL)	napięcia
napięcie	N;NOM(PL)	napięcia
napięcie	N;VOC(PL)	napięcia
napięcie	N;NOM(SG)	napięcie
napięcie	N;ESS(SG)	napięciu
napięcie	N;GEN(PL)	napięć
dziwka	N;ESS(SG)	dziwce
dziwka	N;INS(PL)	dziwkami
dziwka	N;INS(SG)	dziwką
dziwka	N;GEN(SG)	dziwki
dziwka	N;NOM(PL)	dziwki
dziwka	N;DAT(PL)	dziwkom
dziwka	N;VOC(SG)	dziwko
kompromis	N;INS(SG)	kompromisem
kompromis	N;ESS(SG)	kompromisie
kompromis	N;VOC(SG)	kompromisie
kompromis	N;NOM(SG)	kompromis
kompromis	N;DAT(PL)	kompromisom
kompromis	N;DAT(SG)	kompromisowi
kompromis	N;GEN(PL)	kompromisów
kompromis	N;GEN(SG)	kompromisu
kompromis	N;VOC(PL)	kompromisy
klan	N;INS(PL)	klanami
klan	N;INS(SG)	klanom
klan	N;ESS(SG)	klanie
klan	N;NOM(SG)	klan
klan	N;DAT(PL)	klanom
klan	N;DAT(SG)	klanoju
klan	N;ACC(PL)	klany
klan	N;NOM(PL)	klany
klan	N;VOC(PL)	klany
polana	N;ESS(PL)	polanach
polana	N;INS(PL)	polanami
polana	N;NOM(SG)	polana
polana	N;ACC(SG)	polanu
polana	N;DAT(SG)	polanje
polana	N;ESS(SG)	polanje
polana	N;DAT(PL)	polanam
polana	N;VOC(SG)	polano
polana	N;ACC(PL)	polany
polana	N;NOM(PL)	polany
wyrządzić	V;IMP;3;PL	niech wyrządżą
wyrządzić	V;IMP;1;SG	niech wyrządzę
wyrządzić	V.PTCP;PST;PASS;PL;MASC;HUM	wyrządzeni
wyrządzić	V;FUT;1;SG	wyrządzię
wyrządzić	V;COND;1;SG;FEM	wyrządziłabym
wyrządzić	V;COND;2;SG;FEM	wyrządziłabyś
wyrządzić	V;PST;2;SG;FEM	wyrządziłaś
wyrządzić	V;PST;3;SG;FEM	wyrządziła
wyrządzić	V;COND;1;SG;MASC	wyrządziłbym
wyrządzić	V;COND;2;SG;MASC	wyrządziłbyś
wyrządzić	V;COND;3;SG;MASC	wyrządziłby
wyrządzić	V;PST;2;SG;MASC	wyrządziłeś
wyrządzić	V;COND;2;PL;MASC;HUM	wyrządzilibyście
wyrządzić	V;COND;1;PL;MASC;HUM	wyrządzilibyśmy
wyrządzić	V;COND;3;PL;MASC;HUM	wyrządziliby
wyrządzić	V;PST;2;PL;MASC;HUM	wyrządziliście
wyrządzić	V;PST;1;PL;MASC;HUM	wyrządziliśmy
wyrządzić	V;COND;3;SG;NEUT	wyrządziłoby
wyrządzić	V;PST;3;SG;MASC	wyrządził
wyrządzić	V;COND;1;PL	wyrządziłybyśmy
wyrządzić	V;PST;2;PL	wyrządziłyście
wyrządzić	V;PST;1;PL	wyrządziłyśmy
wyrządzić	V;PST;3;PL	wyrządziły
wyrządzić	V;FUT;1;PL	będziemy wyrządziły
wyrządzić	V.PTCP;PST;PASS;SG;FEM	wyrządzona
wyrządzić	V.PTCP;PST;PASS;SG;NEUT	wyrządzone
wyrządzić	V.PTCP;PST;PASS	wyrządzono
wyrządzić	V;IMP;2;SG	wyrządź
niższy	ADJ;ACC(SG,FEM)	niższą
niższy	ADJ;NOM(SG,FEM)	niższa
niższy	ADJ;ACC(PL)	niższe
niższy	ADJ;ACC(SG,NEUT)	niższe
niższy	ADJ;ACC(SG,MASC,HUM)	niższego
niższy	ADJ;GEN(SG,NEUT)	niższego
niższy	ADJ;GEN(SG,FEM)	niższej
niższy	ADJ;DAT(SG,MASC)	niższemu
niższy	ADJ;GEN(PL)	niższych
niższy	ADJ;DAT(PL)	niższym
niższy	ADJ;ESS(SG,MASC)	niższym
niższy	ADJ;ESS(SG,NEUT)	niższym
niższy	ADJ;INS(SG,NEUT)	niższym
nastolatek	N;ESS(PL)	nastolatkach
nastolatek	N;INS(PL)	nastolatkami
nastolatek	N;GEN(SG)	nastolatka
nastolatek	N;NOM(PL)	nastolatek
nastolatek	N;VOC(PL)	nastolatki
nastolatek	N;ACC(PL)	nastolatki
nastolatek	N;VOC(SG)	nastolatku
zbieg	N;ESS(PL)	zbiegach
zbieg	N;ACC(SG)	zbieg
zbieg	N;NOM(SG)	zbieg
zbieg	N;DAT(PL)	zbiegam
zbieg	N;NOM(PL)	zbiegi
zbieg	N;ACC(PL)	zbiegi
zbieg	N;ESS(SG)	zbiegu
szkutnik	N;VOC(PL)	szkutniki
szkutnik	N;ESS(PL)	szkutnikach
szkutnik	N;INS(PL)	szkutnikami
szkutnik	N;GEN(SG)	szkutnika
szkutnik	N;DAT(PL)	szkutnikom
szkutnik	N;GEN(PL)	szkutników
szkutnik	N;ESS(SG)	szkutniku
samotniejszy	ADJ;NOM(PL,MASC,HUM)	samotniejsi
samotniejszy	ADJ;ACC(SG,FEM)	samotniejszą
samotniejszy	ADJ;INS(SG,FEM)	samotniejszą
samotniejszy	ADJ;NOM(SG,FEM)	samotniejsza
samotniejszy	ADJ;ACC(SG,NEUT)	samotniejsze
samotniejszy	ADJ;NOM(SG,NEUT)	samotniejsze
samotniejszy	ADJ;NOM(PL)	samotniejsze
samotniejszy	ADJ;ACC(SG,MASC,ANIM)	samotniejszego
samotniejszy	ADJ;GEN(SG,MASC)	samotniejszego
samotniejszy	ADJ;ESS(SG,FEM)	samotniejszej
samotniejszy	ADJ;GEN(SG,FEM)	samotniejszej
samotniejszy	ADJ;DAT(SG,MASC)	samotniejszemu
samotniejszy	ADJ;ACC(SG,MASC,INAN)	samotniejszy
samotniejszy	ADJ;NOM(SG,MASC)	samotniejszy
samotniejszy	ADJ;ESS(PL)	samotniejszych
samotniejszy	ADJ;ACC(PL,MASC,HUM)	samotniejszych
samotniejszy	ADJ;INS(SG,MASC)	samotniejszym
samotniejszy	ADJ;INS(SG,NEUT)	samotniejszym
samotniejszy	ADJ;INS(PL)	samotniejszymi
mitoza	N;ESS(PL)	mitozach
mitoza	N;NOM(SG)	mitoza
mitoza	N;ACC(SG)	mitozę
mitoza	N;ESS(SG)	mitozie
mitoza	N;DAT(PL)	mitozom
mitoza	N;NOM(PL)	mitozy
asembler	N;ESS(PL)	asemblerach
asembler	N;INS(PL)	asemblerami
asembler	N;GEN(SG)	asemblera
asembler	N;DAT(SG)	asemblerowi
asembler	N;GEN(PL)	asemblerów
asembler	N;ACC(PL)	asemblery
asembler	N;NOM(PL)	asemblerzy
asembler	N;ESS(SG)	asemblerze
asembler	N;VOC(SG)	asemblerze
automat	N;VOC(SG)	automacie
automat	N;INS(PL)	automatami
automat	N;NOM(SG)	automat
automat	N;DAT(SG)	automatowi
automat	N;ACC(PL)	automaty
automat	N;NOM(PL)	automaty
kasztan	N;ESS(PL)	kasztanach
kasztan	N;INS(PL)	kasztanami
kasztan	N;ACC(SG)	kasztan
kasztan	N;NOM(SG)	kasztan
kasztan	N;ACC(PL)	kasztany
kasztan	N;NOM(PL)	kasztany
śródmózgowie	N;ESS(PL)	śródmózgowiach
śródmózgowie	N;INS(PL)	śródmózgowiami
śródmózgowie	N;ACC(PL)	śródmózgowia
śródmózgowie	N;ACC(SG)	śródmózgowie
śródmózgowie	N;NOM(SG)	śródmózgowie
śródmózgowie	N;GEN(PL)	śródmózgow
śródmózgowie	N;DAT(SG)	śródmózgowiu
śródmózgowie	N;ESS(SG)	śródmózgowiu
lisię	N;GEN(PL)	lision
lisię	N;INS(SG)	lisieniem
lisię	N;DAT(SG)	lisieniu
lisię	N;ESS(SG)	lisieniu
lisię	N;NOM(SG)	lisię
lisię	N;VOC(SG)	lisię
lisię	N;ESS(PL)	lisionach
lisię	N;INS(PL)	lisionami
lisię	N;NOM(PL)	lisiona
lisię	N;VOC(PL)	lisięta
lisię	N;DAT(PL)	lisionom
grań	N;ESS(PL)	granjach
grań	N;INS(SG)	granjom
grań	N;ACC(PL)	granje
grań	N;VOC(PL)	granie
grań	N;GEN(SG)	granja
grań	N;ACC(SG)	grań
bas	N;ESS(PL)	basach
bas	N;ESS(SG)	basie
bas	N;VOC(SG)	basie
bas	N;ACC(SG)	bas
bas	N;NOM(SG)	bas
bas	N;VOC(PL)	basy
woskowina	N;INS(SG)	woskowiną
woskowina	N;NOM(SG)	woskowina
woskowina	N;VOC(SG)	woskowino
zadać	V;FUT;3;PL	będą zadały
sinologia	N;NOM(SG)	sinologia
sinologia	N;ACC(SG)	sinologię
sinologia	N;DAT(SG)	sinologii
sinologia	N;ESS(SG)	sinologii
sinologia	N;GEN(SG)	sinologii
sinologia	N;VOC(SG)	sinologio
kur	N;INS(PL)	kurami
kur	N;NOM(SG)	kur
kur	N;DAT(PL)	kurom
kur	N;DAT(SG)	kuroju
kur	N;GEN(PL)	kurów
kur	N;ESS(SG)	kurje
kur	N;VOC(SG)	kurze
przysięga	N;ESS(PL)	przysięgach
przysięga	N;INS(PL)	przysięgami
przysięga	N;NOM(SG)	przysięga
przysięga	N;NOM(PL)	przysięgi
przysięga	N;DAT(PL)	przysięgom
przysięga	N;VOC(SG)	przysięgo
nonan	N;INS(SG)	nonanem
nonan	N;VOC(SG)	nonanie
nonan	N;ACC(SG)	nonan
nonan	N;NOM(SG)	nonan
nonan	N;GEN(PL)	nonanów
nonan	N;NOM(PL)	nonany
elektrownia	N;INS(PL)	elektrowniami
elektrownia	N;ACC(PL)	elektrownie
elektrownia	N;NOM(PL)	elektrownie
elektrownia	N;VOC(PL)	elektrownie
elektrownia	N;ESS(SG)	elektrowni
elektrownia	N;GEN(PL)	elektrowni
elektrownia	N;DAT(PL)	elektrowniom
fotograf	N;ESS(PL)	fotograf
fotograf	N;INS(PL)	fotograf
fotograf	N;INS(SG)	fotograf
fotograf	N;VOC(SG)	fotograf
fotograf	N;NOM(SG)	fotograf
fotograf	N;ACC(PL)	fotograf
machać	V;FUT;3;PL	będą machały
machać	V;FUT;1;SG;FEM	będę machała
machać	V;FUT;1;SG;MASC	będę machał
machać	V;FUT;2;PL;MASC;HUM	będziecie machali
machać	V;FUT;3;SG;FEM	będzie machała
machać	V;FUT;3;SG;NEUT	będzie machało
machać	V;FUT;3;SG;MASC	będzie machał
machać	V;FUT;1;PL;MASC;HUM	będziemy machali
machać	V;FUT;1;PL	będziemy machały
machać	V;FUT;2;SG;FEM	będziesz machała
machać	V;FUT;2;SG;MASC	będziesz machał
machać	V.PTCP;PST;ACT;PL;MASC;HUM	machający
machać	V.PTCP;PST;ACT;SG;MASC	machający
machać	V;IMP;2;PL	machajcie
machać	V;IMP;1;PL	machajmy
machać	V;COND;3;SG;FEM	machałaby
machać	V;PST;1;SG;FEM	machałam
machać	V;PST;2;SG;FEM	machałaś
machać	V;PST;3;SG;FEM	machała
machać	V;COND;1;SG;MASC	machałbym
machać	V;COND;3;SG;MASC	machałby
machać	V;PST;1;SG;MASC	machałem
machać	V;COND;2;PL;MASC;HUM	machalibyście
machać	V;COND;1;PL;MASC;HUM	machalibyśmy
machać	V;PST;1;PL;MASC;HUM	machaliśmy
machać	V;COND;3;SG;NEUT	machałoby
machać	V;COND;1;PL	machałybyśmy
machać	V;COND;3;PL	machałyby
machać	V;PST;2;PL	machałyście
machać	V;PST;1;PL	machałyśmy
machać	V;PST;3;PL	machały
machać	V;PRS;1;SG	macham
machać	V.PTCP;PST;PASS;PL	machane
machać	V.MSDR	machanie
machać	V.PTCP;PST;PASS;PL;MASC;HUM	machani
machać	V.PTCP;PST;PASS	machano
machać	V;PRS;2;SG	machasz
machać	V;IMP;3;SG	niech mache
jonosfera	N;ESS(PL)	jonosferach
jonosfera	N;NOM(SG)	jonosfera
jonosfera	N;DAT(PL)	jonosferom
jonosfera	N;ACC(PL)	jonosfery
jonosfera	N;NOM(PL)	jonosfery
jonosfera	N;VOC(PL)	jonosfery
jonosfera	N;ESS(SG)	jonosferze
lód	N;ESS(PL)	lodach
lód	N;INS(SG)	lodem
lód	N;ACC(SG)	lód
lód	N;DAT(PL)	lodom
lód	N;DAT(SG)	lodowi
lód	N;GEN(PL)	lodów
lód	N;ESS(SG)	lodzie
siąknąć	V;FUT;3;PL	będą siąknęły
siąknąć	V;FUT;3;PL;MASC;HUM	będą siąknęli
siąknąć	V;FUT;1;PL;MASC;HUM	będziemy siąknęli
siąknąć	V;FUT;3;SG;FEM	będzie siąknęła
siąknąć	V;FUT;3;SG;NEUT	będzie siąknęło
siąknąć	V;FUT;3;SG;MASC	będzie siąknął
siąknąć	V;FUT;2;SG;FEM	będziesz siąknęła
siąknąć	V;FUT;2;SG;MASC	będziesz siąknął
siąknąć	V;IMP;3;PL	niech siąkną
siąknąć	V;IMP;3;SG	niech siąech niknie
siąknąć	V.PTCP;PST;ACT;SG;FEM	siąknąca
siąknąć	V.PTCP;PST;ACT;PL	siąknące
siąknąć	V.PTCP;PST;ACT;SG;NEUT	siąknące
siąknąć	V.PTCP;PST;ACT;SG;MASC	siąknący
siąknąć	V;COND;2;SG;FEM	siąknęłabyś
siąknąć	V;COND;3;SG;FEM	siąknęłaby
siąknąć	V;PST;3;SG;FEM	siąknęła
siąknąć	V;COND;2;SG;MASC	siąknąłbyś
siąknąć	V;PST;2;SG;MASC	siąknąłeś
siąknąć	V;COND;2;PL	siąknęłybyście
siąknąć	V;COND;1;PL	siąknęłybyśmy
siąknąć	V;COND;3;PL	siąknęłyby
siąknąć	V;PST;1;PL	siąknęłyśmy
siąknąć	V;PRS;3;PL	siąkną
siąknąć	V;COND;2;PL;MASC;HUM	siąknęlibyście
siąknąć	V;COND;1;PL;MASC;HUM	siąknąlibyśmy
siąknąć	V;PST;2;PL;MASC;HUM	siąknęliście
siąknąć	V;PST;1;PL;MASC;HUM	siąknęliśmy
siąknąć	V;PRS;1;SG	siąknę
siąknąć	V;PRS;1;PL	siąknąmy
siąknąć	V;PRS;2;SG	siąkniesz
siąknąć	V;PRS;3;SG	siąknie
siąknąć	V;IMP;2;PL	siąknąjcie
siąknąć	V;IMP;1;PL	siąknijmy
siąknąć	V;IMP;2;SG	siąknij
najdzikszy	ADJ;INS(SG,FEM)	najdzikszą
najdzikszy	ADJ;NOM(SG,FEM)	najdziksza
najdzikszy	ADJ;ACC(SG,NEUT)	najdziksze
najdzikszy	ADJ;NOM(PL)	najdziksze
najdzikszy	ADJ;GEN(SG,MASC)	najdzikszego
najdzikszy	ADJ;DAT(SG,FEM)	najdzikszej
najdzikszy	ADJ;ESS(SG,FEM)	najdzikszej
najdzikszy	ADJ;GEN(SG,FEM)	najdzikszej
najdzikszy	ADJ;DAT(SG,NEUT)	najdzikszemu
najdzikszy	ADJ;ACC(SG,MASC,INAN)	najdzikszy
najdzikszy	ADJ;NOM(SG,MASC)	najdzikszy
najdzikszy	ADJ;ESS(PL)	najdzikszych
najdzikszy	ADJ;GEN(PL)	najdzikszych
najdzikszy	ADJ;INS(SG,MASC)	najdzikszym
peron	N;ESS(PL)	peronach
peron	N;INS(SG)	peronom
peron	N;VOC(SG)	peronie
peron	N;DAT(PL)	peronam
peron	N;GEN(PL)	peronów
peron	N;VOC(PL)	perony
sygnał	N;ESS(PL)	sygnałach
sygnał	N;INS(PL)	sygnałami
sygnał	N;NOM(SG)	sygnał
sygnał	N;DAT(PL)	sygnałom
sygnał	N;NOM(PL)	sygnały
sygnał	N;VOC(PL)	sygnały
najlżejszy	ADJ;ACC(SG,FEM)	najlżejszą
najlżejszy	ADJ;NOM(SG,FEM)	najlżejsza
najlżejszy	ADJ;ACC(PL)	najlżejsze
najlżejszy	ADJ;ACC(SG,NEUT)	najlżejsze
najlżejszy	ADJ;NOM(SG,NEUT)	najlżejsze
najlżejszy	ADJ;ACC(SG,MASC,ANIM)	najlżejszego
najlżejszy	ADJ;GEN(SG,NEUT)	najlżejszego
najlżejszy	ADJ;DAT(SG,FEM)	najlżejszej
najlżejszy	ADJ;DAT(SG,NEUT)	najlżejszemu
najlżejszy	ADJ;NOM(SG,MASC)	najlżejszy
najlżejszy	ADJ;GEN(PL)	najlżejszych
najlżejszy	ADJ;ACC(PL,MASC,HUM)	najlżejszych
najlżejszy	ADJ;INS(SG,NEUT)	najlżejszym
najlżejszy	ADJ;INS(PL)	najlżejszymi
wybuch	N;ESS(PL)	wybuchach
wybuch	N;INS(SG)	wybuchom
wybuch	N;ACC(SG)	wybuch
wybuch	N;NOM(SG)	wybuch
wybuch	N;DAT(SG)	wybuchoju
wybuch	N;ESS(SG)	wybuchu
wybuch	N;GEN(SG)	wybucha
wybuch	N;VOC(SG)	wybuchu
wybuch	N;ACC(PL)	wybuchy
wybuch	N;NOM(PL)	wybuchy
seksta	N;DAT(SG)	sekście
seksta	N;ESS(SG)	sekście
seksta	N;INS(SG)	sekstą
seksta	N;NOM(SG)	seksta
seksta	N;GEN(PL)	sekstów
seksta	N;DAT(PL)	sekstom
seksta	N;VOC(SG)	seksto
seksta	N;ACC(PL)	sekstów
seksta	N;GEN(SG)	seksty
seksta	N;VOC(PL)	sekści
bocian	N;ESS(PL)	bocianach
bocian	N;INS(PL)	bocianami
bocian	N;GEN(SG)	bocianu
bocian	N;INS(SG)	bocianem
bocian	N;ESS(SG)	bocianie
bocian	N;NOM(SG)	bocian
bocian	N;DAT(PL)	bocianom
bocian	N;GEN(PL)	bocianów
bocian	N;ACC(PL)	bociany
bocian	N;VOC(PL)	bociany
trwanie	N;GEN(SG)	trwania
trwanie	N;ACC(SG)	trwanie
trwanie	N;NOM(SG)	trwanie
trwanie	N;DAT(SG)	trwaniu
trwanie	N;ESS(SG)	trwaniu
mrzeć	V;FUT;1;SG;FEM	będę mrzała
mrzeć	V;FUT;2;PL;MASC;HUM	będziecie mrzeli
mrzeć	V;FUT;2;PL	będziecie mrzały
mrzeć	V;FUT;3;SG;FEM	będzie mrzała
mrzeć	V;FUT;3;SG;NEUT	będzie mrzało
mrzeć	V;FUT;3;SG;MASC	będzie mrzał
mrzeć	V;FUT;1;PL;MASC;HUM	będziemy mrzeli
mrzeć	V.MSDR	mrzenie
mrzeć	V;COND;2;SG;FEM	mrzałabyś
mrzeć	V;PST;1;SG;FEM	mrzałam
mrzeć	V;PST;2;SG;FEM	mrzałaś
mrzeć	V;PST;3;SG;FEM	mrzała
mrzeć	V;COND;2;SG;MASC	mrzałbyś
mrzeć	V;COND;3;SG;MASC	mrzałby
mrzeć	V;PST;2;SG;MASC	mrzałeś
mrzeć	V;COND;2;PL;MASC;HUM	mrzelibyście
mrzeć	V;COND;1;PL;MASC;HUM	mrzelibyśmy
mrzeć	V;PST;3;SG;MASC	mrzał
mrzeć	V;COND;3;PL	mrzałyby
mrzeć	V;PST;1;PL	mrzałyśmy
mrzeć	V;PST;3;PL	mrzały
mrzeć	V.PTCP;PST;ACT;PL	mrzyce
mrzeć	V.PTCP;PST;ACT;SG;NEUT	mrzyce
mrzeć	V.CVB	mrzyc
mrzeć	V.PTCP;PST;ACT;PL;MASC;HUM	mrzycy
mrzeć	V.PTCP;PST;ACT;SG;MASC	mrzycy
mrzeć	V;PRS;2;PL	mrzecie
mrzeć	V;NFIN	mrzeć
mrzeć	V;PRS;1;PL	mrzymy
mrzeć	V;PRS;3;SG	mrzy
mrzeć	V;IMP;2;PL	mrzącie
mrzeć	V;IMP;2;SG	mrzą
mrzeć	V;IMP;3;PL	niech mrzy
mrzeć	V;IMP;3;SG	niech mrzy
oczopląs	N;ESS(PL)	oczopląsach
oczopląs	N;ACC(SG)	oczopląs
oczopląs	N;DAT(SG)	oczopląsowi
oczopląs	N;NOM(PL)	oczopląsy
przewodniczący	N;GEN(SG)	przewodniczący
przewodniczący	N;ACC(PL)	przewodniczący
przewodniczący	N;GEN(PL)	przewodniczącow
przewodniczący	N;DAT(PL)	przewodniczącam
przewodniczący	N;NOM(SG)	przewodniczący
przewodniczący	N;VOC(PL)	przewodniczące
mięczak	N;ESS(PL)	mięczakach
mięczak	N;INS(PL)	mięczakami
mięczak	N;ACC(SG)	mięczaka
mięczak	N;GEN(SG)	mięczaka
mięczak	N;INS(SG)	mięczakiem
mięczak	N;ACC(PL)	mięczaki
mięczak	N;NOM(PL)	mięczaki
mięczak	N;VOC(PL)	mięczaki
mięczak	N;NOM(SG)	mięczak
mięczak	N;DAT(SG)	mięczakowi
mięczak	N;GEN(PL)	mięczakow
nieodpowiedzialny	ADJ;NOM(SG,FEM)	nieodpowiedzialna
nieodpowiedzialny	ADJ;ACC(PL)	nieodpowiedzialne
nieodpowiedzialny	ADJ;ACC(SG,NEUT)	nieodpowiedzialne
nieodpowiedzialny	ADJ;NOM(SG,NEUT)	nieodpowiedzialne
nieodpowiedzialny	ADJ;NOM(PL)	nieodpowiedzialne
nieodpowiedzialny	ADJ;ACC(SG,MASC,ANIM)	nieodpowiedzialnego
nieodpowiedzialny	ADJ;GEN(SG,MASC)	nieodpowiedzialnego
nieodpowiedzialny	ADJ;ACC(SG,MASC,HUM)	nieodpowiedzialnego
nieodpowiedzialny	ADJ;DAT(SG,MASC)	nieodpowiedzialnemu
nieodpowiedzialny	ADJ;DAT(SG,NEUT)	nieodpowiedzialnemu
nieodpowiedzialny	ADJ;NOM(PL,MASC,HUM)	nieodpowiedzialni
nieodpowiedzialny	ADJ;NOM(SG,MASC)	nieodpowiedzialny
nieodpowiedzialny	ADJ;ACC(PL,MASC,HUM)	nieodpowiedzialnych
nieodpowiedzialny	ADJ;ESS(SG,NEUT)	nieodpowiedzialnym
nieodpowiedzialny	ADJ;INS(SG,NEUT)	nieodpowiedzialnym
nieodpowiedzialny	ADJ;INS(PL)	nieodpowiedzialnymi
szal	N;ESS(SG)	szalu
cyrk	N;INS(PL)	cyrkami
cyrk	N;INS(SG)	cyrkiem
cyrk	N;VOC(PL)	cyrki
cyrk	N;ACC(SG)	cyrk
cyrk	N;NOM(SG)	cyrk
cyrk	N;GEN(PL)	cyrków
cyrk	N;ESS(SG)	cyrku
cyrk	N;GEN(SG)	cyrku
cyrk	N;VOC(SG)	cyrku
najjaśniejszy	ADJ;NOM(PL,MASC,HUM)	najjaśniejsi
najjaśniejszy	ADJ;ACC(SG,FEM)	najjaśniejszą
najjaśniejszy	ADJ;NOM(SG,FEM)	najjaśniejsza
najjaśniejszy	ADJ;ACC(PL)	najjaśniejsze
najjaśniejszy	ADJ;NOM(PL)	najjaśniejsze
najjaśniejszy	ADJ;ACC(SG,MASC,ANIM)	najjaśniejszego
najjaśniejszy	ADJ;ESS(SG,FEM)	najjaśniejszej
najjaśniejszy	ADJ;GEN(SG,FEM)	najjaśniejszej
najjaśniejszy	ADJ;ESS(PL)	najjaśniejszych
najjaśniejszy	ADJ;GEN(PL)	najjaśniejszych
najjaśniejszy	ADJ;ACC(PL,MASC,HUM)	najjaśniejszych
najjaśniejszy	ADJ;ESS(SG,MASC)	najjaśniejszym
najjaśniejszy	ADJ;INS(SG,MASC)	najjaśniejszym
żeneta	N;DAT(SG)	żeneśe
żeneta	N;INS(PL)	żenetami
żeneta	N;INS(SG)	żenetu
żeneta	N;NOM(SG)	żeneta
żeneta	N;ACC(SG)	żenetu
żeneta	N;GEN(PL)	żenetow
żeneta	N;DAT(PL)	żenetam
żeneta	N;GEN(SG)	żenety
żeneta	N;NOM(PL)	żenety
żeneta	N;VOC(PL)	żeneci
waść	N;ESS(PL)	waściach
waść	N;INS(PL)	waściami
waść	N;ACC(PL)	waści
waść	N;ESS(SG)	waści
waść	N;GEN(SG)	waści
waść	N;VOC(PL)	waści
waść	N;VOC(SG)	waści
waść	N;NOM(SG)	waść
otwarte	ADJ;NOM(PL,MASC,HUM)	otwarti
otwarte	ADJ;INS(SG,FEM)	otwartą
otwarte	ADJ;NOM(SG,FEM)	otwarta
otwarte	ADJ;ACC(PL)	otwarte
otwarte	ADJ;NOM(SG,NEUT)	otwarte
otwarte	ADJ;GEN(SG,MASC)	otwartego
otwarte	ADJ;DAT(SG,FEM)	otwartej
otwarte	ADJ;ESS(SG,FEM)	otwartej
otwarte	ADJ;GEN(SG,FEM)	otwartej
otwarte	ADJ;DAT(SG,MASC)	otwartemu
otwarte	ADJ;DAT(SG,NEUT)	otwartemu
otwarte	ADJ;ACC(SG,MASC,INAN)	otwarty
otwarte	ADJ;NOM(SG,MASC)	otwarty
otwarte	ADJ;ESS(PL)	otwartych
otwarte	ADJ;INS(SG,MASC)	otwartym
otwarte	ADJ;ESS(SG,NEUT)	otwartym
otwarte	ADJ;INS(PL)	otwartymi
dłużnik	N;NOM(PL)	dłużniki
dłużnik	N;VOC(PL)	dłużniki
dłużnik	N;INS(PL)	dłużnikami
dłużnik	N;GEN(SG)	dłużnika
dłużnik	N;NOM(SG)	dłużnik
dłużnik	N;DAT(SG)	dłużnikowi
manicure	N;INS(PL)	manicurym
manicure	N;INS(SG)	manicurem
manicure	N;ACC(SG)	manicure
manicure	N;DAT(PL)	manicuremu
manicure	N;ACC(PL)	manicura
manicure	N;NOM(PL)	manicure
manicure	N;VOC(PL)	manicura
manicure	N;ESS(SG)	manicuru
sefardyjski	ADJ;NOM(PL,MASC,HUM)	sefardyjscy
sefardyjski	ADJ;ACC(SG,MASC,INAN)	sefardyjski
sefardyjski	ADJ;ACC(PL,MASC,HUM)	sefardyjskich
sefardyjski	ADJ;ACC(PL)	sefardyjskie
sefardyjski	ADJ;ACC(SG,MASC,ANIM)	sefardyjskiego
sefardyjski	ADJ;GEN(SG,MASC)	sefardyjskiego
sefardyjski	ADJ;ESS(SG,FEM)	sefardyjskiej
sefardyjski	ADJ;GEN(SG,FEM)	sefardyjskiej
sefardyjski	ADJ;DAT(SG,NEUT)	sefardyjskiemu
sefardyjski	ADJ;INS(SG,MASC)	sefardyjskim
sefardyjski	ADJ;ESS(SG,NEUT)	sefardyjskem
sefardyjski	ADJ;INS(SG,NEUT)	sefardyjskim
sefardyjski	ADJ;INS(PL)	sefardyjskimi
szynka	N;DAT(SG)	szynce
szynka	N;ESS(SG)	szynce
szynka	N;GEN(PL)	szynek
szynka	N;INS(PL)	szynkami
szynka	N;ACC(SG)	szynkę
szynka	N;GEN(SG)	szynki
szynka	N;DAT(PL)	szynkom
szynka	N;VOC(SG)	szynko
częstokół	N;ESS(PL)	częstokołach
częstokół	N;INS(PL)	częstokołami
częstokół	N;ESS(SG)	częstokole
częstokół	N;ACC(SG)	częstokół
tul	N;INS(SG)	tulom
tul	N;NOM(SG)	tul
tul	N;DAT(SG)	tuloju
tul	N;ESS(SG)	tulu
tul	N;VOC(SG)	tulu
ściana	N;INS(PL)	ścianami
ściana	N;NOM(SG)	ściana
ściana	N;ACC(SG)	ścianu
ściana	N;DAT(PL)	ścianam
ściana	N;VOC(SG)	ściano
ściana	N;ACC(PL)	ściany
ściana	N;VOC(PL)	ściany
barachło	N;GEN(PL)	barachłow
barachło	N;ESS(PL)	barachłach
barachło	N;GEN(SG)	barachła
barachło	N;NOM(PL)	barachła
barachło	N;VOC(PL)	barachła
barachło	N;NOM(SG)	barachło
barachło	N;VOC(SG)	barachło
barachło	N;DAT(SG)	barachłoju
czczy	ADJ;ACC(SG,FEM)	czczą
czczy	ADJ;NOM(SG,FEM)	czcza
czczy	ADJ;ACC(PL)	czcze
czczy	ADJ;ACC(SG,NEUT)	czcze
czczy	ADJ;NOM(PL)	czcze
czczy	ADJ;GEN(SG,MASC)	czczego
czczy	ADJ;ESS(SG,FEM)	czczej
czczy	ADJ;GEN(SG,FEM)	czczej
czczy	ADJ;NOM(PL,MASC,HUM)	czczy
czczy	ADJ;ACC(PL,MASC,HUM)	czczych
czczy	ADJ;INS(SG,MASC)	czczym
czczy	ADJ;INS(SG,NEUT)	czczym
czczy	ADJ;INS(PL)	czczymi
Indianin	N;ESS(PL)	Indianach
Indianin	N;NOM(PL)	Indianie
Indianin	N;ESS(SG)	Indianinie
Indianin	N;VOC(SG)	Indianinie
Indianin	N;NOM(SG)	Indianin
Indianin	N;DAT(SG)	Indianinowi
Indianin	N;ACC(PL)	Indianiny
hodowla	N;ESS(PL)	hodowlach
hodowla	N;INS(SG)	hodowlu
hodowla	N;NOM(SG)	hodowla
hodowla	N;NOM(PL)	hodowle
hodowla	N;DAT(SG)	hodowli
hodowla	N;ESS(SG)	hodowli
hodowla	N;GEN(SG)	hodowle
hodowla	N;DAT(PL)	hodowlam
pat	N;ESS(SG)	pacie
pat	N;VOC(SG)	pacie
pat	N;INS(PL)	patami
pat	N;ACC(SG)	pat
pat	N;NOM(SG)	pat
pat	N;DAT(SG)	patowi
pat	N;GEN(PL)	patów
pat	N;VOC(PL)	paty
ilustracja	N;ESS(PL)	ilustracjach
ilustracja	N;NOM(PL)	ilustracje
ilustracja	N;VOC(PL)	ilustracje
ilustracja	N;GEN(PL)	ilustracji
ilustracja	N;DAT(PL)	ilustracjom
ilustracja	N;VOC(SG)	ilustracjo
rachunek	N;ACC(SG)	rachunka
rachunek	N;NOM(SG)	rachunek
rachunek	N;ESS(PL)	rachunkach
rachunek	N;INS(SG)	rachunkiem
rachunek	N;NOM(PL)	rachunki
rachunek	N;DAT(SG)	rachunkowi
rachunek	N;GEN(PL)	rachunków
rachunek	N;ESS(SG)	rachunku
rachunek	N;VOC(SG)	rachunku
zimowy	ADJ;ACC(SG,FEM)	zimową
zimowy	ADJ;INS(SG,FEM)	zimową
zimowy	ADJ;NOM(SG,FEM)	zimowa
zimowy	ADJ;ACC(PL)	zimowe
zimowy	ADJ;ACC(SG,NEUT)	zimowe
zimowy	ADJ;ACC(SG,MASC,ANIM)	zimowego
zimowy	ADJ;ACC(SG,MASC,HUM)	zimowego
zimowy	ADJ;GEN(SG,NEUT)	zimowego
zimowy	ADJ;ESS(SG,FEM)	zimowej
zimowy	ADJ;DAT(SG,MASC)	zimowemu
zimowy	ADJ;ACC(SG,MASC,INAN)	zimowy
zimowy	ADJ;NOM(SG,MASC)	zimowy
zimowy	ADJ;GEN(PL)	zimowych
zimowy	ADJ;ACC(PL,MASC,HUM)	zimowych
zimowy	ADJ;DAT(PL)	zimowym
zimowy	ADJ;ESS(SG,MASC)	zimowym
zimowy	ADJ;INS(SG,MASC)	zimowym
ruten	N;INS(SG)	rutenem
ruten	N;ACC(SG)	ruten
chrabąszcz	N;ESS(PL)	chrabąszczach
chrabąszcz	N;INS(PL)	chrabąszczami
chrabąszcz	N;ACC(SG)	chrabąszcz
chrabąszcz	N;INS(SG)	chrabąszczem
chrabąszcz	N;ACC(PL)	chrabąszcze
chrabąszcz	N;NOM(PL)	chrabąszcze
chrabąszcz	N;DAT(PL)	chrabąszczom
chrabąszcz	N;DAT(SG)	chrabąszczowi
chrabąszcz	N;GEN(PL)	chrabąszczy
miara	N;INS(PL)	miarami
miara	N;ACC(SG)	miaru
miara	N;GEN(PL)	miarow
miara	N;DAT(PL)	miarom
miara	N;VOC(SG)	miaro
miara	N;ACC(PL)	miary
miara	N;VOC(PL)	miary
miara	N;DAT(SG)	miarze
dzieża	N;ESS(PL)	dzieżach
dzieża	N;INS(PL)	dzieżami
dzieża	N;INS(SG)	dzieżą
dzieża	N;NOM(PL)	dzieży
dzieża	N;VOC(PL)	dzieży
dzieża	N;DAT(PL)	dzieżam
dzieża	N;VOC(SG)	dzieżo
dzieża	N;ESS(SG)	dzieże
dzieża	N;GEN(SG)	dzieży
małpeczka	N;DAT(SG)	małpeczce
małpeczka	N;ESS(PL)	małpeczkach
małpeczka	N;INS(PL)	małpeczkami
małpeczka	N;VOC(PL)	małpeczki
małpeczka	N;DAT(PL)	małpeczkom
małpeczka	N;VOC(SG)	małpeczko
korona	N;ESS(PL)	koronach
korona	N;INS(SG)	koroną
korona	N;NOM(SG)	korona
korona	N;ACC(SG)	koronę
korona	N;ESS(SG)	koronie
korona	N;DAT(PL)	koronam
korona	N;VOC(SG)	korono
korona	N;ACC(PL)	korony
korona	N;GEN(SG)	korony
korona	N;VOC(PL)	korony
lipiec	N;GEN(SG)	lipca
lipiec	N;ACC(PL)	lipce
lipiec	N;NOM(PL)	lipce
lipiec	N;VOC(PL)	lipce
lipiec	N;DAT(PL)	lipcom
lipiec	N;GEN(PL)	lipców
lipiec	N;ACC(SG)	lipiec
lipiec	N;NOM(SG)	lipiec
zupa	N;INS(PL)	zupami
zupa	N;INS(SG)	zupu
zupa	N;NOM(SG)	zupa
zupa	N;ESS(SG)	zupje
zupa	N;GEN(PL)	zupow
zupa	N;VOC(SG)	zupo
zupa	N;ACC(PL)	zupy
zupa	N;NOM(PL)	zupy
miot	N;VOC(SG)	miocie
miot	N;ESS(PL)	miotach
miot	N;INS(PL)	miotami
miot	N;ACC(SG)	miota
miot	N;DAT(PL)	miotom
miot	N;DAT(SG)	miotowi
miot	N;GEN(SG)	miota
miot	N;ACC(PL)	mioty
miot	N;NOM(PL)	mioty
miot	N;VOC(PL)	mioty
plěś	V;PST;1;DU	plějachmej
plěś	V;PST;1;PL	plějachmy
plěś	V;PST;3;PL	plějachu
plěś	V;PST;2;SG	plějašo
plěś	V;PST;3;DU	plějaštej
plěś	V;PRS;1;PL	plějomy
plěś	V;PRS;2;DU	plějotej
plěś	V;PRS;3;SG	plě
plěś	V;IMP;2;PL	plěśo
plěś	V;IMP;2;DU	plějtej
cuś	V;PST;3;PL	cuchu
cuś	V;PST;1;SG	cuch
cuś	V;PST;2;PL	cušćo
cuś	V;PST;2;DU	cuštej
cuś	V;PST;3;DU	cuštej
cuś	V;PRS;1;DU	cujomej
cuś	V;PRS;2;PL	cjośo
cuś	V;PRS;3;DU	cujotej
cuś	V;PRS;3;SG	cujo
cuś	V;IMP;2;PL	cujśo
cuś	V;IMP;2;DU	cujtej
cuś	V;PRS;1;SG	cuju
gibanje	N;INS(PL)	gibanjami
gibanje	N;GEN(SG)	gibanja
gibanje	N;NOM(PL)	gibanja
gibanje	N;DAT(SG)	gibanjeju
gibanje	N;ACC(SG)	gibanje
gibanje	N;NOM(SG)	gibanje
gibanje	N;DAT(DU)	gibanjoma
gibanje	N;ESS(DU)	gibanjoma
gibanje	N;GEN(PL)	gibanjow
gibanje	N;ESS(SG)	gibanju
śańki	ADJ;NOM(SG,FEM)	śańka
śańki	ADJ;ACC(SG,NEUT)	śańke
śańki	ADJ;GEN(SG,NEUT)	śańkego
śańki	ADJ;DAT(SG,FEM)	śańkej
śańki	ADJ;NOM(DU)	śańkej
śańki	ADJ;INS(SG,FEM)	śańkeju
śańki	ADJ;DAT(SG,MASC)	śańkemu
śańki	ADJ;NOM(SG,MASC)	śańki
śańki	ADJ;ESS(PL)	śańkich
śańki	ADJ;GEN(PL)	śańkich
śańki	ADJ;DAT(DU)	śańkima
śańki	ADJ;ESS(DU)	śańkima
śańki	ADJ;INS(SG,MASC)	śańkim
cas	N;ESS(PL)	casach
cas	N;ACC(DU)	casa
cas	N;GEN(SG)	casu
cas	N;NOM(DU)	ca
cas	N;NOM(SG)	cas
cas	N;DAT(DU)	coma
cas	N;ESS(DU)	casoma
cas	N;INS(DU)	coma
cas	N;INS(SG)	casem
śichy	ADJ;ACC(SG,NEUT)	śiche
śichy	ADJ;ACC(PL,INAN)	śiche
śichy	ADJ;ACC(SG,MASC,ANIM)	śichego
śichy	ADJ;ACC(DU,INAN)	śichej
śichy	ADJ;DAT(SG,FEM)	śichej
śichy	ADJ;GEN(SG,FEM)	śicheje
śichy	ADJ;ACC(DU,ANIM)	śicheju
śichy	ADJ;ESS(SG,MASC)	śichem
śichy	ADJ;ESS(SG,NEUT)	śichem
śichy	ADJ;ACC(PL,ANIM)	śichych
śichy	ADJ;ESS(PL)	śichych
śichy	ADJ;ESS(DU)	śichyma
śichy	ADJ;INS(DU)	śichyma
śichy	ADJ;DAT(PL)	śichym
śichy	ADJ;INS(PL)	śichymi
gjardło	N;ACC(PL)	gjardła
gjardło	N;NOM(PL)	gjardła
gjardło	N;ESS(SG)	gjardle
gjardło	N;DAT(SG)	gjardłoju
gjardło	N;INS(SG)	gjardłom
gjardło	N;NOM(SG)	gjardło
gjardło	N;GEN(PL)	gjardłow
gjardło	N;GEN(DU)	gjardłowu
bóleś	V;PST;1;DU	bólechmej
bóleś	V;PST;3;PL	bólechu
bóleś	V;PST;1;SG	bólech
bóleś	V;PST;2;SG	bólešo
bóleś	V;PST;3;DU	bóleštej
bóleś	V;PRS;1;DU	bólimej
bóleś	V;PRS;2;PL	bóliśo
bóleś	V;PRS;2;DU	bólitej
bóleś	V;IMP;2;SG	bóldaj
kśiwy	ADJ;NOM(SG,FEM)	kśiwa
kśiwy	ADJ;ACC(SG,NEUT)	kśiwe
kśiwy	ADJ;NOM(SG,NEUT)	kśiwe
kśiwy	ADJ;ACC(SG,MASC,ANIM)	kśiwego
kśiwy	ADJ;GEN(SG,MASC)	kśiwego
kśiwy	ADJ;ACC(DU,INAN)	kśiwej
kśiwy	ADJ;ESS(SG,FEM)	kśiwej
kśiwy	ADJ;GEN(SG,FEM)	kśiwej
kśiwy	ADJ;ACC(DU,ANIM)	kśiweju
kśiwy	ADJ;GEN(DU)	kśiweju
kśiwy	ADJ;INS(SG,FEM)	kśiwą
kśiwy	ADJ;ESS(SG,NEUT)	kśiwym
kśiwy	ADJ;DAT(SG,MASC)	kśiwemu
kśiwy	ADJ;DAT(SG,NEUT)	kśiwemu
kśiwy	ADJ;ACC(SG,FEM)	kśiwą
kśiwy	ADJ;ACC(PL,ANIM)	kśiwych
kśiwy	ADJ;ESS(PL)	kśiwych
kśiwy	ADJ;INS(DU)	kśiwyma
kśiwy	ADJ;INS(PL)	kśiwymi
sykorka	N;ACC(DU)	sykorce
sykorka	N;INS(DU)	sykorkoma
sykorka	N;GEN(DU)	sykorkowu
sykorka	N;ACC(SG)	sykorkę
kawka	N;ACC(DU)	kawce
kawka	N;ESS(SG)	kawce
kawka	N;NOM(DU)	kawce
kawka	N;NOM(SG)	kawka
kawka	N;NOM(PL)	kawki
kawka	N;DAT(DU)	kawkoma
kawka	N;ESS(DU)	kawkoma
kawka	N;INS(DU)	kawkoma
kawka	N;INS(SG)	kawku
brona	N;INS(PL)	bronami
brona	N;ACC(DU)	bronje
brona	N;DAT(SG)	bronie
brona	N;NOM(DU)	bronje
brona	N;INS(DU)	bronoma
brona	N;GEN(PL)	bron
brona	N;INS(SG)	broną
wos	N;NOM(SG)	wos
gus	N;ESS(PL)	gusach
gus	N;INS(PL)	gusami
gus	N;DAT(PL)	gusom
gus	N;NOM(SG)	gus
gus	N;ESS(DU)	gusoma
gus	N;ACC(DU)	gusa
gus	N;DAT(SG)	gusowi
gus	N;ESS(SG)	gusie
gus	N;GEN(SG)	gusa
gus	N;NOM(PL)	gusy
wodka	N;ESS(SG)	wodce
bydlenje	N;NOM(DU)	bydleni
bydlenje	N;INS(PL)	bydlenjami
bydlenje	N;NOM(PL)	bydlenja
bydlenje	N;DAT(SG)	bydlenjeju
bydlenje	N;ACC(SG)	bydlenje
bydlenje	N;DAT(DU)	bydlenjoma
bydlenje	N;INS(DU)	bydlenjoma
bydlenje	N;GEN(PL)	bydlenjow
bydlenje	N;GEN(DU)	bydlenjowu
gotowy	ADJ;ACC(DU,ANIM)	gotoweju
bobr	N;ESS(PL)	bobrach
bobr	N;DAT(PL)	bobrom
bobr	N;GEN(SG)	bobra
bobr	N;NOM(SG)	bobr
bobr	N;ESS(DU)	bobroma
bobr	N;INS(DU)	bobroma
bobr	N;INS(SG)	bobrem
bobr	N;GEN(DU)	bobrowu
bobr	N;ACC(PL)	bobry
bobr	N;NOM(PL)	bobry
kupadło	N;INS(PL)	kupadłami
kupadło	N;DAT(PL)	kupadłom
kupadło	N;ACC(PL)	kupadła
kupadło	N;GEN(SG)	kupadła
kupadło	N;NOM(PL)	kupadła
kupadło	N;DAT(DU)	kupadłoma
kupadło	N;ESS(DU)	kupadłoma
kupadło	N;INS(SG)	kupadłem
kupadło	N;ACC(SG)	kupadło
kupadło	N;NOM(SG)	kupadło
kupadło	N;GEN(PL)	kupadłow
kupadło	N;GEN(DU)	kupadłowu
mech	N;ESS(SG)	mchu
módry	ADJ;GEN(PL)	módrych
jež	N;ESS(PL)	ježach
jež	N;INS(PL)	ježami
jež	N;DAT(PL)	ježam
jež	N;ACC(SG)	jež
jež	N;GEN(SG)	ježy
jež	N;NOM(DU)	ježy
jež	N;DAT(SG)	ježoju
jež	N;DAT(DU)	ježoma
jež	N;ESS(DU)	ježoma
jež	N;INS(SG)	ježu
jež	N;ESS(SG)	ježy
mjod	N;ESS(PL)	mjodach
mjod	N;GEN(SG)	mjoda
mjod	N;NOM(SG)	mjod
mjod	N;DAT(DU)	mjodoma
mjod	N;GEN(DU)	mjodowu
mjod	N;ACC(PL)	mjody
elektrikaŕ	N;INS(PL)	elektrikarjami
elektrikaŕ	N;ACC(SG)	elektrikarja
elektrikaŕ	N;ACC(PL)	elektrikarje
elektrikaŕ	N;NOM(PL)	elektrikarje
elektrikaŕ	N;ACC(DU)	elektrikarjowu
elektrikaŕ	N;GEN(DU)	elektrikarjowu
elektrikaŕ	N;NOM(SG)	elektrikaŕ
lubowaś	V;PST;1;PL	lubowachmy
lubowaś	V;PST;2;SG	lubowašo
lubowaś	V;PRS;1;PL	lubujomy
lubowaś	V;PRS;2;PL	lubujośo
lubowaś	V;PRS;2;SG	lubujoš
lubowaś	V;PRS;2;DU	lubujotej
lubowaś	V;PRS;3;SG	lubujo
lubowaś	V;IMP;2;PL	lubujśo
lubowaś	V;PRS;1;SG	lubuju
syty	ADJ;NOM(PL)	syte
syty	ADJ;GEN(SG,MASC)	sytego
syty	ADJ;GEN(SG,NEUT)	sytego
syty	ADJ;ACC(DU,INAN)	sytej
syty	ADJ;DAT(SG,FEM)	sytej
syty	ADJ;ESS(SG,FEM)	sytej
syty	ADJ;ACC(DU,ANIM)	syteju
syty	ADJ;INS(SG,FEM)	sytą
syty	ADJ;ESS(SG,MASC)	sytym
syty	ADJ;ESS(SG,NEUT)	sytym
syty	ADJ;DAT(SG,MASC)	sytemu
syty	ADJ;ACC(SG,MASC,INAN)	syty
syty	ADJ;ACC(PL,ANIM)	sytych
syty	ADJ;GEN(PL)	sytych
syty	ADJ;DAT(DU)	sytyma
syty	ADJ;ESS(DU)	sytyma
syty	ADJ;INS(PL)	sytymi
kazń	N;ACC(DU)	kaznja
kazń	N;ACC(PL)	kaznje
kazń	N;NOM(DU)	kaznja
kazń	N;GEN(PL)	kaznjow
kazń	N;ACC(SG)	kazń
kazń	N;NOM(SG)	kazń
chory	ADJ;ACC(DU,INAN)	chorej
minutka	N;ACC(DU)	minutce
minutka	N;NOM(DU)	minutce
minutka	N;ESS(PL)	minutkach
minutka	N;INS(PL)	minutkami
minutka	N;ACC(PL)	minutki
minutka	N;NOM(PL)	minutki
minutka	N;GEN(PL)	minutkow
minutka	N;GEN(DU)	minutkowu
minutka	N;INS(SG)	minutku
łono	N;INS(PL)	łonami
łono	N;GEN(SG)	łona
łono	N;ACC(DU)	łonje
łono	N;ESS(SG)	łonie
łono	N;NOM(DU)	łonje
łono	N;DAT(DU)	łonoma
łono	N;INS(SG)	łonem
łono	N;ACC(SG)	łono
powrjoz	N;ESS(PL)	powrjozach
powrjoz	N;INS(PL)	powrjozami
powrjoz	N;GEN(SG)	powrjoza
powrjoz	N;NOM(DU)	powrjoza
powrjoz	N;ACC(PL)	powrjoze
powrjoz	N;ACC(SG)	powrjoz
powrjoz	N;NOM(SG)	powrjoz
powrjoz	N;DAT(SG)	powrjozoju
powrjoz	N;DAT(DU)	powrjozoma
powrjoz	N;ESS(DU)	powrjozoma
powrjoz	N;INS(DU)	powrjozoma
powrjoz	N;INS(SG)	powrjozom
powrjoz	N;GEN(PL)	powrjozow
powrjoz	N;ESS(SG)	powrjozu
morjo	N;GEN(PL)	morjow
kócka	N;NOM(SG)	kócka
pólack	N;DAT(PL)	pólackam
syry	ADJ;NOM(SG,NEUT)	syre
syry	ADJ;NOM(PL)	syre
syry	ADJ;ACC(SG,MASC,ANIM)	syrego
syry	ADJ;GEN(SG,NEUT)	syrego
syry	ADJ;ACC(DU,INAN)	syrej
syry	ADJ;DAT(SG,FEM)	syrej
syry	ADJ;NOM(DU)	syrej
syry	ADJ;INS(SG,FEM)	syreju
syry	ADJ;ESS(SG,NEUT)	syrem
syry	ADJ;ACC(SG,FEM)	syru
syry	ADJ;ACC(SG,MASC,INAN)	syry
syry	ADJ;ACC(PL,ANIM)	syrych
syry	ADJ;ESS(PL)	syrych
syry	ADJ;DAT(DU)	syryma
syry	ADJ;ESS(DU)	syryma
syry	ADJ;INS(DU)	syryma
syry	ADJ;INS(PL)	syrymi
crjowo	N;ESS(PL)	crjowach
crjowo	N;DAT(PL)	crjowam
crjowo	N;ACC(PL)	crjowa
crjowo	N;GEN(SG)	crjowa
crjowo	N;ACC(DU)	crjowje
crjowo	N;ESS(DU)	crjowoma
crjowo	N;INS(SG)	crjowom
crjowo	N;ACC(SG)	crjowo
crjowo	N;GEN(DU)	crjowowu
wós	N;NOM(PL)	wóse
wusmjerśowaś	V;PST;3;PL	wusmjerśowachu
wusmjerśowaś	V;PST;2;PL	wusmjerśowašćo
wusmjerśowaś	V;PST;2;SG	wusmjerśowašo
wusmjerśowaś	V;PST;3;SG	wusmjerśowašo
wusmjerśowaś	V;PST;2;DU	wusmjerśowaštej
wusmjerśowaś	V;PST;3;DU	wusmjerśowaštej
wusmjerśowaś	V;PRS;1;DU	wusmjerśujomej
wusmjerśowaś	V;PRS;2;SG	wusmjerśujoš
wusmjerśowaś	V;IMP;2;DU	wusmjerśujtej
wusmjerśowaś	V;PRS;1;SG	wusmjerśuju
znamje	N;NOM(PL)	znamjenja
znamje	N;DAT(DU)	znamjenjoma
znamje	N;GEN(PL)	znamjenjow
znamje	N;GEN(DU)	znamjenjowu
znamje	N;ESS(SG)	znamjenju
wósoba	N;ESS(PL)	wósobach
wósoba	N;DAT(PL)	wósobam
wósoba	N;NOM(SG)	wósoba
wósoba	N;ACC(DU)	wósob́e
wósoba	N;ESS(SG)	wósob́e
wósoba	N;INS(DU)	wósoboma
wósoba	N;GEN(DU)	wósobowu
wósoba	N;INS(SG)	wósobu
wósoba	N;ACC(PL)	wósoby
złoty	ADJ;ACC(PL,INAN)	złote
złoty	ADJ;NOM(PL)	złote
złoty	ADJ;ACC(SG,MASC,ANIM)	złotego
złoty	ADJ;GEN(SG,MASC)	złotego
złoty	ADJ;DAT(SG,FEM)	złotej
złoty	ADJ;NOM(DU)	złotej
złoty	ADJ;GEN(SG,FEM)	złoteje
złoty	ADJ;ACC(DU,ANIM)	złoteju
złoty	ADJ;INS(SG,FEM)	złoteju
złoty	ADJ;DAT(SG,MASC)	złotemu
złoty	ADJ;ACC(SG,MASC,INAN)	złoty
złoty	ADJ;ESS(DU)	złotyma
złoty	ADJ;INS(DU)	złotyma
złoty	ADJ;INS(SG,MASC)	złotym
złoty	ADJ;INS(SG,NEUT)	złotym
módry	ADJ;INS(DU)	módryma
kóza	N;ACC(DU)	kózy
garba	N;INS(PL)	garbami
garba	N;DAT(PL)	garbam
garba	N;NOM(SG)	garba
garba	N;ACC(DU)	garb́e
garba	N;DAT(SG)	garbje
garba	N;ESS(SG)	garbje
garba	N;ESS(DU)	garboma
garba	N;INS(DU)	garboma
garba	N;GEN(SG)	garby
polo	N;DAT(DU)	poloma
módry	ADJ;DAT(SG,MASC)	módremu
źaržaś	V;PST;1;DU	źaržachmej
źaržaś	V;PST;1;SG	źaržach
źaržaś	V;PST;2;DU	źaržaštej
źaržaś	V;PST;3;DU	źaržaštej
źaržaś	V;IMP;2;SG	źarž
źaržaś	V;PRS;1;SG	źaržym
źaržaś	V;PRS;1;PL	źaržymy
źaržaś	V;PRS;2;PL	źaržyśo
źaržaś	V;PRS;2;DU	źaržytej
źaržaś	V;PRS;3;DU	źaržytej
wjas	N;ESS(PL)	wsach
wjas	N;DAT(DU)	wsoma
wjas	N;INS(DU)	wsoma
wjas	N;INS(SG)	wsom
wjas	N;DAT(SG)	wsoju
wjas	N;ESS(SG)	wjasie
wjas	N;NOM(PL)	wjase
woda	N;NOM(SG)	woda
mola	N;GEN(PL)	mol
wugoŕ	N;ESS(PL)	wugorjach
wugoŕ	N;ACC(SG)	wugorja
wugoŕ	N;ACC(PL)	wugorje
wugoŕ	N;NOM(PL)	wugorje
wugoŕ	N;DAT(DU)	wugorjoma
wugoŕ	N;ESS(DU)	wugorjoma
wugoŕ	N;ACC(DU)	wugorjowu
wugoŕ	N;GEN(DU)	wugorjowu
wugoŕ	N;NOM(SG)	wugoŕ
njebjo	N;NOM(DU)	njebji
njebjo	N;ESS(PL)	njebjach
njebjo	N;ACC(PL)	njebja
njebjo	N;GEN(SG)	njebja
njebjo	N;NOM(PL)	njebja
njebjo	N;DAT(SG)	njebjoju
njebjo	N;ESS(DU)	njebjoma
njebjo	N;INS(DU)	njebjoma
njebjo	N;ACC(SG)	njebjo
njebjo	N;GEN(DU)	njebjowu
njebjo	N;ESS(SG)	njebju
fotografowaś	V;PST;1;PL	fotografowachmy
fotografowaś	V;PST;3;PL	fotografowachu
fotografowaś	V;PST;1;SG	fotografowach
fotografowaś	V;PST;3;SG	fotografowašo
fotografowaś	V;PRS;1;DU	fotografujomej
fotografowaś	V;PRS;2;SG	fotografujoš
fotografowaś	V;PRS;3;DU	fotografujotej
fotografowaś	V;PRS;3;SG	fotografujo
fotografowaś	V;IMP;2;DU	fotografujtej
lažčejšy	ADJ;ACC(PL,INAN)	lažčejše
lažčejšy	ADJ;DAT(SG,FEM)	lažčejšej
lažčejšy	ADJ;NOM(DU)	lažčejšej
lažčejšy	ADJ;GEN(SG,FEM)	lažčejšeje
lažčejšy	ADJ;ACC(DU,ANIM)	lažčejšeju
lažčejšy	ADJ;INS(SG,FEM)	lažčejšeju
lažčejšy	ADJ;ESS(SG,MASC)	lažčejšem
lažčejšy	ADJ;ESS(SG,NEUT)	lažčejšem
lažčejšy	ADJ;DAT(SG,NEUT)	lažčejšemu
lažčejšy	ADJ;ACC(SG,MASC,INAN)	lažčejšy
lažčejšy	ADJ;NOM(SG,MASC)	lažčejšy
lažčejšy	ADJ;ACC(PL,ANIM)	lažčejšych
lažčejšy	ADJ;DAT(DU)	lažčejšyma
lažčejšy	ADJ;INS(SG,MASC)	lažčejšym
lažčejšy	ADJ;INS(SG,NEUT)	lažčejšym
lažčejšy	ADJ;INS(PL)	lažčejšymi
běły	ADJ;ACC(PL,INAN)	běłe
běły	ADJ;NOM(SG,NEUT)	běłe
běły	ADJ;NOM(PL)	běłe
běły	ADJ;ESS(SG,FEM)	běłej
běły	ADJ;NOM(DU)	běłej
běły	ADJ;GEN(SG,FEM)	běłeje
běły	ADJ;ACC(DU,ANIM)	běłeju
běły	ADJ;DAT(SG,NEUT)	běłemu
běły	ADJ;ACC(SG,MASC,INAN)	běły
běły	ADJ;ACC(PL,ANIM)	běłych
běły	ADJ;ESS(PL)	běłych
běły	ADJ;DAT(DU)	běłyma
běły	ADJ;INS(DU)	běłyma
běły	ADJ;INS(SG,MASC)	běłym
běły	ADJ;INS(SG,NEUT)	běłym
pśigótowaś	V;PST;1;PL	pśigótowachmy
pśigótowaś	V;PST;1;SG	pśigótowach
pśigótowaś	V;PST;2;PL	pśigótowašćo
pśigótowaś	V;PST;2;SG	pśigótowašo
pśigótowaś	V;PRS;1;PL	pśigótujomy
pśigótowaś	V;PRS;2;DU	pśigótujotej
pśigótowaś	V;PRS;3;DU	pśigótujotej
pśigótowaś	V;IMP;2;PL	pśigótujśo
pśigótowaś	V;IMP;2;DU	pśigótujtej
pśigótowaś	V;PRS;3;PL	pśigótuju
radijo	N;NOM(PL)	radija
radijo	N;ACC(DU)	radiji
radijo	N;DAT(SG)	radijoju
radijo	N;DAT(DU)	radijoma
radijo	N;NOM(SG)	radijo
radijo	N;GEN(PL)	radijow
wucabnica	N;ESS(PL)	wucabnicach
wucabnica	N;GEN(SG)	wucabnice
wucabnica	N;NOM(PL)	wucabnice
wucabnica	N;GEN(PL)	wucabnicow
wucabnica	N;GEN(DU)	wucabnicowu
wucabnica	N;INS(SG)	wucabnicu
wucabnica	N;ESS(SG)	wucabnicy
wucabnica	N;NOM(DU)	wucabnicy
mačka	N;ACC(DU)	mačce
mačka	N;ESS(SG)	mačce
mačka	N;NOM(DU)	mačce
mačka	N;ESS(PL)	mačkach
mačka	N;INS(PL)	mačkami
mačka	N;ACC(PL)	mački
mačka	N;GEN(SG)	mački
mačka	N;ESS(DU)	mačkoma
mačka	N;GEN(PL)	mačk
mačka	N;GEN(DU)	mačkowu
mačka	N;ACC(SG)	mačkę
kocka	N;DAT(SG)	kocce
modry	ADJ;DAT(PL)	modrym
žyś	V;PST;1;DU	žychmej
žyś	V;PST;1;SG	žyjach
žyś	V;PST;3;SG	žy
žyś	V;PST;3;DU	žyštej
žyś	V;PRS;1;DU	žyjomej
žyś	V;PRS;1;PL	žyjomy
žyś	V;PRS;2;PL	žyjośo
žyś	V;PRS;3;SG	žyjo
žyś	V;PRS;3;PL	žyju
nocka	N;ESS(PL)	nockach
nocka	N;ACC(PL)	nocki
nocka	N;NOM(PL)	nocki
nocka	N;DAT(DU)	nockoma
nocka	N;GEN(DU)	nockowu
chory	ADJ;ESS(DU)	choryma
nož	N;ESS(PL)	nožach
nož	N;DAT(PL)	nožam
nož	N;GEN(SG)	noža
nož	N;ACC(PL)	nožy
nož	N;NOM(SG)	nož
nož	N;DAT(SG)	nožoju
nož	N;INS(SG)	nožom
nož	N;GEN(DU)	nožowu
nož	N;ESS(SG)	nožu
drozn	N;ACC(SG)	drozn
drozn	N;GEN(SG)	droznu
drozn	N;ESS(SG)	droznie
drozn	N;DAT(SG)	droznowi
drozn	N;INS(DU)	droznoma
drozn	N;INS(SG)	droznem
drozn	N;GEN(DU)	droznowu
drozn	N;NOM(PL)	drozny
modry	ADJ;GEN(PL)	modrych
kóza	N;GEN(PL)	kózow
babka	N;DAT(SG)	babce
babka	N;ESS(SG)	babce
babka	N;DAT(PL)	babkom
babka	N;ACC(PL)	babki
babka	N;DAT(DU)	babkoma
babka	N;GEN(PL)	babk
babka	N;GEN(DU)	babkowu
babka	N;INS(SG)	babką
wiki	N;GEN(PL)	wikow
student	N;ESS(PL)	studentach
student	N;INS(PL)	studentami
student	N;ACC(SG)	studenta
student	N;ESS(DU)	studentoma
student	N;INS(DU)	studentoma
student	N;INS(SG)	studentom
student	N;GEN(PL)	studentów
student	N;ACC(DU)	studentowu
student	N;GEN(DU)	studentowu
zeger	N;ACC(DU)	zegerowu
zeger	N;NOM(DU)	zegera
zeger	N;ESS(SG)	zegerze
zeger	N;DAT(SG)	zegerowi
zeger	N;DAT(DU)	zegeroma
zeger	N;ESS(DU)	zegeroma
zeger	N;GEN(DU)	zegerowu
módry	ADJ;NOM(DU)	módrej
korespondentka	N;ACC(DU)	korespondentce
korespondentka	N;NOM(DU)	korespondentce
korespondentka	N;INS(PL)	korespondentkami
korespondentka	N;DAT(PL)	korespondentkam
korespondentka	N;GEN(SG)	korespondentki
korespondentka	N;NOM(PL)	korespondentki
korespondentka	N;GEN(PL)	korespondentkow
korespondentka	N;GEN(DU)	korespondentkowu
korespondentka	N;INS(SG)	korespondentku
modry	ADJ;GEN(SG,MASC)	modrego
móla	N;INS(PL)	mólami
pólo	N;DAT(DU)	póloma
bósučki	ADJ;NOM(SG,FEM)	bósučka
bósučki	ADJ;ACC(SG,NEUT)	bósučke
bósučki	ADJ;NOM(PL)	bósučke
bósučki	ADJ;ACC(SG,MASC,ANIM)	bósučkiego
bósučki	ADJ;GEN(SG,MASC)	bósučkiego
bósučki	ADJ;DAT(SG,FEM)	bósučkej
bósučki	ADJ;ACC(DU,ANIM)	bósučkeju
bósučki	ADJ;GEN(DU)	bósučkeju
bósučki	ADJ;ACC(SG,MASC,INAN)	bósučki
bósučki	ADJ;ESS(PL)	bósučkich
bósučki	ADJ;DAT(DU)	bósučkima
bósučki	ADJ;INS(DU)	bósučkima
bósučki	ADJ;INS(SG,NEUT)	bósučkim
bósučki	ADJ;INS(PL)	bósučkimi
bósučki	ADJ;ACC(SG,FEM)	bósučku
modry	ADJ;GEN(SG,NEUT)	modrego
zły	ADJ;NOM(SG,FEM)	zła
zły	ADJ;ACC(SG,NEUT)	złe
zły	ADJ;NOM(PL)	złe
zły	ADJ;GEN(SG,MASC)	złego
zły	ADJ;GEN(SG,NEUT)	złego
zły	ADJ;INS(SG,FEM)	złeju
zły	ADJ;ESS(SG,MASC)	złem
zły	ADJ;DAT(SG,MASC)	złemu
zły	ADJ;ACC(SG,FEM)	złą
zły	ADJ;ACC(SG,MASC,INAN)	zły
zły	ADJ;NOM(SG,MASC)	zły
zły	ADJ;GEN(PL)	złych
zły	ADJ;DAT(DU)	złyma
zły	ADJ;INS(PL)	złymi
rěka	N;DAT(SG)	rěce
rěka	N;ESS(SG)	rěce
rěka	N;ESS(PL)	rěkach
rěka	N;DAT(PL)	rěkom
rěka	N;GEN(SG)	rěki
rěka	N;INS(DU)	rěkoma
rěka	N;GEN(PL)	rěk
rěka	N;GEN(DU)	rěkowu
rěka	N;ACC(SG)	rěkę
rěka	N;INS(SG)	rěką
chyliś	V;PST;1;DU	chylachmej
chyliś	V;PST;2;DU	chylaštej
chyliś	V;PST;3;DU	chylaštej
chyliś	V;PRS;1;DU	chylimej
chyliś	V;PRS;1;SG	chylim
chyliś	V;PRS;2;PL	chyliśo
chyliś	V;IMP;2;PL	chyliśo
chyliś	V;IMP;2;DU	chylitej
reagěrowaś	V;PST;1;PL	reagěrowachmy
reagěrowaś	V;PST;2;PL	reagěrowašćo
reagěrowaś	V;PST;2;SG	reagěrowašo
reagěrowaś	V;PST;3;SG	reagěrowašo
reagěrowaś	V;PRS;3;DU	reagěrujotej
reagěrowaś	V;PRS;3;SG	reagěrujo
reagěrowaś	V;IMP;2;PL	reagěrujśo
reagěrowaś	V;IMP;2;DU	reagěrujtej
wos	N;INS(DU)	wosoma
paśpula	N;ESS(PL)	paśpulach
paśpula	N;INS(PL)	paśpulami
paśpula	N;ACC(PL)	paśpule
paśpula	N;NOM(PL)	paśpule
paśpula	N;ACC(DU)	paśpuli
paśpula	N;ESS(SG)	paśpuli
paśpula	N;ESS(DU)	paśpuloma
paśpula	N;INS(DU)	paśpuloma
paśpula	N;GEN(DU)	paśpulowu
paśpula	N;ACC(SG)	paśpulu
paśpula	N;INS(SG)	paśpulu
mól	N;INS(PL)	mólami
pěta	N;ACC(DU)	pěśe
pěta	N;ESS(PL)	pětach
pěta	N;DAT(PL)	pětom
pěta	N;NOM(SG)	pěta
pěta	N;DAT(DU)	pětoma
pěta	N;ESS(DU)	pětoma
pěta	N;INS(DU)	pětoma
pěta	N;ACC(SG)	pětę
pěta	N;INS(SG)	pětą
gotowy	ADJ;NOM(SG,MASC)	gotowy
serbiski	ADJ;ACC(SG,NEUT)	serbiske
serbiski	ADJ;ACC(PL,INAN)	serbiske
serbiski	ADJ;ACC(SG,MASC,ANIM)	serbiskego
serbiski	ADJ;GEN(SG,NEUT)	serbiskego
serbiski	ADJ;DAT(SG,FEM)	serbiskej
serbiski	ADJ;NOM(DU)	serbiskej
serbiski	ADJ;GEN(SG,FEM)	serbiskeje
serbiski	ADJ;GEN(DU)	serbiskeju
serbiski	ADJ;ESS(SG,MASC)	serbiskem
serbiski	ADJ;ESS(SG,NEUT)	serbiskem
serbiski	ADJ;ACC(SG,MASC,INAN)	serbiski
serbiski	ADJ;DAT(DU)	serbiskima
serbiski	ADJ;DAT(PL)	serbiskim
serbiski	ADJ;INS(SG,NEUT)	serbiskim
ryba	N;INS(PL)	rybami
ryba	N;DAT(PL)	rybam
ryba	N;NOM(SG)	ryba
ryba	N;DAT(SG)	rybje
ryba	N;ESS(SG)	rybje
ryba	N;NOM(DU)	rybje
ryba	N;DAT(DU)	ryboma
ryba	N;ESS(DU)	ryboma
ryba	N;ACC(SG)	rybu
ryba	N;ACC(PL)	ryby
ryba	N;GEN(SG)	ryby
banana	N;ESS(PL)	bananach
banana	N;INS(PL)	bananami
banana	N;NOM(SG)	banana
banana	N;NOM(DU)	bananje
banana	N;GEN(DU)	bananowu
banana	N;ACC(SG)	bananu
banana	N;INS(SG)	bananą
banana	N;ACC(PL)	banany
banana	N;NOM(PL)	banany
koń	N;ACC(PL)	konje
wjasć	V;PRS;3;PL	wjasją
wjasć	V;IMP;2;PL	wjazćo
wjasć	V;PST;1;DU	wjaźechmej
wjasć	V;PST;1;SG	wjasćech
wjasć	V;PST;2;PL	wjaźešćo
wjasć	V;PST;3;SG	wjasćešo
wjasć	V;PST;2;DU	wjaźeštej
wjasć	V;PST;3;DU	wjasćeštej
wjasć	V;PRS;1;DU	wjasćomej
wjasć	V;PRS;1;PL	wjaźomy
wjasć	V;PRS;2;SG	wjaźoš
wjasć	V;PRS;2;DU	wjasćotej
wjasć	V;PRS;3;DU	wjaźotej
wjasć	V;IMP;2;SG	wjas
bok	N;ESS(PL)	bokach
bok	N;INS(PL)	bokami
bok	N;GEN(SG)	boku
bok	N;ACC(PL)	boki
bok	N;ACC(SG)	bok
bok	N;ESS(DU)	bokoma
bok	N;INS(DU)	bokoma
bok	N;INS(SG)	bokiem
bok	N;ESS(SG)	boku
pólack	N;ACC(PL)	pólacki
měsćański	ADJ;ACC(PL,INAN)	měsćańske
měsćański	ADJ;NOM(SG,NEUT)	měsćańskie
měsćański	ADJ;NOM(PL)	měsćańskie
měsćański	ADJ;ACC(SG,MASC,ANIM)	měsćańskiego
měsćański	ADJ;ACC(DU,INAN)	měsćańskej
měsćański	ADJ;DAT(SG,FEM)	měsćańskiej
měsćański	ADJ;ACC(DU,ANIM)	měsćańskeju
měsćański	ADJ;ESS(SG,MASC)	měsćańskim
měsćański	ADJ;ESS(SG,NEUT)	měsćańskim
měsćański	ADJ;DAT(SG,NEUT)	měsćańskiemu
měsćański	ADJ;ACC(SG,MASC,INAN)	měsćański
měsćański	ADJ;NOM(SG,MASC)	měsćański
měsćański	ADJ;ESS(PL)	měsćańskich
měsćański	ADJ;DAT(DU)	měsćańskima
měsćański	ADJ;DAT(PL)	měsćańskim
měsćański	ADJ;INS(SG,NEUT)	měsćańskim
měsćański	ADJ;INS(PL)	měsćańskimi
měsćański	ADJ;ACC(SG,FEM)	měsćańską
spański	ADJ;NOM(SG,FEM)	spańska
spański	ADJ;NOM(SG,NEUT)	spańskie
spański	ADJ;ACC(SG,MASC,ANIM)	spańskiego
spański	ADJ;GEN(SG,NEUT)	spańskiego
spański	ADJ;DAT(SG,FEM)	spańskiej
spański	ADJ;ESS(SG,FEM)	spańskiej
spański	ADJ;GEN(DU)	spańskeju
spański	ADJ;INS(SG,FEM)	spańską
spański	ADJ;ESS(SG,MASC)	spańskim
spański	ADJ;DAT(SG,MASC)	spańskiemu
spański	ADJ;NOM(SG,MASC)	spański
spański	ADJ;ACC(PL,ANIM)	spańskich
spański	ADJ;ESS(DU)	spańskima
spański	ADJ;ACC(SG,FEM)	spańską
pólo	N;ACC(PL)	póla
měso	N;ESS(PL)	měsach
měso	N;INS(SG)	měsom
měso	N;ACC(SG)	měso
měso	N;NOM(SG)	měso
měso	N;GEN(PL)	měsow
měso	N;NOM(DU)	měsy
brod	N;ESS(PL)	brodach
brod	N;ACC(DU)	broda
brod	N;NOM(SG)	brod
brod	N;ACC(PL)	brody
brod	N;NOM(PL)	brody
alofon	N;ESS(PL)	alofonach
alofon	N;DAT(PL)	alofonom
alofon	N;GEN(SG)	alofonu
alofon	N;ESS(SG)	alofonie
alofon	N;DAT(SG)	alofonowi
alofon	N;ESS(DU)	alofonoma
alofon	N;INS(DU)	alofonoma
alofon	N;GEN(PL)	alofonów
alofon	N;GEN(DU)	alofonowu
alofon	N;ACC(PL)	alofony
alofon	N;NOM(PL)	alofony
strowiś	V;PRS;1;DU	strowimej
strowiś	V;PRS;1;SG	strowim
strowiś	V;PRS;1;PL	strowimy
strowiś	V;PRS;3;DU	strowitej
strowiś	V;PST;2;PL	strowjašćo
strowiś	V;PST;2;SG	strowjašo
strowiś	V;PST;3;SG	strowjašo
strowiś	V;PRS;3;PL	strowje
strowiś	V;IMP;2;PL	strowśo
strowiś	V;IMP;2;DU	strowtej
strowiś	V;IMP;2;SG	strow
kót	N;INS(PL)	kotami
tśmjeń	N;DAT(PL)	tśmjenjam
tśmjeń	N;ACC(DU)	tśmjenja
tśmjeń	N;GEN(SG)	tśmjenja
tśmjeń	N;NOM(PL)	tśmjenje
tśmjeń	N;DAT(DU)	tśmjenjoma
tśmjeń	N;INS(DU)	tśmjenjoma
tśmjeń	N;INS(SG)	tśmjenjom
tśmjeń	N;GEN(PL)	tśmjenjow
tśmjeń	N;ESS(SG)	tśmjenju
tśmjeń	N;NOM(SG)	tśmjeń
domk	N;ACC(DU)	domka
domk	N;GEN(SG)	domka
domk	N;ACC(PL)	domki
domk	N;ACC(SG)	domk
domk	N;NOM(SG)	domk
domk	N;DAT(DU)	domkoma
domk	N;ESS(DU)	domkoma
domk	N;ESS(SG)	domku
kwas	N;DAT(PL)	kwasom
kwas	N;ACC(DU)	kwasa
kwas	N;NOM(PL)	kwase
kwas	N;ACC(SG)	kwas
kwas	N;DAT(SG)	kwasoju
kwas	N;ESS(DU)	kwasoma
kwas	N;INS(DU)	kwoma
kwas	N;GEN(DU)	kwasowu
zeleny	ADJ;NOM(SG,FEM)	zelena
zeleny	ADJ;ACC(SG,NEUT)	zelene
zeleny	ADJ;NOM(SG,NEUT)	zelene
zeleny	ADJ;NOM(PL)	zelene
zeleny	ADJ;GEN(SG,MASC)	zelenego
zeleny	ADJ;GEN(SG,NEUT)	zelenego
zeleny	ADJ;ACC(DU,INAN)	zelenej
zeleny	ADJ;GEN(SG,FEM)	zelenej
zeleny	ADJ;ACC(DU,ANIM)	zeleneju
zeleny	ADJ;INS(SG,FEM)	zeleneju
zeleny	ADJ;ESS(SG,MASC)	zelenym
zeleny	ADJ;DAT(SG,NEUT)	zelenemu
zeleny	ADJ;ACC(PL,ANIM)	zelenych
zeleny	ADJ;GEN(PL)	zelenych
zeleny	ADJ;DAT(DU)	zelenyma
zeleny	ADJ;ESS(DU)	zelenyma
zeleny	ADJ;INS(DU)	zelenyma
zeleny	ADJ;INS(SG,MASC)	zelenym
zeleny	ADJ;INS(PL)	zelenymi
sadło	N;INS(PL)	sadłami
sadło	N;GEN(SG)	sadła
sadło	N;NOM(DU)	sadle
sadło	N;DAT(SG)	sadłoju
sadło	N;DAT(DU)	sadłoma
sadło	N;ESS(DU)	sadłoma
sadło	N;NOM(SG)	sadło
sadło	N;GEN(PL)	sadłow
sobota	N;ACC(DU)	sobośe
sobota	N;ESS(SG)	sobośe
sobota	N;ESS(PL)	sobotach
sobota	N;DAT(PL)	sobotam
sobota	N;NOM(SG)	sobota
sobota	N;ESS(DU)	sobotoma
sobota	N;GEN(PL)	sobotow
sobota	N;GEN(DU)	sobotowu
sobota	N;INS(SG)	sobotu
sobota	N;ACC(PL)	sobota
sobota	N;GEN(SG)	soboty
sobota	N;NOM(PL)	sobota
rjobło	N;ACC(PL)	rjobła
rjobło	N;GEN(SG)	rjobła
rjobło	N;NOM(PL)	rjobła
rjobło	N;ESS(SG)	rjoble
rjobło	N;NOM(DU)	rjoble
rjobło	N;DAT(SG)	rjobłu
rjobło	N;INS(DU)	rjobłoma
rjobło	N;INS(SG)	rjobłem
rjobło	N;GEN(DU)	rjobłowu
pówětš	N;ESS(PL)	pówětšach
pówětš	N;INS(PL)	pówětšami
pówětš	N;DAT(PL)	pówětšam
pówětš	N;GEN(SG)	pówětša
pówětš	N;NOM(DU)	pówětša
pówětš	N;ACC(SG)	pówětš
pówětš	N;NOM(SG)	pówětš
pówětš	N;DAT(DU)	pówětšoma
pówětš	N;ESS(DU)	pówětšoma
pówětš	N;INS(DU)	pówětšoma
pówětš	N;INS(SG)	pówětšom
pówětš	N;GEN(PL)	pówětšow
pówětš	N;NOM(PL)	pówětšy
mjeńšy	ADJ;NOM(SG,FEM)	mjeńša
mjeńšy	ADJ;ACC(SG,NEUT)	mjeńše
mjeńšy	ADJ;NOM(SG,NEUT)	mjeńše
mjeńšy	ADJ;NOM(PL)	mjeńše
mjeńšy	ADJ;ACC(SG,MASC,ANIM)	mjeńšego
mjeńšy	ADJ;GEN(SG,MASC)	mjeńšego
mjeńšy	ADJ;GEN(SG,NEUT)	mjeńšego
mjeńšy	ADJ;ACC(DU,INAN)	mjeńšej
mjeńšy	ADJ;GEN(DU)	mjeńšeju
mjeńšy	ADJ;DAT(SG,MASC)	mjeńšemu
mjeńšy	ADJ;DAT(SG,NEUT)	mjeńšemu
mjeńšy	ADJ;ESS(DU)	mjeńšyma
mjeńšy	ADJ;INS(PL)	mjeńšymi
wjapś	N;DAT(PL)	wjapśam
wjapś	N;NOM(DU)	wjapśa
wjapś	N;ACC(PL)	wjapśi
wjapś	N;NOM(SG)	wjapś
wjapś	N;DAT(DU)	wjapśoma
wjapś	N;INS(SG)	wjapsiem
wjapś	N;ESS(SG)	wjapśu
rjemjeń	N;INS(PL)	rjemjenjami
rjemjeń	N;ACC(DU)	rjemjenja
rjemjeń	N;NOM(DU)	rjemjenja
rjemjeń	N;ACC(PL)	rjemjenje
rjemjeń	N;DAT(DU)	rjemjenjoma
rjemjeń	N;GEN(PL)	rjemjenjow
cysty	ADJ;NOM(SG,FEM)	cysta
cysty	ADJ;ACC(PL,INAN)	cyste
cysty	ADJ;NOM(SG,NEUT)	cyste
cysty	ADJ;ACC(SG,MASC,ANIM)	cystego
cysty	ADJ;GEN(SG,MASC)	cystego
cysty	ADJ;DAT(SG,FEM)	cystej
cysty	ADJ;ESS(SG,FEM)	cystej
cysty	ADJ;ACC(DU,ANIM)	cysteju
cysty	ADJ;GEN(DU)	cysteju
cysty	ADJ;ESS(SG,MASC)	cystym
cysty	ADJ;DAT(SG,NEUT)	cystemu
cysty	ADJ;ESS(PL)	cystych
cysty	ADJ;DAT(PL)	cystym
cysty	ADJ;INS(SG,MASC)	cystym
cysty	ADJ;INS(PL)	cystymi
pólo	N;DAT(PL)	pólam
kóń	N;INS(PL)	kónjami
grod	N;INS(PL)	grodami
grod	N;ACC(DU)	groda
grod	N;DAT(DU)	grodoma
grod	N;INS(SG)	grodom
grod	N;GEN(PL)	grodow
grod	N;GEN(DU)	grodowu
grod	N;ACC(PL)	grody
grod	N;NOM(PL)	grody
grod	N;ESS(SG)	groźe
granica	N;INS(PL)	granicami
granica	N;NOM(SG)	granica
granica	N;GEN(SG)	granice
granica	N;NOM(PL)	granice
granica	N;ESS(DU)	granicoma
granica	N;INS(DU)	granicoma
granica	N;GEN(PL)	granicow
granica	N;GEN(DU)	granicowu
granica	N;ACC(SG)	granicu
smjaś	V;PST;1;DU	smjachmej
smjaś	V;PST;3;PL	smjachu
smjaś	V;PST;1;SG	smjach
smjaś	V;PST;2;PL	smjašćo
smjaś	V;PST;2;SG	smjašo
smjaś	V;PST;2;DU	smjaštej
smjaś	V;PST;3;DU	smjaštej
smjaś	V;PRS;1;PL	smjmy
smjaś	V;PRS;3;DU	smjatej
smjaś	V;IMP;2;DU	smjtej
lěwy	ADJ;NOM(SG,NEUT)	lěwe
lěwy	ADJ;NOM(PL)	lěwe
lěwy	ADJ;ACC(SG,MASC,ANIM)	lěwego
lěwy	ADJ;ACC(DU,INAN)	lěwej
lěwy	ADJ;DAT(SG,FEM)	lěwej
lěwy	ADJ;ESS(SG,FEM)	lěwej
lěwy	ADJ;NOM(DU)	lěwej
lěwy	ADJ;ACC(DU,ANIM)	lěweju
lěwy	ADJ;GEN(DU)	lěweju
lěwy	ADJ;DAT(SG,MASC)	lěwemu
lěwy	ADJ;ACC(SG,MASC,INAN)	lěwy
lěwy	ADJ;ESS(DU)	lěwyma
lěwy	ADJ;DAT(PL)	lěwym
lěwy	ADJ;INS(SG,MASC)	lěwym
lěwy	ADJ;INS(PL)	lěwymi
jabłuko	N;ACC(DU)	jabłuce
jabłuko	N;ESS(PL)	jabłukach
jabłuko	N;DAT(PL)	jabłukom
jabłuko	N;GEN(SG)	jabłuka
jabłuko	N;DAT(SG)	jabłukoju
jabłuko	N;DAT(DU)	jabłukoma
jabłuko	N;ESS(DU)	jabłukoma
jabłuko	N;INS(SG)	jabłukiem
jabłuko	N;NOM(SG)	jabłuko
jabłuko	N;GEN(PL)	jabłuek
jabłuko	N;GEN(DU)	jabłukowu
kos	N;NOM(PL)	kosy
wałtora	N;DAT(PL)	wałtoram
wałtora	N;NOM(SG)	wałtora
wałtora	N;ACC(DU)	wałtorje
wałtora	N;ESS(SG)	wałtorze
wałtora	N;INS(DU)	wałtoroma
wałtora	N;GEN(DU)	wałtorowu
wałtora	N;INS(SG)	wałtoru
wałtora	N;ACC(PL)	wałtory
wałtora	N;GEN(SG)	wałtory
wósk	N;DAT(DU)	wóskoma
płot	N;ESS(SG)	płocie
płot	N;ESS(PL)	płotach
płot	N;INS(PL)	płotami
płot	N;DAT(PL)	płotom
płot	N;GEN(SG)	płota
płot	N;NOM(DU)	płota
płot	N;NOM(SG)	płot
płot	N;DAT(DU)	płotoma
płot	N;INS(DU)	płotoma
płot	N;INS(SG)	płotem
płot	N;NOM(PL)	płoty
módry	ADJ;NOM(SG,MASC)	módry
maś	N;ACC(DU)	maśi
maś	N;INS(PL)	maśami
maś	N;DAT(PL)	maśam
maś	N;GEN(SG)	maśa
maś	N;DAT(DU)	maśoma
maś	N;INS(DU)	maśoma
maś	N;GEN(PL)	masiów
maś	N;INS(SG)	masiem
spóraś	V;PST;1;DU	spórachmej
spóraś	V;PST;1;SG	spójerjech
spóraś	V;IMP;2;PL	spórajśo
spóraś	V;PRS;3;PL	spójeru
spóraś	V;IMP;2;SG	spójeŕ
spóraś	V;PRS;1;SG	spóram
spóraś	V;PRS;1;PL	spóramy
spóraś	V;PST;2;PL	spórašćo
spóraś	V;PRS;2;PL	spójerjośo
spóraś	V;PRS;2;DU	spóratej
spóraś	V;PRS;3;DU	spóratej
spóraś	V;PST;2;SG	spórašo
spóraś	V;PST;3;SG	spórašo
słoma	N;ESS(PL)	słomach
słoma	N;ACC(DU)	słomje
słoma	N;ESS(SG)	słomje
słoma	N;GEN(PL)	słomow
słoma	N;GEN(DU)	słomowu
słoma	N;INS(SG)	słomu
słoma	N;ACC(PL)	słomy
słoma	N;GEN(SG)	słomy
wójca	N;ESS(PL)	wójcach
wójca	N;ACC(PL)	wójce
wójca	N;GEN(SG)	wójce
wójca	N;GEN(DU)	wójcowu
wójca	N;ACC(DU)	wójcy
wójca	N;DAT(SG)	wójcy
serp	N;GEN(SG)	serpa
serp	N;ACC(SG)	serp
serp	N;DAT(DU)	serpjoma
serp	N;ESS(DU)	serpjoma
serp	N;INS(DU)	serpoma
serp	N;ACC(PL)	serpy
serp	N;NOM(PL)	serpy
njasć	V;PST;3;SG	njasćešo
njasć	V;PST;2;DU	njaźeštej
njasć	V;PRS;1;DU	njasćomej
njasć	V;PRS;3;SG	njasćo
njasć	V;IMP;2;DU	njaztej
njasć	V;IMP;2;SG	njas
damast	N;ESS(PL)	damastach
damast	N;INS(PL)	damastami
damast	N;ACC(DU)	damastowu
damast	N;GEN(SG)	damasta
damast	N;NOM(DU)	damasta
damast	N;NOM(SG)	damast
damast	N;ESS(DU)	damastoma
damast	N;GEN(PL)	damastow
damast	N;ACC(PL)	damasty
damast	N;NOM(PL)	damasty
modry	ADJ;DAT(SG,FEM)	modrej
ulieváreň	N;ESS(SG,FEM)	ulieváreň
ulieváreň	N;GEN(SG,FEM)	ulieváreň
obsaditeľný	ADJ;GEN(SG,MASC,ANIM)	obsaditeľného
obsaditeľný	ADJ;SPRL;NOM(SG,FEM)	najobsaditeľnejšia
obsaditeľný	ADJ;SPRL;DAT(PL,MASC,ANIM)	najobsaditeľnejším
obsaditeľný	ADJ;NOM(SG,MASC,ANIM)	obsaditeľný
obsaditeľný	ADJ;VOC(SG,NEUT)	obsaditeľné
obsaditeľný	ADJ;ACC(PL,FEM)	obsaditeľné
obsaditeľný	ADJ;CMPR;DAT(SG,MASC,ANIM)	obsaditeľnejšiemu
obsaditeľný	ADJ;SPRL;DAT(SG,MASC,INAN)	nejobsaditeľnejšiemu
obsaditeľný	ADJ;DAT(PL,FEM)	obsaditeľným
obsaditeľný	ADJ;SPRL;INS(PL,MASC,ANIM)	nejobsaditeľnejšími
obsaditeľný	ADJ;CMPR;INS(PL,MASC,INAN)	obsaditeľnejšími
obsaditeľný	ADJ;CMPR;INS(PL,NEUT)	obsaditeľnejšími
obsaditeľný	ADJ;SPRL;INS(PL,FEM)	nejobsaditeľnejšími
obsaditeľný	ADJ;CMPR;INS(SG,FEM)	obsaditeľnejšou
obsaditeľný	ADJ;VOC(PL,MASC,ANIM)	obsaditeľní
obsaditeľný	ADJ;SPRL;GEN(PL,MASC,ANIM)	nejobsaditeľnejších
obsaditeľný	ADJ;SPRL;ACC(PL,MASC,ANIM)	nejobsaditeľnejších
obsaditeľný	ADJ;CMPR;ESS(PL,MASC,INAN)	obsaditeľnejších
obsaditeľný	ADJ;SPRL;ESS(PL,MASC,INAN)	nejobsaditeľnejších
obsaditeľný	ADJ;SPRL;GEN(PL,NEUT)	nejobsaditeľnejších
obsaditeľný	ADJ;SPRL;GEN(PL,FEM)	nejobsaditeľnejších
obsaditeľný	ADJ;SPRL;NOM(SG,MASC,ANIM)	nejobsaditeľnejší
obsaditeľný	ADJ;CMPR;ACC(SG,MASC,INAN)	obsaditeľnejší
obsaditeľný	ADJ;CMPR;VOC(SG,MASC,INAN)	obsaditeľnejší
obsaditeľný	ADJ;SPRL;VOC(SG,MASC,INAN)	nejobsaditeľnejší
obsaditeľný	ADJ;SPRL;NOM(PL,MASC,ANIM)	najobsaditeľnejší
obsaditeľný	ADJ;CMPR;ACC(PL,MASC,INAN)	obsaditeľnejšie
obsaditeľný	ADJ;SPRL;ACC(PL,MASC,INAN)	nejobsaditeľnejšie
obsaditeľný	ADJ;SPRL;NOM(SG,NEUT)	nejobsaditeľnejšie
obsaditeľný	ADJ;CMPR;VOC(SG,NEUT)	obsaditeľnejšie
obsaditeľný	ADJ;SPRL;VOC(SG,NEUT)	najobsaditeľnejšie
obsaditeľný	ADJ;CMPR;ACC(PL,NEUT)	obsaditeľnejšie
obsaditeľný	ADJ;CMPR;NOM(PL,FEM)	obsaditeľnejšie
obsaditeľný	ADJ;SPRL;NOM(PL,FEM)	nejobsaditeľnejšie
obsaditeľný	ADJ;CMPR;VOC(PL,FEM)	obsaditeľnejšie
obsaditeľný	ADJ;ESS(PL,MASC,ANIM)	obsaditeľných
obsaditeľný	ADJ;GEN(PL,MASC,INAN)	obsaditeľných
obsaditeľný	ADJ;ESS(PL,MASC,INAN)	obsaditeľných
obsaditeľný	ADJ;GEN(PL,NEUT)	obsaditeľných
obsaditeľný	ADJ;GEN(PL,FEM)	obsaditeľných
obsaditeľný	ADJ;CMPR;ESS(SG,FEM)	obsaditeľnejšej
obsaditeľný	ADJ;SPRL;ACC(SG,MASC,ANIM)	nejobsaditeľnejšieho
obsaditeľný	ADJ;SPRL;GEN(SG,MASC,INAN)	nejobsaditeľnejšieho
obsaditeľný	ADJ;CMPR;GEN(SG,NEUT)	obsaditeľnejšieho
obsaditeľný	ADJ;SPRL;GEN(SG,NEUT)	nejobsaditeľnejšieho
obsaditeľný	ADJ;DAT(SG,MASC,INAN)	obsaditeľnému
uzátvorkovane	ADV;SPRL	nejneuzátvorkovanejšie
prebrusujúci	ADJ;GEN(SG,MASC,INAN)	prebrusujúceho
prebrusujúci	ADJ;NOM(PL,MASC,INAN)	prebrusujúce
prebrusujúci	ADJ;ACC(PL,MASC,INAN)	prebrusujúce
prebrusujúci	ADJ;VOC(PL,MASC,INAN)	prebrusujúce
prebrusujúci	ADJ;ACC(PL,FEM)	prebrusujúce
prebrusujúci	ADJ;DAT(PL,MASC,INAN)	prebrusujúcim
prebrusujúci	ADJ;INS(SG,NEUT)	prebrusujúcim
prebrusujúci	ADJ;NOM(SG,FEM)	prebrusujúca
prebrusujúci	ADJ;VOC(SG,FEM)	prebrusujúca
prebrusujúci	ADJ;DAT(SG,FEM)	prebrusujúcej
prebrusujúci	ADJ;ACC(SG,MASC,INAN)	prebrusujúci
prebrusujúci	ADJ;VOC(SG,MASC,INAN)	prebrusujúci
prebrusujúci	ADJ;GEN(PL,NEUT)	prebrusujúcich
prebrusujúci	ADJ;ESS(PL,FEM)	prebrusujúcich
prebrusujúci	ADJ;DAT(SG,MASC,INAN)	prebrusujúcemu
prebrusujúci	ADJ;DAT(SG,NEUT)	prebrusujúcemu
vnukateľne	ADV;CMPR	vnukateľnejšie
odvodeninovo	ADV;SPRL	nejneodvodeninovejšie
karhací	ADJ;NOM(SG,FEM)	karhacia
karhací	ADJ;ACC(SG,FEM)	karhaciu
karhací	ADJ;ACC(PL,MASC,ANIM)	karhacích
karhací	ADJ;ESS(PL,MASC,ANIM)	karhacích
karhací	ADJ;ESS(PL,NEUT)	karhacích
karhací	ADJ;GEN(PL,FEM)	karhacích
karhací	ADJ;ESS(PL,FEM)	karhacích
karhací	ADJ;GEN(SG,MASC,ANIM)	karhacího
karhací	ADJ;GEN(SG,NEUT)	karhacieho
karhací	ADJ;DAT(SG,FEM)	karhací
karhací	ADJ;NOM(PL,MASC,INAN)	karhacie
karhací	ADJ;ACC(PL,MASC,INAN)	karhací
karhací	ADJ;ACC(PL,NEUT)	karhacie
karhací	ADJ;DAT(SG,MASC,ANIM)	karhacímu
karhací	ADJ;INS(PL,MASC,INAN)	karhacími
karhací	ADJ;INS(PL,NEUT)	karhacími
karhací	ADJ;INS(SG,MASC,ANIM)	karhacím
karhací	ADJ;INS(SG,MASC,INAN)	karhacím
pribúdavať	V.PTCP;PASS;IPFV;ACC;NOM(3,SG,FEM)	pribúdavanú
pribúdavať	V;PRS;IND;PFV;2;SG	pribúdavaš
pribúdavať	V.PTCP;PASS;NEG;IPFV;NOM;NOM(3,PL,NEUT)	nepribúdavané
pribúdavať	V.PTCP;PASS;NEG;PFV;NOM;NOM(3,PL,NEUT)	nepribúdavané
pribúdavať	V.PTCP;PASS;PFV;NOM;NOM(3,PL,MASC,INAN)	pribúdavané
pribúdavať	V;FUT;IND;NEG;IPFV;2;SG	nebudeš pribúdavať
pribúdavať	V;FUT;IND;IPFV;3;SG	bude pribúdavať
pribúdavať	V;FUT;IND;NEG;IPFV;3;SG	nebude pribúdavať
pribúdavať	V;FUT;IND;NEG;IPFV;1;PL	nebudeme pribúdavať
pribúdavať	V;FUT;IND;NEG;IPFV;2;PL	nebudete pribúdavať
pribúdavať	V;FUT;IND;IPFV;3;PL	budú pribúdavať
pribúdavať	V;PRS;IND;NEG;PFV;2;SG	nepribúdavaš
pribúdavať	V;PRS;IND;NEG;IPFV;2;PL	nepribúdavate
pribúdavať	V;COND;PST;NEG;IPFV;3;PL;MASC;ANIM	neboli by pribúdavali
pribúdavať	V;COND;PST;NEG;IPFV;1;PL;MASC;ANIM	neboli by sme pribúdavali
pribúdavať	V;PST;IND;NEG;PFV;2;PL;MASC;ANIM	nepribúdavali ste
pribúdavať	V;COND;PRS;NEG;PFV;1;PL;MASC;ANIM	nepribúdavali by sme
pribúdavať	V;COND;PRS;NEG;PFV;2;PL;MASC;ANIM	nepribúdavali by ste
pribúdavať	V;PST;IND;NEG;IPFV;1;PL;MASC;INAN	nepribúdavali sme
pribúdavať	V;PST;IND;NEG;IPFV;2;PL;MASC;INAN	nepribúdavali ste
pribúdavať	V;COND;PRS;NEG;IPFV;2;PL;MASC;INAN	nepribúdavali by ste
pribúdavať	V;COND;PST;NEG;IPFV;3;PL;MASC;INAN	neboli by pribúdavali
pribúdavať	V;COND;PST;NEG;IPFV;1;PL;MASC;INAN	neboli by sme pribúdavali
pribúdavať	V;COND;PRS;NEG;PFV;1;PL;MASC;INAN	nepribúdavali by sme
pribúdavať	V;COND;PST;NEG;PFV;1;PL;MASC;INAN	neboli by sme pribúdavali
pribúdavať	V;PST;IND;NEG;IPFV;2;PL;FEM	nepribúdavali ste
pribúdavať	V;PST;IND;NEG;PFV;1;PL;FEM	nepribúdavali sme
pribúdavať	V;COND;PRS;NEG;PFV;1;PL;FEM	nepribúdavali by sme
pribúdavať	V;PST;IND;NEG;IPFV;2;PL;NEUT	nepribúdavali ste
pribúdavať	V;COND;PRS;NEG;IPFV;2;PL;NEUT	nepribúdavali by ste
pribúdavať	V;COND;PST;NEG;IPFV;3;PL;NEUT	nebyla by pribúdavali
pribúdavať	V;COND;PST;NEG;IPFV;2;PL;NEUT	neboli by ste pribúdavali
pribúdavať	V;COND;PRS;NEG;PFV;3;PL;NEUT	nepribúdavali by
pribúdavať	V;COND;PST;NEG;PFV;1;PL;NEUT	neboli by sme pribúdavali
pribúdavať	V;PST;IND;IPFV;2;SG;MASC	pribúdaval si
pribúdavať	V;COND;PST;IPFV;3;SG;MASC	bol by pribúdaval
pribúdavať	V;COND;PRS;PFV;3;SG;MASC	pribúdaval by podupávaval
pribúdavať	V;COND;PRS;PFV;1;SG;MASC	pribúdaval by som podupávaval
pribúdavať	V;COND;PST;PFV;3;SG;MASC	bol by pribúdaval
pribúdavať	V;NFIN;NEG;IPFV	nepribúdavať
pribúdavať	V.PTCP;PASS;IPFV;NOM;NOM(3,PL,MASC,ANIM)	pribúdavaní
pribúdavať	V.PTCP;PASS;PFV;NOM;NOM(3,PL,MASC,ANIM)	pribúdavaní
pribúdavať	V.PTCP;PASS;PFV;NOM;NOM(3,PL,FEM)	pribúdavané
pribúdavať	V;COND;PRS;IPFV;1;SG;NEUT	pribúdavalo by som zmaterializoval
pribúdavať	V;COND;PRS;IPFV;2;SG;NEUT	pribúdavalo by si podupovávali
pribúdavať	V;COND;PST;IPFV;3;SG;NEUT	bolo by pribúdavalo
pribúdavať	V;PST;IND;IPFV;1;SG;FEM	pribúdavala som
pribúdavať	V;PST;IND;IPFV;2;SG;FEM	pribúdavala si
pribúdavať	V;COND;PRS;IPFV;3;SG;FEM	pribúdavala by podupávaval
pribúdavať	V;COND;PRS;IPFV;2;SG;FEM	pribúdavala by si zlinearizovával
pribúdavať	V;COND;PST;IPFV;3;SG;FEM	bola by pribúdavala
pribúdavať	V;PST;IND;PFV;3;SG;FEM	pribúdavala
pribúdavať	V;COND;PRS;PFV;3;SG;FEM	pribúdavala by hierarchizovávala
pribúdavať	V;COND;PST;PFV;1;SG;FEM	bola by som pribúdavala
pribúdavať	V;PRS;IND;NEG;IPFV;3;SG	nepribúdava
pribúdavať	V;PRS;IND;NEG;PFV;3;SG	nepribúdava
pribúdavať	V;PST;IND;IPFV;1;PL;MASC;ANIM	pribúdavali sme
pribúdavať	V;COND;PRS;IPFV;2;PL;MASC;ANIM	pribúdavali by ste
pribúdavať	V;PST;IND;PFV;3;PL;MASC;ANIM	pribúdavali
pribúdavať	V;PST;IND;IPFV;3;PL;MASC;INAN	pribúdavali
pribúdavať	V;PST;IND;IPFV;1;PL;MASC;INAN	pribúdavali sme
pribúdavať	V;COND;PST;IPFV;3;PL;MASC;INAN	boli by pribúdavali
pribúdavať	V;COND;PST;IPFV;2;PL;MASC;INAN	boli by ste pribúdavali
pribúdavať	V;PST;IND;PFV;1;PL;MASC;INAN	pribúdavali sme
pribúdavať	V;PST;IND;IPFV;3;PL;FEM	pribúdavali
pribúdavať	V;PST;IND;IPFV;1;PL;FEM	pribúdavali sme
pribúdavať	V;PST;IND;PFV;3;PL;FEM	pribúdavali
pribúdavať	V;COND;PRS;PFV;3;PL;FEM	pribúdavali by
pribúdavať	V;COND;PST;PFV;3;PL;FEM	boli by pribúdavali
pribúdavať	V;PST;IND;IPFV;2;PL;NEUT	pribúdavali ste
pribúdavať	V;COND;PRS;IPFV;1;PL;NEUT	pribúdavali by sme
pribúdavať	V;COND;PST;IPFV;3;PL;NEUT	boli by pribúdavali
pribúdavať	V;PST;IND;PFV;2;PL;NEUT	pribúdavali ste
pribúdavať	V;COND;PRS;PFV;1;PL;NEUT	pribúdavali by sme
pribúdavať	V;COND;PST;PFV;3;PL;NEUT	boli by pribúdavali
pribúdavať	V;PRS;IND;IPFV;2;PL	pribúdavate
pribúdavať	V.PTCP;PASS;NEG;IPFV;NOM;NOM(3,PL,MASC,INAN)	nepribúdavané
pribúdavať	V;PST;IND;NEG;IPFV;2;SG;NEUT	nepribúdavalo si
pribúdavať	V;COND;PRS;NEG;PFV;3;SG;NEUT	nepribúdavalo
pribúdavať	V;COND;PRS;NEG;PFV;1;SG;NEUT	nepribúdavalo by som podupávavalo
pribúdavať	V;COND;PRS;NEG;PFV;2;SG;NEUT	nepribúdavalo by si odzátvorkúvalo
pribúdavať	V.PTCP;PASS;NEG;PFV;NOM;NOM(3,SG,MASC,INAN)	nepribúdavaný
pribúdavať	V.PTCP;PASS;IPFV;NOM;NOM(3,SG,MASC,ANIM)	pribúdavaný
pribúdavať	V.PTCP;PASS;PFV;NOM;NOM(3,SG,MASC,INAN)	pribúdavaný
pribúdavať	V;PRS;IND;NEG;IPFV;1;PL	nepribúdavame
pribúdavať	V;PRS;IND;PFV;1;SG	pribúdavam
pribúdavať	V.PTCP;PASS;IPFV;NOM;NOM(3,SG,NEUT)	pribúdavané
pribúdavať	V.PTCP;PASS;PFV;NOM;NOM(3,SG,FEM)	pribúdavaná
pribúdavať	V;COND;PRS;NEG;IPFV;1;SG;MASC	nepribúdaval by som podupávavali
pribúdavať	V;COND;PRS;NEG;IPFV;2;SG;MASC	nepribúdaval by si vymanévrovávali
pribúdavať	V;COND;PRS;NEG;PFV;1;SG;MASC	nepribúdaval by som vyzradzovával
pribúdavať	V;PST;IND;NEG;IPFV;2;SG;FEM	nepribúdavala si
pribúdavať	V;COND;PRS;NEG;IPFV;2;SG;FEM	nepribúdavalo
pribúdavať	V;PST;IND;NEG;PFV;1;SG;FEM	nepribúdavala som
pribúdavať	V;PRS;IND;PFV;3;PL	pribúdavajú
dvojčiarkovanosť	N;GEN(PL,FEM)	dvojčiarkovaností
dvojčiarkovanosť	N;DAT(SG,FEM)	dvojčiarkovanosti
dvojčiarkovanosť	N;VOC(PL,FEM)	dvojčiarkovanosti
dvojčiarkovanosť	N;DAT(PL,FEM)	dvojčiarkovanostiam
vymodelovávanie	N;GEN(PL,NEUT)	vymodelovávaní
vymodelovávanie	N;GEN(SG,NEUT)	vymodelovávania
vymodelovávanie	N;ACC(PL,NEUT)	vymodelovávania
vymodelovávanie	N;ESS(PL,NEUT)	vymodelovávaniach
vymodelovávanie	N;INS(PL,NEUT)	vymodelovávaniami
vymodelovávanie	N;ACC(SG,NEUT)	vymodelovávanie
pokutene	ADV	pokutene
pokutene	ADV;CMPR	pokutenejšie
abstinúvane	ADV;CMPR	abstinúvanejšie
zmaškrtene	ADV;CMPR	zmaškrtenejšie
zmaškrtene	ADV;CMPR	zmaškrtenejšie
primiešavavajúci	ADJ;ACC(SG,MASC,ANIM)	primiešavavajúceho
primiešavavajúci	ADJ;ACC(PL,MASC,INAN)	primiešavavajúce
primiešavavajúci	ADJ;NOM(PL,FEM)	primiešavavajúce
primiešavavajúci	ADJ;ACC(PL,FEM)	primiešavavajúce
primiešavavajúci	ADJ;INS(PL,MASC,INAN)	primiešavavajúcimi
primiešavavajúci	ADJ;INS(PL,FEM)	primiešavavajúcimi
primiešavavajúci	ADJ;INS(SG,MASC,INAN)	primiešavavajúcim
primiešavavajúci	ADJ;DAT(PL,NEUT)	primiešavavajúcim
primiešavavajúci	ADJ;ACC(SG,FEM)	primiešavavajúcu
primiešavavajúci	ADJ;NOM(SG,FEM)	primiešavavajúca
primiešavavajúci	ADJ;DAT(SG,FEM)	primiešavavajúcej
primiešavavajúci	ADJ;ESS(SG,FEM)	primiešavavajúcej
primiešavavajúci	ADJ;NOM(SG,MASC,ANIM)	primiešavavajúci
primiešavavajúci	ADJ;VOC(SG,MASC,ANIM)	primiešavavajúci
primiešavavajúci	ADJ;VOC(SG,MASC,INAN)	primiešavavajúci
primiešavavajúci	ADJ;GEN(PL,MASC,INAN)	primiešavavajúcich
primiešavavajúci	ADJ;DAT(SG,MASC,INAN)	primiešavavajúcemu
odstránkúvanie	N;GEN(SG,NEUT)	odstránkúvania
odstránkúvanie	N;VOC(PL,NEUT)	odstránkúvania
odstránkúvanie	N;DAT(SG,NEUT)	odstránkúvaniu
podliehane	ADV	podliehane
podliehane	ADV;CMPR	podliehanejšie
podliehane	ADV;SPRL	nejnepodliehanejšie
turbovrtuľový	ADJ;VOC(PL,MASC,INAN)	turbovrtuľové
turbovrtuľový	ADJ;NOM(SG,NEUT)	turbovrtuľové
turbovrtuľový	ADJ;VOC(SG,NEUT)	turbovrtuľové
turbovrtuľový	ADJ;NOM(PL,NEUT)	turbovrtuľové
turbovrtuľový	ADJ;SPRL;ACC(SG,FEM)	nejturbovrtuľovější
turbovrtuľový	ADJ;CMPR;ESS(SG,MASC,ANIM)	turbovrtuľovejšom
turbovrtuľový	ADJ;SPRL;ESS(SG,MASC,INAN)	nejturbovrtuľovejšom
turbovrtuľový	ADJ;CMPR;DAT(SG,MASC,ANIM)	turbovrtuľovejšiemu
turbovrtuľový	ADJ;SPRL;DAT(SG,MASC,INAN)	nejturbovrtuľovejšiemu
turbovrtuľový	ADJ;CMPR;DAT(SG,NEUT)	turbovrtuľovejšiemu
turbovrtuľový	ADJ;SPRL;DAT(SG,NEUT)	nejturbovrtuľovějšímu
turbovrtuľový	ADJ;INS(PL,NEUT)	turbovrtuľovými
turbovrtuľový	ADJ;ACC(SG,MASC,ANIM)	turbovrtuľového
turbovrtuľový	ADJ;GEN(SG,MASC,INAN)	turbovrtuľového
turbovrtuľový	ADJ;NOM(SG,MASC,ANIM)	turbovrtuľový
turbovrtuľový	ADJ;CMPR;INS(SG,MASC,INAN)	turbovrtuľovejším
turbovrtuľový	ADJ;CMPR;INS(SG,NEUT)	turbovrtuľovejším
turbovrtuľový	ADJ;SPRL;INS(SG,NEUT)	nejturbovrtuľovejším
turbovrtuľový	ADJ;CMPR;DAT(PL,FEM)	turbovrtuľovejším
turbovrtuľový	ADJ;VOC(SG,FEM)	turbovrtuľová
turbovrtuľový	ADJ;CMPR;VOC(SG,MASC,ANIM)	turbovrtuľovější
turbovrtuľový	ADJ;CMPR;NOM(SG,MASC,INAN)	turbovrtuľovejší
turbovrtuľový	ADJ;CMPR;ACC(SG,MASC,INAN)	turbovrtuľovejší
turbovrtuľový	ADJ;SPRL;GEN(PL,MASC,ANIM)	nejturbovrtuľovejších
turbovrtuľový	ADJ;SPRL;ESS(PL,MASC,INAN)	nejturbovrtuľovejších
turbovrtuľový	ADJ;SPRL;ESS(PL,NEUT)	nejturbovrtuľovejších
turbovrtuľový	ADJ;CMPR;ESS(PL,FEM)	turbovrtuľovejších
turbovrtuľový	ADJ;SPRL;ESS(PL,FEM)	nejturbovrtuľovejších
turbovrtuľový	ADJ;SPRL;NOM(PL,MASC,INAN)	nejturbovrtuľovejšie
turbovrtuľový	ADJ;CMPR;ACC(PL,MASC,INAN)	turbovrtuľovejšie
turbovrtuľový	ADJ;CMPR;VOC(PL,MASC,INAN)	turbovrtuľovejšie
turbovrtuľový	ADJ;CMPR;VOC(SG,NEUT)	turbovrtuľovejšie
turbovrtuľový	ADJ;SPRL;NOM(PL,FEM)	nejturbovrtuľovejšie
turbovrtuľový	ADJ;GEN(PL,MASC,INAN)	turbovrtuľových
turbovrtuľový	ADJ;CMPR;GEN(SG,FEM)	turbovrtuľovejšej
turbovrtuľový	ADJ;SPRL;GEN(SG,FEM)	nejturbovrtuľovejšej
turbovrtuľový	ADJ;CMPR;DAT(SG,FEM)	turbovrtuľovejšej
turbovrtuľový	ADJ;DAT(SG,MASC,ANIM)	turbovrtuľovému
turbovrtuľový	ADJ;DAT(SG,NEUT)	turbovrtuľovému
turbovrtuľový	ADJ;CMPR;ACC(SG,MASC,ANIM)	turbovrtuľovejšieho
turbovrtuľový	ADJ;SPRL;GEN(SG,MASC,INAN)	nejturbovrtuľovejšieho
turbovrtuľový	ADJ;INS(SG,MASC,INAN)	turbovrtuľovým
turbovrtuľový	ADJ;GEN(SG,FEM)	turbovrtuľovej
turbovrtuľový	ADJ;CMPR;INS(SG,FEM)	turbovrtuľovejšou
turbovrtuľový	ADJ;CMPR;INS(PL,NEUT)	turbovrtuľovejšími
turbovrtuľový	ADJ;SPRL;INS(PL,FEM)	nejturbovrtuľovejšími
ododrený	ADJ;NOM(SG,NEUT)	ododrené
ododrený	ADJ;VOC(SG,NEUT)	ododrené
ododrený	ADJ;NOM(PL,NEUT)	ododrené
ododrený	ADJ;CMPR;ESS(SG,NEUT)	ododrenějším
ododrený	ADJ;SPRL;DAT(SG,NEUT)	nejododrenejšiemu
ododrený	ADJ;INS(PL,NEUT)	ododrenými
ododrený	ADJ;ACC(SG,MASC,ANIM)	ododreného
ododrený	ADJ;GEN(SG,NEUT)	ododreného
ododrený	ADJ;VOC(SG,MASC,ANIM)	ododrený
ododrený	ADJ;ACC(SG,MASC,INAN)	ododrený
ododrený	ADJ;SPRL;INS(SG,MASC,ANIM)	nejododrenějším
ododrený	ADJ;CMPR;DAT(PL,MASC,ANIM)	ododrenějším
ododrený	ADJ;CMPR;INS(SG,MASC,INAN)	ododrenějším
ododrený	ADJ;SPRL;INS(SG,MASC,INAN)	nejododrenejším
ododrený	ADJ;CMPR;DAT(PL,MASC,INAN)	ododrenejším
ododrený	ADJ;SPRL;NOM(SG,FEM)	najododrenejšia
ododrený	ADJ;CMPR;NOM(SG,MASC,ANIM)	ododrenejší
ododrený	ADJ;SPRL;NOM(SG,MASC,ANIM)	nejododrenejší
ododrený	ADJ;CMPR;VOC(SG,MASC,ANIM)	ododrenejší
ododrený	ADJ;SPRL;VOC(SG,MASC,ANIM)	nejododrenejší
ododrený	ADJ;CMPR;VOC(SG,MASC,INAN)	ododrenejší
ododrený	ADJ;CMPR;NOM(PL,MASC,ANIM)	ododrenější
ododrený	ADJ;CMPR;VOC(PL,MASC,ANIM)	ododrenější
ododrený	ADJ;CMPR;GEN(PL,MASC,ANIM)	ododrenejších
ododrený	ADJ;CMPR;ESS(PL,MASC,ANIM)	ododrenějších
ododrený	ADJ;SPRL;GEN(PL,FEM)	nejododrenějších
ododrený	ADJ;SPRL;NOM(PL,MASC,INAN)	nejododrenější
ododrený	ADJ;CMPR;ACC(PL,MASC,INAN)	ododrenější
ododrený	ADJ;SPRL;VOC(PL,MASC,INAN)	najododrenejšie
ododrený	ADJ;SPRL;NOM(SG,NEUT)	nejododrenější
ododrený	ADJ;SPRL;ACC(SG,NEUT)	nejododrenejšie
ododrený	ADJ;CMPR;VOC(SG,NEUT)	ododrenejšie
ododrený	ADJ;SPRL;VOC(SG,NEUT)	najododrenejšie
ododrený	ADJ;CMPR;NOM(PL,NEUT)	ododrenejšie
ododrený	ADJ;SPRL;ACC(PL,NEUT)	nejododrenejšie
ododrený	ADJ;CMPR;VOC(PL,NEUT)	ododrenejšie
ododrený	ADJ;SPRL;VOC(PL,NEUT)	nejododrenejšie
ododrený	ADJ;CMPR;ACC(PL,FEM)	ododrenější
ododrený	ADJ;SPRL;VOC(PL,FEM)	nejododrenejšie
ododrený	ADJ;VOC(PL,MASC,ANIM)	ododrení
ododrený	ADJ;ESS(PL,MASC,INAN)	ododrených
ododrený	ADJ;GEN(PL,NEUT)	ododrených
ododrený	ADJ;SPRL;GEN(SG,FEM)	nejododrenejšej
ododrený	ADJ;SPRL;ESS(SG,FEM)	nejododrenejšej
ododrený	ADJ;DAT(SG,NEUT)	ododrenému
ododrený	ADJ;CMPR;GEN(SG,MASC,ANIM)	ododrenejšieho
ododrený	ADJ;SPRL;GEN(SG,MASC,ANIM)	nejododrenejšieho
ododrený	ADJ;CMPR;GEN(SG,NEUT)	ododrenějšího
ododrený	ADJ;DAT(PL,MASC,ANIM)	ododreným
ododrený	ADJ;DAT(PL,MASC,INAN)	ododreným
ododrený	ADJ;GEN(SG,FEM)	ododrenej
ododrený	ADJ;SPRL;INS(PL,MASC,ANIM)	nejododrenějšími
ododrený	ADJ;CMPR;INS(PL,MASC,INAN)	ododrenějšími
ododrený	ADJ;SPRL;INS(PL,FEM)	nejododrenejšími
bankrotovací	ADJ;ACC(PL,MASC,ANIM)	bankrotovacích
bankrotovací	ADJ;GEN(PL,MASC,INAN)	bankrotovacích
bankrotovací	ADJ;ESS(PL,MASC,INAN)	bankrotovacích
bankrotovací	ADJ;ESS(PL,FEM)	bankrotovacích
bankrotovací	ADJ;ACC(SG,MASC,ANIM)	bankrotovacího
bankrotovací	ADJ;GEN(SG,MASC,INAN)	bankrotovacieho
bankrotovací	ADJ;NOM(SG,NEUT)	bankrotovací
bankrotovací	ADJ;NOM(PL,NEUT)	bankrotovací
bankrotovací	ADJ;NOM(PL,FEM)	bankrotovacie
bankrotovací	ADJ;VOC(PL,FEM)	bankrotovací
bankrotovací	ADJ;DAT(SG,NEUT)	bankrotovaciemu
bankrotovací	ADJ;INS(PL,MASC,ANIM)	bankrotovacími
bankrotovací	ADJ;INS(SG,FEM)	bankrotovacou
bankrotovací	ADJ;INS(SG,MASC,INAN)	bankrotovacím
bankrotovací	ADJ;ESS(SG,NEUT)	bankrotovacom
bankrotovací	ADJ;ACC(SG,MASC,INAN)	bankrotovací
bankrotovací	ADJ;VOC(SG,MASC,INAN)	bankrotovací
bankrotovací	ADJ;VOC(PL,MASC,ANIM)	bankrotovací
odkvapový	ADJ;ACC(SG,FEM)	odkvapovú
odkvapový	ADJ;ACC(PL,MASC,INAN)	odkvapové
odkvapový	ADJ;VOC(PL,MASC,INAN)	odkvapové
odkvapový	ADJ;NOM(SG,NEUT)	odkvapové
odkvapový	ADJ;ACC(SG,NEUT)	odkvapové
odkvapový	ADJ;NOM(PL,NEUT)	odkvapové
odkvapový	ADJ;VOC(PL,NEUT)	odkvapové
odkvapový	ADJ;ESS(SG,MASC,INAN)	odkvapovom
odkvapový	ADJ;ESS(SG,NEUT)	odkvapovom
odkvapový	ADJ;SPRL;ACC(SG,FEM)	nejodkvapovější
odkvapový	ADJ;CMPR;ESS(SG,MASC,ANIM)	odkvapovejšom
odkvapový	ADJ;CMPR;ESS(SG,MASC,INAN)	odkvapovejšom
odkvapový	ADJ;CMPR;ESS(SG,NEUT)	odkvapovejšom
odkvapový	ADJ;INS(PL,NEUT)	odkvapovými
odkvapový	ADJ;GEN(SG,MASC,ANIM)	odkvapového
odkvapový	ADJ;ACC(SG,MASC,ANIM)	odkvapového
odkvapový	ADJ;VOC(SG,MASC,INAN)	odkvapový
odkvapový	ADJ;CMPR;INS(SG,MASC,ANIM)	odkvapovejším
odkvapový	ADJ;CMPR;DAT(PL,MASC,ANIM)	odkvapovejším
odkvapový	ADJ;CMPR;INS(SG,MASC,INAN)	odkvapovejším
odkvapový	ADJ;SPRL;INS(SG,MASC,INAN)	nejodkvapovějším
odkvapový	ADJ;SPRL;DAT(PL,MASC,INAN)	nejodkvapovějším
odkvapový	ADJ;CMPR;VOC(SG,FEM)	odkvapovejšia
odkvapový	ADJ;SPRL;ACC(SG,MASC,INAN)	nejodkvapovejší
odkvapový	ADJ;CMPR;NOM(PL,MASC,ANIM)	odkvapovejší
odkvapový	ADJ;SPRL;NOM(PL,MASC,ANIM)	najodkvapovejší
odkvapový	ADJ;SPRL;ACC(PL,MASC,ANIM)	nejodkvapovejších
odkvapový	ADJ;CMPR;ESS(PL,MASC,ANIM)	odkvapovejších
odkvapový	ADJ;SPRL;ESS(PL,MASC,ANIM)	nejodkvapovejších
odkvapový	ADJ;CMPR;ESS(PL,MASC,INAN)	odkvapovejších
odkvapový	ADJ;SPRL;ESS(PL,MASC,INAN)	nejodkvapovejších
odkvapový	ADJ;SPRL;GEN(PL,NEUT)	nejodkvapovejších
odkvapový	ADJ;SPRL;ESS(PL,NEUT)	nejodkvapovejších
odkvapový	ADJ;SPRL;NOM(PL,MASC,INAN)	nejodkvapovejšie
odkvapový	ADJ;CMPR;ACC(PL,MASC,INAN)	odkvapovejšie
odkvapový	ADJ;CMPR;VOC(PL,MASC,INAN)	odkvapovejšie
odkvapový	ADJ;CMPR;VOC(SG,NEUT)	odkvapovejšie
odkvapový	ADJ;SPRL;VOC(PL,FEM)	nejodkvapovejšie
odkvapový	ADJ;ESS(PL,FEM)	odkvapových
odkvapový	ADJ;CMPR;DAT(SG,FEM)	odkvapovejšej
odkvapový	ADJ;CMPR;ESS(SG,FEM)	odkvapovejšej
odkvapový	ADJ;SPRL;ESS(SG,FEM)	nejodkvapovejšej
odkvapový	ADJ;DAT(SG,MASC,ANIM)	odkvapovému
odkvapový	ADJ;SPRL;ACC(SG,MASC,ANIM)	nejodkvapovějšího
odkvapový	ADJ;DAT(SG,FEM)	odkvapovej
odkvapový	ADJ;ESS(SG,FEM)	odkvapovej
odkvapový	ADJ;SPRL;INS(SG,FEM)	nejodkvapovejšou
odkvapový	ADJ;CMPR;INS(PL,MASC,INAN)	odkvapovejšími
odkvapový	ADJ;CMPR;INS(PL,NEUT)	odkvapovejšími
odkvapový	ADJ;CMPR;INS(PL,FEM)	odkvapovejšími
odkvapový	ADJ;SPRL;INS(PL,FEM)	nejodkvapovejšími
štukový	ADJ;VOC(PL,MASC,ANIM)	štukoví
štukový	ADJ;VOC(PL,FEM)	štukové
štukový	ADJ;GEN(PL,MASC,ANIM)	štukových
štukový	ADJ;ACC(PL,MASC,ANIM)	štukových
štukový	ADJ;GEN(PL,MASC,INAN)	štukových
štukový	ADJ;ESS(PL,MASC,INAN)	štukových
štukový	ADJ;GEN(PL,NEUT)	štukových
štukový	ADJ;GEN(SG,MASC,INAN)	štukového
štukový	ADJ;GEN(SG,FEM)	štukovej
štukový	ADJ;DAT(PL,MASC,INAN)	štukovým
štukový	ADJ;INS(PL,MASC,INAN)	štukovými
štukový	ADJ;INS(PL,FEM)	štukovými
štukový	ADJ;NOM(SG,FEM)	štuková
štukový	ADJ;VOC(SG,MASC,ANIM)	štukový
vypojovávateľne	ADV	vypojovávateľne
vypojovávateľne	ADV;CMPR	vypojovávateľnejšie
vypojovávateľne	ADV;SPRL	nejnevypojovávateľnejšie
diskutúvaný	ADJ;VOC(PL,NEUT)	diskutúvané
diskutúvaný	ADJ;ACC(PL,FEM)	diskutúvané
diskutúvaný	ADJ;ESS(SG,NEUT)	diskutúvanom
diskutúvaný	ADJ;SPRL;ACC(SG,FEM)	nejdiskutúvanejšiu
diskutúvaný	ADJ;CMPR;ESS(SG,MASC,ANIM)	diskutúvanejšom
diskutúvaný	ADJ;CMPR;ESS(SG,NEUT)	diskutúvanejšom
diskutúvaný	ADJ;CMPR;DAT(SG,MASC,INAN)	diskutúvanějšímu
diskutúvaný	ADJ;CMPR;DAT(SG,NEUT)	diskutúvanejšiemu
diskutúvaný	ADJ;GEN(SG,MASC,ANIM)	diskutúvaného
diskutúvaný	ADJ;ACC(SG,MASC,ANIM)	diskutúvaného
diskutúvaný	ADJ;ACC(SG,MASC,INAN)	diskutúvaný
diskutúvaný	ADJ;CMPR;INS(SG,MASC,ANIM)	diskutúvanejším
diskutúvaný	ADJ;SPRL;DAT(PL,MASC,INAN)	nejdiskutúvanějším
diskutúvaný	ADJ;CMPR;NOM(SG,FEM)	diskutúvanejšia
diskutúvaný	ADJ;SPRL;VOC(SG,FEM)	nejdiskutúvanejšia
diskutúvaný	ADJ;VOC(SG,FEM)	diskutúvaná
diskutúvaný	ADJ;CMPR;ACC(SG,MASC,INAN)	diskutúvanejší
diskutúvaný	ADJ;CMPR;VOC(SG,MASC,INAN)	diskutúvanejší
diskutúvaný	ADJ;SPRL;VOC(PL,MASC,ANIM)	nejdiskutúvanejší
diskutúvaný	ADJ;CMPR;ESS(PL,MASC,ANIM)	diskutúvanejších
diskutúvaný	ADJ;CMPR;GEN(PL,MASC,INAN)	diskutúvanejších
diskutúvaný	ADJ;SPRL;ESS(PL,MASC,INAN)	nejdiskutúvanejších
diskutúvaný	ADJ;CMPR;GEN(PL,NEUT)	diskutúvanejších
diskutúvaný	ADJ;CMPR;GEN(PL,FEM)	diskutúvanejších
diskutúvaný	ADJ;SPRL;VOC(PL,MASC,INAN)	najdiskutúvanejšie
diskutúvaný	ADJ;SPRL;NOM(SG,NEUT)	nejdiskutúvanejšie
diskutúvaný	ADJ;SPRL;VOC(SG,NEUT)	najdiskutúvanejšie
diskutúvaný	ADJ;SPRL;NOM(PL,NEUT)	nejdiskutúvanejšie
diskutúvaný	ADJ;CMPR;ACC(PL,NEUT)	diskutúvanejšie
diskutúvaný	ADJ;SPRL;NOM(PL,FEM)	nejdiskutúvanejšie
diskutúvaný	ADJ;CMPR;ACC(PL,FEM)	diskutúvanejšie
diskutúvaný	ADJ;NOM(PL,MASC,ANIM)	diskutúvaní
diskutúvaný	ADJ;ESS(PL,MASC,INAN)	diskutúvaných
diskutúvaný	ADJ;ESS(PL,NEUT)	diskutúvaných
diskutúvaný	ADJ;CMPR;ACC(SG,MASC,ANIM)	diskutúvanejšieho
diskutúvaný	ADJ;CMPR;GEN(SG,NEUT)	diskutúvanejšieho
diskutúvaný	ADJ;SPRL;GEN(SG,NEUT)	nejdiskutúvanejšieho
diskutúvaný	ADJ;DAT(PL,MASC,ANIM)	diskutúvaným
diskutúvaný	ADJ;DAT(PL,NEUT)	diskutúvaným
diskutúvaný	ADJ;DAT(PL,FEM)	diskutúvaným
diskutúvaný	ADJ;GEN(SG,FEM)	diskutúvanej
diskutúvaný	ADJ;ESS(SG,FEM)	diskutúvanej
diskutúvaný	ADJ;SPRL;INS(SG,FEM)	nejdiskutúvanejšou
diskutúvaný	ADJ;SPRL;INS(PL,MASC,INAN)	nejdiskutúvanejšími
diskutúvaný	ADJ;CMPR;INS(PL,NEUT)	diskutúvanejšími
diskutúvaný	ADJ;SPRL;INS(PL,FEM)	nejdiskutúvanějšími
vyčiarkovanie	N;NOM(PL,NEUT)	vyčiarkovania
vyčiarkovanie	N;ESS(PL,NEUT)	vyčiarkovaniach
vyčiarkovanie	N;DAT(PL,NEUT)	vyčiarkovaniam
vyčiarkovanie	N;ACC(PL,NEUT)	vyčiarkovania
vyčiarkovanie	N;GEN(PL,NEUT)	vyčiarkovaní
vyčiarkovanie	N;VOC(SG,NEUT)	vyčiarkovanie
vyčiarkovanie	N;ESS(SG,NEUT)	vyčiarkovaní
dodýchanie	N;GEN(PL,NEUT)	dodýchaní
dodýchanie	N;NOM(PL,NEUT)	dodýchania
dodýchanie	N;VOC(PL,NEUT)	dodýchania
dodýchanie	N;ESS(PL,NEUT)	dodýchaniach
dodýchanie	N;DAT(PL,NEUT)	dodýchaniam
vymrene	ADV	vymrene
vymrene	ADV;CMPR	vymrenejšie
predkopírúvajúci	ADJ;ESS(SG,MASC,INAN)	predkopírúvajúcom
predkopírúvajúci	ADJ;ACC(SG,NEUT)	predkopírúvajúce
predkopírúvajúci	ADJ;NOM(PL,FEM)	predkopírúvajúce
predkopírúvajúci	ADJ;DAT(PL,MASC,INAN)	predkopírúvajúcim
predkopírúvajúci	ADJ;DAT(PL,NEUT)	predkopírúvajúcim
predkopírúvajúci	ADJ;ACC(SG,FEM)	predkopírúvajúcu
predkopírúvajúci	ADJ;NOM(SG,FEM)	predkopírúvajúca
predkopírúvajúci	ADJ;GEN(SG,FEM)	predkopírúvajúcej
predkopírúvajúci	ADJ;DAT(SG,FEM)	predkopírúvajúcej
predkopírúvajúci	ADJ;NOM(SG,MASC,ANIM)	predkopírúvajúci
predkopírúvajúci	ADJ;VOC(SG,MASC,ANIM)	predkopírúvajúci
predkopírúvajúci	ADJ;VOC(SG,MASC,INAN)	predkopírúvajúci
predkopírúvajúci	ADJ;GEN(PL,MASC,ANIM)	predkopírúvajúcich
predkopírúvajúci	ADJ;ESS(PL,MASC,ANIM)	predkopírúvajúcich
predkopírúvajúci	ADJ;ESS(PL,NEUT)	predkopírúvajúcich
predkopírúvajúci	ADJ;GEN(PL,FEM)	predkopírúvajúcich
pohládzanosť	N;NOM(SG,FEM)	pohládzanosť
pohládzanosť	N;INS(PL,FEM)	pohládzanosťami
pohládzanosť	N;DAT(SG,FEM)	pohládzanosti
pohládzanosť	N;VOC(PL,FEM)	pohládzanosti
pohládzanosť	N;DAT(PL,FEM)	pohládzanostiam
rozpermutovávací	ADJ;NOM(SG,FEM)	rozpermutovávací
rozpermutovávací	ADJ;GEN(PL,MASC,INAN)	rozpermutovávacích
rozpermutovávací	ADJ;GEN(SG,MASC,INAN)	rozpermutovávacieho
rozpermutovávací	ADJ;DAT(SG,FEM)	rozpermutovávací
rozpermutovávací	ADJ;ACC(PL,MASC,INAN)	rozpermutovávací
rozpermutovávací	ADJ;NOM(SG,NEUT)	rozpermutovávacie
rozpermutovávací	ADJ;VOC(SG,NEUT)	rozpermutovávací
rozpermutovávací	ADJ;NOM(PL,NEUT)	rozpermutovávacie
rozpermutovávací	ADJ;ACC(PL,NEUT)	rozpermutovávací
rozpermutovávací	ADJ;NOM(PL,FEM)	rozpermutovávacie
rozpermutovávací	ADJ;INS(SG,MASC,INAN)	rozpermutovávacím
rozpermutovávací	ADJ;DAT(PL,MASC,INAN)	rozpermutovávacím
rozpermutovávací	ADJ;ACC(SG,MASC,INAN)	rozpermutovávací
pucúvateľne	ADV	pucúvateľne
pucúvateľne	ADV	pucúvateľne
pucúvateľne	ADV;CMPR	pucúvateľnejšie
pucúvateľne	ADV;CMPR	pucúvateľnejšie
debugger	N;GEN(SG,MASC,INAN)	debuggera
debugger	N;DAT(SG,MASC,INAN)	debugger
debugger	N;INS(SG,MASC,INAN)	debugger
debugger	N;DAT(PL,MASC,INAN)	debuggerům
ejektor	N;VOC(PL,MASC,INAN)	ejektore
ejektor	N;INS(PL,MASC,INAN)	ejektormi
ejektor	N;GEN(PL,MASC,INAN)	ejektorů
ejektor	N;VOC(SG,MASC,INAN)	ejektore
ejektor	N;ESS(PL,MASC,INAN)	ejektorech
ejektor	N;DAT(SG,MASC,INAN)	ejektor
rozparcelúvane	ADV	rozparcelúvane
rozparcelúvane	ADV;SPRL	nejnerozparcelúvanejšie
zdezintegrovávací	ADJ;ACC(PL,MASC,ANIM)	zdezintegrovávací
zdezintegrovávací	ADJ;ESS(PL,MASC,ANIM)	zdezintegrovávacích
zdezintegrovávací	ADJ;ESS(PL,NEUT)	zdezintegrovávacích
zdezintegrovávací	ADJ;GEN(PL,FEM)	zdezintegrovávacích
zdezintegrovávací	ADJ;ESS(PL,FEM)	zdezintegrovávacích
zdezintegrovávací	ADJ;GEN(SG,MASC,INAN)	zdezintegrovávacieho
zdezintegrovávací	ADJ;DAT(SG,FEM)	zdezintegrovávací
zdezintegrovávací	ADJ;VOC(SG,NEUT)	zdezintegrovávací
zdezintegrovávací	ADJ;DAT(SG,MASC,ANIM)	zdezintegrovávacímu
zdezintegrovávací	ADJ;DAT(SG,MASC,INAN)	zdezintegrovávacímu
zdezintegrovávací	ADJ;INS(SG,NEUT)	zdezintegrovávacím
zdezintegrovávací	ADJ;DAT(PL,FEM)	zdezintegrovávacím
zdezintegrovávací	ADJ;ESS(SG,NEUT)	zdezintegrovávacím
zdezintegrovávací	ADJ;NOM(SG,MASC,INAN)	zdezintegrovávací
zdezintegrovávací	ADJ;VOC(SG,MASC,INAN)	zdezintegrovávací
zdezintegrovávací	ADJ;NOM(PL,MASC,ANIM)	zdezintegrovávací
preasfaltovávateľnosť	N;NOM(SG,FEM)	preasfaltovávateľnosť
preasfaltovávateľnosť	N;GEN(SG,FEM)	preasfaltovávateľnosti
preasfaltovávateľnosť	N;ESS(SG,FEM)	preasfaltovávateľnosti
preasfaltovávateľnosť	N;INS(SG,FEM)	preasfaltovávateľnosťou
vyhrnutý	ADJ;ACC(SG,FEM)	vyhrnutú
vyhrnutý	ADJ;NOM(SG,NEUT)	vyhrnuté
vyhrnutý	ADJ;VOC(PL,NEUT)	vyhrnutá
vyhrnutý	ADJ;ACC(PL,FEM)	vyhrnuté
vyhrnutý	ADJ;ESS(SG,MASC,ANIM)	vyhrnutom
vyhrnutý	ADJ;SPRL;ACC(SG,FEM)	nejvyhrnutější
vyhrnutý	ADJ;CMPR;ESS(SG,NEUT)	vyhrnutějším
vyhrnutý	ADJ;CMPR;DAT(SG,MASC,INAN)	vyhrnutějšímu
vyhrnutý	ADJ;GEN(SG,MASC,ANIM)	vyhrnutého
vyhrnutý	ADJ;CMPR;INS(SG,NEUT)	vyhrnutejším
vyhrnutý	ADJ;SPRL;INS(SG,NEUT)	nejvyhrnutejším
vyhrnutý	ADJ;CMPR;VOC(SG,FEM)	vyhrnutější
vyhrnutý	ADJ;VOC(SG,FEM)	vyhrnutá
vyhrnutý	ADJ;CMPR;VOC(SG,MASC,ANIM)	vyhrnutější
vyhrnutý	ADJ;SPRL;VOC(SG,MASC,ANIM)	nejvyhrnutější
vyhrnutý	ADJ;SPRL;GEN(PL,MASC,ANIM)	nejvyhrnutejších
vyhrnutý	ADJ;CMPR;ACC(PL,MASC,ANIM)	vyhrnutější
vyhrnutý	ADJ;SPRL;ACC(PL,MASC,ANIM)	nejvyhrnutější
vyhrnutý	ADJ;SPRL;ESS(PL,MASC,ANIM)	nejvyhrnutějších
vyhrnutý	ADJ;SPRL;ESS(PL,MASC,INAN)	nejvyhrnutějších
vyhrnutý	ADJ;CMPR;GEN(PL,NEUT)	vyhrnutějších
vyhrnutý	ADJ;SPRL;GEN(PL,NEUT)	nejvyhrnutějších
vyhrnutý	ADJ;CMPR;ESS(PL,NEUT)	vyhrnutějších
vyhrnutý	ADJ;CMPR;GEN(PL,FEM)	vyhrnutějších
vyhrnutý	ADJ;SPRL;ESS(PL,FEM)	nejvyhrnutějších
vyhrnutý	ADJ;SPRL;NOM(PL,MASC,INAN)	nejvyhrnutější
vyhrnutý	ADJ;CMPR;ACC(PL,MASC,INAN)	vyhrnutější
vyhrnutý	ADJ;SPRL;ACC(PL,MASC,INAN)	nejvyhrnutější
vyhrnutý	ADJ;CMPR;NOM(SG,NEUT)	vyhrnutější
vyhrnutý	ADJ;SPRL;VOC(SG,NEUT)	najvyhrnutejšie
vyhrnutý	ADJ;CMPR;NOM(PL,NEUT)	vyhrnutější
vyhrnutý	ADJ;CMPR;ACC(PL,FEM)	vyhrnutější
vyhrnutý	ADJ;GEN(PL,MASC,ANIM)	vyhrnutých
vyhrnutý	ADJ;GEN(PL,MASC,INAN)	vyhrnutých
vyhrnutý	ADJ;ESS(PL,MASC,INAN)	vyhrnutých
vyhrnutý	ADJ;DAT(SG,MASC,ANIM)	vyhrnutému
vyhrnutý	ADJ;SPRL;ACC(SG,MASC,ANIM)	nejvyhrnutějšího
vyhrnutý	ADJ;DAT(PL,NEUT)	vyhrnutým
vyhrnutý	ADJ;DAT(SG,FEM)	vyhrnuté
vyhrnutý	ADJ;CMPR;INS(PL,MASC,ANIM)	vyhrnutejšími
vyhrnutý	ADJ;CMPR;INS(PL,MASC,INAN)	vyhrnutějšími
otesávateľný	ADJ;ACC(SG,FEM)	otesávateľnú
otesávateľný	ADJ;ACC(PL,MASC,INAN)	otesávateľné
otesávateľný	ADJ;VOC(PL,MASC,INAN)	otesávateľné
otesávateľný	ADJ;VOC(PL,FEM)	otesávateľné
otesávateľný	ADJ;ESS(SG,MASC,INAN)	otesávateľnom
otesávateľný	ADJ;ESS(SG,NEUT)	otesávateľnom
otesávateľný	ADJ;INS(SG,FEM)	otesávateľnou
otesávateľný	ADJ;SPRL;ESS(SG,MASC,INAN)	nejotesávateľnejšom
otesávateľný	ADJ;CMPR;ESS(SG,NEUT)	otesávateľnejšom
otesávateľný	ADJ;SPRL;ESS(SG,NEUT)	nejotesávateľnejšom
otesávateľný	ADJ;CMPR;DAT(SG,MASC,ANIM)	otesávateľnejšiemu
otesávateľný	ADJ;INS(PL,MASC,ANIM)	otesávateľnými
otesávateľný	ADJ;ACC(SG,MASC,ANIM)	otesávateľného
otesávateľný	ADJ;NOM(SG,MASC,ANIM)	otesávateľný
otesávateľný	ADJ;VOC(SG,MASC,ANIM)	otesávateľný
otesávateľný	ADJ;VOC(SG,MASC,INAN)	otesávateľný
otesávateľný	ADJ;SPRL;INS(SG,MASC,ANIM)	nejotesávateľnejším
otesávateľný	ADJ;SPRL;INS(SG,MASC,INAN)	nejotesávateľnejším
otesávateľný	ADJ;SPRL;DAT(PL,MASC,INAN)	nejotesávateľnejším
otesávateľný	ADJ;CMPR;INS(SG,NEUT)	otesávateľnejším
otesávateľný	ADJ;CMPR;DAT(PL,FEM)	otesávateľnejším
otesávateľný	ADJ;SPRL;DAT(PL,FEM)	najotesávateľnejším
otesávateľný	ADJ;CMPR;NOM(SG,FEM)	otesávateľnejšia
otesávateľný	ADJ;NOM(SG,FEM)	otesávateľná
otesávateľný	ADJ;SPRL;NOM(SG,MASC,ANIM)	nejotesávateľnejší
otesávateľný	ADJ;CMPR;NOM(SG,MASC,INAN)	otesávateľnejší
otesávateľný	ADJ;SPRL;VOC(SG,MASC,INAN)	nejotesávateľnejší
otesávateľný	ADJ;CMPR;VOC(PL,MASC,ANIM)	otesávateľnejší
otesávateľný	ADJ;SPRL;GEN(PL,MASC,ANIM)	nejotesávateľnejších
otesávateľný	ADJ;SPRL;ACC(PL,MASC,ANIM)	nejotesávateľnejších
otesávateľný	ADJ;SPRL;ESS(PL,MASC,ANIM)	nejotesávateľnejších
otesávateľný	ADJ;SPRL;GEN(PL,MASC,INAN)	nejotesávateľnejších
otesávateľný	ADJ;SPRL;ESS(PL,MASC,INAN)	nejotesávateľnejších
otesávateľný	ADJ;CMPR;NOM(PL,MASC,INAN)	otesávateľnejšie
otesávateľný	ADJ;CMPR;ACC(PL,MASC,INAN)	otesávateľnejšie
otesávateľný	ADJ;CMPR;NOM(SG,NEUT)	otesávateľnejšie
otesávateľný	ADJ;CMPR;VOC(SG,NEUT)	otesávateľnejšie
otesávateľný	ADJ;CMPR;NOM(PL,NEUT)	otesávateľnejšie
otesávateľný	ADJ;CMPR;ACC(PL,NEUT)	otesávateľnejšie
otesávateľný	ADJ;GEN(PL,NEUT)	otesávateľných
otesávateľný	ADJ;ESS(PL,FEM)	otesávateľných
otesávateľný	ADJ;CMPR;GEN(SG,FEM)	otesávateľnejšej
otesávateľný	ADJ;SPRL;GEN(SG,FEM)	nejotesávateľnejšej
otesávateľný	ADJ;CMPR;ESS(SG,FEM)	otesávateľnejšej
otesávateľný	ADJ;DAT(SG,MASC,INAN)	otesávateľnému
otesávateľný	ADJ;CMPR;GEN(SG,MASC,INAN)	otesávateľnejšieho
otesávateľný	ADJ;SPRL;GEN(SG,MASC,INAN)	nejotesávateľnejšieho
otesávateľný	ADJ;CMPR;GEN(SG,NEUT)	otesávateľnejšieho
otesávateľný	ADJ;DAT(PL,MASC,ANIM)	otesávateľným
otesávateľný	ADJ;DAT(SG,FEM)	otesávateľnej
otesávateľný	ADJ;CMPR;INS(PL,FEM)	otesávateľnejšími
odvliekavať	V;PRS;IND;IPFV;2;PL	odvliekavate
odvliekavať	V;PST;IND;NEG;IPFV;1;PL;MASC;ANIM	neodvliekavali sme
odvliekavať	V;COND;PRS;NEG;IPFV;3;PL;MASC;ANIM	neodvliekavali by
odvliekavať	V;COND;PST;NEG;IPFV;1;PL;MASC;ANIM	neboli by sme odvliekavali
odvliekavať	V;PST;IND;NEG;PFV;2;PL;MASC;ANIM	neodvliekavali ste
odvliekavať	V;COND;PRS;NEG;PFV;3;PL;MASC;ANIM	neodvliekavali by
odvliekavať	V;COND;PRS;NEG;PFV;2;PL;MASC;ANIM	neodvliekavali by ste
odvliekavať	V;COND;PST;NEG;PFV;3;PL;MASC;ANIM	neboli by odvliekavali
odvliekavať	V;COND;PST;NEG;PFV;2;PL;MASC;ANIM	neboli by ste odvliekavali
odvliekavať	V;PST;IND;NEG;IPFV;1;PL;MASC;INAN	neodvliekavali sme
odvliekavať	V;PST;IND;NEG;IPFV;2;PL;MASC;INAN	neodvliekavali ste
odvliekavať	V;COND;PRS;NEG;IPFV;3;PL;MASC;INAN	neodvliekavali by
odvliekavať	V;COND;PRS;NEG;IPFV;1;PL;MASC;INAN	neodvliekavali by sme
odvliekavať	V;COND;PST;NEG;IPFV;2;PL;MASC;INAN	neboli by ste odvliekavali
odvliekavať	V;PST;IND;NEG;PFV;1;PL;MASC;INAN	neodvliekavali sme
odvliekavať	V;COND;PRS;NEG;PFV;3;PL;MASC;INAN	neodvliekavali by
odvliekavať	V;COND;PRS;NEG;PFV;2;PL;MASC;INAN	neodvliekavali by ste
odvliekavať	V;COND;PST;NEG;PFV;3;PL;MASC;INAN	neboli by odvliekavali
odvliekavať	V;PST;IND;NEG;IPFV;1;PL;FEM	neodvliekavali sme
odvliekavať	V;COND;PRS;NEG;IPFV;3;PL;FEM	neodvliekavali by
odvliekavať	V;COND;PST;NEG;IPFV;3;PL;FEM	neboli by odvliekavali
odvliekavať	V;COND;PST;NEG;IPFV;1;PL;FEM	neboli by sme odvliekavali
odvliekavať	V;PST;IND;NEG;PFV;1;PL;FEM	neodvliekavali sme
odvliekavať	V;COND;PRS;NEG;PFV;1;PL;FEM	neodvliekavali by sme
odvliekavať	V;PST;IND;NEG;PFV;1;PL;NEUT	neodvliekavali sme
odvliekavať	V;PST;IND;NEG;PFV;2;PL;NEUT	neodvliekavali ste
odvliekavať	V;COND;PST;IPFV;2;SG;FEM	bola by si odvliekavala
odvliekavať	V;PST;IND;PFV;1;SG;FEM	odvliekavala som
odvliekavať	V;PST;IND;PFV;2;SG;FEM	odvliekavala si
odvliekavať	V;COND;PRS;PFV;3;SG;FEM	odvliekavala by hierarchizovávala
odvliekavať	V;COND;PST;PFV;1;SG;FEM	bola by som odvliekavala
odvliekavať	V.PTCP;PASS;NEG;PFV;NOM;NOM(3,SG,MASC,ANIM)	neodvliekavaný
odvliekavať	V;COND;PRS;NEG;IPFV;3;SG;NEUT	neodvliekavalo by odzátvorkúvala
odvliekavať	V;COND;PST;NEG;IPFV;1;SG;NEUT	nebolo by som odvliekavalo
odvliekavať	V;COND;PRS;NEG;PFV;3;SG;NEUT	neodvliekavalo
odvliekavať	V;COND;PST;NEG;PFV;1;SG;NEUT	nebolo by som odvliekavalo
odvliekavať	V.PTCP;PASS;PFV;ACC;NOM(3,SG,FEM)	odvliekavanú
odvliekavať	V;IMP;IPFV;2;PL	odvliekavajte
odvliekavať	V.PTCP;PASS;IPFV;NOM;NOM(3,PL,MASC,ANIM)	odvliekavaní
odvliekavať	V.PTCP;PASS;NEG;IPFV;NOM;NOM(3,PL,MASC,ANIM)	neodvliekavaní
odvliekavať	V;PST;IND;NEG;IPFV;1;SG;FEM	neodvliekavala som
odvliekavať	V;COND;PST;NEG;IPFV;3;SG;FEM	nebola by odvliekavala
odvliekavať	V;PST;IND;NEG;PFV;3;SG;FEM	neodvliekavala
odvliekavať	V;COND;PRS;NEG;PFV;3;SG;FEM	neodvliekavala
odvliekavať	V;COND;PST;NEG;PFV;3;SG;FEM	nebola by odvliekavala
odvliekavať	V;IMP;PFV;2;SG	odvliekavaj
odvliekavať	V.PTCP;PASS;PFV;NOM;NOM(3,PL,FEM)	odvliekavané
odvliekavať	V;FUT;IND;IPFV;1;SG	budem odvliekavať
odvliekavať	V;FUT;IND;IPFV;3;SG	bude odvliekavať
odvliekavať	V;FUT;IND;NEG;IPFV;3;SG	nebude odvliekavať
odvliekavať	V;FUT;IND;IPFV;1;PL	budeme odvliekavať
odvliekavať	V;FUT;IND;NEG;IPFV;1;PL	nebudeme odvliekavať
odvliekavať	V;FUT;IND;IPFV;3;PL	budú odvliekavať
odvliekavať	V;PST;IND;IPFV;3;SG;NEUT	odvliekavalo
odvliekavať	V;COND;PST;IPFV;3;SG;NEUT	bolo by odvliekavalo
odvliekavať	V;COND;PST;IPFV;2;SG;NEUT	bolo by si odvliekavalo
odvliekavať	V;PST;IND;PFV;1;SG;NEUT	odvliekavalo som
odvliekavať	V.PTCP;PASS;NEG;PFV;NOM;NOM(3,SG,NEUT)	neodvliekavané
odvliekavať	V;PRS;IND;IPFV;1;PL	odvliekavame
odvliekavať	V;PRS;IND;PFV;1;PL	odvliekavame
odvliekavať	V.PTCP;PASS;NEG;IPFV;ACC;NOM(3,SG,FEM)	neodvliekavanú
odvliekavať	V.PTCP;PASS;NEG;PFV;ACC;NOM(3,SG,FEM)	neodvliekavanú
odvliekavať	V;PRS;IND;IPFV;3;PL	odvliekavajú
odvliekavať	V;PRS;IND;PFV;3;PL	odvliekavajú
odvliekavať	V.PTCP;PASS;NEG;PFV;NOM;NOM(3,SG,MASC,INAN)	neodvliekavaný
odvliekavať	V;COND;PRS;IPFV;2;PL;MASC;ANIM	odvliekavali by ste
odvliekavať	V;COND;PRS;PFV;3;PL;MASC;ANIM	odvliekavali by
odvliekavať	V;COND;PRS;PFV;1;PL;MASC;ANIM	odvliekavali by sme
odvliekavať	V;COND;PST;PFV;1;PL;MASC;ANIM	boli by sme odvliekavali
odvliekavať	V;COND;PST;IPFV;1;PL;MASC;INAN	boli by sme odvliekavali
odvliekavať	V;PST;IND;PFV;3;PL;MASC;INAN	odvliekavali
odvliekavať	V;COND;PRS;PFV;2;PL;MASC;INAN	odvliekavali by ste
odvliekavať	V;PST;IND;IPFV;3;PL;FEM	odvliekavali
odvliekavať	V;COND;PRS;IPFV;3;PL;FEM	odvliekavali by
odvliekavať	V;COND;PST;IPFV;3;PL;FEM	boli by odvliekavali
odvliekavať	V;COND;PST;IPFV;1;PL;FEM	boli by sme odvliekavali
odvliekavať	V;COND;PRS;PFV;1;PL;FEM	odvliekavali by sme
odvliekavať	V;PST;IND;IPFV;2;PL;NEUT	odvliekavali ste
odvliekavať	V;PST;IND;PFV;1;PL;NEUT	odvliekavali sme
odvliekavať	V;COND;PST;PFV;1;PL;NEUT	boli by sme odvliekavali
odvliekavať	V;PRS;IND;NEG;IPFV;3;PL	neodvliekavajú
odvliekavať	V;PRS;IND;NEG;PFV;3;PL	neodvliekavajú
odvliekavať	V.PTCP;PASS;IPFV;NOM;NOM(3,SG,FEM)	odvliekavaná
odvliekavať	V.PTCP;PASS;PFV;NOM;NOM(3,SG,FEM)	odvliekavaná
odvliekavať	V.PTCP;PASS;NEG;IPFV;NOM;NOM(3,PL,MASC,INAN)	neodvliekavané
odvliekavať	V;PRS;IND;NEG;IPFV;1;SG	neodvliekavam
odvliekavať	V;PST;IND;NEG;IPFV;2;SG;MASC	neodvliekaval si
odvliekavať	V;COND;PRS;NEG;IPFV;1;SG;MASC	neodvliekaval by som podupávavali
odvliekavať	V;PST;IND;NEG;PFV;3;SG;MASC	neodvliekaval
odvliekavať	V;COND;PRS;NEG;PFV;1;SG;MASC	neodvliekaval by som vyzradzovával
odvliekavať	V;COND;PST;NEG;PFV;1;SG;MASC	nebol by som odvliekaval
odvliekavať	V;IMP;NEG;PFV;2;PL	neodvliekavajte
odvliekavať	V.PTCP;PASS;IPFV;NOM;NOM(3,PL,MASC,INAN)	odvliekavané
odvliekavať	V;PST;IND;IPFV;3;SG;MASC	odvliekaval
odvliekavať	V;PST;IND;IPFV;2;SG;MASC	odvliekaval si
odvliekavať	V;COND;PRS;IPFV;2;SG;MASC	odvliekaval by si priliezavali
odvliekavať	V;COND;PST;IPFV;3;SG;MASC	bol by odvliekaval
odvliekavať	V;COND;PRS;PFV;3;SG;MASC	odvliekaval by podupávaval
odvliekavať	V;COND;PRS;PFV;2;SG;MASC	odvliekaval by si priliezaval
odvliekavať	V;COND;PST;PFV;3;SG;MASC	bol by odvliekaval
odvliekavať	V;PRS;IND;PFV;3;SG	odvliekava
neuropočítač	N;NOM(PL,MASC,INAN)	neuropočítač
neuropočítač	N;INS(SG,MASC,INAN)	neuropočítač
neuropočítač	N;NOM(SG,MASC,INAN)	neuropočítač
neuropočítač	N;ACC(SG,MASC,INAN)	neuropočítač
sfarbúvateľne	ADV;SPRL	nejnesfarbúvateľnejšie
sfarbúvateľne	ADV;SPRL	nejnesfarbúvateľnejšie
čmeliak	N;NOM(SG,MASC,ANIM)	čmeliak
čmeliak	N;ESS(PL,MASC,INAN)	čmeliacích
čmeliak	N;INS(PL,MASC,INAN)	čmeliak
presnoriť	V;PRS;IND;IPFV;2;SG	presnoríš
presnoriť	V;PRS;IND;PFV;2;SG	presnoriš
presnoriť	V;PST;IND;IPFV;3;SG;MASC	presnoril
presnoriť	V;COND;PRS;IPFV;3;SG;MASC	presnoril by zmaterializovali
presnoriť	V;PST;IND;PFV;2;SG;MASC	presnoril si
presnoriť	V;COND;PRS;PFV;2;SG;MASC	presnoril by si prizbrojil
presnoriť	V;COND;PST;PFV;3;SG;MASC	bol by presnoril
presnoriť	V;PST;IND;NEG;IPFV;1;SG;NEUT	nepresnorilo som
presnoriť	V;COND;PRS;NEG;IPFV;1;SG;NEUT	nepresnorila
presnoriť	V;COND;PST;NEG;IPFV;1;SG;NEUT	nebolo by som presnorilo
presnoriť	V;COND;PST;NEG;PFV;2;SG;NEUT	nebolo by si presnorilo
presnoriť	V.PTCP;PASS;NEG;PFV;ACC;NOM(3,SG,FEM)	nepresnorinú
presnoriť	V.PTCP;PASS;NEG;PFV;NOM;NOM(3,PL,FEM)	nepresnorené
presnoriť	V.PTCP;PASS;NEG;IPFV;NOM;NOM(3,SG,NEUT)	nepresnorené
presnoriť	V;PRS;IND;IPFV;3;PL	presnora
presnoriť	V;PRS;IND;PFV;3;PL	presnorijú
presnoriť	V.PTCP;PASS;PFV;NOM;NOM(3,SG,MASC,ANIM)	presnoriný
presnoriť	V.PTCP;PASS;PFV;NOM;NOM(3,PL,FEM)	presnoriné
presnoriť	V;NFIN;NEG;IPFV	nepresnoriť
presnoriť	V.PTCP;PASS;PFV;NOM;NOM(3,PL,MASC,INAN)	presnorené
presnoriť	V;IMP;NEG;IPFV;1;PL	nepresnorme
presnoriť	V;PST;IND;NEG;IPFV;3;PL;MASC;ANIM	nepresnorili
presnoriť	V;PST;IND;NEG;IPFV;2;PL;MASC;ANIM	nepresnorili ste
presnoriť	V;COND;PST;NEG;IPFV;1;PL;MASC;ANIM	neboli by sme presnorili
presnoriť	V;PST;IND;NEG;PFV;3;PL;MASC;ANIM	nepresnorili
presnoriť	V;PST;IND;NEG;PFV;1;PL;MASC;ANIM	nepresnorili sme
presnoriť	V;COND;PRS;NEG;PFV;1;PL;MASC;ANIM	nepresnorili by sme
presnoriť	V;COND;PRS;NEG;PFV;2;PL;MASC;ANIM	nepresnorili by ste
presnoriť	V;COND;PRS;NEG;IPFV;1;PL;MASC;INAN	nepresnorili by sme
presnoriť	V;COND;PRS;NEG;IPFV;2;PL;MASC;INAN	nepresnorili by ste
presnoriť	V;PST;IND;NEG;PFV;2;PL;MASC;INAN	nepresnorili ste
presnoriť	V;COND;PRS;NEG;PFV;1;PL;MASC;INAN	nepresnorili by sme
presnoriť	V;COND;PST;NEG;PFV;3;PL;MASC;INAN	neboli by presnorili
presnoriť	V;PST;IND;NEG;IPFV;1;PL;FEM	nepresnorili sme
presnoriť	V;COND;PST;NEG;IPFV;3;PL;FEM	neboli by presnorili
presnoriť	V;COND;PRS;NEG;PFV;2;PL;FEM	nepresnorili by ste
presnoriť	V;COND;PST;NEG;PFV;1;PL;FEM	neboli by sme presnorili
presnoriť	V;PST;IND;NEG;IPFV;2;PL;NEUT	nepresnorili ste
presnoriť	V;COND;PRS;NEG;IPFV;3;PL;NEUT	nepresnorili by
presnoriť	V;COND;PRS;NEG;IPFV;1;PL;NEUT	nepresnorili by sme
presnoriť	V;COND;PST;NEG;IPFV;1;PL;NEUT	neboli by sme presnorili
presnoriť	V;PST;IND;NEG;PFV;3;PL;NEUT	nepresnorili
presnoriť	V;COND;PRS;NEG;PFV;2;PL;NEUT	nepresnorili by ste
presnoriť	V;COND;PST;IPFV;1;SG;NEUT	bolo by som presnorilo
presnoriť	V;COND;PRS;PFV;1;SG;NEUT	presnorilo by som prizbrojilo
presnoriť	V.PTCP;PASS;NEG;PFV;NOM;NOM(3,PL,MASC,INAN)	nepresnoriné
presnoriť	V;PST;IND;IPFV;2;PL;MASC;ANIM	presnorili ste
presnoriť	V;COND;PRS;IPFV;1;PL;MASC;ANIM	presnorili by sme
presnoriť	V;COND;PRS;IPFV;2;PL;MASC;ANIM	presnorili by ste
presnoriť	V;COND;PST;IPFV;3;PL;MASC;ANIM	boli by presnorili
presnoriť	V;PST;IND;PFV;3;PL;MASC;ANIM	presnorili
presnoriť	V;COND;PRS;PFV;2;PL;MASC;ANIM	presnorili by ste
presnoriť	V;PST;IND;IPFV;1;PL;MASC;INAN	presnorili sme
presnoriť	V;COND;PRS;IPFV;1;PL;MASC;INAN	presnorili by sme
presnoriť	V;PST;IND;PFV;2;PL;MASC;INAN	presnorili ste
presnoriť	V;COND;PST;PFV;2;PL;MASC;INAN	boli by ste presnorili
presnoriť	V;COND;PRS;PFV;2;PL;FEM	presnorili by ste
presnoriť	V;COND;PST;PFV;3;PL;FEM	boli by presnorili
presnoriť	V;COND;PRS;IPFV;3;PL;NEUT	presnorili by
presnoriť	V;COND;PST;IPFV;3;PL;NEUT	boli by presnorili
presnoriť	V;COND;PST;IPFV;2;PL;NEUT	boli by ste presnorili
presnoriť	V;PST;IND;PFV;3;PL;NEUT	presnorili
presnoriť	V;PST;IND;PFV;2;PL;NEUT	presnorili ste
presnoriť	V;COND;PRS;PFV;3;PL;NEUT	presnorili by
presnoriť	V;COND;PRS;PFV;1;PL;NEUT	presnorili by sme
presnoriť	V;COND;PST;PFV;2;PL;NEUT	boli by ste presnorili
presnoriť	V.PTCP;PASS;NEG;IPFV;NOM;NOM(3,PL,MASC,ANIM)	nepresnoriní
presnoriť	V;FUT;IND;NEG;IPFV;2;SG	nebudeš presnoriť
presnoriť	V;PST;IND;IPFV;1;SG;FEM	presnorila som
presnoriť	V;COND;PRS;IPFV;3;SG;FEM	presnorila by odzátvorkovávalo
presnoriť	V;COND;PRS;IPFV;2;SG;FEM	presnorila by si zlinearizovával
presnoriť	V;PST;IND;PFV;3;SG;FEM	presnorila
presnoriť	V;COND;PRS;PFV;2;SG;FEM	presnorila
presnoriť	V;COND;PST;PFV;3;SG;FEM	bola by presnorila
presnoriť	V.PTCP;PASS;NEG;IPFV;NOM;NOM(3,SG,MASC,ANIM)	nepresnoriný
presnoriť	V.PTCP;PASS;NEG;PFV;NOM;NOM(3,SG,MASC,ANIM)	nepresnoriný
presnoriť	V;COND;PRS;NEG;IPFV;3;SG;FEM	nepresnorila by vyzradzovávalo
presnoriť	V;COND;PST;NEG;IPFV;1;SG;FEM	nebyla bych presnorila
presnoriť	V;COND;PST;NEG;IPFV;2;SG;FEM	nebola by si presnorila
presnoriť	V;COND;PST;NEG;PFV;2;SG;FEM	nebola by si presnorila
presnoriť	V;COND;PRS;NEG;IPFV;1;SG;MASC	nepresnoril by som prizbrojila
presnoriť	V;COND;PRS;NEG;IPFV;2;SG;MASC	nepresnorila
presnoriť	V;COND;PST;NEG;IPFV;1;SG;MASC	nebol by som presnoril
presnoriť	V;PST;IND;NEG;PFV;2;SG;MASC	nepresnoril si
presnoriť	V;COND;PRS;NEG;PFV;3;SG;MASC	nepresnoril
presnoriť	V;COND;PRS;NEG;PFV;2;SG;MASC	nepresnoril by si nahorovával
presnoriť	V;PRS;IND;NEG;PFV;1;PL	nepresnoríme
presnoriť	V.PTCP;PASS;IPFV;NOM;NOM(3,SG,FEM)	presnoriná
presnoriť	V.PTCP;PASS;PFV;NOM;NOM(3,SG,FEM)	presnoriná
presnoriť	V;PRS;IND;NEG;PFV;2;SG	nepresnoríš
trióda	N;DAT(PL,FEM)	triódám
trióda	N;GEN(SG,FEM)	triódy
plečkúvateľnosť	N;VOC(SG,FEM)	plečkúvateľnosť
plečkúvateľnosť	N;INS(PL,FEM)	plečkúvateľnosťami
plečkúvateľnosť	N;NOM(PL,FEM)	plečkúvateľnosti
plečkúvateľnosť	N;VOC(PL,FEM)	plečkúvateľnosti
opentliteľný	ADJ;GEN(SG,MASC,ANIM)	opentliteľného
opentliteľný	ADJ;GEN(SG,NEUT)	opentliteľného
opentliteľný	ADJ;INS(PL,FEM)	opentliteľnými
opentliteľný	ADJ;CMPR;VOC(SG,FEM)	opentliteľnejšia
opentliteľný	ADJ;NOM(SG,FEM)	opentliteľná
opentliteľný	ADJ;VOC(SG,FEM)	opentliteľná
opentliteľný	ADJ;CMPR;DAT(PL,MASC,INAN)	opentliteľnejším
opentliteľný	ADJ;CMPR;INS(SG,NEUT)	opentliteľnejším
opentliteľný	ADJ;CMPR;DAT(PL,NEUT)	opentliteľnejším
opentliteľný	ADJ;CMPR;DAT(PL,FEM)	opentliteľnejším
opentliteľný	ADJ;VOC(SG,MASC,ANIM)	opentliteľný
opentliteľný	ADJ;VOC(PL,MASC,INAN)	opentliteľné
opentliteľný	ADJ;NOM(SG,NEUT)	opentliteľné
opentliteľný	ADJ;NOM(PL,NEUT)	opentliteľné
opentliteľný	ADJ;CMPR;DAT(SG,NEUT)	opentliteľnejšiemu
opentliteľný	ADJ;SPRL;DAT(SG,NEUT)	nejopentliteľnejšiemu
opentliteľný	ADJ;SPRL;ESS(SG,MASC,ANIM)	nejopentliteľnejšom
opentliteľný	ADJ;CMPR;ESS(SG,NEUT)	opentliteľnejšom
opentliteľný	ADJ;INS(SG,MASC,INAN)	opentliteľným
opentliteľný	ADJ;DAT(PL,MASC,INAN)	opentliteľným
opentliteľný	ADJ;DAT(SG,FEM)	opentliteľnej
opentliteľný	ADJ;CMPR;INS(PL,MASC,ANIM)	opentliteľnejšími
opentliteľný	ADJ;SPRL;INS(PL,MASC,ANIM)	nejopentliteľnejšími
opentliteľný	ADJ;CMPR;INS(PL,MASC,INAN)	opentliteľnejšími
opentliteľný	ADJ;CMPR;INS(PL,FEM)	opentliteľnejšími
opentliteľný	ADJ;SPRL;INS(PL,FEM)	nejopentliteľnejšími
opentliteľný	ADJ;VOC(PL,MASC,ANIM)	opentliteľní
opentliteľný	ADJ;SPRL;GEN(PL,MASC,ANIM)	nejopentliteľnejších
opentliteľný	ADJ;CMPR;ACC(PL,MASC,ANIM)	opentliteľnejších
opentliteľný	ADJ;CMPR;ESS(PL,MASC,INAN)	opentliteľnejších
opentliteľný	ADJ;SPRL;ESS(PL,MASC,INAN)	nejopentliteľnejších
opentliteľný	ADJ;CMPR;ESS(PL,NEUT)	opentliteľnejších
opentliteľný	ADJ;CMPR;GEN(PL,FEM)	opentliteľnejších
opentliteľný	ADJ;CMPR;ESS(PL,FEM)	opentliteľnejších
opentliteľný	ADJ;CMPR;NOM(SG,MASC,ANIM)	opentliteľnejší
opentliteľný	ADJ;SPRL;VOC(SG,MASC,ANIM)	nejopentliteľnejší
opentliteľný	ADJ;SPRL;ACC(SG,MASC,INAN)	nejopentliteľnejší
opentliteľný	ADJ;CMPR;VOC(SG,MASC,INAN)	opentliteľnejší
opentliteľný	ADJ;CMPR;VOC(PL,MASC,INAN)	opentliteľnejšie
opentliteľný	ADJ;SPRL;VOC(SG,NEUT)	najopentliteľnejšie
opentliteľný	ADJ;CMPR;NOM(PL,NEUT)	opentliteľnejšie
opentliteľný	ADJ;CMPR;VOC(PL,NEUT)	opentliteľnejšie
opentliteľný	ADJ;SPRL;VOC(PL,FEM)	nejopentliteľnejšie
opentliteľný	ADJ;ESS(PL,MASC,INAN)	opentliteľných
opentliteľný	ADJ;ESS(PL,FEM)	opentliteľných
opentliteľný	ADJ;SPRL;DAT(SG,FEM)	nejopentliteľnejšej
opentliteľný	ADJ;CMPR;GEN(SG,MASC,ANIM)	opentliteľnejšieho
opentliteľný	ADJ;DAT(SG,MASC,ANIM)	opentliteľnému
dĺž	N;DAT(PL,FEM)	dĺžm
dĺž	N;ESS(SG,FEM)	dĺž
dĺž	N;GEN(SG,FEM)	dĺž
dĺž	N;ESS(PL,FEM)	dĺžch
dĺž	N;ACC(SG,FEM)	dĺž
dĺž	N;VOC(SG,FEM)	dĺž
naväzovávaný	ADJ;ACC(SG,FEM)	naväzovávanou
naväzovávaný	ADJ;NOM(PL,MASC,INAN)	naväzovávané
naväzovávaný	ADJ;ACC(SG,NEUT)	naväzovávané
naväzovávaný	ADJ;ESS(SG,NEUT)	naväzovávanom
naväzovávaný	ADJ;CMPR;ESS(SG,MASC,ANIM)	naväzovávanějším
naväzovávaný	ADJ;SPRL;ESS(SG,MASC,ANIM)	nejnaväzovávanějším
naväzovávaný	ADJ;CMPR;ESS(SG,MASC,INAN)	naväzovávanějším
naväzovávaný	ADJ;SPRL;DAT(SG,MASC,ANIM)	nejnaväzovávanějšímu
naväzovávaný	ADJ;INS(PL,NEUT)	naväzovávanými
naväzovávaný	ADJ;INS(PL,FEM)	naväzovávanými
naväzovávaný	ADJ;ACC(SG,MASC,ANIM)	naväzovávaného
naväzovávaný	ADJ;NOM(SG,MASC,ANIM)	naväzovávaný
naväzovávaný	ADJ;SPRL;INS(SG,MASC,ANIM)	nejnaväzovávanějším
naväzovávaný	ADJ;SPRL;DAT(PL,MASC,ANIM)	najnaväzovávanějším
naväzovávaný	ADJ;SPRL;INS(SG,MASC,INAN)	nejnaväzovávanějším
naväzovávaný	ADJ;SPRL;INS(SG,NEUT)	nejnaväzovávanějším
naväzovávaný	ADJ;SPRL;DAT(PL,NEUT)	nejnaväzovávanejším
naväzovávaný	ADJ;SPRL;NOM(SG,FEM)	najnaväzovávanější
naväzovávaný	ADJ;VOC(SG,FEM)	naväzovávaná
naväzovávaný	ADJ;CMPR;NOM(SG,MASC,ANIM)	naväzovávanejší
naväzovávaný	ADJ;CMPR;NOM(SG,MASC,INAN)	naväzovávanejší
naväzovávaný	ADJ;SPRL;NOM(SG,MASC,INAN)	nejnaväzovávanější
naväzovávaný	ADJ;SPRL;VOC(SG,MASC,INAN)	nejnaväzovávanější
naväzovávaný	ADJ;SPRL;NOM(PL,MASC,ANIM)	najnaväzovávanejší
naväzovávaný	ADJ;CMPR;GEN(PL,MASC,ANIM)	naväzovávanějších
naväzovávaný	ADJ;SPRL;ACC(PL,MASC,ANIM)	nejnaväzovávanější
naväzovávaný	ADJ;CMPR;ESS(PL,MASC,ANIM)	naväzovávanejších
naväzovávaný	ADJ;SPRL;ESS(PL,MASC,INAN)	nejnaväzovávanejších
naväzovávaný	ADJ;CMPR;ESS(PL,NEUT)	naväzovávanějších
naväzovávaný	ADJ;SPRL;NOM(SG,NEUT)	nejnaväzovávanější
naväzovávaný	ADJ;SPRL;NOM(PL,NEUT)	nejnaväzovávanější
naväzovávaný	ADJ;CMPR;ACC(PL,NEUT)	naväzovávanější
naväzovávaný	ADJ;SPRL;NOM(PL,FEM)	nejnaväzovávanější
naväzovávaný	ADJ;GEN(PL,FEM)	naväzovávaných
naväzovávaný	ADJ;ESS(PL,FEM)	naväzovávaných
naväzovávaný	ADJ;SPRL;DAT(SG,FEM)	nejnaväzovávanější
naväzovávaný	ADJ;CMPR;ESS(SG,FEM)	naväzovávanější
naväzovávaný	ADJ;DAT(SG,MASC,INAN)	naväzovávanému
naväzovávaný	ADJ;DAT(SG,NEUT)	naväzovávanému
naväzovávaný	ADJ;CMPR;GEN(SG,NEUT)	naväzovávanějšího
naväzovávaný	ADJ;INS(SG,MASC,ANIM)	naväzovávaným
naväzovávaný	ADJ;DAT(PL,MASC,ANIM)	naväzovávaným
naväzovávaný	ADJ;DAT(PL,MASC,INAN)	naväzovávaným
naväzovávaný	ADJ;DAT(PL,FEM)	naväzovávaným
naväzovávaný	ADJ;CMPR;INS(PL,MASC,ANIM)	naväzovávanějšími
naväzovávaný	ADJ;CMPR;INS(PL,MASC,INAN)	naväzovávanějšími
naväzovávaný	ADJ;SPRL;INS(PL,MASC,INAN)	nejnaväzovávanějšími
naväzovávaný	ADJ;SPRL;INS(PL,FEM)	nejnaväzovávanějšími
dotekaný	ADJ;ACC(SG,FEM)	dotekanou
dotekaný	ADJ;NOM(PL,MASC,INAN)	dotekané
dotekaný	ADJ;VOC(SG,NEUT)	dotekané
dotekaný	ADJ;VOC(PL,FEM)	dotekané
dotekaný	ADJ;ESS(SG,MASC,ANIM)	dotekaném
dotekaný	ADJ;CMPR;ACC(SG,FEM)	dotekanejšiu
dotekaný	ADJ;INS(SG,FEM)	dotekanou
dotekaný	ADJ;CMPR;ESS(SG,MASC,ANIM)	dotekanějším
dotekaný	ADJ;CMPR;ESS(SG,NEUT)	dotekanejšom
dotekaný	ADJ;CMPR;DAT(SG,MASC,ANIM)	dotekanějšímu
dotekaný	ADJ;SPRL;DAT(SG,MASC,ANIM)	nejdotekanějšímu
dotekaný	ADJ;INS(PL,MASC,INAN)	dotekanými
dotekaný	ADJ;INS(PL,FEM)	dotekanými
dotekaný	ADJ;GEN(SG,MASC,ANIM)	dotekaného
dotekaný	ADJ;GEN(SG,MASC,INAN)	dotekaného
dotekaný	ADJ;VOC(SG,MASC,ANIM)	dotekaný
dotekaný	ADJ;NOM(SG,MASC,INAN)	dotekaný
dotekaný	ADJ;VOC(SG,MASC,INAN)	dotekaný
dotekaný	ADJ;SPRL;INS(SG,MASC,ANIM)	nejdotekanějším
dotekaný	ADJ;SPRL;INS(SG,MASC,INAN)	nejdotekanejším
dotekaný	ADJ;CMPR;INS(SG,NEUT)	dotekanejším
dotekaný	ADJ;SPRL;INS(SG,NEUT)	nejdotekanějším
dotekaný	ADJ;CMPR;DAT(PL,FEM)	dotekanějším
dotekaný	ADJ;CMPR;VOC(SG,FEM)	dotekanější
dotekaný	ADJ;SPRL;VOC(SG,FEM)	nejdotekanejšia
dotekaný	ADJ;NOM(SG,FEM)	dotekaná
dotekaný	ADJ;VOC(SG,FEM)	dotekaná
dotekaný	ADJ;CMPR;NOM(SG,MASC,ANIM)	dotekanější
dotekaný	ADJ;SPRL;NOM(SG,MASC,ANIM)	nejdotekanější
dotekaný	ADJ;CMPR;ACC(SG,MASC,INAN)	dotekanější
dotekaný	ADJ;SPRL;VOC(SG,MASC,INAN)	nejdotekanejší
dotekaný	ADJ;CMPR;NOM(PL,MASC,ANIM)	dotekanější
dotekaný	ADJ;SPRL;NOM(PL,MASC,ANIM)	najdotekanejší
dotekaný	ADJ;CMPR;VOC(PL,MASC,ANIM)	dotekanejší
dotekaný	ADJ;SPRL;VOC(PL,MASC,ANIM)	nejdotekanější
dotekaný	ADJ;CMPR;GEN(PL,MASC,ANIM)	dotekanějších
dotekaný	ADJ;SPRL;GEN(PL,MASC,ANIM)	nejdotekanějších
dotekaný	ADJ;CMPR;ACC(PL,MASC,ANIM)	dotekanější
dotekaný	ADJ;SPRL;NOM(PL,MASC,INAN)	nejdotekanejšie
dotekaný	ADJ;CMPR;VOC(SG,NEUT)	dotekanější
dotekaný	ADJ;SPRL;VOC(PL,NEUT)	nejdotekanější
dotekaný	ADJ;CMPR;VOC(PL,FEM)	dotekanější
dotekaný	ADJ;SPRL;VOC(PL,FEM)	nejdotekanější
dotekaný	ADJ;NOM(PL,MASC,ANIM)	dotekaní
dotekaný	ADJ;GEN(PL,MASC,ANIM)	dotekaných
dotekaný	ADJ;ESS(PL,MASC,INAN)	dotekaných
dotekaný	ADJ;GEN(PL,FEM)	dotekaných
dotekaný	ADJ;CMPR;GEN(SG,FEM)	dotekanější
dotekaný	ADJ;CMPR;DAT(SG,FEM)	dotekanější
dotekaný	ADJ;CMPR;GEN(SG,MASC,ANIM)	dotekanejšieho
dotekaný	ADJ;SPRL;GEN(SG,MASC,INAN)	nejdotekanějšího
dotekaný	ADJ;CMPR;GEN(SG,NEUT)	dotekanejšieho
dotekaný	ADJ;SPRL;GEN(SG,NEUT)	nejdotekanějšího
dotekaný	ADJ;DAT(PL,MASC,ANIM)	dotekaným
dotekaný	ADJ;DAT(PL,NEUT)	dotekaným
dotekaný	ADJ;GEN(SG,FEM)	dotekané
dotekaný	ADJ;DAT(SG,FEM)	dotekané
dotekaný	ADJ;CMPR;INS(SG,FEM)	dotekanejšou
dotekaný	ADJ;CMPR;INS(PL,MASC,ANIM)	dotekanějšími
dotekaný	ADJ;CMPR;INS(PL,MASC,INAN)	dotekanějšími
dotekaný	ADJ;SPRL;INS(PL,NEUT)	nejdotekanějšími
dotekaný	ADJ;SPRL;INS(PL,FEM)	nejdotekanějšími
odľahčovateľnosť	N;ESS(SG,FEM)	odľahčovateľnosti
odľahčovateľnosť	N;ESS(PL,FEM)	odľahčovateľnostiach
odľahčovateľnosť	N;INS(SG,FEM)	odľahčovateľnosťou
odľahčovateľnosť	N;DAT(PL,FEM)	odľahčovateľnostiam
neptunsky	ADV;CMPR	neptunštěji
neptunsky	ADV;CMPR	neptunštěji
vulkanizovanost	N;ACC(PL,FEM)	vulkanizovanosti
vulkanizovanost	N;ESS(PL,FEM)	vulkanizovanostech
vulkanizovanost	N;INS(PL,FEM)	vulkanizovanostmi
vulkanizovanost	N;DAT(SG,FEM)	vulkanizovanosti
vulkanizovanost	N;VOC(SG,FEM)	vulkanizovanosti
zestarávající	ADJ;INS(DU,FEM)	zestarávajícíma
zestarávající	ADJ;GEN(PL,FEM)	zestarávajících
zestarávající	ADJ;DAT(PL,FEM)	zestarávajícím
zestarávající	ADJ;ACC(PL,FEM)	zestarávající
zestarávající	ADJ;INS(PL,FEM)	zestarávajícími
zestarávající	ADJ;NOM(SG,FEM)	zestarávající
zestarávající	ADJ;GEN(PL,MASC,INAN)	zestarávajících
zestarávající	ADJ;DAT(PL,MASC,INAN)	zestarávajícím
zestarávající	ADJ;NOM(SG,MASC,INAN)	zestarávající
zestarávající	ADJ;GEN(SG,MASC,INAN)	zestarávajícího
zestarávající	ADJ;DAT(SG,MASC,INAN)	zestarávajícímu
zestarávající	ADJ;ESS(SG,MASC,INAN)	zestarávajícím
zestarávající	ADJ;INS(SG,MASC,INAN)	zestarávajícím
zestarávající	ADJ;DAT(PL,MASC,ANIM)	zestarávajícím
zestarávající	ADJ;VOC(PL,MASC,ANIM)	zestarávající
zestarávající	ADJ;NOM(SG,MASC,ANIM)	zestarávající
zestarávající	ADJ;GEN(SG,MASC,ANIM)	zestarávajícího
zestarávající	ADJ;VOC(SG,MASC,ANIM)	zestarávající
zestarávající	ADJ;GEN(PL,NEUT)	zestarávajících
zestarávající	ADJ;ACC(PL,NEUT)	zestarávající
zestarávající	ADJ;ESS(PL,NEUT)	zestarávajících
zestarávající	ADJ;NOM(SG,NEUT)	zestarávající
zestarávající	ADJ;GEN(SG,NEUT)	zestarávajícího
zestarávající	ADJ;DAT(SG,NEUT)	zestarávajícímu
zestarávající	ADJ;ESS(SG,NEUT)	zestarávajícím
zestarávající	ADJ;INS(SG,NEUT)	zestarávajícím
natrucombudsmančin	ADJ;GEN(PL,FEM)	natrucombudsmančiných
natrucombudsmančin	ADJ;ACC(PL,FEM)	natrucombudsmančiny
natrucombudsmančin	ADJ;INS(PL,FEM)	natrucombudsmančinými
natrucombudsmančin	ADJ;NOM(SG,FEM)	natrucombudsmančina
natrucombudsmančin	ADJ;GEN(SG,FEM)	natrucombudsmančiny
natrucombudsmančin	ADJ;ACC(SG,FEM)	natrucombudsmančinu
natrucombudsmančin	ADJ;VOC(SG,FEM)	natrucombudsmančina
natrucombudsmančin	ADJ;NOM(PL,MASC,INAN)	natrucombudsmančiny
natrucombudsmančin	ADJ;GEN(PL,MASC,INAN)	natrucombudsmančiných
natrucombudsmančin	ADJ;DAT(PL,MASC,INAN)	natrucombudsmančiným
natrucombudsmančin	ADJ;ACC(PL,MASC,INAN)	natrucombudsmančiny
natrucombudsmančin	ADJ;ESS(PL,MASC,INAN)	natrucombudsmančiných
natrucombudsmančin	ADJ;INS(PL,MASC,INAN)	natrucombudsmančinými
natrucombudsmančin	ADJ;GEN(SG,MASC,INAN)	natrucombudsmančina
natrucombudsmančin	ADJ;ACC(SG,MASC,INAN)	natrucombudsmančin
natrucombudsmančin	ADJ;NOM(PL,MASC,ANIM)	natrucombudsmančini
natrucombudsmančin	ADJ;ACC(PL,MASC,ANIM)	natrucombudsmančiny
natrucombudsmančin	ADJ;ESS(PL,MASC,ANIM)	natrucombudsmančiných
natrucombudsmančin	ADJ;NOM(SG,MASC,ANIM)	natrucombudsmančin
natrucombudsmančin	ADJ;DAT(SG,MASC,ANIM)	natrucombudsmančinu
natrucombudsmančin	ADJ;ESS(SG,MASC,ANIM)	natrucombudsmančině
natrucombudsmančin	ADJ;INS(SG,MASC,ANIM)	natrucombudsmančiným
natrucombudsmančin	ADJ;NOM(PL,NEUT)	natrucombudsmančina
natrucombudsmančin	ADJ;GEN(PL,NEUT)	natrucombudsmančiných
natrucombudsmančin	ADJ;VOC(PL,NEUT)	natrucombudsmančina
natrucombudsmančin	ADJ;DAT(SG,NEUT)	natrucombudsmančinu
natrucombudsmančin	ADJ;VOC(SG,NEUT)	natrucombudsmančino
natrucombudsmančin	ADJ;ESS(SG,NEUT)	natrucombudsmančině
opískovávací	ADJ;INS(DU,FEM)	opískovávacíma
opískovávací	ADJ;NOM(PL,FEM)	opískovávací
opískovávací	ADJ;ACC(PL,FEM)	opískovávací
opískovávací	ADJ;VOC(PL,FEM)	opískovávací
opískovávací	ADJ;ESS(PL,FEM)	opískovávacích
opískovávací	ADJ;INS(PL,FEM)	opískovávacími
opískovávací	ADJ;DAT(SG,FEM)	opískovávací
opískovávací	ADJ;ACC(SG,FEM)	opískovávací
opískovávací	ADJ;ESS(SG,FEM)	opískovávacej
opískovávací	ADJ;INS(PL,MASC,INAN)	opískovávacími
opískovávací	ADJ;GEN(SG,MASC,INAN)	opískovávacieho
opískovávací	ADJ;DAT(SG,MASC,INAN)	opískovávacímu
opískovávací	ADJ;ACC(SG,MASC,INAN)	opískovávací
opískovávací	ADJ;VOC(SG,MASC,INAN)	opískovávací
opískovávací	ADJ;NOM(PL,MASC,ANIM)	opískovávací
opískovávací	ADJ;ACC(PL,MASC,ANIM)	opískovávací
opískovávací	ADJ;VOC(PL,MASC,ANIM)	opískovávací
opískovávací	ADJ;GEN(PL,NEUT)	opískovávacích
opískovávací	ADJ;ACC(PL,NEUT)	opískovávacie
opískovávací	ADJ;VOC(PL,NEUT)	opískovávacie
opískovávací	ADJ;INS(PL,NEUT)	opískovávacími
opískovávací	ADJ;NOM(SG,NEUT)	opískovávacie
opískovávací	ADJ;GEN(SG,NEUT)	opískovávacieho
opískovávací	ADJ;DAT(SG,NEUT)	opískovávacímu
opískovávací	ADJ;VOC(SG,NEUT)	opískovávací
opískovávací	ADJ;ESS(SG,NEUT)	opískovávacom
vyžďuchanost	N;NOM(PL,FEM)	vyžďuchanosti
vyžďuchanost	N;DAT(SG,FEM)	vyžďuchanosti
vyžďuchanost	N;ACC(SG,FEM)	vyžďuchanost
povelák	N;NOM(PL,MASC,INAN)	povelák
povelák	N;GEN(PL,MASC,INAN)	povelák
povelák	N;ACC(PL,MASC,INAN)	poveláky
povelák	N;ESS(PL,MASC,INAN)	povelácích
povelák	N;INS(PL,MASC,INAN)	povelák
povelák	N;GEN(SG,MASC,INAN)	povelák
povelák	N;DAT(SG,MASC,INAN)	povelák
povelák	N;ACC(SG,MASC,INAN)	povelák
povelák	N;VOC(SG,MASC,INAN)	poveláku
povelák	N;ESS(SG,MASC,INAN)	povelák
povelák	N;INS(SG,MASC,INAN)	povelák
zrozkotávatelně	ADV;CMPR	zrozkotávatelněji
zrozkotávatelně	ADV;CMPR	zrozkotávatelněji
zrozkotávatelně	ADV;SPRL	nejnezrozkotávatelněji
zrozkotávatelně	ADV;SPRL	nejnezrozkotávatelněji
dotlačovávat	V;PRS;IND;IPFV;1;PL	dotlačováváme
dotlačovávat	V;PRS;IND;NEG;IPFV;1;PL	nedotlačováváme
dotlačovávat	V;PRS;IND;IPFV;2;PL	dotlačováváte
dotlačovávat	V;PRS;IND;IPFV;3;PL	dotlačovávají
dotlačovávat	V;PRS;IND;IPFV;1;SG	dotlačovávám
dotlačovávat	V;PRS;IND;NEG;IPFV;3;SG	nedotlačovává
dotlačovávat	V;NFIN;IPFV	dotlačovávat
dotlačovávat	V;FUT;IND;IPFV;1;SG	budem dotlačovávat
dotlačovávat	V;FUT;IND;NEG;IPFV;2;SG	nebudeš dotlačovávat
dotlačovávat	V;FUT;IND;NEG;IPFV;3;SG	nebude dotlačovávat
dotlačovávat	V;FUT;IND;NEG;IPFV;1;PL	nebudeme dotlačovávat
dotlačovávat	V;FUT;IND;IPFV;2;PL	budete dotlačovávat
dotlačovávat	V;IMP;NEG;IPFV;2;PL	nedotlačovávejte
dotlačovávat	V;IMP;IPFV;2;SG	dotlačovávej
dotlačovávat	V;PST;IND;IPFV;2;PL;MASC;ANIM	dotlačovávali jste
dotlačovávat	V;COND;PRS;IPFV;1;PL;MASC;ANIM	dotlačovávali bychom
dotlačovávat	V;COND;PRS;IPFV;2;PL;MASC;ANIM	dotlačovávali byste
dotlačovávat	V;COND;PST;IPFV;3;PL;MASC;ANIM	boli by dotlačovávali
dotlačovávat	V;COND;PST;IPFV;2;PL;MASC;ANIM	byli byste dotlačovávali
dotlačovávat	V;PST;IND;NEG;IPFV;1;PL;MASC;ANIM	nedotlačovávali jsme
dotlačovávat	V;PST;IND;NEG;IPFV;2;PL;MASC;ANIM	nedotlačovávali jste
dotlačovávat	V;COND;PRS;NEG;IPFV;3;PL;MASC;ANIM	nedotlačovávali by
dotlačovávat	V;COND;PRS;NEG;IPFV;2;PL;MASC;ANIM	nedotlačovávali byste
dotlačovávat	V;COND;PST;NEG;IPFV;2;PL;MASC;ANIM	neboli by ste dotlačovávali
dotlačovávat	V;PST;IND;IPFV;2;SG;NEUT	dotlačovávalo jsi
dotlačovávat	V;COND;PRS;IPFV;3;SG;NEUT	dotlačovávalo by
dotlačovávat	V;COND;PRS;IPFV;1;SG;NEUT	dotlačovávalo bych
dotlačovávat	V;COND;PRS;IPFV;2;SG;NEUT	dotlačovávalo bys
dotlačovávat	V;COND;PST;IPFV;3;SG;NEUT	bolo by dotlačovávalo
dotlačovávat	V;PST;IND;NEG;IPFV;2;SG;NEUT	nedotlačovávalo jsi
dotlačovávat	V;COND;PRS;NEG;IPFV;1;SG;NEUT	nedotlačovávalo bych
dotlačovávat	V;COND;PRS;NEG;IPFV;2;SG;NEUT	nedotlačovávalo bys
dotlačovávat	V;COND;PST;NEG;IPFV;2;SG;NEUT	nebolo by si dotlačovávalo
dotlačovávat	V;PST;IND;NEG;IPFV;2;SG;NEUT	nedotlačovávalo jsi
dotlačovávat	V;PST;IND;IPFV;1;SG;FEM	dotlačovávala jsem
dotlačovávat	V;COND;PST;IPFV;3;SG;FEM	bola by dotlačovávala
dotlačovávat	V;PST;IND;IPFV;3;PL;NEUT	dotlačovávala
dotlačovávat	V;PST;IND;IPFV;2;PL;NEUT	dotlačovávala jste
dotlačovávat	V;COND;PRS;IPFV;1;PL;NEUT	dotlačovávala bychom
dotlačovávat	V;COND;PRS;IPFV;2;PL;NEUT	dotlačovávala byste
dotlačovávat	V;COND;PST;IPFV;3;PL;NEUT	boli by dotlačovávala
dotlačovávat	V;COND;PST;IPFV;1;PL;NEUT	boli by sme dotlačovávala
dotlačovávat	V;COND;PST;IPFV;2;PL;NEUT	boli by ste dotlačovávala
dotlačovávat	V;PST;IND;NEG;IPFV;3;SG;FEM	nedotlačovávala
dotlačovávat	V;COND;PRS;NEG;IPFV;3;SG;FEM	nedotlačovávala by
dotlačovávat	V;COND;PRS;NEG;IPFV;1;SG;FEM	nedotlačovávala bych
dotlačovávat	V;COND;PRS;NEG;IPFV;2;SG;FEM	nedotlačovávala bys
dotlačovávat	V;COND;PST;NEG;IPFV;1;SG;FEM	nebyla bych dotlačovávala
dotlačovávat	V;PST;IND;NEG;IPFV;3;PL;NEUT	nedotlačovávala
dotlačovávat	V;PST;IND;NEG;IPFV;1;PL;NEUT	nedotlačovávala jsme
dotlačovávat	V;COND;PRS;NEG;IPFV;1;PL;NEUT	nedotlačovávala bychom
dotlačovávat	V;PST;IND;IPFV;3;PL;FEM	dotlačovávaly
dotlačovávat	V;COND;PRS;IPFV;2;PL;FEM	dotlačovávaly byste
dotlačovávat	V;COND;PST;IPFV;1;PL;FEM	boli by sme dotlačovávaly
dotlačovávat	V;PST;IND;IPFV;2;PL;MASC;INAN	dotlačovávaly jste
dotlačovávat	V;COND;PRS;IPFV;3;PL;MASC;INAN	dotlačovávaly by
dotlačovávat	V;COND;PRS;IPFV;1;PL;MASC;INAN	dotlačovávaly bychom
dotlačovávat	V;COND;PRS;IPFV;2;PL;MASC;INAN	dotlačovávaly byste
dotlačovávat	V;COND;PST;IPFV;1;PL;MASC;INAN	boli by sme dotlačovávaly
dotlačovávat	V;COND;PST;IPFV;2;PL;MASC;INAN	boli by ste dotlačovávaly
dotlačovávat	V;PST;IND;NEG;IPFV;3;PL;FEM	nedotlačovávaly
dotlačovávat	V;COND;PRS;NEG;IPFV;3;PL;FEM	nedotlačovávaly by
dotlačovávat	V;COND;PST;NEG;IPFV;2;PL;FEM	neboli by ste dotlačovávaly
dotlačovávat	V;PST;IND;NEG;IPFV;2;PL;MASC;INAN	nedotlačovávaly jste
dotlačovávat	V;COND;PRS;NEG;IPFV;3;PL;MASC;INAN	nedotlačovávaly by
dotlačovávat	V;COND;PST;NEG;IPFV;3;PL;MASC;INAN	neboli by dotlačovávaly
dotlačovávat	V;COND;PST;NEG;IPFV;1;PL;MASC;INAN	neboli by sme dotlačovávaly
dotlačovávat	V;COND;PST;NEG;IPFV;2;PL;MASC;INAN	neboli by ste dotlačovávaly
dotlačovávat	V;PST;IND;IPFV;1;SG;MASC	dotlačovával jsem
dotlačovávat	V;COND;PRS;IPFV;2;SG;MASC	dotlačovával bys
dotlačovávat	V;COND;PST;IPFV;1;SG;MASC	byl bych dotlačovával
dotlačovávat	V;PST;IND;IPFV;2;SG;MASC	dotlačovávals
dotlačovávat	V;PST;IND;NEG;IPFV;3;SG;MASC	nedotlačovával
dotlačovávat	V;COND;PRS;NEG;IPFV;1;SG;MASC	nedotlačovával bych
dotlačovávat	V;COND;PRS;NEG;IPFV;2;SG;MASC	nedotlačovával bys
dotlačovávat	V;COND;PST;NEG;IPFV;3;SG;MASC	nebyl by dotlačovával
dotlačovávat	V;COND;PST;NEG;IPFV;1;SG;MASC	nebol by som dotlačovával
dotlačovávat	V;PST;IND;NEG;IPFV;2;SG;MASC	nedotlačovávals
dotlačovávat	V.PTCP;PASS;IPFV;NOM;NOM(2,SG,FEM)	dotlačovávánas
dotlačovávat	V.PTCP;PASS;NEG;IPFV;ACC;NOM(3,SG,FEM)	nedotlačovávánu
dotlačovávat	V.PTCP;PASS;IPFV;NOM;NOM(3,PL,MASC,ANIM)	dotlačováváni
dotlačovávat	V.PTCP;PASS;NEG;IPFV;NOM;NOM(2,SG,NEUT)	nedotlačovávános
dotlačovávat	V.PTCP;PASS;IPFV;NOM;NOM(3,SG,NEUT)	dotlačováváno
dotlačovávat	V.PTCP;PASS;NEG;IPFV;NOM;NOM(3,SG,NEUT)	nedotlačováváno
dotlačovávat	V.PTCP;PASS;NEG;IPFV;NOM;NOM(3,PL,NEUT)	nedotlačovávána
dotlačovávat	V.PTCP;PASS;IPFV;NOM;NOM(3,SG,MASC)	dotlačováván
dotlačovávat	V.PTCP;PASS;NEG;IPFV;NOM;NOM(3,SG,MASC)	nedotlačováván
třicetihaléřovost	N;DAT(PL,FEM)	třicetihaléřovostem
třicetihaléřovost	N;VOC(PL,FEM)	třicetihaléřovosti
třicetihaléřovost	N;ESS(PL,FEM)	třicetihaléřovostech
třicetihaléřovost	N;DAT(SG,FEM)	třicetihaléřovosti
třicetihaléřovost	N;INS(SG,FEM)	třicetihaléřovostí
delikventčin	ADJ;GEN(PL,FEM)	delikventčiných
delikventčin	ADJ;ESS(PL,FEM)	delikventčiných
delikventčin	ADJ;INS(PL,FEM)	delikventčinými
delikventčin	ADJ;NOM(SG,FEM)	delikventčina
delikventčin	ADJ;GEN(SG,FEM)	delikventčiny
delikventčin	ADJ;VOC(SG,FEM)	delikventčina
delikventčin	ADJ;ESS(SG,FEM)	delikventčině
delikventčin	ADJ;NOM(PL,MASC,INAN)	delikventčiny
delikventčin	ADJ;GEN(PL,MASC,INAN)	delikventčiných
delikventčin	ADJ;DAT(PL,MASC,INAN)	delikventčiným
delikventčin	ADJ;VOC(PL,MASC,INAN)	delikventčiny
delikventčin	ADJ;ESS(PL,MASC,INAN)	delikventčiných
delikventčin	ADJ;DAT(SG,MASC,INAN)	delikventčinmu
delikventčin	ADJ;ACC(SG,MASC,INAN)	delikventčin
delikventčin	ADJ;ESS(SG,MASC,INAN)	delikventčině
delikventčin	ADJ;NOM(PL,MASC,ANIM)	delikventčini
delikventčin	ADJ;DAT(PL,MASC,ANIM)	delikventčiným
delikventčin	ADJ;ESS(PL,MASC,ANIM)	delikventčiných
delikventčin	ADJ;INS(PL,MASC,ANIM)	delikventčinými
delikventčin	ADJ;DAT(SG,MASC,ANIM)	delikventčinu
delikventčin	ADJ;ACC(SG,MASC,ANIM)	delikventčina
delikventčin	ADJ;ESS(SG,MASC,ANIM)	delikventčině
delikventčin	ADJ;INS(SG,MASC,ANIM)	delikventčiným
delikventčin	ADJ;NOM(PL,NEUT)	delikventčina
delikventčin	ADJ;DAT(PL,NEUT)	delikventčiným
delikventčin	ADJ;ACC(PL,NEUT)	delikventčina
delikventčin	ADJ;VOC(PL,NEUT)	delikventčina
delikventčin	ADJ;ESS(PL,NEUT)	delikventčiných
delikventčin	ADJ;INS(PL,NEUT)	delikventčinými
delikventčin	ADJ;DAT(SG,NEUT)	delikventčinu
delikventčin	ADJ;VOC(SG,NEUT)	delikventčino
delikventčin	ADJ;ESS(SG,NEUT)	delikventčině
delikventčin	ADJ;INS(SG,NEUT)	delikventčinm
vašnostovanost	N;ACC(PL,FEM)	vašnostovanosti
vašnostovanost	N;NOM(SG,FEM)	vašnostovanost
vašnostovanost	N;DAT(SG,FEM)	vašnostovanosti
vašnostovanost	N;ACC(SG,FEM)	vašnostovanost
zašmátravší	ADJ;VOC(PL,FEM)	zašmátravšie
zašmátravší	ADJ;INS(PL,FEM)	zašmátravšími
zašmátravší	ADJ;GEN(SG,FEM)	zašmátravšej
zašmátravší	ADJ;VOC(SG,FEM)	zašmátravšia
zašmátravší	ADJ;ESS(SG,FEM)	zašmátravšej
zašmátravší	ADJ;INS(SG,FEM)	zašmátravšou
zašmátravší	ADJ;DAT(PL,MASC,INAN)	zašmátravším
zašmátravší	ADJ;ACC(PL,MASC,INAN)	zašmátravšie
zašmátravší	ADJ;ESS(PL,MASC,INAN)	zašmátravších
zašmátravší	ADJ;INS(PL,MASC,INAN)	zašmátravšími
zašmátravší	ADJ;NOM(SG,MASC,INAN)	zašmátravší
zašmátravší	ADJ;GEN(SG,MASC,INAN)	zašmátravšieho
zašmátravší	ADJ;NOM(PL,MASC,ANIM)	zašmátravší
zašmátravší	ADJ;GEN(PL,MASC,ANIM)	zašmátravších
zašmátravší	ADJ;ACC(PL,MASC,ANIM)	zašmátravších
zašmátravší	ADJ;VOC(PL,MASC,ANIM)	zašmátravší
zašmátravší	ADJ;ESS(PL,MASC,ANIM)	zašmátravších
zašmátravší	ADJ;NOM(SG,MASC,ANIM)	zašmátravší
zašmátravší	ADJ;GEN(SG,MASC,ANIM)	zašmátravšieho
zašmátravší	ADJ;DAT(SG,MASC,ANIM)	zašmátravšímu
zašmátravší	ADJ;DAT(PL,NEUT)	zašmátravším
zašmátravší	ADJ;ACC(PL,NEUT)	zašmátravšie
zašmátravší	ADJ;VOC(PL,NEUT)	zašmátravšie
zašmátravší	ADJ;NOM(SG,NEUT)	zašmátravšie
zašmátravší	ADJ;VOC(SG,NEUT)	zašmátravšie
vyplavávající	ADJ;INS(DU,FEM)	vyplavávajícíma
vyplavávající	ADJ;ACC(PL,FEM)	vyplavávající
vyplavávající	ADJ;DAT(SG,FEM)	vyplavávající
vyplavávající	ADJ;ACC(SG,FEM)	vyplavávající
vyplavávající	ADJ;NOM(PL,MASC,INAN)	vyplavávající
vyplavávající	ADJ;DAT(PL,MASC,INAN)	vyplavávajícím
vyplavávající	ADJ;INS(PL,MASC,INAN)	vyplavávajícími
vyplavávající	ADJ;DAT(SG,MASC,INAN)	vyplavávajícímu
vyplavávající	ADJ;ESS(SG,MASC,INAN)	vyplavávajícím
vyplavávající	ADJ;NOM(PL,MASC,ANIM)	vyplavávající
vyplavávající	ADJ;GEN(PL,MASC,ANIM)	vyplavávajících
vyplavávající	ADJ;ACC(PL,MASC,ANIM)	vyplavávající
vyplavávající	ADJ;VOC(PL,MASC,ANIM)	vyplavávající
vyplavávající	ADJ;ESS(PL,MASC,ANIM)	vyplavávajících
vyplavávající	ADJ;NOM(SG,MASC,ANIM)	vyplavávající
vyplavávající	ADJ;ACC(SG,MASC,ANIM)	vyplavávajícího
vyplavávající	ADJ;VOC(SG,MASC,ANIM)	vyplavávající
vyplavávající	ADJ;INS(PL,NEUT)	vyplavávajícími
vyplavávající	ADJ;DAT(SG,NEUT)	vyplavávajícímu
vyplavávající	ADJ;ESS(SG,NEUT)	vyplavávajícím
přeťukávatelně	ADV	přeťukávatelně
přeťukávatelně	ADV	přeťukávatelně
fotosenzitivní	ADJ;INS(DU,FEM)	fotosenzitivníma
fotosenzitivní	ADJ;CMPR;GEN(PL,FEM)	fotosenzitivní
fotosenzitivní	ADJ;CMPR;DAT(PL,FEM)	fotosenzitivním
fotosenzitivní	ADJ;SPRL;DAT(PL,FEM)	najfotosenzitivnějším
fotosenzitivní	ADJ;ACC(PL,FEM)	fotosenzitivní
fotosenzitivní	ADJ;CMPR;VOC(PL,FEM)	fotosenzitivnější
fotosenzitivní	ADJ;ESS(PL,FEM)	fotosenzitivních
fotosenzitivní	ADJ;NOM(SG,FEM)	fotosenzitivní
fotosenzitivní	ADJ;SPRL;NOM(SG,FEM)	najfotosenzitivnější
fotosenzitivní	ADJ;CMPR;DAT(SG,FEM)	fotosenzitivnější
fotosenzitivní	ADJ;SPRL;DAT(SG,FEM)	nejfotosenzitivnější
fotosenzitivní	ADJ;CMPR;VOC(SG,FEM)	fotosenzitivní
fotosenzitivní	ADJ;CMPR;ESS(SG,FEM)	fotosenzitivní
fotosenzitivní	ADJ;INS(SG,FEM)	fotosenzitivnou
fotosenzitivní	ADJ;SPRL;INS(SG,FEM)	nejfotosenzitivní
fotosenzitivní	ADJ;NOM(PL,MASC,INAN)	fotosenzitivní
fotosenzitivní	ADJ;CMPR;NOM(PL,MASC,INAN)	fotosenzitivní
fotosenzitivní	ADJ;GEN(PL,MASC,INAN)	fotosenzitivních
fotosenzitivní	ADJ;SPRL;GEN(PL,MASC,INAN)	nejfotosenzitivníjších
fotosenzitivní	ADJ;DAT(PL,MASC,INAN)	fotosenzitivním
fotosenzitivní	ADJ;ACC(PL,MASC,INAN)	fotosenzitivní
fotosenzitivní	ADJ;CMPR;ACC(PL,MASC,INAN)	fotosenzitivní
fotosenzitivní	ADJ;VOC(PL,MASC,INAN)	fotosenzitivní
fotosenzitivní	ADJ;CMPR;VOC(PL,MASC,INAN)	fotosenzitivní
fotosenzitivní	ADJ;CMPR;ESS(PL,MASC,INAN)	fotosenzitivnějších
fotosenzitivní	ADJ;SPRL;INS(PL,MASC,INAN)	nejfotosenzitivníjšími
fotosenzitivní	ADJ;NOM(SG,MASC,INAN)	fotosenzitivní
fotosenzitivní	ADJ;CMPR;NOM(SG,MASC,INAN)	fotosenzitivní
fotosenzitivní	ADJ;SPRL;NOM(SG,MASC,INAN)	nejfotosenzitivníjší
fotosenzitivní	ADJ;GEN(SG,MASC,INAN)	fotosenzitivního
fotosenzitivní	ADJ;CMPR;GEN(SG,MASC,INAN)	fotosenzitivnějšího
fotosenzitivní	ADJ;SPRL;GEN(SG,MASC,INAN)	nejfotosenzitivního
fotosenzitivní	ADJ;SPRL;DAT(SG,MASC,INAN)	nejfotosenzitivnímu
fotosenzitivní	ADJ;CMPR;ACC(SG,MASC,INAN)	fotosenzitivní
fotosenzitivní	ADJ;CMPR;VOC(SG,MASC,INAN)	fotosenzitivní
fotosenzitivní	ADJ;SPRL;VOC(SG,MASC,INAN)	nejfotosenzitivnější
fotosenzitivní	ADJ;ESS(SG,MASC,INAN)	fotosenzitivním
fotosenzitivní	ADJ;CMPR;ESS(SG,MASC,INAN)	fotosenzitivnějším
fotosenzitivní	ADJ;SPRL;ESS(SG,MASC,INAN)	nejfotosenzitivnějším
fotosenzitivní	ADJ;CMPR;INS(SG,MASC,INAN)	fotosenzitivnějším
fotosenzitivní	ADJ;SPRL;INS(SG,MASC,INAN)	nejfotosenzitivníjším
fotosenzitivní	ADJ;NOM(PL,MASC,ANIM)	fotosenzitivní
fotosenzitivní	ADJ;CMPR;NOM(PL,MASC,ANIM)	fotosenzitivní
fotosenzitivní	ADJ;CMPR;GEN(PL,MASC,ANIM)	fotosenzitivnějších
fotosenzitivní	ADJ;SPRL;GEN(PL,MASC,ANIM)	nejfotosenzitivní
fotosenzitivní	ADJ;DAT(PL,MASC,ANIM)	fotosenzitivním
fotosenzitivní	ADJ;SPRL;DAT(PL,MASC,ANIM)	najfotosenzitivníjším
fotosenzitivní	ADJ;ACC(PL,MASC,ANIM)	fotosenzitivní
fotosenzitivní	ADJ;SPRL;ACC(PL,MASC,ANIM)	nejfotosenzitivní
fotosenzitivní	ADJ;CMPR;VOC(PL,MASC,ANIM)	fotosenzitivní
fotosenzitivní	ADJ;CMPR;ESS(PL,MASC,ANIM)	fotosenzitivní
fotosenzitivní	ADJ;INS(PL,MASC,ANIM)	fotosenzitivními
fotosenzitivní	ADJ;CMPR;INS(PL,MASC,ANIM)	fotosenzitivníjšími
fotosenzitivní	ADJ;SPRL;INS(PL,MASC,ANIM)	nejfotosenzitivníjšími
fotosenzitivní	ADJ;NOM(SG,MASC,ANIM)	fotosenzitivní
fotosenzitivní	ADJ;CMPR;GEN(SG,MASC,ANIM)	fotosenzitivního
fotosenzitivní	ADJ;SPRL;GEN(SG,MASC,ANIM)	nejfotosenzitivního
fotosenzitivní	ADJ;DAT(SG,MASC,ANIM)	fotosenzitivnímu
fotosenzitivní	ADJ;SPRL;ACC(SG,MASC,ANIM)	nejfotosenzitivnějšího
fotosenzitivní	ADJ;ESS(SG,MASC,ANIM)	fotosenzitivním
fotosenzitivní	ADJ;CMPR;ESS(SG,MASC,ANIM)	fotosenzitivnějším
fotosenzitivní	ADJ;INS(SG,MASC,ANIM)	fotosenzitivním
fotosenzitivní	ADJ;CMPR;NOM(PL,NEUT)	fotosenzitivní
fotosenzitivní	ADJ;SPRL;NOM(PL,NEUT)	nejfotosenzitivní
fotosenzitivní	ADJ;DAT(PL,NEUT)	fotosenzitivním
fotosenzitivní	ADJ;CMPR;DAT(PL,NEUT)	fotosenzitivním
fotosenzitivní	ADJ;CMPR;ACC(PL,NEUT)	fotosenzitivní
fotosenzitivní	ADJ;SPRL;ACC(PL,NEUT)	nejfotosenzitivnější
fotosenzitivní	ADJ;CMPR;VOC(PL,NEUT)	fotosenzitivnější
fotosenzitivní	ADJ;ESS(PL,NEUT)	fotosenzitivních
fotosenzitivní	ADJ;CMPR;INS(PL,NEUT)	fotosenzitivnějšími
fotosenzitivní	ADJ;CMPR;NOM(SG,NEUT)	fotosenzitivní
fotosenzitivní	ADJ;SPRL;NOM(SG,NEUT)	nejfotosenzitivní
fotosenzitivní	ADJ;GEN(SG,NEUT)	fotosenzitivního
fotosenzitivní	ADJ;SPRL;GEN(SG,NEUT)	nejfotosenzitivního
fotosenzitivní	ADJ;DAT(SG,NEUT)	fotosenzitivnímu
fotosenzitivní	ADJ;CMPR;DAT(SG,NEUT)	fotosenzitivnějšímu
fotosenzitivní	ADJ;SPRL;DAT(SG,NEUT)	nejfotosenzitivnějšímu
fotosenzitivní	ADJ;ACC(SG,NEUT)	fotosenzitivní
fotosenzitivní	ADJ;CMPR;ACC(SG,NEUT)	fotosenzitivní
fotosenzitivní	ADJ;SPRL;INS(SG,NEUT)	nejfotosenzitivnějším
pseudoekonomickost	N;NOM(PL,FEM)	pseudoekonomickosti
pseudoekonomickost	N;GEN(PL,FEM)	pseudoekonomickostí
pseudoekonomickost	N;DAT(PL,FEM)	pseudoekonomickostem
pseudoekonomickost	N;VOC(PL,FEM)	pseudoekonomickosti
pseudoekonomickost	N;NOM(SG,FEM)	pseudoekonomickost
pseudoekonomickost	N;ESS(SG,FEM)	pseudoekonomickosti
idealizovávání	N;ACC(PL,NEUT)	idealizovávání
idealizovávání	N;VOC(PL,NEUT)	idealizovávání
idealizovávání	N;ESS(PL,NEUT)	idealizováváních
idealizovávání	N;ACC(SG,NEUT)	idealizovávání
idealizovávání	N;VOC(SG,NEUT)	idealizovávání
zaaltajský	ADJ;CMPR;INS(DU,FEM)	zaaltajštějšíma
zaaltajský	ADJ;SPRL;INS(DU,FEM)	nejzaaltajštějšíma
zaaltajský	ADJ;NOM(PL,FEM)	zaaltajské
zaaltajský	ADJ;SPRL;NOM(PL,FEM)	nejzaaltajštější
zaaltajský	ADJ;CMPR;GEN(PL,FEM)	zaaltajštějších
zaaltajský	ADJ;VOC(PL,FEM)	zaaltajské
zaaltajský	ADJ;CMPR;VOC(PL,FEM)	zaaltajštější
zaaltajský	ADJ;SPRL;VOC(PL,FEM)	nejzaaltajštější
zaaltajský	ADJ;SPRL;ESS(PL,FEM)	nejzaaltajštějších
zaaltajský	ADJ;INS(PL,FEM)	zaaltajskými
zaaltajský	ADJ;CMPR;INS(PL,FEM)	zaaltajštějšími
zaaltajský	ADJ;SPRL;NOM(SG,FEM)	najzaaltajštější
zaaltajský	ADJ;GEN(SG,FEM)	zaaltajské
zaaltajský	ADJ;CMPR;GEN(SG,FEM)	zaaltajštější
zaaltajský	ADJ;DAT(SG,FEM)	zaaltajské
zaaltajský	ADJ;SPRL;VOC(SG,FEM)	nejzaaltajštější
zaaltajský	ADJ;CMPR;ESS(SG,FEM)	zaaltajštější
zaaltajský	ADJ;SPRL;ESS(SG,FEM)	nejzaaltajštější
zaaltajský	ADJ;SPRL;INS(SG,FEM)	nejzaaltajštější
zaaltajský	ADJ;NOM(PL,MASC,INAN)	zaaltajské
zaaltajský	ADJ;SPRL;NOM(PL,MASC,INAN)	nejzaaltajštější
zaaltajský	ADJ;CMPR;GEN(PL,MASC,INAN)	zaaltajštějších
zaaltajský	ADJ;SPRL;GEN(PL,MASC,INAN)	nejzaaltajštějších
zaaltajský	ADJ;CMPR;DAT(PL,MASC,INAN)	zaaltajštějším
zaaltajský	ADJ;ACC(PL,MASC,INAN)	zaaltajské
zaaltajský	ADJ;CMPR;ACC(PL,MASC,INAN)	zaaltajštější
zaaltajský	ADJ;SPRL;ACC(PL,MASC,INAN)	nejzaaltajštější
zaaltajský	ADJ;VOC(PL,MASC,INAN)	zaaltajské
zaaltajský	ADJ;INS(PL,MASC,INAN)	zaaltajskými
zaaltajský	ADJ;NOM(SG,MASC,INAN)	zaaltajský
zaaltajský	ADJ;SPRL;NOM(SG,MASC,INAN)	nejzaaltajštější
zaaltajský	ADJ;GEN(SG,MASC,INAN)	zaaltajského
zaaltajský	ADJ;DAT(SG,MASC,INAN)	zaaltajskému
zaaltajský	ADJ;CMPR;DAT(SG,MASC,INAN)	zaaltajštějšímu
zaaltajský	ADJ;SPRL;DAT(SG,MASC,INAN)	nejzaaltajštějšímu
zaaltajský	ADJ;ACC(SG,MASC,INAN)	zaaltajský
zaaltajský	ADJ;CMPR;VOC(SG,MASC,INAN)	zaaltajštější
zaaltajský	ADJ;ESS(SG,MASC,INAN)	zaaltajskom
zaaltajský	ADJ;SPRL;ESS(SG,MASC,INAN)	nejzaaltajštějším
zaaltajský	ADJ;CMPR;INS(SG,MASC,INAN)	zaaltajštějším
zaaltajský	ADJ;NOM(PL,MASC,ANIM)	zaaltajští
zaaltajský	ADJ;SPRL;NOM(PL,MASC,ANIM)	najzaaltajštější
zaaltajský	ADJ;GEN(PL,MASC,ANIM)	zaaltajských
zaaltajský	ADJ;CMPR;GEN(PL,MASC,ANIM)	zaaltajštějších
zaaltajský	ADJ;SPRL;GEN(PL,MASC,ANIM)	nejzaaltajštějších
zaaltajský	ADJ;DAT(PL,MASC,ANIM)	zaaltajským
zaaltajský	ADJ;CMPR;DAT(PL,MASC,ANIM)	zaaltajštějším
zaaltajský	ADJ;SPRL;DAT(PL,MASC,ANIM)	najzaaltajštějším
zaaltajský	ADJ;VOC(PL,MASC,ANIM)	zaaltajští
zaaltajský	ADJ;INS(PL,MASC,ANIM)	zaaltajskými
zaaltajský	ADJ;NOM(SG,MASC,ANIM)	zaaltajský
zaaltajský	ADJ;SPRL;NOM(SG,MASC,ANIM)	nejzaaltajštější
zaaltajský	ADJ;GEN(SG,MASC,ANIM)	zaaltajského
zaaltajský	ADJ;SPRL;GEN(SG,MASC,ANIM)	nejzaaltajštějšího
zaaltajský	ADJ;CMPR;DAT(SG,MASC,ANIM)	zaaltajštějšímu
zaaltajský	ADJ;SPRL;DAT(SG,MASC,ANIM)	nejzaaltajštějšímu
zaaltajský	ADJ;CMPR;ACC(SG,MASC,ANIM)	zaaltajštějšího
zaaltajský	ADJ;VOC(SG,MASC,ANIM)	zaaltajský
zaaltajský	ADJ;CMPR;VOC(SG,MASC,ANIM)	zaaltajštější
zaaltajský	ADJ;SPRL;VOC(SG,MASC,ANIM)	nejzaaltajštější
zaaltajský	ADJ;ESS(SG,MASC,ANIM)	zaaltajském
zaaltajský	ADJ;SPRL;ESS(SG,MASC,ANIM)	nejzaaltajštějším
zaaltajský	ADJ;INS(SG,MASC,ANIM)	zaaltajským
zaaltajský	ADJ;NOM(PL,NEUT)	zaaltajská
zaaltajský	ADJ;CMPR;GEN(PL,NEUT)	zaaltajštějších
zaaltajský	ADJ;DAT(PL,NEUT)	zaaltajským
zaaltajský	ADJ;CMPR;DAT(PL,NEUT)	zaaltajštějším
zaaltajský	ADJ;ACC(PL,NEUT)	zaaltajská
zaaltajský	ADJ;CMPR;ESS(PL,NEUT)	zaaltajštějších
zaaltajský	ADJ;SPRL;ESS(PL,NEUT)	nejzaaltajštějších
zaaltajský	ADJ;CMPR;INS(PL,NEUT)	zaaltajštějšími
zaaltajský	ADJ;DAT(SG,NEUT)	zaaltajskému
zaaltajský	ADJ;SPRL;DAT(SG,NEUT)	nejzaaltajskejšiemu
zaaltajský	ADJ;ACC(SG,NEUT)	zaaltajské
zaaltajský	ADJ;SPRL;ACC(SG,NEUT)	nejzaaltajskejšie
zaaltajský	ADJ;SPRL;ESS(SG,NEUT)	nejzaaltajštějším
zaaltajský	ADJ;CMPR;INS(SG,NEUT)	zaaltajštějším
zaaltajský	ADJ;SPRL;INS(SG,NEUT)	nejzaaltajskejším
orlovitý	ADJ;INS(DU,FEM)	orlovitýma
orlovitý	ADJ;GEN(PL,FEM)	orlovitých
orlovitý	ADJ;SPRL;GEN(PL,FEM)	nejorlovitějších
orlovitý	ADJ;CMPR;DAT(PL,FEM)	orlovitějším
orlovitý	ADJ;SPRL;DAT(PL,FEM)	najorlovitejším
orlovitý	ADJ;CMPR;ACC(PL,FEM)	orlovitější
orlovitý	ADJ;VOC(PL,FEM)	orlovité
orlovitý	ADJ;SPRL;VOC(PL,FEM)	nejorlovitější
orlovitý	ADJ;ESS(PL,FEM)	orlovitých
orlovitý	ADJ;SPRL;INS(PL,FEM)	nejorlovitějšími
orlovitý	ADJ;NOM(SG,FEM)	orlovitá
orlovitý	ADJ;SPRL;NOM(SG,FEM)	najorlovitější
orlovitý	ADJ;SPRL;GEN(SG,FEM)	nejorlovitější
orlovitý	ADJ;VOC(SG,FEM)	orlovitá
orlovitý	ADJ;SPRL;VOC(SG,FEM)	nejorlovitější
orlovitý	ADJ;ESS(SG,FEM)	orlovité
orlovitý	ADJ;SPRL;ESS(SG,FEM)	nejorlovitější
orlovitý	ADJ;CMPR;NOM(PL,MASC,INAN)	orlovitější
orlovitý	ADJ;ACC(PL,MASC,INAN)	orlovité
orlovitý	ADJ;SPRL;ACC(PL,MASC,INAN)	nejorlovitejšie
orlovitý	ADJ;VOC(PL,MASC,INAN)	orlovité
orlovitý	ADJ;NOM(SG,MASC,INAN)	orlovitý
orlovitý	ADJ;SPRL;NOM(SG,MASC,INAN)	nejorlovitější
orlovitý	ADJ;DAT(SG,MASC,INAN)	orlovitému
orlovitý	ADJ;CMPR;DAT(SG,MASC,INAN)	orlovitějšímu
orlovitý	ADJ;SPRL;ACC(SG,MASC,INAN)	nejorlovitější
orlovitý	ADJ;VOC(SG,MASC,INAN)	orlovitý
orlovitý	ADJ;SPRL;VOC(SG,MASC,INAN)	nejorlovitejší
orlovitý	ADJ;CMPR;ESS(SG,MASC,INAN)	orlovitejšom
orlovitý	ADJ;SPRL;ESS(SG,MASC,INAN)	nejorlovitejšom
orlovitý	ADJ;INS(SG,MASC,INAN)	orlovitým
orlovitý	ADJ;NOM(PL,MASC,ANIM)	orlovití
orlovitý	ADJ;SPRL;NOM(PL,MASC,ANIM)	najorlovitejší
orlovitý	ADJ;CMPR;GEN(PL,MASC,ANIM)	orlovitějších
orlovitý	ADJ;SPRL;GEN(PL,MASC,ANIM)	nejorlovitejších
orlovitý	ADJ;DAT(PL,MASC,ANIM)	orlovitým
orlovitý	ADJ;CMPR;DAT(PL,MASC,ANIM)	orlovitějším
orlovitý	ADJ;ACC(PL,MASC,ANIM)	orlovité
orlovitý	ADJ;SPRL;VOC(PL,MASC,ANIM)	nejorlovitejší
orlovitý	ADJ;ESS(PL,MASC,ANIM)	orlovitých
orlovitý	ADJ;CMPR;INS(PL,MASC,ANIM)	orlovitejšími
orlovitý	ADJ;SPRL;NOM(SG,MASC,ANIM)	nejorlovitější
orlovitý	ADJ;CMPR;GEN(SG,MASC,ANIM)	orlovitějšího
orlovitý	ADJ;SPRL;GEN(SG,MASC,ANIM)	nejorlovitějšího
orlovitý	ADJ;DAT(SG,MASC,ANIM)	orlovitému
orlovitý	ADJ;CMPR;ACC(SG,MASC,ANIM)	orlovitějšího
orlovitý	ADJ;VOC(SG,MASC,ANIM)	orlovitý
orlovitý	ADJ;ESS(SG,MASC,ANIM)	orlovitom
orlovitý	ADJ;CMPR;ESS(SG,MASC,ANIM)	orlovitějším
orlovitý	ADJ;SPRL;ESS(SG,MASC,ANIM)	nejorlovitějším
orlovitý	ADJ;SPRL;INS(SG,MASC,ANIM)	nejorlovitějším
orlovitý	ADJ;NOM(PL,NEUT)	orlovitá
orlovitý	ADJ;CMPR;NOM(PL,NEUT)	orlovitější
orlovitý	ADJ;GEN(PL,NEUT)	orlovitých
orlovitý	ADJ;SPRL;ACC(PL,NEUT)	nejorlovitější
orlovitý	ADJ;SPRL;VOC(PL,NEUT)	nejorlovitejšie
orlovitý	ADJ;SPRL;ESS(PL,NEUT)	nejorlovitějších
orlovitý	ADJ;SPRL;INS(PL,NEUT)	nejorlovitějšími
orlovitý	ADJ;CMPR;NOM(SG,NEUT)	orlovitější
orlovitý	ADJ;SPRL;GEN(SG,NEUT)	nejorlovitejšieho
orlovitý	ADJ;DAT(SG,NEUT)	orlovitému
orlovitý	ADJ;CMPR;DAT(SG,NEUT)	orlovitějšímu
orlovitý	ADJ;SPRL;DAT(SG,NEUT)	nejorlovitejšiemu
orlovitý	ADJ;CMPR;ACC(SG,NEUT)	orlovitejšie
orlovitý	ADJ;SPRL;ACC(SG,NEUT)	nejorlovitejšie
orlovitý	ADJ;SPRL;INS(SG,NEUT)	nejorlovitejším
revokující	ADJ;GEN(PL,FEM)	revokujících
revokující	ADJ;VOC(PL,FEM)	revokující
revokující	ADJ;ESS(PL,FEM)	revokujících
revokující	ADJ;INS(PL,FEM)	revokujícími
revokující	ADJ;GEN(SG,FEM)	revokující
revokující	ADJ;ESS(SG,FEM)	revokující
revokující	ADJ;INS(SG,FEM)	revokující
revokující	ADJ;NOM(PL,MASC,INAN)	revokující
revokující	ADJ;GEN(PL,MASC,INAN)	revokujících
revokující	ADJ;ACC(PL,MASC,INAN)	revokující
revokující	ADJ;GEN(SG,MASC,INAN)	revokujícího
revokující	ADJ;NOM(PL,MASC,ANIM)	revokující
revokující	ADJ;DAT(PL,MASC,ANIM)	revokujícím
revokující	ADJ;VOC(PL,MASC,ANIM)	revokující
revokující	ADJ;INS(PL,MASC,ANIM)	revokujícími
revokující	ADJ;DAT(SG,MASC,ANIM)	revokujícímu
revokující	ADJ;ESS(SG,MASC,ANIM)	revokujícím
revokující	ADJ;INS(SG,MASC,ANIM)	revokujícím
revokující	ADJ;GEN(PL,NEUT)	revokujících
revokující	ADJ;ESS(PL,NEUT)	revokujících
revokující	ADJ;GEN(SG,NEUT)	revokujícího
revokující	ADJ;DAT(SG,NEUT)	revokujícímu
revokující	ADJ;VOC(SG,NEUT)	revokující
protiokupantskost	N;ESS(PL,FEM)	protiokupantskostech
protiokupantskost	N;INS(PL,FEM)	protiokupantskostmi
protiokupantskost	N;ACC(SG,FEM)	protiokupantskost
protiokupantskost	N;ESS(SG,FEM)	protiokupantskosti
protiokupantskost	N;INS(SG,FEM)	protiokupantskostí
oprasenost	N;NOM(PL,FEM)	oprasenosti
oprasenost	N;ACC(PL,FEM)	oprasenosti
oprasenost	N;ESS(PL,FEM)	oprasenostech
oprasenost	N;INS(PL,FEM)	oprasenostmi
oprasenost	N;GEN(SG,FEM)	oprasenosti
oprasenost	N;ESS(SG,FEM)	oprasenosti
komeniologický	ADJ;SPRL;NOM(PL,FEM)	nejkomeniologičtější
komeniologický	ADJ;ACC(PL,FEM)	komeniologické
komeniologický	ADJ;CMPR;ACC(PL,FEM)	komeniologickejšie
komeniologický	ADJ;SPRL;ACC(PL,FEM)	najkomeniologičtější
komeniologický	ADJ;VOC(PL,FEM)	komeniologické
komeniologický	ADJ;SPRL;VOC(PL,FEM)	nejkomeniologickejšie
komeniologický	ADJ;CMPR;ESS(PL,FEM)	komeniologičtějších
komeniologický	ADJ;SPRL;ESS(PL,FEM)	nejkomeniologičtějších
komeniologický	ADJ;INS(PL,FEM)	komeniologickými
komeniologický	ADJ;SPRL;INS(PL,FEM)	nejkomeniologičtějšími
komeniologický	ADJ;SPRL;DAT(SG,FEM)	nejkomeniologičtější
komeniologický	ADJ;CMPR;ACC(SG,FEM)	komeniologickejšiu
komeniologický	ADJ;VOC(SG,FEM)	komeniologická
komeniologický	ADJ;ESS(SG,FEM)	komeniologické
komeniologický	ADJ;CMPR;ESS(SG,FEM)	komeniologickejšej
komeniologický	ADJ;CMPR;INS(SG,FEM)	komeniologičtější
komeniologický	ADJ;SPRL;INS(SG,FEM)	nejkomeniologičtější
komeniologický	ADJ;CMPR;GEN(PL,MASC,INAN)	komeniologičtějších
komeniologický	ADJ;DAT(PL,MASC,INAN)	komeniologickým
komeniologický	ADJ;SPRL;DAT(PL,MASC,INAN)	nejkomeniologičtějším
komeniologický	ADJ;VOC(PL,MASC,INAN)	komeniologické
komeniologický	ADJ;CMPR;VOC(PL,MASC,INAN)	komeniologičtější
komeniologický	ADJ;ESS(PL,MASC,INAN)	komeniologických
komeniologický	ADJ;CMPR;ESS(PL,MASC,INAN)	komeniologičtějších
komeniologický	ADJ;SPRL;ESS(PL,MASC,INAN)	nejkomeniologičtějších
komeniologický	ADJ;INS(PL,MASC,INAN)	komeniologickými
komeniologický	ADJ;NOM(SG,MASC,INAN)	komeniologický
komeniologický	ADJ;CMPR;NOM(SG,MASC,INAN)	komeniologičtější
komeniologický	ADJ;SPRL;NOM(SG,MASC,INAN)	nejkomeniologičtější
komeniologický	ADJ;GEN(SG,MASC,INAN)	komeniologického
komeniologický	ADJ;SPRL;GEN(SG,MASC,INAN)	nejkomeniologičtějšího
komeniologický	ADJ;SPRL;DAT(SG,MASC,INAN)	nejkomeniologičtějšímu
komeniologický	ADJ;ACC(SG,MASC,INAN)	komeniologický
komeniologický	ADJ;VOC(SG,MASC,INAN)	komeniologický
komeniologický	ADJ;CMPR;VOC(SG,MASC,INAN)	komeniologičtější
komeniologický	ADJ;ESS(SG,MASC,INAN)	komeniologickom
komeniologický	ADJ;CMPR;ESS(SG,MASC,INAN)	komeniologičtějším
komeniologický	ADJ;SPRL;ESS(SG,MASC,INAN)	nejkomeniologičtějším
komeniologický	ADJ;GEN(PL,MASC,ANIM)	komeniologických
komeniologický	ADJ;SPRL;GEN(PL,MASC,ANIM)	nejkomeniologičtějších
komeniologický	ADJ;CMPR;DAT(PL,MASC,ANIM)	komeniologičtějším
komeniologický	ADJ;SPRL;DAT(PL,MASC,ANIM)	najkomeniologickejším
komeniologický	ADJ;ACC(PL,MASC,ANIM)	komeniologických
komeniologický	ADJ;CMPR;ACC(PL,MASC,ANIM)	komeniologičtější
komeniologický	ADJ;SPRL;ACC(PL,MASC,ANIM)	nejkomeniologičtější
komeniologický	ADJ;VOC(PL,MASC,ANIM)	komeniologickí
komeniologický	ADJ;SPRL;VOC(PL,MASC,ANIM)	nejkomeniologičtější
komeniologický	ADJ;ESS(PL,MASC,ANIM)	komeniologických
komeniologický	ADJ;CMPR;ESS(PL,MASC,ANIM)	komeniologickejších
komeniologický	ADJ;CMPR;NOM(SG,MASC,ANIM)	komeniologickejší
komeniologický	ADJ;GEN(SG,MASC,ANIM)	komeniologického
komeniologický	ADJ;CMPR;GEN(SG,MASC,ANIM)	komeniologičtějšího
komeniologický	ADJ;CMPR;ACC(SG,MASC,ANIM)	komeniologickejšieho
komeniologický	ADJ;SPRL;ACC(SG,MASC,ANIM)	nejkomeniologičtějšího
komeniologický	ADJ;SPRL;VOC(SG,MASC,ANIM)	nejkomeniologičtější
komeniologický	ADJ;SPRL;INS(SG,MASC,ANIM)	nejkomeniologičtějším
komeniologický	ADJ;NOM(PL,NEUT)	komeniologická
komeniologický	ADJ;CMPR;GEN(PL,NEUT)	komeniologičtějších
komeniologický	ADJ;CMPR;DAT(PL,NEUT)	komeniologickejším
komeniologický	ADJ;CMPR;ACC(PL,NEUT)	komeniologičtější
komeniologický	ADJ;SPRL;ACC(PL,NEUT)	nejkomeniologičtější
komeniologický	ADJ;VOC(PL,NEUT)	komeniologická
komeniologický	ADJ;CMPR;VOC(PL,NEUT)	komeniologickejšie
komeniologický	ADJ;SPRL;VOC(PL,NEUT)	nejkomeniologičtější
komeniologický	ADJ;ESS(PL,NEUT)	komeniologických
komeniologický	ADJ;SPRL;ESS(PL,NEUT)	nejkomeniologičtějších
komeniologický	ADJ;CMPR;NOM(SG,NEUT)	komeniologickejšie
komeniologický	ADJ;SPRL;NOM(SG,NEUT)	nejkomeniologičtější
komeniologický	ADJ;DAT(SG,NEUT)	komeniologickému
komeniologický	ADJ;CMPR;DAT(SG,NEUT)	komeniologičtějšímu
komeniologický	ADJ;ACC(SG,NEUT)	komeniologické
komeniologický	ADJ;VOC(SG,NEUT)	komeniologické
komeniologický	ADJ;SPRL;VOC(SG,NEUT)	najkomeniologičtější
komeniologický	ADJ;CMPR;ESS(SG,NEUT)	komeniologičtějším
komeniologický	ADJ;INS(SG,NEUT)	komeniologickým
komeniologický	ADJ;CMPR;INS(SG,NEUT)	komeniologičtějším
tachonýrův	ADJ;NOM(PL,FEM)	tachonýrovy
tachonýrův	ADJ;GEN(PL,FEM)	tachonýrových
tachonýrův	ADJ;DAT(PL,FEM)	tachonýrovým
tachonýrův	ADJ;ACC(PL,FEM)	tachonýrovy
tachonýrův	ADJ;ESS(PL,FEM)	tachonýrových
tachonýrův	ADJ;ACC(SG,FEM)	tachonýrovu
tachonýrův	ADJ;INS(SG,FEM)	tachonýrovou
tachonýrův	ADJ;GEN(PL,MASC,INAN)	tachonýrových
tachonýrův	ADJ;DAT(PL,MASC,INAN)	tachonýrovým
tachonýrův	ADJ;ESS(PL,MASC,INAN)	tachonýrových
tachonýrův	ADJ;NOM(SG,MASC,INAN)	tachonýrův
tachonýrův	ADJ;GEN(SG,MASC,INAN)	tachonýrova
tachonýrův	ADJ;GEN(PL,MASC,ANIM)	tachonýrových
tachonýrův	ADJ;ACC(PL,MASC,ANIM)	tachonýrovy
tachonýrův	ADJ;VOC(PL,MASC,ANIM)	tachonýrovi
tachonýrův	ADJ;NOM(SG,MASC,ANIM)	tachonýrův
tachonýrův	ADJ;GEN(SG,MASC,ANIM)	tachonýrova
tachonýrův	ADJ;ACC(SG,MASC,ANIM)	tachonýrova
tachonýrův	ADJ;VOC(SG,MASC,ANIM)	tachonýrův
tachonýrův	ADJ;ESS(SG,MASC,ANIM)	tachonýrově
tachonýrův	ADJ;GEN(PL,NEUT)	tachonýrových
tachonýrův	ADJ;ACC(PL,NEUT)	tachonýrova
tachonýrův	ADJ;NOM(SG,NEUT)	tachonýrovo
tachonýrův	ADJ;GEN(SG,NEUT)	tachonýrova
tachonýrův	ADJ;DAT(SG,NEUT)	tachonýrovu
tachonýrův	ADJ;ACC(SG,NEUT)	tachonýrovo
tachonýrův	ADJ;ESS(SG,NEUT)	tachonýrově
tachonýrův	ADJ;INS(SG,NEUT)	tachonýrovým
procesovatelnost	N;ACC(PL,FEM)	procesovatelnosti
procesovatelnost	N;VOC(PL,FEM)	procesovatelnosti
procesovatelnost	N;INS(PL,FEM)	procesovatelnostmi
procesovatelnost	N;DAT(SG,FEM)	procesovatelnosti
procesovatelnost	N;VOC(SG,FEM)	procesovatelnosti
procesovatelnost	N;INS(SG,FEM)	procesovatelností
poměřovávací	ADJ;GEN(PL,FEM)	poměřovávacích
poměřovávací	ADJ;NOM(SG,FEM)	poměřovávací
poměřovávací	ADJ;DAT(SG,FEM)	poměřovávací
poměřovávací	ADJ;ESS(SG,FEM)	poměřovávacej
poměřovávací	ADJ;GEN(PL,MASC,INAN)	poměřovávacích
poměřovávací	ADJ;DAT(PL,MASC,INAN)	poměřovávacím
poměřovávací	ADJ;DAT(SG,MASC,INAN)	poměřovávacímu
poměřovávací	ADJ;INS(SG,MASC,INAN)	poměřovávacím
poměřovávací	ADJ;NOM(PL,MASC,ANIM)	poměřovávací
poměřovávací	ADJ;DAT(PL,MASC,ANIM)	poměřovávacím
poměřovávací	ADJ;ACC(PL,MASC,ANIM)	poměřovávací
poměřovávací	ADJ;VOC(PL,MASC,ANIM)	poměřovávací
poměřovávací	ADJ;ACC(SG,MASC,ANIM)	poměřovávacího
poměřovávací	ADJ;ESS(SG,MASC,ANIM)	poměřovávacom
poměřovávací	ADJ;INS(SG,MASC,ANIM)	poměřovávacím
poměřovávací	ADJ;GEN(PL,NEUT)	poměřovávacích
poměřovávací	ADJ;ACC(PL,NEUT)	poměřovávací
poměřovávací	ADJ;ESS(PL,NEUT)	poměřovávacích
poměřovávací	ADJ;NOM(SG,NEUT)	poměřovávacie
poměřovávací	ADJ;DAT(SG,NEUT)	poměřovávacímu
poměřovávací	ADJ;ACC(SG,NEUT)	poměřovávacie
Brooklyňančin	ADJ;INS(DU,FEM)	Brooklyňančinýma
Brooklyňančin	ADJ;NOM(PL,FEM)	Brooklyňančiny
Brooklyňančin	ADJ;VOC(PL,FEM)	Brooklyňančiny
Brooklyňančin	ADJ;INS(PL,FEM)	Brooklyňančinými
Brooklyňančin	ADJ;NOM(SG,FEM)	Brooklyňančina
Brooklyňančin	ADJ;DAT(SG,FEM)	Brooklyňančině
Brooklyňančin	ADJ;VOC(SG,FEM)	Brooklyňančina
Brooklyňančin	ADJ;GEN(PL,MASC,INAN)	Brooklyňančiných
Brooklyňančin	ADJ;INS(PL,MASC,INAN)	Brooklyňančinými
Brooklyňančin	ADJ;NOM(SG,MASC,INAN)	Brooklyňančin
Brooklyňančin	ADJ;GEN(SG,MASC,INAN)	Brooklyňančina
Brooklyňančin	ADJ;ACC(SG,MASC,INAN)	Brooklyňančin
Brooklyňančin	ADJ;ESS(SG,MASC,INAN)	Brooklyňančině
Brooklyňančin	ADJ;INS(SG,MASC,INAN)	Brooklyňančiným
Brooklyňančin	ADJ;NOM(PL,MASC,ANIM)	Brooklyňančini
Brooklyňančin	ADJ;GEN(PL,MASC,ANIM)	Brooklyňančiných
Brooklyňančin	ADJ;DAT(PL,MASC,ANIM)	Brooklyňančiným
Brooklyňančin	ADJ;VOC(PL,MASC,ANIM)	Brooklyňančini
Brooklyňančin	ADJ;ESS(PL,MASC,ANIM)	Brooklyňančiných
Brooklyňančin	ADJ;NOM(SG,MASC,ANIM)	Brooklyňančin
Brooklyňančin	ADJ;GEN(SG,MASC,ANIM)	Brooklyňančina
Brooklyňančin	ADJ;DAT(SG,MASC,ANIM)	Brooklyňančinu
Brooklyňančin	ADJ;ESS(SG,MASC,ANIM)	Brooklyňančině
Brooklyňančin	ADJ;ESS(PL,NEUT)	Brooklyňančiných
Brooklyňančin	ADJ;DAT(SG,NEUT)	Brooklyňančinu
Brooklyňančin	ADJ;ACC(SG,NEUT)	Brooklyňančino
vytíratelně	ADV	vytíratelně
vytíratelně	ADV;CMPR	vytíratelněji
čimčarávatelnost	N;NOM(PL,FEM)	čimčarávatelnosti
čimčarávatelnost	N;DAT(PL,FEM)	čimčarávatelnostem
čimčarávatelnost	N;ACC(PL,FEM)	čimčarávatelnosti
čimčarávatelnost	N;INS(PL,FEM)	čimčarávatelnostmi
čimčarávatelnost	N;DAT(SG,FEM)	čimčarávatelnosti
čimčarávatelnost	N;ACC(SG,FEM)	čimčarávatelnost
čimčarávatelnost	N;VOC(SG,FEM)	čimčarávatelnosti
čimčarávatelnost	N;ESS(SG,FEM)	čimčarávatelnosti
deikticky	ADV	deikticky
deikticky	ADV;CMPR	deiktičtěji
deikticky	ADV;SPRL	nejnedeiktičtěji
deikticky	ADV;SPRL	nejnedeiktičtěji
navrtací	ADJ;NOM(PL,FEM)	navrtací
navrtací	ADJ;VOC(PL,FEM)	navrtacie
navrtací	ADJ;ESS(PL,FEM)	navrtacích
navrtací	ADJ;INS(PL,FEM)	navrtacími
navrtací	ADJ;GEN(SG,FEM)	navrtací
navrtací	ADJ;DAT(SG,FEM)	navrtací
navrtací	ADJ;ACC(SG,FEM)	navrtaciu
navrtací	ADJ;ESS(SG,FEM)	navrtacej
navrtací	ADJ;INS(SG,FEM)	navrtacou
navrtací	ADJ;NOM(PL,MASC,INAN)	navrtací
navrtací	ADJ;GEN(PL,MASC,INAN)	navrtacích
navrtací	ADJ;DAT(PL,MASC,INAN)	navrtacím
navrtací	ADJ;INS(PL,MASC,INAN)	navrtacími
navrtací	ADJ;NOM(SG,MASC,INAN)	navrtací
navrtací	ADJ;GEN(SG,MASC,INAN)	navrtacieho
navrtací	ADJ;DAT(SG,MASC,INAN)	navrtacímu
navrtací	ADJ;ESS(SG,MASC,INAN)	navrtacom
navrtací	ADJ;NOM(PL,MASC,ANIM)	navrtací
navrtací	ADJ;GEN(PL,MASC,ANIM)	navrtacích
navrtací	ADJ;DAT(PL,MASC,ANIM)	navrtacím
navrtací	ADJ;ACC(PL,MASC,ANIM)	navrtacích
navrtací	ADJ;NOM(SG,MASC,ANIM)	navrtací
navrtací	ADJ;GEN(SG,MASC,ANIM)	navrtacího
navrtací	ADJ;VOC(SG,MASC,ANIM)	navrtací
navrtací	ADJ;ESS(SG,MASC,ANIM)	navrtacím
navrtací	ADJ;NOM(PL,NEUT)	navrtací
navrtací	ADJ;INS(PL,NEUT)	navrtacími
navrtací	ADJ;GEN(SG,NEUT)	navrtacieho
navrtací	ADJ;DAT(SG,NEUT)	navrtacímu
navrtací	ADJ;ESS(SG,NEUT)	navrtacím
navrtací	ADJ;INS(SG,NEUT)	navrtacím
volšovskost	N;NOM(PL,FEM)	volšovskosti
volšovskost	N;DAT(PL,FEM)	volšovskostem
volšovskost	N;ACC(PL,FEM)	volšovskosti
volšovskost	N;ESS(PL,FEM)	volšovskostech
volšovskost	N;GEN(SG,FEM)	volšovskosti
volšovskost	N;ESS(SG,FEM)	volšovskosti
vklouzací	ADJ;INS(DU,FEM)	vklouzacíma
vklouzací	ADJ;ACC(PL,FEM)	vklouzacie
vklouzací	ADJ;VOC(PL,FEM)	vklouzacie
vklouzací	ADJ;ESS(PL,FEM)	vklouzacích
vklouzací	ADJ;INS(PL,FEM)	vklouzacími
vklouzací	ADJ;NOM(SG,FEM)	vklouzacia
vklouzací	ADJ;DAT(SG,FEM)	vklouzací
vklouzací	ADJ;VOC(SG,FEM)	vklouzacia
vklouzací	ADJ;VOC(PL,MASC,INAN)	vklouzacie
vklouzací	ADJ;INS(PL,MASC,INAN)	vklouzacími
vklouzací	ADJ;ESS(SG,MASC,INAN)	vklouzacom
vklouzací	ADJ;INS(SG,MASC,INAN)	vklouzacím
vklouzací	ADJ;NOM(PL,MASC,ANIM)	vklouzací
vklouzací	ADJ;INS(PL,MASC,ANIM)	vklouzacími
vklouzací	ADJ;GEN(SG,MASC,ANIM)	vklouzacího
vklouzací	ADJ;ESS(SG,MASC,ANIM)	vklouzacom
vklouzací	ADJ;VOC(PL,NEUT)	vklouzacie
vklouzací	ADJ;DAT(SG,NEUT)	vklouzacímu
vklouzací	ADJ;ACC(SG,NEUT)	vklouzacie
načeřitelnost	N;NOM(PL,FEM)	načeřitelnosti
načeřitelnost	N;GEN(PL,FEM)	načeřitelností
načeřitelnost	N;ACC(PL,FEM)	načeřitelnosti
načeřitelnost	N;INS(PL,FEM)	načeřitelnostmi
načeřitelnost	N;NOM(SG,FEM)	načeřitelnost
načeřitelnost	N;ACC(SG,FEM)	načeřitelnost
načeřitelnost	N;VOC(SG,FEM)	načeřitelnosti
načeřitelnost	N;ESS(SG,FEM)	načeřitelnosti
odorizačně	ADV	odorizačně
odorizačně	ADV;CMPR	odorizačněji
odorizačně	ADV;CMPR	odorizačněji
vysoptěně	ADV	vysoptěně
odstřídávatelnost	N;GEN(PL,FEM)	odstřídávatelností
odstřídávatelnost	N;ACC(PL,FEM)	odstřídávatelnosti
odstřídávatelnost	N;VOC(PL,FEM)	odstřídávatelnosti
odstřídávatelnost	N;INS(PL,FEM)	odstřídávatelnostmi
odstřídávatelnost	N;NOM(SG,FEM)	odstřídávatelnost
odstřídávatelnost	N;ESS(SG,FEM)	odstřídávatelnosti
odstřídávatelnost	N;INS(SG,FEM)	odstřídávatelností
jola	N;NOM(PL,FEM)	joly
jola	N;DAT(PL,FEM)	jolám
jola	N;ACC(PL,FEM)	joly
jola	N;VOC(PL,FEM)	joly
jola	N;NOM(SG,FEM)	jola
jola	N;GEN(SG,FEM)	joly
jola	N;DAT(SG,FEM)	jole
jola	N;ACC(SG,FEM)	jolu
jola	N;VOC(SG,FEM)	jola
jola	N;ESS(SG,FEM)	jole
jola	N;INS(SG,FEM)	jolou
odvzdušněnost	N;GEN(PL,FEM)	odvzdušněností
odvzdušněnost	N;VOC(PL,FEM)	odvzdušněnosti
odvzdušněnost	N;ESS(PL,FEM)	odvzdušněnostech
odvzdušněnost	N;INS(PL,FEM)	odvzdušněnostmi
odvzdušněnost	N;NOM(SG,FEM)	odvzdušněnost
odvzdušněnost	N;GEN(SG,FEM)	odvzdušněnosti
odvzdušněnost	N;VOC(SG,FEM)	odvzdušněnosti
odvzdušněnost	N;INS(SG,FEM)	odvzdušněností
malokvětě	ADV;SPRL	nejnemalokvětěji
malokvětě	ADV;SPRL	nejnemalokvětěji
celiakie	N;GEN(PL,FEM)	celiakií
celiakie	N;DAT(PL,FEM)	celiakiím
celiakie	N;VOC(PL,FEM)	celiakie
celiakie	N;INS(PL,FEM)	celiakiemi
celiakie	N;NOM(SG,FEM)	celiakie
celiakie	N;GEN(SG,FEM)	celiakie
celiakie	N;DAT(SG,FEM)	celiakii
celiakie	N;ESS(SG,FEM)	celiakii
celiakie	N;INS(SG,FEM)	celiakií
čtyřiapadesátisvazkový	ADJ;CMPR;INS(DU,FEM)	čtyřiapadesátisvazkovějšíma
čtyřiapadesátisvazkový	ADJ;SPRL;INS(DU,FEM)	nejčtyřiapadesátisvazkovějšíma
čtyřiapadesátisvazkový	ADJ;SPRL;NOM(PL,FEM)	nejčtyřiapadesátisvazkovejšie
čtyřiapadesátisvazkový	ADJ;GEN(PL,FEM)	čtyřiapadesátisvazkových
čtyřiapadesátisvazkový	ADJ;SPRL;GEN(PL,FEM)	nejčtyřiapadesátisvazkovejších
čtyřiapadesátisvazkový	ADJ;SPRL;ACC(PL,FEM)	najčtyřiapadesátisvazkovejšie
čtyřiapadesátisvazkový	ADJ;CMPR;VOC(PL,FEM)	čtyřiapadesátisvazkovejšie
čtyřiapadesátisvazkový	ADJ;CMPR;ESS(PL,FEM)	čtyřiapadesátisvazkovejších
čtyřiapadesátisvazkový	ADJ;SPRL;ESS(PL,FEM)	nejčtyřiapadesátisvazkovejších
čtyřiapadesátisvazkový	ADJ;INS(PL,FEM)	čtyřiapadesátisvazkovými
čtyřiapadesátisvazkový	ADJ;CMPR;INS(PL,FEM)	čtyřiapadesátisvazkovejšími
čtyřiapadesátisvazkový	ADJ;SPRL;INS(PL,FEM)	nejčtyřiapadesátisvazkovejšími
čtyřiapadesátisvazkový	ADJ;GEN(SG,FEM)	čtyřiapadesátisvazkovej
čtyřiapadesátisvazkový	ADJ;CMPR;GEN(SG,FEM)	čtyřiapadesátisvazkovejšej
čtyřiapadesátisvazkový	ADJ;DAT(SG,FEM)	čtyřiapadesátisvazkovej
čtyřiapadesátisvazkový	ADJ;SPRL;DAT(SG,FEM)	nejčtyřiapadesátisvazkovejšej
čtyřiapadesátisvazkový	ADJ;ACC(SG,FEM)	čtyřiapadesátisvazkovú
čtyřiapadesátisvazkový	ADJ;SPRL;ACC(SG,FEM)	nejčtyřiapadesátisvazkovější
čtyřiapadesátisvazkový	ADJ;SPRL;VOC(SG,FEM)	nejčtyřiapadesátisvazkovejšia
čtyřiapadesátisvazkový	ADJ;ESS(SG,FEM)	čtyřiapadesátisvazkovej
čtyřiapadesátisvazkový	ADJ;NOM(PL,MASC,INAN)	čtyřiapadesátisvazkové
čtyřiapadesátisvazkový	ADJ;CMPR;NOM(PL,MASC,INAN)	čtyřiapadesátisvazkovejšie
čtyřiapadesátisvazkový	ADJ;SPRL;NOM(PL,MASC,INAN)	nejčtyřiapadesátisvazkovejšie
čtyřiapadesátisvazkový	ADJ;GEN(PL,MASC,INAN)	čtyřiapadesátisvazkových
čtyřiapadesátisvazkový	ADJ;CMPR;DAT(PL,MASC,INAN)	čtyřiapadesátisvazkovejším
čtyřiapadesátisvazkový	ADJ;SPRL;DAT(PL,MASC,INAN)	nejčtyřiapadesátisvazkovejším
čtyřiapadesátisvazkový	ADJ;CMPR;ACC(PL,MASC,INAN)	čtyřiapadesátisvazkovejšie
čtyřiapadesátisvazkový	ADJ;SPRL;ACC(PL,MASC,INAN)	nejčtyřiapadesátisvazkovejšie
čtyřiapadesátisvazkový	ADJ;SPRL;VOC(PL,MASC,INAN)	najčtyřiapadesátisvazkovejšie
čtyřiapadesátisvazkový	ADJ;SPRL;ESS(PL,MASC,INAN)	nejčtyřiapadesátisvazkovejších
čtyřiapadesátisvazkový	ADJ;CMPR;NOM(SG,MASC,INAN)	čtyřiapadesátisvazkovejší
čtyřiapadesátisvazkový	ADJ;GEN(SG,MASC,INAN)	čtyřiapadesátisvazkového
čtyřiapadesátisvazkový	ADJ;CMPR;GEN(SG,MASC,INAN)	čtyřiapadesátisvazkovejšieho
čtyřiapadesátisvazkový	ADJ;SPRL;GEN(SG,MASC,INAN)	nejčtyřiapadesátisvazkovejšieho
čtyřiapadesátisvazkový	ADJ;DAT(SG,MASC,INAN)	čtyřiapadesátisvazkovému
čtyřiapadesátisvazkový	ADJ;SPRL;DAT(SG,MASC,INAN)	nejčtyřiapadesátisvazkovejšiemu
čtyřiapadesátisvazkový	ADJ;CMPR;ACC(SG,MASC,INAN)	čtyřiapadesátisvazkovejší
čtyřiapadesátisvazkový	ADJ;CMPR;VOC(SG,MASC,INAN)	čtyřiapadesátisvazkovejší
čtyřiapadesátisvazkový	ADJ;ESS(SG,MASC,INAN)	čtyřiapadesátisvazkovom
čtyřiapadesátisvazkový	ADJ;CMPR;ESS(SG,MASC,INAN)	čtyřiapadesátisvazkovejšom
čtyřiapadesátisvazkový	ADJ;SPRL;ESS(SG,MASC,INAN)	nejčtyřiapadesátisvazkovejšom
čtyřiapadesátisvazkový	ADJ;NOM(PL,MASC,ANIM)	čtyřiapadesátisvazkoví
čtyřiapadesátisvazkový	ADJ;CMPR;NOM(PL,MASC,ANIM)	čtyřiapadesátisvazkovejší
čtyřiapadesátisvazkový	ADJ;GEN(PL,MASC,ANIM)	čtyřiapadesátisvazkových
čtyřiapadesátisvazkový	ADJ;CMPR;GEN(PL,MASC,ANIM)	čtyřiapadesátisvazkovejších
čtyřiapadesátisvazkový	ADJ;SPRL;GEN(PL,MASC,ANIM)	nejčtyřiapadesátisvazkovejších
čtyřiapadesátisvazkový	ADJ;SPRL;DAT(PL,MASC,ANIM)	najčtyřiapadesátisvazkovejším
čtyřiapadesátisvazkový	ADJ;ACC(PL,MASC,ANIM)	čtyřiapadesátisvazkových
čtyřiapadesátisvazkový	ADJ;CMPR;ACC(PL,MASC,ANIM)	čtyřiapadesátisvazkovejších
čtyřiapadesátisvazkový	ADJ;SPRL;ACC(PL,MASC,ANIM)	nejčtyřiapadesátisvazkovejších
čtyřiapadesátisvazkový	ADJ;VOC(PL,MASC,ANIM)	čtyřiapadesátisvazkoví
čtyřiapadesátisvazkový	ADJ;CMPR;ESS(PL,MASC,ANIM)	čtyřiapadesátisvazkovejších
čtyřiapadesátisvazkový	ADJ;INS(PL,MASC,ANIM)	čtyřiapadesátisvazkovými
čtyřiapadesátisvazkový	ADJ;CMPR;INS(PL,MASC,ANIM)	čtyřiapadesátisvazkovejšími
čtyřiapadesátisvazkový	ADJ;SPRL;NOM(SG,MASC,ANIM)	nejčtyřiapadesátisvazkovejší
čtyřiapadesátisvazkový	ADJ;GEN(SG,MASC,ANIM)	čtyřiapadesátisvazkového
čtyřiapadesátisvazkový	ADJ;SPRL;GEN(SG,MASC,ANIM)	nejčtyřiapadesátisvazkovejšieho
čtyřiapadesátisvazkový	ADJ;DAT(SG,MASC,ANIM)	čtyřiapadesátisvazkovému
čtyřiapadesátisvazkový	ADJ;SPRL;VOC(SG,MASC,ANIM)	nejčtyřiapadesátisvazkovejší
čtyřiapadesátisvazkový	ADJ;CMPR;INS(SG,MASC,ANIM)	čtyřiapadesátisvazkovejším
čtyřiapadesátisvazkový	ADJ;NOM(PL,NEUT)	čtyřiapadesátisvazkové
čtyřiapadesátisvazkový	ADJ;CMPR;NOM(PL,NEUT)	čtyřiapadesátisvazkovejšie
čtyřiapadesátisvazkový	ADJ;DAT(PL,NEUT)	čtyřiapadesátisvazkovým
čtyřiapadesátisvazkový	ADJ;CMPR;DAT(PL,NEUT)	čtyřiapadesátisvazkovejším
čtyřiapadesátisvazkový	ADJ;SPRL;ACC(PL,NEUT)	nejčtyřiapadesátisvazkovejšie
čtyřiapadesátisvazkový	ADJ;VOC(PL,NEUT)	čtyřiapadesátisvazkové
čtyřiapadesátisvazkový	ADJ;CMPR;VOC(PL,NEUT)	čtyřiapadesátisvazkovejšie
čtyřiapadesátisvazkový	ADJ;ESS(PL,NEUT)	čtyřiapadesátisvazkových
čtyřiapadesátisvazkový	ADJ;CMPR;ESS(PL,NEUT)	čtyřiapadesátisvazkovejších
čtyřiapadesátisvazkový	ADJ;NOM(SG,NEUT)	čtyřiapadesátisvazkové
čtyřiapadesátisvazkový	ADJ;SPRL;NOM(SG,NEUT)	nejčtyřiapadesátisvazkovejšie
čtyřiapadesátisvazkový	ADJ;CMPR;GEN(SG,NEUT)	čtyřiapadesátisvazkovejšieho
čtyřiapadesátisvazkový	ADJ;SPRL;GEN(SG,NEUT)	nejčtyřiapadesátisvazkovejšieho
čtyřiapadesátisvazkový	ADJ;CMPR;ACC(SG,NEUT)	čtyřiapadesátisvazkovejšie
čtyřiapadesátisvazkový	ADJ;CMPR;ESS(SG,NEUT)	čtyřiapadesátisvazkovejšom
čtyřiapadesátisvazkový	ADJ;SPRL;INS(SG,NEUT)	nejčtyřiapadesátisvazkovejším
zavrhovávanost	N;VOC(PL,FEM)	zavrhovávanosti
zavrhovávanost	N;NOM(SG,FEM)	zavrhovávanost
zavrhovávanost	N;GEN(SG,FEM)	zavrhovávanosti
zavrhovávanost	N;ACC(SG,FEM)	zavrhovávanost
zavrhovávanost	N;ESS(SG,FEM)	zavrhovávanosti
přelousknutelně	ADV	přelousknutelně
přelousknutelně	ADV;CMPR	přelousknutelněji
přelousknutelně	ADV;CMPR	přelousknutelněji
nainstalovávatelně	ADV	nainstalovávatelně
nainstalovávatelně	ADV;CMPR	nainstalovávatelněji
bezpříčinně	ADV	bezpříčinně
bezpříčinně	ADV;CMPR	bezpříčinněji
bezpříčinně	ADV;SPRL	nejnebezpříčinněji
rozlinutí	N;ACC(PL,NEUT)	rozlinutí
rozlinutí	N;VOC(PL,NEUT)	rozlinutí
rozlinutí	N;GEN(SG,NEUT)	rozlinutí
changajský	ADJ;SPRL;INS(DU,FEM)	nejchangajštějšíma
changajský	ADJ;NOM(PL,FEM)	changajské
changajský	ADJ;CMPR;NOM(PL,FEM)	changajštější
changajský	ADJ;SPRL;NOM(PL,FEM)	nejchangajštější
changajský	ADJ;GEN(PL,FEM)	changajských
changajský	ADJ;SPRL;GEN(PL,FEM)	nejchangajštějších
changajský	ADJ;SPRL;DAT(PL,FEM)	najchangajskejším
changajský	ADJ;ACC(PL,FEM)	changajské
changajský	ADJ;CMPR;ACC(PL,FEM)	changajštější
changajský	ADJ;SPRL;ACC(PL,FEM)	najchangajskejšie
changajský	ADJ;CMPR;VOC(PL,FEM)	changajštější
changajský	ADJ;SPRL;VOC(PL,FEM)	nejchangajštější
changajský	ADJ;ESS(PL,FEM)	changajských
changajský	ADJ;CMPR;ESS(PL,FEM)	changajštějších
changajský	ADJ;SPRL;ESS(PL,FEM)	nejchangajštějších
changajský	ADJ;INS(PL,FEM)	changajskými
changajský	ADJ;CMPR;INS(PL,FEM)	changajštějšími
changajský	ADJ;SPRL;GEN(SG,FEM)	nejchangajštější
changajský	ADJ;SPRL;INS(SG,FEM)	nejchangajštější
changajský	ADJ;GEN(PL,MASC,INAN)	changajských
changajský	ADJ;CMPR;GEN(PL,MASC,INAN)	changajštějších
changajský	ADJ;SPRL;GEN(PL,MASC,INAN)	nejchangajštějších
changajský	ADJ;CMPR;DAT(PL,MASC,INAN)	changajštějším
changajský	ADJ;SPRL;DAT(PL,MASC,INAN)	nejchangajštějším
changajský	ADJ;VOC(PL,MASC,INAN)	changajské
changajský	ADJ;CMPR;VOC(PL,MASC,INAN)	changajštější
changajský	ADJ;CMPR;ESS(PL,MASC,INAN)	changajštějších
changajský	ADJ;SPRL;INS(PL,MASC,INAN)	nejchangajskejšími
changajský	ADJ;NOM(SG,MASC,INAN)	changajský
changajský	ADJ;SPRL;GEN(SG,MASC,INAN)	nejchangajštějšího
changajský	ADJ;CMPR;DAT(SG,MASC,INAN)	changajštějšímu
changajský	ADJ;SPRL;DAT(SG,MASC,INAN)	nejchangajštějšímu
changajský	ADJ;SPRL;ACC(SG,MASC,INAN)	nejchangajštější
changajský	ADJ;CMPR;VOC(SG,MASC,INAN)	changajštější
changajský	ADJ;ESS(SG,MASC,INAN)	changajskom
changajský	ADJ;CMPR;ESS(SG,MASC,INAN)	changajštějším
changajský	ADJ;CMPR;INS(SG,MASC,INAN)	changajštějším
changajský	ADJ;NOM(PL,MASC,ANIM)	changajští
changajský	ADJ;SPRL;NOM(PL,MASC,ANIM)	najchangajštější
changajský	ADJ;GEN(PL,MASC,ANIM)	changajských
changajský	ADJ;SPRL;GEN(PL,MASC,ANIM)	nejchangajštějších
changajský	ADJ;DAT(PL,MASC,ANIM)	changajským
changajský	ADJ;CMPR;DAT(PL,MASC,ANIM)	changajštějším
changajský	ADJ;ACC(PL,MASC,ANIM)	changajských
changajský	ADJ;SPRL;ACC(PL,MASC,ANIM)	nejchangajštější
changajský	ADJ;VOC(PL,MASC,ANIM)	changajští
changajský	ADJ;ESS(PL,MASC,ANIM)	changajských
changajský	ADJ;SPRL;ESS(PL,MASC,ANIM)	nejchangajštějších
changajský	ADJ;INS(PL,MASC,ANIM)	changajskými
changajský	ADJ;DAT(SG,MASC,ANIM)	changajskému
changajský	ADJ;SPRL;ACC(SG,MASC,ANIM)	nejchangajštějšího
changajský	ADJ;SPRL;VOC(SG,MASC,ANIM)	nejchangajštější
changajský	ADJ;SPRL;ESS(SG,MASC,ANIM)	nejchangajštějším
changajský	ADJ;SPRL;INS(SG,MASC,ANIM)	nejchangajštějším
changajský	ADJ;NOM(PL,NEUT)	changajská
changajský	ADJ;CMPR;GEN(PL,NEUT)	changajštějších
changajský	ADJ;SPRL;GEN(PL,NEUT)	nejchangajštějších
changajský	ADJ;DAT(PL,NEUT)	changajským
changajský	ADJ;CMPR;DAT(PL,NEUT)	changajštějším
changajský	ADJ;SPRL;DAT(PL,NEUT)	nejchangajštějším
changajský	ADJ;CMPR;ACC(PL,NEUT)	changajštější
changajský	ADJ;SPRL;ACC(PL,NEUT)	nejchangajštější
changajský	ADJ;CMPR;VOC(PL,NEUT)	changajštější
changajský	ADJ;ESS(PL,NEUT)	changajských
changajský	ADJ;SPRL;ESS(PL,NEUT)	nejchangajštějších
changajský	ADJ;NOM(SG,NEUT)	changajské
changajský	ADJ;SPRL;NOM(SG,NEUT)	nejchangajštější
changajský	ADJ;SPRL;GEN(SG,NEUT)	nejchangajštějšího
changajský	ADJ;DAT(SG,NEUT)	changajskému
changajský	ADJ;SPRL;ACC(SG,NEUT)	nejchangajskejšie
changajský	ADJ;SPRL;ESS(SG,NEUT)	nejchangajštějším
changajský	ADJ;SPRL;INS(SG,NEUT)	nejchangajskejším
ohromovávanost	N;NOM(PL,FEM)	ohromovávanosti
ohromovávanost	N;DAT(PL,FEM)	ohromovávanostem
ohromovávanost	N;VOC(PL,FEM)	ohromovávanosti
ohromovávanost	N;INS(PL,FEM)	ohromovávanostmi
ohromovávanost	N;NOM(SG,FEM)	ohromovávanost
ohromovávanost	N;DAT(SG,FEM)	ohromovávanosti
ohromovávanost	N;ACC(SG,FEM)	ohromovávanost
ohromovávanost	N;ESS(SG,FEM)	ohromovávanosti
ohromovávanost	N;INS(SG,FEM)	ohromovávaností
narzãdzôcz	N;NOM(PL)	narzãdzôcze
narzãdzôcz	N;DAT(PL)	narzãdzôczom
narzãdzôcz	N;VOC(SG)	narzãdzôczu
narzãdzôcz	N;INS(PL)	narzãdzôczami
narzãdzôcz	N;ESS(SG)	narzãdzôczu
narzãdzôcz	N;DAT(SG)	narzãdzôczowi
narzãdzôcz	N;GEN(SG)	narzãdzôcza
narzãdzôcz	N;ESS(PL)	narzãdzôczach
narzãdzôcz	N;GEN(PL)	narzãdzôczy
narzãdzôcz	N;INS(SG)	narzãdzôczem
narzãdzôcz	N;ACC(PL)	narzãdzôcze
narzãdzôcz	N;ACC(SG)	narzãdzôcz
narzãdzôcz	N;NOM(SG)	narzãdzôcz
narzãdzôcz	N;VOC(PL)	narzãdzôcze
Jastrë	N;VOC(PL)	Jastrë
Jastrë	N;ESS(PL)	Jastrë
Jastrë	N;DAT(PL)	Jastrë
Jastrë	N;GEN(PL)	Jastrë
Jastrë	N;ACC(PL)	Jastrë
Jastrë	N;ACC(PL)	Jastrë
Jastrë	N;NOM(PL)	Jastrë
pòniedzôłk	N;NOM(PL)	pòniedzôłki
pòniedzôłk	N;DAT(PL)	pòniedzôłkam
pòniedzôłk	N;VOC(SG)	pòniedzôłku
pòniedzôłk	N;INS(PL)	pòniedzôłkami
pòniedzôłk	N;ESS(SG)	pòniedzôłku
pòniedzôłk	N;DAT(SG)	pòniedzôłkoju
pòniedzôłk	N;GEN(SG)	pòniedzôłka
pòniedzôłk	N;ESS(PL)	pòniedzôłkach
pòniedzôłk	N;GEN(PL)	pòniedzôłków
pòniedzôłk	N;INS(SG)	pòniedzôłkom
pòniedzôłk	N;ACC(PL)	pòniedzôłki
pòniedzôłk	N;ACC(SG)	pòniedzôłk
pòniedzôłk	N;NOM(SG)	pòniedzôłk
pòniedzôłk	N;VOC(PL)	pòniedzôłki
pùjk	N;NOM(PL)	pùjki
pùjk	N;DAT(PL)	pùjkom
pùjk	N;VOC(SG)	pùjku
pùjk	N;INS(PL)	pùjkami
pùjk	N;ESS(SG)	pùjku
pùjk	N;DAT(SG)	pùjkoju
pùjk	N;GEN(SG)	pùjka
pùjk	N;ESS(PL)	pùjkach
pùjk	N;GEN(PL)	pùjkow
pùjk	N;INS(SG)	pùjkiem
pùjk	N;ACC(PL)	pùjki
pùjk	N;ACC(SG)	pùjka
pùjk	N;NOM(SG)	pùjk
pùjk	N;VOC(PL)	pùjki
môlnik	N;NOM(PL)	môlniki
môlnik	N;DAT(PL)	môlnikom
môlnik	N;VOC(SG)	môlniku
môlnik	N;INS(PL)	môlnikami
môlnik	N;ESS(SG)	môlniku
môlnik	N;DAT(SG)	môlnikowi
môlnik	N;GEN(SG)	môlnika
môlnik	N;ESS(PL)	môlnikach
môlnik	N;GEN(PL)	môlników
môlnik	N;INS(SG)	môlnikiem
môlnik	N;ACC(PL)	môlniki
môlnik	N;ACC(SG)	môlnika
môlnik	N;NOM(SG)	môlnik
môlnik	N;VOC(PL)	môlniki
wòłiwôcz	N;NOM(PL)	wòłiwôcze
wòłiwôcz	N;DAT(PL)	wòłiwôczom
wòłiwôcz	N;VOC(SG)	wòłiwôczu
wòłiwôcz	N;INS(PL)	wòłiwôczami
wòłiwôcz	N;ESS(SG)	wòłiwôczu
wòłiwôcz	N;DAT(SG)	wòłiwôczowi
wòłiwôcz	N;GEN(SG)	wòłiwôcza
wòłiwôcz	N;ESS(PL)	wòłiwôczach
wòłiwôcz	N;GEN(PL)	wòłiwôczy
wòłiwôcz	N;INS(SG)	wòłiwôczem
wòłiwôcz	N;ACC(PL)	wòłiwôcze
wòłiwôcz	N;ACC(SG)	wòłiwôcz
wòłiwôcz	N;NOM(SG)	wòłiwôcz
wòłiwôcz	N;VOC(PL)	wòłiwôcze
łżëkwiôt	N;NOM(PL)	łżëkwiôty
łżëkwiôt	N;DAT(PL)	łżëkwiôtom
łżëkwiôt	N;VOC(SG)	łżëkwiôcie
łżëkwiôt	N;INS(PL)	łżëkwiôtami
łżëkwiôt	N;ESS(SG)	łżëkwiôcie
łżëkwiôt	N;DAT(SG)	łżëkwiôtowi
łżëkwiôt	N;GEN(SG)	łżëkwiôta
łżëkwiôt	N;ESS(PL)	łżëkwiôtach
łżëkwiôt	N;GEN(PL)	łżëkwiôtów
łżëkwiôt	N;INS(SG)	łżëkwiôtem
łżëkwiôt	N;ACC(PL)	łżëkwiôty
łżëkwiôt	N;ACC(SG)	łżëkwiôt
łżëkwiôt	N;NOM(SG)	łżëkwiôt
łżëkwiôt	N;VOC(PL)	łżëkwiôty
lëstopadnik	N;NOM(PL)	lëstopadniki
lëstopadnik	N;DAT(PL)	lëstopadnikom
lëstopadnik	N;VOC(SG)	lëstopadniku
lëstopadnik	N;INS(PL)	lëstopadnikami
lëstopadnik	N;ESS(SG)	lëstopadniku
lëstopadnik	N;DAT(SG)	lëstopadnikoju
lëstopadnik	N;GEN(SG)	lëstopadnika
lëstopadnik	N;ESS(PL)	lëstopadnikach
lëstopadnik	N;GEN(PL)	lëstopadnikow
lëstopadnik	N;INS(SG)	lëstopadnikiem
lëstopadnik	N;ACC(PL)	lëstopadniki
lëstopadnik	N;ACC(SG)	lëstopadnika
lëstopadnik	N;NOM(SG)	lëstopadnik
lëstopadnik	N;VOC(PL)	lëstopadniki
sobòta	N;NOM(PL)	sobòty
sobòta	N;DAT(PL)	sobòtom
sobòta	N;VOC(SG)	sobòto
sobòta	N;INS(PL)	sobòtami
sobòta	N;ESS(SG)	sobòcie
sobòta	N;DAT(SG)	sobòcie
sobòta	N;GEN(SG)	sobòty
sobòta	N;ESS(PL)	sobòtach
sobòta	N;GEN(PL)	sobòtów
sobòta	N;INS(SG)	sobòtą
sobòta	N;ACC(PL)	sobòty
sobòta	N;ACC(SG)	sobòtę
sobòta	N;NOM(SG)	sobòta
sobòta	N;VOC(PL)	sobòci
kóń	N;NOM(PL)	kónje
kóń	N;DAT(PL)	kóniom
kóń	N;VOC(SG)	kóniu
kóń	N;INS(PL)	kónjami
kóń	N;ESS(SG)	kónju
kóń	N;DAT(SG)	kónjoju
kóń	N;GEN(SG)	kónja
kóń	N;ESS(PL)	kónjach
kóń	N;GEN(PL)	kónjow
kóń	N;INS(SG)	kónjom
kóń	N;ACC(PL)	kónje
kóń	N;ACC(SG)	kóń
kóń	N;NOM(SG)	kóń
kóń	N;VOC(PL)	kónie
nazéwôcz	N;NOM(PL)	nazéwôcze
nazéwôcz	N;DAT(PL)	nazéwôczom
nazéwôcz	N;VOC(SG)	nazéwôczu
nazéwôcz	N;INS(PL)	nazéwôczami
nazéwôcz	N;ESS(SG)	nazéwôczu
nazéwôcz	N;DAT(SG)	nazéwôczowi
nazéwôcz	N;GEN(SG)	nazéwôcza
nazéwôcz	N;ESS(PL)	nazéwôczach
nazéwôcz	N;GEN(PL)	nazéwôczy
nazéwôcz	N;INS(SG)	nazéwôczem
nazéwôcz	N;ACC(PL)	nazéwôcze
nazéwôcz	N;ACC(SG)	nazéwôcz
nazéwôcz	N;NOM(SG)	nazéwôcz
nazéwôcz	N;VOC(PL)	nazéwôcze
piątk	N;NOM(PL)	piątki
piątk	N;DAT(PL)	piątkam
piątk	N;VOC(SG)	piątku
piątk	N;INS(PL)	piątkami
piątk	N;ESS(SG)	piątku
piątk	N;DAT(SG)	piątkoju
piątk	N;GEN(SG)	piątka
piątk	N;ESS(PL)	piątkach
piątk	N;GEN(PL)	piątkow
piątk	N;INS(SG)	piątkom
piątk	N;ACC(PL)	piątki
piątk	N;ACC(SG)	piątk
piątk	N;NOM(SG)	piątk
piątk	N;VOC(PL)	piątki
rënk	N;NOM(PL)	rënki
rënk	N;DAT(PL)	rënkam
rënk	N;VOC(SG)	rënku
rënk	N;INS(PL)	rënkami
rënk	N;ESS(SG)	rënku
rënk	N;DAT(SG)	rënkoju
rënk	N;GEN(SG)	rënka
rënk	N;ESS(PL)	rënkach
rënk	N;GEN(PL)	rënkow
rënk	N;INS(SG)	rënkom
rënk	N;ACC(PL)	rënki
rënk	N;ACC(SG)	rënk
rënk	N;NOM(SG)	rënk
rënk	N;VOC(PL)	rënki
wtórk	N;NOM(PL)	wtórki
wtórk	N;DAT(PL)	wtórkam
wtórk	N;VOC(SG)	wtórku
wtórk	N;INS(PL)	wtórkami
wtórk	N;ESS(SG)	wtórku
wtórk	N;DAT(SG)	wtórkowi
wtórk	N;GEN(SG)	wtórku
wtórk	N;ESS(PL)	wtórkach
wtórk	N;GEN(PL)	wtórków
wtórk	N;INS(SG)	wtórkiem
wtórk	N;ACC(PL)	wtórki
wtórk	N;ACC(SG)	wtórk
wtórk	N;NOM(SG)	wtórk
wtórk	N;VOC(PL)	wtórki
winowôcz	N;NOM(PL)	winowôcze
winowôcz	N;DAT(PL)	winowôczom
winowôcz	N;VOC(SG)	winowôczu
winowôcz	N;INS(PL)	winowôczami
winowôcz	N;ESS(SG)	winowôczu
winowôcz	N;DAT(SG)	winowôczowi
winowôcz	N;GEN(SG)	winowôcza
winowôcz	N;ESS(PL)	winowôczach
winowôcz	N;GEN(PL)	winowôczy
winowôcz	N;INS(SG)	winowôczem
winowôcz	N;ACC(PL)	winowôcze
winowôcz	N;ACC(SG)	winowôcz
winowôcz	N;NOM(SG)	winowôcz
winowôcz	N;VOC(PL)	winowôcze
òjc	N;NOM(PL)	òjcy
òjc	N;DAT(PL)	òjm
òjc	N;VOC(SG)	òjcu
òjc	N;INS(PL)	òjcami
òjc	N;ESS(SG)	òjcu
òjc	N;DAT(SG)	òjcoju
òjc	N;GEN(SG)	òjca
òjc	N;ESS(PL)	òjcach
òjc	N;GEN(PL)	òjcow
òjc	N;INS(SG)	òjm
òjc	N;INS(SG)	òjm
òjc	N;ACC(PL)	òjce
òjc	N;ACC(SG)	òjc
òjc	N;NOM(SG)	òjc
òjc	N;VOC(PL)	òj
latawiskò	N;NOM(PL)	latawiskò
latawiskò	N;DAT(PL)	latawiskò
latawiskò	N;VOC(SG)	latawiskò
latawiskò	N;INS(PL)	latawiskò
latawiskò	N;ESS(SG)	latawiskò
latawiskò	N;DAT(SG)	latawiskò
latawiskò	N;GEN(SG)	latawiskò
latawiskò	N;ESS(PL)	latawiskò
latawiskò	N;GEN(PL)	latawiskò
latawiskò	N;INS(SG)	latawiskò
latawiskò	N;ACC(PL)	latawiskò
latawiskò	N;ACC(SG)	latawiskò
latawiskò	N;NOM(SG)	latawiskò
latawiskò	N;VOC(PL)	latawiskò
Jastra	N;VOC(PL)	Jastry
Jastra	N;ESS(PL)	Jastrach
Jastra	N;DAT(PL)	Jastram
Jastra	N;GEN(PL)	Jastrow
Jastra	N;ACC(PL)	Jastry
Jastra	N;ACC(PL)	Jastry
Jastra	N;NOM(PL)	Jastry
czerwińc	N;NOM(PL)	czerwińcy
czerwińc	N;DAT(PL)	czerwińcam
czerwińc	N;VOC(SG)	czerwińcu
czerwińc	N;INS(PL)	czerwińcami
czerwińc	N;ESS(SG)	czerwińcu
czerwińc	N;DAT(SG)	czerwińcoju
czerwińc	N;GEN(SG)	czerwińca
czerwińc	N;ESS(PL)	czerwińcach
czerwińc	N;GEN(PL)	czerwińcow
czerwińc	N;INS(SG)	czerwińcom
czerwińc	N;ACC(PL)	czerwińce
czerwińc	N;ACC(SG)	czerwińc
czerwińc	N;NOM(SG)	czerwińc
czerwińc	N;VOC(PL)	czerwiń
rujan	N;NOM(PL)	rujany
rujan	N;DAT(PL)	rujanom
rujan	N;VOC(SG)	rujanie
rujan	N;INS(PL)	rujanami
rujan	N;ESS(SG)	rujanie
rujan	N;DAT(SG)	rujanowi
rujan	N;GEN(SG)	rujanu
rujan	N;ESS(PL)	rujanach
rujan	N;GEN(PL)	rujanów
rujan	N;INS(SG)	rujanem
rujan	N;ACC(PL)	rujany
rujan	N;ACC(SG)	rujan
rujan	N;NOM(SG)	rujan
rujan	N;VOC(PL)	rujany
dôwôcz	N;NOM(PL)	dôwôcze
dôwôcz	N;DAT(PL)	dôwôczom
dôwôcz	N;VOC(SG)	dôwôczu
dôwôcz	N;INS(PL)	dôwôczami
dôwôcz	N;ESS(SG)	dôwôczu
dôwôcz	N;DAT(SG)	dôwôczowi
dôwôcz	N;GEN(SG)	dôwôcza
dôwôcz	N;ESS(PL)	dôwôczach
dôwôcz	N;GEN(PL)	dôwôczy
dôwôcz	N;INS(SG)	dôwôczem
dôwôcz	N;ACC(PL)	dôwôcze
dôwôcz	N;ACC(SG)	dôwôcz
dôwôcz	N;NOM(SG)	dôwôcz
dôwôcz	N;VOC(PL)	dôwôcze
serce	N;NOM(PL)	serce
serce	N;DAT(PL)	sercam
serce	N;VOC(SG)	sersie
serce	N;INS(PL)	sercami
serce	N;ESS(SG)	sersie
serce	N;ESS(SG)	sersie
serce	N;DAT(SG)	sercu
serce	N;GEN(SG)	serca
serce	N;ESS(PL)	sercach
serce	N;GEN(PL)	sercow
serce	N;GEN(PL)	sercow
serce	N;INS(SG)	sercom
serce	N;INS(SG)	sercom
serce	N;ACC(PL)	serca
serce	N;ACC(SG)	serce
serce	N;NOM(SG)	serce
serce	N;VOC(PL)	serca
lëpinc	N;NOM(PL)	lëpince
lëpinc	N;DAT(PL)	lëpinm
lëpinc	N;VOC(SG)	lëpincu
lëpinc	N;INS(PL)	lëpincami
lëpinc	N;ESS(SG)	lëpincu
lëpinc	N;DAT(SG)	lëpincoju
lëpinc	N;GEN(SG)	lëpinca
lëpinc	N;ESS(PL)	lëpincach
lëpinc	N;GEN(PL)	lëpincow
lëpinc	N;INS(SG)	lëpinm
lëpinc	N;ACC(PL)	lëpince
lëpinc	N;ACC(SG)	lëpinc
lëpinc	N;NOM(SG)	lëpinc
lëpinc	N;VOC(PL)	lëpin
séwnik	N;NOM(PL)	séwnicy
séwnik	N;DAT(PL)	séwnikom
séwnik	N;VOC(SG)	séwniku
séwnik	N;INS(PL)	séwnikami
séwnik	N;ESS(SG)	séwniku
séwnik	N;DAT(SG)	séwnikowi
séwnik	N;GEN(SG)	séwnika
séwnik	N;ESS(PL)	séwnikach
séwnik	N;GEN(PL)	séwników
séwnik	N;INS(SG)	séwnikiem
séwnik	N;ACC(PL)	séwników
séwnik	N;ACC(SG)	séwnika
séwnik	N;NOM(SG)	séwnik
séwnik	N;VOC(PL)	séwnicy
zélnik	N;NOM(PL)	zélniki
zélnik	N;DAT(PL)	zélnikom
zélnik	N;VOC(SG)	zélniku
zélnik	N;INS(PL)	zélnikami
zélnik	N;ESS(SG)	zélniku
zélnik	N;DAT(SG)	zélnikowi
zélnik	N;GEN(SG)	zélnika
zélnik	N;ESS(PL)	zélnikach
zélnik	N;GEN(PL)	zélników
zélnik	N;INS(SG)	zélnikiem
zélnik	N;ACC(PL)	zélniki
zélnik	N;ACC(SG)	zélnika
zélnik	N;NOM(SG)	zélnik
zélnik	N;VOC(PL)	zélniki
stëcznik	N;NOM(PL)	stëczniki
stëcznik	N;DAT(PL)	stëcznikom
stëcznik	N;VOC(SG)	stëczniku
stëcznik	N;INS(PL)	stëcznikami
stëcznik	N;ESS(SG)	stëczniku
stëcznik	N;DAT(SG)	stëcznikowi
stëcznik	N;GEN(SG)	stëcznika
stëcznik	N;ESS(PL)	stëcznikach
stëcznik	N;GEN(PL)	stëczników
stëcznik	N;INS(SG)	stëcznikiem
stëcznik	N;ACC(PL)	stëczniki
stëcznik	N;ACC(SG)	stëcznik
stëcznik	N;NOM(SG)	stëcznik
stëcznik	N;VOC(PL)	stëczniki
strzoda	N;NOM(PL)	strzody
strzoda	N;DAT(PL)	strzodom
strzoda	N;VOC(SG)	strzodo
strzoda	N;INS(PL)	strzodami
strzoda	N;ESS(SG)	strzodzie
strzoda	N;DAT(SG)	strzoźe
strzoda	N;GEN(SG)	strzody
strzoda	N;ESS(PL)	strzodach
strzoda	N;GEN(PL)	strzód
strzoda	N;INS(SG)	strzodą
strzoda	N;ACC(PL)	strzody
strzoda	N;ACC(SG)	strzodę
strzoda	N;NOM(SG)	strzoda
strzoda	N;VOC(PL)	strzody
môj	N;NOM(PL)	môje
môj	N;DAT(PL)	môjam
môj	N;VOC(SG)	môju
môj	N;INS(PL)	môjami
môj	N;ESS(SG)	môju
môj	N;DAT(SG)	môjoju
môj	N;GEN(SG)	môja
môj	N;ESS(PL)	môjach
môj	N;GEN(PL)	môjow
môj	N;INS(SG)	môjom
môj	N;ACC(PL)	môje
môj	N;ACC(SG)	môj
môj	N;NOM(SG)	môj
môj	N;VOC(PL)	môje
strumiannik	N;NOM(PL)	strumianniki
strumiannik	N;DAT(PL)	strumiannikom
strumiannik	N;VOC(SG)	strumianniku
strumiannik	N;INS(PL)	strumiannikami
strumiannik	N;ESS(SG)	strumianniku
strumiannik	N;DAT(SG)	strumiannikowi
strumiannik	N;GEN(SG)	strumiannika
strumiannik	N;ESS(PL)	strumiannikach
strumiannik	N;GEN(PL)	strumianników
strumiannik	N;INS(SG)	strumiannikiem
strumiannik	N;ACC(PL)	strumianniki
strumiannik	N;ACC(SG)	strumiannika
strumiannik	N;NOM(SG)	strumiannik
strumiannik	N;VOC(PL)	strumianniki
tidzéń	N;NOM(PL)	tidzénje
tidzéń	N;DAT(PL)	tidzéniom
tidzéń	N;VOC(SG)	tidzéniu
tidzéń	N;INS(PL)	tidzénjami
tidzéń	N;ESS(SG)	tidzénju
tidzéń	N;DAT(SG)	tidzénjoju
tidzéń	N;GEN(SG)	tidzénja
tidzéń	N;ESS(PL)	tidzénjach
tidzéń	N;GEN(PL)	tidzénjow
tidzéń	N;INS(SG)	tidzénjom
tidzéń	N;ACC(PL)	tidzénje
tidzéń	N;ACC(SG)	tidzéń
tidzéń	N;NOM(SG)	tidzéń
tidzéń	N;VOC(PL)	tidzénie
czwôrtk	N;NOM(PL)	czwôrtki
czwôrtk	N;DAT(PL)	czwôrtkam
czwôrtk	N;VOC(SG)	czwôrtku
czwôrtk	N;INS(PL)	czwôrtkami
czwôrtk	N;ESS(SG)	czwôrtku
czwôrtk	N;DAT(SG)	czwôrtkoju
czwôrtk	N;GEN(SG)	czwôrtka
czwôrtk	N;ESS(PL)	czwôrtkach
czwôrtk	N;GEN(PL)	czwôrtkow
czwôrtk	N;INS(SG)	czwôrtkom
czwôrtk	N;ACC(PL)	czwôrtki
czwôrtk	N;ACC(SG)	czwôrtk
czwôrtk	N;NOM(SG)	czwôrtk
czwôrtk	N;VOC(PL)	czwôrtki
kòt	N;NOM(PL)	kòty
kòt	N;DAT(PL)	kòtom
kòt	N;VOC(SG)	kòcie
kòt	N;INS(PL)	kòtami
kòt	N;ESS(SG)	kòcie
kòt	N;DAT(SG)	kòtowi
kòt	N;DAT(SG)	kòtowi
kòt	N;GEN(SG)	kòta
kòt	N;ESS(PL)	kòtach
kòt	N;GEN(PL)	kòtów
kòt	N;INS(SG)	kòtem
kòt	N;ACC(PL)	kòty
kòt	N;ACC(SG)	kòt
kòt	N;NOM(SG)	kòt
kòt	N;VOC(PL)	kòty
gromicznik	N;NOM(PL)	gromiczniki
gromicznik	N;DAT(PL)	gromicznikom
gromicznik	N;VOC(SG)	gromiczniku
gromicznik	N;INS(PL)	gromicznikami
gromicznik	N;ESS(SG)	gromiczniku
gromicznik	N;DAT(SG)	gromicznikowi
gromicznik	N;GEN(SG)	gromicznika
gromicznik	N;ESS(PL)	gromicznikach
gromicznik	N;GEN(PL)	gromiczników
gromicznik	N;INS(SG)	gromicznikiem
gromicznik	N;ACC(PL)	gromiczniki
gromicznik	N;ACC(SG)	gromicznik
gromicznik	N;NOM(SG)	gromicznik
gromicznik	N;VOC(PL)	gromiczniki
rodzôcz	N;NOM(PL)	rodzôcze
rodzôcz	N;DAT(PL)	rodzôczom
rodzôcz	N;VOC(SG)	rodzôczu
rodzôcz	N;INS(PL)	rodzôczami
rodzôcz	N;ESS(SG)	rodzôczu
rodzôcz	N;DAT(SG)	rodzôczowi
rodzôcz	N;GEN(SG)	rodzôcza
rodzôcz	N;ESS(PL)	rodzôczach
rodzôcz	N;GEN(PL)	rodzôczy
rodzôcz	N;INS(SG)	rodzôczem
rodzôcz	N;ACC(PL)	rodzôcze
rodzôcz	N;ACC(SG)	rodzôcz
rodzôcz	N;NOM(SG)	rodzôcz
rodzôcz	N;VOC(PL)	rodzôcze
niedzela	N;NOM(PL)	niedzele
niedzela	N;DAT(PL)	niedzelam
niedzela	N;VOC(SG)	niedzelo
niedzela	N;INS(PL)	niedzelami
niedzela	N;ESS(SG)	niedzeli
niedzela	N;DAT(SG)	niedzeli
niedzela	N;GEN(SG)	niedzele
niedzela	N;ESS(PL)	niedzelach
niedzela	N;GEN(PL)	niedzelow
niedzela	N;INS(SG)	niedzelu
niedzela	N;ACC(PL)	niedzele
niedzela	N;ACC(SG)	niedzelu
niedzela	N;NOM(SG)	niedzela
niedzela	N;VOC(PL)	niedzele
gòdnik	N;NOM(PL)	gòdniki
gòdnik	N;DAT(PL)	gòdnikom
gòdnik	N;VOC(SG)	gòdniku
gòdnik	N;INS(PL)	gòdnikami
gòdnik	N;ESS(SG)	gòdniku
gòdnik	N;DAT(SG)	gòdnikoju
gòdnik	N;GEN(SG)	gòdnika
gòdnik	N;ESS(PL)	gòdnikach
gòdnik	N;GEN(PL)	gòdnikow
gòdnik	N;INS(SG)	gòdnikiem
gòdnik	N;ACC(PL)	gòdniki
gòdnik	N;ACC(SG)	gòdnika
gòdnik	N;NOM(SG)	gòdnik
gòdnik	N;VOC(PL)	gòdniki
stolem	N;NOM(PL)	stolemy
stolem	N;DAT(PL)	stolemom
stolem	N;VOC(SG)	stolemie
stolem	N;INS(PL)	stolemami
stolem	N;ESS(SG)	stolemie
stolem	N;DAT(SG)	stolemowi
stolem	N;GEN(SG)	stolemu
stolem	N;ESS(PL)	stolemach
stolem	N;GEN(PL)	stolemów
stolem	N;INS(SG)	stolemem
stolem	N;ACC(PL)	stolemy
stolem	N;ACC(SG)	stolem
stolem	N;NOM(SG)	stolem
stolem	N;VOC(PL)	stolemy
