bezgrzeszny	ADJ;ACC(PL);sla	bezgrzeszne
bezgrzeszny	ADJ;NOM(SG,NEUT);sla	bezgrzeszne
bezgrzeszny	ADJ;ACC(SG,MASC,ANIM);sla	bezgrzesznego
bezgrzeszny	ADJ;ACC(SG,MASC,HUM);sla	bezgrzesznego
bezgrzeszny	ADJ;GEN(SG,NEUT);sla	bezgrzesznego
bezgrzeszny	ADJ;DAT(SG,FEM);sla	bezgrzesznej
bezgrzeszny	ADJ;ESS(SG,FEM);sla	bezgrzesznej
bezgrzeszny	ADJ;GEN(SG,FEM);sla	bezgrzesznej
bezgrzeszny	ADJ;DAT(SG,MASC);sla	bezgrzesznemu
bezgrzeszny	ADJ;DAT(SG,NEUT);sla	bezgrzesznemu
bezgrzeszny	ADJ;ACC(SG,MASC,INAN);sla	bezgrzeszny
bezgrzeszny	ADJ;ESS(PL);sla	bezgrzesznych
bezgrzeszny	ADJ;GEN(PL);sla	bezgrzesznych
bezgrzeszny	ADJ;ACC(PL,MASC,HUM);sla	bezgrzesznych
bezgrzeszny	ADJ;INS(SG,MASC);sla	bezgrzesznym
bezgrzeszny	ADJ;INS(SG,NEUT);sla	bezgrzesznym
bezgrzeszny	ADJ;INS(PL);sla	bezgrzesznymi
uchwyt	N;INS(PL);sla	uchwytami
uchwyt	N;ACC(SG);sla	uchwyt
uchwyt	N;DAT(PL);sla	uchwytam
uchwyt	N;DAT(SG);sla	uchwytowi
uchwyt	N;GEN(PL);sla	uchwytów
uchwyt	N;ACC(PL);sla	uchwyty
uchwyt	N;NOM(PL);sla	uchwyty
uchwyt	N;VOC(PL);sla	uchwyty
zdanie podrzędne	N;INS(PL);sla	zdanie podrzędnami
zdanie podrzędne	N;GEN(SG);sla	zdanie podrzędna
zdanie podrzędne	N;ACC(PL);sla	zdanie podrzędna
zdanie podrzędne	N;NOM(PL);sla	zdanie podrzędne
zdanie podrzędne	N;INS(SG);sla	zdanie podrzędnym
zdanie podrzędne	N;VOC(SG);sla	zdanie podrzędne
zdanie podrzędne	N;DAT(SG);sla	zdanie podrzędnu
zdanie podrzędne	N;GEN(PL);sla	zdanie podrzędnych
nosić	V;FUT;3;PL;MASC;HUM;sla	będą nosili
nosić	V;FUT;3;PL;sla	będą nosiły
nosić	V;FUT;2;PL;MASC;HUM;sla	będziecie nosili
nosić	V;FUT;2;PL;sla	będziecie nosiły
nosić	V;FUT;3;SG;FEM;sla	będzie nosiła
nosić	V;FUT;3;SG;MASC;sla	będzie nosił
nosić	V;FUT;2;SG;FEM;sla	będziesz nosiła
nosić	V;IMP;3;SG;sla	niech nosi
nosić	V;IMP;2;PL;sla	noście
nosić	V;NFIN;sla	nosić
nosić	V;COND;1;SG;FEM;sla	nosiłabym
nosić	V;COND;2;SG;FEM;sla	nosiłabyś
nosić	V;COND;3;SG;FEM;sla	nosiłaby
nosić	V;PST;1;SG;FEM;sla	nosiłam
nosić	V;COND;1;SG;MASC;sla	nosiłbym
nosić	V;COND;2;SG;MASC;sla	nosiłbyś
nosić	V;PST;2;SG;MASC;sla	nosiłeś
nosić	V;COND;2;PL;MASC;HUM;sla	nosilibyście
nosić	V;COND;1;PL;MASC;HUM;sla	nosilibyśmy
nosić	V;COND;3;PL;MASC;HUM;sla	nosiliby
nosić	V;PST;2;PL;MASC;HUM;sla	nosiliście
nosić	V;PST;1;PL;MASC;HUM;sla	nosiliśmy
nosić	V;PST;3;PL;MASC;HUM;sla	nosili
nosić	V;COND;3;SG;NEUT;sla	nosiłoby
nosić	V;PST;3;SG;MASC;sla	nosił
nosić	V;PST;2;PL;sla	nosiłyście
nosić	V;PST;3;PL;sla	nosiły
nosić	V;PRS;1;PL;sla	nosimy
nosić	V;PRS;2;SG;sla	nosisz
nosić	V;IMP;1;PL;sla	nosmy
nosić	V.PTCP;PST;ACT;SG;FEM;sla	nosząca
nosić	V.PTCP;PST;ACT;PL;sla	noszące
nosić	V.PTCP;PST;ACT;SG;NEUT;sla	noszące
nosić	V.PTCP;PST;ACT;PL;MASC;HUM;sla	noszący
nosić	V;PRS;3;PL;sla	noszą
nosić	V.MSDR;sla	noszenie
nosić	V.PTCP;PST;PASS;PL;MASC;HUM;sla	noszeni
nosić	V;PRS;1;SG;sla	noszę
nosić	V.PTCP;PST;PASS;SG;FEM;sla	noszona
nosić	V.PTCP;PST;PASS;PL;sla	noszone
nosić	V.PTCP;PST;PASS;SG;NEUT;sla	noszone
nosić	V.PTCP;PST;PASS;sla	noszono
kosmonauta	N;DAT(SG);sla	kosmonaucie
kosmonauta	N;ESS(SG);sla	kosmonaucie
kosmonauta	N;NOM(PL);sla	kosmonauty
kosmonauta	N;ESS(PL);sla	kosmonautach
kosmonauta	N;INS(SG);sla	kosmonautą
kosmonauta	N;NOM(SG);sla	kosmonauta
kosmonauta	N;ACC(SG);sla	kosmonautę
kosmonauta	N;ACC(PL);sla	kosmonauty
kosmonauta	N;GEN(PL);sla	kosmonaut
kosmonauta	N;GEN(SG);sla	kosmonauty
łącze	N;ESS(PL);sla	łączach
łącze	N;INS(PL);sla	łączami
łącze	N;NOM(PL);sla	łącza
łącze	N;ACC(SG);sla	łącze
łącze	N;NOM(SG);sla	łącze
łącze	N;VOC(SG);sla	łącze
łącze	N;DAT(SG);sla	łączu
łącze	N;ESS(SG);sla	łączu
rosół	N;ESS(PL);sla	rosołach
rosół	N;INS(PL);sla	rosółami
rosół	N;INS(SG);sla	rosołem
rosół	N;VOC(SG);sla	rosóle
rosół	N;ACC(SG);sla	rosołu
rosół	N;GEN(PL);sla	rosółow
rosół	N;VOC(PL);sla	rosoły
bękart	N;ESS(SG);sla	bękarśe
bękart	N;VOC(SG);sla	bękarcie
bękart	N;ESS(PL);sla	bękartach
bękart	N;INS(PL);sla	bękartami
bękart	N;DAT(PL);sla	bękartam
bękart	N;DAT(SG);sla	bękartoju
bękart	N;GEN(PL);sla	bękartow
naukowy	ADJ;NOM(SG,FEM);sla	naukowa
naukowy	ADJ;ACC(PL);sla	naukowe
naukowy	ADJ;ACC(SG,NEUT);sla	naukowe
naukowy	ADJ;NOM(PL);sla	naukowe
naukowy	ADJ;ACC(SG,MASC,ANIM);sla	naukowego
naukowy	ADJ;GEN(SG,MASC);sla	naukowego
naukowy	ADJ;ACC(SG,MASC,HUM);sla	naukowego
naukowy	ADJ;GEN(SG,NEUT);sla	naukowego
naukowy	ADJ;ESS(SG,FEM);sla	naukowej
naukowy	ADJ;DAT(SG,MASC);sla	naukowemu
naukowy	ADJ;DAT(SG,NEUT);sla	naukowemu
naukowy	ADJ;ESS(PL);sla	naukowych
naukowy	ADJ;GEN(PL);sla	naukowych
naukowy	ADJ;ACC(PL,MASC,HUM);sla	naukowych
naukowy	ADJ;ESS(SG,MASC);sla	naukowym
naukowy	ADJ;INS(SG,NEUT);sla	naukowym
naukowy	ADJ;INS(PL);sla	naukowymi
szuflada	N;INS(PL);sla	szufladami
szuflada	N;INS(SG);sla	szufladą
szuflada	N;ACC(SG);sla	szufladu
szuflada	N;VOC(SG);sla	szuflado
szuflada	N;ACC(PL);sla	szuflady
szuflada	N;NOM(PL);sla	szuflady
szuflada	N;VOC(PL);sla	szuflady
rzepik	N;INS(PL);sla	rzepikami
rzepik	N;INS(SG);sla	rzepikiem
rzepik	N;VOC(PL);sla	rzepiki
rzepik	N;ACC(SG);sla	rzepika
rzepik	N;NOM(SG);sla	rzepik
rzepik	N;GEN(PL);sla	rzepików
rzepik	N;ESS(SG);sla	rzepiku
rzepik	N;VOC(SG);sla	rzepiku
gnój	N;ESS(PL);sla	gnójach
gnój	N;INS(PL);sla	gnójami
gnój	N;INS(SG);sla	gnójom
gnój	N;ACC(PL);sla	gnóje
gnój	N;VOC(PL);sla	gnóje
gnój	N;ACC(SG);sla	gnój
gnój	N;NOM(SG);sla	gnój
gnój	N;DAT(SG);sla	gnójoju
gnój	N;ESS(SG);sla	gnóju
gnój	N;VOC(SG);sla	gnóju
winogronowy	ADJ;ACC(PL);sla	winogronowe
winogronowy	ADJ;ACC(SG,NEUT);sla	winogronowe
winogronowy	ADJ;NOM(SG,NEUT);sla	winogronowe
winogronowy	ADJ;GEN(SG,MASC);sla	winogronowego
winogronowy	ADJ;GEN(SG,NEUT);sla	winogronowego
winogronowy	ADJ;DAT(SG,FEM);sla	winogronowej
winogronowy	ADJ;ESS(SG,FEM);sla	winogronowej
winogronowy	ADJ;GEN(SG,FEM);sla	winogronowej
winogronowy	ADJ;DAT(SG,MASC);sla	winogronowemu
winogronowy	ADJ;DAT(SG,NEUT);sla	winogronowemu
winogronowy	ADJ;NOM(SG,MASC);sla	winogronowy
winogronowy	ADJ;DAT(PL);sla	winogronowym
winogronowy	ADJ;ESS(SG,MASC);sla	winogronowym
kleić	V;FUT;3;PL;MASC;HUM;sla	będą kleili
kleić	V;FUT;3;PL;sla	będą kleiły
kleić	V;FUT;1;SG;FEM;sla	będę kleiła
kleić	V;FUT;1;SG;MASC;sla	będę kleił
kleić	V;FUT;2;PL;sla	będziecie kleiły
kleić	V;FUT;3;SG;NEUT;sla	będzie kleiło
kleić	V;FUT;1;PL;MASC;HUM;sla	będziemy kleili
kleić	V;PRS;2;PL;sla	kleicie
kleić	V;NFIN;sla	kleić
kleić	V;COND;1;SG;FEM;sla	kleiłabym
kleić	V;COND;2;SG;FEM;sla	kleiłabyś
kleić	V;PST;1;SG;FEM;sla	kleiłam
kleić	V;COND;3;SG;MASC;sla	kleiłby
kleić	V;PST;1;SG;MASC;sla	kleiłem
kleić	V;PST;2;SG;MASC;sla	kleiłeś
kleić	V;COND;1;PL;MASC;HUM;sla	kleilibyśmy
kleić	V;PST;2;PL;MASC;HUM;sla	kleiliście
kleić	V;PST;1;PL;MASC;HUM;sla	kleiliśmy
kleić	V;PST;3;SG;NEUT;sla	kleiło
kleić	V;PST;3;SG;MASC;sla	kleił
kleić	V;COND;2;PL;sla	kleiłybyście
kleić	V;COND;3;PL;sla	kleiłyby
kleić	V;PST;2;PL;sla	kleiłyście
kleić	V;PST;1;PL;sla	kleiłyśmy
kleić	V;PRS;1;PL;sla	kleimy
kleić	V.PTCP;PST;ACT;SG;FEM;sla	kleąca
kleić	V.PTCP;PST;ACT;PL;sla	klezące
kleić	V.PTCP;PST;ACT;PL;MASC;HUM;sla	klezący
kleić	V.PTCP;PST;ACT;SG;MASC;sla	klezący
kleić	V;PRS;3;PL;sla	klezą
kleić	V.PTCP;PST;PASS;PL;MASC;HUM;sla	kleeni
kleić	V.PTCP;PST;PASS;SG;FEM;sla	kleona
kleić	V.PTCP;PST;PASS;sla	klezono
kleić	V;IMP;2;SG;sla	kle
uczucie	N;ESS(PL);sla	uczuciach
uczucie	N;INS(PL);sla	uczuciami
uczucie	N;ACC(PL);sla	uczucia
uczucie	N;NOM(PL);sla	uczucia
uczucie	N;VOC(SG);sla	uczucie
uczucie	N;DAT(SG);sla	uczuciu
edyl	N;ESS(PL);sla	edylach
edyl	N;INS(PL);sla	edylami
edyl	N;GEN(SG);sla	edyla
edyl	N;ACC(PL);sla	edyle
edyl	N;NOM(SG);sla	edyl
edyl	N;DAT(PL);sla	edylom
edyl	N;NOM(PL);sla	edyle
edyl	N;ESS(SG);sla	edylu
edyl	N;VOC(SG);sla	edylu
tłumaczenie	N;ESS(PL);sla	tłumaczeniach
tłumaczenie	N;ACC(PL);sla	tłumaczenia
tłumaczenie	N;VOC(PL);sla	tłumaczenia
tłumaczenie	N;INS(SG);sla	tłumaczeniem
tłumaczenie	N;ACC(SG);sla	tłumaczenie
tłumaczenie	N;VOC(SG);sla	tłumaczenie
tłumaczenie	N;DAT(SG);sla	tłumaczeniu
tłumaczenie	N;ESS(SG);sla	tłumaczeniu
plomba	N;INS(SG);sla	plombu
plomba	N;NOM(SG);sla	plomba
plomba	N;ACC(SG);sla	plombu
plomba	N;DAT(SG);sla	plombje
plomba	N;ESS(SG);sla	plombje
plomba	N;GEN(PL);sla	plombow
plomba	N;VOC(SG);sla	plombo
plomba	N;GEN(SG);sla	plomby
plomba	N;VOC(PL);sla	plombi
nieśmiertelny	ADJ;ACC(SG,FEM);sla	nieśmiertelną
nieśmiertelny	ADJ;INS(SG,FEM);sla	nieśmiertelneju
nieśmiertelny	ADJ;ACC(SG,MASC,HUM);sla	nieśmiertelnego
nieśmiertelny	ADJ;DAT(SG,FEM);sla	nieśmiertelnej
nieśmiertelny	ADJ;ESS(SG,FEM);sla	nieśmiertelnej
nieśmiertelny	ADJ;GEN(SG,FEM);sla	nieśmiertelnej
nieśmiertelny	ADJ;DAT(SG,NEUT);sla	nieśmiertelnemu
nieśmiertelny	ADJ;NOM(PL,MASC,HUM);sla	nieśmiertelni
nieśmiertelny	ADJ;ESS(PL);sla	nieśmiertelnych
nieśmiertelny	ADJ;GEN(PL);sla	nieśmiertelnych
nieśmiertelny	ADJ;INS(SG,MASC);sla	nieśmiertelnym
kula	N;ESS(PL);sla	kulach
kula	N;INS(SG);sla	kulu
kula	N;NOM(SG);sla	kula
kula	N;ACC(PL);sla	kule
kula	N;VOC(PL);sla	kuli
kula	N;ESS(SG);sla	kule
kula	N;GEN(SG);sla	kule
kula	N;GEN(PL);sla	kulow
brzoskwiniowy	ADJ;INS(SG,FEM);sla	brzoskwiniową
brzoskwiniowy	ADJ;NOM(SG,FEM);sla	brzoskwiniowa
brzoskwiniowy	ADJ;ACC(PL);sla	brzoskwiniowe
brzoskwiniowy	ADJ;ACC(SG,NEUT);sla	brzoskwiniowe
brzoskwiniowy	ADJ;ACC(SG,MASC,ANIM);sla	brzoskwiniowego
brzoskwiniowy	ADJ;GEN(SG,MASC);sla	brzoskwiniowego
brzoskwiniowy	ADJ;ACC(SG,MASC,HUM);sla	brzoskwiniowego
brzoskwiniowy	ADJ;DAT(SG,FEM);sla	brzoskwiniowej
brzoskwiniowy	ADJ;GEN(SG,FEM);sla	brzoskwiniowej
brzoskwiniowy	ADJ;NOM(PL,MASC,HUM);sla	brzoskwiniowi
brzoskwiniowy	ADJ;NOM(SG,MASC);sla	brzoskwiniowy
brzoskwiniowy	ADJ;ESS(PL);sla	brzoskwiniowych
brzoskwiniowy	ADJ;GEN(PL);sla	brzoskwiniowych
brzoskwiniowy	ADJ;ACC(PL,MASC,HUM);sla	brzoskwiniowych
brzoskwiniowy	ADJ;INS(SG,MASC);sla	brzoskwiniowym
brzoskwiniowy	ADJ;INS(PL);sla	brzoskwiniowymi
istnienie	N;ESS(PL);sla	istnieniach
istnienie	N;ACC(PL);sla	istnienia
istnienie	N;GEN(SG);sla	istnienia
istnienie	N;VOC(PL);sla	istnienia
istnienie	N;NOM(SG);sla	istnienie
istnienie	N;VOC(SG);sla	istnienie
istnienie	N;DAT(PL);sla	istnieniom
istnienie	N;GEN(PL);sla	istnień
martwy	ADJ;ACC(SG,FEM);sla	martwą
martwy	ADJ;NOM(SG,FEM);sla	martwa
martwy	ADJ;ACC(PL);sla	martwe
martwy	ADJ;NOM(PL);sla	martwe
martwy	ADJ;ACC(SG,MASC,ANIM);sla	martwego
martwy	ADJ;ACC(SG,MASC,HUM);sla	martwego
martwy	ADJ;DAT(SG,MASC);sla	martwemu
martwy	ADJ;DAT(SG,NEUT);sla	martwemu
martwy	ADJ;NOM(PL,MASC,HUM);sla	martwi
martwy	ADJ;ACC(SG,MASC,INAN);sla	martwy
martwy	ADJ;NOM(SG,MASC);sla	martwy
martwy	ADJ;ESS(PL);sla	martwych
martwy	ADJ;GEN(PL);sla	martwych
martwy	ADJ;DAT(PL);sla	martwym
martwy	ADJ;ESS(SG,MASC);sla	martwym
martwy	ADJ;INS(SG,MASC);sla	martwym
martwy	ADJ;ESS(SG,NEUT);sla	martwym
martwy	ADJ;INS(PL);sla	martwymi
napięcie	N;ESS(PL);sla	napięciach
napięcie	N;ACC(PL);sla	napięcia
napięcie	N;NOM(PL);sla	napięcia
napięcie	N;VOC(PL);sla	napięcia
napięcie	N;NOM(SG);sla	napięcie
napięcie	N;ESS(SG);sla	napięciu
napięcie	N;GEN(PL);sla	napięć
dziwka	N;ESS(SG);sla	dziwce
dziwka	N;INS(PL);sla	dziwkami
dziwka	N;INS(SG);sla	dziwką
dziwka	N;GEN(SG);sla	dziwki
dziwka	N;NOM(PL);sla	dziwki
dziwka	N;DAT(PL);sla	dziwkom
dziwka	N;VOC(SG);sla	dziwko
kompromis	N;INS(SG);sla	kompromisem
kompromis	N;ESS(SG);sla	kompromisu
kompromis	N;VOC(SG);sla	kompromisie
kompromis	N;NOM(SG);sla	kompromis
kompromis	N;DAT(PL);sla	kompromisom
kompromis	N;DAT(SG);sla	kompromisowi
kompromis	N;GEN(PL);sla	kompromisow
kompromis	N;GEN(SG);sla	kompromisa
kompromis	N;VOC(PL);sla	kompromisy
klan	N;INS(PL);sla	klanami
klan	N;INS(SG);sla	klanom
klan	N;ESS(SG);sla	klanie
klan	N;NOM(SG);sla	klan
klan	N;DAT(PL);sla	klanom
klan	N;DAT(SG);sla	klanoju
klan	N;ACC(PL);sla	klany
klan	N;NOM(PL);sla	klany
klan	N;VOC(PL);sla	klany
polana	N;ESS(PL);sla	polanach
polana	N;INS(PL);sla	polanami
polana	N;NOM(SG);sla	polana
polana	N;ACC(SG);sla	polanu
polana	N;DAT(SG);sla	polanje
polana	N;ESS(SG);sla	polanje
polana	N;DAT(PL);sla	polanom
polana	N;VOC(SG);sla	polano
polana	N;ACC(PL);sla	polany
polana	N;NOM(PL);sla	polany
wyrządzić	V;IMP;3;PL;sla	niech wyrządżą
wyrządzić	V;IMP;1;SG;sla	niech wyrządzę
wyrządzić	V.PTCP;PST;PASS;PL;MASC;HUM;sla	wyrządzeni
wyrządzić	V;FUT;1;SG;sla	wyrządzię
wyrządzić	V;COND;1;SG;FEM;sla	wyrządziłabym
wyrządzić	V;COND;2;SG;FEM;sla	wyrządziłabyś
wyrządzić	V;PST;2;SG;FEM;sla	wyrządziłaś
wyrządzić	V;PST;3;SG;FEM;sla	wyrządziła
wyrządzić	V;COND;1;SG;MASC;sla	wyrządziłbym
wyrządzić	V;COND;2;SG;MASC;sla	wyrządziłbyś
wyrządzić	V;COND;3;SG;MASC;sla	wyrządziłby
wyrządzić	V;PST;2;SG;MASC;sla	wyrządziłeś
wyrządzić	V;COND;2;PL;MASC;HUM;sla	wyrządzilibyście
wyrządzić	V;COND;1;PL;MASC;HUM;sla	wyrządzilibyśmy
wyrządzić	V;COND;3;PL;MASC;HUM;sla	wyrządziliby
wyrządzić	V;PST;2;PL;MASC;HUM;sla	wyrządziliście
wyrządzić	V;PST;1;PL;MASC;HUM;sla	wyrządziliśmy
wyrządzić	V;COND;3;SG;NEUT;sla	wyrządziłoby
wyrządzić	V;PST;3;SG;MASC;sla	wyrządził
wyrządzić	V;COND;1;PL;sla	wyrządziłybyśmy
wyrządzić	V;PST;2;PL;sla	wyrządziłyście
wyrządzić	V;PST;1;PL;sla	wyrządziłyśmy
wyrządzić	V;PST;3;PL;sla	wyrządziły
wyrządzić	V;FUT;1;PL;sla	będziemy wyrządziły
wyrządzić	V.PTCP;PST;PASS;SG;FEM;sla	wyrządżona
wyrządzić	V.PTCP;PST;PASS;SG;NEUT;sla	wyrządżone
wyrządzić	V.PTCP;PST;PASS;sla	wyrządżono
wyrządzić	V;IMP;2;SG;sla	wyrządź
niższy	ADJ;ACC(SG,FEM);sla	niższą
niższy	ADJ;NOM(SG,FEM);sla	niższa
niższy	ADJ;ACC(PL);sla	niższe
niższy	ADJ;ACC(SG,NEUT);sla	niższe
niższy	ADJ;ACC(SG,MASC,HUM);sla	niższego
niższy	ADJ;GEN(SG,NEUT);sla	niższego
niższy	ADJ;GEN(SG,FEM);sla	niższej
niższy	ADJ;DAT(SG,MASC);sla	niższemu
niższy	ADJ;GEN(PL);sla	niższych
niższy	ADJ;DAT(PL);sla	niższym
niższy	ADJ;ESS(SG,MASC);sla	niższym
niższy	ADJ;ESS(SG,NEUT);sla	niższym
niższy	ADJ;INS(SG,NEUT);sla	niższym
nastolatek	N;ESS(PL);sla	nastolatkach
nastolatek	N;INS(PL);sla	nastolatkami
nastolatek	N;GEN(SG);sla	nastolatka
nastolatek	N;NOM(PL);sla	nastolatki
nastolatek	N;VOC(PL);sla	nastolatki
nastolatek	N;ACC(PL);sla	nastolatków
nastolatek	N;VOC(SG);sla	nastolatku
zbieg	N;ESS(PL);sla	zbiegach
zbieg	N;ACC(SG);sla	zbieg
zbieg	N;NOM(SG);sla	zbieg
zbieg	N;DAT(PL);sla	zbiegam
zbieg	N;NOM(PL);sla	zbiegi
zbieg	N;ACC(PL);sla	zbiegi
zbieg	N;ESS(SG);sla	zbiegu
szkutnik	N;VOC(PL);sla	szkutniki
szkutnik	N;ESS(PL);sla	szkutnikach
szkutnik	N;INS(PL);sla	szkutnikami
szkutnik	N;GEN(SG);sla	szkutnika
szkutnik	N;DAT(PL);sla	szkutnikom
szkutnik	N;GEN(PL);sla	szkutników
szkutnik	N;ESS(SG);sla	szkutniku
samotniejszy	ADJ;NOM(PL,MASC,HUM);sla	samotniejsi
samotniejszy	ADJ;ACC(SG,FEM);sla	samotniejszą
samotniejszy	ADJ;INS(SG,FEM);sla	samotniejszą
samotniejszy	ADJ;NOM(SG,FEM);sla	samotniejsza
samotniejszy	ADJ;ACC(SG,NEUT);sla	samotniejsze
samotniejszy	ADJ;NOM(SG,NEUT);sla	samotniejsze
samotniejszy	ADJ;NOM(PL);sla	samotniejsze
samotniejszy	ADJ;ACC(SG,MASC,ANIM);sla	samotniejszego
samotniejszy	ADJ;GEN(SG,MASC);sla	samotniejszego
samotniejszy	ADJ;ESS(SG,FEM);sla	samotniejszej
samotniejszy	ADJ;GEN(SG,FEM);sla	samotniejszej
samotniejszy	ADJ;DAT(SG,MASC);sla	samotniejszemu
samotniejszy	ADJ;ACC(SG,MASC,INAN);sla	samotniejszy
samotniejszy	ADJ;NOM(SG,MASC);sla	samotniejszy
samotniejszy	ADJ;ESS(PL);sla	samotniejszych
samotniejszy	ADJ;ACC(PL,MASC,HUM);sla	samotniejszych
samotniejszy	ADJ;INS(SG,MASC);sla	samotniejszym
samotniejszy	ADJ;INS(SG,NEUT);sla	samotniejszym
samotniejszy	ADJ;INS(PL);sla	samotniejszymi
mitoza	N;ESS(PL);sla	mitozach
mitoza	N;NOM(SG);sla	mitoza
mitoza	N;ACC(SG);sla	mitozu
mitoza	N;ESS(SG);sla	mitozy
mitoza	N;DAT(PL);sla	mitozam
mitoza	N;NOM(PL);sla	mitozy
asembler	N;ESS(PL);sla	asemblerach
asembler	N;INS(PL);sla	asemblerami
asembler	N;GEN(SG);sla	asemblera
asembler	N;DAT(SG);sla	asemblerowi
asembler	N;GEN(PL);sla	asemblerów
asembler	N;ACC(PL);sla	asemblery
asembler	N;NOM(PL);sla	asemblerzy
asembler	N;ESS(SG);sla	asemblerze
asembler	N;VOC(SG);sla	asemblerze
automat	N;VOC(SG);sla	automacie
automat	N;INS(PL);sla	automatami
automat	N;NOM(SG);sla	automat
automat	N;DAT(SG);sla	automatoju
automat	N;ACC(PL);sla	automaty
automat	N;NOM(PL);sla	automaty
kasztan	N;ESS(PL);sla	kasztanach
kasztan	N;INS(PL);sla	kasztanami
kasztan	N;ACC(SG);sla	kasztan
kasztan	N;NOM(SG);sla	kasztan
kasztan	N;ACC(PL);sla	kasztany
kasztan	N;NOM(PL);sla	kasztany
śródmózgowie	N;ESS(PL);sla	śródmózgowiach
śródmózgowie	N;INS(PL);sla	śródmózgowiami
śródmózgowie	N;ACC(PL);sla	śródmózgowia
śródmózgowie	N;ACC(SG);sla	śródmózgowie
śródmózgowie	N;NOM(SG);sla	śródmózgowie
śródmózgowie	N;GEN(PL);sla	śródmózgow
śródmózgowie	N;DAT(SG);sla	śródmózgowiu
śródmózgowie	N;ESS(SG);sla	śródmózgowiu
lisię	N;GEN(PL);sla	lision
lisię	N;INS(SG);sla	lisieniem
lisię	N;DAT(SG);sla	lisieniu
lisię	N;ESS(SG);sla	lisieniu
lisię	N;NOM(SG);sla	lisię
lisię	N;VOC(SG);sla	lisię
lisię	N;ESS(PL);sla	lisionach
lisię	N;INS(PL);sla	lisionami
lisię	N;NOM(PL);sla	lisiona
lisię	N;VOC(PL);sla	lisię
lisię	N;DAT(PL);sla	lisionom
grań	N;ESS(PL);sla	granjach
grań	N;INS(SG);sla	granjom
grań	N;ACC(PL);sla	granje
grań	N;VOC(PL);sla	granie
grań	N;GEN(SG);sla	granja
grań	N;ACC(SG);sla	grań
bas	N;ESS(PL);sla	bach
bas	N;ESS(SG);sla	basie
bas	N;VOC(SG);sla	basie
bas	N;ACC(SG);sla	ba
bas	N;NOM(SG);sla	bas
bas	N;VOC(PL);sla	basy
woskowina	N;INS(SG);sla	woskowiną
woskowina	N;NOM(SG);sla	woskowina
woskowina	N;VOC(SG);sla	woskowino
zadać	V;FUT;3;PL;sla	będą zadały
sinologia	N;NOM(SG);sla	sinologia
sinologia	N;ACC(SG);sla	sinologię
sinologia	N;DAT(SG);sla	sinologii
sinologia	N;ESS(SG);sla	sinologii
sinologia	N;GEN(SG);sla	sinologi
sinologia	N;VOC(SG);sla	sinologio
kur	N;INS(PL);sla	kurami
kur	N;NOM(SG);sla	kur
kur	N;DAT(PL);sla	kurom
kur	N;DAT(SG);sla	kurowi
kur	N;GEN(PL);sla	kurów
kur	N;ESS(SG);sla	kurze
kur	N;VOC(SG);sla	kurze
przysięga	N;ESS(PL);sla	przysięgach
przysięga	N;INS(PL);sla	przysięgami
przysięga	N;NOM(SG);sla	przysięga
przysięga	N;NOM(PL);sla	przysięgi
przysięga	N;DAT(PL);sla	przysięgom
przysięga	N;VOC(SG);sla	przysięgo
nonan	N;INS(SG);sla	nonanem
nonan	N;VOC(SG);sla	nonanie
nonan	N;ACC(SG);sla	nonan
nonan	N;NOM(SG);sla	nonan
nonan	N;GEN(PL);sla	nonanów
nonan	N;NOM(PL);sla	nonany
elektrownia	N;INS(PL);sla	elektrowniami
elektrownia	N;ACC(PL);sla	elektrownie
elektrownia	N;NOM(PL);sla	elektrownie
elektrownia	N;VOC(PL);sla	elektrownie
elektrownia	N;ESS(SG);sla	elektrowni
elektrownia	N;GEN(PL);sla	elektrowni
elektrownia	N;DAT(PL);sla	elektrowniom
fotograf	N;ESS(PL);sla	fotograf
fotograf	N;INS(PL);sla	fotograf
fotograf	N;INS(SG);sla	fotograf
fotograf	N;VOC(SG);sla	fotograf
fotograf	N;NOM(SG);sla	fotograf
fotograf	N;ACC(PL);sla	fotograf
machać	V;FUT;3;PL;sla	będą machały
machać	V;FUT;1;SG;FEM;sla	będę machała
machać	V;FUT;1;SG;MASC;sla	będę machał
machać	V;FUT;2;PL;MASC;HUM;sla	będziecie machali
machać	V;FUT;3;SG;FEM;sla	będzie machała
machać	V;FUT;3;SG;NEUT;sla	będzie machało
machać	V;FUT;3;SG;MASC;sla	będzie machał
machać	V;FUT;1;PL;MASC;HUM;sla	będziemy machali
machać	V;FUT;1;PL;sla	będziemy machały
machać	V;FUT;2;SG;FEM;sla	będziesz machała
machać	V;FUT;2;SG;MASC;sla	będziesz machał
machać	V.PTCP;PST;ACT;PL;MASC;HUM;sla	machający
machać	V.PTCP;PST;ACT;SG;MASC;sla	machający
machać	V;IMP;2;PL;sla	machajcie
machać	V;IMP;1;PL;sla	machajmy
machać	V;COND;3;SG;FEM;sla	machałaby
machać	V;PST;1;SG;FEM;sla	machałam
machać	V;PST;2;SG;FEM;sla	machałaś
machać	V;PST;3;SG;FEM;sla	machała
machać	V;COND;1;SG;MASC;sla	machałbym
machać	V;COND;3;SG;MASC;sla	machałby
machać	V;PST;1;SG;MASC;sla	machałem
machać	V;COND;2;PL;MASC;HUM;sla	machalibyście
machać	V;COND;1;PL;MASC;HUM;sla	machalibyśmy
machać	V;PST;1;PL;MASC;HUM;sla	machaliśmy
machać	V;COND;3;SG;NEUT;sla	machałoby
machać	V;COND;1;PL;sla	machałybyśmy
machać	V;COND;3;PL;sla	machałyby
machać	V;PST;2;PL;sla	machałyście
machać	V;PST;1;PL;sla	machałyśmy
machać	V;PST;3;PL;sla	machały
machać	V;PRS;1;SG;sla	macham
machać	V.PTCP;PST;PASS;PL;sla	machane
machać	V.MSDR;sla	machanie
machać	V.PTCP;PST;PASS;PL;MASC;HUM;sla	machani
machać	V.PTCP;PST;PASS;sla	machano
machać	V;PRS;2;SG;sla	machasz
machać	V;IMP;3;SG;sla	niech mache
jonosfera	N;ESS(PL);sla	jonosferach
jonosfera	N;NOM(SG);sla	jonosfera
jonosfera	N;DAT(PL);sla	jonosferam
jonosfera	N;ACC(PL);sla	jonosfery
jonosfera	N;NOM(PL);sla	jonosfery
jonosfera	N;VOC(PL);sla	jonosfery
jonosfera	N;ESS(SG);sla	jonosferje
lód	N;ESS(PL);sla	lódach
lód	N;INS(SG);sla	lódem
lód	N;ACC(SG);sla	lód
lód	N;DAT(PL);sla	lódam
lód	N;DAT(SG);sla	lódowi
lód	N;GEN(PL);sla	lódów
lód	N;ESS(SG);sla	lódzie
siąknąć	V;FUT;3;PL;sla	będą siąknęły
siąknąć	V;FUT;3;PL;MASC;HUM;sla	będą siąknęli
siąknąć	V;FUT;1;PL;MASC;HUM;sla	będziemy siąknęli
siąknąć	V;FUT;3;SG;FEM;sla	będzie siąknęła
siąknąć	V;FUT;3;SG;NEUT;sla	będzie siąknęło
siąknąć	V;FUT;3;SG;MASC;sla	będzie siąknął
siąknąć	V;FUT;2;SG;FEM;sla	będziesz siąknęła
siąknąć	V;FUT;2;SG;MASC;sla	będziesz siąknął
siąknąć	V;IMP;3;PL;sla	niech siąkną
siąknąć	V;IMP;3;SG;sla	niech siąech niknie
siąknąć	V.PTCP;PST;ACT;SG;FEM;sla	siąknąca
siąknąć	V.PTCP;PST;ACT;PL;sla	siąknące
siąknąć	V.PTCP;PST;ACT;SG;NEUT;sla	siąknące
siąknąć	V.PTCP;PST;ACT;SG;MASC;sla	siąknący
siąknąć	V;COND;2;SG;FEM;sla	siąknęłabyś
siąknąć	V;COND;3;SG;FEM;sla	siąknęłaby
siąknąć	V;PST;3;SG;FEM;sla	siąknęła
siąknąć	V;COND;2;SG;MASC;sla	siąknąłbyś
siąknąć	V;PST;2;SG;MASC;sla	siąknąłeś
siąknąć	V;COND;2;PL;sla	siąknęłybyście
siąknąć	V;COND;1;PL;sla	siąknęłybyśmy
siąknąć	V;COND;3;PL;sla	siąknęłyby
siąknąć	V;PST;1;PL;sla	siąknęłyśmy
siąknąć	V;PRS;3;PL;sla	siąkną
siąknąć	V;COND;2;PL;MASC;HUM;sla	siąknęlibyście
siąknąć	V;COND;1;PL;MASC;HUM;sla	siąknąlibyśmy
siąknąć	V;PST;2;PL;MASC;HUM;sla	siąknęliście
siąknąć	V;PST;1;PL;MASC;HUM;sla	siąknęliśmy
siąknąć	V;PRS;1;SG;sla	siąknę
siąknąć	V;PRS;1;PL;sla	siąknąmy
siąknąć	V;PRS;2;SG;sla	siąkniesz
siąknąć	V;PRS;3;SG;sla	siąknie
siąknąć	V;IMP;2;PL;sla	siąknąe
siąknąć	V;IMP;1;PL;sla	siąknijmy
siąknąć	V;IMP;2;SG;sla	siąknij
najdzikszy	ADJ;INS(SG,FEM);sla	najdzikszą
najdzikszy	ADJ;NOM(SG,FEM);sla	najdziksza
najdzikszy	ADJ;ACC(SG,NEUT);sla	najdziksze
najdzikszy	ADJ;NOM(PL);sla	najdziksze
najdzikszy	ADJ;GEN(SG,MASC);sla	najdzikszego
najdzikszy	ADJ;DAT(SG,FEM);sla	najdzikszej
najdzikszy	ADJ;ESS(SG,FEM);sla	najdzikszej
najdzikszy	ADJ;GEN(SG,FEM);sla	najdzikszej
najdzikszy	ADJ;DAT(SG,NEUT);sla	najdzikszemu
najdzikszy	ADJ;ACC(SG,MASC,INAN);sla	najdzikszy
najdzikszy	ADJ;NOM(SG,MASC);sla	najdzikszy
najdzikszy	ADJ;ESS(PL);sla	najdzikszych
najdzikszy	ADJ;GEN(PL);sla	najdzikszych
najdzikszy	ADJ;INS(SG,MASC);sla	najdzikszym
peron	N;ESS(PL);sla	peronach
peron	N;INS(SG);sla	peronem
peron	N;VOC(SG);sla	peronie
peron	N;DAT(PL);sla	peronom
peron	N;GEN(PL);sla	peronów
peron	N;VOC(PL);sla	perony
sygnał	N;ESS(PL);sla	sygnałach
sygnał	N;INS(PL);sla	sygnałami
sygnał	N;NOM(SG);sla	sygnał
sygnał	N;DAT(PL);sla	sygnałom
sygnał	N;NOM(PL);sla	sygnały
sygnał	N;VOC(PL);sla	sygnały
najlżejszy	ADJ;ACC(SG,FEM);sla	najlżejszą
najlżejszy	ADJ;NOM(SG,FEM);sla	najlżejsza
najlżejszy	ADJ;ACC(PL);sla	najlżejsze
najlżejszy	ADJ;ACC(SG,NEUT);sla	najlżejsze
najlżejszy	ADJ;NOM(SG,NEUT);sla	najlżejsze
najlżejszy	ADJ;ACC(SG,MASC,ANIM);sla	najlżejszego
najlżejszy	ADJ;GEN(SG,NEUT);sla	najlżejszego
najlżejszy	ADJ;DAT(SG,FEM);sla	najlżejszej
najlżejszy	ADJ;DAT(SG,NEUT);sla	najlżejszemu
najlżejszy	ADJ;NOM(SG,MASC);sla	najlżejszy
najlżejszy	ADJ;GEN(PL);sla	najlżejszych
najlżejszy	ADJ;ACC(PL,MASC,HUM);sla	najlżejszych
najlżejszy	ADJ;INS(SG,NEUT);sla	najlżejszym
najlżejszy	ADJ;INS(PL);sla	najlżejszymi
wybuch	N;ESS(PL);sla	wybuchach
wybuch	N;INS(SG);sla	wybuchom
wybuch	N;ACC(SG);sla	wybuch
wybuch	N;NOM(SG);sla	wybuch
wybuch	N;DAT(SG);sla	wybuchoju
wybuch	N;ESS(SG);sla	wybuchu
wybuch	N;GEN(SG);sla	wybucha
wybuch	N;VOC(SG);sla	wybuchu
wybuch	N;ACC(PL);sla	wybuch
wybuch	N;NOM(PL);sla	wybuchy
seksta	N;DAT(SG);sla	sekście
seksta	N;ESS(SG);sla	sekście
seksta	N;INS(SG);sla	sekstą
seksta	N;NOM(SG);sla	seksta
seksta	N;GEN(PL);sla	sekstów
seksta	N;DAT(PL);sla	sekstom
seksta	N;VOC(SG);sla	seksto
seksta	N;ACC(PL);sla	sekstów
seksta	N;GEN(SG);sla	seksty
seksta	N;VOC(PL);sla	sekści
bocian	N;ESS(PL);sla	bocianach
bocian	N;INS(PL);sla	bocianami
bocian	N;GEN(SG);sla	bocianu
bocian	N;INS(SG);sla	bocianem
bocian	N;ESS(SG);sla	bocianie
bocian	N;NOM(SG);sla	bocian
bocian	N;DAT(PL);sla	bocianom
bocian	N;GEN(PL);sla	bocianów
bocian	N;ACC(PL);sla	bociany
bocian	N;VOC(PL);sla	bociany
trwanie	N;GEN(SG);sla	trwania
trwanie	N;ACC(SG);sla	trwanie
trwanie	N;NOM(SG);sla	trwanie
trwanie	N;DAT(SG);sla	trwaniu
trwanie	N;ESS(SG);sla	trwaniu
mrzeć	V;FUT;1;SG;FEM;sla	będę mrzeła
mrzeć	V;FUT;2;PL;MASC;HUM;sla	będziecie mrzeli
mrzeć	V;FUT;2;PL;sla	będziecie mrzały
mrzeć	V;FUT;3;SG;FEM;sla	będzie mrzała
mrzeć	V;FUT;3;SG;NEUT;sla	będzie mrzało
mrzeć	V;FUT;3;SG;MASC;sla	będzie mrzeł
mrzeć	V;FUT;1;PL;MASC;HUM;sla	będziemy mrzeli
mrzeć	V.MSDR;sla	mrzenie
mrzeć	V;COND;2;SG;FEM;sla	mrzałabyś
mrzeć	V;PST;1;SG;FEM;sla	mrzałam
mrzeć	V;PST;2;SG;FEM;sla	mrzełaś
mrzeć	V;PST;3;SG;FEM;sla	mrzała
mrzeć	V;COND;2;SG;MASC;sla	mrzełbyś
mrzeć	V;COND;3;SG;MASC;sla	mrzałby
mrzeć	V;PST;2;SG;MASC;sla	mrzałeś
mrzeć	V;COND;2;PL;MASC;HUM;sla	mrzelibyście
mrzeć	V;COND;1;PL;MASC;HUM;sla	mrzelibyśmy
mrzeć	V;PST;3;SG;MASC;sla	mrzał
mrzeć	V;COND;3;PL;sla	mrzałyby
mrzeć	V;PST;1;PL;sla	mrzałyśmy
mrzeć	V;PST;3;PL;sla	mrzały
mrzeć	V.PTCP;PST;ACT;PL;sla	mrzące
mrzeć	V.PTCP;PST;ACT;SG;NEUT;sla	mrzące
mrzeć	V.CVB;sla	mrząc
mrzeć	V.PTCP;PST;ACT;PL;MASC;HUM;sla	mrzący
mrzeć	V.PTCP;PST;ACT;SG;MASC;sla	mrzący
mrzeć	V;PRS;2;PL;sla	mrzecie
mrzeć	V;NFIN;sla	mrzeć
mrzeć	V;PRS;1;PL;sla	mrzymy
mrzeć	V;PRS;3;SG;sla	mrze
mrzeć	V;IMP;2;PL;sla	mrzee
mrzeć	V;IMP;2;SG;sla	mrz
mrzeć	V;IMP;3;PL;sla	niech mrzą
mrzeć	V;IMP;3;SG;sla	niech mrzy
oczopląs	N;ESS(PL);sla	oczopląsach
oczopląs	N;ACC(SG);sla	oczopląsa
oczopląs	N;DAT(SG);sla	oczopląsowi
oczopląs	N;NOM(PL);sla	oczopląsy
przewodniczący	N;GEN(SG);sla	przewodniczącego
przewodniczący	N;ACC(PL);sla	przewodniczący
przewodniczący	N;GEN(PL);sla	przewodniczącow
przewodniczący	N;DAT(PL);sla	przewodniczącam
przewodniczący	N;NOM(SG);sla	przewodniczący
przewodniczący	N;VOC(PL);sla	przewodniczący
mięczak	N;ESS(PL);sla	mięczakach
mięczak	N;INS(PL);sla	mięczakami
mięczak	N;ACC(SG);sla	mięczaka
mięczak	N;GEN(SG);sla	mięczaka
mięczak	N;INS(SG);sla	mięczakiem
mięczak	N;ACC(PL);sla	mięczaki
mięczak	N;NOM(PL);sla	mięczaki
mięczak	N;VOC(PL);sla	mięczaki
mięczak	N;NOM(SG);sla	mięczak
mięczak	N;DAT(SG);sla	mięczakowi
mięczak	N;GEN(PL);sla	mięczakow
nieodpowiedzialny	ADJ;NOM(SG,FEM);sla	nieodpowiedzialna
nieodpowiedzialny	ADJ;ACC(PL);sla	nieodpowiedzialne
nieodpowiedzialny	ADJ;ACC(SG,NEUT);sla	nieodpowiedzialne
nieodpowiedzialny	ADJ;NOM(SG,NEUT);sla	nieodpowiedzialne
nieodpowiedzialny	ADJ;NOM(PL);sla	nieodpowiedzialne
nieodpowiedzialny	ADJ;ACC(SG,MASC,ANIM);sla	nieodpowiedzialnego
nieodpowiedzialny	ADJ;GEN(SG,MASC);sla	nieodpowiedzialnego
nieodpowiedzialny	ADJ;ACC(SG,MASC,HUM);sla	nieodpowiedzialnego
nieodpowiedzialny	ADJ;DAT(SG,MASC);sla	nieodpowiedzialnemu
nieodpowiedzialny	ADJ;DAT(SG,NEUT);sla	nieodpowiedzialnemu
nieodpowiedzialny	ADJ;NOM(PL,MASC,HUM);sla	nieodpowiedzialni
nieodpowiedzialny	ADJ;NOM(SG,MASC);sla	nieodpowiedzialny
nieodpowiedzialny	ADJ;ACC(PL,MASC,HUM);sla	nieodpowiedzialnych
nieodpowiedzialny	ADJ;ESS(SG,NEUT);sla	nieodpowiedzialnym
nieodpowiedzialny	ADJ;INS(SG,NEUT);sla	nieodpowiedzialnym
nieodpowiedzialny	ADJ;INS(PL);sla	nieodpowiedzialnymi
szal	N;ESS(SG);sla	szalu
cyrk	N;INS(PL);sla	cyrkami
cyrk	N;INS(SG);sla	cyrkiem
cyrk	N;VOC(PL);sla	cyrki
cyrk	N;ACC(SG);sla	cyrk
cyrk	N;NOM(SG);sla	cyrk
cyrk	N;GEN(PL);sla	cyrków
cyrk	N;ESS(SG);sla	cyrku
cyrk	N;GEN(SG);sla	cyrku
cyrk	N;VOC(SG);sla	cyrku
najjaśniejszy	ADJ;NOM(PL,MASC,HUM);sla	najjaśniejsi
najjaśniejszy	ADJ;ACC(SG,FEM);sla	najjaśniejszą
najjaśniejszy	ADJ;NOM(SG,FEM);sla	najjaśniejsza
najjaśniejszy	ADJ;ACC(PL);sla	najjaśniejsze
najjaśniejszy	ADJ;NOM(PL);sla	najjaśniejsze
najjaśniejszy	ADJ;ACC(SG,MASC,ANIM);sla	najjaśniejszego
najjaśniejszy	ADJ;ESS(SG,FEM);sla	najjaśniejszej
najjaśniejszy	ADJ;GEN(SG,FEM);sla	najjaśniejszej
najjaśniejszy	ADJ;ESS(PL);sla	najjaśniejszych
najjaśniejszy	ADJ;GEN(PL);sla	najjaśniejszych
najjaśniejszy	ADJ;ACC(PL,MASC,HUM);sla	najjaśniejszych
najjaśniejszy	ADJ;ESS(SG,MASC);sla	najjaśniejszym
najjaśniejszy	ADJ;INS(SG,MASC);sla	najjaśniejszym
żeneta	N;DAT(SG);sla	żeneśe
żeneta	N;INS(PL);sla	żenetami
żeneta	N;INS(SG);sla	żenetu
żeneta	N;NOM(SG);sla	żeneta
żeneta	N;ACC(SG);sla	żenetu
żeneta	N;GEN(PL);sla	żenetow
żeneta	N;DAT(PL);sla	żenetam
żeneta	N;GEN(SG);sla	żenety
żeneta	N;NOM(PL);sla	żenety
żeneta	N;VOC(PL);sla	żenety
waść	N;ESS(PL);sla	waściach
waść	N;INS(PL);sla	waściami
waść	N;ACC(PL);sla	waści
waść	N;ESS(SG);sla	waści
waść	N;GEN(SG);sla	waści
waść	N;VOC(PL);sla	waści
waść	N;VOC(SG);sla	waści
waść	N;NOM(SG);sla	waść
otwarte	ADJ;NOM(PL,MASC,HUM);sla	otwarti
otwarte	ADJ;INS(SG,FEM);sla	otwartą
otwarte	ADJ;NOM(SG,FEM);sla	otwarta
otwarte	ADJ;ACC(PL);sla	otwarte
otwarte	ADJ;NOM(SG,NEUT);sla	otwarte
otwarte	ADJ;GEN(SG,MASC);sla	otwartego
otwarte	ADJ;DAT(SG,FEM);sla	otwartej
otwarte	ADJ;ESS(SG,FEM);sla	otwartej
otwarte	ADJ;GEN(SG,FEM);sla	otwarte
otwarte	ADJ;DAT(SG,MASC);sla	otwartemu
otwarte	ADJ;DAT(SG,NEUT);sla	otwarteu
otwarte	ADJ;ACC(SG,MASC,INAN);sla	otwarty
otwarte	ADJ;NOM(SG,MASC);sla	otwarty
otwarte	ADJ;ESS(PL);sla	otwartych
otwarte	ADJ;INS(SG,MASC);sla	otwartym
otwarte	ADJ;ESS(SG,NEUT);sla	otwartym
otwarte	ADJ;INS(PL);sla	otwartymi
dłużnik	N;NOM(PL);sla	dłużniki
dłużnik	N;VOC(PL);sla	dłużniki
dłużnik	N;INS(PL);sla	dłużnikami
dłużnik	N;GEN(SG);sla	dłużnika
dłużnik	N;NOM(SG);sla	dłużnik
dłużnik	N;DAT(SG);sla	dłużnikowi
manicure	N;INS(PL);sla	manicurami
manicure	N;INS(SG);sla	manicurem
manicure	N;ACC(SG);sla	manicure
manicure	N;DAT(PL);sla	manicuram
manicure	N;ACC(PL);sla	manicura
manicure	N;NOM(PL);sla	manicura
manicure	N;VOC(PL);sla	manicura
manicure	N;ESS(SG);sla	manicuru
sefardyjski	ADJ;NOM(PL,MASC,HUM);sla	sefardyjscy
sefardyjski	ADJ;ACC(SG,MASC,INAN);sla	sefardyjski
sefardyjski	ADJ;ACC(PL,MASC,HUM);sla	sefardyjskich
sefardyjski	ADJ;ACC(PL);sla	sefardyjskie
sefardyjski	ADJ;ACC(SG,MASC,ANIM);sla	sefardyjskiego
sefardyjski	ADJ;GEN(SG,MASC);sla	sefardyjskiego
sefardyjski	ADJ;ESS(SG,FEM);sla	sefardyjskiej
sefardyjski	ADJ;GEN(SG,FEM);sla	sefardyjskiej
sefardyjski	ADJ;DAT(SG,NEUT);sla	sefardyjskiemu
sefardyjski	ADJ;INS(SG,MASC);sla	sefardyjskim
sefardyjski	ADJ;ESS(SG,NEUT);sla	sefardyjskem
sefardyjski	ADJ;INS(SG,NEUT);sla	sefardyjskim
sefardyjski	ADJ;INS(PL);sla	sefardyjskimi
szynka	N;DAT(SG);sla	szynce
szynka	N;ESS(SG);sla	szynce
szynka	N;GEN(PL);sla	szynek
szynka	N;INS(PL);sla	szynkami
szynka	N;ACC(SG);sla	szynkę
szynka	N;GEN(SG);sla	szynki
szynka	N;DAT(PL);sla	szynkom
szynka	N;VOC(SG);sla	szynko
częstokół	N;ESS(PL);sla	częstokołach
częstokół	N;INS(PL);sla	częstokółami
częstokół	N;ESS(SG);sla	częstokole
częstokół	N;ACC(SG);sla	częstokołu
tul	N;INS(SG);sla	tulem
tul	N;NOM(SG);sla	tul
tul	N;DAT(SG);sla	tuloju
tul	N;ESS(SG);sla	tulu
tul	N;VOC(SG);sla	tulu
ściana	N;INS(PL);sla	ścianami
ściana	N;NOM(SG);sla	ściana
ściana	N;ACC(SG);sla	ścianu
ściana	N;DAT(PL);sla	ścianom
ściana	N;VOC(SG);sla	ściano
ściana	N;ACC(PL);sla	ściany
ściana	N;VOC(PL);sla	ściany
barachło	N;GEN(PL);sla	barachłow
barachło	N;ESS(PL);sla	barachłach
barachło	N;GEN(SG);sla	barachła
barachło	N;NOM(PL);sla	barachła
barachło	N;VOC(PL);sla	barachła
barachło	N;NOM(SG);sla	barachło
barachło	N;VOC(SG);sla	barachło
barachło	N;DAT(SG);sla	barachłoju
czczy	ADJ;ACC(SG,FEM);sla	czczą
czczy	ADJ;NOM(SG,FEM);sla	czcza
czczy	ADJ;ACC(PL);sla	czcze
czczy	ADJ;ACC(SG,NEUT);sla	czcze
czczy	ADJ;NOM(PL);sla	czcze
czczy	ADJ;GEN(SG,MASC);sla	czczego
czczy	ADJ;ESS(SG,FEM);sla	czczej
czczy	ADJ;GEN(SG,FEM);sla	czczej
czczy	ADJ;NOM(PL,MASC,HUM);sla	czczy
czczy	ADJ;ACC(PL,MASC,HUM);sla	czczych
czczy	ADJ;INS(SG,MASC);sla	czczym
czczy	ADJ;INS(SG,NEUT);sla	czczym
czczy	ADJ;INS(PL);sla	czczymi
Indianin	N;ESS(PL);sla	Indianinach
Indianin	N;NOM(PL);sla	Indianiny
Indianin	N;ESS(SG);sla	Indianinie
Indianin	N;VOC(SG);sla	Indianinie
Indianin	N;NOM(SG);sla	Indianin
Indianin	N;DAT(SG);sla	Indianinowi
Indianin	N;ACC(PL);sla	Indianiny
hodowla	N;ESS(PL);sla	hodowlach
hodowla	N;INS(SG);sla	hodowlu
hodowla	N;NOM(SG);sla	hodowla
hodowla	N;NOM(PL);sla	hodowly
hodowla	N;DAT(SG);sla	hodowli
hodowla	N;ESS(SG);sla	hodowle
hodowla	N;GEN(SG);sla	hodowle
hodowla	N;DAT(PL);sla	hodowlam
pat	N;ESS(SG);sla	pacie
pat	N;VOC(SG);sla	pacie
pat	N;INS(PL);sla	patami
pat	N;ACC(SG);sla	pat
pat	N;NOM(SG);sla	pat
pat	N;DAT(SG);sla	patoju
pat	N;GEN(PL);sla	patów
pat	N;VOC(PL);sla	paty
ilustracja	N;ESS(PL);sla	ilustracjach
ilustracja	N;NOM(PL);sla	ilustracje
ilustracja	N;VOC(PL);sla	ilustracje
ilustracja	N;GEN(PL);sla	ilustracji
ilustracja	N;DAT(PL);sla	ilustracjam
ilustracja	N;VOC(SG);sla	ilustracjo
rachunek	N;ACC(SG);sla	rachunka
rachunek	N;NOM(SG);sla	rachunek
rachunek	N;ESS(PL);sla	rachunkach
rachunek	N;INS(SG);sla	rachunem
rachunek	N;NOM(PL);sla	rachunki
rachunek	N;DAT(SG);sla	rachunkowi
rachunek	N;GEN(PL);sla	rachunków
rachunek	N;ESS(SG);sla	rachunku
rachunek	N;VOC(SG);sla	rachunku
zimowy	ADJ;ACC(SG,FEM);sla	zimową
zimowy	ADJ;INS(SG,FEM);sla	zimową
zimowy	ADJ;NOM(SG,FEM);sla	zimowa
zimowy	ADJ;ACC(PL);sla	zimowe
zimowy	ADJ;ACC(SG,NEUT);sla	zimowe
zimowy	ADJ;ACC(SG,MASC,ANIM);sla	zimowego
zimowy	ADJ;ACC(SG,MASC,HUM);sla	zimowego
zimowy	ADJ;GEN(SG,NEUT);sla	zimowego
zimowy	ADJ;ESS(SG,FEM);sla	zimowej
zimowy	ADJ;DAT(SG,MASC);sla	zimowemu
zimowy	ADJ;ACC(SG,MASC,INAN);sla	zimowy
zimowy	ADJ;NOM(SG,MASC);sla	zimowy
zimowy	ADJ;GEN(PL);sla	zimowych
zimowy	ADJ;ACC(PL,MASC,HUM);sla	zimowych
zimowy	ADJ;DAT(PL);sla	zimowym
zimowy	ADJ;ESS(SG,MASC);sla	zimowym
zimowy	ADJ;INS(SG,MASC);sla	zimowym
ruten	N;INS(SG);sla	rutenem
ruten	N;ACC(SG);sla	ruten
chrabąszcz	N;ESS(PL);sla	chrabąszczach
chrabąszcz	N;INS(PL);sla	chrabąszczami
chrabąszcz	N;ACC(SG);sla	chrabąszcza
chrabąszcz	N;INS(SG);sla	chrabąszczem
chrabąszcz	N;ACC(PL);sla	chrabąszcze
chrabąszcz	N;NOM(PL);sla	chrabąszcze
chrabąszcz	N;DAT(PL);sla	chrabąszczom
chrabąszcz	N;DAT(SG);sla	chrabąszczowi
chrabąszcz	N;GEN(PL);sla	chrabąszczy
miara	N;INS(PL);sla	miarami
miara	N;ACC(SG);sla	miaru
miara	N;GEN(PL);sla	miarow
miara	N;DAT(PL);sla	miaram
miara	N;VOC(SG);sla	miaro
miara	N;ACC(PL);sla	miary
miara	N;VOC(PL);sla	miary
miara	N;DAT(SG);sla	miarje
dzieża	N;ESS(PL);sla	dzieżach
dzieża	N;INS(PL);sla	dzieżami
dzieża	N;INS(SG);sla	dzieżą
dzieża	N;NOM(PL);sla	dzieży
dzieża	N;VOC(PL);sla	dzieżi
dzieża	N;DAT(PL);sla	dzieżam
dzieża	N;VOC(SG);sla	dzieżo
dzieża	N;ESS(SG);sla	dzieże
dzieża	N;GEN(SG);sla	dzieży
małpeczka	N;DAT(SG);sla	małpeczce
małpeczka	N;ESS(PL);sla	małpeczkach
małpeczka	N;INS(PL);sla	małpeczkami
małpeczka	N;VOC(PL);sla	małpeczki
małpeczka	N;DAT(PL);sla	małpeczkom
małpeczka	N;VOC(SG);sla	małpeczko
korona	N;ESS(PL);sla	koronach
korona	N;INS(SG);sla	koroną
korona	N;NOM(SG);sla	korona
korona	N;ACC(SG);sla	koronę
korona	N;ESS(SG);sla	koronie
korona	N;DAT(PL);sla	koronom
korona	N;VOC(SG);sla	korono
korona	N;ACC(PL);sla	korony
korona	N;GEN(SG);sla	korony
korona	N;VOC(PL);sla	korony
lipiec	N;GEN(SG);sla	lipca
lipiec	N;ACC(PL);sla	lipce
lipiec	N;NOM(PL);sla	lipce
lipiec	N;VOC(PL);sla	lipce
lipiec	N;DAT(PL);sla	lipiecam
lipiec	N;GEN(PL);sla	lipców
lipiec	N;ACC(SG);sla	lipiec
lipiec	N;NOM(SG);sla	lipiec
zupa	N;INS(PL);sla	zupami
zupa	N;INS(SG);sla	zupu
zupa	N;NOM(SG);sla	zupa
zupa	N;ESS(SG);sla	zupje
zupa	N;GEN(PL);sla	zupow
zupa	N;VOC(SG);sla	zupo
zupa	N;ACC(PL);sla	zupy
zupa	N;NOM(PL);sla	zupy
miot	N;VOC(SG);sla	miocie
miot	N;ESS(PL);sla	miotach
miot	N;INS(PL);sla	miotami
miot	N;ACC(SG);sla	miota
miot	N;DAT(PL);sla	miotam
miot	N;DAT(SG);sla	miotowi
miot	N;GEN(SG);sla	miota
miot	N;ACC(PL);sla	mioty
miot	N;NOM(PL);sla	mioty
miot	N;VOC(PL);sla	mioty
neptunsky	ADV;CMPR;sla	neneptunštěji
neptunsky	ADV;CMPR;sla	neneptunštěji
vulkanizovanost	N;ACC(PL,FEM);sla	vulkanizovanosti
vulkanizovanost	N;ESS(PL,FEM);sla	vulkanizovanostech
vulkanizovanost	N;INS(PL,FEM);sla	vulkanizovanostmi
vulkanizovanost	N;DAT(SG,FEM);sla	vulkanizovanosti
vulkanizovanost	N;VOC(SG,FEM);sla	vulkanizovanosti
zestarávající	ADJ;INS(DU,FEM);sla	zestarávajícíma
zestarávající	ADJ;GEN(PL,FEM);sla	zestarávajících
zestarávající	ADJ;DAT(PL,FEM);sla	zestarávajícím
zestarávající	ADJ;ACC(PL,FEM);sla	zestarávající
zestarávající	ADJ;INS(PL,FEM);sla	zestarávajícími
zestarávající	ADJ;NOM(SG,FEM);sla	zestarávajícia
zestarávající	ADJ;GEN(PL,MASC,INAN);sla	zestarávajících
zestarávající	ADJ;DAT(PL,MASC,INAN);sla	zestarávajícím
zestarávající	ADJ;NOM(SG,MASC,INAN);sla	zestarávající
zestarávající	ADJ;GEN(SG,MASC,INAN);sla	zestarávajícího
zestarávající	ADJ;DAT(SG,MASC,INAN);sla	zestarávajícímu
zestarávající	ADJ;ESS(SG,MASC,INAN);sla	zestarávajícím
zestarávající	ADJ;INS(SG,MASC,INAN);sla	zestarávajícím
zestarávající	ADJ;DAT(PL,MASC,ANIM);sla	zestarávajícím
zestarávající	ADJ;VOC(PL,MASC,ANIM);sla	zestarávající
zestarávající	ADJ;NOM(SG,MASC,ANIM);sla	zestarávající
zestarávající	ADJ;GEN(SG,MASC,ANIM);sla	zestarávajícího
zestarávající	ADJ;VOC(SG,MASC,ANIM);sla	zestarávající
zestarávající	ADJ;GEN(PL,NEUT);sla	zestarávajících
zestarávající	ADJ;ACC(PL,NEUT);sla	zestarávající
zestarávající	ADJ;ESS(PL,NEUT);sla	zestarávajících
zestarávající	ADJ;NOM(SG,NEUT);sla	zestarávající
zestarávající	ADJ;GEN(SG,NEUT);sla	zestarávajícího
zestarávající	ADJ;DAT(SG,NEUT);sla	zestarávajícímu
zestarávající	ADJ;ESS(SG,NEUT);sla	zestarávajícím
zestarávající	ADJ;INS(SG,NEUT);sla	zestarávajícím
natrucombudsmančin	ADJ;GEN(PL,FEM);sla	natrucombudsmančiných
natrucombudsmančin	ADJ;ACC(PL,FEM);sla	natrucombudsmančin
natrucombudsmančin	ADJ;INS(PL,FEM);sla	natrucombudsmančinými
natrucombudsmančin	ADJ;NOM(SG,FEM);sla	natrucombudsmančina
natrucombudsmančin	ADJ;GEN(SG,FEM);sla	natrucombudsmančiny
natrucombudsmančin	ADJ;ACC(SG,FEM);sla	natrucombudsmančinu
natrucombudsmančin	ADJ;VOC(SG,FEM);sla	natrucombudsmančin
natrucombudsmančin	ADJ;NOM(PL,MASC,INAN);sla	natrucombudsmančiny
natrucombudsmančin	ADJ;GEN(PL,MASC,INAN);sla	natrucombudsmančiných
natrucombudsmančin	ADJ;DAT(PL,MASC,INAN);sla	natrucombudsmančiným
natrucombudsmančin	ADJ;ACC(PL,MASC,INAN);sla	natrucombudsmančine
natrucombudsmančin	ADJ;ESS(PL,MASC,INAN);sla	natrucombudsmančiných
natrucombudsmančin	ADJ;INS(PL,MASC,INAN);sla	natrucombudsmančinými
natrucombudsmančin	ADJ;GEN(SG,MASC,INAN);sla	natrucombudsmančina
natrucombudsmančin	ADJ;ACC(SG,MASC,INAN);sla	natrucombudsmančin
natrucombudsmančin	ADJ;NOM(PL,MASC,ANIM);sla	natrucombudsmančini
natrucombudsmančin	ADJ;ACC(PL,MASC,ANIM);sla	natrucombudsmančiny
natrucombudsmančin	ADJ;ESS(PL,MASC,ANIM);sla	natrucombudsmančiných
natrucombudsmančin	ADJ;NOM(SG,MASC,ANIM);sla	natrucombudsmančin
natrucombudsmančin	ADJ;DAT(SG,MASC,ANIM);sla	natrucombudsmančinmu
natrucombudsmančin	ADJ;ESS(SG,MASC,ANIM);sla	natrucombudsmančinom
natrucombudsmančin	ADJ;INS(SG,MASC,ANIM);sla	natrucombudsmančiným
natrucombudsmančin	ADJ;NOM(PL,NEUT);sla	natrucombudsmančin
natrucombudsmančin	ADJ;GEN(PL,NEUT);sla	natrucombudsmančiných
natrucombudsmančin	ADJ;VOC(PL,NEUT);sla	natrucombudsmančina
natrucombudsmančin	ADJ;DAT(SG,NEUT);sla	natrucombudsmančinmu
natrucombudsmančin	ADJ;VOC(SG,NEUT);sla	natrucombudsmančino
natrucombudsmančin	ADJ;ESS(SG,NEUT);sla	natrucombudsmančině
opískovávací	ADJ;INS(DU,FEM);sla	opískovávacíma
opískovávací	ADJ;NOM(PL,FEM);sla	opískovávací
opískovávací	ADJ;ACC(PL,FEM);sla	opískovávací
opískovávací	ADJ;VOC(PL,FEM);sla	opískovávací
opískovávací	ADJ;ESS(PL,FEM);sla	opískovávacích
opískovávací	ADJ;INS(PL,FEM);sla	opískovávacími
opískovávací	ADJ;DAT(SG,FEM);sla	opískovávací
opískovávací	ADJ;ACC(SG,FEM);sla	opískovávací
opískovávací	ADJ;ESS(SG,FEM);sla	opískovávací
opískovávací	ADJ;INS(PL,MASC,INAN);sla	opískovávacími
opískovávací	ADJ;GEN(SG,MASC,INAN);sla	opískovávacího
opískovávací	ADJ;DAT(SG,MASC,INAN);sla	opískovávacímu
opískovávací	ADJ;ACC(SG,MASC,INAN);sla	opískovávací
opískovávací	ADJ;VOC(SG,MASC,INAN);sla	opískovávací
opískovávací	ADJ;NOM(PL,MASC,ANIM);sla	opískovávací
opískovávací	ADJ;ACC(PL,MASC,ANIM);sla	opískovávací
opískovávací	ADJ;VOC(PL,MASC,ANIM);sla	opískovávací
opískovávací	ADJ;GEN(PL,NEUT);sla	opískovávacích
opískovávací	ADJ;ACC(PL,NEUT);sla	opískovávacie
opískovávací	ADJ;VOC(PL,NEUT);sla	opískovávacie
opískovávací	ADJ;INS(PL,NEUT);sla	opískovávacími
opískovávací	ADJ;NOM(SG,NEUT);sla	opískovávacie
opískovávací	ADJ;GEN(SG,NEUT);sla	opískovávacieho
opískovávací	ADJ;DAT(SG,NEUT);sla	opískovávacímu
opískovávací	ADJ;VOC(SG,NEUT);sla	opískovávací
opískovávací	ADJ;ESS(SG,NEUT);sla	opískovávacím
vyžďuchanost	N;NOM(PL,FEM);sla	vyžďuchanosti
vyžďuchanost	N;DAT(SG,FEM);sla	vyžďuchanosti
vyžďuchanost	N;ACC(SG,FEM);sla	vyžďuchanost
povelák	N;NOM(PL,MASC,INAN);sla	povelák
povelák	N;GEN(PL,MASC,INAN);sla	povelák
povelák	N;ACC(PL,MASC,INAN);sla	poveláky
povelák	N;ESS(PL,MASC,INAN);sla	povelácích
povelák	N;INS(PL,MASC,INAN);sla	povelák
povelák	N;GEN(SG,MASC,INAN);sla	poveláku
povelák	N;DAT(SG,MASC,INAN);sla	povelák
povelák	N;ACC(SG,MASC,INAN);sla	povelák
povelák	N;VOC(SG,MASC,INAN);sla	poveláku
povelák	N;ESS(SG,MASC,INAN);sla	povelák
povelák	N;INS(SG,MASC,INAN);sla	povelák
zrozkotávatelně	ADV;CMPR;sla	nezrozkotávatelněji
zrozkotávatelně	ADV;CMPR;sla	nezrozkotávatelněji
zrozkotávatelně	ADV;SPRL;sla	nejnezrozkotávatelněji
zrozkotávatelně	ADV;SPRL;sla	nejnezrozkotávatelněji
dotlačovávat	V;PRS;IND;IPFV;1;PL;sla	dotlačováváme
dotlačovávat	V;PRS;IND;NEG;IPFV;1;PL;sla	nedotlačováváme
dotlačovávat	V;PRS;IND;IPFV;2;PL;sla	dotlačováváte
dotlačovávat	V;PRS;IND;IPFV;3;PL;sla	dotlačovávají
dotlačovávat	V;PRS;IND;IPFV;1;SG;sla	dotlačovávám
dotlačovávat	V;PRS;IND;NEG;IPFV;3;SG;sla	nedotlačovává
dotlačovávat	V;NFIN;IPFV;sla	dotlačovávat
dotlačovávat	V;FUT;IND;IPFV;1;SG;sla	budem dotlačovávat
dotlačovávat	V;FUT;IND;NEG;IPFV;2;SG;sla	nebudeš dotlačovávat
dotlačovávat	V;FUT;IND;NEG;IPFV;3;SG;sla	nebude dotlačovávat
dotlačovávat	V;FUT;IND;NEG;IPFV;1;PL;sla	nebudeme dotlačovávat
dotlačovávat	V;FUT;IND;IPFV;2;PL;sla	budete dotlačovávat
dotlačovávat	V;IMP;NEG;IPFV;2;PL;sla	nedotlačovávejte
dotlačovávat	V;IMP;IPFV;2;SG;sla	dotlačovávej
dotlačovávat	V;PST;IND;IPFV;2;PL;MASC;ANIM;sla	dotlačovávali jste
dotlačovávat	V;COND;PRS;IPFV;1;PL;MASC;ANIM;sla	dotlačovávali bychom
dotlačovávat	V;COND;PRS;IPFV;2;PL;MASC;ANIM;sla	dotlačovávali byste
dotlačovávat	V;COND;PST;IPFV;3;PL;MASC;ANIM;sla	boli by dotlačovávali
dotlačovávat	V;COND;PST;IPFV;2;PL;MASC;ANIM;sla	byli byste dotlačovávali
dotlačovávat	V;PST;IND;NEG;IPFV;1;PL;MASC;ANIM;sla	nedotlačovávali jsme
dotlačovávat	V;PST;IND;NEG;IPFV;2;PL;MASC;ANIM;sla	nedotlačovávali jste
dotlačovávat	V;COND;PRS;NEG;IPFV;3;PL;MASC;ANIM;sla	nedotlačovávali by
dotlačovávat	V;COND;PRS;NEG;IPFV;2;PL;MASC;ANIM;sla	nedotlačovávali byste
dotlačovávat	V;COND;PST;NEG;IPFV;2;PL;MASC;ANIM;sla	nebyli byste dotlačovávali
dotlačovávat	V;PST;IND;IPFV;2;SG;NEUT;sla	dotlačovávalo jsi
dotlačovávat	V;COND;PRS;IPFV;3;SG;NEUT;sla	dotlačovávalo by
dotlačovávat	V;COND;PRS;IPFV;1;SG;NEUT;sla	dotlačovávalo bych
dotlačovávat	V;COND;PRS;IPFV;2;SG;NEUT;sla	dotlačovávalo bys
dotlačovávat	V;COND;PST;IPFV;3;SG;NEUT;sla	bylo by dotlačovávalo
dotlačovávat	V;PST;IND;NEG;IPFV;2;SG;NEUT;sla	nedotlačovávalo jsi
dotlačovávat	V;COND;PRS;NEG;IPFV;1;SG;NEUT;sla	nedotlačovávalo bych
dotlačovávat	V;COND;PRS;NEG;IPFV;2;SG;NEUT;sla	nedotlačovávalo bys
dotlačovávat	V;COND;PST;NEG;IPFV;2;SG;NEUT;sla	nebolo by si dotlačovávalo
dotlačovávat	V;PST;IND;NEG;IPFV;2;SG;NEUT;sla	nedotlačovávalo jsi
dotlačovávat	V;PST;IND;IPFV;1;SG;FEM;sla	dotlačovávala jsem
dotlačovávat	V;COND;PST;IPFV;3;SG;FEM;sla	bola by dotlačovávala
dotlačovávat	V;PST;IND;IPFV;3;PL;NEUT;sla	dotlačovávala
dotlačovávat	V;PST;IND;IPFV;2;PL;NEUT;sla	dotlačovávala jste
dotlačovávat	V;COND;PRS;IPFV;1;PL;NEUT;sla	dotlačovávala bychom
dotlačovávat	V;COND;PRS;IPFV;2;PL;NEUT;sla	dotlačovávala byste
dotlačovávat	V;COND;PST;IPFV;3;PL;NEUT;sla	boli by dotlačovávala
dotlačovávat	V;COND;PST;IPFV;1;PL;NEUT;sla	boli by sme dotlačovávala
dotlačovávat	V;COND;PST;IPFV;2;PL;NEUT;sla	boli by ste dotlačovávala
dotlačovávat	V;PST;IND;NEG;IPFV;3;SG;FEM;sla	nedotlačovávala
dotlačovávat	V;COND;PRS;NEG;IPFV;3;SG;FEM;sla	nedotlačovávala by
dotlačovávat	V;COND;PRS;NEG;IPFV;1;SG;FEM;sla	nedotlačovávala bych
dotlačovávat	V;COND;PRS;NEG;IPFV;2;SG;FEM;sla	nedotlačovávala bys
dotlačovávat	V;COND;PST;NEG;IPFV;1;SG;FEM;sla	nebyla bych dotlačovávala
dotlačovávat	V;PST;IND;NEG;IPFV;3;PL;NEUT;sla	nedotlačovávala
dotlačovávat	V;PST;IND;NEG;IPFV;1;PL;NEUT;sla	nedotlačovávala jsme
dotlačovávat	V;COND;PRS;NEG;IPFV;1;PL;NEUT;sla	nedotlačovávala bychom
dotlačovávat	V;PST;IND;IPFV;3;PL;FEM;sla	dotlačovávaly
dotlačovávat	V;COND;PRS;IPFV;2;PL;FEM;sla	dotlačovávaly byste
dotlačovávat	V;COND;PST;IPFV;1;PL;FEM;sla	boli by sme dotlačovávaly
dotlačovávat	V;PST;IND;IPFV;2;PL;MASC;INAN;sla	dotlačovávaly jste
dotlačovávat	V;COND;PRS;IPFV;3;PL;MASC;INAN;sla	dotlačovávaly by
dotlačovávat	V;COND;PRS;IPFV;1;PL;MASC;INAN;sla	dotlačovávaly bychom
dotlačovávat	V;COND;PRS;IPFV;2;PL;MASC;INAN;sla	dotlačovávaly byste
dotlačovávat	V;COND;PST;IPFV;1;PL;MASC;INAN;sla	boli by sme dotlačovávaly
dotlačovávat	V;COND;PST;IPFV;2;PL;MASC;INAN;sla	boli by ste dotlačovávaly
dotlačovávat	V;PST;IND;NEG;IPFV;3;PL;FEM;sla	nedotlačovávaly
dotlačovávat	V;COND;PRS;NEG;IPFV;3;PL;FEM;sla	nedotlačovávaly by
dotlačovávat	V;COND;PST;NEG;IPFV;2;PL;FEM;sla	nebyly byste dotlačovávaly
dotlačovávat	V;PST;IND;NEG;IPFV;2;PL;MASC;INAN;sla	nedotlačovávaly jste
dotlačovávat	V;COND;PRS;NEG;IPFV;3;PL;MASC;INAN;sla	nedotlačovávaly by
dotlačovávat	V;COND;PST;NEG;IPFV;3;PL;MASC;INAN;sla	neboli by dotlačovávaly
dotlačovávat	V;COND;PST;NEG;IPFV;1;PL;MASC;INAN;sla	nebyly bychom dotlačovávaly
dotlačovávat	V;COND;PST;NEG;IPFV;2;PL;MASC;INAN;sla	neboli by ste dotlačovávaly
dotlačovávat	V;PST;IND;IPFV;1;SG;MASC;sla	dotlačovával jsem
dotlačovávat	V;COND;PRS;IPFV;2;SG;MASC;sla	dotlačovával bys
dotlačovávat	V;COND;PST;IPFV;1;SG;MASC;sla	byl bych dotlačovával
dotlačovávat	V;PST;IND;IPFV;2;SG;MASC;sla	dotlačovávals
dotlačovávat	V;PST;IND;NEG;IPFV;3;SG;MASC;sla	nedotlačovával
dotlačovávat	V;COND;PRS;NEG;IPFV;1;SG;MASC;sla	nedotlačovával bych
dotlačovávat	V;COND;PRS;NEG;IPFV;2;SG;MASC;sla	nedotlačovával bys
dotlačovávat	V;COND;PST;NEG;IPFV;3;SG;MASC;sla	nebyl by dotlačovával
dotlačovávat	V;COND;PST;NEG;IPFV;1;SG;MASC;sla	nebyl bych dotlačovával
dotlačovávat	V;PST;IND;NEG;IPFV;2;SG;MASC;sla	nedotlačovávals
dotlačovávat	V.PTCP;PASS;IPFV;NOM;NOM(2,SG,FEM);sla	dotlačovávánas
dotlačovávat	V.PTCP;PASS;NEG;IPFV;ACC;NOM(3,SG,FEM);sla	nedotlačovávánu
dotlačovávat	V.PTCP;PASS;IPFV;NOM;NOM(3,PL,MASC,ANIM);sla	dotlačováváni
dotlačovávat	V.PTCP;PASS;NEG;IPFV;NOM;NOM(2,SG,NEUT);sla	nedotlačovávános
dotlačovávat	V.PTCP;PASS;IPFV;NOM;NOM(3,SG,NEUT);sla	dotlačováváno
dotlačovávat	V.PTCP;PASS;NEG;IPFV;NOM;NOM(3,SG,NEUT);sla	nedotlačováváno
dotlačovávat	V.PTCP;PASS;NEG;IPFV;NOM;NOM(3,PL,NEUT);sla	nedotlačovávána
dotlačovávat	V.PTCP;PASS;IPFV;NOM;NOM(3,SG,MASC);sla	dotlačováván
dotlačovávat	V.PTCP;PASS;NEG;IPFV;NOM;NOM(3,SG,MASC);sla	nedotlačováván
třicetihaléřovost	N;DAT(PL,FEM);sla	třicetihaléřovostem
třicetihaléřovost	N;VOC(PL,FEM);sla	třicetihaléřovosti
třicetihaléřovost	N;ESS(PL,FEM);sla	třicetihaléřovostech
třicetihaléřovost	N;DAT(SG,FEM);sla	třicetihaléřovosti
třicetihaléřovost	N;INS(SG,FEM);sla	třicetihaléřovostí
delikventčin	ADJ;GEN(PL,FEM);sla	delikventčiných
delikventčin	ADJ;ESS(PL,FEM);sla	delikventčiných
delikventčin	ADJ;INS(PL,FEM);sla	delikventčinými
delikventčin	ADJ;NOM(SG,FEM);sla	delikventčina
delikventčin	ADJ;GEN(SG,FEM);sla	delikventčiny
delikventčin	ADJ;VOC(SG,FEM);sla	delikventčin
delikventčin	ADJ;ESS(SG,FEM);sla	delikventčin
delikventčin	ADJ;NOM(PL,MASC,INAN);sla	delikventčiny
delikventčin	ADJ;GEN(PL,MASC,INAN);sla	delikventčiných
delikventčin	ADJ;DAT(PL,MASC,INAN);sla	delikventčiným
delikventčin	ADJ;VOC(PL,MASC,INAN);sla	delikventčiny
delikventčin	ADJ;ESS(PL,MASC,INAN);sla	delikventčiných
delikventčin	ADJ;DAT(SG,MASC,INAN);sla	delikventčinmu
delikventčin	ADJ;ACC(SG,MASC,INAN);sla	delikventčin
delikventčin	ADJ;ESS(SG,MASC,INAN);sla	delikventčinom
delikventčin	ADJ;NOM(PL,MASC,ANIM);sla	delikventčini
delikventčin	ADJ;DAT(PL,MASC,ANIM);sla	delikventčiným
delikventčin	ADJ;ESS(PL,MASC,ANIM);sla	delikventčiných
delikventčin	ADJ;INS(PL,MASC,ANIM);sla	delikventčinmi
delikventčin	ADJ;DAT(SG,MASC,ANIM);sla	delikventčinmu
delikventčin	ADJ;ACC(SG,MASC,ANIM);sla	delikventčin
delikventčin	ADJ;ESS(SG,MASC,ANIM);sla	delikventčinom
delikventčin	ADJ;INS(SG,MASC,ANIM);sla	delikventčiným
delikventčin	ADJ;NOM(PL,NEUT);sla	delikventčin
delikventčin	ADJ;DAT(PL,NEUT);sla	delikventčiným
delikventčin	ADJ;ACC(PL,NEUT);sla	delikventčina
delikventčin	ADJ;VOC(PL,NEUT);sla	delikventčina
delikventčin	ADJ;ESS(PL,NEUT);sla	delikventčiných
delikventčin	ADJ;INS(PL,NEUT);sla	delikventčinými
delikventčin	ADJ;DAT(SG,NEUT);sla	delikventčinmu
delikventčin	ADJ;VOC(SG,NEUT);sla	delikventčino
delikventčin	ADJ;ESS(SG,NEUT);sla	delikventčině
delikventčin	ADJ;INS(SG,NEUT);sla	delikventčinm
vašnostovanost	N;ACC(PL,FEM);sla	vašnostovanosti
vašnostovanost	N;NOM(SG,FEM);sla	vašnostovanost
vašnostovanost	N;DAT(SG,FEM);sla	vašnostovanosti
vašnostovanost	N;ACC(SG,FEM);sla	vašnostovanost
zašmátravší	ADJ;VOC(PL,FEM);sla	zašmátravšie
zašmátravší	ADJ;INS(PL,FEM);sla	zašmátravšími
zašmátravší	ADJ;GEN(SG,FEM);sla	zašmátravšej
zašmátravší	ADJ;VOC(SG,FEM);sla	zašmátravšia
zašmátravší	ADJ;ESS(SG,FEM);sla	zašmátravšej
zašmátravší	ADJ;INS(SG,FEM);sla	zašmátravšou
zašmátravší	ADJ;DAT(PL,MASC,INAN);sla	zašmátravším
zašmátravší	ADJ;ACC(PL,MASC,INAN);sla	zašmátravšie
zašmátravší	ADJ;ESS(PL,MASC,INAN);sla	zašmátravších
zašmátravší	ADJ;INS(PL,MASC,INAN);sla	zašmátravšími
zašmátravší	ADJ;NOM(SG,MASC,INAN);sla	zašmátravší
zašmátravší	ADJ;GEN(SG,MASC,INAN);sla	zašmátravšieho
zašmátravší	ADJ;NOM(PL,MASC,ANIM);sla	zašmátravší
zašmátravší	ADJ;GEN(PL,MASC,ANIM);sla	zašmátravších
zašmátravší	ADJ;ACC(PL,MASC,ANIM);sla	zašmátravší
zašmátravší	ADJ;VOC(PL,MASC,ANIM);sla	zašmátravší
zašmátravší	ADJ;ESS(PL,MASC,ANIM);sla	zašmátravších
zašmátravší	ADJ;NOM(SG,MASC,ANIM);sla	zašmátravší
zašmátravší	ADJ;GEN(SG,MASC,ANIM);sla	zašmátravšího
zašmátravší	ADJ;DAT(SG,MASC,ANIM);sla	zašmátravšímu
zašmátravší	ADJ;DAT(PL,NEUT);sla	zašmátravším
zašmátravší	ADJ;ACC(PL,NEUT);sla	zašmátravšie
zašmátravší	ADJ;VOC(PL,NEUT);sla	zašmátravšie
zašmátravší	ADJ;NOM(SG,NEUT);sla	zašmátravšie
zašmátravší	ADJ;VOC(SG,NEUT);sla	zašmátravšie
vyplavávající	ADJ;INS(DU,FEM);sla	vyplavávajícíma
vyplavávající	ADJ;ACC(PL,FEM);sla	vyplavávající
vyplavávající	ADJ;DAT(SG,FEM);sla	vyplavávající
vyplavávající	ADJ;ACC(SG,FEM);sla	vyplavávající
vyplavávající	ADJ;NOM(PL,MASC,INAN);sla	vyplavávající
vyplavávající	ADJ;DAT(PL,MASC,INAN);sla	vyplavávajícím
vyplavávající	ADJ;INS(PL,MASC,INAN);sla	vyplavávajícími
vyplavávající	ADJ;DAT(SG,MASC,INAN);sla	vyplavávajícímu
vyplavávající	ADJ;ESS(SG,MASC,INAN);sla	vyplavávajícím
vyplavávající	ADJ;NOM(PL,MASC,ANIM);sla	vyplavávající
vyplavávající	ADJ;GEN(PL,MASC,ANIM);sla	vyplavávajících
vyplavávající	ADJ;ACC(PL,MASC,ANIM);sla	vyplavávající
vyplavávající	ADJ;VOC(PL,MASC,ANIM);sla	vyplavávající
vyplavávající	ADJ;ESS(PL,MASC,ANIM);sla	vyplavávajících
vyplavávající	ADJ;NOM(SG,MASC,ANIM);sla	vyplavávající
vyplavávající	ADJ;ACC(SG,MASC,ANIM);sla	vyplavávajícího
vyplavávající	ADJ;VOC(SG,MASC,ANIM);sla	vyplavávající
vyplavávající	ADJ;INS(PL,NEUT);sla	vyplavávajícími
vyplavávající	ADJ;DAT(SG,NEUT);sla	vyplavávajícímu
vyplavávající	ADJ;ESS(SG,NEUT);sla	vyplavávajícím
přeťukávatelně	ADV;sla	přeťukávatelně
přeťukávatelně	ADV;sla	přeťukávatelně
fotosenzitivní	ADJ;INS(DU,FEM);sla	fotosenzitivníma
fotosenzitivní	ADJ;CMPR;GEN(PL,FEM);sla	fotosenzitivní
fotosenzitivní	ADJ;CMPR;DAT(PL,FEM);sla	fotosenzitivním
fotosenzitivní	ADJ;SPRL;DAT(PL,FEM);sla	najfotosenzitivníjším
fotosenzitivní	ADJ;ACC(PL,FEM);sla	fotosenzitivní
fotosenzitivní	ADJ;CMPR;VOC(PL,FEM);sla	fotosenzitivní
fotosenzitivní	ADJ;ESS(PL,FEM);sla	fotosenzitivních
fotosenzitivní	ADJ;NOM(SG,FEM);sla	fotosenzitivnia
fotosenzitivní	ADJ;SPRL;NOM(SG,FEM);sla	nejfotosenzitivní
fotosenzitivní	ADJ;CMPR;DAT(SG,FEM);sla	fotosenzitivní
fotosenzitivní	ADJ;SPRL;DAT(SG,FEM);sla	nejfotosenzitivní
fotosenzitivní	ADJ;CMPR;VOC(SG,FEM);sla	fotosenzitivní
fotosenzitivní	ADJ;CMPR;ESS(SG,FEM);sla	fotosenzitivní
fotosenzitivní	ADJ;INS(SG,FEM);sla	fotosenzitivnou
fotosenzitivní	ADJ;SPRL;INS(SG,FEM);sla	nejfotosenzitivní
fotosenzitivní	ADJ;NOM(PL,MASC,INAN);sla	fotosenzitivní
fotosenzitivní	ADJ;CMPR;NOM(PL,MASC,INAN);sla	fotosenzitivní
fotosenzitivní	ADJ;GEN(PL,MASC,INAN);sla	fotosenzitivních
fotosenzitivní	ADJ;SPRL;GEN(PL,MASC,INAN);sla	nejfotosenzitivníjších
fotosenzitivní	ADJ;DAT(PL,MASC,INAN);sla	fotosenzitivním
fotosenzitivní	ADJ;ACC(PL,MASC,INAN);sla	fotosenzitivní
fotosenzitivní	ADJ;CMPR;ACC(PL,MASC,INAN);sla	fotosenzitivní
fotosenzitivní	ADJ;VOC(PL,MASC,INAN);sla	fotosenzitivní
fotosenzitivní	ADJ;CMPR;VOC(PL,MASC,INAN);sla	fotosenzitivní
fotosenzitivní	ADJ;CMPR;ESS(PL,MASC,INAN);sla	fotosenzitivní
fotosenzitivní	ADJ;SPRL;INS(PL,MASC,INAN);sla	nejfotosenzitivníjšími
fotosenzitivní	ADJ;NOM(SG,MASC,INAN);sla	fotosenzitivní
fotosenzitivní	ADJ;CMPR;NOM(SG,MASC,INAN);sla	fotosenzitivní
fotosenzitivní	ADJ;SPRL;NOM(SG,MASC,INAN);sla	nejfotosenzitivníjší
fotosenzitivní	ADJ;GEN(SG,MASC,INAN);sla	fotosenzitivního
fotosenzitivní	ADJ;CMPR;GEN(SG,MASC,INAN);sla	fotosenzitivního
fotosenzitivní	ADJ;SPRL;GEN(SG,MASC,INAN);sla	najfotosenzitivního
fotosenzitivní	ADJ;SPRL;DAT(SG,MASC,INAN);sla	nejfotosenzitivnímu
fotosenzitivní	ADJ;CMPR;ACC(SG,MASC,INAN);sla	fotosenzitivní
fotosenzitivní	ADJ;CMPR;VOC(SG,MASC,INAN);sla	fotosenzitivní
fotosenzitivní	ADJ;SPRL;VOC(SG,MASC,INAN);sla	nejfotosenzitivníjší
fotosenzitivní	ADJ;ESS(SG,MASC,INAN);sla	fotosenzitivním
fotosenzitivní	ADJ;CMPR;ESS(SG,MASC,INAN);sla	fotosenzitivním
fotosenzitivní	ADJ;SPRL;ESS(SG,MASC,INAN);sla	nejfotosenzitivním
fotosenzitivní	ADJ;CMPR;INS(SG,MASC,INAN);sla	fotosenzitivním
fotosenzitivní	ADJ;SPRL;INS(SG,MASC,INAN);sla	nejfotosenzitivníjším
fotosenzitivní	ADJ;NOM(PL,MASC,ANIM);sla	fotosenzitivní
fotosenzitivní	ADJ;CMPR;NOM(PL,MASC,ANIM);sla	fotosenzitivní
fotosenzitivní	ADJ;CMPR;GEN(PL,MASC,ANIM);sla	fotosenzitivní
fotosenzitivní	ADJ;SPRL;GEN(PL,MASC,ANIM);sla	nejfotosenzitivníjších
fotosenzitivní	ADJ;DAT(PL,MASC,ANIM);sla	fotosenzitivním
fotosenzitivní	ADJ;SPRL;DAT(PL,MASC,ANIM);sla	najfotosenzitivníjším
fotosenzitivní	ADJ;ACC(PL,MASC,ANIM);sla	fotosenzitivní
fotosenzitivní	ADJ;SPRL;ACC(PL,MASC,ANIM);sla	nejfotosenzitivní
fotosenzitivní	ADJ;CMPR;VOC(PL,MASC,ANIM);sla	fotosenzitivní
fotosenzitivní	ADJ;CMPR;ESS(PL,MASC,ANIM);sla	fotosenzitivní
fotosenzitivní	ADJ;INS(PL,MASC,ANIM);sla	fotosenzitivními
fotosenzitivní	ADJ;CMPR;INS(PL,MASC,ANIM);sla	fotosenzitivníjšími
fotosenzitivní	ADJ;SPRL;INS(PL,MASC,ANIM);sla	nejfotosenzitivníjšími
fotosenzitivní	ADJ;NOM(SG,MASC,ANIM);sla	fotosenzitivní
fotosenzitivní	ADJ;CMPR;GEN(SG,MASC,ANIM);sla	fotosenzitivního
fotosenzitivní	ADJ;SPRL;GEN(SG,MASC,ANIM);sla	nejfotosenzitivního
fotosenzitivní	ADJ;DAT(SG,MASC,ANIM);sla	fotosenzitivnímu
fotosenzitivní	ADJ;SPRL;ACC(SG,MASC,ANIM);sla	nejfotosenzitivního
fotosenzitivní	ADJ;ESS(SG,MASC,ANIM);sla	fotosenzitivním
fotosenzitivní	ADJ;CMPR;ESS(SG,MASC,ANIM);sla	fotosenzitivním
fotosenzitivní	ADJ;INS(SG,MASC,ANIM);sla	fotosenzitivním
fotosenzitivní	ADJ;CMPR;NOM(PL,NEUT);sla	fotosenzitivní
fotosenzitivní	ADJ;SPRL;NOM(PL,NEUT);sla	nejfotosenzitivní
fotosenzitivní	ADJ;DAT(PL,NEUT);sla	fotosenzitivním
fotosenzitivní	ADJ;CMPR;DAT(PL,NEUT);sla	fotosenzitivním
fotosenzitivní	ADJ;CMPR;ACC(PL,NEUT);sla	fotosenzitivní
fotosenzitivní	ADJ;SPRL;ACC(PL,NEUT);sla	nejfotosenzitivní
fotosenzitivní	ADJ;CMPR;VOC(PL,NEUT);sla	fotosenzitivní
fotosenzitivní	ADJ;ESS(PL,NEUT);sla	fotosenzitivních
fotosenzitivní	ADJ;CMPR;INS(PL,NEUT);sla	fotosenzitivníjšími
fotosenzitivní	ADJ;CMPR;NOM(SG,NEUT);sla	fotosenzitivní
fotosenzitivní	ADJ;SPRL;NOM(SG,NEUT);sla	nejfotosenzitivní
fotosenzitivní	ADJ;GEN(SG,NEUT);sla	fotosenzitivního
fotosenzitivní	ADJ;SPRL;GEN(SG,NEUT);sla	nejfotosenzitivního
fotosenzitivní	ADJ;DAT(SG,NEUT);sla	fotosenzitivnímu
fotosenzitivní	ADJ;CMPR;DAT(SG,NEUT);sla	fotosenzitivnímu
fotosenzitivní	ADJ;SPRL;DAT(SG,NEUT);sla	nejfotosenzitivnímu
fotosenzitivní	ADJ;ACC(SG,NEUT);sla	fotosenzitivní
fotosenzitivní	ADJ;CMPR;ACC(SG,NEUT);sla	fotosenzitivní
fotosenzitivní	ADJ;SPRL;INS(SG,NEUT);sla	nejfotosenzitivníjším
pseudoekonomickost	N;NOM(PL,FEM);sla	pseudoekonomickosti
pseudoekonomickost	N;GEN(PL,FEM);sla	pseudoekonomickostí
pseudoekonomickost	N;DAT(PL,FEM);sla	pseudoekonomickostem
pseudoekonomickost	N;VOC(PL,FEM);sla	pseudoekonomickosti
pseudoekonomickost	N;NOM(SG,FEM);sla	pseudoekonomickost
pseudoekonomickost	N;ESS(SG,FEM);sla	pseudoekonomickosti
idealizovávání	N;ACC(PL,NEUT);sla	idealizovávání
idealizovávání	N;VOC(PL,NEUT);sla	idealizovávání
idealizovávání	N;ESS(PL,NEUT);sla	idealizováváních
idealizovávání	N;ACC(SG,NEUT);sla	idealizovávání
idealizovávání	N;VOC(SG,NEUT);sla	idealizovávání
zaaltajský	ADJ;CMPR;INS(DU,FEM);sla	zaaltajštějšíma
zaaltajský	ADJ;SPRL;INS(DU,FEM);sla	nejzaaltajštějšíma
zaaltajský	ADJ;NOM(PL,FEM);sla	zaaltajské
zaaltajský	ADJ;SPRL;NOM(PL,FEM);sla	najzaaltajštější
zaaltajský	ADJ;CMPR;GEN(PL,FEM);sla	zaaltajštějších
zaaltajský	ADJ;VOC(PL,FEM);sla	zaaltajské
zaaltajský	ADJ;CMPR;VOC(PL,FEM);sla	zaaltajštější
zaaltajský	ADJ;SPRL;VOC(PL,FEM);sla	nejzaaltajskejšie
zaaltajský	ADJ;SPRL;ESS(PL,FEM);sla	nejzaaltajštějších
zaaltajský	ADJ;INS(PL,FEM);sla	zaaltajskými
zaaltajský	ADJ;CMPR;INS(PL,FEM);sla	zaaltajštějšími
zaaltajský	ADJ;SPRL;NOM(SG,FEM);sla	nejzaaltajštější
zaaltajský	ADJ;GEN(SG,FEM);sla	zaaltajskej
zaaltajský	ADJ;CMPR;GEN(SG,FEM);sla	zaaltajštější
zaaltajský	ADJ;DAT(SG,FEM);sla	zaaltajské
zaaltajský	ADJ;SPRL;VOC(SG,FEM);sla	nejzaaltajštější
zaaltajský	ADJ;CMPR;ESS(SG,FEM);sla	zaaltajštější
zaaltajský	ADJ;SPRL;ESS(SG,FEM);sla	nejzaaltajštější
zaaltajský	ADJ;SPRL;INS(SG,FEM);sla	nejzaaltajštější
zaaltajský	ADJ;NOM(PL,MASC,INAN);sla	zaaltajské
zaaltajský	ADJ;SPRL;NOM(PL,MASC,INAN);sla	nejzaaltajštější
zaaltajský	ADJ;CMPR;GEN(PL,MASC,INAN);sla	zaaltajštějších
zaaltajský	ADJ;SPRL;GEN(PL,MASC,INAN);sla	nejzaaltajštějších
zaaltajský	ADJ;CMPR;DAT(PL,MASC,INAN);sla	zaaltajštějším
zaaltajský	ADJ;ACC(PL,MASC,INAN);sla	zaaltajské
zaaltajský	ADJ;CMPR;ACC(PL,MASC,INAN);sla	zaaltajštější
zaaltajský	ADJ;SPRL;ACC(PL,MASC,INAN);sla	nejzaaltajštější
zaaltajský	ADJ;VOC(PL,MASC,INAN);sla	zaaltajské
zaaltajský	ADJ;INS(PL,MASC,INAN);sla	zaaltajskými
zaaltajský	ADJ;NOM(SG,MASC,INAN);sla	zaaltajský
zaaltajský	ADJ;SPRL;NOM(SG,MASC,INAN);sla	nejzaaltajštější
zaaltajský	ADJ;GEN(SG,MASC,INAN);sla	zaaltajského
zaaltajský	ADJ;DAT(SG,MASC,INAN);sla	zaaltajskému
zaaltajský	ADJ;CMPR;DAT(SG,MASC,INAN);sla	zaaltajštějšímu
zaaltajský	ADJ;SPRL;DAT(SG,MASC,INAN);sla	nejzaaltajštějšímu
zaaltajský	ADJ;ACC(SG,MASC,INAN);sla	zaaltajský
zaaltajský	ADJ;CMPR;VOC(SG,MASC,INAN);sla	zaaltajštější
zaaltajský	ADJ;ESS(SG,MASC,INAN);sla	zaaltajskom
zaaltajský	ADJ;SPRL;ESS(SG,MASC,INAN);sla	nejzaaltajštějším
zaaltajský	ADJ;CMPR;INS(SG,MASC,INAN);sla	zaaltajštějším
zaaltajský	ADJ;NOM(PL,MASC,ANIM);sla	zaaltajští
zaaltajský	ADJ;SPRL;NOM(PL,MASC,ANIM);sla	nejzaaltajštější
zaaltajský	ADJ;GEN(PL,MASC,ANIM);sla	zaaltajských
zaaltajský	ADJ;CMPR;GEN(PL,MASC,ANIM);sla	zaaltajštějších
zaaltajský	ADJ;SPRL;GEN(PL,MASC,ANIM);sla	nejzaaltajštějších
zaaltajský	ADJ;DAT(PL,MASC,ANIM);sla	zaaltajským
zaaltajský	ADJ;CMPR;DAT(PL,MASC,ANIM);sla	zaaltajštějším
zaaltajský	ADJ;SPRL;DAT(PL,MASC,ANIM);sla	najzaaltajštějším
zaaltajský	ADJ;VOC(PL,MASC,ANIM);sla	zaaltajští
zaaltajský	ADJ;INS(PL,MASC,ANIM);sla	zaaltajskými
zaaltajský	ADJ;NOM(SG,MASC,ANIM);sla	zaaltajský
zaaltajský	ADJ;SPRL;NOM(SG,MASC,ANIM);sla	nejzaaltajštější
zaaltajský	ADJ;GEN(SG,MASC,ANIM);sla	zaaltajského
zaaltajský	ADJ;SPRL;GEN(SG,MASC,ANIM);sla	nejzaaltajštějšího
zaaltajský	ADJ;CMPR;DAT(SG,MASC,ANIM);sla	zaaltajskejšiemu
zaaltajský	ADJ;SPRL;DAT(SG,MASC,ANIM);sla	nejzaaltajštějšímu
zaaltajský	ADJ;CMPR;ACC(SG,MASC,ANIM);sla	zaaltajštějšího
zaaltajský	ADJ;VOC(SG,MASC,ANIM);sla	zaaltajský
zaaltajský	ADJ;CMPR;VOC(SG,MASC,ANIM);sla	zaaltajštější
zaaltajský	ADJ;SPRL;VOC(SG,MASC,ANIM);sla	nejzaaltajštější
zaaltajský	ADJ;ESS(SG,MASC,ANIM);sla	zaaltajském
zaaltajský	ADJ;SPRL;ESS(SG,MASC,ANIM);sla	nejzaaltajštějším
zaaltajský	ADJ;INS(SG,MASC,ANIM);sla	zaaltajským
zaaltajský	ADJ;NOM(PL,NEUT);sla	zaaltajská
zaaltajský	ADJ;CMPR;GEN(PL,NEUT);sla	zaaltajštějších
zaaltajský	ADJ;DAT(PL,NEUT);sla	zaaltajským
zaaltajský	ADJ;CMPR;DAT(PL,NEUT);sla	zaaltajštějším
zaaltajský	ADJ;ACC(PL,NEUT);sla	zaaltajská
zaaltajský	ADJ;CMPR;ESS(PL,NEUT);sla	zaaltajštějších
zaaltajský	ADJ;SPRL;ESS(PL,NEUT);sla	nejzaaltajskejších
zaaltajský	ADJ;CMPR;INS(PL,NEUT);sla	zaaltajštějšími
zaaltajský	ADJ;DAT(SG,NEUT);sla	zaaltajskému
zaaltajský	ADJ;SPRL;DAT(SG,NEUT);sla	nejzaaltajskejšiemu
zaaltajský	ADJ;ACC(SG,NEUT);sla	zaaltajské
zaaltajský	ADJ;SPRL;ACC(SG,NEUT);sla	nejzaaltajskejšie
zaaltajský	ADJ;SPRL;ESS(SG,NEUT);sla	nejzaaltajštějším
zaaltajský	ADJ;CMPR;INS(SG,NEUT);sla	zaaltajštějším
zaaltajský	ADJ;SPRL;INS(SG,NEUT);sla	nejzaaltajskejším
orlovitý	ADJ;INS(DU,FEM);sla	orlovitýma
orlovitý	ADJ;GEN(PL,FEM);sla	orlovitých
orlovitý	ADJ;SPRL;GEN(PL,FEM);sla	najorlovitejších
orlovitý	ADJ;CMPR;DAT(PL,FEM);sla	orlovitejším
orlovitý	ADJ;SPRL;DAT(PL,FEM);sla	najorlovitejším
orlovitý	ADJ;CMPR;ACC(PL,FEM);sla	orlovitější
orlovitý	ADJ;VOC(PL,FEM);sla	orlovité
orlovitý	ADJ;SPRL;VOC(PL,FEM);sla	nejorlovitější
orlovitý	ADJ;ESS(PL,FEM);sla	orlovitých
orlovitý	ADJ;SPRL;INS(PL,FEM);sla	nejorlovitějšími
orlovitý	ADJ;NOM(SG,FEM);sla	orlovitá
orlovitý	ADJ;SPRL;NOM(SG,FEM);sla	nejorlovitější
orlovitý	ADJ;SPRL;GEN(SG,FEM);sla	nejorlovitější
orlovitý	ADJ;VOC(SG,FEM);sla	orlovitá
orlovitý	ADJ;SPRL;VOC(SG,FEM);sla	nejorlovitější
orlovitý	ADJ;ESS(SG,FEM);sla	orlovitej
orlovitý	ADJ;SPRL;ESS(SG,FEM);sla	nejorlovitější
orlovitý	ADJ;CMPR;NOM(PL,MASC,INAN);sla	orlovitejšie
orlovitý	ADJ;ACC(PL,MASC,INAN);sla	orlovité
orlovitý	ADJ;SPRL;ACC(PL,MASC,INAN);sla	nejorlovitější
orlovitý	ADJ;VOC(PL,MASC,INAN);sla	orlovité
orlovitý	ADJ;NOM(SG,MASC,INAN);sla	orlovitý
orlovitý	ADJ;SPRL;NOM(SG,MASC,INAN);sla	nejorlovitější
orlovitý	ADJ;DAT(SG,MASC,INAN);sla	orlovitému
orlovitý	ADJ;CMPR;DAT(SG,MASC,INAN);sla	orlovitějšímu
orlovitý	ADJ;SPRL;ACC(SG,MASC,INAN);sla	nejorlovitější
orlovitý	ADJ;VOC(SG,MASC,INAN);sla	orlovitý
orlovitý	ADJ;SPRL;VOC(SG,MASC,INAN);sla	nejorlovitější
orlovitý	ADJ;CMPR;ESS(SG,MASC,INAN);sla	orlovitejšom
orlovitý	ADJ;SPRL;ESS(SG,MASC,INAN);sla	nejorlovitějším
orlovitý	ADJ;INS(SG,MASC,INAN);sla	orlovitým
orlovitý	ADJ;NOM(PL,MASC,ANIM);sla	orlovití
orlovitý	ADJ;SPRL;NOM(PL,MASC,ANIM);sla	nejorlovitější
orlovitý	ADJ;CMPR;GEN(PL,MASC,ANIM);sla	orlovitějších
orlovitý	ADJ;SPRL;GEN(PL,MASC,ANIM);sla	nejorlovitějších
orlovitý	ADJ;DAT(PL,MASC,ANIM);sla	orlovitým
orlovitý	ADJ;CMPR;DAT(PL,MASC,ANIM);sla	orlovitějším
orlovitý	ADJ;ACC(PL,MASC,ANIM);sla	orlovité
orlovitý	ADJ;SPRL;VOC(PL,MASC,ANIM);sla	nejorlovitější
orlovitý	ADJ;ESS(PL,MASC,ANIM);sla	orlovitých
orlovitý	ADJ;CMPR;INS(PL,MASC,ANIM);sla	orlovitějšími
orlovitý	ADJ;SPRL;NOM(SG,MASC,ANIM);sla	nejorlovitější
orlovitý	ADJ;CMPR;GEN(SG,MASC,ANIM);sla	orlovitějšího
orlovitý	ADJ;SPRL;GEN(SG,MASC,ANIM);sla	nejorlovitějšího
orlovitý	ADJ;DAT(SG,MASC,ANIM);sla	orlovitému
orlovitý	ADJ;CMPR;ACC(SG,MASC,ANIM);sla	orlovitějšího
orlovitý	ADJ;VOC(SG,MASC,ANIM);sla	orlovitý
orlovitý	ADJ;ESS(SG,MASC,ANIM);sla	orlovitém
orlovitý	ADJ;CMPR;ESS(SG,MASC,ANIM);sla	orlovitějším
orlovitý	ADJ;SPRL;ESS(SG,MASC,ANIM);sla	nejorlovitějším
orlovitý	ADJ;SPRL;INS(SG,MASC,ANIM);sla	nejorlovitějším
orlovitý	ADJ;NOM(PL,NEUT);sla	orlovitá
orlovitý	ADJ;CMPR;NOM(PL,NEUT);sla	orlovitější
orlovitý	ADJ;GEN(PL,NEUT);sla	orlovitých
orlovitý	ADJ;SPRL;ACC(PL,NEUT);sla	nejorlovitější
orlovitý	ADJ;SPRL;VOC(PL,NEUT);sla	nejorlovitejšie
orlovitý	ADJ;SPRL;ESS(PL,NEUT);sla	nejorlovitějších
orlovitý	ADJ;SPRL;INS(PL,NEUT);sla	nejorlovitějšími
orlovitý	ADJ;CMPR;NOM(SG,NEUT);sla	orlovitější
orlovitý	ADJ;SPRL;GEN(SG,NEUT);sla	nejorlovitejšieho
orlovitý	ADJ;DAT(SG,NEUT);sla	orlovitému
orlovitý	ADJ;CMPR;DAT(SG,NEUT);sla	orlovitějšímu
orlovitý	ADJ;SPRL;DAT(SG,NEUT);sla	nejorlovitějšímu
orlovitý	ADJ;CMPR;ACC(SG,NEUT);sla	orlovitejšie
orlovitý	ADJ;SPRL;ACC(SG,NEUT);sla	nejorlovitější
orlovitý	ADJ;SPRL;INS(SG,NEUT);sla	nejorlovitejším
revokující	ADJ;GEN(PL,FEM);sla	revokujících
revokující	ADJ;VOC(PL,FEM);sla	revokující
revokující	ADJ;ESS(PL,FEM);sla	revokujících
revokující	ADJ;INS(PL,FEM);sla	revokujícími
revokující	ADJ;GEN(SG,FEM);sla	revokujícej
revokující	ADJ;ESS(SG,FEM);sla	revokující
revokující	ADJ;INS(SG,FEM);sla	revokující
revokující	ADJ;NOM(PL,MASC,INAN);sla	revokující
revokující	ADJ;GEN(PL,MASC,INAN);sla	revokujících
revokující	ADJ;ACC(PL,MASC,INAN);sla	revokující
revokující	ADJ;GEN(SG,MASC,INAN);sla	revokujícího
revokující	ADJ;NOM(PL,MASC,ANIM);sla	revokující
revokující	ADJ;DAT(PL,MASC,ANIM);sla	revokujícím
revokující	ADJ;VOC(PL,MASC,ANIM);sla	revokující
revokující	ADJ;INS(PL,MASC,ANIM);sla	revokujícími
revokující	ADJ;DAT(SG,MASC,ANIM);sla	revokujícímu
revokující	ADJ;ESS(SG,MASC,ANIM);sla	revokujícím
revokující	ADJ;INS(SG,MASC,ANIM);sla	revokujícím
revokující	ADJ;GEN(PL,NEUT);sla	revokujících
revokující	ADJ;ESS(PL,NEUT);sla	revokujících
revokující	ADJ;GEN(SG,NEUT);sla	revokujícího
revokující	ADJ;DAT(SG,NEUT);sla	revokujícímu
revokující	ADJ;VOC(SG,NEUT);sla	revokující
protiokupantskost	N;ESS(PL,FEM);sla	protiokupantskostech
protiokupantskost	N;INS(PL,FEM);sla	protiokupantskostmi
protiokupantskost	N;ACC(SG,FEM);sla	protiokupantskost
protiokupantskost	N;ESS(SG,FEM);sla	protiokupantskosti
protiokupantskost	N;INS(SG,FEM);sla	protiokupantskostí
oprasenost	N;NOM(PL,FEM);sla	oprasenosti
oprasenost	N;ACC(PL,FEM);sla	oprasenosti
oprasenost	N;ESS(PL,FEM);sla	oprasenostech
oprasenost	N;INS(PL,FEM);sla	oprasenostmi
oprasenost	N;GEN(SG,FEM);sla	oprasenosti
oprasenost	N;ESS(SG,FEM);sla	oprasenosti
komeniologický	ADJ;SPRL;NOM(PL,FEM);sla	najkomeniologičtější
komeniologický	ADJ;ACC(PL,FEM);sla	komeniologické
komeniologický	ADJ;CMPR;ACC(PL,FEM);sla	komeniologičtější
komeniologický	ADJ;SPRL;ACC(PL,FEM);sla	nejkomeniologičtější
komeniologický	ADJ;VOC(PL,FEM);sla	komeniologické
komeniologický	ADJ;SPRL;VOC(PL,FEM);sla	nejkomeniologičtější
komeniologický	ADJ;CMPR;ESS(PL,FEM);sla	komeniologičtějších
komeniologický	ADJ;SPRL;ESS(PL,FEM);sla	nejkomeniologičtějších
komeniologický	ADJ;INS(PL,FEM);sla	komeniologickými
komeniologický	ADJ;SPRL;INS(PL,FEM);sla	nejkomeniologičtějšími
komeniologický	ADJ;SPRL;DAT(SG,FEM);sla	nejkomeniologickejšej
komeniologický	ADJ;CMPR;ACC(SG,FEM);sla	komeniologickejšiu
komeniologický	ADJ;VOC(SG,FEM);sla	komeniologická
komeniologický	ADJ;ESS(SG,FEM);sla	komeniologickej
komeniologický	ADJ;CMPR;ESS(SG,FEM);sla	komeniologičtější
komeniologický	ADJ;CMPR;INS(SG,FEM);sla	komeniologičtější
komeniologický	ADJ;SPRL;INS(SG,FEM);sla	nejkomeniologictější
komeniologický	ADJ;CMPR;GEN(PL,MASC,INAN);sla	komeniologičtějších
komeniologický	ADJ;DAT(PL,MASC,INAN);sla	komeniologickým
komeniologický	ADJ;SPRL;DAT(PL,MASC,INAN);sla	nejkomeniologičtějším
komeniologický	ADJ;VOC(PL,MASC,INAN);sla	komeniologické
komeniologický	ADJ;CMPR;VOC(PL,MASC,INAN);sla	komeniologičtější
komeniologický	ADJ;ESS(PL,MASC,INAN);sla	komeniologických
komeniologický	ADJ;CMPR;ESS(PL,MASC,INAN);sla	komeniologičtějších
komeniologický	ADJ;SPRL;ESS(PL,MASC,INAN);sla	nejkomeniologičtějších
komeniologický	ADJ;INS(PL,MASC,INAN);sla	komeniologickými
komeniologický	ADJ;NOM(SG,MASC,INAN);sla	komeniologický
komeniologický	ADJ;CMPR;NOM(SG,MASC,INAN);sla	komeniologičtější
komeniologický	ADJ;SPRL;NOM(SG,MASC,INAN);sla	nejkomeniologičtější
komeniologický	ADJ;GEN(SG,MASC,INAN);sla	komeniologického
komeniologický	ADJ;SPRL;GEN(SG,MASC,INAN);sla	najkomeniologickejšieho
komeniologický	ADJ;SPRL;DAT(SG,MASC,INAN);sla	nejkomeniologictějšímu
komeniologický	ADJ;ACC(SG,MASC,INAN);sla	komeniologický
komeniologický	ADJ;VOC(SG,MASC,INAN);sla	komeniologický
komeniologický	ADJ;CMPR;VOC(SG,MASC,INAN);sla	komeniologičtější
komeniologický	ADJ;ESS(SG,MASC,INAN);sla	komeniologickom
komeniologický	ADJ;CMPR;ESS(SG,MASC,INAN);sla	komeniologičtějším
komeniologický	ADJ;SPRL;ESS(SG,MASC,INAN);sla	nejkomeniologičtějším
komeniologický	ADJ;GEN(PL,MASC,ANIM);sla	komeniologických
komeniologický	ADJ;SPRL;GEN(PL,MASC,ANIM);sla	nejkomeniologictějších
komeniologický	ADJ;CMPR;DAT(PL,MASC,ANIM);sla	komeniologičtějším
komeniologický	ADJ;SPRL;DAT(PL,MASC,ANIM);sla	najkomeniologickejším
komeniologický	ADJ;ACC(PL,MASC,ANIM);sla	komeniologické
komeniologický	ADJ;CMPR;ACC(PL,MASC,ANIM);sla	komeniologičtější
komeniologický	ADJ;SPRL;ACC(PL,MASC,ANIM);sla	nejkomeniologičtější
komeniologický	ADJ;VOC(PL,MASC,ANIM);sla	komeniologičtí
komeniologický	ADJ;SPRL;VOC(PL,MASC,ANIM);sla	nejkomeniologičtější
komeniologický	ADJ;ESS(PL,MASC,ANIM);sla	komeniologických
komeniologický	ADJ;CMPR;ESS(PL,MASC,ANIM);sla	komeniologičtějších
komeniologický	ADJ;CMPR;NOM(SG,MASC,ANIM);sla	komeniologictější
komeniologický	ADJ;GEN(SG,MASC,ANIM);sla	komeniologického
komeniologický	ADJ;CMPR;GEN(SG,MASC,ANIM);sla	komeniologičtějšího
komeniologický	ADJ;CMPR;ACC(SG,MASC,ANIM);sla	komeniologičtějšího
komeniologický	ADJ;SPRL;ACC(SG,MASC,ANIM);sla	nejkomeniologictějšího
komeniologický	ADJ;SPRL;VOC(SG,MASC,ANIM);sla	nejkomeniologičtější
komeniologický	ADJ;SPRL;INS(SG,MASC,ANIM);sla	nejkomeniologičtějším
komeniologický	ADJ;NOM(PL,NEUT);sla	komeniologická
komeniologický	ADJ;CMPR;GEN(PL,NEUT);sla	komeniologickejších
komeniologický	ADJ;CMPR;DAT(PL,NEUT);sla	komeniologickejším
komeniologický	ADJ;CMPR;ACC(PL,NEUT);sla	komeniologictější
komeniologický	ADJ;SPRL;ACC(PL,NEUT);sla	nejkomeniologičtější
komeniologický	ADJ;VOC(PL,NEUT);sla	komeniologická
komeniologický	ADJ;CMPR;VOC(PL,NEUT);sla	komeniologičtější
komeniologický	ADJ;SPRL;VOC(PL,NEUT);sla	nejkomeniologičtější
komeniologický	ADJ;ESS(PL,NEUT);sla	komeniologických
komeniologický	ADJ;SPRL;ESS(PL,NEUT);sla	nejkomeniologičtějších
komeniologický	ADJ;CMPR;NOM(SG,NEUT);sla	komeniologictější
komeniologický	ADJ;SPRL;NOM(SG,NEUT);sla	nejkomeniologičtější
komeniologický	ADJ;DAT(SG,NEUT);sla	komeniologickému
komeniologický	ADJ;CMPR;DAT(SG,NEUT);sla	komeniologičtějšímu
komeniologický	ADJ;ACC(SG,NEUT);sla	komeniologické
komeniologický	ADJ;VOC(SG,NEUT);sla	komeniologické
komeniologický	ADJ;SPRL;VOC(SG,NEUT);sla	najkomeniologičtější
komeniologický	ADJ;CMPR;ESS(SG,NEUT);sla	komeniologičtějším
komeniologický	ADJ;INS(SG,NEUT);sla	komeniologickým
komeniologický	ADJ;CMPR;INS(SG,NEUT);sla	komeniologictějším
tachonýrův	ADJ;NOM(PL,FEM);sla	tachonýrovy
tachonýrův	ADJ;GEN(PL,FEM);sla	tachonýrových
tachonýrův	ADJ;DAT(PL,FEM);sla	tachonýrovým
tachonýrův	ADJ;ACC(PL,FEM);sla	tachonýrovy
tachonýrův	ADJ;ESS(PL,FEM);sla	tachonýrových
tachonýrův	ADJ;ACC(SG,FEM);sla	tachonýrovu
tachonýrův	ADJ;INS(SG,FEM);sla	tachonýrovou
tachonýrův	ADJ;GEN(PL,MASC,INAN);sla	tachonýrových
tachonýrův	ADJ;DAT(PL,MASC,INAN);sla	tachonýrovým
tachonýrův	ADJ;ESS(PL,MASC,INAN);sla	tachonýrových
tachonýrův	ADJ;NOM(SG,MASC,INAN);sla	tachonýrův
tachonýrův	ADJ;GEN(SG,MASC,INAN);sla	tachonýrova
tachonýrův	ADJ;GEN(PL,MASC,ANIM);sla	tachonýrových
tachonýrův	ADJ;ACC(PL,MASC,ANIM);sla	tachonýrovy
tachonýrův	ADJ;VOC(PL,MASC,ANIM);sla	tachonýrovi
tachonýrův	ADJ;NOM(SG,MASC,ANIM);sla	tachonýrův
tachonýrův	ADJ;GEN(SG,MASC,ANIM);sla	tachonýrůvho
tachonýrův	ADJ;ACC(SG,MASC,ANIM);sla	tachonýrova
tachonýrův	ADJ;VOC(SG,MASC,ANIM);sla	tachonýrův
tachonýrův	ADJ;ESS(SG,MASC,ANIM);sla	tachonýrově
tachonýrův	ADJ;GEN(PL,NEUT);sla	tachonýrových
tachonýrův	ADJ;ACC(PL,NEUT);sla	tachonýrova
tachonýrův	ADJ;NOM(SG,NEUT);sla	tachonýrovo
tachonýrův	ADJ;GEN(SG,NEUT);sla	tachonýrova
tachonýrův	ADJ;DAT(SG,NEUT);sla	tachonýrovu
tachonýrův	ADJ;ACC(SG,NEUT);sla	tachonýrovo
tachonýrův	ADJ;ESS(SG,NEUT);sla	tachonýrově
tachonýrův	ADJ;INS(SG,NEUT);sla	tachonýrovým
procesovatelnost	N;ACC(PL,FEM);sla	procesovatelnosti
procesovatelnost	N;VOC(PL,FEM);sla	procesovatelnosti
procesovatelnost	N;INS(PL,FEM);sla	procesovatelnostmi
procesovatelnost	N;DAT(SG,FEM);sla	procesovatelnosti
procesovatelnost	N;VOC(SG,FEM);sla	procesovatelnosti
procesovatelnost	N;INS(SG,FEM);sla	procesovatelností
poměřovávací	ADJ;GEN(PL,FEM);sla	poměřovávacích
poměřovávací	ADJ;NOM(SG,FEM);sla	poměřovávací
poměřovávací	ADJ;DAT(SG,FEM);sla	poměřovávací
poměřovávací	ADJ;ESS(SG,FEM);sla	poměřovávací
poměřovávací	ADJ;GEN(PL,MASC,INAN);sla	poměřovávacích
poměřovávací	ADJ;DAT(PL,MASC,INAN);sla	poměřovávacím
poměřovávací	ADJ;DAT(SG,MASC,INAN);sla	poměřovávacímu
poměřovávací	ADJ;INS(SG,MASC,INAN);sla	poměřovávacím
poměřovávací	ADJ;NOM(PL,MASC,ANIM);sla	poměřovávací
poměřovávací	ADJ;DAT(PL,MASC,ANIM);sla	poměřovávacím
poměřovávací	ADJ;ACC(PL,MASC,ANIM);sla	poměřovávací
poměřovávací	ADJ;VOC(PL,MASC,ANIM);sla	poměřovávací
poměřovávací	ADJ;ACC(SG,MASC,ANIM);sla	poměřovávacieho
poměřovávací	ADJ;ESS(SG,MASC,ANIM);sla	poměřovávacím
poměřovávací	ADJ;INS(SG,MASC,ANIM);sla	poměřovávacím
poměřovávací	ADJ;GEN(PL,NEUT);sla	poměřovávacích
poměřovávací	ADJ;ACC(PL,NEUT);sla	poměřovávací
poměřovávací	ADJ;ESS(PL,NEUT);sla	poměřovávacích
poměřovávací	ADJ;NOM(SG,NEUT);sla	poměřovávací
poměřovávací	ADJ;DAT(SG,NEUT);sla	poměřovávacímu
poměřovávací	ADJ;ACC(SG,NEUT);sla	poměřovávací
Brooklyňančin	ADJ;INS(DU,FEM);sla	Brooklyňančinma
Brooklyňančin	ADJ;NOM(PL,FEM);sla	Brooklyňančine
Brooklyňančin	ADJ;VOC(PL,FEM);sla	Brooklyňančin
Brooklyňančin	ADJ;INS(PL,FEM);sla	Brooklyňančinými
Brooklyňančin	ADJ;NOM(SG,FEM);sla	Brooklyňančina
Brooklyňančin	ADJ;DAT(SG,FEM);sla	Brooklyňančin
Brooklyňančin	ADJ;VOC(SG,FEM);sla	Brooklyňančin
Brooklyňančin	ADJ;GEN(PL,MASC,INAN);sla	Brooklyňančiných
Brooklyňančin	ADJ;INS(PL,MASC,INAN);sla	Brooklyňančinými
Brooklyňančin	ADJ;NOM(SG,MASC,INAN);sla	Brooklyňančin
Brooklyňančin	ADJ;GEN(SG,MASC,INAN);sla	Brooklyňančina
Brooklyňančin	ADJ;ACC(SG,MASC,INAN);sla	Brooklyňančin
Brooklyňančin	ADJ;ESS(SG,MASC,INAN);sla	Brooklyňančinom
Brooklyňančin	ADJ;INS(SG,MASC,INAN);sla	Brooklyňančiným
Brooklyňančin	ADJ;NOM(PL,MASC,ANIM);sla	Brooklyňančini
Brooklyňančin	ADJ;GEN(PL,MASC,ANIM);sla	Brooklyňančiných
Brooklyňančin	ADJ;DAT(PL,MASC,ANIM);sla	Brooklyňančiným
Brooklyňančin	ADJ;VOC(PL,MASC,ANIM);sla	Brooklyňančini
Brooklyňančin	ADJ;ESS(PL,MASC,ANIM);sla	Brooklyňančiných
Brooklyňančin	ADJ;NOM(SG,MASC,ANIM);sla	Brooklyňančin
Brooklyňančin	ADJ;GEN(SG,MASC,ANIM);sla	Brooklyňančinho
Brooklyňančin	ADJ;DAT(SG,MASC,ANIM);sla	Brooklyňančinmu
Brooklyňančin	ADJ;ESS(SG,MASC,ANIM);sla	Brooklyňančinom
Brooklyňančin	ADJ;ESS(PL,NEUT);sla	Brooklyňančiných
Brooklyňančin	ADJ;DAT(SG,NEUT);sla	Brooklyňančinmu
Brooklyňančin	ADJ;ACC(SG,NEUT);sla	Brooklyňančino
vytíratelně	ADV;sla	vytíratelně
vytíratelně	ADV;CMPR;sla	nevytíratelněji
čimčarávatelnost	N;NOM(PL,FEM);sla	čimčarávatelnosti
čimčarávatelnost	N;DAT(PL,FEM);sla	čimčarávatelnostem
čimčarávatelnost	N;ACC(PL,FEM);sla	čimčarávatelnosti
čimčarávatelnost	N;INS(PL,FEM);sla	čimčarávatelnostmi
čimčarávatelnost	N;DAT(SG,FEM);sla	čimčarávatelnosti
čimčarávatelnost	N;ACC(SG,FEM);sla	čimčarávatelnost
čimčarávatelnost	N;VOC(SG,FEM);sla	čimčarávatelnosti
čimčarávatelnost	N;ESS(SG,FEM);sla	čimčarávatelnosti
deikticky	ADV;sla	deikticky
deikticky	ADV;CMPR;sla	nedeiktictěji
deikticky	ADV;SPRL;sla	nejnedeiktictěji
deikticky	ADV;SPRL;sla	nejnedeiktictěji
navrtací	ADJ;NOM(PL,FEM);sla	navrtací
navrtací	ADJ;VOC(PL,FEM);sla	navrtacie
navrtací	ADJ;ESS(PL,FEM);sla	navrtacích
navrtací	ADJ;INS(PL,FEM);sla	navrtacími
navrtací	ADJ;GEN(SG,FEM);sla	navrtací
navrtací	ADJ;DAT(SG,FEM);sla	navrtací
navrtací	ADJ;ACC(SG,FEM);sla	navrtací
navrtací	ADJ;ESS(SG,FEM);sla	navrtací
navrtací	ADJ;INS(SG,FEM);sla	navrtacou
navrtací	ADJ;NOM(PL,MASC,INAN);sla	navrtací
navrtací	ADJ;GEN(PL,MASC,INAN);sla	navrtacích
navrtací	ADJ;DAT(PL,MASC,INAN);sla	navrtacím
navrtací	ADJ;INS(PL,MASC,INAN);sla	navrtacími
navrtací	ADJ;NOM(SG,MASC,INAN);sla	navrtací
navrtací	ADJ;GEN(SG,MASC,INAN);sla	navrtacieho
navrtací	ADJ;DAT(SG,MASC,INAN);sla	navrtacímu
navrtací	ADJ;ESS(SG,MASC,INAN);sla	navrtacím
navrtací	ADJ;NOM(PL,MASC,ANIM);sla	navrtací
navrtací	ADJ;GEN(PL,MASC,ANIM);sla	navrtacích
navrtací	ADJ;DAT(PL,MASC,ANIM);sla	navrtacím
navrtací	ADJ;ACC(PL,MASC,ANIM);sla	navrtací
navrtací	ADJ;NOM(SG,MASC,ANIM);sla	navrtací
navrtací	ADJ;GEN(SG,MASC,ANIM);sla	navrtacího
navrtací	ADJ;VOC(SG,MASC,ANIM);sla	navrtací
navrtací	ADJ;ESS(SG,MASC,ANIM);sla	navrtacím
navrtací	ADJ;NOM(PL,NEUT);sla	navrtací
navrtací	ADJ;INS(PL,NEUT);sla	navrtacími
navrtací	ADJ;GEN(SG,NEUT);sla	navrtacího
navrtací	ADJ;DAT(SG,NEUT);sla	navrtacímu
navrtací	ADJ;ESS(SG,NEUT);sla	navrtacím
navrtací	ADJ;INS(SG,NEUT);sla	navrtacím
volšovskost	N;NOM(PL,FEM);sla	volšovskosti
volšovskost	N;DAT(PL,FEM);sla	volšovskostem
volšovskost	N;ACC(PL,FEM);sla	volšovskosti
volšovskost	N;ESS(PL,FEM);sla	volšovskostech
volšovskost	N;GEN(SG,FEM);sla	volšovskosti
volšovskost	N;ESS(SG,FEM);sla	volšovskosti
vklouzací	ADJ;INS(DU,FEM);sla	vklouzacíma
vklouzací	ADJ;ACC(PL,FEM);sla	vklouzací
vklouzací	ADJ;VOC(PL,FEM);sla	vklouzacie
vklouzací	ADJ;ESS(PL,FEM);sla	vklouzacích
vklouzací	ADJ;INS(PL,FEM);sla	vklouzacími
vklouzací	ADJ;NOM(SG,FEM);sla	vklouzacia
vklouzací	ADJ;DAT(SG,FEM);sla	vklouzací
vklouzací	ADJ;VOC(SG,FEM);sla	vklouzací
vklouzací	ADJ;VOC(PL,MASC,INAN);sla	vklouzací
vklouzací	ADJ;INS(PL,MASC,INAN);sla	vklouzacími
vklouzací	ADJ;ESS(SG,MASC,INAN);sla	vklouzacím
vklouzací	ADJ;INS(SG,MASC,INAN);sla	vklouzacím
vklouzací	ADJ;NOM(PL,MASC,ANIM);sla	vklouzací
vklouzací	ADJ;INS(PL,MASC,ANIM);sla	vklouzacími
vklouzací	ADJ;GEN(SG,MASC,ANIM);sla	vklouzacího
vklouzací	ADJ;ESS(SG,MASC,ANIM);sla	vklouzacím
vklouzací	ADJ;VOC(PL,NEUT);sla	vklouzací
vklouzací	ADJ;DAT(SG,NEUT);sla	vklouzacímu
vklouzací	ADJ;ACC(SG,NEUT);sla	vklouzacie
načeřitelnost	N;NOM(PL,FEM);sla	načeřitelnosti
načeřitelnost	N;GEN(PL,FEM);sla	načeřitelností
načeřitelnost	N;ACC(PL,FEM);sla	načeřitelnosti
načeřitelnost	N;INS(PL,FEM);sla	načeřitelnostmi
načeřitelnost	N;NOM(SG,FEM);sla	načeřitelnost
načeřitelnost	N;ACC(SG,FEM);sla	načeřitelnost
načeřitelnost	N;VOC(SG,FEM);sla	načeřitelnosti
načeřitelnost	N;ESS(SG,FEM);sla	načeřitelnosti
odorizačně	ADV;sla	odorizačně
odorizačně	ADV;CMPR;sla	neodorizačněji
odorizačně	ADV;CMPR;sla	neodorizačněji
vysoptěně	ADV;sla	vysoptěně
odstřídávatelnost	N;GEN(PL,FEM);sla	odstřídávatelností
odstřídávatelnost	N;ACC(PL,FEM);sla	odstřídávatelnosti
odstřídávatelnost	N;VOC(PL,FEM);sla	odstřídávatelnosti
odstřídávatelnost	N;INS(PL,FEM);sla	odstřídávatelnostmi
odstřídávatelnost	N;NOM(SG,FEM);sla	odstřídávatelnost
odstřídávatelnost	N;ESS(SG,FEM);sla	odstřídávatelnosti
odstřídávatelnost	N;INS(SG,FEM);sla	odstřídávatelností
jola	N;NOM(PL,FEM);sla	joly
jola	N;DAT(PL,FEM);sla	jolám
jola	N;ACC(PL,FEM);sla	joly
jola	N;VOC(PL,FEM);sla	joly
jola	N;NOM(SG,FEM);sla	jola
jola	N;GEN(SG,FEM);sla	joly
jola	N;DAT(SG,FEM);sla	jole
jola	N;ACC(SG,FEM);sla	jolu
jola	N;VOC(SG,FEM);sla	jola
jola	N;ESS(SG,FEM);sla	jole
jola	N;INS(SG,FEM);sla	jolou
odvzdušněnost	N;GEN(PL,FEM);sla	odvzdušněností
odvzdušněnost	N;VOC(PL,FEM);sla	odvzdušněnosti
odvzdušněnost	N;ESS(PL,FEM);sla	odvzdušněnostech
odvzdušněnost	N;INS(PL,FEM);sla	odvzdušněnostmi
odvzdušněnost	N;NOM(SG,FEM);sla	odvzdušněnost
odvzdušněnost	N;GEN(SG,FEM);sla	odvzdušněnosti
odvzdušněnost	N;VOC(SG,FEM);sla	odvzdušněnosti
odvzdušněnost	N;INS(SG,FEM);sla	odvzdušněností
malokvětě	ADV;SPRL;sla	nejnemalokvětěji
malokvětě	ADV;SPRL;sla	nejnemalokvětěji
celiakie	N;GEN(PL,FEM);sla	celiakií
celiakie	N;DAT(PL,FEM);sla	celiakiím
celiakie	N;VOC(PL,FEM);sla	celiakie
celiakie	N;INS(PL,FEM);sla	celiakiemi
celiakie	N;NOM(SG,FEM);sla	celiakie
celiakie	N;GEN(SG,FEM);sla	celiakie
celiakie	N;DAT(SG,FEM);sla	celiakii
celiakie	N;ESS(SG,FEM);sla	celiakie
celiakie	N;INS(SG,FEM);sla	celiakie
čtyřiapadesátisvazkový	ADJ;CMPR;INS(DU,FEM);sla	čtyřiapadesátisvazkovějšíma
čtyřiapadesátisvazkový	ADJ;SPRL;INS(DU,FEM);sla	nejčtyřiapadesátisvazkovějšíma
čtyřiapadesátisvazkový	ADJ;SPRL;NOM(PL,FEM);sla	najčtyřiapadesátisvazkovejšie
čtyřiapadesátisvazkový	ADJ;GEN(PL,FEM);sla	čtyřiapadesátisvazkových
čtyřiapadesátisvazkový	ADJ;SPRL;GEN(PL,FEM);sla	najčtyřiapadesátisvazkovejších
čtyřiapadesátisvazkový	ADJ;SPRL;ACC(PL,FEM);sla	nejčtyřiapadesátisvazkovejšie
čtyřiapadesátisvazkový	ADJ;CMPR;VOC(PL,FEM);sla	čtyřiapadesátisvazkovejšie
čtyřiapadesátisvazkový	ADJ;CMPR;ESS(PL,FEM);sla	čtyřiapadesátisvazkovejších
čtyřiapadesátisvazkový	ADJ;SPRL;ESS(PL,FEM);sla	nejčtyřiapadesátisvazkovejších
čtyřiapadesátisvazkový	ADJ;INS(PL,FEM);sla	čtyřiapadesátisvazkovými
čtyřiapadesátisvazkový	ADJ;CMPR;INS(PL,FEM);sla	čtyřiapadesátisvazkovejšími
čtyřiapadesátisvazkový	ADJ;SPRL;INS(PL,FEM);sla	nejčtyřiapadesátisvazkovejšími
čtyřiapadesátisvazkový	ADJ;GEN(SG,FEM);sla	čtyřiapadesátisvazkovej
čtyřiapadesátisvazkový	ADJ;CMPR;GEN(SG,FEM);sla	čtyřiapadesátisvazkovejšej
čtyřiapadesátisvazkový	ADJ;DAT(SG,FEM);sla	čtyřiapadesátisvazkovej
čtyřiapadesátisvazkový	ADJ;SPRL;DAT(SG,FEM);sla	nejčtyřiapadesátisvazkovejšej
čtyřiapadesátisvazkový	ADJ;ACC(SG,FEM);sla	čtyřiapadesátisvazkovú
čtyřiapadesátisvazkový	ADJ;SPRL;ACC(SG,FEM);sla	nejčtyřiapadesátisvazkovejšiu
čtyřiapadesátisvazkový	ADJ;SPRL;VOC(SG,FEM);sla	nejčtyřiapadesátisvazkovejšia
čtyřiapadesátisvazkový	ADJ;ESS(SG,FEM);sla	čtyřiapadesátisvazkovej
čtyřiapadesátisvazkový	ADJ;NOM(PL,MASC,INAN);sla	čtyřiapadesátisvazkové
čtyřiapadesátisvazkový	ADJ;CMPR;NOM(PL,MASC,INAN);sla	čtyřiapadesátisvazkovejšie
čtyřiapadesátisvazkový	ADJ;SPRL;NOM(PL,MASC,INAN);sla	nejčtyřiapadesátisvazkovejšie
čtyřiapadesátisvazkový	ADJ;GEN(PL,MASC,INAN);sla	čtyřiapadesátisvazkových
čtyřiapadesátisvazkový	ADJ;CMPR;DAT(PL,MASC,INAN);sla	čtyřiapadesátisvazkovejším
čtyřiapadesátisvazkový	ADJ;SPRL;DAT(PL,MASC,INAN);sla	nejčtyřiapadesátisvazkovějším
čtyřiapadesátisvazkový	ADJ;CMPR;ACC(PL,MASC,INAN);sla	čtyřiapadesátisvazkovější
čtyřiapadesátisvazkový	ADJ;SPRL;ACC(PL,MASC,INAN);sla	nejčtyřiapadesátisvazkovější
čtyřiapadesátisvazkový	ADJ;SPRL;VOC(PL,MASC,INAN);sla	najčtyřiapadesátisvazkovejšie
čtyřiapadesátisvazkový	ADJ;SPRL;ESS(PL,MASC,INAN);sla	nejčtyřiapadesátisvazkovejších
čtyřiapadesátisvazkový	ADJ;CMPR;NOM(SG,MASC,INAN);sla	čtyřiapadesátisvazkovejší
čtyřiapadesátisvazkový	ADJ;GEN(SG,MASC,INAN);sla	čtyřiapadesátisvazkového
čtyřiapadesátisvazkový	ADJ;CMPR;GEN(SG,MASC,INAN);sla	čtyřiapadesátisvazkovejšieho
čtyřiapadesátisvazkový	ADJ;SPRL;GEN(SG,MASC,INAN);sla	najčtyřiapadesátisvazkovejšieho
čtyřiapadesátisvazkový	ADJ;DAT(SG,MASC,INAN);sla	čtyřiapadesátisvazkovému
čtyřiapadesátisvazkový	ADJ;SPRL;DAT(SG,MASC,INAN);sla	nejčtyřiapadesátisvazkovejšiemu
čtyřiapadesátisvazkový	ADJ;CMPR;ACC(SG,MASC,INAN);sla	čtyřiapadesátisvazkovejší
čtyřiapadesátisvazkový	ADJ;CMPR;VOC(SG,MASC,INAN);sla	čtyřiapadesátisvazkovejší
čtyřiapadesátisvazkový	ADJ;ESS(SG,MASC,INAN);sla	čtyřiapadesátisvazkovom
čtyřiapadesátisvazkový	ADJ;CMPR;ESS(SG,MASC,INAN);sla	čtyřiapadesátisvazkovejšom
čtyřiapadesátisvazkový	ADJ;SPRL;ESS(SG,MASC,INAN);sla	nejčtyřiapadesátisvazkovějším
čtyřiapadesátisvazkový	ADJ;NOM(PL,MASC,ANIM);sla	čtyřiapadesátisvazkoví
čtyřiapadesátisvazkový	ADJ;CMPR;NOM(PL,MASC,ANIM);sla	čtyřiapadesátisvazkovejší
čtyřiapadesátisvazkový	ADJ;GEN(PL,MASC,ANIM);sla	čtyřiapadesátisvazkových
čtyřiapadesátisvazkový	ADJ;CMPR;GEN(PL,MASC,ANIM);sla	čtyřiapadesátisvazkovejších
čtyřiapadesátisvazkový	ADJ;SPRL;GEN(PL,MASC,ANIM);sla	nejčtyřiapadesátisvazkovejších
čtyřiapadesátisvazkový	ADJ;SPRL;DAT(PL,MASC,ANIM);sla	najčtyřiapadesátisvazkovejším
čtyřiapadesátisvazkový	ADJ;ACC(PL,MASC,ANIM);sla	čtyřiapadesátisvazkových
čtyřiapadesátisvazkový	ADJ;CMPR;ACC(PL,MASC,ANIM);sla	čtyřiapadesátisvazkovejších
čtyřiapadesátisvazkový	ADJ;SPRL;ACC(PL,MASC,ANIM);sla	nejčtyřiapadesátisvazkovejších
čtyřiapadesátisvazkový	ADJ;VOC(PL,MASC,ANIM);sla	čtyřiapadesátisvazkoví
čtyřiapadesátisvazkový	ADJ;CMPR;ESS(PL,MASC,ANIM);sla	čtyřiapadesátisvazkovejších
čtyřiapadesátisvazkový	ADJ;INS(PL,MASC,ANIM);sla	čtyřiapadesátisvazkovými
čtyřiapadesátisvazkový	ADJ;CMPR;INS(PL,MASC,ANIM);sla	čtyřiapadesátisvazkovejšími
čtyřiapadesátisvazkový	ADJ;SPRL;NOM(SG,MASC,ANIM);sla	nejčtyřiapadesátisvazkovejší
čtyřiapadesátisvazkový	ADJ;GEN(SG,MASC,ANIM);sla	čtyřiapadesátisvazkového
čtyřiapadesátisvazkový	ADJ;SPRL;GEN(SG,MASC,ANIM);sla	nejčtyřiapadesátisvazkovejšieho
čtyřiapadesátisvazkový	ADJ;DAT(SG,MASC,ANIM);sla	čtyřiapadesátisvazkovému
čtyřiapadesátisvazkový	ADJ;SPRL;VOC(SG,MASC,ANIM);sla	nejčtyřiapadesátisvazkovejší
čtyřiapadesátisvazkový	ADJ;CMPR;INS(SG,MASC,ANIM);sla	čtyřiapadesátisvazkovejším
čtyřiapadesátisvazkový	ADJ;NOM(PL,NEUT);sla	čtyřiapadesátisvazkové
čtyřiapadesátisvazkový	ADJ;CMPR;NOM(PL,NEUT);sla	čtyřiapadesátisvazkovejšie
čtyřiapadesátisvazkový	ADJ;DAT(PL,NEUT);sla	čtyřiapadesátisvazkovým
čtyřiapadesátisvazkový	ADJ;CMPR;DAT(PL,NEUT);sla	čtyřiapadesátisvazkovejším
čtyřiapadesátisvazkový	ADJ;SPRL;ACC(PL,NEUT);sla	nejčtyřiapadesátisvazkovejšie
čtyřiapadesátisvazkový	ADJ;VOC(PL,NEUT);sla	čtyřiapadesátisvazkové
čtyřiapadesátisvazkový	ADJ;CMPR;VOC(PL,NEUT);sla	čtyřiapadesátisvazkovejšie
čtyřiapadesátisvazkový	ADJ;ESS(PL,NEUT);sla	čtyřiapadesátisvazkových
čtyřiapadesátisvazkový	ADJ;CMPR;ESS(PL,NEUT);sla	čtyřiapadesátisvazkovejších
čtyřiapadesátisvazkový	ADJ;NOM(SG,NEUT);sla	čtyřiapadesátisvazkové
čtyřiapadesátisvazkový	ADJ;SPRL;NOM(SG,NEUT);sla	nejčtyřiapadesátisvazkovejšie
čtyřiapadesátisvazkový	ADJ;CMPR;GEN(SG,NEUT);sla	čtyřiapadesátisvazkovejšieho
čtyřiapadesátisvazkový	ADJ;SPRL;GEN(SG,NEUT);sla	nejčtyřiapadesátisvazkovejšieho
čtyřiapadesátisvazkový	ADJ;CMPR;ACC(SG,NEUT);sla	čtyřiapadesátisvazkovejšie
čtyřiapadesátisvazkový	ADJ;CMPR;ESS(SG,NEUT);sla	čtyřiapadesátisvazkovějším
čtyřiapadesátisvazkový	ADJ;SPRL;INS(SG,NEUT);sla	nejčtyřiapadesátisvazkovejším
zavrhovávanost	N;VOC(PL,FEM);sla	zavrhovávanosti
zavrhovávanost	N;NOM(SG,FEM);sla	zavrhovávanost
zavrhovávanost	N;GEN(SG,FEM);sla	zavrhovávanosti
zavrhovávanost	N;ACC(SG,FEM);sla	zavrhovávanost
zavrhovávanost	N;ESS(SG,FEM);sla	zavrhovávanosti
přelousknutelně	ADV;sla	přelousknutelně
přelousknutelně	ADV;CMPR;sla	nepřelousknutelněji
přelousknutelně	ADV;CMPR;sla	nepřelousknutelněji
nainstalovávatelně	ADV;sla	nainstalovávatelně
nainstalovávatelně	ADV;CMPR;sla	nenainstalovávatelněji
bezpříčinně	ADV;sla	bezpříčinně
bezpříčinně	ADV;CMPR;sla	nebezpříčinněji
bezpříčinně	ADV;SPRL;sla	nejnebezpříčinněji
rozlinutí	N;ACC(PL,NEUT);sla	rozlinutí
rozlinutí	N;VOC(PL,NEUT);sla	rozlinutí
rozlinutí	N;GEN(SG,NEUT);sla	rozlinutí
changajský	ADJ;SPRL;INS(DU,FEM);sla	nejchangajštějšíma
changajský	ADJ;NOM(PL,FEM);sla	changajské
changajský	ADJ;CMPR;NOM(PL,FEM);sla	changajštější
changajský	ADJ;SPRL;NOM(PL,FEM);sla	najchangajštější
changajský	ADJ;GEN(PL,FEM);sla	changajských
changajský	ADJ;SPRL;GEN(PL,FEM);sla	najchangajštějších
changajský	ADJ;SPRL;DAT(PL,FEM);sla	najchangajštějším
changajský	ADJ;ACC(PL,FEM);sla	changajské
changajský	ADJ;CMPR;ACC(PL,FEM);sla	changajstější
changajský	ADJ;SPRL;ACC(PL,FEM);sla	nejchangajskejšie
changajský	ADJ;CMPR;VOC(PL,FEM);sla	changajštější
changajský	ADJ;SPRL;VOC(PL,FEM);sla	nejchangajskejšie
changajský	ADJ;ESS(PL,FEM);sla	changajských
changajský	ADJ;CMPR;ESS(PL,FEM);sla	changajštějších
changajský	ADJ;SPRL;ESS(PL,FEM);sla	nejchangajštějších
changajský	ADJ;INS(PL,FEM);sla	changajskými
changajský	ADJ;CMPR;INS(PL,FEM);sla	changajštějšími
changajský	ADJ;SPRL;GEN(SG,FEM);sla	nejchangajštější
changajský	ADJ;SPRL;INS(SG,FEM);sla	nejchangajštější
changajský	ADJ;GEN(PL,MASC,INAN);sla	changajských
changajský	ADJ;CMPR;GEN(PL,MASC,INAN);sla	changajštějších
changajský	ADJ;SPRL;GEN(PL,MASC,INAN);sla	nejchangajštějších
changajský	ADJ;CMPR;DAT(PL,MASC,INAN);sla	changajštějším
changajský	ADJ;SPRL;DAT(PL,MASC,INAN);sla	nejchangajštějším
changajský	ADJ;VOC(PL,MASC,INAN);sla	changajské
changajský	ADJ;CMPR;VOC(PL,MASC,INAN);sla	changajštější
changajský	ADJ;CMPR;ESS(PL,MASC,INAN);sla	changajštějších
changajský	ADJ;SPRL;INS(PL,MASC,INAN);sla	nejchangajskejšími
changajský	ADJ;NOM(SG,MASC,INAN);sla	changajský
changajský	ADJ;SPRL;GEN(SG,MASC,INAN);sla	najchangajskejšieho
changajský	ADJ;CMPR;DAT(SG,MASC,INAN);sla	changajštějšímu
changajský	ADJ;SPRL;DAT(SG,MASC,INAN);sla	nejchangajštějšímu
changajský	ADJ;SPRL;ACC(SG,MASC,INAN);sla	nejchangajštější
changajský	ADJ;CMPR;VOC(SG,MASC,INAN);sla	changajštější
changajský	ADJ;ESS(SG,MASC,INAN);sla	changajskom
changajský	ADJ;CMPR;ESS(SG,MASC,INAN);sla	changajštějším
changajský	ADJ;CMPR;INS(SG,MASC,INAN);sla	changajštějším
changajský	ADJ;NOM(PL,MASC,ANIM);sla	changajští
changajský	ADJ;SPRL;NOM(PL,MASC,ANIM);sla	nejchangajštější
changajský	ADJ;GEN(PL,MASC,ANIM);sla	changajských
changajský	ADJ;SPRL;GEN(PL,MASC,ANIM);sla	nejchangajštějších
changajský	ADJ;DAT(PL,MASC,ANIM);sla	changajským
changajský	ADJ;CMPR;DAT(PL,MASC,ANIM);sla	changajštějším
changajský	ADJ;ACC(PL,MASC,ANIM);sla	changajských
changajský	ADJ;SPRL;ACC(PL,MASC,ANIM);sla	nejchangajštější
changajský	ADJ;VOC(PL,MASC,ANIM);sla	changajští
changajský	ADJ;ESS(PL,MASC,ANIM);sla	changajských
changajský	ADJ;SPRL;ESS(PL,MASC,ANIM);sla	nejchangajštějších
changajský	ADJ;INS(PL,MASC,ANIM);sla	changajskými
changajský	ADJ;DAT(SG,MASC,ANIM);sla	changajskému
changajský	ADJ;SPRL;ACC(SG,MASC,ANIM);sla	nejchangajštějšího
changajský	ADJ;SPRL;VOC(SG,MASC,ANIM);sla	nejchangajštější
changajský	ADJ;SPRL;ESS(SG,MASC,ANIM);sla	nejchangajštějším
changajský	ADJ;SPRL;INS(SG,MASC,ANIM);sla	nejchangajstějším
changajský	ADJ;NOM(PL,NEUT);sla	changajská
changajský	ADJ;CMPR;GEN(PL,NEUT);sla	changajštějších
changajský	ADJ;SPRL;GEN(PL,NEUT);sla	nejchangajštějších
changajský	ADJ;DAT(PL,NEUT);sla	changajským
changajský	ADJ;CMPR;DAT(PL,NEUT);sla	changajštějším
changajský	ADJ;SPRL;DAT(PL,NEUT);sla	najchangajštějším
changajský	ADJ;CMPR;ACC(PL,NEUT);sla	changajštější
changajský	ADJ;SPRL;ACC(PL,NEUT);sla	nejchangajštější
changajský	ADJ;CMPR;VOC(PL,NEUT);sla	changajštější
changajský	ADJ;ESS(PL,NEUT);sla	changajských
changajský	ADJ;SPRL;ESS(PL,NEUT);sla	nejchangajskejších
changajský	ADJ;NOM(SG,NEUT);sla	changajské
changajský	ADJ;SPRL;NOM(SG,NEUT);sla	nejchangajštější
changajský	ADJ;SPRL;GEN(SG,NEUT);sla	nejchangajskejšieho
changajský	ADJ;DAT(SG,NEUT);sla	changajskému
changajský	ADJ;SPRL;ACC(SG,NEUT);sla	nejchangajskejšie
changajský	ADJ;SPRL;ESS(SG,NEUT);sla	nejchangajštějším
changajský	ADJ;SPRL;INS(SG,NEUT);sla	nejchangajskejším
ohromovávanost	N;NOM(PL,FEM);sla	ohromovávanosti
ohromovávanost	N;DAT(PL,FEM);sla	ohromovávanostem
ohromovávanost	N;VOC(PL,FEM);sla	ohromovávanosti
ohromovávanost	N;INS(PL,FEM);sla	ohromovávanostmi
ohromovávanost	N;NOM(SG,FEM);sla	ohromovávanost
ohromovávanost	N;DAT(SG,FEM);sla	ohromovávanosti
ohromovávanost	N;ACC(SG,FEM);sla	ohromovávanost
ohromovávanost	N;ESS(SG,FEM);sla	ohromovávanosti
ohromovávanost	N;INS(SG,FEM);sla	ohromovávaností
ulieváreň	N;ESS(SG,FEM);sla	ulieváreň
ulieváreň	N;GEN(SG,FEM);sla	ulieváreň
obsaditeľný	ADJ;GEN(SG,MASC,ANIM);sla	obsaditeľného
obsaditeľný	ADJ;SPRL;NOM(SG,FEM);sla	nejobsaditeľnejšia
obsaditeľný	ADJ;SPRL;DAT(PL,MASC,ANIM);sla	najobsaditeľnejším
obsaditeľný	ADJ;NOM(SG,MASC,ANIM);sla	obsaditeľný
obsaditeľný	ADJ;VOC(SG,NEUT);sla	obsaditeľné
obsaditeľný	ADJ;ACC(PL,FEM);sla	obsaditeľné
obsaditeľný	ADJ;CMPR;DAT(SG,MASC,ANIM);sla	obsaditeľnejšiemu
obsaditeľný	ADJ;SPRL;DAT(SG,MASC,INAN);sla	nejobsaditeľnejšiemu
obsaditeľný	ADJ;DAT(PL,FEM);sla	obsaditeľným
obsaditeľný	ADJ;SPRL;INS(PL,MASC,ANIM);sla	nejobsaditeľnejšími
obsaditeľný	ADJ;CMPR;INS(PL,MASC,INAN);sla	obsaditeľnejšími
obsaditeľný	ADJ;CMPR;INS(PL,NEUT);sla	obsaditeľnejšími
obsaditeľný	ADJ;SPRL;INS(PL,FEM);sla	nejobsaditeľnejšími
obsaditeľný	ADJ;CMPR;INS(SG,FEM);sla	obsaditeľnejšou
obsaditeľný	ADJ;VOC(PL,MASC,ANIM);sla	obsaditeľní
obsaditeľný	ADJ;SPRL;GEN(PL,MASC,ANIM);sla	nejobsaditeľnejších
obsaditeľný	ADJ;SPRL;ACC(PL,MASC,ANIM);sla	nejobsaditeľnejších
obsaditeľný	ADJ;CMPR;ESS(PL,MASC,INAN);sla	obsaditeľnejších
obsaditeľný	ADJ;SPRL;ESS(PL,MASC,INAN);sla	nejobsaditeľnejších
obsaditeľný	ADJ;SPRL;GEN(PL,NEUT);sla	nejobsaditeľnejších
obsaditeľný	ADJ;SPRL;GEN(PL,FEM);sla	najobsaditeľnejších
obsaditeľný	ADJ;SPRL;NOM(SG,MASC,ANIM);sla	nejobsaditeľnejší
obsaditeľný	ADJ;CMPR;ACC(SG,MASC,INAN);sla	obsaditeľnejší
obsaditeľný	ADJ;CMPR;VOC(SG,MASC,INAN);sla	obsaditeľnejší
obsaditeľný	ADJ;SPRL;VOC(SG,MASC,INAN);sla	nejobsaditeľnejší
obsaditeľný	ADJ;SPRL;NOM(PL,MASC,ANIM);sla	nejobsaditeľnejší
obsaditeľný	ADJ;CMPR;ACC(PL,MASC,INAN);sla	obsaditeľnejšie
obsaditeľný	ADJ;SPRL;ACC(PL,MASC,INAN);sla	nejobsaditeľnejšie
obsaditeľný	ADJ;SPRL;NOM(SG,NEUT);sla	nejobsaditeľnejšie
obsaditeľný	ADJ;CMPR;VOC(SG,NEUT);sla	obsaditeľnejšie
obsaditeľný	ADJ;SPRL;VOC(SG,NEUT);sla	najobsaditeľnejšie
obsaditeľný	ADJ;CMPR;ACC(PL,NEUT);sla	obsaditeľnejšie
obsaditeľný	ADJ;CMPR;NOM(PL,FEM);sla	obsaditeľnejšie
obsaditeľný	ADJ;SPRL;NOM(PL,FEM);sla	najobsaditeľnejšie
obsaditeľný	ADJ;CMPR;VOC(PL,FEM);sla	obsaditeľnejšie
obsaditeľný	ADJ;ESS(PL,MASC,ANIM);sla	obsaditeľných
obsaditeľný	ADJ;GEN(PL,MASC,INAN);sla	obsaditeľných
obsaditeľný	ADJ;ESS(PL,MASC,INAN);sla	obsaditeľných
obsaditeľný	ADJ;GEN(PL,NEUT);sla	obsaditeľných
obsaditeľný	ADJ;GEN(PL,FEM);sla	obsaditeľných
obsaditeľný	ADJ;CMPR;ESS(SG,FEM);sla	obsaditeľnejšej
obsaditeľný	ADJ;SPRL;ACC(SG,MASC,ANIM);sla	nejobsaditeľnejšieho
obsaditeľný	ADJ;SPRL;GEN(SG,MASC,INAN);sla	najobsaditeľnejšieho
obsaditeľný	ADJ;CMPR;GEN(SG,NEUT);sla	obsaditeľnejšieho
obsaditeľný	ADJ;SPRL;GEN(SG,NEUT);sla	nejobsaditeľnejšieho
obsaditeľný	ADJ;DAT(SG,MASC,INAN);sla	obsaditeľnému
uzátvorkovane	ADV;SPRL;sla	nejneuzátvorkovanejšie
prebrusujúci	ADJ;GEN(SG,MASC,INAN);sla	prebrusujúceho
prebrusujúci	ADJ;NOM(PL,MASC,INAN);sla	prebrusujúce
prebrusujúci	ADJ;ACC(PL,MASC,INAN);sla	prebrusujúce
prebrusujúci	ADJ;VOC(PL,MASC,INAN);sla	prebrusujúce
prebrusujúci	ADJ;ACC(PL,FEM);sla	prebrusujúce
prebrusujúci	ADJ;DAT(PL,MASC,INAN);sla	prebrusujúcim
prebrusujúci	ADJ;INS(SG,NEUT);sla	prebrusujúcim
prebrusujúci	ADJ;NOM(SG,FEM);sla	prebrusujúca
prebrusujúci	ADJ;VOC(SG,FEM);sla	prebrusujúca
prebrusujúci	ADJ;DAT(SG,FEM);sla	prebrusujúcej
prebrusujúci	ADJ;ACC(SG,MASC,INAN);sla	prebrusujúci
prebrusujúci	ADJ;VOC(SG,MASC,INAN);sla	prebrusujúci
prebrusujúci	ADJ;GEN(PL,NEUT);sla	prebrusujúcich
prebrusujúci	ADJ;ESS(PL,FEM);sla	prebrusujúcich
prebrusujúci	ADJ;DAT(SG,MASC,INAN);sla	prebrusujúcemu
prebrusujúci	ADJ;DAT(SG,NEUT);sla	prebrusujúcemu
vnukateľne	ADV;CMPR;sla	nevnukateľnejšie
odvodeninovo	ADV;SPRL;sla	nejneodvodeninovejšie
karhací	ADJ;NOM(SG,FEM);sla	karhacia
karhací	ADJ;ACC(SG,FEM);sla	karhací
karhací	ADJ;ACC(PL,MASC,ANIM);sla	karhací
karhací	ADJ;ESS(PL,MASC,ANIM);sla	karhacích
karhací	ADJ;ESS(PL,NEUT);sla	karhacích
karhací	ADJ;GEN(PL,FEM);sla	karhacích
karhací	ADJ;ESS(PL,FEM);sla	karhacích
karhací	ADJ;GEN(SG,MASC,ANIM);sla	karhacího
karhací	ADJ;GEN(SG,NEUT);sla	karhacího
karhací	ADJ;DAT(SG,FEM);sla	karhací
karhací	ADJ;NOM(PL,MASC,INAN);sla	karhací
karhací	ADJ;ACC(PL,MASC,INAN);sla	karhací
karhací	ADJ;ACC(PL,NEUT);sla	karhacie
karhací	ADJ;DAT(SG,MASC,ANIM);sla	karhacímu
karhací	ADJ;INS(PL,MASC,INAN);sla	karhacími
karhací	ADJ;INS(PL,NEUT);sla	karhacími
karhací	ADJ;INS(SG,MASC,ANIM);sla	karhacím
karhací	ADJ;INS(SG,MASC,INAN);sla	karhacím
pribúdavať	V.PTCP;PASS;IPFV;ACC;NOM(3,SG,FEM);sla	pribúdavanú
pribúdavať	V;PRS;IND;PFV;2;SG;sla	pribúdavaš
pribúdavať	V.PTCP;PASS;NEG;IPFV;NOM;NOM(3,PL,NEUT);sla	nepribúdavané
pribúdavať	V.PTCP;PASS;NEG;PFV;NOM;NOM(3,PL,NEUT);sla	nepribúdavané
pribúdavať	V.PTCP;PASS;PFV;NOM;NOM(3,PL,MASC,INAN);sla	pribúdavané
pribúdavať	V;FUT;IND;NEG;IPFV;2;SG;sla	nebudeš pribúdavať
pribúdavať	V;FUT;IND;IPFV;3;SG;sla	bude pribúdavať
pribúdavať	V;FUT;IND;NEG;IPFV;3;SG;sla	nebude pribúdavať
pribúdavať	V;FUT;IND;NEG;IPFV;1;PL;sla	nebudeme pribúdavať
pribúdavať	V;FUT;IND;NEG;IPFV;2;PL;sla	nebudete pribúdavať
pribúdavať	V;FUT;IND;IPFV;3;PL;sla	budú pribúdavať
pribúdavať	V;PRS;IND;NEG;PFV;2;SG;sla	nepribúdavaš
pribúdavať	V;PRS;IND;NEG;IPFV;2;PL;sla	nepribúdavate
pribúdavať	V;COND;PST;NEG;IPFV;3;PL;MASC;ANIM;sla	neboli by pribúdavali
pribúdavať	V;COND;PST;NEG;IPFV;1;PL;MASC;ANIM;sla	neboli by sme pribúdavali
pribúdavať	V;PST;IND;NEG;PFV;2;PL;MASC;ANIM;sla	nepribúdavali ste
pribúdavať	V;COND;PRS;NEG;PFV;1;PL;MASC;ANIM;sla	nepribúdavali by sme
pribúdavať	V;COND;PRS;NEG;PFV;2;PL;MASC;ANIM;sla	nepribúdavali by ste
pribúdavať	V;PST;IND;NEG;IPFV;1;PL;MASC;INAN;sla	nepribúdavali sme
pribúdavať	V;PST;IND;NEG;IPFV;2;PL;MASC;INAN;sla	nepribúdavali ste
pribúdavať	V;COND;PRS;NEG;IPFV;2;PL;MASC;INAN;sla	nepribúdavali by ste
pribúdavať	V;COND;PST;NEG;IPFV;3;PL;MASC;INAN;sla	neboli by pribúdavali
pribúdavať	V;COND;PST;NEG;IPFV;1;PL;MASC;INAN;sla	nebyly bychom pribúdavali
pribúdavať	V;COND;PRS;NEG;PFV;1;PL;MASC;INAN;sla	nepribúdavali by sme
pribúdavať	V;COND;PST;NEG;PFV;1;PL;MASC;INAN;sla	neboli by sme pribúdavali
pribúdavať	V;PST;IND;NEG;IPFV;2;PL;FEM;sla	nepribúdavali ste
pribúdavať	V;PST;IND;NEG;PFV;1;PL;FEM;sla	nepribúdavali sme
pribúdavať	V;COND;PRS;NEG;PFV;1;PL;FEM;sla	nepribúdavali by sme
pribúdavať	V;PST;IND;NEG;IPFV;2;PL;NEUT;sla	nepribúdavali ste
pribúdavať	V;COND;PRS;NEG;IPFV;2;PL;NEUT;sla	nepribúdavali by ste
pribúdavať	V;COND;PST;NEG;IPFV;3;PL;NEUT;sla	neboli by pribúdavali
pribúdavať	V;COND;PST;NEG;IPFV;2;PL;NEUT;sla	neboli by ste pribúdavali
pribúdavať	V;COND;PRS;NEG;PFV;3;PL;NEUT;sla	nepribúdavali by
pribúdavať	V;COND;PST;NEG;PFV;1;PL;NEUT;sla	neboli by sme pribúdavali
pribúdavať	V;PST;IND;IPFV;2;SG;MASC;sla	pribúdaval si
pribúdavať	V;COND;PST;IPFV;3;SG;MASC;sla	bol by pribúdaval
pribúdavať	V;COND;PRS;PFV;3;SG;MASC;sla	pribúdaval by podupávaval
pribúdavať	V;COND;PRS;PFV;1;SG;MASC;sla	pribúdaval by som podupávaval
pribúdavať	V;COND;PST;PFV;3;SG;MASC;sla	bol by pribúdaval
pribúdavať	V;NFIN;NEG;IPFV;sla	nepribúdavať
pribúdavať	V.PTCP;PASS;IPFV;NOM;NOM(3,PL,MASC,ANIM);sla	pribúdavaní
pribúdavať	V.PTCP;PASS;PFV;NOM;NOM(3,PL,MASC,ANIM);sla	pribúdavaní
pribúdavať	V.PTCP;PASS;PFV;NOM;NOM(3,PL,FEM);sla	pribúdavané
pribúdavať	V;COND;PRS;IPFV;1;SG;NEUT;sla	pribúdavalo by som odzátvorkúvala
pribúdavať	V;COND;PRS;IPFV;2;SG;NEUT;sla	pribúdavalo by si podupovávali
pribúdavať	V;COND;PST;IPFV;3;SG;NEUT;sla	bylo by pribúdavalo
pribúdavať	V;PST;IND;IPFV;1;SG;FEM;sla	pribúdavala som
pribúdavať	V;PST;IND;IPFV;2;SG;FEM;sla	pribúdavala si
pribúdavať	V;COND;PRS;IPFV;3;SG;FEM;sla	pribúdavala by podupávaval
pribúdavať	V;COND;PRS;IPFV;2;SG;FEM;sla	pribúdavala by si zlinearizovával
pribúdavať	V;COND;PST;IPFV;3;SG;FEM;sla	bola by pribúdavala
pribúdavať	V;PST;IND;PFV;3;SG;FEM;sla	pribúdavala
pribúdavať	V;COND;PRS;PFV;3;SG;FEM;sla	pribúdavala by hierarchizovávala
pribúdavať	V;COND;PST;PFV;1;SG;FEM;sla	bola by som pribúdavala
pribúdavať	V;PRS;IND;NEG;IPFV;3;SG;sla	nepribúdava
pribúdavať	V;PRS;IND;NEG;PFV;3;SG;sla	nepribúdava
pribúdavať	V;PST;IND;IPFV;1;PL;MASC;ANIM;sla	pribúdavali sme
pribúdavať	V;COND;PRS;IPFV;2;PL;MASC;ANIM;sla	pribúdavali by ste
pribúdavať	V;PST;IND;PFV;3;PL;MASC;ANIM;sla	pribúdavali
pribúdavať	V;PST;IND;IPFV;3;PL;MASC;INAN;sla	pribúdavali
pribúdavať	V;PST;IND;IPFV;1;PL;MASC;INAN;sla	pribúdavali sme
pribúdavať	V;COND;PST;IPFV;3;PL;MASC;INAN;sla	byly by pribúdavali
pribúdavať	V;COND;PST;IPFV;2;PL;MASC;INAN;sla	boli by ste pribúdavali
pribúdavať	V;PST;IND;PFV;1;PL;MASC;INAN;sla	pribúdavali sme
pribúdavať	V;PST;IND;IPFV;3;PL;FEM;sla	pribúdavali
pribúdavať	V;PST;IND;IPFV;1;PL;FEM;sla	pribúdavali sme
pribúdavať	V;PST;IND;PFV;3;PL;FEM;sla	pribúdavali
pribúdavať	V;COND;PRS;PFV;3;PL;FEM;sla	pribúdavali by
pribúdavať	V;COND;PST;PFV;3;PL;FEM;sla	boli by pribúdavali
pribúdavať	V;PST;IND;IPFV;2;PL;NEUT;sla	pribúdavali ste
pribúdavať	V;COND;PRS;IPFV;1;PL;NEUT;sla	pribúdavali by sme
pribúdavať	V;COND;PST;IPFV;3;PL;NEUT;sla	boli by pribúdavali
pribúdavať	V;PST;IND;PFV;2;PL;NEUT;sla	pribúdavali ste
pribúdavať	V;COND;PRS;PFV;1;PL;NEUT;sla	pribúdavali by sme
pribúdavať	V;COND;PST;PFV;3;PL;NEUT;sla	boli by pribúdavali
pribúdavať	V;PRS;IND;IPFV;2;PL;sla	pribúdavate
pribúdavať	V.PTCP;PASS;NEG;IPFV;NOM;NOM(3,PL,MASC,INAN);sla	nepribúdavané
pribúdavať	V;PST;IND;NEG;IPFV;2;SG;NEUT;sla	nepribúdavalo si
pribúdavať	V;COND;PRS;NEG;PFV;3;SG;NEUT;sla	nepribúdavalo by odzátvorkúvalo
pribúdavať	V;COND;PRS;NEG;PFV;1;SG;NEUT;sla	nepribúdavalo by som podupávavalo
pribúdavať	V;COND;PRS;NEG;PFV;2;SG;NEUT;sla	nepribúdavalo by si odzátvorkúvalo
pribúdavať	V.PTCP;PASS;NEG;PFV;NOM;NOM(3,SG,MASC,INAN);sla	nepribúdavaný
pribúdavať	V.PTCP;PASS;IPFV;NOM;NOM(3,SG,MASC,ANIM);sla	pribúdavaný
pribúdavať	V.PTCP;PASS;PFV;NOM;NOM(3,SG,MASC,INAN);sla	pribúdavaný
pribúdavať	V;PRS;IND;NEG;IPFV;1;PL;sla	nepribúdavame
pribúdavať	V;PRS;IND;PFV;1;SG;sla	pribúdavam
pribúdavať	V.PTCP;PASS;IPFV;NOM;NOM(3,SG,NEUT);sla	pribúdavané
pribúdavať	V.PTCP;PASS;PFV;NOM;NOM(3,SG,FEM);sla	pribúdavaná
pribúdavať	V;COND;PRS;NEG;IPFV;1;SG;MASC;sla	nepribúdaval by som podupávavali
pribúdavať	V;COND;PRS;NEG;IPFV;2;SG;MASC;sla	nepribúdaval by si odzátvorkúval
pribúdavať	V;COND;PRS;NEG;PFV;1;SG;MASC;sla	nepribúdaval by som odzátvorkúval
pribúdavať	V;PST;IND;NEG;IPFV;2;SG;FEM;sla	nepribúdavala si
pribúdavať	V;COND;PRS;NEG;IPFV;2;SG;FEM;sla	nepribúdavala by si oštipovávala
pribúdavať	V;PST;IND;NEG;PFV;1;SG;FEM;sla	nepribúdavala som
pribúdavať	V;PRS;IND;PFV;3;PL;sla	pribúdavajú
dvojčiarkovanosť	N;GEN(PL,FEM);sla	dvojčiarkovaností
dvojčiarkovanosť	N;DAT(SG,FEM);sla	dvojčiarkovanosti
dvojčiarkovanosť	N;VOC(PL,FEM);sla	dvojčiarkovanosti
dvojčiarkovanosť	N;DAT(PL,FEM);sla	dvojčiarkovanostiam
vymodelovávanie	N;GEN(PL,NEUT);sla	vymodelovávaní
vymodelovávanie	N;GEN(SG,NEUT);sla	vymodelovávania
vymodelovávanie	N;ACC(PL,NEUT);sla	vymodelovávania
vymodelovávanie	N;ESS(PL,NEUT);sla	vymodelovávaniach
vymodelovávanie	N;INS(PL,NEUT);sla	vymodelovávaniami
vymodelovávanie	N;ACC(SG,NEUT);sla	vymodelovávanie
pokutene	ADV;sla	pokutene
pokutene	ADV;CMPR;sla	nepokutenejšie
abstinúvane	ADV;CMPR;sla	neabstinúvanejšie
zmaškrtene	ADV;CMPR;sla	nezmaškrtenejšie
zmaškrtene	ADV;CMPR;sla	nezmaškrtenejšie
primiešavavajúci	ADJ;ACC(SG,MASC,ANIM);sla	primiešavavajúceho
primiešavavajúci	ADJ;ACC(PL,MASC,INAN);sla	primiešavavajúce
primiešavavajúci	ADJ;NOM(PL,FEM);sla	primiešavavajúce
primiešavavajúci	ADJ;ACC(PL,FEM);sla	primiešavavajúce
primiešavavajúci	ADJ;INS(PL,MASC,INAN);sla	primiešavavajúcimi
primiešavavajúci	ADJ;INS(PL,FEM);sla	primiešavavajúcimi
primiešavavajúci	ADJ;INS(SG,MASC,INAN);sla	primiešavavajúcim
primiešavavajúci	ADJ;DAT(PL,NEUT);sla	primiešavavajúcim
primiešavavajúci	ADJ;ACC(SG,FEM);sla	primiešavavajúcu
primiešavavajúci	ADJ;NOM(SG,FEM);sla	primiešavavajúca
primiešavavajúci	ADJ;DAT(SG,FEM);sla	primiešavavajúcej
primiešavavajúci	ADJ;ESS(SG,FEM);sla	primiešavavajúcej
primiešavavajúci	ADJ;NOM(SG,MASC,ANIM);sla	primiešavavajúci
primiešavavajúci	ADJ;VOC(SG,MASC,ANIM);sla	primiešavavajúci
primiešavavajúci	ADJ;VOC(SG,MASC,INAN);sla	primiešavavajúci
primiešavavajúci	ADJ;GEN(PL,MASC,INAN);sla	primiešavavajúcich
primiešavavajúci	ADJ;DAT(SG,MASC,INAN);sla	primiešavavajúcemu
odstránkúvanie	N;GEN(SG,NEUT);sla	odstránkúvania
odstránkúvanie	N;VOC(PL,NEUT);sla	odstránkúvania
odstránkúvanie	N;DAT(SG,NEUT);sla	odstránkúvaniu
podliehane	ADV;sla	podliehane
podliehane	ADV;CMPR;sla	nepodliehanejšie
podliehane	ADV;SPRL;sla	nejnepodliehanejšie
turbovrtuľový	ADJ;VOC(PL,MASC,INAN);sla	turbovrtuľové
turbovrtuľový	ADJ;NOM(SG,NEUT);sla	turbovrtuľové
turbovrtuľový	ADJ;VOC(SG,NEUT);sla	turbovrtuľové
turbovrtuľový	ADJ;NOM(PL,NEUT);sla	turbovrtuľové
turbovrtuľový	ADJ;SPRL;ACC(SG,FEM);sla	nejturbovrtuľovejšiu
turbovrtuľový	ADJ;CMPR;ESS(SG,MASC,ANIM);sla	turbovrtuľovejšom
turbovrtuľový	ADJ;SPRL;ESS(SG,MASC,INAN);sla	nejturbovrtuľovějším
turbovrtuľový	ADJ;CMPR;DAT(SG,MASC,ANIM);sla	turbovrtuľovejšiemu
turbovrtuľový	ADJ;SPRL;DAT(SG,MASC,INAN);sla	nejturbovrtuľovejšiemu
turbovrtuľový	ADJ;CMPR;DAT(SG,NEUT);sla	turbovrtuľovejšiemu
turbovrtuľový	ADJ;SPRL;DAT(SG,NEUT);sla	nejturbovrtuľovejšiemu
turbovrtuľový	ADJ;INS(PL,NEUT);sla	turbovrtuľovými
turbovrtuľový	ADJ;ACC(SG,MASC,ANIM);sla	turbovrtuľového
turbovrtuľový	ADJ;GEN(SG,MASC,INAN);sla	turbovrtuľového
turbovrtuľový	ADJ;NOM(SG,MASC,ANIM);sla	turbovrtuľový
turbovrtuľový	ADJ;CMPR;INS(SG,MASC,INAN);sla	turbovrtuľovejším
turbovrtuľový	ADJ;CMPR;INS(SG,NEUT);sla	turbovrtuľovejším
turbovrtuľový	ADJ;SPRL;INS(SG,NEUT);sla	nejturbovrtuľovejším
turbovrtuľový	ADJ;CMPR;DAT(PL,FEM);sla	turbovrtuľovejším
turbovrtuľový	ADJ;VOC(SG,FEM);sla	turbovrtuľová
turbovrtuľový	ADJ;CMPR;VOC(SG,MASC,ANIM);sla	turbovrtuľovější
turbovrtuľový	ADJ;CMPR;NOM(SG,MASC,INAN);sla	turbovrtuľovejší
turbovrtuľový	ADJ;CMPR;ACC(SG,MASC,INAN);sla	turbovrtuľovejší
turbovrtuľový	ADJ;SPRL;GEN(PL,MASC,ANIM);sla	nejturbovrtuľovejších
turbovrtuľový	ADJ;SPRL;ESS(PL,MASC,INAN);sla	nejturbovrtuľovejších
turbovrtuľový	ADJ;SPRL;ESS(PL,NEUT);sla	nejturbovrtuľovějších
turbovrtuľový	ADJ;CMPR;ESS(PL,FEM);sla	turbovrtuľovejších
turbovrtuľový	ADJ;SPRL;ESS(PL,FEM);sla	nejturbovrtuľovejších
turbovrtuľový	ADJ;SPRL;NOM(PL,MASC,INAN);sla	nejturbovrtuľovejšie
turbovrtuľový	ADJ;CMPR;ACC(PL,MASC,INAN);sla	turbovrtuľovější
turbovrtuľový	ADJ;CMPR;VOC(PL,MASC,INAN);sla	turbovrtuľovejšie
turbovrtuľový	ADJ;CMPR;VOC(SG,NEUT);sla	turbovrtuľovejšie
turbovrtuľový	ADJ;SPRL;NOM(PL,FEM);sla	najturbovrtuľovejšie
turbovrtuľový	ADJ;GEN(PL,MASC,INAN);sla	turbovrtuľových
turbovrtuľový	ADJ;CMPR;GEN(SG,FEM);sla	turbovrtuľovejšej
turbovrtuľový	ADJ;SPRL;GEN(SG,FEM);sla	nejturbovrtuľovejšej
turbovrtuľový	ADJ;CMPR;DAT(SG,FEM);sla	turbovrtuľovejšej
turbovrtuľový	ADJ;DAT(SG,MASC,ANIM);sla	turbovrtuľovému
turbovrtuľový	ADJ;DAT(SG,NEUT);sla	turbovrtuľovému
turbovrtuľový	ADJ;CMPR;ACC(SG,MASC,ANIM);sla	turbovrtuľovejšieho
turbovrtuľový	ADJ;SPRL;GEN(SG,MASC,INAN);sla	najturbovrtuľovejšieho
turbovrtuľový	ADJ;INS(SG,MASC,INAN);sla	turbovrtuľovým
turbovrtuľový	ADJ;GEN(SG,FEM);sla	turbovrtuľovej
turbovrtuľový	ADJ;CMPR;INS(SG,FEM);sla	turbovrtuľovejšou
turbovrtuľový	ADJ;CMPR;INS(PL,NEUT);sla	turbovrtuľovejšími
turbovrtuľový	ADJ;SPRL;INS(PL,FEM);sla	nejturbovrtuľovejšími
ododrený	ADJ;NOM(SG,NEUT);sla	ododrené
ododrený	ADJ;VOC(SG,NEUT);sla	ododrené
ododrený	ADJ;NOM(PL,NEUT);sla	ododrené
ododrený	ADJ;CMPR;ESS(SG,NEUT);sla	ododrenějším
ododrený	ADJ;SPRL;DAT(SG,NEUT);sla	nejododrenejšiemu
ododrený	ADJ;INS(PL,NEUT);sla	ododrenými
ododrený	ADJ;ACC(SG,MASC,ANIM);sla	ododreného
ododrený	ADJ;GEN(SG,NEUT);sla	ododreného
ododrený	ADJ;VOC(SG,MASC,ANIM);sla	ododrený
ododrený	ADJ;ACC(SG,MASC,INAN);sla	ododrený
ododrený	ADJ;SPRL;INS(SG,MASC,ANIM);sla	nejododrenějším
ododrený	ADJ;CMPR;DAT(PL,MASC,ANIM);sla	ododrenejším
ododrený	ADJ;CMPR;INS(SG,MASC,INAN);sla	ododrenějším
ododrený	ADJ;SPRL;INS(SG,MASC,INAN);sla	nejododrenejším
ododrený	ADJ;CMPR;DAT(PL,MASC,INAN);sla	ododrenejším
ododrený	ADJ;SPRL;NOM(SG,FEM);sla	nejododrenejšia
ododrený	ADJ;CMPR;NOM(SG,MASC,ANIM);sla	ododrenejší
ododrený	ADJ;SPRL;NOM(SG,MASC,ANIM);sla	nejododrenejší
ododrený	ADJ;CMPR;VOC(SG,MASC,ANIM);sla	ododrenejší
ododrený	ADJ;SPRL;VOC(SG,MASC,ANIM);sla	nejododrenejší
ododrený	ADJ;CMPR;VOC(SG,MASC,INAN);sla	ododrenejší
ododrený	ADJ;CMPR;NOM(PL,MASC,ANIM);sla	ododrenější
ododrený	ADJ;CMPR;VOC(PL,MASC,ANIM);sla	ododrenější
ododrený	ADJ;CMPR;GEN(PL,MASC,ANIM);sla	ododrenejších
ododrený	ADJ;CMPR;ESS(PL,MASC,ANIM);sla	ododrenějších
ododrený	ADJ;SPRL;GEN(PL,FEM);sla	najododrenejších
ododrený	ADJ;SPRL;NOM(PL,MASC,INAN);sla	nejododrenejšie
ododrený	ADJ;CMPR;ACC(PL,MASC,INAN);sla	ododrenější
ododrený	ADJ;SPRL;VOC(PL,MASC,INAN);sla	najododrenejšie
ododrený	ADJ;SPRL;NOM(SG,NEUT);sla	nejododrenější
ododrený	ADJ;SPRL;ACC(SG,NEUT);sla	nejododrenejšie
ododrený	ADJ;CMPR;VOC(SG,NEUT);sla	ododrenější
ododrený	ADJ;SPRL;VOC(SG,NEUT);sla	najododrenejšie
ododrený	ADJ;CMPR;NOM(PL,NEUT);sla	ododrenejšie
ododrený	ADJ;SPRL;ACC(PL,NEUT);sla	nejododrenejšie
ododrený	ADJ;CMPR;VOC(PL,NEUT);sla	ododrenejšie
ododrený	ADJ;SPRL;VOC(PL,NEUT);sla	nejododrenejšie
ododrený	ADJ;CMPR;ACC(PL,FEM);sla	ododrenější
ododrený	ADJ;SPRL;VOC(PL,FEM);sla	nejododrenejšie
ododrený	ADJ;VOC(PL,MASC,ANIM);sla	ododrení
ododrený	ADJ;ESS(PL,MASC,INAN);sla	ododrených
ododrený	ADJ;GEN(PL,NEUT);sla	ododrených
ododrený	ADJ;SPRL;GEN(SG,FEM);sla	nejododrenejšej
ododrený	ADJ;SPRL;ESS(SG,FEM);sla	nejododrenejšej
ododrený	ADJ;DAT(SG,NEUT);sla	ododrenému
ododrený	ADJ;CMPR;GEN(SG,MASC,ANIM);sla	ododrenejšieho
ododrený	ADJ;SPRL;GEN(SG,MASC,ANIM);sla	nejododrenejšieho
ododrený	ADJ;CMPR;GEN(SG,NEUT);sla	ododrenějšího
ododrený	ADJ;DAT(PL,MASC,ANIM);sla	ododreným
ododrený	ADJ;DAT(PL,MASC,INAN);sla	ododreným
ododrený	ADJ;GEN(SG,FEM);sla	ododrenej
ododrený	ADJ;SPRL;INS(PL,MASC,ANIM);sla	nejododrenějšími
ododrený	ADJ;CMPR;INS(PL,MASC,INAN);sla	ododrenějšími
ododrený	ADJ;SPRL;INS(PL,FEM);sla	nejododrenejšími
bankrotovací	ADJ;ACC(PL,MASC,ANIM);sla	bankrotovací
bankrotovací	ADJ;GEN(PL,MASC,INAN);sla	bankrotovacích
bankrotovací	ADJ;ESS(PL,MASC,INAN);sla	bankrotovacích
bankrotovací	ADJ;ESS(PL,FEM);sla	bankrotovacích
bankrotovací	ADJ;ACC(SG,MASC,ANIM);sla	bankrotovacího
bankrotovací	ADJ;GEN(SG,MASC,INAN);sla	bankrotovacieho
bankrotovací	ADJ;NOM(SG,NEUT);sla	bankrotovací
bankrotovací	ADJ;NOM(PL,NEUT);sla	bankrotovací
bankrotovací	ADJ;NOM(PL,FEM);sla	bankrotovacie
bankrotovací	ADJ;VOC(PL,FEM);sla	bankrotovací
bankrotovací	ADJ;DAT(SG,NEUT);sla	bankrotovaciemu
bankrotovací	ADJ;INS(PL,MASC,ANIM);sla	bankrotovacími
bankrotovací	ADJ;INS(SG,FEM);sla	bankrotovacou
bankrotovací	ADJ;INS(SG,MASC,INAN);sla	bankrotovacím
bankrotovací	ADJ;ESS(SG,NEUT);sla	bankrotovacím
bankrotovací	ADJ;ACC(SG,MASC,INAN);sla	bankrotovací
bankrotovací	ADJ;VOC(SG,MASC,INAN);sla	bankrotovací
bankrotovací	ADJ;VOC(PL,MASC,ANIM);sla	bankrotovací
odkvapový	ADJ;ACC(SG,FEM);sla	odkvapovú
odkvapový	ADJ;ACC(PL,MASC,INAN);sla	odkvapové
odkvapový	ADJ;VOC(PL,MASC,INAN);sla	odkvapové
odkvapový	ADJ;NOM(SG,NEUT);sla	odkvapové
odkvapový	ADJ;ACC(SG,NEUT);sla	odkvapové
odkvapový	ADJ;NOM(PL,NEUT);sla	odkvapové
odkvapový	ADJ;VOC(PL,NEUT);sla	odkvapové
odkvapový	ADJ;ESS(SG,MASC,INAN);sla	odkvapovém
odkvapový	ADJ;ESS(SG,NEUT);sla	odkvapovom
odkvapový	ADJ;SPRL;ACC(SG,FEM);sla	nejodkvapovejšiu
odkvapový	ADJ;CMPR;ESS(SG,MASC,ANIM);sla	odkvapovejšom
odkvapový	ADJ;CMPR;ESS(SG,MASC,INAN);sla	odkvapovejšom
odkvapový	ADJ;CMPR;ESS(SG,NEUT);sla	odkvapovějším
odkvapový	ADJ;INS(PL,NEUT);sla	odkvapovými
odkvapový	ADJ;GEN(SG,MASC,ANIM);sla	odkvapového
odkvapový	ADJ;ACC(SG,MASC,ANIM);sla	odkvapového
odkvapový	ADJ;VOC(SG,MASC,INAN);sla	odkvapový
odkvapový	ADJ;CMPR;INS(SG,MASC,ANIM);sla	odkvapovejším
odkvapový	ADJ;CMPR;DAT(PL,MASC,ANIM);sla	odkvapovejším
odkvapový	ADJ;CMPR;INS(SG,MASC,INAN);sla	odkvapovejším
odkvapový	ADJ;SPRL;INS(SG,MASC,INAN);sla	nejodkvapovejším
odkvapový	ADJ;SPRL;DAT(PL,MASC,INAN);sla	nejodkvapovějším
odkvapový	ADJ;CMPR;VOC(SG,FEM);sla	odkvapovější
odkvapový	ADJ;SPRL;ACC(SG,MASC,INAN);sla	nejodkvapovejší
odkvapový	ADJ;CMPR;NOM(PL,MASC,ANIM);sla	odkvapovejší
odkvapový	ADJ;SPRL;NOM(PL,MASC,ANIM);sla	nejodkvapovejší
odkvapový	ADJ;SPRL;ACC(PL,MASC,ANIM);sla	nejodkvapovejších
odkvapový	ADJ;CMPR;ESS(PL,MASC,ANIM);sla	odkvapovejších
odkvapový	ADJ;SPRL;ESS(PL,MASC,ANIM);sla	nejodkvapovejších
odkvapový	ADJ;CMPR;ESS(PL,MASC,INAN);sla	odkvapovejších
odkvapový	ADJ;SPRL;ESS(PL,MASC,INAN);sla	nejodkvapovejších
odkvapový	ADJ;SPRL;GEN(PL,NEUT);sla	nejodkvapovejších
odkvapový	ADJ;SPRL;ESS(PL,NEUT);sla	nejodkvapovějších
odkvapový	ADJ;SPRL;NOM(PL,MASC,INAN);sla	nejodkvapovejšie
odkvapový	ADJ;CMPR;ACC(PL,MASC,INAN);sla	odkvapovější
odkvapový	ADJ;CMPR;VOC(PL,MASC,INAN);sla	odkvapovejšie
odkvapový	ADJ;CMPR;VOC(SG,NEUT);sla	odkvapovejšie
odkvapový	ADJ;SPRL;VOC(PL,FEM);sla	nejodkvapovejšie
odkvapový	ADJ;ESS(PL,FEM);sla	odkvapových
odkvapový	ADJ;CMPR;DAT(SG,FEM);sla	odkvapovejšej
odkvapový	ADJ;CMPR;ESS(SG,FEM);sla	odkvapovejšej
odkvapový	ADJ;SPRL;ESS(SG,FEM);sla	nejodkvapovejšej
odkvapový	ADJ;DAT(SG,MASC,ANIM);sla	odkvapovému
odkvapový	ADJ;SPRL;ACC(SG,MASC,ANIM);sla	nejodkvapovejšieho
odkvapový	ADJ;DAT(SG,FEM);sla	odkvapovej
odkvapový	ADJ;ESS(SG,FEM);sla	odkvapovej
odkvapový	ADJ;SPRL;INS(SG,FEM);sla	nejodkvapovější
odkvapový	ADJ;CMPR;INS(PL,MASC,INAN);sla	odkvapovejšími
odkvapový	ADJ;CMPR;INS(PL,NEUT);sla	odkvapovejšími
odkvapový	ADJ;CMPR;INS(PL,FEM);sla	odkvapovejšími
odkvapový	ADJ;SPRL;INS(PL,FEM);sla	nejodkvapovejšími
štukový	ADJ;VOC(PL,MASC,ANIM);sla	štukoví
štukový	ADJ;VOC(PL,FEM);sla	štukové
štukový	ADJ;GEN(PL,MASC,ANIM);sla	štukových
štukový	ADJ;ACC(PL,MASC,ANIM);sla	štukových
štukový	ADJ;GEN(PL,MASC,INAN);sla	štukových
štukový	ADJ;ESS(PL,MASC,INAN);sla	štukových
štukový	ADJ;GEN(PL,NEUT);sla	štukových
štukový	ADJ;GEN(SG,MASC,INAN);sla	štukového
štukový	ADJ;GEN(SG,FEM);sla	štukovej
štukový	ADJ;DAT(PL,MASC,INAN);sla	štukovým
štukový	ADJ;INS(PL,MASC,INAN);sla	štukovými
štukový	ADJ;INS(PL,FEM);sla	štukovými
štukový	ADJ;NOM(SG,FEM);sla	štuková
štukový	ADJ;VOC(SG,MASC,ANIM);sla	štukový
vypojovávateľne	ADV;sla	vypojovávateľne
vypojovávateľne	ADV;CMPR;sla	nevypojovávateľnejšie
vypojovávateľne	ADV;SPRL;sla	nejnevypojovávateľnejšie
diskutúvaný	ADJ;VOC(PL,NEUT);sla	diskutúvané
diskutúvaný	ADJ;ACC(PL,FEM);sla	diskutúvané
diskutúvaný	ADJ;ESS(SG,NEUT);sla	diskutúvaném
diskutúvaný	ADJ;SPRL;ACC(SG,FEM);sla	nejdiskutúvanější
diskutúvaný	ADJ;CMPR;ESS(SG,MASC,ANIM);sla	diskutúvanejšom
diskutúvaný	ADJ;CMPR;ESS(SG,NEUT);sla	diskutúvanejšom
diskutúvaný	ADJ;CMPR;DAT(SG,MASC,INAN);sla	diskutúvanějšímu
diskutúvaný	ADJ;CMPR;DAT(SG,NEUT);sla	diskutúvanějšímu
diskutúvaný	ADJ;GEN(SG,MASC,ANIM);sla	diskutúvaného
diskutúvaný	ADJ;ACC(SG,MASC,ANIM);sla	diskutúvaného
diskutúvaný	ADJ;ACC(SG,MASC,INAN);sla	diskutúvaný
diskutúvaný	ADJ;CMPR;INS(SG,MASC,ANIM);sla	diskutúvanejším
diskutúvaný	ADJ;SPRL;DAT(PL,MASC,INAN);sla	nejdiskutúvanějším
diskutúvaný	ADJ;CMPR;NOM(SG,FEM);sla	diskutúvanejšia
diskutúvaný	ADJ;SPRL;VOC(SG,FEM);sla	nejdiskutúvanější
diskutúvaný	ADJ;VOC(SG,FEM);sla	diskutúvaná
diskutúvaný	ADJ;CMPR;ACC(SG,MASC,INAN);sla	diskutúvanejší
diskutúvaný	ADJ;CMPR;VOC(SG,MASC,INAN);sla	diskutúvanejší
diskutúvaný	ADJ;SPRL;VOC(PL,MASC,ANIM);sla	nejdiskutúvanější
diskutúvaný	ADJ;CMPR;ESS(PL,MASC,ANIM);sla	diskutúvanějších
diskutúvaný	ADJ;CMPR;GEN(PL,MASC,INAN);sla	diskutúvanějších
diskutúvaný	ADJ;SPRL;ESS(PL,MASC,INAN);sla	nejdiskutúvanějších
diskutúvaný	ADJ;CMPR;GEN(PL,NEUT);sla	diskutúvanejších
diskutúvaný	ADJ;CMPR;GEN(PL,FEM);sla	diskutúvanejších
diskutúvaný	ADJ;SPRL;VOC(PL,MASC,INAN);sla	najdiskutúvanejšie
diskutúvaný	ADJ;SPRL;NOM(SG,NEUT);sla	nejdiskutúvanejšie
diskutúvaný	ADJ;SPRL;VOC(SG,NEUT);sla	najdiskutúvanější
diskutúvaný	ADJ;SPRL;NOM(PL,NEUT);sla	nejdiskutúvanejšie
diskutúvaný	ADJ;CMPR;ACC(PL,NEUT);sla	diskutúvanější
diskutúvaný	ADJ;SPRL;NOM(PL,FEM);sla	najdiskutúvanejšie
diskutúvaný	ADJ;CMPR;ACC(PL,FEM);sla	diskutúvanejšie
diskutúvaný	ADJ;NOM(PL,MASC,ANIM);sla	diskutúvaní
diskutúvaný	ADJ;ESS(PL,MASC,INAN);sla	diskutúvaných
diskutúvaný	ADJ;ESS(PL,NEUT);sla	diskutúvaných
diskutúvaný	ADJ;CMPR;ACC(SG,MASC,ANIM);sla	diskutúvanejšieho
diskutúvaný	ADJ;CMPR;GEN(SG,NEUT);sla	diskutúvanejšieho
diskutúvaný	ADJ;SPRL;GEN(SG,NEUT);sla	nejdiskutúvanejšieho
diskutúvaný	ADJ;DAT(PL,MASC,ANIM);sla	diskutúvaným
diskutúvaný	ADJ;DAT(PL,NEUT);sla	diskutúvaným
diskutúvaný	ADJ;DAT(PL,FEM);sla	diskutúvaným
diskutúvaný	ADJ;GEN(SG,FEM);sla	diskutúvanej
diskutúvaný	ADJ;ESS(SG,FEM);sla	diskutúvanej
diskutúvaný	ADJ;SPRL;INS(SG,FEM);sla	nejdiskutúvanější
diskutúvaný	ADJ;SPRL;INS(PL,MASC,INAN);sla	nejdiskutúvanejšími
diskutúvaný	ADJ;CMPR;INS(PL,NEUT);sla	diskutúvanejšími
diskutúvaný	ADJ;SPRL;INS(PL,FEM);sla	nejdiskutúvanějšími
vyčiarkovanie	N;NOM(PL,NEUT);sla	vyčiarkovania
vyčiarkovanie	N;ESS(PL,NEUT);sla	vyčiarkovaniach
vyčiarkovanie	N;DAT(PL,NEUT);sla	vyčiarkovaniam
vyčiarkovanie	N;ACC(PL,NEUT);sla	vyčiarkovania
vyčiarkovanie	N;GEN(PL,NEUT);sla	vyčiarkovaní
vyčiarkovanie	N;VOC(SG,NEUT);sla	vyčiarkovanie
vyčiarkovanie	N;ESS(SG,NEUT);sla	vyčiarkovaní
dodýchanie	N;GEN(PL,NEUT);sla	dodýchaní
dodýchanie	N;NOM(PL,NEUT);sla	dodýchania
dodýchanie	N;VOC(PL,NEUT);sla	dodýchania
dodýchanie	N;ESS(PL,NEUT);sla	dodýchaniach
dodýchanie	N;DAT(PL,NEUT);sla	dodýchaniam
vymrene	ADV;sla	vymrene
vymrene	ADV;CMPR;sla	nevymrenejšie
predkopírúvajúci	ADJ;ESS(SG,MASC,INAN);sla	predkopírúvajúcom
predkopírúvajúci	ADJ;ACC(SG,NEUT);sla	predkopírúvajúce
predkopírúvajúci	ADJ;NOM(PL,FEM);sla	predkopírúvajúce
predkopírúvajúci	ADJ;DAT(PL,MASC,INAN);sla	predkopírúvajúcim
predkopírúvajúci	ADJ;DAT(PL,NEUT);sla	predkopírúvajúcim
predkopírúvajúci	ADJ;ACC(SG,FEM);sla	predkopírúvajúcu
predkopírúvajúci	ADJ;NOM(SG,FEM);sla	predkopírúvajúca
predkopírúvajúci	ADJ;GEN(SG,FEM);sla	predkopírúvajúcej
predkopírúvajúci	ADJ;DAT(SG,FEM);sla	predkopírúvajúcej
predkopírúvajúci	ADJ;NOM(SG,MASC,ANIM);sla	predkopírúvajúci
predkopírúvajúci	ADJ;VOC(SG,MASC,ANIM);sla	predkopírúvajúci
predkopírúvajúci	ADJ;VOC(SG,MASC,INAN);sla	predkopírúvajúci
predkopírúvajúci	ADJ;GEN(PL,MASC,ANIM);sla	predkopírúvajúcich
predkopírúvajúci	ADJ;ESS(PL,MASC,ANIM);sla	predkopírúvajúcich
predkopírúvajúci	ADJ;ESS(PL,NEUT);sla	predkopírúvajúcich
predkopírúvajúci	ADJ;GEN(PL,FEM);sla	predkopírúvajúcich
pohládzanosť	N;NOM(SG,FEM);sla	pohládzanosť
pohládzanosť	N;INS(PL,FEM);sla	pohládzanosťami
pohládzanosť	N;DAT(SG,FEM);sla	pohládzanosti
pohládzanosť	N;VOC(PL,FEM);sla	pohládzanosti
pohládzanosť	N;DAT(PL,FEM);sla	pohládzanostiam
rozpermutovávací	ADJ;NOM(SG,FEM);sla	rozpermutovávací
rozpermutovávací	ADJ;GEN(PL,MASC,INAN);sla	rozpermutovávacích
rozpermutovávací	ADJ;GEN(SG,MASC,INAN);sla	rozpermutovávacího
rozpermutovávací	ADJ;DAT(SG,FEM);sla	rozpermutovávací
rozpermutovávací	ADJ;ACC(PL,MASC,INAN);sla	rozpermutovávací
rozpermutovávací	ADJ;NOM(SG,NEUT);sla	rozpermutovávací
rozpermutovávací	ADJ;VOC(SG,NEUT);sla	rozpermutovávací
rozpermutovávací	ADJ;NOM(PL,NEUT);sla	rozpermutovávací
rozpermutovávací	ADJ;ACC(PL,NEUT);sla	rozpermutovávací
rozpermutovávací	ADJ;NOM(PL,FEM);sla	rozpermutovávací
rozpermutovávací	ADJ;INS(SG,MASC,INAN);sla	rozpermutovávacím
rozpermutovávací	ADJ;DAT(PL,MASC,INAN);sla	rozpermutovávacím
rozpermutovávací	ADJ;ACC(SG,MASC,INAN);sla	rozpermutovávací
pucúvateľne	ADV;sla	pucúvateľne
pucúvateľne	ADV;sla	pucúvateľne
pucúvateľne	ADV;CMPR;sla	nepucúvateľnejšie
pucúvateľne	ADV;CMPR;sla	nepucúvateľnejšie
debugger	N;GEN(SG,MASC,INAN);sla	debuggeru
debugger	N;DAT(SG,MASC,INAN);sla	debugger
debugger	N;INS(SG,MASC,INAN);sla	debugger
debugger	N;DAT(PL,MASC,INAN);sla	debuggerom
ejektor	N;VOC(PL,MASC,INAN);sla	ejektory
ejektor	N;INS(PL,MASC,INAN);sla	ejektor
ejektor	N;GEN(PL,MASC,INAN);sla	ejektor
ejektor	N;VOC(SG,MASC,INAN);sla	ejektor
ejektor	N;ESS(PL,MASC,INAN);sla	ejektorch
ejektor	N;DAT(SG,MASC,INAN);sla	ejektor
rozparcelúvane	ADV;sla	rozparcelúvane
rozparcelúvane	ADV;SPRL;sla	nejnerozparcelúvanejšie
zdezintegrovávací	ADJ;ACC(PL,MASC,ANIM);sla	zdezintegrovávací
zdezintegrovávací	ADJ;ESS(PL,MASC,ANIM);sla	zdezintegrovávacích
zdezintegrovávací	ADJ;ESS(PL,NEUT);sla	zdezintegrovávacích
zdezintegrovávací	ADJ;GEN(PL,FEM);sla	zdezintegrovávacích
zdezintegrovávací	ADJ;ESS(PL,FEM);sla	zdezintegrovávacích
zdezintegrovávací	ADJ;GEN(SG,MASC,INAN);sla	zdezintegrovávacího
zdezintegrovávací	ADJ;DAT(SG,FEM);sla	zdezintegrovávací
zdezintegrovávací	ADJ;VOC(SG,NEUT);sla	zdezintegrovávací
zdezintegrovávací	ADJ;DAT(SG,MASC,ANIM);sla	zdezintegrovávacímu
zdezintegrovávací	ADJ;DAT(SG,MASC,INAN);sla	zdezintegrovávacímu
zdezintegrovávací	ADJ;INS(SG,NEUT);sla	zdezintegrovávacím
zdezintegrovávací	ADJ;DAT(PL,FEM);sla	zdezintegrovávacím
zdezintegrovávací	ADJ;ESS(SG,NEUT);sla	zdezintegrovávacím
zdezintegrovávací	ADJ;NOM(SG,MASC,INAN);sla	zdezintegrovávací
zdezintegrovávací	ADJ;VOC(SG,MASC,INAN);sla	zdezintegrovávací
zdezintegrovávací	ADJ;NOM(PL,MASC,ANIM);sla	zdezintegrovávací
preasfaltovávateľnosť	N;NOM(SG,FEM);sla	preasfaltovávateľnosť
preasfaltovávateľnosť	N;GEN(SG,FEM);sla	preasfaltovávateľnosti
preasfaltovávateľnosť	N;ESS(SG,FEM);sla	preasfaltovávateľnosti
preasfaltovávateľnosť	N;INS(SG,FEM);sla	preasfaltovávateľnosťou
vyhrnutý	ADJ;ACC(SG,FEM);sla	vyhrnutou
vyhrnutý	ADJ;NOM(SG,NEUT);sla	vyhrnuté
vyhrnutý	ADJ;VOC(PL,NEUT);sla	vyhrnutá
vyhrnutý	ADJ;ACC(PL,FEM);sla	vyhrnuté
vyhrnutý	ADJ;ESS(SG,MASC,ANIM);sla	vyhrnutém
vyhrnutý	ADJ;SPRL;ACC(SG,FEM);sla	nejvyhrnutější
vyhrnutý	ADJ;CMPR;ESS(SG,NEUT);sla	vyhrnutějším
vyhrnutý	ADJ;CMPR;DAT(SG,MASC,INAN);sla	vyhrnutějšímu
vyhrnutý	ADJ;GEN(SG,MASC,ANIM);sla	vyhrnutého
vyhrnutý	ADJ;CMPR;INS(SG,NEUT);sla	vyhrnutějším
vyhrnutý	ADJ;SPRL;INS(SG,NEUT);sla	nejvyhrnutejším
vyhrnutý	ADJ;CMPR;VOC(SG,FEM);sla	vyhrnutější
vyhrnutý	ADJ;VOC(SG,FEM);sla	vyhrnutá
vyhrnutý	ADJ;CMPR;VOC(SG,MASC,ANIM);sla	vyhrnutější
vyhrnutý	ADJ;SPRL;VOC(SG,MASC,ANIM);sla	nejvyhrnutější
vyhrnutý	ADJ;SPRL;GEN(PL,MASC,ANIM);sla	nejvyhrnutějších
vyhrnutý	ADJ;CMPR;ACC(PL,MASC,ANIM);sla	vyhrnutější
vyhrnutý	ADJ;SPRL;ACC(PL,MASC,ANIM);sla	nejvyhrnutější
vyhrnutý	ADJ;SPRL;ESS(PL,MASC,ANIM);sla	nejvyhrnutějších
vyhrnutý	ADJ;SPRL;ESS(PL,MASC,INAN);sla	nejvyhrnutějších
vyhrnutý	ADJ;CMPR;GEN(PL,NEUT);sla	vyhrnutějších
vyhrnutý	ADJ;SPRL;GEN(PL,NEUT);sla	nejvyhrnutějších
vyhrnutý	ADJ;CMPR;ESS(PL,NEUT);sla	vyhrnutějších
vyhrnutý	ADJ;CMPR;GEN(PL,FEM);sla	vyhrnutejších
vyhrnutý	ADJ;SPRL;ESS(PL,FEM);sla	nejvyhrnutějších
vyhrnutý	ADJ;SPRL;NOM(PL,MASC,INAN);sla	nejvyhrnutější
vyhrnutý	ADJ;CMPR;ACC(PL,MASC,INAN);sla	vyhrnutější
vyhrnutý	ADJ;SPRL;ACC(PL,MASC,INAN);sla	nejvyhrnutější
vyhrnutý	ADJ;CMPR;NOM(SG,NEUT);sla	vyhrnutější
vyhrnutý	ADJ;SPRL;VOC(SG,NEUT);sla	najvyhrnutejšie
vyhrnutý	ADJ;CMPR;NOM(PL,NEUT);sla	vyhrnutější
vyhrnutý	ADJ;CMPR;ACC(PL,FEM);sla	vyhrnutější
vyhrnutý	ADJ;GEN(PL,MASC,ANIM);sla	vyhrnutých
vyhrnutý	ADJ;GEN(PL,MASC,INAN);sla	vyhrnutých
vyhrnutý	ADJ;ESS(PL,MASC,INAN);sla	vyhrnutých
vyhrnutý	ADJ;DAT(SG,MASC,ANIM);sla	vyhrnutému
vyhrnutý	ADJ;SPRL;ACC(SG,MASC,ANIM);sla	nejvyhrnutějšího
vyhrnutý	ADJ;DAT(PL,NEUT);sla	vyhrnutým
vyhrnutý	ADJ;DAT(SG,FEM);sla	vyhrnuté
vyhrnutý	ADJ;CMPR;INS(PL,MASC,ANIM);sla	vyhrnutějšími
vyhrnutý	ADJ;CMPR;INS(PL,MASC,INAN);sla	vyhrnutějšími
otesávateľný	ADJ;ACC(SG,FEM);sla	otesávateľnú
otesávateľný	ADJ;ACC(PL,MASC,INAN);sla	otesávateľné
otesávateľný	ADJ;VOC(PL,MASC,INAN);sla	otesávateľné
otesávateľný	ADJ;VOC(PL,FEM);sla	otesávateľné
otesávateľný	ADJ;ESS(SG,MASC,INAN);sla	otesávateľnom
otesávateľný	ADJ;ESS(SG,NEUT);sla	otesávateľnom
otesávateľný	ADJ;INS(SG,FEM);sla	otesávateľnou
otesávateľný	ADJ;SPRL;ESS(SG,MASC,INAN);sla	nejotesávateľnejšom
otesávateľný	ADJ;CMPR;ESS(SG,NEUT);sla	otesávateľnejšom
otesávateľný	ADJ;SPRL;ESS(SG,NEUT);sla	nejotesávateľnejšom
otesávateľný	ADJ;CMPR;DAT(SG,MASC,ANIM);sla	otesávateľnejšiemu
otesávateľný	ADJ;INS(PL,MASC,ANIM);sla	otesávateľnými
otesávateľný	ADJ;ACC(SG,MASC,ANIM);sla	otesávateľného
otesávateľný	ADJ;NOM(SG,MASC,ANIM);sla	otesávateľný
otesávateľný	ADJ;VOC(SG,MASC,ANIM);sla	otesávateľný
otesávateľný	ADJ;VOC(SG,MASC,INAN);sla	otesávateľný
otesávateľný	ADJ;SPRL;INS(SG,MASC,ANIM);sla	nejotesávateľnejším
otesávateľný	ADJ;SPRL;INS(SG,MASC,INAN);sla	nejotesávateľnějším
otesávateľný	ADJ;SPRL;DAT(PL,MASC,INAN);sla	nejotesávateľnejším
otesávateľný	ADJ;CMPR;INS(SG,NEUT);sla	otesávateľnejším
otesávateľný	ADJ;CMPR;DAT(PL,FEM);sla	otesávateľnejším
otesávateľný	ADJ;SPRL;DAT(PL,FEM);sla	najotesávateľnejším
otesávateľný	ADJ;CMPR;NOM(SG,FEM);sla	otesávateľnejšia
otesávateľný	ADJ;NOM(SG,FEM);sla	otesávateľná
otesávateľný	ADJ;SPRL;NOM(SG,MASC,ANIM);sla	nejotesávateľnejší
otesávateľný	ADJ;CMPR;NOM(SG,MASC,INAN);sla	otesávateľnejší
otesávateľný	ADJ;SPRL;VOC(SG,MASC,INAN);sla	nejotesávateľnejší
otesávateľný	ADJ;CMPR;VOC(PL,MASC,ANIM);sla	otesávateľnejší
otesávateľný	ADJ;SPRL;GEN(PL,MASC,ANIM);sla	nejotesávateľnejších
otesávateľný	ADJ;SPRL;ACC(PL,MASC,ANIM);sla	nejotesávateľnejších
otesávateľný	ADJ;SPRL;ESS(PL,MASC,ANIM);sla	nejotesávateľnejších
otesávateľný	ADJ;SPRL;GEN(PL,MASC,INAN);sla	nejotesávateľnejších
otesávateľný	ADJ;SPRL;ESS(PL,MASC,INAN);sla	nejotesávateľnejších
otesávateľný	ADJ;CMPR;NOM(PL,MASC,INAN);sla	otesávateľnejšie
otesávateľný	ADJ;CMPR;ACC(PL,MASC,INAN);sla	otesávateľnejšie
otesávateľný	ADJ;CMPR;NOM(SG,NEUT);sla	otesávateľnejšie
otesávateľný	ADJ;CMPR;VOC(SG,NEUT);sla	otesávateľnejšie
otesávateľný	ADJ;CMPR;NOM(PL,NEUT);sla	otesávateľnejšie
otesávateľný	ADJ;CMPR;ACC(PL,NEUT);sla	otesávateľnejšie
otesávateľný	ADJ;GEN(PL,NEUT);sla	otesávateľných
otesávateľný	ADJ;ESS(PL,FEM);sla	otesávateľných
otesávateľný	ADJ;CMPR;GEN(SG,FEM);sla	otesávateľnejšej
otesávateľný	ADJ;SPRL;GEN(SG,FEM);sla	nejotesávateľnejšej
otesávateľný	ADJ;CMPR;ESS(SG,FEM);sla	otesávateľnejšej
otesávateľný	ADJ;DAT(SG,MASC,INAN);sla	otesávateľnému
otesávateľný	ADJ;CMPR;GEN(SG,MASC,INAN);sla	otesávateľnejšieho
otesávateľný	ADJ;SPRL;GEN(SG,MASC,INAN);sla	najotesávateľnejšieho
otesávateľný	ADJ;CMPR;GEN(SG,NEUT);sla	otesávateľnejšieho
otesávateľný	ADJ;DAT(PL,MASC,ANIM);sla	otesávateľným
otesávateľný	ADJ;DAT(SG,FEM);sla	otesávateľnej
otesávateľný	ADJ;CMPR;INS(PL,FEM);sla	otesávateľnejšími
odvliekavať	V;PRS;IND;IPFV;2;PL;sla	odvliekavate
odvliekavať	V;PST;IND;NEG;IPFV;1;PL;MASC;ANIM;sla	neodvliekavali sme
odvliekavať	V;COND;PRS;NEG;IPFV;3;PL;MASC;ANIM;sla	neodvliekavali by
odvliekavať	V;COND;PST;NEG;IPFV;1;PL;MASC;ANIM;sla	neboli by sme odvliekavali
odvliekavať	V;PST;IND;NEG;PFV;2;PL;MASC;ANIM;sla	neodvliekavali ste
odvliekavať	V;COND;PRS;NEG;PFV;3;PL;MASC;ANIM;sla	neodvliekavali by
odvliekavať	V;COND;PRS;NEG;PFV;2;PL;MASC;ANIM;sla	neodvliekavali by ste
odvliekavať	V;COND;PST;NEG;PFV;3;PL;MASC;ANIM;sla	nebyli by odvliekavali
odvliekavať	V;COND;PST;NEG;PFV;2;PL;MASC;ANIM;sla	nebyli byste odvliekavali
odvliekavať	V;PST;IND;NEG;IPFV;1;PL;MASC;INAN;sla	neodvliekavali sme
odvliekavať	V;PST;IND;NEG;IPFV;2;PL;MASC;INAN;sla	neodvliekavali ste
odvliekavať	V;COND;PRS;NEG;IPFV;3;PL;MASC;INAN;sla	neodvliekavali by
odvliekavať	V;COND;PRS;NEG;IPFV;1;PL;MASC;INAN;sla	neodvliekavali by sme
odvliekavať	V;COND;PST;NEG;IPFV;2;PL;MASC;INAN;sla	neboli by ste odvliekavali
odvliekavať	V;PST;IND;NEG;PFV;1;PL;MASC;INAN;sla	neodvliekavali sme
odvliekavať	V;COND;PRS;NEG;PFV;3;PL;MASC;INAN;sla	neodvliekavali by
odvliekavať	V;COND;PRS;NEG;PFV;2;PL;MASC;INAN;sla	neodvliekavali by ste
odvliekavať	V;COND;PST;NEG;PFV;3;PL;MASC;INAN;sla	nebyly by odvliekavali
odvliekavať	V;PST;IND;NEG;IPFV;1;PL;FEM;sla	neodvliekavali sme
odvliekavať	V;COND;PRS;NEG;IPFV;3;PL;FEM;sla	neodvliekavali by
odvliekavať	V;COND;PST;NEG;IPFV;3;PL;FEM;sla	neboli by odvliekavali
odvliekavať	V;COND;PST;NEG;IPFV;1;PL;FEM;sla	nebyly bychom odvliekavali
odvliekavať	V;PST;IND;NEG;PFV;1;PL;FEM;sla	neodvliekavali sme
odvliekavať	V;COND;PRS;NEG;PFV;1;PL;FEM;sla	neodvliekavali by sme
odvliekavať	V;PST;IND;NEG;PFV;1;PL;NEUT;sla	neodvliekavali sme
odvliekavať	V;PST;IND;NEG;PFV;2;PL;NEUT;sla	neodvliekavali ste
odvliekavať	V;COND;PST;IPFV;2;SG;FEM;sla	bola by si odvliekavala
odvliekavať	V;PST;IND;PFV;1;SG;FEM;sla	odvliekavala som
odvliekavať	V;PST;IND;PFV;2;SG;FEM;sla	odvliekavala si
odvliekavať	V;COND;PRS;PFV;3;SG;FEM;sla	odvliekavala by hierarchizovávala
odvliekavať	V;COND;PST;PFV;1;SG;FEM;sla	bola by som odvliekavala
odvliekavať	V.PTCP;PASS;NEG;PFV;NOM;NOM(3,SG,MASC,ANIM);sla	neodvliekavaný
odvliekavať	V;COND;PRS;NEG;IPFV;3;SG;NEUT;sla	neodvliekavalo by odzátvorkúvala
odvliekavať	V;COND;PST;NEG;IPFV;1;SG;NEUT;sla	nebylo bych odvliekavalo
odvliekavať	V;COND;PRS;NEG;PFV;3;SG;NEUT;sla	neodvliekavalo by odzátvorkúvalo
odvliekavať	V;COND;PST;NEG;PFV;1;SG;NEUT;sla	nebolo by som odvliekavalo
odvliekavať	V.PTCP;PASS;PFV;ACC;NOM(3,SG,FEM);sla	odvliekavanú
odvliekavať	V;IMP;IPFV;2;PL;sla	odvliekavajte
odvliekavať	V.PTCP;PASS;IPFV;NOM;NOM(3,PL,MASC,ANIM);sla	odvliekavaní
odvliekavať	V.PTCP;PASS;NEG;IPFV;NOM;NOM(3,PL,MASC,ANIM);sla	neodvliekavaní
odvliekavať	V;PST;IND;NEG;IPFV;1;SG;FEM;sla	neodvliekavala som
odvliekavať	V;COND;PST;NEG;IPFV;3;SG;FEM;sla	nebyla by odvliekavala
odvliekavať	V;PST;IND;NEG;PFV;3;SG;FEM;sla	neodvliekavala
odvliekavať	V;COND;PRS;NEG;PFV;3;SG;FEM;sla	neodvliekavala
odvliekavať	V;COND;PST;NEG;PFV;3;SG;FEM;sla	nebola by odvliekavala
odvliekavať	V;IMP;PFV;2;SG;sla	odvliekavaj
odvliekavať	V.PTCP;PASS;PFV;NOM;NOM(3,PL,FEM);sla	odvliekavané
odvliekavať	V;FUT;IND;IPFV;1;SG;sla	budem odvliekavať
odvliekavať	V;FUT;IND;IPFV;3;SG;sla	bude odvliekavať
odvliekavať	V;FUT;IND;NEG;IPFV;3;SG;sla	nebude odvliekavať
odvliekavať	V;FUT;IND;IPFV;1;PL;sla	budeme odvliekavať
odvliekavať	V;FUT;IND;NEG;IPFV;1;PL;sla	nebudeme odvliekavať
odvliekavať	V;FUT;IND;IPFV;3;PL;sla	budú odvliekavať
odvliekavať	V;PST;IND;IPFV;3;SG;NEUT;sla	odvliekavalo
odvliekavať	V;COND;PST;IPFV;3;SG;NEUT;sla	bylo by odvliekavalo
odvliekavať	V;COND;PST;IPFV;2;SG;NEUT;sla	bolo by si odvliekavalo
odvliekavať	V;PST;IND;PFV;1;SG;NEUT;sla	odvliekavalo som
odvliekavať	V.PTCP;PASS;NEG;PFV;NOM;NOM(3,SG,NEUT);sla	neodvliekavané
odvliekavať	V;PRS;IND;IPFV;1;PL;sla	odvliekavame
odvliekavať	V;PRS;IND;PFV;1;PL;sla	odvliekavame
odvliekavať	V.PTCP;PASS;NEG;IPFV;ACC;NOM(3,SG,FEM);sla	neodvliekavanú
odvliekavať	V.PTCP;PASS;NEG;PFV;ACC;NOM(3,SG,FEM);sla	neodvliekavanú
odvliekavať	V;PRS;IND;IPFV;3;PL;sla	odvliekavajú
odvliekavať	V;PRS;IND;PFV;3;PL;sla	odvliekavajú
odvliekavať	V.PTCP;PASS;NEG;PFV;NOM;NOM(3,SG,MASC,INAN);sla	neodvliekavaný
odvliekavať	V;COND;PRS;IPFV;2;PL;MASC;ANIM;sla	odvliekavali by ste
odvliekavať	V;COND;PRS;PFV;3;PL;MASC;ANIM;sla	odvliekavali by
odvliekavať	V;COND;PRS;PFV;1;PL;MASC;ANIM;sla	odvliekavali by sme
odvliekavať	V;COND;PST;PFV;1;PL;MASC;ANIM;sla	boli by sme odvliekavali
odvliekavať	V;COND;PST;IPFV;1;PL;MASC;INAN;sla	boli by sme odvliekavali
odvliekavať	V;PST;IND;PFV;3;PL;MASC;INAN;sla	odvliekavali
odvliekavať	V;COND;PRS;PFV;2;PL;MASC;INAN;sla	odvliekavali by ste
odvliekavať	V;PST;IND;IPFV;3;PL;FEM;sla	odvliekavali
odvliekavať	V;COND;PRS;IPFV;3;PL;FEM;sla	odvliekavali by
odvliekavať	V;COND;PST;IPFV;3;PL;FEM;sla	boli by odvliekavali
odvliekavať	V;COND;PST;IPFV;1;PL;FEM;sla	boli by sme odvliekavali
odvliekavať	V;COND;PRS;PFV;1;PL;FEM;sla	odvliekavali by sme
odvliekavať	V;PST;IND;IPFV;2;PL;NEUT;sla	odvliekavali ste
odvliekavať	V;PST;IND;PFV;1;PL;NEUT;sla	odvliekavali sme
odvliekavať	V;COND;PST;PFV;1;PL;NEUT;sla	byla bychom odvliekavali
odvliekavať	V;PRS;IND;NEG;IPFV;3;PL;sla	neodvliekavajú
odvliekavať	V;PRS;IND;NEG;PFV;3;PL;sla	neodvliekavajú
odvliekavať	V.PTCP;PASS;IPFV;NOM;NOM(3,SG,FEM);sla	odvliekavaná
odvliekavať	V.PTCP;PASS;PFV;NOM;NOM(3,SG,FEM);sla	odvliekavaná
odvliekavať	V.PTCP;PASS;NEG;IPFV;NOM;NOM(3,PL,MASC,INAN);sla	neodvliekavané
odvliekavať	V;PRS;IND;NEG;IPFV;1;SG;sla	neodvliekavam
odvliekavať	V;PST;IND;NEG;IPFV;2;SG;MASC;sla	neodvliekaval si
odvliekavať	V;COND;PRS;NEG;IPFV;1;SG;MASC;sla	neodvliekaval by som podupávavali
odvliekavať	V;PST;IND;NEG;PFV;3;SG;MASC;sla	neodvliekaval
odvliekavať	V;COND;PRS;NEG;PFV;1;SG;MASC;sla	neodvliekaval by som odzátvorkúval
odvliekavať	V;COND;PST;NEG;PFV;1;SG;MASC;sla	nebol by som odvliekaval
odvliekavať	V;IMP;NEG;PFV;2;PL;sla	neodvliekavajte
odvliekavať	V.PTCP;PASS;IPFV;NOM;NOM(3,PL,MASC,INAN);sla	odvliekavané
odvliekavať	V;PST;IND;IPFV;3;SG;MASC;sla	odvliekaval
odvliekavať	V;PST;IND;IPFV;2;SG;MASC;sla	odvliekaval si
odvliekavať	V;COND;PRS;IPFV;2;SG;MASC;sla	odvliekaval by si priliezavali
odvliekavať	V;COND;PST;IPFV;3;SG;MASC;sla	bol by odvliekaval
odvliekavať	V;COND;PRS;PFV;3;SG;MASC;sla	odvliekaval by podupávaval
odvliekavať	V;COND;PRS;PFV;2;SG;MASC;sla	odvliekaval by si priliezaval
odvliekavať	V;COND;PST;PFV;3;SG;MASC;sla	bol by odvliekaval
odvliekavať	V;PRS;IND;PFV;3;SG;sla	odvliekava
neuropočítač	N;NOM(PL,MASC,INAN);sla	neuropočítač
neuropočítač	N;INS(SG,MASC,INAN);sla	neuropočítač
neuropočítač	N;NOM(SG,MASC,INAN);sla	neuropočítač
neuropočítač	N;ACC(SG,MASC,INAN);sla	neuropočítač
sfarbúvateľne	ADV;SPRL;sla	nejnesfarbúvateľnejšie
sfarbúvateľne	ADV;SPRL;sla	nejnesfarbúvateľnejšie
čmeliak	N;NOM(SG,MASC,ANIM);sla	čmeliak
čmeliak	N;ESS(PL,MASC,INAN);sla	čmeliacích
čmeliak	N;INS(PL,MASC,INAN);sla	čmeliak
presnoriť	V;PRS;IND;IPFV;2;SG;sla	presnoríš
presnoriť	V;PRS;IND;PFV;2;SG;sla	presnoriš
presnoriť	V;PST;IND;IPFV;3;SG;MASC;sla	presnoril
presnoriť	V;COND;PRS;IPFV;3;SG;MASC;sla	presnoril by odzátvorkúvali
presnoriť	V;PST;IND;PFV;2;SG;MASC;sla	presnoril si
presnoriť	V;COND;PRS;PFV;2;SG;MASC;sla	presnoril by si prizbrojil
presnoriť	V;COND;PST;PFV;3;SG;MASC;sla	bol by presnoril
presnoriť	V;PST;IND;NEG;IPFV;1;SG;NEUT;sla	nepresnorilo som
presnoriť	V;COND;PRS;NEG;IPFV;1;SG;NEUT;sla	nepresnorila
presnoriť	V;COND;PST;NEG;IPFV;1;SG;NEUT;sla	nebylo bych presnorilo
presnoriť	V;COND;PST;NEG;PFV;2;SG;NEUT;sla	nebolo by si presnorilo
presnoriť	V.PTCP;PASS;NEG;PFV;ACC;NOM(3,SG,FEM);sla	nepresnorinú
presnoriť	V.PTCP;PASS;NEG;PFV;NOM;NOM(3,PL,FEM);sla	nepresnorené
presnoriť	V.PTCP;PASS;NEG;IPFV;NOM;NOM(3,SG,NEUT);sla	nepresnorené
presnoriť	V;PRS;IND;IPFV;3;PL;sla	presnora
presnoriť	V;PRS;IND;PFV;3;PL;sla	presnorijú
presnoriť	V.PTCP;PASS;PFV;NOM;NOM(3,SG,MASC,ANIM);sla	presnoriný
presnoriť	V.PTCP;PASS;PFV;NOM;NOM(3,PL,FEM);sla	presnoriné
presnoriť	V;NFIN;NEG;IPFV;sla	nepresnoriť
presnoriť	V.PTCP;PASS;PFV;NOM;NOM(3,PL,MASC,INAN);sla	presnorené
presnoriť	V;IMP;NEG;IPFV;1;PL;sla	nepresnorme
presnoriť	V;PST;IND;NEG;IPFV;3;PL;MASC;ANIM;sla	nepresnorili
presnoriť	V;PST;IND;NEG;IPFV;2;PL;MASC;ANIM;sla	nepresnorili ste
presnoriť	V;COND;PST;NEG;IPFV;1;PL;MASC;ANIM;sla	neboli by sme presnorili
presnoriť	V;PST;IND;NEG;PFV;3;PL;MASC;ANIM;sla	nepresnorili
presnoriť	V;PST;IND;NEG;PFV;1;PL;MASC;ANIM;sla	nepresnorili sme
presnoriť	V;COND;PRS;NEG;PFV;1;PL;MASC;ANIM;sla	nepresnorili by sme
presnoriť	V;COND;PRS;NEG;PFV;2;PL;MASC;ANIM;sla	nepresnorili by ste
presnoriť	V;COND;PRS;NEG;IPFV;1;PL;MASC;INAN;sla	nepresnorili by sme
presnoriť	V;COND;PRS;NEG;IPFV;2;PL;MASC;INAN;sla	nepresnorili by ste
presnoriť	V;PST;IND;NEG;PFV;2;PL;MASC;INAN;sla	nepresnorili ste
presnoriť	V;COND;PRS;NEG;PFV;1;PL;MASC;INAN;sla	nepresnorili by sme
presnoriť	V;COND;PST;NEG;PFV;3;PL;MASC;INAN;sla	nebyly by presnorili
presnoriť	V;PST;IND;NEG;IPFV;1;PL;FEM;sla	nepresnorili sme
presnoriť	V;COND;PST;NEG;IPFV;3;PL;FEM;sla	neboli by presnorili
presnoriť	V;COND;PRS;NEG;PFV;2;PL;FEM;sla	nepresnorili by ste
presnoriť	V;COND;PST;NEG;PFV;1;PL;FEM;sla	nebpresnorili
presnoriť	V;PST;IND;NEG;IPFV;2;PL;NEUT;sla	nepresnorili ste
presnoriť	V;COND;PRS;NEG;IPFV;3;PL;NEUT;sla	nepresnorili by
presnoriť	V;COND;PRS;NEG;IPFV;1;PL;NEUT;sla	nepresnorili by sme
presnoriť	V;COND;PST;NEG;IPFV;1;PL;NEUT;sla	neboli by sme presnorili
presnoriť	V;PST;IND;NEG;PFV;3;PL;NEUT;sla	nepresnorili
presnoriť	V;COND;PRS;NEG;PFV;2;PL;NEUT;sla	nepresnorili by ste
presnoriť	V;COND;PST;IPFV;1;SG;NEUT;sla	bolo by som presnorilo
presnoriť	V;COND;PRS;PFV;1;SG;NEUT;sla	presnorilo by som prizbrojilo
presnoriť	V.PTCP;PASS;NEG;PFV;NOM;NOM(3,PL,MASC,INAN);sla	nepresnoriné
presnoriť	V;PST;IND;IPFV;2;PL;MASC;ANIM;sla	presnorili ste
presnoriť	V;COND;PRS;IPFV;1;PL;MASC;ANIM;sla	presnorili by sme
presnoriť	V;COND;PRS;IPFV;2;PL;MASC;ANIM;sla	presnorili by ste
presnoriť	V;COND;PST;IPFV;3;PL;MASC;ANIM;sla	boli by presnorili
presnoriť	V;PST;IND;PFV;3;PL;MASC;ANIM;sla	presnorili
presnoriť	V;COND;PRS;PFV;2;PL;MASC;ANIM;sla	presnorili by ste
presnoriť	V;PST;IND;IPFV;1;PL;MASC;INAN;sla	presnorili sme
presnoriť	V;COND;PRS;IPFV;1;PL;MASC;INAN;sla	presnorili by sme
presnoriť	V;PST;IND;PFV;2;PL;MASC;INAN;sla	presnorili ste
presnoriť	V;COND;PST;PFV;2;PL;MASC;INAN;sla	boli by ste presnorili
presnoriť	V;COND;PRS;PFV;2;PL;FEM;sla	presnorili by ste
presnoriť	V;COND;PST;PFV;3;PL;FEM;sla	boli by presnorili
presnoriť	V;COND;PRS;IPFV;3;PL;NEUT;sla	presnorili by
presnoriť	V;COND;PST;IPFV;3;PL;NEUT;sla	boli by presnorili
presnoriť	V;COND;PST;IPFV;2;PL;NEUT;sla	boli by ste presnorili
presnoriť	V;PST;IND;PFV;3;PL;NEUT;sla	presnorili
presnoriť	V;PST;IND;PFV;2;PL;NEUT;sla	presnorili ste
presnoriť	V;COND;PRS;PFV;3;PL;NEUT;sla	presnorili by
presnoriť	V;COND;PRS;PFV;1;PL;NEUT;sla	presnorili by sme
presnoriť	V;COND;PST;PFV;2;PL;NEUT;sla	boli by ste presnorili
presnoriť	V.PTCP;PASS;NEG;IPFV;NOM;NOM(3,PL,MASC,ANIM);sla	nepresnoriní
presnoriť	V;FUT;IND;NEG;IPFV;2;SG;sla	nebudeš presnoriť
presnoriť	V;PST;IND;IPFV;1;SG;FEM;sla	presnorila som
presnoriť	V;COND;PRS;IPFV;3;SG;FEM;sla	presnorila by odzátvorkovávalo
presnoriť	V;COND;PRS;IPFV;2;SG;FEM;sla	presnorila by si zlinearizovával
presnoriť	V;PST;IND;PFV;3;SG;FEM;sla	presnorila
presnoriť	V;COND;PRS;PFV;2;SG;FEM;sla	presnorila by si zakoncipúvala
presnoriť	V;COND;PST;PFV;3;SG;FEM;sla	bola by presnorila
presnoriť	V.PTCP;PASS;NEG;IPFV;NOM;NOM(3,SG,MASC,ANIM);sla	nepresnoriný
presnoriť	V.PTCP;PASS;NEG;PFV;NOM;NOM(3,SG,MASC,ANIM);sla	nepresnoriný
presnoriť	V;COND;PRS;NEG;IPFV;3;SG;FEM;sla	nepresnorila by oštipovávala
presnoriť	V;COND;PST;NEG;IPFV;1;SG;FEM;sla	nebyla bych presnorila
presnoriť	V;COND;PST;NEG;IPFV;2;SG;FEM;sla	nebola by si presnorila
presnoriť	V;COND;PST;NEG;PFV;2;SG;FEM;sla	nebyla bys presnorila
presnoriť	V;COND;PRS;NEG;IPFV;1;SG;MASC;sla	nepresnoril by som prizbrojila
presnoriť	V;COND;PRS;NEG;IPFV;2;SG;MASC;sla	nepresnoril by si zakoncipúvala
presnoriť	V;COND;PST;NEG;IPFV;1;SG;MASC;sla	nebyl bych presnoril
presnoriť	V;PST;IND;NEG;PFV;2;SG;MASC;sla	nepresnoril si
presnoriť	V;COND;PRS;NEG;PFV;3;SG;MASC;sla	nepresnoril
presnoriť	V;COND;PRS;NEG;PFV;2;SG;MASC;sla	nepresnoril by si nahorovával
presnoriť	V;PRS;IND;NEG;PFV;1;PL;sla	nepresnoríme
presnoriť	V.PTCP;PASS;IPFV;NOM;NOM(3,SG,FEM);sla	presnoriná
presnoriť	V.PTCP;PASS;PFV;NOM;NOM(3,SG,FEM);sla	presnoriná
presnoriť	V;PRS;IND;NEG;PFV;2;SG;sla	nepresnoríš
trióda	N;DAT(PL,FEM);sla	triódám
trióda	N;GEN(SG,FEM);sla	triódy
plečkúvateľnosť	N;VOC(SG,FEM);sla	plečkúvateľnosť
plečkúvateľnosť	N;INS(PL,FEM);sla	plečkúvateľnosťami
plečkúvateľnosť	N;NOM(PL,FEM);sla	plečkúvateľnosti
plečkúvateľnosť	N;VOC(PL,FEM);sla	plečkúvateľnosti
opentliteľný	ADJ;GEN(SG,MASC,ANIM);sla	opentliteľného
opentliteľný	ADJ;GEN(SG,NEUT);sla	opentliteľného
opentliteľný	ADJ;INS(PL,FEM);sla	opentliteľnými
opentliteľný	ADJ;CMPR;VOC(SG,FEM);sla	opentliteľnejšia
opentliteľný	ADJ;NOM(SG,FEM);sla	opentliteľná
opentliteľný	ADJ;VOC(SG,FEM);sla	opentliteľná
opentliteľný	ADJ;CMPR;DAT(PL,MASC,INAN);sla	opentliteľnejším
opentliteľný	ADJ;CMPR;INS(SG,NEUT);sla	opentliteľnejším
opentliteľný	ADJ;CMPR;DAT(PL,NEUT);sla	opentliteľnejším
opentliteľný	ADJ;CMPR;DAT(PL,FEM);sla	opentliteľnejším
opentliteľný	ADJ;VOC(SG,MASC,ANIM);sla	opentliteľný
opentliteľný	ADJ;VOC(PL,MASC,INAN);sla	opentliteľné
opentliteľný	ADJ;NOM(SG,NEUT);sla	opentliteľné
opentliteľný	ADJ;NOM(PL,NEUT);sla	opentliteľné
opentliteľný	ADJ;CMPR;DAT(SG,NEUT);sla	opentliteľnejšiemu
opentliteľný	ADJ;SPRL;DAT(SG,NEUT);sla	nejopentliteľnejšiemu
opentliteľný	ADJ;SPRL;ESS(SG,MASC,ANIM);sla	nejopentliteľnejšom
opentliteľný	ADJ;CMPR;ESS(SG,NEUT);sla	opentliteľnejšom
opentliteľný	ADJ;INS(SG,MASC,INAN);sla	opentliteľným
opentliteľný	ADJ;DAT(PL,MASC,INAN);sla	opentliteľným
opentliteľný	ADJ;DAT(SG,FEM);sla	opentliteľnej
opentliteľný	ADJ;CMPR;INS(PL,MASC,ANIM);sla	opentliteľnejšími
opentliteľný	ADJ;SPRL;INS(PL,MASC,ANIM);sla	nejopentliteľnejšími
opentliteľný	ADJ;CMPR;INS(PL,MASC,INAN);sla	opentliteľnejšími
opentliteľný	ADJ;CMPR;INS(PL,FEM);sla	opentliteľnejšími
opentliteľný	ADJ;SPRL;INS(PL,FEM);sla	nejopentliteľnejšími
opentliteľný	ADJ;VOC(PL,MASC,ANIM);sla	opentliteľní
opentliteľný	ADJ;SPRL;GEN(PL,MASC,ANIM);sla	nejopentliteľnejších
opentliteľný	ADJ;CMPR;ACC(PL,MASC,ANIM);sla	opentliteľnejších
opentliteľný	ADJ;CMPR;ESS(PL,MASC,INAN);sla	opentliteľnejších
opentliteľný	ADJ;SPRL;ESS(PL,MASC,INAN);sla	nejopentliteľnejších
opentliteľný	ADJ;CMPR;ESS(PL,NEUT);sla	opentliteľnejších
opentliteľný	ADJ;CMPR;GEN(PL,FEM);sla	opentliteľnejších
opentliteľný	ADJ;CMPR;ESS(PL,FEM);sla	opentliteľnejších
opentliteľný	ADJ;CMPR;NOM(SG,MASC,ANIM);sla	opentliteľnejší
opentliteľný	ADJ;SPRL;VOC(SG,MASC,ANIM);sla	nejopentliteľnejší
opentliteľný	ADJ;SPRL;ACC(SG,MASC,INAN);sla	nejopentliteľnejší
opentliteľný	ADJ;CMPR;VOC(SG,MASC,INAN);sla	opentliteľnejší
opentliteľný	ADJ;CMPR;VOC(PL,MASC,INAN);sla	opentliteľnejšie
opentliteľný	ADJ;SPRL;VOC(SG,NEUT);sla	najopentliteľnejšie
opentliteľný	ADJ;CMPR;NOM(PL,NEUT);sla	opentliteľnejšie
opentliteľný	ADJ;CMPR;VOC(PL,NEUT);sla	opentliteľnejšie
opentliteľný	ADJ;SPRL;VOC(PL,FEM);sla	nejopentliteľnejšie
opentliteľný	ADJ;ESS(PL,MASC,INAN);sla	opentliteľných
opentliteľný	ADJ;ESS(PL,FEM);sla	opentliteľných
opentliteľný	ADJ;SPRL;DAT(SG,FEM);sla	nejopentliteľnejšej
opentliteľný	ADJ;CMPR;GEN(SG,MASC,ANIM);sla	opentliteľnejšieho
opentliteľný	ADJ;DAT(SG,MASC,ANIM);sla	opentliteľnému
dĺž	N;DAT(PL,FEM);sla	dĺžm
dĺž	N;ESS(SG,FEM);sla	dĺž
dĺž	N;GEN(SG,FEM);sla	dĺž
dĺž	N;ESS(PL,FEM);sla	dĺžch
dĺž	N;ACC(SG,FEM);sla	dĺž
dĺž	N;VOC(SG,FEM);sla	dĺž
naväzovávaný	ADJ;ACC(SG,FEM);sla	naväzovávanou
naväzovávaný	ADJ;NOM(PL,MASC,INAN);sla	naväzovávané
naväzovávaný	ADJ;ACC(SG,NEUT);sla	naväzovávané
naväzovávaný	ADJ;ESS(SG,NEUT);sla	naväzovávanom
naväzovávaný	ADJ;CMPR;ESS(SG,MASC,ANIM);sla	naväzovávanějším
naväzovávaný	ADJ;SPRL;ESS(SG,MASC,ANIM);sla	nejnaväzovávanějším
naväzovávaný	ADJ;CMPR;ESS(SG,MASC,INAN);sla	naväzovávanějším
naväzovávaný	ADJ;SPRL;DAT(SG,MASC,ANIM);sla	nejnaväzovávanějšímu
naväzovávaný	ADJ;INS(PL,NEUT);sla	naväzovávanými
naväzovávaný	ADJ;INS(PL,FEM);sla	naväzovávanými
naväzovávaný	ADJ;ACC(SG,MASC,ANIM);sla	naväzovávaného
naväzovávaný	ADJ;NOM(SG,MASC,ANIM);sla	naväzovávaný
naväzovávaný	ADJ;SPRL;INS(SG,MASC,ANIM);sla	nejnaväzovávanějším
naväzovávaný	ADJ;SPRL;DAT(PL,MASC,ANIM);sla	najnaväzovávanějším
naväzovávaný	ADJ;SPRL;INS(SG,MASC,INAN);sla	nejnaväzovávanějším
naväzovávaný	ADJ;SPRL;INS(SG,NEUT);sla	nejnaväzovávanejším
naväzovávaný	ADJ;SPRL;DAT(PL,NEUT);sla	najnaväzovávanejším
naväzovávaný	ADJ;SPRL;NOM(SG,FEM);sla	nejnaväzovávanejšia
naväzovávaný	ADJ;VOC(SG,FEM);sla	naväzovávaná
naväzovávaný	ADJ;CMPR;NOM(SG,MASC,ANIM);sla	naväzovávanejší
naväzovávaný	ADJ;CMPR;NOM(SG,MASC,INAN);sla	naväzovávanejší
naväzovávaný	ADJ;SPRL;NOM(SG,MASC,INAN);sla	nejnaväzovávanější
naväzovávaný	ADJ;SPRL;VOC(SG,MASC,INAN);sla	nejnaväzovávanější
naväzovávaný	ADJ;SPRL;NOM(PL,MASC,ANIM);sla	nejnaväzovávanejší
naväzovávaný	ADJ;CMPR;GEN(PL,MASC,ANIM);sla	naväzovávanějších
naväzovávaný	ADJ;SPRL;ACC(PL,MASC,ANIM);sla	nejnaväzovávanejších
naväzovávaný	ADJ;CMPR;ESS(PL,MASC,ANIM);sla	naväzovávanejších
naväzovávaný	ADJ;SPRL;ESS(PL,MASC,INAN);sla	nejnaväzovávanějších
naväzovávaný	ADJ;CMPR;ESS(PL,NEUT);sla	naväzovávanějších
naväzovávaný	ADJ;SPRL;NOM(SG,NEUT);sla	nejnaväzovávanější
naväzovávaný	ADJ;SPRL;NOM(PL,NEUT);sla	nejnaväzovávanejšie
naväzovávaný	ADJ;CMPR;ACC(PL,NEUT);sla	naväzovávanější
naväzovávaný	ADJ;SPRL;NOM(PL,FEM);sla	najnaväzovávanejšie
naväzovávaný	ADJ;GEN(PL,FEM);sla	naväzovávaných
naväzovávaný	ADJ;ESS(PL,FEM);sla	naväzovávaných
naväzovávaný	ADJ;SPRL;DAT(SG,FEM);sla	nejnaväzovávanější
naväzovávaný	ADJ;CMPR;ESS(SG,FEM);sla	naväzovávanější
naväzovávaný	ADJ;DAT(SG,MASC,INAN);sla	naväzovávanému
naväzovávaný	ADJ;DAT(SG,NEUT);sla	naväzovávanému
naväzovávaný	ADJ;CMPR;GEN(SG,NEUT);sla	naväzovávanějšího
naväzovávaný	ADJ;INS(SG,MASC,ANIM);sla	naväzovávaným
naväzovávaný	ADJ;DAT(PL,MASC,ANIM);sla	naväzovávaným
naväzovávaný	ADJ;DAT(PL,MASC,INAN);sla	naväzovávaným
naväzovávaný	ADJ;DAT(PL,FEM);sla	naväzovávaným
naväzovávaný	ADJ;CMPR;INS(PL,MASC,ANIM);sla	naväzovávanějšími
naväzovávaný	ADJ;CMPR;INS(PL,MASC,INAN);sla	naväzovávanějšími
naväzovávaný	ADJ;SPRL;INS(PL,MASC,INAN);sla	nejnaväzovávanějšími
naväzovávaný	ADJ;SPRL;INS(PL,FEM);sla	nejnaväzovávanějšími
dotekaný	ADJ;ACC(SG,FEM);sla	dotekanou
dotekaný	ADJ;NOM(PL,MASC,INAN);sla	dotekané
dotekaný	ADJ;VOC(SG,NEUT);sla	dotekané
dotekaný	ADJ;VOC(PL,FEM);sla	dotekané
dotekaný	ADJ;ESS(SG,MASC,ANIM);sla	dotekanom
dotekaný	ADJ;CMPR;ACC(SG,FEM);sla	dotekanejšiu
dotekaný	ADJ;INS(SG,FEM);sla	dotekanou
dotekaný	ADJ;CMPR;ESS(SG,MASC,ANIM);sla	dotekanejšom
dotekaný	ADJ;CMPR;ESS(SG,NEUT);sla	dotekanejšom
dotekaný	ADJ;CMPR;DAT(SG,MASC,ANIM);sla	dotekanejšiemu
dotekaný	ADJ;SPRL;DAT(SG,MASC,ANIM);sla	nejdotekanejšiemu
dotekaný	ADJ;INS(PL,MASC,INAN);sla	dotekanými
dotekaný	ADJ;INS(PL,FEM);sla	dotekanými
dotekaný	ADJ;GEN(SG,MASC,ANIM);sla	dotekaného
dotekaný	ADJ;GEN(SG,MASC,INAN);sla	dotekaného
dotekaný	ADJ;VOC(SG,MASC,ANIM);sla	dotekaný
dotekaný	ADJ;NOM(SG,MASC,INAN);sla	dotekaný
dotekaný	ADJ;VOC(SG,MASC,INAN);sla	dotekaný
dotekaný	ADJ;SPRL;INS(SG,MASC,ANIM);sla	nejdotekanějším
dotekaný	ADJ;SPRL;INS(SG,MASC,INAN);sla	nejdotekanějším
dotekaný	ADJ;CMPR;INS(SG,NEUT);sla	dotekanějším
dotekaný	ADJ;SPRL;INS(SG,NEUT);sla	nejdotekanejším
dotekaný	ADJ;CMPR;DAT(PL,FEM);sla	dotekanějším
dotekaný	ADJ;CMPR;VOC(SG,FEM);sla	dotekanejšia
dotekaný	ADJ;SPRL;VOC(SG,FEM);sla	nejdotekanější
dotekaný	ADJ;NOM(SG,FEM);sla	dotekaná
dotekaný	ADJ;VOC(SG,FEM);sla	dotekaná
dotekaný	ADJ;CMPR;NOM(SG,MASC,ANIM);sla	dotekanější
dotekaný	ADJ;SPRL;NOM(SG,MASC,ANIM);sla	nejdotekanější
dotekaný	ADJ;CMPR;ACC(SG,MASC,INAN);sla	dotekanejší
dotekaný	ADJ;SPRL;VOC(SG,MASC,INAN);sla	nejdotekanejší
dotekaný	ADJ;CMPR;NOM(PL,MASC,ANIM);sla	dotekanejší
dotekaný	ADJ;SPRL;NOM(PL,MASC,ANIM);sla	nejdotekanejší
dotekaný	ADJ;CMPR;VOC(PL,MASC,ANIM);sla	dotekanejší
dotekaný	ADJ;SPRL;VOC(PL,MASC,ANIM);sla	nejdotekanější
dotekaný	ADJ;CMPR;GEN(PL,MASC,ANIM);sla	dotekanějších
dotekaný	ADJ;SPRL;GEN(PL,MASC,ANIM);sla	nejdotekanějších
dotekaný	ADJ;CMPR;ACC(PL,MASC,ANIM);sla	dotekanejších
dotekaný	ADJ;SPRL;NOM(PL,MASC,INAN);sla	nejdotekanejšie
dotekaný	ADJ;CMPR;VOC(SG,NEUT);sla	dotekanější
dotekaný	ADJ;SPRL;VOC(PL,NEUT);sla	nejdotekanější
dotekaný	ADJ;CMPR;VOC(PL,FEM);sla	dotekanější
dotekaný	ADJ;SPRL;VOC(PL,FEM);sla	nejdotekanější
dotekaný	ADJ;NOM(PL,MASC,ANIM);sla	dotekaní
dotekaný	ADJ;GEN(PL,MASC,ANIM);sla	dotekaných
dotekaný	ADJ;ESS(PL,MASC,INAN);sla	dotekaných
dotekaný	ADJ;GEN(PL,FEM);sla	dotekaných
dotekaný	ADJ;CMPR;GEN(SG,FEM);sla	dotekanejšej
dotekaný	ADJ;CMPR;DAT(SG,FEM);sla	dotekanější
dotekaný	ADJ;CMPR;GEN(SG,MASC,ANIM);sla	dotekanejšieho
dotekaný	ADJ;SPRL;GEN(SG,MASC,INAN);sla	najdotekanejšieho
dotekaný	ADJ;CMPR;GEN(SG,NEUT);sla	dotekanejšieho
dotekaný	ADJ;SPRL;GEN(SG,NEUT);sla	nejdotekanějšího
dotekaný	ADJ;DAT(PL,MASC,ANIM);sla	dotekaným
dotekaný	ADJ;DAT(PL,NEUT);sla	dotekaným
dotekaný	ADJ;GEN(SG,FEM);sla	dotekanej
dotekaný	ADJ;DAT(SG,FEM);sla	dotekanej
dotekaný	ADJ;CMPR;INS(SG,FEM);sla	dotekanejšou
dotekaný	ADJ;CMPR;INS(PL,MASC,ANIM);sla	dotekanějšími
dotekaný	ADJ;CMPR;INS(PL,MASC,INAN);sla	dotekanejšími
dotekaný	ADJ;SPRL;INS(PL,NEUT);sla	nejdotekanějšími
dotekaný	ADJ;SPRL;INS(PL,FEM);sla	nejdotekanějšími
odľahčovateľnosť	N;ESS(SG,FEM);sla	odľahčovateľnosti
odľahčovateľnosť	N;ESS(PL,FEM);sla	odľahčovateľnostiach
odľahčovateľnosť	N;INS(SG,FEM);sla	odľahčovateľnosťou
odľahčovateľnosť	N;DAT(PL,FEM);sla	odľahčovateľnostiam
plěś	V;PST;1;DU;sla	plějachmej
plěś	V;PST;1;PL;sla	plějachmy
plěś	V;PST;3;PL;sla	plěchu
plěś	V;PST;2;SG;sla	plějašo
plěś	V;PST;3;DU;sla	plějaštej
plěś	V;PRS;1;PL;sla	plěmy
plěś	V;PRS;2;DU;sla	plějotej
plěś	V;PRS;3;SG;sla	plě
plěś	V;IMP;2;PL;sla	plěśo
plěś	V;IMP;2;DU;sla	plějtej
cuś	V;PST;3;PL;sla	cujachu
cuś	V;PST;1;SG;sla	cujach
cuś	V;PST;2;PL;sla	cujašćo
cuś	V;PST;2;DU;sla	cuštej
cuś	V;PST;3;DU;sla	cuštej
cuś	V;PRS;1;DU;sla	cumej
cuś	V;PRS;2;PL;sla	cujośo
cuś	V;PRS;3;DU;sla	cujotej
cuś	V;PRS;3;SG;sla	cjo
cuś	V;IMP;2;PL;sla	cujśo
cuś	V;IMP;2;DU;sla	citej
cuś	V;PRS;1;SG;sla	cuju
gibanje	N;INS(PL);sla	gibanjami
gibanje	N;GEN(SG);sla	gibanja
gibanje	N;NOM(PL);sla	gibanja
gibanje	N;DAT(SG);sla	gibanjeju
gibanje	N;ACC(SG);sla	gibanje
gibanje	N;NOM(SG);sla	gibanje
gibanje	N;DAT(DU);sla	gibanjoma
gibanje	N;ESS(DU);sla	gibanjoma
gibanje	N;GEN(PL);sla	gibanjow
gibanje	N;ESS(SG);sla	gibanju
śańki	ADJ;NOM(SG,FEM);sla	śańka
śańki	ADJ;ACC(SG,NEUT);sla	śańke
śańki	ADJ;GEN(SG,NEUT);sla	śańkego
śańki	ADJ;DAT(SG,FEM);sla	śańkiej
śańki	ADJ;NOM(DU);sla	śańkej
śańki	ADJ;INS(SG,FEM);sla	śańką
śańki	ADJ;DAT(SG,MASC);sla	śańkiemu
śańki	ADJ;NOM(SG,MASC);sla	śańki
śańki	ADJ;ESS(PL);sla	śańkich
śańki	ADJ;GEN(PL);sla	śańkich
śańki	ADJ;DAT(DU);sla	śańkima
śańki	ADJ;ESS(DU);sla	śańkima
śańki	ADJ;INS(SG,MASC);sla	śańkim
cas	N;ESS(PL);sla	cach
cas	N;ACC(DU);sla	casowu
cas	N;GEN(SG);sla	casa
cas	N;NOM(DU);sla	ca
cas	N;NOM(SG);sla	cas
cas	N;DAT(DU);sla	coma
cas	N;ESS(DU);sla	coma
cas	N;INS(DU);sla	coma
cas	N;INS(SG);sla	com
śichy	ADJ;ACC(SG,NEUT);sla	śiche
śichy	ADJ;ACC(PL,INAN);sla	śiche
śichy	ADJ;ACC(SG,MASC,ANIM);sla	śichego
śichy	ADJ;ACC(DU,INAN);sla	śichej
śichy	ADJ;DAT(SG,FEM);sla	śichej
śichy	ADJ;GEN(SG,FEM);sla	śicheje
śichy	ADJ;ACC(DU,ANIM);sla	śicheju
śichy	ADJ;ESS(SG,MASC);sla	śichem
śichy	ADJ;ESS(SG,NEUT);sla	śichem
śichy	ADJ;ACC(PL,ANIM);sla	śichych
śichy	ADJ;ESS(PL);sla	śichych
śichy	ADJ;ESS(DU);sla	śichyma
śichy	ADJ;INS(DU);sla	śichyma
śichy	ADJ;DAT(PL);sla	śichym
śichy	ADJ;INS(PL);sla	śichymi
gjardło	N;ACC(PL);sla	gjardła
gjardło	N;NOM(PL);sla	gjardła
gjardło	N;ESS(SG);sla	gjardle
gjardło	N;DAT(SG);sla	gjardłoju
gjardło	N;INS(SG);sla	gjardłom
gjardło	N;NOM(SG);sla	gjardło
gjardło	N;GEN(PL);sla	gjardłow
gjardło	N;GEN(DU);sla	gjardłowu
bóleś	V;PST;1;DU;sla	bólechmej
bóleś	V;PST;3;PL;sla	bólechu
bóleś	V;PST;1;SG;sla	bólech
bóleś	V;PST;2;SG;sla	bólešo
bóleś	V;PST;3;DU;sla	bóleštej
bóleś	V;PRS;1;DU;sla	bólimej
bóleś	V;PRS;2;PL;sla	bóliśo
bóleś	V;PRS;2;DU;sla	bólitej
bóleś	V;IMP;2;SG;sla	bóldaj
kśiwy	ADJ;NOM(SG,FEM);sla	kśiwa
kśiwy	ADJ;ACC(SG,NEUT);sla	kśiwe
kśiwy	ADJ;NOM(SG,NEUT);sla	kśiwe
kśiwy	ADJ;ACC(SG,MASC,ANIM);sla	kśiwego
kśiwy	ADJ;GEN(SG,MASC);sla	kśiwego
kśiwy	ADJ;ACC(DU,INAN);sla	kśiwej
kśiwy	ADJ;ESS(SG,FEM);sla	kśiwej
kśiwy	ADJ;GEN(SG,FEM);sla	kśiwej
kśiwy	ADJ;ACC(DU,ANIM);sla	kśiweju
kśiwy	ADJ;GEN(DU);sla	kśiweju
kśiwy	ADJ;INS(SG,FEM);sla	kśiwą
kśiwy	ADJ;ESS(SG,NEUT);sla	kśiwym
kśiwy	ADJ;DAT(SG,MASC);sla	kśiwemu
kśiwy	ADJ;DAT(SG,NEUT);sla	kśiwemu
kśiwy	ADJ;ACC(SG,FEM);sla	kśiwą
kśiwy	ADJ;ACC(PL,ANIM);sla	kśiwych
kśiwy	ADJ;ESS(PL);sla	kśiwych
kśiwy	ADJ;INS(DU);sla	kśiwyma
kśiwy	ADJ;INS(PL);sla	kśiwymi
sykorka	N;ACC(DU);sla	sykorce
sykorka	N;INS(DU);sla	sykorkoma
sykorka	N;GEN(DU);sla	sykorkowu
sykorka	N;ACC(SG);sla	sykorkę
kawka	N;ACC(DU);sla	kawce
kawka	N;ESS(SG);sla	kawce
kawka	N;NOM(DU);sla	kawce
kawka	N;NOM(SG);sla	kawka
kawka	N;NOM(PL);sla	kawki
kawka	N;DAT(DU);sla	kawkoma
kawka	N;ESS(DU);sla	kawkoma
kawka	N;INS(DU);sla	kawkoma
kawka	N;INS(SG);sla	kawką
brona	N;INS(PL);sla	bronami
brona	N;ACC(DU);sla	bronje
brona	N;DAT(SG);sla	bronie
brona	N;NOM(DU);sla	bronje
brona	N;INS(DU);sla	bronoma
brona	N;GEN(PL);sla	bron
brona	N;INS(SG);sla	broną
wos	N;NOM(SG);sla	wos
gus	N;ESS(PL);sla	gusach
gus	N;INS(PL);sla	gusami
gus	N;DAT(PL);sla	gusom
gus	N;NOM(SG);sla	gus
gus	N;ESS(DU);sla	gusoma
gus	N;ACC(DU);sla	gusowu
gus	N;DAT(SG);sla	gusowi
gus	N;ESS(SG);sla	gusie
gus	N;GEN(SG);sla	gusu
gus	N;NOM(PL);sla	gusy
wodka	N;ESS(SG);sla	wodce
bydlenje	N;NOM(DU);sla	bydleni
bydlenje	N;INS(PL);sla	bydlenjami
bydlenje	N;NOM(PL);sla	bydlenja
bydlenje	N;DAT(SG);sla	bydlenjeju
bydlenje	N;ACC(SG);sla	bydlenje
bydlenje	N;DAT(DU);sla	bydlenjoma
bydlenje	N;INS(DU);sla	bydlenjoma
bydlenje	N;GEN(PL);sla	bydlenjow
bydlenje	N;GEN(DU);sla	bydlenjowu
gotowy	ADJ;ACC(DU,ANIM);sla	gotoweju
bobr	N;ESS(PL);sla	bobrach
bobr	N;DAT(PL);sla	bobrom
bobr	N;GEN(SG);sla	bobra
bobr	N;NOM(SG);sla	bobr
bobr	N;ESS(DU);sla	bobroma
bobr	N;INS(DU);sla	bobroma
bobr	N;INS(SG);sla	bobrem
bobr	N;GEN(DU);sla	bobrowu
bobr	N;ACC(PL);sla	bobry
bobr	N;NOM(PL);sla	bobry
kupadło	N;INS(PL);sla	kupadłami
kupadło	N;DAT(PL);sla	kupadłom
kupadło	N;ACC(PL);sla	kupadła
kupadło	N;GEN(SG);sla	kupadła
kupadło	N;NOM(PL);sla	kupadła
kupadło	N;DAT(DU);sla	kupadłoma
kupadło	N;ESS(DU);sla	kupadłoma
kupadło	N;INS(SG);sla	kupadłem
kupadło	N;ACC(SG);sla	kupadło
kupadło	N;NOM(SG);sla	kupadło
kupadło	N;GEN(PL);sla	kupadłow
kupadło	N;GEN(DU);sla	kupadłowu
mech	N;ESS(SG);sla	mechu
módry	ADJ;GEN(PL);sla	módrych
jež	N;ESS(PL);sla	ježach
jež	N;INS(PL);sla	ježami
jež	N;DAT(PL);sla	ježam
jež	N;ACC(SG);sla	ježa
jež	N;GEN(SG);sla	jež
jež	N;NOM(DU);sla	jež
jež	N;DAT(SG);sla	ježoju
jež	N;DAT(DU);sla	ježoma
jež	N;ESS(DU);sla	ježoma
jež	N;INS(SG);sla	ježom
jež	N;ESS(SG);sla	ježu
mjod	N;ESS(PL);sla	mjodach
mjod	N;GEN(SG);sla	mjoda
mjod	N;NOM(SG);sla	mjod
mjod	N;DAT(DU);sla	mjodoma
mjod	N;GEN(DU);sla	mjodowu
mjod	N;ACC(PL);sla	mjody
elektrikaŕ	N;INS(PL);sla	elektrikarjami
elektrikaŕ	N;ACC(SG);sla	elektrikarja
elektrikaŕ	N;ACC(PL);sla	elektrikarje
elektrikaŕ	N;NOM(PL);sla	elektrikarje
elektrikaŕ	N;ACC(DU);sla	elektrikarjowu
elektrikaŕ	N;GEN(DU);sla	elektrikarjowu
elektrikaŕ	N;NOM(SG);sla	elektrikaŕ
lubowaś	V;PST;1;PL;sla	lubowachmy
lubowaś	V;PST;2;SG;sla	lubowašo
lubowaś	V;PRS;1;PL;sla	lubujomy
lubowaś	V;PRS;2;PL;sla	lubujośo
lubowaś	V;PRS;2;SG;sla	lubujoš
lubowaś	V;PRS;2;DU;sla	lubujotej
lubowaś	V;PRS;3;SG;sla	lubujo
lubowaś	V;IMP;2;PL;sla	lubujśo
lubowaś	V;PRS;1;SG;sla	lubuju
syty	ADJ;NOM(PL);sla	syte
syty	ADJ;GEN(SG,MASC);sla	sytego
syty	ADJ;GEN(SG,NEUT);sla	sytego
syty	ADJ;ACC(DU,INAN);sla	sytej
syty	ADJ;DAT(SG,FEM);sla	sytej
syty	ADJ;ESS(SG,FEM);sla	sytej
syty	ADJ;ACC(DU,ANIM);sla	syteju
syty	ADJ;INS(SG,FEM);sla	syteju
syty	ADJ;ESS(SG,MASC);sla	sytem
syty	ADJ;ESS(SG,NEUT);sla	sytem
syty	ADJ;DAT(SG,MASC);sla	sytemu
syty	ADJ;ACC(SG,MASC,INAN);sla	syty
syty	ADJ;ACC(PL,ANIM);sla	sytych
syty	ADJ;GEN(PL);sla	sytych
syty	ADJ;DAT(DU);sla	sytyma
syty	ADJ;ESS(DU);sla	sytyma
syty	ADJ;INS(PL);sla	sytymi
kazń	N;ACC(DU);sla	kaznjowu
kazń	N;ACC(PL);sla	kaznje
kazń	N;NOM(DU);sla	kaznja
kazń	N;GEN(PL);sla	kaznjow
kazń	N;ACC(SG);sla	kazń
kazń	N;NOM(SG);sla	kazń
chory	ADJ;ACC(DU,INAN);sla	chorej
minutka	N;ACC(DU);sla	minutce
minutka	N;NOM(DU);sla	minutce
minutka	N;ESS(PL);sla	minutkach
minutka	N;INS(PL);sla	minutkami
minutka	N;ACC(PL);sla	minutki
minutka	N;NOM(PL);sla	minutki
minutka	N;GEN(PL);sla	minutkow
minutka	N;GEN(DU);sla	minutkowu
minutka	N;INS(SG);sla	minutku
łono	N;INS(PL);sla	łonami
łono	N;GEN(SG);sla	łona
łono	N;ACC(DU);sla	łonje
łono	N;ESS(SG);sla	łonie
łono	N;NOM(DU);sla	łonje
łono	N;DAT(DU);sla	łonoma
łono	N;INS(SG);sla	łonem
łono	N;ACC(SG);sla	łono
powrjoz	N;ESS(PL);sla	powrjozach
powrjoz	N;INS(PL);sla	powrjozami
powrjoz	N;GEN(SG);sla	powrjoza
powrjoz	N;NOM(DU);sla	powrjoza
powrjoz	N;ACC(PL);sla	powrjoze
powrjoz	N;ACC(SG);sla	powrjoz
powrjoz	N;NOM(SG);sla	powrjoz
powrjoz	N;DAT(SG);sla	powrjozoju
powrjoz	N;DAT(DU);sla	powrjozoma
powrjoz	N;ESS(DU);sla	powrjozoma
powrjoz	N;INS(DU);sla	powrjozoma
powrjoz	N;INS(SG);sla	powrjozom
powrjoz	N;GEN(PL);sla	powrjozow
powrjoz	N;ESS(SG);sla	powrjozu
morjo	N;GEN(PL);sla	morjow
kócka	N;NOM(SG);sla	kócka
pólack	N;DAT(PL);sla	pólackam
syry	ADJ;NOM(SG,NEUT);sla	syre
syry	ADJ;NOM(PL);sla	syre
syry	ADJ;ACC(SG,MASC,ANIM);sla	syrego
syry	ADJ;GEN(SG,NEUT);sla	syrego
syry	ADJ;ACC(DU,INAN);sla	syrej
syry	ADJ;DAT(SG,FEM);sla	syrej
syry	ADJ;NOM(DU);sla	syrej
syry	ADJ;INS(SG,FEM);sla	syrą
syry	ADJ;ESS(SG,NEUT);sla	syrem
syry	ADJ;ACC(SG,FEM);sla	syru
syry	ADJ;ACC(SG,MASC,INAN);sla	syry
syry	ADJ;ACC(PL,ANIM);sla	syrych
syry	ADJ;ESS(PL);sla	syrych
syry	ADJ;DAT(DU);sla	syryma
syry	ADJ;ESS(DU);sla	syryma
syry	ADJ;INS(DU);sla	syryma
syry	ADJ;INS(PL);sla	syrymi
crjowo	N;ESS(PL);sla	crjowach
crjowo	N;DAT(PL);sla	crjowam
crjowo	N;ACC(PL);sla	crjowa
crjowo	N;GEN(SG);sla	crjowa
crjowo	N;ACC(DU);sla	crjowje
crjowo	N;ESS(DU);sla	crjowoma
crjowo	N;INS(SG);sla	crjowom
crjowo	N;ACC(SG);sla	crjowo
crjowo	N;GEN(DU);sla	crjowowu
wós	N;NOM(PL);sla	wósy
wusmjerśowaś	V;PST;3;PL;sla	wusmjerśowachu
wusmjerśowaś	V;PST;2;PL;sla	wusmjerśowašćo
wusmjerśowaś	V;PST;2;SG;sla	wusmjerśowašo
wusmjerśowaś	V;PST;3;SG;sla	wusmjerśowašo
wusmjerśowaś	V;PST;2;DU;sla	wusmjerśowaštej
wusmjerśowaś	V;PST;3;DU;sla	wusmjerśowaštej
wusmjerśowaś	V;PRS;1;DU;sla	wusmjerśujomej
wusmjerśowaś	V;PRS;2;SG;sla	wusmjerśujoš
wusmjerśowaś	V;IMP;2;DU;sla	wusmjerśujtej
wusmjerśowaś	V;PRS;1;SG;sla	wusmjerśuju
znamje	N;NOM(PL);sla	znamjenja
znamje	N;DAT(DU);sla	znamjenjoma
znamje	N;GEN(PL);sla	znamjenjow
znamje	N;GEN(DU);sla	znamjenjowu
znamje	N;ESS(SG);sla	znamjenju
wósoba	N;ESS(PL);sla	wósobach
wósoba	N;DAT(PL);sla	wósobam
wósoba	N;NOM(SG);sla	wósoba
wósoba	N;ACC(DU);sla	wósobje
wósoba	N;ESS(SG);sla	wósobje
wósoba	N;INS(DU);sla	wósoboma
wósoba	N;GEN(DU);sla	wósobowu
wósoba	N;INS(SG);sla	wósobu
wósoba	N;ACC(PL);sla	wósoby
złoty	ADJ;ACC(PL,INAN);sla	złote
złoty	ADJ;NOM(PL);sla	złote
złoty	ADJ;ACC(SG,MASC,ANIM);sla	złotego
złoty	ADJ;GEN(SG,MASC);sla	złotego
złoty	ADJ;DAT(SG,FEM);sla	złotej
złoty	ADJ;NOM(DU);sla	złotej
złoty	ADJ;GEN(SG,FEM);sla	złoteje
złoty	ADJ;ACC(DU,ANIM);sla	złoteju
złoty	ADJ;INS(SG,FEM);sla	złoteju
złoty	ADJ;DAT(SG,MASC);sla	złotemu
złoty	ADJ;ACC(SG,MASC,INAN);sla	złoty
złoty	ADJ;ESS(DU);sla	złotyma
złoty	ADJ;INS(DU);sla	złotyma
złoty	ADJ;INS(SG,MASC);sla	złotym
złoty	ADJ;INS(SG,NEUT);sla	złotym
módry	ADJ;INS(DU);sla	módryma
kóza	N;ACC(DU);sla	kózy
garba	N;INS(PL);sla	garbami
garba	N;DAT(PL);sla	garbam
garba	N;NOM(SG);sla	garba
garba	N;ACC(DU);sla	garbje
garba	N;DAT(SG);sla	garbje
garba	N;ESS(SG);sla	garbje
garba	N;ESS(DU);sla	garboma
garba	N;INS(DU);sla	garboma
garba	N;GEN(SG);sla	garby
polo	N;DAT(DU);sla	poloma
módry	ADJ;DAT(SG,MASC);sla	módremu
źaržaś	V;PST;1;DU;sla	źaržachmej
źaržaś	V;PST;1;SG;sla	źaržach
źaržaś	V;PST;2;DU;sla	źaržaštej
źaržaś	V;PST;3;DU;sla	źaržaštej
źaržaś	V;IMP;2;SG;sla	źaržaj
źaržaś	V;PRS;1;SG;sla	źaržam
źaržaś	V;PRS;1;PL;sla	źaržamy
źaržaś	V;PRS;2;PL;sla	źaržaśo
źaržaś	V;PRS;2;DU;sla	źaržatej
źaržaś	V;PRS;3;DU;sla	źaržatej
wjas	N;ESS(PL);sla	wsach
wjas	N;DAT(DU);sla	wsoma
wjas	N;INS(DU);sla	wsoma
wjas	N;INS(SG);sla	wsom
wjas	N;DAT(SG);sla	wsoju
wjas	N;ESS(SG);sla	wjasie
wjas	N;NOM(PL);sla	wjasy
woda	N;NOM(SG);sla	woda
mola	N;GEN(PL);sla	molow
wugoŕ	N;ESS(PL);sla	wugorjach
wugoŕ	N;ACC(SG);sla	wugorja
wugoŕ	N;ACC(PL);sla	wugorje
wugoŕ	N;NOM(PL);sla	wugorje
wugoŕ	N;DAT(DU);sla	wugorjoma
wugoŕ	N;ESS(DU);sla	wugorjoma
wugoŕ	N;ACC(DU);sla	wugorjowu
wugoŕ	N;GEN(DU);sla	wugorjowu
wugoŕ	N;NOM(SG);sla	wugoŕ
njebjo	N;NOM(DU);sla	njebji
njebjo	N;ESS(PL);sla	njebjach
njebjo	N;ACC(PL);sla	njebja
njebjo	N;GEN(SG);sla	njebja
njebjo	N;NOM(PL);sla	njebja
njebjo	N;DAT(SG);sla	njebjoju
njebjo	N;ESS(DU);sla	njebjoma
njebjo	N;INS(DU);sla	njebjoma
njebjo	N;ACC(SG);sla	njebjo
njebjo	N;GEN(DU);sla	njebjowu
njebjo	N;ESS(SG);sla	njebju
fotografowaś	V;PST;1;PL;sla	fotografowachmy
fotografowaś	V;PST;3;PL;sla	fotografowachu
fotografowaś	V;PST;1;SG;sla	fotografowach
fotografowaś	V;PST;3;SG;sla	fotografowašo
fotografowaś	V;PRS;1;DU;sla	fotografujomej
fotografowaś	V;PRS;2;SG;sla	fotografujoš
fotografowaś	V;PRS;3;DU;sla	fotografujotej
fotografowaś	V;PRS;3;SG;sla	fotografujo
fotografowaś	V;IMP;2;DU;sla	fotografujtej
lažčejšy	ADJ;ACC(PL,INAN);sla	lažčejše
lažčejšy	ADJ;DAT(SG,FEM);sla	lažčejšej
lažčejšy	ADJ;NOM(DU);sla	lažčejšej
lažčejšy	ADJ;GEN(SG,FEM);sla	lažčejšej
lažčejšy	ADJ;ACC(DU,ANIM);sla	lažčejšeju
lažčejšy	ADJ;INS(SG,FEM);sla	lažčejšeju
lažčejšy	ADJ;ESS(SG,MASC);sla	lažčejšym
lažčejšy	ADJ;ESS(SG,NEUT);sla	lažčejšem
lažčejšy	ADJ;DAT(SG,NEUT);sla	lažčejšemu
lažčejšy	ADJ;ACC(SG,MASC,INAN);sla	lažčejšy
lažčejšy	ADJ;NOM(SG,MASC);sla	lažčejšy
lažčejšy	ADJ;ACC(PL,ANIM);sla	lažčejšych
lažčejšy	ADJ;DAT(DU);sla	lažčejšyma
lažčejšy	ADJ;INS(SG,MASC);sla	lažčejšym
lažčejšy	ADJ;INS(SG,NEUT);sla	lažčejšym
lažčejšy	ADJ;INS(PL);sla	lažčejšymi
běły	ADJ;ACC(PL,INAN);sla	běłe
běły	ADJ;NOM(SG,NEUT);sla	běłe
běły	ADJ;NOM(PL);sla	běłe
běły	ADJ;ESS(SG,FEM);sla	běłej
běły	ADJ;NOM(DU);sla	běłej
běły	ADJ;GEN(SG,FEM);sla	běłeje
běły	ADJ;ACC(DU,ANIM);sla	běłeju
běły	ADJ;DAT(SG,NEUT);sla	běłemu
běły	ADJ;ACC(SG,MASC,INAN);sla	běły
běły	ADJ;ACC(PL,ANIM);sla	běłych
běły	ADJ;ESS(PL);sla	běłych
běły	ADJ;DAT(DU);sla	běłyma
běły	ADJ;INS(DU);sla	běłyma
běły	ADJ;INS(SG,MASC);sla	běłym
běły	ADJ;INS(SG,NEUT);sla	běłym
pśigótowaś	V;PST;1;PL;sla	pśigótowachmy
pśigótowaś	V;PST;1;SG;sla	pśigótowach
pśigótowaś	V;PST;2;PL;sla	pśigótowašćo
pśigótowaś	V;PST;2;SG;sla	pśigótowašo
pśigótowaś	V;PRS;1;PL;sla	pśigótujomy
pśigótowaś	V;PRS;2;DU;sla	pśigótujotej
pśigótowaś	V;PRS;3;DU;sla	pśigótujotej
pśigótowaś	V;IMP;2;PL;sla	pśigótujśo
pśigótowaś	V;IMP;2;DU;sla	pśigótujtej
pśigótowaś	V;PRS;3;PL;sla	pśigótuju
radijo	N;NOM(PL);sla	radija
radijo	N;ACC(DU);sla	radiji
radijo	N;DAT(SG);sla	radijoju
radijo	N;DAT(DU);sla	radijoma
radijo	N;NOM(SG);sla	radijo
radijo	N;GEN(PL);sla	radijow
wucabnica	N;ESS(PL);sla	wucabnicach
wucabnica	N;GEN(SG);sla	wucabnice
wucabnica	N;NOM(PL);sla	wucabnice
wucabnica	N;GEN(PL);sla	wucabnicow
wucabnica	N;GEN(DU);sla	wucabnicowu
wucabnica	N;INS(SG);sla	wucabnicu
wucabnica	N;ESS(SG);sla	wucabnicy
wucabnica	N;NOM(DU);sla	wucabnicy
mačka	N;ACC(DU);sla	mačce
mačka	N;ESS(SG);sla	mačce
mačka	N;NOM(DU);sla	mačce
mačka	N;ESS(PL);sla	mačkach
mačka	N;INS(PL);sla	mačkami
mačka	N;ACC(PL);sla	mački
mačka	N;GEN(SG);sla	mački
mačka	N;ESS(DU);sla	mačkoma
mačka	N;GEN(PL);sla	mačk
mačka	N;GEN(DU);sla	mačkowu
mačka	N;ACC(SG);sla	mačkę
kocka	N;DAT(SG);sla	kocce
modry	ADJ;DAT(PL);sla	modrym
žyś	V;PST;1;DU;sla	žychmej
žyś	V;PST;1;SG;sla	žyjach
žyś	V;PST;3;SG;sla	žy
žyś	V;PST;3;DU;sla	žyštej
žyś	V;PRS;1;DU;sla	žyjomej
žyś	V;PRS;1;PL;sla	žyjomy
žyś	V;PRS;2;PL;sla	žyjośo
žyś	V;PRS;3;SG;sla	žyjo
žyś	V;PRS;3;PL;sla	žyju
nocka	N;ESS(PL);sla	nockach
nocka	N;ACC(PL);sla	nocki
nocka	N;NOM(PL);sla	nocki
nocka	N;DAT(DU);sla	nockoma
nocka	N;GEN(DU);sla	nockowu
chory	ADJ;ESS(DU);sla	choryma
nož	N;ESS(PL);sla	nožach
nož	N;DAT(PL);sla	nožam
nož	N;GEN(SG);sla	nož
nož	N;ACC(PL);sla	nože
nož	N;NOM(SG);sla	nož
nož	N;DAT(SG);sla	nožoju
nož	N;INS(SG);sla	nožom
nož	N;GEN(DU);sla	nožowu
nož	N;ESS(SG);sla	nožu
drozn	N;ACC(SG);sla	drozn
drozn	N;GEN(SG);sla	droznu
drozn	N;ESS(SG);sla	droznie
drozn	N;DAT(SG);sla	droznowi
drozn	N;INS(DU);sla	droznoma
drozn	N;INS(SG);sla	droznem
drozn	N;GEN(DU);sla	droznowu
drozn	N;NOM(PL);sla	drozny
modry	ADJ;GEN(PL);sla	modrych
kóza	N;GEN(PL);sla	kózow
babka	N;DAT(SG);sla	babce
babka	N;ESS(SG);sla	babce
babka	N;DAT(PL);sla	babkom
babka	N;ACC(PL);sla	babki
babka	N;DAT(DU);sla	babkoma
babka	N;GEN(PL);sla	babk
babka	N;GEN(DU);sla	babkowu
babka	N;INS(SG);sla	babką
wiki	N;GEN(PL);sla	wikich
student	N;ESS(PL);sla	studentach
student	N;INS(PL);sla	studentami
student	N;ACC(SG);sla	studenta
student	N;ESS(DU);sla	studentoma
student	N;INS(DU);sla	studentoma
student	N;INS(SG);sla	studentom
student	N;GEN(PL);sla	studentów
student	N;ACC(DU);sla	studentowu
student	N;GEN(DU);sla	studentowu
zeger	N;ACC(DU);sla	zegerowu
zeger	N;NOM(DU);sla	zegera
zeger	N;ESS(SG);sla	zegerze
zeger	N;DAT(SG);sla	zegerowi
zeger	N;DAT(DU);sla	zegeroma
zeger	N;ESS(DU);sla	zegeroma
zeger	N;GEN(DU);sla	zegerowu
módry	ADJ;NOM(DU);sla	módrej
korespondentka	N;ACC(DU);sla	korespondentce
korespondentka	N;NOM(DU);sla	korespondentce
korespondentka	N;INS(PL);sla	korespondentkami
korespondentka	N;DAT(PL);sla	korespondentkam
korespondentka	N;GEN(SG);sla	korespondentki
korespondentka	N;NOM(PL);sla	korespondentki
korespondentka	N;GEN(PL);sla	korespondentkow
korespondentka	N;GEN(DU);sla	korespondentkowu
korespondentka	N;INS(SG);sla	korespondentku
modry	ADJ;GEN(SG,MASC);sla	modrego
móla	N;INS(PL);sla	mólami
pólo	N;DAT(DU);sla	póloma
bósučki	ADJ;NOM(SG,FEM);sla	bósučka
bósučki	ADJ;ACC(SG,NEUT);sla	bósučke
bósučki	ADJ;NOM(PL);sla	bósučkie
bósučki	ADJ;ACC(SG,MASC,ANIM);sla	bósučkiego
bósučki	ADJ;GEN(SG,MASC);sla	bósučkiego
bósučki	ADJ;DAT(SG,FEM);sla	bósučkiej
bósučki	ADJ;ACC(DU,ANIM);sla	bósučkeju
bósučki	ADJ;GEN(DU);sla	bósučkeju
bósučki	ADJ;ACC(SG,MASC,INAN);sla	bósučki
bósučki	ADJ;ESS(PL);sla	bósučkich
bósučki	ADJ;DAT(DU);sla	bósučkima
bósučki	ADJ;INS(DU);sla	bósučkima
bósučki	ADJ;INS(SG,NEUT);sla	bósučkim
bósučki	ADJ;INS(PL);sla	bósučkimi
bósučki	ADJ;ACC(SG,FEM);sla	bósučku
modry	ADJ;GEN(SG,NEUT);sla	modrego
zły	ADJ;NOM(SG,FEM);sla	zła
zły	ADJ;ACC(SG,NEUT);sla	złe
zły	ADJ;NOM(PL);sla	złe
zły	ADJ;GEN(SG,MASC);sla	złego
zły	ADJ;GEN(SG,NEUT);sla	złego
zły	ADJ;INS(SG,FEM);sla	złeju
zły	ADJ;ESS(SG,MASC);sla	złem
zły	ADJ;DAT(SG,MASC);sla	złemu
zły	ADJ;ACC(SG,FEM);sla	złą
zły	ADJ;ACC(SG,MASC,INAN);sla	zły
zły	ADJ;NOM(SG,MASC);sla	zły
zły	ADJ;GEN(PL);sla	złych
zły	ADJ;DAT(DU);sla	złyma
zły	ADJ;INS(PL);sla	złymi
rěka	N;DAT(SG);sla	rěce
rěka	N;ESS(SG);sla	rěce
rěka	N;ESS(PL);sla	rěkach
rěka	N;DAT(PL);sla	rěkom
rěka	N;GEN(SG);sla	rěki
rěka	N;INS(DU);sla	rěkoma
rěka	N;GEN(PL);sla	rěk
rěka	N;GEN(DU);sla	rěkowu
rěka	N;ACC(SG);sla	rěkę
rěka	N;INS(SG);sla	rěką
chyliś	V;PST;1;DU;sla	chylachmej
chyliś	V;PST;2;DU;sla	chylaštej
chyliś	V;PST;3;DU;sla	chylaštej
chyliś	V;PRS;1;DU;sla	chylimej
chyliś	V;PRS;1;SG;sla	chylim
chyliś	V;PRS;2;PL;sla	chyliśo
chyliś	V;IMP;2;PL;sla	chyliśo
chyliś	V;IMP;2;DU;sla	chylitej
reagěrowaś	V;PST;1;PL;sla	reagěrowachmy
reagěrowaś	V;PST;2;PL;sla	reagěrowašćo
reagěrowaś	V;PST;2;SG;sla	reagěrowašo
reagěrowaś	V;PST;3;SG;sla	reagěrowašo
reagěrowaś	V;PRS;3;DU;sla	reagěrujotej
reagěrowaś	V;PRS;3;SG;sla	reagěrujo
reagěrowaś	V;IMP;2;PL;sla	reagěrujśo
reagěrowaś	V;IMP;2;DU;sla	reagěrujtej
wos	N;INS(DU);sla	wosoma
paśpula	N;ESS(PL);sla	paśpulach
paśpula	N;INS(PL);sla	paśpulami
paśpula	N;ACC(PL);sla	paśpule
paśpula	N;NOM(PL);sla	paśpuly
paśpula	N;ACC(DU);sla	paśpuli
paśpula	N;ESS(SG);sla	paśpule
paśpula	N;ESS(DU);sla	paśpuloma
paśpula	N;INS(DU);sla	paśpuloma
paśpula	N;GEN(DU);sla	paśpulowu
paśpula	N;ACC(SG);sla	paśpulu
paśpula	N;INS(SG);sla	paśpulu
mól	N;INS(PL);sla	mólami
pěta	N;ACC(DU);sla	pěśe
pěta	N;ESS(PL);sla	pětach
pěta	N;DAT(PL);sla	pětom
pěta	N;NOM(SG);sla	pěta
pěta	N;DAT(DU);sla	pětoma
pěta	N;ESS(DU);sla	pětoma
pěta	N;INS(DU);sla	pětoma
pěta	N;ACC(SG);sla	pětę
pěta	N;INS(SG);sla	pětą
gotowy	ADJ;NOM(SG,MASC);sla	gotowy
serbiski	ADJ;ACC(SG,NEUT);sla	serbiske
serbiski	ADJ;ACC(PL,INAN);sla	serbiske
serbiski	ADJ;ACC(SG,MASC,ANIM);sla	serbiskego
serbiski	ADJ;GEN(SG,NEUT);sla	serbiskego
serbiski	ADJ;DAT(SG,FEM);sla	serbiskej
serbiski	ADJ;NOM(DU);sla	serbiskej
serbiski	ADJ;GEN(SG,FEM);sla	serbiskeje
serbiski	ADJ;GEN(DU);sla	serbiskeju
serbiski	ADJ;ESS(SG,MASC);sla	serbiskem
serbiski	ADJ;ESS(SG,NEUT);sla	serbiskem
serbiski	ADJ;ACC(SG,MASC,INAN);sla	serbiski
serbiski	ADJ;DAT(DU);sla	serbiskima
serbiski	ADJ;DAT(PL);sla	serbiskim
serbiski	ADJ;INS(SG,NEUT);sla	serbiskim
ryba	N;INS(PL);sla	rybami
ryba	N;DAT(PL);sla	rybam
ryba	N;NOM(SG);sla	ryba
ryba	N;DAT(SG);sla	rybje
ryba	N;ESS(SG);sla	rybje
ryba	N;NOM(DU);sla	rybje
ryba	N;DAT(DU);sla	ryboma
ryba	N;ESS(DU);sla	ryboma
ryba	N;ACC(SG);sla	rybu
ryba	N;ACC(PL);sla	ryby
ryba	N;GEN(SG);sla	ryby
banana	N;ESS(PL);sla	bananach
banana	N;INS(PL);sla	bananami
banana	N;NOM(SG);sla	banana
banana	N;NOM(DU);sla	bananje
banana	N;GEN(DU);sla	bananowu
banana	N;ACC(SG);sla	bananu
banana	N;INS(SG);sla	bananą
banana	N;ACC(PL);sla	banany
banana	N;NOM(PL);sla	banany
koń	N;ACC(PL);sla	konje
wjasć	V;PRS;3;PL;sla	wjasją
wjasć	V;IMP;2;PL;sla	wjaźćo
wjasć	V;PST;1;DU;sla	wjasechmej
wjasć	V;PST;1;SG;sla	wjasech
wjasć	V;PST;2;PL;sla	wjaźešćo
wjasć	V;PST;3;SG;sla	wjasć
wjasć	V;PST;2;DU;sla	wjaźeštej
wjasć	V;PST;3;DU;sla	wjaźeštej
wjasć	V;PRS;1;DU;sla	wjaźomej
wjasć	V;PRS;1;PL;sla	wjaźomy
wjasć	V;PRS;2;SG;sla	wjaźoš
wjasć	V;PRS;2;DU;sla	wjaźotej
wjasć	V;PRS;3;DU;sla	wjaźotej
wjasć	V;IMP;2;SG;sla	wjaź
bok	N;ESS(PL);sla	bokach
bok	N;INS(PL);sla	bokami
bok	N;GEN(SG);sla	boka
bok	N;ACC(PL);sla	boki
bok	N;ACC(SG);sla	bok
bok	N;ESS(DU);sla	bokoma
bok	N;INS(DU);sla	bokoma
bok	N;INS(SG);sla	bokiem
bok	N;ESS(SG);sla	boku
pólack	N;ACC(PL);sla	pólacki
měsćański	ADJ;ACC(PL,INAN);sla	měsćańske
měsćański	ADJ;NOM(SG,NEUT);sla	měsćańske
měsćański	ADJ;NOM(PL);sla	měsćańskie
měsćański	ADJ;ACC(SG,MASC,ANIM);sla	měsćańskiego
měsćański	ADJ;ACC(DU,INAN);sla	měsćańskej
měsćański	ADJ;DAT(SG,FEM);sla	měsćańskej
měsćański	ADJ;ACC(DU,ANIM);sla	měsćańskeju
měsćański	ADJ;ESS(SG,MASC);sla	měsćańskem
měsćański	ADJ;ESS(SG,NEUT);sla	měsćańskem
měsćański	ADJ;DAT(SG,NEUT);sla	měsćańskemu
měsćański	ADJ;ACC(SG,MASC,INAN);sla	měsćański
měsćański	ADJ;NOM(SG,MASC);sla	měsćański
měsćański	ADJ;ESS(PL);sla	měsćańskich
měsćański	ADJ;DAT(DU);sla	měsćańskima
měsćański	ADJ;DAT(PL);sla	měsćańskim
měsćański	ADJ;INS(SG,NEUT);sla	měsćańskim
měsćański	ADJ;INS(PL);sla	měsćańskimi
měsćański	ADJ;ACC(SG,FEM);sla	měsćańsku
spański	ADJ;NOM(SG,FEM);sla	spańska
spański	ADJ;NOM(SG,NEUT);sla	spańske
spański	ADJ;ACC(SG,MASC,ANIM);sla	spańskiego
spański	ADJ;GEN(SG,NEUT);sla	spańskego
spański	ADJ;DAT(SG,FEM);sla	spańskej
spański	ADJ;ESS(SG,FEM);sla	spańskiej
spański	ADJ;GEN(DU);sla	spańskeju
spański	ADJ;INS(SG,FEM);sla	spańską
spański	ADJ;ESS(SG,MASC);sla	spańskem
spański	ADJ;DAT(SG,MASC);sla	spańskiemu
spański	ADJ;NOM(SG,MASC);sla	spański
spański	ADJ;ACC(PL,ANIM);sla	spańskich
spański	ADJ;ESS(DU);sla	spańskima
spański	ADJ;ACC(SG,FEM);sla	spańsku
pólo	N;ACC(PL);sla	póla
měso	N;ESS(PL);sla	měsach
měso	N;INS(SG);sla	měsom
měso	N;ACC(SG);sla	měso
měso	N;NOM(SG);sla	měso
měso	N;GEN(PL);sla	měsow
měso	N;NOM(DU);sla	měsy
brod	N;ESS(PL);sla	brodach
brod	N;ACC(DU);sla	broda
brod	N;NOM(SG);sla	brod
brod	N;ACC(PL);sla	brody
brod	N;NOM(PL);sla	brody
alofon	N;ESS(PL);sla	alofonach
alofon	N;DAT(PL);sla	alofonom
alofon	N;GEN(SG);sla	alofonu
alofon	N;ESS(SG);sla	alofonie
alofon	N;DAT(SG);sla	alofonowi
alofon	N;ESS(DU);sla	alofonoma
alofon	N;INS(DU);sla	alofonoma
alofon	N;GEN(PL);sla	alofonów
alofon	N;GEN(DU);sla	alofonowu
alofon	N;ACC(PL);sla	alofony
alofon	N;NOM(PL);sla	alofony
strowiś	V;PRS;1;DU;sla	strowimej
strowiś	V;PRS;1;SG;sla	strowim
strowiś	V;PRS;1;PL;sla	strowimy
strowiś	V;PRS;3;DU;sla	strowitej
strowiś	V;PST;2;PL;sla	strowjašćo
strowiś	V;PST;2;SG;sla	strowjašo
strowiś	V;PST;3;SG;sla	strowjašo
strowiś	V;PRS;3;PL;sla	strowje
strowiś	V;IMP;2;PL;sla	strowśo
strowiś	V;IMP;2;DU;sla	strowtej
strowiś	V;IMP;2;SG;sla	strow
kót	N;INS(PL);sla	kótami
tśmjeń	N;DAT(PL);sla	tśmjenjam
tśmjeń	N;ACC(DU);sla	tśmjenja
tśmjeń	N;GEN(SG);sla	tśmjenja
tśmjeń	N;NOM(PL);sla	tśmjenje
tśmjeń	N;DAT(DU);sla	tśmjenjoma
tśmjeń	N;INS(DU);sla	tśmjnjoma
tśmjeń	N;INS(SG);sla	tśmjenjom
tśmjeń	N;GEN(PL);sla	tśmjenjow
tśmjeń	N;ESS(SG);sla	tśmjeniu
tśmjeń	N;NOM(SG);sla	tśmjeń
domk	N;ACC(DU);sla	domkowu
domk	N;GEN(SG);sla	domka
domk	N;ACC(PL);sla	domki
domk	N;ACC(SG);sla	domk
domk	N;NOM(SG);sla	domk
domk	N;DAT(DU);sla	domkoma
domk	N;ESS(DU);sla	domkoma
domk	N;ESS(SG);sla	domku
kwas	N;DAT(PL);sla	kwam
kwas	N;ACC(DU);sla	kwasowu
kwas	N;NOM(PL);sla	kwasy
kwas	N;ACC(SG);sla	kwa
kwas	N;DAT(SG);sla	kwu
kwas	N;ESS(DU);sla	kwoma
kwas	N;INS(DU);sla	kwoma
kwas	N;GEN(DU);sla	kwasowu
zeleny	ADJ;NOM(SG,FEM);sla	zelena
zeleny	ADJ;ACC(SG,NEUT);sla	zelene
zeleny	ADJ;NOM(SG,NEUT);sla	zelene
zeleny	ADJ;NOM(PL);sla	zelene
zeleny	ADJ;GEN(SG,MASC);sla	zelenego
zeleny	ADJ;GEN(SG,NEUT);sla	zelenego
zeleny	ADJ;ACC(DU,INAN);sla	zelenej
zeleny	ADJ;GEN(SG,FEM);sla	zelenej
zeleny	ADJ;ACC(DU,ANIM);sla	zeleneju
zeleny	ADJ;INS(SG,FEM);sla	zeleną
zeleny	ADJ;ESS(SG,MASC);sla	zelenym
zeleny	ADJ;DAT(SG,NEUT);sla	zelenemu
zeleny	ADJ;ACC(PL,ANIM);sla	zelenych
zeleny	ADJ;GEN(PL);sla	zelenych
zeleny	ADJ;DAT(DU);sla	zelenyma
zeleny	ADJ;ESS(DU);sla	zelenyma
zeleny	ADJ;INS(DU);sla	zelenyma
zeleny	ADJ;INS(SG,MASC);sla	zelenym
zeleny	ADJ;INS(PL);sla	zelenymi
sadło	N;INS(PL);sla	sadłami
sadło	N;GEN(SG);sla	sadła
sadło	N;NOM(DU);sla	sadle
sadło	N;DAT(SG);sla	sadłoju
sadło	N;DAT(DU);sla	sadłoma
sadło	N;ESS(DU);sla	sadłoma
sadło	N;NOM(SG);sla	sadło
sadło	N;GEN(PL);sla	sadłow
sobota	N;ACC(DU);sla	sobośe
sobota	N;ESS(SG);sla	sobocie
sobota	N;ESS(PL);sla	sobotach
sobota	N;DAT(PL);sla	sobotam
sobota	N;NOM(SG);sla	sobota
sobota	N;ESS(DU);sla	sobotoma
sobota	N;GEN(PL);sla	sobotow
sobota	N;GEN(DU);sla	sobotowu
sobota	N;INS(SG);sla	sobotą
sobota	N;ACC(PL);sla	sobota
sobota	N;GEN(SG);sla	soboty
sobota	N;NOM(PL);sla	sobota
rjobło	N;ACC(PL);sla	rjobła
rjobło	N;GEN(SG);sla	rjobła
rjobło	N;NOM(PL);sla	rjobła
rjobło	N;ESS(SG);sla	rjoble
rjobło	N;NOM(DU);sla	rjoble
rjobło	N;DAT(SG);sla	rjobłu
rjobło	N;INS(DU);sla	rjobłoma
rjobło	N;INS(SG);sla	rjobłem
rjobło	N;GEN(DU);sla	rjobłowu
pówětš	N;ESS(PL);sla	pówětšach
pówětš	N;INS(PL);sla	pówětšami
pówětš	N;DAT(PL);sla	pówětšam
pówětš	N;GEN(SG);sla	pówětša
pówětš	N;NOM(DU);sla	pówětša
pówětš	N;ACC(SG);sla	pówětš
pówětš	N;NOM(SG);sla	pówětš
pówětš	N;DAT(DU);sla	pówětšoma
pówětš	N;ESS(DU);sla	pówětšoma
pówětš	N;INS(DU);sla	pówětšoma
pówětš	N;INS(SG);sla	pówětšom
pówětš	N;GEN(PL);sla	pówětšow
pówětš	N;NOM(PL);sla	pówětšy
mjeńšy	ADJ;NOM(SG,FEM);sla	mjeńša
mjeńšy	ADJ;ACC(SG,NEUT);sla	mjeńše
mjeńšy	ADJ;NOM(SG,NEUT);sla	mjeńše
mjeńšy	ADJ;NOM(PL);sla	mjeńše
mjeńšy	ADJ;ACC(SG,MASC,ANIM);sla	mjeńšego
mjeńšy	ADJ;GEN(SG,MASC);sla	mjeńšego
mjeńšy	ADJ;GEN(SG,NEUT);sla	mjeńšego
mjeńšy	ADJ;ACC(DU,INAN);sla	mjeńšej
mjeńšy	ADJ;GEN(DU);sla	mjeńšeju
mjeńšy	ADJ;DAT(SG,MASC);sla	mjeńšemu
mjeńšy	ADJ;DAT(SG,NEUT);sla	mjeńšemu
mjeńšy	ADJ;ESS(DU);sla	mjeńšyma
mjeńšy	ADJ;INS(PL);sla	mjeńšymi
wjapś	N;DAT(PL);sla	wjapśam
wjapś	N;NOM(DU);sla	wjapśa
wjapś	N;ACC(PL);sla	wjapśi
wjapś	N;NOM(SG);sla	wjapś
wjapś	N;DAT(DU);sla	wjapśoma
wjapś	N;INS(SG);sla	wjapsiem
wjapś	N;ESS(SG);sla	wjapśu
rjemjeń	N;INS(PL);sla	rjemjenjami
rjemjeń	N;ACC(DU);sla	rjemjenja
rjemjeń	N;NOM(DU);sla	rjemjenja
rjemjeń	N;ACC(PL);sla	rjemjenje
rjemjeń	N;DAT(DU);sla	rjemjenjoma
rjemjeń	N;GEN(PL);sla	rjemjenjow
cysty	ADJ;NOM(SG,FEM);sla	cysta
cysty	ADJ;ACC(PL,INAN);sla	cyste
cysty	ADJ;NOM(SG,NEUT);sla	cyste
cysty	ADJ;ACC(SG,MASC,ANIM);sla	cystego
cysty	ADJ;GEN(SG,MASC);sla	cystego
cysty	ADJ;DAT(SG,FEM);sla	cystej
cysty	ADJ;ESS(SG,FEM);sla	cystej
cysty	ADJ;ACC(DU,ANIM);sla	cysteju
cysty	ADJ;GEN(DU);sla	cysteju
cysty	ADJ;ESS(SG,MASC);sla	cystym
cysty	ADJ;DAT(SG,NEUT);sla	cystemu
cysty	ADJ;ESS(PL);sla	cystych
cysty	ADJ;DAT(PL);sla	cystym
cysty	ADJ;INS(SG,MASC);sla	cystym
cysty	ADJ;INS(PL);sla	cystymi
pólo	N;DAT(PL);sla	pólam
kóń	N;INS(PL);sla	kónjami
grod	N;INS(PL);sla	grodami
grod	N;ACC(DU);sla	groda
grod	N;DAT(DU);sla	grodoma
grod	N;INS(SG);sla	grodom
grod	N;GEN(PL);sla	grodow
grod	N;GEN(DU);sla	grodowu
grod	N;ACC(PL);sla	grody
grod	N;NOM(PL);sla	grody
grod	N;ESS(SG);sla	groźe
granica	N;INS(PL);sla	granicami
granica	N;NOM(SG);sla	granica
granica	N;GEN(SG);sla	granice
granica	N;NOM(PL);sla	granice
granica	N;ESS(DU);sla	granicoma
granica	N;INS(DU);sla	granicoma
granica	N;GEN(PL);sla	granicow
granica	N;GEN(DU);sla	granicowu
granica	N;ACC(SG);sla	granicu
smjaś	V;PST;1;DU;sla	smjachmej
smjaś	V;PST;3;PL;sla	smjachu
smjaś	V;PST;1;SG;sla	smjach
smjaś	V;PST;2;PL;sla	smjašćo
smjaś	V;PST;2;SG;sla	smjašo
smjaś	V;PST;2;DU;sla	smjaštej
smjaś	V;PST;3;DU;sla	smjaštej
smjaś	V;PRS;1;PL;sla	smjamy
smjaś	V;PRS;3;DU;sla	smjatej
smjaś	V;IMP;2;DU;sla	smjajtej
lěwy	ADJ;NOM(SG,NEUT);sla	lěwe
lěwy	ADJ;NOM(PL);sla	lěwe
lěwy	ADJ;ACC(SG,MASC,ANIM);sla	lěwego
lěwy	ADJ;ACC(DU,INAN);sla	lěwej
lěwy	ADJ;DAT(SG,FEM);sla	lěwej
lěwy	ADJ;ESS(SG,FEM);sla	lěwej
lěwy	ADJ;NOM(DU);sla	lěwej
lěwy	ADJ;ACC(DU,ANIM);sla	lěweju
lěwy	ADJ;GEN(DU);sla	lěweju
lěwy	ADJ;DAT(SG,MASC);sla	lěwemu
lěwy	ADJ;ACC(SG,MASC,INAN);sla	lěwy
lěwy	ADJ;ESS(DU);sla	lěwyma
lěwy	ADJ;DAT(PL);sla	lěwym
lěwy	ADJ;INS(SG,MASC);sla	lěwym
lěwy	ADJ;INS(PL);sla	lěwymi
jabłuko	N;ACC(DU);sla	jabłuce
jabłuko	N;ESS(PL);sla	jabłukach
jabłuko	N;DAT(PL);sla	jabłukom
jabłuko	N;GEN(SG);sla	jabłuka
jabłuko	N;DAT(SG);sla	jabłukoju
jabłuko	N;DAT(DU);sla	jabłukoma
jabłuko	N;ESS(DU);sla	jabłukoma
jabłuko	N;INS(SG);sla	jabłukom
jabłuko	N;NOM(SG);sla	jabłuko
jabłuko	N;GEN(PL);sla	jabłukow
jabłuko	N;GEN(DU);sla	jabłukowu
kos	N;NOM(PL);sla	kosy
wałtora	N;DAT(PL);sla	wałtoram
wałtora	N;NOM(SG);sla	wałtora
wałtora	N;ACC(DU);sla	wałtorje
wałtora	N;ESS(SG);sla	wałtorje
wałtora	N;INS(DU);sla	wałtoroma
wałtora	N;GEN(DU);sla	wałtorowu
wałtora	N;INS(SG);sla	wałtoru
wałtora	N;ACC(PL);sla	wałtory
wałtora	N;GEN(SG);sla	wałtory
wósk	N;DAT(DU);sla	wóskoma
płot	N;ESS(SG);sla	płocie
płot	N;ESS(PL);sla	płotach
płot	N;INS(PL);sla	płotami
płot	N;DAT(PL);sla	płotam
płot	N;GEN(SG);sla	płota
płot	N;NOM(DU);sla	płota
płot	N;NOM(SG);sla	płot
płot	N;DAT(DU);sla	płotoma
płot	N;INS(DU);sla	płotoma
płot	N;INS(SG);sla	płotem
płot	N;NOM(PL);sla	płoty
módry	ADJ;NOM(SG,MASC);sla	módry
maś	N;ACC(DU);sla	maś
maś	N;INS(PL);sla	masiami
maś	N;DAT(PL);sla	maśam
maś	N;GEN(SG);sla	maś
maś	N;DAT(DU);sla	maśoma
maś	N;INS(DU);sla	maśoma
maś	N;GEN(PL);sla	masiów
maś	N;INS(SG);sla	masiem
spóraś	V;PST;1;DU;sla	spójerjechmej
spóraś	V;PST;1;SG;sla	spójerjech
spóraś	V;IMP;2;PL;sla	spórajśo
spóraś	V;PRS;3;PL;sla	spójeru
spóraś	V;IMP;2;SG;sla	spójeŕ
spóraś	V;PRS;1;SG;sla	spójeru
spóraś	V;PRS;1;PL;sla	spóramy
spóraś	V;PST;2;PL;sla	spójerješćo
spóraś	V;PRS;2;PL;sla	spójerjośo
spóraś	V;PRS;2;DU;sla	spójerjotej
spóraś	V;PRS;3;DU;sla	spójerjotej
spóraś	V;PST;2;SG;sla	spórašo
spóraś	V;PST;3;SG;sla	spójerješo
słoma	N;ESS(PL);sla	słomach
słoma	N;ACC(DU);sla	słomje
słoma	N;ESS(SG);sla	słomje
słoma	N;GEN(PL);sla	słomow
słoma	N;GEN(DU);sla	słomowu
słoma	N;INS(SG);sla	słomu
słoma	N;ACC(PL);sla	słomy
słoma	N;GEN(SG);sla	słomy
wójca	N;ESS(PL);sla	wójcach
wójca	N;ACC(PL);sla	wójce
wójca	N;GEN(SG);sla	wójce
wójca	N;GEN(DU);sla	wójcowu
wójca	N;ACC(DU);sla	wójcy
wójca	N;DAT(SG);sla	wójcy
serp	N;GEN(SG);sla	serpa
serp	N;ACC(SG);sla	serpja
serp	N;DAT(DU);sla	serpjoma
serp	N;ESS(DU);sla	serpjoma
serp	N;INS(DU);sla	serpjoma
serp	N;ACC(PL);sla	serpje
serp	N;NOM(PL);sla	serpje
njasć	V;PST;3;SG;sla	njasć
njasć	V;PST;2;DU;sla	njaźeštej
njasć	V;PRS;1;DU;sla	njaźomej
njasć	V;PRS;3;SG;sla	njaźo
njasć	V;IMP;2;DU;sla	njaźtej
njasć	V;IMP;2;SG;sla	njaź
damast	N;ESS(PL);sla	damastach
damast	N;INS(PL);sla	damastami
damast	N;ACC(DU);sla	damastowu
damast	N;GEN(SG);sla	damasta
damast	N;NOM(DU);sla	damasta
damast	N;NOM(SG);sla	damast
damast	N;ESS(DU);sla	damastoma
damast	N;GEN(PL);sla	damastow
damast	N;ACC(PL);sla	damasty
damast	N;NOM(PL);sla	damasty
modry	ADJ;DAT(SG,FEM);sla	modrej
абвінаваціць	V;FUT;NOM(1,PL);sla	абвінавоцім
абвінаваціць	V;FUT;NOM(1,SG);sla	абвінаваці́ць
абвінаваціць	V;FUT;NOM(2,PL);sla	абвінаваці́ць
абвінаваціць	V;FUT;NOM(2,SG);sla	абвінаваці́ць
абвінаваціць	V;FUT;NOM(3,PL);sla	абвінаваці́ць
абвінаваціць	V;FUT;NOM(3,SG);sla	абвінаваці́ць
абвінаваціць	V;IMP;NOM(2,PL);sla	абвінаваціце
абвінаваціць	V;IMP;NOM(2,SG);sla	абвінаваці
абвінаваціць	V;PST;NOM(PL);sla	абвінавацілі
абвінаваціць	V;PST;NOM(SG,FEM);sla	абвінаваціла
абцугі	N;ACC(SG);sla	абцугі
абцугі	N;DAT(SG);sla	абцугям
абцугі	N;ESS(SG);sla	абцугях
абцугі	N;GEN(SG);sla	абцугей
абцугі	N;INS(SG);sla	абцугямі
абцугі	N;NOM(SG);sla	абцугі
аптэкарка	N;ACC(PL);sla	аптэкарак
аптэкарка	N;DAT(PL);sla	аптэкаркам
аптэкарка	N;DAT(SG);sla	аптэкарцы
аптэкарка	N;ESS(PL);sla	аптэкарках
аптэкарка	N;ESS(SG);sla	аптэкарцы
аптэкарка	N;GEN(PL);sla	аптэкарак
аптэкарка	N;INS(PL);sla	аптэкаркамі
аптэкарка	N;INS(SG);sla	аптэкаркай
аптэкарка	N;NOM(PL);sla	аптэкаркі
аптэкарка	N;NOM(SG);sla	аптэкарка
аўстрыец	N;ACC(PL);sla	аўстрыцаў
аўстрыец	N;ACC(SG);sla	аўстрыца
аўстрыец	N;DAT(PL);sla	аўстрыцам
аўстрыец	N;DAT(SG);sla	аўстрыцу
аўстрыец	N;ESS(PL);sla	аўстрыцах
аўстрыец	N;ESS(SG);sla	аўстрыцу
аўстрыец	N;GEN(PL);sla	аўстрыцаў
аўстрыец	N;GEN(SG);sla	аўстрыца
аўстрыец	N;INS(PL);sla	аўстрыцамі
аўстрыец	N;INS(SG);sla	аўстрыцам
аўстрыец	N;NOM(SG);sla	аўстрыец
аўтобус	N;ACC(SG);sla	аўтобус
аўтобус	N;DAT(PL);sla	аўтобусам
аўтобус	N;DAT(SG);sla	аўтобусу
аўтобус	N;ESS(PL);sla	аўтобусах
аўтобус	N;ESS(SG);sla	аўтобусе
аўтобус	N;GEN(PL);sla	аўтобусов
аўтобус	N;GEN(SG);sla	аўтобуса
аўтобус	N;INS(PL);sla	аўтобусами
аўтобус	N;INS(SG);sla	аўтобусом
аўтобус	N;NOM(SG);sla	аўтобус
аўторак	N;DAT(PL);sla	аўторкам
аўторак	N;DAT(SG);sla	аўторку
аўторак	N;ESS(PL);sla	аўторках
аўторак	N;ESS(SG);sla	аўторку
аўторак	N;GEN(PL);sla	аўторкаў
аўторак	N;GEN(SG);sla	аўторка
аўторак	N;INS(PL);sla	аўторкамі
аўторак	N;INS(SG);sla	аўторкам
аўторак	N;NOM(PL);sla	аўторкі
аўторак	N;NOM(SG);sla	аўторак
барада	N;ACC(SG);sla	бараду
барада	N;DAT(PL);sla	барадам
барада	N;DAT(SG);sla	барадзе
барада	N;ESS(PL);sla	барадах
барада	N;ESS(SG);sla	барадзе
барада	N;GEN(PL);sla	барад
барада	N;GEN(SG);sla	барады
барада	N;INS(PL);sla	барадамі
барада	N;INS(SG);sla	барадой
барада	N;NOM(PL);sla	барады
барада	N;NOM(SG);sla	барада
бельгіец	N;ACC(PL);sla	бельгіцаў
бельгіец	N;ACC(SG);sla	бельгіца
бельгіец	N;DAT(PL);sla	бельгіцам
бельгіец	N;DAT(SG);sla	бельгіцу
бельгіец	N;ESS(SG);sla	бельгіцу
бельгіец	N;GEN(PL);sla	бельгіцаў
бельгіец	N;GEN(SG);sla	бельгіца
бельгіец	N;INS(PL);sla	бельгіцамі
бельгіец	N;INS(SG);sla	бельгіцам
бельгіец	N;NOM(PL);sla	бельгіцы
бельгіец	N;NOM(SG);sla	бельгіец
бутэлька	N;ACC(PL);sla	бутэльки
бутэлька	N;ACC(SG);sla	бутэльку
бутэлька	N;DAT(PL);sla	бутэлькам
бутэлька	N;DAT(SG);sla	бутэльке
бутэлька	N;ESS(PL);sla	бутэльках
бутэлька	N;GEN(PL);sla	бутэлек
бутэлька	N;GEN(SG);sla	бутэльки
бутэлька	N;INS(SG);sla	бутэлькой
бутэлька	N;NOM(PL);sla	бутэльки
бядро	N;ACC(SG);sla	бядро
бядро	N;DAT(PL);sla	бядрам
бядро	N;DAT(SG);sla	бядру
бядро	N;ESS(PL);sla	бядрах
бядро	N;ESS(SG);sla	бядры
бядро	N;GEN(PL);sla	бядр
бядро	N;GEN(SG);sla	бядра
бядро	N;INS(PL);sla	бядрамі
бядро	N;INS(SG);sla	бядром
бядро	N;NOM(PL);sla	бядры
бядро	N;NOM(SG);sla	бядро
важны	ADJ;ACC(FEM;SG);sla	важную
важны	ADJ;ACC(INAN;MASC;SG);sla	важны
важны	ADJ;ACC(INAN;PL);sla	важныя
важны	ADJ;ACC(NEUT;SG);sla	важнае
важны	ADJ;DAT(FEM;SG);sla	важнай
важны	ADJ;DAT(MASC;SG);sla	важнаму
важны	ADJ;DAT(NEUT;SG);sla	важнаму
важны	ADJ;ESS(MASC;SG);sla	важным
важны	ADJ;ESS(NEUT;SG);sla	важным
важны	ADJ;GEN(PL);sla	важных
важны	ADJ;NOM(FEM;SG);sla	важная
венгр	N;ACC(PL);sla	венгры
венгр	N;ACC(SG);sla	венгр
венгр	N;DAT(PL);sla	венграм
венгр	N;ESS(PL);sla	венграх
венгр	N;ESS(SG);sla	венгре
венгр	N;GEN(PL);sla	венграў
венгр	N;GEN(SG);sla	венгра
венгр	N;INS(PL);sla	венграмі
венгр	N;NOM(PL);sla	венгры
венгр	N;NOM(SG);sla	венгр
воблака	N;ACC(PL);sla	воблак
воблака	N;DAT(PL);sla	воблакам
воблака	N;DAT(SG);sla	воблаку
воблака	N;ESS(PL);sla	воблаках
воблака	N;ESS(SG);sla	воблаку
воблака	N;GEN(PL);sla	воблак
воблака	N;GEN(SG);sla	воблакі
воблака	N;INS(SG);sla	воблакам
воблака	N;NOM(PL);sla	воблакі
воблака	N;NOM(SG);sla	воблака
востраў	N;ACC(PL);sla	востравы
востраў	N;ACC(SG);sla	востраў
востраў	N;DAT(PL);sla	востравам
востраў	N;DAT(SG);sla	востраву
востраў	N;ESS(PL);sla	востраве
востраў	N;ESS(SG);sla	востраве
востраў	N;GEN(PL);sla	востраваў
востраў	N;GEN(SG);sla	востраву
востраў	N;INS(PL);sla	востравамі
востраў	N;NOM(PL);sla	востравы
востраў	N;NOM(SG);sla	востраў
вулей	N;ACC(PL);sla	вулёў
вулей	N;ACC(SG);sla	вуля
вулей	N;DAT(PL);sla	вулям
вулей	N;DAT(SG);sla	вулю
вулей	N;ESS(PL);sla	вулях
вулей	N;ESS(SG);sla	вулі
вулей	N;GEN(PL);sla	вулёў
вулей	N;GEN(SG);sla	вуля
вулей	N;INS(PL);sla	вулямі
вулей	N;INS(SG);sla	вулём
вулей	N;NOM(SG);sla	вулей
вуліца	N;ACC(PL);sla	вуліцы
вуліца	N;ACC(SG);sla	вуліцу
вуліца	N;DAT(PL);sla	вуліцам
вуліца	N;DAT(SG);sla	вуліцы
вуліца	N;ESS(PL);sla	вуліцах
вуліца	N;ESS(SG);sla	вуліцы
вуліца	N;GEN(PL);sla	вуліц
вуліца	N;GEN(SG);sla	вуліцы
вуліца	N;INS(PL);sla	вуліцамі
вуліца	N;INS(SG);sla	вуліцай
вуліца	N;NOM(PL);sla	вуліцы
вуха	N;ACC(PL);sla	вух
вуха	N;DAT(PL);sla	вухам
вуха	N;DAT(SG);sla	вусе
вуха	N;ESS(PL);sla	вухах
вуха	N;ESS(SG);sla	вусе
вуха	N;GEN(SG);sla	вухі
вуха	N;INS(PL);sla	вухай
вуха	N;INS(SG);sla	вухамі
вуха	N;NOM(PL);sla	вухі
вуха	N;NOM(SG);sla	вуха
выбары	N;ACC(SG);sla	выбары
выбары	N;DAT(SG);sla	выбарам
выбары	N;GEN(SG);sla	выбараў
выбары	N;INS(SG);sla	выбарамі
выбары	N;NOM(SG);sla	выбары
высокі	ADJ;ACC(ANIM;PL);sla	высокіх
высокі	ADJ;ACC(FEM;SG);sla	высокую
высокі	ADJ;ACC(NEUT;SG);sla	высокае
высокі	ADJ;DAT(MASC;SG);sla	высокаму
высокі	ADJ;DAT(NEUT;SG);sla	высокаму
высокі	ADJ;DAT(PL);sla	высокім
высокі	ADJ;ESS(FEM;SG);sla	высокай
высокі	ADJ;GEN(PL);sla	высокіх
высокі	ADJ;INS(MASC;SG);sla	высокім
высокі	ADJ;NOM(NEUT;SG);sla	высокае
выхавальніца	N;ACC(PL);sla	выхавальніц
выхавальніца	N;ACC(SG);sla	выхавальніцу
выхавальніца	N;DAT(PL);sla	выхавальніцам
выхавальніца	N;DAT(SG);sla	выхавальніцы
выхавальніца	N;ESS(PL);sla	выхавальніцах
выхавальніца	N;GEN(PL);sla	выхавальніц
выхавальніца	N;GEN(SG);sla	выхавальніцы
выхавальніца	N;INS(PL);sla	выхавальніцамі
выхавальніца	N;INS(SG);sla	выхавальніцай
выхавальніца	N;NOM(PL);sla	выхавальніцы
выхавальніца	N;NOM(SG);sla	выхавальніца
вячэраць	V;FUT;NOM(1,SG);sla	вячэраю
вячэраць	V;FUT;NOM(2,PL);sla	вячэраеце
вячэраць	V;FUT;NOM(2,SG);sla	вячэраеш
вячэраць	V;IMP;NOM(2,PL);sla	вячэрайце
вячэраць	V;IMP;NOM(2,SG);sla	вячэрай
вячэраць	V;PRS;NOM(2,PL);sla	вячэраеце
вячэраць	V;PRS;NOM(2,SG);sla	вячэраеш
вячэраць	V;PRS;NOM(3,PL);sla	вячэраюць
вячэраць	V;PRS;NOM(3,SG);sla	вячэрае
вячэраць	V;PST;NOM(PL);sla	вячэралі
вячэраць	V;PST;NOM(SG,MASC);sla	вячэраў
гаварыць	V;FUT;NOM(1,SG);sla	гавару
гаварыць	V;FUT;NOM(2,SG);sla	гаварыш
гаварыць	V;FUT;NOM(3,PL);sla	гавараць
гаварыць	V;FUT;NOM(3,SG);sla	гаварыць
гаварыць	V;IMP;NOM(2,PL);sla	гаварце
гаварыць	V;PRS;NOM(1,PL);sla	гаварывём
гаварыць	V;PRS;NOM(1,SG);sla	гаварыву
гаварыць	V;PRS;NOM(2,SG);sla	гаварывеш
гаварыць	V;PRS;NOM(3,PL);sla	гаварывуць
галодны	ADJ;ACC(INAN;MASC;SG);sla	галодны
галодны	ADJ;ACC(INAN;PL);sla	галодныя
галодны	ADJ;DAT(FEM;SG);sla	галоднай
галодны	ADJ;ESS(MASC;SG);sla	галодным
галодны	ADJ;ESS(NEUT;SG);sla	галодным
галодны	ADJ;GEN(MASC;SG);sla	галоднага
галодны	ADJ;GEN(PL);sla	галодных
галодны	ADJ;INS(NEUT;SG);sla	галодным
галодны	ADJ;NOM(MASC;SG);sla	галодны
галодны	ADJ;NOM(PL);sla	галодныя
гарэць	V;FUT;NOM(1,PL);sla	гарэ́ць
гарэць	V;FUT;NOM(2,PL);sla	гарэ́ць
гарэць	V;FUT;NOM(2,SG);sla	гарэ́ць
гарэць	V;FUT;NOM(3,SG);sla	гарэ́ць
гарэць	V;IMP;NOM(2,SG);sla	гарэй
гарэць	V;PRS;NOM(1,SG);sla	гарэю
гарэць	V;PRS;NOM(3,PL);sla	гарэюць
гарэць	V;PRS;NOM(3,SG);sla	гарэе
гарэць	V;PST;NOM(PL);sla	гарэлі
гарэць	V;PST;NOM(SG,FEM);sla	гарэла
горад	N;ACC(PL);sla	горады
горад	N;ACC(SG);sla	горад
горад	N;DAT(PL);sla	горадам
горад	N;DAT(SG);sla	гораду
горад	N;ESS(SG);sla	горадзе
горад	N;GEN(PL);sla	горадаў
горад	N;GEN(SG);sla	гораду
горад	N;INS(PL);sla	горадамі
горад	N;INS(SG);sla	горадам
горад	N;NOM(PL);sla	горады
горад	N;NOM(SG);sla	горад
граб	N;ACC(PL);sla	грабы
граб	N;ACC(SG);sla	граб
граб	N;DAT(PL);sla	грабам
граб	N;DAT(SG);sla	грабу
граб	N;ESS(SG);sla	грабе
граб	N;GEN(PL);sla	грабаў
граб	N;GEN(SG);sla	граба
граб	N;INS(PL);sla	грабамі
граб	N;INS(SG);sla	грабам
граб	N;NOM(PL);sla	грабы
граб	N;NOM(SG);sla	граб
грачанка	N;ACC(PL);sla	грачанак
грачанка	N;ACC(SG);sla	грачанку
грачанка	N;DAT(SG);sla	грачанцы
грачанка	N;ESS(PL);sla	грачанках
грачанка	N;GEN(SG);sla	грачанкі
грачанка	N;INS(PL);sla	грачанкамі
грачанка	N;INS(SG);sla	грачанкай
грачанка	N;NOM(PL);sla	грачанкі
грачанка	N;NOM(SG);sla	грачанка
грыва	N;ACC(PL);sla	грывы
грыва	N;ACC(SG);sla	грыву
грыва	N;DAT(PL);sla	грывам
грыва	N;ESS(PL);sla	грывах
грыва	N;ESS(SG);sla	грыве
грыва	N;GEN(PL);sla	грыў
грыва	N;GEN(SG);sla	грывы
грыва	N;INS(PL);sla	грывамі
грыва	N;INS(SG);sla	грывам
грыва	N;NOM(PL);sla	грывы
грыва	N;NOM(SG);sla	грыва
грэк	N;ACC(PL);sla	грэкі
грэк	N;ACC(SG);sla	грэк
грэк	N;DAT(PL);sla	грэкам
грэк	N;DAT(SG);sla	грэку
грэк	N;ESS(PL);sla	грэках
грэк	N;ESS(SG);sla	грэку
грэк	N;GEN(PL);sla	грэкаў
грэк	N;GEN(SG);sla	грэка
грэк	N;INS(PL);sla	грэкамі
грэк	N;INS(SG);sla	грэком
грэк	N;NOM(SG);sla	грэк
далонь	N;ACC(PL);sla	далони
далонь	N;ACC(SG);sla	далонь
далонь	N;DAT(PL);sla	далоням
далонь	N;DAT(SG);sla	далоню
далонь	N;ESS(SG);sla	далоні
далонь	N;GEN(PL);sla	далоней
далонь	N;GEN(SG);sla	далоня
далонь	N;INS(PL);sla	далонями
далонь	N;INS(SG);sla	далонем
далонь	N;NOM(PL);sla	далони
далонь	N;NOM(SG);sla	далонь
дарыць	V;FUT;NOM(2,PL);sla	дорышце
дарыць	V;FUT;NOM(2,SG);sla	дарыш
дарыць	V;FUT;NOM(3,PL);sla	дараць
дарыць	V;FUT;NOM(3,SG);sla	дарыць
дарыць	V;IMP;NOM(2,PL);sla	дарце
дарыць	V;IMP;NOM(2,SG);sla	дар
дарыць	V;PRS;NOM(1,PL);sla	дарывём
дарыць	V;PRS;NOM(2,PL);sla	дарывяце
дарыць	V;PRS;NOM(3,PL);sla	дарывуць
дарыць	V;PRS;NOM(3,SG);sla	дарые
дарыць	V;PST;NOM(PL);sla	дарылі
даставаць	V;FUT;NOM(1,PL);sla	дастава́ць
даставаць	V;FUT;NOM(1,SG);sla	дастава́ць
даставаць	V;FUT;NOM(2,SG);sla	дастава́ць
даставаць	V;IMP;NOM(2,SG);sla	даставай
даставаць	V;PRS;NOM(1,SG);sla	дастаю
даставаць	V;PRS;NOM(2,PL);sla	дастаяце
даставаць	V;PRS;NOM(2,SG);sla	дастаеш
даставаць	V;PRS;NOM(3,PL);sla	дастаюць
даставаць	V;PRS;NOM(3,SG);sla	дастае
даставаць	V;PST;NOM(SG,NEUT);sla	даставала
дастаць	V;FUT;NOM(1,PL);sla	дастанем
дастаць	V;FUT;NOM(1,SG);sla	дастану
дастаць	V;FUT;NOM(2,SG);sla	дастанеш
дастаць	V;FUT;NOM(3,PL);sla	дастануць
дастаць	V;FUT;NOM(3,SG);sla	дастане
дастаць	V;IMP;NOM(2,PL);sla	дастаньце
дастаць	V;IMP;NOM(2,SG);sla	дастань
дастаць	V;PST;NOM(PL);sla	дасталі
дастаць	V;PST;NOM(SG,FEM);sla	дастала
дастаць	V;PST;NOM(SG,MASC);sla	дастаў
дастаць	V;PST;NOM(SG,NEUT);sla	дастала
дасягнуць	V;FUT;NOM(1,PL);sla	дасягнем
дасягнуць	V;FUT;NOM(1,SG);sla	дасягну
дасягнуць	V;FUT;NOM(2,PL);sla	дасягняце
дасягнуць	V;FUT;NOM(2,SG);sla	дасягнеш
дасягнуць	V;FUT;NOM(3,PL);sla	дасягнуць
дасягнуць	V;IMP;NOM(2,PL);sla	дасягніце
дасягнуць	V;IMP;NOM(2,SG);sla	дасягні
дасягнуць	V;PST;NOM(PL);sla	дасягнулі
дасягнуць	V;PST;NOM(SG,MASC);sla	дасягнуў
дасягнуць	V;PST;NOM(SG,NEUT);sla	дасягнула
дзевятнаццаты	ADJ;ACC(ANIM;MASC;SG);sla	дзевятнаццатага
дзевятнаццаты	ADJ;ACC(FEM;SG);sla	дзевятнаццатую
дзевятнаццаты	ADJ;ACC(INAN;MASC;SG);sla	дзевятнаццаты
дзевятнаццаты	ADJ;DAT(PL);sla	дзевятнаццатым
дзевятнаццаты	ADJ;GEN(MASC;SG);sla	дзевятнаццатага
дзевятнаццаты	ADJ;GEN(PL);sla	дзевятнаццатых
дзевятнаццаты	ADJ;INS(FEM;SG);sla	дзевятнаццатаю
дзевятнаццаты	ADJ;INS(MASC;SG);sla	дзевятнаццатым
дзевятнаццаты	ADJ;INS(PL);sla	дзевятнаццатымі
дзень	N;ACC(PL);sla	дзені
дзень	N;ACC(SG);sla	дзень
дзень	N;ESS(PL);sla	дзенях
дзень	N;ESS(SG);sla	дні
дзень	N;GEN(PL);sla	дзеняў
дзень	N;GEN(SG);sla	дня
дзень	N;INS(PL);sla	дзенямі
дзень	N;INS(SG);sla	днем
дзень	N;NOM(PL);sla	дзені
дзень	N;NOM(SG);sla	дзень
забываць	V;FUT;NOM(1,PL);sla	забыва́ць
забываць	V;FUT;NOM(2,SG);sla	забыва́ць
забываць	V;FUT;NOM(3,PL);sla	забыва́ць
забываць	V;FUT;NOM(3,SG);sla	забыва́ць
забываць	V;IMP;NOM(2,SG);sla	забывай
забываць	V;PRS;NOM(1,PL);sla	забываем
забываць	V;PRS;NOM(1,SG);sla	забываю
забываць	V;PST;NOM(PL);sla	забывалі
забываць	V;PST;NOM(SG,FEM);sla	забывала
забываць	V;PST;NOM(SG,MASC);sla	забываў
забіваць	V;FUT;NOM(2,SG);sla	забіва́ць
забіваць	V;FUT;NOM(3,SG);sla	забіва́ць
забіваць	V;IMP;NOM(2,SG);sla	забівай
забіваць	V;PRS;NOM(1,PL);sla	забіваем
забіваць	V;PRS;NOM(2,PL);sla	забіваеце
забіваць	V;PRS;NOM(2,SG);sla	забіваеш
забіваць	V;PRS;NOM(3,PL);sla	забіваюць
забіваць	V;PRS;NOM(3,SG);sla	забівае
забіваць	V;PST;NOM(PL);sla	забівалі
забіваць	V;PST;NOM(SG,NEUT);sla	забівала
захад	N;ACC(SG);sla	захад
захад	N;DAT(SG);sla	захаду
захад	N;ESS(SG);sla	захадзе
захад	N;GEN(SG);sla	захаду
захад	N;INS(SG);sla	захадам
захад	N;NOM(SG);sla	захад
зачыніць	V;FUT;NOM(1,PL);sla	зачыніць
зачыніць	V;FUT;NOM(2,PL);sla	зачыніце
зачыніць	V;FUT;NOM(3,PL);sla	зачыняць
зачыніць	V;FUT;NOM(3,SG);sla	зачыніць
зачыніць	V;IMP;NOM(2,PL);sla	зачыніце
зачыніць	V;IMP;NOM(2,SG);sla	зачыні
зачыніць	V;PST;NOM(PL);sla	зачынілі
зачыніць	V;PST;NOM(SG,FEM);sla	зачыніла
зачыніць	V;PST;NOM(SG,MASC);sla	зачыніў
зачыніць	V;PST;NOM(SG,NEUT);sla	зачыніла
змораны	ADJ;ACC(ANIM;MASC;SG);sla	зморанага
змораны	ADJ;DAT(FEM;SG);sla	зморанай
змораны	ADJ;DAT(MASC;SG);sla	зморанаму
змораны	ADJ;DAT(NEUT;SG);sla	зморанаму
змораны	ADJ;ESS(PL);sla	змораных
змораны	ADJ;GEN(MASC;SG);sla	зморанага
змораны	ADJ;GEN(NEUT;SG);sla	зморанага
змораны	ADJ;GEN(PL);sla	змораных
змораны	ADJ;NOM(FEM;SG);sla	змораная
змораны	ADJ;NOM(NEUT;SG);sla	зморанае
зямля	N;ACC(PL);sla	зямлят
зямля	N;ACC(SG);sla	зямлю
зямля	N;DAT(PL);sla	зямлятах
зямля	N;DAT(SG);sla	зямляці
зямля	N;ESS(PL);sla	зямлятах
зямля	N;ESS(SG);sla	зямляці
зямля	N;GEN(PL);sla	зямлят
зямля	N;GEN(SG);sla	зямляці
зямля	N;INS(PL);sla	зямлятамі
зіма	N;ACC(PL);sla	зімы
зіма	N;ACC(SG);sla	зіму
зіма	N;DAT(PL);sla	зімам
зіма	N;ESS(PL);sla	зімах
зіма	N;ESS(SG);sla	зіме
зіма	N;GEN(PL);sla	зім
зіма	N;INS(PL);sla	зімамі
зіма	N;INS(SG);sla	зімай
зіма	N;NOM(PL);sla	зімы
зіма	N;NOM(SG);sla	зіма
кароль	N;ACC(PL);sla	каролі
кароль	N;ACC(SG);sla	кароль
кароль	N;DAT(PL);sla	каролям
кароль	N;DAT(SG);sla	каролю
кароль	N;ESS(PL);sla	каролях
кароль	N;ESS(SG);sla	кароле
кароль	N;GEN(PL);sla	каролей
кароль	N;GEN(SG);sla	кароля
кароль	N;INS(SG);sla	каролем
кароль	N;NOM(PL);sla	кароля
кароль	N;NOM(SG);sla	кароль
ламаць	V;FUT;NOM(1,PL);sla	лама́ць
ламаць	V;FUT;NOM(2,PL);sla	лама́ць
ламаць	V;FUT;NOM(3,PL);sla	лама́ць
ламаць	V;IMP;NOM(2,SG);sla	ламай
ламаць	V;PRS;NOM(1,PL);sla	ламаем
ламаць	V;PRS;NOM(1,SG);sla	ламаю
ламаць	V;PRS;NOM(2,PL);sla	ламаеце
ламаць	V;PRS;NOM(2,SG);sla	ламаеш
ламаць	V;PRS;NOM(3,PL);sla	ламаюць
ламаць	V;PST;NOM(SG,NEUT);sla	ламала
леў	N;ACC(SG);sla	леў
леў	N;DAT(PL);sla	левам
леў	N;DAT(SG);sla	леву
леў	N;GEN(PL);sla	леваў
леў	N;GEN(SG);sla	леву
леў	N;INS(PL);sla	левамі
леў	N;NOM(SG);sla	леў
лужыцкі	ADJ;ACC(INAN;PL);sla	лужыцкія
лужыцкі	ADJ;DAT(FEM;SG);sla	лужыцкай
лужыцкі	ADJ;ESS(PL);sla	лужыцкіх
лужыцкі	ADJ;GEN(FEM;SG);sla	лужыцкай
лужыцкі	ADJ;GEN(MASC;SG);sla	лужыцкага
лужыцкі	ADJ;GEN(PL);sla	лужыцкіх
лужыцкі	ADJ;INS(FEM;SG);sla	лужыцкаю
лужыцкі	ADJ;INS(MASC;SG);sla	лужыцкім
лужыцкі	ADJ;INS(PL);sla	лужыцкімі
лужыцкі	ADJ;NOM(MASC;SG);sla	лужыцкі
ліпеньскі	ADJ;ACC(ANIM;MASC;SG);sla	ліпеньскага
ліпеньскі	ADJ;ACC(INAN;PL);sla	ліпеньскія
ліпеньскі	ADJ;DAT(FEM;SG);sla	ліпеньскай
ліпеньскі	ADJ;DAT(PL);sla	ліпеньскім
ліпеньскі	ADJ;ESS(MASC;SG);sla	ліпеньскім
ліпеньскі	ADJ;GEN(NEUT;SG);sla	ліпеньскага
ліпеньскі	ADJ;INS(FEM;SG);sla	ліпеньскаю
ліпеньскі	ADJ;NOM(MASC;SG);sla	ліпеньскі
месяц	N;ACC(PL);sla	месяцаў
месяц	N;ACC(SG);sla	месяца
месяц	N;DAT(PL);sla	месяцам
месяц	N;DAT(SG);sla	месяцу
месяц	N;ESS(SG);sla	месяцу
месяц	N;GEN(SG);sla	месяца
месяц	N;INS(PL);sla	месяцамі
месяц	N;INS(SG);sla	месяцам
месяц	N;NOM(PL);sla	месяцы
месяц	N;NOM(SG);sla	месяц
молат	N;ACC(PL);sla	молатьев
молат	N;ACC(SG);sla	молата
молат	N;DAT(PL);sla	молатам
молат	N;DAT(SG);sla	молату
молат	N;ESS(PL);sla	молатах
молат	N;ESS(SG);sla	молате
молат	N;GEN(PL);sla	молатьев
молат	N;GEN(SG);sla	молата
молат	N;INS(PL);sla	молатьями
молат	N;INS(SG);sla	молатом
молат	N;NOM(PL);sla	молаты
надвор'е	N;ACC(SG);sla	надвор'е
надвор'е	N;DAT(SG);sla	надвор'ю
надвор'е	N;ESS(SG);sla	надвор'и
надвор'е	N;GEN(SG);sla	надвор'я
надвор'е	N;INS(SG);sla	надвор'ем
надвор'е	N;NOM(SG);sla	надвор'е
немка	N;ACC(PL);sla	немк
немка	N;ACC(SG);sla	немку
немка	N;DAT(PL);sla	немкам
немка	N;DAT(SG);sla	немцы
немка	N;ESS(PL);sla	немках
немка	N;ESS(SG);sla	немцы
немка	N;GEN(SG);sla	немкі
немка	N;INS(SG);sla	немкай
немка	N;NOM(PL);sla	немкі
немка	N;NOM(SG);sla	немка
нож	N;ACC(PL);sla	ножоў
нож	N;ACC(SG);sla	ножа
нож	N;DAT(PL);sla	ножам
нож	N;DAT(SG);sla	ножы
нож	N;ESS(PL);sla	ножах
нож	N;ESS(SG);sla	нож
нож	N;INS(PL);sla	ножамі
нож	N;INS(SG);sla	ножом
нож	N;NOM(PL);sla	ножы
нож	N;NOM(SG);sla	нож
нядзеля	N;ACC(PL);sla	нядзелят
нядзеля	N;ACC(SG);sla	нядзелю
нядзеля	N;DAT(PL);sla	нядзелятах
нядзеля	N;DAT(SG);sla	нядзеляці
нядзеля	N;ESS(SG);sla	нядзеляці
нядзеля	N;GEN(PL);sla	нядзелят
нядзеля	N;GEN(SG);sla	нядзеляці
нядзеля	N;INS(PL);sla	нядзелятамі
нядзеля	N;INS(SG);sla	нядзеляй
нядзеля	N;NOM(PL);sla	нядзеляты
нядзеля	N;NOM(SG);sla	нядзеля
пакурыць	V;FUT;NOM(1,PL);sla	пакурым
пакурыць	V;FUT;NOM(2,PL);sla	пакурышце
пакурыць	V;FUT;NOM(2,SG);sla	пакурыш
пакурыць	V;FUT;NOM(3,PL);sla	пакураць
пакурыць	V;FUT;NOM(3,SG);sla	пакурыць
пакурыць	V;IMP;NOM(2,SG);sla	пакур
пакурыць	V;PST;NOM(PL);sla	пакурылі
пакурыць	V;PST;NOM(SG,FEM);sla	пакурыла
пакурыць	V;PST;NOM(SG,MASC);sla	пакурыў
пакурыць	V;PST;NOM(SG,NEUT);sla	пакурыла
памятаць	V;FUT;NOM(2,PL);sla	памятанеце
памятаць	V;FUT;NOM(2,SG);sla	памятанеш
памятаць	V;FUT;NOM(3,SG);sla	памятане
памятаць	V;PRS;NOM(1,SG);sla	памятаю
памятаць	V;PRS;NOM(2,PL);sla	памятаеце
памятаць	V;PRS;NOM(2,SG);sla	памятаеш
памятаць	V;PRS;NOM(3,PL);sla	памятаюць
памятаць	V;PRS;NOM(3,SG);sla	памятае
памятаць	V;PST;NOM(SG,FEM);sla	памятала
памятаць	V;PST;NOM(SG,NEUT);sla	памятала
памінаць	V;FUT;NOM(1,PL);sla	паміна́ць
памінаць	V;FUT;NOM(2,PL);sla	паміна́ць
памінаць	V;FUT;NOM(2,SG);sla	паміна́ць
памінаць	V;FUT;NOM(3,SG);sla	паміоніць
памінаць	V;IMP;NOM(2,PL);sla	памінайце
памінаць	V;IMP;NOM(2,SG);sla	памінай
памінаць	V;PRS;NOM(1,SG);sla	памінаю
памінаць	V;PRS;NOM(2,PL);sla	памінаеце
памінаць	V;PRS;NOM(3,PL);sla	памінаюць
памінаць	V;PRS;NOM(3,SG);sla	памінае
памінаць	V;PST;NOM(SG,MASC);sla	памінаў
паражэнне	N;ACC(PL);sla	паражэнні
паражэнне	N;ACC(SG);sla	паражэнне
паражэнне	N;DAT(SG);sla	паражэнню
паражэнне	N;ESS(SG);sla	паражэнні
паражэнне	N;GEN(PL);sla	паражэнне
паражэнне	N;GEN(SG);sla	паражэння
паражэнне	N;INS(PL);sla	паражэннямі
паражэнне	N;NOM(PL);sla	паражэння
паражэнне	N;NOM(SG);sla	паражэнне
паспрачацца	V;FUT;NOM(1,PL);sla	паспрача́цца
паспрачацца	V;FUT;NOM(1,SG);sla	паспрача́цца
паспрачацца	V;FUT;NOM(2,PL);sla	паспрача́цца
паспрачацца	V;FUT;NOM(2,SG);sla	паспрача́цца
паспрачацца	V;FUT;NOM(3,PL);sla	паспрача́цца
паспрачацца	V;IMP;NOM(2,PL);sla	паспрачайцеся
паспрачацца	V;IMP;NOM(2,SG);sla	паспрачайся
паспрачацца	V;PST;NOM(PL);sla	паспрачаліся
паспрачацца	V;PST;NOM(SG,FEM);sla	паспрачалася
паспрачацца	V;PST;NOM(SG,MASC);sla	паспрачаўся
паспрачацца	V;PST;NOM(SG,NEUT);sla	паспрачалася
пачысціць	V;FUT;NOM(1,PL);sla	пачы́сціць
пачысціць	V;FUT;NOM(1,SG);sla	пачы́сціць
пачысціць	V;FUT;NOM(2,PL);sla	пачысці́ць
пачысціць	V;FUT;NOM(2,SG);sla	пачы́сціць
пачысціць	V;FUT;NOM(3,PL);sla	пачы́сціць
пачысціць	V;FUT;NOM(3,SG);sla	пачы́сціць
пачысціць	V;IMP;NOM(2,PL);sla	пачысціце
пачысціць	V;IMP;NOM(2,SG);sla	пачысці
пачысціць	V;PST;NOM(PL);sla	пачысцілі
пачысціць	V;PST;NOM(SG,FEM);sla	пачысціла
пачысціць	V;PST;NOM(SG,MASC);sla	пачысціў
печ	N;ACC(PL);sla	печы
печ	N;ACC(SG);sla	печ
печ	N;DAT(PL);sla	печам
печ	N;DAT(SG);sla	печы
печ	N;ESS(PL);sla	печах
печ	N;ESS(SG);sla	печы
печ	N;GEN(SG);sla	печы
печ	N;INS(PL);sla	печамі
печ	N;INS(SG);sla	печчу
печ	N;NOM(PL);sla	печы
печ	N;NOM(SG);sla	печ
прадаваць	V;FUT;NOM(1,PL);sla	прадава́ць
прадаваць	V;FUT;NOM(1,SG);sla	прадава́ць
прадаваць	V;FUT;NOM(3,PL);sla	прадава́ць
прадаваць	V;FUT;NOM(3,SG);sla	прадава́ць
прадаваць	V;PRS;NOM(1,PL);sla	прадуем
прадаваць	V;PRS;NOM(3,PL);sla	прадуюць
прадаваць	V;PRS;NOM(3,SG);sla	прадуе
прадаваць	V;PST;NOM(SG,FEM);sla	прадавала
прадаваць	V;PST;NOM(SG,MASC);sla	прадаваў
прадаваць	V;PST;NOM(SG,NEUT);sla	прадавала
прамоўца	N;ACC(PL);sla	прамоўцы
прамоўца	N;DAT(PL);sla	прамоўцам
прамоўца	N;DAT(SG);sla	прамоўцы
прамоўца	N;ESS(PL);sla	прамоўцах
прамоўца	N;ESS(SG);sla	прамоўцы
прамоўца	N;GEN(PL);sla	прамоўц
прамоўца	N;GEN(SG);sla	прамоўцы
прамоўца	N;INS(PL);sla	прамоўцамі
прамоўца	N;INS(SG);sla	прамоўцай
прамоўца	N;NOM(PL);sla	прамоўцы
прамоўца	N;NOM(SG);sla	прамоўца
прыгожы	ADJ;ACC(ANIM;MASC;SG);sla	прыгожага
прыгожы	ADJ;ACC(FEM;SG);sla	прыгожую
прыгожы	ADJ;ACC(INAN;PL);sla	прыгожыя
прыгожы	ADJ;ESS(FEM;SG);sla	прыгожай
прыгожы	ADJ;ESS(NEUT;SG);sla	прыгожым
прыгожы	ADJ;ESS(PL);sla	прыгожых
прыгожы	ADJ;GEN(FEM;SG);sla	прыгожай
прыгожы	ADJ;GEN(PL);sla	прыгожых
прыгожы	ADJ;INS(MASC;SG);sla	прыгожым
прыгожы	ADJ;INS(NEUT;SG);sla	прыгожым
прыгожы	ADJ;NOM(FEM;SG);sla	прыгожая
прыйсці	V;FUT;NOM(1,PL);sla	прыйдзем
прыйсці	V;FUT;NOM(1,SG);sla	прыйду
прыйсці	V;FUT;NOM(2,PL);sla	прыйдзеце
прыйсці	V;FUT;NOM(2,SG);sla	прыйдзеш
прыйсці	V;FUT;NOM(3,PL);sla	прыйдуць
прыйсці	V;FUT;NOM(3,SG);sla	прыйдзе
прыйсці	V;IMP;NOM(2,PL);sla	прыйдзіце
прыйсці	V;IMP;NOM(2,SG);sla	прыйдзі
прыйсці	V;PST;NOM(PL);sla	прыйшлі
прыйсці	V;PST;NOM(SG,FEM);sla	прыйшла
прыйсці	V;PST;NOM(SG,MASC);sla	прыйшоў
пякарня	N;ACC(PL);sla	пякарнят
пякарня	N;ACC(SG);sla	пякарню
пякарня	N;DAT(SG);sla	пякарне
пякарня	N;ESS(PL);sla	пякарнях
пякарня	N;ESS(SG);sla	пякарне
пякарня	N;GEN(PL);sla	пякарнят
пякарня	N;GEN(SG);sla	пякарни
пякарня	N;INS(PL);sla	пякарнями
пякарня	N;INS(SG);sla	пякарняй
пякарня	N;NOM(PL);sla	пякарни
пякарня	N;NOM(SG);sla	пякарня
пятнаццаты	ADJ;ACC(FEM;SG);sla	пятнаццатую
пятнаццаты	ADJ;ACC(INAN;MASC;SG);sla	пятнаццаты
пятнаццаты	ADJ;ACC(INAN;PL);sla	пятнаццатыя
пятнаццаты	ADJ;DAT(MASC;SG);sla	пятнаццатаму
пятнаццаты	ADJ;DAT(NEUT;SG);sla	пятнаццатаму
пятнаццаты	ADJ;ESS(PL);sla	пятнаццатых
пятнаццаты	ADJ;GEN(MASC;SG);sla	пятнаццатага
пятнаццаты	ADJ;INS(FEM;SG);sla	пятнаццатаю
пятнаццаты	ADJ;INS(PL);sla	пятнаццатымі
пятнаццаты	ADJ;NOM(NEUT;SG);sla	пятнаццатае
пячы	V;FUT;NOM(2,PL);sla	пяе
пячы	V;FUT;NOM(2,SG);sla	пяаш
пячы	V;FUT;NOM(3,PL);sla	пяуць
пячы	V;FUT;NOM(3,SG);sla	пяа
пячы	V;PRS;NOM(1,PL);sla	пячы
пячы	V;PRS;NOM(1,SG);sla	пячы
пячы	V;PRS;NOM(2,PL);sla	пячы
пячы	V;PRS;NOM(2,SG);sla	пячы
пячы	V;PST;NOM(PL);sla	пялі
пячы	V;PST;NOM(SG,FEM);sla	пяла
пячы	V;PST;NOM(SG,NEUT);sla	пяло
разбіць	V;FUT;NOM(1,PL);sla	разб’ём
разбіць	V;FUT;NOM(1,SG);sla	разбі́ць
разбіць	V;FUT;NOM(2,SG);sla	разб’еш
разбіць	V;FUT;NOM(3,SG);sla	разбі́ць
разбіць	V;IMP;NOM(2,PL);sla	разбіце
разбіць	V;IMP;NOM(2,SG);sla	разбі
разбіць	V;PST;NOM(PL);sla	разбілі
разбіць	V;PST;NOM(SG,FEM);sla	разбіла
разбіць	V;PST;NOM(SG,MASC);sla	разбіў
разбіць	V;PST;NOM(SG,NEUT);sla	разбіла
разумны	ADJ;ACC(ANIM;MASC;SG);sla	разумнага
разумны	ADJ;ACC(INAN;MASC;SG);sla	разумны
разумны	ADJ;ACC(INAN;PL);sla	разумныя
разумны	ADJ;DAT(NEUT;SG);sla	разумнаму
разумны	ADJ;ESS(NEUT;SG);sla	разумным
разумны	ADJ;ESS(PL);sla	разумных
разумны	ADJ;GEN(FEM;SG);sla	разумнай
разумны	ADJ;INS(PL);sla	разумнымі
разумны	ADJ;NOM(FEM;SG);sla	разумная
разумны	ADJ;NOM(NEUT;SG);sla	разумнае
разумны	ADJ;NOM(PL);sla	разумныя
сабраць	V;FUT;NOM(1,PL);sla	сабра́ць
сабраць	V;FUT;NOM(1,SG);sla	сабра́ць
сабраць	V;FUT;NOM(2,PL);sla	сабра́ць
сабраць	V;FUT;NOM(2,SG);sla	сабра́ць
сабраць	V;FUT;NOM(3,PL);sla	сабра́ць
сабраць	V;FUT;NOM(3,SG);sla	сабра́ць
сабраць	V;IMP;NOM(2,PL);sla	сабрайце
сабраць	V;PST;NOM(PL);sla	сабралі
сабраць	V;PST;NOM(SG,FEM);sla	сабрала
сабраць	V;PST;NOM(SG,MASC);sla	сабраў
сабраць	V;PST;NOM(SG,NEUT);sla	сабрала
серп	N;ACC(PL);sla	серпы
серп	N;ACC(SG);sla	серп
серп	N;DAT(PL);sla	серпам
серп	N;DAT(SG);sla	серпу
серп	N;ESS(PL);sla	серпах
серп	N;ESS(SG);sla	серпе
серп	N;GEN(SG);sla	серпа
серп	N;INS(PL);sla	серпами
серп	N;INS(SG);sla	серпом
серп	N;NOM(PL);sla	серпы
серп	N;NOM(SG);sla	серп
слабы	ADJ;ACC(ANIM;MASC;SG);sla	слабага
слабы	ADJ;ACC(FEM;SG);sla	слабую
слабы	ADJ;ACC(INAN;MASC;SG);sla	слабы
слабы	ADJ;ACC(INAN;PL);sla	слабыя
слабы	ADJ;DAT(FEM;SG);sla	слабай
слабы	ADJ;DAT(PL);sla	слабым
слабы	ADJ;ESS(FEM;SG);sla	слабай
слабы	ADJ;ESS(NEUT;SG);sla	слабым
слабы	ADJ;INS(FEM;SG);sla	слабаю
слабы	ADJ;NOM(PL);sla	слабыя
соль	N;ACC(PL);sla	солі
соль	N;ACC(SG);sla	соль
соль	N;DAT(PL);sla	солям
соль	N;DAT(SG);sla	солю
соль	N;ESS(PL);sla	солях
соль	N;ESS(SG);sla	соле
соль	N;GEN(PL);sla	солей
соль	N;INS(PL);sla	солями
соль	N;INS(SG);sla	солем
соль	N;NOM(PL);sla	соля
соль	N;NOM(SG);sla	соль
спакой	N;ACC(SG);sla	спакого
спакой	N;DAT(SG);sla	спакому
спакой	N;ESS(SG);sla	спакое
спакой	N;GEN(SG);sla	спакого
спакой	N;INS(SG);sla	спакоем
спакой	N;NOM(SG);sla	спакой
спаць	V;FUT;NOM(1,PL);sla	спа́ць
спаць	V;FUT;NOM(1,SG);sla	спа́ць
спаць	V;FUT;NOM(2,PL);sla	спа́ць
спаць	V;FUT;NOM(3,PL);sla	спа́ць
спаць	V;IMP;NOM(2,PL);sla	спайце
спаць	V;PRS;NOM(1,SG);sla	спаю
спаць	V;PRS;NOM(2,PL);sla	спаеце
спаць	V;PRS;NOM(3,SG);sla	спае
спаць	V;PST;NOM(PL);sla	спалі
спаць	V;PST;NOM(SG,FEM);sla	спала
спаць	V;PST;NOM(SG,NEUT);sla	спала
спытаць	V;FUT;NOM(1,SG);sla	спыта́ць
спытаць	V;FUT;NOM(2,SG);sla	спыта́ць
спытаць	V;FUT;NOM(3,PL);sla	спыта́ць
спытаць	V;FUT;NOM(3,SG);sla	спытане
спытаць	V;IMP;NOM(2,PL);sla	спытайце
спытаць	V;IMP;NOM(2,SG);sla	спытай
спытаць	V;PST;NOM(PL);sla	спыталі
спытаць	V;PST;NOM(SG,FEM);sla	спытала
спытаць	V;PST;NOM(SG,MASC);sla	спытаў
спытаць	V;PST;NOM(SG,NEUT);sla	спытала
спячы	V;FUT;NOM(2,PL);sla	спяе
спячы	V;FUT;NOM(2,SG);sla	спяаш
спячы	V;FUT;NOM(3,PL);sla	спяуць
спячы	V;FUT;NOM(3,SG);sla	спяа
спячы	V;IMP;NOM(2,PL);sla	спяыце
спячы	V;IMP;NOM(2,SG);sla	спяы
спячы	V;PST;NOM(PL);sla	спялі
спячы	V;PST;NOM(SG,FEM);sla	спяла
спячы	V;PST;NOM(SG,NEUT);sla	спяло
стомлены	ADJ;ACC(ANIM;PL);sla	стомленых
стомлены	ADJ;DAT(MASC;SG);sla	стомленаму
стомлены	ADJ;DAT(NEUT;SG);sla	стомленаму
стомлены	ADJ;DAT(PL);sla	стомленым
стомлены	ADJ;ESS(FEM;SG);sla	стомленай
стомлены	ADJ;GEN(FEM;SG);sla	стомленай
стомлены	ADJ;INS(FEM;SG);sla	стомленаю
стомлены	ADJ;INS(PL);sla	стомленымі
стомлены	ADJ;NOM(FEM;SG);sla	стомленая
стомлены	ADJ;NOM(NEUT;SG);sla	стомленае
стрэлка	N;ACC(PL);sla	стрэлкі
стрэлка	N;ACC(SG);sla	стрэлку
стрэлка	N;DAT(PL);sla	стрэлкам
стрэлка	N;DAT(SG);sla	стрэлцы
стрэлка	N;ESS(PL);sla	стрэлках
стрэлка	N;ESS(SG);sla	стрэлцы
стрэлка	N;GEN(PL);sla	стрэлак
стрэлка	N;GEN(SG);sla	стрэлкі
стрэлка	N;INS(PL);sla	стрэлками
стрэлка	N;NOM(PL);sla	стрэлкі
стрэлка	N;NOM(SG);sla	стрэлка
сумка	N;ACC(PL);sla	сумк
сумка	N;ACC(SG);sla	сумку
сумка	N;DAT(PL);sla	сумкам
сумка	N;DAT(SG);sla	сумцы
сумка	N;ESS(PL);sla	сумках
сумка	N;GEN(PL);sla	сумк
сумка	N;INS(PL);sla	сумкамі
сумка	N;INS(SG);sla	сумкай
сумка	N;NOM(PL);sla	сумкі
сумка	N;NOM(SG);sla	сумка
сярэбраны	ADJ;ACC(ANIM;MASC;SG);sla	сярэбранага
сярэбраны	ADJ;ACC(INAN;MASC;SG);sla	сярэбраны
сярэбраны	ADJ;DAT(NEUT;SG);sla	сярэбранаму
сярэбраны	ADJ;ESS(NEUT;SG);sla	сярэбраным
сярэбраны	ADJ;GEN(FEM;SG);sla	сярэбранай
сярэбраны	ADJ;GEN(MASC;SG);sla	сярэбранага
сярэбраны	ADJ;GEN(NEUT;SG);sla	сярэбранага
сярэбраны	ADJ;INS(FEM;SG);sla	сярэбранаю
сярэбраны	ADJ;NOM(MASC;SG);sla	сярэбраны
сярэбраны	ADJ;NOM(NEUT;SG);sla	сярэбранае
сястра	N;ACC(SG);sla	сястру
сястра	N;DAT(SG);sla	сястре
сястра	N;ESS(PL);sla	сястрах
сястра	N;ESS(SG);sla	сястры
сястра	N;GEN(PL);sla	сястр
сястра	N;GEN(SG);sla	сястры
сястра	N;INS(PL);sla	сястрамі
сястра	N;INS(SG);sla	сястрой
сястра	N;NOM(PL);sla	сястры
сястра	N;NOM(SG);sla	сястра
сіні	ADJ;ACC(FEM;SG);sla	сіную
сіні	ADJ;DAT(MASC;SG);sla	сіняму
сіні	ADJ;DAT(NEUT;SG);sla	сінаму
сіні	ADJ;DAT(PL);sla	сінім
сіні	ADJ;ESS(FEM;SG);sla	сіняй
сіні	ADJ;ESS(MASC;SG);sla	сінім
сіні	ADJ;ESS(PL);sla	сініх
сіні	ADJ;INS(NEUT;SG);sla	сінім
сіні	ADJ;NOM(MASC;SG);sla	сіні
сіні	ADJ;NOM(PL);sla	сінія
трынаццаты	ADJ;ACC(ANIM;PL);sla	трынаццатых
трынаццаты	ADJ;ACC(FEM;SG);sla	трынаццатую
трынаццаты	ADJ;ACC(INAN;MASC;SG);sla	трынаццаты
трынаццаты	ADJ;DAT(MASC;SG);sla	трынаццатаму
трынаццаты	ADJ;ESS(MASC;SG);sla	трынаццатым
трынаццаты	ADJ;GEN(MASC;SG);sla	трынаццатага
трынаццаты	ADJ;GEN(NEUT;SG);sla	трынаццатага
трынаццаты	ADJ;INS(FEM;SG);sla	трынаццатаю
трынаццаты	ADJ;INS(MASC;SG);sla	трынаццатым
трынаццаты	ADJ;INS(PL);sla	трынаццатымі
трынаццаты	ADJ;NOM(MASC;SG);sla	трынаццаты
унікаць	V;FUT;NOM(1,SG);sla	уніка́ць
унікаць	V;FUT;NOM(2,PL);sla	уніка́ць
унікаць	V;FUT;NOM(3,PL);sla	уніка́ць
унікаць	V;FUT;NOM(3,SG);sla	уніка́ць
унікаць	V;IMP;NOM(2,SG);sla	унікай
унікаць	V;PRS;NOM(1,PL);sla	унікаем
унікаць	V;PRS;NOM(1,SG);sla	унікаю
унікаць	V;PRS;NOM(2,PL);sla	унікаеце
унікаць	V;PRS;NOM(3,PL);sla	унікаюць
унікаць	V;PRS;NOM(3,SG);sla	унікае
унікаць	V;PST;NOM(SG,NEUT);sla	унікала
устаць	V;FUT;NOM(1,PL);sla	устанем
устаць	V;FUT;NOM(1,SG);sla	устану
устаць	V;FUT;NOM(2,PL);sla	устанеце
устаць	V;FUT;NOM(2,SG);sla	устанеш
устаць	V;FUT;NOM(3,PL);sla	устануць
устаць	V;IMP;NOM(2,PL);sla	устаньце
устаць	V;IMP;NOM(2,SG);sla	устань
устаць	V;PST;NOM(PL);sla	усталі
устаць	V;PST;NOM(SG,FEM);sla	устала
устаць	V;PST;NOM(SG,NEUT);sla	устала
усходні	ADJ;ACC(ANIM;PL);sla	усходніх
усходні	ADJ;ACC(FEM;SG);sla	усходную
усходні	ADJ;ACC(INAN;MASC;SG);sla	усходні
усходні	ADJ;ACC(NEUT;SG);sla	усходняе
усходні	ADJ;DAT(PL);sla	усходнім
усходні	ADJ;ESS(MASC;SG);sla	усходнім
усходні	ADJ;ESS(NEUT;SG);sla	усходнім
усходні	ADJ;GEN(MASC;SG);sla	усходняга
усходні	ADJ;GEN(NEUT;SG);sla	усходняга
усходні	ADJ;INS(FEM;SG);sla	усходняю
ухіліцца	V;FUT;NOM(1,PL);sla	ухілімся
ухіліцца	V;FUT;NOM(1,SG);sla	ухілюся
ухіліцца	V;FUT;NOM(2,PL);sla	ухіліцеся
ухіліцца	V;FUT;NOM(3,PL);sla	ухіляцца
ухіліцца	V;FUT;NOM(3,SG);sla	ухіліцца
ухіліцца	V;IMP;NOM(2,PL);sla	ухіліцеся
ухіліцца	V;IMP;NOM(2,SG);sla	ухіліся
ухіліцца	V;PST;NOM(SG,FEM);sla	ухілілася
ухіліцца	V;PST;NOM(SG,MASC);sla	ухіліўся
ухіліцца	V;PST;NOM(SG,NEUT);sla	ухілілася
цар	N;ACC(PL);sla	цараў
цар	N;ACC(SG);sla	цра
цар	N;DAT(PL);sla	царам
цар	N;ESS(PL);sla	царах
цар	N;ESS(SG);sla	цру
цар	N;GEN(PL);sla	цараў
цар	N;GEN(SG);sla	цара
цар	N;INS(PL);sla	царамі
цар	N;INS(SG);sla	црам
цар	N;NOM(PL);sla	цары
цар	N;NOM(SG);sla	цар
цэлы	ADJ;DAT(FEM;SG);sla	цэлай
цэлы	ADJ;DAT(NEUT;SG);sla	цэламу
цэлы	ADJ;DAT(PL);sla	цэлым
цэлы	ADJ;ESS(PL);sla	цэлых
цэлы	ADJ;GEN(FEM;SG);sla	цэлай
цэлы	ADJ;GEN(PL);sla	цэлых
цэлы	ADJ;INS(MASC;SG);sla	цэлым
цэлы	ADJ;NOM(FEM;SG);sla	цэлая
цэлы	ADJ;NOM(MASC;SG);sla	цэлы
цэлы	ADJ;NOM(PL);sla	цэлыя
чысты	ADJ;ACC(ANIM;MASC;SG);sla	чыстага
чысты	ADJ;ACC(INAN;MASC;SG);sla	чысты
чысты	ADJ;DAT(FEM;SG);sla	чыстай
чысты	ADJ;DAT(MASC;SG);sla	чыстому
чысты	ADJ;ESS(NEUT;SG);sla	чыстым
чысты	ADJ;GEN(MASC;SG);sla	чыстага
чысты	ADJ;GEN(NEUT;SG);sla	чыстага
чысты	ADJ;INS(FEM;SG);sla	чыстою
чысты	ADJ;NOM(MASC;SG);sla	чысты
чысты	ADJ;NOM(NEUT;SG);sla	чыстое
чысты	ADJ;NOM(PL);sla	чыстыя
шапка	N;ACC(SG);sla	шапку
шапка	N;DAT(PL);sla	шапкам
шапка	N;DAT(SG);sla	шапцы
шапка	N;ESS(PL);sla	шапках
шапка	N;ESS(SG);sla	шапцы
шапка	N;GEN(PL);sla	шапак
шапка	N;GEN(SG);sla	шапкі
шапка	N;INS(PL);sla	шапкамі
шапка	N;INS(SG);sla	шапкай
шапка	N;NOM(SG);sla	шапка
шахматы	N;ACC(SG);sla	шахматы
шахматы	N;DAT(SG);sla	шахматам
шахматы	N;ESS(SG);sla	шахматах
шахматы	N;GEN(SG);sla	шахматаў
шахматы	N;INS(SG);sla	шахматамі
шахматы	N;NOM(SG);sla	шахматы
штодзённы	ADJ;ACC(ANIM;MASC;SG);sla	штодзённага
штодзённы	ADJ;ACC(INAN;MASC;SG);sla	штодзённы
штодзённы	ADJ;ACC(NEUT;SG);sla	штодзённае
штодзённы	ADJ;DAT(FEM;SG);sla	штодзённай
штодзённы	ADJ;DAT(MASC;SG);sla	штодзённаму
штодзённы	ADJ;DAT(NEUT;SG);sla	штодзённаму
штодзённы	ADJ;INS(FEM;SG);sla	штодзённаю
штодзённы	ADJ;INS(MASC;SG);sla	штодзённым
штодзённы	ADJ;INS(NEUT;SG);sla	штодзённым
штодзённы	ADJ;NOM(MASC;SG);sla	штодзённы
штодзённы	ADJ;NOM(PL);sla	штодзённыя
шыя	N;ACC(PL);sla	шыі
шыя	N;DAT(PL);sla	шыям
шыя	N;ESS(PL);sla	шыях
шыя	N;ESS(SG);sla	шыі
шыя	N;GEN(PL);sla	шый
шыя	N;GEN(SG);sla	шыи
шыя	N;INS(PL);sla	шыями
шыя	N;INS(SG);sla	шыяй
шыя	N;NOM(PL);sla	шыи
шыя	N;NOM(SG);sla	шыя
яркі	ADJ;ACC(ANIM;MASC;SG);sla	яркага
яркі	ADJ;ACC(FEM;SG);sla	яркую
яркі	ADJ;ACC(INAN;PL);sla	яркія
яркі	ADJ;GEN(FEM;SG);sla	яркай
яркі	ADJ;GEN(PL);sla	яркіх
яркі	ADJ;INS(FEM;SG);sla	яркаю
яркі	ADJ;INS(MASC;SG);sla	яркім
яркі	ADJ;INS(NEUT;SG);sla	яркім
яркі	ADJ;INS(PL);sla	яркімі
яркі	ADJ;NOM(MASC;SG);sla	яркі
ячмень	N;ACC(SG);sla	ячмень
ячмень	N;DAT(SG);sla	ячменю
ячмень	N;ESS(SG);sla	ячмені
ячмень	N;INS(SG);sla	ячменем
ячмень	N;NOM(SG);sla	ячмень
італьянка	N;ACC(PL);sla	італьянак
італьянка	N;ACC(SG);sla	італьянку
італьянка	N;DAT(PL);sla	італьянкам
італьянка	N;DAT(SG);sla	італьянцы
італьянка	N;ESS(PL);sla	італьянках
італьянка	N;ESS(SG);sla	італьянцы
італьянка	N;GEN(PL);sla	італьянак
італьянка	N;GEN(SG);sla	італьянкі
італьянка	N;INS(PL);sla	італьянкамі
італьянка	N;INS(SG);sla	італьянкай
італьянка	N;NOM(PL);sla	італьянкі
ўнікнуць	V;FUT;NOM(1,PL);sla	ўнікнем
ўнікнуць	V;FUT;NOM(2,PL);sla	ўнікнеце
ўнікнуць	V;FUT;NOM(2,SG);sla	ўнікнеш
ўнікнуць	V;FUT;NOM(3,PL);sla	ўнікнуць
ўнікнуць	V;FUT;NOM(3,SG);sla	ўнікне
ўнікнуць	V;IMP;NOM(2,PL);sla	ўнікніце
ўнікнуць	V;IMP;NOM(2,SG);sla	ўнікні
ўнікнуць	V;PST;NOM(PL);sla	ўніклі
ўнікнуць	V;PST;NOM(SG,FEM);sla	ўнікла
ўнікнуць	V;PST;NOM(SG,MASC);sla	ўнік
ўнікнуць	V;PST;NOM(SG,NEUT);sla	ўнікла
асексуальный	ADJ;ACC(ANIM;PL);sla	асексуальных
асексуальный	ADJ;ACC(INAN;MASC;SG);sla	асексуальный
асексуальный	ADJ;ACC(INAN;PL);sla	асексуальные
асексуальный	ADJ;DAT(FEM;SG);sla	асексуальной
асексуальный	ADJ;ESS(MASC;SG);sla	асексуальном
асексуальный	ADJ;ESS(PL);sla	асексуальных
асексуальный	ADJ;INS(MASC;SG);sla	асексуальным
асексуальный	ADJ;NEUT;SG;LGSPEC1;sla	асексуально
асексуальный	ADJ;NOM(FEM;SG);sla	асексуальная
асексуальный	ADJ;NOM(MASC;SG);sla	асексуальный
афроамериканка	N;ACC(PL);sla	афроамериканак
афроамериканка	N;ACC(SG);sla	афроамериканку
афроамериканка	N;ESS(PL);sla	афроамериканках
афроамериканка	N;ESS(SG);sla	афроамериканцы
афроамериканка	N;GEN(PL);sla	афроамериканак
афроамериканка	N;GEN(SG);sla	афроамериканкі
афроамериканка	N;INS(PL);sla	афроамериканкамі
афроамериканка	N;INS(SG);sla	афроамериканкай
афроамериканка	N;NOM(PL);sla	афроамериканкі
афроамериканка	N;NOM(SG);sla	афроамериканка
беленький	ADJ;ACC(ANIM;PL);sla	беленьких
беленький	ADJ;ACC(FEM;SG);sla	беленькую
беленький	ADJ;ACC(INAN;MASC;SG);sla	беленький
беленький	ADJ;DAT(MASC;SG);sla	беленькому
беленький	ADJ;DAT(PL);sla	беленьким
беленький	ADJ;ESS(PL);sla	беленьких
беленький	ADJ;INS(FEM;SG);sla	беленькой
беленький	ADJ;INS(MASC;SG);sla	беленьким
беленький	ADJ;INS(PL);sla	беленькими
беленький	ADJ;NOM(MASC;SG);sla	беленький
благородие	N;ACC(SG);sla	благородие
благородие	N;DAT(PL);sla	благородиям
благородие	N;DAT(SG);sla	благородию
благородие	N;ESS(PL);sla	благородиях
благородие	N;ESS(SG);sla	благородии
благородие	N;GEN(PL);sla	благородий
благородие	N;GEN(SG);sla	благородия
благородие	N;INS(PL);sla	благородиями
благородие	N;INS(SG);sla	благородием
благородие	N;NOM(SG);sla	благородие
вешалка	N;ACC(SG);sla	вешалку
вешалка	N;DAT(PL);sla	вешалкам
вешалка	N;DAT(SG);sla	вешалцы
вешалка	N;ESS(PL);sla	вешалках
вешалка	N;ESS(SG);sla	вешалке
вешалка	N;GEN(PL);sla	вешалак
вешалка	N;GEN(SG);sla	вешалкі
вешалка	N;INS(PL);sla	вешалками
вешалка	N;INS(SG);sla	вешалкай
вешалка	N;NOM(PL);sla	вешалкі
вешалка	N;NOM(SG);sla	вешалка
водоносный	ADJ;ACC(ANIM;MASC;SG);sla	водоносного
водоносный	ADJ;ACC(ANIM;PL);sla	водоносных
водоносный	ADJ;DAT(MASC;SG);sla	водоносному
водоносный	ADJ;ESS(MASC;SG);sla	водоносном
водоносный	ADJ;GEN(PL);sla	водоносных
водоносный	ADJ;INS(FEM;SG);sla	водоносной
водоносный	ADJ;INS(NEUT;SG);sla	водоносным
водоносный	ADJ;NOM(MASC;SG);sla	водоносный
водоносный	ADJ;NOM(PL);sla	водоносные
вольнодумец	N;ACC(PL);sla	вольнодумцаў
вольнодумец	N;ACC(SG);sla	вольнодумца
вольнодумец	N;DAT(PL);sla	вольнодумцам
вольнодумец	N;DAT(SG);sla	вольнодумцу
вольнодумец	N;ESS(PL);sla	вольнодумцах
вольнодумец	N;GEN(PL);sla	вольнодумцаў
вольнодумец	N;GEN(SG);sla	вольнодумца
вольнодумец	N;INS(PL);sla	вольнодумцамі
вольнодумец	N;INS(SG);sla	вольнодумцам
вольнодумец	N;NOM(SG);sla	вольнодумец
вскакивать	V.CVB;PST;sla	вскакивав
вскакивать	V.PTCP;ACT;PRS;sla	вскакивающий
вскакивать	V;FUT;NOM(2,SG);sla	вскакивать
вскакивать	V;FUT;NOM(3,PL);sla	вскакивать
вскакивать	V;FUT;NOM(3,SG);sla	вскакивать
вскакивать	V;PRS;NOM(1,SG);sla	вскакиваю
вскакивать	V;PRS;NOM(2,PL);sla	вскакиваете
вскакивать	V;PST;NOM(PL);sla	вскакивали
вскакивать	V;PST;NOM(SG,NEUT);sla	вскакивало
вывёртываться	V.PTCP;ACT;PST;sla	вывёртывавшийся
вывёртываться	V;FUT;NOM(1,SG);sla	вывёртываться
вывёртываться	V;FUT;NOM(3,PL);sla	вывёртываться
вывёртываться	V;FUT;NOM(3,SG);sla	вывёртываться
вывёртываться	V;IMP;NOM(2,PL);sla	вывёртывайтесь
вывёртываться	V;PRS;NOM(1,PL);sla	вывёртываемся
вывёртываться	V;PRS;NOM(1,SG);sla	вывёртываюсь
вывёртываться	V;PRS;NOM(3,PL);sla	вывёртываются
вывёртываться	V;PST;NOM(SG,NEUT);sla	вывёртывалось
выстраивать	V.CVB;PRS;sla	выстраивая
выстраивать	V;FUT;NOM(2,SG);sla	выстраивать
выстраивать	V;FUT;NOM(3,PL);sla	выстраивать
выстраивать	V;IMP;NOM(2,PL);sla	выстраивайте
выстраивать	V;IMP;NOM(2,SG);sla	выстраивай
выстраивать	V;PRS;NOM(1,PL);sla	выстраиваем
выстраивать	V;PRS;NOM(1,SG);sla	выстраиваю
выстраивать	V;PRS;NOM(2,PL);sla	выстраиваете
выстраивать	V;PRS;NOM(2,SG);sla	выстраиваешь
выстраивать	V;PRS;NOM(3,PL);sla	выстраивают
выстраивать	V;PST;NOM(PL);sla	выстраивали
гастрольный	ADJ;ACC(ANIM;MASC;SG);sla	гастрольного
гастрольный	ADJ;DAT(NEUT;SG);sla	гастрольному
гастрольный	ADJ;ESS(FEM;SG);sla	гастрольной
гастрольный	ADJ;GEN(MASC;SG);sla	гастрольного
гастрольный	ADJ;GEN(NEUT;SG);sla	гастрольного
гастрольный	ADJ;GEN(PL);sla	гастрольных
гастрольный	ADJ;INS(MASC;SG);sla	гастрольным
гастрольный	ADJ;INS(PL);sla	гастрольными
гастрольный	ADJ;NOM(FEM;SG);sla	гастрольная
гастрольный	ADJ;NOM(NEUT;SG);sla	гастрольное
гастрольный	ADJ;NOM(PL);sla	гастрольные
гибельный	ADJ;ACC(ANIM;MASC;SG);sla	гибельного
гибельный	ADJ;ACC(NEUT;SG);sla	гибельное
гибельный	ADJ;DAT(MASC;SG);sla	гибельному
гибельный	ADJ;DAT(PL);sla	гибельным
гибельный	ADJ;ESS(MASC;SG);sla	гибельном
гибельный	ADJ;ESS(PL);sla	гибельных
гибельный	ADJ;GEN(NEUT;SG);sla	гибельного
гибельный	ADJ;INS(NEUT;SG);sla	гибельным
гибельный	ADJ;MASC;SG;LGSPEC1;sla	гибелен
гибельный	ADJ;NEUT;SG;LGSPEC1;sla	гибельно
гибельный	ADJ;NOM(PL);sla	гибельные
глобальный	ADJ;ACC(ANIM;PL);sla	глобальных
глобальный	ADJ;ACC(INAN;MASC;SG);sla	глобальный
глобальный	ADJ;DAT(FEM;SG);sla	глобальной
глобальный	ADJ;DAT(MASC;SG);sla	глобальному
глобальный	ADJ;DAT(NEUT;SG);sla	глобальному
глобальный	ADJ;DAT(PL);sla	глобальным
глобальный	ADJ;ESS(PL);sla	глобальных
глобальный	ADJ;GEN(PL);sla	глобальных
глобальный	ADJ;INS(MASC;SG);sla	глобальным
глобальный	ADJ;INS(NEUT;SG);sla	глобальным
деревообделочная	N;ACC(PL);sla	деревообделочнаі
деревообделочная	N;ACC(SG);sla	деревообделочнаю
деревообделочная	N;DAT(SG);sla	деревообделочнаі
деревообделочная	N;ESS(PL);sla	деревообделочнаях
деревообделочная	N;GEN(PL);sla	деревообделочнай
деревообделочная	N;INS(PL);sla	деревообделочнаями
деревообделочная	N;INS(SG);sla	деревообделочнаяй
деревообделочная	N;NOM(PL);sla	деревообделочнаи
деревообделочная	N;NOM(SG);sla	деревообделочная
жилетка	N;ACC(PL);sla	жилетак
жилетка	N;ACC(SG);sla	жилетку
жилетка	N;DAT(PL);sla	жилеткам
жилетка	N;DAT(SG);sla	жилетцы
жилетка	N;ESS(PL);sla	жилетках
жилетка	N;ESS(SG);sla	жилетцы
жилетка	N;GEN(PL);sla	жилетак
жилетка	N;INS(PL);sla	жилеткамі
жилетка	N;NOM(PL);sla	жилеткі
жилетка	N;NOM(SG);sla	жилетка
зажиточный	ADJ;ACC(FEM;SG);sla	зажиточную
зажиточный	ADJ;ACC(INAN;PL);sla	зажиточные
зажиточный	ADJ;DAT(MASC;SG);sla	зажиточному
зажиточный	ADJ;DAT(NEUT;SG);sla	зажиточному
зажиточный	ADJ;DAT(PL);sla	зажиточным
зажиточный	ADJ;INS(PL);sla	зажиточными
зажиточный	ADJ;NEUT;SG;LGSPEC1;sla	зажиточно
зажиточный	ADJ;NOM(FEM;SG);sla	зажиточная
зажиточный	ADJ;NOM(MASC;SG);sla	зажиточный
зажиточный	ADJ;NOM(NEUT;SG);sla	зажиточное
зажиточный	ADJ;PL;LGSPEC1;sla	зажиточны
заседание	N;ACC(PL);sla	заседания
заседание	N;ACC(SG);sla	заседание
заседание	N;DAT(PL);sla	заседаниям
заседание	N;DAT(SG);sla	заседанию
заседание	N;ESS(PL);sla	заседаниях
заседание	N;ESS(SG);sla	заседании
заседание	N;GEN(PL);sla	заседаний
заседание	N;GEN(SG);sla	заседания
заседание	N;NOM(PL);sla	заседания
заседание	N;NOM(SG);sla	заседание
зрелый	ADJ;ACC(INAN;MASC;SG);sla	зрелый
зрелый	ADJ;ACC(INAN;PL);sla	зрелые
зрелый	ADJ;DAT(NEUT;SG);sla	зрелому
зрелый	ADJ;DAT(PL);sla	зрелым
зрелый	ADJ;ESS(FEM;SG);sla	зрелой
зрелый	ADJ;ESS(NEUT;SG);sla	зрелом
зрелый	ADJ;ESS(PL);sla	зрелых
зрелый	ADJ;GEN(NEUT;SG);sla	зрелого
зрелый	ADJ;INS(MASC;SG);sla	зрелым
зрелый	ADJ;INS(NEUT;SG);sla	зрелым
зрелый	ADJ;INS(PL);sla	зрелыми
игра	N;ACC(SG);sla	игру
игра	N;DAT(PL);sla	играм
игра	N;DAT(SG);sla	игре
игра	N;ESS(PL);sla	играх
игра	N;GEN(PL);sla	игр
игра	N;GEN(SG);sla	игры
игра	N;INS(PL);sla	играмі
игра	N;INS(SG);sla	игрой
игра	N;NOM(PL);sla	игры
игра	N;NOM(SG);sla	игра
игрок	N;ACC(SG);sla	игрок
игрок	N;DAT(PL);sla	игркам
игрок	N;DAT(SG);sla	игрку
игрок	N;ESS(PL);sla	игрках
игрок	N;ESS(SG);sla	игрке
игрок	N;GEN(PL);sla	игрков
игрок	N;GEN(SG);sla	игрка
игрок	N;INS(PL);sla	игрками
игрок	N;INS(SG);sla	игрком
игрок	N;NOM(PL);sla	игрки
игрок	N;NOM(SG);sla	игрок
изолировать	V.CVB;PRS;sla	изолируя
изолировать	V.PTCP;ACT;PST;sla	изолировавший
изолировать	V;FUT;NOM(1,PL);sla	изолируем
изолировать	V;FUT;NOM(1,SG);sla	изолирую
изолировать	V;FUT;NOM(2,PL);sla	изолируете
изолировать	V;FUT;NOM(3,SG);sla	изолирует
изолировать	V;IMP;NOM(2,SG);sla	изолируй
изолировать	V;NFIN;sla	изолировать
изолировать	V;PRS;NOM(1,PL);sla	изолируем
изолировать	V;PST;NOM(SG,NEUT);sla	изолировало
иностранный	ADJ;DAT(FEM;SG);sla	иностранной
иностранный	ADJ;DAT(MASC;SG);sla	иностранному
иностранный	ADJ;DAT(NEUT;SG);sla	иностранному
иностранный	ADJ;ESS(MASC;SG);sla	иностранном
иностранный	ADJ;ESS(NEUT;SG);sla	иностранном
иностранный	ADJ;GEN(FEM;SG);sla	иностранной
иностранный	ADJ;GEN(MASC;SG);sla	иностранного
иностранный	ADJ;GEN(PL);sla	иностранных
иностранный	ADJ;INS(PL);sla	иностранными
иностранный	ADJ;NOM(MASC;SG);sla	иностранный
иностранный	ADJ;NOM(PL);sla	иностранные
кованый	ADJ;ACC(ANIM;PL);sla	кованых
кованый	ADJ;ACC(FEM;SG);sla	кованую
кованый	ADJ;DAT(FEM;SG);sla	кованой
кованый	ADJ;DAT(MASC;SG);sla	кованому
кованый	ADJ;DAT(NEUT;SG);sla	кованому
кованый	ADJ;ESS(PL);sla	кованых
кованый	ADJ;GEN(FEM;SG);sla	кованой
кованый	ADJ;GEN(NEUT;SG);sla	кованого
кованый	ADJ;INS(NEUT;SG);sla	кованым
кованый	ADJ;INS(PL);sla	коваными
красноватый	ADJ;ACC(ANIM;MASC;SG);sla	красноватого
красноватый	ADJ;ACC(INAN;MASC;SG);sla	красноватый
красноватый	ADJ;DAT(MASC;SG);sla	красноватому
красноватый	ADJ;DAT(PL);sla	красноватым
красноватый	ADJ;GEN(FEM;SG);sla	красноватой
красноватый	ADJ;GEN(MASC;SG);sla	красноватого
красноватый	ADJ;INS(PL);sla	красноватыми
красноватый	ADJ;NEUT;SG;LGSPEC1;sla	красновато
красноватый	ADJ;NOM(FEM;SG);sla	красноватая
красноватый	ADJ;PL;LGSPEC1;sla	красноваты
кулачковый	ADJ;ACC(INAN;MASC;SG);sla	кулачковый
кулачковый	ADJ;ACC(NEUT;SG);sla	кулачковое
кулачковый	ADJ;DAT(FEM;SG);sla	кулачковой
кулачковый	ADJ;ESS(FEM;SG);sla	кулачковой
кулачковый	ADJ;ESS(NEUT;SG);sla	кулачковом
кулачковый	ADJ;GEN(FEM;SG);sla	кулачковой
кулачковый	ADJ;GEN(MASC;SG);sla	кулачкового
кулачковый	ADJ;GEN(NEUT;SG);sla	кулачкового
кулачковый	ADJ;INS(FEM;SG);sla	кулачковой
кулачковый	ADJ;NOM(PL);sla	кулачковые
ланка	N;ACC(PL);sla	ланак
ланка	N;ACC(SG);sla	ланку
ланка	N;DAT(SG);sla	ланцы
ланка	N;ESS(PL);sla	ланках
ланка	N;ESS(SG);sla	ланцы
ланка	N;GEN(PL);sla	ланак
ланка	N;GEN(SG);sla	ланкі
ланка	N;INS(SG);sla	ланкай
ланка	N;NOM(PL);sla	ланкі
ласковый	ADJ;ACC(ANIM;MASC;SG);sla	ласкового
ласковый	ADJ;ACC(ANIM;PL);sla	ласковых
ласковый	ADJ;DAT(NEUT;SG);sla	ласковому
ласковый	ADJ;ESS(PL);sla	ласковых
ласковый	ADJ;GEN(FEM;SG);sla	ласковой
ласковый	ADJ;GEN(PL);sla	ласковых
ласковый	ADJ;INS(MASC;SG);sla	ласковым
ласковый	ADJ;INS(PL);sla	ласковыми
ласковый	ADJ;NOM(FEM;SG);sla	ласковая
ласковый	ADJ;NOM(MASC;SG);sla	ласковый
ласковый	ADJ;NOM(PL);sla	ласковые
лесопосадочный	ADJ;ACC(NEUT;SG);sla	лесопосадочное
лесопосадочный	ADJ;DAT(MASC;SG);sla	лесопосадочному
лесопосадочный	ADJ;DAT(NEUT;SG);sla	лесопосадочному
лесопосадочный	ADJ;DAT(PL);sla	лесопосадочным
лесопосадочный	ADJ;ESS(NEUT;SG);sla	лесопосадочном
лесопосадочный	ADJ;ESS(PL);sla	лесопосадочных
лесопосадочный	ADJ;GEN(FEM;SG);sla	лесопосадочной
лесопосадочный	ADJ;INS(MASC;SG);sla	лесопосадочным
лесопосадочный	ADJ;INS(PL);sla	лесопосадочными
лесопосадочный	ADJ;NOM(PL);sla	лесопосадочные
линять	V.CVB;PST;sla	линяв
линять	V.PTCP;ACT;PST;sla	линявший
линять	V;FUT;NOM(3,PL);sla	линять
линять	V;IMP;NOM(2,PL);sla	линяйте
линять	V;NFIN;sla	линять
линять	V;PRS;NOM(1,PL);sla	линяем
линять	V;PRS;NOM(2,PL);sla	линяете
линять	V;PRS;NOM(2,SG);sla	линяешь
линять	V;PRS;NOM(3,PL);sla	линяют
линять	V;PRS;NOM(3,SG);sla	линяет
лирический	ADJ;ACC(ANIM;MASC;SG);sla	лирического
лирический	ADJ;ACC(FEM;SG);sla	лирическую
лирический	ADJ;ACC(NEUT;SG);sla	лирическое
лирический	ADJ;DAT(FEM;SG);sla	лирической
лирический	ADJ;DAT(PL);sla	лирическим
лирический	ADJ;ESS(MASC;SG);sla	лирическом
лирический	ADJ;ESS(NEUT;SG);sla	лирическом
лирический	ADJ;GEN(MASC;SG);sla	лирического
лирический	ADJ;INS(NEUT;SG);sla	лирическим
лирический	ADJ;NOM(NEUT;SG);sla	лирическое
лирический	ADJ;NOM(PL);sla	лирические
ловкач	N;ACC(PL);sla	ловкачы
ловкач	N;ACC(SG);sla	ловкач
ловкач	N;DAT(PL);sla	ловкачам
ловкач	N;DAT(SG);sla	ловкачы
ловкач	N;ESS(PL);sla	ловкачах
ловкач	N;ESS(SG);sla	ловкачы
ловкач	N;GEN(PL);sla	ловкачоў
ловкач	N;GEN(SG);sla	ловкачы
ловкач	N;INS(PL);sla	ловкачамі
ловкач	N;NOM(PL);sla	ловкачы
ловкач	N;NOM(SG);sla	ловкач
лосось	N;ACC(SG);sla	лосось
лосось	N;DAT(SG);sla	лососю
лосось	N;ESS(PL);sla	лососях
лосось	N;ESS(SG);sla	лососі
лосось	N;GEN(PL);sla	лососей
лосось	N;GEN(SG);sla	лосося
лосось	N;INS(PL);sla	лососями
лосось	N;INS(SG);sla	лососем
лосось	N;NOM(PL);sla	лососи
лосось	N;NOM(SG);sla	лосось
маршрутный	ADJ;ACC(ANIM;MASC;SG);sla	маршрутного
маршрутный	ADJ;ACC(ANIM;PL);sla	маршрутных
маршрутный	ADJ;DAT(FEM;SG);sla	маршрутной
маршрутный	ADJ;ESS(MASC;SG);sla	маршрутном
маршрутный	ADJ;ESS(PL);sla	маршрутных
маршрутный	ADJ;GEN(NEUT;SG);sla	маршрутного
маршрутный	ADJ;GEN(PL);sla	маршрутных
маршрутный	ADJ;INS(FEM;SG);sla	маршрутной
маршрутный	ADJ;NOM(FEM;SG);sla	маршрутная
маршрутный	ADJ;NOM(NEUT;SG);sla	маршрутное
машинный перевод	N;ACC(SG);sla	машинный перевод
машинный перевод	N;DAT(PL);sla	машинный переводам
машинный перевод	N;DAT(SG);sla	машинный переводу
машинный перевод	N;ESS(PL);sla	машинный переводах
машинный перевод	N;ESS(SG);sla	машинный переводзе
машинный перевод	N;GEN(PL);sla	машинный переводаў
машинный перевод	N;GEN(SG);sla	машинный переводу
машинный перевод	N;INS(PL);sla	машинный переводамі
машинный перевод	N;INS(SG);sla	машинный переводам
машинный перевод	N;NOM(PL);sla	машинный переводы
машинный перевод	N;NOM(SG);sla	машинный перевод
междоусобие	N;ACC(PL);sla	междоусобия
междоусобие	N;ACC(SG);sla	междоусобие
междоусобие	N;DAT(SG);sla	междоусобию
междоусобие	N;ESS(PL);sla	междоусобиях
междоусобие	N;ESS(SG);sla	междоусобии
междоусобие	N;GEN(PL);sla	междоусобий
междоусобие	N;GEN(SG);sla	междоусобия
междоусобие	N;INS(PL);sla	междоусобиями
междоусобие	N;INS(SG);sla	междоусобием
междоусобие	N;NOM(PL);sla	междоусобия
миссионерский	ADJ;ACC(ANIM;PL);sla	миссионерских
миссионерский	ADJ;ACC(FEM;SG);sla	миссионерскую
миссионерский	ADJ;ACC(NEUT;SG);sla	миссионерское
миссионерский	ADJ;DAT(MASC;SG);sla	миссионерскому
миссионерский	ADJ;DAT(NEUT;SG);sla	миссионерскому
миссионерский	ADJ;ESS(FEM;SG);sla	миссионерской
миссионерский	ADJ;GEN(FEM;SG);sla	миссионерской
миссионерский	ADJ;GEN(PL);sla	миссионерских
миссионерский	ADJ;INS(MASC;SG);sla	миссионерским
миссионерский	ADJ;INS(PL);sla	миссионерскими
миссионерский	ADJ;NOM(PL);sla	миссионерские
мозжечок	N;DAT(PL);sla	мозжечкам
мозжечок	N;DAT(SG);sla	мозжечку
мозжечок	N;ESS(PL);sla	мозжечках
мозжечок	N;ESS(SG);sla	мозжечку
мозжечок	N;GEN(PL);sla	мозжечкоў
мозжечок	N;GEN(SG);sla	мозжечка
мозжечок	N;INS(PL);sla	мозжечкамі
мозжечок	N;INS(SG);sla	мозжечком
мозжечок	N;NOM(PL);sla	мозжечкі
мозжечок	N;NOM(SG);sla	мозжечок
мудрый	ADJ;ACC(FEM;SG);sla	мудрую
мудрый	ADJ;ACC(INAN;MASC;SG);sla	мудрый
мудрый	ADJ;ACC(NEUT;SG);sla	мудрое
мудрый	ADJ;ESS(NEUT;SG);sla	мудром
мудрый	ADJ;ESS(PL);sla	мудрых
мудрый	ADJ;GEN(FEM;SG);sla	мудрой
мудрый	ADJ;GEN(MASC;SG);sla	мудрого
мудрый	ADJ;GEN(PL);sla	мудрых
надлежать	V;NFIN;sla	надлежать
надлежать	V;PRS;NOM(3,SG);sla	надлежает
надлежать	V;PST;NOM(SG,NEUT);sla	надлежало
непредсказуемый	ADJ;ACC(ANIM;PL);sla	непредсказуемых
непредсказуемый	ADJ;ACC(FEM;SG);sla	непредсказуемую
непредсказуемый	ADJ;DAT(MASC;SG);sla	непредсказуемому
непредсказуемый	ADJ;DAT(NEUT;SG);sla	непредсказуемому
непредсказуемый	ADJ;ESS(MASC;SG);sla	непредсказуемом
непредсказуемый	ADJ;ESS(NEUT;SG);sla	непредсказуемом
непредсказуемый	ADJ;GEN(MASC;SG);sla	непредсказуемого
непредсказуемый	ADJ;INS(PL);sla	непредсказуемыми
непредсказуемый	ADJ;NEUT;SG;LGSPEC1;sla	непредсказуемо
непредсказуемый	ADJ;NOM(NEUT;SG);sla	непредсказуемое
одолевать	V.PTCP;ACT;PRS;sla	одолевающий
одолевать	V.PTCP;ACT;PST;sla	одолевавший
одолевать	V;FUT;NOM(1,PL);sla	одолевать
одолевать	V;FUT;NOM(3,PL);sla	одолевать
одолевать	V;NFIN;sla	одолевать
одолевать	V;PRS;NOM(1,PL);sla	одолеваем
одолевать	V;PRS;NOM(1,SG);sla	одолеваю
одолевать	V;PRS;NOM(2,SG);sla	одолеваешь
одолевать	V;PRS;NOM(3,PL);sla	одолевают
одолевать	V;PRS;NOM(3,SG);sla	одолевает
одолевать	V;PST;NOM(PL);sla	одолевали
океанский	ADJ;ACC(ANIM;PL);sla	океанских
океанский	ADJ;ACC(INAN;MASC;SG);sla	океанский
океанский	ADJ;ACC(NEUT;SG);sla	океанское
океанский	ADJ;DAT(FEM;SG);sla	океанской
океанский	ADJ;ESS(PL);sla	океанских
океанский	ADJ;GEN(FEM;SG);sla	океанской
океанский	ADJ;INS(FEM;SG);sla	океанской
океанский	ADJ;INS(PL);sla	океанскими
океанский	ADJ;NOM(PL);sla	океанские
орбитальный	ADJ;ACC(FEM;SG);sla	орбитальную
орбитальный	ADJ;DAT(MASC;SG);sla	орбитальному
орбитальный	ADJ;ESS(PL);sla	орбитальных
орбитальный	ADJ;GEN(FEM;SG);sla	орбитальной
орбитальный	ADJ;GEN(NEUT;SG);sla	орбитального
орбитальный	ADJ;GEN(PL);sla	орбитальных
орбитальный	ADJ;INS(MASC;SG);sla	орбитальным
орбитальный	ADJ;NOM(FEM;SG);sla	орбитальная
орбитальный	ADJ;NOM(NEUT;SG);sla	орбитальное
орбитальный	ADJ;NOM(PL);sla	орбитальные
оспаривать	V.CVB;PRS;sla	оспаривая
оспаривать	V.CVB;PST;sla	оспаривав
оспаривать	V.PTCP;ACT;PRS;sla	оспаривающий
оспаривать	V;FUT;NOM(1,PL);sla	оспаривать
оспаривать	V;FUT;NOM(2,PL);sla	оспаривать
оспаривать	V;FUT;NOM(2,SG);sla	оспаривать
оспаривать	V;NFIN;sla	оспаривать
оспаривать	V;PRS;NOM(1,SG);sla	оспариваю
оспаривать	V;PST;NOM(PL);sla	оспаривали
оспаривать	V;PST;NOM(SG,MASC);sla	оспаривал
оспаривать	V;PST;NOM(SG,NEUT);sla	оспаривало
отдыхающий	N;ACC(SG);sla	отдыхающия
отдыхающий	N;DAT(SG);sla	отдыхающию
отдыхающий	N;ESS(SG);sla	отдыхающии
отдыхающий	N;GEN(SG);sla	отдыхающия
отдыхающий	N;INS(SG);sla	отдыхающием
отдыхающий	N;NOM(SG);sla	отдыхающий
отключаться	V;FUT;NOM(1,PL);sla	отключаться
отключаться	V;FUT;NOM(2,PL);sla	отключаться
отключаться	V;FUT;NOM(2,SG);sla	отключаться
отключаться	V;FUT;NOM(3,PL);sla	отключаться
отключаться	V;IMP;NOM(2,SG);sla	отключайся
отключаться	V;PRS;NOM(1,PL);sla	отключаемся
отключаться	V;PRS;NOM(2,SG);sla	отключаешься
отключаться	V;PRS;NOM(3,PL);sla	отключаются
отключаться	V;PRS;NOM(3,SG);sla	отключается
отключаться	V;PST;NOM(PL);sla	отключались
отключаться	V;PST;NOM(SG,MASC);sla	отключался
отравиться	V;FUT;NOM(1,PL);sla	отравимся
отравиться	V;FUT;NOM(1,SG);sla	отравлюсь
отравиться	V;FUT;NOM(2,PL);sla	отравитесь
отравиться	V;FUT;NOM(2,SG);sla	отравишься
отравиться	V;FUT;NOM(3,PL);sla	отравятся
отравиться	V;FUT;NOM(3,SG);sla	отравится
отравиться	V;IMP;NOM(2,PL);sla	отравьтесь
отравиться	V;PST;NOM(PL);sla	отравились
отравиться	V;PST;NOM(SG,FEM);sla	отравилась
отравиться	V;PST;NOM(SG,MASC);sla	отравился
отравиться	V;PST;NOM(SG,NEUT);sla	отравилось
отрегулироваться	V.CVB;PST;sla	отрегулировавшись
отрегулироваться	V.PTCP;ACT;PST;sla	отрегулировавшийся
отрегулироваться	V;FUT;NOM(1,PL);sla	отрегулироваться
отрегулироваться	V;FUT;NOM(2,PL);sla	отрегулироваться
отрегулироваться	V;FUT;NOM(2,SG);sla	отрегулироваться
отрегулироваться	V;FUT;NOM(3,PL);sla	отрегулироваться
отрегулироваться	V;FUT;NOM(3,SG);sla	отрегулироваться
отрегулироваться	V;NFIN;sla	отрегулироваться
отрегулироваться	V;PST;NOM(PL);sla	отрегулировались
отрегулироваться	V;PST;NOM(SG,FEM);sla	отрегулировалась
отрегулироваться	V;PST;NOM(SG,NEUT);sla	отрегулировалось
отряхнуться	V.CVB;PST;sla	отряхнувшись
отряхнуться	V;FUT;NOM(2,PL);sla	отряхнетесь
отряхнуться	V;FUT;NOM(2,SG);sla	отряхнешься
отряхнуться	V;FUT;NOM(3,SG);sla	отряхнется
отряхнуться	V;IMP;NOM(2,PL);sla	отряхнитесь
отряхнуться	V;IMP;NOM(2,SG);sla	отряхнись
отряхнуться	V;NFIN;sla	отряхнуться
отряхнуться	V;PST;NOM(PL);sla	отряхнулись
отряхнуться	V;PST;NOM(SG,FEM);sla	отряхнулась
отряхнуться	V;PST;NOM(SG,MASC);sla	отряхнулся
отряхнуться	V;PST;NOM(SG,NEUT);sla	отряхнулось
отснять	V.CVB;PST;sla	отсняв
отснять	V.PTCP;ACT;PST;sla	отснявший
отснять	V.PTCP;PASS;PST;sla	отснянный
отснять	V;FUT;NOM(1,PL);sla	отснять
отснять	V;FUT;NOM(2,PL);sla	отснять
отснять	V;FUT;NOM(2,SG);sla	отснять
отснять	V;FUT;NOM(3,PL);sla	отснять
отснять	V;IMP;NOM(2,PL);sla	отсняйте
отснять	V;IMP;NOM(2,SG);sla	отсняй
отснять	V;PST;NOM(SG,FEM);sla	отсняла
отыгрывать	V.CVB;PRS;sla	отыгрывая
отыгрывать	V.CVB;PST;sla	отыгрывав
отыгрывать	V.PTCP;ACT;PRS;sla	отыгрывающий
отыгрывать	V;FUT;NOM(1,SG);sla	отыгрывать
отыгрывать	V;FUT;NOM(3,SG);sla	отыгрывать
отыгрывать	V;IMP;NOM(2,SG);sla	отыгрывай
отыгрывать	V;PRS;NOM(1,PL);sla	отыгрываем
отыгрывать	V;PRS;NOM(3,SG);sla	отыгрывает
отыгрывать	V;PST;NOM(SG,FEM);sla	отыгрывала
отыгрывать	V;PST;NOM(SG,MASC);sla	отыгрывал
пантеизм	N;ACC(PL);sla	пантеизмы
пантеизм	N;ACC(SG);sla	пантеизма
пантеизм	N;DAT(SG);sla	пантеизму
пантеизм	N;ESS(PL);sla	пантеизмах
пантеизм	N;ESS(SG);sla	пантеизме
пантеизм	N;GEN(PL);sla	пантеизмов
пантеизм	N;GEN(SG);sla	пантеизма
пантеизм	N;INS(PL);sla	пантеизмами
пантеизм	N;INS(SG);sla	пантеизмом
пантеизм	N;NOM(PL);sla	пантеизмы
пантеизм	N;NOM(SG);sla	пантеизм
пассивный	ADJ;ACC(INAN;MASC;SG);sla	пассивный
пассивный	ADJ;ACC(INAN;PL);sla	пассивные
пассивный	ADJ;DAT(NEUT;SG);sla	пассивному
пассивный	ADJ;FEM;SG;LGSPEC1;sla	пассивна
пассивный	ADJ;GEN(MASC;SG);sla	пассивного
пассивный	ADJ;GEN(NEUT;SG);sla	пассивного
пассивный	ADJ;INS(MASC;SG);sla	пассивным
пассивный	ADJ;INS(PL);sla	пассивными
пассивный	ADJ;NOM(MASC;SG);sla	пассивный
пассивный	ADJ;NOM(NEUT;SG);sla	пассивное
пассивный	ADJ;PL;LGSPEC1;sla	пассивны
передумывать	V.CVB;PST;sla	передумывав
передумывать	V.PTCP;PASS;PRS;sla	передумываемый
передумывать	V;FUT;NOM(2,SG);sla	передумывать
передумывать	V;FUT;NOM(3,SG);sla	передумывать
передумывать	V;PRS;NOM(1,PL);sla	передумываем
передумывать	V;PRS;NOM(2,PL);sla	передумываете
передумывать	V;PRS;NOM(2,SG);sla	передумываешь
передумывать	V;PRS;NOM(3,SG);sla	передумывает
передумывать	V;PST;NOM(SG,NEUT);sla	передумывало
переменяться	V.CVB;PRS;sla	переменяясь
переменяться	V.CVB;PST;sla	переменявшись
переменяться	V.PTCP;ACT;PST;sla	переменявшийся
переменяться	V;FUT;NOM(2,PL);sla	переменяться
переменяться	V;FUT;NOM(3,PL);sla	переменяться
переменяться	V;FUT;NOM(3,SG);sla	переменяться
переменяться	V;IMP;NOM(2,SG);sla	переменяйся
переменяться	V;NFIN;sla	переменяться
переменяться	V;PRS;NOM(1,PL);sla	переменяемся
переменяться	V;PRS;NOM(3,PL);sla	переменяются
переработать	V.CVB;PST;sla	переработав
переработать	V;FUT;NOM(1,SG);sla	переработаю
переработать	V;FUT;NOM(2,PL);sla	переработаете
переработать	V;FUT;NOM(2,SG);sla	переработать
переработать	V;FUT;NOM(3,PL);sla	переработать
переработать	V;FUT;NOM(3,SG);sla	переработать
переработать	V;IMP;NOM(2,PL);sla	переработайте
переработать	V;IMP;NOM(2,SG);sla	переработай
переработать	V;PST;NOM(PL);sla	переработали
переработать	V;PST;NOM(SG,FEM);sla	переработала
переработать	V;PST;NOM(SG,NEUT);sla	переработало
планетарная туманность	N;ACC(PL);sla	планетарная туманности
планетарная туманность	N;ACC(SG);sla	планетарная туманность
планетарная туманность	N;DAT(PL);sla	планетарная туманностям
планетарная туманность	N;DAT(SG);sla	планетарная туманности
планетарная туманность	N;GEN(PL);sla	планетарная туманностей
планетарная туманность	N;GEN(SG);sla	планетарная туманности
планетарная туманность	N;INS(PL);sla	планетарная туманностями
планетарная туманность	N;INS(SG);sla	планетарная туманностью
планетарная туманность	N;NOM(PL);sla	планетарная туманности
планетарная туманность	N;NOM(SG);sla	планетарная туманность
пластина	N;ACC(PL);sla	пластины
пластина	N;ACC(SG);sla	пластину
пластина	N;DAT(PL);sla	пластинам
пластина	N;DAT(SG);sla	пластине
пластина	N;ESS(PL);sla	пластинах
пластина	N;GEN(PL);sla	пластин
пластина	N;GEN(SG);sla	пластины
пластина	N;INS(PL);sla	пластинами
пластина	N;NOM(PL);sla	пластины
пластина	N;NOM(SG);sla	пластина
плевальница	N;ACC(PL);sla	плевальницы
плевальница	N;ACC(SG);sla	плевальницу
плевальница	N;ESS(PL);sla	плевальницах
плевальница	N;ESS(SG);sla	плевальницы
плевальница	N;GEN(PL);sla	плевальниц
плевальница	N;GEN(SG);sla	плевальницы
плевальница	N;INS(PL);sla	плевальницамі
плевальница	N;INS(SG);sla	плевальницай
плевальница	N;NOM(PL);sla	плевальницы
плевальница	N;NOM(SG);sla	плевальница
плеснуть	V.PTCP;ACT;PST;sla	плеснувший
плеснуть	V;FUT;NOM(1,PL);sla	плеснем
плеснуть	V;FUT;NOM(2,SG);sla	плеснешь
плеснуть	V;FUT;NOM(3,SG);sla	плеснет
плеснуть	V;IMP;NOM(2,PL);sla	плесните
плеснуть	V;IMP;NOM(2,SG);sla	плесни
плеснуть	V;NFIN;sla	плеснуть
плеснуть	V;PST;NOM(PL);sla	плеснули
плеснуть	V;PST;NOM(SG,FEM);sla	плеснула
плеснуть	V;PST;NOM(SG,MASC);sla	плеснул
плеснуть	V;PST;NOM(SG,NEUT);sla	плеснуло
позорный	ADJ;ACC(ANIM;MASC;SG);sla	позорного
позорный	ADJ;ACC(FEM;SG);sla	позорную
позорный	ADJ;ACC(NEUT;SG);sla	позорное
позорный	ADJ;ESS(MASC;SG);sla	позорном
позорный	ADJ;ESS(NEUT;SG);sla	позорном
позорный	ADJ;ESS(PL);sla	позорных
позорный	ADJ;GEN(MASC;SG);sla	позорного
позорный	ADJ;INS(FEM;SG);sla	позорной
позорный	ADJ;MASC;SG;LGSPEC1;sla	позорен
показательный	ADJ;ACC(ANIM;MASC;SG);sla	показательного
показательный	ADJ;ACC(ANIM;PL);sla	показательных
показательный	ADJ;ACC(FEM;SG);sla	показательную
показательный	ADJ;ACC(INAN;MASC;SG);sla	показательный
показательный	ADJ;DAT(MASC;SG);sla	показательному
показательный	ADJ;ESS(MASC;SG);sla	показательном
показательный	ADJ;INS(FEM;SG);sla	показательной
показательный	ADJ;NOM(MASC;SG);sla	показательный
показательный	ADJ;NOM(NEUT;SG);sla	показательное
показательный	ADJ;NOM(PL);sla	показательные
полдни	N;ACC(SG);sla	полдни
полдни	N;DAT(SG);sla	полднам
полдни	N;ESS(SG);sla	полднах
полдни	N;GEN(SG);sla	полдн
полдни	N;INS(SG);sla	полднами
полдни	N;NOM(SG);sla	полдни
потакать	V.CVB;PRS;sla	потакая
потакать	V.PTCP;ACT;PST;sla	потакавший
потакать	V;FUT;NOM(1,SG);sla	потакать
потакать	V;IMP;NOM(2,SG);sla	потакай
потакать	V;NFIN;sla	потакать
потакать	V;PRS;NOM(1,PL);sla	потакаем
потакать	V;PRS;NOM(1,SG);sla	потакаю
потакать	V;PRS;NOM(3,PL);sla	потакают
потакать	V;PRS;NOM(3,SG);sla	потакает
потакать	V;PST;NOM(PL);sla	потакали
потакать	V;PST;NOM(SG,FEM);sla	потакала
предводитель	N;ACC(PL);sla	предводителя
предводитель	N;ACC(SG);sla	предводитель
предводитель	N;DAT(PL);sla	предводителям
предводитель	N;DAT(SG);sla	предводителю
предводитель	N;ESS(SG);sla	предводителе
предводитель	N;GEN(PL);sla	предводителей
предводитель	N;GEN(SG);sla	предводителя
предводитель	N;INS(PL);sla	предводителями
предводитель	N;INS(SG);sla	предводителем
предводитель	N;NOM(PL);sla	предводителя
предводитель	N;NOM(SG);sla	предводитель
прибалтийский	ADJ;ACC(ANIM;PL);sla	прибалтийских
прибалтийский	ADJ;ACC(FEM;SG);sla	прибалтийскую
прибалтийский	ADJ;ACC(NEUT;SG);sla	прибалтийское
прибалтийский	ADJ;DAT(MASC;SG);sla	прибалтийскому
прибалтийский	ADJ;DAT(NEUT;SG);sla	прибалтийскому
прибалтийский	ADJ;DAT(PL);sla	прибалтийским
прибалтийский	ADJ;ESS(NEUT;SG);sla	прибалтийском
прибалтийский	ADJ;ESS(PL);sla	прибалтийских
прибалтийский	ADJ;INS(NEUT;SG);sla	прибалтийским
прибалтийский	ADJ;INS(PL);sla	прибалтийскими
проронить	V.PTCP;ACT;PST;sla	проронивший
проронить	V;FUT;NOM(1,SG);sla	пророню
проронить	V;FUT;NOM(2,PL);sla	пророните
проронить	V;FUT;NOM(3,SG);sla	проронит
проронить	V;IMP;NOM(2,PL);sla	пророните
проронить	V;NFIN;sla	проронить
проронить	V;PST;NOM(PL);sla	проронили
проронить	V;PST;NOM(SG,FEM);sla	проронила
проронить	V;PST;NOM(SG,NEUT);sla	проронило
противостояние	N;ACC(SG);sla	противостояние
противостояние	N;DAT(PL);sla	противостояниям
противостояние	N;DAT(SG);sla	противостоянию
противостояние	N;ESS(PL);sla	противостояниях
противостояние	N;GEN(PL);sla	противостояний
противостояние	N;GEN(SG);sla	противостояния
противостояние	N;INS(PL);sla	противостояниями
противостояние	N;INS(SG);sla	противостоянием
противостояние	N;NOM(PL);sla	противостояния
противостояние	N;NOM(SG);sla	противостояние
пуховый	ADJ;ACC(ANIM;PL);sla	пуховых
пуховый	ADJ;ACC(INAN;MASC;SG);sla	пуховый
пуховый	ADJ;ACC(NEUT;SG);sla	пуховое
пуховый	ADJ;DAT(NEUT;SG);sla	пуховому
пуховый	ADJ;ESS(MASC;SG);sla	пуховом
пуховый	ADJ;ESS(PL);sla	пуховых
пуховый	ADJ;GEN(MASC;SG);sla	пухового
пуховый	ADJ;INS(NEUT;SG);sla	пуховым
пуховый	ADJ;INS(PL);sla	пуховыми
пуховый	ADJ;NOM(FEM;SG);sla	пуховая
пуховый	ADJ;NOM(PL);sla	пуховые
разбазарить	V.CVB;PST;sla	разбазарив
разбазарить	V.PTCP;ACT;PST;sla	разбазаривший
разбазарить	V.PTCP;PASS;PST;sla	разбазарённый
разбазарить	V;FUT;NOM(1,SG);sla	разбазарю
разбазарить	V;FUT;NOM(2,SG);sla	разбазаришь
разбазарить	V;FUT;NOM(3,PL);sla	разбазарят
разбазарить	V;IMP;NOM(2,PL);sla	разбазарите
разбазарить	V;PST;NOM(PL);sla	разбазарили
разбазарить	V;PST;NOM(SG,FEM);sla	разбазарила
разваливаться	V.CVB;PRS;sla	разваливаясь
разваливаться	V.CVB;PST;sla	разваливавшись
разваливаться	V;FUT;NOM(2,PL);sla	разваливаться
разваливаться	V;FUT;NOM(2,SG);sla	разваливаться
разваливаться	V;FUT;NOM(3,PL);sla	разваливаться
разваливаться	V;IMP;NOM(2,SG);sla	разваливайся
разваливаться	V;NFIN;sla	разваливаться
разваливаться	V;PRS;NOM(1,PL);sla	разваливаемся
разваливаться	V;PRS;NOM(2,PL);sla	разваливаетесь
разваливаться	V;PRS;NOM(2,SG);sla	разваливаешься
разваливаться	V;PST;NOM(SG,FEM);sla	разваливалась
резюмировать	V.CVB;PRS;sla	резюмируя
резюмировать	V.CVB;PST;sla	резюмировав
резюмировать	V.PTCP;PASS;PST;sla	резюмированный
резюмировать	V;FUT;NOM(1,PL);sla	резюмируем
резюмировать	V;FUT;NOM(3,PL);sla	резюмировать
резюмировать	V;PRS;NOM(1,PL);sla	резюмируем
резюмировать	V;PRS;NOM(1,SG);sla	резюмирую
резюмировать	V;PRS;NOM(2,PL);sla	резюмируете
резюмировать	V;PRS;NOM(3,PL);sla	резюмируют
резюмировать	V;PRS;NOM(3,SG);sla	резюмирует
резюмировать	V;PST;NOM(SG,MASC);sla	резюмировал
речник	N;ACC(PL);sla	речников
речник	N;ACC(SG);sla	речника
речник	N;DAT(PL);sla	речникам
речник	N;DAT(SG);sla	речнику
речник	N;ESS(SG);sla	речнике
речник	N;GEN(PL);sla	речников
речник	N;GEN(SG);sla	речника
речник	N;INS(PL);sla	речниками
речник	N;INS(SG);sla	речником
речник	N;NOM(PL);sla	речники
речник	N;NOM(SG);sla	речник
рявкать	V.CVB;PRS;sla	рявкая
рявкать	V.CVB;PST;sla	рявкав
рявкать	V.PTCP;ACT;PRS;sla	рявкающий
рявкать	V.PTCP;ACT;PST;sla	рявкавший
рявкать	V;IMP;NOM(2,SG);sla	рявкай
рявкать	V;NFIN;sla	рявкать
рявкать	V;PRS;NOM(1,PL);sla	рявкаем
рявкать	V;PRS;NOM(2,SG);sla	рявкаешь
рявкать	V;PRS;NOM(3,SG);sla	рявкает
рявкать	V;PST;NOM(PL);sla	рявкали
рявкать	V;PST;NOM(SG,MASC);sla	рявкал
сжигание	N;ACC(SG);sla	сжигание
сжигание	N;DAT(SG);sla	сжиганию
сжигание	N;ESS(SG);sla	сжигании
сжигание	N;GEN(SG);sla	сжигания
сжигание	N;INS(SG);sla	сжиганием
сжигание	N;NOM(SG);sla	сжигание
сосудистый	ADJ;ACC(ANIM;MASC;SG);sla	сосудистого
сосудистый	ADJ;ACC(INAN;MASC;SG);sla	сосудистый
сосудистый	ADJ;ACC(INAN;PL);sla	сосудистые
сосудистый	ADJ;DAT(FEM;SG);sla	сосудистой
сосудистый	ADJ;DAT(PL);sla	сосудистым
сосудистый	ADJ;ESS(FEM;SG);sla	сосудистой
сосудистый	ADJ;ESS(PL);sla	сосудистых
сосудистый	ADJ;GEN(FEM;SG);sla	сосудистой
сосудистый	ADJ;GEN(PL);sla	сосудистых
сосудистый	ADJ;NOM(FEM;SG);sla	сосудистая
сосудистый	ADJ;NOM(NEUT;SG);sla	сосудистое
спрыгнуть	V;FUT;NOM(1,PL);sla	спрыгнем
спрыгнуть	V;FUT;NOM(1,SG);sla	спрыгну
спрыгнуть	V;FUT;NOM(2,PL);sla	спрыгнете
спрыгнуть	V;FUT;NOM(2,SG);sla	спрыгнешь
спрыгнуть	V;FUT;NOM(3,PL);sla	спрыгнут
спрыгнуть	V;IMP;NOM(2,SG);sla	спрыгни
спрыгнуть	V;PST;NOM(PL);sla	спрыгнули
спрыгнуть	V;PST;NOM(SG,FEM);sla	спрыгнула
спрыгнуть	V;PST;NOM(SG,NEUT);sla	спрыгнуло
среднемесячный	ADJ;ACC(FEM;SG);sla	среднемесячную
среднемесячный	ADJ;ACC(INAN;MASC;SG);sla	среднемесячный
среднемесячный	ADJ;ACC(INAN;PL);sla	среднемесячные
среднемесячный	ADJ;DAT(FEM;SG);sla	среднемесячной
среднемесячный	ADJ;ESS(MASC;SG);sla	среднемесячном
среднемесячный	ADJ;ESS(PL);sla	среднемесячных
среднемесячный	ADJ;GEN(NEUT;SG);sla	среднемесячного
среднемесячный	ADJ;INS(NEUT;SG);sla	среднемесячным
среднемесячный	ADJ;NOM(MASC;SG);sla	среднемесячный
среднемесячный	ADJ;NOM(PL);sla	среднемесячные
стиральная машина	N;ACC(SG);sla	стиральная машину
стиральная машина	N;DAT(PL);sla	стиральная машинам
стиральная машина	N;DAT(SG);sla	стиральная машине
стиральная машина	N;ESS(PL);sla	стиральная машинах
стиральная машина	N;ESS(SG);sla	стиральная машине
стиральная машина	N;GEN(PL);sla	стиральная машин
стиральная машина	N;GEN(SG);sla	стиральная машины
стиральная машина	N;INS(PL);sla	стиральная машинами
стиральная машина	N;INS(SG);sla	стиральная машиной
стиральная машина	N;NOM(PL);sla	стиральная машины
стиральная машина	N;NOM(SG);sla	стиральная машина
строительский	ADJ;ACC(ANIM;PL);sla	строительских
строительский	ADJ;ACC(FEM;SG);sla	строительскую
строительский	ADJ;ACC(INAN;PL);sla	строительские
строительский	ADJ;DAT(MASC;SG);sla	строительскому
строительский	ADJ;DAT(NEUT;SG);sla	строительскому
строительский	ADJ;ESS(FEM;SG);sla	строительской
строительский	ADJ;ESS(NEUT;SG);sla	строительском
строительский	ADJ;ESS(PL);sla	строительских
строительский	ADJ;GEN(MASC;SG);sla	строительского
строительский	ADJ;GEN(NEUT;SG);sla	строительского
строительский	ADJ;INS(NEUT;SG);sla	строительским
тартрат диэтиламида лизергиновой кислоты	N;ACC(SG);sla	тартрат диэтиламида лизергиновой кислоты
тартрат диэтиламида лизергиновой кислоты	N;ESS(SG);sla	тартрат диэтиламида лизергиновой кислотах
тартрат диэтиламида лизергиновой кислоты	N;GEN(SG);sla	тартрат диэтиламида лизергиновой кислотаў
тартрат диэтиламида лизергиновой кислоты	N;INS(SG);sla	тартрат диэтиламида лизергиновой кислотамі
тартрат диэтиламида лизергиновой кислоты	N;NOM(SG);sla	тартрат диэтиламида лизергиновой кислоты
терабайт	N;ACC(PL);sla	терабайты
терабайт	N;ACC(SG);sla	терабайт
терабайт	N;DAT(PL);sla	терабайтам
терабайт	N;ESS(PL);sla	терабайтах
терабайт	N;ESS(SG);sla	терабайте
терабайт	N;GEN(PL);sla	терабайтов
терабайт	N;GEN(SG);sla	терабайта
терабайт	N;INS(PL);sla	терабайтами
терабайт	N;INS(SG);sla	терабайтом
терабайт	N;NOM(PL);sla	терабайты
терабайт	N;NOM(SG);sla	терабайт
тоннель	N;ACC(PL);sla	тоннеля
тоннель	N;ACC(SG);sla	тоннель
тоннель	N;DAT(PL);sla	тоннелям
тоннель	N;DAT(SG);sla	тоннелю
тоннель	N;ESS(PL);sla	тоннелях
тоннель	N;ESS(SG);sla	тоннеле
тоннель	N;GEN(PL);sla	тоннелей
тоннель	N;INS(PL);sla	тоннелями
тоннель	N;INS(SG);sla	тоннелем
тоннель	N;NOM(PL);sla	тоннеля
тоннель	N;NOM(SG);sla	тоннель
трудолюбие	N;ACC(PL);sla	трудолюбия
трудолюбие	N;ACC(SG);sla	трудолюбие
трудолюбие	N;DAT(PL);sla	трудолюбиям
трудолюбие	N;DAT(SG);sla	трудолюбию
трудолюбие	N;ESS(PL);sla	трудолюбиях
трудолюбие	N;ESS(SG);sla	трудолюбии
трудолюбие	N;GEN(PL);sla	трудолюбий
трудолюбие	N;GEN(SG);sla	трудолюбия
трудолюбие	N;INS(PL);sla	трудолюбиями
трудолюбие	N;INS(SG);sla	трудолюбием
трудолюбие	N;NOM(SG);sla	трудолюбие
тряпьё	N;ACC(SG);sla	тряпьё
тряпьё	N;DAT(SG);sla	тряпью
тряпьё	N;ESS(SG);sla	тряпьі
тряпьё	N;GEN(SG);sla	тряпья
тряпьё	N;INS(SG);sla	тряпьём
тряпьё	N;NOM(SG);sla	тряпьё
тётя	N;ACC(SG);sla	тётю
тётя	N;DAT(PL);sla	тётям
тётя	N;DAT(SG);sla	тёті
тётя	N;ESS(PL);sla	тётях
тётя	N;GEN(PL);sla	тётй
тётя	N;GEN(SG);sla	тёти
тётя	N;INS(PL);sla	тётями
тётя	N;INS(SG);sla	тётяй
тётя	N;NOM(PL);sla	тёти
тётя	N;NOM(SG);sla	тётя
уголовно-процессуальный	ADJ;ACC(ANIM;MASC;SG);sla	уголовно-процессуального
уголовно-процессуальный	ADJ;ACC(ANIM;PL);sla	уголовно-процессуальных
уголовно-процессуальный	ADJ;DAT(MASC;SG);sla	уголовно-процессуальному
уголовно-процессуальный	ADJ;ESS(FEM;SG);sla	уголовно-процессуальной
уголовно-процессуальный	ADJ;ESS(MASC;SG);sla	уголовно-процессуальном
уголовно-процессуальный	ADJ;ESS(PL);sla	уголовно-процессуальных
уголовно-процессуальный	ADJ;GEN(FEM;SG);sla	уголовно-процессуальной
уголовно-процессуальный	ADJ;INS(FEM;SG);sla	уголовно-процессуальной
уголовно-процессуальный	ADJ;INS(PL);sla	уголовно-процессуальными
узкоколейный	ADJ;DAT(FEM;SG);sla	узкоколейной
узкоколейный	ADJ;ESS(FEM;SG);sla	узкоколейной
узкоколейный	ADJ;FEM;SG;LGSPEC1;sla	узкоколейна
узкоколейный	ADJ;GEN(FEM;SG);sla	узкоколейной
узкоколейный	ADJ;GEN(NEUT;SG);sla	узкоколейного
узкоколейный	ADJ;INS(FEM;SG);sla	узкоколейной
узкоколейный	ADJ;NEUT;SG;LGSPEC1;sla	узкоколейно
узкоколейный	ADJ;NOM(PL);sla	узкоколейные
узкоколейный	ADJ;PL;LGSPEC1;sla	узкоколейны
узурпирование	N;ACC(PL);sla	узурпирования
узурпирование	N;ACC(SG);sla	узурпирование
узурпирование	N;DAT(SG);sla	узурпированию
узурпирование	N;ESS(PL);sla	узурпированиях
узурпирование	N;ESS(SG);sla	узурпировании
узурпирование	N;GEN(PL);sla	узурпирований
узурпирование	N;GEN(SG);sla	узурпирования
узурпирование	N;INS(PL);sla	узурпированиями
узурпирование	N;INS(SG);sla	узурпированием
узурпирование	N;NOM(PL);sla	узурпирования
узурпирование	N;NOM(SG);sla	узурпирование
устояться	V.CVB;PST;sla	устоявшись
устояться	V.PTCP;ACT;PST;sla	устоявшийся
устояться	V;FUT;NOM(1,PL);sla	устояться
устояться	V;FUT;NOM(1,SG);sla	устояться
устояться	V;FUT;NOM(2,PL);sla	устояться
устояться	V;FUT;NOM(3,PL);sla	устояться
устояться	V;FUT;NOM(3,SG);sla	устояться
устояться	V;NFIN;sla	устояться
устояться	V;PST;NOM(PL);sla	устоялись
устояться	V;PST;NOM(SG,FEM);sla	устоялась
устояться	V;PST;NOM(SG,MASC);sla	устоялся
файлик	N;ACC(PL);sla	файликов
файлик	N;ACC(SG);sla	файлика
файлик	N;DAT(PL);sla	файликам
файлик	N;DAT(SG);sla	файлику
файлик	N;ESS(SG);sla	файлике
файлик	N;GEN(PL);sla	файликов
файлик	N;GEN(SG);sla	файлика
файлик	N;INS(PL);sla	файликами
файлик	N;INS(SG);sla	файликом
файлик	N;NOM(PL);sla	файлики
файлик	N;NOM(SG);sla	файлик
формат	N;ACC(PL);sla	форматьев
формат	N;ACC(SG);sla	формата
формат	N;DAT(PL);sla	форматам
формат	N;DAT(SG);sla	формату
формат	N;ESS(PL);sla	форматах
формат	N;GEN(PL);sla	форматьев
формат	N;GEN(SG);sla	формата
формат	N;NOM(PL);sla	форматы
формат	N;NOM(SG);sla	формат
форум	N;ACC(PL);sla	форумов
форум	N;ACC(SG);sla	форума
форум	N;DAT(PL);sla	форумам
форум	N;DAT(SG);sla	форуму
форум	N;ESS(PL);sla	форумах
форум	N;ESS(SG);sla	форуме
форум	N;GEN(SG);sla	форума
форум	N;INS(PL);sla	форумами
форум	N;INS(SG);sla	форумом
форум	N;NOM(PL);sla	форумы
хватиться	V.CVB;PST;sla	хватившись
хватиться	V.PTCP;ACT;PST;sla	хватившийся
хватиться	V;FUT;NOM(1,PL);sla	хватимся
хватиться	V;FUT;NOM(1,SG);sla	хваусь
хватиться	V;FUT;NOM(2,PL);sla	хватитесь
хватиться	V;FUT;NOM(3,PL);sla	хватятся
хватиться	V;IMP;NOM(2,PL);sla	хватитесь
хватиться	V;IMP;NOM(2,SG);sla	хватись
хватиться	V;PST;NOM(PL);sla	хватились
хватиться	V;PST;NOM(SG,MASC);sla	хватился
хватиться	V;PST;NOM(SG,NEUT);sla	хватилось
церковнославянский	ADJ;ACC(INAN;MASC;SG);sla	церковнославянский
церковнославянский	ADJ;ACC(INAN;PL);sla	церковнославянские
церковнославянский	ADJ;DAT(FEM;SG);sla	церковнославянской
церковнославянский	ADJ;DAT(MASC;SG);sla	церковнославянскому
церковнославянский	ADJ;DAT(PL);sla	церковнославянским
церковнославянский	ADJ;ESS(FEM;SG);sla	церковнославянской
церковнославянский	ADJ;ESS(PL);sla	церковнославянских
церковнославянский	ADJ;GEN(PL);sla	церковнославянских
церковнославянский	ADJ;INS(FEM;SG);sla	церковнославянской
церковнославянский	ADJ;NOM(FEM;SG);sla	церковнославянская
церковнославянский	ADJ;NOM(MASC;SG);sla	церковнославянский
цикл	N;ACC(SG);sla	цикл
цикл	N;DAT(PL);sla	циклам
цикл	N;DAT(SG);sla	циклу
цикл	N;ESS(PL);sla	циклах
цикл	N;ESS(SG);sla	цикле
цикл	N;GEN(PL);sla	циклоў
цикл	N;GEN(SG);sla	цикла
цикл	N;INS(PL);sla	цикламі
цикл	N;NOM(PL);sla	циклы
цикл	N;NOM(SG);sla	цикл
цыпочка	N;ACC(PL);sla	цыпочки
цыпочка	N;ACC(SG);sla	цыпочку
цыпочка	N;DAT(PL);sla	цыпочкам
цыпочка	N;DAT(SG);sla	цыпочке
цыпочка	N;ESS(SG);sla	цыпочке
цыпочка	N;GEN(PL);sla	цыпочек
цыпочка	N;GEN(SG);sla	цыпочки
цыпочка	N;INS(PL);sla	цыпочками
цыпочка	N;INS(SG);sla	цыпочкой
цыпочка	N;NOM(SG);sla	цыпочка
черпнуть	V.PTCP;ACT;PST;sla	черпший
черпнуть	V;FUT;NOM(1,PL);sla	черпнем
черпнуть	V;FUT;NOM(1,SG);sla	черпну
черпнуть	V;FUT;NOM(2,PL);sla	черпнете
черпнуть	V;FUT;NOM(3,PL);sla	черпнут
черпнуть	V;IMP;NOM(2,PL);sla	черпните
черпнуть	V;NFIN;sla	черпнуть
черпнуть	V;PST;NOM(PL);sla	черпли
черпнуть	V;PST;NOM(SG,FEM);sla	черпла
черпнуть	V;PST;NOM(SG,MASC);sla	черп
черпнуть	V;PST;NOM(SG,NEUT);sla	черпло
щуриться	V.PTCP;ACT;PST;sla	щурившийся
щуриться	V;FUT;NOM(1,PL);sla	щуримся
щуриться	V;FUT;NOM(2,PL);sla	щуритесь
щуриться	V;FUT;NOM(2,SG);sla	щуришься
щуриться	V;IMP;NOM(2,SG);sla	щурись
щуриться	V;NFIN;sla	щуриться
щуриться	V;PRS;NOM(1,PL);sla	щуриемся
щуриться	V;PRS;NOM(2,PL);sla	щуриетесь
щуриться	V;PRS;NOM(2,SG);sla	щуриешься
щуриться	V;PST;NOM(PL);sla	щурились
щуриться	V;PST;NOM(SG,NEUT);sla	щурилось
экшн	N;ACC(PL);sla	экшноў
экшн	N;ACC(SG);sla	экшн
экшн	N;DAT(PL);sla	экшнам
экшн	N;DAT(SG);sla	экшну
экшн	N;ESS(PL);sla	экшнах
экшн	N;GEN(PL);sla	экшноў
экшн	N;GEN(SG);sla	экшна
экшн	N;INS(PL);sla	экшнамі
экшн	N;INS(SG);sla	экшнам
экшн	N;NOM(PL);sla	экшны
экшн	N;NOM(SG);sla	экшн
отвори	V;PRS;NOM(1,SG);sla	отворам
отвори	V;PRS;NOM(3,PL);sla	отворат
отвори	V;PROG;PST;NOM(1,SG);sla	отворев
отвори	V;PROG;PST;NOM(1,PL);sla	отворевме
отвори	V;PROG;PST;NOM(2,PL);sla	отворевте
отвори	V.PTCP;PROG;PST;NOM(SG,MASC);sla	отворел
отвори	V.PTCP;PROG;PST;NOM(PL);sla	отвореле
отвори	V.PTCP;PROG;PST;NOM(SG,NEUT);sla	отворело
отвори	V;IMP;NOM(2,PL);sla	отворете
отвори	V;PROG;PST;NOM(3,SG);sla	отвореше
отвори	V;IMP;NOM(2,SG);sla	отвори
отвори	V;PRS;NOM(3,SG);sla	отвори
отвори	V;PST;NOM(2,SG);sla	отвори
отвори	V;PST;NOM(3,SG);sla	отвори
отвори	V;PST;NOM(1,SG);sla	отворив
отвори	V;PST;NOM(1,PL);sla	отворивме
отвори	V.PTCP;PST;NOM(SG,MASC);sla	отворил
отвори	V.PTCP;PST;NOM(SG,NEUT);sla	отворило
отвори	V;PRS;NOM(1,PL);sla	отвориме
чепне	V;PST;NOM(3,SG);sla	чепна
чепне	V;PST;NOM(3,PL);sla	чепнаа
чепне	V;PST;NOM(1,SG);sla	чепнав
чепне	V.PTCP;PST;NOM(SG,FEM);sla	чепнала
чепне	V.PTCP;PST;NOM(SG,NEUT);sla	чепнало
чепне	V;PRS;NOM(1,SG);sla	чепнам
чепне	V.PTCP;PST;PASS;NOM();sla	чепнат
чепне	V;PROG;PST;NOM(1,SG);sla	чепнев
чепне	V;PROG;PST;NOM(1,PL);sla	чепневме
чепне	V;PROG;PST;NOM(2,PL);sla	чепневте
чепне	V.PTCP;PROG;PST;NOM(SG,FEM);sla	чепнела
чепне	V.PTCP;PROG;PST;NOM(PL);sla	чепнеле
чепне	V;PRS;NOM(1,PL);sla	чепнеме
чепне	V;IMP;NOM(2,PL);sla	чепнете
чепне	V;PRS;NOM(2,PL);sla	чепнете
чепне	V;PRS;NOM(2,SG);sla	чепнеш
чепне	V;PROG;PST;NOM(2,SG);sla	чепнеше
чепне	V;PROG;PST;NOM(3,SG);sla	чепнеше
мајтапчија	N;PL;INDF;sla	мајтапчии
мајтапчија	N;PROX;PL;DEF;sla	мајтапчииве
мајтапчија	N;REMT;PL;DEF;sla	мајтапчиине
мајтапчија	N;SG;INDF;sla	мајтапчија
мајтапчија	N;REMT;SG;DEF;sla	мајтапчијана
мајтапчија	N;SG;DEF;sla	мајтапчијата
манија	N;PL;INDF;sla	мании
манија	N;PROX;PL;DEF;sla	манииве
манија	N;REMT;PL;DEF;sla	маниине
манија	N;SG;INDF;sla	манија
термит	N;SG;INDF;sla	термит
термит	N;PL;sla	термита
термит	N;PL;INDF;sla	термити
термит	N;VOC(PL);sla	термити
термит	N;PL;DEF;sla	термитите
термит	N;REMT;SG;DEF;sla	термитон
термит	N;SG;DEF;sla	термитот
термит	N;VOC(SG);sla	термиту
мечувалство	N;SG;INDF;sla	мечувалство
мечувалство	N;REMT;SG;DEF;sla	мечувалствоно
нацрта	V;PRS;NOM(3,SG);sla	нацрта
нацрта	V;PST;NOM(2,SG);sla	нацрта
нацрта	V;PST;NOM(3,SG);sla	нацрта
нацрта	V;PROG;PST;NOM(3,PL);sla	нацртаа
нацрта	V;PST;NOM(3,PL);sla	нацртаа
нацрта	V;PROG;PST;NOM(1,SG);sla	нацртав
нацрта	V;PST;NOM(1,SG);sla	нацртав
нацрта	V;PROG;PST;NOM(1,PL);sla	нацртавме
нацрта	V;IMP;NOM(2,PL);sla	нацртајте
нацрта	V.PTCP;PST;NOM(SG,MASC);sla	нацртал
нацрта	V.PTCP;PST;NOM(PL);sla	нацртале
нацрта	V.PTCP;PROG;PST;NOM(SG,NEUT);sla	нацртало
нацрта	V.PTCP;PST;NOM(SG,NEUT);sla	нацртало
нацрта	V;PRS;NOM(1,SG);sla	нацртам
нацрта	V.PTCP;PST;PASS;NOM();sla	нацртан
нацрта	V;PRS;NOM(2,PL);sla	нацртате
нацрта	V;PRS;NOM(2,SG);sla	нацрташ
нацрта	V;PROG;PST;NOM(3,SG);sla	нацрташе
патос	N;SG;INDF;sla	патос
патос	N;PROX;SG;DEF;sla	патосов
патос	N;REMT;SG;DEF;sla	патосон
патос	N;SG;DEF;sla	патосот
патос	N;VOC(SG);sla	патосу
ѕидар	N;SG;INDF;sla	ѕидар
ѕидар	N;VOC(SG);sla	ѕидаре
ѕидар	N;VOC(PL);sla	ѕидари
ѕидар	N;PROX;PL;DEF;sla	ѕидариве
ѕидар	N;REMT;PL;DEF;sla	ѕидарине
ѕидар	N;PL;DEF;sla	ѕидарите
ѕидар	N;PROX;SG;DEF;sla	ѕидаров
ѕидар	N;REMT;SG;DEF;sla	ѕидарон
етида	N;SG;INDF;sla	етида
етида	N;VOC(PL);sla	етиди
етида	N;REMT;PL;DEF;sla	етидине
етида	N;VOC(SG);sla	етидо
дејност	N;VOC(SG);sla	дејност
дејност	N;SG;DEF;sla	дејноста
дејност	N;VOC(PL);sla	дејности
дејност	N;PROX;PL;DEF;sla	дејностиве
дејност	N;REMT;PL;DEF;sla	дејностине
дејност	N;PL;DEF;sla	дејностите
врачува	V;PRS;NOM(3,SG);sla	врачува
врачува	V;PROG;PST;NOM(1,SG);sla	врачував
врачува	V;PROG;PST;NOM(1,PL);sla	врачувавме
врачува	V;PROG;PST;NOM(2,PL);sla	врачувавте
врачува	V;IMP;NOM(2,SG);sla	врачувај
врачува	V;IMP;NOM(2,PL);sla	врачувајте
врачува	V.CVB;NOM();sla	врачувајќи
врачува	V.PTCP;PROG;PST;NOM(SG,MASC);sla	врачувал
врачува	V.PTCP;PROG;PST;NOM(PL);sla	врачувале
врачува	V;PRS;NOM(1,SG);sla	врачувам
врачува	V;PRS;NOM(1,PL);sla	врачуваме
врачува	V.MSDR;NOM();sla	врачување
врачува	V;PRS;NOM(2,SG);sla	врачуваш
врачува	V;PROG;PST;NOM(2,SG);sla	врачуваше
потрага	N;REMT;SG;DEF;sla	потрагана
потрага	N;VOC(PL);sla	потраги
потрага	N;PROX;PL;DEF;sla	потрагиве
потрага	N;PL;DEF;sla	потрагите
потрага	N;VOC(SG);sla	потраго
вакцина	N;REMT;SG;DEF;sla	вакцинана
вакцина	N;SG;DEF;sla	вакцината
вакцина	N;PROX;PL;DEF;sla	вакциниве
вакцина	N;REMT;PL;DEF;sla	вакцинине
вакцина	N;PL;DEF;sla	вакцините
недоверливост	N;SG;INDF;sla	недоверливост
недоверливост	N;VOC(SG);sla	недоверливост
недоверливост	N;SG;DEF;sla	недоверливоста
мачка	N;PROX;SG;DEF;sla	мачкава
мачка	N;SG;DEF;sla	мачката
мачка	N;REMT;SG;DEF;sla	мачкана
бучкуруш	N;SG;INDF;sla	бучкуруш
бучкуруш	N;VOC(PL);sla	бучкуруш
бучкуруш	N;PROX;PL;DEF;sla	бучкуруш
бучкуруш	N;REMT;PL;DEF;sla	бучкуруш
бучкуруш	N;PL;DEF;sla	бучкуруш
бучкуруш	N;SG;DEF;sla	бучкуруш
бучкуруш	N;VOC(SG);sla	бучкуруш
решето	N;PL;INDF;sla	решета
решето	N;VOC(PL);sla	решета
решето	N;PROX;PL;DEF;sla	решетава
решето	N;REMT;PL;DEF;sla	решетана
решето	N;PROX;SG;DEF;sla	решетово
решето	N;SG;DEF;sla	решетото
изџвака	V;PST;NOM(3,SG);sla	изџвака
изџвака	V;PST;NOM(3,PL);sla	изџвакаа
изџвака	V;PRS;NOM(3,PL);sla	изџвакаат
изџвака	V;PST;NOM(1,SG);sla	изџвакав
изџвака	V;PROG;PST;NOM(1,PL);sla	изџвакавме
изџвака	V;PST;NOM(1,PL);sla	изџвакавме
изџвака	V;PROG;PST;NOM(2,PL);sla	изџвакавте
изџвака	V;IMP;NOM(2,SG);sla	изџвакај
изџвака	V;IMP;NOM(2,PL);sla	изџвакајте
изџвака	V.PTCP;PST;NOM(SG,MASC);sla	изџвакал
изџвака	V.PTCP;PROG;PST;NOM(PL);sla	изџвакале
изџвака	V.PTCP;PST;NOM(PL);sla	изџвакале
изџвака	V;PRS;NOM(1,SG);sla	изџвакам
изџвака	V;PRS;NOM(1,PL);sla	изџвакаме
изџвака	V.PTCP;PST;PASS;NOM();sla	изџвакан
изџвака	V;PROG;PST;NOM(2,SG);sla	изџвакаше
помодар	N;PL;INDF;sla	помодари
помодар	N;PROX;PL;DEF;sla	помодариве
помодар	N;REMT;PL;DEF;sla	помодарине
помодар	N;PROX;SG;DEF;sla	помодаров
помодар	N;REMT;SG;DEF;sla	помодарон
помодар	N;SG;DEF;sla	помодарот
помодар	N;VOC(SG);sla	помодаре
печеница	N;SG;INDF;sla	печеница
печеница	N;REMT;SG;DEF;sla	печеницана
печеница	N;SG;DEF;sla	печницата
печеница	N;VOC(SG);sla	печенице
печеница	N;VOC(PL);sla	печници
печеница	N;PL;DEF;sla	печениците
помножи	V;PRS;NOM(1,SG);sla	помножам
помножи	V;PRS;NOM(3,PL);sla	помножат
помножи	V;PROG;PST;NOM(3,PL);sla	помножеа
помножи	V;PROG;PST;NOM(1,SG);sla	помножев
помножи	V;PROG;PST;NOM(1,PL);sla	помножевме
помножи	V;PROG;PST;NOM(2,PL);sla	помножевте
помножи	V.PTCP;PROG;PST;NOM(SG,MASC);sla	помножел
помножи	V.PTCP;PROG;PST;NOM(SG,FEM);sla	помножела
помножи	V.PTCP;PROG;PST;NOM(PL);sla	помножеле
помножи	V.PTCP;PROG;PST;NOM(SG,NEUT);sla	помножело
помножи	V.PTCP;PST;PASS;NOM();sla	помножен
помножи	V;PST;NOM(2,SG);sla	помножи
помножи	V;PST;NOM(3,SG);sla	помножи
помножи	V.PTCP;PST;NOM(SG,MASC);sla	помножил
помножи	V.PTCP;PST;NOM(SG,FEM);sla	помножила
помножи	V;PRS;NOM(1,PL);sla	помножиме
помножи	V;PRS;NOM(2,SG);sla	помножиш
врски	N;REMT;SG;DEF;sla	врски
забележителен	ADJ;SG;MASC;INDF;sla	забележителен
забележителен	ADJ;SG;FEM;INDF;sla	забележителна
забележителен	ADJ;REMT;SG;FEM;DEF;sla	забележителнана
забележителен	ADJ;SG;FEM;DEF;sla	забележителната
забележителен	ADJ;PL;INDF;sla	забележителни
забележителен	ADJ;REMT;PL;DEF;sla	забележителнине
забележителен	ADJ;REMT;SG;MASC;DEF;sla	забележителнион
забележителен	ADJ;PROX;SG;NEUT;DEF;sla	забележителново
забележителен	ADJ;REMT;SG;NEUT;DEF;sla	забележителноно
се изнервира	V;IMP;NOM(2,PL);sla	се изнервирајте
се изнервира	V;PST;NOM(2,SG);sla	се изнервира
се изнервира	V;PST;NOM(3,SG);sla	се изнервира
се изнервира	V;PROG;PST;NOM(3,PL);sla	се изнервираа
се изнервира	V;PST;NOM(3,PL);sla	се изнервираа
се изнервира	V;PROG;PST;NOM(1,SG);sla	се изнервирав
се изнервира	V;PST;NOM(1,SG);sla	се изнервирав
се изнервира	V;PST;NOM(2,PL);sla	се изнервиравте
се изнервира	V.PTCP;PST;NOM(SG,MASC);sla	се изнервирал
се изнервира	V.PTCP;PROG;PST;NOM(SG,FEM);sla	се изнервирала
се изнервира	V.PTCP;PST;NOM(SG,FEM);sla	се изнервирала
се изнервира	V.PTCP;PROG;PST;NOM(PL);sla	се изнервирале
се изнервира	V.PTCP;PROG;PST;NOM(SG,NEUT);sla	се изнервирало
се изнервира	V.PTCP;PST;NOM(SG,NEUT);sla	се изнервирало
се изнервира	V;PRS;NOM(1,SG);sla	се изнервирам
се изнервира	V;PRS;NOM(1,PL);sla	се изнервираме
се изнервира	V;PRS;NOM(2,PL);sla	се изнервирате
ужасне	V;PST;NOM(2,SG);sla	ужасна
ужасне	V;PST;NOM(3,SG);sla	ужасна
ужасне	V;PST;NOM(1,SG);sla	ужаснав
ужасне	V;PST;NOM(1,PL);sla	ужаснавме
ужасне	V;PST;NOM(2,PL);sla	ужаснавте
ужасне	V.PTCP;PST;NOM(SG,MASC);sla	ужаснал
ужасне	V.PTCP;PST;NOM(SG,FEM);sla	ужаснала
ужасне	V.PTCP;PST;NOM(PL);sla	ужаснале
ужасне	V.PTCP;PST;NOM(SG,NEUT);sla	ужаснало
ужасне	V;PRS;NOM(1,SG);sla	ужаснам
ужасне	V;PRS;NOM(3,SG);sla	ужасне
ужасне	V;PROG;PST;NOM(1,PL);sla	ужасневме
ужасне	V.PTCP;PROG;PST;NOM(SG,MASC);sla	ужаснел
ужасне	V.PTCP;PROG;PST;NOM(SG,FEM);sla	ужаснела
ужасне	V.PTCP;PROG;PST;NOM(PL);sla	ужаснеле
ужасне	V;IMP;NOM(2,PL);sla	ужаснете
ужасне	V;PRS;NOM(2,PL);sla	ужаснете
украсен	ADJ;SG;FEM;INDF;sla	украсна
украсен	ADJ;PROX;SG;FEM;DEF;sla	украснава
украсен	ADJ;REMT;SG;FEM;DEF;sla	украснана
украсен	ADJ;SG;FEM;DEF;sla	украсната
украсен	ADJ;PL;INDF;sla	украсни
украсен	ADJ;PROX;PL;DEF;sla	украсниве
украсен	ADJ;REMT;PL;DEF;sla	украснине
украсен	ADJ;PROX;SG;MASC;DEF;sla	украсниов
украсен	ADJ;REMT;SG;MASC;DEF;sla	украснион
украсен	ADJ;SG;MASC;DEF;sla	украсниот
украсен	ADJ;PROX;SG;NEUT;DEF;sla	украсново
украсен	ADJ;REMT;SG;NEUT;DEF;sla	украсноно
наидува	V;PRS;NOM(3,SG);sla	наидува
наидува	V;PROG;PST;NOM(3,PL);sla	наидуваа
наидува	V;PROG;PST;NOM(1,SG);sla	наидував
наидува	V;PROG;PST;NOM(1,PL);sla	наидувавме
наидува	V;IMP;NOM(2,SG);sla	наидувај
наидува	V;IMP;NOM(2,PL);sla	наидувајте се
наидува	V.CVB;NOM();sla	наидувајќи се
наидува	V.PTCP;PROG;PST;NOM(SG,MASC);sla	наидувал
наидува	V.PTCP;PROG;PST;NOM(SG,FEM);sla	наидувала
наидува	V.PTCP;PROG;PST;NOM(PL);sla	наидувале
наидува	V.PTCP;PROG;PST;NOM(SG,NEUT);sla	наидувало
наидува	V;PRS;NOM(1,PL);sla	наидуваме
наидува	V.MSDR;NOM();sla	наидување
наидува	V;PRS;NOM(2,PL);sla	наидувате
наидува	V;PROG;PST;NOM(2,SG);sla	наидуваше
позлати	V;PRS;NOM(1,SG);sla	позлатам
позлати	V;PROG;PST;NOM(3,PL);sla	позлатеа
позлати	V;PROG;PST;NOM(2,PL);sla	позлатевте
позлати	V.PTCP;PROG;PST;NOM(PL);sla	позлателе
позлати	V.PTCP;PST;PASS;NOM();sla	позлатен
позлати	V;PROG;PST;NOM(2,SG);sla	позлатеше
позлати	V;PROG;PST;NOM(3,SG);sla	позлатеше
позлати	V;IMP;NOM(2,SG);sla	позлати
позлати	V;PRS;NOM(3,SG);sla	позлати
позлати	V;PST;NOM(2,SG);sla	позлати
позлати	V;PST;NOM(2,PL);sla	позлативте
позлати	V.PTCP;PST;NOM(SG,MASC);sla	позлатил
позлати	V.PTCP;PST;NOM(SG,FEM);sla	позлатила
позлати	V;PRS;NOM(2,PL);sla	позлатите
регистрира	V;PRS;NOM(3,PL);sla	регистрираат
регистрира	V;PROG;PST;NOM(1,SG);sla	регистрирав
регистрира	V;PROG;PST;NOM(1,PL);sla	регистриравме
регистрира	V.CVB;NOM();sla	регистрирајќи
регистрира	V.PTCP;PROG;PST;NOM(PL);sla	регистрирале
регистрира	V.PTCP;PROG;PST;NOM(SG,NEUT);sla	регистрирало
регистрира	V;PRS;NOM(1,SG);sla	регистрирам
регистрира	V.PTCP;PST;PASS;NOM();sla	регистриран
регистрира	V;PRS;NOM(2,PL);sla	регистрирате
регистрира	V;PRS;NOM(2,SG);sla	регистрираш
регистрира	V;PROG;PST;NOM(2,SG);sla	регистрираше
регистрира	V;PROG;PST;NOM(3,SG);sla	регистрираше
валка	V;PRS;NOM(3,PL);sla	валкаат
валка	V;PROG;PST;NOM(1,PL);sla	валкавме
валка	V;PROG;PST;NOM(2,PL);sla	валкавте
валка	V.CVB;NOM();sla	валкајќи
валка	V.PTCP;PROG;PST;NOM(SG,MASC);sla	валкал
валка	V.PTCP;PROG;PST;NOM(SG,FEM);sla	валкала
валка	V.PTCP;PROG;PST;NOM(SG,NEUT);sla	валкало
валка	V;PRS;NOM(1,PL);sla	валкаме
валка	V.PTCP;PST;PASS;NOM();sla	валкан
валка	V;PRS;NOM(2,PL);sla	валкате
валка	V;PRS;NOM(2,SG);sla	валкаш
чорбаџика	N;REMT;SG;DEF;sla	чорбаџикана
чорбаџика	N;SG;DEF;sla	чорбаџиката
чорбаџика	N;VOC(SG);sla	чорбаџико
чорбаџика	N;PL;INDF;sla	чорбаџики
чорбаџика	N;PROX;PL;DEF;sla	чорбаџикиве
чорбаџика	N;PL;DEF;sla	чорбаџиките
професорка	N;SG;INDF;sla	професоркал
професорка	N;REMT;SG;DEF;sla	професоркана
професорка	N;VOC(SG);sla	професоркал
професорка	N;PL;INDF;sla	професорки
професорка	N;PROX;PL;DEF;sla	професоркиве
професорка	N;REMT;PL;DEF;sla	професоркине
професорка	N;PL;DEF;sla	професорките
фантазира	V;PRS;NOM(3,SG);sla	фантазира
фантазира	V;PRS;NOM(3,PL);sla	фантазираат
фантазира	V;IMP;NOM(2,SG);sla	фантазирај
фантазира	V.CVB;NOM();sla	фантазирајќи
фантазира	V.PTCP;PROG;PST;NOM(SG,MASC);sla	фантазирал
фантазира	V.PTCP;PROG;PST;NOM(PL);sla	фантазирале
фантазира	V.PTCP;PROG;PST;NOM(SG,NEUT);sla	фантазирало
фантазира	V;PRS;NOM(1,SG);sla	фантазирам
фантазира	V;PRS;NOM(1,PL);sla	фантазираме
фантазира	V.PTCP;PST;PASS;NOM();sla	фантазиран
фантазира	V.MSDR;NOM();sla	фантазирање
фантазира	V;PROG;PST;NOM(2,SG);sla	фантазираше
истурпија	V;PRS;NOM(3,SG);sla	истурпија
истурпија	V;PST;NOM(3,SG);sla	истурпија
истурпија	V;PROG;PST;NOM(3,PL);sla	истурпијаа
истурпија	V;PST;NOM(3,PL);sla	истурпијаа
истурпија	V;PST;NOM(1,SG);sla	истурпијав
истурпија	V;PROG;PST;NOM(1,PL);sla	истурпијавме
истурпија	V;PST;NOM(1,PL);sla	истурпијавме
истурпија	V;PROG;PST;NOM(2,PL);sla	истурпијавте
истурпија	V;PST;NOM(2,PL);sla	истурпијавте
истурпија	V;IMP;NOM(2,SG);sla	истурпијај
истурпија	V;IMP;NOM(2,PL);sla	истурпијајте
истурпија	V.PTCP;PROG;PST;NOM(SG,MASC);sla	истурпијал
истурпија	V.PTCP;PST;NOM(SG,MASC);sla	истурпијал
истурпија	V.PTCP;PST;NOM(SG,FEM);sla	истурпијала
истурпија	V.PTCP;PROG;PST;NOM(PL);sla	истурпијале
истурпија	V;PRS;NOM(2,SG);sla	истурпијаш
истурпија	V;PROG;PST;NOM(2,SG);sla	истурпијаше
истурпија	V;PROG;PST;NOM(3,SG);sla	истурпијаше
британски	ADJ;SG;FEM;INDF;sla	британска
британски	ADJ;PROX;SG;FEM;DEF;sla	британскава
британски	ADJ;REMT;SG;FEM;DEF;sla	британскана
британски	ADJ;SG;MASC;INDF;sla	британски
британски	ADJ;PL;INDF;sla	британски
британски	ADJ;REMT;PL;DEF;sla	британскине
британски	ADJ;PROX;SG;MASC;DEF;sla	британскиов
британски	ADJ;SG;MASC;DEF;sla	британскиот
британски	ADJ;PL;DEF;sla	британските
британски	ADJ;SG;NEUT;INDF;sla	британско
британски	ADJ;PROX;SG;NEUT;DEF;sla	британсково
британски	ADJ;REMT;SG;NEUT;DEF;sla	британсконо
пиленце	N;REMT;PL;DEF;sla	пиленцињана
пиленце	N;PL;DEF;sla	пиленцињата
пиленце	N;SG;INDF;sla	пиленце
пиленце	N;VOC(SG);sla	пиленце
пиленце	N;PROX;SG;DEF;sla	пиленцево
пиленце	N;REMT;SG;DEF;sla	пиленцено
пиленце	N;SG;DEF;sla	пиленцето
ќорав	ADJ;PROX;SG;FEM;DEF;sla	ќоравава
ќорав	ADJ;REMT;SG;FEM;DEF;sla	ќоравана
ќорав	ADJ;PROX;SG;MASC;DEF;sla	ќоравиов
ќорав	ADJ;REMT;SG;MASC;DEF;sla	ќоравион
ќорав	ADJ;SG;MASC;DEF;sla	ќоравиот
ќорав	ADJ;SG;NEUT;INDF;sla	ќораво
ќорав	ADJ;PROX;SG;NEUT;DEF;sla	ќоравово
ќорав	ADJ;REMT;SG;NEUT;DEF;sla	ќоравоно
ќорав	ADJ;SG;NEUT;DEF;sla	ќоравото
третина	N;SG;INDF;sla	третина
третина	N;REMT;SG;DEF;sla	третинана
третина	N;SG;DEF;sla	третината
третина	N;PL;INDF;sla	третини
третина	N;VOC(PL);sla	третини
третина	N;PL;DEF;sla	третините
третина	N;VOC(SG);sla	третино
елан	N;PL;sla	елана
елан	N;PROX;PL;DEF;sla	еланиве
елан	N;REMT;PL;DEF;sla	еланине
елан	N;PL;DEF;sla	еланите
елан	N;SG;DEF;sla	еланот
бездомен	ADJ;SG;MASC;INDF;sla	бездомен
бездомен	ADJ;PROX;SG;FEM;DEF;sla	бездомнава
бездомен	ADJ;REMT;SG;FEM;DEF;sla	бездомнана
бездомен	ADJ;SG;FEM;DEF;sla	бездомната
бездомен	ADJ;PL;INDF;sla	бездомни
бездомен	ADJ;PROX;PL;DEF;sla	бездомниве
бездомен	ADJ;PROX;SG;MASC;DEF;sla	бездомниов
бездомен	ADJ;REMT;SG;MASC;DEF;sla	бездомнион
бездомен	ADJ;SG;MASC;DEF;sla	бездомниот
бездомен	ADJ;SG;NEUT;INDF;sla	бездомно
бездомен	ADJ;PROX;SG;NEUT;DEF;sla	бездомново
бездомен	ADJ;SG;NEUT;DEF;sla	бездомното
бразилски	ADJ;SG;FEM;INDF;sla	бразилска
бразилски	ADJ;SG;MASC;INDF;sla	бразилски
бразилски	ADJ;PL;INDF;sla	бразилски
бразилски	ADJ;PROX;PL;DEF;sla	бразилскиве
бразилски	ADJ;REMT;PL;DEF;sla	бразилскине
бразилски	ADJ;PROX;SG;MASC;DEF;sla	бразилскиов
бразилски	ADJ;SG;MASC;DEF;sla	бразилскиот
бразилски	ADJ;PL;DEF;sla	бразилските
бразилски	ADJ;SG;NEUT;INDF;sla	бразилско
бразилски	ADJ;REMT;SG;NEUT;DEF;sla	бразилсконо
бразилски	ADJ;SG;NEUT;DEF;sla	бразилското
робија	N;VOC(PL);sla	робии
робија	N;PROX;PL;DEF;sla	робииве
робија	N;REMT;PL;DEF;sla	робиине
робија	N;PL;DEF;sla	робиите
робија	N;PROX;SG;DEF;sla	робијава
робија	N;REMT;SG;DEF;sla	робијана
робија	N;SG;DEF;sla	робијата
робија	N;VOC(SG);sla	робијо
грешен	ADJ;SG;MASC;INDF;sla	грешен
грешен	ADJ;PROX;SG;FEM;DEF;sla	грешнава
грешен	ADJ;REMT;SG;FEM;DEF;sla	грешнана
грешен	ADJ;PROX;PL;DEF;sla	грешниве
грешен	ADJ;PROX;SG;MASC;DEF;sla	грешниов
грешен	ADJ;REMT;SG;MASC;DEF;sla	грешнион
грешен	ADJ;SG;MASC;DEF;sla	грешниот
грешен	ADJ;PL;DEF;sla	грешните
грешен	ADJ;SG;NEUT;INDF;sla	грешно
грешен	ADJ;PROX;SG;NEUT;DEF;sla	грешново
грешен	ADJ;REMT;SG;NEUT;DEF;sla	грешноно
грешен	ADJ;SG;NEUT;DEF;sla	грешното
жито	N;VOC(PL);sla	жита
жито	N;PROX;PL;DEF;sla	житава
жито	N;REMT;PL;DEF;sla	житана
жито	N;PL;DEF;sla	житата
жито	N;SG;INDF;sla	жито
жито	N;PROX;SG;DEF;sla	житово
жито	N;REMT;SG;DEF;sla	житоно
жито	N;SG;DEF;sla	житото
обработлив	ADJ;PROX;SG;FEM;DEF;sla	обработливава
обработлив	ADJ;SG;FEM;DEF;sla	обработливата
обработлив	ADJ;PL;INDF;sla	обработливи
обработлив	ADJ;PROX;PL;DEF;sla	обработлививе
обработлив	ADJ;PROX;SG;MASC;DEF;sla	обработливиов
обработлив	ADJ;REMT;SG;MASC;DEF;sla	обработливион
обработлив	ADJ;SG;NEUT;INDF;sla	обработливо
обработлив	ADJ;PROX;SG;NEUT;DEF;sla	обработливово
обработлив	ADJ;REMT;SG;NEUT;DEF;sla	обработливоно
обработлив	ADJ;SG;NEUT;DEF;sla	обработливото
мотика	N;SG;INDF;sla	мотика
мотика	N;REMT;SG;DEF;sla	мотикана
мотика	N;PL;INDF;sla	мотики
мотика	N;VOC(PL);sla	мотики
мотика	N;PROX;PL;DEF;sla	мотикиве
мотика	N;REMT;PL;DEF;sla	мотикине
мотика	N;PL;DEF;sla	мотиките
победник	N;SG;INDF;sla	победник
победник	N;PL;sla	победника
победник	N;REMT;SG;DEF;sla	победникон
победник	N;SG;DEF;sla	победникот
победник	N;VOC(SG);sla	победнику
победник	N;PROX;PL;DEF;sla	победнициве
победник	N;PL;DEF;sla	победниците
сточарство	N;PL;INDF;sla	сточарства
сточарство	N;VOC(PL);sla	сточарства
сточарство	N;PROX;PL;DEF;sla	сточарствава
сточарство	N;PL;DEF;sla	сточарствата
сточарство	N;SG;INDF;sla	сточарство
сточарство	N;SG;DEF;sla	сточарството
оди	V;PRS;NOM(1,SG);sla	одам
оди	V;PRS;NOM(3,PL);sla	одат
оди	V;PROG;PST;NOM(2,PL);sla	одевте
оди	V.CVB;NOM();sla	одејќи
оди	V.PTCP;PROG;PST;NOM(SG,MASC);sla	одел
оди	V.PTCP;PROG;PST;NOM(PL);sla	оделе
оди	V.MSDR;NOM();sla	одење
оди	V;PROG;PST;NOM(2,SG);sla	одеше
оди	V;PROG;PST;NOM(3,SG);sla	одеше
оди	V;IMP;NOM(2,SG);sla	оди
оди	V;PRS;NOM(1,PL);sla	одиме
оди	V;PRS;NOM(2,PL);sla	одите
оди	V;PRS;NOM(2,SG);sla	одиш
се санка	V;IMP;NOM(2,PL);sla	се санкајте
се санка	V.PTCP;PST;PASS;NOM();sla	се санкан
се санка	V;PST;NOM(2,SG);sla	се санка
се санка	V;PST;NOM(3,SG);sla	се санка
се санка	V;PROG;PST;NOM(3,PL);sla	се санкаа
се санка	V;PST;NOM(1,SG);sla	се санкав
се санка	V;PROG;PST;NOM(2,PL);sla	се санкавте
се санка	V;PST;NOM(2,PL);sla	се санкавте
се санка	V.PTCP;PST;NOM(SG,FEM);sla	се санкала
се санка	V.PTCP;PST;NOM(PL);sla	се санкале
се санка	V.PTCP;PROG;PST;NOM(SG,NEUT);sla	се санкало
се санка	V;PRS;NOM(1,PL);sla	се санкаме
се санка	V;PRS;NOM(2,SG);sla	се санкаш
се санка	V;PROG;PST;NOM(2,SG);sla	се санкаше
се санка	V;PROG;PST;NOM(3,SG);sla	се санкаше
воскресне	V;PST;NOM(2,SG);sla	воскресна
воскресне	V;PST;NOM(3,SG);sla	воскресна
воскресне	V;PST;NOM(3,PL);sla	воскреснаа
воскресне	V;PST;NOM(1,SG);sla	воскреснав
воскресне	V;PST;NOM(1,PL);sla	воскреснавме
воскресне	V;PST;NOM(2,PL);sla	воскреснавте
воскресне	V.PTCP;PST;NOM(SG,MASC);sla	воскреснал
воскресне	V.PTCP;PST;NOM(SG,FEM);sla	воскреснала
воскресне	V.PTCP;PST;NOM(SG,NEUT);sla	воскреснало
воскресне	V;PROG;PST;NOM(1,PL);sla	воскресневме
воскресне	V;PROG;PST;NOM(2,PL);sla	воскресневте
воскресне	V.PTCP;PROG;PST;NOM(SG,MASC);sla	воскреснел
воскресне	V.PTCP;PROG;PST;NOM(SG,FEM);sla	воскреснела
воскресне	V;PRS;NOM(2,PL);sla	воскреснете
воскресне	V;PRS;NOM(2,SG);sla	воскреснеш
воскресне	V;PROG;PST;NOM(2,SG);sla	воскреснеше
воскресне	V;PROG;PST;NOM(3,SG);sla	воскреснеше
запише	V;PST;NOM(3,SG);sla	запиша
запише	V;PST;NOM(3,PL);sla	запишаа
запише	V;PST;NOM(1,PL);sla	запишвме
запише	V;PST;NOM(2,PL);sla	запишвте
запише	V.PTCP;PST;NOM(SG,FEM);sla	запишала
запише	V.PTCP;PST;NOM(SG,NEUT);sla	запишало
запише	V;PRS;NOM(1,SG);sla	запишам
запише	V.PTCP;PST;PASS;NOM();sla	запишат
запише	V;PROG;PST;NOM(3,PL);sla	запишеа
запише	V;PROG;PST;NOM(1,SG);sla	запишев
запише	V.PTCP;PROG;PST;NOM(SG,MASC);sla	запишел
запише	V.PTCP;PROG;PST;NOM(SG,FEM);sla	запишела
запише	V.PTCP;PROG;PST;NOM(PL);sla	запишеле
запише	V;PRS;NOM(1,PL);sla	запишеме
запише	V;IMP;NOM(2,PL);sla	запишете
запише	V;PRS;NOM(2,PL);sla	запишете
запише	V;PRS;NOM(2,SG);sla	запишеш
запише	V;PROG;PST;NOM(2,SG);sla	запишеше
запише	V;PROG;PST;NOM(3,SG);sla	запишеше
финансира	V;PRS;NOM(3,SG);sla	финансира
финансира	V;PROG;PST;NOM(3,PL);sla	финансираа
финансира	V;PROG;PST;NOM(1,PL);sla	финансиравме
финансира	V;PROG;PST;NOM(2,PL);sla	финансиравте
финансира	V;IMP;NOM(2,PL);sla	финансирајте
финансира	V.PTCP;PROG;PST;NOM(SG,MASC);sla	финансирал
финансира	V.PTCP;PROG;PST;NOM(SG,FEM);sla	финансирала
финансира	V;PRS;NOM(1,PL);sla	финансираме
финансира	V.MSDR;NOM();sla	финансирање
развари	V;PRS;NOM(3,PL);sla	разварат
развари	V;PROG;PST;NOM(3,PL);sla	развареа
развари	V;PROG;PST;NOM(1,PL);sla	разваревме
развари	V;PROG;PST;NOM(2,PL);sla	разваревте
развари	V.PTCP;PROG;PST;NOM(SG,NEUT);sla	разварело
развари	V;IMP;NOM(2,PL);sla	разварете се
развари	V;IMP;NOM(2,SG);sla	развари
развари	V;PRS;NOM(3,SG);sla	развари
развари	V;PST;NOM(3,SG);sla	развари
развари	V;PST;NOM(1,PL);sla	разваривме
развари	V;PST;NOM(2,PL);sla	разваривте
развари	V;PST;NOM(3,PL);sla	разварија
развари	V.PTCP;PST;NOM(SG,MASC);sla	разварил
развари	V.PTCP;PST;NOM(SG,FEM);sla	разварила
развари	V.PTCP;PST;NOM(SG,NEUT);sla	разварило
развари	V;PRS;NOM(1,PL);sla	развариме
развари	V;PRS;NOM(2,PL);sla	разварите
мозочница	N;PROX;SG;DEF;sla	мозочницава
мозочница	N;SG;DEF;sla	мозочницата
мозочница	N;VOC(SG);sla	мозочнице
мозочница	N;PL;INDF;sla	мозочници
мозочница	N;PROX;PL;DEF;sla	мозочнициве
мозочница	N;REMT;PL;DEF;sla	мозочницине
бубрег	N;SG;INDF;sla	бубрег
бубрег	N;PL;sla	бубрега
бубрег	N;REMT;SG;DEF;sla	бубрегон
бубрег	N;SG;DEF;sla	бубрегот
бубрег	N;VOC(PL);sla	бубрегови
бубрег	N;PROX;PL;DEF;sla	бубреговиве
бубрег	N;PL;DEF;sla	бубрезите
сознание	N;VOC(PL);sla	сознанииња
сознание	N;PL;DEF;sla	сознаниjата
сознание	N;SG;INDF;sla	сознание
сознание	N;VOC(SG);sla	сознание
сознание	N;SG;DEF;sla	сознанието
казни	V;PRS;NOM(1,SG);sla	казнам
казни	V;PROG;PST;NOM(3,PL);sla	казнеа
казни	V;PROG;PST;NOM(1,SG);sla	казнев
казни	V;PROG;PST;NOM(1,PL);sla	казневме
казни	V;PROG;PST;NOM(2,PL);sla	казневте
казни	V.PTCP;PROG;PST;NOM(SG,MASC);sla	казнел
казни	V.PTCP;PROG;PST;NOM(SG,FEM);sla	казнела
казни	V.PTCP;PROG;PST;NOM(SG,NEUT);sla	казнело
казни	V.PTCP;PST;PASS;NOM();sla	казнет
казни	V;IMP;NOM(2,PL);sla	казнете
казни	V;PROG;PST;NOM(3,SG);sla	казнеше
казни	V;PRS;NOM(3,SG);sla	казни
казни	V;PST;NOM(2,SG);sla	казни
казни	V;PST;NOM(3,SG);sla	казни
казни	V;PST;NOM(1,SG);sla	казнив
казни	V;PST;NOM(2,PL);sla	казневте
казни	V.PTCP;PST;NOM(SG,MASC);sla	казнил
казни	V.PTCP;PST;NOM(PL);sla	казниле
казни	V.PTCP;PST;NOM(SG,NEUT);sla	казнило
казни	V;PRS;NOM(1,PL);sla	казниме
казни	V;PRS;NOM(2,PL);sla	казните
казни	V;PRS;NOM(2,SG);sla	казниш
бенка	N;REMT;SG;DEF;sla	бенкана
бенка	N;PL;INDF;sla	бенки
бенка	N;REMT;PL;DEF;sla	бенкине
бенка	N;PL;DEF;sla	бенките
бунтува	V;PRS;NOM(3,SG);sla	бунтува
бунтува	V;PROG;PST;NOM(3,PL);sla	бунтуваа
бунтува	V;PRS;NOM(3,PL);sla	бунтуваат
бунтува	V;PROG;PST;NOM(1,SG);sla	бунтував
бунтува	V;PROG;PST;NOM(1,PL);sla	бунтувавме
бунтува	V;IMP;NOM(2,PL);sla	бунтувајте се
бунтува	V.PTCP;PROG;PST;NOM(SG,MASC);sla	бунтувал
бунтува	V.PTCP;PROG;PST;NOM(SG,FEM);sla	бунтувала
бунтува	V.PTCP;PROG;PST;NOM(PL);sla	бунтувале
бунтува	V;PRS;NOM(1,PL);sla	бунтуваме
бунтува	V.MSDR;NOM();sla	бунтување
бунтува	V;PRS;NOM(2,SG);sla	бунтуваш
бунтува	V;PROG;PST;NOM(3,SG);sla	бунтуваше
образован	ADJ;SG;MASC;INDF;sla	образован
образован	ADJ;REMT;SG;FEM;DEF;sla	образованана
образован	ADJ;PL;INDF;sla	образовани
образован	ADJ;REMT;PL;DEF;sla	образованине
образован	ADJ;PROX;SG;MASC;DEF;sla	образованиов
образован	ADJ;REMT;SG;MASC;DEF;sla	образованион
образован	ADJ;SG;NEUT;INDF;sla	образовано
образован	ADJ;PROX;SG;NEUT;DEF;sla	образованово
поволност	N;SG;INDF;sla	поволност
догради	V;PRS;NOM(1,SG);sla	доградам
догради	V;PRS;NOM(3,PL);sla	доградат
догради	V;PROG;PST;NOM(1,SG);sla	доградев
догради	V;PROG;PST;NOM(1,PL);sla	доградевме
догради	V.PTCP;PROG;PST;NOM(SG,NEUT);sla	доградело
догради	V;PROG;PST;NOM(2,SG);sla	доградеше
догради	V;IMP;NOM(2,SG);sla	догради
догради	V;PRS;NOM(3,SG);sla	догради
догради	V;PST;NOM(2,SG);sla	догради
догради	V;PST;NOM(3,SG);sla	догради
догради	V;PST;NOM(1,SG);sla	доградив
догради	V;PST;NOM(1,PL);sla	доградивме
догради	V;PST;NOM(2,PL);sla	доградивте
догради	V;PST;NOM(3,PL);sla	доградија
догради	V.PTCP;PST;NOM(SG,MASC);sla	доградил
догради	V.PTCP;PST;NOM(SG,FEM);sla	доградила
догради	V.PTCP;PST;NOM(PL);sla	доградиле
догради	V.PTCP;PST;NOM(SG,NEUT);sla	доградило
догради	V;PRS;NOM(2,PL);sla	доградите
шестаголен	ADJ;PROX;SG;FEM;DEF;sla	шестаголнава
шестаголен	ADJ;REMT;SG;FEM;DEF;sla	шестаголнана
шестаголен	ADJ;REMT;PL;DEF;sla	шестаголнине
шестаголен	ADJ;PROX;SG;MASC;DEF;sla	шестаголниов
шестаголен	ADJ;SG;MASC;DEF;sla	шестаголниот
шестаголен	ADJ;PL;DEF;sla	шестаголните
шестаголен	ADJ;SG;NEUT;INDF;sla	шестаголно
шестаголен	ADJ;REMT;SG;NEUT;DEF;sla	шестаголноно
шестаголен	ADJ;SG;NEUT;DEF;sla	шестаголното
опсипе	V;PST;NOM(3,SG);sla	опсипа
опсипе	V;PST;NOM(3,PL);sla	опсипаа
опсипе	V;PST;NOM(1,SG);sla	опсипав
опсипе	V;PST;NOM(2,PL);sla	опсипвте
опсипе	V.PTCP;PST;NOM(SG,MASC);sla	опсипал
опсипе	V.PTCP;PST;NOM(PL);sla	опсипале
опсипе	V.PTCP;PST;NOM(SG,NEUT);sla	опсипало
опсипе	V;PRS;NOM(1,SG);sla	опсипам
опсипе	V.PTCP;PST;PASS;NOM();sla	опсипан
опсипе	V;PROG;PST;NOM(1,PL);sla	опсипевме
опсипе	V;PROG;PST;NOM(2,PL);sla	опсипевте
опсипе	V.PTCP;PROG;PST;NOM(SG,MASC);sla	опсипел
опсипе	V.PTCP;PROG;PST;NOM(PL);sla	опсипеле
опсипе	V;PRS;NOM(1,PL);sla	опсипеме
опсипе	V;PRS;NOM(2,SG);sla	опсипеш
опсипе	V;PROG;PST;NOM(3,SG);sla	опсипеше
подлактица	N;PROX;SG;DEF;sla	подлактицава
подлактица	N;REMT;SG;DEF;sla	подлактицана
подлактица	N;VOC(SG);sla	подлактице
натера	V;PRS;NOM(3,PL);sla	натераат
натера	V;PROG;PST;NOM(1,SG);sla	натерав
натера	V;PST;NOM(1,SG);sla	натерав
натера	V;PROG;PST;NOM(1,PL);sla	натеравме
натера	V;PST;NOM(1,PL);sla	натеравме
натера	V;PROG;PST;NOM(2,PL);sla	натеравте
натера	V;PST;NOM(2,PL);sla	натеравте
натера	V;IMP;NOM(2,SG);sla	натерај
натера	V.PTCP;PROG;PST;NOM(SG,MASC);sla	натерал
натера	V.PTCP;PST;NOM(SG,MASC);sla	натерал
натера	V.PTCP;PST;NOM(SG,FEM);sla	натерала
натера	V.PTCP;PROG;PST;NOM(PL);sla	натерале
натера	V.PTCP;PROG;PST;NOM(SG,NEUT);sla	натерало
натера	V.PTCP;PST;NOM(SG,NEUT);sla	натерало
натера	V;PRS;NOM(1,SG);sla	натерам
натера	V;PRS;NOM(1,PL);sla	натераме
натера	V.PTCP;PST;PASS;NOM();sla	натеран
натера	V;PRS;NOM(2,PL);sla	натерате
натера	V;PRS;NOM(2,SG);sla	натераш
натера	V;PROG;PST;NOM(2,SG);sla	натераше
натера	V;PROG;PST;NOM(3,SG);sla	натераше
измрси	V;PRS;NOM(1,SG);sla	измрсам
измрси	V;PROG;PST;NOM(3,PL);sla	измрсеа
измрси	V;PROG;PST;NOM(1,PL);sla	измрсевме
измрси	V;PROG;PST;NOM(2,PL);sla	измрсевте
измрси	V.PTCP;PROG;PST;NOM(SG,MASC);sla	измрсел
измрси	V.PTCP;PROG;PST;NOM(PL);sla	измрселе
измрси	V.PTCP;PROG;PST;NOM(SG,NEUT);sla	измрсело
измрси	V.PTCP;PST;PASS;NOM();sla	измрсен
измрси	V;IMP;NOM(2,PL);sla	измрсете
измрси	V;IMP;NOM(2,SG);sla	измрси
измрси	V;PRS;NOM(3,SG);sla	измрси
измрси	V;PST;NOM(3,SG);sla	измрси
измрси	V;PST;NOM(1,SG);sla	измрсив
измрси	V;PRS;NOM(2,SG);sla	измрсиш
напредува	V;PRS;NOM(3,SG);sla	напредува
напредува	V;PROG;PST;NOM(1,SG);sla	напредував
напредува	V;PROG;PST;NOM(1,PL);sla	напредувавме
напредува	V;PROG;PST;NOM(2,PL);sla	напредувавте
напредува	V.CVB;NOM();sla	напредувајќи
напредува	V.PTCP;PROG;PST;NOM(SG,FEM);sla	напредувала
напредува	V.PTCP;PROG;PST;NOM(SG,NEUT);sla	напредувало
напредува	V;PRS;NOM(1,PL);sla	напредуваме
напредува	V.MSDR;NOM();sla	напредување
напредува	V;PRS;NOM(2,PL);sla	напредувате
напредува	V;PRS;NOM(2,SG);sla	напредуваш
напредува	V;PROG;PST;NOM(2,SG);sla	напредуваше
напредува	V;PROG;PST;NOM(3,SG);sla	напредуваше
одржи	V;PST;NOM(2,SG);sla	одржи
одржи	V;PST;NOM(3,SG);sla	одржи
одржи	V;PST;NOM(2,PL);sla	одрживте
одржи	V.PTCP;PST;NOM(SG,MASC);sla	одржил
одржи	V.PTCP;PST;NOM(SG,NEUT);sla	одржило
одржи	V.PTCP;PST;PASS;NOM();sla	одржен
одржи	V;PROG;PST;NOM(1,PL);sla	одржевме
одржи	V;PROG;PST;NOM(2,PL);sla	одржевте
одржи	V.PTCP;PROG;PST;NOM(PL);sla	одржеле
одржи	V;IMP;NOM(2,PL);sla	одржете
одржи	V;PROG;PST;NOM(2,SG);sla	одржеше
одржи	V;IMP;NOM(2,SG);sla	одржи
одржи	V;PRS;NOM(3,SG);sla	одржи
одржи	V;PRS;NOM(1,PL);sla	одржиме
некултурност	N;SG;INDF;sla	некултурност
рече	V.PTCP;PST;NOM(SG,FEM);sla	речала
рече	V.PTCP;PST;NOM(PL);sla	рекле
рече	V;PST;NOM(3,PL);sla	рекоа
рече	V;PST;NOM(1,SG);sla	реков
рече	V;PST;NOM(1,PL);sla	рековме
рече	V;PRS;NOM(1,SG);sla	речам
рече	V;PST;NOM(2,SG);sla	рече
рече	V;PST;NOM(3,SG);sla	реча
рече	V;PROG;PST;NOM(3,PL);sla	речеа
рече	V;PROG;PST;NOM(1,SG);sla	речев
рече	V;PROG;PST;NOM(1,PL);sla	речевме
рече	V;PROG;PST;NOM(2,PL);sla	речевте
рече	V.PTCP;PROG;PST;NOM(SG,MASC);sla	речел
рече	V.PTCP;PROG;PST;NOM(SG,FEM);sla	речела
рече	V.PTCP;PROG;PST;NOM(PL);sla	речеле
рече	V;IMP;NOM(2,PL);sla	речете
рече	V;PRS;NOM(2,SG);sla	речеш
рече	V;PROG;PST;NOM(2,SG);sla	речеше
рече	V;PROG;PST;NOM(3,SG);sla	речеше
шамара	V;PRS;NOM(3,SG);sla	шамара
шамара	V;PROG;PST;NOM(3,PL);sla	шамараа
шамара	V;PRS;NOM(3,PL);sla	шамараат
шамара	V;PROG;PST;NOM(1,SG);sla	шамарав
шамара	V.PTCP;PROG;PST;NOM(SG,MASC);sla	шамарал
шамара	V.PTCP;PROG;PST;NOM(SG,NEUT);sla	шамарало
шамара	V;PRS;NOM(1,SG);sla	шамарам
шамара	V;PRS;NOM(1,PL);sla	шамараме
шамара	V.PTCP;PST;PASS;NOM();sla	шамаран
шамара	V.MSDR;NOM();sla	шамарање
шамара	V;PRS;NOM(2,PL);sla	шамарате
шамара	V;PRS;NOM(2,SG);sla	шамараш
шамара	V;PROG;PST;NOM(3,SG);sla	шамараше
подобрување	N;PL;INDF;sla	подобрувања
подобрување	N;PROX;PL;DEF;sla	подобрувањава
подобрување	N;VOC(SG);sla	подобрување
подобрување	N;REMT;SG;DEF;sla	подобрувањено
безжичен	ADJ;SG;MASC;INDF;sla	безжичен
безжичен	ADJ;REMT;SG;FEM;DEF;sla	безжичнана
безжичен	ADJ;SG;FEM;DEF;sla	безжичената
безжичен	ADJ;PL;INDF;sla	безжични
безжичен	ADJ;REMT;PL;DEF;sla	безжичнине
безжичен	ADJ;PROX;SG;MASC;DEF;sla	безжичениов
безжичен	ADJ;REMT;SG;MASC;DEF;sla	безжичнион
безжичен	ADJ;SG;NEUT;INDF;sla	безжично
безжичен	ADJ;REMT;SG;NEUT;DEF;sla	безжичноно
честица	N;SG;INDF;sla	честица
честица	N;PROX;SG;DEF;sla	честицава
честица	N;REMT;SG;DEF;sla	честицана
честица	N;SG;DEF;sla	честицата
честица	N;PL;INDF;sla	честици
честица	N;VOC(PL);sla	честици
честица	N;PROX;PL;DEF;sla	честициве
честица	N;REMT;PL;DEF;sla	честицине
растревожува	V;PRS;NOM(3,SG);sla	растревожува
растревожува	V;PROG;PST;NOM(1,SG);sla	растревожував
растревожува	V;PROG;PST;NOM(1,PL);sla	растревожувавме
растревожува	V;PROG;PST;NOM(2,PL);sla	растревожувавте
растревожува	V;IMP;NOM(2,SG);sla	растревожувај
растревожува	V.CVB;NOM();sla	растревожувајќи
растревожува	V.PTCP;PROG;PST;NOM(SG,MASC);sla	растревожувал
растревожува	V.PTCP;PROG;PST;NOM(SG,NEUT);sla	растревожувало
растревожува	V;PRS;NOM(1,SG);sla	растревожувам
растревожува	V.MSDR;NOM();sla	растревожување
растревожува	V;PROG;PST;NOM(2,SG);sla	растревожуваше
растревожува	V;PROG;PST;NOM(3,SG);sla	растревожуваше
мртвороденче	N;REMT;SG;DEF;sla	мртвороденчено
мртвороденче	N;PL;INDF;sla	мртвороденчиња
мртвороденче	N;PROX;PL;DEF;sla	мртвороденчињава
мртвороденче	N;PL;DEF;sla	мртвороденчињата
несовршенство	N;VOC(PL);sla	несовршенства
несовршенство	N;REMT;PL;DEF;sla	несовршенствана
несовршенство	N;PL;DEF;sla	несовршенствата
несовршенство	N;SG;INDF;sla	несовршенство
несовршенство	N;SG;DEF;sla	несовршенството
полезен	ADJ;SG;FEM;INDF;sla	полезна
полезен	ADJ;PROX;SG;FEM;DEF;sla	полезнава
полезен	ADJ;SG;FEM;DEF;sla	полезната
полезен	ADJ;REMT;PL;DEF;sla	полезнине
полезен	ADJ;PROX;SG;MASC;DEF;sla	полезниов
полезен	ADJ;SG;MASC;DEF;sla	полезниот
полезен	ADJ;PL;DEF;sla	полезните
полезен	ADJ;SG;NEUT;INDF;sla	полезно
полезен	ADJ;PROX;SG;NEUT;DEF;sla	полезново
полезен	ADJ;SG;NEUT;DEF;sla	полезното
се задума	V;PRS;NOM(3,SG);sla	се задума
се задума	V;PST;NOM(2,SG);sla	се задума
се задума	V;PROG;PST;NOM(3,PL);sla	се задумаа
се задума	V;PST;NOM(3,PL);sla	се задумаа
се задума	V;PRS;NOM(3,PL);sla	се задумаат
се задума	V;PROG;PST;NOM(1,SG);sla	се задумав
се задума	V;PROG;PST;NOM(1,PL);sla	се задумавме
се задума	V;PROG;PST;NOM(2,PL);sla	се задумавте
се задума	V.PTCP;PST;NOM(SG,MASC);sla	се задумал
се задума	V.PTCP;PROG;PST;NOM(SG,FEM);sla	се задумала
се задума	V.PTCP;PST;NOM(SG,FEM);sla	се задумала
се задума	V.PTCP;PROG;PST;NOM(SG,NEUT);sla	се задумало
се задума	V.PTCP;PST;NOM(SG,NEUT);sla	се задумало
се задума	V;PRS;NOM(1,SG);sla	се задумам
се задума	V;PRS;NOM(2,PL);sla	се задумате
се задума	V;PRS;NOM(2,SG);sla	се задумаш
се задума	V;PROG;PST;NOM(2,SG);sla	се задумаше
се задума	V;PROG;PST;NOM(3,SG);sla	се задумаше
потчинет	ADJ;SG;MASC;INDF;sla	потчинет
потчинет	ADJ;SG;FEM;INDF;sla	потчинета
потчинет	ADJ;PROX;SG;FEM;DEF;sla	потчинетава
потчинет	ADJ;REMT;SG;FEM;DEF;sla	потчинетана
потчинет	ADJ;SG;FEM;DEF;sla	потчинетата
потчинет	ADJ;REMT;PL;DEF;sla	потчинетине
потчинет	ADJ;SG;MASC;DEF;sla	потчинетиот
потчинет	ADJ;REMT;SG;NEUT;DEF;sla	потчинетоно
потчинет	ADJ;SG;NEUT;DEF;sla	потчинетото
Словенец	N;PL;sla	Словенеца
Словенец	N;PROX;SG;DEF;sla	Словенецов
Словенец	N;SG;DEF;sla	Словенецот
Словенец	N;REMT;PL;DEF;sla	Словенцине
разгневи	V;PRS;NOM(1,SG);sla	разгневам
разгневи	V;PROG;PST;NOM(3,PL);sla	разгневеа
разгневи	V;PROG;PST;NOM(1,SG);sla	разгневев
разгневи	V;PROG;PST;NOM(2,PL);sla	разгневевте
разгневи	V.PTCP;PROG;PST;NOM(SG,MASC);sla	разгневел
разгневи	V.PTCP;PROG;PST;NOM(PL);sla	разгневеле
разгневи	V;IMP;NOM(2,SG);sla	разгневи
разгневи	V;PST;NOM(2,SG);sla	разгневи
разгневи	V;PST;NOM(2,PL);sla	разгневивте
разгневи	V;PST;NOM(3,PL);sla	разгневија
разгневи	V.PTCP;PST;NOM(SG,MASC);sla	разгневил
разгневи	V.PTCP;PST;NOM(SG,FEM);sla	разгневила
разгневи	V.PTCP;PST;NOM(PL);sla	разгневиле
разгневи	V.PTCP;PST;NOM(SG,NEUT);sla	разгневило
разгневи	V;PRS;NOM(2,PL);sla	разгневите
разгневи	V;PRS;NOM(2,SG);sla	разгневиш
онколошки	ADJ;PROX;SG;FEM;DEF;sla	онколошкава
онколошки	ADJ;SG;MASC;INDF;sla	онколошки
онколошки	ADJ;REMT;PL;DEF;sla	онколошкине
онколошки	ADJ;PROX;SG;MASC;DEF;sla	онколошкиов
онколошки	ADJ;REMT;SG;MASC;DEF;sla	онколошкион
онколошки	ADJ;PL;DEF;sla	онколошките
онколошки	ADJ;PROX;SG;NEUT;DEF;sla	онколошково
онколошки	ADJ;SG;NEUT;DEF;sla	онколошкото
видео	N;PL;INDF;sla	видеа
видео	N;VOC(PL);sla	видеа
видео	N;PROX;PL;DEF;sla	видеава
видео	N;REMT;PL;DEF;sla	видеана
видео	N;PL;DEF;sla	видеата
видео	N;SG;INDF;sla	видео
видео	N;PROX;SG;DEF;sla	видеово
видео	N;REMT;SG;DEF;sla	видеоно
видео	N;SG;DEF;sla	видеото
Ѓуптин	N;SG;INDF;sla	Ѓуптин
Ѓуптин	N;VOC(SG);sla	Ѓуптину
Ѓуптин	N;VOC(PL);sla	Ѓуптини
Ѓуптин	N;REMT;PL;DEF;sla	Ѓуптинине
Ѓуптин	N;PROX;SG;DEF;sla	Ѓуптинов
Ѓуптин	N;REMT;SG;DEF;sla	Ѓуптинон
Ѓуптин	N;SG;DEF;sla	Ѓуптинот
зине	V;PST;NOM(3,PL);sla	зинаа
зине	V;PST;NOM(1,PL);sla	зинавме
зине	V;PST;NOM(2,PL);sla	зинавте
зине	V.PTCP;PST;NOM(SG,MASC);sla	зинал
зине	V.PTCP;PST;NOM(SG,NEUT);sla	зинало
зине	V;PRS;NOM(3,PL);sla	зинат
зине	V;PRS;NOM(3,SG);sla	зине
зине	V;PROG;PST;NOM(3,PL);sla	зинеа
зине	V;PROG;PST;NOM(1,SG);sla	зинев
зине	V;PROG;PST;NOM(2,PL);sla	зиневте
зине	V.PTCP;PROG;PST;NOM(SG,FEM);sla	зинела
зине	V.PTCP;PROG;PST;NOM(SG,NEUT);sla	зинело
зине	V;PRS;NOM(1,PL);sla	зинеме
зине	V;IMP;NOM(2,PL);sla	зинете
зине	V;PROG;PST;NOM(2,SG);sla	зинеше
зине	V;PROG;PST;NOM(3,SG);sla	зинеше
пичка	N;PROX;SG;DEF;sla	пичкава
пичка	N;REMT;SG;DEF;sla	пичкана
пичка	N;SG;DEF;sla	пичката
пичка	N;PL;INDF;sla	пички
пичка	N;REMT;PL;DEF;sla	пичкине
пичка	N;PL;DEF;sla	пичките
пичка	N;VOC(SG);sla	пичко
закон	N;PL;sla	закона
закон	N;PROX;PL;DEF;sla	закониве
закон	N;REMT;PL;DEF;sla	законине
закон	N;PROX;SG;DEF;sla	законов
закон	N;REMT;SG;DEF;sla	законон
закон	N;VOC(SG);sla	закону
мрсен	ADJ;SG;MASC;INDF;sla	мрсен
мрсен	ADJ;SG;FEM;INDF;sla	мрсна
мрсен	ADJ;PROX;SG;FEM;DEF;sla	мрснава
мрсен	ADJ;REMT;SG;FEM;DEF;sla	мрснана
мрсен	ADJ;SG;FEM;DEF;sla	мрсната
мрсен	ADJ;PL;INDF;sla	мрсни
мрсен	ADJ;REMT;PL;DEF;sla	мрснине
мрсен	ADJ;PROX;SG;MASC;DEF;sla	мрсниов
мрсен	ADJ;SG;MASC;DEF;sla	мрсниот
мрсен	ADJ;PROX;SG;NEUT;DEF;sla	мрсново
мрсен	ADJ;REMT;SG;NEUT;DEF;sla	мрсноно
мрсен	ADJ;SG;NEUT;DEF;sla	мрсното
испрска	V;PST;NOM(3,PL);sla	испрскаа
испрска	V;PRS;NOM(3,PL);sla	испрскаат
испрска	V;PROG;PST;NOM(1,SG);sla	испрскав
испрска	V;PST;NOM(1,PL);sla	испрскавме
испрска	V;PST;NOM(2,PL);sla	испрскавте
испрска	V;IMP;NOM(2,SG);sla	испрскај
испрска	V;IMP;NOM(2,PL);sla	испрскајте
испрска	V.PTCP;PROG;PST;NOM(SG,MASC);sla	испрскал
испрска	V.PTCP;PST;NOM(SG,MASC);sla	испрскал
испрска	V.PTCP;PROG;PST;NOM(SG,FEM);sla	испрскала
испрска	V.PTCP;PST;NOM(SG,FEM);sla	испрскала
испрска	V.PTCP;PROG;PST;NOM(PL);sla	испрскале
испрска	V.PTCP;PST;NOM(PL);sla	испрскале
испрска	V;PRS;NOM(1,SG);sla	испрскам
испрска	V;PRS;NOM(1,PL);sla	испрскаме
испрска	V;PRS;NOM(2,PL);sla	испрскате
испрска	V;PRS;NOM(2,SG);sla	испрскаш
испрска	V;PROG;PST;NOM(3,SG);sla	испрскаше
органски	ADJ;SG;FEM;INDF;sla	органска
органски	ADJ;PROX;SG;FEM;DEF;sla	органскава
органски	ADJ;SG;FEM;DEF;sla	органската
органски	ADJ;SG;MASC;INDF;sla	органски
органски	ADJ;PL;INDF;sla	органски
органски	ADJ;REMT;SG;MASC;DEF;sla	органскион
органски	ADJ;SG;MASC;DEF;sla	органскиот
органски	ADJ;PL;DEF;sla	органските
органски	ADJ;SG;NEUT;INDF;sla	органско
органски	ADJ;SG;NEUT;DEF;sla	органското
бодеж	N;VOC(PL);sla	бодежи
бодеж	N;PROX;PL;DEF;sla	бодеживе
бодеж	N;REMT;PL;DEF;sla	бодежине
бодеж	N;PROX;SG;DEF;sla	бодежов
бодеж	N;VOC(SG);sla	бодежу
штимунг	N;REMT;SG;DEF;sla	штимунгон
штимунг	N;SG;DEF;sla	штимунгот
штимунг	N;VOC(SG);sla	штимунже
штимунг	N;PROX;PL;DEF;sla	штимунговиве
штимунг	N;PL;DEF;sla	штимунзите
голем	ADJ;SG;MASC;INDF;sla	голем
голем	ADJ;REMT;SG;FEM;DEF;sla	голема
голем	ADJ;PROX;PL;DEF;sla	голем
голем	ADJ;REMT;PL;DEF;sla	големе
голем	ADJ;PROX;SG;MASC;DEF;sla	големв
голем	ADJ;REMT;SG;MASC;DEF;sla	голем
голем	ADJ;SG;MASC;DEF;sla	големот
голем	ADJ;PL;DEF;sla	голем
голем	ADJ;SG;NEUT;INDF;sla	голем
голем	ADJ;PROX;SG;NEUT;DEF;sla	големво
здроби	V;PRS;NOM(3,PL);sla	здробат
здроби	V;PROG;PST;NOM(3,PL);sla	здробеа
здроби	V;PROG;PST;NOM(1,SG);sla	здробев
здроби	V;PROG;PST;NOM(1,PL);sla	здробевме
здроби	V.PTCP;PROG;PST;NOM(SG,MASC);sla	здробел
здроби	V.PTCP;PST;PASS;NOM();sla	здробен
здроби	V;PRS;NOM(3,SG);sla	здроби
здроби	V;PST;NOM(2,SG);sla	здроби
здроби	V;PST;NOM(3,SG);sla	здроби
здроби	V;PST;NOM(2,PL);sla	здробивте
здроби	V.PTCP;PST;NOM(SG,FEM);sla	здробила
здроби	V.PTCP;PST;NOM(PL);sla	здробиле
здроби	V.PTCP;PST;NOM(SG,NEUT);sla	здробило
здроби	V;PRS;NOM(2,SG);sla	здробиш
пожарен	ADJ;SG;MASC;INDF;sla	пожарен
пожарен	ADJ;SG;FEM;INDF;sla	пожарна
пожарен	ADJ;PROX;SG;FEM;DEF;sla	пожарнава
пожарен	ADJ;REMT;SG;FEM;DEF;sla	пожарнана
пожарен	ADJ;SG;FEM;DEF;sla	пожарната
пожарен	ADJ;PROX;PL;DEF;sla	пожарниве
пожарен	ADJ;PROX;SG;MASC;DEF;sla	пожарниов
пожарен	ADJ;REMT;SG;MASC;DEF;sla	пожарнион
пожарен	ADJ;PL;DEF;sla	пожарните
пожарен	ADJ;PROX;SG;NEUT;DEF;sla	пожарново
пожарен	ADJ;REMT;SG;NEUT;DEF;sla	пожареноно
пожарен	ADJ;SG;NEUT;DEF;sla	пожарното
маченица	N;SG;INDF;sla	маченица
маченица	N;PROX;SG;DEF;sla	маченицава
маченица	N;REMT;SG;DEF;sla	маченицана
маченица	N;VOC(PL);sla	мачници
маченица	N;PROX;PL;DEF;sla	маченициве
narzãdzôcz	N;NOM(PL);sla	narzãdzôcze
narzãdzôcz	N;DAT(PL);sla	narzãdzôczom
narzãdzôcz	N;VOC(SG);sla	narzãdzôczu
narzãdzôcz	N;INS(PL);sla	narzãdzôczami
narzãdzôcz	N;ESS(SG);sla	narzãdzôczu
narzãdzôcz	N;DAT(SG);sla	narzãdzôczowi
narzãdzôcz	N;GEN(SG);sla	narzãdzôcza
narzãdzôcz	N;ESS(PL);sla	narzãdzôczach
narzãdzôcz	N;GEN(PL);sla	narzãdzôczy
narzãdzôcz	N;INS(SG);sla	narzãdzôczem
narzãdzôcz	N;ACC(PL);sla	narzãdzôcze
narzãdzôcz	N;ACC(SG);sla	narzãdzôcza
narzãdzôcz	N;NOM(SG);sla	narzãdzôcz
narzãdzôcz	N;VOC(PL);sla	narzãdzôcze
Jastrë	N;VOC(PL);sla	Jastrë
Jastrë	N;ESS(PL);sla	Jastrë
Jastrë	N;DAT(PL);sla	Jastrë
Jastrë	N;GEN(PL);sla	Jastrë
Jastrë	N;ACC(PL);sla	Jastrë
Jastrë	N;ACC(PL);sla	Jastrë
Jastrë	N;NOM(PL);sla	Jastrë
pòniedzôłk	N;NOM(PL);sla	pòniedzôłki
pòniedzôłk	N;DAT(PL);sla	pòniedzôłkom
pòniedzôłk	N;VOC(SG);sla	pòniedzôłku
pòniedzôłk	N;INS(PL);sla	pòniedzôłkami
pòniedzôłk	N;ESS(SG);sla	pòniedzôłku
pòniedzôłk	N;DAT(SG);sla	pòniedzôłkowi
pòniedzôłk	N;GEN(SG);sla	pòniedzôłka
pòniedzôłk	N;ESS(PL);sla	pòniedzôłkach
pòniedzôłk	N;GEN(PL);sla	pòniedzôłków
pòniedzôłk	N;INS(SG);sla	pòniedzôłkiem
pòniedzôłk	N;ACC(PL);sla	pòniedzôłki
pòniedzôłk	N;ACC(SG);sla	pòniedzôłk
pòniedzôłk	N;NOM(SG);sla	pòniedzôłk
pòniedzôłk	N;VOC(PL);sla	pòniedzôłki
pùjk	N;NOM(PL);sla	pùjki
pùjk	N;DAT(PL);sla	pùjkom
pùjk	N;VOC(SG);sla	pùjku
pùjk	N;INS(PL);sla	pùjkami
pùjk	N;ESS(SG);sla	pùjku
pùjk	N;DAT(SG);sla	pùjkoju
pùjk	N;GEN(SG);sla	pùjka
pùjk	N;ESS(PL);sla	pùjkach
pùjk	N;GEN(PL);sla	pùjkow
pùjk	N;INS(SG);sla	pùjkiem
pùjk	N;ACC(PL);sla	pùjki
pùjk	N;ACC(SG);sla	pùjka
pùjk	N;NOM(SG);sla	pùjk
pùjk	N;VOC(PL);sla	pùjki
môlnik	N;NOM(PL);sla	môlniki
môlnik	N;DAT(PL);sla	môlnikom
môlnik	N;VOC(SG);sla	môlniku
môlnik	N;INS(PL);sla	môlnikami
môlnik	N;ESS(SG);sla	môlniku
môlnik	N;DAT(SG);sla	môlnikowi
môlnik	N;GEN(SG);sla	môlnika
môlnik	N;ESS(PL);sla	môlnikach
môlnik	N;GEN(PL);sla	môlników
môlnik	N;INS(SG);sla	môlnikiem
môlnik	N;ACC(PL);sla	môlniki
môlnik	N;ACC(SG);sla	môlnik
môlnik	N;NOM(SG);sla	môlnik
môlnik	N;VOC(PL);sla	môlniki
wòłiwôcz	N;NOM(PL);sla	wòłiwôcze
wòłiwôcz	N;DAT(PL);sla	wòłiwôczom
wòłiwôcz	N;VOC(SG);sla	wòłiwôczu
wòłiwôcz	N;INS(PL);sla	wòłiwôczami
wòłiwôcz	N;ESS(SG);sla	wòłiwôczu
wòłiwôcz	N;DAT(SG);sla	wòłiwôczowi
wòłiwôcz	N;GEN(SG);sla	wòłiwôcza
wòłiwôcz	N;ESS(PL);sla	wòłiwôczach
wòłiwôcz	N;GEN(PL);sla	wòłiwôczy
wòłiwôcz	N;INS(SG);sla	wòłiwôczem
wòłiwôcz	N;ACC(PL);sla	wòłiwôcze
wòłiwôcz	N;ACC(SG);sla	wòłiwôcza
wòłiwôcz	N;NOM(SG);sla	wòłiwôcz
wòłiwôcz	N;VOC(PL);sla	wòłiwôcze
łżëkwiôt	N;NOM(PL);sla	łżëkwiôty
łżëkwiôt	N;DAT(PL);sla	łżëkwiôtam
łżëkwiôt	N;VOC(SG);sla	łżëkwiôcie
łżëkwiôt	N;INS(PL);sla	łżëkwiôtami
łżëkwiôt	N;ESS(SG);sla	łżëkwiôcie
łżëkwiôt	N;DAT(SG);sla	łżëkwiôtowi
łżëkwiôt	N;GEN(SG);sla	łżëkwiôta
łżëkwiôt	N;ESS(PL);sla	łżëkwiôtach
łżëkwiôt	N;GEN(PL);sla	łżëkwiôtów
łżëkwiôt	N;INS(SG);sla	łżëkwiôtem
łżëkwiôt	N;ACC(PL);sla	łżëkwiôty
łżëkwiôt	N;ACC(SG);sla	łżëkwiôt
łżëkwiôt	N;NOM(SG);sla	łżëkwiôt
łżëkwiôt	N;VOC(PL);sla	łżëkwiôty
lëstopadnik	N;NOM(PL);sla	lëstopadniki
lëstopadnik	N;DAT(PL);sla	lëstopadnikom
lëstopadnik	N;VOC(SG);sla	lëstopadniku
lëstopadnik	N;INS(PL);sla	lëstopadnikami
lëstopadnik	N;ESS(SG);sla	lëstopadniku
lëstopadnik	N;DAT(SG);sla	lëstopadnikowi
lëstopadnik	N;GEN(SG);sla	lëstopadnika
lëstopadnik	N;ESS(PL);sla	lëstopadnikach
lëstopadnik	N;GEN(PL);sla	lëstopadników
lëstopadnik	N;INS(SG);sla	lëstopadnikiem
lëstopadnik	N;ACC(PL);sla	lëstopadniki
lëstopadnik	N;ACC(SG);sla	lëstopadnik
lëstopadnik	N;NOM(SG);sla	lëstopadnik
lëstopadnik	N;VOC(PL);sla	lëstopadniki
sobòta	N;NOM(PL);sla	sobòty
sobòta	N;DAT(PL);sla	sobòtom
sobòta	N;VOC(SG);sla	sobòto
sobòta	N;INS(PL);sla	sobòtami
sobòta	N;ESS(SG);sla	sobòcie
sobòta	N;DAT(SG);sla	sobòcie
sobòta	N;GEN(SG);sla	sobòty
sobòta	N;ESS(PL);sla	sobòtach
sobòta	N;GEN(PL);sla	sobòt
sobòta	N;INS(SG);sla	sobòtą
sobòta	N;ACC(PL);sla	sobòty
sobòta	N;ACC(SG);sla	sobòtę
sobòta	N;NOM(SG);sla	sobòta
sobòta	N;VOC(PL);sla	sobòty
kóń	N;NOM(PL);sla	kónje
kóń	N;DAT(PL);sla	kóniom
kóń	N;VOC(SG);sla	kóniu
kóń	N;INS(PL);sla	kónjami
kóń	N;ESS(SG);sla	kóniu
kóń	N;DAT(SG);sla	kóniowi
kóń	N;GEN(SG);sla	kónja
kóń	N;ESS(PL);sla	kónjach
kóń	N;GEN(PL);sla	kónjow
kóń	N;INS(SG);sla	kónjom
kóń	N;ACC(PL);sla	kónje
kóń	N;ACC(SG);sla	kóń
kóń	N;NOM(SG);sla	kóń
kóń	N;VOC(PL);sla	kónie
nazéwôcz	N;NOM(PL);sla	nazéwôcze
nazéwôcz	N;DAT(PL);sla	nazéwôczom
nazéwôcz	N;VOC(SG);sla	nazéwôczu
nazéwôcz	N;INS(PL);sla	nazéwôczami
nazéwôcz	N;ESS(SG);sla	nazéwôczu
nazéwôcz	N;DAT(SG);sla	nazéwôczowi
nazéwôcz	N;GEN(SG);sla	nazéwôcza
nazéwôcz	N;ESS(PL);sla	nazéwôczach
nazéwôcz	N;GEN(PL);sla	nazéwôczy
nazéwôcz	N;INS(SG);sla	nazéwôczem
nazéwôcz	N;ACC(PL);sla	nazéwôcze
nazéwôcz	N;ACC(SG);sla	nazéwôcza
nazéwôcz	N;NOM(SG);sla	nazéwôcz
nazéwôcz	N;VOC(PL);sla	nazéwôcze
piątk	N;NOM(PL);sla	piątki
piątk	N;DAT(PL);sla	piątkam
piątk	N;VOC(SG);sla	piątku
piątk	N;INS(PL);sla	piątkami
piątk	N;ESS(SG);sla	piątku
piątk	N;DAT(SG);sla	piątkowi
piątk	N;GEN(SG);sla	piątka
piątk	N;ESS(PL);sla	piątkach
piątk	N;GEN(PL);sla	piątkow
piątk	N;INS(SG);sla	piątkiem
piątk	N;ACC(PL);sla	piątki
piątk	N;ACC(SG);sla	piątk
piątk	N;NOM(SG);sla	piątk
piątk	N;VOC(PL);sla	piątki
rënk	N;NOM(PL);sla	rënki
rënk	N;DAT(PL);sla	rënkom
rënk	N;VOC(SG);sla	rënku
rënk	N;INS(PL);sla	rënkami
rënk	N;ESS(SG);sla	rënku
rënk	N;DAT(SG);sla	rënkowi
rënk	N;GEN(SG);sla	rënka
rënk	N;ESS(PL);sla	rënkach
rënk	N;GEN(PL);sla	rënków
rënk	N;INS(SG);sla	rënkiem
rënk	N;ACC(PL);sla	rënki
rënk	N;ACC(SG);sla	rënk
rënk	N;NOM(SG);sla	rënk
rënk	N;VOC(PL);sla	rënki
wtórk	N;NOM(PL);sla	wtórki
wtórk	N;DAT(PL);sla	wtórkam
wtórk	N;VOC(SG);sla	wtórku
wtórk	N;INS(PL);sla	wtórkami
wtórk	N;ESS(SG);sla	wtórku
wtórk	N;DAT(SG);sla	wtórkowi
wtórk	N;GEN(SG);sla	wtórku
wtórk	N;ESS(PL);sla	wtórkach
wtórk	N;GEN(PL);sla	wtórków
wtórk	N;INS(SG);sla	wtórkiem
wtórk	N;ACC(PL);sla	wtórki
wtórk	N;ACC(SG);sla	wtórk
wtórk	N;NOM(SG);sla	wtórk
wtórk	N;VOC(PL);sla	wtórki
winowôcz	N;NOM(PL);sla	winowôcze
winowôcz	N;DAT(PL);sla	winowôczom
winowôcz	N;VOC(SG);sla	winowôczu
winowôcz	N;INS(PL);sla	winowôczami
winowôcz	N;ESS(SG);sla	winowôczu
winowôcz	N;DAT(SG);sla	winowôczowi
winowôcz	N;GEN(SG);sla	winowôcza
winowôcz	N;ESS(PL);sla	winowôczach
winowôcz	N;GEN(PL);sla	winowôczy
winowôcz	N;INS(SG);sla	winowôczem
winowôcz	N;ACC(PL);sla	winowôcze
winowôcz	N;ACC(SG);sla	winowôcza
winowôcz	N;NOM(SG);sla	winowôcz
winowôcz	N;VOC(PL);sla	winowôcze
òjc	N;NOM(PL);sla	òjcy
òjc	N;DAT(PL);sla	òjcam
òjc	N;VOC(SG);sla	òjcu
òjc	N;INS(PL);sla	òjcami
òjc	N;ESS(SG);sla	òjcu
òjc	N;DAT(SG);sla	òjwi
òjc	N;GEN(SG);sla	òjca
òjc	N;ESS(PL);sla	òjch
òjc	N;GEN(PL);sla	òjcow
òjc	N;INS(SG);sla	òjm
òjc	N;INS(SG);sla	òjm
òjc	N;ACC(PL);sla	òjce
òjc	N;ACC(SG);sla	òjc
òjc	N;NOM(SG);sla	òjc
òjc	N;VOC(PL);sla	òj
latawiskò	N;NOM(PL);sla	latawiskò
latawiskò	N;DAT(PL);sla	latawiskò
latawiskò	N;VOC(SG);sla	latawiskò
latawiskò	N;INS(PL);sla	latawiskò
latawiskò	N;ESS(SG);sla	latawiskò
latawiskò	N;DAT(SG);sla	latawiskò
latawiskò	N;GEN(SG);sla	latawiskò
latawiskò	N;ESS(PL);sla	latawiskò
latawiskò	N;GEN(PL);sla	latawiskò
latawiskò	N;INS(SG);sla	latawiskò
latawiskò	N;ACC(PL);sla	latawiskò
latawiskò	N;ACC(SG);sla	latawiskò
latawiskò	N;NOM(SG);sla	latawiskò
latawiskò	N;VOC(PL);sla	latawiskò
Jastra	N;VOC(PL);sla	Jastry
Jastra	N;ESS(PL);sla	Jastrach
Jastra	N;DAT(PL);sla	Jastram
Jastra	N;GEN(PL);sla	Jastrow
Jastra	N;ACC(PL);sla	Jastry
Jastra	N;ACC(PL);sla	Jastry
Jastra	N;NOM(PL);sla	Jastry
czerwińc	N;NOM(PL);sla	czerwińcy
czerwińc	N;DAT(PL);sla	czerwińcam
czerwińc	N;VOC(SG);sla	czerwińcu
czerwińc	N;INS(PL);sla	czerwińcami
czerwińc	N;ESS(SG);sla	czerwińcu
czerwińc	N;DAT(SG);sla	czerwińcoju
czerwińc	N;GEN(SG);sla	czerwińca
czerwińc	N;ESS(PL);sla	czerwińch
czerwińc	N;GEN(PL);sla	czerwińcow
czerwińc	N;INS(SG);sla	czerwińm
czerwińc	N;ACC(PL);sla	czerwińce
czerwińc	N;ACC(SG);sla	czerwińca
czerwińc	N;NOM(SG);sla	czerwińc
czerwińc	N;VOC(PL);sla	czerwiń
rujan	N;NOM(PL);sla	rujany
rujan	N;DAT(PL);sla	rujanom
rujan	N;VOC(SG);sla	rujanie
rujan	N;INS(PL);sla	rujanami
rujan	N;ESS(SG);sla	rujanie
rujan	N;DAT(SG);sla	rujanowi
rujan	N;GEN(SG);sla	rujanu
rujan	N;ESS(PL);sla	rujanach
rujan	N;GEN(PL);sla	rujanów
rujan	N;INS(SG);sla	rujanem
rujan	N;ACC(PL);sla	rujany
rujan	N;ACC(SG);sla	rujan
rujan	N;NOM(SG);sla	rujan
rujan	N;VOC(PL);sla	rujany
dôwôcz	N;NOM(PL);sla	dôwôcze
dôwôcz	N;DAT(PL);sla	dôwôczom
dôwôcz	N;VOC(SG);sla	dôwôczu
dôwôcz	N;INS(PL);sla	dôwôczami
dôwôcz	N;ESS(SG);sla	dôwôczu
dôwôcz	N;DAT(SG);sla	dôwôczowi
dôwôcz	N;GEN(SG);sla	dôwôcza
dôwôcz	N;ESS(PL);sla	dôwôczach
dôwôcz	N;GEN(PL);sla	dôwôczy
dôwôcz	N;INS(SG);sla	dôwôczem
dôwôcz	N;ACC(PL);sla	dôwôcze
dôwôcz	N;ACC(SG);sla	dôwôcza
dôwôcz	N;NOM(SG);sla	dôwôcz
dôwôcz	N;VOC(PL);sla	dôwôcze
serce	N;NOM(PL);sla	serce
serce	N;DAT(PL);sla	sercam
serce	N;VOC(SG);sla	serce
serce	N;INS(PL);sla	sercami
serce	N;ESS(SG);sla	sercu
serce	N;ESS(SG);sla	sercu
serce	N;DAT(SG);sla	sercu
serce	N;GEN(SG);sla	serca
serce	N;ESS(PL);sla	sercach
serce	N;GEN(PL);sla	sercow
serce	N;GEN(PL);sla	sercow
serce	N;INS(SG);sla	sercom
serce	N;INS(SG);sla	sercom
serce	N;ACC(PL);sla	serca
serce	N;ACC(SG);sla	serce
serce	N;NOM(SG);sla	serce
serce	N;VOC(PL);sla	serca
lëpinc	N;NOM(PL);sla	lëpincy
lëpinc	N;DAT(PL);sla	lëpincam
lëpinc	N;VOC(SG);sla	lëpincu
lëpinc	N;INS(PL);sla	lëpincami
lëpinc	N;ESS(SG);sla	lëpincu
lëpinc	N;DAT(SG);sla	lëpinwi
lëpinc	N;GEN(SG);sla	lëpinca
lëpinc	N;ESS(PL);sla	lëpinch
lëpinc	N;GEN(PL);sla	lëpincow
lëpinc	N;INS(SG);sla	lëpinm
lëpinc	N;ACC(PL);sla	lëpince
lëpinc	N;ACC(SG);sla	lëpinc
lëpinc	N;NOM(SG);sla	lëpinc
lëpinc	N;VOC(PL);sla	lëpin
séwnik	N;NOM(PL);sla	séwniki
séwnik	N;DAT(PL);sla	séwnikom
séwnik	N;VOC(SG);sla	séwniku
séwnik	N;INS(PL);sla	séwnikami
séwnik	N;ESS(SG);sla	séwniku
séwnik	N;DAT(SG);sla	séwnikowi
séwnik	N;GEN(SG);sla	séwnika
séwnik	N;ESS(PL);sla	séwnikach
séwnik	N;GEN(PL);sla	séwników
séwnik	N;INS(SG);sla	séwnikiem
séwnik	N;ACC(PL);sla	séwników
séwnik	N;ACC(SG);sla	séwnika
séwnik	N;NOM(SG);sla	séwnik
séwnik	N;VOC(PL);sla	séwniki
zélnik	N;NOM(PL);sla	zélniki
zélnik	N;DAT(PL);sla	zélnikom
zélnik	N;VOC(SG);sla	zélniku
zélnik	N;INS(PL);sla	zélnikami
zélnik	N;ESS(SG);sla	zélniku
zélnik	N;DAT(SG);sla	zélnikowi
zélnik	N;GEN(SG);sla	zélnika
zélnik	N;ESS(PL);sla	zélnikach
zélnik	N;GEN(PL);sla	zélników
zélnik	N;INS(SG);sla	zélnikiem
zélnik	N;ACC(PL);sla	zélniki
zélnik	N;ACC(SG);sla	zélnik
zélnik	N;NOM(SG);sla	zélnik
zélnik	N;VOC(PL);sla	zélniki
stëcznik	N;NOM(PL);sla	stëczniki
stëcznik	N;DAT(PL);sla	stëcznikom
stëcznik	N;VOC(SG);sla	stëczniku
stëcznik	N;INS(PL);sla	stëcznikami
stëcznik	N;ESS(SG);sla	stëczniku
stëcznik	N;DAT(SG);sla	stëcznikowi
stëcznik	N;GEN(SG);sla	stëcznika
stëcznik	N;ESS(PL);sla	stëcznikach
stëcznik	N;GEN(PL);sla	stëczników
stëcznik	N;INS(SG);sla	stëcznikiem
stëcznik	N;ACC(PL);sla	stëczniki
stëcznik	N;ACC(SG);sla	stëcznik
stëcznik	N;NOM(SG);sla	stëcznik
stëcznik	N;VOC(PL);sla	stëczniki
strzoda	N;NOM(PL);sla	strzody
strzoda	N;DAT(PL);sla	strzodom
strzoda	N;VOC(SG);sla	strzodo
strzoda	N;INS(PL);sla	strzodami
strzoda	N;ESS(SG);sla	strzodzie
strzoda	N;DAT(SG);sla	strzodzie
strzoda	N;GEN(SG);sla	strzody
strzoda	N;ESS(PL);sla	strzodach
strzoda	N;GEN(PL);sla	strzod
strzoda	N;INS(SG);sla	strzodą
strzoda	N;ACC(PL);sla	strzody
strzoda	N;ACC(SG);sla	strzodu
strzoda	N;NOM(SG);sla	strzoda
strzoda	N;VOC(PL);sla	strzody
môj	N;NOM(PL);sla	môje
môj	N;DAT(PL);sla	môjam
môj	N;VOC(SG);sla	môju
môj	N;INS(PL);sla	môjami
môj	N;ESS(SG);sla	môju
môj	N;DAT(SG);sla	môjoju
môj	N;GEN(SG);sla	môja
môj	N;ESS(PL);sla	môjach
môj	N;GEN(PL);sla	môjow
môj	N;INS(SG);sla	môjom
môj	N;ACC(PL);sla	môje
môj	N;ACC(SG);sla	môj
môj	N;NOM(SG);sla	môj
môj	N;VOC(PL);sla	môje
strumiannik	N;NOM(PL);sla	strumianniki
strumiannik	N;DAT(PL);sla	strumiannikom
strumiannik	N;VOC(SG);sla	strumianniku
strumiannik	N;INS(PL);sla	strumiannikami
strumiannik	N;ESS(SG);sla	strumianniku
strumiannik	N;DAT(SG);sla	strumiannikowi
strumiannik	N;GEN(SG);sla	strumiannika
strumiannik	N;ESS(PL);sla	strumiannikach
strumiannik	N;GEN(PL);sla	strumianników
strumiannik	N;INS(SG);sla	strumiannikiem
strumiannik	N;ACC(PL);sla	strumianniki
strumiannik	N;ACC(SG);sla	strumiannik
strumiannik	N;NOM(SG);sla	strumiannik
strumiannik	N;VOC(PL);sla	strumianniki
tidzéń	N;NOM(PL);sla	tidzénje
tidzéń	N;DAT(PL);sla	tidzéniom
tidzéń	N;VOC(SG);sla	tidzéniu
tidzéń	N;INS(PL);sla	tidzénjami
tidzéń	N;ESS(SG);sla	tidzéniu
tidzéń	N;DAT(SG);sla	tidzéniowi
tidzéń	N;GEN(SG);sla	tidzénja
tidzéń	N;ESS(PL);sla	tidzénjach
tidzéń	N;GEN(PL);sla	tidzénjow
tidzéń	N;INS(SG);sla	tidzénjom
tidzéń	N;ACC(PL);sla	tidzénje
tidzéń	N;ACC(SG);sla	tidzéń
tidzéń	N;NOM(SG);sla	tidzéń
tidzéń	N;VOC(PL);sla	tidzénie
czwôrtk	N;NOM(PL);sla	czwôrtki
czwôrtk	N;DAT(PL);sla	czwôrtkam
czwôrtk	N;VOC(SG);sla	czwôrtku
czwôrtk	N;INS(PL);sla	czwôrtkami
czwôrtk	N;ESS(SG);sla	czwôrtku
czwôrtk	N;DAT(SG);sla	czwôrtkowi
czwôrtk	N;GEN(SG);sla	czwôrtka
czwôrtk	N;ESS(PL);sla	czwôrtkach
czwôrtk	N;GEN(PL);sla	czwôrtkow
czwôrtk	N;INS(SG);sla	czwôrtkiem
czwôrtk	N;ACC(PL);sla	czwôrtki
czwôrtk	N;ACC(SG);sla	czwôrtk
czwôrtk	N;NOM(SG);sla	czwôrtk
czwôrtk	N;VOC(PL);sla	czwôrtki
kòt	N;NOM(PL);sla	kòty
kòt	N;DAT(PL);sla	kòtam
kòt	N;VOC(SG);sla	kòcie
kòt	N;INS(PL);sla	kòtami
kòt	N;ESS(SG);sla	kòcie
kòt	N;DAT(SG);sla	kòtowi
kòt	N;DAT(SG);sla	kòtowi
kòt	N;GEN(SG);sla	kòta
kòt	N;ESS(PL);sla	kòtach
kòt	N;GEN(PL);sla	kòtów
kòt	N;INS(SG);sla	kòtem
kòt	N;ACC(PL);sla	kòty
kòt	N;ACC(SG);sla	kòt
kòt	N;NOM(SG);sla	kòt
kòt	N;VOC(PL);sla	kòty
gromicznik	N;NOM(PL);sla	gromiczniki
gromicznik	N;DAT(PL);sla	gromicznikom
gromicznik	N;VOC(SG);sla	gromiczniku
gromicznik	N;INS(PL);sla	gromicznikami
gromicznik	N;ESS(SG);sla	gromiczniku
gromicznik	N;DAT(SG);sla	gromicznikowi
gromicznik	N;GEN(SG);sla	gromicznika
gromicznik	N;ESS(PL);sla	gromicznikach
gromicznik	N;GEN(PL);sla	gromiczników
gromicznik	N;INS(SG);sla	gromicznikiem
gromicznik	N;ACC(PL);sla	gromiczniki
gromicznik	N;ACC(SG);sla	gromicznik
gromicznik	N;NOM(SG);sla	gromicznik
gromicznik	N;VOC(PL);sla	gromiczniki
rodzôcz	N;NOM(PL);sla	rodzôcze
rodzôcz	N;DAT(PL);sla	rodzôczom
rodzôcz	N;VOC(SG);sla	rodzôczu
rodzôcz	N;INS(PL);sla	rodzôczami
rodzôcz	N;ESS(SG);sla	rodzôczu
rodzôcz	N;DAT(SG);sla	rodzôczowi
rodzôcz	N;GEN(SG);sla	rodzôcza
rodzôcz	N;ESS(PL);sla	rodzôczach
rodzôcz	N;GEN(PL);sla	rodzôczy
rodzôcz	N;INS(SG);sla	rodzôczem
rodzôcz	N;ACC(PL);sla	rodzôcze
rodzôcz	N;ACC(SG);sla	rodzôcza
rodzôcz	N;NOM(SG);sla	rodzôcz
rodzôcz	N;VOC(PL);sla	rodzôcze
niedzela	N;NOM(PL);sla	niedzely
niedzela	N;DAT(PL);sla	niedzelam
niedzela	N;VOC(SG);sla	niedzelo
niedzela	N;INS(PL);sla	niedzelami
niedzela	N;ESS(SG);sla	niedzele
niedzela	N;DAT(SG);sla	niedzeli
niedzela	N;GEN(SG);sla	niedzele
niedzela	N;ESS(PL);sla	niedzelach
niedzela	N;GEN(PL);sla	niedzelow
niedzela	N;INS(SG);sla	niedzelu
niedzela	N;ACC(PL);sla	niedzele
niedzela	N;ACC(SG);sla	niedzelu
niedzela	N;NOM(SG);sla	niedzela
niedzela	N;VOC(PL);sla	niedzeli
gòdnik	N;NOM(PL);sla	gòdniki
gòdnik	N;DAT(PL);sla	gòdnikom
gòdnik	N;VOC(SG);sla	gòdniku
gòdnik	N;INS(PL);sla	gòdnikami
gòdnik	N;ESS(SG);sla	gòdniku
gòdnik	N;DAT(SG);sla	gòdnikowi
gòdnik	N;GEN(SG);sla	gòdnika
gòdnik	N;ESS(PL);sla	gòdnikach
gòdnik	N;GEN(PL);sla	gòdników
gòdnik	N;INS(SG);sla	gòdnikiem
gòdnik	N;ACC(PL);sla	gòdniki
gòdnik	N;ACC(SG);sla	gòdnik
gòdnik	N;NOM(SG);sla	gòdnik
gòdnik	N;VOC(PL);sla	gòdniki
stolem	N;NOM(PL);sla	stolemy
stolem	N;DAT(PL);sla	stolemam
stolem	N;VOC(SG);sla	stolemie
stolem	N;INS(PL);sla	stolemami
stolem	N;ESS(SG);sla	stolemie
stolem	N;DAT(SG);sla	stolemowi
stolem	N;GEN(SG);sla	stolemu
stolem	N;ESS(PL);sla	stolemach
stolem	N;GEN(PL);sla	stolemów
stolem	N;INS(SG);sla	stolemem
stolem	N;ACC(PL);sla	stolemy
stolem	N;ACC(SG);sla	stolem
stolem	N;NOM(SG);sla	stolem
stolem	N;VOC(PL);sla	stolemy
