INFO - 01/24/26 09:50:19 - 0:00:00 - command line argument: seed - 0
INFO - 01/24/26 09:50:19 - 0:00:00 - command line argument: train - ['../../2023InflectionST/part1/data/dsb.trn']
INFO - 01/24/26 09:50:19 - 0:00:00 - command line argument: dev - ['../../2023InflectionST/part1/data/dsb.dev']
INFO - 01/24/26 09:50:19 - 0:00:00 - command line argument: test - ['../../2023InflectionST/part1/data/dsb.tst']
INFO - 01/24/26 09:50:19 - 0:00:00 - command line argument: model - 'checkpoints/sig23/tagtransformer/dsb'
INFO - 01/24/26 09:50:19 - 0:00:00 - command line argument: load - ''
INFO - 01/24/26 09:50:19 - 0:00:00 - command line argument: bs - 400
INFO - 01/24/26 09:50:19 - 0:00:00 - command line argument: epochs - 20
INFO - 01/24/26 09:50:19 - 0:00:00 - command line argument: max_steps - 20000
INFO - 01/24/26 09:50:19 - 0:00:00 - command line argument: warmup_steps - 4000
INFO - 01/24/26 09:50:19 - 0:00:00 - command line argument: total_eval - 50
INFO - 01/24/26 09:50:19 - 0:00:00 - command line argument: optimizer - <Optimizer.adam: 'adam'>
INFO - 01/24/26 09:50:19 - 0:00:00 - command line argument: scheduler - <Scheduler.warmupinvsqr: 'warmupinvsqr'>
INFO - 01/24/26 09:50:19 - 0:00:00 - command line argument: lr - 0.001
INFO - 01/24/26 09:50:19 - 0:00:00 - command line argument: min_lr - 1e-05
INFO - 01/24/26 09:50:19 - 0:00:00 - command line argument: momentum - 0.9
INFO - 01/24/26 09:50:19 - 0:00:00 - command line argument: beta1 - 0.9
INFO - 01/24/26 09:50:19 - 0:00:00 - command line argument: beta2 - 0.98
INFO - 01/24/26 09:50:19 - 0:00:00 - command line argument: estop - 1e-08
INFO - 01/24/26 09:50:19 - 0:00:00 - command line argument: cooldown - 0
INFO - 01/24/26 09:50:19 - 0:00:00 - command line argument: patience - 0
INFO - 01/24/26 09:50:19 - 0:00:00 - command line argument: discount_factor - 0.5
INFO - 01/24/26 09:50:19 - 0:00:00 - command line argument: max_norm - 1.0
INFO - 01/24/26 09:50:19 - 0:00:00 - command line argument: gpuid - [0]
INFO - 01/24/26 09:50:19 - 0:00:00 - command line argument: loglevel - 'info'
INFO - 01/24/26 09:50:19 - 0:00:00 - command line argument: saveall - False
INFO - 01/24/26 09:50:19 - 0:00:00 - command line argument: shuffle - True
INFO - 01/24/26 09:50:19 - 0:00:00 - command line argument: cleanup_anyway - True
INFO - 01/24/26 09:50:19 - 0:00:00 - command line argument: dataset - <Data.sigmorphon23task0: 'sigmorphon23task0'>
INFO - 01/24/26 09:50:19 - 0:00:00 - command line argument: max_seq_len - 128
INFO - 01/24/26 09:50:19 - 0:00:00 - command line argument: max_decode_len - 32
INFO - 01/24/26 09:50:19 - 0:00:00 - command line argument: decode_beam_size - 5
INFO - 01/24/26 09:50:19 - 0:00:00 - command line argument: init - ''
INFO - 01/24/26 09:50:19 - 0:00:00 - command line argument: dropout - 0.3
INFO - 01/24/26 09:50:19 - 0:00:00 - command line argument: embed_dim - 256
INFO - 01/24/26 09:50:19 - 0:00:00 - command line argument: nb_heads - 4
INFO - 01/24/26 09:50:19 - 0:00:00 - command line argument: src_layer - 4
INFO - 01/24/26 09:50:19 - 0:00:00 - command line argument: trg_layer - 4
INFO - 01/24/26 09:50:19 - 0:00:00 - command line argument: src_hs - 1024
INFO - 01/24/26 09:50:19 - 0:00:00 - command line argument: trg_hs - 1024
INFO - 01/24/26 09:50:19 - 0:00:00 - command line argument: label_smooth - 0.1
INFO - 01/24/26 09:50:19 - 0:00:00 - command line argument: tie_trg_embed - False
INFO - 01/24/26 09:50:19 - 0:00:00 - command line argument: arch - <Arch.tagtransformer: 'tagtransformer'>
INFO - 01/24/26 09:50:19 - 0:00:00 - command line argument: nb_sample - 2
INFO - 01/24/26 09:50:19 - 0:00:00 - command line argument: wid_siz - 11
INFO - 01/24/26 09:50:19 - 0:00:00 - command line argument: indtag - False
INFO - 01/24/26 09:50:19 - 0:00:00 - command line argument: decode - <Decode.greedy: 'greedy'>
INFO - 01/24/26 09:50:19 - 0:00:00 - command line argument: mono - False
INFO - 01/24/26 09:50:19 - 0:00:00 - command line argument: bestacc - True
INFO - 01/24/26 09:50:19 - 0:00:00 - src vocab size 75
INFO - 01/24/26 09:50:19 - 0:00:00 - trg vocab size 48
INFO - 01/24/26 09:50:19 - 0:00:00 - src vocab ['<PAD>', '<BOS>', '<EOS>', '<UNK>', ' ', 'A', 'C', 'D', 'N', 'P', 'S', 'a', 'b', 'c', 'd', 'e', 'f', 'g', 'h', 'i', 'j', 'k', 'l', 'm', 'n', 'o', 'p', 'r', 's', 't', 'u', 'w', 'y', 'z', 'ó', 'ć', 'č', 'ě', 'ł', 'ń', 'ŕ', 'ś', 'š', 'ź', 'ž', '́', 'ḿ', 'ẃ', '1', '2', '3', 'ACC', 'ADJ', 'DAT', 'DU', 'DU,ANIM', 'DU,INAN', 'ESS', 'GEN', 'IMP', 'INS', 'N', 'NOM', 'PL', 'PL,ANIM', 'PL,INAN', 'PRS', 'PST', 'SG', 'SG,FEM', 'SG,MASC', 'SG,MASC,ANIM', 'SG,MASC,INAN', 'SG,NEUT', 'V']
INFO - 01/24/26 09:50:19 - 0:00:00 - trg vocab ['<PAD>', '<BOS>', '<EOS>', '<UNK>', ' ', 'A', 'C', 'D', 'N', 'P', 'S', 'a', 'b', 'c', 'd', 'e', 'f', 'g', 'h', 'i', 'j', 'k', 'l', 'm', 'n', 'o', 'p', 'r', 's', 't', 'u', 'w', 'y', 'z', 'ó', 'ć', 'č', 'ě', 'ł', 'ń', 'ŕ', 'ś', 'š', 'ź', 'ž', '́', 'ḿ', 'ẃ']
INFO - 01/24/26 09:50:20 - 0:00:00 - model: TagTransformer(
                                       (src_embed): Embedding(75, 256, padding_idx=0)
                                       (trg_embed): Embedding(48, 256, padding_idx=0)
                                       (position_embed): SinusoidalPositionalEmbedding()
                                       (encoder): TransformerEncoder(
                                         (layers): ModuleList(
                                           (0): TransformerEncoderLayer(
                                             (self_attn): MultiheadAttention(
                                               (out_proj): _LinearWithBias(in_features=256, out_features=256, bias=True)
                                             )
                                             (linear1): Linear(in_features=256, out_features=1024, bias=True)
                                             (dropout): Dropout(p=0.3, inplace=False)
                                             (linear2): Linear(in_features=1024, out_features=256, bias=True)
                                             (norm1): LayerNorm((256,), eps=1e-05, elementwise_affine=True)
                                             (norm2): LayerNorm((256,), eps=1e-05, elementwise_affine=True)
                                             (activation_dropout): Dropout(p=0.3, inplace=False)
                                           )
                                           (1): TransformerEncoderLayer(
                                             (self_attn): MultiheadAttention(
                                               (out_proj): _LinearWithBias(in_features=256, out_features=256, bias=True)
                                             )
                                             (linear1): Linear(in_features=256, out_features=1024, bias=True)
                                             (dropout): Dropout(p=0.3, inplace=False)
                                             (linear2): Linear(in_features=1024, out_features=256, bias=True)
                                             (norm1): LayerNorm((256,), eps=1e-05, elementwise_affine=True)
                                             (norm2): LayerNorm((256,), eps=1e-05, elementwise_affine=True)
                                             (activation_dropout): Dropout(p=0.3, inplace=False)
                                           )
                                           (2): TransformerEncoderLayer(
                                             (self_attn): MultiheadAttention(
                                               (out_proj): _LinearWithBias(in_features=256, out_features=256, bias=True)
                                             )
                                             (linear1): Linear(in_features=256, out_features=1024, bias=True)
                                             (dropout): Dropout(p=0.3, inplace=False)
                                             (linear2): Linear(in_features=1024, out_features=256, bias=True)
                                             (norm1): LayerNorm((256,), eps=1e-05, elementwise_affine=True)
                                             (norm2): LayerNorm((256,), eps=1e-05, elementwise_affine=True)
                                             (activation_dropout): Dropout(p=0.3, inplace=False)
                                           )
                                           (3): TransformerEncoderLayer(
                                             (self_attn): MultiheadAttention(
                                               (out_proj): _LinearWithBias(in_features=256, out_features=256, bias=True)
                                             )
                                             (linear1): Linear(in_features=256, out_features=1024, bias=True)
                                             (dropout): Dropout(p=0.3, inplace=False)
                                             (linear2): Linear(in_features=1024, out_features=256, bias=True)
                                             (norm1): LayerNorm((256,), eps=1e-05, elementwise_affine=True)
                                             (norm2): LayerNorm((256,), eps=1e-05, elementwise_affine=True)
                                             (activation_dropout): Dropout(p=0.3, inplace=False)
                                           )
                                         )
                                         (norm): LayerNorm((256,), eps=1e-05, elementwise_affine=True)
                                       )
                                       (decoder): TransformerDecoder(
                                         (layers): ModuleList(
                                           (0): TransformerDecoderLayer(
                                             (self_attn): MultiheadAttention(
                                               (out_proj): _LinearWithBias(in_features=256, out_features=256, bias=True)
                                             )
                                             (multihead_attn): MultiheadAttention(
                                               (out_proj): _LinearWithBias(in_features=256, out_features=256, bias=True)
                                             )
                                             (linear1): Linear(in_features=256, out_features=1024, bias=True)
                                             (dropout): Dropout(p=0.3, inplace=False)
                                             (linear2): Linear(in_features=1024, out_features=256, bias=True)
                                             (norm1): LayerNorm((256,), eps=1e-05, elementwise_affine=True)
                                             (norm2): LayerNorm((256,), eps=1e-05, elementwise_affine=True)
                                             (norm3): LayerNorm((256,), eps=1e-05, elementwise_affine=True)
                                             (activation_dropout): Dropout(p=0.3, inplace=False)
                                           )
                                           (1): TransformerDecoderLayer(
                                             (self_attn): MultiheadAttention(
                                               (out_proj): _LinearWithBias(in_features=256, out_features=256, bias=True)
                                             )
                                             (multihead_attn): MultiheadAttention(
                                               (out_proj): _LinearWithBias(in_features=256, out_features=256, bias=True)
                                             )
                                             (linear1): Linear(in_features=256, out_features=1024, bias=True)
                                             (dropout): Dropout(p=0.3, inplace=False)
                                             (linear2): Linear(in_features=1024, out_features=256, bias=True)
                                             (norm1): LayerNorm((256,), eps=1e-05, elementwise_affine=True)
                                             (norm2): LayerNorm((256,), eps=1e-05, elementwise_affine=True)
                                             (norm3): LayerNorm((256,), eps=1e-05, elementwise_affine=True)
                                             (activation_dropout): Dropout(p=0.3, inplace=False)
                                           )
                                           (2): TransformerDecoderLayer(
                                             (self_attn): MultiheadAttention(
                                               (out_proj): _LinearWithBias(in_features=256, out_features=256, bias=True)
                                             )
                                             (multihead_attn): MultiheadAttention(
                                               (out_proj): _LinearWithBias(in_features=256, out_features=256, bias=True)
                                             )
                                             (linear1): Linear(in_features=256, out_features=1024, bias=True)
                                             (dropout): Dropout(p=0.3, inplace=False)
                                             (linear2): Linear(in_features=1024, out_features=256, bias=True)
                                             (norm1): LayerNorm((256,), eps=1e-05, elementwise_affine=True)
                                             (norm2): LayerNorm((256,), eps=1e-05, elementwise_affine=True)
                                             (norm3): LayerNorm((256,), eps=1e-05, elementwise_affine=True)
                                             (activation_dropout): Dropout(p=0.3, inplace=False)
                                           )
                                           (3): TransformerDecoderLayer(
                                             (self_attn): MultiheadAttention(
                                               (out_proj): _LinearWithBias(in_features=256, out_features=256, bias=True)
                                             )
                                             (multihead_attn): MultiheadAttention(
                                               (out_proj): _LinearWithBias(in_features=256, out_features=256, bias=True)
                                             )
                                             (linear1): Linear(in_features=256, out_features=1024, bias=True)
                                             (dropout): Dropout(p=0.3, inplace=False)
                                             (linear2): Linear(in_features=1024, out_features=256, bias=True)
                                             (norm1): LayerNorm((256,), eps=1e-05, elementwise_affine=True)
                                             (norm2): LayerNorm((256,), eps=1e-05, elementwise_affine=True)
                                             (norm3): LayerNorm((256,), eps=1e-05, elementwise_affine=True)
                                             (activation_dropout): Dropout(p=0.3, inplace=False)
                                           )
                                         )
                                         (norm): LayerNorm((256,), eps=1e-05, elementwise_affine=True)
                                       )
                                       (final_out): Linear(in_features=256, out_features=48, bias=True)
                                       (dropout): Dropout(p=0.3, inplace=False)
                                       (special_embeddings): Embedding(2, 256)
                                     )
INFO - 01/24/26 09:50:20 - 0:00:00 - number of parameter 7418160
INFO - 01/24/26 09:50:38 - 0:00:18 - maximum training 20000 steps (800 epochs)
INFO - 01/24/26 09:50:38 - 0:00:18 - evaluate every 16 epochs
INFO - 01/24/26 09:50:38 - 0:00:18 - At 0-th epoch with lr 0.000000.
INFO - 01/24/26 09:50:44 - 0:00:25 - Running average train loss is 4.545855102539062 at epoch 0
INFO - 01/24/26 09:50:44 - 0:00:25 - At 1-th epoch with lr 0.000006.
INFO - 01/24/26 09:50:46 - 0:00:27 - Running average train loss is 4.070209159851074 at epoch 1
INFO - 01/24/26 09:50:46 - 0:00:27 - At 2-th epoch with lr 0.000013.
INFO - 01/24/26 09:50:48 - 0:00:29 - Running average train loss is 3.605830192565918 at epoch 2
INFO - 01/24/26 09:50:48 - 0:00:29 - At 3-th epoch with lr 0.000019.
INFO - 01/24/26 09:50:50 - 0:00:31 - Running average train loss is 3.3502195930480956 at epoch 3
INFO - 01/24/26 09:50:50 - 0:00:31 - At 4-th epoch with lr 0.000025.
INFO - 01/24/26 09:50:52 - 0:00:33 - Running average train loss is 3.190293941497803 at epoch 4
INFO - 01/24/26 09:50:52 - 0:00:33 - At 5-th epoch with lr 0.000031.
INFO - 01/24/26 09:50:54 - 0:00:35 - Running average train loss is 3.011483039855957 at epoch 5
INFO - 01/24/26 09:50:54 - 0:00:35 - At 6-th epoch with lr 0.000037.
INFO - 01/24/26 09:50:56 - 0:00:37 - Running average train loss is 2.8153966522216796 at epoch 6
INFO - 01/24/26 09:50:56 - 0:00:37 - At 7-th epoch with lr 0.000044.
INFO - 01/24/26 09:50:58 - 0:00:39 - Running average train loss is 2.6309194946289063 at epoch 7
INFO - 01/24/26 09:50:58 - 0:00:39 - At 8-th epoch with lr 0.000050.
INFO - 01/24/26 09:51:00 - 0:00:41 - Running average train loss is 2.461153211593628 at epoch 8
INFO - 01/24/26 09:51:00 - 0:00:41 - At 9-th epoch with lr 0.000056.
INFO - 01/24/26 09:51:02 - 0:00:43 - Running average train loss is 2.294914426803589 at epoch 9
INFO - 01/24/26 09:51:02 - 0:00:43 - At 10-th epoch with lr 0.000063.
INFO - 01/24/26 09:51:04 - 0:00:45 - Running average train loss is 2.116723728179932 at epoch 10
INFO - 01/24/26 09:51:04 - 0:00:45 - At 11-th epoch with lr 0.000069.
INFO - 01/24/26 09:51:06 - 0:00:47 - Running average train loss is 1.9399558973312379 at epoch 11
INFO - 01/24/26 09:51:06 - 0:00:47 - At 12-th epoch with lr 0.000075.
INFO - 01/24/26 09:51:08 - 0:00:49 - Running average train loss is 1.7780345392227173 at epoch 12
INFO - 01/24/26 09:51:08 - 0:00:49 - At 13-th epoch with lr 0.000081.
INFO - 01/24/26 09:51:10 - 0:00:51 - Running average train loss is 1.6380316066741942 at epoch 13
INFO - 01/24/26 09:51:10 - 0:00:51 - At 14-th epoch with lr 0.000087.
INFO - 01/24/26 09:51:12 - 0:00:53 - Running average train loss is 1.5359676599502563 at epoch 14
INFO - 01/24/26 09:51:12 - 0:00:53 - At 15-th epoch with lr 0.000094.
INFO - 01/24/26 09:51:14 - 0:00:54 - Running average train loss is 1.4496588230133056 at epoch 15
INFO - 01/24/26 09:51:14 - 0:00:54 - At 16-th epoch with lr 0.000100.
INFO - 01/24/26 09:51:15 - 0:00:56 - Running average train loss is 1.3751392698287963 at epoch 16
INFO - 01/24/26 09:51:15 - 0:00:56 - Average dev loss is 1.2307307322820027 at epoch 16
INFO - 01/24/26 09:51:16 - 0:00:57 - dev accuracy is 32.4 at epoch 16
INFO - 01/24/26 09:51:16 - 0:00:57 - dev average edit distance is 1.36 at epoch 16
INFO - 01/24/26 09:51:16 - 0:00:57 - At 17-th epoch with lr 0.000106.
INFO - 01/24/26 09:51:18 - 0:00:58 - Running average train loss is 1.3129719591140747 at epoch 17
INFO - 01/24/26 09:51:18 - 0:00:58 - At 18-th epoch with lr 0.000113.
INFO - 01/24/26 09:51:19 - 0:01:00 - Running average train loss is 1.2586935997009276 at epoch 18
INFO - 01/24/26 09:51:19 - 0:01:00 - At 19-th epoch with lr 0.000119.
INFO - 01/24/26 09:51:21 - 0:01:02 - Running average train loss is 1.2162808990478515 at epoch 19
INFO - 01/24/26 09:51:21 - 0:01:02 - At 20-th epoch with lr 0.000125.
INFO - 01/24/26 09:51:23 - 0:01:04 - Running average train loss is 1.1727474212646485 at epoch 20
INFO - 01/24/26 09:51:23 - 0:01:04 - At 21-th epoch with lr 0.000131.
INFO - 01/24/26 09:51:25 - 0:01:05 - Running average train loss is 1.140537543296814 at epoch 21
INFO - 01/24/26 09:51:25 - 0:01:05 - At 22-th epoch with lr 0.000138.
INFO - 01/24/26 09:51:26 - 0:01:07 - Running average train loss is 1.107475094795227 at epoch 22
INFO - 01/24/26 09:51:26 - 0:01:07 - At 23-th epoch with lr 0.000144.
INFO - 01/24/26 09:51:28 - 0:01:09 - Running average train loss is 1.0789512968063355 at epoch 23
INFO - 01/24/26 09:51:28 - 0:01:09 - At 24-th epoch with lr 0.000150.
INFO - 01/24/26 09:51:30 - 0:01:10 - Running average train loss is 1.0527813529968262 at epoch 24
INFO - 01/24/26 09:51:30 - 0:01:10 - At 25-th epoch with lr 0.000156.
INFO - 01/24/26 09:51:31 - 0:01:12 - Running average train loss is 1.0285148119926453 at epoch 25
INFO - 01/24/26 09:51:31 - 0:01:12 - At 26-th epoch with lr 0.000163.
INFO - 01/24/26 09:51:33 - 0:01:14 - Running average train loss is 1.00806640625 at epoch 26
INFO - 01/24/26 09:51:33 - 0:01:14 - At 27-th epoch with lr 0.000169.
INFO - 01/24/26 09:51:35 - 0:01:15 - Running average train loss is 0.9838574886322021 at epoch 27
INFO - 01/24/26 09:51:35 - 0:01:15 - At 28-th epoch with lr 0.000175.
INFO - 01/24/26 09:51:36 - 0:01:17 - Running average train loss is 0.9689196801185608 at epoch 28
INFO - 01/24/26 09:51:36 - 0:01:17 - At 29-th epoch with lr 0.000181.
INFO - 01/24/26 09:51:38 - 0:01:19 - Running average train loss is 0.9516012072563171 at epoch 29
INFO - 01/24/26 09:51:38 - 0:01:19 - At 30-th epoch with lr 0.000188.
INFO - 01/24/26 09:51:40 - 0:01:20 - Running average train loss is 0.9375622677803039 at epoch 30
INFO - 01/24/26 09:51:40 - 0:01:20 - At 31-th epoch with lr 0.000194.
INFO - 01/24/26 09:51:41 - 0:01:22 - Running average train loss is 0.9222278904914856 at epoch 31
INFO - 01/24/26 09:51:41 - 0:01:22 - At 32-th epoch with lr 0.000200.
INFO - 01/24/26 09:51:43 - 0:01:24 - Running average train loss is 0.908706648349762 at epoch 32
INFO - 01/24/26 09:51:43 - 0:01:24 - Average dev loss is 0.9206264019012451 at epoch 32
INFO - 01/24/26 09:51:43 - 0:01:24 - dev accuracy is 74.5 at epoch 32
INFO - 01/24/26 09:51:43 - 0:01:24 - dev average edit distance is 0.449 at epoch 32
INFO - 01/24/26 09:51:44 - 0:01:24 - At 33-th epoch with lr 0.000206.
INFO - 01/24/26 09:51:45 - 0:01:26 - Running average train loss is 0.8960696291923523 at epoch 33
INFO - 01/24/26 09:51:45 - 0:01:26 - At 34-th epoch with lr 0.000212.
INFO - 01/24/26 09:51:47 - 0:01:28 - Running average train loss is 0.8859191679954529 at epoch 34
INFO - 01/24/26 09:51:47 - 0:01:28 - At 35-th epoch with lr 0.000219.
INFO - 01/24/26 09:51:49 - 0:01:29 - Running average train loss is 0.8743511629104614 at epoch 35
INFO - 01/24/26 09:51:49 - 0:01:29 - At 36-th epoch with lr 0.000225.
INFO - 01/24/26 09:51:50 - 0:01:31 - Running average train loss is 0.8651168012619018 at epoch 36
INFO - 01/24/26 09:51:50 - 0:01:31 - At 37-th epoch with lr 0.000231.
INFO - 01/24/26 09:51:52 - 0:01:33 - Running average train loss is 0.8558189463615418 at epoch 37
INFO - 01/24/26 09:51:52 - 0:01:33 - At 38-th epoch with lr 0.000237.
INFO - 01/24/26 09:51:54 - 0:01:34 - Running average train loss is 0.8473491215705872 at epoch 38
INFO - 01/24/26 09:51:54 - 0:01:34 - At 39-th epoch with lr 0.000244.
INFO - 01/24/26 09:51:55 - 0:01:36 - Running average train loss is 0.8407391119003296 at epoch 39
INFO - 01/24/26 09:51:55 - 0:01:36 - At 40-th epoch with lr 0.000250.
INFO - 01/24/26 09:51:57 - 0:01:38 - Running average train loss is 0.8314981961250305 at epoch 40
INFO - 01/24/26 09:51:57 - 0:01:38 - At 41-th epoch with lr 0.000256.
INFO - 01/24/26 09:51:59 - 0:01:39 - Running average train loss is 0.8276248717308045 at epoch 41
INFO - 01/24/26 09:51:59 - 0:01:39 - At 42-th epoch with lr 0.000263.
INFO - 01/24/26 09:52:00 - 0:01:41 - Running average train loss is 0.8201885461807251 at epoch 42
INFO - 01/24/26 09:52:00 - 0:01:41 - At 43-th epoch with lr 0.000269.
INFO - 01/24/26 09:52:02 - 0:01:43 - Running average train loss is 0.8135380601882934 at epoch 43
INFO - 01/24/26 09:52:02 - 0:01:43 - At 44-th epoch with lr 0.000275.
INFO - 01/24/26 09:52:04 - 0:01:44 - Running average train loss is 0.809807014465332 at epoch 44
INFO - 01/24/26 09:52:04 - 0:01:44 - At 45-th epoch with lr 0.000281.
INFO - 01/24/26 09:52:05 - 0:01:46 - Running average train loss is 0.8044625735282898 at epoch 45
INFO - 01/24/26 09:52:05 - 0:01:46 - At 46-th epoch with lr 0.000287.
INFO - 01/24/26 09:52:07 - 0:01:48 - Running average train loss is 0.7995803785324097 at epoch 46
INFO - 01/24/26 09:52:07 - 0:01:48 - At 47-th epoch with lr 0.000294.
INFO - 01/24/26 09:52:09 - 0:01:49 - Running average train loss is 0.7943002152442932 at epoch 47
INFO - 01/24/26 09:52:09 - 0:01:49 - At 48-th epoch with lr 0.000300.
INFO - 01/24/26 09:52:10 - 0:01:51 - Running average train loss is 0.79026282787323 at epoch 48
INFO - 01/24/26 09:52:10 - 0:01:51 - Average dev loss is 0.8389909863471985 at epoch 48
INFO - 01/24/26 09:52:11 - 0:01:51 - dev accuracy is 84.9 at epoch 48
INFO - 01/24/26 09:52:11 - 0:01:51 - dev average edit distance is 0.272 at epoch 48
INFO - 01/24/26 09:52:11 - 0:01:52 - At 49-th epoch with lr 0.000306.
INFO - 01/24/26 09:52:12 - 0:01:53 - Running average train loss is 0.785327501296997 at epoch 49
INFO - 01/24/26 09:52:12 - 0:01:53 - At 50-th epoch with lr 0.000313.
INFO - 01/24/26 09:52:14 - 0:01:55 - Running average train loss is 0.7823064947128295 at epoch 50
INFO - 01/24/26 09:52:14 - 0:01:55 - At 51-th epoch with lr 0.000319.
INFO - 01/24/26 09:52:16 - 0:01:57 - Running average train loss is 0.7776906752586364 at epoch 51
INFO - 01/24/26 09:52:16 - 0:01:57 - At 52-th epoch with lr 0.000325.
INFO - 01/24/26 09:52:17 - 0:01:58 - Running average train loss is 0.7755644178390503 at epoch 52
INFO - 01/24/26 09:52:17 - 0:01:58 - At 53-th epoch with lr 0.000331.
INFO - 01/24/26 09:52:19 - 0:02:00 - Running average train loss is 0.774054856300354 at epoch 53
INFO - 01/24/26 09:52:19 - 0:02:00 - At 54-th epoch with lr 0.000338.
INFO - 01/24/26 09:52:21 - 0:02:02 - Running average train loss is 0.7699768495559692 at epoch 54
INFO - 01/24/26 09:52:21 - 0:02:02 - At 55-th epoch with lr 0.000344.
INFO - 01/24/26 09:52:23 - 0:02:03 - Running average train loss is 0.7669475030899048 at epoch 55
INFO - 01/24/26 09:52:23 - 0:02:03 - At 56-th epoch with lr 0.000350.
INFO - 01/24/26 09:52:24 - 0:02:05 - Running average train loss is 0.7646612644195556 at epoch 56
INFO - 01/24/26 09:52:24 - 0:02:05 - At 57-th epoch with lr 0.000356.
INFO - 01/24/26 09:52:26 - 0:02:07 - Running average train loss is 0.7611789226531982 at epoch 57
INFO - 01/24/26 09:52:26 - 0:02:07 - At 58-th epoch with lr 0.000362.
INFO - 01/24/26 09:52:28 - 0:02:08 - Running average train loss is 0.7600766086578369 at epoch 58
INFO - 01/24/26 09:52:28 - 0:02:08 - At 59-th epoch with lr 0.000369.
INFO - 01/24/26 09:52:29 - 0:02:10 - Running average train loss is 0.758028781414032 at epoch 59
INFO - 01/24/26 09:52:29 - 0:02:10 - At 60-th epoch with lr 0.000375.
INFO - 01/24/26 09:52:31 - 0:02:12 - Running average train loss is 0.7551219511032105 at epoch 60
INFO - 01/24/26 09:52:31 - 0:02:12 - At 61-th epoch with lr 0.000381.
INFO - 01/24/26 09:52:33 - 0:02:13 - Running average train loss is 0.7555613446235657 at epoch 61
INFO - 01/24/26 09:52:33 - 0:02:13 - At 62-th epoch with lr 0.000388.
INFO - 01/24/26 09:52:34 - 0:02:15 - Running average train loss is 0.7538592696189881 at epoch 62
INFO - 01/24/26 09:52:34 - 0:02:15 - At 63-th epoch with lr 0.000394.
INFO - 01/24/26 09:52:36 - 0:02:17 - Running average train loss is 0.7509900760650635 at epoch 63
INFO - 01/24/26 09:52:36 - 0:02:17 - At 64-th epoch with lr 0.000400.
INFO - 01/24/26 09:52:38 - 0:02:18 - Running average train loss is 0.7496395969390869 at epoch 64
INFO - 01/24/26 09:52:38 - 0:02:18 - Average dev loss is 0.817267119884491 at epoch 64
INFO - 01/24/26 09:52:38 - 0:02:19 - dev accuracy is 86.3 at epoch 64
INFO - 01/24/26 09:52:38 - 0:02:19 - dev average edit distance is 0.246 at epoch 64
INFO - 01/24/26 09:52:38 - 0:02:19 - At 65-th epoch with lr 0.000406.
INFO - 01/24/26 09:52:40 - 0:02:21 - Running average train loss is 0.7463256382942199 at epoch 65
INFO - 01/24/26 09:52:40 - 0:02:21 - At 66-th epoch with lr 0.000412.
INFO - 01/24/26 09:52:42 - 0:02:22 - Running average train loss is 0.7451239991188049 at epoch 66
INFO - 01/24/26 09:52:42 - 0:02:22 - At 67-th epoch with lr 0.000419.
INFO - 01/24/26 09:52:43 - 0:02:24 - Running average train loss is 0.7450202512741089 at epoch 67
INFO - 01/24/26 09:52:43 - 0:02:24 - At 68-th epoch with lr 0.000425.
INFO - 01/24/26 09:52:45 - 0:02:26 - Running average train loss is 0.7434264874458313 at epoch 68
INFO - 01/24/26 09:52:45 - 0:02:26 - At 69-th epoch with lr 0.000431.
INFO - 01/24/26 09:52:46 - 0:02:27 - Running average train loss is 0.742260172367096 at epoch 69
INFO - 01/24/26 09:52:46 - 0:02:27 - At 70-th epoch with lr 0.000438.
INFO - 01/24/26 09:52:48 - 0:02:29 - Running average train loss is 0.7421875429153443 at epoch 70
INFO - 01/24/26 09:52:48 - 0:02:29 - At 71-th epoch with lr 0.000444.
INFO - 01/24/26 09:52:50 - 0:02:31 - Running average train loss is 0.7410618329048156 at epoch 71
INFO - 01/24/26 09:52:50 - 0:02:31 - At 72-th epoch with lr 0.000450.
INFO - 01/24/26 09:52:52 - 0:02:32 - Running average train loss is 0.7394927597045898 at epoch 72
INFO - 01/24/26 09:52:52 - 0:02:32 - At 73-th epoch with lr 0.000456.
INFO - 01/24/26 09:52:53 - 0:02:34 - Running average train loss is 0.7375350141525269 at epoch 73
INFO - 01/24/26 09:52:53 - 0:02:34 - At 74-th epoch with lr 0.000463.
INFO - 01/24/26 09:52:55 - 0:02:36 - Running average train loss is 0.7358936953544617 at epoch 74
INFO - 01/24/26 09:52:55 - 0:02:36 - At 75-th epoch with lr 0.000469.
INFO - 01/24/26 09:52:57 - 0:02:37 - Running average train loss is 0.736015236377716 at epoch 75
INFO - 01/24/26 09:52:57 - 0:02:37 - At 76-th epoch with lr 0.000475.
INFO - 01/24/26 09:52:58 - 0:02:39 - Running average train loss is 0.7362101197242736 at epoch 76
INFO - 01/24/26 09:52:58 - 0:02:39 - At 77-th epoch with lr 0.000481.
INFO - 01/24/26 09:53:00 - 0:02:41 - Running average train loss is 0.7341715621948243 at epoch 77
INFO - 01/24/26 09:53:00 - 0:02:41 - At 78-th epoch with lr 0.000487.
INFO - 01/24/26 09:53:02 - 0:02:42 - Running average train loss is 0.7360059142112731 at epoch 78
INFO - 01/24/26 09:53:02 - 0:02:42 - At 79-th epoch with lr 0.000494.
INFO - 01/24/26 09:53:03 - 0:02:44 - Running average train loss is 0.7333897948265076 at epoch 79
INFO - 01/24/26 09:53:03 - 0:02:44 - At 80-th epoch with lr 0.000500.
INFO - 01/24/26 09:53:05 - 0:02:46 - Running average train loss is 0.7324848937988281 at epoch 80
INFO - 01/24/26 09:53:05 - 0:02:46 - Average dev loss is 0.8066866199175516 at epoch 80
INFO - 01/24/26 09:53:05 - 0:02:46 - dev accuracy is 84.3 at epoch 80
INFO - 01/24/26 09:53:05 - 0:02:46 - dev average edit distance is 0.328 at epoch 80
INFO - 01/24/26 09:53:06 - 0:02:46 - At 81-th epoch with lr 0.000506.
INFO - 01/24/26 09:53:07 - 0:02:48 - Running average train loss is 0.7319615697860717 at epoch 81
INFO - 01/24/26 09:53:07 - 0:02:48 - At 82-th epoch with lr 0.000512.
INFO - 01/24/26 09:53:09 - 0:02:50 - Running average train loss is 0.7314945816993713 at epoch 82
INFO - 01/24/26 09:53:09 - 0:02:50 - At 83-th epoch with lr 0.000519.
INFO - 01/24/26 09:53:11 - 0:02:51 - Running average train loss is 0.7300583267211914 at epoch 83
INFO - 01/24/26 09:53:11 - 0:02:51 - At 84-th epoch with lr 0.000525.
INFO - 01/24/26 09:53:12 - 0:02:53 - Running average train loss is 0.7294335889816285 at epoch 84
INFO - 01/24/26 09:53:12 - 0:02:53 - At 85-th epoch with lr 0.000531.
INFO - 01/24/26 09:53:14 - 0:02:55 - Running average train loss is 0.728199520111084 at epoch 85
INFO - 01/24/26 09:53:14 - 0:02:55 - At 86-th epoch with lr 0.000538.
INFO - 01/24/26 09:53:16 - 0:02:56 - Running average train loss is 0.7292572641372681 at epoch 86
INFO - 01/24/26 09:53:16 - 0:02:56 - At 87-th epoch with lr 0.000544.
INFO - 01/24/26 09:53:17 - 0:02:58 - Running average train loss is 0.7291255903244018 at epoch 87
INFO - 01/24/26 09:53:17 - 0:02:58 - At 88-th epoch with lr 0.000550.
INFO - 01/24/26 09:53:19 - 0:03:00 - Running average train loss is 0.7295141172409058 at epoch 88
INFO - 01/24/26 09:53:19 - 0:03:00 - At 89-th epoch with lr 0.000556.
INFO - 01/24/26 09:53:21 - 0:03:01 - Running average train loss is 0.729384937286377 at epoch 89
INFO - 01/24/26 09:53:21 - 0:03:01 - At 90-th epoch with lr 0.000563.
INFO - 01/24/26 09:53:22 - 0:03:03 - Running average train loss is 0.7290704488754273 at epoch 90
INFO - 01/24/26 09:53:22 - 0:03:03 - At 91-th epoch with lr 0.000569.
INFO - 01/24/26 09:53:24 - 0:03:05 - Running average train loss is 0.7269897747039795 at epoch 91
INFO - 01/24/26 09:53:24 - 0:03:05 - At 92-th epoch with lr 0.000575.
INFO - 01/24/26 09:53:26 - 0:03:06 - Running average train loss is 0.7253256416320801 at epoch 92
INFO - 01/24/26 09:53:26 - 0:03:06 - At 93-th epoch with lr 0.000581.
INFO - 01/24/26 09:53:27 - 0:03:08 - Running average train loss is 0.7251287341117859 at epoch 93
INFO - 01/24/26 09:53:27 - 0:03:08 - At 94-th epoch with lr 0.000588.
INFO - 01/24/26 09:53:29 - 0:03:10 - Running average train loss is 0.7257221341133118 at epoch 94
INFO - 01/24/26 09:53:29 - 0:03:10 - At 95-th epoch with lr 0.000594.
INFO - 01/24/26 09:53:31 - 0:03:11 - Running average train loss is 0.7248065543174743 at epoch 95
INFO - 01/24/26 09:53:31 - 0:03:11 - At 96-th epoch with lr 0.000600.
INFO - 01/24/26 09:53:32 - 0:03:13 - Running average train loss is 0.7246259760856628 at epoch 96
INFO - 01/24/26 09:53:32 - 0:03:13 - Average dev loss is 0.8113729159037272 at epoch 96
INFO - 01/24/26 09:53:33 - 0:03:14 - dev accuracy is 86.7 at epoch 96
INFO - 01/24/26 09:53:33 - 0:03:14 - dev average edit distance is 0.244 at epoch 96
INFO - 01/24/26 09:53:33 - 0:03:14 - At 97-th epoch with lr 0.000606.
INFO - 01/24/26 09:53:35 - 0:03:15 - Running average train loss is 0.7252057766914368 at epoch 97
INFO - 01/24/26 09:53:35 - 0:03:15 - At 98-th epoch with lr 0.000613.
INFO - 01/24/26 09:53:36 - 0:03:17 - Running average train loss is 0.7248403286933899 at epoch 98
INFO - 01/24/26 09:53:36 - 0:03:17 - At 99-th epoch with lr 0.000619.
INFO - 01/24/26 09:53:38 - 0:03:19 - Running average train loss is 0.722794213294983 at epoch 99
INFO - 01/24/26 09:53:38 - 0:03:19 - At 100-th epoch with lr 0.000625.
INFO - 01/24/26 09:53:40 - 0:03:20 - Running average train loss is 0.7250057411193848 at epoch 100
INFO - 01/24/26 09:53:40 - 0:03:20 - At 101-th epoch with lr 0.000631.
INFO - 01/24/26 09:53:41 - 0:03:22 - Running average train loss is 0.7241115570068359 at epoch 101
INFO - 01/24/26 09:53:41 - 0:03:22 - At 102-th epoch with lr 0.000637.
INFO - 01/24/26 09:53:43 - 0:03:24 - Running average train loss is 0.7217075610160828 at epoch 102
INFO - 01/24/26 09:53:43 - 0:03:24 - At 103-th epoch with lr 0.000644.
INFO - 01/24/26 09:53:45 - 0:03:25 - Running average train loss is 0.7248665308952331 at epoch 103
INFO - 01/24/26 09:53:45 - 0:03:25 - At 104-th epoch with lr 0.000650.
INFO - 01/24/26 09:53:46 - 0:03:27 - Running average train loss is 0.7225784206390381 at epoch 104
INFO - 01/24/26 09:53:46 - 0:03:27 - At 105-th epoch with lr 0.000656.
INFO - 01/24/26 09:53:48 - 0:03:29 - Running average train loss is 0.7214836430549622 at epoch 105
INFO - 01/24/26 09:53:48 - 0:03:29 - At 106-th epoch with lr 0.000663.
INFO - 01/24/26 09:53:50 - 0:03:30 - Running average train loss is 0.7228478980064392 at epoch 106
INFO - 01/24/26 09:53:50 - 0:03:30 - At 107-th epoch with lr 0.000669.
INFO - 01/24/26 09:53:51 - 0:03:32 - Running average train loss is 0.7226746439933777 at epoch 107
INFO - 01/24/26 09:53:51 - 0:03:32 - At 108-th epoch with lr 0.000675.
INFO - 01/24/26 09:53:53 - 0:03:34 - Running average train loss is 0.722249002456665 at epoch 108
INFO - 01/24/26 09:53:53 - 0:03:34 - At 109-th epoch with lr 0.000681.
INFO - 01/24/26 09:53:55 - 0:03:36 - Running average train loss is 0.7217635726928711 at epoch 109
INFO - 01/24/26 09:53:55 - 0:03:36 - At 110-th epoch with lr 0.000687.
INFO - 01/24/26 09:53:56 - 0:03:37 - Running average train loss is 0.7210620808601379 at epoch 110
INFO - 01/24/26 09:53:56 - 0:03:37 - At 111-th epoch with lr 0.000694.
INFO - 01/24/26 09:53:58 - 0:03:39 - Running average train loss is 0.7206955099105835 at epoch 111
INFO - 01/24/26 09:53:58 - 0:03:39 - At 112-th epoch with lr 0.000700.
INFO - 01/24/26 09:54:00 - 0:03:41 - Running average train loss is 0.720945942401886 at epoch 112
INFO - 01/24/26 09:54:00 - 0:03:41 - Average dev loss is 0.807353695233663 at epoch 112
INFO - 01/24/26 09:54:00 - 0:03:41 - dev accuracy is 84.2 at epoch 112
INFO - 01/24/26 09:54:00 - 0:03:41 - dev average edit distance is 0.326 at epoch 112
INFO - 01/24/26 09:54:00 - 0:03:41 - At 113-th epoch with lr 0.000706.
INFO - 01/24/26 09:54:02 - 0:03:43 - Running average train loss is 0.72166583776474 at epoch 113
INFO - 01/24/26 09:54:02 - 0:03:43 - At 114-th epoch with lr 0.000713.
INFO - 01/24/26 09:54:04 - 0:03:44 - Running average train loss is 0.7218784737586975 at epoch 114
INFO - 01/24/26 09:54:04 - 0:03:44 - At 115-th epoch with lr 0.000719.
INFO - 01/24/26 09:54:05 - 0:03:46 - Running average train loss is 0.7206052947044372 at epoch 115
INFO - 01/24/26 09:54:05 - 0:03:46 - At 116-th epoch with lr 0.000725.
INFO - 01/24/26 09:54:07 - 0:03:48 - Running average train loss is 0.721246600151062 at epoch 116
INFO - 01/24/26 09:54:07 - 0:03:48 - At 117-th epoch with lr 0.000731.
INFO - 01/24/26 09:54:09 - 0:03:49 - Running average train loss is 0.7216121792793274 at epoch 117
INFO - 01/24/26 09:54:09 - 0:03:49 - At 118-th epoch with lr 0.000738.
INFO - 01/24/26 09:54:10 - 0:03:51 - Running average train loss is 0.7210843086242675 at epoch 118
INFO - 01/24/26 09:54:10 - 0:03:51 - At 119-th epoch with lr 0.000744.
INFO - 01/24/26 09:54:12 - 0:03:53 - Running average train loss is 0.7202023363113403 at epoch 119
INFO - 01/24/26 09:54:12 - 0:03:53 - At 120-th epoch with lr 0.000750.
INFO - 01/24/26 09:54:14 - 0:03:54 - Running average train loss is 0.7225660562515259 at epoch 120
INFO - 01/24/26 09:54:14 - 0:03:54 - At 121-th epoch with lr 0.000756.
INFO - 01/24/26 09:54:15 - 0:03:56 - Running average train loss is 0.7199025630950928 at epoch 121
INFO - 01/24/26 09:54:15 - 0:03:56 - At 122-th epoch with lr 0.000762.
INFO - 01/24/26 09:54:17 - 0:03:58 - Running average train loss is 0.720187783241272 at epoch 122
INFO - 01/24/26 09:54:17 - 0:03:58 - At 123-th epoch with lr 0.000769.
INFO - 01/24/26 09:54:19 - 0:04:00 - Running average train loss is 0.7182961678504944 at epoch 123
INFO - 01/24/26 09:54:19 - 0:04:00 - At 124-th epoch with lr 0.000775.
INFO - 01/24/26 09:54:20 - 0:04:01 - Running average train loss is 0.720215437412262 at epoch 124
INFO - 01/24/26 09:54:20 - 0:04:01 - At 125-th epoch with lr 0.000781.
INFO - 01/24/26 09:54:22 - 0:04:03 - Running average train loss is 0.7188538050651551 at epoch 125
INFO - 01/24/26 09:54:22 - 0:04:03 - At 126-th epoch with lr 0.000788.
INFO - 01/24/26 09:54:24 - 0:04:05 - Running average train loss is 0.718917875289917 at epoch 126
INFO - 01/24/26 09:54:24 - 0:04:05 - At 127-th epoch with lr 0.000794.
INFO - 01/24/26 09:54:25 - 0:04:06 - Running average train loss is 0.7207646894454957 at epoch 127
INFO - 01/24/26 09:54:25 - 0:04:06 - At 128-th epoch with lr 0.000800.
INFO - 01/24/26 09:54:27 - 0:04:08 - Running average train loss is 0.7188650465011597 at epoch 128
INFO - 01/24/26 09:54:27 - 0:04:08 - Average dev loss is 0.8091169397036234 at epoch 128
INFO - 01/24/26 09:54:28 - 0:04:08 - dev accuracy is 85.0 at epoch 128
INFO - 01/24/26 09:54:28 - 0:04:08 - dev average edit distance is 0.284 at epoch 128
INFO - 01/24/26 09:54:28 - 0:04:08 - At 129-th epoch with lr 0.000806.
INFO - 01/24/26 09:54:29 - 0:04:10 - Running average train loss is 0.7198946380615234 at epoch 129
INFO - 01/24/26 09:54:29 - 0:04:10 - At 130-th epoch with lr 0.000813.
INFO - 01/24/26 09:54:31 - 0:04:12 - Running average train loss is 0.7201361227035522 at epoch 130
INFO - 01/24/26 09:54:31 - 0:04:12 - At 131-th epoch with lr 0.000819.
INFO - 01/24/26 09:54:33 - 0:04:14 - Running average train loss is 0.7180178952217102 at epoch 131
INFO - 01/24/26 09:54:33 - 0:04:14 - At 132-th epoch with lr 0.000825.
INFO - 01/24/26 09:54:34 - 0:04:15 - Running average train loss is 0.7184074974060058 at epoch 132
INFO - 01/24/26 09:54:34 - 0:04:15 - At 133-th epoch with lr 0.000831.
INFO - 01/24/26 09:54:36 - 0:04:17 - Running average train loss is 0.7186243033409119 at epoch 133
INFO - 01/24/26 09:54:36 - 0:04:17 - At 134-th epoch with lr 0.000838.
INFO - 01/24/26 09:54:38 - 0:04:19 - Running average train loss is 0.720001163482666 at epoch 134
INFO - 01/24/26 09:54:38 - 0:04:19 - At 135-th epoch with lr 0.000844.
INFO - 01/24/26 09:54:39 - 0:04:20 - Running average train loss is 0.7206650876998901 at epoch 135
INFO - 01/24/26 09:54:39 - 0:04:20 - At 136-th epoch with lr 0.000850.
INFO - 01/24/26 09:54:41 - 0:04:22 - Running average train loss is 0.7191704392433167 at epoch 136
INFO - 01/24/26 09:54:41 - 0:04:22 - At 137-th epoch with lr 0.000856.
INFO - 01/24/26 09:54:43 - 0:04:24 - Running average train loss is 0.7183957457542419 at epoch 137
INFO - 01/24/26 09:54:43 - 0:04:24 - At 138-th epoch with lr 0.000863.
INFO - 01/24/26 09:54:44 - 0:04:25 - Running average train loss is 0.7203623223304748 at epoch 138
INFO - 01/24/26 09:54:44 - 0:04:25 - At 139-th epoch with lr 0.000869.
INFO - 01/24/26 09:54:46 - 0:04:27 - Running average train loss is 0.7210001111030578 at epoch 139
INFO - 01/24/26 09:54:46 - 0:04:27 - At 140-th epoch with lr 0.000875.
INFO - 01/24/26 09:54:48 - 0:04:29 - Running average train loss is 0.7196030163764954 at epoch 140
INFO - 01/24/26 09:54:48 - 0:04:29 - At 141-th epoch with lr 0.000881.
INFO - 01/24/26 09:54:50 - 0:04:30 - Running average train loss is 0.7200210309028625 at epoch 141
INFO - 01/24/26 09:54:50 - 0:04:30 - At 142-th epoch with lr 0.000887.
INFO - 01/24/26 09:54:51 - 0:04:32 - Running average train loss is 0.7184623312950135 at epoch 142
INFO - 01/24/26 09:54:51 - 0:04:32 - At 143-th epoch with lr 0.000894.
INFO - 01/24/26 09:54:53 - 0:04:34 - Running average train loss is 0.7192309141159058 at epoch 143
INFO - 01/24/26 09:54:53 - 0:04:34 - At 144-th epoch with lr 0.000900.
INFO - 01/24/26 09:54:55 - 0:04:36 - Running average train loss is 0.7178523230552674 at epoch 144
INFO - 01/24/26 09:54:55 - 0:04:36 - Average dev loss is 0.82462078332901 at epoch 144
INFO - 01/24/26 09:54:55 - 0:04:36 - dev accuracy is 83.7 at epoch 144
INFO - 01/24/26 09:54:55 - 0:04:36 - dev average edit distance is 0.311 at epoch 144
INFO - 01/24/26 09:54:55 - 0:04:36 - At 145-th epoch with lr 0.000906.
INFO - 01/24/26 09:54:57 - 0:04:38 - Running average train loss is 0.7182334923744201 at epoch 145
INFO - 01/24/26 09:54:57 - 0:04:38 - At 146-th epoch with lr 0.000913.
INFO - 01/24/26 09:54:59 - 0:04:40 - Running average train loss is 0.7173751449584961 at epoch 146
INFO - 01/24/26 09:54:59 - 0:04:40 - At 147-th epoch with lr 0.000919.
INFO - 01/24/26 09:55:00 - 0:04:41 - Running average train loss is 0.7186176300048828 at epoch 147
INFO - 01/24/26 09:55:00 - 0:04:41 - At 148-th epoch with lr 0.000925.
INFO - 01/24/26 09:55:02 - 0:04:43 - Running average train loss is 0.7204252767562866 at epoch 148
INFO - 01/24/26 09:55:02 - 0:04:43 - At 149-th epoch with lr 0.000931.
INFO - 01/24/26 09:55:04 - 0:04:45 - Running average train loss is 0.7198621678352356 at epoch 149
INFO - 01/24/26 09:55:04 - 0:04:45 - At 150-th epoch with lr 0.000937.
INFO - 01/24/26 09:55:05 - 0:04:46 - Running average train loss is 0.7185985827445984 at epoch 150
INFO - 01/24/26 09:55:05 - 0:04:46 - At 151-th epoch with lr 0.000944.
INFO - 01/24/26 09:55:07 - 0:04:48 - Running average train loss is 0.7206772971153259 at epoch 151
INFO - 01/24/26 09:55:07 - 0:04:48 - At 152-th epoch with lr 0.000950.
INFO - 01/24/26 09:55:09 - 0:04:50 - Running average train loss is 0.7205299067497254 at epoch 152
INFO - 01/24/26 09:55:09 - 0:04:50 - At 153-th epoch with lr 0.000956.
INFO - 01/24/26 09:55:10 - 0:04:51 - Running average train loss is 0.7180220222473145 at epoch 153
INFO - 01/24/26 09:55:10 - 0:04:51 - At 154-th epoch with lr 0.000963.
INFO - 01/24/26 09:55:12 - 0:04:53 - Running average train loss is 0.7204112720489502 at epoch 154
INFO - 01/24/26 09:55:12 - 0:04:53 - At 155-th epoch with lr 0.000969.
INFO - 01/24/26 09:55:14 - 0:04:55 - Running average train loss is 0.7206427454948425 at epoch 155
INFO - 01/24/26 09:55:14 - 0:04:55 - At 156-th epoch with lr 0.000975.
INFO - 01/24/26 09:55:16 - 0:04:56 - Running average train loss is 0.7181099510192871 at epoch 156
INFO - 01/24/26 09:55:16 - 0:04:56 - At 157-th epoch with lr 0.000981.
INFO - 01/24/26 09:55:17 - 0:04:58 - Running average train loss is 0.718968288898468 at epoch 157
INFO - 01/24/26 09:55:17 - 0:04:58 - At 158-th epoch with lr 0.000988.
INFO - 01/24/26 09:55:19 - 0:05:00 - Running average train loss is 0.7193389654159545 at epoch 158
INFO - 01/24/26 09:55:19 - 0:05:00 - At 159-th epoch with lr 0.000994.
INFO - 01/24/26 09:55:21 - 0:05:01 - Running average train loss is 0.7198643207550048 at epoch 159
INFO - 01/24/26 09:55:21 - 0:05:01 - At 160-th epoch with lr 0.001000.
INFO - 01/24/26 09:55:22 - 0:05:03 - Running average train loss is 0.7181048798561096 at epoch 160
INFO - 01/24/26 09:55:22 - 0:05:03 - Average dev loss is 0.8234241207440695 at epoch 160
INFO - 01/24/26 09:55:23 - 0:05:03 - dev accuracy is 84.4 at epoch 160
INFO - 01/24/26 09:55:23 - 0:05:03 - dev average edit distance is 0.301 at epoch 160
INFO - 01/24/26 09:55:23 - 0:05:04 - At 161-th epoch with lr 0.000997.
INFO - 01/24/26 09:55:24 - 0:05:05 - Running average train loss is 0.7161482429504394 at epoch 161
INFO - 01/24/26 09:55:24 - 0:05:05 - At 162-th epoch with lr 0.000994.
INFO - 01/24/26 09:55:26 - 0:05:07 - Running average train loss is 0.7185355663299561 at epoch 162
INFO - 01/24/26 09:55:26 - 0:05:07 - At 163-th epoch with lr 0.000991.
INFO - 01/24/26 09:55:28 - 0:05:09 - Running average train loss is 0.7165550994873047 at epoch 163
INFO - 01/24/26 09:55:28 - 0:05:09 - At 164-th epoch with lr 0.000988.
INFO - 01/24/26 09:55:30 - 0:05:10 - Running average train loss is 0.7184419822692871 at epoch 164
INFO - 01/24/26 09:55:30 - 0:05:10 - At 165-th epoch with lr 0.000985.
INFO - 01/24/26 09:55:31 - 0:05:12 - Running average train loss is 0.7176547122001647 at epoch 165
INFO - 01/24/26 09:55:31 - 0:05:12 - At 166-th epoch with lr 0.000982.
INFO - 01/24/26 09:55:33 - 0:05:14 - Running average train loss is 0.7166582322120667 at epoch 166
INFO - 01/24/26 09:55:33 - 0:05:14 - At 167-th epoch with lr 0.000979.
INFO - 01/24/26 09:55:35 - 0:05:15 - Running average train loss is 0.7187716507911682 at epoch 167
INFO - 01/24/26 09:55:35 - 0:05:15 - At 168-th epoch with lr 0.000976.
INFO - 01/24/26 09:55:36 - 0:05:17 - Running average train loss is 0.7164662051200866 at epoch 168
INFO - 01/24/26 09:55:36 - 0:05:17 - At 169-th epoch with lr 0.000973.
INFO - 01/24/26 09:55:38 - 0:05:19 - Running average train loss is 0.7160495281219482 at epoch 169
INFO - 01/24/26 09:55:38 - 0:05:19 - At 170-th epoch with lr 0.000970.
INFO - 01/24/26 09:55:40 - 0:05:21 - Running average train loss is 0.7153688240051269 at epoch 170
INFO - 01/24/26 09:55:40 - 0:05:21 - At 171-th epoch with lr 0.000967.
INFO - 01/24/26 09:55:41 - 0:05:22 - Running average train loss is 0.7155218005180359 at epoch 171
INFO - 01/24/26 09:55:41 - 0:05:22 - At 172-th epoch with lr 0.000964.
INFO - 01/24/26 09:55:43 - 0:05:24 - Running average train loss is 0.7176135444641113 at epoch 172
INFO - 01/24/26 09:55:43 - 0:05:24 - At 173-th epoch with lr 0.000962.
INFO - 01/24/26 09:55:45 - 0:05:26 - Running average train loss is 0.7155178761482239 at epoch 173
INFO - 01/24/26 09:55:45 - 0:05:26 - At 174-th epoch with lr 0.000959.
INFO - 01/24/26 09:55:46 - 0:05:27 - Running average train loss is 0.7174907159805298 at epoch 174
INFO - 01/24/26 09:55:46 - 0:05:27 - At 175-th epoch with lr 0.000956.
INFO - 01/24/26 09:55:48 - 0:05:29 - Running average train loss is 0.7154924464225769 at epoch 175
INFO - 01/24/26 09:55:48 - 0:05:29 - At 176-th epoch with lr 0.000953.
INFO - 01/24/26 09:55:50 - 0:05:31 - Running average train loss is 0.7159102725982666 at epoch 176
INFO - 01/24/26 09:55:50 - 0:05:31 - Average dev loss is 0.8336680134137472 at epoch 176
INFO - 01/24/26 09:55:50 - 0:05:31 - dev accuracy is 83.6 at epoch 176
INFO - 01/24/26 09:55:50 - 0:05:31 - dev average edit distance is 0.321 at epoch 176
INFO - 01/24/26 09:55:50 - 0:05:31 - At 177-th epoch with lr 0.000951.
INFO - 01/24/26 09:55:52 - 0:05:33 - Running average train loss is 0.7153927898406982 at epoch 177
INFO - 01/24/26 09:55:52 - 0:05:33 - At 178-th epoch with lr 0.000948.
INFO - 01/24/26 09:55:54 - 0:05:34 - Running average train loss is 0.7156126046180725 at epoch 178
INFO - 01/24/26 09:55:54 - 0:05:34 - At 179-th epoch with lr 0.000945.
INFO - 01/24/26 09:55:55 - 0:05:36 - Running average train loss is 0.7133672833442688 at epoch 179
INFO - 01/24/26 09:55:55 - 0:05:36 - At 180-th epoch with lr 0.000943.
INFO - 01/24/26 09:55:57 - 0:05:38 - Running average train loss is 0.7136440229415894 at epoch 180
INFO - 01/24/26 09:55:57 - 0:05:38 - At 181-th epoch with lr 0.000940.
INFO - 01/24/26 09:55:59 - 0:05:40 - Running average train loss is 0.7164298272132874 at epoch 181
INFO - 01/24/26 09:55:59 - 0:05:40 - At 182-th epoch with lr 0.000938.
INFO - 01/24/26 09:56:00 - 0:05:41 - Running average train loss is 0.7145001840591431 at epoch 182
INFO - 01/24/26 09:56:00 - 0:05:41 - At 183-th epoch with lr 0.000935.
INFO - 01/24/26 09:56:02 - 0:05:43 - Running average train loss is 0.714525637626648 at epoch 183
INFO - 01/24/26 09:56:02 - 0:05:43 - At 184-th epoch with lr 0.000933.
INFO - 01/24/26 09:56:04 - 0:05:45 - Running average train loss is 0.7131628942489624 at epoch 184
INFO - 01/24/26 09:56:04 - 0:05:45 - At 185-th epoch with lr 0.000930.
INFO - 01/24/26 09:56:05 - 0:05:46 - Running average train loss is 0.7137607669830323 at epoch 185
INFO - 01/24/26 09:56:05 - 0:05:46 - At 186-th epoch with lr 0.000927.
INFO - 01/24/26 09:56:07 - 0:05:48 - Running average train loss is 0.7132694292068481 at epoch 186
INFO - 01/24/26 09:56:07 - 0:05:48 - At 187-th epoch with lr 0.000925.
INFO - 01/24/26 09:56:09 - 0:05:50 - Running average train loss is 0.7139694094657898 at epoch 187
INFO - 01/24/26 09:56:09 - 0:05:50 - At 188-th epoch with lr 0.000923.
INFO - 01/24/26 09:56:11 - 0:05:51 - Running average train loss is 0.7139751839637757 at epoch 188
INFO - 01/24/26 09:56:11 - 0:05:51 - At 189-th epoch with lr 0.000920.
INFO - 01/24/26 09:56:12 - 0:05:53 - Running average train loss is 0.7137681341171265 at epoch 189
INFO - 01/24/26 09:56:12 - 0:05:53 - At 190-th epoch with lr 0.000918.
INFO - 01/24/26 09:56:14 - 0:05:55 - Running average train loss is 0.7143894863128663 at epoch 190
INFO - 01/24/26 09:56:14 - 0:05:55 - At 191-th epoch with lr 0.000915.
INFO - 01/24/26 09:56:16 - 0:05:56 - Running average train loss is 0.7141331791877746 at epoch 191
INFO - 01/24/26 09:56:16 - 0:05:56 - At 192-th epoch with lr 0.000913.
INFO - 01/24/26 09:56:17 - 0:05:58 - Running average train loss is 0.7120294046401977 at epoch 192
INFO - 01/24/26 09:56:17 - 0:05:58 - Average dev loss is 0.8274790644645691 at epoch 192
INFO - 01/24/26 09:56:18 - 0:05:58 - dev accuracy is 86.4 at epoch 192
INFO - 01/24/26 09:56:18 - 0:05:58 - dev average edit distance is 0.283 at epoch 192
INFO - 01/24/26 09:56:18 - 0:05:59 - At 193-th epoch with lr 0.000911.
INFO - 01/24/26 09:56:19 - 0:06:00 - Running average train loss is 0.7116929888725281 at epoch 193
INFO - 01/24/26 09:56:19 - 0:06:00 - At 194-th epoch with lr 0.000908.
INFO - 01/24/26 09:56:21 - 0:06:02 - Running average train loss is 0.7114416193962098 at epoch 194
INFO - 01/24/26 09:56:21 - 0:06:02 - At 195-th epoch with lr 0.000906.
INFO - 01/24/26 09:56:23 - 0:06:04 - Running average train loss is 0.7136360144615174 at epoch 195
INFO - 01/24/26 09:56:23 - 0:06:04 - At 196-th epoch with lr 0.000904.
INFO - 01/24/26 09:56:24 - 0:06:05 - Running average train loss is 0.7125088810920716 at epoch 196
INFO - 01/24/26 09:56:24 - 0:06:05 - At 197-th epoch with lr 0.000901.
INFO - 01/24/26 09:56:26 - 0:06:07 - Running average train loss is 0.7133526277542114 at epoch 197
INFO - 01/24/26 09:56:26 - 0:06:07 - At 198-th epoch with lr 0.000899.
INFO - 01/24/26 09:56:28 - 0:06:09 - Running average train loss is 0.7131545114517212 at epoch 198
INFO - 01/24/26 09:56:28 - 0:06:09 - At 199-th epoch with lr 0.000897.
INFO - 01/24/26 09:56:29 - 0:06:10 - Running average train loss is 0.7126031875610351 at epoch 199
INFO - 01/24/26 09:56:29 - 0:06:10 - At 200-th epoch with lr 0.000894.
INFO - 01/24/26 09:56:31 - 0:06:12 - Running average train loss is 0.7123617887496948 at epoch 200
INFO - 01/24/26 09:56:31 - 0:06:12 - At 201-th epoch with lr 0.000892.
INFO - 01/24/26 09:56:33 - 0:06:14 - Running average train loss is 0.7105406093597412 at epoch 201
INFO - 01/24/26 09:56:33 - 0:06:14 - At 202-th epoch with lr 0.000890.
INFO - 01/24/26 09:56:35 - 0:06:15 - Running average train loss is 0.7115522098541259 at epoch 202
INFO - 01/24/26 09:56:35 - 0:06:15 - At 203-th epoch with lr 0.000888.
INFO - 01/24/26 09:56:36 - 0:06:17 - Running average train loss is 0.7118501663208008 at epoch 203
INFO - 01/24/26 09:56:36 - 0:06:17 - At 204-th epoch with lr 0.000886.
INFO - 01/24/26 09:56:38 - 0:06:19 - Running average train loss is 0.7104142808914184 at epoch 204
INFO - 01/24/26 09:56:38 - 0:06:19 - At 205-th epoch with lr 0.000883.
INFO - 01/24/26 09:56:40 - 0:06:20 - Running average train loss is 0.7115948295593262 at epoch 205
INFO - 01/24/26 09:56:40 - 0:06:20 - At 206-th epoch with lr 0.000881.
INFO - 01/24/26 09:56:41 - 0:06:22 - Running average train loss is 0.7109349775314331 at epoch 206
INFO - 01/24/26 09:56:41 - 0:06:22 - At 207-th epoch with lr 0.000879.
INFO - 01/24/26 09:56:43 - 0:06:24 - Running average train loss is 0.7115732502937316 at epoch 207
INFO - 01/24/26 09:56:43 - 0:06:24 - At 208-th epoch with lr 0.000877.
INFO - 01/24/26 09:56:45 - 0:06:26 - Running average train loss is 0.7114114761352539 at epoch 208
INFO - 01/24/26 09:56:45 - 0:06:26 - Average dev loss is 0.8252474069595337 at epoch 208
INFO - 01/24/26 09:56:45 - 0:06:26 - dev accuracy is 87.7 at epoch 208
INFO - 01/24/26 09:56:45 - 0:06:26 - dev average edit distance is 0.244 at epoch 208
INFO - 01/24/26 09:56:45 - 0:06:26 - At 209-th epoch with lr 0.000875.
INFO - 01/24/26 09:56:47 - 0:06:28 - Running average train loss is 0.709677255153656 at epoch 209
INFO - 01/24/26 09:56:47 - 0:06:28 - At 210-th epoch with lr 0.000873.
INFO - 01/24/26 09:56:49 - 0:06:29 - Running average train loss is 0.7110449576377869 at epoch 210
INFO - 01/24/26 09:56:49 - 0:06:29 - At 211-th epoch with lr 0.000871.
INFO - 01/24/26 09:56:50 - 0:06:31 - Running average train loss is 0.7117613267898559 at epoch 211
INFO - 01/24/26 09:56:50 - 0:06:31 - At 212-th epoch with lr 0.000869.
INFO - 01/24/26 09:56:52 - 0:06:33 - Running average train loss is 0.7112329912185669 at epoch 212
INFO - 01/24/26 09:56:52 - 0:06:33 - At 213-th epoch with lr 0.000867.
INFO - 01/24/26 09:56:54 - 0:06:35 - Running average train loss is 0.7108881378173828 at epoch 213
INFO - 01/24/26 09:56:54 - 0:06:35 - At 214-th epoch with lr 0.000865.
INFO - 01/24/26 09:56:56 - 0:06:36 - Running average train loss is 0.7098712539672851 at epoch 214
INFO - 01/24/26 09:56:56 - 0:06:36 - At 215-th epoch with lr 0.000863.
INFO - 01/24/26 09:56:57 - 0:06:38 - Running average train loss is 0.7102815079689025 at epoch 215
INFO - 01/24/26 09:56:57 - 0:06:38 - At 216-th epoch with lr 0.000861.
INFO - 01/24/26 09:56:59 - 0:06:40 - Running average train loss is 0.7117674374580383 at epoch 216
INFO - 01/24/26 09:56:59 - 0:06:40 - At 217-th epoch with lr 0.000859.
INFO - 01/24/26 09:57:01 - 0:06:42 - Running average train loss is 0.7109252786636353 at epoch 217
INFO - 01/24/26 09:57:01 - 0:06:42 - At 218-th epoch with lr 0.000857.
INFO - 01/24/26 09:57:02 - 0:06:43 - Running average train loss is 0.7105219626426696 at epoch 218
INFO - 01/24/26 09:57:02 - 0:06:43 - At 219-th epoch with lr 0.000855.
INFO - 01/24/26 09:57:04 - 0:06:45 - Running average train loss is 0.7102669906616211 at epoch 219
INFO - 01/24/26 09:57:04 - 0:06:45 - At 220-th epoch with lr 0.000853.
INFO - 01/24/26 09:57:06 - 0:06:47 - Running average train loss is 0.7103709745407104 at epoch 220
INFO - 01/24/26 09:57:06 - 0:06:47 - At 221-th epoch with lr 0.000851.
INFO - 01/24/26 09:57:08 - 0:06:48 - Running average train loss is 0.7101367354393006 at epoch 221
INFO - 01/24/26 09:57:08 - 0:06:48 - At 222-th epoch with lr 0.000849.
INFO - 01/24/26 09:57:09 - 0:06:50 - Running average train loss is 0.7094912648200988 at epoch 222
INFO - 01/24/26 09:57:09 - 0:06:50 - At 223-th epoch with lr 0.000847.
INFO - 01/24/26 09:57:11 - 0:06:52 - Running average train loss is 0.7097580075263977 at epoch 223
INFO - 01/24/26 09:57:11 - 0:06:52 - At 224-th epoch with lr 0.000845.
INFO - 01/24/26 09:57:13 - 0:06:53 - Running average train loss is 0.7083880114555359 at epoch 224
INFO - 01/24/26 09:57:13 - 0:06:53 - Average dev loss is 0.8265642325083414 at epoch 224
INFO - 01/24/26 09:57:13 - 0:06:54 - dev accuracy is 85.9 at epoch 224
INFO - 01/24/26 09:57:13 - 0:06:54 - dev average edit distance is 0.262 at epoch 224
INFO - 01/24/26 09:57:13 - 0:06:54 - At 225-th epoch with lr 0.000843.
INFO - 01/24/26 09:57:15 - 0:06:56 - Running average train loss is 0.7090858769416809 at epoch 225
INFO - 01/24/26 09:57:15 - 0:06:56 - At 226-th epoch with lr 0.000841.
INFO - 01/24/26 09:57:16 - 0:06:57 - Running average train loss is 0.7090519142150878 at epoch 226
INFO - 01/24/26 09:57:16 - 0:06:57 - At 227-th epoch with lr 0.000840.
INFO - 01/24/26 09:57:18 - 0:06:59 - Running average train loss is 0.7087297630310059 at epoch 227
INFO - 01/24/26 09:57:18 - 0:06:59 - At 228-th epoch with lr 0.000838.
INFO - 01/24/26 09:57:20 - 0:07:01 - Running average train loss is 0.7104160499572754 at epoch 228
INFO - 01/24/26 09:57:20 - 0:07:01 - At 229-th epoch with lr 0.000836.
INFO - 01/24/26 09:57:21 - 0:07:02 - Running average train loss is 0.7092484641075134 at epoch 229
INFO - 01/24/26 09:57:21 - 0:07:02 - At 230-th epoch with lr 0.000834.
INFO - 01/24/26 09:57:23 - 0:07:04 - Running average train loss is 0.7098173260688782 at epoch 230
INFO - 01/24/26 09:57:23 - 0:07:04 - At 231-th epoch with lr 0.000832.
INFO - 01/24/26 09:57:25 - 0:07:06 - Running average train loss is 0.7102584886550903 at epoch 231
INFO - 01/24/26 09:57:25 - 0:07:06 - At 232-th epoch with lr 0.000830.
INFO - 01/24/26 09:57:27 - 0:07:07 - Running average train loss is 0.70932368516922 at epoch 232
INFO - 01/24/26 09:57:27 - 0:07:07 - At 233-th epoch with lr 0.000829.
INFO - 01/24/26 09:57:28 - 0:07:09 - Running average train loss is 0.7092937207221985 at epoch 233
INFO - 01/24/26 09:57:28 - 0:07:09 - At 234-th epoch with lr 0.000827.
INFO - 01/24/26 09:57:30 - 0:07:11 - Running average train loss is 0.7088056993484497 at epoch 234
INFO - 01/24/26 09:57:30 - 0:07:11 - At 235-th epoch with lr 0.000825.
INFO - 01/24/26 09:57:32 - 0:07:12 - Running average train loss is 0.7084334945678711 at epoch 235
INFO - 01/24/26 09:57:32 - 0:07:12 - At 236-th epoch with lr 0.000823.
INFO - 01/24/26 09:57:33 - 0:07:14 - Running average train loss is 0.7085304951667786 at epoch 236
INFO - 01/24/26 09:57:33 - 0:07:14 - At 237-th epoch with lr 0.000822.
INFO - 01/24/26 09:57:35 - 0:07:16 - Running average train loss is 0.7094290399551392 at epoch 237
INFO - 01/24/26 09:57:35 - 0:07:16 - At 238-th epoch with lr 0.000820.
INFO - 01/24/26 09:57:37 - 0:07:18 - Running average train loss is 0.7082912969589233 at epoch 238
INFO - 01/24/26 09:57:37 - 0:07:18 - At 239-th epoch with lr 0.000818.
INFO - 01/24/26 09:57:38 - 0:07:19 - Running average train loss is 0.7102136254310608 at epoch 239
INFO - 01/24/26 09:57:38 - 0:07:19 - At 240-th epoch with lr 0.000816.
INFO - 01/24/26 09:57:40 - 0:07:21 - Running average train loss is 0.7096005988121032 at epoch 240
INFO - 01/24/26 09:57:40 - 0:07:21 - Average dev loss is 0.8212471405665079 at epoch 240
INFO - 01/24/26 09:57:41 - 0:07:21 - dev accuracy is 85.2 at epoch 240
INFO - 01/24/26 09:57:41 - 0:07:21 - dev average edit distance is 0.267 at epoch 240
INFO - 01/24/26 09:57:41 - 0:07:21 - At 241-th epoch with lr 0.000815.
INFO - 01/24/26 09:57:42 - 0:07:23 - Running average train loss is 0.7075636148452759 at epoch 241
INFO - 01/24/26 09:57:42 - 0:07:23 - At 242-th epoch with lr 0.000813.
INFO - 01/24/26 09:57:44 - 0:07:25 - Running average train loss is 0.707696704864502 at epoch 242
INFO - 01/24/26 09:57:44 - 0:07:25 - At 243-th epoch with lr 0.000811.
INFO - 01/24/26 09:57:46 - 0:07:27 - Running average train loss is 0.7084266209602356 at epoch 243
INFO - 01/24/26 09:57:46 - 0:07:27 - At 244-th epoch with lr 0.000810.
INFO - 01/24/26 09:57:48 - 0:07:28 - Running average train loss is 0.7082674121856689 at epoch 244
INFO - 01/24/26 09:57:48 - 0:07:28 - At 245-th epoch with lr 0.000808.
INFO - 01/24/26 09:57:49 - 0:07:30 - Running average train loss is 0.7087220144271851 at epoch 245
INFO - 01/24/26 09:57:49 - 0:07:30 - At 246-th epoch with lr 0.000806.
INFO - 01/24/26 09:57:51 - 0:07:32 - Running average train loss is 0.7091212344169616 at epoch 246
INFO - 01/24/26 09:57:51 - 0:07:32 - At 247-th epoch with lr 0.000805.
INFO - 01/24/26 09:57:53 - 0:07:34 - Running average train loss is 0.7074101138114929 at epoch 247
INFO - 01/24/26 09:57:53 - 0:07:34 - At 248-th epoch with lr 0.000803.
INFO - 01/24/26 09:57:54 - 0:07:35 - Running average train loss is 0.7082308626174927 at epoch 248
INFO - 01/24/26 09:57:54 - 0:07:35 - At 249-th epoch with lr 0.000802.
INFO - 01/24/26 09:57:56 - 0:07:37 - Running average train loss is 0.7072840929031372 at epoch 249
INFO - 01/24/26 09:57:56 - 0:07:37 - At 250-th epoch with lr 0.000800.
INFO - 01/24/26 09:57:58 - 0:07:39 - Running average train loss is 0.7079479336738587 at epoch 250
INFO - 01/24/26 09:57:58 - 0:07:39 - At 251-th epoch with lr 0.000798.
INFO - 01/24/26 09:57:59 - 0:07:40 - Running average train loss is 0.7076662302017211 at epoch 251
INFO - 01/24/26 09:57:59 - 0:07:40 - At 252-th epoch with lr 0.000797.
INFO - 01/24/26 09:58:01 - 0:07:42 - Running average train loss is 0.7082906150817871 at epoch 252
INFO - 01/24/26 09:58:01 - 0:07:42 - At 253-th epoch with lr 0.000795.
INFO - 01/24/26 09:58:03 - 0:07:44 - Running average train loss is 0.7077461075782776 at epoch 253
INFO - 01/24/26 09:58:03 - 0:07:44 - At 254-th epoch with lr 0.000794.
INFO - 01/24/26 09:58:04 - 0:07:45 - Running average train loss is 0.7074756264686585 at epoch 254
INFO - 01/24/26 09:58:04 - 0:07:45 - At 255-th epoch with lr 0.000792.
INFO - 01/24/26 09:58:06 - 0:07:47 - Running average train loss is 0.7087661123275757 at epoch 255
INFO - 01/24/26 09:58:06 - 0:07:47 - At 256-th epoch with lr 0.000791.
INFO - 01/24/26 09:58:08 - 0:07:49 - Running average train loss is 0.707501335144043 at epoch 256
INFO - 01/24/26 09:58:08 - 0:07:49 - Average dev loss is 0.830561618010203 at epoch 256
INFO - 01/24/26 09:58:08 - 0:07:49 - dev accuracy is 85.0 at epoch 256
INFO - 01/24/26 09:58:08 - 0:07:49 - dev average edit distance is 0.281 at epoch 256
INFO - 01/24/26 09:58:08 - 0:07:49 - At 257-th epoch with lr 0.000789.
INFO - 01/24/26 09:58:10 - 0:07:51 - Running average train loss is 0.7069607710838318 at epoch 257
INFO - 01/24/26 09:58:10 - 0:07:51 - At 258-th epoch with lr 0.000787.
INFO - 01/24/26 09:58:12 - 0:07:53 - Running average train loss is 0.7082252192497254 at epoch 258
INFO - 01/24/26 09:58:12 - 0:07:53 - At 259-th epoch with lr 0.000786.
INFO - 01/24/26 09:58:14 - 0:07:54 - Running average train loss is 0.7085560369491577 at epoch 259
INFO - 01/24/26 09:58:14 - 0:07:54 - At 260-th epoch with lr 0.000784.
INFO - 01/24/26 09:58:15 - 0:07:56 - Running average train loss is 0.7067091608047485 at epoch 260
INFO - 01/24/26 09:58:15 - 0:07:56 - At 261-th epoch with lr 0.000783.
INFO - 01/24/26 09:58:17 - 0:07:58 - Running average train loss is 0.7075480818748474 at epoch 261
INFO - 01/24/26 09:58:17 - 0:07:58 - At 262-th epoch with lr 0.000781.
INFO - 01/24/26 09:58:19 - 0:08:00 - Running average train loss is 0.707675666809082 at epoch 262
INFO - 01/24/26 09:58:19 - 0:08:00 - At 263-th epoch with lr 0.000780.
INFO - 01/24/26 09:58:20 - 0:08:01 - Running average train loss is 0.7071584343910218 at epoch 263
INFO - 01/24/26 09:58:20 - 0:08:01 - At 264-th epoch with lr 0.000778.
INFO - 01/24/26 09:58:22 - 0:08:03 - Running average train loss is 0.7072164463996887 at epoch 264
INFO - 01/24/26 09:58:22 - 0:08:03 - At 265-th epoch with lr 0.000777.
INFO - 01/24/26 09:58:24 - 0:08:05 - Running average train loss is 0.7062833333015441 at epoch 265
INFO - 01/24/26 09:58:24 - 0:08:05 - At 266-th epoch with lr 0.000776.
INFO - 01/24/26 09:58:26 - 0:08:06 - Running average train loss is 0.7076505303382874 at epoch 266
INFO - 01/24/26 09:58:26 - 0:08:06 - At 267-th epoch with lr 0.000774.
INFO - 01/24/26 09:58:27 - 0:08:08 - Running average train loss is 0.7069388699531555 at epoch 267
INFO - 01/24/26 09:58:27 - 0:08:08 - At 268-th epoch with lr 0.000773.
INFO - 01/24/26 09:58:29 - 0:08:10 - Running average train loss is 0.7075196290016175 at epoch 268
INFO - 01/24/26 09:58:29 - 0:08:10 - At 269-th epoch with lr 0.000771.
INFO - 01/24/26 09:58:31 - 0:08:11 - Running average train loss is 0.706673572063446 at epoch 269
INFO - 01/24/26 09:58:31 - 0:08:11 - At 270-th epoch with lr 0.000770.
INFO - 01/24/26 09:58:32 - 0:08:13 - Running average train loss is 0.7072713661193848 at epoch 270
INFO - 01/24/26 09:58:32 - 0:08:13 - At 271-th epoch with lr 0.000768.
INFO - 01/24/26 09:58:34 - 0:08:15 - Running average train loss is 0.7078750324249268 at epoch 271
INFO - 01/24/26 09:58:34 - 0:08:15 - At 272-th epoch with lr 0.000767.
INFO - 01/24/26 09:58:36 - 0:08:17 - Running average train loss is 0.7070134067535401 at epoch 272
INFO - 01/24/26 09:58:36 - 0:08:17 - Average dev loss is 0.836652934551239 at epoch 272
INFO - 01/24/26 09:58:36 - 0:08:17 - dev accuracy is 85.8 at epoch 272
INFO - 01/24/26 09:58:36 - 0:08:17 - dev average edit distance is 0.265 at epoch 272
INFO - 01/24/26 09:58:36 - 0:08:17 - At 273-th epoch with lr 0.000766.
INFO - 01/24/26 09:58:38 - 0:08:19 - Running average train loss is 0.7067848896980286 at epoch 273
INFO - 01/24/26 09:58:38 - 0:08:19 - At 274-th epoch with lr 0.000764.
INFO - 01/24/26 09:58:39 - 0:08:20 - Running average train loss is 0.7076820063591004 at epoch 274
INFO - 01/24/26 09:58:39 - 0:08:20 - At 275-th epoch with lr 0.000763.
INFO - 01/24/26 09:58:41 - 0:08:22 - Running average train loss is 0.7069238829612732 at epoch 275
INFO - 01/24/26 09:58:41 - 0:08:22 - At 276-th epoch with lr 0.000761.
INFO - 01/24/26 09:58:42 - 0:08:23 - Running average train loss is 0.7075198769569397 at epoch 276
INFO - 01/24/26 09:58:42 - 0:08:23 - At 277-th epoch with lr 0.000760.
INFO - 01/24/26 09:58:44 - 0:08:25 - Running average train loss is 0.7062668538093567 at epoch 277
INFO - 01/24/26 09:58:44 - 0:08:25 - At 278-th epoch with lr 0.000759.
INFO - 01/24/26 09:58:46 - 0:08:26 - Running average train loss is 0.7063649559020996 at epoch 278
INFO - 01/24/26 09:58:46 - 0:08:26 - At 279-th epoch with lr 0.000757.
INFO - 01/24/26 09:58:47 - 0:08:28 - Running average train loss is 0.7057443952560425 at epoch 279
INFO - 01/24/26 09:58:47 - 0:08:28 - At 280-th epoch with lr 0.000756.
INFO - 01/24/26 09:58:49 - 0:08:30 - Running average train loss is 0.7066078972816467 at epoch 280
INFO - 01/24/26 09:58:49 - 0:08:30 - At 281-th epoch with lr 0.000755.
INFO - 01/24/26 09:58:50 - 0:08:31 - Running average train loss is 0.7065471506118775 at epoch 281
INFO - 01/24/26 09:58:50 - 0:08:31 - At 282-th epoch with lr 0.000753.
INFO - 01/24/26 09:58:52 - 0:08:33 - Running average train loss is 0.7066129517555236 at epoch 282
INFO - 01/24/26 09:58:52 - 0:08:33 - At 283-th epoch with lr 0.000752.
INFO - 01/24/26 09:58:53 - 0:08:34 - Running average train loss is 0.7061001992225647 at epoch 283
INFO - 01/24/26 09:58:53 - 0:08:34 - At 284-th epoch with lr 0.000751.
INFO - 01/24/26 09:58:55 - 0:08:36 - Running average train loss is 0.7065879058837891 at epoch 284
INFO - 01/24/26 09:58:55 - 0:08:36 - At 285-th epoch with lr 0.000749.
INFO - 01/24/26 09:58:57 - 0:08:37 - Running average train loss is 0.7061784911155701 at epoch 285
INFO - 01/24/26 09:58:57 - 0:08:37 - At 286-th epoch with lr 0.000748.
INFO - 01/24/26 09:58:58 - 0:08:39 - Running average train loss is 0.7065131855010987 at epoch 286
INFO - 01/24/26 09:58:58 - 0:08:39 - At 287-th epoch with lr 0.000747.
INFO - 01/24/26 09:59:00 - 0:08:41 - Running average train loss is 0.7065473246574402 at epoch 287
INFO - 01/24/26 09:59:00 - 0:08:41 - At 288-th epoch with lr 0.000745.
INFO - 01/24/26 09:59:01 - 0:08:42 - Running average train loss is 0.7071048402786255 at epoch 288
INFO - 01/24/26 09:59:01 - 0:08:42 - Average dev loss is 0.8352149923642477 at epoch 288
INFO - 01/24/26 09:59:02 - 0:08:42 - dev accuracy is 84.5 at epoch 288
INFO - 01/24/26 09:59:02 - 0:08:42 - dev average edit distance is 0.27 at epoch 288
INFO - 01/24/26 09:59:02 - 0:08:43 - At 289-th epoch with lr 0.000744.
INFO - 01/24/26 09:59:03 - 0:08:44 - Running average train loss is 0.7058480024337769 at epoch 289
INFO - 01/24/26 09:59:03 - 0:08:44 - At 290-th epoch with lr 0.000743.
INFO - 01/24/26 09:59:05 - 0:08:46 - Running average train loss is 0.7060652208328247 at epoch 290
INFO - 01/24/26 09:59:05 - 0:08:46 - At 291-th epoch with lr 0.000742.
INFO - 01/24/26 09:59:07 - 0:08:47 - Running average train loss is 0.7059797525405884 at epoch 291
INFO - 01/24/26 09:59:07 - 0:08:47 - At 292-th epoch with lr 0.000740.
INFO - 01/24/26 09:59:08 - 0:08:49 - Running average train loss is 0.7063021826744079 at epoch 292
INFO - 01/24/26 09:59:08 - 0:08:49 - At 293-th epoch with lr 0.000739.
INFO - 01/24/26 09:59:10 - 0:08:51 - Running average train loss is 0.7060963845252991 at epoch 293
INFO - 01/24/26 09:59:10 - 0:08:51 - At 294-th epoch with lr 0.000738.
INFO - 01/24/26 09:59:12 - 0:08:52 - Running average train loss is 0.705647485256195 at epoch 294
INFO - 01/24/26 09:59:12 - 0:08:52 - At 295-th epoch with lr 0.000736.
INFO - 01/24/26 09:59:13 - 0:08:54 - Running average train loss is 0.7062742924690246 at epoch 295
INFO - 01/24/26 09:59:13 - 0:08:54 - At 296-th epoch with lr 0.000735.
INFO - 01/24/26 09:59:15 - 0:08:56 - Running average train loss is 0.7048123502731323 at epoch 296
INFO - 01/24/26 09:59:15 - 0:08:56 - At 297-th epoch with lr 0.000734.
INFO - 01/24/26 09:59:17 - 0:08:58 - Running average train loss is 0.7057253098487855 at epoch 297
INFO - 01/24/26 09:59:17 - 0:08:58 - At 298-th epoch with lr 0.000733.
INFO - 01/24/26 09:59:18 - 0:08:59 - Running average train loss is 0.7063924407958985 at epoch 298
INFO - 01/24/26 09:59:18 - 0:08:59 - At 299-th epoch with lr 0.000732.
INFO - 01/24/26 09:59:20 - 0:09:01 - Running average train loss is 0.7055410313606262 at epoch 299
INFO - 01/24/26 09:59:20 - 0:09:01 - At 300-th epoch with lr 0.000730.
INFO - 01/24/26 09:59:22 - 0:09:03 - Running average train loss is 0.7057214808464051 at epoch 300
INFO - 01/24/26 09:59:22 - 0:09:03 - At 301-th epoch with lr 0.000729.
INFO - 01/24/26 09:59:24 - 0:09:04 - Running average train loss is 0.7055927777290344 at epoch 301
INFO - 01/24/26 09:59:24 - 0:09:04 - At 302-th epoch with lr 0.000728.
INFO - 01/24/26 09:59:25 - 0:09:06 - Running average train loss is 0.7051688957214356 at epoch 302
INFO - 01/24/26 09:59:25 - 0:09:06 - At 303-th epoch with lr 0.000727.
INFO - 01/24/26 09:59:27 - 0:09:08 - Running average train loss is 0.7055714154243469 at epoch 303
INFO - 01/24/26 09:59:27 - 0:09:08 - At 304-th epoch with lr 0.000725.
INFO - 01/24/26 09:59:29 - 0:09:10 - Running average train loss is 0.7048193955421448 at epoch 304
INFO - 01/24/26 09:59:29 - 0:09:10 - Average dev loss is 0.8369829257329305 at epoch 304
INFO - 01/24/26 09:59:29 - 0:09:10 - dev accuracy is 85.2 at epoch 304
INFO - 01/24/26 09:59:29 - 0:09:10 - dev average edit distance is 0.264 at epoch 304
INFO - 01/24/26 09:59:29 - 0:09:10 - At 305-th epoch with lr 0.000724.
INFO - 01/24/26 09:59:31 - 0:09:12 - Running average train loss is 0.7050021147727966 at epoch 305
INFO - 01/24/26 09:59:31 - 0:09:12 - At 306-th epoch with lr 0.000723.
INFO - 01/24/26 09:59:33 - 0:09:13 - Running average train loss is 0.7055324244499207 at epoch 306
INFO - 01/24/26 09:59:33 - 0:09:13 - At 307-th epoch with lr 0.000722.
INFO - 01/24/26 09:59:34 - 0:09:15 - Running average train loss is 0.7057553601264953 at epoch 307
INFO - 01/24/26 09:59:34 - 0:09:15 - At 308-th epoch with lr 0.000721.
INFO - 01/24/26 09:59:36 - 0:09:17 - Running average train loss is 0.7054140043258667 at epoch 308
INFO - 01/24/26 09:59:36 - 0:09:17 - At 309-th epoch with lr 0.000720.
INFO - 01/24/26 09:59:38 - 0:09:19 - Running average train loss is 0.7064036226272583 at epoch 309
INFO - 01/24/26 09:59:38 - 0:09:19 - At 310-th epoch with lr 0.000718.
INFO - 01/24/26 09:59:39 - 0:09:20 - Running average train loss is 0.7056139826774597 at epoch 310
INFO - 01/24/26 09:59:39 - 0:09:20 - At 311-th epoch with lr 0.000717.
INFO - 01/24/26 09:59:41 - 0:09:22 - Running average train loss is 0.7056332540512085 at epoch 311
INFO - 01/24/26 09:59:41 - 0:09:22 - At 312-th epoch with lr 0.000716.
INFO - 01/24/26 09:59:43 - 0:09:24 - Running average train loss is 0.7056712913513183 at epoch 312
INFO - 01/24/26 09:59:43 - 0:09:24 - At 313-th epoch with lr 0.000715.
INFO - 01/24/26 09:59:45 - 0:09:25 - Running average train loss is 0.70535719871521 at epoch 313
INFO - 01/24/26 09:59:45 - 0:09:25 - At 314-th epoch with lr 0.000714.
INFO - 01/24/26 09:59:46 - 0:09:27 - Running average train loss is 0.7049741125106812 at epoch 314
INFO - 01/24/26 09:59:46 - 0:09:27 - At 315-th epoch with lr 0.000713.
INFO - 01/24/26 09:59:48 - 0:09:29 - Running average train loss is 0.7051102018356323 at epoch 315
INFO - 01/24/26 09:59:48 - 0:09:29 - At 316-th epoch with lr 0.000712.
INFO - 01/24/26 09:59:50 - 0:09:31 - Running average train loss is 0.7049124479293823 at epoch 316
INFO - 01/24/26 09:59:50 - 0:09:31 - At 317-th epoch with lr 0.000710.
INFO - 01/24/26 09:59:52 - 0:09:32 - Running average train loss is 0.704590163230896 at epoch 317
INFO - 01/24/26 09:59:52 - 0:09:32 - At 318-th epoch with lr 0.000709.
INFO - 01/24/26 09:59:53 - 0:09:34 - Running average train loss is 0.7047960686683655 at epoch 318
INFO - 01/24/26 09:59:53 - 0:09:34 - At 319-th epoch with lr 0.000708.
INFO - 01/24/26 09:59:55 - 0:09:36 - Running average train loss is 0.704672749042511 at epoch 319
INFO - 01/24/26 09:59:55 - 0:09:36 - At 320-th epoch with lr 0.000707.
INFO - 01/24/26 09:59:57 - 0:09:38 - Running average train loss is 0.7052253675460816 at epoch 320
INFO - 01/24/26 09:59:57 - 0:09:38 - Average dev loss is 0.8336819410324097 at epoch 320
INFO - 01/24/26 09:59:57 - 0:09:38 - dev accuracy is 84.3 at epoch 320
INFO - 01/24/26 09:59:57 - 0:09:38 - dev average edit distance is 0.279 at epoch 320
INFO - 01/24/26 09:59:57 - 0:09:38 - At 321-th epoch with lr 0.000706.
INFO - 01/24/26 09:59:59 - 0:09:40 - Running average train loss is 0.7060830426216126 at epoch 321
INFO - 01/24/26 09:59:59 - 0:09:40 - At 322-th epoch with lr 0.000705.
INFO - 01/24/26 10:00:01 - 0:09:42 - Running average train loss is 0.7045237636566162 at epoch 322
INFO - 01/24/26 10:00:01 - 0:09:42 - At 323-th epoch with lr 0.000704.
INFO - 01/24/26 10:00:02 - 0:09:43 - Running average train loss is 0.7046376538276672 at epoch 323
INFO - 01/24/26 10:00:02 - 0:09:43 - At 324-th epoch with lr 0.000703.
INFO - 01/24/26 10:00:04 - 0:09:45 - Running average train loss is 0.704628758430481 at epoch 324
INFO - 01/24/26 10:00:04 - 0:09:45 - At 325-th epoch with lr 0.000702.
INFO - 01/24/26 10:00:06 - 0:09:47 - Running average train loss is 0.705251955986023 at epoch 325
INFO - 01/24/26 10:00:06 - 0:09:47 - At 326-th epoch with lr 0.000701.
INFO - 01/24/26 10:00:08 - 0:09:49 - Running average train loss is 0.704868745803833 at epoch 326
INFO - 01/24/26 10:00:08 - 0:09:49 - At 327-th epoch with lr 0.000699.
INFO - 01/24/26 10:00:10 - 0:09:51 - Running average train loss is 0.7042034006118775 at epoch 327
INFO - 01/24/26 10:00:10 - 0:09:51 - At 328-th epoch with lr 0.000698.
INFO - 01/24/26 10:00:11 - 0:09:52 - Running average train loss is 0.7035883069038391 at epoch 328
INFO - 01/24/26 10:00:11 - 0:09:52 - At 329-th epoch with lr 0.000697.
INFO - 01/24/26 10:00:13 - 0:09:54 - Running average train loss is 0.7049061441421509 at epoch 329
INFO - 01/24/26 10:00:13 - 0:09:54 - At 330-th epoch with lr 0.000696.
INFO - 01/24/26 10:00:15 - 0:09:56 - Running average train loss is 0.7047248244285583 at epoch 330
INFO - 01/24/26 10:00:15 - 0:09:56 - At 331-th epoch with lr 0.000695.
INFO - 01/24/26 10:00:17 - 0:09:57 - Running average train loss is 0.7050916957855224 at epoch 331
INFO - 01/24/26 10:00:17 - 0:09:57 - At 332-th epoch with lr 0.000694.
INFO - 01/24/26 10:00:18 - 0:09:59 - Running average train loss is 0.7043780064582825 at epoch 332
INFO - 01/24/26 10:00:18 - 0:09:59 - At 333-th epoch with lr 0.000693.
INFO - 01/24/26 10:00:20 - 0:10:01 - Running average train loss is 0.7055692267417908 at epoch 333
INFO - 01/24/26 10:00:20 - 0:10:01 - At 334-th epoch with lr 0.000692.
INFO - 01/24/26 10:00:22 - 0:10:03 - Running average train loss is 0.7038910889625549 at epoch 334
INFO - 01/24/26 10:00:22 - 0:10:03 - At 335-th epoch with lr 0.000691.
INFO - 01/24/26 10:00:24 - 0:10:05 - Running average train loss is 0.7049058818817139 at epoch 335
INFO - 01/24/26 10:00:24 - 0:10:05 - At 336-th epoch with lr 0.000690.
INFO - 01/24/26 10:00:26 - 0:10:06 - Running average train loss is 0.7042660903930664 at epoch 336
INFO - 01/24/26 10:00:26 - 0:10:07 - Average dev loss is 0.8306682507197062 at epoch 336
INFO - 01/24/26 10:00:26 - 0:10:07 - dev accuracy is 86.8 at epoch 336
INFO - 01/24/26 10:00:26 - 0:10:07 - dev average edit distance is 0.26 at epoch 336
INFO - 01/24/26 10:00:26 - 0:10:07 - At 337-th epoch with lr 0.000689.
INFO - 01/24/26 10:00:28 - 0:10:09 - Running average train loss is 0.7041833925247193 at epoch 337
INFO - 01/24/26 10:00:28 - 0:10:09 - At 338-th epoch with lr 0.000688.
INFO - 01/24/26 10:00:30 - 0:10:11 - Running average train loss is 0.7045500135421753 at epoch 338
INFO - 01/24/26 10:00:30 - 0:10:11 - At 339-th epoch with lr 0.000687.
INFO - 01/24/26 10:00:32 - 0:10:12 - Running average train loss is 0.7035760569572449 at epoch 339
INFO - 01/24/26 10:00:32 - 0:10:12 - At 340-th epoch with lr 0.000686.
INFO - 01/24/26 10:00:33 - 0:10:14 - Running average train loss is 0.703932855129242 at epoch 340
INFO - 01/24/26 10:00:33 - 0:10:14 - At 341-th epoch with lr 0.000685.
INFO - 01/24/26 10:00:35 - 0:10:16 - Running average train loss is 0.7038062834739685 at epoch 341
INFO - 01/24/26 10:00:35 - 0:10:16 - At 342-th epoch with lr 0.000684.
INFO - 01/24/26 10:00:37 - 0:10:18 - Running average train loss is 0.7042553019523621 at epoch 342
INFO - 01/24/26 10:00:37 - 0:10:18 - At 343-th epoch with lr 0.000683.
INFO - 01/24/26 10:00:38 - 0:10:19 - Running average train loss is 0.7041931819915771 at epoch 343
INFO - 01/24/26 10:00:38 - 0:10:19 - At 344-th epoch with lr 0.000682.
INFO - 01/24/26 10:00:40 - 0:10:21 - Running average train loss is 0.7041350126266479 at epoch 344
INFO - 01/24/26 10:00:40 - 0:10:21 - At 345-th epoch with lr 0.000681.
INFO - 01/24/26 10:00:42 - 0:10:23 - Running average train loss is 0.7037117886543274 at epoch 345
INFO - 01/24/26 10:00:42 - 0:10:23 - At 346-th epoch with lr 0.000680.
INFO - 01/24/26 10:00:44 - 0:10:24 - Running average train loss is 0.7045083665847778 at epoch 346
INFO - 01/24/26 10:00:44 - 0:10:24 - At 347-th epoch with lr 0.000679.
INFO - 01/24/26 10:00:45 - 0:10:26 - Running average train loss is 0.7044834280014038 at epoch 347
INFO - 01/24/26 10:00:45 - 0:10:26 - At 348-th epoch with lr 0.000678.
INFO - 01/24/26 10:00:47 - 0:10:28 - Running average train loss is 0.7048898839950561 at epoch 348
INFO - 01/24/26 10:00:47 - 0:10:28 - At 349-th epoch with lr 0.000677.
INFO - 01/24/26 10:00:49 - 0:10:29 - Running average train loss is 0.7044696784019471 at epoch 349
INFO - 01/24/26 10:00:49 - 0:10:29 - At 350-th epoch with lr 0.000676.
INFO - 01/24/26 10:00:50 - 0:10:31 - Running average train loss is 0.7037626743316651 at epoch 350
INFO - 01/24/26 10:00:50 - 0:10:31 - At 351-th epoch with lr 0.000675.
INFO - 01/24/26 10:00:52 - 0:10:33 - Running average train loss is 0.7048296308517457 at epoch 351
INFO - 01/24/26 10:00:52 - 0:10:33 - At 352-th epoch with lr 0.000674.
INFO - 01/24/26 10:00:54 - 0:10:35 - Running average train loss is 0.7048381400108338 at epoch 352
INFO - 01/24/26 10:00:54 - 0:10:35 - Average dev loss is 0.8350739677747091 at epoch 352
INFO - 01/24/26 10:00:54 - 0:10:35 - dev accuracy is 83.6 at epoch 352
INFO - 01/24/26 10:00:54 - 0:10:35 - dev average edit distance is 0.31 at epoch 352
INFO - 01/24/26 10:00:54 - 0:10:35 - At 353-th epoch with lr 0.000673.
INFO - 01/24/26 10:00:56 - 0:10:37 - Running average train loss is 0.7053919172286988 at epoch 353
INFO - 01/24/26 10:00:56 - 0:10:37 - At 354-th epoch with lr 0.000672.
INFO - 01/24/26 10:00:58 - 0:10:38 - Running average train loss is 0.704039409160614 at epoch 354
INFO - 01/24/26 10:00:58 - 0:10:38 - At 355-th epoch with lr 0.000671.
INFO - 01/24/26 10:00:59 - 0:10:40 - Running average train loss is 0.7032751560211181 at epoch 355
INFO - 01/24/26 10:00:59 - 0:10:40 - At 356-th epoch with lr 0.000670.
INFO - 01/24/26 10:01:01 - 0:10:42 - Running average train loss is 0.7040242695808411 at epoch 356
INFO - 01/24/26 10:01:01 - 0:10:42 - At 357-th epoch with lr 0.000669.
INFO - 01/24/26 10:01:03 - 0:10:43 - Running average train loss is 0.7032418322563171 at epoch 357
INFO - 01/24/26 10:01:03 - 0:10:43 - At 358-th epoch with lr 0.000669.
INFO - 01/24/26 10:01:04 - 0:10:45 - Running average train loss is 0.7044623804092407 at epoch 358
INFO - 01/24/26 10:01:04 - 0:10:45 - At 359-th epoch with lr 0.000668.
INFO - 01/24/26 10:01:06 - 0:10:47 - Running average train loss is 0.7038555455207824 at epoch 359
INFO - 01/24/26 10:01:06 - 0:10:47 - At 360-th epoch with lr 0.000667.
INFO - 01/24/26 10:01:08 - 0:10:49 - Running average train loss is 0.7035671997070313 at epoch 360
INFO - 01/24/26 10:01:08 - 0:10:49 - At 361-th epoch with lr 0.000666.
INFO - 01/24/26 10:01:09 - 0:10:50 - Running average train loss is 0.7037650680541992 at epoch 361
INFO - 01/24/26 10:01:09 - 0:10:50 - At 362-th epoch with lr 0.000665.
INFO - 01/24/26 10:01:11 - 0:10:52 - Running average train loss is 0.7051579737663269 at epoch 362
INFO - 01/24/26 10:01:11 - 0:10:52 - At 363-th epoch with lr 0.000664.
INFO - 01/24/26 10:01:13 - 0:10:54 - Running average train loss is 0.704571008682251 at epoch 363
INFO - 01/24/26 10:01:13 - 0:10:54 - At 364-th epoch with lr 0.000663.
INFO - 01/24/26 10:01:15 - 0:10:55 - Running average train loss is 0.7040360403060913 at epoch 364
INFO - 01/24/26 10:01:15 - 0:10:55 - At 365-th epoch with lr 0.000662.
INFO - 01/24/26 10:01:16 - 0:10:57 - Running average train loss is 0.7029725456237793 at epoch 365
INFO - 01/24/26 10:01:16 - 0:10:57 - At 366-th epoch with lr 0.000661.
INFO - 01/24/26 10:01:18 - 0:10:59 - Running average train loss is 0.7038956379890442 at epoch 366
INFO - 01/24/26 10:01:18 - 0:10:59 - At 367-th epoch with lr 0.000660.
INFO - 01/24/26 10:01:20 - 0:11:00 - Running average train loss is 0.704137499332428 at epoch 367
INFO - 01/24/26 10:01:20 - 0:11:00 - At 368-th epoch with lr 0.000659.
INFO - 01/24/26 10:01:21 - 0:11:02 - Running average train loss is 0.7037392663955688 at epoch 368
INFO - 01/24/26 10:01:21 - 0:11:02 - Average dev loss is 0.822151243686676 at epoch 368
INFO - 01/24/26 10:01:22 - 0:11:03 - dev accuracy is 85.6 at epoch 368
INFO - 01/24/26 10:01:22 - 0:11:03 - dev average edit distance is 0.244 at epoch 368
INFO - 01/24/26 10:01:22 - 0:11:03 - At 369-th epoch with lr 0.000658.
INFO - 01/24/26 10:01:24 - 0:11:04 - Running average train loss is 0.7034956049919129 at epoch 369
INFO - 01/24/26 10:01:24 - 0:11:04 - At 370-th epoch with lr 0.000658.
INFO - 01/24/26 10:01:25 - 0:11:06 - Running average train loss is 0.703741397857666 at epoch 370
INFO - 01/24/26 10:01:25 - 0:11:06 - At 371-th epoch with lr 0.000657.
INFO - 01/24/26 10:01:27 - 0:11:08 - Running average train loss is 0.7040567541122437 at epoch 371
INFO - 01/24/26 10:01:27 - 0:11:08 - At 372-th epoch with lr 0.000656.
INFO - 01/24/26 10:01:29 - 0:11:09 - Running average train loss is 0.7038115334510803 at epoch 372
INFO - 01/24/26 10:01:29 - 0:11:09 - At 373-th epoch with lr 0.000655.
INFO - 01/24/26 10:01:30 - 0:11:11 - Running average train loss is 0.7040330004692078 at epoch 373
INFO - 01/24/26 10:01:30 - 0:11:11 - At 374-th epoch with lr 0.000654.
INFO - 01/24/26 10:01:32 - 0:11:13 - Running average train loss is 0.7039181470870972 at epoch 374
INFO - 01/24/26 10:01:32 - 0:11:13 - At 375-th epoch with lr 0.000653.
INFO - 01/24/26 10:01:34 - 0:11:15 - Running average train loss is 0.7037694430351258 at epoch 375
INFO - 01/24/26 10:01:34 - 0:11:15 - At 376-th epoch with lr 0.000652.
INFO - 01/24/26 10:01:36 - 0:11:16 - Running average train loss is 0.703464207649231 at epoch 376
INFO - 01/24/26 10:01:36 - 0:11:16 - At 377-th epoch with lr 0.000651.
INFO - 01/24/26 10:01:37 - 0:11:18 - Running average train loss is 0.703697702884674 at epoch 377
INFO - 01/24/26 10:01:37 - 0:11:18 - At 378-th epoch with lr 0.000651.
INFO - 01/24/26 10:01:39 - 0:11:20 - Running average train loss is 0.703244469165802 at epoch 378
INFO - 01/24/26 10:01:39 - 0:11:20 - At 379-th epoch with lr 0.000650.
INFO - 01/24/26 10:01:41 - 0:11:21 - Running average train loss is 0.7034836530685424 at epoch 379
INFO - 01/24/26 10:01:41 - 0:11:21 - At 380-th epoch with lr 0.000649.
INFO - 01/24/26 10:01:42 - 0:11:23 - Running average train loss is 0.7035383367538453 at epoch 380
INFO - 01/24/26 10:01:42 - 0:11:23 - At 381-th epoch with lr 0.000648.
INFO - 01/24/26 10:01:44 - 0:11:25 - Running average train loss is 0.705015344619751 at epoch 381
INFO - 01/24/26 10:01:44 - 0:11:25 - At 382-th epoch with lr 0.000647.
INFO - 01/24/26 10:01:46 - 0:11:27 - Running average train loss is 0.7036239957809448 at epoch 382
INFO - 01/24/26 10:01:46 - 0:11:27 - At 383-th epoch with lr 0.000646.
INFO - 01/24/26 10:01:47 - 0:11:28 - Running average train loss is 0.7037570405006409 at epoch 383
INFO - 01/24/26 10:01:47 - 0:11:28 - At 384-th epoch with lr 0.000645.
INFO - 01/24/26 10:01:49 - 0:11:30 - Running average train loss is 0.7036064743995667 at epoch 384
INFO - 01/24/26 10:01:49 - 0:11:30 - Average dev loss is 0.8263673782348633 at epoch 384
INFO - 01/24/26 10:01:50 - 0:11:30 - dev accuracy is 87.1 at epoch 384
INFO - 01/24/26 10:01:50 - 0:11:30 - dev average edit distance is 0.226 at epoch 384
INFO - 01/24/26 10:01:50 - 0:11:30 - At 385-th epoch with lr 0.000645.
INFO - 01/24/26 10:01:51 - 0:11:32 - Running average train loss is 0.7038084959983826 at epoch 385
INFO - 01/24/26 10:01:51 - 0:11:32 - At 386-th epoch with lr 0.000644.
INFO - 01/24/26 10:01:53 - 0:11:34 - Running average train loss is 0.7034834837913513 at epoch 386
INFO - 01/24/26 10:01:53 - 0:11:34 - At 387-th epoch with lr 0.000643.
INFO - 01/24/26 10:01:55 - 0:11:36 - Running average train loss is 0.7030427122116089 at epoch 387
INFO - 01/24/26 10:01:55 - 0:11:36 - At 388-th epoch with lr 0.000642.
INFO - 01/24/26 10:01:56 - 0:11:37 - Running average train loss is 0.7033124685287475 at epoch 388
INFO - 01/24/26 10:01:56 - 0:11:37 - At 389-th epoch with lr 0.000641.
INFO - 01/24/26 10:01:58 - 0:11:39 - Running average train loss is 0.7031925439834594 at epoch 389
INFO - 01/24/26 10:01:58 - 0:11:39 - At 390-th epoch with lr 0.000641.
INFO - 01/24/26 10:02:00 - 0:11:41 - Running average train loss is 0.7037665700912475 at epoch 390
INFO - 01/24/26 10:02:00 - 0:11:41 - At 391-th epoch with lr 0.000640.
INFO - 01/24/26 10:02:02 - 0:11:42 - Running average train loss is 0.7037075185775756 at epoch 391
INFO - 01/24/26 10:02:02 - 0:11:42 - At 392-th epoch with lr 0.000639.
INFO - 01/24/26 10:02:03 - 0:11:44 - Running average train loss is 0.7036622977256775 at epoch 392
INFO - 01/24/26 10:02:03 - 0:11:44 - At 393-th epoch with lr 0.000638.
INFO - 01/24/26 10:02:05 - 0:11:46 - Running average train loss is 0.702716805934906 at epoch 393
INFO - 01/24/26 10:02:05 - 0:11:46 - At 394-th epoch with lr 0.000637.
INFO - 01/24/26 10:02:07 - 0:11:47 - Running average train loss is 0.7033754777908325 at epoch 394
INFO - 01/24/26 10:02:07 - 0:11:47 - At 395-th epoch with lr 0.000636.
INFO - 01/24/26 10:02:08 - 0:11:49 - Running average train loss is 0.7031462526321411 at epoch 395
INFO - 01/24/26 10:02:08 - 0:11:49 - At 396-th epoch with lr 0.000636.
INFO - 01/24/26 10:02:10 - 0:11:51 - Running average train loss is 0.7028750848770141 at epoch 396
INFO - 01/24/26 10:02:10 - 0:11:51 - At 397-th epoch with lr 0.000635.
INFO - 01/24/26 10:02:12 - 0:11:53 - Running average train loss is 0.7028193926811218 at epoch 397
INFO - 01/24/26 10:02:12 - 0:11:53 - At 398-th epoch with lr 0.000634.
INFO - 01/24/26 10:02:13 - 0:11:54 - Running average train loss is 0.7033931541442872 at epoch 398
INFO - 01/24/26 10:02:13 - 0:11:54 - At 399-th epoch with lr 0.000633.
INFO - 01/24/26 10:02:15 - 0:11:56 - Running average train loss is 0.7033993172645568 at epoch 399
INFO - 01/24/26 10:02:15 - 0:11:56 - At 400-th epoch with lr 0.000632.
INFO - 01/24/26 10:02:16 - 0:11:57 - Running average train loss is 0.7031677389144897 at epoch 400
INFO - 01/24/26 10:02:17 - 0:11:57 - Average dev loss is 0.81632133324941 at epoch 400
INFO - 01/24/26 10:02:17 - 0:11:58 - dev accuracy is 87.8 at epoch 400
INFO - 01/24/26 10:02:17 - 0:11:58 - dev average edit distance is 0.248 at epoch 400
INFO - 01/24/26 10:02:17 - 0:11:58 - At 401-th epoch with lr 0.000632.
INFO - 01/24/26 10:02:19 - 0:11:59 - Running average train loss is 0.7027837657928466 at epoch 401
INFO - 01/24/26 10:02:19 - 0:11:59 - At 402-th epoch with lr 0.000631.
INFO - 01/24/26 10:02:20 - 0:12:01 - Running average train loss is 0.7033786225318909 at epoch 402
INFO - 01/24/26 10:02:20 - 0:12:01 - At 403-th epoch with lr 0.000630.
INFO - 01/24/26 10:02:22 - 0:12:03 - Running average train loss is 0.7031400036811829 at epoch 403
INFO - 01/24/26 10:02:22 - 0:12:03 - At 404-th epoch with lr 0.000629.
INFO - 01/24/26 10:02:24 - 0:12:04 - Running average train loss is 0.7025782585144043 at epoch 404
INFO - 01/24/26 10:02:24 - 0:12:04 - At 405-th epoch with lr 0.000629.
INFO - 01/24/26 10:02:25 - 0:12:06 - Running average train loss is 0.7031328320503235 at epoch 405
INFO - 01/24/26 10:02:25 - 0:12:06 - At 406-th epoch with lr 0.000628.
INFO - 01/24/26 10:02:27 - 0:12:08 - Running average train loss is 0.7035804295539856 at epoch 406
INFO - 01/24/26 10:02:27 - 0:12:08 - At 407-th epoch with lr 0.000627.
INFO - 01/24/26 10:02:29 - 0:12:09 - Running average train loss is 0.70289053440094 at epoch 407
INFO - 01/24/26 10:02:29 - 0:12:09 - At 408-th epoch with lr 0.000626.
INFO - 01/24/26 10:02:30 - 0:12:11 - Running average train loss is 0.7030334901809693 at epoch 408
INFO - 01/24/26 10:02:30 - 0:12:11 - At 409-th epoch with lr 0.000625.
INFO - 01/24/26 10:02:32 - 0:12:13 - Running average train loss is 0.7028263401985169 at epoch 409
INFO - 01/24/26 10:02:32 - 0:12:13 - At 410-th epoch with lr 0.000625.
INFO - 01/24/26 10:02:34 - 0:12:15 - Running average train loss is 0.702767837047577 at epoch 410
INFO - 01/24/26 10:02:34 - 0:12:15 - At 411-th epoch with lr 0.000624.
INFO - 01/24/26 10:02:36 - 0:12:16 - Running average train loss is 0.7030414533615112 at epoch 411
INFO - 01/24/26 10:02:36 - 0:12:16 - At 412-th epoch with lr 0.000623.
INFO - 01/24/26 10:02:38 - 0:12:18 - Running average train loss is 0.7035223722457886 at epoch 412
INFO - 01/24/26 10:02:38 - 0:12:18 - At 413-th epoch with lr 0.000622.
INFO - 01/24/26 10:02:39 - 0:12:20 - Running average train loss is 0.7029318761825561 at epoch 413
INFO - 01/24/26 10:02:39 - 0:12:20 - At 414-th epoch with lr 0.000622.
INFO - 01/24/26 10:02:41 - 0:12:22 - Running average train loss is 0.7023281979560853 at epoch 414
INFO - 01/24/26 10:02:41 - 0:12:22 - At 415-th epoch with lr 0.000621.
INFO - 01/24/26 10:02:42 - 0:12:23 - Running average train loss is 0.702852349281311 at epoch 415
INFO - 01/24/26 10:02:42 - 0:12:23 - At 416-th epoch with lr 0.000620.
INFO - 01/24/26 10:02:44 - 0:12:25 - Running average train loss is 0.7025566577911377 at epoch 416
INFO - 01/24/26 10:02:44 - 0:12:25 - Average dev loss is 0.8296053608258566 at epoch 416
INFO - 01/24/26 10:02:44 - 0:12:25 - dev accuracy is 85.5 at epoch 416
INFO - 01/24/26 10:02:44 - 0:12:25 - dev average edit distance is 0.274 at epoch 416
INFO - 01/24/26 10:02:44 - 0:12:25 - At 417-th epoch with lr 0.000619.
INFO - 01/24/26 10:02:46 - 0:12:27 - Running average train loss is 0.7027078819274902 at epoch 417
INFO - 01/24/26 10:02:46 - 0:12:27 - At 418-th epoch with lr 0.000619.
INFO - 01/24/26 10:02:48 - 0:12:28 - Running average train loss is 0.7035680913925171 at epoch 418
INFO - 01/24/26 10:02:48 - 0:12:28 - At 419-th epoch with lr 0.000618.
INFO - 01/24/26 10:02:49 - 0:12:30 - Running average train loss is 0.7034223365783692 at epoch 419
INFO - 01/24/26 10:02:49 - 0:12:30 - At 420-th epoch with lr 0.000617.
INFO - 01/24/26 10:02:51 - 0:12:32 - Running average train loss is 0.7031714630126953 at epoch 420
INFO - 01/24/26 10:02:51 - 0:12:32 - At 421-th epoch with lr 0.000616.
INFO - 01/24/26 10:02:52 - 0:12:33 - Running average train loss is 0.7026522779464721 at epoch 421
INFO - 01/24/26 10:02:52 - 0:12:33 - At 422-th epoch with lr 0.000616.
INFO - 01/24/26 10:02:54 - 0:12:35 - Running average train loss is 0.7030717277526856 at epoch 422
INFO - 01/24/26 10:02:54 - 0:12:35 - At 423-th epoch with lr 0.000615.
INFO - 01/24/26 10:02:55 - 0:12:36 - Running average train loss is 0.7022860193252564 at epoch 423
INFO - 01/24/26 10:02:55 - 0:12:36 - At 424-th epoch with lr 0.000614.
INFO - 01/24/26 10:02:57 - 0:12:38 - Running average train loss is 0.7025398802757263 at epoch 424
INFO - 01/24/26 10:02:57 - 0:12:38 - At 425-th epoch with lr 0.000614.
INFO - 01/24/26 10:02:59 - 0:12:39 - Running average train loss is 0.7025741386413574 at epoch 425
INFO - 01/24/26 10:02:59 - 0:12:39 - At 426-th epoch with lr 0.000613.
INFO - 01/24/26 10:03:00 - 0:12:41 - Running average train loss is 0.7027236151695252 at epoch 426
INFO - 01/24/26 10:03:00 - 0:12:41 - At 427-th epoch with lr 0.000612.
INFO - 01/24/26 10:03:02 - 0:12:43 - Running average train loss is 0.7026199245452881 at epoch 427
INFO - 01/24/26 10:03:02 - 0:12:43 - At 428-th epoch with lr 0.000611.
INFO - 01/24/26 10:03:03 - 0:12:44 - Running average train loss is 0.7025728416442871 at epoch 428
INFO - 01/24/26 10:03:03 - 0:12:44 - At 429-th epoch with lr 0.000611.
INFO - 01/24/26 10:03:05 - 0:12:46 - Running average train loss is 0.7034700584411621 at epoch 429
INFO - 01/24/26 10:03:05 - 0:12:46 - At 430-th epoch with lr 0.000610.
INFO - 01/24/26 10:03:06 - 0:12:47 - Running average train loss is 0.7032401275634765 at epoch 430
INFO - 01/24/26 10:03:06 - 0:12:47 - At 431-th epoch with lr 0.000609.
INFO - 01/24/26 10:03:08 - 0:12:49 - Running average train loss is 0.7029759192466736 at epoch 431
INFO - 01/24/26 10:03:08 - 0:12:49 - At 432-th epoch with lr 0.000609.
INFO - 01/24/26 10:03:10 - 0:12:50 - Running average train loss is 0.7029567265510559 at epoch 432
INFO - 01/24/26 10:03:10 - 0:12:50 - Average dev loss is 0.8308872183163961 at epoch 432
INFO - 01/24/26 10:03:10 - 0:12:51 - dev accuracy is 84.2 at epoch 432
INFO - 01/24/26 10:03:10 - 0:12:51 - dev average edit distance is 0.287 at epoch 432
INFO - 01/24/26 10:03:10 - 0:12:51 - At 433-th epoch with lr 0.000608.
INFO - 01/24/26 10:03:11 - 0:12:52 - Running average train loss is 0.703024549484253 at epoch 433
INFO - 01/24/26 10:03:11 - 0:12:52 - At 434-th epoch with lr 0.000607.
INFO - 01/24/26 10:03:13 - 0:12:54 - Running average train loss is 0.7025264620780944 at epoch 434
INFO - 01/24/26 10:03:13 - 0:12:54 - At 435-th epoch with lr 0.000606.
INFO - 01/24/26 10:03:15 - 0:12:56 - Running average train loss is 0.7027643418312073 at epoch 435
INFO - 01/24/26 10:03:15 - 0:12:56 - At 436-th epoch with lr 0.000606.
INFO - 01/24/26 10:03:17 - 0:12:57 - Running average train loss is 0.7027774357795715 at epoch 436
INFO - 01/24/26 10:03:17 - 0:12:57 - At 437-th epoch with lr 0.000605.
INFO - 01/24/26 10:03:18 - 0:12:59 - Running average train loss is 0.7032145166397095 at epoch 437
INFO - 01/24/26 10:03:18 - 0:12:59 - At 438-th epoch with lr 0.000604.
INFO - 01/24/26 10:03:20 - 0:13:01 - Running average train loss is 0.7026497292518615 at epoch 438
INFO - 01/24/26 10:03:20 - 0:13:01 - At 439-th epoch with lr 0.000604.
INFO - 01/24/26 10:03:22 - 0:13:02 - Running average train loss is 0.7025656151771545 at epoch 439
INFO - 01/24/26 10:03:22 - 0:13:02 - At 440-th epoch with lr 0.000603.
INFO - 01/24/26 10:03:23 - 0:13:04 - Running average train loss is 0.7021611738204956 at epoch 440
INFO - 01/24/26 10:03:23 - 0:13:04 - At 441-th epoch with lr 0.000602.
INFO - 01/24/26 10:03:25 - 0:13:06 - Running average train loss is 0.7020643520355224 at epoch 441
INFO - 01/24/26 10:03:25 - 0:13:06 - At 442-th epoch with lr 0.000602.
INFO - 01/24/26 10:03:27 - 0:13:07 - Running average train loss is 0.702535150051117 at epoch 442
INFO - 01/24/26 10:03:27 - 0:13:07 - At 443-th epoch with lr 0.000601.
INFO - 01/24/26 10:03:28 - 0:13:09 - Running average train loss is 0.7026970434188843 at epoch 443
INFO - 01/24/26 10:03:28 - 0:13:09 - At 444-th epoch with lr 0.000600.
INFO - 01/24/26 10:03:30 - 0:13:11 - Running average train loss is 0.7023999452590942 at epoch 444
INFO - 01/24/26 10:03:30 - 0:13:11 - At 445-th epoch with lr 0.000600.
INFO - 01/24/26 10:03:32 - 0:13:12 - Running average train loss is 0.7020847702026367 at epoch 445
INFO - 01/24/26 10:03:32 - 0:13:12 - At 446-th epoch with lr 0.000599.
INFO - 01/24/26 10:03:33 - 0:13:14 - Running average train loss is 0.7023431301116944 at epoch 446
INFO - 01/24/26 10:03:33 - 0:13:14 - At 447-th epoch with lr 0.000598.
INFO - 01/24/26 10:03:35 - 0:13:16 - Running average train loss is 0.7023974800109863 at epoch 447
INFO - 01/24/26 10:03:35 - 0:13:16 - At 448-th epoch with lr 0.000598.
INFO - 01/24/26 10:03:37 - 0:13:18 - Running average train loss is 0.7028399395942688 at epoch 448
INFO - 01/24/26 10:03:37 - 0:13:18 - Average dev loss is 0.8268802960713705 at epoch 448
INFO - 01/24/26 10:03:37 - 0:13:18 - dev accuracy is 85.8 at epoch 448
INFO - 01/24/26 10:03:37 - 0:13:18 - dev average edit distance is 0.276 at epoch 448
INFO - 01/24/26 10:03:37 - 0:13:18 - At 449-th epoch with lr 0.000597.
INFO - 01/24/26 10:03:39 - 0:13:20 - Running average train loss is 0.702605414390564 at epoch 449
INFO - 01/24/26 10:03:39 - 0:13:20 - At 450-th epoch with lr 0.000596.
INFO - 01/24/26 10:03:41 - 0:13:21 - Running average train loss is 0.7019826936721801 at epoch 450
INFO - 01/24/26 10:03:41 - 0:13:21 - At 451-th epoch with lr 0.000596.
INFO - 01/24/26 10:03:42 - 0:13:23 - Running average train loss is 0.7035228562355041 at epoch 451
INFO - 01/24/26 10:03:42 - 0:13:23 - At 452-th epoch with lr 0.000595.
INFO - 01/24/26 10:03:44 - 0:13:25 - Running average train loss is 0.7029694437980651 at epoch 452
INFO - 01/24/26 10:03:44 - 0:13:25 - At 453-th epoch with lr 0.000594.
INFO - 01/24/26 10:03:46 - 0:13:26 - Running average train loss is 0.7029839110374451 at epoch 453
INFO - 01/24/26 10:03:46 - 0:13:26 - At 454-th epoch with lr 0.000594.
INFO - 01/24/26 10:03:47 - 0:13:28 - Running average train loss is 0.7026721072196961 at epoch 454
INFO - 01/24/26 10:03:47 - 0:13:28 - At 455-th epoch with lr 0.000593.
INFO - 01/24/26 10:03:49 - 0:13:30 - Running average train loss is 0.7026144099235535 at epoch 455
INFO - 01/24/26 10:03:49 - 0:13:30 - At 456-th epoch with lr 0.000592.
INFO - 01/24/26 10:03:51 - 0:13:32 - Running average train loss is 0.7028960013389587 at epoch 456
INFO - 01/24/26 10:03:51 - 0:13:32 - At 457-th epoch with lr 0.000592.
INFO - 01/24/26 10:03:52 - 0:13:33 - Running average train loss is 0.7027513146400451 at epoch 457
INFO - 01/24/26 10:03:52 - 0:13:33 - At 458-th epoch with lr 0.000591.
INFO - 01/24/26 10:03:54 - 0:13:35 - Running average train loss is 0.7026630067825317 at epoch 458
INFO - 01/24/26 10:03:54 - 0:13:35 - At 459-th epoch with lr 0.000590.
INFO - 01/24/26 10:03:56 - 0:13:37 - Running average train loss is 0.7025514459609985 at epoch 459
INFO - 01/24/26 10:03:56 - 0:13:37 - At 460-th epoch with lr 0.000590.
INFO - 01/24/26 10:03:58 - 0:13:38 - Running average train loss is 0.702658121585846 at epoch 460
INFO - 01/24/26 10:03:58 - 0:13:38 - At 461-th epoch with lr 0.000589.
INFO - 01/24/26 10:03:59 - 0:13:40 - Running average train loss is 0.7026142311096192 at epoch 461
INFO - 01/24/26 10:03:59 - 0:13:40 - At 462-th epoch with lr 0.000588.
INFO - 01/24/26 10:04:01 - 0:13:42 - Running average train loss is 0.7022216200828553 at epoch 462
INFO - 01/24/26 10:04:01 - 0:13:42 - At 463-th epoch with lr 0.000588.
INFO - 01/24/26 10:04:03 - 0:13:43 - Running average train loss is 0.7016382765769958 at epoch 463
INFO - 01/24/26 10:04:03 - 0:13:43 - At 464-th epoch with lr 0.000587.
INFO - 01/24/26 10:04:04 - 0:13:45 - Running average train loss is 0.7023428821563721 at epoch 464
INFO - 01/24/26 10:04:04 - 0:13:45 - Average dev loss is 0.8192976911862692 at epoch 464
INFO - 01/24/26 10:04:05 - 0:13:46 - dev accuracy is 87.5 at epoch 464
INFO - 01/24/26 10:04:05 - 0:13:46 - dev average edit distance is 0.241 at epoch 464
INFO - 01/24/26 10:04:05 - 0:13:46 - At 465-th epoch with lr 0.000587.
INFO - 01/24/26 10:04:07 - 0:13:47 - Running average train loss is 0.7019286274909973 at epoch 465
INFO - 01/24/26 10:04:07 - 0:13:47 - At 466-th epoch with lr 0.000586.
INFO - 01/24/26 10:04:08 - 0:13:49 - Running average train loss is 0.7021452760696412 at epoch 466
INFO - 01/24/26 10:04:08 - 0:13:49 - At 467-th epoch with lr 0.000585.
INFO - 01/24/26 10:04:10 - 0:13:51 - Running average train loss is 0.7026959371566772 at epoch 467
INFO - 01/24/26 10:04:10 - 0:13:51 - At 468-th epoch with lr 0.000585.
INFO - 01/24/26 10:04:12 - 0:13:52 - Running average train loss is 0.7031798577308654 at epoch 468
INFO - 01/24/26 10:04:12 - 0:13:52 - At 469-th epoch with lr 0.000584.
INFO - 01/24/26 10:04:13 - 0:13:54 - Running average train loss is 0.7024877834320068 at epoch 469
INFO - 01/24/26 10:04:13 - 0:13:54 - At 470-th epoch with lr 0.000583.
INFO - 01/24/26 10:04:15 - 0:13:56 - Running average train loss is 0.7017244052886963 at epoch 470
INFO - 01/24/26 10:04:15 - 0:13:56 - At 471-th epoch with lr 0.000583.
INFO - 01/24/26 10:04:17 - 0:13:57 - Running average train loss is 0.7019925546646119 at epoch 471
INFO - 01/24/26 10:04:17 - 0:13:57 - At 472-th epoch with lr 0.000582.
INFO - 01/24/26 10:04:18 - 0:13:59 - Running average train loss is 0.7021774029731751 at epoch 472
INFO - 01/24/26 10:04:18 - 0:13:59 - At 473-th epoch with lr 0.000582.
INFO - 01/24/26 10:04:20 - 0:14:01 - Running average train loss is 0.7023504161834717 at epoch 473
INFO - 01/24/26 10:04:20 - 0:14:01 - At 474-th epoch with lr 0.000581.
INFO - 01/24/26 10:04:22 - 0:14:02 - Running average train loss is 0.7020182967185974 at epoch 474
INFO - 01/24/26 10:04:22 - 0:14:02 - At 475-th epoch with lr 0.000580.
INFO - 01/24/26 10:04:23 - 0:14:04 - Running average train loss is 0.7012220287322998 at epoch 475
INFO - 01/24/26 10:04:23 - 0:14:04 - At 476-th epoch with lr 0.000580.
INFO - 01/24/26 10:04:25 - 0:14:06 - Running average train loss is 0.7021502804756165 at epoch 476
INFO - 01/24/26 10:04:25 - 0:14:06 - At 477-th epoch with lr 0.000579.
INFO - 01/24/26 10:04:27 - 0:14:08 - Running average train loss is 0.7021634221076966 at epoch 477
INFO - 01/24/26 10:04:27 - 0:14:08 - At 478-th epoch with lr 0.000579.
INFO - 01/24/26 10:04:28 - 0:14:09 - Running average train loss is 0.7016753721237182 at epoch 478
INFO - 01/24/26 10:04:28 - 0:14:09 - At 479-th epoch with lr 0.000578.
INFO - 01/24/26 10:04:30 - 0:14:11 - Running average train loss is 0.7020696640014649 at epoch 479
INFO - 01/24/26 10:04:30 - 0:14:11 - At 480-th epoch with lr 0.000577.
INFO - 01/24/26 10:04:32 - 0:14:13 - Running average train loss is 0.7020498943328858 at epoch 480
INFO - 01/24/26 10:04:32 - 0:14:13 - Average dev loss is 0.8206484317779541 at epoch 480
INFO - 01/24/26 10:04:32 - 0:14:13 - dev accuracy is 87.8 at epoch 480
INFO - 01/24/26 10:04:32 - 0:14:13 - dev average edit distance is 0.212 at epoch 480
INFO - 01/24/26 10:04:32 - 0:14:13 - At 481-th epoch with lr 0.000577.
INFO - 01/24/26 10:04:34 - 0:14:15 - Running average train loss is 0.7020781135559082 at epoch 481
INFO - 01/24/26 10:04:34 - 0:14:15 - At 482-th epoch with lr 0.000576.
INFO - 01/24/26 10:04:36 - 0:14:17 - Running average train loss is 0.7013875722885132 at epoch 482
INFO - 01/24/26 10:04:36 - 0:14:17 - At 483-th epoch with lr 0.000576.
INFO - 01/24/26 10:04:37 - 0:14:18 - Running average train loss is 0.701673743724823 at epoch 483
INFO - 01/24/26 10:04:37 - 0:14:18 - At 484-th epoch with lr 0.000575.
INFO - 01/24/26 10:04:39 - 0:14:20 - Running average train loss is 0.7023289203643799 at epoch 484
INFO - 01/24/26 10:04:39 - 0:14:20 - At 485-th epoch with lr 0.000574.
INFO - 01/24/26 10:04:41 - 0:14:22 - Running average train loss is 0.7022265648841858 at epoch 485
INFO - 01/24/26 10:04:41 - 0:14:22 - At 486-th epoch with lr 0.000574.
INFO - 01/24/26 10:04:42 - 0:14:23 - Running average train loss is 0.702183747291565 at epoch 486
INFO - 01/24/26 10:04:42 - 0:14:23 - At 487-th epoch with lr 0.000573.
INFO - 01/24/26 10:04:44 - 0:14:25 - Running average train loss is 0.7019006633758544 at epoch 487
INFO - 01/24/26 10:04:44 - 0:14:25 - At 488-th epoch with lr 0.000573.
INFO - 01/24/26 10:04:46 - 0:14:27 - Running average train loss is 0.7021634149551391 at epoch 488
INFO - 01/24/26 10:04:46 - 0:14:27 - At 489-th epoch with lr 0.000572.
INFO - 01/24/26 10:04:48 - 0:14:28 - Running average train loss is 0.7018174743652343 at epoch 489
INFO - 01/24/26 10:04:48 - 0:14:28 - At 490-th epoch with lr 0.000571.
INFO - 01/24/26 10:04:49 - 0:14:30 - Running average train loss is 0.7022074437141419 at epoch 490
INFO - 01/24/26 10:04:49 - 0:14:30 - At 491-th epoch with lr 0.000571.
INFO - 01/24/26 10:04:51 - 0:14:32 - Running average train loss is 0.7020967245101929 at epoch 491
INFO - 01/24/26 10:04:51 - 0:14:32 - At 492-th epoch with lr 0.000570.
INFO - 01/24/26 10:04:53 - 0:14:33 - Running average train loss is 0.7020091342926026 at epoch 492
INFO - 01/24/26 10:04:53 - 0:14:33 - At 493-th epoch with lr 0.000570.
INFO - 01/24/26 10:04:54 - 0:14:35 - Running average train loss is 0.7017204093933106 at epoch 493
INFO - 01/24/26 10:04:54 - 0:14:35 - At 494-th epoch with lr 0.000569.
INFO - 01/24/26 10:04:56 - 0:14:37 - Running average train loss is 0.7016477179527283 at epoch 494
INFO - 01/24/26 10:04:56 - 0:14:37 - At 495-th epoch with lr 0.000569.
INFO - 01/24/26 10:04:58 - 0:14:38 - Running average train loss is 0.7022655773162841 at epoch 495
INFO - 01/24/26 10:04:58 - 0:14:38 - At 496-th epoch with lr 0.000568.
INFO - 01/24/26 10:04:59 - 0:14:40 - Running average train loss is 0.7015108919143677 at epoch 496
INFO - 01/24/26 10:04:59 - 0:14:40 - Average dev loss is 0.8403962850570679 at epoch 496
INFO - 01/24/26 10:05:00 - 0:14:41 - dev accuracy is 82.5 at epoch 496
INFO - 01/24/26 10:05:00 - 0:14:41 - dev average edit distance is 0.349 at epoch 496
INFO - 01/24/26 10:05:00 - 0:14:41 - At 497-th epoch with lr 0.000567.
INFO - 01/24/26 10:05:02 - 0:14:42 - Running average train loss is 0.7016725182533264 at epoch 497
INFO - 01/24/26 10:05:02 - 0:14:42 - At 498-th epoch with lr 0.000567.
INFO - 01/24/26 10:05:03 - 0:14:44 - Running average train loss is 0.7023080015182495 at epoch 498
INFO - 01/24/26 10:05:03 - 0:14:44 - At 499-th epoch with lr 0.000566.
INFO - 01/24/26 10:05:05 - 0:14:46 - Running average train loss is 0.7016932439804077 at epoch 499
INFO - 01/24/26 10:05:05 - 0:14:46 - At 500-th epoch with lr 0.000566.
INFO - 01/24/26 10:05:07 - 0:14:47 - Running average train loss is 0.7019074463844299 at epoch 500
INFO - 01/24/26 10:05:07 - 0:14:47 - At 501-th epoch with lr 0.000565.
INFO - 01/24/26 10:05:08 - 0:14:49 - Running average train loss is 0.7023263001441955 at epoch 501
INFO - 01/24/26 10:05:08 - 0:14:49 - At 502-th epoch with lr 0.000565.
INFO - 01/24/26 10:05:10 - 0:14:51 - Running average train loss is 0.7021066045761108 at epoch 502
INFO - 01/24/26 10:05:10 - 0:14:51 - At 503-th epoch with lr 0.000564.
INFO - 01/24/26 10:05:12 - 0:14:52 - Running average train loss is 0.7021346187591553 at epoch 503
INFO - 01/24/26 10:05:12 - 0:14:52 - At 504-th epoch with lr 0.000563.
INFO - 01/24/26 10:05:13 - 0:14:54 - Running average train loss is 0.7022097301483154 at epoch 504
INFO - 01/24/26 10:05:13 - 0:14:54 - At 505-th epoch with lr 0.000563.
INFO - 01/24/26 10:05:15 - 0:14:56 - Running average train loss is 0.7017353248596191 at epoch 505
INFO - 01/24/26 10:05:15 - 0:14:56 - At 506-th epoch with lr 0.000562.
INFO - 01/24/26 10:05:17 - 0:14:57 - Running average train loss is 0.701671884059906 at epoch 506
INFO - 01/24/26 10:05:17 - 0:14:57 - At 507-th epoch with lr 0.000562.
INFO - 01/24/26 10:05:18 - 0:14:59 - Running average train loss is 0.7020575976371766 at epoch 507
INFO - 01/24/26 10:05:18 - 0:14:59 - At 508-th epoch with lr 0.000561.
INFO - 01/24/26 10:05:20 - 0:15:01 - Running average train loss is 0.7013832306861878 at epoch 508
INFO - 01/24/26 10:05:20 - 0:15:01 - At 509-th epoch with lr 0.000561.
INFO - 01/24/26 10:05:22 - 0:15:03 - Running average train loss is 0.7017729997634887 at epoch 509
INFO - 01/24/26 10:05:22 - 0:15:03 - At 510-th epoch with lr 0.000560.
INFO - 01/24/26 10:05:23 - 0:15:04 - Running average train loss is 0.701801917552948 at epoch 510
INFO - 01/24/26 10:05:23 - 0:15:04 - At 511-th epoch with lr 0.000560.
INFO - 01/24/26 10:05:25 - 0:15:06 - Running average train loss is 0.7018505167961121 at epoch 511
INFO - 01/24/26 10:05:25 - 0:15:06 - At 512-th epoch with lr 0.000559.
INFO - 01/24/26 10:05:27 - 0:15:08 - Running average train loss is 0.7017593336105347 at epoch 512
INFO - 01/24/26 10:05:27 - 0:15:08 - Average dev loss is 0.8262396454811096 at epoch 512
INFO - 01/24/26 10:05:27 - 0:15:08 - dev accuracy is 86.0 at epoch 512
INFO - 01/24/26 10:05:27 - 0:15:08 - dev average edit distance is 0.252 at epoch 512
INFO - 01/24/26 10:05:27 - 0:15:08 - At 513-th epoch with lr 0.000558.
INFO - 01/24/26 10:05:29 - 0:15:10 - Running average train loss is 0.7016248440742493 at epoch 513
INFO - 01/24/26 10:05:29 - 0:15:10 - At 514-th epoch with lr 0.000558.
INFO - 01/24/26 10:05:31 - 0:15:12 - Running average train loss is 0.701234781742096 at epoch 514
INFO - 01/24/26 10:05:31 - 0:15:12 - At 515-th epoch with lr 0.000557.
INFO - 01/24/26 10:05:32 - 0:15:13 - Running average train loss is 0.7017575311660766 at epoch 515
INFO - 01/24/26 10:05:32 - 0:15:13 - At 516-th epoch with lr 0.000557.
INFO - 01/24/26 10:05:34 - 0:15:15 - Running average train loss is 0.7017682075500489 at epoch 516
INFO - 01/24/26 10:05:34 - 0:15:15 - At 517-th epoch with lr 0.000556.
INFO - 01/24/26 10:05:36 - 0:15:17 - Running average train loss is 0.7020042753219604 at epoch 517
INFO - 01/24/26 10:05:36 - 0:15:17 - At 518-th epoch with lr 0.000556.
INFO - 01/24/26 10:05:37 - 0:15:18 - Running average train loss is 0.7017536211013794 at epoch 518
INFO - 01/24/26 10:05:37 - 0:15:18 - At 519-th epoch with lr 0.000555.
INFO - 01/24/26 10:05:39 - 0:15:20 - Running average train loss is 0.7017194509506226 at epoch 519
INFO - 01/24/26 10:05:39 - 0:15:20 - At 520-th epoch with lr 0.000555.
INFO - 01/24/26 10:05:41 - 0:15:22 - Running average train loss is 0.701320402622223 at epoch 520
INFO - 01/24/26 10:05:41 - 0:15:22 - At 521-th epoch with lr 0.000554.
INFO - 01/24/26 10:05:42 - 0:15:23 - Running average train loss is 0.7017583012580871 at epoch 521
INFO - 01/24/26 10:05:42 - 0:15:23 - At 522-th epoch with lr 0.000554.
INFO - 01/24/26 10:05:44 - 0:15:25 - Running average train loss is 0.7013604950904846 at epoch 522
INFO - 01/24/26 10:05:44 - 0:15:25 - At 523-th epoch with lr 0.000553.
INFO - 01/24/26 10:05:46 - 0:15:27 - Running average train loss is 0.7017507863044739 at epoch 523
INFO - 01/24/26 10:05:46 - 0:15:27 - At 524-th epoch with lr 0.000553.
INFO - 01/24/26 10:05:48 - 0:15:28 - Running average train loss is 0.7015471315383911 at epoch 524
INFO - 01/24/26 10:05:48 - 0:15:28 - At 525-th epoch with lr 0.000552.
INFO - 01/24/26 10:05:49 - 0:15:30 - Running average train loss is 0.7017709255218506 at epoch 525
INFO - 01/24/26 10:05:49 - 0:15:30 - At 526-th epoch with lr 0.000552.
INFO - 01/24/26 10:05:51 - 0:15:32 - Running average train loss is 0.702218451499939 at epoch 526
INFO - 01/24/26 10:05:51 - 0:15:32 - At 527-th epoch with lr 0.000551.
INFO - 01/24/26 10:05:53 - 0:15:33 - Running average train loss is 0.7020631575584412 at epoch 527
INFO - 01/24/26 10:05:53 - 0:15:33 - At 528-th epoch with lr 0.000550.
INFO - 01/24/26 10:05:54 - 0:15:35 - Running average train loss is 0.7015345358848571 at epoch 528
INFO - 01/24/26 10:05:54 - 0:15:35 - Average dev loss is 0.8247030774752299 at epoch 528
INFO - 01/24/26 10:05:55 - 0:15:35 - dev accuracy is 85.6 at epoch 528
INFO - 01/24/26 10:05:55 - 0:15:35 - dev average edit distance is 0.244 at epoch 528
INFO - 01/24/26 10:05:55 - 0:15:36 - At 529-th epoch with lr 0.000550.
INFO - 01/24/26 10:05:56 - 0:15:37 - Running average train loss is 0.7014790105819703 at epoch 529
INFO - 01/24/26 10:05:56 - 0:15:37 - At 530-th epoch with lr 0.000549.
INFO - 01/24/26 10:05:58 - 0:15:39 - Running average train loss is 0.7014547252655029 at epoch 530
INFO - 01/24/26 10:05:58 - 0:15:39 - At 531-th epoch with lr 0.000549.
INFO - 01/24/26 10:06:00 - 0:15:41 - Running average train loss is 0.7012748122215271 at epoch 531
INFO - 01/24/26 10:06:00 - 0:15:41 - At 532-th epoch with lr 0.000548.
INFO - 01/24/26 10:06:01 - 0:15:42 - Running average train loss is 0.7018348836898803 at epoch 532
INFO - 01/24/26 10:06:01 - 0:15:42 - At 533-th epoch with lr 0.000548.
INFO - 01/24/26 10:06:03 - 0:15:44 - Running average train loss is 0.7015288662910462 at epoch 533
INFO - 01/24/26 10:06:03 - 0:15:44 - At 534-th epoch with lr 0.000547.
INFO - 01/24/26 10:06:05 - 0:15:46 - Running average train loss is 0.7011769795417786 at epoch 534
INFO - 01/24/26 10:06:05 - 0:15:46 - At 535-th epoch with lr 0.000547.
INFO - 01/24/26 10:06:07 - 0:15:47 - Running average train loss is 0.7018564462661743 at epoch 535
INFO - 01/24/26 10:06:07 - 0:15:47 - At 536-th epoch with lr 0.000546.
INFO - 01/24/26 10:06:08 - 0:15:49 - Running average train loss is 0.7017147183418274 at epoch 536
INFO - 01/24/26 10:06:08 - 0:15:49 - At 537-th epoch with lr 0.000546.
INFO - 01/24/26 10:06:10 - 0:15:51 - Running average train loss is 0.7011363673210144 at epoch 537
INFO - 01/24/26 10:06:10 - 0:15:51 - At 538-th epoch with lr 0.000545.
INFO - 01/24/26 10:06:12 - 0:15:52 - Running average train loss is 0.7014316773414612 at epoch 538
INFO - 01/24/26 10:06:12 - 0:15:52 - At 539-th epoch with lr 0.000545.
INFO - 01/24/26 10:06:13 - 0:15:54 - Running average train loss is 0.7016992497444153 at epoch 539
INFO - 01/24/26 10:06:13 - 0:15:54 - At 540-th epoch with lr 0.000544.
INFO - 01/24/26 10:06:15 - 0:15:56 - Running average train loss is 0.7017913293838501 at epoch 540
INFO - 01/24/26 10:06:15 - 0:15:56 - At 541-th epoch with lr 0.000544.
INFO - 01/24/26 10:06:17 - 0:15:57 - Running average train loss is 0.7016903400421143 at epoch 541
INFO - 01/24/26 10:06:17 - 0:15:57 - At 542-th epoch with lr 0.000543.
INFO - 01/24/26 10:06:18 - 0:15:59 - Running average train loss is 0.7017612051963806 at epoch 542
INFO - 01/24/26 10:06:18 - 0:15:59 - At 543-th epoch with lr 0.000543.
INFO - 01/24/26 10:06:20 - 0:16:01 - Running average train loss is 0.7016070795059204 at epoch 543
INFO - 01/24/26 10:06:20 - 0:16:01 - At 544-th epoch with lr 0.000542.
INFO - 01/24/26 10:06:22 - 0:16:02 - Running average train loss is 0.7017285799980164 at epoch 544
INFO - 01/24/26 10:06:22 - 0:16:02 - Average dev loss is 0.8319889108339945 at epoch 544
INFO - 01/24/26 10:06:22 - 0:16:03 - dev accuracy is 84.4 at epoch 544
INFO - 01/24/26 10:06:22 - 0:16:03 - dev average edit distance is 0.257 at epoch 544
INFO - 01/24/26 10:06:22 - 0:16:03 - At 545-th epoch with lr 0.000542.
INFO - 01/24/26 10:06:24 - 0:16:05 - Running average train loss is 0.70144193649292 at epoch 545
INFO - 01/24/26 10:06:24 - 0:16:05 - At 546-th epoch with lr 0.000541.
INFO - 01/24/26 10:06:25 - 0:16:06 - Running average train loss is 0.7018201923370362 at epoch 546
INFO - 01/24/26 10:06:25 - 0:16:06 - At 547-th epoch with lr 0.000541.
INFO - 01/24/26 10:06:27 - 0:16:08 - Running average train loss is 0.7020530462265014 at epoch 547
INFO - 01/24/26 10:06:27 - 0:16:08 - At 548-th epoch with lr 0.000540.
INFO - 01/24/26 10:06:29 - 0:16:10 - Running average train loss is 0.7014479756355285 at epoch 548
INFO - 01/24/26 10:06:29 - 0:16:10 - At 549-th epoch with lr 0.000540.
INFO - 01/24/26 10:06:31 - 0:16:11 - Running average train loss is 0.7016855096817016 at epoch 549
INFO - 01/24/26 10:06:31 - 0:16:11 - At 550-th epoch with lr 0.000539.
INFO - 01/24/26 10:06:32 - 0:16:13 - Running average train loss is 0.7013747572898865 at epoch 550
INFO - 01/24/26 10:06:32 - 0:16:13 - At 551-th epoch with lr 0.000539.
INFO - 01/24/26 10:06:34 - 0:16:15 - Running average train loss is 0.7016431498527527 at epoch 551
INFO - 01/24/26 10:06:34 - 0:16:15 - At 552-th epoch with lr 0.000538.
INFO - 01/24/26 10:06:36 - 0:16:16 - Running average train loss is 0.7012189555168152 at epoch 552
INFO - 01/24/26 10:06:36 - 0:16:16 - At 553-th epoch with lr 0.000538.
INFO - 01/24/26 10:06:37 - 0:16:18 - Running average train loss is 0.7009761238098144 at epoch 553
INFO - 01/24/26 10:06:37 - 0:16:18 - At 554-th epoch with lr 0.000537.
INFO - 01/24/26 10:06:39 - 0:16:20 - Running average train loss is 0.7014298272132874 at epoch 554
INFO - 01/24/26 10:06:39 - 0:16:20 - At 555-th epoch with lr 0.000537.
INFO - 01/24/26 10:06:41 - 0:16:21 - Running average train loss is 0.7015532779693604 at epoch 555
INFO - 01/24/26 10:06:41 - 0:16:21 - At 556-th epoch with lr 0.000536.
INFO - 01/24/26 10:06:42 - 0:16:23 - Running average train loss is 0.7017499375343322 at epoch 556
INFO - 01/24/26 10:06:42 - 0:16:23 - At 557-th epoch with lr 0.000536.
INFO - 01/24/26 10:06:44 - 0:16:25 - Running average train loss is 0.7018600654602051 at epoch 557
INFO - 01/24/26 10:06:44 - 0:16:25 - At 558-th epoch with lr 0.000535.
INFO - 01/24/26 10:06:46 - 0:16:27 - Running average train loss is 0.7016677832603455 at epoch 558
INFO - 01/24/26 10:06:46 - 0:16:27 - At 559-th epoch with lr 0.000535.
INFO - 01/24/26 10:06:47 - 0:16:28 - Running average train loss is 0.7014654350280761 at epoch 559
INFO - 01/24/26 10:06:47 - 0:16:28 - At 560-th epoch with lr 0.000535.
INFO - 01/24/26 10:06:49 - 0:16:30 - Running average train loss is 0.7012703728675842 at epoch 560
INFO - 01/24/26 10:06:49 - 0:16:30 - Average dev loss is 0.8265756368637085 at epoch 560
INFO - 01/24/26 10:06:50 - 0:16:30 - dev accuracy is 86.8 at epoch 560
INFO - 01/24/26 10:06:50 - 0:16:30 - dev average edit distance is 0.247 at epoch 560
INFO - 01/24/26 10:06:50 - 0:16:31 - At 561-th epoch with lr 0.000534.
INFO - 01/24/26 10:06:51 - 0:16:32 - Running average train loss is 0.70125403881073 at epoch 561
INFO - 01/24/26 10:06:51 - 0:16:32 - At 562-th epoch with lr 0.000534.
INFO - 01/24/26 10:06:53 - 0:16:34 - Running average train loss is 0.7011908316612243 at epoch 562
INFO - 01/24/26 10:06:53 - 0:16:34 - At 563-th epoch with lr 0.000533.
INFO - 01/24/26 10:06:55 - 0:16:36 - Running average train loss is 0.7011561512947082 at epoch 563
INFO - 01/24/26 10:06:55 - 0:16:36 - At 564-th epoch with lr 0.000533.
INFO - 01/24/26 10:06:56 - 0:16:37 - Running average train loss is 0.701375195980072 at epoch 564
INFO - 01/24/26 10:06:56 - 0:16:37 - At 565-th epoch with lr 0.000532.
INFO - 01/24/26 10:06:58 - 0:16:39 - Running average train loss is 0.701080412864685 at epoch 565
INFO - 01/24/26 10:06:58 - 0:16:39 - At 566-th epoch with lr 0.000532.
INFO - 01/24/26 10:07:00 - 0:16:41 - Running average train loss is 0.7017288541793824 at epoch 566
INFO - 01/24/26 10:07:00 - 0:16:41 - At 567-th epoch with lr 0.000531.
INFO - 01/24/26 10:07:02 - 0:16:42 - Running average train loss is 0.7018319988250732 at epoch 567
INFO - 01/24/26 10:07:02 - 0:16:42 - At 568-th epoch with lr 0.000531.
INFO - 01/24/26 10:07:03 - 0:16:44 - Running average train loss is 0.701369755268097 at epoch 568
INFO - 01/24/26 10:07:03 - 0:16:44 - At 569-th epoch with lr 0.000530.
INFO - 01/24/26 10:07:05 - 0:16:46 - Running average train loss is 0.7011008048057557 at epoch 569
INFO - 01/24/26 10:07:05 - 0:16:46 - At 570-th epoch with lr 0.000530.
INFO - 01/24/26 10:07:07 - 0:16:47 - Running average train loss is 0.7014608001708984 at epoch 570
INFO - 01/24/26 10:07:07 - 0:16:47 - At 571-th epoch with lr 0.000529.
INFO - 01/24/26 10:07:08 - 0:16:49 - Running average train loss is 0.7013341188430786 at epoch 571
INFO - 01/24/26 10:07:08 - 0:16:49 - At 572-th epoch with lr 0.000529.
INFO - 01/24/26 10:07:10 - 0:16:51 - Running average train loss is 0.7012835359573364 at epoch 572
INFO - 01/24/26 10:07:10 - 0:16:51 - At 573-th epoch with lr 0.000528.
INFO - 01/24/26 10:07:12 - 0:16:53 - Running average train loss is 0.7012876105308533 at epoch 573
INFO - 01/24/26 10:07:12 - 0:16:53 - At 574-th epoch with lr 0.000528.
INFO - 01/24/26 10:07:13 - 0:16:54 - Running average train loss is 0.7015072727203369 at epoch 574
INFO - 01/24/26 10:07:13 - 0:16:54 - At 575-th epoch with lr 0.000528.
INFO - 01/24/26 10:07:15 - 0:16:56 - Running average train loss is 0.7012303161621094 at epoch 575
INFO - 01/24/26 10:07:15 - 0:16:56 - At 576-th epoch with lr 0.000527.
INFO - 01/24/26 10:07:17 - 0:16:58 - Running average train loss is 0.7015189957618714 at epoch 576
INFO - 01/24/26 10:07:17 - 0:16:58 - Average dev loss is 0.8227126598358154 at epoch 576
INFO - 01/24/26 10:07:17 - 0:16:58 - dev accuracy is 88.6 at epoch 576
INFO - 01/24/26 10:07:17 - 0:16:58 - dev average edit distance is 0.207 at epoch 576
INFO - 01/24/26 10:07:17 - 0:16:58 - At 577-th epoch with lr 0.000527.
INFO - 01/24/26 10:07:19 - 0:17:00 - Running average train loss is 0.7007908320426941 at epoch 577
INFO - 01/24/26 10:07:19 - 0:17:00 - At 578-th epoch with lr 0.000526.
INFO - 01/24/26 10:07:21 - 0:17:02 - Running average train loss is 0.7012776398658752 at epoch 578
INFO - 01/24/26 10:07:21 - 0:17:02 - At 579-th epoch with lr 0.000526.
INFO - 01/24/26 10:07:23 - 0:17:04 - Running average train loss is 0.7016853022575379 at epoch 579
INFO - 01/24/26 10:07:23 - 0:17:04 - At 580-th epoch with lr 0.000525.
INFO - 01/24/26 10:07:25 - 0:17:06 - Running average train loss is 0.7018219494819641 at epoch 580
INFO - 01/24/26 10:07:25 - 0:17:06 - At 581-th epoch with lr 0.000525.
INFO - 01/24/26 10:07:27 - 0:17:08 - Running average train loss is 0.7012104606628418 at epoch 581
INFO - 01/24/26 10:07:27 - 0:17:08 - At 582-th epoch with lr 0.000524.
INFO - 01/24/26 10:07:29 - 0:17:09 - Running average train loss is 0.7014058828353882 at epoch 582
INFO - 01/24/26 10:07:29 - 0:17:09 - At 583-th epoch with lr 0.000524.
INFO - 01/24/26 10:07:30 - 0:17:11 - Running average train loss is 0.7018647122383118 at epoch 583
INFO - 01/24/26 10:07:30 - 0:17:11 - At 584-th epoch with lr 0.000523.
INFO - 01/24/26 10:07:32 - 0:17:13 - Running average train loss is 0.7012722682952881 at epoch 584
INFO - 01/24/26 10:07:32 - 0:17:13 - At 585-th epoch with lr 0.000523.
INFO - 01/24/26 10:07:34 - 0:17:15 - Running average train loss is 0.701386992931366 at epoch 585
INFO - 01/24/26 10:07:34 - 0:17:15 - At 586-th epoch with lr 0.000523.
INFO - 01/24/26 10:07:36 - 0:17:16 - Running average train loss is 0.7012305140495301 at epoch 586
INFO - 01/24/26 10:07:36 - 0:17:16 - At 587-th epoch with lr 0.000522.
INFO - 01/24/26 10:07:37 - 0:17:18 - Running average train loss is 0.701457633972168 at epoch 587
INFO - 01/24/26 10:07:37 - 0:17:18 - At 588-th epoch with lr 0.000522.
INFO - 01/24/26 10:07:39 - 0:17:20 - Running average train loss is 0.7012860536575317 at epoch 588
INFO - 01/24/26 10:07:39 - 0:17:20 - At 589-th epoch with lr 0.000521.
INFO - 01/24/26 10:07:41 - 0:17:22 - Running average train loss is 0.7012583088874816 at epoch 589
INFO - 01/24/26 10:07:41 - 0:17:22 - At 590-th epoch with lr 0.000521.
INFO - 01/24/26 10:07:43 - 0:17:24 - Running average train loss is 0.7011167073249817 at epoch 590
INFO - 01/24/26 10:07:43 - 0:17:24 - At 591-th epoch with lr 0.000520.
INFO - 01/24/26 10:07:45 - 0:17:26 - Running average train loss is 0.7010250544548035 at epoch 591
INFO - 01/24/26 10:07:45 - 0:17:26 - At 592-th epoch with lr 0.000520.
INFO - 01/24/26 10:07:47 - 0:17:28 - Running average train loss is 0.7012411952018738 at epoch 592
INFO - 01/24/26 10:07:47 - 0:17:28 - Average dev loss is 0.8286871115366617 at epoch 592
INFO - 01/24/26 10:07:47 - 0:17:28 - dev accuracy is 84.7 at epoch 592
INFO - 01/24/26 10:07:47 - 0:17:28 - dev average edit distance is 0.302 at epoch 592
INFO - 01/24/26 10:07:47 - 0:17:28 - At 593-th epoch with lr 0.000519.
INFO - 01/24/26 10:07:49 - 0:17:30 - Running average train loss is 0.7009298825263977 at epoch 593
INFO - 01/24/26 10:07:49 - 0:17:30 - At 594-th epoch with lr 0.000519.
INFO - 01/24/26 10:07:51 - 0:17:32 - Running average train loss is 0.701664502620697 at epoch 594
INFO - 01/24/26 10:07:51 - 0:17:32 - At 595-th epoch with lr 0.000519.
INFO - 01/24/26 10:07:53 - 0:17:34 - Running average train loss is 0.7005947208404542 at epoch 595
INFO - 01/24/26 10:07:53 - 0:17:34 - At 596-th epoch with lr 0.000518.
INFO - 01/24/26 10:07:55 - 0:17:36 - Running average train loss is 0.7008438920974731 at epoch 596
INFO - 01/24/26 10:07:55 - 0:17:36 - At 597-th epoch with lr 0.000518.
INFO - 01/24/26 10:07:57 - 0:17:38 - Running average train loss is 0.7011147928237915 at epoch 597
INFO - 01/24/26 10:07:57 - 0:17:38 - At 598-th epoch with lr 0.000517.
INFO - 01/24/26 10:07:58 - 0:17:39 - Running average train loss is 0.7013718509674072 at epoch 598
INFO - 01/24/26 10:07:58 - 0:17:39 - At 599-th epoch with lr 0.000517.
INFO - 01/24/26 10:08:00 - 0:17:41 - Running average train loss is 0.7013617658615112 at epoch 599
INFO - 01/24/26 10:08:00 - 0:17:41 - At 600-th epoch with lr 0.000516.
INFO - 01/24/26 10:08:02 - 0:17:43 - Running average train loss is 0.7008845400810242 at epoch 600
INFO - 01/24/26 10:08:02 - 0:17:43 - At 601-th epoch with lr 0.000516.
INFO - 01/24/26 10:08:04 - 0:17:45 - Running average train loss is 0.7016382002830506 at epoch 601
INFO - 01/24/26 10:08:04 - 0:17:45 - At 602-th epoch with lr 0.000516.
INFO - 01/24/26 10:08:05 - 0:17:46 - Running average train loss is 0.7007570815086365 at epoch 602
INFO - 01/24/26 10:08:05 - 0:17:46 - At 603-th epoch with lr 0.000515.
INFO - 01/24/26 10:08:07 - 0:17:48 - Running average train loss is 0.7007030010223388 at epoch 603
INFO - 01/24/26 10:08:07 - 0:17:48 - At 604-th epoch with lr 0.000515.
INFO - 01/24/26 10:08:09 - 0:17:50 - Running average train loss is 0.7011646652221679 at epoch 604
INFO - 01/24/26 10:08:09 - 0:17:50 - At 605-th epoch with lr 0.000514.
INFO - 01/24/26 10:08:10 - 0:17:51 - Running average train loss is 0.701118221282959 at epoch 605
INFO - 01/24/26 10:08:10 - 0:17:51 - At 606-th epoch with lr 0.000514.
INFO - 01/24/26 10:08:12 - 0:17:53 - Running average train loss is 0.7012082982063294 at epoch 606
INFO - 01/24/26 10:08:12 - 0:17:53 - At 607-th epoch with lr 0.000513.
INFO - 01/24/26 10:08:14 - 0:17:55 - Running average train loss is 0.7011470413208007 at epoch 607
INFO - 01/24/26 10:08:14 - 0:17:55 - At 608-th epoch with lr 0.000513.
INFO - 01/24/26 10:08:16 - 0:17:57 - Running average train loss is 0.7010642528533936 at epoch 608
INFO - 01/24/26 10:08:16 - 0:17:57 - Average dev loss is 0.8182467222213745 at epoch 608
INFO - 01/24/26 10:08:16 - 0:17:57 - dev accuracy is 88.6 at epoch 608
INFO - 01/24/26 10:08:16 - 0:17:57 - dev average edit distance is 0.204 at epoch 608
INFO - 01/24/26 10:08:16 - 0:17:57 - At 609-th epoch with lr 0.000513.
INFO - 01/24/26 10:08:18 - 0:17:59 - Running average train loss is 0.7010425090789795 at epoch 609
INFO - 01/24/26 10:08:18 - 0:17:59 - At 610-th epoch with lr 0.000512.
INFO - 01/24/26 10:08:20 - 0:18:01 - Running average train loss is 0.7011227655410767 at epoch 610
INFO - 01/24/26 10:08:20 - 0:18:01 - At 611-th epoch with lr 0.000512.
INFO - 01/24/26 10:08:22 - 0:18:03 - Running average train loss is 0.7009414839744568 at epoch 611
INFO - 01/24/26 10:08:22 - 0:18:03 - At 612-th epoch with lr 0.000511.
INFO - 01/24/26 10:08:23 - 0:18:04 - Running average train loss is 0.7012718915939331 at epoch 612
INFO - 01/24/26 10:08:23 - 0:18:04 - At 613-th epoch with lr 0.000511.
INFO - 01/24/26 10:08:25 - 0:18:06 - Running average train loss is 0.7010473823547363 at epoch 613
INFO - 01/24/26 10:08:25 - 0:18:06 - At 614-th epoch with lr 0.000510.
INFO - 01/24/26 10:08:27 - 0:18:08 - Running average train loss is 0.7006930232048034 at epoch 614
INFO - 01/24/26 10:08:27 - 0:18:08 - At 615-th epoch with lr 0.000510.
INFO - 01/24/26 10:08:29 - 0:18:09 - Running average train loss is 0.7010825729370117 at epoch 615
INFO - 01/24/26 10:08:29 - 0:18:09 - At 616-th epoch with lr 0.000510.
INFO - 01/24/26 10:08:30 - 0:18:11 - Running average train loss is 0.7012248849868774 at epoch 616
INFO - 01/24/26 10:08:30 - 0:18:11 - At 617-th epoch with lr 0.000509.
INFO - 01/24/26 10:08:32 - 0:18:13 - Running average train loss is 0.7008140230178833 at epoch 617
INFO - 01/24/26 10:08:32 - 0:18:13 - At 618-th epoch with lr 0.000509.
INFO - 01/24/26 10:08:34 - 0:18:14 - Running average train loss is 0.7006812906265258 at epoch 618
INFO - 01/24/26 10:08:34 - 0:18:14 - At 619-th epoch with lr 0.000508.
INFO - 01/24/26 10:08:35 - 0:18:16 - Running average train loss is 0.7010147786140442 at epoch 619
INFO - 01/24/26 10:08:35 - 0:18:16 - At 620-th epoch with lr 0.000508.
INFO - 01/24/26 10:08:37 - 0:18:17 - Running average train loss is 0.7009681272506714 at epoch 620
INFO - 01/24/26 10:08:37 - 0:18:17 - At 621-th epoch with lr 0.000508.
INFO - 01/24/26 10:08:38 - 0:18:19 - Running average train loss is 0.7009548926353455 at epoch 621
INFO - 01/24/26 10:08:38 - 0:18:19 - At 622-th epoch with lr 0.000507.
INFO - 01/24/26 10:08:40 - 0:18:21 - Running average train loss is 0.7009755206108094 at epoch 622
INFO - 01/24/26 10:08:40 - 0:18:21 - At 623-th epoch with lr 0.000507.
INFO - 01/24/26 10:08:41 - 0:18:22 - Running average train loss is 0.7011376905441284 at epoch 623
INFO - 01/24/26 10:08:41 - 0:18:22 - At 624-th epoch with lr 0.000506.
INFO - 01/24/26 10:08:43 - 0:18:24 - Running average train loss is 0.7014112949371338 at epoch 624
INFO - 01/24/26 10:08:43 - 0:18:24 - Average dev loss is 0.8235806822776794 at epoch 624
INFO - 01/24/26 10:08:43 - 0:18:24 - dev accuracy is 86.5 at epoch 624
INFO - 01/24/26 10:08:43 - 0:18:24 - dev average edit distance is 0.254 at epoch 624
INFO - 01/24/26 10:08:43 - 0:18:24 - At 625-th epoch with lr 0.000506.
INFO - 01/24/26 10:08:45 - 0:18:26 - Running average train loss is 0.7006987357139587 at epoch 625
INFO - 01/24/26 10:08:45 - 0:18:26 - At 626-th epoch with lr 0.000506.
INFO - 01/24/26 10:08:47 - 0:18:27 - Running average train loss is 0.7008922624588013 at epoch 626
INFO - 01/24/26 10:08:47 - 0:18:27 - At 627-th epoch with lr 0.000505.
INFO - 01/24/26 10:08:48 - 0:18:29 - Running average train loss is 0.7006584453582764 at epoch 627
INFO - 01/24/26 10:08:48 - 0:18:29 - At 628-th epoch with lr 0.000505.
INFO - 01/24/26 10:08:50 - 0:18:31 - Running average train loss is 0.7008674502372741 at epoch 628
INFO - 01/24/26 10:08:50 - 0:18:31 - At 629-th epoch with lr 0.000504.
INFO - 01/24/26 10:08:51 - 0:18:32 - Running average train loss is 0.7010453295707703 at epoch 629
INFO - 01/24/26 10:08:51 - 0:18:32 - At 630-th epoch with lr 0.000504.
INFO - 01/24/26 10:08:53 - 0:18:34 - Running average train loss is 0.7009682583808899 at epoch 630
INFO - 01/24/26 10:08:53 - 0:18:34 - At 631-th epoch with lr 0.000504.
INFO - 01/24/26 10:08:55 - 0:18:35 - Running average train loss is 0.7009974193572998 at epoch 631
INFO - 01/24/26 10:08:55 - 0:18:35 - At 632-th epoch with lr 0.000503.
INFO - 01/24/26 10:08:56 - 0:18:37 - Running average train loss is 0.7010883617401124 at epoch 632
INFO - 01/24/26 10:08:56 - 0:18:37 - At 633-th epoch with lr 0.000503.
INFO - 01/24/26 10:08:58 - 0:18:39 - Running average train loss is 0.7007948160171509 at epoch 633
INFO - 01/24/26 10:08:58 - 0:18:39 - At 634-th epoch with lr 0.000502.
INFO - 01/24/26 10:08:59 - 0:18:40 - Running average train loss is 0.700940010547638 at epoch 634
INFO - 01/24/26 10:08:59 - 0:18:40 - At 635-th epoch with lr 0.000502.
INFO - 01/24/26 10:09:01 - 0:18:42 - Running average train loss is 0.7009368157386779 at epoch 635
INFO - 01/24/26 10:09:01 - 0:18:42 - At 636-th epoch with lr 0.000502.
INFO - 01/24/26 10:09:03 - 0:18:43 - Running average train loss is 0.7009819006919861 at epoch 636
INFO - 01/24/26 10:09:03 - 0:18:43 - At 637-th epoch with lr 0.000501.
INFO - 01/24/26 10:09:04 - 0:18:45 - Running average train loss is 0.7010175371170044 at epoch 637
INFO - 01/24/26 10:09:04 - 0:18:45 - At 638-th epoch with lr 0.000501.
INFO - 01/24/26 10:09:06 - 0:18:46 - Running average train loss is 0.7010997986793518 at epoch 638
INFO - 01/24/26 10:09:06 - 0:18:46 - At 639-th epoch with lr 0.000500.
INFO - 01/24/26 10:09:07 - 0:18:48 - Running average train loss is 0.7003924369812011 at epoch 639
INFO - 01/24/26 10:09:07 - 0:18:48 - At 640-th epoch with lr 0.000500.
INFO - 01/24/26 10:09:09 - 0:18:50 - Running average train loss is 0.7007554483413696 at epoch 640
INFO - 01/24/26 10:09:09 - 0:18:50 - Average dev loss is 0.8334475954373678 at epoch 640
INFO - 01/24/26 10:09:09 - 0:18:50 - dev accuracy is 85.2 at epoch 640
INFO - 01/24/26 10:09:09 - 0:18:50 - dev average edit distance is 0.306 at epoch 640
INFO - 01/24/26 10:09:09 - 0:18:50 - At 641-th epoch with lr 0.000500.
INFO - 01/24/26 10:09:11 - 0:18:52 - Running average train loss is 0.7006765604019165 at epoch 641
INFO - 01/24/26 10:09:11 - 0:18:52 - At 642-th epoch with lr 0.000499.
INFO - 01/24/26 10:09:13 - 0:18:53 - Running average train loss is 0.7005227756500244 at epoch 642
INFO - 01/24/26 10:09:13 - 0:18:53 - At 643-th epoch with lr 0.000499.
INFO - 01/24/26 10:09:14 - 0:18:55 - Running average train loss is 0.7012019395828247 at epoch 643
INFO - 01/24/26 10:09:14 - 0:18:55 - At 644-th epoch with lr 0.000498.
INFO - 01/24/26 10:09:16 - 0:18:57 - Running average train loss is 0.7005996561050415 at epoch 644
INFO - 01/24/26 10:09:16 - 0:18:57 - At 645-th epoch with lr 0.000498.
INFO - 01/24/26 10:09:17 - 0:18:58 - Running average train loss is 0.7007029986381531 at epoch 645
INFO - 01/24/26 10:09:17 - 0:18:58 - At 646-th epoch with lr 0.000498.
INFO - 01/24/26 10:09:19 - 0:19:00 - Running average train loss is 0.7008238196372986 at epoch 646
INFO - 01/24/26 10:09:19 - 0:19:00 - At 647-th epoch with lr 0.000497.
INFO - 01/24/26 10:09:20 - 0:19:01 - Running average train loss is 0.7007910585403443 at epoch 647
INFO - 01/24/26 10:09:20 - 0:19:01 - At 648-th epoch with lr 0.000497.
INFO - 01/24/26 10:09:22 - 0:19:03 - Running average train loss is 0.7011006498336791 at epoch 648
INFO - 01/24/26 10:09:22 - 0:19:03 - At 649-th epoch with lr 0.000497.
INFO - 01/24/26 10:09:24 - 0:19:04 - Running average train loss is 0.7013074350357056 at epoch 649
INFO - 01/24/26 10:09:24 - 0:19:04 - At 650-th epoch with lr 0.000496.
INFO - 01/24/26 10:09:25 - 0:19:06 - Running average train loss is 0.7012686681747436 at epoch 650
INFO - 01/24/26 10:09:25 - 0:19:06 - At 651-th epoch with lr 0.000496.
INFO - 01/24/26 10:09:27 - 0:19:08 - Running average train loss is 0.7013213944435119 at epoch 651
INFO - 01/24/26 10:09:27 - 0:19:08 - At 652-th epoch with lr 0.000495.
INFO - 01/24/26 10:09:28 - 0:19:09 - Running average train loss is 0.70079425573349 at epoch 652
INFO - 01/24/26 10:09:28 - 0:19:09 - At 653-th epoch with lr 0.000495.
INFO - 01/24/26 10:09:30 - 0:19:11 - Running average train loss is 0.7005514597892761 at epoch 653
INFO - 01/24/26 10:09:30 - 0:19:11 - At 654-th epoch with lr 0.000495.
INFO - 01/24/26 10:09:32 - 0:19:12 - Running average train loss is 0.7011061477661132 at epoch 654
INFO - 01/24/26 10:09:32 - 0:19:12 - At 655-th epoch with lr 0.000494.
INFO - 01/24/26 10:09:33 - 0:19:14 - Running average train loss is 0.7003385543823242 at epoch 655
INFO - 01/24/26 10:09:33 - 0:19:14 - At 656-th epoch with lr 0.000494.
INFO - 01/24/26 10:09:35 - 0:19:16 - Running average train loss is 0.7009209227561951 at epoch 656
INFO - 01/24/26 10:09:35 - 0:19:16 - Average dev loss is 0.8284887075424194 at epoch 656
INFO - 01/24/26 10:09:35 - 0:19:16 - dev accuracy is 84.5 at epoch 656
INFO - 01/24/26 10:09:35 - 0:19:16 - dev average edit distance is 0.265 at epoch 656
INFO - 01/24/26 10:09:35 - 0:19:16 - At 657-th epoch with lr 0.000493.
INFO - 01/24/26 10:09:37 - 0:19:18 - Running average train loss is 0.7007789731025695 at epoch 657
INFO - 01/24/26 10:09:37 - 0:19:18 - At 658-th epoch with lr 0.000493.
INFO - 01/24/26 10:09:38 - 0:19:19 - Running average train loss is 0.7007088375091552 at epoch 658
INFO - 01/24/26 10:09:38 - 0:19:19 - At 659-th epoch with lr 0.000493.
INFO - 01/24/26 10:09:40 - 0:19:21 - Running average train loss is 0.7013744306564331 at epoch 659
INFO - 01/24/26 10:09:40 - 0:19:21 - At 660-th epoch with lr 0.000492.
INFO - 01/24/26 10:09:41 - 0:19:22 - Running average train loss is 0.700838930606842 at epoch 660
INFO - 01/24/26 10:09:41 - 0:19:22 - At 661-th epoch with lr 0.000492.
INFO - 01/24/26 10:09:43 - 0:19:24 - Running average train loss is 0.7005219340324402 at epoch 661
INFO - 01/24/26 10:09:43 - 0:19:24 - At 662-th epoch with lr 0.000492.
INFO - 01/24/26 10:09:45 - 0:19:25 - Running average train loss is 0.70094899892807 at epoch 662
INFO - 01/24/26 10:09:45 - 0:19:25 - At 663-th epoch with lr 0.000491.
INFO - 01/24/26 10:09:46 - 0:19:27 - Running average train loss is 0.700646595954895 at epoch 663
INFO - 01/24/26 10:09:46 - 0:19:27 - At 664-th epoch with lr 0.000491.
INFO - 01/24/26 10:09:48 - 0:19:29 - Running average train loss is 0.7003251433372497 at epoch 664
INFO - 01/24/26 10:09:48 - 0:19:29 - At 665-th epoch with lr 0.000491.
INFO - 01/24/26 10:09:49 - 0:19:30 - Running average train loss is 0.7008992648124694 at epoch 665
INFO - 01/24/26 10:09:49 - 0:19:30 - At 666-th epoch with lr 0.000490.
INFO - 01/24/26 10:09:51 - 0:19:32 - Running average train loss is 0.7011046576499939 at epoch 666
INFO - 01/24/26 10:09:51 - 0:19:32 - At 667-th epoch with lr 0.000490.
INFO - 01/24/26 10:09:52 - 0:19:33 - Running average train loss is 0.6999885654449463 at epoch 667
INFO - 01/24/26 10:09:52 - 0:19:33 - At 668-th epoch with lr 0.000489.
INFO - 01/24/26 10:09:54 - 0:19:35 - Running average train loss is 0.7010514926910401 at epoch 668
INFO - 01/24/26 10:09:54 - 0:19:35 - At 669-th epoch with lr 0.000489.
INFO - 01/24/26 10:09:56 - 0:19:37 - Running average train loss is 0.7013964557647705 at epoch 669
INFO - 01/24/26 10:09:56 - 0:19:37 - At 670-th epoch with lr 0.000489.
INFO - 01/24/26 10:09:57 - 0:19:38 - Running average train loss is 0.7011509609222412 at epoch 670
INFO - 01/24/26 10:09:57 - 0:19:38 - At 671-th epoch with lr 0.000488.
INFO - 01/24/26 10:09:59 - 0:19:40 - Running average train loss is 0.7011019802093506 at epoch 671
INFO - 01/24/26 10:09:59 - 0:19:40 - At 672-th epoch with lr 0.000488.
INFO - 01/24/26 10:10:01 - 0:19:42 - Running average train loss is 0.7011518836021423 at epoch 672
INFO - 01/24/26 10:10:01 - 0:19:42 - Average dev loss is 0.8334990541140238 at epoch 672
INFO - 01/24/26 10:10:01 - 0:19:42 - dev accuracy is 84.6 at epoch 672
INFO - 01/24/26 10:10:01 - 0:19:42 - dev average edit distance is 0.27 at epoch 672
INFO - 01/24/26 10:10:01 - 0:19:42 - At 673-th epoch with lr 0.000488.
INFO - 01/24/26 10:10:03 - 0:19:44 - Running average train loss is 0.7008598065376281 at epoch 673
INFO - 01/24/26 10:10:03 - 0:19:44 - At 674-th epoch with lr 0.000487.
INFO - 01/24/26 10:10:05 - 0:19:45 - Running average train loss is 0.7007697987556457 at epoch 674
INFO - 01/24/26 10:10:05 - 0:19:45 - At 675-th epoch with lr 0.000487.
INFO - 01/24/26 10:10:06 - 0:19:47 - Running average train loss is 0.7006767392158508 at epoch 675
INFO - 01/24/26 10:10:06 - 0:19:47 - At 676-th epoch with lr 0.000487.
INFO - 01/24/26 10:10:08 - 0:19:49 - Running average train loss is 0.7006122374534607 at epoch 676
INFO - 01/24/26 10:10:08 - 0:19:49 - At 677-th epoch with lr 0.000486.
INFO - 01/24/26 10:10:10 - 0:19:51 - Running average train loss is 0.7003642439842224 at epoch 677
INFO - 01/24/26 10:10:10 - 0:19:51 - At 678-th epoch with lr 0.000486.
INFO - 01/24/26 10:10:11 - 0:19:52 - Running average train loss is 0.7008316421508789 at epoch 678
INFO - 01/24/26 10:10:11 - 0:19:52 - At 679-th epoch with lr 0.000485.
INFO - 01/24/26 10:10:13 - 0:19:54 - Running average train loss is 0.7005930256843567 at epoch 679
INFO - 01/24/26 10:10:13 - 0:19:54 - At 680-th epoch with lr 0.000485.
INFO - 01/24/26 10:10:15 - 0:19:56 - Running average train loss is 0.7007072186470031 at epoch 680
INFO - 01/24/26 10:10:15 - 0:19:56 - At 681-th epoch with lr 0.000485.
INFO - 01/24/26 10:10:16 - 0:19:57 - Running average train loss is 0.7005412793159485 at epoch 681
INFO - 01/24/26 10:10:16 - 0:19:57 - At 682-th epoch with lr 0.000484.
INFO - 01/24/26 10:10:18 - 0:19:59 - Running average train loss is 0.7003351473808288 at epoch 682
INFO - 01/24/26 10:10:18 - 0:19:59 - At 683-th epoch with lr 0.000484.
INFO - 01/24/26 10:10:20 - 0:20:01 - Running average train loss is 0.7006354093551636 at epoch 683
INFO - 01/24/26 10:10:20 - 0:20:01 - At 684-th epoch with lr 0.000484.
INFO - 01/24/26 10:10:22 - 0:20:02 - Running average train loss is 0.7007845592498779 at epoch 684
INFO - 01/24/26 10:10:22 - 0:20:02 - At 685-th epoch with lr 0.000483.
INFO - 01/24/26 10:10:23 - 0:20:04 - Running average train loss is 0.7007730412483215 at epoch 685
INFO - 01/24/26 10:10:23 - 0:20:04 - At 686-th epoch with lr 0.000483.
INFO - 01/24/26 10:10:25 - 0:20:06 - Running average train loss is 0.7011377143859864 at epoch 686
INFO - 01/24/26 10:10:25 - 0:20:06 - At 687-th epoch with lr 0.000483.
INFO - 01/24/26 10:10:27 - 0:20:07 - Running average train loss is 0.700134174823761 at epoch 687
INFO - 01/24/26 10:10:27 - 0:20:07 - At 688-th epoch with lr 0.000482.
INFO - 01/24/26 10:10:28 - 0:20:09 - Running average train loss is 0.7004326558113099 at epoch 688
INFO - 01/24/26 10:10:28 - 0:20:09 - Average dev loss is 0.8234951297442118 at epoch 688
INFO - 01/24/26 10:10:29 - 0:20:10 - dev accuracy is 86.8 at epoch 688
INFO - 01/24/26 10:10:29 - 0:20:10 - dev average edit distance is 0.232 at epoch 688
INFO - 01/24/26 10:10:29 - 0:20:10 - At 689-th epoch with lr 0.000482.
INFO - 01/24/26 10:10:30 - 0:20:11 - Running average train loss is 0.7009159064292908 at epoch 689
INFO - 01/24/26 10:10:30 - 0:20:11 - At 690-th epoch with lr 0.000482.
INFO - 01/24/26 10:10:32 - 0:20:13 - Running average train loss is 0.7011558580398559 at epoch 690
INFO - 01/24/26 10:10:32 - 0:20:13 - At 691-th epoch with lr 0.000481.
INFO - 01/24/26 10:10:34 - 0:20:15 - Running average train loss is 0.7006823229789734 at epoch 691
INFO - 01/24/26 10:10:34 - 0:20:15 - At 692-th epoch with lr 0.000481.
INFO - 01/24/26 10:10:36 - 0:20:16 - Running average train loss is 0.7006586956977844 at epoch 692
INFO - 01/24/26 10:10:36 - 0:20:16 - At 693-th epoch with lr 0.000480.
INFO - 01/24/26 10:10:37 - 0:20:18 - Running average train loss is 0.7006174373626709 at epoch 693
INFO - 01/24/26 10:10:37 - 0:20:18 - At 694-th epoch with lr 0.000480.
INFO - 01/24/26 10:10:39 - 0:20:20 - Running average train loss is 0.7004877877235413 at epoch 694
INFO - 01/24/26 10:10:39 - 0:20:20 - At 695-th epoch with lr 0.000480.
INFO - 01/24/26 10:10:41 - 0:20:21 - Running average train loss is 0.7006314659118652 at epoch 695
INFO - 01/24/26 10:10:41 - 0:20:21 - At 696-th epoch with lr 0.000479.
INFO - 01/24/26 10:10:42 - 0:20:23 - Running average train loss is 0.7012742185592651 at epoch 696
INFO - 01/24/26 10:10:42 - 0:20:23 - At 697-th epoch with lr 0.000479.
INFO - 01/24/26 10:10:44 - 0:20:25 - Running average train loss is 0.7009356117248535 at epoch 697
INFO - 01/24/26 10:10:44 - 0:20:25 - At 698-th epoch with lr 0.000479.
INFO - 01/24/26 10:10:46 - 0:20:27 - Running average train loss is 0.7005831217765808 at epoch 698
INFO - 01/24/26 10:10:46 - 0:20:27 - At 699-th epoch with lr 0.000478.
INFO - 01/24/26 10:10:47 - 0:20:28 - Running average train loss is 0.7004723525047303 at epoch 699
INFO - 01/24/26 10:10:47 - 0:20:28 - At 700-th epoch with lr 0.000478.
INFO - 01/24/26 10:10:49 - 0:20:30 - Running average train loss is 0.7008125114440918 at epoch 700
INFO - 01/24/26 10:10:49 - 0:20:30 - At 701-th epoch with lr 0.000478.
INFO - 01/24/26 10:10:51 - 0:20:32 - Running average train loss is 0.7005541777610779 at epoch 701
INFO - 01/24/26 10:10:51 - 0:20:32 - At 702-th epoch with lr 0.000477.
INFO - 01/24/26 10:10:52 - 0:20:33 - Running average train loss is 0.700648057460785 at epoch 702
INFO - 01/24/26 10:10:52 - 0:20:33 - At 703-th epoch with lr 0.000477.
INFO - 01/24/26 10:10:54 - 0:20:35 - Running average train loss is 0.7007962965965271 at epoch 703
INFO - 01/24/26 10:10:54 - 0:20:35 - At 704-th epoch with lr 0.000477.
INFO - 01/24/26 10:10:56 - 0:20:37 - Running average train loss is 0.7008038806915283 at epoch 704
INFO - 01/24/26 10:10:56 - 0:20:37 - Average dev loss is 0.8289632201194763 at epoch 704
INFO - 01/24/26 10:10:56 - 0:20:37 - dev accuracy is 86.0 at epoch 704
INFO - 01/24/26 10:10:56 - 0:20:37 - dev average edit distance is 0.254 at epoch 704
INFO - 01/24/26 10:10:56 - 0:20:37 - At 705-th epoch with lr 0.000476.
INFO - 01/24/26 10:10:58 - 0:20:39 - Running average train loss is 0.700209493637085 at epoch 705
INFO - 01/24/26 10:10:58 - 0:20:39 - At 706-th epoch with lr 0.000476.
INFO - 01/24/26 10:11:00 - 0:20:41 - Running average train loss is 0.7007960319519043 at epoch 706
INFO - 01/24/26 10:11:00 - 0:20:41 - At 707-th epoch with lr 0.000476.
INFO - 01/24/26 10:11:01 - 0:20:42 - Running average train loss is 0.7003239178657532 at epoch 707
INFO - 01/24/26 10:11:01 - 0:20:42 - At 708-th epoch with lr 0.000475.
INFO - 01/24/26 10:11:03 - 0:20:44 - Running average train loss is 0.7003234148025512 at epoch 708
INFO - 01/24/26 10:11:03 - 0:20:44 - At 709-th epoch with lr 0.000475.
INFO - 01/24/26 10:11:05 - 0:20:46 - Running average train loss is 0.7006383395195007 at epoch 709
INFO - 01/24/26 10:11:05 - 0:20:46 - At 710-th epoch with lr 0.000475.
INFO - 01/24/26 10:11:06 - 0:20:47 - Running average train loss is 0.7006355452537537 at epoch 710
INFO - 01/24/26 10:11:06 - 0:20:47 - At 711-th epoch with lr 0.000474.
INFO - 01/24/26 10:11:08 - 0:20:49 - Running average train loss is 0.700533103942871 at epoch 711
INFO - 01/24/26 10:11:08 - 0:20:49 - At 712-th epoch with lr 0.000474.
INFO - 01/24/26 10:11:10 - 0:20:51 - Running average train loss is 0.7004014301300049 at epoch 712
INFO - 01/24/26 10:11:10 - 0:20:51 - At 713-th epoch with lr 0.000474.
INFO - 01/24/26 10:11:12 - 0:20:52 - Running average train loss is 0.700652174949646 at epoch 713
INFO - 01/24/26 10:11:12 - 0:20:52 - At 714-th epoch with lr 0.000473.
INFO - 01/24/26 10:11:13 - 0:20:54 - Running average train loss is 0.7002079820632935 at epoch 714
INFO - 01/24/26 10:11:13 - 0:20:54 - At 715-th epoch with lr 0.000473.
INFO - 01/24/26 10:11:15 - 0:20:56 - Running average train loss is 0.7003661942481995 at epoch 715
INFO - 01/24/26 10:11:15 - 0:20:56 - At 716-th epoch with lr 0.000473.
INFO - 01/24/26 10:11:17 - 0:20:57 - Running average train loss is 0.7005614733695984 at epoch 716
INFO - 01/24/26 10:11:17 - 0:20:57 - At 717-th epoch with lr 0.000472.
INFO - 01/24/26 10:11:18 - 0:20:59 - Running average train loss is 0.7012494730949402 at epoch 717
INFO - 01/24/26 10:11:18 - 0:20:59 - At 718-th epoch with lr 0.000472.
INFO - 01/24/26 10:11:20 - 0:21:01 - Running average train loss is 0.7004890036582947 at epoch 718
INFO - 01/24/26 10:11:20 - 0:21:01 - At 719-th epoch with lr 0.000472.
INFO - 01/24/26 10:11:22 - 0:21:03 - Running average train loss is 0.7006650710105896 at epoch 719
INFO - 01/24/26 10:11:22 - 0:21:03 - At 720-th epoch with lr 0.000471.
INFO - 01/24/26 10:11:23 - 0:21:04 - Running average train loss is 0.7007036423683166 at epoch 720
INFO - 01/24/26 10:11:24 - 0:21:04 - Average dev loss is 0.8266833027203878 at epoch 720
INFO - 01/24/26 10:11:24 - 0:21:05 - dev accuracy is 85.9 at epoch 720
INFO - 01/24/26 10:11:24 - 0:21:05 - dev average edit distance is 0.251 at epoch 720
INFO - 01/24/26 10:11:24 - 0:21:05 - At 721-th epoch with lr 0.000471.
INFO - 01/24/26 10:11:26 - 0:21:07 - Running average train loss is 0.7005871629714966 at epoch 721
INFO - 01/24/26 10:11:26 - 0:21:07 - At 722-th epoch with lr 0.000471.
INFO - 01/24/26 10:11:27 - 0:21:08 - Running average train loss is 0.7010029196739197 at epoch 722
INFO - 01/24/26 10:11:27 - 0:21:08 - At 723-th epoch with lr 0.000470.
INFO - 01/24/26 10:11:29 - 0:21:10 - Running average train loss is 0.7005530881881714 at epoch 723
INFO - 01/24/26 10:11:29 - 0:21:10 - At 724-th epoch with lr 0.000470.
INFO - 01/24/26 10:11:31 - 0:21:12 - Running average train loss is 0.7008050656318665 at epoch 724
INFO - 01/24/26 10:11:31 - 0:21:12 - At 725-th epoch with lr 0.000470.
INFO - 01/24/26 10:11:33 - 0:21:14 - Running average train loss is 0.7005354571342468 at epoch 725
INFO - 01/24/26 10:11:33 - 0:21:14 - At 726-th epoch with lr 0.000469.
INFO - 01/24/26 10:11:35 - 0:21:15 - Running average train loss is 0.7007316160202026 at epoch 726
INFO - 01/24/26 10:11:35 - 0:21:15 - At 727-th epoch with lr 0.000469.
INFO - 01/24/26 10:11:36 - 0:21:17 - Running average train loss is 0.7005962657928467 at epoch 727
INFO - 01/24/26 10:11:36 - 0:21:17 - At 728-th epoch with lr 0.000469.
INFO - 01/24/26 10:11:38 - 0:21:19 - Running average train loss is 0.7004423117637635 at epoch 728
INFO - 01/24/26 10:11:38 - 0:21:19 - At 729-th epoch with lr 0.000468.
INFO - 01/24/26 10:11:40 - 0:21:20 - Running average train loss is 0.7002809071540832 at epoch 729
INFO - 01/24/26 10:11:40 - 0:21:20 - At 730-th epoch with lr 0.000468.
INFO - 01/24/26 10:11:41 - 0:21:22 - Running average train loss is 0.7001873707771301 at epoch 730
INFO - 01/24/26 10:11:41 - 0:21:22 - At 731-th epoch with lr 0.000468.
INFO - 01/24/26 10:11:43 - 0:21:24 - Running average train loss is 0.700417046546936 at epoch 731
INFO - 01/24/26 10:11:43 - 0:21:24 - At 732-th epoch with lr 0.000468.
INFO - 01/24/26 10:11:45 - 0:21:26 - Running average train loss is 0.7004606914520264 at epoch 732
INFO - 01/24/26 10:11:45 - 0:21:26 - At 733-th epoch with lr 0.000467.
INFO - 01/24/26 10:11:46 - 0:21:27 - Running average train loss is 0.7002288269996643 at epoch 733
INFO - 01/24/26 10:11:46 - 0:21:27 - At 734-th epoch with lr 0.000467.
INFO - 01/24/26 10:11:48 - 0:21:29 - Running average train loss is 0.7002229189872742 at epoch 734
INFO - 01/24/26 10:11:48 - 0:21:29 - At 735-th epoch with lr 0.000467.
INFO - 01/24/26 10:11:50 - 0:21:31 - Running average train loss is 0.7000728940963745 at epoch 735
INFO - 01/24/26 10:11:50 - 0:21:31 - At 736-th epoch with lr 0.000466.
INFO - 01/24/26 10:11:52 - 0:21:32 - Running average train loss is 0.7006141662597656 at epoch 736
INFO - 01/24/26 10:11:52 - 0:21:32 - Average dev loss is 0.8289927244186401 at epoch 736
INFO - 01/24/26 10:11:52 - 0:21:33 - dev accuracy is 85.3 at epoch 736
INFO - 01/24/26 10:11:52 - 0:21:33 - dev average edit distance is 0.266 at epoch 736
INFO - 01/24/26 10:11:52 - 0:21:33 - At 737-th epoch with lr 0.000466.
INFO - 01/24/26 10:11:54 - 0:21:35 - Running average train loss is 0.7004795074462891 at epoch 737
INFO - 01/24/26 10:11:54 - 0:21:35 - At 738-th epoch with lr 0.000466.
INFO - 01/24/26 10:11:56 - 0:21:37 - Running average train loss is 0.7008143997192383 at epoch 738
INFO - 01/24/26 10:11:56 - 0:21:37 - At 739-th epoch with lr 0.000465.
INFO - 01/24/26 10:11:57 - 0:21:38 - Running average train loss is 0.7008152484893799 at epoch 739
INFO - 01/24/26 10:11:57 - 0:21:38 - At 740-th epoch with lr 0.000465.
INFO - 01/24/26 10:11:59 - 0:21:40 - Running average train loss is 0.700155520439148 at epoch 740
INFO - 01/24/26 10:11:59 - 0:21:40 - At 741-th epoch with lr 0.000465.
INFO - 01/24/26 10:12:01 - 0:21:42 - Running average train loss is 0.7005616021156311 at epoch 741
INFO - 01/24/26 10:12:01 - 0:21:42 - At 742-th epoch with lr 0.000464.
INFO - 01/24/26 10:12:03 - 0:21:43 - Running average train loss is 0.7004609131813049 at epoch 742
INFO - 01/24/26 10:12:03 - 0:21:43 - At 743-th epoch with lr 0.000464.
INFO - 01/24/26 10:12:04 - 0:21:45 - Running average train loss is 0.7005159068107605 at epoch 743
INFO - 01/24/26 10:12:04 - 0:21:45 - At 744-th epoch with lr 0.000464.
INFO - 01/24/26 10:12:06 - 0:21:47 - Running average train loss is 0.7001098418235778 at epoch 744
INFO - 01/24/26 10:12:06 - 0:21:47 - At 745-th epoch with lr 0.000463.
INFO - 01/24/26 10:12:08 - 0:21:49 - Running average train loss is 0.7005716300010681 at epoch 745
INFO - 01/24/26 10:12:08 - 0:21:49 - At 746-th epoch with lr 0.000463.
INFO - 01/24/26 10:12:10 - 0:21:50 - Running average train loss is 0.7003762769699097 at epoch 746
INFO - 01/24/26 10:12:10 - 0:21:50 - At 747-th epoch with lr 0.000463.
INFO - 01/24/26 10:12:11 - 0:21:52 - Running average train loss is 0.7003922986984253 at epoch 747
INFO - 01/24/26 10:12:11 - 0:21:52 - At 748-th epoch with lr 0.000462.
INFO - 01/24/26 10:12:13 - 0:21:54 - Running average train loss is 0.700372462272644 at epoch 748
INFO - 01/24/26 10:12:13 - 0:21:54 - At 749-th epoch with lr 0.000462.
INFO - 01/24/26 10:12:15 - 0:21:55 - Running average train loss is 0.7004092693328857 at epoch 749
INFO - 01/24/26 10:12:15 - 0:21:55 - At 750-th epoch with lr 0.000462.
INFO - 01/24/26 10:12:16 - 0:21:57 - Running average train loss is 0.7003866100311279 at epoch 750
INFO - 01/24/26 10:12:16 - 0:21:57 - At 751-th epoch with lr 0.000462.
INFO - 01/24/26 10:12:18 - 0:21:59 - Running average train loss is 0.700589210987091 at epoch 751
INFO - 01/24/26 10:12:18 - 0:21:59 - At 752-th epoch with lr 0.000461.
INFO - 01/24/26 10:12:20 - 0:22:01 - Running average train loss is 0.7005568766593933 at epoch 752
INFO - 01/24/26 10:12:20 - 0:22:01 - Average dev loss is 0.8274825016657511 at epoch 752
INFO - 01/24/26 10:12:20 - 0:22:01 - dev accuracy is 84.8 at epoch 752
INFO - 01/24/26 10:12:20 - 0:22:01 - dev average edit distance is 0.265 at epoch 752
INFO - 01/24/26 10:12:20 - 0:22:01 - At 753-th epoch with lr 0.000461.
INFO - 01/24/26 10:12:22 - 0:22:03 - Running average train loss is 0.7007280778884888 at epoch 753
INFO - 01/24/26 10:12:22 - 0:22:03 - At 754-th epoch with lr 0.000461.
INFO - 01/24/26 10:12:24 - 0:22:05 - Running average train loss is 0.7006543087959289 at epoch 754
INFO - 01/24/26 10:12:24 - 0:22:05 - At 755-th epoch with lr 0.000460.
INFO - 01/24/26 10:12:26 - 0:22:06 - Running average train loss is 0.7001878690719604 at epoch 755
INFO - 01/24/26 10:12:26 - 0:22:06 - At 756-th epoch with lr 0.000460.
INFO - 01/24/26 10:12:27 - 0:22:08 - Running average train loss is 0.6999971127510071 at epoch 756
INFO - 01/24/26 10:12:27 - 0:22:08 - At 757-th epoch with lr 0.000460.
INFO - 01/24/26 10:12:29 - 0:22:10 - Running average train loss is 0.7004932546615601 at epoch 757
INFO - 01/24/26 10:12:29 - 0:22:10 - At 758-th epoch with lr 0.000459.
INFO - 01/24/26 10:12:31 - 0:22:11 - Running average train loss is 0.7001897811889648 at epoch 758
INFO - 01/24/26 10:12:31 - 0:22:11 - At 759-th epoch with lr 0.000459.
INFO - 01/24/26 10:12:32 - 0:22:13 - Running average train loss is 0.7002756881713867 at epoch 759
INFO - 01/24/26 10:12:32 - 0:22:13 - At 760-th epoch with lr 0.000459.
INFO - 01/24/26 10:12:34 - 0:22:15 - Running average train loss is 0.7002479100227356 at epoch 760
INFO - 01/24/26 10:12:34 - 0:22:15 - At 761-th epoch with lr 0.000459.
INFO - 01/24/26 10:12:36 - 0:22:17 - Running average train loss is 0.7001876902580261 at epoch 761
INFO - 01/24/26 10:12:36 - 0:22:17 - At 762-th epoch with lr 0.000458.
INFO - 01/24/26 10:12:38 - 0:22:18 - Running average train loss is 0.699957571029663 at epoch 762
INFO - 01/24/26 10:12:38 - 0:22:18 - At 763-th epoch with lr 0.000458.
INFO - 01/24/26 10:12:39 - 0:22:20 - Running average train loss is 0.7004222130775452 at epoch 763
INFO - 01/24/26 10:12:39 - 0:22:20 - At 764-th epoch with lr 0.000458.
INFO - 01/24/26 10:12:41 - 0:22:22 - Running average train loss is 0.7006456184387208 at epoch 764
INFO - 01/24/26 10:12:41 - 0:22:22 - At 765-th epoch with lr 0.000457.
INFO - 01/24/26 10:12:43 - 0:22:23 - Running average train loss is 0.7002716493606568 at epoch 765
INFO - 01/24/26 10:12:43 - 0:22:23 - At 766-th epoch with lr 0.000457.
INFO - 01/24/26 10:12:44 - 0:22:25 - Running average train loss is 0.7002346348762513 at epoch 766
INFO - 01/24/26 10:12:44 - 0:22:25 - At 767-th epoch with lr 0.000457.
INFO - 01/24/26 10:12:46 - 0:22:27 - Running average train loss is 0.7004196786880493 at epoch 767
INFO - 01/24/26 10:12:46 - 0:22:27 - At 768-th epoch with lr 0.000456.
INFO - 01/24/26 10:12:48 - 0:22:28 - Running average train loss is 0.7004768085479737 at epoch 768
INFO - 01/24/26 10:12:48 - 0:22:29 - Average dev loss is 0.825515349706014 at epoch 768
INFO - 01/24/26 10:12:48 - 0:22:29 - dev accuracy is 85.5 at epoch 768
INFO - 01/24/26 10:12:48 - 0:22:29 - dev average edit distance is 0.249 at epoch 768
INFO - 01/24/26 10:12:48 - 0:22:29 - At 769-th epoch with lr 0.000456.
INFO - 01/24/26 10:12:50 - 0:22:31 - Running average train loss is 0.7003640222549439 at epoch 769
INFO - 01/24/26 10:12:50 - 0:22:31 - At 770-th epoch with lr 0.000456.
INFO - 01/24/26 10:12:51 - 0:22:32 - Running average train loss is 0.7003164505958557 at epoch 770
INFO - 01/24/26 10:12:51 - 0:22:32 - At 771-th epoch with lr 0.000456.
INFO - 01/24/26 10:12:53 - 0:22:34 - Running average train loss is 0.7005433583259583 at epoch 771
INFO - 01/24/26 10:12:53 - 0:22:34 - At 772-th epoch with lr 0.000455.
INFO - 01/24/26 10:12:55 - 0:22:36 - Running average train loss is 0.7000734114646912 at epoch 772
INFO - 01/24/26 10:12:55 - 0:22:36 - At 773-th epoch with lr 0.000455.
INFO - 01/24/26 10:12:56 - 0:22:37 - Running average train loss is 0.7004436779022217 at epoch 773
INFO - 01/24/26 10:12:56 - 0:22:37 - At 774-th epoch with lr 0.000455.
INFO - 01/24/26 10:12:58 - 0:22:39 - Running average train loss is 0.7000868558883667 at epoch 774
INFO - 01/24/26 10:12:58 - 0:22:39 - At 775-th epoch with lr 0.000454.
INFO - 01/24/26 10:13:00 - 0:22:41 - Running average train loss is 0.6999722790718078 at epoch 775
INFO - 01/24/26 10:13:00 - 0:22:41 - At 776-th epoch with lr 0.000454.
INFO - 01/24/26 10:13:01 - 0:22:42 - Running average train loss is 0.7005776906013489 at epoch 776
INFO - 01/24/26 10:13:01 - 0:22:42 - At 777-th epoch with lr 0.000454.
INFO - 01/24/26 10:13:03 - 0:22:44 - Running average train loss is 0.7003410339355469 at epoch 777
INFO - 01/24/26 10:13:03 - 0:22:44 - At 778-th epoch with lr 0.000453.
INFO - 01/24/26 10:13:05 - 0:22:46 - Running average train loss is 0.700200309753418 at epoch 778
INFO - 01/24/26 10:13:05 - 0:22:46 - At 779-th epoch with lr 0.000453.
INFO - 01/24/26 10:13:06 - 0:22:47 - Running average train loss is 0.7005219483375549 at epoch 779
INFO - 01/24/26 10:13:06 - 0:22:47 - At 780-th epoch with lr 0.000453.
INFO - 01/24/26 10:13:08 - 0:22:49 - Running average train loss is 0.6999740695953369 at epoch 780
INFO - 01/24/26 10:13:08 - 0:22:49 - At 781-th epoch with lr 0.000453.
INFO - 01/24/26 10:13:10 - 0:22:51 - Running average train loss is 0.7002782559394837 at epoch 781
INFO - 01/24/26 10:13:10 - 0:22:51 - At 782-th epoch with lr 0.000452.
INFO - 01/24/26 10:13:11 - 0:22:52 - Running average train loss is 0.7002127456665039 at epoch 782
INFO - 01/24/26 10:13:11 - 0:22:52 - At 783-th epoch with lr 0.000452.
INFO - 01/24/26 10:13:13 - 0:22:54 - Running average train loss is 0.7003352189064026 at epoch 783
INFO - 01/24/26 10:13:13 - 0:22:54 - At 784-th epoch with lr 0.000452.
INFO - 01/24/26 10:13:15 - 0:22:55 - Running average train loss is 0.7003377270698548 at epoch 784
INFO - 01/24/26 10:13:15 - 0:22:56 - Average dev loss is 0.8144945104916891 at epoch 784
INFO - 01/24/26 10:13:15 - 0:22:56 - dev accuracy is 87.8 at epoch 784
INFO - 01/24/26 10:13:15 - 0:22:56 - dev average edit distance is 0.215 at epoch 784
INFO - 01/24/26 10:13:15 - 0:22:56 - At 785-th epoch with lr 0.000451.
INFO - 01/24/26 10:13:17 - 0:22:58 - Running average train loss is 0.7002878141403198 at epoch 785
INFO - 01/24/26 10:13:17 - 0:22:58 - At 786-th epoch with lr 0.000451.
INFO - 01/24/26 10:13:19 - 0:22:59 - Running average train loss is 0.7003916788101197 at epoch 786
INFO - 01/24/26 10:13:19 - 0:22:59 - At 787-th epoch with lr 0.000451.
INFO - 01/24/26 10:13:20 - 0:23:01 - Running average train loss is 0.7000294089317322 at epoch 787
INFO - 01/24/26 10:13:20 - 0:23:01 - At 788-th epoch with lr 0.000451.
INFO - 01/24/26 10:13:22 - 0:23:03 - Running average train loss is 0.7000577807426452 at epoch 788
INFO - 01/24/26 10:13:22 - 0:23:03 - At 789-th epoch with lr 0.000450.
INFO - 01/24/26 10:13:24 - 0:23:05 - Running average train loss is 0.7000136828422546 at epoch 789
INFO - 01/24/26 10:13:24 - 0:23:05 - At 790-th epoch with lr 0.000450.
INFO - 01/24/26 10:13:25 - 0:23:06 - Running average train loss is 0.6999583768844605 at epoch 790
INFO - 01/24/26 10:13:25 - 0:23:06 - At 791-th epoch with lr 0.000450.
INFO - 01/24/26 10:13:27 - 0:23:08 - Running average train loss is 0.7002486062049865 at epoch 791
INFO - 01/24/26 10:13:27 - 0:23:08 - At 792-th epoch with lr 0.000449.
INFO - 01/24/26 10:13:29 - 0:23:10 - Running average train loss is 0.7002703380584717 at epoch 792
INFO - 01/24/26 10:13:29 - 0:23:10 - At 793-th epoch with lr 0.000449.
INFO - 01/24/26 10:13:31 - 0:23:11 - Running average train loss is 0.7001149249076843 at epoch 793
INFO - 01/24/26 10:13:31 - 0:23:11 - At 794-th epoch with lr 0.000449.
INFO - 01/24/26 10:13:32 - 0:23:13 - Running average train loss is 0.700345721244812 at epoch 794
INFO - 01/24/26 10:13:32 - 0:23:13 - At 795-th epoch with lr 0.000449.
INFO - 01/24/26 10:13:34 - 0:23:15 - Running average train loss is 0.7004640793800354 at epoch 795
INFO - 01/24/26 10:13:34 - 0:23:15 - At 796-th epoch with lr 0.000448.
INFO - 01/24/26 10:13:36 - 0:23:17 - Running average train loss is 0.700673098564148 at epoch 796
INFO - 01/24/26 10:13:36 - 0:23:17 - At 797-th epoch with lr 0.000448.
INFO - 01/24/26 10:13:37 - 0:23:18 - Running average train loss is 0.7004310321807862 at epoch 797
INFO - 01/24/26 10:13:37 - 0:23:18 - At 798-th epoch with lr 0.000448.
INFO - 01/24/26 10:13:39 - 0:23:20 - Running average train loss is 0.7000072765350341 at epoch 798
INFO - 01/24/26 10:13:39 - 0:23:20 - At 799-th epoch with lr 0.000447.
INFO - 01/24/26 10:13:41 - 0:23:22 - Running average train loss is 0.7003425836563111 at epoch 799
INFO - 01/24/26 10:13:41 - 0:23:22 - Average dev loss is 0.8164011240005493 at epoch 799
INFO - 01/24/26 10:13:41 - 0:23:22 - dev accuracy is 87.5 at epoch 799
INFO - 01/24/26 10:13:41 - 0:23:22 - dev average edit distance is 0.208 at epoch 799
INFO - 01/24/26 10:13:41 - 0:23:22 - loading checkpoints/sig23/tagtransformer/dsb.nll_0.8182.acc_88.6.dist_0.204.epoch_608 for testing
INFO - 01/24/26 10:13:41 - 0:23:22 - load model in checkpoints/sig23/tagtransformer/dsb.nll_0.8182.acc_88.6.dist_0.204.epoch_608
INFO - 01/24/26 10:13:41 - 0:23:22 - Average dev loss is 0.8182467222213745 at epoch -1
INFO - 01/24/26 10:13:41 - 0:23:22 - decoding dev set
INFO - 01/24/26 10:13:42 - 0:23:23 - finished decoding 1000 dev instance
INFO - 01/24/26 10:13:42 - 0:23:23 - DEV accuracy is 88.6 at epoch -1
INFO - 01/24/26 10:13:42 - 0:23:23 - DEV average edit distance is 0.204 at epoch -1
INFO - 01/24/26 10:13:42 - 0:23:23 - DEV dsb acc 88.6 dist 0.204
INFO - 01/24/26 10:13:42 - 0:23:23 - Average test loss is 0.8598612348238627 at epoch -1
INFO - 01/24/26 10:13:42 - 0:23:23 - decoding test set
INFO - 01/24/26 10:13:43 - 0:23:24 - finished decoding 1000 test instance
INFO - 01/24/26 10:13:43 - 0:23:24 - TEST accuracy is 85.9 at epoch -1
INFO - 01/24/26 10:13:43 - 0:23:24 - TEST average edit distance is 0.246 at epoch -1
INFO - 01/24/26 10:13:43 - 0:23:24 - TEST dsb acc 85.9 dist 0.246
