INFO - 01/27/26 11:01:07 - 0:00:00 - command line argument: seed - 0
INFO - 01/27/26 11:01:07 - 0:00:00 - command line argument: train - ['../../2023InflectionST/part1/data/grc.trn']
INFO - 01/27/26 11:01:07 - 0:00:00 - command line argument: dev - ['../../2023InflectionST/part1/data/grc.dev']
INFO - 01/27/26 11:01:07 - 0:00:00 - command line argument: test - ['../../2023InflectionST/part1/data/grc.tst']
INFO - 01/27/26 11:01:07 - 0:00:00 - command line argument: model - 'checkpoints/sig23/tagtransformer/grc'
INFO - 01/27/26 11:01:07 - 0:00:00 - command line argument: load - ''
INFO - 01/27/26 11:01:07 - 0:00:00 - command line argument: bs - 400
INFO - 01/27/26 11:01:07 - 0:00:00 - command line argument: epochs - 20
INFO - 01/27/26 11:01:07 - 0:00:00 - command line argument: max_steps - 20000
INFO - 01/27/26 11:01:07 - 0:00:00 - command line argument: warmup_steps - 4000
INFO - 01/27/26 11:01:07 - 0:00:00 - command line argument: total_eval - 50
INFO - 01/27/26 11:01:07 - 0:00:00 - command line argument: optimizer - <Optimizer.adam: 'adam'>
INFO - 01/27/26 11:01:07 - 0:00:00 - command line argument: scheduler - <Scheduler.warmupinvsqr: 'warmupinvsqr'>
INFO - 01/27/26 11:01:07 - 0:00:00 - command line argument: lr - 0.001
INFO - 01/27/26 11:01:07 - 0:00:00 - command line argument: min_lr - 1e-05
INFO - 01/27/26 11:01:07 - 0:00:00 - command line argument: momentum - 0.9
INFO - 01/27/26 11:01:07 - 0:00:00 - command line argument: beta1 - 0.9
INFO - 01/27/26 11:01:07 - 0:00:00 - command line argument: beta2 - 0.98
INFO - 01/27/26 11:01:07 - 0:00:00 - command line argument: estop - 1e-08
INFO - 01/27/26 11:01:07 - 0:00:00 - command line argument: cooldown - 0
INFO - 01/27/26 11:01:07 - 0:00:00 - command line argument: patience - 0
INFO - 01/27/26 11:01:07 - 0:00:00 - command line argument: discount_factor - 0.5
INFO - 01/27/26 11:01:07 - 0:00:00 - command line argument: max_norm - 1.0
INFO - 01/27/26 11:01:07 - 0:00:00 - command line argument: gpuid - [0]
INFO - 01/27/26 11:01:07 - 0:00:00 - command line argument: loglevel - 'info'
INFO - 01/27/26 11:01:07 - 0:00:00 - command line argument: saveall - False
INFO - 01/27/26 11:01:07 - 0:00:00 - command line argument: shuffle - True
INFO - 01/27/26 11:01:07 - 0:00:00 - command line argument: cleanup_anyway - True
INFO - 01/27/26 11:01:07 - 0:00:00 - command line argument: dataset - <Data.sigmorphon23task0: 'sigmorphon23task0'>
INFO - 01/27/26 11:01:07 - 0:00:00 - command line argument: max_seq_len - 128
INFO - 01/27/26 11:01:07 - 0:00:00 - command line argument: max_decode_len - 32
INFO - 01/27/26 11:01:07 - 0:00:00 - command line argument: decode_beam_size - 5
INFO - 01/27/26 11:01:07 - 0:00:00 - command line argument: init - ''
INFO - 01/27/26 11:01:07 - 0:00:00 - command line argument: dropout - 0.3
INFO - 01/27/26 11:01:07 - 0:00:00 - command line argument: embed_dim - 256
INFO - 01/27/26 11:01:07 - 0:00:00 - command line argument: nb_heads - 4
INFO - 01/27/26 11:01:07 - 0:00:00 - command line argument: src_layer - 4
INFO - 01/27/26 11:01:07 - 0:00:00 - command line argument: trg_layer - 4
INFO - 01/27/26 11:01:07 - 0:00:00 - command line argument: src_hs - 1024
INFO - 01/27/26 11:01:07 - 0:00:00 - command line argument: trg_hs - 1024
INFO - 01/27/26 11:01:07 - 0:00:00 - command line argument: label_smooth - 0.1
INFO - 01/27/26 11:01:07 - 0:00:00 - command line argument: tie_trg_embed - False
INFO - 01/27/26 11:01:07 - 0:00:00 - command line argument: arch - <Arch.tagtransformer: 'tagtransformer'>
INFO - 01/27/26 11:01:07 - 0:00:00 - command line argument: nb_sample - 2
INFO - 01/27/26 11:01:07 - 0:00:00 - command line argument: wid_siz - 11
INFO - 01/27/26 11:01:07 - 0:00:00 - command line argument: indtag - False
INFO - 01/27/26 11:01:07 - 0:00:00 - command line argument: decode - <Decode.greedy: 'greedy'>
INFO - 01/27/26 11:01:07 - 0:00:00 - command line argument: mono - False
INFO - 01/27/26 11:01:07 - 0:00:00 - command line argument: bestacc - True
INFO - 01/27/26 11:01:07 - 0:00:00 - src vocab size 116
INFO - 01/27/26 11:01:07 - 0:00:00 - trg vocab size 103
INFO - 01/27/26 11:01:07 - 0:00:00 - src vocab ['<PAD>', '<BOS>', '<EOS>', '<UNK>', '(', ')', ',', '́', '̈', '̓', '̔', 'Β', 'Γ', 'Ε', 'Θ', 'Λ', 'Μ', 'Ν', 'Ο', 'Σ', 'Τ', 'Φ', 'Χ', 'ά', 'έ', 'ή', 'ί', 'α', 'β', 'γ', 'δ', 'ε', 'ζ', 'η', 'θ', 'ι', 'κ', 'λ', 'μ', 'ν', 'ξ', 'ο', 'π', 'ρ', 'ς', 'σ', 'τ', 'υ', 'φ', 'χ', 'ψ', 'ω', 'ϊ', 'ό', 'ύ', 'ώ', 'ἀ', 'ἁ', 'ἄ', 'ἆ', 'Ἀ', 'Ἁ', 'ἐ', 'ἑ', 'ἔ', 'ἕ', 'Ἐ', 'ἡ', 'ἰ', 'ἱ', 'ἴ', 'ἵ', 'Ἰ', 'ὀ', 'ὁ', 'ὄ', 'ὐ', 'ὑ', 'ὔ', 'ὠ', 'Ὠ', 'ᾰ', 'ᾱ', 'ᾳ', 'ᾴ', 'ᾶ', 'ᾷ', 'Ᾰ', 'ῃ', 'ῆ', 'ῇ', 'ῐ', 'ῑ', 'ῖ', 'ῠ', 'ῡ', 'ῥ', 'ῦ', 'Ῥ', 'ῳ', 'ῴ', 'ῶ', 'ῷ', 'ACC', 'ADJ', 'DAT', 'DU', 'FEM', 'GEN', 'MASC', 'N', 'NEUT', 'NOM', 'PL', 'SG', 'VOC']
INFO - 01/27/26 11:01:07 - 0:00:00 - trg vocab ['<PAD>', '<BOS>', '<EOS>', '<UNK>', '(', ')', ',', '́', '̈', '̓', '̔', 'Β', 'Γ', 'Ε', 'Θ', 'Λ', 'Μ', 'Ν', 'Ο', 'Σ', 'Τ', 'Φ', 'Χ', 'ά', 'έ', 'ή', 'ί', 'α', 'β', 'γ', 'δ', 'ε', 'ζ', 'η', 'θ', 'ι', 'κ', 'λ', 'μ', 'ν', 'ξ', 'ο', 'π', 'ρ', 'ς', 'σ', 'τ', 'υ', 'φ', 'χ', 'ψ', 'ω', 'ϊ', 'ό', 'ύ', 'ώ', 'ἀ', 'ἁ', 'ἄ', 'ἆ', 'Ἀ', 'Ἁ', 'ἐ', 'ἑ', 'ἔ', 'ἕ', 'Ἐ', 'ἡ', 'ἰ', 'ἱ', 'ἴ', 'ἵ', 'Ἰ', 'ὀ', 'ὁ', 'ὄ', 'ὐ', 'ὑ', 'ὔ', 'ὠ', 'Ὠ', 'ᾰ', 'ᾱ', 'ᾳ', 'ᾴ', 'ᾶ', 'ᾷ', 'Ᾰ', 'ῃ', 'ῆ', 'ῇ', 'ῐ', 'ῑ', 'ῖ', 'ῠ', 'ῡ', 'ῥ', 'ῦ', 'Ῥ', 'ῳ', 'ῴ', 'ῶ', 'ῷ']
INFO - 01/27/26 11:01:07 - 0:00:00 - model: TagTransformer(
                                       (src_embed): Embedding(116, 256, padding_idx=0)
                                       (trg_embed): Embedding(103, 256, padding_idx=0)
                                       (position_embed): SinusoidalPositionalEmbedding()
                                       (encoder): TransformerEncoder(
                                         (layers): ModuleList(
                                           (0): TransformerEncoderLayer(
                                             (self_attn): MultiheadAttention(
                                               (out_proj): _LinearWithBias(in_features=256, out_features=256, bias=True)
                                             )
                                             (linear1): Linear(in_features=256, out_features=1024, bias=True)
                                             (dropout): Dropout(p=0.3, inplace=False)
                                             (linear2): Linear(in_features=1024, out_features=256, bias=True)
                                             (norm1): LayerNorm((256,), eps=1e-05, elementwise_affine=True)
                                             (norm2): LayerNorm((256,), eps=1e-05, elementwise_affine=True)
                                             (activation_dropout): Dropout(p=0.3, inplace=False)
                                           )
                                           (1): TransformerEncoderLayer(
                                             (self_attn): MultiheadAttention(
                                               (out_proj): _LinearWithBias(in_features=256, out_features=256, bias=True)
                                             )
                                             (linear1): Linear(in_features=256, out_features=1024, bias=True)
                                             (dropout): Dropout(p=0.3, inplace=False)
                                             (linear2): Linear(in_features=1024, out_features=256, bias=True)
                                             (norm1): LayerNorm((256,), eps=1e-05, elementwise_affine=True)
                                             (norm2): LayerNorm((256,), eps=1e-05, elementwise_affine=True)
                                             (activation_dropout): Dropout(p=0.3, inplace=False)
                                           )
                                           (2): TransformerEncoderLayer(
                                             (self_attn): MultiheadAttention(
                                               (out_proj): _LinearWithBias(in_features=256, out_features=256, bias=True)
                                             )
                                             (linear1): Linear(in_features=256, out_features=1024, bias=True)
                                             (dropout): Dropout(p=0.3, inplace=False)
                                             (linear2): Linear(in_features=1024, out_features=256, bias=True)
                                             (norm1): LayerNorm((256,), eps=1e-05, elementwise_affine=True)
                                             (norm2): LayerNorm((256,), eps=1e-05, elementwise_affine=True)
                                             (activation_dropout): Dropout(p=0.3, inplace=False)
                                           )
                                           (3): TransformerEncoderLayer(
                                             (self_attn): MultiheadAttention(
                                               (out_proj): _LinearWithBias(in_features=256, out_features=256, bias=True)
                                             )
                                             (linear1): Linear(in_features=256, out_features=1024, bias=True)
                                             (dropout): Dropout(p=0.3, inplace=False)
                                             (linear2): Linear(in_features=1024, out_features=256, bias=True)
                                             (norm1): LayerNorm((256,), eps=1e-05, elementwise_affine=True)
                                             (norm2): LayerNorm((256,), eps=1e-05, elementwise_affine=True)
                                             (activation_dropout): Dropout(p=0.3, inplace=False)
                                           )
                                         )
                                         (norm): LayerNorm((256,), eps=1e-05, elementwise_affine=True)
                                       )
                                       (decoder): TransformerDecoder(
                                         (layers): ModuleList(
                                           (0): TransformerDecoderLayer(
                                             (self_attn): MultiheadAttention(
                                               (out_proj): _LinearWithBias(in_features=256, out_features=256, bias=True)
                                             )
                                             (multihead_attn): MultiheadAttention(
                                               (out_proj): _LinearWithBias(in_features=256, out_features=256, bias=True)
                                             )
                                             (linear1): Linear(in_features=256, out_features=1024, bias=True)
                                             (dropout): Dropout(p=0.3, inplace=False)
                                             (linear2): Linear(in_features=1024, out_features=256, bias=True)
                                             (norm1): LayerNorm((256,), eps=1e-05, elementwise_affine=True)
                                             (norm2): LayerNorm((256,), eps=1e-05, elementwise_affine=True)
                                             (norm3): LayerNorm((256,), eps=1e-05, elementwise_affine=True)
                                             (activation_dropout): Dropout(p=0.3, inplace=False)
                                           )
                                           (1): TransformerDecoderLayer(
                                             (self_attn): MultiheadAttention(
                                               (out_proj): _LinearWithBias(in_features=256, out_features=256, bias=True)
                                             )
                                             (multihead_attn): MultiheadAttention(
                                               (out_proj): _LinearWithBias(in_features=256, out_features=256, bias=True)
                                             )
                                             (linear1): Linear(in_features=256, out_features=1024, bias=True)
                                             (dropout): Dropout(p=0.3, inplace=False)
                                             (linear2): Linear(in_features=1024, out_features=256, bias=True)
                                             (norm1): LayerNorm((256,), eps=1e-05, elementwise_affine=True)
                                             (norm2): LayerNorm((256,), eps=1e-05, elementwise_affine=True)
                                             (norm3): LayerNorm((256,), eps=1e-05, elementwise_affine=True)
                                             (activation_dropout): Dropout(p=0.3, inplace=False)
                                           )
                                           (2): TransformerDecoderLayer(
                                             (self_attn): MultiheadAttention(
                                               (out_proj): _LinearWithBias(in_features=256, out_features=256, bias=True)
                                             )
                                             (multihead_attn): MultiheadAttention(
                                               (out_proj): _LinearWithBias(in_features=256, out_features=256, bias=True)
                                             )
                                             (linear1): Linear(in_features=256, out_features=1024, bias=True)
                                             (dropout): Dropout(p=0.3, inplace=False)
                                             (linear2): Linear(in_features=1024, out_features=256, bias=True)
                                             (norm1): LayerNorm((256,), eps=1e-05, elementwise_affine=True)
                                             (norm2): LayerNorm((256,), eps=1e-05, elementwise_affine=True)
                                             (norm3): LayerNorm((256,), eps=1e-05, elementwise_affine=True)
                                             (activation_dropout): Dropout(p=0.3, inplace=False)
                                           )
                                           (3): TransformerDecoderLayer(
                                             (self_attn): MultiheadAttention(
                                               (out_proj): _LinearWithBias(in_features=256, out_features=256, bias=True)
                                             )
                                             (multihead_attn): MultiheadAttention(
                                               (out_proj): _LinearWithBias(in_features=256, out_features=256, bias=True)
                                             )
                                             (linear1): Linear(in_features=256, out_features=1024, bias=True)
                                             (dropout): Dropout(p=0.3, inplace=False)
                                             (linear2): Linear(in_features=1024, out_features=256, bias=True)
                                             (norm1): LayerNorm((256,), eps=1e-05, elementwise_affine=True)
                                             (norm2): LayerNorm((256,), eps=1e-05, elementwise_affine=True)
                                             (norm3): LayerNorm((256,), eps=1e-05, elementwise_affine=True)
                                             (activation_dropout): Dropout(p=0.3, inplace=False)
                                           )
                                         )
                                         (norm): LayerNorm((256,), eps=1e-05, elementwise_affine=True)
                                       )
                                       (final_out): Linear(in_features=256, out_features=103, bias=True)
                                       (dropout): Dropout(p=0.3, inplace=False)
                                       (special_embeddings): Embedding(2, 256)
                                     )
INFO - 01/27/26 11:01:07 - 0:00:00 - number of parameter 7456871
INFO - 01/27/26 11:01:10 - 0:00:03 - maximum training 20000 steps (800 epochs)
INFO - 01/27/26 11:01:10 - 0:00:03 - evaluate every 16 epochs
INFO - 01/27/26 11:01:10 - 0:00:03 - At 0-th epoch with lr 0.000000.
INFO - 01/27/26 11:01:13 - 0:00:05 - Running average train loss is 5.151648540496826 at epoch 0
INFO - 01/27/26 11:01:13 - 0:00:05 - At 1-th epoch with lr 0.000006.
INFO - 01/27/26 11:01:14 - 0:00:07 - Running average train loss is 4.714538669586181 at epoch 1
INFO - 01/27/26 11:01:14 - 0:00:07 - At 2-th epoch with lr 0.000013.
INFO - 01/27/26 11:01:16 - 0:00:09 - Running average train loss is 4.179435796737671 at epoch 2
INFO - 01/27/26 11:01:16 - 0:00:09 - At 3-th epoch with lr 0.000019.
INFO - 01/27/26 11:01:18 - 0:00:10 - Running average train loss is 3.8326656436920166 at epoch 3
INFO - 01/27/26 11:01:18 - 0:00:10 - At 4-th epoch with lr 0.000025.
INFO - 01/27/26 11:01:19 - 0:00:12 - Running average train loss is 3.6377195072174073 at epoch 4
INFO - 01/27/26 11:01:19 - 0:00:12 - At 5-th epoch with lr 0.000031.
INFO - 01/27/26 11:01:21 - 0:00:14 - Running average train loss is 3.458424530029297 at epoch 5
INFO - 01/27/26 11:01:21 - 0:00:14 - At 6-th epoch with lr 0.000037.
INFO - 01/27/26 11:01:23 - 0:00:15 - Running average train loss is 3.2593156337738036 at epoch 6
INFO - 01/27/26 11:01:23 - 0:00:15 - At 7-th epoch with lr 0.000044.
INFO - 01/27/26 11:01:24 - 0:00:17 - Running average train loss is 3.049576244354248 at epoch 7
INFO - 01/27/26 11:01:24 - 0:00:17 - At 8-th epoch with lr 0.000050.
INFO - 01/27/26 11:01:26 - 0:00:19 - Running average train loss is 2.8689961719512937 at epoch 8
INFO - 01/27/26 11:01:26 - 0:00:19 - At 9-th epoch with lr 0.000056.
INFO - 01/27/26 11:01:28 - 0:00:20 - Running average train loss is 2.7035249519348143 at epoch 9
INFO - 01/27/26 11:01:28 - 0:00:20 - At 10-th epoch with lr 0.000063.
INFO - 01/27/26 11:01:30 - 0:00:22 - Running average train loss is 2.54078800201416 at epoch 10
INFO - 01/27/26 11:01:30 - 0:00:22 - At 11-th epoch with lr 0.000069.
INFO - 01/27/26 11:01:32 - 0:00:24 - Running average train loss is 2.3690263557434084 at epoch 11
INFO - 01/27/26 11:01:32 - 0:00:24 - At 12-th epoch with lr 0.000075.
INFO - 01/27/26 11:01:34 - 0:00:26 - Running average train loss is 2.1965947437286375 at epoch 12
INFO - 01/27/26 11:01:34 - 0:00:26 - At 13-th epoch with lr 0.000081.
INFO - 01/27/26 11:01:36 - 0:00:28 - Running average train loss is 2.0469411182403565 at epoch 13
INFO - 01/27/26 11:01:36 - 0:00:28 - At 14-th epoch with lr 0.000087.
INFO - 01/27/26 11:01:38 - 0:00:30 - Running average train loss is 1.9154071187973023 at epoch 14
INFO - 01/27/26 11:01:38 - 0:00:30 - At 15-th epoch with lr 0.000094.
INFO - 01/27/26 11:01:40 - 0:00:32 - Running average train loss is 1.7955996084213257 at epoch 15
INFO - 01/27/26 11:01:40 - 0:00:32 - At 16-th epoch with lr 0.000100.
INFO - 01/27/26 11:01:42 - 0:00:35 - Running average train loss is 1.6980554342269898 at epoch 16
INFO - 01/27/26 11:01:42 - 0:00:35 - Average dev loss is 1.7266345818837483 at epoch 16
INFO - 01/27/26 11:01:43 - 0:00:35 - dev accuracy is 13.9 at epoch 16
INFO - 01/27/26 11:01:43 - 0:00:35 - dev average edit distance is 2.832 at epoch 16
INFO - 01/27/26 11:01:43 - 0:00:36 - At 17-th epoch with lr 0.000106.
INFO - 01/27/26 11:01:45 - 0:00:38 - Running average train loss is 1.6068435907363892 at epoch 17
INFO - 01/27/26 11:01:45 - 0:00:38 - At 18-th epoch with lr 0.000113.
INFO - 01/27/26 11:01:47 - 0:00:40 - Running average train loss is 1.535558214187622 at epoch 18
INFO - 01/27/26 11:01:47 - 0:00:40 - At 19-th epoch with lr 0.000119.
INFO - 01/27/26 11:01:48 - 0:00:41 - Running average train loss is 1.4644993209838868 at epoch 19
INFO - 01/27/26 11:01:48 - 0:00:41 - At 20-th epoch with lr 0.000125.
INFO - 01/27/26 11:01:50 - 0:00:43 - Running average train loss is 1.4101643133163453 at epoch 20
INFO - 01/27/26 11:01:50 - 0:00:43 - At 21-th epoch with lr 0.000131.
INFO - 01/27/26 11:01:52 - 0:00:44 - Running average train loss is 1.354528169631958 at epoch 21
INFO - 01/27/26 11:01:52 - 0:00:44 - At 22-th epoch with lr 0.000138.
INFO - 01/27/26 11:01:53 - 0:00:46 - Running average train loss is 1.3116691780090333 at epoch 22
INFO - 01/27/26 11:01:53 - 0:00:46 - At 23-th epoch with lr 0.000144.
INFO - 01/27/26 11:01:55 - 0:00:48 - Running average train loss is 1.2698698329925537 at epoch 23
INFO - 01/27/26 11:01:55 - 0:00:48 - At 24-th epoch with lr 0.000150.
INFO - 01/27/26 11:01:57 - 0:00:49 - Running average train loss is 1.2364077520370484 at epoch 24
INFO - 01/27/26 11:01:57 - 0:00:49 - At 25-th epoch with lr 0.000156.
INFO - 01/27/26 11:01:58 - 0:00:51 - Running average train loss is 1.2004062461853027 at epoch 25
INFO - 01/27/26 11:01:58 - 0:00:51 - At 26-th epoch with lr 0.000163.
INFO - 01/27/26 11:02:00 - 0:00:53 - Running average train loss is 1.1685502195358277 at epoch 26
INFO - 01/27/26 11:02:00 - 0:00:53 - At 27-th epoch with lr 0.000169.
INFO - 01/27/26 11:02:02 - 0:00:54 - Running average train loss is 1.1407245349884034 at epoch 27
INFO - 01/27/26 11:02:02 - 0:00:54 - At 28-th epoch with lr 0.000175.
INFO - 01/27/26 11:02:03 - 0:00:56 - Running average train loss is 1.115956392288208 at epoch 28
INFO - 01/27/26 11:02:03 - 0:00:56 - At 29-th epoch with lr 0.000181.
INFO - 01/27/26 11:02:05 - 0:00:58 - Running average train loss is 1.0937022399902343 at epoch 29
INFO - 01/27/26 11:02:05 - 0:00:58 - At 30-th epoch with lr 0.000188.
INFO - 01/27/26 11:02:06 - 0:00:59 - Running average train loss is 1.0745726871490477 at epoch 30
INFO - 01/27/26 11:02:06 - 0:00:59 - At 31-th epoch with lr 0.000194.
INFO - 01/27/26 11:02:08 - 0:01:01 - Running average train loss is 1.0559575128555299 at epoch 31
INFO - 01/27/26 11:02:08 - 0:01:01 - At 32-th epoch with lr 0.000200.
INFO - 01/27/26 11:02:10 - 0:01:02 - Running average train loss is 1.0362337970733642 at epoch 32
INFO - 01/27/26 11:02:10 - 0:01:03 - Average dev loss is 1.2536940972010295 at epoch 32
INFO - 01/27/26 11:02:10 - 0:01:03 - dev accuracy is 44.8 at epoch 32
INFO - 01/27/26 11:02:10 - 0:01:03 - dev average edit distance is 1.487 at epoch 32
INFO - 01/27/26 11:02:10 - 0:01:03 - At 33-th epoch with lr 0.000206.
INFO - 01/27/26 11:02:12 - 0:01:05 - Running average train loss is 1.0226947593688964 at epoch 33
INFO - 01/27/26 11:02:12 - 0:01:05 - At 34-th epoch with lr 0.000212.
INFO - 01/27/26 11:02:14 - 0:01:06 - Running average train loss is 1.0087462997436523 at epoch 34
INFO - 01/27/26 11:02:14 - 0:01:06 - At 35-th epoch with lr 0.000219.
INFO - 01/27/26 11:02:15 - 0:01:08 - Running average train loss is 0.9959261584281921 at epoch 35
INFO - 01/27/26 11:02:15 - 0:01:08 - At 36-th epoch with lr 0.000225.
INFO - 01/27/26 11:02:17 - 0:01:10 - Running average train loss is 0.9833091187477112 at epoch 36
INFO - 01/27/26 11:02:17 - 0:01:10 - At 37-th epoch with lr 0.000231.
INFO - 01/27/26 11:02:19 - 0:01:11 - Running average train loss is 0.9730611419677735 at epoch 37
INFO - 01/27/26 11:02:19 - 0:01:11 - At 38-th epoch with lr 0.000237.
INFO - 01/27/26 11:02:20 - 0:01:13 - Running average train loss is 0.9598427128791809 at epoch 38
INFO - 01/27/26 11:02:20 - 0:01:13 - At 39-th epoch with lr 0.000244.
INFO - 01/27/26 11:02:22 - 0:01:15 - Running average train loss is 0.9519042491912841 at epoch 39
INFO - 01/27/26 11:02:22 - 0:01:15 - At 40-th epoch with lr 0.000250.
INFO - 01/27/26 11:02:23 - 0:01:16 - Running average train loss is 0.943200695514679 at epoch 40
INFO - 01/27/26 11:02:23 - 0:01:16 - At 41-th epoch with lr 0.000256.
INFO - 01/27/26 11:02:25 - 0:01:18 - Running average train loss is 0.9351284456253052 at epoch 41
INFO - 01/27/26 11:02:25 - 0:01:18 - At 42-th epoch with lr 0.000263.
INFO - 01/27/26 11:02:27 - 0:01:19 - Running average train loss is 0.9273497653007508 at epoch 42
INFO - 01/27/26 11:02:27 - 0:01:19 - At 43-th epoch with lr 0.000269.
INFO - 01/27/26 11:02:28 - 0:01:21 - Running average train loss is 0.9188689732551575 at epoch 43
INFO - 01/27/26 11:02:28 - 0:01:21 - At 44-th epoch with lr 0.000275.
INFO - 01/27/26 11:02:30 - 0:01:23 - Running average train loss is 0.911547646522522 at epoch 44
INFO - 01/27/26 11:02:30 - 0:01:23 - At 45-th epoch with lr 0.000281.
INFO - 01/27/26 11:02:32 - 0:01:24 - Running average train loss is 0.905653076171875 at epoch 45
INFO - 01/27/26 11:02:32 - 0:01:24 - At 46-th epoch with lr 0.000287.
INFO - 01/27/26 11:02:33 - 0:01:26 - Running average train loss is 0.9006483221054077 at epoch 46
INFO - 01/27/26 11:02:33 - 0:01:26 - At 47-th epoch with lr 0.000294.
INFO - 01/27/26 11:02:35 - 0:01:28 - Running average train loss is 0.8945343327522278 at epoch 47
INFO - 01/27/26 11:02:35 - 0:01:28 - At 48-th epoch with lr 0.000300.
INFO - 01/27/26 11:02:37 - 0:01:29 - Running average train loss is 0.8897693800926209 at epoch 48
INFO - 01/27/26 11:02:37 - 0:01:29 - Average dev loss is 1.190146009127299 at epoch 48
INFO - 01/27/26 11:02:37 - 0:01:30 - dev accuracy is 56.7 at epoch 48
INFO - 01/27/26 11:02:37 - 0:01:30 - dev average edit distance is 1.014 at epoch 48
INFO - 01/27/26 11:02:37 - 0:01:30 - At 49-th epoch with lr 0.000306.
INFO - 01/27/26 11:02:39 - 0:01:32 - Running average train loss is 0.8853967070579529 at epoch 49
INFO - 01/27/26 11:02:39 - 0:01:32 - At 50-th epoch with lr 0.000313.
INFO - 01/27/26 11:02:41 - 0:01:33 - Running average train loss is 0.8800770258903503 at epoch 50
INFO - 01/27/26 11:02:41 - 0:01:33 - At 51-th epoch with lr 0.000319.
INFO - 01/27/26 11:02:42 - 0:01:35 - Running average train loss is 0.8753844451904297 at epoch 51
INFO - 01/27/26 11:02:42 - 0:01:35 - At 52-th epoch with lr 0.000325.
INFO - 01/27/26 11:02:44 - 0:01:37 - Running average train loss is 0.8717868828773498 at epoch 52
INFO - 01/27/26 11:02:44 - 0:01:37 - At 53-th epoch with lr 0.000331.
INFO - 01/27/26 11:02:46 - 0:01:39 - Running average train loss is 0.8688601350784302 at epoch 53
INFO - 01/27/26 11:02:46 - 0:01:39 - At 54-th epoch with lr 0.000338.
INFO - 01/27/26 11:02:48 - 0:01:41 - Running average train loss is 0.8649571847915649 at epoch 54
INFO - 01/27/26 11:02:48 - 0:01:41 - At 55-th epoch with lr 0.000344.
INFO - 01/27/26 11:02:50 - 0:01:42 - Running average train loss is 0.8613067650794983 at epoch 55
INFO - 01/27/26 11:02:50 - 0:01:42 - At 56-th epoch with lr 0.000350.
INFO - 01/27/26 11:02:51 - 0:01:44 - Running average train loss is 0.8600882005691528 at epoch 56
INFO - 01/27/26 11:02:51 - 0:01:44 - At 57-th epoch with lr 0.000356.
INFO - 01/27/26 11:02:53 - 0:01:46 - Running average train loss is 0.8566167402267456 at epoch 57
INFO - 01/27/26 11:02:53 - 0:01:46 - At 58-th epoch with lr 0.000362.
INFO - 01/27/26 11:02:54 - 0:01:47 - Running average train loss is 0.8523192954063415 at epoch 58
INFO - 01/27/26 11:02:54 - 0:01:47 - At 59-th epoch with lr 0.000369.
INFO - 01/27/26 11:02:56 - 0:01:49 - Running average train loss is 0.850040602684021 at epoch 59
INFO - 01/27/26 11:02:56 - 0:01:49 - At 60-th epoch with lr 0.000375.
INFO - 01/27/26 11:02:58 - 0:01:50 - Running average train loss is 0.8484477043151856 at epoch 60
INFO - 01/27/26 11:02:58 - 0:01:50 - At 61-th epoch with lr 0.000381.
INFO - 01/27/26 11:03:00 - 0:01:52 - Running average train loss is 0.8476846218109131 at epoch 61
INFO - 01/27/26 11:03:00 - 0:01:52 - At 62-th epoch with lr 0.000388.
INFO - 01/27/26 11:03:01 - 0:01:54 - Running average train loss is 0.8440771317481994 at epoch 62
INFO - 01/27/26 11:03:01 - 0:01:54 - At 63-th epoch with lr 0.000394.
INFO - 01/27/26 11:03:03 - 0:01:56 - Running average train loss is 0.8436046910285949 at epoch 63
INFO - 01/27/26 11:03:03 - 0:01:56 - At 64-th epoch with lr 0.000400.
INFO - 01/27/26 11:03:05 - 0:01:57 - Running average train loss is 0.8395012402534485 at epoch 64
INFO - 01/27/26 11:03:05 - 0:01:57 - Average dev loss is 1.1806602875391643 at epoch 64
INFO - 01/27/26 11:03:05 - 0:01:58 - dev accuracy is 53.1 at epoch 64
INFO - 01/27/26 11:03:05 - 0:01:58 - dev average edit distance is 1.111 at epoch 64
INFO - 01/27/26 11:03:06 - 0:01:58 - At 65-th epoch with lr 0.000406.
INFO - 01/27/26 11:03:07 - 0:02:00 - Running average train loss is 0.8392369747161865 at epoch 65
INFO - 01/27/26 11:03:07 - 0:02:00 - At 66-th epoch with lr 0.000412.
INFO - 01/27/26 11:03:09 - 0:02:02 - Running average train loss is 0.837297306060791 at epoch 66
INFO - 01/27/26 11:03:09 - 0:02:02 - At 67-th epoch with lr 0.000419.
INFO - 01/27/26 11:03:11 - 0:02:03 - Running average train loss is 0.8353463268280029 at epoch 67
INFO - 01/27/26 11:03:11 - 0:02:03 - At 68-th epoch with lr 0.000425.
INFO - 01/27/26 11:03:12 - 0:02:05 - Running average train loss is 0.8351819729804992 at epoch 68
INFO - 01/27/26 11:03:12 - 0:02:05 - At 69-th epoch with lr 0.000431.
INFO - 01/27/26 11:03:15 - 0:02:07 - Running average train loss is 0.8326376700401306 at epoch 69
INFO - 01/27/26 11:03:15 - 0:02:07 - At 70-th epoch with lr 0.000438.
INFO - 01/27/26 11:03:16 - 0:02:09 - Running average train loss is 0.8307022786140442 at epoch 70
INFO - 01/27/26 11:03:16 - 0:02:09 - At 71-th epoch with lr 0.000444.
INFO - 01/27/26 11:03:18 - 0:02:11 - Running average train loss is 0.8295183849334716 at epoch 71
INFO - 01/27/26 11:03:18 - 0:02:11 - At 72-th epoch with lr 0.000450.
INFO - 01/27/26 11:03:20 - 0:02:12 - Running average train loss is 0.8281663012504578 at epoch 72
INFO - 01/27/26 11:03:20 - 0:02:12 - At 73-th epoch with lr 0.000456.
INFO - 01/27/26 11:03:22 - 0:02:14 - Running average train loss is 0.8282777166366577 at epoch 73
INFO - 01/27/26 11:03:22 - 0:02:14 - At 74-th epoch with lr 0.000463.
INFO - 01/27/26 11:03:24 - 0:02:16 - Running average train loss is 0.8269318127632141 at epoch 74
INFO - 01/27/26 11:03:24 - 0:02:16 - At 75-th epoch with lr 0.000469.
INFO - 01/27/26 11:03:26 - 0:02:18 - Running average train loss is 0.8263790106773377 at epoch 75
INFO - 01/27/26 11:03:26 - 0:02:18 - At 76-th epoch with lr 0.000475.
INFO - 01/27/26 11:03:28 - 0:02:20 - Running average train loss is 0.8246417713165283 at epoch 76
INFO - 01/27/26 11:03:28 - 0:02:20 - At 77-th epoch with lr 0.000481.
INFO - 01/27/26 11:03:30 - 0:02:23 - Running average train loss is 0.8228113603591919 at epoch 77
INFO - 01/27/26 11:03:30 - 0:02:23 - At 78-th epoch with lr 0.000487.
INFO - 01/27/26 11:03:32 - 0:02:24 - Running average train loss is 0.8222298359870911 at epoch 78
INFO - 01/27/26 11:03:32 - 0:02:24 - At 79-th epoch with lr 0.000494.
INFO - 01/27/26 11:03:34 - 0:02:26 - Running average train loss is 0.8219015955924988 at epoch 79
INFO - 01/27/26 11:03:34 - 0:02:26 - At 80-th epoch with lr 0.000500.
INFO - 01/27/26 11:03:36 - 0:02:28 - Running average train loss is 0.8209329390525818 at epoch 80
INFO - 01/27/26 11:03:36 - 0:02:28 - Average dev loss is 1.1890754699707031 at epoch 80
INFO - 01/27/26 11:03:36 - 0:02:29 - dev accuracy is 57.6 at epoch 80
INFO - 01/27/26 11:03:36 - 0:02:29 - dev average edit distance is 0.971 at epoch 80
INFO - 01/27/26 11:03:37 - 0:02:29 - At 81-th epoch with lr 0.000506.
INFO - 01/27/26 11:03:39 - 0:02:31 - Running average train loss is 0.8189203453063965 at epoch 81
INFO - 01/27/26 11:03:39 - 0:02:31 - At 82-th epoch with lr 0.000512.
INFO - 01/27/26 11:03:41 - 0:02:33 - Running average train loss is 0.8186757206916809 at epoch 82
INFO - 01/27/26 11:03:41 - 0:02:33 - At 83-th epoch with lr 0.000519.
INFO - 01/27/26 11:03:43 - 0:02:35 - Running average train loss is 0.8192821455001831 at epoch 83
INFO - 01/27/26 11:03:43 - 0:02:35 - At 84-th epoch with lr 0.000525.
INFO - 01/27/26 11:03:45 - 0:02:38 - Running average train loss is 0.8174624752998352 at epoch 84
INFO - 01/27/26 11:03:45 - 0:02:38 - At 85-th epoch with lr 0.000531.
INFO - 01/27/26 11:03:46 - 0:02:39 - Running average train loss is 0.8172544574737549 at epoch 85
INFO - 01/27/26 11:03:46 - 0:02:39 - At 86-th epoch with lr 0.000538.
INFO - 01/27/26 11:03:48 - 0:02:41 - Running average train loss is 0.8159187054634094 at epoch 86
INFO - 01/27/26 11:03:48 - 0:02:41 - At 87-th epoch with lr 0.000544.
INFO - 01/27/26 11:03:50 - 0:02:42 - Running average train loss is 0.8153296852111817 at epoch 87
INFO - 01/27/26 11:03:50 - 0:02:42 - At 88-th epoch with lr 0.000550.
INFO - 01/27/26 11:03:51 - 0:02:44 - Running average train loss is 0.8154767775535583 at epoch 88
INFO - 01/27/26 11:03:51 - 0:02:44 - At 89-th epoch with lr 0.000556.
INFO - 01/27/26 11:03:53 - 0:02:46 - Running average train loss is 0.8143586373329162 at epoch 89
INFO - 01/27/26 11:03:53 - 0:02:46 - At 90-th epoch with lr 0.000563.
INFO - 01/27/26 11:03:55 - 0:02:48 - Running average train loss is 0.814111704826355 at epoch 90
INFO - 01/27/26 11:03:55 - 0:02:48 - At 91-th epoch with lr 0.000569.
INFO - 01/27/26 11:03:57 - 0:02:50 - Running average train loss is 0.8127270936965942 at epoch 91
INFO - 01/27/26 11:03:57 - 0:02:50 - At 92-th epoch with lr 0.000575.
INFO - 01/27/26 11:03:59 - 0:02:52 - Running average train loss is 0.8115970802307129 at epoch 92
INFO - 01/27/26 11:03:59 - 0:02:52 - At 93-th epoch with lr 0.000581.
INFO - 01/27/26 11:04:01 - 0:02:54 - Running average train loss is 0.8128399920463562 at epoch 93
INFO - 01/27/26 11:04:01 - 0:02:54 - At 94-th epoch with lr 0.000588.
INFO - 01/27/26 11:04:03 - 0:02:56 - Running average train loss is 0.8125113606452942 at epoch 94
INFO - 01/27/26 11:04:03 - 0:02:56 - At 95-th epoch with lr 0.000594.
INFO - 01/27/26 11:04:05 - 0:02:58 - Running average train loss is 0.8116392731666565 at epoch 95
INFO - 01/27/26 11:04:05 - 0:02:58 - At 96-th epoch with lr 0.000600.
INFO - 01/27/26 11:04:08 - 0:03:00 - Running average train loss is 0.8105967736244202 at epoch 96
INFO - 01/27/26 11:04:08 - 0:03:00 - Average dev loss is 1.1960673729578655 at epoch 96
INFO - 01/27/26 11:04:08 - 0:03:01 - dev accuracy is 60.3 at epoch 96
INFO - 01/27/26 11:04:08 - 0:03:01 - dev average edit distance is 0.933 at epoch 96
INFO - 01/27/26 11:04:08 - 0:03:01 - At 97-th epoch with lr 0.000606.
INFO - 01/27/26 11:04:10 - 0:03:03 - Running average train loss is 0.8107150578498841 at epoch 97
INFO - 01/27/26 11:04:10 - 0:03:03 - At 98-th epoch with lr 0.000613.
INFO - 01/27/26 11:04:12 - 0:03:04 - Running average train loss is 0.8097191524505615 at epoch 98
INFO - 01/27/26 11:04:12 - 0:03:04 - At 99-th epoch with lr 0.000619.
INFO - 01/27/26 11:04:13 - 0:03:06 - Running average train loss is 0.8098760914802551 at epoch 99
INFO - 01/27/26 11:04:13 - 0:03:06 - At 100-th epoch with lr 0.000625.
INFO - 01/27/26 11:04:15 - 0:03:08 - Running average train loss is 0.8098430466651917 at epoch 100
INFO - 01/27/26 11:04:15 - 0:03:08 - At 101-th epoch with lr 0.000631.
INFO - 01/27/26 11:04:17 - 0:03:09 - Running average train loss is 0.8086818623542785 at epoch 101
INFO - 01/27/26 11:04:17 - 0:03:09 - At 102-th epoch with lr 0.000637.
INFO - 01/27/26 11:04:18 - 0:03:11 - Running average train loss is 0.8088199305534363 at epoch 102
INFO - 01/27/26 11:04:18 - 0:03:11 - At 103-th epoch with lr 0.000644.
INFO - 01/27/26 11:04:20 - 0:03:13 - Running average train loss is 0.8082643318176269 at epoch 103
INFO - 01/27/26 11:04:20 - 0:03:13 - At 104-th epoch with lr 0.000650.
INFO - 01/27/26 11:04:22 - 0:03:15 - Running average train loss is 0.8076959896087647 at epoch 104
INFO - 01/27/26 11:04:22 - 0:03:15 - At 105-th epoch with lr 0.000656.
INFO - 01/27/26 11:04:24 - 0:03:17 - Running average train loss is 0.8078726267814637 at epoch 105
INFO - 01/27/26 11:04:24 - 0:03:17 - At 106-th epoch with lr 0.000663.
INFO - 01/27/26 11:04:26 - 0:03:19 - Running average train loss is 0.8083617782592774 at epoch 106
INFO - 01/27/26 11:04:26 - 0:03:19 - At 107-th epoch with lr 0.000669.
INFO - 01/27/26 11:04:28 - 0:03:21 - Running average train loss is 0.8077997493743897 at epoch 107
INFO - 01/27/26 11:04:28 - 0:03:21 - At 108-th epoch with lr 0.000675.
INFO - 01/27/26 11:04:30 - 0:03:23 - Running average train loss is 0.8065894389152527 at epoch 108
INFO - 01/27/26 11:04:30 - 0:03:23 - At 109-th epoch with lr 0.000681.
INFO - 01/27/26 11:04:32 - 0:03:25 - Running average train loss is 0.8078830504417419 at epoch 109
INFO - 01/27/26 11:04:32 - 0:03:25 - At 110-th epoch with lr 0.000687.
INFO - 01/27/26 11:04:34 - 0:03:27 - Running average train loss is 0.8087829732894898 at epoch 110
INFO - 01/27/26 11:04:34 - 0:03:27 - At 111-th epoch with lr 0.000694.
INFO - 01/27/26 11:04:36 - 0:03:29 - Running average train loss is 0.8091322588920593 at epoch 111
INFO - 01/27/26 11:04:36 - 0:03:29 - At 112-th epoch with lr 0.000700.
INFO - 01/27/26 11:04:38 - 0:03:31 - Running average train loss is 0.8055186915397644 at epoch 112
INFO - 01/27/26 11:04:38 - 0:03:31 - Average dev loss is 1.189041296641032 at epoch 112
INFO - 01/27/26 11:04:39 - 0:03:32 - dev accuracy is 58.2 at epoch 112
INFO - 01/27/26 11:04:39 - 0:03:32 - dev average edit distance is 0.926 at epoch 112
INFO - 01/27/26 11:04:39 - 0:03:32 - At 113-th epoch with lr 0.000706.
INFO - 01/27/26 11:04:41 - 0:03:34 - Running average train loss is 0.8041574764251709 at epoch 113
INFO - 01/27/26 11:04:41 - 0:03:34 - At 114-th epoch with lr 0.000713.
INFO - 01/27/26 11:04:43 - 0:03:36 - Running average train loss is 0.8064009547233582 at epoch 114
INFO - 01/27/26 11:04:43 - 0:03:36 - At 115-th epoch with lr 0.000719.
INFO - 01/27/26 11:04:45 - 0:03:38 - Running average train loss is 0.8049639415740967 at epoch 115
INFO - 01/27/26 11:04:45 - 0:03:38 - At 116-th epoch with lr 0.000725.
INFO - 01/27/26 11:04:47 - 0:03:40 - Running average train loss is 0.8046912169456482 at epoch 116
INFO - 01/27/26 11:04:47 - 0:03:40 - At 117-th epoch with lr 0.000731.
INFO - 01/27/26 11:04:49 - 0:03:42 - Running average train loss is 0.8050959944725037 at epoch 117
INFO - 01/27/26 11:04:49 - 0:03:42 - At 118-th epoch with lr 0.000738.
INFO - 01/27/26 11:04:51 - 0:03:43 - Running average train loss is 0.8043372893333435 at epoch 118
INFO - 01/27/26 11:04:51 - 0:03:43 - At 119-th epoch with lr 0.000744.
INFO - 01/27/26 11:04:52 - 0:03:45 - Running average train loss is 0.8043178868293762 at epoch 119
INFO - 01/27/26 11:04:52 - 0:03:45 - At 120-th epoch with lr 0.000750.
INFO - 01/27/26 11:04:54 - 0:03:47 - Running average train loss is 0.8044126319885254 at epoch 120
INFO - 01/27/26 11:04:54 - 0:03:47 - At 121-th epoch with lr 0.000756.
INFO - 01/27/26 11:04:56 - 0:03:49 - Running average train loss is 0.8047363781929016 at epoch 121
INFO - 01/27/26 11:04:56 - 0:03:49 - At 122-th epoch with lr 0.000762.
INFO - 01/27/26 11:04:58 - 0:03:51 - Running average train loss is 0.8040790295600891 at epoch 122
INFO - 01/27/26 11:04:58 - 0:03:51 - At 123-th epoch with lr 0.000769.
INFO - 01/27/26 11:05:00 - 0:03:53 - Running average train loss is 0.8048477697372437 at epoch 123
INFO - 01/27/26 11:05:00 - 0:03:53 - At 124-th epoch with lr 0.000775.
INFO - 01/27/26 11:05:02 - 0:03:55 - Running average train loss is 0.8031527423858642 at epoch 124
INFO - 01/27/26 11:05:02 - 0:03:55 - At 125-th epoch with lr 0.000781.
INFO - 01/27/26 11:05:04 - 0:03:57 - Running average train loss is 0.8052020192146301 at epoch 125
INFO - 01/27/26 11:05:04 - 0:03:57 - At 126-th epoch with lr 0.000788.
INFO - 01/27/26 11:05:06 - 0:03:59 - Running average train loss is 0.806215045452118 at epoch 126
INFO - 01/27/26 11:05:06 - 0:03:59 - At 127-th epoch with lr 0.000794.
INFO - 01/27/26 11:05:08 - 0:04:01 - Running average train loss is 0.8050994610786438 at epoch 127
INFO - 01/27/26 11:05:08 - 0:04:01 - At 128-th epoch with lr 0.000800.
INFO - 01/27/26 11:05:10 - 0:04:03 - Running average train loss is 0.8035108423233033 at epoch 128
INFO - 01/27/26 11:05:10 - 0:04:03 - Average dev loss is 1.239108681678772 at epoch 128
INFO - 01/27/26 11:05:11 - 0:04:04 - dev accuracy is 59.6 at epoch 128
INFO - 01/27/26 11:05:11 - 0:04:04 - dev average edit distance is 0.992 at epoch 128
INFO - 01/27/26 11:05:11 - 0:04:04 - At 129-th epoch with lr 0.000806.
INFO - 01/27/26 11:05:13 - 0:04:06 - Running average train loss is 0.8035599613189697 at epoch 129
INFO - 01/27/26 11:05:13 - 0:04:06 - At 130-th epoch with lr 0.000813.
INFO - 01/27/26 11:05:15 - 0:04:08 - Running average train loss is 0.8049550795555115 at epoch 130
INFO - 01/27/26 11:05:15 - 0:04:08 - At 131-th epoch with lr 0.000819.
INFO - 01/27/26 11:05:17 - 0:04:10 - Running average train loss is 0.8034418034553528 at epoch 131
INFO - 01/27/26 11:05:17 - 0:04:10 - At 132-th epoch with lr 0.000825.
INFO - 01/27/26 11:05:19 - 0:04:12 - Running average train loss is 0.8033303499221802 at epoch 132
INFO - 01/27/26 11:05:19 - 0:04:12 - At 133-th epoch with lr 0.000831.
INFO - 01/27/26 11:05:22 - 0:04:14 - Running average train loss is 0.8026128530502319 at epoch 133
INFO - 01/27/26 11:05:22 - 0:04:14 - At 134-th epoch with lr 0.000838.
INFO - 01/27/26 11:05:24 - 0:04:16 - Running average train loss is 0.8023208808898926 at epoch 134
INFO - 01/27/26 11:05:24 - 0:04:16 - At 135-th epoch with lr 0.000844.
INFO - 01/27/26 11:05:26 - 0:04:18 - Running average train loss is 0.8047261357307434 at epoch 135
INFO - 01/27/26 11:05:26 - 0:04:18 - At 136-th epoch with lr 0.000850.
INFO - 01/27/26 11:05:27 - 0:04:20 - Running average train loss is 0.8042092609405518 at epoch 136
INFO - 01/27/26 11:05:27 - 0:04:20 - At 137-th epoch with lr 0.000856.
INFO - 01/27/26 11:05:29 - 0:04:22 - Running average train loss is 0.8045155310630798 at epoch 137
INFO - 01/27/26 11:05:29 - 0:04:22 - At 138-th epoch with lr 0.000863.
INFO - 01/27/26 11:05:31 - 0:04:23 - Running average train loss is 0.8040399074554443 at epoch 138
INFO - 01/27/26 11:05:31 - 0:04:23 - At 139-th epoch with lr 0.000869.
INFO - 01/27/26 11:05:33 - 0:04:25 - Running average train loss is 0.8033075976371765 at epoch 139
INFO - 01/27/26 11:05:33 - 0:04:25 - At 140-th epoch with lr 0.000875.
INFO - 01/27/26 11:05:35 - 0:04:27 - Running average train loss is 0.8030842638015747 at epoch 140
INFO - 01/27/26 11:05:35 - 0:04:27 - At 141-th epoch with lr 0.000881.
INFO - 01/27/26 11:05:37 - 0:04:29 - Running average train loss is 0.8020529127120972 at epoch 141
INFO - 01/27/26 11:05:37 - 0:04:29 - At 142-th epoch with lr 0.000887.
INFO - 01/27/26 11:05:39 - 0:04:32 - Running average train loss is 0.8024691653251648 at epoch 142
INFO - 01/27/26 11:05:39 - 0:04:32 - At 143-th epoch with lr 0.000894.
INFO - 01/27/26 11:05:41 - 0:04:33 - Running average train loss is 0.8034322786331177 at epoch 143
INFO - 01/27/26 11:05:41 - 0:04:33 - At 144-th epoch with lr 0.000900.
INFO - 01/27/26 11:05:43 - 0:04:35 - Running average train loss is 0.8021470260620117 at epoch 144
INFO - 01/27/26 11:05:43 - 0:04:35 - Average dev loss is 1.2278889815012615 at epoch 144
INFO - 01/27/26 11:05:43 - 0:04:36 - dev accuracy is 58.3 at epoch 144
INFO - 01/27/26 11:05:43 - 0:04:36 - dev average edit distance is 0.923 at epoch 144
INFO - 01/27/26 11:05:44 - 0:04:36 - At 145-th epoch with lr 0.000906.
INFO - 01/27/26 11:05:46 - 0:04:38 - Running average train loss is 0.8019106674194336 at epoch 145
INFO - 01/27/26 11:05:46 - 0:04:38 - At 146-th epoch with lr 0.000913.
INFO - 01/27/26 11:05:48 - 0:04:40 - Running average train loss is 0.8018472909927368 at epoch 146
INFO - 01/27/26 11:05:48 - 0:04:40 - At 147-th epoch with lr 0.000919.
INFO - 01/27/26 11:05:50 - 0:04:42 - Running average train loss is 0.8034724307060241 at epoch 147
INFO - 01/27/26 11:05:50 - 0:04:43 - At 148-th epoch with lr 0.000925.
INFO - 01/27/26 11:05:52 - 0:04:45 - Running average train loss is 0.803221697807312 at epoch 148
INFO - 01/27/26 11:05:52 - 0:04:45 - At 149-th epoch with lr 0.000931.
INFO - 01/27/26 11:05:54 - 0:04:47 - Running average train loss is 0.8029897880554199 at epoch 149
INFO - 01/27/26 11:05:54 - 0:04:47 - At 150-th epoch with lr 0.000937.
INFO - 01/27/26 11:05:56 - 0:04:49 - Running average train loss is 0.800555226802826 at epoch 150
INFO - 01/27/26 11:05:56 - 0:04:49 - At 151-th epoch with lr 0.000944.
INFO - 01/27/26 11:05:58 - 0:04:51 - Running average train loss is 0.8012637710571289 at epoch 151
INFO - 01/27/26 11:05:58 - 0:04:51 - At 152-th epoch with lr 0.000950.
INFO - 01/27/26 11:06:00 - 0:04:53 - Running average train loss is 0.8033170795440674 at epoch 152
INFO - 01/27/26 11:06:00 - 0:04:53 - At 153-th epoch with lr 0.000956.
INFO - 01/27/26 11:06:02 - 0:04:55 - Running average train loss is 0.8034990477561951 at epoch 153
INFO - 01/27/26 11:06:02 - 0:04:55 - At 154-th epoch with lr 0.000963.
INFO - 01/27/26 11:06:04 - 0:04:57 - Running average train loss is 0.8044900703430176 at epoch 154
INFO - 01/27/26 11:06:04 - 0:04:57 - At 155-th epoch with lr 0.000969.
INFO - 01/27/26 11:06:06 - 0:04:59 - Running average train loss is 0.8026265788078308 at epoch 155
INFO - 01/27/26 11:06:06 - 0:04:59 - At 156-th epoch with lr 0.000975.
INFO - 01/27/26 11:06:08 - 0:05:01 - Running average train loss is 0.8003757357597351 at epoch 156
INFO - 01/27/26 11:06:08 - 0:05:01 - At 157-th epoch with lr 0.000981.
INFO - 01/27/26 11:06:10 - 0:05:03 - Running average train loss is 0.8025772523880005 at epoch 157
INFO - 01/27/26 11:06:10 - 0:05:03 - At 158-th epoch with lr 0.000988.
INFO - 01/27/26 11:06:12 - 0:05:05 - Running average train loss is 0.8015234327316284 at epoch 158
INFO - 01/27/26 11:06:12 - 0:05:05 - At 159-th epoch with lr 0.000994.
INFO - 01/27/26 11:06:15 - 0:05:07 - Running average train loss is 0.8012638378143311 at epoch 159
INFO - 01/27/26 11:06:15 - 0:05:07 - At 160-th epoch with lr 0.001000.
INFO - 01/27/26 11:06:16 - 0:05:09 - Running average train loss is 0.8013593626022338 at epoch 160
INFO - 01/27/26 11:06:17 - 0:05:09 - Average dev loss is 1.2269630432128906 at epoch 160
INFO - 01/27/26 11:06:17 - 0:05:10 - dev accuracy is 58.4 at epoch 160
INFO - 01/27/26 11:06:17 - 0:05:10 - dev average edit distance is 0.915 at epoch 160
INFO - 01/27/26 11:06:17 - 0:05:10 - At 161-th epoch with lr 0.000997.
INFO - 01/27/26 11:06:19 - 0:05:12 - Running average train loss is 0.8019196963310242 at epoch 161
INFO - 01/27/26 11:06:19 - 0:05:12 - At 162-th epoch with lr 0.000994.
INFO - 01/27/26 11:06:22 - 0:05:14 - Running average train loss is 0.801991138458252 at epoch 162
INFO - 01/27/26 11:06:22 - 0:05:14 - At 163-th epoch with lr 0.000991.
INFO - 01/27/26 11:06:24 - 0:05:16 - Running average train loss is 0.8046395325660706 at epoch 163
INFO - 01/27/26 11:06:24 - 0:05:16 - At 164-th epoch with lr 0.000988.
INFO - 01/27/26 11:06:26 - 0:05:18 - Running average train loss is 0.8032168173789977 at epoch 164
INFO - 01/27/26 11:06:26 - 0:05:18 - At 165-th epoch with lr 0.000985.
INFO - 01/27/26 11:06:28 - 0:05:20 - Running average train loss is 0.8013712430000305 at epoch 165
INFO - 01/27/26 11:06:28 - 0:05:20 - At 166-th epoch with lr 0.000982.
INFO - 01/27/26 11:06:30 - 0:05:22 - Running average train loss is 0.8013769197463989 at epoch 166
INFO - 01/27/26 11:06:30 - 0:05:22 - At 167-th epoch with lr 0.000979.
INFO - 01/27/26 11:06:32 - 0:05:24 - Running average train loss is 0.8010995841026306 at epoch 167
INFO - 01/27/26 11:06:32 - 0:05:24 - At 168-th epoch with lr 0.000976.
INFO - 01/27/26 11:06:34 - 0:05:27 - Running average train loss is 0.8002708959579468 at epoch 168
INFO - 01/27/26 11:06:34 - 0:05:27 - At 169-th epoch with lr 0.000973.
INFO - 01/27/26 11:06:36 - 0:05:29 - Running average train loss is 0.7993949151039124 at epoch 169
INFO - 01/27/26 11:06:36 - 0:05:29 - At 170-th epoch with lr 0.000970.
INFO - 01/27/26 11:06:38 - 0:05:31 - Running average train loss is 0.7995930147171021 at epoch 170
INFO - 01/27/26 11:06:38 - 0:05:31 - At 171-th epoch with lr 0.000967.
INFO - 01/27/26 11:06:40 - 0:05:33 - Running average train loss is 0.7986738586425781 at epoch 171
INFO - 01/27/26 11:06:40 - 0:05:33 - At 172-th epoch with lr 0.000964.
INFO - 01/27/26 11:06:42 - 0:05:35 - Running average train loss is 0.7989733266830444 at epoch 172
INFO - 01/27/26 11:06:42 - 0:05:35 - At 173-th epoch with lr 0.000962.
INFO - 01/27/26 11:06:44 - 0:05:37 - Running average train loss is 0.8001337671279907 at epoch 173
INFO - 01/27/26 11:06:44 - 0:05:37 - At 174-th epoch with lr 0.000959.
INFO - 01/27/26 11:06:46 - 0:05:39 - Running average train loss is 0.7995280241966247 at epoch 174
INFO - 01/27/26 11:06:46 - 0:05:39 - At 175-th epoch with lr 0.000956.
INFO - 01/27/26 11:06:48 - 0:05:41 - Running average train loss is 0.7999922251701355 at epoch 175
INFO - 01/27/26 11:06:48 - 0:05:41 - At 176-th epoch with lr 0.000953.
INFO - 01/27/26 11:06:50 - 0:05:43 - Running average train loss is 0.7991397118568421 at epoch 176
INFO - 01/27/26 11:06:50 - 0:05:43 - Average dev loss is 1.2167482376098633 at epoch 176
INFO - 01/27/26 11:06:51 - 0:05:43 - dev accuracy is 58.1 at epoch 176
INFO - 01/27/26 11:06:51 - 0:05:43 - dev average edit distance is 0.849 at epoch 176
INFO - 01/27/26 11:06:51 - 0:05:44 - At 177-th epoch with lr 0.000951.
INFO - 01/27/26 11:06:53 - 0:05:45 - Running average train loss is 0.7981775379180909 at epoch 177
INFO - 01/27/26 11:06:53 - 0:05:45 - At 178-th epoch with lr 0.000948.
INFO - 01/27/26 11:06:54 - 0:05:47 - Running average train loss is 0.7976982736587525 at epoch 178
INFO - 01/27/26 11:06:54 - 0:05:47 - At 179-th epoch with lr 0.000945.
INFO - 01/27/26 11:06:56 - 0:05:49 - Running average train loss is 0.7971512579917908 at epoch 179
INFO - 01/27/26 11:06:56 - 0:05:49 - At 180-th epoch with lr 0.000943.
INFO - 01/27/26 11:06:57 - 0:05:50 - Running average train loss is 0.8003540921211243 at epoch 180
INFO - 01/27/26 11:06:57 - 0:05:50 - At 181-th epoch with lr 0.000940.
INFO - 01/27/26 11:06:59 - 0:05:52 - Running average train loss is 0.7981632447242737 at epoch 181
INFO - 01/27/26 11:06:59 - 0:05:52 - At 182-th epoch with lr 0.000938.
INFO - 01/27/26 11:07:01 - 0:05:54 - Running average train loss is 0.7967255997657776 at epoch 182
INFO - 01/27/26 11:07:01 - 0:05:54 - At 183-th epoch with lr 0.000935.
INFO - 01/27/26 11:07:03 - 0:05:56 - Running average train loss is 0.7965263295173645 at epoch 183
INFO - 01/27/26 11:07:03 - 0:05:56 - At 184-th epoch with lr 0.000933.
INFO - 01/27/26 11:07:05 - 0:05:58 - Running average train loss is 0.7968033242225647 at epoch 184
INFO - 01/27/26 11:07:05 - 0:05:58 - At 185-th epoch with lr 0.000930.
INFO - 01/27/26 11:07:07 - 0:06:00 - Running average train loss is 0.7974466705322265 at epoch 185
INFO - 01/27/26 11:07:07 - 0:06:00 - At 186-th epoch with lr 0.000927.
INFO - 01/27/26 11:07:09 - 0:06:02 - Running average train loss is 0.7954693174362183 at epoch 186
INFO - 01/27/26 11:07:09 - 0:06:02 - At 187-th epoch with lr 0.000925.
INFO - 01/27/26 11:07:11 - 0:06:04 - Running average train loss is 0.7964350581169128 at epoch 187
INFO - 01/27/26 11:07:11 - 0:06:04 - At 188-th epoch with lr 0.000923.
INFO - 01/27/26 11:07:13 - 0:06:06 - Running average train loss is 0.7959216952323913 at epoch 188
INFO - 01/27/26 11:07:13 - 0:06:06 - At 189-th epoch with lr 0.000920.
INFO - 01/27/26 11:07:14 - 0:06:07 - Running average train loss is 0.7967961645126342 at epoch 189
INFO - 01/27/26 11:07:14 - 0:06:07 - At 190-th epoch with lr 0.000918.
INFO - 01/27/26 11:07:16 - 0:06:09 - Running average train loss is 0.7962016415596008 at epoch 190
INFO - 01/27/26 11:07:16 - 0:06:09 - At 191-th epoch with lr 0.000915.
INFO - 01/27/26 11:07:18 - 0:06:11 - Running average train loss is 0.7968525385856629 at epoch 191
INFO - 01/27/26 11:07:18 - 0:06:11 - At 192-th epoch with lr 0.000913.
INFO - 01/27/26 11:07:20 - 0:06:13 - Running average train loss is 0.7956571650505065 at epoch 192
INFO - 01/27/26 11:07:20 - 0:06:13 - Average dev loss is 1.2807079553604126 at epoch 192
INFO - 01/27/26 11:07:21 - 0:06:14 - dev accuracy is 57.7 at epoch 192
INFO - 01/27/26 11:07:21 - 0:06:14 - dev average edit distance is 0.928 at epoch 192
INFO - 01/27/26 11:07:21 - 0:06:14 - At 193-th epoch with lr 0.000911.
INFO - 01/27/26 11:07:23 - 0:06:16 - Running average train loss is 0.7970905065536499 at epoch 193
INFO - 01/27/26 11:07:23 - 0:06:16 - At 194-th epoch with lr 0.000908.
INFO - 01/27/26 11:07:25 - 0:06:18 - Running average train loss is 0.7956641697883606 at epoch 194
INFO - 01/27/26 11:07:25 - 0:06:18 - At 195-th epoch with lr 0.000906.
INFO - 01/27/26 11:07:28 - 0:06:20 - Running average train loss is 0.7966592049598694 at epoch 195
INFO - 01/27/26 11:07:28 - 0:06:20 - At 196-th epoch with lr 0.000904.
INFO - 01/27/26 11:07:30 - 0:06:22 - Running average train loss is 0.7956150507926941 at epoch 196
INFO - 01/27/26 11:07:30 - 0:06:22 - At 197-th epoch with lr 0.000901.
INFO - 01/27/26 11:07:32 - 0:06:24 - Running average train loss is 0.7952757787704468 at epoch 197
INFO - 01/27/26 11:07:32 - 0:06:24 - At 198-th epoch with lr 0.000899.
INFO - 01/27/26 11:07:34 - 0:06:26 - Running average train loss is 0.7953970694541931 at epoch 198
INFO - 01/27/26 11:07:34 - 0:06:26 - At 199-th epoch with lr 0.000897.
INFO - 01/27/26 11:07:36 - 0:06:28 - Running average train loss is 0.7958849740028381 at epoch 199
INFO - 01/27/26 11:07:36 - 0:06:28 - At 200-th epoch with lr 0.000894.
INFO - 01/27/26 11:07:38 - 0:06:31 - Running average train loss is 0.7955972146987915 at epoch 200
INFO - 01/27/26 11:07:38 - 0:06:31 - At 201-th epoch with lr 0.000892.
INFO - 01/27/26 11:07:40 - 0:06:33 - Running average train loss is 0.7958924579620361 at epoch 201
INFO - 01/27/26 11:07:40 - 0:06:33 - At 202-th epoch with lr 0.000890.
INFO - 01/27/26 11:07:42 - 0:06:35 - Running average train loss is 0.7950800943374634 at epoch 202
INFO - 01/27/26 11:07:42 - 0:06:35 - At 203-th epoch with lr 0.000888.
INFO - 01/27/26 11:07:44 - 0:06:36 - Running average train loss is 0.7942671680450439 at epoch 203
INFO - 01/27/26 11:07:44 - 0:06:36 - At 204-th epoch with lr 0.000886.
INFO - 01/27/26 11:07:45 - 0:06:38 - Running average train loss is 0.795894935131073 at epoch 204
INFO - 01/27/26 11:07:45 - 0:06:38 - At 205-th epoch with lr 0.000883.
INFO - 01/27/26 11:07:47 - 0:06:40 - Running average train loss is 0.7949096703529358 at epoch 205
INFO - 01/27/26 11:07:47 - 0:06:40 - At 206-th epoch with lr 0.000881.
INFO - 01/27/26 11:07:49 - 0:06:41 - Running average train loss is 0.794221568107605 at epoch 206
INFO - 01/27/26 11:07:49 - 0:06:41 - At 207-th epoch with lr 0.000879.
INFO - 01/27/26 11:07:50 - 0:06:43 - Running average train loss is 0.7952781128883362 at epoch 207
INFO - 01/27/26 11:07:50 - 0:06:43 - At 208-th epoch with lr 0.000877.
INFO - 01/27/26 11:07:52 - 0:06:45 - Running average train loss is 0.7948774647712707 at epoch 208
INFO - 01/27/26 11:07:52 - 0:06:45 - Average dev loss is 1.2318348089853923 at epoch 208
INFO - 01/27/26 11:07:53 - 0:06:46 - dev accuracy is 59.6 at epoch 208
INFO - 01/27/26 11:07:53 - 0:06:46 - dev average edit distance is 0.964 at epoch 208
INFO - 01/27/26 11:07:53 - 0:06:46 - At 209-th epoch with lr 0.000875.
INFO - 01/27/26 11:07:55 - 0:06:48 - Running average train loss is 0.7946436738967896 at epoch 209
INFO - 01/27/26 11:07:55 - 0:06:48 - At 210-th epoch with lr 0.000873.
INFO - 01/27/26 11:07:57 - 0:06:50 - Running average train loss is 0.7952025818824768 at epoch 210
INFO - 01/27/26 11:07:57 - 0:06:50 - At 211-th epoch with lr 0.000871.
INFO - 01/27/26 11:07:59 - 0:06:52 - Running average train loss is 0.7947421622276306 at epoch 211
INFO - 01/27/26 11:07:59 - 0:06:52 - At 212-th epoch with lr 0.000869.
INFO - 01/27/26 11:08:01 - 0:06:53 - Running average train loss is 0.7945462274551391 at epoch 212
INFO - 01/27/26 11:08:01 - 0:06:53 - At 213-th epoch with lr 0.000867.
INFO - 01/27/26 11:08:03 - 0:06:55 - Running average train loss is 0.7935187244415283 at epoch 213
INFO - 01/27/26 11:08:03 - 0:06:55 - At 214-th epoch with lr 0.000865.
INFO - 01/27/26 11:08:04 - 0:06:57 - Running average train loss is 0.7934416604042053 at epoch 214
INFO - 01/27/26 11:08:04 - 0:06:57 - At 215-th epoch with lr 0.000863.
INFO - 01/27/26 11:08:06 - 0:06:59 - Running average train loss is 0.792919442653656 at epoch 215
INFO - 01/27/26 11:08:06 - 0:06:59 - At 216-th epoch with lr 0.000861.
INFO - 01/27/26 11:08:07 - 0:07:00 - Running average train loss is 0.7933588051795959 at epoch 216
INFO - 01/27/26 11:08:07 - 0:07:00 - At 217-th epoch with lr 0.000859.
INFO - 01/27/26 11:08:09 - 0:07:02 - Running average train loss is 0.7939763498306275 at epoch 217
INFO - 01/27/26 11:08:09 - 0:07:02 - At 218-th epoch with lr 0.000857.
INFO - 01/27/26 11:08:11 - 0:07:04 - Running average train loss is 0.7937326812744141 at epoch 218
INFO - 01/27/26 11:08:11 - 0:07:04 - At 219-th epoch with lr 0.000855.
INFO - 01/27/26 11:08:13 - 0:07:06 - Running average train loss is 0.7937057495117188 at epoch 219
INFO - 01/27/26 11:08:13 - 0:07:06 - At 220-th epoch with lr 0.000853.
INFO - 01/27/26 11:08:16 - 0:07:09 - Running average train loss is 0.794394257068634 at epoch 220
INFO - 01/27/26 11:08:16 - 0:07:09 - At 221-th epoch with lr 0.000851.
INFO - 01/27/26 11:08:18 - 0:07:11 - Running average train loss is 0.7937841558456421 at epoch 221
INFO - 01/27/26 11:08:18 - 0:07:11 - At 222-th epoch with lr 0.000849.
INFO - 01/27/26 11:08:20 - 0:07:13 - Running average train loss is 0.7916610455513 at epoch 222
INFO - 01/27/26 11:08:20 - 0:07:13 - At 223-th epoch with lr 0.000847.
INFO - 01/27/26 11:08:22 - 0:07:15 - Running average train loss is 0.7934118485450745 at epoch 223
INFO - 01/27/26 11:08:22 - 0:07:15 - At 224-th epoch with lr 0.000845.
INFO - 01/27/26 11:08:24 - 0:07:17 - Running average train loss is 0.793149631023407 at epoch 224
INFO - 01/27/26 11:08:24 - 0:07:17 - Average dev loss is 1.226181189219157 at epoch 224
INFO - 01/27/26 11:08:25 - 0:07:18 - dev accuracy is 63.3 at epoch 224
INFO - 01/27/26 11:08:25 - 0:07:18 - dev average edit distance is 0.881 at epoch 224
INFO - 01/27/26 11:08:25 - 0:07:18 - At 225-th epoch with lr 0.000843.
INFO - 01/27/26 11:08:27 - 0:07:20 - Running average train loss is 0.7931410694122314 at epoch 225
INFO - 01/27/26 11:08:27 - 0:07:20 - At 226-th epoch with lr 0.000841.
INFO - 01/27/26 11:08:29 - 0:07:22 - Running average train loss is 0.7943139123916626 at epoch 226
INFO - 01/27/26 11:08:29 - 0:07:22 - At 227-th epoch with lr 0.000840.
INFO - 01/27/26 11:08:31 - 0:07:24 - Running average train loss is 0.7935913276672363 at epoch 227
INFO - 01/27/26 11:08:31 - 0:07:24 - At 228-th epoch with lr 0.000838.
INFO - 01/27/26 11:08:33 - 0:07:26 - Running average train loss is 0.7927449655532837 at epoch 228
INFO - 01/27/26 11:08:33 - 0:07:26 - At 229-th epoch with lr 0.000836.
INFO - 01/27/26 11:08:35 - 0:07:28 - Running average train loss is 0.7926076602935791 at epoch 229
INFO - 01/27/26 11:08:35 - 0:07:28 - At 230-th epoch with lr 0.000834.
INFO - 01/27/26 11:08:37 - 0:07:30 - Running average train loss is 0.7921875715255737 at epoch 230
INFO - 01/27/26 11:08:37 - 0:07:30 - At 231-th epoch with lr 0.000832.
INFO - 01/27/26 11:08:39 - 0:07:32 - Running average train loss is 0.792060170173645 at epoch 231
INFO - 01/27/26 11:08:39 - 0:07:32 - At 232-th epoch with lr 0.000830.
INFO - 01/27/26 11:08:41 - 0:07:34 - Running average train loss is 0.7918399524688721 at epoch 232
INFO - 01/27/26 11:08:41 - 0:07:34 - At 233-th epoch with lr 0.000829.
INFO - 01/27/26 11:08:44 - 0:07:36 - Running average train loss is 0.792241804599762 at epoch 233
INFO - 01/27/26 11:08:44 - 0:07:36 - At 234-th epoch with lr 0.000827.
INFO - 01/27/26 11:08:46 - 0:07:38 - Running average train loss is 0.7917359638214111 at epoch 234
INFO - 01/27/26 11:08:46 - 0:07:38 - At 235-th epoch with lr 0.000825.
INFO - 01/27/26 11:08:48 - 0:07:40 - Running average train loss is 0.793009283542633 at epoch 235
INFO - 01/27/26 11:08:48 - 0:07:40 - At 236-th epoch with lr 0.000823.
INFO - 01/27/26 11:08:50 - 0:07:42 - Running average train loss is 0.792585039138794 at epoch 236
INFO - 01/27/26 11:08:50 - 0:07:42 - At 237-th epoch with lr 0.000822.
INFO - 01/27/26 11:08:52 - 0:07:44 - Running average train loss is 0.7922224235534668 at epoch 237
INFO - 01/27/26 11:08:52 - 0:07:44 - At 238-th epoch with lr 0.000820.
INFO - 01/27/26 11:08:54 - 0:07:46 - Running average train loss is 0.7925344491004944 at epoch 238
INFO - 01/27/26 11:08:54 - 0:07:46 - At 239-th epoch with lr 0.000818.
INFO - 01/27/26 11:08:55 - 0:07:48 - Running average train loss is 0.7911712408065796 at epoch 239
INFO - 01/27/26 11:08:55 - 0:07:48 - At 240-th epoch with lr 0.000816.
INFO - 01/27/26 11:08:57 - 0:07:50 - Running average train loss is 0.7911633181571961 at epoch 240
INFO - 01/27/26 11:08:57 - 0:07:50 - Average dev loss is 1.2769790490468342 at epoch 240
INFO - 01/27/26 11:08:58 - 0:07:51 - dev accuracy is 61.7 at epoch 240
INFO - 01/27/26 11:08:58 - 0:07:51 - dev average edit distance is 0.891 at epoch 240
INFO - 01/27/26 11:08:58 - 0:07:51 - At 241-th epoch with lr 0.000815.
INFO - 01/27/26 11:09:00 - 0:07:53 - Running average train loss is 0.7922484445571899 at epoch 241
INFO - 01/27/26 11:09:00 - 0:07:53 - At 242-th epoch with lr 0.000813.
INFO - 01/27/26 11:09:02 - 0:07:55 - Running average train loss is 0.7913867592811584 at epoch 242
INFO - 01/27/26 11:09:02 - 0:07:55 - At 243-th epoch with lr 0.000811.
INFO - 01/27/26 11:09:04 - 0:07:57 - Running average train loss is 0.7929886293411255 at epoch 243
INFO - 01/27/26 11:09:04 - 0:07:57 - At 244-th epoch with lr 0.000810.
INFO - 01/27/26 11:09:06 - 0:07:59 - Running average train loss is 0.7922070074081421 at epoch 244
INFO - 01/27/26 11:09:06 - 0:07:59 - At 245-th epoch with lr 0.000808.
INFO - 01/27/26 11:09:08 - 0:08:01 - Running average train loss is 0.7918263363838196 at epoch 245
INFO - 01/27/26 11:09:08 - 0:08:01 - At 246-th epoch with lr 0.000806.
INFO - 01/27/26 11:09:10 - 0:08:03 - Running average train loss is 0.7920628333091736 at epoch 246
INFO - 01/27/26 11:09:10 - 0:08:03 - At 247-th epoch with lr 0.000805.
INFO - 01/27/26 11:09:12 - 0:08:05 - Running average train loss is 0.7914809918403626 at epoch 247
INFO - 01/27/26 11:09:12 - 0:08:05 - At 248-th epoch with lr 0.000803.
INFO - 01/27/26 11:09:14 - 0:08:07 - Running average train loss is 0.7912944722175598 at epoch 248
INFO - 01/27/26 11:09:14 - 0:08:07 - At 249-th epoch with lr 0.000802.
INFO - 01/27/26 11:09:16 - 0:08:09 - Running average train loss is 0.7909660363197326 at epoch 249
INFO - 01/27/26 11:09:16 - 0:08:09 - At 250-th epoch with lr 0.000800.
INFO - 01/27/26 11:09:18 - 0:08:11 - Running average train loss is 0.7917455291748047 at epoch 250
INFO - 01/27/26 11:09:18 - 0:08:11 - At 251-th epoch with lr 0.000798.
INFO - 01/27/26 11:09:20 - 0:08:13 - Running average train loss is 0.7903136014938354 at epoch 251
INFO - 01/27/26 11:09:20 - 0:08:13 - At 252-th epoch with lr 0.000797.
INFO - 01/27/26 11:09:22 - 0:08:15 - Running average train loss is 0.7900818228721619 at epoch 252
INFO - 01/27/26 11:09:22 - 0:08:15 - At 253-th epoch with lr 0.000795.
INFO - 01/27/26 11:09:24 - 0:08:17 - Running average train loss is 0.7912178444862366 at epoch 253
INFO - 01/27/26 11:09:24 - 0:08:17 - At 254-th epoch with lr 0.000794.
INFO - 01/27/26 11:09:26 - 0:08:19 - Running average train loss is 0.7902375078201294 at epoch 254
INFO - 01/27/26 11:09:26 - 0:08:19 - At 255-th epoch with lr 0.000792.
INFO - 01/27/26 11:09:28 - 0:08:21 - Running average train loss is 0.7902229595184326 at epoch 255
INFO - 01/27/26 11:09:28 - 0:08:21 - At 256-th epoch with lr 0.000791.
INFO - 01/27/26 11:09:30 - 0:08:23 - Running average train loss is 0.791129424571991 at epoch 256
INFO - 01/27/26 11:09:30 - 0:08:23 - Average dev loss is 1.2418084541956584 at epoch 256
INFO - 01/27/26 11:09:31 - 0:08:24 - dev accuracy is 62.7 at epoch 256
INFO - 01/27/26 11:09:31 - 0:08:24 - dev average edit distance is 0.881 at epoch 256
INFO - 01/27/26 11:09:31 - 0:08:24 - At 257-th epoch with lr 0.000789.
INFO - 01/27/26 11:09:33 - 0:08:26 - Running average train loss is 0.7915496325492859 at epoch 257
INFO - 01/27/26 11:09:33 - 0:08:26 - At 258-th epoch with lr 0.000787.
INFO - 01/27/26 11:09:35 - 0:08:28 - Running average train loss is 0.7915366315841674 at epoch 258
INFO - 01/27/26 11:09:35 - 0:08:28 - At 259-th epoch with lr 0.000786.
INFO - 01/27/26 11:09:37 - 0:08:30 - Running average train loss is 0.7904269790649414 at epoch 259
INFO - 01/27/26 11:09:37 - 0:08:30 - At 260-th epoch with lr 0.000784.
INFO - 01/27/26 11:09:39 - 0:08:32 - Running average train loss is 0.7912633419036865 at epoch 260
INFO - 01/27/26 11:09:39 - 0:08:32 - At 261-th epoch with lr 0.000783.
INFO - 01/27/26 11:09:42 - 0:08:34 - Running average train loss is 0.7911756587028503 at epoch 261
INFO - 01/27/26 11:09:42 - 0:08:34 - At 262-th epoch with lr 0.000781.
INFO - 01/27/26 11:09:44 - 0:08:36 - Running average train loss is 0.7905300998687744 at epoch 262
INFO - 01/27/26 11:09:44 - 0:08:36 - At 263-th epoch with lr 0.000780.
INFO - 01/27/26 11:09:45 - 0:08:38 - Running average train loss is 0.79038503408432 at epoch 263
INFO - 01/27/26 11:09:45 - 0:08:38 - At 264-th epoch with lr 0.000778.
INFO - 01/27/26 11:09:47 - 0:08:40 - Running average train loss is 0.7907195353507995 at epoch 264
INFO - 01/27/26 11:09:47 - 0:08:40 - At 265-th epoch with lr 0.000777.
INFO - 01/27/26 11:09:49 - 0:08:42 - Running average train loss is 0.7917560338973999 at epoch 265
INFO - 01/27/26 11:09:49 - 0:08:42 - At 266-th epoch with lr 0.000776.
INFO - 01/27/26 11:09:51 - 0:08:44 - Running average train loss is 0.7904675054550171 at epoch 266
INFO - 01/27/26 11:09:51 - 0:08:44 - At 267-th epoch with lr 0.000774.
INFO - 01/27/26 11:09:53 - 0:08:46 - Running average train loss is 0.7900657773017883 at epoch 267
INFO - 01/27/26 11:09:53 - 0:08:46 - At 268-th epoch with lr 0.000773.
INFO - 01/27/26 11:09:55 - 0:08:48 - Running average train loss is 0.7903395414352417 at epoch 268
INFO - 01/27/26 11:09:55 - 0:08:48 - At 269-th epoch with lr 0.000771.
INFO - 01/27/26 11:09:57 - 0:08:50 - Running average train loss is 0.7904159951210022 at epoch 269
INFO - 01/27/26 11:09:57 - 0:08:50 - At 270-th epoch with lr 0.000770.
INFO - 01/27/26 11:09:59 - 0:08:51 - Running average train loss is 0.7904879593849182 at epoch 270
INFO - 01/27/26 11:09:59 - 0:08:51 - At 271-th epoch with lr 0.000768.
INFO - 01/27/26 11:10:01 - 0:08:54 - Running average train loss is 0.7899898076057434 at epoch 271
INFO - 01/27/26 11:10:01 - 0:08:54 - At 272-th epoch with lr 0.000767.
INFO - 01/27/26 11:10:03 - 0:08:56 - Running average train loss is 0.7905234456062317 at epoch 272
INFO - 01/27/26 11:10:03 - 0:08:56 - Average dev loss is 1.2454278866449993 at epoch 272
INFO - 01/27/26 11:10:04 - 0:08:56 - dev accuracy is 56.8 at epoch 272
INFO - 01/27/26 11:10:04 - 0:08:56 - dev average edit distance is 0.945 at epoch 272
INFO - 01/27/26 11:10:04 - 0:08:57 - At 273-th epoch with lr 0.000766.
INFO - 01/27/26 11:10:06 - 0:08:59 - Running average train loss is 0.7903619194030762 at epoch 273
INFO - 01/27/26 11:10:06 - 0:08:59 - At 274-th epoch with lr 0.000764.
INFO - 01/27/26 11:10:08 - 0:09:00 - Running average train loss is 0.7891751217842102 at epoch 274
INFO - 01/27/26 11:10:08 - 0:09:00 - At 275-th epoch with lr 0.000763.
INFO - 01/27/26 11:10:09 - 0:09:02 - Running average train loss is 0.7893562960624695 at epoch 275
INFO - 01/27/26 11:10:09 - 0:09:02 - At 276-th epoch with lr 0.000761.
INFO - 01/27/26 11:10:11 - 0:09:04 - Running average train loss is 0.7902360987663269 at epoch 276
INFO - 01/27/26 11:10:11 - 0:09:04 - At 277-th epoch with lr 0.000760.
INFO - 01/27/26 11:10:13 - 0:09:05 - Running average train loss is 0.7906888675689697 at epoch 277
INFO - 01/27/26 11:10:13 - 0:09:05 - At 278-th epoch with lr 0.000759.
INFO - 01/27/26 11:10:14 - 0:09:07 - Running average train loss is 0.7901741147041321 at epoch 278
INFO - 01/27/26 11:10:14 - 0:09:07 - At 279-th epoch with lr 0.000757.
INFO - 01/27/26 11:10:16 - 0:09:09 - Running average train loss is 0.7904659247398377 at epoch 279
INFO - 01/27/26 11:10:16 - 0:09:09 - At 280-th epoch with lr 0.000756.
INFO - 01/27/26 11:10:17 - 0:09:10 - Running average train loss is 0.7898940110206604 at epoch 280
INFO - 01/27/26 11:10:17 - 0:09:10 - At 281-th epoch with lr 0.000755.
INFO - 01/27/26 11:10:19 - 0:09:12 - Running average train loss is 0.788869035243988 at epoch 281
INFO - 01/27/26 11:10:19 - 0:09:12 - At 282-th epoch with lr 0.000753.
INFO - 01/27/26 11:10:21 - 0:09:13 - Running average train loss is 0.7891572761535645 at epoch 282
INFO - 01/27/26 11:10:21 - 0:09:13 - At 283-th epoch with lr 0.000752.
INFO - 01/27/26 11:10:22 - 0:09:15 - Running average train loss is 0.7898747110366822 at epoch 283
INFO - 01/27/26 11:10:22 - 0:09:15 - At 284-th epoch with lr 0.000751.
INFO - 01/27/26 11:10:24 - 0:09:17 - Running average train loss is 0.7901695847511292 at epoch 284
INFO - 01/27/26 11:10:24 - 0:09:17 - At 285-th epoch with lr 0.000749.
INFO - 01/27/26 11:10:26 - 0:09:18 - Running average train loss is 0.7898987650871276 at epoch 285
INFO - 01/27/26 11:10:26 - 0:09:18 - At 286-th epoch with lr 0.000748.
INFO - 01/27/26 11:10:27 - 0:09:20 - Running average train loss is 0.7901504373550415 at epoch 286
INFO - 01/27/26 11:10:27 - 0:09:20 - At 287-th epoch with lr 0.000747.
INFO - 01/27/26 11:10:29 - 0:09:22 - Running average train loss is 0.7893323254585266 at epoch 287
INFO - 01/27/26 11:10:29 - 0:09:22 - At 288-th epoch with lr 0.000745.
INFO - 01/27/26 11:10:31 - 0:09:23 - Running average train loss is 0.7889902567863465 at epoch 288
INFO - 01/27/26 11:10:31 - 0:09:23 - Average dev loss is 1.2324959834416707 at epoch 288
INFO - 01/27/26 11:10:31 - 0:09:24 - dev accuracy is 60.3 at epoch 288
INFO - 01/27/26 11:10:31 - 0:09:24 - dev average edit distance is 0.947 at epoch 288
INFO - 01/27/26 11:10:31 - 0:09:24 - At 289-th epoch with lr 0.000744.
INFO - 01/27/26 11:10:33 - 0:09:26 - Running average train loss is 0.7899519395828247 at epoch 289
INFO - 01/27/26 11:10:33 - 0:09:26 - At 290-th epoch with lr 0.000743.
INFO - 01/27/26 11:10:34 - 0:09:27 - Running average train loss is 0.790250256061554 at epoch 290
INFO - 01/27/26 11:10:34 - 0:09:27 - At 291-th epoch with lr 0.000742.
INFO - 01/27/26 11:10:36 - 0:09:29 - Running average train loss is 0.7899095392227173 at epoch 291
INFO - 01/27/26 11:10:36 - 0:09:29 - At 292-th epoch with lr 0.000740.
INFO - 01/27/26 11:10:38 - 0:09:30 - Running average train loss is 0.7900431323051452 at epoch 292
INFO - 01/27/26 11:10:38 - 0:09:30 - At 293-th epoch with lr 0.000739.
INFO - 01/27/26 11:10:39 - 0:09:32 - Running average train loss is 0.7888984990119934 at epoch 293
INFO - 01/27/26 11:10:39 - 0:09:32 - At 294-th epoch with lr 0.000738.
INFO - 01/27/26 11:10:41 - 0:09:34 - Running average train loss is 0.7897178840637207 at epoch 294
INFO - 01/27/26 11:10:41 - 0:09:34 - At 295-th epoch with lr 0.000736.
INFO - 01/27/26 11:10:43 - 0:09:35 - Running average train loss is 0.7894408297538758 at epoch 295
INFO - 01/27/26 11:10:43 - 0:09:35 - At 296-th epoch with lr 0.000735.
INFO - 01/27/26 11:10:44 - 0:09:37 - Running average train loss is 0.7887389254570008 at epoch 296
INFO - 01/27/26 11:10:44 - 0:09:37 - At 297-th epoch with lr 0.000734.
INFO - 01/27/26 11:10:46 - 0:09:39 - Running average train loss is 0.7891654515266419 at epoch 297
INFO - 01/27/26 11:10:46 - 0:09:39 - At 298-th epoch with lr 0.000733.
INFO - 01/27/26 11:10:48 - 0:09:40 - Running average train loss is 0.7893340373039246 at epoch 298
INFO - 01/27/26 11:10:48 - 0:09:40 - At 299-th epoch with lr 0.000732.
INFO - 01/27/26 11:10:49 - 0:09:42 - Running average train loss is 0.7902429413795471 at epoch 299
INFO - 01/27/26 11:10:49 - 0:09:42 - At 300-th epoch with lr 0.000730.
INFO - 01/27/26 11:10:51 - 0:09:44 - Running average train loss is 0.7892248868942261 at epoch 300
INFO - 01/27/26 11:10:51 - 0:09:44 - At 301-th epoch with lr 0.000729.
INFO - 01/27/26 11:10:52 - 0:09:45 - Running average train loss is 0.7885966563224792 at epoch 301
INFO - 01/27/26 11:10:52 - 0:09:45 - At 302-th epoch with lr 0.000728.
INFO - 01/27/26 11:10:54 - 0:09:47 - Running average train loss is 0.7891921520233154 at epoch 302
INFO - 01/27/26 11:10:54 - 0:09:47 - At 303-th epoch with lr 0.000727.
INFO - 01/27/26 11:10:56 - 0:09:48 - Running average train loss is 0.7890187430381775 at epoch 303
INFO - 01/27/26 11:10:56 - 0:09:48 - At 304-th epoch with lr 0.000725.
INFO - 01/27/26 11:10:57 - 0:09:50 - Running average train loss is 0.7883348798751831 at epoch 304
INFO - 01/27/26 11:10:57 - 0:09:50 - Average dev loss is 1.2741120258967082 at epoch 304
INFO - 01/27/26 11:10:58 - 0:09:51 - dev accuracy is 56.7 at epoch 304
INFO - 01/27/26 11:10:58 - 0:09:51 - dev average edit distance is 1.003 at epoch 304
INFO - 01/27/26 11:10:58 - 0:09:51 - At 305-th epoch with lr 0.000724.
INFO - 01/27/26 11:11:00 - 0:09:52 - Running average train loss is 0.7887319564819336 at epoch 305
INFO - 01/27/26 11:11:00 - 0:09:52 - At 306-th epoch with lr 0.000723.
INFO - 01/27/26 11:11:01 - 0:09:54 - Running average train loss is 0.7888241291046143 at epoch 306
INFO - 01/27/26 11:11:01 - 0:09:54 - At 307-th epoch with lr 0.000722.
INFO - 01/27/26 11:11:03 - 0:09:56 - Running average train loss is 0.7891487717628479 at epoch 307
INFO - 01/27/26 11:11:03 - 0:09:56 - At 308-th epoch with lr 0.000721.
INFO - 01/27/26 11:11:04 - 0:09:57 - Running average train loss is 0.7884574556350707 at epoch 308
INFO - 01/27/26 11:11:04 - 0:09:57 - At 309-th epoch with lr 0.000720.
INFO - 01/27/26 11:11:06 - 0:09:59 - Running average train loss is 0.7893642091751099 at epoch 309
INFO - 01/27/26 11:11:06 - 0:09:59 - At 310-th epoch with lr 0.000718.
INFO - 01/27/26 11:11:08 - 0:10:00 - Running average train loss is 0.7885838103294373 at epoch 310
INFO - 01/27/26 11:11:08 - 0:10:00 - At 311-th epoch with lr 0.000717.
INFO - 01/27/26 11:11:09 - 0:10:02 - Running average train loss is 0.7886032581329345 at epoch 311
INFO - 01/27/26 11:11:09 - 0:10:02 - At 312-th epoch with lr 0.000716.
INFO - 01/27/26 11:11:11 - 0:10:04 - Running average train loss is 0.7891740798950195 at epoch 312
INFO - 01/27/26 11:11:11 - 0:10:04 - At 313-th epoch with lr 0.000715.
INFO - 01/27/26 11:11:13 - 0:10:05 - Running average train loss is 0.7880419826507569 at epoch 313
INFO - 01/27/26 11:11:13 - 0:10:05 - At 314-th epoch with lr 0.000714.
INFO - 01/27/26 11:11:14 - 0:10:07 - Running average train loss is 0.7891417026519776 at epoch 314
INFO - 01/27/26 11:11:14 - 0:10:07 - At 315-th epoch with lr 0.000713.
INFO - 01/27/26 11:11:16 - 0:10:09 - Running average train loss is 0.7894491815567016 at epoch 315
INFO - 01/27/26 11:11:16 - 0:10:09 - At 316-th epoch with lr 0.000712.
INFO - 01/27/26 11:11:18 - 0:10:10 - Running average train loss is 0.7881543636322021 at epoch 316
INFO - 01/27/26 11:11:18 - 0:10:10 - At 317-th epoch with lr 0.000710.
INFO - 01/27/26 11:11:19 - 0:10:12 - Running average train loss is 0.7884988784790039 at epoch 317
INFO - 01/27/26 11:11:19 - 0:10:12 - At 318-th epoch with lr 0.000709.
INFO - 01/27/26 11:11:21 - 0:10:13 - Running average train loss is 0.7885309767723083 at epoch 318
INFO - 01/27/26 11:11:21 - 0:10:13 - At 319-th epoch with lr 0.000708.
INFO - 01/27/26 11:11:22 - 0:10:15 - Running average train loss is 0.7883850693702698 at epoch 319
INFO - 01/27/26 11:11:22 - 0:10:15 - At 320-th epoch with lr 0.000707.
INFO - 01/27/26 11:11:24 - 0:10:17 - Running average train loss is 0.7887787437438964 at epoch 320
INFO - 01/27/26 11:11:24 - 0:10:17 - Average dev loss is 1.275938908259074 at epoch 320
INFO - 01/27/26 11:11:25 - 0:10:17 - dev accuracy is 60.3 at epoch 320
INFO - 01/27/26 11:11:25 - 0:10:17 - dev average edit distance is 0.909 at epoch 320
INFO - 01/27/26 11:11:25 - 0:10:17 - At 321-th epoch with lr 0.000706.
INFO - 01/27/26 11:11:27 - 0:10:19 - Running average train loss is 0.7884897351264953 at epoch 321
INFO - 01/27/26 11:11:27 - 0:10:19 - At 322-th epoch with lr 0.000705.
INFO - 01/27/26 11:11:28 - 0:10:21 - Running average train loss is 0.7886597323417663 at epoch 322
INFO - 01/27/26 11:11:28 - 0:10:21 - At 323-th epoch with lr 0.000704.
INFO - 01/27/26 11:11:30 - 0:10:23 - Running average train loss is 0.7888919830322265 at epoch 323
INFO - 01/27/26 11:11:30 - 0:10:23 - At 324-th epoch with lr 0.000703.
INFO - 01/27/26 11:11:33 - 0:10:25 - Running average train loss is 0.7879755973815918 at epoch 324
INFO - 01/27/26 11:11:33 - 0:10:25 - At 325-th epoch with lr 0.000702.
INFO - 01/27/26 11:11:35 - 0:10:27 - Running average train loss is 0.7881941843032837 at epoch 325
INFO - 01/27/26 11:11:35 - 0:10:27 - At 326-th epoch with lr 0.000701.
INFO - 01/27/26 11:11:37 - 0:10:29 - Running average train loss is 0.7884082388877869 at epoch 326
INFO - 01/27/26 11:11:37 - 0:10:29 - At 327-th epoch with lr 0.000699.
INFO - 01/27/26 11:11:38 - 0:10:31 - Running average train loss is 0.7881932544708252 at epoch 327
INFO - 01/27/26 11:11:38 - 0:10:31 - At 328-th epoch with lr 0.000698.
INFO - 01/27/26 11:11:40 - 0:10:33 - Running average train loss is 0.7880239677429199 at epoch 328
INFO - 01/27/26 11:11:40 - 0:10:33 - At 329-th epoch with lr 0.000697.
INFO - 01/27/26 11:11:42 - 0:10:34 - Running average train loss is 0.7879866981506347 at epoch 329
INFO - 01/27/26 11:11:42 - 0:10:34 - At 330-th epoch with lr 0.000696.
INFO - 01/27/26 11:11:44 - 0:10:36 - Running average train loss is 0.7889990139007569 at epoch 330
INFO - 01/27/26 11:11:44 - 0:10:36 - At 331-th epoch with lr 0.000695.
INFO - 01/27/26 11:11:46 - 0:10:38 - Running average train loss is 0.7884422397613525 at epoch 331
INFO - 01/27/26 11:11:46 - 0:10:38 - At 332-th epoch with lr 0.000694.
INFO - 01/27/26 11:11:47 - 0:10:40 - Running average train loss is 0.7883034634590149 at epoch 332
INFO - 01/27/26 11:11:47 - 0:10:40 - At 333-th epoch with lr 0.000693.
INFO - 01/27/26 11:11:49 - 0:10:42 - Running average train loss is 0.7881004548072815 at epoch 333
INFO - 01/27/26 11:11:49 - 0:10:42 - At 334-th epoch with lr 0.000692.
INFO - 01/27/26 11:11:51 - 0:10:43 - Running average train loss is 0.7882354807853699 at epoch 334
INFO - 01/27/26 11:11:51 - 0:10:43 - At 335-th epoch with lr 0.000691.
INFO - 01/27/26 11:11:53 - 0:10:45 - Running average train loss is 0.7880947685241699 at epoch 335
INFO - 01/27/26 11:11:53 - 0:10:45 - At 336-th epoch with lr 0.000690.
INFO - 01/27/26 11:11:55 - 0:10:47 - Running average train loss is 0.7884529256820678 at epoch 336
INFO - 01/27/26 11:11:55 - 0:10:47 - Average dev loss is 1.2557149330774944 at epoch 336
INFO - 01/27/26 11:11:56 - 0:10:48 - dev accuracy is 58.5 at epoch 336
INFO - 01/27/26 11:11:56 - 0:10:48 - dev average edit distance is 0.97 at epoch 336
INFO - 01/27/26 11:11:56 - 0:10:48 - At 337-th epoch with lr 0.000689.
INFO - 01/27/26 11:11:58 - 0:10:51 - Running average train loss is 0.7885491180419922 at epoch 337
INFO - 01/27/26 11:11:58 - 0:10:51 - At 338-th epoch with lr 0.000688.
INFO - 01/27/26 11:12:00 - 0:10:53 - Running average train loss is 0.7890016341209412 at epoch 338
INFO - 01/27/26 11:12:00 - 0:10:53 - At 339-th epoch with lr 0.000687.
INFO - 01/27/26 11:12:02 - 0:10:55 - Running average train loss is 0.7879550790786743 at epoch 339
INFO - 01/27/26 11:12:02 - 0:10:55 - At 340-th epoch with lr 0.000686.
INFO - 01/27/26 11:12:04 - 0:10:57 - Running average train loss is 0.7875074672698975 at epoch 340
INFO - 01/27/26 11:12:04 - 0:10:57 - At 341-th epoch with lr 0.000685.
INFO - 01/27/26 11:12:06 - 0:10:59 - Running average train loss is 0.7877642631530761 at epoch 341
INFO - 01/27/26 11:12:06 - 0:10:59 - At 342-th epoch with lr 0.000684.
INFO - 01/27/26 11:12:08 - 0:11:01 - Running average train loss is 0.7881512117385864 at epoch 342
INFO - 01/27/26 11:12:08 - 0:11:01 - At 343-th epoch with lr 0.000683.
INFO - 01/27/26 11:12:10 - 0:11:02 - Running average train loss is 0.7879810810089112 at epoch 343
INFO - 01/27/26 11:12:10 - 0:11:02 - At 344-th epoch with lr 0.000682.
INFO - 01/27/26 11:12:12 - 0:11:04 - Running average train loss is 0.7881346821784974 at epoch 344
INFO - 01/27/26 11:12:12 - 0:11:04 - At 345-th epoch with lr 0.000681.
INFO - 01/27/26 11:12:14 - 0:11:06 - Running average train loss is 0.7882919239997864 at epoch 345
INFO - 01/27/26 11:12:14 - 0:11:06 - At 346-th epoch with lr 0.000680.
INFO - 01/27/26 11:12:15 - 0:11:08 - Running average train loss is 0.7875533676147461 at epoch 346
INFO - 01/27/26 11:12:15 - 0:11:08 - At 347-th epoch with lr 0.000679.
INFO - 01/27/26 11:12:17 - 0:11:10 - Running average train loss is 0.7879476094245911 at epoch 347
INFO - 01/27/26 11:12:17 - 0:11:10 - At 348-th epoch with lr 0.000678.
INFO - 01/27/26 11:12:19 - 0:11:12 - Running average train loss is 0.7884476709365845 at epoch 348
INFO - 01/27/26 11:12:19 - 0:11:12 - At 349-th epoch with lr 0.000677.
INFO - 01/27/26 11:12:21 - 0:11:14 - Running average train loss is 0.7880119490623474 at epoch 349
INFO - 01/27/26 11:12:21 - 0:11:14 - At 350-th epoch with lr 0.000676.
INFO - 01/27/26 11:12:23 - 0:11:16 - Running average train loss is 0.7876076745986939 at epoch 350
INFO - 01/27/26 11:12:23 - 0:11:16 - At 351-th epoch with lr 0.000675.
INFO - 01/27/26 11:12:25 - 0:11:18 - Running average train loss is 0.7877247524261475 at epoch 351
INFO - 01/27/26 11:12:25 - 0:11:18 - At 352-th epoch with lr 0.000674.
INFO - 01/27/26 11:12:26 - 0:11:19 - Running average train loss is 0.7873861956596374 at epoch 352
INFO - 01/27/26 11:12:27 - 0:11:19 - Average dev loss is 1.2561960220336914 at epoch 352
INFO - 01/27/26 11:12:27 - 0:11:20 - dev accuracy is 58.7 at epoch 352
INFO - 01/27/26 11:12:27 - 0:11:20 - dev average edit distance is 0.902 at epoch 352
INFO - 01/27/26 11:12:27 - 0:11:20 - At 353-th epoch with lr 0.000673.
INFO - 01/27/26 11:12:29 - 0:11:22 - Running average train loss is 0.7873237347602844 at epoch 353
INFO - 01/27/26 11:12:29 - 0:11:22 - At 354-th epoch with lr 0.000672.
INFO - 01/27/26 11:12:31 - 0:11:24 - Running average train loss is 0.7880491852760315 at epoch 354
INFO - 01/27/26 11:12:31 - 0:11:24 - At 355-th epoch with lr 0.000671.
INFO - 01/27/26 11:12:33 - 0:11:26 - Running average train loss is 0.7885777354240417 at epoch 355
INFO - 01/27/26 11:12:33 - 0:11:26 - At 356-th epoch with lr 0.000670.
INFO - 01/27/26 11:12:35 - 0:11:28 - Running average train loss is 0.7879127478599548 at epoch 356
INFO - 01/27/26 11:12:35 - 0:11:28 - At 357-th epoch with lr 0.000669.
INFO - 01/27/26 11:12:37 - 0:11:30 - Running average train loss is 0.7871035456657409 at epoch 357
INFO - 01/27/26 11:12:37 - 0:11:30 - At 358-th epoch with lr 0.000669.
INFO - 01/27/26 11:12:39 - 0:11:32 - Running average train loss is 0.7876120638847351 at epoch 358
INFO - 01/27/26 11:12:39 - 0:11:32 - At 359-th epoch with lr 0.000668.
INFO - 01/27/26 11:12:41 - 0:11:34 - Running average train loss is 0.7877260231971741 at epoch 359
INFO - 01/27/26 11:12:41 - 0:11:34 - At 360-th epoch with lr 0.000667.
INFO - 01/27/26 11:12:43 - 0:11:36 - Running average train loss is 0.7875324773788452 at epoch 360
INFO - 01/27/26 11:12:43 - 0:11:36 - At 361-th epoch with lr 0.000666.
INFO - 01/27/26 11:12:45 - 0:11:38 - Running average train loss is 0.7875220918655396 at epoch 361
INFO - 01/27/26 11:12:45 - 0:11:38 - At 362-th epoch with lr 0.000665.
INFO - 01/27/26 11:12:47 - 0:11:39 - Running average train loss is 0.7879016757011413 at epoch 362
INFO - 01/27/26 11:12:47 - 0:11:39 - At 363-th epoch with lr 0.000664.
INFO - 01/27/26 11:12:48 - 0:11:41 - Running average train loss is 0.787118694782257 at epoch 363
INFO - 01/27/26 11:12:48 - 0:11:41 - At 364-th epoch with lr 0.000663.
INFO - 01/27/26 11:12:50 - 0:11:43 - Running average train loss is 0.7876546788215637 at epoch 364
INFO - 01/27/26 11:12:50 - 0:11:43 - At 365-th epoch with lr 0.000662.
INFO - 01/27/26 11:12:52 - 0:11:45 - Running average train loss is 0.7879802322387696 at epoch 365
INFO - 01/27/26 11:12:52 - 0:11:45 - At 366-th epoch with lr 0.000661.
INFO - 01/27/26 11:12:54 - 0:11:47 - Running average train loss is 0.787953040599823 at epoch 366
INFO - 01/27/26 11:12:54 - 0:11:47 - At 367-th epoch with lr 0.000660.
INFO - 01/27/26 11:12:56 - 0:11:49 - Running average train loss is 0.7874612307548523 at epoch 367
INFO - 01/27/26 11:12:56 - 0:11:49 - At 368-th epoch with lr 0.000659.
INFO - 01/27/26 11:12:58 - 0:11:50 - Running average train loss is 0.7874009537696839 at epoch 368
INFO - 01/27/26 11:12:58 - 0:11:50 - Average dev loss is 1.3116254409154255 at epoch 368
INFO - 01/27/26 11:12:58 - 0:11:51 - dev accuracy is 61.7 at epoch 368
INFO - 01/27/26 11:12:58 - 0:11:51 - dev average edit distance is 0.852 at epoch 368
INFO - 01/27/26 11:12:58 - 0:11:51 - At 369-th epoch with lr 0.000658.
INFO - 01/27/26 11:13:00 - 0:11:53 - Running average train loss is 0.7870335626602173 at epoch 369
INFO - 01/27/26 11:13:00 - 0:11:53 - At 370-th epoch with lr 0.000658.
INFO - 01/27/26 11:13:02 - 0:11:54 - Running average train loss is 0.7870418357849122 at epoch 370
INFO - 01/27/26 11:13:02 - 0:11:54 - At 371-th epoch with lr 0.000657.
INFO - 01/27/26 11:13:03 - 0:11:56 - Running average train loss is 0.786777868270874 at epoch 371
INFO - 01/27/26 11:13:03 - 0:11:56 - At 372-th epoch with lr 0.000656.
INFO - 01/27/26 11:13:05 - 0:11:58 - Running average train loss is 0.7867838120460511 at epoch 372
INFO - 01/27/26 11:13:05 - 0:11:58 - At 373-th epoch with lr 0.000655.
INFO - 01/27/26 11:13:07 - 0:12:00 - Running average train loss is 0.7873436284065246 at epoch 373
INFO - 01/27/26 11:13:07 - 0:12:00 - At 374-th epoch with lr 0.000654.
INFO - 01/27/26 11:13:09 - 0:12:02 - Running average train loss is 0.78723876953125 at epoch 374
INFO - 01/27/26 11:13:09 - 0:12:02 - At 375-th epoch with lr 0.000653.
INFO - 01/27/26 11:13:11 - 0:12:03 - Running average train loss is 0.7874841547012329 at epoch 375
INFO - 01/27/26 11:13:11 - 0:12:03 - At 376-th epoch with lr 0.000652.
INFO - 01/27/26 11:13:12 - 0:12:05 - Running average train loss is 0.7873685717582702 at epoch 376
INFO - 01/27/26 11:13:12 - 0:12:05 - At 377-th epoch with lr 0.000651.
INFO - 01/27/26 11:13:14 - 0:12:07 - Running average train loss is 0.7872927951812744 at epoch 377
INFO - 01/27/26 11:13:14 - 0:12:07 - At 378-th epoch with lr 0.000651.
INFO - 01/27/26 11:13:16 - 0:12:09 - Running average train loss is 0.7865786719322204 at epoch 378
INFO - 01/27/26 11:13:16 - 0:12:09 - At 379-th epoch with lr 0.000650.
INFO - 01/27/26 11:13:18 - 0:12:11 - Running average train loss is 0.7867386770248413 at epoch 379
INFO - 01/27/26 11:13:18 - 0:12:11 - At 380-th epoch with lr 0.000649.
INFO - 01/27/26 11:13:20 - 0:12:13 - Running average train loss is 0.7873011398315429 at epoch 380
INFO - 01/27/26 11:13:20 - 0:12:13 - At 381-th epoch with lr 0.000648.
INFO - 01/27/26 11:13:22 - 0:12:14 - Running average train loss is 0.7882727885246277 at epoch 381
INFO - 01/27/26 11:13:22 - 0:12:14 - At 382-th epoch with lr 0.000647.
INFO - 01/27/26 11:13:24 - 0:12:16 - Running average train loss is 0.7871436095237732 at epoch 382
INFO - 01/27/26 11:13:24 - 0:12:16 - At 383-th epoch with lr 0.000646.
INFO - 01/27/26 11:13:25 - 0:12:18 - Running average train loss is 0.7868093156814575 at epoch 383
INFO - 01/27/26 11:13:25 - 0:12:18 - At 384-th epoch with lr 0.000645.
INFO - 01/27/26 11:13:27 - 0:12:20 - Running average train loss is 0.7880662393569946 at epoch 384
INFO - 01/27/26 11:13:27 - 0:12:20 - Average dev loss is 1.2575537761052449 at epoch 384
INFO - 01/27/26 11:13:27 - 0:12:20 - dev accuracy is 63.8 at epoch 384
INFO - 01/27/26 11:13:27 - 0:12:20 - dev average edit distance is 0.805 at epoch 384
INFO - 01/27/26 11:13:28 - 0:12:20 - At 385-th epoch with lr 0.000645.
INFO - 01/27/26 11:13:29 - 0:12:22 - Running average train loss is 0.7870162081718445 at epoch 385
INFO - 01/27/26 11:13:29 - 0:12:22 - At 386-th epoch with lr 0.000644.
INFO - 01/27/26 11:13:31 - 0:12:24 - Running average train loss is 0.7868715620040894 at epoch 386
INFO - 01/27/26 11:13:31 - 0:12:24 - At 387-th epoch with lr 0.000643.
INFO - 01/27/26 11:13:32 - 0:12:25 - Running average train loss is 0.7878200149536133 at epoch 387
INFO - 01/27/26 11:13:32 - 0:12:25 - At 388-th epoch with lr 0.000642.
INFO - 01/27/26 11:13:34 - 0:12:27 - Running average train loss is 0.7867056393623352 at epoch 388
INFO - 01/27/26 11:13:34 - 0:12:27 - At 389-th epoch with lr 0.000641.
INFO - 01/27/26 11:13:36 - 0:12:28 - Running average train loss is 0.7869248652458191 at epoch 389
INFO - 01/27/26 11:13:36 - 0:12:28 - At 390-th epoch with lr 0.000641.
INFO - 01/27/26 11:13:37 - 0:12:30 - Running average train loss is 0.786841893196106 at epoch 390
INFO - 01/27/26 11:13:37 - 0:12:30 - At 391-th epoch with lr 0.000640.
INFO - 01/27/26 11:13:39 - 0:12:32 - Running average train loss is 0.7868515682220459 at epoch 391
INFO - 01/27/26 11:13:39 - 0:12:32 - At 392-th epoch with lr 0.000639.
INFO - 01/27/26 11:13:41 - 0:12:34 - Running average train loss is 0.7867544221878052 at epoch 392
INFO - 01/27/26 11:13:41 - 0:12:34 - At 393-th epoch with lr 0.000638.
INFO - 01/27/26 11:13:42 - 0:12:35 - Running average train loss is 0.7865456986427307 at epoch 393
INFO - 01/27/26 11:13:42 - 0:12:35 - At 394-th epoch with lr 0.000637.
INFO - 01/27/26 11:13:44 - 0:12:37 - Running average train loss is 0.7867118358612061 at epoch 394
INFO - 01/27/26 11:13:44 - 0:12:37 - At 395-th epoch with lr 0.000636.
INFO - 01/27/26 11:13:46 - 0:12:38 - Running average train loss is 0.7867602062225342 at epoch 395
INFO - 01/27/26 11:13:46 - 0:12:38 - At 396-th epoch with lr 0.000636.
INFO - 01/27/26 11:13:47 - 0:12:40 - Running average train loss is 0.7866008043289184 at epoch 396
INFO - 01/27/26 11:13:47 - 0:12:40 - At 397-th epoch with lr 0.000635.
INFO - 01/27/26 11:13:49 - 0:12:42 - Running average train loss is 0.7872799324989319 at epoch 397
INFO - 01/27/26 11:13:49 - 0:12:42 - At 398-th epoch with lr 0.000634.
INFO - 01/27/26 11:13:51 - 0:12:44 - Running average train loss is 0.7870584678649902 at epoch 398
INFO - 01/27/26 11:13:51 - 0:12:44 - At 399-th epoch with lr 0.000633.
INFO - 01/27/26 11:13:52 - 0:12:45 - Running average train loss is 0.7867289400100708 at epoch 399
INFO - 01/27/26 11:13:52 - 0:12:45 - At 400-th epoch with lr 0.000632.
INFO - 01/27/26 11:13:54 - 0:12:47 - Running average train loss is 0.7872671699523925 at epoch 400
INFO - 01/27/26 11:13:54 - 0:12:47 - Average dev loss is 1.2784674167633057 at epoch 400
INFO - 01/27/26 11:13:55 - 0:12:47 - dev accuracy is 56.0 at epoch 400
INFO - 01/27/26 11:13:55 - 0:12:47 - dev average edit distance is 0.953 at epoch 400
INFO - 01/27/26 11:13:55 - 0:12:47 - At 401-th epoch with lr 0.000632.
INFO - 01/27/26 11:13:56 - 0:12:49 - Running average train loss is 0.7871726322174072 at epoch 401
INFO - 01/27/26 11:13:56 - 0:12:49 - At 402-th epoch with lr 0.000631.
INFO - 01/27/26 11:13:58 - 0:12:51 - Running average train loss is 0.7872813248634338 at epoch 402
INFO - 01/27/26 11:13:58 - 0:12:51 - At 403-th epoch with lr 0.000630.
INFO - 01/27/26 11:14:00 - 0:12:52 - Running average train loss is 0.7869014954566955 at epoch 403
INFO - 01/27/26 11:14:00 - 0:12:52 - At 404-th epoch with lr 0.000629.
INFO - 01/27/26 11:14:01 - 0:12:54 - Running average train loss is 0.7864641785621643 at epoch 404
INFO - 01/27/26 11:14:01 - 0:12:54 - At 405-th epoch with lr 0.000629.
INFO - 01/27/26 11:14:03 - 0:12:56 - Running average train loss is 0.7865919661521912 at epoch 405
INFO - 01/27/26 11:14:03 - 0:12:56 - At 406-th epoch with lr 0.000628.
INFO - 01/27/26 11:14:05 - 0:12:57 - Running average train loss is 0.7868831062316894 at epoch 406
INFO - 01/27/26 11:14:05 - 0:12:57 - At 407-th epoch with lr 0.000627.
INFO - 01/27/26 11:14:06 - 0:12:59 - Running average train loss is 0.7872118997573853 at epoch 407
INFO - 01/27/26 11:14:06 - 0:12:59 - At 408-th epoch with lr 0.000626.
INFO - 01/27/26 11:14:08 - 0:13:01 - Running average train loss is 0.7867767071723938 at epoch 408
INFO - 01/27/26 11:14:08 - 0:13:01 - At 409-th epoch with lr 0.000625.
INFO - 01/27/26 11:14:10 - 0:13:02 - Running average train loss is 0.7863813924789429 at epoch 409
INFO - 01/27/26 11:14:10 - 0:13:02 - At 410-th epoch with lr 0.000625.
INFO - 01/27/26 11:14:11 - 0:13:04 - Running average train loss is 0.7870672988891602 at epoch 410
INFO - 01/27/26 11:14:11 - 0:13:04 - At 411-th epoch with lr 0.000624.
INFO - 01/27/26 11:14:13 - 0:13:06 - Running average train loss is 0.7866635537147522 at epoch 411
INFO - 01/27/26 11:14:13 - 0:13:06 - At 412-th epoch with lr 0.000623.
INFO - 01/27/26 11:14:15 - 0:13:07 - Running average train loss is 0.7867698812484741 at epoch 412
INFO - 01/27/26 11:14:15 - 0:13:07 - At 413-th epoch with lr 0.000622.
INFO - 01/27/26 11:14:16 - 0:13:09 - Running average train loss is 0.786098530292511 at epoch 413
INFO - 01/27/26 11:14:16 - 0:13:09 - At 414-th epoch with lr 0.000622.
INFO - 01/27/26 11:14:18 - 0:13:11 - Running average train loss is 0.7871354675292969 at epoch 414
INFO - 01/27/26 11:14:18 - 0:13:11 - At 415-th epoch with lr 0.000621.
INFO - 01/27/26 11:14:20 - 0:13:12 - Running average train loss is 0.7865605783462525 at epoch 415
INFO - 01/27/26 11:14:20 - 0:13:12 - At 416-th epoch with lr 0.000620.
INFO - 01/27/26 11:14:21 - 0:13:14 - Running average train loss is 0.7864336609840393 at epoch 416
INFO - 01/27/26 11:14:21 - 0:13:14 - Average dev loss is 1.2951006094614665 at epoch 416
INFO - 01/27/26 11:14:22 - 0:13:14 - dev accuracy is 57.8 at epoch 416
INFO - 01/27/26 11:14:22 - 0:13:14 - dev average edit distance is 0.95 at epoch 416
INFO - 01/27/26 11:14:22 - 0:13:15 - At 417-th epoch with lr 0.000619.
INFO - 01/27/26 11:14:23 - 0:13:16 - Running average train loss is 0.7858492875099182 at epoch 417
INFO - 01/27/26 11:14:23 - 0:13:16 - At 418-th epoch with lr 0.000619.
INFO - 01/27/26 11:14:25 - 0:13:18 - Running average train loss is 0.7870269107818604 at epoch 418
INFO - 01/27/26 11:14:25 - 0:13:18 - At 419-th epoch with lr 0.000618.
INFO - 01/27/26 11:14:27 - 0:13:19 - Running average train loss is 0.7865866279602051 at epoch 419
INFO - 01/27/26 11:14:27 - 0:13:19 - At 420-th epoch with lr 0.000617.
INFO - 01/27/26 11:14:28 - 0:13:21 - Running average train loss is 0.7872751641273499 at epoch 420
INFO - 01/27/26 11:14:28 - 0:13:21 - At 421-th epoch with lr 0.000616.
INFO - 01/27/26 11:14:30 - 0:13:23 - Running average train loss is 0.7866646599769592 at epoch 421
INFO - 01/27/26 11:14:30 - 0:13:23 - At 422-th epoch with lr 0.000616.
INFO - 01/27/26 11:14:32 - 0:13:24 - Running average train loss is 0.7863911819458008 at epoch 422
INFO - 01/27/26 11:14:32 - 0:13:24 - At 423-th epoch with lr 0.000615.
INFO - 01/27/26 11:14:33 - 0:13:26 - Running average train loss is 0.7869102382659912 at epoch 423
INFO - 01/27/26 11:14:33 - 0:13:26 - At 424-th epoch with lr 0.000614.
INFO - 01/27/26 11:14:35 - 0:13:28 - Running average train loss is 0.7869741153717041 at epoch 424
INFO - 01/27/26 11:14:35 - 0:13:28 - At 425-th epoch with lr 0.000614.
INFO - 01/27/26 11:14:37 - 0:13:29 - Running average train loss is 0.7863858246803284 at epoch 425
INFO - 01/27/26 11:14:37 - 0:13:29 - At 426-th epoch with lr 0.000613.
INFO - 01/27/26 11:14:38 - 0:13:31 - Running average train loss is 0.786724054813385 at epoch 426
INFO - 01/27/26 11:14:38 - 0:13:31 - At 427-th epoch with lr 0.000612.
INFO - 01/27/26 11:14:40 - 0:13:33 - Running average train loss is 0.7866086101531983 at epoch 427
INFO - 01/27/26 11:14:40 - 0:13:33 - At 428-th epoch with lr 0.000611.
INFO - 01/27/26 11:14:42 - 0:13:34 - Running average train loss is 0.7856478524208069 at epoch 428
INFO - 01/27/26 11:14:42 - 0:13:34 - At 429-th epoch with lr 0.000611.
INFO - 01/27/26 11:14:43 - 0:13:36 - Running average train loss is 0.7859784913063049 at epoch 429
INFO - 01/27/26 11:14:43 - 0:13:36 - At 430-th epoch with lr 0.000610.
INFO - 01/27/26 11:14:45 - 0:13:38 - Running average train loss is 0.7866816854476929 at epoch 430
INFO - 01/27/26 11:14:45 - 0:13:38 - At 431-th epoch with lr 0.000609.
INFO - 01/27/26 11:14:47 - 0:13:39 - Running average train loss is 0.7863766145706177 at epoch 431
INFO - 01/27/26 11:14:47 - 0:13:39 - At 432-th epoch with lr 0.000609.
INFO - 01/27/26 11:14:48 - 0:13:41 - Running average train loss is 0.7862342166900634 at epoch 432
INFO - 01/27/26 11:14:48 - 0:13:41 - Average dev loss is 1.27078644434611 at epoch 432
INFO - 01/27/26 11:14:49 - 0:13:41 - dev accuracy is 59.7 at epoch 432
INFO - 01/27/26 11:14:49 - 0:13:41 - dev average edit distance is 0.837 at epoch 432
INFO - 01/27/26 11:14:49 - 0:13:42 - At 433-th epoch with lr 0.000608.
INFO - 01/27/26 11:14:51 - 0:13:43 - Running average train loss is 0.7859728050231933 at epoch 433
INFO - 01/27/26 11:14:51 - 0:13:43 - At 434-th epoch with lr 0.000607.
INFO - 01/27/26 11:14:52 - 0:13:45 - Running average train loss is 0.7859853839874268 at epoch 434
INFO - 01/27/26 11:14:52 - 0:13:45 - At 435-th epoch with lr 0.000606.
INFO - 01/27/26 11:14:54 - 0:13:47 - Running average train loss is 0.7867586851119995 at epoch 435
INFO - 01/27/26 11:14:54 - 0:13:47 - At 436-th epoch with lr 0.000606.
INFO - 01/27/26 11:14:55 - 0:13:48 - Running average train loss is 0.7867560482025147 at epoch 436
INFO - 01/27/26 11:14:55 - 0:13:48 - At 437-th epoch with lr 0.000605.
INFO - 01/27/26 11:14:57 - 0:13:50 - Running average train loss is 0.7865784144401551 at epoch 437
INFO - 01/27/26 11:14:57 - 0:13:50 - At 438-th epoch with lr 0.000604.
INFO - 01/27/26 11:14:59 - 0:13:52 - Running average train loss is 0.7865285468101502 at epoch 438
INFO - 01/27/26 11:14:59 - 0:13:52 - At 439-th epoch with lr 0.000604.
INFO - 01/27/26 11:15:00 - 0:13:53 - Running average train loss is 0.7873857641220092 at epoch 439
INFO - 01/27/26 11:15:00 - 0:13:53 - At 440-th epoch with lr 0.000603.
INFO - 01/27/26 11:15:02 - 0:13:55 - Running average train loss is 0.786328194141388 at epoch 440
INFO - 01/27/26 11:15:02 - 0:13:55 - At 441-th epoch with lr 0.000602.
INFO - 01/27/26 11:15:04 - 0:13:56 - Running average train loss is 0.7861137580871582 at epoch 441
INFO - 01/27/26 11:15:04 - 0:13:56 - At 442-th epoch with lr 0.000602.
INFO - 01/27/26 11:15:05 - 0:13:58 - Running average train loss is 0.7863466787338257 at epoch 442
INFO - 01/27/26 11:15:05 - 0:13:58 - At 443-th epoch with lr 0.000601.
INFO - 01/27/26 11:15:07 - 0:14:00 - Running average train loss is 0.7860149002075195 at epoch 443
INFO - 01/27/26 11:15:07 - 0:14:00 - At 444-th epoch with lr 0.000600.
INFO - 01/27/26 11:15:09 - 0:14:01 - Running average train loss is 0.7861896204948425 at epoch 444
INFO - 01/27/26 11:15:09 - 0:14:01 - At 445-th epoch with lr 0.000600.
INFO - 01/27/26 11:15:10 - 0:14:03 - Running average train loss is 0.7863910984992981 at epoch 445
INFO - 01/27/26 11:15:10 - 0:14:03 - At 446-th epoch with lr 0.000599.
INFO - 01/27/26 11:15:12 - 0:14:05 - Running average train loss is 0.7863938975334167 at epoch 446
INFO - 01/27/26 11:15:12 - 0:14:05 - At 447-th epoch with lr 0.000598.
INFO - 01/27/26 11:15:14 - 0:14:06 - Running average train loss is 0.7859416913986206 at epoch 447
INFO - 01/27/26 11:15:14 - 0:14:06 - At 448-th epoch with lr 0.000598.
INFO - 01/27/26 11:15:15 - 0:14:08 - Running average train loss is 0.7863749098777771 at epoch 448
INFO - 01/27/26 11:15:15 - 0:14:08 - Average dev loss is 1.2672673066457112 at epoch 448
INFO - 01/27/26 11:15:16 - 0:14:09 - dev accuracy is 61.7 at epoch 448
INFO - 01/27/26 11:15:16 - 0:14:09 - dev average edit distance is 0.896 at epoch 448
INFO - 01/27/26 11:15:16 - 0:14:09 - At 449-th epoch with lr 0.000597.
INFO - 01/27/26 11:15:18 - 0:14:10 - Running average train loss is 0.7861867904663086 at epoch 449
INFO - 01/27/26 11:15:18 - 0:14:10 - At 450-th epoch with lr 0.000596.
INFO - 01/27/26 11:15:19 - 0:14:12 - Running average train loss is 0.7860746788978576 at epoch 450
INFO - 01/27/26 11:15:19 - 0:14:12 - At 451-th epoch with lr 0.000596.
INFO - 01/27/26 11:15:21 - 0:14:14 - Running average train loss is 0.785969524383545 at epoch 451
INFO - 01/27/26 11:15:21 - 0:14:14 - At 452-th epoch with lr 0.000595.
INFO - 01/27/26 11:15:23 - 0:14:15 - Running average train loss is 0.7860304570198059 at epoch 452
INFO - 01/27/26 11:15:23 - 0:14:15 - At 453-th epoch with lr 0.000594.
INFO - 01/27/26 11:15:24 - 0:14:17 - Running average train loss is 0.7861970925331115 at epoch 453
INFO - 01/27/26 11:15:24 - 0:14:17 - At 454-th epoch with lr 0.000594.
INFO - 01/27/26 11:15:26 - 0:14:19 - Running average train loss is 0.7866248154640197 at epoch 454
INFO - 01/27/26 11:15:26 - 0:14:19 - At 455-th epoch with lr 0.000593.
INFO - 01/27/26 11:15:28 - 0:14:20 - Running average train loss is 0.7861932253837586 at epoch 455
INFO - 01/27/26 11:15:28 - 0:14:20 - At 456-th epoch with lr 0.000592.
INFO - 01/27/26 11:15:29 - 0:14:22 - Running average train loss is 0.7859628391265869 at epoch 456
INFO - 01/27/26 11:15:29 - 0:14:22 - At 457-th epoch with lr 0.000592.
INFO - 01/27/26 11:15:31 - 0:14:24 - Running average train loss is 0.7860484457015992 at epoch 457
INFO - 01/27/26 11:15:31 - 0:14:24 - At 458-th epoch with lr 0.000591.
INFO - 01/27/26 11:15:32 - 0:14:25 - Running average train loss is 0.7857396459579468 at epoch 458
INFO - 01/27/26 11:15:32 - 0:14:25 - At 459-th epoch with lr 0.000590.
INFO - 01/27/26 11:15:34 - 0:14:27 - Running average train loss is 0.7861129307746887 at epoch 459
INFO - 01/27/26 11:15:34 - 0:14:27 - At 460-th epoch with lr 0.000590.
INFO - 01/27/26 11:15:36 - 0:14:29 - Running average train loss is 0.7855828356742859 at epoch 460
INFO - 01/27/26 11:15:36 - 0:14:29 - At 461-th epoch with lr 0.000589.
INFO - 01/27/26 11:15:37 - 0:14:30 - Running average train loss is 0.7859313225746155 at epoch 461
INFO - 01/27/26 11:15:37 - 0:14:30 - At 462-th epoch with lr 0.000588.
INFO - 01/27/26 11:15:39 - 0:14:32 - Running average train loss is 0.7859339165687561 at epoch 462
INFO - 01/27/26 11:15:39 - 0:14:32 - At 463-th epoch with lr 0.000588.
INFO - 01/27/26 11:15:41 - 0:14:33 - Running average train loss is 0.7857554602622986 at epoch 463
INFO - 01/27/26 11:15:41 - 0:14:33 - At 464-th epoch with lr 0.000587.
INFO - 01/27/26 11:15:42 - 0:14:35 - Running average train loss is 0.7858463740348816 at epoch 464
INFO - 01/27/26 11:15:42 - 0:14:35 - Average dev loss is 1.250423272450765 at epoch 464
INFO - 01/27/26 11:15:43 - 0:14:36 - dev accuracy is 59.5 at epoch 464
INFO - 01/27/26 11:15:43 - 0:14:36 - dev average edit distance is 0.935 at epoch 464
INFO - 01/27/26 11:15:43 - 0:14:36 - At 465-th epoch with lr 0.000587.
INFO - 01/27/26 11:15:45 - 0:14:37 - Running average train loss is 0.7854506540298462 at epoch 465
INFO - 01/27/26 11:15:45 - 0:14:37 - At 466-th epoch with lr 0.000586.
INFO - 01/27/26 11:15:46 - 0:14:39 - Running average train loss is 0.7859963750839234 at epoch 466
INFO - 01/27/26 11:15:46 - 0:14:39 - At 467-th epoch with lr 0.000585.
INFO - 01/27/26 11:15:48 - 0:14:41 - Running average train loss is 0.7860167932510376 at epoch 467
INFO - 01/27/26 11:15:48 - 0:14:41 - At 468-th epoch with lr 0.000585.
INFO - 01/27/26 11:15:50 - 0:14:42 - Running average train loss is 0.7856895804405213 at epoch 468
INFO - 01/27/26 11:15:50 - 0:14:42 - At 469-th epoch with lr 0.000584.
INFO - 01/27/26 11:15:51 - 0:14:44 - Running average train loss is 0.7857658123970032 at epoch 469
INFO - 01/27/26 11:15:51 - 0:14:44 - At 470-th epoch with lr 0.000583.
INFO - 01/27/26 11:15:53 - 0:14:46 - Running average train loss is 0.7858107709884643 at epoch 470
INFO - 01/27/26 11:15:53 - 0:14:46 - At 471-th epoch with lr 0.000583.
INFO - 01/27/26 11:15:55 - 0:14:47 - Running average train loss is 0.7856885480880738 at epoch 471
INFO - 01/27/26 11:15:55 - 0:14:47 - At 472-th epoch with lr 0.000582.
INFO - 01/27/26 11:15:56 - 0:14:49 - Running average train loss is 0.7861847233772278 at epoch 472
INFO - 01/27/26 11:15:56 - 0:14:49 - At 473-th epoch with lr 0.000582.
INFO - 01/27/26 11:15:58 - 0:14:51 - Running average train loss is 0.785993800163269 at epoch 473
INFO - 01/27/26 11:15:58 - 0:14:51 - At 474-th epoch with lr 0.000581.
INFO - 01/27/26 11:16:00 - 0:14:52 - Running average train loss is 0.785841920375824 at epoch 474
INFO - 01/27/26 11:16:00 - 0:14:52 - At 475-th epoch with lr 0.000580.
INFO - 01/27/26 11:16:01 - 0:14:54 - Running average train loss is 0.7856591486930847 at epoch 475
INFO - 01/27/26 11:16:01 - 0:14:54 - At 476-th epoch with lr 0.000580.
INFO - 01/27/26 11:16:03 - 0:14:56 - Running average train loss is 0.7852473020553589 at epoch 476
INFO - 01/27/26 11:16:03 - 0:14:56 - At 477-th epoch with lr 0.000579.
INFO - 01/27/26 11:16:05 - 0:14:57 - Running average train loss is 0.7861469578742981 at epoch 477
INFO - 01/27/26 11:16:05 - 0:14:57 - At 478-th epoch with lr 0.000579.
INFO - 01/27/26 11:16:06 - 0:14:59 - Running average train loss is 0.7855886101722718 at epoch 478
INFO - 01/27/26 11:16:06 - 0:14:59 - At 479-th epoch with lr 0.000578.
INFO - 01/27/26 11:16:08 - 0:15:01 - Running average train loss is 0.7862943410873413 at epoch 479
INFO - 01/27/26 11:16:08 - 0:15:01 - At 480-th epoch with lr 0.000577.
INFO - 01/27/26 11:16:10 - 0:15:02 - Running average train loss is 0.7860592722892761 at epoch 480
INFO - 01/27/26 11:16:10 - 0:15:02 - Average dev loss is 1.223713477452596 at epoch 480
INFO - 01/27/26 11:16:10 - 0:15:03 - dev accuracy is 58.8 at epoch 480
INFO - 01/27/26 11:16:10 - 0:15:03 - dev average edit distance is 0.9 at epoch 480
INFO - 01/27/26 11:16:10 - 0:15:03 - At 481-th epoch with lr 0.000577.
INFO - 01/27/26 11:16:12 - 0:15:05 - Running average train loss is 0.7860929679870605 at epoch 481
INFO - 01/27/26 11:16:12 - 0:15:05 - At 482-th epoch with lr 0.000576.
INFO - 01/27/26 11:16:13 - 0:15:06 - Running average train loss is 0.7857087612152099 at epoch 482
INFO - 01/27/26 11:16:13 - 0:15:06 - At 483-th epoch with lr 0.000576.
INFO - 01/27/26 11:16:15 - 0:15:08 - Running average train loss is 0.7859491014480591 at epoch 483
INFO - 01/27/26 11:16:15 - 0:15:08 - At 484-th epoch with lr 0.000575.
INFO - 01/27/26 11:16:17 - 0:15:10 - Running average train loss is 0.7855537366867066 at epoch 484
INFO - 01/27/26 11:16:17 - 0:15:10 - At 485-th epoch with lr 0.000574.
INFO - 01/27/26 11:16:18 - 0:15:11 - Running average train loss is 0.7855501413345337 at epoch 485
INFO - 01/27/26 11:16:18 - 0:15:11 - At 486-th epoch with lr 0.000574.
INFO - 01/27/26 11:16:20 - 0:15:13 - Running average train loss is 0.785961902141571 at epoch 486
INFO - 01/27/26 11:16:20 - 0:15:13 - At 487-th epoch with lr 0.000573.
INFO - 01/27/26 11:16:22 - 0:15:14 - Running average train loss is 0.785737874507904 at epoch 487
INFO - 01/27/26 11:16:22 - 0:15:14 - At 488-th epoch with lr 0.000573.
INFO - 01/27/26 11:16:23 - 0:15:16 - Running average train loss is 0.7857016611099243 at epoch 488
INFO - 01/27/26 11:16:23 - 0:15:16 - At 489-th epoch with lr 0.000572.
INFO - 01/27/26 11:16:25 - 0:15:18 - Running average train loss is 0.7852237772941589 at epoch 489
INFO - 01/27/26 11:16:25 - 0:15:18 - At 490-th epoch with lr 0.000571.
INFO - 01/27/26 11:16:27 - 0:15:19 - Running average train loss is 0.7856915092468262 at epoch 490
INFO - 01/27/26 11:16:27 - 0:15:19 - At 491-th epoch with lr 0.000571.
INFO - 01/27/26 11:16:28 - 0:15:21 - Running average train loss is 0.7860081124305726 at epoch 491
INFO - 01/27/26 11:16:28 - 0:15:21 - At 492-th epoch with lr 0.000570.
INFO - 01/27/26 11:16:30 - 0:15:23 - Running average train loss is 0.7855895709991455 at epoch 492
INFO - 01/27/26 11:16:30 - 0:15:23 - At 493-th epoch with lr 0.000570.
INFO - 01/27/26 11:16:32 - 0:15:24 - Running average train loss is 0.7855610251426697 at epoch 493
INFO - 01/27/26 11:16:32 - 0:15:24 - At 494-th epoch with lr 0.000569.
INFO - 01/27/26 11:16:33 - 0:15:26 - Running average train loss is 0.7854992151260376 at epoch 494
INFO - 01/27/26 11:16:33 - 0:15:26 - At 495-th epoch with lr 0.000569.
INFO - 01/27/26 11:16:35 - 0:15:28 - Running average train loss is 0.7860967493057252 at epoch 495
INFO - 01/27/26 11:16:35 - 0:15:28 - At 496-th epoch with lr 0.000568.
INFO - 01/27/26 11:16:37 - 0:15:29 - Running average train loss is 0.7854690790176392 at epoch 496
INFO - 01/27/26 11:16:37 - 0:15:29 - Average dev loss is 1.3035892645517986 at epoch 496
INFO - 01/27/26 11:16:37 - 0:15:30 - dev accuracy is 57.2 at epoch 496
INFO - 01/27/26 11:16:37 - 0:15:30 - dev average edit distance is 0.946 at epoch 496
INFO - 01/27/26 11:16:37 - 0:15:30 - At 497-th epoch with lr 0.000567.
INFO - 01/27/26 11:16:39 - 0:15:32 - Running average train loss is 0.785474979877472 at epoch 497
INFO - 01/27/26 11:16:39 - 0:15:32 - At 498-th epoch with lr 0.000567.
INFO - 01/27/26 11:16:41 - 0:15:33 - Running average train loss is 0.785713906288147 at epoch 498
INFO - 01/27/26 11:16:41 - 0:15:33 - At 499-th epoch with lr 0.000566.
INFO - 01/27/26 11:16:42 - 0:15:35 - Running average train loss is 0.7857500743865967 at epoch 499
INFO - 01/27/26 11:16:42 - 0:15:35 - At 500-th epoch with lr 0.000566.
INFO - 01/27/26 11:16:44 - 0:15:37 - Running average train loss is 0.7860065269470214 at epoch 500
INFO - 01/27/26 11:16:44 - 0:15:37 - At 501-th epoch with lr 0.000565.
INFO - 01/27/26 11:16:46 - 0:15:38 - Running average train loss is 0.7862549424171448 at epoch 501
INFO - 01/27/26 11:16:46 - 0:15:38 - At 502-th epoch with lr 0.000565.
INFO - 01/27/26 11:16:47 - 0:15:40 - Running average train loss is 0.7859925436973572 at epoch 502
INFO - 01/27/26 11:16:47 - 0:15:40 - At 503-th epoch with lr 0.000564.
INFO - 01/27/26 11:16:49 - 0:15:42 - Running average train loss is 0.7855430626869202 at epoch 503
INFO - 01/27/26 11:16:49 - 0:15:42 - At 504-th epoch with lr 0.000563.
INFO - 01/27/26 11:16:50 - 0:15:43 - Running average train loss is 0.7855222177505493 at epoch 504
INFO - 01/27/26 11:16:50 - 0:15:43 - At 505-th epoch with lr 0.000563.
INFO - 01/27/26 11:16:52 - 0:15:45 - Running average train loss is 0.7853895282745361 at epoch 505
INFO - 01/27/26 11:16:52 - 0:15:45 - At 506-th epoch with lr 0.000562.
INFO - 01/27/26 11:16:54 - 0:15:47 - Running average train loss is 0.7855379509925843 at epoch 506
INFO - 01/27/26 11:16:54 - 0:15:47 - At 507-th epoch with lr 0.000562.
INFO - 01/27/26 11:16:55 - 0:15:48 - Running average train loss is 0.7857748699188233 at epoch 507
INFO - 01/27/26 11:16:55 - 0:15:48 - At 508-th epoch with lr 0.000561.
INFO - 01/27/26 11:16:57 - 0:15:50 - Running average train loss is 0.7855757021903992 at epoch 508
INFO - 01/27/26 11:16:57 - 0:15:50 - At 509-th epoch with lr 0.000561.
INFO - 01/27/26 11:16:59 - 0:15:51 - Running average train loss is 0.7854941034317017 at epoch 509
INFO - 01/27/26 11:16:59 - 0:15:51 - At 510-th epoch with lr 0.000560.
INFO - 01/27/26 11:17:00 - 0:15:53 - Running average train loss is 0.7851718497276307 at epoch 510
INFO - 01/27/26 11:17:00 - 0:15:53 - At 511-th epoch with lr 0.000560.
INFO - 01/27/26 11:17:02 - 0:15:55 - Running average train loss is 0.7854916763305664 at epoch 511
INFO - 01/27/26 11:17:02 - 0:15:55 - At 512-th epoch with lr 0.000559.
INFO - 01/27/26 11:17:04 - 0:15:56 - Running average train loss is 0.7857170081138611 at epoch 512
INFO - 01/27/26 11:17:04 - 0:15:56 - Average dev loss is 1.2254637082417805 at epoch 512
INFO - 01/27/26 11:17:04 - 0:15:57 - dev accuracy is 61.0 at epoch 512
INFO - 01/27/26 11:17:04 - 0:15:57 - dev average edit distance is 0.869 at epoch 512
INFO - 01/27/26 11:17:04 - 0:15:57 - At 513-th epoch with lr 0.000558.
INFO - 01/27/26 11:17:06 - 0:15:59 - Running average train loss is 0.7853098201751709 at epoch 513
INFO - 01/27/26 11:17:06 - 0:15:59 - At 514-th epoch with lr 0.000558.
INFO - 01/27/26 11:17:08 - 0:16:00 - Running average train loss is 0.7854629302024841 at epoch 514
INFO - 01/27/26 11:17:08 - 0:16:00 - At 515-th epoch with lr 0.000557.
INFO - 01/27/26 11:17:09 - 0:16:02 - Running average train loss is 0.7852533078193664 at epoch 515
INFO - 01/27/26 11:17:09 - 0:16:02 - At 516-th epoch with lr 0.000557.
INFO - 01/27/26 11:17:11 - 0:16:04 - Running average train loss is 0.7851307582855225 at epoch 516
INFO - 01/27/26 11:17:11 - 0:16:04 - At 517-th epoch with lr 0.000556.
INFO - 01/27/26 11:17:13 - 0:16:05 - Running average train loss is 0.7854948616027833 at epoch 517
INFO - 01/27/26 11:17:13 - 0:16:05 - At 518-th epoch with lr 0.000556.
INFO - 01/27/26 11:17:14 - 0:16:07 - Running average train loss is 0.7856586074829102 at epoch 518
INFO - 01/27/26 11:17:14 - 0:16:07 - At 519-th epoch with lr 0.000555.
INFO - 01/27/26 11:17:16 - 0:16:09 - Running average train loss is 0.7860006761550903 at epoch 519
INFO - 01/27/26 11:17:16 - 0:16:09 - At 520-th epoch with lr 0.000555.
INFO - 01/27/26 11:17:18 - 0:16:10 - Running average train loss is 0.7857720518112182 at epoch 520
INFO - 01/27/26 11:17:18 - 0:16:10 - At 521-th epoch with lr 0.000554.
INFO - 01/27/26 11:17:19 - 0:16:12 - Running average train loss is 0.7858748388290405 at epoch 521
INFO - 01/27/26 11:17:19 - 0:16:12 - At 522-th epoch with lr 0.000554.
INFO - 01/27/26 11:17:21 - 0:16:14 - Running average train loss is 0.7859885811805725 at epoch 522
INFO - 01/27/26 11:17:21 - 0:16:14 - At 523-th epoch with lr 0.000553.
INFO - 01/27/26 11:17:23 - 0:16:15 - Running average train loss is 0.7849312663078308 at epoch 523
INFO - 01/27/26 11:17:23 - 0:16:15 - At 524-th epoch with lr 0.000553.
INFO - 01/27/26 11:17:24 - 0:16:17 - Running average train loss is 0.7850171709060669 at epoch 524
INFO - 01/27/26 11:17:24 - 0:16:17 - At 525-th epoch with lr 0.000552.
INFO - 01/27/26 11:17:26 - 0:16:19 - Running average train loss is 0.7856060767173767 at epoch 525
INFO - 01/27/26 11:17:26 - 0:16:19 - At 526-th epoch with lr 0.000552.
INFO - 01/27/26 11:17:27 - 0:16:20 - Running average train loss is 0.7853141307830811 at epoch 526
INFO - 01/27/26 11:17:27 - 0:16:20 - At 527-th epoch with lr 0.000551.
INFO - 01/27/26 11:17:29 - 0:16:22 - Running average train loss is 0.7854591250419617 at epoch 527
INFO - 01/27/26 11:17:29 - 0:16:22 - At 528-th epoch with lr 0.000550.
INFO - 01/27/26 11:17:31 - 0:16:24 - Running average train loss is 0.7855342936515808 at epoch 528
INFO - 01/27/26 11:17:31 - 0:16:24 - Average dev loss is 1.2444928884506226 at epoch 528
INFO - 01/27/26 11:17:31 - 0:16:24 - dev accuracy is 58.0 at epoch 528
INFO - 01/27/26 11:17:31 - 0:16:24 - dev average edit distance is 0.968 at epoch 528
INFO - 01/27/26 11:17:31 - 0:16:24 - At 529-th epoch with lr 0.000550.
INFO - 01/27/26 11:17:33 - 0:16:26 - Running average train loss is 0.7856218576431274 at epoch 529
INFO - 01/27/26 11:17:33 - 0:16:26 - At 530-th epoch with lr 0.000549.
INFO - 01/27/26 11:17:35 - 0:16:27 - Running average train loss is 0.7856002998352051 at epoch 530
INFO - 01/27/26 11:17:35 - 0:16:27 - At 531-th epoch with lr 0.000549.
INFO - 01/27/26 11:17:36 - 0:16:29 - Running average train loss is 0.7852882695198059 at epoch 531
INFO - 01/27/26 11:17:36 - 0:16:29 - At 532-th epoch with lr 0.000548.
INFO - 01/27/26 11:17:38 - 0:16:31 - Running average train loss is 0.785896852016449 at epoch 532
INFO - 01/27/26 11:17:38 - 0:16:31 - At 533-th epoch with lr 0.000548.
INFO - 01/27/26 11:17:40 - 0:16:32 - Running average train loss is 0.7860560607910156 at epoch 533
INFO - 01/27/26 11:17:40 - 0:16:32 - At 534-th epoch with lr 0.000547.
INFO - 01/27/26 11:17:41 - 0:16:34 - Running average train loss is 0.7851374530792237 at epoch 534
INFO - 01/27/26 11:17:41 - 0:16:34 - At 535-th epoch with lr 0.000547.
INFO - 01/27/26 11:17:43 - 0:16:36 - Running average train loss is 0.7859562635421753 at epoch 535
INFO - 01/27/26 11:17:43 - 0:16:36 - At 536-th epoch with lr 0.000546.
INFO - 01/27/26 11:17:45 - 0:16:37 - Running average train loss is 0.7853555512428284 at epoch 536
INFO - 01/27/26 11:17:45 - 0:16:37 - At 537-th epoch with lr 0.000546.
INFO - 01/27/26 11:17:46 - 0:16:39 - Running average train loss is 0.7855035686492919 at epoch 537
INFO - 01/27/26 11:17:46 - 0:16:39 - At 538-th epoch with lr 0.000545.
INFO - 01/27/26 11:17:48 - 0:16:41 - Running average train loss is 0.7853621292114258 at epoch 538
INFO - 01/27/26 11:17:48 - 0:16:41 - At 539-th epoch with lr 0.000545.
INFO - 01/27/26 11:17:50 - 0:16:42 - Running average train loss is 0.7852597761154175 at epoch 539
INFO - 01/27/26 11:17:50 - 0:16:42 - At 540-th epoch with lr 0.000544.
INFO - 01/27/26 11:17:51 - 0:16:44 - Running average train loss is 0.7856001663208008 at epoch 540
INFO - 01/27/26 11:17:51 - 0:16:44 - At 541-th epoch with lr 0.000544.
INFO - 01/27/26 11:17:53 - 0:16:46 - Running average train loss is 0.7855318713188172 at epoch 541
INFO - 01/27/26 11:17:53 - 0:16:46 - At 542-th epoch with lr 0.000543.
INFO - 01/27/26 11:17:55 - 0:16:47 - Running average train loss is 0.7851339364051819 at epoch 542
INFO - 01/27/26 11:17:55 - 0:16:47 - At 543-th epoch with lr 0.000543.
INFO - 01/27/26 11:17:56 - 0:16:49 - Running average train loss is 0.7851722121238709 at epoch 543
INFO - 01/27/26 11:17:56 - 0:16:49 - At 544-th epoch with lr 0.000542.
INFO - 01/27/26 11:17:58 - 0:16:51 - Running average train loss is 0.7853551936149598 at epoch 544
INFO - 01/27/26 11:17:58 - 0:16:51 - Average dev loss is 1.247672200202942 at epoch 544
INFO - 01/27/26 11:17:58 - 0:16:51 - dev accuracy is 63.4 at epoch 544
INFO - 01/27/26 11:17:58 - 0:16:51 - dev average edit distance is 0.893 at epoch 544
INFO - 01/27/26 11:17:59 - 0:16:51 - At 545-th epoch with lr 0.000542.
INFO - 01/27/26 11:18:00 - 0:16:53 - Running average train loss is 0.7850522756576538 at epoch 545
INFO - 01/27/26 11:18:00 - 0:16:53 - At 546-th epoch with lr 0.000541.
INFO - 01/27/26 11:18:02 - 0:16:55 - Running average train loss is 0.784941909313202 at epoch 546
INFO - 01/27/26 11:18:02 - 0:16:55 - At 547-th epoch with lr 0.000541.
INFO - 01/27/26 11:18:04 - 0:16:56 - Running average train loss is 0.7853511142730712 at epoch 547
INFO - 01/27/26 11:18:04 - 0:16:56 - At 548-th epoch with lr 0.000540.
INFO - 01/27/26 11:18:05 - 0:16:58 - Running average train loss is 0.7861696410179139 at epoch 548
INFO - 01/27/26 11:18:05 - 0:16:58 - At 549-th epoch with lr 0.000540.
INFO - 01/27/26 11:18:07 - 0:17:00 - Running average train loss is 0.7852371621131897 at epoch 549
INFO - 01/27/26 11:18:07 - 0:17:00 - At 550-th epoch with lr 0.000539.
INFO - 01/27/26 11:18:08 - 0:17:01 - Running average train loss is 0.7851500368118286 at epoch 550
INFO - 01/27/26 11:18:08 - 0:17:01 - At 551-th epoch with lr 0.000539.
INFO - 01/27/26 11:18:10 - 0:17:03 - Running average train loss is 0.7855039691925049 at epoch 551
INFO - 01/27/26 11:18:10 - 0:17:03 - At 552-th epoch with lr 0.000538.
INFO - 01/27/26 11:18:12 - 0:17:05 - Running average train loss is 0.7855361199378967 at epoch 552
INFO - 01/27/26 11:18:12 - 0:17:05 - At 553-th epoch with lr 0.000538.
INFO - 01/27/26 11:18:13 - 0:17:06 - Running average train loss is 0.785090160369873 at epoch 553
INFO - 01/27/26 11:18:13 - 0:17:06 - At 554-th epoch with lr 0.000537.
INFO - 01/27/26 11:18:15 - 0:17:08 - Running average train loss is 0.7853922009468078 at epoch 554
INFO - 01/27/26 11:18:15 - 0:17:08 - At 555-th epoch with lr 0.000537.
INFO - 01/27/26 11:18:17 - 0:17:09 - Running average train loss is 0.7853749847412109 at epoch 555
INFO - 01/27/26 11:18:17 - 0:17:09 - At 556-th epoch with lr 0.000536.
INFO - 01/27/26 11:18:18 - 0:17:11 - Running average train loss is 0.7850560116767883 at epoch 556
INFO - 01/27/26 11:18:18 - 0:17:11 - At 557-th epoch with lr 0.000536.
INFO - 01/27/26 11:18:20 - 0:17:13 - Running average train loss is 0.7849966382980347 at epoch 557
INFO - 01/27/26 11:18:20 - 0:17:13 - At 558-th epoch with lr 0.000535.
INFO - 01/27/26 11:18:22 - 0:17:14 - Running average train loss is 0.7851401257514954 at epoch 558
INFO - 01/27/26 11:18:22 - 0:17:14 - At 559-th epoch with lr 0.000535.
INFO - 01/27/26 11:18:23 - 0:17:16 - Running average train loss is 0.7855656909942627 at epoch 559
INFO - 01/27/26 11:18:23 - 0:17:16 - At 560-th epoch with lr 0.000535.
INFO - 01/27/26 11:18:25 - 0:17:18 - Running average train loss is 0.7850158715248108 at epoch 560
INFO - 01/27/26 11:18:25 - 0:17:18 - Average dev loss is 1.2710333665211995 at epoch 560
INFO - 01/27/26 11:18:26 - 0:17:18 - dev accuracy is 55.3 at epoch 560
INFO - 01/27/26 11:18:26 - 0:17:18 - dev average edit distance is 1.057 at epoch 560
INFO - 01/27/26 11:18:26 - 0:17:18 - At 561-th epoch with lr 0.000534.
INFO - 01/27/26 11:18:27 - 0:17:20 - Running average train loss is 0.7854359984397888 at epoch 561
INFO - 01/27/26 11:18:27 - 0:17:20 - At 562-th epoch with lr 0.000534.
INFO - 01/27/26 11:18:29 - 0:17:22 - Running average train loss is 0.7854575133323669 at epoch 562
INFO - 01/27/26 11:18:29 - 0:17:22 - At 563-th epoch with lr 0.000533.
INFO - 01/27/26 11:18:31 - 0:17:23 - Running average train loss is 0.7852421021461486 at epoch 563
INFO - 01/27/26 11:18:31 - 0:17:23 - At 564-th epoch with lr 0.000533.
INFO - 01/27/26 11:18:32 - 0:17:25 - Running average train loss is 0.7848631763458251 at epoch 564
INFO - 01/27/26 11:18:32 - 0:17:25 - At 565-th epoch with lr 0.000532.
INFO - 01/27/26 11:18:34 - 0:17:27 - Running average train loss is 0.7850747752189636 at epoch 565
INFO - 01/27/26 11:18:34 - 0:17:27 - At 566-th epoch with lr 0.000532.
INFO - 01/27/26 11:18:36 - 0:17:28 - Running average train loss is 0.7851156067848205 at epoch 566
INFO - 01/27/26 11:18:36 - 0:17:28 - At 567-th epoch with lr 0.000531.
INFO - 01/27/26 11:18:37 - 0:17:30 - Running average train loss is 0.7848409008979798 at epoch 567
INFO - 01/27/26 11:18:37 - 0:17:30 - At 568-th epoch with lr 0.000531.
INFO - 01/27/26 11:18:39 - 0:17:32 - Running average train loss is 0.7849528288841248 at epoch 568
INFO - 01/27/26 11:18:39 - 0:17:32 - At 569-th epoch with lr 0.000530.
INFO - 01/27/26 11:18:41 - 0:17:33 - Running average train loss is 0.7852494645118714 at epoch 569
INFO - 01/27/26 11:18:41 - 0:17:33 - At 570-th epoch with lr 0.000530.
INFO - 01/27/26 11:18:42 - 0:17:35 - Running average train loss is 0.7851904702186584 at epoch 570
INFO - 01/27/26 11:18:42 - 0:17:35 - At 571-th epoch with lr 0.000529.
INFO - 01/27/26 11:18:44 - 0:17:37 - Running average train loss is 0.7850896120071411 at epoch 571
INFO - 01/27/26 11:18:44 - 0:17:37 - At 572-th epoch with lr 0.000529.
INFO - 01/27/26 11:18:45 - 0:17:38 - Running average train loss is 0.7849566602706909 at epoch 572
INFO - 01/27/26 11:18:45 - 0:17:38 - At 573-th epoch with lr 0.000528.
INFO - 01/27/26 11:18:47 - 0:17:40 - Running average train loss is 0.7853589653968811 at epoch 573
INFO - 01/27/26 11:18:47 - 0:17:40 - At 574-th epoch with lr 0.000528.
INFO - 01/27/26 11:18:49 - 0:17:42 - Running average train loss is 0.7848517656326294 at epoch 574
INFO - 01/27/26 11:18:49 - 0:17:42 - At 575-th epoch with lr 0.000528.
INFO - 01/27/26 11:18:50 - 0:17:43 - Running average train loss is 0.7850692391395568 at epoch 575
INFO - 01/27/26 11:18:50 - 0:17:43 - At 576-th epoch with lr 0.000527.
INFO - 01/27/26 11:18:52 - 0:17:45 - Running average train loss is 0.7851018309593201 at epoch 576
INFO - 01/27/26 11:18:52 - 0:17:45 - Average dev loss is 1.2672082980473836 at epoch 576
INFO - 01/27/26 11:18:53 - 0:17:45 - dev accuracy is 59.2 at epoch 576
INFO - 01/27/26 11:18:53 - 0:17:45 - dev average edit distance is 0.968 at epoch 576
INFO - 01/27/26 11:18:53 - 0:17:45 - At 577-th epoch with lr 0.000527.
INFO - 01/27/26 11:18:54 - 0:17:47 - Running average train loss is 0.7851734638214112 at epoch 577
INFO - 01/27/26 11:18:54 - 0:17:47 - At 578-th epoch with lr 0.000526.
INFO - 01/27/26 11:18:56 - 0:17:49 - Running average train loss is 0.7851984143257141 at epoch 578
INFO - 01/27/26 11:18:56 - 0:17:49 - At 579-th epoch with lr 0.000526.
INFO - 01/27/26 11:18:58 - 0:17:50 - Running average train loss is 0.7850393867492675 at epoch 579
INFO - 01/27/26 11:18:58 - 0:17:50 - At 580-th epoch with lr 0.000525.
INFO - 01/27/26 11:18:59 - 0:17:52 - Running average train loss is 0.7853027296066284 at epoch 580
INFO - 01/27/26 11:18:59 - 0:17:52 - At 581-th epoch with lr 0.000525.
INFO - 01/27/26 11:19:01 - 0:17:54 - Running average train loss is 0.7851418137550354 at epoch 581
INFO - 01/27/26 11:19:01 - 0:17:54 - At 582-th epoch with lr 0.000524.
INFO - 01/27/26 11:19:03 - 0:17:55 - Running average train loss is 0.7854575157165528 at epoch 582
INFO - 01/27/26 11:19:03 - 0:17:55 - At 583-th epoch with lr 0.000524.
INFO - 01/27/26 11:19:04 - 0:17:57 - Running average train loss is 0.7852654385566712 at epoch 583
INFO - 01/27/26 11:19:04 - 0:17:57 - At 584-th epoch with lr 0.000523.
INFO - 01/27/26 11:19:06 - 0:17:59 - Running average train loss is 0.785168912410736 at epoch 584
INFO - 01/27/26 11:19:06 - 0:17:59 - At 585-th epoch with lr 0.000523.
INFO - 01/27/26 11:19:08 - 0:18:00 - Running average train loss is 0.7852278971672058 at epoch 585
INFO - 01/27/26 11:19:08 - 0:18:00 - At 586-th epoch with lr 0.000523.
INFO - 01/27/26 11:19:09 - 0:18:02 - Running average train loss is 0.7848930859565735 at epoch 586
INFO - 01/27/26 11:19:09 - 0:18:02 - At 587-th epoch with lr 0.000522.
INFO - 01/27/26 11:19:11 - 0:18:04 - Running average train loss is 0.7848863792419434 at epoch 587
INFO - 01/27/26 11:19:11 - 0:18:04 - At 588-th epoch with lr 0.000522.
INFO - 01/27/26 11:19:13 - 0:18:05 - Running average train loss is 0.785047423839569 at epoch 588
INFO - 01/27/26 11:19:13 - 0:18:05 - At 589-th epoch with lr 0.000521.
INFO - 01/27/26 11:19:14 - 0:18:07 - Running average train loss is 0.7851702332496643 at epoch 589
INFO - 01/27/26 11:19:14 - 0:18:07 - At 590-th epoch with lr 0.000521.
INFO - 01/27/26 11:19:16 - 0:18:09 - Running average train loss is 0.7845277070999146 at epoch 590
INFO - 01/27/26 11:19:16 - 0:18:09 - At 591-th epoch with lr 0.000520.
INFO - 01/27/26 11:19:18 - 0:18:10 - Running average train loss is 0.7848974061012268 at epoch 591
INFO - 01/27/26 11:19:18 - 0:18:10 - At 592-th epoch with lr 0.000520.
INFO - 01/27/26 11:19:19 - 0:18:12 - Running average train loss is 0.7851474690437317 at epoch 592
INFO - 01/27/26 11:19:19 - 0:18:12 - Average dev loss is 1.28108016649882 at epoch 592
INFO - 01/27/26 11:19:20 - 0:18:12 - dev accuracy is 61.0 at epoch 592
INFO - 01/27/26 11:19:20 - 0:18:12 - dev average edit distance is 0.954 at epoch 592
INFO - 01/27/26 11:19:20 - 0:18:13 - At 593-th epoch with lr 0.000519.
INFO - 01/27/26 11:19:21 - 0:18:14 - Running average train loss is 0.7852205443382263 at epoch 593
INFO - 01/27/26 11:19:21 - 0:18:14 - At 594-th epoch with lr 0.000519.
INFO - 01/27/26 11:19:23 - 0:18:16 - Running average train loss is 0.7851134705543518 at epoch 594
INFO - 01/27/26 11:19:23 - 0:18:16 - At 595-th epoch with lr 0.000519.
INFO - 01/27/26 11:19:25 - 0:18:18 - Running average train loss is 0.7853169965744019 at epoch 595
INFO - 01/27/26 11:19:25 - 0:18:18 - At 596-th epoch with lr 0.000518.
INFO - 01/27/26 11:19:26 - 0:18:19 - Running average train loss is 0.7850441837310791 at epoch 596
INFO - 01/27/26 11:19:26 - 0:18:19 - At 597-th epoch with lr 0.000518.
INFO - 01/27/26 11:19:28 - 0:18:21 - Running average train loss is 0.7851003789901734 at epoch 597
INFO - 01/27/26 11:19:28 - 0:18:21 - At 598-th epoch with lr 0.000517.
INFO - 01/27/26 11:19:30 - 0:18:22 - Running average train loss is 0.7847119116783142 at epoch 598
INFO - 01/27/26 11:19:30 - 0:18:22 - At 599-th epoch with lr 0.000517.
INFO - 01/27/26 11:19:31 - 0:18:24 - Running average train loss is 0.7849981617927552 at epoch 599
INFO - 01/27/26 11:19:31 - 0:18:24 - At 600-th epoch with lr 0.000516.
INFO - 01/27/26 11:19:33 - 0:18:26 - Running average train loss is 0.7853210926055908 at epoch 600
INFO - 01/27/26 11:19:33 - 0:18:26 - At 601-th epoch with lr 0.000516.
INFO - 01/27/26 11:19:35 - 0:18:27 - Running average train loss is 0.7851259922981262 at epoch 601
INFO - 01/27/26 11:19:35 - 0:18:27 - At 602-th epoch with lr 0.000516.
INFO - 01/27/26 11:19:36 - 0:18:29 - Running average train loss is 0.7851292777061463 at epoch 602
INFO - 01/27/26 11:19:36 - 0:18:29 - At 603-th epoch with lr 0.000515.
INFO - 01/27/26 11:19:38 - 0:18:31 - Running average train loss is 0.7847969245910644 at epoch 603
INFO - 01/27/26 11:19:38 - 0:18:31 - At 604-th epoch with lr 0.000515.
INFO - 01/27/26 11:19:40 - 0:18:32 - Running average train loss is 0.7854197549819947 at epoch 604
INFO - 01/27/26 11:19:40 - 0:18:32 - At 605-th epoch with lr 0.000514.
INFO - 01/27/26 11:19:41 - 0:18:34 - Running average train loss is 0.7852109217643738 at epoch 605
INFO - 01/27/26 11:19:41 - 0:18:34 - At 606-th epoch with lr 0.000514.
INFO - 01/27/26 11:19:43 - 0:18:36 - Running average train loss is 0.7847241330146789 at epoch 606
INFO - 01/27/26 11:19:43 - 0:18:36 - At 607-th epoch with lr 0.000513.
INFO - 01/27/26 11:19:45 - 0:18:37 - Running average train loss is 0.7847250461578369 at epoch 607
INFO - 01/27/26 11:19:45 - 0:18:37 - At 608-th epoch with lr 0.000513.
INFO - 01/27/26 11:19:46 - 0:18:39 - Running average train loss is 0.7849115228652954 at epoch 608
INFO - 01/27/26 11:19:46 - 0:18:39 - Average dev loss is 1.2669284741083782 at epoch 608
INFO - 01/27/26 11:19:47 - 0:18:40 - dev accuracy is 61.8 at epoch 608
INFO - 01/27/26 11:19:47 - 0:18:40 - dev average edit distance is 0.97 at epoch 608
INFO - 01/27/26 11:19:47 - 0:18:40 - At 609-th epoch with lr 0.000513.
INFO - 01/27/26 11:19:49 - 0:18:41 - Running average train loss is 0.784839506149292 at epoch 609
INFO - 01/27/26 11:19:49 - 0:18:41 - At 610-th epoch with lr 0.000512.
INFO - 01/27/26 11:19:50 - 0:18:43 - Running average train loss is 0.7850697231292725 at epoch 610
INFO - 01/27/26 11:19:50 - 0:18:43 - At 611-th epoch with lr 0.000512.
INFO - 01/27/26 11:19:52 - 0:18:45 - Running average train loss is 0.7852614188194275 at epoch 611
INFO - 01/27/26 11:19:52 - 0:18:45 - At 612-th epoch with lr 0.000511.
INFO - 01/27/26 11:19:54 - 0:18:46 - Running average train loss is 0.7848234152793885 at epoch 612
INFO - 01/27/26 11:19:54 - 0:18:46 - At 613-th epoch with lr 0.000511.
INFO - 01/27/26 11:19:55 - 0:18:48 - Running average train loss is 0.7848709702491761 at epoch 613
INFO - 01/27/26 11:19:55 - 0:18:48 - At 614-th epoch with lr 0.000510.
INFO - 01/27/26 11:19:57 - 0:18:50 - Running average train loss is 0.7846813917160034 at epoch 614
INFO - 01/27/26 11:19:57 - 0:18:50 - At 615-th epoch with lr 0.000510.
INFO - 01/27/26 11:19:59 - 0:18:51 - Running average train loss is 0.7845824885368348 at epoch 615
INFO - 01/27/26 11:19:59 - 0:18:51 - At 616-th epoch with lr 0.000510.
INFO - 01/27/26 11:20:00 - 0:18:53 - Running average train loss is 0.7846072745323182 at epoch 616
INFO - 01/27/26 11:20:00 - 0:18:53 - At 617-th epoch with lr 0.000509.
INFO - 01/27/26 11:20:02 - 0:18:55 - Running average train loss is 0.7846348285675049 at epoch 617
INFO - 01/27/26 11:20:02 - 0:18:55 - At 618-th epoch with lr 0.000509.
INFO - 01/27/26 11:20:03 - 0:18:56 - Running average train loss is 0.785205430984497 at epoch 618
INFO - 01/27/26 11:20:03 - 0:18:56 - At 619-th epoch with lr 0.000508.
INFO - 01/27/26 11:20:05 - 0:18:58 - Running average train loss is 0.7849265789985657 at epoch 619
INFO - 01/27/26 11:20:05 - 0:18:58 - At 620-th epoch with lr 0.000508.
INFO - 01/27/26 11:20:07 - 0:19:00 - Running average train loss is 0.7851137447357178 at epoch 620
INFO - 01/27/26 11:20:07 - 0:19:00 - At 621-th epoch with lr 0.000508.
INFO - 01/27/26 11:20:08 - 0:19:01 - Running average train loss is 0.7855155539512634 at epoch 621
INFO - 01/27/26 11:20:08 - 0:19:01 - At 622-th epoch with lr 0.000507.
INFO - 01/27/26 11:20:10 - 0:19:03 - Running average train loss is 0.7853893947601318 at epoch 622
INFO - 01/27/26 11:20:10 - 0:19:03 - At 623-th epoch with lr 0.000507.
INFO - 01/27/26 11:20:12 - 0:19:04 - Running average train loss is 0.7855049967765808 at epoch 623
INFO - 01/27/26 11:20:12 - 0:19:04 - At 624-th epoch with lr 0.000506.
INFO - 01/27/26 11:20:13 - 0:19:06 - Running average train loss is 0.7846509647369385 at epoch 624
INFO - 01/27/26 11:20:13 - 0:19:06 - Average dev loss is 1.2886029481887817 at epoch 624
INFO - 01/27/26 11:20:14 - 0:19:07 - dev accuracy is 61.9 at epoch 624
INFO - 01/27/26 11:20:14 - 0:19:07 - dev average edit distance is 0.935 at epoch 624
INFO - 01/27/26 11:20:14 - 0:19:07 - At 625-th epoch with lr 0.000506.
INFO - 01/27/26 11:20:16 - 0:19:08 - Running average train loss is 0.7849807262420654 at epoch 625
INFO - 01/27/26 11:20:16 - 0:19:08 - At 626-th epoch with lr 0.000506.
INFO - 01/27/26 11:20:17 - 0:19:10 - Running average train loss is 0.7848998880386353 at epoch 626
INFO - 01/27/26 11:20:17 - 0:19:10 - At 627-th epoch with lr 0.000505.
INFO - 01/27/26 11:20:19 - 0:19:12 - Running average train loss is 0.7849788355827332 at epoch 627
INFO - 01/27/26 11:20:19 - 0:19:12 - At 628-th epoch with lr 0.000505.
INFO - 01/27/26 11:20:21 - 0:19:13 - Running average train loss is 0.784811418056488 at epoch 628
INFO - 01/27/26 11:20:21 - 0:19:13 - At 629-th epoch with lr 0.000504.
INFO - 01/27/26 11:20:22 - 0:19:15 - Running average train loss is 0.7847293877601623 at epoch 629
INFO - 01/27/26 11:20:22 - 0:19:15 - At 630-th epoch with lr 0.000504.
INFO - 01/27/26 11:20:24 - 0:19:17 - Running average train loss is 0.7847597169876098 at epoch 630
INFO - 01/27/26 11:20:24 - 0:19:17 - At 631-th epoch with lr 0.000504.
INFO - 01/27/26 11:20:26 - 0:19:18 - Running average train loss is 0.7843323564529419 at epoch 631
INFO - 01/27/26 11:20:26 - 0:19:18 - At 632-th epoch with lr 0.000503.
INFO - 01/27/26 11:20:27 - 0:19:20 - Running average train loss is 0.7849565052986145 at epoch 632
INFO - 01/27/26 11:20:27 - 0:19:20 - At 633-th epoch with lr 0.000503.
INFO - 01/27/26 11:20:29 - 0:19:22 - Running average train loss is 0.7848473191261292 at epoch 633
INFO - 01/27/26 11:20:29 - 0:19:22 - At 634-th epoch with lr 0.000502.
INFO - 01/27/26 11:20:31 - 0:19:23 - Running average train loss is 0.7849754524230957 at epoch 634
INFO - 01/27/26 11:20:31 - 0:19:23 - At 635-th epoch with lr 0.000502.
INFO - 01/27/26 11:20:32 - 0:19:25 - Running average train loss is 0.7850424766540527 at epoch 635
INFO - 01/27/26 11:20:32 - 0:19:25 - At 636-th epoch with lr 0.000502.
INFO - 01/27/26 11:20:34 - 0:19:27 - Running average train loss is 0.7845345830917358 at epoch 636
INFO - 01/27/26 11:20:34 - 0:19:27 - At 637-th epoch with lr 0.000501.
INFO - 01/27/26 11:20:36 - 0:19:28 - Running average train loss is 0.7845320606231689 at epoch 637
INFO - 01/27/26 11:20:36 - 0:19:28 - At 638-th epoch with lr 0.000501.
INFO - 01/27/26 11:20:37 - 0:19:30 - Running average train loss is 0.7847727060317993 at epoch 638
INFO - 01/27/26 11:20:37 - 0:19:30 - At 639-th epoch with lr 0.000500.
INFO - 01/27/26 11:20:39 - 0:19:32 - Running average train loss is 0.7846054196357727 at epoch 639
INFO - 01/27/26 11:20:39 - 0:19:32 - At 640-th epoch with lr 0.000500.
INFO - 01/27/26 11:20:41 - 0:19:33 - Running average train loss is 0.7845273852348328 at epoch 640
INFO - 01/27/26 11:20:41 - 0:19:33 - Average dev loss is 1.2339547475179036 at epoch 640
INFO - 01/27/26 11:20:41 - 0:19:34 - dev accuracy is 63.4 at epoch 640
INFO - 01/27/26 11:20:41 - 0:19:34 - dev average edit distance is 0.848 at epoch 640
INFO - 01/27/26 11:20:41 - 0:19:34 - At 641-th epoch with lr 0.000500.
INFO - 01/27/26 11:20:43 - 0:19:36 - Running average train loss is 0.784500846862793 at epoch 641
INFO - 01/27/26 11:20:43 - 0:19:36 - At 642-th epoch with lr 0.000499.
INFO - 01/27/26 11:20:44 - 0:19:37 - Running average train loss is 0.7848012375831604 at epoch 642
INFO - 01/27/26 11:20:44 - 0:19:37 - At 643-th epoch with lr 0.000499.
INFO - 01/27/26 11:20:46 - 0:19:39 - Running average train loss is 0.7846080422401428 at epoch 643
INFO - 01/27/26 11:20:46 - 0:19:39 - At 644-th epoch with lr 0.000498.
INFO - 01/27/26 11:20:48 - 0:19:40 - Running average train loss is 0.7849453353881836 at epoch 644
INFO - 01/27/26 11:20:48 - 0:19:40 - At 645-th epoch with lr 0.000498.
INFO - 01/27/26 11:20:49 - 0:19:42 - Running average train loss is 0.7848144245147705 at epoch 645
INFO - 01/27/26 11:20:49 - 0:19:42 - At 646-th epoch with lr 0.000498.
INFO - 01/27/26 11:20:51 - 0:19:44 - Running average train loss is 0.7847710537910462 at epoch 646
INFO - 01/27/26 11:20:51 - 0:19:44 - At 647-th epoch with lr 0.000497.
INFO - 01/27/26 11:20:53 - 0:19:45 - Running average train loss is 0.7847205138206482 at epoch 647
INFO - 01/27/26 11:20:53 - 0:19:45 - At 648-th epoch with lr 0.000497.
INFO - 01/27/26 11:20:54 - 0:19:47 - Running average train loss is 0.7848068046569824 at epoch 648
INFO - 01/27/26 11:20:54 - 0:19:47 - At 649-th epoch with lr 0.000497.
INFO - 01/27/26 11:20:56 - 0:19:49 - Running average train loss is 0.7852856612205505 at epoch 649
INFO - 01/27/26 11:20:56 - 0:19:49 - At 650-th epoch with lr 0.000496.
INFO - 01/27/26 11:20:58 - 0:19:50 - Running average train loss is 0.7847661328315735 at epoch 650
INFO - 01/27/26 11:20:58 - 0:19:50 - At 651-th epoch with lr 0.000496.
INFO - 01/27/26 11:20:59 - 0:19:52 - Running average train loss is 0.7845596289634704 at epoch 651
INFO - 01/27/26 11:20:59 - 0:19:52 - At 652-th epoch with lr 0.000495.
INFO - 01/27/26 11:21:01 - 0:19:54 - Running average train loss is 0.7845430707931519 at epoch 652
INFO - 01/27/26 11:21:01 - 0:19:54 - At 653-th epoch with lr 0.000495.
INFO - 01/27/26 11:21:03 - 0:19:55 - Running average train loss is 0.7853958463668823 at epoch 653
INFO - 01/27/26 11:21:03 - 0:19:55 - At 654-th epoch with lr 0.000495.
INFO - 01/27/26 11:21:04 - 0:19:57 - Running average train loss is 0.7851556324958802 at epoch 654
INFO - 01/27/26 11:21:04 - 0:19:57 - At 655-th epoch with lr 0.000494.
INFO - 01/27/26 11:21:06 - 0:19:59 - Running average train loss is 0.7852168011665345 at epoch 655
INFO - 01/27/26 11:21:06 - 0:19:59 - At 656-th epoch with lr 0.000494.
INFO - 01/27/26 11:21:08 - 0:20:00 - Running average train loss is 0.7849103736877442 at epoch 656
INFO - 01/27/26 11:21:08 - 0:20:00 - Average dev loss is 1.248506228129069 at epoch 656
INFO - 01/27/26 11:21:08 - 0:20:01 - dev accuracy is 62.1 at epoch 656
INFO - 01/27/26 11:21:08 - 0:20:01 - dev average edit distance is 0.88 at epoch 656
INFO - 01/27/26 11:21:08 - 0:20:01 - At 657-th epoch with lr 0.000493.
INFO - 01/27/26 11:21:10 - 0:20:03 - Running average train loss is 0.7847610187530517 at epoch 657
INFO - 01/27/26 11:21:10 - 0:20:03 - At 658-th epoch with lr 0.000493.
INFO - 01/27/26 11:21:12 - 0:20:04 - Running average train loss is 0.7842789840698242 at epoch 658
INFO - 01/27/26 11:21:12 - 0:20:04 - At 659-th epoch with lr 0.000493.
INFO - 01/27/26 11:21:13 - 0:20:06 - Running average train loss is 0.7848120713233948 at epoch 659
INFO - 01/27/26 11:21:13 - 0:20:06 - At 660-th epoch with lr 0.000492.
INFO - 01/27/26 11:21:15 - 0:20:08 - Running average train loss is 0.7845191049575806 at epoch 660
INFO - 01/27/26 11:21:15 - 0:20:08 - At 661-th epoch with lr 0.000492.
INFO - 01/27/26 11:21:17 - 0:20:09 - Running average train loss is 0.784531741142273 at epoch 661
INFO - 01/27/26 11:21:17 - 0:20:09 - At 662-th epoch with lr 0.000492.
INFO - 01/27/26 11:21:18 - 0:20:11 - Running average train loss is 0.7843413710594177 at epoch 662
INFO - 01/27/26 11:21:18 - 0:20:11 - At 663-th epoch with lr 0.000491.
INFO - 01/27/26 11:21:20 - 0:20:13 - Running average train loss is 0.7843752479553223 at epoch 663
INFO - 01/27/26 11:21:20 - 0:20:13 - At 664-th epoch with lr 0.000491.
INFO - 01/27/26 11:21:21 - 0:20:14 - Running average train loss is 0.7844187164306641 at epoch 664
INFO - 01/27/26 11:21:21 - 0:20:14 - At 665-th epoch with lr 0.000491.
INFO - 01/27/26 11:21:23 - 0:20:16 - Running average train loss is 0.7843429231643677 at epoch 665
INFO - 01/27/26 11:21:23 - 0:20:16 - At 666-th epoch with lr 0.000490.
INFO - 01/27/26 11:21:25 - 0:20:18 - Running average train loss is 0.7845772647857666 at epoch 666
INFO - 01/27/26 11:21:25 - 0:20:18 - At 667-th epoch with lr 0.000490.
INFO - 01/27/26 11:21:26 - 0:20:19 - Running average train loss is 0.7843374347686768 at epoch 667
INFO - 01/27/26 11:21:26 - 0:20:19 - At 668-th epoch with lr 0.000489.
INFO - 01/27/26 11:21:28 - 0:20:21 - Running average train loss is 0.7844713687896728 at epoch 668
INFO - 01/27/26 11:21:28 - 0:20:21 - At 669-th epoch with lr 0.000489.
INFO - 01/27/26 11:21:30 - 0:20:22 - Running average train loss is 0.7840856719017029 at epoch 669
INFO - 01/27/26 11:21:30 - 0:20:22 - At 670-th epoch with lr 0.000489.
INFO - 01/27/26 11:21:31 - 0:20:24 - Running average train loss is 0.7845277905464172 at epoch 670
INFO - 01/27/26 11:21:31 - 0:20:24 - At 671-th epoch with lr 0.000488.
INFO - 01/27/26 11:21:33 - 0:20:26 - Running average train loss is 0.7848598957061768 at epoch 671
INFO - 01/27/26 11:21:33 - 0:20:26 - At 672-th epoch with lr 0.000488.
INFO - 01/27/26 11:21:35 - 0:20:27 - Running average train loss is 0.7846232867240905 at epoch 672
INFO - 01/27/26 11:21:35 - 0:20:27 - Average dev loss is 1.2958004474639893 at epoch 672
INFO - 01/27/26 11:21:35 - 0:20:28 - dev accuracy is 60.5 at epoch 672
INFO - 01/27/26 11:21:35 - 0:20:28 - dev average edit distance is 0.919 at epoch 672
INFO - 01/27/26 11:21:35 - 0:20:28 - At 673-th epoch with lr 0.000488.
INFO - 01/27/26 11:21:37 - 0:20:30 - Running average train loss is 0.785033712387085 at epoch 673
INFO - 01/27/26 11:21:37 - 0:20:30 - At 674-th epoch with lr 0.000487.
INFO - 01/27/26 11:21:39 - 0:20:31 - Running average train loss is 0.7846282148361206 at epoch 674
INFO - 01/27/26 11:21:39 - 0:20:31 - At 675-th epoch with lr 0.000487.
INFO - 01/27/26 11:21:40 - 0:20:33 - Running average train loss is 0.7846904587745667 at epoch 675
INFO - 01/27/26 11:21:40 - 0:20:33 - At 676-th epoch with lr 0.000487.
INFO - 01/27/26 11:21:42 - 0:20:35 - Running average train loss is 0.7845865106582641 at epoch 676
INFO - 01/27/26 11:21:42 - 0:20:35 - At 677-th epoch with lr 0.000486.
INFO - 01/27/26 11:21:44 - 0:20:36 - Running average train loss is 0.7843186259269714 at epoch 677
INFO - 01/27/26 11:21:44 - 0:20:36 - At 678-th epoch with lr 0.000486.
INFO - 01/27/26 11:21:45 - 0:20:38 - Running average train loss is 0.7844442629814148 at epoch 678
INFO - 01/27/26 11:21:45 - 0:20:38 - At 679-th epoch with lr 0.000485.
INFO - 01/27/26 11:21:47 - 0:20:40 - Running average train loss is 0.7840248417854309 at epoch 679
INFO - 01/27/26 11:21:47 - 0:20:40 - At 680-th epoch with lr 0.000485.
INFO - 01/27/26 11:21:49 - 0:20:41 - Running average train loss is 0.785075786113739 at epoch 680
INFO - 01/27/26 11:21:49 - 0:20:41 - At 681-th epoch with lr 0.000485.
INFO - 01/27/26 11:21:50 - 0:20:43 - Running average train loss is 0.7843624782562256 at epoch 681
INFO - 01/27/26 11:21:50 - 0:20:43 - At 682-th epoch with lr 0.000484.
INFO - 01/27/26 11:21:52 - 0:20:45 - Running average train loss is 0.7845454621315002 at epoch 682
INFO - 01/27/26 11:21:52 - 0:20:45 - At 683-th epoch with lr 0.000484.
INFO - 01/27/26 11:21:54 - 0:20:46 - Running average train loss is 0.7844129061698913 at epoch 683
INFO - 01/27/26 11:21:54 - 0:20:46 - At 684-th epoch with lr 0.000484.
INFO - 01/27/26 11:21:55 - 0:20:48 - Running average train loss is 0.7847415590286255 at epoch 684
INFO - 01/27/26 11:21:55 - 0:20:48 - At 685-th epoch with lr 0.000483.
INFO - 01/27/26 11:21:57 - 0:20:50 - Running average train loss is 0.7848379421234131 at epoch 685
INFO - 01/27/26 11:21:57 - 0:20:50 - At 686-th epoch with lr 0.000483.
INFO - 01/27/26 11:21:59 - 0:20:51 - Running average train loss is 0.784578173160553 at epoch 686
INFO - 01/27/26 11:21:59 - 0:20:51 - At 687-th epoch with lr 0.000483.
INFO - 01/27/26 11:22:00 - 0:20:53 - Running average train loss is 0.7848245191574097 at epoch 687
INFO - 01/27/26 11:22:00 - 0:20:53 - At 688-th epoch with lr 0.000482.
INFO - 01/27/26 11:22:02 - 0:20:55 - Running average train loss is 0.7843242359161376 at epoch 688
INFO - 01/27/26 11:22:02 - 0:20:55 - Average dev loss is 1.2517034610112507 at epoch 688
INFO - 01/27/26 11:22:02 - 0:20:55 - dev accuracy is 61.1 at epoch 688
INFO - 01/27/26 11:22:02 - 0:20:55 - dev average edit distance is 0.929 at epoch 688
INFO - 01/27/26 11:22:02 - 0:20:55 - At 689-th epoch with lr 0.000482.
INFO - 01/27/26 11:22:04 - 0:20:57 - Running average train loss is 0.7844218945503235 at epoch 689
INFO - 01/27/26 11:22:04 - 0:20:57 - At 690-th epoch with lr 0.000482.
INFO - 01/27/26 11:22:06 - 0:20:59 - Running average train loss is 0.7846900820732117 at epoch 690
INFO - 01/27/26 11:22:06 - 0:20:59 - At 691-th epoch with lr 0.000481.
INFO - 01/27/26 11:22:07 - 0:21:00 - Running average train loss is 0.7846225380897522 at epoch 691
INFO - 01/27/26 11:22:07 - 0:21:00 - At 692-th epoch with lr 0.000481.
INFO - 01/27/26 11:22:09 - 0:21:02 - Running average train loss is 0.7842439842224121 at epoch 692
INFO - 01/27/26 11:22:09 - 0:21:02 - At 693-th epoch with lr 0.000480.
INFO - 01/27/26 11:22:11 - 0:21:03 - Running average train loss is 0.7841702914237976 at epoch 693
INFO - 01/27/26 11:22:11 - 0:21:03 - At 694-th epoch with lr 0.000480.
INFO - 01/27/26 11:22:12 - 0:21:05 - Running average train loss is 0.7839646553993225 at epoch 694
INFO - 01/27/26 11:22:12 - 0:21:05 - At 695-th epoch with lr 0.000480.
INFO - 01/27/26 11:22:14 - 0:21:07 - Running average train loss is 0.7845657420158386 at epoch 695
INFO - 01/27/26 11:22:14 - 0:21:07 - At 696-th epoch with lr 0.000479.
INFO - 01/27/26 11:22:16 - 0:21:08 - Running average train loss is 0.7844765996932983 at epoch 696
INFO - 01/27/26 11:22:16 - 0:21:08 - At 697-th epoch with lr 0.000479.
INFO - 01/27/26 11:22:17 - 0:21:10 - Running average train loss is 0.7846583008766175 at epoch 697
INFO - 01/27/26 11:22:17 - 0:21:10 - At 698-th epoch with lr 0.000479.
INFO - 01/27/26 11:22:19 - 0:21:12 - Running average train loss is 0.7850183916091918 at epoch 698
INFO - 01/27/26 11:22:19 - 0:21:12 - At 699-th epoch with lr 0.000478.
INFO - 01/27/26 11:22:21 - 0:21:13 - Running average train loss is 0.784450581073761 at epoch 699
INFO - 01/27/26 11:22:21 - 0:21:13 - At 700-th epoch with lr 0.000478.
INFO - 01/27/26 11:22:22 - 0:21:15 - Running average train loss is 0.7845411276817322 at epoch 700
INFO - 01/27/26 11:22:22 - 0:21:15 - At 701-th epoch with lr 0.000478.
INFO - 01/27/26 11:22:24 - 0:21:17 - Running average train loss is 0.7847994780540466 at epoch 701
INFO - 01/27/26 11:22:24 - 0:21:17 - At 702-th epoch with lr 0.000477.
INFO - 01/27/26 11:22:26 - 0:21:18 - Running average train loss is 0.7848141956329345 at epoch 702
INFO - 01/27/26 11:22:26 - 0:21:18 - At 703-th epoch with lr 0.000477.
INFO - 01/27/26 11:22:27 - 0:21:20 - Running average train loss is 0.7846044826507569 at epoch 703
INFO - 01/27/26 11:22:27 - 0:21:20 - At 704-th epoch with lr 0.000477.
INFO - 01/27/26 11:22:29 - 0:21:22 - Running average train loss is 0.7845740008354187 at epoch 704
INFO - 01/27/26 11:22:29 - 0:21:22 - Average dev loss is 1.2222573359807332 at epoch 704
INFO - 01/27/26 11:22:29 - 0:21:22 - dev accuracy is 58.3 at epoch 704
INFO - 01/27/26 11:22:29 - 0:21:22 - dev average edit distance is 0.878 at epoch 704
INFO - 01/27/26 11:22:30 - 0:21:22 - At 705-th epoch with lr 0.000476.
INFO - 01/27/26 11:22:31 - 0:21:24 - Running average train loss is 0.7844254541397094 at epoch 705
INFO - 01/27/26 11:22:31 - 0:21:24 - At 706-th epoch with lr 0.000476.
INFO - 01/27/26 11:22:33 - 0:21:26 - Running average train loss is 0.7842814707756043 at epoch 706
INFO - 01/27/26 11:22:33 - 0:21:26 - At 707-th epoch with lr 0.000476.
INFO - 01/27/26 11:22:35 - 0:21:27 - Running average train loss is 0.7841646599769593 at epoch 707
INFO - 01/27/26 11:22:35 - 0:21:27 - At 708-th epoch with lr 0.000475.
INFO - 01/27/26 11:22:36 - 0:21:29 - Running average train loss is 0.7839846396446228 at epoch 708
INFO - 01/27/26 11:22:36 - 0:21:29 - At 709-th epoch with lr 0.000475.
INFO - 01/27/26 11:22:38 - 0:21:31 - Running average train loss is 0.7840779542922973 at epoch 709
INFO - 01/27/26 11:22:38 - 0:21:31 - At 710-th epoch with lr 0.000475.
INFO - 01/27/26 11:22:40 - 0:21:32 - Running average train loss is 0.7843924260139465 at epoch 710
INFO - 01/27/26 11:22:40 - 0:21:32 - At 711-th epoch with lr 0.000474.
INFO - 01/27/26 11:22:41 - 0:21:34 - Running average train loss is 0.7846645259857178 at epoch 711
INFO - 01/27/26 11:22:41 - 0:21:34 - At 712-th epoch with lr 0.000474.
INFO - 01/27/26 11:22:43 - 0:21:36 - Running average train loss is 0.7841306853294373 at epoch 712
INFO - 01/27/26 11:22:43 - 0:21:36 - At 713-th epoch with lr 0.000474.
INFO - 01/27/26 11:22:44 - 0:21:37 - Running average train loss is 0.784529378414154 at epoch 713
INFO - 01/27/26 11:22:44 - 0:21:37 - At 714-th epoch with lr 0.000473.
INFO - 01/27/26 11:22:46 - 0:21:39 - Running average train loss is 0.7843760704994202 at epoch 714
INFO - 01/27/26 11:22:46 - 0:21:39 - At 715-th epoch with lr 0.000473.
INFO - 01/27/26 11:22:48 - 0:21:40 - Running average train loss is 0.7844824504852295 at epoch 715
INFO - 01/27/26 11:22:48 - 0:21:40 - At 716-th epoch with lr 0.000473.
INFO - 01/27/26 11:22:49 - 0:21:42 - Running average train loss is 0.7842167139053344 at epoch 716
INFO - 01/27/26 11:22:49 - 0:21:42 - At 717-th epoch with lr 0.000472.
INFO - 01/27/26 11:22:51 - 0:21:44 - Running average train loss is 0.784373345375061 at epoch 717
INFO - 01/27/26 11:22:51 - 0:21:44 - At 718-th epoch with lr 0.000472.
INFO - 01/27/26 11:22:53 - 0:21:45 - Running average train loss is 0.7845300769805909 at epoch 718
INFO - 01/27/26 11:22:53 - 0:21:45 - At 719-th epoch with lr 0.000472.
INFO - 01/27/26 11:22:54 - 0:21:47 - Running average train loss is 0.7841863536834717 at epoch 719
INFO - 01/27/26 11:22:54 - 0:21:47 - At 720-th epoch with lr 0.000471.
INFO - 01/27/26 11:22:56 - 0:21:49 - Running average train loss is 0.7842701935768127 at epoch 720
INFO - 01/27/26 11:22:56 - 0:21:49 - Average dev loss is 1.258448839187622 at epoch 720
INFO - 01/27/26 11:22:57 - 0:21:49 - dev accuracy is 59.7 at epoch 720
INFO - 01/27/26 11:22:57 - 0:21:49 - dev average edit distance is 0.869 at epoch 720
INFO - 01/27/26 11:22:57 - 0:21:49 - At 721-th epoch with lr 0.000471.
INFO - 01/27/26 11:22:58 - 0:21:51 - Running average train loss is 0.7846243691444397 at epoch 721
INFO - 01/27/26 11:22:58 - 0:21:51 - At 722-th epoch with lr 0.000471.
INFO - 01/27/26 11:23:00 - 0:21:53 - Running average train loss is 0.7846061158180236 at epoch 722
INFO - 01/27/26 11:23:00 - 0:21:53 - At 723-th epoch with lr 0.000470.
INFO - 01/27/26 11:23:02 - 0:21:54 - Running average train loss is 0.7844093346595764 at epoch 723
INFO - 01/27/26 11:23:02 - 0:21:54 - At 724-th epoch with lr 0.000470.
INFO - 01/27/26 11:23:03 - 0:21:56 - Running average train loss is 0.7846557545661926 at epoch 724
INFO - 01/27/26 11:23:03 - 0:21:56 - At 725-th epoch with lr 0.000470.
INFO - 01/27/26 11:23:05 - 0:21:58 - Running average train loss is 0.7842253088951111 at epoch 725
INFO - 01/27/26 11:23:05 - 0:21:58 - At 726-th epoch with lr 0.000469.
INFO - 01/27/26 11:23:07 - 0:21:59 - Running average train loss is 0.7845264172554016 at epoch 726
INFO - 01/27/26 11:23:07 - 0:21:59 - At 727-th epoch with lr 0.000469.
INFO - 01/27/26 11:23:08 - 0:22:01 - Running average train loss is 0.7842133927345276 at epoch 727
INFO - 01/27/26 11:23:08 - 0:22:01 - At 728-th epoch with lr 0.000469.
INFO - 01/27/26 11:23:10 - 0:22:03 - Running average train loss is 0.7841157960891724 at epoch 728
INFO - 01/27/26 11:23:10 - 0:22:03 - At 729-th epoch with lr 0.000468.
INFO - 01/27/26 11:23:12 - 0:22:04 - Running average train loss is 0.7842119002342224 at epoch 729
INFO - 01/27/26 11:23:12 - 0:22:04 - At 730-th epoch with lr 0.000468.
INFO - 01/27/26 11:23:13 - 0:22:06 - Running average train loss is 0.7842368006706237 at epoch 730
INFO - 01/27/26 11:23:13 - 0:22:06 - At 731-th epoch with lr 0.000468.
INFO - 01/27/26 11:23:15 - 0:22:08 - Running average train loss is 0.7845252704620361 at epoch 731
INFO - 01/27/26 11:23:15 - 0:22:08 - At 732-th epoch with lr 0.000468.
INFO - 01/27/26 11:23:17 - 0:22:09 - Running average train loss is 0.7844455432891846 at epoch 732
INFO - 01/27/26 11:23:17 - 0:22:09 - At 733-th epoch with lr 0.000467.
INFO - 01/27/26 11:23:18 - 0:22:11 - Running average train loss is 0.7842683982849121 at epoch 733
INFO - 01/27/26 11:23:18 - 0:22:11 - At 734-th epoch with lr 0.000467.
INFO - 01/27/26 11:23:20 - 0:22:13 - Running average train loss is 0.7841307353973389 at epoch 734
INFO - 01/27/26 11:23:20 - 0:22:13 - At 735-th epoch with lr 0.000467.
INFO - 01/27/26 11:23:21 - 0:22:14 - Running average train loss is 0.7843649053573608 at epoch 735
INFO - 01/27/26 11:23:21 - 0:22:14 - At 736-th epoch with lr 0.000466.
INFO - 01/27/26 11:23:23 - 0:22:16 - Running average train loss is 0.7843280577659607 at epoch 736
INFO - 01/27/26 11:23:23 - 0:22:16 - Average dev loss is 1.2407841285069783 at epoch 736
INFO - 01/27/26 11:23:24 - 0:22:16 - dev accuracy is 56.9 at epoch 736
INFO - 01/27/26 11:23:24 - 0:22:16 - dev average edit distance is 0.976 at epoch 736
INFO - 01/27/26 11:23:24 - 0:22:17 - At 737-th epoch with lr 0.000466.
INFO - 01/27/26 11:23:25 - 0:22:18 - Running average train loss is 0.7845460438728332 at epoch 737
INFO - 01/27/26 11:23:25 - 0:22:18 - At 738-th epoch with lr 0.000466.
INFO - 01/27/26 11:23:27 - 0:22:20 - Running average train loss is 0.7845011734962464 at epoch 738
INFO - 01/27/26 11:23:27 - 0:22:20 - At 739-th epoch with lr 0.000465.
INFO - 01/27/26 11:23:29 - 0:22:21 - Running average train loss is 0.7844526624679565 at epoch 739
INFO - 01/27/26 11:23:29 - 0:22:21 - At 740-th epoch with lr 0.000465.
INFO - 01/27/26 11:23:30 - 0:22:23 - Running average train loss is 0.7845659923553466 at epoch 740
INFO - 01/27/26 11:23:30 - 0:22:23 - At 741-th epoch with lr 0.000465.
INFO - 01/27/26 11:23:32 - 0:22:25 - Running average train loss is 0.7843563055992127 at epoch 741
INFO - 01/27/26 11:23:32 - 0:22:25 - At 742-th epoch with lr 0.000464.
INFO - 01/27/26 11:23:34 - 0:22:26 - Running average train loss is 0.7844736933708191 at epoch 742
INFO - 01/27/26 11:23:34 - 0:22:26 - At 743-th epoch with lr 0.000464.
INFO - 01/27/26 11:23:35 - 0:22:28 - Running average train loss is 0.7843002223968506 at epoch 743
INFO - 01/27/26 11:23:35 - 0:22:28 - At 744-th epoch with lr 0.000464.
INFO - 01/27/26 11:23:37 - 0:22:30 - Running average train loss is 0.7838398694992066 at epoch 744
INFO - 01/27/26 11:23:37 - 0:22:30 - At 745-th epoch with lr 0.000463.
INFO - 01/27/26 11:23:39 - 0:22:31 - Running average train loss is 0.7843924903869629 at epoch 745
INFO - 01/27/26 11:23:39 - 0:22:31 - At 746-th epoch with lr 0.000463.
INFO - 01/27/26 11:23:40 - 0:22:33 - Running average train loss is 0.7842432236671448 at epoch 746
INFO - 01/27/26 11:23:40 - 0:22:33 - At 747-th epoch with lr 0.000463.
INFO - 01/27/26 11:23:42 - 0:22:35 - Running average train loss is 0.784208128452301 at epoch 747
INFO - 01/27/26 11:23:42 - 0:22:35 - At 748-th epoch with lr 0.000462.
INFO - 01/27/26 11:23:44 - 0:22:36 - Running average train loss is 0.7844355940818787 at epoch 748
INFO - 01/27/26 11:23:44 - 0:22:36 - At 749-th epoch with lr 0.000462.
INFO - 01/27/26 11:23:45 - 0:22:38 - Running average train loss is 0.7840762901306152 at epoch 749
INFO - 01/27/26 11:23:45 - 0:22:38 - At 750-th epoch with lr 0.000462.
INFO - 01/27/26 11:23:47 - 0:22:40 - Running average train loss is 0.7842940020561219 at epoch 750
INFO - 01/27/26 11:23:47 - 0:22:40 - At 751-th epoch with lr 0.000462.
INFO - 01/27/26 11:23:49 - 0:22:41 - Running average train loss is 0.7840442776679992 at epoch 751
INFO - 01/27/26 11:23:49 - 0:22:41 - At 752-th epoch with lr 0.000461.
INFO - 01/27/26 11:23:50 - 0:22:43 - Running average train loss is 0.7840923142433166 at epoch 752
INFO - 01/27/26 11:23:50 - 0:22:43 - Average dev loss is 1.2767030398050945 at epoch 752
INFO - 01/27/26 11:23:51 - 0:22:44 - dev accuracy is 58.3 at epoch 752
INFO - 01/27/26 11:23:51 - 0:22:44 - dev average edit distance is 0.911 at epoch 752
INFO - 01/27/26 11:23:51 - 0:22:44 - At 753-th epoch with lr 0.000461.
INFO - 01/27/26 11:23:53 - 0:22:45 - Running average train loss is 0.7842643237113953 at epoch 753
INFO - 01/27/26 11:23:53 - 0:22:45 - At 754-th epoch with lr 0.000461.
INFO - 01/27/26 11:23:54 - 0:22:47 - Running average train loss is 0.7841339182853698 at epoch 754
INFO - 01/27/26 11:23:54 - 0:22:47 - At 755-th epoch with lr 0.000460.
INFO - 01/27/26 11:23:56 - 0:22:49 - Running average train loss is 0.7844400906562805 at epoch 755
INFO - 01/27/26 11:23:56 - 0:22:49 - At 756-th epoch with lr 0.000460.
INFO - 01/27/26 11:23:58 - 0:22:50 - Running average train loss is 0.7843361210823059 at epoch 756
INFO - 01/27/26 11:23:58 - 0:22:50 - At 757-th epoch with lr 0.000460.
INFO - 01/27/26 11:23:59 - 0:22:52 - Running average train loss is 0.7839975261688232 at epoch 757
INFO - 01/27/26 11:23:59 - 0:22:52 - At 758-th epoch with lr 0.000459.
INFO - 01/27/26 11:24:01 - 0:22:54 - Running average train loss is 0.7842237734794617 at epoch 758
INFO - 01/27/26 11:24:01 - 0:22:54 - At 759-th epoch with lr 0.000459.
INFO - 01/27/26 11:24:02 - 0:22:55 - Running average train loss is 0.7839223098754883 at epoch 759
INFO - 01/27/26 11:24:02 - 0:22:55 - At 760-th epoch with lr 0.000459.
INFO - 01/27/26 11:24:04 - 0:22:57 - Running average train loss is 0.7843623924255371 at epoch 760
INFO - 01/27/26 11:24:04 - 0:22:57 - At 761-th epoch with lr 0.000459.
INFO - 01/27/26 11:24:06 - 0:22:58 - Running average train loss is 0.7846934795379639 at epoch 761
INFO - 01/27/26 11:24:06 - 0:22:58 - At 762-th epoch with lr 0.000458.
INFO - 01/27/26 11:24:07 - 0:23:00 - Running average train loss is 0.7844788098335266 at epoch 762
INFO - 01/27/26 11:24:07 - 0:23:00 - At 763-th epoch with lr 0.000458.
INFO - 01/27/26 11:24:09 - 0:23:02 - Running average train loss is 0.7846823906898499 at epoch 763
INFO - 01/27/26 11:24:09 - 0:23:02 - At 764-th epoch with lr 0.000458.
INFO - 01/27/26 11:24:11 - 0:23:03 - Running average train loss is 0.7844181299209595 at epoch 764
INFO - 01/27/26 11:24:11 - 0:23:03 - At 765-th epoch with lr 0.000457.
INFO - 01/27/26 11:24:12 - 0:23:05 - Running average train loss is 0.7843182587623596 at epoch 765
INFO - 01/27/26 11:24:12 - 0:23:05 - At 766-th epoch with lr 0.000457.
INFO - 01/27/26 11:24:14 - 0:23:07 - Running average train loss is 0.7842484450340271 at epoch 766
INFO - 01/27/26 11:24:14 - 0:23:07 - At 767-th epoch with lr 0.000457.
INFO - 01/27/26 11:24:16 - 0:23:08 - Running average train loss is 0.7844008612632751 at epoch 767
INFO - 01/27/26 11:24:16 - 0:23:08 - At 768-th epoch with lr 0.000456.
INFO - 01/27/26 11:24:17 - 0:23:10 - Running average train loss is 0.7842041373252868 at epoch 768
INFO - 01/27/26 11:24:17 - 0:23:10 - Average dev loss is 1.2670704523722331 at epoch 768
INFO - 01/27/26 11:24:18 - 0:23:11 - dev accuracy is 53.7 at epoch 768
INFO - 01/27/26 11:24:18 - 0:23:11 - dev average edit distance is 1.006 at epoch 768
INFO - 01/27/26 11:24:18 - 0:23:11 - At 769-th epoch with lr 0.000456.
INFO - 01/27/26 11:24:20 - 0:23:12 - Running average train loss is 0.784264178276062 at epoch 769
INFO - 01/27/26 11:24:20 - 0:23:12 - At 770-th epoch with lr 0.000456.
INFO - 01/27/26 11:24:21 - 0:23:14 - Running average train loss is 0.7841857075691223 at epoch 770
INFO - 01/27/26 11:24:21 - 0:23:14 - At 771-th epoch with lr 0.000456.
INFO - 01/27/26 11:24:23 - 0:23:16 - Running average train loss is 0.7842128801345826 at epoch 771
INFO - 01/27/26 11:24:23 - 0:23:16 - At 772-th epoch with lr 0.000455.
INFO - 01/27/26 11:24:25 - 0:23:17 - Running average train loss is 0.7842954277992249 at epoch 772
INFO - 01/27/26 11:24:25 - 0:23:17 - At 773-th epoch with lr 0.000455.
INFO - 01/27/26 11:24:26 - 0:23:19 - Running average train loss is 0.7840707302093506 at epoch 773
INFO - 01/27/26 11:24:26 - 0:23:19 - At 774-th epoch with lr 0.000455.
INFO - 01/27/26 11:24:28 - 0:23:21 - Running average train loss is 0.7839104127883911 at epoch 774
INFO - 01/27/26 11:24:28 - 0:23:21 - At 775-th epoch with lr 0.000454.
INFO - 01/27/26 11:24:30 - 0:23:22 - Running average train loss is 0.7840276384353637 at epoch 775
INFO - 01/27/26 11:24:30 - 0:23:22 - At 776-th epoch with lr 0.000454.
INFO - 01/27/26 11:24:31 - 0:23:24 - Running average train loss is 0.7841578459739685 at epoch 776
INFO - 01/27/26 11:24:31 - 0:23:24 - At 777-th epoch with lr 0.000454.
INFO - 01/27/26 11:24:33 - 0:23:26 - Running average train loss is 0.7841464233398437 at epoch 777
INFO - 01/27/26 11:24:33 - 0:23:26 - At 778-th epoch with lr 0.000453.
INFO - 01/27/26 11:24:35 - 0:23:27 - Running average train loss is 0.7840302801132202 at epoch 778
INFO - 01/27/26 11:24:35 - 0:23:27 - At 779-th epoch with lr 0.000453.
INFO - 01/27/26 11:24:36 - 0:23:29 - Running average train loss is 0.7843613815307617 at epoch 779
INFO - 01/27/26 11:24:36 - 0:23:29 - At 780-th epoch with lr 0.000453.
INFO - 01/27/26 11:24:38 - 0:23:31 - Running average train loss is 0.7839511799812316 at epoch 780
INFO - 01/27/26 11:24:38 - 0:23:31 - At 781-th epoch with lr 0.000453.
INFO - 01/27/26 11:24:39 - 0:23:32 - Running average train loss is 0.7841063451766968 at epoch 781
INFO - 01/27/26 11:24:39 - 0:23:32 - At 782-th epoch with lr 0.000452.
INFO - 01/27/26 11:24:41 - 0:23:34 - Running average train loss is 0.7843647265434265 at epoch 782
INFO - 01/27/26 11:24:41 - 0:23:34 - At 783-th epoch with lr 0.000452.
INFO - 01/27/26 11:24:43 - 0:23:35 - Running average train loss is 0.784124448299408 at epoch 783
INFO - 01/27/26 11:24:43 - 0:23:35 - At 784-th epoch with lr 0.000452.
INFO - 01/27/26 11:24:44 - 0:23:37 - Running average train loss is 0.7841198253631592 at epoch 784
INFO - 01/27/26 11:24:44 - 0:23:37 - Average dev loss is 1.2465505202611287 at epoch 784
INFO - 01/27/26 11:24:45 - 0:23:38 - dev accuracy is 57.4 at epoch 784
INFO - 01/27/26 11:24:45 - 0:23:38 - dev average edit distance is 0.954 at epoch 784
INFO - 01/27/26 11:24:45 - 0:23:38 - At 785-th epoch with lr 0.000451.
INFO - 01/27/26 11:24:47 - 0:23:39 - Running average train loss is 0.7842438411712647 at epoch 785
INFO - 01/27/26 11:24:47 - 0:23:39 - At 786-th epoch with lr 0.000451.
INFO - 01/27/26 11:24:48 - 0:23:41 - Running average train loss is 0.7840123128890991 at epoch 786
INFO - 01/27/26 11:24:48 - 0:23:41 - At 787-th epoch with lr 0.000451.
INFO - 01/27/26 11:24:50 - 0:23:43 - Running average train loss is 0.784054605960846 at epoch 787
INFO - 01/27/26 11:24:50 - 0:23:43 - At 788-th epoch with lr 0.000451.
INFO - 01/27/26 11:24:52 - 0:23:44 - Running average train loss is 0.7838384294509888 at epoch 788
INFO - 01/27/26 11:24:52 - 0:23:44 - At 789-th epoch with lr 0.000450.
INFO - 01/27/26 11:24:53 - 0:23:46 - Running average train loss is 0.784083080291748 at epoch 789
INFO - 01/27/26 11:24:53 - 0:23:46 - At 790-th epoch with lr 0.000450.
INFO - 01/27/26 11:24:55 - 0:23:48 - Running average train loss is 0.7839697408676147 at epoch 790
INFO - 01/27/26 11:24:55 - 0:23:48 - At 791-th epoch with lr 0.000450.
INFO - 01/27/26 11:24:57 - 0:23:49 - Running average train loss is 0.7841510677337646 at epoch 791
INFO - 01/27/26 11:24:57 - 0:23:49 - At 792-th epoch with lr 0.000449.
INFO - 01/27/26 11:24:58 - 0:23:51 - Running average train loss is 0.7840819525718689 at epoch 792
INFO - 01/27/26 11:24:58 - 0:23:51 - At 793-th epoch with lr 0.000449.
INFO - 01/27/26 11:25:00 - 0:23:53 - Running average train loss is 0.78421457529068 at epoch 793
INFO - 01/27/26 11:25:00 - 0:23:53 - At 794-th epoch with lr 0.000449.
INFO - 01/27/26 11:25:02 - 0:23:54 - Running average train loss is 0.7842498898506165 at epoch 794
INFO - 01/27/26 11:25:02 - 0:23:54 - At 795-th epoch with lr 0.000449.
INFO - 01/27/26 11:25:03 - 0:23:56 - Running average train loss is 0.7840545296669006 at epoch 795
INFO - 01/27/26 11:25:03 - 0:23:56 - At 796-th epoch with lr 0.000448.
INFO - 01/27/26 11:25:05 - 0:23:58 - Running average train loss is 0.7844310927391053 at epoch 796
INFO - 01/27/26 11:25:05 - 0:23:58 - At 797-th epoch with lr 0.000448.
INFO - 01/27/26 11:25:07 - 0:23:59 - Running average train loss is 0.7840374112129211 at epoch 797
INFO - 01/27/26 11:25:07 - 0:23:59 - At 798-th epoch with lr 0.000448.
INFO - 01/27/26 11:25:08 - 0:24:01 - Running average train loss is 0.7838936376571656 at epoch 798
INFO - 01/27/26 11:25:08 - 0:24:01 - At 799-th epoch with lr 0.000447.
INFO - 01/27/26 11:25:10 - 0:24:03 - Running average train loss is 0.7841181492805481 at epoch 799
INFO - 01/27/26 11:25:10 - 0:24:03 - Average dev loss is 1.227564771970113 at epoch 799
INFO - 01/27/26 11:25:10 - 0:24:03 - dev accuracy is 58.0 at epoch 799
INFO - 01/27/26 11:25:10 - 0:24:03 - dev average edit distance is 0.984 at epoch 799
INFO - 01/27/26 11:25:11 - 0:24:03 - loading checkpoints/sig23/tagtransformer/grc.nll_1.2576.acc_63.8.dist_0.805.epoch_384 for testing
INFO - 01/27/26 11:25:11 - 0:24:03 - load model in checkpoints/sig23/tagtransformer/grc.nll_1.2576.acc_63.8.dist_0.805.epoch_384
INFO - 01/27/26 11:25:11 - 0:24:03 - Average dev loss is 1.2575537761052449 at epoch -1
INFO - 01/27/26 11:25:11 - 0:24:03 - decoding dev set
INFO - 01/27/26 11:25:11 - 0:24:04 - finished decoding 1000 dev instance
INFO - 01/27/26 11:25:11 - 0:24:04 - DEV accuracy is 63.8 at epoch -1
INFO - 01/27/26 11:25:11 - 0:24:04 - DEV average edit distance is 0.805 at epoch -1
INFO - 01/27/26 11:25:11 - 0:24:04 - DEV grc acc 63.8 dist 0.805
INFO - 01/27/26 11:25:12 - 0:24:04 - Average test loss is 1.298584222793579 at epoch -1
INFO - 01/27/26 11:25:12 - 0:24:04 - decoding test set
INFO - 01/27/26 11:25:12 - 0:24:05 - finished decoding 1000 test instance
INFO - 01/27/26 11:25:12 - 0:24:05 - TEST accuracy is 52.3 at epoch -1
INFO - 01/27/26 11:25:12 - 0:24:05 - TEST average edit distance is 1.086 at epoch -1
INFO - 01/27/26 11:25:12 - 0:24:05 - TEST grc acc 52.3 dist 1.086
INFO - 01/29/26 10:53:46 - 0:00:00 - command line argument: seed - 0
INFO - 01/29/26 10:53:46 - 0:00:00 - command line argument: train - ['../../2023InflectionST/part1/data/grc.trn']
INFO - 01/29/26 10:53:46 - 0:00:00 - command line argument: dev - ['../../2023InflectionST/part1/data/grc.dev']
INFO - 01/29/26 10:53:46 - 0:00:00 - command line argument: test - ['../../2023InflectionST/part1/data/grc.tst']
INFO - 01/29/26 10:53:46 - 0:00:00 - command line argument: model - 'checkpoints/sig23/tagtransformer/grc'
INFO - 01/29/26 10:53:46 - 0:00:00 - command line argument: load - ''
INFO - 01/29/26 10:53:46 - 0:00:00 - command line argument: bs - 400
INFO - 01/29/26 10:53:46 - 0:00:00 - command line argument: epochs - 20
INFO - 01/29/26 10:53:46 - 0:00:00 - command line argument: max_steps - 20000
INFO - 01/29/26 10:53:46 - 0:00:00 - command line argument: warmup_steps - 4000
INFO - 01/29/26 10:53:46 - 0:00:00 - command line argument: total_eval - 50
INFO - 01/29/26 10:53:46 - 0:00:00 - command line argument: optimizer - <Optimizer.adam: 'adam'>
INFO - 01/29/26 10:53:46 - 0:00:00 - command line argument: scheduler - <Scheduler.warmupinvsqr: 'warmupinvsqr'>
INFO - 01/29/26 10:53:46 - 0:00:00 - command line argument: lr - 0.001
INFO - 01/29/26 10:53:46 - 0:00:00 - command line argument: min_lr - 1e-05
INFO - 01/29/26 10:53:46 - 0:00:00 - command line argument: momentum - 0.9
INFO - 01/29/26 10:53:46 - 0:00:00 - command line argument: beta1 - 0.9
INFO - 01/29/26 10:53:46 - 0:00:00 - command line argument: beta2 - 0.98
INFO - 01/29/26 10:53:46 - 0:00:00 - command line argument: estop - 1e-08
INFO - 01/29/26 10:53:46 - 0:00:00 - command line argument: cooldown - 0
INFO - 01/29/26 10:53:46 - 0:00:00 - command line argument: patience - 0
INFO - 01/29/26 10:53:46 - 0:00:00 - command line argument: discount_factor - 0.5
INFO - 01/29/26 10:53:46 - 0:00:00 - command line argument: max_norm - 1.0
INFO - 01/29/26 10:53:46 - 0:00:00 - command line argument: gpuid - [0]
INFO - 01/29/26 10:53:46 - 0:00:00 - command line argument: loglevel - 'info'
INFO - 01/29/26 10:53:46 - 0:00:00 - command line argument: saveall - False
INFO - 01/29/26 10:53:46 - 0:00:00 - command line argument: shuffle - True
INFO - 01/29/26 10:53:46 - 0:00:00 - command line argument: cleanup_anyway - True
INFO - 01/29/26 10:53:46 - 0:00:00 - command line argument: dataset - <Data.sigmorphon23task0: 'sigmorphon23task0'>
INFO - 01/29/26 10:53:46 - 0:00:00 - command line argument: max_seq_len - 128
INFO - 01/29/26 10:53:46 - 0:00:00 - command line argument: max_decode_len - 32
INFO - 01/29/26 10:53:46 - 0:00:00 - command line argument: decode_beam_size - 5
INFO - 01/29/26 10:53:46 - 0:00:00 - command line argument: init - ''
INFO - 01/29/26 10:53:46 - 0:00:00 - command line argument: dropout - 0.3
INFO - 01/29/26 10:53:46 - 0:00:00 - command line argument: embed_dim - 256
INFO - 01/29/26 10:53:46 - 0:00:00 - command line argument: nb_heads - 4
INFO - 01/29/26 10:53:46 - 0:00:00 - command line argument: src_layer - 4
INFO - 01/29/26 10:53:46 - 0:00:00 - command line argument: trg_layer - 4
INFO - 01/29/26 10:53:46 - 0:00:00 - command line argument: src_hs - 1024
INFO - 01/29/26 10:53:46 - 0:00:00 - command line argument: trg_hs - 1024
INFO - 01/29/26 10:53:46 - 0:00:00 - command line argument: label_smooth - 0.1
INFO - 01/29/26 10:53:46 - 0:00:00 - command line argument: tie_trg_embed - False
INFO - 01/29/26 10:53:46 - 0:00:00 - command line argument: arch - <Arch.tagtransformer: 'tagtransformer'>
INFO - 01/29/26 10:53:46 - 0:00:00 - command line argument: nb_sample - 2
INFO - 01/29/26 10:53:46 - 0:00:00 - command line argument: wid_siz - 11
INFO - 01/29/26 10:53:46 - 0:00:00 - command line argument: indtag - False
INFO - 01/29/26 10:53:46 - 0:00:00 - command line argument: decode - <Decode.greedy: 'greedy'>
INFO - 01/29/26 10:53:46 - 0:00:00 - command line argument: mono - False
INFO - 01/29/26 10:53:46 - 0:00:00 - command line argument: bestacc - True
INFO - 01/29/26 10:53:46 - 0:00:00 - src vocab size 116
INFO - 01/29/26 10:53:46 - 0:00:00 - trg vocab size 103
INFO - 01/29/26 10:53:46 - 0:00:00 - src vocab ['<PAD>', '<BOS>', '<EOS>', '<UNK>', '(', ')', ',', '́', '̈', '̓', '̔', 'Β', 'Γ', 'Ε', 'Θ', 'Λ', 'Μ', 'Ν', 'Ο', 'Σ', 'Τ', 'Φ', 'Χ', 'ά', 'έ', 'ή', 'ί', 'α', 'β', 'γ', 'δ', 'ε', 'ζ', 'η', 'θ', 'ι', 'κ', 'λ', 'μ', 'ν', 'ξ', 'ο', 'π', 'ρ', 'ς', 'σ', 'τ', 'υ', 'φ', 'χ', 'ψ', 'ω', 'ϊ', 'ό', 'ύ', 'ώ', 'ἀ', 'ἁ', 'ἄ', 'ἆ', 'Ἀ', 'Ἁ', 'ἐ', 'ἑ', 'ἔ', 'ἕ', 'Ἐ', 'ἡ', 'ἰ', 'ἱ', 'ἴ', 'ἵ', 'Ἰ', 'ὀ', 'ὁ', 'ὄ', 'ὐ', 'ὑ', 'ὔ', 'ὠ', 'Ὠ', 'ᾰ', 'ᾱ', 'ᾳ', 'ᾴ', 'ᾶ', 'ᾷ', 'Ᾰ', 'ῃ', 'ῆ', 'ῇ', 'ῐ', 'ῑ', 'ῖ', 'ῠ', 'ῡ', 'ῥ', 'ῦ', 'Ῥ', 'ῳ', 'ῴ', 'ῶ', 'ῷ', 'ACC', 'ADJ', 'DAT', 'DU', 'FEM', 'GEN', 'MASC', 'N', 'NEUT', 'NOM', 'PL', 'SG', 'VOC']
INFO - 01/29/26 10:53:46 - 0:00:00 - trg vocab ['<PAD>', '<BOS>', '<EOS>', '<UNK>', '(', ')', ',', '́', '̈', '̓', '̔', 'Β', 'Γ', 'Ε', 'Θ', 'Λ', 'Μ', 'Ν', 'Ο', 'Σ', 'Τ', 'Φ', 'Χ', 'ά', 'έ', 'ή', 'ί', 'α', 'β', 'γ', 'δ', 'ε', 'ζ', 'η', 'θ', 'ι', 'κ', 'λ', 'μ', 'ν', 'ξ', 'ο', 'π', 'ρ', 'ς', 'σ', 'τ', 'υ', 'φ', 'χ', 'ψ', 'ω', 'ϊ', 'ό', 'ύ', 'ώ', 'ἀ', 'ἁ', 'ἄ', 'ἆ', 'Ἀ', 'Ἁ', 'ἐ', 'ἑ', 'ἔ', 'ἕ', 'Ἐ', 'ἡ', 'ἰ', 'ἱ', 'ἴ', 'ἵ', 'Ἰ', 'ὀ', 'ὁ', 'ὄ', 'ὐ', 'ὑ', 'ὔ', 'ὠ', 'Ὠ', 'ᾰ', 'ᾱ', 'ᾳ', 'ᾴ', 'ᾶ', 'ᾷ', 'Ᾰ', 'ῃ', 'ῆ', 'ῇ', 'ῐ', 'ῑ', 'ῖ', 'ῠ', 'ῡ', 'ῥ', 'ῦ', 'Ῥ', 'ῳ', 'ῴ', 'ῶ', 'ῷ']
INFO - 01/29/26 10:53:46 - 0:00:00 - model: TagTransformer(
                                       (src_embed): Embedding(116, 256, padding_idx=0)
                                       (trg_embed): Embedding(103, 256, padding_idx=0)
                                       (position_embed): SinusoidalPositionalEmbedding()
                                       (encoder): TransformerEncoder(
                                         (layers): ModuleList(
                                           (0): TransformerEncoderLayer(
                                             (self_attn): MultiheadAttention(
                                               (out_proj): _LinearWithBias(in_features=256, out_features=256, bias=True)
                                             )
                                             (linear1): Linear(in_features=256, out_features=1024, bias=True)
                                             (dropout): Dropout(p=0.3, inplace=False)
                                             (linear2): Linear(in_features=1024, out_features=256, bias=True)
                                             (norm1): LayerNorm((256,), eps=1e-05, elementwise_affine=True)
                                             (norm2): LayerNorm((256,), eps=1e-05, elementwise_affine=True)
                                             (activation_dropout): Dropout(p=0.3, inplace=False)
                                           )
                                           (1): TransformerEncoderLayer(
                                             (self_attn): MultiheadAttention(
                                               (out_proj): _LinearWithBias(in_features=256, out_features=256, bias=True)
                                             )
                                             (linear1): Linear(in_features=256, out_features=1024, bias=True)
                                             (dropout): Dropout(p=0.3, inplace=False)
                                             (linear2): Linear(in_features=1024, out_features=256, bias=True)
                                             (norm1): LayerNorm((256,), eps=1e-05, elementwise_affine=True)
                                             (norm2): LayerNorm((256,), eps=1e-05, elementwise_affine=True)
                                             (activation_dropout): Dropout(p=0.3, inplace=False)
                                           )
                                           (2): TransformerEncoderLayer(
                                             (self_attn): MultiheadAttention(
                                               (out_proj): _LinearWithBias(in_features=256, out_features=256, bias=True)
                                             )
                                             (linear1): Linear(in_features=256, out_features=1024, bias=True)
                                             (dropout): Dropout(p=0.3, inplace=False)
                                             (linear2): Linear(in_features=1024, out_features=256, bias=True)
                                             (norm1): LayerNorm((256,), eps=1e-05, elementwise_affine=True)
                                             (norm2): LayerNorm((256,), eps=1e-05, elementwise_affine=True)
                                             (activation_dropout): Dropout(p=0.3, inplace=False)
                                           )
                                           (3): TransformerEncoderLayer(
                                             (self_attn): MultiheadAttention(
                                               (out_proj): _LinearWithBias(in_features=256, out_features=256, bias=True)
                                             )
                                             (linear1): Linear(in_features=256, out_features=1024, bias=True)
                                             (dropout): Dropout(p=0.3, inplace=False)
                                             (linear2): Linear(in_features=1024, out_features=256, bias=True)
                                             (norm1): LayerNorm((256,), eps=1e-05, elementwise_affine=True)
                                             (norm2): LayerNorm((256,), eps=1e-05, elementwise_affine=True)
                                             (activation_dropout): Dropout(p=0.3, inplace=False)
                                           )
                                         )
                                         (norm): LayerNorm((256,), eps=1e-05, elementwise_affine=True)
                                       )
                                       (decoder): TransformerDecoder(
                                         (layers): ModuleList(
                                           (0): TransformerDecoderLayer(
                                             (self_attn): MultiheadAttention(
                                               (out_proj): _LinearWithBias(in_features=256, out_features=256, bias=True)
                                             )
                                             (multihead_attn): MultiheadAttention(
                                               (out_proj): _LinearWithBias(in_features=256, out_features=256, bias=True)
                                             )
                                             (linear1): Linear(in_features=256, out_features=1024, bias=True)
                                             (dropout): Dropout(p=0.3, inplace=False)
                                             (linear2): Linear(in_features=1024, out_features=256, bias=True)
                                             (norm1): LayerNorm((256,), eps=1e-05, elementwise_affine=True)
                                             (norm2): LayerNorm((256,), eps=1e-05, elementwise_affine=True)
                                             (norm3): LayerNorm((256,), eps=1e-05, elementwise_affine=True)
                                             (activation_dropout): Dropout(p=0.3, inplace=False)
                                           )
                                           (1): TransformerDecoderLayer(
                                             (self_attn): MultiheadAttention(
                                               (out_proj): _LinearWithBias(in_features=256, out_features=256, bias=True)
                                             )
                                             (multihead_attn): MultiheadAttention(
                                               (out_proj): _LinearWithBias(in_features=256, out_features=256, bias=True)
                                             )
                                             (linear1): Linear(in_features=256, out_features=1024, bias=True)
                                             (dropout): Dropout(p=0.3, inplace=False)
                                             (linear2): Linear(in_features=1024, out_features=256, bias=True)
                                             (norm1): LayerNorm((256,), eps=1e-05, elementwise_affine=True)
                                             (norm2): LayerNorm((256,), eps=1e-05, elementwise_affine=True)
                                             (norm3): LayerNorm((256,), eps=1e-05, elementwise_affine=True)
                                             (activation_dropout): Dropout(p=0.3, inplace=False)
                                           )
                                           (2): TransformerDecoderLayer(
                                             (self_attn): MultiheadAttention(
                                               (out_proj): _LinearWithBias(in_features=256, out_features=256, bias=True)
                                             )
                                             (multihead_attn): MultiheadAttention(
                                               (out_proj): _LinearWithBias(in_features=256, out_features=256, bias=True)
                                             )
                                             (linear1): Linear(in_features=256, out_features=1024, bias=True)
                                             (dropout): Dropout(p=0.3, inplace=False)
                                             (linear2): Linear(in_features=1024, out_features=256, bias=True)
                                             (norm1): LayerNorm((256,), eps=1e-05, elementwise_affine=True)
                                             (norm2): LayerNorm((256,), eps=1e-05, elementwise_affine=True)
                                             (norm3): LayerNorm((256,), eps=1e-05, elementwise_affine=True)
                                             (activation_dropout): Dropout(p=0.3, inplace=False)
                                           )
                                           (3): TransformerDecoderLayer(
                                             (self_attn): MultiheadAttention(
                                               (out_proj): _LinearWithBias(in_features=256, out_features=256, bias=True)
                                             )
                                             (multihead_attn): MultiheadAttention(
                                               (out_proj): _LinearWithBias(in_features=256, out_features=256, bias=True)
                                             )
                                             (linear1): Linear(in_features=256, out_features=1024, bias=True)
                                             (dropout): Dropout(p=0.3, inplace=False)
                                             (linear2): Linear(in_features=1024, out_features=256, bias=True)
                                             (norm1): LayerNorm((256,), eps=1e-05, elementwise_affine=True)
                                             (norm2): LayerNorm((256,), eps=1e-05, elementwise_affine=True)
                                             (norm3): LayerNorm((256,), eps=1e-05, elementwise_affine=True)
                                             (activation_dropout): Dropout(p=0.3, inplace=False)
                                           )
                                         )
                                         (norm): LayerNorm((256,), eps=1e-05, elementwise_affine=True)
                                       )
                                       (final_out): Linear(in_features=256, out_features=103, bias=True)
                                       (dropout): Dropout(p=0.3, inplace=False)
                                       (special_embeddings): Embedding(2, 256)
                                     )
INFO - 01/29/26 10:53:47 - 0:00:00 - number of parameter 7456871
INFO - 01/29/26 10:53:50 - 0:00:04 - maximum training 20000 steps (800 epochs)
INFO - 01/29/26 10:53:50 - 0:00:04 - evaluate every 16 epochs
INFO - 01/29/26 10:53:50 - 0:00:04 - At 0-th epoch with lr 0.000000.
INFO - 01/29/26 10:53:53 - 0:00:06 - Running average train loss is 5.151648540496826 at epoch 0
INFO - 01/29/26 10:53:53 - 0:00:06 - At 1-th epoch with lr 0.000006.
INFO - 01/29/26 10:53:54 - 0:00:08 - Running average train loss is 4.714538669586181 at epoch 1
INFO - 01/29/26 10:53:54 - 0:00:08 - At 2-th epoch with lr 0.000013.
INFO - 01/29/26 10:53:56 - 0:00:10 - Running average train loss is 4.179435796737671 at epoch 2
INFO - 01/29/26 10:53:56 - 0:00:10 - At 3-th epoch with lr 0.000019.
INFO - 01/29/26 10:53:58 - 0:00:11 - Running average train loss is 3.8326656436920166 at epoch 3
INFO - 01/29/26 10:53:58 - 0:00:11 - At 4-th epoch with lr 0.000025.
INFO - 01/29/26 10:53:59 - 0:00:13 - Running average train loss is 3.6377195072174073 at epoch 4
INFO - 01/29/26 10:53:59 - 0:00:13 - At 5-th epoch with lr 0.000031.
INFO - 01/29/26 10:54:01 - 0:00:15 - Running average train loss is 3.458424530029297 at epoch 5
INFO - 01/29/26 10:54:01 - 0:00:15 - At 6-th epoch with lr 0.000037.
INFO - 01/29/26 10:54:03 - 0:00:16 - Running average train loss is 3.2593156337738036 at epoch 6
INFO - 01/29/26 10:54:03 - 0:00:16 - At 7-th epoch with lr 0.000044.
INFO - 01/29/26 10:54:04 - 0:00:18 - Running average train loss is 3.049576244354248 at epoch 7
INFO - 01/29/26 10:54:04 - 0:00:18 - At 8-th epoch with lr 0.000050.
INFO - 01/29/26 10:54:06 - 0:00:20 - Running average train loss is 2.8689961719512937 at epoch 8
INFO - 01/29/26 10:54:06 - 0:00:20 - At 9-th epoch with lr 0.000056.
INFO - 01/29/26 10:54:07 - 0:00:21 - Running average train loss is 2.7035249519348143 at epoch 9
INFO - 01/29/26 10:54:07 - 0:00:21 - At 10-th epoch with lr 0.000063.
INFO - 01/29/26 10:54:09 - 0:00:23 - Running average train loss is 2.54078800201416 at epoch 10
INFO - 01/29/26 10:54:09 - 0:00:23 - At 11-th epoch with lr 0.000069.
INFO - 01/29/26 10:54:11 - 0:00:24 - Running average train loss is 2.3690263557434084 at epoch 11
INFO - 01/29/26 10:54:11 - 0:00:24 - At 12-th epoch with lr 0.000075.
INFO - 01/29/26 10:54:12 - 0:00:26 - Running average train loss is 2.1965947437286375 at epoch 12
INFO - 01/29/26 10:54:12 - 0:00:26 - At 13-th epoch with lr 0.000081.
INFO - 01/29/26 10:54:14 - 0:00:28 - Running average train loss is 2.0469411182403565 at epoch 13
INFO - 01/29/26 10:54:14 - 0:00:28 - At 14-th epoch with lr 0.000087.
INFO - 01/29/26 10:54:16 - 0:00:29 - Running average train loss is 1.9154071187973023 at epoch 14
INFO - 01/29/26 10:54:16 - 0:00:29 - At 15-th epoch with lr 0.000094.
INFO - 01/29/26 10:54:17 - 0:00:31 - Running average train loss is 1.7955996084213257 at epoch 15
INFO - 01/29/26 10:54:17 - 0:00:31 - At 16-th epoch with lr 0.000100.
INFO - 01/29/26 10:54:19 - 0:00:33 - Running average train loss is 1.6980554342269898 at epoch 16
INFO - 01/29/26 10:54:19 - 0:00:33 - Average dev loss is 1.7266345818837483 at epoch 16
INFO - 01/29/26 10:54:19 - 0:00:33 - dev accuracy is 13.9 at epoch 16
INFO - 01/29/26 10:54:19 - 0:00:33 - dev average edit distance is 2.832 at epoch 16
INFO - 01/29/26 10:54:20 - 0:00:33 - At 17-th epoch with lr 0.000106.
INFO - 01/29/26 10:54:21 - 0:00:35 - Running average train loss is 1.6068435907363892 at epoch 17
INFO - 01/29/26 10:54:21 - 0:00:35 - At 18-th epoch with lr 0.000113.
INFO - 01/29/26 10:54:23 - 0:00:36 - Running average train loss is 1.535558214187622 at epoch 18
INFO - 01/29/26 10:54:23 - 0:00:36 - At 19-th epoch with lr 0.000119.
INFO - 01/29/26 10:54:24 - 0:00:38 - Running average train loss is 1.4644993209838868 at epoch 19
INFO - 01/29/26 10:54:24 - 0:00:38 - At 20-th epoch with lr 0.000125.
INFO - 01/29/26 10:54:26 - 0:00:40 - Running average train loss is 1.4101643133163453 at epoch 20
INFO - 01/29/26 10:54:26 - 0:00:40 - At 21-th epoch with lr 0.000131.
INFO - 01/29/26 10:54:28 - 0:00:41 - Running average train loss is 1.354528169631958 at epoch 21
INFO - 01/29/26 10:54:28 - 0:00:41 - At 22-th epoch with lr 0.000138.
INFO - 01/29/26 10:54:29 - 0:00:43 - Running average train loss is 1.3116691780090333 at epoch 22
INFO - 01/29/26 10:54:29 - 0:00:43 - At 23-th epoch with lr 0.000144.
INFO - 01/29/26 10:54:31 - 0:00:45 - Running average train loss is 1.2698698329925537 at epoch 23
INFO - 01/29/26 10:54:31 - 0:00:45 - At 24-th epoch with lr 0.000150.
INFO - 01/29/26 10:54:33 - 0:00:47 - Running average train loss is 1.2364077520370484 at epoch 24
INFO - 01/29/26 10:54:33 - 0:00:47 - At 25-th epoch with lr 0.000156.
INFO - 01/29/26 10:54:35 - 0:00:48 - Running average train loss is 1.2004062461853027 at epoch 25
INFO - 01/29/26 10:54:35 - 0:00:48 - At 26-th epoch with lr 0.000163.
INFO - 01/29/26 10:54:36 - 0:00:50 - Running average train loss is 1.1685502195358277 at epoch 26
INFO - 01/29/26 10:54:36 - 0:00:50 - At 27-th epoch with lr 0.000169.
INFO - 01/29/26 10:54:38 - 0:00:52 - Running average train loss is 1.1407245349884034 at epoch 27
INFO - 01/29/26 10:54:38 - 0:00:52 - At 28-th epoch with lr 0.000175.
INFO - 01/29/26 10:54:40 - 0:00:53 - Running average train loss is 1.115956392288208 at epoch 28
INFO - 01/29/26 10:54:40 - 0:00:53 - At 29-th epoch with lr 0.000181.
INFO - 01/29/26 10:54:41 - 0:00:55 - Running average train loss is 1.0937022399902343 at epoch 29
INFO - 01/29/26 10:54:41 - 0:00:55 - At 30-th epoch with lr 0.000188.
INFO - 01/29/26 10:54:43 - 0:00:56 - Running average train loss is 1.0745726871490477 at epoch 30
INFO - 01/29/26 10:54:43 - 0:00:56 - At 31-th epoch with lr 0.000194.
INFO - 01/29/26 10:54:44 - 0:00:58 - Running average train loss is 1.0559575128555299 at epoch 31
INFO - 01/29/26 10:54:44 - 0:00:58 - At 32-th epoch with lr 0.000200.
INFO - 01/29/26 10:54:46 - 0:01:00 - Running average train loss is 1.0362337970733642 at epoch 32
INFO - 01/29/26 10:54:46 - 0:01:00 - Average dev loss is 1.2536940972010295 at epoch 32
INFO - 01/29/26 10:54:47 - 0:01:00 - dev accuracy is 44.8 at epoch 32
INFO - 01/29/26 10:54:47 - 0:01:00 - dev average edit distance is 1.487 at epoch 32
INFO - 01/29/26 10:54:47 - 0:01:00 - At 33-th epoch with lr 0.000206.
INFO - 01/29/26 10:54:48 - 0:01:02 - Running average train loss is 1.0226947593688964 at epoch 33
INFO - 01/29/26 10:54:48 - 0:01:02 - At 34-th epoch with lr 0.000212.
INFO - 01/29/26 10:54:50 - 0:01:04 - Running average train loss is 1.0087462997436523 at epoch 34
INFO - 01/29/26 10:54:50 - 0:01:04 - At 35-th epoch with lr 0.000219.
INFO - 01/29/26 10:54:52 - 0:01:06 - Running average train loss is 0.9959261584281921 at epoch 35
INFO - 01/29/26 10:54:52 - 0:01:06 - At 36-th epoch with lr 0.000225.
INFO - 01/29/26 10:54:54 - 0:01:07 - Running average train loss is 0.9833091187477112 at epoch 36
INFO - 01/29/26 10:54:54 - 0:01:07 - At 37-th epoch with lr 0.000231.
INFO - 01/29/26 10:54:55 - 0:01:09 - Running average train loss is 0.9730611419677735 at epoch 37
INFO - 01/29/26 10:54:55 - 0:01:09 - At 38-th epoch with lr 0.000237.
INFO - 01/29/26 10:54:57 - 0:01:11 - Running average train loss is 0.9598427128791809 at epoch 38
INFO - 01/29/26 10:54:57 - 0:01:11 - At 39-th epoch with lr 0.000244.
INFO - 01/29/26 10:54:59 - 0:01:12 - Running average train loss is 0.9519042491912841 at epoch 39
INFO - 01/29/26 10:54:59 - 0:01:12 - At 40-th epoch with lr 0.000250.
INFO - 01/29/26 10:55:00 - 0:01:14 - Running average train loss is 0.943200695514679 at epoch 40
INFO - 01/29/26 10:55:00 - 0:01:14 - At 41-th epoch with lr 0.000256.
INFO - 01/29/26 10:55:02 - 0:01:15 - Running average train loss is 0.9351284456253052 at epoch 41
INFO - 01/29/26 10:55:02 - 0:01:15 - At 42-th epoch with lr 0.000263.
INFO - 01/29/26 10:55:03 - 0:01:17 - Running average train loss is 0.9273497653007508 at epoch 42
INFO - 01/29/26 10:55:03 - 0:01:17 - At 43-th epoch with lr 0.000269.
INFO - 01/29/26 10:55:05 - 0:01:18 - Running average train loss is 0.9188689732551575 at epoch 43
INFO - 01/29/26 10:55:05 - 0:01:18 - At 44-th epoch with lr 0.000275.
INFO - 01/29/26 10:55:06 - 0:01:20 - Running average train loss is 0.911547646522522 at epoch 44
INFO - 01/29/26 10:55:06 - 0:01:20 - At 45-th epoch with lr 0.000281.
INFO - 01/29/26 10:55:08 - 0:01:21 - Running average train loss is 0.905653076171875 at epoch 45
INFO - 01/29/26 10:55:08 - 0:01:21 - At 46-th epoch with lr 0.000287.
INFO - 01/29/26 10:55:09 - 0:01:23 - Running average train loss is 0.9006483221054077 at epoch 46
INFO - 01/29/26 10:55:09 - 0:01:23 - At 47-th epoch with lr 0.000294.
INFO - 01/29/26 10:55:11 - 0:01:25 - Running average train loss is 0.8945343327522278 at epoch 47
INFO - 01/29/26 10:55:11 - 0:01:25 - At 48-th epoch with lr 0.000300.
INFO - 01/29/26 10:55:13 - 0:01:26 - Running average train loss is 0.8897693800926209 at epoch 48
INFO - 01/29/26 10:55:13 - 0:01:26 - Average dev loss is 1.190146009127299 at epoch 48
INFO - 01/29/26 10:55:13 - 0:01:27 - dev accuracy is 56.7 at epoch 48
INFO - 01/29/26 10:55:13 - 0:01:27 - dev average edit distance is 1.014 at epoch 48
INFO - 01/29/26 10:55:13 - 0:01:27 - At 49-th epoch with lr 0.000306.
INFO - 01/29/26 10:55:15 - 0:01:28 - Running average train loss is 0.8853967070579529 at epoch 49
INFO - 01/29/26 10:55:15 - 0:01:28 - At 50-th epoch with lr 0.000313.
INFO - 01/29/26 10:55:16 - 0:01:30 - Running average train loss is 0.8800770258903503 at epoch 50
INFO - 01/29/26 10:55:16 - 0:01:30 - At 51-th epoch with lr 0.000319.
INFO - 01/29/26 10:55:18 - 0:01:32 - Running average train loss is 0.8753844451904297 at epoch 51
INFO - 01/29/26 10:55:18 - 0:01:32 - At 52-th epoch with lr 0.000325.
INFO - 01/29/26 10:55:20 - 0:01:33 - Running average train loss is 0.8717868828773498 at epoch 52
INFO - 01/29/26 10:55:20 - 0:01:33 - At 53-th epoch with lr 0.000331.
INFO - 01/29/26 10:55:21 - 0:01:35 - Running average train loss is 0.8688601350784302 at epoch 53
INFO - 01/29/26 10:55:21 - 0:01:35 - At 54-th epoch with lr 0.000338.
INFO - 01/29/26 10:55:23 - 0:01:37 - Running average train loss is 0.8649571847915649 at epoch 54
INFO - 01/29/26 10:55:23 - 0:01:37 - At 55-th epoch with lr 0.000344.
INFO - 01/29/26 10:55:25 - 0:01:38 - Running average train loss is 0.8613067650794983 at epoch 55
INFO - 01/29/26 10:55:25 - 0:01:38 - At 56-th epoch with lr 0.000350.
INFO - 01/29/26 10:55:26 - 0:01:40 - Running average train loss is 0.8600882005691528 at epoch 56
INFO - 01/29/26 10:55:26 - 0:01:40 - At 57-th epoch with lr 0.000356.
INFO - 01/29/26 10:55:28 - 0:01:42 - Running average train loss is 0.8566167402267456 at epoch 57
INFO - 01/29/26 10:55:28 - 0:01:42 - At 58-th epoch with lr 0.000362.
INFO - 01/29/26 10:55:30 - 0:01:43 - Running average train loss is 0.8523192954063415 at epoch 58
INFO - 01/29/26 10:55:30 - 0:01:43 - At 59-th epoch with lr 0.000369.
INFO - 01/29/26 10:55:31 - 0:01:45 - Running average train loss is 0.850040602684021 at epoch 59
INFO - 01/29/26 10:55:31 - 0:01:45 - At 60-th epoch with lr 0.000375.
INFO - 01/29/26 10:55:33 - 0:01:47 - Running average train loss is 0.8484477043151856 at epoch 60
INFO - 01/29/26 10:55:33 - 0:01:47 - At 61-th epoch with lr 0.000381.
INFO - 01/29/26 10:55:35 - 0:01:48 - Running average train loss is 0.8476846218109131 at epoch 61
INFO - 01/29/26 10:55:35 - 0:01:48 - At 62-th epoch with lr 0.000388.
INFO - 01/29/26 10:55:36 - 0:01:50 - Running average train loss is 0.8440771317481994 at epoch 62
INFO - 01/29/26 10:55:36 - 0:01:50 - At 63-th epoch with lr 0.000394.
INFO - 01/29/26 10:55:38 - 0:01:52 - Running average train loss is 0.8436046910285949 at epoch 63
INFO - 01/29/26 10:55:38 - 0:01:52 - At 64-th epoch with lr 0.000400.
INFO - 01/29/26 10:55:40 - 0:01:53 - Running average train loss is 0.8395012402534485 at epoch 64
INFO - 01/29/26 10:55:40 - 0:01:53 - Average dev loss is 1.1806602875391643 at epoch 64
INFO - 01/29/26 10:55:40 - 0:01:54 - dev accuracy is 53.1 at epoch 64
INFO - 01/29/26 10:55:40 - 0:01:54 - dev average edit distance is 1.111 at epoch 64
INFO - 01/29/26 10:55:40 - 0:01:54 - At 65-th epoch with lr 0.000406.
INFO - 01/29/26 10:55:42 - 0:01:56 - Running average train loss is 0.8392369747161865 at epoch 65
INFO - 01/29/26 10:55:42 - 0:01:56 - At 66-th epoch with lr 0.000412.
INFO - 01/29/26 10:55:44 - 0:01:57 - Running average train loss is 0.837297306060791 at epoch 66
INFO - 01/29/26 10:55:44 - 0:01:57 - At 67-th epoch with lr 0.000419.
INFO - 01/29/26 10:55:45 - 0:01:59 - Running average train loss is 0.8353463268280029 at epoch 67
INFO - 01/29/26 10:55:45 - 0:01:59 - At 68-th epoch with lr 0.000425.
INFO - 01/29/26 10:55:47 - 0:02:01 - Running average train loss is 0.8351819729804992 at epoch 68
INFO - 01/29/26 10:55:47 - 0:02:01 - At 69-th epoch with lr 0.000431.
INFO - 01/29/26 10:55:49 - 0:02:02 - Running average train loss is 0.8326376700401306 at epoch 69
INFO - 01/29/26 10:55:49 - 0:02:02 - At 70-th epoch with lr 0.000438.
INFO - 01/29/26 10:55:50 - 0:02:04 - Running average train loss is 0.8307022786140442 at epoch 70
INFO - 01/29/26 10:55:50 - 0:02:04 - At 71-th epoch with lr 0.000444.
INFO - 01/29/26 10:55:52 - 0:02:06 - Running average train loss is 0.8295183849334716 at epoch 71
INFO - 01/29/26 10:55:52 - 0:02:06 - At 72-th epoch with lr 0.000450.
INFO - 01/29/26 10:55:54 - 0:02:07 - Running average train loss is 0.8281663012504578 at epoch 72
INFO - 01/29/26 10:55:54 - 0:02:07 - At 73-th epoch with lr 0.000456.
INFO - 01/29/26 10:55:55 - 0:02:09 - Running average train loss is 0.8282777166366577 at epoch 73
INFO - 01/29/26 10:55:55 - 0:02:09 - At 74-th epoch with lr 0.000463.
INFO - 01/29/26 10:55:57 - 0:02:11 - Running average train loss is 0.8269318127632141 at epoch 74
INFO - 01/29/26 10:55:57 - 0:02:11 - At 75-th epoch with lr 0.000469.
INFO - 01/29/26 10:55:59 - 0:02:12 - Running average train loss is 0.8263790106773377 at epoch 75
INFO - 01/29/26 10:55:59 - 0:02:12 - At 76-th epoch with lr 0.000475.
INFO - 01/29/26 10:56:00 - 0:02:14 - Running average train loss is 0.8246417713165283 at epoch 76
INFO - 01/29/26 10:56:00 - 0:02:14 - At 77-th epoch with lr 0.000481.
INFO - 01/29/26 10:56:02 - 0:02:16 - Running average train loss is 0.8228113603591919 at epoch 77
INFO - 01/29/26 10:56:02 - 0:02:16 - At 78-th epoch with lr 0.000487.
INFO - 01/29/26 10:56:04 - 0:02:17 - Running average train loss is 0.8222298359870911 at epoch 78
INFO - 01/29/26 10:56:04 - 0:02:17 - At 79-th epoch with lr 0.000494.
INFO - 01/29/26 10:56:05 - 0:02:19 - Running average train loss is 0.8219015955924988 at epoch 79
INFO - 01/29/26 10:56:05 - 0:02:19 - At 80-th epoch with lr 0.000500.
INFO - 01/29/26 10:56:07 - 0:02:21 - Running average train loss is 0.8209329390525818 at epoch 80
INFO - 01/29/26 10:56:07 - 0:02:21 - Average dev loss is 1.1890754699707031 at epoch 80
INFO - 01/29/26 10:56:07 - 0:02:21 - dev accuracy is 57.6 at epoch 80
INFO - 01/29/26 10:56:07 - 0:02:21 - dev average edit distance is 0.971 at epoch 80
INFO - 01/29/26 10:56:08 - 0:02:21 - At 81-th epoch with lr 0.000506.
INFO - 01/29/26 10:56:09 - 0:02:23 - Running average train loss is 0.8189203453063965 at epoch 81
INFO - 01/29/26 10:56:09 - 0:02:23 - At 82-th epoch with lr 0.000512.
INFO - 01/29/26 10:56:11 - 0:02:25 - Running average train loss is 0.8186757206916809 at epoch 82
INFO - 01/29/26 10:56:11 - 0:02:25 - At 83-th epoch with lr 0.000519.
INFO - 01/29/26 10:56:13 - 0:02:26 - Running average train loss is 0.8192821455001831 at epoch 83
INFO - 01/29/26 10:56:13 - 0:02:26 - At 84-th epoch with lr 0.000525.
INFO - 01/29/26 10:56:14 - 0:02:28 - Running average train loss is 0.8174624752998352 at epoch 84
INFO - 01/29/26 10:56:14 - 0:02:28 - At 85-th epoch with lr 0.000531.
INFO - 01/29/26 10:56:16 - 0:02:30 - Running average train loss is 0.8172544574737549 at epoch 85
INFO - 01/29/26 10:56:16 - 0:02:30 - At 86-th epoch with lr 0.000538.
INFO - 01/29/26 10:56:18 - 0:02:31 - Running average train loss is 0.8159187054634094 at epoch 86
INFO - 01/29/26 10:56:18 - 0:02:31 - At 87-th epoch with lr 0.000544.
INFO - 01/29/26 10:56:19 - 0:02:33 - Running average train loss is 0.8153296852111817 at epoch 87
INFO - 01/29/26 10:56:19 - 0:02:33 - At 88-th epoch with lr 0.000550.
INFO - 01/29/26 10:56:21 - 0:02:35 - Running average train loss is 0.8154767775535583 at epoch 88
INFO - 01/29/26 10:56:21 - 0:02:35 - At 89-th epoch with lr 0.000556.
INFO - 01/29/26 10:56:22 - 0:02:36 - Running average train loss is 0.8143586373329162 at epoch 89
INFO - 01/29/26 10:56:22 - 0:02:36 - At 90-th epoch with lr 0.000563.
INFO - 01/29/26 10:56:24 - 0:02:38 - Running average train loss is 0.814111704826355 at epoch 90
INFO - 01/29/26 10:56:24 - 0:02:38 - At 91-th epoch with lr 0.000569.
INFO - 01/29/26 10:56:26 - 0:02:39 - Running average train loss is 0.8127270936965942 at epoch 91
INFO - 01/29/26 10:56:26 - 0:02:39 - At 92-th epoch with lr 0.000575.
INFO - 01/29/26 10:56:27 - 0:02:41 - Running average train loss is 0.8115970802307129 at epoch 92
INFO - 01/29/26 10:56:27 - 0:02:41 - At 93-th epoch with lr 0.000581.
INFO - 01/29/26 10:56:29 - 0:02:43 - Running average train loss is 0.8128399920463562 at epoch 93
INFO - 01/29/26 10:56:29 - 0:02:43 - At 94-th epoch with lr 0.000588.
INFO - 01/29/26 10:56:31 - 0:02:44 - Running average train loss is 0.8125113606452942 at epoch 94
INFO - 01/29/26 10:56:31 - 0:02:44 - At 95-th epoch with lr 0.000594.
INFO - 01/29/26 10:56:32 - 0:02:46 - Running average train loss is 0.8116392731666565 at epoch 95
INFO - 01/29/26 10:56:32 - 0:02:46 - At 96-th epoch with lr 0.000600.
INFO - 01/29/26 10:56:34 - 0:02:48 - Running average train loss is 0.8105967736244202 at epoch 96
INFO - 01/29/26 10:56:34 - 0:02:48 - Average dev loss is 1.1960673729578655 at epoch 96
INFO - 01/29/26 10:56:35 - 0:02:48 - dev accuracy is 60.3 at epoch 96
INFO - 01/29/26 10:56:35 - 0:02:48 - dev average edit distance is 0.933 at epoch 96
INFO - 01/29/26 10:56:35 - 0:02:48 - At 97-th epoch with lr 0.000606.
INFO - 01/29/26 10:56:36 - 0:02:50 - Running average train loss is 0.8107150578498841 at epoch 97
INFO - 01/29/26 10:56:36 - 0:02:50 - At 98-th epoch with lr 0.000613.
INFO - 01/29/26 10:56:38 - 0:02:52 - Running average train loss is 0.8097191524505615 at epoch 98
INFO - 01/29/26 10:56:38 - 0:02:52 - At 99-th epoch with lr 0.000619.
INFO - 01/29/26 10:56:40 - 0:02:53 - Running average train loss is 0.8098760914802551 at epoch 99
INFO - 01/29/26 10:56:40 - 0:02:53 - At 100-th epoch with lr 0.000625.
INFO - 01/29/26 10:56:41 - 0:02:55 - Running average train loss is 0.8098430466651917 at epoch 100
INFO - 01/29/26 10:56:41 - 0:02:55 - At 101-th epoch with lr 0.000631.
INFO - 01/29/26 10:56:43 - 0:02:57 - Running average train loss is 0.8086818623542785 at epoch 101
INFO - 01/29/26 10:56:43 - 0:02:57 - At 102-th epoch with lr 0.000637.
INFO - 01/29/26 10:56:45 - 0:02:58 - Running average train loss is 0.8088199305534363 at epoch 102
INFO - 01/29/26 10:56:45 - 0:02:58 - At 103-th epoch with lr 0.000644.
INFO - 01/29/26 10:56:46 - 0:03:00 - Running average train loss is 0.8082643318176269 at epoch 103
INFO - 01/29/26 10:56:46 - 0:03:00 - At 104-th epoch with lr 0.000650.
INFO - 01/29/26 10:56:48 - 0:03:02 - Running average train loss is 0.8076959896087647 at epoch 104
INFO - 01/29/26 10:56:48 - 0:03:02 - At 105-th epoch with lr 0.000656.
INFO - 01/29/26 10:56:50 - 0:03:03 - Running average train loss is 0.8078726267814637 at epoch 105
INFO - 01/29/26 10:56:50 - 0:03:03 - At 106-th epoch with lr 0.000663.
INFO - 01/29/26 10:56:51 - 0:03:05 - Running average train loss is 0.8083617782592774 at epoch 106
INFO - 01/29/26 10:56:51 - 0:03:05 - At 107-th epoch with lr 0.000669.
INFO - 01/29/26 10:56:53 - 0:03:07 - Running average train loss is 0.8077997493743897 at epoch 107
INFO - 01/29/26 10:56:53 - 0:03:07 - At 108-th epoch with lr 0.000675.
INFO - 01/29/26 10:56:55 - 0:03:08 - Running average train loss is 0.8065894389152527 at epoch 108
INFO - 01/29/26 10:56:55 - 0:03:08 - At 109-th epoch with lr 0.000681.
INFO - 01/29/26 10:56:56 - 0:03:10 - Running average train loss is 0.8078830504417419 at epoch 109
INFO - 01/29/26 10:56:56 - 0:03:10 - At 110-th epoch with lr 0.000687.
INFO - 01/29/26 10:56:58 - 0:03:12 - Running average train loss is 0.8087829732894898 at epoch 110
INFO - 01/29/26 10:56:58 - 0:03:12 - At 111-th epoch with lr 0.000694.
INFO - 01/29/26 10:57:00 - 0:03:13 - Running average train loss is 0.8091322588920593 at epoch 111
INFO - 01/29/26 10:57:00 - 0:03:13 - At 112-th epoch with lr 0.000700.
INFO - 01/29/26 10:57:01 - 0:03:15 - Running average train loss is 0.8055186915397644 at epoch 112
INFO - 01/29/26 10:57:01 - 0:03:15 - Average dev loss is 1.189041296641032 at epoch 112
INFO - 01/29/26 10:57:02 - 0:03:16 - dev accuracy is 58.2 at epoch 112
INFO - 01/29/26 10:57:02 - 0:03:16 - dev average edit distance is 0.926 at epoch 112
INFO - 01/29/26 10:57:02 - 0:03:16 - At 113-th epoch with lr 0.000706.
INFO - 01/29/26 10:57:04 - 0:03:17 - Running average train loss is 0.8041574764251709 at epoch 113
INFO - 01/29/26 10:57:04 - 0:03:17 - At 114-th epoch with lr 0.000713.
INFO - 01/29/26 10:57:05 - 0:03:19 - Running average train loss is 0.8064009547233582 at epoch 114
INFO - 01/29/26 10:57:05 - 0:03:19 - At 115-th epoch with lr 0.000719.
INFO - 01/29/26 10:57:07 - 0:03:21 - Running average train loss is 0.8049639415740967 at epoch 115
INFO - 01/29/26 10:57:07 - 0:03:21 - At 116-th epoch with lr 0.000725.
INFO - 01/29/26 10:57:09 - 0:03:22 - Running average train loss is 0.8046912169456482 at epoch 116
INFO - 01/29/26 10:57:09 - 0:03:22 - At 117-th epoch with lr 0.000731.
INFO - 01/29/26 10:57:10 - 0:03:24 - Running average train loss is 0.8050959944725037 at epoch 117
INFO - 01/29/26 10:57:10 - 0:03:24 - At 118-th epoch with lr 0.000738.
INFO - 01/29/26 10:57:12 - 0:03:26 - Running average train loss is 0.8043372893333435 at epoch 118
INFO - 01/29/26 10:57:12 - 0:03:26 - At 119-th epoch with lr 0.000744.
INFO - 01/29/26 10:57:14 - 0:03:27 - Running average train loss is 0.8043178868293762 at epoch 119
INFO - 01/29/26 10:57:14 - 0:03:27 - At 120-th epoch with lr 0.000750.
INFO - 01/29/26 10:57:15 - 0:03:29 - Running average train loss is 0.8044126319885254 at epoch 120
INFO - 01/29/26 10:57:15 - 0:03:29 - At 121-th epoch with lr 0.000756.
INFO - 01/29/26 10:57:17 - 0:03:31 - Running average train loss is 0.8047363781929016 at epoch 121
INFO - 01/29/26 10:57:17 - 0:03:31 - At 122-th epoch with lr 0.000762.
INFO - 01/29/26 10:57:19 - 0:03:32 - Running average train loss is 0.8040790295600891 at epoch 122
INFO - 01/29/26 10:57:19 - 0:03:32 - At 123-th epoch with lr 0.000769.
INFO - 01/29/26 10:57:20 - 0:03:34 - Running average train loss is 0.8048477697372437 at epoch 123
INFO - 01/29/26 10:57:20 - 0:03:34 - At 124-th epoch with lr 0.000775.
INFO - 01/29/26 10:57:22 - 0:03:36 - Running average train loss is 0.8031527423858642 at epoch 124
INFO - 01/29/26 10:57:22 - 0:03:36 - At 125-th epoch with lr 0.000781.
INFO - 01/29/26 10:57:24 - 0:03:37 - Running average train loss is 0.8052020192146301 at epoch 125
INFO - 01/29/26 10:57:24 - 0:03:37 - At 126-th epoch with lr 0.000788.
INFO - 01/29/26 10:57:25 - 0:03:39 - Running average train loss is 0.806215045452118 at epoch 126
INFO - 01/29/26 10:57:25 - 0:03:39 - At 127-th epoch with lr 0.000794.
INFO - 01/29/26 10:57:27 - 0:03:41 - Running average train loss is 0.8050994610786438 at epoch 127
INFO - 01/29/26 10:57:27 - 0:03:41 - At 128-th epoch with lr 0.000800.
INFO - 01/29/26 10:57:29 - 0:03:42 - Running average train loss is 0.8035108423233033 at epoch 128
INFO - 01/29/26 10:57:29 - 0:03:42 - Average dev loss is 1.239108681678772 at epoch 128
INFO - 01/29/26 10:57:29 - 0:03:43 - dev accuracy is 59.6 at epoch 128
INFO - 01/29/26 10:57:29 - 0:03:43 - dev average edit distance is 0.992 at epoch 128
INFO - 01/29/26 10:57:29 - 0:03:43 - At 129-th epoch with lr 0.000806.
INFO - 01/29/26 10:57:31 - 0:03:45 - Running average train loss is 0.8035599613189697 at epoch 129
INFO - 01/29/26 10:57:31 - 0:03:45 - At 130-th epoch with lr 0.000813.
INFO - 01/29/26 10:57:33 - 0:03:46 - Running average train loss is 0.8049550795555115 at epoch 130
INFO - 01/29/26 10:57:33 - 0:03:46 - At 131-th epoch with lr 0.000819.
INFO - 01/29/26 10:57:34 - 0:03:48 - Running average train loss is 0.8034418034553528 at epoch 131
INFO - 01/29/26 10:57:34 - 0:03:48 - At 132-th epoch with lr 0.000825.
INFO - 01/29/26 10:57:36 - 0:03:50 - Running average train loss is 0.8033303499221802 at epoch 132
INFO - 01/29/26 10:57:36 - 0:03:50 - At 133-th epoch with lr 0.000831.
INFO - 01/29/26 10:57:37 - 0:03:51 - Running average train loss is 0.8026128530502319 at epoch 133
INFO - 01/29/26 10:57:37 - 0:03:51 - At 134-th epoch with lr 0.000838.
INFO - 01/29/26 10:57:39 - 0:03:53 - Running average train loss is 0.8023208808898926 at epoch 134
INFO - 01/29/26 10:57:39 - 0:03:53 - At 135-th epoch with lr 0.000844.
INFO - 01/29/26 10:57:41 - 0:03:54 - Running average train loss is 0.8047261357307434 at epoch 135
INFO - 01/29/26 10:57:41 - 0:03:54 - At 136-th epoch with lr 0.000850.
INFO - 01/29/26 10:57:42 - 0:03:56 - Running average train loss is 0.8042092609405518 at epoch 136
INFO - 01/29/26 10:57:42 - 0:03:56 - At 137-th epoch with lr 0.000856.
INFO - 01/29/26 10:57:44 - 0:03:58 - Running average train loss is 0.8045155310630798 at epoch 137
INFO - 01/29/26 10:57:44 - 0:03:58 - At 138-th epoch with lr 0.000863.
INFO - 01/29/26 10:57:46 - 0:03:59 - Running average train loss is 0.8040399074554443 at epoch 138
INFO - 01/29/26 10:57:46 - 0:03:59 - At 139-th epoch with lr 0.000869.
INFO - 01/29/26 10:57:47 - 0:04:01 - Running average train loss is 0.8033075976371765 at epoch 139
INFO - 01/29/26 10:57:47 - 0:04:01 - At 140-th epoch with lr 0.000875.
INFO - 01/29/26 10:57:49 - 0:04:03 - Running average train loss is 0.8030842638015747 at epoch 140
INFO - 01/29/26 10:57:49 - 0:04:03 - At 141-th epoch with lr 0.000881.
INFO - 01/29/26 10:57:51 - 0:04:04 - Running average train loss is 0.8020529127120972 at epoch 141
INFO - 01/29/26 10:57:51 - 0:04:04 - At 142-th epoch with lr 0.000887.
INFO - 01/29/26 10:57:52 - 0:04:06 - Running average train loss is 0.8024691653251648 at epoch 142
INFO - 01/29/26 10:57:52 - 0:04:06 - At 143-th epoch with lr 0.000894.
INFO - 01/29/26 10:57:54 - 0:04:08 - Running average train loss is 0.8034322786331177 at epoch 143
INFO - 01/29/26 10:57:54 - 0:04:08 - At 144-th epoch with lr 0.000900.
INFO - 01/29/26 10:57:56 - 0:04:09 - Running average train loss is 0.8021470260620117 at epoch 144
INFO - 01/29/26 10:57:56 - 0:04:09 - Average dev loss is 1.2278889815012615 at epoch 144
INFO - 01/29/26 10:57:56 - 0:04:10 - dev accuracy is 58.3 at epoch 144
INFO - 01/29/26 10:57:56 - 0:04:10 - dev average edit distance is 0.923 at epoch 144
INFO - 01/29/26 10:57:56 - 0:04:10 - At 145-th epoch with lr 0.000906.
INFO - 01/29/26 10:57:58 - 0:04:12 - Running average train loss is 0.8019106674194336 at epoch 145
INFO - 01/29/26 10:57:58 - 0:04:12 - At 146-th epoch with lr 0.000913.
INFO - 01/29/26 10:58:00 - 0:04:13 - Running average train loss is 0.8018472909927368 at epoch 146
INFO - 01/29/26 10:58:00 - 0:04:13 - At 147-th epoch with lr 0.000919.
INFO - 01/29/26 10:58:01 - 0:04:15 - Running average train loss is 0.8034724307060241 at epoch 147
INFO - 01/29/26 10:58:01 - 0:04:15 - At 148-th epoch with lr 0.000925.
INFO - 01/29/26 10:58:03 - 0:04:17 - Running average train loss is 0.803221697807312 at epoch 148
INFO - 01/29/26 10:58:03 - 0:04:17 - At 149-th epoch with lr 0.000931.
INFO - 01/29/26 10:58:05 - 0:04:18 - Running average train loss is 0.8029897880554199 at epoch 149
INFO - 01/29/26 10:58:05 - 0:04:18 - At 150-th epoch with lr 0.000937.
INFO - 01/29/26 10:58:06 - 0:04:20 - Running average train loss is 0.800555226802826 at epoch 150
INFO - 01/29/26 10:58:06 - 0:04:20 - At 151-th epoch with lr 0.000944.
INFO - 01/29/26 10:58:08 - 0:04:22 - Running average train loss is 0.8012637710571289 at epoch 151
INFO - 01/29/26 10:58:08 - 0:04:22 - At 152-th epoch with lr 0.000950.
INFO - 01/29/26 10:58:10 - 0:04:23 - Running average train loss is 0.8033170795440674 at epoch 152
INFO - 01/29/26 10:58:10 - 0:04:23 - At 153-th epoch with lr 0.000956.
INFO - 01/29/26 10:58:11 - 0:04:25 - Running average train loss is 0.8034990477561951 at epoch 153
INFO - 01/29/26 10:58:11 - 0:04:25 - At 154-th epoch with lr 0.000963.
INFO - 01/29/26 10:58:13 - 0:04:27 - Running average train loss is 0.8044900703430176 at epoch 154
INFO - 01/29/26 10:58:13 - 0:04:27 - At 155-th epoch with lr 0.000969.
INFO - 01/29/26 10:58:15 - 0:04:28 - Running average train loss is 0.8026265788078308 at epoch 155
INFO - 01/29/26 10:58:15 - 0:04:28 - At 156-th epoch with lr 0.000975.
INFO - 01/29/26 10:58:16 - 0:04:30 - Running average train loss is 0.8003757357597351 at epoch 156
INFO - 01/29/26 10:58:16 - 0:04:30 - At 157-th epoch with lr 0.000981.
INFO - 01/29/26 10:58:18 - 0:04:32 - Running average train loss is 0.8025772523880005 at epoch 157
INFO - 01/29/26 10:58:18 - 0:04:32 - At 158-th epoch with lr 0.000988.
INFO - 01/29/26 10:58:20 - 0:04:33 - Running average train loss is 0.8015234327316284 at epoch 158
INFO - 01/29/26 10:58:20 - 0:04:33 - At 159-th epoch with lr 0.000994.
INFO - 01/29/26 10:58:21 - 0:04:35 - Running average train loss is 0.8012638378143311 at epoch 159
INFO - 01/29/26 10:58:21 - 0:04:35 - At 160-th epoch with lr 0.001000.
INFO - 01/29/26 10:58:23 - 0:04:37 - Running average train loss is 0.8013593626022338 at epoch 160
INFO - 01/29/26 10:58:23 - 0:04:37 - Average dev loss is 1.2269630432128906 at epoch 160
INFO - 01/29/26 10:58:24 - 0:04:37 - dev accuracy is 58.4 at epoch 160
INFO - 01/29/26 10:58:24 - 0:04:37 - dev average edit distance is 0.915 at epoch 160
INFO - 01/29/26 10:58:24 - 0:04:37 - At 161-th epoch with lr 0.000997.
INFO - 01/29/26 10:58:25 - 0:04:39 - Running average train loss is 0.8019196963310242 at epoch 161
INFO - 01/29/26 10:58:25 - 0:04:39 - At 162-th epoch with lr 0.000994.
INFO - 01/29/26 10:58:27 - 0:04:41 - Running average train loss is 0.801991138458252 at epoch 162
INFO - 01/29/26 10:58:27 - 0:04:41 - At 163-th epoch with lr 0.000991.
INFO - 01/29/26 10:58:29 - 0:04:42 - Running average train loss is 0.8046395325660706 at epoch 163
INFO - 01/29/26 10:58:29 - 0:04:42 - At 164-th epoch with lr 0.000988.
INFO - 01/29/26 10:58:30 - 0:04:44 - Running average train loss is 0.8032168173789977 at epoch 164
INFO - 01/29/26 10:58:30 - 0:04:44 - At 165-th epoch with lr 0.000985.
INFO - 01/29/26 10:58:32 - 0:04:46 - Running average train loss is 0.8013712430000305 at epoch 165
INFO - 01/29/26 10:58:32 - 0:04:46 - At 166-th epoch with lr 0.000982.
INFO - 01/29/26 10:58:34 - 0:04:47 - Running average train loss is 0.8013769197463989 at epoch 166
INFO - 01/29/26 10:58:34 - 0:04:47 - At 167-th epoch with lr 0.000979.
INFO - 01/29/26 10:58:35 - 0:04:49 - Running average train loss is 0.8010995841026306 at epoch 167
INFO - 01/29/26 10:58:35 - 0:04:49 - At 168-th epoch with lr 0.000976.
INFO - 01/29/26 10:58:37 - 0:04:51 - Running average train loss is 0.8002708959579468 at epoch 168
INFO - 01/29/26 10:58:37 - 0:04:51 - At 169-th epoch with lr 0.000973.
INFO - 01/29/26 10:58:39 - 0:04:52 - Running average train loss is 0.7993949151039124 at epoch 169
INFO - 01/29/26 10:58:39 - 0:04:52 - At 170-th epoch with lr 0.000970.
INFO - 01/29/26 10:58:40 - 0:04:54 - Running average train loss is 0.7995930147171021 at epoch 170
INFO - 01/29/26 10:58:40 - 0:04:54 - At 171-th epoch with lr 0.000967.
INFO - 01/29/26 10:58:42 - 0:04:56 - Running average train loss is 0.7986738586425781 at epoch 171
INFO - 01/29/26 10:58:42 - 0:04:56 - At 172-th epoch with lr 0.000964.
INFO - 01/29/26 10:58:44 - 0:04:57 - Running average train loss is 0.7989733266830444 at epoch 172
INFO - 01/29/26 10:58:44 - 0:04:57 - At 173-th epoch with lr 0.000962.
INFO - 01/29/26 10:58:45 - 0:04:59 - Running average train loss is 0.8001337671279907 at epoch 173
INFO - 01/29/26 10:58:45 - 0:04:59 - At 174-th epoch with lr 0.000959.
INFO - 01/29/26 10:58:47 - 0:05:01 - Running average train loss is 0.7995280241966247 at epoch 174
INFO - 01/29/26 10:58:47 - 0:05:01 - At 175-th epoch with lr 0.000956.
INFO - 01/29/26 10:58:49 - 0:05:02 - Running average train loss is 0.7999922251701355 at epoch 175
INFO - 01/29/26 10:58:49 - 0:05:02 - At 176-th epoch with lr 0.000953.
INFO - 01/29/26 10:58:50 - 0:05:04 - Running average train loss is 0.7991397118568421 at epoch 176
INFO - 01/29/26 10:58:50 - 0:05:04 - Average dev loss is 1.2167482376098633 at epoch 176
INFO - 01/29/26 10:58:51 - 0:05:04 - dev accuracy is 58.1 at epoch 176
INFO - 01/29/26 10:58:51 - 0:05:04 - dev average edit distance is 0.849 at epoch 176
INFO - 01/29/26 10:58:51 - 0:05:05 - At 177-th epoch with lr 0.000951.
INFO - 01/29/26 10:58:53 - 0:05:06 - Running average train loss is 0.7981775379180909 at epoch 177
INFO - 01/29/26 10:58:53 - 0:05:06 - At 178-th epoch with lr 0.000948.
INFO - 01/29/26 10:58:54 - 0:05:08 - Running average train loss is 0.7976982736587525 at epoch 178
INFO - 01/29/26 10:58:54 - 0:05:08 - At 179-th epoch with lr 0.000945.
INFO - 01/29/26 10:58:56 - 0:05:10 - Running average train loss is 0.7971512579917908 at epoch 179
INFO - 01/29/26 10:58:56 - 0:05:10 - At 180-th epoch with lr 0.000943.
INFO - 01/29/26 10:58:58 - 0:05:11 - Running average train loss is 0.8003540921211243 at epoch 180
INFO - 01/29/26 10:58:58 - 0:05:11 - At 181-th epoch with lr 0.000940.
INFO - 01/29/26 10:58:59 - 0:05:13 - Running average train loss is 0.7981632447242737 at epoch 181
INFO - 01/29/26 10:58:59 - 0:05:13 - At 182-th epoch with lr 0.000938.
INFO - 01/29/26 10:59:01 - 0:05:15 - Running average train loss is 0.7967255997657776 at epoch 182
INFO - 01/29/26 10:59:01 - 0:05:15 - At 183-th epoch with lr 0.000935.
INFO - 01/29/26 10:59:03 - 0:05:16 - Running average train loss is 0.7965263295173645 at epoch 183
INFO - 01/29/26 10:59:03 - 0:05:16 - At 184-th epoch with lr 0.000933.
INFO - 01/29/26 10:59:04 - 0:05:18 - Running average train loss is 0.7968033242225647 at epoch 184
INFO - 01/29/26 10:59:04 - 0:05:18 - At 185-th epoch with lr 0.000930.
INFO - 01/29/26 10:59:06 - 0:05:20 - Running average train loss is 0.7974466705322265 at epoch 185
INFO - 01/29/26 10:59:06 - 0:05:20 - At 186-th epoch with lr 0.000927.
INFO - 01/29/26 10:59:08 - 0:05:21 - Running average train loss is 0.7954693174362183 at epoch 186
INFO - 01/29/26 10:59:08 - 0:05:21 - At 187-th epoch with lr 0.000925.
INFO - 01/29/26 10:59:09 - 0:05:23 - Running average train loss is 0.7964350581169128 at epoch 187
INFO - 01/29/26 10:59:09 - 0:05:23 - At 188-th epoch with lr 0.000923.
INFO - 01/29/26 10:59:11 - 0:05:25 - Running average train loss is 0.7959216952323913 at epoch 188
INFO - 01/29/26 10:59:11 - 0:05:25 - At 189-th epoch with lr 0.000920.
INFO - 01/29/26 10:59:13 - 0:05:26 - Running average train loss is 0.7967961645126342 at epoch 189
INFO - 01/29/26 10:59:13 - 0:05:26 - At 190-th epoch with lr 0.000918.
INFO - 01/29/26 10:59:14 - 0:05:28 - Running average train loss is 0.7962016415596008 at epoch 190
INFO - 01/29/26 10:59:14 - 0:05:28 - At 191-th epoch with lr 0.000915.
INFO - 01/29/26 10:59:16 - 0:05:30 - Running average train loss is 0.7968525385856629 at epoch 191
INFO - 01/29/26 10:59:16 - 0:05:30 - At 192-th epoch with lr 0.000913.
INFO - 01/29/26 10:59:17 - 0:05:31 - Running average train loss is 0.7956571650505065 at epoch 192
INFO - 01/29/26 10:59:18 - 0:05:31 - Average dev loss is 1.2807079553604126 at epoch 192
INFO - 01/29/26 10:59:18 - 0:05:32 - dev accuracy is 57.7 at epoch 192
INFO - 01/29/26 10:59:18 - 0:05:32 - dev average edit distance is 0.928 at epoch 192
INFO - 01/29/26 10:59:18 - 0:05:32 - At 193-th epoch with lr 0.000911.
INFO - 01/29/26 10:59:20 - 0:05:33 - Running average train loss is 0.7970905065536499 at epoch 193
INFO - 01/29/26 10:59:20 - 0:05:33 - At 194-th epoch with lr 0.000908.
INFO - 01/29/26 10:59:21 - 0:05:35 - Running average train loss is 0.7956641697883606 at epoch 194
INFO - 01/29/26 10:59:21 - 0:05:35 - At 195-th epoch with lr 0.000906.
INFO - 01/29/26 10:59:23 - 0:05:37 - Running average train loss is 0.7966592049598694 at epoch 195
INFO - 01/29/26 10:59:23 - 0:05:37 - At 196-th epoch with lr 0.000904.
INFO - 01/29/26 10:59:25 - 0:05:38 - Running average train loss is 0.7956150507926941 at epoch 196
INFO - 01/29/26 10:59:25 - 0:05:38 - At 197-th epoch with lr 0.000901.
INFO - 01/29/26 10:59:26 - 0:05:40 - Running average train loss is 0.7952757787704468 at epoch 197
INFO - 01/29/26 10:59:26 - 0:05:40 - At 198-th epoch with lr 0.000899.
INFO - 01/29/26 10:59:28 - 0:05:42 - Running average train loss is 0.7953970694541931 at epoch 198
INFO - 01/29/26 10:59:28 - 0:05:42 - At 199-th epoch with lr 0.000897.
INFO - 01/29/26 10:59:30 - 0:05:43 - Running average train loss is 0.7958849740028381 at epoch 199
INFO - 01/29/26 10:59:30 - 0:05:43 - At 200-th epoch with lr 0.000894.
INFO - 01/29/26 10:59:31 - 0:05:45 - Running average train loss is 0.7955972146987915 at epoch 200
INFO - 01/29/26 10:59:31 - 0:05:45 - At 201-th epoch with lr 0.000892.
INFO - 01/29/26 10:59:33 - 0:05:47 - Running average train loss is 0.7958924579620361 at epoch 201
INFO - 01/29/26 10:59:33 - 0:05:47 - At 202-th epoch with lr 0.000890.
INFO - 01/29/26 10:59:35 - 0:05:48 - Running average train loss is 0.7950800943374634 at epoch 202
INFO - 01/29/26 10:59:35 - 0:05:48 - At 203-th epoch with lr 0.000888.
INFO - 01/29/26 10:59:36 - 0:05:50 - Running average train loss is 0.7942671680450439 at epoch 203
INFO - 01/29/26 10:59:36 - 0:05:50 - At 204-th epoch with lr 0.000886.
INFO - 01/29/26 10:59:38 - 0:05:52 - Running average train loss is 0.795894935131073 at epoch 204
INFO - 01/29/26 10:59:38 - 0:05:52 - At 205-th epoch with lr 0.000883.
INFO - 01/29/26 10:59:40 - 0:05:53 - Running average train loss is 0.7949096703529358 at epoch 205
INFO - 01/29/26 10:59:40 - 0:05:53 - At 206-th epoch with lr 0.000881.
INFO - 01/29/26 10:59:41 - 0:05:55 - Running average train loss is 0.794221568107605 at epoch 206
INFO - 01/29/26 10:59:41 - 0:05:55 - At 207-th epoch with lr 0.000879.
INFO - 01/29/26 10:59:43 - 0:05:57 - Running average train loss is 0.7952781128883362 at epoch 207
INFO - 01/29/26 10:59:43 - 0:05:57 - At 208-th epoch with lr 0.000877.
INFO - 01/29/26 10:59:45 - 0:05:58 - Running average train loss is 0.7948774647712707 at epoch 208
INFO - 01/29/26 10:59:45 - 0:05:58 - Average dev loss is 1.2318348089853923 at epoch 208
INFO - 01/29/26 10:59:45 - 0:05:59 - dev accuracy is 59.6 at epoch 208
INFO - 01/29/26 10:59:45 - 0:05:59 - dev average edit distance is 0.964 at epoch 208
INFO - 01/29/26 10:59:45 - 0:05:59 - At 209-th epoch with lr 0.000875.
INFO - 01/29/26 10:59:47 - 0:06:01 - Running average train loss is 0.7946436738967896 at epoch 209
INFO - 01/29/26 10:59:47 - 0:06:01 - At 210-th epoch with lr 0.000873.
INFO - 01/29/26 10:59:49 - 0:06:02 - Running average train loss is 0.7952025818824768 at epoch 210
INFO - 01/29/26 10:59:49 - 0:06:02 - At 211-th epoch with lr 0.000871.
INFO - 01/29/26 10:59:50 - 0:06:04 - Running average train loss is 0.7947421622276306 at epoch 211
INFO - 01/29/26 10:59:50 - 0:06:04 - At 212-th epoch with lr 0.000869.
INFO - 01/29/26 10:59:52 - 0:06:06 - Running average train loss is 0.7945462274551391 at epoch 212
INFO - 01/29/26 10:59:52 - 0:06:06 - At 213-th epoch with lr 0.000867.
INFO - 01/29/26 10:59:54 - 0:06:07 - Running average train loss is 0.7935187244415283 at epoch 213
INFO - 01/29/26 10:59:54 - 0:06:07 - At 214-th epoch with lr 0.000865.
INFO - 01/29/26 10:59:55 - 0:06:09 - Running average train loss is 0.7934416604042053 at epoch 214
INFO - 01/29/26 10:59:55 - 0:06:09 - At 215-th epoch with lr 0.000863.
INFO - 01/29/26 10:59:57 - 0:06:11 - Running average train loss is 0.792919442653656 at epoch 215
INFO - 01/29/26 10:59:57 - 0:06:11 - At 216-th epoch with lr 0.000861.
INFO - 01/29/26 10:59:59 - 0:06:12 - Running average train loss is 0.7933588051795959 at epoch 216
INFO - 01/29/26 10:59:59 - 0:06:12 - At 217-th epoch with lr 0.000859.
INFO - 01/29/26 11:00:00 - 0:06:14 - Running average train loss is 0.7939763498306275 at epoch 217
INFO - 01/29/26 11:00:00 - 0:06:14 - At 218-th epoch with lr 0.000857.
INFO - 01/29/26 11:00:02 - 0:06:16 - Running average train loss is 0.7937326812744141 at epoch 218
INFO - 01/29/26 11:00:02 - 0:06:16 - At 219-th epoch with lr 0.000855.
INFO - 01/29/26 11:00:04 - 0:06:17 - Running average train loss is 0.7937057495117188 at epoch 219
INFO - 01/29/26 11:00:04 - 0:06:17 - At 220-th epoch with lr 0.000853.
INFO - 01/29/26 11:00:05 - 0:06:19 - Running average train loss is 0.794394257068634 at epoch 220
INFO - 01/29/26 11:00:05 - 0:06:19 - At 221-th epoch with lr 0.000851.
INFO - 01/29/26 11:00:07 - 0:06:21 - Running average train loss is 0.7937841558456421 at epoch 221
INFO - 01/29/26 11:00:07 - 0:06:21 - At 222-th epoch with lr 0.000849.
INFO - 01/29/26 11:00:09 - 0:06:22 - Running average train loss is 0.7916610455513 at epoch 222
INFO - 01/29/26 11:00:09 - 0:06:22 - At 223-th epoch with lr 0.000847.
INFO - 01/29/26 11:00:10 - 0:06:24 - Running average train loss is 0.7934118485450745 at epoch 223
INFO - 01/29/26 11:00:10 - 0:06:24 - At 224-th epoch with lr 0.000845.
INFO - 01/29/26 11:00:12 - 0:06:26 - Running average train loss is 0.793149631023407 at epoch 224
INFO - 01/29/26 11:00:12 - 0:06:26 - Average dev loss is 1.226181189219157 at epoch 224
INFO - 01/29/26 11:00:13 - 0:06:26 - dev accuracy is 63.3 at epoch 224
INFO - 01/29/26 11:00:13 - 0:06:26 - dev average edit distance is 0.881 at epoch 224
INFO - 01/29/26 11:00:13 - 0:06:26 - At 225-th epoch with lr 0.000843.
INFO - 01/29/26 11:00:14 - 0:06:28 - Running average train loss is 0.7931410694122314 at epoch 225
INFO - 01/29/26 11:00:14 - 0:06:28 - At 226-th epoch with lr 0.000841.
INFO - 01/29/26 11:00:16 - 0:06:30 - Running average train loss is 0.7943139123916626 at epoch 226
INFO - 01/29/26 11:00:16 - 0:06:30 - At 227-th epoch with lr 0.000840.
INFO - 01/29/26 11:00:18 - 0:06:31 - Running average train loss is 0.7935913276672363 at epoch 227
INFO - 01/29/26 11:00:18 - 0:06:31 - At 228-th epoch with lr 0.000838.
INFO - 01/29/26 11:00:19 - 0:06:33 - Running average train loss is 0.7927449655532837 at epoch 228
INFO - 01/29/26 11:00:19 - 0:06:33 - At 229-th epoch with lr 0.000836.
INFO - 01/29/26 11:00:21 - 0:06:35 - Running average train loss is 0.7926076602935791 at epoch 229
INFO - 01/29/26 11:00:21 - 0:06:35 - At 230-th epoch with lr 0.000834.
INFO - 01/29/26 11:00:23 - 0:06:36 - Running average train loss is 0.7921875715255737 at epoch 230
INFO - 01/29/26 11:00:23 - 0:06:36 - At 231-th epoch with lr 0.000832.
INFO - 01/29/26 11:00:24 - 0:06:38 - Running average train loss is 0.792060170173645 at epoch 231
INFO - 01/29/26 11:00:24 - 0:06:38 - At 232-th epoch with lr 0.000830.
INFO - 01/29/26 11:00:26 - 0:06:40 - Running average train loss is 0.7918399524688721 at epoch 232
INFO - 01/29/26 11:00:26 - 0:06:40 - At 233-th epoch with lr 0.000829.
INFO - 01/29/26 11:00:28 - 0:06:41 - Running average train loss is 0.792241804599762 at epoch 233
INFO - 01/29/26 11:00:28 - 0:06:41 - At 234-th epoch with lr 0.000827.
INFO - 01/29/26 11:00:29 - 0:06:43 - Running average train loss is 0.7917359638214111 at epoch 234
INFO - 01/29/26 11:00:29 - 0:06:43 - At 235-th epoch with lr 0.000825.
INFO - 01/29/26 11:00:31 - 0:06:45 - Running average train loss is 0.793009283542633 at epoch 235
INFO - 01/29/26 11:00:31 - 0:06:45 - At 236-th epoch with lr 0.000823.
INFO - 01/29/26 11:00:32 - 0:06:46 - Running average train loss is 0.792585039138794 at epoch 236
INFO - 01/29/26 11:00:32 - 0:06:46 - At 237-th epoch with lr 0.000822.
INFO - 01/29/26 11:00:34 - 0:06:48 - Running average train loss is 0.7922224235534668 at epoch 237
INFO - 01/29/26 11:00:34 - 0:06:48 - At 238-th epoch with lr 0.000820.
INFO - 01/29/26 11:00:36 - 0:06:49 - Running average train loss is 0.7925344491004944 at epoch 238
INFO - 01/29/26 11:00:36 - 0:06:49 - At 239-th epoch with lr 0.000818.
INFO - 01/29/26 11:00:37 - 0:06:51 - Running average train loss is 0.7911712408065796 at epoch 239
INFO - 01/29/26 11:00:37 - 0:06:51 - At 240-th epoch with lr 0.000816.
INFO - 01/29/26 11:00:39 - 0:06:53 - Running average train loss is 0.7911633181571961 at epoch 240
INFO - 01/29/26 11:00:39 - 0:06:53 - Average dev loss is 1.2769790490468342 at epoch 240
INFO - 01/29/26 11:00:40 - 0:06:53 - dev accuracy is 61.7 at epoch 240
INFO - 01/29/26 11:00:40 - 0:06:53 - dev average edit distance is 0.891 at epoch 240
INFO - 01/29/26 11:00:40 - 0:06:53 - At 241-th epoch with lr 0.000815.
INFO - 01/29/26 11:00:41 - 0:06:55 - Running average train loss is 0.7922484445571899 at epoch 241
INFO - 01/29/26 11:00:41 - 0:06:55 - At 242-th epoch with lr 0.000813.
INFO - 01/29/26 11:00:43 - 0:06:57 - Running average train loss is 0.7913867592811584 at epoch 242
INFO - 01/29/26 11:00:43 - 0:06:57 - At 243-th epoch with lr 0.000811.
INFO - 01/29/26 11:00:45 - 0:06:58 - Running average train loss is 0.7929886293411255 at epoch 243
INFO - 01/29/26 11:00:45 - 0:06:58 - At 244-th epoch with lr 0.000810.
INFO - 01/29/26 11:00:46 - 0:07:00 - Running average train loss is 0.7922070074081421 at epoch 244
INFO - 01/29/26 11:00:46 - 0:07:00 - At 245-th epoch with lr 0.000808.
INFO - 01/29/26 11:00:48 - 0:07:02 - Running average train loss is 0.7918263363838196 at epoch 245
INFO - 01/29/26 11:00:48 - 0:07:02 - At 246-th epoch with lr 0.000806.
INFO - 01/29/26 11:00:50 - 0:07:03 - Running average train loss is 0.7920628333091736 at epoch 246
INFO - 01/29/26 11:00:50 - 0:07:03 - At 247-th epoch with lr 0.000805.
INFO - 01/29/26 11:00:51 - 0:07:05 - Running average train loss is 0.7914809918403626 at epoch 247
INFO - 01/29/26 11:00:51 - 0:07:05 - At 248-th epoch with lr 0.000803.
INFO - 01/29/26 11:00:53 - 0:07:07 - Running average train loss is 0.7912944722175598 at epoch 248
INFO - 01/29/26 11:00:53 - 0:07:07 - At 249-th epoch with lr 0.000802.
INFO - 01/29/26 11:00:55 - 0:07:08 - Running average train loss is 0.7909660363197326 at epoch 249
INFO - 01/29/26 11:00:55 - 0:07:08 - At 250-th epoch with lr 0.000800.
INFO - 01/29/26 11:00:56 - 0:07:10 - Running average train loss is 0.7917455291748047 at epoch 250
INFO - 01/29/26 11:00:56 - 0:07:10 - At 251-th epoch with lr 0.000798.
INFO - 01/29/26 11:00:58 - 0:07:12 - Running average train loss is 0.7903136014938354 at epoch 251
INFO - 01/29/26 11:00:58 - 0:07:12 - At 252-th epoch with lr 0.000797.
INFO - 01/29/26 11:01:00 - 0:07:13 - Running average train loss is 0.7900818228721619 at epoch 252
INFO - 01/29/26 11:01:00 - 0:07:13 - At 253-th epoch with lr 0.000795.
INFO - 01/29/26 11:01:01 - 0:07:15 - Running average train loss is 0.7912178444862366 at epoch 253
INFO - 01/29/26 11:01:01 - 0:07:15 - At 254-th epoch with lr 0.000794.
INFO - 01/29/26 11:01:03 - 0:07:17 - Running average train loss is 0.7902375078201294 at epoch 254
INFO - 01/29/26 11:01:03 - 0:07:17 - At 255-th epoch with lr 0.000792.
INFO - 01/29/26 11:01:04 - 0:07:18 - Running average train loss is 0.7902229595184326 at epoch 255
INFO - 01/29/26 11:01:04 - 0:07:18 - At 256-th epoch with lr 0.000791.
INFO - 01/29/26 11:01:06 - 0:07:20 - Running average train loss is 0.791129424571991 at epoch 256
INFO - 01/29/26 11:01:06 - 0:07:20 - Average dev loss is 1.2418084541956584 at epoch 256
INFO - 01/29/26 11:01:07 - 0:07:20 - dev accuracy is 62.7 at epoch 256
INFO - 01/29/26 11:01:07 - 0:07:20 - dev average edit distance is 0.881 at epoch 256
INFO - 01/29/26 11:01:07 - 0:07:21 - At 257-th epoch with lr 0.000789.
INFO - 01/29/26 11:01:09 - 0:07:22 - Running average train loss is 0.7915496325492859 at epoch 257
INFO - 01/29/26 11:01:09 - 0:07:22 - At 258-th epoch with lr 0.000787.
INFO - 01/29/26 11:01:10 - 0:07:24 - Running average train loss is 0.7915366315841674 at epoch 258
INFO - 01/29/26 11:01:10 - 0:07:24 - At 259-th epoch with lr 0.000786.
INFO - 01/29/26 11:01:12 - 0:07:26 - Running average train loss is 0.7904269790649414 at epoch 259
INFO - 01/29/26 11:01:12 - 0:07:26 - At 260-th epoch with lr 0.000784.
INFO - 01/29/26 11:01:13 - 0:07:27 - Running average train loss is 0.7912633419036865 at epoch 260
INFO - 01/29/26 11:01:13 - 0:07:27 - At 261-th epoch with lr 0.000783.
INFO - 01/29/26 11:01:15 - 0:07:29 - Running average train loss is 0.7911756587028503 at epoch 261
INFO - 01/29/26 11:01:15 - 0:07:29 - At 262-th epoch with lr 0.000781.
INFO - 01/29/26 11:01:17 - 0:07:30 - Running average train loss is 0.7905300998687744 at epoch 262
INFO - 01/29/26 11:01:17 - 0:07:30 - At 263-th epoch with lr 0.000780.
INFO - 01/29/26 11:01:18 - 0:07:32 - Running average train loss is 0.79038503408432 at epoch 263
INFO - 01/29/26 11:01:18 - 0:07:32 - At 264-th epoch with lr 0.000778.
INFO - 01/29/26 11:01:20 - 0:07:34 - Running average train loss is 0.7907195353507995 at epoch 264
INFO - 01/29/26 11:01:20 - 0:07:34 - At 265-th epoch with lr 0.000777.
INFO - 01/29/26 11:01:22 - 0:07:35 - Running average train loss is 0.7917560338973999 at epoch 265
INFO - 01/29/26 11:01:22 - 0:07:35 - At 266-th epoch with lr 0.000776.
INFO - 01/29/26 11:01:23 - 0:07:37 - Running average train loss is 0.7904675054550171 at epoch 266
INFO - 01/29/26 11:01:23 - 0:07:37 - At 267-th epoch with lr 0.000774.
INFO - 01/29/26 11:01:25 - 0:07:39 - Running average train loss is 0.7900657773017883 at epoch 267
INFO - 01/29/26 11:01:25 - 0:07:39 - At 268-th epoch with lr 0.000773.
INFO - 01/29/26 11:01:27 - 0:07:40 - Running average train loss is 0.7903395414352417 at epoch 268
INFO - 01/29/26 11:01:27 - 0:07:40 - At 269-th epoch with lr 0.000771.
INFO - 01/29/26 11:01:28 - 0:07:42 - Running average train loss is 0.7904159951210022 at epoch 269
INFO - 01/29/26 11:01:28 - 0:07:42 - At 270-th epoch with lr 0.000770.
INFO - 01/29/26 11:01:30 - 0:07:44 - Running average train loss is 0.7904879593849182 at epoch 270
INFO - 01/29/26 11:01:30 - 0:07:44 - At 271-th epoch with lr 0.000768.
INFO - 01/29/26 11:01:32 - 0:07:45 - Running average train loss is 0.7899898076057434 at epoch 271
INFO - 01/29/26 11:01:32 - 0:07:45 - At 272-th epoch with lr 0.000767.
INFO - 01/29/26 11:01:33 - 0:07:47 - Running average train loss is 0.7905234456062317 at epoch 272
INFO - 01/29/26 11:01:33 - 0:07:47 - Average dev loss is 1.2454278866449993 at epoch 272
INFO - 01/29/26 11:01:34 - 0:07:48 - dev accuracy is 56.8 at epoch 272
INFO - 01/29/26 11:01:34 - 0:07:48 - dev average edit distance is 0.945 at epoch 272
INFO - 01/29/26 11:01:34 - 0:07:48 - At 273-th epoch with lr 0.000766.
INFO - 01/29/26 11:01:36 - 0:07:49 - Running average train loss is 0.7903619194030762 at epoch 273
INFO - 01/29/26 11:01:36 - 0:07:49 - At 274-th epoch with lr 0.000764.
INFO - 01/29/26 11:01:37 - 0:07:51 - Running average train loss is 0.7891751217842102 at epoch 274
INFO - 01/29/26 11:01:37 - 0:07:51 - At 275-th epoch with lr 0.000763.
INFO - 01/29/26 11:01:39 - 0:07:53 - Running average train loss is 0.7893562960624695 at epoch 275
INFO - 01/29/26 11:01:39 - 0:07:53 - At 276-th epoch with lr 0.000761.
INFO - 01/29/26 11:01:41 - 0:07:54 - Running average train loss is 0.7902360987663269 at epoch 276
INFO - 01/29/26 11:01:41 - 0:07:54 - At 277-th epoch with lr 0.000760.
INFO - 01/29/26 11:01:42 - 0:07:56 - Running average train loss is 0.7906888675689697 at epoch 277
INFO - 01/29/26 11:01:42 - 0:07:56 - At 278-th epoch with lr 0.000759.
INFO - 01/29/26 11:01:44 - 0:07:58 - Running average train loss is 0.7901741147041321 at epoch 278
INFO - 01/29/26 11:01:44 - 0:07:58 - At 279-th epoch with lr 0.000757.
INFO - 01/29/26 11:01:46 - 0:07:59 - Running average train loss is 0.7904659247398377 at epoch 279
INFO - 01/29/26 11:01:46 - 0:07:59 - At 280-th epoch with lr 0.000756.
INFO - 01/29/26 11:01:47 - 0:08:01 - Running average train loss is 0.7898940110206604 at epoch 280
INFO - 01/29/26 11:01:47 - 0:08:01 - At 281-th epoch with lr 0.000755.
INFO - 01/29/26 11:01:49 - 0:08:03 - Running average train loss is 0.788869035243988 at epoch 281
INFO - 01/29/26 11:01:49 - 0:08:03 - At 282-th epoch with lr 0.000753.
INFO - 01/29/26 11:01:51 - 0:08:04 - Running average train loss is 0.7891572761535645 at epoch 282
INFO - 01/29/26 11:01:51 - 0:08:04 - At 283-th epoch with lr 0.000752.
INFO - 01/29/26 11:01:52 - 0:08:06 - Running average train loss is 0.7898747110366822 at epoch 283
INFO - 01/29/26 11:01:52 - 0:08:06 - At 284-th epoch with lr 0.000751.
INFO - 01/29/26 11:01:54 - 0:08:08 - Running average train loss is 0.7901695847511292 at epoch 284
INFO - 01/29/26 11:01:54 - 0:08:08 - At 285-th epoch with lr 0.000749.
INFO - 01/29/26 11:01:56 - 0:08:09 - Running average train loss is 0.7898987650871276 at epoch 285
INFO - 01/29/26 11:01:56 - 0:08:09 - At 286-th epoch with lr 0.000748.
INFO - 01/29/26 11:01:57 - 0:08:11 - Running average train loss is 0.7901504373550415 at epoch 286
INFO - 01/29/26 11:01:57 - 0:08:11 - At 287-th epoch with lr 0.000747.
INFO - 01/29/26 11:01:59 - 0:08:13 - Running average train loss is 0.7893323254585266 at epoch 287
INFO - 01/29/26 11:01:59 - 0:08:13 - At 288-th epoch with lr 0.000745.
INFO - 01/29/26 11:02:01 - 0:08:14 - Running average train loss is 0.7889902567863465 at epoch 288
INFO - 01/29/26 11:02:01 - 0:08:14 - Average dev loss is 1.2324959834416707 at epoch 288
INFO - 01/29/26 11:02:01 - 0:08:15 - dev accuracy is 60.3 at epoch 288
INFO - 01/29/26 11:02:01 - 0:08:15 - dev average edit distance is 0.947 at epoch 288
INFO - 01/29/26 11:02:01 - 0:08:15 - At 289-th epoch with lr 0.000744.
INFO - 01/29/26 11:02:03 - 0:08:17 - Running average train loss is 0.7899519395828247 at epoch 289
INFO - 01/29/26 11:02:03 - 0:08:17 - At 290-th epoch with lr 0.000743.
INFO - 01/29/26 11:02:05 - 0:08:18 - Running average train loss is 0.790250256061554 at epoch 290
INFO - 01/29/26 11:02:05 - 0:08:18 - At 291-th epoch with lr 0.000742.
INFO - 01/29/26 11:02:06 - 0:08:20 - Running average train loss is 0.7899095392227173 at epoch 291
INFO - 01/29/26 11:02:06 - 0:08:20 - At 292-th epoch with lr 0.000740.
INFO - 01/29/26 11:02:08 - 0:08:22 - Running average train loss is 0.7900431323051452 at epoch 292
INFO - 01/29/26 11:02:08 - 0:08:22 - At 293-th epoch with lr 0.000739.
INFO - 01/29/26 11:02:10 - 0:08:23 - Running average train loss is 0.7888984990119934 at epoch 293
INFO - 01/29/26 11:02:10 - 0:08:23 - At 294-th epoch with lr 0.000738.
INFO - 01/29/26 11:02:11 - 0:08:25 - Running average train loss is 0.7897178840637207 at epoch 294
INFO - 01/29/26 11:02:11 - 0:08:25 - At 295-th epoch with lr 0.000736.
INFO - 01/29/26 11:02:13 - 0:08:27 - Running average train loss is 0.7894408297538758 at epoch 295
INFO - 01/29/26 11:02:13 - 0:08:27 - At 296-th epoch with lr 0.000735.
INFO - 01/29/26 11:02:15 - 0:08:28 - Running average train loss is 0.7887389254570008 at epoch 296
INFO - 01/29/26 11:02:15 - 0:08:28 - At 297-th epoch with lr 0.000734.
INFO - 01/29/26 11:02:16 - 0:08:30 - Running average train loss is 0.7891654515266419 at epoch 297
INFO - 01/29/26 11:02:16 - 0:08:30 - At 298-th epoch with lr 0.000733.
INFO - 01/29/26 11:02:18 - 0:08:31 - Running average train loss is 0.7893340373039246 at epoch 298
INFO - 01/29/26 11:02:18 - 0:08:31 - At 299-th epoch with lr 0.000732.
INFO - 01/29/26 11:02:19 - 0:08:33 - Running average train loss is 0.7902429413795471 at epoch 299
INFO - 01/29/26 11:02:19 - 0:08:33 - At 300-th epoch with lr 0.000730.
INFO - 01/29/26 11:02:21 - 0:08:35 - Running average train loss is 0.7892248868942261 at epoch 300
INFO - 01/29/26 11:02:21 - 0:08:35 - At 301-th epoch with lr 0.000729.
INFO - 01/29/26 11:02:23 - 0:08:36 - Running average train loss is 0.7885966563224792 at epoch 301
INFO - 01/29/26 11:02:23 - 0:08:36 - At 302-th epoch with lr 0.000728.
INFO - 01/29/26 11:02:24 - 0:08:38 - Running average train loss is 0.7891921520233154 at epoch 302
INFO - 01/29/26 11:02:24 - 0:08:38 - At 303-th epoch with lr 0.000727.
INFO - 01/29/26 11:02:26 - 0:08:40 - Running average train loss is 0.7890187430381775 at epoch 303
INFO - 01/29/26 11:02:26 - 0:08:40 - At 304-th epoch with lr 0.000725.
INFO - 01/29/26 11:02:28 - 0:08:41 - Running average train loss is 0.7883348798751831 at epoch 304
INFO - 01/29/26 11:02:28 - 0:08:41 - Average dev loss is 1.2741120258967082 at epoch 304
INFO - 01/29/26 11:02:28 - 0:08:42 - dev accuracy is 56.7 at epoch 304
INFO - 01/29/26 11:02:28 - 0:08:42 - dev average edit distance is 1.003 at epoch 304
INFO - 01/29/26 11:02:28 - 0:08:42 - At 305-th epoch with lr 0.000724.
INFO - 01/29/26 11:02:30 - 0:08:43 - Running average train loss is 0.7887319564819336 at epoch 305
INFO - 01/29/26 11:02:30 - 0:08:43 - At 306-th epoch with lr 0.000723.
INFO - 01/29/26 11:02:31 - 0:08:45 - Running average train loss is 0.7888241291046143 at epoch 306
INFO - 01/29/26 11:02:31 - 0:08:45 - At 307-th epoch with lr 0.000722.
INFO - 01/29/26 11:02:33 - 0:08:47 - Running average train loss is 0.7891487717628479 at epoch 307
INFO - 01/29/26 11:02:33 - 0:08:47 - At 308-th epoch with lr 0.000721.
INFO - 01/29/26 11:02:35 - 0:08:48 - Running average train loss is 0.7884574556350707 at epoch 308
INFO - 01/29/26 11:02:35 - 0:08:48 - At 309-th epoch with lr 0.000720.
INFO - 01/29/26 11:02:36 - 0:08:50 - Running average train loss is 0.7893642091751099 at epoch 309
INFO - 01/29/26 11:02:36 - 0:08:50 - At 310-th epoch with lr 0.000718.
INFO - 01/29/26 11:02:38 - 0:08:52 - Running average train loss is 0.7885838103294373 at epoch 310
INFO - 01/29/26 11:02:38 - 0:08:52 - At 311-th epoch with lr 0.000717.
INFO - 01/29/26 11:02:40 - 0:08:53 - Running average train loss is 0.7886032581329345 at epoch 311
INFO - 01/29/26 11:02:40 - 0:08:53 - At 312-th epoch with lr 0.000716.
INFO - 01/29/26 11:02:41 - 0:08:55 - Running average train loss is 0.7891740798950195 at epoch 312
INFO - 01/29/26 11:02:41 - 0:08:55 - At 313-th epoch with lr 0.000715.
INFO - 01/29/26 11:02:43 - 0:08:57 - Running average train loss is 0.7880419826507569 at epoch 313
INFO - 01/29/26 11:02:43 - 0:08:57 - At 314-th epoch with lr 0.000714.
INFO - 01/29/26 11:02:45 - 0:08:58 - Running average train loss is 0.7891417026519776 at epoch 314
INFO - 01/29/26 11:02:45 - 0:08:58 - At 315-th epoch with lr 0.000713.
INFO - 01/29/26 11:02:46 - 0:09:00 - Running average train loss is 0.7894491815567016 at epoch 315
INFO - 01/29/26 11:02:46 - 0:09:00 - At 316-th epoch with lr 0.000712.
INFO - 01/29/26 11:02:48 - 0:09:02 - Running average train loss is 0.7881543636322021 at epoch 316
INFO - 01/29/26 11:02:48 - 0:09:02 - At 317-th epoch with lr 0.000710.
INFO - 01/29/26 11:02:50 - 0:09:03 - Running average train loss is 0.7884988784790039 at epoch 317
INFO - 01/29/26 11:02:50 - 0:09:03 - At 318-th epoch with lr 0.000709.
INFO - 01/29/26 11:02:51 - 0:09:05 - Running average train loss is 0.7885309767723083 at epoch 318
INFO - 01/29/26 11:02:51 - 0:09:05 - At 319-th epoch with lr 0.000708.
INFO - 01/29/26 11:02:53 - 0:09:07 - Running average train loss is 0.7883850693702698 at epoch 319
INFO - 01/29/26 11:02:53 - 0:09:07 - At 320-th epoch with lr 0.000707.
INFO - 01/29/26 11:02:55 - 0:09:08 - Running average train loss is 0.7887787437438964 at epoch 320
INFO - 01/29/26 11:02:55 - 0:09:08 - Average dev loss is 1.275938908259074 at epoch 320
INFO - 01/29/26 11:02:55 - 0:09:09 - dev accuracy is 60.3 at epoch 320
INFO - 01/29/26 11:02:55 - 0:09:09 - dev average edit distance is 0.909 at epoch 320
INFO - 01/29/26 11:02:55 - 0:09:09 - At 321-th epoch with lr 0.000706.
INFO - 01/29/26 11:02:57 - 0:09:11 - Running average train loss is 0.7884897351264953 at epoch 321
INFO - 01/29/26 11:02:57 - 0:09:11 - At 322-th epoch with lr 0.000705.
INFO - 01/29/26 11:02:59 - 0:09:12 - Running average train loss is 0.7886597323417663 at epoch 322
INFO - 01/29/26 11:02:59 - 0:09:12 - At 323-th epoch with lr 0.000704.
INFO - 01/29/26 11:03:00 - 0:09:14 - Running average train loss is 0.7888919830322265 at epoch 323
INFO - 01/29/26 11:03:00 - 0:09:14 - At 324-th epoch with lr 0.000703.
INFO - 01/29/26 11:03:02 - 0:09:16 - Running average train loss is 0.7879755973815918 at epoch 324
INFO - 01/29/26 11:03:02 - 0:09:16 - At 325-th epoch with lr 0.000702.
INFO - 01/29/26 11:03:04 - 0:09:17 - Running average train loss is 0.7881941843032837 at epoch 325
INFO - 01/29/26 11:03:04 - 0:09:17 - At 326-th epoch with lr 0.000701.
INFO - 01/29/26 11:03:05 - 0:09:19 - Running average train loss is 0.7884082388877869 at epoch 326
INFO - 01/29/26 11:03:05 - 0:09:19 - At 327-th epoch with lr 0.000699.
INFO - 01/29/26 11:03:07 - 0:09:21 - Running average train loss is 0.7881932544708252 at epoch 327
INFO - 01/29/26 11:03:07 - 0:09:21 - At 328-th epoch with lr 0.000698.
INFO - 01/29/26 11:03:09 - 0:09:22 - Running average train loss is 0.7880239677429199 at epoch 328
INFO - 01/29/26 11:03:09 - 0:09:22 - At 329-th epoch with lr 0.000697.
INFO - 01/29/26 11:03:10 - 0:09:24 - Running average train loss is 0.7879866981506347 at epoch 329
INFO - 01/29/26 11:03:10 - 0:09:24 - At 330-th epoch with lr 0.000696.
INFO - 01/29/26 11:03:12 - 0:09:26 - Running average train loss is 0.7889990139007569 at epoch 330
INFO - 01/29/26 11:03:12 - 0:09:26 - At 331-th epoch with lr 0.000695.
INFO - 01/29/26 11:03:14 - 0:09:27 - Running average train loss is 0.7884422397613525 at epoch 331
INFO - 01/29/26 11:03:14 - 0:09:27 - At 332-th epoch with lr 0.000694.
INFO - 01/29/26 11:03:15 - 0:09:29 - Running average train loss is 0.7883034634590149 at epoch 332
INFO - 01/29/26 11:03:15 - 0:09:29 - At 333-th epoch with lr 0.000693.
INFO - 01/29/26 11:03:17 - 0:09:31 - Running average train loss is 0.7881004548072815 at epoch 333
INFO - 01/29/26 11:03:17 - 0:09:31 - At 334-th epoch with lr 0.000692.
INFO - 01/29/26 11:03:19 - 0:09:32 - Running average train loss is 0.7882354807853699 at epoch 334
INFO - 01/29/26 11:03:19 - 0:09:32 - At 335-th epoch with lr 0.000691.
INFO - 01/29/26 11:03:20 - 0:09:34 - Running average train loss is 0.7880947685241699 at epoch 335
INFO - 01/29/26 11:03:20 - 0:09:34 - At 336-th epoch with lr 0.000690.
INFO - 01/29/26 11:03:22 - 0:09:36 - Running average train loss is 0.7884529256820678 at epoch 336
INFO - 01/29/26 11:03:22 - 0:09:36 - Average dev loss is 1.2557149330774944 at epoch 336
INFO - 01/29/26 11:03:23 - 0:09:36 - dev accuracy is 58.5 at epoch 336
INFO - 01/29/26 11:03:23 - 0:09:36 - dev average edit distance is 0.97 at epoch 336
INFO - 01/29/26 11:03:23 - 0:09:36 - At 337-th epoch with lr 0.000689.
INFO - 01/29/26 11:03:24 - 0:09:38 - Running average train loss is 0.7885491180419922 at epoch 337
INFO - 01/29/26 11:03:24 - 0:09:38 - At 338-th epoch with lr 0.000688.
INFO - 01/29/26 11:03:26 - 0:09:40 - Running average train loss is 0.7890016341209412 at epoch 338
INFO - 01/29/26 11:03:26 - 0:09:40 - At 339-th epoch with lr 0.000687.
INFO - 01/29/26 11:03:28 - 0:09:41 - Running average train loss is 0.7879550790786743 at epoch 339
INFO - 01/29/26 11:03:28 - 0:09:41 - At 340-th epoch with lr 0.000686.
INFO - 01/29/26 11:03:29 - 0:09:43 - Running average train loss is 0.7875074672698975 at epoch 340
INFO - 01/29/26 11:03:29 - 0:09:43 - At 341-th epoch with lr 0.000685.
INFO - 01/29/26 11:03:31 - 0:09:45 - Running average train loss is 0.7877642631530761 at epoch 341
INFO - 01/29/26 11:03:31 - 0:09:45 - At 342-th epoch with lr 0.000684.
INFO - 01/29/26 11:03:33 - 0:09:46 - Running average train loss is 0.7881512117385864 at epoch 342
INFO - 01/29/26 11:03:33 - 0:09:46 - At 343-th epoch with lr 0.000683.
INFO - 01/29/26 11:03:34 - 0:09:48 - Running average train loss is 0.7879810810089112 at epoch 343
INFO - 01/29/26 11:03:34 - 0:09:48 - At 344-th epoch with lr 0.000682.
INFO - 01/29/26 11:03:36 - 0:09:50 - Running average train loss is 0.7881346821784974 at epoch 344
INFO - 01/29/26 11:03:36 - 0:09:50 - At 345-th epoch with lr 0.000681.
INFO - 01/29/26 11:03:38 - 0:09:51 - Running average train loss is 0.7882919239997864 at epoch 345
INFO - 01/29/26 11:03:38 - 0:09:51 - At 346-th epoch with lr 0.000680.
INFO - 01/29/26 11:03:39 - 0:09:53 - Running average train loss is 0.7875533676147461 at epoch 346
INFO - 01/29/26 11:03:39 - 0:09:53 - At 347-th epoch with lr 0.000679.
INFO - 01/29/26 11:03:41 - 0:09:55 - Running average train loss is 0.7879476094245911 at epoch 347
INFO - 01/29/26 11:03:41 - 0:09:55 - At 348-th epoch with lr 0.000678.
INFO - 01/29/26 11:03:42 - 0:09:56 - Running average train loss is 0.7884476709365845 at epoch 348
INFO - 01/29/26 11:03:42 - 0:09:56 - At 349-th epoch with lr 0.000677.
INFO - 01/29/26 11:03:44 - 0:09:58 - Running average train loss is 0.7880119490623474 at epoch 349
INFO - 01/29/26 11:03:44 - 0:09:58 - At 350-th epoch with lr 0.000676.
INFO - 01/29/26 11:03:46 - 0:09:59 - Running average train loss is 0.7876076745986939 at epoch 350
INFO - 01/29/26 11:03:46 - 0:09:59 - At 351-th epoch with lr 0.000675.
INFO - 01/29/26 11:03:47 - 0:10:01 - Running average train loss is 0.7877247524261475 at epoch 351
INFO - 01/29/26 11:03:47 - 0:10:01 - At 352-th epoch with lr 0.000674.
INFO - 01/29/26 11:03:49 - 0:10:03 - Running average train loss is 0.7873861956596374 at epoch 352
INFO - 01/29/26 11:03:49 - 0:10:03 - Average dev loss is 1.2561960220336914 at epoch 352
INFO - 01/29/26 11:03:50 - 0:10:03 - dev accuracy is 58.7 at epoch 352
INFO - 01/29/26 11:03:50 - 0:10:03 - dev average edit distance is 0.902 at epoch 352
INFO - 01/29/26 11:03:50 - 0:10:03 - At 353-th epoch with lr 0.000673.
INFO - 01/29/26 11:03:51 - 0:10:05 - Running average train loss is 0.7873237347602844 at epoch 353
INFO - 01/29/26 11:03:51 - 0:10:05 - At 354-th epoch with lr 0.000672.
INFO - 01/29/26 11:03:53 - 0:10:07 - Running average train loss is 0.7880491852760315 at epoch 354
INFO - 01/29/26 11:03:53 - 0:10:07 - At 355-th epoch with lr 0.000671.
INFO - 01/29/26 11:03:55 - 0:10:08 - Running average train loss is 0.7885777354240417 at epoch 355
INFO - 01/29/26 11:03:55 - 0:10:08 - At 356-th epoch with lr 0.000670.
INFO - 01/29/26 11:03:56 - 0:10:10 - Running average train loss is 0.7879127478599548 at epoch 356
INFO - 01/29/26 11:03:56 - 0:10:10 - At 357-th epoch with lr 0.000669.
INFO - 01/29/26 11:03:58 - 0:10:12 - Running average train loss is 0.7871035456657409 at epoch 357
INFO - 01/29/26 11:03:58 - 0:10:12 - At 358-th epoch with lr 0.000669.
INFO - 01/29/26 11:04:00 - 0:10:13 - Running average train loss is 0.7876120638847351 at epoch 358
INFO - 01/29/26 11:04:00 - 0:10:13 - At 359-th epoch with lr 0.000668.
INFO - 01/29/26 11:04:01 - 0:10:15 - Running average train loss is 0.7877260231971741 at epoch 359
INFO - 01/29/26 11:04:01 - 0:10:15 - At 360-th epoch with lr 0.000667.
INFO - 01/29/26 11:04:03 - 0:10:17 - Running average train loss is 0.7875324773788452 at epoch 360
INFO - 01/29/26 11:04:03 - 0:10:17 - At 361-th epoch with lr 0.000666.
INFO - 01/29/26 11:04:05 - 0:10:18 - Running average train loss is 0.7875220918655396 at epoch 361
INFO - 01/29/26 11:04:05 - 0:10:18 - At 362-th epoch with lr 0.000665.
INFO - 01/29/26 11:04:06 - 0:10:20 - Running average train loss is 0.7879016757011413 at epoch 362
INFO - 01/29/26 11:04:06 - 0:10:20 - At 363-th epoch with lr 0.000664.
INFO - 01/29/26 11:04:08 - 0:10:22 - Running average train loss is 0.787118694782257 at epoch 363
INFO - 01/29/26 11:04:08 - 0:10:22 - At 364-th epoch with lr 0.000663.
INFO - 01/29/26 11:04:10 - 0:10:23 - Running average train loss is 0.7876546788215637 at epoch 364
INFO - 01/29/26 11:04:10 - 0:10:23 - At 365-th epoch with lr 0.000662.
INFO - 01/29/26 11:04:11 - 0:10:25 - Running average train loss is 0.7879802322387696 at epoch 365
INFO - 01/29/26 11:04:11 - 0:10:25 - At 366-th epoch with lr 0.000661.
INFO - 01/29/26 11:04:13 - 0:10:27 - Running average train loss is 0.787953040599823 at epoch 366
INFO - 01/29/26 11:04:13 - 0:10:27 - At 367-th epoch with lr 0.000660.
INFO - 01/29/26 11:04:15 - 0:10:28 - Running average train loss is 0.7874612307548523 at epoch 367
INFO - 01/29/26 11:04:15 - 0:10:28 - At 368-th epoch with lr 0.000659.
INFO - 01/29/26 11:04:16 - 0:10:30 - Running average train loss is 0.7874009537696839 at epoch 368
INFO - 01/29/26 11:04:16 - 0:10:30 - Average dev loss is 1.3116254409154255 at epoch 368
INFO - 01/29/26 11:04:17 - 0:10:30 - dev accuracy is 61.7 at epoch 368
INFO - 01/29/26 11:04:17 - 0:10:30 - dev average edit distance is 0.852 at epoch 368
INFO - 01/29/26 11:04:17 - 0:10:31 - At 369-th epoch with lr 0.000658.
INFO - 01/29/26 11:04:19 - 0:10:32 - Running average train loss is 0.7870335626602173 at epoch 369
INFO - 01/29/26 11:04:19 - 0:10:32 - At 370-th epoch with lr 0.000658.
INFO - 01/29/26 11:04:20 - 0:10:34 - Running average train loss is 0.7870418357849122 at epoch 370
INFO - 01/29/26 11:04:20 - 0:10:34 - At 371-th epoch with lr 0.000657.
INFO - 01/29/26 11:04:22 - 0:10:36 - Running average train loss is 0.786777868270874 at epoch 371
INFO - 01/29/26 11:04:22 - 0:10:36 - At 372-th epoch with lr 0.000656.
INFO - 01/29/26 11:04:24 - 0:10:37 - Running average train loss is 0.7867838120460511 at epoch 372
INFO - 01/29/26 11:04:24 - 0:10:37 - At 373-th epoch with lr 0.000655.
INFO - 01/29/26 11:04:25 - 0:10:39 - Running average train loss is 0.7873436284065246 at epoch 373
INFO - 01/29/26 11:04:25 - 0:10:39 - At 374-th epoch with lr 0.000654.
INFO - 01/29/26 11:04:27 - 0:10:41 - Running average train loss is 0.78723876953125 at epoch 374
INFO - 01/29/26 11:04:27 - 0:10:41 - At 375-th epoch with lr 0.000653.
INFO - 01/29/26 11:04:28 - 0:10:42 - Running average train loss is 0.7874841547012329 at epoch 375
INFO - 01/29/26 11:04:28 - 0:10:42 - At 376-th epoch with lr 0.000652.
INFO - 01/29/26 11:04:30 - 0:10:44 - Running average train loss is 0.7873685717582702 at epoch 376
INFO - 01/29/26 11:04:30 - 0:10:44 - At 377-th epoch with lr 0.000651.
INFO - 01/29/26 11:04:32 - 0:10:45 - Running average train loss is 0.7872927951812744 at epoch 377
INFO - 01/29/26 11:04:32 - 0:10:45 - At 378-th epoch with lr 0.000651.
INFO - 01/29/26 11:04:33 - 0:10:47 - Running average train loss is 0.7865786719322204 at epoch 378
INFO - 01/29/26 11:04:33 - 0:10:47 - At 379-th epoch with lr 0.000650.
INFO - 01/29/26 11:04:35 - 0:10:49 - Running average train loss is 0.7867386770248413 at epoch 379
INFO - 01/29/26 11:04:35 - 0:10:49 - At 380-th epoch with lr 0.000649.
INFO - 01/29/26 11:04:37 - 0:10:50 - Running average train loss is 0.7873011398315429 at epoch 380
INFO - 01/29/26 11:04:37 - 0:10:50 - At 381-th epoch with lr 0.000648.
INFO - 01/29/26 11:04:38 - 0:10:52 - Running average train loss is 0.7882727885246277 at epoch 381
INFO - 01/29/26 11:04:38 - 0:10:52 - At 382-th epoch with lr 0.000647.
INFO - 01/29/26 11:04:40 - 0:10:54 - Running average train loss is 0.7871436095237732 at epoch 382
INFO - 01/29/26 11:04:40 - 0:10:54 - At 383-th epoch with lr 0.000646.
INFO - 01/29/26 11:04:42 - 0:10:55 - Running average train loss is 0.7868093156814575 at epoch 383
INFO - 01/29/26 11:04:42 - 0:10:55 - At 384-th epoch with lr 0.000645.
INFO - 01/29/26 11:04:43 - 0:10:57 - Running average train loss is 0.7880662393569946 at epoch 384
INFO - 01/29/26 11:04:43 - 0:10:57 - Average dev loss is 1.2575537761052449 at epoch 384
INFO - 01/29/26 11:04:44 - 0:10:58 - dev accuracy is 63.8 at epoch 384
INFO - 01/29/26 11:04:44 - 0:10:58 - dev average edit distance is 0.805 at epoch 384
INFO - 01/29/26 11:04:44 - 0:10:58 - At 385-th epoch with lr 0.000645.
INFO - 01/29/26 11:04:46 - 0:10:59 - Running average train loss is 0.7870162081718445 at epoch 385
INFO - 01/29/26 11:04:46 - 0:10:59 - At 386-th epoch with lr 0.000644.
INFO - 01/29/26 11:04:47 - 0:11:01 - Running average train loss is 0.7868715620040894 at epoch 386
INFO - 01/29/26 11:04:47 - 0:11:01 - At 387-th epoch with lr 0.000643.
INFO - 01/29/26 11:04:49 - 0:11:03 - Running average train loss is 0.7878200149536133 at epoch 387
INFO - 01/29/26 11:04:49 - 0:11:03 - At 388-th epoch with lr 0.000642.
INFO - 01/29/26 11:04:51 - 0:11:04 - Running average train loss is 0.7867056393623352 at epoch 388
INFO - 01/29/26 11:04:51 - 0:11:04 - At 389-th epoch with lr 0.000641.
INFO - 01/29/26 11:04:52 - 0:11:06 - Running average train loss is 0.7869248652458191 at epoch 389
INFO - 01/29/26 11:04:52 - 0:11:06 - At 390-th epoch with lr 0.000641.
INFO - 01/29/26 11:04:54 - 0:11:08 - Running average train loss is 0.786841893196106 at epoch 390
INFO - 01/29/26 11:04:54 - 0:11:08 - At 391-th epoch with lr 0.000640.
INFO - 01/29/26 11:04:56 - 0:11:10 - Running average train loss is 0.7868515682220459 at epoch 391
INFO - 01/29/26 11:04:56 - 0:11:10 - At 392-th epoch with lr 0.000639.
INFO - 01/29/26 11:04:58 - 0:11:11 - Running average train loss is 0.7867544221878052 at epoch 392
INFO - 01/29/26 11:04:58 - 0:11:11 - At 393-th epoch with lr 0.000638.
INFO - 01/29/26 11:04:59 - 0:11:13 - Running average train loss is 0.7865456986427307 at epoch 393
INFO - 01/29/26 11:04:59 - 0:11:13 - At 394-th epoch with lr 0.000637.
INFO - 01/29/26 11:05:01 - 0:11:15 - Running average train loss is 0.7867118358612061 at epoch 394
INFO - 01/29/26 11:05:01 - 0:11:15 - At 395-th epoch with lr 0.000636.
INFO - 01/29/26 11:05:03 - 0:11:16 - Running average train loss is 0.7867602062225342 at epoch 395
INFO - 01/29/26 11:05:03 - 0:11:16 - At 396-th epoch with lr 0.000636.
INFO - 01/29/26 11:05:04 - 0:11:18 - Running average train loss is 0.7866008043289184 at epoch 396
INFO - 01/29/26 11:05:04 - 0:11:18 - At 397-th epoch with lr 0.000635.
INFO - 01/29/26 11:05:06 - 0:11:20 - Running average train loss is 0.7872799324989319 at epoch 397
INFO - 01/29/26 11:05:06 - 0:11:20 - At 398-th epoch with lr 0.000634.
INFO - 01/29/26 11:05:08 - 0:11:21 - Running average train loss is 0.7870584678649902 at epoch 398
INFO - 01/29/26 11:05:08 - 0:11:21 - At 399-th epoch with lr 0.000633.
INFO - 01/29/26 11:05:09 - 0:11:23 - Running average train loss is 0.7867289400100708 at epoch 399
INFO - 01/29/26 11:05:09 - 0:11:23 - At 400-th epoch with lr 0.000632.
INFO - 01/29/26 11:05:11 - 0:11:25 - Running average train loss is 0.7872671699523925 at epoch 400
INFO - 01/29/26 11:05:11 - 0:11:25 - Average dev loss is 1.2784674167633057 at epoch 400
INFO - 01/29/26 11:05:11 - 0:11:25 - dev accuracy is 56.0 at epoch 400
INFO - 01/29/26 11:05:11 - 0:11:25 - dev average edit distance is 0.953 at epoch 400
INFO - 01/29/26 11:05:12 - 0:11:25 - At 401-th epoch with lr 0.000632.
INFO - 01/29/26 11:05:13 - 0:11:27 - Running average train loss is 0.7871726322174072 at epoch 401
INFO - 01/29/26 11:05:13 - 0:11:27 - At 402-th epoch with lr 0.000631.
INFO - 01/29/26 11:05:15 - 0:11:29 - Running average train loss is 0.7872813248634338 at epoch 402
INFO - 01/29/26 11:05:15 - 0:11:29 - At 403-th epoch with lr 0.000630.
INFO - 01/29/26 11:05:17 - 0:11:30 - Running average train loss is 0.7869014954566955 at epoch 403
INFO - 01/29/26 11:05:17 - 0:11:30 - At 404-th epoch with lr 0.000629.
INFO - 01/29/26 11:05:18 - 0:11:32 - Running average train loss is 0.7864641785621643 at epoch 404
INFO - 01/29/26 11:05:18 - 0:11:32 - At 405-th epoch with lr 0.000629.
INFO - 01/29/26 11:05:20 - 0:11:34 - Running average train loss is 0.7865919661521912 at epoch 405
INFO - 01/29/26 11:05:20 - 0:11:34 - At 406-th epoch with lr 0.000628.
INFO - 01/29/26 11:05:22 - 0:11:35 - Running average train loss is 0.7868831062316894 at epoch 406
INFO - 01/29/26 11:05:22 - 0:11:35 - At 407-th epoch with lr 0.000627.
INFO - 01/29/26 11:05:23 - 0:11:37 - Running average train loss is 0.7872118997573853 at epoch 407
INFO - 01/29/26 11:05:23 - 0:11:37 - At 408-th epoch with lr 0.000626.
INFO - 01/29/26 11:05:25 - 0:11:39 - Running average train loss is 0.7867767071723938 at epoch 408
INFO - 01/29/26 11:05:25 - 0:11:39 - At 409-th epoch with lr 0.000625.
INFO - 01/29/26 11:05:27 - 0:11:40 - Running average train loss is 0.7863813924789429 at epoch 409
INFO - 01/29/26 11:05:27 - 0:11:40 - At 410-th epoch with lr 0.000625.
INFO - 01/29/26 11:05:28 - 0:11:42 - Running average train loss is 0.7870672988891602 at epoch 410
INFO - 01/29/26 11:05:28 - 0:11:42 - At 411-th epoch with lr 0.000624.
INFO - 01/29/26 11:05:30 - 0:11:44 - Running average train loss is 0.7866635537147522 at epoch 411
INFO - 01/29/26 11:05:30 - 0:11:44 - At 412-th epoch with lr 0.000623.
INFO - 01/29/26 11:05:32 - 0:11:45 - Running average train loss is 0.7867698812484741 at epoch 412
INFO - 01/29/26 11:05:32 - 0:11:45 - At 413-th epoch with lr 0.000622.
INFO - 01/29/26 11:05:33 - 0:11:47 - Running average train loss is 0.786098530292511 at epoch 413
INFO - 01/29/26 11:05:33 - 0:11:47 - At 414-th epoch with lr 0.000622.
INFO - 01/29/26 11:05:35 - 0:11:49 - Running average train loss is 0.7871354675292969 at epoch 414
INFO - 01/29/26 11:05:35 - 0:11:49 - At 415-th epoch with lr 0.000621.
INFO - 01/29/26 11:05:37 - 0:11:50 - Running average train loss is 0.7865605783462525 at epoch 415
INFO - 01/29/26 11:05:37 - 0:11:50 - At 416-th epoch with lr 0.000620.
INFO - 01/29/26 11:05:38 - 0:11:52 - Running average train loss is 0.7864336609840393 at epoch 416
INFO - 01/29/26 11:05:38 - 0:11:52 - Average dev loss is 1.2951006094614665 at epoch 416
INFO - 01/29/26 11:05:39 - 0:11:53 - dev accuracy is 57.8 at epoch 416
INFO - 01/29/26 11:05:39 - 0:11:53 - dev average edit distance is 0.95 at epoch 416
INFO - 01/29/26 11:05:39 - 0:11:53 - At 417-th epoch with lr 0.000619.
INFO - 01/29/26 11:05:41 - 0:11:54 - Running average train loss is 0.7858492875099182 at epoch 417
INFO - 01/29/26 11:05:41 - 0:11:54 - At 418-th epoch with lr 0.000619.
INFO - 01/29/26 11:05:42 - 0:11:56 - Running average train loss is 0.7870269107818604 at epoch 418
INFO - 01/29/26 11:05:42 - 0:11:56 - At 419-th epoch with lr 0.000618.
INFO - 01/29/26 11:05:44 - 0:11:58 - Running average train loss is 0.7865866279602051 at epoch 419
INFO - 01/29/26 11:05:44 - 0:11:58 - At 420-th epoch with lr 0.000617.
INFO - 01/29/26 11:05:46 - 0:11:59 - Running average train loss is 0.7872751641273499 at epoch 420
INFO - 01/29/26 11:05:46 - 0:11:59 - At 421-th epoch with lr 0.000616.
INFO - 01/29/26 11:05:47 - 0:12:01 - Running average train loss is 0.7866646599769592 at epoch 421
INFO - 01/29/26 11:05:47 - 0:12:01 - At 422-th epoch with lr 0.000616.
INFO - 01/29/26 11:05:49 - 0:12:02 - Running average train loss is 0.7863911819458008 at epoch 422
INFO - 01/29/26 11:05:49 - 0:12:02 - At 423-th epoch with lr 0.000615.
INFO - 01/29/26 11:05:50 - 0:12:04 - Running average train loss is 0.7869102382659912 at epoch 423
INFO - 01/29/26 11:05:50 - 0:12:04 - At 424-th epoch with lr 0.000614.
INFO - 01/29/26 11:05:52 - 0:12:06 - Running average train loss is 0.7869741153717041 at epoch 424
INFO - 01/29/26 11:05:52 - 0:12:06 - At 425-th epoch with lr 0.000614.
INFO - 01/29/26 11:05:54 - 0:12:07 - Running average train loss is 0.7863858246803284 at epoch 425
INFO - 01/29/26 11:05:54 - 0:12:07 - At 426-th epoch with lr 0.000613.
INFO - 01/29/26 11:05:55 - 0:12:09 - Running average train loss is 0.786724054813385 at epoch 426
INFO - 01/29/26 11:05:55 - 0:12:09 - At 427-th epoch with lr 0.000612.
INFO - 01/29/26 11:05:57 - 0:12:11 - Running average train loss is 0.7866086101531983 at epoch 427
INFO - 01/29/26 11:05:57 - 0:12:11 - At 428-th epoch with lr 0.000611.
INFO - 01/29/26 11:05:59 - 0:12:12 - Running average train loss is 0.7856478524208069 at epoch 428
INFO - 01/29/26 11:05:59 - 0:12:12 - At 429-th epoch with lr 0.000611.
INFO - 01/29/26 11:06:00 - 0:12:14 - Running average train loss is 0.7859784913063049 at epoch 429
INFO - 01/29/26 11:06:00 - 0:12:14 - At 430-th epoch with lr 0.000610.
INFO - 01/29/26 11:06:02 - 0:12:16 - Running average train loss is 0.7866816854476929 at epoch 430
INFO - 01/29/26 11:06:02 - 0:12:16 - At 431-th epoch with lr 0.000609.
INFO - 01/29/26 11:06:04 - 0:12:17 - Running average train loss is 0.7863766145706177 at epoch 431
INFO - 01/29/26 11:06:04 - 0:12:17 - At 432-th epoch with lr 0.000609.
INFO - 01/29/26 11:06:05 - 0:12:19 - Running average train loss is 0.7862342166900634 at epoch 432
INFO - 01/29/26 11:06:05 - 0:12:19 - Average dev loss is 1.27078644434611 at epoch 432
INFO - 01/29/26 11:06:06 - 0:12:20 - dev accuracy is 59.7 at epoch 432
INFO - 01/29/26 11:06:06 - 0:12:20 - dev average edit distance is 0.837 at epoch 432
INFO - 01/29/26 11:06:06 - 0:12:20 - At 433-th epoch with lr 0.000608.
INFO - 01/29/26 11:06:08 - 0:12:21 - Running average train loss is 0.7859728050231933 at epoch 433
INFO - 01/29/26 11:06:08 - 0:12:21 - At 434-th epoch with lr 0.000607.
INFO - 01/29/26 11:06:09 - 0:12:23 - Running average train loss is 0.7859853839874268 at epoch 434
INFO - 01/29/26 11:06:09 - 0:12:23 - At 435-th epoch with lr 0.000606.
INFO - 01/29/26 11:06:11 - 0:12:25 - Running average train loss is 0.7867586851119995 at epoch 435
INFO - 01/29/26 11:06:11 - 0:12:25 - At 436-th epoch with lr 0.000606.
INFO - 01/29/26 11:06:13 - 0:12:26 - Running average train loss is 0.7867560482025147 at epoch 436
INFO - 01/29/26 11:06:13 - 0:12:26 - At 437-th epoch with lr 0.000605.
INFO - 01/29/26 11:06:14 - 0:12:28 - Running average train loss is 0.7865784144401551 at epoch 437
INFO - 01/29/26 11:06:14 - 0:12:28 - At 438-th epoch with lr 0.000604.
INFO - 01/29/26 11:06:16 - 0:12:29 - Running average train loss is 0.7865285468101502 at epoch 438
INFO - 01/29/26 11:06:16 - 0:12:29 - At 439-th epoch with lr 0.000604.
INFO - 01/29/26 11:06:17 - 0:12:31 - Running average train loss is 0.7873857641220092 at epoch 439
INFO - 01/29/26 11:06:17 - 0:12:31 - At 440-th epoch with lr 0.000603.
INFO - 01/29/26 11:06:19 - 0:12:33 - Running average train loss is 0.786328194141388 at epoch 440
INFO - 01/29/26 11:06:19 - 0:12:33 - At 441-th epoch with lr 0.000602.
INFO - 01/29/26 11:06:21 - 0:12:34 - Running average train loss is 0.7861137580871582 at epoch 441
INFO - 01/29/26 11:06:21 - 0:12:34 - At 442-th epoch with lr 0.000602.
INFO - 01/29/26 11:06:22 - 0:12:36 - Running average train loss is 0.7863466787338257 at epoch 442
INFO - 01/29/26 11:06:22 - 0:12:36 - At 443-th epoch with lr 0.000601.
INFO - 01/29/26 11:06:24 - 0:12:38 - Running average train loss is 0.7860149002075195 at epoch 443
INFO - 01/29/26 11:06:24 - 0:12:38 - At 444-th epoch with lr 0.000600.
INFO - 01/29/26 11:06:26 - 0:12:39 - Running average train loss is 0.7861896204948425 at epoch 444
INFO - 01/29/26 11:06:26 - 0:12:39 - At 445-th epoch with lr 0.000600.
INFO - 01/29/26 11:06:27 - 0:12:41 - Running average train loss is 0.7863910984992981 at epoch 445
INFO - 01/29/26 11:06:27 - 0:12:41 - At 446-th epoch with lr 0.000599.
INFO - 01/29/26 11:06:29 - 0:12:43 - Running average train loss is 0.7863938975334167 at epoch 446
INFO - 01/29/26 11:06:29 - 0:12:43 - At 447-th epoch with lr 0.000598.
INFO - 01/29/26 11:06:30 - 0:12:44 - Running average train loss is 0.7859416913986206 at epoch 447
INFO - 01/29/26 11:06:30 - 0:12:44 - At 448-th epoch with lr 0.000598.
INFO - 01/29/26 11:06:32 - 0:12:46 - Running average train loss is 0.7863749098777771 at epoch 448
INFO - 01/29/26 11:06:32 - 0:12:46 - Average dev loss is 1.2672673066457112 at epoch 448
INFO - 01/29/26 11:06:33 - 0:12:46 - dev accuracy is 61.7 at epoch 448
INFO - 01/29/26 11:06:33 - 0:12:46 - dev average edit distance is 0.896 at epoch 448
INFO - 01/29/26 11:06:33 - 0:12:46 - At 449-th epoch with lr 0.000597.
INFO - 01/29/26 11:06:34 - 0:12:48 - Running average train loss is 0.7861867904663086 at epoch 449
INFO - 01/29/26 11:06:34 - 0:12:48 - At 450-th epoch with lr 0.000596.
INFO - 01/29/26 11:06:36 - 0:12:50 - Running average train loss is 0.7860746788978576 at epoch 450
INFO - 01/29/26 11:06:36 - 0:12:50 - At 451-th epoch with lr 0.000596.
INFO - 01/29/26 11:06:38 - 0:12:51 - Running average train loss is 0.785969524383545 at epoch 451
INFO - 01/29/26 11:06:38 - 0:12:51 - At 452-th epoch with lr 0.000595.
INFO - 01/29/26 11:06:39 - 0:12:53 - Running average train loss is 0.7860304570198059 at epoch 452
INFO - 01/29/26 11:06:39 - 0:12:53 - At 453-th epoch with lr 0.000594.
INFO - 01/29/26 11:06:41 - 0:12:55 - Running average train loss is 0.7861970925331115 at epoch 453
INFO - 01/29/26 11:06:41 - 0:12:55 - At 454-th epoch with lr 0.000594.
INFO - 01/29/26 11:06:43 - 0:12:56 - Running average train loss is 0.7866248154640197 at epoch 454
INFO - 01/29/26 11:06:43 - 0:12:56 - At 455-th epoch with lr 0.000593.
INFO - 01/29/26 11:06:44 - 0:12:58 - Running average train loss is 0.7861932253837586 at epoch 455
INFO - 01/29/26 11:06:44 - 0:12:58 - At 456-th epoch with lr 0.000592.
INFO - 01/29/26 11:06:46 - 0:13:00 - Running average train loss is 0.7859628391265869 at epoch 456
INFO - 01/29/26 11:06:46 - 0:13:00 - At 457-th epoch with lr 0.000592.
INFO - 01/29/26 11:06:47 - 0:13:01 - Running average train loss is 0.7860484457015992 at epoch 457
INFO - 01/29/26 11:06:47 - 0:13:01 - At 458-th epoch with lr 0.000591.
INFO - 01/29/26 11:06:49 - 0:13:03 - Running average train loss is 0.7857396459579468 at epoch 458
INFO - 01/29/26 11:06:49 - 0:13:03 - At 459-th epoch with lr 0.000590.
INFO - 01/29/26 11:06:51 - 0:13:04 - Running average train loss is 0.7861129307746887 at epoch 459
INFO - 01/29/26 11:06:51 - 0:13:04 - At 460-th epoch with lr 0.000590.
INFO - 01/29/26 11:06:52 - 0:13:06 - Running average train loss is 0.7855828356742859 at epoch 460
INFO - 01/29/26 11:06:52 - 0:13:06 - At 461-th epoch with lr 0.000589.
INFO - 01/29/26 11:06:54 - 0:13:08 - Running average train loss is 0.7859313225746155 at epoch 461
INFO - 01/29/26 11:06:54 - 0:13:08 - At 462-th epoch with lr 0.000588.
INFO - 01/29/26 11:06:56 - 0:13:09 - Running average train loss is 0.7859339165687561 at epoch 462
INFO - 01/29/26 11:06:56 - 0:13:09 - At 463-th epoch with lr 0.000588.
INFO - 01/29/26 11:06:57 - 0:13:11 - Running average train loss is 0.7857554602622986 at epoch 463
INFO - 01/29/26 11:06:57 - 0:13:11 - At 464-th epoch with lr 0.000587.
INFO - 01/29/26 11:06:59 - 0:13:13 - Running average train loss is 0.7858463740348816 at epoch 464
INFO - 01/29/26 11:06:59 - 0:13:13 - Average dev loss is 1.250423272450765 at epoch 464
INFO - 01/29/26 11:06:59 - 0:13:13 - dev accuracy is 59.5 at epoch 464
INFO - 01/29/26 11:06:59 - 0:13:13 - dev average edit distance is 0.935 at epoch 464
INFO - 01/29/26 11:07:00 - 0:13:13 - At 465-th epoch with lr 0.000587.
INFO - 01/29/26 11:07:01 - 0:13:15 - Running average train loss is 0.7854506540298462 at epoch 465
INFO - 01/29/26 11:07:01 - 0:13:15 - At 466-th epoch with lr 0.000586.
INFO - 01/29/26 11:07:03 - 0:13:16 - Running average train loss is 0.7859963750839234 at epoch 466
INFO - 01/29/26 11:07:03 - 0:13:16 - At 467-th epoch with lr 0.000585.
INFO - 01/29/26 11:07:04 - 0:13:18 - Running average train loss is 0.7860167932510376 at epoch 467
INFO - 01/29/26 11:07:04 - 0:13:18 - At 468-th epoch with lr 0.000585.
INFO - 01/29/26 11:07:06 - 0:13:20 - Running average train loss is 0.7856895804405213 at epoch 468
INFO - 01/29/26 11:07:06 - 0:13:20 - At 469-th epoch with lr 0.000584.
INFO - 01/29/26 11:07:08 - 0:13:21 - Running average train loss is 0.7857658123970032 at epoch 469
INFO - 01/29/26 11:07:08 - 0:13:21 - At 470-th epoch with lr 0.000583.
INFO - 01/29/26 11:07:09 - 0:13:23 - Running average train loss is 0.7858107709884643 at epoch 470
INFO - 01/29/26 11:07:09 - 0:13:23 - At 471-th epoch with lr 0.000583.
INFO - 01/29/26 11:07:11 - 0:13:25 - Running average train loss is 0.7856885480880738 at epoch 471
INFO - 01/29/26 11:07:11 - 0:13:25 - At 472-th epoch with lr 0.000582.
INFO - 01/29/26 11:07:13 - 0:13:26 - Running average train loss is 0.7861847233772278 at epoch 472
INFO - 01/29/26 11:07:13 - 0:13:26 - At 473-th epoch with lr 0.000582.
INFO - 01/29/26 11:07:15 - 0:13:28 - Running average train loss is 0.785993800163269 at epoch 473
INFO - 01/29/26 11:07:15 - 0:13:28 - At 474-th epoch with lr 0.000581.
INFO - 01/29/26 11:07:16 - 0:13:30 - Running average train loss is 0.785841920375824 at epoch 474
INFO - 01/29/26 11:07:16 - 0:13:30 - At 475-th epoch with lr 0.000580.
INFO - 01/29/26 11:07:18 - 0:13:32 - Running average train loss is 0.7856591486930847 at epoch 475
INFO - 01/29/26 11:07:18 - 0:13:32 - At 476-th epoch with lr 0.000580.
INFO - 01/29/26 11:07:20 - 0:13:33 - Running average train loss is 0.7852473020553589 at epoch 476
INFO - 01/29/26 11:07:20 - 0:13:33 - At 477-th epoch with lr 0.000579.
INFO - 01/29/26 11:07:21 - 0:13:35 - Running average train loss is 0.7861469578742981 at epoch 477
INFO - 01/29/26 11:07:21 - 0:13:35 - At 478-th epoch with lr 0.000579.
INFO - 01/29/26 11:07:23 - 0:13:37 - Running average train loss is 0.7855886101722718 at epoch 478
INFO - 01/29/26 11:07:23 - 0:13:37 - At 479-th epoch with lr 0.000578.
INFO - 01/29/26 11:07:25 - 0:13:38 - Running average train loss is 0.7862943410873413 at epoch 479
INFO - 01/29/26 11:07:25 - 0:13:38 - At 480-th epoch with lr 0.000577.
INFO - 01/29/26 11:07:26 - 0:13:40 - Running average train loss is 0.7860592722892761 at epoch 480
INFO - 01/29/26 11:07:27 - 0:13:40 - Average dev loss is 1.223713477452596 at epoch 480
INFO - 01/29/26 11:07:27 - 0:13:41 - dev accuracy is 58.8 at epoch 480
INFO - 01/29/26 11:07:27 - 0:13:41 - dev average edit distance is 0.9 at epoch 480
INFO - 01/29/26 11:07:27 - 0:13:41 - At 481-th epoch with lr 0.000577.
INFO - 01/29/26 11:07:29 - 0:13:42 - Running average train loss is 0.7860929679870605 at epoch 481
INFO - 01/29/26 11:07:29 - 0:13:42 - At 482-th epoch with lr 0.000576.
INFO - 01/29/26 11:07:30 - 0:13:44 - Running average train loss is 0.7857087612152099 at epoch 482
INFO - 01/29/26 11:07:30 - 0:13:44 - At 483-th epoch with lr 0.000576.
INFO - 01/29/26 11:07:32 - 0:13:46 - Running average train loss is 0.7859491014480591 at epoch 483
INFO - 01/29/26 11:07:32 - 0:13:46 - At 484-th epoch with lr 0.000575.
INFO - 01/29/26 11:07:34 - 0:13:47 - Running average train loss is 0.7855537366867066 at epoch 484
INFO - 01/29/26 11:07:34 - 0:13:47 - At 485-th epoch with lr 0.000574.
INFO - 01/29/26 11:07:35 - 0:13:49 - Running average train loss is 0.7855501413345337 at epoch 485
INFO - 01/29/26 11:07:35 - 0:13:49 - At 486-th epoch with lr 0.000574.
INFO - 01/29/26 11:07:37 - 0:13:51 - Running average train loss is 0.785961902141571 at epoch 486
INFO - 01/29/26 11:07:37 - 0:13:51 - At 487-th epoch with lr 0.000573.
INFO - 01/29/26 11:07:39 - 0:13:52 - Running average train loss is 0.785737874507904 at epoch 487
INFO - 01/29/26 11:07:39 - 0:13:52 - At 488-th epoch with lr 0.000573.
INFO - 01/29/26 11:07:40 - 0:13:54 - Running average train loss is 0.7857016611099243 at epoch 488
INFO - 01/29/26 11:07:40 - 0:13:54 - At 489-th epoch with lr 0.000572.
INFO - 01/29/26 11:07:42 - 0:13:55 - Running average train loss is 0.7852237772941589 at epoch 489
INFO - 01/29/26 11:07:42 - 0:13:55 - At 490-th epoch with lr 0.000571.
INFO - 01/29/26 11:07:43 - 0:13:57 - Running average train loss is 0.7856915092468262 at epoch 490
INFO - 01/29/26 11:07:43 - 0:13:57 - At 491-th epoch with lr 0.000571.
INFO - 01/29/26 11:07:45 - 0:13:59 - Running average train loss is 0.7860081124305726 at epoch 491
INFO - 01/29/26 11:07:45 - 0:13:59 - At 492-th epoch with lr 0.000570.
INFO - 01/29/26 11:07:47 - 0:14:00 - Running average train loss is 0.7855895709991455 at epoch 492
INFO - 01/29/26 11:07:47 - 0:14:00 - At 493-th epoch with lr 0.000570.
INFO - 01/29/26 11:07:48 - 0:14:02 - Running average train loss is 0.7855610251426697 at epoch 493
INFO - 01/29/26 11:07:48 - 0:14:02 - At 494-th epoch with lr 0.000569.
INFO - 01/29/26 11:07:50 - 0:14:04 - Running average train loss is 0.7854992151260376 at epoch 494
INFO - 01/29/26 11:07:50 - 0:14:04 - At 495-th epoch with lr 0.000569.
INFO - 01/29/26 11:07:52 - 0:14:05 - Running average train loss is 0.7860967493057252 at epoch 495
INFO - 01/29/26 11:07:52 - 0:14:05 - At 496-th epoch with lr 0.000568.
INFO - 01/29/26 11:07:53 - 0:14:07 - Running average train loss is 0.7854690790176392 at epoch 496
INFO - 01/29/26 11:07:53 - 0:14:07 - Average dev loss is 1.3035892645517986 at epoch 496
INFO - 01/29/26 11:07:54 - 0:14:08 - dev accuracy is 57.2 at epoch 496
INFO - 01/29/26 11:07:54 - 0:14:08 - dev average edit distance is 0.946 at epoch 496
INFO - 01/29/26 11:07:54 - 0:14:08 - At 497-th epoch with lr 0.000567.
INFO - 01/29/26 11:07:56 - 0:14:09 - Running average train loss is 0.785474979877472 at epoch 497
INFO - 01/29/26 11:07:56 - 0:14:09 - At 498-th epoch with lr 0.000567.
INFO - 01/29/26 11:07:57 - 0:14:11 - Running average train loss is 0.785713906288147 at epoch 498
INFO - 01/29/26 11:07:57 - 0:14:11 - At 499-th epoch with lr 0.000566.
INFO - 01/29/26 11:07:59 - 0:14:13 - Running average train loss is 0.7857500743865967 at epoch 499
INFO - 01/29/26 11:07:59 - 0:14:13 - At 500-th epoch with lr 0.000566.
INFO - 01/29/26 11:08:01 - 0:14:14 - Running average train loss is 0.7860065269470214 at epoch 500
INFO - 01/29/26 11:08:01 - 0:14:14 - At 501-th epoch with lr 0.000565.
INFO - 01/29/26 11:08:02 - 0:14:16 - Running average train loss is 0.7862549424171448 at epoch 501
INFO - 01/29/26 11:08:02 - 0:14:16 - At 502-th epoch with lr 0.000565.
INFO - 01/29/26 11:08:04 - 0:14:18 - Running average train loss is 0.7859925436973572 at epoch 502
INFO - 01/29/26 11:08:04 - 0:14:18 - At 503-th epoch with lr 0.000564.
INFO - 01/29/26 11:08:06 - 0:14:19 - Running average train loss is 0.7855430626869202 at epoch 503
INFO - 01/29/26 11:08:06 - 0:14:19 - At 504-th epoch with lr 0.000563.
INFO - 01/29/26 11:08:07 - 0:14:21 - Running average train loss is 0.7855222177505493 at epoch 504
INFO - 01/29/26 11:08:07 - 0:14:21 - At 505-th epoch with lr 0.000563.
INFO - 01/29/26 11:08:09 - 0:14:23 - Running average train loss is 0.7853895282745361 at epoch 505
INFO - 01/29/26 11:08:09 - 0:14:23 - At 506-th epoch with lr 0.000562.
INFO - 01/29/26 11:08:11 - 0:14:24 - Running average train loss is 0.7855379509925843 at epoch 506
INFO - 01/29/26 11:08:11 - 0:14:24 - At 507-th epoch with lr 0.000562.
INFO - 01/29/26 11:08:12 - 0:14:26 - Running average train loss is 0.7857748699188233 at epoch 507
INFO - 01/29/26 11:08:12 - 0:14:26 - At 508-th epoch with lr 0.000561.
INFO - 01/29/26 11:08:14 - 0:14:28 - Running average train loss is 0.7855757021903992 at epoch 508
INFO - 01/29/26 11:08:14 - 0:14:28 - At 509-th epoch with lr 0.000561.
INFO - 01/29/26 11:08:16 - 0:14:29 - Running average train loss is 0.7854941034317017 at epoch 509
INFO - 01/29/26 11:08:16 - 0:14:29 - At 510-th epoch with lr 0.000560.
INFO - 01/29/26 11:08:17 - 0:14:31 - Running average train loss is 0.7851718497276307 at epoch 510
INFO - 01/29/26 11:08:17 - 0:14:31 - At 511-th epoch with lr 0.000560.
INFO - 01/29/26 11:08:19 - 0:14:33 - Running average train loss is 0.7854916763305664 at epoch 511
INFO - 01/29/26 11:08:19 - 0:14:33 - At 512-th epoch with lr 0.000559.
INFO - 01/29/26 11:08:21 - 0:14:34 - Running average train loss is 0.7857170081138611 at epoch 512
INFO - 01/29/26 11:08:21 - 0:14:35 - Average dev loss is 1.2254637082417805 at epoch 512
INFO - 01/29/26 11:08:21 - 0:14:35 - dev accuracy is 61.0 at epoch 512
INFO - 01/29/26 11:08:21 - 0:14:35 - dev average edit distance is 0.869 at epoch 512
INFO - 01/29/26 11:08:21 - 0:14:35 - At 513-th epoch with lr 0.000558.
INFO - 01/29/26 11:08:23 - 0:14:37 - Running average train loss is 0.7853098201751709 at epoch 513
INFO - 01/29/26 11:08:23 - 0:14:37 - At 514-th epoch with lr 0.000558.
INFO - 01/29/26 11:08:25 - 0:14:38 - Running average train loss is 0.7854629302024841 at epoch 514
INFO - 01/29/26 11:08:25 - 0:14:38 - At 515-th epoch with lr 0.000557.
INFO - 01/29/26 11:08:26 - 0:14:40 - Running average train loss is 0.7852533078193664 at epoch 515
INFO - 01/29/26 11:08:26 - 0:14:40 - At 516-th epoch with lr 0.000557.
INFO - 01/29/26 11:08:28 - 0:14:42 - Running average train loss is 0.7851307582855225 at epoch 516
INFO - 01/29/26 11:08:28 - 0:14:42 - At 517-th epoch with lr 0.000556.
INFO - 01/29/26 11:08:30 - 0:14:43 - Running average train loss is 0.7854948616027833 at epoch 517
INFO - 01/29/26 11:08:30 - 0:14:43 - At 518-th epoch with lr 0.000556.
INFO - 01/29/26 11:08:31 - 0:14:45 - Running average train loss is 0.7856586074829102 at epoch 518
INFO - 01/29/26 11:08:31 - 0:14:45 - At 519-th epoch with lr 0.000555.
INFO - 01/29/26 11:08:33 - 0:14:47 - Running average train loss is 0.7860006761550903 at epoch 519
INFO - 01/29/26 11:08:33 - 0:14:47 - At 520-th epoch with lr 0.000555.
INFO - 01/29/26 11:08:35 - 0:14:48 - Running average train loss is 0.7857720518112182 at epoch 520
INFO - 01/29/26 11:08:35 - 0:14:48 - At 521-th epoch with lr 0.000554.
INFO - 01/29/26 11:08:36 - 0:14:50 - Running average train loss is 0.7858748388290405 at epoch 521
INFO - 01/29/26 11:08:36 - 0:14:50 - At 522-th epoch with lr 0.000554.
INFO - 01/29/26 11:08:38 - 0:14:52 - Running average train loss is 0.7859885811805725 at epoch 522
INFO - 01/29/26 11:08:38 - 0:14:52 - At 523-th epoch with lr 0.000553.
INFO - 01/29/26 11:08:40 - 0:14:53 - Running average train loss is 0.7849312663078308 at epoch 523
INFO - 01/29/26 11:08:40 - 0:14:53 - At 524-th epoch with lr 0.000553.
INFO - 01/29/26 11:08:41 - 0:14:55 - Running average train loss is 0.7850171709060669 at epoch 524
INFO - 01/29/26 11:08:41 - 0:14:55 - At 525-th epoch with lr 0.000552.
INFO - 01/29/26 11:08:43 - 0:14:57 - Running average train loss is 0.7856060767173767 at epoch 525
INFO - 01/29/26 11:08:43 - 0:14:57 - At 526-th epoch with lr 0.000552.
INFO - 01/29/26 11:08:45 - 0:14:58 - Running average train loss is 0.7853141307830811 at epoch 526
INFO - 01/29/26 11:08:45 - 0:14:58 - At 527-th epoch with lr 0.000551.
INFO - 01/29/26 11:08:46 - 0:15:00 - Running average train loss is 0.7854591250419617 at epoch 527
INFO - 01/29/26 11:08:46 - 0:15:00 - At 528-th epoch with lr 0.000550.
INFO - 01/29/26 11:08:48 - 0:15:02 - Running average train loss is 0.7855342936515808 at epoch 528
INFO - 01/29/26 11:08:48 - 0:15:02 - Average dev loss is 1.2444928884506226 at epoch 528
INFO - 01/29/26 11:08:49 - 0:15:02 - dev accuracy is 58.0 at epoch 528
INFO - 01/29/26 11:08:49 - 0:15:02 - dev average edit distance is 0.968 at epoch 528
INFO - 01/29/26 11:08:49 - 0:15:02 - At 529-th epoch with lr 0.000550.
INFO - 01/29/26 11:08:50 - 0:15:04 - Running average train loss is 0.7856218576431274 at epoch 529
INFO - 01/29/26 11:08:50 - 0:15:04 - At 530-th epoch with lr 0.000549.
INFO - 01/29/26 11:08:52 - 0:15:06 - Running average train loss is 0.7856002998352051 at epoch 530
INFO - 01/29/26 11:08:52 - 0:15:06 - At 531-th epoch with lr 0.000549.
INFO - 01/29/26 11:08:54 - 0:15:07 - Running average train loss is 0.7852882695198059 at epoch 531
INFO - 01/29/26 11:08:54 - 0:15:07 - At 532-th epoch with lr 0.000548.
INFO - 01/29/26 11:08:55 - 0:15:09 - Running average train loss is 0.785896852016449 at epoch 532
INFO - 01/29/26 11:08:55 - 0:15:09 - At 533-th epoch with lr 0.000548.
INFO - 01/29/26 11:08:57 - 0:15:11 - Running average train loss is 0.7860560607910156 at epoch 533
INFO - 01/29/26 11:08:57 - 0:15:11 - At 534-th epoch with lr 0.000547.
INFO - 01/29/26 11:08:59 - 0:15:12 - Running average train loss is 0.7851374530792237 at epoch 534
INFO - 01/29/26 11:08:59 - 0:15:12 - At 535-th epoch with lr 0.000547.
INFO - 01/29/26 11:09:00 - 0:15:14 - Running average train loss is 0.7859562635421753 at epoch 535
INFO - 01/29/26 11:09:00 - 0:15:14 - At 536-th epoch with lr 0.000546.
INFO - 01/29/26 11:09:02 - 0:15:16 - Running average train loss is 0.7853555512428284 at epoch 536
INFO - 01/29/26 11:09:02 - 0:15:16 - At 537-th epoch with lr 0.000546.
INFO - 01/29/26 11:09:04 - 0:15:17 - Running average train loss is 0.7855035686492919 at epoch 537
INFO - 01/29/26 11:09:04 - 0:15:17 - At 538-th epoch with lr 0.000545.
INFO - 01/29/26 11:09:05 - 0:15:19 - Running average train loss is 0.7853621292114258 at epoch 538
INFO - 01/29/26 11:09:05 - 0:15:19 - At 539-th epoch with lr 0.000545.
INFO - 01/29/26 11:09:07 - 0:15:21 - Running average train loss is 0.7852597761154175 at epoch 539
INFO - 01/29/26 11:09:07 - 0:15:21 - At 540-th epoch with lr 0.000544.
INFO - 01/29/26 11:09:09 - 0:15:22 - Running average train loss is 0.7856001663208008 at epoch 540
INFO - 01/29/26 11:09:09 - 0:15:22 - At 541-th epoch with lr 0.000544.
INFO - 01/29/26 11:09:10 - 0:15:24 - Running average train loss is 0.7855318713188172 at epoch 541
INFO - 01/29/26 11:09:10 - 0:15:24 - At 542-th epoch with lr 0.000543.
INFO - 01/29/26 11:09:12 - 0:15:26 - Running average train loss is 0.7851339364051819 at epoch 542
INFO - 01/29/26 11:09:12 - 0:15:26 - At 543-th epoch with lr 0.000543.
INFO - 01/29/26 11:09:14 - 0:15:27 - Running average train loss is 0.7851722121238709 at epoch 543
INFO - 01/29/26 11:09:14 - 0:15:27 - At 544-th epoch with lr 0.000542.
INFO - 01/29/26 11:09:15 - 0:15:29 - Running average train loss is 0.7853551936149598 at epoch 544
INFO - 01/29/26 11:09:15 - 0:15:29 - Average dev loss is 1.247672200202942 at epoch 544
INFO - 01/29/26 11:09:16 - 0:15:30 - dev accuracy is 63.4 at epoch 544
INFO - 01/29/26 11:09:16 - 0:15:30 - dev average edit distance is 0.893 at epoch 544
INFO - 01/29/26 11:09:16 - 0:15:30 - At 545-th epoch with lr 0.000542.
INFO - 01/29/26 11:09:18 - 0:15:31 - Running average train loss is 0.7850522756576538 at epoch 545
INFO - 01/29/26 11:09:18 - 0:15:31 - At 546-th epoch with lr 0.000541.
INFO - 01/29/26 11:09:19 - 0:15:33 - Running average train loss is 0.784941909313202 at epoch 546
INFO - 01/29/26 11:09:19 - 0:15:33 - At 547-th epoch with lr 0.000541.
INFO - 01/29/26 11:09:21 - 0:15:35 - Running average train loss is 0.7853511142730712 at epoch 547
INFO - 01/29/26 11:09:21 - 0:15:35 - At 548-th epoch with lr 0.000540.
INFO - 01/29/26 11:09:23 - 0:15:36 - Running average train loss is 0.7861696410179139 at epoch 548
INFO - 01/29/26 11:09:23 - 0:15:36 - At 549-th epoch with lr 0.000540.
INFO - 01/29/26 11:09:24 - 0:15:38 - Running average train loss is 0.7852371621131897 at epoch 549
INFO - 01/29/26 11:09:24 - 0:15:38 - At 550-th epoch with lr 0.000539.
INFO - 01/29/26 11:09:26 - 0:15:40 - Running average train loss is 0.7851500368118286 at epoch 550
INFO - 01/29/26 11:09:26 - 0:15:40 - At 551-th epoch with lr 0.000539.
INFO - 01/29/26 11:09:28 - 0:15:41 - Running average train loss is 0.7855039691925049 at epoch 551
INFO - 01/29/26 11:09:28 - 0:15:41 - At 552-th epoch with lr 0.000538.
INFO - 01/29/26 11:09:29 - 0:15:43 - Running average train loss is 0.7855361199378967 at epoch 552
INFO - 01/29/26 11:09:29 - 0:15:43 - At 553-th epoch with lr 0.000538.
INFO - 01/29/26 11:09:31 - 0:15:45 - Running average train loss is 0.785090160369873 at epoch 553
INFO - 01/29/26 11:09:31 - 0:15:45 - At 554-th epoch with lr 0.000537.
INFO - 01/29/26 11:09:33 - 0:15:46 - Running average train loss is 0.7853922009468078 at epoch 554
INFO - 01/29/26 11:09:33 - 0:15:46 - At 555-th epoch with lr 0.000537.
INFO - 01/29/26 11:09:34 - 0:15:48 - Running average train loss is 0.7853749847412109 at epoch 555
INFO - 01/29/26 11:09:34 - 0:15:48 - At 556-th epoch with lr 0.000536.
INFO - 01/29/26 11:09:36 - 0:15:50 - Running average train loss is 0.7850560116767883 at epoch 556
INFO - 01/29/26 11:09:36 - 0:15:50 - At 557-th epoch with lr 0.000536.
INFO - 01/29/26 11:09:37 - 0:15:51 - Running average train loss is 0.7849966382980347 at epoch 557
INFO - 01/29/26 11:09:37 - 0:15:51 - At 558-th epoch with lr 0.000535.
INFO - 01/29/26 11:09:39 - 0:15:53 - Running average train loss is 0.7851401257514954 at epoch 558
INFO - 01/29/26 11:09:39 - 0:15:53 - At 559-th epoch with lr 0.000535.
INFO - 01/29/26 11:09:41 - 0:15:54 - Running average train loss is 0.7855656909942627 at epoch 559
INFO - 01/29/26 11:09:41 - 0:15:54 - At 560-th epoch with lr 0.000535.
INFO - 01/29/26 11:09:42 - 0:15:56 - Running average train loss is 0.7850158715248108 at epoch 560
INFO - 01/29/26 11:09:42 - 0:15:56 - Average dev loss is 1.2710333665211995 at epoch 560
INFO - 01/29/26 11:09:43 - 0:15:57 - dev accuracy is 55.3 at epoch 560
INFO - 01/29/26 11:09:43 - 0:15:57 - dev average edit distance is 1.057 at epoch 560
INFO - 01/29/26 11:09:43 - 0:15:57 - At 561-th epoch with lr 0.000534.
INFO - 01/29/26 11:09:45 - 0:15:58 - Running average train loss is 0.7854359984397888 at epoch 561
INFO - 01/29/26 11:09:45 - 0:15:58 - At 562-th epoch with lr 0.000534.
INFO - 01/29/26 11:09:46 - 0:16:00 - Running average train loss is 0.7854575133323669 at epoch 562
INFO - 01/29/26 11:09:46 - 0:16:00 - At 563-th epoch with lr 0.000533.
INFO - 01/29/26 11:09:48 - 0:16:02 - Running average train loss is 0.7852421021461486 at epoch 563
INFO - 01/29/26 11:09:48 - 0:16:02 - At 564-th epoch with lr 0.000533.
INFO - 01/29/26 11:09:50 - 0:16:03 - Running average train loss is 0.7848631763458251 at epoch 564
INFO - 01/29/26 11:09:50 - 0:16:03 - At 565-th epoch with lr 0.000532.
INFO - 01/29/26 11:09:51 - 0:16:05 - Running average train loss is 0.7850747752189636 at epoch 565
INFO - 01/29/26 11:09:51 - 0:16:05 - At 566-th epoch with lr 0.000532.
INFO - 01/29/26 11:09:53 - 0:16:07 - Running average train loss is 0.7851156067848205 at epoch 566
INFO - 01/29/26 11:09:53 - 0:16:07 - At 567-th epoch with lr 0.000531.
INFO - 01/29/26 11:09:55 - 0:16:08 - Running average train loss is 0.7848409008979798 at epoch 567
INFO - 01/29/26 11:09:55 - 0:16:08 - At 568-th epoch with lr 0.000531.
INFO - 01/29/26 11:09:56 - 0:16:10 - Running average train loss is 0.7849528288841248 at epoch 568
INFO - 01/29/26 11:09:56 - 0:16:10 - At 569-th epoch with lr 0.000530.
INFO - 01/29/26 11:09:58 - 0:16:12 - Running average train loss is 0.7852494645118714 at epoch 569
INFO - 01/29/26 11:09:58 - 0:16:12 - At 570-th epoch with lr 0.000530.
INFO - 01/29/26 11:10:00 - 0:16:13 - Running average train loss is 0.7851904702186584 at epoch 570
INFO - 01/29/26 11:10:00 - 0:16:13 - At 571-th epoch with lr 0.000529.
INFO - 01/29/26 11:10:01 - 0:16:15 - Running average train loss is 0.7850896120071411 at epoch 571
INFO - 01/29/26 11:10:01 - 0:16:15 - At 572-th epoch with lr 0.000529.
INFO - 01/29/26 11:10:03 - 0:16:17 - Running average train loss is 0.7849566602706909 at epoch 572
INFO - 01/29/26 11:10:03 - 0:16:17 - At 573-th epoch with lr 0.000528.
INFO - 01/29/26 11:10:05 - 0:16:18 - Running average train loss is 0.7853589653968811 at epoch 573
INFO - 01/29/26 11:10:05 - 0:16:18 - At 574-th epoch with lr 0.000528.
INFO - 01/29/26 11:10:06 - 0:16:20 - Running average train loss is 0.7848517656326294 at epoch 574
INFO - 01/29/26 11:10:06 - 0:16:20 - At 575-th epoch with lr 0.000528.
INFO - 01/29/26 11:10:08 - 0:16:22 - Running average train loss is 0.7850692391395568 at epoch 575
INFO - 01/29/26 11:10:08 - 0:16:22 - At 576-th epoch with lr 0.000527.
INFO - 01/29/26 11:10:10 - 0:16:23 - Running average train loss is 0.7851018309593201 at epoch 576
INFO - 01/29/26 11:10:10 - 0:16:23 - Average dev loss is 1.2672082980473836 at epoch 576
INFO - 01/29/26 11:10:10 - 0:16:24 - dev accuracy is 59.2 at epoch 576
INFO - 01/29/26 11:10:10 - 0:16:24 - dev average edit distance is 0.968 at epoch 576
INFO - 01/29/26 11:10:10 - 0:16:24 - At 577-th epoch with lr 0.000527.
INFO - 01/29/26 11:10:12 - 0:16:26 - Running average train loss is 0.7851734638214112 at epoch 577
INFO - 01/29/26 11:10:12 - 0:16:26 - At 578-th epoch with lr 0.000526.
INFO - 01/29/26 11:10:14 - 0:16:27 - Running average train loss is 0.7851984143257141 at epoch 578
INFO - 01/29/26 11:10:14 - 0:16:27 - At 579-th epoch with lr 0.000526.
INFO - 01/29/26 11:10:15 - 0:16:29 - Running average train loss is 0.7850393867492675 at epoch 579
INFO - 01/29/26 11:10:15 - 0:16:29 - At 580-th epoch with lr 0.000525.
INFO - 01/29/26 11:10:17 - 0:16:31 - Running average train loss is 0.7853027296066284 at epoch 580
INFO - 01/29/26 11:10:17 - 0:16:31 - At 581-th epoch with lr 0.000525.
INFO - 01/29/26 11:10:19 - 0:16:32 - Running average train loss is 0.7851418137550354 at epoch 581
INFO - 01/29/26 11:10:19 - 0:16:32 - At 582-th epoch with lr 0.000524.
INFO - 01/29/26 11:10:20 - 0:16:34 - Running average train loss is 0.7854575157165528 at epoch 582
INFO - 01/29/26 11:10:20 - 0:16:34 - At 583-th epoch with lr 0.000524.
INFO - 01/29/26 11:10:22 - 0:16:36 - Running average train loss is 0.7852654385566712 at epoch 583
INFO - 01/29/26 11:10:22 - 0:16:36 - At 584-th epoch with lr 0.000523.
INFO - 01/29/26 11:10:24 - 0:16:37 - Running average train loss is 0.785168912410736 at epoch 584
INFO - 01/29/26 11:10:24 - 0:16:37 - At 585-th epoch with lr 0.000523.
INFO - 01/29/26 11:10:25 - 0:16:39 - Running average train loss is 0.7852278971672058 at epoch 585
INFO - 01/29/26 11:10:25 - 0:16:39 - At 586-th epoch with lr 0.000523.
INFO - 01/29/26 11:10:27 - 0:16:41 - Running average train loss is 0.7848930859565735 at epoch 586
INFO - 01/29/26 11:10:27 - 0:16:41 - At 587-th epoch with lr 0.000522.
INFO - 01/29/26 11:10:29 - 0:16:42 - Running average train loss is 0.7848863792419434 at epoch 587
INFO - 01/29/26 11:10:29 - 0:16:42 - At 588-th epoch with lr 0.000522.
INFO - 01/29/26 11:10:30 - 0:16:44 - Running average train loss is 0.785047423839569 at epoch 588
INFO - 01/29/26 11:10:30 - 0:16:44 - At 589-th epoch with lr 0.000521.
INFO - 01/29/26 11:10:32 - 0:16:46 - Running average train loss is 0.7851702332496643 at epoch 589
INFO - 01/29/26 11:10:32 - 0:16:46 - At 590-th epoch with lr 0.000521.
INFO - 01/29/26 11:10:34 - 0:16:47 - Running average train loss is 0.7845277070999146 at epoch 590
INFO - 01/29/26 11:10:34 - 0:16:47 - At 591-th epoch with lr 0.000520.
INFO - 01/29/26 11:10:35 - 0:16:49 - Running average train loss is 0.7848974061012268 at epoch 591
INFO - 01/29/26 11:10:35 - 0:16:49 - At 592-th epoch with lr 0.000520.
INFO - 01/29/26 11:10:37 - 0:16:51 - Running average train loss is 0.7851474690437317 at epoch 592
INFO - 01/29/26 11:10:37 - 0:16:51 - Average dev loss is 1.28108016649882 at epoch 592
INFO - 01/29/26 11:10:38 - 0:16:51 - dev accuracy is 61.0 at epoch 592
INFO - 01/29/26 11:10:38 - 0:16:51 - dev average edit distance is 0.954 at epoch 592
INFO - 01/29/26 11:10:38 - 0:16:51 - At 593-th epoch with lr 0.000519.
INFO - 01/29/26 11:10:39 - 0:16:53 - Running average train loss is 0.7852205443382263 at epoch 593
INFO - 01/29/26 11:10:39 - 0:16:53 - At 594-th epoch with lr 0.000519.
INFO - 01/29/26 11:10:41 - 0:16:55 - Running average train loss is 0.7851134705543518 at epoch 594
INFO - 01/29/26 11:10:41 - 0:16:55 - At 595-th epoch with lr 0.000519.
INFO - 01/29/26 11:10:43 - 0:16:56 - Running average train loss is 0.7853169965744019 at epoch 595
INFO - 01/29/26 11:10:43 - 0:16:56 - At 596-th epoch with lr 0.000518.
INFO - 01/29/26 11:10:44 - 0:16:58 - Running average train loss is 0.7850441837310791 at epoch 596
INFO - 01/29/26 11:10:44 - 0:16:58 - At 597-th epoch with lr 0.000518.
INFO - 01/29/26 11:10:46 - 0:17:00 - Running average train loss is 0.7851003789901734 at epoch 597
INFO - 01/29/26 11:10:46 - 0:17:00 - At 598-th epoch with lr 0.000517.
INFO - 01/29/26 11:10:48 - 0:17:01 - Running average train loss is 0.7847119116783142 at epoch 598
INFO - 01/29/26 11:10:48 - 0:17:01 - At 599-th epoch with lr 0.000517.
INFO - 01/29/26 11:10:49 - 0:17:03 - Running average train loss is 0.7849981617927552 at epoch 599
INFO - 01/29/26 11:10:49 - 0:17:03 - At 600-th epoch with lr 0.000516.
INFO - 01/29/26 11:10:51 - 0:17:05 - Running average train loss is 0.7853210926055908 at epoch 600
INFO - 01/29/26 11:10:51 - 0:17:05 - At 601-th epoch with lr 0.000516.
INFO - 01/29/26 11:10:53 - 0:17:06 - Running average train loss is 0.7851259922981262 at epoch 601
INFO - 01/29/26 11:10:53 - 0:17:06 - At 602-th epoch with lr 0.000516.
INFO - 01/29/26 11:10:54 - 0:17:08 - Running average train loss is 0.7851292777061463 at epoch 602
INFO - 01/29/26 11:10:54 - 0:17:08 - At 603-th epoch with lr 0.000515.
INFO - 01/29/26 11:10:56 - 0:17:10 - Running average train loss is 0.7847969245910644 at epoch 603
INFO - 01/29/26 11:10:56 - 0:17:10 - At 604-th epoch with lr 0.000515.
INFO - 01/29/26 11:10:58 - 0:17:11 - Running average train loss is 0.7854197549819947 at epoch 604
INFO - 01/29/26 11:10:58 - 0:17:11 - At 605-th epoch with lr 0.000514.
INFO - 01/29/26 11:10:59 - 0:17:13 - Running average train loss is 0.7852109217643738 at epoch 605
INFO - 01/29/26 11:10:59 - 0:17:13 - At 606-th epoch with lr 0.000514.
INFO - 01/29/26 11:11:01 - 0:17:15 - Running average train loss is 0.7847241330146789 at epoch 606
INFO - 01/29/26 11:11:01 - 0:17:15 - At 607-th epoch with lr 0.000513.
INFO - 01/29/26 11:11:03 - 0:17:16 - Running average train loss is 0.7847250461578369 at epoch 607
INFO - 01/29/26 11:11:03 - 0:17:16 - At 608-th epoch with lr 0.000513.
INFO - 01/29/26 11:11:04 - 0:17:18 - Running average train loss is 0.7849115228652954 at epoch 608
INFO - 01/29/26 11:11:04 - 0:17:18 - Average dev loss is 1.2669284741083782 at epoch 608
INFO - 01/29/26 11:11:05 - 0:17:19 - dev accuracy is 61.8 at epoch 608
INFO - 01/29/26 11:11:05 - 0:17:19 - dev average edit distance is 0.97 at epoch 608
INFO - 01/29/26 11:11:05 - 0:17:19 - At 609-th epoch with lr 0.000513.
INFO - 01/29/26 11:11:07 - 0:17:20 - Running average train loss is 0.784839506149292 at epoch 609
INFO - 01/29/26 11:11:07 - 0:17:20 - At 610-th epoch with lr 0.000512.
INFO - 01/29/26 11:11:08 - 0:17:22 - Running average train loss is 0.7850697231292725 at epoch 610
INFO - 01/29/26 11:11:08 - 0:17:22 - At 611-th epoch with lr 0.000512.
INFO - 01/29/26 11:11:10 - 0:17:24 - Running average train loss is 0.7852614188194275 at epoch 611
INFO - 01/29/26 11:11:10 - 0:17:24 - At 612-th epoch with lr 0.000511.
INFO - 01/29/26 11:11:12 - 0:17:25 - Running average train loss is 0.7848234152793885 at epoch 612
INFO - 01/29/26 11:11:12 - 0:17:25 - At 613-th epoch with lr 0.000511.
INFO - 01/29/26 11:11:13 - 0:17:27 - Running average train loss is 0.7848709702491761 at epoch 613
INFO - 01/29/26 11:11:13 - 0:17:27 - At 614-th epoch with lr 0.000510.
INFO - 01/29/26 11:11:15 - 0:17:29 - Running average train loss is 0.7846813917160034 at epoch 614
INFO - 01/29/26 11:11:15 - 0:17:29 - At 615-th epoch with lr 0.000510.
INFO - 01/29/26 11:11:17 - 0:17:31 - Running average train loss is 0.7845824885368348 at epoch 615
INFO - 01/29/26 11:11:17 - 0:17:31 - At 616-th epoch with lr 0.000510.
INFO - 01/29/26 11:11:18 - 0:17:32 - Running average train loss is 0.7846072745323182 at epoch 616
INFO - 01/29/26 11:11:18 - 0:17:32 - At 617-th epoch with lr 0.000509.
INFO - 01/29/26 11:11:20 - 0:17:34 - Running average train loss is 0.7846348285675049 at epoch 617
INFO - 01/29/26 11:11:20 - 0:17:34 - At 618-th epoch with lr 0.000509.
INFO - 01/29/26 11:11:22 - 0:17:36 - Running average train loss is 0.785205430984497 at epoch 618
INFO - 01/29/26 11:11:22 - 0:17:36 - At 619-th epoch with lr 0.000508.
INFO - 01/29/26 11:11:24 - 0:17:38 - Running average train loss is 0.7849265789985657 at epoch 619
INFO - 01/29/26 11:11:24 - 0:17:38 - At 620-th epoch with lr 0.000508.
INFO - 01/29/26 11:11:25 - 0:17:39 - Running average train loss is 0.7851137447357178 at epoch 620
INFO - 01/29/26 11:11:25 - 0:17:39 - At 621-th epoch with lr 0.000508.
INFO - 01/29/26 11:11:27 - 0:17:41 - Running average train loss is 0.7855155539512634 at epoch 621
INFO - 01/29/26 11:11:27 - 0:17:41 - At 622-th epoch with lr 0.000507.
INFO - 01/29/26 11:11:29 - 0:17:43 - Running average train loss is 0.7853893947601318 at epoch 622
INFO - 01/29/26 11:11:29 - 0:17:43 - At 623-th epoch with lr 0.000507.
INFO - 01/29/26 11:11:31 - 0:17:44 - Running average train loss is 0.7855049967765808 at epoch 623
INFO - 01/29/26 11:11:31 - 0:17:44 - At 624-th epoch with lr 0.000506.
INFO - 01/29/26 11:11:32 - 0:17:46 - Running average train loss is 0.7846509647369385 at epoch 624
INFO - 01/29/26 11:11:32 - 0:17:46 - Average dev loss is 1.2886029481887817 at epoch 624
INFO - 01/29/26 11:11:33 - 0:17:46 - dev accuracy is 61.9 at epoch 624
INFO - 01/29/26 11:11:33 - 0:17:46 - dev average edit distance is 0.935 at epoch 624
INFO - 01/29/26 11:11:33 - 0:17:47 - At 625-th epoch with lr 0.000506.
INFO - 01/29/26 11:11:35 - 0:17:48 - Running average train loss is 0.7849807262420654 at epoch 625
INFO - 01/29/26 11:11:35 - 0:17:48 - At 626-th epoch with lr 0.000506.
INFO - 01/29/26 11:11:36 - 0:17:50 - Running average train loss is 0.7848998880386353 at epoch 626
INFO - 01/29/26 11:11:36 - 0:17:50 - At 627-th epoch with lr 0.000505.
INFO - 01/29/26 11:11:38 - 0:17:52 - Running average train loss is 0.7849788355827332 at epoch 627
INFO - 01/29/26 11:11:38 - 0:17:52 - At 628-th epoch with lr 0.000505.
INFO - 01/29/26 11:11:40 - 0:17:53 - Running average train loss is 0.784811418056488 at epoch 628
INFO - 01/29/26 11:11:40 - 0:17:53 - At 629-th epoch with lr 0.000504.
INFO - 01/29/26 11:11:41 - 0:17:55 - Running average train loss is 0.7847293877601623 at epoch 629
INFO - 01/29/26 11:11:41 - 0:17:55 - At 630-th epoch with lr 0.000504.
INFO - 01/29/26 11:11:43 - 0:17:57 - Running average train loss is 0.7847597169876098 at epoch 630
INFO - 01/29/26 11:11:43 - 0:17:57 - At 631-th epoch with lr 0.000504.
INFO - 01/29/26 11:11:45 - 0:17:58 - Running average train loss is 0.7843323564529419 at epoch 631
INFO - 01/29/26 11:11:45 - 0:17:58 - At 632-th epoch with lr 0.000503.
INFO - 01/29/26 11:11:46 - 0:18:00 - Running average train loss is 0.7849565052986145 at epoch 632
INFO - 01/29/26 11:11:46 - 0:18:00 - At 633-th epoch with lr 0.000503.
INFO - 01/29/26 11:11:48 - 0:18:02 - Running average train loss is 0.7848473191261292 at epoch 633
INFO - 01/29/26 11:11:48 - 0:18:02 - At 634-th epoch with lr 0.000502.
INFO - 01/29/26 11:11:50 - 0:18:03 - Running average train loss is 0.7849754524230957 at epoch 634
INFO - 01/29/26 11:11:50 - 0:18:03 - At 635-th epoch with lr 0.000502.
INFO - 01/29/26 11:11:51 - 0:18:05 - Running average train loss is 0.7850424766540527 at epoch 635
INFO - 01/29/26 11:11:51 - 0:18:05 - At 636-th epoch with lr 0.000502.
INFO - 01/29/26 11:11:53 - 0:18:07 - Running average train loss is 0.7845345830917358 at epoch 636
INFO - 01/29/26 11:11:53 - 0:18:07 - At 637-th epoch with lr 0.000501.
INFO - 01/29/26 11:11:55 - 0:18:08 - Running average train loss is 0.7845320606231689 at epoch 637
INFO - 01/29/26 11:11:55 - 0:18:08 - At 638-th epoch with lr 0.000501.
INFO - 01/29/26 11:11:56 - 0:18:10 - Running average train loss is 0.7847727060317993 at epoch 638
INFO - 01/29/26 11:11:56 - 0:18:10 - At 639-th epoch with lr 0.000500.
INFO - 01/29/26 11:11:58 - 0:18:12 - Running average train loss is 0.7846054196357727 at epoch 639
INFO - 01/29/26 11:11:58 - 0:18:12 - At 640-th epoch with lr 0.000500.
INFO - 01/29/26 11:12:00 - 0:18:13 - Running average train loss is 0.7845273852348328 at epoch 640
INFO - 01/29/26 11:12:00 - 0:18:13 - Average dev loss is 1.2339547475179036 at epoch 640
INFO - 01/29/26 11:12:00 - 0:18:14 - dev accuracy is 63.4 at epoch 640
INFO - 01/29/26 11:12:00 - 0:18:14 - dev average edit distance is 0.848 at epoch 640
INFO - 01/29/26 11:12:00 - 0:18:14 - At 641-th epoch with lr 0.000500.
INFO - 01/29/26 11:12:02 - 0:18:16 - Running average train loss is 0.784500846862793 at epoch 641
INFO - 01/29/26 11:12:02 - 0:18:16 - At 642-th epoch with lr 0.000499.
INFO - 01/29/26 11:12:04 - 0:18:17 - Running average train loss is 0.7848012375831604 at epoch 642
INFO - 01/29/26 11:12:04 - 0:18:17 - At 643-th epoch with lr 0.000499.
INFO - 01/29/26 11:12:05 - 0:18:19 - Running average train loss is 0.7846080422401428 at epoch 643
INFO - 01/29/26 11:12:05 - 0:18:19 - At 644-th epoch with lr 0.000498.
INFO - 01/29/26 11:12:07 - 0:18:21 - Running average train loss is 0.7849453353881836 at epoch 644
INFO - 01/29/26 11:12:07 - 0:18:21 - At 645-th epoch with lr 0.000498.
INFO - 01/29/26 11:12:09 - 0:18:22 - Running average train loss is 0.7848144245147705 at epoch 645
INFO - 01/29/26 11:12:09 - 0:18:22 - At 646-th epoch with lr 0.000498.
INFO - 01/29/26 11:12:10 - 0:18:24 - Running average train loss is 0.7847710537910462 at epoch 646
INFO - 01/29/26 11:12:10 - 0:18:24 - At 647-th epoch with lr 0.000497.
INFO - 01/29/26 11:12:12 - 0:18:26 - Running average train loss is 0.7847205138206482 at epoch 647
INFO - 01/29/26 11:12:12 - 0:18:26 - At 648-th epoch with lr 0.000497.
INFO - 01/29/26 11:12:14 - 0:18:27 - Running average train loss is 0.7848068046569824 at epoch 648
INFO - 01/29/26 11:12:14 - 0:18:27 - At 649-th epoch with lr 0.000497.
INFO - 01/29/26 11:12:15 - 0:18:29 - Running average train loss is 0.7852856612205505 at epoch 649
INFO - 01/29/26 11:12:15 - 0:18:29 - At 650-th epoch with lr 0.000496.
INFO - 01/29/26 11:12:17 - 0:18:31 - Running average train loss is 0.7847661328315735 at epoch 650
INFO - 01/29/26 11:12:17 - 0:18:31 - At 651-th epoch with lr 0.000496.
INFO - 01/29/26 11:12:19 - 0:18:32 - Running average train loss is 0.7845596289634704 at epoch 651
INFO - 01/29/26 11:12:19 - 0:18:32 - At 652-th epoch with lr 0.000495.
INFO - 01/29/26 11:12:20 - 0:18:34 - Running average train loss is 0.7845430707931519 at epoch 652
INFO - 01/29/26 11:12:20 - 0:18:34 - At 653-th epoch with lr 0.000495.
INFO - 01/29/26 11:12:22 - 0:18:36 - Running average train loss is 0.7853958463668823 at epoch 653
INFO - 01/29/26 11:12:22 - 0:18:36 - At 654-th epoch with lr 0.000495.
INFO - 01/29/26 11:12:24 - 0:18:37 - Running average train loss is 0.7851556324958802 at epoch 654
INFO - 01/29/26 11:12:24 - 0:18:37 - At 655-th epoch with lr 0.000494.
INFO - 01/29/26 11:12:25 - 0:18:39 - Running average train loss is 0.7852168011665345 at epoch 655
INFO - 01/29/26 11:12:25 - 0:18:39 - At 656-th epoch with lr 0.000494.
INFO - 01/29/26 11:12:27 - 0:18:41 - Running average train loss is 0.7849103736877442 at epoch 656
INFO - 01/29/26 11:12:27 - 0:18:41 - Average dev loss is 1.248506228129069 at epoch 656
INFO - 01/29/26 11:12:28 - 0:18:41 - dev accuracy is 62.1 at epoch 656
INFO - 01/29/26 11:12:28 - 0:18:41 - dev average edit distance is 0.88 at epoch 656
INFO - 01/29/26 11:12:28 - 0:18:41 - At 657-th epoch with lr 0.000493.
INFO - 01/29/26 11:12:29 - 0:18:43 - Running average train loss is 0.7847610187530517 at epoch 657
INFO - 01/29/26 11:12:29 - 0:18:43 - At 658-th epoch with lr 0.000493.
INFO - 01/29/26 11:12:31 - 0:18:45 - Running average train loss is 0.7842789840698242 at epoch 658
INFO - 01/29/26 11:12:31 - 0:18:45 - At 659-th epoch with lr 0.000493.
INFO - 01/29/26 11:12:33 - 0:18:47 - Running average train loss is 0.7848120713233948 at epoch 659
INFO - 01/29/26 11:12:33 - 0:18:47 - At 660-th epoch with lr 0.000492.
INFO - 01/29/26 11:12:34 - 0:18:48 - Running average train loss is 0.7845191049575806 at epoch 660
INFO - 01/29/26 11:12:34 - 0:18:48 - At 661-th epoch with lr 0.000492.
INFO - 01/29/26 11:12:36 - 0:18:50 - Running average train loss is 0.784531741142273 at epoch 661
INFO - 01/29/26 11:12:36 - 0:18:50 - At 662-th epoch with lr 0.000492.
INFO - 01/29/26 11:12:38 - 0:18:52 - Running average train loss is 0.7843413710594177 at epoch 662
INFO - 01/29/26 11:12:38 - 0:18:52 - At 663-th epoch with lr 0.000491.
INFO - 01/29/26 11:12:40 - 0:18:53 - Running average train loss is 0.7843752479553223 at epoch 663
INFO - 01/29/26 11:12:40 - 0:18:53 - At 664-th epoch with lr 0.000491.
INFO - 01/29/26 11:12:41 - 0:18:55 - Running average train loss is 0.7844187164306641 at epoch 664
INFO - 01/29/26 11:12:41 - 0:18:55 - At 665-th epoch with lr 0.000491.
INFO - 01/29/26 11:12:43 - 0:18:57 - Running average train loss is 0.7843429231643677 at epoch 665
INFO - 01/29/26 11:12:43 - 0:18:57 - At 666-th epoch with lr 0.000490.
INFO - 01/29/26 11:12:45 - 0:18:58 - Running average train loss is 0.7845772647857666 at epoch 666
INFO - 01/29/26 11:12:45 - 0:18:58 - At 667-th epoch with lr 0.000490.
INFO - 01/29/26 11:12:46 - 0:19:00 - Running average train loss is 0.7843374347686768 at epoch 667
INFO - 01/29/26 11:12:46 - 0:19:00 - At 668-th epoch with lr 0.000489.
INFO - 01/29/26 11:12:48 - 0:19:02 - Running average train loss is 0.7844713687896728 at epoch 668
INFO - 01/29/26 11:12:48 - 0:19:02 - At 669-th epoch with lr 0.000489.
INFO - 01/29/26 11:12:50 - 0:19:03 - Running average train loss is 0.7840856719017029 at epoch 669
INFO - 01/29/26 11:12:50 - 0:19:03 - At 670-th epoch with lr 0.000489.
INFO - 01/29/26 11:12:51 - 0:19:05 - Running average train loss is 0.7845277905464172 at epoch 670
INFO - 01/29/26 11:12:51 - 0:19:05 - At 671-th epoch with lr 0.000488.
INFO - 01/29/26 11:12:53 - 0:19:07 - Running average train loss is 0.7848598957061768 at epoch 671
INFO - 01/29/26 11:12:53 - 0:19:07 - At 672-th epoch with lr 0.000488.
INFO - 01/29/26 11:12:55 - 0:19:08 - Running average train loss is 0.7846232867240905 at epoch 672
INFO - 01/29/26 11:12:55 - 0:19:08 - Average dev loss is 1.2958004474639893 at epoch 672
INFO - 01/29/26 11:12:55 - 0:19:09 - dev accuracy is 60.5 at epoch 672
INFO - 01/29/26 11:12:55 - 0:19:09 - dev average edit distance is 0.919 at epoch 672
INFO - 01/29/26 11:12:55 - 0:19:09 - At 673-th epoch with lr 0.000488.
INFO - 01/29/26 11:12:57 - 0:19:11 - Running average train loss is 0.785033712387085 at epoch 673
INFO - 01/29/26 11:12:57 - 0:19:11 - At 674-th epoch with lr 0.000487.
INFO - 01/29/26 11:12:59 - 0:19:12 - Running average train loss is 0.7846282148361206 at epoch 674
INFO - 01/29/26 11:12:59 - 0:19:12 - At 675-th epoch with lr 0.000487.
INFO - 01/29/26 11:13:00 - 0:19:14 - Running average train loss is 0.7846904587745667 at epoch 675
INFO - 01/29/26 11:13:00 - 0:19:14 - At 676-th epoch with lr 0.000487.
INFO - 01/29/26 11:13:02 - 0:19:15 - Running average train loss is 0.7845865106582641 at epoch 676
INFO - 01/29/26 11:13:02 - 0:19:15 - At 677-th epoch with lr 0.000486.
INFO - 01/29/26 11:13:03 - 0:19:17 - Running average train loss is 0.7843186259269714 at epoch 677
INFO - 01/29/26 11:13:03 - 0:19:17 - At 678-th epoch with lr 0.000486.
INFO - 01/29/26 11:13:05 - 0:19:19 - Running average train loss is 0.7844442629814148 at epoch 678
INFO - 01/29/26 11:13:05 - 0:19:19 - At 679-th epoch with lr 0.000485.
INFO - 01/29/26 11:13:07 - 0:19:20 - Running average train loss is 0.7840248417854309 at epoch 679
INFO - 01/29/26 11:13:07 - 0:19:20 - At 680-th epoch with lr 0.000485.
INFO - 01/29/26 11:13:08 - 0:19:22 - Running average train loss is 0.785075786113739 at epoch 680
INFO - 01/29/26 11:13:08 - 0:19:22 - At 681-th epoch with lr 0.000485.
INFO - 01/29/26 11:13:10 - 0:19:24 - Running average train loss is 0.7843624782562256 at epoch 681
INFO - 01/29/26 11:13:10 - 0:19:24 - At 682-th epoch with lr 0.000484.
INFO - 01/29/26 11:13:12 - 0:19:25 - Running average train loss is 0.7845454621315002 at epoch 682
INFO - 01/29/26 11:13:12 - 0:19:25 - At 683-th epoch with lr 0.000484.
INFO - 01/29/26 11:13:13 - 0:19:27 - Running average train loss is 0.7844129061698913 at epoch 683
INFO - 01/29/26 11:13:13 - 0:19:27 - At 684-th epoch with lr 0.000484.
INFO - 01/29/26 11:13:15 - 0:19:28 - Running average train loss is 0.7847415590286255 at epoch 684
INFO - 01/29/26 11:13:15 - 0:19:28 - At 685-th epoch with lr 0.000483.
INFO - 01/29/26 11:13:16 - 0:19:30 - Running average train loss is 0.7848379421234131 at epoch 685
INFO - 01/29/26 11:13:16 - 0:19:30 - At 686-th epoch with lr 0.000483.
INFO - 01/29/26 11:13:18 - 0:19:32 - Running average train loss is 0.784578173160553 at epoch 686
INFO - 01/29/26 11:13:18 - 0:19:32 - At 687-th epoch with lr 0.000483.
INFO - 01/29/26 11:13:20 - 0:19:33 - Running average train loss is 0.7848245191574097 at epoch 687
INFO - 01/29/26 11:13:20 - 0:19:33 - At 688-th epoch with lr 0.000482.
INFO - 01/29/26 11:13:21 - 0:19:35 - Running average train loss is 0.7843242359161376 at epoch 688
INFO - 01/29/26 11:13:21 - 0:19:35 - Average dev loss is 1.2517034610112507 at epoch 688
INFO - 01/29/26 11:13:22 - 0:19:35 - dev accuracy is 61.1 at epoch 688
INFO - 01/29/26 11:13:22 - 0:19:35 - dev average edit distance is 0.929 at epoch 688
INFO - 01/29/26 11:13:22 - 0:19:36 - At 689-th epoch with lr 0.000482.
INFO - 01/29/26 11:13:24 - 0:19:37 - Running average train loss is 0.7844218945503235 at epoch 689
INFO - 01/29/26 11:13:24 - 0:19:37 - At 690-th epoch with lr 0.000482.
INFO - 01/29/26 11:13:25 - 0:19:39 - Running average train loss is 0.7846900820732117 at epoch 690
INFO - 01/29/26 11:13:25 - 0:19:39 - At 691-th epoch with lr 0.000481.
INFO - 01/29/26 11:13:27 - 0:19:41 - Running average train loss is 0.7846225380897522 at epoch 691
INFO - 01/29/26 11:13:27 - 0:19:41 - At 692-th epoch with lr 0.000481.
INFO - 01/29/26 11:13:29 - 0:19:42 - Running average train loss is 0.7842439842224121 at epoch 692
INFO - 01/29/26 11:13:29 - 0:19:42 - At 693-th epoch with lr 0.000480.
INFO - 01/29/26 11:13:31 - 0:19:44 - Running average train loss is 0.7841702914237976 at epoch 693
INFO - 01/29/26 11:13:31 - 0:19:44 - At 694-th epoch with lr 0.000480.
INFO - 01/29/26 11:13:32 - 0:19:46 - Running average train loss is 0.7839646553993225 at epoch 694
INFO - 01/29/26 11:13:32 - 0:19:46 - At 695-th epoch with lr 0.000480.
INFO - 01/29/26 11:13:34 - 0:19:48 - Running average train loss is 0.7845657420158386 at epoch 695
INFO - 01/29/26 11:13:34 - 0:19:48 - At 696-th epoch with lr 0.000479.
INFO - 01/29/26 11:13:35 - 0:19:49 - Running average train loss is 0.7844765996932983 at epoch 696
INFO - 01/29/26 11:13:35 - 0:19:49 - At 697-th epoch with lr 0.000479.
INFO - 01/29/26 11:13:37 - 0:19:51 - Running average train loss is 0.7846583008766175 at epoch 697
INFO - 01/29/26 11:13:37 - 0:19:51 - At 698-th epoch with lr 0.000479.
INFO - 01/29/26 11:13:39 - 0:19:52 - Running average train loss is 0.7850183916091918 at epoch 698
INFO - 01/29/26 11:13:39 - 0:19:52 - At 699-th epoch with lr 0.000478.
INFO - 01/29/26 11:13:40 - 0:19:54 - Running average train loss is 0.784450581073761 at epoch 699
INFO - 01/29/26 11:13:40 - 0:19:54 - At 700-th epoch with lr 0.000478.
INFO - 01/29/26 11:13:42 - 0:19:56 - Running average train loss is 0.7845411276817322 at epoch 700
INFO - 01/29/26 11:13:42 - 0:19:56 - At 701-th epoch with lr 0.000478.
INFO - 01/29/26 11:13:44 - 0:19:57 - Running average train loss is 0.7847994780540466 at epoch 701
INFO - 01/29/26 11:13:44 - 0:19:57 - At 702-th epoch with lr 0.000477.
INFO - 01/29/26 11:13:45 - 0:19:59 - Running average train loss is 0.7848141956329345 at epoch 702
INFO - 01/29/26 11:13:45 - 0:19:59 - At 703-th epoch with lr 0.000477.
INFO - 01/29/26 11:13:47 - 0:20:01 - Running average train loss is 0.7846044826507569 at epoch 703
INFO - 01/29/26 11:13:47 - 0:20:01 - At 704-th epoch with lr 0.000477.
INFO - 01/29/26 11:13:48 - 0:20:02 - Running average train loss is 0.7845740008354187 at epoch 704
INFO - 01/29/26 11:13:48 - 0:20:02 - Average dev loss is 1.2222573359807332 at epoch 704
INFO - 01/29/26 11:13:49 - 0:20:03 - dev accuracy is 58.3 at epoch 704
INFO - 01/29/26 11:13:49 - 0:20:03 - dev average edit distance is 0.878 at epoch 704
INFO - 01/29/26 11:13:49 - 0:20:03 - At 705-th epoch with lr 0.000476.
INFO - 01/29/26 11:13:51 - 0:20:04 - Running average train loss is 0.7844254541397094 at epoch 705
INFO - 01/29/26 11:13:51 - 0:20:04 - At 706-th epoch with lr 0.000476.
INFO - 01/29/26 11:13:52 - 0:20:06 - Running average train loss is 0.7842814707756043 at epoch 706
INFO - 01/29/26 11:13:52 - 0:20:06 - At 707-th epoch with lr 0.000476.
INFO - 01/29/26 11:13:54 - 0:20:08 - Running average train loss is 0.7841646599769593 at epoch 707
INFO - 01/29/26 11:13:54 - 0:20:08 - At 708-th epoch with lr 0.000475.
INFO - 01/29/26 11:13:56 - 0:20:09 - Running average train loss is 0.7839846396446228 at epoch 708
INFO - 01/29/26 11:13:56 - 0:20:09 - At 709-th epoch with lr 0.000475.
INFO - 01/29/26 11:13:57 - 0:20:11 - Running average train loss is 0.7840779542922973 at epoch 709
INFO - 01/29/26 11:13:57 - 0:20:11 - At 710-th epoch with lr 0.000475.
INFO - 01/29/26 11:13:59 - 0:20:13 - Running average train loss is 0.7843924260139465 at epoch 710
INFO - 01/29/26 11:13:59 - 0:20:13 - At 711-th epoch with lr 0.000474.
INFO - 01/29/26 11:14:00 - 0:20:14 - Running average train loss is 0.7846645259857178 at epoch 711
INFO - 01/29/26 11:14:00 - 0:20:14 - At 712-th epoch with lr 0.000474.
INFO - 01/29/26 11:14:02 - 0:20:16 - Running average train loss is 0.7841306853294373 at epoch 712
INFO - 01/29/26 11:14:02 - 0:20:16 - At 713-th epoch with lr 0.000474.
INFO - 01/29/26 11:14:04 - 0:20:17 - Running average train loss is 0.784529378414154 at epoch 713
INFO - 01/29/26 11:14:04 - 0:20:17 - At 714-th epoch with lr 0.000473.
INFO - 01/29/26 11:14:05 - 0:20:19 - Running average train loss is 0.7843760704994202 at epoch 714
INFO - 01/29/26 11:14:05 - 0:20:19 - At 715-th epoch with lr 0.000473.
INFO - 01/29/26 11:14:07 - 0:20:21 - Running average train loss is 0.7844824504852295 at epoch 715
INFO - 01/29/26 11:14:07 - 0:20:21 - At 716-th epoch with lr 0.000473.
INFO - 01/29/26 11:14:09 - 0:20:22 - Running average train loss is 0.7842167139053344 at epoch 716
INFO - 01/29/26 11:14:09 - 0:20:22 - At 717-th epoch with lr 0.000472.
INFO - 01/29/26 11:14:10 - 0:20:24 - Running average train loss is 0.784373345375061 at epoch 717
INFO - 01/29/26 11:14:10 - 0:20:24 - At 718-th epoch with lr 0.000472.
INFO - 01/29/26 11:14:12 - 0:20:26 - Running average train loss is 0.7845300769805909 at epoch 718
INFO - 01/29/26 11:14:12 - 0:20:26 - At 719-th epoch with lr 0.000472.
INFO - 01/29/26 11:14:14 - 0:20:27 - Running average train loss is 0.7841863536834717 at epoch 719
INFO - 01/29/26 11:14:14 - 0:20:27 - At 720-th epoch with lr 0.000471.
INFO - 01/29/26 11:14:15 - 0:20:29 - Running average train loss is 0.7842701935768127 at epoch 720
INFO - 01/29/26 11:14:15 - 0:20:29 - Average dev loss is 1.258448839187622 at epoch 720
INFO - 01/29/26 11:14:16 - 0:20:29 - dev accuracy is 59.7 at epoch 720
INFO - 01/29/26 11:14:16 - 0:20:29 - dev average edit distance is 0.869 at epoch 720
INFO - 01/29/26 11:14:16 - 0:20:30 - At 721-th epoch with lr 0.000471.
INFO - 01/29/26 11:14:18 - 0:20:31 - Running average train loss is 0.7846243691444397 at epoch 721
INFO - 01/29/26 11:14:18 - 0:20:31 - At 722-th epoch with lr 0.000471.
INFO - 01/29/26 11:14:19 - 0:20:33 - Running average train loss is 0.7846061158180236 at epoch 722
INFO - 01/29/26 11:14:19 - 0:20:33 - At 723-th epoch with lr 0.000470.
INFO - 01/29/26 11:14:21 - 0:20:35 - Running average train loss is 0.7844093346595764 at epoch 723
INFO - 01/29/26 11:14:21 - 0:20:35 - At 724-th epoch with lr 0.000470.
INFO - 01/29/26 11:14:23 - 0:20:36 - Running average train loss is 0.7846557545661926 at epoch 724
INFO - 01/29/26 11:14:23 - 0:20:36 - At 725-th epoch with lr 0.000470.
INFO - 01/29/26 11:14:24 - 0:20:38 - Running average train loss is 0.7842253088951111 at epoch 725
INFO - 01/29/26 11:14:24 - 0:20:38 - At 726-th epoch with lr 0.000469.
INFO - 01/29/26 11:14:26 - 0:20:40 - Running average train loss is 0.7845264172554016 at epoch 726
INFO - 01/29/26 11:14:26 - 0:20:40 - At 727-th epoch with lr 0.000469.
INFO - 01/29/26 11:14:28 - 0:20:41 - Running average train loss is 0.7842133927345276 at epoch 727
INFO - 01/29/26 11:14:28 - 0:20:41 - At 728-th epoch with lr 0.000469.
INFO - 01/29/26 11:14:30 - 0:20:43 - Running average train loss is 0.7841157960891724 at epoch 728
INFO - 01/29/26 11:14:30 - 0:20:43 - At 729-th epoch with lr 0.000468.
INFO - 01/29/26 11:14:31 - 0:20:45 - Running average train loss is 0.7842119002342224 at epoch 729
INFO - 01/29/26 11:14:31 - 0:20:45 - At 730-th epoch with lr 0.000468.
INFO - 01/29/26 11:14:33 - 0:20:47 - Running average train loss is 0.7842368006706237 at epoch 730
INFO - 01/29/26 11:14:33 - 0:20:47 - At 731-th epoch with lr 0.000468.
INFO - 01/29/26 11:14:34 - 0:20:48 - Running average train loss is 0.7845252704620361 at epoch 731
INFO - 01/29/26 11:14:34 - 0:20:48 - At 732-th epoch with lr 0.000468.
INFO - 01/29/26 11:14:36 - 0:20:50 - Running average train loss is 0.7844455432891846 at epoch 732
INFO - 01/29/26 11:14:36 - 0:20:50 - At 733-th epoch with lr 0.000467.
INFO - 01/29/26 11:14:38 - 0:20:51 - Running average train loss is 0.7842683982849121 at epoch 733
INFO - 01/29/26 11:14:38 - 0:20:51 - At 734-th epoch with lr 0.000467.
INFO - 01/29/26 11:14:39 - 0:20:53 - Running average train loss is 0.7841307353973389 at epoch 734
INFO - 01/29/26 11:14:39 - 0:20:53 - At 735-th epoch with lr 0.000467.
INFO - 01/29/26 11:14:41 - 0:20:55 - Running average train loss is 0.7843649053573608 at epoch 735
INFO - 01/29/26 11:14:41 - 0:20:55 - At 736-th epoch with lr 0.000466.
INFO - 01/29/26 11:14:43 - 0:20:56 - Running average train loss is 0.7843280577659607 at epoch 736
INFO - 01/29/26 11:14:43 - 0:20:56 - Average dev loss is 1.2407841285069783 at epoch 736
INFO - 01/29/26 11:14:43 - 0:20:57 - dev accuracy is 56.9 at epoch 736
INFO - 01/29/26 11:14:43 - 0:20:57 - dev average edit distance is 0.976 at epoch 736
INFO - 01/29/26 11:14:43 - 0:20:57 - At 737-th epoch with lr 0.000466.
INFO - 01/29/26 11:14:45 - 0:20:59 - Running average train loss is 0.7845460438728332 at epoch 737
INFO - 01/29/26 11:14:45 - 0:20:59 - At 738-th epoch with lr 0.000466.
INFO - 01/29/26 11:14:47 - 0:21:00 - Running average train loss is 0.7845011734962464 at epoch 738
INFO - 01/29/26 11:14:47 - 0:21:00 - At 739-th epoch with lr 0.000465.
INFO - 01/29/26 11:14:48 - 0:21:02 - Running average train loss is 0.7844526624679565 at epoch 739
INFO - 01/29/26 11:14:48 - 0:21:02 - At 740-th epoch with lr 0.000465.
INFO - 01/29/26 11:14:50 - 0:21:03 - Running average train loss is 0.7845659923553466 at epoch 740
INFO - 01/29/26 11:14:50 - 0:21:04 - At 741-th epoch with lr 0.000465.
INFO - 01/29/26 11:14:52 - 0:21:05 - Running average train loss is 0.7843563055992127 at epoch 741
INFO - 01/29/26 11:14:52 - 0:21:05 - At 742-th epoch with lr 0.000464.
INFO - 01/29/26 11:14:53 - 0:21:07 - Running average train loss is 0.7844736933708191 at epoch 742
INFO - 01/29/26 11:14:53 - 0:21:07 - At 743-th epoch with lr 0.000464.
INFO - 01/29/26 11:14:55 - 0:21:09 - Running average train loss is 0.7843002223968506 at epoch 743
INFO - 01/29/26 11:14:55 - 0:21:09 - At 744-th epoch with lr 0.000464.
INFO - 01/29/26 11:14:57 - 0:21:10 - Running average train loss is 0.7838398694992066 at epoch 744
INFO - 01/29/26 11:14:57 - 0:21:10 - At 745-th epoch with lr 0.000463.
INFO - 01/29/26 11:14:58 - 0:21:12 - Running average train loss is 0.7843924903869629 at epoch 745
INFO - 01/29/26 11:14:58 - 0:21:12 - At 746-th epoch with lr 0.000463.
INFO - 01/29/26 11:15:00 - 0:21:14 - Running average train loss is 0.7842432236671448 at epoch 746
INFO - 01/29/26 11:15:00 - 0:21:14 - At 747-th epoch with lr 0.000463.
INFO - 01/29/26 11:15:02 - 0:21:15 - Running average train loss is 0.784208128452301 at epoch 747
INFO - 01/29/26 11:15:02 - 0:21:15 - At 748-th epoch with lr 0.000462.
INFO - 01/29/26 11:15:03 - 0:21:17 - Running average train loss is 0.7844355940818787 at epoch 748
INFO - 01/29/26 11:15:03 - 0:21:17 - At 749-th epoch with lr 0.000462.
INFO - 01/29/26 11:15:05 - 0:21:19 - Running average train loss is 0.7840762901306152 at epoch 749
INFO - 01/29/26 11:15:05 - 0:21:19 - At 750-th epoch with lr 0.000462.
INFO - 01/29/26 11:15:07 - 0:21:21 - Running average train loss is 0.7842940020561219 at epoch 750
INFO - 01/29/26 11:15:07 - 0:21:21 - At 751-th epoch with lr 0.000462.
INFO - 01/29/26 11:15:08 - 0:21:22 - Running average train loss is 0.7840442776679992 at epoch 751
INFO - 01/29/26 11:15:08 - 0:21:22 - At 752-th epoch with lr 0.000461.
INFO - 01/29/26 11:15:10 - 0:21:24 - Running average train loss is 0.7840923142433166 at epoch 752
INFO - 01/29/26 11:15:10 - 0:21:24 - Average dev loss is 1.2767030398050945 at epoch 752
INFO - 01/29/26 11:15:11 - 0:21:24 - dev accuracy is 58.3 at epoch 752
INFO - 01/29/26 11:15:11 - 0:21:24 - dev average edit distance is 0.911 at epoch 752
INFO - 01/29/26 11:15:11 - 0:21:24 - At 753-th epoch with lr 0.000461.
INFO - 01/29/26 11:15:12 - 0:21:26 - Running average train loss is 0.7842643237113953 at epoch 753
INFO - 01/29/26 11:15:12 - 0:21:26 - At 754-th epoch with lr 0.000461.
INFO - 01/29/26 11:15:14 - 0:21:28 - Running average train loss is 0.7841339182853698 at epoch 754
INFO - 01/29/26 11:15:14 - 0:21:28 - At 755-th epoch with lr 0.000460.
INFO - 01/29/26 11:15:16 - 0:21:29 - Running average train loss is 0.7844400906562805 at epoch 755
INFO - 01/29/26 11:15:16 - 0:21:29 - At 756-th epoch with lr 0.000460.
INFO - 01/29/26 11:15:17 - 0:21:31 - Running average train loss is 0.7843361210823059 at epoch 756
INFO - 01/29/26 11:15:17 - 0:21:31 - At 757-th epoch with lr 0.000460.
INFO - 01/29/26 11:15:19 - 0:21:33 - Running average train loss is 0.7839975261688232 at epoch 757
INFO - 01/29/26 11:15:19 - 0:21:33 - At 758-th epoch with lr 0.000459.
INFO - 01/29/26 11:15:21 - 0:21:34 - Running average train loss is 0.7842237734794617 at epoch 758
INFO - 01/29/26 11:15:21 - 0:21:34 - At 759-th epoch with lr 0.000459.
INFO - 01/29/26 11:15:22 - 0:21:36 - Running average train loss is 0.7839223098754883 at epoch 759
INFO - 01/29/26 11:15:22 - 0:21:36 - At 760-th epoch with lr 0.000459.
INFO - 01/29/26 11:15:24 - 0:21:38 - Running average train loss is 0.7843623924255371 at epoch 760
INFO - 01/29/26 11:15:24 - 0:21:38 - At 761-th epoch with lr 0.000459.
INFO - 01/29/26 11:15:26 - 0:21:39 - Running average train loss is 0.7846934795379639 at epoch 761
INFO - 01/29/26 11:15:26 - 0:21:39 - At 762-th epoch with lr 0.000458.
INFO - 01/29/26 11:15:27 - 0:21:41 - Running average train loss is 0.7844788098335266 at epoch 762
INFO - 01/29/26 11:15:27 - 0:21:41 - At 763-th epoch with lr 0.000458.
INFO - 01/29/26 11:15:29 - 0:21:43 - Running average train loss is 0.7846823906898499 at epoch 763
INFO - 01/29/26 11:15:29 - 0:21:43 - At 764-th epoch with lr 0.000458.
INFO - 01/29/26 11:15:31 - 0:21:45 - Running average train loss is 0.7844181299209595 at epoch 764
INFO - 01/29/26 11:15:31 - 0:21:45 - At 765-th epoch with lr 0.000457.
INFO - 01/29/26 11:15:32 - 0:21:46 - Running average train loss is 0.7843182587623596 at epoch 765
INFO - 01/29/26 11:15:32 - 0:21:46 - At 766-th epoch with lr 0.000457.
INFO - 01/29/26 11:15:34 - 0:21:48 - Running average train loss is 0.7842484450340271 at epoch 766
INFO - 01/29/26 11:15:34 - 0:21:48 - At 767-th epoch with lr 0.000457.
INFO - 01/29/26 11:15:36 - 0:21:50 - Running average train loss is 0.7844008612632751 at epoch 767
INFO - 01/29/26 11:15:36 - 0:21:50 - At 768-th epoch with lr 0.000456.
INFO - 01/29/26 11:15:37 - 0:21:51 - Running average train loss is 0.7842041373252868 at epoch 768
INFO - 01/29/26 11:15:37 - 0:21:51 - Average dev loss is 1.2670704523722331 at epoch 768
INFO - 01/29/26 11:15:38 - 0:21:52 - dev accuracy is 53.7 at epoch 768
INFO - 01/29/26 11:15:38 - 0:21:52 - dev average edit distance is 1.006 at epoch 768
INFO - 01/29/26 11:15:38 - 0:21:52 - At 769-th epoch with lr 0.000456.
INFO - 01/29/26 11:15:40 - 0:21:53 - Running average train loss is 0.784264178276062 at epoch 769
INFO - 01/29/26 11:15:40 - 0:21:53 - At 770-th epoch with lr 0.000456.
INFO - 01/29/26 11:15:41 - 0:21:55 - Running average train loss is 0.7841857075691223 at epoch 770
INFO - 01/29/26 11:15:41 - 0:21:55 - At 771-th epoch with lr 0.000456.
INFO - 01/29/26 11:15:43 - 0:21:57 - Running average train loss is 0.7842128801345826 at epoch 771
INFO - 01/29/26 11:15:43 - 0:21:57 - At 772-th epoch with lr 0.000455.
INFO - 01/29/26 11:15:45 - 0:21:58 - Running average train loss is 0.7842954277992249 at epoch 772
INFO - 01/29/26 11:15:45 - 0:21:58 - At 773-th epoch with lr 0.000455.
INFO - 01/29/26 11:15:46 - 0:22:00 - Running average train loss is 0.7840707302093506 at epoch 773
INFO - 01/29/26 11:15:46 - 0:22:00 - At 774-th epoch with lr 0.000455.
INFO - 01/29/26 11:15:48 - 0:22:02 - Running average train loss is 0.7839104127883911 at epoch 774
INFO - 01/29/26 11:15:48 - 0:22:02 - At 775-th epoch with lr 0.000454.
INFO - 01/29/26 11:15:50 - 0:22:03 - Running average train loss is 0.7840276384353637 at epoch 775
INFO - 01/29/26 11:15:50 - 0:22:03 - At 776-th epoch with lr 0.000454.
INFO - 01/29/26 11:15:51 - 0:22:05 - Running average train loss is 0.7841578459739685 at epoch 776
INFO - 01/29/26 11:15:51 - 0:22:05 - At 777-th epoch with lr 0.000454.
INFO - 01/29/26 11:15:53 - 0:22:07 - Running average train loss is 0.7841464233398437 at epoch 777
INFO - 01/29/26 11:15:53 - 0:22:07 - At 778-th epoch with lr 0.000453.
INFO - 01/29/26 11:15:55 - 0:22:08 - Running average train loss is 0.7840302801132202 at epoch 778
INFO - 01/29/26 11:15:55 - 0:22:08 - At 779-th epoch with lr 0.000453.
INFO - 01/29/26 11:15:56 - 0:22:10 - Running average train loss is 0.7843613815307617 at epoch 779
INFO - 01/29/26 11:15:56 - 0:22:10 - At 780-th epoch with lr 0.000453.
INFO - 01/29/26 11:15:58 - 0:22:12 - Running average train loss is 0.7839511799812316 at epoch 780
INFO - 01/29/26 11:15:58 - 0:22:12 - At 781-th epoch with lr 0.000453.
INFO - 01/29/26 11:16:00 - 0:22:13 - Running average train loss is 0.7841063451766968 at epoch 781
INFO - 01/29/26 11:16:00 - 0:22:13 - At 782-th epoch with lr 0.000452.
INFO - 01/29/26 11:16:01 - 0:22:15 - Running average train loss is 0.7843647265434265 at epoch 782
INFO - 01/29/26 11:16:01 - 0:22:15 - At 783-th epoch with lr 0.000452.
INFO - 01/29/26 11:16:03 - 0:22:17 - Running average train loss is 0.784124448299408 at epoch 783
INFO - 01/29/26 11:16:03 - 0:22:17 - At 784-th epoch with lr 0.000452.
INFO - 01/29/26 11:16:05 - 0:22:18 - Running average train loss is 0.7841198253631592 at epoch 784
INFO - 01/29/26 11:16:05 - 0:22:18 - Average dev loss is 1.2465505202611287 at epoch 784
INFO - 01/29/26 11:16:05 - 0:22:19 - dev accuracy is 57.4 at epoch 784
INFO - 01/29/26 11:16:05 - 0:22:19 - dev average edit distance is 0.954 at epoch 784
INFO - 01/29/26 11:16:05 - 0:22:19 - At 785-th epoch with lr 0.000451.
INFO - 01/29/26 11:16:07 - 0:22:21 - Running average train loss is 0.7842438411712647 at epoch 785
INFO - 01/29/26 11:16:07 - 0:22:21 - At 786-th epoch with lr 0.000451.
INFO - 01/29/26 11:16:09 - 0:22:22 - Running average train loss is 0.7840123128890991 at epoch 786
INFO - 01/29/26 11:16:09 - 0:22:22 - At 787-th epoch with lr 0.000451.
INFO - 01/29/26 11:16:10 - 0:22:24 - Running average train loss is 0.784054605960846 at epoch 787
INFO - 01/29/26 11:16:10 - 0:22:24 - At 788-th epoch with lr 0.000451.
INFO - 01/29/26 11:16:12 - 0:22:26 - Running average train loss is 0.7838384294509888 at epoch 788
INFO - 01/29/26 11:16:12 - 0:22:26 - At 789-th epoch with lr 0.000450.
INFO - 01/29/26 11:16:14 - 0:22:27 - Running average train loss is 0.784083080291748 at epoch 789
INFO - 01/29/26 11:16:14 - 0:22:27 - At 790-th epoch with lr 0.000450.
INFO - 01/29/26 11:16:15 - 0:22:29 - Running average train loss is 0.7839697408676147 at epoch 790
INFO - 01/29/26 11:16:15 - 0:22:29 - At 791-th epoch with lr 0.000450.
INFO - 01/29/26 11:16:17 - 0:22:31 - Running average train loss is 0.7841510677337646 at epoch 791
INFO - 01/29/26 11:16:17 - 0:22:31 - At 792-th epoch with lr 0.000449.
INFO - 01/29/26 11:16:19 - 0:22:32 - Running average train loss is 0.7840819525718689 at epoch 792
INFO - 01/29/26 11:16:19 - 0:22:32 - At 793-th epoch with lr 0.000449.
INFO - 01/29/26 11:16:20 - 0:22:34 - Running average train loss is 0.78421457529068 at epoch 793
INFO - 01/29/26 11:16:20 - 0:22:34 - At 794-th epoch with lr 0.000449.
INFO - 01/29/26 11:16:22 - 0:22:35 - Running average train loss is 0.7842498898506165 at epoch 794
INFO - 01/29/26 11:16:22 - 0:22:35 - At 795-th epoch with lr 0.000449.
INFO - 01/29/26 11:16:23 - 0:22:37 - Running average train loss is 0.7840545296669006 at epoch 795
INFO - 01/29/26 11:16:23 - 0:22:37 - At 796-th epoch with lr 0.000448.
INFO - 01/29/26 11:16:25 - 0:22:39 - Running average train loss is 0.7844310927391053 at epoch 796
INFO - 01/29/26 11:16:25 - 0:22:39 - At 797-th epoch with lr 0.000448.
INFO - 01/29/26 11:16:27 - 0:22:41 - Running average train loss is 0.7840374112129211 at epoch 797
INFO - 01/29/26 11:16:27 - 0:22:41 - At 798-th epoch with lr 0.000448.
INFO - 01/29/26 11:16:29 - 0:22:42 - Running average train loss is 0.7838936376571656 at epoch 798
INFO - 01/29/26 11:16:29 - 0:22:42 - At 799-th epoch with lr 0.000447.
INFO - 01/29/26 11:16:30 - 0:22:44 - Running average train loss is 0.7841181492805481 at epoch 799
INFO - 01/29/26 11:16:30 - 0:22:44 - Average dev loss is 1.227564771970113 at epoch 799
INFO - 01/29/26 11:16:31 - 0:22:45 - dev accuracy is 58.0 at epoch 799
INFO - 01/29/26 11:16:31 - 0:22:45 - dev average edit distance is 0.984 at epoch 799
INFO - 01/29/26 11:16:31 - 0:22:45 - loading checkpoints/sig23/tagtransformer/grc.nll_1.2576.acc_63.8.dist_0.805.epoch_384 for testing
INFO - 01/29/26 11:16:31 - 0:22:45 - load model in checkpoints/sig23/tagtransformer/grc.nll_1.2576.acc_63.8.dist_0.805.epoch_384
INFO - 01/29/26 11:16:31 - 0:22:45 - Average dev loss is 1.2575537761052449 at epoch -1
INFO - 01/29/26 11:16:31 - 0:22:45 - decoding dev set
INFO - 01/29/26 11:16:32 - 0:22:46 - finished decoding 1000 dev instance
INFO - 01/29/26 11:16:32 - 0:22:46 - DEV accuracy is 63.8 at epoch -1
INFO - 01/29/26 11:16:32 - 0:22:46 - DEV average edit distance is 0.805 at epoch -1
INFO - 01/29/26 11:16:32 - 0:22:46 - DEV grc acc 63.8 dist 0.805
INFO - 01/29/26 11:16:32 - 0:22:46 - Average test loss is 1.298584222793579 at epoch -1
INFO - 01/29/26 11:16:32 - 0:22:46 - decoding test set
INFO - 01/29/26 11:16:33 - 0:22:47 - finished decoding 1000 test instance
INFO - 01/29/26 11:16:33 - 0:22:47 - TEST accuracy is 52.3 at epoch -1
INFO - 01/29/26 11:16:33 - 0:22:47 - TEST average edit distance is 1.086 at epoch -1
INFO - 01/29/26 11:16:33 - 0:22:47 - TEST grc acc 52.3 dist 1.086
