INFO - 01/27/26 10:08:54 - 0:00:00 - command line argument: seed - 0
INFO - 01/27/26 10:08:54 - 0:00:00 - command line argument: train - ['../../2023InflectionST/part1/data/klr.trn']
INFO - 01/27/26 10:08:54 - 0:00:00 - command line argument: dev - ['../../2023InflectionST/part1/data/klr.dev']
INFO - 01/27/26 10:08:54 - 0:00:00 - command line argument: test - ['../../2023InflectionST/part1/data/klr.tst']
INFO - 01/27/26 10:08:54 - 0:00:00 - command line argument: model - 'checkpoints/sig23/tagtransformer/klr'
INFO - 01/27/26 10:08:54 - 0:00:00 - command line argument: load - ''
INFO - 01/27/26 10:08:54 - 0:00:00 - command line argument: bs - 400
INFO - 01/27/26 10:08:54 - 0:00:00 - command line argument: epochs - 20
INFO - 01/27/26 10:08:54 - 0:00:00 - command line argument: max_steps - 20000
INFO - 01/27/26 10:08:54 - 0:00:00 - command line argument: warmup_steps - 4000
INFO - 01/27/26 10:08:54 - 0:00:00 - command line argument: total_eval - 50
INFO - 01/27/26 10:08:54 - 0:00:00 - command line argument: optimizer - <Optimizer.adam: 'adam'>
INFO - 01/27/26 10:08:54 - 0:00:00 - command line argument: scheduler - <Scheduler.warmupinvsqr: 'warmupinvsqr'>
INFO - 01/27/26 10:08:54 - 0:00:00 - command line argument: lr - 0.001
INFO - 01/27/26 10:08:54 - 0:00:00 - command line argument: min_lr - 1e-05
INFO - 01/27/26 10:08:54 - 0:00:00 - command line argument: momentum - 0.9
INFO - 01/27/26 10:08:54 - 0:00:00 - command line argument: beta1 - 0.9
INFO - 01/27/26 10:08:54 - 0:00:00 - command line argument: beta2 - 0.98
INFO - 01/27/26 10:08:54 - 0:00:00 - command line argument: estop - 1e-08
INFO - 01/27/26 10:08:54 - 0:00:00 - command line argument: cooldown - 0
INFO - 01/27/26 10:08:54 - 0:00:00 - command line argument: patience - 0
INFO - 01/27/26 10:08:54 - 0:00:00 - command line argument: discount_factor - 0.5
INFO - 01/27/26 10:08:54 - 0:00:00 - command line argument: max_norm - 1.0
INFO - 01/27/26 10:08:54 - 0:00:00 - command line argument: gpuid - [0]
INFO - 01/27/26 10:08:54 - 0:00:00 - command line argument: loglevel - 'info'
INFO - 01/27/26 10:08:54 - 0:00:00 - command line argument: saveall - False
INFO - 01/27/26 10:08:54 - 0:00:00 - command line argument: shuffle - True
INFO - 01/27/26 10:08:54 - 0:00:00 - command line argument: cleanup_anyway - True
INFO - 01/27/26 10:08:54 - 0:00:00 - command line argument: dataset - <Data.sigmorphon23task0: 'sigmorphon23task0'>
INFO - 01/27/26 10:08:54 - 0:00:00 - command line argument: max_seq_len - 128
INFO - 01/27/26 10:08:54 - 0:00:00 - command line argument: max_decode_len - 32
INFO - 01/27/26 10:08:54 - 0:00:00 - command line argument: decode_beam_size - 5
INFO - 01/27/26 10:08:54 - 0:00:00 - command line argument: init - ''
INFO - 01/27/26 10:08:54 - 0:00:00 - command line argument: dropout - 0.3
INFO - 01/27/26 10:08:54 - 0:00:00 - command line argument: embed_dim - 256
INFO - 01/27/26 10:08:54 - 0:00:00 - command line argument: nb_heads - 4
INFO - 01/27/26 10:08:54 - 0:00:00 - command line argument: src_layer - 4
INFO - 01/27/26 10:08:54 - 0:00:00 - command line argument: trg_layer - 4
INFO - 01/27/26 10:08:54 - 0:00:00 - command line argument: src_hs - 1024
INFO - 01/27/26 10:08:54 - 0:00:00 - command line argument: trg_hs - 1024
INFO - 01/27/26 10:08:54 - 0:00:00 - command line argument: label_smooth - 0.1
INFO - 01/27/26 10:08:54 - 0:00:00 - command line argument: tie_trg_embed - False
INFO - 01/27/26 10:08:54 - 0:00:00 - command line argument: arch - <Arch.tagtransformer: 'tagtransformer'>
INFO - 01/27/26 10:08:54 - 0:00:00 - command line argument: nb_sample - 2
INFO - 01/27/26 10:08:54 - 0:00:00 - command line argument: wid_siz - 11
INFO - 01/27/26 10:08:54 - 0:00:00 - command line argument: indtag - False
INFO - 01/27/26 10:08:54 - 0:00:00 - command line argument: decode - <Decode.greedy: 'greedy'>
INFO - 01/27/26 10:08:54 - 0:00:00 - command line argument: mono - False
INFO - 01/27/26 10:08:54 - 0:00:00 - command line argument: bestacc - True
INFO - 01/27/26 10:08:54 - 0:00:00 - src vocab size 63
INFO - 01/27/26 10:08:54 - 0:00:00 - trg vocab size 36
INFO - 01/27/26 10:08:54 - 0:00:00 - src vocab ['<PAD>', '<BOS>', '<EOS>', '<UNK>', 'a', 'b', 'd', 'e', 'g', 'i', 'j', 'k', 'l', 'm', 'n', 'o', 'p', 'r', 's', 't', 'u', 'w', 'ç', 'ŋ', 'ɔ', 'ɛ', 'ɦ', 'ɵ', 'ʉ', 'ʌ', 'ʔ', 'ʣ', 'ʦ', 'ʰ', 'ː', '̂', 'ABS-1', 'ABS-2', 'ABS-3', 'ABS-DU', 'ABS-EXCL', 'ABS-INCL', 'ABS-PL', 'ABS-SG', 'ERG-1', 'ERG-2', 'ERG-3', 'ERG-DU', 'ERG-EXCL', 'ERG-FORM', 'ERG-INCL', 'ERG-PL', 'ERG-SG', 'IMP', 'INTR', 'NEG', 'NFIN', 'POS', 'PRS', 'PST', 'REFL', 'TR', 'V']
INFO - 01/27/26 10:08:54 - 0:00:00 - trg vocab ['<PAD>', '<BOS>', '<EOS>', '<UNK>', 'a', 'b', 'd', 'e', 'g', 'i', 'j', 'k', 'l', 'm', 'n', 'o', 'p', 'r', 's', 't', 'u', 'w', 'ç', 'ŋ', 'ɔ', 'ɛ', 'ɦ', 'ɵ', 'ʉ', 'ʌ', 'ʔ', 'ʣ', 'ʦ', 'ʰ', 'ː', '̂']
INFO - 01/27/26 10:08:55 - 0:00:00 - model: TagTransformer(
                                       (src_embed): Embedding(63, 256, padding_idx=0)
                                       (trg_embed): Embedding(36, 256, padding_idx=0)
                                       (position_embed): SinusoidalPositionalEmbedding()
                                       (encoder): TransformerEncoder(
                                         (layers): ModuleList(
                                           (0): TransformerEncoderLayer(
                                             (self_attn): MultiheadAttention(
                                               (out_proj): _LinearWithBias(in_features=256, out_features=256, bias=True)
                                             )
                                             (linear1): Linear(in_features=256, out_features=1024, bias=True)
                                             (dropout): Dropout(p=0.3, inplace=False)
                                             (linear2): Linear(in_features=1024, out_features=256, bias=True)
                                             (norm1): LayerNorm((256,), eps=1e-05, elementwise_affine=True)
                                             (norm2): LayerNorm((256,), eps=1e-05, elementwise_affine=True)
                                             (activation_dropout): Dropout(p=0.3, inplace=False)
                                           )
                                           (1): TransformerEncoderLayer(
                                             (self_attn): MultiheadAttention(
                                               (out_proj): _LinearWithBias(in_features=256, out_features=256, bias=True)
                                             )
                                             (linear1): Linear(in_features=256, out_features=1024, bias=True)
                                             (dropout): Dropout(p=0.3, inplace=False)
                                             (linear2): Linear(in_features=1024, out_features=256, bias=True)
                                             (norm1): LayerNorm((256,), eps=1e-05, elementwise_affine=True)
                                             (norm2): LayerNorm((256,), eps=1e-05, elementwise_affine=True)
                                             (activation_dropout): Dropout(p=0.3, inplace=False)
                                           )
                                           (2): TransformerEncoderLayer(
                                             (self_attn): MultiheadAttention(
                                               (out_proj): _LinearWithBias(in_features=256, out_features=256, bias=True)
                                             )
                                             (linear1): Linear(in_features=256, out_features=1024, bias=True)
                                             (dropout): Dropout(p=0.3, inplace=False)
                                             (linear2): Linear(in_features=1024, out_features=256, bias=True)
                                             (norm1): LayerNorm((256,), eps=1e-05, elementwise_affine=True)
                                             (norm2): LayerNorm((256,), eps=1e-05, elementwise_affine=True)
                                             (activation_dropout): Dropout(p=0.3, inplace=False)
                                           )
                                           (3): TransformerEncoderLayer(
                                             (self_attn): MultiheadAttention(
                                               (out_proj): _LinearWithBias(in_features=256, out_features=256, bias=True)
                                             )
                                             (linear1): Linear(in_features=256, out_features=1024, bias=True)
                                             (dropout): Dropout(p=0.3, inplace=False)
                                             (linear2): Linear(in_features=1024, out_features=256, bias=True)
                                             (norm1): LayerNorm((256,), eps=1e-05, elementwise_affine=True)
                                             (norm2): LayerNorm((256,), eps=1e-05, elementwise_affine=True)
                                             (activation_dropout): Dropout(p=0.3, inplace=False)
                                           )
                                         )
                                         (norm): LayerNorm((256,), eps=1e-05, elementwise_affine=True)
                                       )
                                       (decoder): TransformerDecoder(
                                         (layers): ModuleList(
                                           (0): TransformerDecoderLayer(
                                             (self_attn): MultiheadAttention(
                                               (out_proj): _LinearWithBias(in_features=256, out_features=256, bias=True)
                                             )
                                             (multihead_attn): MultiheadAttention(
                                               (out_proj): _LinearWithBias(in_features=256, out_features=256, bias=True)
                                             )
                                             (linear1): Linear(in_features=256, out_features=1024, bias=True)
                                             (dropout): Dropout(p=0.3, inplace=False)
                                             (linear2): Linear(in_features=1024, out_features=256, bias=True)
                                             (norm1): LayerNorm((256,), eps=1e-05, elementwise_affine=True)
                                             (norm2): LayerNorm((256,), eps=1e-05, elementwise_affine=True)
                                             (norm3): LayerNorm((256,), eps=1e-05, elementwise_affine=True)
                                             (activation_dropout): Dropout(p=0.3, inplace=False)
                                           )
                                           (1): TransformerDecoderLayer(
                                             (self_attn): MultiheadAttention(
                                               (out_proj): _LinearWithBias(in_features=256, out_features=256, bias=True)
                                             )
                                             (multihead_attn): MultiheadAttention(
                                               (out_proj): _LinearWithBias(in_features=256, out_features=256, bias=True)
                                             )
                                             (linear1): Linear(in_features=256, out_features=1024, bias=True)
                                             (dropout): Dropout(p=0.3, inplace=False)
                                             (linear2): Linear(in_features=1024, out_features=256, bias=True)
                                             (norm1): LayerNorm((256,), eps=1e-05, elementwise_affine=True)
                                             (norm2): LayerNorm((256,), eps=1e-05, elementwise_affine=True)
                                             (norm3): LayerNorm((256,), eps=1e-05, elementwise_affine=True)
                                             (activation_dropout): Dropout(p=0.3, inplace=False)
                                           )
                                           (2): TransformerDecoderLayer(
                                             (self_attn): MultiheadAttention(
                                               (out_proj): _LinearWithBias(in_features=256, out_features=256, bias=True)
                                             )
                                             (multihead_attn): MultiheadAttention(
                                               (out_proj): _LinearWithBias(in_features=256, out_features=256, bias=True)
                                             )
                                             (linear1): Linear(in_features=256, out_features=1024, bias=True)
                                             (dropout): Dropout(p=0.3, inplace=False)
                                             (linear2): Linear(in_features=1024, out_features=256, bias=True)
                                             (norm1): LayerNorm((256,), eps=1e-05, elementwise_affine=True)
                                             (norm2): LayerNorm((256,), eps=1e-05, elementwise_affine=True)
                                             (norm3): LayerNorm((256,), eps=1e-05, elementwise_affine=True)
                                             (activation_dropout): Dropout(p=0.3, inplace=False)
                                           )
                                           (3): TransformerDecoderLayer(
                                             (self_attn): MultiheadAttention(
                                               (out_proj): _LinearWithBias(in_features=256, out_features=256, bias=True)
                                             )
                                             (multihead_attn): MultiheadAttention(
                                               (out_proj): _LinearWithBias(in_features=256, out_features=256, bias=True)
                                             )
                                             (linear1): Linear(in_features=256, out_features=1024, bias=True)
                                             (dropout): Dropout(p=0.3, inplace=False)
                                             (linear2): Linear(in_features=1024, out_features=256, bias=True)
                                             (norm1): LayerNorm((256,), eps=1e-05, elementwise_affine=True)
                                             (norm2): LayerNorm((256,), eps=1e-05, elementwise_affine=True)
                                             (norm3): LayerNorm((256,), eps=1e-05, elementwise_affine=True)
                                             (activation_dropout): Dropout(p=0.3, inplace=False)
                                           )
                                         )
                                         (norm): LayerNorm((256,), eps=1e-05, elementwise_affine=True)
                                       )
                                       (final_out): Linear(in_features=256, out_features=36, bias=True)
                                       (dropout): Dropout(p=0.3, inplace=False)
                                       (special_embeddings): Embedding(2, 256)
                                     )
INFO - 01/27/26 10:08:55 - 0:00:00 - number of parameter 7408932
INFO - 01/27/26 10:09:13 - 0:00:18 - maximum training 20000 steps (800 epochs)
INFO - 01/27/26 10:09:13 - 0:00:18 - evaluate every 16 epochs
INFO - 01/27/26 10:09:13 - 0:00:18 - At 0-th epoch with lr 0.000000.
INFO - 01/27/26 10:09:19 - 0:00:24 - Running average train loss is 4.189476375579834 at epoch 0
INFO - 01/27/26 10:09:19 - 0:00:24 - At 1-th epoch with lr 0.000006.
INFO - 01/27/26 10:09:20 - 0:00:26 - Running average train loss is 3.7258131313323974 at epoch 1
INFO - 01/27/26 10:09:20 - 0:00:26 - At 2-th epoch with lr 0.000013.
INFO - 01/27/26 10:09:22 - 0:00:28 - Running average train loss is 3.291504669189453 at epoch 2
INFO - 01/27/26 10:09:22 - 0:00:28 - At 3-th epoch with lr 0.000019.
INFO - 01/27/26 10:09:24 - 0:00:29 - Running average train loss is 3.0071796798706054 at epoch 3
INFO - 01/27/26 10:09:24 - 0:00:29 - At 4-th epoch with lr 0.000025.
INFO - 01/27/26 10:09:25 - 0:00:31 - Running average train loss is 2.7924799156188964 at epoch 4
INFO - 01/27/26 10:09:25 - 0:00:31 - At 5-th epoch with lr 0.000031.
INFO - 01/27/26 10:09:27 - 0:00:32 - Running average train loss is 2.591339979171753 at epoch 5
INFO - 01/27/26 10:09:27 - 0:00:32 - At 6-th epoch with lr 0.000037.
INFO - 01/27/26 10:09:28 - 0:00:34 - Running average train loss is 2.4019294452667235 at epoch 6
INFO - 01/27/26 10:09:28 - 0:00:34 - At 7-th epoch with lr 0.000044.
INFO - 01/27/26 10:09:30 - 0:00:36 - Running average train loss is 2.23642165184021 at epoch 7
INFO - 01/27/26 10:09:30 - 0:00:36 - At 8-th epoch with lr 0.000050.
INFO - 01/27/26 10:09:32 - 0:00:38 - Running average train loss is 2.096145429611206 at epoch 8
INFO - 01/27/26 10:09:32 - 0:00:38 - At 9-th epoch with lr 0.000056.
INFO - 01/27/26 10:09:34 - 0:00:40 - Running average train loss is 1.958962697982788 at epoch 9
INFO - 01/27/26 10:09:34 - 0:00:40 - At 10-th epoch with lr 0.000063.
INFO - 01/27/26 10:09:36 - 0:00:41 - Running average train loss is 1.8271636152267456 at epoch 10
INFO - 01/27/26 10:09:36 - 0:00:41 - At 11-th epoch with lr 0.000069.
INFO - 01/27/26 10:09:37 - 0:00:43 - Running average train loss is 1.6932372283935546 at epoch 11
INFO - 01/27/26 10:09:37 - 0:00:43 - At 12-th epoch with lr 0.000075.
INFO - 01/27/26 10:09:39 - 0:00:44 - Running average train loss is 1.5619890213012695 at epoch 12
INFO - 01/27/26 10:09:39 - 0:00:44 - At 13-th epoch with lr 0.000081.
INFO - 01/27/26 10:09:40 - 0:00:46 - Running average train loss is 1.446798791885376 at epoch 13
INFO - 01/27/26 10:09:40 - 0:00:46 - At 14-th epoch with lr 0.000087.
INFO - 01/27/26 10:09:42 - 0:00:47 - Running average train loss is 1.357222089767456 at epoch 14
INFO - 01/27/26 10:09:42 - 0:00:47 - At 15-th epoch with lr 0.000094.
INFO - 01/27/26 10:09:43 - 0:00:49 - Running average train loss is 1.2840709829330443 at epoch 15
INFO - 01/27/26 10:09:43 - 0:00:49 - At 16-th epoch with lr 0.000100.
INFO - 01/27/26 10:09:45 - 0:00:50 - Running average train loss is 1.2184321212768554 at epoch 16
INFO - 01/27/26 10:09:45 - 0:00:51 - Average dev loss is 1.0856931606928508 at epoch 16
INFO - 01/27/26 10:09:45 - 0:00:51 - dev accuracy is 37.2 at epoch 16
INFO - 01/27/26 10:09:45 - 0:00:51 - dev average edit distance is 1.351 at epoch 16
INFO - 01/27/26 10:09:45 - 0:00:51 - At 17-th epoch with lr 0.000106.
INFO - 01/27/26 10:09:47 - 0:00:53 - Running average train loss is 1.1691425466537475 at epoch 17
INFO - 01/27/26 10:09:47 - 0:00:53 - At 18-th epoch with lr 0.000113.
INFO - 01/27/26 10:09:48 - 0:00:54 - Running average train loss is 1.1241341543197632 at epoch 18
INFO - 01/27/26 10:09:48 - 0:00:54 - At 19-th epoch with lr 0.000119.
INFO - 01/27/26 10:09:50 - 0:00:56 - Running average train loss is 1.0863905477523803 at epoch 19
INFO - 01/27/26 10:09:50 - 0:00:56 - At 20-th epoch with lr 0.000125.
INFO - 01/27/26 10:09:52 - 0:00:57 - Running average train loss is 1.0526462030410766 at epoch 20
INFO - 01/27/26 10:09:52 - 0:00:57 - At 21-th epoch with lr 0.000131.
INFO - 01/27/26 10:09:53 - 0:00:59 - Running average train loss is 1.0205324363708497 at epoch 21
INFO - 01/27/26 10:09:53 - 0:00:59 - At 22-th epoch with lr 0.000138.
INFO - 01/27/26 10:09:55 - 0:01:00 - Running average train loss is 0.993186604976654 at epoch 22
INFO - 01/27/26 10:09:55 - 0:01:00 - At 23-th epoch with lr 0.000144.
INFO - 01/27/26 10:09:56 - 0:01:02 - Running average train loss is 0.9675635409355163 at epoch 23
INFO - 01/27/26 10:09:56 - 0:01:02 - At 24-th epoch with lr 0.000150.
INFO - 01/27/26 10:09:58 - 0:01:03 - Running average train loss is 0.942912220954895 at epoch 24
INFO - 01/27/26 10:09:58 - 0:01:03 - At 25-th epoch with lr 0.000156.
INFO - 01/27/26 10:09:59 - 0:01:05 - Running average train loss is 0.9228959989547729 at epoch 25
INFO - 01/27/26 10:09:59 - 0:01:05 - At 26-th epoch with lr 0.000163.
INFO - 01/27/26 10:10:01 - 0:01:07 - Running average train loss is 0.9013457226753235 at epoch 26
INFO - 01/27/26 10:10:01 - 0:01:07 - At 27-th epoch with lr 0.000169.
INFO - 01/27/26 10:10:02 - 0:01:08 - Running average train loss is 0.8838505148887634 at epoch 27
INFO - 01/27/26 10:10:02 - 0:01:08 - At 28-th epoch with lr 0.000175.
INFO - 01/27/26 10:10:04 - 0:01:10 - Running average train loss is 0.8660785531997681 at epoch 28
INFO - 01/27/26 10:10:04 - 0:01:10 - At 29-th epoch with lr 0.000181.
INFO - 01/27/26 10:10:05 - 0:01:11 - Running average train loss is 0.8534166383743286 at epoch 29
INFO - 01/27/26 10:10:05 - 0:01:11 - At 30-th epoch with lr 0.000188.
INFO - 01/27/26 10:10:07 - 0:01:13 - Running average train loss is 0.8366220235824585 at epoch 30
INFO - 01/27/26 10:10:07 - 0:01:13 - At 31-th epoch with lr 0.000194.
INFO - 01/27/26 10:10:08 - 0:01:14 - Running average train loss is 0.8248536944389343 at epoch 31
INFO - 01/27/26 10:10:08 - 0:01:14 - At 32-th epoch with lr 0.000200.
INFO - 01/27/26 10:10:10 - 0:01:16 - Running average train loss is 0.8112948250770569 at epoch 32
INFO - 01/27/26 10:10:10 - 0:01:16 - Average dev loss is 0.7954005599021912 at epoch 32
INFO - 01/27/26 10:10:10 - 0:01:16 - dev accuracy is 86.9 at epoch 32
INFO - 01/27/26 10:10:10 - 0:01:16 - dev average edit distance is 0.25 at epoch 32
INFO - 01/27/26 10:10:11 - 0:01:16 - At 33-th epoch with lr 0.000206.
INFO - 01/27/26 10:10:12 - 0:01:18 - Running average train loss is 0.8004952883720398 at epoch 33
INFO - 01/27/26 10:10:12 - 0:01:18 - At 34-th epoch with lr 0.000212.
INFO - 01/27/26 10:10:14 - 0:01:19 - Running average train loss is 0.7920239019393921 at epoch 34
INFO - 01/27/26 10:10:14 - 0:01:19 - At 35-th epoch with lr 0.000219.
INFO - 01/27/26 10:10:15 - 0:01:21 - Running average train loss is 0.7804248046875 at epoch 35
INFO - 01/27/26 10:10:15 - 0:01:21 - At 36-th epoch with lr 0.000225.
INFO - 01/27/26 10:10:17 - 0:01:22 - Running average train loss is 0.7731891965866089 at epoch 36
INFO - 01/27/26 10:10:17 - 0:01:22 - At 37-th epoch with lr 0.000231.
INFO - 01/27/26 10:10:18 - 0:01:24 - Running average train loss is 0.765362000465393 at epoch 37
INFO - 01/27/26 10:10:18 - 0:01:24 - At 38-th epoch with lr 0.000237.
INFO - 01/27/26 10:10:20 - 0:01:26 - Running average train loss is 0.7589863681793213 at epoch 38
INFO - 01/27/26 10:10:20 - 0:01:26 - At 39-th epoch with lr 0.000244.
INFO - 01/27/26 10:10:21 - 0:01:27 - Running average train loss is 0.7529046368598938 at epoch 39
INFO - 01/27/26 10:10:21 - 0:01:27 - At 40-th epoch with lr 0.000250.
INFO - 01/27/26 10:10:23 - 0:01:29 - Running average train loss is 0.747550482749939 at epoch 40
INFO - 01/27/26 10:10:23 - 0:01:29 - At 41-th epoch with lr 0.000256.
INFO - 01/27/26 10:10:24 - 0:01:30 - Running average train loss is 0.7412250280380249 at epoch 41
INFO - 01/27/26 10:10:24 - 0:01:30 - At 42-th epoch with lr 0.000263.
INFO - 01/27/26 10:10:26 - 0:01:32 - Running average train loss is 0.7364600777626038 at epoch 42
INFO - 01/27/26 10:10:26 - 0:01:32 - At 43-th epoch with lr 0.000269.
INFO - 01/27/26 10:10:27 - 0:01:33 - Running average train loss is 0.7315472149848938 at epoch 43
INFO - 01/27/26 10:10:27 - 0:01:33 - At 44-th epoch with lr 0.000275.
INFO - 01/27/26 10:10:29 - 0:01:35 - Running average train loss is 0.7286762452125549 at epoch 44
INFO - 01/27/26 10:10:29 - 0:01:35 - At 45-th epoch with lr 0.000281.
INFO - 01/27/26 10:10:31 - 0:01:36 - Running average train loss is 0.7247725486755371 at epoch 45
INFO - 01/27/26 10:10:31 - 0:01:36 - At 46-th epoch with lr 0.000287.
INFO - 01/27/26 10:10:32 - 0:01:38 - Running average train loss is 0.7215021872520446 at epoch 46
INFO - 01/27/26 10:10:32 - 0:01:38 - At 47-th epoch with lr 0.000294.
INFO - 01/27/26 10:10:34 - 0:01:39 - Running average train loss is 0.7193929576873779 at epoch 47
INFO - 01/27/26 10:10:34 - 0:01:39 - At 48-th epoch with lr 0.000300.
INFO - 01/27/26 10:10:35 - 0:01:41 - Running average train loss is 0.7159567618370056 at epoch 48
INFO - 01/27/26 10:10:35 - 0:01:41 - Average dev loss is 0.7206164797147115 at epoch 48
INFO - 01/27/26 10:10:36 - 0:01:41 - dev accuracy is 96.8 at epoch 48
INFO - 01/27/26 10:10:36 - 0:01:41 - dev average edit distance is 0.049 at epoch 48
INFO - 01/27/26 10:10:36 - 0:01:41 - At 49-th epoch with lr 0.000306.
INFO - 01/27/26 10:10:37 - 0:01:43 - Running average train loss is 0.7132722330093384 at epoch 49
INFO - 01/27/26 10:10:37 - 0:01:43 - At 50-th epoch with lr 0.000313.
INFO - 01/27/26 10:10:39 - 0:01:44 - Running average train loss is 0.71112961769104 at epoch 50
INFO - 01/27/26 10:10:39 - 0:01:44 - At 51-th epoch with lr 0.000319.
INFO - 01/27/26 10:10:40 - 0:01:46 - Running average train loss is 0.7083677244186402 at epoch 51
INFO - 01/27/26 10:10:40 - 0:01:46 - At 52-th epoch with lr 0.000325.
INFO - 01/27/26 10:10:42 - 0:01:48 - Running average train loss is 0.7057373142242431 at epoch 52
INFO - 01/27/26 10:10:42 - 0:01:48 - At 53-th epoch with lr 0.000331.
INFO - 01/27/26 10:10:43 - 0:01:49 - Running average train loss is 0.704902331829071 at epoch 53
INFO - 01/27/26 10:10:43 - 0:01:49 - At 54-th epoch with lr 0.000338.
INFO - 01/27/26 10:10:45 - 0:01:51 - Running average train loss is 0.7025529956817627 at epoch 54
INFO - 01/27/26 10:10:45 - 0:01:51 - At 55-th epoch with lr 0.000344.
INFO - 01/27/26 10:10:46 - 0:01:52 - Running average train loss is 0.7015126132965088 at epoch 55
INFO - 01/27/26 10:10:46 - 0:01:52 - At 56-th epoch with lr 0.000350.
INFO - 01/27/26 10:10:48 - 0:01:54 - Running average train loss is 0.7000099039077758 at epoch 56
INFO - 01/27/26 10:10:48 - 0:01:54 - At 57-th epoch with lr 0.000356.
INFO - 01/27/26 10:10:49 - 0:01:55 - Running average train loss is 0.6976415061950684 at epoch 57
INFO - 01/27/26 10:10:49 - 0:01:55 - At 58-th epoch with lr 0.000362.
INFO - 01/27/26 10:12:16 - 0:00:00 - command line argument: seed - 0
INFO - 01/27/26 10:12:16 - 0:00:00 - command line argument: train - ['../../2023InflectionST/part1/data/klr.trn']
INFO - 01/27/26 10:12:16 - 0:00:00 - command line argument: dev - ['../../2023InflectionST/part1/data/klr.dev']
INFO - 01/27/26 10:12:16 - 0:00:00 - command line argument: test - ['../../2023InflectionST/part1/data/klr.tst']
INFO - 01/27/26 10:12:16 - 0:00:00 - command line argument: model - 'checkpoints/sig23/tagtransformer/klr'
INFO - 01/27/26 10:12:16 - 0:00:00 - command line argument: load - ''
INFO - 01/27/26 10:12:16 - 0:00:00 - command line argument: bs - 400
INFO - 01/27/26 10:12:16 - 0:00:00 - command line argument: epochs - 20
INFO - 01/27/26 10:12:16 - 0:00:00 - command line argument: max_steps - 20000
INFO - 01/27/26 10:12:16 - 0:00:00 - command line argument: warmup_steps - 4000
INFO - 01/27/26 10:12:16 - 0:00:00 - command line argument: total_eval - 50
INFO - 01/27/26 10:12:16 - 0:00:00 - command line argument: optimizer - <Optimizer.adam: 'adam'>
INFO - 01/27/26 10:12:16 - 0:00:00 - command line argument: scheduler - <Scheduler.warmupinvsqr: 'warmupinvsqr'>
INFO - 01/27/26 10:12:16 - 0:00:00 - command line argument: lr - 0.001
INFO - 01/27/26 10:12:16 - 0:00:00 - command line argument: min_lr - 1e-05
INFO - 01/27/26 10:12:16 - 0:00:00 - command line argument: momentum - 0.9
INFO - 01/27/26 10:12:16 - 0:00:00 - command line argument: beta1 - 0.9
INFO - 01/27/26 10:12:16 - 0:00:00 - command line argument: beta2 - 0.98
INFO - 01/27/26 10:12:16 - 0:00:00 - command line argument: estop - 1e-08
INFO - 01/27/26 10:12:16 - 0:00:00 - command line argument: cooldown - 0
INFO - 01/27/26 10:12:16 - 0:00:00 - command line argument: patience - 0
INFO - 01/27/26 10:12:16 - 0:00:00 - command line argument: discount_factor - 0.5
INFO - 01/27/26 10:12:16 - 0:00:00 - command line argument: max_norm - 1.0
INFO - 01/27/26 10:12:16 - 0:00:00 - command line argument: gpuid - [0]
INFO - 01/27/26 10:12:16 - 0:00:00 - command line argument: loglevel - 'info'
INFO - 01/27/26 10:12:16 - 0:00:00 - command line argument: saveall - False
INFO - 01/27/26 10:12:16 - 0:00:00 - command line argument: shuffle - True
INFO - 01/27/26 10:12:16 - 0:00:00 - command line argument: cleanup_anyway - True
INFO - 01/27/26 10:12:16 - 0:00:00 - command line argument: dataset - <Data.sigmorphon23task0: 'sigmorphon23task0'>
INFO - 01/27/26 10:12:16 - 0:00:00 - command line argument: max_seq_len - 128
INFO - 01/27/26 10:12:16 - 0:00:00 - command line argument: max_decode_len - 32
INFO - 01/27/26 10:12:16 - 0:00:00 - command line argument: decode_beam_size - 5
INFO - 01/27/26 10:12:16 - 0:00:00 - command line argument: init - ''
INFO - 01/27/26 10:12:16 - 0:00:00 - command line argument: dropout - 0.3
INFO - 01/27/26 10:12:16 - 0:00:00 - command line argument: embed_dim - 256
INFO - 01/27/26 10:12:16 - 0:00:00 - command line argument: nb_heads - 4
INFO - 01/27/26 10:12:16 - 0:00:00 - command line argument: src_layer - 4
INFO - 01/27/26 10:12:16 - 0:00:00 - command line argument: trg_layer - 4
INFO - 01/27/26 10:12:16 - 0:00:00 - command line argument: src_hs - 1024
INFO - 01/27/26 10:12:16 - 0:00:00 - command line argument: trg_hs - 1024
INFO - 01/27/26 10:12:16 - 0:00:00 - command line argument: label_smooth - 0.1
INFO - 01/27/26 10:12:16 - 0:00:00 - command line argument: tie_trg_embed - False
INFO - 01/27/26 10:12:16 - 0:00:00 - command line argument: arch - <Arch.tagtransformer: 'tagtransformer'>
INFO - 01/27/26 10:12:16 - 0:00:00 - command line argument: nb_sample - 2
INFO - 01/27/26 10:12:16 - 0:00:00 - command line argument: wid_siz - 11
INFO - 01/27/26 10:12:16 - 0:00:00 - command line argument: indtag - False
INFO - 01/27/26 10:12:16 - 0:00:00 - command line argument: decode - <Decode.greedy: 'greedy'>
INFO - 01/27/26 10:12:16 - 0:00:00 - command line argument: mono - False
INFO - 01/27/26 10:12:16 - 0:00:00 - command line argument: bestacc - True
INFO - 01/27/26 10:12:16 - 0:00:00 - src vocab size 63
INFO - 01/27/26 10:12:16 - 0:00:00 - trg vocab size 36
INFO - 01/27/26 10:12:16 - 0:00:00 - src vocab ['<PAD>', '<BOS>', '<EOS>', '<UNK>', 'a', 'b', 'd', 'e', 'g', 'i', 'j', 'k', 'l', 'm', 'n', 'o', 'p', 'r', 's', 't', 'u', 'w', 'ç', 'ŋ', 'ɔ', 'ɛ', 'ɦ', 'ɵ', 'ʉ', 'ʌ', 'ʔ', 'ʣ', 'ʦ', 'ʰ', 'ː', '̂', 'ABS-1', 'ABS-2', 'ABS-3', 'ABS-DU', 'ABS-EXCL', 'ABS-INCL', 'ABS-PL', 'ABS-SG', 'ERG-1', 'ERG-2', 'ERG-3', 'ERG-DU', 'ERG-EXCL', 'ERG-FORM', 'ERG-INCL', 'ERG-PL', 'ERG-SG', 'IMP', 'INTR', 'NEG', 'NFIN', 'POS', 'PRS', 'PST', 'REFL', 'TR', 'V']
INFO - 01/27/26 10:12:16 - 0:00:00 - trg vocab ['<PAD>', '<BOS>', '<EOS>', '<UNK>', 'a', 'b', 'd', 'e', 'g', 'i', 'j', 'k', 'l', 'm', 'n', 'o', 'p', 'r', 's', 't', 'u', 'w', 'ç', 'ŋ', 'ɔ', 'ɛ', 'ɦ', 'ɵ', 'ʉ', 'ʌ', 'ʔ', 'ʣ', 'ʦ', 'ʰ', 'ː', '̂']
INFO - 01/27/26 10:12:16 - 0:00:00 - model: TagTransformer(
                                       (src_embed): Embedding(63, 256, padding_idx=0)
                                       (trg_embed): Embedding(36, 256, padding_idx=0)
                                       (position_embed): SinusoidalPositionalEmbedding()
                                       (encoder): TransformerEncoder(
                                         (layers): ModuleList(
                                           (0): TransformerEncoderLayer(
                                             (self_attn): MultiheadAttention(
                                               (out_proj): _LinearWithBias(in_features=256, out_features=256, bias=True)
                                             )
                                             (linear1): Linear(in_features=256, out_features=1024, bias=True)
                                             (dropout): Dropout(p=0.3, inplace=False)
                                             (linear2): Linear(in_features=1024, out_features=256, bias=True)
                                             (norm1): LayerNorm((256,), eps=1e-05, elementwise_affine=True)
                                             (norm2): LayerNorm((256,), eps=1e-05, elementwise_affine=True)
                                             (activation_dropout): Dropout(p=0.3, inplace=False)
                                           )
                                           (1): TransformerEncoderLayer(
                                             (self_attn): MultiheadAttention(
                                               (out_proj): _LinearWithBias(in_features=256, out_features=256, bias=True)
                                             )
                                             (linear1): Linear(in_features=256, out_features=1024, bias=True)
                                             (dropout): Dropout(p=0.3, inplace=False)
                                             (linear2): Linear(in_features=1024, out_features=256, bias=True)
                                             (norm1): LayerNorm((256,), eps=1e-05, elementwise_affine=True)
                                             (norm2): LayerNorm((256,), eps=1e-05, elementwise_affine=True)
                                             (activation_dropout): Dropout(p=0.3, inplace=False)
                                           )
                                           (2): TransformerEncoderLayer(
                                             (self_attn): MultiheadAttention(
                                               (out_proj): _LinearWithBias(in_features=256, out_features=256, bias=True)
                                             )
                                             (linear1): Linear(in_features=256, out_features=1024, bias=True)
                                             (dropout): Dropout(p=0.3, inplace=False)
                                             (linear2): Linear(in_features=1024, out_features=256, bias=True)
                                             (norm1): LayerNorm((256,), eps=1e-05, elementwise_affine=True)
                                             (norm2): LayerNorm((256,), eps=1e-05, elementwise_affine=True)
                                             (activation_dropout): Dropout(p=0.3, inplace=False)
                                           )
                                           (3): TransformerEncoderLayer(
                                             (self_attn): MultiheadAttention(
                                               (out_proj): _LinearWithBias(in_features=256, out_features=256, bias=True)
                                             )
                                             (linear1): Linear(in_features=256, out_features=1024, bias=True)
                                             (dropout): Dropout(p=0.3, inplace=False)
                                             (linear2): Linear(in_features=1024, out_features=256, bias=True)
                                             (norm1): LayerNorm((256,), eps=1e-05, elementwise_affine=True)
                                             (norm2): LayerNorm((256,), eps=1e-05, elementwise_affine=True)
                                             (activation_dropout): Dropout(p=0.3, inplace=False)
                                           )
                                         )
                                         (norm): LayerNorm((256,), eps=1e-05, elementwise_affine=True)
                                       )
                                       (decoder): TransformerDecoder(
                                         (layers): ModuleList(
                                           (0): TransformerDecoderLayer(
                                             (self_attn): MultiheadAttention(
                                               (out_proj): _LinearWithBias(in_features=256, out_features=256, bias=True)
                                             )
                                             (multihead_attn): MultiheadAttention(
                                               (out_proj): _LinearWithBias(in_features=256, out_features=256, bias=True)
                                             )
                                             (linear1): Linear(in_features=256, out_features=1024, bias=True)
                                             (dropout): Dropout(p=0.3, inplace=False)
                                             (linear2): Linear(in_features=1024, out_features=256, bias=True)
                                             (norm1): LayerNorm((256,), eps=1e-05, elementwise_affine=True)
                                             (norm2): LayerNorm((256,), eps=1e-05, elementwise_affine=True)
                                             (norm3): LayerNorm((256,), eps=1e-05, elementwise_affine=True)
                                             (activation_dropout): Dropout(p=0.3, inplace=False)
                                           )
                                           (1): TransformerDecoderLayer(
                                             (self_attn): MultiheadAttention(
                                               (out_proj): _LinearWithBias(in_features=256, out_features=256, bias=True)
                                             )
                                             (multihead_attn): MultiheadAttention(
                                               (out_proj): _LinearWithBias(in_features=256, out_features=256, bias=True)
                                             )
                                             (linear1): Linear(in_features=256, out_features=1024, bias=True)
                                             (dropout): Dropout(p=0.3, inplace=False)
                                             (linear2): Linear(in_features=1024, out_features=256, bias=True)
                                             (norm1): LayerNorm((256,), eps=1e-05, elementwise_affine=True)
                                             (norm2): LayerNorm((256,), eps=1e-05, elementwise_affine=True)
                                             (norm3): LayerNorm((256,), eps=1e-05, elementwise_affine=True)
                                             (activation_dropout): Dropout(p=0.3, inplace=False)
                                           )
                                           (2): TransformerDecoderLayer(
                                             (self_attn): MultiheadAttention(
                                               (out_proj): _LinearWithBias(in_features=256, out_features=256, bias=True)
                                             )
                                             (multihead_attn): MultiheadAttention(
                                               (out_proj): _LinearWithBias(in_features=256, out_features=256, bias=True)
                                             )
                                             (linear1): Linear(in_features=256, out_features=1024, bias=True)
                                             (dropout): Dropout(p=0.3, inplace=False)
                                             (linear2): Linear(in_features=1024, out_features=256, bias=True)
                                             (norm1): LayerNorm((256,), eps=1e-05, elementwise_affine=True)
                                             (norm2): LayerNorm((256,), eps=1e-05, elementwise_affine=True)
                                             (norm3): LayerNorm((256,), eps=1e-05, elementwise_affine=True)
                                             (activation_dropout): Dropout(p=0.3, inplace=False)
                                           )
                                           (3): TransformerDecoderLayer(
                                             (self_attn): MultiheadAttention(
                                               (out_proj): _LinearWithBias(in_features=256, out_features=256, bias=True)
                                             )
                                             (multihead_attn): MultiheadAttention(
                                               (out_proj): _LinearWithBias(in_features=256, out_features=256, bias=True)
                                             )
                                             (linear1): Linear(in_features=256, out_features=1024, bias=True)
                                             (dropout): Dropout(p=0.3, inplace=False)
                                             (linear2): Linear(in_features=1024, out_features=256, bias=True)
                                             (norm1): LayerNorm((256,), eps=1e-05, elementwise_affine=True)
                                             (norm2): LayerNorm((256,), eps=1e-05, elementwise_affine=True)
                                             (norm3): LayerNorm((256,), eps=1e-05, elementwise_affine=True)
                                             (activation_dropout): Dropout(p=0.3, inplace=False)
                                           )
                                         )
                                         (norm): LayerNorm((256,), eps=1e-05, elementwise_affine=True)
                                       )
                                       (final_out): Linear(in_features=256, out_features=36, bias=True)
                                       (dropout): Dropout(p=0.3, inplace=False)
                                       (special_embeddings): Embedding(2, 256)
                                     )
INFO - 01/27/26 10:12:16 - 0:00:00 - number of parameter 7408932
INFO - 01/27/26 10:12:19 - 0:00:03 - maximum training 20000 steps (800 epochs)
INFO - 01/27/26 10:12:19 - 0:00:03 - evaluate every 16 epochs
INFO - 01/27/26 10:12:19 - 0:00:03 - At 0-th epoch with lr 0.000000.
INFO - 01/27/26 10:12:22 - 0:00:05 - Running average train loss is 4.189476375579834 at epoch 0
INFO - 01/27/26 10:12:22 - 0:00:05 - At 1-th epoch with lr 0.000006.
INFO - 01/27/26 10:12:23 - 0:00:07 - Running average train loss is 3.7258131313323974 at epoch 1
INFO - 01/27/26 10:12:23 - 0:00:07 - At 2-th epoch with lr 0.000013.
INFO - 01/27/26 10:12:25 - 0:00:09 - Running average train loss is 3.291504669189453 at epoch 2
INFO - 01/27/26 10:12:25 - 0:00:09 - At 3-th epoch with lr 0.000019.
INFO - 01/27/26 10:12:27 - 0:00:10 - Running average train loss is 3.0071796798706054 at epoch 3
INFO - 01/27/26 10:12:27 - 0:00:10 - At 4-th epoch with lr 0.000025.
INFO - 01/27/26 10:12:28 - 0:00:12 - Running average train loss is 2.7924799156188964 at epoch 4
INFO - 01/27/26 10:12:28 - 0:00:12 - At 5-th epoch with lr 0.000031.
INFO - 01/27/26 10:12:30 - 0:00:14 - Running average train loss is 2.591339979171753 at epoch 5
INFO - 01/27/26 10:12:30 - 0:00:14 - At 6-th epoch with lr 0.000037.
INFO - 01/27/26 10:12:31 - 0:00:15 - Running average train loss is 2.4019294452667235 at epoch 6
INFO - 01/27/26 10:12:31 - 0:00:15 - At 7-th epoch with lr 0.000044.
INFO - 01/27/26 10:12:33 - 0:00:17 - Running average train loss is 2.23642165184021 at epoch 7
INFO - 01/27/26 10:12:33 - 0:00:17 - At 8-th epoch with lr 0.000050.
INFO - 01/27/26 10:12:35 - 0:00:19 - Running average train loss is 2.096145429611206 at epoch 8
INFO - 01/27/26 10:12:35 - 0:00:19 - At 9-th epoch with lr 0.000056.
INFO - 01/27/26 10:12:36 - 0:00:20 - Running average train loss is 1.958962697982788 at epoch 9
INFO - 01/27/26 10:12:36 - 0:00:20 - At 10-th epoch with lr 0.000063.
INFO - 01/27/26 10:12:38 - 0:00:22 - Running average train loss is 1.8271636152267456 at epoch 10
INFO - 01/27/26 10:12:38 - 0:00:22 - At 11-th epoch with lr 0.000069.
INFO - 01/27/26 10:12:40 - 0:00:23 - Running average train loss is 1.6932372283935546 at epoch 11
INFO - 01/27/26 10:12:40 - 0:00:23 - At 12-th epoch with lr 0.000075.
INFO - 01/27/26 10:12:41 - 0:00:25 - Running average train loss is 1.5619890213012695 at epoch 12
INFO - 01/27/26 10:12:41 - 0:00:25 - At 13-th epoch with lr 0.000081.
INFO - 01/27/26 10:12:43 - 0:00:26 - Running average train loss is 1.446798791885376 at epoch 13
INFO - 01/27/26 10:12:43 - 0:00:26 - At 14-th epoch with lr 0.000087.
INFO - 01/27/26 10:12:44 - 0:00:28 - Running average train loss is 1.357222089767456 at epoch 14
INFO - 01/27/26 10:12:44 - 0:00:28 - At 15-th epoch with lr 0.000094.
INFO - 01/27/26 10:12:46 - 0:00:30 - Running average train loss is 1.2840709829330443 at epoch 15
INFO - 01/27/26 10:12:46 - 0:00:30 - At 16-th epoch with lr 0.000100.
INFO - 01/27/26 10:12:47 - 0:00:31 - Running average train loss is 1.2184321212768554 at epoch 16
INFO - 01/27/26 10:12:47 - 0:00:31 - Average dev loss is 1.0856931606928508 at epoch 16
INFO - 01/27/26 10:12:48 - 0:00:32 - dev accuracy is 37.2 at epoch 16
INFO - 01/27/26 10:12:48 - 0:00:32 - dev average edit distance is 1.351 at epoch 16
INFO - 01/27/26 10:12:48 - 0:00:32 - At 17-th epoch with lr 0.000106.
INFO - 01/27/26 10:12:50 - 0:00:33 - Running average train loss is 1.1691425466537475 at epoch 17
INFO - 01/27/26 10:12:50 - 0:00:33 - At 18-th epoch with lr 0.000113.
INFO - 01/27/26 10:12:51 - 0:00:35 - Running average train loss is 1.1241341543197632 at epoch 18
INFO - 01/27/26 10:12:51 - 0:00:35 - At 19-th epoch with lr 0.000119.
INFO - 01/27/26 10:12:53 - 0:00:36 - Running average train loss is 1.0863905477523803 at epoch 19
INFO - 01/27/26 10:12:53 - 0:00:36 - At 20-th epoch with lr 0.000125.
INFO - 01/27/26 10:12:54 - 0:00:38 - Running average train loss is 1.0526462030410766 at epoch 20
INFO - 01/27/26 10:12:54 - 0:00:38 - At 21-th epoch with lr 0.000131.
INFO - 01/27/26 10:12:56 - 0:00:39 - Running average train loss is 1.0205324363708497 at epoch 21
INFO - 01/27/26 10:12:56 - 0:00:39 - At 22-th epoch with lr 0.000138.
INFO - 01/27/26 10:12:57 - 0:00:41 - Running average train loss is 0.993186604976654 at epoch 22
INFO - 01/27/26 10:12:57 - 0:00:41 - At 23-th epoch with lr 0.000144.
INFO - 01/27/26 10:12:59 - 0:00:42 - Running average train loss is 0.9675635409355163 at epoch 23
INFO - 01/27/26 10:12:59 - 0:00:42 - At 24-th epoch with lr 0.000150.
INFO - 01/27/26 10:13:00 - 0:00:44 - Running average train loss is 0.942912220954895 at epoch 24
INFO - 01/27/26 10:13:00 - 0:00:44 - At 25-th epoch with lr 0.000156.
INFO - 01/27/26 10:13:02 - 0:00:46 - Running average train loss is 0.9228959989547729 at epoch 25
INFO - 01/27/26 10:13:02 - 0:00:46 - At 26-th epoch with lr 0.000163.
INFO - 01/27/26 10:13:03 - 0:00:47 - Running average train loss is 0.9013457226753235 at epoch 26
INFO - 01/27/26 10:13:03 - 0:00:47 - At 27-th epoch with lr 0.000169.
INFO - 01/27/26 10:13:05 - 0:00:49 - Running average train loss is 0.8838505148887634 at epoch 27
INFO - 01/27/26 10:13:05 - 0:00:49 - At 28-th epoch with lr 0.000175.
INFO - 01/27/26 10:13:06 - 0:00:50 - Running average train loss is 0.8660785531997681 at epoch 28
INFO - 01/27/26 10:13:06 - 0:00:50 - At 29-th epoch with lr 0.000181.
INFO - 01/27/26 10:13:08 - 0:00:52 - Running average train loss is 0.8534166383743286 at epoch 29
INFO - 01/27/26 10:13:08 - 0:00:52 - At 30-th epoch with lr 0.000188.
INFO - 01/27/26 10:13:09 - 0:00:53 - Running average train loss is 0.8366220235824585 at epoch 30
INFO - 01/27/26 10:13:09 - 0:00:53 - At 31-th epoch with lr 0.000194.
INFO - 01/27/26 10:13:11 - 0:00:55 - Running average train loss is 0.8248536944389343 at epoch 31
INFO - 01/27/26 10:13:11 - 0:00:55 - At 32-th epoch with lr 0.000200.
INFO - 01/27/26 10:13:12 - 0:00:56 - Running average train loss is 0.8112948250770569 at epoch 32
INFO - 01/27/26 10:13:12 - 0:00:56 - Average dev loss is 0.7954005599021912 at epoch 32
INFO - 01/27/26 10:13:13 - 0:00:57 - dev accuracy is 86.9 at epoch 32
INFO - 01/27/26 10:13:13 - 0:00:57 - dev average edit distance is 0.25 at epoch 32
INFO - 01/27/26 10:13:13 - 0:00:57 - At 33-th epoch with lr 0.000206.
INFO - 01/27/26 10:13:15 - 0:00:58 - Running average train loss is 0.8004952883720398 at epoch 33
INFO - 01/27/26 10:13:15 - 0:00:58 - At 34-th epoch with lr 0.000212.
INFO - 01/27/26 10:13:16 - 0:01:00 - Running average train loss is 0.7920239019393921 at epoch 34
INFO - 01/27/26 10:13:16 - 0:01:00 - At 35-th epoch with lr 0.000219.
INFO - 01/27/26 10:13:18 - 0:01:01 - Running average train loss is 0.7804248046875 at epoch 35
INFO - 01/27/26 10:13:18 - 0:01:01 - At 36-th epoch with lr 0.000225.
INFO - 01/27/26 10:13:19 - 0:01:03 - Running average train loss is 0.7731891965866089 at epoch 36
INFO - 01/27/26 10:13:19 - 0:01:03 - At 37-th epoch with lr 0.000231.
INFO - 01/27/26 10:13:21 - 0:01:04 - Running average train loss is 0.765362000465393 at epoch 37
INFO - 01/27/26 10:13:21 - 0:01:04 - At 38-th epoch with lr 0.000237.
INFO - 01/27/26 10:13:22 - 0:01:06 - Running average train loss is 0.7589863681793213 at epoch 38
INFO - 01/27/26 10:13:22 - 0:01:06 - At 39-th epoch with lr 0.000244.
INFO - 01/27/26 10:13:24 - 0:01:07 - Running average train loss is 0.7529046368598938 at epoch 39
INFO - 01/27/26 10:13:24 - 0:01:07 - At 40-th epoch with lr 0.000250.
INFO - 01/27/26 10:13:25 - 0:01:09 - Running average train loss is 0.747550482749939 at epoch 40
INFO - 01/27/26 10:13:25 - 0:01:09 - At 41-th epoch with lr 0.000256.
INFO - 01/27/26 10:13:27 - 0:01:11 - Running average train loss is 0.7412250280380249 at epoch 41
INFO - 01/27/26 10:13:27 - 0:01:11 - At 42-th epoch with lr 0.000263.
INFO - 01/27/26 10:13:28 - 0:01:12 - Running average train loss is 0.7364600777626038 at epoch 42
INFO - 01/27/26 10:13:28 - 0:01:12 - At 43-th epoch with lr 0.000269.
INFO - 01/27/26 10:13:30 - 0:01:14 - Running average train loss is 0.7315472149848938 at epoch 43
INFO - 01/27/26 10:13:30 - 0:01:14 - At 44-th epoch with lr 0.000275.
INFO - 01/27/26 10:13:31 - 0:01:15 - Running average train loss is 0.7286762452125549 at epoch 44
INFO - 01/27/26 10:13:31 - 0:01:15 - At 45-th epoch with lr 0.000281.
INFO - 01/27/26 10:13:33 - 0:01:17 - Running average train loss is 0.7247725486755371 at epoch 45
INFO - 01/27/26 10:13:33 - 0:01:17 - At 46-th epoch with lr 0.000287.
INFO - 01/27/26 10:13:34 - 0:01:18 - Running average train loss is 0.7215021872520446 at epoch 46
INFO - 01/27/26 10:13:34 - 0:01:18 - At 47-th epoch with lr 0.000294.
INFO - 01/27/26 10:13:36 - 0:01:20 - Running average train loss is 0.7193929576873779 at epoch 47
INFO - 01/27/26 10:13:36 - 0:01:20 - At 48-th epoch with lr 0.000300.
INFO - 01/27/26 10:13:37 - 0:01:21 - Running average train loss is 0.7159567618370056 at epoch 48
INFO - 01/27/26 10:13:38 - 0:01:21 - Average dev loss is 0.7206164797147115 at epoch 48
INFO - 01/27/26 10:13:38 - 0:01:22 - dev accuracy is 96.8 at epoch 48
INFO - 01/27/26 10:13:38 - 0:01:22 - dev average edit distance is 0.049 at epoch 48
INFO - 01/27/26 10:13:38 - 0:01:22 - At 49-th epoch with lr 0.000306.
INFO - 01/27/26 10:13:40 - 0:01:23 - Running average train loss is 0.7132722330093384 at epoch 49
INFO - 01/27/26 10:13:40 - 0:01:23 - At 50-th epoch with lr 0.000313.
INFO - 01/27/26 10:13:41 - 0:01:25 - Running average train loss is 0.71112961769104 at epoch 50
INFO - 01/27/26 10:13:41 - 0:01:25 - At 51-th epoch with lr 0.000319.
INFO - 01/27/26 10:13:43 - 0:01:26 - Running average train loss is 0.7083677244186402 at epoch 51
INFO - 01/27/26 10:13:43 - 0:01:26 - At 52-th epoch with lr 0.000325.
INFO - 01/27/26 10:13:44 - 0:01:28 - Running average train loss is 0.7057373142242431 at epoch 52
INFO - 01/27/26 10:13:44 - 0:01:28 - At 53-th epoch with lr 0.000331.
INFO - 01/27/26 10:13:46 - 0:01:29 - Running average train loss is 0.704902331829071 at epoch 53
INFO - 01/27/26 10:13:46 - 0:01:29 - At 54-th epoch with lr 0.000338.
INFO - 01/27/26 10:13:47 - 0:01:31 - Running average train loss is 0.7025529956817627 at epoch 54
INFO - 01/27/26 10:13:47 - 0:01:31 - At 55-th epoch with lr 0.000344.
INFO - 01/27/26 10:13:49 - 0:01:32 - Running average train loss is 0.7015126132965088 at epoch 55
INFO - 01/27/26 10:13:49 - 0:01:32 - At 56-th epoch with lr 0.000350.
INFO - 01/27/26 10:13:50 - 0:01:34 - Running average train loss is 0.7000099039077758 at epoch 56
INFO - 01/27/26 10:13:50 - 0:01:34 - At 57-th epoch with lr 0.000356.
INFO - 01/27/26 10:13:52 - 0:01:36 - Running average train loss is 0.6976415061950684 at epoch 57
INFO - 01/27/26 10:13:52 - 0:01:36 - At 58-th epoch with lr 0.000362.
INFO - 01/27/26 10:13:53 - 0:01:37 - Running average train loss is 0.6969138026237488 at epoch 58
INFO - 01/27/26 10:13:53 - 0:01:37 - At 59-th epoch with lr 0.000369.
INFO - 01/27/26 10:13:55 - 0:01:39 - Running average train loss is 0.6962404417991638 at epoch 59
INFO - 01/27/26 10:13:55 - 0:01:39 - At 60-th epoch with lr 0.000375.
INFO - 01/27/26 10:13:56 - 0:01:40 - Running average train loss is 0.693732647895813 at epoch 60
INFO - 01/27/26 10:13:56 - 0:01:40 - At 61-th epoch with lr 0.000381.
INFO - 01/27/26 10:13:58 - 0:01:42 - Running average train loss is 0.6924475574493408 at epoch 61
INFO - 01/27/26 10:13:58 - 0:01:42 - At 62-th epoch with lr 0.000388.
INFO - 01/27/26 10:13:59 - 0:01:43 - Running average train loss is 0.692225546836853 at epoch 62
INFO - 01/27/26 10:13:59 - 0:01:43 - At 63-th epoch with lr 0.000394.
INFO - 01/27/26 10:14:01 - 0:01:45 - Running average train loss is 0.6912071061134338 at epoch 63
INFO - 01/27/26 10:14:01 - 0:01:45 - At 64-th epoch with lr 0.000400.
INFO - 01/27/26 10:14:02 - 0:01:46 - Running average train loss is 0.6897852683067321 at epoch 64
INFO - 01/27/26 10:14:02 - 0:01:46 - Average dev loss is 0.7023534377415975 at epoch 64
INFO - 01/27/26 10:14:03 - 0:01:47 - dev accuracy is 97.1 at epoch 64
INFO - 01/27/26 10:14:03 - 0:01:47 - dev average edit distance is 0.05 at epoch 64
INFO - 01/27/26 10:14:03 - 0:01:47 - At 65-th epoch with lr 0.000406.
INFO - 01/27/26 10:14:05 - 0:01:48 - Running average train loss is 0.6889437842369079 at epoch 65
INFO - 01/27/26 10:14:05 - 0:01:48 - At 66-th epoch with lr 0.000412.
INFO - 01/27/26 10:14:06 - 0:01:50 - Running average train loss is 0.6886779165267944 at epoch 66
INFO - 01/27/26 10:14:06 - 0:01:50 - At 67-th epoch with lr 0.000419.
INFO - 01/27/26 10:14:08 - 0:01:52 - Running average train loss is 0.6876862192153931 at epoch 67
INFO - 01/27/26 10:14:08 - 0:01:52 - At 68-th epoch with lr 0.000425.
INFO - 01/27/26 10:14:10 - 0:01:53 - Running average train loss is 0.686534378528595 at epoch 68
INFO - 01/27/26 10:14:10 - 0:01:53 - At 69-th epoch with lr 0.000431.
INFO - 01/27/26 10:14:11 - 0:01:55 - Running average train loss is 0.6863768410682678 at epoch 69
INFO - 01/27/26 10:14:11 - 0:01:55 - At 70-th epoch with lr 0.000438.
INFO - 01/27/26 10:14:13 - 0:01:56 - Running average train loss is 0.6857466793060303 at epoch 70
INFO - 01/27/26 10:14:13 - 0:01:56 - At 71-th epoch with lr 0.000444.
INFO - 01/27/26 10:14:14 - 0:01:58 - Running average train loss is 0.6849485874176026 at epoch 71
INFO - 01/27/26 10:14:14 - 0:01:58 - At 72-th epoch with lr 0.000450.
INFO - 01/27/26 10:14:16 - 0:01:59 - Running average train loss is 0.6851359629631042 at epoch 72
INFO - 01/27/26 10:14:16 - 0:01:59 - At 73-th epoch with lr 0.000456.
INFO - 01/27/26 10:14:17 - 0:02:01 - Running average train loss is 0.6847913956642151 at epoch 73
INFO - 01/27/26 10:14:17 - 0:02:01 - At 74-th epoch with lr 0.000463.
INFO - 01/27/26 10:14:19 - 0:02:02 - Running average train loss is 0.6839828610420227 at epoch 74
INFO - 01/27/26 10:14:19 - 0:02:02 - At 75-th epoch with lr 0.000469.
INFO - 01/27/26 10:14:20 - 0:02:04 - Running average train loss is 0.6835146832466126 at epoch 75
INFO - 01/27/26 10:14:20 - 0:02:04 - At 76-th epoch with lr 0.000475.
INFO - 01/27/26 10:14:22 - 0:02:06 - Running average train loss is 0.6838142061233521 at epoch 76
INFO - 01/27/26 10:14:22 - 0:02:06 - At 77-th epoch with lr 0.000481.
INFO - 01/27/26 10:14:23 - 0:02:07 - Running average train loss is 0.6822331690788269 at epoch 77
INFO - 01/27/26 10:14:23 - 0:02:07 - At 78-th epoch with lr 0.000487.
INFO - 01/27/26 10:14:25 - 0:02:09 - Running average train loss is 0.6826249647140503 at epoch 78
INFO - 01/27/26 10:14:25 - 0:02:09 - At 79-th epoch with lr 0.000494.
INFO - 01/27/26 10:14:26 - 0:02:10 - Running average train loss is 0.6827823376655578 at epoch 79
INFO - 01/27/26 10:14:26 - 0:02:10 - At 80-th epoch with lr 0.000500.
INFO - 01/27/26 10:14:28 - 0:02:12 - Running average train loss is 0.6813891577720642 at epoch 80
INFO - 01/27/26 10:14:28 - 0:02:12 - Average dev loss is 0.7280434966087341 at epoch 80
INFO - 01/27/26 10:14:28 - 0:02:12 - dev accuracy is 94.8 at epoch 80
INFO - 01/27/26 10:14:28 - 0:02:12 - dev average edit distance is 0.118 at epoch 80
INFO - 01/27/26 10:14:28 - 0:02:12 - At 81-th epoch with lr 0.000506.
INFO - 01/27/26 10:14:30 - 0:02:14 - Running average train loss is 0.6806309056282044 at epoch 81
INFO - 01/27/26 10:14:30 - 0:02:14 - At 82-th epoch with lr 0.000512.
INFO - 01/27/26 10:14:31 - 0:02:15 - Running average train loss is 0.6810155534744262 at epoch 82
INFO - 01/27/26 10:14:31 - 0:02:15 - At 83-th epoch with lr 0.000519.
INFO - 01/27/26 10:14:33 - 0:02:17 - Running average train loss is 0.6804828357696533 at epoch 83
INFO - 01/27/26 10:14:33 - 0:02:17 - At 84-th epoch with lr 0.000525.
INFO - 01/27/26 10:14:35 - 0:02:18 - Running average train loss is 0.6804904007911682 at epoch 84
INFO - 01/27/26 10:14:35 - 0:02:18 - At 85-th epoch with lr 0.000531.
INFO - 01/27/26 10:14:36 - 0:02:20 - Running average train loss is 0.6796798324584961 at epoch 85
INFO - 01/27/26 10:14:36 - 0:02:20 - At 86-th epoch with lr 0.000538.
INFO - 01/27/26 10:14:38 - 0:02:21 - Running average train loss is 0.6793761563301086 at epoch 86
INFO - 01/27/26 10:14:38 - 0:02:21 - At 87-th epoch with lr 0.000544.
INFO - 01/27/26 10:14:39 - 0:02:23 - Running average train loss is 0.6805687522888184 at epoch 87
INFO - 01/27/26 10:14:39 - 0:02:23 - At 88-th epoch with lr 0.000550.
INFO - 01/27/26 10:14:41 - 0:02:24 - Running average train loss is 0.6818505597114562 at epoch 88
INFO - 01/27/26 10:14:41 - 0:02:24 - At 89-th epoch with lr 0.000556.
INFO - 01/27/26 10:14:42 - 0:02:26 - Running average train loss is 0.6802237653732299 at epoch 89
INFO - 01/27/26 10:14:42 - 0:02:26 - At 90-th epoch with lr 0.000563.
INFO - 01/27/26 10:14:44 - 0:02:27 - Running average train loss is 0.6792339515686036 at epoch 90
INFO - 01/27/26 10:14:44 - 0:02:27 - At 91-th epoch with lr 0.000569.
INFO - 01/27/26 10:14:45 - 0:02:29 - Running average train loss is 0.6785566854476929 at epoch 91
INFO - 01/27/26 10:14:45 - 0:02:29 - At 92-th epoch with lr 0.000575.
INFO - 01/27/26 10:14:47 - 0:02:30 - Running average train loss is 0.6767967343330383 at epoch 92
INFO - 01/27/26 10:14:47 - 0:02:30 - At 93-th epoch with lr 0.000581.
INFO - 01/27/26 10:14:48 - 0:02:32 - Running average train loss is 0.6781299424171447 at epoch 93
INFO - 01/27/26 10:14:48 - 0:02:32 - At 94-th epoch with lr 0.000588.
INFO - 01/27/26 10:14:50 - 0:02:34 - Running average train loss is 0.6773981475830078 at epoch 94
INFO - 01/27/26 10:14:50 - 0:02:34 - At 95-th epoch with lr 0.000594.
INFO - 01/27/26 10:14:51 - 0:02:35 - Running average train loss is 0.6777749109268189 at epoch 95
INFO - 01/27/26 10:14:51 - 0:02:35 - At 96-th epoch with lr 0.000600.
INFO - 01/27/26 10:14:53 - 0:02:37 - Running average train loss is 0.6775369071960449 at epoch 96
INFO - 01/27/26 10:14:53 - 0:02:37 - Average dev loss is 0.683624784151713 at epoch 96
INFO - 01/27/26 10:14:53 - 0:02:37 - dev accuracy is 98.6 at epoch 96
INFO - 01/27/26 10:14:53 - 0:02:37 - dev average edit distance is 0.02 at epoch 96
INFO - 01/27/26 10:14:53 - 0:02:37 - At 97-th epoch with lr 0.000606.
INFO - 01/27/26 10:14:55 - 0:02:39 - Running average train loss is 0.6790678572654724 at epoch 97
INFO - 01/27/26 10:14:55 - 0:02:39 - At 98-th epoch with lr 0.000613.
INFO - 01/27/26 10:14:56 - 0:02:40 - Running average train loss is 0.6789834856986999 at epoch 98
INFO - 01/27/26 10:14:56 - 0:02:40 - At 99-th epoch with lr 0.000619.
INFO - 01/27/26 10:14:58 - 0:02:42 - Running average train loss is 0.6772830677032471 at epoch 99
INFO - 01/27/26 10:14:58 - 0:02:42 - At 100-th epoch with lr 0.000625.
INFO - 01/27/26 10:14:59 - 0:02:43 - Running average train loss is 0.677197277545929 at epoch 100
INFO - 01/27/26 10:14:59 - 0:02:43 - At 101-th epoch with lr 0.000631.
INFO - 01/27/26 10:15:01 - 0:02:45 - Running average train loss is 0.6771423482894897 at epoch 101
INFO - 01/27/26 10:15:01 - 0:02:45 - At 102-th epoch with lr 0.000637.
INFO - 01/27/26 10:15:02 - 0:02:46 - Running average train loss is 0.6769171452522278 at epoch 102
INFO - 01/27/26 10:15:02 - 0:02:46 - At 103-th epoch with lr 0.000644.
INFO - 01/27/26 10:15:04 - 0:02:48 - Running average train loss is 0.6775743365287781 at epoch 103
INFO - 01/27/26 10:15:04 - 0:02:48 - At 104-th epoch with lr 0.000650.
INFO - 01/27/26 10:15:05 - 0:02:49 - Running average train loss is 0.6784144806861877 at epoch 104
INFO - 01/27/26 10:15:05 - 0:02:49 - At 105-th epoch with lr 0.000656.
INFO - 01/27/26 10:15:07 - 0:02:51 - Running average train loss is 0.6770536136627198 at epoch 105
INFO - 01/27/26 10:15:07 - 0:02:51 - At 106-th epoch with lr 0.000663.
INFO - 01/27/26 10:15:09 - 0:02:52 - Running average train loss is 0.6765635800361633 at epoch 106
INFO - 01/27/26 10:15:09 - 0:02:52 - At 107-th epoch with lr 0.000669.
INFO - 01/27/26 10:15:10 - 0:02:54 - Running average train loss is 0.6784952235221863 at epoch 107
INFO - 01/27/26 10:15:10 - 0:02:54 - At 108-th epoch with lr 0.000675.
INFO - 01/27/26 10:15:12 - 0:02:55 - Running average train loss is 0.6772318840026855 at epoch 108
INFO - 01/27/26 10:15:12 - 0:02:55 - At 109-th epoch with lr 0.000681.
INFO - 01/27/26 10:15:13 - 0:02:57 - Running average train loss is 0.6760546278953552 at epoch 109
INFO - 01/27/26 10:15:13 - 0:02:57 - At 110-th epoch with lr 0.000687.
INFO - 01/27/26 10:15:15 - 0:02:58 - Running average train loss is 0.6760681867599487 at epoch 110
INFO - 01/27/26 10:15:15 - 0:02:58 - At 111-th epoch with lr 0.000694.
INFO - 01/27/26 10:15:16 - 0:03:00 - Running average train loss is 0.677237868309021 at epoch 111
INFO - 01/27/26 10:15:16 - 0:03:00 - At 112-th epoch with lr 0.000700.
INFO - 01/27/26 10:15:18 - 0:03:01 - Running average train loss is 0.6758415961265564 at epoch 112
INFO - 01/27/26 10:15:18 - 0:03:01 - Average dev loss is 0.6838930447896322 at epoch 112
INFO - 01/27/26 10:15:18 - 0:03:02 - dev accuracy is 99.1 at epoch 112
INFO - 01/27/26 10:15:18 - 0:03:02 - dev average edit distance is 0.013 at epoch 112
INFO - 01/27/26 10:15:18 - 0:03:02 - At 113-th epoch with lr 0.000706.
INFO - 01/27/26 10:15:20 - 0:03:03 - Running average train loss is 0.676243736743927 at epoch 113
INFO - 01/27/26 10:15:20 - 0:03:03 - At 114-th epoch with lr 0.000713.
INFO - 01/27/26 10:15:21 - 0:03:05 - Running average train loss is 0.6760727262496948 at epoch 114
INFO - 01/27/26 10:15:21 - 0:03:05 - At 115-th epoch with lr 0.000719.
INFO - 01/27/26 10:15:23 - 0:03:06 - Running average train loss is 0.6755073046684266 at epoch 115
INFO - 01/27/26 10:15:23 - 0:03:06 - At 116-th epoch with lr 0.000725.
INFO - 01/27/26 10:15:24 - 0:03:08 - Running average train loss is 0.6762573480606079 at epoch 116
INFO - 01/27/26 10:15:24 - 0:03:08 - At 117-th epoch with lr 0.000731.
INFO - 01/27/26 10:15:26 - 0:03:10 - Running average train loss is 0.6777522945404053 at epoch 117
INFO - 01/27/26 10:15:26 - 0:03:10 - At 118-th epoch with lr 0.000738.
INFO - 01/27/26 10:15:27 - 0:03:11 - Running average train loss is 0.6765340566635132 at epoch 118
INFO - 01/27/26 10:15:27 - 0:03:11 - At 119-th epoch with lr 0.000744.
INFO - 01/27/26 10:15:29 - 0:03:13 - Running average train loss is 0.6762473034858704 at epoch 119
INFO - 01/27/26 10:15:29 - 0:03:13 - At 120-th epoch with lr 0.000750.
INFO - 01/27/26 10:15:30 - 0:03:14 - Running average train loss is 0.6761047387123108 at epoch 120
INFO - 01/27/26 10:15:30 - 0:03:14 - At 121-th epoch with lr 0.000756.
INFO - 01/27/26 10:15:32 - 0:03:16 - Running average train loss is 0.6766873741149902 at epoch 121
INFO - 01/27/26 10:15:32 - 0:03:16 - At 122-th epoch with lr 0.000762.
INFO - 01/27/26 10:15:33 - 0:03:17 - Running average train loss is 0.6766032075881958 at epoch 122
INFO - 01/27/26 10:15:33 - 0:03:17 - At 123-th epoch with lr 0.000769.
INFO - 01/27/26 10:15:35 - 0:03:19 - Running average train loss is 0.6770344233512878 at epoch 123
INFO - 01/27/26 10:15:35 - 0:03:19 - At 124-th epoch with lr 0.000775.
INFO - 01/27/26 10:15:36 - 0:03:20 - Running average train loss is 0.6759053874015808 at epoch 124
INFO - 01/27/26 10:15:36 - 0:03:20 - At 125-th epoch with lr 0.000781.
INFO - 01/27/26 10:15:38 - 0:03:22 - Running average train loss is 0.6755580163002014 at epoch 125
INFO - 01/27/26 10:15:38 - 0:03:22 - At 126-th epoch with lr 0.000788.
INFO - 01/27/26 10:15:40 - 0:03:23 - Running average train loss is 0.6765367841720581 at epoch 126
INFO - 01/27/26 10:15:40 - 0:03:23 - At 127-th epoch with lr 0.000794.
INFO - 01/27/26 10:15:41 - 0:03:25 - Running average train loss is 0.6770938563346863 at epoch 127
INFO - 01/27/26 10:15:41 - 0:03:25 - At 128-th epoch with lr 0.000800.
INFO - 01/27/26 10:15:43 - 0:03:26 - Running average train loss is 0.6759149432182312 at epoch 128
INFO - 01/27/26 10:15:43 - 0:03:26 - Average dev loss is 0.6838225324948629 at epoch 128
INFO - 01/27/26 10:15:43 - 0:03:27 - dev accuracy is 99.4 at epoch 128
INFO - 01/27/26 10:15:43 - 0:03:27 - dev average edit distance is 0.008 at epoch 128
INFO - 01/27/26 10:15:43 - 0:03:27 - At 129-th epoch with lr 0.000806.
INFO - 01/27/26 10:15:45 - 0:03:28 - Running average train loss is 0.6765408182144165 at epoch 129
INFO - 01/27/26 10:15:45 - 0:03:28 - At 130-th epoch with lr 0.000813.
INFO - 01/27/26 10:15:46 - 0:03:30 - Running average train loss is 0.6758635258674621 at epoch 130
INFO - 01/27/26 10:15:46 - 0:03:30 - At 131-th epoch with lr 0.000819.
INFO - 01/27/26 10:15:48 - 0:03:32 - Running average train loss is 0.6756961417198181 at epoch 131
INFO - 01/27/26 10:15:48 - 0:03:32 - At 132-th epoch with lr 0.000825.
INFO - 01/27/26 10:15:49 - 0:03:33 - Running average train loss is 0.6764986658096314 at epoch 132
INFO - 01/27/26 10:15:49 - 0:03:33 - At 133-th epoch with lr 0.000831.
INFO - 01/27/26 10:15:51 - 0:03:35 - Running average train loss is 0.6763506436347961 at epoch 133
INFO - 01/27/26 10:15:51 - 0:03:35 - At 134-th epoch with lr 0.000838.
INFO - 01/27/26 10:15:52 - 0:03:36 - Running average train loss is 0.6766424131393433 at epoch 134
INFO - 01/27/26 10:15:52 - 0:03:36 - At 135-th epoch with lr 0.000844.
INFO - 01/27/26 10:15:54 - 0:03:38 - Running average train loss is 0.6769234204292297 at epoch 135
INFO - 01/27/26 10:15:54 - 0:03:38 - At 136-th epoch with lr 0.000850.
INFO - 01/27/26 10:15:55 - 0:03:39 - Running average train loss is 0.6763909268379211 at epoch 136
INFO - 01/27/26 10:15:55 - 0:03:39 - At 137-th epoch with lr 0.000856.
INFO - 01/27/26 10:15:57 - 0:03:41 - Running average train loss is 0.6764443087577819 at epoch 137
INFO - 01/27/26 10:15:57 - 0:03:41 - At 138-th epoch with lr 0.000863.
INFO - 01/27/26 10:15:58 - 0:03:42 - Running average train loss is 0.6760988402366638 at epoch 138
INFO - 01/27/26 10:15:58 - 0:03:42 - At 139-th epoch with lr 0.000869.
INFO - 01/27/26 10:16:00 - 0:03:44 - Running average train loss is 0.6770347118377685 at epoch 139
INFO - 01/27/26 10:16:00 - 0:03:44 - At 140-th epoch with lr 0.000875.
INFO - 01/27/26 10:16:02 - 0:03:45 - Running average train loss is 0.6763669633865357 at epoch 140
INFO - 01/27/26 10:16:02 - 0:03:45 - At 141-th epoch with lr 0.000881.
INFO - 01/27/26 10:16:03 - 0:03:47 - Running average train loss is 0.6767962193489074 at epoch 141
INFO - 01/27/26 10:16:03 - 0:03:47 - At 142-th epoch with lr 0.000887.
INFO - 01/27/26 10:16:05 - 0:03:48 - Running average train loss is 0.6763786053657532 at epoch 142
INFO - 01/27/26 10:16:05 - 0:03:48 - At 143-th epoch with lr 0.000894.
INFO - 01/27/26 10:16:06 - 0:03:50 - Running average train loss is 0.6763524746894837 at epoch 143
INFO - 01/27/26 10:16:06 - 0:03:50 - At 144-th epoch with lr 0.000900.
INFO - 01/27/26 10:16:08 - 0:03:51 - Running average train loss is 0.677116847038269 at epoch 144
INFO - 01/27/26 10:16:08 - 0:03:51 - Average dev loss is 0.7186041076978048 at epoch 144
INFO - 01/27/26 10:16:08 - 0:03:52 - dev accuracy is 95.4 at epoch 144
INFO - 01/27/26 10:16:08 - 0:03:52 - dev average edit distance is 0.107 at epoch 144
INFO - 01/27/26 10:16:08 - 0:03:52 - At 145-th epoch with lr 0.000906.
INFO - 01/27/26 10:16:10 - 0:03:53 - Running average train loss is 0.6760181879997254 at epoch 145
INFO - 01/27/26 10:16:10 - 0:03:53 - At 146-th epoch with lr 0.000913.
INFO - 01/27/26 10:16:11 - 0:03:55 - Running average train loss is 0.6773944664001464 at epoch 146
INFO - 01/27/26 10:16:11 - 0:03:55 - At 147-th epoch with lr 0.000919.
INFO - 01/27/26 10:16:13 - 0:03:57 - Running average train loss is 0.6784112572669982 at epoch 147
INFO - 01/27/26 10:16:13 - 0:03:57 - At 148-th epoch with lr 0.000925.
INFO - 01/27/26 10:16:14 - 0:03:58 - Running average train loss is 0.6765989279747009 at epoch 148
INFO - 01/27/26 10:16:14 - 0:03:58 - At 149-th epoch with lr 0.000931.
INFO - 01/27/26 10:16:16 - 0:04:00 - Running average train loss is 0.6756456327438355 at epoch 149
INFO - 01/27/26 10:16:16 - 0:04:00 - At 150-th epoch with lr 0.000937.
INFO - 01/27/26 10:16:17 - 0:04:01 - Running average train loss is 0.6762103319168091 at epoch 150
INFO - 01/27/26 10:16:17 - 0:04:01 - At 151-th epoch with lr 0.000944.
INFO - 01/27/26 10:16:19 - 0:04:03 - Running average train loss is 0.674888973236084 at epoch 151
INFO - 01/27/26 10:16:19 - 0:04:03 - At 152-th epoch with lr 0.000950.
INFO - 01/27/26 10:16:20 - 0:04:04 - Running average train loss is 0.6745668148994446 at epoch 152
INFO - 01/27/26 10:16:20 - 0:04:04 - At 153-th epoch with lr 0.000956.
INFO - 01/27/26 10:16:22 - 0:04:06 - Running average train loss is 0.6780315136909485 at epoch 153
INFO - 01/27/26 10:16:22 - 0:04:06 - At 154-th epoch with lr 0.000963.
INFO - 01/27/26 10:16:23 - 0:04:07 - Running average train loss is 0.6770713758468628 at epoch 154
INFO - 01/27/26 10:16:23 - 0:04:07 - At 155-th epoch with lr 0.000969.
INFO - 01/27/26 10:16:25 - 0:04:09 - Running average train loss is 0.6759713554382324 at epoch 155
INFO - 01/27/26 10:16:25 - 0:04:09 - At 156-th epoch with lr 0.000975.
INFO - 01/27/26 10:16:26 - 0:04:10 - Running average train loss is 0.6771685934066772 at epoch 156
INFO - 01/27/26 10:16:26 - 0:04:10 - At 157-th epoch with lr 0.000981.
INFO - 01/27/26 10:16:28 - 0:04:12 - Running average train loss is 0.6781458377838134 at epoch 157
INFO - 01/27/26 10:16:28 - 0:04:12 - At 158-th epoch with lr 0.000988.
INFO - 01/27/26 10:16:30 - 0:04:13 - Running average train loss is 0.6783807301521301 at epoch 158
INFO - 01/27/26 10:16:30 - 0:04:13 - At 159-th epoch with lr 0.000994.
INFO - 01/27/26 10:16:31 - 0:04:15 - Running average train loss is 0.6763818168640137 at epoch 159
INFO - 01/27/26 10:16:31 - 0:04:15 - At 160-th epoch with lr 0.001000.
INFO - 01/27/26 10:16:33 - 0:04:16 - Running average train loss is 0.6768178343772888 at epoch 160
INFO - 01/27/26 10:16:33 - 0:04:16 - Average dev loss is 0.6868186195691427 at epoch 160
INFO - 01/27/26 10:16:33 - 0:04:17 - dev accuracy is 99.0 at epoch 160
INFO - 01/27/26 10:16:33 - 0:04:17 - dev average edit distance is 0.015 at epoch 160
INFO - 01/27/26 10:16:33 - 0:04:17 - At 161-th epoch with lr 0.000997.
INFO - 01/27/26 10:16:35 - 0:04:19 - Running average train loss is 0.6767937684059143 at epoch 161
INFO - 01/27/26 10:16:35 - 0:04:19 - At 162-th epoch with lr 0.000994.
INFO - 01/27/26 10:16:36 - 0:04:20 - Running average train loss is 0.6751960301399231 at epoch 162
INFO - 01/27/26 10:16:36 - 0:04:20 - At 163-th epoch with lr 0.000991.
INFO - 01/27/26 10:16:38 - 0:04:22 - Running average train loss is 0.6770199155807495 at epoch 163
INFO - 01/27/26 10:16:38 - 0:04:22 - At 164-th epoch with lr 0.000988.
INFO - 01/27/26 10:16:39 - 0:04:23 - Running average train loss is 0.6789323520660401 at epoch 164
INFO - 01/27/26 10:16:39 - 0:04:23 - At 165-th epoch with lr 0.000985.
INFO - 01/27/26 10:16:41 - 0:04:25 - Running average train loss is 0.6774652409553528 at epoch 165
INFO - 01/27/26 10:16:41 - 0:04:25 - At 166-th epoch with lr 0.000982.
INFO - 01/27/26 10:16:43 - 0:04:26 - Running average train loss is 0.676541051864624 at epoch 166
INFO - 01/27/26 10:16:43 - 0:04:26 - At 167-th epoch with lr 0.000979.
INFO - 01/27/26 10:16:44 - 0:04:28 - Running average train loss is 0.675220468044281 at epoch 167
INFO - 01/27/26 10:16:44 - 0:04:28 - At 168-th epoch with lr 0.000976.
INFO - 01/27/26 10:16:46 - 0:04:30 - Running average train loss is 0.6758864092826843 at epoch 168
INFO - 01/27/26 10:16:46 - 0:04:30 - At 169-th epoch with lr 0.000973.
INFO - 01/27/26 10:16:47 - 0:04:31 - Running average train loss is 0.6752661681175232 at epoch 169
INFO - 01/27/26 10:16:47 - 0:04:31 - At 170-th epoch with lr 0.000970.
INFO - 01/27/26 10:16:49 - 0:04:33 - Running average train loss is 0.6768269991874695 at epoch 170
INFO - 01/27/26 10:16:49 - 0:04:33 - At 171-th epoch with lr 0.000967.
INFO - 01/27/26 10:16:50 - 0:04:34 - Running average train loss is 0.6761091661453247 at epoch 171
INFO - 01/27/26 10:16:50 - 0:04:34 - At 172-th epoch with lr 0.000964.
INFO - 01/27/26 10:16:52 - 0:04:36 - Running average train loss is 0.6767036008834839 at epoch 172
INFO - 01/27/26 10:16:52 - 0:04:36 - At 173-th epoch with lr 0.000962.
INFO - 01/27/26 10:16:54 - 0:04:37 - Running average train loss is 0.6745781660079956 at epoch 173
INFO - 01/27/26 10:16:54 - 0:04:37 - At 174-th epoch with lr 0.000959.
INFO - 01/27/26 10:16:55 - 0:04:39 - Running average train loss is 0.6746278095245362 at epoch 174
INFO - 01/27/26 10:16:55 - 0:04:39 - At 175-th epoch with lr 0.000956.
INFO - 01/27/26 10:16:57 - 0:04:40 - Running average train loss is 0.6753677892684936 at epoch 175
INFO - 01/27/26 10:16:57 - 0:04:40 - At 176-th epoch with lr 0.000953.
INFO - 01/27/26 10:16:58 - 0:04:42 - Running average train loss is 0.6750870227813721 at epoch 176
INFO - 01/27/26 10:16:58 - 0:04:42 - Average dev loss is 0.6865876913070679 at epoch 176
INFO - 01/27/26 10:16:59 - 0:04:42 - dev accuracy is 98.6 at epoch 176
INFO - 01/27/26 10:16:59 - 0:04:42 - dev average edit distance is 0.027 at epoch 176
INFO - 01/27/26 10:16:59 - 0:04:42 - At 177-th epoch with lr 0.000951.
INFO - 01/27/26 10:17:00 - 0:04:44 - Running average train loss is 0.6751685523986817 at epoch 177
INFO - 01/27/26 10:17:00 - 0:04:44 - At 178-th epoch with lr 0.000948.
INFO - 01/27/26 10:17:02 - 0:04:45 - Running average train loss is 0.6746611499786377 at epoch 178
INFO - 01/27/26 10:17:02 - 0:04:45 - At 179-th epoch with lr 0.000945.
INFO - 01/27/26 10:17:03 - 0:04:47 - Running average train loss is 0.6740134191513062 at epoch 179
INFO - 01/27/26 10:17:03 - 0:04:47 - At 180-th epoch with lr 0.000943.
INFO - 01/27/26 10:17:05 - 0:04:49 - Running average train loss is 0.6765275692939758 at epoch 180
INFO - 01/27/26 10:17:05 - 0:04:49 - At 181-th epoch with lr 0.000940.
INFO - 01/27/26 10:17:06 - 0:04:50 - Running average train loss is 0.6758043456077576 at epoch 181
INFO - 01/27/26 10:17:06 - 0:04:50 - At 182-th epoch with lr 0.000938.
INFO - 01/27/26 10:17:08 - 0:04:52 - Running average train loss is 0.6736809825897216 at epoch 182
INFO - 01/27/26 10:17:08 - 0:04:52 - At 183-th epoch with lr 0.000935.
INFO - 01/27/26 10:17:09 - 0:04:53 - Running average train loss is 0.6734350490570068 at epoch 183
INFO - 01/27/26 10:17:09 - 0:04:53 - At 184-th epoch with lr 0.000933.
INFO - 01/27/26 10:17:11 - 0:04:55 - Running average train loss is 0.6735940313339234 at epoch 184
INFO - 01/27/26 10:17:11 - 0:04:55 - At 185-th epoch with lr 0.000930.
INFO - 01/27/26 10:17:12 - 0:04:56 - Running average train loss is 0.6743220496177673 at epoch 185
INFO - 01/27/26 10:17:12 - 0:04:56 - At 186-th epoch with lr 0.000927.
INFO - 01/27/26 10:17:14 - 0:04:58 - Running average train loss is 0.6743145942687988 at epoch 186
INFO - 01/27/26 10:17:14 - 0:04:58 - At 187-th epoch with lr 0.000925.
INFO - 01/27/26 10:17:15 - 0:04:59 - Running average train loss is 0.6749213576316834 at epoch 187
INFO - 01/27/26 10:17:15 - 0:04:59 - At 188-th epoch with lr 0.000923.
INFO - 01/27/26 10:17:17 - 0:05:01 - Running average train loss is 0.6751341843605041 at epoch 188
INFO - 01/27/26 10:17:17 - 0:05:01 - At 189-th epoch with lr 0.000920.
INFO - 01/27/26 10:17:19 - 0:05:02 - Running average train loss is 0.6731249618530274 at epoch 189
INFO - 01/27/26 10:17:19 - 0:05:02 - At 190-th epoch with lr 0.000918.
INFO - 01/27/26 10:17:20 - 0:05:04 - Running average train loss is 0.6736521697044373 at epoch 190
INFO - 01/27/26 10:17:20 - 0:05:04 - At 191-th epoch with lr 0.000915.
INFO - 01/27/26 10:17:22 - 0:05:05 - Running average train loss is 0.6742566466331482 at epoch 191
INFO - 01/27/26 10:17:22 - 0:05:05 - At 192-th epoch with lr 0.000913.
INFO - 01/27/26 10:17:23 - 0:05:07 - Running average train loss is 0.6745599961280823 at epoch 192
INFO - 01/27/26 10:17:23 - 0:05:07 - Average dev loss is 0.6865507165590922 at epoch 192
INFO - 01/27/26 10:17:24 - 0:05:07 - dev accuracy is 98.6 at epoch 192
INFO - 01/27/26 10:17:24 - 0:05:07 - dev average edit distance is 0.02 at epoch 192
INFO - 01/27/26 10:17:24 - 0:05:07 - At 193-th epoch with lr 0.000911.
INFO - 01/27/26 10:17:25 - 0:05:09 - Running average train loss is 0.6735271430015564 at epoch 193
INFO - 01/27/26 10:17:25 - 0:05:09 - At 194-th epoch with lr 0.000908.
INFO - 01/27/26 10:17:27 - 0:05:11 - Running average train loss is 0.6733499193191528 at epoch 194
INFO - 01/27/26 10:17:27 - 0:05:11 - At 195-th epoch with lr 0.000906.
INFO - 01/27/26 10:17:28 - 0:05:12 - Running average train loss is 0.6731546688079834 at epoch 195
INFO - 01/27/26 10:17:28 - 0:05:12 - At 196-th epoch with lr 0.000904.
INFO - 01/27/26 10:17:30 - 0:05:14 - Running average train loss is 0.6738694906234741 at epoch 196
INFO - 01/27/26 10:17:30 - 0:05:14 - At 197-th epoch with lr 0.000901.
INFO - 01/27/26 10:17:31 - 0:05:15 - Running average train loss is 0.6746853876113892 at epoch 197
INFO - 01/27/26 10:17:31 - 0:05:15 - At 198-th epoch with lr 0.000899.
INFO - 01/27/26 10:17:33 - 0:05:17 - Running average train loss is 0.6729677224159241 at epoch 198
INFO - 01/27/26 10:17:33 - 0:05:17 - At 199-th epoch with lr 0.000897.
INFO - 01/27/26 10:17:34 - 0:05:18 - Running average train loss is 0.6738613510131836 at epoch 199
INFO - 01/27/26 10:17:34 - 0:05:18 - At 200-th epoch with lr 0.000894.
INFO - 01/27/26 10:17:36 - 0:05:20 - Running average train loss is 0.6754140782356263 at epoch 200
INFO - 01/27/26 10:17:36 - 0:05:20 - At 201-th epoch with lr 0.000892.
INFO - 01/27/26 10:17:37 - 0:05:21 - Running average train loss is 0.6738087511062623 at epoch 201
INFO - 01/27/26 10:17:37 - 0:05:21 - At 202-th epoch with lr 0.000890.
INFO - 01/27/26 10:17:39 - 0:05:23 - Running average train loss is 0.6738174176216125 at epoch 202
INFO - 01/27/26 10:17:39 - 0:05:23 - At 203-th epoch with lr 0.000888.
INFO - 01/27/26 10:17:40 - 0:05:24 - Running average train loss is 0.6732797408103943 at epoch 203
INFO - 01/27/26 10:17:40 - 0:05:24 - At 204-th epoch with lr 0.000886.
INFO - 01/27/26 10:17:42 - 0:05:26 - Running average train loss is 0.674521713256836 at epoch 204
INFO - 01/27/26 10:17:42 - 0:05:26 - At 205-th epoch with lr 0.000883.
INFO - 01/27/26 10:17:44 - 0:05:27 - Running average train loss is 0.6744006657600403 at epoch 205
INFO - 01/27/26 10:17:44 - 0:05:27 - At 206-th epoch with lr 0.000881.
INFO - 01/27/26 10:17:45 - 0:05:29 - Running average train loss is 0.6742699623107911 at epoch 206
INFO - 01/27/26 10:17:45 - 0:05:29 - At 207-th epoch with lr 0.000879.
INFO - 01/27/26 10:17:47 - 0:05:30 - Running average train loss is 0.6723944282531739 at epoch 207
INFO - 01/27/26 10:17:47 - 0:05:30 - At 208-th epoch with lr 0.000877.
INFO - 01/27/26 10:17:48 - 0:05:32 - Running average train loss is 0.6726947951316834 at epoch 208
INFO - 01/27/26 10:17:48 - 0:05:32 - Average dev loss is 0.6855431199073792 at epoch 208
INFO - 01/27/26 10:17:49 - 0:05:32 - dev accuracy is 99.3 at epoch 208
INFO - 01/27/26 10:17:49 - 0:05:32 - dev average edit distance is 0.011 at epoch 208
INFO - 01/27/26 10:17:49 - 0:05:32 - At 209-th epoch with lr 0.000875.
INFO - 01/27/26 10:17:50 - 0:05:34 - Running average train loss is 0.6740489912033081 at epoch 209
INFO - 01/27/26 10:17:50 - 0:05:34 - At 210-th epoch with lr 0.000873.
INFO - 01/27/26 10:17:52 - 0:05:35 - Running average train loss is 0.6739897298812866 at epoch 210
INFO - 01/27/26 10:17:52 - 0:05:35 - At 211-th epoch with lr 0.000871.
INFO - 01/27/26 10:17:53 - 0:05:37 - Running average train loss is 0.6737686967849732 at epoch 211
INFO - 01/27/26 10:17:53 - 0:05:37 - At 212-th epoch with lr 0.000869.
INFO - 01/27/26 10:17:55 - 0:05:38 - Running average train loss is 0.6732522010803222 at epoch 212
INFO - 01/27/26 10:17:55 - 0:05:38 - At 213-th epoch with lr 0.000867.
INFO - 01/27/26 10:17:56 - 0:05:40 - Running average train loss is 0.67223130941391 at epoch 213
INFO - 01/27/26 10:17:56 - 0:05:40 - At 214-th epoch with lr 0.000865.
INFO - 01/27/26 10:17:58 - 0:05:42 - Running average train loss is 0.6721140336990357 at epoch 214
INFO - 01/27/26 10:17:58 - 0:05:42 - At 215-th epoch with lr 0.000863.
INFO - 01/27/26 10:17:59 - 0:05:43 - Running average train loss is 0.6719259047508239 at epoch 215
INFO - 01/27/26 10:17:59 - 0:05:43 - At 216-th epoch with lr 0.000861.
INFO - 01/27/26 10:18:01 - 0:05:45 - Running average train loss is 0.6726875615119934 at epoch 216
INFO - 01/27/26 10:18:01 - 0:05:45 - At 217-th epoch with lr 0.000859.
INFO - 01/27/26 10:18:02 - 0:05:46 - Running average train loss is 0.6735007643699646 at epoch 217
INFO - 01/27/26 10:18:02 - 0:05:46 - At 218-th epoch with lr 0.000857.
INFO - 01/27/26 10:18:04 - 0:05:48 - Running average train loss is 0.6726194882392883 at epoch 218
INFO - 01/27/26 10:18:04 - 0:05:48 - At 219-th epoch with lr 0.000855.
INFO - 01/27/26 10:18:05 - 0:05:49 - Running average train loss is 0.672299325466156 at epoch 219
INFO - 01/27/26 10:18:05 - 0:05:49 - At 220-th epoch with lr 0.000853.
INFO - 01/27/26 10:18:07 - 0:05:51 - Running average train loss is 0.6717591094970703 at epoch 220
INFO - 01/27/26 10:18:07 - 0:05:51 - At 221-th epoch with lr 0.000851.
INFO - 01/27/26 10:18:08 - 0:05:52 - Running average train loss is 0.6730403900146484 at epoch 221
INFO - 01/27/26 10:18:08 - 0:05:52 - At 222-th epoch with lr 0.000849.
INFO - 01/27/26 10:18:10 - 0:05:54 - Running average train loss is 0.6728726315498352 at epoch 222
INFO - 01/27/26 10:18:10 - 0:05:54 - At 223-th epoch with lr 0.000847.
INFO - 01/27/26 10:18:11 - 0:05:55 - Running average train loss is 0.6711934900283814 at epoch 223
INFO - 01/27/26 10:18:11 - 0:05:55 - At 224-th epoch with lr 0.000845.
INFO - 01/27/26 10:18:13 - 0:05:57 - Running average train loss is 0.6714940524101257 at epoch 224
INFO - 01/27/26 10:18:13 - 0:05:57 - Average dev loss is 0.6836564938227335 at epoch 224
INFO - 01/27/26 10:18:13 - 0:05:57 - dev accuracy is 99.2 at epoch 224
INFO - 01/27/26 10:18:13 - 0:05:57 - dev average edit distance is 0.012 at epoch 224
INFO - 01/27/26 10:18:13 - 0:05:57 - At 225-th epoch with lr 0.000843.
INFO - 01/27/26 10:18:15 - 0:05:59 - Running average train loss is 0.6722648906707763 at epoch 225
INFO - 01/27/26 10:18:15 - 0:05:59 - At 226-th epoch with lr 0.000841.
INFO - 01/27/26 10:18:16 - 0:06:00 - Running average train loss is 0.6723915696144104 at epoch 226
INFO - 01/27/26 10:18:16 - 0:06:00 - At 227-th epoch with lr 0.000840.
INFO - 01/27/26 10:18:18 - 0:06:02 - Running average train loss is 0.6730716943740844 at epoch 227
INFO - 01/27/26 10:18:18 - 0:06:02 - At 228-th epoch with lr 0.000838.
INFO - 01/27/26 10:18:19 - 0:06:03 - Running average train loss is 0.6716411089897156 at epoch 228
INFO - 01/27/26 10:18:19 - 0:06:03 - At 229-th epoch with lr 0.000836.
INFO - 01/27/26 10:18:21 - 0:06:05 - Running average train loss is 0.672265350818634 at epoch 229
INFO - 01/27/26 10:18:21 - 0:06:05 - At 230-th epoch with lr 0.000834.
INFO - 01/27/26 10:18:23 - 0:06:06 - Running average train loss is 0.6727448511123657 at epoch 230
INFO - 01/27/26 10:18:23 - 0:06:06 - At 231-th epoch with lr 0.000832.
INFO - 01/27/26 10:18:24 - 0:06:08 - Running average train loss is 0.6718522787094117 at epoch 231
INFO - 01/27/26 10:18:24 - 0:06:08 - At 232-th epoch with lr 0.000830.
INFO - 01/27/26 10:18:26 - 0:06:09 - Running average train loss is 0.6730629301071167 at epoch 232
INFO - 01/27/26 10:18:26 - 0:06:09 - At 233-th epoch with lr 0.000829.
INFO - 01/27/26 10:18:27 - 0:06:11 - Running average train loss is 0.6718251276016235 at epoch 233
INFO - 01/27/26 10:18:27 - 0:06:11 - At 234-th epoch with lr 0.000827.
INFO - 01/27/26 10:18:29 - 0:06:12 - Running average train loss is 0.6716269207000732 at epoch 234
INFO - 01/27/26 10:18:29 - 0:06:12 - At 235-th epoch with lr 0.000825.
INFO - 01/27/26 10:18:30 - 0:06:14 - Running average train loss is 0.6713830327987671 at epoch 235
INFO - 01/27/26 10:18:30 - 0:06:14 - At 236-th epoch with lr 0.000823.
INFO - 01/27/26 10:18:32 - 0:06:15 - Running average train loss is 0.671852970123291 at epoch 236
INFO - 01/27/26 10:18:32 - 0:06:15 - At 237-th epoch with lr 0.000822.
INFO - 01/27/26 10:18:33 - 0:06:17 - Running average train loss is 0.6720506834983826 at epoch 237
INFO - 01/27/26 10:18:33 - 0:06:17 - At 238-th epoch with lr 0.000820.
INFO - 01/27/26 10:18:35 - 0:06:18 - Running average train loss is 0.6720408010482788 at epoch 238
INFO - 01/27/26 10:18:35 - 0:06:18 - At 239-th epoch with lr 0.000818.
INFO - 01/27/26 10:18:36 - 0:06:20 - Running average train loss is 0.6715944314002991 at epoch 239
INFO - 01/27/26 10:18:36 - 0:06:20 - At 240-th epoch with lr 0.000816.
INFO - 01/27/26 10:18:38 - 0:06:21 - Running average train loss is 0.6721705198287964 at epoch 240
INFO - 01/27/26 10:18:38 - 0:06:22 - Average dev loss is 0.684257964293162 at epoch 240
INFO - 01/27/26 10:18:38 - 0:06:22 - dev accuracy is 99.5 at epoch 240
INFO - 01/27/26 10:18:38 - 0:06:22 - dev average edit distance is 0.007 at epoch 240
INFO - 01/27/26 10:18:38 - 0:06:22 - At 241-th epoch with lr 0.000815.
INFO - 01/27/26 10:18:40 - 0:06:24 - Running average train loss is 0.6711693930625916 at epoch 241
INFO - 01/27/26 10:18:40 - 0:06:24 - At 242-th epoch with lr 0.000813.
INFO - 01/27/26 10:18:41 - 0:06:25 - Running average train loss is 0.6727807807922364 at epoch 242
INFO - 01/27/26 10:18:41 - 0:06:25 - At 243-th epoch with lr 0.000811.
INFO - 01/27/26 10:18:43 - 0:06:27 - Running average train loss is 0.6713120794296265 at epoch 243
INFO - 01/27/26 10:18:43 - 0:06:27 - At 244-th epoch with lr 0.000810.
INFO - 01/27/26 10:18:44 - 0:06:28 - Running average train loss is 0.6717410778999329 at epoch 244
INFO - 01/27/26 10:18:44 - 0:06:28 - At 245-th epoch with lr 0.000808.
INFO - 01/27/26 10:18:46 - 0:06:30 - Running average train loss is 0.6704782795906067 at epoch 245
INFO - 01/27/26 10:18:46 - 0:06:30 - At 246-th epoch with lr 0.000806.
INFO - 01/27/26 10:18:47 - 0:06:31 - Running average train loss is 0.6711006307601929 at epoch 246
INFO - 01/27/26 10:18:47 - 0:06:31 - At 247-th epoch with lr 0.000805.
INFO - 01/27/26 10:18:49 - 0:06:33 - Running average train loss is 0.6714492273330689 at epoch 247
INFO - 01/27/26 10:18:49 - 0:06:33 - At 248-th epoch with lr 0.000803.
INFO - 01/27/26 10:18:50 - 0:06:34 - Running average train loss is 0.6709567213058472 at epoch 248
INFO - 01/27/26 10:18:50 - 0:06:34 - At 249-th epoch with lr 0.000802.
INFO - 01/27/26 10:18:52 - 0:06:36 - Running average train loss is 0.6710483455657958 at epoch 249
INFO - 01/27/26 10:18:52 - 0:06:36 - At 250-th epoch with lr 0.000800.
INFO - 01/27/26 10:18:53 - 0:06:37 - Running average train loss is 0.6713721132278443 at epoch 250
INFO - 01/27/26 10:18:53 - 0:06:37 - At 251-th epoch with lr 0.000798.
INFO - 01/27/26 10:18:55 - 0:06:39 - Running average train loss is 0.6715831756591797 at epoch 251
INFO - 01/27/26 10:18:55 - 0:06:39 - At 252-th epoch with lr 0.000797.
INFO - 01/27/26 10:18:56 - 0:06:40 - Running average train loss is 0.671469156742096 at epoch 252
INFO - 01/27/26 10:18:56 - 0:06:40 - At 253-th epoch with lr 0.000795.
INFO - 01/27/26 10:18:58 - 0:06:42 - Running average train loss is 0.6713337016105652 at epoch 253
INFO - 01/27/26 10:18:58 - 0:06:42 - At 254-th epoch with lr 0.000794.
INFO - 01/27/26 10:18:59 - 0:06:43 - Running average train loss is 0.6713965559005737 at epoch 254
INFO - 01/27/26 10:18:59 - 0:06:43 - At 255-th epoch with lr 0.000792.
INFO - 01/27/26 10:19:01 - 0:06:45 - Running average train loss is 0.6706767868995667 at epoch 255
INFO - 01/27/26 10:19:01 - 0:06:45 - At 256-th epoch with lr 0.000791.
INFO - 01/27/26 10:19:03 - 0:06:46 - Running average train loss is 0.6704100680351257 at epoch 256
INFO - 01/27/26 10:19:03 - 0:06:46 - Average dev loss is 0.6821600000063578 at epoch 256
INFO - 01/27/26 10:19:03 - 0:06:47 - dev accuracy is 99.7 at epoch 256
INFO - 01/27/26 10:19:03 - 0:06:47 - dev average edit distance is 0.005 at epoch 256
INFO - 01/27/26 10:19:03 - 0:06:47 - At 257-th epoch with lr 0.000789.
INFO - 01/27/26 10:19:05 - 0:06:48 - Running average train loss is 0.6705913925170899 at epoch 257
INFO - 01/27/26 10:19:05 - 0:06:48 - At 258-th epoch with lr 0.000787.
INFO - 01/27/26 10:19:06 - 0:06:50 - Running average train loss is 0.6705257105827331 at epoch 258
INFO - 01/27/26 10:19:06 - 0:06:50 - At 259-th epoch with lr 0.000786.
INFO - 01/27/26 10:19:08 - 0:06:51 - Running average train loss is 0.6713766860961914 at epoch 259
INFO - 01/27/26 10:19:08 - 0:06:51 - At 260-th epoch with lr 0.000784.
INFO - 01/27/26 10:19:09 - 0:06:53 - Running average train loss is 0.6705829048156738 at epoch 260
INFO - 01/27/26 10:19:09 - 0:06:53 - At 261-th epoch with lr 0.000783.
INFO - 01/27/26 10:19:11 - 0:06:54 - Running average train loss is 0.6707641243934631 at epoch 261
INFO - 01/27/26 10:19:11 - 0:06:54 - At 262-th epoch with lr 0.000781.
INFO - 01/27/26 10:19:12 - 0:06:56 - Running average train loss is 0.6693504977226258 at epoch 262
INFO - 01/27/26 10:19:12 - 0:06:56 - At 263-th epoch with lr 0.000780.
INFO - 01/27/26 10:19:14 - 0:06:57 - Running average train loss is 0.6707181358337402 at epoch 263
INFO - 01/27/26 10:19:14 - 0:06:57 - At 264-th epoch with lr 0.000778.
INFO - 01/27/26 10:19:15 - 0:06:59 - Running average train loss is 0.6715482425689697 at epoch 264
INFO - 01/27/26 10:19:15 - 0:06:59 - At 265-th epoch with lr 0.000777.
INFO - 01/27/26 10:19:17 - 0:07:00 - Running average train loss is 0.670843825340271 at epoch 265
INFO - 01/27/26 10:19:17 - 0:07:00 - At 266-th epoch with lr 0.000776.
INFO - 01/27/26 10:19:18 - 0:07:02 - Running average train loss is 0.6716954207420349 at epoch 266
INFO - 01/27/26 10:19:18 - 0:07:02 - At 267-th epoch with lr 0.000774.
INFO - 01/27/26 10:19:20 - 0:07:03 - Running average train loss is 0.6707373952865601 at epoch 267
INFO - 01/27/26 10:19:20 - 0:07:03 - At 268-th epoch with lr 0.000773.
INFO - 01/27/26 10:19:21 - 0:07:05 - Running average train loss is 0.6712127637863159 at epoch 268
INFO - 01/27/26 10:19:21 - 0:07:05 - At 269-th epoch with lr 0.000771.
INFO - 01/27/26 10:19:23 - 0:07:07 - Running average train loss is 0.6712275052070618 at epoch 269
INFO - 01/27/26 10:19:23 - 0:07:07 - At 270-th epoch with lr 0.000770.
INFO - 01/27/26 10:19:24 - 0:07:08 - Running average train loss is 0.6699717497825622 at epoch 270
INFO - 01/27/26 10:19:24 - 0:07:08 - At 271-th epoch with lr 0.000768.
INFO - 01/27/26 10:19:26 - 0:07:10 - Running average train loss is 0.6702083134651184 at epoch 271
INFO - 01/27/26 10:19:26 - 0:07:10 - At 272-th epoch with lr 0.000767.
INFO - 01/27/26 10:19:27 - 0:07:11 - Running average train loss is 0.6696064901351929 at epoch 272
INFO - 01/27/26 10:19:27 - 0:07:11 - Average dev loss is 0.6820286909739176 at epoch 272
INFO - 01/27/26 10:19:28 - 0:07:11 - dev accuracy is 99.6 at epoch 272
INFO - 01/27/26 10:19:28 - 0:07:11 - dev average edit distance is 0.004 at epoch 272
INFO - 01/27/26 10:19:28 - 0:07:12 - At 273-th epoch with lr 0.000766.
INFO - 01/27/26 10:19:29 - 0:07:13 - Running average train loss is 0.6700694799423218 at epoch 273
INFO - 01/27/26 10:19:29 - 0:07:13 - At 274-th epoch with lr 0.000764.
INFO - 01/27/26 10:19:31 - 0:07:15 - Running average train loss is 0.6701192545890808 at epoch 274
INFO - 01/27/26 10:19:31 - 0:07:15 - At 275-th epoch with lr 0.000763.
INFO - 01/27/26 10:19:32 - 0:07:16 - Running average train loss is 0.6705070614814759 at epoch 275
INFO - 01/27/26 10:19:32 - 0:07:16 - At 276-th epoch with lr 0.000761.
INFO - 01/27/26 10:19:34 - 0:07:18 - Running average train loss is 0.6709109497070312 at epoch 276
INFO - 01/27/26 10:19:34 - 0:07:18 - At 277-th epoch with lr 0.000760.
INFO - 01/27/26 10:19:35 - 0:07:19 - Running average train loss is 0.6700325202941895 at epoch 277
INFO - 01/27/26 10:19:35 - 0:07:19 - At 278-th epoch with lr 0.000759.
INFO - 01/27/26 10:19:37 - 0:07:21 - Running average train loss is 0.6703956604003907 at epoch 278
INFO - 01/27/26 10:19:37 - 0:07:21 - At 279-th epoch with lr 0.000757.
INFO - 01/27/26 10:19:39 - 0:07:22 - Running average train loss is 0.6712076210975647 at epoch 279
INFO - 01/27/26 10:19:39 - 0:07:22 - At 280-th epoch with lr 0.000756.
INFO - 01/27/26 10:19:40 - 0:07:24 - Running average train loss is 0.6714596652984619 at epoch 280
INFO - 01/27/26 10:19:40 - 0:07:24 - At 281-th epoch with lr 0.000755.
INFO - 01/27/26 10:19:42 - 0:07:25 - Running average train loss is 0.670405559539795 at epoch 281
INFO - 01/27/26 10:19:42 - 0:07:25 - At 282-th epoch with lr 0.000753.
INFO - 01/27/26 10:19:43 - 0:07:27 - Running average train loss is 0.6698026633262635 at epoch 282
INFO - 01/27/26 10:19:43 - 0:07:27 - At 283-th epoch with lr 0.000752.
INFO - 01/27/26 10:19:45 - 0:07:28 - Running average train loss is 0.6705741024017334 at epoch 283
INFO - 01/27/26 10:19:45 - 0:07:28 - At 284-th epoch with lr 0.000751.
INFO - 01/27/26 10:19:46 - 0:07:30 - Running average train loss is 0.6695151448249816 at epoch 284
INFO - 01/27/26 10:19:46 - 0:07:30 - At 285-th epoch with lr 0.000749.
INFO - 01/27/26 10:19:48 - 0:07:31 - Running average train loss is 0.6697883915901184 at epoch 285
INFO - 01/27/26 10:19:48 - 0:07:31 - At 286-th epoch with lr 0.000748.
INFO - 01/27/26 10:19:49 - 0:07:33 - Running average train loss is 0.6696980261802673 at epoch 286
INFO - 01/27/26 10:19:49 - 0:07:33 - At 287-th epoch with lr 0.000747.
INFO - 01/27/26 10:19:51 - 0:07:35 - Running average train loss is 0.6700662803649903 at epoch 287
INFO - 01/27/26 10:19:51 - 0:07:35 - At 288-th epoch with lr 0.000745.
INFO - 01/27/26 10:19:52 - 0:07:36 - Running average train loss is 0.6704773354530335 at epoch 288
INFO - 01/27/26 10:19:52 - 0:07:36 - Average dev loss is 0.6840868790944418 at epoch 288
INFO - 01/27/26 10:19:53 - 0:07:36 - dev accuracy is 99.2 at epoch 288
INFO - 01/27/26 10:19:53 - 0:07:36 - dev average edit distance is 0.011 at epoch 288
INFO - 01/27/26 10:19:53 - 0:07:37 - At 289-th epoch with lr 0.000744.
INFO - 01/27/26 10:19:54 - 0:07:38 - Running average train loss is 0.6700103735923767 at epoch 289
INFO - 01/27/26 10:19:54 - 0:07:38 - At 290-th epoch with lr 0.000743.
INFO - 01/27/26 10:19:56 - 0:07:40 - Running average train loss is 0.67022634267807 at epoch 290
INFO - 01/27/26 10:19:56 - 0:07:40 - At 291-th epoch with lr 0.000742.
INFO - 01/27/26 10:19:57 - 0:07:41 - Running average train loss is 0.6712708592414856 at epoch 291
INFO - 01/27/26 10:19:57 - 0:07:41 - At 292-th epoch with lr 0.000740.
INFO - 01/27/26 10:19:59 - 0:07:43 - Running average train loss is 0.6711284232139587 at epoch 292
INFO - 01/27/26 10:19:59 - 0:07:43 - At 293-th epoch with lr 0.000739.
INFO - 01/27/26 10:20:01 - 0:07:44 - Running average train loss is 0.669966561794281 at epoch 293
INFO - 01/27/26 10:20:01 - 0:07:44 - At 294-th epoch with lr 0.000738.
INFO - 01/27/26 10:20:02 - 0:07:46 - Running average train loss is 0.6696348714828492 at epoch 294
INFO - 01/27/26 10:20:02 - 0:07:46 - At 295-th epoch with lr 0.000736.
INFO - 01/27/26 10:20:04 - 0:07:47 - Running average train loss is 0.6696817827224731 at epoch 295
INFO - 01/27/26 10:20:04 - 0:07:47 - At 296-th epoch with lr 0.000735.
INFO - 01/27/26 10:20:05 - 0:07:49 - Running average train loss is 0.6703538703918457 at epoch 296
INFO - 01/27/26 10:20:05 - 0:07:49 - At 297-th epoch with lr 0.000734.
INFO - 01/27/26 10:20:07 - 0:07:51 - Running average train loss is 0.6698913717269898 at epoch 297
INFO - 01/27/26 10:20:07 - 0:07:51 - At 298-th epoch with lr 0.000733.
INFO - 01/27/26 10:20:08 - 0:07:52 - Running average train loss is 0.6711423778533936 at epoch 298
INFO - 01/27/26 10:20:08 - 0:07:52 - At 299-th epoch with lr 0.000732.
INFO - 01/27/26 10:20:10 - 0:07:54 - Running average train loss is 0.6698904347419739 at epoch 299
INFO - 01/27/26 10:20:10 - 0:07:54 - At 300-th epoch with lr 0.000730.
INFO - 01/27/26 10:20:12 - 0:07:55 - Running average train loss is 0.6695384216308594 at epoch 300
INFO - 01/27/26 10:20:12 - 0:07:55 - At 301-th epoch with lr 0.000729.
INFO - 01/27/26 10:20:13 - 0:07:57 - Running average train loss is 0.6697318768501281 at epoch 301
INFO - 01/27/26 10:20:13 - 0:07:57 - At 302-th epoch with lr 0.000728.
INFO - 01/27/26 10:20:15 - 0:07:59 - Running average train loss is 0.669522430896759 at epoch 302
INFO - 01/27/26 10:20:15 - 0:07:59 - At 303-th epoch with lr 0.000727.
INFO - 01/27/26 10:20:17 - 0:08:00 - Running average train loss is 0.6702983856201172 at epoch 303
INFO - 01/27/26 10:20:17 - 0:08:00 - At 304-th epoch with lr 0.000725.
INFO - 01/27/26 10:20:18 - 0:08:02 - Running average train loss is 0.6701258969306946 at epoch 304
INFO - 01/27/26 10:20:18 - 0:08:02 - Average dev loss is 0.6823834975560507 at epoch 304
INFO - 01/27/26 10:20:19 - 0:08:03 - dev accuracy is 99.5 at epoch 304
INFO - 01/27/26 10:20:19 - 0:08:03 - dev average edit distance is 0.006 at epoch 304
INFO - 01/27/26 10:20:19 - 0:08:03 - At 305-th epoch with lr 0.000724.
INFO - 01/27/26 10:20:21 - 0:08:05 - Running average train loss is 0.6700584053993225 at epoch 305
INFO - 01/27/26 10:20:21 - 0:08:05 - At 306-th epoch with lr 0.000723.
INFO - 01/27/26 10:20:23 - 0:08:07 - Running average train loss is 0.6698659610748291 at epoch 306
INFO - 01/27/26 10:20:23 - 0:08:07 - At 307-th epoch with lr 0.000722.
INFO - 01/27/26 10:20:24 - 0:08:08 - Running average train loss is 0.6694570899009704 at epoch 307
INFO - 01/27/26 10:20:24 - 0:08:08 - At 308-th epoch with lr 0.000721.
INFO - 01/27/26 10:20:26 - 0:08:10 - Running average train loss is 0.6694704937934876 at epoch 308
INFO - 01/27/26 10:20:26 - 0:08:10 - At 309-th epoch with lr 0.000720.
INFO - 01/27/26 10:20:28 - 0:08:12 - Running average train loss is 0.6700347304344177 at epoch 309
INFO - 01/27/26 10:20:28 - 0:08:12 - At 310-th epoch with lr 0.000718.
INFO - 01/27/26 10:20:30 - 0:08:13 - Running average train loss is 0.6701174259185791 at epoch 310
INFO - 01/27/26 10:20:30 - 0:08:13 - At 311-th epoch with lr 0.000717.
INFO - 01/27/26 10:20:31 - 0:08:15 - Running average train loss is 0.6699902391433716 at epoch 311
INFO - 01/27/26 10:20:31 - 0:08:15 - At 312-th epoch with lr 0.000716.
INFO - 01/27/26 10:20:33 - 0:08:17 - Running average train loss is 0.6702918314933777 at epoch 312
INFO - 01/27/26 10:20:33 - 0:08:17 - At 313-th epoch with lr 0.000715.
INFO - 01/27/26 10:20:35 - 0:08:19 - Running average train loss is 0.6699575448036194 at epoch 313
INFO - 01/27/26 10:20:35 - 0:08:19 - At 314-th epoch with lr 0.000714.
INFO - 01/27/26 10:20:36 - 0:08:20 - Running average train loss is 0.6701042032241822 at epoch 314
INFO - 01/27/26 10:20:36 - 0:08:20 - At 315-th epoch with lr 0.000713.
INFO - 01/27/26 10:20:38 - 0:08:22 - Running average train loss is 0.6697599959373474 at epoch 315
INFO - 01/27/26 10:20:38 - 0:08:22 - At 316-th epoch with lr 0.000712.
INFO - 01/27/26 10:20:40 - 0:08:23 - Running average train loss is 0.6697416567802429 at epoch 316
INFO - 01/27/26 10:20:40 - 0:08:23 - At 317-th epoch with lr 0.000710.
INFO - 01/27/26 10:20:41 - 0:08:25 - Running average train loss is 0.6692478919029236 at epoch 317
INFO - 01/27/26 10:20:41 - 0:08:25 - At 318-th epoch with lr 0.000709.
INFO - 01/27/26 10:20:43 - 0:08:27 - Running average train loss is 0.6692299175262452 at epoch 318
INFO - 01/27/26 10:20:43 - 0:08:27 - At 319-th epoch with lr 0.000708.
INFO - 01/27/26 10:20:45 - 0:08:29 - Running average train loss is 0.6690441441535949 at epoch 319
INFO - 01/27/26 10:20:45 - 0:08:29 - At 320-th epoch with lr 0.000707.
INFO - 01/27/26 10:20:47 - 0:08:30 - Running average train loss is 0.6699244904518128 at epoch 320
INFO - 01/27/26 10:20:47 - 0:08:30 - Average dev loss is 0.6833956638971964 at epoch 320
INFO - 01/27/26 10:20:47 - 0:08:31 - dev accuracy is 99.3 at epoch 320
INFO - 01/27/26 10:20:47 - 0:08:31 - dev average edit distance is 0.011 at epoch 320
INFO - 01/27/26 10:20:47 - 0:08:31 - At 321-th epoch with lr 0.000706.
INFO - 01/27/26 10:20:49 - 0:08:33 - Running average train loss is 0.6707888126373291 at epoch 321
INFO - 01/27/26 10:20:49 - 0:08:33 - At 322-th epoch with lr 0.000705.
INFO - 01/27/26 10:20:51 - 0:08:35 - Running average train loss is 0.6702883315086364 at epoch 322
INFO - 01/27/26 10:20:51 - 0:08:35 - At 323-th epoch with lr 0.000704.
INFO - 01/27/26 10:20:53 - 0:08:36 - Running average train loss is 0.6701640963554383 at epoch 323
INFO - 01/27/26 10:20:53 - 0:08:36 - At 324-th epoch with lr 0.000703.
INFO - 01/27/26 10:20:54 - 0:08:38 - Running average train loss is 0.6697898197174073 at epoch 324
INFO - 01/27/26 10:20:54 - 0:08:38 - At 325-th epoch with lr 0.000702.
INFO - 01/27/26 10:20:56 - 0:08:40 - Running average train loss is 0.6694615125656128 at epoch 325
INFO - 01/27/26 10:20:56 - 0:08:40 - At 326-th epoch with lr 0.000701.
INFO - 01/27/26 10:20:58 - 0:08:42 - Running average train loss is 0.6700246977806091 at epoch 326
INFO - 01/27/26 10:20:58 - 0:08:42 - At 327-th epoch with lr 0.000699.
INFO - 01/27/26 10:20:59 - 0:08:43 - Running average train loss is 0.6698654747009277 at epoch 327
INFO - 01/27/26 10:20:59 - 0:08:43 - At 328-th epoch with lr 0.000698.
INFO - 01/27/26 10:21:01 - 0:08:45 - Running average train loss is 0.6706438994407654 at epoch 328
INFO - 01/27/26 10:21:01 - 0:08:45 - At 329-th epoch with lr 0.000697.
INFO - 01/27/26 10:21:03 - 0:08:46 - Running average train loss is 0.6694044470787048 at epoch 329
INFO - 01/27/26 10:21:03 - 0:08:46 - At 330-th epoch with lr 0.000696.
INFO - 01/27/26 10:21:04 - 0:08:48 - Running average train loss is 0.66909818649292 at epoch 330
INFO - 01/27/26 10:21:04 - 0:08:48 - At 331-th epoch with lr 0.000695.
INFO - 01/27/26 10:21:06 - 0:08:50 - Running average train loss is 0.66887047290802 at epoch 331
INFO - 01/27/26 10:21:06 - 0:08:50 - At 332-th epoch with lr 0.000694.
INFO - 01/27/26 10:21:08 - 0:08:52 - Running average train loss is 0.6695695877075195 at epoch 332
INFO - 01/27/26 10:21:08 - 0:08:52 - At 333-th epoch with lr 0.000693.
INFO - 01/27/26 10:21:10 - 0:08:53 - Running average train loss is 0.6698653221130371 at epoch 333
INFO - 01/27/26 10:21:10 - 0:08:53 - At 334-th epoch with lr 0.000692.
INFO - 01/27/26 10:21:11 - 0:08:55 - Running average train loss is 0.6695285558700561 at epoch 334
INFO - 01/27/26 10:21:11 - 0:08:55 - At 335-th epoch with lr 0.000691.
INFO - 01/27/26 10:21:13 - 0:08:56 - Running average train loss is 0.6697440361976623 at epoch 335
INFO - 01/27/26 10:21:13 - 0:08:56 - At 336-th epoch with lr 0.000690.
INFO - 01/27/26 10:21:14 - 0:08:58 - Running average train loss is 0.6696045613288879 at epoch 336
INFO - 01/27/26 10:21:14 - 0:08:58 - Average dev loss is 0.6832650899887085 at epoch 336
INFO - 01/27/26 10:21:14 - 0:08:58 - dev accuracy is 99.3 at epoch 336
INFO - 01/27/26 10:21:14 - 0:08:58 - dev average edit distance is 0.011 at epoch 336
INFO - 01/27/26 10:21:15 - 0:08:58 - At 337-th epoch with lr 0.000689.
INFO - 01/27/26 10:21:16 - 0:09:00 - Running average train loss is 0.6685380792617798 at epoch 337
INFO - 01/27/26 10:21:16 - 0:09:00 - At 338-th epoch with lr 0.000688.
INFO - 01/27/26 10:21:18 - 0:09:02 - Running average train loss is 0.6692420530319214 at epoch 338
INFO - 01/27/26 10:21:18 - 0:09:02 - At 339-th epoch with lr 0.000687.
INFO - 01/27/26 10:21:20 - 0:09:03 - Running average train loss is 0.6693122673034668 at epoch 339
INFO - 01/27/26 10:21:20 - 0:09:03 - At 340-th epoch with lr 0.000686.
INFO - 01/27/26 10:21:21 - 0:09:05 - Running average train loss is 0.6691531062126159 at epoch 340
INFO - 01/27/26 10:21:21 - 0:09:05 - At 341-th epoch with lr 0.000685.
INFO - 01/27/26 10:21:23 - 0:09:07 - Running average train loss is 0.6691415095329285 at epoch 341
INFO - 01/27/26 10:21:23 - 0:09:07 - At 342-th epoch with lr 0.000684.
INFO - 01/27/26 10:21:24 - 0:09:08 - Running average train loss is 0.6688613033294678 at epoch 342
INFO - 01/27/26 10:21:24 - 0:09:08 - At 343-th epoch with lr 0.000683.
INFO - 01/27/26 10:21:26 - 0:09:10 - Running average train loss is 0.6689941096305847 at epoch 343
INFO - 01/27/26 10:21:26 - 0:09:10 - At 344-th epoch with lr 0.000682.
INFO - 01/27/26 10:21:27 - 0:09:11 - Running average train loss is 0.6689138984680176 at epoch 344
INFO - 01/27/26 10:21:27 - 0:09:11 - At 345-th epoch with lr 0.000681.
INFO - 01/27/26 10:21:29 - 0:09:13 - Running average train loss is 0.6690480160713196 at epoch 345
INFO - 01/27/26 10:21:29 - 0:09:13 - At 346-th epoch with lr 0.000680.
INFO - 01/27/26 10:21:31 - 0:09:15 - Running average train loss is 0.6694591093063355 at epoch 346
INFO - 01/27/26 10:21:31 - 0:09:15 - At 347-th epoch with lr 0.000679.
INFO - 01/27/26 10:21:33 - 0:09:16 - Running average train loss is 0.6698316240310669 at epoch 347
INFO - 01/27/26 10:21:33 - 0:09:16 - At 348-th epoch with lr 0.000678.
INFO - 01/27/26 10:21:34 - 0:09:18 - Running average train loss is 0.6701415300369262 at epoch 348
INFO - 01/27/26 10:21:34 - 0:09:18 - At 349-th epoch with lr 0.000677.
INFO - 01/27/26 10:21:36 - 0:09:20 - Running average train loss is 0.6699100732803345 at epoch 349
INFO - 01/27/26 10:21:36 - 0:09:20 - At 350-th epoch with lr 0.000676.
INFO - 01/27/26 10:21:38 - 0:09:22 - Running average train loss is 0.6692988872528076 at epoch 350
INFO - 01/27/26 10:21:38 - 0:09:22 - At 351-th epoch with lr 0.000675.
INFO - 01/27/26 10:21:40 - 0:09:23 - Running average train loss is 0.6687404131889343 at epoch 351
INFO - 01/27/26 10:21:40 - 0:09:23 - At 352-th epoch with lr 0.000674.
INFO - 01/27/26 10:21:41 - 0:09:25 - Running average train loss is 0.669312846660614 at epoch 352
INFO - 01/27/26 10:21:41 - 0:09:25 - Average dev loss is 0.6829946835835775 at epoch 352
INFO - 01/27/26 10:21:42 - 0:09:26 - dev accuracy is 99.2 at epoch 352
INFO - 01/27/26 10:21:42 - 0:09:26 - dev average edit distance is 0.012 at epoch 352
INFO - 01/27/26 10:21:42 - 0:09:26 - At 353-th epoch with lr 0.000673.
INFO - 01/27/26 10:21:44 - 0:09:27 - Running average train loss is 0.6691109251976013 at epoch 353
INFO - 01/27/26 10:21:44 - 0:09:27 - At 354-th epoch with lr 0.000672.
INFO - 01/27/26 10:21:45 - 0:09:29 - Running average train loss is 0.6689274263381958 at epoch 354
INFO - 01/27/26 10:21:45 - 0:09:29 - At 355-th epoch with lr 0.000671.
INFO - 01/27/26 10:21:47 - 0:09:31 - Running average train loss is 0.6691992878913879 at epoch 355
INFO - 01/27/26 10:21:47 - 0:09:31 - At 356-th epoch with lr 0.000670.
INFO - 01/27/26 10:21:49 - 0:09:33 - Running average train loss is 0.6692581152915955 at epoch 356
INFO - 01/27/26 10:21:49 - 0:09:33 - At 357-th epoch with lr 0.000669.
INFO - 01/27/26 10:21:51 - 0:09:34 - Running average train loss is 0.6688268256187438 at epoch 357
INFO - 01/27/26 10:21:51 - 0:09:34 - At 358-th epoch with lr 0.000669.
INFO - 01/27/26 10:21:52 - 0:09:36 - Running average train loss is 0.6687962675094604 at epoch 358
INFO - 01/27/26 10:21:52 - 0:09:36 - At 359-th epoch with lr 0.000668.
INFO - 01/27/26 10:21:54 - 0:09:38 - Running average train loss is 0.6690473008155823 at epoch 359
INFO - 01/27/26 10:21:54 - 0:09:38 - At 360-th epoch with lr 0.000667.
INFO - 01/27/26 10:21:56 - 0:09:40 - Running average train loss is 0.6693482947349548 at epoch 360
INFO - 01/27/26 10:21:56 - 0:09:40 - At 361-th epoch with lr 0.000666.
INFO - 01/27/26 10:21:58 - 0:09:41 - Running average train loss is 0.6689917969703675 at epoch 361
INFO - 01/27/26 10:21:58 - 0:09:41 - At 362-th epoch with lr 0.000665.
INFO - 01/27/26 10:21:59 - 0:09:43 - Running average train loss is 0.6689052510261536 at epoch 362
INFO - 01/27/26 10:21:59 - 0:09:43 - At 363-th epoch with lr 0.000664.
INFO - 01/27/26 10:22:01 - 0:09:45 - Running average train loss is 0.669527804851532 at epoch 363
INFO - 01/27/26 10:22:01 - 0:09:45 - At 364-th epoch with lr 0.000663.
INFO - 01/27/26 10:22:03 - 0:09:46 - Running average train loss is 0.6694060611724854 at epoch 364
INFO - 01/27/26 10:22:03 - 0:09:46 - At 365-th epoch with lr 0.000662.
INFO - 01/27/26 10:22:04 - 0:09:48 - Running average train loss is 0.6691134071350098 at epoch 365
INFO - 01/27/26 10:22:04 - 0:09:48 - At 366-th epoch with lr 0.000661.
INFO - 01/27/26 10:22:06 - 0:09:49 - Running average train loss is 0.6689632272720337 at epoch 366
INFO - 01/27/26 10:22:06 - 0:09:49 - At 367-th epoch with lr 0.000660.
INFO - 01/27/26 10:22:07 - 0:09:51 - Running average train loss is 0.6688362193107605 at epoch 367
INFO - 01/27/26 10:22:07 - 0:09:51 - At 368-th epoch with lr 0.000659.
INFO - 01/27/26 10:22:09 - 0:09:53 - Running average train loss is 0.668673861026764 at epoch 368
INFO - 01/27/26 10:22:09 - 0:09:53 - Average dev loss is 0.6818535923957825 at epoch 368
INFO - 01/27/26 10:22:10 - 0:09:54 - dev accuracy is 99.4 at epoch 368
INFO - 01/27/26 10:22:10 - 0:09:54 - dev average edit distance is 0.01 at epoch 368
INFO - 01/27/26 10:22:10 - 0:09:54 - At 369-th epoch with lr 0.000658.
INFO - 01/27/26 10:22:11 - 0:09:55 - Running average train loss is 0.6683132481575013 at epoch 369
INFO - 01/27/26 10:22:11 - 0:09:55 - At 370-th epoch with lr 0.000658.
INFO - 01/27/26 10:22:13 - 0:09:57 - Running average train loss is 0.6687171339988709 at epoch 370
INFO - 01/27/26 10:22:13 - 0:09:57 - At 371-th epoch with lr 0.000657.
INFO - 01/27/26 10:22:15 - 0:09:58 - Running average train loss is 0.6681191277503967 at epoch 371
INFO - 01/27/26 10:22:15 - 0:09:58 - At 372-th epoch with lr 0.000656.
INFO - 01/27/26 10:22:16 - 0:10:00 - Running average train loss is 0.6680333280563354 at epoch 372
INFO - 01/27/26 10:22:16 - 0:10:00 - At 373-th epoch with lr 0.000655.
INFO - 01/27/26 10:22:18 - 0:10:02 - Running average train loss is 0.6683395719528198 at epoch 373
INFO - 01/27/26 10:22:18 - 0:10:02 - At 374-th epoch with lr 0.000654.
INFO - 01/27/26 10:22:20 - 0:10:04 - Running average train loss is 0.6691949081420898 at epoch 374
INFO - 01/27/26 10:22:20 - 0:10:04 - At 375-th epoch with lr 0.000653.
INFO - 01/27/26 10:22:22 - 0:10:05 - Running average train loss is 0.668769292831421 at epoch 375
INFO - 01/27/26 10:22:22 - 0:10:05 - At 376-th epoch with lr 0.000652.
INFO - 01/27/26 10:22:23 - 0:10:07 - Running average train loss is 0.6688044714927673 at epoch 376
INFO - 01/27/26 10:22:23 - 0:10:07 - At 377-th epoch with lr 0.000651.
INFO - 01/27/26 10:22:25 - 0:10:09 - Running average train loss is 0.6687921714782715 at epoch 377
INFO - 01/27/26 10:22:25 - 0:10:09 - At 378-th epoch with lr 0.000651.
INFO - 01/27/26 10:22:27 - 0:10:11 - Running average train loss is 0.6687000226974488 at epoch 378
INFO - 01/27/26 10:22:27 - 0:10:11 - At 379-th epoch with lr 0.000650.
INFO - 01/27/26 10:22:29 - 0:10:12 - Running average train loss is 0.6687730264663696 at epoch 379
INFO - 01/27/26 10:22:29 - 0:10:12 - At 380-th epoch with lr 0.000649.
INFO - 01/27/26 10:22:30 - 0:10:14 - Running average train loss is 0.6687801313400269 at epoch 380
INFO - 01/27/26 10:22:30 - 0:10:14 - At 381-th epoch with lr 0.000648.
INFO - 01/27/26 10:22:32 - 0:10:16 - Running average train loss is 0.6697246527671814 at epoch 381
INFO - 01/27/26 10:22:32 - 0:10:16 - At 382-th epoch with lr 0.000647.
INFO - 01/27/26 10:22:34 - 0:10:18 - Running average train loss is 0.6690330958366394 at epoch 382
INFO - 01/27/26 10:22:34 - 0:10:18 - At 383-th epoch with lr 0.000646.
INFO - 01/27/26 10:22:36 - 0:10:19 - Running average train loss is 0.6685721850395203 at epoch 383
INFO - 01/27/26 10:22:36 - 0:10:19 - At 384-th epoch with lr 0.000645.
INFO - 01/27/26 10:22:37 - 0:10:21 - Running average train loss is 0.6686006116867066 at epoch 384
INFO - 01/27/26 10:22:38 - 0:10:21 - Average dev loss is 0.6845500667889913 at epoch 384
INFO - 01/27/26 10:22:38 - 0:10:22 - dev accuracy is 98.4 at epoch 384
INFO - 01/27/26 10:22:38 - 0:10:22 - dev average edit distance is 0.025 at epoch 384
INFO - 01/27/26 10:22:38 - 0:10:22 - At 385-th epoch with lr 0.000645.
INFO - 01/27/26 10:22:40 - 0:10:24 - Running average train loss is 0.6692072224617004 at epoch 385
INFO - 01/27/26 10:22:40 - 0:10:24 - At 386-th epoch with lr 0.000644.
INFO - 01/27/26 10:22:42 - 0:10:26 - Running average train loss is 0.6681818437576293 at epoch 386
INFO - 01/27/26 10:22:42 - 0:10:26 - At 387-th epoch with lr 0.000643.
INFO - 01/27/26 10:22:44 - 0:10:27 - Running average train loss is 0.6684705758094788 at epoch 387
INFO - 01/27/26 10:22:44 - 0:10:27 - At 388-th epoch with lr 0.000642.
INFO - 01/27/26 10:22:45 - 0:10:29 - Running average train loss is 0.6681395769119263 at epoch 388
INFO - 01/27/26 10:22:45 - 0:10:29 - At 389-th epoch with lr 0.000641.
INFO - 01/27/26 10:22:47 - 0:10:31 - Running average train loss is 0.6685603928565979 at epoch 389
INFO - 01/27/26 10:22:47 - 0:10:31 - At 390-th epoch with lr 0.000641.
INFO - 01/27/26 10:22:49 - 0:10:33 - Running average train loss is 0.6683366656303406 at epoch 390
INFO - 01/27/26 10:22:49 - 0:10:33 - At 391-th epoch with lr 0.000640.
INFO - 01/27/26 10:22:51 - 0:10:34 - Running average train loss is 0.6693144536018372 at epoch 391
INFO - 01/27/26 10:22:51 - 0:10:34 - At 392-th epoch with lr 0.000639.
INFO - 01/27/26 10:22:52 - 0:10:36 - Running average train loss is 0.6684995436668396 at epoch 392
INFO - 01/27/26 10:22:52 - 0:10:36 - At 393-th epoch with lr 0.000638.
INFO - 01/27/26 10:22:54 - 0:10:38 - Running average train loss is 0.6683884692192078 at epoch 393
INFO - 01/27/26 10:22:54 - 0:10:38 - At 394-th epoch with lr 0.000637.
INFO - 01/27/26 10:22:55 - 0:10:39 - Running average train loss is 0.6680580163002015 at epoch 394
INFO - 01/27/26 10:22:55 - 0:10:39 - At 395-th epoch with lr 0.000636.
INFO - 01/27/26 10:22:57 - 0:10:41 - Running average train loss is 0.6686502528190613 at epoch 395
INFO - 01/27/26 10:22:57 - 0:10:41 - At 396-th epoch with lr 0.000636.
INFO - 01/27/26 10:22:58 - 0:10:42 - Running average train loss is 0.6685144162178039 at epoch 396
INFO - 01/27/26 10:22:58 - 0:10:42 - At 397-th epoch with lr 0.000635.
INFO - 01/27/26 10:23:00 - 0:10:44 - Running average train loss is 0.6680424976348877 at epoch 397
INFO - 01/27/26 10:23:00 - 0:10:44 - At 398-th epoch with lr 0.000634.
INFO - 01/27/26 10:23:02 - 0:10:45 - Running average train loss is 0.668162350654602 at epoch 398
INFO - 01/27/26 10:23:02 - 0:10:45 - At 399-th epoch with lr 0.000633.
INFO - 01/27/26 10:23:03 - 0:10:47 - Running average train loss is 0.6682437801361084 at epoch 399
INFO - 01/27/26 10:23:03 - 0:10:47 - At 400-th epoch with lr 0.000632.
INFO - 01/27/26 10:23:05 - 0:10:49 - Running average train loss is 0.668820767402649 at epoch 400
INFO - 01/27/26 10:23:05 - 0:10:49 - Average dev loss is 0.6821495890617371 at epoch 400
INFO - 01/27/26 10:23:06 - 0:10:49 - dev accuracy is 99.2 at epoch 400
INFO - 01/27/26 10:23:06 - 0:10:49 - dev average edit distance is 0.012 at epoch 400
INFO - 01/27/26 10:23:06 - 0:10:50 - At 401-th epoch with lr 0.000632.
INFO - 01/27/26 10:23:08 - 0:10:51 - Running average train loss is 0.6685677790641784 at epoch 401
INFO - 01/27/26 10:23:08 - 0:10:51 - At 402-th epoch with lr 0.000631.
INFO - 01/27/26 10:23:10 - 0:10:53 - Running average train loss is 0.6694823575019836 at epoch 402
INFO - 01/27/26 10:23:10 - 0:10:53 - At 403-th epoch with lr 0.000630.
INFO - 01/27/26 10:23:11 - 0:10:55 - Running average train loss is 0.6689861822128296 at epoch 403
INFO - 01/27/26 10:23:11 - 0:10:55 - At 404-th epoch with lr 0.000629.
INFO - 01/27/26 10:23:13 - 0:10:57 - Running average train loss is 0.6679304718971253 at epoch 404
INFO - 01/27/26 10:23:13 - 0:10:57 - At 405-th epoch with lr 0.000629.
INFO - 01/27/26 10:23:14 - 0:10:58 - Running average train loss is 0.6683159470558167 at epoch 405
INFO - 01/27/26 10:23:14 - 0:10:58 - At 406-th epoch with lr 0.000628.
INFO - 01/27/26 10:23:16 - 0:11:00 - Running average train loss is 0.669084370136261 at epoch 406
INFO - 01/27/26 10:23:16 - 0:11:00 - At 407-th epoch with lr 0.000627.
INFO - 01/27/26 10:23:18 - 0:11:02 - Running average train loss is 0.6683790040016174 at epoch 407
INFO - 01/27/26 10:23:18 - 0:11:02 - At 408-th epoch with lr 0.000626.
INFO - 01/27/26 10:23:20 - 0:11:03 - Running average train loss is 0.6689780879020691 at epoch 408
INFO - 01/27/26 10:23:20 - 0:11:03 - At 409-th epoch with lr 0.000625.
INFO - 01/27/26 10:23:21 - 0:11:05 - Running average train loss is 0.668583312034607 at epoch 409
INFO - 01/27/26 10:23:21 - 0:11:05 - At 410-th epoch with lr 0.000625.
INFO - 01/27/26 10:23:23 - 0:11:07 - Running average train loss is 0.6682168912887573 at epoch 410
INFO - 01/27/26 10:23:23 - 0:11:07 - At 411-th epoch with lr 0.000624.
INFO - 01/27/26 10:23:25 - 0:11:09 - Running average train loss is 0.6685315918922424 at epoch 411
INFO - 01/27/26 10:23:25 - 0:11:09 - At 412-th epoch with lr 0.000623.
INFO - 01/27/26 10:23:26 - 0:11:10 - Running average train loss is 0.668187119960785 at epoch 412
INFO - 01/27/26 10:23:26 - 0:11:10 - At 413-th epoch with lr 0.000622.
INFO - 01/27/26 10:23:28 - 0:11:12 - Running average train loss is 0.6691499996185303 at epoch 413
INFO - 01/27/26 10:23:28 - 0:11:12 - At 414-th epoch with lr 0.000622.
INFO - 01/27/26 10:23:30 - 0:11:14 - Running average train loss is 0.6685831594467163 at epoch 414
INFO - 01/27/26 10:23:30 - 0:11:14 - At 415-th epoch with lr 0.000621.
INFO - 01/27/26 10:23:32 - 0:11:15 - Running average train loss is 0.6683939743041992 at epoch 415
INFO - 01/27/26 10:23:32 - 0:11:15 - At 416-th epoch with lr 0.000620.
INFO - 01/27/26 10:23:34 - 0:11:17 - Running average train loss is 0.6679102158546448 at epoch 416
INFO - 01/27/26 10:23:34 - 0:11:17 - Average dev loss is 0.6859379410743713 at epoch 416
INFO - 01/27/26 10:23:34 - 0:11:18 - dev accuracy is 98.3 at epoch 416
INFO - 01/27/26 10:23:34 - 0:11:18 - dev average edit distance is 0.036 at epoch 416
INFO - 01/27/26 10:23:34 - 0:11:18 - At 417-th epoch with lr 0.000619.
INFO - 01/27/26 10:23:36 - 0:11:20 - Running average train loss is 0.6684242868423462 at epoch 417
INFO - 01/27/26 10:23:36 - 0:11:20 - At 418-th epoch with lr 0.000619.
INFO - 01/27/26 10:23:37 - 0:11:21 - Running average train loss is 0.668131833076477 at epoch 418
INFO - 01/27/26 10:23:37 - 0:11:21 - At 419-th epoch with lr 0.000618.
INFO - 01/27/26 10:23:39 - 0:11:23 - Running average train loss is 0.6687073302268982 at epoch 419
INFO - 01/27/26 10:23:39 - 0:11:23 - At 420-th epoch with lr 0.000617.
INFO - 01/27/26 10:23:41 - 0:11:25 - Running average train loss is 0.6679060006141663 at epoch 420
INFO - 01/27/26 10:23:41 - 0:11:25 - At 421-th epoch with lr 0.000616.
INFO - 01/27/26 10:23:42 - 0:11:26 - Running average train loss is 0.6681801438331604 at epoch 421
INFO - 01/27/26 10:23:42 - 0:11:26 - At 422-th epoch with lr 0.000616.
INFO - 01/27/26 10:23:44 - 0:11:28 - Running average train loss is 0.6689582395553589 at epoch 422
INFO - 01/27/26 10:23:44 - 0:11:28 - At 423-th epoch with lr 0.000615.
INFO - 01/27/26 10:23:46 - 0:11:30 - Running average train loss is 0.6683147954940796 at epoch 423
INFO - 01/27/26 10:23:46 - 0:11:30 - At 424-th epoch with lr 0.000614.
INFO - 01/27/26 10:23:48 - 0:11:32 - Running average train loss is 0.6680048847198486 at epoch 424
INFO - 01/27/26 10:23:48 - 0:11:32 - At 425-th epoch with lr 0.000614.
INFO - 01/27/26 10:23:49 - 0:11:33 - Running average train loss is 0.6677557516098023 at epoch 425
INFO - 01/27/26 10:23:49 - 0:11:33 - At 426-th epoch with lr 0.000613.
INFO - 01/27/26 10:23:51 - 0:11:35 - Running average train loss is 0.6680613350868225 at epoch 426
INFO - 01/27/26 10:23:51 - 0:11:35 - At 427-th epoch with lr 0.000612.
INFO - 01/27/26 10:23:53 - 0:11:37 - Running average train loss is 0.6684702491760254 at epoch 427
INFO - 01/27/26 10:23:53 - 0:11:37 - At 428-th epoch with lr 0.000611.
INFO - 01/27/26 10:23:55 - 0:11:38 - Running average train loss is 0.6685666537284851 at epoch 428
INFO - 01/27/26 10:23:55 - 0:11:38 - At 429-th epoch with lr 0.000611.
INFO - 01/27/26 10:23:56 - 0:11:40 - Running average train loss is 0.6680434703826904 at epoch 429
INFO - 01/27/26 10:23:56 - 0:11:40 - At 430-th epoch with lr 0.000610.
INFO - 01/27/26 10:23:58 - 0:11:42 - Running average train loss is 0.6681114292144775 at epoch 430
INFO - 01/27/26 10:23:58 - 0:11:42 - At 431-th epoch with lr 0.000609.
INFO - 01/27/26 10:24:00 - 0:11:43 - Running average train loss is 0.6680771803855896 at epoch 431
INFO - 01/27/26 10:24:00 - 0:11:43 - At 432-th epoch with lr 0.000609.
INFO - 01/27/26 10:24:01 - 0:11:45 - Running average train loss is 0.6681121063232421 at epoch 432
INFO - 01/27/26 10:24:01 - 0:11:45 - Average dev loss is 0.7272115349769592 at epoch 432
INFO - 01/27/26 10:24:02 - 0:11:46 - dev accuracy is 95.2 at epoch 432
INFO - 01/27/26 10:24:02 - 0:11:46 - dev average edit distance is 0.116 at epoch 432
INFO - 01/27/26 10:24:02 - 0:11:46 - At 433-th epoch with lr 0.000608.
INFO - 01/27/26 10:24:03 - 0:11:47 - Running average train loss is 0.6681297922134399 at epoch 433
INFO - 01/27/26 10:24:03 - 0:11:47 - At 434-th epoch with lr 0.000607.
INFO - 01/27/26 10:24:05 - 0:11:49 - Running average train loss is 0.6675940179824829 at epoch 434
INFO - 01/27/26 10:24:05 - 0:11:49 - At 435-th epoch with lr 0.000606.
INFO - 01/27/26 10:24:07 - 0:11:51 - Running average train loss is 0.6684463763237 at epoch 435
INFO - 01/27/26 10:24:07 - 0:11:51 - At 436-th epoch with lr 0.000606.
INFO - 01/27/26 10:24:08 - 0:11:52 - Running average train loss is 0.6680409812927246 at epoch 436
INFO - 01/27/26 10:24:08 - 0:11:52 - At 437-th epoch with lr 0.000605.
INFO - 01/27/26 10:24:10 - 0:11:54 - Running average train loss is 0.6681845378875733 at epoch 437
INFO - 01/27/26 10:24:10 - 0:11:54 - At 438-th epoch with lr 0.000604.
INFO - 01/27/26 10:24:12 - 0:11:56 - Running average train loss is 0.6684475827217102 at epoch 438
INFO - 01/27/26 10:24:12 - 0:11:56 - At 439-th epoch with lr 0.000604.
INFO - 01/27/26 10:24:14 - 0:11:57 - Running average train loss is 0.6684133076667785 at epoch 439
INFO - 01/27/26 10:24:14 - 0:11:57 - At 440-th epoch with lr 0.000603.
INFO - 01/27/26 10:24:15 - 0:11:59 - Running average train loss is 0.668077540397644 at epoch 440
INFO - 01/27/26 10:24:15 - 0:11:59 - At 441-th epoch with lr 0.000602.
INFO - 01/27/26 10:24:17 - 0:12:01 - Running average train loss is 0.6676879572868347 at epoch 441
INFO - 01/27/26 10:24:17 - 0:12:01 - At 442-th epoch with lr 0.000602.
INFO - 01/27/26 10:24:19 - 0:12:03 - Running average train loss is 0.667810161113739 at epoch 442
INFO - 01/27/26 10:24:19 - 0:12:03 - At 443-th epoch with lr 0.000601.
INFO - 01/27/26 10:24:21 - 0:12:04 - Running average train loss is 0.6683747482299804 at epoch 443
INFO - 01/27/26 10:24:21 - 0:12:04 - At 444-th epoch with lr 0.000600.
INFO - 01/27/26 10:24:22 - 0:12:06 - Running average train loss is 0.6674806261062622 at epoch 444
INFO - 01/27/26 10:24:22 - 0:12:06 - At 445-th epoch with lr 0.000600.
INFO - 01/27/26 10:24:24 - 0:12:08 - Running average train loss is 0.6678572368621826 at epoch 445
INFO - 01/27/26 10:24:24 - 0:12:08 - At 446-th epoch with lr 0.000599.
INFO - 01/27/26 10:24:26 - 0:12:10 - Running average train loss is 0.6679797577857971 at epoch 446
INFO - 01/27/26 10:24:26 - 0:12:10 - At 447-th epoch with lr 0.000598.
INFO - 01/27/26 10:24:28 - 0:12:11 - Running average train loss is 0.6678054094314575 at epoch 447
INFO - 01/27/26 10:24:28 - 0:12:11 - At 448-th epoch with lr 0.000598.
INFO - 01/27/26 10:24:29 - 0:12:13 - Running average train loss is 0.6678978729248047 at epoch 448
INFO - 01/27/26 10:24:29 - 0:12:13 - Average dev loss is 0.678287148475647 at epoch 448
INFO - 01/27/26 10:24:30 - 0:12:14 - dev accuracy is 99.8 at epoch 448
INFO - 01/27/26 10:24:30 - 0:12:14 - dev average edit distance is 0.002 at epoch 448
INFO - 01/27/26 10:24:30 - 0:12:14 - At 449-th epoch with lr 0.000597.
INFO - 01/27/26 10:24:32 - 0:12:16 - Running average train loss is 0.667602288722992 at epoch 449
INFO - 01/27/26 10:24:32 - 0:12:16 - At 450-th epoch with lr 0.000596.
INFO - 01/27/26 10:24:34 - 0:12:17 - Running average train loss is 0.6681946969032287 at epoch 450
INFO - 01/27/26 10:24:34 - 0:12:17 - At 451-th epoch with lr 0.000596.
INFO - 01/27/26 10:24:35 - 0:12:19 - Running average train loss is 0.6682642459869385 at epoch 451
INFO - 01/27/26 10:24:35 - 0:12:19 - At 452-th epoch with lr 0.000595.
INFO - 01/27/26 10:24:37 - 0:12:21 - Running average train loss is 0.6683547115325927 at epoch 452
INFO - 01/27/26 10:24:37 - 0:12:21 - At 453-th epoch with lr 0.000594.
INFO - 01/27/26 10:24:39 - 0:12:23 - Running average train loss is 0.6683671164512635 at epoch 453
INFO - 01/27/26 10:24:39 - 0:12:23 - At 454-th epoch with lr 0.000594.
INFO - 01/27/26 10:24:41 - 0:12:24 - Running average train loss is 0.6681133580207824 at epoch 454
INFO - 01/27/26 10:24:41 - 0:12:24 - At 455-th epoch with lr 0.000593.
INFO - 01/27/26 10:24:42 - 0:12:26 - Running average train loss is 0.6677843618392945 at epoch 455
INFO - 01/27/26 10:24:42 - 0:12:26 - At 456-th epoch with lr 0.000592.
INFO - 01/27/26 10:24:44 - 0:12:28 - Running average train loss is 0.669087085723877 at epoch 456
INFO - 01/27/26 10:24:44 - 0:12:28 - At 457-th epoch with lr 0.000592.
INFO - 01/27/26 10:24:46 - 0:12:30 - Running average train loss is 0.668227858543396 at epoch 457
INFO - 01/27/26 10:24:46 - 0:12:30 - At 458-th epoch with lr 0.000591.
INFO - 01/27/26 10:24:48 - 0:12:31 - Running average train loss is 0.6679472541809082 at epoch 458
INFO - 01/27/26 10:24:48 - 0:12:31 - At 459-th epoch with lr 0.000590.
INFO - 01/27/26 10:24:49 - 0:12:33 - Running average train loss is 0.6675752210617065 at epoch 459
INFO - 01/27/26 10:24:49 - 0:12:33 - At 460-th epoch with lr 0.000590.
INFO - 01/27/26 10:24:51 - 0:12:35 - Running average train loss is 0.667457103729248 at epoch 460
INFO - 01/27/26 10:24:51 - 0:12:35 - At 461-th epoch with lr 0.000589.
INFO - 01/27/26 10:24:53 - 0:12:37 - Running average train loss is 0.6677200651168823 at epoch 461
INFO - 01/27/26 10:24:53 - 0:12:37 - At 462-th epoch with lr 0.000588.
INFO - 01/27/26 10:24:55 - 0:12:38 - Running average train loss is 0.6675886487960816 at epoch 462
INFO - 01/27/26 10:24:55 - 0:12:38 - At 463-th epoch with lr 0.000588.
INFO - 01/27/26 10:24:56 - 0:12:40 - Running average train loss is 0.6677333450317383 at epoch 463
INFO - 01/27/26 10:24:56 - 0:12:40 - At 464-th epoch with lr 0.000587.
INFO - 01/27/26 10:24:58 - 0:12:42 - Running average train loss is 0.6678271865844727 at epoch 464
INFO - 01/27/26 10:24:58 - 0:12:42 - Average dev loss is 0.6782451669375101 at epoch 464
INFO - 01/27/26 10:24:59 - 0:12:42 - dev accuracy is 99.8 at epoch 464
INFO - 01/27/26 10:24:59 - 0:12:42 - dev average edit distance is 0.002 at epoch 464
INFO - 01/27/26 10:24:59 - 0:12:43 - At 465-th epoch with lr 0.000587.
INFO - 01/27/26 10:25:01 - 0:12:44 - Running average train loss is 0.6679342961311341 at epoch 465
INFO - 01/27/26 10:25:01 - 0:12:44 - At 466-th epoch with lr 0.000586.
INFO - 01/27/26 10:25:02 - 0:12:46 - Running average train loss is 0.6681786704063416 at epoch 466
INFO - 01/27/26 10:25:02 - 0:12:46 - At 467-th epoch with lr 0.000585.
INFO - 01/27/26 10:25:04 - 0:12:48 - Running average train loss is 0.6682187867164612 at epoch 467
INFO - 01/27/26 10:25:04 - 0:12:48 - At 468-th epoch with lr 0.000585.
INFO - 01/27/26 10:25:06 - 0:12:50 - Running average train loss is 0.6680884766578674 at epoch 468
INFO - 01/27/26 10:25:06 - 0:12:50 - At 469-th epoch with lr 0.000584.
INFO - 01/27/26 10:25:08 - 0:12:51 - Running average train loss is 0.6681082558631897 at epoch 469
INFO - 01/27/26 10:25:08 - 0:12:51 - At 470-th epoch with lr 0.000583.
INFO - 01/27/26 10:25:09 - 0:12:53 - Running average train loss is 0.667574656009674 at epoch 470
INFO - 01/27/26 10:25:09 - 0:12:53 - At 471-th epoch with lr 0.000583.
INFO - 01/27/26 10:25:11 - 0:12:55 - Running average train loss is 0.6681157875061036 at epoch 471
INFO - 01/27/26 10:25:11 - 0:12:55 - At 472-th epoch with lr 0.000582.
INFO - 01/27/26 10:25:13 - 0:12:57 - Running average train loss is 0.6675090646743774 at epoch 472
INFO - 01/27/26 10:25:13 - 0:12:57 - At 473-th epoch with lr 0.000582.
INFO - 01/27/26 10:25:15 - 0:12:58 - Running average train loss is 0.6679663896560669 at epoch 473
INFO - 01/27/26 10:25:15 - 0:12:58 - At 474-th epoch with lr 0.000581.
INFO - 01/27/26 10:25:16 - 0:13:00 - Running average train loss is 0.6677306008338928 at epoch 474
INFO - 01/27/26 10:25:16 - 0:13:00 - At 475-th epoch with lr 0.000580.
INFO - 01/27/26 10:25:18 - 0:13:02 - Running average train loss is 0.6684249567985535 at epoch 475
INFO - 01/27/26 10:25:18 - 0:13:02 - At 476-th epoch with lr 0.000580.
INFO - 01/27/26 10:25:20 - 0:13:04 - Running average train loss is 0.6687074899673462 at epoch 476
INFO - 01/27/26 10:25:20 - 0:13:04 - At 477-th epoch with lr 0.000579.
INFO - 01/27/26 10:25:22 - 0:13:05 - Running average train loss is 0.6677901577949524 at epoch 477
INFO - 01/27/26 10:25:22 - 0:13:05 - At 478-th epoch with lr 0.000579.
INFO - 01/27/26 10:25:23 - 0:13:07 - Running average train loss is 0.6682643628120423 at epoch 478
INFO - 01/27/26 10:25:23 - 0:13:07 - At 479-th epoch with lr 0.000578.
INFO - 01/27/26 10:25:25 - 0:13:09 - Running average train loss is 0.6680467653274537 at epoch 479
INFO - 01/27/26 10:25:25 - 0:13:09 - At 480-th epoch with lr 0.000577.
INFO - 01/27/26 10:25:27 - 0:13:11 - Running average train loss is 0.6680160641670227 at epoch 480
INFO - 01/27/26 10:25:27 - 0:13:11 - Average dev loss is 0.6781910260518392 at epoch 480
INFO - 01/27/26 10:25:27 - 0:13:11 - dev accuracy is 99.8 at epoch 480
INFO - 01/27/26 10:25:27 - 0:13:11 - dev average edit distance is 0.002 at epoch 480
INFO - 01/27/26 10:25:27 - 0:13:11 - At 481-th epoch with lr 0.000577.
INFO - 01/27/26 10:25:29 - 0:13:13 - Running average train loss is 0.6679605650901794 at epoch 481
INFO - 01/27/26 10:25:29 - 0:13:13 - At 482-th epoch with lr 0.000576.
INFO - 01/27/26 10:25:31 - 0:13:15 - Running average train loss is 0.66790851354599 at epoch 482
INFO - 01/27/26 10:25:31 - 0:13:15 - At 483-th epoch with lr 0.000576.
INFO - 01/27/26 10:25:33 - 0:13:16 - Running average train loss is 0.6677849912643432 at epoch 483
INFO - 01/27/26 10:25:33 - 0:13:16 - At 484-th epoch with lr 0.000575.
INFO - 01/27/26 10:25:34 - 0:13:18 - Running average train loss is 0.6681648778915406 at epoch 484
INFO - 01/27/26 10:25:34 - 0:13:18 - At 485-th epoch with lr 0.000574.
INFO - 01/27/26 10:25:36 - 0:13:20 - Running average train loss is 0.6672144341468811 at epoch 485
INFO - 01/27/26 10:25:36 - 0:13:20 - At 486-th epoch with lr 0.000574.
INFO - 01/27/26 10:25:38 - 0:13:22 - Running average train loss is 0.6676119709014893 at epoch 486
INFO - 01/27/26 10:25:38 - 0:13:22 - At 487-th epoch with lr 0.000573.
INFO - 01/27/26 10:25:39 - 0:13:23 - Running average train loss is 0.6678349208831788 at epoch 487
INFO - 01/27/26 10:25:39 - 0:13:23 - At 488-th epoch with lr 0.000573.
INFO - 01/27/26 10:25:41 - 0:13:25 - Running average train loss is 0.6676281118392944 at epoch 488
INFO - 01/27/26 10:25:41 - 0:13:25 - At 489-th epoch with lr 0.000572.
INFO - 01/27/26 10:25:43 - 0:13:27 - Running average train loss is 0.6672894215583801 at epoch 489
INFO - 01/27/26 10:25:43 - 0:13:27 - At 490-th epoch with lr 0.000571.
INFO - 01/27/26 10:25:45 - 0:13:28 - Running average train loss is 0.6674950385093689 at epoch 490
INFO - 01/27/26 10:25:45 - 0:13:28 - At 491-th epoch with lr 0.000571.
INFO - 01/27/26 10:25:46 - 0:13:30 - Running average train loss is 0.6681166696548462 at epoch 491
INFO - 01/27/26 10:25:46 - 0:13:30 - At 492-th epoch with lr 0.000570.
INFO - 01/27/26 10:25:48 - 0:13:32 - Running average train loss is 0.6680786061286926 at epoch 492
INFO - 01/27/26 10:25:48 - 0:13:32 - At 493-th epoch with lr 0.000570.
INFO - 01/27/26 10:25:50 - 0:13:33 - Running average train loss is 0.6675988531112671 at epoch 493
INFO - 01/27/26 10:25:50 - 0:13:33 - At 494-th epoch with lr 0.000569.
INFO - 01/27/26 10:25:51 - 0:13:35 - Running average train loss is 0.6677359104156494 at epoch 494
INFO - 01/27/26 10:25:51 - 0:13:35 - At 495-th epoch with lr 0.000569.
INFO - 01/27/26 10:25:53 - 0:13:37 - Running average train loss is 0.6680060458183289 at epoch 495
INFO - 01/27/26 10:25:53 - 0:13:37 - At 496-th epoch with lr 0.000568.
INFO - 01/27/26 10:25:55 - 0:13:39 - Running average train loss is 0.6682217860221863 at epoch 496
INFO - 01/27/26 10:25:55 - 0:13:39 - Average dev loss is 0.6789196530977885 at epoch 496
INFO - 01/27/26 10:25:55 - 0:13:39 - dev accuracy is 99.5 at epoch 496
INFO - 01/27/26 10:25:55 - 0:13:39 - dev average edit distance is 0.008 at epoch 496
INFO - 01/27/26 10:25:56 - 0:13:39 - At 497-th epoch with lr 0.000567.
INFO - 01/27/26 10:25:57 - 0:13:41 - Running average train loss is 0.6682391095161438 at epoch 497
INFO - 01/27/26 10:25:57 - 0:13:41 - At 498-th epoch with lr 0.000567.
INFO - 01/27/26 10:25:59 - 0:13:43 - Running average train loss is 0.667437665462494 at epoch 498
INFO - 01/27/26 10:25:59 - 0:13:43 - At 499-th epoch with lr 0.000566.
INFO - 01/27/26 10:26:01 - 0:13:45 - Running average train loss is 0.6676719307899475 at epoch 499
INFO - 01/27/26 10:26:01 - 0:13:45 - At 500-th epoch with lr 0.000566.
INFO - 01/27/26 10:26:03 - 0:13:47 - Running average train loss is 0.6675385785102844 at epoch 500
INFO - 01/27/26 10:26:03 - 0:13:47 - At 501-th epoch with lr 0.000565.
INFO - 01/27/26 10:26:05 - 0:13:48 - Running average train loss is 0.6675958800315857 at epoch 501
INFO - 01/27/26 10:26:05 - 0:13:48 - At 502-th epoch with lr 0.000565.
INFO - 01/27/26 10:26:06 - 0:13:50 - Running average train loss is 0.6679793763160705 at epoch 502
INFO - 01/27/26 10:26:06 - 0:13:50 - At 503-th epoch with lr 0.000564.
INFO - 01/27/26 10:26:08 - 0:13:52 - Running average train loss is 0.6679096817970276 at epoch 503
INFO - 01/27/26 10:26:08 - 0:13:52 - At 504-th epoch with lr 0.000563.
INFO - 01/27/26 10:26:10 - 0:13:53 - Running average train loss is 0.6673606872558594 at epoch 504
INFO - 01/27/26 10:26:10 - 0:13:53 - At 505-th epoch with lr 0.000563.
INFO - 01/27/26 10:26:11 - 0:13:55 - Running average train loss is 0.6674288630485534 at epoch 505
INFO - 01/27/26 10:26:11 - 0:13:55 - At 506-th epoch with lr 0.000562.
INFO - 01/27/26 10:26:13 - 0:13:57 - Running average train loss is 0.6673602080345153 at epoch 506
INFO - 01/27/26 10:26:13 - 0:13:57 - At 507-th epoch with lr 0.000562.
INFO - 01/27/26 10:26:15 - 0:13:58 - Running average train loss is 0.6683775734901428 at epoch 507
INFO - 01/27/26 10:26:15 - 0:13:58 - At 508-th epoch with lr 0.000561.
INFO - 01/27/26 10:26:16 - 0:14:00 - Running average train loss is 0.6679275941848755 at epoch 508
INFO - 01/27/26 10:26:16 - 0:14:00 - At 509-th epoch with lr 0.000561.
INFO - 01/27/26 10:26:18 - 0:14:02 - Running average train loss is 0.6677896690368652 at epoch 509
INFO - 01/27/26 10:26:18 - 0:14:02 - At 510-th epoch with lr 0.000560.
INFO - 01/27/26 10:26:20 - 0:14:03 - Running average train loss is 0.6675886106491089 at epoch 510
INFO - 01/27/26 10:26:20 - 0:14:03 - At 511-th epoch with lr 0.000560.
INFO - 01/27/26 10:26:21 - 0:14:05 - Running average train loss is 0.6670998549461364 at epoch 511
INFO - 01/27/26 10:26:21 - 0:14:05 - At 512-th epoch with lr 0.000559.
INFO - 01/27/26 10:26:23 - 0:14:06 - Running average train loss is 0.6677616786956787 at epoch 512
INFO - 01/27/26 10:26:23 - 0:14:06 - Average dev loss is 0.6799659132957458 at epoch 512
INFO - 01/27/26 10:26:23 - 0:14:07 - dev accuracy is 99.3 at epoch 512
INFO - 01/27/26 10:26:23 - 0:14:07 - dev average edit distance is 0.011 at epoch 512
INFO - 01/27/26 10:26:23 - 0:14:07 - At 513-th epoch with lr 0.000558.
INFO - 01/27/26 10:26:25 - 0:14:08 - Running average train loss is 0.6678112602233887 at epoch 513
INFO - 01/27/26 10:26:25 - 0:14:08 - At 514-th epoch with lr 0.000558.
INFO - 01/27/26 10:26:26 - 0:14:10 - Running average train loss is 0.6673688960075378 at epoch 514
INFO - 01/27/26 10:26:26 - 0:14:10 - At 515-th epoch with lr 0.000557.
INFO - 01/27/26 10:26:28 - 0:14:12 - Running average train loss is 0.6676015257835388 at epoch 515
INFO - 01/27/26 10:26:28 - 0:14:12 - At 516-th epoch with lr 0.000557.
INFO - 01/27/26 10:26:29 - 0:14:13 - Running average train loss is 0.6674696135520936 at epoch 516
INFO - 01/27/26 10:26:29 - 0:14:13 - At 517-th epoch with lr 0.000556.
INFO - 01/27/26 10:26:31 - 0:14:15 - Running average train loss is 0.6675438547134399 at epoch 517
INFO - 01/27/26 10:26:31 - 0:14:15 - At 518-th epoch with lr 0.000556.
INFO - 01/27/26 10:26:32 - 0:14:16 - Running average train loss is 0.667273440361023 at epoch 518
INFO - 01/27/26 10:26:32 - 0:14:16 - At 519-th epoch with lr 0.000555.
INFO - 01/27/26 10:26:34 - 0:14:18 - Running average train loss is 0.6673738741874695 at epoch 519
INFO - 01/27/26 10:26:34 - 0:14:18 - At 520-th epoch with lr 0.000555.
INFO - 01/27/26 10:26:36 - 0:14:19 - Running average train loss is 0.6673393702507019 at epoch 520
INFO - 01/27/26 10:26:36 - 0:14:19 - At 521-th epoch with lr 0.000554.
INFO - 01/27/26 10:26:37 - 0:14:21 - Running average train loss is 0.6670612668991089 at epoch 521
INFO - 01/27/26 10:26:37 - 0:14:21 - At 522-th epoch with lr 0.000554.
INFO - 01/27/26 10:26:39 - 0:14:23 - Running average train loss is 0.6675871109962463 at epoch 522
INFO - 01/27/26 10:26:39 - 0:14:23 - At 523-th epoch with lr 0.000553.
INFO - 01/27/26 10:26:41 - 0:14:24 - Running average train loss is 0.668088698387146 at epoch 523
INFO - 01/27/26 10:26:41 - 0:14:24 - At 524-th epoch with lr 0.000553.
INFO - 01/27/26 10:26:42 - 0:14:26 - Running average train loss is 0.6679683780670166 at epoch 524
INFO - 01/27/26 10:26:42 - 0:14:26 - At 525-th epoch with lr 0.000552.
INFO - 01/27/26 10:26:44 - 0:14:27 - Running average train loss is 0.6675416493415832 at epoch 525
INFO - 01/27/26 10:26:44 - 0:14:27 - At 526-th epoch with lr 0.000552.
INFO - 01/27/26 10:26:45 - 0:14:29 - Running average train loss is 0.6675860857963563 at epoch 526
INFO - 01/27/26 10:26:45 - 0:14:29 - At 527-th epoch with lr 0.000551.
INFO - 01/27/26 10:26:47 - 0:14:31 - Running average train loss is 0.6672646594047547 at epoch 527
INFO - 01/27/26 10:26:47 - 0:14:31 - At 528-th epoch with lr 0.000550.
INFO - 01/27/26 10:26:49 - 0:14:33 - Running average train loss is 0.6674935936927795 at epoch 528
INFO - 01/27/26 10:26:49 - 0:14:33 - Average dev loss is 0.6777113080024719 at epoch 528
INFO - 01/27/26 10:26:49 - 0:14:33 - dev accuracy is 99.7 at epoch 528
INFO - 01/27/26 10:26:49 - 0:14:33 - dev average edit distance is 0.004 at epoch 528
INFO - 01/27/26 10:26:49 - 0:14:33 - At 529-th epoch with lr 0.000550.
INFO - 01/27/26 10:26:51 - 0:14:35 - Running average train loss is 0.6676486277580261 at epoch 529
INFO - 01/27/26 10:26:51 - 0:14:35 - At 530-th epoch with lr 0.000549.
INFO - 01/27/26 10:26:53 - 0:14:37 - Running average train loss is 0.6674952054023743 at epoch 530
INFO - 01/27/26 10:26:53 - 0:14:37 - At 531-th epoch with lr 0.000549.
INFO - 01/27/26 10:26:55 - 0:14:39 - Running average train loss is 0.6673955488204956 at epoch 531
INFO - 01/27/26 10:26:55 - 0:14:39 - At 532-th epoch with lr 0.000548.
INFO - 01/27/26 10:26:57 - 0:14:40 - Running average train loss is 0.6676402449607849 at epoch 532
INFO - 01/27/26 10:26:57 - 0:14:40 - At 533-th epoch with lr 0.000548.
INFO - 01/27/26 10:26:58 - 0:14:42 - Running average train loss is 0.667489972114563 at epoch 533
INFO - 01/27/26 10:26:58 - 0:14:42 - At 534-th epoch with lr 0.000547.
INFO - 01/27/26 10:27:00 - 0:14:44 - Running average train loss is 0.6678117656707764 at epoch 534
INFO - 01/27/26 10:27:00 - 0:14:44 - At 535-th epoch with lr 0.000547.
INFO - 01/27/26 10:27:02 - 0:14:46 - Running average train loss is 0.6681320142745971 at epoch 535
INFO - 01/27/26 10:27:02 - 0:14:46 - At 536-th epoch with lr 0.000546.
INFO - 01/27/26 10:27:03 - 0:14:47 - Running average train loss is 0.6677046155929566 at epoch 536
INFO - 01/27/26 10:27:03 - 0:14:47 - At 537-th epoch with lr 0.000546.
INFO - 01/27/26 10:27:05 - 0:14:49 - Running average train loss is 0.6669325137138367 at epoch 537
INFO - 01/27/26 10:27:05 - 0:14:49 - At 538-th epoch with lr 0.000545.
INFO - 01/27/26 10:27:07 - 0:14:51 - Running average train loss is 0.6670955514907837 at epoch 538
INFO - 01/27/26 10:27:07 - 0:14:51 - At 539-th epoch with lr 0.000545.
INFO - 01/27/26 10:27:09 - 0:14:53 - Running average train loss is 0.666984212398529 at epoch 539
INFO - 01/27/26 10:27:09 - 0:14:53 - At 540-th epoch with lr 0.000544.
INFO - 01/27/26 10:27:10 - 0:14:54 - Running average train loss is 0.6671204686164856 at epoch 540
INFO - 01/27/26 10:27:10 - 0:14:54 - At 541-th epoch with lr 0.000544.
INFO - 01/27/26 10:27:12 - 0:14:56 - Running average train loss is 0.6672136569023133 at epoch 541
INFO - 01/27/26 10:27:12 - 0:14:56 - At 542-th epoch with lr 0.000543.
INFO - 01/27/26 10:27:14 - 0:14:58 - Running average train loss is 0.6675630807876587 at epoch 542
INFO - 01/27/26 10:27:14 - 0:14:58 - At 543-th epoch with lr 0.000543.
INFO - 01/27/26 10:27:16 - 0:14:59 - Running average train loss is 0.6679095983505249 at epoch 543
INFO - 01/27/26 10:27:16 - 0:14:59 - At 544-th epoch with lr 0.000542.
INFO - 01/27/26 10:27:17 - 0:15:01 - Running average train loss is 0.6675666975975036 at epoch 544
INFO - 01/27/26 10:27:17 - 0:15:01 - Average dev loss is 0.6798196037610372 at epoch 544
INFO - 01/27/26 10:27:18 - 0:15:02 - dev accuracy is 99.2 at epoch 544
INFO - 01/27/26 10:27:18 - 0:15:02 - dev average edit distance is 0.012 at epoch 544
INFO - 01/27/26 10:27:18 - 0:15:02 - At 545-th epoch with lr 0.000542.
INFO - 01/27/26 10:27:20 - 0:15:03 - Running average train loss is 0.6671677160263062 at epoch 545
INFO - 01/27/26 10:27:20 - 0:15:03 - At 546-th epoch with lr 0.000541.
INFO - 01/27/26 10:27:21 - 0:15:05 - Running average train loss is 0.6671069264411926 at epoch 546
INFO - 01/27/26 10:27:21 - 0:15:05 - At 547-th epoch with lr 0.000541.
INFO - 01/27/26 10:27:23 - 0:15:06 - Running average train loss is 0.6676029372215271 at epoch 547
INFO - 01/27/26 10:27:23 - 0:15:06 - At 548-th epoch with lr 0.000540.
INFO - 01/27/26 10:27:24 - 0:15:08 - Running average train loss is 0.6678375697135925 at epoch 548
INFO - 01/27/26 10:27:24 - 0:15:08 - At 549-th epoch with lr 0.000540.
INFO - 01/27/26 10:27:26 - 0:15:09 - Running average train loss is 0.6673636484146118 at epoch 549
INFO - 01/27/26 10:27:26 - 0:15:09 - At 550-th epoch with lr 0.000539.
INFO - 01/27/26 10:27:27 - 0:15:11 - Running average train loss is 0.6674574613571167 at epoch 550
INFO - 01/27/26 10:27:27 - 0:15:11 - At 551-th epoch with lr 0.000539.
INFO - 01/27/26 10:27:29 - 0:15:13 - Running average train loss is 0.667150330543518 at epoch 551
INFO - 01/27/26 10:27:29 - 0:15:13 - At 552-th epoch with lr 0.000538.
INFO - 01/27/26 10:27:30 - 0:15:14 - Running average train loss is 0.667835590839386 at epoch 552
INFO - 01/27/26 10:27:30 - 0:15:14 - At 553-th epoch with lr 0.000538.
INFO - 01/27/26 10:27:32 - 0:15:16 - Running average train loss is 0.667534749507904 at epoch 553
INFO - 01/27/26 10:27:32 - 0:15:16 - At 554-th epoch with lr 0.000537.
INFO - 01/27/26 10:27:34 - 0:15:18 - Running average train loss is 0.6671689438819886 at epoch 554
INFO - 01/27/26 10:27:34 - 0:15:18 - At 555-th epoch with lr 0.000537.
INFO - 01/27/26 10:27:36 - 0:15:20 - Running average train loss is 0.6675068736076355 at epoch 555
INFO - 01/27/26 10:27:36 - 0:15:20 - At 556-th epoch with lr 0.000536.
INFO - 01/27/26 10:27:38 - 0:15:21 - Running average train loss is 0.6674806308746338 at epoch 556
INFO - 01/27/26 10:27:38 - 0:15:21 - At 557-th epoch with lr 0.000536.
INFO - 01/27/26 10:27:39 - 0:15:23 - Running average train loss is 0.6673829483985901 at epoch 557
INFO - 01/27/26 10:27:39 - 0:15:23 - At 558-th epoch with lr 0.000535.
INFO - 01/27/26 10:27:41 - 0:15:25 - Running average train loss is 0.6676983308792114 at epoch 558
INFO - 01/27/26 10:27:41 - 0:15:25 - At 559-th epoch with lr 0.000535.
INFO - 01/27/26 10:27:43 - 0:15:26 - Running average train loss is 0.6675803732872009 at epoch 559
INFO - 01/27/26 10:27:43 - 0:15:26 - At 560-th epoch with lr 0.000535.
INFO - 01/27/26 10:27:44 - 0:15:28 - Running average train loss is 0.6672394561767578 at epoch 560
INFO - 01/27/26 10:27:44 - 0:15:28 - Average dev loss is 0.6782459616661072 at epoch 560
INFO - 01/27/26 10:27:45 - 0:15:28 - dev accuracy is 99.5 at epoch 560
INFO - 01/27/26 10:27:45 - 0:15:28 - dev average edit distance is 0.008 at epoch 560
INFO - 01/27/26 10:27:45 - 0:15:28 - At 561-th epoch with lr 0.000534.
INFO - 01/27/26 10:27:46 - 0:15:30 - Running average train loss is 0.6668288588523865 at epoch 561
INFO - 01/27/26 10:27:46 - 0:15:30 - At 562-th epoch with lr 0.000534.
INFO - 01/27/26 10:27:48 - 0:15:32 - Running average train loss is 0.6669660043716431 at epoch 562
INFO - 01/27/26 10:27:48 - 0:15:32 - At 563-th epoch with lr 0.000533.
INFO - 01/27/26 10:27:49 - 0:15:33 - Running average train loss is 0.6670691704750061 at epoch 563
INFO - 01/27/26 10:27:49 - 0:15:33 - At 564-th epoch with lr 0.000533.
INFO - 01/27/26 10:27:51 - 0:15:35 - Running average train loss is 0.6668068957328797 at epoch 564
INFO - 01/27/26 10:27:51 - 0:15:35 - At 565-th epoch with lr 0.000532.
INFO - 01/27/26 10:27:53 - 0:15:36 - Running average train loss is 0.666814169883728 at epoch 565
INFO - 01/27/26 10:27:53 - 0:15:36 - At 566-th epoch with lr 0.000532.
INFO - 01/27/26 10:27:54 - 0:15:38 - Running average train loss is 0.667138216495514 at epoch 566
INFO - 01/27/26 10:27:54 - 0:15:38 - At 567-th epoch with lr 0.000531.
INFO - 01/27/26 10:27:56 - 0:15:40 - Running average train loss is 0.6673539304733276 at epoch 567
INFO - 01/27/26 10:27:56 - 0:15:40 - At 568-th epoch with lr 0.000531.
INFO - 01/27/26 10:27:58 - 0:15:41 - Running average train loss is 0.6674802327156066 at epoch 568
INFO - 01/27/26 10:27:58 - 0:15:41 - At 569-th epoch with lr 0.000530.
INFO - 01/27/26 10:27:59 - 0:15:43 - Running average train loss is 0.667720627784729 at epoch 569
INFO - 01/27/26 10:27:59 - 0:15:43 - At 570-th epoch with lr 0.000530.
INFO - 01/27/26 10:28:01 - 0:15:45 - Running average train loss is 0.6671462535858155 at epoch 570
INFO - 01/27/26 10:28:01 - 0:15:45 - At 571-th epoch with lr 0.000529.
INFO - 01/27/26 10:28:03 - 0:15:46 - Running average train loss is 0.6672533988952637 at epoch 571
INFO - 01/27/26 10:28:03 - 0:15:46 - At 572-th epoch with lr 0.000529.
INFO - 01/27/26 10:28:04 - 0:15:48 - Running average train loss is 0.6673158121109009 at epoch 572
INFO - 01/27/26 10:28:04 - 0:15:48 - At 573-th epoch with lr 0.000528.
INFO - 01/27/26 10:28:06 - 0:15:50 - Running average train loss is 0.6674698829650879 at epoch 573
INFO - 01/27/26 10:28:06 - 0:15:50 - At 574-th epoch with lr 0.000528.
INFO - 01/27/26 10:28:08 - 0:15:51 - Running average train loss is 0.6673181653022766 at epoch 574
INFO - 01/27/26 10:28:08 - 0:15:51 - At 575-th epoch with lr 0.000528.
INFO - 01/27/26 10:28:09 - 0:15:53 - Running average train loss is 0.66721519947052 at epoch 575
INFO - 01/27/26 10:28:09 - 0:15:53 - At 576-th epoch with lr 0.000527.
INFO - 01/27/26 10:28:11 - 0:15:55 - Running average train loss is 0.6672291874885559 at epoch 576
INFO - 01/27/26 10:28:11 - 0:15:55 - Average dev loss is 0.6779641707738241 at epoch 576
INFO - 01/27/26 10:28:12 - 0:15:55 - dev accuracy is 99.4 at epoch 576
INFO - 01/27/26 10:28:12 - 0:15:55 - dev average edit distance is 0.01 at epoch 576
INFO - 01/27/26 10:28:12 - 0:15:55 - At 577-th epoch with lr 0.000527.
INFO - 01/27/26 10:28:13 - 0:15:57 - Running average train loss is 0.6668893194198608 at epoch 577
INFO - 01/27/26 10:28:13 - 0:15:57 - At 578-th epoch with lr 0.000526.
INFO - 01/27/26 10:28:15 - 0:15:59 - Running average train loss is 0.6671793508529663 at epoch 578
INFO - 01/27/26 10:28:15 - 0:15:59 - At 579-th epoch with lr 0.000526.
INFO - 01/27/26 10:28:17 - 0:16:01 - Running average train loss is 0.666818585395813 at epoch 579
INFO - 01/27/26 10:28:17 - 0:16:01 - At 580-th epoch with lr 0.000525.
INFO - 01/27/26 10:28:18 - 0:16:02 - Running average train loss is 0.6670671606063843 at epoch 580
INFO - 01/27/26 10:28:18 - 0:16:02 - At 581-th epoch with lr 0.000525.
INFO - 01/27/26 10:28:20 - 0:16:04 - Running average train loss is 0.6672636866569519 at epoch 581
INFO - 01/27/26 10:28:20 - 0:16:04 - At 582-th epoch with lr 0.000524.
INFO - 01/27/26 10:28:22 - 0:16:06 - Running average train loss is 0.6671581578254699 at epoch 582
INFO - 01/27/26 10:28:22 - 0:16:06 - At 583-th epoch with lr 0.000524.
INFO - 01/27/26 10:28:23 - 0:16:07 - Running average train loss is 0.6670465087890625 at epoch 583
INFO - 01/27/26 10:28:23 - 0:16:07 - At 584-th epoch with lr 0.000523.
INFO - 01/27/26 10:28:25 - 0:16:09 - Running average train loss is 0.6668240022659302 at epoch 584
INFO - 01/27/26 10:28:25 - 0:16:09 - At 585-th epoch with lr 0.000523.
INFO - 01/27/26 10:28:26 - 0:16:10 - Running average train loss is 0.6670097613334656 at epoch 585
INFO - 01/27/26 10:28:26 - 0:16:10 - At 586-th epoch with lr 0.000523.
INFO - 01/27/26 10:28:28 - 0:16:12 - Running average train loss is 0.6672074961662292 at epoch 586
INFO - 01/27/26 10:28:28 - 0:16:12 - At 587-th epoch with lr 0.000522.
INFO - 01/27/26 10:28:30 - 0:16:13 - Running average train loss is 0.6676209831237793 at epoch 587
INFO - 01/27/26 10:28:30 - 0:16:13 - At 588-th epoch with lr 0.000522.
INFO - 01/27/26 10:28:31 - 0:16:15 - Running average train loss is 0.6678324604034424 at epoch 588
INFO - 01/27/26 10:28:31 - 0:16:15 - At 589-th epoch with lr 0.000521.
INFO - 01/27/26 10:28:33 - 0:16:16 - Running average train loss is 0.6675242877006531 at epoch 589
INFO - 01/27/26 10:28:33 - 0:16:16 - At 590-th epoch with lr 0.000521.
INFO - 01/27/26 10:28:34 - 0:16:18 - Running average train loss is 0.6667847394943237 at epoch 590
INFO - 01/27/26 10:28:34 - 0:16:18 - At 591-th epoch with lr 0.000520.
INFO - 01/27/26 10:28:36 - 0:16:19 - Running average train loss is 0.666903772354126 at epoch 591
INFO - 01/27/26 10:28:36 - 0:16:19 - At 592-th epoch with lr 0.000520.
INFO - 01/27/26 10:28:37 - 0:16:21 - Running average train loss is 0.666996111869812 at epoch 592
INFO - 01/27/26 10:28:37 - 0:16:21 - Average dev loss is 0.6765193939208984 at epoch 592
INFO - 01/27/26 10:28:38 - 0:16:21 - dev accuracy is 99.8 at epoch 592
INFO - 01/27/26 10:28:38 - 0:16:21 - dev average edit distance is 0.002 at epoch 592
INFO - 01/27/26 10:28:38 - 0:16:22 - At 593-th epoch with lr 0.000519.
INFO - 01/27/26 10:28:39 - 0:16:23 - Running average train loss is 0.66719731092453 at epoch 593
INFO - 01/27/26 10:28:39 - 0:16:23 - At 594-th epoch with lr 0.000519.
INFO - 01/27/26 10:28:41 - 0:16:25 - Running average train loss is 0.6673525023460388 at epoch 594
INFO - 01/27/26 10:28:41 - 0:16:25 - At 595-th epoch with lr 0.000519.
INFO - 01/27/26 10:28:42 - 0:16:26 - Running average train loss is 0.6667962002754212 at epoch 595
INFO - 01/27/26 10:28:42 - 0:16:26 - At 596-th epoch with lr 0.000518.
INFO - 01/27/26 10:28:44 - 0:16:28 - Running average train loss is 0.6676634454727173 at epoch 596
INFO - 01/27/26 10:28:44 - 0:16:28 - At 597-th epoch with lr 0.000518.
INFO - 01/27/26 10:28:45 - 0:16:29 - Running average train loss is 0.667028682231903 at epoch 597
INFO - 01/27/26 10:28:45 - 0:16:29 - At 598-th epoch with lr 0.000517.
INFO - 01/27/26 10:28:47 - 0:16:31 - Running average train loss is 0.6672384071350098 at epoch 598
INFO - 01/27/26 10:28:47 - 0:16:31 - At 599-th epoch with lr 0.000517.
INFO - 01/27/26 10:28:49 - 0:16:32 - Running average train loss is 0.6673361706733704 at epoch 599
INFO - 01/27/26 10:28:49 - 0:16:32 - At 600-th epoch with lr 0.000516.
INFO - 01/27/26 10:28:50 - 0:16:34 - Running average train loss is 0.6670677876472473 at epoch 600
INFO - 01/27/26 10:28:50 - 0:16:34 - At 601-th epoch with lr 0.000516.
INFO - 01/27/26 10:28:52 - 0:16:35 - Running average train loss is 0.6674031829833984 at epoch 601
INFO - 01/27/26 10:28:52 - 0:16:35 - At 602-th epoch with lr 0.000516.
INFO - 01/27/26 10:28:53 - 0:16:37 - Running average train loss is 0.6672415661811829 at epoch 602
INFO - 01/27/26 10:28:53 - 0:16:37 - At 603-th epoch with lr 0.000515.
INFO - 01/27/26 10:28:55 - 0:16:38 - Running average train loss is 0.6670760536193847 at epoch 603
INFO - 01/27/26 10:28:55 - 0:16:38 - At 604-th epoch with lr 0.000515.
INFO - 01/27/26 10:28:56 - 0:16:40 - Running average train loss is 0.6671086168289184 at epoch 604
INFO - 01/27/26 10:28:56 - 0:16:40 - At 605-th epoch with lr 0.000514.
INFO - 01/27/26 10:28:58 - 0:16:42 - Running average train loss is 0.6670168733596802 at epoch 605
INFO - 01/27/26 10:28:58 - 0:16:42 - At 606-th epoch with lr 0.000514.
INFO - 01/27/26 10:28:59 - 0:16:43 - Running average train loss is 0.667011194229126 at epoch 606
INFO - 01/27/26 10:28:59 - 0:16:43 - At 607-th epoch with lr 0.000513.
INFO - 01/27/26 10:29:01 - 0:16:45 - Running average train loss is 0.6666269302368164 at epoch 607
INFO - 01/27/26 10:29:01 - 0:16:45 - At 608-th epoch with lr 0.000513.
INFO - 01/27/26 10:29:02 - 0:16:46 - Running average train loss is 0.6670026087760925 at epoch 608
INFO - 01/27/26 10:29:02 - 0:16:46 - Average dev loss is 0.6766312122344971 at epoch 608
INFO - 01/27/26 10:29:03 - 0:16:47 - dev accuracy is 99.5 at epoch 608
INFO - 01/27/26 10:29:03 - 0:16:47 - dev average edit distance is 0.007 at epoch 608
INFO - 01/27/26 10:29:03 - 0:16:47 - At 609-th epoch with lr 0.000513.
INFO - 01/27/26 10:29:04 - 0:16:48 - Running average train loss is 0.6670842194557189 at epoch 609
INFO - 01/27/26 10:29:04 - 0:16:48 - At 610-th epoch with lr 0.000512.
INFO - 01/27/26 10:29:06 - 0:16:50 - Running average train loss is 0.6674776077270508 at epoch 610
INFO - 01/27/26 10:29:06 - 0:16:50 - At 611-th epoch with lr 0.000512.
INFO - 01/27/26 10:29:08 - 0:16:51 - Running average train loss is 0.6672166752815246 at epoch 611
INFO - 01/27/26 10:29:08 - 0:16:51 - At 612-th epoch with lr 0.000511.
INFO - 01/27/26 10:29:09 - 0:16:53 - Running average train loss is 0.6669099569320679 at epoch 612
INFO - 01/27/26 10:29:09 - 0:16:53 - At 613-th epoch with lr 0.000511.
INFO - 01/27/26 10:29:11 - 0:16:54 - Running average train loss is 0.6669770169258118 at epoch 613
INFO - 01/27/26 10:29:11 - 0:16:54 - At 614-th epoch with lr 0.000510.
INFO - 01/27/26 10:29:12 - 0:16:56 - Running average train loss is 0.6669240236282349 at epoch 614
INFO - 01/27/26 10:29:12 - 0:16:56 - At 615-th epoch with lr 0.000510.
INFO - 01/27/26 10:29:14 - 0:16:57 - Running average train loss is 0.666767554283142 at epoch 615
INFO - 01/27/26 10:29:14 - 0:16:57 - At 616-th epoch with lr 0.000510.
INFO - 01/27/26 10:29:15 - 0:16:59 - Running average train loss is 0.6670042133331299 at epoch 616
INFO - 01/27/26 10:29:15 - 0:16:59 - At 617-th epoch with lr 0.000509.
INFO - 01/27/26 10:29:17 - 0:17:01 - Running average train loss is 0.6670603346824646 at epoch 617
INFO - 01/27/26 10:29:17 - 0:17:01 - At 618-th epoch with lr 0.000509.
INFO - 01/27/26 10:29:18 - 0:17:02 - Running average train loss is 0.6673013758659363 at epoch 618
INFO - 01/27/26 10:29:18 - 0:17:02 - At 619-th epoch with lr 0.000508.
INFO - 01/27/26 10:29:20 - 0:17:04 - Running average train loss is 0.6668590331077575 at epoch 619
INFO - 01/27/26 10:29:20 - 0:17:04 - At 620-th epoch with lr 0.000508.
INFO - 01/27/26 10:29:21 - 0:17:05 - Running average train loss is 0.6668058037757874 at epoch 620
INFO - 01/27/26 10:29:21 - 0:17:05 - At 621-th epoch with lr 0.000508.
INFO - 01/27/26 10:29:23 - 0:17:07 - Running average train loss is 0.6667408442497254 at epoch 621
INFO - 01/27/26 10:29:23 - 0:17:07 - At 622-th epoch with lr 0.000507.
INFO - 01/27/26 10:29:24 - 0:17:08 - Running average train loss is 0.667076027393341 at epoch 622
INFO - 01/27/26 10:29:24 - 0:17:08 - At 623-th epoch with lr 0.000507.
INFO - 01/27/26 10:29:26 - 0:17:10 - Running average train loss is 0.6666998863220215 at epoch 623
INFO - 01/27/26 10:29:26 - 0:17:10 - At 624-th epoch with lr 0.000506.
INFO - 01/27/26 10:29:28 - 0:17:11 - Running average train loss is 0.667162115573883 at epoch 624
INFO - 01/27/26 10:29:28 - 0:17:11 - Average dev loss is 0.6771332422892252 at epoch 624
INFO - 01/27/26 10:29:28 - 0:17:12 - dev accuracy is 99.3 at epoch 624
INFO - 01/27/26 10:29:28 - 0:17:12 - dev average edit distance is 0.011 at epoch 624
INFO - 01/27/26 10:29:28 - 0:17:12 - At 625-th epoch with lr 0.000506.
INFO - 01/27/26 10:29:30 - 0:17:13 - Running average train loss is 0.6672780585289001 at epoch 625
INFO - 01/27/26 10:29:30 - 0:17:13 - At 626-th epoch with lr 0.000506.
INFO - 01/27/26 10:29:31 - 0:17:15 - Running average train loss is 0.6672480058670044 at epoch 626
INFO - 01/27/26 10:29:31 - 0:17:15 - At 627-th epoch with lr 0.000505.
INFO - 01/27/26 10:29:33 - 0:17:17 - Running average train loss is 0.6667872905731201 at epoch 627
INFO - 01/27/26 10:29:33 - 0:17:17 - At 628-th epoch with lr 0.000505.
INFO - 01/27/26 10:29:34 - 0:17:18 - Running average train loss is 0.6670066857337952 at epoch 628
INFO - 01/27/26 10:29:34 - 0:17:18 - At 629-th epoch with lr 0.000504.
INFO - 01/27/26 10:29:36 - 0:17:20 - Running average train loss is 0.6666271281242371 at epoch 629
INFO - 01/27/26 10:29:36 - 0:17:20 - At 630-th epoch with lr 0.000504.
INFO - 01/27/26 10:29:37 - 0:17:21 - Running average train loss is 0.6666087317466736 at epoch 630
INFO - 01/27/26 10:29:37 - 0:17:21 - At 631-th epoch with lr 0.000504.
INFO - 01/27/26 10:29:39 - 0:17:23 - Running average train loss is 0.6669929599761963 at epoch 631
INFO - 01/27/26 10:29:39 - 0:17:23 - At 632-th epoch with lr 0.000503.
INFO - 01/27/26 10:29:40 - 0:17:24 - Running average train loss is 0.6672849559783935 at epoch 632
INFO - 01/27/26 10:29:40 - 0:17:24 - At 633-th epoch with lr 0.000503.
INFO - 01/27/26 10:29:42 - 0:17:26 - Running average train loss is 0.6668970441818237 at epoch 633
INFO - 01/27/26 10:29:42 - 0:17:26 - At 634-th epoch with lr 0.000502.
INFO - 01/27/26 10:29:44 - 0:17:27 - Running average train loss is 0.6673297452926635 at epoch 634
INFO - 01/27/26 10:29:44 - 0:17:27 - At 635-th epoch with lr 0.000502.
INFO - 01/27/26 10:29:45 - 0:17:29 - Running average train loss is 0.6667996740341187 at epoch 635
INFO - 01/27/26 10:29:45 - 0:17:29 - At 636-th epoch with lr 0.000502.
INFO - 01/27/26 10:29:47 - 0:17:30 - Running average train loss is 0.6671011614799499 at epoch 636
INFO - 01/27/26 10:29:47 - 0:17:30 - At 637-th epoch with lr 0.000501.
INFO - 01/27/26 10:29:48 - 0:17:32 - Running average train loss is 0.6668229866027832 at epoch 637
INFO - 01/27/26 10:29:48 - 0:17:32 - At 638-th epoch with lr 0.000501.
INFO - 01/27/26 10:29:50 - 0:17:34 - Running average train loss is 0.6669030332565308 at epoch 638
INFO - 01/27/26 10:29:50 - 0:17:34 - At 639-th epoch with lr 0.000500.
INFO - 01/27/26 10:29:51 - 0:17:35 - Running average train loss is 0.6672561740875245 at epoch 639
INFO - 01/27/26 10:29:51 - 0:17:35 - At 640-th epoch with lr 0.000500.
INFO - 01/27/26 10:29:53 - 0:17:37 - Running average train loss is 0.6669917893409729 at epoch 640
INFO - 01/27/26 10:29:53 - 0:17:37 - Average dev loss is 0.6781246860822042 at epoch 640
INFO - 01/27/26 10:29:53 - 0:17:37 - dev accuracy is 99.3 at epoch 640
INFO - 01/27/26 10:29:53 - 0:17:37 - dev average edit distance is 0.011 at epoch 640
INFO - 01/27/26 10:29:53 - 0:17:37 - At 641-th epoch with lr 0.000500.
INFO - 01/27/26 10:29:55 - 0:17:39 - Running average train loss is 0.6675718474388123 at epoch 641
INFO - 01/27/26 10:29:55 - 0:17:39 - At 642-th epoch with lr 0.000499.
INFO - 01/27/26 10:29:56 - 0:17:40 - Running average train loss is 0.6671175479888916 at epoch 642
INFO - 01/27/26 10:29:56 - 0:17:40 - At 643-th epoch with lr 0.000499.
INFO - 01/27/26 10:29:58 - 0:17:42 - Running average train loss is 0.6666860032081604 at epoch 643
INFO - 01/27/26 10:29:58 - 0:17:42 - At 644-th epoch with lr 0.000498.
INFO - 01/27/26 10:30:00 - 0:17:43 - Running average train loss is 0.6671341633796692 at epoch 644
INFO - 01/27/26 10:30:00 - 0:17:43 - At 645-th epoch with lr 0.000498.
INFO - 01/27/26 10:30:01 - 0:17:45 - Running average train loss is 0.6666990184783935 at epoch 645
INFO - 01/27/26 10:30:01 - 0:17:45 - At 646-th epoch with lr 0.000498.
INFO - 01/27/26 10:30:03 - 0:17:46 - Running average train loss is 0.6671442055702209 at epoch 646
INFO - 01/27/26 10:30:03 - 0:17:46 - At 647-th epoch with lr 0.000497.
INFO - 01/27/26 10:30:04 - 0:17:48 - Running average train loss is 0.6667280745506287 at epoch 647
INFO - 01/27/26 10:30:04 - 0:17:48 - At 648-th epoch with lr 0.000497.
INFO - 01/27/26 10:30:06 - 0:17:50 - Running average train loss is 0.6671608567237854 at epoch 648
INFO - 01/27/26 10:30:06 - 0:17:50 - At 649-th epoch with lr 0.000497.
INFO - 01/27/26 10:30:07 - 0:17:51 - Running average train loss is 0.6671121573448181 at epoch 649
INFO - 01/27/26 10:30:07 - 0:17:51 - At 650-th epoch with lr 0.000496.
INFO - 01/27/26 10:30:09 - 0:17:53 - Running average train loss is 0.667138135433197 at epoch 650
INFO - 01/27/26 10:30:09 - 0:17:53 - At 651-th epoch with lr 0.000496.
INFO - 01/27/26 10:30:10 - 0:17:54 - Running average train loss is 0.6668734788894654 at epoch 651
INFO - 01/27/26 10:30:10 - 0:17:54 - At 652-th epoch with lr 0.000495.
INFO - 01/27/26 10:30:12 - 0:17:56 - Running average train loss is 0.6667872667312622 at epoch 652
INFO - 01/27/26 10:30:12 - 0:17:56 - At 653-th epoch with lr 0.000495.
INFO - 01/27/26 10:30:13 - 0:17:57 - Running average train loss is 0.6666516947746277 at epoch 653
INFO - 01/27/26 10:30:13 - 0:17:57 - At 654-th epoch with lr 0.000495.
INFO - 01/27/26 10:30:15 - 0:17:59 - Running average train loss is 0.6667009830474854 at epoch 654
INFO - 01/27/26 10:30:15 - 0:17:59 - At 655-th epoch with lr 0.000494.
INFO - 01/27/26 10:30:17 - 0:18:00 - Running average train loss is 0.666694655418396 at epoch 655
INFO - 01/27/26 10:30:17 - 0:18:00 - At 656-th epoch with lr 0.000494.
INFO - 01/27/26 10:30:18 - 0:18:02 - Running average train loss is 0.6671763372421264 at epoch 656
INFO - 01/27/26 10:30:18 - 0:18:02 - Average dev loss is 0.675341526667277 at epoch 656
INFO - 01/27/26 10:30:19 - 0:18:02 - dev accuracy is 99.8 at epoch 656
INFO - 01/27/26 10:30:19 - 0:18:02 - dev average edit distance is 0.002 at epoch 656
INFO - 01/27/26 10:30:19 - 0:18:02 - At 657-th epoch with lr 0.000493.
INFO - 01/27/26 10:30:20 - 0:18:04 - Running average train loss is 0.6671989345550537 at epoch 657
INFO - 01/27/26 10:30:20 - 0:18:04 - At 658-th epoch with lr 0.000493.
INFO - 01/27/26 10:30:22 - 0:18:05 - Running average train loss is 0.6669339060783386 at epoch 658
INFO - 01/27/26 10:30:22 - 0:18:05 - At 659-th epoch with lr 0.000493.
INFO - 01/27/26 10:30:23 - 0:18:07 - Running average train loss is 0.6668903946876525 at epoch 659
INFO - 01/27/26 10:30:23 - 0:18:07 - At 660-th epoch with lr 0.000492.
INFO - 01/27/26 10:30:25 - 0:18:09 - Running average train loss is 0.667113926410675 at epoch 660
INFO - 01/27/26 10:30:25 - 0:18:09 - At 661-th epoch with lr 0.000492.
INFO - 01/27/26 10:30:26 - 0:18:10 - Running average train loss is 0.6666538524627685 at epoch 661
INFO - 01/27/26 10:30:26 - 0:18:10 - At 662-th epoch with lr 0.000492.
INFO - 01/27/26 10:30:28 - 0:18:12 - Running average train loss is 0.6665486407279968 at epoch 662
INFO - 01/27/26 10:30:28 - 0:18:12 - At 663-th epoch with lr 0.000491.
INFO - 01/27/26 10:30:29 - 0:18:13 - Running average train loss is 0.6666246247291565 at epoch 663
INFO - 01/27/26 10:30:29 - 0:18:13 - At 664-th epoch with lr 0.000491.
INFO - 01/27/26 10:30:31 - 0:18:15 - Running average train loss is 0.6668501448631287 at epoch 664
INFO - 01/27/26 10:30:31 - 0:18:15 - At 665-th epoch with lr 0.000491.
INFO - 01/27/26 10:30:33 - 0:18:16 - Running average train loss is 0.6672305870056152 at epoch 665
INFO - 01/27/26 10:30:33 - 0:18:16 - At 666-th epoch with lr 0.000490.
INFO - 01/27/26 10:30:34 - 0:18:18 - Running average train loss is 0.666792311668396 at epoch 666
INFO - 01/27/26 10:30:34 - 0:18:18 - At 667-th epoch with lr 0.000490.
INFO - 01/27/26 10:30:36 - 0:18:19 - Running average train loss is 0.6666396450996399 at epoch 667
INFO - 01/27/26 10:30:36 - 0:18:19 - At 668-th epoch with lr 0.000489.
INFO - 01/27/26 10:30:37 - 0:18:21 - Running average train loss is 0.66674880027771 at epoch 668
INFO - 01/27/26 10:30:37 - 0:18:21 - At 669-th epoch with lr 0.000489.
INFO - 01/27/26 10:30:39 - 0:18:22 - Running average train loss is 0.6666262555122375 at epoch 669
INFO - 01/27/26 10:30:39 - 0:18:22 - At 670-th epoch with lr 0.000489.
INFO - 01/27/26 10:30:40 - 0:18:24 - Running average train loss is 0.6668410015106201 at epoch 670
INFO - 01/27/26 10:30:40 - 0:18:24 - At 671-th epoch with lr 0.000488.
INFO - 01/27/26 10:30:42 - 0:18:26 - Running average train loss is 0.6671374964714051 at epoch 671
INFO - 01/27/26 10:30:42 - 0:18:26 - At 672-th epoch with lr 0.000488.
INFO - 01/27/26 10:30:43 - 0:18:27 - Running average train loss is 0.6669556498527527 at epoch 672
INFO - 01/27/26 10:30:43 - 0:18:27 - Average dev loss is 0.675332268079122 at epoch 672
INFO - 01/27/26 10:30:44 - 0:18:28 - dev accuracy is 99.8 at epoch 672
INFO - 01/27/26 10:30:44 - 0:18:28 - dev average edit distance is 0.002 at epoch 672
INFO - 01/27/26 10:30:44 - 0:18:28 - At 673-th epoch with lr 0.000488.
INFO - 01/27/26 10:30:45 - 0:18:29 - Running average train loss is 0.667417917251587 at epoch 673
INFO - 01/27/26 10:30:45 - 0:18:29 - At 674-th epoch with lr 0.000487.
INFO - 01/27/26 10:30:47 - 0:18:31 - Running average train loss is 0.6671861219406128 at epoch 674
INFO - 01/27/26 10:30:47 - 0:18:31 - At 675-th epoch with lr 0.000487.
INFO - 01/27/26 10:30:49 - 0:18:32 - Running average train loss is 0.6673343348503112 at epoch 675
INFO - 01/27/26 10:30:49 - 0:18:32 - At 676-th epoch with lr 0.000487.
INFO - 01/27/26 10:30:50 - 0:18:34 - Running average train loss is 0.6671206140518189 at epoch 676
INFO - 01/27/26 10:30:50 - 0:18:34 - At 677-th epoch with lr 0.000486.
INFO - 01/27/26 10:30:52 - 0:18:35 - Running average train loss is 0.6668084001541138 at epoch 677
INFO - 01/27/26 10:30:52 - 0:18:35 - At 678-th epoch with lr 0.000486.
INFO - 01/27/26 10:30:53 - 0:18:37 - Running average train loss is 0.6665809750556946 at epoch 678
INFO - 01/27/26 10:30:53 - 0:18:37 - At 679-th epoch with lr 0.000485.
INFO - 01/27/26 10:30:55 - 0:18:38 - Running average train loss is 0.667065839767456 at epoch 679
INFO - 01/27/26 10:30:55 - 0:18:38 - At 680-th epoch with lr 0.000485.
INFO - 01/27/26 10:30:56 - 0:18:40 - Running average train loss is 0.6669106221199036 at epoch 680
INFO - 01/27/26 10:30:56 - 0:18:40 - At 681-th epoch with lr 0.000485.
INFO - 01/27/26 10:30:58 - 0:18:42 - Running average train loss is 0.6665507674217224 at epoch 681
INFO - 01/27/26 10:30:58 - 0:18:42 - At 682-th epoch with lr 0.000484.
INFO - 01/27/26 10:30:59 - 0:18:43 - Running average train loss is 0.6668025875091552 at epoch 682
INFO - 01/27/26 10:30:59 - 0:18:43 - At 683-th epoch with lr 0.000484.
INFO - 01/27/26 10:31:01 - 0:18:45 - Running average train loss is 0.6665575480461121 at epoch 683
INFO - 01/27/26 10:31:01 - 0:18:45 - At 684-th epoch with lr 0.000484.
INFO - 01/27/26 10:31:02 - 0:18:46 - Running average train loss is 0.6668517184257508 at epoch 684
INFO - 01/27/26 10:31:02 - 0:18:46 - At 685-th epoch with lr 0.000483.
INFO - 01/27/26 10:31:04 - 0:18:48 - Running average train loss is 0.667227725982666 at epoch 685
INFO - 01/27/26 10:31:04 - 0:18:48 - At 686-th epoch with lr 0.000483.
INFO - 01/27/26 10:31:06 - 0:18:49 - Running average train loss is 0.6670311427116394 at epoch 686
INFO - 01/27/26 10:31:06 - 0:18:49 - At 687-th epoch with lr 0.000483.
INFO - 01/27/26 10:31:07 - 0:18:51 - Running average train loss is 0.666843810081482 at epoch 687
INFO - 01/27/26 10:31:07 - 0:18:51 - At 688-th epoch with lr 0.000482.
INFO - 01/27/26 10:31:09 - 0:18:52 - Running average train loss is 0.6671486759185791 at epoch 688
INFO - 01/27/26 10:31:09 - 0:18:52 - Average dev loss is 0.6787528991699219 at epoch 688
INFO - 01/27/26 10:31:09 - 0:18:53 - dev accuracy is 99.3 at epoch 688
INFO - 01/27/26 10:31:09 - 0:18:53 - dev average edit distance is 0.011 at epoch 688
INFO - 01/27/26 10:31:09 - 0:18:53 - At 689-th epoch with lr 0.000482.
INFO - 01/27/26 10:31:11 - 0:18:54 - Running average train loss is 0.6667675590515136 at epoch 689
INFO - 01/27/26 10:31:11 - 0:18:54 - At 690-th epoch with lr 0.000482.
INFO - 01/27/26 10:31:12 - 0:18:56 - Running average train loss is 0.6668025708198547 at epoch 690
INFO - 01/27/26 10:31:12 - 0:18:56 - At 691-th epoch with lr 0.000481.
INFO - 01/27/26 10:31:14 - 0:18:58 - Running average train loss is 0.6663760948181152 at epoch 691
INFO - 01/27/26 10:31:14 - 0:18:58 - At 692-th epoch with lr 0.000481.
INFO - 01/27/26 10:31:15 - 0:18:59 - Running average train loss is 0.666842896938324 at epoch 692
INFO - 01/27/26 10:31:15 - 0:18:59 - At 693-th epoch with lr 0.000480.
INFO - 01/27/26 10:31:17 - 0:19:01 - Running average train loss is 0.6669729685783387 at epoch 693
INFO - 01/27/26 10:31:17 - 0:19:01 - At 694-th epoch with lr 0.000480.
INFO - 01/27/26 10:31:18 - 0:19:02 - Running average train loss is 0.6670621943473816 at epoch 694
INFO - 01/27/26 10:31:18 - 0:19:02 - At 695-th epoch with lr 0.000480.
INFO - 01/27/26 10:31:20 - 0:19:04 - Running average train loss is 0.6671360516548157 at epoch 695
INFO - 01/27/26 10:31:20 - 0:19:04 - At 696-th epoch with lr 0.000479.
INFO - 01/27/26 10:31:21 - 0:19:05 - Running average train loss is 0.6671884441375733 at epoch 696
INFO - 01/27/26 10:31:21 - 0:19:05 - At 697-th epoch with lr 0.000479.
INFO - 01/27/26 10:31:23 - 0:19:07 - Running average train loss is 0.666820137500763 at epoch 697
INFO - 01/27/26 10:31:23 - 0:19:07 - At 698-th epoch with lr 0.000479.
INFO - 01/27/26 10:31:25 - 0:19:08 - Running average train loss is 0.6664956140518189 at epoch 698
INFO - 01/27/26 10:31:25 - 0:19:08 - At 699-th epoch with lr 0.000478.
INFO - 01/27/26 10:31:26 - 0:19:10 - Running average train loss is 0.6665265607833862 at epoch 699
INFO - 01/27/26 10:31:26 - 0:19:10 - At 700-th epoch with lr 0.000478.
INFO - 01/27/26 10:31:28 - 0:19:11 - Running average train loss is 0.6665511322021485 at epoch 700
INFO - 01/27/26 10:31:28 - 0:19:11 - At 701-th epoch with lr 0.000478.
INFO - 01/27/26 10:31:29 - 0:19:13 - Running average train loss is 0.6665708518028259 at epoch 701
INFO - 01/27/26 10:31:29 - 0:19:13 - At 702-th epoch with lr 0.000477.
INFO - 01/27/26 10:31:31 - 0:19:15 - Running average train loss is 0.666946005821228 at epoch 702
INFO - 01/27/26 10:31:31 - 0:19:15 - At 703-th epoch with lr 0.000477.
INFO - 01/27/26 10:31:32 - 0:19:16 - Running average train loss is 0.6666899561882019 at epoch 703
INFO - 01/27/26 10:31:32 - 0:19:16 - At 704-th epoch with lr 0.000477.
INFO - 01/27/26 10:31:34 - 0:19:18 - Running average train loss is 0.666699674129486 at epoch 704
INFO - 01/27/26 10:31:34 - 0:19:18 - Average dev loss is 0.6751465996106466 at epoch 704
INFO - 01/27/26 10:31:34 - 0:19:18 - dev accuracy is 99.8 at epoch 704
INFO - 01/27/26 10:31:34 - 0:19:18 - dev average edit distance is 0.002 at epoch 704
INFO - 01/27/26 10:31:34 - 0:19:18 - At 705-th epoch with lr 0.000476.
INFO - 01/27/26 10:31:36 - 0:19:20 - Running average train loss is 0.6667863130569458 at epoch 705
INFO - 01/27/26 10:31:36 - 0:19:20 - At 706-th epoch with lr 0.000476.
INFO - 01/27/26 10:31:37 - 0:19:21 - Running average train loss is 0.6670305562019349 at epoch 706
INFO - 01/27/26 10:31:37 - 0:19:21 - At 707-th epoch with lr 0.000476.
INFO - 01/27/26 10:31:39 - 0:19:23 - Running average train loss is 0.6673134589195251 at epoch 707
INFO - 01/27/26 10:31:39 - 0:19:23 - At 708-th epoch with lr 0.000475.
INFO - 01/27/26 10:31:41 - 0:19:24 - Running average train loss is 0.6665557980537414 at epoch 708
INFO - 01/27/26 10:31:41 - 0:19:24 - At 709-th epoch with lr 0.000475.
INFO - 01/27/26 10:31:42 - 0:19:26 - Running average train loss is 0.666640100479126 at epoch 709
INFO - 01/27/26 10:31:42 - 0:19:26 - At 710-th epoch with lr 0.000475.
INFO - 01/27/26 10:31:44 - 0:19:27 - Running average train loss is 0.6667011880874634 at epoch 710
INFO - 01/27/26 10:31:44 - 0:19:27 - At 711-th epoch with lr 0.000474.
INFO - 01/27/26 10:31:45 - 0:19:29 - Running average train loss is 0.6664216947555542 at epoch 711
INFO - 01/27/26 10:31:45 - 0:19:29 - At 712-th epoch with lr 0.000474.
INFO - 01/27/26 10:31:47 - 0:19:30 - Running average train loss is 0.6662591814994812 at epoch 712
INFO - 01/27/26 10:31:47 - 0:19:30 - At 713-th epoch with lr 0.000474.
INFO - 01/27/26 10:31:48 - 0:19:32 - Running average train loss is 0.6667155122756958 at epoch 713
INFO - 01/27/26 10:31:48 - 0:19:32 - At 714-th epoch with lr 0.000473.
INFO - 01/27/26 10:31:50 - 0:19:34 - Running average train loss is 0.666811933517456 at epoch 714
INFO - 01/27/26 10:31:50 - 0:19:34 - At 715-th epoch with lr 0.000473.
INFO - 01/27/26 10:31:51 - 0:19:35 - Running average train loss is 0.6667095613479614 at epoch 715
INFO - 01/27/26 10:31:51 - 0:19:35 - At 716-th epoch with lr 0.000473.
INFO - 01/27/26 10:31:53 - 0:19:37 - Running average train loss is 0.666676378250122 at epoch 716
INFO - 01/27/26 10:31:53 - 0:19:37 - At 717-th epoch with lr 0.000472.
INFO - 01/27/26 10:31:54 - 0:19:38 - Running average train loss is 0.666861355304718 at epoch 717
INFO - 01/27/26 10:31:54 - 0:19:38 - At 718-th epoch with lr 0.000472.
INFO - 01/27/26 10:31:56 - 0:19:40 - Running average train loss is 0.6669004392623902 at epoch 718
INFO - 01/27/26 10:31:56 - 0:19:40 - At 719-th epoch with lr 0.000472.
INFO - 01/27/26 10:31:58 - 0:19:41 - Running average train loss is 0.6665587592124939 at epoch 719
INFO - 01/27/26 10:31:58 - 0:19:41 - At 720-th epoch with lr 0.000471.
INFO - 01/27/26 10:31:59 - 0:19:43 - Running average train loss is 0.666435227394104 at epoch 720
INFO - 01/27/26 10:31:59 - 0:19:43 - Average dev loss is 0.674949069817861 at epoch 720
INFO - 01/27/26 10:31:59 - 0:19:43 - dev accuracy is 99.7 at epoch 720
INFO - 01/27/26 10:31:59 - 0:19:43 - dev average edit distance is 0.003 at epoch 720
INFO - 01/27/26 10:32:00 - 0:19:43 - At 721-th epoch with lr 0.000471.
INFO - 01/27/26 10:32:01 - 0:19:45 - Running average train loss is 0.6664228820800782 at epoch 721
INFO - 01/27/26 10:32:01 - 0:19:45 - At 722-th epoch with lr 0.000471.
INFO - 01/27/26 10:32:03 - 0:19:46 - Running average train loss is 0.6664682221412659 at epoch 722
INFO - 01/27/26 10:32:03 - 0:19:46 - At 723-th epoch with lr 0.000470.
INFO - 01/27/26 10:32:04 - 0:19:48 - Running average train loss is 0.6668963432312012 at epoch 723
INFO - 01/27/26 10:32:04 - 0:19:48 - At 724-th epoch with lr 0.000470.
INFO - 01/27/26 10:32:06 - 0:19:50 - Running average train loss is 0.6665083575248718 at epoch 724
INFO - 01/27/26 10:32:06 - 0:19:50 - At 725-th epoch with lr 0.000470.
INFO - 01/27/26 10:32:07 - 0:19:51 - Running average train loss is 0.6665493941307068 at epoch 725
INFO - 01/27/26 10:32:07 - 0:19:51 - At 726-th epoch with lr 0.000469.
INFO - 01/27/26 10:32:09 - 0:19:53 - Running average train loss is 0.6664059233665466 at epoch 726
INFO - 01/27/26 10:32:09 - 0:19:53 - At 727-th epoch with lr 0.000469.
INFO - 01/27/26 10:32:10 - 0:19:54 - Running average train loss is 0.6664712762832642 at epoch 727
INFO - 01/27/26 10:32:10 - 0:19:54 - At 728-th epoch with lr 0.000469.
INFO - 01/27/26 10:32:12 - 0:19:56 - Running average train loss is 0.6663750553131104 at epoch 728
INFO - 01/27/26 10:32:12 - 0:19:56 - At 729-th epoch with lr 0.000468.
INFO - 01/27/26 10:32:14 - 0:19:57 - Running average train loss is 0.6663661932945252 at epoch 729
INFO - 01/27/26 10:32:14 - 0:19:57 - At 730-th epoch with lr 0.000468.
INFO - 01/27/26 10:32:15 - 0:19:59 - Running average train loss is 0.66671302318573 at epoch 730
INFO - 01/27/26 10:32:15 - 0:19:59 - At 731-th epoch with lr 0.000468.
INFO - 01/27/26 10:32:17 - 0:20:00 - Running average train loss is 0.6666963171958923 at epoch 731
INFO - 01/27/26 10:32:17 - 0:20:00 - At 732-th epoch with lr 0.000468.
INFO - 01/27/26 10:32:18 - 0:20:02 - Running average train loss is 0.6670531606674195 at epoch 732
INFO - 01/27/26 10:32:18 - 0:20:02 - At 733-th epoch with lr 0.000467.
INFO - 01/27/26 10:32:20 - 0:20:03 - Running average train loss is 0.6666719460487366 at epoch 733
INFO - 01/27/26 10:32:20 - 0:20:03 - At 734-th epoch with lr 0.000467.
INFO - 01/27/26 10:32:21 - 0:20:05 - Running average train loss is 0.6669791793823242 at epoch 734
INFO - 01/27/26 10:32:21 - 0:20:05 - At 735-th epoch with lr 0.000467.
INFO - 01/27/26 10:32:23 - 0:20:07 - Running average train loss is 0.666638343334198 at epoch 735
INFO - 01/27/26 10:32:23 - 0:20:07 - At 736-th epoch with lr 0.000466.
INFO - 01/27/26 10:32:24 - 0:20:08 - Running average train loss is 0.6666043591499329 at epoch 736
INFO - 01/27/26 10:32:24 - 0:20:08 - Average dev loss is 0.6747755408287048 at epoch 736
INFO - 01/27/26 10:32:25 - 0:20:09 - dev accuracy is 99.8 at epoch 736
INFO - 01/27/26 10:32:25 - 0:20:09 - dev average edit distance is 0.002 at epoch 736
INFO - 01/27/26 10:32:25 - 0:20:09 - At 737-th epoch with lr 0.000466.
INFO - 01/27/26 10:32:26 - 0:20:10 - Running average train loss is 0.666498339176178 at epoch 737
INFO - 01/27/26 10:32:26 - 0:20:10 - At 738-th epoch with lr 0.000466.
INFO - 01/27/26 10:32:28 - 0:20:12 - Running average train loss is 0.666538462638855 at epoch 738
INFO - 01/27/26 10:32:28 - 0:20:12 - At 739-th epoch with lr 0.000465.
INFO - 01/27/26 10:32:29 - 0:20:13 - Running average train loss is 0.6665020966529847 at epoch 739
INFO - 01/27/26 10:32:29 - 0:20:13 - At 740-th epoch with lr 0.000465.
INFO - 01/27/26 10:32:31 - 0:20:15 - Running average train loss is 0.6666718912124634 at epoch 740
INFO - 01/27/26 10:32:31 - 0:20:15 - At 741-th epoch with lr 0.000465.
INFO - 01/27/26 10:32:33 - 0:20:16 - Running average train loss is 0.6665092587471009 at epoch 741
INFO - 01/27/26 10:32:33 - 0:20:16 - At 742-th epoch with lr 0.000464.
INFO - 01/27/26 10:32:34 - 0:20:18 - Running average train loss is 0.6664038872718812 at epoch 742
INFO - 01/27/26 10:32:34 - 0:20:18 - At 743-th epoch with lr 0.000464.
INFO - 01/27/26 10:32:36 - 0:20:19 - Running average train loss is 0.6664148545265198 at epoch 743
INFO - 01/27/26 10:32:36 - 0:20:19 - At 744-th epoch with lr 0.000464.
INFO - 01/27/26 10:32:37 - 0:20:21 - Running average train loss is 0.6663648319244385 at epoch 744
INFO - 01/27/26 10:32:37 - 0:20:21 - At 745-th epoch with lr 0.000463.
INFO - 01/27/26 10:32:39 - 0:20:23 - Running average train loss is 0.6664976310729981 at epoch 745
INFO - 01/27/26 10:32:39 - 0:20:23 - At 746-th epoch with lr 0.000463.
INFO - 01/27/26 10:32:40 - 0:20:24 - Running average train loss is 0.6668822360038758 at epoch 746
INFO - 01/27/26 10:32:40 - 0:20:24 - At 747-th epoch with lr 0.000463.
INFO - 01/27/26 10:32:42 - 0:20:26 - Running average train loss is 0.6667868328094483 at epoch 747
INFO - 01/27/26 10:32:42 - 0:20:26 - At 748-th epoch with lr 0.000462.
INFO - 01/27/26 10:32:43 - 0:20:27 - Running average train loss is 0.6668640112876892 at epoch 748
INFO - 01/27/26 10:32:43 - 0:20:27 - At 749-th epoch with lr 0.000462.
INFO - 01/27/26 10:32:45 - 0:20:29 - Running average train loss is 0.6669078803062439 at epoch 749
INFO - 01/27/26 10:32:45 - 0:20:29 - At 750-th epoch with lr 0.000462.
INFO - 01/27/26 10:32:46 - 0:20:30 - Running average train loss is 0.6668009185791015 at epoch 750
INFO - 01/27/26 10:32:46 - 0:20:30 - At 751-th epoch with lr 0.000462.
INFO - 01/27/26 10:32:48 - 0:20:32 - Running average train loss is 0.666375253200531 at epoch 751
INFO - 01/27/26 10:32:48 - 0:20:32 - At 752-th epoch with lr 0.000461.
INFO - 01/27/26 10:32:50 - 0:20:33 - Running average train loss is 0.6668026256561279 at epoch 752
INFO - 01/27/26 10:32:50 - 0:20:33 - Average dev loss is 0.677522619565328 at epoch 752
INFO - 01/27/26 10:32:50 - 0:20:34 - dev accuracy is 99.3 at epoch 752
INFO - 01/27/26 10:32:50 - 0:20:34 - dev average edit distance is 0.011 at epoch 752
INFO - 01/27/26 10:32:50 - 0:20:34 - At 753-th epoch with lr 0.000461.
INFO - 01/27/26 10:32:52 - 0:20:35 - Running average train loss is 0.6667224764823914 at epoch 753
INFO - 01/27/26 10:32:52 - 0:20:35 - At 754-th epoch with lr 0.000461.
INFO - 01/27/26 10:32:53 - 0:20:37 - Running average train loss is 0.6663876032829285 at epoch 754
INFO - 01/27/26 10:32:53 - 0:20:37 - At 755-th epoch with lr 0.000460.
INFO - 01/27/26 10:32:55 - 0:20:39 - Running average train loss is 0.6665332078933716 at epoch 755
INFO - 01/27/26 10:32:55 - 0:20:39 - At 756-th epoch with lr 0.000460.
INFO - 01/27/26 10:32:56 - 0:20:40 - Running average train loss is 0.6665806317329407 at epoch 756
INFO - 01/27/26 10:32:56 - 0:20:40 - At 757-th epoch with lr 0.000460.
INFO - 01/27/26 10:32:58 - 0:20:42 - Running average train loss is 0.6665129685401916 at epoch 757
INFO - 01/27/26 10:32:58 - 0:20:42 - At 758-th epoch with lr 0.000459.
INFO - 01/27/26 10:32:59 - 0:20:43 - Running average train loss is 0.6664749336242676 at epoch 758
INFO - 01/27/26 10:32:59 - 0:20:43 - At 759-th epoch with lr 0.000459.
INFO - 01/27/26 10:33:01 - 0:20:45 - Running average train loss is 0.6664607620239258 at epoch 759
INFO - 01/27/26 10:33:01 - 0:20:45 - At 760-th epoch with lr 0.000459.
INFO - 01/27/26 10:33:02 - 0:20:46 - Running average train loss is 0.6662035751342773 at epoch 760
INFO - 01/27/26 10:33:02 - 0:20:46 - At 761-th epoch with lr 0.000459.
INFO - 01/27/26 10:33:04 - 0:20:48 - Running average train loss is 0.6667216753959656 at epoch 761
INFO - 01/27/26 10:33:04 - 0:20:48 - At 762-th epoch with lr 0.000458.
INFO - 01/27/26 10:33:06 - 0:20:49 - Running average train loss is 0.6666478991508484 at epoch 762
INFO - 01/27/26 10:33:06 - 0:20:49 - At 763-th epoch with lr 0.000458.
INFO - 01/27/26 10:33:07 - 0:20:51 - Running average train loss is 0.6664044666290283 at epoch 763
INFO - 01/27/26 10:33:07 - 0:20:51 - At 764-th epoch with lr 0.000458.
INFO - 01/27/26 10:33:09 - 0:20:52 - Running average train loss is 0.6664082789421082 at epoch 764
INFO - 01/27/26 10:33:09 - 0:20:52 - At 765-th epoch with lr 0.000457.
INFO - 01/27/26 10:33:10 - 0:20:54 - Running average train loss is 0.6663929390907287 at epoch 765
INFO - 01/27/26 10:33:10 - 0:20:54 - At 766-th epoch with lr 0.000457.
INFO - 01/27/26 10:33:12 - 0:20:56 - Running average train loss is 0.6665603041648864 at epoch 766
INFO - 01/27/26 10:33:12 - 0:20:56 - At 767-th epoch with lr 0.000457.
INFO - 01/27/26 10:33:13 - 0:20:57 - Running average train loss is 0.6667919993400574 at epoch 767
INFO - 01/27/26 10:33:13 - 0:20:57 - At 768-th epoch with lr 0.000456.
INFO - 01/27/26 10:33:15 - 0:20:59 - Running average train loss is 0.6665031623840332 at epoch 768
INFO - 01/27/26 10:33:15 - 0:20:59 - Average dev loss is 0.6772859295209249 at epoch 768
INFO - 01/27/26 10:33:15 - 0:20:59 - dev accuracy is 99.3 at epoch 768
INFO - 01/27/26 10:33:15 - 0:20:59 - dev average edit distance is 0.011 at epoch 768
INFO - 01/27/26 10:33:15 - 0:20:59 - At 769-th epoch with lr 0.000456.
INFO - 01/27/26 10:33:17 - 0:21:01 - Running average train loss is 0.6663772177696228 at epoch 769
INFO - 01/27/26 10:33:17 - 0:21:01 - At 770-th epoch with lr 0.000456.
INFO - 01/27/26 10:33:18 - 0:21:02 - Running average train loss is 0.6663087844848633 at epoch 770
INFO - 01/27/26 10:33:18 - 0:21:02 - At 771-th epoch with lr 0.000456.
INFO - 01/27/26 10:33:20 - 0:21:04 - Running average train loss is 0.6664868330955506 at epoch 771
INFO - 01/27/26 10:33:20 - 0:21:04 - At 772-th epoch with lr 0.000455.
INFO - 01/27/26 10:33:22 - 0:21:05 - Running average train loss is 0.6663632726669312 at epoch 772
INFO - 01/27/26 10:33:22 - 0:21:05 - At 773-th epoch with lr 0.000455.
INFO - 01/27/26 10:33:23 - 0:21:07 - Running average train loss is 0.6668989467620849 at epoch 773
INFO - 01/27/26 10:33:23 - 0:21:07 - At 774-th epoch with lr 0.000455.
INFO - 01/27/26 10:33:25 - 0:21:09 - Running average train loss is 0.6668156671524048 at epoch 774
INFO - 01/27/26 10:33:25 - 0:21:09 - At 775-th epoch with lr 0.000454.
INFO - 01/27/26 10:33:26 - 0:21:10 - Running average train loss is 0.6668945097923279 at epoch 775
INFO - 01/27/26 10:33:26 - 0:21:10 - At 776-th epoch with lr 0.000454.
INFO - 01/27/26 10:33:28 - 0:21:12 - Running average train loss is 0.6666567015647888 at epoch 776
INFO - 01/27/26 10:33:28 - 0:21:12 - At 777-th epoch with lr 0.000454.
INFO - 01/27/26 10:33:29 - 0:21:13 - Running average train loss is 0.6666656708717347 at epoch 777
INFO - 01/27/26 10:33:29 - 0:21:13 - At 778-th epoch with lr 0.000453.
INFO - 01/27/26 10:33:31 - 0:21:15 - Running average train loss is 0.6669863080978393 at epoch 778
INFO - 01/27/26 10:33:31 - 0:21:15 - At 779-th epoch with lr 0.000453.
INFO - 01/27/26 10:33:33 - 0:21:16 - Running average train loss is 0.6665014100074768 at epoch 779
INFO - 01/27/26 10:33:33 - 0:21:16 - At 780-th epoch with lr 0.000453.
INFO - 01/27/26 10:33:34 - 0:21:18 - Running average train loss is 0.6667746210098267 at epoch 780
INFO - 01/27/26 10:33:34 - 0:21:18 - At 781-th epoch with lr 0.000453.
INFO - 01/27/26 10:33:36 - 0:21:19 - Running average train loss is 0.6667695784568787 at epoch 781
INFO - 01/27/26 10:33:36 - 0:21:19 - At 782-th epoch with lr 0.000452.
INFO - 01/27/26 10:33:37 - 0:21:21 - Running average train loss is 0.6663990783691406 at epoch 782
INFO - 01/27/26 10:33:37 - 0:21:21 - At 783-th epoch with lr 0.000452.
INFO - 01/27/26 10:33:39 - 0:21:22 - Running average train loss is 0.6665756082534791 at epoch 783
INFO - 01/27/26 10:33:39 - 0:21:22 - At 784-th epoch with lr 0.000452.
INFO - 01/27/26 10:33:40 - 0:21:24 - Running average train loss is 0.6666612887382507 at epoch 784
INFO - 01/27/26 10:33:40 - 0:21:24 - Average dev loss is 0.67422087987264 at epoch 784
INFO - 01/27/26 10:33:41 - 0:21:24 - dev accuracy is 99.8 at epoch 784
INFO - 01/27/26 10:33:41 - 0:21:24 - dev average edit distance is 0.002 at epoch 784
INFO - 01/27/26 10:33:41 - 0:21:25 - At 785-th epoch with lr 0.000451.
INFO - 01/27/26 10:33:42 - 0:21:26 - Running average train loss is 0.6666580057144165 at epoch 785
INFO - 01/27/26 10:33:42 - 0:21:26 - At 786-th epoch with lr 0.000451.
INFO - 01/27/26 10:33:44 - 0:21:28 - Running average train loss is 0.666543128490448 at epoch 786
INFO - 01/27/26 10:33:44 - 0:21:28 - At 787-th epoch with lr 0.000451.
INFO - 01/27/26 10:33:45 - 0:21:29 - Running average train loss is 0.6667569398880004 at epoch 787
INFO - 01/27/26 10:33:45 - 0:21:29 - At 788-th epoch with lr 0.000451.
INFO - 01/27/26 10:33:47 - 0:21:31 - Running average train loss is 0.6661397814750671 at epoch 788
INFO - 01/27/26 10:33:47 - 0:21:31 - At 789-th epoch with lr 0.000450.
INFO - 01/27/26 10:33:49 - 0:21:32 - Running average train loss is 0.6665912771224975 at epoch 789
INFO - 01/27/26 10:33:49 - 0:21:32 - At 790-th epoch with lr 0.000450.
INFO - 01/27/26 10:33:50 - 0:21:34 - Running average train loss is 0.6666175723075867 at epoch 790
INFO - 01/27/26 10:33:50 - 0:21:34 - At 791-th epoch with lr 0.000450.
INFO - 01/27/26 10:33:52 - 0:21:35 - Running average train loss is 0.6669892954826355 at epoch 791
INFO - 01/27/26 10:33:52 - 0:21:35 - At 792-th epoch with lr 0.000449.
INFO - 01/27/26 10:33:53 - 0:21:37 - Running average train loss is 0.666354570388794 at epoch 792
INFO - 01/27/26 10:33:53 - 0:21:37 - At 793-th epoch with lr 0.000449.
INFO - 01/27/26 10:33:55 - 0:21:39 - Running average train loss is 0.6666156435012818 at epoch 793
INFO - 01/27/26 10:33:55 - 0:21:39 - At 794-th epoch with lr 0.000449.
INFO - 01/27/26 10:33:56 - 0:21:40 - Running average train loss is 0.6665221977233887 at epoch 794
INFO - 01/27/26 10:33:56 - 0:21:40 - At 795-th epoch with lr 0.000449.
INFO - 01/27/26 10:33:58 - 0:21:42 - Running average train loss is 0.6665357422828674 at epoch 795
INFO - 01/27/26 10:33:58 - 0:21:42 - At 796-th epoch with lr 0.000448.
INFO - 01/27/26 10:33:59 - 0:21:43 - Running average train loss is 0.666242847442627 at epoch 796
INFO - 01/27/26 10:33:59 - 0:21:43 - At 797-th epoch with lr 0.000448.
INFO - 01/27/26 10:34:01 - 0:21:45 - Running average train loss is 0.6663852262496949 at epoch 797
INFO - 01/27/26 10:34:01 - 0:21:45 - At 798-th epoch with lr 0.000448.
INFO - 01/27/26 10:34:03 - 0:21:46 - Running average train loss is 0.6662993693351745 at epoch 798
INFO - 01/27/26 10:34:03 - 0:21:46 - At 799-th epoch with lr 0.000447.
INFO - 01/27/26 10:34:04 - 0:21:48 - Running average train loss is 0.6663686871528626 at epoch 799
INFO - 01/27/26 10:34:04 - 0:21:48 - Average dev loss is 0.6767533222834269 at epoch 799
INFO - 01/27/26 10:34:04 - 0:21:48 - dev accuracy is 99.3 at epoch 799
INFO - 01/27/26 10:34:04 - 0:21:48 - dev average edit distance is 0.011 at epoch 799
INFO - 01/27/26 10:34:05 - 0:21:48 - loading checkpoints/sig23/tagtransformer/klr.nll_0.6742.acc_99.8.dist_0.002.epoch_784 for testing
INFO - 01/27/26 10:34:05 - 0:21:48 - load model in checkpoints/sig23/tagtransformer/klr.nll_0.6742.acc_99.8.dist_0.002.epoch_784
INFO - 01/27/26 10:34:05 - 0:21:48 - Average dev loss is 0.67422087987264 at epoch -1
INFO - 01/27/26 10:34:05 - 0:21:48 - decoding dev set
INFO - 01/27/26 10:34:05 - 0:21:49 - finished decoding 1000 dev instance
INFO - 01/27/26 10:34:05 - 0:21:49 - DEV accuracy is 99.8 at epoch -1
INFO - 01/27/26 10:34:05 - 0:21:49 - DEV average edit distance is 0.002 at epoch -1
INFO - 01/27/26 10:34:05 - 0:21:49 - DEV klr acc 99.8 dist 0.002
INFO - 01/27/26 10:34:05 - 0:21:49 - Average test loss is 0.6766342123349508 at epoch -1
INFO - 01/27/26 10:34:05 - 0:21:49 - decoding test set
INFO - 01/27/26 10:34:06 - 0:21:50 - finished decoding 1000 test instance
INFO - 01/27/26 10:34:06 - 0:21:50 - TEST accuracy is 99.4 at epoch -1
INFO - 01/27/26 10:34:06 - 0:21:50 - TEST average edit distance is 0.006 at epoch -1
INFO - 01/27/26 10:34:06 - 0:21:50 - TEST klr acc 99.4 dist 0.006
INFO - 01/31/26 08:32:35 - 0:00:00 - command line argument: seed - 0
INFO - 01/31/26 08:32:35 - 0:00:00 - command line argument: train - ['../../2023InflectionST/part1/data/klr.trn']
INFO - 01/31/26 08:32:35 - 0:00:00 - command line argument: dev - ['../../2023InflectionST/part1/data/klr.dev']
INFO - 01/31/26 08:32:35 - 0:00:00 - command line argument: test - ['../../2023InflectionST/part1/data/klr.tst']
INFO - 01/31/26 08:32:35 - 0:00:00 - command line argument: model - 'checkpoints/sig23/tagtransformer/klr'
INFO - 01/31/26 08:32:35 - 0:00:00 - command line argument: load - ''
INFO - 01/31/26 08:32:35 - 0:00:00 - command line argument: bs - 400
INFO - 01/31/26 08:32:35 - 0:00:00 - command line argument: epochs - 20
INFO - 01/31/26 08:32:35 - 0:00:00 - command line argument: max_steps - 20000
INFO - 01/31/26 08:32:35 - 0:00:00 - command line argument: warmup_steps - 4000
INFO - 01/31/26 08:32:35 - 0:00:00 - command line argument: total_eval - 50
INFO - 01/31/26 08:32:35 - 0:00:00 - command line argument: optimizer - <Optimizer.adam: 'adam'>
INFO - 01/31/26 08:32:35 - 0:00:00 - command line argument: scheduler - <Scheduler.warmupinvsqr: 'warmupinvsqr'>
INFO - 01/31/26 08:32:35 - 0:00:00 - command line argument: lr - 0.001
INFO - 01/31/26 08:32:35 - 0:00:00 - command line argument: min_lr - 1e-05
INFO - 01/31/26 08:32:35 - 0:00:00 - command line argument: momentum - 0.9
INFO - 01/31/26 08:32:35 - 0:00:00 - command line argument: beta1 - 0.9
INFO - 01/31/26 08:32:35 - 0:00:00 - command line argument: beta2 - 0.98
INFO - 01/31/26 08:32:35 - 0:00:00 - command line argument: estop - 1e-08
INFO - 01/31/26 08:32:35 - 0:00:00 - command line argument: cooldown - 0
INFO - 01/31/26 08:32:35 - 0:00:00 - command line argument: patience - 0
INFO - 01/31/26 08:32:35 - 0:00:00 - command line argument: discount_factor - 0.5
INFO - 01/31/26 08:32:35 - 0:00:00 - command line argument: max_norm - 1.0
INFO - 01/31/26 08:32:35 - 0:00:00 - command line argument: gpuid - [0]
INFO - 01/31/26 08:32:35 - 0:00:00 - command line argument: loglevel - 'info'
INFO - 01/31/26 08:32:35 - 0:00:00 - command line argument: saveall - False
INFO - 01/31/26 08:32:35 - 0:00:00 - command line argument: shuffle - True
INFO - 01/31/26 08:32:35 - 0:00:00 - command line argument: cleanup_anyway - True
INFO - 01/31/26 08:32:35 - 0:00:00 - command line argument: dataset - <Data.sigmorphon23task0: 'sigmorphon23task0'>
INFO - 01/31/26 08:32:35 - 0:00:00 - command line argument: max_seq_len - 128
INFO - 01/31/26 08:32:35 - 0:00:00 - command line argument: max_decode_len - 32
INFO - 01/31/26 08:32:35 - 0:00:00 - command line argument: decode_beam_size - 5
INFO - 01/31/26 08:32:35 - 0:00:00 - command line argument: init - ''
INFO - 01/31/26 08:32:35 - 0:00:00 - command line argument: dropout - 0.3
INFO - 01/31/26 08:32:35 - 0:00:00 - command line argument: embed_dim - 256
INFO - 01/31/26 08:32:35 - 0:00:00 - command line argument: nb_heads - 4
INFO - 01/31/26 08:32:35 - 0:00:00 - command line argument: src_layer - 4
INFO - 01/31/26 08:32:35 - 0:00:00 - command line argument: trg_layer - 4
INFO - 01/31/26 08:32:35 - 0:00:00 - command line argument: src_hs - 1024
INFO - 01/31/26 08:32:35 - 0:00:00 - command line argument: trg_hs - 1024
INFO - 01/31/26 08:32:35 - 0:00:00 - command line argument: label_smooth - 0.1
INFO - 01/31/26 08:32:35 - 0:00:00 - command line argument: tie_trg_embed - False
INFO - 01/31/26 08:32:35 - 0:00:00 - command line argument: arch - <Arch.tagtransformer: 'tagtransformer'>
INFO - 01/31/26 08:32:35 - 0:00:00 - command line argument: nb_sample - 2
INFO - 01/31/26 08:32:35 - 0:00:00 - command line argument: wid_siz - 11
INFO - 01/31/26 08:32:35 - 0:00:00 - command line argument: indtag - False
INFO - 01/31/26 08:32:35 - 0:00:00 - command line argument: decode - <Decode.greedy: 'greedy'>
INFO - 01/31/26 08:32:35 - 0:00:00 - command line argument: mono - False
INFO - 01/31/26 08:32:35 - 0:00:00 - command line argument: bestacc - True
INFO - 01/31/26 08:32:35 - 0:00:00 - src vocab size 63
INFO - 01/31/26 08:32:35 - 0:00:00 - trg vocab size 36
INFO - 01/31/26 08:32:35 - 0:00:00 - src vocab ['<PAD>', '<BOS>', '<EOS>', '<UNK>', 'a', 'b', 'd', 'e', 'g', 'i', 'j', 'k', 'l', 'm', 'n', 'o', 'p', 'r', 's', 't', 'u', 'w', 'ç', 'ŋ', 'ɔ', 'ɛ', 'ɦ', 'ɵ', 'ʉ', 'ʌ', 'ʔ', 'ʣ', 'ʦ', 'ʰ', 'ː', '̂', 'ABS-1', 'ABS-2', 'ABS-3', 'ABS-DU', 'ABS-EXCL', 'ABS-INCL', 'ABS-PL', 'ABS-SG', 'ERG-1', 'ERG-2', 'ERG-3', 'ERG-DU', 'ERG-EXCL', 'ERG-FORM', 'ERG-INCL', 'ERG-PL', 'ERG-SG', 'IMP', 'INTR', 'NEG', 'NFIN', 'POS', 'PRS', 'PST', 'REFL', 'TR', 'V']
INFO - 01/31/26 08:32:35 - 0:00:00 - trg vocab ['<PAD>', '<BOS>', '<EOS>', '<UNK>', 'a', 'b', 'd', 'e', 'g', 'i', 'j', 'k', 'l', 'm', 'n', 'o', 'p', 'r', 's', 't', 'u', 'w', 'ç', 'ŋ', 'ɔ', 'ɛ', 'ɦ', 'ɵ', 'ʉ', 'ʌ', 'ʔ', 'ʣ', 'ʦ', 'ʰ', 'ː', '̂']
INFO - 01/31/26 08:32:35 - 0:00:00 - model: TagTransformer(
                                       (src_embed): Embedding(63, 256, padding_idx=0)
                                       (trg_embed): Embedding(36, 256, padding_idx=0)
                                       (position_embed): SinusoidalPositionalEmbedding()
                                       (encoder): TransformerEncoder(
                                         (layers): ModuleList(
                                           (0): TransformerEncoderLayer(
                                             (self_attn): MultiheadAttention(
                                               (out_proj): _LinearWithBias(in_features=256, out_features=256, bias=True)
                                             )
                                             (linear1): Linear(in_features=256, out_features=1024, bias=True)
                                             (dropout): Dropout(p=0.3, inplace=False)
                                             (linear2): Linear(in_features=1024, out_features=256, bias=True)
                                             (norm1): LayerNorm((256,), eps=1e-05, elementwise_affine=True)
                                             (norm2): LayerNorm((256,), eps=1e-05, elementwise_affine=True)
                                             (activation_dropout): Dropout(p=0.3, inplace=False)
                                           )
                                           (1): TransformerEncoderLayer(
                                             (self_attn): MultiheadAttention(
                                               (out_proj): _LinearWithBias(in_features=256, out_features=256, bias=True)
                                             )
                                             (linear1): Linear(in_features=256, out_features=1024, bias=True)
                                             (dropout): Dropout(p=0.3, inplace=False)
                                             (linear2): Linear(in_features=1024, out_features=256, bias=True)
                                             (norm1): LayerNorm((256,), eps=1e-05, elementwise_affine=True)
                                             (norm2): LayerNorm((256,), eps=1e-05, elementwise_affine=True)
                                             (activation_dropout): Dropout(p=0.3, inplace=False)
                                           )
                                           (2): TransformerEncoderLayer(
                                             (self_attn): MultiheadAttention(
                                               (out_proj): _LinearWithBias(in_features=256, out_features=256, bias=True)
                                             )
                                             (linear1): Linear(in_features=256, out_features=1024, bias=True)
                                             (dropout): Dropout(p=0.3, inplace=False)
                                             (linear2): Linear(in_features=1024, out_features=256, bias=True)
                                             (norm1): LayerNorm((256,), eps=1e-05, elementwise_affine=True)
                                             (norm2): LayerNorm((256,), eps=1e-05, elementwise_affine=True)
                                             (activation_dropout): Dropout(p=0.3, inplace=False)
                                           )
                                           (3): TransformerEncoderLayer(
                                             (self_attn): MultiheadAttention(
                                               (out_proj): _LinearWithBias(in_features=256, out_features=256, bias=True)
                                             )
                                             (linear1): Linear(in_features=256, out_features=1024, bias=True)
                                             (dropout): Dropout(p=0.3, inplace=False)
                                             (linear2): Linear(in_features=1024, out_features=256, bias=True)
                                             (norm1): LayerNorm((256,), eps=1e-05, elementwise_affine=True)
                                             (norm2): LayerNorm((256,), eps=1e-05, elementwise_affine=True)
                                             (activation_dropout): Dropout(p=0.3, inplace=False)
                                           )
                                         )
                                         (norm): LayerNorm((256,), eps=1e-05, elementwise_affine=True)
                                       )
                                       (decoder): TransformerDecoder(
                                         (layers): ModuleList(
                                           (0): TransformerDecoderLayer(
                                             (self_attn): MultiheadAttention(
                                               (out_proj): _LinearWithBias(in_features=256, out_features=256, bias=True)
                                             )
                                             (multihead_attn): MultiheadAttention(
                                               (out_proj): _LinearWithBias(in_features=256, out_features=256, bias=True)
                                             )
                                             (linear1): Linear(in_features=256, out_features=1024, bias=True)
                                             (dropout): Dropout(p=0.3, inplace=False)
                                             (linear2): Linear(in_features=1024, out_features=256, bias=True)
                                             (norm1): LayerNorm((256,), eps=1e-05, elementwise_affine=True)
                                             (norm2): LayerNorm((256,), eps=1e-05, elementwise_affine=True)
                                             (norm3): LayerNorm((256,), eps=1e-05, elementwise_affine=True)
                                             (activation_dropout): Dropout(p=0.3, inplace=False)
                                           )
                                           (1): TransformerDecoderLayer(
                                             (self_attn): MultiheadAttention(
                                               (out_proj): _LinearWithBias(in_features=256, out_features=256, bias=True)
                                             )
                                             (multihead_attn): MultiheadAttention(
                                               (out_proj): _LinearWithBias(in_features=256, out_features=256, bias=True)
                                             )
                                             (linear1): Linear(in_features=256, out_features=1024, bias=True)
                                             (dropout): Dropout(p=0.3, inplace=False)
                                             (linear2): Linear(in_features=1024, out_features=256, bias=True)
                                             (norm1): LayerNorm((256,), eps=1e-05, elementwise_affine=True)
                                             (norm2): LayerNorm((256,), eps=1e-05, elementwise_affine=True)
                                             (norm3): LayerNorm((256,), eps=1e-05, elementwise_affine=True)
                                             (activation_dropout): Dropout(p=0.3, inplace=False)
                                           )
                                           (2): TransformerDecoderLayer(
                                             (self_attn): MultiheadAttention(
                                               (out_proj): _LinearWithBias(in_features=256, out_features=256, bias=True)
                                             )
                                             (multihead_attn): MultiheadAttention(
                                               (out_proj): _LinearWithBias(in_features=256, out_features=256, bias=True)
                                             )
                                             (linear1): Linear(in_features=256, out_features=1024, bias=True)
                                             (dropout): Dropout(p=0.3, inplace=False)
                                             (linear2): Linear(in_features=1024, out_features=256, bias=True)
                                             (norm1): LayerNorm((256,), eps=1e-05, elementwise_affine=True)
                                             (norm2): LayerNorm((256,), eps=1e-05, elementwise_affine=True)
                                             (norm3): LayerNorm((256,), eps=1e-05, elementwise_affine=True)
                                             (activation_dropout): Dropout(p=0.3, inplace=False)
                                           )
                                           (3): TransformerDecoderLayer(
                                             (self_attn): MultiheadAttention(
                                               (out_proj): _LinearWithBias(in_features=256, out_features=256, bias=True)
                                             )
                                             (multihead_attn): MultiheadAttention(
                                               (out_proj): _LinearWithBias(in_features=256, out_features=256, bias=True)
                                             )
                                             (linear1): Linear(in_features=256, out_features=1024, bias=True)
                                             (dropout): Dropout(p=0.3, inplace=False)
                                             (linear2): Linear(in_features=1024, out_features=256, bias=True)
                                             (norm1): LayerNorm((256,), eps=1e-05, elementwise_affine=True)
                                             (norm2): LayerNorm((256,), eps=1e-05, elementwise_affine=True)
                                             (norm3): LayerNorm((256,), eps=1e-05, elementwise_affine=True)
                                             (activation_dropout): Dropout(p=0.3, inplace=False)
                                           )
                                         )
                                         (norm): LayerNorm((256,), eps=1e-05, elementwise_affine=True)
                                       )
                                       (final_out): Linear(in_features=256, out_features=36, bias=True)
                                       (dropout): Dropout(p=0.3, inplace=False)
                                       (special_embeddings): Embedding(2, 256)
                                     )
INFO - 01/31/26 08:32:36 - 0:00:01 - number of parameter 7408932
INFO - 01/31/26 08:33:00 - 0:00:25 - maximum training 20000 steps (800 epochs)
INFO - 01/31/26 08:33:00 - 0:00:25 - evaluate every 16 epochs
INFO - 01/31/26 08:33:00 - 0:00:25 - At 0-th epoch with lr 0.000000.
INFO - 01/31/26 08:33:08 - 0:00:33 - Running average train loss is 4.189476375579834 at epoch 0
INFO - 01/31/26 08:33:08 - 0:00:33 - At 1-th epoch with lr 0.000006.
INFO - 01/31/26 08:33:10 - 0:00:34 - Running average train loss is 3.7258131313323974 at epoch 1
INFO - 01/31/26 08:33:10 - 0:00:34 - At 2-th epoch with lr 0.000013.
INFO - 01/31/26 08:33:11 - 0:00:36 - Running average train loss is 3.291504669189453 at epoch 2
INFO - 01/31/26 08:33:11 - 0:00:36 - At 3-th epoch with lr 0.000019.
INFO - 01/31/26 08:33:13 - 0:00:38 - Running average train loss is 3.0071796798706054 at epoch 3
INFO - 01/31/26 08:33:13 - 0:00:38 - At 4-th epoch with lr 0.000025.
INFO - 01/31/26 08:33:14 - 0:00:39 - Running average train loss is 2.7924799156188964 at epoch 4
INFO - 01/31/26 08:33:14 - 0:00:39 - At 5-th epoch with lr 0.000031.
INFO - 01/31/26 08:33:16 - 0:00:41 - Running average train loss is 2.591339979171753 at epoch 5
INFO - 01/31/26 08:33:16 - 0:00:41 - At 6-th epoch with lr 0.000037.
INFO - 01/31/26 08:33:17 - 0:00:42 - Running average train loss is 2.4019294452667235 at epoch 6
INFO - 01/31/26 08:33:17 - 0:00:42 - At 7-th epoch with lr 0.000044.
INFO - 01/31/26 08:33:19 - 0:00:44 - Running average train loss is 2.23642165184021 at epoch 7
INFO - 01/31/26 08:33:19 - 0:00:44 - At 8-th epoch with lr 0.000050.
INFO - 01/31/26 08:33:20 - 0:00:45 - Running average train loss is 2.096145429611206 at epoch 8
INFO - 01/31/26 08:33:20 - 0:00:45 - At 9-th epoch with lr 0.000056.
INFO - 01/31/26 08:33:22 - 0:00:47 - Running average train loss is 1.958962697982788 at epoch 9
INFO - 01/31/26 08:33:22 - 0:00:47 - At 10-th epoch with lr 0.000063.
INFO - 01/31/26 08:33:23 - 0:00:48 - Running average train loss is 1.8271636152267456 at epoch 10
INFO - 01/31/26 08:33:23 - 0:00:48 - At 11-th epoch with lr 0.000069.
INFO - 01/31/26 08:33:25 - 0:00:50 - Running average train loss is 1.6932372283935546 at epoch 11
INFO - 01/31/26 08:33:25 - 0:00:50 - At 12-th epoch with lr 0.000075.
INFO - 01/31/26 08:33:26 - 0:00:51 - Running average train loss is 1.5619890213012695 at epoch 12
INFO - 01/31/26 08:33:26 - 0:00:51 - At 13-th epoch with lr 0.000081.
INFO - 01/31/26 08:33:28 - 0:00:53 - Running average train loss is 1.446798791885376 at epoch 13
INFO - 01/31/26 08:33:28 - 0:00:53 - At 14-th epoch with lr 0.000087.
INFO - 01/31/26 08:33:29 - 0:00:54 - Running average train loss is 1.357222089767456 at epoch 14
INFO - 01/31/26 08:33:29 - 0:00:54 - At 15-th epoch with lr 0.000094.
INFO - 01/31/26 08:33:31 - 0:00:56 - Running average train loss is 1.2840709829330443 at epoch 15
INFO - 01/31/26 08:33:31 - 0:00:56 - At 16-th epoch with lr 0.000100.
INFO - 01/31/26 08:33:32 - 0:00:57 - Running average train loss is 1.2184321212768554 at epoch 16
INFO - 01/31/26 08:33:33 - 0:00:57 - Average dev loss is 1.0856931606928508 at epoch 16
INFO - 01/31/26 08:33:33 - 0:00:58 - dev accuracy is 37.2 at epoch 16
INFO - 01/31/26 08:33:33 - 0:00:58 - dev average edit distance is 1.351 at epoch 16
INFO - 01/31/26 08:33:33 - 0:00:58 - At 17-th epoch with lr 0.000106.
INFO - 01/31/26 08:33:35 - 0:01:00 - Running average train loss is 1.1691425466537475 at epoch 17
INFO - 01/31/26 08:33:35 - 0:01:00 - At 18-th epoch with lr 0.000113.
INFO - 01/31/26 08:33:36 - 0:01:01 - Running average train loss is 1.1241341543197632 at epoch 18
INFO - 01/31/26 08:33:36 - 0:01:01 - At 19-th epoch with lr 0.000119.
INFO - 01/31/26 08:33:38 - 0:01:03 - Running average train loss is 1.0863905477523803 at epoch 19
INFO - 01/31/26 08:33:38 - 0:01:03 - At 20-th epoch with lr 0.000125.
INFO - 01/31/26 08:33:39 - 0:01:04 - Running average train loss is 1.0526462030410766 at epoch 20
INFO - 01/31/26 08:33:39 - 0:01:04 - At 21-th epoch with lr 0.000131.
INFO - 01/31/26 08:33:41 - 0:01:06 - Running average train loss is 1.0205324363708497 at epoch 21
INFO - 01/31/26 08:33:41 - 0:01:06 - At 22-th epoch with lr 0.000138.
INFO - 01/31/26 08:33:43 - 0:01:08 - Running average train loss is 0.993186604976654 at epoch 22
INFO - 01/31/26 08:33:43 - 0:01:08 - At 23-th epoch with lr 0.000144.
INFO - 01/31/26 08:33:44 - 0:01:09 - Running average train loss is 0.9675635409355163 at epoch 23
INFO - 01/31/26 08:33:44 - 0:01:09 - At 24-th epoch with lr 0.000150.
INFO - 01/31/26 08:33:46 - 0:01:11 - Running average train loss is 0.942912220954895 at epoch 24
INFO - 01/31/26 08:33:46 - 0:01:11 - At 25-th epoch with lr 0.000156.
INFO - 01/31/26 08:33:47 - 0:01:12 - Running average train loss is 0.9228959989547729 at epoch 25
INFO - 01/31/26 08:33:47 - 0:01:12 - At 26-th epoch with lr 0.000163.
INFO - 01/31/26 08:33:49 - 0:01:14 - Running average train loss is 0.9013457226753235 at epoch 26
INFO - 01/31/26 08:33:49 - 0:01:14 - At 27-th epoch with lr 0.000169.
INFO - 01/31/26 08:33:50 - 0:01:15 - Running average train loss is 0.8838505148887634 at epoch 27
INFO - 01/31/26 08:33:50 - 0:01:15 - At 28-th epoch with lr 0.000175.
INFO - 01/31/26 08:33:52 - 0:01:17 - Running average train loss is 0.8660785531997681 at epoch 28
INFO - 01/31/26 08:33:52 - 0:01:17 - At 29-th epoch with lr 0.000181.
INFO - 01/31/26 08:33:53 - 0:01:18 - Running average train loss is 0.8534166383743286 at epoch 29
INFO - 01/31/26 08:33:53 - 0:01:18 - At 30-th epoch with lr 0.000188.
INFO - 01/31/26 08:33:55 - 0:01:20 - Running average train loss is 0.8366220235824585 at epoch 30
INFO - 01/31/26 08:33:55 - 0:01:20 - At 31-th epoch with lr 0.000194.
INFO - 01/31/26 08:33:56 - 0:01:21 - Running average train loss is 0.8248536944389343 at epoch 31
INFO - 01/31/26 08:33:56 - 0:01:21 - At 32-th epoch with lr 0.000200.
INFO - 01/31/26 08:33:58 - 0:01:23 - Running average train loss is 0.8112948250770569 at epoch 32
INFO - 01/31/26 08:33:58 - 0:01:23 - Average dev loss is 0.7954005599021912 at epoch 32
INFO - 01/31/26 08:33:58 - 0:01:23 - dev accuracy is 86.9 at epoch 32
INFO - 01/31/26 08:33:58 - 0:01:23 - dev average edit distance is 0.25 at epoch 32
INFO - 01/31/26 08:33:58 - 0:01:23 - At 33-th epoch with lr 0.000206.
INFO - 01/31/26 08:34:00 - 0:01:25 - Running average train loss is 0.8004952883720398 at epoch 33
INFO - 01/31/26 08:34:00 - 0:01:25 - At 34-th epoch with lr 0.000212.
INFO - 01/31/26 08:34:01 - 0:01:26 - Running average train loss is 0.7920239019393921 at epoch 34
INFO - 01/31/26 08:34:01 - 0:01:26 - At 35-th epoch with lr 0.000219.
INFO - 01/31/26 08:34:03 - 0:01:28 - Running average train loss is 0.7804248046875 at epoch 35
INFO - 01/31/26 08:34:03 - 0:01:28 - At 36-th epoch with lr 0.000225.
INFO - 01/31/26 08:34:04 - 0:01:29 - Running average train loss is 0.7731891965866089 at epoch 36
INFO - 01/31/26 08:34:04 - 0:01:29 - At 37-th epoch with lr 0.000231.
INFO - 01/31/26 08:34:06 - 0:01:31 - Running average train loss is 0.765362000465393 at epoch 37
INFO - 01/31/26 08:34:06 - 0:01:31 - At 38-th epoch with lr 0.000237.
INFO - 01/31/26 08:34:07 - 0:01:32 - Running average train loss is 0.7589863681793213 at epoch 38
INFO - 01/31/26 08:34:07 - 0:01:32 - At 39-th epoch with lr 0.000244.
INFO - 01/31/26 08:34:09 - 0:01:34 - Running average train loss is 0.7529046368598938 at epoch 39
INFO - 01/31/26 08:34:09 - 0:01:34 - At 40-th epoch with lr 0.000250.
INFO - 01/31/26 08:34:11 - 0:01:35 - Running average train loss is 0.747550482749939 at epoch 40
INFO - 01/31/26 08:34:11 - 0:01:35 - At 41-th epoch with lr 0.000256.
INFO - 01/31/26 08:34:12 - 0:01:37 - Running average train loss is 0.7412250280380249 at epoch 41
INFO - 01/31/26 08:34:12 - 0:01:37 - At 42-th epoch with lr 0.000263.
INFO - 01/31/26 08:34:14 - 0:01:38 - Running average train loss is 0.7364600777626038 at epoch 42
INFO - 01/31/26 08:34:14 - 0:01:38 - At 43-th epoch with lr 0.000269.
INFO - 01/31/26 08:34:15 - 0:01:40 - Running average train loss is 0.7315472149848938 at epoch 43
INFO - 01/31/26 08:34:15 - 0:01:40 - At 44-th epoch with lr 0.000275.
INFO - 01/31/26 08:34:17 - 0:01:41 - Running average train loss is 0.7286762452125549 at epoch 44
INFO - 01/31/26 08:34:17 - 0:01:41 - At 45-th epoch with lr 0.000281.
INFO - 01/31/26 08:34:18 - 0:01:43 - Running average train loss is 0.7247725486755371 at epoch 45
INFO - 01/31/26 08:34:18 - 0:01:43 - At 46-th epoch with lr 0.000287.
INFO - 01/31/26 08:34:20 - 0:01:45 - Running average train loss is 0.7215021872520446 at epoch 46
INFO - 01/31/26 08:34:20 - 0:01:45 - At 47-th epoch with lr 0.000294.
INFO - 01/31/26 08:34:21 - 0:01:46 - Running average train loss is 0.7193929576873779 at epoch 47
INFO - 01/31/26 08:34:21 - 0:01:46 - At 48-th epoch with lr 0.000300.
INFO - 01/31/26 08:34:23 - 0:01:48 - Running average train loss is 0.7159567618370056 at epoch 48
INFO - 01/31/26 08:34:23 - 0:01:48 - Average dev loss is 0.7206164797147115 at epoch 48
INFO - 01/31/26 08:34:23 - 0:01:48 - dev accuracy is 96.8 at epoch 48
INFO - 01/31/26 08:34:23 - 0:01:48 - dev average edit distance is 0.049 at epoch 48
INFO - 01/31/26 08:34:23 - 0:01:48 - At 49-th epoch with lr 0.000306.
INFO - 01/31/26 08:34:25 - 0:01:50 - Running average train loss is 0.7132722330093384 at epoch 49
INFO - 01/31/26 08:34:25 - 0:01:50 - At 50-th epoch with lr 0.000313.
INFO - 01/31/26 08:34:26 - 0:01:51 - Running average train loss is 0.71112961769104 at epoch 50
INFO - 01/31/26 08:34:26 - 0:01:51 - At 51-th epoch with lr 0.000319.
INFO - 01/31/26 08:34:28 - 0:01:53 - Running average train loss is 0.7083677244186402 at epoch 51
INFO - 01/31/26 08:34:28 - 0:01:53 - At 52-th epoch with lr 0.000325.
INFO - 01/31/26 08:34:29 - 0:01:54 - Running average train loss is 0.7057373142242431 at epoch 52
INFO - 01/31/26 08:34:29 - 0:01:54 - At 53-th epoch with lr 0.000331.
INFO - 01/31/26 08:34:31 - 0:01:56 - Running average train loss is 0.704902331829071 at epoch 53
INFO - 01/31/26 08:34:31 - 0:01:56 - At 54-th epoch with lr 0.000338.
INFO - 01/31/26 08:34:32 - 0:01:57 - Running average train loss is 0.7025529956817627 at epoch 54
INFO - 01/31/26 08:34:32 - 0:01:57 - At 55-th epoch with lr 0.000344.
INFO - 01/31/26 08:34:34 - 0:01:59 - Running average train loss is 0.7015126132965088 at epoch 55
INFO - 01/31/26 08:34:34 - 0:01:59 - At 56-th epoch with lr 0.000350.
INFO - 01/31/26 08:34:35 - 0:02:00 - Running average train loss is 0.7000099039077758 at epoch 56
INFO - 01/31/26 08:34:35 - 0:02:00 - At 57-th epoch with lr 0.000356.
INFO - 01/31/26 08:34:37 - 0:02:02 - Running average train loss is 0.6976415061950684 at epoch 57
INFO - 01/31/26 08:34:37 - 0:02:02 - At 58-th epoch with lr 0.000362.
INFO - 01/31/26 08:34:38 - 0:02:03 - Running average train loss is 0.6969138026237488 at epoch 58
INFO - 01/31/26 08:34:38 - 0:02:03 - At 59-th epoch with lr 0.000369.
INFO - 01/31/26 08:34:40 - 0:02:05 - Running average train loss is 0.6962404417991638 at epoch 59
INFO - 01/31/26 08:34:40 - 0:02:05 - At 60-th epoch with lr 0.000375.
INFO - 01/31/26 08:34:42 - 0:02:07 - Running average train loss is 0.693732647895813 at epoch 60
INFO - 01/31/26 08:34:42 - 0:02:07 - At 61-th epoch with lr 0.000381.
INFO - 01/31/26 08:34:43 - 0:02:08 - Running average train loss is 0.6924475574493408 at epoch 61
INFO - 01/31/26 08:34:43 - 0:02:08 - At 62-th epoch with lr 0.000388.
INFO - 01/31/26 08:34:45 - 0:02:10 - Running average train loss is 0.692225546836853 at epoch 62
INFO - 01/31/26 08:34:45 - 0:02:10 - At 63-th epoch with lr 0.000394.
INFO - 01/31/26 08:34:46 - 0:02:11 - Running average train loss is 0.6912071061134338 at epoch 63
INFO - 01/31/26 08:34:46 - 0:02:11 - At 64-th epoch with lr 0.000400.
INFO - 01/31/26 08:34:48 - 0:02:13 - Running average train loss is 0.6897852683067321 at epoch 64
INFO - 01/31/26 08:34:48 - 0:02:13 - Average dev loss is 0.7023534377415975 at epoch 64
INFO - 01/31/26 08:34:48 - 0:02:13 - dev accuracy is 97.1 at epoch 64
INFO - 01/31/26 08:34:48 - 0:02:13 - dev average edit distance is 0.05 at epoch 64
INFO - 01/31/26 08:34:49 - 0:02:14 - At 65-th epoch with lr 0.000406.
INFO - 01/31/26 08:34:50 - 0:02:15 - Running average train loss is 0.6889437842369079 at epoch 65
INFO - 01/31/26 08:34:50 - 0:02:15 - At 66-th epoch with lr 0.000412.
INFO - 01/31/26 08:34:52 - 0:02:17 - Running average train loss is 0.6886779165267944 at epoch 66
INFO - 01/31/26 08:34:52 - 0:02:17 - At 67-th epoch with lr 0.000419.
INFO - 01/31/26 08:34:53 - 0:02:18 - Running average train loss is 0.6876862192153931 at epoch 67
INFO - 01/31/26 08:34:53 - 0:02:18 - At 68-th epoch with lr 0.000425.
INFO - 01/31/26 08:34:55 - 0:02:20 - Running average train loss is 0.686534378528595 at epoch 68
INFO - 01/31/26 08:34:55 - 0:02:20 - At 69-th epoch with lr 0.000431.
INFO - 01/31/26 08:34:56 - 0:02:21 - Running average train loss is 0.6863768410682678 at epoch 69
INFO - 01/31/26 08:34:56 - 0:02:21 - At 70-th epoch with lr 0.000438.
INFO - 01/31/26 08:34:58 - 0:02:23 - Running average train loss is 0.6857466793060303 at epoch 70
INFO - 01/31/26 08:34:58 - 0:02:23 - At 71-th epoch with lr 0.000444.
INFO - 01/31/26 08:34:59 - 0:02:24 - Running average train loss is 0.6849485874176026 at epoch 71
INFO - 01/31/26 08:34:59 - 0:02:24 - At 72-th epoch with lr 0.000450.
INFO - 01/31/26 08:35:01 - 0:02:26 - Running average train loss is 0.6851359629631042 at epoch 72
INFO - 01/31/26 08:35:01 - 0:02:26 - At 73-th epoch with lr 0.000456.
INFO - 01/31/26 08:35:02 - 0:02:27 - Running average train loss is 0.6847913956642151 at epoch 73
INFO - 01/31/26 08:35:02 - 0:02:27 - At 74-th epoch with lr 0.000463.
INFO - 01/31/26 08:35:04 - 0:02:29 - Running average train loss is 0.6839828610420227 at epoch 74
INFO - 01/31/26 08:35:04 - 0:02:29 - At 75-th epoch with lr 0.000469.
INFO - 01/31/26 08:35:05 - 0:02:30 - Running average train loss is 0.6835146832466126 at epoch 75
INFO - 01/31/26 08:35:05 - 0:02:30 - At 76-th epoch with lr 0.000475.
INFO - 01/31/26 08:35:07 - 0:02:32 - Running average train loss is 0.6838142061233521 at epoch 76
INFO - 01/31/26 08:35:07 - 0:02:32 - At 77-th epoch with lr 0.000481.
INFO - 01/31/26 08:35:08 - 0:02:33 - Running average train loss is 0.6822331690788269 at epoch 77
INFO - 01/31/26 08:35:08 - 0:02:33 - At 78-th epoch with lr 0.000487.
INFO - 01/31/26 08:35:10 - 0:02:35 - Running average train loss is 0.6826249647140503 at epoch 78
INFO - 01/31/26 08:35:10 - 0:02:35 - At 79-th epoch with lr 0.000494.
INFO - 01/31/26 08:35:11 - 0:02:36 - Running average train loss is 0.6827823376655578 at epoch 79
INFO - 01/31/26 08:35:11 - 0:02:36 - At 80-th epoch with lr 0.000500.
INFO - 01/31/26 08:35:13 - 0:02:38 - Running average train loss is 0.6813891577720642 at epoch 80
INFO - 01/31/26 08:35:13 - 0:02:38 - Average dev loss is 0.7280434966087341 at epoch 80
INFO - 01/31/26 08:35:13 - 0:02:38 - dev accuracy is 94.8 at epoch 80
INFO - 01/31/26 08:35:13 - 0:02:38 - dev average edit distance is 0.118 at epoch 80
INFO - 01/31/26 08:35:13 - 0:02:38 - At 81-th epoch with lr 0.000506.
INFO - 01/31/26 08:35:15 - 0:02:40 - Running average train loss is 0.6806309056282044 at epoch 81
INFO - 01/31/26 08:35:15 - 0:02:40 - At 82-th epoch with lr 0.000512.
INFO - 01/31/26 08:35:16 - 0:02:41 - Running average train loss is 0.6810155534744262 at epoch 82
INFO - 01/31/26 08:35:16 - 0:02:41 - At 83-th epoch with lr 0.000519.
INFO - 01/31/26 08:35:18 - 0:02:43 - Running average train loss is 0.6804828357696533 at epoch 83
INFO - 01/31/26 08:35:18 - 0:02:43 - At 84-th epoch with lr 0.000525.
INFO - 01/31/26 08:35:19 - 0:02:44 - Running average train loss is 0.6804904007911682 at epoch 84
INFO - 01/31/26 08:35:19 - 0:02:44 - At 85-th epoch with lr 0.000531.
INFO - 01/31/26 08:35:21 - 0:02:46 - Running average train loss is 0.6796798324584961 at epoch 85
INFO - 01/31/26 08:35:21 - 0:02:46 - At 86-th epoch with lr 0.000538.
INFO - 01/31/26 08:35:22 - 0:02:47 - Running average train loss is 0.6793761563301086 at epoch 86
INFO - 01/31/26 08:35:22 - 0:02:47 - At 87-th epoch with lr 0.000544.
INFO - 01/31/26 08:35:24 - 0:02:49 - Running average train loss is 0.6805687522888184 at epoch 87
INFO - 01/31/26 08:35:24 - 0:02:49 - At 88-th epoch with lr 0.000550.
INFO - 01/31/26 08:35:26 - 0:02:51 - Running average train loss is 0.6818505597114562 at epoch 88
INFO - 01/31/26 08:35:26 - 0:02:51 - At 89-th epoch with lr 0.000556.
INFO - 01/31/26 08:35:27 - 0:02:52 - Running average train loss is 0.6802237653732299 at epoch 89
INFO - 01/31/26 08:35:27 - 0:02:52 - At 90-th epoch with lr 0.000563.
INFO - 01/31/26 08:35:29 - 0:02:54 - Running average train loss is 0.6792339515686036 at epoch 90
INFO - 01/31/26 08:35:29 - 0:02:54 - At 91-th epoch with lr 0.000569.
INFO - 01/31/26 08:35:30 - 0:02:55 - Running average train loss is 0.6785566854476929 at epoch 91
INFO - 01/31/26 08:35:30 - 0:02:55 - At 92-th epoch with lr 0.000575.
INFO - 01/31/26 08:35:32 - 0:02:57 - Running average train loss is 0.6767967343330383 at epoch 92
INFO - 01/31/26 08:35:32 - 0:02:57 - At 93-th epoch with lr 0.000581.
INFO - 01/31/26 08:35:33 - 0:02:58 - Running average train loss is 0.6781299424171447 at epoch 93
INFO - 01/31/26 08:35:33 - 0:02:58 - At 94-th epoch with lr 0.000588.
INFO - 01/31/26 08:35:35 - 0:03:00 - Running average train loss is 0.6773981475830078 at epoch 94
INFO - 01/31/26 08:35:35 - 0:03:00 - At 95-th epoch with lr 0.000594.
INFO - 01/31/26 08:35:37 - 0:03:01 - Running average train loss is 0.6777749109268189 at epoch 95
INFO - 01/31/26 08:35:37 - 0:03:01 - At 96-th epoch with lr 0.000600.
INFO - 01/31/26 08:35:38 - 0:03:03 - Running average train loss is 0.6775369071960449 at epoch 96
INFO - 01/31/26 08:35:38 - 0:03:03 - Average dev loss is 0.683624784151713 at epoch 96
INFO - 01/31/26 08:35:39 - 0:03:03 - dev accuracy is 98.6 at epoch 96
INFO - 01/31/26 08:35:39 - 0:03:03 - dev average edit distance is 0.02 at epoch 96
INFO - 01/31/26 08:35:39 - 0:03:04 - At 97-th epoch with lr 0.000606.
INFO - 01/31/26 08:35:40 - 0:03:05 - Running average train loss is 0.6790678572654724 at epoch 97
INFO - 01/31/26 08:35:40 - 0:03:05 - At 98-th epoch with lr 0.000613.
INFO - 01/31/26 08:35:42 - 0:03:07 - Running average train loss is 0.6789834856986999 at epoch 98
INFO - 01/31/26 08:35:42 - 0:03:07 - At 99-th epoch with lr 0.000619.
INFO - 01/31/26 08:35:43 - 0:03:08 - Running average train loss is 0.6772830677032471 at epoch 99
INFO - 01/31/26 08:35:43 - 0:03:08 - At 100-th epoch with lr 0.000625.
INFO - 01/31/26 08:35:45 - 0:03:10 - Running average train loss is 0.677197277545929 at epoch 100
INFO - 01/31/26 08:35:45 - 0:03:10 - At 101-th epoch with lr 0.000631.
INFO - 01/31/26 08:35:46 - 0:03:11 - Running average train loss is 0.6771423482894897 at epoch 101
INFO - 01/31/26 08:35:46 - 0:03:11 - At 102-th epoch with lr 0.000637.
INFO - 01/31/26 08:35:48 - 0:03:13 - Running average train loss is 0.6769171452522278 at epoch 102
INFO - 01/31/26 08:35:48 - 0:03:13 - At 103-th epoch with lr 0.000644.
INFO - 01/31/26 08:35:49 - 0:03:14 - Running average train loss is 0.6775743365287781 at epoch 103
INFO - 01/31/26 08:35:49 - 0:03:14 - At 104-th epoch with lr 0.000650.
INFO - 01/31/26 08:35:51 - 0:03:16 - Running average train loss is 0.6784144806861877 at epoch 104
INFO - 01/31/26 08:35:51 - 0:03:16 - At 105-th epoch with lr 0.000656.
INFO - 01/31/26 08:35:52 - 0:03:17 - Running average train loss is 0.6770536136627198 at epoch 105
INFO - 01/31/26 08:35:52 - 0:03:17 - At 106-th epoch with lr 0.000663.
INFO - 01/31/26 08:35:54 - 0:03:19 - Running average train loss is 0.6765635800361633 at epoch 106
INFO - 01/31/26 08:35:54 - 0:03:19 - At 107-th epoch with lr 0.000669.
INFO - 01/31/26 08:35:55 - 0:03:20 - Running average train loss is 0.6784952235221863 at epoch 107
INFO - 01/31/26 08:35:55 - 0:03:20 - At 108-th epoch with lr 0.000675.
INFO - 01/31/26 08:35:57 - 0:03:22 - Running average train loss is 0.6772318840026855 at epoch 108
INFO - 01/31/26 08:35:57 - 0:03:22 - At 109-th epoch with lr 0.000681.
INFO - 01/31/26 08:35:58 - 0:03:23 - Running average train loss is 0.6760546278953552 at epoch 109
INFO - 01/31/26 08:35:58 - 0:03:23 - At 110-th epoch with lr 0.000687.
INFO - 01/31/26 08:36:00 - 0:03:25 - Running average train loss is 0.6760681867599487 at epoch 110
INFO - 01/31/26 08:36:00 - 0:03:25 - At 111-th epoch with lr 0.000694.
INFO - 01/31/26 08:36:01 - 0:03:26 - Running average train loss is 0.677237868309021 at epoch 111
INFO - 01/31/26 08:36:01 - 0:03:26 - At 112-th epoch with lr 0.000700.
INFO - 01/31/26 08:36:03 - 0:03:28 - Running average train loss is 0.6758415961265564 at epoch 112
INFO - 01/31/26 08:36:03 - 0:03:28 - Average dev loss is 0.6838930447896322 at epoch 112
INFO - 01/31/26 08:36:03 - 0:03:28 - dev accuracy is 99.1 at epoch 112
INFO - 01/31/26 08:36:03 - 0:03:28 - dev average edit distance is 0.013 at epoch 112
INFO - 01/31/26 08:36:03 - 0:03:28 - At 113-th epoch with lr 0.000706.
INFO - 01/31/26 08:36:05 - 0:03:30 - Running average train loss is 0.676243736743927 at epoch 113
INFO - 01/31/26 08:36:05 - 0:03:30 - At 114-th epoch with lr 0.000713.
INFO - 01/31/26 08:36:06 - 0:03:31 - Running average train loss is 0.6760727262496948 at epoch 114
INFO - 01/31/26 08:36:06 - 0:03:31 - At 115-th epoch with lr 0.000719.
INFO - 01/31/26 08:36:08 - 0:03:33 - Running average train loss is 0.6755073046684266 at epoch 115
INFO - 01/31/26 08:36:08 - 0:03:33 - At 116-th epoch with lr 0.000725.
INFO - 01/31/26 08:36:09 - 0:03:34 - Running average train loss is 0.6762573480606079 at epoch 116
INFO - 01/31/26 08:36:09 - 0:03:34 - At 117-th epoch with lr 0.000731.
INFO - 01/31/26 08:36:11 - 0:03:36 - Running average train loss is 0.6777522945404053 at epoch 117
INFO - 01/31/26 08:36:11 - 0:03:36 - At 118-th epoch with lr 0.000738.
INFO - 01/31/26 08:36:12 - 0:03:37 - Running average train loss is 0.6765340566635132 at epoch 118
INFO - 01/31/26 08:36:12 - 0:03:37 - At 119-th epoch with lr 0.000744.
INFO - 01/31/26 08:36:14 - 0:03:39 - Running average train loss is 0.6762473034858704 at epoch 119
INFO - 01/31/26 08:36:14 - 0:03:39 - At 120-th epoch with lr 0.000750.
INFO - 01/31/26 08:36:15 - 0:03:40 - Running average train loss is 0.6761047387123108 at epoch 120
INFO - 01/31/26 08:36:15 - 0:03:40 - At 121-th epoch with lr 0.000756.
INFO - 01/31/26 08:36:17 - 0:03:42 - Running average train loss is 0.6766873741149902 at epoch 121
INFO - 01/31/26 08:36:17 - 0:03:42 - At 122-th epoch with lr 0.000762.
INFO - 01/31/26 08:36:18 - 0:03:43 - Running average train loss is 0.6766032075881958 at epoch 122
INFO - 01/31/26 08:36:18 - 0:03:43 - At 123-th epoch with lr 0.000769.
INFO - 01/31/26 08:36:20 - 0:03:45 - Running average train loss is 0.6770344233512878 at epoch 123
INFO - 01/31/26 08:36:20 - 0:03:45 - At 124-th epoch with lr 0.000775.
INFO - 01/31/26 08:36:22 - 0:03:47 - Running average train loss is 0.6759053874015808 at epoch 124
INFO - 01/31/26 08:36:22 - 0:03:47 - At 125-th epoch with lr 0.000781.
INFO - 01/31/26 08:36:23 - 0:03:48 - Running average train loss is 0.6755580163002014 at epoch 125
INFO - 01/31/26 08:36:23 - 0:03:48 - At 126-th epoch with lr 0.000788.
INFO - 01/31/26 08:36:25 - 0:03:50 - Running average train loss is 0.6765367841720581 at epoch 126
INFO - 01/31/26 08:36:25 - 0:03:50 - At 127-th epoch with lr 0.000794.
INFO - 01/31/26 08:36:27 - 0:03:52 - Running average train loss is 0.6770938563346863 at epoch 127
INFO - 01/31/26 08:36:27 - 0:03:52 - At 128-th epoch with lr 0.000800.
INFO - 01/31/26 08:36:28 - 0:03:53 - Running average train loss is 0.6759149432182312 at epoch 128
INFO - 01/31/26 08:36:28 - 0:03:53 - Average dev loss is 0.6838225324948629 at epoch 128
INFO - 01/31/26 08:36:29 - 0:03:54 - dev accuracy is 99.4 at epoch 128
INFO - 01/31/26 08:36:29 - 0:03:54 - dev average edit distance is 0.008 at epoch 128
INFO - 01/31/26 08:36:29 - 0:03:54 - At 129-th epoch with lr 0.000806.
INFO - 01/31/26 08:36:30 - 0:03:55 - Running average train loss is 0.6765408182144165 at epoch 129
INFO - 01/31/26 08:36:30 - 0:03:55 - At 130-th epoch with lr 0.000813.
INFO - 01/31/26 08:36:32 - 0:03:57 - Running average train loss is 0.6758635258674621 at epoch 130
INFO - 01/31/26 08:36:32 - 0:03:57 - At 131-th epoch with lr 0.000819.
INFO - 01/31/26 08:36:34 - 0:03:59 - Running average train loss is 0.6756961417198181 at epoch 131
INFO - 01/31/26 08:36:34 - 0:03:59 - At 132-th epoch with lr 0.000825.
INFO - 01/31/26 08:36:35 - 0:04:00 - Running average train loss is 0.6764986658096314 at epoch 132
INFO - 01/31/26 08:36:35 - 0:04:00 - At 133-th epoch with lr 0.000831.
INFO - 01/31/26 08:36:37 - 0:04:02 - Running average train loss is 0.6763506436347961 at epoch 133
INFO - 01/31/26 08:36:37 - 0:04:02 - At 134-th epoch with lr 0.000838.
INFO - 01/31/26 08:36:39 - 0:04:03 - Running average train loss is 0.6766424131393433 at epoch 134
INFO - 01/31/26 08:36:39 - 0:04:03 - At 135-th epoch with lr 0.000844.
INFO - 01/31/26 08:36:40 - 0:04:05 - Running average train loss is 0.6769234204292297 at epoch 135
INFO - 01/31/26 08:36:40 - 0:04:05 - At 136-th epoch with lr 0.000850.
INFO - 01/31/26 08:36:42 - 0:04:07 - Running average train loss is 0.6763909268379211 at epoch 136
INFO - 01/31/26 08:36:42 - 0:04:07 - At 137-th epoch with lr 0.000856.
INFO - 01/31/26 08:36:43 - 0:04:08 - Running average train loss is 0.6764443087577819 at epoch 137
INFO - 01/31/26 08:36:43 - 0:04:08 - At 138-th epoch with lr 0.000863.
INFO - 01/31/26 08:36:45 - 0:04:10 - Running average train loss is 0.6760988402366638 at epoch 138
INFO - 01/31/26 08:36:45 - 0:04:10 - At 139-th epoch with lr 0.000869.
INFO - 01/31/26 08:36:46 - 0:04:11 - Running average train loss is 0.6770347118377685 at epoch 139
INFO - 01/31/26 08:36:46 - 0:04:11 - At 140-th epoch with lr 0.000875.
INFO - 01/31/26 08:36:48 - 0:04:13 - Running average train loss is 0.6763669633865357 at epoch 140
INFO - 01/31/26 08:36:48 - 0:04:13 - At 141-th epoch with lr 0.000881.
INFO - 01/31/26 08:36:50 - 0:04:15 - Running average train loss is 0.6767962193489074 at epoch 141
INFO - 01/31/26 08:36:50 - 0:04:15 - At 142-th epoch with lr 0.000887.
INFO - 01/31/26 08:36:51 - 0:04:16 - Running average train loss is 0.6763786053657532 at epoch 142
INFO - 01/31/26 08:36:51 - 0:04:16 - At 143-th epoch with lr 0.000894.
INFO - 01/31/26 08:36:53 - 0:04:18 - Running average train loss is 0.6763524746894837 at epoch 143
INFO - 01/31/26 08:36:53 - 0:04:18 - At 144-th epoch with lr 0.000900.
INFO - 01/31/26 08:36:54 - 0:04:19 - Running average train loss is 0.677116847038269 at epoch 144
INFO - 01/31/26 08:36:54 - 0:04:19 - Average dev loss is 0.7186041076978048 at epoch 144
INFO - 01/31/26 08:36:55 - 0:04:20 - dev accuracy is 95.4 at epoch 144
INFO - 01/31/26 08:36:55 - 0:04:20 - dev average edit distance is 0.107 at epoch 144
INFO - 01/31/26 08:36:55 - 0:04:20 - At 145-th epoch with lr 0.000906.
INFO - 01/31/26 08:36:56 - 0:04:21 - Running average train loss is 0.6760181879997254 at epoch 145
INFO - 01/31/26 08:36:56 - 0:04:21 - At 146-th epoch with lr 0.000913.
INFO - 01/31/26 08:36:58 - 0:04:23 - Running average train loss is 0.6773944664001464 at epoch 146
INFO - 01/31/26 08:36:58 - 0:04:23 - At 147-th epoch with lr 0.000919.
INFO - 01/31/26 08:36:59 - 0:04:24 - Running average train loss is 0.6784112572669982 at epoch 147
INFO - 01/31/26 08:36:59 - 0:04:24 - At 148-th epoch with lr 0.000925.
INFO - 01/31/26 08:37:01 - 0:04:26 - Running average train loss is 0.6765989279747009 at epoch 148
INFO - 01/31/26 08:37:01 - 0:04:26 - At 149-th epoch with lr 0.000931.
INFO - 01/31/26 08:37:03 - 0:04:28 - Running average train loss is 0.6756456327438355 at epoch 149
INFO - 01/31/26 08:37:03 - 0:04:28 - At 150-th epoch with lr 0.000937.
INFO - 01/31/26 08:37:04 - 0:04:29 - Running average train loss is 0.6762103319168091 at epoch 150
INFO - 01/31/26 08:37:04 - 0:04:29 - At 151-th epoch with lr 0.000944.
INFO - 01/31/26 08:37:06 - 0:04:31 - Running average train loss is 0.674888973236084 at epoch 151
INFO - 01/31/26 08:37:06 - 0:04:31 - At 152-th epoch with lr 0.000950.
INFO - 01/31/26 08:37:08 - 0:04:32 - Running average train loss is 0.6745668148994446 at epoch 152
INFO - 01/31/26 08:37:08 - 0:04:32 - At 153-th epoch with lr 0.000956.
INFO - 01/31/26 08:37:09 - 0:04:34 - Running average train loss is 0.6780315136909485 at epoch 153
INFO - 01/31/26 08:37:09 - 0:04:34 - At 154-th epoch with lr 0.000963.
INFO - 01/31/26 08:37:11 - 0:04:36 - Running average train loss is 0.6770713758468628 at epoch 154
INFO - 01/31/26 08:37:11 - 0:04:36 - At 155-th epoch with lr 0.000969.
INFO - 01/31/26 08:37:12 - 0:04:37 - Running average train loss is 0.6759713554382324 at epoch 155
INFO - 01/31/26 08:37:12 - 0:04:37 - At 156-th epoch with lr 0.000975.
INFO - 01/31/26 08:37:14 - 0:04:39 - Running average train loss is 0.6771685934066772 at epoch 156
INFO - 01/31/26 08:37:14 - 0:04:39 - At 157-th epoch with lr 0.000981.
INFO - 01/31/26 08:37:15 - 0:04:40 - Running average train loss is 0.6781458377838134 at epoch 157
INFO - 01/31/26 08:37:15 - 0:04:40 - At 158-th epoch with lr 0.000988.
INFO - 01/31/26 08:37:17 - 0:04:42 - Running average train loss is 0.6783807301521301 at epoch 158
INFO - 01/31/26 08:37:17 - 0:04:42 - At 159-th epoch with lr 0.000994.
INFO - 01/31/26 08:37:18 - 0:04:43 - Running average train loss is 0.6763818168640137 at epoch 159
INFO - 01/31/26 08:37:18 - 0:04:43 - At 160-th epoch with lr 0.001000.
INFO - 01/31/26 08:37:20 - 0:04:45 - Running average train loss is 0.6768178343772888 at epoch 160
INFO - 01/31/26 08:37:20 - 0:04:45 - Average dev loss is 0.6868186195691427 at epoch 160
INFO - 01/31/26 08:37:20 - 0:04:45 - dev accuracy is 99.0 at epoch 160
INFO - 01/31/26 08:37:20 - 0:04:45 - dev average edit distance is 0.015 at epoch 160
INFO - 01/31/26 08:37:20 - 0:04:45 - At 161-th epoch with lr 0.000997.
INFO - 01/31/26 08:37:22 - 0:04:47 - Running average train loss is 0.6767937684059143 at epoch 161
INFO - 01/31/26 08:37:22 - 0:04:47 - At 162-th epoch with lr 0.000994.
INFO - 01/31/26 08:37:24 - 0:04:48 - Running average train loss is 0.6751960301399231 at epoch 162
INFO - 01/31/26 08:37:24 - 0:04:48 - At 163-th epoch with lr 0.000991.
INFO - 01/31/26 08:37:25 - 0:04:50 - Running average train loss is 0.6770199155807495 at epoch 163
INFO - 01/31/26 08:37:25 - 0:04:50 - At 164-th epoch with lr 0.000988.
INFO - 01/31/26 08:37:27 - 0:04:52 - Running average train loss is 0.6789323520660401 at epoch 164
INFO - 01/31/26 08:37:27 - 0:04:52 - At 165-th epoch with lr 0.000985.
INFO - 01/31/26 08:37:28 - 0:04:53 - Running average train loss is 0.6774652409553528 at epoch 165
INFO - 01/31/26 08:37:28 - 0:04:53 - At 166-th epoch with lr 0.000982.
INFO - 01/31/26 08:37:30 - 0:04:55 - Running average train loss is 0.676541051864624 at epoch 166
INFO - 01/31/26 08:37:30 - 0:04:55 - At 167-th epoch with lr 0.000979.
INFO - 01/31/26 08:37:31 - 0:04:56 - Running average train loss is 0.675220468044281 at epoch 167
INFO - 01/31/26 08:37:31 - 0:04:56 - At 168-th epoch with lr 0.000976.
INFO - 01/31/26 08:37:33 - 0:04:58 - Running average train loss is 0.6758864092826843 at epoch 168
INFO - 01/31/26 08:37:33 - 0:04:58 - At 169-th epoch with lr 0.000973.
INFO - 01/31/26 08:37:34 - 0:04:59 - Running average train loss is 0.6752661681175232 at epoch 169
INFO - 01/31/26 08:37:34 - 0:04:59 - At 170-th epoch with lr 0.000970.
INFO - 01/31/26 08:37:36 - 0:05:01 - Running average train loss is 0.6768269991874695 at epoch 170
INFO - 01/31/26 08:37:36 - 0:05:01 - At 171-th epoch with lr 0.000967.
INFO - 01/31/26 08:37:38 - 0:05:02 - Running average train loss is 0.6761091661453247 at epoch 171
INFO - 01/31/26 08:37:38 - 0:05:02 - At 172-th epoch with lr 0.000964.
INFO - 01/31/26 08:37:39 - 0:05:04 - Running average train loss is 0.6767036008834839 at epoch 172
INFO - 01/31/26 08:37:39 - 0:05:04 - At 173-th epoch with lr 0.000962.
INFO - 01/31/26 08:37:41 - 0:05:06 - Running average train loss is 0.6745781660079956 at epoch 173
INFO - 01/31/26 08:37:41 - 0:05:06 - At 174-th epoch with lr 0.000959.
INFO - 01/31/26 08:37:42 - 0:05:07 - Running average train loss is 0.6746278095245362 at epoch 174
INFO - 01/31/26 08:37:42 - 0:05:07 - At 175-th epoch with lr 0.000956.
INFO - 01/31/26 08:37:44 - 0:05:09 - Running average train loss is 0.6753677892684936 at epoch 175
INFO - 01/31/26 08:37:44 - 0:05:09 - At 176-th epoch with lr 0.000953.
INFO - 01/31/26 08:37:45 - 0:05:10 - Running average train loss is 0.6750870227813721 at epoch 176
INFO - 01/31/26 08:37:45 - 0:05:10 - Average dev loss is 0.6865876913070679 at epoch 176
INFO - 01/31/26 08:37:46 - 0:05:11 - dev accuracy is 98.6 at epoch 176
INFO - 01/31/26 08:37:46 - 0:05:11 - dev average edit distance is 0.027 at epoch 176
INFO - 01/31/26 08:37:46 - 0:05:11 - At 177-th epoch with lr 0.000951.
INFO - 01/31/26 08:37:47 - 0:05:12 - Running average train loss is 0.6751685523986817 at epoch 177
INFO - 01/31/26 08:37:47 - 0:05:12 - At 178-th epoch with lr 0.000948.
INFO - 01/31/26 08:37:49 - 0:05:14 - Running average train loss is 0.6746611499786377 at epoch 178
INFO - 01/31/26 08:37:49 - 0:05:14 - At 179-th epoch with lr 0.000945.
INFO - 01/31/26 08:37:50 - 0:05:15 - Running average train loss is 0.6740134191513062 at epoch 179
INFO - 01/31/26 08:37:50 - 0:05:15 - At 180-th epoch with lr 0.000943.
INFO - 01/31/26 08:37:52 - 0:05:17 - Running average train loss is 0.6765275692939758 at epoch 180
INFO - 01/31/26 08:37:52 - 0:05:17 - At 181-th epoch with lr 0.000940.
INFO - 01/31/26 08:37:53 - 0:05:18 - Running average train loss is 0.6758043456077576 at epoch 181
INFO - 01/31/26 08:37:53 - 0:05:18 - At 182-th epoch with lr 0.000938.
INFO - 01/31/26 08:37:55 - 0:05:20 - Running average train loss is 0.6736809825897216 at epoch 182
INFO - 01/31/26 08:37:55 - 0:05:20 - At 183-th epoch with lr 0.000935.
INFO - 01/31/26 08:37:56 - 0:05:21 - Running average train loss is 0.6734350490570068 at epoch 183
INFO - 01/31/26 08:37:56 - 0:05:21 - At 184-th epoch with lr 0.000933.
INFO - 01/31/26 08:37:58 - 0:05:23 - Running average train loss is 0.6735940313339234 at epoch 184
INFO - 01/31/26 08:37:58 - 0:05:23 - At 185-th epoch with lr 0.000930.
INFO - 01/31/26 08:37:59 - 0:05:24 - Running average train loss is 0.6743220496177673 at epoch 185
INFO - 01/31/26 08:37:59 - 0:05:24 - At 186-th epoch with lr 0.000927.
INFO - 01/31/26 08:38:01 - 0:05:26 - Running average train loss is 0.6743145942687988 at epoch 186
INFO - 01/31/26 08:38:01 - 0:05:26 - At 187-th epoch with lr 0.000925.
INFO - 01/31/26 08:38:02 - 0:05:27 - Running average train loss is 0.6749213576316834 at epoch 187
INFO - 01/31/26 08:38:02 - 0:05:27 - At 188-th epoch with lr 0.000923.
INFO - 01/31/26 08:38:04 - 0:05:29 - Running average train loss is 0.6751341843605041 at epoch 188
INFO - 01/31/26 08:38:04 - 0:05:29 - At 189-th epoch with lr 0.000920.
INFO - 01/31/26 08:38:06 - 0:05:30 - Running average train loss is 0.6731249618530274 at epoch 189
INFO - 01/31/26 08:38:06 - 0:05:30 - At 190-th epoch with lr 0.000918.
INFO - 01/31/26 08:38:07 - 0:05:32 - Running average train loss is 0.6736521697044373 at epoch 190
INFO - 01/31/26 08:38:07 - 0:05:32 - At 191-th epoch with lr 0.000915.
INFO - 01/31/26 08:38:09 - 0:05:34 - Running average train loss is 0.6742566466331482 at epoch 191
INFO - 01/31/26 08:38:09 - 0:05:34 - At 192-th epoch with lr 0.000913.
INFO - 01/31/26 08:38:10 - 0:05:35 - Running average train loss is 0.6745599961280823 at epoch 192
INFO - 01/31/26 08:38:10 - 0:05:35 - Average dev loss is 0.6865507165590922 at epoch 192
INFO - 01/31/26 08:38:11 - 0:05:35 - dev accuracy is 98.6 at epoch 192
INFO - 01/31/26 08:38:11 - 0:05:35 - dev average edit distance is 0.02 at epoch 192
INFO - 01/31/26 08:38:11 - 0:05:36 - At 193-th epoch with lr 0.000911.
INFO - 01/31/26 08:38:12 - 0:05:37 - Running average train loss is 0.6735271430015564 at epoch 193
INFO - 01/31/26 08:38:12 - 0:05:37 - At 194-th epoch with lr 0.000908.
INFO - 01/31/26 08:38:14 - 0:05:39 - Running average train loss is 0.6733499193191528 at epoch 194
INFO - 01/31/26 08:38:14 - 0:05:39 - At 195-th epoch with lr 0.000906.
INFO - 01/31/26 08:38:15 - 0:05:40 - Running average train loss is 0.6731546688079834 at epoch 195
INFO - 01/31/26 08:38:15 - 0:05:40 - At 196-th epoch with lr 0.000904.
INFO - 01/31/26 08:38:17 - 0:05:42 - Running average train loss is 0.6738694906234741 at epoch 196
INFO - 01/31/26 08:38:17 - 0:05:42 - At 197-th epoch with lr 0.000901.
INFO - 01/31/26 08:38:18 - 0:05:43 - Running average train loss is 0.6746853876113892 at epoch 197
INFO - 01/31/26 08:38:18 - 0:05:43 - At 198-th epoch with lr 0.000899.
INFO - 01/31/26 08:38:20 - 0:05:45 - Running average train loss is 0.6729677224159241 at epoch 198
INFO - 01/31/26 08:38:20 - 0:05:45 - At 199-th epoch with lr 0.000897.
INFO - 01/31/26 08:38:21 - 0:05:46 - Running average train loss is 0.6738613510131836 at epoch 199
INFO - 01/31/26 08:38:21 - 0:05:46 - At 200-th epoch with lr 0.000894.
INFO - 01/31/26 08:38:23 - 0:05:48 - Running average train loss is 0.6754140782356263 at epoch 200
INFO - 01/31/26 08:38:23 - 0:05:48 - At 201-th epoch with lr 0.000892.
INFO - 01/31/26 08:38:24 - 0:05:49 - Running average train loss is 0.6738087511062623 at epoch 201
INFO - 01/31/26 08:38:24 - 0:05:49 - At 202-th epoch with lr 0.000890.
INFO - 01/31/26 08:38:26 - 0:05:51 - Running average train loss is 0.6738174176216125 at epoch 202
INFO - 01/31/26 08:38:26 - 0:05:51 - At 203-th epoch with lr 0.000888.
INFO - 01/31/26 08:38:27 - 0:05:52 - Running average train loss is 0.6732797408103943 at epoch 203
INFO - 01/31/26 08:38:27 - 0:05:52 - At 204-th epoch with lr 0.000886.
INFO - 01/31/26 08:38:29 - 0:05:54 - Running average train loss is 0.674521713256836 at epoch 204
INFO - 01/31/26 08:38:29 - 0:05:54 - At 205-th epoch with lr 0.000883.
INFO - 01/31/26 08:38:30 - 0:05:55 - Running average train loss is 0.6744006657600403 at epoch 205
INFO - 01/31/26 08:38:30 - 0:05:55 - At 206-th epoch with lr 0.000881.
INFO - 01/31/26 08:38:32 - 0:05:57 - Running average train loss is 0.6742699623107911 at epoch 206
INFO - 01/31/26 08:38:32 - 0:05:57 - At 207-th epoch with lr 0.000879.
INFO - 01/31/26 08:38:33 - 0:05:58 - Running average train loss is 0.6723944282531739 at epoch 207
INFO - 01/31/26 08:38:33 - 0:05:58 - At 208-th epoch with lr 0.000877.
INFO - 01/31/26 08:38:34 - 0:05:59 - Running average train loss is 0.6726947951316834 at epoch 208
INFO - 01/31/26 08:38:34 - 0:05:59 - Average dev loss is 0.6855431199073792 at epoch 208
INFO - 01/31/26 08:38:35 - 0:06:00 - dev accuracy is 99.3 at epoch 208
INFO - 01/31/26 08:38:35 - 0:06:00 - dev average edit distance is 0.011 at epoch 208
INFO - 01/31/26 08:38:35 - 0:06:00 - At 209-th epoch with lr 0.000875.
INFO - 01/31/26 08:38:36 - 0:06:01 - Running average train loss is 0.6740489912033081 at epoch 209
INFO - 01/31/26 08:38:36 - 0:06:01 - At 210-th epoch with lr 0.000873.
INFO - 01/31/26 08:38:38 - 0:06:03 - Running average train loss is 0.6739897298812866 at epoch 210
INFO - 01/31/26 08:38:38 - 0:06:03 - At 211-th epoch with lr 0.000871.
INFO - 01/31/26 08:38:39 - 0:06:04 - Running average train loss is 0.6737686967849732 at epoch 211
INFO - 01/31/26 08:38:39 - 0:06:04 - At 212-th epoch with lr 0.000869.
INFO - 01/31/26 08:38:41 - 0:06:05 - Running average train loss is 0.6732522010803222 at epoch 212
INFO - 01/31/26 08:38:41 - 0:06:05 - At 213-th epoch with lr 0.000867.
INFO - 01/31/26 08:38:42 - 0:06:07 - Running average train loss is 0.67223130941391 at epoch 213
INFO - 01/31/26 08:38:42 - 0:06:07 - At 214-th epoch with lr 0.000865.
INFO - 01/31/26 08:38:44 - 0:06:09 - Running average train loss is 0.6721140336990357 at epoch 214
INFO - 01/31/26 08:38:44 - 0:06:09 - At 215-th epoch with lr 0.000863.
INFO - 01/31/26 08:38:45 - 0:06:10 - Running average train loss is 0.6719259047508239 at epoch 215
INFO - 01/31/26 08:38:45 - 0:06:10 - At 216-th epoch with lr 0.000861.
INFO - 01/31/26 08:38:47 - 0:06:12 - Running average train loss is 0.6726875615119934 at epoch 216
INFO - 01/31/26 08:38:47 - 0:06:12 - At 217-th epoch with lr 0.000859.
INFO - 01/31/26 08:38:48 - 0:06:13 - Running average train loss is 0.6735007643699646 at epoch 217
INFO - 01/31/26 08:38:48 - 0:06:13 - At 218-th epoch with lr 0.000857.
INFO - 01/31/26 08:38:50 - 0:06:15 - Running average train loss is 0.6726194882392883 at epoch 218
INFO - 01/31/26 08:38:50 - 0:06:15 - At 219-th epoch with lr 0.000855.
INFO - 01/31/26 08:38:51 - 0:06:16 - Running average train loss is 0.672299325466156 at epoch 219
INFO - 01/31/26 08:38:51 - 0:06:16 - At 220-th epoch with lr 0.000853.
INFO - 01/31/26 08:38:53 - 0:06:18 - Running average train loss is 0.6717591094970703 at epoch 220
INFO - 01/31/26 08:38:53 - 0:06:18 - At 221-th epoch with lr 0.000851.
INFO - 01/31/26 08:38:54 - 0:06:19 - Running average train loss is 0.6730403900146484 at epoch 221
INFO - 01/31/26 08:38:54 - 0:06:19 - At 222-th epoch with lr 0.000849.
INFO - 01/31/26 08:38:56 - 0:06:21 - Running average train loss is 0.6728726315498352 at epoch 222
INFO - 01/31/26 08:38:56 - 0:06:21 - At 223-th epoch with lr 0.000847.
INFO - 01/31/26 08:38:57 - 0:06:22 - Running average train loss is 0.6711934900283814 at epoch 223
INFO - 01/31/26 08:38:57 - 0:06:22 - At 224-th epoch with lr 0.000845.
INFO - 01/31/26 08:38:59 - 0:06:24 - Running average train loss is 0.6714940524101257 at epoch 224
INFO - 01/31/26 08:38:59 - 0:06:24 - Average dev loss is 0.6836564938227335 at epoch 224
INFO - 01/31/26 08:38:59 - 0:06:24 - dev accuracy is 99.2 at epoch 224
INFO - 01/31/26 08:38:59 - 0:06:24 - dev average edit distance is 0.012 at epoch 224
INFO - 01/31/26 08:39:00 - 0:06:24 - At 225-th epoch with lr 0.000843.
INFO - 01/31/26 08:39:01 - 0:06:26 - Running average train loss is 0.6722648906707763 at epoch 225
INFO - 01/31/26 08:39:01 - 0:06:26 - At 226-th epoch with lr 0.000841.
INFO - 01/31/26 08:39:03 - 0:06:28 - Running average train loss is 0.6723915696144104 at epoch 226
INFO - 01/31/26 08:39:03 - 0:06:28 - At 227-th epoch with lr 0.000840.
INFO - 01/31/26 08:39:04 - 0:06:29 - Running average train loss is 0.6730716943740844 at epoch 227
INFO - 01/31/26 08:39:04 - 0:06:29 - At 228-th epoch with lr 0.000838.
INFO - 01/31/26 08:39:06 - 0:06:31 - Running average train loss is 0.6716411089897156 at epoch 228
INFO - 01/31/26 08:39:06 - 0:06:31 - At 229-th epoch with lr 0.000836.
INFO - 01/31/26 08:39:07 - 0:06:32 - Running average train loss is 0.672265350818634 at epoch 229
INFO - 01/31/26 08:39:07 - 0:06:32 - At 230-th epoch with lr 0.000834.
INFO - 01/31/26 08:39:09 - 0:06:34 - Running average train loss is 0.6727448511123657 at epoch 230
INFO - 01/31/26 08:39:09 - 0:06:34 - At 231-th epoch with lr 0.000832.
INFO - 01/31/26 08:39:10 - 0:06:35 - Running average train loss is 0.6718522787094117 at epoch 231
INFO - 01/31/26 08:39:10 - 0:06:35 - At 232-th epoch with lr 0.000830.
INFO - 01/31/26 08:39:12 - 0:06:37 - Running average train loss is 0.6730629301071167 at epoch 232
INFO - 01/31/26 08:39:12 - 0:06:37 - At 233-th epoch with lr 0.000829.
INFO - 01/31/26 08:39:13 - 0:06:38 - Running average train loss is 0.6718251276016235 at epoch 233
INFO - 01/31/26 08:39:13 - 0:06:38 - At 234-th epoch with lr 0.000827.
INFO - 01/31/26 08:39:15 - 0:06:40 - Running average train loss is 0.6716269207000732 at epoch 234
INFO - 01/31/26 08:39:15 - 0:06:40 - At 235-th epoch with lr 0.000825.
INFO - 01/31/26 08:39:16 - 0:06:41 - Running average train loss is 0.6713830327987671 at epoch 235
INFO - 01/31/26 08:39:16 - 0:06:41 - At 236-th epoch with lr 0.000823.
INFO - 01/31/26 08:39:18 - 0:06:43 - Running average train loss is 0.671852970123291 at epoch 236
INFO - 01/31/26 08:39:18 - 0:06:43 - At 237-th epoch with lr 0.000822.
INFO - 01/31/26 08:39:19 - 0:06:44 - Running average train loss is 0.6720506834983826 at epoch 237
INFO - 01/31/26 08:39:19 - 0:06:44 - At 238-th epoch with lr 0.000820.
INFO - 01/31/26 08:39:21 - 0:06:46 - Running average train loss is 0.6720408010482788 at epoch 238
INFO - 01/31/26 08:39:21 - 0:06:46 - At 239-th epoch with lr 0.000818.
INFO - 01/31/26 08:39:22 - 0:06:47 - Running average train loss is 0.6715944314002991 at epoch 239
INFO - 01/31/26 08:39:22 - 0:06:47 - At 240-th epoch with lr 0.000816.
INFO - 01/31/26 08:39:24 - 0:06:49 - Running average train loss is 0.6721705198287964 at epoch 240
INFO - 01/31/26 08:39:24 - 0:06:49 - Average dev loss is 0.684257964293162 at epoch 240
INFO - 01/31/26 08:39:24 - 0:06:49 - dev accuracy is 99.5 at epoch 240
INFO - 01/31/26 08:39:24 - 0:06:49 - dev average edit distance is 0.007 at epoch 240
INFO - 01/31/26 08:39:24 - 0:06:49 - At 241-th epoch with lr 0.000815.
INFO - 01/31/26 08:39:26 - 0:06:51 - Running average train loss is 0.6711693930625916 at epoch 241
INFO - 01/31/26 08:39:26 - 0:06:51 - At 242-th epoch with lr 0.000813.
INFO - 01/31/26 08:39:28 - 0:06:52 - Running average train loss is 0.6727807807922364 at epoch 242
INFO - 01/31/26 08:39:28 - 0:06:52 - At 243-th epoch with lr 0.000811.
INFO - 01/31/26 08:39:29 - 0:06:54 - Running average train loss is 0.6713120794296265 at epoch 243
INFO - 01/31/26 08:39:29 - 0:06:54 - At 244-th epoch with lr 0.000810.
INFO - 01/31/26 08:39:31 - 0:06:56 - Running average train loss is 0.6717410778999329 at epoch 244
INFO - 01/31/26 08:39:31 - 0:06:56 - At 245-th epoch with lr 0.000808.
INFO - 01/31/26 08:39:32 - 0:06:57 - Running average train loss is 0.6704782795906067 at epoch 245
INFO - 01/31/26 08:39:32 - 0:06:57 - At 246-th epoch with lr 0.000806.
INFO - 01/31/26 08:39:34 - 0:06:59 - Running average train loss is 0.6711006307601929 at epoch 246
INFO - 01/31/26 08:39:34 - 0:06:59 - At 247-th epoch with lr 0.000805.
INFO - 01/31/26 08:39:35 - 0:07:00 - Running average train loss is 0.6714492273330689 at epoch 247
INFO - 01/31/26 08:39:35 - 0:07:00 - At 248-th epoch with lr 0.000803.
INFO - 01/31/26 08:39:37 - 0:07:02 - Running average train loss is 0.6709567213058472 at epoch 248
INFO - 01/31/26 08:39:37 - 0:07:02 - At 249-th epoch with lr 0.000802.
INFO - 01/31/26 08:39:38 - 0:07:03 - Running average train loss is 0.6710483455657958 at epoch 249
INFO - 01/31/26 08:39:38 - 0:07:03 - At 250-th epoch with lr 0.000800.
INFO - 01/31/26 08:39:40 - 0:07:05 - Running average train loss is 0.6713721132278443 at epoch 250
INFO - 01/31/26 08:39:40 - 0:07:05 - At 251-th epoch with lr 0.000798.
INFO - 01/31/26 08:39:41 - 0:07:06 - Running average train loss is 0.6715831756591797 at epoch 251
INFO - 01/31/26 08:39:41 - 0:07:06 - At 252-th epoch with lr 0.000797.
INFO - 01/31/26 08:39:43 - 0:07:08 - Running average train loss is 0.671469156742096 at epoch 252
INFO - 01/31/26 08:39:43 - 0:07:08 - At 253-th epoch with lr 0.000795.
INFO - 01/31/26 08:39:44 - 0:07:09 - Running average train loss is 0.6713337016105652 at epoch 253
INFO - 01/31/26 08:39:44 - 0:07:09 - At 254-th epoch with lr 0.000794.
INFO - 01/31/26 08:39:46 - 0:07:11 - Running average train loss is 0.6713965559005737 at epoch 254
INFO - 01/31/26 08:39:46 - 0:07:11 - At 255-th epoch with lr 0.000792.
INFO - 01/31/26 08:39:48 - 0:07:12 - Running average train loss is 0.6706767868995667 at epoch 255
INFO - 01/31/26 08:39:48 - 0:07:12 - At 256-th epoch with lr 0.000791.
INFO - 01/31/26 08:39:49 - 0:07:14 - Running average train loss is 0.6704100680351257 at epoch 256
INFO - 01/31/26 08:39:49 - 0:07:14 - Average dev loss is 0.6821600000063578 at epoch 256
INFO - 01/31/26 08:39:49 - 0:07:14 - dev accuracy is 99.7 at epoch 256
INFO - 01/31/26 08:39:49 - 0:07:14 - dev average edit distance is 0.005 at epoch 256
INFO - 01/31/26 08:39:50 - 0:07:15 - At 257-th epoch with lr 0.000789.
INFO - 01/31/26 08:39:51 - 0:07:16 - Running average train loss is 0.6705913925170899 at epoch 257
INFO - 01/31/26 08:39:51 - 0:07:16 - At 258-th epoch with lr 0.000787.
INFO - 01/31/26 08:39:53 - 0:07:18 - Running average train loss is 0.6705257105827331 at epoch 258
INFO - 01/31/26 08:39:53 - 0:07:18 - At 259-th epoch with lr 0.000786.
INFO - 01/31/26 08:39:54 - 0:07:19 - Running average train loss is 0.6713766860961914 at epoch 259
INFO - 01/31/26 08:39:54 - 0:07:19 - At 260-th epoch with lr 0.000784.
INFO - 01/31/26 08:39:56 - 0:07:21 - Running average train loss is 0.6705829048156738 at epoch 260
INFO - 01/31/26 08:39:56 - 0:07:21 - At 261-th epoch with lr 0.000783.
INFO - 01/31/26 08:39:57 - 0:07:22 - Running average train loss is 0.6707641243934631 at epoch 261
INFO - 01/31/26 08:39:57 - 0:07:22 - At 262-th epoch with lr 0.000781.
INFO - 01/31/26 08:39:59 - 0:07:24 - Running average train loss is 0.6693504977226258 at epoch 262
INFO - 01/31/26 08:39:59 - 0:07:24 - At 263-th epoch with lr 0.000780.
INFO - 01/31/26 08:40:00 - 0:07:25 - Running average train loss is 0.6707181358337402 at epoch 263
INFO - 01/31/26 08:40:00 - 0:07:25 - At 264-th epoch with lr 0.000778.
INFO - 01/31/26 08:40:02 - 0:07:27 - Running average train loss is 0.6715482425689697 at epoch 264
INFO - 01/31/26 08:40:02 - 0:07:27 - At 265-th epoch with lr 0.000777.
INFO - 01/31/26 08:40:03 - 0:07:28 - Running average train loss is 0.670843825340271 at epoch 265
INFO - 01/31/26 08:40:03 - 0:07:28 - At 266-th epoch with lr 0.000776.
INFO - 01/31/26 08:40:05 - 0:07:30 - Running average train loss is 0.6716954207420349 at epoch 266
INFO - 01/31/26 08:40:05 - 0:07:30 - At 267-th epoch with lr 0.000774.
INFO - 01/31/26 08:40:07 - 0:07:32 - Running average train loss is 0.6707373952865601 at epoch 267
INFO - 01/31/26 08:40:07 - 0:07:32 - At 268-th epoch with lr 0.000773.
INFO - 01/31/26 08:40:08 - 0:07:33 - Running average train loss is 0.6712127637863159 at epoch 268
INFO - 01/31/26 08:40:08 - 0:07:33 - At 269-th epoch with lr 0.000771.
INFO - 01/31/26 08:40:10 - 0:07:35 - Running average train loss is 0.6712275052070618 at epoch 269
INFO - 01/31/26 08:40:10 - 0:07:35 - At 270-th epoch with lr 0.000770.
INFO - 01/31/26 08:40:11 - 0:07:36 - Running average train loss is 0.6699717497825622 at epoch 270
INFO - 01/31/26 08:40:11 - 0:07:36 - At 271-th epoch with lr 0.000768.
INFO - 01/31/26 08:40:13 - 0:07:38 - Running average train loss is 0.6702083134651184 at epoch 271
INFO - 01/31/26 08:40:13 - 0:07:38 - At 272-th epoch with lr 0.000767.
INFO - 01/31/26 08:40:14 - 0:07:39 - Running average train loss is 0.6696064901351929 at epoch 272
INFO - 01/31/26 08:40:14 - 0:07:39 - Average dev loss is 0.6820286909739176 at epoch 272
INFO - 01/31/26 08:40:15 - 0:07:40 - dev accuracy is 99.6 at epoch 272
INFO - 01/31/26 08:40:15 - 0:07:40 - dev average edit distance is 0.004 at epoch 272
INFO - 01/31/26 08:40:15 - 0:07:40 - At 273-th epoch with lr 0.000766.
INFO - 01/31/26 08:40:16 - 0:07:41 - Running average train loss is 0.6700694799423218 at epoch 273
INFO - 01/31/26 08:40:16 - 0:07:41 - At 274-th epoch with lr 0.000764.
INFO - 01/31/26 08:40:18 - 0:07:43 - Running average train loss is 0.6701192545890808 at epoch 274
INFO - 01/31/26 08:40:18 - 0:07:43 - At 275-th epoch with lr 0.000763.
INFO - 01/31/26 08:40:19 - 0:07:44 - Running average train loss is 0.6705070614814759 at epoch 275
INFO - 01/31/26 08:40:19 - 0:07:44 - At 276-th epoch with lr 0.000761.
INFO - 01/31/26 08:40:21 - 0:07:46 - Running average train loss is 0.6709109497070312 at epoch 276
INFO - 01/31/26 08:40:21 - 0:07:46 - At 277-th epoch with lr 0.000760.
INFO - 01/31/26 08:40:23 - 0:07:48 - Running average train loss is 0.6700325202941895 at epoch 277
INFO - 01/31/26 08:40:23 - 0:07:48 - At 278-th epoch with lr 0.000759.
INFO - 01/31/26 08:40:24 - 0:07:49 - Running average train loss is 0.6703956604003907 at epoch 278
INFO - 01/31/26 08:40:24 - 0:07:49 - At 279-th epoch with lr 0.000757.
INFO - 01/31/26 08:40:26 - 0:07:51 - Running average train loss is 0.6712076210975647 at epoch 279
INFO - 01/31/26 08:40:26 - 0:07:51 - At 280-th epoch with lr 0.000756.
INFO - 01/31/26 08:40:27 - 0:07:52 - Running average train loss is 0.6714596652984619 at epoch 280
INFO - 01/31/26 08:40:27 - 0:07:52 - At 281-th epoch with lr 0.000755.
INFO - 01/31/26 08:40:29 - 0:07:54 - Running average train loss is 0.670405559539795 at epoch 281
INFO - 01/31/26 08:40:29 - 0:07:54 - At 282-th epoch with lr 0.000753.
INFO - 01/31/26 08:40:30 - 0:07:55 - Running average train loss is 0.6698026633262635 at epoch 282
INFO - 01/31/26 08:40:30 - 0:07:55 - At 283-th epoch with lr 0.000752.
INFO - 01/31/26 08:40:32 - 0:07:57 - Running average train loss is 0.6705741024017334 at epoch 283
INFO - 01/31/26 08:40:32 - 0:07:57 - At 284-th epoch with lr 0.000751.
INFO - 01/31/26 08:40:33 - 0:07:58 - Running average train loss is 0.6695151448249816 at epoch 284
INFO - 01/31/26 08:40:33 - 0:07:58 - At 285-th epoch with lr 0.000749.
INFO - 01/31/26 08:40:35 - 0:08:00 - Running average train loss is 0.6697883915901184 at epoch 285
INFO - 01/31/26 08:40:35 - 0:08:00 - At 286-th epoch with lr 0.000748.
INFO - 01/31/26 08:40:36 - 0:08:01 - Running average train loss is 0.6696980261802673 at epoch 286
INFO - 01/31/26 08:40:36 - 0:08:01 - At 287-th epoch with lr 0.000747.
INFO - 01/31/26 08:40:38 - 0:08:03 - Running average train loss is 0.6700662803649903 at epoch 287
INFO - 01/31/26 08:40:38 - 0:08:03 - At 288-th epoch with lr 0.000745.
INFO - 01/31/26 08:40:40 - 0:08:04 - Running average train loss is 0.6704773354530335 at epoch 288
INFO - 01/31/26 08:40:40 - 0:08:05 - Average dev loss is 0.6840868790944418 at epoch 288
INFO - 01/31/26 08:40:40 - 0:08:05 - dev accuracy is 99.2 at epoch 288
INFO - 01/31/26 08:40:40 - 0:08:05 - dev average edit distance is 0.011 at epoch 288
INFO - 01/31/26 08:40:40 - 0:08:05 - At 289-th epoch with lr 0.000744.
INFO - 01/31/26 08:40:42 - 0:08:07 - Running average train loss is 0.6700103735923767 at epoch 289
INFO - 01/31/26 08:40:42 - 0:08:07 - At 290-th epoch with lr 0.000743.
INFO - 01/31/26 08:40:43 - 0:08:08 - Running average train loss is 0.67022634267807 at epoch 290
INFO - 01/31/26 08:40:43 - 0:08:08 - At 291-th epoch with lr 0.000742.
INFO - 01/31/26 08:40:45 - 0:08:10 - Running average train loss is 0.6712708592414856 at epoch 291
INFO - 01/31/26 08:40:45 - 0:08:10 - At 292-th epoch with lr 0.000740.
INFO - 01/31/26 08:40:46 - 0:08:11 - Running average train loss is 0.6711284232139587 at epoch 292
INFO - 01/31/26 08:40:46 - 0:08:11 - At 293-th epoch with lr 0.000739.
INFO - 01/31/26 08:40:48 - 0:08:13 - Running average train loss is 0.669966561794281 at epoch 293
INFO - 01/31/26 08:40:48 - 0:08:13 - At 294-th epoch with lr 0.000738.
INFO - 01/31/26 08:40:49 - 0:08:14 - Running average train loss is 0.6696348714828492 at epoch 294
INFO - 01/31/26 08:40:49 - 0:08:14 - At 295-th epoch with lr 0.000736.
INFO - 01/31/26 08:40:51 - 0:08:16 - Running average train loss is 0.6696817827224731 at epoch 295
INFO - 01/31/26 08:40:51 - 0:08:16 - At 296-th epoch with lr 0.000735.
INFO - 01/31/26 08:40:53 - 0:08:18 - Running average train loss is 0.6703538703918457 at epoch 296
INFO - 01/31/26 08:40:53 - 0:08:18 - At 297-th epoch with lr 0.000734.
INFO - 01/31/26 08:40:54 - 0:08:19 - Running average train loss is 0.6698913717269898 at epoch 297
INFO - 01/31/26 08:40:54 - 0:08:19 - At 298-th epoch with lr 0.000733.
INFO - 01/31/26 08:40:56 - 0:08:21 - Running average train loss is 0.6711423778533936 at epoch 298
INFO - 01/31/26 08:40:56 - 0:08:21 - At 299-th epoch with lr 0.000732.
INFO - 01/31/26 08:40:57 - 0:08:22 - Running average train loss is 0.6698904347419739 at epoch 299
INFO - 01/31/26 08:40:57 - 0:08:22 - At 300-th epoch with lr 0.000730.
INFO - 01/31/26 08:40:59 - 0:08:24 - Running average train loss is 0.6695384216308594 at epoch 300
INFO - 01/31/26 08:40:59 - 0:08:24 - At 301-th epoch with lr 0.000729.
INFO - 01/31/26 08:41:00 - 0:08:25 - Running average train loss is 0.6697318768501281 at epoch 301
INFO - 01/31/26 08:41:00 - 0:08:25 - At 302-th epoch with lr 0.000728.
INFO - 01/31/26 08:41:02 - 0:08:27 - Running average train loss is 0.669522430896759 at epoch 302
INFO - 01/31/26 08:41:02 - 0:08:27 - At 303-th epoch with lr 0.000727.
INFO - 01/31/26 08:41:03 - 0:08:28 - Running average train loss is 0.6702983856201172 at epoch 303
INFO - 01/31/26 08:41:03 - 0:08:28 - At 304-th epoch with lr 0.000725.
INFO - 01/31/26 08:41:05 - 0:08:30 - Running average train loss is 0.6701258969306946 at epoch 304
INFO - 01/31/26 08:41:05 - 0:08:30 - Average dev loss is 0.6823834975560507 at epoch 304
INFO - 01/31/26 08:41:05 - 0:08:30 - dev accuracy is 99.5 at epoch 304
INFO - 01/31/26 08:41:05 - 0:08:30 - dev average edit distance is 0.006 at epoch 304
INFO - 01/31/26 08:41:05 - 0:08:30 - At 305-th epoch with lr 0.000724.
INFO - 01/31/26 08:41:07 - 0:08:32 - Running average train loss is 0.6700584053993225 at epoch 305
INFO - 01/31/26 08:41:07 - 0:08:32 - At 306-th epoch with lr 0.000723.
INFO - 01/31/26 08:41:08 - 0:08:33 - Running average train loss is 0.6698659610748291 at epoch 306
INFO - 01/31/26 08:41:08 - 0:08:33 - At 307-th epoch with lr 0.000722.
INFO - 01/31/26 08:41:10 - 0:08:35 - Running average train loss is 0.6694570899009704 at epoch 307
INFO - 01/31/26 08:41:10 - 0:08:35 - At 308-th epoch with lr 0.000721.
INFO - 01/31/26 08:41:12 - 0:08:36 - Running average train loss is 0.6694704937934876 at epoch 308
INFO - 01/31/26 08:41:12 - 0:08:36 - At 309-th epoch with lr 0.000720.
INFO - 01/31/26 08:41:13 - 0:08:38 - Running average train loss is 0.6700347304344177 at epoch 309
INFO - 01/31/26 08:41:13 - 0:08:38 - At 310-th epoch with lr 0.000718.
INFO - 01/31/26 08:41:15 - 0:08:39 - Running average train loss is 0.6701174259185791 at epoch 310
INFO - 01/31/26 08:41:15 - 0:08:39 - At 311-th epoch with lr 0.000717.
INFO - 01/31/26 08:41:16 - 0:08:41 - Running average train loss is 0.6699902391433716 at epoch 311
INFO - 01/31/26 08:41:16 - 0:08:41 - At 312-th epoch with lr 0.000716.
INFO - 01/31/26 08:41:18 - 0:08:43 - Running average train loss is 0.6702918314933777 at epoch 312
INFO - 01/31/26 08:41:18 - 0:08:43 - At 313-th epoch with lr 0.000715.
INFO - 01/31/26 08:41:19 - 0:08:44 - Running average train loss is 0.6699575448036194 at epoch 313
INFO - 01/31/26 08:41:19 - 0:08:44 - At 314-th epoch with lr 0.000714.
INFO - 01/31/26 08:41:21 - 0:08:46 - Running average train loss is 0.6701042032241822 at epoch 314
INFO - 01/31/26 08:41:21 - 0:08:46 - At 315-th epoch with lr 0.000713.
INFO - 01/31/26 08:41:22 - 0:08:47 - Running average train loss is 0.6697599959373474 at epoch 315
INFO - 01/31/26 08:41:22 - 0:08:47 - At 316-th epoch with lr 0.000712.
INFO - 01/31/26 08:41:24 - 0:08:49 - Running average train loss is 0.6697416567802429 at epoch 316
INFO - 01/31/26 08:41:24 - 0:08:49 - At 317-th epoch with lr 0.000710.
INFO - 01/31/26 08:41:25 - 0:08:50 - Running average train loss is 0.6692478919029236 at epoch 317
INFO - 01/31/26 08:41:25 - 0:08:50 - At 318-th epoch with lr 0.000709.
INFO - 01/31/26 08:41:27 - 0:08:52 - Running average train loss is 0.6692299175262452 at epoch 318
INFO - 01/31/26 08:41:27 - 0:08:52 - At 319-th epoch with lr 0.000708.
INFO - 01/31/26 08:41:28 - 0:08:53 - Running average train loss is 0.6690441441535949 at epoch 319
INFO - 01/31/26 08:41:28 - 0:08:53 - At 320-th epoch with lr 0.000707.
INFO - 01/31/26 08:41:30 - 0:08:55 - Running average train loss is 0.6699244904518128 at epoch 320
INFO - 01/31/26 08:41:30 - 0:08:55 - Average dev loss is 0.6833956638971964 at epoch 320
INFO - 01/31/26 08:41:30 - 0:08:55 - dev accuracy is 99.3 at epoch 320
INFO - 01/31/26 08:41:30 - 0:08:55 - dev average edit distance is 0.011 at epoch 320
INFO - 01/31/26 08:41:30 - 0:08:55 - At 321-th epoch with lr 0.000706.
INFO - 01/31/26 08:41:32 - 0:08:57 - Running average train loss is 0.6707888126373291 at epoch 321
INFO - 01/31/26 08:41:32 - 0:08:57 - At 322-th epoch with lr 0.000705.
INFO - 01/31/26 08:41:33 - 0:08:58 - Running average train loss is 0.6702883315086364 at epoch 322
INFO - 01/31/26 08:41:33 - 0:08:58 - At 323-th epoch with lr 0.000704.
INFO - 01/31/26 08:41:35 - 0:09:00 - Running average train loss is 0.6701640963554383 at epoch 323
INFO - 01/31/26 08:41:35 - 0:09:00 - At 324-th epoch with lr 0.000703.
INFO - 01/31/26 08:41:36 - 0:09:01 - Running average train loss is 0.6697898197174073 at epoch 324
INFO - 01/31/26 08:41:36 - 0:09:01 - At 325-th epoch with lr 0.000702.
INFO - 01/31/26 08:41:38 - 0:09:03 - Running average train loss is 0.6694615125656128 at epoch 325
INFO - 01/31/26 08:41:38 - 0:09:03 - At 326-th epoch with lr 0.000701.
INFO - 01/31/26 08:41:39 - 0:09:04 - Running average train loss is 0.6700246977806091 at epoch 326
INFO - 01/31/26 08:41:39 - 0:09:04 - At 327-th epoch with lr 0.000699.
INFO - 01/31/26 08:41:41 - 0:09:06 - Running average train loss is 0.6698654747009277 at epoch 327
INFO - 01/31/26 08:41:41 - 0:09:06 - At 328-th epoch with lr 0.000698.
INFO - 01/31/26 08:41:42 - 0:09:07 - Running average train loss is 0.6706438994407654 at epoch 328
INFO - 01/31/26 08:41:42 - 0:09:07 - At 329-th epoch with lr 0.000697.
INFO - 01/31/26 08:41:44 - 0:09:09 - Running average train loss is 0.6694044470787048 at epoch 329
INFO - 01/31/26 08:41:44 - 0:09:09 - At 330-th epoch with lr 0.000696.
INFO - 01/31/26 08:41:45 - 0:09:10 - Running average train loss is 0.66909818649292 at epoch 330
INFO - 01/31/26 08:41:45 - 0:09:10 - At 331-th epoch with lr 0.000695.
INFO - 01/31/26 08:41:47 - 0:09:12 - Running average train loss is 0.66887047290802 at epoch 331
INFO - 01/31/26 08:41:47 - 0:09:12 - At 332-th epoch with lr 0.000694.
INFO - 01/31/26 08:41:48 - 0:09:13 - Running average train loss is 0.6695695877075195 at epoch 332
INFO - 01/31/26 08:41:48 - 0:09:13 - At 333-th epoch with lr 0.000693.
INFO - 01/31/26 08:41:50 - 0:09:15 - Running average train loss is 0.6698653221130371 at epoch 333
INFO - 01/31/26 08:41:50 - 0:09:15 - At 334-th epoch with lr 0.000692.
INFO - 01/31/26 08:41:51 - 0:09:16 - Running average train loss is 0.6695285558700561 at epoch 334
INFO - 01/31/26 08:41:51 - 0:09:16 - At 335-th epoch with lr 0.000691.
INFO - 01/31/26 08:41:53 - 0:09:18 - Running average train loss is 0.6697440361976623 at epoch 335
INFO - 01/31/26 08:41:53 - 0:09:18 - At 336-th epoch with lr 0.000690.
INFO - 01/31/26 08:41:54 - 0:09:19 - Running average train loss is 0.6696045613288879 at epoch 336
INFO - 01/31/26 08:41:55 - 0:09:19 - Average dev loss is 0.6832650899887085 at epoch 336
INFO - 01/31/26 08:41:55 - 0:09:20 - dev accuracy is 99.3 at epoch 336
INFO - 01/31/26 08:41:55 - 0:09:20 - dev average edit distance is 0.011 at epoch 336
INFO - 01/31/26 08:41:55 - 0:09:20 - At 337-th epoch with lr 0.000689.
INFO - 01/31/26 08:41:57 - 0:09:21 - Running average train loss is 0.6685380792617798 at epoch 337
INFO - 01/31/26 08:41:57 - 0:09:21 - At 338-th epoch with lr 0.000688.
INFO - 01/31/26 08:41:58 - 0:09:23 - Running average train loss is 0.6692420530319214 at epoch 338
INFO - 01/31/26 08:41:58 - 0:09:23 - At 339-th epoch with lr 0.000687.
INFO - 01/31/26 08:42:00 - 0:09:25 - Running average train loss is 0.6693122673034668 at epoch 339
INFO - 01/31/26 08:42:00 - 0:09:25 - At 340-th epoch with lr 0.000686.
INFO - 01/31/26 08:42:01 - 0:09:26 - Running average train loss is 0.6691531062126159 at epoch 340
INFO - 01/31/26 08:42:01 - 0:09:26 - At 341-th epoch with lr 0.000685.
INFO - 01/31/26 08:42:03 - 0:09:28 - Running average train loss is 0.6691415095329285 at epoch 341
INFO - 01/31/26 08:42:03 - 0:09:28 - At 342-th epoch with lr 0.000684.
INFO - 01/31/26 08:42:04 - 0:09:29 - Running average train loss is 0.6688613033294678 at epoch 342
INFO - 01/31/26 08:42:04 - 0:09:29 - At 343-th epoch with lr 0.000683.
INFO - 01/31/26 08:42:06 - 0:09:31 - Running average train loss is 0.6689941096305847 at epoch 343
INFO - 01/31/26 08:42:06 - 0:09:31 - At 344-th epoch with lr 0.000682.
INFO - 01/31/26 08:42:07 - 0:09:32 - Running average train loss is 0.6689138984680176 at epoch 344
INFO - 01/31/26 08:42:07 - 0:09:32 - At 345-th epoch with lr 0.000681.
INFO - 01/31/26 08:42:09 - 0:09:34 - Running average train loss is 0.6690480160713196 at epoch 345
INFO - 01/31/26 08:42:09 - 0:09:34 - At 346-th epoch with lr 0.000680.
INFO - 01/31/26 08:42:10 - 0:09:35 - Running average train loss is 0.6694591093063355 at epoch 346
INFO - 01/31/26 08:42:10 - 0:09:35 - At 347-th epoch with lr 0.000679.
INFO - 01/31/26 08:42:12 - 0:09:37 - Running average train loss is 0.6698316240310669 at epoch 347
INFO - 01/31/26 08:42:12 - 0:09:37 - At 348-th epoch with lr 0.000678.
INFO - 01/31/26 08:42:13 - 0:09:38 - Running average train loss is 0.6701415300369262 at epoch 348
INFO - 01/31/26 08:42:13 - 0:09:38 - At 349-th epoch with lr 0.000677.
INFO - 01/31/26 08:42:15 - 0:09:40 - Running average train loss is 0.6699100732803345 at epoch 349
INFO - 01/31/26 08:42:15 - 0:09:40 - At 350-th epoch with lr 0.000676.
INFO - 01/31/26 08:42:16 - 0:09:41 - Running average train loss is 0.6692988872528076 at epoch 350
INFO - 01/31/26 08:42:16 - 0:09:41 - At 351-th epoch with lr 0.000675.
INFO - 01/31/26 08:42:18 - 0:09:43 - Running average train loss is 0.6687404131889343 at epoch 351
INFO - 01/31/26 08:42:18 - 0:09:43 - At 352-th epoch with lr 0.000674.
INFO - 01/31/26 08:42:19 - 0:09:44 - Running average train loss is 0.669312846660614 at epoch 352
INFO - 01/31/26 08:42:19 - 0:09:44 - Average dev loss is 0.6829946835835775 at epoch 352
INFO - 01/31/26 08:42:20 - 0:09:45 - dev accuracy is 99.2 at epoch 352
INFO - 01/31/26 08:42:20 - 0:09:45 - dev average edit distance is 0.012 at epoch 352
INFO - 01/31/26 08:42:20 - 0:09:45 - At 353-th epoch with lr 0.000673.
INFO - 01/31/26 08:42:21 - 0:09:46 - Running average train loss is 0.6691109251976013 at epoch 353
INFO - 01/31/26 08:42:21 - 0:09:46 - At 354-th epoch with lr 0.000672.
INFO - 01/31/26 08:42:23 - 0:09:48 - Running average train loss is 0.6689274263381958 at epoch 354
INFO - 01/31/26 08:42:23 - 0:09:48 - At 355-th epoch with lr 0.000671.
INFO - 01/31/26 08:42:24 - 0:09:49 - Running average train loss is 0.6691992878913879 at epoch 355
INFO - 01/31/26 08:42:24 - 0:09:49 - At 356-th epoch with lr 0.000670.
INFO - 01/31/26 08:42:26 - 0:09:51 - Running average train loss is 0.6692581152915955 at epoch 356
INFO - 01/31/26 08:42:26 - 0:09:51 - At 357-th epoch with lr 0.000669.
INFO - 01/31/26 08:42:27 - 0:09:52 - Running average train loss is 0.6688268256187438 at epoch 357
INFO - 01/31/26 08:42:27 - 0:09:52 - At 358-th epoch with lr 0.000669.
INFO - 01/31/26 08:42:29 - 0:09:54 - Running average train loss is 0.6687962675094604 at epoch 358
INFO - 01/31/26 08:42:29 - 0:09:54 - At 359-th epoch with lr 0.000668.
INFO - 01/31/26 08:42:30 - 0:09:55 - Running average train loss is 0.6690473008155823 at epoch 359
INFO - 01/31/26 08:42:30 - 0:09:55 - At 360-th epoch with lr 0.000667.
INFO - 01/31/26 08:42:32 - 0:09:57 - Running average train loss is 0.6693482947349548 at epoch 360
INFO - 01/31/26 08:42:32 - 0:09:57 - At 361-th epoch with lr 0.000666.
INFO - 01/31/26 08:42:34 - 0:09:58 - Running average train loss is 0.6689917969703675 at epoch 361
INFO - 01/31/26 08:42:34 - 0:09:58 - At 362-th epoch with lr 0.000665.
INFO - 01/31/26 08:42:35 - 0:10:00 - Running average train loss is 0.6689052510261536 at epoch 362
INFO - 01/31/26 08:42:35 - 0:10:00 - At 363-th epoch with lr 0.000664.
INFO - 01/31/26 08:42:37 - 0:10:02 - Running average train loss is 0.669527804851532 at epoch 363
INFO - 01/31/26 08:42:37 - 0:10:02 - At 364-th epoch with lr 0.000663.
INFO - 01/31/26 08:42:38 - 0:10:03 - Running average train loss is 0.6694060611724854 at epoch 364
INFO - 01/31/26 08:42:38 - 0:10:03 - At 365-th epoch with lr 0.000662.
INFO - 01/31/26 08:42:40 - 0:10:05 - Running average train loss is 0.6691134071350098 at epoch 365
INFO - 01/31/26 08:42:40 - 0:10:05 - At 366-th epoch with lr 0.000661.
INFO - 01/31/26 08:42:41 - 0:10:06 - Running average train loss is 0.6689632272720337 at epoch 366
INFO - 01/31/26 08:42:41 - 0:10:06 - At 367-th epoch with lr 0.000660.
INFO - 01/31/26 08:42:43 - 0:10:08 - Running average train loss is 0.6688362193107605 at epoch 367
INFO - 01/31/26 08:42:43 - 0:10:08 - At 368-th epoch with lr 0.000659.
INFO - 01/31/26 08:42:44 - 0:10:09 - Running average train loss is 0.668673861026764 at epoch 368
INFO - 01/31/26 08:42:44 - 0:10:09 - Average dev loss is 0.6818535923957825 at epoch 368
INFO - 01/31/26 08:42:45 - 0:10:10 - dev accuracy is 99.4 at epoch 368
INFO - 01/31/26 08:42:45 - 0:10:10 - dev average edit distance is 0.01 at epoch 368
INFO - 01/31/26 08:42:45 - 0:10:10 - At 369-th epoch with lr 0.000658.
INFO - 01/31/26 08:42:46 - 0:10:11 - Running average train loss is 0.6683132481575013 at epoch 369
INFO - 01/31/26 08:42:46 - 0:10:11 - At 370-th epoch with lr 0.000658.
INFO - 01/31/26 08:42:48 - 0:10:13 - Running average train loss is 0.6687171339988709 at epoch 370
INFO - 01/31/26 08:42:48 - 0:10:13 - At 371-th epoch with lr 0.000657.
INFO - 01/31/26 08:42:49 - 0:10:14 - Running average train loss is 0.6681191277503967 at epoch 371
INFO - 01/31/26 08:42:49 - 0:10:14 - At 372-th epoch with lr 0.000656.
INFO - 01/31/26 08:42:51 - 0:10:16 - Running average train loss is 0.6680333280563354 at epoch 372
INFO - 01/31/26 08:42:51 - 0:10:16 - At 373-th epoch with lr 0.000655.
INFO - 01/31/26 08:42:52 - 0:10:17 - Running average train loss is 0.6683395719528198 at epoch 373
INFO - 01/31/26 08:42:52 - 0:10:17 - At 374-th epoch with lr 0.000654.
INFO - 01/31/26 08:42:54 - 0:10:19 - Running average train loss is 0.6691949081420898 at epoch 374
INFO - 01/31/26 08:42:54 - 0:10:19 - At 375-th epoch with lr 0.000653.
INFO - 01/31/26 08:42:55 - 0:10:20 - Running average train loss is 0.668769292831421 at epoch 375
INFO - 01/31/26 08:42:55 - 0:10:20 - At 376-th epoch with lr 0.000652.
INFO - 01/31/26 08:42:57 - 0:10:22 - Running average train loss is 0.6688044714927673 at epoch 376
INFO - 01/31/26 08:42:57 - 0:10:22 - At 377-th epoch with lr 0.000651.
INFO - 01/31/26 08:42:58 - 0:10:23 - Running average train loss is 0.6687921714782715 at epoch 377
INFO - 01/31/26 08:42:58 - 0:10:23 - At 378-th epoch with lr 0.000651.
INFO - 01/31/26 08:43:00 - 0:10:25 - Running average train loss is 0.6687000226974488 at epoch 378
INFO - 01/31/26 08:43:00 - 0:10:25 - At 379-th epoch with lr 0.000650.
INFO - 01/31/26 08:43:01 - 0:10:26 - Running average train loss is 0.6687730264663696 at epoch 379
INFO - 01/31/26 08:43:01 - 0:10:26 - At 380-th epoch with lr 0.000649.
INFO - 01/31/26 08:43:03 - 0:10:28 - Running average train loss is 0.6687801313400269 at epoch 380
INFO - 01/31/26 08:43:03 - 0:10:28 - At 381-th epoch with lr 0.000648.
INFO - 01/31/26 08:43:04 - 0:10:29 - Running average train loss is 0.6697246527671814 at epoch 381
INFO - 01/31/26 08:43:04 - 0:10:29 - At 382-th epoch with lr 0.000647.
INFO - 01/31/26 08:43:06 - 0:10:31 - Running average train loss is 0.6690330958366394 at epoch 382
INFO - 01/31/26 08:43:06 - 0:10:31 - At 383-th epoch with lr 0.000646.
INFO - 01/31/26 08:43:07 - 0:10:32 - Running average train loss is 0.6685721850395203 at epoch 383
INFO - 01/31/26 08:43:07 - 0:10:32 - At 384-th epoch with lr 0.000645.
INFO - 01/31/26 08:43:09 - 0:10:34 - Running average train loss is 0.6686006116867066 at epoch 384
INFO - 01/31/26 08:43:09 - 0:10:34 - Average dev loss is 0.6845500667889913 at epoch 384
INFO - 01/31/26 08:43:09 - 0:10:34 - dev accuracy is 98.4 at epoch 384
INFO - 01/31/26 08:43:09 - 0:10:34 - dev average edit distance is 0.025 at epoch 384
INFO - 01/31/26 08:43:09 - 0:10:34 - At 385-th epoch with lr 0.000645.
INFO - 01/31/26 08:43:11 - 0:10:36 - Running average train loss is 0.6692072224617004 at epoch 385
INFO - 01/31/26 08:43:11 - 0:10:36 - At 386-th epoch with lr 0.000644.
INFO - 01/31/26 08:43:13 - 0:10:37 - Running average train loss is 0.6681818437576293 at epoch 386
INFO - 01/31/26 08:43:13 - 0:10:37 - At 387-th epoch with lr 0.000643.
INFO - 01/31/26 08:43:14 - 0:10:39 - Running average train loss is 0.6684705758094788 at epoch 387
INFO - 01/31/26 08:43:14 - 0:10:39 - At 388-th epoch with lr 0.000642.
INFO - 01/31/26 08:43:16 - 0:10:41 - Running average train loss is 0.6681395769119263 at epoch 388
INFO - 01/31/26 08:43:16 - 0:10:41 - At 389-th epoch with lr 0.000641.
INFO - 01/31/26 08:43:17 - 0:10:42 - Running average train loss is 0.6685603928565979 at epoch 389
INFO - 01/31/26 08:43:17 - 0:10:42 - At 390-th epoch with lr 0.000641.
INFO - 01/31/26 08:43:19 - 0:10:44 - Running average train loss is 0.6683366656303406 at epoch 390
INFO - 01/31/26 08:43:19 - 0:10:44 - At 391-th epoch with lr 0.000640.
INFO - 01/31/26 08:43:20 - 0:10:45 - Running average train loss is 0.6693144536018372 at epoch 391
INFO - 01/31/26 08:43:20 - 0:10:45 - At 392-th epoch with lr 0.000639.
INFO - 01/31/26 08:43:22 - 0:10:47 - Running average train loss is 0.6684995436668396 at epoch 392
INFO - 01/31/26 08:43:22 - 0:10:47 - At 393-th epoch with lr 0.000638.
INFO - 01/31/26 08:43:23 - 0:10:48 - Running average train loss is 0.6683884692192078 at epoch 393
INFO - 01/31/26 08:43:23 - 0:10:48 - At 394-th epoch with lr 0.000637.
INFO - 01/31/26 08:43:25 - 0:10:50 - Running average train loss is 0.6680580163002015 at epoch 394
INFO - 01/31/26 08:43:25 - 0:10:50 - At 395-th epoch with lr 0.000636.
INFO - 01/31/26 08:43:26 - 0:10:51 - Running average train loss is 0.6686502528190613 at epoch 395
INFO - 01/31/26 08:43:26 - 0:10:51 - At 396-th epoch with lr 0.000636.
INFO - 01/31/26 08:43:28 - 0:10:53 - Running average train loss is 0.6685144162178039 at epoch 396
INFO - 01/31/26 08:43:28 - 0:10:53 - At 397-th epoch with lr 0.000635.
INFO - 01/31/26 08:43:29 - 0:10:54 - Running average train loss is 0.6680424976348877 at epoch 397
INFO - 01/31/26 08:43:29 - 0:10:54 - At 398-th epoch with lr 0.000634.
INFO - 01/31/26 08:43:31 - 0:10:56 - Running average train loss is 0.668162350654602 at epoch 398
INFO - 01/31/26 08:43:31 - 0:10:56 - At 399-th epoch with lr 0.000633.
INFO - 01/31/26 08:43:32 - 0:10:57 - Running average train loss is 0.6682437801361084 at epoch 399
INFO - 01/31/26 08:43:32 - 0:10:57 - At 400-th epoch with lr 0.000632.
INFO - 01/31/26 08:43:34 - 0:10:59 - Running average train loss is 0.668820767402649 at epoch 400
INFO - 01/31/26 08:43:34 - 0:10:59 - Average dev loss is 0.6821495890617371 at epoch 400
INFO - 01/31/26 08:43:34 - 0:10:59 - dev accuracy is 99.2 at epoch 400
INFO - 01/31/26 08:43:34 - 0:10:59 - dev average edit distance is 0.012 at epoch 400
INFO - 01/31/26 08:43:34 - 0:10:59 - At 401-th epoch with lr 0.000632.
INFO - 01/31/26 08:43:36 - 0:11:01 - Running average train loss is 0.6685677790641784 at epoch 401
INFO - 01/31/26 08:43:36 - 0:11:01 - At 402-th epoch with lr 0.000631.
INFO - 01/31/26 08:43:37 - 0:11:02 - Running average train loss is 0.6694823575019836 at epoch 402
INFO - 01/31/26 08:43:37 - 0:11:02 - At 403-th epoch with lr 0.000630.
INFO - 01/31/26 08:43:39 - 0:11:04 - Running average train loss is 0.6689861822128296 at epoch 403
INFO - 01/31/26 08:43:39 - 0:11:04 - At 404-th epoch with lr 0.000629.
INFO - 01/31/26 08:43:40 - 0:11:05 - Running average train loss is 0.6679304718971253 at epoch 404
INFO - 01/31/26 08:43:40 - 0:11:05 - At 405-th epoch with lr 0.000629.
INFO - 01/31/26 08:43:42 - 0:11:07 - Running average train loss is 0.6683159470558167 at epoch 405
INFO - 01/31/26 08:43:42 - 0:11:07 - At 406-th epoch with lr 0.000628.
INFO - 01/31/26 08:43:43 - 0:11:08 - Running average train loss is 0.669084370136261 at epoch 406
INFO - 01/31/26 08:43:43 - 0:11:08 - At 407-th epoch with lr 0.000627.
INFO - 01/31/26 08:43:45 - 0:11:10 - Running average train loss is 0.6683790040016174 at epoch 407
INFO - 01/31/26 08:43:45 - 0:11:10 - At 408-th epoch with lr 0.000626.
INFO - 01/31/26 08:43:46 - 0:11:11 - Running average train loss is 0.6689780879020691 at epoch 408
INFO - 01/31/26 08:43:46 - 0:11:11 - At 409-th epoch with lr 0.000625.
INFO - 01/31/26 08:43:48 - 0:11:13 - Running average train loss is 0.668583312034607 at epoch 409
INFO - 01/31/26 08:43:48 - 0:11:13 - At 410-th epoch with lr 0.000625.
INFO - 01/31/26 08:43:49 - 0:11:14 - Running average train loss is 0.6682168912887573 at epoch 410
INFO - 01/31/26 08:43:49 - 0:11:14 - At 411-th epoch with lr 0.000624.
INFO - 01/31/26 08:43:51 - 0:11:16 - Running average train loss is 0.6685315918922424 at epoch 411
INFO - 01/31/26 08:43:51 - 0:11:16 - At 412-th epoch with lr 0.000623.
INFO - 01/31/26 08:43:53 - 0:11:17 - Running average train loss is 0.668187119960785 at epoch 412
INFO - 01/31/26 08:43:53 - 0:11:17 - At 413-th epoch with lr 0.000622.
INFO - 01/31/26 08:43:54 - 0:11:19 - Running average train loss is 0.6691499996185303 at epoch 413
INFO - 01/31/26 08:43:54 - 0:11:19 - At 414-th epoch with lr 0.000622.
INFO - 01/31/26 08:43:56 - 0:11:21 - Running average train loss is 0.6685831594467163 at epoch 414
INFO - 01/31/26 08:43:56 - 0:11:21 - At 415-th epoch with lr 0.000621.
INFO - 01/31/26 08:43:57 - 0:11:22 - Running average train loss is 0.6683939743041992 at epoch 415
INFO - 01/31/26 08:43:57 - 0:11:22 - At 416-th epoch with lr 0.000620.
INFO - 01/31/26 08:43:59 - 0:11:24 - Running average train loss is 0.6679102158546448 at epoch 416
INFO - 01/31/26 08:43:59 - 0:11:24 - Average dev loss is 0.6859379410743713 at epoch 416
INFO - 01/31/26 08:43:59 - 0:11:24 - dev accuracy is 98.3 at epoch 416
INFO - 01/31/26 08:43:59 - 0:11:24 - dev average edit distance is 0.036 at epoch 416
INFO - 01/31/26 08:43:59 - 0:11:24 - At 417-th epoch with lr 0.000619.
INFO - 01/31/26 08:44:01 - 0:11:26 - Running average train loss is 0.6684242868423462 at epoch 417
INFO - 01/31/26 08:44:01 - 0:11:26 - At 418-th epoch with lr 0.000619.
INFO - 01/31/26 08:44:02 - 0:11:27 - Running average train loss is 0.668131833076477 at epoch 418
INFO - 01/31/26 08:44:02 - 0:11:27 - At 419-th epoch with lr 0.000618.
INFO - 01/31/26 08:44:04 - 0:11:29 - Running average train loss is 0.6687073302268982 at epoch 419
INFO - 01/31/26 08:44:04 - 0:11:29 - At 420-th epoch with lr 0.000617.
INFO - 01/31/26 08:44:05 - 0:11:30 - Running average train loss is 0.6679060006141663 at epoch 420
INFO - 01/31/26 08:44:05 - 0:11:30 - At 421-th epoch with lr 0.000616.
INFO - 01/31/26 08:44:07 - 0:11:32 - Running average train loss is 0.6681801438331604 at epoch 421
INFO - 01/31/26 08:44:07 - 0:11:32 - At 422-th epoch with lr 0.000616.
INFO - 01/31/26 08:44:08 - 0:11:33 - Running average train loss is 0.6689582395553589 at epoch 422
INFO - 01/31/26 08:44:08 - 0:11:33 - At 423-th epoch with lr 0.000615.
INFO - 01/31/26 08:44:10 - 0:11:35 - Running average train loss is 0.6683147954940796 at epoch 423
INFO - 01/31/26 08:44:10 - 0:11:35 - At 424-th epoch with lr 0.000614.
INFO - 01/31/26 08:44:11 - 0:11:36 - Running average train loss is 0.6680048847198486 at epoch 424
INFO - 01/31/26 08:44:11 - 0:11:36 - At 425-th epoch with lr 0.000614.
INFO - 01/31/26 08:44:13 - 0:11:38 - Running average train loss is 0.6677557516098023 at epoch 425
INFO - 01/31/26 08:44:13 - 0:11:38 - At 426-th epoch with lr 0.000613.
INFO - 01/31/26 08:44:14 - 0:11:39 - Running average train loss is 0.6680613350868225 at epoch 426
INFO - 01/31/26 08:44:14 - 0:11:39 - At 427-th epoch with lr 0.000612.
INFO - 01/31/26 08:44:16 - 0:11:41 - Running average train loss is 0.6684702491760254 at epoch 427
INFO - 01/31/26 08:44:16 - 0:11:41 - At 428-th epoch with lr 0.000611.
INFO - 01/31/26 08:44:17 - 0:11:42 - Running average train loss is 0.6685666537284851 at epoch 428
INFO - 01/31/26 08:44:17 - 0:11:42 - At 429-th epoch with lr 0.000611.
INFO - 01/31/26 08:44:19 - 0:11:44 - Running average train loss is 0.6680434703826904 at epoch 429
INFO - 01/31/26 08:44:19 - 0:11:44 - At 430-th epoch with lr 0.000610.
INFO - 01/31/26 08:44:20 - 0:11:45 - Running average train loss is 0.6681114292144775 at epoch 430
INFO - 01/31/26 08:44:20 - 0:11:45 - At 431-th epoch with lr 0.000609.
INFO - 01/31/26 08:44:22 - 0:11:47 - Running average train loss is 0.6680771803855896 at epoch 431
INFO - 01/31/26 08:44:22 - 0:11:47 - At 432-th epoch with lr 0.000609.
INFO - 01/31/26 08:44:23 - 0:11:48 - Running average train loss is 0.6681121063232421 at epoch 432
INFO - 01/31/26 08:44:23 - 0:11:48 - Average dev loss is 0.7272115349769592 at epoch 432
INFO - 01/31/26 08:44:24 - 0:11:49 - dev accuracy is 95.2 at epoch 432
INFO - 01/31/26 08:44:24 - 0:11:49 - dev average edit distance is 0.116 at epoch 432
INFO - 01/31/26 08:44:24 - 0:11:49 - At 433-th epoch with lr 0.000608.
INFO - 01/31/26 08:44:25 - 0:11:50 - Running average train loss is 0.6681297922134399 at epoch 433
INFO - 01/31/26 08:44:25 - 0:11:50 - At 434-th epoch with lr 0.000607.
INFO - 01/31/26 08:44:27 - 0:11:52 - Running average train loss is 0.6675940179824829 at epoch 434
INFO - 01/31/26 08:44:27 - 0:11:52 - At 435-th epoch with lr 0.000606.
INFO - 01/31/26 08:44:28 - 0:11:53 - Running average train loss is 0.6684463763237 at epoch 435
INFO - 01/31/26 08:44:28 - 0:11:53 - At 436-th epoch with lr 0.000606.
INFO - 01/31/26 08:44:30 - 0:11:55 - Running average train loss is 0.6680409812927246 at epoch 436
INFO - 01/31/26 08:44:30 - 0:11:55 - At 437-th epoch with lr 0.000605.
INFO - 01/31/26 08:44:31 - 0:11:56 - Running average train loss is 0.6681845378875733 at epoch 437
INFO - 01/31/26 08:44:31 - 0:11:56 - At 438-th epoch with lr 0.000604.
INFO - 01/31/26 08:44:33 - 0:11:58 - Running average train loss is 0.6684475827217102 at epoch 438
INFO - 01/31/26 08:44:33 - 0:11:58 - At 439-th epoch with lr 0.000604.
INFO - 01/31/26 08:44:34 - 0:11:59 - Running average train loss is 0.6684133076667785 at epoch 439
INFO - 01/31/26 08:44:34 - 0:11:59 - At 440-th epoch with lr 0.000603.
INFO - 01/31/26 08:44:36 - 0:12:01 - Running average train loss is 0.668077540397644 at epoch 440
INFO - 01/31/26 08:44:36 - 0:12:01 - At 441-th epoch with lr 0.000602.
INFO - 01/31/26 08:44:38 - 0:12:02 - Running average train loss is 0.6676879572868347 at epoch 441
INFO - 01/31/26 08:44:38 - 0:12:02 - At 442-th epoch with lr 0.000602.
INFO - 01/31/26 08:44:39 - 0:12:04 - Running average train loss is 0.667810161113739 at epoch 442
INFO - 01/31/26 08:44:39 - 0:12:04 - At 443-th epoch with lr 0.000601.
INFO - 01/31/26 08:44:41 - 0:12:05 - Running average train loss is 0.6683747482299804 at epoch 443
INFO - 01/31/26 08:44:41 - 0:12:05 - At 444-th epoch with lr 0.000600.
INFO - 01/31/26 08:44:42 - 0:12:07 - Running average train loss is 0.6674806261062622 at epoch 444
INFO - 01/31/26 08:44:42 - 0:12:07 - At 445-th epoch with lr 0.000600.
INFO - 01/31/26 08:44:44 - 0:12:09 - Running average train loss is 0.6678572368621826 at epoch 445
INFO - 01/31/26 08:44:44 - 0:12:09 - At 446-th epoch with lr 0.000599.
INFO - 01/31/26 08:44:45 - 0:12:10 - Running average train loss is 0.6679797577857971 at epoch 446
INFO - 01/31/26 08:44:45 - 0:12:10 - At 447-th epoch with lr 0.000598.
INFO - 01/31/26 08:44:47 - 0:12:12 - Running average train loss is 0.6678054094314575 at epoch 447
INFO - 01/31/26 08:44:47 - 0:12:12 - At 448-th epoch with lr 0.000598.
INFO - 01/31/26 08:44:48 - 0:12:13 - Running average train loss is 0.6678978729248047 at epoch 448
INFO - 01/31/26 08:44:48 - 0:12:13 - Average dev loss is 0.678287148475647 at epoch 448
INFO - 01/31/26 08:44:49 - 0:12:13 - dev accuracy is 99.8 at epoch 448
INFO - 01/31/26 08:44:49 - 0:12:13 - dev average edit distance is 0.002 at epoch 448
INFO - 01/31/26 08:44:49 - 0:12:14 - At 449-th epoch with lr 0.000597.
INFO - 01/31/26 08:44:50 - 0:12:15 - Running average train loss is 0.667602288722992 at epoch 449
INFO - 01/31/26 08:44:50 - 0:12:15 - At 450-th epoch with lr 0.000596.
INFO - 01/31/26 08:44:52 - 0:12:17 - Running average train loss is 0.6681946969032287 at epoch 450
INFO - 01/31/26 08:44:52 - 0:12:17 - At 451-th epoch with lr 0.000596.
INFO - 01/31/26 08:44:54 - 0:12:18 - Running average train loss is 0.6682642459869385 at epoch 451
INFO - 01/31/26 08:44:54 - 0:12:18 - At 452-th epoch with lr 0.000595.
INFO - 01/31/26 08:44:55 - 0:12:20 - Running average train loss is 0.6683547115325927 at epoch 452
INFO - 01/31/26 08:44:55 - 0:12:20 - At 453-th epoch with lr 0.000594.
INFO - 01/31/26 08:44:57 - 0:12:22 - Running average train loss is 0.6683671164512635 at epoch 453
INFO - 01/31/26 08:44:57 - 0:12:22 - At 454-th epoch with lr 0.000594.
INFO - 01/31/26 08:44:58 - 0:12:23 - Running average train loss is 0.6681133580207824 at epoch 454
INFO - 01/31/26 08:44:58 - 0:12:23 - At 455-th epoch with lr 0.000593.
INFO - 01/31/26 08:45:00 - 0:12:25 - Running average train loss is 0.6677843618392945 at epoch 455
INFO - 01/31/26 08:45:00 - 0:12:25 - At 456-th epoch with lr 0.000592.
INFO - 01/31/26 08:45:01 - 0:12:26 - Running average train loss is 0.669087085723877 at epoch 456
INFO - 01/31/26 08:45:01 - 0:12:26 - At 457-th epoch with lr 0.000592.
INFO - 01/31/26 08:45:03 - 0:12:28 - Running average train loss is 0.668227858543396 at epoch 457
INFO - 01/31/26 08:45:03 - 0:12:28 - At 458-th epoch with lr 0.000591.
INFO - 01/31/26 08:45:05 - 0:12:30 - Running average train loss is 0.6679472541809082 at epoch 458
INFO - 01/31/26 08:45:05 - 0:12:30 - At 459-th epoch with lr 0.000590.
INFO - 01/31/26 08:45:06 - 0:12:31 - Running average train loss is 0.6675752210617065 at epoch 459
INFO - 01/31/26 08:45:06 - 0:12:31 - At 460-th epoch with lr 0.000590.
INFO - 01/31/26 08:45:08 - 0:12:33 - Running average train loss is 0.667457103729248 at epoch 460
INFO - 01/31/26 08:45:08 - 0:12:33 - At 461-th epoch with lr 0.000589.
INFO - 01/31/26 08:45:09 - 0:12:34 - Running average train loss is 0.6677200651168823 at epoch 461
INFO - 01/31/26 08:45:09 - 0:12:34 - At 462-th epoch with lr 0.000588.
INFO - 01/31/26 08:45:11 - 0:12:36 - Running average train loss is 0.6675886487960816 at epoch 462
INFO - 01/31/26 08:45:11 - 0:12:36 - At 463-th epoch with lr 0.000588.
INFO - 01/31/26 08:45:12 - 0:12:37 - Running average train loss is 0.6677333450317383 at epoch 463
INFO - 01/31/26 08:45:12 - 0:12:37 - At 464-th epoch with lr 0.000587.
INFO - 01/31/26 08:45:14 - 0:12:39 - Running average train loss is 0.6678271865844727 at epoch 464
INFO - 01/31/26 08:45:14 - 0:12:39 - Average dev loss is 0.6782451669375101 at epoch 464
INFO - 01/31/26 08:45:14 - 0:12:39 - dev accuracy is 99.8 at epoch 464
INFO - 01/31/26 08:45:14 - 0:12:39 - dev average edit distance is 0.002 at epoch 464
INFO - 01/31/26 08:45:14 - 0:12:39 - At 465-th epoch with lr 0.000587.
INFO - 01/31/26 08:45:16 - 0:12:41 - Running average train loss is 0.6679342961311341 at epoch 465
INFO - 01/31/26 08:45:16 - 0:12:41 - At 466-th epoch with lr 0.000586.
INFO - 01/31/26 08:45:18 - 0:12:42 - Running average train loss is 0.6681786704063416 at epoch 466
INFO - 01/31/26 08:45:18 - 0:12:42 - At 467-th epoch with lr 0.000585.
INFO - 01/31/26 08:45:19 - 0:12:44 - Running average train loss is 0.6682187867164612 at epoch 467
INFO - 01/31/26 08:45:19 - 0:12:44 - At 468-th epoch with lr 0.000585.
INFO - 01/31/26 08:45:21 - 0:12:46 - Running average train loss is 0.6680884766578674 at epoch 468
INFO - 01/31/26 08:45:21 - 0:12:46 - At 469-th epoch with lr 0.000584.
INFO - 01/31/26 08:45:22 - 0:12:47 - Running average train loss is 0.6681082558631897 at epoch 469
INFO - 01/31/26 08:45:22 - 0:12:47 - At 470-th epoch with lr 0.000583.
INFO - 01/31/26 08:45:24 - 0:12:49 - Running average train loss is 0.667574656009674 at epoch 470
INFO - 01/31/26 08:45:24 - 0:12:49 - At 471-th epoch with lr 0.000583.
INFO - 01/31/26 08:45:25 - 0:12:50 - Running average train loss is 0.6681157875061036 at epoch 471
INFO - 01/31/26 08:45:25 - 0:12:50 - At 472-th epoch with lr 0.000582.
INFO - 01/31/26 08:45:27 - 0:12:52 - Running average train loss is 0.6675090646743774 at epoch 472
INFO - 01/31/26 08:45:27 - 0:12:52 - At 473-th epoch with lr 0.000582.
INFO - 01/31/26 08:45:28 - 0:12:53 - Running average train loss is 0.6679663896560669 at epoch 473
INFO - 01/31/26 08:45:28 - 0:12:53 - At 474-th epoch with lr 0.000581.
INFO - 01/31/26 08:45:30 - 0:12:55 - Running average train loss is 0.6677306008338928 at epoch 474
INFO - 01/31/26 08:45:30 - 0:12:55 - At 475-th epoch with lr 0.000580.
INFO - 01/31/26 08:45:31 - 0:12:56 - Running average train loss is 0.6684249567985535 at epoch 475
INFO - 01/31/26 08:45:31 - 0:12:56 - At 476-th epoch with lr 0.000580.
INFO - 01/31/26 08:45:33 - 0:12:58 - Running average train loss is 0.6687074899673462 at epoch 476
INFO - 01/31/26 08:45:33 - 0:12:58 - At 477-th epoch with lr 0.000579.
INFO - 01/31/26 08:45:35 - 0:12:59 - Running average train loss is 0.6677901577949524 at epoch 477
INFO - 01/31/26 08:45:35 - 0:12:59 - At 478-th epoch with lr 0.000579.
INFO - 01/31/26 08:45:36 - 0:13:01 - Running average train loss is 0.6682643628120423 at epoch 478
INFO - 01/31/26 08:45:36 - 0:13:01 - At 479-th epoch with lr 0.000578.
INFO - 01/31/26 08:45:38 - 0:13:03 - Running average train loss is 0.6680467653274537 at epoch 479
INFO - 01/31/26 08:45:38 - 0:13:03 - At 480-th epoch with lr 0.000577.
INFO - 01/31/26 08:45:39 - 0:13:04 - Running average train loss is 0.6680160641670227 at epoch 480
INFO - 01/31/26 08:45:39 - 0:13:04 - Average dev loss is 0.6781910260518392 at epoch 480
INFO - 01/31/26 08:45:40 - 0:13:05 - dev accuracy is 99.8 at epoch 480
INFO - 01/31/26 08:45:40 - 0:13:05 - dev average edit distance is 0.002 at epoch 480
INFO - 01/31/26 08:45:40 - 0:13:05 - At 481-th epoch with lr 0.000577.
INFO - 01/31/26 08:45:41 - 0:13:06 - Running average train loss is 0.6679605650901794 at epoch 481
INFO - 01/31/26 08:45:41 - 0:13:06 - At 482-th epoch with lr 0.000576.
INFO - 01/31/26 08:45:43 - 0:13:08 - Running average train loss is 0.66790851354599 at epoch 482
INFO - 01/31/26 08:45:43 - 0:13:08 - At 483-th epoch with lr 0.000576.
INFO - 01/31/26 08:45:44 - 0:13:09 - Running average train loss is 0.6677849912643432 at epoch 483
INFO - 01/31/26 08:45:44 - 0:13:09 - At 484-th epoch with lr 0.000575.
INFO - 01/31/26 08:45:46 - 0:13:11 - Running average train loss is 0.6681648778915406 at epoch 484
INFO - 01/31/26 08:45:46 - 0:13:11 - At 485-th epoch with lr 0.000574.
INFO - 01/31/26 08:45:48 - 0:13:13 - Running average train loss is 0.6672144341468811 at epoch 485
INFO - 01/31/26 08:45:48 - 0:13:13 - At 486-th epoch with lr 0.000574.
INFO - 01/31/26 08:45:49 - 0:13:14 - Running average train loss is 0.6676119709014893 at epoch 486
INFO - 01/31/26 08:45:49 - 0:13:14 - At 487-th epoch with lr 0.000573.
INFO - 01/31/26 08:45:51 - 0:13:16 - Running average train loss is 0.6678349208831788 at epoch 487
INFO - 01/31/26 08:45:51 - 0:13:16 - At 488-th epoch with lr 0.000573.
INFO - 01/31/26 08:45:52 - 0:13:17 - Running average train loss is 0.6676281118392944 at epoch 488
INFO - 01/31/26 08:45:52 - 0:13:17 - At 489-th epoch with lr 0.000572.
INFO - 01/31/26 08:45:54 - 0:13:19 - Running average train loss is 0.6672894215583801 at epoch 489
INFO - 01/31/26 08:45:54 - 0:13:19 - At 490-th epoch with lr 0.000571.
INFO - 01/31/26 08:45:56 - 0:13:21 - Running average train loss is 0.6674950385093689 at epoch 490
INFO - 01/31/26 08:45:56 - 0:13:21 - At 491-th epoch with lr 0.000571.
INFO - 01/31/26 08:45:57 - 0:13:22 - Running average train loss is 0.6681166696548462 at epoch 491
INFO - 01/31/26 08:45:57 - 0:13:22 - At 492-th epoch with lr 0.000570.
INFO - 01/31/26 08:45:59 - 0:13:24 - Running average train loss is 0.6680786061286926 at epoch 492
INFO - 01/31/26 08:45:59 - 0:13:24 - At 493-th epoch with lr 0.000570.
INFO - 01/31/26 08:46:00 - 0:13:25 - Running average train loss is 0.6675988531112671 at epoch 493
INFO - 01/31/26 08:46:00 - 0:13:25 - At 494-th epoch with lr 0.000569.
INFO - 01/31/26 08:46:02 - 0:13:27 - Running average train loss is 0.6677359104156494 at epoch 494
INFO - 01/31/26 08:46:02 - 0:13:27 - At 495-th epoch with lr 0.000569.
INFO - 01/31/26 08:46:04 - 0:13:29 - Running average train loss is 0.6680060458183289 at epoch 495
INFO - 01/31/26 08:46:04 - 0:13:29 - At 496-th epoch with lr 0.000568.
INFO - 01/31/26 08:46:05 - 0:13:30 - Running average train loss is 0.6682217860221863 at epoch 496
INFO - 01/31/26 08:46:05 - 0:13:30 - Average dev loss is 0.6789196530977885 at epoch 496
INFO - 01/31/26 08:46:06 - 0:13:31 - dev accuracy is 99.5 at epoch 496
INFO - 01/31/26 08:46:06 - 0:13:31 - dev average edit distance is 0.008 at epoch 496
INFO - 01/31/26 08:46:06 - 0:13:31 - At 497-th epoch with lr 0.000567.
INFO - 01/31/26 08:46:07 - 0:13:32 - Running average train loss is 0.6682391095161438 at epoch 497
INFO - 01/31/26 08:46:07 - 0:13:32 - At 498-th epoch with lr 0.000567.
INFO - 01/31/26 08:46:09 - 0:13:34 - Running average train loss is 0.667437665462494 at epoch 498
INFO - 01/31/26 08:46:09 - 0:13:34 - At 499-th epoch with lr 0.000566.
INFO - 01/31/26 08:46:11 - 0:13:35 - Running average train loss is 0.6676719307899475 at epoch 499
INFO - 01/31/26 08:46:11 - 0:13:35 - At 500-th epoch with lr 0.000566.
INFO - 01/31/26 08:46:12 - 0:13:37 - Running average train loss is 0.6675385785102844 at epoch 500
INFO - 01/31/26 08:46:12 - 0:13:37 - At 501-th epoch with lr 0.000565.
INFO - 01/31/26 08:46:14 - 0:13:39 - Running average train loss is 0.6675958800315857 at epoch 501
INFO - 01/31/26 08:46:14 - 0:13:39 - At 502-th epoch with lr 0.000565.
INFO - 01/31/26 08:46:15 - 0:13:40 - Running average train loss is 0.6679793763160705 at epoch 502
INFO - 01/31/26 08:46:15 - 0:13:40 - At 503-th epoch with lr 0.000564.
INFO - 01/31/26 08:46:17 - 0:13:42 - Running average train loss is 0.6679096817970276 at epoch 503
INFO - 01/31/26 08:46:17 - 0:13:42 - At 504-th epoch with lr 0.000563.
INFO - 01/31/26 08:46:18 - 0:13:43 - Running average train loss is 0.6673606872558594 at epoch 504
INFO - 01/31/26 08:46:18 - 0:13:43 - At 505-th epoch with lr 0.000563.
INFO - 01/31/26 08:46:20 - 0:13:45 - Running average train loss is 0.6674288630485534 at epoch 505
INFO - 01/31/26 08:46:20 - 0:13:45 - At 506-th epoch with lr 0.000562.
INFO - 01/31/26 08:46:22 - 0:13:46 - Running average train loss is 0.6673602080345153 at epoch 506
INFO - 01/31/26 08:46:22 - 0:13:46 - At 507-th epoch with lr 0.000562.
INFO - 01/31/26 08:46:23 - 0:13:48 - Running average train loss is 0.6683775734901428 at epoch 507
INFO - 01/31/26 08:46:23 - 0:13:48 - At 508-th epoch with lr 0.000561.
INFO - 01/31/26 08:46:25 - 0:13:50 - Running average train loss is 0.6679275941848755 at epoch 508
INFO - 01/31/26 08:46:25 - 0:13:50 - At 509-th epoch with lr 0.000561.
INFO - 01/31/26 08:46:26 - 0:13:51 - Running average train loss is 0.6677896690368652 at epoch 509
INFO - 01/31/26 08:46:26 - 0:13:51 - At 510-th epoch with lr 0.000560.
INFO - 01/31/26 08:46:28 - 0:13:53 - Running average train loss is 0.6675886106491089 at epoch 510
INFO - 01/31/26 08:46:28 - 0:13:53 - At 511-th epoch with lr 0.000560.
INFO - 01/31/26 08:46:29 - 0:13:54 - Running average train loss is 0.6670998549461364 at epoch 511
INFO - 01/31/26 08:46:29 - 0:13:54 - At 512-th epoch with lr 0.000559.
INFO - 01/31/26 08:46:31 - 0:13:56 - Running average train loss is 0.6677616786956787 at epoch 512
INFO - 01/31/26 08:46:31 - 0:13:56 - Average dev loss is 0.6799659132957458 at epoch 512
INFO - 01/31/26 08:46:31 - 0:13:56 - dev accuracy is 99.3 at epoch 512
INFO - 01/31/26 08:46:31 - 0:13:56 - dev average edit distance is 0.011 at epoch 512
INFO - 01/31/26 08:46:31 - 0:13:56 - At 513-th epoch with lr 0.000558.
INFO - 01/31/26 08:46:33 - 0:13:58 - Running average train loss is 0.6678112602233887 at epoch 513
INFO - 01/31/26 08:46:33 - 0:13:58 - At 514-th epoch with lr 0.000558.
INFO - 01/31/26 08:46:34 - 0:13:59 - Running average train loss is 0.6673688960075378 at epoch 514
INFO - 01/31/26 08:46:34 - 0:13:59 - At 515-th epoch with lr 0.000557.
INFO - 01/31/26 08:46:36 - 0:14:01 - Running average train loss is 0.6676015257835388 at epoch 515
INFO - 01/31/26 08:46:36 - 0:14:01 - At 516-th epoch with lr 0.000557.
INFO - 01/31/26 08:46:37 - 0:14:02 - Running average train loss is 0.6674696135520936 at epoch 516
INFO - 01/31/26 08:46:37 - 0:14:02 - At 517-th epoch with lr 0.000556.
INFO - 01/31/26 08:46:39 - 0:14:04 - Running average train loss is 0.6675438547134399 at epoch 517
INFO - 01/31/26 08:46:39 - 0:14:04 - At 518-th epoch with lr 0.000556.
INFO - 01/31/26 08:46:41 - 0:14:05 - Running average train loss is 0.667273440361023 at epoch 518
INFO - 01/31/26 08:46:41 - 0:14:05 - At 519-th epoch with lr 0.000555.
INFO - 01/31/26 08:46:42 - 0:14:07 - Running average train loss is 0.6673738741874695 at epoch 519
INFO - 01/31/26 08:46:42 - 0:14:07 - At 520-th epoch with lr 0.000555.
INFO - 01/31/26 08:46:44 - 0:14:09 - Running average train loss is 0.6673393702507019 at epoch 520
INFO - 01/31/26 08:46:44 - 0:14:09 - At 521-th epoch with lr 0.000554.
INFO - 01/31/26 08:46:45 - 0:14:10 - Running average train loss is 0.6670612668991089 at epoch 521
INFO - 01/31/26 08:46:45 - 0:14:10 - At 522-th epoch with lr 0.000554.
INFO - 01/31/26 08:46:47 - 0:14:12 - Running average train loss is 0.6675871109962463 at epoch 522
INFO - 01/31/26 08:46:47 - 0:14:12 - At 523-th epoch with lr 0.000553.
INFO - 01/31/26 08:46:48 - 0:14:13 - Running average train loss is 0.668088698387146 at epoch 523
INFO - 01/31/26 08:46:48 - 0:14:13 - At 524-th epoch with lr 0.000553.
INFO - 01/31/26 08:46:50 - 0:14:15 - Running average train loss is 0.6679683780670166 at epoch 524
INFO - 01/31/26 08:46:50 - 0:14:15 - At 525-th epoch with lr 0.000552.
INFO - 01/31/26 08:46:51 - 0:14:16 - Running average train loss is 0.6675416493415832 at epoch 525
INFO - 01/31/26 08:46:51 - 0:14:16 - At 526-th epoch with lr 0.000552.
INFO - 01/31/26 08:46:53 - 0:14:18 - Running average train loss is 0.6675860857963563 at epoch 526
INFO - 01/31/26 08:46:53 - 0:14:18 - At 527-th epoch with lr 0.000551.
INFO - 01/31/26 08:46:54 - 0:14:19 - Running average train loss is 0.6672646594047547 at epoch 527
INFO - 01/31/26 08:46:54 - 0:14:19 - At 528-th epoch with lr 0.000550.
INFO - 01/31/26 08:46:56 - 0:14:21 - Running average train loss is 0.6674935936927795 at epoch 528
INFO - 01/31/26 08:46:56 - 0:14:21 - Average dev loss is 0.6777113080024719 at epoch 528
INFO - 01/31/26 08:46:56 - 0:14:21 - dev accuracy is 99.7 at epoch 528
INFO - 01/31/26 08:46:56 - 0:14:21 - dev average edit distance is 0.004 at epoch 528
INFO - 01/31/26 08:46:57 - 0:14:22 - At 529-th epoch with lr 0.000550.
INFO - 01/31/26 08:46:58 - 0:14:23 - Running average train loss is 0.6676486277580261 at epoch 529
INFO - 01/31/26 08:46:58 - 0:14:23 - At 530-th epoch with lr 0.000549.
INFO - 01/31/26 08:47:00 - 0:14:25 - Running average train loss is 0.6674952054023743 at epoch 530
INFO - 01/31/26 08:47:00 - 0:14:25 - At 531-th epoch with lr 0.000549.
INFO - 01/31/26 08:47:01 - 0:14:26 - Running average train loss is 0.6673955488204956 at epoch 531
INFO - 01/31/26 08:47:01 - 0:14:26 - At 532-th epoch with lr 0.000548.
INFO - 01/31/26 08:47:03 - 0:14:28 - Running average train loss is 0.6676402449607849 at epoch 532
INFO - 01/31/26 08:47:03 - 0:14:28 - At 533-th epoch with lr 0.000548.
INFO - 01/31/26 08:47:04 - 0:14:29 - Running average train loss is 0.667489972114563 at epoch 533
INFO - 01/31/26 08:47:04 - 0:14:29 - At 534-th epoch with lr 0.000547.
INFO - 01/31/26 08:47:06 - 0:14:31 - Running average train loss is 0.6678117656707764 at epoch 534
INFO - 01/31/26 08:47:06 - 0:14:31 - At 535-th epoch with lr 0.000547.
INFO - 01/31/26 08:47:07 - 0:14:32 - Running average train loss is 0.6681320142745971 at epoch 535
INFO - 01/31/26 08:47:07 - 0:14:32 - At 536-th epoch with lr 0.000546.
INFO - 01/31/26 08:47:09 - 0:14:34 - Running average train loss is 0.6677046155929566 at epoch 536
INFO - 01/31/26 08:47:09 - 0:14:34 - At 537-th epoch with lr 0.000546.
INFO - 01/31/26 08:47:10 - 0:14:35 - Running average train loss is 0.6669325137138367 at epoch 537
INFO - 01/31/26 08:47:10 - 0:14:35 - At 538-th epoch with lr 0.000545.
INFO - 01/31/26 08:47:12 - 0:14:37 - Running average train loss is 0.6670955514907837 at epoch 538
INFO - 01/31/26 08:47:12 - 0:14:37 - At 539-th epoch with lr 0.000545.
INFO - 01/31/26 08:47:14 - 0:14:39 - Running average train loss is 0.666984212398529 at epoch 539
INFO - 01/31/26 08:47:14 - 0:14:39 - At 540-th epoch with lr 0.000544.
INFO - 01/31/26 08:47:15 - 0:14:40 - Running average train loss is 0.6671204686164856 at epoch 540
INFO - 01/31/26 08:47:15 - 0:14:40 - At 541-th epoch with lr 0.000544.
INFO - 01/31/26 08:47:17 - 0:14:42 - Running average train loss is 0.6672136569023133 at epoch 541
INFO - 01/31/26 08:47:17 - 0:14:42 - At 542-th epoch with lr 0.000543.
INFO - 01/31/26 08:47:18 - 0:14:43 - Running average train loss is 0.6675630807876587 at epoch 542
INFO - 01/31/26 08:47:18 - 0:14:43 - At 543-th epoch with lr 0.000543.
INFO - 01/31/26 08:47:20 - 0:14:45 - Running average train loss is 0.6679095983505249 at epoch 543
INFO - 01/31/26 08:47:20 - 0:14:45 - At 544-th epoch with lr 0.000542.
INFO - 01/31/26 08:47:22 - 0:14:46 - Running average train loss is 0.6675666975975036 at epoch 544
INFO - 01/31/26 08:47:22 - 0:14:47 - Average dev loss is 0.6798196037610372 at epoch 544
INFO - 01/31/26 08:47:22 - 0:14:47 - dev accuracy is 99.2 at epoch 544
INFO - 01/31/26 08:47:22 - 0:14:47 - dev average edit distance is 0.012 at epoch 544
INFO - 01/31/26 08:47:22 - 0:14:47 - At 545-th epoch with lr 0.000542.
INFO - 01/31/26 08:47:24 - 0:14:49 - Running average train loss is 0.6671677160263062 at epoch 545
INFO - 01/31/26 08:47:24 - 0:14:49 - At 546-th epoch with lr 0.000541.
INFO - 01/31/26 08:47:25 - 0:14:50 - Running average train loss is 0.6671069264411926 at epoch 546
INFO - 01/31/26 08:47:25 - 0:14:50 - At 547-th epoch with lr 0.000541.
INFO - 01/31/26 08:47:27 - 0:14:52 - Running average train loss is 0.6676029372215271 at epoch 547
INFO - 01/31/26 08:47:27 - 0:14:52 - At 548-th epoch with lr 0.000540.
INFO - 01/31/26 08:47:28 - 0:14:53 - Running average train loss is 0.6678375697135925 at epoch 548
INFO - 01/31/26 08:47:28 - 0:14:53 - At 549-th epoch with lr 0.000540.
INFO - 01/31/26 08:47:30 - 0:14:55 - Running average train loss is 0.6673636484146118 at epoch 549
INFO - 01/31/26 08:47:30 - 0:14:55 - At 550-th epoch with lr 0.000539.
INFO - 01/31/26 08:47:31 - 0:14:56 - Running average train loss is 0.6674574613571167 at epoch 550
INFO - 01/31/26 08:47:31 - 0:14:56 - At 551-th epoch with lr 0.000539.
INFO - 01/31/26 08:47:33 - 0:14:58 - Running average train loss is 0.667150330543518 at epoch 551
INFO - 01/31/26 08:47:33 - 0:14:58 - At 552-th epoch with lr 0.000538.
INFO - 01/31/26 08:47:34 - 0:14:59 - Running average train loss is 0.667835590839386 at epoch 552
INFO - 01/31/26 08:47:34 - 0:14:59 - At 553-th epoch with lr 0.000538.
INFO - 01/31/26 08:47:36 - 0:15:01 - Running average train loss is 0.667534749507904 at epoch 553
INFO - 01/31/26 08:47:36 - 0:15:01 - At 554-th epoch with lr 0.000537.
INFO - 01/31/26 08:47:38 - 0:15:02 - Running average train loss is 0.6671689438819886 at epoch 554
INFO - 01/31/26 08:47:38 - 0:15:02 - At 555-th epoch with lr 0.000537.
INFO - 01/31/26 08:47:39 - 0:15:04 - Running average train loss is 0.6675068736076355 at epoch 555
INFO - 01/31/26 08:47:39 - 0:15:04 - At 556-th epoch with lr 0.000536.
INFO - 01/31/26 08:47:41 - 0:15:06 - Running average train loss is 0.6674806308746338 at epoch 556
INFO - 01/31/26 08:47:41 - 0:15:06 - At 557-th epoch with lr 0.000536.
INFO - 01/31/26 08:47:42 - 0:15:07 - Running average train loss is 0.6673829483985901 at epoch 557
INFO - 01/31/26 08:47:42 - 0:15:07 - At 558-th epoch with lr 0.000535.
INFO - 01/31/26 08:47:44 - 0:15:09 - Running average train loss is 0.6676983308792114 at epoch 558
INFO - 01/31/26 08:47:44 - 0:15:09 - At 559-th epoch with lr 0.000535.
INFO - 01/31/26 08:47:45 - 0:15:10 - Running average train loss is 0.6675803732872009 at epoch 559
INFO - 01/31/26 08:47:45 - 0:15:10 - At 560-th epoch with lr 0.000535.
INFO - 01/31/26 08:47:47 - 0:15:12 - Running average train loss is 0.6672394561767578 at epoch 560
INFO - 01/31/26 08:47:47 - 0:15:12 - Average dev loss is 0.6782459616661072 at epoch 560
INFO - 01/31/26 08:47:47 - 0:15:12 - dev accuracy is 99.5 at epoch 560
INFO - 01/31/26 08:47:47 - 0:15:12 - dev average edit distance is 0.008 at epoch 560
INFO - 01/31/26 08:47:47 - 0:15:12 - At 561-th epoch with lr 0.000534.
INFO - 01/31/26 08:47:49 - 0:15:14 - Running average train loss is 0.6668288588523865 at epoch 561
INFO - 01/31/26 08:47:49 - 0:15:14 - At 562-th epoch with lr 0.000534.
INFO - 01/31/26 08:47:50 - 0:15:15 - Running average train loss is 0.6669660043716431 at epoch 562
INFO - 01/31/26 08:47:50 - 0:15:15 - At 563-th epoch with lr 0.000533.
INFO - 01/31/26 08:47:52 - 0:15:17 - Running average train loss is 0.6670691704750061 at epoch 563
INFO - 01/31/26 08:47:52 - 0:15:17 - At 564-th epoch with lr 0.000533.
INFO - 01/31/26 08:47:53 - 0:15:18 - Running average train loss is 0.6668068957328797 at epoch 564
INFO - 01/31/26 08:47:53 - 0:15:18 - At 565-th epoch with lr 0.000532.
INFO - 01/31/26 08:47:55 - 0:15:20 - Running average train loss is 0.666814169883728 at epoch 565
INFO - 01/31/26 08:47:55 - 0:15:20 - At 566-th epoch with lr 0.000532.
INFO - 01/31/26 08:47:57 - 0:15:22 - Running average train loss is 0.667138216495514 at epoch 566
INFO - 01/31/26 08:47:57 - 0:15:22 - At 567-th epoch with lr 0.000531.
INFO - 01/31/26 08:47:58 - 0:15:23 - Running average train loss is 0.6673539304733276 at epoch 567
INFO - 01/31/26 08:47:58 - 0:15:23 - At 568-th epoch with lr 0.000531.
INFO - 01/31/26 08:48:00 - 0:15:25 - Running average train loss is 0.6674802327156066 at epoch 568
INFO - 01/31/26 08:48:00 - 0:15:25 - At 569-th epoch with lr 0.000530.
INFO - 01/31/26 08:48:02 - 0:15:27 - Running average train loss is 0.667720627784729 at epoch 569
INFO - 01/31/26 08:48:02 - 0:15:27 - At 570-th epoch with lr 0.000530.
INFO - 01/31/26 08:48:03 - 0:15:28 - Running average train loss is 0.6671462535858155 at epoch 570
INFO - 01/31/26 08:48:03 - 0:15:28 - At 571-th epoch with lr 0.000529.
INFO - 01/31/26 08:48:05 - 0:15:30 - Running average train loss is 0.6672533988952637 at epoch 571
INFO - 01/31/26 08:48:05 - 0:15:30 - At 572-th epoch with lr 0.000529.
INFO - 01/31/26 08:48:06 - 0:15:31 - Running average train loss is 0.6673158121109009 at epoch 572
INFO - 01/31/26 08:48:06 - 0:15:31 - At 573-th epoch with lr 0.000528.
INFO - 01/31/26 08:48:08 - 0:15:33 - Running average train loss is 0.6674698829650879 at epoch 573
INFO - 01/31/26 08:48:08 - 0:15:33 - At 574-th epoch with lr 0.000528.
INFO - 01/31/26 08:48:09 - 0:15:34 - Running average train loss is 0.6673181653022766 at epoch 574
INFO - 01/31/26 08:48:09 - 0:15:34 - At 575-th epoch with lr 0.000528.
INFO - 01/31/26 08:48:11 - 0:15:36 - Running average train loss is 0.66721519947052 at epoch 575
INFO - 01/31/26 08:48:11 - 0:15:36 - At 576-th epoch with lr 0.000527.
INFO - 01/31/26 08:48:12 - 0:15:37 - Running average train loss is 0.6672291874885559 at epoch 576
INFO - 01/31/26 08:48:12 - 0:15:37 - Average dev loss is 0.6779641707738241 at epoch 576
INFO - 01/31/26 08:48:13 - 0:15:38 - dev accuracy is 99.4 at epoch 576
INFO - 01/31/26 08:48:13 - 0:15:38 - dev average edit distance is 0.01 at epoch 576
INFO - 01/31/26 08:48:13 - 0:15:38 - At 577-th epoch with lr 0.000527.
INFO - 01/31/26 08:48:14 - 0:15:39 - Running average train loss is 0.6668893194198608 at epoch 577
INFO - 01/31/26 08:48:14 - 0:15:39 - At 578-th epoch with lr 0.000526.
INFO - 01/31/26 08:48:16 - 0:15:41 - Running average train loss is 0.6671793508529663 at epoch 578
INFO - 01/31/26 08:48:16 - 0:15:41 - At 579-th epoch with lr 0.000526.
INFO - 01/31/26 08:48:18 - 0:15:42 - Running average train loss is 0.666818585395813 at epoch 579
INFO - 01/31/26 08:48:18 - 0:15:42 - At 580-th epoch with lr 0.000525.
INFO - 01/31/26 08:48:19 - 0:15:44 - Running average train loss is 0.6670671606063843 at epoch 580
INFO - 01/31/26 08:48:19 - 0:15:44 - At 581-th epoch with lr 0.000525.
INFO - 01/31/26 08:48:21 - 0:15:46 - Running average train loss is 0.6672636866569519 at epoch 581
INFO - 01/31/26 08:48:21 - 0:15:46 - At 582-th epoch with lr 0.000524.
INFO - 01/31/26 08:48:22 - 0:15:47 - Running average train loss is 0.6671581578254699 at epoch 582
INFO - 01/31/26 08:48:22 - 0:15:47 - At 583-th epoch with lr 0.000524.
INFO - 01/31/26 08:48:24 - 0:15:49 - Running average train loss is 0.6670465087890625 at epoch 583
INFO - 01/31/26 08:48:24 - 0:15:49 - At 584-th epoch with lr 0.000523.
INFO - 01/31/26 08:48:25 - 0:15:50 - Running average train loss is 0.6668240022659302 at epoch 584
INFO - 01/31/26 08:48:25 - 0:15:50 - At 585-th epoch with lr 0.000523.
INFO - 01/31/26 08:48:27 - 0:15:52 - Running average train loss is 0.6670097613334656 at epoch 585
INFO - 01/31/26 08:48:27 - 0:15:52 - At 586-th epoch with lr 0.000523.
INFO - 01/31/26 08:48:28 - 0:15:53 - Running average train loss is 0.6672074961662292 at epoch 586
INFO - 01/31/26 08:48:28 - 0:15:53 - At 587-th epoch with lr 0.000522.
INFO - 01/31/26 08:48:30 - 0:15:55 - Running average train loss is 0.6676209831237793 at epoch 587
INFO - 01/31/26 08:48:30 - 0:15:55 - At 588-th epoch with lr 0.000522.
INFO - 01/31/26 08:48:31 - 0:15:56 - Running average train loss is 0.6678324604034424 at epoch 588
INFO - 01/31/26 08:48:31 - 0:15:56 - At 589-th epoch with lr 0.000521.
INFO - 01/31/26 08:48:33 - 0:15:58 - Running average train loss is 0.6675242877006531 at epoch 589
INFO - 01/31/26 08:48:33 - 0:15:58 - At 590-th epoch with lr 0.000521.
INFO - 01/31/26 08:48:35 - 0:15:59 - Running average train loss is 0.6667847394943237 at epoch 590
INFO - 01/31/26 08:48:35 - 0:15:59 - At 591-th epoch with lr 0.000520.
INFO - 01/31/26 08:48:36 - 0:16:01 - Running average train loss is 0.666903772354126 at epoch 591
INFO - 01/31/26 08:48:36 - 0:16:01 - At 592-th epoch with lr 0.000520.
INFO - 01/31/26 08:48:38 - 0:16:03 - Running average train loss is 0.666996111869812 at epoch 592
INFO - 01/31/26 08:48:38 - 0:16:03 - Average dev loss is 0.6765193939208984 at epoch 592
INFO - 01/31/26 08:48:38 - 0:16:03 - dev accuracy is 99.8 at epoch 592
INFO - 01/31/26 08:48:38 - 0:16:03 - dev average edit distance is 0.002 at epoch 592
INFO - 01/31/26 08:48:38 - 0:16:03 - At 593-th epoch with lr 0.000519.
INFO - 01/31/26 08:48:40 - 0:16:05 - Running average train loss is 0.66719731092453 at epoch 593
INFO - 01/31/26 08:48:40 - 0:16:05 - At 594-th epoch with lr 0.000519.
INFO - 01/31/26 08:48:41 - 0:16:06 - Running average train loss is 0.6673525023460388 at epoch 594
INFO - 01/31/26 08:48:41 - 0:16:06 - At 595-th epoch with lr 0.000519.
INFO - 01/31/26 08:48:43 - 0:16:08 - Running average train loss is 0.6667962002754212 at epoch 595
INFO - 01/31/26 08:48:43 - 0:16:08 - At 596-th epoch with lr 0.000518.
INFO - 01/31/26 08:48:44 - 0:16:09 - Running average train loss is 0.6676634454727173 at epoch 596
INFO - 01/31/26 08:48:44 - 0:16:09 - At 597-th epoch with lr 0.000518.
INFO - 01/31/26 08:48:46 - 0:16:11 - Running average train loss is 0.667028682231903 at epoch 597
INFO - 01/31/26 08:48:46 - 0:16:11 - At 598-th epoch with lr 0.000517.
INFO - 01/31/26 08:48:47 - 0:16:12 - Running average train loss is 0.6672384071350098 at epoch 598
INFO - 01/31/26 08:48:47 - 0:16:12 - At 599-th epoch with lr 0.000517.
INFO - 01/31/26 08:48:49 - 0:16:14 - Running average train loss is 0.6673361706733704 at epoch 599
INFO - 01/31/26 08:48:49 - 0:16:14 - At 600-th epoch with lr 0.000516.
INFO - 01/31/26 08:48:50 - 0:16:15 - Running average train loss is 0.6670677876472473 at epoch 600
INFO - 01/31/26 08:48:50 - 0:16:15 - At 601-th epoch with lr 0.000516.
INFO - 01/31/26 08:48:52 - 0:16:17 - Running average train loss is 0.6674031829833984 at epoch 601
INFO - 01/31/26 08:48:52 - 0:16:17 - At 602-th epoch with lr 0.000516.
INFO - 01/31/26 08:48:54 - 0:16:19 - Running average train loss is 0.6672415661811829 at epoch 602
INFO - 01/31/26 08:48:54 - 0:16:19 - At 603-th epoch with lr 0.000515.
INFO - 01/31/26 08:48:55 - 0:16:20 - Running average train loss is 0.6670760536193847 at epoch 603
INFO - 01/31/26 08:48:55 - 0:16:20 - At 604-th epoch with lr 0.000515.
INFO - 01/31/26 08:48:57 - 0:16:22 - Running average train loss is 0.6671086168289184 at epoch 604
INFO - 01/31/26 08:48:57 - 0:16:22 - At 605-th epoch with lr 0.000514.
INFO - 01/31/26 08:48:58 - 0:16:23 - Running average train loss is 0.6670168733596802 at epoch 605
INFO - 01/31/26 08:48:58 - 0:16:23 - At 606-th epoch with lr 0.000514.
INFO - 01/31/26 08:49:00 - 0:16:25 - Running average train loss is 0.667011194229126 at epoch 606
INFO - 01/31/26 08:49:00 - 0:16:25 - At 607-th epoch with lr 0.000513.
INFO - 01/31/26 08:49:01 - 0:16:26 - Running average train loss is 0.6666269302368164 at epoch 607
INFO - 01/31/26 08:49:01 - 0:16:26 - At 608-th epoch with lr 0.000513.
INFO - 01/31/26 08:49:03 - 0:16:28 - Running average train loss is 0.6670026087760925 at epoch 608
INFO - 01/31/26 08:49:03 - 0:16:28 - Average dev loss is 0.6766312122344971 at epoch 608
INFO - 01/31/26 08:49:03 - 0:16:28 - dev accuracy is 99.5 at epoch 608
INFO - 01/31/26 08:49:03 - 0:16:28 - dev average edit distance is 0.007 at epoch 608
INFO - 01/31/26 08:49:03 - 0:16:28 - At 609-th epoch with lr 0.000513.
INFO - 01/31/26 08:49:05 - 0:16:30 - Running average train loss is 0.6670842194557189 at epoch 609
INFO - 01/31/26 08:49:05 - 0:16:30 - At 610-th epoch with lr 0.000512.
INFO - 01/31/26 08:49:06 - 0:16:31 - Running average train loss is 0.6674776077270508 at epoch 610
INFO - 01/31/26 08:49:06 - 0:16:31 - At 611-th epoch with lr 0.000512.
INFO - 01/31/26 08:49:08 - 0:16:33 - Running average train loss is 0.6672166752815246 at epoch 611
INFO - 01/31/26 08:49:08 - 0:16:33 - At 612-th epoch with lr 0.000511.
INFO - 01/31/26 08:49:09 - 0:16:34 - Running average train loss is 0.6669099569320679 at epoch 612
INFO - 01/31/26 08:49:09 - 0:16:34 - At 613-th epoch with lr 0.000511.
INFO - 01/31/26 08:49:11 - 0:16:36 - Running average train loss is 0.6669770169258118 at epoch 613
INFO - 01/31/26 08:49:11 - 0:16:36 - At 614-th epoch with lr 0.000510.
INFO - 01/31/26 08:49:13 - 0:16:37 - Running average train loss is 0.6669240236282349 at epoch 614
INFO - 01/31/26 08:49:13 - 0:16:37 - At 615-th epoch with lr 0.000510.
INFO - 01/31/26 08:49:14 - 0:16:39 - Running average train loss is 0.666767554283142 at epoch 615
INFO - 01/31/26 08:49:14 - 0:16:39 - At 616-th epoch with lr 0.000510.
INFO - 01/31/26 08:49:16 - 0:16:41 - Running average train loss is 0.6670042133331299 at epoch 616
INFO - 01/31/26 08:49:16 - 0:16:41 - At 617-th epoch with lr 0.000509.
INFO - 01/31/26 08:49:17 - 0:16:42 - Running average train loss is 0.6670603346824646 at epoch 617
INFO - 01/31/26 08:49:17 - 0:16:42 - At 618-th epoch with lr 0.000509.
INFO - 01/31/26 08:49:19 - 0:16:44 - Running average train loss is 0.6673013758659363 at epoch 618
INFO - 01/31/26 08:49:19 - 0:16:44 - At 619-th epoch with lr 0.000508.
INFO - 01/31/26 08:49:20 - 0:16:45 - Running average train loss is 0.6668590331077575 at epoch 619
INFO - 01/31/26 08:49:20 - 0:16:45 - At 620-th epoch with lr 0.000508.
INFO - 01/31/26 08:49:22 - 0:16:47 - Running average train loss is 0.6668058037757874 at epoch 620
INFO - 01/31/26 08:49:22 - 0:16:47 - At 621-th epoch with lr 0.000508.
INFO - 01/31/26 08:49:23 - 0:16:48 - Running average train loss is 0.6667408442497254 at epoch 621
INFO - 01/31/26 08:49:23 - 0:16:48 - At 622-th epoch with lr 0.000507.
INFO - 01/31/26 08:49:25 - 0:16:50 - Running average train loss is 0.667076027393341 at epoch 622
INFO - 01/31/26 08:49:25 - 0:16:50 - At 623-th epoch with lr 0.000507.
INFO - 01/31/26 08:49:26 - 0:16:51 - Running average train loss is 0.6666998863220215 at epoch 623
INFO - 01/31/26 08:49:26 - 0:16:51 - At 624-th epoch with lr 0.000506.
INFO - 01/31/26 08:49:28 - 0:16:53 - Running average train loss is 0.667162115573883 at epoch 624
INFO - 01/31/26 08:49:28 - 0:16:53 - Average dev loss is 0.6771332422892252 at epoch 624
INFO - 01/31/26 08:49:28 - 0:16:53 - dev accuracy is 99.3 at epoch 624
INFO - 01/31/26 08:49:28 - 0:16:53 - dev average edit distance is 0.011 at epoch 624
INFO - 01/31/26 08:49:28 - 0:16:53 - At 625-th epoch with lr 0.000506.
INFO - 01/31/26 08:49:30 - 0:16:55 - Running average train loss is 0.6672780585289001 at epoch 625
INFO - 01/31/26 08:49:30 - 0:16:55 - At 626-th epoch with lr 0.000506.
INFO - 01/31/26 08:49:32 - 0:16:56 - Running average train loss is 0.6672480058670044 at epoch 626
INFO - 01/31/26 08:49:32 - 0:16:57 - At 627-th epoch with lr 0.000505.
INFO - 01/31/26 08:49:33 - 0:16:58 - Running average train loss is 0.6667872905731201 at epoch 627
INFO - 01/31/26 08:49:33 - 0:16:58 - At 628-th epoch with lr 0.000505.
INFO - 01/31/26 08:49:35 - 0:17:00 - Running average train loss is 0.6670066857337952 at epoch 628
INFO - 01/31/26 08:49:35 - 0:17:00 - At 629-th epoch with lr 0.000504.
INFO - 01/31/26 08:49:36 - 0:17:01 - Running average train loss is 0.6666271281242371 at epoch 629
INFO - 01/31/26 08:49:36 - 0:17:01 - At 630-th epoch with lr 0.000504.
INFO - 01/31/26 08:49:38 - 0:17:03 - Running average train loss is 0.6666087317466736 at epoch 630
INFO - 01/31/26 08:49:38 - 0:17:03 - At 631-th epoch with lr 0.000504.
INFO - 01/31/26 08:49:39 - 0:17:04 - Running average train loss is 0.6669929599761963 at epoch 631
INFO - 01/31/26 08:49:39 - 0:17:04 - At 632-th epoch with lr 0.000503.
INFO - 01/31/26 08:49:41 - 0:17:06 - Running average train loss is 0.6672849559783935 at epoch 632
INFO - 01/31/26 08:49:41 - 0:17:06 - At 633-th epoch with lr 0.000503.
INFO - 01/31/26 08:49:42 - 0:17:07 - Running average train loss is 0.6668970441818237 at epoch 633
INFO - 01/31/26 08:49:42 - 0:17:07 - At 634-th epoch with lr 0.000502.
INFO - 01/31/26 08:49:44 - 0:17:09 - Running average train loss is 0.6673297452926635 at epoch 634
INFO - 01/31/26 08:49:44 - 0:17:09 - At 635-th epoch with lr 0.000502.
INFO - 01/31/26 08:49:45 - 0:17:10 - Running average train loss is 0.6667996740341187 at epoch 635
INFO - 01/31/26 08:49:45 - 0:17:10 - At 636-th epoch with lr 0.000502.
INFO - 01/31/26 08:49:47 - 0:17:12 - Running average train loss is 0.6671011614799499 at epoch 636
INFO - 01/31/26 08:49:47 - 0:17:12 - At 637-th epoch with lr 0.000501.
INFO - 01/31/26 08:49:49 - 0:17:13 - Running average train loss is 0.6668229866027832 at epoch 637
INFO - 01/31/26 08:49:49 - 0:17:13 - At 638-th epoch with lr 0.000501.
INFO - 01/31/26 08:49:50 - 0:17:15 - Running average train loss is 0.6669030332565308 at epoch 638
INFO - 01/31/26 08:49:50 - 0:17:15 - At 639-th epoch with lr 0.000500.
INFO - 01/31/26 08:49:52 - 0:17:17 - Running average train loss is 0.6672561740875245 at epoch 639
INFO - 01/31/26 08:49:52 - 0:17:17 - At 640-th epoch with lr 0.000500.
INFO - 01/31/26 08:49:53 - 0:17:18 - Running average train loss is 0.6669917893409729 at epoch 640
INFO - 01/31/26 08:49:53 - 0:17:18 - Average dev loss is 0.6781246860822042 at epoch 640
INFO - 01/31/26 08:49:54 - 0:17:19 - dev accuracy is 99.3 at epoch 640
INFO - 01/31/26 08:49:54 - 0:17:19 - dev average edit distance is 0.011 at epoch 640
INFO - 01/31/26 08:49:54 - 0:17:19 - At 641-th epoch with lr 0.000500.
INFO - 01/31/26 08:49:55 - 0:17:20 - Running average train loss is 0.6675718474388123 at epoch 641
INFO - 01/31/26 08:49:55 - 0:17:20 - At 642-th epoch with lr 0.000499.
INFO - 01/31/26 08:49:57 - 0:17:22 - Running average train loss is 0.6671175479888916 at epoch 642
INFO - 01/31/26 08:49:57 - 0:17:22 - At 643-th epoch with lr 0.000499.
INFO - 01/31/26 08:49:58 - 0:17:23 - Running average train loss is 0.6666860032081604 at epoch 643
INFO - 01/31/26 08:49:58 - 0:17:23 - At 644-th epoch with lr 0.000498.
INFO - 01/31/26 08:50:00 - 0:17:25 - Running average train loss is 0.6671341633796692 at epoch 644
INFO - 01/31/26 08:50:00 - 0:17:25 - At 645-th epoch with lr 0.000498.
INFO - 01/31/26 08:50:02 - 0:17:27 - Running average train loss is 0.6666990184783935 at epoch 645
INFO - 01/31/26 08:50:02 - 0:17:27 - At 646-th epoch with lr 0.000498.
INFO - 01/31/26 08:50:03 - 0:17:28 - Running average train loss is 0.6671442055702209 at epoch 646
INFO - 01/31/26 08:50:03 - 0:17:28 - At 647-th epoch with lr 0.000497.
INFO - 01/31/26 08:50:05 - 0:17:30 - Running average train loss is 0.6667280745506287 at epoch 647
INFO - 01/31/26 08:50:05 - 0:17:30 - At 648-th epoch with lr 0.000497.
INFO - 01/31/26 08:50:06 - 0:17:31 - Running average train loss is 0.6671608567237854 at epoch 648
INFO - 01/31/26 08:50:06 - 0:17:31 - At 649-th epoch with lr 0.000497.
INFO - 01/31/26 08:50:08 - 0:17:33 - Running average train loss is 0.6671121573448181 at epoch 649
INFO - 01/31/26 08:50:08 - 0:17:33 - At 650-th epoch with lr 0.000496.
INFO - 01/31/26 08:50:09 - 0:17:34 - Running average train loss is 0.667138135433197 at epoch 650
INFO - 01/31/26 08:50:09 - 0:17:34 - At 651-th epoch with lr 0.000496.
INFO - 01/31/26 08:50:11 - 0:17:36 - Running average train loss is 0.6668734788894654 at epoch 651
INFO - 01/31/26 08:50:11 - 0:17:36 - At 652-th epoch with lr 0.000495.
INFO - 01/31/26 08:50:12 - 0:17:37 - Running average train loss is 0.6667872667312622 at epoch 652
INFO - 01/31/26 08:50:12 - 0:17:37 - At 653-th epoch with lr 0.000495.
INFO - 01/31/26 08:50:14 - 0:17:39 - Running average train loss is 0.6666516947746277 at epoch 653
INFO - 01/31/26 08:50:14 - 0:17:39 - At 654-th epoch with lr 0.000495.
INFO - 01/31/26 08:50:15 - 0:17:40 - Running average train loss is 0.6667009830474854 at epoch 654
INFO - 01/31/26 08:50:15 - 0:17:40 - At 655-th epoch with lr 0.000494.
INFO - 01/31/26 08:50:17 - 0:17:42 - Running average train loss is 0.666694655418396 at epoch 655
INFO - 01/31/26 08:50:17 - 0:17:42 - At 656-th epoch with lr 0.000494.
INFO - 01/31/26 08:50:19 - 0:17:44 - Running average train loss is 0.6671763372421264 at epoch 656
INFO - 01/31/26 08:50:19 - 0:17:44 - Average dev loss is 0.675341526667277 at epoch 656
INFO - 01/31/26 08:50:19 - 0:17:44 - dev accuracy is 99.8 at epoch 656
INFO - 01/31/26 08:50:19 - 0:17:44 - dev average edit distance is 0.002 at epoch 656
INFO - 01/31/26 08:50:19 - 0:17:44 - At 657-th epoch with lr 0.000493.
INFO - 01/31/26 08:50:21 - 0:17:46 - Running average train loss is 0.6671989345550537 at epoch 657
INFO - 01/31/26 08:50:21 - 0:17:46 - At 658-th epoch with lr 0.000493.
INFO - 01/31/26 08:50:22 - 0:17:47 - Running average train loss is 0.6669339060783386 at epoch 658
INFO - 01/31/26 08:50:22 - 0:17:47 - At 659-th epoch with lr 0.000493.
INFO - 01/31/26 08:50:24 - 0:17:49 - Running average train loss is 0.6668903946876525 at epoch 659
INFO - 01/31/26 08:50:24 - 0:17:49 - At 660-th epoch with lr 0.000492.
INFO - 01/31/26 08:50:25 - 0:17:50 - Running average train loss is 0.667113926410675 at epoch 660
INFO - 01/31/26 08:50:25 - 0:17:50 - At 661-th epoch with lr 0.000492.
INFO - 01/31/26 08:50:27 - 0:17:52 - Running average train loss is 0.6666538524627685 at epoch 661
INFO - 01/31/26 08:50:27 - 0:17:52 - At 662-th epoch with lr 0.000492.
INFO - 01/31/26 08:50:29 - 0:17:53 - Running average train loss is 0.6665486407279968 at epoch 662
INFO - 01/31/26 08:50:29 - 0:17:53 - At 663-th epoch with lr 0.000491.
INFO - 01/31/26 08:50:30 - 0:17:55 - Running average train loss is 0.6666246247291565 at epoch 663
INFO - 01/31/26 08:50:30 - 0:17:55 - At 664-th epoch with lr 0.000491.
INFO - 01/31/26 08:50:32 - 0:17:57 - Running average train loss is 0.6668501448631287 at epoch 664
INFO - 01/31/26 08:50:32 - 0:17:57 - At 665-th epoch with lr 0.000491.
INFO - 01/31/26 08:50:33 - 0:17:58 - Running average train loss is 0.6672305870056152 at epoch 665
INFO - 01/31/26 08:50:33 - 0:17:58 - At 666-th epoch with lr 0.000490.
INFO - 01/31/26 08:50:35 - 0:18:00 - Running average train loss is 0.666792311668396 at epoch 666
INFO - 01/31/26 08:50:35 - 0:18:00 - At 667-th epoch with lr 0.000490.
INFO - 01/31/26 08:50:36 - 0:18:01 - Running average train loss is 0.6666396450996399 at epoch 667
INFO - 01/31/26 08:50:36 - 0:18:01 - At 668-th epoch with lr 0.000489.
INFO - 01/31/26 08:50:38 - 0:18:03 - Running average train loss is 0.66674880027771 at epoch 668
INFO - 01/31/26 08:50:38 - 0:18:03 - At 669-th epoch with lr 0.000489.
INFO - 01/31/26 08:50:40 - 0:18:05 - Running average train loss is 0.6666262555122375 at epoch 669
INFO - 01/31/26 08:50:40 - 0:18:05 - At 670-th epoch with lr 0.000489.
INFO - 01/31/26 08:50:41 - 0:18:06 - Running average train loss is 0.6668410015106201 at epoch 670
INFO - 01/31/26 08:50:41 - 0:18:06 - At 671-th epoch with lr 0.000488.
INFO - 01/31/26 08:50:43 - 0:18:08 - Running average train loss is 0.6671374964714051 at epoch 671
INFO - 01/31/26 08:50:43 - 0:18:08 - At 672-th epoch with lr 0.000488.
INFO - 01/31/26 08:50:44 - 0:18:09 - Running average train loss is 0.6669556498527527 at epoch 672
INFO - 01/31/26 08:50:44 - 0:18:09 - Average dev loss is 0.675332268079122 at epoch 672
INFO - 01/31/26 08:50:45 - 0:18:10 - dev accuracy is 99.8 at epoch 672
INFO - 01/31/26 08:50:45 - 0:18:10 - dev average edit distance is 0.002 at epoch 672
INFO - 01/31/26 08:50:45 - 0:18:10 - At 673-th epoch with lr 0.000488.
INFO - 01/31/26 08:50:46 - 0:18:11 - Running average train loss is 0.667417917251587 at epoch 673
INFO - 01/31/26 08:50:46 - 0:18:11 - At 674-th epoch with lr 0.000487.
INFO - 01/31/26 08:50:48 - 0:18:13 - Running average train loss is 0.6671861219406128 at epoch 674
INFO - 01/31/26 08:50:48 - 0:18:13 - At 675-th epoch with lr 0.000487.
INFO - 01/31/26 08:50:49 - 0:18:14 - Running average train loss is 0.6673343348503112 at epoch 675
INFO - 01/31/26 08:50:49 - 0:18:14 - At 676-th epoch with lr 0.000487.
INFO - 01/31/26 08:50:51 - 0:18:16 - Running average train loss is 0.6671206140518189 at epoch 676
INFO - 01/31/26 08:50:51 - 0:18:16 - At 677-th epoch with lr 0.000486.
INFO - 01/31/26 08:50:52 - 0:18:17 - Running average train loss is 0.6668084001541138 at epoch 677
INFO - 01/31/26 08:50:52 - 0:18:17 - At 678-th epoch with lr 0.000486.
INFO - 01/31/26 08:50:54 - 0:18:19 - Running average train loss is 0.6665809750556946 at epoch 678
INFO - 01/31/26 08:50:54 - 0:18:19 - At 679-th epoch with lr 0.000485.
INFO - 01/31/26 08:50:55 - 0:18:20 - Running average train loss is 0.667065839767456 at epoch 679
INFO - 01/31/26 08:50:55 - 0:18:20 - At 680-th epoch with lr 0.000485.
INFO - 01/31/26 08:50:57 - 0:18:22 - Running average train loss is 0.6669106221199036 at epoch 680
INFO - 01/31/26 08:50:57 - 0:18:22 - At 681-th epoch with lr 0.000485.
INFO - 01/31/26 08:50:59 - 0:18:23 - Running average train loss is 0.6665507674217224 at epoch 681
INFO - 01/31/26 08:50:59 - 0:18:23 - At 682-th epoch with lr 0.000484.
INFO - 01/31/26 08:51:00 - 0:18:25 - Running average train loss is 0.6668025875091552 at epoch 682
INFO - 01/31/26 08:51:00 - 0:18:25 - At 683-th epoch with lr 0.000484.
INFO - 01/31/26 08:51:02 - 0:18:27 - Running average train loss is 0.6665575480461121 at epoch 683
INFO - 01/31/26 08:51:02 - 0:18:27 - At 684-th epoch with lr 0.000484.
INFO - 01/31/26 08:51:03 - 0:18:28 - Running average train loss is 0.6668517184257508 at epoch 684
INFO - 01/31/26 08:51:03 - 0:18:28 - At 685-th epoch with lr 0.000483.
INFO - 01/31/26 08:51:05 - 0:18:30 - Running average train loss is 0.667227725982666 at epoch 685
INFO - 01/31/26 08:51:05 - 0:18:30 - At 686-th epoch with lr 0.000483.
INFO - 01/31/26 08:51:06 - 0:18:31 - Running average train loss is 0.6670311427116394 at epoch 686
INFO - 01/31/26 08:51:06 - 0:18:31 - At 687-th epoch with lr 0.000483.
INFO - 01/31/26 08:51:08 - 0:18:33 - Running average train loss is 0.666843810081482 at epoch 687
INFO - 01/31/26 08:51:08 - 0:18:33 - At 688-th epoch with lr 0.000482.
INFO - 01/31/26 08:51:09 - 0:18:34 - Running average train loss is 0.6671486759185791 at epoch 688
INFO - 01/31/26 08:51:09 - 0:18:34 - Average dev loss is 0.6787528991699219 at epoch 688
INFO - 01/31/26 08:51:10 - 0:18:35 - dev accuracy is 99.3 at epoch 688
INFO - 01/31/26 08:51:10 - 0:18:35 - dev average edit distance is 0.011 at epoch 688
INFO - 01/31/26 08:51:10 - 0:18:35 - At 689-th epoch with lr 0.000482.
INFO - 01/31/26 08:51:11 - 0:18:36 - Running average train loss is 0.6667675590515136 at epoch 689
INFO - 01/31/26 08:51:11 - 0:18:36 - At 690-th epoch with lr 0.000482.
INFO - 01/31/26 08:51:13 - 0:18:38 - Running average train loss is 0.6668025708198547 at epoch 690
INFO - 01/31/26 08:51:13 - 0:18:38 - At 691-th epoch with lr 0.000481.
INFO - 01/31/26 08:51:14 - 0:18:39 - Running average train loss is 0.6663760948181152 at epoch 691
INFO - 01/31/26 08:51:14 - 0:18:39 - At 692-th epoch with lr 0.000481.
INFO - 01/31/26 08:51:16 - 0:18:41 - Running average train loss is 0.666842896938324 at epoch 692
INFO - 01/31/26 08:51:16 - 0:18:41 - At 693-th epoch with lr 0.000480.
INFO - 01/31/26 08:51:18 - 0:18:43 - Running average train loss is 0.6669729685783387 at epoch 693
INFO - 01/31/26 08:51:18 - 0:18:43 - At 694-th epoch with lr 0.000480.
INFO - 01/31/26 08:51:19 - 0:18:44 - Running average train loss is 0.6670621943473816 at epoch 694
INFO - 01/31/26 08:51:19 - 0:18:44 - At 695-th epoch with lr 0.000480.
INFO - 01/31/26 08:51:21 - 0:18:46 - Running average train loss is 0.6671360516548157 at epoch 695
INFO - 01/31/26 08:51:21 - 0:18:46 - At 696-th epoch with lr 0.000479.
INFO - 01/31/26 08:51:22 - 0:18:47 - Running average train loss is 0.6671884441375733 at epoch 696
INFO - 01/31/26 08:51:22 - 0:18:47 - At 697-th epoch with lr 0.000479.
INFO - 01/31/26 08:51:24 - 0:18:49 - Running average train loss is 0.666820137500763 at epoch 697
INFO - 01/31/26 08:51:24 - 0:18:49 - At 698-th epoch with lr 0.000479.
INFO - 01/31/26 08:51:25 - 0:18:50 - Running average train loss is 0.6664956140518189 at epoch 698
INFO - 01/31/26 08:51:25 - 0:18:50 - At 699-th epoch with lr 0.000478.
INFO - 01/31/26 08:51:27 - 0:18:52 - Running average train loss is 0.6665265607833862 at epoch 699
INFO - 01/31/26 08:51:27 - 0:18:52 - At 700-th epoch with lr 0.000478.
INFO - 01/31/26 08:51:28 - 0:18:53 - Running average train loss is 0.6665511322021485 at epoch 700
INFO - 01/31/26 08:51:28 - 0:18:53 - At 701-th epoch with lr 0.000478.
INFO - 01/31/26 08:51:30 - 0:18:55 - Running average train loss is 0.6665708518028259 at epoch 701
INFO - 01/31/26 08:51:30 - 0:18:55 - At 702-th epoch with lr 0.000477.
INFO - 01/31/26 08:51:31 - 0:18:56 - Running average train loss is 0.666946005821228 at epoch 702
INFO - 01/31/26 08:51:31 - 0:18:56 - At 703-th epoch with lr 0.000477.
INFO - 01/31/26 08:51:33 - 0:18:58 - Running average train loss is 0.6666899561882019 at epoch 703
INFO - 01/31/26 08:51:33 - 0:18:58 - At 704-th epoch with lr 0.000477.
INFO - 01/31/26 08:51:34 - 0:18:59 - Running average train loss is 0.666699674129486 at epoch 704
INFO - 01/31/26 08:51:35 - 0:18:59 - Average dev loss is 0.6751465996106466 at epoch 704
INFO - 01/31/26 08:51:35 - 0:19:00 - dev accuracy is 99.8 at epoch 704
INFO - 01/31/26 08:51:35 - 0:19:00 - dev average edit distance is 0.002 at epoch 704
INFO - 01/31/26 08:51:35 - 0:19:00 - At 705-th epoch with lr 0.000476.
INFO - 01/31/26 08:51:37 - 0:19:02 - Running average train loss is 0.6667863130569458 at epoch 705
INFO - 01/31/26 08:51:37 - 0:19:02 - At 706-th epoch with lr 0.000476.
INFO - 01/31/26 08:51:38 - 0:19:03 - Running average train loss is 0.6670305562019349 at epoch 706
INFO - 01/31/26 08:51:38 - 0:19:03 - At 707-th epoch with lr 0.000476.
INFO - 01/31/26 08:51:40 - 0:19:05 - Running average train loss is 0.6673134589195251 at epoch 707
INFO - 01/31/26 08:51:40 - 0:19:05 - At 708-th epoch with lr 0.000475.
INFO - 01/31/26 08:51:41 - 0:19:06 - Running average train loss is 0.6665557980537414 at epoch 708
INFO - 01/31/26 08:51:41 - 0:19:06 - At 709-th epoch with lr 0.000475.
INFO - 01/31/26 08:51:43 - 0:19:08 - Running average train loss is 0.666640100479126 at epoch 709
INFO - 01/31/26 08:51:43 - 0:19:08 - At 710-th epoch with lr 0.000475.
INFO - 01/31/26 08:51:44 - 0:19:09 - Running average train loss is 0.6667011880874634 at epoch 710
INFO - 01/31/26 08:51:44 - 0:19:09 - At 711-th epoch with lr 0.000474.
INFO - 01/31/26 08:51:46 - 0:19:11 - Running average train loss is 0.6664216947555542 at epoch 711
INFO - 01/31/26 08:51:46 - 0:19:11 - At 712-th epoch with lr 0.000474.
INFO - 01/31/26 08:51:47 - 0:19:12 - Running average train loss is 0.6662591814994812 at epoch 712
INFO - 01/31/26 08:51:47 - 0:19:12 - At 713-th epoch with lr 0.000474.
INFO - 01/31/26 08:51:49 - 0:19:14 - Running average train loss is 0.6667155122756958 at epoch 713
INFO - 01/31/26 08:51:49 - 0:19:14 - At 714-th epoch with lr 0.000473.
INFO - 01/31/26 08:51:50 - 0:19:15 - Running average train loss is 0.666811933517456 at epoch 714
INFO - 01/31/26 08:51:50 - 0:19:15 - At 715-th epoch with lr 0.000473.
INFO - 01/31/26 08:51:52 - 0:19:17 - Running average train loss is 0.6667095613479614 at epoch 715
INFO - 01/31/26 08:51:52 - 0:19:17 - At 716-th epoch with lr 0.000473.
INFO - 01/31/26 08:51:54 - 0:19:19 - Running average train loss is 0.666676378250122 at epoch 716
INFO - 01/31/26 08:51:54 - 0:19:19 - At 717-th epoch with lr 0.000472.
INFO - 01/31/26 08:51:55 - 0:19:20 - Running average train loss is 0.666861355304718 at epoch 717
INFO - 01/31/26 08:51:55 - 0:19:20 - At 718-th epoch with lr 0.000472.
INFO - 01/31/26 08:51:57 - 0:19:22 - Running average train loss is 0.6669004392623902 at epoch 718
INFO - 01/31/26 08:51:57 - 0:19:22 - At 719-th epoch with lr 0.000472.
INFO - 01/31/26 08:51:58 - 0:19:23 - Running average train loss is 0.6665587592124939 at epoch 719
INFO - 01/31/26 08:51:58 - 0:19:23 - At 720-th epoch with lr 0.000471.
INFO - 01/31/26 08:52:00 - 0:19:25 - Running average train loss is 0.666435227394104 at epoch 720
INFO - 01/31/26 08:52:00 - 0:19:25 - Average dev loss is 0.674949069817861 at epoch 720
INFO - 01/31/26 08:52:00 - 0:19:25 - dev accuracy is 99.7 at epoch 720
INFO - 01/31/26 08:52:00 - 0:19:25 - dev average edit distance is 0.003 at epoch 720
INFO - 01/31/26 08:52:01 - 0:19:26 - At 721-th epoch with lr 0.000471.
INFO - 01/31/26 08:52:02 - 0:19:27 - Running average train loss is 0.6664228820800782 at epoch 721
INFO - 01/31/26 08:52:02 - 0:19:27 - At 722-th epoch with lr 0.000471.
INFO - 01/31/26 08:52:04 - 0:19:29 - Running average train loss is 0.6664682221412659 at epoch 722
INFO - 01/31/26 08:52:04 - 0:19:29 - At 723-th epoch with lr 0.000470.
INFO - 01/31/26 08:52:05 - 0:19:30 - Running average train loss is 0.6668963432312012 at epoch 723
INFO - 01/31/26 08:52:05 - 0:19:30 - At 724-th epoch with lr 0.000470.
INFO - 01/31/26 08:52:07 - 0:19:32 - Running average train loss is 0.6665083575248718 at epoch 724
INFO - 01/31/26 08:52:07 - 0:19:32 - At 725-th epoch with lr 0.000470.
INFO - 01/31/26 08:52:08 - 0:19:33 - Running average train loss is 0.6665493941307068 at epoch 725
INFO - 01/31/26 08:52:08 - 0:19:33 - At 726-th epoch with lr 0.000469.
INFO - 01/31/26 08:52:10 - 0:19:35 - Running average train loss is 0.6664059233665466 at epoch 726
INFO - 01/31/26 08:52:10 - 0:19:35 - At 727-th epoch with lr 0.000469.
INFO - 01/31/26 08:52:11 - 0:19:36 - Running average train loss is 0.6664712762832642 at epoch 727
INFO - 01/31/26 08:52:11 - 0:19:36 - At 728-th epoch with lr 0.000469.
INFO - 01/31/26 08:52:13 - 0:19:38 - Running average train loss is 0.6663750553131104 at epoch 728
INFO - 01/31/26 08:52:13 - 0:19:38 - At 729-th epoch with lr 0.000468.
INFO - 01/31/26 08:52:15 - 0:19:40 - Running average train loss is 0.6663661932945252 at epoch 729
INFO - 01/31/26 08:52:15 - 0:19:40 - At 730-th epoch with lr 0.000468.
INFO - 01/31/26 08:52:16 - 0:19:41 - Running average train loss is 0.66671302318573 at epoch 730
INFO - 01/31/26 08:52:16 - 0:19:41 - At 731-th epoch with lr 0.000468.
INFO - 01/31/26 08:52:18 - 0:19:43 - Running average train loss is 0.6666963171958923 at epoch 731
INFO - 01/31/26 08:52:18 - 0:19:43 - At 732-th epoch with lr 0.000468.
INFO - 01/31/26 08:52:19 - 0:19:44 - Running average train loss is 0.6670531606674195 at epoch 732
INFO - 01/31/26 08:52:19 - 0:19:44 - At 733-th epoch with lr 0.000467.
INFO - 01/31/26 08:52:21 - 0:19:46 - Running average train loss is 0.6666719460487366 at epoch 733
INFO - 01/31/26 08:52:21 - 0:19:46 - At 734-th epoch with lr 0.000467.
INFO - 01/31/26 08:52:22 - 0:19:47 - Running average train loss is 0.6669791793823242 at epoch 734
INFO - 01/31/26 08:52:22 - 0:19:47 - At 735-th epoch with lr 0.000467.
INFO - 01/31/26 08:52:23 - 0:19:48 - Running average train loss is 0.666638343334198 at epoch 735
INFO - 01/31/26 08:52:23 - 0:19:48 - At 736-th epoch with lr 0.000466.
INFO - 01/31/26 08:52:25 - 0:19:50 - Running average train loss is 0.6666043591499329 at epoch 736
INFO - 01/31/26 08:52:25 - 0:19:50 - Average dev loss is 0.6747755408287048 at epoch 736
INFO - 01/31/26 08:52:25 - 0:19:50 - dev accuracy is 99.8 at epoch 736
INFO - 01/31/26 08:52:25 - 0:19:50 - dev average edit distance is 0.002 at epoch 736
INFO - 01/31/26 08:52:25 - 0:19:50 - At 737-th epoch with lr 0.000466.
INFO - 01/31/26 08:52:27 - 0:19:52 - Running average train loss is 0.666498339176178 at epoch 737
INFO - 01/31/26 08:52:27 - 0:19:52 - At 738-th epoch with lr 0.000466.
INFO - 01/31/26 08:52:28 - 0:19:53 - Running average train loss is 0.666538462638855 at epoch 738
INFO - 01/31/26 08:52:28 - 0:19:53 - At 739-th epoch with lr 0.000465.
INFO - 01/31/26 08:52:29 - 0:19:54 - Running average train loss is 0.6665020966529847 at epoch 739
INFO - 01/31/26 08:52:29 - 0:19:54 - At 740-th epoch with lr 0.000465.
INFO - 01/31/26 08:52:31 - 0:19:56 - Running average train loss is 0.6666718912124634 at epoch 740
INFO - 01/31/26 08:52:31 - 0:19:56 - At 741-th epoch with lr 0.000465.
INFO - 01/31/26 08:52:32 - 0:19:57 - Running average train loss is 0.6665092587471009 at epoch 741
INFO - 01/31/26 08:52:32 - 0:19:57 - At 742-th epoch with lr 0.000464.
INFO - 01/31/26 08:52:34 - 0:19:58 - Running average train loss is 0.6664038872718812 at epoch 742
INFO - 01/31/26 08:52:34 - 0:19:58 - At 743-th epoch with lr 0.000464.
INFO - 01/31/26 08:52:35 - 0:20:00 - Running average train loss is 0.6664148545265198 at epoch 743
INFO - 01/31/26 08:52:35 - 0:20:00 - At 744-th epoch with lr 0.000464.
INFO - 01/31/26 08:52:36 - 0:20:01 - Running average train loss is 0.6663648319244385 at epoch 744
INFO - 01/31/26 08:52:36 - 0:20:01 - At 745-th epoch with lr 0.000463.
INFO - 01/31/26 08:52:38 - 0:20:03 - Running average train loss is 0.6664976310729981 at epoch 745
INFO - 01/31/26 08:52:38 - 0:20:03 - At 746-th epoch with lr 0.000463.
INFO - 01/31/26 08:52:39 - 0:20:04 - Running average train loss is 0.6668822360038758 at epoch 746
INFO - 01/31/26 08:52:39 - 0:20:04 - At 747-th epoch with lr 0.000463.
INFO - 01/31/26 08:52:41 - 0:20:05 - Running average train loss is 0.6667868328094483 at epoch 747
INFO - 01/31/26 08:52:41 - 0:20:05 - At 748-th epoch with lr 0.000462.
INFO - 01/31/26 08:52:42 - 0:20:07 - Running average train loss is 0.6668640112876892 at epoch 748
INFO - 01/31/26 08:52:42 - 0:20:07 - At 749-th epoch with lr 0.000462.
INFO - 01/31/26 08:52:43 - 0:20:08 - Running average train loss is 0.6669078803062439 at epoch 749
INFO - 01/31/26 08:52:43 - 0:20:08 - At 750-th epoch with lr 0.000462.
INFO - 01/31/26 08:52:45 - 0:20:10 - Running average train loss is 0.6668009185791015 at epoch 750
INFO - 01/31/26 08:52:45 - 0:20:10 - At 751-th epoch with lr 0.000462.
INFO - 01/31/26 08:52:46 - 0:20:11 - Running average train loss is 0.666375253200531 at epoch 751
INFO - 01/31/26 08:52:46 - 0:20:11 - At 752-th epoch with lr 0.000461.
INFO - 01/31/26 08:52:47 - 0:20:12 - Running average train loss is 0.6668026256561279 at epoch 752
INFO - 01/31/26 08:52:48 - 0:20:12 - Average dev loss is 0.677522619565328 at epoch 752
INFO - 01/31/26 08:52:48 - 0:20:13 - dev accuracy is 99.3 at epoch 752
INFO - 01/31/26 08:52:48 - 0:20:13 - dev average edit distance is 0.011 at epoch 752
INFO - 01/31/26 08:52:48 - 0:20:13 - At 753-th epoch with lr 0.000461.
INFO - 01/31/26 08:52:49 - 0:20:14 - Running average train loss is 0.6667224764823914 at epoch 753
INFO - 01/31/26 08:52:49 - 0:20:14 - At 754-th epoch with lr 0.000461.
INFO - 01/31/26 08:52:51 - 0:20:16 - Running average train loss is 0.6663876032829285 at epoch 754
INFO - 01/31/26 08:52:51 - 0:20:16 - At 755-th epoch with lr 0.000460.
INFO - 01/31/26 08:52:52 - 0:20:17 - Running average train loss is 0.6665332078933716 at epoch 755
INFO - 01/31/26 08:52:52 - 0:20:17 - At 756-th epoch with lr 0.000460.
INFO - 01/31/26 08:52:53 - 0:20:18 - Running average train loss is 0.6665806317329407 at epoch 756
INFO - 01/31/26 08:52:53 - 0:20:18 - At 757-th epoch with lr 0.000460.
INFO - 01/31/26 08:52:55 - 0:20:20 - Running average train loss is 0.6665129685401916 at epoch 757
INFO - 01/31/26 08:52:55 - 0:20:20 - At 758-th epoch with lr 0.000459.
INFO - 01/31/26 08:52:56 - 0:20:21 - Running average train loss is 0.6664749336242676 at epoch 758
INFO - 01/31/26 08:52:56 - 0:20:21 - At 759-th epoch with lr 0.000459.
INFO - 01/31/26 08:52:58 - 0:20:23 - Running average train loss is 0.6664607620239258 at epoch 759
INFO - 01/31/26 08:52:58 - 0:20:23 - At 760-th epoch with lr 0.000459.
INFO - 01/31/26 08:52:59 - 0:20:24 - Running average train loss is 0.6662035751342773 at epoch 760
INFO - 01/31/26 08:52:59 - 0:20:24 - At 761-th epoch with lr 0.000459.
INFO - 01/31/26 08:53:00 - 0:20:25 - Running average train loss is 0.6667216753959656 at epoch 761
INFO - 01/31/26 08:53:00 - 0:20:25 - At 762-th epoch with lr 0.000458.
INFO - 01/31/26 08:53:02 - 0:20:27 - Running average train loss is 0.6666478991508484 at epoch 762
INFO - 01/31/26 08:53:02 - 0:20:27 - At 763-th epoch with lr 0.000458.
INFO - 01/31/26 08:53:03 - 0:20:28 - Running average train loss is 0.6664044666290283 at epoch 763
INFO - 01/31/26 08:53:03 - 0:20:28 - At 764-th epoch with lr 0.000458.
INFO - 01/31/26 08:53:05 - 0:20:30 - Running average train loss is 0.6664082789421082 at epoch 764
INFO - 01/31/26 08:53:05 - 0:20:30 - At 765-th epoch with lr 0.000457.
INFO - 01/31/26 08:53:06 - 0:20:31 - Running average train loss is 0.6663929390907287 at epoch 765
INFO - 01/31/26 08:53:06 - 0:20:31 - At 766-th epoch with lr 0.000457.
INFO - 01/31/26 08:53:07 - 0:20:32 - Running average train loss is 0.6665603041648864 at epoch 766
INFO - 01/31/26 08:53:07 - 0:20:32 - At 767-th epoch with lr 0.000457.
INFO - 01/31/26 08:53:09 - 0:20:34 - Running average train loss is 0.6667919993400574 at epoch 767
INFO - 01/31/26 08:53:09 - 0:20:34 - At 768-th epoch with lr 0.000456.
INFO - 01/31/26 08:53:10 - 0:20:35 - Running average train loss is 0.6665031623840332 at epoch 768
INFO - 01/31/26 08:53:10 - 0:20:35 - Average dev loss is 0.6772859295209249 at epoch 768
INFO - 01/31/26 08:53:11 - 0:20:36 - dev accuracy is 99.3 at epoch 768
INFO - 01/31/26 08:53:11 - 0:20:36 - dev average edit distance is 0.011 at epoch 768
INFO - 01/31/26 08:53:11 - 0:20:36 - At 769-th epoch with lr 0.000456.
INFO - 01/31/26 08:53:12 - 0:20:37 - Running average train loss is 0.6663772177696228 at epoch 769
INFO - 01/31/26 08:53:12 - 0:20:37 - At 770-th epoch with lr 0.000456.
INFO - 01/31/26 08:53:14 - 0:20:39 - Running average train loss is 0.6663087844848633 at epoch 770
INFO - 01/31/26 08:53:14 - 0:20:39 - At 771-th epoch with lr 0.000456.
INFO - 01/31/26 08:53:15 - 0:20:40 - Running average train loss is 0.6664868330955506 at epoch 771
INFO - 01/31/26 08:53:15 - 0:20:40 - At 772-th epoch with lr 0.000455.
INFO - 01/31/26 08:53:17 - 0:20:42 - Running average train loss is 0.6663632726669312 at epoch 772
INFO - 01/31/26 08:53:17 - 0:20:42 - At 773-th epoch with lr 0.000455.
INFO - 01/31/26 08:53:18 - 0:20:43 - Running average train loss is 0.6668989467620849 at epoch 773
INFO - 01/31/26 08:53:18 - 0:20:43 - At 774-th epoch with lr 0.000455.
INFO - 01/31/26 08:53:20 - 0:20:45 - Running average train loss is 0.6668156671524048 at epoch 774
INFO - 01/31/26 08:53:20 - 0:20:45 - At 775-th epoch with lr 0.000454.
INFO - 01/31/26 08:53:21 - 0:20:46 - Running average train loss is 0.6668945097923279 at epoch 775
INFO - 01/31/26 08:53:21 - 0:20:46 - At 776-th epoch with lr 0.000454.
INFO - 01/31/26 08:53:23 - 0:20:48 - Running average train loss is 0.6666567015647888 at epoch 776
INFO - 01/31/26 08:53:23 - 0:20:48 - At 777-th epoch with lr 0.000454.
INFO - 01/31/26 08:53:24 - 0:20:49 - Running average train loss is 0.6666656708717347 at epoch 777
INFO - 01/31/26 08:53:24 - 0:20:49 - At 778-th epoch with lr 0.000453.
INFO - 01/31/26 08:53:26 - 0:20:51 - Running average train loss is 0.6669863080978393 at epoch 778
INFO - 01/31/26 08:53:26 - 0:20:51 - At 779-th epoch with lr 0.000453.
INFO - 01/31/26 08:53:28 - 0:20:52 - Running average train loss is 0.6665014100074768 at epoch 779
INFO - 01/31/26 08:53:28 - 0:20:52 - At 780-th epoch with lr 0.000453.
INFO - 01/31/26 08:53:29 - 0:20:54 - Running average train loss is 0.6667746210098267 at epoch 780
INFO - 01/31/26 08:53:29 - 0:20:54 - At 781-th epoch with lr 0.000453.
INFO - 01/31/26 08:53:31 - 0:20:56 - Running average train loss is 0.6667695784568787 at epoch 781
INFO - 01/31/26 08:53:31 - 0:20:56 - At 782-th epoch with lr 0.000452.
INFO - 01/31/26 08:53:32 - 0:20:57 - Running average train loss is 0.6663990783691406 at epoch 782
INFO - 01/31/26 08:53:32 - 0:20:57 - At 783-th epoch with lr 0.000452.
INFO - 01/31/26 08:53:34 - 0:20:59 - Running average train loss is 0.6665756082534791 at epoch 783
INFO - 01/31/26 08:53:34 - 0:20:59 - At 784-th epoch with lr 0.000452.
INFO - 01/31/26 08:53:35 - 0:21:00 - Running average train loss is 0.6666612887382507 at epoch 784
INFO - 01/31/26 08:53:35 - 0:21:00 - Average dev loss is 0.67422087987264 at epoch 784
INFO - 01/31/26 08:53:36 - 0:21:01 - dev accuracy is 99.8 at epoch 784
INFO - 01/31/26 08:53:36 - 0:21:01 - dev average edit distance is 0.002 at epoch 784
INFO - 01/31/26 08:53:36 - 0:21:01 - At 785-th epoch with lr 0.000451.
INFO - 01/31/26 08:53:37 - 0:21:02 - Running average train loss is 0.6666580057144165 at epoch 785
INFO - 01/31/26 08:53:37 - 0:21:02 - At 786-th epoch with lr 0.000451.
INFO - 01/31/26 08:53:39 - 0:21:04 - Running average train loss is 0.666543128490448 at epoch 786
INFO - 01/31/26 08:53:39 - 0:21:04 - At 787-th epoch with lr 0.000451.
INFO - 01/31/26 08:53:40 - 0:21:05 - Running average train loss is 0.6667569398880004 at epoch 787
INFO - 01/31/26 08:53:40 - 0:21:05 - At 788-th epoch with lr 0.000451.
INFO - 01/31/26 08:53:42 - 0:21:07 - Running average train loss is 0.6661397814750671 at epoch 788
INFO - 01/31/26 08:53:42 - 0:21:07 - At 789-th epoch with lr 0.000450.
INFO - 01/31/26 08:53:44 - 0:21:08 - Running average train loss is 0.6665912771224975 at epoch 789
INFO - 01/31/26 08:53:44 - 0:21:08 - At 790-th epoch with lr 0.000450.
INFO - 01/31/26 08:53:45 - 0:21:10 - Running average train loss is 0.6666175723075867 at epoch 790
INFO - 01/31/26 08:53:45 - 0:21:10 - At 791-th epoch with lr 0.000450.
INFO - 01/31/26 08:53:47 - 0:21:12 - Running average train loss is 0.6669892954826355 at epoch 791
INFO - 01/31/26 08:53:47 - 0:21:12 - At 792-th epoch with lr 0.000449.
INFO - 01/31/26 08:53:48 - 0:21:13 - Running average train loss is 0.666354570388794 at epoch 792
INFO - 01/31/26 08:53:48 - 0:21:13 - At 793-th epoch with lr 0.000449.
INFO - 01/31/26 08:53:50 - 0:21:15 - Running average train loss is 0.6666156435012818 at epoch 793
INFO - 01/31/26 08:53:50 - 0:21:15 - At 794-th epoch with lr 0.000449.
INFO - 01/31/26 08:53:51 - 0:21:16 - Running average train loss is 0.6665221977233887 at epoch 794
INFO - 01/31/26 08:53:51 - 0:21:16 - At 795-th epoch with lr 0.000449.
INFO - 01/31/26 08:53:53 - 0:21:18 - Running average train loss is 0.6665357422828674 at epoch 795
INFO - 01/31/26 08:53:53 - 0:21:18 - At 796-th epoch with lr 0.000448.
INFO - 01/31/26 08:53:54 - 0:21:19 - Running average train loss is 0.666242847442627 at epoch 796
INFO - 01/31/26 08:53:54 - 0:21:19 - At 797-th epoch with lr 0.000448.
INFO - 01/31/26 08:53:56 - 0:21:21 - Running average train loss is 0.6663852262496949 at epoch 797
INFO - 01/31/26 08:53:56 - 0:21:21 - At 798-th epoch with lr 0.000448.
INFO - 01/31/26 08:53:57 - 0:21:22 - Running average train loss is 0.6662993693351745 at epoch 798
INFO - 01/31/26 08:53:57 - 0:21:22 - At 799-th epoch with lr 0.000447.
INFO - 01/31/26 08:53:59 - 0:21:24 - Running average train loss is 0.6663686871528626 at epoch 799
INFO - 01/31/26 08:53:59 - 0:21:24 - Average dev loss is 0.6767533222834269 at epoch 799
INFO - 01/31/26 08:53:59 - 0:21:24 - dev accuracy is 99.3 at epoch 799
INFO - 01/31/26 08:53:59 - 0:21:24 - dev average edit distance is 0.011 at epoch 799
INFO - 01/31/26 08:53:59 - 0:21:24 - loading checkpoints/sig23/tagtransformer/klr.nll_0.6742.acc_99.8.dist_0.002.epoch_784 for testing
INFO - 01/31/26 08:53:59 - 0:21:24 - load model in checkpoints/sig23/tagtransformer/klr.nll_0.6742.acc_99.8.dist_0.002.epoch_784
INFO - 01/31/26 08:54:00 - 0:21:25 - Average dev loss is 0.67422087987264 at epoch -1
INFO - 01/31/26 08:54:00 - 0:21:25 - decoding dev set
INFO - 01/31/26 08:54:00 - 0:21:25 - finished decoding 1000 dev instance
INFO - 01/31/26 08:54:00 - 0:21:25 - DEV accuracy is 99.8 at epoch -1
INFO - 01/31/26 08:54:00 - 0:21:25 - DEV average edit distance is 0.002 at epoch -1
INFO - 01/31/26 08:54:00 - 0:21:25 - DEV klr acc 99.8 dist 0.002
INFO - 01/31/26 08:54:00 - 0:21:25 - Average test loss is 0.6766342123349508 at epoch -1
INFO - 01/31/26 08:54:00 - 0:21:25 - decoding test set
INFO - 01/31/26 08:54:01 - 0:21:26 - finished decoding 1000 test instance
INFO - 01/31/26 08:54:01 - 0:21:26 - TEST accuracy is 99.4 at epoch -1
INFO - 01/31/26 08:54:01 - 0:21:26 - TEST average edit distance is 0.006 at epoch -1
INFO - 01/31/26 08:54:01 - 0:21:26 - TEST klr acc 99.4 dist 0.006
