INFO - 01/12/26 17:57:12 - 0:00:00 - command line argument: seed - 0
INFO - 01/12/26 17:57:12 - 0:00:00 - command line argument: train - ['../../2023InflectionST/part1/data/mkd.trn']
INFO - 01/12/26 17:57:12 - 0:00:00 - command line argument: dev - ['../../2023InflectionST/part1/data/mkd.dev']
INFO - 01/12/26 17:57:12 - 0:00:00 - command line argument: test - ['../../2023InflectionST/part1/data/mkd.tst']
INFO - 01/12/26 17:57:12 - 0:00:00 - command line argument: model - 'checkpoints/sig23/tagtransformer/mkd'
INFO - 01/12/26 17:57:12 - 0:00:00 - command line argument: load - ''
INFO - 01/12/26 17:57:12 - 0:00:00 - command line argument: bs - 400
INFO - 01/12/26 17:57:12 - 0:00:00 - command line argument: epochs - 20
INFO - 01/12/26 17:57:12 - 0:00:00 - command line argument: max_steps - 20000
INFO - 01/12/26 17:57:12 - 0:00:00 - command line argument: warmup_steps - 4000
INFO - 01/12/26 17:57:12 - 0:00:00 - command line argument: total_eval - 50
INFO - 01/12/26 17:57:12 - 0:00:00 - command line argument: optimizer - <Optimizer.adam: 'adam'>
INFO - 01/12/26 17:57:12 - 0:00:00 - command line argument: scheduler - <Scheduler.warmupinvsqr: 'warmupinvsqr'>
INFO - 01/12/26 17:57:12 - 0:00:00 - command line argument: lr - 0.001
INFO - 01/12/26 17:57:12 - 0:00:00 - command line argument: min_lr - 1e-05
INFO - 01/12/26 17:57:12 - 0:00:00 - command line argument: momentum - 0.9
INFO - 01/12/26 17:57:12 - 0:00:00 - command line argument: beta1 - 0.9
INFO - 01/12/26 17:57:12 - 0:00:00 - command line argument: beta2 - 0.98
INFO - 01/12/26 17:57:12 - 0:00:00 - command line argument: estop - 1e-08
INFO - 01/12/26 17:57:12 - 0:00:00 - command line argument: cooldown - 0
INFO - 01/12/26 17:57:12 - 0:00:00 - command line argument: patience - 0
INFO - 01/12/26 17:57:12 - 0:00:00 - command line argument: discount_factor - 0.5
INFO - 01/12/26 17:57:12 - 0:00:00 - command line argument: max_norm - 1.0
INFO - 01/12/26 17:57:12 - 0:00:00 - command line argument: gpuid - [0]
INFO - 01/12/26 17:57:12 - 0:00:00 - command line argument: loglevel - 'info'
INFO - 01/12/26 17:57:12 - 0:00:00 - command line argument: saveall - False
INFO - 01/12/26 17:57:12 - 0:00:00 - command line argument: shuffle - True
INFO - 01/12/26 17:57:12 - 0:00:00 - command line argument: cleanup_anyway - True
INFO - 01/12/26 17:57:12 - 0:00:00 - command line argument: dataset - <Data.sigmorphon23task0: 'sigmorphon23task0'>
INFO - 01/12/26 17:57:12 - 0:00:00 - command line argument: max_seq_len - 128
INFO - 01/12/26 17:57:12 - 0:00:00 - command line argument: max_decode_len - 32
INFO - 01/12/26 17:57:12 - 0:00:00 - command line argument: decode_beam_size - 5
INFO - 01/12/26 17:57:12 - 0:00:00 - command line argument: init - ''
INFO - 01/12/26 17:57:12 - 0:00:00 - command line argument: dropout - 0.3
INFO - 01/12/26 17:57:12 - 0:00:00 - command line argument: embed_dim - 256
INFO - 01/12/26 17:57:12 - 0:00:00 - command line argument: nb_heads - 4
INFO - 01/12/26 17:57:12 - 0:00:00 - command line argument: src_layer - 4
INFO - 01/12/26 17:57:12 - 0:00:00 - command line argument: trg_layer - 4
INFO - 01/12/26 17:57:12 - 0:00:00 - command line argument: src_hs - 1024
INFO - 01/12/26 17:57:12 - 0:00:00 - command line argument: trg_hs - 1024
INFO - 01/12/26 17:57:12 - 0:00:00 - command line argument: label_smooth - 0.1
INFO - 01/12/26 17:57:12 - 0:00:00 - command line argument: tie_trg_embed - False
INFO - 01/12/26 17:57:12 - 0:00:00 - command line argument: arch - <Arch.tagtransformer: 'tagtransformer'>
INFO - 01/12/26 17:57:12 - 0:00:00 - command line argument: nb_sample - 2
INFO - 01/12/26 17:57:12 - 0:00:00 - command line argument: wid_siz - 11
INFO - 01/12/26 17:57:12 - 0:00:00 - command line argument: indtag - False
INFO - 01/12/26 17:57:12 - 0:00:00 - command line argument: decode - <Decode.greedy: 'greedy'>
INFO - 01/12/26 17:57:12 - 0:00:00 - command line argument: mono - False
INFO - 01/12/26 17:57:12 - 0:00:00 - command line argument: bestacc - True
INFO - 01/12/26 17:57:12 - 0:00:00 - src vocab size 76
INFO - 01/12/26 17:57:12 - 0:00:00 - trg vocab size 44
INFO - 01/12/26 17:57:12 - 0:00:00 - src vocab ['<PAD>', '<BOS>', '<EOS>', '<UNK>', ' ', 'a', 'j', 'o', 'Ј', 'А', 'Б', 'Р', 'С', 'а', 'б', 'в', 'г', 'д', 'е', 'ж', 'з', 'и', 'к', 'л', 'м', 'н', 'о', 'п', 'р', 'с', 'т', 'у', 'ф', 'х', 'ц', 'ч', 'ш', 'ѓ', 'ѕ', 'ј', 'љ', 'њ', 'ќ', 'џ', 'ADJ', 'DEF', 'FEM', 'IMP', 'INDF', 'IPFV', 'MASC', 'N', 'NEUT', 'NOM()', 'NOM-1', 'NOM-2', 'NOM-3', 'NOM-FEM', 'NOM-MASC', 'NOM-NEUT', 'NOM-PL', 'NOM-SG', 'PASS', 'PFV', 'PL', 'PROG', 'PROX', 'PRS', 'PST', 'REMT', 'SG', 'V', 'V.CVB', 'V.MSDR', 'V.PTCP', 'VOC']
INFO - 01/12/26 17:57:12 - 0:00:00 - trg vocab ['<PAD>', '<BOS>', '<EOS>', '<UNK>', ' ', 'a', 'j', 'o', 'Ј', 'А', 'Б', 'Р', 'С', 'а', 'б', 'в', 'г', 'д', 'е', 'ж', 'з', 'и', 'к', 'л', 'м', 'н', 'о', 'п', 'р', 'с', 'т', 'у', 'ф', 'х', 'ц', 'ч', 'ш', 'ѓ', 'ѕ', 'ј', 'љ', 'њ', 'ќ', 'џ']
INFO - 01/12/26 17:57:12 - 0:00:00 - model: TagTransformer(
                                       (src_embed): Embedding(76, 256, padding_idx=0)
                                       (trg_embed): Embedding(44, 256, padding_idx=0)
                                       (position_embed): SinusoidalPositionalEmbedding()
                                       (encoder): TransformerEncoder(
                                         (layers): ModuleList(
                                           (0): TransformerEncoderLayer(
                                             (self_attn): MultiheadAttention(
                                               (out_proj): _LinearWithBias(in_features=256, out_features=256, bias=True)
                                             )
                                             (linear1): Linear(in_features=256, out_features=1024, bias=True)
                                             (dropout): Dropout(p=0.3, inplace=False)
                                             (linear2): Linear(in_features=1024, out_features=256, bias=True)
                                             (norm1): LayerNorm((256,), eps=1e-05, elementwise_affine=True)
                                             (norm2): LayerNorm((256,), eps=1e-05, elementwise_affine=True)
                                             (activation_dropout): Dropout(p=0.3, inplace=False)
                                           )
                                           (1): TransformerEncoderLayer(
                                             (self_attn): MultiheadAttention(
                                               (out_proj): _LinearWithBias(in_features=256, out_features=256, bias=True)
                                             )
                                             (linear1): Linear(in_features=256, out_features=1024, bias=True)
                                             (dropout): Dropout(p=0.3, inplace=False)
                                             (linear2): Linear(in_features=1024, out_features=256, bias=True)
                                             (norm1): LayerNorm((256,), eps=1e-05, elementwise_affine=True)
                                             (norm2): LayerNorm((256,), eps=1e-05, elementwise_affine=True)
                                             (activation_dropout): Dropout(p=0.3, inplace=False)
                                           )
                                           (2): TransformerEncoderLayer(
                                             (self_attn): MultiheadAttention(
                                               (out_proj): _LinearWithBias(in_features=256, out_features=256, bias=True)
                                             )
                                             (linear1): Linear(in_features=256, out_features=1024, bias=True)
                                             (dropout): Dropout(p=0.3, inplace=False)
                                             (linear2): Linear(in_features=1024, out_features=256, bias=True)
                                             (norm1): LayerNorm((256,), eps=1e-05, elementwise_affine=True)
                                             (norm2): LayerNorm((256,), eps=1e-05, elementwise_affine=True)
                                             (activation_dropout): Dropout(p=0.3, inplace=False)
                                           )
                                           (3): TransformerEncoderLayer(
                                             (self_attn): MultiheadAttention(
                                               (out_proj): _LinearWithBias(in_features=256, out_features=256, bias=True)
                                             )
                                             (linear1): Linear(in_features=256, out_features=1024, bias=True)
                                             (dropout): Dropout(p=0.3, inplace=False)
                                             (linear2): Linear(in_features=1024, out_features=256, bias=True)
                                             (norm1): LayerNorm((256,), eps=1e-05, elementwise_affine=True)
                                             (norm2): LayerNorm((256,), eps=1e-05, elementwise_affine=True)
                                             (activation_dropout): Dropout(p=0.3, inplace=False)
                                           )
                                         )
                                         (norm): LayerNorm((256,), eps=1e-05, elementwise_affine=True)
                                       )
                                       (decoder): TransformerDecoder(
                                         (layers): ModuleList(
                                           (0): TransformerDecoderLayer(
                                             (self_attn): MultiheadAttention(
                                               (out_proj): _LinearWithBias(in_features=256, out_features=256, bias=True)
                                             )
                                             (multihead_attn): MultiheadAttention(
                                               (out_proj): _LinearWithBias(in_features=256, out_features=256, bias=True)
                                             )
                                             (linear1): Linear(in_features=256, out_features=1024, bias=True)
                                             (dropout): Dropout(p=0.3, inplace=False)
                                             (linear2): Linear(in_features=1024, out_features=256, bias=True)
                                             (norm1): LayerNorm((256,), eps=1e-05, elementwise_affine=True)
                                             (norm2): LayerNorm((256,), eps=1e-05, elementwise_affine=True)
                                             (norm3): LayerNorm((256,), eps=1e-05, elementwise_affine=True)
                                             (activation_dropout): Dropout(p=0.3, inplace=False)
                                           )
                                           (1): TransformerDecoderLayer(
                                             (self_attn): MultiheadAttention(
                                               (out_proj): _LinearWithBias(in_features=256, out_features=256, bias=True)
                                             )
                                             (multihead_attn): MultiheadAttention(
                                               (out_proj): _LinearWithBias(in_features=256, out_features=256, bias=True)
                                             )
                                             (linear1): Linear(in_features=256, out_features=1024, bias=True)
                                             (dropout): Dropout(p=0.3, inplace=False)
                                             (linear2): Linear(in_features=1024, out_features=256, bias=True)
                                             (norm1): LayerNorm((256,), eps=1e-05, elementwise_affine=True)
                                             (norm2): LayerNorm((256,), eps=1e-05, elementwise_affine=True)
                                             (norm3): LayerNorm((256,), eps=1e-05, elementwise_affine=True)
                                             (activation_dropout): Dropout(p=0.3, inplace=False)
                                           )
                                           (2): TransformerDecoderLayer(
                                             (self_attn): MultiheadAttention(
                                               (out_proj): _LinearWithBias(in_features=256, out_features=256, bias=True)
                                             )
                                             (multihead_attn): MultiheadAttention(
                                               (out_proj): _LinearWithBias(in_features=256, out_features=256, bias=True)
                                             )
                                             (linear1): Linear(in_features=256, out_features=1024, bias=True)
                                             (dropout): Dropout(p=0.3, inplace=False)
                                             (linear2): Linear(in_features=1024, out_features=256, bias=True)
                                             (norm1): LayerNorm((256,), eps=1e-05, elementwise_affine=True)
                                             (norm2): LayerNorm((256,), eps=1e-05, elementwise_affine=True)
                                             (norm3): LayerNorm((256,), eps=1e-05, elementwise_affine=True)
                                             (activation_dropout): Dropout(p=0.3, inplace=False)
                                           )
                                           (3): TransformerDecoderLayer(
                                             (self_attn): MultiheadAttention(
                                               (out_proj): _LinearWithBias(in_features=256, out_features=256, bias=True)
                                             )
                                             (multihead_attn): MultiheadAttention(
                                               (out_proj): _LinearWithBias(in_features=256, out_features=256, bias=True)
                                             )
                                             (linear1): Linear(in_features=256, out_features=1024, bias=True)
                                             (dropout): Dropout(p=0.3, inplace=False)
                                             (linear2): Linear(in_features=1024, out_features=256, bias=True)
                                             (norm1): LayerNorm((256,), eps=1e-05, elementwise_affine=True)
                                             (norm2): LayerNorm((256,), eps=1e-05, elementwise_affine=True)
                                             (norm3): LayerNorm((256,), eps=1e-05, elementwise_affine=True)
                                             (activation_dropout): Dropout(p=0.3, inplace=False)
                                           )
                                         )
                                         (norm): LayerNorm((256,), eps=1e-05, elementwise_affine=True)
                                       )
                                       (final_out): Linear(in_features=256, out_features=44, bias=True)
                                       (dropout): Dropout(p=0.3, inplace=False)
                                       (special_embeddings): Embedding(2, 256)
                                     )
INFO - 01/12/26 17:57:12 - 0:00:00 - number of parameter 7416364
INFO - 01/12/26 17:57:20 - 0:00:07 - maximum training 20000 steps (800 epochs)
INFO - 01/12/26 17:57:20 - 0:00:07 - evaluate every 16 epochs
INFO - 01/12/26 17:57:20 - 0:00:07 - At 0-th epoch with lr 0.000000.
INFO - 01/12/26 17:57:23 - 0:00:11 - Running average train loss is 4.593184890747071 at epoch 0
INFO - 01/12/26 17:57:23 - 0:00:11 - At 1-th epoch with lr 0.000006.
INFO - 01/12/26 17:57:26 - 0:00:13 - Running average train loss is 3.9490178871154784 at epoch 1
INFO - 01/12/26 17:57:26 - 0:00:13 - At 2-th epoch with lr 0.000013.
INFO - 01/12/26 17:57:28 - 0:00:15 - Running average train loss is 3.405170497894287 at epoch 2
INFO - 01/12/26 17:57:28 - 0:00:15 - At 3-th epoch with lr 0.000019.
INFO - 01/12/26 17:57:30 - 0:00:18 - Running average train loss is 3.146205244064331 at epoch 3
INFO - 01/12/26 17:57:30 - 0:00:18 - At 4-th epoch with lr 0.000025.
INFO - 01/12/26 17:57:32 - 0:00:20 - Running average train loss is 3.0060531806945803 at epoch 4
INFO - 01/12/26 17:57:32 - 0:00:20 - At 5-th epoch with lr 0.000031.
INFO - 01/12/26 17:57:34 - 0:00:22 - Running average train loss is 2.87080246925354 at epoch 5
INFO - 01/12/26 17:57:34 - 0:00:22 - At 6-th epoch with lr 0.000037.
INFO - 01/12/26 17:57:36 - 0:00:23 - Running average train loss is 2.7323684597015383 at epoch 6
INFO - 01/12/26 17:57:36 - 0:00:23 - At 7-th epoch with lr 0.000044.
INFO - 01/12/26 17:57:38 - 0:00:25 - Running average train loss is 2.5934079456329346 at epoch 7
INFO - 01/12/26 17:57:38 - 0:00:25 - At 8-th epoch with lr 0.000050.
INFO - 01/12/26 17:57:39 - 0:00:27 - Running average train loss is 2.4567680740356446 at epoch 8
INFO - 01/12/26 17:57:39 - 0:00:27 - At 9-th epoch with lr 0.000056.
INFO - 01/12/26 17:57:41 - 0:00:29 - Running average train loss is 2.3120853424072267 at epoch 9
INFO - 01/12/26 17:57:41 - 0:00:29 - At 10-th epoch with lr 0.000063.
INFO - 01/12/26 17:57:43 - 0:00:31 - Running average train loss is 2.149820671081543 at epoch 10
INFO - 01/12/26 17:57:43 - 0:00:31 - At 11-th epoch with lr 0.000069.
INFO - 01/12/26 17:57:45 - 0:00:33 - Running average train loss is 1.9814752864837646 at epoch 11
INFO - 01/12/26 17:57:45 - 0:00:33 - At 12-th epoch with lr 0.000075.
INFO - 01/12/26 17:57:47 - 0:00:34 - Running average train loss is 1.8296414279937745 at epoch 12
INFO - 01/12/26 17:57:47 - 0:00:34 - At 13-th epoch with lr 0.000081.
INFO - 01/12/26 17:57:48 - 0:00:36 - Running average train loss is 1.690550127029419 at epoch 13
INFO - 01/12/26 17:57:48 - 0:00:36 - At 14-th epoch with lr 0.000087.
INFO - 01/12/26 17:57:50 - 0:00:38 - Running average train loss is 1.5729306411743165 at epoch 14
INFO - 01/12/26 17:57:50 - 0:00:38 - At 15-th epoch with lr 0.000094.
INFO - 01/12/26 17:57:52 - 0:00:40 - Running average train loss is 1.4773669242858887 at epoch 15
INFO - 01/12/26 17:57:52 - 0:00:40 - At 16-th epoch with lr 0.000100.
INFO - 01/12/26 17:57:54 - 0:00:42 - Running average train loss is 1.3855851411819458 at epoch 16
INFO - 01/12/26 17:57:54 - 0:00:42 - Average dev loss is 1.1793568134307861 at epoch 16
INFO - 01/12/26 17:57:54 - 0:00:42 - dev accuracy is 36.8 at epoch 16
INFO - 01/12/26 17:57:54 - 0:00:42 - dev average edit distance is 1.252 at epoch 16
INFO - 01/12/26 17:57:55 - 0:00:42 - At 17-th epoch with lr 0.000106.
INFO - 01/12/26 17:57:56 - 0:00:44 - Running average train loss is 1.321826090812683 at epoch 17
INFO - 01/12/26 17:57:56 - 0:00:44 - At 18-th epoch with lr 0.000113.
INFO - 01/12/26 17:57:58 - 0:00:46 - Running average train loss is 1.2607003164291382 at epoch 18
INFO - 01/12/26 17:57:58 - 0:00:46 - At 19-th epoch with lr 0.000119.
INFO - 01/12/26 17:58:00 - 0:00:48 - Running average train loss is 1.208700466156006 at epoch 19
INFO - 01/12/26 17:58:00 - 0:00:48 - At 20-th epoch with lr 0.000125.
INFO - 01/12/26 17:58:02 - 0:00:50 - Running average train loss is 1.1600555992126464 at epoch 20
INFO - 01/12/26 17:58:02 - 0:00:50 - At 21-th epoch with lr 0.000131.
INFO - 01/12/26 17:58:04 - 0:00:51 - Running average train loss is 1.1203252458572388 at epoch 21
INFO - 01/12/26 17:58:04 - 0:00:51 - At 22-th epoch with lr 0.000138.
INFO - 01/12/26 17:58:05 - 0:00:53 - Running average train loss is 1.0895134162902833 at epoch 22
INFO - 01/12/26 17:58:05 - 0:00:53 - At 23-th epoch with lr 0.000144.
INFO - 01/12/26 17:58:07 - 0:00:55 - Running average train loss is 1.0589925050735474 at epoch 23
INFO - 01/12/26 17:58:07 - 0:00:55 - At 24-th epoch with lr 0.000150.
INFO - 01/12/26 17:58:09 - 0:00:57 - Running average train loss is 1.0307642030715942 at epoch 24
INFO - 01/12/26 17:58:09 - 0:00:57 - At 25-th epoch with lr 0.000156.
INFO - 01/12/26 17:58:11 - 0:00:59 - Running average train loss is 1.0098866510391236 at epoch 25
INFO - 01/12/26 17:58:11 - 0:00:59 - At 26-th epoch with lr 0.000163.
INFO - 01/12/26 17:58:13 - 0:01:00 - Running average train loss is 0.9861657452583313 at epoch 26
INFO - 01/12/26 17:58:13 - 0:01:00 - At 27-th epoch with lr 0.000169.
INFO - 01/12/26 17:58:15 - 0:01:02 - Running average train loss is 0.9666979360580444 at epoch 27
INFO - 01/12/26 17:58:15 - 0:01:02 - At 28-th epoch with lr 0.000175.
INFO - 01/12/26 17:58:16 - 0:01:04 - Running average train loss is 0.9472799015045166 at epoch 28
INFO - 01/12/26 17:58:16 - 0:01:04 - At 29-th epoch with lr 0.000181.
INFO - 01/12/26 17:58:18 - 0:01:06 - Running average train loss is 0.9319650053977966 at epoch 29
INFO - 01/12/26 17:58:18 - 0:01:06 - At 30-th epoch with lr 0.000188.
INFO - 01/12/26 17:58:20 - 0:01:08 - Running average train loss is 0.9158987998962402 at epoch 30
INFO - 01/12/26 17:58:20 - 0:01:08 - At 31-th epoch with lr 0.000194.
INFO - 01/12/26 17:58:22 - 0:01:10 - Running average train loss is 0.9029185080528259 at epoch 31
INFO - 01/12/26 17:58:22 - 0:01:10 - At 32-th epoch with lr 0.000200.
INFO - 01/12/26 17:58:24 - 0:01:11 - Running average train loss is 0.8904108047485352 at epoch 32
INFO - 01/12/26 17:58:24 - 0:01:11 - Average dev loss is 0.8894566893577576 at epoch 32
INFO - 01/12/26 17:58:24 - 0:01:12 - dev accuracy is 77.6 at epoch 32
INFO - 01/12/26 17:58:24 - 0:01:12 - dev average edit distance is 0.348 at epoch 32
INFO - 01/12/26 17:58:24 - 0:01:12 - At 33-th epoch with lr 0.000206.
INFO - 01/12/26 17:58:26 - 0:01:14 - Running average train loss is 0.8755223155021667 at epoch 33
INFO - 01/12/26 17:58:26 - 0:01:14 - At 34-th epoch with lr 0.000212.
INFO - 01/12/26 17:58:28 - 0:01:16 - Running average train loss is 0.8657370519638061 at epoch 34
INFO - 01/12/26 17:58:28 - 0:01:16 - At 35-th epoch with lr 0.000219.
INFO - 01/12/26 17:58:30 - 0:01:17 - Running average train loss is 0.8541689229011535 at epoch 35
INFO - 01/12/26 17:58:30 - 0:01:17 - At 36-th epoch with lr 0.000225.
INFO - 01/12/26 17:58:32 - 0:01:19 - Running average train loss is 0.8465451192855835 at epoch 36
INFO - 01/12/26 17:58:32 - 0:01:19 - At 37-th epoch with lr 0.000231.
INFO - 01/12/26 17:58:33 - 0:01:21 - Running average train loss is 0.8374873900413513 at epoch 37
INFO - 01/12/26 17:58:33 - 0:01:21 - At 38-th epoch with lr 0.000237.
INFO - 01/12/26 17:58:35 - 0:01:23 - Running average train loss is 0.8296046948432922 at epoch 38
INFO - 01/12/26 17:58:35 - 0:01:23 - At 39-th epoch with lr 0.000244.
INFO - 01/12/26 17:58:37 - 0:01:25 - Running average train loss is 0.821555712223053 at epoch 39
INFO - 01/12/26 17:58:37 - 0:01:25 - At 40-th epoch with lr 0.000250.
INFO - 01/12/26 17:58:39 - 0:01:26 - Running average train loss is 0.8138240098953247 at epoch 40
INFO - 01/12/26 17:58:39 - 0:01:26 - At 41-th epoch with lr 0.000256.
INFO - 01/12/26 17:58:41 - 0:01:28 - Running average train loss is 0.8067297649383545 at epoch 41
INFO - 01/12/26 17:58:41 - 0:01:28 - At 42-th epoch with lr 0.000263.
INFO - 01/12/26 17:58:42 - 0:01:30 - Running average train loss is 0.8010840916633606 at epoch 42
INFO - 01/12/26 17:58:42 - 0:01:30 - At 43-th epoch with lr 0.000269.
INFO - 01/12/26 17:58:44 - 0:01:32 - Running average train loss is 0.7949202370643615 at epoch 43
INFO - 01/12/26 17:58:44 - 0:01:32 - At 44-th epoch with lr 0.000275.
INFO - 01/12/26 17:58:46 - 0:01:34 - Running average train loss is 0.7902856063842774 at epoch 44
INFO - 01/12/26 17:58:46 - 0:01:34 - At 45-th epoch with lr 0.000281.
INFO - 01/12/26 17:58:48 - 0:01:36 - Running average train loss is 0.7843782997131348 at epoch 45
INFO - 01/12/26 17:58:48 - 0:01:36 - At 46-th epoch with lr 0.000287.
INFO - 01/12/26 17:58:50 - 0:01:38 - Running average train loss is 0.7796557998657226 at epoch 46
INFO - 01/12/26 17:58:50 - 0:01:38 - At 47-th epoch with lr 0.000294.
INFO - 01/12/26 17:58:52 - 0:01:40 - Running average train loss is 0.7746562957763672 at epoch 47
INFO - 01/12/26 17:58:52 - 0:01:40 - At 48-th epoch with lr 0.000300.
INFO - 01/12/26 17:58:54 - 0:01:42 - Running average train loss is 0.7697230434417724 at epoch 48
INFO - 01/12/26 17:58:54 - 0:01:42 - Average dev loss is 0.8071884115537008 at epoch 48
INFO - 01/12/26 17:58:54 - 0:01:42 - dev accuracy is 84.9 at epoch 48
INFO - 01/12/26 17:58:54 - 0:01:42 - dev average edit distance is 0.213 at epoch 48
INFO - 01/12/26 17:58:54 - 0:01:42 - At 49-th epoch with lr 0.000306.
INFO - 01/12/26 17:58:56 - 0:01:44 - Running average train loss is 0.7663433337211609 at epoch 49
INFO - 01/12/26 17:58:56 - 0:01:44 - At 50-th epoch with lr 0.000313.
INFO - 01/12/26 17:58:58 - 0:01:46 - Running average train loss is 0.7645744848251342 at epoch 50
INFO - 01/12/26 17:58:58 - 0:01:46 - At 51-th epoch with lr 0.000319.
INFO - 01/12/26 17:59:00 - 0:01:48 - Running average train loss is 0.7590409708023071 at epoch 51
INFO - 01/12/26 17:59:00 - 0:01:48 - At 52-th epoch with lr 0.000325.
INFO - 01/12/26 17:59:03 - 0:01:50 - Running average train loss is 0.7576515412330628 at epoch 52
INFO - 01/12/26 17:59:03 - 0:01:50 - At 53-th epoch with lr 0.000331.
INFO - 01/12/26 17:59:04 - 0:01:52 - Running average train loss is 0.7524817371368409 at epoch 53
INFO - 01/12/26 17:59:04 - 0:01:52 - At 54-th epoch with lr 0.000338.
INFO - 01/12/26 17:59:06 - 0:01:54 - Running average train loss is 0.7506602168083191 at epoch 54
INFO - 01/12/26 17:59:06 - 0:01:54 - At 55-th epoch with lr 0.000344.
INFO - 01/12/26 17:59:08 - 0:01:56 - Running average train loss is 0.7487152290344238 at epoch 55
INFO - 01/12/26 17:59:08 - 0:01:56 - At 56-th epoch with lr 0.000350.
INFO - 01/12/26 17:59:10 - 0:01:57 - Running average train loss is 0.745535991191864 at epoch 56
INFO - 01/12/26 17:59:10 - 0:01:57 - At 57-th epoch with lr 0.000356.
INFO - 01/12/26 17:59:12 - 0:01:59 - Running average train loss is 0.7445030641555787 at epoch 57
INFO - 01/12/26 17:59:12 - 0:01:59 - At 58-th epoch with lr 0.000362.
INFO - 01/12/26 17:59:14 - 0:02:01 - Running average train loss is 0.7409325838088989 at epoch 58
INFO - 01/12/26 17:59:14 - 0:02:01 - At 59-th epoch with lr 0.000369.
INFO - 01/12/26 17:59:16 - 0:02:03 - Running average train loss is 0.7390433049201965 at epoch 59
INFO - 01/12/26 17:59:16 - 0:02:03 - At 60-th epoch with lr 0.000375.
INFO - 01/12/26 17:59:17 - 0:02:05 - Running average train loss is 0.7361073565483093 at epoch 60
INFO - 01/12/26 17:59:17 - 0:02:05 - At 61-th epoch with lr 0.000381.
INFO - 01/12/26 17:59:19 - 0:02:07 - Running average train loss is 0.7355028247833252 at epoch 61
INFO - 01/12/26 17:59:19 - 0:02:07 - At 62-th epoch with lr 0.000388.
INFO - 01/12/26 17:59:21 - 0:02:09 - Running average train loss is 0.7329957509040832 at epoch 62
INFO - 01/12/26 17:59:21 - 0:02:09 - At 63-th epoch with lr 0.000394.
INFO - 01/12/26 17:59:23 - 0:02:11 - Running average train loss is 0.7307594871520996 at epoch 63
INFO - 01/12/26 17:59:23 - 0:02:11 - At 64-th epoch with lr 0.000400.
INFO - 01/12/26 17:59:25 - 0:02:13 - Running average train loss is 0.7323569869995117 at epoch 64
INFO - 01/12/26 17:59:25 - 0:02:13 - Average dev loss is 0.7646004756291708 at epoch 64
INFO - 01/12/26 17:59:26 - 0:02:13 - dev accuracy is 88.1 at epoch 64
INFO - 01/12/26 17:59:26 - 0:02:13 - dev average edit distance is 0.137 at epoch 64
INFO - 01/12/26 17:59:26 - 0:02:13 - At 65-th epoch with lr 0.000406.
INFO - 01/12/26 17:59:28 - 0:02:16 - Running average train loss is 0.73002525806427 at epoch 65
INFO - 01/12/26 17:59:28 - 0:02:16 - At 66-th epoch with lr 0.000412.
INFO - 01/12/26 17:59:30 - 0:02:18 - Running average train loss is 0.7283685994148255 at epoch 66
INFO - 01/12/26 17:59:30 - 0:02:18 - At 67-th epoch with lr 0.000419.
INFO - 01/12/26 17:59:32 - 0:02:20 - Running average train loss is 0.7265660905838013 at epoch 67
INFO - 01/12/26 17:59:32 - 0:02:20 - At 68-th epoch with lr 0.000425.
INFO - 01/12/26 17:59:34 - 0:02:22 - Running average train loss is 0.7274912834167481 at epoch 68
INFO - 01/12/26 17:59:34 - 0:02:22 - At 69-th epoch with lr 0.000431.
INFO - 01/12/26 17:59:36 - 0:02:24 - Running average train loss is 0.7253445529937744 at epoch 69
INFO - 01/12/26 17:59:36 - 0:02:24 - At 70-th epoch with lr 0.000438.
INFO - 01/12/26 17:59:38 - 0:02:25 - Running average train loss is 0.7236996626853943 at epoch 70
INFO - 01/12/26 17:59:38 - 0:02:25 - At 71-th epoch with lr 0.000444.
INFO - 01/12/26 17:59:39 - 0:02:27 - Running average train loss is 0.7221026515960693 at epoch 71
INFO - 01/12/26 17:59:39 - 0:02:27 - At 72-th epoch with lr 0.000450.
INFO - 01/12/26 17:59:41 - 0:02:29 - Running average train loss is 0.7213612747192383 at epoch 72
INFO - 01/12/26 17:59:41 - 0:02:29 - At 73-th epoch with lr 0.000456.
INFO - 01/12/26 17:59:43 - 0:02:31 - Running average train loss is 0.7214953637123108 at epoch 73
INFO - 01/12/26 17:59:43 - 0:02:31 - At 74-th epoch with lr 0.000463.
INFO - 01/12/26 17:59:45 - 0:02:33 - Running average train loss is 0.7214465808868408 at epoch 74
INFO - 01/12/26 17:59:45 - 0:02:33 - At 75-th epoch with lr 0.000469.
INFO - 01/12/26 17:59:47 - 0:02:34 - Running average train loss is 0.7200265526771545 at epoch 75
INFO - 01/12/26 17:59:47 - 0:02:34 - At 76-th epoch with lr 0.000475.
INFO - 01/12/26 17:59:49 - 0:02:36 - Running average train loss is 0.7182006740570068 at epoch 76
INFO - 01/12/26 17:59:49 - 0:02:36 - At 77-th epoch with lr 0.000481.
INFO - 01/12/26 17:59:50 - 0:02:38 - Running average train loss is 0.718784863948822 at epoch 77
INFO - 01/12/26 17:59:50 - 0:02:38 - At 78-th epoch with lr 0.000487.
INFO - 01/12/26 17:59:52 - 0:02:40 - Running average train loss is 0.7181059551239014 at epoch 78
INFO - 01/12/26 17:59:52 - 0:02:40 - At 79-th epoch with lr 0.000494.
INFO - 01/12/26 17:59:54 - 0:02:42 - Running average train loss is 0.7175982904434204 at epoch 79
INFO - 01/12/26 17:59:54 - 0:02:42 - At 80-th epoch with lr 0.000500.
INFO - 01/12/26 17:59:56 - 0:02:44 - Running average train loss is 0.7165598106384278 at epoch 80
INFO - 01/12/26 17:59:56 - 0:02:44 - Average dev loss is 0.7710688710212708 at epoch 80
INFO - 01/12/26 17:59:56 - 0:02:44 - dev accuracy is 88.4 at epoch 80
INFO - 01/12/26 17:59:56 - 0:02:44 - dev average edit distance is 0.117 at epoch 80
INFO - 01/12/26 17:59:56 - 0:02:44 - At 81-th epoch with lr 0.000506.
INFO - 01/12/26 17:59:58 - 0:02:46 - Running average train loss is 0.7170917558670044 at epoch 81
INFO - 01/12/26 17:59:58 - 0:02:46 - At 82-th epoch with lr 0.000512.
INFO - 01/12/26 18:00:00 - 0:02:48 - Running average train loss is 0.7164391493797302 at epoch 82
INFO - 01/12/26 18:00:00 - 0:02:48 - At 83-th epoch with lr 0.000519.
INFO - 01/12/26 18:00:02 - 0:02:50 - Running average train loss is 0.7139995765686035 at epoch 83
INFO - 01/12/26 18:00:02 - 0:02:50 - At 84-th epoch with lr 0.000525.
INFO - 01/12/26 18:00:04 - 0:02:51 - Running average train loss is 0.713050389289856 at epoch 84
INFO - 01/12/26 18:00:04 - 0:02:51 - At 85-th epoch with lr 0.000531.
INFO - 01/12/26 18:00:06 - 0:02:53 - Running average train loss is 0.7143442296981811 at epoch 85
INFO - 01/12/26 18:00:06 - 0:02:53 - At 86-th epoch with lr 0.000538.
INFO - 01/12/26 18:00:07 - 0:02:55 - Running average train loss is 0.713582227230072 at epoch 86
INFO - 01/12/26 18:00:07 - 0:02:55 - At 87-th epoch with lr 0.000544.
INFO - 01/12/26 18:00:09 - 0:02:57 - Running average train loss is 0.713480360507965 at epoch 87
INFO - 01/12/26 18:00:09 - 0:02:57 - At 88-th epoch with lr 0.000550.
INFO - 01/12/26 18:00:11 - 0:02:59 - Running average train loss is 0.7132717132568359 at epoch 88
INFO - 01/12/26 18:00:11 - 0:02:59 - At 89-th epoch with lr 0.000556.
INFO - 01/12/26 18:00:13 - 0:03:01 - Running average train loss is 0.7136093711853028 at epoch 89
INFO - 01/12/26 18:00:13 - 0:03:01 - At 90-th epoch with lr 0.000563.
INFO - 01/12/26 18:00:15 - 0:03:02 - Running average train loss is 0.7123483538627624 at epoch 90
INFO - 01/12/26 18:00:15 - 0:03:02 - At 91-th epoch with lr 0.000569.
INFO - 01/12/26 18:00:16 - 0:03:04 - Running average train loss is 0.7109829187393188 at epoch 91
INFO - 01/12/26 18:00:16 - 0:03:04 - At 92-th epoch with lr 0.000575.
INFO - 01/12/26 18:00:18 - 0:03:06 - Running average train loss is 0.7123391795158386 at epoch 92
INFO - 01/12/26 18:00:18 - 0:03:06 - At 93-th epoch with lr 0.000581.
INFO - 01/12/26 18:00:20 - 0:03:08 - Running average train loss is 0.7110933876037597 at epoch 93
INFO - 01/12/26 18:00:20 - 0:03:08 - At 94-th epoch with lr 0.000588.
INFO - 01/12/26 18:00:22 - 0:03:10 - Running average train loss is 0.7101437830924988 at epoch 94
INFO - 01/12/26 18:00:22 - 0:03:10 - At 95-th epoch with lr 0.000594.
INFO - 01/12/26 18:00:24 - 0:03:11 - Running average train loss is 0.7100787663459778 at epoch 95
INFO - 01/12/26 18:00:24 - 0:03:11 - At 96-th epoch with lr 0.000600.
INFO - 01/12/26 18:00:26 - 0:03:13 - Running average train loss is 0.710521731376648 at epoch 96
INFO - 01/12/26 18:00:26 - 0:03:13 - Average dev loss is 0.7671175003051758 at epoch 96
INFO - 01/12/26 18:00:26 - 0:03:14 - dev accuracy is 89.1 at epoch 96
INFO - 01/12/26 18:00:26 - 0:03:14 - dev average edit distance is 0.122 at epoch 96
INFO - 01/12/26 18:00:26 - 0:03:14 - At 97-th epoch with lr 0.000606.
INFO - 01/12/26 18:00:28 - 0:03:16 - Running average train loss is 0.7114732456207276 at epoch 97
INFO - 01/12/26 18:00:28 - 0:03:16 - At 98-th epoch with lr 0.000613.
INFO - 01/12/26 18:00:30 - 0:03:17 - Running average train loss is 0.7098747777938843 at epoch 98
INFO - 01/12/26 18:00:30 - 0:03:17 - At 99-th epoch with lr 0.000619.
INFO - 01/12/26 18:00:32 - 0:03:19 - Running average train loss is 0.7094594764709473 at epoch 99
INFO - 01/12/26 18:00:32 - 0:03:19 - At 100-th epoch with lr 0.000625.
INFO - 01/12/26 18:00:33 - 0:03:21 - Running average train loss is 0.7103571581840515 at epoch 100
INFO - 01/12/26 18:00:33 - 0:03:21 - At 101-th epoch with lr 0.000631.
INFO - 01/12/26 18:00:35 - 0:03:23 - Running average train loss is 0.7095002031326294 at epoch 101
INFO - 01/12/26 18:00:35 - 0:03:23 - At 102-th epoch with lr 0.000637.
INFO - 01/12/26 18:00:37 - 0:03:25 - Running average train loss is 0.7088057613372802 at epoch 102
INFO - 01/12/26 18:00:37 - 0:03:25 - At 103-th epoch with lr 0.000644.
INFO - 01/12/26 18:00:39 - 0:03:27 - Running average train loss is 0.7084447383880615 at epoch 103
INFO - 01/12/26 18:00:39 - 0:03:27 - At 104-th epoch with lr 0.000650.
INFO - 01/12/26 18:00:41 - 0:03:28 - Running average train loss is 0.7096592926979065 at epoch 104
INFO - 01/12/26 18:00:41 - 0:03:28 - At 105-th epoch with lr 0.000656.
INFO - 01/12/26 18:00:42 - 0:03:30 - Running average train loss is 0.7087827301025391 at epoch 105
INFO - 01/12/26 18:00:42 - 0:03:30 - At 106-th epoch with lr 0.000663.
INFO - 01/12/26 18:00:44 - 0:03:32 - Running average train loss is 0.7090661549568176 at epoch 106
INFO - 01/12/26 18:00:44 - 0:03:32 - At 107-th epoch with lr 0.000669.
INFO - 01/12/26 18:00:46 - 0:03:34 - Running average train loss is 0.7093850755691529 at epoch 107
INFO - 01/12/26 18:00:46 - 0:03:34 - At 108-th epoch with lr 0.000675.
INFO - 01/12/26 18:00:48 - 0:03:36 - Running average train loss is 0.7078305912017823 at epoch 108
INFO - 01/12/26 18:00:48 - 0:03:36 - At 109-th epoch with lr 0.000681.
INFO - 01/12/26 18:00:50 - 0:03:38 - Running average train loss is 0.7092113971710206 at epoch 109
INFO - 01/12/26 18:00:50 - 0:03:38 - At 110-th epoch with lr 0.000687.
INFO - 01/12/26 18:00:52 - 0:03:40 - Running average train loss is 0.7090050768852234 at epoch 110
INFO - 01/12/26 18:00:52 - 0:03:40 - At 111-th epoch with lr 0.000694.
INFO - 01/12/26 18:00:54 - 0:03:42 - Running average train loss is 0.7079776859283448 at epoch 111
INFO - 01/12/26 18:00:54 - 0:03:42 - At 112-th epoch with lr 0.000700.
INFO - 01/12/26 18:00:56 - 0:03:44 - Running average train loss is 0.7091265630722046 at epoch 112
INFO - 01/12/26 18:00:56 - 0:03:44 - Average dev loss is 0.7611800233523051 at epoch 112
INFO - 01/12/26 18:00:56 - 0:03:44 - dev accuracy is 90.0 at epoch 112
INFO - 01/12/26 18:00:56 - 0:03:44 - dev average edit distance is 0.11 at epoch 112
INFO - 01/12/26 18:00:56 - 0:03:44 - At 113-th epoch with lr 0.000706.
INFO - 01/12/26 18:00:58 - 0:03:46 - Running average train loss is 0.708803060054779 at epoch 113
INFO - 01/12/26 18:00:58 - 0:03:46 - At 114-th epoch with lr 0.000713.
INFO - 01/12/26 18:01:00 - 0:03:48 - Running average train loss is 0.7072669577598572 at epoch 114
INFO - 01/12/26 18:01:00 - 0:03:48 - At 115-th epoch with lr 0.000719.
INFO - 01/12/26 18:01:02 - 0:03:50 - Running average train loss is 0.7060953426361084 at epoch 115
INFO - 01/12/26 18:01:02 - 0:03:50 - At 116-th epoch with lr 0.000725.
INFO - 01/12/26 18:01:04 - 0:03:51 - Running average train loss is 0.7082620525360107 at epoch 116
INFO - 01/12/26 18:01:04 - 0:03:51 - At 117-th epoch with lr 0.000731.
INFO - 01/12/26 18:01:05 - 0:03:53 - Running average train loss is 0.708415904045105 at epoch 117
INFO - 01/12/26 18:01:05 - 0:03:53 - At 118-th epoch with lr 0.000738.
INFO - 01/12/26 18:01:07 - 0:03:55 - Running average train loss is 0.7078136730194092 at epoch 118
INFO - 01/12/26 18:01:07 - 0:03:55 - At 119-th epoch with lr 0.000744.
INFO - 01/12/26 18:01:09 - 0:03:57 - Running average train loss is 0.7058145356178284 at epoch 119
INFO - 01/12/26 18:01:09 - 0:03:57 - At 120-th epoch with lr 0.000750.
INFO - 01/12/26 18:01:12 - 0:03:59 - Running average train loss is 0.7068116068840027 at epoch 120
INFO - 01/12/26 18:01:12 - 0:03:59 - At 121-th epoch with lr 0.000756.
INFO - 01/12/26 18:01:14 - 0:04:01 - Running average train loss is 0.7071013355255127 at epoch 121
INFO - 01/12/26 18:01:14 - 0:04:01 - At 122-th epoch with lr 0.000762.
INFO - 01/12/26 18:01:16 - 0:04:03 - Running average train loss is 0.7063142657279968 at epoch 122
INFO - 01/12/26 18:01:16 - 0:04:03 - At 123-th epoch with lr 0.000769.
INFO - 01/12/26 18:01:17 - 0:04:05 - Running average train loss is 0.7065029144287109 at epoch 123
INFO - 01/12/26 18:01:17 - 0:04:05 - At 124-th epoch with lr 0.000775.
INFO - 01/12/26 18:01:19 - 0:04:07 - Running average train loss is 0.7062199950218201 at epoch 124
INFO - 01/12/26 18:01:19 - 0:04:07 - At 125-th epoch with lr 0.000781.
INFO - 01/12/26 18:01:21 - 0:04:09 - Running average train loss is 0.7077417039871216 at epoch 125
INFO - 01/12/26 18:01:21 - 0:04:09 - At 126-th epoch with lr 0.000788.
INFO - 01/12/26 18:01:23 - 0:04:11 - Running average train loss is 0.7075949001312256 at epoch 126
INFO - 01/12/26 18:01:23 - 0:04:11 - At 127-th epoch with lr 0.000794.
INFO - 01/12/26 18:01:25 - 0:04:12 - Running average train loss is 0.7071288108825684 at epoch 127
INFO - 01/12/26 18:01:25 - 0:04:12 - At 128-th epoch with lr 0.000800.
INFO - 01/12/26 18:01:26 - 0:04:14 - Running average train loss is 0.706466965675354 at epoch 128
INFO - 01/12/26 18:01:27 - 0:04:14 - Average dev loss is 0.7680437564849854 at epoch 128
INFO - 01/12/26 18:01:27 - 0:04:15 - dev accuracy is 90.1 at epoch 128
INFO - 01/12/26 18:01:27 - 0:04:15 - dev average edit distance is 0.105 at epoch 128
INFO - 01/12/26 18:01:27 - 0:04:15 - At 129-th epoch with lr 0.000806.
INFO - 01/12/26 18:01:29 - 0:04:17 - Running average train loss is 0.7061636686325073 at epoch 129
INFO - 01/12/26 18:01:29 - 0:04:17 - At 130-th epoch with lr 0.000813.
INFO - 01/12/26 18:01:31 - 0:04:18 - Running average train loss is 0.7070579624176025 at epoch 130
INFO - 01/12/26 18:01:31 - 0:04:18 - At 131-th epoch with lr 0.000819.
INFO - 01/12/26 18:01:33 - 0:04:20 - Running average train loss is 0.7053467750549316 at epoch 131
INFO - 01/12/26 18:01:33 - 0:04:20 - At 132-th epoch with lr 0.000825.
INFO - 01/12/26 18:01:34 - 0:04:22 - Running average train loss is 0.7057403326034546 at epoch 132
INFO - 01/12/26 18:01:34 - 0:04:22 - At 133-th epoch with lr 0.000831.
INFO - 01/12/26 18:01:36 - 0:04:24 - Running average train loss is 0.7047496652603149 at epoch 133
INFO - 01/12/26 18:01:36 - 0:04:24 - At 134-th epoch with lr 0.000838.
INFO - 01/12/26 18:01:38 - 0:04:26 - Running average train loss is 0.7085165691375732 at epoch 134
INFO - 01/12/26 18:01:38 - 0:04:26 - At 135-th epoch with lr 0.000844.
INFO - 01/12/26 18:01:40 - 0:04:28 - Running average train loss is 0.7065735101699829 at epoch 135
INFO - 01/12/26 18:01:40 - 0:04:28 - At 136-th epoch with lr 0.000850.
INFO - 01/12/26 18:01:42 - 0:04:29 - Running average train loss is 0.7061001682281494 at epoch 136
INFO - 01/12/26 18:01:42 - 0:04:29 - At 137-th epoch with lr 0.000856.
INFO - 01/12/26 18:01:43 - 0:04:31 - Running average train loss is 0.7078300738334655 at epoch 137
INFO - 01/12/26 18:01:43 - 0:04:31 - At 138-th epoch with lr 0.000863.
INFO - 01/12/26 18:01:45 - 0:04:33 - Running average train loss is 0.7059330058097839 at epoch 138
INFO - 01/12/26 18:01:45 - 0:04:33 - At 139-th epoch with lr 0.000869.
INFO - 01/12/26 18:01:47 - 0:04:35 - Running average train loss is 0.705020112991333 at epoch 139
INFO - 01/12/26 18:01:47 - 0:04:35 - At 140-th epoch with lr 0.000875.
INFO - 01/12/26 18:01:49 - 0:04:37 - Running average train loss is 0.7063172817230224 at epoch 140
INFO - 01/12/26 18:01:49 - 0:04:37 - At 141-th epoch with lr 0.000881.
INFO - 01/12/26 18:01:51 - 0:04:38 - Running average train loss is 0.7046070170402526 at epoch 141
INFO - 01/12/26 18:01:51 - 0:04:38 - At 142-th epoch with lr 0.000887.
INFO - 01/12/26 18:01:53 - 0:04:40 - Running average train loss is 0.7063203930854798 at epoch 142
INFO - 01/12/26 18:01:53 - 0:04:40 - At 143-th epoch with lr 0.000894.
INFO - 01/12/26 18:01:54 - 0:04:42 - Running average train loss is 0.7047412419319152 at epoch 143
INFO - 01/12/26 18:01:54 - 0:04:42 - At 144-th epoch with lr 0.000900.
INFO - 01/12/26 18:01:56 - 0:04:44 - Running average train loss is 0.7063815641403198 at epoch 144
INFO - 01/12/26 18:01:56 - 0:04:44 - Average dev loss is 0.7716718713442484 at epoch 144
INFO - 01/12/26 18:01:57 - 0:04:44 - dev accuracy is 90.2 at epoch 144
INFO - 01/12/26 18:01:57 - 0:04:44 - dev average edit distance is 0.115 at epoch 144
INFO - 01/12/26 18:01:57 - 0:04:45 - At 145-th epoch with lr 0.000906.
INFO - 01/12/26 18:01:59 - 0:04:46 - Running average train loss is 0.7059575271606445 at epoch 145
INFO - 01/12/26 18:01:59 - 0:04:46 - At 146-th epoch with lr 0.000913.
INFO - 01/12/26 18:02:00 - 0:04:48 - Running average train loss is 0.7091199612617493 at epoch 146
INFO - 01/12/26 18:02:00 - 0:04:48 - At 147-th epoch with lr 0.000919.
INFO - 01/12/26 18:02:02 - 0:04:50 - Running average train loss is 0.707128267288208 at epoch 147
INFO - 01/12/26 18:02:02 - 0:04:50 - At 148-th epoch with lr 0.000925.
INFO - 01/12/26 18:02:04 - 0:04:52 - Running average train loss is 0.7050351548194885 at epoch 148
INFO - 01/12/26 18:02:04 - 0:04:52 - At 149-th epoch with lr 0.000931.
INFO - 01/12/26 18:02:06 - 0:04:54 - Running average train loss is 0.7038297581672669 at epoch 149
INFO - 01/12/26 18:02:06 - 0:04:54 - At 150-th epoch with lr 0.000937.
INFO - 01/12/26 18:02:08 - 0:04:55 - Running average train loss is 0.705686559677124 at epoch 150
INFO - 01/12/26 18:02:08 - 0:04:55 - At 151-th epoch with lr 0.000944.
INFO - 01/12/26 18:02:10 - 0:04:57 - Running average train loss is 0.7066388273239136 at epoch 151
INFO - 01/12/26 18:02:10 - 0:04:57 - At 152-th epoch with lr 0.000950.
INFO - 01/12/26 18:02:11 - 0:04:59 - Running average train loss is 0.707879638671875 at epoch 152
INFO - 01/12/26 18:02:11 - 0:04:59 - At 153-th epoch with lr 0.000956.
INFO - 01/12/26 18:02:13 - 0:05:01 - Running average train loss is 0.7067585158348083 at epoch 153
INFO - 01/12/26 18:02:13 - 0:05:01 - At 154-th epoch with lr 0.000963.
INFO - 01/12/26 18:02:15 - 0:05:03 - Running average train loss is 0.7056972551345825 at epoch 154
INFO - 01/12/26 18:02:15 - 0:05:03 - At 155-th epoch with lr 0.000969.
INFO - 01/12/26 18:02:17 - 0:05:05 - Running average train loss is 0.7068224334716797 at epoch 155
INFO - 01/12/26 18:02:17 - 0:05:05 - At 156-th epoch with lr 0.000975.
INFO - 01/12/26 18:02:19 - 0:05:06 - Running average train loss is 0.7065883874893188 at epoch 156
INFO - 01/12/26 18:02:19 - 0:05:06 - At 157-th epoch with lr 0.000981.
INFO - 01/12/26 18:02:20 - 0:05:08 - Running average train loss is 0.7060650253295898 at epoch 157
INFO - 01/12/26 18:02:20 - 0:05:08 - At 158-th epoch with lr 0.000988.
INFO - 01/12/26 18:02:22 - 0:05:10 - Running average train loss is 0.7051756405830383 at epoch 158
INFO - 01/12/26 18:02:22 - 0:05:10 - At 159-th epoch with lr 0.000994.
INFO - 01/12/26 18:02:24 - 0:05:12 - Running average train loss is 0.7046097564697266 at epoch 159
INFO - 01/12/26 18:02:24 - 0:05:12 - At 160-th epoch with lr 0.001000.
INFO - 01/12/26 18:02:26 - 0:05:14 - Running average train loss is 0.7060618686676026 at epoch 160
INFO - 01/12/26 18:02:26 - 0:05:14 - Average dev loss is 0.779480516910553 at epoch 160
INFO - 01/12/26 18:02:26 - 0:05:14 - dev accuracy is 90.0 at epoch 160
INFO - 01/12/26 18:02:26 - 0:05:14 - dev average edit distance is 0.105 at epoch 160
INFO - 01/12/26 18:02:27 - 0:05:14 - At 161-th epoch with lr 0.000997.
INFO - 01/12/26 18:02:28 - 0:05:16 - Running average train loss is 0.706326642036438 at epoch 161
INFO - 01/12/26 18:02:28 - 0:05:16 - At 162-th epoch with lr 0.000994.
INFO - 01/12/26 18:02:30 - 0:05:18 - Running average train loss is 0.7074290633201599 at epoch 162
INFO - 01/12/26 18:02:30 - 0:05:18 - At 163-th epoch with lr 0.000991.
INFO - 01/12/26 18:02:32 - 0:05:20 - Running average train loss is 0.7073430180549621 at epoch 163
INFO - 01/12/26 18:02:32 - 0:05:20 - At 164-th epoch with lr 0.000988.
INFO - 01/12/26 18:02:34 - 0:05:22 - Running average train loss is 0.7077035975456237 at epoch 164
INFO - 01/12/26 18:02:34 - 0:05:22 - At 165-th epoch with lr 0.000985.
INFO - 01/12/26 18:02:36 - 0:05:23 - Running average train loss is 0.7058418679237366 at epoch 165
INFO - 01/12/26 18:02:36 - 0:05:23 - At 166-th epoch with lr 0.000982.
INFO - 01/12/26 18:02:38 - 0:05:25 - Running average train loss is 0.7045396828651428 at epoch 166
INFO - 01/12/26 18:02:38 - 0:05:25 - At 167-th epoch with lr 0.000979.
INFO - 01/12/26 18:02:39 - 0:05:27 - Running average train loss is 0.702773814201355 at epoch 167
INFO - 01/12/26 18:02:39 - 0:05:27 - At 168-th epoch with lr 0.000976.
INFO - 01/12/26 18:02:41 - 0:05:29 - Running average train loss is 0.7021716237068176 at epoch 168
INFO - 01/12/26 18:02:41 - 0:05:29 - At 169-th epoch with lr 0.000973.
INFO - 01/12/26 18:02:43 - 0:05:31 - Running average train loss is 0.7029872632026672 at epoch 169
INFO - 01/12/26 18:02:43 - 0:05:31 - At 170-th epoch with lr 0.000970.
INFO - 01/12/26 18:02:45 - 0:05:33 - Running average train loss is 0.7033004570007324 at epoch 170
INFO - 01/12/26 18:02:45 - 0:05:33 - At 171-th epoch with lr 0.000967.
INFO - 01/12/26 18:02:47 - 0:05:34 - Running average train loss is 0.7036853218078614 at epoch 171
INFO - 01/12/26 18:02:47 - 0:05:34 - At 172-th epoch with lr 0.000964.
INFO - 01/12/26 18:02:48 - 0:05:36 - Running average train loss is 0.703122935295105 at epoch 172
INFO - 01/12/26 18:02:48 - 0:05:36 - At 173-th epoch with lr 0.000962.
INFO - 01/12/26 18:02:50 - 0:05:38 - Running average train loss is 0.7045508646965026 at epoch 173
INFO - 01/12/26 18:02:50 - 0:05:38 - At 174-th epoch with lr 0.000959.
INFO - 01/12/26 18:02:52 - 0:05:40 - Running average train loss is 0.704853413105011 at epoch 174
INFO - 01/12/26 18:02:52 - 0:05:40 - At 175-th epoch with lr 0.000956.
INFO - 01/12/26 18:02:54 - 0:05:42 - Running average train loss is 0.7036561131477356 at epoch 175
INFO - 01/12/26 18:02:54 - 0:05:42 - At 176-th epoch with lr 0.000953.
INFO - 01/12/26 18:02:56 - 0:05:43 - Running average train loss is 0.7021984481811523 at epoch 176
INFO - 01/12/26 18:02:56 - 0:05:43 - Average dev loss is 0.7571569681167603 at epoch 176
INFO - 01/12/26 18:02:56 - 0:05:44 - dev accuracy is 90.2 at epoch 176
INFO - 01/12/26 18:02:56 - 0:05:44 - dev average edit distance is 0.106 at epoch 176
INFO - 01/12/26 18:02:56 - 0:05:44 - At 177-th epoch with lr 0.000951.
INFO - 01/12/26 18:02:58 - 0:05:46 - Running average train loss is 0.7025057291984558 at epoch 177
INFO - 01/12/26 18:02:58 - 0:05:46 - At 178-th epoch with lr 0.000948.
INFO - 01/12/26 18:03:00 - 0:05:48 - Running average train loss is 0.7020043659210206 at epoch 178
INFO - 01/12/26 18:03:00 - 0:05:48 - At 179-th epoch with lr 0.000945.
INFO - 01/12/26 18:03:02 - 0:05:50 - Running average train loss is 0.7024453973770142 at epoch 179
INFO - 01/12/26 18:03:02 - 0:05:50 - At 180-th epoch with lr 0.000943.
INFO - 01/12/26 18:03:04 - 0:05:51 - Running average train loss is 0.7039360046386719 at epoch 180
INFO - 01/12/26 18:03:04 - 0:05:51 - At 181-th epoch with lr 0.000940.
INFO - 01/12/26 18:03:05 - 0:05:53 - Running average train loss is 0.7035323739051819 at epoch 181
INFO - 01/12/26 18:03:05 - 0:05:53 - At 182-th epoch with lr 0.000938.
INFO - 01/12/26 18:03:07 - 0:05:55 - Running average train loss is 0.7024258995056152 at epoch 182
INFO - 01/12/26 18:03:07 - 0:05:55 - At 183-th epoch with lr 0.000935.
INFO - 01/12/26 18:03:09 - 0:05:57 - Running average train loss is 0.7023758316040039 at epoch 183
INFO - 01/12/26 18:03:09 - 0:05:57 - At 184-th epoch with lr 0.000933.
INFO - 01/12/26 18:03:11 - 0:05:59 - Running average train loss is 0.7018941402435303 at epoch 184
INFO - 01/12/26 18:03:11 - 0:05:59 - At 185-th epoch with lr 0.000930.
INFO - 01/12/26 18:03:13 - 0:06:00 - Running average train loss is 0.701532998085022 at epoch 185
INFO - 01/12/26 18:03:13 - 0:06:00 - At 186-th epoch with lr 0.000927.
INFO - 01/12/26 18:03:15 - 0:06:02 - Running average train loss is 0.7011654710769654 at epoch 186
INFO - 01/12/26 18:03:15 - 0:06:02 - At 187-th epoch with lr 0.000925.
INFO - 01/12/26 18:03:16 - 0:06:04 - Running average train loss is 0.7014688396453858 at epoch 187
INFO - 01/12/26 18:03:16 - 0:06:04 - At 188-th epoch with lr 0.000923.
INFO - 01/12/26 18:03:18 - 0:06:06 - Running average train loss is 0.7014008474349975 at epoch 188
INFO - 01/12/26 18:03:18 - 0:06:06 - At 189-th epoch with lr 0.000920.
INFO - 01/12/26 18:03:20 - 0:06:08 - Running average train loss is 0.7026750445365906 at epoch 189
INFO - 01/12/26 18:03:20 - 0:06:08 - At 190-th epoch with lr 0.000918.
INFO - 01/12/26 18:03:22 - 0:06:10 - Running average train loss is 0.7026658391952515 at epoch 190
INFO - 01/12/26 18:03:22 - 0:06:10 - At 191-th epoch with lr 0.000915.
INFO - 01/12/26 18:03:24 - 0:06:11 - Running average train loss is 0.7014351534843445 at epoch 191
INFO - 01/12/26 18:03:24 - 0:06:11 - At 192-th epoch with lr 0.000913.
INFO - 01/12/26 18:03:25 - 0:06:13 - Running average train loss is 0.7015770435333252 at epoch 192
INFO - 01/12/26 18:03:25 - 0:06:13 - Average dev loss is 0.7754153609275818 at epoch 192
INFO - 01/12/26 18:03:26 - 0:06:14 - dev accuracy is 88.4 at epoch 192
INFO - 01/12/26 18:03:26 - 0:06:14 - dev average edit distance is 0.128 at epoch 192
INFO - 01/12/26 18:03:26 - 0:06:14 - At 193-th epoch with lr 0.000911.
INFO - 01/12/26 18:03:28 - 0:06:16 - Running average train loss is 0.7002965712547302 at epoch 193
INFO - 01/12/26 18:03:28 - 0:06:16 - At 194-th epoch with lr 0.000908.
INFO - 01/12/26 18:03:30 - 0:06:17 - Running average train loss is 0.7006537175178528 at epoch 194
INFO - 01/12/26 18:03:30 - 0:06:17 - At 195-th epoch with lr 0.000906.
INFO - 01/12/26 18:03:32 - 0:06:19 - Running average train loss is 0.7013220739364624 at epoch 195
INFO - 01/12/26 18:03:32 - 0:06:19 - At 196-th epoch with lr 0.000904.
INFO - 01/12/26 18:03:33 - 0:06:21 - Running average train loss is 0.699829387664795 at epoch 196
INFO - 01/12/26 18:03:33 - 0:06:21 - At 197-th epoch with lr 0.000901.
INFO - 01/12/26 18:03:35 - 0:06:23 - Running average train loss is 0.6997690463066101 at epoch 197
INFO - 01/12/26 18:03:35 - 0:06:23 - At 198-th epoch with lr 0.000899.
INFO - 01/12/26 18:03:37 - 0:06:25 - Running average train loss is 0.699854621887207 at epoch 198
INFO - 01/12/26 18:03:37 - 0:06:25 - At 199-th epoch with lr 0.000897.
INFO - 01/12/26 18:03:39 - 0:06:27 - Running average train loss is 0.7007395100593566 at epoch 199
INFO - 01/12/26 18:03:39 - 0:06:27 - At 200-th epoch with lr 0.000894.
INFO - 01/12/26 18:03:41 - 0:06:28 - Running average train loss is 0.7027180337905884 at epoch 200
INFO - 01/12/26 18:03:41 - 0:06:28 - At 201-th epoch with lr 0.000892.
INFO - 01/12/26 18:03:43 - 0:06:30 - Running average train loss is 0.6997241258621216 at epoch 201
INFO - 01/12/26 18:03:43 - 0:06:30 - At 202-th epoch with lr 0.000890.
INFO - 01/12/26 18:03:44 - 0:06:32 - Running average train loss is 0.7008095407485961 at epoch 202
INFO - 01/12/26 18:03:44 - 0:06:32 - At 203-th epoch with lr 0.000888.
INFO - 01/12/26 18:03:46 - 0:06:34 - Running average train loss is 0.6989717435836792 at epoch 203
INFO - 01/12/26 18:03:46 - 0:06:34 - At 204-th epoch with lr 0.000886.
INFO - 01/12/26 18:03:48 - 0:06:36 - Running average train loss is 0.7005544137954712 at epoch 204
INFO - 01/12/26 18:03:48 - 0:06:36 - At 205-th epoch with lr 0.000883.
INFO - 01/12/26 18:03:50 - 0:06:38 - Running average train loss is 0.6998207521438599 at epoch 205
INFO - 01/12/26 18:03:50 - 0:06:38 - At 206-th epoch with lr 0.000881.
INFO - 01/12/26 18:03:52 - 0:06:39 - Running average train loss is 0.6991818046569824 at epoch 206
INFO - 01/12/26 18:03:52 - 0:06:39 - At 207-th epoch with lr 0.000879.
INFO - 01/12/26 18:03:54 - 0:06:41 - Running average train loss is 0.6987762689590454 at epoch 207
INFO - 01/12/26 18:03:54 - 0:06:41 - At 208-th epoch with lr 0.000877.
INFO - 01/12/26 18:03:55 - 0:06:43 - Running average train loss is 0.6998976254463196 at epoch 208
INFO - 01/12/26 18:03:55 - 0:06:43 - Average dev loss is 0.7641187310218811 at epoch 208
INFO - 01/12/26 18:03:56 - 0:06:44 - dev accuracy is 90.4 at epoch 208
INFO - 01/12/26 18:03:56 - 0:06:44 - dev average edit distance is 0.114 at epoch 208
INFO - 01/12/26 18:03:56 - 0:06:44 - At 209-th epoch with lr 0.000875.
INFO - 01/12/26 18:03:58 - 0:06:46 - Running average train loss is 0.701544816493988 at epoch 209
INFO - 01/12/26 18:03:58 - 0:06:46 - At 210-th epoch with lr 0.000873.
INFO - 01/12/26 18:04:00 - 0:06:47 - Running average train loss is 0.7000775647163391 at epoch 210
INFO - 01/12/26 18:04:00 - 0:06:47 - At 211-th epoch with lr 0.000871.
INFO - 01/12/26 18:04:01 - 0:06:49 - Running average train loss is 0.700761125087738 at epoch 211
INFO - 01/12/26 18:04:01 - 0:06:49 - At 212-th epoch with lr 0.000869.
INFO - 01/12/26 18:04:03 - 0:06:51 - Running average train loss is 0.6989816451072692 at epoch 212
INFO - 01/12/26 18:04:03 - 0:06:51 - At 213-th epoch with lr 0.000867.
INFO - 01/12/26 18:04:05 - 0:06:53 - Running average train loss is 0.6991067504882813 at epoch 213
INFO - 01/12/26 18:04:05 - 0:06:53 - At 214-th epoch with lr 0.000865.
INFO - 01/12/26 18:04:07 - 0:06:55 - Running average train loss is 0.6987319350242615 at epoch 214
INFO - 01/12/26 18:04:07 - 0:06:55 - At 215-th epoch with lr 0.000863.
INFO - 01/12/26 18:04:09 - 0:06:56 - Running average train loss is 0.6992970705032349 at epoch 215
INFO - 01/12/26 18:04:09 - 0:06:56 - At 216-th epoch with lr 0.000861.
INFO - 01/12/26 18:04:11 - 0:06:58 - Running average train loss is 0.6996395134925842 at epoch 216
INFO - 01/12/26 18:04:11 - 0:06:58 - At 217-th epoch with lr 0.000859.
INFO - 01/12/26 18:04:12 - 0:07:00 - Running average train loss is 0.6984493184089661 at epoch 217
INFO - 01/12/26 18:04:12 - 0:07:00 - At 218-th epoch with lr 0.000857.
INFO - 01/12/26 18:04:14 - 0:07:02 - Running average train loss is 0.6986953830718994 at epoch 218
INFO - 01/12/26 18:04:14 - 0:07:02 - At 219-th epoch with lr 0.000855.
INFO - 01/12/26 18:04:16 - 0:07:04 - Running average train loss is 0.69845782995224 at epoch 219
INFO - 01/12/26 18:04:16 - 0:07:04 - At 220-th epoch with lr 0.000853.
INFO - 01/12/26 18:04:18 - 0:07:06 - Running average train loss is 0.6982583093643189 at epoch 220
INFO - 01/12/26 18:04:18 - 0:07:06 - At 221-th epoch with lr 0.000851.
INFO - 01/12/26 18:04:20 - 0:07:07 - Running average train loss is 0.6981132197380066 at epoch 221
INFO - 01/12/26 18:04:20 - 0:07:07 - At 222-th epoch with lr 0.000849.
INFO - 01/12/26 18:04:21 - 0:07:09 - Running average train loss is 0.6992730331420899 at epoch 222
INFO - 01/12/26 18:04:21 - 0:07:09 - At 223-th epoch with lr 0.000847.
INFO - 01/12/26 18:04:23 - 0:07:11 - Running average train loss is 0.6974180150032043 at epoch 223
INFO - 01/12/26 18:04:23 - 0:07:11 - At 224-th epoch with lr 0.000845.
INFO - 01/12/26 18:04:25 - 0:07:13 - Running average train loss is 0.6974604201316833 at epoch 224
INFO - 01/12/26 18:04:25 - 0:07:13 - Average dev loss is 0.7691322763760885 at epoch 224
INFO - 01/12/26 18:04:26 - 0:07:14 - dev accuracy is 91.3 at epoch 224
INFO - 01/12/26 18:04:26 - 0:07:14 - dev average edit distance is 0.107 at epoch 224
INFO - 01/12/26 18:04:26 - 0:07:14 - At 225-th epoch with lr 0.000843.
INFO - 01/12/26 18:04:28 - 0:07:15 - Running average train loss is 0.6979283690452576 at epoch 225
INFO - 01/12/26 18:04:28 - 0:07:15 - At 226-th epoch with lr 0.000841.
INFO - 01/12/26 18:04:30 - 0:07:17 - Running average train loss is 0.6984786558151245 at epoch 226
INFO - 01/12/26 18:04:30 - 0:07:17 - At 227-th epoch with lr 0.000840.
INFO - 01/12/26 18:04:31 - 0:07:19 - Running average train loss is 0.6983029580116272 at epoch 227
INFO - 01/12/26 18:04:31 - 0:07:19 - At 228-th epoch with lr 0.000838.
INFO - 01/12/26 18:04:33 - 0:07:21 - Running average train loss is 0.6988536238670349 at epoch 228
INFO - 01/12/26 18:04:33 - 0:07:21 - At 229-th epoch with lr 0.000836.
INFO - 01/12/26 18:04:35 - 0:07:23 - Running average train loss is 0.6980760884284973 at epoch 229
INFO - 01/12/26 18:04:35 - 0:07:23 - At 230-th epoch with lr 0.000834.
INFO - 01/12/26 18:04:37 - 0:07:25 - Running average train loss is 0.6980640316009521 at epoch 230
INFO - 01/12/26 18:04:37 - 0:07:25 - At 231-th epoch with lr 0.000832.
INFO - 01/12/26 18:04:39 - 0:07:26 - Running average train loss is 0.6981981086730957 at epoch 231
INFO - 01/12/26 18:04:39 - 0:07:26 - At 232-th epoch with lr 0.000830.
INFO - 01/12/26 18:04:40 - 0:07:28 - Running average train loss is 0.6977938556671143 at epoch 232
INFO - 01/12/26 18:04:40 - 0:07:28 - At 233-th epoch with lr 0.000829.
INFO - 01/12/26 18:04:42 - 0:07:30 - Running average train loss is 0.6978431963920593 at epoch 233
INFO - 01/12/26 18:04:42 - 0:07:30 - At 234-th epoch with lr 0.000827.
INFO - 01/12/26 18:04:44 - 0:07:32 - Running average train loss is 0.6978694128990174 at epoch 234
INFO - 01/12/26 18:04:44 - 0:07:32 - At 235-th epoch with lr 0.000825.
INFO - 01/12/26 18:04:46 - 0:07:34 - Running average train loss is 0.6973228073120117 at epoch 235
INFO - 01/12/26 18:04:46 - 0:07:34 - At 236-th epoch with lr 0.000823.
INFO - 01/12/26 18:04:48 - 0:07:35 - Running average train loss is 0.6994988369941711 at epoch 236
INFO - 01/12/26 18:04:48 - 0:07:35 - At 237-th epoch with lr 0.000822.
INFO - 01/12/26 18:04:50 - 0:07:37 - Running average train loss is 0.6975002813339234 at epoch 237
INFO - 01/12/26 18:04:50 - 0:07:37 - At 238-th epoch with lr 0.000820.
INFO - 01/12/26 18:04:51 - 0:07:39 - Running average train loss is 0.6972089529037475 at epoch 238
INFO - 01/12/26 18:04:51 - 0:07:39 - At 239-th epoch with lr 0.000818.
INFO - 01/12/26 18:04:53 - 0:07:41 - Running average train loss is 0.6956985116004943 at epoch 239
INFO - 01/12/26 18:04:53 - 0:07:41 - At 240-th epoch with lr 0.000816.
INFO - 01/12/26 18:04:55 - 0:07:43 - Running average train loss is 0.6973305034637451 at epoch 240
INFO - 01/12/26 18:04:55 - 0:07:43 - Average dev loss is 0.7707273960113525 at epoch 240
INFO - 01/12/26 18:04:56 - 0:07:43 - dev accuracy is 90.8 at epoch 240
INFO - 01/12/26 18:04:56 - 0:07:43 - dev average edit distance is 0.097 at epoch 240
INFO - 01/12/26 18:04:56 - 0:07:43 - At 241-th epoch with lr 0.000815.
INFO - 01/12/26 18:04:58 - 0:07:45 - Running average train loss is 0.698336546421051 at epoch 241
INFO - 01/12/26 18:04:58 - 0:07:45 - At 242-th epoch with lr 0.000813.
INFO - 01/12/26 18:04:59 - 0:07:47 - Running average train loss is 0.6983147478103637 at epoch 242
INFO - 01/12/26 18:04:59 - 0:07:47 - At 243-th epoch with lr 0.000811.
INFO - 01/12/26 18:05:01 - 0:07:49 - Running average train loss is 0.6980195307731628 at epoch 243
INFO - 01/12/26 18:05:01 - 0:07:49 - At 244-th epoch with lr 0.000810.
INFO - 01/12/26 18:05:03 - 0:07:51 - Running average train loss is 0.6966457533836364 at epoch 244
INFO - 01/12/26 18:05:03 - 0:07:51 - At 245-th epoch with lr 0.000808.
INFO - 01/12/26 18:05:05 - 0:07:52 - Running average train loss is 0.696256377696991 at epoch 245
INFO - 01/12/26 18:05:05 - 0:07:52 - At 246-th epoch with lr 0.000806.
INFO - 01/12/26 18:05:07 - 0:07:54 - Running average train loss is 0.69760644197464 at epoch 246
INFO - 01/12/26 18:05:07 - 0:07:54 - At 247-th epoch with lr 0.000805.
INFO - 01/12/26 18:05:08 - 0:07:56 - Running average train loss is 0.6973684096336364 at epoch 247
INFO - 01/12/26 18:05:08 - 0:07:56 - At 248-th epoch with lr 0.000803.
INFO - 01/12/26 18:05:10 - 0:07:58 - Running average train loss is 0.6976825523376465 at epoch 248
INFO - 01/12/26 18:05:10 - 0:07:58 - At 249-th epoch with lr 0.000802.
INFO - 01/12/26 18:05:12 - 0:08:00 - Running average train loss is 0.697212097644806 at epoch 249
INFO - 01/12/26 18:05:12 - 0:08:00 - At 250-th epoch with lr 0.000800.
INFO - 01/12/26 18:05:14 - 0:08:02 - Running average train loss is 0.6971160650253296 at epoch 250
INFO - 01/12/26 18:05:14 - 0:08:02 - At 251-th epoch with lr 0.000798.
INFO - 01/12/26 18:05:16 - 0:08:03 - Running average train loss is 0.6979089593887329 at epoch 251
INFO - 01/12/26 18:05:16 - 0:08:03 - At 252-th epoch with lr 0.000797.
INFO - 01/12/26 18:05:17 - 0:08:05 - Running average train loss is 0.6974034833908082 at epoch 252
INFO - 01/12/26 18:05:17 - 0:08:05 - At 253-th epoch with lr 0.000795.
INFO - 01/12/26 18:05:19 - 0:08:07 - Running average train loss is 0.6971759629249573 at epoch 253
INFO - 01/12/26 18:05:19 - 0:08:07 - At 254-th epoch with lr 0.000794.
INFO - 01/12/26 18:05:21 - 0:08:09 - Running average train loss is 0.6958712124824524 at epoch 254
INFO - 01/12/26 18:05:21 - 0:08:09 - At 255-th epoch with lr 0.000792.
INFO - 01/12/26 18:05:23 - 0:08:11 - Running average train loss is 0.6972785758972168 at epoch 255
INFO - 01/12/26 18:05:23 - 0:08:11 - At 256-th epoch with lr 0.000791.
INFO - 01/12/26 18:05:25 - 0:08:12 - Running average train loss is 0.6972173261642456 at epoch 256
INFO - 01/12/26 18:05:25 - 0:08:12 - Average dev loss is 0.7655785878499349 at epoch 256
INFO - 01/12/26 18:05:25 - 0:08:13 - dev accuracy is 89.7 at epoch 256
INFO - 01/12/26 18:05:25 - 0:08:13 - dev average edit distance is 0.115 at epoch 256
INFO - 01/12/26 18:05:25 - 0:08:13 - At 257-th epoch with lr 0.000789.
INFO - 01/12/26 18:05:27 - 0:08:15 - Running average train loss is 0.6965522623062134 at epoch 257
INFO - 01/12/26 18:05:27 - 0:08:15 - At 258-th epoch with lr 0.000787.
INFO - 01/12/26 18:05:29 - 0:08:17 - Running average train loss is 0.6963055658340455 at epoch 258
INFO - 01/12/26 18:05:29 - 0:08:17 - At 259-th epoch with lr 0.000786.
INFO - 01/12/26 18:05:31 - 0:08:19 - Running average train loss is 0.6965961956977844 at epoch 259
INFO - 01/12/26 18:05:31 - 0:08:19 - At 260-th epoch with lr 0.000784.
INFO - 01/12/26 18:05:33 - 0:08:21 - Running average train loss is 0.6964557528495788 at epoch 260
INFO - 01/12/26 18:05:33 - 0:08:21 - At 261-th epoch with lr 0.000783.
INFO - 01/12/26 18:05:35 - 0:08:23 - Running average train loss is 0.6966755700111389 at epoch 261
INFO - 01/12/26 18:05:35 - 0:08:23 - At 262-th epoch with lr 0.000781.
INFO - 01/12/26 18:05:37 - 0:08:25 - Running average train loss is 0.6966760063171387 at epoch 262
INFO - 01/12/26 18:05:37 - 0:08:25 - At 263-th epoch with lr 0.000780.
INFO - 01/12/26 18:05:39 - 0:08:26 - Running average train loss is 0.6957328176498413 at epoch 263
INFO - 01/12/26 18:05:39 - 0:08:26 - At 264-th epoch with lr 0.000778.
INFO - 01/12/26 18:05:41 - 0:08:28 - Running average train loss is 0.6962020611763 at epoch 264
INFO - 01/12/26 18:05:41 - 0:08:28 - At 265-th epoch with lr 0.000777.
INFO - 01/12/26 18:05:42 - 0:08:30 - Running average train loss is 0.6959561610221863 at epoch 265
INFO - 01/12/26 18:05:42 - 0:08:30 - At 266-th epoch with lr 0.000776.
INFO - 01/12/26 18:05:44 - 0:08:32 - Running average train loss is 0.6969782257080078 at epoch 266
INFO - 01/12/26 18:05:44 - 0:08:32 - At 267-th epoch with lr 0.000774.
INFO - 01/12/26 18:05:46 - 0:08:34 - Running average train loss is 0.69651118516922 at epoch 267
INFO - 01/12/26 18:05:46 - 0:08:34 - At 268-th epoch with lr 0.000773.
INFO - 01/12/26 18:05:48 - 0:08:36 - Running average train loss is 0.6968010210990906 at epoch 268
INFO - 01/12/26 18:05:48 - 0:08:36 - At 269-th epoch with lr 0.000771.
INFO - 01/12/26 18:05:50 - 0:08:37 - Running average train loss is 0.6966644620895386 at epoch 269
INFO - 01/12/26 18:05:50 - 0:08:37 - At 270-th epoch with lr 0.000770.
INFO - 01/12/26 18:05:51 - 0:08:39 - Running average train loss is 0.6963696193695068 at epoch 270
INFO - 01/12/26 18:05:51 - 0:08:39 - At 271-th epoch with lr 0.000768.
INFO - 01/12/26 18:05:53 - 0:08:41 - Running average train loss is 0.6960383868217468 at epoch 271
INFO - 01/12/26 18:05:53 - 0:08:41 - At 272-th epoch with lr 0.000767.
INFO - 01/12/26 18:05:55 - 0:08:43 - Running average train loss is 0.6955659246444702 at epoch 272
INFO - 01/12/26 18:05:55 - 0:08:43 - Average dev loss is 0.7740350365638733 at epoch 272
INFO - 01/12/26 18:05:56 - 0:08:43 - dev accuracy is 91.3 at epoch 272
INFO - 01/12/26 18:05:56 - 0:08:43 - dev average edit distance is 0.09 at epoch 272
INFO - 01/12/26 18:05:56 - 0:08:44 - At 273-th epoch with lr 0.000766.
INFO - 01/12/26 18:05:58 - 0:08:45 - Running average train loss is 0.6962791776657105 at epoch 273
INFO - 01/12/26 18:05:58 - 0:08:45 - At 274-th epoch with lr 0.000764.
INFO - 01/12/26 18:05:59 - 0:08:47 - Running average train loss is 0.6964094161987304 at epoch 274
INFO - 01/12/26 18:05:59 - 0:08:47 - At 275-th epoch with lr 0.000763.
INFO - 01/12/26 18:06:01 - 0:08:49 - Running average train loss is 0.695398576259613 at epoch 275
INFO - 01/12/26 18:06:01 - 0:08:49 - At 276-th epoch with lr 0.000761.
INFO - 01/12/26 18:06:03 - 0:08:51 - Running average train loss is 0.6952732062339783 at epoch 276
INFO - 01/12/26 18:06:03 - 0:08:51 - At 277-th epoch with lr 0.000760.
INFO - 01/12/26 18:06:05 - 0:08:53 - Running average train loss is 0.6955886864662171 at epoch 277
INFO - 01/12/26 18:06:05 - 0:08:53 - At 278-th epoch with lr 0.000759.
INFO - 01/12/26 18:06:07 - 0:08:54 - Running average train loss is 0.6950305628776551 at epoch 278
INFO - 01/12/26 18:06:07 - 0:08:54 - At 279-th epoch with lr 0.000757.
INFO - 01/12/26 18:06:09 - 0:08:56 - Running average train loss is 0.6951616382598877 at epoch 279
INFO - 01/12/26 18:06:09 - 0:08:56 - At 280-th epoch with lr 0.000756.
INFO - 01/12/26 18:06:10 - 0:08:58 - Running average train loss is 0.6956822896003723 at epoch 280
INFO - 01/12/26 18:06:10 - 0:08:58 - At 281-th epoch with lr 0.000755.
INFO - 01/12/26 18:06:12 - 0:09:00 - Running average train loss is 0.6952376246452332 at epoch 281
INFO - 01/12/26 18:06:12 - 0:09:00 - At 282-th epoch with lr 0.000753.
INFO - 01/12/26 18:06:14 - 0:09:02 - Running average train loss is 0.6958816003799438 at epoch 282
INFO - 01/12/26 18:06:14 - 0:09:02 - At 283-th epoch with lr 0.000752.
INFO - 01/12/26 18:06:16 - 0:09:04 - Running average train loss is 0.6956810569763183 at epoch 283
INFO - 01/12/26 18:06:16 - 0:09:04 - At 284-th epoch with lr 0.000751.
INFO - 01/12/26 18:06:18 - 0:09:05 - Running average train loss is 0.6953019952774048 at epoch 284
INFO - 01/12/26 18:06:18 - 0:09:05 - At 285-th epoch with lr 0.000749.
INFO - 01/12/26 18:06:19 - 0:09:07 - Running average train loss is 0.6960460233688355 at epoch 285
INFO - 01/12/26 18:06:19 - 0:09:07 - At 286-th epoch with lr 0.000748.
INFO - 01/12/26 18:06:21 - 0:09:09 - Running average train loss is 0.6961906504631042 at epoch 286
INFO - 01/12/26 18:06:21 - 0:09:09 - At 287-th epoch with lr 0.000747.
INFO - 01/12/26 18:06:23 - 0:09:11 - Running average train loss is 0.6957118844985962 at epoch 287
INFO - 01/12/26 18:06:23 - 0:09:11 - At 288-th epoch with lr 0.000745.
INFO - 01/12/26 18:06:25 - 0:09:13 - Running average train loss is 0.6947356247901917 at epoch 288
INFO - 01/12/26 18:06:25 - 0:09:13 - Average dev loss is 0.7743248542149862 at epoch 288
INFO - 01/12/26 18:06:25 - 0:09:13 - dev accuracy is 89.2 at epoch 288
INFO - 01/12/26 18:06:25 - 0:09:13 - dev average edit distance is 0.109 at epoch 288
INFO - 01/12/26 18:06:26 - 0:09:13 - At 289-th epoch with lr 0.000744.
INFO - 01/12/26 18:06:27 - 0:09:15 - Running average train loss is 0.6947585296630859 at epoch 289
INFO - 01/12/26 18:06:27 - 0:09:15 - At 290-th epoch with lr 0.000743.
INFO - 01/12/26 18:06:29 - 0:09:17 - Running average train loss is 0.6945859313011169 at epoch 290
INFO - 01/12/26 18:06:29 - 0:09:17 - At 291-th epoch with lr 0.000742.
INFO - 01/12/26 18:06:31 - 0:09:19 - Running average train loss is 0.6967844223976135 at epoch 291
INFO - 01/12/26 18:06:31 - 0:09:19 - At 292-th epoch with lr 0.000740.
INFO - 01/12/26 18:06:33 - 0:09:21 - Running average train loss is 0.6962386512756348 at epoch 292
INFO - 01/12/26 18:06:33 - 0:09:21 - At 293-th epoch with lr 0.000739.
INFO - 01/12/26 18:06:35 - 0:09:22 - Running average train loss is 0.6952986359596253 at epoch 293
INFO - 01/12/26 18:06:35 - 0:09:22 - At 294-th epoch with lr 0.000738.
INFO - 01/12/26 18:06:37 - 0:09:24 - Running average train loss is 0.6949396634101868 at epoch 294
INFO - 01/12/26 18:06:37 - 0:09:24 - At 295-th epoch with lr 0.000736.
INFO - 01/12/26 18:06:38 - 0:09:26 - Running average train loss is 0.6953210663795472 at epoch 295
INFO - 01/12/26 18:06:38 - 0:09:26 - At 296-th epoch with lr 0.000735.
INFO - 01/12/26 18:06:40 - 0:09:28 - Running average train loss is 0.6946351671218872 at epoch 296
INFO - 01/12/26 18:06:40 - 0:09:28 - At 297-th epoch with lr 0.000734.
INFO - 01/12/26 18:06:42 - 0:09:30 - Running average train loss is 0.6948669862747192 at epoch 297
INFO - 01/12/26 18:06:42 - 0:09:30 - At 298-th epoch with lr 0.000733.
INFO - 01/12/26 18:06:44 - 0:09:32 - Running average train loss is 0.6949360799789429 at epoch 298
INFO - 01/12/26 18:06:44 - 0:09:32 - At 299-th epoch with lr 0.000732.
INFO - 01/12/26 18:06:46 - 0:09:33 - Running average train loss is 0.6950962328910828 at epoch 299
INFO - 01/12/26 18:06:46 - 0:09:33 - At 300-th epoch with lr 0.000730.
INFO - 01/12/26 18:06:47 - 0:09:35 - Running average train loss is 0.6947923016548156 at epoch 300
INFO - 01/12/26 18:06:47 - 0:09:35 - At 301-th epoch with lr 0.000729.
INFO - 01/12/26 18:06:49 - 0:09:37 - Running average train loss is 0.695026559829712 at epoch 301
INFO - 01/12/26 18:06:49 - 0:09:37 - At 302-th epoch with lr 0.000728.
INFO - 01/12/26 18:06:51 - 0:09:39 - Running average train loss is 0.6945270395278931 at epoch 302
INFO - 01/12/26 18:06:51 - 0:09:39 - At 303-th epoch with lr 0.000727.
INFO - 01/12/26 18:06:53 - 0:09:41 - Running average train loss is 0.6952891826629639 at epoch 303
INFO - 01/12/26 18:06:53 - 0:09:41 - At 304-th epoch with lr 0.000725.
INFO - 01/12/26 18:06:55 - 0:09:42 - Running average train loss is 0.6954411339759826 at epoch 304
INFO - 01/12/26 18:06:55 - 0:09:43 - Average dev loss is 0.7655436197916666 at epoch 304
INFO - 01/12/26 18:06:55 - 0:09:43 - dev accuracy is 90.5 at epoch 304
INFO - 01/12/26 18:06:55 - 0:09:43 - dev average edit distance is 0.099 at epoch 304
INFO - 01/12/26 18:06:55 - 0:09:43 - At 305-th epoch with lr 0.000724.
INFO - 01/12/26 18:06:57 - 0:09:45 - Running average train loss is 0.6953730559349061 at epoch 305
INFO - 01/12/26 18:06:57 - 0:09:45 - At 306-th epoch with lr 0.000723.
INFO - 01/12/26 18:06:59 - 0:09:47 - Running average train loss is 0.6960569286346435 at epoch 306
INFO - 01/12/26 18:06:59 - 0:09:47 - At 307-th epoch with lr 0.000722.
INFO - 01/12/26 18:07:01 - 0:09:49 - Running average train loss is 0.6956498026847839 at epoch 307
INFO - 01/12/26 18:07:01 - 0:09:49 - At 308-th epoch with lr 0.000721.
INFO - 01/12/26 18:07:03 - 0:09:51 - Running average train loss is 0.6950573658943177 at epoch 308
INFO - 01/12/26 18:07:03 - 0:09:51 - At 309-th epoch with lr 0.000720.
INFO - 01/12/26 18:07:05 - 0:09:53 - Running average train loss is 0.6943653535842895 at epoch 309
INFO - 01/12/26 18:07:05 - 0:09:53 - At 310-th epoch with lr 0.000718.
INFO - 01/12/26 18:07:07 - 0:09:55 - Running average train loss is 0.6942364311218262 at epoch 310
INFO - 01/12/26 18:07:07 - 0:09:55 - At 311-th epoch with lr 0.000717.
INFO - 01/12/26 18:07:09 - 0:09:57 - Running average train loss is 0.6953460168838501 at epoch 311
INFO - 01/12/26 18:07:09 - 0:09:57 - At 312-th epoch with lr 0.000716.
INFO - 01/12/26 18:07:11 - 0:09:59 - Running average train loss is 0.6942637205123902 at epoch 312
INFO - 01/12/26 18:07:11 - 0:09:59 - At 313-th epoch with lr 0.000715.
INFO - 01/12/26 18:07:13 - 0:10:00 - Running average train loss is 0.6938935422897339 at epoch 313
INFO - 01/12/26 18:07:13 - 0:10:00 - At 314-th epoch with lr 0.000714.
INFO - 01/12/26 18:07:15 - 0:10:02 - Running average train loss is 0.6939554357528687 at epoch 314
INFO - 01/12/26 18:07:15 - 0:10:02 - At 315-th epoch with lr 0.000713.
INFO - 01/12/26 18:07:16 - 0:10:04 - Running average train loss is 0.6945005655288696 at epoch 315
INFO - 01/12/26 18:07:16 - 0:10:04 - At 316-th epoch with lr 0.000712.
INFO - 01/12/26 18:07:18 - 0:10:06 - Running average train loss is 0.695210485458374 at epoch 316
INFO - 01/12/26 18:07:18 - 0:10:06 - At 317-th epoch with lr 0.000710.
INFO - 01/12/26 18:07:20 - 0:10:08 - Running average train loss is 0.6948143100738525 at epoch 317
INFO - 01/12/26 18:07:20 - 0:10:08 - At 318-th epoch with lr 0.000709.
INFO - 01/12/26 18:07:22 - 0:10:10 - Running average train loss is 0.6944895315170289 at epoch 318
INFO - 01/12/26 18:07:22 - 0:10:10 - At 319-th epoch with lr 0.000708.
INFO - 01/12/26 18:07:24 - 0:10:11 - Running average train loss is 0.6938949513435364 at epoch 319
INFO - 01/12/26 18:07:24 - 0:10:11 - At 320-th epoch with lr 0.000707.
INFO - 01/12/26 18:07:25 - 0:10:13 - Running average train loss is 0.693726007938385 at epoch 320
INFO - 01/12/26 18:07:26 - 0:10:13 - Average dev loss is 0.783810575803121 at epoch 320
INFO - 01/12/26 18:07:26 - 0:10:14 - dev accuracy is 90.8 at epoch 320
INFO - 01/12/26 18:07:26 - 0:10:14 - dev average edit distance is 0.108 at epoch 320
INFO - 01/12/26 18:07:26 - 0:10:14 - At 321-th epoch with lr 0.000706.
INFO - 01/12/26 18:07:28 - 0:10:16 - Running average train loss is 0.6938046407699585 at epoch 321
INFO - 01/12/26 18:07:28 - 0:10:16 - At 322-th epoch with lr 0.000705.
INFO - 01/12/26 18:07:30 - 0:10:17 - Running average train loss is 0.69384290933609 at epoch 322
INFO - 01/12/26 18:07:30 - 0:10:17 - At 323-th epoch with lr 0.000704.
INFO - 01/12/26 18:07:32 - 0:10:19 - Running average train loss is 0.6943379139900208 at epoch 323
INFO - 01/12/26 18:07:32 - 0:10:19 - At 324-th epoch with lr 0.000703.
INFO - 01/12/26 18:07:33 - 0:10:21 - Running average train loss is 0.6941275954246521 at epoch 324
INFO - 01/12/26 18:07:33 - 0:10:21 - At 325-th epoch with lr 0.000702.
INFO - 01/12/26 18:07:35 - 0:10:23 - Running average train loss is 0.6945700645446777 at epoch 325
INFO - 01/12/26 18:07:35 - 0:10:23 - At 326-th epoch with lr 0.000701.
INFO - 01/12/26 18:07:37 - 0:10:25 - Running average train loss is 0.6942292547225952 at epoch 326
INFO - 01/12/26 18:07:37 - 0:10:25 - At 327-th epoch with lr 0.000699.
INFO - 01/12/26 18:07:39 - 0:10:27 - Running average train loss is 0.6939829874038697 at epoch 327
INFO - 01/12/26 18:07:39 - 0:10:27 - At 328-th epoch with lr 0.000698.
INFO - 01/12/26 18:07:41 - 0:10:28 - Running average train loss is 0.6946177053451538 at epoch 328
INFO - 01/12/26 18:07:41 - 0:10:28 - At 329-th epoch with lr 0.000697.
INFO - 01/12/26 18:07:43 - 0:10:30 - Running average train loss is 0.6949985218048096 at epoch 329
INFO - 01/12/26 18:07:43 - 0:10:30 - At 330-th epoch with lr 0.000696.
INFO - 01/12/26 18:07:44 - 0:10:32 - Running average train loss is 0.6942067050933838 at epoch 330
INFO - 01/12/26 18:07:44 - 0:10:32 - At 331-th epoch with lr 0.000695.
INFO - 01/12/26 18:07:46 - 0:10:34 - Running average train loss is 0.6944119167327881 at epoch 331
INFO - 01/12/26 18:07:46 - 0:10:34 - At 332-th epoch with lr 0.000694.
INFO - 01/12/26 18:07:48 - 0:10:36 - Running average train loss is 0.6940546655654907 at epoch 332
INFO - 01/12/26 18:07:48 - 0:10:36 - At 333-th epoch with lr 0.000693.
INFO - 01/12/26 18:07:50 - 0:10:38 - Running average train loss is 0.6938933062553406 at epoch 333
INFO - 01/12/26 18:07:50 - 0:10:38 - At 334-th epoch with lr 0.000692.
INFO - 01/12/26 18:07:52 - 0:10:39 - Running average train loss is 0.6933033514022827 at epoch 334
INFO - 01/12/26 18:07:52 - 0:10:39 - At 335-th epoch with lr 0.000691.
INFO - 01/12/26 18:07:53 - 0:10:41 - Running average train loss is 0.6938531708717346 at epoch 335
INFO - 01/12/26 18:07:53 - 0:10:41 - At 336-th epoch with lr 0.000690.
INFO - 01/12/26 18:07:55 - 0:10:43 - Running average train loss is 0.6936864161491394 at epoch 336
INFO - 01/12/26 18:07:55 - 0:10:43 - Average dev loss is 0.7781602144241333 at epoch 336
INFO - 01/12/26 18:07:56 - 0:10:44 - dev accuracy is 90.1 at epoch 336
INFO - 01/12/26 18:07:56 - 0:10:44 - dev average edit distance is 0.104 at epoch 336
INFO - 01/12/26 18:07:56 - 0:10:44 - At 337-th epoch with lr 0.000689.
INFO - 01/12/26 18:07:58 - 0:10:45 - Running average train loss is 0.6948862552642823 at epoch 337
INFO - 01/12/26 18:07:58 - 0:10:45 - At 338-th epoch with lr 0.000688.
INFO - 01/12/26 18:08:00 - 0:10:47 - Running average train loss is 0.6940333819389344 at epoch 338
INFO - 01/12/26 18:08:00 - 0:10:47 - At 339-th epoch with lr 0.000687.
INFO - 01/12/26 18:08:01 - 0:10:49 - Running average train loss is 0.6937169671058655 at epoch 339
INFO - 01/12/26 18:08:01 - 0:10:49 - At 340-th epoch with lr 0.000686.
INFO - 01/12/26 18:08:03 - 0:10:51 - Running average train loss is 0.6943777227401733 at epoch 340
INFO - 01/12/26 18:08:03 - 0:10:51 - At 341-th epoch with lr 0.000685.
INFO - 01/12/26 18:08:05 - 0:10:53 - Running average train loss is 0.6937678074836731 at epoch 341
INFO - 01/12/26 18:08:05 - 0:10:53 - At 342-th epoch with lr 0.000684.
INFO - 01/12/26 18:08:07 - 0:10:55 - Running average train loss is 0.6939465951919556 at epoch 342
INFO - 01/12/26 18:08:07 - 0:10:55 - At 343-th epoch with lr 0.000683.
INFO - 01/12/26 18:08:09 - 0:10:56 - Running average train loss is 0.6930532383918763 at epoch 343
INFO - 01/12/26 18:08:09 - 0:10:56 - At 344-th epoch with lr 0.000682.
INFO - 01/12/26 18:08:10 - 0:10:58 - Running average train loss is 0.69368013381958 at epoch 344
INFO - 01/12/26 18:08:10 - 0:10:58 - At 345-th epoch with lr 0.000681.
INFO - 01/12/26 18:08:12 - 0:11:00 - Running average train loss is 0.6941689920425415 at epoch 345
INFO - 01/12/26 18:08:12 - 0:11:00 - At 346-th epoch with lr 0.000680.
INFO - 01/12/26 18:08:14 - 0:11:02 - Running average train loss is 0.6938704204559326 at epoch 346
INFO - 01/12/26 18:08:14 - 0:11:02 - At 347-th epoch with lr 0.000679.
INFO - 01/12/26 18:08:16 - 0:11:04 - Running average train loss is 0.6940987515449524 at epoch 347
INFO - 01/12/26 18:08:16 - 0:11:04 - At 348-th epoch with lr 0.000678.
INFO - 01/12/26 18:08:18 - 0:11:05 - Running average train loss is 0.6934776020050049 at epoch 348
INFO - 01/12/26 18:08:18 - 0:11:05 - At 349-th epoch with lr 0.000677.
INFO - 01/12/26 18:08:20 - 0:11:07 - Running average train loss is 0.6942067527770996 at epoch 349
INFO - 01/12/26 18:08:20 - 0:11:07 - At 350-th epoch with lr 0.000676.
INFO - 01/12/26 18:08:21 - 0:11:09 - Running average train loss is 0.6931375408172608 at epoch 350
INFO - 01/12/26 18:08:21 - 0:11:09 - At 351-th epoch with lr 0.000675.
INFO - 01/12/26 18:08:23 - 0:11:11 - Running average train loss is 0.69464688539505 at epoch 351
INFO - 01/12/26 18:08:23 - 0:11:11 - At 352-th epoch with lr 0.000674.
INFO - 01/12/26 18:08:25 - 0:11:13 - Running average train loss is 0.6938134074211121 at epoch 352
INFO - 01/12/26 18:08:25 - 0:11:13 - Average dev loss is 0.7773339947064718 at epoch 352
INFO - 01/12/26 18:08:26 - 0:11:13 - dev accuracy is 88.8 at epoch 352
INFO - 01/12/26 18:08:26 - 0:11:13 - dev average edit distance is 0.117 at epoch 352
INFO - 01/12/26 18:08:26 - 0:11:13 - At 353-th epoch with lr 0.000673.
INFO - 01/12/26 18:08:28 - 0:11:15 - Running average train loss is 0.6935181403160096 at epoch 353
INFO - 01/12/26 18:08:28 - 0:11:15 - At 354-th epoch with lr 0.000672.
INFO - 01/12/26 18:08:29 - 0:11:17 - Running average train loss is 0.6935730099678039 at epoch 354
INFO - 01/12/26 18:08:29 - 0:11:17 - At 355-th epoch with lr 0.000671.
INFO - 01/12/26 18:08:31 - 0:11:19 - Running average train loss is 0.6934786629676819 at epoch 355
INFO - 01/12/26 18:08:31 - 0:11:19 - At 356-th epoch with lr 0.000670.
INFO - 01/12/26 18:08:33 - 0:11:21 - Running average train loss is 0.6939057588577271 at epoch 356
INFO - 01/12/26 18:08:33 - 0:11:21 - At 357-th epoch with lr 0.000669.
INFO - 01/12/26 18:08:35 - 0:11:23 - Running average train loss is 0.6933200550079346 at epoch 357
INFO - 01/12/26 18:08:35 - 0:11:23 - At 358-th epoch with lr 0.000669.
INFO - 01/12/26 18:08:37 - 0:11:24 - Running average train loss is 0.6935427927970886 at epoch 358
INFO - 01/12/26 18:08:37 - 0:11:24 - At 359-th epoch with lr 0.000668.
INFO - 01/12/26 18:08:39 - 0:11:26 - Running average train loss is 0.6936376094818115 at epoch 359
INFO - 01/12/26 18:08:39 - 0:11:26 - At 360-th epoch with lr 0.000667.
INFO - 01/12/26 18:08:40 - 0:11:28 - Running average train loss is 0.6933847641944886 at epoch 360
INFO - 01/12/26 18:08:40 - 0:11:28 - At 361-th epoch with lr 0.000666.
INFO - 01/12/26 18:08:42 - 0:11:30 - Running average train loss is 0.6930282497406006 at epoch 361
INFO - 01/12/26 18:08:42 - 0:11:30 - At 362-th epoch with lr 0.000665.
INFO - 01/12/26 18:08:44 - 0:11:32 - Running average train loss is 0.6935134267807007 at epoch 362
INFO - 01/12/26 18:08:44 - 0:11:32 - At 363-th epoch with lr 0.000664.
INFO - 01/12/26 18:08:46 - 0:11:34 - Running average train loss is 0.6939847755432129 at epoch 363
INFO - 01/12/26 18:08:46 - 0:11:34 - At 364-th epoch with lr 0.000663.
INFO - 01/12/26 18:08:48 - 0:11:35 - Running average train loss is 0.6933123540878295 at epoch 364
INFO - 01/12/26 18:08:48 - 0:11:35 - At 365-th epoch with lr 0.000662.
INFO - 01/12/26 18:08:49 - 0:11:37 - Running average train loss is 0.6943050217628479 at epoch 365
INFO - 01/12/26 18:08:49 - 0:11:37 - At 366-th epoch with lr 0.000661.
INFO - 01/12/26 18:08:51 - 0:11:39 - Running average train loss is 0.6934761786460877 at epoch 366
INFO - 01/12/26 18:08:51 - 0:11:39 - At 367-th epoch with lr 0.000660.
INFO - 01/12/26 18:08:53 - 0:11:41 - Running average train loss is 0.6934821891784668 at epoch 367
INFO - 01/12/26 18:08:53 - 0:11:41 - At 368-th epoch with lr 0.000659.
INFO - 01/12/26 18:08:55 - 0:11:43 - Running average train loss is 0.6930483412742615 at epoch 368
INFO - 01/12/26 18:08:55 - 0:11:43 - Average dev loss is 0.7744940916697184 at epoch 368
INFO - 01/12/26 18:08:55 - 0:11:43 - dev accuracy is 91.1 at epoch 368
INFO - 01/12/26 18:08:55 - 0:11:43 - dev average edit distance is 0.099 at epoch 368
INFO - 01/12/26 18:08:56 - 0:11:43 - At 369-th epoch with lr 0.000658.
INFO - 01/12/26 18:08:57 - 0:11:45 - Running average train loss is 0.6932781267166138 at epoch 369
INFO - 01/12/26 18:08:57 - 0:11:45 - At 370-th epoch with lr 0.000658.
INFO - 01/12/26 18:08:59 - 0:11:47 - Running average train loss is 0.6936945271492004 at epoch 370
INFO - 01/12/26 18:08:59 - 0:11:47 - At 371-th epoch with lr 0.000657.
INFO - 01/12/26 18:09:01 - 0:11:49 - Running average train loss is 0.6933294272422791 at epoch 371
INFO - 01/12/26 18:09:01 - 0:11:49 - At 372-th epoch with lr 0.000656.
INFO - 01/12/26 18:09:03 - 0:11:51 - Running average train loss is 0.6932108616828918 at epoch 372
INFO - 01/12/26 18:09:03 - 0:11:51 - At 373-th epoch with lr 0.000655.
INFO - 01/12/26 18:09:05 - 0:11:52 - Running average train loss is 0.6931127524375915 at epoch 373
INFO - 01/12/26 18:09:05 - 0:11:52 - At 374-th epoch with lr 0.000654.
INFO - 01/12/26 18:09:07 - 0:11:54 - Running average train loss is 0.6926408195495606 at epoch 374
INFO - 01/12/26 18:09:07 - 0:11:54 - At 375-th epoch with lr 0.000653.
INFO - 01/12/26 18:09:08 - 0:11:56 - Running average train loss is 0.6930733394622802 at epoch 375
INFO - 01/12/26 18:09:08 - 0:11:56 - At 376-th epoch with lr 0.000652.
INFO - 01/12/26 18:09:10 - 0:11:58 - Running average train loss is 0.6929831266403198 at epoch 376
INFO - 01/12/26 18:09:10 - 0:11:58 - At 377-th epoch with lr 0.000651.
INFO - 01/12/26 18:09:12 - 0:12:00 - Running average train loss is 0.6925526237487794 at epoch 377
INFO - 01/12/26 18:09:12 - 0:12:00 - At 378-th epoch with lr 0.000651.
INFO - 01/12/26 18:09:14 - 0:12:02 - Running average train loss is 0.6929142475128174 at epoch 378
INFO - 01/12/26 18:09:14 - 0:12:02 - At 379-th epoch with lr 0.000650.
INFO - 01/12/26 18:09:16 - 0:12:03 - Running average train loss is 0.6941202974319458 at epoch 379
INFO - 01/12/26 18:09:16 - 0:12:03 - At 380-th epoch with lr 0.000649.
INFO - 01/12/26 18:09:17 - 0:12:05 - Running average train loss is 0.693145821094513 at epoch 380
INFO - 01/12/26 18:09:17 - 0:12:05 - At 381-th epoch with lr 0.000648.
INFO - 01/12/26 18:09:19 - 0:12:07 - Running average train loss is 0.6928420042991639 at epoch 381
INFO - 01/12/26 18:09:19 - 0:12:07 - At 382-th epoch with lr 0.000647.
INFO - 01/12/26 18:09:21 - 0:12:09 - Running average train loss is 0.6927542734146118 at epoch 382
INFO - 01/12/26 18:09:21 - 0:12:09 - At 383-th epoch with lr 0.000646.
INFO - 01/12/26 18:09:23 - 0:12:11 - Running average train loss is 0.694113302230835 at epoch 383
INFO - 01/12/26 18:09:23 - 0:12:11 - At 384-th epoch with lr 0.000645.
INFO - 01/12/26 18:09:25 - 0:12:12 - Running average train loss is 0.6932335257530212 at epoch 384
INFO - 01/12/26 18:09:25 - 0:12:13 - Average dev loss is 0.7756010095278422 at epoch 384
INFO - 01/12/26 18:09:25 - 0:12:13 - dev accuracy is 91.0 at epoch 384
INFO - 01/12/26 18:09:25 - 0:12:13 - dev average edit distance is 0.094 at epoch 384
INFO - 01/12/26 18:09:25 - 0:12:13 - At 385-th epoch with lr 0.000645.
INFO - 01/12/26 18:09:27 - 0:12:15 - Running average train loss is 0.6929970550537109 at epoch 385
INFO - 01/12/26 18:09:27 - 0:12:15 - At 386-th epoch with lr 0.000644.
INFO - 01/12/26 18:09:29 - 0:12:17 - Running average train loss is 0.6924384927749634 at epoch 386
INFO - 01/12/26 18:09:29 - 0:12:17 - At 387-th epoch with lr 0.000643.
INFO - 01/12/26 18:09:31 - 0:12:19 - Running average train loss is 0.6929150104522706 at epoch 387
INFO - 01/12/26 18:09:31 - 0:12:19 - At 388-th epoch with lr 0.000642.
INFO - 01/12/26 18:09:33 - 0:12:20 - Running average train loss is 0.6931382966041565 at epoch 388
INFO - 01/12/26 18:09:33 - 0:12:20 - At 389-th epoch with lr 0.000641.
INFO - 01/12/26 18:09:35 - 0:12:22 - Running average train loss is 0.6932685494422912 at epoch 389
INFO - 01/12/26 18:09:35 - 0:12:22 - At 390-th epoch with lr 0.000641.
INFO - 01/12/26 18:09:36 - 0:12:24 - Running average train loss is 0.6925645804405213 at epoch 390
INFO - 01/12/26 18:09:36 - 0:12:24 - At 391-th epoch with lr 0.000640.
INFO - 01/12/26 18:09:38 - 0:12:26 - Running average train loss is 0.6926983571052552 at epoch 391
INFO - 01/12/26 18:09:38 - 0:12:26 - At 392-th epoch with lr 0.000639.
INFO - 01/12/26 18:09:40 - 0:12:28 - Running average train loss is 0.6932653856277465 at epoch 392
INFO - 01/12/26 18:09:40 - 0:12:28 - At 393-th epoch with lr 0.000638.
INFO - 01/12/26 18:09:42 - 0:12:30 - Running average train loss is 0.6938078451156616 at epoch 393
INFO - 01/12/26 18:09:42 - 0:12:30 - At 394-th epoch with lr 0.000637.
INFO - 01/12/26 18:09:44 - 0:12:31 - Running average train loss is 0.6927246832847596 at epoch 394
INFO - 01/12/26 18:09:44 - 0:12:31 - At 395-th epoch with lr 0.000636.
INFO - 01/12/26 18:09:45 - 0:12:33 - Running average train loss is 0.6926304340362549 at epoch 395
INFO - 01/12/26 18:09:45 - 0:12:33 - At 396-th epoch with lr 0.000636.
INFO - 01/12/26 18:09:47 - 0:12:35 - Running average train loss is 0.6925500154495239 at epoch 396
INFO - 01/12/26 18:09:47 - 0:12:35 - At 397-th epoch with lr 0.000635.
INFO - 01/12/26 18:09:49 - 0:12:37 - Running average train loss is 0.693145489692688 at epoch 397
INFO - 01/12/26 18:09:49 - 0:12:37 - At 398-th epoch with lr 0.000634.
INFO - 01/12/26 18:09:51 - 0:12:39 - Running average train loss is 0.6931734871864319 at epoch 398
INFO - 01/12/26 18:09:51 - 0:12:39 - At 399-th epoch with lr 0.000633.
INFO - 01/12/26 18:09:53 - 0:12:40 - Running average train loss is 0.693031735420227 at epoch 399
INFO - 01/12/26 18:09:53 - 0:12:40 - At 400-th epoch with lr 0.000632.
INFO - 01/12/26 18:09:55 - 0:12:42 - Running average train loss is 0.6929611873626709 at epoch 400
INFO - 01/12/26 18:09:55 - 0:12:42 - Average dev loss is 0.7660247683525085 at epoch 400
INFO - 01/12/26 18:09:55 - 0:12:43 - dev accuracy is 90.4 at epoch 400
INFO - 01/12/26 18:09:55 - 0:12:43 - dev average edit distance is 0.1 at epoch 400
INFO - 01/12/26 18:09:55 - 0:12:43 - At 401-th epoch with lr 0.000632.
INFO - 01/12/26 18:09:57 - 0:12:45 - Running average train loss is 0.6927093458175659 at epoch 401
INFO - 01/12/26 18:09:57 - 0:12:45 - At 402-th epoch with lr 0.000631.
INFO - 01/12/26 18:09:59 - 0:12:47 - Running average train loss is 0.692350869178772 at epoch 402
INFO - 01/12/26 18:09:59 - 0:12:47 - At 403-th epoch with lr 0.000630.
INFO - 01/12/26 18:10:01 - 0:12:48 - Running average train loss is 0.6926205801963806 at epoch 403
INFO - 01/12/26 18:10:01 - 0:12:48 - At 404-th epoch with lr 0.000629.
INFO - 01/12/26 18:10:02 - 0:12:50 - Running average train loss is 0.6926571941375732 at epoch 404
INFO - 01/12/26 18:10:02 - 0:12:50 - At 405-th epoch with lr 0.000629.
INFO - 01/12/26 18:10:04 - 0:12:52 - Running average train loss is 0.6927952289581298 at epoch 405
INFO - 01/12/26 18:10:04 - 0:12:52 - At 406-th epoch with lr 0.000628.
INFO - 01/12/26 18:10:06 - 0:12:54 - Running average train loss is 0.6931531071662903 at epoch 406
INFO - 01/12/26 18:10:06 - 0:12:54 - At 407-th epoch with lr 0.000627.
INFO - 01/12/26 18:10:08 - 0:12:56 - Running average train loss is 0.6930628299713135 at epoch 407
INFO - 01/12/26 18:10:08 - 0:12:56 - At 408-th epoch with lr 0.000626.
INFO - 01/12/26 18:10:10 - 0:12:57 - Running average train loss is 0.6926215195655823 at epoch 408
INFO - 01/12/26 18:10:10 - 0:12:57 - At 409-th epoch with lr 0.000625.
INFO - 01/12/26 18:10:12 - 0:12:59 - Running average train loss is 0.692703320980072 at epoch 409
INFO - 01/12/26 18:10:12 - 0:12:59 - At 410-th epoch with lr 0.000625.
INFO - 01/12/26 18:10:13 - 0:13:01 - Running average train loss is 0.692535536289215 at epoch 410
INFO - 01/12/26 18:10:13 - 0:13:01 - At 411-th epoch with lr 0.000624.
INFO - 01/12/26 18:10:15 - 0:13:03 - Running average train loss is 0.6931521582603455 at epoch 411
INFO - 01/12/26 18:10:15 - 0:13:03 - At 412-th epoch with lr 0.000623.
INFO - 01/12/26 18:10:17 - 0:13:05 - Running average train loss is 0.6924396586418152 at epoch 412
INFO - 01/12/26 18:10:17 - 0:13:05 - At 413-th epoch with lr 0.000622.
INFO - 01/12/26 18:10:19 - 0:13:07 - Running average train loss is 0.6919516563415528 at epoch 413
INFO - 01/12/26 18:10:19 - 0:13:07 - At 414-th epoch with lr 0.000622.
INFO - 01/12/26 18:10:21 - 0:13:08 - Running average train loss is 0.6923139858245849 at epoch 414
INFO - 01/12/26 18:10:21 - 0:13:08 - At 415-th epoch with lr 0.000621.
INFO - 01/12/26 18:10:22 - 0:13:10 - Running average train loss is 0.6929009056091309 at epoch 415
INFO - 01/12/26 18:10:22 - 0:13:10 - At 416-th epoch with lr 0.000620.
INFO - 01/12/26 18:10:24 - 0:13:12 - Running average train loss is 0.6927520632743835 at epoch 416
INFO - 01/12/26 18:10:24 - 0:13:12 - Average dev loss is 0.7728342612584432 at epoch 416
INFO - 01/12/26 18:10:25 - 0:13:13 - dev accuracy is 89.6 at epoch 416
INFO - 01/12/26 18:10:25 - 0:13:13 - dev average edit distance is 0.13 at epoch 416
INFO - 01/12/26 18:10:25 - 0:13:13 - At 417-th epoch with lr 0.000619.
INFO - 01/12/26 18:10:27 - 0:13:14 - Running average train loss is 0.692548258304596 at epoch 417
INFO - 01/12/26 18:10:27 - 0:13:14 - At 418-th epoch with lr 0.000619.
INFO - 01/12/26 18:10:29 - 0:13:16 - Running average train loss is 0.6930226039886475 at epoch 418
INFO - 01/12/26 18:10:29 - 0:13:16 - At 419-th epoch with lr 0.000618.
INFO - 01/12/26 18:10:30 - 0:13:18 - Running average train loss is 0.6930958318710327 at epoch 419
INFO - 01/12/26 18:10:30 - 0:13:18 - At 420-th epoch with lr 0.000617.
INFO - 01/12/26 18:10:32 - 0:13:20 - Running average train loss is 0.6922175931930542 at epoch 420
INFO - 01/12/26 18:10:32 - 0:13:20 - At 421-th epoch with lr 0.000616.
INFO - 01/12/26 18:10:34 - 0:13:22 - Running average train loss is 0.6922830176353455 at epoch 421
INFO - 01/12/26 18:10:34 - 0:13:22 - At 422-th epoch with lr 0.000616.
INFO - 01/12/26 18:10:36 - 0:13:24 - Running average train loss is 0.6923068404197693 at epoch 422
INFO - 01/12/26 18:10:36 - 0:13:24 - At 423-th epoch with lr 0.000615.
INFO - 01/12/26 18:10:38 - 0:13:25 - Running average train loss is 0.6920003509521484 at epoch 423
INFO - 01/12/26 18:10:38 - 0:13:25 - At 424-th epoch with lr 0.000614.
INFO - 01/12/26 18:10:39 - 0:13:27 - Running average train loss is 0.6925146102905273 at epoch 424
INFO - 01/12/26 18:10:39 - 0:13:27 - At 425-th epoch with lr 0.000614.
INFO - 01/12/26 18:10:41 - 0:13:29 - Running average train loss is 0.6924136519432068 at epoch 425
INFO - 01/12/26 18:10:41 - 0:13:29 - At 426-th epoch with lr 0.000613.
INFO - 01/12/26 18:10:43 - 0:13:31 - Running average train loss is 0.6925906801223755 at epoch 426
INFO - 01/12/26 18:10:43 - 0:13:31 - At 427-th epoch with lr 0.000612.
INFO - 01/12/26 18:10:45 - 0:13:33 - Running average train loss is 0.6922012805938721 at epoch 427
INFO - 01/12/26 18:10:45 - 0:13:33 - At 428-th epoch with lr 0.000611.
INFO - 01/12/26 18:10:47 - 0:13:34 - Running average train loss is 0.6930421257019043 at epoch 428
INFO - 01/12/26 18:10:47 - 0:13:34 - At 429-th epoch with lr 0.000611.
INFO - 01/12/26 18:10:49 - 0:13:36 - Running average train loss is 0.6931605887413025 at epoch 429
INFO - 01/12/26 18:10:49 - 0:13:36 - At 430-th epoch with lr 0.000610.
INFO - 01/12/26 18:10:50 - 0:13:38 - Running average train loss is 0.6927921795845031 at epoch 430
INFO - 01/12/26 18:10:50 - 0:13:38 - At 431-th epoch with lr 0.000609.
INFO - 01/12/26 18:10:52 - 0:13:40 - Running average train loss is 0.6922413372993469 at epoch 431
INFO - 01/12/26 18:10:52 - 0:13:40 - At 432-th epoch with lr 0.000609.
INFO - 01/12/26 18:10:54 - 0:13:42 - Running average train loss is 0.692019829750061 at epoch 432
INFO - 01/12/26 18:10:54 - 0:13:42 - Average dev loss is 0.7831512689590454 at epoch 432
INFO - 01/12/26 18:10:55 - 0:13:42 - dev accuracy is 89.0 at epoch 432
INFO - 01/12/26 18:10:55 - 0:13:42 - dev average edit distance is 0.129 at epoch 432
INFO - 01/12/26 18:10:55 - 0:13:42 - At 433-th epoch with lr 0.000608.
INFO - 01/12/26 18:10:57 - 0:13:44 - Running average train loss is 0.6920935249328614 at epoch 433
INFO - 01/12/26 18:10:57 - 0:13:44 - At 434-th epoch with lr 0.000607.
INFO - 01/12/26 18:10:58 - 0:13:46 - Running average train loss is 0.6920086359977722 at epoch 434
INFO - 01/12/26 18:10:58 - 0:13:46 - At 435-th epoch with lr 0.000606.
INFO - 01/12/26 18:11:00 - 0:13:48 - Running average train loss is 0.6924193143844605 at epoch 435
INFO - 01/12/26 18:11:00 - 0:13:48 - At 436-th epoch with lr 0.000606.
INFO - 01/12/26 18:11:02 - 0:13:50 - Running average train loss is 0.6926547431945801 at epoch 436
INFO - 01/12/26 18:11:02 - 0:13:50 - At 437-th epoch with lr 0.000605.
INFO - 01/12/26 18:11:04 - 0:13:51 - Running average train loss is 0.6932871413230896 at epoch 437
INFO - 01/12/26 18:11:04 - 0:13:51 - At 438-th epoch with lr 0.000604.
INFO - 01/12/26 18:11:06 - 0:13:53 - Running average train loss is 0.6925969123840332 at epoch 438
INFO - 01/12/26 18:11:06 - 0:13:53 - At 439-th epoch with lr 0.000604.
INFO - 01/12/26 18:11:07 - 0:13:55 - Running average train loss is 0.6916697597503663 at epoch 439
INFO - 01/12/26 18:11:07 - 0:13:55 - At 440-th epoch with lr 0.000603.
INFO - 01/12/26 18:11:09 - 0:13:57 - Running average train loss is 0.6916019463539124 at epoch 440
INFO - 01/12/26 18:11:09 - 0:13:57 - At 441-th epoch with lr 0.000602.
INFO - 01/12/26 18:11:11 - 0:13:59 - Running average train loss is 0.6920893883705139 at epoch 441
INFO - 01/12/26 18:11:11 - 0:13:59 - At 442-th epoch with lr 0.000602.
INFO - 01/12/26 18:11:13 - 0:14:01 - Running average train loss is 0.6923735499382019 at epoch 442
INFO - 01/12/26 18:11:13 - 0:14:01 - At 443-th epoch with lr 0.000601.
INFO - 01/12/26 18:11:15 - 0:14:02 - Running average train loss is 0.6922903132438659 at epoch 443
INFO - 01/12/26 18:11:15 - 0:14:02 - At 444-th epoch with lr 0.000600.
INFO - 01/12/26 18:11:16 - 0:14:04 - Running average train loss is 0.6934142732620239 at epoch 444
INFO - 01/12/26 18:11:16 - 0:14:04 - At 445-th epoch with lr 0.000600.
INFO - 01/12/26 18:11:18 - 0:14:06 - Running average train loss is 0.691887104511261 at epoch 445
INFO - 01/12/26 18:11:18 - 0:14:06 - At 446-th epoch with lr 0.000599.
INFO - 01/12/26 18:11:20 - 0:14:08 - Running average train loss is 0.6923021674156189 at epoch 446
INFO - 01/12/26 18:11:20 - 0:14:08 - At 447-th epoch with lr 0.000598.
INFO - 01/12/26 18:11:22 - 0:14:10 - Running average train loss is 0.6918145108222962 at epoch 447
INFO - 01/12/26 18:11:22 - 0:14:10 - At 448-th epoch with lr 0.000598.
INFO - 01/12/26 18:11:24 - 0:14:11 - Running average train loss is 0.6923994541168212 at epoch 448
INFO - 01/12/26 18:11:24 - 0:14:12 - Average dev loss is 0.7796001036961874 at epoch 448
INFO - 01/12/26 18:11:24 - 0:14:12 - dev accuracy is 89.4 at epoch 448
INFO - 01/12/26 18:11:24 - 0:14:12 - dev average edit distance is 0.125 at epoch 448
INFO - 01/12/26 18:11:24 - 0:14:12 - At 449-th epoch with lr 0.000597.
INFO - 01/12/26 18:11:26 - 0:14:14 - Running average train loss is 0.6923315668106079 at epoch 449
INFO - 01/12/26 18:11:26 - 0:14:14 - At 450-th epoch with lr 0.000596.
INFO - 01/12/26 18:11:28 - 0:14:16 - Running average train loss is 0.6923125195503235 at epoch 450
INFO - 01/12/26 18:11:28 - 0:14:16 - At 451-th epoch with lr 0.000596.
INFO - 01/12/26 18:11:30 - 0:14:18 - Running average train loss is 0.6920505094528199 at epoch 451
INFO - 01/12/26 18:11:30 - 0:14:18 - At 452-th epoch with lr 0.000595.
INFO - 01/12/26 18:11:32 - 0:14:19 - Running average train loss is 0.6918449354171753 at epoch 452
INFO - 01/12/26 18:11:32 - 0:14:19 - At 453-th epoch with lr 0.000594.
INFO - 01/12/26 18:11:34 - 0:14:21 - Running average train loss is 0.6924448895454407 at epoch 453
INFO - 01/12/26 18:11:34 - 0:14:21 - At 454-th epoch with lr 0.000594.
INFO - 01/12/26 18:11:35 - 0:14:23 - Running average train loss is 0.6928403329849243 at epoch 454
INFO - 01/12/26 18:11:35 - 0:14:23 - At 455-th epoch with lr 0.000593.
INFO - 01/12/26 18:11:37 - 0:14:25 - Running average train loss is 0.6922709918022156 at epoch 455
INFO - 01/12/26 18:11:37 - 0:14:25 - At 456-th epoch with lr 0.000592.
INFO - 01/12/26 18:11:39 - 0:14:27 - Running average train loss is 0.6933900570869446 at epoch 456
INFO - 01/12/26 18:11:39 - 0:14:27 - At 457-th epoch with lr 0.000592.
INFO - 01/12/26 18:11:41 - 0:14:29 - Running average train loss is 0.6921181154251098 at epoch 457
INFO - 01/12/26 18:11:41 - 0:14:29 - At 458-th epoch with lr 0.000591.
INFO - 01/12/26 18:11:43 - 0:14:31 - Running average train loss is 0.691877794265747 at epoch 458
INFO - 01/12/26 18:11:43 - 0:14:31 - At 459-th epoch with lr 0.000590.
INFO - 01/12/26 18:11:45 - 0:14:33 - Running average train loss is 0.6916745901107788 at epoch 459
INFO - 01/12/26 18:11:45 - 0:14:33 - At 460-th epoch with lr 0.000590.
INFO - 01/12/26 18:11:47 - 0:14:35 - Running average train loss is 0.692142481803894 at epoch 460
INFO - 01/12/26 18:11:47 - 0:14:35 - At 461-th epoch with lr 0.000589.
INFO - 01/12/26 18:11:49 - 0:14:36 - Running average train loss is 0.6918362641334533 at epoch 461
INFO - 01/12/26 18:11:49 - 0:14:36 - At 462-th epoch with lr 0.000588.
INFO - 01/12/26 18:11:51 - 0:14:38 - Running average train loss is 0.6926661968231201 at epoch 462
INFO - 01/12/26 18:11:51 - 0:14:38 - At 463-th epoch with lr 0.000588.
INFO - 01/12/26 18:11:52 - 0:14:40 - Running average train loss is 0.6920640850067139 at epoch 463
INFO - 01/12/26 18:11:52 - 0:14:40 - At 464-th epoch with lr 0.000587.
INFO - 01/12/26 18:11:54 - 0:14:42 - Running average train loss is 0.6913948822021484 at epoch 464
INFO - 01/12/26 18:11:54 - 0:14:42 - Average dev loss is 0.7698313196500143 at epoch 464
INFO - 01/12/26 18:11:55 - 0:14:42 - dev accuracy is 90.5 at epoch 464
INFO - 01/12/26 18:11:55 - 0:14:42 - dev average edit distance is 0.103 at epoch 464
INFO - 01/12/26 18:11:55 - 0:14:43 - At 465-th epoch with lr 0.000587.
INFO - 01/12/26 18:11:57 - 0:14:44 - Running average train loss is 0.6919544696807861 at epoch 465
INFO - 01/12/26 18:11:57 - 0:14:44 - At 466-th epoch with lr 0.000586.
INFO - 01/12/26 18:11:59 - 0:14:46 - Running average train loss is 0.6920930361747741 at epoch 466
INFO - 01/12/26 18:11:59 - 0:14:46 - At 467-th epoch with lr 0.000585.
INFO - 01/12/26 18:12:00 - 0:14:48 - Running average train loss is 0.6929182744026184 at epoch 467
INFO - 01/12/26 18:12:00 - 0:14:48 - At 468-th epoch with lr 0.000585.
INFO - 01/12/26 18:12:02 - 0:14:50 - Running average train loss is 0.6918101882934571 at epoch 468
INFO - 01/12/26 18:12:02 - 0:14:50 - At 469-th epoch with lr 0.000584.
INFO - 01/12/26 18:12:04 - 0:14:52 - Running average train loss is 0.6912398219108582 at epoch 469
INFO - 01/12/26 18:12:04 - 0:14:52 - At 470-th epoch with lr 0.000583.
INFO - 01/12/26 18:12:06 - 0:14:54 - Running average train loss is 0.6918311309814453 at epoch 470
INFO - 01/12/26 18:12:06 - 0:14:54 - At 471-th epoch with lr 0.000583.
INFO - 01/12/26 18:12:08 - 0:14:55 - Running average train loss is 0.6916654109954834 at epoch 471
INFO - 01/12/26 18:12:08 - 0:14:55 - At 472-th epoch with lr 0.000582.
INFO - 01/12/26 18:12:10 - 0:14:57 - Running average train loss is 0.6919867181777954 at epoch 472
INFO - 01/12/26 18:12:10 - 0:14:57 - At 473-th epoch with lr 0.000582.
INFO - 01/12/26 18:12:11 - 0:14:59 - Running average train loss is 0.6917474842071534 at epoch 473
INFO - 01/12/26 18:12:11 - 0:14:59 - At 474-th epoch with lr 0.000581.
INFO - 01/12/26 18:12:13 - 0:15:01 - Running average train loss is 0.6918180203437805 at epoch 474
INFO - 01/12/26 18:12:13 - 0:15:01 - At 475-th epoch with lr 0.000580.
INFO - 01/12/26 18:12:15 - 0:15:03 - Running average train loss is 0.6920191264152527 at epoch 475
INFO - 01/12/26 18:12:15 - 0:15:03 - At 476-th epoch with lr 0.000580.
INFO - 01/12/26 18:12:17 - 0:15:05 - Running average train loss is 0.6923344111442566 at epoch 476
INFO - 01/12/26 18:12:17 - 0:15:05 - At 477-th epoch with lr 0.000579.
INFO - 01/12/26 18:12:19 - 0:15:06 - Running average train loss is 0.6917756867408752 at epoch 477
INFO - 01/12/26 18:12:19 - 0:15:06 - At 478-th epoch with lr 0.000579.
INFO - 01/12/26 18:12:21 - 0:15:08 - Running average train loss is 0.6918845748901368 at epoch 478
INFO - 01/12/26 18:12:21 - 0:15:08 - At 479-th epoch with lr 0.000578.
INFO - 01/12/26 18:12:22 - 0:15:10 - Running average train loss is 0.691608862876892 at epoch 479
INFO - 01/12/26 18:12:22 - 0:15:10 - At 480-th epoch with lr 0.000577.
INFO - 01/12/26 18:12:24 - 0:15:12 - Running average train loss is 0.6914529418945312 at epoch 480
INFO - 01/12/26 18:12:24 - 0:15:12 - Average dev loss is 0.7881797750790914 at epoch 480
INFO - 01/12/26 18:12:25 - 0:15:12 - dev accuracy is 89.4 at epoch 480
INFO - 01/12/26 18:12:25 - 0:15:12 - dev average edit distance is 0.12 at epoch 480
INFO - 01/12/26 18:12:25 - 0:15:13 - At 481-th epoch with lr 0.000577.
INFO - 01/12/26 18:12:27 - 0:15:14 - Running average train loss is 0.6917750263214111 at epoch 481
INFO - 01/12/26 18:12:27 - 0:15:14 - At 482-th epoch with lr 0.000576.
INFO - 01/12/26 18:12:29 - 0:15:16 - Running average train loss is 0.6911750483512878 at epoch 482
INFO - 01/12/26 18:12:29 - 0:15:16 - At 483-th epoch with lr 0.000576.
INFO - 01/12/26 18:12:30 - 0:15:18 - Running average train loss is 0.6919393658638 at epoch 483
INFO - 01/12/26 18:12:30 - 0:15:18 - At 484-th epoch with lr 0.000575.
INFO - 01/12/26 18:12:32 - 0:15:20 - Running average train loss is 0.6918727374076843 at epoch 484
INFO - 01/12/26 18:12:32 - 0:15:20 - At 485-th epoch with lr 0.000574.
INFO - 01/12/26 18:12:34 - 0:15:22 - Running average train loss is 0.6923744606971741 at epoch 485
INFO - 01/12/26 18:12:34 - 0:15:22 - At 486-th epoch with lr 0.000574.
INFO - 01/12/26 18:12:36 - 0:15:24 - Running average train loss is 0.6921984100341797 at epoch 486
INFO - 01/12/26 18:12:36 - 0:15:24 - At 487-th epoch with lr 0.000573.
INFO - 01/12/26 18:12:38 - 0:15:25 - Running average train loss is 0.691636905670166 at epoch 487
INFO - 01/12/26 18:12:38 - 0:15:25 - At 488-th epoch with lr 0.000573.
INFO - 01/12/26 18:12:40 - 0:15:27 - Running average train loss is 0.6914286851882935 at epoch 488
INFO - 01/12/26 18:12:40 - 0:15:27 - At 489-th epoch with lr 0.000572.
INFO - 01/12/26 18:12:41 - 0:15:29 - Running average train loss is 0.6914803838729858 at epoch 489
INFO - 01/12/26 18:12:41 - 0:15:29 - At 490-th epoch with lr 0.000571.
INFO - 01/12/26 18:12:43 - 0:15:31 - Running average train loss is 0.6915423774719238 at epoch 490
INFO - 01/12/26 18:12:43 - 0:15:31 - At 491-th epoch with lr 0.000571.
INFO - 01/12/26 18:12:45 - 0:15:33 - Running average train loss is 0.6918668127059937 at epoch 491
INFO - 01/12/26 18:12:45 - 0:15:33 - At 492-th epoch with lr 0.000570.
INFO - 01/12/26 18:12:47 - 0:15:34 - Running average train loss is 0.6915974426269531 at epoch 492
INFO - 01/12/26 18:12:47 - 0:15:34 - At 493-th epoch with lr 0.000570.
INFO - 01/12/26 18:12:49 - 0:15:36 - Running average train loss is 0.6920222330093384 at epoch 493
INFO - 01/12/26 18:12:49 - 0:15:36 - At 494-th epoch with lr 0.000569.
INFO - 01/12/26 18:12:50 - 0:15:38 - Running average train loss is 0.691646602153778 at epoch 494
INFO - 01/12/26 18:12:50 - 0:15:38 - At 495-th epoch with lr 0.000569.
INFO - 01/12/26 18:12:52 - 0:15:40 - Running average train loss is 0.6915988945960998 at epoch 495
INFO - 01/12/26 18:12:52 - 0:15:40 - At 496-th epoch with lr 0.000568.
INFO - 01/12/26 18:12:54 - 0:15:42 - Running average train loss is 0.6919327974319458 at epoch 496
INFO - 01/12/26 18:12:54 - 0:15:42 - Average dev loss is 0.772482673327128 at epoch 496
INFO - 01/12/26 18:12:55 - 0:15:42 - dev accuracy is 89.3 at epoch 496
INFO - 01/12/26 18:12:55 - 0:15:42 - dev average edit distance is 0.126 at epoch 496
INFO - 01/12/26 18:12:55 - 0:15:42 - At 497-th epoch with lr 0.000567.
INFO - 01/12/26 18:12:57 - 0:15:44 - Running average train loss is 0.6914348626136779 at epoch 497
INFO - 01/12/26 18:12:57 - 0:15:44 - At 498-th epoch with lr 0.000567.
INFO - 01/12/26 18:12:58 - 0:15:46 - Running average train loss is 0.6918003249168396 at epoch 498
INFO - 01/12/26 18:12:58 - 0:15:46 - At 499-th epoch with lr 0.000566.
INFO - 01/12/26 18:13:00 - 0:15:48 - Running average train loss is 0.6920993781089783 at epoch 499
INFO - 01/12/26 18:13:00 - 0:15:48 - At 500-th epoch with lr 0.000566.
INFO - 01/12/26 18:13:02 - 0:15:50 - Running average train loss is 0.6917012000083923 at epoch 500
INFO - 01/12/26 18:13:02 - 0:15:50 - At 501-th epoch with lr 0.000565.
INFO - 01/12/26 18:13:04 - 0:15:51 - Running average train loss is 0.6918350768089294 at epoch 501
INFO - 01/12/26 18:13:04 - 0:15:51 - At 502-th epoch with lr 0.000565.
INFO - 01/12/26 18:13:06 - 0:15:53 - Running average train loss is 0.6914765405654907 at epoch 502
INFO - 01/12/26 18:13:06 - 0:15:53 - At 503-th epoch with lr 0.000564.
INFO - 01/12/26 18:13:07 - 0:15:55 - Running average train loss is 0.6918239831924439 at epoch 503
INFO - 01/12/26 18:13:07 - 0:15:55 - At 504-th epoch with lr 0.000563.
INFO - 01/12/26 18:13:09 - 0:15:57 - Running average train loss is 0.6917025589942932 at epoch 504
INFO - 01/12/26 18:13:09 - 0:15:57 - At 505-th epoch with lr 0.000563.
INFO - 01/12/26 18:13:11 - 0:15:59 - Running average train loss is 0.6916246533393859 at epoch 505
INFO - 01/12/26 18:13:11 - 0:15:59 - At 506-th epoch with lr 0.000562.
INFO - 01/12/26 18:13:13 - 0:16:01 - Running average train loss is 0.6919958209991455 at epoch 506
INFO - 01/12/26 18:13:13 - 0:16:01 - At 507-th epoch with lr 0.000562.
INFO - 01/12/26 18:13:15 - 0:16:02 - Running average train loss is 0.6913569092750549 at epoch 507
INFO - 01/12/26 18:13:15 - 0:16:02 - At 508-th epoch with lr 0.000561.
INFO - 01/12/26 18:13:16 - 0:16:04 - Running average train loss is 0.6918491363525391 at epoch 508
INFO - 01/12/26 18:13:16 - 0:16:04 - At 509-th epoch with lr 0.000561.
INFO - 01/12/26 18:13:18 - 0:16:06 - Running average train loss is 0.6920943951606751 at epoch 509
INFO - 01/12/26 18:13:18 - 0:16:06 - At 510-th epoch with lr 0.000560.
INFO - 01/12/26 18:13:20 - 0:16:08 - Running average train loss is 0.6920674180984497 at epoch 510
INFO - 01/12/26 18:13:20 - 0:16:08 - At 511-th epoch with lr 0.000560.
INFO - 01/12/26 18:13:22 - 0:16:10 - Running average train loss is 0.6915577554702759 at epoch 511
INFO - 01/12/26 18:13:22 - 0:16:10 - At 512-th epoch with lr 0.000559.
INFO - 01/12/26 18:13:24 - 0:16:11 - Running average train loss is 0.6907808995246887 at epoch 512
INFO - 01/12/26 18:13:24 - 0:16:12 - Average dev loss is 0.7769329945246378 at epoch 512
INFO - 01/12/26 18:13:24 - 0:16:12 - dev accuracy is 89.8 at epoch 512
INFO - 01/12/26 18:13:24 - 0:16:12 - dev average edit distance is 0.123 at epoch 512
INFO - 01/12/26 18:13:24 - 0:16:12 - At 513-th epoch with lr 0.000558.
INFO - 01/12/26 18:13:26 - 0:16:14 - Running average train loss is 0.6916396641731262 at epoch 513
INFO - 01/12/26 18:13:26 - 0:16:14 - At 514-th epoch with lr 0.000558.
INFO - 01/12/26 18:13:28 - 0:16:16 - Running average train loss is 0.6924858093261719 at epoch 514
INFO - 01/12/26 18:13:28 - 0:16:16 - At 515-th epoch with lr 0.000557.
INFO - 01/12/26 18:13:30 - 0:16:18 - Running average train loss is 0.6909914946556092 at epoch 515
INFO - 01/12/26 18:13:30 - 0:16:18 - At 516-th epoch with lr 0.000557.
INFO - 01/12/26 18:13:32 - 0:16:19 - Running average train loss is 0.6918581533432007 at epoch 516
INFO - 01/12/26 18:13:32 - 0:16:19 - At 517-th epoch with lr 0.000556.
INFO - 01/12/26 18:13:33 - 0:16:21 - Running average train loss is 0.6917260098457336 at epoch 517
INFO - 01/12/26 18:13:33 - 0:16:21 - At 518-th epoch with lr 0.000556.
INFO - 01/12/26 18:13:35 - 0:16:23 - Running average train loss is 0.6912687397003174 at epoch 518
INFO - 01/12/26 18:13:35 - 0:16:23 - At 519-th epoch with lr 0.000555.
INFO - 01/12/26 18:13:37 - 0:16:25 - Running average train loss is 0.6911861109733581 at epoch 519
INFO - 01/12/26 18:13:37 - 0:16:25 - At 520-th epoch with lr 0.000555.
INFO - 01/12/26 18:13:39 - 0:16:27 - Running average train loss is 0.6916432976722717 at epoch 520
INFO - 01/12/26 18:13:39 - 0:16:27 - At 521-th epoch with lr 0.000554.
INFO - 01/12/26 18:13:41 - 0:16:28 - Running average train loss is 0.6912057614326477 at epoch 521
INFO - 01/12/26 18:13:41 - 0:16:28 - At 522-th epoch with lr 0.000554.
INFO - 01/12/26 18:13:43 - 0:16:30 - Running average train loss is 0.6917420983314514 at epoch 522
INFO - 01/12/26 18:13:43 - 0:16:30 - At 523-th epoch with lr 0.000553.
INFO - 01/12/26 18:13:44 - 0:16:32 - Running average train loss is 0.6912537622451782 at epoch 523
INFO - 01/12/26 18:13:44 - 0:16:32 - At 524-th epoch with lr 0.000553.
INFO - 01/12/26 18:13:46 - 0:16:34 - Running average train loss is 0.6912977433204651 at epoch 524
INFO - 01/12/26 18:13:46 - 0:16:34 - At 525-th epoch with lr 0.000552.
INFO - 01/12/26 18:13:48 - 0:16:36 - Running average train loss is 0.6912351727485657 at epoch 525
INFO - 01/12/26 18:13:48 - 0:16:36 - At 526-th epoch with lr 0.000552.
INFO - 01/12/26 18:13:50 - 0:16:38 - Running average train loss is 0.691725401878357 at epoch 526
INFO - 01/12/26 18:13:50 - 0:16:38 - At 527-th epoch with lr 0.000551.
INFO - 01/12/26 18:13:52 - 0:16:39 - Running average train loss is 0.691253125667572 at epoch 527
INFO - 01/12/26 18:13:52 - 0:16:39 - At 528-th epoch with lr 0.000550.
INFO - 01/12/26 18:13:54 - 0:16:41 - Running average train loss is 0.6920116829872132 at epoch 528
INFO - 01/12/26 18:13:54 - 0:16:41 - Average dev loss is 0.7724881768226624 at epoch 528
INFO - 01/12/26 18:13:54 - 0:16:42 - dev accuracy is 90.5 at epoch 528
INFO - 01/12/26 18:13:54 - 0:16:42 - dev average edit distance is 0.101 at epoch 528
INFO - 01/12/26 18:13:54 - 0:16:42 - At 529-th epoch with lr 0.000550.
INFO - 01/12/26 18:13:56 - 0:16:44 - Running average train loss is 0.6914043211936951 at epoch 529
INFO - 01/12/26 18:13:56 - 0:16:44 - At 530-th epoch with lr 0.000549.
INFO - 01/12/26 18:13:58 - 0:16:46 - Running average train loss is 0.6914549732208252 at epoch 530
INFO - 01/12/26 18:13:58 - 0:16:46 - At 531-th epoch with lr 0.000549.
INFO - 01/12/26 18:14:00 - 0:16:48 - Running average train loss is 0.6919594120979309 at epoch 531
INFO - 01/12/26 18:14:00 - 0:16:48 - At 532-th epoch with lr 0.000548.
INFO - 01/12/26 18:14:02 - 0:16:49 - Running average train loss is 0.6919547414779663 at epoch 532
INFO - 01/12/26 18:14:02 - 0:16:49 - At 533-th epoch with lr 0.000548.
INFO - 01/12/26 18:14:03 - 0:16:51 - Running average train loss is 0.6913043880462646 at epoch 533
INFO - 01/12/26 18:14:03 - 0:16:51 - At 534-th epoch with lr 0.000547.
INFO - 01/12/26 18:14:06 - 0:16:53 - Running average train loss is 0.69146311044693 at epoch 534
INFO - 01/12/26 18:14:06 - 0:16:53 - At 535-th epoch with lr 0.000547.
INFO - 01/12/26 18:14:08 - 0:16:55 - Running average train loss is 0.6913897919654847 at epoch 535
INFO - 01/12/26 18:14:08 - 0:16:55 - At 536-th epoch with lr 0.000546.
INFO - 01/12/26 18:14:10 - 0:16:57 - Running average train loss is 0.6913684892654419 at epoch 536
INFO - 01/12/26 18:14:10 - 0:16:57 - At 537-th epoch with lr 0.000546.
INFO - 01/12/26 18:14:11 - 0:16:59 - Running average train loss is 0.691638503074646 at epoch 537
INFO - 01/12/26 18:14:11 - 0:16:59 - At 538-th epoch with lr 0.000545.
INFO - 01/12/26 18:14:13 - 0:17:01 - Running average train loss is 0.6913710808753968 at epoch 538
INFO - 01/12/26 18:14:13 - 0:17:01 - At 539-th epoch with lr 0.000545.
INFO - 01/12/26 18:14:15 - 0:17:03 - Running average train loss is 0.6913549780845643 at epoch 539
INFO - 01/12/26 18:14:15 - 0:17:03 - At 540-th epoch with lr 0.000544.
INFO - 01/12/26 18:14:17 - 0:17:05 - Running average train loss is 0.6913111996650696 at epoch 540
INFO - 01/12/26 18:14:17 - 0:17:05 - At 541-th epoch with lr 0.000544.
INFO - 01/12/26 18:14:19 - 0:17:07 - Running average train loss is 0.6917460370063782 at epoch 541
INFO - 01/12/26 18:14:19 - 0:17:07 - At 542-th epoch with lr 0.000543.
INFO - 01/12/26 18:14:21 - 0:17:09 - Running average train loss is 0.691156222820282 at epoch 542
INFO - 01/12/26 18:14:21 - 0:17:09 - At 543-th epoch with lr 0.000543.
INFO - 01/12/26 18:14:23 - 0:17:10 - Running average train loss is 0.6918181204795837 at epoch 543
INFO - 01/12/26 18:14:23 - 0:17:10 - At 544-th epoch with lr 0.000542.
INFO - 01/12/26 18:14:24 - 0:17:12 - Running average train loss is 0.6917356586456299 at epoch 544
INFO - 01/12/26 18:14:24 - 0:17:12 - Average dev loss is 0.7763902346293131 at epoch 544
INFO - 01/12/26 18:14:25 - 0:17:13 - dev accuracy is 90.1 at epoch 544
INFO - 01/12/26 18:14:25 - 0:17:13 - dev average edit distance is 0.112 at epoch 544
INFO - 01/12/26 18:14:25 - 0:17:13 - At 545-th epoch with lr 0.000542.
INFO - 01/12/26 18:14:27 - 0:17:15 - Running average train loss is 0.6914650750160217 at epoch 545
INFO - 01/12/26 18:14:27 - 0:17:15 - At 546-th epoch with lr 0.000541.
INFO - 01/12/26 18:14:29 - 0:17:16 - Running average train loss is 0.6908616399765015 at epoch 546
INFO - 01/12/26 18:14:29 - 0:17:16 - At 547-th epoch with lr 0.000541.
INFO - 01/12/26 18:14:31 - 0:17:18 - Running average train loss is 0.6912975478172302 at epoch 547
INFO - 01/12/26 18:14:31 - 0:17:18 - At 548-th epoch with lr 0.000540.
INFO - 01/12/26 18:14:32 - 0:17:20 - Running average train loss is 0.6917573046684266 at epoch 548
INFO - 01/12/26 18:14:32 - 0:17:20 - At 549-th epoch with lr 0.000540.
INFO - 01/12/26 18:14:34 - 0:17:22 - Running average train loss is 0.6910406088829041 at epoch 549
INFO - 01/12/26 18:14:34 - 0:17:22 - At 550-th epoch with lr 0.000539.
INFO - 01/12/26 18:14:36 - 0:17:24 - Running average train loss is 0.6917500114440918 at epoch 550
INFO - 01/12/26 18:14:36 - 0:17:24 - At 551-th epoch with lr 0.000539.
INFO - 01/12/26 18:14:38 - 0:17:25 - Running average train loss is 0.6909936165809631 at epoch 551
INFO - 01/12/26 18:14:38 - 0:17:25 - At 552-th epoch with lr 0.000538.
INFO - 01/12/26 18:14:39 - 0:17:27 - Running average train loss is 0.6912323880195618 at epoch 552
INFO - 01/12/26 18:14:39 - 0:17:27 - At 553-th epoch with lr 0.000538.
INFO - 01/12/26 18:14:41 - 0:17:29 - Running average train loss is 0.6913804411888123 at epoch 553
INFO - 01/12/26 18:14:41 - 0:17:29 - At 554-th epoch with lr 0.000537.
INFO - 01/12/26 18:14:43 - 0:17:31 - Running average train loss is 0.690951714515686 at epoch 554
INFO - 01/12/26 18:14:43 - 0:17:31 - At 555-th epoch with lr 0.000537.
INFO - 01/12/26 18:14:45 - 0:17:33 - Running average train loss is 0.6914473533630371 at epoch 555
INFO - 01/12/26 18:14:45 - 0:17:33 - At 556-th epoch with lr 0.000536.
INFO - 01/12/26 18:14:47 - 0:17:34 - Running average train loss is 0.6919758296012879 at epoch 556
INFO - 01/12/26 18:14:47 - 0:17:34 - At 557-th epoch with lr 0.000536.
INFO - 01/12/26 18:14:48 - 0:17:36 - Running average train loss is 0.6911133551597595 at epoch 557
INFO - 01/12/26 18:14:48 - 0:17:36 - At 558-th epoch with lr 0.000535.
INFO - 01/12/26 18:14:50 - 0:17:38 - Running average train loss is 0.691668689250946 at epoch 558
INFO - 01/12/26 18:14:50 - 0:17:38 - At 559-th epoch with lr 0.000535.
INFO - 01/12/26 18:14:52 - 0:17:40 - Running average train loss is 0.6907096195220948 at epoch 559
INFO - 01/12/26 18:14:52 - 0:17:40 - At 560-th epoch with lr 0.000535.
INFO - 01/12/26 18:14:54 - 0:17:42 - Running average train loss is 0.6913825702667237 at epoch 560
INFO - 01/12/26 18:14:54 - 0:17:42 - Average dev loss is 0.7764997680981954 at epoch 560
INFO - 01/12/26 18:14:55 - 0:17:42 - dev accuracy is 88.5 at epoch 560
INFO - 01/12/26 18:14:55 - 0:17:42 - dev average edit distance is 0.135 at epoch 560
INFO - 01/12/26 18:14:55 - 0:17:43 - At 561-th epoch with lr 0.000534.
INFO - 01/12/26 18:14:57 - 0:17:44 - Running average train loss is 0.6914370942115784 at epoch 561
INFO - 01/12/26 18:14:57 - 0:17:44 - At 562-th epoch with lr 0.000534.
INFO - 01/12/26 18:14:59 - 0:17:46 - Running average train loss is 0.6911696767807007 at epoch 562
INFO - 01/12/26 18:14:59 - 0:17:46 - At 563-th epoch with lr 0.000533.
INFO - 01/12/26 18:15:00 - 0:17:48 - Running average train loss is 0.6913288068771363 at epoch 563
INFO - 01/12/26 18:15:00 - 0:17:48 - At 564-th epoch with lr 0.000533.
INFO - 01/12/26 18:15:02 - 0:17:50 - Running average train loss is 0.691107087135315 at epoch 564
INFO - 01/12/26 18:15:02 - 0:17:50 - At 565-th epoch with lr 0.000532.
INFO - 01/12/26 18:15:04 - 0:17:52 - Running average train loss is 0.6914358854293823 at epoch 565
INFO - 01/12/26 18:15:04 - 0:17:52 - At 566-th epoch with lr 0.000532.
INFO - 01/12/26 18:15:06 - 0:17:53 - Running average train loss is 0.6907806420326232 at epoch 566
INFO - 01/12/26 18:15:06 - 0:17:53 - At 567-th epoch with lr 0.000531.
INFO - 01/12/26 18:15:07 - 0:17:55 - Running average train loss is 0.6911226367950439 at epoch 567
INFO - 01/12/26 18:15:07 - 0:17:55 - At 568-th epoch with lr 0.000531.
INFO - 01/12/26 18:15:09 - 0:17:57 - Running average train loss is 0.6914671635627747 at epoch 568
INFO - 01/12/26 18:15:09 - 0:17:57 - At 569-th epoch with lr 0.000530.
INFO - 01/12/26 18:15:11 - 0:17:59 - Running average train loss is 0.6909438133239746 at epoch 569
INFO - 01/12/26 18:15:11 - 0:17:59 - At 570-th epoch with lr 0.000530.
INFO - 01/12/26 18:15:13 - 0:18:01 - Running average train loss is 0.6909645462036133 at epoch 570
INFO - 01/12/26 18:15:13 - 0:18:01 - At 571-th epoch with lr 0.000529.
INFO - 01/12/26 18:15:15 - 0:18:03 - Running average train loss is 0.6912658047676087 at epoch 571
INFO - 01/12/26 18:15:15 - 0:18:03 - At 572-th epoch with lr 0.000529.
INFO - 01/12/26 18:15:17 - 0:18:04 - Running average train loss is 0.6914430451393128 at epoch 572
INFO - 01/12/26 18:15:17 - 0:18:04 - At 573-th epoch with lr 0.000528.
INFO - 01/12/26 18:15:18 - 0:18:06 - Running average train loss is 0.6910543894767761 at epoch 573
INFO - 01/12/26 18:15:18 - 0:18:06 - At 574-th epoch with lr 0.000528.
INFO - 01/12/26 18:15:20 - 0:18:08 - Running average train loss is 0.690892391204834 at epoch 574
INFO - 01/12/26 18:15:20 - 0:18:08 - At 575-th epoch with lr 0.000528.
INFO - 01/12/26 18:15:22 - 0:18:10 - Running average train loss is 0.6908573746681214 at epoch 575
INFO - 01/12/26 18:15:22 - 0:18:10 - At 576-th epoch with lr 0.000527.
INFO - 01/12/26 18:15:24 - 0:18:12 - Running average train loss is 0.6912944483757019 at epoch 576
INFO - 01/12/26 18:15:24 - 0:18:12 - Average dev loss is 0.7721338669459025 at epoch 576
INFO - 01/12/26 18:15:25 - 0:18:13 - dev accuracy is 89.3 at epoch 576
INFO - 01/12/26 18:15:25 - 0:18:13 - dev average edit distance is 0.148 at epoch 576
INFO - 01/12/26 18:15:25 - 0:18:13 - At 577-th epoch with lr 0.000527.
INFO - 01/12/26 18:15:27 - 0:18:14 - Running average train loss is 0.690983395576477 at epoch 577
INFO - 01/12/26 18:15:27 - 0:18:14 - At 578-th epoch with lr 0.000526.
INFO - 01/12/26 18:15:29 - 0:18:16 - Running average train loss is 0.6913544583320618 at epoch 578
INFO - 01/12/26 18:15:29 - 0:18:16 - At 579-th epoch with lr 0.000526.
INFO - 01/12/26 18:15:30 - 0:18:18 - Running average train loss is 0.6910856437683105 at epoch 579
INFO - 01/12/26 18:15:30 - 0:18:18 - At 580-th epoch with lr 0.000525.
INFO - 01/12/26 18:15:32 - 0:18:20 - Running average train loss is 0.6908520150184632 at epoch 580
INFO - 01/12/26 18:15:32 - 0:18:20 - At 581-th epoch with lr 0.000525.
INFO - 01/12/26 18:15:34 - 0:18:22 - Running average train loss is 0.6911721587181091 at epoch 581
INFO - 01/12/26 18:15:34 - 0:18:22 - At 582-th epoch with lr 0.000524.
INFO - 01/12/26 18:15:36 - 0:18:23 - Running average train loss is 0.6908165383338928 at epoch 582
INFO - 01/12/26 18:15:36 - 0:18:23 - At 583-th epoch with lr 0.000524.
INFO - 01/12/26 18:15:37 - 0:18:25 - Running average train loss is 0.6911393284797669 at epoch 583
INFO - 01/12/26 18:15:37 - 0:18:25 - At 584-th epoch with lr 0.000523.
INFO - 01/12/26 18:15:39 - 0:18:27 - Running average train loss is 0.6913664817810059 at epoch 584
INFO - 01/12/26 18:15:39 - 0:18:27 - At 585-th epoch with lr 0.000523.
INFO - 01/12/26 18:15:41 - 0:18:29 - Running average train loss is 0.691020405292511 at epoch 585
INFO - 01/12/26 18:15:41 - 0:18:29 - At 586-th epoch with lr 0.000523.
INFO - 01/12/26 18:15:43 - 0:18:31 - Running average train loss is 0.6910224628448486 at epoch 586
INFO - 01/12/26 18:15:43 - 0:18:31 - At 587-th epoch with lr 0.000522.
INFO - 01/12/26 18:15:45 - 0:18:33 - Running average train loss is 0.6910067868232727 at epoch 587
INFO - 01/12/26 18:15:45 - 0:18:33 - At 588-th epoch with lr 0.000522.
INFO - 01/12/26 18:15:47 - 0:18:35 - Running average train loss is 0.6910479497909546 at epoch 588
INFO - 01/12/26 18:15:47 - 0:18:35 - At 589-th epoch with lr 0.000521.
INFO - 01/12/26 18:15:49 - 0:18:37 - Running average train loss is 0.6907753539085388 at epoch 589
INFO - 01/12/26 18:15:49 - 0:18:37 - At 590-th epoch with lr 0.000521.
INFO - 01/12/26 18:15:51 - 0:18:39 - Running average train loss is 0.6905451083183288 at epoch 590
INFO - 01/12/26 18:15:51 - 0:18:39 - At 591-th epoch with lr 0.000520.
INFO - 01/12/26 18:15:53 - 0:18:40 - Running average train loss is 0.6906844329833984 at epoch 591
INFO - 01/12/26 18:15:53 - 0:18:40 - At 592-th epoch with lr 0.000520.
INFO - 01/12/26 18:15:55 - 0:18:42 - Running average train loss is 0.6905215692520141 at epoch 592
INFO - 01/12/26 18:15:55 - 0:18:42 - Average dev loss is 0.7687101364135742 at epoch 592
INFO - 01/12/26 18:15:55 - 0:18:43 - dev accuracy is 90.6 at epoch 592
INFO - 01/12/26 18:15:55 - 0:18:43 - dev average edit distance is 0.119 at epoch 592
INFO - 01/12/26 18:15:55 - 0:18:43 - At 593-th epoch with lr 0.000519.
INFO - 01/12/26 18:15:57 - 0:18:45 - Running average train loss is 0.6902372574806214 at epoch 593
INFO - 01/12/26 18:15:57 - 0:18:45 - At 594-th epoch with lr 0.000519.
INFO - 01/12/26 18:15:59 - 0:18:47 - Running average train loss is 0.6909914135932922 at epoch 594
INFO - 01/12/26 18:15:59 - 0:18:47 - At 595-th epoch with lr 0.000519.
INFO - 01/12/26 18:16:01 - 0:18:48 - Running average train loss is 0.6909713864326477 at epoch 595
INFO - 01/12/26 18:16:01 - 0:18:48 - At 596-th epoch with lr 0.000518.
INFO - 01/12/26 18:16:03 - 0:18:50 - Running average train loss is 0.6910945820808411 at epoch 596
INFO - 01/12/26 18:16:03 - 0:18:50 - At 597-th epoch with lr 0.000518.
INFO - 01/12/26 18:16:04 - 0:18:52 - Running average train loss is 0.690938549041748 at epoch 597
INFO - 01/12/26 18:16:04 - 0:18:52 - At 598-th epoch with lr 0.000517.
INFO - 01/12/26 18:16:06 - 0:18:54 - Running average train loss is 0.6906127882003784 at epoch 598
INFO - 01/12/26 18:16:06 - 0:18:54 - At 599-th epoch with lr 0.000517.
INFO - 01/12/26 18:16:08 - 0:18:56 - Running average train loss is 0.6912576580047607 at epoch 599
INFO - 01/12/26 18:16:08 - 0:18:56 - At 600-th epoch with lr 0.000516.
INFO - 01/12/26 18:16:10 - 0:18:58 - Running average train loss is 0.691348180770874 at epoch 600
INFO - 01/12/26 18:16:10 - 0:18:58 - At 601-th epoch with lr 0.000516.
INFO - 01/12/26 18:16:12 - 0:19:00 - Running average train loss is 0.6906693315505982 at epoch 601
INFO - 01/12/26 18:16:12 - 0:19:00 - At 602-th epoch with lr 0.000516.
INFO - 01/12/26 18:16:14 - 0:19:02 - Running average train loss is 0.690602810382843 at epoch 602
INFO - 01/12/26 18:16:14 - 0:19:02 - At 603-th epoch with lr 0.000515.
INFO - 01/12/26 18:16:16 - 0:19:04 - Running average train loss is 0.6908244419097901 at epoch 603
INFO - 01/12/26 18:16:16 - 0:19:04 - At 604-th epoch with lr 0.000515.
INFO - 01/12/26 18:16:18 - 0:19:06 - Running average train loss is 0.6909786987304688 at epoch 604
INFO - 01/12/26 18:16:18 - 0:19:06 - At 605-th epoch with lr 0.000514.
INFO - 01/12/26 18:16:20 - 0:19:08 - Running average train loss is 0.6910918641090393 at epoch 605
INFO - 01/12/26 18:16:20 - 0:19:08 - At 606-th epoch with lr 0.000514.
INFO - 01/12/26 18:16:22 - 0:19:10 - Running average train loss is 0.6909685897827148 at epoch 606
INFO - 01/12/26 18:16:22 - 0:19:10 - At 607-th epoch with lr 0.000513.
INFO - 01/12/26 18:16:24 - 0:19:12 - Running average train loss is 0.6913440322875977 at epoch 607
INFO - 01/12/26 18:16:24 - 0:19:12 - At 608-th epoch with lr 0.000513.
INFO - 01/12/26 18:16:26 - 0:19:13 - Running average train loss is 0.6908257555961609 at epoch 608
INFO - 01/12/26 18:16:26 - 0:19:13 - Average dev loss is 0.7715346217155457 at epoch 608
INFO - 01/12/26 18:16:26 - 0:19:14 - dev accuracy is 89.9 at epoch 608
INFO - 01/12/26 18:16:26 - 0:19:14 - dev average edit distance is 0.118 at epoch 608
INFO - 01/12/26 18:16:26 - 0:19:14 - At 609-th epoch with lr 0.000513.
INFO - 01/12/26 18:16:28 - 0:19:16 - Running average train loss is 0.6908429694175721 at epoch 609
INFO - 01/12/26 18:16:28 - 0:19:16 - At 610-th epoch with lr 0.000512.
INFO - 01/12/26 18:16:30 - 0:19:18 - Running average train loss is 0.6911255216598511 at epoch 610
INFO - 01/12/26 18:16:30 - 0:19:18 - At 611-th epoch with lr 0.000512.
INFO - 01/12/26 18:16:32 - 0:19:19 - Running average train loss is 0.6908590030670166 at epoch 611
INFO - 01/12/26 18:16:32 - 0:19:19 - At 612-th epoch with lr 0.000511.
INFO - 01/12/26 18:16:33 - 0:19:21 - Running average train loss is 0.6909506511688233 at epoch 612
INFO - 01/12/26 18:16:33 - 0:19:21 - At 613-th epoch with lr 0.000511.
INFO - 01/12/26 18:16:35 - 0:19:23 - Running average train loss is 0.6912763023376465 at epoch 613
INFO - 01/12/26 18:16:35 - 0:19:23 - At 614-th epoch with lr 0.000510.
INFO - 01/12/26 18:16:37 - 0:19:25 - Running average train loss is 0.6910521245002746 at epoch 614
INFO - 01/12/26 18:16:37 - 0:19:25 - At 615-th epoch with lr 0.000510.
INFO - 01/12/26 18:16:39 - 0:19:27 - Running average train loss is 0.6907001399993896 at epoch 615
INFO - 01/12/26 18:16:39 - 0:19:27 - At 616-th epoch with lr 0.000510.
INFO - 01/12/26 18:16:41 - 0:19:28 - Running average train loss is 0.691072027683258 at epoch 616
INFO - 01/12/26 18:16:41 - 0:19:28 - At 617-th epoch with lr 0.000509.
INFO - 01/12/26 18:16:42 - 0:19:30 - Running average train loss is 0.6912034630775452 at epoch 617
INFO - 01/12/26 18:16:42 - 0:19:30 - At 618-th epoch with lr 0.000509.
INFO - 01/12/26 18:16:44 - 0:19:32 - Running average train loss is 0.6906569433212281 at epoch 618
INFO - 01/12/26 18:16:44 - 0:19:32 - At 619-th epoch with lr 0.000508.
INFO - 01/12/26 18:16:46 - 0:19:34 - Running average train loss is 0.6908652424812317 at epoch 619
INFO - 01/12/26 18:16:46 - 0:19:34 - At 620-th epoch with lr 0.000508.
INFO - 01/12/26 18:16:48 - 0:19:36 - Running average train loss is 0.690794198513031 at epoch 620
INFO - 01/12/26 18:16:48 - 0:19:36 - At 621-th epoch with lr 0.000508.
INFO - 01/12/26 18:16:50 - 0:19:37 - Running average train loss is 0.6908858942985535 at epoch 621
INFO - 01/12/26 18:16:50 - 0:19:37 - At 622-th epoch with lr 0.000507.
INFO - 01/12/26 18:16:51 - 0:19:39 - Running average train loss is 0.6910998725891113 at epoch 622
INFO - 01/12/26 18:16:51 - 0:19:39 - At 623-th epoch with lr 0.000507.
INFO - 01/12/26 18:16:53 - 0:19:41 - Running average train loss is 0.69078608751297 at epoch 623
INFO - 01/12/26 18:16:53 - 0:19:41 - At 624-th epoch with lr 0.000506.
INFO - 01/12/26 18:16:55 - 0:19:43 - Running average train loss is 0.6910447525978088 at epoch 624
INFO - 01/12/26 18:16:55 - 0:19:43 - Average dev loss is 0.7780892252922058 at epoch 624
INFO - 01/12/26 18:16:56 - 0:19:43 - dev accuracy is 90.0 at epoch 624
INFO - 01/12/26 18:16:56 - 0:19:43 - dev average edit distance is 0.119 at epoch 624
INFO - 01/12/26 18:16:56 - 0:19:43 - At 625-th epoch with lr 0.000506.
INFO - 01/12/26 18:16:57 - 0:19:45 - Running average train loss is 0.6911447143554688 at epoch 625
INFO - 01/12/26 18:16:57 - 0:19:45 - At 626-th epoch with lr 0.000506.
INFO - 01/12/26 18:16:59 - 0:19:47 - Running average train loss is 0.6906020712852478 at epoch 626
INFO - 01/12/26 18:16:59 - 0:19:47 - At 627-th epoch with lr 0.000505.
INFO - 01/12/26 18:17:01 - 0:19:49 - Running average train loss is 0.6905231857299805 at epoch 627
INFO - 01/12/26 18:17:01 - 0:19:49 - At 628-th epoch with lr 0.000505.
INFO - 01/12/26 18:17:03 - 0:19:51 - Running average train loss is 0.6908206367492675 at epoch 628
INFO - 01/12/26 18:17:03 - 0:19:51 - At 629-th epoch with lr 0.000504.
INFO - 01/12/26 18:17:05 - 0:19:52 - Running average train loss is 0.6907820606231689 at epoch 629
INFO - 01/12/26 18:17:05 - 0:19:52 - At 630-th epoch with lr 0.000504.
INFO - 01/12/26 18:17:06 - 0:19:54 - Running average train loss is 0.6910592627525329 at epoch 630
INFO - 01/12/26 18:17:06 - 0:19:54 - At 631-th epoch with lr 0.000504.
INFO - 01/12/26 18:17:08 - 0:19:56 - Running average train loss is 0.6910678696632385 at epoch 631
INFO - 01/12/26 18:17:08 - 0:19:56 - At 632-th epoch with lr 0.000503.
INFO - 01/12/26 18:17:10 - 0:19:58 - Running average train loss is 0.6908374524116516 at epoch 632
INFO - 01/12/26 18:17:10 - 0:19:58 - At 633-th epoch with lr 0.000503.
INFO - 01/12/26 18:17:12 - 0:20:00 - Running average train loss is 0.6909176898002625 at epoch 633
INFO - 01/12/26 18:17:12 - 0:20:00 - At 634-th epoch with lr 0.000502.
INFO - 01/12/26 18:17:14 - 0:20:01 - Running average train loss is 0.6914771294593811 at epoch 634
INFO - 01/12/26 18:17:14 - 0:20:01 - At 635-th epoch with lr 0.000502.
INFO - 01/12/26 18:17:15 - 0:20:03 - Running average train loss is 0.6914217090606689 at epoch 635
INFO - 01/12/26 18:17:15 - 0:20:03 - At 636-th epoch with lr 0.000502.
INFO - 01/12/26 18:17:17 - 0:20:05 - Running average train loss is 0.6906962466239929 at epoch 636
INFO - 01/12/26 18:17:17 - 0:20:05 - At 637-th epoch with lr 0.000501.
INFO - 01/12/26 18:17:19 - 0:20:07 - Running average train loss is 0.690838737487793 at epoch 637
INFO - 01/12/26 18:17:19 - 0:20:07 - At 638-th epoch with lr 0.000501.
INFO - 01/12/26 18:17:21 - 0:20:09 - Running average train loss is 0.6904785823822022 at epoch 638
INFO - 01/12/26 18:17:21 - 0:20:09 - At 639-th epoch with lr 0.000500.
INFO - 01/12/26 18:17:23 - 0:20:11 - Running average train loss is 0.6911144948005676 at epoch 639
INFO - 01/12/26 18:17:23 - 0:20:11 - At 640-th epoch with lr 0.000500.
INFO - 01/12/26 18:17:25 - 0:20:12 - Running average train loss is 0.6903604769706726 at epoch 640
INFO - 01/12/26 18:17:25 - 0:20:12 - Average dev loss is 0.7736683487892151 at epoch 640
INFO - 01/12/26 18:17:25 - 0:20:13 - dev accuracy is 89.6 at epoch 640
INFO - 01/12/26 18:17:25 - 0:20:13 - dev average edit distance is 0.121 at epoch 640
INFO - 01/12/26 18:17:25 - 0:20:13 - At 641-th epoch with lr 0.000500.
INFO - 01/12/26 18:17:27 - 0:20:15 - Running average train loss is 0.6904509830474853 at epoch 641
INFO - 01/12/26 18:17:27 - 0:20:15 - At 642-th epoch with lr 0.000499.
INFO - 01/12/26 18:17:29 - 0:20:17 - Running average train loss is 0.6904507660865784 at epoch 642
INFO - 01/12/26 18:17:29 - 0:20:17 - At 643-th epoch with lr 0.000499.
INFO - 01/12/26 18:17:31 - 0:20:19 - Running average train loss is 0.6903373789787293 at epoch 643
INFO - 01/12/26 18:17:31 - 0:20:19 - At 644-th epoch with lr 0.000498.
INFO - 01/12/26 18:17:33 - 0:20:20 - Running average train loss is 0.6907852387428284 at epoch 644
INFO - 01/12/26 18:17:33 - 0:20:20 - At 645-th epoch with lr 0.000498.
INFO - 01/12/26 18:17:34 - 0:20:22 - Running average train loss is 0.6908426856994629 at epoch 645
INFO - 01/12/26 18:17:34 - 0:20:22 - At 646-th epoch with lr 0.000498.
INFO - 01/12/26 18:17:36 - 0:20:24 - Running average train loss is 0.6910063743591308 at epoch 646
INFO - 01/12/26 18:17:36 - 0:20:24 - At 647-th epoch with lr 0.000497.
INFO - 01/12/26 18:17:38 - 0:20:26 - Running average train loss is 0.6907800221443177 at epoch 647
INFO - 01/12/26 18:17:38 - 0:20:26 - At 648-th epoch with lr 0.000497.
INFO - 01/12/26 18:17:40 - 0:20:28 - Running average train loss is 0.6907719612121582 at epoch 648
INFO - 01/12/26 18:17:40 - 0:20:28 - At 649-th epoch with lr 0.000497.
INFO - 01/12/26 18:17:42 - 0:20:29 - Running average train loss is 0.6901427125930786 at epoch 649
INFO - 01/12/26 18:17:42 - 0:20:29 - At 650-th epoch with lr 0.000496.
INFO - 01/12/26 18:17:43 - 0:20:31 - Running average train loss is 0.6905114626884461 at epoch 650
INFO - 01/12/26 18:17:43 - 0:20:31 - At 651-th epoch with lr 0.000496.
INFO - 01/12/26 18:17:45 - 0:20:33 - Running average train loss is 0.6913732933998108 at epoch 651
INFO - 01/12/26 18:17:45 - 0:20:33 - At 652-th epoch with lr 0.000495.
INFO - 01/12/26 18:17:47 - 0:20:35 - Running average train loss is 0.690844919681549 at epoch 652
INFO - 01/12/26 18:17:47 - 0:20:35 - At 653-th epoch with lr 0.000495.
INFO - 01/12/26 18:17:49 - 0:20:37 - Running average train loss is 0.6905891084671021 at epoch 653
INFO - 01/12/26 18:17:49 - 0:20:37 - At 654-th epoch with lr 0.000495.
INFO - 01/12/26 18:17:51 - 0:20:39 - Running average train loss is 0.6912315678596497 at epoch 654
INFO - 01/12/26 18:17:51 - 0:20:39 - At 655-th epoch with lr 0.000494.
INFO - 01/12/26 18:17:53 - 0:20:41 - Running average train loss is 0.6907272171974183 at epoch 655
INFO - 01/12/26 18:17:53 - 0:20:41 - At 656-th epoch with lr 0.000494.
INFO - 01/12/26 18:17:55 - 0:20:42 - Running average train loss is 0.6912159705162049 at epoch 656
INFO - 01/12/26 18:17:55 - 0:20:43 - Average dev loss is 0.7759958902994791 at epoch 656
INFO - 01/12/26 18:17:55 - 0:20:43 - dev accuracy is 89.9 at epoch 656
INFO - 01/12/26 18:17:55 - 0:20:43 - dev average edit distance is 0.116 at epoch 656
INFO - 01/12/26 18:17:55 - 0:20:43 - At 657-th epoch with lr 0.000493.
INFO - 01/12/26 18:17:58 - 0:20:45 - Running average train loss is 0.6906088042259216 at epoch 657
INFO - 01/12/26 18:17:58 - 0:20:45 - At 658-th epoch with lr 0.000493.
INFO - 01/12/26 18:18:00 - 0:20:47 - Running average train loss is 0.6900958991050721 at epoch 658
INFO - 01/12/26 18:18:00 - 0:20:47 - At 659-th epoch with lr 0.000493.
INFO - 01/12/26 18:18:01 - 0:20:49 - Running average train loss is 0.690426139831543 at epoch 659
INFO - 01/12/26 18:18:01 - 0:20:49 - At 660-th epoch with lr 0.000492.
INFO - 01/12/26 18:18:03 - 0:20:51 - Running average train loss is 0.6905221104621887 at epoch 660
INFO - 01/12/26 18:18:03 - 0:20:51 - At 661-th epoch with lr 0.000492.
INFO - 01/12/26 18:18:05 - 0:20:53 - Running average train loss is 0.6905023312568664 at epoch 661
INFO - 01/12/26 18:18:05 - 0:20:53 - At 662-th epoch with lr 0.000492.
INFO - 01/12/26 18:18:07 - 0:20:55 - Running average train loss is 0.6909571981430054 at epoch 662
INFO - 01/12/26 18:18:07 - 0:20:55 - At 663-th epoch with lr 0.000491.
INFO - 01/12/26 18:18:09 - 0:20:57 - Running average train loss is 0.6904773426055908 at epoch 663
INFO - 01/12/26 18:18:09 - 0:20:57 - At 664-th epoch with lr 0.000491.
INFO - 01/12/26 18:18:11 - 0:20:58 - Running average train loss is 0.6903464579582215 at epoch 664
INFO - 01/12/26 18:18:11 - 0:20:58 - At 665-th epoch with lr 0.000491.
INFO - 01/12/26 18:18:12 - 0:21:00 - Running average train loss is 0.6907655477523804 at epoch 665
INFO - 01/12/26 18:18:12 - 0:21:00 - At 666-th epoch with lr 0.000490.
INFO - 01/12/26 18:18:14 - 0:21:02 - Running average train loss is 0.6905915760993957 at epoch 666
INFO - 01/12/26 18:18:14 - 0:21:02 - At 667-th epoch with lr 0.000490.
INFO - 01/12/26 18:18:16 - 0:21:04 - Running average train loss is 0.6904903769493103 at epoch 667
INFO - 01/12/26 18:18:16 - 0:21:04 - At 668-th epoch with lr 0.000489.
INFO - 01/12/26 18:18:18 - 0:21:05 - Running average train loss is 0.6908095121383667 at epoch 668
INFO - 01/12/26 18:18:18 - 0:21:05 - At 669-th epoch with lr 0.000489.
INFO - 01/12/26 18:18:20 - 0:21:07 - Running average train loss is 0.6909667086601258 at epoch 669
INFO - 01/12/26 18:18:20 - 0:21:07 - At 670-th epoch with lr 0.000489.
INFO - 01/12/26 18:18:21 - 0:21:09 - Running average train loss is 0.6906407928466797 at epoch 670
INFO - 01/12/26 18:18:21 - 0:21:09 - At 671-th epoch with lr 0.000488.
INFO - 01/12/26 18:18:23 - 0:21:11 - Running average train loss is 0.6903740930557251 at epoch 671
INFO - 01/12/26 18:18:23 - 0:21:11 - At 672-th epoch with lr 0.000488.
INFO - 01/12/26 18:18:25 - 0:21:13 - Running average train loss is 0.6906146240234375 at epoch 672
INFO - 01/12/26 18:18:25 - 0:21:13 - Average dev loss is 0.7530659834543864 at epoch 672
INFO - 01/12/26 18:18:25 - 0:21:13 - dev accuracy is 91.9 at epoch 672
INFO - 01/12/26 18:18:25 - 0:21:13 - dev average edit distance is 0.087 at epoch 672
INFO - 01/12/26 18:18:26 - 0:21:13 - At 673-th epoch with lr 0.000488.
INFO - 01/12/26 18:18:27 - 0:21:15 - Running average train loss is 0.6908365464210511 at epoch 673
INFO - 01/12/26 18:18:27 - 0:21:15 - At 674-th epoch with lr 0.000487.
INFO - 01/12/26 18:18:29 - 0:21:17 - Running average train loss is 0.6905659365653992 at epoch 674
INFO - 01/12/26 18:18:29 - 0:21:17 - At 675-th epoch with lr 0.000487.
INFO - 01/12/26 18:18:32 - 0:21:19 - Running average train loss is 0.6906855249404907 at epoch 675
INFO - 01/12/26 18:18:32 - 0:21:19 - At 676-th epoch with lr 0.000487.
INFO - 01/12/26 18:18:34 - 0:21:21 - Running average train loss is 0.6905892872810364 at epoch 676
INFO - 01/12/26 18:18:34 - 0:21:21 - At 677-th epoch with lr 0.000486.
INFO - 01/12/26 18:18:36 - 0:21:23 - Running average train loss is 0.6904721879959106 at epoch 677
INFO - 01/12/26 18:18:36 - 0:21:23 - At 678-th epoch with lr 0.000486.
INFO - 01/12/26 18:18:38 - 0:21:26 - Running average train loss is 0.6910320925712585 at epoch 678
INFO - 01/12/26 18:18:38 - 0:21:26 - At 679-th epoch with lr 0.000485.
INFO - 01/12/26 18:18:40 - 0:21:28 - Running average train loss is 0.6913011002540589 at epoch 679
INFO - 01/12/26 18:18:40 - 0:21:28 - At 680-th epoch with lr 0.000485.
INFO - 01/12/26 18:18:42 - 0:21:29 - Running average train loss is 0.6909898710250855 at epoch 680
INFO - 01/12/26 18:18:42 - 0:21:29 - At 681-th epoch with lr 0.000485.
INFO - 01/12/26 18:18:44 - 0:21:31 - Running average train loss is 0.6906352663040161 at epoch 681
INFO - 01/12/26 18:18:44 - 0:21:31 - At 682-th epoch with lr 0.000484.
INFO - 01/12/26 18:18:46 - 0:21:33 - Running average train loss is 0.6903343033790589 at epoch 682
INFO - 01/12/26 18:18:46 - 0:21:33 - At 683-th epoch with lr 0.000484.
INFO - 01/12/26 18:18:48 - 0:21:35 - Running average train loss is 0.6906420373916626 at epoch 683
INFO - 01/12/26 18:18:48 - 0:21:35 - At 684-th epoch with lr 0.000484.
INFO - 01/12/26 18:18:49 - 0:21:37 - Running average train loss is 0.6905222010612487 at epoch 684
INFO - 01/12/26 18:18:49 - 0:21:37 - At 685-th epoch with lr 0.000483.
INFO - 01/12/26 18:18:51 - 0:21:39 - Running average train loss is 0.6903453707695008 at epoch 685
INFO - 01/12/26 18:18:51 - 0:21:39 - At 686-th epoch with lr 0.000483.
INFO - 01/12/26 18:18:53 - 0:21:41 - Running average train loss is 0.6902809357643127 at epoch 686
INFO - 01/12/26 18:18:53 - 0:21:41 - At 687-th epoch with lr 0.000483.
INFO - 01/12/26 18:18:55 - 0:21:43 - Running average train loss is 0.6900737428665161 at epoch 687
INFO - 01/12/26 18:18:55 - 0:21:43 - At 688-th epoch with lr 0.000482.
INFO - 01/12/26 18:18:57 - 0:21:44 - Running average train loss is 0.6902031302452087 at epoch 688
INFO - 01/12/26 18:18:57 - 0:21:44 - Average dev loss is 0.7644057075182596 at epoch 688
INFO - 01/12/26 18:18:57 - 0:21:45 - dev accuracy is 90.1 at epoch 688
INFO - 01/12/26 18:18:57 - 0:21:45 - dev average edit distance is 0.131 at epoch 688
INFO - 01/12/26 18:18:57 - 0:21:45 - At 689-th epoch with lr 0.000482.
INFO - 01/12/26 18:18:59 - 0:21:47 - Running average train loss is 0.6903251504898071 at epoch 689
INFO - 01/12/26 18:18:59 - 0:21:47 - At 690-th epoch with lr 0.000482.
INFO - 01/12/26 18:19:01 - 0:21:49 - Running average train loss is 0.6904289579391479 at epoch 690
INFO - 01/12/26 18:19:01 - 0:21:49 - At 691-th epoch with lr 0.000481.
INFO - 01/12/26 18:19:03 - 0:21:51 - Running average train loss is 0.6902177667617798 at epoch 691
INFO - 01/12/26 18:19:03 - 0:21:51 - At 692-th epoch with lr 0.000481.
INFO - 01/12/26 18:19:05 - 0:21:52 - Running average train loss is 0.6909789443016052 at epoch 692
INFO - 01/12/26 18:19:05 - 0:21:52 - At 693-th epoch with lr 0.000480.
INFO - 01/12/26 18:19:07 - 0:21:54 - Running average train loss is 0.6905144453048706 at epoch 693
INFO - 01/12/26 18:19:07 - 0:21:54 - At 694-th epoch with lr 0.000480.
INFO - 01/12/26 18:19:08 - 0:21:56 - Running average train loss is 0.6908116579055786 at epoch 694
INFO - 01/12/26 18:19:08 - 0:21:56 - At 695-th epoch with lr 0.000480.
INFO - 01/12/26 18:19:10 - 0:21:58 - Running average train loss is 0.6906569004058838 at epoch 695
INFO - 01/12/26 18:19:10 - 0:21:58 - At 696-th epoch with lr 0.000479.
INFO - 01/12/26 18:19:12 - 0:22:00 - Running average train loss is 0.6906547021865844 at epoch 696
INFO - 01/12/26 18:19:12 - 0:22:00 - At 697-th epoch with lr 0.000479.
INFO - 01/12/26 18:19:14 - 0:22:01 - Running average train loss is 0.6906809997558594 at epoch 697
INFO - 01/12/26 18:19:14 - 0:22:01 - At 698-th epoch with lr 0.000479.
INFO - 01/12/26 18:19:15 - 0:22:03 - Running average train loss is 0.6904584741592408 at epoch 698
INFO - 01/12/26 18:19:15 - 0:22:03 - At 699-th epoch with lr 0.000478.
INFO - 01/12/26 18:19:18 - 0:22:05 - Running average train loss is 0.6902335691452026 at epoch 699
INFO - 01/12/26 18:19:18 - 0:22:05 - At 700-th epoch with lr 0.000478.
INFO - 01/12/26 18:19:19 - 0:22:07 - Running average train loss is 0.6899969935417175 at epoch 700
INFO - 01/12/26 18:19:19 - 0:22:07 - At 701-th epoch with lr 0.000478.
INFO - 01/12/26 18:19:21 - 0:22:09 - Running average train loss is 0.6901672673225403 at epoch 701
INFO - 01/12/26 18:19:21 - 0:22:09 - At 702-th epoch with lr 0.000477.
INFO - 01/12/26 18:19:23 - 0:22:11 - Running average train loss is 0.690708224773407 at epoch 702
INFO - 01/12/26 18:19:23 - 0:22:11 - At 703-th epoch with lr 0.000477.
INFO - 01/12/26 18:19:25 - 0:22:12 - Running average train loss is 0.6901275157928467 at epoch 703
INFO - 01/12/26 18:19:25 - 0:22:12 - At 704-th epoch with lr 0.000477.
INFO - 01/12/26 18:19:27 - 0:22:14 - Running average train loss is 0.6901873826980591 at epoch 704
INFO - 01/12/26 18:19:27 - 0:22:14 - Average dev loss is 0.7653491099675497 at epoch 704
INFO - 01/12/26 18:19:27 - 0:22:15 - dev accuracy is 89.6 at epoch 704
INFO - 01/12/26 18:19:27 - 0:22:15 - dev average edit distance is 0.126 at epoch 704
INFO - 01/12/26 18:19:27 - 0:22:15 - At 705-th epoch with lr 0.000476.
INFO - 01/12/26 18:19:29 - 0:22:17 - Running average train loss is 0.6902558946609497 at epoch 705
INFO - 01/12/26 18:19:29 - 0:22:17 - At 706-th epoch with lr 0.000476.
INFO - 01/12/26 18:19:31 - 0:22:19 - Running average train loss is 0.6904496359825134 at epoch 706
INFO - 01/12/26 18:19:31 - 0:22:19 - At 707-th epoch with lr 0.000476.
INFO - 01/12/26 18:19:33 - 0:22:20 - Running average train loss is 0.6903610038757324 at epoch 707
INFO - 01/12/26 18:19:33 - 0:22:20 - At 708-th epoch with lr 0.000475.
INFO - 01/12/26 18:19:35 - 0:22:22 - Running average train loss is 0.6905131340026855 at epoch 708
INFO - 01/12/26 18:19:35 - 0:22:22 - At 709-th epoch with lr 0.000475.
INFO - 01/12/26 18:19:37 - 0:22:24 - Running average train loss is 0.6904264855384826 at epoch 709
INFO - 01/12/26 18:19:37 - 0:22:24 - At 710-th epoch with lr 0.000475.
INFO - 01/12/26 18:19:39 - 0:22:26 - Running average train loss is 0.6903656387329101 at epoch 710
INFO - 01/12/26 18:19:39 - 0:22:26 - At 711-th epoch with lr 0.000474.
INFO - 01/12/26 18:19:40 - 0:22:28 - Running average train loss is 0.6907191801071167 at epoch 711
INFO - 01/12/26 18:19:40 - 0:22:28 - At 712-th epoch with lr 0.000474.
INFO - 01/12/26 18:19:42 - 0:22:30 - Running average train loss is 0.6904548645019531 at epoch 712
INFO - 01/12/26 18:19:42 - 0:22:30 - At 713-th epoch with lr 0.000474.
INFO - 01/12/26 18:19:44 - 0:22:32 - Running average train loss is 0.6903290462493896 at epoch 713
INFO - 01/12/26 18:19:44 - 0:22:32 - At 714-th epoch with lr 0.000473.
INFO - 01/12/26 18:19:46 - 0:22:34 - Running average train loss is 0.6900011920928955 at epoch 714
INFO - 01/12/26 18:19:46 - 0:22:34 - At 715-th epoch with lr 0.000473.
INFO - 01/12/26 18:19:48 - 0:22:36 - Running average train loss is 0.6901160097122192 at epoch 715
INFO - 01/12/26 18:19:48 - 0:22:36 - At 716-th epoch with lr 0.000473.
INFO - 01/12/26 18:19:50 - 0:22:38 - Running average train loss is 0.6900816607475281 at epoch 716
INFO - 01/12/26 18:19:50 - 0:22:38 - At 717-th epoch with lr 0.000472.
INFO - 01/12/26 18:19:52 - 0:22:40 - Running average train loss is 0.69035329580307 at epoch 717
INFO - 01/12/26 18:19:52 - 0:22:40 - At 718-th epoch with lr 0.000472.
INFO - 01/12/26 18:19:54 - 0:22:41 - Running average train loss is 0.6905094170570374 at epoch 718
INFO - 01/12/26 18:19:54 - 0:22:41 - At 719-th epoch with lr 0.000472.
INFO - 01/12/26 18:19:55 - 0:22:43 - Running average train loss is 0.6903434729576111 at epoch 719
INFO - 01/12/26 18:19:55 - 0:22:43 - At 720-th epoch with lr 0.000471.
INFO - 01/12/26 18:19:57 - 0:22:45 - Running average train loss is 0.6903462338447571 at epoch 720
INFO - 01/12/26 18:19:57 - 0:22:45 - Average dev loss is 0.7405510942141215 at epoch 720
INFO - 01/12/26 18:19:58 - 0:22:45 - dev accuracy is 92.3 at epoch 720
INFO - 01/12/26 18:19:58 - 0:22:45 - dev average edit distance is 0.094 at epoch 720
INFO - 01/12/26 18:19:58 - 0:22:45 - At 721-th epoch with lr 0.000471.
INFO - 01/12/26 18:19:59 - 0:22:47 - Running average train loss is 0.6904635620117188 at epoch 721
INFO - 01/12/26 18:19:59 - 0:22:47 - At 722-th epoch with lr 0.000471.
INFO - 01/12/26 18:20:01 - 0:22:49 - Running average train loss is 0.6902682876586914 at epoch 722
INFO - 01/12/26 18:20:01 - 0:22:49 - At 723-th epoch with lr 0.000470.
INFO - 01/12/26 18:20:03 - 0:22:51 - Running average train loss is 0.6904154300689698 at epoch 723
INFO - 01/12/26 18:20:03 - 0:22:51 - At 724-th epoch with lr 0.000470.
INFO - 01/12/26 18:20:05 - 0:22:52 - Running average train loss is 0.6900134873390198 at epoch 724
INFO - 01/12/26 18:20:05 - 0:22:52 - At 725-th epoch with lr 0.000470.
INFO - 01/12/26 18:20:06 - 0:22:54 - Running average train loss is 0.6896322846412659 at epoch 725
INFO - 01/12/26 18:20:06 - 0:22:54 - At 726-th epoch with lr 0.000469.
INFO - 01/12/26 18:20:08 - 0:22:56 - Running average train loss is 0.6903282046318054 at epoch 726
INFO - 01/12/26 18:20:08 - 0:22:56 - At 727-th epoch with lr 0.000469.
INFO - 01/12/26 18:20:10 - 0:22:57 - Running average train loss is 0.690387179851532 at epoch 727
INFO - 01/12/26 18:20:10 - 0:22:57 - At 728-th epoch with lr 0.000469.
INFO - 01/12/26 18:20:11 - 0:22:59 - Running average train loss is 0.6898995232582092 at epoch 728
INFO - 01/12/26 18:20:11 - 0:22:59 - At 729-th epoch with lr 0.000468.
INFO - 01/12/26 18:20:13 - 0:23:01 - Running average train loss is 0.690245065689087 at epoch 729
INFO - 01/12/26 18:20:13 - 0:23:01 - At 730-th epoch with lr 0.000468.
INFO - 01/12/26 18:20:15 - 0:23:03 - Running average train loss is 0.6905833745002746 at epoch 730
INFO - 01/12/26 18:20:15 - 0:23:03 - At 731-th epoch with lr 0.000468.
INFO - 01/12/26 18:20:17 - 0:23:04 - Running average train loss is 0.6905300688743591 at epoch 731
INFO - 01/12/26 18:20:17 - 0:23:04 - At 732-th epoch with lr 0.000468.
INFO - 01/12/26 18:20:18 - 0:23:06 - Running average train loss is 0.6905249929428101 at epoch 732
INFO - 01/12/26 18:20:18 - 0:23:06 - At 733-th epoch with lr 0.000467.
INFO - 01/12/26 18:20:20 - 0:23:08 - Running average train loss is 0.6899716019630432 at epoch 733
INFO - 01/12/26 18:20:20 - 0:23:08 - At 734-th epoch with lr 0.000467.
INFO - 01/12/26 18:20:22 - 0:23:10 - Running average train loss is 0.6908148312568665 at epoch 734
INFO - 01/12/26 18:20:22 - 0:23:10 - At 735-th epoch with lr 0.000467.
INFO - 01/12/26 18:20:24 - 0:23:11 - Running average train loss is 0.6906066060066223 at epoch 735
INFO - 01/12/26 18:20:24 - 0:23:11 - At 736-th epoch with lr 0.000466.
INFO - 01/12/26 18:20:25 - 0:23:13 - Running average train loss is 0.6902970290184021 at epoch 736
INFO - 01/12/26 18:20:25 - 0:23:13 - Average dev loss is 0.7674323121706644 at epoch 736
INFO - 01/12/26 18:20:26 - 0:23:13 - dev accuracy is 90.2 at epoch 736
INFO - 01/12/26 18:20:26 - 0:23:13 - dev average edit distance is 0.12 at epoch 736
INFO - 01/12/26 18:20:26 - 0:23:14 - At 737-th epoch with lr 0.000466.
INFO - 01/12/26 18:20:28 - 0:23:15 - Running average train loss is 0.6903498125076294 at epoch 737
INFO - 01/12/26 18:20:28 - 0:23:15 - At 738-th epoch with lr 0.000466.
INFO - 01/12/26 18:20:29 - 0:23:17 - Running average train loss is 0.6906317496299743 at epoch 738
INFO - 01/12/26 18:20:29 - 0:23:17 - At 739-th epoch with lr 0.000465.
INFO - 01/12/26 18:20:31 - 0:23:19 - Running average train loss is 0.6904035258293152 at epoch 739
INFO - 01/12/26 18:20:31 - 0:23:19 - At 740-th epoch with lr 0.000465.
INFO - 01/12/26 18:20:33 - 0:23:20 - Running average train loss is 0.6902251219749451 at epoch 740
INFO - 01/12/26 18:20:33 - 0:23:20 - At 741-th epoch with lr 0.000465.
INFO - 01/12/26 18:20:34 - 0:23:22 - Running average train loss is 0.6904795384407043 at epoch 741
INFO - 01/12/26 18:20:34 - 0:23:22 - At 742-th epoch with lr 0.000464.
INFO - 01/12/26 18:20:36 - 0:23:24 - Running average train loss is 0.6904404330253601 at epoch 742
INFO - 01/12/26 18:20:36 - 0:23:24 - At 743-th epoch with lr 0.000464.
INFO - 01/12/26 18:20:38 - 0:23:26 - Running average train loss is 0.6904328608512879 at epoch 743
INFO - 01/12/26 18:20:38 - 0:23:26 - At 744-th epoch with lr 0.000464.
INFO - 01/12/26 18:20:40 - 0:23:27 - Running average train loss is 0.6900307297706604 at epoch 744
INFO - 01/12/26 18:20:40 - 0:23:27 - At 745-th epoch with lr 0.000463.
INFO - 01/12/26 18:20:41 - 0:23:29 - Running average train loss is 0.6902892088890076 at epoch 745
INFO - 01/12/26 18:20:41 - 0:23:29 - At 746-th epoch with lr 0.000463.
INFO - 01/12/26 18:20:43 - 0:23:31 - Running average train loss is 0.6903477478027343 at epoch 746
INFO - 01/12/26 18:20:43 - 0:23:31 - At 747-th epoch with lr 0.000463.
INFO - 01/12/26 18:20:45 - 0:23:33 - Running average train loss is 0.6903144788742065 at epoch 747
INFO - 01/12/26 18:20:45 - 0:23:33 - At 748-th epoch with lr 0.000462.
INFO - 01/12/26 18:20:47 - 0:23:35 - Running average train loss is 0.6903583478927612 at epoch 748
INFO - 01/12/26 18:20:47 - 0:23:35 - At 749-th epoch with lr 0.000462.
INFO - 01/12/26 18:20:49 - 0:23:37 - Running average train loss is 0.6904480385780335 at epoch 749
INFO - 01/12/26 18:20:49 - 0:23:37 - At 750-th epoch with lr 0.000462.
INFO - 01/12/26 18:20:51 - 0:23:39 - Running average train loss is 0.6903471517562866 at epoch 750
INFO - 01/12/26 18:20:51 - 0:23:39 - At 751-th epoch with lr 0.000462.
INFO - 01/12/26 18:20:53 - 0:23:41 - Running average train loss is 0.6902344536781311 at epoch 751
INFO - 01/12/26 18:20:53 - 0:23:41 - At 752-th epoch with lr 0.000461.
INFO - 01/12/26 18:20:56 - 0:23:43 - Running average train loss is 0.690222418308258 at epoch 752
INFO - 01/12/26 18:20:56 - 0:23:43 - Average dev loss is 0.7653759916623434 at epoch 752
INFO - 01/12/26 18:20:56 - 0:23:44 - dev accuracy is 91.6 at epoch 752
INFO - 01/12/26 18:20:56 - 0:23:44 - dev average edit distance is 0.092 at epoch 752
INFO - 01/12/26 18:20:57 - 0:23:44 - At 753-th epoch with lr 0.000461.
INFO - 01/12/26 18:20:58 - 0:23:46 - Running average train loss is 0.6901392149925232 at epoch 753
INFO - 01/12/26 18:20:58 - 0:23:46 - At 754-th epoch with lr 0.000461.
INFO - 01/12/26 18:21:00 - 0:23:48 - Running average train loss is 0.6899079823493958 at epoch 754
INFO - 01/12/26 18:21:00 - 0:23:48 - At 755-th epoch with lr 0.000460.
INFO - 01/12/26 18:21:02 - 0:23:50 - Running average train loss is 0.6902467608451843 at epoch 755
INFO - 01/12/26 18:21:02 - 0:23:50 - At 756-th epoch with lr 0.000460.
INFO - 01/12/26 18:21:04 - 0:23:52 - Running average train loss is 0.6898825979232788 at epoch 756
INFO - 01/12/26 18:21:04 - 0:23:52 - At 757-th epoch with lr 0.000460.
INFO - 01/12/26 18:21:06 - 0:23:53 - Running average train loss is 0.6900776743888855 at epoch 757
INFO - 01/12/26 18:21:06 - 0:23:53 - At 758-th epoch with lr 0.000459.
INFO - 01/12/26 18:21:07 - 0:23:55 - Running average train loss is 0.6902925181388855 at epoch 758
INFO - 01/12/26 18:21:07 - 0:23:55 - At 759-th epoch with lr 0.000459.
INFO - 01/12/26 18:21:09 - 0:23:57 - Running average train loss is 0.6901851534843445 at epoch 759
INFO - 01/12/26 18:21:09 - 0:23:57 - At 760-th epoch with lr 0.000459.
INFO - 01/12/26 18:21:11 - 0:23:59 - Running average train loss is 0.6899514436721802 at epoch 760
INFO - 01/12/26 18:21:11 - 0:23:59 - At 761-th epoch with lr 0.000459.
INFO - 01/12/26 18:21:13 - 0:24:01 - Running average train loss is 0.6902234888076783 at epoch 761
INFO - 01/12/26 18:21:13 - 0:24:01 - At 762-th epoch with lr 0.000458.
INFO - 01/12/26 18:21:15 - 0:24:02 - Running average train loss is 0.6907670950889587 at epoch 762
INFO - 01/12/26 18:21:15 - 0:24:02 - At 763-th epoch with lr 0.000458.
INFO - 01/12/26 18:21:17 - 0:24:04 - Running average train loss is 0.6901420950889587 at epoch 763
INFO - 01/12/26 18:21:17 - 0:24:04 - At 764-th epoch with lr 0.000458.
INFO - 01/12/26 18:21:18 - 0:24:06 - Running average train loss is 0.69045560836792 at epoch 764
INFO - 01/12/26 18:21:18 - 0:24:06 - At 765-th epoch with lr 0.000457.
INFO - 01/12/26 18:21:20 - 0:24:08 - Running average train loss is 0.6905759763717652 at epoch 765
INFO - 01/12/26 18:21:20 - 0:24:08 - At 766-th epoch with lr 0.000457.
INFO - 01/12/26 18:21:22 - 0:24:10 - Running average train loss is 0.6907614135742187 at epoch 766
INFO - 01/12/26 18:21:22 - 0:24:10 - At 767-th epoch with lr 0.000457.
INFO - 01/12/26 18:21:24 - 0:24:12 - Running average train loss is 0.6902002811431884 at epoch 767
INFO - 01/12/26 18:21:24 - 0:24:12 - At 768-th epoch with lr 0.000456.
INFO - 01/12/26 18:21:26 - 0:24:14 - Running average train loss is 0.6903108596801758 at epoch 768
INFO - 01/12/26 18:21:26 - 0:24:14 - Average dev loss is 0.7656902273495992 at epoch 768
INFO - 01/12/26 18:21:27 - 0:24:15 - dev accuracy is 90.5 at epoch 768
INFO - 01/12/26 18:21:27 - 0:24:15 - dev average edit distance is 0.11 at epoch 768
INFO - 01/12/26 18:21:27 - 0:24:15 - At 769-th epoch with lr 0.000456.
INFO - 01/12/26 18:21:29 - 0:24:17 - Running average train loss is 0.6900184679031373 at epoch 769
INFO - 01/12/26 18:21:29 - 0:24:17 - At 770-th epoch with lr 0.000456.
INFO - 01/12/26 18:21:31 - 0:24:19 - Running average train loss is 0.6906592655181885 at epoch 770
INFO - 01/12/26 18:21:31 - 0:24:19 - At 771-th epoch with lr 0.000456.
INFO - 01/12/26 18:21:33 - 0:24:21 - Running average train loss is 0.690198450088501 at epoch 771
INFO - 01/12/26 18:21:33 - 0:24:21 - At 772-th epoch with lr 0.000455.
INFO - 01/12/26 18:21:36 - 0:24:23 - Running average train loss is 0.6901416945457458 at epoch 772
INFO - 01/12/26 18:21:36 - 0:24:23 - At 773-th epoch with lr 0.000455.
INFO - 01/12/26 18:21:37 - 0:24:25 - Running average train loss is 0.6904950475692749 at epoch 773
INFO - 01/12/26 18:21:37 - 0:24:25 - At 774-th epoch with lr 0.000455.
INFO - 01/12/26 18:21:39 - 0:24:27 - Running average train loss is 0.6900561356544495 at epoch 774
INFO - 01/12/26 18:21:39 - 0:24:27 - At 775-th epoch with lr 0.000454.
INFO - 01/12/26 18:21:41 - 0:24:29 - Running average train loss is 0.6903367042541504 at epoch 775
INFO - 01/12/26 18:21:41 - 0:24:29 - At 776-th epoch with lr 0.000454.
INFO - 01/12/26 18:21:43 - 0:24:31 - Running average train loss is 0.6906555700302124 at epoch 776
INFO - 01/12/26 18:21:43 - 0:24:31 - At 777-th epoch with lr 0.000454.
INFO - 01/12/26 18:21:45 - 0:24:32 - Running average train loss is 0.6903232622146607 at epoch 777
INFO - 01/12/26 18:21:45 - 0:24:32 - At 778-th epoch with lr 0.000453.
INFO - 01/12/26 18:21:47 - 0:24:34 - Running average train loss is 0.6903767585754395 at epoch 778
INFO - 01/12/26 18:21:47 - 0:24:34 - At 779-th epoch with lr 0.000453.
INFO - 01/12/26 18:21:48 - 0:24:36 - Running average train loss is 0.6901939296722412 at epoch 779
INFO - 01/12/26 18:21:48 - 0:24:36 - At 780-th epoch with lr 0.000453.
INFO - 01/12/26 18:21:50 - 0:24:38 - Running average train loss is 0.6906683874130249 at epoch 780
INFO - 01/12/26 18:21:50 - 0:24:38 - At 781-th epoch with lr 0.000453.
INFO - 01/12/26 18:21:52 - 0:24:40 - Running average train loss is 0.6905435752868653 at epoch 781
INFO - 01/12/26 18:21:52 - 0:24:40 - At 782-th epoch with lr 0.000452.
INFO - 01/12/26 18:21:54 - 0:24:41 - Running average train loss is 0.6898706722259521 at epoch 782
INFO - 01/12/26 18:21:54 - 0:24:41 - At 783-th epoch with lr 0.000452.
INFO - 01/12/26 18:21:55 - 0:24:43 - Running average train loss is 0.6896987795829773 at epoch 783
INFO - 01/12/26 18:21:55 - 0:24:43 - At 784-th epoch with lr 0.000452.
INFO - 01/12/26 18:21:57 - 0:24:45 - Running average train loss is 0.6900510096549988 at epoch 784
INFO - 01/12/26 18:21:57 - 0:24:45 - Average dev loss is 0.7658227483431498 at epoch 784
INFO - 01/12/26 18:21:58 - 0:24:46 - dev accuracy is 90.4 at epoch 784
INFO - 01/12/26 18:21:58 - 0:24:46 - dev average edit distance is 0.102 at epoch 784
INFO - 01/12/26 18:21:58 - 0:24:46 - At 785-th epoch with lr 0.000451.
INFO - 01/12/26 18:22:00 - 0:24:48 - Running average train loss is 0.6897365474700927 at epoch 785
INFO - 01/12/26 18:22:00 - 0:24:48 - At 786-th epoch with lr 0.000451.
INFO - 01/12/26 18:22:02 - 0:24:50 - Running average train loss is 0.6897544574737549 at epoch 786
INFO - 01/12/26 18:22:02 - 0:24:50 - At 787-th epoch with lr 0.000451.
INFO - 01/12/26 18:22:04 - 0:24:52 - Running average train loss is 0.6895437669754029 at epoch 787
INFO - 01/12/26 18:22:04 - 0:24:52 - At 788-th epoch with lr 0.000451.
INFO - 01/12/26 18:22:06 - 0:24:54 - Running average train loss is 0.6899852514266968 at epoch 788
INFO - 01/12/26 18:22:06 - 0:24:54 - At 789-th epoch with lr 0.000450.
INFO - 01/12/26 18:22:08 - 0:24:55 - Running average train loss is 0.6905480313301087 at epoch 789
INFO - 01/12/26 18:22:08 - 0:24:55 - At 790-th epoch with lr 0.000450.
INFO - 01/12/26 18:22:10 - 0:24:57 - Running average train loss is 0.690118670463562 at epoch 790
INFO - 01/12/26 18:22:10 - 0:24:57 - At 791-th epoch with lr 0.000450.
INFO - 01/12/26 18:22:12 - 0:24:59 - Running average train loss is 0.6899231624603271 at epoch 791
INFO - 01/12/26 18:22:12 - 0:24:59 - At 792-th epoch with lr 0.000449.
INFO - 01/12/26 18:22:14 - 0:25:01 - Running average train loss is 0.6901903915405273 at epoch 792
INFO - 01/12/26 18:22:14 - 0:25:01 - At 793-th epoch with lr 0.000449.
INFO - 01/12/26 18:22:16 - 0:25:03 - Running average train loss is 0.6900434446334839 at epoch 793
INFO - 01/12/26 18:22:16 - 0:25:03 - At 794-th epoch with lr 0.000449.
INFO - 01/12/26 18:22:18 - 0:25:05 - Running average train loss is 0.690138111114502 at epoch 794
INFO - 01/12/26 18:22:18 - 0:25:05 - At 795-th epoch with lr 0.000449.
INFO - 01/12/26 18:22:20 - 0:25:08 - Running average train loss is 0.6901840329170227 at epoch 795
INFO - 01/12/26 18:22:20 - 0:25:08 - At 796-th epoch with lr 0.000448.
INFO - 01/12/26 18:22:22 - 0:25:10 - Running average train loss is 0.6899292230606079 at epoch 796
INFO - 01/12/26 18:22:22 - 0:25:10 - At 797-th epoch with lr 0.000448.
INFO - 01/12/26 18:22:24 - 0:25:12 - Running average train loss is 0.690173773765564 at epoch 797
INFO - 01/12/26 18:22:24 - 0:25:12 - At 798-th epoch with lr 0.000448.
INFO - 01/12/26 18:22:26 - 0:25:14 - Running average train loss is 0.6900644516944885 at epoch 798
INFO - 01/12/26 18:22:26 - 0:25:14 - At 799-th epoch with lr 0.000447.
INFO - 01/12/26 18:22:28 - 0:25:16 - Running average train loss is 0.6899814915657043 at epoch 799
INFO - 01/12/26 18:22:28 - 0:25:16 - Average dev loss is 0.7685829997062683 at epoch 799
INFO - 01/12/26 18:22:29 - 0:25:17 - dev accuracy is 90.2 at epoch 799
INFO - 01/12/26 18:22:29 - 0:25:17 - dev average edit distance is 0.117 at epoch 799
INFO - 01/12/26 18:22:29 - 0:25:17 - loading checkpoints/sig23/tagtransformer/mkd.nll_0.7406.acc_92.3.dist_0.094.epoch_720 for testing
INFO - 01/12/26 18:22:29 - 0:25:17 - load model in checkpoints/sig23/tagtransformer/mkd.nll_0.7406.acc_92.3.dist_0.094.epoch_720
INFO - 01/12/26 18:22:29 - 0:25:17 - Average dev loss is 0.7405510942141215 at epoch -1
INFO - 01/12/26 18:22:29 - 0:25:17 - decoding dev set
INFO - 01/12/26 18:22:30 - 0:25:18 - finished decoding 1000 dev instance
INFO - 01/12/26 18:22:30 - 0:25:18 - DEV accuracy is 92.3 at epoch -1
INFO - 01/12/26 18:22:30 - 0:25:18 - DEV average edit distance is 0.094 at epoch -1
INFO - 01/12/26 18:22:30 - 0:25:18 - DEV mkd acc 92.3 dist 0.094
INFO - 01/12/26 18:22:30 - 0:25:18 - Average test loss is 0.7355588674545288 at epoch -1
INFO - 01/12/26 18:22:30 - 0:25:18 - decoding test set
INFO - 01/12/26 18:22:31 - 0:25:19 - finished decoding 1000 test instance
INFO - 01/12/26 18:22:31 - 0:25:19 - TEST accuracy is 94.7 at epoch -1
INFO - 01/12/26 18:22:31 - 0:25:19 - TEST average edit distance is 0.067 at epoch -1
INFO - 01/12/26 18:22:31 - 0:25:19 - TEST mkd acc 94.7 dist 0.067
INFO - 01/12/26 18:57:48 - 0:00:00 - command line argument: seed - 0
INFO - 01/12/26 18:57:48 - 0:00:00 - command line argument: train - ['../../2023InflectionST/part1/data/mkd.trn']
INFO - 01/12/26 18:57:48 - 0:00:00 - command line argument: dev - ['../../2023InflectionST/part1/data/mkd.dev']
INFO - 01/12/26 18:57:48 - 0:00:00 - command line argument: test - ['../../2023InflectionST/part1/data/mkd.tst']
INFO - 01/12/26 18:57:48 - 0:00:00 - command line argument: model - 'checkpoints/sig23/tagtransformer/mkd'
INFO - 01/12/26 18:57:48 - 0:00:00 - command line argument: load - ''
INFO - 01/12/26 18:57:48 - 0:00:00 - command line argument: bs - 400
INFO - 01/12/26 18:57:48 - 0:00:00 - command line argument: epochs - 20
INFO - 01/12/26 18:57:48 - 0:00:00 - command line argument: max_steps - 20000
INFO - 01/12/26 18:57:48 - 0:00:00 - command line argument: warmup_steps - 4000
INFO - 01/12/26 18:57:48 - 0:00:00 - command line argument: total_eval - 50
INFO - 01/12/26 18:57:48 - 0:00:00 - command line argument: optimizer - <Optimizer.adam: 'adam'>
INFO - 01/12/26 18:57:48 - 0:00:00 - command line argument: scheduler - <Scheduler.warmupinvsqr: 'warmupinvsqr'>
INFO - 01/12/26 18:57:48 - 0:00:00 - command line argument: lr - 0.001
INFO - 01/12/26 18:57:48 - 0:00:00 - command line argument: min_lr - 1e-05
INFO - 01/12/26 18:57:48 - 0:00:00 - command line argument: momentum - 0.9
INFO - 01/12/26 18:57:48 - 0:00:00 - command line argument: beta1 - 0.9
INFO - 01/12/26 18:57:48 - 0:00:00 - command line argument: beta2 - 0.98
INFO - 01/12/26 18:57:48 - 0:00:00 - command line argument: estop - 1e-08
INFO - 01/12/26 18:57:48 - 0:00:00 - command line argument: cooldown - 0
INFO - 01/12/26 18:57:48 - 0:00:00 - command line argument: patience - 0
INFO - 01/12/26 18:57:48 - 0:00:00 - command line argument: discount_factor - 0.5
INFO - 01/12/26 18:57:48 - 0:00:00 - command line argument: max_norm - 1.0
INFO - 01/12/26 18:57:48 - 0:00:00 - command line argument: gpuid - [0]
INFO - 01/12/26 18:57:48 - 0:00:00 - command line argument: loglevel - 'info'
INFO - 01/12/26 18:57:48 - 0:00:00 - command line argument: saveall - False
INFO - 01/12/26 18:57:48 - 0:00:00 - command line argument: shuffle - True
INFO - 01/12/26 18:57:48 - 0:00:00 - command line argument: cleanup_anyway - True
INFO - 01/12/26 18:57:48 - 0:00:00 - command line argument: dataset - <Data.sigmorphon23task0: 'sigmorphon23task0'>
INFO - 01/12/26 18:57:48 - 0:00:00 - command line argument: max_seq_len - 128
INFO - 01/12/26 18:57:48 - 0:00:00 - command line argument: max_decode_len - 32
INFO - 01/12/26 18:57:48 - 0:00:00 - command line argument: decode_beam_size - 5
INFO - 01/12/26 18:57:48 - 0:00:00 - command line argument: init - ''
INFO - 01/12/26 18:57:48 - 0:00:00 - command line argument: dropout - 0.3
INFO - 01/12/26 18:57:48 - 0:00:00 - command line argument: embed_dim - 256
INFO - 01/12/26 18:57:48 - 0:00:00 - command line argument: nb_heads - 4
INFO - 01/12/26 18:57:48 - 0:00:00 - command line argument: src_layer - 4
INFO - 01/12/26 18:57:48 - 0:00:00 - command line argument: trg_layer - 4
INFO - 01/12/26 18:57:48 - 0:00:00 - command line argument: src_hs - 1024
INFO - 01/12/26 18:57:48 - 0:00:00 - command line argument: trg_hs - 1024
INFO - 01/12/26 18:57:48 - 0:00:00 - command line argument: label_smooth - 0.1
INFO - 01/12/26 18:57:48 - 0:00:00 - command line argument: tie_trg_embed - False
INFO - 01/12/26 18:57:48 - 0:00:00 - command line argument: arch - <Arch.tagtransformer: 'tagtransformer'>
INFO - 01/12/26 18:57:48 - 0:00:00 - command line argument: nb_sample - 2
INFO - 01/12/26 18:57:48 - 0:00:00 - command line argument: wid_siz - 11
INFO - 01/12/26 18:57:48 - 0:00:00 - command line argument: indtag - False
INFO - 01/12/26 18:57:48 - 0:00:00 - command line argument: decode - <Decode.greedy: 'greedy'>
INFO - 01/12/26 18:57:48 - 0:00:00 - command line argument: mono - False
INFO - 01/12/26 18:57:48 - 0:00:00 - command line argument: bestacc - True
INFO - 01/12/26 18:57:48 - 0:00:00 - src vocab size 76
INFO - 01/12/26 18:57:48 - 0:00:00 - trg vocab size 44
INFO - 01/12/26 18:57:48 - 0:00:00 - src vocab ['<PAD>', '<BOS>', '<EOS>', '<UNK>', ' ', 'a', 'j', 'o', 'Ј', 'А', 'Б', 'Р', 'С', 'а', 'б', 'в', 'г', 'д', 'е', 'ж', 'з', 'и', 'к', 'л', 'м', 'н', 'о', 'п', 'р', 'с', 'т', 'у', 'ф', 'х', 'ц', 'ч', 'ш', 'ѓ', 'ѕ', 'ј', 'љ', 'њ', 'ќ', 'џ', 'ADJ', 'DEF', 'FEM', 'IMP', 'INDF', 'IPFV', 'MASC', 'N', 'NEUT', 'NOM()', 'NOM-1', 'NOM-2', 'NOM-3', 'NOM-FEM', 'NOM-MASC', 'NOM-NEUT', 'NOM-PL', 'NOM-SG', 'PASS', 'PFV', 'PL', 'PROG', 'PROX', 'PRS', 'PST', 'REMT', 'SG', 'V', 'V.CVB', 'V.MSDR', 'V.PTCP', 'VOC']
INFO - 01/12/26 18:57:48 - 0:00:00 - trg vocab ['<PAD>', '<BOS>', '<EOS>', '<UNK>', ' ', 'a', 'j', 'o', 'Ј', 'А', 'Б', 'Р', 'С', 'а', 'б', 'в', 'г', 'д', 'е', 'ж', 'з', 'и', 'к', 'л', 'м', 'н', 'о', 'п', 'р', 'с', 'т', 'у', 'ф', 'х', 'ц', 'ч', 'ш', 'ѓ', 'ѕ', 'ј', 'љ', 'њ', 'ќ', 'џ']
INFO - 01/12/26 18:57:48 - 0:00:00 - model: TagTransformer(
                                       (src_embed): Embedding(76, 256, padding_idx=0)
                                       (trg_embed): Embedding(44, 256, padding_idx=0)
                                       (position_embed): SinusoidalPositionalEmbedding()
                                       (encoder): TransformerEncoder(
                                         (layers): ModuleList(
                                           (0): TransformerEncoderLayer(
                                             (self_attn): MultiheadAttention(
                                               (out_proj): _LinearWithBias(in_features=256, out_features=256, bias=True)
                                             )
                                             (linear1): Linear(in_features=256, out_features=1024, bias=True)
                                             (dropout): Dropout(p=0.3, inplace=False)
                                             (linear2): Linear(in_features=1024, out_features=256, bias=True)
                                             (norm1): LayerNorm((256,), eps=1e-05, elementwise_affine=True)
                                             (norm2): LayerNorm((256,), eps=1e-05, elementwise_affine=True)
                                             (activation_dropout): Dropout(p=0.3, inplace=False)
                                           )
                                           (1): TransformerEncoderLayer(
                                             (self_attn): MultiheadAttention(
                                               (out_proj): _LinearWithBias(in_features=256, out_features=256, bias=True)
                                             )
                                             (linear1): Linear(in_features=256, out_features=1024, bias=True)
                                             (dropout): Dropout(p=0.3, inplace=False)
                                             (linear2): Linear(in_features=1024, out_features=256, bias=True)
                                             (norm1): LayerNorm((256,), eps=1e-05, elementwise_affine=True)
                                             (norm2): LayerNorm((256,), eps=1e-05, elementwise_affine=True)
                                             (activation_dropout): Dropout(p=0.3, inplace=False)
                                           )
                                           (2): TransformerEncoderLayer(
                                             (self_attn): MultiheadAttention(
                                               (out_proj): _LinearWithBias(in_features=256, out_features=256, bias=True)
                                             )
                                             (linear1): Linear(in_features=256, out_features=1024, bias=True)
                                             (dropout): Dropout(p=0.3, inplace=False)
                                             (linear2): Linear(in_features=1024, out_features=256, bias=True)
                                             (norm1): LayerNorm((256,), eps=1e-05, elementwise_affine=True)
                                             (norm2): LayerNorm((256,), eps=1e-05, elementwise_affine=True)
                                             (activation_dropout): Dropout(p=0.3, inplace=False)
                                           )
                                           (3): TransformerEncoderLayer(
                                             (self_attn): MultiheadAttention(
                                               (out_proj): _LinearWithBias(in_features=256, out_features=256, bias=True)
                                             )
                                             (linear1): Linear(in_features=256, out_features=1024, bias=True)
                                             (dropout): Dropout(p=0.3, inplace=False)
                                             (linear2): Linear(in_features=1024, out_features=256, bias=True)
                                             (norm1): LayerNorm((256,), eps=1e-05, elementwise_affine=True)
                                             (norm2): LayerNorm((256,), eps=1e-05, elementwise_affine=True)
                                             (activation_dropout): Dropout(p=0.3, inplace=False)
                                           )
                                         )
                                         (norm): LayerNorm((256,), eps=1e-05, elementwise_affine=True)
                                       )
                                       (decoder): TransformerDecoder(
                                         (layers): ModuleList(
                                           (0): TransformerDecoderLayer(
                                             (self_attn): MultiheadAttention(
                                               (out_proj): _LinearWithBias(in_features=256, out_features=256, bias=True)
                                             )
                                             (multihead_attn): MultiheadAttention(
                                               (out_proj): _LinearWithBias(in_features=256, out_features=256, bias=True)
                                             )
                                             (linear1): Linear(in_features=256, out_features=1024, bias=True)
                                             (dropout): Dropout(p=0.3, inplace=False)
                                             (linear2): Linear(in_features=1024, out_features=256, bias=True)
                                             (norm1): LayerNorm((256,), eps=1e-05, elementwise_affine=True)
                                             (norm2): LayerNorm((256,), eps=1e-05, elementwise_affine=True)
                                             (norm3): LayerNorm((256,), eps=1e-05, elementwise_affine=True)
                                             (activation_dropout): Dropout(p=0.3, inplace=False)
                                           )
                                           (1): TransformerDecoderLayer(
                                             (self_attn): MultiheadAttention(
                                               (out_proj): _LinearWithBias(in_features=256, out_features=256, bias=True)
                                             )
                                             (multihead_attn): MultiheadAttention(
                                               (out_proj): _LinearWithBias(in_features=256, out_features=256, bias=True)
                                             )
                                             (linear1): Linear(in_features=256, out_features=1024, bias=True)
                                             (dropout): Dropout(p=0.3, inplace=False)
                                             (linear2): Linear(in_features=1024, out_features=256, bias=True)
                                             (norm1): LayerNorm((256,), eps=1e-05, elementwise_affine=True)
                                             (norm2): LayerNorm((256,), eps=1e-05, elementwise_affine=True)
                                             (norm3): LayerNorm((256,), eps=1e-05, elementwise_affine=True)
                                             (activation_dropout): Dropout(p=0.3, inplace=False)
                                           )
                                           (2): TransformerDecoderLayer(
                                             (self_attn): MultiheadAttention(
                                               (out_proj): _LinearWithBias(in_features=256, out_features=256, bias=True)
                                             )
                                             (multihead_attn): MultiheadAttention(
                                               (out_proj): _LinearWithBias(in_features=256, out_features=256, bias=True)
                                             )
                                             (linear1): Linear(in_features=256, out_features=1024, bias=True)
                                             (dropout): Dropout(p=0.3, inplace=False)
                                             (linear2): Linear(in_features=1024, out_features=256, bias=True)
                                             (norm1): LayerNorm((256,), eps=1e-05, elementwise_affine=True)
                                             (norm2): LayerNorm((256,), eps=1e-05, elementwise_affine=True)
                                             (norm3): LayerNorm((256,), eps=1e-05, elementwise_affine=True)
                                             (activation_dropout): Dropout(p=0.3, inplace=False)
                                           )
                                           (3): TransformerDecoderLayer(
                                             (self_attn): MultiheadAttention(
                                               (out_proj): _LinearWithBias(in_features=256, out_features=256, bias=True)
                                             )
                                             (multihead_attn): MultiheadAttention(
                                               (out_proj): _LinearWithBias(in_features=256, out_features=256, bias=True)
                                             )
                                             (linear1): Linear(in_features=256, out_features=1024, bias=True)
                                             (dropout): Dropout(p=0.3, inplace=False)
                                             (linear2): Linear(in_features=1024, out_features=256, bias=True)
                                             (norm1): LayerNorm((256,), eps=1e-05, elementwise_affine=True)
                                             (norm2): LayerNorm((256,), eps=1e-05, elementwise_affine=True)
                                             (norm3): LayerNorm((256,), eps=1e-05, elementwise_affine=True)
                                             (activation_dropout): Dropout(p=0.3, inplace=False)
                                           )
                                         )
                                         (norm): LayerNorm((256,), eps=1e-05, elementwise_affine=True)
                                       )
                                       (final_out): Linear(in_features=256, out_features=44, bias=True)
                                       (dropout): Dropout(p=0.3, inplace=False)
                                       (special_embeddings): Embedding(2, 256)
                                     )
INFO - 01/12/26 18:57:48 - 0:00:00 - number of parameter 7416364
INFO - 01/12/26 18:57:54 - 0:00:06 - maximum training 20000 steps (800 epochs)
INFO - 01/12/26 18:57:54 - 0:00:06 - evaluate every 16 epochs
INFO - 01/12/26 18:57:54 - 0:00:06 - At 0-th epoch with lr 0.000000.
INFO - 01/12/26 18:57:57 - 0:00:09 - Running average train loss is 4.593184890747071 at epoch 0
INFO - 01/12/26 18:57:57 - 0:00:09 - At 1-th epoch with lr 0.000006.
INFO - 01/12/26 18:57:59 - 0:00:11 - Running average train loss is 3.9490178871154784 at epoch 1
INFO - 01/12/26 18:57:59 - 0:00:11 - At 2-th epoch with lr 0.000013.
INFO - 01/12/26 18:58:01 - 0:00:13 - Running average train loss is 3.405170497894287 at epoch 2
INFO - 01/12/26 18:58:01 - 0:00:13 - At 3-th epoch with lr 0.000019.
INFO - 01/12/26 18:58:03 - 0:00:15 - Running average train loss is 3.146205244064331 at epoch 3
INFO - 01/12/26 18:58:03 - 0:00:15 - At 4-th epoch with lr 0.000025.
INFO - 01/12/26 18:58:04 - 0:00:17 - Running average train loss is 3.0060531806945803 at epoch 4
INFO - 01/12/26 18:58:04 - 0:00:17 - At 5-th epoch with lr 0.000031.
INFO - 01/12/26 18:58:06 - 0:00:19 - Running average train loss is 2.87080246925354 at epoch 5
INFO - 01/12/26 18:58:06 - 0:00:19 - At 6-th epoch with lr 0.000037.
INFO - 01/12/26 18:58:08 - 0:00:21 - Running average train loss is 2.7323684597015383 at epoch 6
INFO - 01/12/26 18:58:08 - 0:00:21 - At 7-th epoch with lr 0.000044.
INFO - 01/12/26 18:58:10 - 0:00:23 - Running average train loss is 2.5934079456329346 at epoch 7
INFO - 01/12/26 18:58:10 - 0:00:23 - At 8-th epoch with lr 0.000050.
INFO - 01/12/26 18:58:12 - 0:00:25 - Running average train loss is 2.4567680740356446 at epoch 8
INFO - 01/12/26 18:58:12 - 0:00:25 - At 9-th epoch with lr 0.000056.
INFO - 01/12/26 18:58:14 - 0:00:26 - Running average train loss is 2.3120853424072267 at epoch 9
INFO - 01/12/26 18:58:14 - 0:00:26 - At 10-th epoch with lr 0.000063.
INFO - 01/12/26 18:58:16 - 0:00:28 - Running average train loss is 2.149820671081543 at epoch 10
INFO - 01/12/26 18:58:16 - 0:00:28 - At 11-th epoch with lr 0.000069.
INFO - 01/12/26 18:58:18 - 0:00:30 - Running average train loss is 1.9814752864837646 at epoch 11
INFO - 01/12/26 18:58:18 - 0:00:30 - At 12-th epoch with lr 0.000075.
INFO - 01/12/26 18:58:20 - 0:00:32 - Running average train loss is 1.8296414279937745 at epoch 12
INFO - 01/12/26 18:58:20 - 0:00:32 - At 13-th epoch with lr 0.000081.
INFO - 01/12/26 18:58:21 - 0:00:34 - Running average train loss is 1.690550127029419 at epoch 13
INFO - 01/12/26 18:58:21 - 0:00:34 - At 14-th epoch with lr 0.000087.
INFO - 01/12/26 18:58:23 - 0:00:36 - Running average train loss is 1.5729306411743165 at epoch 14
INFO - 01/12/26 18:58:23 - 0:00:36 - At 15-th epoch with lr 0.000094.
INFO - 01/12/26 18:58:25 - 0:00:37 - Running average train loss is 1.4773669242858887 at epoch 15
INFO - 01/12/26 18:58:25 - 0:00:37 - At 16-th epoch with lr 0.000100.
INFO - 01/12/26 18:58:27 - 0:00:39 - Running average train loss is 1.3855851411819458 at epoch 16
INFO - 01/12/26 18:58:27 - 0:00:39 - Average dev loss is 1.1793568134307861 at epoch 16
INFO - 01/12/26 18:58:27 - 0:00:40 - dev accuracy is 36.8 at epoch 16
INFO - 01/12/26 18:58:27 - 0:00:40 - dev average edit distance is 1.252 at epoch 16
INFO - 01/12/26 18:58:28 - 0:00:40 - At 17-th epoch with lr 0.000106.
INFO - 01/12/26 18:58:30 - 0:00:42 - Running average train loss is 1.321826090812683 at epoch 17
INFO - 01/12/26 18:58:30 - 0:00:42 - At 18-th epoch with lr 0.000113.
INFO - 01/12/26 18:58:32 - 0:00:44 - Running average train loss is 1.2607003164291382 at epoch 18
INFO - 01/12/26 18:58:32 - 0:00:44 - At 19-th epoch with lr 0.000119.
INFO - 01/12/26 18:58:34 - 0:00:46 - Running average train loss is 1.208700466156006 at epoch 19
INFO - 01/12/26 18:58:34 - 0:00:46 - At 20-th epoch with lr 0.000125.
INFO - 01/12/26 18:58:35 - 0:00:48 - Running average train loss is 1.1600555992126464 at epoch 20
INFO - 01/12/26 18:58:35 - 0:00:48 - At 21-th epoch with lr 0.000131.
INFO - 01/12/26 18:58:37 - 0:00:49 - Running average train loss is 1.1203252458572388 at epoch 21
INFO - 01/12/26 18:58:37 - 0:00:49 - At 22-th epoch with lr 0.000138.
INFO - 01/12/26 18:58:39 - 0:00:51 - Running average train loss is 1.0895134162902833 at epoch 22
INFO - 01/12/26 18:58:39 - 0:00:51 - At 23-th epoch with lr 0.000144.
INFO - 01/12/26 18:58:41 - 0:00:53 - Running average train loss is 1.0589925050735474 at epoch 23
INFO - 01/12/26 18:58:41 - 0:00:53 - At 24-th epoch with lr 0.000150.
INFO - 01/12/26 18:58:43 - 0:00:55 - Running average train loss is 1.0307642030715942 at epoch 24
INFO - 01/12/26 18:58:43 - 0:00:55 - At 25-th epoch with lr 0.000156.
INFO - 01/12/26 18:58:44 - 0:00:57 - Running average train loss is 1.0098866510391236 at epoch 25
INFO - 01/12/26 18:58:44 - 0:00:57 - At 26-th epoch with lr 0.000163.
INFO - 01/12/26 18:58:46 - 0:00:58 - Running average train loss is 0.9861657452583313 at epoch 26
INFO - 01/12/26 18:58:46 - 0:00:58 - At 27-th epoch with lr 0.000169.
INFO - 01/12/26 18:58:48 - 0:01:00 - Running average train loss is 0.9666979360580444 at epoch 27
INFO - 01/12/26 18:58:48 - 0:01:00 - At 28-th epoch with lr 0.000175.
INFO - 01/12/26 18:58:50 - 0:01:02 - Running average train loss is 0.9472799015045166 at epoch 28
INFO - 01/12/26 18:58:50 - 0:01:02 - At 29-th epoch with lr 0.000181.
INFO - 01/12/26 18:58:52 - 0:01:04 - Running average train loss is 0.9319650053977966 at epoch 29
INFO - 01/12/26 18:58:52 - 0:01:04 - At 30-th epoch with lr 0.000188.
INFO - 01/12/26 18:58:53 - 0:01:06 - Running average train loss is 0.9158987998962402 at epoch 30
INFO - 01/12/26 18:58:53 - 0:01:06 - At 31-th epoch with lr 0.000194.
INFO - 01/12/26 18:58:55 - 0:01:08 - Running average train loss is 0.9029185080528259 at epoch 31
INFO - 01/12/26 18:58:55 - 0:01:08 - At 32-th epoch with lr 0.000200.
INFO - 01/12/26 18:58:57 - 0:01:09 - Running average train loss is 0.8904108047485352 at epoch 32
INFO - 01/12/26 18:58:57 - 0:01:09 - Average dev loss is 0.8894566893577576 at epoch 32
INFO - 01/12/26 18:58:58 - 0:01:10 - dev accuracy is 77.6 at epoch 32
INFO - 01/12/26 18:58:58 - 0:01:10 - dev average edit distance is 0.348 at epoch 32
INFO - 01/12/26 18:58:58 - 0:01:10 - At 33-th epoch with lr 0.000206.
INFO - 01/12/26 18:58:59 - 0:01:12 - Running average train loss is 0.8755223155021667 at epoch 33
INFO - 01/12/26 18:58:59 - 0:01:12 - At 34-th epoch with lr 0.000212.
INFO - 01/12/26 18:59:01 - 0:01:14 - Running average train loss is 0.8657370519638061 at epoch 34
INFO - 01/12/26 18:59:01 - 0:01:14 - At 35-th epoch with lr 0.000219.
INFO - 01/12/26 18:59:03 - 0:01:15 - Running average train loss is 0.8541689229011535 at epoch 35
INFO - 01/12/26 18:59:03 - 0:01:15 - At 36-th epoch with lr 0.000225.
INFO - 01/12/26 18:59:05 - 0:01:17 - Running average train loss is 0.8465451192855835 at epoch 36
INFO - 01/12/26 18:59:05 - 0:01:17 - At 37-th epoch with lr 0.000231.
INFO - 01/12/26 18:59:07 - 0:01:19 - Running average train loss is 0.8374873900413513 at epoch 37
INFO - 01/12/26 18:59:07 - 0:01:19 - At 38-th epoch with lr 0.000237.
INFO - 01/12/26 18:59:08 - 0:01:21 - Running average train loss is 0.8296046948432922 at epoch 38
INFO - 01/12/26 18:59:08 - 0:01:21 - At 39-th epoch with lr 0.000244.
INFO - 01/12/26 18:59:10 - 0:01:23 - Running average train loss is 0.821555712223053 at epoch 39
INFO - 01/12/26 18:59:10 - 0:01:23 - At 40-th epoch with lr 0.000250.
INFO - 01/12/26 18:59:12 - 0:01:24 - Running average train loss is 0.8138240098953247 at epoch 40
INFO - 01/12/26 18:59:12 - 0:01:24 - At 41-th epoch with lr 0.000256.
INFO - 01/12/26 18:59:14 - 0:01:26 - Running average train loss is 0.8067297649383545 at epoch 41
INFO - 01/12/26 18:59:14 - 0:01:26 - At 42-th epoch with lr 0.000263.
INFO - 01/12/26 18:59:16 - 0:01:28 - Running average train loss is 0.8010840916633606 at epoch 42
INFO - 01/12/26 18:59:16 - 0:01:28 - At 43-th epoch with lr 0.000269.
INFO - 01/12/26 18:59:17 - 0:01:30 - Running average train loss is 0.7949202370643615 at epoch 43
INFO - 01/12/26 18:59:17 - 0:01:30 - At 44-th epoch with lr 0.000275.
INFO - 01/12/26 18:59:19 - 0:01:32 - Running average train loss is 0.7902856063842774 at epoch 44
INFO - 01/12/26 18:59:19 - 0:01:32 - At 45-th epoch with lr 0.000281.
INFO - 01/12/26 18:59:21 - 0:01:33 - Running average train loss is 0.7843782997131348 at epoch 45
INFO - 01/12/26 18:59:21 - 0:01:33 - At 46-th epoch with lr 0.000287.
INFO - 01/12/26 18:59:23 - 0:01:35 - Running average train loss is 0.7796557998657226 at epoch 46
INFO - 01/12/26 18:59:23 - 0:01:35 - At 47-th epoch with lr 0.000294.
INFO - 01/12/26 18:59:25 - 0:01:37 - Running average train loss is 0.7746562957763672 at epoch 47
INFO - 01/12/26 18:59:25 - 0:01:37 - At 48-th epoch with lr 0.000300.
INFO - 01/12/26 18:59:26 - 0:01:39 - Running average train loss is 0.7697230434417724 at epoch 48
INFO - 01/12/26 18:59:26 - 0:01:39 - Average dev loss is 0.8071884115537008 at epoch 48
INFO - 01/12/26 18:59:27 - 0:01:39 - dev accuracy is 84.9 at epoch 48
INFO - 01/12/26 18:59:27 - 0:01:39 - dev average edit distance is 0.213 at epoch 48
INFO - 01/12/26 18:59:27 - 0:01:39 - At 49-th epoch with lr 0.000306.
INFO - 01/12/26 18:59:29 - 0:01:41 - Running average train loss is 0.7663433337211609 at epoch 49
INFO - 01/12/26 18:59:29 - 0:01:41 - At 50-th epoch with lr 0.000313.
INFO - 01/12/26 18:59:31 - 0:01:43 - Running average train loss is 0.7645744848251342 at epoch 50
INFO - 01/12/26 18:59:31 - 0:01:43 - At 51-th epoch with lr 0.000319.
INFO - 01/12/26 18:59:32 - 0:01:45 - Running average train loss is 0.7590409708023071 at epoch 51
INFO - 01/12/26 18:59:32 - 0:01:45 - At 52-th epoch with lr 0.000325.
INFO - 01/12/26 18:59:34 - 0:01:47 - Running average train loss is 0.7576515412330628 at epoch 52
INFO - 01/12/26 18:59:34 - 0:01:47 - At 53-th epoch with lr 0.000331.
INFO - 01/12/26 18:59:36 - 0:01:48 - Running average train loss is 0.7524817371368409 at epoch 53
INFO - 01/12/26 18:59:36 - 0:01:48 - At 54-th epoch with lr 0.000338.
INFO - 01/12/26 18:59:38 - 0:01:50 - Running average train loss is 0.7506602168083191 at epoch 54
INFO - 01/12/26 18:59:38 - 0:01:50 - At 55-th epoch with lr 0.000344.
INFO - 01/12/26 18:59:40 - 0:01:52 - Running average train loss is 0.7487152290344238 at epoch 55
INFO - 01/12/26 18:59:40 - 0:01:52 - At 56-th epoch with lr 0.000350.
INFO - 01/12/26 18:59:41 - 0:01:54 - Running average train loss is 0.745535991191864 at epoch 56
INFO - 01/12/26 18:59:41 - 0:01:54 - At 57-th epoch with lr 0.000356.
INFO - 01/12/26 18:59:43 - 0:01:56 - Running average train loss is 0.7445030641555787 at epoch 57
INFO - 01/12/26 18:59:43 - 0:01:56 - At 58-th epoch with lr 0.000362.
INFO - 01/12/26 18:59:45 - 0:01:57 - Running average train loss is 0.7409325838088989 at epoch 58
INFO - 01/12/26 18:59:45 - 0:01:57 - At 59-th epoch with lr 0.000369.
INFO - 01/12/26 18:59:47 - 0:01:59 - Running average train loss is 0.7390433049201965 at epoch 59
INFO - 01/12/26 18:59:47 - 0:01:59 - At 60-th epoch with lr 0.000375.
INFO - 01/12/26 18:59:49 - 0:02:01 - Running average train loss is 0.7361073565483093 at epoch 60
INFO - 01/12/26 18:59:49 - 0:02:01 - At 61-th epoch with lr 0.000381.
INFO - 01/12/26 18:59:50 - 0:02:03 - Running average train loss is 0.7355028247833252 at epoch 61
INFO - 01/12/26 18:59:50 - 0:02:03 - At 62-th epoch with lr 0.000388.
INFO - 01/12/26 18:59:52 - 0:02:05 - Running average train loss is 0.7329957509040832 at epoch 62
INFO - 01/12/26 18:59:52 - 0:02:05 - At 63-th epoch with lr 0.000394.
INFO - 01/12/26 18:59:54 - 0:02:06 - Running average train loss is 0.7307594871520996 at epoch 63
INFO - 01/12/26 18:59:54 - 0:02:06 - At 64-th epoch with lr 0.000400.
INFO - 01/12/26 18:59:56 - 0:02:08 - Running average train loss is 0.7323569869995117 at epoch 64
INFO - 01/12/26 18:59:56 - 0:02:08 - Average dev loss is 0.7646004756291708 at epoch 64
INFO - 01/12/26 18:59:56 - 0:02:09 - dev accuracy is 88.1 at epoch 64
INFO - 01/12/26 18:59:56 - 0:02:09 - dev average edit distance is 0.137 at epoch 64
INFO - 01/12/26 18:59:56 - 0:02:09 - At 65-th epoch with lr 0.000406.
INFO - 01/12/26 18:59:58 - 0:02:11 - Running average train loss is 0.73002525806427 at epoch 65
INFO - 01/12/26 18:59:58 - 0:02:11 - At 66-th epoch with lr 0.000412.
INFO - 01/12/26 19:00:00 - 0:02:12 - Running average train loss is 0.7283685994148255 at epoch 66
INFO - 01/12/26 19:00:00 - 0:02:12 - At 67-th epoch with lr 0.000419.
INFO - 01/12/26 19:00:02 - 0:02:14 - Running average train loss is 0.7265660905838013 at epoch 67
INFO - 01/12/26 19:00:02 - 0:02:14 - At 68-th epoch with lr 0.000425.
INFO - 01/12/26 19:00:04 - 0:02:16 - Running average train loss is 0.7274912834167481 at epoch 68
INFO - 01/12/26 19:00:04 - 0:02:16 - At 69-th epoch with lr 0.000431.
INFO - 01/12/26 19:00:05 - 0:02:18 - Running average train loss is 0.7253445529937744 at epoch 69
INFO - 01/12/26 19:00:05 - 0:02:18 - At 70-th epoch with lr 0.000438.
INFO - 01/12/26 19:00:07 - 0:02:20 - Running average train loss is 0.7236996626853943 at epoch 70
INFO - 01/12/26 19:00:07 - 0:02:20 - At 71-th epoch with lr 0.000444.
INFO - 01/12/26 19:00:09 - 0:02:21 - Running average train loss is 0.7221026515960693 at epoch 71
INFO - 01/12/26 19:00:09 - 0:02:21 - At 72-th epoch with lr 0.000450.
INFO - 01/12/26 19:00:11 - 0:02:23 - Running average train loss is 0.7213612747192383 at epoch 72
INFO - 01/12/26 19:00:11 - 0:02:23 - At 73-th epoch with lr 0.000456.
INFO - 01/12/26 19:00:13 - 0:02:25 - Running average train loss is 0.7214953637123108 at epoch 73
INFO - 01/12/26 19:00:13 - 0:02:25 - At 74-th epoch with lr 0.000463.
INFO - 01/12/26 19:00:14 - 0:02:27 - Running average train loss is 0.7214465808868408 at epoch 74
INFO - 01/12/26 19:00:14 - 0:02:27 - At 75-th epoch with lr 0.000469.
INFO - 01/12/26 19:00:16 - 0:02:29 - Running average train loss is 0.7200265526771545 at epoch 75
INFO - 01/12/26 19:00:16 - 0:02:29 - At 76-th epoch with lr 0.000475.
INFO - 01/15/26 18:12:26 - 0:00:00 - command line argument: seed - 0
INFO - 01/15/26 18:12:26 - 0:00:00 - command line argument: train - ['../../2023InflectionST/part1/data/mkd.trn']
INFO - 01/15/26 18:12:26 - 0:00:00 - command line argument: dev - ['../../2023InflectionST/part1/data/mkd.dev']
INFO - 01/15/26 18:12:26 - 0:00:00 - command line argument: test - ['../../2023InflectionST/part1/data/mkd.tst']
INFO - 01/15/26 18:12:26 - 0:00:00 - command line argument: model - 'checkpoints/sig23/tagtransformer/mkd'
INFO - 01/15/26 18:12:26 - 0:00:00 - command line argument: load - ''
INFO - 01/15/26 18:12:26 - 0:00:00 - command line argument: bs - 400
INFO - 01/15/26 18:12:26 - 0:00:00 - command line argument: epochs - 20
INFO - 01/15/26 18:12:26 - 0:00:00 - command line argument: max_steps - 20000
INFO - 01/15/26 18:12:26 - 0:00:00 - command line argument: warmup_steps - 4000
INFO - 01/15/26 18:12:26 - 0:00:00 - command line argument: total_eval - 50
INFO - 01/15/26 18:12:26 - 0:00:00 - command line argument: optimizer - <Optimizer.adam: 'adam'>
INFO - 01/15/26 18:12:26 - 0:00:00 - command line argument: scheduler - <Scheduler.warmupinvsqr: 'warmupinvsqr'>
INFO - 01/15/26 18:12:26 - 0:00:00 - command line argument: lr - 0.001
INFO - 01/15/26 18:12:26 - 0:00:00 - command line argument: min_lr - 1e-05
INFO - 01/15/26 18:12:26 - 0:00:00 - command line argument: momentum - 0.9
INFO - 01/15/26 18:12:26 - 0:00:00 - command line argument: beta1 - 0.9
INFO - 01/15/26 18:12:26 - 0:00:00 - command line argument: beta2 - 0.98
INFO - 01/15/26 18:12:26 - 0:00:00 - command line argument: estop - 1e-08
INFO - 01/15/26 18:12:26 - 0:00:00 - command line argument: cooldown - 0
INFO - 01/15/26 18:12:26 - 0:00:00 - command line argument: patience - 0
INFO - 01/15/26 18:12:26 - 0:00:00 - command line argument: discount_factor - 0.5
INFO - 01/15/26 18:12:26 - 0:00:00 - command line argument: max_norm - 1.0
INFO - 01/15/26 18:12:26 - 0:00:00 - command line argument: gpuid - [0]
INFO - 01/15/26 18:12:26 - 0:00:00 - command line argument: loglevel - 'info'
INFO - 01/15/26 18:12:26 - 0:00:00 - command line argument: saveall - False
INFO - 01/15/26 18:12:26 - 0:00:00 - command line argument: shuffle - True
INFO - 01/15/26 18:12:26 - 0:00:00 - command line argument: cleanup_anyway - True
INFO - 01/15/26 18:12:26 - 0:00:00 - command line argument: dataset - <Data.sigmorphon23task0: 'sigmorphon23task0'>
INFO - 01/15/26 18:12:26 - 0:00:00 - command line argument: max_seq_len - 128
INFO - 01/15/26 18:12:26 - 0:00:00 - command line argument: max_decode_len - 32
INFO - 01/15/26 18:12:26 - 0:00:00 - command line argument: decode_beam_size - 5
INFO - 01/15/26 18:12:26 - 0:00:00 - command line argument: init - ''
INFO - 01/15/26 18:12:26 - 0:00:00 - command line argument: dropout - 0.3
INFO - 01/15/26 18:12:26 - 0:00:00 - command line argument: embed_dim - 256
INFO - 01/15/26 18:12:26 - 0:00:00 - command line argument: nb_heads - 4
INFO - 01/15/26 18:12:26 - 0:00:00 - command line argument: src_layer - 4
INFO - 01/15/26 18:12:26 - 0:00:00 - command line argument: trg_layer - 4
INFO - 01/15/26 18:12:26 - 0:00:00 - command line argument: src_hs - 1024
INFO - 01/15/26 18:12:26 - 0:00:00 - command line argument: trg_hs - 1024
INFO - 01/15/26 18:12:26 - 0:00:00 - command line argument: label_smooth - 0.1
INFO - 01/15/26 18:12:26 - 0:00:00 - command line argument: tie_trg_embed - False
INFO - 01/15/26 18:12:26 - 0:00:00 - command line argument: arch - <Arch.tagtransformer: 'tagtransformer'>
INFO - 01/15/26 18:12:26 - 0:00:00 - command line argument: nb_sample - 2
INFO - 01/15/26 18:12:26 - 0:00:00 - command line argument: wid_siz - 11
INFO - 01/15/26 18:12:26 - 0:00:00 - command line argument: indtag - False
INFO - 01/15/26 18:12:26 - 0:00:00 - command line argument: decode - <Decode.greedy: 'greedy'>
INFO - 01/15/26 18:12:26 - 0:00:00 - command line argument: mono - False
INFO - 01/15/26 18:12:26 - 0:00:00 - command line argument: bestacc - True
INFO - 01/15/26 18:12:27 - 0:00:00 - src vocab size 76
INFO - 01/15/26 18:12:27 - 0:00:00 - trg vocab size 44
INFO - 01/15/26 18:12:27 - 0:00:00 - src vocab ['<PAD>', '<BOS>', '<EOS>', '<UNK>', ' ', 'a', 'j', 'o', 'Ј', 'А', 'Б', 'Р', 'С', 'а', 'б', 'в', 'г', 'д', 'е', 'ж', 'з', 'и', 'к', 'л', 'м', 'н', 'о', 'п', 'р', 'с', 'т', 'у', 'ф', 'х', 'ц', 'ч', 'ш', 'ѓ', 'ѕ', 'ј', 'љ', 'њ', 'ќ', 'џ', 'ADJ', 'DEF', 'FEM', 'IMP', 'INDF', 'IPFV', 'MASC', 'N', 'NEUT', 'NOM()', 'NOM-1', 'NOM-2', 'NOM-3', 'NOM-FEM', 'NOM-MASC', 'NOM-NEUT', 'NOM-PL', 'NOM-SG', 'PASS', 'PFV', 'PL', 'PROG', 'PROX', 'PRS', 'PST', 'REMT', 'SG', 'V', 'V.CVB', 'V.MSDR', 'V.PTCP', 'VOC']
INFO - 01/15/26 18:12:27 - 0:00:00 - trg vocab ['<PAD>', '<BOS>', '<EOS>', '<UNK>', ' ', 'a', 'j', 'o', 'Ј', 'А', 'Б', 'Р', 'С', 'а', 'б', 'в', 'г', 'д', 'е', 'ж', 'з', 'и', 'к', 'л', 'м', 'н', 'о', 'п', 'р', 'с', 'т', 'у', 'ф', 'х', 'ц', 'ч', 'ш', 'ѓ', 'ѕ', 'ј', 'љ', 'њ', 'ќ', 'џ']
INFO - 01/15/26 18:12:27 - 0:00:00 - model: TagTransformer(
                                       (src_embed): Embedding(76, 256, padding_idx=0)
                                       (trg_embed): Embedding(44, 256, padding_idx=0)
                                       (position_embed): SinusoidalPositionalEmbedding()
                                       (encoder): TransformerEncoder(
                                         (layers): ModuleList(
                                           (0): TransformerEncoderLayer(
                                             (self_attn): MultiheadAttention(
                                               (out_proj): _LinearWithBias(in_features=256, out_features=256, bias=True)
                                             )
                                             (linear1): Linear(in_features=256, out_features=1024, bias=True)
                                             (dropout): Dropout(p=0.3, inplace=False)
                                             (linear2): Linear(in_features=1024, out_features=256, bias=True)
                                             (norm1): LayerNorm((256,), eps=1e-05, elementwise_affine=True)
                                             (norm2): LayerNorm((256,), eps=1e-05, elementwise_affine=True)
                                             (activation_dropout): Dropout(p=0.3, inplace=False)
                                           )
                                           (1): TransformerEncoderLayer(
                                             (self_attn): MultiheadAttention(
                                               (out_proj): _LinearWithBias(in_features=256, out_features=256, bias=True)
                                             )
                                             (linear1): Linear(in_features=256, out_features=1024, bias=True)
                                             (dropout): Dropout(p=0.3, inplace=False)
                                             (linear2): Linear(in_features=1024, out_features=256, bias=True)
                                             (norm1): LayerNorm((256,), eps=1e-05, elementwise_affine=True)
                                             (norm2): LayerNorm((256,), eps=1e-05, elementwise_affine=True)
                                             (activation_dropout): Dropout(p=0.3, inplace=False)
                                           )
                                           (2): TransformerEncoderLayer(
                                             (self_attn): MultiheadAttention(
                                               (out_proj): _LinearWithBias(in_features=256, out_features=256, bias=True)
                                             )
                                             (linear1): Linear(in_features=256, out_features=1024, bias=True)
                                             (dropout): Dropout(p=0.3, inplace=False)
                                             (linear2): Linear(in_features=1024, out_features=256, bias=True)
                                             (norm1): LayerNorm((256,), eps=1e-05, elementwise_affine=True)
                                             (norm2): LayerNorm((256,), eps=1e-05, elementwise_affine=True)
                                             (activation_dropout): Dropout(p=0.3, inplace=False)
                                           )
                                           (3): TransformerEncoderLayer(
                                             (self_attn): MultiheadAttention(
                                               (out_proj): _LinearWithBias(in_features=256, out_features=256, bias=True)
                                             )
                                             (linear1): Linear(in_features=256, out_features=1024, bias=True)
                                             (dropout): Dropout(p=0.3, inplace=False)
                                             (linear2): Linear(in_features=1024, out_features=256, bias=True)
                                             (norm1): LayerNorm((256,), eps=1e-05, elementwise_affine=True)
                                             (norm2): LayerNorm((256,), eps=1e-05, elementwise_affine=True)
                                             (activation_dropout): Dropout(p=0.3, inplace=False)
                                           )
                                         )
                                         (norm): LayerNorm((256,), eps=1e-05, elementwise_affine=True)
                                       )
                                       (decoder): TransformerDecoder(
                                         (layers): ModuleList(
                                           (0): TransformerDecoderLayer(
                                             (self_attn): MultiheadAttention(
                                               (out_proj): _LinearWithBias(in_features=256, out_features=256, bias=True)
                                             )
                                             (multihead_attn): MultiheadAttention(
                                               (out_proj): _LinearWithBias(in_features=256, out_features=256, bias=True)
                                             )
                                             (linear1): Linear(in_features=256, out_features=1024, bias=True)
                                             (dropout): Dropout(p=0.3, inplace=False)
                                             (linear2): Linear(in_features=1024, out_features=256, bias=True)
                                             (norm1): LayerNorm((256,), eps=1e-05, elementwise_affine=True)
                                             (norm2): LayerNorm((256,), eps=1e-05, elementwise_affine=True)
                                             (norm3): LayerNorm((256,), eps=1e-05, elementwise_affine=True)
                                             (activation_dropout): Dropout(p=0.3, inplace=False)
                                           )
                                           (1): TransformerDecoderLayer(
                                             (self_attn): MultiheadAttention(
                                               (out_proj): _LinearWithBias(in_features=256, out_features=256, bias=True)
                                             )
                                             (multihead_attn): MultiheadAttention(
                                               (out_proj): _LinearWithBias(in_features=256, out_features=256, bias=True)
                                             )
                                             (linear1): Linear(in_features=256, out_features=1024, bias=True)
                                             (dropout): Dropout(p=0.3, inplace=False)
                                             (linear2): Linear(in_features=1024, out_features=256, bias=True)
                                             (norm1): LayerNorm((256,), eps=1e-05, elementwise_affine=True)
                                             (norm2): LayerNorm((256,), eps=1e-05, elementwise_affine=True)
                                             (norm3): LayerNorm((256,), eps=1e-05, elementwise_affine=True)
                                             (activation_dropout): Dropout(p=0.3, inplace=False)
                                           )
                                           (2): TransformerDecoderLayer(
                                             (self_attn): MultiheadAttention(
                                               (out_proj): _LinearWithBias(in_features=256, out_features=256, bias=True)
                                             )
                                             (multihead_attn): MultiheadAttention(
                                               (out_proj): _LinearWithBias(in_features=256, out_features=256, bias=True)
                                             )
                                             (linear1): Linear(in_features=256, out_features=1024, bias=True)
                                             (dropout): Dropout(p=0.3, inplace=False)
                                             (linear2): Linear(in_features=1024, out_features=256, bias=True)
                                             (norm1): LayerNorm((256,), eps=1e-05, elementwise_affine=True)
                                             (norm2): LayerNorm((256,), eps=1e-05, elementwise_affine=True)
                                             (norm3): LayerNorm((256,), eps=1e-05, elementwise_affine=True)
                                             (activation_dropout): Dropout(p=0.3, inplace=False)
                                           )
                                           (3): TransformerDecoderLayer(
                                             (self_attn): MultiheadAttention(
                                               (out_proj): _LinearWithBias(in_features=256, out_features=256, bias=True)
                                             )
                                             (multihead_attn): MultiheadAttention(
                                               (out_proj): _LinearWithBias(in_features=256, out_features=256, bias=True)
                                             )
                                             (linear1): Linear(in_features=256, out_features=1024, bias=True)
                                             (dropout): Dropout(p=0.3, inplace=False)
                                             (linear2): Linear(in_features=1024, out_features=256, bias=True)
                                             (norm1): LayerNorm((256,), eps=1e-05, elementwise_affine=True)
                                             (norm2): LayerNorm((256,), eps=1e-05, elementwise_affine=True)
                                             (norm3): LayerNorm((256,), eps=1e-05, elementwise_affine=True)
                                             (activation_dropout): Dropout(p=0.3, inplace=False)
                                           )
                                         )
                                         (norm): LayerNorm((256,), eps=1e-05, elementwise_affine=True)
                                       )
                                       (final_out): Linear(in_features=256, out_features=44, bias=True)
                                       (dropout): Dropout(p=0.3, inplace=False)
                                       (special_embeddings): Embedding(2, 256)
                                     )
INFO - 01/15/26 18:12:27 - 0:00:00 - number of parameter 7416364
INFO - 01/15/26 18:12:45 - 0:00:18 - maximum training 20000 steps (800 epochs)
INFO - 01/15/26 18:12:45 - 0:00:18 - evaluate every 16 epochs
INFO - 01/15/26 18:12:45 - 0:00:18 - At 0-th epoch with lr 0.000000.
INFO - 01/15/26 18:12:51 - 0:00:24 - Running average train loss is 4.593184890747071 at epoch 0
INFO - 01/15/26 18:12:51 - 0:00:24 - At 1-th epoch with lr 0.000006.
INFO - 01/15/26 18:12:53 - 0:00:26 - Running average train loss is 3.9490178871154784 at epoch 1
INFO - 01/15/26 18:12:53 - 0:00:26 - At 2-th epoch with lr 0.000013.
INFO - 01/15/26 18:12:54 - 0:00:28 - Running average train loss is 3.405170497894287 at epoch 2
INFO - 01/15/26 18:12:54 - 0:00:28 - At 3-th epoch with lr 0.000019.
INFO - 01/15/26 18:12:56 - 0:00:30 - Running average train loss is 3.146205244064331 at epoch 3
INFO - 01/15/26 18:12:56 - 0:00:30 - At 4-th epoch with lr 0.000025.
INFO - 01/15/26 18:12:58 - 0:00:32 - Running average train loss is 3.0060531806945803 at epoch 4
INFO - 01/15/26 18:12:58 - 0:00:32 - At 5-th epoch with lr 0.000031.
INFO - 01/15/26 18:13:00 - 0:00:33 - Running average train loss is 2.87080246925354 at epoch 5
INFO - 01/15/26 18:13:00 - 0:00:33 - At 6-th epoch with lr 0.000037.
INFO - 01/15/26 18:13:02 - 0:00:35 - Running average train loss is 2.7323684597015383 at epoch 6
INFO - 01/15/26 18:13:02 - 0:00:35 - At 7-th epoch with lr 0.000044.
INFO - 01/15/26 18:13:04 - 0:00:37 - Running average train loss is 2.5934079456329346 at epoch 7
INFO - 01/15/26 18:13:04 - 0:00:37 - At 8-th epoch with lr 0.000050.
INFO - 01/15/26 18:13:05 - 0:00:39 - Running average train loss is 2.4567680740356446 at epoch 8
INFO - 01/15/26 18:13:05 - 0:00:39 - At 9-th epoch with lr 0.000056.
INFO - 01/15/26 18:13:07 - 0:00:41 - Running average train loss is 2.3120853424072267 at epoch 9
INFO - 01/15/26 18:13:07 - 0:00:41 - At 10-th epoch with lr 0.000063.
INFO - 01/15/26 18:13:09 - 0:00:43 - Running average train loss is 2.149820671081543 at epoch 10
INFO - 01/15/26 18:13:09 - 0:00:43 - At 11-th epoch with lr 0.000069.
INFO - 01/15/26 18:13:11 - 0:00:44 - Running average train loss is 1.9814752864837646 at epoch 11
INFO - 01/15/26 18:13:11 - 0:00:44 - At 12-th epoch with lr 0.000075.
INFO - 01/15/26 18:13:13 - 0:00:46 - Running average train loss is 1.8296414279937745 at epoch 12
INFO - 01/15/26 18:13:13 - 0:00:46 - At 13-th epoch with lr 0.000081.
INFO - 01/15/26 18:13:14 - 0:00:48 - Running average train loss is 1.690550127029419 at epoch 13
INFO - 01/15/26 18:13:14 - 0:00:48 - At 14-th epoch with lr 0.000087.
INFO - 01/15/26 18:13:16 - 0:00:50 - Running average train loss is 1.5729306411743165 at epoch 14
INFO - 01/15/26 18:13:16 - 0:00:50 - At 15-th epoch with lr 0.000094.
INFO - 01/15/26 18:13:18 - 0:00:52 - Running average train loss is 1.4773669242858887 at epoch 15
INFO - 01/15/26 18:13:18 - 0:00:52 - At 16-th epoch with lr 0.000100.
INFO - 01/15/26 18:13:20 - 0:00:53 - Running average train loss is 1.3855851411819458 at epoch 16
INFO - 01/15/26 18:13:20 - 0:00:53 - Average dev loss is 1.1793568134307861 at epoch 16
INFO - 01/15/26 18:13:20 - 0:00:54 - dev accuracy is 36.8 at epoch 16
INFO - 01/15/26 18:13:20 - 0:00:54 - dev average edit distance is 1.252 at epoch 16
INFO - 01/15/26 18:13:20 - 0:00:54 - At 17-th epoch with lr 0.000106.
INFO - 01/15/26 18:13:22 - 0:00:56 - Running average train loss is 1.321826090812683 at epoch 17
INFO - 01/15/26 18:13:22 - 0:00:56 - At 18-th epoch with lr 0.000113.
INFO - 01/15/26 18:13:24 - 0:00:58 - Running average train loss is 1.2607003164291382 at epoch 18
INFO - 01/15/26 18:13:24 - 0:00:58 - At 19-th epoch with lr 0.000119.
INFO - 01/15/26 18:13:27 - 0:01:00 - Running average train loss is 1.208700466156006 at epoch 19
INFO - 01/15/26 18:13:27 - 0:01:00 - At 20-th epoch with lr 0.000125.
INFO - 01/15/26 18:13:28 - 0:01:02 - Running average train loss is 1.1600555992126464 at epoch 20
INFO - 01/15/26 18:13:28 - 0:01:02 - At 21-th epoch with lr 0.000131.
INFO - 01/15/26 18:13:30 - 0:01:04 - Running average train loss is 1.1203252458572388 at epoch 21
INFO - 01/15/26 18:13:30 - 0:01:04 - At 22-th epoch with lr 0.000138.
INFO - 01/15/26 18:13:32 - 0:01:06 - Running average train loss is 1.0895134162902833 at epoch 22
INFO - 01/15/26 18:13:32 - 0:01:06 - At 23-th epoch with lr 0.000144.
INFO - 01/15/26 18:13:34 - 0:01:07 - Running average train loss is 1.0589925050735474 at epoch 23
INFO - 01/15/26 18:13:34 - 0:01:07 - At 24-th epoch with lr 0.000150.
INFO - 01/15/26 18:13:36 - 0:01:09 - Running average train loss is 1.0307642030715942 at epoch 24
INFO - 01/15/26 18:13:36 - 0:01:09 - At 25-th epoch with lr 0.000156.
INFO - 01/15/26 18:13:37 - 0:01:11 - Running average train loss is 1.0098866510391236 at epoch 25
INFO - 01/15/26 18:13:37 - 0:01:11 - At 26-th epoch with lr 0.000163.
INFO - 01/15/26 18:13:39 - 0:01:13 - Running average train loss is 0.9861657452583313 at epoch 26
INFO - 01/15/26 18:13:39 - 0:01:13 - At 27-th epoch with lr 0.000169.
INFO - 01/15/26 18:13:41 - 0:01:15 - Running average train loss is 0.9666979360580444 at epoch 27
INFO - 01/15/26 18:13:41 - 0:01:15 - At 28-th epoch with lr 0.000175.
INFO - 01/15/26 18:13:43 - 0:01:16 - Running average train loss is 0.9472799015045166 at epoch 28
INFO - 01/15/26 18:13:43 - 0:01:16 - At 29-th epoch with lr 0.000181.
INFO - 01/15/26 18:13:45 - 0:01:18 - Running average train loss is 0.9319650053977966 at epoch 29
INFO - 01/15/26 18:13:45 - 0:01:18 - At 30-th epoch with lr 0.000188.
INFO - 01/15/26 18:13:47 - 0:01:20 - Running average train loss is 0.9158987998962402 at epoch 30
INFO - 01/15/26 18:13:47 - 0:01:20 - At 31-th epoch with lr 0.000194.
INFO - 01/15/26 18:13:48 - 0:01:22 - Running average train loss is 0.9029185080528259 at epoch 31
INFO - 01/15/26 18:13:48 - 0:01:22 - At 32-th epoch with lr 0.000200.
INFO - 01/15/26 18:13:50 - 0:01:24 - Running average train loss is 0.8904108047485352 at epoch 32
INFO - 01/15/26 18:13:50 - 0:01:24 - Average dev loss is 0.8894566893577576 at epoch 32
INFO - 01/15/26 18:13:51 - 0:01:24 - dev accuracy is 77.6 at epoch 32
INFO - 01/15/26 18:13:51 - 0:01:24 - dev average edit distance is 0.348 at epoch 32
INFO - 01/15/26 18:13:51 - 0:01:24 - At 33-th epoch with lr 0.000206.
INFO - 01/15/26 18:13:53 - 0:01:26 - Running average train loss is 0.8755223155021667 at epoch 33
INFO - 01/15/26 18:13:53 - 0:01:26 - At 34-th epoch with lr 0.000212.
INFO - 01/15/26 18:13:54 - 0:01:28 - Running average train loss is 0.8657370519638061 at epoch 34
INFO - 01/15/26 18:13:54 - 0:01:28 - At 35-th epoch with lr 0.000219.
INFO - 01/15/26 18:13:56 - 0:01:30 - Running average train loss is 0.8541689229011535 at epoch 35
INFO - 01/15/26 18:13:56 - 0:01:30 - At 36-th epoch with lr 0.000225.
INFO - 01/15/26 18:13:58 - 0:01:31 - Running average train loss is 0.8465451192855835 at epoch 36
INFO - 01/15/26 18:13:58 - 0:01:31 - At 37-th epoch with lr 0.000231.
INFO - 01/15/26 18:14:00 - 0:01:33 - Running average train loss is 0.8374873900413513 at epoch 37
INFO - 01/15/26 18:14:00 - 0:01:33 - At 38-th epoch with lr 0.000237.
INFO - 01/15/26 18:14:01 - 0:01:35 - Running average train loss is 0.8296046948432922 at epoch 38
INFO - 01/15/26 18:14:01 - 0:01:35 - At 39-th epoch with lr 0.000244.
INFO - 01/15/26 18:14:03 - 0:01:37 - Running average train loss is 0.821555712223053 at epoch 39
INFO - 01/15/26 18:14:03 - 0:01:37 - At 40-th epoch with lr 0.000250.
INFO - 01/15/26 18:14:05 - 0:01:39 - Running average train loss is 0.8138240098953247 at epoch 40
INFO - 01/15/26 18:14:05 - 0:01:39 - At 41-th epoch with lr 0.000256.
INFO - 01/15/26 18:14:07 - 0:01:40 - Running average train loss is 0.8067297649383545 at epoch 41
INFO - 01/15/26 18:14:07 - 0:01:40 - At 42-th epoch with lr 0.000263.
INFO - 01/15/26 18:14:09 - 0:01:42 - Running average train loss is 0.8010840916633606 at epoch 42
INFO - 01/15/26 18:14:09 - 0:01:42 - At 43-th epoch with lr 0.000269.
INFO - 01/15/26 18:14:10 - 0:01:44 - Running average train loss is 0.7949202370643615 at epoch 43
INFO - 01/15/26 18:14:10 - 0:01:44 - At 44-th epoch with lr 0.000275.
INFO - 01/15/26 18:14:12 - 0:01:46 - Running average train loss is 0.7902856063842774 at epoch 44
INFO - 01/15/26 18:14:12 - 0:01:46 - At 45-th epoch with lr 0.000281.
INFO - 01/15/26 18:14:14 - 0:01:48 - Running average train loss is 0.7843782997131348 at epoch 45
INFO - 01/15/26 18:14:14 - 0:01:48 - At 46-th epoch with lr 0.000287.
INFO - 01/15/26 18:14:16 - 0:01:49 - Running average train loss is 0.7796557998657226 at epoch 46
INFO - 01/15/26 18:14:16 - 0:01:49 - At 47-th epoch with lr 0.000294.
INFO - 01/15/26 18:14:18 - 0:01:51 - Running average train loss is 0.7746562957763672 at epoch 47
INFO - 01/15/26 18:14:18 - 0:01:51 - At 48-th epoch with lr 0.000300.
INFO - 01/15/26 18:14:19 - 0:01:53 - Running average train loss is 0.7697230434417724 at epoch 48
INFO - 01/15/26 18:14:19 - 0:01:53 - Average dev loss is 0.8071884115537008 at epoch 48
INFO - 01/15/26 18:14:20 - 0:01:53 - dev accuracy is 84.9 at epoch 48
INFO - 01/15/26 18:14:20 - 0:01:53 - dev average edit distance is 0.213 at epoch 48
INFO - 01/15/26 18:14:20 - 0:01:54 - At 49-th epoch with lr 0.000306.
INFO - 01/15/26 18:14:22 - 0:01:55 - Running average train loss is 0.7663433337211609 at epoch 49
INFO - 01/15/26 18:14:22 - 0:01:55 - At 50-th epoch with lr 0.000313.
INFO - 01/15/26 18:14:23 - 0:01:57 - Running average train loss is 0.7645744848251342 at epoch 50
INFO - 01/15/26 18:14:23 - 0:01:57 - At 51-th epoch with lr 0.000319.
INFO - 01/15/26 18:14:25 - 0:01:59 - Running average train loss is 0.7590409708023071 at epoch 51
INFO - 01/15/26 18:14:25 - 0:01:59 - At 52-th epoch with lr 0.000325.
INFO - 01/15/26 18:14:27 - 0:02:00 - Running average train loss is 0.7576515412330628 at epoch 52
INFO - 01/15/26 18:14:27 - 0:02:00 - At 53-th epoch with lr 0.000331.
INFO - 01/15/26 18:14:29 - 0:02:02 - Running average train loss is 0.7524817371368409 at epoch 53
INFO - 01/15/26 18:14:29 - 0:02:02 - At 54-th epoch with lr 0.000338.
INFO - 01/15/26 18:14:30 - 0:02:04 - Running average train loss is 0.7506602168083191 at epoch 54
INFO - 01/15/26 18:14:30 - 0:02:04 - At 55-th epoch with lr 0.000344.
INFO - 01/15/26 18:14:32 - 0:02:06 - Running average train loss is 0.7487152290344238 at epoch 55
INFO - 01/15/26 18:14:32 - 0:02:06 - At 56-th epoch with lr 0.000350.
INFO - 01/15/26 18:14:34 - 0:02:07 - Running average train loss is 0.745535991191864 at epoch 56
INFO - 01/15/26 18:14:34 - 0:02:07 - At 57-th epoch with lr 0.000356.
INFO - 01/15/26 18:14:36 - 0:02:09 - Running average train loss is 0.7445030641555787 at epoch 57
INFO - 01/15/26 18:14:36 - 0:02:09 - At 58-th epoch with lr 0.000362.
INFO - 01/15/26 18:14:38 - 0:02:11 - Running average train loss is 0.7409325838088989 at epoch 58
INFO - 01/15/26 18:14:38 - 0:02:11 - At 59-th epoch with lr 0.000369.
INFO - 01/15/26 18:14:39 - 0:02:13 - Running average train loss is 0.7390433049201965 at epoch 59
INFO - 01/15/26 18:14:39 - 0:02:13 - At 60-th epoch with lr 0.000375.
INFO - 01/15/26 18:14:41 - 0:02:15 - Running average train loss is 0.7361073565483093 at epoch 60
INFO - 01/15/26 18:14:41 - 0:02:15 - At 61-th epoch with lr 0.000381.
INFO - 01/15/26 18:14:43 - 0:02:17 - Running average train loss is 0.7355028247833252 at epoch 61
INFO - 01/15/26 18:14:43 - 0:02:17 - At 62-th epoch with lr 0.000388.
INFO - 01/15/26 18:14:45 - 0:02:19 - Running average train loss is 0.7329957509040832 at epoch 62
INFO - 01/15/26 18:14:45 - 0:02:19 - At 63-th epoch with lr 0.000394.
INFO - 01/15/26 18:14:47 - 0:02:21 - Running average train loss is 0.7307594871520996 at epoch 63
INFO - 01/15/26 18:14:47 - 0:02:21 - At 64-th epoch with lr 0.000400.
INFO - 01/15/26 18:14:49 - 0:02:22 - Running average train loss is 0.7323569869995117 at epoch 64
INFO - 01/15/26 18:14:49 - 0:02:22 - Average dev loss is 0.7646004756291708 at epoch 64
INFO - 01/15/26 18:14:49 - 0:02:23 - dev accuracy is 88.1 at epoch 64
INFO - 01/15/26 18:14:49 - 0:02:23 - dev average edit distance is 0.137 at epoch 64
INFO - 01/15/26 18:14:49 - 0:02:23 - At 65-th epoch with lr 0.000406.
INFO - 01/15/26 18:14:51 - 0:02:25 - Running average train loss is 0.73002525806427 at epoch 65
INFO - 01/15/26 18:14:51 - 0:02:25 - At 66-th epoch with lr 0.000412.
INFO - 01/15/26 18:14:53 - 0:02:27 - Running average train loss is 0.7283685994148255 at epoch 66
INFO - 01/15/26 18:14:53 - 0:02:27 - At 67-th epoch with lr 0.000419.
INFO - 01/15/26 18:14:55 - 0:02:28 - Running average train loss is 0.7265660905838013 at epoch 67
INFO - 01/15/26 18:14:55 - 0:02:28 - At 68-th epoch with lr 0.000425.
INFO - 01/15/26 18:14:57 - 0:02:30 - Running average train loss is 0.7274912834167481 at epoch 68
INFO - 01/15/26 18:14:57 - 0:02:30 - At 69-th epoch with lr 0.000431.
INFO - 01/15/26 18:14:59 - 0:02:32 - Running average train loss is 0.7253445529937744 at epoch 69
INFO - 01/15/26 18:14:59 - 0:02:32 - At 70-th epoch with lr 0.000438.
INFO - 01/15/26 18:15:00 - 0:02:34 - Running average train loss is 0.7236996626853943 at epoch 70
INFO - 01/15/26 18:15:00 - 0:02:34 - At 71-th epoch with lr 0.000444.
INFO - 01/15/26 18:15:02 - 0:02:36 - Running average train loss is 0.7221026515960693 at epoch 71
INFO - 01/15/26 18:15:02 - 0:02:36 - At 72-th epoch with lr 0.000450.
INFO - 01/15/26 18:15:04 - 0:02:38 - Running average train loss is 0.7213612747192383 at epoch 72
INFO - 01/15/26 18:15:04 - 0:02:38 - At 73-th epoch with lr 0.000456.
INFO - 01/15/26 18:15:06 - 0:02:39 - Running average train loss is 0.7214953637123108 at epoch 73
INFO - 01/15/26 18:15:06 - 0:02:39 - At 74-th epoch with lr 0.000463.
INFO - 01/15/26 18:15:08 - 0:02:41 - Running average train loss is 0.7214465808868408 at epoch 74
INFO - 01/15/26 18:15:08 - 0:02:41 - At 75-th epoch with lr 0.000469.
INFO - 01/15/26 18:15:09 - 0:02:43 - Running average train loss is 0.7200265526771545 at epoch 75
INFO - 01/15/26 18:15:09 - 0:02:43 - At 76-th epoch with lr 0.000475.
INFO - 01/15/26 18:15:11 - 0:02:45 - Running average train loss is 0.7182006740570068 at epoch 76
INFO - 01/15/26 18:15:11 - 0:02:45 - At 77-th epoch with lr 0.000481.
INFO - 01/15/26 18:15:13 - 0:02:47 - Running average train loss is 0.718784863948822 at epoch 77
INFO - 01/15/26 18:15:13 - 0:02:47 - At 78-th epoch with lr 0.000487.
INFO - 01/15/26 18:15:15 - 0:02:49 - Running average train loss is 0.7181059551239014 at epoch 78
INFO - 01/15/26 18:15:15 - 0:02:49 - At 79-th epoch with lr 0.000494.
INFO - 01/15/26 18:15:17 - 0:02:51 - Running average train loss is 0.7175982904434204 at epoch 79
INFO - 01/15/26 18:15:17 - 0:02:51 - At 80-th epoch with lr 0.000500.
INFO - 01/15/26 18:15:19 - 0:02:52 - Running average train loss is 0.7165598106384278 at epoch 80
INFO - 01/15/26 18:15:19 - 0:02:52 - Average dev loss is 0.7710688710212708 at epoch 80
INFO - 01/15/26 18:15:19 - 0:02:53 - dev accuracy is 88.4 at epoch 80
INFO - 01/15/26 18:15:19 - 0:02:53 - dev average edit distance is 0.117 at epoch 80
INFO - 01/15/26 18:15:19 - 0:02:53 - At 81-th epoch with lr 0.000506.
INFO - 01/15/26 18:15:21 - 0:02:55 - Running average train loss is 0.7170917558670044 at epoch 81
INFO - 01/15/26 18:15:21 - 0:02:55 - At 82-th epoch with lr 0.000512.
INFO - 01/15/26 18:15:23 - 0:02:57 - Running average train loss is 0.7164391493797302 at epoch 82
INFO - 01/15/26 18:15:23 - 0:02:57 - At 83-th epoch with lr 0.000519.
INFO - 01/15/26 18:15:25 - 0:02:58 - Running average train loss is 0.7139995765686035 at epoch 83
INFO - 01/15/26 18:15:25 - 0:02:58 - At 84-th epoch with lr 0.000525.
INFO - 01/15/26 18:15:27 - 0:03:00 - Running average train loss is 0.713050389289856 at epoch 84
INFO - 01/15/26 18:15:27 - 0:03:00 - At 85-th epoch with lr 0.000531.
INFO - 01/15/26 18:15:28 - 0:03:02 - Running average train loss is 0.7143442296981811 at epoch 85
INFO - 01/15/26 18:15:28 - 0:03:02 - At 86-th epoch with lr 0.000538.
INFO - 01/15/26 18:15:30 - 0:03:04 - Running average train loss is 0.713582227230072 at epoch 86
INFO - 01/15/26 18:15:30 - 0:03:04 - At 87-th epoch with lr 0.000544.
INFO - 01/15/26 18:15:32 - 0:03:06 - Running average train loss is 0.713480360507965 at epoch 87
INFO - 01/15/26 18:15:32 - 0:03:06 - At 88-th epoch with lr 0.000550.
INFO - 01/15/26 18:15:34 - 0:03:07 - Running average train loss is 0.7132717132568359 at epoch 88
INFO - 01/15/26 18:15:34 - 0:03:07 - At 89-th epoch with lr 0.000556.
INFO - 01/15/26 18:15:36 - 0:03:09 - Running average train loss is 0.7136093711853028 at epoch 89
INFO - 01/15/26 18:15:36 - 0:03:09 - At 90-th epoch with lr 0.000563.
INFO - 01/15/26 18:15:37 - 0:03:11 - Running average train loss is 0.7123483538627624 at epoch 90
INFO - 01/15/26 18:15:37 - 0:03:11 - At 91-th epoch with lr 0.000569.
INFO - 01/15/26 18:15:39 - 0:03:13 - Running average train loss is 0.7109829187393188 at epoch 91
INFO - 01/15/26 18:15:39 - 0:03:13 - At 92-th epoch with lr 0.000575.
INFO - 01/15/26 18:15:41 - 0:03:15 - Running average train loss is 0.7123391795158386 at epoch 92
INFO - 01/15/26 18:15:41 - 0:03:15 - At 93-th epoch with lr 0.000581.
INFO - 01/15/26 18:15:43 - 0:03:16 - Running average train loss is 0.7110933876037597 at epoch 93
INFO - 01/15/26 18:15:43 - 0:03:16 - At 94-th epoch with lr 0.000588.
INFO - 01/15/26 18:15:45 - 0:03:18 - Running average train loss is 0.7101437830924988 at epoch 94
INFO - 01/15/26 18:15:45 - 0:03:18 - At 95-th epoch with lr 0.000594.
INFO - 01/15/26 18:15:47 - 0:03:20 - Running average train loss is 0.7100787663459778 at epoch 95
INFO - 01/15/26 18:15:47 - 0:03:20 - At 96-th epoch with lr 0.000600.
INFO - 01/15/26 18:15:48 - 0:03:22 - Running average train loss is 0.710521731376648 at epoch 96
INFO - 01/15/26 18:15:48 - 0:03:22 - Average dev loss is 0.7671175003051758 at epoch 96
INFO - 01/15/26 18:15:49 - 0:03:22 - dev accuracy is 89.1 at epoch 96
INFO - 01/15/26 18:15:49 - 0:03:22 - dev average edit distance is 0.122 at epoch 96
INFO - 01/15/26 18:15:49 - 0:03:23 - At 97-th epoch with lr 0.000606.
INFO - 01/15/26 18:15:51 - 0:03:24 - Running average train loss is 0.7114732456207276 at epoch 97
INFO - 01/15/26 18:15:51 - 0:03:24 - At 98-th epoch with lr 0.000613.
INFO - 01/15/26 18:15:53 - 0:03:26 - Running average train loss is 0.7098747777938843 at epoch 98
INFO - 01/15/26 18:15:53 - 0:03:26 - At 99-th epoch with lr 0.000619.
INFO - 01/15/26 18:15:54 - 0:03:28 - Running average train loss is 0.7094594764709473 at epoch 99
INFO - 01/15/26 18:15:54 - 0:03:28 - At 100-th epoch with lr 0.000625.
INFO - 01/15/26 18:15:56 - 0:03:30 - Running average train loss is 0.7103571581840515 at epoch 100
INFO - 01/15/26 18:15:56 - 0:03:30 - At 101-th epoch with lr 0.000631.
INFO - 01/15/26 18:15:58 - 0:03:32 - Running average train loss is 0.7095002031326294 at epoch 101
INFO - 01/15/26 18:15:58 - 0:03:32 - At 102-th epoch with lr 0.000637.
INFO - 01/15/26 18:16:00 - 0:03:33 - Running average train loss is 0.7088057613372802 at epoch 102
INFO - 01/15/26 18:16:00 - 0:03:33 - At 103-th epoch with lr 0.000644.
INFO - 01/15/26 18:16:02 - 0:03:35 - Running average train loss is 0.7084447383880615 at epoch 103
INFO - 01/15/26 18:16:02 - 0:03:35 - At 104-th epoch with lr 0.000650.
INFO - 01/15/26 18:16:03 - 0:03:37 - Running average train loss is 0.7096592926979065 at epoch 104
INFO - 01/15/26 18:16:03 - 0:03:37 - At 105-th epoch with lr 0.000656.
INFO - 01/15/26 18:16:05 - 0:03:39 - Running average train loss is 0.7087827301025391 at epoch 105
INFO - 01/15/26 18:16:05 - 0:03:39 - At 106-th epoch with lr 0.000663.
INFO - 01/15/26 18:16:07 - 0:03:41 - Running average train loss is 0.7090661549568176 at epoch 106
INFO - 01/15/26 18:16:07 - 0:03:41 - At 107-th epoch with lr 0.000669.
INFO - 01/15/26 18:16:09 - 0:03:42 - Running average train loss is 0.7093850755691529 at epoch 107
INFO - 01/15/26 18:16:09 - 0:03:42 - At 108-th epoch with lr 0.000675.
INFO - 01/15/26 18:16:11 - 0:03:44 - Running average train loss is 0.7078305912017823 at epoch 108
INFO - 01/15/26 18:16:11 - 0:03:44 - At 109-th epoch with lr 0.000681.
INFO - 01/15/26 18:16:12 - 0:03:46 - Running average train loss is 0.7092113971710206 at epoch 109
INFO - 01/15/26 18:16:12 - 0:03:46 - At 110-th epoch with lr 0.000687.
INFO - 01/15/26 18:16:14 - 0:03:48 - Running average train loss is 0.7090050768852234 at epoch 110
INFO - 01/15/26 18:16:14 - 0:03:48 - At 111-th epoch with lr 0.000694.
INFO - 01/15/26 18:16:16 - 0:03:50 - Running average train loss is 0.7079776859283448 at epoch 111
INFO - 01/15/26 18:16:16 - 0:03:50 - At 112-th epoch with lr 0.000700.
INFO - 01/15/26 18:16:18 - 0:03:51 - Running average train loss is 0.7091265630722046 at epoch 112
INFO - 01/15/26 18:16:18 - 0:03:51 - Average dev loss is 0.7611800233523051 at epoch 112
INFO - 01/15/26 18:16:18 - 0:03:52 - dev accuracy is 90.0 at epoch 112
INFO - 01/15/26 18:16:18 - 0:03:52 - dev average edit distance is 0.11 at epoch 112
INFO - 01/15/26 18:16:18 - 0:03:52 - At 113-th epoch with lr 0.000706.
INFO - 01/15/26 18:16:20 - 0:03:54 - Running average train loss is 0.708803060054779 at epoch 113
INFO - 01/15/26 18:16:20 - 0:03:54 - At 114-th epoch with lr 0.000713.
INFO - 01/15/26 18:16:22 - 0:03:56 - Running average train loss is 0.7072669577598572 at epoch 114
INFO - 01/15/26 18:16:22 - 0:03:56 - At 115-th epoch with lr 0.000719.
INFO - 01/15/26 18:16:24 - 0:03:57 - Running average train loss is 0.7060953426361084 at epoch 115
INFO - 01/15/26 18:16:24 - 0:03:57 - At 116-th epoch with lr 0.000725.
INFO - 01/15/26 18:16:26 - 0:04:00 - Running average train loss is 0.7082620525360107 at epoch 116
INFO - 01/15/26 18:16:26 - 0:04:00 - At 117-th epoch with lr 0.000731.
INFO - 01/15/26 18:16:28 - 0:04:01 - Running average train loss is 0.708415904045105 at epoch 117
INFO - 01/15/26 18:16:28 - 0:04:01 - At 118-th epoch with lr 0.000738.
INFO - 01/15/26 18:16:30 - 0:04:03 - Running average train loss is 0.7078136730194092 at epoch 118
INFO - 01/15/26 18:16:30 - 0:04:03 - At 119-th epoch with lr 0.000744.
INFO - 01/15/26 18:16:32 - 0:04:05 - Running average train loss is 0.7058145356178284 at epoch 119
INFO - 01/15/26 18:16:32 - 0:04:05 - At 120-th epoch with lr 0.000750.
INFO - 01/15/26 18:16:33 - 0:04:07 - Running average train loss is 0.7068116068840027 at epoch 120
INFO - 01/15/26 18:16:33 - 0:04:07 - At 121-th epoch with lr 0.000756.
INFO - 01/15/26 18:16:35 - 0:04:09 - Running average train loss is 0.7071013355255127 at epoch 121
INFO - 01/15/26 18:16:35 - 0:04:09 - At 122-th epoch with lr 0.000762.
INFO - 01/15/26 18:16:37 - 0:04:11 - Running average train loss is 0.7063142657279968 at epoch 122
INFO - 01/15/26 18:16:37 - 0:04:11 - At 123-th epoch with lr 0.000769.
INFO - 01/15/26 18:16:39 - 0:04:13 - Running average train loss is 0.7065029144287109 at epoch 123
INFO - 01/15/26 18:16:39 - 0:04:13 - At 124-th epoch with lr 0.000775.
INFO - 01/15/26 18:16:41 - 0:04:14 - Running average train loss is 0.7062199950218201 at epoch 124
INFO - 01/15/26 18:16:41 - 0:04:14 - At 125-th epoch with lr 0.000781.
INFO - 01/15/26 18:16:43 - 0:04:16 - Running average train loss is 0.7077417039871216 at epoch 125
INFO - 01/15/26 18:16:43 - 0:04:16 - At 126-th epoch with lr 0.000788.
INFO - 01/15/26 18:16:45 - 0:04:18 - Running average train loss is 0.7075949001312256 at epoch 126
INFO - 01/15/26 18:16:45 - 0:04:18 - At 127-th epoch with lr 0.000794.
INFO - 01/15/26 18:16:46 - 0:04:20 - Running average train loss is 0.7071288108825684 at epoch 127
INFO - 01/15/26 18:16:46 - 0:04:20 - At 128-th epoch with lr 0.000800.
INFO - 01/15/26 18:16:48 - 0:04:22 - Running average train loss is 0.706466965675354 at epoch 128
INFO - 01/15/26 18:16:48 - 0:04:22 - Average dev loss is 0.7680437564849854 at epoch 128
INFO - 01/15/26 18:16:49 - 0:04:22 - dev accuracy is 90.1 at epoch 128
INFO - 01/15/26 18:16:49 - 0:04:22 - dev average edit distance is 0.105 at epoch 128
INFO - 01/15/26 18:16:49 - 0:04:22 - At 129-th epoch with lr 0.000806.
INFO - 01/15/26 18:16:51 - 0:04:24 - Running average train loss is 0.7061636686325073 at epoch 129
INFO - 01/15/26 18:16:51 - 0:04:24 - At 130-th epoch with lr 0.000813.
INFO - 01/15/26 18:16:52 - 0:04:26 - Running average train loss is 0.7070579624176025 at epoch 130
INFO - 01/15/26 18:16:52 - 0:04:26 - At 131-th epoch with lr 0.000819.
INFO - 01/15/26 18:16:54 - 0:04:28 - Running average train loss is 0.7053467750549316 at epoch 131
INFO - 01/15/26 18:16:54 - 0:04:28 - At 132-th epoch with lr 0.000825.
INFO - 01/15/26 18:16:56 - 0:04:30 - Running average train loss is 0.7057403326034546 at epoch 132
INFO - 01/15/26 18:16:56 - 0:04:30 - At 133-th epoch with lr 0.000831.
INFO - 01/15/26 18:16:58 - 0:04:31 - Running average train loss is 0.7047496652603149 at epoch 133
INFO - 01/15/26 18:16:58 - 0:04:31 - At 134-th epoch with lr 0.000838.
INFO - 01/15/26 18:17:00 - 0:04:33 - Running average train loss is 0.7085165691375732 at epoch 134
INFO - 01/15/26 18:17:00 - 0:04:33 - At 135-th epoch with lr 0.000844.
INFO - 01/15/26 18:17:01 - 0:04:35 - Running average train loss is 0.7065735101699829 at epoch 135
INFO - 01/15/26 18:17:01 - 0:04:35 - At 136-th epoch with lr 0.000850.
INFO - 01/15/26 18:17:03 - 0:04:37 - Running average train loss is 0.7061001682281494 at epoch 136
INFO - 01/15/26 18:17:03 - 0:04:37 - At 137-th epoch with lr 0.000856.
INFO - 01/15/26 18:17:05 - 0:04:39 - Running average train loss is 0.7078300738334655 at epoch 137
INFO - 01/15/26 18:17:05 - 0:04:39 - At 138-th epoch with lr 0.000863.
INFO - 01/15/26 18:17:07 - 0:04:40 - Running average train loss is 0.7059330058097839 at epoch 138
INFO - 01/15/26 18:17:07 - 0:04:40 - At 139-th epoch with lr 0.000869.
INFO - 01/15/26 18:17:09 - 0:04:42 - Running average train loss is 0.705020112991333 at epoch 139
INFO - 01/15/26 18:17:09 - 0:04:42 - At 140-th epoch with lr 0.000875.
INFO - 01/15/26 18:17:11 - 0:04:44 - Running average train loss is 0.7063172817230224 at epoch 140
INFO - 01/15/26 18:17:11 - 0:04:44 - At 141-th epoch with lr 0.000881.
INFO - 01/15/26 18:17:12 - 0:04:46 - Running average train loss is 0.7046070170402526 at epoch 141
INFO - 01/15/26 18:17:12 - 0:04:46 - At 142-th epoch with lr 0.000887.
INFO - 01/15/26 18:17:14 - 0:04:48 - Running average train loss is 0.7063203930854798 at epoch 142
INFO - 01/15/26 18:17:14 - 0:04:48 - At 143-th epoch with lr 0.000894.
INFO - 01/15/26 18:17:16 - 0:04:50 - Running average train loss is 0.7047412419319152 at epoch 143
INFO - 01/15/26 18:17:16 - 0:04:50 - At 144-th epoch with lr 0.000900.
INFO - 01/15/26 18:17:18 - 0:04:51 - Running average train loss is 0.7063815641403198 at epoch 144
INFO - 01/15/26 18:17:18 - 0:04:51 - Average dev loss is 0.7716718713442484 at epoch 144
INFO - 01/15/26 18:17:18 - 0:04:52 - dev accuracy is 90.2 at epoch 144
INFO - 01/15/26 18:17:18 - 0:04:52 - dev average edit distance is 0.115 at epoch 144
INFO - 01/15/26 18:17:18 - 0:04:52 - At 145-th epoch with lr 0.000906.
INFO - 01/15/26 18:17:20 - 0:04:54 - Running average train loss is 0.7059575271606445 at epoch 145
INFO - 01/15/26 18:17:20 - 0:04:54 - At 146-th epoch with lr 0.000913.
INFO - 01/15/26 18:17:22 - 0:04:56 - Running average train loss is 0.7091199612617493 at epoch 146
INFO - 01/15/26 18:17:22 - 0:04:56 - At 147-th epoch with lr 0.000919.
INFO - 01/15/26 18:17:24 - 0:04:57 - Running average train loss is 0.707128267288208 at epoch 147
INFO - 01/15/26 18:17:24 - 0:04:57 - At 148-th epoch with lr 0.000925.
INFO - 01/15/26 18:17:26 - 0:04:59 - Running average train loss is 0.7050351548194885 at epoch 148
INFO - 01/15/26 18:17:26 - 0:04:59 - At 149-th epoch with lr 0.000931.
INFO - 01/15/26 18:17:27 - 0:05:01 - Running average train loss is 0.7038297581672669 at epoch 149
INFO - 01/15/26 18:17:27 - 0:05:01 - At 150-th epoch with lr 0.000937.
INFO - 01/15/26 18:17:29 - 0:05:03 - Running average train loss is 0.705686559677124 at epoch 150
INFO - 01/15/26 18:17:29 - 0:05:03 - At 151-th epoch with lr 0.000944.
INFO - 01/15/26 18:17:31 - 0:05:05 - Running average train loss is 0.7066388273239136 at epoch 151
INFO - 01/15/26 18:17:31 - 0:05:05 - At 152-th epoch with lr 0.000950.
INFO - 01/15/26 18:17:33 - 0:05:06 - Running average train loss is 0.707879638671875 at epoch 152
INFO - 01/15/26 18:17:33 - 0:05:06 - At 153-th epoch with lr 0.000956.
INFO - 01/15/26 18:17:35 - 0:05:08 - Running average train loss is 0.7067585158348083 at epoch 153
INFO - 01/15/26 18:17:35 - 0:05:08 - At 154-th epoch with lr 0.000963.
INFO - 01/15/26 18:17:37 - 0:05:10 - Running average train loss is 0.7056972551345825 at epoch 154
INFO - 01/15/26 18:17:37 - 0:05:10 - At 155-th epoch with lr 0.000969.
INFO - 01/15/26 18:17:38 - 0:05:12 - Running average train loss is 0.7068224334716797 at epoch 155
INFO - 01/15/26 18:17:38 - 0:05:12 - At 156-th epoch with lr 0.000975.
INFO - 01/15/26 18:17:40 - 0:05:14 - Running average train loss is 0.7065883874893188 at epoch 156
INFO - 01/15/26 18:17:40 - 0:05:14 - At 157-th epoch with lr 0.000981.
INFO - 01/15/26 18:17:42 - 0:05:16 - Running average train loss is 0.7060650253295898 at epoch 157
INFO - 01/15/26 18:17:42 - 0:05:16 - At 158-th epoch with lr 0.000988.
INFO - 01/15/26 18:17:44 - 0:05:17 - Running average train loss is 0.7051756405830383 at epoch 158
INFO - 01/15/26 18:17:44 - 0:05:17 - At 159-th epoch with lr 0.000994.
INFO - 01/15/26 18:17:46 - 0:05:19 - Running average train loss is 0.7046097564697266 at epoch 159
INFO - 01/15/26 18:17:46 - 0:05:19 - At 160-th epoch with lr 0.001000.
INFO - 01/15/26 18:17:47 - 0:05:21 - Running average train loss is 0.7060618686676026 at epoch 160
INFO - 01/15/26 18:17:47 - 0:05:21 - Average dev loss is 0.779480516910553 at epoch 160
INFO - 01/15/26 18:17:48 - 0:05:22 - dev accuracy is 90.0 at epoch 160
INFO - 01/15/26 18:17:48 - 0:05:22 - dev average edit distance is 0.105 at epoch 160
INFO - 01/15/26 18:17:48 - 0:05:22 - At 161-th epoch with lr 0.000997.
INFO - 01/15/26 18:17:50 - 0:05:23 - Running average train loss is 0.706326642036438 at epoch 161
INFO - 01/15/26 18:17:50 - 0:05:23 - At 162-th epoch with lr 0.000994.
INFO - 01/15/26 18:17:52 - 0:05:25 - Running average train loss is 0.7074290633201599 at epoch 162
INFO - 01/15/26 18:17:52 - 0:05:25 - At 163-th epoch with lr 0.000991.
INFO - 01/15/26 18:17:54 - 0:05:27 - Running average train loss is 0.7073430180549621 at epoch 163
INFO - 01/15/26 18:17:54 - 0:05:27 - At 164-th epoch with lr 0.000988.
INFO - 01/15/26 18:17:55 - 0:05:29 - Running average train loss is 0.7077035975456237 at epoch 164
INFO - 01/15/26 18:17:55 - 0:05:29 - At 165-th epoch with lr 0.000985.
INFO - 01/15/26 18:17:57 - 0:05:31 - Running average train loss is 0.7058418679237366 at epoch 165
INFO - 01/15/26 18:17:57 - 0:05:31 - At 166-th epoch with lr 0.000982.
INFO - 01/15/26 18:17:59 - 0:05:33 - Running average train loss is 0.7045396828651428 at epoch 166
INFO - 01/15/26 18:17:59 - 0:05:33 - At 167-th epoch with lr 0.000979.
INFO - 01/15/26 18:18:01 - 0:05:35 - Running average train loss is 0.702773814201355 at epoch 167
INFO - 01/15/26 18:18:01 - 0:05:35 - At 168-th epoch with lr 0.000976.
INFO - 01/15/26 18:18:03 - 0:05:36 - Running average train loss is 0.7021716237068176 at epoch 168
INFO - 01/15/26 18:18:03 - 0:05:36 - At 169-th epoch with lr 0.000973.
INFO - 01/15/26 18:18:05 - 0:05:38 - Running average train loss is 0.7029872632026672 at epoch 169
INFO - 01/15/26 18:18:05 - 0:05:38 - At 170-th epoch with lr 0.000970.
INFO - 01/15/26 18:18:07 - 0:05:40 - Running average train loss is 0.7033004570007324 at epoch 170
INFO - 01/15/26 18:18:07 - 0:05:40 - At 171-th epoch with lr 0.000967.
INFO - 01/15/26 18:18:09 - 0:05:42 - Running average train loss is 0.7036853218078614 at epoch 171
INFO - 01/15/26 18:18:09 - 0:05:42 - At 172-th epoch with lr 0.000964.
INFO - 01/15/26 18:18:10 - 0:05:44 - Running average train loss is 0.703122935295105 at epoch 172
INFO - 01/15/26 18:18:10 - 0:05:44 - At 173-th epoch with lr 0.000962.
INFO - 01/15/26 18:18:12 - 0:05:46 - Running average train loss is 0.7045508646965026 at epoch 173
INFO - 01/15/26 18:18:12 - 0:05:46 - At 174-th epoch with lr 0.000959.
INFO - 01/15/26 18:18:14 - 0:05:48 - Running average train loss is 0.704853413105011 at epoch 174
INFO - 01/15/26 18:18:14 - 0:05:48 - At 175-th epoch with lr 0.000956.
INFO - 01/15/26 18:18:16 - 0:05:49 - Running average train loss is 0.7036561131477356 at epoch 175
INFO - 01/15/26 18:18:16 - 0:05:49 - At 176-th epoch with lr 0.000953.
INFO - 01/15/26 18:18:18 - 0:05:51 - Running average train loss is 0.7021984481811523 at epoch 176
INFO - 01/15/26 18:18:18 - 0:05:51 - Average dev loss is 0.7571569681167603 at epoch 176
INFO - 01/15/26 18:18:18 - 0:05:52 - dev accuracy is 90.2 at epoch 176
INFO - 01/15/26 18:18:18 - 0:05:52 - dev average edit distance is 0.106 at epoch 176
INFO - 01/15/26 18:18:18 - 0:05:52 - At 177-th epoch with lr 0.000951.
INFO - 01/15/26 18:18:20 - 0:05:54 - Running average train loss is 0.7025057291984558 at epoch 177
INFO - 01/15/26 18:18:20 - 0:05:54 - At 178-th epoch with lr 0.000948.
INFO - 01/15/26 18:18:22 - 0:05:56 - Running average train loss is 0.7020043659210206 at epoch 178
INFO - 01/15/26 18:18:22 - 0:05:56 - At 179-th epoch with lr 0.000945.
INFO - 01/15/26 18:18:24 - 0:05:57 - Running average train loss is 0.7024453973770142 at epoch 179
INFO - 01/15/26 18:18:24 - 0:05:57 - At 180-th epoch with lr 0.000943.
INFO - 01/15/26 18:18:26 - 0:05:59 - Running average train loss is 0.7039360046386719 at epoch 180
INFO - 01/15/26 18:18:26 - 0:05:59 - At 181-th epoch with lr 0.000940.
INFO - 01/15/26 18:18:28 - 0:06:01 - Running average train loss is 0.7035323739051819 at epoch 181
INFO - 01/15/26 18:18:28 - 0:06:01 - At 182-th epoch with lr 0.000938.
INFO - 01/15/26 18:18:29 - 0:06:03 - Running average train loss is 0.7024258995056152 at epoch 182
INFO - 01/15/26 18:18:29 - 0:06:03 - At 183-th epoch with lr 0.000935.
INFO - 01/15/26 18:18:31 - 0:06:05 - Running average train loss is 0.7023758316040039 at epoch 183
INFO - 01/15/26 18:18:31 - 0:06:05 - At 184-th epoch with lr 0.000933.
INFO - 01/15/26 18:18:33 - 0:06:07 - Running average train loss is 0.7018941402435303 at epoch 184
INFO - 01/15/26 18:18:33 - 0:06:07 - At 185-th epoch with lr 0.000930.
INFO - 01/15/26 18:18:35 - 0:06:08 - Running average train loss is 0.701532998085022 at epoch 185
INFO - 01/15/26 18:18:35 - 0:06:08 - At 186-th epoch with lr 0.000927.
INFO - 01/15/26 18:18:37 - 0:06:10 - Running average train loss is 0.7011654710769654 at epoch 186
INFO - 01/15/26 18:18:37 - 0:06:10 - At 187-th epoch with lr 0.000925.
INFO - 01/15/26 18:18:39 - 0:06:12 - Running average train loss is 0.7014688396453858 at epoch 187
INFO - 01/15/26 18:18:39 - 0:06:12 - At 188-th epoch with lr 0.000923.
INFO - 01/15/26 18:18:40 - 0:06:14 - Running average train loss is 0.7014008474349975 at epoch 188
INFO - 01/15/26 18:18:40 - 0:06:14 - At 189-th epoch with lr 0.000920.
INFO - 01/15/26 18:18:42 - 0:06:16 - Running average train loss is 0.7026750445365906 at epoch 189
INFO - 01/15/26 18:18:42 - 0:06:16 - At 190-th epoch with lr 0.000918.
INFO - 01/15/26 18:18:44 - 0:06:18 - Running average train loss is 0.7026658391952515 at epoch 190
INFO - 01/15/26 18:18:44 - 0:06:18 - At 191-th epoch with lr 0.000915.
INFO - 01/15/26 18:18:46 - 0:06:19 - Running average train loss is 0.7014351534843445 at epoch 191
INFO - 01/15/26 18:18:46 - 0:06:19 - At 192-th epoch with lr 0.000913.
INFO - 01/15/26 18:18:48 - 0:06:21 - Running average train loss is 0.7015770435333252 at epoch 192
INFO - 01/15/26 18:18:48 - 0:06:21 - Average dev loss is 0.7754153609275818 at epoch 192
INFO - 01/15/26 18:18:48 - 0:06:22 - dev accuracy is 88.4 at epoch 192
INFO - 01/15/26 18:18:48 - 0:06:22 - dev average edit distance is 0.128 at epoch 192
INFO - 01/15/26 18:18:48 - 0:06:22 - At 193-th epoch with lr 0.000911.
INFO - 01/15/26 18:18:50 - 0:06:24 - Running average train loss is 0.7002965712547302 at epoch 193
INFO - 01/15/26 18:18:50 - 0:06:24 - At 194-th epoch with lr 0.000908.
INFO - 01/15/26 18:18:52 - 0:06:26 - Running average train loss is 0.7006537175178528 at epoch 194
INFO - 01/15/26 18:18:52 - 0:06:26 - At 195-th epoch with lr 0.000906.
INFO - 01/15/26 18:18:54 - 0:06:27 - Running average train loss is 0.7013220739364624 at epoch 195
INFO - 01/15/26 18:18:54 - 0:06:27 - At 196-th epoch with lr 0.000904.
INFO - 01/15/26 18:18:56 - 0:06:29 - Running average train loss is 0.699829387664795 at epoch 196
INFO - 01/15/26 18:18:56 - 0:06:29 - At 197-th epoch with lr 0.000901.
INFO - 01/15/26 18:18:58 - 0:06:31 - Running average train loss is 0.6997690463066101 at epoch 197
INFO - 01/15/26 18:18:58 - 0:06:31 - At 198-th epoch with lr 0.000899.
INFO - 01/15/26 18:19:00 - 0:06:33 - Running average train loss is 0.699854621887207 at epoch 198
INFO - 01/15/26 18:19:00 - 0:06:33 - At 199-th epoch with lr 0.000897.
INFO - 01/15/26 18:19:01 - 0:06:35 - Running average train loss is 0.7007395100593566 at epoch 199
INFO - 01/15/26 18:19:01 - 0:06:35 - At 200-th epoch with lr 0.000894.
INFO - 01/15/26 18:19:03 - 0:06:37 - Running average train loss is 0.7027180337905884 at epoch 200
INFO - 01/15/26 18:19:03 - 0:06:37 - At 201-th epoch with lr 0.000892.
INFO - 01/15/26 18:19:05 - 0:06:39 - Running average train loss is 0.6997241258621216 at epoch 201
INFO - 01/15/26 18:19:05 - 0:06:39 - At 202-th epoch with lr 0.000890.
INFO - 01/15/26 18:19:07 - 0:06:41 - Running average train loss is 0.7008095407485961 at epoch 202
INFO - 01/15/26 18:19:07 - 0:06:41 - At 203-th epoch with lr 0.000888.
INFO - 01/15/26 18:19:09 - 0:06:42 - Running average train loss is 0.6989717435836792 at epoch 203
INFO - 01/15/26 18:19:09 - 0:06:42 - At 204-th epoch with lr 0.000886.
INFO - 01/15/26 18:19:11 - 0:06:44 - Running average train loss is 0.7005544137954712 at epoch 204
INFO - 01/15/26 18:19:11 - 0:06:44 - At 205-th epoch with lr 0.000883.
INFO - 01/15/26 18:19:13 - 0:06:46 - Running average train loss is 0.6998207521438599 at epoch 205
INFO - 01/15/26 18:19:13 - 0:06:46 - At 206-th epoch with lr 0.000881.
INFO - 01/15/26 18:19:14 - 0:06:48 - Running average train loss is 0.6991818046569824 at epoch 206
INFO - 01/15/26 18:19:14 - 0:06:48 - At 207-th epoch with lr 0.000879.
INFO - 01/15/26 18:19:16 - 0:06:50 - Running average train loss is 0.6987762689590454 at epoch 207
INFO - 01/15/26 18:19:16 - 0:06:50 - At 208-th epoch with lr 0.000877.
INFO - 01/15/26 18:19:18 - 0:06:52 - Running average train loss is 0.6998976254463196 at epoch 208
INFO - 01/15/26 18:19:18 - 0:06:52 - Average dev loss is 0.7641187310218811 at epoch 208
INFO - 01/15/26 18:19:19 - 0:06:52 - dev accuracy is 90.4 at epoch 208
INFO - 01/15/26 18:19:19 - 0:06:52 - dev average edit distance is 0.114 at epoch 208
INFO - 01/15/26 18:19:19 - 0:06:52 - At 209-th epoch with lr 0.000875.
INFO - 01/15/26 18:19:20 - 0:06:54 - Running average train loss is 0.701544816493988 at epoch 209
INFO - 01/15/26 18:19:20 - 0:06:54 - At 210-th epoch with lr 0.000873.
INFO - 01/15/26 18:19:22 - 0:06:56 - Running average train loss is 0.7000775647163391 at epoch 210
INFO - 01/15/26 18:19:22 - 0:06:56 - At 211-th epoch with lr 0.000871.
INFO - 01/15/26 18:19:24 - 0:06:58 - Running average train loss is 0.700761125087738 at epoch 211
INFO - 01/15/26 18:19:24 - 0:06:58 - At 212-th epoch with lr 0.000869.
INFO - 01/15/26 18:19:26 - 0:06:59 - Running average train loss is 0.6989816451072692 at epoch 212
INFO - 01/15/26 18:19:26 - 0:06:59 - At 213-th epoch with lr 0.000867.
INFO - 01/15/26 18:19:28 - 0:07:01 - Running average train loss is 0.6991067504882813 at epoch 213
INFO - 01/15/26 18:19:28 - 0:07:01 - At 214-th epoch with lr 0.000865.
INFO - 01/15/26 18:19:30 - 0:07:03 - Running average train loss is 0.6987319350242615 at epoch 214
INFO - 01/15/26 18:19:30 - 0:07:03 - At 215-th epoch with lr 0.000863.
INFO - 01/15/26 18:19:31 - 0:07:05 - Running average train loss is 0.6992970705032349 at epoch 215
INFO - 01/15/26 18:19:31 - 0:07:05 - At 216-th epoch with lr 0.000861.
INFO - 01/15/26 18:19:33 - 0:07:07 - Running average train loss is 0.6996395134925842 at epoch 216
INFO - 01/15/26 18:19:33 - 0:07:07 - At 217-th epoch with lr 0.000859.
INFO - 01/15/26 18:19:35 - 0:07:09 - Running average train loss is 0.6984493184089661 at epoch 217
INFO - 01/15/26 18:19:35 - 0:07:09 - At 218-th epoch with lr 0.000857.
INFO - 01/15/26 18:19:37 - 0:07:10 - Running average train loss is 0.6986953830718994 at epoch 218
INFO - 01/15/26 18:19:37 - 0:07:10 - At 219-th epoch with lr 0.000855.
INFO - 01/15/26 18:19:39 - 0:07:12 - Running average train loss is 0.69845782995224 at epoch 219
INFO - 01/15/26 18:19:39 - 0:07:12 - At 220-th epoch with lr 0.000853.
INFO - 01/15/26 18:19:40 - 0:07:14 - Running average train loss is 0.6982583093643189 at epoch 220
INFO - 01/15/26 18:19:40 - 0:07:14 - At 221-th epoch with lr 0.000851.
INFO - 01/15/26 18:19:42 - 0:07:16 - Running average train loss is 0.6981132197380066 at epoch 221
INFO - 01/15/26 18:19:42 - 0:07:16 - At 222-th epoch with lr 0.000849.
INFO - 01/15/26 18:19:44 - 0:07:17 - Running average train loss is 0.6992730331420899 at epoch 222
INFO - 01/15/26 18:19:44 - 0:07:17 - At 223-th epoch with lr 0.000847.
INFO - 01/15/26 18:19:46 - 0:07:19 - Running average train loss is 0.6974180150032043 at epoch 223
INFO - 01/15/26 18:19:46 - 0:07:19 - At 224-th epoch with lr 0.000845.
INFO - 01/15/26 18:19:47 - 0:07:21 - Running average train loss is 0.6974604201316833 at epoch 224
INFO - 01/15/26 18:19:48 - 0:07:21 - Average dev loss is 0.7691322763760885 at epoch 224
INFO - 01/15/26 18:19:48 - 0:07:22 - dev accuracy is 91.3 at epoch 224
INFO - 01/15/26 18:19:48 - 0:07:22 - dev average edit distance is 0.107 at epoch 224
INFO - 01/15/26 18:19:48 - 0:07:22 - At 225-th epoch with lr 0.000843.
INFO - 01/15/26 18:19:50 - 0:07:23 - Running average train loss is 0.6979283690452576 at epoch 225
INFO - 01/15/26 18:19:50 - 0:07:23 - At 226-th epoch with lr 0.000841.
INFO - 01/15/26 18:19:52 - 0:07:25 - Running average train loss is 0.6984786558151245 at epoch 226
INFO - 01/15/26 18:19:52 - 0:07:25 - At 227-th epoch with lr 0.000840.
INFO - 01/15/26 18:19:54 - 0:07:27 - Running average train loss is 0.6983029580116272 at epoch 227
INFO - 01/15/26 18:19:54 - 0:07:27 - At 228-th epoch with lr 0.000838.
INFO - 01/15/26 18:19:56 - 0:07:29 - Running average train loss is 0.6988536238670349 at epoch 228
INFO - 01/15/26 18:19:56 - 0:07:29 - At 229-th epoch with lr 0.000836.
INFO - 01/15/26 18:19:57 - 0:07:31 - Running average train loss is 0.6980760884284973 at epoch 229
INFO - 01/15/26 18:19:57 - 0:07:31 - At 230-th epoch with lr 0.000834.
INFO - 01/15/26 18:19:59 - 0:07:33 - Running average train loss is 0.6980640316009521 at epoch 230
INFO - 01/15/26 18:19:59 - 0:07:33 - At 231-th epoch with lr 0.000832.
INFO - 01/15/26 18:20:01 - 0:07:35 - Running average train loss is 0.6981981086730957 at epoch 231
INFO - 01/15/26 18:20:01 - 0:07:35 - At 232-th epoch with lr 0.000830.
INFO - 01/15/26 18:20:03 - 0:07:37 - Running average train loss is 0.6977938556671143 at epoch 232
INFO - 01/15/26 18:20:03 - 0:07:37 - At 233-th epoch with lr 0.000829.
INFO - 01/15/26 18:20:05 - 0:07:38 - Running average train loss is 0.6978431963920593 at epoch 233
INFO - 01/15/26 18:20:05 - 0:07:38 - At 234-th epoch with lr 0.000827.
INFO - 01/15/26 18:20:07 - 0:07:40 - Running average train loss is 0.6978694128990174 at epoch 234
INFO - 01/15/26 18:20:07 - 0:07:40 - At 235-th epoch with lr 0.000825.
INFO - 01/15/26 18:20:08 - 0:07:42 - Running average train loss is 0.6973228073120117 at epoch 235
INFO - 01/15/26 18:20:08 - 0:07:42 - At 236-th epoch with lr 0.000823.
INFO - 01/15/26 18:20:10 - 0:07:44 - Running average train loss is 0.6994988369941711 at epoch 236
INFO - 01/15/26 18:20:10 - 0:07:44 - At 237-th epoch with lr 0.000822.
INFO - 01/15/26 18:20:12 - 0:07:46 - Running average train loss is 0.6975002813339234 at epoch 237
INFO - 01/15/26 18:20:12 - 0:07:46 - At 238-th epoch with lr 0.000820.
INFO - 01/15/26 18:20:14 - 0:07:48 - Running average train loss is 0.6972089529037475 at epoch 238
INFO - 01/15/26 18:20:14 - 0:07:48 - At 239-th epoch with lr 0.000818.
INFO - 01/15/26 18:20:16 - 0:07:49 - Running average train loss is 0.6956985116004943 at epoch 239
INFO - 01/15/26 18:20:16 - 0:07:49 - At 240-th epoch with lr 0.000816.
INFO - 01/15/26 18:20:18 - 0:07:51 - Running average train loss is 0.6973305034637451 at epoch 240
INFO - 01/15/26 18:20:18 - 0:07:51 - Average dev loss is 0.7707273960113525 at epoch 240
INFO - 01/15/26 18:20:18 - 0:07:52 - dev accuracy is 90.8 at epoch 240
INFO - 01/15/26 18:20:18 - 0:07:52 - dev average edit distance is 0.097 at epoch 240
INFO - 01/15/26 18:20:19 - 0:07:52 - At 241-th epoch with lr 0.000815.
INFO - 01/15/26 18:20:20 - 0:07:54 - Running average train loss is 0.698336546421051 at epoch 241
INFO - 01/15/26 18:20:20 - 0:07:54 - At 242-th epoch with lr 0.000813.
INFO - 01/15/26 18:20:22 - 0:07:56 - Running average train loss is 0.6983147478103637 at epoch 242
INFO - 01/15/26 18:20:22 - 0:07:56 - At 243-th epoch with lr 0.000811.
INFO - 01/15/26 18:20:24 - 0:07:58 - Running average train loss is 0.6980195307731628 at epoch 243
INFO - 01/15/26 18:20:24 - 0:07:58 - At 244-th epoch with lr 0.000810.
INFO - 01/15/26 18:20:26 - 0:07:59 - Running average train loss is 0.6966457533836364 at epoch 244
INFO - 01/15/26 18:20:26 - 0:07:59 - At 245-th epoch with lr 0.000808.
INFO - 01/15/26 18:20:28 - 0:08:01 - Running average train loss is 0.696256377696991 at epoch 245
INFO - 01/15/26 18:20:28 - 0:08:01 - At 246-th epoch with lr 0.000806.
INFO - 01/15/26 18:20:30 - 0:08:03 - Running average train loss is 0.69760644197464 at epoch 246
INFO - 01/15/26 18:20:30 - 0:08:03 - At 247-th epoch with lr 0.000805.
INFO - 01/15/26 18:20:31 - 0:08:05 - Running average train loss is 0.6973684096336364 at epoch 247
INFO - 01/15/26 18:20:31 - 0:08:05 - At 248-th epoch with lr 0.000803.
INFO - 01/15/26 18:20:33 - 0:08:07 - Running average train loss is 0.6976825523376465 at epoch 248
INFO - 01/15/26 18:20:33 - 0:08:07 - At 249-th epoch with lr 0.000802.
INFO - 01/15/26 18:20:35 - 0:08:09 - Running average train loss is 0.697212097644806 at epoch 249
INFO - 01/15/26 18:20:35 - 0:08:09 - At 250-th epoch with lr 0.000800.
INFO - 01/15/26 18:20:37 - 0:08:10 - Running average train loss is 0.6971160650253296 at epoch 250
INFO - 01/15/26 18:20:37 - 0:08:10 - At 251-th epoch with lr 0.000798.
INFO - 01/15/26 18:20:39 - 0:08:12 - Running average train loss is 0.6979089593887329 at epoch 251
INFO - 01/15/26 18:20:39 - 0:08:12 - At 252-th epoch with lr 0.000797.
INFO - 01/15/26 18:20:40 - 0:08:14 - Running average train loss is 0.6974034833908082 at epoch 252
INFO - 01/15/26 18:20:40 - 0:08:14 - At 253-th epoch with lr 0.000795.
INFO - 01/15/26 18:20:42 - 0:08:16 - Running average train loss is 0.6971759629249573 at epoch 253
INFO - 01/15/26 18:20:42 - 0:08:16 - At 254-th epoch with lr 0.000794.
INFO - 01/15/26 18:20:44 - 0:08:17 - Running average train loss is 0.6958712124824524 at epoch 254
INFO - 01/15/26 18:20:44 - 0:08:17 - At 255-th epoch with lr 0.000792.
INFO - 01/15/26 18:20:46 - 0:08:19 - Running average train loss is 0.6972785758972168 at epoch 255
INFO - 01/15/26 18:20:46 - 0:08:19 - At 256-th epoch with lr 0.000791.
INFO - 01/15/26 18:20:47 - 0:08:21 - Running average train loss is 0.6972173261642456 at epoch 256
INFO - 01/15/26 18:20:47 - 0:08:21 - Average dev loss is 0.7655785878499349 at epoch 256
INFO - 01/15/26 18:20:48 - 0:08:21 - dev accuracy is 89.7 at epoch 256
INFO - 01/15/26 18:20:48 - 0:08:21 - dev average edit distance is 0.115 at epoch 256
INFO - 01/15/26 18:20:48 - 0:08:22 - At 257-th epoch with lr 0.000789.
INFO - 01/15/26 18:20:50 - 0:08:23 - Running average train loss is 0.6965522623062134 at epoch 257
INFO - 01/15/26 18:20:50 - 0:08:23 - At 258-th epoch with lr 0.000787.
INFO - 01/15/26 18:20:52 - 0:08:25 - Running average train loss is 0.6963055658340455 at epoch 258
INFO - 01/15/26 18:20:52 - 0:08:25 - At 259-th epoch with lr 0.000786.
INFO - 01/15/26 18:20:53 - 0:08:27 - Running average train loss is 0.6965961956977844 at epoch 259
INFO - 01/15/26 18:20:53 - 0:08:27 - At 260-th epoch with lr 0.000784.
INFO - 01/15/26 18:20:55 - 0:08:29 - Running average train loss is 0.6964557528495788 at epoch 260
INFO - 01/15/26 18:20:55 - 0:08:29 - At 261-th epoch with lr 0.000783.
INFO - 01/15/26 18:20:57 - 0:08:31 - Running average train loss is 0.6966755700111389 at epoch 261
INFO - 01/15/26 18:20:57 - 0:08:31 - At 262-th epoch with lr 0.000781.
INFO - 01/15/26 18:20:59 - 0:08:33 - Running average train loss is 0.6966760063171387 at epoch 262
INFO - 01/15/26 18:20:59 - 0:08:33 - At 263-th epoch with lr 0.000780.
INFO - 01/15/26 18:21:01 - 0:08:34 - Running average train loss is 0.6957328176498413 at epoch 263
INFO - 01/15/26 18:21:01 - 0:08:34 - At 264-th epoch with lr 0.000778.
INFO - 01/15/26 18:21:03 - 0:08:36 - Running average train loss is 0.6962020611763 at epoch 264
INFO - 01/15/26 18:21:03 - 0:08:36 - At 265-th epoch with lr 0.000777.
INFO - 01/15/26 18:21:04 - 0:08:38 - Running average train loss is 0.6959561610221863 at epoch 265
INFO - 01/15/26 18:21:04 - 0:08:38 - At 266-th epoch with lr 0.000776.
INFO - 01/15/26 18:21:06 - 0:08:40 - Running average train loss is 0.6969782257080078 at epoch 266
INFO - 01/15/26 18:21:06 - 0:08:40 - At 267-th epoch with lr 0.000774.
INFO - 01/15/26 18:21:08 - 0:08:42 - Running average train loss is 0.69651118516922 at epoch 267
INFO - 01/15/26 18:21:08 - 0:08:42 - At 268-th epoch with lr 0.000773.
INFO - 01/15/26 18:21:10 - 0:08:43 - Running average train loss is 0.6968010210990906 at epoch 268
INFO - 01/15/26 18:21:10 - 0:08:43 - At 269-th epoch with lr 0.000771.
INFO - 01/15/26 18:21:12 - 0:08:45 - Running average train loss is 0.6966644620895386 at epoch 269
INFO - 01/15/26 18:21:12 - 0:08:45 - At 270-th epoch with lr 0.000770.
INFO - 01/15/26 18:21:13 - 0:08:47 - Running average train loss is 0.6963696193695068 at epoch 270
INFO - 01/15/26 18:21:13 - 0:08:47 - At 271-th epoch with lr 0.000768.
INFO - 01/15/26 18:21:15 - 0:08:49 - Running average train loss is 0.6960383868217468 at epoch 271
INFO - 01/15/26 18:21:15 - 0:08:49 - At 272-th epoch with lr 0.000767.
INFO - 01/15/26 18:21:17 - 0:08:51 - Running average train loss is 0.6955659246444702 at epoch 272
INFO - 01/15/26 18:21:17 - 0:08:51 - Average dev loss is 0.7740350365638733 at epoch 272
INFO - 01/15/26 18:21:18 - 0:08:51 - dev accuracy is 91.3 at epoch 272
INFO - 01/15/26 18:21:18 - 0:08:51 - dev average edit distance is 0.09 at epoch 272
INFO - 01/15/26 18:21:18 - 0:08:51 - At 273-th epoch with lr 0.000766.
INFO - 01/15/26 18:21:20 - 0:08:53 - Running average train loss is 0.6962791776657105 at epoch 273
INFO - 01/15/26 18:21:20 - 0:08:53 - At 274-th epoch with lr 0.000764.
INFO - 01/15/26 18:21:21 - 0:08:55 - Running average train loss is 0.6964094161987304 at epoch 274
INFO - 01/15/26 18:21:21 - 0:08:55 - At 275-th epoch with lr 0.000763.
INFO - 01/15/26 18:21:23 - 0:08:57 - Running average train loss is 0.695398576259613 at epoch 275
INFO - 01/15/26 18:21:23 - 0:08:57 - At 276-th epoch with lr 0.000761.
INFO - 01/15/26 18:21:25 - 0:08:59 - Running average train loss is 0.6952732062339783 at epoch 276
INFO - 01/15/26 18:21:25 - 0:08:59 - At 277-th epoch with lr 0.000760.
INFO - 01/15/26 18:21:27 - 0:09:01 - Running average train loss is 0.6955886864662171 at epoch 277
INFO - 01/15/26 18:21:27 - 0:09:01 - At 278-th epoch with lr 0.000759.
INFO - 01/15/26 18:21:29 - 0:09:02 - Running average train loss is 0.6950305628776551 at epoch 278
INFO - 01/15/26 18:21:29 - 0:09:02 - At 279-th epoch with lr 0.000757.
INFO - 01/15/26 18:21:31 - 0:09:04 - Running average train loss is 0.6951616382598877 at epoch 279
INFO - 01/15/26 18:21:31 - 0:09:04 - At 280-th epoch with lr 0.000756.
INFO - 01/15/26 18:21:32 - 0:09:06 - Running average train loss is 0.6956822896003723 at epoch 280
INFO - 01/15/26 18:21:32 - 0:09:06 - At 281-th epoch with lr 0.000755.
INFO - 01/15/26 18:21:34 - 0:09:08 - Running average train loss is 0.6952376246452332 at epoch 281
INFO - 01/15/26 18:21:34 - 0:09:08 - At 282-th epoch with lr 0.000753.
INFO - 01/15/26 18:21:36 - 0:09:10 - Running average train loss is 0.6958816003799438 at epoch 282
INFO - 01/15/26 18:21:36 - 0:09:10 - At 283-th epoch with lr 0.000752.
INFO - 01/15/26 18:21:38 - 0:09:12 - Running average train loss is 0.6956810569763183 at epoch 283
INFO - 01/15/26 18:21:38 - 0:09:12 - At 284-th epoch with lr 0.000751.
INFO - 01/15/26 18:21:40 - 0:09:14 - Running average train loss is 0.6953019952774048 at epoch 284
INFO - 01/15/26 18:21:40 - 0:09:14 - At 285-th epoch with lr 0.000749.
INFO - 01/15/26 18:21:42 - 0:09:16 - Running average train loss is 0.6960460233688355 at epoch 285
INFO - 01/15/26 18:21:42 - 0:09:16 - At 286-th epoch with lr 0.000748.
INFO - 01/15/26 18:21:44 - 0:09:18 - Running average train loss is 0.6961906504631042 at epoch 286
INFO - 01/15/26 18:21:44 - 0:09:18 - At 287-th epoch with lr 0.000747.
INFO - 01/15/26 18:21:46 - 0:09:20 - Running average train loss is 0.6957118844985962 at epoch 287
INFO - 01/15/26 18:21:46 - 0:09:20 - At 288-th epoch with lr 0.000745.
INFO - 01/15/26 18:21:48 - 0:09:22 - Running average train loss is 0.6947356247901917 at epoch 288
INFO - 01/15/26 18:21:48 - 0:09:22 - Average dev loss is 0.7743248542149862 at epoch 288
INFO - 01/15/26 18:21:49 - 0:09:22 - dev accuracy is 89.2 at epoch 288
INFO - 01/15/26 18:21:49 - 0:09:22 - dev average edit distance is 0.109 at epoch 288
INFO - 01/15/26 18:21:49 - 0:09:22 - At 289-th epoch with lr 0.000744.
INFO - 01/15/26 18:21:51 - 0:09:24 - Running average train loss is 0.6947585296630859 at epoch 289
INFO - 01/15/26 18:21:51 - 0:09:24 - At 290-th epoch with lr 0.000743.
INFO - 01/15/26 18:21:53 - 0:09:26 - Running average train loss is 0.6945859313011169 at epoch 290
INFO - 01/15/26 18:21:53 - 0:09:26 - At 291-th epoch with lr 0.000742.
INFO - 01/15/26 18:21:54 - 0:09:28 - Running average train loss is 0.6967844223976135 at epoch 291
INFO - 01/15/26 18:21:54 - 0:09:28 - At 292-th epoch with lr 0.000740.
INFO - 01/15/26 18:21:56 - 0:09:30 - Running average train loss is 0.6962386512756348 at epoch 292
INFO - 01/15/26 18:21:56 - 0:09:30 - At 293-th epoch with lr 0.000739.
INFO - 01/15/26 18:21:58 - 0:09:32 - Running average train loss is 0.6952986359596253 at epoch 293
INFO - 01/15/26 18:21:58 - 0:09:32 - At 294-th epoch with lr 0.000738.
INFO - 01/15/26 18:22:00 - 0:09:34 - Running average train loss is 0.6949396634101868 at epoch 294
INFO - 01/15/26 18:22:00 - 0:09:34 - At 295-th epoch with lr 0.000736.
INFO - 01/15/26 18:22:02 - 0:09:35 - Running average train loss is 0.6953210663795472 at epoch 295
INFO - 01/15/26 18:22:02 - 0:09:35 - At 296-th epoch with lr 0.000735.
INFO - 01/15/26 18:22:04 - 0:09:37 - Running average train loss is 0.6946351671218872 at epoch 296
INFO - 01/15/26 18:22:04 - 0:09:37 - At 297-th epoch with lr 0.000734.
INFO - 01/15/26 18:22:06 - 0:09:39 - Running average train loss is 0.6948669862747192 at epoch 297
INFO - 01/15/26 18:22:06 - 0:09:39 - At 298-th epoch with lr 0.000733.
INFO - 01/15/26 18:22:07 - 0:09:41 - Running average train loss is 0.6949360799789429 at epoch 298
INFO - 01/15/26 18:22:07 - 0:09:41 - At 299-th epoch with lr 0.000732.
INFO - 01/15/26 18:22:09 - 0:09:43 - Running average train loss is 0.6950962328910828 at epoch 299
INFO - 01/15/26 18:22:09 - 0:09:43 - At 300-th epoch with lr 0.000730.
INFO - 01/15/26 18:22:11 - 0:09:45 - Running average train loss is 0.6947923016548156 at epoch 300
INFO - 01/15/26 18:22:11 - 0:09:45 - At 301-th epoch with lr 0.000729.
INFO - 01/15/26 18:22:13 - 0:09:46 - Running average train loss is 0.695026559829712 at epoch 301
INFO - 01/15/26 18:22:13 - 0:09:46 - At 302-th epoch with lr 0.000728.
INFO - 01/15/26 18:22:15 - 0:09:48 - Running average train loss is 0.6945270395278931 at epoch 302
INFO - 01/15/26 18:22:15 - 0:09:48 - At 303-th epoch with lr 0.000727.
INFO - 01/15/26 18:22:16 - 0:09:50 - Running average train loss is 0.6952891826629639 at epoch 303
INFO - 01/15/26 18:22:16 - 0:09:50 - At 304-th epoch with lr 0.000725.
INFO - 01/15/26 18:22:18 - 0:09:52 - Running average train loss is 0.6954411339759826 at epoch 304
INFO - 01/15/26 18:22:18 - 0:09:52 - Average dev loss is 0.7655436197916666 at epoch 304
INFO - 01/15/26 18:22:19 - 0:09:52 - dev accuracy is 90.5 at epoch 304
INFO - 01/15/26 18:22:19 - 0:09:52 - dev average edit distance is 0.099 at epoch 304
INFO - 01/15/26 18:22:19 - 0:09:52 - At 305-th epoch with lr 0.000724.
INFO - 01/15/26 18:22:21 - 0:09:54 - Running average train loss is 0.6953730559349061 at epoch 305
INFO - 01/15/26 18:22:21 - 0:09:54 - At 306-th epoch with lr 0.000723.
INFO - 01/15/26 18:22:23 - 0:09:56 - Running average train loss is 0.6960569286346435 at epoch 306
INFO - 01/15/26 18:22:23 - 0:09:56 - At 307-th epoch with lr 0.000722.
INFO - 01/15/26 18:22:24 - 0:09:58 - Running average train loss is 0.6956498026847839 at epoch 307
INFO - 01/15/26 18:22:24 - 0:09:58 - At 308-th epoch with lr 0.000721.
INFO - 01/15/26 18:22:26 - 0:10:00 - Running average train loss is 0.6950573658943177 at epoch 308
INFO - 01/15/26 18:22:26 - 0:10:00 - At 309-th epoch with lr 0.000720.
INFO - 01/15/26 18:22:28 - 0:10:02 - Running average train loss is 0.6943653535842895 at epoch 309
INFO - 01/15/26 18:22:28 - 0:10:02 - At 310-th epoch with lr 0.000718.
INFO - 01/15/26 18:22:30 - 0:10:03 - Running average train loss is 0.6942364311218262 at epoch 310
INFO - 01/15/26 18:22:30 - 0:10:03 - At 311-th epoch with lr 0.000717.
INFO - 01/15/26 18:22:32 - 0:10:05 - Running average train loss is 0.6953460168838501 at epoch 311
INFO - 01/15/26 18:22:32 - 0:10:05 - At 312-th epoch with lr 0.000716.
INFO - 01/15/26 18:22:33 - 0:10:07 - Running average train loss is 0.6942637205123902 at epoch 312
INFO - 01/15/26 18:22:33 - 0:10:07 - At 313-th epoch with lr 0.000715.
INFO - 01/15/26 18:22:35 - 0:10:09 - Running average train loss is 0.6938935422897339 at epoch 313
INFO - 01/15/26 18:22:35 - 0:10:09 - At 314-th epoch with lr 0.000714.
INFO - 01/15/26 18:22:37 - 0:10:11 - Running average train loss is 0.6939554357528687 at epoch 314
INFO - 01/15/26 18:22:37 - 0:10:11 - At 315-th epoch with lr 0.000713.
INFO - 01/15/26 18:22:39 - 0:10:12 - Running average train loss is 0.6945005655288696 at epoch 315
INFO - 01/15/26 18:22:39 - 0:10:12 - At 316-th epoch with lr 0.000712.
INFO - 01/15/26 18:22:41 - 0:10:14 - Running average train loss is 0.695210485458374 at epoch 316
INFO - 01/15/26 18:22:41 - 0:10:14 - At 317-th epoch with lr 0.000710.
INFO - 01/15/26 18:22:42 - 0:10:16 - Running average train loss is 0.6948143100738525 at epoch 317
INFO - 01/15/26 18:22:42 - 0:10:16 - At 318-th epoch with lr 0.000709.
INFO - 01/15/26 18:22:44 - 0:10:18 - Running average train loss is 0.6944895315170289 at epoch 318
INFO - 01/15/26 18:22:44 - 0:10:18 - At 319-th epoch with lr 0.000708.
INFO - 01/15/26 18:22:46 - 0:10:19 - Running average train loss is 0.6938949513435364 at epoch 319
INFO - 01/15/26 18:22:46 - 0:10:19 - At 320-th epoch with lr 0.000707.
INFO - 01/15/26 18:22:48 - 0:10:21 - Running average train loss is 0.693726007938385 at epoch 320
INFO - 01/15/26 18:22:48 - 0:10:21 - Average dev loss is 0.783810575803121 at epoch 320
INFO - 01/15/26 18:22:48 - 0:10:22 - dev accuracy is 90.8 at epoch 320
INFO - 01/15/26 18:22:48 - 0:10:22 - dev average edit distance is 0.108 at epoch 320
INFO - 01/15/26 18:22:48 - 0:10:22 - At 321-th epoch with lr 0.000706.
INFO - 01/15/26 18:22:50 - 0:10:24 - Running average train loss is 0.6938046407699585 at epoch 321
INFO - 01/15/26 18:22:50 - 0:10:24 - At 322-th epoch with lr 0.000705.
INFO - 01/15/26 18:22:52 - 0:10:26 - Running average train loss is 0.69384290933609 at epoch 322
INFO - 01/15/26 18:22:52 - 0:10:26 - At 323-th epoch with lr 0.000704.
INFO - 01/15/26 18:22:54 - 0:10:27 - Running average train loss is 0.6943379139900208 at epoch 323
INFO - 01/15/26 18:22:54 - 0:10:27 - At 324-th epoch with lr 0.000703.
INFO - 01/15/26 18:22:56 - 0:10:29 - Running average train loss is 0.6941275954246521 at epoch 324
INFO - 01/15/26 18:22:56 - 0:10:29 - At 325-th epoch with lr 0.000702.
INFO - 01/15/26 18:22:57 - 0:10:31 - Running average train loss is 0.6945700645446777 at epoch 325
INFO - 01/15/26 18:22:57 - 0:10:31 - At 326-th epoch with lr 0.000701.
INFO - 01/15/26 18:22:59 - 0:10:33 - Running average train loss is 0.6942292547225952 at epoch 326
INFO - 01/15/26 18:22:59 - 0:10:33 - At 327-th epoch with lr 0.000699.
INFO - 01/15/26 18:23:01 - 0:10:35 - Running average train loss is 0.6939829874038697 at epoch 327
INFO - 01/15/26 18:23:01 - 0:10:35 - At 328-th epoch with lr 0.000698.
INFO - 01/15/26 18:23:03 - 0:10:36 - Running average train loss is 0.6946177053451538 at epoch 328
INFO - 01/15/26 18:23:03 - 0:10:36 - At 329-th epoch with lr 0.000697.
INFO - 01/15/26 18:23:05 - 0:10:38 - Running average train loss is 0.6949985218048096 at epoch 329
INFO - 01/15/26 18:23:05 - 0:10:38 - At 330-th epoch with lr 0.000696.
INFO - 01/15/26 18:23:07 - 0:10:40 - Running average train loss is 0.6942067050933838 at epoch 330
INFO - 01/15/26 18:23:07 - 0:10:40 - At 331-th epoch with lr 0.000695.
INFO - 01/15/26 18:23:08 - 0:10:42 - Running average train loss is 0.6944119167327881 at epoch 331
INFO - 01/15/26 18:23:08 - 0:10:42 - At 332-th epoch with lr 0.000694.
INFO - 01/15/26 18:23:10 - 0:10:44 - Running average train loss is 0.6940546655654907 at epoch 332
INFO - 01/15/26 18:23:10 - 0:10:44 - At 333-th epoch with lr 0.000693.
INFO - 01/15/26 18:23:12 - 0:10:46 - Running average train loss is 0.6938933062553406 at epoch 333
INFO - 01/15/26 18:23:12 - 0:10:46 - At 334-th epoch with lr 0.000692.
INFO - 01/15/26 18:23:14 - 0:10:47 - Running average train loss is 0.6933033514022827 at epoch 334
INFO - 01/15/26 18:23:14 - 0:10:47 - At 335-th epoch with lr 0.000691.
INFO - 01/15/26 18:23:16 - 0:10:49 - Running average train loss is 0.6938531708717346 at epoch 335
INFO - 01/15/26 18:23:16 - 0:10:49 - At 336-th epoch with lr 0.000690.
INFO - 01/15/26 18:23:17 - 0:10:51 - Running average train loss is 0.6936864161491394 at epoch 336
INFO - 01/15/26 18:23:17 - 0:10:51 - Average dev loss is 0.7781602144241333 at epoch 336
INFO - 01/15/26 18:23:18 - 0:10:52 - dev accuracy is 90.1 at epoch 336
INFO - 01/15/26 18:23:18 - 0:10:52 - dev average edit distance is 0.104 at epoch 336
INFO - 01/15/26 18:23:18 - 0:10:52 - At 337-th epoch with lr 0.000689.
INFO - 01/15/26 18:23:20 - 0:10:53 - Running average train loss is 0.6948862552642823 at epoch 337
INFO - 01/15/26 18:23:20 - 0:10:53 - At 338-th epoch with lr 0.000688.
INFO - 01/15/26 18:23:22 - 0:10:55 - Running average train loss is 0.6940333819389344 at epoch 338
INFO - 01/15/26 18:23:22 - 0:10:55 - At 339-th epoch with lr 0.000687.
INFO - 01/15/26 18:23:24 - 0:10:57 - Running average train loss is 0.6937169671058655 at epoch 339
INFO - 01/15/26 18:23:24 - 0:10:57 - At 340-th epoch with lr 0.000686.
INFO - 01/15/26 18:23:25 - 0:10:59 - Running average train loss is 0.6943777227401733 at epoch 340
INFO - 01/15/26 18:23:25 - 0:10:59 - At 341-th epoch with lr 0.000685.
INFO - 01/15/26 18:23:27 - 0:11:01 - Running average train loss is 0.6937678074836731 at epoch 341
INFO - 01/15/26 18:23:27 - 0:11:01 - At 342-th epoch with lr 0.000684.
INFO - 01/15/26 18:23:29 - 0:11:03 - Running average train loss is 0.6939465951919556 at epoch 342
INFO - 01/15/26 18:23:29 - 0:11:03 - At 343-th epoch with lr 0.000683.
INFO - 01/15/26 18:23:31 - 0:11:04 - Running average train loss is 0.6930532383918763 at epoch 343
INFO - 01/15/26 18:23:31 - 0:11:04 - At 344-th epoch with lr 0.000682.
INFO - 01/15/26 18:23:33 - 0:11:06 - Running average train loss is 0.69368013381958 at epoch 344
INFO - 01/15/26 18:23:33 - 0:11:06 - At 345-th epoch with lr 0.000681.
INFO - 01/15/26 18:23:34 - 0:11:08 - Running average train loss is 0.6941689920425415 at epoch 345
INFO - 01/15/26 18:23:34 - 0:11:08 - At 346-th epoch with lr 0.000680.
INFO - 01/15/26 18:23:36 - 0:11:10 - Running average train loss is 0.6938704204559326 at epoch 346
INFO - 01/15/26 18:23:36 - 0:11:10 - At 347-th epoch with lr 0.000679.
INFO - 01/15/26 18:23:38 - 0:11:12 - Running average train loss is 0.6940987515449524 at epoch 347
INFO - 01/15/26 18:23:38 - 0:11:12 - At 348-th epoch with lr 0.000678.
INFO - 01/15/26 18:23:40 - 0:11:13 - Running average train loss is 0.6934776020050049 at epoch 348
INFO - 01/15/26 18:23:40 - 0:11:13 - At 349-th epoch with lr 0.000677.
INFO - 01/15/26 18:23:42 - 0:11:15 - Running average train loss is 0.6942067527770996 at epoch 349
INFO - 01/15/26 18:23:42 - 0:11:15 - At 350-th epoch with lr 0.000676.
INFO - 01/15/26 18:23:44 - 0:11:17 - Running average train loss is 0.6931375408172608 at epoch 350
INFO - 01/15/26 18:23:44 - 0:11:17 - At 351-th epoch with lr 0.000675.
INFO - 01/15/26 18:23:45 - 0:11:19 - Running average train loss is 0.69464688539505 at epoch 351
INFO - 01/15/26 18:23:45 - 0:11:19 - At 352-th epoch with lr 0.000674.
INFO - 01/15/26 18:23:47 - 0:11:21 - Running average train loss is 0.6938134074211121 at epoch 352
INFO - 01/15/26 18:23:47 - 0:11:21 - Average dev loss is 0.7773339947064718 at epoch 352
INFO - 01/15/26 18:23:48 - 0:11:21 - dev accuracy is 88.8 at epoch 352
INFO - 01/15/26 18:23:48 - 0:11:21 - dev average edit distance is 0.117 at epoch 352
INFO - 01/15/26 18:23:48 - 0:11:21 - At 353-th epoch with lr 0.000673.
INFO - 01/15/26 18:23:50 - 0:11:23 - Running average train loss is 0.6935181403160096 at epoch 353
INFO - 01/15/26 18:23:50 - 0:11:23 - At 354-th epoch with lr 0.000672.
INFO - 01/15/26 18:23:51 - 0:11:25 - Running average train loss is 0.6935730099678039 at epoch 354
INFO - 01/15/26 18:23:51 - 0:11:25 - At 355-th epoch with lr 0.000671.
INFO - 01/15/26 18:23:53 - 0:11:27 - Running average train loss is 0.6934786629676819 at epoch 355
INFO - 01/15/26 18:23:53 - 0:11:27 - At 356-th epoch with lr 0.000670.
INFO - 01/15/26 18:23:55 - 0:11:29 - Running average train loss is 0.6939057588577271 at epoch 356
INFO - 01/15/26 18:23:55 - 0:11:29 - At 357-th epoch with lr 0.000669.
INFO - 01/15/26 18:23:57 - 0:11:31 - Running average train loss is 0.6933200550079346 at epoch 357
INFO - 01/15/26 18:23:57 - 0:11:31 - At 358-th epoch with lr 0.000669.
INFO - 01/15/26 18:23:59 - 0:11:32 - Running average train loss is 0.6935427927970886 at epoch 358
INFO - 01/15/26 18:23:59 - 0:11:32 - At 359-th epoch with lr 0.000668.
INFO - 01/15/26 18:24:01 - 0:11:34 - Running average train loss is 0.6936376094818115 at epoch 359
INFO - 01/15/26 18:24:01 - 0:11:34 - At 360-th epoch with lr 0.000667.
INFO - 01/15/26 18:24:02 - 0:11:36 - Running average train loss is 0.6933847641944886 at epoch 360
INFO - 01/15/26 18:24:02 - 0:11:36 - At 361-th epoch with lr 0.000666.
INFO - 01/15/26 18:24:04 - 0:11:38 - Running average train loss is 0.6930282497406006 at epoch 361
INFO - 01/15/26 18:24:04 - 0:11:38 - At 362-th epoch with lr 0.000665.
INFO - 01/15/26 18:24:06 - 0:11:40 - Running average train loss is 0.6935134267807007 at epoch 362
INFO - 01/15/26 18:24:06 - 0:11:40 - At 363-th epoch with lr 0.000664.
INFO - 01/15/26 18:24:08 - 0:11:41 - Running average train loss is 0.6939847755432129 at epoch 363
INFO - 01/15/26 18:24:08 - 0:11:41 - At 364-th epoch with lr 0.000663.
INFO - 01/15/26 18:24:10 - 0:11:43 - Running average train loss is 0.6933123540878295 at epoch 364
INFO - 01/15/26 18:24:10 - 0:11:43 - At 365-th epoch with lr 0.000662.
INFO - 01/15/26 18:24:11 - 0:11:45 - Running average train loss is 0.6943050217628479 at epoch 365
INFO - 01/15/26 18:24:11 - 0:11:45 - At 366-th epoch with lr 0.000661.
INFO - 01/15/26 18:24:13 - 0:11:47 - Running average train loss is 0.6934761786460877 at epoch 366
INFO - 01/15/26 18:24:13 - 0:11:47 - At 367-th epoch with lr 0.000660.
INFO - 01/15/26 18:24:15 - 0:11:49 - Running average train loss is 0.6934821891784668 at epoch 367
INFO - 01/15/26 18:24:15 - 0:11:49 - At 368-th epoch with lr 0.000659.
INFO - 01/15/26 18:24:17 - 0:11:51 - Running average train loss is 0.6930483412742615 at epoch 368
INFO - 01/15/26 18:24:17 - 0:11:51 - Average dev loss is 0.7744940916697184 at epoch 368
INFO - 01/15/26 18:24:18 - 0:11:51 - dev accuracy is 91.1 at epoch 368
INFO - 01/15/26 18:24:18 - 0:11:51 - dev average edit distance is 0.099 at epoch 368
INFO - 01/15/26 18:24:18 - 0:11:51 - At 369-th epoch with lr 0.000658.
INFO - 01/15/26 18:24:19 - 0:11:53 - Running average train loss is 0.6932781267166138 at epoch 369
INFO - 01/15/26 18:24:19 - 0:11:53 - At 370-th epoch with lr 0.000658.
INFO - 01/15/26 18:24:21 - 0:11:55 - Running average train loss is 0.6936945271492004 at epoch 370
INFO - 01/15/26 18:24:21 - 0:11:55 - At 371-th epoch with lr 0.000657.
INFO - 01/15/26 18:24:23 - 0:11:57 - Running average train loss is 0.6933294272422791 at epoch 371
INFO - 01/15/26 18:24:23 - 0:11:57 - At 372-th epoch with lr 0.000656.
INFO - 01/15/26 18:24:25 - 0:11:59 - Running average train loss is 0.6932108616828918 at epoch 372
INFO - 01/15/26 18:24:25 - 0:11:59 - At 373-th epoch with lr 0.000655.
INFO - 01/15/26 18:24:27 - 0:12:00 - Running average train loss is 0.6931127524375915 at epoch 373
INFO - 01/15/26 18:24:27 - 0:12:00 - At 374-th epoch with lr 0.000654.
INFO - 01/15/26 18:24:29 - 0:12:02 - Running average train loss is 0.6926408195495606 at epoch 374
INFO - 01/15/26 18:24:29 - 0:12:02 - At 375-th epoch with lr 0.000653.
INFO - 01/15/26 18:24:30 - 0:12:04 - Running average train loss is 0.6930733394622802 at epoch 375
INFO - 01/15/26 18:24:30 - 0:12:04 - At 376-th epoch with lr 0.000652.
INFO - 01/15/26 18:24:32 - 0:12:06 - Running average train loss is 0.6929831266403198 at epoch 376
INFO - 01/15/26 18:24:32 - 0:12:06 - At 377-th epoch with lr 0.000651.
INFO - 01/15/26 18:24:34 - 0:12:08 - Running average train loss is 0.6925526237487794 at epoch 377
INFO - 01/15/26 18:24:34 - 0:12:08 - At 378-th epoch with lr 0.000651.
INFO - 01/15/26 18:24:36 - 0:12:09 - Running average train loss is 0.6929142475128174 at epoch 378
INFO - 01/15/26 18:24:36 - 0:12:09 - At 379-th epoch with lr 0.000650.
INFO - 01/15/26 18:24:38 - 0:12:11 - Running average train loss is 0.6941202974319458 at epoch 379
INFO - 01/15/26 18:24:38 - 0:12:11 - At 380-th epoch with lr 0.000649.
INFO - 01/15/26 18:24:39 - 0:12:13 - Running average train loss is 0.693145821094513 at epoch 380
INFO - 01/15/26 18:24:39 - 0:12:13 - At 381-th epoch with lr 0.000648.
INFO - 01/15/26 18:24:41 - 0:12:15 - Running average train loss is 0.6928420042991639 at epoch 381
INFO - 01/15/26 18:24:41 - 0:12:15 - At 382-th epoch with lr 0.000647.
INFO - 01/15/26 18:24:43 - 0:12:17 - Running average train loss is 0.6927542734146118 at epoch 382
INFO - 01/15/26 18:24:43 - 0:12:17 - At 383-th epoch with lr 0.000646.
INFO - 01/15/26 18:24:45 - 0:12:18 - Running average train loss is 0.694113302230835 at epoch 383
INFO - 01/15/26 18:24:45 - 0:12:18 - At 384-th epoch with lr 0.000645.
INFO - 01/15/26 18:24:47 - 0:12:20 - Running average train loss is 0.6932335257530212 at epoch 384
INFO - 01/15/26 18:24:47 - 0:12:20 - Average dev loss is 0.7756010095278422 at epoch 384
INFO - 01/15/26 18:24:47 - 0:12:21 - dev accuracy is 91.0 at epoch 384
INFO - 01/15/26 18:24:47 - 0:12:21 - dev average edit distance is 0.094 at epoch 384
INFO - 01/15/26 18:24:47 - 0:12:21 - At 385-th epoch with lr 0.000645.
INFO - 01/15/26 18:24:49 - 0:12:23 - Running average train loss is 0.6929970550537109 at epoch 385
INFO - 01/15/26 18:24:49 - 0:12:23 - At 386-th epoch with lr 0.000644.
INFO - 01/15/26 18:24:51 - 0:12:25 - Running average train loss is 0.6924384927749634 at epoch 386
INFO - 01/15/26 18:24:51 - 0:12:25 - At 387-th epoch with lr 0.000643.
INFO - 01/15/26 18:24:53 - 0:12:26 - Running average train loss is 0.6929150104522706 at epoch 387
INFO - 01/15/26 18:24:53 - 0:12:26 - At 388-th epoch with lr 0.000642.
INFO - 01/15/26 18:24:55 - 0:12:28 - Running average train loss is 0.6931382966041565 at epoch 388
INFO - 01/15/26 18:24:55 - 0:12:28 - At 389-th epoch with lr 0.000641.
INFO - 01/15/26 18:24:56 - 0:12:30 - Running average train loss is 0.6932685494422912 at epoch 389
INFO - 01/15/26 18:24:56 - 0:12:30 - At 390-th epoch with lr 0.000641.
INFO - 01/15/26 18:24:58 - 0:12:32 - Running average train loss is 0.6925645804405213 at epoch 390
INFO - 01/15/26 18:24:58 - 0:12:32 - At 391-th epoch with lr 0.000640.
INFO - 01/15/26 18:25:00 - 0:12:34 - Running average train loss is 0.6926983571052552 at epoch 391
INFO - 01/15/26 18:25:00 - 0:12:34 - At 392-th epoch with lr 0.000639.
INFO - 01/15/26 18:25:02 - 0:12:35 - Running average train loss is 0.6932653856277465 at epoch 392
INFO - 01/15/26 18:25:02 - 0:12:35 - At 393-th epoch with lr 0.000638.
INFO - 01/15/26 18:25:04 - 0:12:37 - Running average train loss is 0.6938078451156616 at epoch 393
INFO - 01/15/26 18:25:04 - 0:12:37 - At 394-th epoch with lr 0.000637.
INFO - 01/15/26 18:25:05 - 0:12:39 - Running average train loss is 0.6927246832847596 at epoch 394
INFO - 01/15/26 18:25:05 - 0:12:39 - At 395-th epoch with lr 0.000636.
INFO - 01/15/26 18:25:07 - 0:12:41 - Running average train loss is 0.6926304340362549 at epoch 395
INFO - 01/15/26 18:25:07 - 0:12:41 - At 396-th epoch with lr 0.000636.
INFO - 01/15/26 18:25:09 - 0:12:43 - Running average train loss is 0.6925500154495239 at epoch 396
INFO - 01/15/26 18:25:09 - 0:12:43 - At 397-th epoch with lr 0.000635.
INFO - 01/15/26 18:25:11 - 0:12:44 - Running average train loss is 0.693145489692688 at epoch 397
INFO - 01/15/26 18:25:11 - 0:12:44 - At 398-th epoch with lr 0.000634.
INFO - 01/15/26 18:25:13 - 0:12:46 - Running average train loss is 0.6931734871864319 at epoch 398
INFO - 01/15/26 18:25:13 - 0:12:46 - At 399-th epoch with lr 0.000633.
INFO - 01/15/26 18:25:15 - 0:12:48 - Running average train loss is 0.693031735420227 at epoch 399
INFO - 01/15/26 18:25:15 - 0:12:48 - At 400-th epoch with lr 0.000632.
INFO - 01/15/26 18:25:16 - 0:12:50 - Running average train loss is 0.6929611873626709 at epoch 400
INFO - 01/15/26 18:25:16 - 0:12:50 - Average dev loss is 0.7660247683525085 at epoch 400
INFO - 01/15/26 18:25:17 - 0:12:50 - dev accuracy is 90.4 at epoch 400
INFO - 01/15/26 18:25:17 - 0:12:50 - dev average edit distance is 0.1 at epoch 400
INFO - 01/15/26 18:25:17 - 0:12:51 - At 401-th epoch with lr 0.000632.
INFO - 01/15/26 18:25:19 - 0:12:52 - Running average train loss is 0.6927093458175659 at epoch 401
INFO - 01/15/26 18:25:19 - 0:12:52 - At 402-th epoch with lr 0.000631.
INFO - 01/15/26 18:25:21 - 0:12:54 - Running average train loss is 0.692350869178772 at epoch 402
INFO - 01/15/26 18:25:21 - 0:12:54 - At 403-th epoch with lr 0.000630.
INFO - 01/15/26 18:25:22 - 0:12:56 - Running average train loss is 0.6926205801963806 at epoch 403
INFO - 01/15/26 18:25:22 - 0:12:56 - At 404-th epoch with lr 0.000629.
INFO - 01/15/26 18:25:24 - 0:12:58 - Running average train loss is 0.6926571941375732 at epoch 404
INFO - 01/15/26 18:25:24 - 0:12:58 - At 405-th epoch with lr 0.000629.
INFO - 01/15/26 18:25:26 - 0:13:00 - Running average train loss is 0.6927952289581298 at epoch 405
INFO - 01/15/26 18:25:26 - 0:13:00 - At 406-th epoch with lr 0.000628.
INFO - 01/15/26 18:25:28 - 0:13:02 - Running average train loss is 0.6931531071662903 at epoch 406
INFO - 01/15/26 18:25:28 - 0:13:02 - At 407-th epoch with lr 0.000627.
INFO - 01/15/26 18:25:30 - 0:13:03 - Running average train loss is 0.6930628299713135 at epoch 407
INFO - 01/15/26 18:25:30 - 0:13:03 - At 408-th epoch with lr 0.000626.
INFO - 01/15/26 18:25:32 - 0:13:05 - Running average train loss is 0.6926215195655823 at epoch 408
INFO - 01/15/26 18:25:32 - 0:13:05 - At 409-th epoch with lr 0.000625.
INFO - 01/15/26 18:25:33 - 0:13:07 - Running average train loss is 0.692703320980072 at epoch 409
INFO - 01/15/26 18:25:33 - 0:13:07 - At 410-th epoch with lr 0.000625.
INFO - 01/15/26 18:25:35 - 0:13:09 - Running average train loss is 0.692535536289215 at epoch 410
INFO - 01/15/26 18:25:35 - 0:13:09 - At 411-th epoch with lr 0.000624.
INFO - 01/15/26 18:25:37 - 0:13:11 - Running average train loss is 0.6931521582603455 at epoch 411
INFO - 01/15/26 18:25:37 - 0:13:11 - At 412-th epoch with lr 0.000623.
INFO - 01/15/26 18:25:39 - 0:13:12 - Running average train loss is 0.6924396586418152 at epoch 412
INFO - 01/15/26 18:25:39 - 0:13:12 - At 413-th epoch with lr 0.000622.
INFO - 01/15/26 18:25:41 - 0:13:14 - Running average train loss is 0.6919516563415528 at epoch 413
INFO - 01/15/26 18:25:41 - 0:13:14 - At 414-th epoch with lr 0.000622.
INFO - 01/15/26 18:25:43 - 0:13:16 - Running average train loss is 0.6923139858245849 at epoch 414
INFO - 01/15/26 18:25:43 - 0:13:16 - At 415-th epoch with lr 0.000621.
INFO - 01/15/26 18:25:44 - 0:13:18 - Running average train loss is 0.6929009056091309 at epoch 415
INFO - 01/15/26 18:25:44 - 0:13:18 - At 416-th epoch with lr 0.000620.
INFO - 01/15/26 18:25:46 - 0:13:20 - Running average train loss is 0.6927520632743835 at epoch 416
INFO - 01/15/26 18:25:46 - 0:13:20 - Average dev loss is 0.7728342612584432 at epoch 416
INFO - 01/15/26 18:25:47 - 0:13:20 - dev accuracy is 89.6 at epoch 416
INFO - 01/15/26 18:25:47 - 0:13:20 - dev average edit distance is 0.13 at epoch 416
INFO - 01/15/26 18:25:47 - 0:13:21 - At 417-th epoch with lr 0.000619.
INFO - 01/15/26 18:25:49 - 0:13:22 - Running average train loss is 0.692548258304596 at epoch 417
INFO - 01/15/26 18:25:49 - 0:13:22 - At 418-th epoch with lr 0.000619.
INFO - 01/15/26 18:25:51 - 0:13:24 - Running average train loss is 0.6930226039886475 at epoch 418
INFO - 01/15/26 18:25:51 - 0:13:24 - At 419-th epoch with lr 0.000618.
INFO - 01/15/26 18:25:52 - 0:13:26 - Running average train loss is 0.6930958318710327 at epoch 419
INFO - 01/15/26 18:25:52 - 0:13:26 - At 420-th epoch with lr 0.000617.
INFO - 01/15/26 18:25:54 - 0:13:28 - Running average train loss is 0.6922175931930542 at epoch 420
INFO - 01/15/26 18:25:54 - 0:13:28 - At 421-th epoch with lr 0.000616.
INFO - 01/15/26 18:25:56 - 0:13:30 - Running average train loss is 0.6922830176353455 at epoch 421
INFO - 01/15/26 18:25:56 - 0:13:30 - At 422-th epoch with lr 0.000616.
INFO - 01/15/26 18:25:58 - 0:13:31 - Running average train loss is 0.6923068404197693 at epoch 422
INFO - 01/15/26 18:25:58 - 0:13:31 - At 423-th epoch with lr 0.000615.
INFO - 01/15/26 18:26:00 - 0:13:33 - Running average train loss is 0.6920003509521484 at epoch 423
INFO - 01/15/26 18:26:00 - 0:13:33 - At 424-th epoch with lr 0.000614.
INFO - 01/15/26 18:26:01 - 0:13:35 - Running average train loss is 0.6925146102905273 at epoch 424
INFO - 01/15/26 18:26:01 - 0:13:35 - At 425-th epoch with lr 0.000614.
INFO - 01/15/26 18:26:03 - 0:13:37 - Running average train loss is 0.6924136519432068 at epoch 425
INFO - 01/15/26 18:26:03 - 0:13:37 - At 426-th epoch with lr 0.000613.
INFO - 01/15/26 18:26:05 - 0:13:39 - Running average train loss is 0.6925906801223755 at epoch 426
INFO - 01/15/26 18:26:05 - 0:13:39 - At 427-th epoch with lr 0.000612.
INFO - 01/15/26 18:26:07 - 0:13:40 - Running average train loss is 0.6922012805938721 at epoch 427
INFO - 01/15/26 18:26:07 - 0:13:40 - At 428-th epoch with lr 0.000611.
INFO - 01/15/26 18:26:09 - 0:13:42 - Running average train loss is 0.6930421257019043 at epoch 428
INFO - 01/15/26 18:26:09 - 0:13:42 - At 429-th epoch with lr 0.000611.
INFO - 01/15/26 18:26:11 - 0:13:44 - Running average train loss is 0.6931605887413025 at epoch 429
INFO - 01/15/26 18:26:11 - 0:13:44 - At 430-th epoch with lr 0.000610.
INFO - 01/15/26 18:26:12 - 0:13:46 - Running average train loss is 0.6927921795845031 at epoch 430
INFO - 01/15/26 18:26:12 - 0:13:46 - At 431-th epoch with lr 0.000609.
INFO - 01/15/26 18:26:14 - 0:13:48 - Running average train loss is 0.6922413372993469 at epoch 431
INFO - 01/15/26 18:26:14 - 0:13:48 - At 432-th epoch with lr 0.000609.
INFO - 01/15/26 18:26:16 - 0:13:50 - Running average train loss is 0.692019829750061 at epoch 432
INFO - 01/15/26 18:26:16 - 0:13:50 - Average dev loss is 0.7831512689590454 at epoch 432
INFO - 01/15/26 18:26:17 - 0:13:50 - dev accuracy is 89.0 at epoch 432
INFO - 01/15/26 18:26:17 - 0:13:50 - dev average edit distance is 0.129 at epoch 432
INFO - 01/15/26 18:26:17 - 0:13:50 - At 433-th epoch with lr 0.000608.
INFO - 01/15/26 18:26:19 - 0:13:52 - Running average train loss is 0.6920935249328614 at epoch 433
INFO - 01/15/26 18:26:19 - 0:13:52 - At 434-th epoch with lr 0.000607.
INFO - 01/15/26 18:26:20 - 0:13:54 - Running average train loss is 0.6920086359977722 at epoch 434
INFO - 01/15/26 18:26:20 - 0:13:54 - At 435-th epoch with lr 0.000606.
INFO - 01/15/26 18:26:22 - 0:13:56 - Running average train loss is 0.6924193143844605 at epoch 435
INFO - 01/15/26 18:26:22 - 0:13:56 - At 436-th epoch with lr 0.000606.
INFO - 01/15/26 18:26:24 - 0:13:58 - Running average train loss is 0.6926547431945801 at epoch 436
INFO - 01/15/26 18:26:24 - 0:13:58 - At 437-th epoch with lr 0.000605.
INFO - 01/15/26 18:26:26 - 0:14:00 - Running average train loss is 0.6932871413230896 at epoch 437
INFO - 01/15/26 18:26:26 - 0:14:00 - At 438-th epoch with lr 0.000604.
INFO - 01/15/26 18:26:28 - 0:14:01 - Running average train loss is 0.6925969123840332 at epoch 438
INFO - 01/15/26 18:26:28 - 0:14:01 - At 439-th epoch with lr 0.000604.
INFO - 01/15/26 18:26:30 - 0:14:03 - Running average train loss is 0.6916697597503663 at epoch 439
INFO - 01/15/26 18:26:30 - 0:14:03 - At 440-th epoch with lr 0.000603.
INFO - 01/15/26 18:26:31 - 0:14:05 - Running average train loss is 0.6916019463539124 at epoch 440
INFO - 01/15/26 18:26:31 - 0:14:05 - At 441-th epoch with lr 0.000602.
INFO - 01/15/26 18:26:33 - 0:14:07 - Running average train loss is 0.6920893883705139 at epoch 441
INFO - 01/15/26 18:26:33 - 0:14:07 - At 442-th epoch with lr 0.000602.
INFO - 01/15/26 18:26:35 - 0:14:09 - Running average train loss is 0.6923735499382019 at epoch 442
INFO - 01/15/26 18:26:35 - 0:14:09 - At 443-th epoch with lr 0.000601.
INFO - 01/15/26 18:26:37 - 0:14:10 - Running average train loss is 0.6922903132438659 at epoch 443
INFO - 01/15/26 18:26:37 - 0:14:10 - At 444-th epoch with lr 0.000600.
INFO - 01/15/26 18:26:39 - 0:14:12 - Running average train loss is 0.6934142732620239 at epoch 444
INFO - 01/15/26 18:26:39 - 0:14:12 - At 445-th epoch with lr 0.000600.
INFO - 01/15/26 18:26:41 - 0:14:14 - Running average train loss is 0.691887104511261 at epoch 445
INFO - 01/15/26 18:26:41 - 0:14:14 - At 446-th epoch with lr 0.000599.
INFO - 01/15/26 18:26:42 - 0:14:16 - Running average train loss is 0.6923021674156189 at epoch 446
INFO - 01/15/26 18:26:42 - 0:14:16 - At 447-th epoch with lr 0.000598.
INFO - 01/15/26 18:26:44 - 0:14:18 - Running average train loss is 0.6918145108222962 at epoch 447
INFO - 01/15/26 18:26:44 - 0:14:18 - At 448-th epoch with lr 0.000598.
INFO - 01/15/26 18:26:46 - 0:14:20 - Running average train loss is 0.6923994541168212 at epoch 448
INFO - 01/15/26 18:26:46 - 0:14:20 - Average dev loss is 0.7796001036961874 at epoch 448
INFO - 01/15/26 18:26:47 - 0:14:20 - dev accuracy is 89.4 at epoch 448
INFO - 01/15/26 18:26:47 - 0:14:20 - dev average edit distance is 0.125 at epoch 448
INFO - 01/15/26 18:26:47 - 0:14:20 - At 449-th epoch with lr 0.000597.
INFO - 01/15/26 18:26:48 - 0:14:22 - Running average train loss is 0.6923315668106079 at epoch 449
INFO - 01/15/26 18:26:48 - 0:14:22 - At 450-th epoch with lr 0.000596.
INFO - 01/15/26 18:26:50 - 0:14:24 - Running average train loss is 0.6923125195503235 at epoch 450
INFO - 01/15/26 18:26:50 - 0:14:24 - At 451-th epoch with lr 0.000596.
INFO - 01/15/26 18:26:52 - 0:14:26 - Running average train loss is 0.6920505094528199 at epoch 451
INFO - 01/15/26 18:26:52 - 0:14:26 - At 452-th epoch with lr 0.000595.
INFO - 01/15/26 18:26:54 - 0:14:27 - Running average train loss is 0.6918449354171753 at epoch 452
INFO - 01/15/26 18:26:54 - 0:14:27 - At 453-th epoch with lr 0.000594.
INFO - 01/15/26 18:26:56 - 0:14:29 - Running average train loss is 0.6924448895454407 at epoch 453
INFO - 01/15/26 18:26:56 - 0:14:29 - At 454-th epoch with lr 0.000594.
INFO - 01/15/26 18:26:58 - 0:14:31 - Running average train loss is 0.6928403329849243 at epoch 454
INFO - 01/15/26 18:26:58 - 0:14:31 - At 455-th epoch with lr 0.000593.
INFO - 01/15/26 18:26:59 - 0:14:33 - Running average train loss is 0.6922709918022156 at epoch 455
INFO - 01/15/26 18:26:59 - 0:14:33 - At 456-th epoch with lr 0.000592.
INFO - 01/15/26 18:27:01 - 0:14:35 - Running average train loss is 0.6933900570869446 at epoch 456
INFO - 01/15/26 18:27:01 - 0:14:35 - At 457-th epoch with lr 0.000592.
INFO - 01/15/26 18:27:03 - 0:14:37 - Running average train loss is 0.6921181154251098 at epoch 457
INFO - 01/15/26 18:27:03 - 0:14:37 - At 458-th epoch with lr 0.000591.
INFO - 01/15/26 18:27:05 - 0:14:38 - Running average train loss is 0.691877794265747 at epoch 458
INFO - 01/15/26 18:27:05 - 0:14:38 - At 459-th epoch with lr 0.000590.
INFO - 01/15/26 18:27:07 - 0:14:40 - Running average train loss is 0.6916745901107788 at epoch 459
INFO - 01/15/26 18:27:07 - 0:14:40 - At 460-th epoch with lr 0.000590.
INFO - 01/15/26 18:27:08 - 0:14:42 - Running average train loss is 0.692142481803894 at epoch 460
INFO - 01/15/26 18:27:08 - 0:14:42 - At 461-th epoch with lr 0.000589.
INFO - 01/15/26 18:27:10 - 0:14:44 - Running average train loss is 0.6918362641334533 at epoch 461
INFO - 01/15/26 18:27:10 - 0:14:44 - At 462-th epoch with lr 0.000588.
INFO - 01/15/26 18:27:12 - 0:14:46 - Running average train loss is 0.6926661968231201 at epoch 462
INFO - 01/15/26 18:27:12 - 0:14:46 - At 463-th epoch with lr 0.000588.
INFO - 01/15/26 18:27:14 - 0:14:47 - Running average train loss is 0.6920640850067139 at epoch 463
INFO - 01/15/26 18:27:14 - 0:14:47 - At 464-th epoch with lr 0.000587.
INFO - 01/15/26 18:27:16 - 0:14:49 - Running average train loss is 0.6913948822021484 at epoch 464
INFO - 01/15/26 18:27:16 - 0:14:49 - Average dev loss is 0.7698313196500143 at epoch 464
INFO - 01/15/26 18:27:16 - 0:14:50 - dev accuracy is 90.5 at epoch 464
INFO - 01/15/26 18:27:16 - 0:14:50 - dev average edit distance is 0.103 at epoch 464
INFO - 01/15/26 18:27:16 - 0:14:50 - At 465-th epoch with lr 0.000587.
INFO - 01/15/26 18:27:18 - 0:14:52 - Running average train loss is 0.6919544696807861 at epoch 465
INFO - 01/15/26 18:27:18 - 0:14:52 - At 466-th epoch with lr 0.000586.
INFO - 01/15/26 18:27:20 - 0:14:53 - Running average train loss is 0.6920930361747741 at epoch 466
INFO - 01/15/26 18:27:20 - 0:14:53 - At 467-th epoch with lr 0.000585.
INFO - 01/15/26 18:27:22 - 0:14:55 - Running average train loss is 0.6929182744026184 at epoch 467
INFO - 01/15/26 18:27:22 - 0:14:55 - At 468-th epoch with lr 0.000585.
INFO - 01/15/26 18:27:24 - 0:14:57 - Running average train loss is 0.6918101882934571 at epoch 468
INFO - 01/15/26 18:27:24 - 0:14:57 - At 469-th epoch with lr 0.000584.
INFO - 01/15/26 18:27:25 - 0:14:59 - Running average train loss is 0.6912398219108582 at epoch 469
INFO - 01/15/26 18:27:25 - 0:14:59 - At 470-th epoch with lr 0.000583.
INFO - 01/15/26 18:27:27 - 0:15:01 - Running average train loss is 0.6918311309814453 at epoch 470
INFO - 01/15/26 18:27:27 - 0:15:01 - At 471-th epoch with lr 0.000583.
INFO - 01/15/26 18:27:29 - 0:15:03 - Running average train loss is 0.6916654109954834 at epoch 471
INFO - 01/15/26 18:27:29 - 0:15:03 - At 472-th epoch with lr 0.000582.
INFO - 01/15/26 18:27:31 - 0:15:04 - Running average train loss is 0.6919867181777954 at epoch 472
INFO - 01/15/26 18:27:31 - 0:15:04 - At 473-th epoch with lr 0.000582.
INFO - 01/15/26 18:27:33 - 0:15:06 - Running average train loss is 0.6917474842071534 at epoch 473
INFO - 01/15/26 18:27:33 - 0:15:06 - At 474-th epoch with lr 0.000581.
INFO - 01/15/26 18:27:34 - 0:15:08 - Running average train loss is 0.6918180203437805 at epoch 474
INFO - 01/15/26 18:27:34 - 0:15:08 - At 475-th epoch with lr 0.000580.
INFO - 01/15/26 18:27:36 - 0:15:10 - Running average train loss is 0.6920191264152527 at epoch 475
INFO - 01/15/26 18:27:36 - 0:15:10 - At 476-th epoch with lr 0.000580.
INFO - 01/15/26 18:27:38 - 0:15:12 - Running average train loss is 0.6923344111442566 at epoch 476
INFO - 01/15/26 18:27:38 - 0:15:12 - At 477-th epoch with lr 0.000579.
INFO - 01/15/26 18:27:40 - 0:15:13 - Running average train loss is 0.6917756867408752 at epoch 477
INFO - 01/15/26 18:27:40 - 0:15:13 - At 478-th epoch with lr 0.000579.
INFO - 01/15/26 18:27:42 - 0:15:15 - Running average train loss is 0.6918845748901368 at epoch 478
INFO - 01/15/26 18:27:42 - 0:15:15 - At 479-th epoch with lr 0.000578.
INFO - 01/15/26 18:27:44 - 0:15:17 - Running average train loss is 0.691608862876892 at epoch 479
INFO - 01/15/26 18:27:44 - 0:15:17 - At 480-th epoch with lr 0.000577.
INFO - 01/15/26 18:27:45 - 0:15:19 - Running average train loss is 0.6914529418945312 at epoch 480
INFO - 01/15/26 18:27:45 - 0:15:19 - Average dev loss is 0.7881797750790914 at epoch 480
INFO - 01/15/26 18:27:46 - 0:15:19 - dev accuracy is 89.4 at epoch 480
INFO - 01/15/26 18:27:46 - 0:15:19 - dev average edit distance is 0.12 at epoch 480
INFO - 01/15/26 18:27:46 - 0:15:20 - At 481-th epoch with lr 0.000577.
INFO - 01/15/26 18:27:48 - 0:15:21 - Running average train loss is 0.6917750263214111 at epoch 481
INFO - 01/15/26 18:27:48 - 0:15:21 - At 482-th epoch with lr 0.000576.
INFO - 01/15/26 18:27:50 - 0:15:23 - Running average train loss is 0.6911750483512878 at epoch 482
INFO - 01/15/26 18:27:50 - 0:15:23 - At 483-th epoch with lr 0.000576.
INFO - 01/15/26 18:27:51 - 0:15:25 - Running average train loss is 0.6919393658638 at epoch 483
INFO - 01/15/26 18:27:51 - 0:15:25 - At 484-th epoch with lr 0.000575.
INFO - 01/15/26 18:27:53 - 0:15:27 - Running average train loss is 0.6918727374076843 at epoch 484
INFO - 01/15/26 18:27:53 - 0:15:27 - At 485-th epoch with lr 0.000574.
INFO - 01/15/26 18:27:55 - 0:15:29 - Running average train loss is 0.6923744606971741 at epoch 485
INFO - 01/15/26 18:27:55 - 0:15:29 - At 486-th epoch with lr 0.000574.
INFO - 01/15/26 18:27:57 - 0:15:31 - Running average train loss is 0.6921984100341797 at epoch 486
INFO - 01/15/26 18:27:57 - 0:15:31 - At 487-th epoch with lr 0.000573.
INFO - 01/15/26 18:27:59 - 0:15:32 - Running average train loss is 0.691636905670166 at epoch 487
INFO - 01/15/26 18:27:59 - 0:15:32 - At 488-th epoch with lr 0.000573.
INFO - 01/15/26 18:28:01 - 0:15:34 - Running average train loss is 0.6914286851882935 at epoch 488
INFO - 01/15/26 18:28:01 - 0:15:34 - At 489-th epoch with lr 0.000572.
INFO - 01/15/26 18:28:02 - 0:15:36 - Running average train loss is 0.6914803838729858 at epoch 489
INFO - 01/15/26 18:28:02 - 0:15:36 - At 490-th epoch with lr 0.000571.
INFO - 01/15/26 18:28:04 - 0:15:38 - Running average train loss is 0.6915423774719238 at epoch 490
INFO - 01/15/26 18:28:04 - 0:15:38 - At 491-th epoch with lr 0.000571.
INFO - 01/15/26 18:28:06 - 0:15:40 - Running average train loss is 0.6918668127059937 at epoch 491
INFO - 01/15/26 18:28:06 - 0:15:40 - At 492-th epoch with lr 0.000570.
INFO - 01/15/26 18:28:08 - 0:15:41 - Running average train loss is 0.6915974426269531 at epoch 492
INFO - 01/15/26 18:28:08 - 0:15:41 - At 493-th epoch with lr 0.000570.
INFO - 01/15/26 18:28:10 - 0:15:43 - Running average train loss is 0.6920222330093384 at epoch 493
INFO - 01/15/26 18:28:10 - 0:15:43 - At 494-th epoch with lr 0.000569.
INFO - 01/15/26 18:28:12 - 0:15:45 - Running average train loss is 0.691646602153778 at epoch 494
INFO - 01/15/26 18:28:12 - 0:15:45 - At 495-th epoch with lr 0.000569.
INFO - 01/15/26 18:28:13 - 0:15:47 - Running average train loss is 0.6915988945960998 at epoch 495
INFO - 01/15/26 18:28:13 - 0:15:47 - At 496-th epoch with lr 0.000568.
INFO - 01/15/26 18:28:15 - 0:15:49 - Running average train loss is 0.6919327974319458 at epoch 496
INFO - 01/15/26 18:28:15 - 0:15:49 - Average dev loss is 0.772482673327128 at epoch 496
INFO - 01/15/26 18:28:16 - 0:15:49 - dev accuracy is 89.3 at epoch 496
INFO - 01/15/26 18:28:16 - 0:15:49 - dev average edit distance is 0.126 at epoch 496
INFO - 01/15/26 18:28:16 - 0:15:49 - At 497-th epoch with lr 0.000567.
INFO - 01/15/26 18:28:18 - 0:15:51 - Running average train loss is 0.6914348626136779 at epoch 497
INFO - 01/15/26 18:28:18 - 0:15:51 - At 498-th epoch with lr 0.000567.
INFO - 01/15/26 18:28:20 - 0:15:53 - Running average train loss is 0.6918003249168396 at epoch 498
INFO - 01/15/26 18:28:20 - 0:15:53 - At 499-th epoch with lr 0.000566.
INFO - 01/15/26 18:28:21 - 0:15:55 - Running average train loss is 0.6920993781089783 at epoch 499
INFO - 01/15/26 18:28:21 - 0:15:55 - At 500-th epoch with lr 0.000566.
INFO - 01/15/26 18:28:23 - 0:15:57 - Running average train loss is 0.6917012000083923 at epoch 500
INFO - 01/15/26 18:28:23 - 0:15:57 - At 501-th epoch with lr 0.000565.
INFO - 01/15/26 18:28:25 - 0:15:59 - Running average train loss is 0.6918350768089294 at epoch 501
INFO - 01/15/26 18:28:25 - 0:15:59 - At 502-th epoch with lr 0.000565.
INFO - 01/15/26 18:28:27 - 0:16:00 - Running average train loss is 0.6914765405654907 at epoch 502
INFO - 01/15/26 18:28:27 - 0:16:00 - At 503-th epoch with lr 0.000564.
INFO - 01/15/26 18:28:29 - 0:16:02 - Running average train loss is 0.6918239831924439 at epoch 503
INFO - 01/15/26 18:28:29 - 0:16:02 - At 504-th epoch with lr 0.000563.
INFO - 01/15/26 18:28:31 - 0:16:04 - Running average train loss is 0.6917025589942932 at epoch 504
INFO - 01/15/26 18:28:31 - 0:16:04 - At 505-th epoch with lr 0.000563.
INFO - 01/15/26 18:28:32 - 0:16:06 - Running average train loss is 0.6916246533393859 at epoch 505
INFO - 01/15/26 18:28:32 - 0:16:06 - At 506-th epoch with lr 0.000562.
INFO - 01/15/26 18:28:34 - 0:16:08 - Running average train loss is 0.6919958209991455 at epoch 506
INFO - 01/15/26 18:28:34 - 0:16:08 - At 507-th epoch with lr 0.000562.
INFO - 01/15/26 18:28:36 - 0:16:10 - Running average train loss is 0.6913569092750549 at epoch 507
INFO - 01/15/26 18:28:36 - 0:16:10 - At 508-th epoch with lr 0.000561.
INFO - 01/15/26 18:28:38 - 0:16:11 - Running average train loss is 0.6918491363525391 at epoch 508
INFO - 01/15/26 18:28:38 - 0:16:11 - At 509-th epoch with lr 0.000561.
INFO - 01/15/26 18:28:40 - 0:16:13 - Running average train loss is 0.6920943951606751 at epoch 509
INFO - 01/15/26 18:28:40 - 0:16:13 - At 510-th epoch with lr 0.000560.
INFO - 01/15/26 18:28:41 - 0:16:15 - Running average train loss is 0.6920674180984497 at epoch 510
INFO - 01/15/26 18:28:41 - 0:16:15 - At 511-th epoch with lr 0.000560.
INFO - 01/15/26 18:28:43 - 0:16:17 - Running average train loss is 0.6915577554702759 at epoch 511
INFO - 01/15/26 18:28:43 - 0:16:17 - At 512-th epoch with lr 0.000559.
INFO - 01/15/26 18:28:45 - 0:16:19 - Running average train loss is 0.6907808995246887 at epoch 512
INFO - 01/15/26 18:28:45 - 0:16:19 - Average dev loss is 0.7769329945246378 at epoch 512
INFO - 01/15/26 18:28:46 - 0:16:19 - dev accuracy is 89.8 at epoch 512
INFO - 01/15/26 18:28:46 - 0:16:19 - dev average edit distance is 0.123 at epoch 512
INFO - 01/15/26 18:28:46 - 0:16:19 - At 513-th epoch with lr 0.000558.
INFO - 01/15/26 18:28:48 - 0:16:21 - Running average train loss is 0.6916396641731262 at epoch 513
INFO - 01/15/26 18:28:48 - 0:16:21 - At 514-th epoch with lr 0.000558.
INFO - 01/15/26 18:28:49 - 0:16:23 - Running average train loss is 0.6924858093261719 at epoch 514
INFO - 01/15/26 18:28:49 - 0:16:23 - At 515-th epoch with lr 0.000557.
INFO - 01/15/26 18:28:51 - 0:16:25 - Running average train loss is 0.6909914946556092 at epoch 515
INFO - 01/15/26 18:28:51 - 0:16:25 - At 516-th epoch with lr 0.000557.
INFO - 01/15/26 18:28:53 - 0:16:27 - Running average train loss is 0.6918581533432007 at epoch 516
INFO - 01/15/26 18:28:53 - 0:16:27 - At 517-th epoch with lr 0.000556.
INFO - 01/15/26 18:28:55 - 0:16:28 - Running average train loss is 0.6917260098457336 at epoch 517
INFO - 01/15/26 18:28:55 - 0:16:28 - At 518-th epoch with lr 0.000556.
INFO - 01/15/26 18:28:57 - 0:16:30 - Running average train loss is 0.6912687397003174 at epoch 518
INFO - 01/15/26 18:28:57 - 0:16:30 - At 519-th epoch with lr 0.000555.
INFO - 01/15/26 18:28:58 - 0:16:32 - Running average train loss is 0.6911861109733581 at epoch 519
INFO - 01/15/26 18:28:58 - 0:16:32 - At 520-th epoch with lr 0.000555.
INFO - 01/15/26 18:29:00 - 0:16:34 - Running average train loss is 0.6916432976722717 at epoch 520
INFO - 01/15/26 18:29:00 - 0:16:34 - At 521-th epoch with lr 0.000554.
INFO - 01/15/26 18:29:02 - 0:16:36 - Running average train loss is 0.6912057614326477 at epoch 521
INFO - 01/15/26 18:29:02 - 0:16:36 - At 522-th epoch with lr 0.000554.
INFO - 01/15/26 18:29:04 - 0:16:38 - Running average train loss is 0.6917420983314514 at epoch 522
INFO - 01/15/26 18:29:04 - 0:16:38 - At 523-th epoch with lr 0.000553.
INFO - 01/15/26 18:29:06 - 0:16:39 - Running average train loss is 0.6912537622451782 at epoch 523
INFO - 01/15/26 18:29:06 - 0:16:39 - At 524-th epoch with lr 0.000553.
INFO - 01/15/26 18:29:08 - 0:16:41 - Running average train loss is 0.6912977433204651 at epoch 524
INFO - 01/15/26 18:29:08 - 0:16:41 - At 525-th epoch with lr 0.000552.
INFO - 01/15/26 18:29:10 - 0:16:43 - Running average train loss is 0.6912351727485657 at epoch 525
INFO - 01/15/26 18:29:10 - 0:16:43 - At 526-th epoch with lr 0.000552.
INFO - 01/15/26 18:29:11 - 0:16:45 - Running average train loss is 0.691725401878357 at epoch 526
INFO - 01/15/26 18:29:11 - 0:16:45 - At 527-th epoch with lr 0.000551.
INFO - 01/15/26 18:29:13 - 0:16:47 - Running average train loss is 0.691253125667572 at epoch 527
INFO - 01/15/26 18:29:13 - 0:16:47 - At 528-th epoch with lr 0.000550.
INFO - 01/15/26 18:29:15 - 0:16:49 - Running average train loss is 0.6920116829872132 at epoch 528
INFO - 01/15/26 18:29:15 - 0:16:49 - Average dev loss is 0.7724881768226624 at epoch 528
INFO - 01/15/26 18:29:16 - 0:16:49 - dev accuracy is 90.5 at epoch 528
INFO - 01/15/26 18:29:16 - 0:16:49 - dev average edit distance is 0.101 at epoch 528
INFO - 01/15/26 18:29:16 - 0:16:49 - At 529-th epoch with lr 0.000550.
INFO - 01/15/26 18:29:17 - 0:16:51 - Running average train loss is 0.6914043211936951 at epoch 529
INFO - 01/15/26 18:29:17 - 0:16:51 - At 530-th epoch with lr 0.000549.
INFO - 01/15/26 18:29:19 - 0:16:53 - Running average train loss is 0.6914549732208252 at epoch 530
INFO - 01/15/26 18:29:19 - 0:16:53 - At 531-th epoch with lr 0.000549.
INFO - 01/15/26 18:29:21 - 0:16:55 - Running average train loss is 0.6919594120979309 at epoch 531
INFO - 01/15/26 18:29:21 - 0:16:55 - At 532-th epoch with lr 0.000548.
INFO - 01/15/26 18:29:23 - 0:16:56 - Running average train loss is 0.6919547414779663 at epoch 532
INFO - 01/15/26 18:29:23 - 0:16:56 - At 533-th epoch with lr 0.000548.
INFO - 01/15/26 18:29:25 - 0:16:58 - Running average train loss is 0.6913043880462646 at epoch 533
INFO - 01/15/26 18:29:25 - 0:16:58 - At 534-th epoch with lr 0.000547.
INFO - 01/15/26 18:29:27 - 0:17:00 - Running average train loss is 0.69146311044693 at epoch 534
INFO - 01/15/26 18:29:27 - 0:17:00 - At 535-th epoch with lr 0.000547.
INFO - 01/15/26 18:29:28 - 0:17:02 - Running average train loss is 0.6913897919654847 at epoch 535
INFO - 01/15/26 18:29:28 - 0:17:02 - At 536-th epoch with lr 0.000546.
INFO - 01/15/26 18:29:30 - 0:17:04 - Running average train loss is 0.6913684892654419 at epoch 536
INFO - 01/15/26 18:29:30 - 0:17:04 - At 537-th epoch with lr 0.000546.
INFO - 01/15/26 18:29:32 - 0:17:06 - Running average train loss is 0.691638503074646 at epoch 537
INFO - 01/15/26 18:29:32 - 0:17:06 - At 538-th epoch with lr 0.000545.
INFO - 01/15/26 18:29:34 - 0:17:08 - Running average train loss is 0.6913710808753968 at epoch 538
INFO - 01/15/26 18:29:34 - 0:17:08 - At 539-th epoch with lr 0.000545.
INFO - 01/15/26 18:29:36 - 0:17:09 - Running average train loss is 0.6913549780845643 at epoch 539
INFO - 01/15/26 18:29:36 - 0:17:09 - At 540-th epoch with lr 0.000544.
INFO - 01/15/26 18:29:38 - 0:17:11 - Running average train loss is 0.6913111996650696 at epoch 540
INFO - 01/15/26 18:29:38 - 0:17:11 - At 541-th epoch with lr 0.000544.
INFO - 01/15/26 18:29:39 - 0:17:13 - Running average train loss is 0.6917460370063782 at epoch 541
INFO - 01/15/26 18:29:39 - 0:17:13 - At 542-th epoch with lr 0.000543.
INFO - 01/15/26 18:29:41 - 0:17:15 - Running average train loss is 0.691156222820282 at epoch 542
INFO - 01/15/26 18:29:41 - 0:17:15 - At 543-th epoch with lr 0.000543.
INFO - 01/15/26 18:29:43 - 0:17:17 - Running average train loss is 0.6918181204795837 at epoch 543
INFO - 01/15/26 18:29:43 - 0:17:17 - At 544-th epoch with lr 0.000542.
INFO - 01/15/26 18:29:45 - 0:17:19 - Running average train loss is 0.6917356586456299 at epoch 544
INFO - 01/15/26 18:29:45 - 0:17:19 - Average dev loss is 0.7763902346293131 at epoch 544
INFO - 01/15/26 18:29:46 - 0:17:19 - dev accuracy is 90.1 at epoch 544
INFO - 01/15/26 18:29:46 - 0:17:19 - dev average edit distance is 0.112 at epoch 544
INFO - 01/15/26 18:29:46 - 0:17:19 - At 545-th epoch with lr 0.000542.
INFO - 01/15/26 18:29:48 - 0:17:21 - Running average train loss is 0.6914650750160217 at epoch 545
INFO - 01/15/26 18:29:48 - 0:17:21 - At 546-th epoch with lr 0.000541.
INFO - 01/15/26 18:29:49 - 0:17:23 - Running average train loss is 0.6908616399765015 at epoch 546
INFO - 01/15/26 18:29:49 - 0:17:23 - At 547-th epoch with lr 0.000541.
INFO - 01/15/26 18:29:51 - 0:17:25 - Running average train loss is 0.6912975478172302 at epoch 547
INFO - 01/15/26 18:29:51 - 0:17:25 - At 548-th epoch with lr 0.000540.
INFO - 01/15/26 18:29:53 - 0:17:27 - Running average train loss is 0.6917573046684266 at epoch 548
INFO - 01/15/26 18:29:53 - 0:17:27 - At 549-th epoch with lr 0.000540.
INFO - 01/15/26 18:29:55 - 0:17:28 - Running average train loss is 0.6910406088829041 at epoch 549
INFO - 01/15/26 18:29:55 - 0:17:28 - At 550-th epoch with lr 0.000539.
INFO - 01/15/26 18:29:57 - 0:17:30 - Running average train loss is 0.6917500114440918 at epoch 550
INFO - 01/15/26 18:29:57 - 0:17:30 - At 551-th epoch with lr 0.000539.
INFO - 01/15/26 18:29:59 - 0:17:32 - Running average train loss is 0.6909936165809631 at epoch 551
INFO - 01/15/26 18:29:59 - 0:17:32 - At 552-th epoch with lr 0.000538.
INFO - 01/15/26 18:30:00 - 0:17:34 - Running average train loss is 0.6912323880195618 at epoch 552
INFO - 01/15/26 18:30:00 - 0:17:34 - At 553-th epoch with lr 0.000538.
INFO - 01/15/26 18:30:02 - 0:17:36 - Running average train loss is 0.6913804411888123 at epoch 553
INFO - 01/15/26 18:30:02 - 0:17:36 - At 554-th epoch with lr 0.000537.
INFO - 01/15/26 18:30:04 - 0:17:38 - Running average train loss is 0.690951714515686 at epoch 554
INFO - 01/15/26 18:30:04 - 0:17:38 - At 555-th epoch with lr 0.000537.
INFO - 01/15/26 18:30:06 - 0:17:40 - Running average train loss is 0.6914473533630371 at epoch 555
INFO - 01/15/26 18:30:06 - 0:17:40 - At 556-th epoch with lr 0.000536.
INFO - 01/15/26 18:30:08 - 0:17:42 - Running average train loss is 0.6919758296012879 at epoch 556
INFO - 01/15/26 18:30:08 - 0:17:42 - At 557-th epoch with lr 0.000536.
INFO - 01/15/26 18:30:10 - 0:17:44 - Running average train loss is 0.6911133551597595 at epoch 557
INFO - 01/15/26 18:30:10 - 0:17:44 - At 558-th epoch with lr 0.000535.
INFO - 01/15/26 18:30:12 - 0:17:45 - Running average train loss is 0.691668689250946 at epoch 558
INFO - 01/15/26 18:30:12 - 0:17:45 - At 559-th epoch with lr 0.000535.
INFO - 01/15/26 18:30:14 - 0:17:47 - Running average train loss is 0.6907096195220948 at epoch 559
INFO - 01/15/26 18:30:14 - 0:17:47 - At 560-th epoch with lr 0.000535.
INFO - 01/15/26 18:30:16 - 0:17:49 - Running average train loss is 0.6913825702667237 at epoch 560
INFO - 01/15/26 18:30:16 - 0:17:49 - Average dev loss is 0.7764997680981954 at epoch 560
INFO - 01/15/26 18:30:16 - 0:17:50 - dev accuracy is 88.5 at epoch 560
INFO - 01/15/26 18:30:16 - 0:17:50 - dev average edit distance is 0.135 at epoch 560
INFO - 01/15/26 18:30:16 - 0:17:50 - At 561-th epoch with lr 0.000534.
INFO - 01/15/26 18:30:18 - 0:17:52 - Running average train loss is 0.6914370942115784 at epoch 561
INFO - 01/15/26 18:30:18 - 0:17:52 - At 562-th epoch with lr 0.000534.
INFO - 01/15/26 18:30:20 - 0:17:53 - Running average train loss is 0.6911696767807007 at epoch 562
INFO - 01/15/26 18:30:20 - 0:17:53 - At 563-th epoch with lr 0.000533.
INFO - 01/15/26 18:30:22 - 0:17:55 - Running average train loss is 0.6913288068771363 at epoch 563
INFO - 01/15/26 18:30:22 - 0:17:55 - At 564-th epoch with lr 0.000533.
INFO - 01/15/26 18:30:23 - 0:17:57 - Running average train loss is 0.691107087135315 at epoch 564
INFO - 01/15/26 18:30:23 - 0:17:57 - At 565-th epoch with lr 0.000532.
INFO - 01/15/26 18:30:25 - 0:17:59 - Running average train loss is 0.6914358854293823 at epoch 565
INFO - 01/15/26 18:30:25 - 0:17:59 - At 566-th epoch with lr 0.000532.
INFO - 01/15/26 18:30:27 - 0:18:01 - Running average train loss is 0.6907806420326232 at epoch 566
INFO - 01/15/26 18:30:27 - 0:18:01 - At 567-th epoch with lr 0.000531.
INFO - 01/15/26 18:30:29 - 0:18:03 - Running average train loss is 0.6911226367950439 at epoch 567
INFO - 01/15/26 18:30:29 - 0:18:03 - At 568-th epoch with lr 0.000531.
INFO - 01/15/26 18:30:31 - 0:18:04 - Running average train loss is 0.6914671635627747 at epoch 568
INFO - 01/15/26 18:30:31 - 0:18:04 - At 569-th epoch with lr 0.000530.
INFO - 01/15/26 18:30:33 - 0:18:06 - Running average train loss is 0.6909438133239746 at epoch 569
INFO - 01/15/26 18:30:33 - 0:18:06 - At 570-th epoch with lr 0.000530.
INFO - 01/15/26 18:30:34 - 0:18:08 - Running average train loss is 0.6909645462036133 at epoch 570
INFO - 01/15/26 18:30:34 - 0:18:08 - At 571-th epoch with lr 0.000529.
INFO - 01/15/26 18:30:36 - 0:18:10 - Running average train loss is 0.6912658047676087 at epoch 571
INFO - 01/15/26 18:30:36 - 0:18:10 - At 572-th epoch with lr 0.000529.
INFO - 01/15/26 18:30:38 - 0:18:12 - Running average train loss is 0.6914430451393128 at epoch 572
INFO - 01/15/26 18:30:38 - 0:18:12 - At 573-th epoch with lr 0.000528.
INFO - 01/15/26 18:30:40 - 0:18:13 - Running average train loss is 0.6910543894767761 at epoch 573
INFO - 01/15/26 18:30:40 - 0:18:13 - At 574-th epoch with lr 0.000528.
INFO - 01/15/26 18:30:42 - 0:18:15 - Running average train loss is 0.690892391204834 at epoch 574
INFO - 01/15/26 18:30:42 - 0:18:15 - At 575-th epoch with lr 0.000528.
INFO - 01/15/26 18:30:44 - 0:18:17 - Running average train loss is 0.6908573746681214 at epoch 575
INFO - 01/15/26 18:30:44 - 0:18:17 - At 576-th epoch with lr 0.000527.
INFO - 01/15/26 18:30:45 - 0:18:19 - Running average train loss is 0.6912944483757019 at epoch 576
INFO - 01/15/26 18:30:45 - 0:18:19 - Average dev loss is 0.7721338669459025 at epoch 576
INFO - 01/15/26 18:30:46 - 0:18:19 - dev accuracy is 89.3 at epoch 576
INFO - 01/15/26 18:30:46 - 0:18:19 - dev average edit distance is 0.148 at epoch 576
INFO - 01/15/26 18:30:46 - 0:18:20 - At 577-th epoch with lr 0.000527.
INFO - 01/15/26 18:30:48 - 0:18:21 - Running average train loss is 0.690983395576477 at epoch 577
INFO - 01/15/26 18:30:48 - 0:18:21 - At 578-th epoch with lr 0.000526.
INFO - 01/15/26 18:30:50 - 0:18:23 - Running average train loss is 0.6913544583320618 at epoch 578
INFO - 01/15/26 18:30:50 - 0:18:23 - At 579-th epoch with lr 0.000526.
INFO - 01/15/26 18:30:52 - 0:18:25 - Running average train loss is 0.6910856437683105 at epoch 579
INFO - 01/15/26 18:30:52 - 0:18:25 - At 580-th epoch with lr 0.000525.
INFO - 01/15/26 18:30:53 - 0:18:27 - Running average train loss is 0.6908520150184632 at epoch 580
INFO - 01/15/26 18:30:53 - 0:18:27 - At 581-th epoch with lr 0.000525.
INFO - 01/15/26 18:30:55 - 0:18:29 - Running average train loss is 0.6911721587181091 at epoch 581
INFO - 01/15/26 18:30:55 - 0:18:29 - At 582-th epoch with lr 0.000524.
INFO - 01/15/26 18:30:57 - 0:18:31 - Running average train loss is 0.6908165383338928 at epoch 582
INFO - 01/15/26 18:30:57 - 0:18:31 - At 583-th epoch with lr 0.000524.
INFO - 01/15/26 18:30:59 - 0:18:32 - Running average train loss is 0.6911393284797669 at epoch 583
INFO - 01/15/26 18:30:59 - 0:18:32 - At 584-th epoch with lr 0.000523.
INFO - 01/15/26 18:31:01 - 0:18:34 - Running average train loss is 0.6913664817810059 at epoch 584
INFO - 01/15/26 18:31:01 - 0:18:34 - At 585-th epoch with lr 0.000523.
INFO - 01/15/26 18:31:02 - 0:18:36 - Running average train loss is 0.691020405292511 at epoch 585
INFO - 01/15/26 18:31:02 - 0:18:36 - At 586-th epoch with lr 0.000523.
INFO - 01/15/26 18:31:04 - 0:18:38 - Running average train loss is 0.6910224628448486 at epoch 586
INFO - 01/15/26 18:31:04 - 0:18:38 - At 587-th epoch with lr 0.000522.
INFO - 01/15/26 18:31:06 - 0:18:40 - Running average train loss is 0.6910067868232727 at epoch 587
INFO - 01/15/26 18:31:06 - 0:18:40 - At 588-th epoch with lr 0.000522.
INFO - 01/15/26 18:31:08 - 0:18:41 - Running average train loss is 0.6910479497909546 at epoch 588
INFO - 01/15/26 18:31:08 - 0:18:41 - At 589-th epoch with lr 0.000521.
INFO - 01/15/26 18:31:10 - 0:18:43 - Running average train loss is 0.6907753539085388 at epoch 589
INFO - 01/15/26 18:31:10 - 0:18:43 - At 590-th epoch with lr 0.000521.
INFO - 01/15/26 18:31:11 - 0:18:45 - Running average train loss is 0.6905451083183288 at epoch 590
INFO - 01/15/26 18:31:11 - 0:18:45 - At 591-th epoch with lr 0.000520.
INFO - 01/15/26 18:31:13 - 0:18:47 - Running average train loss is 0.6906844329833984 at epoch 591
INFO - 01/15/26 18:31:13 - 0:18:47 - At 592-th epoch with lr 0.000520.
INFO - 01/15/26 18:31:15 - 0:18:49 - Running average train loss is 0.6905215692520141 at epoch 592
INFO - 01/15/26 18:31:15 - 0:18:49 - Average dev loss is 0.7687101364135742 at epoch 592
INFO - 01/15/26 18:31:16 - 0:18:49 - dev accuracy is 90.6 at epoch 592
INFO - 01/15/26 18:31:16 - 0:18:49 - dev average edit distance is 0.119 at epoch 592
INFO - 01/15/26 18:31:16 - 0:18:49 - At 593-th epoch with lr 0.000519.
INFO - 01/15/26 18:31:18 - 0:18:51 - Running average train loss is 0.6902372574806214 at epoch 593
INFO - 01/15/26 18:31:18 - 0:18:51 - At 594-th epoch with lr 0.000519.
INFO - 01/15/26 18:31:19 - 0:18:53 - Running average train loss is 0.6909914135932922 at epoch 594
INFO - 01/15/26 18:31:19 - 0:18:53 - At 595-th epoch with lr 0.000519.
INFO - 01/15/26 18:31:21 - 0:18:55 - Running average train loss is 0.6909713864326477 at epoch 595
INFO - 01/15/26 18:31:21 - 0:18:55 - At 596-th epoch with lr 0.000518.
INFO - 01/15/26 18:31:23 - 0:18:57 - Running average train loss is 0.6910945820808411 at epoch 596
INFO - 01/15/26 18:31:23 - 0:18:57 - At 597-th epoch with lr 0.000518.
INFO - 01/15/26 18:31:25 - 0:18:58 - Running average train loss is 0.690938549041748 at epoch 597
INFO - 01/15/26 18:31:25 - 0:18:58 - At 598-th epoch with lr 0.000517.
INFO - 01/15/26 18:31:27 - 0:19:00 - Running average train loss is 0.6906127882003784 at epoch 598
INFO - 01/15/26 18:31:27 - 0:19:00 - At 599-th epoch with lr 0.000517.
INFO - 01/15/26 18:31:29 - 0:19:02 - Running average train loss is 0.6912576580047607 at epoch 599
INFO - 01/15/26 18:31:29 - 0:19:02 - At 600-th epoch with lr 0.000516.
INFO - 01/15/26 18:31:30 - 0:19:04 - Running average train loss is 0.691348180770874 at epoch 600
INFO - 01/15/26 18:31:30 - 0:19:04 - At 601-th epoch with lr 0.000516.
INFO - 01/15/26 18:31:32 - 0:19:06 - Running average train loss is 0.6906693315505982 at epoch 601
INFO - 01/15/26 18:31:32 - 0:19:06 - At 602-th epoch with lr 0.000516.
INFO - 01/15/26 18:31:34 - 0:19:07 - Running average train loss is 0.690602810382843 at epoch 602
INFO - 01/15/26 18:31:34 - 0:19:07 - At 603-th epoch with lr 0.000515.
INFO - 01/15/26 18:31:36 - 0:19:09 - Running average train loss is 0.6908244419097901 at epoch 603
INFO - 01/15/26 18:31:36 - 0:19:09 - At 604-th epoch with lr 0.000515.
INFO - 01/15/26 18:31:38 - 0:19:11 - Running average train loss is 0.6909786987304688 at epoch 604
INFO - 01/15/26 18:31:38 - 0:19:11 - At 605-th epoch with lr 0.000514.
INFO - 01/15/26 18:31:39 - 0:19:13 - Running average train loss is 0.6910918641090393 at epoch 605
INFO - 01/15/26 18:31:39 - 0:19:13 - At 606-th epoch with lr 0.000514.
INFO - 01/15/26 18:31:41 - 0:19:15 - Running average train loss is 0.6909685897827148 at epoch 606
INFO - 01/15/26 18:31:41 - 0:19:15 - At 607-th epoch with lr 0.000513.
INFO - 01/15/26 18:31:43 - 0:19:17 - Running average train loss is 0.6913440322875977 at epoch 607
INFO - 01/15/26 18:31:43 - 0:19:17 - At 608-th epoch with lr 0.000513.
INFO - 01/15/26 18:31:45 - 0:19:18 - Running average train loss is 0.6908257555961609 at epoch 608
INFO - 01/15/26 18:31:45 - 0:19:18 - Average dev loss is 0.7715346217155457 at epoch 608
INFO - 01/15/26 18:31:45 - 0:19:19 - dev accuracy is 89.9 at epoch 608
INFO - 01/15/26 18:31:45 - 0:19:19 - dev average edit distance is 0.118 at epoch 608
INFO - 01/15/26 18:31:45 - 0:19:19 - At 609-th epoch with lr 0.000513.
INFO - 01/15/26 18:31:47 - 0:19:21 - Running average train loss is 0.6908429694175721 at epoch 609
INFO - 01/15/26 18:31:47 - 0:19:21 - At 610-th epoch with lr 0.000512.
INFO - 01/15/26 18:31:49 - 0:19:23 - Running average train loss is 0.6911255216598511 at epoch 610
INFO - 01/15/26 18:31:49 - 0:19:23 - At 611-th epoch with lr 0.000512.
INFO - 01/15/26 18:31:51 - 0:19:24 - Running average train loss is 0.6908590030670166 at epoch 611
INFO - 01/15/26 18:31:51 - 0:19:24 - At 612-th epoch with lr 0.000511.
INFO - 01/15/26 18:31:53 - 0:19:26 - Running average train loss is 0.6909506511688233 at epoch 612
INFO - 01/15/26 18:31:53 - 0:19:26 - At 613-th epoch with lr 0.000511.
INFO - 01/15/26 18:31:55 - 0:19:28 - Running average train loss is 0.6912763023376465 at epoch 613
INFO - 01/15/26 18:31:55 - 0:19:28 - At 614-th epoch with lr 0.000510.
INFO - 01/15/26 18:31:56 - 0:19:30 - Running average train loss is 0.6910521245002746 at epoch 614
INFO - 01/15/26 18:31:56 - 0:19:30 - At 615-th epoch with lr 0.000510.
INFO - 01/15/26 18:31:58 - 0:19:32 - Running average train loss is 0.6907001399993896 at epoch 615
INFO - 01/15/26 18:31:58 - 0:19:32 - At 616-th epoch with lr 0.000510.
INFO - 01/15/26 18:32:00 - 0:19:34 - Running average train loss is 0.691072027683258 at epoch 616
INFO - 01/15/26 18:32:00 - 0:19:34 - At 617-th epoch with lr 0.000509.
INFO - 01/15/26 18:32:02 - 0:19:35 - Running average train loss is 0.6912034630775452 at epoch 617
INFO - 01/15/26 18:32:02 - 0:19:35 - At 618-th epoch with lr 0.000509.
INFO - 01/15/26 18:32:04 - 0:19:37 - Running average train loss is 0.6906569433212281 at epoch 618
INFO - 01/15/26 18:32:04 - 0:19:37 - At 619-th epoch with lr 0.000508.
INFO - 01/15/26 18:32:05 - 0:19:39 - Running average train loss is 0.6908652424812317 at epoch 619
INFO - 01/15/26 18:32:05 - 0:19:39 - At 620-th epoch with lr 0.000508.
INFO - 01/15/26 18:32:07 - 0:19:41 - Running average train loss is 0.690794198513031 at epoch 620
INFO - 01/15/26 18:32:07 - 0:19:41 - At 621-th epoch with lr 0.000508.
INFO - 01/15/26 18:32:09 - 0:19:43 - Running average train loss is 0.6908858942985535 at epoch 621
INFO - 01/15/26 18:32:09 - 0:19:43 - At 622-th epoch with lr 0.000507.
INFO - 01/15/26 18:32:11 - 0:19:44 - Running average train loss is 0.6910998725891113 at epoch 622
INFO - 01/15/26 18:32:11 - 0:19:44 - At 623-th epoch with lr 0.000507.
INFO - 01/15/26 18:32:12 - 0:19:46 - Running average train loss is 0.69078608751297 at epoch 623
INFO - 01/15/26 18:32:12 - 0:19:46 - At 624-th epoch with lr 0.000506.
INFO - 01/15/26 18:32:14 - 0:19:48 - Running average train loss is 0.6910447525978088 at epoch 624
INFO - 01/15/26 18:32:14 - 0:19:48 - Average dev loss is 0.7780892252922058 at epoch 624
INFO - 01/15/26 18:32:15 - 0:19:48 - dev accuracy is 90.0 at epoch 624
INFO - 01/15/26 18:32:15 - 0:19:48 - dev average edit distance is 0.119 at epoch 624
INFO - 01/15/26 18:32:15 - 0:19:48 - At 625-th epoch with lr 0.000506.
INFO - 01/15/26 18:32:16 - 0:19:50 - Running average train loss is 0.6911447143554688 at epoch 625
INFO - 01/15/26 18:32:16 - 0:19:50 - At 626-th epoch with lr 0.000506.
INFO - 01/15/26 18:32:18 - 0:19:52 - Running average train loss is 0.6906020712852478 at epoch 626
INFO - 01/15/26 18:32:18 - 0:19:52 - At 627-th epoch with lr 0.000505.
INFO - 01/15/26 18:32:20 - 0:19:53 - Running average train loss is 0.6905231857299805 at epoch 627
INFO - 01/15/26 18:32:20 - 0:19:53 - At 628-th epoch with lr 0.000505.
INFO - 01/15/26 18:32:22 - 0:19:55 - Running average train loss is 0.6908206367492675 at epoch 628
INFO - 01/15/26 18:32:22 - 0:19:55 - At 629-th epoch with lr 0.000504.
INFO - 01/15/26 18:32:23 - 0:19:57 - Running average train loss is 0.6907820606231689 at epoch 629
INFO - 01/15/26 18:32:23 - 0:19:57 - At 630-th epoch with lr 0.000504.
INFO - 01/15/26 18:32:25 - 0:19:59 - Running average train loss is 0.6910592627525329 at epoch 630
INFO - 01/15/26 18:32:25 - 0:19:59 - At 631-th epoch with lr 0.000504.
INFO - 01/15/26 18:32:27 - 0:20:01 - Running average train loss is 0.6910678696632385 at epoch 631
INFO - 01/15/26 18:32:27 - 0:20:01 - At 632-th epoch with lr 0.000503.
INFO - 01/15/26 18:32:29 - 0:20:03 - Running average train loss is 0.6908374524116516 at epoch 632
INFO - 01/15/26 18:32:29 - 0:20:03 - At 633-th epoch with lr 0.000503.
INFO - 01/15/26 18:32:31 - 0:20:04 - Running average train loss is 0.6909176898002625 at epoch 633
INFO - 01/15/26 18:32:31 - 0:20:04 - At 634-th epoch with lr 0.000502.
INFO - 01/15/26 18:32:33 - 0:20:06 - Running average train loss is 0.6914771294593811 at epoch 634
INFO - 01/15/26 18:32:33 - 0:20:06 - At 635-th epoch with lr 0.000502.
INFO - 01/15/26 18:32:34 - 0:20:08 - Running average train loss is 0.6914217090606689 at epoch 635
INFO - 01/15/26 18:32:34 - 0:20:08 - At 636-th epoch with lr 0.000502.
INFO - 01/15/26 18:32:36 - 0:20:10 - Running average train loss is 0.6906962466239929 at epoch 636
INFO - 01/15/26 18:32:36 - 0:20:10 - At 637-th epoch with lr 0.000501.
INFO - 01/15/26 18:32:38 - 0:20:12 - Running average train loss is 0.690838737487793 at epoch 637
INFO - 01/15/26 18:32:38 - 0:20:12 - At 638-th epoch with lr 0.000501.
INFO - 01/15/26 18:32:40 - 0:20:13 - Running average train loss is 0.6904785823822022 at epoch 638
INFO - 01/15/26 18:32:40 - 0:20:13 - At 639-th epoch with lr 0.000500.
INFO - 01/15/26 18:32:42 - 0:20:15 - Running average train loss is 0.6911144948005676 at epoch 639
INFO - 01/15/26 18:32:42 - 0:20:15 - At 640-th epoch with lr 0.000500.
INFO - 01/15/26 18:32:43 - 0:20:17 - Running average train loss is 0.6903604769706726 at epoch 640
INFO - 01/15/26 18:32:43 - 0:20:17 - Average dev loss is 0.7736683487892151 at epoch 640
INFO - 01/15/26 18:32:44 - 0:20:17 - dev accuracy is 89.6 at epoch 640
INFO - 01/15/26 18:32:44 - 0:20:17 - dev average edit distance is 0.121 at epoch 640
INFO - 01/15/26 18:32:44 - 0:20:18 - At 641-th epoch with lr 0.000500.
INFO - 01/15/26 18:32:46 - 0:20:19 - Running average train loss is 0.6904509830474853 at epoch 641
INFO - 01/15/26 18:32:46 - 0:20:19 - At 642-th epoch with lr 0.000499.
INFO - 01/15/26 18:32:48 - 0:20:21 - Running average train loss is 0.6904507660865784 at epoch 642
INFO - 01/15/26 18:32:48 - 0:20:21 - At 643-th epoch with lr 0.000499.
INFO - 01/15/26 18:32:49 - 0:20:23 - Running average train loss is 0.6903373789787293 at epoch 643
INFO - 01/15/26 18:32:49 - 0:20:23 - At 644-th epoch with lr 0.000498.
INFO - 01/15/26 18:32:51 - 0:20:25 - Running average train loss is 0.6907852387428284 at epoch 644
INFO - 01/15/26 18:32:51 - 0:20:25 - At 645-th epoch with lr 0.000498.
INFO - 01/15/26 18:32:53 - 0:20:27 - Running average train loss is 0.6908426856994629 at epoch 645
INFO - 01/15/26 18:32:53 - 0:20:27 - At 646-th epoch with lr 0.000498.
INFO - 01/15/26 18:32:55 - 0:20:28 - Running average train loss is 0.6910063743591308 at epoch 646
INFO - 01/15/26 18:32:55 - 0:20:28 - At 647-th epoch with lr 0.000497.
INFO - 01/15/26 18:32:57 - 0:20:30 - Running average train loss is 0.6907800221443177 at epoch 647
INFO - 01/15/26 18:32:57 - 0:20:30 - At 648-th epoch with lr 0.000497.
INFO - 01/15/26 18:32:58 - 0:20:32 - Running average train loss is 0.6907719612121582 at epoch 648
INFO - 01/15/26 18:32:58 - 0:20:32 - At 649-th epoch with lr 0.000497.
INFO - 01/15/26 18:33:00 - 0:20:33 - Running average train loss is 0.6901427125930786 at epoch 649
INFO - 01/15/26 18:33:00 - 0:20:33 - At 650-th epoch with lr 0.000496.
INFO - 01/15/26 18:33:02 - 0:20:35 - Running average train loss is 0.6905114626884461 at epoch 650
INFO - 01/15/26 18:33:02 - 0:20:35 - At 651-th epoch with lr 0.000496.
INFO - 01/15/26 18:33:03 - 0:20:37 - Running average train loss is 0.6913732933998108 at epoch 651
INFO - 01/15/26 18:33:03 - 0:20:37 - At 652-th epoch with lr 0.000495.
INFO - 01/15/26 18:33:05 - 0:20:39 - Running average train loss is 0.690844919681549 at epoch 652
INFO - 01/15/26 18:33:05 - 0:20:39 - At 653-th epoch with lr 0.000495.
INFO - 01/15/26 18:33:07 - 0:20:40 - Running average train loss is 0.6905891084671021 at epoch 653
INFO - 01/15/26 18:33:07 - 0:20:40 - At 654-th epoch with lr 0.000495.
INFO - 01/15/26 18:33:09 - 0:20:42 - Running average train loss is 0.6912315678596497 at epoch 654
INFO - 01/15/26 18:33:09 - 0:20:42 - At 655-th epoch with lr 0.000494.
INFO - 01/15/26 18:33:11 - 0:20:44 - Running average train loss is 0.6907272171974183 at epoch 655
INFO - 01/15/26 18:33:11 - 0:20:44 - At 656-th epoch with lr 0.000494.
INFO - 01/15/26 18:33:12 - 0:20:46 - Running average train loss is 0.6912159705162049 at epoch 656
INFO - 01/15/26 18:33:12 - 0:20:46 - Average dev loss is 0.7759958902994791 at epoch 656
INFO - 01/15/26 18:33:13 - 0:20:46 - dev accuracy is 89.9 at epoch 656
INFO - 01/15/26 18:33:13 - 0:20:46 - dev average edit distance is 0.116 at epoch 656
INFO - 01/15/26 18:33:13 - 0:20:47 - At 657-th epoch with lr 0.000493.
INFO - 01/15/26 18:33:15 - 0:20:48 - Running average train loss is 0.6906088042259216 at epoch 657
INFO - 01/15/26 18:33:15 - 0:20:48 - At 658-th epoch with lr 0.000493.
INFO - 01/15/26 18:33:17 - 0:20:51 - Running average train loss is 0.6900958991050721 at epoch 658
INFO - 01/15/26 18:33:17 - 0:20:51 - At 659-th epoch with lr 0.000493.
INFO - 01/15/26 18:33:19 - 0:20:52 - Running average train loss is 0.690426139831543 at epoch 659
INFO - 01/15/26 18:33:19 - 0:20:52 - At 660-th epoch with lr 0.000492.
INFO - 01/15/26 18:33:21 - 0:20:54 - Running average train loss is 0.6905221104621887 at epoch 660
INFO - 01/15/26 18:33:21 - 0:20:54 - At 661-th epoch with lr 0.000492.
INFO - 01/15/26 18:33:22 - 0:20:56 - Running average train loss is 0.6905023312568664 at epoch 661
INFO - 01/15/26 18:33:22 - 0:20:56 - At 662-th epoch with lr 0.000492.
INFO - 01/15/26 18:33:24 - 0:20:58 - Running average train loss is 0.6909571981430054 at epoch 662
INFO - 01/15/26 18:33:24 - 0:20:58 - At 663-th epoch with lr 0.000491.
INFO - 01/15/26 18:33:26 - 0:20:59 - Running average train loss is 0.6904773426055908 at epoch 663
INFO - 01/15/26 18:33:26 - 0:20:59 - At 664-th epoch with lr 0.000491.
INFO - 01/15/26 18:33:28 - 0:21:01 - Running average train loss is 0.6903464579582215 at epoch 664
INFO - 01/15/26 18:33:28 - 0:21:01 - At 665-th epoch with lr 0.000491.
INFO - 01/15/26 18:33:29 - 0:21:03 - Running average train loss is 0.6907655477523804 at epoch 665
INFO - 01/15/26 18:33:29 - 0:21:03 - At 666-th epoch with lr 0.000490.
INFO - 01/15/26 18:33:31 - 0:21:05 - Running average train loss is 0.6905915760993957 at epoch 666
INFO - 01/15/26 18:33:31 - 0:21:05 - At 667-th epoch with lr 0.000490.
INFO - 01/15/26 18:33:33 - 0:21:07 - Running average train loss is 0.6904903769493103 at epoch 667
INFO - 01/15/26 18:33:33 - 0:21:07 - At 668-th epoch with lr 0.000489.
INFO - 01/15/26 18:33:35 - 0:21:09 - Running average train loss is 0.6908095121383667 at epoch 668
INFO - 01/15/26 18:33:35 - 0:21:09 - At 669-th epoch with lr 0.000489.
INFO - 01/15/26 18:33:37 - 0:21:10 - Running average train loss is 0.6909667086601258 at epoch 669
INFO - 01/15/26 18:33:37 - 0:21:10 - At 670-th epoch with lr 0.000489.
INFO - 01/15/26 18:33:39 - 0:21:12 - Running average train loss is 0.6906407928466797 at epoch 670
INFO - 01/15/26 18:33:39 - 0:21:12 - At 671-th epoch with lr 0.000488.
INFO - 01/15/26 18:33:41 - 0:21:14 - Running average train loss is 0.6903740930557251 at epoch 671
INFO - 01/15/26 18:33:41 - 0:21:14 - At 672-th epoch with lr 0.000488.
INFO - 01/15/26 18:33:42 - 0:21:16 - Running average train loss is 0.6906146240234375 at epoch 672
INFO - 01/15/26 18:33:43 - 0:21:16 - Average dev loss is 0.7530659834543864 at epoch 672
INFO - 01/15/26 18:33:43 - 0:21:17 - dev accuracy is 91.9 at epoch 672
INFO - 01/15/26 18:33:43 - 0:21:17 - dev average edit distance is 0.087 at epoch 672
INFO - 01/15/26 18:33:43 - 0:21:17 - At 673-th epoch with lr 0.000488.
INFO - 01/15/26 18:33:45 - 0:21:19 - Running average train loss is 0.6908365464210511 at epoch 673
INFO - 01/15/26 18:33:45 - 0:21:19 - At 674-th epoch with lr 0.000487.
INFO - 01/15/26 18:33:47 - 0:21:20 - Running average train loss is 0.6905659365653992 at epoch 674
INFO - 01/15/26 18:33:47 - 0:21:20 - At 675-th epoch with lr 0.000487.
INFO - 01/15/26 18:33:49 - 0:21:22 - Running average train loss is 0.6906855249404907 at epoch 675
INFO - 01/15/26 18:33:49 - 0:21:22 - At 676-th epoch with lr 0.000487.
INFO - 01/15/26 18:33:50 - 0:21:24 - Running average train loss is 0.6905892872810364 at epoch 676
INFO - 01/15/26 18:33:50 - 0:21:24 - At 677-th epoch with lr 0.000486.
INFO - 01/15/26 18:33:52 - 0:21:26 - Running average train loss is 0.6904721879959106 at epoch 677
INFO - 01/15/26 18:33:52 - 0:21:26 - At 678-th epoch with lr 0.000486.
INFO - 01/15/26 18:33:54 - 0:21:28 - Running average train loss is 0.6910320925712585 at epoch 678
INFO - 01/15/26 18:33:54 - 0:21:28 - At 679-th epoch with lr 0.000485.
INFO - 01/15/26 18:33:56 - 0:21:29 - Running average train loss is 0.6913011002540589 at epoch 679
INFO - 01/15/26 18:33:56 - 0:21:29 - At 680-th epoch with lr 0.000485.
INFO - 01/15/26 18:33:58 - 0:21:31 - Running average train loss is 0.6909898710250855 at epoch 680
INFO - 01/15/26 18:33:58 - 0:21:31 - At 681-th epoch with lr 0.000485.
INFO - 01/15/26 18:33:59 - 0:21:33 - Running average train loss is 0.6906352663040161 at epoch 681
INFO - 01/15/26 18:33:59 - 0:21:33 - At 682-th epoch with lr 0.000484.
INFO - 01/15/26 18:34:01 - 0:21:35 - Running average train loss is 0.6903343033790589 at epoch 682
INFO - 01/15/26 18:34:01 - 0:21:35 - At 683-th epoch with lr 0.000484.
INFO - 01/15/26 18:34:03 - 0:21:37 - Running average train loss is 0.6906420373916626 at epoch 683
INFO - 01/15/26 18:34:03 - 0:21:37 - At 684-th epoch with lr 0.000484.
INFO - 01/15/26 18:34:05 - 0:21:38 - Running average train loss is 0.6905222010612487 at epoch 684
INFO - 01/15/26 18:34:05 - 0:21:38 - At 685-th epoch with lr 0.000483.
INFO - 01/15/26 18:34:07 - 0:21:40 - Running average train loss is 0.6903453707695008 at epoch 685
INFO - 01/15/26 18:34:07 - 0:21:40 - At 686-th epoch with lr 0.000483.
INFO - 01/15/26 18:34:08 - 0:21:42 - Running average train loss is 0.6902809357643127 at epoch 686
INFO - 01/15/26 18:34:08 - 0:21:42 - At 687-th epoch with lr 0.000483.
INFO - 01/15/26 18:34:10 - 0:21:44 - Running average train loss is 0.6900737428665161 at epoch 687
INFO - 01/15/26 18:34:10 - 0:21:44 - At 688-th epoch with lr 0.000482.
INFO - 01/15/26 18:34:12 - 0:21:46 - Running average train loss is 0.6902031302452087 at epoch 688
INFO - 01/15/26 18:34:12 - 0:21:46 - Average dev loss is 0.7644057075182596 at epoch 688
INFO - 01/15/26 18:34:13 - 0:21:46 - dev accuracy is 90.1 at epoch 688
INFO - 01/15/26 18:34:13 - 0:21:46 - dev average edit distance is 0.131 at epoch 688
INFO - 01/15/26 18:34:13 - 0:21:46 - At 689-th epoch with lr 0.000482.
INFO - 01/15/26 18:34:15 - 0:21:48 - Running average train loss is 0.6903251504898071 at epoch 689
INFO - 01/15/26 18:34:15 - 0:21:48 - At 690-th epoch with lr 0.000482.
INFO - 01/15/26 18:34:16 - 0:21:50 - Running average train loss is 0.6904289579391479 at epoch 690
INFO - 01/15/26 18:34:16 - 0:21:50 - At 691-th epoch with lr 0.000481.
INFO - 01/15/26 18:34:18 - 0:21:52 - Running average train loss is 0.6902177667617798 at epoch 691
INFO - 01/15/26 18:34:18 - 0:21:52 - At 692-th epoch with lr 0.000481.
INFO - 01/15/26 18:34:20 - 0:21:53 - Running average train loss is 0.6909789443016052 at epoch 692
INFO - 01/15/26 18:34:20 - 0:21:53 - At 693-th epoch with lr 0.000480.
INFO - 01/15/26 18:34:22 - 0:21:55 - Running average train loss is 0.6905144453048706 at epoch 693
INFO - 01/15/26 18:34:22 - 0:21:55 - At 694-th epoch with lr 0.000480.
INFO - 01/15/26 18:34:23 - 0:21:57 - Running average train loss is 0.6908116579055786 at epoch 694
INFO - 01/15/26 18:34:23 - 0:21:57 - At 695-th epoch with lr 0.000480.
INFO - 01/15/26 18:34:25 - 0:21:59 - Running average train loss is 0.6906569004058838 at epoch 695
INFO - 01/15/26 18:34:25 - 0:21:59 - At 696-th epoch with lr 0.000479.
INFO - 01/15/26 18:34:27 - 0:22:01 - Running average train loss is 0.6906547021865844 at epoch 696
INFO - 01/15/26 18:34:27 - 0:22:01 - At 697-th epoch with lr 0.000479.
INFO - 01/15/26 18:34:29 - 0:22:03 - Running average train loss is 0.6906809997558594 at epoch 697
INFO - 01/15/26 18:34:29 - 0:22:03 - At 698-th epoch with lr 0.000479.
INFO - 01/15/26 18:34:31 - 0:22:04 - Running average train loss is 0.6904584741592408 at epoch 698
INFO - 01/15/26 18:34:31 - 0:22:04 - At 699-th epoch with lr 0.000478.
INFO - 01/15/26 18:34:33 - 0:22:06 - Running average train loss is 0.6902335691452026 at epoch 699
INFO - 01/15/26 18:34:33 - 0:22:06 - At 700-th epoch with lr 0.000478.
INFO - 01/15/26 18:34:34 - 0:22:08 - Running average train loss is 0.6899969935417175 at epoch 700
INFO - 01/15/26 18:34:34 - 0:22:08 - At 701-th epoch with lr 0.000478.
INFO - 01/15/26 18:34:36 - 0:22:10 - Running average train loss is 0.6901672673225403 at epoch 701
INFO - 01/15/26 18:34:36 - 0:22:10 - At 702-th epoch with lr 0.000477.
INFO - 01/15/26 18:34:38 - 0:22:12 - Running average train loss is 0.690708224773407 at epoch 702
INFO - 01/15/26 18:34:38 - 0:22:12 - At 703-th epoch with lr 0.000477.
INFO - 01/15/26 18:34:40 - 0:22:14 - Running average train loss is 0.6901275157928467 at epoch 703
INFO - 01/15/26 18:34:40 - 0:22:14 - At 704-th epoch with lr 0.000477.
INFO - 01/15/26 18:34:42 - 0:22:15 - Running average train loss is 0.6901873826980591 at epoch 704
INFO - 01/15/26 18:34:42 - 0:22:15 - Average dev loss is 0.7653491099675497 at epoch 704
INFO - 01/15/26 18:34:42 - 0:22:16 - dev accuracy is 89.6 at epoch 704
INFO - 01/15/26 18:34:42 - 0:22:16 - dev average edit distance is 0.126 at epoch 704
INFO - 01/15/26 18:34:43 - 0:22:16 - At 705-th epoch with lr 0.000476.
INFO - 01/15/26 18:34:44 - 0:22:18 - Running average train loss is 0.6902558946609497 at epoch 705
INFO - 01/15/26 18:34:44 - 0:22:18 - At 706-th epoch with lr 0.000476.
INFO - 01/15/26 18:34:46 - 0:22:20 - Running average train loss is 0.6904496359825134 at epoch 706
INFO - 01/15/26 18:34:46 - 0:22:20 - At 707-th epoch with lr 0.000476.
INFO - 01/15/26 18:34:48 - 0:22:22 - Running average train loss is 0.6903610038757324 at epoch 707
INFO - 01/15/26 18:34:48 - 0:22:22 - At 708-th epoch with lr 0.000475.
INFO - 01/15/26 18:34:50 - 0:22:23 - Running average train loss is 0.6905131340026855 at epoch 708
INFO - 01/15/26 18:34:50 - 0:22:23 - At 709-th epoch with lr 0.000475.
INFO - 01/15/26 18:34:52 - 0:22:25 - Running average train loss is 0.6904264855384826 at epoch 709
INFO - 01/15/26 18:34:52 - 0:22:25 - At 710-th epoch with lr 0.000475.
INFO - 01/15/26 18:34:53 - 0:22:27 - Running average train loss is 0.6903656387329101 at epoch 710
INFO - 01/15/26 18:34:53 - 0:22:27 - At 711-th epoch with lr 0.000474.
INFO - 01/15/26 18:34:55 - 0:22:29 - Running average train loss is 0.6907191801071167 at epoch 711
INFO - 01/15/26 18:34:55 - 0:22:29 - At 712-th epoch with lr 0.000474.
INFO - 01/15/26 18:34:57 - 0:22:31 - Running average train loss is 0.6904548645019531 at epoch 712
INFO - 01/15/26 18:34:57 - 0:22:31 - At 713-th epoch with lr 0.000474.
INFO - 01/15/26 18:34:59 - 0:22:33 - Running average train loss is 0.6903290462493896 at epoch 713
INFO - 01/15/26 18:34:59 - 0:22:33 - At 714-th epoch with lr 0.000473.
INFO - 01/15/26 18:35:01 - 0:22:34 - Running average train loss is 0.6900011920928955 at epoch 714
INFO - 01/15/26 18:35:01 - 0:22:34 - At 715-th epoch with lr 0.000473.
INFO - 01/15/26 18:35:03 - 0:22:36 - Running average train loss is 0.6901160097122192 at epoch 715
INFO - 01/15/26 18:35:03 - 0:22:36 - At 716-th epoch with lr 0.000473.
INFO - 01/15/26 18:35:05 - 0:22:38 - Running average train loss is 0.6900816607475281 at epoch 716
INFO - 01/15/26 18:35:05 - 0:22:38 - At 717-th epoch with lr 0.000472.
INFO - 01/15/26 18:35:06 - 0:22:40 - Running average train loss is 0.69035329580307 at epoch 717
INFO - 01/15/26 18:35:06 - 0:22:40 - At 718-th epoch with lr 0.000472.
INFO - 01/15/26 18:35:08 - 0:22:42 - Running average train loss is 0.6905094170570374 at epoch 718
INFO - 01/15/26 18:35:08 - 0:22:42 - At 719-th epoch with lr 0.000472.
INFO - 01/15/26 18:35:10 - 0:22:44 - Running average train loss is 0.6903434729576111 at epoch 719
INFO - 01/15/26 18:35:10 - 0:22:44 - At 720-th epoch with lr 0.000471.
INFO - 01/15/26 18:35:12 - 0:22:45 - Running average train loss is 0.6903462338447571 at epoch 720
INFO - 01/15/26 18:35:12 - 0:22:45 - Average dev loss is 0.7405510942141215 at epoch 720
INFO - 01/15/26 18:35:12 - 0:22:46 - dev accuracy is 92.3 at epoch 720
INFO - 01/15/26 18:35:12 - 0:22:46 - dev average edit distance is 0.094 at epoch 720
INFO - 01/15/26 18:35:12 - 0:22:46 - At 721-th epoch with lr 0.000471.
INFO - 01/15/26 18:35:14 - 0:22:48 - Running average train loss is 0.6904635620117188 at epoch 721
INFO - 01/15/26 18:35:14 - 0:22:48 - At 722-th epoch with lr 0.000471.
INFO - 01/15/26 18:35:16 - 0:22:50 - Running average train loss is 0.6902682876586914 at epoch 722
INFO - 01/15/26 18:35:16 - 0:22:50 - At 723-th epoch with lr 0.000470.
INFO - 01/15/26 18:35:18 - 0:22:51 - Running average train loss is 0.6904154300689698 at epoch 723
INFO - 01/15/26 18:35:18 - 0:22:51 - At 724-th epoch with lr 0.000470.
INFO - 01/15/26 18:35:20 - 0:22:53 - Running average train loss is 0.6900134873390198 at epoch 724
INFO - 01/15/26 18:35:20 - 0:22:53 - At 725-th epoch with lr 0.000470.
INFO - 01/15/26 18:35:21 - 0:22:55 - Running average train loss is 0.6896322846412659 at epoch 725
INFO - 01/15/26 18:35:21 - 0:22:55 - At 726-th epoch with lr 0.000469.
INFO - 01/15/26 18:35:23 - 0:22:57 - Running average train loss is 0.6903282046318054 at epoch 726
INFO - 01/15/26 18:35:23 - 0:22:57 - At 727-th epoch with lr 0.000469.
INFO - 01/15/26 18:35:25 - 0:22:59 - Running average train loss is 0.690387179851532 at epoch 727
INFO - 01/15/26 18:35:25 - 0:22:59 - At 728-th epoch with lr 0.000469.
INFO - 01/15/26 18:35:27 - 0:23:00 - Running average train loss is 0.6898995232582092 at epoch 728
INFO - 01/15/26 18:35:27 - 0:23:00 - At 729-th epoch with lr 0.000468.
INFO - 01/15/26 18:35:29 - 0:23:02 - Running average train loss is 0.690245065689087 at epoch 729
INFO - 01/15/26 18:35:29 - 0:23:02 - At 730-th epoch with lr 0.000468.
INFO - 01/15/26 18:35:31 - 0:23:04 - Running average train loss is 0.6905833745002746 at epoch 730
INFO - 01/15/26 18:35:31 - 0:23:04 - At 731-th epoch with lr 0.000468.
INFO - 01/15/26 18:35:32 - 0:23:06 - Running average train loss is 0.6905300688743591 at epoch 731
INFO - 01/15/26 18:35:32 - 0:23:06 - At 732-th epoch with lr 0.000468.
INFO - 01/15/26 18:35:34 - 0:23:08 - Running average train loss is 0.6905249929428101 at epoch 732
INFO - 01/15/26 18:35:34 - 0:23:08 - At 733-th epoch with lr 0.000467.
INFO - 01/15/26 18:35:36 - 0:23:10 - Running average train loss is 0.6899716019630432 at epoch 733
INFO - 01/15/26 18:35:36 - 0:23:10 - At 734-th epoch with lr 0.000467.
INFO - 01/15/26 18:35:38 - 0:23:11 - Running average train loss is 0.6908148312568665 at epoch 734
INFO - 01/15/26 18:35:38 - 0:23:11 - At 735-th epoch with lr 0.000467.
INFO - 01/15/26 18:35:40 - 0:23:13 - Running average train loss is 0.6906066060066223 at epoch 735
INFO - 01/15/26 18:35:40 - 0:23:13 - At 736-th epoch with lr 0.000466.
INFO - 01/15/26 18:35:42 - 0:23:15 - Running average train loss is 0.6902970290184021 at epoch 736
INFO - 01/15/26 18:35:42 - 0:23:15 - Average dev loss is 0.7674323121706644 at epoch 736
INFO - 01/15/26 18:35:42 - 0:23:16 - dev accuracy is 90.2 at epoch 736
INFO - 01/15/26 18:35:42 - 0:23:16 - dev average edit distance is 0.12 at epoch 736
INFO - 01/15/26 18:35:42 - 0:23:16 - At 737-th epoch with lr 0.000466.
INFO - 01/15/26 18:35:44 - 0:23:18 - Running average train loss is 0.6903498125076294 at epoch 737
INFO - 01/15/26 18:35:44 - 0:23:18 - At 738-th epoch with lr 0.000466.
INFO - 01/15/26 18:35:46 - 0:23:19 - Running average train loss is 0.6906317496299743 at epoch 738
INFO - 01/15/26 18:35:46 - 0:23:19 - At 739-th epoch with lr 0.000465.
INFO - 01/15/26 18:35:48 - 0:23:21 - Running average train loss is 0.6904035258293152 at epoch 739
INFO - 01/15/26 18:35:48 - 0:23:21 - At 740-th epoch with lr 0.000465.
INFO - 01/15/26 18:35:50 - 0:23:23 - Running average train loss is 0.6902251219749451 at epoch 740
INFO - 01/15/26 18:35:50 - 0:23:23 - At 741-th epoch with lr 0.000465.
INFO - 01/15/26 18:35:51 - 0:23:25 - Running average train loss is 0.6904795384407043 at epoch 741
INFO - 01/15/26 18:35:51 - 0:23:25 - At 742-th epoch with lr 0.000464.
INFO - 01/15/26 18:35:53 - 0:23:27 - Running average train loss is 0.6904404330253601 at epoch 742
INFO - 01/15/26 18:35:53 - 0:23:27 - At 743-th epoch with lr 0.000464.
INFO - 01/15/26 18:35:55 - 0:23:29 - Running average train loss is 0.6904328608512879 at epoch 743
INFO - 01/15/26 18:35:55 - 0:23:29 - At 744-th epoch with lr 0.000464.
INFO - 01/15/26 18:35:57 - 0:23:30 - Running average train loss is 0.6900307297706604 at epoch 744
INFO - 01/15/26 18:35:57 - 0:23:30 - At 745-th epoch with lr 0.000463.
INFO - 01/15/26 18:35:59 - 0:23:32 - Running average train loss is 0.6902892088890076 at epoch 745
INFO - 01/15/26 18:35:59 - 0:23:32 - At 746-th epoch with lr 0.000463.
INFO - 01/15/26 18:36:00 - 0:23:34 - Running average train loss is 0.6903477478027343 at epoch 746
INFO - 01/15/26 18:36:00 - 0:23:34 - At 747-th epoch with lr 0.000463.
INFO - 01/15/26 18:36:02 - 0:23:36 - Running average train loss is 0.6903144788742065 at epoch 747
INFO - 01/15/26 18:36:02 - 0:23:36 - At 748-th epoch with lr 0.000462.
INFO - 01/15/26 18:36:04 - 0:23:38 - Running average train loss is 0.6903583478927612 at epoch 748
INFO - 01/15/26 18:36:04 - 0:23:38 - At 749-th epoch with lr 0.000462.
INFO - 01/15/26 18:36:06 - 0:23:39 - Running average train loss is 0.6904480385780335 at epoch 749
INFO - 01/15/26 18:36:06 - 0:23:39 - At 750-th epoch with lr 0.000462.
INFO - 01/15/26 18:36:08 - 0:23:41 - Running average train loss is 0.6903471517562866 at epoch 750
INFO - 01/15/26 18:36:08 - 0:23:41 - At 751-th epoch with lr 0.000462.
INFO - 01/15/26 18:36:09 - 0:23:43 - Running average train loss is 0.6902344536781311 at epoch 751
INFO - 01/15/26 18:36:09 - 0:23:43 - At 752-th epoch with lr 0.000461.
INFO - 01/15/26 18:36:11 - 0:23:45 - Running average train loss is 0.690222418308258 at epoch 752
INFO - 01/15/26 18:36:11 - 0:23:45 - Average dev loss is 0.7653759916623434 at epoch 752
INFO - 01/15/26 18:36:12 - 0:23:45 - dev accuracy is 91.6 at epoch 752
INFO - 01/15/26 18:36:12 - 0:23:45 - dev average edit distance is 0.092 at epoch 752
INFO - 01/15/26 18:36:12 - 0:23:45 - At 753-th epoch with lr 0.000461.
INFO - 01/15/26 18:36:14 - 0:23:47 - Running average train loss is 0.6901392149925232 at epoch 753
INFO - 01/15/26 18:36:14 - 0:23:47 - At 754-th epoch with lr 0.000461.
INFO - 01/15/26 18:36:16 - 0:23:49 - Running average train loss is 0.6899079823493958 at epoch 754
INFO - 01/15/26 18:36:16 - 0:23:49 - At 755-th epoch with lr 0.000460.
INFO - 01/15/26 18:36:18 - 0:23:51 - Running average train loss is 0.6902467608451843 at epoch 755
INFO - 01/15/26 18:36:18 - 0:23:51 - At 756-th epoch with lr 0.000460.
INFO - 01/15/26 18:36:19 - 0:23:53 - Running average train loss is 0.6898825979232788 at epoch 756
INFO - 01/15/26 18:36:19 - 0:23:53 - At 757-th epoch with lr 0.000460.
INFO - 01/15/26 18:36:21 - 0:23:55 - Running average train loss is 0.6900776743888855 at epoch 757
INFO - 01/15/26 18:36:21 - 0:23:55 - At 758-th epoch with lr 0.000459.
INFO - 01/15/26 18:36:23 - 0:23:57 - Running average train loss is 0.6902925181388855 at epoch 758
INFO - 01/15/26 18:36:23 - 0:23:57 - At 759-th epoch with lr 0.000459.
INFO - 01/15/26 18:36:25 - 0:23:58 - Running average train loss is 0.6901851534843445 at epoch 759
INFO - 01/15/26 18:36:25 - 0:23:58 - At 760-th epoch with lr 0.000459.
INFO - 01/15/26 18:36:27 - 0:24:00 - Running average train loss is 0.6899514436721802 at epoch 760
INFO - 01/15/26 18:36:27 - 0:24:00 - At 761-th epoch with lr 0.000459.
INFO - 01/15/26 18:36:28 - 0:24:02 - Running average train loss is 0.6902234888076783 at epoch 761
INFO - 01/15/26 18:36:28 - 0:24:02 - At 762-th epoch with lr 0.000458.
INFO - 01/15/26 18:36:30 - 0:24:04 - Running average train loss is 0.6907670950889587 at epoch 762
INFO - 01/15/26 18:36:30 - 0:24:04 - At 763-th epoch with lr 0.000458.
INFO - 01/15/26 18:36:32 - 0:24:06 - Running average train loss is 0.6901420950889587 at epoch 763
INFO - 01/15/26 18:36:32 - 0:24:06 - At 764-th epoch with lr 0.000458.
INFO - 01/15/26 18:36:34 - 0:24:07 - Running average train loss is 0.69045560836792 at epoch 764
INFO - 01/15/26 18:36:34 - 0:24:07 - At 765-th epoch with lr 0.000457.
INFO - 01/15/26 18:36:36 - 0:24:09 - Running average train loss is 0.6905759763717652 at epoch 765
INFO - 01/15/26 18:36:36 - 0:24:09 - At 766-th epoch with lr 0.000457.
INFO - 01/15/26 18:36:38 - 0:24:11 - Running average train loss is 0.6907614135742187 at epoch 766
INFO - 01/15/26 18:36:38 - 0:24:11 - At 767-th epoch with lr 0.000457.
INFO - 01/15/26 18:36:39 - 0:24:13 - Running average train loss is 0.6902002811431884 at epoch 767
INFO - 01/15/26 18:36:39 - 0:24:13 - At 768-th epoch with lr 0.000456.
INFO - 01/15/26 18:36:41 - 0:24:15 - Running average train loss is 0.6903108596801758 at epoch 768
INFO - 01/15/26 18:36:41 - 0:24:15 - Average dev loss is 0.7656902273495992 at epoch 768
INFO - 01/15/26 18:36:42 - 0:24:15 - dev accuracy is 90.5 at epoch 768
INFO - 01/15/26 18:36:42 - 0:24:15 - dev average edit distance is 0.11 at epoch 768
INFO - 01/15/26 18:36:42 - 0:24:15 - At 769-th epoch with lr 0.000456.
INFO - 01/15/26 18:36:44 - 0:24:17 - Running average train loss is 0.6900184679031373 at epoch 769
INFO - 01/15/26 18:36:44 - 0:24:17 - At 770-th epoch with lr 0.000456.
INFO - 01/15/26 18:36:46 - 0:24:19 - Running average train loss is 0.6906592655181885 at epoch 770
INFO - 01/15/26 18:36:46 - 0:24:19 - At 771-th epoch with lr 0.000456.
INFO - 01/15/26 18:36:47 - 0:24:21 - Running average train loss is 0.690198450088501 at epoch 771
INFO - 01/15/26 18:36:47 - 0:24:21 - At 772-th epoch with lr 0.000455.
INFO - 01/15/26 18:36:49 - 0:24:23 - Running average train loss is 0.6901416945457458 at epoch 772
INFO - 01/15/26 18:36:49 - 0:24:23 - At 773-th epoch with lr 0.000455.
INFO - 01/15/26 18:36:51 - 0:24:25 - Running average train loss is 0.6904950475692749 at epoch 773
INFO - 01/15/26 18:36:51 - 0:24:25 - At 774-th epoch with lr 0.000455.
INFO - 01/15/26 18:36:53 - 0:24:26 - Running average train loss is 0.6900561356544495 at epoch 774
INFO - 01/15/26 18:36:53 - 0:24:26 - At 775-th epoch with lr 0.000454.
INFO - 01/15/26 18:36:55 - 0:24:28 - Running average train loss is 0.6903367042541504 at epoch 775
INFO - 01/15/26 18:36:55 - 0:24:28 - At 776-th epoch with lr 0.000454.
INFO - 01/15/26 18:36:56 - 0:24:30 - Running average train loss is 0.6906555700302124 at epoch 776
INFO - 01/15/26 18:36:56 - 0:24:30 - At 777-th epoch with lr 0.000454.
INFO - 01/15/26 18:36:58 - 0:24:32 - Running average train loss is 0.6903232622146607 at epoch 777
INFO - 01/15/26 18:36:58 - 0:24:32 - At 778-th epoch with lr 0.000453.
INFO - 01/15/26 18:37:00 - 0:24:34 - Running average train loss is 0.6903767585754395 at epoch 778
INFO - 01/15/26 18:37:00 - 0:24:34 - At 779-th epoch with lr 0.000453.
INFO - 01/15/26 18:37:02 - 0:24:35 - Running average train loss is 0.6901939296722412 at epoch 779
INFO - 01/15/26 18:37:02 - 0:24:35 - At 780-th epoch with lr 0.000453.
INFO - 01/15/26 18:37:04 - 0:24:37 - Running average train loss is 0.6906683874130249 at epoch 780
INFO - 01/15/26 18:37:04 - 0:24:37 - At 781-th epoch with lr 0.000453.
INFO - 01/15/26 18:37:05 - 0:24:39 - Running average train loss is 0.6905435752868653 at epoch 781
INFO - 01/15/26 18:37:05 - 0:24:39 - At 782-th epoch with lr 0.000452.
INFO - 01/15/26 18:37:07 - 0:24:41 - Running average train loss is 0.6898706722259521 at epoch 782
INFO - 01/15/26 18:37:07 - 0:24:41 - At 783-th epoch with lr 0.000452.
INFO - 01/15/26 18:37:09 - 0:24:42 - Running average train loss is 0.6896987795829773 at epoch 783
INFO - 01/15/26 18:37:09 - 0:24:42 - At 784-th epoch with lr 0.000452.
INFO - 01/15/26 18:37:11 - 0:24:44 - Running average train loss is 0.6900510096549988 at epoch 784
INFO - 01/15/26 18:37:11 - 0:24:44 - Average dev loss is 0.7658227483431498 at epoch 784
INFO - 01/15/26 18:37:11 - 0:24:45 - dev accuracy is 90.4 at epoch 784
INFO - 01/15/26 18:37:11 - 0:24:45 - dev average edit distance is 0.102 at epoch 784
INFO - 01/15/26 18:37:11 - 0:24:45 - At 785-th epoch with lr 0.000451.
INFO - 01/15/26 18:37:13 - 0:24:47 - Running average train loss is 0.6897365474700927 at epoch 785
INFO - 01/15/26 18:37:13 - 0:24:47 - At 786-th epoch with lr 0.000451.
INFO - 01/15/26 18:37:15 - 0:24:48 - Running average train loss is 0.6897544574737549 at epoch 786
INFO - 01/15/26 18:37:15 - 0:24:48 - At 787-th epoch with lr 0.000451.
INFO - 01/15/26 18:37:17 - 0:24:50 - Running average train loss is 0.6895437669754029 at epoch 787
INFO - 01/15/26 18:37:17 - 0:24:50 - At 788-th epoch with lr 0.000451.
INFO - 01/15/26 18:37:18 - 0:24:52 - Running average train loss is 0.6899852514266968 at epoch 788
INFO - 01/15/26 18:37:18 - 0:24:52 - At 789-th epoch with lr 0.000450.
INFO - 01/15/26 18:37:20 - 0:24:54 - Running average train loss is 0.6905480313301087 at epoch 789
INFO - 01/15/26 18:37:20 - 0:24:54 - At 790-th epoch with lr 0.000450.
INFO - 01/15/26 18:37:22 - 0:24:56 - Running average train loss is 0.690118670463562 at epoch 790
INFO - 01/15/26 18:37:22 - 0:24:56 - At 791-th epoch with lr 0.000450.
INFO - 01/15/26 18:37:24 - 0:24:57 - Running average train loss is 0.6899231624603271 at epoch 791
INFO - 01/15/26 18:37:24 - 0:24:57 - At 792-th epoch with lr 0.000449.
INFO - 01/15/26 18:37:26 - 0:24:59 - Running average train loss is 0.6901903915405273 at epoch 792
INFO - 01/15/26 18:37:26 - 0:24:59 - At 793-th epoch with lr 0.000449.
INFO - 01/15/26 18:37:28 - 0:25:01 - Running average train loss is 0.6900434446334839 at epoch 793
INFO - 01/15/26 18:37:28 - 0:25:01 - At 794-th epoch with lr 0.000449.
INFO - 01/15/26 18:37:29 - 0:25:03 - Running average train loss is 0.690138111114502 at epoch 794
INFO - 01/15/26 18:37:29 - 0:25:03 - At 795-th epoch with lr 0.000449.
INFO - 01/15/26 18:37:31 - 0:25:05 - Running average train loss is 0.6901840329170227 at epoch 795
INFO - 01/15/26 18:37:31 - 0:25:05 - At 796-th epoch with lr 0.000448.
INFO - 01/15/26 18:37:33 - 0:25:07 - Running average train loss is 0.6899292230606079 at epoch 796
INFO - 01/15/26 18:37:33 - 0:25:07 - At 797-th epoch with lr 0.000448.
INFO - 01/15/26 18:37:35 - 0:25:08 - Running average train loss is 0.690173773765564 at epoch 797
INFO - 01/15/26 18:37:35 - 0:25:08 - At 798-th epoch with lr 0.000448.
INFO - 01/15/26 18:37:37 - 0:25:10 - Running average train loss is 0.6900644516944885 at epoch 798
INFO - 01/15/26 18:37:37 - 0:25:10 - At 799-th epoch with lr 0.000447.
INFO - 01/15/26 18:37:38 - 0:25:12 - Running average train loss is 0.6899814915657043 at epoch 799
INFO - 01/15/26 18:37:38 - 0:25:12 - Average dev loss is 0.7685829997062683 at epoch 799
INFO - 01/15/26 18:37:39 - 0:25:13 - dev accuracy is 90.2 at epoch 799
INFO - 01/15/26 18:37:39 - 0:25:13 - dev average edit distance is 0.117 at epoch 799
INFO - 01/15/26 18:37:39 - 0:25:13 - loading checkpoints/sig23/tagtransformer/mkd.nll_0.7406.acc_92.3.dist_0.094.epoch_720 for testing
INFO - 01/15/26 18:37:39 - 0:25:13 - load model in checkpoints/sig23/tagtransformer/mkd.nll_0.7406.acc_92.3.dist_0.094.epoch_720
INFO - 01/15/26 18:37:39 - 0:25:13 - Average dev loss is 0.7405510942141215 at epoch -1
INFO - 01/15/26 18:37:39 - 0:25:13 - decoding dev set
INFO - 01/15/26 18:37:40 - 0:25:14 - finished decoding 1000 dev instance
INFO - 01/15/26 18:37:40 - 0:25:14 - DEV accuracy is 92.3 at epoch -1
INFO - 01/15/26 18:37:40 - 0:25:14 - DEV average edit distance is 0.094 at epoch -1
INFO - 01/15/26 18:37:40 - 0:25:14 - DEV mkd acc 92.3 dist 0.094
INFO - 01/15/26 18:37:40 - 0:25:14 - Average test loss is 0.7355588674545288 at epoch -1
INFO - 01/15/26 18:37:40 - 0:25:14 - decoding test set
INFO - 01/15/26 18:37:41 - 0:25:14 - finished decoding 1000 test instance
INFO - 01/15/26 18:37:41 - 0:25:14 - TEST accuracy is 94.7 at epoch -1
INFO - 01/15/26 18:37:41 - 0:25:14 - TEST average edit distance is 0.067 at epoch -1
INFO - 01/15/26 18:37:41 - 0:25:14 - TEST mkd acc 94.7 dist 0.067
INFO - 01/20/26 11:15:54 - 0:00:00 - command line argument: seed - 0
INFO - 01/20/26 11:15:54 - 0:00:00 - command line argument: train - ['../../2023InflectionST/part1/data/mkd.trn']
INFO - 01/20/26 11:15:54 - 0:00:00 - command line argument: dev - ['../../2023InflectionST/part1/data/mkd.dev']
INFO - 01/20/26 11:15:54 - 0:00:00 - command line argument: test - ['../../2023InflectionST/part1/data/mkd.tst']
INFO - 01/20/26 11:15:54 - 0:00:00 - command line argument: model - 'checkpoints/sig23/tagtransformer/mkd'
INFO - 01/20/26 11:15:54 - 0:00:00 - command line argument: load - ''
INFO - 01/20/26 11:15:54 - 0:00:00 - command line argument: bs - 400
INFO - 01/20/26 11:15:54 - 0:00:00 - command line argument: epochs - 20
INFO - 01/20/26 11:15:54 - 0:00:00 - command line argument: max_steps - 20000
INFO - 01/20/26 11:15:54 - 0:00:00 - command line argument: warmup_steps - 4000
INFO - 01/20/26 11:15:54 - 0:00:00 - command line argument: total_eval - 50
INFO - 01/20/26 11:15:54 - 0:00:00 - command line argument: optimizer - <Optimizer.adam: 'adam'>
INFO - 01/20/26 11:15:54 - 0:00:00 - command line argument: scheduler - <Scheduler.warmupinvsqr: 'warmupinvsqr'>
INFO - 01/20/26 11:15:54 - 0:00:00 - command line argument: lr - 0.001
INFO - 01/20/26 11:15:54 - 0:00:00 - command line argument: min_lr - 1e-05
INFO - 01/20/26 11:15:54 - 0:00:00 - command line argument: momentum - 0.9
INFO - 01/20/26 11:15:54 - 0:00:00 - command line argument: beta1 - 0.9
INFO - 01/20/26 11:15:54 - 0:00:00 - command line argument: beta2 - 0.98
INFO - 01/20/26 11:15:54 - 0:00:00 - command line argument: estop - 1e-08
INFO - 01/20/26 11:15:54 - 0:00:00 - command line argument: cooldown - 0
INFO - 01/20/26 11:15:54 - 0:00:00 - command line argument: patience - 0
INFO - 01/20/26 11:15:54 - 0:00:00 - command line argument: discount_factor - 0.5
INFO - 01/20/26 11:15:54 - 0:00:00 - command line argument: max_norm - 1.0
INFO - 01/20/26 11:15:54 - 0:00:00 - command line argument: gpuid - [0]
INFO - 01/20/26 11:15:54 - 0:00:00 - command line argument: loglevel - 'info'
INFO - 01/20/26 11:15:54 - 0:00:00 - command line argument: saveall - False
INFO - 01/20/26 11:15:54 - 0:00:00 - command line argument: shuffle - True
INFO - 01/20/26 11:15:54 - 0:00:00 - command line argument: cleanup_anyway - True
INFO - 01/20/26 11:15:54 - 0:00:00 - command line argument: dataset - <Data.sigmorphon23task0: 'sigmorphon23task0'>
INFO - 01/20/26 11:15:54 - 0:00:00 - command line argument: max_seq_len - 128
INFO - 01/20/26 11:15:54 - 0:00:00 - command line argument: max_decode_len - 32
INFO - 01/20/26 11:15:54 - 0:00:00 - command line argument: decode_beam_size - 5
INFO - 01/20/26 11:15:54 - 0:00:00 - command line argument: init - ''
INFO - 01/20/26 11:15:54 - 0:00:00 - command line argument: dropout - 0.3
INFO - 01/20/26 11:15:54 - 0:00:00 - command line argument: embed_dim - 256
INFO - 01/20/26 11:15:54 - 0:00:00 - command line argument: nb_heads - 4
INFO - 01/20/26 11:15:54 - 0:00:00 - command line argument: src_layer - 4
INFO - 01/20/26 11:15:54 - 0:00:00 - command line argument: trg_layer - 4
INFO - 01/20/26 11:15:54 - 0:00:00 - command line argument: src_hs - 1024
INFO - 01/20/26 11:15:54 - 0:00:00 - command line argument: trg_hs - 1024
INFO - 01/20/26 11:15:54 - 0:00:00 - command line argument: label_smooth - 0.1
INFO - 01/20/26 11:15:54 - 0:00:00 - command line argument: tie_trg_embed - False
INFO - 01/20/26 11:15:54 - 0:00:00 - command line argument: arch - <Arch.tagtransformer: 'tagtransformer'>
INFO - 01/20/26 11:15:54 - 0:00:00 - command line argument: nb_sample - 2
INFO - 01/20/26 11:15:54 - 0:00:00 - command line argument: wid_siz - 11
INFO - 01/20/26 11:15:54 - 0:00:00 - command line argument: indtag - False
INFO - 01/20/26 11:15:54 - 0:00:00 - command line argument: decode - <Decode.greedy: 'greedy'>
INFO - 01/20/26 11:15:54 - 0:00:00 - command line argument: mono - False
INFO - 01/20/26 11:15:54 - 0:00:00 - command line argument: bestacc - True
INFO - 01/20/26 11:15:54 - 0:00:00 - src vocab size 76
INFO - 01/20/26 11:15:54 - 0:00:00 - trg vocab size 44
INFO - 01/20/26 11:15:54 - 0:00:00 - src vocab ['<PAD>', '<BOS>', '<EOS>', '<UNK>', ' ', 'a', 'j', 'o', 'Ј', 'А', 'Б', 'Р', 'С', 'а', 'б', 'в', 'г', 'д', 'е', 'ж', 'з', 'и', 'к', 'л', 'м', 'н', 'о', 'п', 'р', 'с', 'т', 'у', 'ф', 'х', 'ц', 'ч', 'ш', 'ѓ', 'ѕ', 'ј', 'љ', 'њ', 'ќ', 'џ', 'ADJ', 'DEF', 'FEM', 'IMP', 'INDF', 'IPFV', 'MASC', 'N', 'NEUT', 'NOM()', 'NOM-1', 'NOM-2', 'NOM-3', 'NOM-FEM', 'NOM-MASC', 'NOM-NEUT', 'NOM-PL', 'NOM-SG', 'PASS', 'PFV', 'PL', 'PROG', 'PROX', 'PRS', 'PST', 'REMT', 'SG', 'V', 'V.CVB', 'V.MSDR', 'V.PTCP', 'VOC']
INFO - 01/20/26 11:15:54 - 0:00:00 - trg vocab ['<PAD>', '<BOS>', '<EOS>', '<UNK>', ' ', 'a', 'j', 'o', 'Ј', 'А', 'Б', 'Р', 'С', 'а', 'б', 'в', 'г', 'д', 'е', 'ж', 'з', 'и', 'к', 'л', 'м', 'н', 'о', 'п', 'р', 'с', 'т', 'у', 'ф', 'х', 'ц', 'ч', 'ш', 'ѓ', 'ѕ', 'ј', 'љ', 'њ', 'ќ', 'џ']
INFO - 01/20/26 11:15:55 - 0:00:01 - model: TagTransformer(
                                       (src_embed): Embedding(76, 256, padding_idx=0)
                                       (trg_embed): Embedding(44, 256, padding_idx=0)
                                       (position_embed): SinusoidalPositionalEmbedding()
                                       (encoder): TransformerEncoder(
                                         (layers): ModuleList(
                                           (0): TransformerEncoderLayer(
                                             (self_attn): MultiheadAttention(
                                               (out_proj): _LinearWithBias(in_features=256, out_features=256, bias=True)
                                             )
                                             (linear1): Linear(in_features=256, out_features=1024, bias=True)
                                             (dropout): Dropout(p=0.3, inplace=False)
                                             (linear2): Linear(in_features=1024, out_features=256, bias=True)
                                             (norm1): LayerNorm((256,), eps=1e-05, elementwise_affine=True)
                                             (norm2): LayerNorm((256,), eps=1e-05, elementwise_affine=True)
                                             (activation_dropout): Dropout(p=0.3, inplace=False)
                                           )
                                           (1): TransformerEncoderLayer(
                                             (self_attn): MultiheadAttention(
                                               (out_proj): _LinearWithBias(in_features=256, out_features=256, bias=True)
                                             )
                                             (linear1): Linear(in_features=256, out_features=1024, bias=True)
                                             (dropout): Dropout(p=0.3, inplace=False)
                                             (linear2): Linear(in_features=1024, out_features=256, bias=True)
                                             (norm1): LayerNorm((256,), eps=1e-05, elementwise_affine=True)
                                             (norm2): LayerNorm((256,), eps=1e-05, elementwise_affine=True)
                                             (activation_dropout): Dropout(p=0.3, inplace=False)
                                           )
                                           (2): TransformerEncoderLayer(
                                             (self_attn): MultiheadAttention(
                                               (out_proj): _LinearWithBias(in_features=256, out_features=256, bias=True)
                                             )
                                             (linear1): Linear(in_features=256, out_features=1024, bias=True)
                                             (dropout): Dropout(p=0.3, inplace=False)
                                             (linear2): Linear(in_features=1024, out_features=256, bias=True)
                                             (norm1): LayerNorm((256,), eps=1e-05, elementwise_affine=True)
                                             (norm2): LayerNorm((256,), eps=1e-05, elementwise_affine=True)
                                             (activation_dropout): Dropout(p=0.3, inplace=False)
                                           )
                                           (3): TransformerEncoderLayer(
                                             (self_attn): MultiheadAttention(
                                               (out_proj): _LinearWithBias(in_features=256, out_features=256, bias=True)
                                             )
                                             (linear1): Linear(in_features=256, out_features=1024, bias=True)
                                             (dropout): Dropout(p=0.3, inplace=False)
                                             (linear2): Linear(in_features=1024, out_features=256, bias=True)
                                             (norm1): LayerNorm((256,), eps=1e-05, elementwise_affine=True)
                                             (norm2): LayerNorm((256,), eps=1e-05, elementwise_affine=True)
                                             (activation_dropout): Dropout(p=0.3, inplace=False)
                                           )
                                         )
                                         (norm): LayerNorm((256,), eps=1e-05, elementwise_affine=True)
                                       )
                                       (decoder): TransformerDecoder(
                                         (layers): ModuleList(
                                           (0): TransformerDecoderLayer(
                                             (self_attn): MultiheadAttention(
                                               (out_proj): _LinearWithBias(in_features=256, out_features=256, bias=True)
                                             )
                                             (multihead_attn): MultiheadAttention(
                                               (out_proj): _LinearWithBias(in_features=256, out_features=256, bias=True)
                                             )
                                             (linear1): Linear(in_features=256, out_features=1024, bias=True)
                                             (dropout): Dropout(p=0.3, inplace=False)
                                             (linear2): Linear(in_features=1024, out_features=256, bias=True)
                                             (norm1): LayerNorm((256,), eps=1e-05, elementwise_affine=True)
                                             (norm2): LayerNorm((256,), eps=1e-05, elementwise_affine=True)
                                             (norm3): LayerNorm((256,), eps=1e-05, elementwise_affine=True)
                                             (activation_dropout): Dropout(p=0.3, inplace=False)
                                           )
                                           (1): TransformerDecoderLayer(
                                             (self_attn): MultiheadAttention(
                                               (out_proj): _LinearWithBias(in_features=256, out_features=256, bias=True)
                                             )
                                             (multihead_attn): MultiheadAttention(
                                               (out_proj): _LinearWithBias(in_features=256, out_features=256, bias=True)
                                             )
                                             (linear1): Linear(in_features=256, out_features=1024, bias=True)
                                             (dropout): Dropout(p=0.3, inplace=False)
                                             (linear2): Linear(in_features=1024, out_features=256, bias=True)
                                             (norm1): LayerNorm((256,), eps=1e-05, elementwise_affine=True)
                                             (norm2): LayerNorm((256,), eps=1e-05, elementwise_affine=True)
                                             (norm3): LayerNorm((256,), eps=1e-05, elementwise_affine=True)
                                             (activation_dropout): Dropout(p=0.3, inplace=False)
                                           )
                                           (2): TransformerDecoderLayer(
                                             (self_attn): MultiheadAttention(
                                               (out_proj): _LinearWithBias(in_features=256, out_features=256, bias=True)
                                             )
                                             (multihead_attn): MultiheadAttention(
                                               (out_proj): _LinearWithBias(in_features=256, out_features=256, bias=True)
                                             )
                                             (linear1): Linear(in_features=256, out_features=1024, bias=True)
                                             (dropout): Dropout(p=0.3, inplace=False)
                                             (linear2): Linear(in_features=1024, out_features=256, bias=True)
                                             (norm1): LayerNorm((256,), eps=1e-05, elementwise_affine=True)
                                             (norm2): LayerNorm((256,), eps=1e-05, elementwise_affine=True)
                                             (norm3): LayerNorm((256,), eps=1e-05, elementwise_affine=True)
                                             (activation_dropout): Dropout(p=0.3, inplace=False)
                                           )
                                           (3): TransformerDecoderLayer(
                                             (self_attn): MultiheadAttention(
                                               (out_proj): _LinearWithBias(in_features=256, out_features=256, bias=True)
                                             )
                                             (multihead_attn): MultiheadAttention(
                                               (out_proj): _LinearWithBias(in_features=256, out_features=256, bias=True)
                                             )
                                             (linear1): Linear(in_features=256, out_features=1024, bias=True)
                                             (dropout): Dropout(p=0.3, inplace=False)
                                             (linear2): Linear(in_features=1024, out_features=256, bias=True)
                                             (norm1): LayerNorm((256,), eps=1e-05, elementwise_affine=True)
                                             (norm2): LayerNorm((256,), eps=1e-05, elementwise_affine=True)
                                             (norm3): LayerNorm((256,), eps=1e-05, elementwise_affine=True)
                                             (activation_dropout): Dropout(p=0.3, inplace=False)
                                           )
                                         )
                                         (norm): LayerNorm((256,), eps=1e-05, elementwise_affine=True)
                                       )
                                       (final_out): Linear(in_features=256, out_features=44, bias=True)
                                       (dropout): Dropout(p=0.3, inplace=False)
                                       (special_embeddings): Embedding(2, 256)
                                     )
INFO - 01/20/26 11:15:55 - 0:00:01 - number of parameter 7416364
INFO - 01/20/26 11:16:13 - 0:00:19 - maximum training 20000 steps (800 epochs)
INFO - 01/20/26 11:16:13 - 0:00:19 - evaluate every 16 epochs
INFO - 01/20/26 11:16:13 - 0:00:19 - At 0-th epoch with lr 0.000000.
INFO - 01/20/26 11:16:20 - 0:00:26 - Running average train loss is 4.593184890747071 at epoch 0
INFO - 01/20/26 11:16:20 - 0:00:26 - At 1-th epoch with lr 0.000006.
INFO - 01/20/26 11:16:22 - 0:00:27 - Running average train loss is 3.9490178871154784 at epoch 1
INFO - 01/20/26 11:16:22 - 0:00:27 - At 2-th epoch with lr 0.000013.
INFO - 01/20/26 11:16:23 - 0:00:29 - Running average train loss is 3.405170497894287 at epoch 2
INFO - 01/20/26 11:16:23 - 0:00:29 - At 3-th epoch with lr 0.000019.
INFO - 01/20/26 11:16:25 - 0:00:31 - Running average train loss is 3.146205244064331 at epoch 3
INFO - 01/20/26 11:16:25 - 0:00:31 - At 4-th epoch with lr 0.000025.
INFO - 01/20/26 11:16:27 - 0:00:33 - Running average train loss is 3.0060531806945803 at epoch 4
INFO - 01/20/26 11:16:27 - 0:00:33 - At 5-th epoch with lr 0.000031.
INFO - 01/20/26 11:16:29 - 0:00:35 - Running average train loss is 2.87080246925354 at epoch 5
INFO - 01/20/26 11:16:29 - 0:00:35 - At 6-th epoch with lr 0.000037.
INFO - 01/20/26 11:16:31 - 0:00:36 - Running average train loss is 2.7323684597015383 at epoch 6
INFO - 01/20/26 11:16:31 - 0:00:36 - At 7-th epoch with lr 0.000044.
INFO - 01/20/26 11:16:32 - 0:00:38 - Running average train loss is 2.5934079456329346 at epoch 7
INFO - 01/20/26 11:16:32 - 0:00:38 - At 8-th epoch with lr 0.000050.
INFO - 01/20/26 11:16:34 - 0:00:40 - Running average train loss is 2.4567680740356446 at epoch 8
INFO - 01/20/26 11:16:34 - 0:00:40 - At 9-th epoch with lr 0.000056.
INFO - 01/20/26 11:16:36 - 0:00:42 - Running average train loss is 2.3120853424072267 at epoch 9
INFO - 01/20/26 11:16:36 - 0:00:42 - At 10-th epoch with lr 0.000063.
INFO - 01/20/26 11:16:38 - 0:00:44 - Running average train loss is 2.149820671081543 at epoch 10
INFO - 01/20/26 11:16:38 - 0:00:44 - At 11-th epoch with lr 0.000069.
INFO - 01/20/26 11:16:40 - 0:00:45 - Running average train loss is 1.9814752864837646 at epoch 11
INFO - 01/20/26 11:16:40 - 0:00:45 - At 12-th epoch with lr 0.000075.
INFO - 01/20/26 11:16:41 - 0:00:47 - Running average train loss is 1.8296414279937745 at epoch 12
INFO - 01/20/26 11:16:41 - 0:00:47 - At 13-th epoch with lr 0.000081.
INFO - 01/20/26 11:16:43 - 0:00:49 - Running average train loss is 1.690550127029419 at epoch 13
INFO - 01/20/26 11:16:43 - 0:00:49 - At 14-th epoch with lr 0.000087.
INFO - 01/20/26 11:16:45 - 0:00:51 - Running average train loss is 1.5729306411743165 at epoch 14
INFO - 01/20/26 11:16:45 - 0:00:51 - At 15-th epoch with lr 0.000094.
INFO - 01/20/26 11:16:47 - 0:00:53 - Running average train loss is 1.4773669242858887 at epoch 15
INFO - 01/20/26 11:16:47 - 0:00:53 - At 16-th epoch with lr 0.000100.
INFO - 01/20/26 11:16:49 - 0:00:55 - Running average train loss is 1.3855851411819458 at epoch 16
INFO - 01/20/26 11:16:49 - 0:00:55 - Average dev loss is 1.1793568134307861 at epoch 16
INFO - 01/20/26 11:16:49 - 0:00:55 - dev accuracy is 36.8 at epoch 16
INFO - 01/20/26 11:16:49 - 0:00:55 - dev average edit distance is 1.252 at epoch 16
INFO - 01/20/26 11:16:49 - 0:00:55 - At 17-th epoch with lr 0.000106.
INFO - 01/20/26 11:16:51 - 0:00:57 - Running average train loss is 1.321826090812683 at epoch 17
INFO - 01/20/26 11:16:51 - 0:00:57 - At 18-th epoch with lr 0.000113.
INFO - 01/20/26 11:16:53 - 0:00:59 - Running average train loss is 1.2607003164291382 at epoch 18
INFO - 01/20/26 11:16:53 - 0:00:59 - At 19-th epoch with lr 0.000119.
INFO - 01/20/26 11:16:55 - 0:01:00 - Running average train loss is 1.208700466156006 at epoch 19
INFO - 01/20/26 11:16:55 - 0:01:00 - At 20-th epoch with lr 0.000125.
INFO - 01/20/26 11:16:56 - 0:01:02 - Running average train loss is 1.1600555992126464 at epoch 20
INFO - 01/20/26 11:16:56 - 0:01:02 - At 21-th epoch with lr 0.000131.
INFO - 01/20/26 11:16:58 - 0:01:04 - Running average train loss is 1.1203252458572388 at epoch 21
INFO - 01/20/26 11:16:58 - 0:01:04 - At 22-th epoch with lr 0.000138.
INFO - 01/20/26 11:17:00 - 0:01:06 - Running average train loss is 1.0895134162902833 at epoch 22
INFO - 01/20/26 11:17:00 - 0:01:06 - At 23-th epoch with lr 0.000144.
INFO - 01/20/26 11:17:02 - 0:01:08 - Running average train loss is 1.0589925050735474 at epoch 23
INFO - 01/20/26 11:17:02 - 0:01:08 - At 24-th epoch with lr 0.000150.
INFO - 01/20/26 11:17:03 - 0:01:09 - Running average train loss is 1.0307642030715942 at epoch 24
INFO - 01/20/26 11:17:03 - 0:01:09 - At 25-th epoch with lr 0.000156.
INFO - 01/20/26 11:17:05 - 0:01:11 - Running average train loss is 1.0098866510391236 at epoch 25
INFO - 01/20/26 11:17:05 - 0:01:11 - At 26-th epoch with lr 0.000163.
INFO - 01/20/26 11:17:07 - 0:01:13 - Running average train loss is 0.9861657452583313 at epoch 26
INFO - 01/20/26 11:17:07 - 0:01:13 - At 27-th epoch with lr 0.000169.
INFO - 01/20/26 11:17:09 - 0:01:15 - Running average train loss is 0.9666979360580444 at epoch 27
INFO - 01/20/26 11:17:09 - 0:01:15 - At 28-th epoch with lr 0.000175.
INFO - 01/20/26 11:17:11 - 0:01:17 - Running average train loss is 0.9472799015045166 at epoch 28
INFO - 01/20/26 11:17:11 - 0:01:17 - At 29-th epoch with lr 0.000181.
INFO - 01/20/26 11:17:12 - 0:01:18 - Running average train loss is 0.9319650053977966 at epoch 29
INFO - 01/20/26 11:17:12 - 0:01:18 - At 30-th epoch with lr 0.000188.
INFO - 01/20/26 11:17:14 - 0:01:20 - Running average train loss is 0.9158987998962402 at epoch 30
INFO - 01/20/26 11:17:14 - 0:01:20 - At 31-th epoch with lr 0.000194.
INFO - 01/20/26 11:17:16 - 0:01:22 - Running average train loss is 0.9029185080528259 at epoch 31
INFO - 01/20/26 11:17:16 - 0:01:22 - At 32-th epoch with lr 0.000200.
INFO - 01/20/26 11:17:18 - 0:01:24 - Running average train loss is 0.8904108047485352 at epoch 32
INFO - 01/20/26 11:17:18 - 0:01:24 - Average dev loss is 0.8894566893577576 at epoch 32
INFO - 01/20/26 11:17:19 - 0:01:25 - dev accuracy is 77.6 at epoch 32
INFO - 01/20/26 11:17:19 - 0:01:25 - dev average edit distance is 0.348 at epoch 32
INFO - 01/20/26 11:17:19 - 0:01:25 - At 33-th epoch with lr 0.000206.
INFO - 01/20/26 11:17:21 - 0:01:27 - Running average train loss is 0.8755223155021667 at epoch 33
INFO - 01/20/26 11:17:21 - 0:01:27 - At 34-th epoch with lr 0.000212.
INFO - 01/20/26 11:17:23 - 0:01:29 - Running average train loss is 0.8657370519638061 at epoch 34
INFO - 01/20/26 11:17:23 - 0:01:29 - At 35-th epoch with lr 0.000219.
INFO - 01/20/26 11:17:24 - 0:01:30 - Running average train loss is 0.8541689229011535 at epoch 35
INFO - 01/20/26 11:17:24 - 0:01:30 - At 36-th epoch with lr 0.000225.
INFO - 01/20/26 11:17:26 - 0:01:32 - Running average train loss is 0.8465451192855835 at epoch 36
INFO - 01/20/26 11:17:26 - 0:01:32 - At 37-th epoch with lr 0.000231.
INFO - 01/20/26 11:17:28 - 0:01:34 - Running average train loss is 0.8374873900413513 at epoch 37
INFO - 01/20/26 11:17:28 - 0:01:34 - At 38-th epoch with lr 0.000237.
INFO - 01/20/26 11:17:30 - 0:01:36 - Running average train loss is 0.8296046948432922 at epoch 38
INFO - 01/20/26 11:17:30 - 0:01:36 - At 39-th epoch with lr 0.000244.
INFO - 01/20/26 11:17:32 - 0:01:38 - Running average train loss is 0.821555712223053 at epoch 39
INFO - 01/20/26 11:17:32 - 0:01:38 - At 40-th epoch with lr 0.000250.
INFO - 01/20/26 11:17:33 - 0:01:39 - Running average train loss is 0.8138240098953247 at epoch 40
INFO - 01/20/26 11:17:33 - 0:01:39 - At 41-th epoch with lr 0.000256.
INFO - 01/20/26 11:17:35 - 0:01:41 - Running average train loss is 0.8067297649383545 at epoch 41
INFO - 01/20/26 11:17:35 - 0:01:41 - At 42-th epoch with lr 0.000263.
INFO - 01/20/26 11:17:37 - 0:01:43 - Running average train loss is 0.8010840916633606 at epoch 42
INFO - 01/20/26 11:17:37 - 0:01:43 - At 43-th epoch with lr 0.000269.
INFO - 01/20/26 11:17:39 - 0:01:45 - Running average train loss is 0.7949202370643615 at epoch 43
INFO - 01/20/26 11:17:39 - 0:01:45 - At 44-th epoch with lr 0.000275.
INFO - 01/20/26 11:17:41 - 0:01:47 - Running average train loss is 0.7902856063842774 at epoch 44
INFO - 01/20/26 11:17:41 - 0:01:47 - At 45-th epoch with lr 0.000281.
INFO - 01/20/26 11:17:43 - 0:01:49 - Running average train loss is 0.7843782997131348 at epoch 45
INFO - 01/20/26 11:17:43 - 0:01:49 - At 46-th epoch with lr 0.000287.
INFO - 01/20/26 11:17:45 - 0:01:50 - Running average train loss is 0.7796557998657226 at epoch 46
INFO - 01/20/26 11:17:45 - 0:01:50 - At 47-th epoch with lr 0.000294.
INFO - 01/20/26 11:17:46 - 0:01:52 - Running average train loss is 0.7746562957763672 at epoch 47
INFO - 01/20/26 11:17:46 - 0:01:52 - At 48-th epoch with lr 0.000300.
INFO - 01/20/26 11:17:48 - 0:01:54 - Running average train loss is 0.7697230434417724 at epoch 48
INFO - 01/20/26 11:17:48 - 0:01:54 - Average dev loss is 0.8071884115537008 at epoch 48
INFO - 01/20/26 11:17:49 - 0:01:55 - dev accuracy is 84.9 at epoch 48
INFO - 01/20/26 11:17:49 - 0:01:55 - dev average edit distance is 0.213 at epoch 48
INFO - 01/20/26 11:17:49 - 0:01:55 - At 49-th epoch with lr 0.000306.
INFO - 01/20/26 11:17:51 - 0:01:57 - Running average train loss is 0.7663433337211609 at epoch 49
INFO - 01/20/26 11:17:51 - 0:01:57 - At 50-th epoch with lr 0.000313.
INFO - 01/20/26 11:17:53 - 0:01:59 - Running average train loss is 0.7645744848251342 at epoch 50
INFO - 01/20/26 11:17:53 - 0:01:59 - At 51-th epoch with lr 0.000319.
INFO - 01/20/26 11:17:55 - 0:02:01 - Running average train loss is 0.7590409708023071 at epoch 51
INFO - 01/20/26 11:17:55 - 0:02:01 - At 52-th epoch with lr 0.000325.
INFO - 01/20/26 11:17:57 - 0:02:03 - Running average train loss is 0.7576515412330628 at epoch 52
INFO - 01/20/26 11:17:57 - 0:02:03 - At 53-th epoch with lr 0.000331.
INFO - 01/20/26 11:17:58 - 0:02:04 - Running average train loss is 0.7524817371368409 at epoch 53
INFO - 01/20/26 11:17:58 - 0:02:04 - At 54-th epoch with lr 0.000338.
INFO - 01/20/26 11:18:00 - 0:02:06 - Running average train loss is 0.7506602168083191 at epoch 54
INFO - 01/20/26 11:18:00 - 0:02:06 - At 55-th epoch with lr 0.000344.
INFO - 01/20/26 11:18:02 - 0:02:08 - Running average train loss is 0.7487152290344238 at epoch 55
INFO - 01/20/26 11:18:02 - 0:02:08 - At 56-th epoch with lr 0.000350.
INFO - 01/20/26 11:18:04 - 0:02:10 - Running average train loss is 0.745535991191864 at epoch 56
INFO - 01/20/26 11:18:04 - 0:02:10 - At 57-th epoch with lr 0.000356.
INFO - 01/20/26 11:18:06 - 0:02:12 - Running average train loss is 0.7445030641555787 at epoch 57
INFO - 01/20/26 11:18:06 - 0:02:12 - At 58-th epoch with lr 0.000362.
INFO - 01/20/26 11:18:08 - 0:02:13 - Running average train loss is 0.7409325838088989 at epoch 58
INFO - 01/20/26 11:18:08 - 0:02:13 - At 59-th epoch with lr 0.000369.
INFO - 01/20/26 11:18:09 - 0:02:15 - Running average train loss is 0.7390433049201965 at epoch 59
INFO - 01/20/26 11:18:09 - 0:02:15 - At 60-th epoch with lr 0.000375.
INFO - 01/20/26 11:18:11 - 0:02:17 - Running average train loss is 0.7361073565483093 at epoch 60
INFO - 01/20/26 11:18:11 - 0:02:17 - At 61-th epoch with lr 0.000381.
INFO - 01/20/26 11:18:13 - 0:02:19 - Running average train loss is 0.7355028247833252 at epoch 61
INFO - 01/20/26 11:18:13 - 0:02:19 - At 62-th epoch with lr 0.000388.
INFO - 01/20/26 11:18:15 - 0:02:21 - Running average train loss is 0.7329957509040832 at epoch 62
INFO - 01/20/26 11:18:15 - 0:02:21 - At 63-th epoch with lr 0.000394.
INFO - 01/20/26 11:18:17 - 0:02:23 - Running average train loss is 0.7307594871520996 at epoch 63
INFO - 01/20/26 11:18:17 - 0:02:23 - At 64-th epoch with lr 0.000400.
INFO - 01/20/26 11:18:19 - 0:02:24 - Running average train loss is 0.7323569869995117 at epoch 64
INFO - 01/20/26 11:18:19 - 0:02:24 - Average dev loss is 0.7646004756291708 at epoch 64
INFO - 01/20/26 11:18:19 - 0:02:25 - dev accuracy is 88.1 at epoch 64
INFO - 01/20/26 11:18:19 - 0:02:25 - dev average edit distance is 0.137 at epoch 64
INFO - 01/20/26 11:18:19 - 0:02:25 - At 65-th epoch with lr 0.000406.
INFO - 01/20/26 11:18:21 - 0:02:27 - Running average train loss is 0.73002525806427 at epoch 65
INFO - 01/20/26 11:18:21 - 0:02:27 - At 66-th epoch with lr 0.000412.
INFO - 01/20/26 11:18:23 - 0:02:29 - Running average train loss is 0.7283685994148255 at epoch 66
INFO - 01/20/26 11:18:23 - 0:02:29 - At 67-th epoch with lr 0.000419.
INFO - 01/20/26 11:18:25 - 0:02:31 - Running average train loss is 0.7265660905838013 at epoch 67
INFO - 01/20/26 11:18:25 - 0:02:31 - At 68-th epoch with lr 0.000425.
INFO - 01/20/26 11:18:26 - 0:02:32 - Running average train loss is 0.7274912834167481 at epoch 68
INFO - 01/20/26 11:18:26 - 0:02:32 - At 69-th epoch with lr 0.000431.
INFO - 01/20/26 11:18:28 - 0:02:34 - Running average train loss is 0.7253445529937744 at epoch 69
INFO - 01/20/26 11:18:28 - 0:02:34 - At 70-th epoch with lr 0.000438.
INFO - 01/20/26 11:18:30 - 0:02:36 - Running average train loss is 0.7236996626853943 at epoch 70
INFO - 01/20/26 11:18:30 - 0:02:36 - At 71-th epoch with lr 0.000444.
INFO - 01/20/26 11:18:32 - 0:02:38 - Running average train loss is 0.7221026515960693 at epoch 71
INFO - 01/20/26 11:18:32 - 0:02:38 - At 72-th epoch with lr 0.000450.
INFO - 01/20/26 11:18:34 - 0:02:40 - Running average train loss is 0.7213612747192383 at epoch 72
INFO - 01/20/26 11:18:34 - 0:02:40 - At 73-th epoch with lr 0.000456.
INFO - 01/20/26 11:18:36 - 0:02:41 - Running average train loss is 0.7214953637123108 at epoch 73
INFO - 01/20/26 11:18:36 - 0:02:41 - At 74-th epoch with lr 0.000463.
INFO - 01/20/26 11:18:37 - 0:02:43 - Running average train loss is 0.7214465808868408 at epoch 74
INFO - 01/20/26 11:18:37 - 0:02:43 - At 75-th epoch with lr 0.000469.
INFO - 01/20/26 11:18:39 - 0:02:45 - Running average train loss is 0.7200265526771545 at epoch 75
INFO - 01/20/26 11:18:39 - 0:02:45 - At 76-th epoch with lr 0.000475.
INFO - 01/20/26 11:18:41 - 0:02:47 - Running average train loss is 0.7182006740570068 at epoch 76
INFO - 01/20/26 11:18:41 - 0:02:47 - At 77-th epoch with lr 0.000481.
INFO - 01/20/26 11:18:43 - 0:02:49 - Running average train loss is 0.718784863948822 at epoch 77
INFO - 01/20/26 11:18:43 - 0:02:49 - At 78-th epoch with lr 0.000487.
INFO - 01/20/26 11:18:45 - 0:02:50 - Running average train loss is 0.7181059551239014 at epoch 78
INFO - 01/20/26 11:18:45 - 0:02:50 - At 79-th epoch with lr 0.000494.
INFO - 01/20/26 11:18:46 - 0:02:52 - Running average train loss is 0.7175982904434204 at epoch 79
INFO - 01/20/26 11:18:46 - 0:02:52 - At 80-th epoch with lr 0.000500.
INFO - 01/20/26 11:18:48 - 0:02:54 - Running average train loss is 0.7165598106384278 at epoch 80
INFO - 01/20/26 11:18:48 - 0:02:54 - Average dev loss is 0.7710688710212708 at epoch 80
INFO - 01/20/26 11:18:49 - 0:02:55 - dev accuracy is 88.4 at epoch 80
INFO - 01/20/26 11:18:49 - 0:02:55 - dev average edit distance is 0.117 at epoch 80
INFO - 01/20/26 11:18:49 - 0:02:55 - At 81-th epoch with lr 0.000506.
INFO - 01/20/26 11:18:51 - 0:02:56 - Running average train loss is 0.7170917558670044 at epoch 81
INFO - 01/20/26 11:18:51 - 0:02:56 - At 82-th epoch with lr 0.000512.
INFO - 01/20/26 11:18:52 - 0:02:58 - Running average train loss is 0.7164391493797302 at epoch 82
INFO - 01/20/26 11:18:52 - 0:02:58 - At 83-th epoch with lr 0.000519.
INFO - 01/20/26 11:18:54 - 0:03:00 - Running average train loss is 0.7139995765686035 at epoch 83
INFO - 01/20/26 11:18:54 - 0:03:00 - At 84-th epoch with lr 0.000525.
INFO - 01/20/26 11:18:56 - 0:03:02 - Running average train loss is 0.713050389289856 at epoch 84
INFO - 01/20/26 11:18:56 - 0:03:02 - At 85-th epoch with lr 0.000531.
INFO - 01/20/26 11:18:58 - 0:03:04 - Running average train loss is 0.7143442296981811 at epoch 85
INFO - 01/20/26 11:18:58 - 0:03:04 - At 86-th epoch with lr 0.000538.
INFO - 01/20/26 11:19:00 - 0:03:06 - Running average train loss is 0.713582227230072 at epoch 86
INFO - 01/20/26 11:19:00 - 0:03:06 - At 87-th epoch with lr 0.000544.
INFO - 01/20/26 11:19:02 - 0:03:08 - Running average train loss is 0.713480360507965 at epoch 87
INFO - 01/20/26 11:19:02 - 0:03:08 - At 88-th epoch with lr 0.000550.
INFO - 01/20/26 11:19:04 - 0:03:10 - Running average train loss is 0.7132717132568359 at epoch 88
INFO - 01/20/26 11:19:04 - 0:03:10 - At 89-th epoch with lr 0.000556.
INFO - 01/20/26 11:19:06 - 0:03:11 - Running average train loss is 0.7136093711853028 at epoch 89
INFO - 01/20/26 11:19:06 - 0:03:11 - At 90-th epoch with lr 0.000563.
INFO - 01/20/26 11:19:07 - 0:03:13 - Running average train loss is 0.7123483538627624 at epoch 90
INFO - 01/20/26 11:19:07 - 0:03:13 - At 91-th epoch with lr 0.000569.
INFO - 01/20/26 11:19:09 - 0:03:15 - Running average train loss is 0.7109829187393188 at epoch 91
INFO - 01/20/26 11:19:09 - 0:03:15 - At 92-th epoch with lr 0.000575.
INFO - 01/20/26 11:19:11 - 0:03:17 - Running average train loss is 0.7123391795158386 at epoch 92
INFO - 01/20/26 11:19:11 - 0:03:17 - At 93-th epoch with lr 0.000581.
INFO - 01/20/26 11:19:13 - 0:03:18 - Running average train loss is 0.7110933876037597 at epoch 93
INFO - 01/20/26 11:19:13 - 0:03:18 - At 94-th epoch with lr 0.000588.
INFO - 01/20/26 11:19:14 - 0:03:20 - Running average train loss is 0.7101437830924988 at epoch 94
INFO - 01/20/26 11:19:14 - 0:03:20 - At 95-th epoch with lr 0.000594.
INFO - 01/20/26 11:19:16 - 0:03:22 - Running average train loss is 0.7100787663459778 at epoch 95
INFO - 01/20/26 11:19:16 - 0:03:22 - At 96-th epoch with lr 0.000600.
INFO - 01/20/26 11:19:18 - 0:03:24 - Running average train loss is 0.710521731376648 at epoch 96
INFO - 01/20/26 11:19:18 - 0:03:24 - Average dev loss is 0.7671175003051758 at epoch 96
INFO - 01/20/26 11:19:18 - 0:03:24 - dev accuracy is 89.1 at epoch 96
INFO - 01/20/26 11:19:18 - 0:03:24 - dev average edit distance is 0.122 at epoch 96
INFO - 01/20/26 11:19:19 - 0:03:24 - At 97-th epoch with lr 0.000606.
INFO - 01/20/26 11:19:20 - 0:03:26 - Running average train loss is 0.7114732456207276 at epoch 97
INFO - 01/20/26 11:19:20 - 0:03:26 - At 98-th epoch with lr 0.000613.
INFO - 01/20/26 11:19:22 - 0:03:28 - Running average train loss is 0.7098747777938843 at epoch 98
INFO - 01/20/26 11:19:22 - 0:03:28 - At 99-th epoch with lr 0.000619.
INFO - 01/20/26 11:19:24 - 0:03:30 - Running average train loss is 0.7094594764709473 at epoch 99
INFO - 01/20/26 11:19:24 - 0:03:30 - At 100-th epoch with lr 0.000625.
INFO - 01/20/26 11:19:26 - 0:03:32 - Running average train loss is 0.7103571581840515 at epoch 100
INFO - 01/20/26 11:19:26 - 0:03:32 - At 101-th epoch with lr 0.000631.
INFO - 01/20/26 11:19:27 - 0:03:33 - Running average train loss is 0.7095002031326294 at epoch 101
INFO - 01/20/26 11:19:27 - 0:03:33 - At 102-th epoch with lr 0.000637.
INFO - 01/20/26 11:19:29 - 0:03:35 - Running average train loss is 0.7088057613372802 at epoch 102
INFO - 01/20/26 11:19:29 - 0:03:35 - At 103-th epoch with lr 0.000644.
INFO - 01/20/26 11:19:31 - 0:03:37 - Running average train loss is 0.7084447383880615 at epoch 103
INFO - 01/20/26 11:19:31 - 0:03:37 - At 104-th epoch with lr 0.000650.
INFO - 01/20/26 11:19:33 - 0:03:39 - Running average train loss is 0.7096592926979065 at epoch 104
INFO - 01/20/26 11:19:33 - 0:03:39 - At 105-th epoch with lr 0.000656.
INFO - 01/20/26 11:19:34 - 0:03:40 - Running average train loss is 0.7087827301025391 at epoch 105
INFO - 01/20/26 11:19:34 - 0:03:40 - At 106-th epoch with lr 0.000663.
INFO - 01/20/26 11:19:36 - 0:03:42 - Running average train loss is 0.7090661549568176 at epoch 106
INFO - 01/20/26 11:19:36 - 0:03:42 - At 107-th epoch with lr 0.000669.
INFO - 01/20/26 11:19:38 - 0:03:44 - Running average train loss is 0.7093850755691529 at epoch 107
INFO - 01/20/26 11:19:38 - 0:03:44 - At 108-th epoch with lr 0.000675.
INFO - 01/20/26 11:19:40 - 0:03:46 - Running average train loss is 0.7078305912017823 at epoch 108
INFO - 01/20/26 11:19:40 - 0:03:46 - At 109-th epoch with lr 0.000681.
INFO - 01/20/26 11:19:42 - 0:03:48 - Running average train loss is 0.7092113971710206 at epoch 109
INFO - 01/20/26 11:19:42 - 0:03:48 - At 110-th epoch with lr 0.000687.
INFO - 01/20/26 11:19:44 - 0:03:49 - Running average train loss is 0.7090050768852234 at epoch 110
INFO - 01/20/26 11:19:44 - 0:03:49 - At 111-th epoch with lr 0.000694.
INFO - 01/20/26 11:19:45 - 0:03:51 - Running average train loss is 0.7079776859283448 at epoch 111
INFO - 01/20/26 11:19:45 - 0:03:51 - At 112-th epoch with lr 0.000700.
INFO - 01/20/26 11:19:47 - 0:03:53 - Running average train loss is 0.7091265630722046 at epoch 112
INFO - 01/20/26 11:19:47 - 0:03:53 - Average dev loss is 0.7611800233523051 at epoch 112
INFO - 01/20/26 11:19:48 - 0:03:54 - dev accuracy is 90.0 at epoch 112
INFO - 01/20/26 11:19:48 - 0:03:54 - dev average edit distance is 0.11 at epoch 112
INFO - 01/20/26 11:19:48 - 0:03:54 - At 113-th epoch with lr 0.000706.
INFO - 01/20/26 11:19:50 - 0:03:56 - Running average train loss is 0.708803060054779 at epoch 113
INFO - 01/20/26 11:19:50 - 0:03:56 - At 114-th epoch with lr 0.000713.
INFO - 01/20/26 11:19:52 - 0:03:58 - Running average train loss is 0.7072669577598572 at epoch 114
INFO - 01/20/26 11:19:52 - 0:03:58 - At 115-th epoch with lr 0.000719.
INFO - 01/20/26 11:19:54 - 0:04:00 - Running average train loss is 0.7060953426361084 at epoch 115
INFO - 01/20/26 11:19:54 - 0:04:00 - At 116-th epoch with lr 0.000725.
INFO - 01/20/26 11:19:56 - 0:04:02 - Running average train loss is 0.7082620525360107 at epoch 116
INFO - 01/20/26 11:19:56 - 0:04:02 - At 117-th epoch with lr 0.000731.
INFO - 01/20/26 11:19:58 - 0:04:04 - Running average train loss is 0.708415904045105 at epoch 117
INFO - 01/20/26 11:19:58 - 0:04:04 - At 118-th epoch with lr 0.000738.
INFO - 01/20/26 11:20:00 - 0:04:05 - Running average train loss is 0.7078136730194092 at epoch 118
INFO - 01/20/26 11:20:00 - 0:04:05 - At 119-th epoch with lr 0.000744.
INFO - 01/20/26 11:20:01 - 0:04:07 - Running average train loss is 0.7058145356178284 at epoch 119
INFO - 01/20/26 11:20:01 - 0:04:07 - At 120-th epoch with lr 0.000750.
INFO - 01/20/26 11:20:03 - 0:04:09 - Running average train loss is 0.7068116068840027 at epoch 120
INFO - 01/20/26 11:20:03 - 0:04:09 - At 121-th epoch with lr 0.000756.
INFO - 01/20/26 11:20:05 - 0:04:11 - Running average train loss is 0.7071013355255127 at epoch 121
INFO - 01/20/26 11:20:05 - 0:04:11 - At 122-th epoch with lr 0.000762.
INFO - 01/20/26 11:20:07 - 0:04:13 - Running average train loss is 0.7063142657279968 at epoch 122
INFO - 01/20/26 11:20:07 - 0:04:13 - At 123-th epoch with lr 0.000769.
INFO - 01/20/26 11:20:09 - 0:04:15 - Running average train loss is 0.7065029144287109 at epoch 123
INFO - 01/20/26 11:20:09 - 0:04:15 - At 124-th epoch with lr 0.000775.
INFO - 01/20/26 11:20:11 - 0:04:16 - Running average train loss is 0.7062199950218201 at epoch 124
INFO - 01/20/26 11:20:11 - 0:04:16 - At 125-th epoch with lr 0.000781.
INFO - 01/20/26 11:20:12 - 0:04:18 - Running average train loss is 0.7077417039871216 at epoch 125
INFO - 01/20/26 11:20:12 - 0:04:18 - At 126-th epoch with lr 0.000788.
INFO - 01/20/26 11:20:14 - 0:04:20 - Running average train loss is 0.7075949001312256 at epoch 126
INFO - 01/20/26 11:20:14 - 0:04:20 - At 127-th epoch with lr 0.000794.
INFO - 01/20/26 11:20:16 - 0:04:22 - Running average train loss is 0.7071288108825684 at epoch 127
INFO - 01/20/26 11:20:16 - 0:04:22 - At 128-th epoch with lr 0.000800.
INFO - 01/20/26 11:20:18 - 0:04:23 - Running average train loss is 0.706466965675354 at epoch 128
INFO - 01/20/26 11:20:18 - 0:04:24 - Average dev loss is 0.7680437564849854 at epoch 128
INFO - 01/20/26 11:20:18 - 0:04:24 - dev accuracy is 90.1 at epoch 128
INFO - 01/20/26 11:20:18 - 0:04:24 - dev average edit distance is 0.105 at epoch 128
INFO - 01/20/26 11:20:18 - 0:04:24 - At 129-th epoch with lr 0.000806.
INFO - 01/20/26 11:20:20 - 0:04:26 - Running average train loss is 0.7061636686325073 at epoch 129
INFO - 01/20/26 11:20:20 - 0:04:26 - At 130-th epoch with lr 0.000813.
INFO - 01/20/26 11:20:22 - 0:04:28 - Running average train loss is 0.7070579624176025 at epoch 130
INFO - 01/20/26 11:20:22 - 0:04:28 - At 131-th epoch with lr 0.000819.
INFO - 01/20/26 11:20:24 - 0:04:29 - Running average train loss is 0.7053467750549316 at epoch 131
INFO - 01/20/26 11:20:24 - 0:04:29 - At 132-th epoch with lr 0.000825.
INFO - 01/20/26 11:20:25 - 0:04:31 - Running average train loss is 0.7057403326034546 at epoch 132
INFO - 01/20/26 11:20:25 - 0:04:31 - At 133-th epoch with lr 0.000831.
INFO - 01/20/26 11:20:27 - 0:04:33 - Running average train loss is 0.7047496652603149 at epoch 133
INFO - 01/20/26 11:20:27 - 0:04:33 - At 134-th epoch with lr 0.000838.
INFO - 01/20/26 11:20:29 - 0:04:35 - Running average train loss is 0.7085165691375732 at epoch 134
INFO - 01/20/26 11:20:29 - 0:04:35 - At 135-th epoch with lr 0.000844.
INFO - 01/20/26 11:20:31 - 0:04:37 - Running average train loss is 0.7065735101699829 at epoch 135
INFO - 01/20/26 11:20:31 - 0:04:37 - At 136-th epoch with lr 0.000850.
INFO - 01/20/26 11:20:33 - 0:04:39 - Running average train loss is 0.7061001682281494 at epoch 136
INFO - 01/20/26 11:20:33 - 0:04:39 - At 137-th epoch with lr 0.000856.
INFO - 01/20/26 11:20:34 - 0:04:40 - Running average train loss is 0.7078300738334655 at epoch 137
INFO - 01/20/26 11:20:34 - 0:04:40 - At 138-th epoch with lr 0.000863.
INFO - 01/20/26 11:20:36 - 0:04:42 - Running average train loss is 0.7059330058097839 at epoch 138
INFO - 01/20/26 11:20:36 - 0:04:42 - At 139-th epoch with lr 0.000869.
INFO - 01/20/26 11:20:38 - 0:04:44 - Running average train loss is 0.705020112991333 at epoch 139
INFO - 01/20/26 11:20:38 - 0:04:44 - At 140-th epoch with lr 0.000875.
INFO - 01/20/26 11:20:40 - 0:04:46 - Running average train loss is 0.7063172817230224 at epoch 140
INFO - 01/20/26 11:20:40 - 0:04:46 - At 141-th epoch with lr 0.000881.
INFO - 01/20/26 11:20:42 - 0:04:48 - Running average train loss is 0.7046070170402526 at epoch 141
INFO - 01/20/26 11:20:42 - 0:04:48 - At 142-th epoch with lr 0.000887.
INFO - 01/20/26 11:20:44 - 0:04:50 - Running average train loss is 0.7063203930854798 at epoch 142
INFO - 01/20/26 11:20:44 - 0:04:50 - At 143-th epoch with lr 0.000894.
INFO - 01/20/26 11:20:46 - 0:04:52 - Running average train loss is 0.7047412419319152 at epoch 143
INFO - 01/20/26 11:20:46 - 0:04:52 - At 144-th epoch with lr 0.000900.
INFO - 01/20/26 11:20:48 - 0:04:54 - Running average train loss is 0.7063815641403198 at epoch 144
INFO - 01/20/26 11:20:48 - 0:04:54 - Average dev loss is 0.7716718713442484 at epoch 144
INFO - 01/20/26 11:20:49 - 0:04:54 - dev accuracy is 90.2 at epoch 144
INFO - 01/20/26 11:20:49 - 0:04:54 - dev average edit distance is 0.115 at epoch 144
INFO - 01/20/26 11:20:49 - 0:04:55 - At 145-th epoch with lr 0.000906.
INFO - 01/20/26 11:20:51 - 0:04:57 - Running average train loss is 0.7059575271606445 at epoch 145
INFO - 01/20/26 11:20:51 - 0:04:57 - At 146-th epoch with lr 0.000913.
INFO - 01/20/26 11:20:53 - 0:04:58 - Running average train loss is 0.7091199612617493 at epoch 146
INFO - 01/20/26 11:20:53 - 0:04:58 - At 147-th epoch with lr 0.000919.
INFO - 01/20/26 11:20:54 - 0:05:00 - Running average train loss is 0.707128267288208 at epoch 147
INFO - 01/20/26 11:20:54 - 0:05:00 - At 148-th epoch with lr 0.000925.
INFO - 01/20/26 11:20:56 - 0:05:02 - Running average train loss is 0.7050351548194885 at epoch 148
INFO - 01/20/26 11:20:56 - 0:05:02 - At 149-th epoch with lr 0.000931.
INFO - 01/20/26 11:20:58 - 0:05:04 - Running average train loss is 0.7038297581672669 at epoch 149
INFO - 01/20/26 11:20:58 - 0:05:04 - At 150-th epoch with lr 0.000937.
INFO - 01/20/26 11:21:00 - 0:05:06 - Running average train loss is 0.705686559677124 at epoch 150
INFO - 01/20/26 11:21:00 - 0:05:06 - At 151-th epoch with lr 0.000944.
INFO - 01/20/26 11:21:01 - 0:05:07 - Running average train loss is 0.7066388273239136 at epoch 151
INFO - 01/20/26 11:21:01 - 0:05:07 - At 152-th epoch with lr 0.000950.
INFO - 01/20/26 11:21:03 - 0:05:09 - Running average train loss is 0.707879638671875 at epoch 152
INFO - 01/20/26 11:21:03 - 0:05:09 - At 153-th epoch with lr 0.000956.
INFO - 01/20/26 11:21:05 - 0:05:11 - Running average train loss is 0.7067585158348083 at epoch 153
INFO - 01/20/26 11:21:05 - 0:05:11 - At 154-th epoch with lr 0.000963.
INFO - 01/20/26 11:21:07 - 0:05:13 - Running average train loss is 0.7056972551345825 at epoch 154
INFO - 01/20/26 11:21:07 - 0:05:13 - At 155-th epoch with lr 0.000969.
INFO - 01/20/26 11:21:09 - 0:05:14 - Running average train loss is 0.7068224334716797 at epoch 155
INFO - 01/20/26 11:21:09 - 0:05:14 - At 156-th epoch with lr 0.000975.
INFO - 01/20/26 11:21:10 - 0:05:16 - Running average train loss is 0.7065883874893188 at epoch 156
INFO - 01/20/26 11:21:10 - 0:05:16 - At 157-th epoch with lr 0.000981.
INFO - 01/20/26 11:21:12 - 0:05:18 - Running average train loss is 0.7060650253295898 at epoch 157
INFO - 01/20/26 11:21:12 - 0:05:18 - At 158-th epoch with lr 0.000988.
INFO - 01/20/26 11:21:14 - 0:05:20 - Running average train loss is 0.7051756405830383 at epoch 158
INFO - 01/20/26 11:21:14 - 0:05:20 - At 159-th epoch with lr 0.000994.
INFO - 01/20/26 11:21:16 - 0:05:22 - Running average train loss is 0.7046097564697266 at epoch 159
INFO - 01/20/26 11:21:16 - 0:05:22 - At 160-th epoch with lr 0.001000.
INFO - 01/20/26 11:21:18 - 0:05:23 - Running average train loss is 0.7060618686676026 at epoch 160
INFO - 01/20/26 11:21:18 - 0:05:23 - Average dev loss is 0.779480516910553 at epoch 160
INFO - 01/20/26 11:21:18 - 0:05:24 - dev accuracy is 90.0 at epoch 160
INFO - 01/20/26 11:21:18 - 0:05:24 - dev average edit distance is 0.105 at epoch 160
INFO - 01/20/26 11:21:18 - 0:05:24 - At 161-th epoch with lr 0.000997.
INFO - 01/20/26 11:21:20 - 0:05:26 - Running average train loss is 0.706326642036438 at epoch 161
INFO - 01/20/26 11:21:20 - 0:05:26 - At 162-th epoch with lr 0.000994.
INFO - 01/20/26 11:21:22 - 0:05:28 - Running average train loss is 0.7074290633201599 at epoch 162
INFO - 01/20/26 11:21:22 - 0:05:28 - At 163-th epoch with lr 0.000991.
INFO - 01/20/26 11:21:24 - 0:05:30 - Running average train loss is 0.7073430180549621 at epoch 163
INFO - 01/20/26 11:21:24 - 0:05:30 - At 164-th epoch with lr 0.000988.
INFO - 01/20/26 11:21:26 - 0:05:31 - Running average train loss is 0.7077035975456237 at epoch 164
INFO - 01/20/26 11:21:26 - 0:05:31 - At 165-th epoch with lr 0.000985.
INFO - 01/20/26 11:21:27 - 0:05:33 - Running average train loss is 0.7058418679237366 at epoch 165
INFO - 01/20/26 11:21:27 - 0:05:33 - At 166-th epoch with lr 0.000982.
INFO - 01/20/26 11:21:29 - 0:05:35 - Running average train loss is 0.7045396828651428 at epoch 166
INFO - 01/20/26 11:21:29 - 0:05:35 - At 167-th epoch with lr 0.000979.
INFO - 01/20/26 11:21:31 - 0:05:37 - Running average train loss is 0.702773814201355 at epoch 167
INFO - 01/20/26 11:21:31 - 0:05:37 - At 168-th epoch with lr 0.000976.
INFO - 01/20/26 11:21:33 - 0:05:39 - Running average train loss is 0.7021716237068176 at epoch 168
INFO - 01/20/26 11:21:33 - 0:05:39 - At 169-th epoch with lr 0.000973.
INFO - 01/20/26 11:21:35 - 0:05:41 - Running average train loss is 0.7029872632026672 at epoch 169
INFO - 01/20/26 11:21:35 - 0:05:41 - At 170-th epoch with lr 0.000970.
INFO - 01/20/26 11:21:37 - 0:05:43 - Running average train loss is 0.7033004570007324 at epoch 170
INFO - 01/20/26 11:21:37 - 0:05:43 - At 171-th epoch with lr 0.000967.
INFO - 01/20/26 11:21:39 - 0:05:44 - Running average train loss is 0.7036853218078614 at epoch 171
INFO - 01/20/26 11:21:39 - 0:05:44 - At 172-th epoch with lr 0.000964.
INFO - 01/20/26 11:21:40 - 0:05:46 - Running average train loss is 0.703122935295105 at epoch 172
INFO - 01/20/26 11:21:40 - 0:05:46 - At 173-th epoch with lr 0.000962.
INFO - 01/20/26 11:21:42 - 0:05:48 - Running average train loss is 0.7045508646965026 at epoch 173
INFO - 01/20/26 11:21:42 - 0:05:48 - At 174-th epoch with lr 0.000959.
INFO - 01/20/26 11:21:44 - 0:05:50 - Running average train loss is 0.704853413105011 at epoch 174
INFO - 01/20/26 11:21:44 - 0:05:50 - At 175-th epoch with lr 0.000956.
INFO - 01/20/26 11:21:46 - 0:05:52 - Running average train loss is 0.7036561131477356 at epoch 175
INFO - 01/20/26 11:21:46 - 0:05:52 - At 176-th epoch with lr 0.000953.
INFO - 01/20/26 11:21:48 - 0:05:54 - Running average train loss is 0.7021984481811523 at epoch 176
INFO - 01/20/26 11:21:48 - 0:05:54 - Average dev loss is 0.7571569681167603 at epoch 176
INFO - 01/20/26 11:21:49 - 0:05:55 - dev accuracy is 90.2 at epoch 176
INFO - 01/20/26 11:21:49 - 0:05:55 - dev average edit distance is 0.106 at epoch 176
INFO - 01/20/26 11:21:49 - 0:05:55 - At 177-th epoch with lr 0.000951.
INFO - 01/20/26 11:21:51 - 0:05:57 - Running average train loss is 0.7025057291984558 at epoch 177
INFO - 01/20/26 11:21:51 - 0:05:57 - At 178-th epoch with lr 0.000948.
INFO - 01/20/26 11:21:53 - 0:05:59 - Running average train loss is 0.7020043659210206 at epoch 178
INFO - 01/20/26 11:21:53 - 0:05:59 - At 179-th epoch with lr 0.000945.
INFO - 01/20/26 11:21:55 - 0:06:00 - Running average train loss is 0.7024453973770142 at epoch 179
INFO - 01/20/26 11:21:55 - 0:06:00 - At 180-th epoch with lr 0.000943.
INFO - 01/20/26 11:21:56 - 0:06:02 - Running average train loss is 0.7039360046386719 at epoch 180
INFO - 01/20/26 11:21:56 - 0:06:02 - At 181-th epoch with lr 0.000940.
INFO - 01/20/26 11:21:58 - 0:06:04 - Running average train loss is 0.7035323739051819 at epoch 181
INFO - 01/20/26 11:21:58 - 0:06:04 - At 182-th epoch with lr 0.000938.
INFO - 01/20/26 11:22:00 - 0:06:06 - Running average train loss is 0.7024258995056152 at epoch 182
INFO - 01/20/26 11:22:00 - 0:06:06 - At 183-th epoch with lr 0.000935.
INFO - 01/20/26 11:22:02 - 0:06:08 - Running average train loss is 0.7023758316040039 at epoch 183
INFO - 01/20/26 11:22:02 - 0:06:08 - At 184-th epoch with lr 0.000933.
INFO - 01/20/26 11:22:03 - 0:06:09 - Running average train loss is 0.7018941402435303 at epoch 184
INFO - 01/20/26 11:22:03 - 0:06:09 - At 185-th epoch with lr 0.000930.
INFO - 01/20/26 11:22:05 - 0:06:11 - Running average train loss is 0.701532998085022 at epoch 185
INFO - 01/20/26 11:22:05 - 0:06:11 - At 186-th epoch with lr 0.000927.
INFO - 01/20/26 11:22:07 - 0:06:13 - Running average train loss is 0.7011654710769654 at epoch 186
INFO - 01/20/26 11:22:07 - 0:06:13 - At 187-th epoch with lr 0.000925.
INFO - 01/20/26 11:22:09 - 0:06:15 - Running average train loss is 0.7014688396453858 at epoch 187
INFO - 01/20/26 11:22:09 - 0:06:15 - At 188-th epoch with lr 0.000923.
INFO - 01/20/26 11:22:11 - 0:06:16 - Running average train loss is 0.7014008474349975 at epoch 188
INFO - 01/20/26 11:22:11 - 0:06:16 - At 189-th epoch with lr 0.000920.
INFO - 01/20/26 11:22:12 - 0:06:18 - Running average train loss is 0.7026750445365906 at epoch 189
INFO - 01/20/26 11:22:12 - 0:06:18 - At 190-th epoch with lr 0.000918.
INFO - 01/20/26 11:22:14 - 0:06:20 - Running average train loss is 0.7026658391952515 at epoch 190
INFO - 01/20/26 11:22:14 - 0:06:20 - At 191-th epoch with lr 0.000915.
INFO - 01/20/26 11:22:16 - 0:06:22 - Running average train loss is 0.7014351534843445 at epoch 191
INFO - 01/20/26 11:22:16 - 0:06:22 - At 192-th epoch with lr 0.000913.
INFO - 01/20/26 11:22:18 - 0:06:24 - Running average train loss is 0.7015770435333252 at epoch 192
INFO - 01/20/26 11:22:18 - 0:06:24 - Average dev loss is 0.7754153609275818 at epoch 192
INFO - 01/20/26 11:22:18 - 0:06:24 - dev accuracy is 88.4 at epoch 192
INFO - 01/20/26 11:22:18 - 0:06:24 - dev average edit distance is 0.128 at epoch 192
INFO - 01/20/26 11:22:18 - 0:06:24 - At 193-th epoch with lr 0.000911.
INFO - 01/20/26 11:22:20 - 0:06:26 - Running average train loss is 0.7002965712547302 at epoch 193
INFO - 01/20/26 11:22:20 - 0:06:26 - At 194-th epoch with lr 0.000908.
INFO - 01/20/26 11:22:22 - 0:06:28 - Running average train loss is 0.7006537175178528 at epoch 194
INFO - 01/20/26 11:22:22 - 0:06:28 - At 195-th epoch with lr 0.000906.
INFO - 01/20/26 11:22:24 - 0:06:30 - Running average train loss is 0.7013220739364624 at epoch 195
INFO - 01/20/26 11:22:24 - 0:06:30 - At 196-th epoch with lr 0.000904.
INFO - 01/20/26 11:22:25 - 0:06:31 - Running average train loss is 0.699829387664795 at epoch 196
INFO - 01/20/26 11:22:25 - 0:06:31 - At 197-th epoch with lr 0.000901.
INFO - 01/20/26 11:22:27 - 0:06:33 - Running average train loss is 0.6997690463066101 at epoch 197
INFO - 01/20/26 11:22:27 - 0:06:33 - At 198-th epoch with lr 0.000899.
INFO - 01/20/26 11:22:29 - 0:06:35 - Running average train loss is 0.699854621887207 at epoch 198
INFO - 01/20/26 11:22:29 - 0:06:35 - At 199-th epoch with lr 0.000897.
INFO - 01/20/26 11:22:31 - 0:06:37 - Running average train loss is 0.7007395100593566 at epoch 199
INFO - 01/20/26 11:22:31 - 0:06:37 - At 200-th epoch with lr 0.000894.
INFO - 01/20/26 11:22:33 - 0:06:38 - Running average train loss is 0.7027180337905884 at epoch 200
INFO - 01/20/26 11:22:33 - 0:06:38 - At 201-th epoch with lr 0.000892.
INFO - 01/20/26 11:22:34 - 0:06:40 - Running average train loss is 0.6997241258621216 at epoch 201
INFO - 01/20/26 11:22:34 - 0:06:40 - At 202-th epoch with lr 0.000890.
INFO - 01/20/26 11:22:36 - 0:06:42 - Running average train loss is 0.7008095407485961 at epoch 202
INFO - 01/20/26 11:22:36 - 0:06:42 - At 203-th epoch with lr 0.000888.
INFO - 01/20/26 11:22:38 - 0:06:44 - Running average train loss is 0.6989717435836792 at epoch 203
INFO - 01/20/26 11:22:38 - 0:06:44 - At 204-th epoch with lr 0.000886.
INFO - 01/20/26 11:22:40 - 0:06:46 - Running average train loss is 0.7005544137954712 at epoch 204
INFO - 01/20/26 11:22:40 - 0:06:46 - At 205-th epoch with lr 0.000883.
INFO - 01/20/26 11:22:41 - 0:06:47 - Running average train loss is 0.6998207521438599 at epoch 205
INFO - 01/20/26 11:22:41 - 0:06:47 - At 206-th epoch with lr 0.000881.
INFO - 01/20/26 11:22:43 - 0:06:49 - Running average train loss is 0.6991818046569824 at epoch 206
INFO - 01/20/26 11:22:43 - 0:06:49 - At 207-th epoch with lr 0.000879.
INFO - 01/20/26 11:22:45 - 0:06:51 - Running average train loss is 0.6987762689590454 at epoch 207
INFO - 01/20/26 11:22:45 - 0:06:51 - At 208-th epoch with lr 0.000877.
INFO - 01/20/26 11:22:47 - 0:06:53 - Running average train loss is 0.6998976254463196 at epoch 208
INFO - 01/20/26 11:22:47 - 0:06:53 - Average dev loss is 0.7641187310218811 at epoch 208
INFO - 01/20/26 11:22:47 - 0:06:53 - dev accuracy is 90.4 at epoch 208
INFO - 01/20/26 11:22:47 - 0:06:53 - dev average edit distance is 0.114 at epoch 208
INFO - 01/20/26 11:22:47 - 0:06:53 - At 209-th epoch with lr 0.000875.
INFO - 01/20/26 11:22:49 - 0:06:55 - Running average train loss is 0.701544816493988 at epoch 209
INFO - 01/20/26 11:22:49 - 0:06:55 - At 210-th epoch with lr 0.000873.
INFO - 01/20/26 11:22:51 - 0:06:57 - Running average train loss is 0.7000775647163391 at epoch 210
INFO - 01/20/26 11:22:51 - 0:06:57 - At 211-th epoch with lr 0.000871.
INFO - 01/20/26 11:22:54 - 0:06:59 - Running average train loss is 0.700761125087738 at epoch 211
INFO - 01/20/26 11:22:54 - 0:06:59 - At 212-th epoch with lr 0.000869.
INFO - 01/20/26 11:22:55 - 0:07:01 - Running average train loss is 0.6989816451072692 at epoch 212
INFO - 01/20/26 11:22:55 - 0:07:01 - At 213-th epoch with lr 0.000867.
INFO - 01/20/26 11:22:57 - 0:07:03 - Running average train loss is 0.6991067504882813 at epoch 213
INFO - 01/20/26 11:22:57 - 0:07:03 - At 214-th epoch with lr 0.000865.
INFO - 01/20/26 11:22:59 - 0:07:05 - Running average train loss is 0.6987319350242615 at epoch 214
INFO - 01/20/26 11:22:59 - 0:07:05 - At 215-th epoch with lr 0.000863.
INFO - 01/20/26 11:23:01 - 0:07:07 - Running average train loss is 0.6992970705032349 at epoch 215
INFO - 01/20/26 11:23:01 - 0:07:07 - At 216-th epoch with lr 0.000861.
INFO - 01/20/26 11:23:02 - 0:07:08 - Running average train loss is 0.6996395134925842 at epoch 216
INFO - 01/20/26 11:23:02 - 0:07:08 - At 217-th epoch with lr 0.000859.
INFO - 01/20/26 11:23:04 - 0:07:10 - Running average train loss is 0.6984493184089661 at epoch 217
INFO - 01/20/26 11:23:04 - 0:07:10 - At 218-th epoch with lr 0.000857.
INFO - 01/20/26 11:23:06 - 0:07:12 - Running average train loss is 0.6986953830718994 at epoch 218
INFO - 01/20/26 11:23:06 - 0:07:12 - At 219-th epoch with lr 0.000855.
INFO - 01/20/26 11:23:08 - 0:07:14 - Running average train loss is 0.69845782995224 at epoch 219
INFO - 01/20/26 11:23:08 - 0:07:14 - At 220-th epoch with lr 0.000853.
INFO - 01/20/26 11:23:10 - 0:07:15 - Running average train loss is 0.6982583093643189 at epoch 220
INFO - 01/20/26 11:23:10 - 0:07:15 - At 221-th epoch with lr 0.000851.
INFO - 01/20/26 11:23:11 - 0:07:17 - Running average train loss is 0.6981132197380066 at epoch 221
INFO - 01/20/26 11:23:11 - 0:07:17 - At 222-th epoch with lr 0.000849.
INFO - 01/20/26 11:23:13 - 0:07:19 - Running average train loss is 0.6992730331420899 at epoch 222
INFO - 01/20/26 11:23:13 - 0:07:19 - At 223-th epoch with lr 0.000847.
INFO - 01/20/26 11:23:15 - 0:07:21 - Running average train loss is 0.6974180150032043 at epoch 223
INFO - 01/20/26 11:23:15 - 0:07:21 - At 224-th epoch with lr 0.000845.
INFO - 01/20/26 11:23:17 - 0:07:23 - Running average train loss is 0.6974604201316833 at epoch 224
INFO - 01/20/26 11:23:17 - 0:07:23 - Average dev loss is 0.7691322763760885 at epoch 224
INFO - 01/20/26 11:23:17 - 0:07:23 - dev accuracy is 91.3 at epoch 224
INFO - 01/20/26 11:23:17 - 0:07:23 - dev average edit distance is 0.107 at epoch 224
INFO - 01/20/26 11:23:17 - 0:07:23 - At 225-th epoch with lr 0.000843.
INFO - 01/20/26 11:23:19 - 0:07:25 - Running average train loss is 0.6979283690452576 at epoch 225
INFO - 01/20/26 11:23:19 - 0:07:25 - At 226-th epoch with lr 0.000841.
INFO - 01/20/26 11:23:21 - 0:07:27 - Running average train loss is 0.6984786558151245 at epoch 226
INFO - 01/20/26 11:23:21 - 0:07:27 - At 227-th epoch with lr 0.000840.
INFO - 01/20/26 11:23:23 - 0:07:29 - Running average train loss is 0.6983029580116272 at epoch 227
INFO - 01/20/26 11:23:23 - 0:07:29 - At 228-th epoch with lr 0.000838.
INFO - 01/20/26 11:23:24 - 0:07:30 - Running average train loss is 0.6988536238670349 at epoch 228
INFO - 01/20/26 11:23:25 - 0:07:30 - At 229-th epoch with lr 0.000836.
INFO - 01/20/26 11:23:26 - 0:07:32 - Running average train loss is 0.6980760884284973 at epoch 229
INFO - 01/20/26 11:23:26 - 0:07:32 - At 230-th epoch with lr 0.000834.
INFO - 01/20/26 11:23:28 - 0:07:34 - Running average train loss is 0.6980640316009521 at epoch 230
INFO - 01/20/26 11:23:28 - 0:07:34 - At 231-th epoch with lr 0.000832.
INFO - 01/20/26 11:23:30 - 0:07:36 - Running average train loss is 0.6981981086730957 at epoch 231
INFO - 01/20/26 11:23:30 - 0:07:36 - At 232-th epoch with lr 0.000830.
INFO - 01/20/26 11:23:32 - 0:07:38 - Running average train loss is 0.6977938556671143 at epoch 232
INFO - 01/20/26 11:23:32 - 0:07:38 - At 233-th epoch with lr 0.000829.
INFO - 01/20/26 11:23:34 - 0:07:39 - Running average train loss is 0.6978431963920593 at epoch 233
INFO - 01/20/26 11:23:34 - 0:07:39 - At 234-th epoch with lr 0.000827.
INFO - 01/20/26 11:23:35 - 0:07:41 - Running average train loss is 0.6978694128990174 at epoch 234
INFO - 01/20/26 11:23:35 - 0:07:41 - At 235-th epoch with lr 0.000825.
INFO - 01/20/26 11:23:37 - 0:07:43 - Running average train loss is 0.6973228073120117 at epoch 235
INFO - 01/20/26 11:23:37 - 0:07:43 - At 236-th epoch with lr 0.000823.
INFO - 01/20/26 11:23:39 - 0:07:45 - Running average train loss is 0.6994988369941711 at epoch 236
INFO - 01/20/26 11:23:39 - 0:07:45 - At 237-th epoch with lr 0.000822.
INFO - 01/20/26 11:23:41 - 0:07:47 - Running average train loss is 0.6975002813339234 at epoch 237
INFO - 01/20/26 11:23:41 - 0:07:47 - At 238-th epoch with lr 0.000820.
INFO - 01/20/26 11:23:42 - 0:07:48 - Running average train loss is 0.6972089529037475 at epoch 238
INFO - 01/20/26 11:23:42 - 0:07:48 - At 239-th epoch with lr 0.000818.
INFO - 01/20/26 11:23:44 - 0:07:50 - Running average train loss is 0.6956985116004943 at epoch 239
INFO - 01/20/26 11:23:44 - 0:07:50 - At 240-th epoch with lr 0.000816.
INFO - 01/20/26 11:23:46 - 0:07:52 - Running average train loss is 0.6973305034637451 at epoch 240
INFO - 01/20/26 11:23:46 - 0:07:52 - Average dev loss is 0.7707273960113525 at epoch 240
INFO - 01/20/26 11:23:46 - 0:07:52 - dev accuracy is 90.8 at epoch 240
INFO - 01/20/26 11:23:46 - 0:07:52 - dev average edit distance is 0.097 at epoch 240
INFO - 01/20/26 11:23:47 - 0:07:52 - At 241-th epoch with lr 0.000815.
INFO - 01/20/26 11:23:48 - 0:07:54 - Running average train loss is 0.698336546421051 at epoch 241
INFO - 01/20/26 11:23:48 - 0:07:54 - At 242-th epoch with lr 0.000813.
INFO - 01/20/26 11:23:50 - 0:07:56 - Running average train loss is 0.6983147478103637 at epoch 242
INFO - 01/20/26 11:23:50 - 0:07:56 - At 243-th epoch with lr 0.000811.
INFO - 01/20/26 11:23:52 - 0:07:58 - Running average train loss is 0.6980195307731628 at epoch 243
INFO - 01/20/26 11:23:52 - 0:07:58 - At 244-th epoch with lr 0.000810.
INFO - 01/20/26 11:23:54 - 0:08:00 - Running average train loss is 0.6966457533836364 at epoch 244
INFO - 01/20/26 11:23:54 - 0:08:00 - At 245-th epoch with lr 0.000808.
INFO - 01/20/26 11:23:56 - 0:08:02 - Running average train loss is 0.696256377696991 at epoch 245
INFO - 01/20/26 11:23:56 - 0:08:02 - At 246-th epoch with lr 0.000806.
INFO - 01/20/26 11:23:58 - 0:08:04 - Running average train loss is 0.69760644197464 at epoch 246
INFO - 01/20/26 11:23:58 - 0:08:04 - At 247-th epoch with lr 0.000805.
INFO - 01/20/26 11:23:59 - 0:08:05 - Running average train loss is 0.6973684096336364 at epoch 247
INFO - 01/20/26 11:23:59 - 0:08:05 - At 248-th epoch with lr 0.000803.
INFO - 01/20/26 11:24:01 - 0:08:07 - Running average train loss is 0.6976825523376465 at epoch 248
INFO - 01/20/26 11:24:01 - 0:08:07 - At 249-th epoch with lr 0.000802.
INFO - 01/20/26 11:24:03 - 0:08:09 - Running average train loss is 0.697212097644806 at epoch 249
INFO - 01/20/26 11:24:03 - 0:08:09 - At 250-th epoch with lr 0.000800.
INFO - 01/20/26 11:24:05 - 0:08:11 - Running average train loss is 0.6971160650253296 at epoch 250
INFO - 01/20/26 11:24:05 - 0:08:11 - At 251-th epoch with lr 0.000798.
INFO - 01/20/26 11:24:07 - 0:08:13 - Running average train loss is 0.6979089593887329 at epoch 251
INFO - 01/20/26 11:24:07 - 0:08:13 - At 252-th epoch with lr 0.000797.
INFO - 01/20/26 11:24:09 - 0:08:14 - Running average train loss is 0.6974034833908082 at epoch 252
INFO - 01/20/26 11:24:09 - 0:08:14 - At 253-th epoch with lr 0.000795.
INFO - 01/20/26 11:24:10 - 0:08:16 - Running average train loss is 0.6971759629249573 at epoch 253
INFO - 01/20/26 11:24:10 - 0:08:16 - At 254-th epoch with lr 0.000794.
INFO - 01/20/26 11:24:12 - 0:08:18 - Running average train loss is 0.6958712124824524 at epoch 254
INFO - 01/20/26 11:24:12 - 0:08:18 - At 255-th epoch with lr 0.000792.
INFO - 01/20/26 11:24:14 - 0:08:20 - Running average train loss is 0.6972785758972168 at epoch 255
INFO - 01/20/26 11:24:14 - 0:08:20 - At 256-th epoch with lr 0.000791.
INFO - 01/20/26 11:24:16 - 0:08:22 - Running average train loss is 0.6972173261642456 at epoch 256
INFO - 01/20/26 11:24:16 - 0:08:22 - Average dev loss is 0.7655785878499349 at epoch 256
INFO - 01/20/26 11:24:16 - 0:08:22 - dev accuracy is 89.7 at epoch 256
INFO - 01/20/26 11:24:16 - 0:08:22 - dev average edit distance is 0.115 at epoch 256
INFO - 01/20/26 11:24:16 - 0:08:22 - At 257-th epoch with lr 0.000789.
INFO - 01/20/26 11:24:18 - 0:08:24 - Running average train loss is 0.6965522623062134 at epoch 257
INFO - 01/20/26 11:24:18 - 0:08:24 - At 258-th epoch with lr 0.000787.
INFO - 01/20/26 11:24:20 - 0:08:26 - Running average train loss is 0.6963055658340455 at epoch 258
INFO - 01/20/26 11:24:20 - 0:08:26 - At 259-th epoch with lr 0.000786.
INFO - 01/20/26 11:24:22 - 0:08:28 - Running average train loss is 0.6965961956977844 at epoch 259
INFO - 01/20/26 11:24:22 - 0:08:28 - At 260-th epoch with lr 0.000784.
INFO - 01/20/26 11:24:24 - 0:08:29 - Running average train loss is 0.6964557528495788 at epoch 260
INFO - 01/20/26 11:24:24 - 0:08:29 - At 261-th epoch with lr 0.000783.
INFO - 01/20/26 11:24:25 - 0:08:31 - Running average train loss is 0.6966755700111389 at epoch 261
INFO - 01/20/26 11:24:25 - 0:08:31 - At 262-th epoch with lr 0.000781.
INFO - 01/20/26 11:24:27 - 0:08:33 - Running average train loss is 0.6966760063171387 at epoch 262
INFO - 01/20/26 11:24:27 - 0:08:33 - At 263-th epoch with lr 0.000780.
INFO - 01/20/26 11:24:29 - 0:08:35 - Running average train loss is 0.6957328176498413 at epoch 263
INFO - 01/20/26 11:24:29 - 0:08:35 - At 264-th epoch with lr 0.000778.
INFO - 01/20/26 11:24:31 - 0:08:37 - Running average train loss is 0.6962020611763 at epoch 264
INFO - 01/20/26 11:24:31 - 0:08:37 - At 265-th epoch with lr 0.000777.
INFO - 01/20/26 11:24:33 - 0:08:39 - Running average train loss is 0.6959561610221863 at epoch 265
INFO - 01/20/26 11:24:33 - 0:08:39 - At 266-th epoch with lr 0.000776.
INFO - 01/20/26 11:24:35 - 0:08:41 - Running average train loss is 0.6969782257080078 at epoch 266
INFO - 01/20/26 11:24:35 - 0:08:41 - At 267-th epoch with lr 0.000774.
INFO - 01/20/26 11:24:37 - 0:08:42 - Running average train loss is 0.69651118516922 at epoch 267
INFO - 01/20/26 11:24:37 - 0:08:42 - At 268-th epoch with lr 0.000773.
INFO - 01/20/26 11:24:38 - 0:08:44 - Running average train loss is 0.6968010210990906 at epoch 268
INFO - 01/20/26 11:24:38 - 0:08:44 - At 269-th epoch with lr 0.000771.
INFO - 01/20/26 11:24:40 - 0:08:46 - Running average train loss is 0.6966644620895386 at epoch 269
INFO - 01/20/26 11:24:40 - 0:08:46 - At 270-th epoch with lr 0.000770.
INFO - 01/20/26 11:24:42 - 0:08:48 - Running average train loss is 0.6963696193695068 at epoch 270
INFO - 01/20/26 11:24:42 - 0:08:48 - At 271-th epoch with lr 0.000768.
INFO - 01/20/26 11:24:44 - 0:08:50 - Running average train loss is 0.6960383868217468 at epoch 271
INFO - 01/20/26 11:24:44 - 0:08:50 - At 272-th epoch with lr 0.000767.
INFO - 01/20/26 11:24:46 - 0:08:51 - Running average train loss is 0.6955659246444702 at epoch 272
INFO - 01/20/26 11:24:46 - 0:08:52 - Average dev loss is 0.7740350365638733 at epoch 272
INFO - 01/20/26 11:24:46 - 0:08:52 - dev accuracy is 91.3 at epoch 272
INFO - 01/20/26 11:24:46 - 0:08:52 - dev average edit distance is 0.09 at epoch 272
INFO - 01/20/26 11:24:46 - 0:08:52 - At 273-th epoch with lr 0.000766.
INFO - 01/20/26 11:24:48 - 0:08:54 - Running average train loss is 0.6962791776657105 at epoch 273
INFO - 01/20/26 11:24:48 - 0:08:54 - At 274-th epoch with lr 0.000764.
INFO - 01/20/26 11:24:50 - 0:08:56 - Running average train loss is 0.6964094161987304 at epoch 274
INFO - 01/20/26 11:24:50 - 0:08:56 - At 275-th epoch with lr 0.000763.
INFO - 01/20/26 11:24:52 - 0:08:58 - Running average train loss is 0.695398576259613 at epoch 275
INFO - 01/20/26 11:24:52 - 0:08:58 - At 276-th epoch with lr 0.000761.
INFO - 01/20/26 11:24:53 - 0:08:59 - Running average train loss is 0.6952732062339783 at epoch 276
INFO - 01/20/26 11:24:53 - 0:08:59 - At 277-th epoch with lr 0.000760.
INFO - 01/20/26 11:24:55 - 0:09:01 - Running average train loss is 0.6955886864662171 at epoch 277
INFO - 01/20/26 11:24:55 - 0:09:01 - At 278-th epoch with lr 0.000759.
INFO - 01/20/26 11:24:57 - 0:09:03 - Running average train loss is 0.6950305628776551 at epoch 278
INFO - 01/20/26 11:24:57 - 0:09:03 - At 279-th epoch with lr 0.000757.
INFO - 01/20/26 11:24:59 - 0:09:05 - Running average train loss is 0.6951616382598877 at epoch 279
INFO - 01/20/26 11:24:59 - 0:09:05 - At 280-th epoch with lr 0.000756.
INFO - 01/20/26 11:25:01 - 0:09:06 - Running average train loss is 0.6956822896003723 at epoch 280
INFO - 01/20/26 11:25:01 - 0:09:06 - At 281-th epoch with lr 0.000755.
INFO - 01/20/26 11:25:02 - 0:09:08 - Running average train loss is 0.6952376246452332 at epoch 281
INFO - 01/20/26 11:25:02 - 0:09:08 - At 282-th epoch with lr 0.000753.
INFO - 01/20/26 11:25:04 - 0:09:10 - Running average train loss is 0.6958816003799438 at epoch 282
INFO - 01/20/26 11:25:04 - 0:09:10 - At 283-th epoch with lr 0.000752.
INFO - 01/20/26 11:25:06 - 0:09:12 - Running average train loss is 0.6956810569763183 at epoch 283
INFO - 01/20/26 11:25:06 - 0:09:12 - At 284-th epoch with lr 0.000751.
INFO - 01/20/26 11:25:08 - 0:09:14 - Running average train loss is 0.6953019952774048 at epoch 284
INFO - 01/20/26 11:25:08 - 0:09:14 - At 285-th epoch with lr 0.000749.
INFO - 01/20/26 11:25:10 - 0:09:15 - Running average train loss is 0.6960460233688355 at epoch 285
INFO - 01/20/26 11:25:10 - 0:09:15 - At 286-th epoch with lr 0.000748.
INFO - 01/20/26 11:25:11 - 0:09:17 - Running average train loss is 0.6961906504631042 at epoch 286
INFO - 01/20/26 11:25:11 - 0:09:17 - At 287-th epoch with lr 0.000747.
INFO - 01/20/26 11:25:13 - 0:09:19 - Running average train loss is 0.6957118844985962 at epoch 287
INFO - 01/20/26 11:25:13 - 0:09:19 - At 288-th epoch with lr 0.000745.
INFO - 01/20/26 11:25:15 - 0:09:21 - Running average train loss is 0.6947356247901917 at epoch 288
INFO - 01/20/26 11:25:15 - 0:09:21 - Average dev loss is 0.7743248542149862 at epoch 288
INFO - 01/20/26 11:25:15 - 0:09:21 - dev accuracy is 89.2 at epoch 288
INFO - 01/20/26 11:25:15 - 0:09:21 - dev average edit distance is 0.109 at epoch 288
INFO - 01/20/26 11:25:15 - 0:09:21 - At 289-th epoch with lr 0.000744.
INFO - 01/20/26 11:25:17 - 0:09:23 - Running average train loss is 0.6947585296630859 at epoch 289
INFO - 01/20/26 11:25:17 - 0:09:23 - At 290-th epoch with lr 0.000743.
INFO - 01/20/26 11:25:19 - 0:09:25 - Running average train loss is 0.6945859313011169 at epoch 290
INFO - 01/20/26 11:25:19 - 0:09:25 - At 291-th epoch with lr 0.000742.
INFO - 01/20/26 11:25:21 - 0:09:27 - Running average train loss is 0.6967844223976135 at epoch 291
INFO - 01/20/26 11:25:21 - 0:09:27 - At 292-th epoch with lr 0.000740.
INFO - 01/20/26 11:25:23 - 0:09:29 - Running average train loss is 0.6962386512756348 at epoch 292
INFO - 01/20/26 11:25:23 - 0:09:29 - At 293-th epoch with lr 0.000739.
INFO - 01/20/26 11:25:24 - 0:09:30 - Running average train loss is 0.6952986359596253 at epoch 293
INFO - 01/20/26 11:25:24 - 0:09:30 - At 294-th epoch with lr 0.000738.
INFO - 01/20/26 11:25:26 - 0:09:32 - Running average train loss is 0.6949396634101868 at epoch 294
INFO - 01/20/26 11:25:26 - 0:09:32 - At 295-th epoch with lr 0.000736.
INFO - 01/20/26 11:25:28 - 0:09:34 - Running average train loss is 0.6953210663795472 at epoch 295
INFO - 01/20/26 11:25:28 - 0:09:34 - At 296-th epoch with lr 0.000735.
INFO - 01/20/26 11:25:30 - 0:09:36 - Running average train loss is 0.6946351671218872 at epoch 296
INFO - 01/20/26 11:25:30 - 0:09:36 - At 297-th epoch with lr 0.000734.
INFO - 01/20/26 11:25:32 - 0:09:38 - Running average train loss is 0.6948669862747192 at epoch 297
INFO - 01/20/26 11:25:32 - 0:09:38 - At 298-th epoch with lr 0.000733.
INFO - 01/20/26 11:25:34 - 0:09:39 - Running average train loss is 0.6949360799789429 at epoch 298
INFO - 01/20/26 11:25:34 - 0:09:39 - At 299-th epoch with lr 0.000732.
INFO - 01/20/26 11:25:36 - 0:09:42 - Running average train loss is 0.6950962328910828 at epoch 299
INFO - 01/20/26 11:25:36 - 0:09:42 - At 300-th epoch with lr 0.000730.
INFO - 01/20/26 11:25:38 - 0:09:43 - Running average train loss is 0.6947923016548156 at epoch 300
INFO - 01/20/26 11:25:38 - 0:09:43 - At 301-th epoch with lr 0.000729.
INFO - 01/20/26 11:25:39 - 0:09:45 - Running average train loss is 0.695026559829712 at epoch 301
INFO - 01/20/26 11:25:39 - 0:09:45 - At 302-th epoch with lr 0.000728.
INFO - 01/20/26 11:25:41 - 0:09:47 - Running average train loss is 0.6945270395278931 at epoch 302
INFO - 01/20/26 11:25:41 - 0:09:47 - At 303-th epoch with lr 0.000727.
INFO - 01/20/26 11:25:43 - 0:09:49 - Running average train loss is 0.6952891826629639 at epoch 303
INFO - 01/20/26 11:25:43 - 0:09:49 - At 304-th epoch with lr 0.000725.
INFO - 01/20/26 11:25:45 - 0:09:51 - Running average train loss is 0.6954411339759826 at epoch 304
INFO - 01/20/26 11:25:45 - 0:09:51 - Average dev loss is 0.7655436197916666 at epoch 304
INFO - 01/20/26 11:25:45 - 0:09:51 - dev accuracy is 90.5 at epoch 304
INFO - 01/20/26 11:25:45 - 0:09:51 - dev average edit distance is 0.099 at epoch 304
INFO - 01/20/26 11:25:46 - 0:09:51 - At 305-th epoch with lr 0.000724.
INFO - 01/20/26 11:25:47 - 0:09:53 - Running average train loss is 0.6953730559349061 at epoch 305
INFO - 01/20/26 11:25:47 - 0:09:53 - At 306-th epoch with lr 0.000723.
INFO - 01/20/26 11:25:49 - 0:09:55 - Running average train loss is 0.6960569286346435 at epoch 306
INFO - 01/20/26 11:25:49 - 0:09:55 - At 307-th epoch with lr 0.000722.
INFO - 01/20/26 11:25:51 - 0:09:57 - Running average train loss is 0.6956498026847839 at epoch 307
INFO - 01/20/26 11:25:51 - 0:09:57 - At 308-th epoch with lr 0.000721.
INFO - 01/20/26 11:25:53 - 0:09:59 - Running average train loss is 0.6950573658943177 at epoch 308
INFO - 01/20/26 11:25:53 - 0:09:59 - At 309-th epoch with lr 0.000720.
INFO - 01/20/26 11:25:55 - 0:10:00 - Running average train loss is 0.6943653535842895 at epoch 309
INFO - 01/20/26 11:25:55 - 0:10:00 - At 310-th epoch with lr 0.000718.
INFO - 01/20/26 11:25:56 - 0:10:02 - Running average train loss is 0.6942364311218262 at epoch 310
INFO - 01/20/26 11:25:56 - 0:10:02 - At 311-th epoch with lr 0.000717.
INFO - 01/20/26 11:25:58 - 0:10:04 - Running average train loss is 0.6953460168838501 at epoch 311
INFO - 01/20/26 11:25:58 - 0:10:04 - At 312-th epoch with lr 0.000716.
INFO - 01/20/26 11:26:00 - 0:10:06 - Running average train loss is 0.6942637205123902 at epoch 312
INFO - 01/20/26 11:26:00 - 0:10:06 - At 313-th epoch with lr 0.000715.
INFO - 01/20/26 11:26:02 - 0:10:08 - Running average train loss is 0.6938935422897339 at epoch 313
INFO - 01/20/26 11:26:02 - 0:10:08 - At 314-th epoch with lr 0.000714.
INFO - 01/20/26 11:26:04 - 0:10:09 - Running average train loss is 0.6939554357528687 at epoch 314
INFO - 01/20/26 11:26:04 - 0:10:09 - At 315-th epoch with lr 0.000713.
INFO - 01/20/26 11:26:05 - 0:10:11 - Running average train loss is 0.6945005655288696 at epoch 315
INFO - 01/20/26 11:26:05 - 0:10:11 - At 316-th epoch with lr 0.000712.
INFO - 01/20/26 11:26:07 - 0:10:13 - Running average train loss is 0.695210485458374 at epoch 316
INFO - 01/20/26 11:26:07 - 0:10:13 - At 317-th epoch with lr 0.000710.
INFO - 01/20/26 11:26:09 - 0:10:15 - Running average train loss is 0.6948143100738525 at epoch 317
INFO - 01/20/26 11:26:09 - 0:10:15 - At 318-th epoch with lr 0.000709.
INFO - 01/20/26 11:26:11 - 0:10:17 - Running average train loss is 0.6944895315170289 at epoch 318
INFO - 01/20/26 11:26:11 - 0:10:17 - At 319-th epoch with lr 0.000708.
INFO - 01/20/26 11:26:12 - 0:10:18 - Running average train loss is 0.6938949513435364 at epoch 319
INFO - 01/20/26 11:26:12 - 0:10:18 - At 320-th epoch with lr 0.000707.
INFO - 01/20/26 11:26:14 - 0:10:20 - Running average train loss is 0.693726007938385 at epoch 320
INFO - 01/20/26 11:26:14 - 0:10:20 - Average dev loss is 0.783810575803121 at epoch 320
INFO - 01/20/26 11:26:15 - 0:10:21 - dev accuracy is 90.8 at epoch 320
INFO - 01/20/26 11:26:15 - 0:10:21 - dev average edit distance is 0.108 at epoch 320
INFO - 01/20/26 11:26:15 - 0:10:21 - At 321-th epoch with lr 0.000706.
INFO - 01/20/26 11:26:17 - 0:10:23 - Running average train loss is 0.6938046407699585 at epoch 321
INFO - 01/20/26 11:26:17 - 0:10:23 - At 322-th epoch with lr 0.000705.
INFO - 01/20/26 11:26:18 - 0:10:24 - Running average train loss is 0.69384290933609 at epoch 322
INFO - 01/20/26 11:26:18 - 0:10:24 - At 323-th epoch with lr 0.000704.
INFO - 01/20/26 11:26:20 - 0:10:26 - Running average train loss is 0.6943379139900208 at epoch 323
INFO - 01/20/26 11:26:20 - 0:10:26 - At 324-th epoch with lr 0.000703.
INFO - 01/20/26 11:26:22 - 0:10:28 - Running average train loss is 0.6941275954246521 at epoch 324
INFO - 01/20/26 11:26:22 - 0:10:28 - At 325-th epoch with lr 0.000702.
INFO - 01/20/26 11:26:24 - 0:10:30 - Running average train loss is 0.6945700645446777 at epoch 325
INFO - 01/20/26 11:26:24 - 0:10:30 - At 326-th epoch with lr 0.000701.
INFO - 01/20/26 11:26:26 - 0:10:32 - Running average train loss is 0.6942292547225952 at epoch 326
INFO - 01/20/26 11:26:26 - 0:10:32 - At 327-th epoch with lr 0.000699.
INFO - 01/20/26 11:26:27 - 0:10:33 - Running average train loss is 0.6939829874038697 at epoch 327
INFO - 01/20/26 11:26:27 - 0:10:33 - At 328-th epoch with lr 0.000698.
INFO - 01/20/26 11:26:29 - 0:10:35 - Running average train loss is 0.6946177053451538 at epoch 328
INFO - 01/20/26 11:26:29 - 0:10:35 - At 329-th epoch with lr 0.000697.
INFO - 01/20/26 11:26:31 - 0:10:37 - Running average train loss is 0.6949985218048096 at epoch 329
INFO - 01/20/26 11:26:31 - 0:10:37 - At 330-th epoch with lr 0.000696.
INFO - 01/20/26 11:26:33 - 0:10:39 - Running average train loss is 0.6942067050933838 at epoch 330
INFO - 01/20/26 11:26:33 - 0:10:39 - At 331-th epoch with lr 0.000695.
INFO - 01/20/26 11:26:35 - 0:10:41 - Running average train loss is 0.6944119167327881 at epoch 331
INFO - 01/20/26 11:26:35 - 0:10:41 - At 332-th epoch with lr 0.000694.
INFO - 01/20/26 11:26:36 - 0:10:42 - Running average train loss is 0.6940546655654907 at epoch 332
INFO - 01/20/26 11:26:36 - 0:10:42 - At 333-th epoch with lr 0.000693.
INFO - 01/20/26 11:26:38 - 0:10:44 - Running average train loss is 0.6938933062553406 at epoch 333
INFO - 01/20/26 11:26:38 - 0:10:44 - At 334-th epoch with lr 0.000692.
INFO - 01/20/26 11:26:41 - 0:10:46 - Running average train loss is 0.6933033514022827 at epoch 334
INFO - 01/20/26 11:26:41 - 0:10:46 - At 335-th epoch with lr 0.000691.
INFO - 01/20/26 11:26:43 - 0:10:49 - Running average train loss is 0.6938531708717346 at epoch 335
INFO - 01/20/26 11:26:43 - 0:10:49 - At 336-th epoch with lr 0.000690.
INFO - 01/20/26 11:26:45 - 0:10:51 - Running average train loss is 0.6936864161491394 at epoch 336
INFO - 01/20/26 11:26:45 - 0:10:51 - Average dev loss is 0.7781602144241333 at epoch 336
INFO - 01/20/26 11:26:46 - 0:10:52 - dev accuracy is 90.1 at epoch 336
INFO - 01/20/26 11:26:46 - 0:10:52 - dev average edit distance is 0.104 at epoch 336
INFO - 01/20/26 11:26:46 - 0:10:52 - At 337-th epoch with lr 0.000689.
INFO - 01/20/26 11:26:48 - 0:10:54 - Running average train loss is 0.6948862552642823 at epoch 337
INFO - 01/20/26 11:26:48 - 0:10:54 - At 338-th epoch with lr 0.000688.
INFO - 01/20/26 11:26:50 - 0:10:56 - Running average train loss is 0.6940333819389344 at epoch 338
INFO - 01/20/26 11:26:50 - 0:10:56 - At 339-th epoch with lr 0.000687.
INFO - 01/20/26 11:26:52 - 0:10:58 - Running average train loss is 0.6937169671058655 at epoch 339
INFO - 01/20/26 11:26:52 - 0:10:58 - At 340-th epoch with lr 0.000686.
INFO - 01/20/26 11:26:54 - 0:11:00 - Running average train loss is 0.6943777227401733 at epoch 340
INFO - 01/20/26 11:26:54 - 0:11:00 - At 341-th epoch with lr 0.000685.
INFO - 01/20/26 11:26:56 - 0:11:02 - Running average train loss is 0.6937678074836731 at epoch 341
INFO - 01/20/26 11:26:56 - 0:11:02 - At 342-th epoch with lr 0.000684.
INFO - 01/20/26 11:26:58 - 0:11:04 - Running average train loss is 0.6939465951919556 at epoch 342
INFO - 01/20/26 11:26:58 - 0:11:04 - At 343-th epoch with lr 0.000683.
INFO - 01/20/26 11:27:00 - 0:11:06 - Running average train loss is 0.6930532383918763 at epoch 343
INFO - 01/20/26 11:27:00 - 0:11:06 - At 344-th epoch with lr 0.000682.
INFO - 01/20/26 11:27:02 - 0:11:08 - Running average train loss is 0.69368013381958 at epoch 344
INFO - 01/20/26 11:27:02 - 0:11:08 - At 345-th epoch with lr 0.000681.
INFO - 01/20/26 11:27:04 - 0:11:10 - Running average train loss is 0.6941689920425415 at epoch 345
INFO - 01/20/26 11:27:04 - 0:11:10 - At 346-th epoch with lr 0.000680.
INFO - 01/20/26 11:27:06 - 0:11:12 - Running average train loss is 0.6938704204559326 at epoch 346
INFO - 01/20/26 11:27:06 - 0:11:12 - At 347-th epoch with lr 0.000679.
INFO - 01/20/26 11:27:08 - 0:11:14 - Running average train loss is 0.6940987515449524 at epoch 347
INFO - 01/20/26 11:27:08 - 0:11:14 - At 348-th epoch with lr 0.000678.
INFO - 01/20/26 11:27:10 - 0:11:16 - Running average train loss is 0.6934776020050049 at epoch 348
INFO - 01/20/26 11:27:10 - 0:11:16 - At 349-th epoch with lr 0.000677.
INFO - 01/20/26 11:27:12 - 0:11:18 - Running average train loss is 0.6942067527770996 at epoch 349
INFO - 01/20/26 11:27:12 - 0:11:18 - At 350-th epoch with lr 0.000676.
INFO - 01/20/26 11:27:14 - 0:11:20 - Running average train loss is 0.6931375408172608 at epoch 350
INFO - 01/20/26 11:27:14 - 0:11:20 - At 351-th epoch with lr 0.000675.
INFO - 01/20/26 11:27:16 - 0:11:22 - Running average train loss is 0.69464688539505 at epoch 351
INFO - 01/20/26 11:27:16 - 0:11:22 - At 352-th epoch with lr 0.000674.
INFO - 01/20/26 11:27:18 - 0:11:24 - Running average train loss is 0.6938134074211121 at epoch 352
INFO - 01/20/26 11:27:18 - 0:11:24 - Average dev loss is 0.7773339947064718 at epoch 352
INFO - 01/20/26 11:27:19 - 0:11:25 - dev accuracy is 88.8 at epoch 352
INFO - 01/20/26 11:27:19 - 0:11:25 - dev average edit distance is 0.117 at epoch 352
INFO - 01/20/26 11:27:19 - 0:11:25 - At 353-th epoch with lr 0.000673.
INFO - 01/20/26 11:27:21 - 0:11:27 - Running average train loss is 0.6935181403160096 at epoch 353
INFO - 01/20/26 11:27:21 - 0:11:27 - At 354-th epoch with lr 0.000672.
INFO - 01/20/26 11:27:23 - 0:11:28 - Running average train loss is 0.6935730099678039 at epoch 354
INFO - 01/20/26 11:27:23 - 0:11:28 - At 355-th epoch with lr 0.000671.
INFO - 01/20/26 11:27:24 - 0:11:30 - Running average train loss is 0.6934786629676819 at epoch 355
INFO - 01/20/26 11:27:24 - 0:11:30 - At 356-th epoch with lr 0.000670.
INFO - 01/20/26 11:27:26 - 0:11:32 - Running average train loss is 0.6939057588577271 at epoch 356
INFO - 01/20/26 11:27:26 - 0:11:32 - At 357-th epoch with lr 0.000669.
INFO - 01/20/26 11:27:28 - 0:11:34 - Running average train loss is 0.6933200550079346 at epoch 357
INFO - 01/20/26 11:27:28 - 0:11:34 - At 358-th epoch with lr 0.000669.
INFO - 01/20/26 11:27:30 - 0:11:36 - Running average train loss is 0.6935427927970886 at epoch 358
INFO - 01/20/26 11:27:30 - 0:11:36 - At 359-th epoch with lr 0.000668.
INFO - 01/20/26 11:27:32 - 0:11:37 - Running average train loss is 0.6936376094818115 at epoch 359
INFO - 01/20/26 11:27:32 - 0:11:37 - At 360-th epoch with lr 0.000667.
INFO - 01/20/26 11:27:33 - 0:11:39 - Running average train loss is 0.6933847641944886 at epoch 360
INFO - 01/20/26 11:27:33 - 0:11:39 - At 361-th epoch with lr 0.000666.
INFO - 01/20/26 11:27:35 - 0:11:41 - Running average train loss is 0.6930282497406006 at epoch 361
INFO - 01/20/26 11:27:35 - 0:11:41 - At 362-th epoch with lr 0.000665.
INFO - 01/20/26 11:27:37 - 0:11:43 - Running average train loss is 0.6935134267807007 at epoch 362
INFO - 01/20/26 11:27:37 - 0:11:43 - At 363-th epoch with lr 0.000664.
INFO - 01/20/26 11:27:39 - 0:11:45 - Running average train loss is 0.6939847755432129 at epoch 363
INFO - 01/20/26 11:27:39 - 0:11:45 - At 364-th epoch with lr 0.000663.
INFO - 01/20/26 11:27:41 - 0:11:47 - Running average train loss is 0.6933123540878295 at epoch 364
INFO - 01/20/26 11:27:41 - 0:11:47 - At 365-th epoch with lr 0.000662.
INFO - 01/20/26 11:27:43 - 0:11:49 - Running average train loss is 0.6943050217628479 at epoch 365
INFO - 01/20/26 11:27:43 - 0:11:49 - At 366-th epoch with lr 0.000661.
INFO - 01/20/26 11:27:45 - 0:11:51 - Running average train loss is 0.6934761786460877 at epoch 366
INFO - 01/20/26 11:27:45 - 0:11:51 - At 367-th epoch with lr 0.000660.
INFO - 01/20/26 11:27:47 - 0:11:53 - Running average train loss is 0.6934821891784668 at epoch 367
INFO - 01/20/26 11:27:47 - 0:11:53 - At 368-th epoch with lr 0.000659.
INFO - 01/20/26 11:27:49 - 0:11:55 - Running average train loss is 0.6930483412742615 at epoch 368
INFO - 01/20/26 11:27:49 - 0:11:55 - Average dev loss is 0.7744940916697184 at epoch 368
INFO - 01/20/26 11:27:50 - 0:11:56 - dev accuracy is 91.1 at epoch 368
INFO - 01/20/26 11:27:50 - 0:11:56 - dev average edit distance is 0.099 at epoch 368
INFO - 01/20/26 11:27:50 - 0:11:56 - At 369-th epoch with lr 0.000658.
INFO - 01/20/26 11:27:52 - 0:11:58 - Running average train loss is 0.6932781267166138 at epoch 369
INFO - 01/20/26 11:27:52 - 0:11:58 - At 370-th epoch with lr 0.000658.
INFO - 01/20/26 11:27:54 - 0:12:00 - Running average train loss is 0.6936945271492004 at epoch 370
INFO - 01/20/26 11:27:54 - 0:12:00 - At 371-th epoch with lr 0.000657.
INFO - 01/20/26 11:27:56 - 0:12:02 - Running average train loss is 0.6933294272422791 at epoch 371
INFO - 01/20/26 11:27:56 - 0:12:02 - At 372-th epoch with lr 0.000656.
INFO - 01/20/26 11:27:58 - 0:12:04 - Running average train loss is 0.6932108616828918 at epoch 372
INFO - 01/20/26 11:27:58 - 0:12:04 - At 373-th epoch with lr 0.000655.
INFO - 01/20/26 11:28:00 - 0:12:06 - Running average train loss is 0.6931127524375915 at epoch 373
INFO - 01/20/26 11:28:00 - 0:12:06 - At 374-th epoch with lr 0.000654.
INFO - 01/20/26 11:28:01 - 0:12:07 - Running average train loss is 0.6926408195495606 at epoch 374
INFO - 01/20/26 11:28:01 - 0:12:07 - At 375-th epoch with lr 0.000653.
INFO - 01/20/26 11:28:03 - 0:12:09 - Running average train loss is 0.6930733394622802 at epoch 375
INFO - 01/20/26 11:28:03 - 0:12:09 - At 376-th epoch with lr 0.000652.
INFO - 01/20/26 11:28:05 - 0:12:11 - Running average train loss is 0.6929831266403198 at epoch 376
INFO - 01/20/26 11:28:05 - 0:12:11 - At 377-th epoch with lr 0.000651.
INFO - 01/20/26 11:28:07 - 0:12:13 - Running average train loss is 0.6925526237487794 at epoch 377
INFO - 01/20/26 11:28:07 - 0:12:13 - At 378-th epoch with lr 0.000651.
INFO - 01/20/26 11:28:09 - 0:12:15 - Running average train loss is 0.6929142475128174 at epoch 378
INFO - 01/20/26 11:28:09 - 0:12:15 - At 379-th epoch with lr 0.000650.
INFO - 01/20/26 11:28:10 - 0:12:16 - Running average train loss is 0.6941202974319458 at epoch 379
INFO - 01/20/26 11:28:10 - 0:12:16 - At 380-th epoch with lr 0.000649.
INFO - 01/20/26 11:28:13 - 0:12:18 - Running average train loss is 0.693145821094513 at epoch 380
INFO - 01/20/26 11:28:13 - 0:12:18 - At 381-th epoch with lr 0.000648.
INFO - 01/20/26 11:28:15 - 0:12:21 - Running average train loss is 0.6928420042991639 at epoch 381
INFO - 01/20/26 11:28:15 - 0:12:21 - At 382-th epoch with lr 0.000647.
INFO - 01/20/26 11:28:17 - 0:12:23 - Running average train loss is 0.6927542734146118 at epoch 382
INFO - 01/20/26 11:28:17 - 0:12:23 - At 383-th epoch with lr 0.000646.
INFO - 01/20/26 11:28:19 - 0:12:25 - Running average train loss is 0.694113302230835 at epoch 383
INFO - 01/20/26 11:28:19 - 0:12:25 - At 384-th epoch with lr 0.000645.
INFO - 01/20/26 11:28:21 - 0:12:27 - Running average train loss is 0.6932335257530212 at epoch 384
INFO - 01/20/26 11:28:21 - 0:12:27 - Average dev loss is 0.7756010095278422 at epoch 384
INFO - 01/20/26 11:28:21 - 0:12:27 - dev accuracy is 91.0 at epoch 384
INFO - 01/20/26 11:28:21 - 0:12:27 - dev average edit distance is 0.094 at epoch 384
INFO - 01/20/26 11:28:21 - 0:12:27 - At 385-th epoch with lr 0.000645.
INFO - 01/20/26 11:28:23 - 0:12:29 - Running average train loss is 0.6929970550537109 at epoch 385
INFO - 01/20/26 11:28:23 - 0:12:29 - At 386-th epoch with lr 0.000644.
INFO - 01/20/26 11:28:25 - 0:12:31 - Running average train loss is 0.6924384927749634 at epoch 386
INFO - 01/20/26 11:28:25 - 0:12:31 - At 387-th epoch with lr 0.000643.
INFO - 01/20/26 11:28:27 - 0:12:33 - Running average train loss is 0.6929150104522706 at epoch 387
INFO - 01/20/26 11:28:27 - 0:12:33 - At 388-th epoch with lr 0.000642.
INFO - 01/20/26 11:28:28 - 0:12:34 - Running average train loss is 0.6931382966041565 at epoch 388
INFO - 01/20/26 11:28:28 - 0:12:34 - At 389-th epoch with lr 0.000641.
INFO - 01/20/26 11:28:30 - 0:12:36 - Running average train loss is 0.6932685494422912 at epoch 389
INFO - 01/20/26 11:28:30 - 0:12:36 - At 390-th epoch with lr 0.000641.
INFO - 01/20/26 11:28:32 - 0:12:38 - Running average train loss is 0.6925645804405213 at epoch 390
INFO - 01/20/26 11:28:32 - 0:12:38 - At 391-th epoch with lr 0.000640.
INFO - 01/20/26 11:28:34 - 0:12:40 - Running average train loss is 0.6926983571052552 at epoch 391
INFO - 01/20/26 11:28:34 - 0:12:40 - At 392-th epoch with lr 0.000639.
INFO - 01/20/26 11:28:36 - 0:12:42 - Running average train loss is 0.6932653856277465 at epoch 392
INFO - 01/20/26 11:28:36 - 0:12:42 - At 393-th epoch with lr 0.000638.
INFO - 01/20/26 11:28:37 - 0:12:43 - Running average train loss is 0.6938078451156616 at epoch 393
INFO - 01/20/26 11:28:37 - 0:12:43 - At 394-th epoch with lr 0.000637.
INFO - 01/20/26 11:28:39 - 0:12:45 - Running average train loss is 0.6927246832847596 at epoch 394
INFO - 01/20/26 11:28:39 - 0:12:45 - At 395-th epoch with lr 0.000636.
INFO - 01/20/26 11:28:41 - 0:12:47 - Running average train loss is 0.6926304340362549 at epoch 395
INFO - 01/20/26 11:28:41 - 0:12:47 - At 396-th epoch with lr 0.000636.
INFO - 01/20/26 11:28:43 - 0:12:49 - Running average train loss is 0.6925500154495239 at epoch 396
INFO - 01/20/26 11:28:43 - 0:12:49 - At 397-th epoch with lr 0.000635.
INFO - 01/20/26 11:28:45 - 0:12:51 - Running average train loss is 0.693145489692688 at epoch 397
INFO - 01/20/26 11:28:45 - 0:12:51 - At 398-th epoch with lr 0.000634.
INFO - 01/20/26 11:28:46 - 0:12:52 - Running average train loss is 0.6931734871864319 at epoch 398
INFO - 01/20/26 11:28:46 - 0:12:52 - At 399-th epoch with lr 0.000633.
INFO - 01/20/26 11:28:48 - 0:12:54 - Running average train loss is 0.693031735420227 at epoch 399
INFO - 01/20/26 11:28:48 - 0:12:54 - At 400-th epoch with lr 0.000632.
INFO - 01/20/26 11:28:50 - 0:12:56 - Running average train loss is 0.6929611873626709 at epoch 400
INFO - 01/20/26 11:28:50 - 0:12:56 - Average dev loss is 0.7660247683525085 at epoch 400
INFO - 01/20/26 11:28:51 - 0:12:57 - dev accuracy is 90.4 at epoch 400
INFO - 01/20/26 11:28:51 - 0:12:57 - dev average edit distance is 0.1 at epoch 400
INFO - 01/20/26 11:28:51 - 0:12:57 - At 401-th epoch with lr 0.000632.
INFO - 01/20/26 11:28:53 - 0:12:59 - Running average train loss is 0.6927093458175659 at epoch 401
INFO - 01/20/26 11:28:53 - 0:12:59 - At 402-th epoch with lr 0.000631.
INFO - 01/20/26 11:28:55 - 0:13:01 - Running average train loss is 0.692350869178772 at epoch 402
INFO - 01/20/26 11:28:55 - 0:13:01 - At 403-th epoch with lr 0.000630.
INFO - 01/20/26 11:28:56 - 0:13:02 - Running average train loss is 0.6926205801963806 at epoch 403
INFO - 01/20/26 11:28:56 - 0:13:02 - At 404-th epoch with lr 0.000629.
INFO - 01/20/26 11:28:58 - 0:13:04 - Running average train loss is 0.6926571941375732 at epoch 404
INFO - 01/20/26 11:28:58 - 0:13:04 - At 405-th epoch with lr 0.000629.
INFO - 01/20/26 11:29:00 - 0:13:06 - Running average train loss is 0.6927952289581298 at epoch 405
INFO - 01/20/26 11:29:00 - 0:13:06 - At 406-th epoch with lr 0.000628.
INFO - 01/20/26 11:29:02 - 0:13:08 - Running average train loss is 0.6931531071662903 at epoch 406
INFO - 01/20/26 11:29:02 - 0:13:08 - At 407-th epoch with lr 0.000627.
INFO - 01/20/26 11:29:04 - 0:13:09 - Running average train loss is 0.6930628299713135 at epoch 407
INFO - 01/20/26 11:29:04 - 0:13:09 - At 408-th epoch with lr 0.000626.
INFO - 01/20/26 11:29:05 - 0:13:11 - Running average train loss is 0.6926215195655823 at epoch 408
INFO - 01/20/26 11:29:05 - 0:13:11 - At 409-th epoch with lr 0.000625.
INFO - 01/20/26 11:29:07 - 0:13:13 - Running average train loss is 0.692703320980072 at epoch 409
INFO - 01/20/26 11:29:07 - 0:13:13 - At 410-th epoch with lr 0.000625.
INFO - 01/20/26 11:29:09 - 0:13:15 - Running average train loss is 0.692535536289215 at epoch 410
INFO - 01/20/26 11:29:09 - 0:13:15 - At 411-th epoch with lr 0.000624.
INFO - 01/20/26 11:29:11 - 0:13:17 - Running average train loss is 0.6931521582603455 at epoch 411
INFO - 01/20/26 11:29:11 - 0:13:17 - At 412-th epoch with lr 0.000623.
INFO - 01/20/26 11:29:13 - 0:13:18 - Running average train loss is 0.6924396586418152 at epoch 412
INFO - 01/20/26 11:29:13 - 0:13:18 - At 413-th epoch with lr 0.000622.
INFO - 01/20/26 11:29:14 - 0:13:20 - Running average train loss is 0.6919516563415528 at epoch 413
INFO - 01/20/26 11:29:14 - 0:13:20 - At 414-th epoch with lr 0.000622.
INFO - 01/20/26 11:29:16 - 0:13:22 - Running average train loss is 0.6923139858245849 at epoch 414
INFO - 01/20/26 11:29:16 - 0:13:22 - At 415-th epoch with lr 0.000621.
INFO - 01/20/26 11:29:18 - 0:13:24 - Running average train loss is 0.6929009056091309 at epoch 415
INFO - 01/20/26 11:29:18 - 0:13:24 - At 416-th epoch with lr 0.000620.
INFO - 01/20/26 11:29:20 - 0:13:26 - Running average train loss is 0.6927520632743835 at epoch 416
INFO - 01/20/26 11:29:20 - 0:13:26 - Average dev loss is 0.7728342612584432 at epoch 416
INFO - 01/20/26 11:29:20 - 0:13:26 - dev accuracy is 89.6 at epoch 416
INFO - 01/20/26 11:29:20 - 0:13:26 - dev average edit distance is 0.13 at epoch 416
INFO - 01/20/26 11:29:20 - 0:13:26 - At 417-th epoch with lr 0.000619.
INFO - 01/20/26 11:29:22 - 0:13:28 - Running average train loss is 0.692548258304596 at epoch 417
INFO - 01/20/26 11:29:22 - 0:13:28 - At 418-th epoch with lr 0.000619.
INFO - 01/20/26 11:29:24 - 0:13:30 - Running average train loss is 0.6930226039886475 at epoch 418
INFO - 01/20/26 11:29:24 - 0:13:30 - At 419-th epoch with lr 0.000618.
INFO - 01/20/26 11:29:26 - 0:13:32 - Running average train loss is 0.6930958318710327 at epoch 419
INFO - 01/20/26 11:29:26 - 0:13:32 - At 420-th epoch with lr 0.000617.
INFO - 01/20/26 11:29:28 - 0:13:33 - Running average train loss is 0.6922175931930542 at epoch 420
INFO - 01/20/26 11:29:28 - 0:13:33 - At 421-th epoch with lr 0.000616.
INFO - 01/20/26 11:29:29 - 0:13:35 - Running average train loss is 0.6922830176353455 at epoch 421
INFO - 01/20/26 11:29:29 - 0:13:35 - At 422-th epoch with lr 0.000616.
INFO - 01/20/26 11:29:31 - 0:13:37 - Running average train loss is 0.6923068404197693 at epoch 422
INFO - 01/20/26 11:29:31 - 0:13:37 - At 423-th epoch with lr 0.000615.
INFO - 01/20/26 11:29:33 - 0:13:39 - Running average train loss is 0.6920003509521484 at epoch 423
INFO - 01/20/26 11:29:33 - 0:13:39 - At 424-th epoch with lr 0.000614.
INFO - 01/20/26 11:29:35 - 0:13:41 - Running average train loss is 0.6925146102905273 at epoch 424
INFO - 01/20/26 11:29:35 - 0:13:41 - At 425-th epoch with lr 0.000614.
INFO - 01/20/26 11:29:36 - 0:13:42 - Running average train loss is 0.6924136519432068 at epoch 425
INFO - 01/20/26 11:29:36 - 0:13:42 - At 426-th epoch with lr 0.000613.
INFO - 01/20/26 11:29:38 - 0:13:44 - Running average train loss is 0.6925906801223755 at epoch 426
INFO - 01/20/26 11:29:38 - 0:13:44 - At 427-th epoch with lr 0.000612.
INFO - 01/20/26 11:29:40 - 0:13:46 - Running average train loss is 0.6922012805938721 at epoch 427
INFO - 01/20/26 11:29:40 - 0:13:46 - At 428-th epoch with lr 0.000611.
INFO - 01/20/26 11:29:42 - 0:13:48 - Running average train loss is 0.6930421257019043 at epoch 428
INFO - 01/20/26 11:29:42 - 0:13:48 - At 429-th epoch with lr 0.000611.
INFO - 01/20/26 11:29:44 - 0:13:50 - Running average train loss is 0.6931605887413025 at epoch 429
INFO - 01/20/26 11:29:44 - 0:13:50 - At 430-th epoch with lr 0.000610.
INFO - 01/20/26 11:29:45 - 0:13:51 - Running average train loss is 0.6927921795845031 at epoch 430
INFO - 01/20/26 11:29:45 - 0:13:51 - At 431-th epoch with lr 0.000609.
INFO - 01/20/26 11:29:47 - 0:13:53 - Running average train loss is 0.6922413372993469 at epoch 431
INFO - 01/20/26 11:29:47 - 0:13:53 - At 432-th epoch with lr 0.000609.
INFO - 01/20/26 11:29:49 - 0:13:55 - Running average train loss is 0.692019829750061 at epoch 432
INFO - 01/20/26 11:29:49 - 0:13:55 - Average dev loss is 0.7831512689590454 at epoch 432
INFO - 01/20/26 11:29:50 - 0:13:56 - dev accuracy is 89.0 at epoch 432
INFO - 01/20/26 11:29:50 - 0:13:56 - dev average edit distance is 0.129 at epoch 432
INFO - 01/20/26 11:29:50 - 0:13:56 - At 433-th epoch with lr 0.000608.
INFO - 01/20/26 11:29:52 - 0:13:58 - Running average train loss is 0.6920935249328614 at epoch 433
INFO - 01/20/26 11:29:52 - 0:13:58 - At 434-th epoch with lr 0.000607.
INFO - 01/20/26 11:29:54 - 0:13:59 - Running average train loss is 0.6920086359977722 at epoch 434
INFO - 01/20/26 11:29:54 - 0:13:59 - At 435-th epoch with lr 0.000606.
INFO - 01/20/26 11:29:56 - 0:14:02 - Running average train loss is 0.6924193143844605 at epoch 435
INFO - 01/20/26 11:29:56 - 0:14:02 - At 436-th epoch with lr 0.000606.
INFO - 01/20/26 11:29:57 - 0:14:03 - Running average train loss is 0.6926547431945801 at epoch 436
INFO - 01/20/26 11:29:57 - 0:14:03 - At 437-th epoch with lr 0.000605.
INFO - 01/20/26 11:29:59 - 0:14:05 - Running average train loss is 0.6932871413230896 at epoch 437
INFO - 01/20/26 11:29:59 - 0:14:05 - At 438-th epoch with lr 0.000604.
INFO - 01/20/26 11:30:01 - 0:14:07 - Running average train loss is 0.6925969123840332 at epoch 438
INFO - 01/20/26 11:30:01 - 0:14:07 - At 439-th epoch with lr 0.000604.
INFO - 01/20/26 11:30:03 - 0:14:09 - Running average train loss is 0.6916697597503663 at epoch 439
INFO - 01/20/26 11:30:03 - 0:14:09 - At 440-th epoch with lr 0.000603.
INFO - 01/20/26 11:30:05 - 0:14:11 - Running average train loss is 0.6916019463539124 at epoch 440
INFO - 01/20/26 11:30:05 - 0:14:11 - At 441-th epoch with lr 0.000602.
INFO - 01/20/26 11:30:06 - 0:14:12 - Running average train loss is 0.6920893883705139 at epoch 441
INFO - 01/20/26 11:30:06 - 0:14:12 - At 442-th epoch with lr 0.000602.
INFO - 01/20/26 11:30:08 - 0:14:14 - Running average train loss is 0.6923735499382019 at epoch 442
INFO - 01/20/26 11:30:08 - 0:14:14 - At 443-th epoch with lr 0.000601.
INFO - 01/20/26 11:30:10 - 0:14:16 - Running average train loss is 0.6922903132438659 at epoch 443
INFO - 01/20/26 11:30:10 - 0:14:16 - At 444-th epoch with lr 0.000600.
INFO - 01/20/26 11:30:12 - 0:14:18 - Running average train loss is 0.6934142732620239 at epoch 444
INFO - 01/20/26 11:30:12 - 0:14:18 - At 445-th epoch with lr 0.000600.
INFO - 01/20/26 11:30:14 - 0:14:20 - Running average train loss is 0.691887104511261 at epoch 445
INFO - 01/20/26 11:30:14 - 0:14:20 - At 446-th epoch with lr 0.000599.
INFO - 01/20/26 11:30:15 - 0:14:21 - Running average train loss is 0.6923021674156189 at epoch 446
INFO - 01/20/26 11:30:15 - 0:14:21 - At 447-th epoch with lr 0.000598.
INFO - 01/20/26 11:30:18 - 0:14:24 - Running average train loss is 0.6918145108222962 at epoch 447
INFO - 01/20/26 11:30:18 - 0:14:24 - At 448-th epoch with lr 0.000598.
INFO - 01/20/26 11:30:20 - 0:14:25 - Running average train loss is 0.6923994541168212 at epoch 448
INFO - 01/20/26 11:30:20 - 0:14:26 - Average dev loss is 0.7796001036961874 at epoch 448
INFO - 01/20/26 11:30:20 - 0:14:26 - dev accuracy is 89.4 at epoch 448
INFO - 01/20/26 11:30:20 - 0:14:26 - dev average edit distance is 0.125 at epoch 448
INFO - 01/20/26 11:30:20 - 0:14:26 - At 449-th epoch with lr 0.000597.
INFO - 01/20/26 11:30:22 - 0:14:28 - Running average train loss is 0.6923315668106079 at epoch 449
INFO - 01/20/26 11:30:22 - 0:14:28 - At 450-th epoch with lr 0.000596.
INFO - 01/20/26 11:30:24 - 0:14:30 - Running average train loss is 0.6923125195503235 at epoch 450
INFO - 01/20/26 11:30:24 - 0:14:30 - At 451-th epoch with lr 0.000596.
INFO - 01/20/26 11:30:26 - 0:14:32 - Running average train loss is 0.6920505094528199 at epoch 451
INFO - 01/20/26 11:30:26 - 0:14:32 - At 452-th epoch with lr 0.000595.
INFO - 01/20/26 11:30:28 - 0:14:34 - Running average train loss is 0.6918449354171753 at epoch 452
INFO - 01/20/26 11:30:28 - 0:14:34 - At 453-th epoch with lr 0.000594.
INFO - 01/20/26 11:30:30 - 0:14:36 - Running average train loss is 0.6924448895454407 at epoch 453
INFO - 01/20/26 11:30:30 - 0:14:36 - At 454-th epoch with lr 0.000594.
INFO - 01/20/26 11:30:32 - 0:14:38 - Running average train loss is 0.6928403329849243 at epoch 454
INFO - 01/20/26 11:30:32 - 0:14:38 - At 455-th epoch with lr 0.000593.
INFO - 01/20/26 11:30:34 - 0:14:40 - Running average train loss is 0.6922709918022156 at epoch 455
INFO - 01/20/26 11:30:34 - 0:14:40 - At 456-th epoch with lr 0.000592.
INFO - 01/20/26 11:30:36 - 0:14:42 - Running average train loss is 0.6933900570869446 at epoch 456
INFO - 01/20/26 11:30:36 - 0:14:42 - At 457-th epoch with lr 0.000592.
INFO - 01/20/26 11:30:38 - 0:14:44 - Running average train loss is 0.6921181154251098 at epoch 457
INFO - 01/20/26 11:30:38 - 0:14:44 - At 458-th epoch with lr 0.000591.
INFO - 01/20/26 11:30:39 - 0:14:45 - Running average train loss is 0.691877794265747 at epoch 458
INFO - 01/20/26 11:30:39 - 0:14:45 - At 459-th epoch with lr 0.000590.
INFO - 01/20/26 11:30:41 - 0:14:47 - Running average train loss is 0.6916745901107788 at epoch 459
INFO - 01/20/26 11:30:41 - 0:14:47 - At 460-th epoch with lr 0.000590.
INFO - 01/20/26 11:30:43 - 0:14:49 - Running average train loss is 0.692142481803894 at epoch 460
INFO - 01/20/26 11:30:43 - 0:14:49 - At 461-th epoch with lr 0.000589.
INFO - 01/20/26 11:30:45 - 0:14:51 - Running average train loss is 0.6918362641334533 at epoch 461
INFO - 01/20/26 11:30:45 - 0:14:51 - At 462-th epoch with lr 0.000588.
INFO - 01/20/26 11:30:47 - 0:14:53 - Running average train loss is 0.6926661968231201 at epoch 462
INFO - 01/20/26 11:30:47 - 0:14:53 - At 463-th epoch with lr 0.000588.
INFO - 01/20/26 11:30:49 - 0:14:54 - Running average train loss is 0.6920640850067139 at epoch 463
INFO - 01/20/26 11:30:49 - 0:14:54 - At 464-th epoch with lr 0.000587.
INFO - 01/20/26 11:30:50 - 0:14:56 - Running average train loss is 0.6913948822021484 at epoch 464
INFO - 01/20/26 11:30:50 - 0:14:56 - Average dev loss is 0.7698313196500143 at epoch 464
INFO - 01/20/26 11:30:51 - 0:14:57 - dev accuracy is 90.5 at epoch 464
INFO - 01/20/26 11:30:51 - 0:14:57 - dev average edit distance is 0.103 at epoch 464
INFO - 01/20/26 11:30:51 - 0:14:57 - At 465-th epoch with lr 0.000587.
INFO - 01/20/26 11:30:53 - 0:14:59 - Running average train loss is 0.6919544696807861 at epoch 465
INFO - 01/20/26 11:30:53 - 0:14:59 - At 466-th epoch with lr 0.000586.
INFO - 01/20/26 11:30:55 - 0:15:00 - Running average train loss is 0.6920930361747741 at epoch 466
INFO - 01/20/26 11:30:55 - 0:15:00 - At 467-th epoch with lr 0.000585.
INFO - 01/20/26 11:30:56 - 0:15:02 - Running average train loss is 0.6929182744026184 at epoch 467
INFO - 01/20/26 11:30:56 - 0:15:02 - At 468-th epoch with lr 0.000585.
INFO - 01/20/26 11:30:58 - 0:15:04 - Running average train loss is 0.6918101882934571 at epoch 468
INFO - 01/20/26 11:30:58 - 0:15:04 - At 469-th epoch with lr 0.000584.
INFO - 01/20/26 11:31:00 - 0:15:06 - Running average train loss is 0.6912398219108582 at epoch 469
INFO - 01/20/26 11:31:00 - 0:15:06 - At 470-th epoch with lr 0.000583.
INFO - 01/20/26 11:31:02 - 0:15:08 - Running average train loss is 0.6918311309814453 at epoch 470
INFO - 01/20/26 11:31:02 - 0:15:08 - At 471-th epoch with lr 0.000583.
INFO - 01/20/26 11:31:04 - 0:15:09 - Running average train loss is 0.6916654109954834 at epoch 471
INFO - 01/20/26 11:31:04 - 0:15:09 - At 472-th epoch with lr 0.000582.
INFO - 01/20/26 11:31:05 - 0:15:11 - Running average train loss is 0.6919867181777954 at epoch 472
INFO - 01/20/26 11:31:05 - 0:15:11 - At 473-th epoch with lr 0.000582.
INFO - 01/20/26 11:31:07 - 0:15:13 - Running average train loss is 0.6917474842071534 at epoch 473
INFO - 01/20/26 11:31:07 - 0:15:13 - At 474-th epoch with lr 0.000581.
INFO - 01/20/26 11:31:09 - 0:15:15 - Running average train loss is 0.6918180203437805 at epoch 474
INFO - 01/20/26 11:31:09 - 0:15:15 - At 475-th epoch with lr 0.000580.
INFO - 01/20/26 11:31:11 - 0:15:17 - Running average train loss is 0.6920191264152527 at epoch 475
INFO - 01/20/26 11:31:11 - 0:15:17 - At 476-th epoch with lr 0.000580.
INFO - 01/20/26 11:31:13 - 0:15:18 - Running average train loss is 0.6923344111442566 at epoch 476
INFO - 01/20/26 11:31:13 - 0:15:18 - At 477-th epoch with lr 0.000579.
INFO - 01/20/26 11:31:14 - 0:15:20 - Running average train loss is 0.6917756867408752 at epoch 477
INFO - 01/20/26 11:31:14 - 0:15:20 - At 478-th epoch with lr 0.000579.
INFO - 01/20/26 11:31:16 - 0:15:22 - Running average train loss is 0.6918845748901368 at epoch 478
INFO - 01/20/26 11:31:16 - 0:15:22 - At 479-th epoch with lr 0.000578.
INFO - 01/20/26 11:31:18 - 0:15:24 - Running average train loss is 0.691608862876892 at epoch 479
INFO - 01/20/26 11:31:18 - 0:15:24 - At 480-th epoch with lr 0.000577.
INFO - 01/20/26 11:31:20 - 0:15:26 - Running average train loss is 0.6914529418945312 at epoch 480
INFO - 01/20/26 11:31:20 - 0:15:26 - Average dev loss is 0.7881797750790914 at epoch 480
INFO - 01/20/26 11:31:20 - 0:15:26 - dev accuracy is 89.4 at epoch 480
INFO - 01/20/26 11:31:20 - 0:15:26 - dev average edit distance is 0.12 at epoch 480
INFO - 01/20/26 11:31:20 - 0:15:26 - At 481-th epoch with lr 0.000577.
INFO - 01/20/26 11:31:22 - 0:15:28 - Running average train loss is 0.6917750263214111 at epoch 481
INFO - 01/20/26 11:31:22 - 0:15:28 - At 482-th epoch with lr 0.000576.
INFO - 01/20/26 11:31:24 - 0:15:30 - Running average train loss is 0.6911750483512878 at epoch 482
INFO - 01/20/26 11:31:24 - 0:15:30 - At 483-th epoch with lr 0.000576.
INFO - 01/20/26 11:31:26 - 0:15:32 - Running average train loss is 0.6919393658638 at epoch 483
INFO - 01/20/26 11:31:26 - 0:15:32 - At 484-th epoch with lr 0.000575.
INFO - 01/20/26 11:31:28 - 0:15:34 - Running average train loss is 0.6918727374076843 at epoch 484
INFO - 01/20/26 11:31:28 - 0:15:34 - At 485-th epoch with lr 0.000574.
INFO - 01/20/26 11:31:29 - 0:15:35 - Running average train loss is 0.6923744606971741 at epoch 485
INFO - 01/20/26 11:31:29 - 0:15:35 - At 486-th epoch with lr 0.000574.
INFO - 01/20/26 11:31:31 - 0:15:37 - Running average train loss is 0.6921984100341797 at epoch 486
INFO - 01/20/26 11:31:31 - 0:15:37 - At 487-th epoch with lr 0.000573.
INFO - 01/20/26 11:31:33 - 0:15:39 - Running average train loss is 0.691636905670166 at epoch 487
INFO - 01/20/26 11:31:33 - 0:15:39 - At 488-th epoch with lr 0.000573.
INFO - 01/20/26 11:31:35 - 0:15:41 - Running average train loss is 0.6914286851882935 at epoch 488
INFO - 01/20/26 11:31:35 - 0:15:41 - At 489-th epoch with lr 0.000572.
INFO - 01/20/26 11:31:37 - 0:15:43 - Running average train loss is 0.6914803838729858 at epoch 489
INFO - 01/20/26 11:31:37 - 0:15:43 - At 490-th epoch with lr 0.000571.
INFO - 01/20/26 11:31:38 - 0:15:44 - Running average train loss is 0.6915423774719238 at epoch 490
INFO - 01/20/26 11:31:38 - 0:15:44 - At 491-th epoch with lr 0.000571.
INFO - 01/20/26 11:31:40 - 0:15:46 - Running average train loss is 0.6918668127059937 at epoch 491
INFO - 01/20/26 11:31:40 - 0:15:46 - At 492-th epoch with lr 0.000570.
INFO - 01/20/26 11:31:42 - 0:15:48 - Running average train loss is 0.6915974426269531 at epoch 492
INFO - 01/20/26 11:31:42 - 0:15:48 - At 493-th epoch with lr 0.000570.
INFO - 01/20/26 11:31:44 - 0:15:50 - Running average train loss is 0.6920222330093384 at epoch 493
INFO - 01/20/26 11:31:44 - 0:15:50 - At 494-th epoch with lr 0.000569.
INFO - 01/20/26 11:31:46 - 0:15:52 - Running average train loss is 0.691646602153778 at epoch 494
INFO - 01/20/26 11:31:46 - 0:15:52 - At 495-th epoch with lr 0.000569.
INFO - 01/20/26 11:31:47 - 0:15:53 - Running average train loss is 0.6915988945960998 at epoch 495
INFO - 01/20/26 11:31:47 - 0:15:53 - At 496-th epoch with lr 0.000568.
INFO - 01/20/26 11:31:49 - 0:15:55 - Running average train loss is 0.6919327974319458 at epoch 496
INFO - 01/20/26 11:31:49 - 0:15:55 - Average dev loss is 0.772482673327128 at epoch 496
INFO - 01/20/26 11:31:50 - 0:15:56 - dev accuracy is 89.3 at epoch 496
INFO - 01/20/26 11:31:50 - 0:15:56 - dev average edit distance is 0.126 at epoch 496
INFO - 01/20/26 11:31:50 - 0:15:56 - At 497-th epoch with lr 0.000567.
INFO - 01/20/26 11:31:52 - 0:15:58 - Running average train loss is 0.6914348626136779 at epoch 497
INFO - 01/20/26 11:31:52 - 0:15:58 - At 498-th epoch with lr 0.000567.
INFO - 01/20/26 11:31:53 - 0:15:59 - Running average train loss is 0.6918003249168396 at epoch 498
INFO - 01/20/26 11:31:53 - 0:15:59 - At 499-th epoch with lr 0.000566.
INFO - 01/20/26 11:31:55 - 0:16:01 - Running average train loss is 0.6920993781089783 at epoch 499
INFO - 01/20/26 11:31:55 - 0:16:01 - At 500-th epoch with lr 0.000566.
INFO - 01/20/26 11:31:57 - 0:16:03 - Running average train loss is 0.6917012000083923 at epoch 500
INFO - 01/20/26 11:31:57 - 0:16:03 - At 501-th epoch with lr 0.000565.
INFO - 01/20/26 11:31:59 - 0:16:05 - Running average train loss is 0.6918350768089294 at epoch 501
INFO - 01/20/26 11:31:59 - 0:16:05 - At 502-th epoch with lr 0.000565.
INFO - 01/20/26 11:32:01 - 0:16:07 - Running average train loss is 0.6914765405654907 at epoch 502
INFO - 01/20/26 11:32:01 - 0:16:07 - At 503-th epoch with lr 0.000564.
INFO - 01/20/26 11:32:02 - 0:16:08 - Running average train loss is 0.6918239831924439 at epoch 503
INFO - 01/20/26 11:32:02 - 0:16:08 - At 504-th epoch with lr 0.000563.
INFO - 01/20/26 11:32:04 - 0:16:10 - Running average train loss is 0.6917025589942932 at epoch 504
INFO - 01/20/26 11:32:04 - 0:16:10 - At 505-th epoch with lr 0.000563.
INFO - 01/20/26 11:32:06 - 0:16:12 - Running average train loss is 0.6916246533393859 at epoch 505
INFO - 01/20/26 11:32:06 - 0:16:12 - At 506-th epoch with lr 0.000562.
INFO - 01/20/26 11:32:08 - 0:16:14 - Running average train loss is 0.6919958209991455 at epoch 506
INFO - 01/20/26 11:32:08 - 0:16:14 - At 507-th epoch with lr 0.000562.
INFO - 01/20/26 11:32:10 - 0:16:16 - Running average train loss is 0.6913569092750549 at epoch 507
INFO - 01/20/26 11:32:10 - 0:16:16 - At 508-th epoch with lr 0.000561.
INFO - 01/20/26 11:32:11 - 0:16:17 - Running average train loss is 0.6918491363525391 at epoch 508
INFO - 01/20/26 11:32:11 - 0:16:17 - At 509-th epoch with lr 0.000561.
INFO - 01/20/26 11:32:13 - 0:16:19 - Running average train loss is 0.6920943951606751 at epoch 509
INFO - 01/20/26 11:32:13 - 0:16:19 - At 510-th epoch with lr 0.000560.
INFO - 01/20/26 11:32:15 - 0:16:21 - Running average train loss is 0.6920674180984497 at epoch 510
INFO - 01/20/26 11:32:15 - 0:16:21 - At 511-th epoch with lr 0.000560.
INFO - 01/20/26 11:32:17 - 0:16:23 - Running average train loss is 0.6915577554702759 at epoch 511
INFO - 01/20/26 11:32:17 - 0:16:23 - At 512-th epoch with lr 0.000559.
INFO - 01/20/26 11:32:19 - 0:16:25 - Running average train loss is 0.6907808995246887 at epoch 512
INFO - 01/20/26 11:32:19 - 0:16:25 - Average dev loss is 0.7769329945246378 at epoch 512
INFO - 01/20/26 11:32:19 - 0:16:25 - dev accuracy is 89.8 at epoch 512
INFO - 01/20/26 11:32:19 - 0:16:25 - dev average edit distance is 0.123 at epoch 512
INFO - 01/20/26 11:32:19 - 0:16:25 - At 513-th epoch with lr 0.000558.
INFO - 01/20/26 11:32:21 - 0:16:27 - Running average train loss is 0.6916396641731262 at epoch 513
INFO - 01/20/26 11:32:21 - 0:16:27 - At 514-th epoch with lr 0.000558.
INFO - 01/20/26 11:32:23 - 0:16:29 - Running average train loss is 0.6924858093261719 at epoch 514
INFO - 01/20/26 11:32:23 - 0:16:29 - At 515-th epoch with lr 0.000557.
INFO - 01/20/26 11:32:25 - 0:16:31 - Running average train loss is 0.6909914946556092 at epoch 515
INFO - 01/20/26 11:32:25 - 0:16:31 - At 516-th epoch with lr 0.000557.
INFO - 01/20/26 11:32:26 - 0:16:32 - Running average train loss is 0.6918581533432007 at epoch 516
INFO - 01/20/26 11:32:26 - 0:16:32 - At 517-th epoch with lr 0.000556.
INFO - 01/20/26 11:32:28 - 0:16:34 - Running average train loss is 0.6917260098457336 at epoch 517
INFO - 01/20/26 11:32:28 - 0:16:34 - At 518-th epoch with lr 0.000556.
INFO - 01/20/26 11:32:30 - 0:16:36 - Running average train loss is 0.6912687397003174 at epoch 518
INFO - 01/20/26 11:32:30 - 0:16:36 - At 519-th epoch with lr 0.000555.
INFO - 01/20/26 11:32:32 - 0:16:38 - Running average train loss is 0.6911861109733581 at epoch 519
INFO - 01/20/26 11:32:32 - 0:16:38 - At 520-th epoch with lr 0.000555.
INFO - 01/20/26 11:32:34 - 0:16:40 - Running average train loss is 0.6916432976722717 at epoch 520
INFO - 01/20/26 11:32:34 - 0:16:40 - At 521-th epoch with lr 0.000554.
INFO - 01/20/26 11:32:36 - 0:16:42 - Running average train loss is 0.6912057614326477 at epoch 521
INFO - 01/20/26 11:32:36 - 0:16:42 - At 522-th epoch with lr 0.000554.
INFO - 01/20/26 11:32:38 - 0:16:44 - Running average train loss is 0.6917420983314514 at epoch 522
INFO - 01/20/26 11:32:38 - 0:16:44 - At 523-th epoch with lr 0.000553.
INFO - 01/20/26 11:32:40 - 0:16:45 - Running average train loss is 0.6912537622451782 at epoch 523
INFO - 01/20/26 11:32:40 - 0:16:45 - At 524-th epoch with lr 0.000553.
INFO - 01/20/26 11:32:41 - 0:16:47 - Running average train loss is 0.6912977433204651 at epoch 524
INFO - 01/20/26 11:32:41 - 0:16:47 - At 525-th epoch with lr 0.000552.
INFO - 01/20/26 11:32:43 - 0:16:49 - Running average train loss is 0.6912351727485657 at epoch 525
INFO - 01/20/26 11:32:43 - 0:16:49 - At 526-th epoch with lr 0.000552.
INFO - 01/20/26 11:32:45 - 0:16:51 - Running average train loss is 0.691725401878357 at epoch 526
INFO - 01/20/26 11:32:45 - 0:16:51 - At 527-th epoch with lr 0.000551.
INFO - 01/20/26 11:32:47 - 0:16:53 - Running average train loss is 0.691253125667572 at epoch 527
INFO - 01/20/26 11:32:47 - 0:16:53 - At 528-th epoch with lr 0.000550.
INFO - 01/20/26 11:32:49 - 0:16:54 - Running average train loss is 0.6920116829872132 at epoch 528
INFO - 01/20/26 11:32:49 - 0:16:54 - Average dev loss is 0.7724881768226624 at epoch 528
INFO - 01/20/26 11:32:49 - 0:16:55 - dev accuracy is 90.5 at epoch 528
INFO - 01/20/26 11:32:49 - 0:16:55 - dev average edit distance is 0.101 at epoch 528
INFO - 01/20/26 11:32:49 - 0:16:55 - At 529-th epoch with lr 0.000550.
INFO - 01/20/26 11:32:51 - 0:16:57 - Running average train loss is 0.6914043211936951 at epoch 529
INFO - 01/20/26 11:32:51 - 0:16:57 - At 530-th epoch with lr 0.000549.
INFO - 01/20/26 11:32:53 - 0:16:59 - Running average train loss is 0.6914549732208252 at epoch 530
INFO - 01/20/26 11:32:53 - 0:16:59 - At 531-th epoch with lr 0.000549.
INFO - 01/20/26 11:32:55 - 0:17:01 - Running average train loss is 0.6919594120979309 at epoch 531
INFO - 01/20/26 11:32:55 - 0:17:01 - At 532-th epoch with lr 0.000548.
INFO - 01/20/26 11:32:56 - 0:17:02 - Running average train loss is 0.6919547414779663 at epoch 532
INFO - 01/20/26 11:32:56 - 0:17:02 - At 533-th epoch with lr 0.000548.
INFO - 01/20/26 11:32:58 - 0:17:04 - Running average train loss is 0.6913043880462646 at epoch 533
INFO - 01/20/26 11:32:58 - 0:17:04 - At 534-th epoch with lr 0.000547.
INFO - 01/20/26 11:33:00 - 0:17:06 - Running average train loss is 0.69146311044693 at epoch 534
INFO - 01/20/26 11:33:00 - 0:17:06 - At 535-th epoch with lr 0.000547.
INFO - 01/20/26 11:33:02 - 0:17:08 - Running average train loss is 0.6913897919654847 at epoch 535
INFO - 01/20/26 11:33:02 - 0:17:08 - At 536-th epoch with lr 0.000546.
INFO - 01/20/26 11:33:04 - 0:17:09 - Running average train loss is 0.6913684892654419 at epoch 536
INFO - 01/20/26 11:33:04 - 0:17:09 - At 537-th epoch with lr 0.000546.
INFO - 01/20/26 11:33:05 - 0:17:11 - Running average train loss is 0.691638503074646 at epoch 537
INFO - 01/20/26 11:33:05 - 0:17:11 - At 538-th epoch with lr 0.000545.
INFO - 01/20/26 11:33:07 - 0:17:13 - Running average train loss is 0.6913710808753968 at epoch 538
INFO - 01/20/26 11:33:07 - 0:17:13 - At 539-th epoch with lr 0.000545.
INFO - 01/20/26 11:33:09 - 0:17:15 - Running average train loss is 0.6913549780845643 at epoch 539
INFO - 01/20/26 11:33:09 - 0:17:15 - At 540-th epoch with lr 0.000544.
INFO - 01/20/26 11:33:11 - 0:17:17 - Running average train loss is 0.6913111996650696 at epoch 540
INFO - 01/20/26 11:33:11 - 0:17:17 - At 541-th epoch with lr 0.000544.
INFO - 01/20/26 11:33:13 - 0:17:18 - Running average train loss is 0.6917460370063782 at epoch 541
INFO - 01/20/26 11:33:13 - 0:17:18 - At 542-th epoch with lr 0.000543.
INFO - 01/20/26 11:33:14 - 0:17:20 - Running average train loss is 0.691156222820282 at epoch 542
INFO - 01/20/26 11:33:14 - 0:17:20 - At 543-th epoch with lr 0.000543.
INFO - 01/20/26 11:33:16 - 0:17:22 - Running average train loss is 0.6918181204795837 at epoch 543
INFO - 01/20/26 11:33:16 - 0:17:22 - At 544-th epoch with lr 0.000542.
INFO - 01/20/26 11:33:19 - 0:17:25 - Running average train loss is 0.6917356586456299 at epoch 544
INFO - 01/20/26 11:33:19 - 0:17:25 - Average dev loss is 0.7763902346293131 at epoch 544
INFO - 01/20/26 11:33:19 - 0:17:25 - dev accuracy is 90.1 at epoch 544
INFO - 01/20/26 11:33:19 - 0:17:25 - dev average edit distance is 0.112 at epoch 544
INFO - 01/20/26 11:33:19 - 0:17:25 - At 545-th epoch with lr 0.000542.
INFO - 01/20/26 11:33:21 - 0:17:27 - Running average train loss is 0.6914650750160217 at epoch 545
INFO - 01/20/26 11:33:21 - 0:17:27 - At 546-th epoch with lr 0.000541.
INFO - 01/20/26 11:33:23 - 0:17:29 - Running average train loss is 0.6908616399765015 at epoch 546
INFO - 01/20/26 11:33:23 - 0:17:29 - At 547-th epoch with lr 0.000541.
INFO - 01/20/26 11:33:25 - 0:17:31 - Running average train loss is 0.6912975478172302 at epoch 547
INFO - 01/20/26 11:33:25 - 0:17:31 - At 548-th epoch with lr 0.000540.
INFO - 01/20/26 11:33:27 - 0:17:33 - Running average train loss is 0.6917573046684266 at epoch 548
INFO - 01/20/26 11:33:27 - 0:17:33 - At 549-th epoch with lr 0.000540.
INFO - 01/20/26 11:33:29 - 0:17:34 - Running average train loss is 0.6910406088829041 at epoch 549
INFO - 01/20/26 11:33:29 - 0:17:34 - At 550-th epoch with lr 0.000539.
INFO - 01/20/26 11:33:30 - 0:17:36 - Running average train loss is 0.6917500114440918 at epoch 550
INFO - 01/20/26 11:33:30 - 0:17:36 - At 551-th epoch with lr 0.000539.
INFO - 01/20/26 11:33:32 - 0:17:38 - Running average train loss is 0.6909936165809631 at epoch 551
INFO - 01/20/26 11:33:32 - 0:17:38 - At 552-th epoch with lr 0.000538.
INFO - 01/20/26 11:33:34 - 0:17:40 - Running average train loss is 0.6912323880195618 at epoch 552
INFO - 01/20/26 11:33:34 - 0:17:40 - At 553-th epoch with lr 0.000538.
INFO - 01/20/26 11:33:36 - 0:17:42 - Running average train loss is 0.6913804411888123 at epoch 553
INFO - 01/20/26 11:33:36 - 0:17:42 - At 554-th epoch with lr 0.000537.
INFO - 01/20/26 11:33:38 - 0:17:43 - Running average train loss is 0.690951714515686 at epoch 554
INFO - 01/20/26 11:33:38 - 0:17:43 - At 555-th epoch with lr 0.000537.
INFO - 01/20/26 11:33:39 - 0:17:45 - Running average train loss is 0.6914473533630371 at epoch 555
INFO - 01/20/26 11:33:39 - 0:17:45 - At 556-th epoch with lr 0.000536.
INFO - 01/20/26 11:33:41 - 0:17:47 - Running average train loss is 0.6919758296012879 at epoch 556
INFO - 01/20/26 11:33:41 - 0:17:47 - At 557-th epoch with lr 0.000536.
INFO - 01/20/26 11:33:43 - 0:17:49 - Running average train loss is 0.6911133551597595 at epoch 557
INFO - 01/20/26 11:33:43 - 0:17:49 - At 558-th epoch with lr 0.000535.
INFO - 01/20/26 11:33:45 - 0:17:51 - Running average train loss is 0.691668689250946 at epoch 558
INFO - 01/20/26 11:33:45 - 0:17:51 - At 559-th epoch with lr 0.000535.
INFO - 01/20/26 11:33:47 - 0:17:52 - Running average train loss is 0.6907096195220948 at epoch 559
INFO - 01/20/26 11:33:47 - 0:17:52 - At 560-th epoch with lr 0.000535.
INFO - 01/20/26 11:33:48 - 0:17:54 - Running average train loss is 0.6913825702667237 at epoch 560
INFO - 01/20/26 11:33:48 - 0:17:54 - Average dev loss is 0.7764997680981954 at epoch 560
INFO - 01/20/26 11:33:49 - 0:17:55 - dev accuracy is 88.5 at epoch 560
INFO - 01/20/26 11:33:49 - 0:17:55 - dev average edit distance is 0.135 at epoch 560
INFO - 01/20/26 11:33:49 - 0:17:55 - At 561-th epoch with lr 0.000534.
INFO - 01/20/26 11:33:51 - 0:17:57 - Running average train loss is 0.6914370942115784 at epoch 561
INFO - 01/20/26 11:33:51 - 0:17:57 - At 562-th epoch with lr 0.000534.
INFO - 01/20/26 11:33:53 - 0:17:59 - Running average train loss is 0.6911696767807007 at epoch 562
INFO - 01/20/26 11:33:53 - 0:17:59 - At 563-th epoch with lr 0.000533.
INFO - 01/20/26 11:33:54 - 0:18:00 - Running average train loss is 0.6913288068771363 at epoch 563
INFO - 01/20/26 11:33:54 - 0:18:00 - At 564-th epoch with lr 0.000533.
INFO - 01/20/26 11:33:56 - 0:18:02 - Running average train loss is 0.691107087135315 at epoch 564
INFO - 01/20/26 11:33:56 - 0:18:02 - At 565-th epoch with lr 0.000532.
INFO - 01/20/26 11:33:58 - 0:18:04 - Running average train loss is 0.6914358854293823 at epoch 565
INFO - 01/20/26 11:33:58 - 0:18:04 - At 566-th epoch with lr 0.000532.
INFO - 01/20/26 11:34:00 - 0:18:06 - Running average train loss is 0.6907806420326232 at epoch 566
INFO - 01/20/26 11:34:00 - 0:18:06 - At 567-th epoch with lr 0.000531.
INFO - 01/20/26 11:34:02 - 0:18:07 - Running average train loss is 0.6911226367950439 at epoch 567
INFO - 01/20/26 11:34:02 - 0:18:07 - At 568-th epoch with lr 0.000531.
INFO - 01/20/26 11:34:03 - 0:18:09 - Running average train loss is 0.6914671635627747 at epoch 568
INFO - 01/20/26 11:34:03 - 0:18:09 - At 569-th epoch with lr 0.000530.
INFO - 01/20/26 11:34:05 - 0:18:11 - Running average train loss is 0.6909438133239746 at epoch 569
INFO - 01/20/26 11:34:05 - 0:18:11 - At 570-th epoch with lr 0.000530.
INFO - 01/20/26 11:34:07 - 0:18:13 - Running average train loss is 0.6909645462036133 at epoch 570
INFO - 01/20/26 11:34:07 - 0:18:13 - At 571-th epoch with lr 0.000529.
INFO - 01/20/26 11:34:09 - 0:18:15 - Running average train loss is 0.6912658047676087 at epoch 571
INFO - 01/20/26 11:34:09 - 0:18:15 - At 572-th epoch with lr 0.000529.
INFO - 01/20/26 11:34:11 - 0:18:16 - Running average train loss is 0.6914430451393128 at epoch 572
INFO - 01/20/26 11:34:11 - 0:18:16 - At 573-th epoch with lr 0.000528.
INFO - 01/20/26 11:34:12 - 0:18:18 - Running average train loss is 0.6910543894767761 at epoch 573
INFO - 01/20/26 11:34:12 - 0:18:18 - At 574-th epoch with lr 0.000528.
INFO - 01/20/26 11:34:14 - 0:18:20 - Running average train loss is 0.690892391204834 at epoch 574
INFO - 01/20/26 11:34:14 - 0:18:20 - At 575-th epoch with lr 0.000528.
INFO - 01/20/26 11:34:16 - 0:18:22 - Running average train loss is 0.6908573746681214 at epoch 575
INFO - 01/20/26 11:34:16 - 0:18:22 - At 576-th epoch with lr 0.000527.
INFO - 01/20/26 11:34:18 - 0:18:24 - Running average train loss is 0.6912944483757019 at epoch 576
INFO - 01/20/26 11:34:18 - 0:18:24 - Average dev loss is 0.7721338669459025 at epoch 576
INFO - 01/20/26 11:34:18 - 0:18:24 - dev accuracy is 89.3 at epoch 576
INFO - 01/20/26 11:34:18 - 0:18:24 - dev average edit distance is 0.148 at epoch 576
INFO - 01/20/26 11:34:18 - 0:18:24 - At 577-th epoch with lr 0.000527.
INFO - 01/20/26 11:34:20 - 0:18:26 - Running average train loss is 0.690983395576477 at epoch 577
INFO - 01/20/26 11:34:20 - 0:18:26 - At 578-th epoch with lr 0.000526.
INFO - 01/20/26 11:34:22 - 0:18:28 - Running average train loss is 0.6913544583320618 at epoch 578
INFO - 01/20/26 11:34:22 - 0:18:28 - At 579-th epoch with lr 0.000526.
INFO - 01/20/26 11:34:24 - 0:18:30 - Running average train loss is 0.6910856437683105 at epoch 579
INFO - 01/20/26 11:34:24 - 0:18:30 - At 580-th epoch with lr 0.000525.
INFO - 01/20/26 11:34:26 - 0:18:32 - Running average train loss is 0.6908520150184632 at epoch 580
INFO - 01/20/26 11:34:26 - 0:18:32 - At 581-th epoch with lr 0.000525.
INFO - 01/20/26 11:34:28 - 0:18:34 - Running average train loss is 0.6911721587181091 at epoch 581
INFO - 01/20/26 11:34:28 - 0:18:34 - At 582-th epoch with lr 0.000524.
INFO - 01/20/26 11:34:30 - 0:18:36 - Running average train loss is 0.6908165383338928 at epoch 582
INFO - 01/20/26 11:34:30 - 0:18:36 - At 583-th epoch with lr 0.000524.
INFO - 01/20/26 11:34:33 - 0:18:38 - Running average train loss is 0.6911393284797669 at epoch 583
INFO - 01/20/26 11:34:33 - 0:18:38 - At 584-th epoch with lr 0.000523.
INFO - 01/20/26 11:34:35 - 0:18:40 - Running average train loss is 0.6913664817810059 at epoch 584
INFO - 01/20/26 11:34:35 - 0:18:40 - At 585-th epoch with lr 0.000523.
INFO - 01/20/26 11:34:36 - 0:18:42 - Running average train loss is 0.691020405292511 at epoch 585
INFO - 01/20/26 11:34:36 - 0:18:42 - At 586-th epoch with lr 0.000523.
INFO - 01/20/26 11:34:38 - 0:18:44 - Running average train loss is 0.6910224628448486 at epoch 586
INFO - 01/20/26 11:34:38 - 0:18:44 - At 587-th epoch with lr 0.000522.
INFO - 01/20/26 11:34:40 - 0:18:46 - Running average train loss is 0.6910067868232727 at epoch 587
INFO - 01/20/26 11:34:40 - 0:18:46 - At 588-th epoch with lr 0.000522.
INFO - 01/20/26 11:34:42 - 0:18:48 - Running average train loss is 0.6910479497909546 at epoch 588
INFO - 01/20/26 11:34:42 - 0:18:48 - At 589-th epoch with lr 0.000521.
INFO - 01/20/26 11:34:43 - 0:18:49 - Running average train loss is 0.6907753539085388 at epoch 589
INFO - 01/20/26 11:34:43 - 0:18:49 - At 590-th epoch with lr 0.000521.
INFO - 01/20/26 11:34:45 - 0:18:51 - Running average train loss is 0.6905451083183288 at epoch 590
INFO - 01/20/26 11:34:45 - 0:18:51 - At 591-th epoch with lr 0.000520.
INFO - 01/20/26 11:34:47 - 0:18:53 - Running average train loss is 0.6906844329833984 at epoch 591
INFO - 01/20/26 11:34:47 - 0:18:53 - At 592-th epoch with lr 0.000520.
INFO - 01/20/26 11:34:49 - 0:18:55 - Running average train loss is 0.6905215692520141 at epoch 592
INFO - 01/20/26 11:34:49 - 0:18:55 - Average dev loss is 0.7687101364135742 at epoch 592
INFO - 01/20/26 11:34:49 - 0:18:55 - dev accuracy is 90.6 at epoch 592
INFO - 01/20/26 11:34:49 - 0:18:55 - dev average edit distance is 0.119 at epoch 592
INFO - 01/20/26 11:34:50 - 0:18:55 - At 593-th epoch with lr 0.000519.
INFO - 01/20/26 11:34:51 - 0:18:57 - Running average train loss is 0.6902372574806214 at epoch 593
INFO - 01/20/26 11:34:51 - 0:18:57 - At 594-th epoch with lr 0.000519.
INFO - 01/20/26 11:34:53 - 0:18:59 - Running average train loss is 0.6909914135932922 at epoch 594
INFO - 01/20/26 11:34:53 - 0:18:59 - At 595-th epoch with lr 0.000519.
INFO - 01/20/26 11:34:55 - 0:19:01 - Running average train loss is 0.6909713864326477 at epoch 595
INFO - 01/20/26 11:34:55 - 0:19:01 - At 596-th epoch with lr 0.000518.
INFO - 01/20/26 11:34:57 - 0:19:03 - Running average train loss is 0.6910945820808411 at epoch 596
INFO - 01/20/26 11:34:57 - 0:19:03 - At 597-th epoch with lr 0.000518.
INFO - 01/20/26 11:34:59 - 0:19:04 - Running average train loss is 0.690938549041748 at epoch 597
INFO - 01/20/26 11:34:59 - 0:19:04 - At 598-th epoch with lr 0.000517.
INFO - 01/20/26 11:35:00 - 0:19:06 - Running average train loss is 0.6906127882003784 at epoch 598
INFO - 01/20/26 11:35:00 - 0:19:06 - At 599-th epoch with lr 0.000517.
INFO - 01/20/26 11:35:02 - 0:19:08 - Running average train loss is 0.6912576580047607 at epoch 599
INFO - 01/20/26 11:35:02 - 0:19:08 - At 600-th epoch with lr 0.000516.
INFO - 01/20/26 11:35:04 - 0:19:10 - Running average train loss is 0.691348180770874 at epoch 600
INFO - 01/20/26 11:35:04 - 0:19:10 - At 601-th epoch with lr 0.000516.
INFO - 01/20/26 11:35:06 - 0:19:12 - Running average train loss is 0.6906693315505982 at epoch 601
INFO - 01/20/26 11:35:06 - 0:19:12 - At 602-th epoch with lr 0.000516.
INFO - 01/20/26 11:35:08 - 0:19:13 - Running average train loss is 0.690602810382843 at epoch 602
INFO - 01/20/26 11:35:08 - 0:19:13 - At 603-th epoch with lr 0.000515.
INFO - 01/20/26 11:35:09 - 0:19:15 - Running average train loss is 0.6908244419097901 at epoch 603
INFO - 01/20/26 11:35:09 - 0:19:15 - At 604-th epoch with lr 0.000515.
INFO - 01/20/26 11:35:11 - 0:19:17 - Running average train loss is 0.6909786987304688 at epoch 604
INFO - 01/20/26 11:35:11 - 0:19:17 - At 605-th epoch with lr 0.000514.
INFO - 01/20/26 11:35:13 - 0:19:19 - Running average train loss is 0.6910918641090393 at epoch 605
INFO - 01/20/26 11:35:13 - 0:19:19 - At 606-th epoch with lr 0.000514.
INFO - 01/20/26 11:35:15 - 0:19:21 - Running average train loss is 0.6909685897827148 at epoch 606
INFO - 01/20/26 11:35:15 - 0:19:21 - At 607-th epoch with lr 0.000513.
INFO - 01/20/26 11:35:17 - 0:19:23 - Running average train loss is 0.6913440322875977 at epoch 607
INFO - 01/20/26 11:35:17 - 0:19:23 - At 608-th epoch with lr 0.000513.
INFO - 01/20/26 11:35:18 - 0:19:24 - Running average train loss is 0.6908257555961609 at epoch 608
INFO - 01/20/26 11:35:18 - 0:19:24 - Average dev loss is 0.7715346217155457 at epoch 608
INFO - 01/20/26 11:35:19 - 0:19:25 - dev accuracy is 89.9 at epoch 608
INFO - 01/20/26 11:35:19 - 0:19:25 - dev average edit distance is 0.118 at epoch 608
INFO - 01/20/26 11:35:19 - 0:19:25 - At 609-th epoch with lr 0.000513.
INFO - 01/20/26 11:35:21 - 0:19:27 - Running average train loss is 0.6908429694175721 at epoch 609
INFO - 01/20/26 11:35:21 - 0:19:27 - At 610-th epoch with lr 0.000512.
INFO - 01/20/26 11:35:23 - 0:19:29 - Running average train loss is 0.6911255216598511 at epoch 610
INFO - 01/20/26 11:35:23 - 0:19:29 - At 611-th epoch with lr 0.000512.
INFO - 01/20/26 11:35:25 - 0:19:31 - Running average train loss is 0.6908590030670166 at epoch 611
INFO - 01/20/26 11:35:25 - 0:19:31 - At 612-th epoch with lr 0.000511.
INFO - 01/20/26 11:35:27 - 0:19:33 - Running average train loss is 0.6909506511688233 at epoch 612
INFO - 01/20/26 11:35:27 - 0:19:33 - At 613-th epoch with lr 0.000511.
INFO - 01/20/26 11:35:28 - 0:19:34 - Running average train loss is 0.6912763023376465 at epoch 613
INFO - 01/20/26 11:35:28 - 0:19:34 - At 614-th epoch with lr 0.000510.
INFO - 01/20/26 11:35:30 - 0:19:36 - Running average train loss is 0.6910521245002746 at epoch 614
INFO - 01/20/26 11:35:30 - 0:19:36 - At 615-th epoch with lr 0.000510.
INFO - 01/20/26 11:35:32 - 0:19:38 - Running average train loss is 0.6907001399993896 at epoch 615
INFO - 01/20/26 11:35:32 - 0:19:38 - At 616-th epoch with lr 0.000510.
INFO - 01/20/26 11:35:34 - 0:19:40 - Running average train loss is 0.691072027683258 at epoch 616
INFO - 01/20/26 11:35:34 - 0:19:40 - At 617-th epoch with lr 0.000509.
INFO - 01/20/26 11:35:36 - 0:19:42 - Running average train loss is 0.6912034630775452 at epoch 617
INFO - 01/20/26 11:35:36 - 0:19:42 - At 618-th epoch with lr 0.000509.
INFO - 01/20/26 11:35:38 - 0:19:43 - Running average train loss is 0.6906569433212281 at epoch 618
INFO - 01/20/26 11:35:38 - 0:19:43 - At 619-th epoch with lr 0.000508.
INFO - 01/20/26 11:35:39 - 0:19:45 - Running average train loss is 0.6908652424812317 at epoch 619
INFO - 01/20/26 11:35:39 - 0:19:45 - At 620-th epoch with lr 0.000508.
INFO - 01/20/26 11:35:41 - 0:19:47 - Running average train loss is 0.690794198513031 at epoch 620
INFO - 01/20/26 11:35:41 - 0:19:47 - At 621-th epoch with lr 0.000508.
INFO - 01/20/26 11:35:43 - 0:19:49 - Running average train loss is 0.6908858942985535 at epoch 621
INFO - 01/20/26 11:35:43 - 0:19:49 - At 622-th epoch with lr 0.000507.
INFO - 01/20/26 11:35:45 - 0:19:51 - Running average train loss is 0.6910998725891113 at epoch 622
INFO - 01/20/26 11:35:45 - 0:19:51 - At 623-th epoch with lr 0.000507.
INFO - 01/20/26 11:35:47 - 0:19:52 - Running average train loss is 0.69078608751297 at epoch 623
INFO - 01/20/26 11:35:47 - 0:19:52 - At 624-th epoch with lr 0.000506.
INFO - 01/20/26 11:35:48 - 0:19:54 - Running average train loss is 0.6910447525978088 at epoch 624
INFO - 01/20/26 11:35:48 - 0:19:54 - Average dev loss is 0.7780892252922058 at epoch 624
INFO - 01/20/26 11:35:49 - 0:19:55 - dev accuracy is 90.0 at epoch 624
INFO - 01/20/26 11:35:49 - 0:19:55 - dev average edit distance is 0.119 at epoch 624
INFO - 01/20/26 11:35:49 - 0:19:55 - At 625-th epoch with lr 0.000506.
INFO - 01/20/26 11:35:51 - 0:19:57 - Running average train loss is 0.6911447143554688 at epoch 625
INFO - 01/20/26 11:35:51 - 0:19:57 - At 626-th epoch with lr 0.000506.
INFO - 01/20/26 11:35:53 - 0:19:59 - Running average train loss is 0.6906020712852478 at epoch 626
INFO - 01/20/26 11:35:53 - 0:19:59 - At 627-th epoch with lr 0.000505.
INFO - 01/20/26 11:35:54 - 0:20:00 - Running average train loss is 0.6905231857299805 at epoch 627
INFO - 01/20/26 11:35:54 - 0:20:00 - At 628-th epoch with lr 0.000505.
INFO - 01/20/26 11:35:56 - 0:20:02 - Running average train loss is 0.6908206367492675 at epoch 628
INFO - 01/20/26 11:35:56 - 0:20:02 - At 629-th epoch with lr 0.000504.
INFO - 01/20/26 11:35:58 - 0:20:04 - Running average train loss is 0.6907820606231689 at epoch 629
INFO - 01/20/26 11:35:58 - 0:20:04 - At 630-th epoch with lr 0.000504.
INFO - 01/20/26 11:36:00 - 0:20:06 - Running average train loss is 0.6910592627525329 at epoch 630
INFO - 01/20/26 11:36:00 - 0:20:06 - At 631-th epoch with lr 0.000504.
INFO - 01/20/26 11:36:02 - 0:20:08 - Running average train loss is 0.6910678696632385 at epoch 631
INFO - 01/20/26 11:36:02 - 0:20:08 - At 632-th epoch with lr 0.000503.
INFO - 01/20/26 11:36:04 - 0:20:09 - Running average train loss is 0.6908374524116516 at epoch 632
INFO - 01/20/26 11:36:04 - 0:20:09 - At 633-th epoch with lr 0.000503.
INFO - 01/20/26 11:36:05 - 0:20:11 - Running average train loss is 0.6909176898002625 at epoch 633
INFO - 01/20/26 11:36:05 - 0:20:11 - At 634-th epoch with lr 0.000502.
INFO - 01/20/26 11:36:07 - 0:20:13 - Running average train loss is 0.6914771294593811 at epoch 634
INFO - 01/20/26 11:36:07 - 0:20:13 - At 635-th epoch with lr 0.000502.
INFO - 01/20/26 11:36:09 - 0:20:15 - Running average train loss is 0.6914217090606689 at epoch 635
INFO - 01/20/26 11:36:09 - 0:20:15 - At 636-th epoch with lr 0.000502.
INFO - 01/20/26 11:36:11 - 0:20:17 - Running average train loss is 0.6906962466239929 at epoch 636
INFO - 01/20/26 11:36:11 - 0:20:17 - At 637-th epoch with lr 0.000501.
INFO - 01/20/26 11:36:13 - 0:20:18 - Running average train loss is 0.690838737487793 at epoch 637
INFO - 01/20/26 11:36:13 - 0:20:18 - At 638-th epoch with lr 0.000501.
INFO - 01/20/26 11:36:14 - 0:20:20 - Running average train loss is 0.6904785823822022 at epoch 638
INFO - 01/20/26 11:36:14 - 0:20:20 - At 639-th epoch with lr 0.000500.
INFO - 01/20/26 11:36:16 - 0:20:22 - Running average train loss is 0.6911144948005676 at epoch 639
INFO - 01/20/26 11:36:16 - 0:20:22 - At 640-th epoch with lr 0.000500.
INFO - 01/20/26 11:36:18 - 0:20:24 - Running average train loss is 0.6903604769706726 at epoch 640
INFO - 01/20/26 11:36:18 - 0:20:24 - Average dev loss is 0.7736683487892151 at epoch 640
INFO - 01/20/26 11:36:19 - 0:20:24 - dev accuracy is 89.6 at epoch 640
INFO - 01/20/26 11:36:19 - 0:20:24 - dev average edit distance is 0.121 at epoch 640
INFO - 01/20/26 11:36:19 - 0:20:25 - At 641-th epoch with lr 0.000500.
INFO - 01/20/26 11:36:20 - 0:20:26 - Running average train loss is 0.6904509830474853 at epoch 641
INFO - 01/20/26 11:36:20 - 0:20:26 - At 642-th epoch with lr 0.000499.
INFO - 01/20/26 11:36:22 - 0:20:28 - Running average train loss is 0.6904507660865784 at epoch 642
INFO - 01/20/26 11:36:22 - 0:20:28 - At 643-th epoch with lr 0.000499.
INFO - 01/20/26 11:36:24 - 0:20:30 - Running average train loss is 0.6903373789787293 at epoch 643
INFO - 01/20/26 11:36:24 - 0:20:30 - At 644-th epoch with lr 0.000498.
INFO - 01/20/26 11:36:26 - 0:20:32 - Running average train loss is 0.6907852387428284 at epoch 644
INFO - 01/20/26 11:36:26 - 0:20:32 - At 645-th epoch with lr 0.000498.
INFO - 01/20/26 11:36:28 - 0:20:34 - Running average train loss is 0.6908426856994629 at epoch 645
INFO - 01/20/26 11:36:28 - 0:20:34 - At 646-th epoch with lr 0.000498.
INFO - 01/20/26 11:36:30 - 0:20:35 - Running average train loss is 0.6910063743591308 at epoch 646
INFO - 01/20/26 11:36:30 - 0:20:35 - At 647-th epoch with lr 0.000497.
INFO - 01/20/26 11:36:31 - 0:20:37 - Running average train loss is 0.6907800221443177 at epoch 647
INFO - 01/20/26 11:36:31 - 0:20:37 - At 648-th epoch with lr 0.000497.
INFO - 01/20/26 11:36:33 - 0:20:39 - Running average train loss is 0.6907719612121582 at epoch 648
INFO - 01/20/26 11:36:33 - 0:20:39 - At 649-th epoch with lr 0.000497.
INFO - 01/20/26 11:36:35 - 0:20:41 - Running average train loss is 0.6901427125930786 at epoch 649
INFO - 01/20/26 11:36:35 - 0:20:41 - At 650-th epoch with lr 0.000496.
INFO - 01/20/26 11:36:37 - 0:20:43 - Running average train loss is 0.6905114626884461 at epoch 650
INFO - 01/20/26 11:36:37 - 0:20:43 - At 651-th epoch with lr 0.000496.
INFO - 01/20/26 11:36:39 - 0:20:45 - Running average train loss is 0.6913732933998108 at epoch 651
INFO - 01/20/26 11:36:39 - 0:20:45 - At 652-th epoch with lr 0.000495.
INFO - 01/20/26 11:36:40 - 0:20:46 - Running average train loss is 0.690844919681549 at epoch 652
INFO - 01/20/26 11:36:40 - 0:20:46 - At 653-th epoch with lr 0.000495.
INFO - 01/20/26 11:36:42 - 0:20:48 - Running average train loss is 0.6905891084671021 at epoch 653
INFO - 01/20/26 11:36:42 - 0:20:48 - At 654-th epoch with lr 0.000495.
INFO - 01/20/26 11:36:44 - 0:20:50 - Running average train loss is 0.6912315678596497 at epoch 654
INFO - 01/20/26 11:36:44 - 0:20:50 - At 655-th epoch with lr 0.000494.
INFO - 01/20/26 11:36:46 - 0:20:52 - Running average train loss is 0.6907272171974183 at epoch 655
INFO - 01/20/26 11:36:46 - 0:20:52 - At 656-th epoch with lr 0.000494.
INFO - 01/20/26 11:36:48 - 0:20:54 - Running average train loss is 0.6912159705162049 at epoch 656
INFO - 01/20/26 11:36:48 - 0:20:54 - Average dev loss is 0.7759958902994791 at epoch 656
INFO - 01/20/26 11:36:48 - 0:20:54 - dev accuracy is 89.9 at epoch 656
INFO - 01/20/26 11:36:48 - 0:20:54 - dev average edit distance is 0.116 at epoch 656
INFO - 01/20/26 11:36:49 - 0:20:54 - At 657-th epoch with lr 0.000493.
INFO - 01/20/26 11:36:50 - 0:20:56 - Running average train loss is 0.6906088042259216 at epoch 657
INFO - 01/20/26 11:36:50 - 0:20:56 - At 658-th epoch with lr 0.000493.
INFO - 01/20/26 11:36:52 - 0:20:58 - Running average train loss is 0.6900958991050721 at epoch 658
INFO - 01/20/26 11:36:52 - 0:20:58 - At 659-th epoch with lr 0.000493.
INFO - 01/20/26 11:36:54 - 0:21:00 - Running average train loss is 0.690426139831543 at epoch 659
INFO - 01/20/26 11:36:54 - 0:21:00 - At 660-th epoch with lr 0.000492.
INFO - 01/20/26 11:36:56 - 0:21:02 - Running average train loss is 0.6905221104621887 at epoch 660
INFO - 01/20/26 11:36:56 - 0:21:02 - At 661-th epoch with lr 0.000492.
INFO - 01/20/26 11:36:58 - 0:21:03 - Running average train loss is 0.6905023312568664 at epoch 661
INFO - 01/20/26 11:36:58 - 0:21:03 - At 662-th epoch with lr 0.000492.
INFO - 01/20/26 11:36:59 - 0:21:05 - Running average train loss is 0.6909571981430054 at epoch 662
INFO - 01/20/26 11:36:59 - 0:21:05 - At 663-th epoch with lr 0.000491.
INFO - 01/20/26 11:37:01 - 0:21:07 - Running average train loss is 0.6904773426055908 at epoch 663
INFO - 01/20/26 11:37:01 - 0:21:07 - At 664-th epoch with lr 0.000491.
INFO - 01/20/26 11:37:03 - 0:21:09 - Running average train loss is 0.6903464579582215 at epoch 664
INFO - 01/20/26 11:37:03 - 0:21:09 - At 665-th epoch with lr 0.000491.
INFO - 01/20/26 11:37:05 - 0:21:11 - Running average train loss is 0.6907655477523804 at epoch 665
INFO - 01/20/26 11:37:05 - 0:21:11 - At 666-th epoch with lr 0.000490.
INFO - 01/20/26 11:37:07 - 0:21:13 - Running average train loss is 0.6905915760993957 at epoch 666
INFO - 01/20/26 11:37:07 - 0:21:13 - At 667-th epoch with lr 0.000490.
INFO - 01/20/26 11:37:08 - 0:21:14 - Running average train loss is 0.6904903769493103 at epoch 667
INFO - 01/20/26 11:37:08 - 0:21:14 - At 668-th epoch with lr 0.000489.
INFO - 01/20/26 11:37:10 - 0:21:16 - Running average train loss is 0.6908095121383667 at epoch 668
INFO - 01/20/26 11:37:10 - 0:21:16 - At 669-th epoch with lr 0.000489.
INFO - 01/20/26 11:37:12 - 0:21:18 - Running average train loss is 0.6909667086601258 at epoch 669
INFO - 01/20/26 11:37:12 - 0:21:18 - At 670-th epoch with lr 0.000489.
INFO - 01/20/26 11:37:14 - 0:21:20 - Running average train loss is 0.6906407928466797 at epoch 670
INFO - 01/20/26 11:37:14 - 0:21:20 - At 671-th epoch with lr 0.000488.
INFO - 01/20/26 11:37:16 - 0:21:22 - Running average train loss is 0.6903740930557251 at epoch 671
INFO - 01/20/26 11:37:16 - 0:21:22 - At 672-th epoch with lr 0.000488.
INFO - 01/20/26 11:37:18 - 0:21:23 - Running average train loss is 0.6906146240234375 at epoch 672
INFO - 01/20/26 11:37:18 - 0:21:23 - Average dev loss is 0.7530659834543864 at epoch 672
INFO - 01/20/26 11:37:18 - 0:21:24 - dev accuracy is 91.9 at epoch 672
INFO - 01/20/26 11:37:18 - 0:21:24 - dev average edit distance is 0.087 at epoch 672
INFO - 01/20/26 11:37:18 - 0:21:24 - At 673-th epoch with lr 0.000488.
INFO - 01/20/26 11:37:20 - 0:21:26 - Running average train loss is 0.6908365464210511 at epoch 673
INFO - 01/20/26 11:37:20 - 0:21:26 - At 674-th epoch with lr 0.000487.
INFO - 01/20/26 11:37:22 - 0:21:28 - Running average train loss is 0.6905659365653992 at epoch 674
INFO - 01/20/26 11:37:22 - 0:21:28 - At 675-th epoch with lr 0.000487.
INFO - 01/20/26 11:37:24 - 0:21:30 - Running average train loss is 0.6906855249404907 at epoch 675
INFO - 01/20/26 11:37:24 - 0:21:30 - At 676-th epoch with lr 0.000487.
INFO - 01/20/26 11:37:25 - 0:21:31 - Running average train loss is 0.6905892872810364 at epoch 676
INFO - 01/20/26 11:37:25 - 0:21:31 - At 677-th epoch with lr 0.000486.
INFO - 01/20/26 11:37:27 - 0:21:33 - Running average train loss is 0.6904721879959106 at epoch 677
INFO - 01/20/26 11:37:27 - 0:21:33 - At 678-th epoch with lr 0.000486.
INFO - 01/20/26 11:37:29 - 0:21:35 - Running average train loss is 0.6910320925712585 at epoch 678
INFO - 01/20/26 11:37:29 - 0:21:35 - At 679-th epoch with lr 0.000485.
INFO - 01/20/26 11:37:31 - 0:21:37 - Running average train loss is 0.6913011002540589 at epoch 679
INFO - 01/20/26 11:37:31 - 0:21:37 - At 680-th epoch with lr 0.000485.
INFO - 01/20/26 11:37:33 - 0:21:39 - Running average train loss is 0.6909898710250855 at epoch 680
INFO - 01/20/26 11:37:33 - 0:21:39 - At 681-th epoch with lr 0.000485.
INFO - 01/20/26 11:37:35 - 0:21:41 - Running average train loss is 0.6906352663040161 at epoch 681
INFO - 01/20/26 11:37:35 - 0:21:41 - At 682-th epoch with lr 0.000484.
INFO - 01/20/26 11:37:37 - 0:21:42 - Running average train loss is 0.6903343033790589 at epoch 682
INFO - 01/20/26 11:37:37 - 0:21:42 - At 683-th epoch with lr 0.000484.
INFO - 01/20/26 11:37:38 - 0:21:44 - Running average train loss is 0.6906420373916626 at epoch 683
INFO - 01/20/26 11:37:38 - 0:21:44 - At 684-th epoch with lr 0.000484.
INFO - 01/20/26 11:37:40 - 0:21:46 - Running average train loss is 0.6905222010612487 at epoch 684
INFO - 01/20/26 11:37:40 - 0:21:46 - At 685-th epoch with lr 0.000483.
INFO - 01/20/26 11:37:42 - 0:21:48 - Running average train loss is 0.6903453707695008 at epoch 685
INFO - 01/20/26 11:37:42 - 0:21:48 - At 686-th epoch with lr 0.000483.
INFO - 01/20/26 11:37:44 - 0:21:50 - Running average train loss is 0.6902809357643127 at epoch 686
INFO - 01/20/26 11:37:44 - 0:21:50 - At 687-th epoch with lr 0.000483.
INFO - 01/20/26 11:37:46 - 0:21:52 - Running average train loss is 0.6900737428665161 at epoch 687
INFO - 01/20/26 11:37:46 - 0:21:52 - At 688-th epoch with lr 0.000482.
INFO - 01/20/26 11:37:48 - 0:21:54 - Running average train loss is 0.6902031302452087 at epoch 688
INFO - 01/20/26 11:37:48 - 0:21:54 - Average dev loss is 0.7644057075182596 at epoch 688
INFO - 01/20/26 11:37:48 - 0:21:54 - dev accuracy is 90.1 at epoch 688
INFO - 01/20/26 11:37:48 - 0:21:54 - dev average edit distance is 0.131 at epoch 688
INFO - 01/20/26 11:37:48 - 0:21:54 - At 689-th epoch with lr 0.000482.
INFO - 01/20/26 11:37:50 - 0:21:56 - Running average train loss is 0.6903251504898071 at epoch 689
INFO - 01/20/26 11:37:50 - 0:21:56 - At 690-th epoch with lr 0.000482.
INFO - 01/20/26 11:37:52 - 0:21:58 - Running average train loss is 0.6904289579391479 at epoch 690
INFO - 01/20/26 11:37:52 - 0:21:58 - At 691-th epoch with lr 0.000481.
INFO - 01/20/26 11:37:54 - 0:22:00 - Running average train loss is 0.6902177667617798 at epoch 691
INFO - 01/20/26 11:37:54 - 0:22:00 - At 692-th epoch with lr 0.000481.
INFO - 01/20/26 11:37:56 - 0:22:02 - Running average train loss is 0.6909789443016052 at epoch 692
INFO - 01/20/26 11:37:56 - 0:22:02 - At 693-th epoch with lr 0.000480.
INFO - 01/20/26 11:37:58 - 0:22:04 - Running average train loss is 0.6905144453048706 at epoch 693
INFO - 01/20/26 11:37:58 - 0:22:04 - At 694-th epoch with lr 0.000480.
INFO - 01/20/26 11:37:59 - 0:22:05 - Running average train loss is 0.6908116579055786 at epoch 694
INFO - 01/20/26 11:37:59 - 0:22:05 - At 695-th epoch with lr 0.000480.
INFO - 01/20/26 11:38:01 - 0:22:07 - Running average train loss is 0.6906569004058838 at epoch 695
INFO - 01/20/26 11:38:01 - 0:22:07 - At 696-th epoch with lr 0.000479.
INFO - 01/20/26 11:38:03 - 0:22:09 - Running average train loss is 0.6906547021865844 at epoch 696
INFO - 01/20/26 11:38:03 - 0:22:09 - At 697-th epoch with lr 0.000479.
INFO - 01/20/26 11:38:05 - 0:22:11 - Running average train loss is 0.6906809997558594 at epoch 697
INFO - 01/20/26 11:38:05 - 0:22:11 - At 698-th epoch with lr 0.000479.
INFO - 01/20/26 11:38:07 - 0:22:13 - Running average train loss is 0.6904584741592408 at epoch 698
INFO - 01/20/26 11:38:07 - 0:22:13 - At 699-th epoch with lr 0.000478.
INFO - 01/20/26 11:38:09 - 0:22:14 - Running average train loss is 0.6902335691452026 at epoch 699
INFO - 01/20/26 11:38:09 - 0:22:14 - At 700-th epoch with lr 0.000478.
INFO - 01/20/26 11:38:10 - 0:22:16 - Running average train loss is 0.6899969935417175 at epoch 700
INFO - 01/20/26 11:38:10 - 0:22:16 - At 701-th epoch with lr 0.000478.
INFO - 01/20/26 11:38:12 - 0:22:18 - Running average train loss is 0.6901672673225403 at epoch 701
INFO - 01/20/26 11:38:12 - 0:22:18 - At 702-th epoch with lr 0.000477.
INFO - 01/20/26 11:38:14 - 0:22:20 - Running average train loss is 0.690708224773407 at epoch 702
INFO - 01/20/26 11:38:14 - 0:22:20 - At 703-th epoch with lr 0.000477.
INFO - 01/20/26 11:38:16 - 0:22:22 - Running average train loss is 0.6901275157928467 at epoch 703
INFO - 01/20/26 11:38:16 - 0:22:22 - At 704-th epoch with lr 0.000477.
INFO - 01/20/26 11:38:18 - 0:22:24 - Running average train loss is 0.6901873826980591 at epoch 704
INFO - 01/20/26 11:38:18 - 0:22:24 - Average dev loss is 0.7653491099675497 at epoch 704
INFO - 01/20/26 11:38:18 - 0:22:24 - dev accuracy is 89.6 at epoch 704
INFO - 01/20/26 11:38:18 - 0:22:24 - dev average edit distance is 0.126 at epoch 704
INFO - 01/20/26 11:38:18 - 0:22:24 - At 705-th epoch with lr 0.000476.
INFO - 01/20/26 11:38:20 - 0:22:26 - Running average train loss is 0.6902558946609497 at epoch 705
INFO - 01/20/26 11:38:20 - 0:22:26 - At 706-th epoch with lr 0.000476.
INFO - 01/20/26 11:38:22 - 0:22:28 - Running average train loss is 0.6904496359825134 at epoch 706
INFO - 01/20/26 11:38:22 - 0:22:28 - At 707-th epoch with lr 0.000476.
INFO - 01/20/26 11:38:24 - 0:22:30 - Running average train loss is 0.6903610038757324 at epoch 707
INFO - 01/20/26 11:38:24 - 0:22:30 - At 708-th epoch with lr 0.000475.
INFO - 01/20/26 11:38:26 - 0:22:32 - Running average train loss is 0.6905131340026855 at epoch 708
INFO - 01/20/26 11:38:26 - 0:22:32 - At 709-th epoch with lr 0.000475.
INFO - 01/20/26 11:38:27 - 0:22:33 - Running average train loss is 0.6904264855384826 at epoch 709
INFO - 01/20/26 11:38:27 - 0:22:33 - At 710-th epoch with lr 0.000475.
INFO - 01/20/26 11:38:29 - 0:22:35 - Running average train loss is 0.6903656387329101 at epoch 710
INFO - 01/20/26 11:38:29 - 0:22:35 - At 711-th epoch with lr 0.000474.
INFO - 01/20/26 11:38:31 - 0:22:37 - Running average train loss is 0.6907191801071167 at epoch 711
INFO - 01/20/26 11:38:31 - 0:22:37 - At 712-th epoch with lr 0.000474.
INFO - 01/20/26 11:38:33 - 0:22:39 - Running average train loss is 0.6904548645019531 at epoch 712
INFO - 01/20/26 11:38:33 - 0:22:39 - At 713-th epoch with lr 0.000474.
INFO - 01/20/26 11:38:35 - 0:22:41 - Running average train loss is 0.6903290462493896 at epoch 713
INFO - 01/20/26 11:38:35 - 0:22:41 - At 714-th epoch with lr 0.000473.
INFO - 01/20/26 11:38:37 - 0:22:42 - Running average train loss is 0.6900011920928955 at epoch 714
INFO - 01/20/26 11:38:37 - 0:22:42 - At 715-th epoch with lr 0.000473.
INFO - 01/20/26 11:38:38 - 0:22:44 - Running average train loss is 0.6901160097122192 at epoch 715
INFO - 01/20/26 11:38:38 - 0:22:44 - At 716-th epoch with lr 0.000473.
INFO - 01/20/26 11:38:40 - 0:22:46 - Running average train loss is 0.6900816607475281 at epoch 716
INFO - 01/20/26 11:38:40 - 0:22:46 - At 717-th epoch with lr 0.000472.
INFO - 01/20/26 11:38:42 - 0:22:48 - Running average train loss is 0.69035329580307 at epoch 717
INFO - 01/20/26 11:38:42 - 0:22:48 - At 718-th epoch with lr 0.000472.
INFO - 01/20/26 11:38:44 - 0:22:50 - Running average train loss is 0.6905094170570374 at epoch 718
INFO - 01/20/26 11:38:44 - 0:22:50 - At 719-th epoch with lr 0.000472.
INFO - 01/20/26 11:38:46 - 0:22:52 - Running average train loss is 0.6903434729576111 at epoch 719
INFO - 01/20/26 11:38:46 - 0:22:52 - At 720-th epoch with lr 0.000471.
INFO - 01/20/26 11:38:47 - 0:22:53 - Running average train loss is 0.6903462338447571 at epoch 720
INFO - 01/20/26 11:38:47 - 0:22:53 - Average dev loss is 0.7405510942141215 at epoch 720
INFO - 01/20/26 11:38:48 - 0:22:54 - dev accuracy is 92.3 at epoch 720
INFO - 01/20/26 11:38:48 - 0:22:54 - dev average edit distance is 0.094 at epoch 720
INFO - 01/20/26 11:38:48 - 0:22:54 - At 721-th epoch with lr 0.000471.
INFO - 01/20/26 11:38:50 - 0:22:56 - Running average train loss is 0.6904635620117188 at epoch 721
INFO - 01/20/26 11:38:50 - 0:22:56 - At 722-th epoch with lr 0.000471.
INFO - 01/20/26 11:38:52 - 0:22:58 - Running average train loss is 0.6902682876586914 at epoch 722
INFO - 01/20/26 11:38:52 - 0:22:58 - At 723-th epoch with lr 0.000470.
INFO - 01/20/26 11:38:54 - 0:23:00 - Running average train loss is 0.6904154300689698 at epoch 723
INFO - 01/20/26 11:38:54 - 0:23:00 - At 724-th epoch with lr 0.000470.
INFO - 01/20/26 11:38:56 - 0:23:01 - Running average train loss is 0.6900134873390198 at epoch 724
INFO - 01/20/26 11:38:56 - 0:23:01 - At 725-th epoch with lr 0.000470.
INFO - 01/20/26 11:38:57 - 0:23:03 - Running average train loss is 0.6896322846412659 at epoch 725
INFO - 01/20/26 11:38:57 - 0:23:03 - At 726-th epoch with lr 0.000469.
INFO - 01/20/26 11:38:59 - 0:23:05 - Running average train loss is 0.6903282046318054 at epoch 726
INFO - 01/20/26 11:38:59 - 0:23:05 - At 727-th epoch with lr 0.000469.
INFO - 01/20/26 11:39:01 - 0:23:07 - Running average train loss is 0.690387179851532 at epoch 727
INFO - 01/20/26 11:39:01 - 0:23:07 - At 728-th epoch with lr 0.000469.
INFO - 01/20/26 11:39:03 - 0:23:09 - Running average train loss is 0.6898995232582092 at epoch 728
INFO - 01/20/26 11:39:03 - 0:23:09 - At 729-th epoch with lr 0.000468.
INFO - 01/20/26 11:39:05 - 0:23:11 - Running average train loss is 0.690245065689087 at epoch 729
INFO - 01/20/26 11:39:05 - 0:23:11 - At 730-th epoch with lr 0.000468.
INFO - 01/20/26 11:39:07 - 0:23:13 - Running average train loss is 0.6905833745002746 at epoch 730
INFO - 01/20/26 11:39:07 - 0:23:13 - At 731-th epoch with lr 0.000468.
INFO - 01/20/26 11:39:08 - 0:23:14 - Running average train loss is 0.6905300688743591 at epoch 731
INFO - 01/20/26 11:39:08 - 0:23:14 - At 732-th epoch with lr 0.000468.
INFO - 01/20/26 11:39:10 - 0:23:16 - Running average train loss is 0.6905249929428101 at epoch 732
INFO - 01/20/26 11:39:10 - 0:23:16 - At 733-th epoch with lr 0.000467.
INFO - 01/20/26 11:39:12 - 0:23:18 - Running average train loss is 0.6899716019630432 at epoch 733
INFO - 01/20/26 11:39:12 - 0:23:18 - At 734-th epoch with lr 0.000467.
INFO - 01/20/26 11:39:14 - 0:23:20 - Running average train loss is 0.6908148312568665 at epoch 734
INFO - 01/20/26 11:39:14 - 0:23:20 - At 735-th epoch with lr 0.000467.
INFO - 01/20/26 11:39:16 - 0:23:22 - Running average train loss is 0.6906066060066223 at epoch 735
INFO - 01/20/26 11:39:16 - 0:23:22 - At 736-th epoch with lr 0.000466.
INFO - 01/20/26 11:39:18 - 0:23:24 - Running average train loss is 0.6902970290184021 at epoch 736
INFO - 01/20/26 11:39:18 - 0:23:24 - Average dev loss is 0.7674323121706644 at epoch 736
INFO - 01/20/26 11:39:18 - 0:23:24 - dev accuracy is 90.2 at epoch 736
INFO - 01/20/26 11:39:18 - 0:23:24 - dev average edit distance is 0.12 at epoch 736
INFO - 01/20/26 11:39:18 - 0:23:24 - At 737-th epoch with lr 0.000466.
INFO - 01/20/26 11:39:20 - 0:23:26 - Running average train loss is 0.6903498125076294 at epoch 737
INFO - 01/20/26 11:39:20 - 0:23:26 - At 738-th epoch with lr 0.000466.
INFO - 01/20/26 11:39:22 - 0:23:28 - Running average train loss is 0.6906317496299743 at epoch 738
INFO - 01/20/26 11:39:22 - 0:23:28 - At 739-th epoch with lr 0.000465.
INFO - 01/20/26 11:39:24 - 0:23:30 - Running average train loss is 0.6904035258293152 at epoch 739
INFO - 01/20/26 11:39:24 - 0:23:30 - At 740-th epoch with lr 0.000465.
INFO - 01/20/26 11:39:26 - 0:23:32 - Running average train loss is 0.6902251219749451 at epoch 740
INFO - 01/20/26 11:39:26 - 0:23:32 - At 741-th epoch with lr 0.000465.
INFO - 01/20/26 11:39:27 - 0:23:33 - Running average train loss is 0.6904795384407043 at epoch 741
INFO - 01/20/26 11:39:27 - 0:23:33 - At 742-th epoch with lr 0.000464.
INFO - 01/20/26 11:39:29 - 0:23:35 - Running average train loss is 0.6904404330253601 at epoch 742
INFO - 01/20/26 11:39:29 - 0:23:35 - At 743-th epoch with lr 0.000464.
INFO - 01/20/26 11:39:31 - 0:23:37 - Running average train loss is 0.6904328608512879 at epoch 743
INFO - 01/20/26 11:39:31 - 0:23:37 - At 744-th epoch with lr 0.000464.
INFO - 01/20/26 11:39:33 - 0:23:39 - Running average train loss is 0.6900307297706604 at epoch 744
INFO - 01/20/26 11:39:33 - 0:23:39 - At 745-th epoch with lr 0.000463.
INFO - 01/20/26 11:39:35 - 0:23:41 - Running average train loss is 0.6902892088890076 at epoch 745
INFO - 01/20/26 11:39:35 - 0:23:41 - At 746-th epoch with lr 0.000463.
INFO - 01/20/26 11:39:36 - 0:23:42 - Running average train loss is 0.6903477478027343 at epoch 746
INFO - 01/20/26 11:39:36 - 0:23:42 - At 747-th epoch with lr 0.000463.
INFO - 01/20/26 11:39:38 - 0:23:44 - Running average train loss is 0.6903144788742065 at epoch 747
INFO - 01/20/26 11:39:38 - 0:23:44 - At 748-th epoch with lr 0.000462.
INFO - 01/20/26 11:39:40 - 0:23:46 - Running average train loss is 0.6903583478927612 at epoch 748
INFO - 01/20/26 11:39:40 - 0:23:46 - At 749-th epoch with lr 0.000462.
INFO - 01/20/26 11:39:42 - 0:23:48 - Running average train loss is 0.6904480385780335 at epoch 749
INFO - 01/20/26 11:39:42 - 0:23:48 - At 750-th epoch with lr 0.000462.
INFO - 01/20/26 11:39:44 - 0:23:50 - Running average train loss is 0.6903471517562866 at epoch 750
INFO - 01/20/26 11:39:44 - 0:23:50 - At 751-th epoch with lr 0.000462.
INFO - 01/20/26 11:39:46 - 0:23:51 - Running average train loss is 0.6902344536781311 at epoch 751
INFO - 01/20/26 11:39:46 - 0:23:51 - At 752-th epoch with lr 0.000461.
INFO - 01/20/26 11:39:47 - 0:23:53 - Running average train loss is 0.690222418308258 at epoch 752
INFO - 01/20/26 11:39:47 - 0:23:53 - Average dev loss is 0.7653759916623434 at epoch 752
INFO - 01/20/26 11:39:48 - 0:23:54 - dev accuracy is 91.6 at epoch 752
INFO - 01/20/26 11:39:48 - 0:23:54 - dev average edit distance is 0.092 at epoch 752
INFO - 01/20/26 11:39:48 - 0:23:54 - At 753-th epoch with lr 0.000461.
INFO - 01/20/26 11:39:50 - 0:23:56 - Running average train loss is 0.6901392149925232 at epoch 753
INFO - 01/20/26 11:39:50 - 0:23:56 - At 754-th epoch with lr 0.000461.
INFO - 01/20/26 11:39:52 - 0:23:58 - Running average train loss is 0.6899079823493958 at epoch 754
INFO - 01/20/26 11:39:52 - 0:23:58 - At 755-th epoch with lr 0.000460.
INFO - 01/20/26 11:39:54 - 0:23:59 - Running average train loss is 0.6902467608451843 at epoch 755
INFO - 01/20/26 11:39:54 - 0:23:59 - At 756-th epoch with lr 0.000460.
INFO - 01/20/26 11:39:55 - 0:24:01 - Running average train loss is 0.6898825979232788 at epoch 756
INFO - 01/20/26 11:39:55 - 0:24:01 - At 757-th epoch with lr 0.000460.
INFO - 01/20/26 11:39:57 - 0:24:03 - Running average train loss is 0.6900776743888855 at epoch 757
INFO - 01/20/26 11:39:57 - 0:24:03 - At 758-th epoch with lr 0.000459.
INFO - 01/20/26 11:39:59 - 0:24:05 - Running average train loss is 0.6902925181388855 at epoch 758
INFO - 01/20/26 11:39:59 - 0:24:05 - At 759-th epoch with lr 0.000459.
INFO - 01/20/26 11:40:01 - 0:24:07 - Running average train loss is 0.6901851534843445 at epoch 759
INFO - 01/20/26 11:40:01 - 0:24:07 - At 760-th epoch with lr 0.000459.
INFO - 01/20/26 11:40:03 - 0:24:09 - Running average train loss is 0.6899514436721802 at epoch 760
INFO - 01/20/26 11:40:03 - 0:24:09 - At 761-th epoch with lr 0.000459.
INFO - 01/20/26 11:40:05 - 0:24:11 - Running average train loss is 0.6902234888076783 at epoch 761
INFO - 01/20/26 11:40:05 - 0:24:11 - At 762-th epoch with lr 0.000458.
INFO - 01/20/26 11:40:07 - 0:24:13 - Running average train loss is 0.6907670950889587 at epoch 762
INFO - 01/20/26 11:40:07 - 0:24:13 - At 763-th epoch with lr 0.000458.
INFO - 01/20/26 11:40:09 - 0:24:14 - Running average train loss is 0.6901420950889587 at epoch 763
INFO - 01/20/26 11:40:09 - 0:24:14 - At 764-th epoch with lr 0.000458.
INFO - 01/20/26 11:40:10 - 0:24:16 - Running average train loss is 0.69045560836792 at epoch 764
INFO - 01/20/26 11:40:10 - 0:24:16 - At 765-th epoch with lr 0.000457.
INFO - 01/20/26 11:40:12 - 0:24:18 - Running average train loss is 0.6905759763717652 at epoch 765
INFO - 01/20/26 11:40:12 - 0:24:18 - At 766-th epoch with lr 0.000457.
INFO - 01/20/26 11:40:14 - 0:24:20 - Running average train loss is 0.6907614135742187 at epoch 766
INFO - 01/20/26 11:40:14 - 0:24:20 - At 767-th epoch with lr 0.000457.
INFO - 01/20/26 11:40:16 - 0:24:22 - Running average train loss is 0.6902002811431884 at epoch 767
INFO - 01/20/26 11:40:16 - 0:24:22 - At 768-th epoch with lr 0.000456.
INFO - 01/20/26 11:40:18 - 0:24:24 - Running average train loss is 0.6903108596801758 at epoch 768
INFO - 01/20/26 11:40:18 - 0:24:24 - Average dev loss is 0.7656902273495992 at epoch 768
INFO - 01/20/26 11:40:19 - 0:24:25 - dev accuracy is 90.5 at epoch 768
INFO - 01/20/26 11:40:19 - 0:24:25 - dev average edit distance is 0.11 at epoch 768
INFO - 01/20/26 11:40:19 - 0:24:25 - At 769-th epoch with lr 0.000456.
INFO - 01/20/26 11:40:21 - 0:24:27 - Running average train loss is 0.6900184679031373 at epoch 769
INFO - 01/20/26 11:40:21 - 0:24:27 - At 770-th epoch with lr 0.000456.
INFO - 01/20/26 11:40:23 - 0:24:29 - Running average train loss is 0.6906592655181885 at epoch 770
INFO - 01/20/26 11:40:23 - 0:24:29 - At 771-th epoch with lr 0.000456.
INFO - 01/20/26 11:40:24 - 0:24:30 - Running average train loss is 0.690198450088501 at epoch 771
INFO - 01/20/26 11:40:24 - 0:24:30 - At 772-th epoch with lr 0.000455.
INFO - 01/20/26 11:40:26 - 0:24:32 - Running average train loss is 0.6901416945457458 at epoch 772
INFO - 01/20/26 11:40:26 - 0:24:32 - At 773-th epoch with lr 0.000455.
INFO - 01/20/26 11:40:28 - 0:24:34 - Running average train loss is 0.6904950475692749 at epoch 773
INFO - 01/20/26 11:40:28 - 0:24:34 - At 774-th epoch with lr 0.000455.
INFO - 01/20/26 11:40:30 - 0:24:36 - Running average train loss is 0.6900561356544495 at epoch 774
INFO - 01/20/26 11:40:30 - 0:24:36 - At 775-th epoch with lr 0.000454.
INFO - 01/20/26 11:40:32 - 0:24:38 - Running average train loss is 0.6903367042541504 at epoch 775
INFO - 01/20/26 11:40:32 - 0:24:38 - At 776-th epoch with lr 0.000454.
INFO - 01/20/26 11:40:33 - 0:24:39 - Running average train loss is 0.6906555700302124 at epoch 776
INFO - 01/20/26 11:40:33 - 0:24:39 - At 777-th epoch with lr 0.000454.
INFO - 01/20/26 11:40:35 - 0:24:41 - Running average train loss is 0.6903232622146607 at epoch 777
INFO - 01/20/26 11:40:35 - 0:24:41 - At 778-th epoch with lr 0.000453.
INFO - 01/20/26 11:40:37 - 0:24:43 - Running average train loss is 0.6903767585754395 at epoch 778
INFO - 01/20/26 11:40:37 - 0:24:43 - At 779-th epoch with lr 0.000453.
INFO - 01/20/26 11:40:39 - 0:24:45 - Running average train loss is 0.6901939296722412 at epoch 779
INFO - 01/20/26 11:40:39 - 0:24:45 - At 780-th epoch with lr 0.000453.
INFO - 01/20/26 11:40:41 - 0:24:47 - Running average train loss is 0.6906683874130249 at epoch 780
INFO - 01/20/26 11:40:41 - 0:24:47 - At 781-th epoch with lr 0.000453.
INFO - 01/20/26 11:40:42 - 0:24:48 - Running average train loss is 0.6905435752868653 at epoch 781
INFO - 01/20/26 11:40:42 - 0:24:48 - At 782-th epoch with lr 0.000452.
INFO - 01/20/26 11:40:44 - 0:24:50 - Running average train loss is 0.6898706722259521 at epoch 782
INFO - 01/20/26 11:40:44 - 0:24:50 - At 783-th epoch with lr 0.000452.
INFO - 01/20/26 11:40:46 - 0:24:52 - Running average train loss is 0.6896987795829773 at epoch 783
INFO - 01/20/26 11:40:46 - 0:24:52 - At 784-th epoch with lr 0.000452.
INFO - 01/20/26 11:40:48 - 0:24:54 - Running average train loss is 0.6900510096549988 at epoch 784
INFO - 01/20/26 11:40:48 - 0:24:54 - Average dev loss is 0.7658227483431498 at epoch 784
INFO - 01/20/26 11:40:48 - 0:24:54 - dev accuracy is 90.4 at epoch 784
INFO - 01/20/26 11:40:48 - 0:24:54 - dev average edit distance is 0.102 at epoch 784
INFO - 01/20/26 11:40:48 - 0:24:54 - At 785-th epoch with lr 0.000451.
INFO - 01/20/26 11:40:50 - 0:24:56 - Running average train loss is 0.6897365474700927 at epoch 785
INFO - 01/20/26 11:40:50 - 0:24:56 - At 786-th epoch with lr 0.000451.
INFO - 01/20/26 11:40:52 - 0:24:58 - Running average train loss is 0.6897544574737549 at epoch 786
INFO - 01/20/26 11:40:52 - 0:24:58 - At 787-th epoch with lr 0.000451.
INFO - 01/20/26 11:40:54 - 0:25:00 - Running average train loss is 0.6895437669754029 at epoch 787
INFO - 01/20/26 11:40:54 - 0:25:00 - At 788-th epoch with lr 0.000451.
INFO - 01/20/26 11:40:56 - 0:25:02 - Running average train loss is 0.6899852514266968 at epoch 788
INFO - 01/20/26 11:40:56 - 0:25:02 - At 789-th epoch with lr 0.000450.
INFO - 01/20/26 11:40:58 - 0:25:03 - Running average train loss is 0.6905480313301087 at epoch 789
INFO - 01/20/26 11:40:58 - 0:25:03 - At 790-th epoch with lr 0.000450.
INFO - 01/20/26 11:40:59 - 0:25:05 - Running average train loss is 0.690118670463562 at epoch 790
INFO - 01/20/26 11:40:59 - 0:25:05 - At 791-th epoch with lr 0.000450.
INFO - 01/20/26 11:41:01 - 0:25:07 - Running average train loss is 0.6899231624603271 at epoch 791
INFO - 01/20/26 11:41:01 - 0:25:07 - At 792-th epoch with lr 0.000449.
INFO - 01/20/26 11:41:03 - 0:25:09 - Running average train loss is 0.6901903915405273 at epoch 792
INFO - 01/20/26 11:41:03 - 0:25:09 - At 793-th epoch with lr 0.000449.
INFO - 01/20/26 11:41:05 - 0:25:11 - Running average train loss is 0.6900434446334839 at epoch 793
INFO - 01/20/26 11:41:05 - 0:25:11 - At 794-th epoch with lr 0.000449.
INFO - 01/20/26 11:41:07 - 0:25:13 - Running average train loss is 0.690138111114502 at epoch 794
INFO - 01/20/26 11:41:07 - 0:25:13 - At 795-th epoch with lr 0.000449.
INFO - 01/20/26 11:41:09 - 0:25:14 - Running average train loss is 0.6901840329170227 at epoch 795
INFO - 01/20/26 11:41:09 - 0:25:14 - At 796-th epoch with lr 0.000448.
INFO - 01/20/26 11:41:11 - 0:25:16 - Running average train loss is 0.6899292230606079 at epoch 796
INFO - 01/20/26 11:41:11 - 0:25:16 - At 797-th epoch with lr 0.000448.
INFO - 01/20/26 11:41:12 - 0:25:18 - Running average train loss is 0.690173773765564 at epoch 797
INFO - 01/20/26 11:41:12 - 0:25:18 - At 798-th epoch with lr 0.000448.
INFO - 01/20/26 11:41:14 - 0:25:20 - Running average train loss is 0.6900644516944885 at epoch 798
INFO - 01/20/26 11:41:14 - 0:25:20 - At 799-th epoch with lr 0.000447.
INFO - 01/20/26 11:41:16 - 0:25:22 - Running average train loss is 0.6899814915657043 at epoch 799
INFO - 01/20/26 11:41:16 - 0:25:22 - Average dev loss is 0.7685829997062683 at epoch 799
INFO - 01/20/26 11:41:17 - 0:25:22 - dev accuracy is 90.2 at epoch 799
INFO - 01/20/26 11:41:17 - 0:25:22 - dev average edit distance is 0.117 at epoch 799
INFO - 01/20/26 11:41:17 - 0:25:23 - loading checkpoints/sig23/tagtransformer/mkd.nll_0.7406.acc_92.3.dist_0.094.epoch_720 for testing
INFO - 01/20/26 11:41:17 - 0:25:23 - load model in checkpoints/sig23/tagtransformer/mkd.nll_0.7406.acc_92.3.dist_0.094.epoch_720
INFO - 01/20/26 11:41:17 - 0:25:23 - Average dev loss is 0.7405510942141215 at epoch -1
INFO - 01/20/26 11:41:17 - 0:25:23 - decoding dev set
INFO - 01/20/26 11:41:19 - 0:25:24 - finished decoding 1000 dev instance
INFO - 01/20/26 11:41:19 - 0:25:24 - DEV accuracy is 92.3 at epoch -1
INFO - 01/20/26 11:41:19 - 0:25:24 - DEV average edit distance is 0.094 at epoch -1
INFO - 01/20/26 11:41:19 - 0:25:24 - DEV mkd acc 92.3 dist 0.094
INFO - 01/20/26 11:41:19 - 0:25:24 - Average test loss is 0.7355588674545288 at epoch -1
INFO - 01/20/26 11:41:19 - 0:25:24 - decoding test set
INFO - 01/20/26 11:41:19 - 0:25:25 - finished decoding 1000 test instance
INFO - 01/20/26 11:41:19 - 0:25:25 - TEST accuracy is 94.7 at epoch -1
INFO - 01/20/26 11:41:19 - 0:25:25 - TEST average edit distance is 0.067 at epoch -1
INFO - 01/20/26 11:41:19 - 0:25:25 - TEST mkd acc 94.7 dist 0.067
