INFO - 01/12/26 17:22:08 - 0:00:00 - command line argument: seed - 0
INFO - 01/12/26 17:22:08 - 0:00:00 - command line argument: train - ['../../2023InflectionST/part1/data/rus.trn']
INFO - 01/12/26 17:22:08 - 0:00:00 - command line argument: dev - ['../../2023InflectionST/part1/data/rus.dev']
INFO - 01/12/26 17:22:08 - 0:00:00 - command line argument: test - ['../../2023InflectionST/part1/data/rus.tst']
INFO - 01/12/26 17:22:08 - 0:00:00 - command line argument: model - 'checkpoints/sig23/tagtransformer/rus'
INFO - 01/12/26 17:22:08 - 0:00:00 - command line argument: load - ''
INFO - 01/12/26 17:22:08 - 0:00:00 - command line argument: bs - 400
INFO - 01/12/26 17:22:08 - 0:00:00 - command line argument: epochs - 20
INFO - 01/12/26 17:22:08 - 0:00:00 - command line argument: max_steps - 20000
INFO - 01/12/26 17:22:08 - 0:00:00 - command line argument: warmup_steps - 4000
INFO - 01/12/26 17:22:08 - 0:00:00 - command line argument: total_eval - 50
INFO - 01/12/26 17:22:08 - 0:00:00 - command line argument: optimizer - <Optimizer.adam: 'adam'>
INFO - 01/12/26 17:22:08 - 0:00:00 - command line argument: scheduler - <Scheduler.warmupinvsqr: 'warmupinvsqr'>
INFO - 01/12/26 17:22:08 - 0:00:00 - command line argument: lr - 0.001
INFO - 01/12/26 17:22:08 - 0:00:00 - command line argument: min_lr - 1e-05
INFO - 01/12/26 17:22:08 - 0:00:00 - command line argument: momentum - 0.9
INFO - 01/12/26 17:22:08 - 0:00:00 - command line argument: beta1 - 0.9
INFO - 01/12/26 17:22:08 - 0:00:00 - command line argument: beta2 - 0.98
INFO - 01/12/26 17:22:08 - 0:00:00 - command line argument: estop - 1e-08
INFO - 01/12/26 17:22:08 - 0:00:00 - command line argument: cooldown - 0
INFO - 01/12/26 17:22:08 - 0:00:00 - command line argument: patience - 0
INFO - 01/12/26 17:22:08 - 0:00:00 - command line argument: discount_factor - 0.5
INFO - 01/12/26 17:22:08 - 0:00:00 - command line argument: max_norm - 1.0
INFO - 01/12/26 17:22:08 - 0:00:00 - command line argument: gpuid - [0]
INFO - 01/12/26 17:22:08 - 0:00:00 - command line argument: loglevel - 'info'
INFO - 01/12/26 17:22:08 - 0:00:00 - command line argument: saveall - False
INFO - 01/12/26 17:22:08 - 0:00:00 - command line argument: shuffle - True
INFO - 01/12/26 17:22:08 - 0:00:00 - command line argument: cleanup_anyway - True
INFO - 01/12/26 17:22:08 - 0:00:00 - command line argument: dataset - <Data.sigmorphon23task0: 'sigmorphon23task0'>
INFO - 01/12/26 17:22:08 - 0:00:00 - command line argument: max_seq_len - 128
INFO - 01/12/26 17:22:08 - 0:00:00 - command line argument: max_decode_len - 32
INFO - 01/12/26 17:22:08 - 0:00:00 - command line argument: decode_beam_size - 5
INFO - 01/12/26 17:22:08 - 0:00:00 - command line argument: init - ''
INFO - 01/12/26 17:22:08 - 0:00:00 - command line argument: dropout - 0.3
INFO - 01/12/26 17:22:08 - 0:00:00 - command line argument: embed_dim - 256
INFO - 01/12/26 17:22:08 - 0:00:00 - command line argument: nb_heads - 4
INFO - 01/12/26 17:22:08 - 0:00:00 - command line argument: src_layer - 4
INFO - 01/12/26 17:22:08 - 0:00:00 - command line argument: trg_layer - 4
INFO - 01/12/26 17:22:08 - 0:00:00 - command line argument: src_hs - 1024
INFO - 01/12/26 17:22:08 - 0:00:00 - command line argument: trg_hs - 1024
INFO - 01/12/26 17:22:08 - 0:00:00 - command line argument: label_smooth - 0.1
INFO - 01/12/26 17:22:08 - 0:00:00 - command line argument: tie_trg_embed - False
INFO - 01/12/26 17:22:08 - 0:00:00 - command line argument: arch - <Arch.tagtransformer: 'tagtransformer'>
INFO - 01/12/26 17:22:08 - 0:00:00 - command line argument: nb_sample - 2
INFO - 01/12/26 17:22:08 - 0:00:00 - command line argument: wid_siz - 11
INFO - 01/12/26 17:22:08 - 0:00:00 - command line argument: indtag - False
INFO - 01/12/26 17:22:08 - 0:00:00 - command line argument: decode - <Decode.greedy: 'greedy'>
INFO - 01/12/26 17:22:08 - 0:00:00 - command line argument: mono - False
INFO - 01/12/26 17:22:08 - 0:00:00 - command line argument: bestacc - True
INFO - 01/12/26 17:22:08 - 0:00:00 - src vocab size 75
INFO - 01/12/26 17:22:08 - 0:00:00 - trg vocab size 41
INFO - 01/12/26 17:22:08 - 0:00:00 - src vocab ['<PAD>', '<BOS>', '<EOS>', '<UNK>', ' ', '-', 'Д', 'М', 'а', 'б', 'в', 'г', 'д', 'е', 'ж', 'з', 'и', 'й', 'к', 'л', 'м', 'н', 'о', 'п', 'р', 'с', 'т', 'у', 'ф', 'х', 'ц', 'ч', 'ш', 'щ', 'ъ', 'ы', 'ь', 'э', 'ю', 'я', 'ё', 'ACC', 'ACT', 'ADJ', 'ANIM', 'DAT', 'ESS', 'FEM', 'FUT', 'GEN', 'IMP', 'INAN', 'INS', 'LGSPEC1', 'MASC', 'N', 'NEUT', 'NFIN', 'NOM', 'NOM-1', 'NOM-2', 'NOM-3', 'NOM-FEM', 'NOM-MASC', 'NOM-NEUT', 'NOM-PL', 'NOM-SG', 'PASS', 'PL', 'PRS', 'PST', 'SG', 'V', 'V.CVB', 'V.PTCP']
INFO - 01/12/26 17:22:08 - 0:00:00 - trg vocab ['<PAD>', '<BOS>', '<EOS>', '<UNK>', ' ', '-', 'Д', 'М', 'а', 'б', 'в', 'г', 'д', 'е', 'ж', 'з', 'и', 'й', 'к', 'л', 'м', 'н', 'о', 'п', 'р', 'с', 'т', 'у', 'ф', 'х', 'ц', 'ч', 'ш', 'щ', 'ъ', 'ы', 'ь', 'э', 'ю', 'я', 'ё']
INFO - 01/12/26 17:22:08 - 0:00:00 - model: TagTransformer(
                                       (src_embed): Embedding(75, 256, padding_idx=0)
                                       (trg_embed): Embedding(41, 256, padding_idx=0)
                                       (position_embed): SinusoidalPositionalEmbedding()
                                       (encoder): TransformerEncoder(
                                         (layers): ModuleList(
                                           (0): TransformerEncoderLayer(
                                             (self_attn): MultiheadAttention(
                                               (out_proj): _LinearWithBias(in_features=256, out_features=256, bias=True)
                                             )
                                             (linear1): Linear(in_features=256, out_features=1024, bias=True)
                                             (dropout): Dropout(p=0.3, inplace=False)
                                             (linear2): Linear(in_features=1024, out_features=256, bias=True)
                                             (norm1): LayerNorm((256,), eps=1e-05, elementwise_affine=True)
                                             (norm2): LayerNorm((256,), eps=1e-05, elementwise_affine=True)
                                             (activation_dropout): Dropout(p=0.3, inplace=False)
                                           )
                                           (1): TransformerEncoderLayer(
                                             (self_attn): MultiheadAttention(
                                               (out_proj): _LinearWithBias(in_features=256, out_features=256, bias=True)
                                             )
                                             (linear1): Linear(in_features=256, out_features=1024, bias=True)
                                             (dropout): Dropout(p=0.3, inplace=False)
                                             (linear2): Linear(in_features=1024, out_features=256, bias=True)
                                             (norm1): LayerNorm((256,), eps=1e-05, elementwise_affine=True)
                                             (norm2): LayerNorm((256,), eps=1e-05, elementwise_affine=True)
                                             (activation_dropout): Dropout(p=0.3, inplace=False)
                                           )
                                           (2): TransformerEncoderLayer(
                                             (self_attn): MultiheadAttention(
                                               (out_proj): _LinearWithBias(in_features=256, out_features=256, bias=True)
                                             )
                                             (linear1): Linear(in_features=256, out_features=1024, bias=True)
                                             (dropout): Dropout(p=0.3, inplace=False)
                                             (linear2): Linear(in_features=1024, out_features=256, bias=True)
                                             (norm1): LayerNorm((256,), eps=1e-05, elementwise_affine=True)
                                             (norm2): LayerNorm((256,), eps=1e-05, elementwise_affine=True)
                                             (activation_dropout): Dropout(p=0.3, inplace=False)
                                           )
                                           (3): TransformerEncoderLayer(
                                             (self_attn): MultiheadAttention(
                                               (out_proj): _LinearWithBias(in_features=256, out_features=256, bias=True)
                                             )
                                             (linear1): Linear(in_features=256, out_features=1024, bias=True)
                                             (dropout): Dropout(p=0.3, inplace=False)
                                             (linear2): Linear(in_features=1024, out_features=256, bias=True)
                                             (norm1): LayerNorm((256,), eps=1e-05, elementwise_affine=True)
                                             (norm2): LayerNorm((256,), eps=1e-05, elementwise_affine=True)
                                             (activation_dropout): Dropout(p=0.3, inplace=False)
                                           )
                                         )
                                         (norm): LayerNorm((256,), eps=1e-05, elementwise_affine=True)
                                       )
                                       (decoder): TransformerDecoder(
                                         (layers): ModuleList(
                                           (0): TransformerDecoderLayer(
                                             (self_attn): MultiheadAttention(
                                               (out_proj): _LinearWithBias(in_features=256, out_features=256, bias=True)
                                             )
                                             (multihead_attn): MultiheadAttention(
                                               (out_proj): _LinearWithBias(in_features=256, out_features=256, bias=True)
                                             )
                                             (linear1): Linear(in_features=256, out_features=1024, bias=True)
                                             (dropout): Dropout(p=0.3, inplace=False)
                                             (linear2): Linear(in_features=1024, out_features=256, bias=True)
                                             (norm1): LayerNorm((256,), eps=1e-05, elementwise_affine=True)
                                             (norm2): LayerNorm((256,), eps=1e-05, elementwise_affine=True)
                                             (norm3): LayerNorm((256,), eps=1e-05, elementwise_affine=True)
                                             (activation_dropout): Dropout(p=0.3, inplace=False)
                                           )
                                           (1): TransformerDecoderLayer(
                                             (self_attn): MultiheadAttention(
                                               (out_proj): _LinearWithBias(in_features=256, out_features=256, bias=True)
                                             )
                                             (multihead_attn): MultiheadAttention(
                                               (out_proj): _LinearWithBias(in_features=256, out_features=256, bias=True)
                                             )
                                             (linear1): Linear(in_features=256, out_features=1024, bias=True)
                                             (dropout): Dropout(p=0.3, inplace=False)
                                             (linear2): Linear(in_features=1024, out_features=256, bias=True)
                                             (norm1): LayerNorm((256,), eps=1e-05, elementwise_affine=True)
                                             (norm2): LayerNorm((256,), eps=1e-05, elementwise_affine=True)
                                             (norm3): LayerNorm((256,), eps=1e-05, elementwise_affine=True)
                                             (activation_dropout): Dropout(p=0.3, inplace=False)
                                           )
                                           (2): TransformerDecoderLayer(
                                             (self_attn): MultiheadAttention(
                                               (out_proj): _LinearWithBias(in_features=256, out_features=256, bias=True)
                                             )
                                             (multihead_attn): MultiheadAttention(
                                               (out_proj): _LinearWithBias(in_features=256, out_features=256, bias=True)
                                             )
                                             (linear1): Linear(in_features=256, out_features=1024, bias=True)
                                             (dropout): Dropout(p=0.3, inplace=False)
                                             (linear2): Linear(in_features=1024, out_features=256, bias=True)
                                             (norm1): LayerNorm((256,), eps=1e-05, elementwise_affine=True)
                                             (norm2): LayerNorm((256,), eps=1e-05, elementwise_affine=True)
                                             (norm3): LayerNorm((256,), eps=1e-05, elementwise_affine=True)
                                             (activation_dropout): Dropout(p=0.3, inplace=False)
                                           )
                                           (3): TransformerDecoderLayer(
                                             (self_attn): MultiheadAttention(
                                               (out_proj): _LinearWithBias(in_features=256, out_features=256, bias=True)
                                             )
                                             (multihead_attn): MultiheadAttention(
                                               (out_proj): _LinearWithBias(in_features=256, out_features=256, bias=True)
                                             )
                                             (linear1): Linear(in_features=256, out_features=1024, bias=True)
                                             (dropout): Dropout(p=0.3, inplace=False)
                                             (linear2): Linear(in_features=1024, out_features=256, bias=True)
                                             (norm1): LayerNorm((256,), eps=1e-05, elementwise_affine=True)
                                             (norm2): LayerNorm((256,), eps=1e-05, elementwise_affine=True)
                                             (norm3): LayerNorm((256,), eps=1e-05, elementwise_affine=True)
                                             (activation_dropout): Dropout(p=0.3, inplace=False)
                                           )
                                         )
                                         (norm): LayerNorm((256,), eps=1e-05, elementwise_affine=True)
                                       )
                                       (final_out): Linear(in_features=256, out_features=41, bias=True)
                                       (dropout): Dropout(p=0.3, inplace=False)
                                       (special_embeddings): Embedding(2, 256)
                                     )
INFO - 01/12/26 17:22:08 - 0:00:00 - number of parameter 7414569
INFO - 01/12/26 17:22:15 - 0:00:07 - maximum training 20000 steps (800 epochs)
INFO - 01/12/26 17:22:15 - 0:00:07 - evaluate every 16 epochs
INFO - 01/12/26 17:22:15 - 0:00:07 - At 0-th epoch with lr 0.000000.
INFO - 01/12/26 17:22:20 - 0:00:12 - Running average train loss is 4.466632556915283 at epoch 0
INFO - 01/12/26 17:22:20 - 0:00:12 - At 1-th epoch with lr 0.000006.
INFO - 01/12/26 17:22:23 - 0:00:15 - Running average train loss is 3.933753099441528 at epoch 1
INFO - 01/12/26 17:22:23 - 0:00:15 - At 2-th epoch with lr 0.000013.
INFO - 01/12/26 17:22:26 - 0:00:17 - Running average train loss is 3.5227068138122557 at epoch 2
INFO - 01/12/26 17:22:26 - 0:00:17 - At 3-th epoch with lr 0.000019.
INFO - 01/12/26 17:22:28 - 0:00:20 - Running average train loss is 3.3175150108337403 at epoch 3
INFO - 01/12/26 17:22:28 - 0:00:20 - At 4-th epoch with lr 0.000025.
INFO - 01/12/26 17:22:31 - 0:00:23 - Running average train loss is 3.1883158016204836 at epoch 4
INFO - 01/12/26 17:22:31 - 0:00:23 - At 5-th epoch with lr 0.000031.
INFO - 01/12/26 17:22:34 - 0:00:26 - Running average train loss is 3.044326286315918 at epoch 5
INFO - 01/12/26 17:22:34 - 0:00:26 - At 6-th epoch with lr 0.000037.
INFO - 01/12/26 17:22:36 - 0:00:28 - Running average train loss is 2.8950077533721923 at epoch 6
INFO - 01/12/26 17:22:36 - 0:00:28 - At 7-th epoch with lr 0.000044.
INFO - 01/12/26 17:22:39 - 0:00:31 - Running average train loss is 2.7616695499420167 at epoch 7
INFO - 01/12/26 17:22:39 - 0:00:31 - At 8-th epoch with lr 0.000050.
INFO - 01/12/26 17:22:42 - 0:00:34 - Running average train loss is 2.6441051197052 at epoch 8
INFO - 01/12/26 17:22:42 - 0:00:34 - At 9-th epoch with lr 0.000056.
INFO - 01/12/26 17:22:45 - 0:00:36 - Running average train loss is 2.5276790142059324 at epoch 9
INFO - 01/12/26 17:22:45 - 0:00:36 - At 10-th epoch with lr 0.000063.
INFO - 01/12/26 17:22:47 - 0:00:39 - Running average train loss is 2.4023337078094484 at epoch 10
INFO - 01/12/26 17:22:47 - 0:00:39 - At 11-th epoch with lr 0.000069.
INFO - 01/12/26 17:22:50 - 0:00:42 - Running average train loss is 2.2479896926879883 at epoch 11
INFO - 01/12/26 17:22:50 - 0:00:42 - At 12-th epoch with lr 0.000075.
INFO - 01/12/26 17:22:52 - 0:00:44 - Running average train loss is 2.0915073013305663 at epoch 12
INFO - 01/12/26 17:22:52 - 0:00:44 - At 13-th epoch with lr 0.000081.
INFO - 01/12/26 17:22:55 - 0:00:47 - Running average train loss is 1.9571400451660157 at epoch 13
INFO - 01/12/26 17:22:55 - 0:00:47 - At 14-th epoch with lr 0.000087.
INFO - 01/12/26 17:22:57 - 0:00:49 - Running average train loss is 1.8291318273544313 at epoch 14
INFO - 01/12/26 17:22:57 - 0:00:49 - At 15-th epoch with lr 0.000094.
INFO - 01/12/26 17:23:00 - 0:00:52 - Running average train loss is 1.7211244916915893 at epoch 15
INFO - 01/12/26 17:23:00 - 0:00:52 - At 16-th epoch with lr 0.000100.
INFO - 01/12/26 17:23:02 - 0:00:54 - Running average train loss is 1.6196337938308716 at epoch 16
INFO - 01/12/26 17:23:03 - 0:00:54 - Average dev loss is 1.2344690561294556 at epoch 16
INFO - 01/12/26 17:23:03 - 0:00:55 - dev accuracy is 23.9 at epoch 16
INFO - 01/12/26 17:23:03 - 0:00:55 - dev average edit distance is 2.2 at epoch 16
INFO - 01/12/26 17:23:03 - 0:00:55 - At 17-th epoch with lr 0.000106.
INFO - 01/12/26 17:23:06 - 0:00:58 - Running average train loss is 1.538374013900757 at epoch 17
INFO - 01/12/26 17:23:06 - 0:00:58 - At 18-th epoch with lr 0.000113.
INFO - 01/12/26 17:23:09 - 0:01:00 - Running average train loss is 1.4608191537857056 at epoch 18
INFO - 01/12/26 17:23:09 - 0:01:00 - At 19-th epoch with lr 0.000119.
INFO - 01/12/26 17:23:11 - 0:01:03 - Running average train loss is 1.4023038864135742 at epoch 19
INFO - 01/12/26 17:23:11 - 0:01:03 - At 20-th epoch with lr 0.000125.
INFO - 01/12/26 17:23:14 - 0:01:05 - Running average train loss is 1.345560541152954 at epoch 20
INFO - 01/12/26 17:23:14 - 0:01:05 - At 21-th epoch with lr 0.000131.
INFO - 01/12/26 17:23:16 - 0:01:08 - Running average train loss is 1.2932104969024658 at epoch 21
INFO - 01/12/26 17:23:16 - 0:01:08 - At 22-th epoch with lr 0.000138.
INFO - 01/12/26 17:23:19 - 0:01:10 - Running average train loss is 1.2527787113189697 at epoch 22
INFO - 01/12/26 17:23:19 - 0:01:10 - At 23-th epoch with lr 0.000144.
INFO - 01/12/26 17:23:21 - 0:01:13 - Running average train loss is 1.2128097295761109 at epoch 23
INFO - 01/12/26 17:23:21 - 0:01:13 - At 24-th epoch with lr 0.000150.
INFO - 01/12/26 17:23:24 - 0:01:16 - Running average train loss is 1.1757976198196411 at epoch 24
INFO - 01/12/26 17:23:24 - 0:01:16 - At 25-th epoch with lr 0.000156.
INFO - 01/12/26 17:23:26 - 0:01:18 - Running average train loss is 1.1424651336669922 at epoch 25
INFO - 01/12/26 17:23:26 - 0:01:18 - At 26-th epoch with lr 0.000163.
INFO - 01/12/26 17:23:29 - 0:01:21 - Running average train loss is 1.1113072395324708 at epoch 26
INFO - 01/12/26 17:23:29 - 0:01:21 - At 27-th epoch with lr 0.000169.
INFO - 01/12/26 17:23:32 - 0:01:23 - Running average train loss is 1.0825515842437745 at epoch 27
INFO - 01/12/26 17:23:32 - 0:01:23 - At 28-th epoch with lr 0.000175.
INFO - 01/12/26 17:23:34 - 0:01:26 - Running average train loss is 1.0575589084625243 at epoch 28
INFO - 01/12/26 17:23:34 - 0:01:26 - At 29-th epoch with lr 0.000181.
INFO - 01/12/26 17:23:37 - 0:01:28 - Running average train loss is 1.0339458036422728 at epoch 29
INFO - 01/12/26 17:23:37 - 0:01:28 - At 30-th epoch with lr 0.000188.
INFO - 01/12/26 17:23:39 - 0:01:31 - Running average train loss is 1.0109379720687866 at epoch 30
INFO - 01/12/26 17:23:39 - 0:01:31 - At 31-th epoch with lr 0.000194.
INFO - 01/12/26 17:23:42 - 0:01:34 - Running average train loss is 0.9894816875457764 at epoch 31
INFO - 01/12/26 17:23:42 - 0:01:34 - At 32-th epoch with lr 0.000200.
INFO - 01/12/26 17:23:44 - 0:01:36 - Running average train loss is 0.9718154072761536 at epoch 32
INFO - 01/12/26 17:23:44 - 0:01:36 - Average dev loss is 0.916493813196818 at epoch 32
INFO - 01/12/26 17:23:45 - 0:01:37 - dev accuracy is 65.9 at epoch 32
INFO - 01/12/26 17:23:45 - 0:01:37 - dev average edit distance is 0.944 at epoch 32
INFO - 01/12/26 17:23:45 - 0:01:37 - At 33-th epoch with lr 0.000206.
INFO - 01/12/26 17:23:48 - 0:01:40 - Running average train loss is 0.9537384939193726 at epoch 33
INFO - 01/12/26 17:23:48 - 0:01:40 - At 34-th epoch with lr 0.000212.
INFO - 01/12/26 17:23:50 - 0:01:42 - Running average train loss is 0.9374279499053955 at epoch 34
INFO - 01/12/26 17:23:50 - 0:01:42 - At 35-th epoch with lr 0.000219.
INFO - 01/12/26 17:23:53 - 0:01:45 - Running average train loss is 0.9239395260810852 at epoch 35
INFO - 01/12/26 17:23:53 - 0:01:45 - At 36-th epoch with lr 0.000225.
INFO - 01/12/26 17:23:56 - 0:01:47 - Running average train loss is 0.9103622126579285 at epoch 36
INFO - 01/12/26 17:23:56 - 0:01:47 - At 37-th epoch with lr 0.000231.
INFO - 01/12/26 17:23:58 - 0:01:50 - Running average train loss is 0.8947058010101319 at epoch 37
INFO - 01/12/26 17:23:58 - 0:01:50 - At 38-th epoch with lr 0.000237.
INFO - 01/12/26 17:24:01 - 0:01:52 - Running average train loss is 0.8817998576164245 at epoch 38
INFO - 01/12/26 17:24:01 - 0:01:52 - At 39-th epoch with lr 0.000244.
INFO - 01/12/26 17:24:03 - 0:01:55 - Running average train loss is 0.8732094764709473 at epoch 39
INFO - 01/12/26 17:24:03 - 0:01:55 - At 40-th epoch with lr 0.000250.
INFO - 01/12/26 17:24:06 - 0:01:57 - Running average train loss is 0.8625528717041016 at epoch 40
INFO - 01/12/26 17:24:06 - 0:01:57 - At 41-th epoch with lr 0.000256.
INFO - 01/12/26 17:24:08 - 0:02:00 - Running average train loss is 0.8517754030227661 at epoch 41
INFO - 01/12/26 17:24:08 - 0:02:00 - At 42-th epoch with lr 0.000263.
INFO - 01/12/26 17:24:11 - 0:02:03 - Running average train loss is 0.843900933265686 at epoch 42
INFO - 01/12/26 17:24:11 - 0:02:03 - At 43-th epoch with lr 0.000269.
INFO - 01/12/26 17:24:13 - 0:02:05 - Running average train loss is 0.8349960947036743 at epoch 43
INFO - 01/12/26 17:24:13 - 0:02:05 - At 44-th epoch with lr 0.000275.
INFO - 01/12/26 17:24:16 - 0:02:08 - Running average train loss is 0.8294215703010559 at epoch 44
INFO - 01/12/26 17:24:16 - 0:02:08 - At 45-th epoch with lr 0.000281.
INFO - 01/12/26 17:24:19 - 0:02:10 - Running average train loss is 0.8202313804626464 at epoch 45
INFO - 01/12/26 17:24:19 - 0:02:10 - At 46-th epoch with lr 0.000287.
INFO - 01/12/26 17:24:21 - 0:02:13 - Running average train loss is 0.8149292373657226 at epoch 46
INFO - 01/12/26 17:24:21 - 0:02:13 - At 47-th epoch with lr 0.000294.
INFO - 01/12/26 17:24:24 - 0:02:16 - Running average train loss is 0.809726951122284 at epoch 47
INFO - 01/12/26 17:24:24 - 0:02:16 - At 48-th epoch with lr 0.000300.
INFO - 01/12/26 17:24:27 - 0:02:18 - Running average train loss is 0.8026295948028564 at epoch 48
INFO - 01/12/26 17:24:27 - 0:02:18 - Average dev loss is 0.7939510146776835 at epoch 48
INFO - 01/12/26 17:24:28 - 0:02:19 - dev accuracy is 81.8 at epoch 48
INFO - 01/12/26 17:24:28 - 0:02:19 - dev average edit distance is 0.655 at epoch 48
INFO - 01/12/26 17:24:28 - 0:02:19 - At 49-th epoch with lr 0.000306.
INFO - 01/12/26 17:24:30 - 0:02:22 - Running average train loss is 0.797879433631897 at epoch 49
INFO - 01/12/26 17:24:30 - 0:02:22 - At 50-th epoch with lr 0.000313.
INFO - 01/12/26 17:24:33 - 0:02:25 - Running average train loss is 0.7922546458244324 at epoch 50
INFO - 01/12/26 17:24:33 - 0:02:25 - At 51-th epoch with lr 0.000319.
INFO - 01/12/26 17:24:35 - 0:02:27 - Running average train loss is 0.7888821220397949 at epoch 51
INFO - 01/12/26 17:24:35 - 0:02:27 - At 52-th epoch with lr 0.000325.
INFO - 01/12/26 17:24:38 - 0:02:30 - Running average train loss is 0.7824817371368408 at epoch 52
INFO - 01/12/26 17:24:38 - 0:02:30 - At 53-th epoch with lr 0.000331.
INFO - 01/12/26 17:24:40 - 0:02:32 - Running average train loss is 0.7797238564491272 at epoch 53
INFO - 01/12/26 17:24:40 - 0:02:32 - At 54-th epoch with lr 0.000338.
INFO - 01/12/26 17:24:43 - 0:02:35 - Running average train loss is 0.7749534487724304 at epoch 54
INFO - 01/12/26 17:24:43 - 0:02:35 - At 55-th epoch with lr 0.000344.
INFO - 01/12/26 17:24:46 - 0:02:37 - Running average train loss is 0.771500198841095 at epoch 55
INFO - 01/12/26 17:24:46 - 0:02:37 - At 56-th epoch with lr 0.000350.
INFO - 01/12/26 17:24:48 - 0:02:40 - Running average train loss is 0.7681681394577027 at epoch 56
INFO - 01/12/26 17:24:48 - 0:02:40 - At 57-th epoch with lr 0.000356.
INFO - 01/12/26 17:24:51 - 0:02:42 - Running average train loss is 0.7637454032897949 at epoch 57
INFO - 01/12/26 17:24:51 - 0:02:42 - At 58-th epoch with lr 0.000362.
INFO - 01/12/26 17:24:53 - 0:02:45 - Running average train loss is 0.7623617219924926 at epoch 58
INFO - 01/12/26 17:24:53 - 0:02:45 - At 59-th epoch with lr 0.000369.
INFO - 01/12/26 17:24:56 - 0:02:47 - Running average train loss is 0.759295597076416 at epoch 59
INFO - 01/12/26 17:24:56 - 0:02:47 - At 60-th epoch with lr 0.000375.
INFO - 01/12/26 17:24:58 - 0:02:50 - Running average train loss is 0.7567585730552673 at epoch 60
INFO - 01/12/26 17:24:58 - 0:02:50 - At 61-th epoch with lr 0.000381.
INFO - 01/12/26 17:25:01 - 0:02:53 - Running average train loss is 0.7524883651733398 at epoch 61
INFO - 01/12/26 17:25:01 - 0:02:53 - At 62-th epoch with lr 0.000388.
INFO - 01/12/26 17:25:03 - 0:02:55 - Running average train loss is 0.7508399796485901 at epoch 62
INFO - 01/12/26 17:25:03 - 0:02:55 - At 63-th epoch with lr 0.000394.
INFO - 01/12/26 17:25:06 - 0:02:58 - Running average train loss is 0.7508315682411194 at epoch 63
INFO - 01/12/26 17:25:06 - 0:02:58 - At 64-th epoch with lr 0.000400.
INFO - 01/12/26 17:25:08 - 0:03:00 - Running average train loss is 0.7483955073356628 at epoch 64
INFO - 01/12/26 17:25:08 - 0:03:00 - Average dev loss is 0.7615622083346049 at epoch 64
INFO - 01/12/26 17:25:09 - 0:03:01 - dev accuracy is 87.1 at epoch 64
INFO - 01/12/26 17:25:09 - 0:03:01 - dev average edit distance is 0.468 at epoch 64
INFO - 01/12/26 17:25:09 - 0:03:01 - At 65-th epoch with lr 0.000406.
INFO - 01/12/26 17:25:12 - 0:03:03 - Running average train loss is 0.7464846777915954 at epoch 65
INFO - 01/12/26 17:25:12 - 0:03:03 - At 66-th epoch with lr 0.000412.
INFO - 01/12/26 17:25:14 - 0:03:06 - Running average train loss is 0.7429805636405945 at epoch 66
INFO - 01/12/26 17:25:14 - 0:03:06 - At 67-th epoch with lr 0.000419.
INFO - 01/12/26 17:25:17 - 0:03:09 - Running average train loss is 0.7417387461662293 at epoch 67
INFO - 01/12/26 17:25:17 - 0:03:09 - At 68-th epoch with lr 0.000425.
INFO - 01/12/26 17:25:19 - 0:03:11 - Running average train loss is 0.7392236018180847 at epoch 68
INFO - 01/12/26 17:25:19 - 0:03:11 - At 69-th epoch with lr 0.000431.
INFO - 01/12/26 17:25:22 - 0:03:14 - Running average train loss is 0.738018901348114 at epoch 69
INFO - 01/12/26 17:25:22 - 0:03:14 - At 70-th epoch with lr 0.000438.
INFO - 01/12/26 17:25:25 - 0:03:16 - Running average train loss is 0.7381684470176697 at epoch 70
INFO - 01/12/26 17:25:25 - 0:03:16 - At 71-th epoch with lr 0.000444.
INFO - 01/12/26 17:25:27 - 0:03:19 - Running average train loss is 0.7358646059036255 at epoch 71
INFO - 01/12/26 17:25:27 - 0:03:19 - At 72-th epoch with lr 0.000450.
INFO - 01/12/26 17:25:30 - 0:03:21 - Running average train loss is 0.7355739521980286 at epoch 72
INFO - 01/12/26 17:25:30 - 0:03:21 - At 73-th epoch with lr 0.000456.
INFO - 01/12/26 17:25:32 - 0:03:24 - Running average train loss is 0.7335460615158081 at epoch 73
INFO - 01/12/26 17:25:32 - 0:03:24 - At 74-th epoch with lr 0.000463.
INFO - 01/12/26 17:25:35 - 0:03:26 - Running average train loss is 0.7331393933296204 at epoch 74
INFO - 01/12/26 17:25:35 - 0:03:26 - At 75-th epoch with lr 0.000469.
INFO - 01/12/26 17:25:37 - 0:03:29 - Running average train loss is 0.7316806101799012 at epoch 75
INFO - 01/12/26 17:25:37 - 0:03:29 - At 76-th epoch with lr 0.000475.
INFO - 01/12/26 17:25:40 - 0:03:31 - Running average train loss is 0.7290366792678833 at epoch 76
INFO - 01/12/26 17:25:40 - 0:03:31 - At 77-th epoch with lr 0.000481.
INFO - 01/12/26 17:25:42 - 0:03:34 - Running average train loss is 0.7286659383773804 at epoch 77
INFO - 01/12/26 17:25:42 - 0:03:34 - At 78-th epoch with lr 0.000487.
INFO - 01/12/26 17:25:45 - 0:03:37 - Running average train loss is 0.7256826448440552 at epoch 78
INFO - 01/12/26 17:25:45 - 0:03:37 - At 79-th epoch with lr 0.000494.
INFO - 01/12/26 17:25:47 - 0:03:39 - Running average train loss is 0.7261255693435669 at epoch 79
INFO - 01/12/26 17:25:47 - 0:03:39 - At 80-th epoch with lr 0.000500.
INFO - 01/12/26 17:25:50 - 0:03:42 - Running average train loss is 0.7240001964569092 at epoch 80
INFO - 01/12/26 17:25:50 - 0:03:42 - Average dev loss is 0.7568869789441427 at epoch 80
INFO - 01/12/26 17:25:51 - 0:03:42 - dev accuracy is 87.6 at epoch 80
INFO - 01/12/26 17:25:51 - 0:03:42 - dev average edit distance is 0.505 at epoch 80
INFO - 01/12/26 17:25:51 - 0:03:43 - At 81-th epoch with lr 0.000506.
INFO - 01/12/26 17:25:53 - 0:03:45 - Running average train loss is 0.7241881012916564 at epoch 81
INFO - 01/12/26 17:25:53 - 0:03:45 - At 82-th epoch with lr 0.000512.
INFO - 01/12/26 17:25:56 - 0:03:48 - Running average train loss is 0.7234918665885925 at epoch 82
INFO - 01/12/26 17:25:56 - 0:03:48 - At 83-th epoch with lr 0.000519.
INFO - 01/12/26 17:25:58 - 0:03:50 - Running average train loss is 0.722991235256195 at epoch 83
INFO - 01/12/26 17:25:58 - 0:03:50 - At 84-th epoch with lr 0.000525.
INFO - 01/12/26 17:26:01 - 0:03:53 - Running average train loss is 0.7216590166091919 at epoch 84
INFO - 01/12/26 17:26:01 - 0:03:53 - At 85-th epoch with lr 0.000531.
INFO - 01/12/26 17:26:03 - 0:03:55 - Running average train loss is 0.7196844244003295 at epoch 85
INFO - 01/12/26 17:26:03 - 0:03:55 - At 86-th epoch with lr 0.000538.
INFO - 01/12/26 17:26:06 - 0:03:58 - Running average train loss is 0.7204110836982727 at epoch 86
INFO - 01/12/26 17:26:06 - 0:03:58 - At 87-th epoch with lr 0.000544.
INFO - 01/12/26 17:26:09 - 0:04:00 - Running average train loss is 0.7206017661094666 at epoch 87
INFO - 01/12/26 17:26:09 - 0:04:00 - At 88-th epoch with lr 0.000550.
INFO - 01/12/26 17:26:11 - 0:04:03 - Running average train loss is 0.7188111591339111 at epoch 88
INFO - 01/12/26 17:26:11 - 0:04:03 - At 89-th epoch with lr 0.000556.
INFO - 01/12/26 17:26:14 - 0:04:05 - Running average train loss is 0.718244788646698 at epoch 89
INFO - 01/12/26 17:26:14 - 0:04:05 - At 90-th epoch with lr 0.000563.
INFO - 01/12/26 17:26:16 - 0:04:08 - Running average train loss is 0.7174102640151978 at epoch 90
INFO - 01/12/26 17:26:16 - 0:04:08 - At 91-th epoch with lr 0.000569.
INFO - 01/12/26 17:26:19 - 0:04:10 - Running average train loss is 0.7177633595466614 at epoch 91
INFO - 01/12/26 17:26:19 - 0:04:10 - At 92-th epoch with lr 0.000575.
INFO - 01/12/26 17:26:21 - 0:04:13 - Running average train loss is 0.7161016178131103 at epoch 92
INFO - 01/12/26 17:26:21 - 0:04:13 - At 93-th epoch with lr 0.000581.
INFO - 01/12/26 17:26:24 - 0:04:16 - Running average train loss is 0.7157290554046631 at epoch 93
INFO - 01/12/26 17:26:24 - 0:04:16 - At 94-th epoch with lr 0.000588.
INFO - 01/12/26 17:26:26 - 0:04:18 - Running average train loss is 0.7148962378501892 at epoch 94
INFO - 01/12/26 17:26:26 - 0:04:18 - At 95-th epoch with lr 0.000594.
INFO - 01/12/26 17:26:29 - 0:04:21 - Running average train loss is 0.7144527292251587 at epoch 95
INFO - 01/12/26 17:26:29 - 0:04:21 - At 96-th epoch with lr 0.000600.
INFO - 01/12/26 17:26:31 - 0:04:23 - Running average train loss is 0.7142208313941956 at epoch 96
INFO - 01/12/26 17:26:31 - 0:04:23 - Average dev loss is 0.7657756209373474 at epoch 96
INFO - 01/12/26 17:26:32 - 0:04:24 - dev accuracy is 85.5 at epoch 96
INFO - 01/12/26 17:26:32 - 0:04:24 - dev average edit distance is 0.556 at epoch 96
INFO - 01/12/26 17:26:32 - 0:04:24 - At 97-th epoch with lr 0.000606.
INFO - 01/12/26 17:26:35 - 0:04:27 - Running average train loss is 0.7148491597175598 at epoch 97
INFO - 01/12/26 17:26:35 - 0:04:27 - At 98-th epoch with lr 0.000613.
INFO - 01/12/26 17:26:37 - 0:04:29 - Running average train loss is 0.7142535543441773 at epoch 98
INFO - 01/12/26 17:26:37 - 0:04:29 - At 99-th epoch with lr 0.000619.
INFO - 01/12/26 17:26:40 - 0:04:32 - Running average train loss is 0.7127677941322327 at epoch 99
INFO - 01/12/26 17:26:40 - 0:04:32 - At 100-th epoch with lr 0.000625.
INFO - 01/12/26 17:26:42 - 0:04:34 - Running average train loss is 0.7120335006713867 at epoch 100
INFO - 01/12/26 17:26:42 - 0:04:34 - At 101-th epoch with lr 0.000631.
INFO - 01/12/26 17:26:45 - 0:04:37 - Running average train loss is 0.7110882472991943 at epoch 101
INFO - 01/12/26 17:26:45 - 0:04:37 - At 102-th epoch with lr 0.000637.
INFO - 01/12/26 17:26:48 - 0:04:39 - Running average train loss is 0.7115357112884522 at epoch 102
INFO - 01/12/26 17:26:48 - 0:04:39 - At 103-th epoch with lr 0.000644.
INFO - 01/12/26 17:26:50 - 0:04:42 - Running average train loss is 0.7130571484565735 at epoch 103
INFO - 01/12/26 17:26:50 - 0:04:42 - At 104-th epoch with lr 0.000650.
INFO - 01/12/26 17:26:53 - 0:04:44 - Running average train loss is 0.7123364210128784 at epoch 104
INFO - 01/12/26 17:26:53 - 0:04:44 - At 105-th epoch with lr 0.000656.
INFO - 01/12/26 17:26:55 - 0:04:47 - Running average train loss is 0.7116459774971008 at epoch 105
INFO - 01/12/26 17:26:55 - 0:04:47 - At 106-th epoch with lr 0.000663.
INFO - 01/12/26 17:26:58 - 0:04:50 - Running average train loss is 0.7121105194091797 at epoch 106
INFO - 01/12/26 17:26:58 - 0:04:50 - At 107-th epoch with lr 0.000669.
INFO - 01/12/26 17:27:00 - 0:04:52 - Running average train loss is 0.7096951079368591 at epoch 107
INFO - 01/12/26 17:27:00 - 0:04:52 - At 108-th epoch with lr 0.000675.
INFO - 01/12/26 17:27:03 - 0:04:55 - Running average train loss is 0.7101533246040345 at epoch 108
INFO - 01/12/26 17:27:03 - 0:04:55 - At 109-th epoch with lr 0.000681.
INFO - 01/12/26 17:27:05 - 0:04:57 - Running average train loss is 0.708974072933197 at epoch 109
INFO - 01/12/26 17:27:05 - 0:04:57 - At 110-th epoch with lr 0.000687.
INFO - 01/12/26 17:27:08 - 0:05:00 - Running average train loss is 0.7090684652328492 at epoch 110
INFO - 01/12/26 17:27:08 - 0:05:00 - At 111-th epoch with lr 0.000694.
INFO - 01/12/26 17:27:10 - 0:05:02 - Running average train loss is 0.7090671324729919 at epoch 111
INFO - 01/12/26 17:27:10 - 0:05:02 - At 112-th epoch with lr 0.000700.
INFO - 01/12/26 17:27:13 - 0:05:05 - Running average train loss is 0.7090503454208374 at epoch 112
INFO - 01/12/26 17:27:13 - 0:05:05 - Average dev loss is 0.7622600197792053 at epoch 112
INFO - 01/12/26 17:27:14 - 0:05:05 - dev accuracy is 87.6 at epoch 112
INFO - 01/12/26 17:27:14 - 0:05:05 - dev average edit distance is 0.484 at epoch 112
INFO - 01/12/26 17:27:14 - 0:05:06 - At 113-th epoch with lr 0.000706.
INFO - 01/12/26 17:27:16 - 0:05:08 - Running average train loss is 0.7097097873687744 at epoch 113
INFO - 01/12/26 17:27:16 - 0:05:08 - At 114-th epoch with lr 0.000713.
INFO - 01/12/26 17:27:19 - 0:05:11 - Running average train loss is 0.710338397026062 at epoch 114
INFO - 01/12/26 17:27:19 - 0:05:11 - At 115-th epoch with lr 0.000719.
INFO - 01/12/26 17:27:22 - 0:05:13 - Running average train loss is 0.708429799079895 at epoch 115
INFO - 01/12/26 17:27:22 - 0:05:13 - At 116-th epoch with lr 0.000725.
INFO - 01/12/26 17:27:24 - 0:05:16 - Running average train loss is 0.7083583092689514 at epoch 116
INFO - 01/12/26 17:27:24 - 0:05:16 - At 117-th epoch with lr 0.000731.
INFO - 01/12/26 17:27:27 - 0:05:18 - Running average train loss is 0.7079546165466308 at epoch 117
INFO - 01/12/26 17:27:27 - 0:05:18 - At 118-th epoch with lr 0.000738.
INFO - 01/12/26 17:27:29 - 0:05:21 - Running average train loss is 0.7082306528091431 at epoch 118
INFO - 01/12/26 17:27:29 - 0:05:21 - At 119-th epoch with lr 0.000744.
INFO - 01/12/26 17:27:32 - 0:05:23 - Running average train loss is 0.7080703735351562 at epoch 119
INFO - 01/12/26 17:27:32 - 0:05:23 - At 120-th epoch with lr 0.000750.
INFO - 01/12/26 17:27:34 - 0:05:26 - Running average train loss is 0.7076161170005798 at epoch 120
INFO - 01/12/26 17:27:34 - 0:05:26 - At 121-th epoch with lr 0.000756.
INFO - 01/12/26 17:27:37 - 0:05:29 - Running average train loss is 0.7087067747116089 at epoch 121
INFO - 01/12/26 17:27:37 - 0:05:29 - At 122-th epoch with lr 0.000762.
INFO - 01/12/26 17:27:39 - 0:05:31 - Running average train loss is 0.7071209049224854 at epoch 122
INFO - 01/12/26 17:27:39 - 0:05:31 - At 123-th epoch with lr 0.000769.
INFO - 01/12/26 17:27:42 - 0:05:34 - Running average train loss is 0.7064729356765747 at epoch 123
INFO - 01/12/26 17:27:42 - 0:05:34 - At 124-th epoch with lr 0.000775.
INFO - 01/12/26 17:27:44 - 0:05:36 - Running average train loss is 0.7081227326393127 at epoch 124
INFO - 01/12/26 17:27:44 - 0:05:36 - At 125-th epoch with lr 0.000781.
INFO - 01/12/26 17:27:47 - 0:05:39 - Running average train loss is 0.7079178309440612 at epoch 125
INFO - 01/12/26 17:27:47 - 0:05:39 - At 126-th epoch with lr 0.000788.
INFO - 01/12/26 17:27:49 - 0:05:41 - Running average train loss is 0.706919572353363 at epoch 126
INFO - 01/12/26 17:27:49 - 0:05:41 - At 127-th epoch with lr 0.000794.
INFO - 01/12/26 17:27:52 - 0:05:44 - Running average train loss is 0.7072170066833496 at epoch 127
INFO - 01/12/26 17:27:52 - 0:05:44 - At 128-th epoch with lr 0.000800.
INFO - 01/12/26 17:27:55 - 0:05:46 - Running average train loss is 0.7078828024864197 at epoch 128
INFO - 01/12/26 17:27:55 - 0:05:46 - Average dev loss is 0.7603397766749064 at epoch 128
INFO - 01/12/26 17:27:55 - 0:05:47 - dev accuracy is 87.3 at epoch 128
INFO - 01/12/26 17:27:55 - 0:05:47 - dev average edit distance is 0.509 at epoch 128
INFO - 01/12/26 17:27:55 - 0:05:47 - At 129-th epoch with lr 0.000806.
INFO - 01/12/26 17:27:58 - 0:05:50 - Running average train loss is 0.7076418328285218 at epoch 129
INFO - 01/12/26 17:27:58 - 0:05:50 - At 130-th epoch with lr 0.000813.
INFO - 01/12/26 17:28:01 - 0:05:52 - Running average train loss is 0.7065734052658081 at epoch 130
INFO - 01/12/26 17:28:01 - 0:05:52 - At 131-th epoch with lr 0.000819.
INFO - 01/12/26 17:28:03 - 0:05:55 - Running average train loss is 0.705699987411499 at epoch 131
INFO - 01/12/26 17:28:03 - 0:05:55 - At 132-th epoch with lr 0.000825.
INFO - 01/12/26 17:28:06 - 0:05:57 - Running average train loss is 0.7068391227722168 at epoch 132
INFO - 01/12/26 17:28:06 - 0:05:57 - At 133-th epoch with lr 0.000831.
INFO - 01/12/26 17:28:08 - 0:06:00 - Running average train loss is 0.7078045010566711 at epoch 133
INFO - 01/12/26 17:28:08 - 0:06:00 - At 134-th epoch with lr 0.000838.
INFO - 01/12/26 17:28:11 - 0:06:03 - Running average train loss is 0.7058631086349487 at epoch 134
INFO - 01/12/26 17:28:11 - 0:06:03 - At 135-th epoch with lr 0.000844.
INFO - 01/12/26 17:28:13 - 0:06:05 - Running average train loss is 0.7071818566322327 at epoch 135
INFO - 01/12/26 17:28:13 - 0:06:05 - At 136-th epoch with lr 0.000850.
INFO - 01/12/26 17:28:16 - 0:06:08 - Running average train loss is 0.7053567194938659 at epoch 136
INFO - 01/12/26 17:28:16 - 0:06:08 - At 137-th epoch with lr 0.000856.
INFO - 01/12/26 17:28:19 - 0:06:10 - Running average train loss is 0.7067095255851745 at epoch 137
INFO - 01/12/26 17:28:19 - 0:06:10 - At 138-th epoch with lr 0.000863.
INFO - 01/12/26 17:28:21 - 0:06:13 - Running average train loss is 0.7063456463813782 at epoch 138
INFO - 01/12/26 17:28:21 - 0:06:13 - At 139-th epoch with lr 0.000869.
INFO - 01/12/26 17:28:24 - 0:06:15 - Running average train loss is 0.7045841932296752 at epoch 139
INFO - 01/12/26 17:28:24 - 0:06:15 - At 140-th epoch with lr 0.000875.
INFO - 01/12/26 17:28:26 - 0:06:18 - Running average train loss is 0.7053921461105347 at epoch 140
INFO - 01/12/26 17:28:26 - 0:06:18 - At 141-th epoch with lr 0.000881.
INFO - 01/12/26 17:28:29 - 0:06:20 - Running average train loss is 0.7053454899787903 at epoch 141
INFO - 01/12/26 17:28:29 - 0:06:20 - At 142-th epoch with lr 0.000887.
INFO - 01/12/26 17:28:31 - 0:06:23 - Running average train loss is 0.7043845558166504 at epoch 142
INFO - 01/12/26 17:28:31 - 0:06:23 - At 143-th epoch with lr 0.000894.
INFO - 01/12/26 17:28:34 - 0:06:26 - Running average train loss is 0.7043607854843139 at epoch 143
INFO - 01/12/26 17:28:34 - 0:06:26 - At 144-th epoch with lr 0.000900.
INFO - 01/12/26 17:28:36 - 0:06:28 - Running average train loss is 0.7048697376251221 at epoch 144
INFO - 01/12/26 17:28:37 - 0:06:28 - Average dev loss is 0.7666824261347452 at epoch 144
INFO - 01/12/26 17:28:37 - 0:06:29 - dev accuracy is 86.7 at epoch 144
INFO - 01/12/26 17:28:37 - 0:06:29 - dev average edit distance is 0.523 at epoch 144
INFO - 01/12/26 17:28:37 - 0:06:29 - At 145-th epoch with lr 0.000906.
INFO - 01/12/26 17:28:40 - 0:06:32 - Running average train loss is 0.706688027381897 at epoch 145
INFO - 01/12/26 17:28:40 - 0:06:32 - At 146-th epoch with lr 0.000913.
INFO - 01/12/26 17:28:43 - 0:06:34 - Running average train loss is 0.7040027046203613 at epoch 146
INFO - 01/12/26 17:28:43 - 0:06:34 - At 147-th epoch with lr 0.000919.
INFO - 01/12/26 17:28:45 - 0:06:37 - Running average train loss is 0.7042818903923035 at epoch 147
INFO - 01/12/26 17:28:45 - 0:06:37 - At 148-th epoch with lr 0.000925.
INFO - 01/12/26 17:28:48 - 0:06:40 - Running average train loss is 0.706340434551239 at epoch 148
INFO - 01/12/26 17:28:48 - 0:06:40 - At 149-th epoch with lr 0.000931.
INFO - 01/12/26 17:28:50 - 0:06:42 - Running average train loss is 0.7065160155296326 at epoch 149
INFO - 01/12/26 17:28:50 - 0:06:42 - At 150-th epoch with lr 0.000937.
INFO - 01/12/26 17:28:53 - 0:06:45 - Running average train loss is 0.7064187097549438 at epoch 150
INFO - 01/12/26 17:28:53 - 0:06:45 - At 151-th epoch with lr 0.000944.
INFO - 01/12/26 17:28:55 - 0:06:47 - Running average train loss is 0.7039145660400391 at epoch 151
INFO - 01/12/26 17:28:55 - 0:06:47 - At 152-th epoch with lr 0.000950.
INFO - 01/12/26 17:28:58 - 0:06:50 - Running average train loss is 0.7030520510673522 at epoch 152
INFO - 01/12/26 17:28:58 - 0:06:50 - At 153-th epoch with lr 0.000956.
INFO - 01/12/26 17:29:01 - 0:06:52 - Running average train loss is 0.7061125946044922 at epoch 153
INFO - 01/12/26 17:29:01 - 0:06:52 - At 154-th epoch with lr 0.000963.
INFO - 01/12/26 17:29:03 - 0:06:55 - Running average train loss is 0.7047090792655945 at epoch 154
INFO - 01/12/26 17:29:03 - 0:06:55 - At 155-th epoch with lr 0.000969.
INFO - 01/12/26 17:29:06 - 0:06:57 - Running average train loss is 0.7046518158912659 at epoch 155
INFO - 01/12/26 17:29:06 - 0:06:57 - At 156-th epoch with lr 0.000975.
INFO - 01/12/26 17:29:08 - 0:07:00 - Running average train loss is 0.7052785062789917 at epoch 156
INFO - 01/12/26 17:29:08 - 0:07:00 - At 157-th epoch with lr 0.000981.
INFO - 01/12/26 17:29:11 - 0:07:02 - Running average train loss is 0.703140959739685 at epoch 157
INFO - 01/12/26 17:29:11 - 0:07:02 - At 158-th epoch with lr 0.000988.
INFO - 01/12/26 17:29:13 - 0:07:05 - Running average train loss is 0.7047561454772949 at epoch 158
INFO - 01/12/26 17:29:13 - 0:07:05 - At 159-th epoch with lr 0.000994.
INFO - 01/12/26 17:29:16 - 0:07:08 - Running average train loss is 0.7039843106269836 at epoch 159
INFO - 01/12/26 17:29:16 - 0:07:08 - At 160-th epoch with lr 0.001000.
INFO - 01/12/26 17:29:18 - 0:07:10 - Running average train loss is 0.7036783075332642 at epoch 160
INFO - 01/12/26 17:29:18 - 0:07:10 - Average dev loss is 0.7649896343549093 at epoch 160
INFO - 01/12/26 17:29:19 - 0:07:11 - dev accuracy is 87.4 at epoch 160
INFO - 01/12/26 17:29:19 - 0:07:11 - dev average edit distance is 0.506 at epoch 160
INFO - 01/12/26 17:29:19 - 0:07:11 - At 161-th epoch with lr 0.000997.
INFO - 01/12/26 17:29:22 - 0:07:13 - Running average train loss is 0.7038047599792481 at epoch 161
INFO - 01/12/26 17:29:22 - 0:07:13 - At 162-th epoch with lr 0.000994.
INFO - 01/12/26 17:29:24 - 0:07:16 - Running average train loss is 0.7042497825622559 at epoch 162
INFO - 01/12/26 17:29:24 - 0:07:16 - At 163-th epoch with lr 0.000991.
INFO - 01/12/26 17:29:27 - 0:07:19 - Running average train loss is 0.704070999622345 at epoch 163
INFO - 01/12/26 17:29:27 - 0:07:19 - At 164-th epoch with lr 0.000988.
INFO - 01/12/26 17:29:29 - 0:07:21 - Running average train loss is 0.703662075996399 at epoch 164
INFO - 01/12/26 17:29:29 - 0:07:21 - At 165-th epoch with lr 0.000985.
INFO - 01/12/26 17:29:32 - 0:07:24 - Running average train loss is 0.7036104202270508 at epoch 165
INFO - 01/12/26 17:29:32 - 0:07:24 - At 166-th epoch with lr 0.000982.
INFO - 01/12/26 17:29:34 - 0:07:26 - Running average train loss is 0.7038781499862671 at epoch 166
INFO - 01/12/26 17:29:34 - 0:07:26 - At 167-th epoch with lr 0.000979.
INFO - 01/12/26 17:29:37 - 0:07:29 - Running average train loss is 0.7034927773475647 at epoch 167
INFO - 01/12/26 17:29:37 - 0:07:29 - At 168-th epoch with lr 0.000976.
INFO - 01/12/26 17:29:40 - 0:07:31 - Running average train loss is 0.7017339253425598 at epoch 168
INFO - 01/12/26 17:29:40 - 0:07:31 - At 169-th epoch with lr 0.000973.
INFO - 01/12/26 17:29:42 - 0:07:34 - Running average train loss is 0.7008876299858093 at epoch 169
INFO - 01/12/26 17:29:42 - 0:07:34 - At 170-th epoch with lr 0.000970.
INFO - 01/12/26 17:29:45 - 0:07:36 - Running average train loss is 0.7020299339294434 at epoch 170
INFO - 01/12/26 17:29:45 - 0:07:36 - At 171-th epoch with lr 0.000967.
INFO - 01/12/26 17:29:47 - 0:07:39 - Running average train loss is 0.7008671021461487 at epoch 171
INFO - 01/12/26 17:29:47 - 0:07:39 - At 172-th epoch with lr 0.000964.
INFO - 01/12/26 17:29:50 - 0:07:42 - Running average train loss is 0.7007651543617248 at epoch 172
INFO - 01/12/26 17:29:50 - 0:07:42 - At 173-th epoch with lr 0.000962.
INFO - 01/12/26 17:29:53 - 0:07:44 - Running average train loss is 0.7016163730621338 at epoch 173
INFO - 01/12/26 17:29:53 - 0:07:44 - At 174-th epoch with lr 0.000959.
INFO - 01/12/26 17:29:55 - 0:07:47 - Running average train loss is 0.7013379144668579 at epoch 174
INFO - 01/12/26 17:29:55 - 0:07:47 - At 175-th epoch with lr 0.000956.
INFO - 01/12/26 17:29:58 - 0:07:50 - Running average train loss is 0.7008318972587585 at epoch 175
INFO - 01/12/26 17:29:58 - 0:07:50 - At 176-th epoch with lr 0.000953.
INFO - 01/12/26 17:30:01 - 0:07:53 - Running average train loss is 0.7019075846672058 at epoch 176
INFO - 01/12/26 17:30:01 - 0:07:53 - Average dev loss is 0.7643108367919922 at epoch 176
INFO - 01/12/26 17:30:02 - 0:07:53 - dev accuracy is 88.0 at epoch 176
INFO - 01/12/26 17:30:02 - 0:07:53 - dev average edit distance is 0.514 at epoch 176
INFO - 01/12/26 17:30:02 - 0:07:53 - At 177-th epoch with lr 0.000951.
INFO - 01/12/26 17:30:04 - 0:07:56 - Running average train loss is 0.7014832663536071 at epoch 177
INFO - 01/12/26 17:30:04 - 0:07:56 - At 178-th epoch with lr 0.000948.
INFO - 01/12/26 17:30:07 - 0:07:59 - Running average train loss is 0.7010496997833252 at epoch 178
INFO - 01/12/26 17:30:07 - 0:07:59 - At 179-th epoch with lr 0.000945.
INFO - 01/12/26 17:30:10 - 0:08:02 - Running average train loss is 0.6995359206199646 at epoch 179
INFO - 01/12/26 17:30:10 - 0:08:02 - At 180-th epoch with lr 0.000943.
INFO - 01/12/26 17:30:12 - 0:08:04 - Running average train loss is 0.6998421263694763 at epoch 180
INFO - 01/12/26 17:30:12 - 0:08:04 - At 181-th epoch with lr 0.000940.
INFO - 01/12/26 17:30:15 - 0:08:07 - Running average train loss is 0.6987427735328674 at epoch 181
INFO - 01/12/26 17:30:15 - 0:08:07 - At 182-th epoch with lr 0.000938.
INFO - 01/12/26 17:30:18 - 0:08:10 - Running average train loss is 0.6995738434791565 at epoch 182
INFO - 01/12/26 17:30:18 - 0:08:10 - At 183-th epoch with lr 0.000935.
INFO - 01/12/26 17:30:20 - 0:08:12 - Running average train loss is 0.6998320055007935 at epoch 183
INFO - 01/12/26 17:30:20 - 0:08:12 - At 184-th epoch with lr 0.000933.
INFO - 01/12/26 17:30:23 - 0:08:15 - Running average train loss is 0.6977697563171387 at epoch 184
INFO - 01/12/26 17:30:23 - 0:08:15 - At 185-th epoch with lr 0.000930.
INFO - 01/12/26 17:30:25 - 0:08:17 - Running average train loss is 0.6988410091400147 at epoch 185
INFO - 01/12/26 17:30:25 - 0:08:17 - At 186-th epoch with lr 0.000927.
INFO - 01/12/26 17:30:28 - 0:08:20 - Running average train loss is 0.6993605279922486 at epoch 186
INFO - 01/12/26 17:30:28 - 0:08:20 - At 187-th epoch with lr 0.000925.
INFO - 01/12/26 17:30:31 - 0:08:22 - Running average train loss is 0.6977887845039368 at epoch 187
INFO - 01/12/26 17:30:31 - 0:08:22 - At 188-th epoch with lr 0.000923.
INFO - 01/12/26 17:30:33 - 0:08:25 - Running average train loss is 0.6965641379356384 at epoch 188
INFO - 01/12/26 17:30:33 - 0:08:25 - At 189-th epoch with lr 0.000920.
INFO - 01/12/26 17:30:36 - 0:08:27 - Running average train loss is 0.6965814638137817 at epoch 189
INFO - 01/12/26 17:30:36 - 0:08:27 - At 190-th epoch with lr 0.000918.
INFO - 01/12/26 17:30:38 - 0:08:30 - Running average train loss is 0.6980005884170533 at epoch 190
INFO - 01/12/26 17:30:38 - 0:08:30 - At 191-th epoch with lr 0.000915.
INFO - 01/12/26 17:30:41 - 0:08:33 - Running average train loss is 0.6985224747657776 at epoch 191
INFO - 01/12/26 17:30:41 - 0:08:33 - At 192-th epoch with lr 0.000913.
INFO - 01/12/26 17:30:43 - 0:08:35 - Running average train loss is 0.6983683800697327 at epoch 192
INFO - 01/12/26 17:30:44 - 0:08:35 - Average dev loss is 0.7683989802996317 at epoch 192
INFO - 01/12/26 17:30:44 - 0:08:36 - dev accuracy is 87.5 at epoch 192
INFO - 01/12/26 17:30:44 - 0:08:36 - dev average edit distance is 0.522 at epoch 192
INFO - 01/12/26 17:30:44 - 0:08:36 - At 193-th epoch with lr 0.000911.
INFO - 01/12/26 17:30:47 - 0:08:39 - Running average train loss is 0.6982571482658386 at epoch 193
INFO - 01/12/26 17:30:47 - 0:08:39 - At 194-th epoch with lr 0.000908.
INFO - 01/12/26 17:30:49 - 0:08:41 - Running average train loss is 0.6961742091178894 at epoch 194
INFO - 01/12/26 17:30:49 - 0:08:41 - At 195-th epoch with lr 0.000906.
INFO - 01/12/26 17:30:52 - 0:08:44 - Running average train loss is 0.6974123072624206 at epoch 195
INFO - 01/12/26 17:30:52 - 0:08:44 - At 196-th epoch with lr 0.000904.
INFO - 01/12/26 17:30:54 - 0:08:46 - Running average train loss is 0.6978881144523621 at epoch 196
INFO - 01/12/26 17:30:54 - 0:08:46 - At 197-th epoch with lr 0.000901.
INFO - 01/12/26 17:30:57 - 0:08:49 - Running average train loss is 0.6972897338867188 at epoch 197
INFO - 01/12/26 17:30:57 - 0:08:49 - At 198-th epoch with lr 0.000899.
INFO - 01/12/26 17:30:59 - 0:08:51 - Running average train loss is 0.6973998761177063 at epoch 198
INFO - 01/12/26 17:30:59 - 0:08:51 - At 199-th epoch with lr 0.000897.
INFO - 01/12/26 17:31:02 - 0:08:54 - Running average train loss is 0.6974150586128235 at epoch 199
INFO - 01/12/26 17:31:02 - 0:08:54 - At 200-th epoch with lr 0.000894.
INFO - 01/12/26 17:31:05 - 0:08:56 - Running average train loss is 0.6977883052825927 at epoch 200
INFO - 01/12/26 17:31:05 - 0:08:56 - At 201-th epoch with lr 0.000892.
INFO - 01/12/26 17:31:07 - 0:08:59 - Running average train loss is 0.6962032532691955 at epoch 201
INFO - 01/12/26 17:31:07 - 0:08:59 - At 202-th epoch with lr 0.000890.
INFO - 01/12/26 17:31:10 - 0:09:01 - Running average train loss is 0.6960230660438538 at epoch 202
INFO - 01/12/26 17:31:10 - 0:09:01 - At 203-th epoch with lr 0.000888.
INFO - 01/12/26 17:31:12 - 0:09:04 - Running average train loss is 0.6973176884651184 at epoch 203
INFO - 01/12/26 17:31:12 - 0:09:04 - At 204-th epoch with lr 0.000886.
INFO - 01/12/26 17:31:15 - 0:09:06 - Running average train loss is 0.6958077931404114 at epoch 204
INFO - 01/12/26 17:31:15 - 0:09:06 - At 205-th epoch with lr 0.000883.
INFO - 01/12/26 17:31:17 - 0:09:09 - Running average train loss is 0.6966065573692322 at epoch 205
INFO - 01/12/26 17:31:17 - 0:09:09 - At 206-th epoch with lr 0.000881.
INFO - 01/12/26 17:31:20 - 0:09:12 - Running average train loss is 0.6965605926513672 at epoch 206
INFO - 01/12/26 17:31:20 - 0:09:12 - At 207-th epoch with lr 0.000879.
INFO - 01/12/26 17:31:22 - 0:09:14 - Running average train loss is 0.695437695980072 at epoch 207
INFO - 01/12/26 17:31:22 - 0:09:14 - At 208-th epoch with lr 0.000877.
INFO - 01/12/26 17:31:25 - 0:09:17 - Running average train loss is 0.696364586353302 at epoch 208
INFO - 01/12/26 17:31:25 - 0:09:17 - Average dev loss is 0.7691488663355509 at epoch 208
INFO - 01/12/26 17:31:26 - 0:09:17 - dev accuracy is 86.9 at epoch 208
INFO - 01/12/26 17:31:26 - 0:09:17 - dev average edit distance is 0.514 at epoch 208
INFO - 01/12/26 17:31:26 - 0:09:17 - At 209-th epoch with lr 0.000875.
INFO - 01/12/26 17:31:28 - 0:09:20 - Running average train loss is 0.6964160943031311 at epoch 209
INFO - 01/12/26 17:31:28 - 0:09:20 - At 210-th epoch with lr 0.000873.
INFO - 01/12/26 17:31:31 - 0:09:23 - Running average train loss is 0.6980753755569458 at epoch 210
INFO - 01/12/26 17:31:31 - 0:09:23 - At 211-th epoch with lr 0.000871.
INFO - 01/12/26 17:31:33 - 0:09:25 - Running average train loss is 0.695728063583374 at epoch 211
INFO - 01/12/26 17:31:33 - 0:09:25 - At 212-th epoch with lr 0.000869.
INFO - 01/12/26 17:31:36 - 0:09:28 - Running average train loss is 0.6944841527938843 at epoch 212
INFO - 01/12/26 17:31:36 - 0:09:28 - At 213-th epoch with lr 0.000867.
INFO - 01/12/26 17:31:38 - 0:09:30 - Running average train loss is 0.6941140604019165 at epoch 213
INFO - 01/12/26 17:31:38 - 0:09:30 - At 214-th epoch with lr 0.000865.
INFO - 01/12/26 17:31:41 - 0:09:33 - Running average train loss is 0.6941740155220032 at epoch 214
INFO - 01/12/26 17:31:41 - 0:09:33 - At 215-th epoch with lr 0.000863.
INFO - 01/12/26 17:31:44 - 0:09:35 - Running average train loss is 0.6948351430892944 at epoch 215
INFO - 01/12/26 17:31:44 - 0:09:35 - At 216-th epoch with lr 0.000861.
INFO - 01/12/26 17:31:46 - 0:09:38 - Running average train loss is 0.6952514314651489 at epoch 216
INFO - 01/12/26 17:31:46 - 0:09:38 - At 217-th epoch with lr 0.000859.
INFO - 01/12/26 17:31:49 - 0:09:40 - Running average train loss is 0.6948504877090455 at epoch 217
INFO - 01/12/26 17:31:49 - 0:09:40 - At 218-th epoch with lr 0.000857.
INFO - 01/12/26 17:31:51 - 0:09:43 - Running average train loss is 0.6938311934471131 at epoch 218
INFO - 01/12/26 17:31:51 - 0:09:43 - At 219-th epoch with lr 0.000855.
INFO - 01/12/26 17:31:54 - 0:09:46 - Running average train loss is 0.6940523266792298 at epoch 219
INFO - 01/12/26 17:31:54 - 0:09:46 - At 220-th epoch with lr 0.000853.
INFO - 01/12/26 17:31:56 - 0:09:48 - Running average train loss is 0.6954556894302368 at epoch 220
INFO - 01/12/26 17:31:56 - 0:09:48 - At 221-th epoch with lr 0.000851.
INFO - 01/12/26 17:31:59 - 0:09:51 - Running average train loss is 0.6946033263206481 at epoch 221
INFO - 01/12/26 17:31:59 - 0:09:51 - At 222-th epoch with lr 0.000849.
INFO - 01/12/26 17:32:01 - 0:09:53 - Running average train loss is 0.6938252425193787 at epoch 222
INFO - 01/12/26 17:32:01 - 0:09:53 - At 223-th epoch with lr 0.000847.
INFO - 01/12/26 17:32:04 - 0:09:56 - Running average train loss is 0.694653685092926 at epoch 223
INFO - 01/12/26 17:32:04 - 0:09:56 - At 224-th epoch with lr 0.000845.
INFO - 01/12/26 17:32:07 - 0:09:58 - Running average train loss is 0.6951494550704956 at epoch 224
INFO - 01/12/26 17:32:07 - 0:09:58 - Average dev loss is 0.7644547621409098 at epoch 224
INFO - 01/12/26 17:32:07 - 0:09:59 - dev accuracy is 88.1 at epoch 224
INFO - 01/12/26 17:32:07 - 0:09:59 - dev average edit distance is 0.43 at epoch 224
INFO - 01/12/26 17:32:07 - 0:09:59 - At 225-th epoch with lr 0.000843.
INFO - 01/12/26 17:32:10 - 0:10:02 - Running average train loss is 0.6928617835044861 at epoch 225
INFO - 01/12/26 17:32:10 - 0:10:02 - At 226-th epoch with lr 0.000841.
INFO - 01/12/26 17:32:12 - 0:10:04 - Running average train loss is 0.6932302713394165 at epoch 226
INFO - 01/12/26 17:32:12 - 0:10:04 - At 227-th epoch with lr 0.000840.
INFO - 01/12/26 17:32:15 - 0:10:07 - Running average train loss is 0.6944065690040588 at epoch 227
INFO - 01/12/26 17:32:15 - 0:10:07 - At 228-th epoch with lr 0.000838.
INFO - 01/12/26 17:32:18 - 0:10:09 - Running average train loss is 0.6941525387763977 at epoch 228
INFO - 01/12/26 17:32:18 - 0:10:09 - At 229-th epoch with lr 0.000836.
INFO - 01/12/26 17:32:20 - 0:10:12 - Running average train loss is 0.6929552674293518 at epoch 229
INFO - 01/12/26 17:32:20 - 0:10:12 - At 230-th epoch with lr 0.000834.
INFO - 01/12/26 17:32:23 - 0:10:14 - Running average train loss is 0.6936176609992981 at epoch 230
INFO - 01/12/26 17:32:23 - 0:10:14 - At 231-th epoch with lr 0.000832.
INFO - 01/12/26 17:32:25 - 0:10:17 - Running average train loss is 0.6933389639854431 at epoch 231
INFO - 01/12/26 17:32:25 - 0:10:17 - At 232-th epoch with lr 0.000830.
INFO - 01/12/26 17:32:28 - 0:10:19 - Running average train loss is 0.692812180519104 at epoch 232
INFO - 01/12/26 17:32:28 - 0:10:19 - At 233-th epoch with lr 0.000829.
INFO - 01/12/26 17:32:30 - 0:10:22 - Running average train loss is 0.6928955173492432 at epoch 233
INFO - 01/12/26 17:32:30 - 0:10:22 - At 234-th epoch with lr 0.000827.
INFO - 01/12/26 17:32:33 - 0:10:24 - Running average train loss is 0.6940210318565369 at epoch 234
INFO - 01/12/26 17:32:33 - 0:10:24 - At 235-th epoch with lr 0.000825.
INFO - 01/12/26 17:32:35 - 0:10:27 - Running average train loss is 0.692670829296112 at epoch 235
INFO - 01/12/26 17:32:35 - 0:10:27 - At 236-th epoch with lr 0.000823.
INFO - 01/12/26 17:32:38 - 0:10:30 - Running average train loss is 0.6939057803153992 at epoch 236
INFO - 01/12/26 17:32:38 - 0:10:30 - At 237-th epoch with lr 0.000822.
INFO - 01/12/26 17:32:40 - 0:10:32 - Running average train loss is 0.6934651112556458 at epoch 237
INFO - 01/12/26 17:32:40 - 0:10:32 - At 238-th epoch with lr 0.000820.
INFO - 01/12/26 17:32:43 - 0:10:35 - Running average train loss is 0.6937351584434509 at epoch 238
INFO - 01/12/26 17:32:43 - 0:10:35 - At 239-th epoch with lr 0.000818.
INFO - 01/12/26 17:32:46 - 0:10:37 - Running average train loss is 0.6934422683715821 at epoch 239
INFO - 01/12/26 17:32:46 - 0:10:37 - At 240-th epoch with lr 0.000816.
INFO - 01/12/26 17:32:48 - 0:10:40 - Running average train loss is 0.6918131828308105 at epoch 240
INFO - 01/12/26 17:32:48 - 0:10:40 - Average dev loss is 0.7706642150878906 at epoch 240
INFO - 01/12/26 17:32:49 - 0:10:40 - dev accuracy is 88.4 at epoch 240
INFO - 01/12/26 17:32:49 - 0:10:40 - dev average edit distance is 0.475 at epoch 240
INFO - 01/12/26 17:32:49 - 0:10:41 - At 241-th epoch with lr 0.000815.
INFO - 01/12/26 17:32:51 - 0:10:43 - Running average train loss is 0.6922275400161744 at epoch 241
INFO - 01/12/26 17:32:51 - 0:10:43 - At 242-th epoch with lr 0.000813.
INFO - 01/12/26 17:32:54 - 0:10:46 - Running average train loss is 0.6933086156845093 at epoch 242
INFO - 01/12/26 17:32:54 - 0:10:46 - At 243-th epoch with lr 0.000811.
INFO - 01/12/26 17:32:57 - 0:10:48 - Running average train loss is 0.69231764793396 at epoch 243
INFO - 01/12/26 17:32:57 - 0:10:48 - At 244-th epoch with lr 0.000810.
INFO - 01/12/26 17:32:59 - 0:10:51 - Running average train loss is 0.6927899289131164 at epoch 244
INFO - 01/12/26 17:32:59 - 0:10:51 - At 245-th epoch with lr 0.000808.
INFO - 01/12/26 17:33:02 - 0:10:53 - Running average train loss is 0.6922735977172851 at epoch 245
INFO - 01/12/26 17:33:02 - 0:10:53 - At 246-th epoch with lr 0.000806.
INFO - 01/12/26 17:33:04 - 0:10:56 - Running average train loss is 0.6905357265472412 at epoch 246
INFO - 01/12/26 17:33:04 - 0:10:56 - At 247-th epoch with lr 0.000805.
INFO - 01/12/26 17:33:07 - 0:10:58 - Running average train loss is 0.6916245007514954 at epoch 247
INFO - 01/12/26 17:33:07 - 0:10:58 - At 248-th epoch with lr 0.000803.
INFO - 01/12/26 17:33:09 - 0:11:01 - Running average train loss is 0.6918911409378051 at epoch 248
INFO - 01/12/26 17:33:09 - 0:11:01 - At 249-th epoch with lr 0.000802.
INFO - 01/12/26 17:33:12 - 0:11:04 - Running average train loss is 0.6917963075637817 at epoch 249
INFO - 01/12/26 17:33:12 - 0:11:04 - At 250-th epoch with lr 0.000800.
INFO - 01/12/26 17:33:14 - 0:11:06 - Running average train loss is 0.6922993350028992 at epoch 250
INFO - 01/12/26 17:33:14 - 0:11:06 - At 251-th epoch with lr 0.000798.
INFO - 01/12/26 17:33:17 - 0:11:09 - Running average train loss is 0.6912000250816345 at epoch 251
INFO - 01/12/26 17:33:17 - 0:11:09 - At 252-th epoch with lr 0.000797.
INFO - 01/12/26 17:33:19 - 0:11:11 - Running average train loss is 0.6919987034797669 at epoch 252
INFO - 01/12/26 17:33:19 - 0:11:11 - At 253-th epoch with lr 0.000795.
INFO - 01/12/26 17:33:22 - 0:11:14 - Running average train loss is 0.6918682312965393 at epoch 253
INFO - 01/12/26 17:33:22 - 0:11:14 - At 254-th epoch with lr 0.000794.
INFO - 01/12/26 17:33:25 - 0:11:16 - Running average train loss is 0.691378538608551 at epoch 254
INFO - 01/12/26 17:33:25 - 0:11:16 - At 255-th epoch with lr 0.000792.
INFO - 01/12/26 17:33:27 - 0:11:19 - Running average train loss is 0.6916250824928284 at epoch 255
INFO - 01/12/26 17:33:27 - 0:11:19 - At 256-th epoch with lr 0.000791.
INFO - 01/12/26 17:33:30 - 0:11:21 - Running average train loss is 0.6925661420822143 at epoch 256
INFO - 01/12/26 17:33:30 - 0:11:22 - Average dev loss is 0.7744120359420776 at epoch 256
INFO - 01/12/26 17:33:31 - 0:11:22 - dev accuracy is 88.0 at epoch 256
INFO - 01/12/26 17:33:31 - 0:11:22 - dev average edit distance is 0.432 at epoch 256
INFO - 01/12/26 17:33:31 - 0:11:22 - At 257-th epoch with lr 0.000789.
INFO - 01/12/26 17:33:33 - 0:11:25 - Running average train loss is 0.6905866765975952 at epoch 257
INFO - 01/12/26 17:33:33 - 0:11:25 - At 258-th epoch with lr 0.000787.
INFO - 01/12/26 17:33:36 - 0:11:28 - Running average train loss is 0.6919504022598266 at epoch 258
INFO - 01/12/26 17:33:36 - 0:11:28 - At 259-th epoch with lr 0.000786.
INFO - 01/12/26 17:33:38 - 0:11:30 - Running average train loss is 0.6907146859169007 at epoch 259
INFO - 01/12/26 17:33:38 - 0:11:30 - At 260-th epoch with lr 0.000784.
INFO - 01/12/26 17:33:41 - 0:11:33 - Running average train loss is 0.690863060951233 at epoch 260
INFO - 01/12/26 17:33:41 - 0:11:33 - At 261-th epoch with lr 0.000783.
INFO - 01/12/26 17:33:43 - 0:11:35 - Running average train loss is 0.6918507742881775 at epoch 261
INFO - 01/12/26 17:33:43 - 0:11:35 - At 262-th epoch with lr 0.000781.
INFO - 01/12/26 17:33:46 - 0:11:38 - Running average train loss is 0.6915483903884888 at epoch 262
INFO - 01/12/26 17:33:46 - 0:11:38 - At 263-th epoch with lr 0.000780.
INFO - 01/12/26 17:33:49 - 0:11:40 - Running average train loss is 0.6913801646232605 at epoch 263
INFO - 01/12/26 17:33:49 - 0:11:40 - At 264-th epoch with lr 0.000778.
INFO - 01/12/26 17:33:51 - 0:11:43 - Running average train loss is 0.6905537867546081 at epoch 264
INFO - 01/12/26 17:33:51 - 0:11:43 - At 265-th epoch with lr 0.000777.
INFO - 01/12/26 17:33:54 - 0:11:45 - Running average train loss is 0.6926076793670655 at epoch 265
INFO - 01/12/26 17:33:54 - 0:11:45 - At 266-th epoch with lr 0.000776.
INFO - 01/12/26 17:33:56 - 0:11:48 - Running average train loss is 0.6921667957305908 at epoch 266
INFO - 01/12/26 17:33:56 - 0:11:48 - At 267-th epoch with lr 0.000774.
INFO - 01/12/26 17:33:59 - 0:11:50 - Running average train loss is 0.6903854155540466 at epoch 267
INFO - 01/12/26 17:33:59 - 0:11:50 - At 268-th epoch with lr 0.000773.
INFO - 01/12/26 17:34:01 - 0:11:53 - Running average train loss is 0.6908677911758423 at epoch 268
INFO - 01/12/26 17:34:01 - 0:11:53 - At 269-th epoch with lr 0.000771.
INFO - 01/12/26 17:34:04 - 0:11:56 - Running average train loss is 0.691205313205719 at epoch 269
INFO - 01/12/26 17:34:04 - 0:11:56 - At 270-th epoch with lr 0.000770.
INFO - 01/12/26 17:34:07 - 0:11:59 - Running average train loss is 0.6909737610816955 at epoch 270
INFO - 01/12/26 17:34:07 - 0:11:59 - At 271-th epoch with lr 0.000768.
INFO - 01/12/26 17:34:10 - 0:12:01 - Running average train loss is 0.6906181406974793 at epoch 271
INFO - 01/12/26 17:34:10 - 0:12:01 - At 272-th epoch with lr 0.000767.
INFO - 01/12/26 17:34:12 - 0:12:04 - Running average train loss is 0.690061149597168 at epoch 272
INFO - 01/12/26 17:34:12 - 0:12:04 - Average dev loss is 0.7736786007881165 at epoch 272
INFO - 01/12/26 17:34:13 - 0:12:05 - dev accuracy is 85.8 at epoch 272
INFO - 01/12/26 17:34:13 - 0:12:05 - dev average edit distance is 0.505 at epoch 272
INFO - 01/12/26 17:34:13 - 0:12:05 - At 273-th epoch with lr 0.000766.
INFO - 01/12/26 17:34:16 - 0:12:07 - Running average train loss is 0.6894467568397522 at epoch 273
INFO - 01/12/26 17:34:16 - 0:12:07 - At 274-th epoch with lr 0.000764.
INFO - 01/12/26 17:34:18 - 0:12:10 - Running average train loss is 0.6895182228088379 at epoch 274
INFO - 01/12/26 17:34:18 - 0:12:10 - At 275-th epoch with lr 0.000763.
INFO - 01/12/26 17:34:21 - 0:12:13 - Running average train loss is 0.6911558604240418 at epoch 275
INFO - 01/12/26 17:34:21 - 0:12:13 - At 276-th epoch with lr 0.000761.
INFO - 01/12/26 17:34:24 - 0:12:16 - Running average train loss is 0.6912743496894836 at epoch 276
INFO - 01/12/26 17:34:24 - 0:12:16 - At 277-th epoch with lr 0.000760.
INFO - 01/12/26 17:34:27 - 0:12:18 - Running average train loss is 0.6904550647735596 at epoch 277
INFO - 01/12/26 17:34:27 - 0:12:18 - At 278-th epoch with lr 0.000759.
INFO - 01/12/26 17:34:29 - 0:12:21 - Running average train loss is 0.6904692935943604 at epoch 278
INFO - 01/12/26 17:34:29 - 0:12:21 - At 279-th epoch with lr 0.000757.
INFO - 01/12/26 17:34:32 - 0:12:23 - Running average train loss is 0.6907434463500977 at epoch 279
INFO - 01/12/26 17:34:32 - 0:12:23 - At 280-th epoch with lr 0.000756.
INFO - 01/12/26 17:34:34 - 0:12:26 - Running average train loss is 0.6899004101753234 at epoch 280
INFO - 01/12/26 17:34:34 - 0:12:26 - At 281-th epoch with lr 0.000755.
INFO - 01/12/26 17:34:37 - 0:12:28 - Running average train loss is 0.689975712299347 at epoch 281
INFO - 01/12/26 17:34:37 - 0:12:28 - At 282-th epoch with lr 0.000753.
INFO - 01/12/26 17:34:39 - 0:12:31 - Running average train loss is 0.6900285696983337 at epoch 282
INFO - 01/12/26 17:34:39 - 0:12:31 - At 283-th epoch with lr 0.000752.
INFO - 01/12/26 17:34:42 - 0:12:34 - Running average train loss is 0.6892573285102844 at epoch 283
INFO - 01/12/26 17:34:42 - 0:12:34 - At 284-th epoch with lr 0.000751.
INFO - 01/12/26 17:34:44 - 0:12:36 - Running average train loss is 0.6905591177940369 at epoch 284
INFO - 01/12/26 17:34:44 - 0:12:36 - At 285-th epoch with lr 0.000749.
INFO - 01/12/26 17:34:47 - 0:12:39 - Running average train loss is 0.6905199003219604 at epoch 285
INFO - 01/12/26 17:34:47 - 0:12:39 - At 286-th epoch with lr 0.000748.
INFO - 01/12/26 17:34:50 - 0:12:41 - Running average train loss is 0.6900480556488037 at epoch 286
INFO - 01/12/26 17:34:50 - 0:12:41 - At 287-th epoch with lr 0.000747.
INFO - 01/12/26 17:34:52 - 0:12:44 - Running average train loss is 0.6901205515861512 at epoch 287
INFO - 01/12/26 17:34:52 - 0:12:44 - At 288-th epoch with lr 0.000745.
INFO - 01/12/26 17:34:55 - 0:12:46 - Running average train loss is 0.6912608504295349 at epoch 288
INFO - 01/12/26 17:34:55 - 0:12:46 - Average dev loss is 0.7659356395403544 at epoch 288
INFO - 01/12/26 17:34:55 - 0:12:47 - dev accuracy is 87.6 at epoch 288
INFO - 01/12/26 17:34:55 - 0:12:47 - dev average edit distance is 0.477 at epoch 288
INFO - 01/12/26 17:34:55 - 0:12:47 - At 289-th epoch with lr 0.000744.
INFO - 01/12/26 17:34:58 - 0:12:50 - Running average train loss is 0.6894455909729004 at epoch 289
INFO - 01/12/26 17:34:58 - 0:12:50 - At 290-th epoch with lr 0.000743.
INFO - 01/12/26 17:35:01 - 0:12:52 - Running average train loss is 0.6903443455696106 at epoch 290
INFO - 01/12/26 17:35:01 - 0:12:52 - At 291-th epoch with lr 0.000742.
INFO - 01/12/26 17:35:03 - 0:12:55 - Running average train loss is 0.6902366733551025 at epoch 291
INFO - 01/12/26 17:35:03 - 0:12:55 - At 292-th epoch with lr 0.000740.
INFO - 01/12/26 17:35:06 - 0:12:57 - Running average train loss is 0.6896087861061097 at epoch 292
INFO - 01/12/26 17:35:06 - 0:12:57 - At 293-th epoch with lr 0.000739.
INFO - 01/12/26 17:35:08 - 0:13:00 - Running average train loss is 0.6894758558273315 at epoch 293
INFO - 01/12/26 17:35:08 - 0:13:00 - At 294-th epoch with lr 0.000738.
INFO - 01/12/26 17:35:11 - 0:13:03 - Running average train loss is 0.6900815892219544 at epoch 294
INFO - 01/12/26 17:35:11 - 0:13:03 - At 295-th epoch with lr 0.000736.
INFO - 01/12/26 17:35:13 - 0:13:05 - Running average train loss is 0.6901548552513123 at epoch 295
INFO - 01/12/26 17:35:13 - 0:13:05 - At 296-th epoch with lr 0.000735.
INFO - 01/12/26 17:35:16 - 0:13:08 - Running average train loss is 0.6891923141479492 at epoch 296
INFO - 01/12/26 17:35:16 - 0:13:08 - At 297-th epoch with lr 0.000734.
INFO - 01/12/26 17:35:18 - 0:13:10 - Running average train loss is 0.6887574052810669 at epoch 297
INFO - 01/12/26 17:35:18 - 0:13:10 - At 298-th epoch with lr 0.000733.
INFO - 01/12/26 17:35:21 - 0:13:13 - Running average train loss is 0.6881844067573547 at epoch 298
INFO - 01/12/26 17:35:21 - 0:13:13 - At 299-th epoch with lr 0.000732.
INFO - 01/12/26 17:35:24 - 0:13:15 - Running average train loss is 0.6898294663429261 at epoch 299
INFO - 01/12/26 17:35:24 - 0:13:15 - At 300-th epoch with lr 0.000730.
INFO - 01/12/26 17:35:26 - 0:13:18 - Running average train loss is 0.6891642379760742 at epoch 300
INFO - 01/12/26 17:35:26 - 0:13:18 - At 301-th epoch with lr 0.000729.
INFO - 01/12/26 17:35:29 - 0:13:20 - Running average train loss is 0.6889052319526673 at epoch 301
INFO - 01/12/26 17:35:29 - 0:13:20 - At 302-th epoch with lr 0.000728.
INFO - 01/12/26 17:35:31 - 0:13:23 - Running average train loss is 0.6893006706237793 at epoch 302
INFO - 01/12/26 17:35:31 - 0:13:23 - At 303-th epoch with lr 0.000727.
INFO - 01/12/26 17:35:34 - 0:13:25 - Running average train loss is 0.6891512870788574 at epoch 303
INFO - 01/12/26 17:35:34 - 0:13:25 - At 304-th epoch with lr 0.000725.
INFO - 01/12/26 17:35:36 - 0:13:28 - Running average train loss is 0.6890647411346436 at epoch 304
INFO - 01/12/26 17:35:36 - 0:13:28 - Average dev loss is 0.7681808272997538 at epoch 304
INFO - 01/12/26 17:35:37 - 0:13:29 - dev accuracy is 86.8 at epoch 304
INFO - 01/12/26 17:35:37 - 0:13:29 - dev average edit distance is 0.478 at epoch 304
INFO - 01/12/26 17:35:37 - 0:13:29 - At 305-th epoch with lr 0.000724.
INFO - 01/12/26 17:35:40 - 0:13:31 - Running average train loss is 0.6884894847869873 at epoch 305
INFO - 01/12/26 17:35:40 - 0:13:31 - At 306-th epoch with lr 0.000723.
INFO - 01/12/26 17:35:42 - 0:13:34 - Running average train loss is 0.6888504815101624 at epoch 306
INFO - 01/12/26 17:35:42 - 0:13:34 - At 307-th epoch with lr 0.000722.
INFO - 01/12/26 17:35:45 - 0:13:37 - Running average train loss is 0.6881586861610413 at epoch 307
INFO - 01/12/26 17:35:45 - 0:13:37 - At 308-th epoch with lr 0.000721.
INFO - 01/12/26 17:35:48 - 0:13:39 - Running average train loss is 0.6893476128578186 at epoch 308
INFO - 01/12/26 17:35:48 - 0:13:39 - At 309-th epoch with lr 0.000720.
INFO - 01/12/26 17:35:50 - 0:13:42 - Running average train loss is 0.688941125869751 at epoch 309
INFO - 01/12/26 17:35:50 - 0:13:42 - At 310-th epoch with lr 0.000718.
INFO - 01/12/26 17:35:53 - 0:13:44 - Running average train loss is 0.6897044205665588 at epoch 310
INFO - 01/12/26 17:35:53 - 0:13:44 - At 311-th epoch with lr 0.000717.
INFO - 01/12/26 17:35:55 - 0:13:47 - Running average train loss is 0.6890581679344178 at epoch 311
INFO - 01/12/26 17:35:55 - 0:13:47 - At 312-th epoch with lr 0.000716.
INFO - 01/12/26 17:35:58 - 0:13:50 - Running average train loss is 0.6888996505737305 at epoch 312
INFO - 01/12/26 17:35:58 - 0:13:50 - At 313-th epoch with lr 0.000715.
INFO - 01/12/26 17:36:00 - 0:13:52 - Running average train loss is 0.6886071038246154 at epoch 313
INFO - 01/12/26 17:36:00 - 0:13:52 - At 314-th epoch with lr 0.000714.
INFO - 01/12/26 17:36:03 - 0:13:55 - Running average train loss is 0.6887726879119873 at epoch 314
INFO - 01/12/26 17:36:03 - 0:13:55 - At 315-th epoch with lr 0.000713.
INFO - 01/12/26 17:36:05 - 0:13:57 - Running average train loss is 0.6883552956581116 at epoch 315
INFO - 01/12/26 17:36:05 - 0:13:57 - At 316-th epoch with lr 0.000712.
INFO - 01/12/26 17:36:08 - 0:14:00 - Running average train loss is 0.6885167860984802 at epoch 316
INFO - 01/12/26 17:36:08 - 0:14:00 - At 317-th epoch with lr 0.000710.
INFO - 01/12/26 17:36:11 - 0:14:02 - Running average train loss is 0.6884917402267456 at epoch 317
INFO - 01/12/26 17:36:11 - 0:14:02 - At 318-th epoch with lr 0.000709.
INFO - 01/12/26 17:36:13 - 0:14:05 - Running average train loss is 0.6886876511573792 at epoch 318
INFO - 01/12/26 17:36:13 - 0:14:05 - At 319-th epoch with lr 0.000708.
INFO - 01/12/26 17:36:16 - 0:14:07 - Running average train loss is 0.6882236671447753 at epoch 319
INFO - 01/12/26 17:36:16 - 0:14:07 - At 320-th epoch with lr 0.000707.
INFO - 01/12/26 17:36:18 - 0:14:10 - Running average train loss is 0.6879398465156555 at epoch 320
INFO - 01/12/26 17:36:18 - 0:14:10 - Average dev loss is 0.7710345983505249 at epoch 320
INFO - 01/12/26 17:36:19 - 0:14:11 - dev accuracy is 87.1 at epoch 320
INFO - 01/12/26 17:36:19 - 0:14:11 - dev average edit distance is 0.454 at epoch 320
INFO - 01/12/26 17:36:19 - 0:14:11 - At 321-th epoch with lr 0.000706.
INFO - 01/12/26 17:36:22 - 0:14:13 - Running average train loss is 0.6881705069541931 at epoch 321
INFO - 01/12/26 17:36:22 - 0:14:13 - At 322-th epoch with lr 0.000705.
INFO - 01/12/26 17:36:24 - 0:14:16 - Running average train loss is 0.6886050820350647 at epoch 322
INFO - 01/12/26 17:36:24 - 0:14:16 - At 323-th epoch with lr 0.000704.
INFO - 01/12/26 17:36:27 - 0:14:19 - Running average train loss is 0.6882455563545227 at epoch 323
INFO - 01/12/26 17:36:27 - 0:14:19 - At 324-th epoch with lr 0.000703.
INFO - 01/12/26 17:36:29 - 0:14:21 - Running average train loss is 0.6885655236244201 at epoch 324
INFO - 01/12/26 17:36:29 - 0:14:21 - At 325-th epoch with lr 0.000702.
INFO - 01/12/26 17:36:32 - 0:14:24 - Running average train loss is 0.6880944752693177 at epoch 325
INFO - 01/12/26 17:36:32 - 0:14:24 - At 326-th epoch with lr 0.000701.
INFO - 01/12/26 17:36:34 - 0:14:26 - Running average train loss is 0.6881556224822998 at epoch 326
INFO - 01/12/26 17:36:34 - 0:14:26 - At 327-th epoch with lr 0.000699.
INFO - 01/12/26 17:36:37 - 0:14:29 - Running average train loss is 0.6872665667533875 at epoch 327
INFO - 01/12/26 17:36:37 - 0:14:29 - At 328-th epoch with lr 0.000698.
INFO - 01/12/26 17:36:40 - 0:14:31 - Running average train loss is 0.6872921800613403 at epoch 328
INFO - 01/12/26 17:36:40 - 0:14:31 - At 329-th epoch with lr 0.000697.
INFO - 01/12/26 17:36:42 - 0:14:34 - Running average train loss is 0.6879037237167358 at epoch 329
INFO - 01/12/26 17:36:42 - 0:14:34 - At 330-th epoch with lr 0.000696.
INFO - 01/12/26 17:36:45 - 0:14:37 - Running average train loss is 0.6885645794868469 at epoch 330
INFO - 01/12/26 17:36:45 - 0:14:37 - At 331-th epoch with lr 0.000695.
INFO - 01/12/26 17:36:47 - 0:14:39 - Running average train loss is 0.6882051420211792 at epoch 331
INFO - 01/12/26 17:36:47 - 0:14:39 - At 332-th epoch with lr 0.000694.
INFO - 01/12/26 17:36:50 - 0:14:42 - Running average train loss is 0.6881032180786133 at epoch 332
INFO - 01/12/26 17:36:50 - 0:14:42 - At 333-th epoch with lr 0.000693.
INFO - 01/12/26 17:36:52 - 0:14:44 - Running average train loss is 0.6866346073150634 at epoch 333
INFO - 01/12/26 17:36:52 - 0:14:44 - At 334-th epoch with lr 0.000692.
INFO - 01/12/26 17:36:55 - 0:14:47 - Running average train loss is 0.687872097492218 at epoch 334
INFO - 01/12/26 17:36:55 - 0:14:47 - At 335-th epoch with lr 0.000691.
INFO - 01/12/26 17:36:57 - 0:14:49 - Running average train loss is 0.6882903432846069 at epoch 335
INFO - 01/12/26 17:36:57 - 0:14:49 - At 336-th epoch with lr 0.000690.
INFO - 01/12/26 17:37:00 - 0:14:52 - Running average train loss is 0.6881938481330871 at epoch 336
INFO - 01/12/26 17:37:00 - 0:14:52 - Average dev loss is 0.7678478757540385 at epoch 336
INFO - 01/12/26 17:37:01 - 0:14:52 - dev accuracy is 86.6 at epoch 336
INFO - 01/12/26 17:37:01 - 0:14:52 - dev average edit distance is 0.449 at epoch 336
INFO - 01/12/26 17:37:01 - 0:14:53 - At 337-th epoch with lr 0.000689.
INFO - 01/12/26 17:37:03 - 0:14:55 - Running average train loss is 0.6875972747802734 at epoch 337
INFO - 01/12/26 17:37:03 - 0:14:55 - At 338-th epoch with lr 0.000688.
INFO - 01/12/26 17:37:06 - 0:14:58 - Running average train loss is 0.6882245349884033 at epoch 338
INFO - 01/12/26 17:37:06 - 0:14:58 - At 339-th epoch with lr 0.000687.
INFO - 01/12/26 17:37:09 - 0:15:00 - Running average train loss is 0.6878461265563964 at epoch 339
INFO - 01/12/26 17:37:09 - 0:15:00 - At 340-th epoch with lr 0.000686.
INFO - 01/12/26 17:37:11 - 0:15:03 - Running average train loss is 0.6877756309509278 at epoch 340
INFO - 01/12/26 17:37:11 - 0:15:03 - At 341-th epoch with lr 0.000685.
INFO - 01/12/26 17:37:14 - 0:15:05 - Running average train loss is 0.6874669790267944 at epoch 341
INFO - 01/12/26 17:37:14 - 0:15:05 - At 342-th epoch with lr 0.000684.
INFO - 01/12/26 17:37:16 - 0:15:08 - Running average train loss is 0.6878639912605286 at epoch 342
INFO - 01/12/26 17:37:16 - 0:15:08 - At 343-th epoch with lr 0.000683.
INFO - 01/12/26 17:37:19 - 0:15:10 - Running average train loss is 0.6883066534996033 at epoch 343
INFO - 01/12/26 17:37:19 - 0:15:10 - At 344-th epoch with lr 0.000682.
INFO - 01/12/26 17:37:21 - 0:15:13 - Running average train loss is 0.688509464263916 at epoch 344
INFO - 01/12/26 17:37:21 - 0:15:13 - At 345-th epoch with lr 0.000681.
INFO - 01/12/26 17:37:24 - 0:15:15 - Running average train loss is 0.6877879858016968 at epoch 345
INFO - 01/12/26 17:37:24 - 0:15:15 - At 346-th epoch with lr 0.000680.
INFO - 01/12/26 17:37:26 - 0:15:18 - Running average train loss is 0.6874465465545654 at epoch 346
INFO - 01/12/26 17:37:26 - 0:15:18 - At 347-th epoch with lr 0.000679.
INFO - 01/12/26 17:37:29 - 0:15:21 - Running average train loss is 0.687006344795227 at epoch 347
INFO - 01/12/26 17:37:29 - 0:15:21 - At 348-th epoch with lr 0.000678.
INFO - 01/12/26 17:37:31 - 0:15:23 - Running average train loss is 0.6875846314430237 at epoch 348
INFO - 01/12/26 17:37:31 - 0:15:23 - At 349-th epoch with lr 0.000677.
INFO - 01/12/26 17:37:34 - 0:15:26 - Running average train loss is 0.6878788089752197 at epoch 349
INFO - 01/12/26 17:37:34 - 0:15:26 - At 350-th epoch with lr 0.000676.
INFO - 01/12/26 17:37:37 - 0:15:28 - Running average train loss is 0.6880837798118591 at epoch 350
INFO - 01/12/26 17:37:37 - 0:15:28 - At 351-th epoch with lr 0.000675.
INFO - 01/12/26 17:37:39 - 0:15:31 - Running average train loss is 0.6875010251998901 at epoch 351
INFO - 01/12/26 17:37:39 - 0:15:31 - At 352-th epoch with lr 0.000674.
INFO - 01/12/26 17:37:42 - 0:15:33 - Running average train loss is 0.6880824327468872 at epoch 352
INFO - 01/12/26 17:37:42 - 0:15:33 - Average dev loss is 0.7713674108187357 at epoch 352
INFO - 01/12/26 17:37:42 - 0:15:34 - dev accuracy is 86.6 at epoch 352
INFO - 01/12/26 17:37:42 - 0:15:34 - dev average edit distance is 0.497 at epoch 352
INFO - 01/12/26 17:37:43 - 0:15:34 - At 353-th epoch with lr 0.000673.
INFO - 01/12/26 17:37:45 - 0:15:37 - Running average train loss is 0.687534773349762 at epoch 353
INFO - 01/12/26 17:37:45 - 0:15:37 - At 354-th epoch with lr 0.000672.
INFO - 01/12/26 17:37:48 - 0:15:39 - Running average train loss is 0.6878743481636047 at epoch 354
INFO - 01/12/26 17:37:48 - 0:15:39 - At 355-th epoch with lr 0.000671.
INFO - 01/12/26 17:37:50 - 0:15:42 - Running average train loss is 0.6869129157066345 at epoch 355
INFO - 01/12/26 17:37:50 - 0:15:42 - At 356-th epoch with lr 0.000670.
INFO - 01/12/26 17:37:53 - 0:15:44 - Running average train loss is 0.6875550770759582 at epoch 356
INFO - 01/12/26 17:37:53 - 0:15:44 - At 357-th epoch with lr 0.000669.
INFO - 01/12/26 17:37:55 - 0:15:47 - Running average train loss is 0.6866081047058106 at epoch 357
INFO - 01/12/26 17:37:55 - 0:15:47 - At 358-th epoch with lr 0.000669.
INFO - 01/12/26 17:37:58 - 0:15:50 - Running average train loss is 0.68751473903656 at epoch 358
INFO - 01/12/26 17:37:58 - 0:15:50 - At 359-th epoch with lr 0.000668.
INFO - 01/12/26 17:38:00 - 0:15:52 - Running average train loss is 0.6873209118843079 at epoch 359
INFO - 01/12/26 17:38:00 - 0:15:52 - At 360-th epoch with lr 0.000667.
INFO - 01/12/26 17:38:03 - 0:15:55 - Running average train loss is 0.6875418639183044 at epoch 360
INFO - 01/12/26 17:38:03 - 0:15:55 - At 361-th epoch with lr 0.000666.
INFO - 01/12/26 17:38:06 - 0:15:57 - Running average train loss is 0.6873675680160523 at epoch 361
INFO - 01/12/26 17:38:06 - 0:15:57 - At 362-th epoch with lr 0.000665.
INFO - 01/12/26 17:38:08 - 0:16:00 - Running average train loss is 0.6872112226486206 at epoch 362
INFO - 01/12/26 17:38:08 - 0:16:00 - At 363-th epoch with lr 0.000664.
INFO - 01/12/26 17:38:11 - 0:16:02 - Running average train loss is 0.6866597700119018 at epoch 363
INFO - 01/12/26 17:38:11 - 0:16:02 - At 364-th epoch with lr 0.000663.
INFO - 01/12/26 17:38:13 - 0:16:05 - Running average train loss is 0.687668526172638 at epoch 364
INFO - 01/12/26 17:38:13 - 0:16:05 - At 365-th epoch with lr 0.000662.
INFO - 01/12/26 17:38:16 - 0:16:07 - Running average train loss is 0.6878248596191406 at epoch 365
INFO - 01/12/26 17:38:16 - 0:16:07 - At 366-th epoch with lr 0.000661.
INFO - 01/12/26 17:38:18 - 0:16:10 - Running average train loss is 0.6868596005439759 at epoch 366
INFO - 01/12/26 17:38:18 - 0:16:10 - At 367-th epoch with lr 0.000660.
INFO - 01/12/26 17:38:21 - 0:16:13 - Running average train loss is 0.6869736385345458 at epoch 367
INFO - 01/12/26 17:38:21 - 0:16:13 - At 368-th epoch with lr 0.000659.
INFO - 01/12/26 17:38:23 - 0:16:15 - Running average train loss is 0.6866910934448243 at epoch 368
INFO - 01/12/26 17:38:23 - 0:16:15 - Average dev loss is 0.7713080843289694 at epoch 368
INFO - 01/12/26 17:38:24 - 0:16:16 - dev accuracy is 87.5 at epoch 368
INFO - 01/12/26 17:38:24 - 0:16:16 - dev average edit distance is 0.437 at epoch 368
INFO - 01/12/26 17:38:24 - 0:16:16 - At 369-th epoch with lr 0.000658.
INFO - 01/12/26 17:38:27 - 0:16:19 - Running average train loss is 0.687088496685028 at epoch 369
INFO - 01/12/26 17:38:27 - 0:16:19 - At 370-th epoch with lr 0.000658.
INFO - 01/12/26 17:38:29 - 0:16:21 - Running average train loss is 0.6876411485671997 at epoch 370
INFO - 01/12/26 17:38:29 - 0:16:21 - At 371-th epoch with lr 0.000657.
INFO - 01/12/26 17:38:32 - 0:16:24 - Running average train loss is 0.687638807296753 at epoch 371
INFO - 01/12/26 17:38:32 - 0:16:24 - At 372-th epoch with lr 0.000656.
INFO - 01/12/26 17:38:35 - 0:16:26 - Running average train loss is 0.687004177570343 at epoch 372
INFO - 01/12/26 17:38:35 - 0:16:26 - At 373-th epoch with lr 0.000655.
INFO - 01/12/26 17:38:37 - 0:16:29 - Running average train loss is 0.6872109150886536 at epoch 373
INFO - 01/12/26 17:38:37 - 0:16:29 - At 374-th epoch with lr 0.000654.
INFO - 01/12/26 17:38:40 - 0:16:31 - Running average train loss is 0.6869913339614868 at epoch 374
INFO - 01/12/26 17:38:40 - 0:16:31 - At 375-th epoch with lr 0.000653.
INFO - 01/12/26 17:38:42 - 0:16:34 - Running average train loss is 0.6869562888145446 at epoch 375
INFO - 01/12/26 17:38:42 - 0:16:34 - At 376-th epoch with lr 0.000652.
INFO - 01/12/26 17:38:45 - 0:16:37 - Running average train loss is 0.6868447041511536 at epoch 376
INFO - 01/12/26 17:38:45 - 0:16:37 - At 377-th epoch with lr 0.000651.
INFO - 01/12/26 17:38:47 - 0:16:39 - Running average train loss is 0.6866878032684326 at epoch 377
INFO - 01/12/26 17:38:47 - 0:16:39 - At 378-th epoch with lr 0.000651.
INFO - 01/12/26 17:38:50 - 0:16:42 - Running average train loss is 0.6870005416870117 at epoch 378
INFO - 01/12/26 17:38:50 - 0:16:42 - At 379-th epoch with lr 0.000650.
INFO - 01/12/26 17:38:52 - 0:16:44 - Running average train loss is 0.6875470185279846 at epoch 379
INFO - 01/12/26 17:38:52 - 0:16:44 - At 380-th epoch with lr 0.000649.
INFO - 01/12/26 17:38:55 - 0:16:47 - Running average train loss is 0.6875615763664246 at epoch 380
INFO - 01/12/26 17:38:55 - 0:16:47 - At 381-th epoch with lr 0.000648.
INFO - 01/12/26 17:38:57 - 0:16:49 - Running average train loss is 0.6863881182670594 at epoch 381
INFO - 01/12/26 17:38:57 - 0:16:49 - At 382-th epoch with lr 0.000647.
INFO - 01/12/26 17:39:00 - 0:16:52 - Running average train loss is 0.6866664409637451 at epoch 382
INFO - 01/12/26 17:39:00 - 0:16:52 - At 383-th epoch with lr 0.000646.
INFO - 01/12/26 17:39:03 - 0:16:54 - Running average train loss is 0.6868740606307984 at epoch 383
INFO - 01/12/26 17:39:03 - 0:16:54 - At 384-th epoch with lr 0.000645.
INFO - 01/12/26 17:39:05 - 0:16:57 - Running average train loss is 0.686335277557373 at epoch 384
INFO - 01/12/26 17:39:05 - 0:16:57 - Average dev loss is 0.7783524791399637 at epoch 384
INFO - 01/12/26 17:39:06 - 0:16:58 - dev accuracy is 86.4 at epoch 384
INFO - 01/12/26 17:39:06 - 0:16:58 - dev average edit distance is 0.53 at epoch 384
INFO - 01/12/26 17:39:06 - 0:16:58 - At 385-th epoch with lr 0.000645.
INFO - 01/12/26 17:39:09 - 0:17:00 - Running average train loss is 0.6869928169250489 at epoch 385
INFO - 01/12/26 17:39:09 - 0:17:00 - At 386-th epoch with lr 0.000644.
INFO - 01/12/26 17:39:11 - 0:17:03 - Running average train loss is 0.6866454410552979 at epoch 386
INFO - 01/12/26 17:39:11 - 0:17:03 - At 387-th epoch with lr 0.000643.
INFO - 01/12/26 17:39:14 - 0:17:05 - Running average train loss is 0.6864283943176269 at epoch 387
INFO - 01/12/26 17:39:14 - 0:17:05 - At 388-th epoch with lr 0.000642.
INFO - 01/12/26 17:39:16 - 0:17:08 - Running average train loss is 0.6863400053977966 at epoch 388
INFO - 01/12/26 17:39:16 - 0:17:08 - At 389-th epoch with lr 0.000641.
INFO - 01/12/26 17:39:19 - 0:17:10 - Running average train loss is 0.6867196774482727 at epoch 389
INFO - 01/12/26 17:39:19 - 0:17:10 - At 390-th epoch with lr 0.000641.
INFO - 01/12/26 17:39:21 - 0:17:13 - Running average train loss is 0.6865727472305297 at epoch 390
INFO - 01/12/26 17:39:21 - 0:17:13 - At 391-th epoch with lr 0.000640.
INFO - 01/12/26 17:39:24 - 0:17:16 - Running average train loss is 0.6867923855781555 at epoch 391
INFO - 01/12/26 17:39:24 - 0:17:16 - At 392-th epoch with lr 0.000639.
INFO - 01/12/26 17:39:26 - 0:17:18 - Running average train loss is 0.6866554069519043 at epoch 392
INFO - 01/12/26 17:39:26 - 0:17:18 - At 393-th epoch with lr 0.000638.
INFO - 01/12/26 17:39:29 - 0:17:21 - Running average train loss is 0.6862222361564636 at epoch 393
INFO - 01/12/26 17:39:29 - 0:17:21 - At 394-th epoch with lr 0.000637.
INFO - 01/12/26 17:39:32 - 0:17:23 - Running average train loss is 0.6860505843162537 at epoch 394
INFO - 01/12/26 17:39:32 - 0:17:23 - At 395-th epoch with lr 0.000636.
INFO - 01/12/26 17:39:34 - 0:17:26 - Running average train loss is 0.6864963459968567 at epoch 395
INFO - 01/12/26 17:39:34 - 0:17:26 - At 396-th epoch with lr 0.000636.
INFO - 01/12/26 17:39:37 - 0:17:28 - Running average train loss is 0.685773561000824 at epoch 396
INFO - 01/12/26 17:39:37 - 0:17:28 - At 397-th epoch with lr 0.000635.
INFO - 01/12/26 17:39:39 - 0:17:31 - Running average train loss is 0.6865768432617188 at epoch 397
INFO - 01/12/26 17:39:39 - 0:17:31 - At 398-th epoch with lr 0.000634.
INFO - 01/12/26 17:39:42 - 0:17:33 - Running average train loss is 0.686114490032196 at epoch 398
INFO - 01/12/26 17:39:42 - 0:17:33 - At 399-th epoch with lr 0.000633.
INFO - 01/12/26 17:39:44 - 0:17:36 - Running average train loss is 0.6867837858200073 at epoch 399
INFO - 01/12/26 17:39:44 - 0:17:36 - At 400-th epoch with lr 0.000632.
INFO - 01/12/26 17:39:47 - 0:17:38 - Running average train loss is 0.6865490937232971 at epoch 400
INFO - 01/12/26 17:39:47 - 0:17:39 - Average dev loss is 0.7736326257387797 at epoch 400
INFO - 01/12/26 17:39:48 - 0:17:39 - dev accuracy is 87.4 at epoch 400
INFO - 01/12/26 17:39:48 - 0:17:39 - dev average edit distance is 0.479 at epoch 400
INFO - 01/12/26 17:39:48 - 0:17:39 - At 401-th epoch with lr 0.000632.
INFO - 01/12/26 17:39:50 - 0:17:42 - Running average train loss is 0.6863806796073914 at epoch 401
INFO - 01/12/26 17:39:50 - 0:17:42 - At 402-th epoch with lr 0.000631.
INFO - 01/12/26 17:39:53 - 0:17:44 - Running average train loss is 0.6867576313018798 at epoch 402
INFO - 01/12/26 17:39:53 - 0:17:44 - At 403-th epoch with lr 0.000630.
INFO - 01/12/26 17:39:55 - 0:17:47 - Running average train loss is 0.6869227576255799 at epoch 403
INFO - 01/12/26 17:39:55 - 0:17:47 - At 404-th epoch with lr 0.000629.
INFO - 01/12/26 17:39:58 - 0:17:50 - Running average train loss is 0.6861776614189148 at epoch 404
INFO - 01/12/26 17:39:58 - 0:17:50 - At 405-th epoch with lr 0.000629.
INFO - 01/12/26 17:40:00 - 0:17:52 - Running average train loss is 0.6864277648925782 at epoch 405
INFO - 01/12/26 17:40:00 - 0:17:52 - At 406-th epoch with lr 0.000628.
INFO - 01/12/26 17:40:03 - 0:17:55 - Running average train loss is 0.6860133123397827 at epoch 406
INFO - 01/12/26 17:40:03 - 0:17:55 - At 407-th epoch with lr 0.000627.
INFO - 01/12/26 17:40:06 - 0:17:57 - Running average train loss is 0.6858211612701416 at epoch 407
INFO - 01/12/26 17:40:06 - 0:17:57 - At 408-th epoch with lr 0.000626.
INFO - 01/12/26 17:40:08 - 0:18:00 - Running average train loss is 0.6854693293571472 at epoch 408
INFO - 01/12/26 17:40:08 - 0:18:00 - At 409-th epoch with lr 0.000625.
INFO - 01/12/26 17:40:11 - 0:18:02 - Running average train loss is 0.685963294506073 at epoch 409
INFO - 01/12/26 17:40:11 - 0:18:02 - At 410-th epoch with lr 0.000625.
INFO - 01/12/26 17:40:13 - 0:18:05 - Running average train loss is 0.6871910548210144 at epoch 410
INFO - 01/12/26 17:40:13 - 0:18:05 - At 411-th epoch with lr 0.000624.
INFO - 01/12/26 17:40:16 - 0:18:07 - Running average train loss is 0.6856843781471252 at epoch 411
INFO - 01/12/26 17:40:16 - 0:18:07 - At 412-th epoch with lr 0.000623.
INFO - 01/12/26 17:40:18 - 0:18:10 - Running average train loss is 0.6858968019485474 at epoch 412
INFO - 01/12/26 17:40:18 - 0:18:10 - At 413-th epoch with lr 0.000622.
INFO - 01/12/26 17:40:21 - 0:18:12 - Running average train loss is 0.6862958574295044 at epoch 413
INFO - 01/12/26 17:40:21 - 0:18:12 - At 414-th epoch with lr 0.000622.
INFO - 01/12/26 17:40:23 - 0:18:15 - Running average train loss is 0.6863854241371155 at epoch 414
INFO - 01/12/26 17:40:23 - 0:18:15 - At 415-th epoch with lr 0.000621.
INFO - 01/12/26 17:40:26 - 0:18:17 - Running average train loss is 0.6859604930877685 at epoch 415
INFO - 01/12/26 17:40:26 - 0:18:17 - At 416-th epoch with lr 0.000620.
INFO - 01/12/26 17:40:28 - 0:18:20 - Running average train loss is 0.6861404657363892 at epoch 416
INFO - 01/12/26 17:40:28 - 0:18:20 - Average dev loss is 0.7738513946533203 at epoch 416
INFO - 01/12/26 17:40:29 - 0:18:21 - dev accuracy is 88.1 at epoch 416
INFO - 01/12/26 17:40:29 - 0:18:21 - dev average edit distance is 0.474 at epoch 416
INFO - 01/12/26 17:40:29 - 0:18:21 - At 417-th epoch with lr 0.000619.
INFO - 01/12/26 17:40:32 - 0:18:23 - Running average train loss is 0.6862193274497986 at epoch 417
INFO - 01/12/26 17:40:32 - 0:18:23 - At 418-th epoch with lr 0.000619.
INFO - 01/12/26 17:40:34 - 0:18:26 - Running average train loss is 0.6867034292221069 at epoch 418
INFO - 01/12/26 17:40:34 - 0:18:26 - At 419-th epoch with lr 0.000618.
INFO - 01/12/26 17:40:37 - 0:18:28 - Running average train loss is 0.6859805059432983 at epoch 419
INFO - 01/12/26 17:40:37 - 0:18:28 - At 420-th epoch with lr 0.000617.
INFO - 01/12/26 17:40:39 - 0:18:31 - Running average train loss is 0.6854306507110596 at epoch 420
INFO - 01/12/26 17:40:39 - 0:18:31 - At 421-th epoch with lr 0.000616.
INFO - 01/12/26 17:40:42 - 0:18:34 - Running average train loss is 0.6857512092590332 at epoch 421
INFO - 01/12/26 17:40:42 - 0:18:34 - At 422-th epoch with lr 0.000616.
INFO - 01/12/26 17:40:44 - 0:18:36 - Running average train loss is 0.6863627767562867 at epoch 422
INFO - 01/12/26 17:40:44 - 0:18:36 - At 423-th epoch with lr 0.000615.
INFO - 01/12/26 17:40:47 - 0:18:39 - Running average train loss is 0.6862327075004577 at epoch 423
INFO - 01/12/26 17:40:47 - 0:18:39 - At 424-th epoch with lr 0.000614.
INFO - 01/12/26 17:40:50 - 0:18:41 - Running average train loss is 0.687329511642456 at epoch 424
INFO - 01/12/26 17:40:50 - 0:18:41 - At 425-th epoch with lr 0.000614.
INFO - 01/12/26 17:40:52 - 0:18:44 - Running average train loss is 0.6868902325630188 at epoch 425
INFO - 01/12/26 17:40:52 - 0:18:44 - At 426-th epoch with lr 0.000613.
INFO - 01/12/26 17:40:55 - 0:18:46 - Running average train loss is 0.6861214566230774 at epoch 426
INFO - 01/12/26 17:40:55 - 0:18:46 - At 427-th epoch with lr 0.000612.
INFO - 01/12/26 17:40:57 - 0:18:49 - Running average train loss is 0.6862687826156616 at epoch 427
INFO - 01/12/26 17:40:57 - 0:18:49 - At 428-th epoch with lr 0.000611.
INFO - 01/12/26 17:41:00 - 0:18:51 - Running average train loss is 0.6853481698036193 at epoch 428
INFO - 01/12/26 17:41:00 - 0:18:51 - At 429-th epoch with lr 0.000611.
INFO - 01/12/26 17:41:02 - 0:18:54 - Running average train loss is 0.6856059098243713 at epoch 429
INFO - 01/12/26 17:41:02 - 0:18:54 - At 430-th epoch with lr 0.000610.
INFO - 01/12/26 17:41:05 - 0:18:57 - Running average train loss is 0.6861375617980957 at epoch 430
INFO - 01/12/26 17:41:05 - 0:18:57 - At 431-th epoch with lr 0.000609.
INFO - 01/12/26 17:41:07 - 0:18:59 - Running average train loss is 0.6857218289375305 at epoch 431
INFO - 01/12/26 17:41:07 - 0:18:59 - At 432-th epoch with lr 0.000609.
INFO - 01/12/26 17:41:10 - 0:19:02 - Running average train loss is 0.6865605545043946 at epoch 432
INFO - 01/12/26 17:41:10 - 0:19:02 - Average dev loss is 0.7691501577695211 at epoch 432
INFO - 01/12/26 17:41:11 - 0:19:03 - dev accuracy is 86.8 at epoch 432
INFO - 01/12/26 17:41:11 - 0:19:03 - dev average edit distance is 0.5 at epoch 432
INFO - 01/12/26 17:41:11 - 0:19:03 - At 433-th epoch with lr 0.000608.
INFO - 01/12/26 17:41:13 - 0:19:05 - Running average train loss is 0.6861490201950073 at epoch 433
INFO - 01/12/26 17:41:13 - 0:19:05 - At 434-th epoch with lr 0.000607.
INFO - 01/12/26 17:41:16 - 0:19:08 - Running average train loss is 0.685335910320282 at epoch 434
INFO - 01/12/26 17:41:16 - 0:19:08 - At 435-th epoch with lr 0.000606.
INFO - 01/12/26 17:41:18 - 0:19:10 - Running average train loss is 0.6848711585998535 at epoch 435
INFO - 01/12/26 17:41:18 - 0:19:10 - At 436-th epoch with lr 0.000606.
INFO - 01/12/26 17:41:21 - 0:19:13 - Running average train loss is 0.6858934140205384 at epoch 436
INFO - 01/12/26 17:41:21 - 0:19:13 - At 437-th epoch with lr 0.000605.
INFO - 01/12/26 17:41:24 - 0:19:15 - Running average train loss is 0.6856093192100525 at epoch 437
INFO - 01/12/26 17:41:24 - 0:19:15 - At 438-th epoch with lr 0.000604.
INFO - 01/12/26 17:41:26 - 0:19:18 - Running average train loss is 0.6853088688850403 at epoch 438
INFO - 01/12/26 17:41:26 - 0:19:18 - At 439-th epoch with lr 0.000604.
INFO - 01/12/26 17:41:29 - 0:19:20 - Running average train loss is 0.685987274646759 at epoch 439
INFO - 01/12/26 17:41:29 - 0:19:20 - At 440-th epoch with lr 0.000603.
INFO - 01/12/26 17:41:31 - 0:19:23 - Running average train loss is 0.6854344034194946 at epoch 440
INFO - 01/12/26 17:41:31 - 0:19:23 - At 441-th epoch with lr 0.000602.
INFO - 01/12/26 17:41:34 - 0:19:25 - Running average train loss is 0.6851406383514405 at epoch 441
INFO - 01/12/26 17:41:34 - 0:19:25 - At 442-th epoch with lr 0.000602.
INFO - 01/12/26 17:41:36 - 0:19:28 - Running average train loss is 0.6851973390579223 at epoch 442
INFO - 01/12/26 17:41:36 - 0:19:28 - At 443-th epoch with lr 0.000601.
INFO - 01/12/26 17:41:39 - 0:19:30 - Running average train loss is 0.6856355714797974 at epoch 443
INFO - 01/12/26 17:41:39 - 0:19:30 - At 444-th epoch with lr 0.000600.
INFO - 01/12/26 17:41:41 - 0:19:33 - Running average train loss is 0.6858397507667542 at epoch 444
INFO - 01/12/26 17:41:41 - 0:19:33 - At 445-th epoch with lr 0.000600.
INFO - 01/12/26 17:41:44 - 0:19:36 - Running average train loss is 0.6855379843711853 at epoch 445
INFO - 01/12/26 17:41:44 - 0:19:36 - At 446-th epoch with lr 0.000599.
INFO - 01/12/26 17:41:46 - 0:19:38 - Running average train loss is 0.6858083581924439 at epoch 446
INFO - 01/12/26 17:41:46 - 0:19:38 - At 447-th epoch with lr 0.000598.
INFO - 01/12/26 17:41:49 - 0:19:41 - Running average train loss is 0.6859332871437073 at epoch 447
INFO - 01/12/26 17:41:49 - 0:19:41 - At 448-th epoch with lr 0.000598.
INFO - 01/12/26 17:41:51 - 0:19:43 - Running average train loss is 0.6857092642784118 at epoch 448
INFO - 01/12/26 17:41:52 - 0:19:43 - Average dev loss is 0.7637920180956522 at epoch 448
INFO - 01/12/26 17:41:52 - 0:19:44 - dev accuracy is 89.9 at epoch 448
INFO - 01/12/26 17:41:52 - 0:19:44 - dev average edit distance is 0.426 at epoch 448
INFO - 01/12/26 17:41:52 - 0:19:44 - At 449-th epoch with lr 0.000597.
INFO - 01/12/26 17:41:55 - 0:19:47 - Running average train loss is 0.6848847556114197 at epoch 449
INFO - 01/12/26 17:41:55 - 0:19:47 - At 450-th epoch with lr 0.000596.
INFO - 01/12/26 17:41:57 - 0:19:49 - Running average train loss is 0.6853019094467163 at epoch 450
INFO - 01/12/26 17:41:57 - 0:19:49 - At 451-th epoch with lr 0.000596.
INFO - 01/12/26 17:42:00 - 0:19:52 - Running average train loss is 0.6855653738975525 at epoch 451
INFO - 01/12/26 17:42:00 - 0:19:52 - At 452-th epoch with lr 0.000595.
INFO - 01/12/26 17:42:03 - 0:19:54 - Running average train loss is 0.6851236772537231 at epoch 452
INFO - 01/12/26 17:42:03 - 0:19:54 - At 453-th epoch with lr 0.000594.
INFO - 01/12/26 17:42:05 - 0:19:57 - Running average train loss is 0.6852078294754028 at epoch 453
INFO - 01/12/26 17:42:05 - 0:19:57 - At 454-th epoch with lr 0.000594.
INFO - 01/12/26 17:42:08 - 0:19:59 - Running average train loss is 0.6859954953193664 at epoch 454
INFO - 01/12/26 17:42:08 - 0:19:59 - At 455-th epoch with lr 0.000593.
INFO - 01/12/26 17:42:10 - 0:20:02 - Running average train loss is 0.6852047610282898 at epoch 455
INFO - 01/12/26 17:42:10 - 0:20:02 - At 456-th epoch with lr 0.000592.
INFO - 01/12/26 17:42:13 - 0:20:04 - Running average train loss is 0.6860223770141601 at epoch 456
INFO - 01/12/26 17:42:13 - 0:20:04 - At 457-th epoch with lr 0.000592.
INFO - 01/12/26 17:42:15 - 0:20:07 - Running average train loss is 0.6857348275184632 at epoch 457
INFO - 01/12/26 17:42:15 - 0:20:07 - At 458-th epoch with lr 0.000591.
INFO - 01/12/26 17:42:18 - 0:20:10 - Running average train loss is 0.6855844926834106 at epoch 458
INFO - 01/12/26 17:42:18 - 0:20:10 - At 459-th epoch with lr 0.000590.
INFO - 01/12/26 17:42:20 - 0:20:12 - Running average train loss is 0.6855039191246033 at epoch 459
INFO - 01/12/26 17:42:20 - 0:20:12 - At 460-th epoch with lr 0.000590.
INFO - 01/12/26 17:42:23 - 0:20:15 - Running average train loss is 0.68523118019104 at epoch 460
INFO - 01/12/26 17:42:23 - 0:20:15 - At 461-th epoch with lr 0.000589.
INFO - 01/12/26 17:42:25 - 0:20:17 - Running average train loss is 0.68528728723526 at epoch 461
INFO - 01/12/26 17:42:25 - 0:20:17 - At 462-th epoch with lr 0.000588.
INFO - 01/12/26 17:42:28 - 0:20:20 - Running average train loss is 0.6852755522727967 at epoch 462
INFO - 01/12/26 17:42:28 - 0:20:20 - At 463-th epoch with lr 0.000588.
INFO - 01/12/26 17:42:30 - 0:20:22 - Running average train loss is 0.6861997747421265 at epoch 463
INFO - 01/12/26 17:42:30 - 0:20:22 - At 464-th epoch with lr 0.000587.
INFO - 01/12/26 17:42:33 - 0:20:25 - Running average train loss is 0.6856984567642211 at epoch 464
INFO - 01/12/26 17:42:33 - 0:20:25 - Average dev loss is 0.7697072227795919 at epoch 464
INFO - 01/12/26 17:42:34 - 0:20:26 - dev accuracy is 86.8 at epoch 464
INFO - 01/12/26 17:42:34 - 0:20:26 - dev average edit distance is 0.466 at epoch 464
INFO - 01/12/26 17:42:34 - 0:20:26 - At 465-th epoch with lr 0.000587.
INFO - 01/12/26 17:42:36 - 0:20:28 - Running average train loss is 0.6851920056343078 at epoch 465
INFO - 01/12/26 17:42:36 - 0:20:28 - At 466-th epoch with lr 0.000586.
INFO - 01/12/26 17:42:39 - 0:20:31 - Running average train loss is 0.6852857995033265 at epoch 466
INFO - 01/12/26 17:42:39 - 0:20:31 - At 467-th epoch with lr 0.000585.
INFO - 01/12/26 17:42:42 - 0:20:33 - Running average train loss is 0.6850325083732605 at epoch 467
INFO - 01/12/26 17:42:42 - 0:20:33 - At 468-th epoch with lr 0.000585.
INFO - 01/12/26 17:42:44 - 0:20:36 - Running average train loss is 0.6848220324516296 at epoch 468
INFO - 01/12/26 17:42:44 - 0:20:36 - At 469-th epoch with lr 0.000584.
INFO - 01/12/26 17:42:47 - 0:20:38 - Running average train loss is 0.684585599899292 at epoch 469
INFO - 01/12/26 17:42:47 - 0:20:38 - At 470-th epoch with lr 0.000583.
INFO - 01/12/26 17:42:49 - 0:20:41 - Running average train loss is 0.6853394722938537 at epoch 470
INFO - 01/12/26 17:42:49 - 0:20:41 - At 471-th epoch with lr 0.000583.
INFO - 01/12/26 17:42:52 - 0:20:43 - Running average train loss is 0.6851915287971496 at epoch 471
INFO - 01/12/26 17:42:52 - 0:20:43 - At 472-th epoch with lr 0.000582.
INFO - 01/12/26 17:42:54 - 0:20:46 - Running average train loss is 0.6850558829307556 at epoch 472
INFO - 01/12/26 17:42:54 - 0:20:46 - At 473-th epoch with lr 0.000582.
INFO - 01/12/26 17:42:57 - 0:20:49 - Running average train loss is 0.6847020936012268 at epoch 473
INFO - 01/12/26 17:42:57 - 0:20:49 - At 474-th epoch with lr 0.000581.
INFO - 01/12/26 17:42:59 - 0:20:51 - Running average train loss is 0.6849836182594299 at epoch 474
INFO - 01/12/26 17:42:59 - 0:20:51 - At 475-th epoch with lr 0.000580.
INFO - 01/12/26 17:43:02 - 0:20:54 - Running average train loss is 0.6852901887893676 at epoch 475
INFO - 01/12/26 17:43:02 - 0:20:54 - At 476-th epoch with lr 0.000580.
INFO - 01/12/26 17:43:04 - 0:20:56 - Running average train loss is 0.6849958968162536 at epoch 476
INFO - 01/12/26 17:43:04 - 0:20:56 - At 477-th epoch with lr 0.000579.
INFO - 01/12/26 17:43:07 - 0:20:59 - Running average train loss is 0.6849452829360962 at epoch 477
INFO - 01/12/26 17:43:07 - 0:20:59 - At 478-th epoch with lr 0.000579.
INFO - 01/12/26 17:43:10 - 0:21:01 - Running average train loss is 0.6850021171569824 at epoch 478
INFO - 01/12/26 17:43:10 - 0:21:01 - At 479-th epoch with lr 0.000578.
INFO - 01/12/26 17:43:12 - 0:21:04 - Running average train loss is 0.6849512791633606 at epoch 479
INFO - 01/12/26 17:43:12 - 0:21:04 - At 480-th epoch with lr 0.000577.
INFO - 01/12/26 17:43:15 - 0:21:06 - Running average train loss is 0.6853792238235473 at epoch 480
INFO - 01/12/26 17:43:15 - 0:21:06 - Average dev loss is 0.7707971533139547 at epoch 480
INFO - 01/12/26 17:43:15 - 0:21:07 - dev accuracy is 87.0 at epoch 480
INFO - 01/12/26 17:43:15 - 0:21:07 - dev average edit distance is 0.502 at epoch 480
INFO - 01/12/26 17:43:16 - 0:21:07 - At 481-th epoch with lr 0.000577.
INFO - 01/12/26 17:43:18 - 0:21:10 - Running average train loss is 0.6849122285842896 at epoch 481
INFO - 01/12/26 17:43:18 - 0:21:10 - At 482-th epoch with lr 0.000576.
INFO - 01/12/26 17:43:21 - 0:21:13 - Running average train loss is 0.6850053763389587 at epoch 482
INFO - 01/12/26 17:43:21 - 0:21:13 - At 483-th epoch with lr 0.000576.
INFO - 01/12/26 17:43:23 - 0:21:15 - Running average train loss is 0.6848654556274414 at epoch 483
INFO - 01/12/26 17:43:23 - 0:21:15 - At 484-th epoch with lr 0.000575.
INFO - 01/12/26 17:43:26 - 0:21:18 - Running average train loss is 0.6847967267036438 at epoch 484
INFO - 01/12/26 17:43:26 - 0:21:18 - At 485-th epoch with lr 0.000574.
INFO - 01/12/26 17:43:29 - 0:21:20 - Running average train loss is 0.6851311326026917 at epoch 485
INFO - 01/12/26 17:43:29 - 0:21:20 - At 486-th epoch with lr 0.000574.
INFO - 01/12/26 17:43:31 - 0:21:23 - Running average train loss is 0.685496289730072 at epoch 486
INFO - 01/12/26 17:43:31 - 0:21:23 - At 487-th epoch with lr 0.000573.
INFO - 01/12/26 17:43:34 - 0:21:25 - Running average train loss is 0.6848557114601135 at epoch 487
INFO - 01/12/26 17:43:34 - 0:21:25 - At 488-th epoch with lr 0.000573.
INFO - 01/12/26 17:43:36 - 0:21:28 - Running average train loss is 0.6846135115623474 at epoch 488
INFO - 01/12/26 17:43:36 - 0:21:28 - At 489-th epoch with lr 0.000572.
INFO - 01/12/26 17:43:39 - 0:21:30 - Running average train loss is 0.6840902376174927 at epoch 489
INFO - 01/12/26 17:43:39 - 0:21:30 - At 490-th epoch with lr 0.000571.
INFO - 01/12/26 17:43:41 - 0:21:33 - Running average train loss is 0.6843709015846252 at epoch 490
INFO - 01/12/26 17:43:41 - 0:21:33 - At 491-th epoch with lr 0.000571.
INFO - 01/12/26 17:43:44 - 0:21:36 - Running average train loss is 0.6848213267326355 at epoch 491
INFO - 01/12/26 17:43:44 - 0:21:36 - At 492-th epoch with lr 0.000570.
INFO - 01/12/26 17:43:46 - 0:21:38 - Running average train loss is 0.6849597311019897 at epoch 492
INFO - 01/12/26 17:43:46 - 0:21:38 - At 493-th epoch with lr 0.000570.
INFO - 01/12/26 17:43:49 - 0:21:41 - Running average train loss is 0.6849245429039001 at epoch 493
INFO - 01/12/26 17:43:49 - 0:21:41 - At 494-th epoch with lr 0.000569.
INFO - 01/12/26 17:43:52 - 0:21:43 - Running average train loss is 0.6852911996841431 at epoch 494
INFO - 01/12/26 17:43:52 - 0:21:43 - At 495-th epoch with lr 0.000569.
INFO - 01/12/26 17:43:54 - 0:21:46 - Running average train loss is 0.6855517172813416 at epoch 495
INFO - 01/12/26 17:43:54 - 0:21:46 - At 496-th epoch with lr 0.000568.
INFO - 01/12/26 17:43:57 - 0:21:48 - Running average train loss is 0.6845579242706299 at epoch 496
INFO - 01/12/26 17:43:57 - 0:21:48 - Average dev loss is 0.7717507481575012 at epoch 496
INFO - 01/12/26 17:43:57 - 0:21:49 - dev accuracy is 87.3 at epoch 496
INFO - 01/12/26 17:43:57 - 0:21:49 - dev average edit distance is 0.446 at epoch 496
INFO - 01/12/26 17:43:57 - 0:21:49 - At 497-th epoch with lr 0.000567.
INFO - 01/12/26 17:44:00 - 0:21:52 - Running average train loss is 0.6850544834136962 at epoch 497
INFO - 01/12/26 17:44:00 - 0:21:52 - At 498-th epoch with lr 0.000567.
INFO - 01/12/26 17:44:03 - 0:21:54 - Running average train loss is 0.6847154903411865 at epoch 498
INFO - 01/12/26 17:44:03 - 0:21:54 - At 499-th epoch with lr 0.000566.
INFO - 01/12/26 17:44:05 - 0:21:57 - Running average train loss is 0.6847020530700684 at epoch 499
INFO - 01/12/26 17:44:05 - 0:21:57 - At 500-th epoch with lr 0.000566.
INFO - 01/12/26 17:44:08 - 0:21:59 - Running average train loss is 0.684809091091156 at epoch 500
INFO - 01/12/26 17:44:08 - 0:21:59 - At 501-th epoch with lr 0.000565.
INFO - 01/12/26 17:44:10 - 0:22:02 - Running average train loss is 0.6851970219612121 at epoch 501
INFO - 01/12/26 17:44:10 - 0:22:02 - At 502-th epoch with lr 0.000565.
INFO - 01/12/26 17:44:13 - 0:22:04 - Running average train loss is 0.6855824565887452 at epoch 502
INFO - 01/12/26 17:44:13 - 0:22:04 - At 503-th epoch with lr 0.000564.
INFO - 01/12/26 17:44:15 - 0:22:07 - Running average train loss is 0.6848082137107849 at epoch 503
INFO - 01/12/26 17:44:15 - 0:22:07 - At 504-th epoch with lr 0.000563.
INFO - 01/12/26 17:44:18 - 0:22:10 - Running average train loss is 0.6843733382225037 at epoch 504
INFO - 01/12/26 17:44:18 - 0:22:10 - At 505-th epoch with lr 0.000563.
INFO - 01/12/26 17:44:20 - 0:22:12 - Running average train loss is 0.6846788454055787 at epoch 505
INFO - 01/12/26 17:44:20 - 0:22:12 - At 506-th epoch with lr 0.000562.
INFO - 01/12/26 17:44:23 - 0:22:15 - Running average train loss is 0.684288923740387 at epoch 506
INFO - 01/12/26 17:44:23 - 0:22:15 - At 507-th epoch with lr 0.000562.
INFO - 01/12/26 17:44:25 - 0:22:17 - Running average train loss is 0.6848775362968444 at epoch 507
INFO - 01/12/26 17:44:25 - 0:22:17 - At 508-th epoch with lr 0.000561.
INFO - 01/12/26 17:44:28 - 0:22:20 - Running average train loss is 0.6844271373748779 at epoch 508
INFO - 01/12/26 17:44:28 - 0:22:20 - At 509-th epoch with lr 0.000561.
INFO - 01/12/26 17:44:31 - 0:22:22 - Running average train loss is 0.6848232197761536 at epoch 509
INFO - 01/12/26 17:44:31 - 0:22:22 - At 510-th epoch with lr 0.000560.
INFO - 01/12/26 17:44:33 - 0:22:25 - Running average train loss is 0.6842579889297485 at epoch 510
INFO - 01/12/26 17:44:33 - 0:22:25 - At 511-th epoch with lr 0.000560.
INFO - 01/12/26 17:44:36 - 0:22:27 - Running average train loss is 0.6844340920448303 at epoch 511
INFO - 01/12/26 17:44:36 - 0:22:27 - At 512-th epoch with lr 0.000559.
INFO - 01/12/26 17:44:38 - 0:22:30 - Running average train loss is 0.6846046376228333 at epoch 512
INFO - 01/12/26 17:44:38 - 0:22:30 - Average dev loss is 0.766972025235494 at epoch 512
INFO - 01/12/26 17:44:39 - 0:22:31 - dev accuracy is 88.1 at epoch 512
INFO - 01/12/26 17:44:39 - 0:22:31 - dev average edit distance is 0.469 at epoch 512
INFO - 01/12/26 17:44:39 - 0:22:31 - At 513-th epoch with lr 0.000558.
INFO - 01/12/26 17:44:42 - 0:22:33 - Running average train loss is 0.6843962788581848 at epoch 513
INFO - 01/12/26 17:44:42 - 0:22:33 - At 514-th epoch with lr 0.000558.
INFO - 01/12/26 17:44:44 - 0:22:36 - Running average train loss is 0.6844310188293456 at epoch 514
INFO - 01/12/26 17:44:44 - 0:22:36 - At 515-th epoch with lr 0.000557.
INFO - 01/12/26 17:44:47 - 0:22:39 - Running average train loss is 0.6845537137985229 at epoch 515
INFO - 01/12/26 17:44:47 - 0:22:39 - At 516-th epoch with lr 0.000557.
INFO - 01/12/26 17:44:50 - 0:22:42 - Running average train loss is 0.6847945475578308 at epoch 516
INFO - 01/12/26 17:44:50 - 0:22:42 - At 517-th epoch with lr 0.000556.
INFO - 01/12/26 17:44:53 - 0:22:44 - Running average train loss is 0.6848554563522339 at epoch 517
INFO - 01/12/26 17:44:53 - 0:22:44 - At 518-th epoch with lr 0.000556.
INFO - 01/12/26 17:44:55 - 0:22:47 - Running average train loss is 0.6846407508850098 at epoch 518
INFO - 01/12/26 17:44:55 - 0:22:47 - At 519-th epoch with lr 0.000555.
INFO - 01/12/26 17:44:58 - 0:22:50 - Running average train loss is 0.6845278167724609 at epoch 519
INFO - 01/12/26 17:44:58 - 0:22:50 - At 520-th epoch with lr 0.000555.
INFO - 01/12/26 17:45:00 - 0:22:52 - Running average train loss is 0.6842435026168823 at epoch 520
INFO - 01/12/26 17:45:00 - 0:22:52 - At 521-th epoch with lr 0.000554.
INFO - 01/12/26 17:45:03 - 0:22:55 - Running average train loss is 0.6841682624816895 at epoch 521
INFO - 01/12/26 17:45:03 - 0:22:55 - At 522-th epoch with lr 0.000554.
INFO - 01/12/26 17:45:06 - 0:22:58 - Running average train loss is 0.6845680522918701 at epoch 522
INFO - 01/12/26 17:45:06 - 0:22:58 - At 523-th epoch with lr 0.000553.
INFO - 01/12/26 17:45:08 - 0:23:00 - Running average train loss is 0.6848177766799927 at epoch 523
INFO - 01/12/26 17:45:08 - 0:23:00 - At 524-th epoch with lr 0.000553.
INFO - 01/12/26 17:45:11 - 0:23:03 - Running average train loss is 0.6850688815116882 at epoch 524
INFO - 01/12/26 17:45:11 - 0:23:03 - At 525-th epoch with lr 0.000552.
INFO - 01/12/26 17:45:14 - 0:23:06 - Running average train loss is 0.6850005531311035 at epoch 525
INFO - 01/12/26 17:45:14 - 0:23:06 - At 526-th epoch with lr 0.000552.
INFO - 01/12/26 17:45:17 - 0:23:08 - Running average train loss is 0.6845870304107666 at epoch 526
INFO - 01/12/26 17:45:17 - 0:23:08 - At 527-th epoch with lr 0.000551.
INFO - 01/12/26 17:45:19 - 0:23:11 - Running average train loss is 0.6844443798065185 at epoch 527
INFO - 01/12/26 17:45:19 - 0:23:11 - At 528-th epoch with lr 0.000550.
INFO - 01/12/26 17:45:22 - 0:23:14 - Running average train loss is 0.6841867923736572 at epoch 528
INFO - 01/12/26 17:45:22 - 0:23:14 - Average dev loss is 0.7673079570134481 at epoch 528
INFO - 01/12/26 17:45:23 - 0:23:14 - dev accuracy is 86.6 at epoch 528
INFO - 01/12/26 17:45:23 - 0:23:14 - dev average edit distance is 0.435 at epoch 528
INFO - 01/12/26 17:45:23 - 0:23:14 - At 529-th epoch with lr 0.000550.
INFO - 01/12/26 17:45:25 - 0:23:17 - Running average train loss is 0.6844785642623902 at epoch 529
INFO - 01/12/26 17:45:25 - 0:23:17 - At 530-th epoch with lr 0.000549.
INFO - 01/12/26 17:45:28 - 0:23:20 - Running average train loss is 0.6846583223342896 at epoch 530
INFO - 01/12/26 17:45:28 - 0:23:20 - At 531-th epoch with lr 0.000549.
INFO - 01/12/26 17:45:31 - 0:23:22 - Running average train loss is 0.6844615197181702 at epoch 531
INFO - 01/12/26 17:45:31 - 0:23:22 - At 532-th epoch with lr 0.000548.
INFO - 01/12/26 17:45:33 - 0:23:25 - Running average train loss is 0.6850163340568542 at epoch 532
INFO - 01/12/26 17:45:33 - 0:23:25 - At 533-th epoch with lr 0.000548.
INFO - 01/12/26 17:45:36 - 0:23:28 - Running average train loss is 0.6844872522354126 at epoch 533
INFO - 01/12/26 17:45:36 - 0:23:28 - At 534-th epoch with lr 0.000547.
INFO - 01/12/26 17:45:39 - 0:23:30 - Running average train loss is 0.6844859552383423 at epoch 534
INFO - 01/12/26 17:45:39 - 0:23:30 - At 535-th epoch with lr 0.000547.
INFO - 01/12/26 17:45:41 - 0:23:33 - Running average train loss is 0.684381148815155 at epoch 535
INFO - 01/12/26 17:45:41 - 0:23:33 - At 536-th epoch with lr 0.000546.
INFO - 01/12/26 17:45:44 - 0:23:36 - Running average train loss is 0.6844976019859313 at epoch 536
INFO - 01/12/26 17:45:44 - 0:23:36 - At 537-th epoch with lr 0.000546.
INFO - 01/12/26 17:45:46 - 0:23:38 - Running average train loss is 0.6844830989837647 at epoch 537
INFO - 01/12/26 17:45:46 - 0:23:38 - At 538-th epoch with lr 0.000545.
INFO - 01/12/26 17:45:49 - 0:23:41 - Running average train loss is 0.6844976663589477 at epoch 538
INFO - 01/12/26 17:45:49 - 0:23:41 - At 539-th epoch with lr 0.000545.
INFO - 01/12/26 17:45:51 - 0:23:43 - Running average train loss is 0.6840672349929809 at epoch 539
INFO - 01/12/26 17:45:51 - 0:23:43 - At 540-th epoch with lr 0.000544.
INFO - 01/12/26 17:45:54 - 0:23:45 - Running average train loss is 0.6839668655395508 at epoch 540
INFO - 01/12/26 17:45:54 - 0:23:45 - At 541-th epoch with lr 0.000544.
INFO - 01/12/26 17:45:56 - 0:23:48 - Running average train loss is 0.6837256789207459 at epoch 541
INFO - 01/12/26 17:45:56 - 0:23:48 - At 542-th epoch with lr 0.000543.
INFO - 01/12/26 17:45:59 - 0:23:51 - Running average train loss is 0.6844487118721009 at epoch 542
INFO - 01/12/26 17:45:59 - 0:23:51 - At 543-th epoch with lr 0.000543.
INFO - 01/12/26 17:46:01 - 0:23:53 - Running average train loss is 0.6844253349304199 at epoch 543
INFO - 01/12/26 17:46:01 - 0:23:53 - At 544-th epoch with lr 0.000542.
INFO - 01/12/26 17:46:04 - 0:23:55 - Running average train loss is 0.6846533870697021 at epoch 544
INFO - 01/12/26 17:46:04 - 0:23:55 - Average dev loss is 0.7650320331255595 at epoch 544
INFO - 01/12/26 17:46:04 - 0:23:56 - dev accuracy is 87.6 at epoch 544
INFO - 01/12/26 17:46:04 - 0:23:56 - dev average edit distance is 0.484 at epoch 544
INFO - 01/12/26 17:46:05 - 0:23:56 - At 545-th epoch with lr 0.000542.
INFO - 01/12/26 17:46:07 - 0:23:59 - Running average train loss is 0.684265923500061 at epoch 545
INFO - 01/12/26 17:46:07 - 0:23:59 - At 546-th epoch with lr 0.000541.
INFO - 01/12/26 17:46:10 - 0:24:01 - Running average train loss is 0.6842946028709411 at epoch 546
INFO - 01/12/26 17:46:10 - 0:24:01 - At 547-th epoch with lr 0.000541.
INFO - 01/12/26 17:46:12 - 0:24:04 - Running average train loss is 0.6848906898498535 at epoch 547
INFO - 01/12/26 17:46:12 - 0:24:04 - At 548-th epoch with lr 0.000540.
INFO - 01/12/26 17:46:15 - 0:24:06 - Running average train loss is 0.6843331670761108 at epoch 548
INFO - 01/12/26 17:46:15 - 0:24:06 - At 549-th epoch with lr 0.000540.
INFO - 01/12/26 17:46:17 - 0:24:09 - Running average train loss is 0.6849221539497375 at epoch 549
INFO - 01/12/26 17:46:17 - 0:24:09 - At 550-th epoch with lr 0.000539.
INFO - 01/12/26 17:46:20 - 0:24:11 - Running average train loss is 0.6843096160888672 at epoch 550
INFO - 01/12/26 17:46:20 - 0:24:11 - At 551-th epoch with lr 0.000539.
INFO - 01/12/26 17:46:22 - 0:24:14 - Running average train loss is 0.6841082835197448 at epoch 551
INFO - 01/12/26 17:46:22 - 0:24:14 - At 552-th epoch with lr 0.000538.
INFO - 01/12/26 17:46:25 - 0:24:17 - Running average train loss is 0.6846343016624451 at epoch 552
INFO - 01/12/26 17:46:25 - 0:24:17 - At 553-th epoch with lr 0.000538.
INFO - 01/12/26 17:46:27 - 0:24:19 - Running average train loss is 0.6845506381988525 at epoch 553
INFO - 01/12/26 17:46:27 - 0:24:19 - At 554-th epoch with lr 0.000537.
INFO - 01/12/26 17:46:30 - 0:24:22 - Running average train loss is 0.6842100620269775 at epoch 554
INFO - 01/12/26 17:46:30 - 0:24:22 - At 555-th epoch with lr 0.000537.
INFO - 01/12/26 17:46:32 - 0:24:24 - Running average train loss is 0.6845114064216614 at epoch 555
INFO - 01/12/26 17:46:32 - 0:24:24 - At 556-th epoch with lr 0.000536.
INFO - 01/12/26 17:46:35 - 0:24:27 - Running average train loss is 0.6849289584159851 at epoch 556
INFO - 01/12/26 17:46:35 - 0:24:27 - At 557-th epoch with lr 0.000536.
INFO - 01/12/26 17:46:37 - 0:24:29 - Running average train loss is 0.6839772987365723 at epoch 557
INFO - 01/12/26 17:46:37 - 0:24:29 - At 558-th epoch with lr 0.000535.
INFO - 01/12/26 17:46:40 - 0:24:32 - Running average train loss is 0.6838753032684326 at epoch 558
INFO - 01/12/26 17:46:40 - 0:24:32 - At 559-th epoch with lr 0.000535.
INFO - 01/12/26 17:46:42 - 0:24:34 - Running average train loss is 0.6842359662055969 at epoch 559
INFO - 01/12/26 17:46:42 - 0:24:34 - At 560-th epoch with lr 0.000535.
INFO - 01/12/26 17:46:45 - 0:24:37 - Running average train loss is 0.6845391607284546 at epoch 560
INFO - 01/12/26 17:46:45 - 0:24:37 - Average dev loss is 0.7553842465082804 at epoch 560
INFO - 01/12/26 17:46:46 - 0:24:37 - dev accuracy is 88.6 at epoch 560
INFO - 01/12/26 17:46:46 - 0:24:37 - dev average edit distance is 0.433 at epoch 560
INFO - 01/12/26 17:46:46 - 0:24:38 - At 561-th epoch with lr 0.000534.
INFO - 01/12/26 17:46:48 - 0:24:40 - Running average train loss is 0.6841272211074829 at epoch 561
INFO - 01/12/26 17:46:48 - 0:24:40 - At 562-th epoch with lr 0.000534.
INFO - 01/12/26 17:46:51 - 0:24:43 - Running average train loss is 0.684638364315033 at epoch 562
INFO - 01/12/26 17:46:51 - 0:24:43 - At 563-th epoch with lr 0.000533.
INFO - 01/12/26 17:46:53 - 0:24:45 - Running average train loss is 0.6846551680564881 at epoch 563
INFO - 01/12/26 17:46:53 - 0:24:45 - At 564-th epoch with lr 0.000533.
INFO - 01/12/26 17:46:56 - 0:24:48 - Running average train loss is 0.6842557263374328 at epoch 564
INFO - 01/12/26 17:46:56 - 0:24:48 - At 565-th epoch with lr 0.000532.
INFO - 01/12/26 17:46:58 - 0:24:50 - Running average train loss is 0.6841071176528931 at epoch 565
INFO - 01/12/26 17:46:58 - 0:24:50 - At 566-th epoch with lr 0.000532.
INFO - 01/12/26 17:47:01 - 0:24:53 - Running average train loss is 0.6841035461425782 at epoch 566
INFO - 01/12/26 17:47:01 - 0:24:53 - At 567-th epoch with lr 0.000531.
INFO - 01/12/26 17:47:03 - 0:24:55 - Running average train loss is 0.6842826461791992 at epoch 567
INFO - 01/12/26 17:47:03 - 0:24:55 - At 568-th epoch with lr 0.000531.
INFO - 01/12/26 17:47:06 - 0:24:58 - Running average train loss is 0.6840294027328491 at epoch 568
INFO - 01/12/26 17:47:06 - 0:24:58 - At 569-th epoch with lr 0.000530.
INFO - 01/12/26 17:47:08 - 0:25:00 - Running average train loss is 0.684495906829834 at epoch 569
INFO - 01/12/26 17:47:08 - 0:25:00 - At 570-th epoch with lr 0.000530.
INFO - 01/12/26 17:47:11 - 0:25:03 - Running average train loss is 0.6839217734336853 at epoch 570
INFO - 01/12/26 17:47:11 - 0:25:03 - At 571-th epoch with lr 0.000529.
INFO - 01/12/26 17:47:13 - 0:25:05 - Running average train loss is 0.6837966585159302 at epoch 571
INFO - 01/12/26 17:47:13 - 0:25:05 - At 572-th epoch with lr 0.000529.
INFO - 01/12/26 17:47:16 - 0:25:08 - Running average train loss is 0.6837167310714721 at epoch 572
INFO - 01/12/26 17:47:16 - 0:25:08 - At 573-th epoch with lr 0.000528.
INFO - 01/12/26 17:47:18 - 0:25:10 - Running average train loss is 0.6837014293670655 at epoch 573
INFO - 01/12/26 17:47:18 - 0:25:10 - At 574-th epoch with lr 0.000528.
INFO - 01/12/26 17:47:21 - 0:25:13 - Running average train loss is 0.68409193277359 at epoch 574
INFO - 01/12/26 17:47:21 - 0:25:13 - At 575-th epoch with lr 0.000528.
INFO - 01/12/26 17:47:23 - 0:25:15 - Running average train loss is 0.6841408753395081 at epoch 575
INFO - 01/12/26 17:47:23 - 0:25:15 - At 576-th epoch with lr 0.000527.
INFO - 01/12/26 17:47:26 - 0:25:18 - Running average train loss is 0.684366774559021 at epoch 576
INFO - 01/12/26 17:47:26 - 0:25:18 - Average dev loss is 0.7605647246042887 at epoch 576
INFO - 01/12/26 17:47:27 - 0:25:18 - dev accuracy is 88.3 at epoch 576
INFO - 01/12/26 17:47:27 - 0:25:18 - dev average edit distance is 0.418 at epoch 576
INFO - 01/12/26 17:47:27 - 0:25:18 - At 577-th epoch with lr 0.000527.
INFO - 01/12/26 17:47:29 - 0:25:21 - Running average train loss is 0.6845482182502747 at epoch 577
INFO - 01/12/26 17:47:29 - 0:25:21 - At 578-th epoch with lr 0.000526.
INFO - 01/12/26 17:47:32 - 0:25:23 - Running average train loss is 0.6837864589691162 at epoch 578
INFO - 01/12/26 17:47:32 - 0:25:23 - At 579-th epoch with lr 0.000526.
INFO - 01/12/26 17:47:34 - 0:25:26 - Running average train loss is 0.6841886138916016 at epoch 579
INFO - 01/12/26 17:47:34 - 0:25:26 - At 580-th epoch with lr 0.000525.
INFO - 01/12/26 17:47:37 - 0:25:29 - Running average train loss is 0.6842425322532654 at epoch 580
INFO - 01/12/26 17:47:37 - 0:25:29 - At 581-th epoch with lr 0.000525.
INFO - 01/12/26 17:47:39 - 0:25:31 - Running average train loss is 0.6837635278701782 at epoch 581
INFO - 01/12/26 17:47:39 - 0:25:31 - At 582-th epoch with lr 0.000524.
INFO - 01/12/26 17:47:42 - 0:25:34 - Running average train loss is 0.6839497780799866 at epoch 582
INFO - 01/12/26 17:47:42 - 0:25:34 - At 583-th epoch with lr 0.000524.
INFO - 01/12/26 17:47:45 - 0:25:36 - Running average train loss is 0.6842696332931518 at epoch 583
INFO - 01/12/26 17:47:45 - 0:25:36 - At 584-th epoch with lr 0.000523.
INFO - 01/12/26 17:47:47 - 0:25:39 - Running average train loss is 0.6842321753501892 at epoch 584
INFO - 01/12/26 17:47:47 - 0:25:39 - At 585-th epoch with lr 0.000523.
INFO - 01/12/26 17:47:50 - 0:25:41 - Running average train loss is 0.6840094780921936 at epoch 585
INFO - 01/12/26 17:47:50 - 0:25:41 - At 586-th epoch with lr 0.000523.
INFO - 01/12/26 17:47:52 - 0:25:44 - Running average train loss is 0.6839114809036255 at epoch 586
INFO - 01/12/26 17:47:52 - 0:25:44 - At 587-th epoch with lr 0.000522.
INFO - 01/12/26 17:47:55 - 0:25:46 - Running average train loss is 0.6840763902664184 at epoch 587
INFO - 01/12/26 17:47:55 - 0:25:46 - At 588-th epoch with lr 0.000522.
INFO - 01/12/26 17:47:57 - 0:25:49 - Running average train loss is 0.6838953852653503 at epoch 588
INFO - 01/12/26 17:47:57 - 0:25:49 - At 589-th epoch with lr 0.000521.
INFO - 01/12/26 17:48:00 - 0:25:52 - Running average train loss is 0.6838258457183838 at epoch 589
INFO - 01/12/26 17:48:00 - 0:25:52 - At 590-th epoch with lr 0.000521.
INFO - 01/12/26 17:48:02 - 0:25:54 - Running average train loss is 0.6838276958465577 at epoch 590
INFO - 01/12/26 17:48:02 - 0:25:54 - At 591-th epoch with lr 0.000520.
INFO - 01/12/26 17:48:05 - 0:25:57 - Running average train loss is 0.6838287806510925 at epoch 591
INFO - 01/12/26 17:48:05 - 0:25:57 - At 592-th epoch with lr 0.000520.
INFO - 01/12/26 17:48:07 - 0:25:59 - Running average train loss is 0.6839396286010743 at epoch 592
INFO - 01/12/26 17:48:08 - 0:25:59 - Average dev loss is 0.7575684189796448 at epoch 592
INFO - 01/12/26 17:48:08 - 0:26:00 - dev accuracy is 88.6 at epoch 592
INFO - 01/12/26 17:48:08 - 0:26:00 - dev average edit distance is 0.437 at epoch 592
INFO - 01/12/26 17:48:08 - 0:26:00 - At 593-th epoch with lr 0.000519.
INFO - 01/12/26 17:48:11 - 0:26:03 - Running average train loss is 0.6838520002365113 at epoch 593
INFO - 01/12/26 17:48:11 - 0:26:03 - At 594-th epoch with lr 0.000519.
INFO - 01/12/26 17:48:13 - 0:26:05 - Running average train loss is 0.6838261938095093 at epoch 594
INFO - 01/12/26 17:48:13 - 0:26:05 - At 595-th epoch with lr 0.000519.
INFO - 01/12/26 17:48:16 - 0:26:08 - Running average train loss is 0.6840993428230285 at epoch 595
INFO - 01/12/26 17:48:16 - 0:26:08 - At 596-th epoch with lr 0.000518.
INFO - 01/12/26 17:48:19 - 0:26:10 - Running average train loss is 0.6840668439865112 at epoch 596
INFO - 01/12/26 17:48:19 - 0:26:10 - At 597-th epoch with lr 0.000518.
INFO - 01/12/26 17:48:21 - 0:26:13 - Running average train loss is 0.6836831283569336 at epoch 597
INFO - 01/12/26 17:48:21 - 0:26:13 - At 598-th epoch with lr 0.000517.
INFO - 01/12/26 17:48:24 - 0:26:15 - Running average train loss is 0.6837034463882447 at epoch 598
INFO - 01/12/26 17:48:24 - 0:26:15 - At 599-th epoch with lr 0.000517.
INFO - 01/12/26 17:48:26 - 0:26:18 - Running average train loss is 0.6839489579200745 at epoch 599
INFO - 01/12/26 17:48:26 - 0:26:18 - At 600-th epoch with lr 0.000516.
INFO - 01/12/26 17:48:29 - 0:26:20 - Running average train loss is 0.6840985178947449 at epoch 600
INFO - 01/12/26 17:48:29 - 0:26:20 - At 601-th epoch with lr 0.000516.
INFO - 01/12/26 17:48:31 - 0:26:23 - Running average train loss is 0.6840992188453674 at epoch 601
INFO - 01/12/26 17:48:31 - 0:26:23 - At 602-th epoch with lr 0.000516.
INFO - 01/12/26 17:48:34 - 0:26:26 - Running average train loss is 0.6841037607192993 at epoch 602
INFO - 01/12/26 17:48:34 - 0:26:26 - At 603-th epoch with lr 0.000515.
INFO - 01/12/26 17:48:37 - 0:26:28 - Running average train loss is 0.6841697335243225 at epoch 603
INFO - 01/12/26 17:48:37 - 0:26:28 - At 604-th epoch with lr 0.000515.
INFO - 01/12/26 17:48:39 - 0:26:31 - Running average train loss is 0.683748164176941 at epoch 604
INFO - 01/12/26 17:48:39 - 0:26:31 - At 605-th epoch with lr 0.000514.
INFO - 01/12/26 17:48:42 - 0:26:33 - Running average train loss is 0.6837271428108216 at epoch 605
INFO - 01/12/26 17:48:42 - 0:26:33 - At 606-th epoch with lr 0.000514.
INFO - 01/12/26 17:48:44 - 0:26:36 - Running average train loss is 0.684184193611145 at epoch 606
INFO - 01/12/26 17:48:44 - 0:26:36 - At 607-th epoch with lr 0.000513.
INFO - 01/12/26 17:48:47 - 0:26:38 - Running average train loss is 0.6838821244239807 at epoch 607
INFO - 01/12/26 17:48:47 - 0:26:38 - At 608-th epoch with lr 0.000513.
INFO - 01/12/26 17:48:49 - 0:26:41 - Running average train loss is 0.6841411519050599 at epoch 608
INFO - 01/12/26 17:48:49 - 0:26:41 - Average dev loss is 0.7594783504803976 at epoch 608
INFO - 01/12/26 17:48:50 - 0:26:42 - dev accuracy is 87.9 at epoch 608
INFO - 01/12/26 17:48:50 - 0:26:42 - dev average edit distance is 0.418 at epoch 608
INFO - 01/12/26 17:48:50 - 0:26:42 - At 609-th epoch with lr 0.000513.
INFO - 01/12/26 17:48:53 - 0:26:44 - Running average train loss is 0.6840195631980897 at epoch 609
INFO - 01/12/26 17:48:53 - 0:26:44 - At 610-th epoch with lr 0.000512.
INFO - 01/12/26 17:48:55 - 0:26:47 - Running average train loss is 0.6835835957527161 at epoch 610
INFO - 01/12/26 17:48:55 - 0:26:47 - At 611-th epoch with lr 0.000512.
INFO - 01/12/26 17:48:58 - 0:26:49 - Running average train loss is 0.6832451725006103 at epoch 611
INFO - 01/12/26 17:48:58 - 0:26:49 - At 612-th epoch with lr 0.000511.
INFO - 01/12/26 17:49:00 - 0:26:52 - Running average train loss is 0.6839159727096558 at epoch 612
INFO - 01/12/26 17:49:00 - 0:26:52 - At 613-th epoch with lr 0.000511.
INFO - 01/12/26 17:49:03 - 0:26:54 - Running average train loss is 0.6838534808158875 at epoch 613
INFO - 01/12/26 17:49:03 - 0:26:54 - At 614-th epoch with lr 0.000510.
INFO - 01/12/26 17:49:05 - 0:26:57 - Running average train loss is 0.6843307280540466 at epoch 614
INFO - 01/12/26 17:49:05 - 0:26:57 - At 615-th epoch with lr 0.000510.
INFO - 01/12/26 17:49:08 - 0:26:59 - Running average train loss is 0.6840231466293335 at epoch 615
INFO - 01/12/26 17:49:08 - 0:26:59 - At 616-th epoch with lr 0.000510.
INFO - 01/12/26 17:49:10 - 0:27:02 - Running average train loss is 0.683703384399414 at epoch 616
INFO - 01/12/26 17:49:10 - 0:27:02 - At 617-th epoch with lr 0.000509.
INFO - 01/12/26 17:49:13 - 0:27:05 - Running average train loss is 0.6832688164710998 at epoch 617
INFO - 01/12/26 17:49:13 - 0:27:05 - At 618-th epoch with lr 0.000509.
INFO - 01/12/26 17:49:15 - 0:27:07 - Running average train loss is 0.6840155673027039 at epoch 618
INFO - 01/12/26 17:49:15 - 0:27:07 - At 619-th epoch with lr 0.000508.
INFO - 01/12/26 17:49:18 - 0:27:10 - Running average train loss is 0.6839355635643005 at epoch 619
INFO - 01/12/26 17:49:18 - 0:27:10 - At 620-th epoch with lr 0.000508.
INFO - 01/12/26 17:49:21 - 0:27:12 - Running average train loss is 0.6843828701972962 at epoch 620
INFO - 01/12/26 17:49:21 - 0:27:12 - At 621-th epoch with lr 0.000508.
INFO - 01/12/26 17:49:23 - 0:27:15 - Running average train loss is 0.6836094498634339 at epoch 621
INFO - 01/12/26 17:49:23 - 0:27:15 - At 622-th epoch with lr 0.000507.
INFO - 01/12/26 17:49:26 - 0:27:17 - Running average train loss is 0.6836969065666199 at epoch 622
INFO - 01/12/26 17:49:26 - 0:27:17 - At 623-th epoch with lr 0.000507.
INFO - 01/12/26 17:49:28 - 0:27:20 - Running average train loss is 0.6837132549285889 at epoch 623
INFO - 01/12/26 17:49:28 - 0:27:20 - At 624-th epoch with lr 0.000506.
INFO - 01/12/26 17:49:31 - 0:27:22 - Running average train loss is 0.6835444927215576 at epoch 624
INFO - 01/12/26 17:49:31 - 0:27:22 - Average dev loss is 0.756181796391805 at epoch 624
INFO - 01/12/26 17:49:31 - 0:27:23 - dev accuracy is 89.1 at epoch 624
INFO - 01/12/26 17:49:31 - 0:27:23 - dev average edit distance is 0.412 at epoch 624
INFO - 01/12/26 17:49:32 - 0:27:23 - At 625-th epoch with lr 0.000506.
INFO - 01/12/26 17:49:34 - 0:27:26 - Running average train loss is 0.6836705803871155 at epoch 625
INFO - 01/12/26 17:49:34 - 0:27:26 - At 626-th epoch with lr 0.000506.
INFO - 01/12/26 17:49:37 - 0:27:28 - Running average train loss is 0.6837371444702148 at epoch 626
INFO - 01/12/26 17:49:37 - 0:27:28 - At 627-th epoch with lr 0.000505.
INFO - 01/12/26 17:49:39 - 0:27:31 - Running average train loss is 0.6834120273590087 at epoch 627
INFO - 01/12/26 17:49:39 - 0:27:31 - At 628-th epoch with lr 0.000505.
INFO - 01/12/26 17:49:42 - 0:27:33 - Running average train loss is 0.6837687397003174 at epoch 628
INFO - 01/12/26 17:49:42 - 0:27:33 - At 629-th epoch with lr 0.000504.
INFO - 01/12/26 17:49:44 - 0:27:36 - Running average train loss is 0.6836322021484375 at epoch 629
INFO - 01/12/26 17:49:44 - 0:27:36 - At 630-th epoch with lr 0.000504.
INFO - 01/12/26 17:49:47 - 0:27:39 - Running average train loss is 0.6840056157112122 at epoch 630
INFO - 01/12/26 17:49:47 - 0:27:39 - At 631-th epoch with lr 0.000504.
INFO - 01/12/26 17:49:49 - 0:27:41 - Running average train loss is 0.683983793258667 at epoch 631
INFO - 01/12/26 17:49:49 - 0:27:41 - At 632-th epoch with lr 0.000503.
INFO - 01/12/26 17:49:52 - 0:27:44 - Running average train loss is 0.6836452126502991 at epoch 632
INFO - 01/12/26 17:49:52 - 0:27:44 - At 633-th epoch with lr 0.000503.
INFO - 01/12/26 17:49:55 - 0:27:46 - Running average train loss is 0.683987762928009 at epoch 633
INFO - 01/12/26 17:49:55 - 0:27:46 - At 634-th epoch with lr 0.000502.
INFO - 01/12/26 17:49:57 - 0:27:49 - Running average train loss is 0.6833787250518799 at epoch 634
INFO - 01/12/26 17:49:57 - 0:27:49 - At 635-th epoch with lr 0.000502.
INFO - 01/12/26 17:50:00 - 0:27:51 - Running average train loss is 0.6832163906097413 at epoch 635
INFO - 01/12/26 17:50:00 - 0:27:51 - At 636-th epoch with lr 0.000502.
INFO - 01/12/26 17:50:02 - 0:27:54 - Running average train loss is 0.6833825445175171 at epoch 636
INFO - 01/12/26 17:50:02 - 0:27:54 - At 637-th epoch with lr 0.000501.
INFO - 01/12/26 17:50:05 - 0:27:57 - Running average train loss is 0.6839033842086792 at epoch 637
INFO - 01/12/26 17:50:05 - 0:27:57 - At 638-th epoch with lr 0.000501.
INFO - 01/12/26 17:50:07 - 0:27:59 - Running average train loss is 0.6837323951721191 at epoch 638
INFO - 01/12/26 17:50:07 - 0:27:59 - At 639-th epoch with lr 0.000500.
INFO - 01/12/26 17:50:10 - 0:28:02 - Running average train loss is 0.6837828230857849 at epoch 639
INFO - 01/12/26 17:50:10 - 0:28:02 - At 640-th epoch with lr 0.000500.
INFO - 01/12/26 17:50:12 - 0:28:04 - Running average train loss is 0.6833892822265625 at epoch 640
INFO - 01/12/26 17:50:12 - 0:28:04 - Average dev loss is 0.7678352991739908 at epoch 640
INFO - 01/12/26 17:50:13 - 0:28:05 - dev accuracy is 88.1 at epoch 640
INFO - 01/12/26 17:50:13 - 0:28:05 - dev average edit distance is 0.443 at epoch 640
INFO - 01/12/26 17:50:13 - 0:28:05 - At 641-th epoch with lr 0.000500.
INFO - 01/12/26 17:50:16 - 0:28:08 - Running average train loss is 0.6837257075309754 at epoch 641
INFO - 01/12/26 17:50:16 - 0:28:08 - At 642-th epoch with lr 0.000499.
INFO - 01/12/26 17:50:18 - 0:28:10 - Running average train loss is 0.6836235785484314 at epoch 642
INFO - 01/12/26 17:50:18 - 0:28:10 - At 643-th epoch with lr 0.000499.
INFO - 01/12/26 17:50:21 - 0:28:13 - Running average train loss is 0.6835846185684205 at epoch 643
INFO - 01/12/26 17:50:21 - 0:28:13 - At 644-th epoch with lr 0.000498.
INFO - 01/12/26 17:50:23 - 0:28:15 - Running average train loss is 0.6837102961540222 at epoch 644
INFO - 01/12/26 17:50:23 - 0:28:15 - At 645-th epoch with lr 0.000498.
INFO - 01/12/26 17:50:26 - 0:28:18 - Running average train loss is 0.6837934112548828 at epoch 645
INFO - 01/12/26 17:50:26 - 0:28:18 - At 646-th epoch with lr 0.000498.
INFO - 01/12/26 17:50:28 - 0:28:20 - Running average train loss is 0.6833564496040344 at epoch 646
INFO - 01/12/26 17:50:28 - 0:28:20 - At 647-th epoch with lr 0.000497.
INFO - 01/12/26 17:50:31 - 0:28:23 - Running average train loss is 0.683131775856018 at epoch 647
INFO - 01/12/26 17:50:31 - 0:28:23 - At 648-th epoch with lr 0.000497.
INFO - 01/12/26 17:50:33 - 0:28:25 - Running average train loss is 0.6833033704757691 at epoch 648
INFO - 01/12/26 17:50:33 - 0:28:25 - At 649-th epoch with lr 0.000497.
INFO - 01/12/26 17:50:36 - 0:28:28 - Running average train loss is 0.683599169254303 at epoch 649
INFO - 01/12/26 17:50:36 - 0:28:28 - At 650-th epoch with lr 0.000496.
INFO - 01/12/26 17:50:39 - 0:28:31 - Running average train loss is 0.683137321472168 at epoch 650
INFO - 01/12/26 17:50:39 - 0:28:31 - At 651-th epoch with lr 0.000496.
INFO - 01/12/26 17:50:41 - 0:28:33 - Running average train loss is 0.6832693839073181 at epoch 651
INFO - 01/12/26 17:50:41 - 0:28:33 - At 652-th epoch with lr 0.000495.
INFO - 01/12/26 17:50:44 - 0:28:36 - Running average train loss is 0.6834615349769593 at epoch 652
INFO - 01/12/26 17:50:44 - 0:28:36 - At 653-th epoch with lr 0.000495.
INFO - 01/12/26 17:50:47 - 0:28:39 - Running average train loss is 0.6836437273025513 at epoch 653
INFO - 01/12/26 17:50:47 - 0:28:39 - At 654-th epoch with lr 0.000495.
INFO - 01/12/26 17:50:49 - 0:28:41 - Running average train loss is 0.6836614346504212 at epoch 654
INFO - 01/12/26 17:50:49 - 0:28:41 - At 655-th epoch with lr 0.000494.
INFO - 01/12/26 17:50:52 - 0:28:43 - Running average train loss is 0.6832826280593872 at epoch 655
INFO - 01/12/26 17:50:52 - 0:28:43 - At 656-th epoch with lr 0.000494.
INFO - 01/12/26 17:50:54 - 0:28:46 - Running average train loss is 0.6838810324668885 at epoch 656
INFO - 01/12/26 17:50:54 - 0:28:46 - Average dev loss is 0.7620314955711365 at epoch 656
INFO - 01/12/26 17:50:55 - 0:28:47 - dev accuracy is 88.4 at epoch 656
INFO - 01/12/26 17:50:55 - 0:28:47 - dev average edit distance is 0.455 at epoch 656
INFO - 01/12/26 17:50:55 - 0:28:47 - At 657-th epoch with lr 0.000493.
INFO - 01/12/26 17:50:58 - 0:28:49 - Running average train loss is 0.6838127708435059 at epoch 657
INFO - 01/12/26 17:50:58 - 0:28:49 - At 658-th epoch with lr 0.000493.
INFO - 01/12/26 17:51:00 - 0:28:52 - Running average train loss is 0.6835910820960999 at epoch 658
INFO - 01/12/26 17:51:00 - 0:28:52 - At 659-th epoch with lr 0.000493.
INFO - 01/12/26 17:51:03 - 0:28:54 - Running average train loss is 0.6831947827339172 at epoch 659
INFO - 01/12/26 17:51:03 - 0:28:54 - At 660-th epoch with lr 0.000492.
INFO - 01/12/26 17:51:05 - 0:28:57 - Running average train loss is 0.6834627246856689 at epoch 660
INFO - 01/12/26 17:51:05 - 0:28:57 - At 661-th epoch with lr 0.000492.
INFO - 01/12/26 17:51:08 - 0:29:00 - Running average train loss is 0.6835286927223205 at epoch 661
INFO - 01/12/26 17:51:08 - 0:29:00 - At 662-th epoch with lr 0.000492.
INFO - 01/12/26 17:51:10 - 0:29:02 - Running average train loss is 0.6832585120201111 at epoch 662
INFO - 01/12/26 17:51:10 - 0:29:02 - At 663-th epoch with lr 0.000491.
INFO - 01/12/26 17:51:13 - 0:29:05 - Running average train loss is 0.6831520700454712 at epoch 663
INFO - 01/12/26 17:51:13 - 0:29:05 - At 664-th epoch with lr 0.000491.
INFO - 01/12/26 17:51:16 - 0:29:07 - Running average train loss is 0.68380619764328 at epoch 664
INFO - 01/12/26 17:51:16 - 0:29:07 - At 665-th epoch with lr 0.000491.
INFO - 01/12/26 17:51:18 - 0:29:10 - Running average train loss is 0.6835118770599365 at epoch 665
INFO - 01/12/26 17:51:18 - 0:29:10 - At 666-th epoch with lr 0.000490.
INFO - 01/12/26 17:51:21 - 0:29:12 - Running average train loss is 0.683339684009552 at epoch 666
INFO - 01/12/26 17:51:21 - 0:29:12 - At 667-th epoch with lr 0.000490.
INFO - 01/12/26 17:51:23 - 0:29:15 - Running average train loss is 0.6835989737510682 at epoch 667
INFO - 01/12/26 17:51:23 - 0:29:15 - At 668-th epoch with lr 0.000489.
INFO - 01/12/26 17:51:26 - 0:29:17 - Running average train loss is 0.6833673453330994 at epoch 668
INFO - 01/12/26 17:51:26 - 0:29:17 - At 669-th epoch with lr 0.000489.
INFO - 01/12/26 17:51:28 - 0:29:20 - Running average train loss is 0.6838307547569275 at epoch 669
INFO - 01/12/26 17:51:28 - 0:29:20 - At 670-th epoch with lr 0.000489.
INFO - 01/12/26 17:51:31 - 0:29:22 - Running average train loss is 0.6834285473823547 at epoch 670
INFO - 01/12/26 17:51:31 - 0:29:22 - At 671-th epoch with lr 0.000488.
INFO - 01/12/26 17:51:33 - 0:29:25 - Running average train loss is 0.6834895896911621 at epoch 671
INFO - 01/12/26 17:51:33 - 0:29:25 - At 672-th epoch with lr 0.000488.
INFO - 01/12/26 17:51:36 - 0:29:28 - Running average train loss is 0.6837568521499634 at epoch 672
INFO - 01/12/26 17:51:36 - 0:29:28 - Average dev loss is 0.7625019152959188 at epoch 672
INFO - 01/12/26 17:51:37 - 0:29:28 - dev accuracy is 87.9 at epoch 672
INFO - 01/12/26 17:51:37 - 0:29:28 - dev average edit distance is 0.484 at epoch 672
INFO - 01/12/26 17:51:37 - 0:29:28 - At 673-th epoch with lr 0.000488.
INFO - 01/12/26 17:51:39 - 0:29:31 - Running average train loss is 0.6838510131835938 at epoch 673
INFO - 01/12/26 17:51:39 - 0:29:31 - At 674-th epoch with lr 0.000487.
INFO - 01/12/26 17:51:42 - 0:29:33 - Running average train loss is 0.6838270139694214 at epoch 674
INFO - 01/12/26 17:51:42 - 0:29:33 - At 675-th epoch with lr 0.000487.
INFO - 01/12/26 17:51:44 - 0:29:36 - Running average train loss is 0.6832575559616089 at epoch 675
INFO - 01/12/26 17:51:44 - 0:29:36 - At 676-th epoch with lr 0.000487.
INFO - 01/12/26 17:51:47 - 0:29:39 - Running average train loss is 0.6830234551429748 at epoch 676
INFO - 01/12/26 17:51:47 - 0:29:39 - At 677-th epoch with lr 0.000486.
INFO - 01/12/26 17:51:49 - 0:29:41 - Running average train loss is 0.683127691745758 at epoch 677
INFO - 01/12/26 17:51:49 - 0:29:41 - At 678-th epoch with lr 0.000486.
INFO - 01/12/26 17:51:52 - 0:29:44 - Running average train loss is 0.6833037614822388 at epoch 678
INFO - 01/12/26 17:51:52 - 0:29:44 - At 679-th epoch with lr 0.000485.
INFO - 01/12/26 17:51:54 - 0:29:46 - Running average train loss is 0.6833007121086121 at epoch 679
INFO - 01/12/26 17:51:54 - 0:29:46 - At 680-th epoch with lr 0.000485.
INFO - 01/12/26 17:51:57 - 0:29:49 - Running average train loss is 0.6837867712974548 at epoch 680
INFO - 01/12/26 17:51:57 - 0:29:49 - At 681-th epoch with lr 0.000485.
INFO - 01/12/26 17:52:00 - 0:29:52 - Running average train loss is 0.6835378766059875 at epoch 681
INFO - 01/12/26 17:52:00 - 0:29:52 - At 682-th epoch with lr 0.000484.
INFO - 01/12/26 17:52:02 - 0:29:54 - Running average train loss is 0.6837892818450928 at epoch 682
INFO - 01/12/26 17:52:02 - 0:29:54 - At 683-th epoch with lr 0.000484.
INFO - 01/12/26 17:52:05 - 0:29:57 - Running average train loss is 0.6835126757621766 at epoch 683
INFO - 01/12/26 17:52:05 - 0:29:57 - At 684-th epoch with lr 0.000484.
INFO - 01/12/26 17:52:07 - 0:29:59 - Running average train loss is 0.6834499979019165 at epoch 684
INFO - 01/12/26 17:52:07 - 0:29:59 - At 685-th epoch with lr 0.000483.
INFO - 01/12/26 17:52:10 - 0:30:01 - Running average train loss is 0.6834685230255126 at epoch 685
INFO - 01/12/26 17:52:10 - 0:30:01 - At 686-th epoch with lr 0.000483.
INFO - 01/12/26 17:52:12 - 0:30:04 - Running average train loss is 0.6830954670906066 at epoch 686
INFO - 01/12/26 17:52:12 - 0:30:04 - At 687-th epoch with lr 0.000483.
INFO - 01/12/26 17:52:15 - 0:30:06 - Running average train loss is 0.6832115435600281 at epoch 687
INFO - 01/12/26 17:52:15 - 0:30:06 - At 688-th epoch with lr 0.000482.
INFO - 01/12/26 17:52:17 - 0:30:09 - Running average train loss is 0.68335031747818 at epoch 688
INFO - 01/12/26 17:52:17 - 0:30:09 - Average dev loss is 0.7604454954465231 at epoch 688
INFO - 01/12/26 17:52:18 - 0:30:10 - dev accuracy is 88.0 at epoch 688
INFO - 01/12/26 17:52:18 - 0:30:10 - dev average edit distance is 0.52 at epoch 688
INFO - 01/12/26 17:52:18 - 0:30:10 - At 689-th epoch with lr 0.000482.
INFO - 01/12/26 17:52:21 - 0:30:12 - Running average train loss is 0.6833671164512635 at epoch 689
INFO - 01/12/26 17:52:21 - 0:30:12 - At 690-th epoch with lr 0.000482.
INFO - 01/12/26 17:52:23 - 0:30:15 - Running average train loss is 0.6834367775917053 at epoch 690
INFO - 01/12/26 17:52:23 - 0:30:15 - At 691-th epoch with lr 0.000481.
INFO - 01/12/26 17:52:26 - 0:30:17 - Running average train loss is 0.6832035970687866 at epoch 691
INFO - 01/12/26 17:52:26 - 0:30:17 - At 692-th epoch with lr 0.000481.
INFO - 01/12/26 17:52:28 - 0:30:20 - Running average train loss is 0.6833299398422241 at epoch 692
INFO - 01/12/26 17:52:28 - 0:30:20 - At 693-th epoch with lr 0.000480.
INFO - 01/12/26 17:52:31 - 0:30:22 - Running average train loss is 0.682980375289917 at epoch 693
INFO - 01/12/26 17:52:31 - 0:30:22 - At 694-th epoch with lr 0.000480.
INFO - 01/12/26 17:52:33 - 0:30:25 - Running average train loss is 0.6830680346488953 at epoch 694
INFO - 01/12/26 17:52:33 - 0:30:25 - At 695-th epoch with lr 0.000480.
INFO - 01/12/26 17:52:36 - 0:30:27 - Running average train loss is 0.6829191279411316 at epoch 695
INFO - 01/12/26 17:52:36 - 0:30:27 - At 696-th epoch with lr 0.000479.
INFO - 01/12/26 17:52:38 - 0:30:30 - Running average train loss is 0.6837619829177857 at epoch 696
INFO - 01/12/26 17:52:38 - 0:30:30 - At 697-th epoch with lr 0.000479.
INFO - 01/12/26 17:52:41 - 0:30:33 - Running average train loss is 0.6831963706016541 at epoch 697
INFO - 01/12/26 17:52:41 - 0:30:33 - At 698-th epoch with lr 0.000479.
INFO - 01/12/26 17:52:44 - 0:30:36 - Running average train loss is 0.683045563697815 at epoch 698
INFO - 01/12/26 17:52:44 - 0:30:36 - At 699-th epoch with lr 0.000478.
INFO - 01/12/26 17:52:46 - 0:30:38 - Running average train loss is 0.6833322286605835 at epoch 699
INFO - 01/12/26 17:52:46 - 0:30:38 - At 700-th epoch with lr 0.000478.
INFO - 01/12/26 17:52:49 - 0:30:41 - Running average train loss is 0.6831424570083618 at epoch 700
INFO - 01/12/26 17:52:49 - 0:30:41 - At 701-th epoch with lr 0.000478.
INFO - 01/12/26 17:52:52 - 0:30:43 - Running average train loss is 0.6827622365951538 at epoch 701
INFO - 01/12/26 17:52:52 - 0:30:43 - At 702-th epoch with lr 0.000477.
INFO - 01/12/26 17:52:54 - 0:30:46 - Running average train loss is 0.683229215145111 at epoch 702
INFO - 01/12/26 17:52:54 - 0:30:46 - At 703-th epoch with lr 0.000477.
INFO - 01/12/26 17:52:57 - 0:30:48 - Running average train loss is 0.6833878684043885 at epoch 703
INFO - 01/12/26 17:52:57 - 0:30:48 - At 704-th epoch with lr 0.000477.
INFO - 01/12/26 17:52:59 - 0:30:51 - Running average train loss is 0.6833304405212403 at epoch 704
INFO - 01/12/26 17:52:59 - 0:30:51 - Average dev loss is 0.7569906711578369 at epoch 704
INFO - 01/12/26 17:53:00 - 0:30:52 - dev accuracy is 88.4 at epoch 704
INFO - 01/12/26 17:53:00 - 0:30:52 - dev average edit distance is 0.469 at epoch 704
INFO - 01/12/26 17:53:00 - 0:30:52 - At 705-th epoch with lr 0.000476.
INFO - 01/12/26 17:53:02 - 0:30:54 - Running average train loss is 0.6831976962089539 at epoch 705
INFO - 01/12/26 17:53:02 - 0:30:54 - At 706-th epoch with lr 0.000476.
INFO - 01/12/26 17:53:05 - 0:30:57 - Running average train loss is 0.6830012345314026 at epoch 706
INFO - 01/12/26 17:53:05 - 0:30:57 - At 707-th epoch with lr 0.000476.
INFO - 01/12/26 17:53:07 - 0:30:59 - Running average train loss is 0.6830920648574829 at epoch 707
INFO - 01/12/26 17:53:07 - 0:30:59 - At 708-th epoch with lr 0.000475.
INFO - 01/12/26 17:53:10 - 0:31:02 - Running average train loss is 0.6834122133255005 at epoch 708
INFO - 01/12/26 17:53:10 - 0:31:02 - At 709-th epoch with lr 0.000475.
INFO - 01/12/26 17:53:13 - 0:31:04 - Running average train loss is 0.6830477476119995 at epoch 709
INFO - 01/12/26 17:53:13 - 0:31:04 - At 710-th epoch with lr 0.000475.
INFO - 01/12/26 17:53:15 - 0:31:07 - Running average train loss is 0.6834538125991821 at epoch 710
INFO - 01/12/26 17:53:15 - 0:31:07 - At 711-th epoch with lr 0.000474.
INFO - 01/12/26 17:53:18 - 0:31:09 - Running average train loss is 0.683170292377472 at epoch 711
INFO - 01/12/26 17:53:18 - 0:31:09 - At 712-th epoch with lr 0.000474.
INFO - 01/12/26 17:53:20 - 0:31:12 - Running average train loss is 0.6831952810287476 at epoch 712
INFO - 01/12/26 17:53:20 - 0:31:12 - At 713-th epoch with lr 0.000474.
INFO - 01/12/26 17:53:23 - 0:31:14 - Running average train loss is 0.6830664277076721 at epoch 713
INFO - 01/12/26 17:53:23 - 0:31:14 - At 714-th epoch with lr 0.000473.
INFO - 01/12/26 17:53:25 - 0:31:17 - Running average train loss is 0.6829756760597229 at epoch 714
INFO - 01/12/26 17:53:25 - 0:31:17 - At 715-th epoch with lr 0.000473.
INFO - 01/12/26 17:53:28 - 0:31:19 - Running average train loss is 0.6828855657577515 at epoch 715
INFO - 01/12/26 17:53:28 - 0:31:19 - At 716-th epoch with lr 0.000473.
INFO - 01/12/26 17:53:30 - 0:31:22 - Running average train loss is 0.6830326557159424 at epoch 716
INFO - 01/12/26 17:53:30 - 0:31:22 - At 717-th epoch with lr 0.000472.
INFO - 01/12/26 17:53:33 - 0:31:24 - Running average train loss is 0.6829903435707092 at epoch 717
INFO - 01/12/26 17:53:33 - 0:31:24 - At 718-th epoch with lr 0.000472.
INFO - 01/12/26 17:53:35 - 0:31:27 - Running average train loss is 0.6828446531295777 at epoch 718
INFO - 01/12/26 17:53:35 - 0:31:27 - At 719-th epoch with lr 0.000472.
INFO - 01/12/26 17:53:38 - 0:31:30 - Running average train loss is 0.68339998960495 at epoch 719
INFO - 01/12/26 17:53:38 - 0:31:30 - At 720-th epoch with lr 0.000471.
INFO - 01/12/26 17:53:41 - 0:31:32 - Running average train loss is 0.6832342910766601 at epoch 720
INFO - 01/12/26 17:53:41 - 0:31:32 - Average dev loss is 0.7558687726656595 at epoch 720
INFO - 01/12/26 17:53:41 - 0:31:33 - dev accuracy is 89.0 at epoch 720
INFO - 01/12/26 17:53:41 - 0:31:33 - dev average edit distance is 0.404 at epoch 720
INFO - 01/12/26 17:53:41 - 0:31:33 - At 721-th epoch with lr 0.000471.
INFO - 01/12/26 17:53:44 - 0:31:36 - Running average train loss is 0.6830981063842774 at epoch 721
INFO - 01/12/26 17:53:44 - 0:31:36 - At 722-th epoch with lr 0.000471.
INFO - 01/12/26 17:53:47 - 0:31:38 - Running average train loss is 0.6833094000816345 at epoch 722
INFO - 01/12/26 17:53:47 - 0:31:38 - At 723-th epoch with lr 0.000470.
INFO - 01/12/26 17:53:49 - 0:31:41 - Running average train loss is 0.6835666012763977 at epoch 723
INFO - 01/12/26 17:53:49 - 0:31:41 - At 724-th epoch with lr 0.000470.
INFO - 01/12/26 17:53:52 - 0:31:43 - Running average train loss is 0.6831714558601379 at epoch 724
INFO - 01/12/26 17:53:52 - 0:31:43 - At 725-th epoch with lr 0.000470.
INFO - 01/12/26 17:53:54 - 0:31:46 - Running average train loss is 0.6827121186256409 at epoch 725
INFO - 01/12/26 17:53:54 - 0:31:46 - At 726-th epoch with lr 0.000469.
INFO - 01/12/26 17:53:57 - 0:31:48 - Running average train loss is 0.6837218809127807 at epoch 726
INFO - 01/12/26 17:53:57 - 0:31:48 - At 727-th epoch with lr 0.000469.
INFO - 01/12/26 17:53:59 - 0:31:51 - Running average train loss is 0.6828917193412781 at epoch 727
INFO - 01/12/26 17:53:59 - 0:31:51 - At 728-th epoch with lr 0.000469.
INFO - 01/12/26 17:54:02 - 0:31:53 - Running average train loss is 0.6835515451431274 at epoch 728
INFO - 01/12/26 17:54:02 - 0:31:53 - At 729-th epoch with lr 0.000468.
INFO - 01/12/26 17:54:04 - 0:31:56 - Running average train loss is 0.6832781434059143 at epoch 729
INFO - 01/12/26 17:54:04 - 0:31:56 - At 730-th epoch with lr 0.000468.
INFO - 01/12/26 17:54:07 - 0:31:59 - Running average train loss is 0.6832562780380249 at epoch 730
INFO - 01/12/26 17:54:07 - 0:31:59 - At 731-th epoch with lr 0.000468.
INFO - 01/12/26 17:54:09 - 0:32:01 - Running average train loss is 0.6835272789001465 at epoch 731
INFO - 01/12/26 17:54:09 - 0:32:01 - At 732-th epoch with lr 0.000468.
INFO - 01/12/26 17:54:12 - 0:32:04 - Running average train loss is 0.6831735134124756 at epoch 732
INFO - 01/12/26 17:54:12 - 0:32:04 - At 733-th epoch with lr 0.000467.
INFO - 01/12/26 17:54:14 - 0:32:06 - Running average train loss is 0.6831514620780945 at epoch 733
INFO - 01/12/26 17:54:14 - 0:32:06 - At 734-th epoch with lr 0.000467.
INFO - 01/12/26 17:54:17 - 0:32:09 - Running average train loss is 0.6829754734039306 at epoch 734
INFO - 01/12/26 17:54:17 - 0:32:09 - At 735-th epoch with lr 0.000467.
INFO - 01/12/26 17:54:19 - 0:32:11 - Running average train loss is 0.6830362868309021 at epoch 735
INFO - 01/12/26 17:54:19 - 0:32:11 - At 736-th epoch with lr 0.000466.
INFO - 01/12/26 17:54:22 - 0:32:14 - Running average train loss is 0.6829765486717224 at epoch 736
INFO - 01/12/26 17:54:22 - 0:32:14 - Average dev loss is 0.7575878103574117 at epoch 736
INFO - 01/12/26 17:54:23 - 0:32:14 - dev accuracy is 88.3 at epoch 736
INFO - 01/12/26 17:54:23 - 0:32:14 - dev average edit distance is 0.425 at epoch 736
INFO - 01/12/26 17:54:23 - 0:32:15 - At 737-th epoch with lr 0.000466.
INFO - 01/12/26 17:54:25 - 0:32:17 - Running average train loss is 0.6832207345962524 at epoch 737
INFO - 01/12/26 17:54:25 - 0:32:17 - At 738-th epoch with lr 0.000466.
INFO - 01/12/26 17:54:28 - 0:32:20 - Running average train loss is 0.6832603240013122 at epoch 738
INFO - 01/12/26 17:54:28 - 0:32:20 - At 739-th epoch with lr 0.000465.
INFO - 01/12/26 17:54:30 - 0:32:22 - Running average train loss is 0.6827480506896972 at epoch 739
INFO - 01/12/26 17:54:30 - 0:32:22 - At 740-th epoch with lr 0.000465.
INFO - 01/12/26 17:54:33 - 0:32:25 - Running average train loss is 0.6831878113746643 at epoch 740
INFO - 01/12/26 17:54:33 - 0:32:25 - At 741-th epoch with lr 0.000465.
INFO - 01/12/26 17:54:35 - 0:32:27 - Running average train loss is 0.6831252479553223 at epoch 741
INFO - 01/12/26 17:54:35 - 0:32:27 - At 742-th epoch with lr 0.000464.
INFO - 01/12/26 17:54:38 - 0:32:30 - Running average train loss is 0.6831190538406372 at epoch 742
INFO - 01/12/26 17:54:38 - 0:32:30 - At 743-th epoch with lr 0.000464.
INFO - 01/12/26 17:54:40 - 0:32:32 - Running average train loss is 0.6830421113967895 at epoch 743
INFO - 01/12/26 17:54:40 - 0:32:32 - At 744-th epoch with lr 0.000464.
INFO - 01/12/26 17:54:43 - 0:32:35 - Running average train loss is 0.6826479125022888 at epoch 744
INFO - 01/12/26 17:54:43 - 0:32:35 - At 745-th epoch with lr 0.000463.
INFO - 01/12/26 17:54:45 - 0:32:37 - Running average train loss is 0.6829051446914672 at epoch 745
INFO - 01/12/26 17:54:45 - 0:32:37 - At 746-th epoch with lr 0.000463.
INFO - 01/12/26 17:54:48 - 0:32:40 - Running average train loss is 0.683088161945343 at epoch 746
INFO - 01/12/26 17:54:48 - 0:32:40 - At 747-th epoch with lr 0.000463.
INFO - 01/12/26 17:54:51 - 0:32:42 - Running average train loss is 0.6828151154518127 at epoch 747
INFO - 01/12/26 17:54:51 - 0:32:42 - At 748-th epoch with lr 0.000462.
INFO - 01/12/26 17:54:53 - 0:32:45 - Running average train loss is 0.6827669310569763 at epoch 748
INFO - 01/12/26 17:54:53 - 0:32:45 - At 749-th epoch with lr 0.000462.
INFO - 01/12/26 17:54:56 - 0:32:47 - Running average train loss is 0.6830010437965393 at epoch 749
INFO - 01/12/26 17:54:56 - 0:32:47 - At 750-th epoch with lr 0.000462.
INFO - 01/12/26 17:54:58 - 0:32:50 - Running average train loss is 0.6829211974143982 at epoch 750
INFO - 01/12/26 17:54:58 - 0:32:50 - At 751-th epoch with lr 0.000462.
INFO - 01/12/26 17:55:01 - 0:32:52 - Running average train loss is 0.6828962659835816 at epoch 751
INFO - 01/12/26 17:55:01 - 0:32:52 - At 752-th epoch with lr 0.000461.
INFO - 01/12/26 17:55:03 - 0:32:55 - Running average train loss is 0.6826614761352539 at epoch 752
INFO - 01/12/26 17:55:03 - 0:32:55 - Average dev loss is 0.7617876927057902 at epoch 752
INFO - 01/12/26 17:55:04 - 0:32:56 - dev accuracy is 87.9 at epoch 752
INFO - 01/12/26 17:55:04 - 0:32:56 - dev average edit distance is 0.418 at epoch 752
INFO - 01/12/26 17:55:04 - 0:32:56 - At 753-th epoch with lr 0.000461.
INFO - 01/12/26 17:55:07 - 0:32:58 - Running average train loss is 0.6831700253486633 at epoch 753
INFO - 01/12/26 17:55:07 - 0:32:58 - At 754-th epoch with lr 0.000461.
INFO - 01/12/26 17:55:09 - 0:33:01 - Running average train loss is 0.6830633425712586 at epoch 754
INFO - 01/12/26 17:55:09 - 0:33:01 - At 755-th epoch with lr 0.000460.
INFO - 01/12/26 17:55:12 - 0:33:03 - Running average train loss is 0.683155472278595 at epoch 755
INFO - 01/12/26 17:55:12 - 0:33:03 - At 756-th epoch with lr 0.000460.
INFO - 01/12/26 17:55:14 - 0:33:06 - Running average train loss is 0.6826196932792663 at epoch 756
INFO - 01/12/26 17:55:14 - 0:33:06 - At 757-th epoch with lr 0.000460.
INFO - 01/12/26 17:55:17 - 0:33:09 - Running average train loss is 0.682670865058899 at epoch 757
INFO - 01/12/26 17:55:17 - 0:33:09 - At 758-th epoch with lr 0.000459.
INFO - 01/12/26 17:55:19 - 0:33:11 - Running average train loss is 0.6830318045616149 at epoch 758
INFO - 01/12/26 17:55:19 - 0:33:11 - At 759-th epoch with lr 0.000459.
INFO - 01/12/26 17:55:22 - 0:33:14 - Running average train loss is 0.6831350946426391 at epoch 759
INFO - 01/12/26 17:55:22 - 0:33:14 - At 760-th epoch with lr 0.000459.
INFO - 01/12/26 17:55:24 - 0:33:16 - Running average train loss is 0.6834086918830872 at epoch 760
INFO - 01/12/26 17:55:24 - 0:33:16 - At 761-th epoch with lr 0.000459.
INFO - 01/12/26 17:55:27 - 0:33:19 - Running average train loss is 0.6830391120910645 at epoch 761
INFO - 01/12/26 17:55:27 - 0:33:19 - At 762-th epoch with lr 0.000458.
INFO - 01/12/26 17:55:29 - 0:33:21 - Running average train loss is 0.6827951121330261 at epoch 762
INFO - 01/12/26 17:55:29 - 0:33:21 - At 763-th epoch with lr 0.000458.
INFO - 01/12/26 17:55:32 - 0:33:24 - Running average train loss is 0.6828867506980896 at epoch 763
INFO - 01/12/26 17:55:32 - 0:33:24 - At 764-th epoch with lr 0.000458.
INFO - 01/12/26 17:55:35 - 0:33:26 - Running average train loss is 0.6829024529457093 at epoch 764
INFO - 01/12/26 17:55:35 - 0:33:26 - At 765-th epoch with lr 0.000457.
INFO - 01/12/26 17:55:37 - 0:33:29 - Running average train loss is 0.6829806733131408 at epoch 765
INFO - 01/12/26 17:55:37 - 0:33:29 - At 766-th epoch with lr 0.000457.
INFO - 01/12/26 17:55:40 - 0:33:32 - Running average train loss is 0.6830225157737732 at epoch 766
INFO - 01/12/26 17:55:40 - 0:33:32 - At 767-th epoch with lr 0.000457.
INFO - 01/12/26 17:55:42 - 0:33:34 - Running average train loss is 0.6831296300888061 at epoch 767
INFO - 01/12/26 17:55:42 - 0:33:34 - At 768-th epoch with lr 0.000456.
INFO - 01/12/26 17:55:45 - 0:33:37 - Running average train loss is 0.6832444286346435 at epoch 768
INFO - 01/12/26 17:55:45 - 0:33:37 - Average dev loss is 0.762980063756307 at epoch 768
INFO - 01/12/26 17:55:46 - 0:33:37 - dev accuracy is 88.3 at epoch 768
INFO - 01/12/26 17:55:46 - 0:33:37 - dev average edit distance is 0.456 at epoch 768
INFO - 01/12/26 17:55:46 - 0:33:37 - At 769-th epoch with lr 0.000456.
INFO - 01/12/26 17:55:48 - 0:33:40 - Running average train loss is 0.6830974197387696 at epoch 769
INFO - 01/12/26 17:55:48 - 0:33:40 - At 770-th epoch with lr 0.000456.
INFO - 01/12/26 17:55:51 - 0:33:43 - Running average train loss is 0.6832460951805115 at epoch 770
INFO - 01/12/26 17:55:51 - 0:33:43 - At 771-th epoch with lr 0.000456.
INFO - 01/12/26 17:55:54 - 0:33:45 - Running average train loss is 0.6829233956336975 at epoch 771
INFO - 01/12/26 17:55:54 - 0:33:45 - At 772-th epoch with lr 0.000455.
INFO - 01/12/26 17:55:56 - 0:33:48 - Running average train loss is 0.6830109167098999 at epoch 772
INFO - 01/12/26 17:55:56 - 0:33:48 - At 773-th epoch with lr 0.000455.
INFO - 01/12/26 17:55:59 - 0:33:50 - Running average train loss is 0.6832654690742492 at epoch 773
INFO - 01/12/26 17:55:59 - 0:33:50 - At 774-th epoch with lr 0.000455.
INFO - 01/12/26 17:56:01 - 0:33:53 - Running average train loss is 0.682804663181305 at epoch 774
INFO - 01/12/26 17:56:01 - 0:33:53 - At 775-th epoch with lr 0.000454.
INFO - 01/12/26 17:56:04 - 0:33:55 - Running average train loss is 0.6829964637756347 at epoch 775
INFO - 01/12/26 17:56:04 - 0:33:55 - At 776-th epoch with lr 0.000454.
INFO - 01/12/26 17:56:06 - 0:33:58 - Running average train loss is 0.6826040911674499 at epoch 776
INFO - 01/12/26 17:56:06 - 0:33:58 - At 777-th epoch with lr 0.000454.
INFO - 01/12/26 17:56:09 - 0:34:00 - Running average train loss is 0.6829331254959107 at epoch 777
INFO - 01/12/26 17:56:09 - 0:34:00 - At 778-th epoch with lr 0.000453.
INFO - 01/12/26 17:56:11 - 0:34:03 - Running average train loss is 0.6831274461746216 at epoch 778
INFO - 01/12/26 17:56:11 - 0:34:03 - At 779-th epoch with lr 0.000453.
INFO - 01/12/26 17:56:14 - 0:34:05 - Running average train loss is 0.6827245402336121 at epoch 779
INFO - 01/12/26 17:56:14 - 0:34:05 - At 780-th epoch with lr 0.000453.
INFO - 01/12/26 17:56:16 - 0:34:08 - Running average train loss is 0.683235433101654 at epoch 780
INFO - 01/12/26 17:56:16 - 0:34:08 - At 781-th epoch with lr 0.000453.
INFO - 01/12/26 17:56:19 - 0:34:10 - Running average train loss is 0.6830953860282898 at epoch 781
INFO - 01/12/26 17:56:19 - 0:34:10 - At 782-th epoch with lr 0.000452.
INFO - 01/12/26 17:56:21 - 0:34:13 - Running average train loss is 0.6827770042419433 at epoch 782
INFO - 01/12/26 17:56:21 - 0:34:13 - At 783-th epoch with lr 0.000452.
INFO - 01/12/26 17:56:24 - 0:34:15 - Running average train loss is 0.682736473083496 at epoch 783
INFO - 01/12/26 17:56:24 - 0:34:15 - At 784-th epoch with lr 0.000452.
INFO - 01/12/26 17:56:26 - 0:34:18 - Running average train loss is 0.6827519536018372 at epoch 784
INFO - 01/12/26 17:56:26 - 0:34:18 - Average dev loss is 0.7642269730567932 at epoch 784
INFO - 01/12/26 17:56:27 - 0:34:19 - dev accuracy is 87.8 at epoch 784
INFO - 01/12/26 17:56:27 - 0:34:19 - dev average edit distance is 0.418 at epoch 784
INFO - 01/12/26 17:56:27 - 0:34:19 - At 785-th epoch with lr 0.000451.
INFO - 01/12/26 17:56:30 - 0:34:21 - Running average train loss is 0.6830482101440429 at epoch 785
INFO - 01/12/26 17:56:30 - 0:34:21 - At 786-th epoch with lr 0.000451.
INFO - 01/12/26 17:56:32 - 0:34:24 - Running average train loss is 0.682733154296875 at epoch 786
INFO - 01/12/26 17:56:32 - 0:34:24 - At 787-th epoch with lr 0.000451.
INFO - 01/12/26 17:56:35 - 0:34:27 - Running average train loss is 0.6830243015289307 at epoch 787
INFO - 01/12/26 17:56:35 - 0:34:27 - At 788-th epoch with lr 0.000451.
INFO - 01/12/26 17:56:37 - 0:34:29 - Running average train loss is 0.6829264640808106 at epoch 788
INFO - 01/12/26 17:56:37 - 0:34:29 - At 789-th epoch with lr 0.000450.
INFO - 01/12/26 17:56:40 - 0:34:32 - Running average train loss is 0.6828429675102234 at epoch 789
INFO - 01/12/26 17:56:40 - 0:34:32 - At 790-th epoch with lr 0.000450.
INFO - 01/12/26 17:56:42 - 0:34:34 - Running average train loss is 0.6829537224769592 at epoch 790
INFO - 01/12/26 17:56:42 - 0:34:34 - At 791-th epoch with lr 0.000450.
INFO - 01/12/26 17:56:45 - 0:34:37 - Running average train loss is 0.6826337814331055 at epoch 791
INFO - 01/12/26 17:56:45 - 0:34:37 - At 792-th epoch with lr 0.000449.
INFO - 01/12/26 17:56:48 - 0:34:39 - Running average train loss is 0.6825518226623535 at epoch 792
INFO - 01/12/26 17:56:48 - 0:34:39 - At 793-th epoch with lr 0.000449.
INFO - 01/12/26 17:56:50 - 0:34:42 - Running average train loss is 0.6829664635658265 at epoch 793
INFO - 01/12/26 17:56:50 - 0:34:42 - At 794-th epoch with lr 0.000449.
INFO - 01/12/26 17:56:53 - 0:34:44 - Running average train loss is 0.6826732516288757 at epoch 794
INFO - 01/12/26 17:56:53 - 0:34:44 - At 795-th epoch with lr 0.000449.
INFO - 01/12/26 17:56:55 - 0:34:47 - Running average train loss is 0.6825412034988403 at epoch 795
INFO - 01/12/26 17:56:55 - 0:34:47 - At 796-th epoch with lr 0.000448.
INFO - 01/12/26 17:56:58 - 0:34:50 - Running average train loss is 0.6828030037879944 at epoch 796
INFO - 01/12/26 17:56:58 - 0:34:50 - At 797-th epoch with lr 0.000448.
INFO - 01/12/26 17:57:00 - 0:34:52 - Running average train loss is 0.6825331091880799 at epoch 797
INFO - 01/12/26 17:57:00 - 0:34:52 - At 798-th epoch with lr 0.000448.
INFO - 01/12/26 17:57:03 - 0:34:55 - Running average train loss is 0.6829273653030395 at epoch 798
INFO - 01/12/26 17:57:03 - 0:34:55 - At 799-th epoch with lr 0.000447.
INFO - 01/12/26 17:57:06 - 0:34:57 - Running average train loss is 0.6825444197654724 at epoch 799
INFO - 01/12/26 17:57:06 - 0:34:57 - Average dev loss is 0.7535196940104166 at epoch 799
INFO - 01/12/26 17:57:06 - 0:34:58 - dev accuracy is 88.6 at epoch 799
INFO - 01/12/26 17:57:06 - 0:34:58 - dev average edit distance is 0.423 at epoch 799
INFO - 01/12/26 17:57:06 - 0:34:58 - loading checkpoints/sig23/tagtransformer/rus.nll_0.7638.acc_89.9.dist_0.426.epoch_448 for testing
INFO - 01/12/26 17:57:06 - 0:34:58 - load model in checkpoints/sig23/tagtransformer/rus.nll_0.7638.acc_89.9.dist_0.426.epoch_448
INFO - 01/12/26 17:57:07 - 0:34:58 - Average dev loss is 0.7637920180956522 at epoch -1
INFO - 01/12/26 17:57:07 - 0:34:58 - decoding dev set
INFO - 01/12/26 17:57:08 - 0:34:59 - finished decoding 1000 dev instance
INFO - 01/12/26 17:57:08 - 0:34:59 - DEV accuracy is 89.9 at epoch -1
INFO - 01/12/26 17:57:08 - 0:34:59 - DEV average edit distance is 0.426 at epoch -1
INFO - 01/12/26 17:57:08 - 0:34:59 - DEV rus acc 89.9 dist 0.426
INFO - 01/12/26 17:57:08 - 0:35:00 - Average test loss is 0.862873375415802 at epoch -1
INFO - 01/12/26 17:57:08 - 0:35:00 - decoding test set
INFO - 01/12/26 17:57:09 - 0:35:01 - finished decoding 1000 test instance
INFO - 01/12/26 17:57:09 - 0:35:01 - TEST accuracy is 91.3 at epoch -1
INFO - 01/12/26 17:57:09 - 0:35:01 - TEST average edit distance is 0.355 at epoch -1
INFO - 01/12/26 17:57:09 - 0:35:01 - TEST rus acc 91.3 dist 0.355
INFO - 01/12/26 18:23:00 - 0:00:00 - command line argument: seed - 0
INFO - 01/12/26 18:23:00 - 0:00:00 - command line argument: train - ['../../2023InflectionST/part1/data/rus.trn']
INFO - 01/12/26 18:23:00 - 0:00:00 - command line argument: dev - ['../../2023InflectionST/part1/data/rus.dev']
INFO - 01/12/26 18:23:00 - 0:00:00 - command line argument: test - ['../../2023InflectionST/part1/data/rus.tst']
INFO - 01/12/26 18:23:00 - 0:00:00 - command line argument: model - 'checkpoints/sig23/tagtransformer/rus'
INFO - 01/12/26 18:23:00 - 0:00:00 - command line argument: load - ''
INFO - 01/12/26 18:23:00 - 0:00:00 - command line argument: bs - 400
INFO - 01/12/26 18:23:00 - 0:00:00 - command line argument: epochs - 20
INFO - 01/12/26 18:23:00 - 0:00:00 - command line argument: max_steps - 20000
INFO - 01/12/26 18:23:00 - 0:00:00 - command line argument: warmup_steps - 4000
INFO - 01/12/26 18:23:00 - 0:00:00 - command line argument: total_eval - 50
INFO - 01/12/26 18:23:00 - 0:00:00 - command line argument: optimizer - <Optimizer.adam: 'adam'>
INFO - 01/12/26 18:23:00 - 0:00:00 - command line argument: scheduler - <Scheduler.warmupinvsqr: 'warmupinvsqr'>
INFO - 01/12/26 18:23:00 - 0:00:00 - command line argument: lr - 0.001
INFO - 01/12/26 18:23:00 - 0:00:00 - command line argument: min_lr - 1e-05
INFO - 01/12/26 18:23:00 - 0:00:00 - command line argument: momentum - 0.9
INFO - 01/12/26 18:23:00 - 0:00:00 - command line argument: beta1 - 0.9
INFO - 01/12/26 18:23:00 - 0:00:00 - command line argument: beta2 - 0.98
INFO - 01/12/26 18:23:00 - 0:00:00 - command line argument: estop - 1e-08
INFO - 01/12/26 18:23:00 - 0:00:00 - command line argument: cooldown - 0
INFO - 01/12/26 18:23:00 - 0:00:00 - command line argument: patience - 0
INFO - 01/12/26 18:23:00 - 0:00:00 - command line argument: discount_factor - 0.5
INFO - 01/12/26 18:23:00 - 0:00:00 - command line argument: max_norm - 1.0
INFO - 01/12/26 18:23:00 - 0:00:00 - command line argument: gpuid - [0]
INFO - 01/12/26 18:23:00 - 0:00:00 - command line argument: loglevel - 'info'
INFO - 01/12/26 18:23:00 - 0:00:00 - command line argument: saveall - False
INFO - 01/12/26 18:23:00 - 0:00:00 - command line argument: shuffle - True
INFO - 01/12/26 18:23:00 - 0:00:00 - command line argument: cleanup_anyway - True
INFO - 01/12/26 18:23:00 - 0:00:00 - command line argument: dataset - <Data.sigmorphon23task0: 'sigmorphon23task0'>
INFO - 01/12/26 18:23:00 - 0:00:00 - command line argument: max_seq_len - 128
INFO - 01/12/26 18:23:00 - 0:00:00 - command line argument: max_decode_len - 32
INFO - 01/12/26 18:23:00 - 0:00:00 - command line argument: decode_beam_size - 5
INFO - 01/12/26 18:23:00 - 0:00:00 - command line argument: init - ''
INFO - 01/12/26 18:23:00 - 0:00:00 - command line argument: dropout - 0.3
INFO - 01/12/26 18:23:00 - 0:00:00 - command line argument: embed_dim - 256
INFO - 01/12/26 18:23:00 - 0:00:00 - command line argument: nb_heads - 4
INFO - 01/12/26 18:23:00 - 0:00:00 - command line argument: src_layer - 4
INFO - 01/12/26 18:23:00 - 0:00:00 - command line argument: trg_layer - 4
INFO - 01/12/26 18:23:00 - 0:00:00 - command line argument: src_hs - 1024
INFO - 01/12/26 18:23:00 - 0:00:00 - command line argument: trg_hs - 1024
INFO - 01/12/26 18:23:00 - 0:00:00 - command line argument: label_smooth - 0.1
INFO - 01/12/26 18:23:00 - 0:00:00 - command line argument: tie_trg_embed - False
INFO - 01/12/26 18:23:00 - 0:00:00 - command line argument: arch - <Arch.tagtransformer: 'tagtransformer'>
INFO - 01/12/26 18:23:00 - 0:00:00 - command line argument: nb_sample - 2
INFO - 01/12/26 18:23:00 - 0:00:00 - command line argument: wid_siz - 11
INFO - 01/12/26 18:23:00 - 0:00:00 - command line argument: indtag - False
INFO - 01/12/26 18:23:00 - 0:00:00 - command line argument: decode - <Decode.greedy: 'greedy'>
INFO - 01/12/26 18:23:00 - 0:00:00 - command line argument: mono - False
INFO - 01/12/26 18:23:00 - 0:00:00 - command line argument: bestacc - True
INFO - 01/12/26 18:23:00 - 0:00:00 - src vocab size 75
INFO - 01/12/26 18:23:00 - 0:00:00 - trg vocab size 41
INFO - 01/12/26 18:23:00 - 0:00:00 - src vocab ['<PAD>', '<BOS>', '<EOS>', '<UNK>', ' ', '-', 'Д', 'М', 'а', 'б', 'в', 'г', 'д', 'е', 'ж', 'з', 'и', 'й', 'к', 'л', 'м', 'н', 'о', 'п', 'р', 'с', 'т', 'у', 'ф', 'х', 'ц', 'ч', 'ш', 'щ', 'ъ', 'ы', 'ь', 'э', 'ю', 'я', 'ё', 'ACC', 'ACT', 'ADJ', 'ANIM', 'DAT', 'ESS', 'FEM', 'FUT', 'GEN', 'IMP', 'INAN', 'INS', 'LGSPEC1', 'MASC', 'N', 'NEUT', 'NFIN', 'NOM', 'NOM-1', 'NOM-2', 'NOM-3', 'NOM-FEM', 'NOM-MASC', 'NOM-NEUT', 'NOM-PL', 'NOM-SG', 'PASS', 'PL', 'PRS', 'PST', 'SG', 'V', 'V.CVB', 'V.PTCP']
INFO - 01/12/26 18:23:00 - 0:00:00 - trg vocab ['<PAD>', '<BOS>', '<EOS>', '<UNK>', ' ', '-', 'Д', 'М', 'а', 'б', 'в', 'г', 'д', 'е', 'ж', 'з', 'и', 'й', 'к', 'л', 'м', 'н', 'о', 'п', 'р', 'с', 'т', 'у', 'ф', 'х', 'ц', 'ч', 'ш', 'щ', 'ъ', 'ы', 'ь', 'э', 'ю', 'я', 'ё']
INFO - 01/12/26 18:23:00 - 0:00:00 - model: TagTransformer(
                                       (src_embed): Embedding(75, 256, padding_idx=0)
                                       (trg_embed): Embedding(41, 256, padding_idx=0)
                                       (position_embed): SinusoidalPositionalEmbedding()
                                       (encoder): TransformerEncoder(
                                         (layers): ModuleList(
                                           (0): TransformerEncoderLayer(
                                             (self_attn): MultiheadAttention(
                                               (out_proj): _LinearWithBias(in_features=256, out_features=256, bias=True)
                                             )
                                             (linear1): Linear(in_features=256, out_features=1024, bias=True)
                                             (dropout): Dropout(p=0.3, inplace=False)
                                             (linear2): Linear(in_features=1024, out_features=256, bias=True)
                                             (norm1): LayerNorm((256,), eps=1e-05, elementwise_affine=True)
                                             (norm2): LayerNorm((256,), eps=1e-05, elementwise_affine=True)
                                             (activation_dropout): Dropout(p=0.3, inplace=False)
                                           )
                                           (1): TransformerEncoderLayer(
                                             (self_attn): MultiheadAttention(
                                               (out_proj): _LinearWithBias(in_features=256, out_features=256, bias=True)
                                             )
                                             (linear1): Linear(in_features=256, out_features=1024, bias=True)
                                             (dropout): Dropout(p=0.3, inplace=False)
                                             (linear2): Linear(in_features=1024, out_features=256, bias=True)
                                             (norm1): LayerNorm((256,), eps=1e-05, elementwise_affine=True)
                                             (norm2): LayerNorm((256,), eps=1e-05, elementwise_affine=True)
                                             (activation_dropout): Dropout(p=0.3, inplace=False)
                                           )
                                           (2): TransformerEncoderLayer(
                                             (self_attn): MultiheadAttention(
                                               (out_proj): _LinearWithBias(in_features=256, out_features=256, bias=True)
                                             )
                                             (linear1): Linear(in_features=256, out_features=1024, bias=True)
                                             (dropout): Dropout(p=0.3, inplace=False)
                                             (linear2): Linear(in_features=1024, out_features=256, bias=True)
                                             (norm1): LayerNorm((256,), eps=1e-05, elementwise_affine=True)
                                             (norm2): LayerNorm((256,), eps=1e-05, elementwise_affine=True)
                                             (activation_dropout): Dropout(p=0.3, inplace=False)
                                           )
                                           (3): TransformerEncoderLayer(
                                             (self_attn): MultiheadAttention(
                                               (out_proj): _LinearWithBias(in_features=256, out_features=256, bias=True)
                                             )
                                             (linear1): Linear(in_features=256, out_features=1024, bias=True)
                                             (dropout): Dropout(p=0.3, inplace=False)
                                             (linear2): Linear(in_features=1024, out_features=256, bias=True)
                                             (norm1): LayerNorm((256,), eps=1e-05, elementwise_affine=True)
                                             (norm2): LayerNorm((256,), eps=1e-05, elementwise_affine=True)
                                             (activation_dropout): Dropout(p=0.3, inplace=False)
                                           )
                                         )
                                         (norm): LayerNorm((256,), eps=1e-05, elementwise_affine=True)
                                       )
                                       (decoder): TransformerDecoder(
                                         (layers): ModuleList(
                                           (0): TransformerDecoderLayer(
                                             (self_attn): MultiheadAttention(
                                               (out_proj): _LinearWithBias(in_features=256, out_features=256, bias=True)
                                             )
                                             (multihead_attn): MultiheadAttention(
                                               (out_proj): _LinearWithBias(in_features=256, out_features=256, bias=True)
                                             )
                                             (linear1): Linear(in_features=256, out_features=1024, bias=True)
                                             (dropout): Dropout(p=0.3, inplace=False)
                                             (linear2): Linear(in_features=1024, out_features=256, bias=True)
                                             (norm1): LayerNorm((256,), eps=1e-05, elementwise_affine=True)
                                             (norm2): LayerNorm((256,), eps=1e-05, elementwise_affine=True)
                                             (norm3): LayerNorm((256,), eps=1e-05, elementwise_affine=True)
                                             (activation_dropout): Dropout(p=0.3, inplace=False)
                                           )
                                           (1): TransformerDecoderLayer(
                                             (self_attn): MultiheadAttention(
                                               (out_proj): _LinearWithBias(in_features=256, out_features=256, bias=True)
                                             )
                                             (multihead_attn): MultiheadAttention(
                                               (out_proj): _LinearWithBias(in_features=256, out_features=256, bias=True)
                                             )
                                             (linear1): Linear(in_features=256, out_features=1024, bias=True)
                                             (dropout): Dropout(p=0.3, inplace=False)
                                             (linear2): Linear(in_features=1024, out_features=256, bias=True)
                                             (norm1): LayerNorm((256,), eps=1e-05, elementwise_affine=True)
                                             (norm2): LayerNorm((256,), eps=1e-05, elementwise_affine=True)
                                             (norm3): LayerNorm((256,), eps=1e-05, elementwise_affine=True)
                                             (activation_dropout): Dropout(p=0.3, inplace=False)
                                           )
                                           (2): TransformerDecoderLayer(
                                             (self_attn): MultiheadAttention(
                                               (out_proj): _LinearWithBias(in_features=256, out_features=256, bias=True)
                                             )
                                             (multihead_attn): MultiheadAttention(
                                               (out_proj): _LinearWithBias(in_features=256, out_features=256, bias=True)
                                             )
                                             (linear1): Linear(in_features=256, out_features=1024, bias=True)
                                             (dropout): Dropout(p=0.3, inplace=False)
                                             (linear2): Linear(in_features=1024, out_features=256, bias=True)
                                             (norm1): LayerNorm((256,), eps=1e-05, elementwise_affine=True)
                                             (norm2): LayerNorm((256,), eps=1e-05, elementwise_affine=True)
                                             (norm3): LayerNorm((256,), eps=1e-05, elementwise_affine=True)
                                             (activation_dropout): Dropout(p=0.3, inplace=False)
                                           )
                                           (3): TransformerDecoderLayer(
                                             (self_attn): MultiheadAttention(
                                               (out_proj): _LinearWithBias(in_features=256, out_features=256, bias=True)
                                             )
                                             (multihead_attn): MultiheadAttention(
                                               (out_proj): _LinearWithBias(in_features=256, out_features=256, bias=True)
                                             )
                                             (linear1): Linear(in_features=256, out_features=1024, bias=True)
                                             (dropout): Dropout(p=0.3, inplace=False)
                                             (linear2): Linear(in_features=1024, out_features=256, bias=True)
                                             (norm1): LayerNorm((256,), eps=1e-05, elementwise_affine=True)
                                             (norm2): LayerNorm((256,), eps=1e-05, elementwise_affine=True)
                                             (norm3): LayerNorm((256,), eps=1e-05, elementwise_affine=True)
                                             (activation_dropout): Dropout(p=0.3, inplace=False)
                                           )
                                         )
                                         (norm): LayerNorm((256,), eps=1e-05, elementwise_affine=True)
                                       )
                                       (final_out): Linear(in_features=256, out_features=41, bias=True)
                                       (dropout): Dropout(p=0.3, inplace=False)
                                       (special_embeddings): Embedding(2, 256)
                                     )
INFO - 01/12/26 18:23:00 - 0:00:00 - number of parameter 7414569
INFO - 01/12/26 18:23:06 - 0:00:06 - maximum training 20000 steps (800 epochs)
INFO - 01/12/26 18:23:06 - 0:00:06 - evaluate every 16 epochs
INFO - 01/12/26 18:23:06 - 0:00:06 - At 0-th epoch with lr 0.000000.
INFO - 01/12/26 18:23:11 - 0:00:11 - Running average train loss is 4.466632556915283 at epoch 0
INFO - 01/12/26 18:23:11 - 0:00:11 - At 1-th epoch with lr 0.000006.
INFO - 01/12/26 18:23:14 - 0:00:14 - Running average train loss is 3.933753099441528 at epoch 1
INFO - 01/12/26 18:23:14 - 0:00:14 - At 2-th epoch with lr 0.000013.
INFO - 01/12/26 18:23:16 - 0:00:17 - Running average train loss is 3.5227068138122557 at epoch 2
INFO - 01/12/26 18:23:16 - 0:00:17 - At 3-th epoch with lr 0.000019.
INFO - 01/12/26 18:23:19 - 0:00:19 - Running average train loss is 3.3175150108337403 at epoch 3
INFO - 01/12/26 18:23:19 - 0:00:19 - At 4-th epoch with lr 0.000025.
INFO - 01/12/26 18:23:21 - 0:00:22 - Running average train loss is 3.1883158016204836 at epoch 4
INFO - 01/12/26 18:23:21 - 0:00:22 - At 5-th epoch with lr 0.000031.
INFO - 01/12/26 18:23:24 - 0:00:24 - Running average train loss is 3.044326286315918 at epoch 5
INFO - 01/12/26 18:23:24 - 0:00:24 - At 6-th epoch with lr 0.000037.
INFO - 01/12/26 18:23:27 - 0:00:27 - Running average train loss is 2.8950077533721923 at epoch 6
INFO - 01/12/26 18:23:27 - 0:00:27 - At 7-th epoch with lr 0.000044.
INFO - 01/12/26 18:23:29 - 0:00:29 - Running average train loss is 2.7616695499420167 at epoch 7
INFO - 01/12/26 18:23:29 - 0:00:29 - At 8-th epoch with lr 0.000050.
INFO - 01/12/26 18:23:32 - 0:00:32 - Running average train loss is 2.6441051197052 at epoch 8
INFO - 01/12/26 18:23:32 - 0:00:32 - At 9-th epoch with lr 0.000056.
INFO - 01/12/26 18:23:34 - 0:00:34 - Running average train loss is 2.5276790142059324 at epoch 9
INFO - 01/12/26 18:23:34 - 0:00:34 - At 10-th epoch with lr 0.000063.
INFO - 01/12/26 18:23:37 - 0:00:37 - Running average train loss is 2.4023337078094484 at epoch 10
INFO - 01/12/26 18:23:37 - 0:00:37 - At 11-th epoch with lr 0.000069.
INFO - 01/12/26 18:23:39 - 0:00:39 - Running average train loss is 2.2479896926879883 at epoch 11
INFO - 01/12/26 18:23:39 - 0:00:39 - At 12-th epoch with lr 0.000075.
INFO - 01/12/26 18:23:42 - 0:00:42 - Running average train loss is 2.0915073013305663 at epoch 12
INFO - 01/12/26 18:23:42 - 0:00:42 - At 13-th epoch with lr 0.000081.
INFO - 01/12/26 18:23:44 - 0:00:44 - Running average train loss is 1.9571400451660157 at epoch 13
INFO - 01/12/26 18:23:44 - 0:00:44 - At 14-th epoch with lr 0.000087.
INFO - 01/12/26 18:23:47 - 0:00:47 - Running average train loss is 1.8291318273544313 at epoch 14
INFO - 01/12/26 18:23:47 - 0:00:47 - At 15-th epoch with lr 0.000094.
INFO - 01/12/26 18:23:49 - 0:00:50 - Running average train loss is 1.7211244916915893 at epoch 15
INFO - 01/12/26 18:23:49 - 0:00:50 - At 16-th epoch with lr 0.000100.
INFO - 01/12/26 18:23:52 - 0:00:52 - Running average train loss is 1.6196337938308716 at epoch 16
INFO - 01/12/26 18:23:52 - 0:00:52 - Average dev loss is 1.2344690561294556 at epoch 16
INFO - 01/12/26 18:23:53 - 0:00:53 - dev accuracy is 23.9 at epoch 16
INFO - 01/12/26 18:23:53 - 0:00:53 - dev average edit distance is 2.2 at epoch 16
INFO - 01/12/26 18:23:53 - 0:00:53 - At 17-th epoch with lr 0.000106.
INFO - 01/12/26 18:23:55 - 0:00:55 - Running average train loss is 1.538374013900757 at epoch 17
INFO - 01/12/26 18:23:55 - 0:00:55 - At 18-th epoch with lr 0.000113.
INFO - 01/12/26 18:23:58 - 0:00:58 - Running average train loss is 1.4608191537857056 at epoch 18
INFO - 01/12/26 18:23:58 - 0:00:58 - At 19-th epoch with lr 0.000119.
INFO - 01/12/26 18:24:00 - 0:01:01 - Running average train loss is 1.4023038864135742 at epoch 19
INFO - 01/12/26 18:24:00 - 0:01:01 - At 20-th epoch with lr 0.000125.
INFO - 01/12/26 18:24:03 - 0:01:03 - Running average train loss is 1.345560541152954 at epoch 20
INFO - 01/12/26 18:24:03 - 0:01:03 - At 21-th epoch with lr 0.000131.
INFO - 01/12/26 18:24:05 - 0:01:06 - Running average train loss is 1.2932104969024658 at epoch 21
INFO - 01/12/26 18:24:05 - 0:01:06 - At 22-th epoch with lr 0.000138.
INFO - 01/12/26 18:24:08 - 0:01:08 - Running average train loss is 1.2527787113189697 at epoch 22
INFO - 01/12/26 18:24:08 - 0:01:08 - At 23-th epoch with lr 0.000144.
INFO - 01/12/26 18:24:11 - 0:01:11 - Running average train loss is 1.2128097295761109 at epoch 23
INFO - 01/12/26 18:24:11 - 0:01:11 - At 24-th epoch with lr 0.000150.
INFO - 01/12/26 18:24:13 - 0:01:14 - Running average train loss is 1.1757976198196411 at epoch 24
INFO - 01/12/26 18:24:13 - 0:01:14 - At 25-th epoch with lr 0.000156.
INFO - 01/12/26 18:24:16 - 0:01:16 - Running average train loss is 1.1424651336669922 at epoch 25
INFO - 01/12/26 18:24:16 - 0:01:16 - At 26-th epoch with lr 0.000163.
INFO - 01/12/26 18:24:19 - 0:01:19 - Running average train loss is 1.1113072395324708 at epoch 26
INFO - 01/12/26 18:24:19 - 0:01:19 - At 27-th epoch with lr 0.000169.
INFO - 01/12/26 18:24:22 - 0:01:22 - Running average train loss is 1.0825515842437745 at epoch 27
INFO - 01/12/26 18:24:22 - 0:01:22 - At 28-th epoch with lr 0.000175.
INFO - 01/12/26 18:24:24 - 0:01:24 - Running average train loss is 1.0575589084625243 at epoch 28
INFO - 01/12/26 18:24:24 - 0:01:24 - At 29-th epoch with lr 0.000181.
INFO - 01/12/26 18:24:27 - 0:01:27 - Running average train loss is 1.0339458036422728 at epoch 29
INFO - 01/12/26 18:24:27 - 0:01:27 - At 30-th epoch with lr 0.000188.
INFO - 01/12/26 18:24:29 - 0:01:29 - Running average train loss is 1.0109379720687866 at epoch 30
INFO - 01/12/26 18:24:29 - 0:01:29 - At 31-th epoch with lr 0.000194.
INFO - 01/12/26 18:24:32 - 0:01:32 - Running average train loss is 0.9894816875457764 at epoch 31
INFO - 01/12/26 18:24:32 - 0:01:32 - At 32-th epoch with lr 0.000200.
INFO - 01/12/26 18:24:34 - 0:01:34 - Running average train loss is 0.9718154072761536 at epoch 32
INFO - 01/12/26 18:24:34 - 0:01:34 - Average dev loss is 0.916493813196818 at epoch 32
INFO - 01/12/26 18:24:35 - 0:01:35 - dev accuracy is 65.9 at epoch 32
INFO - 01/12/26 18:24:35 - 0:01:35 - dev average edit distance is 0.944 at epoch 32
INFO - 01/12/26 18:24:35 - 0:01:35 - At 33-th epoch with lr 0.000206.
INFO - 01/12/26 18:24:38 - 0:01:38 - Running average train loss is 0.9537384939193726 at epoch 33
INFO - 01/12/26 18:24:38 - 0:01:38 - At 34-th epoch with lr 0.000212.
INFO - 01/12/26 18:24:40 - 0:01:40 - Running average train loss is 0.9374279499053955 at epoch 34
INFO - 01/12/26 18:24:40 - 0:01:40 - At 35-th epoch with lr 0.000219.
INFO - 01/12/26 18:24:43 - 0:01:43 - Running average train loss is 0.9239395260810852 at epoch 35
INFO - 01/12/26 18:24:43 - 0:01:43 - At 36-th epoch with lr 0.000225.
INFO - 01/12/26 18:24:45 - 0:01:45 - Running average train loss is 0.9103622126579285 at epoch 36
INFO - 01/12/26 18:24:45 - 0:01:45 - At 37-th epoch with lr 0.000231.
INFO - 01/12/26 18:24:48 - 0:01:48 - Running average train loss is 0.8947058010101319 at epoch 37
INFO - 01/12/26 18:24:48 - 0:01:48 - At 38-th epoch with lr 0.000237.
INFO - 01/12/26 18:24:51 - 0:01:51 - Running average train loss is 0.8817998576164245 at epoch 38
INFO - 01/12/26 18:24:51 - 0:01:51 - At 39-th epoch with lr 0.000244.
INFO - 01/12/26 18:24:53 - 0:01:53 - Running average train loss is 0.8732094764709473 at epoch 39
INFO - 01/12/26 18:24:53 - 0:01:53 - At 40-th epoch with lr 0.000250.
INFO - 01/12/26 18:24:56 - 0:01:56 - Running average train loss is 0.8625528717041016 at epoch 40
INFO - 01/12/26 18:24:56 - 0:01:56 - At 41-th epoch with lr 0.000256.
INFO - 01/12/26 18:24:59 - 0:01:59 - Running average train loss is 0.8517754030227661 at epoch 41
INFO - 01/12/26 18:24:59 - 0:01:59 - At 42-th epoch with lr 0.000263.
INFO - 01/12/26 18:25:01 - 0:02:01 - Running average train loss is 0.843900933265686 at epoch 42
INFO - 01/12/26 18:25:01 - 0:02:01 - At 43-th epoch with lr 0.000269.
INFO - 01/12/26 18:25:04 - 0:02:04 - Running average train loss is 0.8349960947036743 at epoch 43
INFO - 01/12/26 18:25:04 - 0:02:04 - At 44-th epoch with lr 0.000275.
INFO - 01/12/26 18:25:06 - 0:02:06 - Running average train loss is 0.8294215703010559 at epoch 44
INFO - 01/12/26 18:25:06 - 0:02:06 - At 45-th epoch with lr 0.000281.
INFO - 01/12/26 18:25:09 - 0:02:09 - Running average train loss is 0.8202313804626464 at epoch 45
INFO - 01/12/26 18:25:09 - 0:02:09 - At 46-th epoch with lr 0.000287.
INFO - 01/12/26 18:25:11 - 0:02:11 - Running average train loss is 0.8149292373657226 at epoch 46
INFO - 01/12/26 18:25:11 - 0:02:11 - At 47-th epoch with lr 0.000294.
INFO - 01/12/26 18:25:14 - 0:02:14 - Running average train loss is 0.809726951122284 at epoch 47
INFO - 01/12/26 18:25:14 - 0:02:14 - At 48-th epoch with lr 0.000300.
INFO - 01/12/26 18:25:16 - 0:02:16 - Running average train loss is 0.8026295948028564 at epoch 48
INFO - 01/12/26 18:25:16 - 0:02:16 - Average dev loss is 0.7939510146776835 at epoch 48
INFO - 01/12/26 18:25:17 - 0:02:17 - dev accuracy is 81.8 at epoch 48
INFO - 01/12/26 18:25:17 - 0:02:17 - dev average edit distance is 0.655 at epoch 48
INFO - 01/12/26 18:25:17 - 0:02:17 - At 49-th epoch with lr 0.000306.
INFO - 01/12/26 18:25:20 - 0:02:20 - Running average train loss is 0.797879433631897 at epoch 49
INFO - 01/12/26 18:25:20 - 0:02:20 - At 50-th epoch with lr 0.000313.
INFO - 01/12/26 18:25:22 - 0:02:22 - Running average train loss is 0.7922546458244324 at epoch 50
INFO - 01/12/26 18:25:22 - 0:02:22 - At 51-th epoch with lr 0.000319.
INFO - 01/12/26 18:25:25 - 0:02:25 - Running average train loss is 0.7888821220397949 at epoch 51
INFO - 01/12/26 18:25:25 - 0:02:25 - At 52-th epoch with lr 0.000325.
INFO - 01/12/26 18:25:27 - 0:02:27 - Running average train loss is 0.7824817371368408 at epoch 52
INFO - 01/12/26 18:25:27 - 0:02:27 - At 53-th epoch with lr 0.000331.
INFO - 01/12/26 18:25:30 - 0:02:30 - Running average train loss is 0.7797238564491272 at epoch 53
INFO - 01/12/26 18:25:30 - 0:02:30 - At 54-th epoch with lr 0.000338.
INFO - 01/12/26 18:25:32 - 0:02:32 - Running average train loss is 0.7749534487724304 at epoch 54
INFO - 01/12/26 18:25:32 - 0:02:32 - At 55-th epoch with lr 0.000344.
INFO - 01/12/26 18:25:35 - 0:02:35 - Running average train loss is 0.771500198841095 at epoch 55
INFO - 01/12/26 18:25:35 - 0:02:35 - At 56-th epoch with lr 0.000350.
INFO - 01/12/26 18:25:37 - 0:02:37 - Running average train loss is 0.7681681394577027 at epoch 56
INFO - 01/12/26 18:25:37 - 0:02:37 - At 57-th epoch with lr 0.000356.
INFO - 01/12/26 18:25:40 - 0:02:40 - Running average train loss is 0.7637454032897949 at epoch 57
INFO - 01/12/26 18:25:40 - 0:02:40 - At 58-th epoch with lr 0.000362.
INFO - 01/12/26 18:25:42 - 0:02:42 - Running average train loss is 0.7623617219924926 at epoch 58
INFO - 01/12/26 18:25:42 - 0:02:42 - At 59-th epoch with lr 0.000369.
INFO - 01/12/26 18:25:45 - 0:02:45 - Running average train loss is 0.759295597076416 at epoch 59
INFO - 01/12/26 18:25:45 - 0:02:45 - At 60-th epoch with lr 0.000375.
INFO - 01/12/26 18:25:47 - 0:02:47 - Running average train loss is 0.7567585730552673 at epoch 60
INFO - 01/12/26 18:25:47 - 0:02:47 - At 61-th epoch with lr 0.000381.
INFO - 01/12/26 18:25:50 - 0:02:50 - Running average train loss is 0.7524883651733398 at epoch 61
INFO - 01/12/26 18:25:50 - 0:02:50 - At 62-th epoch with lr 0.000388.
INFO - 01/12/26 18:25:52 - 0:02:52 - Running average train loss is 0.7508399796485901 at epoch 62
INFO - 01/12/26 18:25:52 - 0:02:52 - At 63-th epoch with lr 0.000394.
INFO - 01/12/26 18:25:55 - 0:02:55 - Running average train loss is 0.7508315682411194 at epoch 63
INFO - 01/12/26 18:25:55 - 0:02:55 - At 64-th epoch with lr 0.000400.
INFO - 01/12/26 18:25:57 - 0:02:57 - Running average train loss is 0.7483955073356628 at epoch 64
INFO - 01/12/26 18:25:57 - 0:02:57 - Average dev loss is 0.7615622083346049 at epoch 64
INFO - 01/12/26 18:25:58 - 0:02:58 - dev accuracy is 87.1 at epoch 64
INFO - 01/12/26 18:25:58 - 0:02:58 - dev average edit distance is 0.468 at epoch 64
INFO - 01/12/26 18:25:58 - 0:02:58 - At 65-th epoch with lr 0.000406.
INFO - 01/12/26 18:26:00 - 0:03:01 - Running average train loss is 0.7464846777915954 at epoch 65
INFO - 01/12/26 18:26:00 - 0:03:01 - At 66-th epoch with lr 0.000412.
INFO - 01/12/26 18:26:03 - 0:03:03 - Running average train loss is 0.7429805636405945 at epoch 66
INFO - 01/12/26 18:26:03 - 0:03:03 - At 67-th epoch with lr 0.000419.
INFO - 01/12/26 18:26:06 - 0:03:06 - Running average train loss is 0.7417387461662293 at epoch 67
INFO - 01/12/26 18:26:06 - 0:03:06 - At 68-th epoch with lr 0.000425.
INFO - 01/12/26 18:26:08 - 0:03:08 - Running average train loss is 0.7392236018180847 at epoch 68
INFO - 01/12/26 18:26:08 - 0:03:08 - At 69-th epoch with lr 0.000431.
INFO - 01/12/26 18:26:11 - 0:03:11 - Running average train loss is 0.738018901348114 at epoch 69
INFO - 01/12/26 18:26:11 - 0:03:11 - At 70-th epoch with lr 0.000438.
INFO - 01/12/26 18:26:13 - 0:03:13 - Running average train loss is 0.7381684470176697 at epoch 70
INFO - 01/12/26 18:26:13 - 0:03:13 - At 71-th epoch with lr 0.000444.
INFO - 01/12/26 18:26:16 - 0:03:16 - Running average train loss is 0.7358646059036255 at epoch 71
INFO - 01/12/26 18:26:16 - 0:03:16 - At 72-th epoch with lr 0.000450.
INFO - 01/12/26 18:26:18 - 0:03:18 - Running average train loss is 0.7355739521980286 at epoch 72
INFO - 01/12/26 18:26:18 - 0:03:18 - At 73-th epoch with lr 0.000456.
INFO - 01/12/26 18:26:21 - 0:03:21 - Running average train loss is 0.7335460615158081 at epoch 73
INFO - 01/12/26 18:26:21 - 0:03:21 - At 74-th epoch with lr 0.000463.
INFO - 01/12/26 18:26:23 - 0:03:23 - Running average train loss is 0.7331393933296204 at epoch 74
INFO - 01/12/26 18:26:23 - 0:03:23 - At 75-th epoch with lr 0.000469.
INFO - 01/12/26 18:26:26 - 0:03:26 - Running average train loss is 0.7316806101799012 at epoch 75
INFO - 01/12/26 18:26:26 - 0:03:26 - At 76-th epoch with lr 0.000475.
INFO - 01/12/26 18:26:28 - 0:03:28 - Running average train loss is 0.7290366792678833 at epoch 76
INFO - 01/12/26 18:26:28 - 0:03:28 - At 77-th epoch with lr 0.000481.
INFO - 01/12/26 18:26:31 - 0:03:31 - Running average train loss is 0.7286659383773804 at epoch 77
INFO - 01/12/26 18:26:31 - 0:03:31 - At 78-th epoch with lr 0.000487.
INFO - 01/12/26 18:26:34 - 0:03:34 - Running average train loss is 0.7256826448440552 at epoch 78
INFO - 01/12/26 18:26:34 - 0:03:34 - At 79-th epoch with lr 0.000494.
INFO - 01/12/26 18:26:36 - 0:03:36 - Running average train loss is 0.7261255693435669 at epoch 79
INFO - 01/12/26 18:26:36 - 0:03:36 - At 80-th epoch with lr 0.000500.
INFO - 01/12/26 18:26:39 - 0:03:39 - Running average train loss is 0.7240001964569092 at epoch 80
INFO - 01/12/26 18:26:39 - 0:03:39 - Average dev loss is 0.7568869789441427 at epoch 80
INFO - 01/12/26 18:26:40 - 0:03:40 - dev accuracy is 87.6 at epoch 80
INFO - 01/12/26 18:26:40 - 0:03:40 - dev average edit distance is 0.505 at epoch 80
INFO - 01/12/26 18:26:40 - 0:03:40 - At 81-th epoch with lr 0.000506.
INFO - 01/12/26 18:26:42 - 0:03:42 - Running average train loss is 0.7241881012916564 at epoch 81
INFO - 01/12/26 18:26:42 - 0:03:42 - At 82-th epoch with lr 0.000512.
INFO - 01/12/26 18:26:45 - 0:03:45 - Running average train loss is 0.7234918665885925 at epoch 82
INFO - 01/12/26 18:26:45 - 0:03:45 - At 83-th epoch with lr 0.000519.
INFO - 01/12/26 18:26:47 - 0:03:47 - Running average train loss is 0.722991235256195 at epoch 83
INFO - 01/12/26 18:26:47 - 0:03:47 - At 84-th epoch with lr 0.000525.
INFO - 01/12/26 18:26:50 - 0:03:50 - Running average train loss is 0.7216590166091919 at epoch 84
INFO - 01/12/26 18:26:50 - 0:03:50 - At 85-th epoch with lr 0.000531.
INFO - 01/12/26 18:26:52 - 0:03:52 - Running average train loss is 0.7196844244003295 at epoch 85
INFO - 01/12/26 18:26:52 - 0:03:52 - At 86-th epoch with lr 0.000538.
INFO - 01/12/26 18:26:55 - 0:03:55 - Running average train loss is 0.7204110836982727 at epoch 86
INFO - 01/12/26 18:26:55 - 0:03:55 - At 87-th epoch with lr 0.000544.
INFO - 01/12/26 18:26:57 - 0:03:57 - Running average train loss is 0.7206017661094666 at epoch 87
INFO - 01/12/26 18:26:57 - 0:03:57 - At 88-th epoch with lr 0.000550.
INFO - 01/12/26 18:27:00 - 0:04:00 - Running average train loss is 0.7188111591339111 at epoch 88
INFO - 01/12/26 18:27:00 - 0:04:00 - At 89-th epoch with lr 0.000556.
INFO - 01/12/26 18:27:02 - 0:04:02 - Running average train loss is 0.718244788646698 at epoch 89
INFO - 01/12/26 18:27:02 - 0:04:02 - At 90-th epoch with lr 0.000563.
INFO - 01/12/26 18:27:05 - 0:04:05 - Running average train loss is 0.7174102640151978 at epoch 90
INFO - 01/12/26 18:27:05 - 0:04:05 - At 91-th epoch with lr 0.000569.
INFO - 01/12/26 18:27:07 - 0:04:07 - Running average train loss is 0.7177633595466614 at epoch 91
INFO - 01/12/26 18:27:07 - 0:04:07 - At 92-th epoch with lr 0.000575.
INFO - 01/12/26 18:27:10 - 0:04:10 - Running average train loss is 0.7161016178131103 at epoch 92
INFO - 01/12/26 18:27:10 - 0:04:10 - At 93-th epoch with lr 0.000581.
INFO - 01/12/26 18:27:12 - 0:04:12 - Running average train loss is 0.7157290554046631 at epoch 93
INFO - 01/12/26 18:27:12 - 0:04:12 - At 94-th epoch with lr 0.000588.
INFO - 01/12/26 18:27:15 - 0:04:15 - Running average train loss is 0.7148962378501892 at epoch 94
INFO - 01/12/26 18:27:15 - 0:04:15 - At 95-th epoch with lr 0.000594.
INFO - 01/12/26 18:27:17 - 0:04:17 - Running average train loss is 0.7144527292251587 at epoch 95
INFO - 01/12/26 18:27:17 - 0:04:17 - At 96-th epoch with lr 0.000600.
INFO - 01/12/26 18:27:20 - 0:04:20 - Running average train loss is 0.7142208313941956 at epoch 96
INFO - 01/12/26 18:27:20 - 0:04:20 - Average dev loss is 0.7657756209373474 at epoch 96
INFO - 01/12/26 18:27:20 - 0:04:21 - dev accuracy is 85.5 at epoch 96
INFO - 01/12/26 18:27:20 - 0:04:21 - dev average edit distance is 0.556 at epoch 96
INFO - 01/12/26 18:27:21 - 0:04:21 - At 97-th epoch with lr 0.000606.
INFO - 01/12/26 18:27:23 - 0:04:23 - Running average train loss is 0.7148491597175598 at epoch 97
INFO - 01/12/26 18:27:23 - 0:04:23 - At 98-th epoch with lr 0.000613.
INFO - 01/12/26 18:27:26 - 0:04:26 - Running average train loss is 0.7142535543441773 at epoch 98
INFO - 01/12/26 18:27:26 - 0:04:26 - At 99-th epoch with lr 0.000619.
INFO - 01/12/26 18:27:28 - 0:04:28 - Running average train loss is 0.7127677941322327 at epoch 99
INFO - 01/12/26 18:27:28 - 0:04:28 - At 100-th epoch with lr 0.000625.
INFO - 01/12/26 18:27:31 - 0:04:31 - Running average train loss is 0.7120335006713867 at epoch 100
INFO - 01/12/26 18:27:31 - 0:04:31 - At 101-th epoch with lr 0.000631.
INFO - 01/12/26 18:27:33 - 0:04:33 - Running average train loss is 0.7110882472991943 at epoch 101
INFO - 01/12/26 18:27:33 - 0:04:33 - At 102-th epoch with lr 0.000637.
INFO - 01/12/26 18:27:36 - 0:04:36 - Running average train loss is 0.7115357112884522 at epoch 102
INFO - 01/12/26 18:27:36 - 0:04:36 - At 103-th epoch with lr 0.000644.
INFO - 01/12/26 18:27:38 - 0:04:38 - Running average train loss is 0.7130571484565735 at epoch 103
INFO - 01/12/26 18:27:38 - 0:04:38 - At 104-th epoch with lr 0.000650.
INFO - 01/12/26 18:27:41 - 0:04:41 - Running average train loss is 0.7123364210128784 at epoch 104
INFO - 01/12/26 18:27:41 - 0:04:41 - At 105-th epoch with lr 0.000656.
INFO - 01/12/26 18:27:43 - 0:04:43 - Running average train loss is 0.7116459774971008 at epoch 105
INFO - 01/12/26 18:27:43 - 0:04:43 - At 106-th epoch with lr 0.000663.
INFO - 01/12/26 18:27:46 - 0:04:46 - Running average train loss is 0.7121105194091797 at epoch 106
INFO - 01/12/26 18:27:46 - 0:04:46 - At 107-th epoch with lr 0.000669.
INFO - 01/12/26 18:27:48 - 0:04:48 - Running average train loss is 0.7096951079368591 at epoch 107
INFO - 01/12/26 18:27:48 - 0:04:48 - At 108-th epoch with lr 0.000675.
INFO - 01/12/26 18:27:51 - 0:04:51 - Running average train loss is 0.7101533246040345 at epoch 108
INFO - 01/12/26 18:27:51 - 0:04:51 - At 109-th epoch with lr 0.000681.
INFO - 01/12/26 18:27:53 - 0:04:53 - Running average train loss is 0.708974072933197 at epoch 109
INFO - 01/12/26 18:27:53 - 0:04:53 - At 110-th epoch with lr 0.000687.
INFO - 01/12/26 18:27:56 - 0:04:56 - Running average train loss is 0.7090684652328492 at epoch 110
INFO - 01/12/26 18:27:56 - 0:04:56 - At 111-th epoch with lr 0.000694.
INFO - 01/12/26 18:27:58 - 0:04:58 - Running average train loss is 0.7090671324729919 at epoch 111
INFO - 01/12/26 18:27:58 - 0:04:58 - At 112-th epoch with lr 0.000700.
INFO - 01/12/26 18:28:01 - 0:05:01 - Running average train loss is 0.7090503454208374 at epoch 112
INFO - 01/12/26 18:28:01 - 0:05:01 - Average dev loss is 0.7622600197792053 at epoch 112
INFO - 01/12/26 18:28:02 - 0:05:02 - dev accuracy is 87.6 at epoch 112
INFO - 01/12/26 18:28:02 - 0:05:02 - dev average edit distance is 0.484 at epoch 112
INFO - 01/12/26 18:28:02 - 0:05:02 - At 113-th epoch with lr 0.000706.
INFO - 01/12/26 18:28:04 - 0:05:04 - Running average train loss is 0.7097097873687744 at epoch 113
INFO - 01/12/26 18:28:04 - 0:05:04 - At 114-th epoch with lr 0.000713.
INFO - 01/12/26 18:28:07 - 0:05:07 - Running average train loss is 0.710338397026062 at epoch 114
INFO - 01/12/26 18:28:07 - 0:05:07 - At 115-th epoch with lr 0.000719.
INFO - 01/12/26 18:28:09 - 0:05:09 - Running average train loss is 0.708429799079895 at epoch 115
INFO - 01/12/26 18:28:09 - 0:05:09 - At 116-th epoch with lr 0.000725.
INFO - 01/12/26 18:28:12 - 0:05:12 - Running average train loss is 0.7083583092689514 at epoch 116
INFO - 01/12/26 18:28:12 - 0:05:12 - At 117-th epoch with lr 0.000731.
INFO - 01/12/26 18:28:14 - 0:05:14 - Running average train loss is 0.7079546165466308 at epoch 117
INFO - 01/12/26 18:28:14 - 0:05:14 - At 118-th epoch with lr 0.000738.
INFO - 01/12/26 18:28:17 - 0:05:17 - Running average train loss is 0.7082306528091431 at epoch 118
INFO - 01/12/26 18:28:17 - 0:05:17 - At 119-th epoch with lr 0.000744.
INFO - 01/12/26 18:28:19 - 0:05:19 - Running average train loss is 0.7080703735351562 at epoch 119
INFO - 01/12/26 18:28:19 - 0:05:19 - At 120-th epoch with lr 0.000750.
INFO - 01/12/26 18:28:22 - 0:05:22 - Running average train loss is 0.7076161170005798 at epoch 120
INFO - 01/12/26 18:28:22 - 0:05:22 - At 121-th epoch with lr 0.000756.
INFO - 01/12/26 18:28:24 - 0:05:25 - Running average train loss is 0.7087067747116089 at epoch 121
INFO - 01/12/26 18:28:24 - 0:05:25 - At 122-th epoch with lr 0.000762.
INFO - 01/12/26 18:28:27 - 0:05:27 - Running average train loss is 0.7071209049224854 at epoch 122
INFO - 01/12/26 18:28:27 - 0:05:27 - At 123-th epoch with lr 0.000769.
INFO - 01/12/26 18:28:29 - 0:05:30 - Running average train loss is 0.7064729356765747 at epoch 123
INFO - 01/12/26 18:28:29 - 0:05:30 - At 124-th epoch with lr 0.000775.
INFO - 01/12/26 18:28:32 - 0:05:32 - Running average train loss is 0.7081227326393127 at epoch 124
INFO - 01/12/26 18:28:32 - 0:05:32 - At 125-th epoch with lr 0.000781.
INFO - 01/12/26 18:28:35 - 0:05:35 - Running average train loss is 0.7079178309440612 at epoch 125
INFO - 01/12/26 18:28:35 - 0:05:35 - At 126-th epoch with lr 0.000788.
INFO - 01/12/26 18:28:37 - 0:05:37 - Running average train loss is 0.706919572353363 at epoch 126
INFO - 01/12/26 18:28:37 - 0:05:37 - At 127-th epoch with lr 0.000794.
INFO - 01/12/26 18:28:40 - 0:05:40 - Running average train loss is 0.7072170066833496 at epoch 127
INFO - 01/12/26 18:28:40 - 0:05:40 - At 128-th epoch with lr 0.000800.
INFO - 01/12/26 18:28:42 - 0:05:42 - Running average train loss is 0.7078828024864197 at epoch 128
INFO - 01/12/26 18:28:42 - 0:05:42 - Average dev loss is 0.7603397766749064 at epoch 128
INFO - 01/12/26 18:28:43 - 0:05:43 - dev accuracy is 87.3 at epoch 128
INFO - 01/12/26 18:28:43 - 0:05:43 - dev average edit distance is 0.509 at epoch 128
INFO - 01/12/26 18:28:43 - 0:05:43 - At 129-th epoch with lr 0.000806.
INFO - 01/12/26 18:28:46 - 0:05:46 - Running average train loss is 0.7076418328285218 at epoch 129
INFO - 01/12/26 18:28:46 - 0:05:46 - At 130-th epoch with lr 0.000813.
INFO - 01/12/26 18:28:48 - 0:05:48 - Running average train loss is 0.7065734052658081 at epoch 130
INFO - 01/12/26 18:28:48 - 0:05:48 - At 131-th epoch with lr 0.000819.
INFO - 01/12/26 18:28:51 - 0:05:51 - Running average train loss is 0.705699987411499 at epoch 131
INFO - 01/12/26 18:28:51 - 0:05:51 - At 132-th epoch with lr 0.000825.
INFO - 01/12/26 18:28:53 - 0:05:53 - Running average train loss is 0.7068391227722168 at epoch 132
INFO - 01/12/26 18:28:53 - 0:05:53 - At 133-th epoch with lr 0.000831.
INFO - 01/12/26 18:28:56 - 0:05:56 - Running average train loss is 0.7078045010566711 at epoch 133
INFO - 01/12/26 18:28:56 - 0:05:56 - At 134-th epoch with lr 0.000838.
INFO - 01/12/26 18:28:59 - 0:05:59 - Running average train loss is 0.7058631086349487 at epoch 134
INFO - 01/12/26 18:28:59 - 0:05:59 - At 135-th epoch with lr 0.000844.
INFO - 01/12/26 18:29:01 - 0:06:01 - Running average train loss is 0.7071818566322327 at epoch 135
INFO - 01/12/26 18:29:01 - 0:06:01 - At 136-th epoch with lr 0.000850.
INFO - 01/12/26 18:29:04 - 0:06:04 - Running average train loss is 0.7053567194938659 at epoch 136
INFO - 01/12/26 18:29:04 - 0:06:04 - At 137-th epoch with lr 0.000856.
INFO - 01/12/26 18:29:06 - 0:06:06 - Running average train loss is 0.7067095255851745 at epoch 137
INFO - 01/12/26 18:29:06 - 0:06:06 - At 138-th epoch with lr 0.000863.
INFO - 01/12/26 18:29:09 - 0:06:09 - Running average train loss is 0.7063456463813782 at epoch 138
INFO - 01/12/26 18:29:09 - 0:06:09 - At 139-th epoch with lr 0.000869.
INFO - 01/12/26 18:29:11 - 0:06:11 - Running average train loss is 0.7045841932296752 at epoch 139
INFO - 01/12/26 18:29:11 - 0:06:11 - At 140-th epoch with lr 0.000875.
INFO - 01/12/26 18:29:14 - 0:06:14 - Running average train loss is 0.7053921461105347 at epoch 140
INFO - 01/12/26 18:29:14 - 0:06:14 - At 141-th epoch with lr 0.000881.
INFO - 01/12/26 18:29:16 - 0:06:16 - Running average train loss is 0.7053454899787903 at epoch 141
INFO - 01/12/26 18:29:16 - 0:06:16 - At 142-th epoch with lr 0.000887.
INFO - 01/12/26 18:29:19 - 0:06:19 - Running average train loss is 0.7043845558166504 at epoch 142
INFO - 01/12/26 18:29:19 - 0:06:19 - At 143-th epoch with lr 0.000894.
INFO - 01/12/26 18:29:21 - 0:06:22 - Running average train loss is 0.7043607854843139 at epoch 143
INFO - 01/12/26 18:29:21 - 0:06:22 - At 144-th epoch with lr 0.000900.
INFO - 01/12/26 18:29:24 - 0:06:24 - Running average train loss is 0.7048697376251221 at epoch 144
INFO - 01/12/26 18:29:24 - 0:06:24 - Average dev loss is 0.7666824261347452 at epoch 144
INFO - 01/12/26 18:29:25 - 0:06:25 - dev accuracy is 86.7 at epoch 144
INFO - 01/12/26 18:29:25 - 0:06:25 - dev average edit distance is 0.523 at epoch 144
INFO - 01/12/26 18:29:25 - 0:06:25 - At 145-th epoch with lr 0.000906.
INFO - 01/12/26 18:29:27 - 0:06:28 - Running average train loss is 0.706688027381897 at epoch 145
INFO - 01/12/26 18:29:27 - 0:06:28 - At 146-th epoch with lr 0.000913.
INFO - 01/12/26 18:29:30 - 0:06:30 - Running average train loss is 0.7040027046203613 at epoch 146
INFO - 01/12/26 18:29:30 - 0:06:30 - At 147-th epoch with lr 0.000919.
INFO - 01/12/26 18:29:32 - 0:06:33 - Running average train loss is 0.7042818903923035 at epoch 147
INFO - 01/12/26 18:29:32 - 0:06:33 - At 148-th epoch with lr 0.000925.
INFO - 01/12/26 18:29:35 - 0:06:35 - Running average train loss is 0.706340434551239 at epoch 148
INFO - 01/12/26 18:29:35 - 0:06:35 - At 149-th epoch with lr 0.000931.
INFO - 01/12/26 18:29:37 - 0:06:38 - Running average train loss is 0.7065160155296326 at epoch 149
INFO - 01/12/26 18:29:37 - 0:06:38 - At 150-th epoch with lr 0.000937.
INFO - 01/12/26 18:29:40 - 0:06:40 - Running average train loss is 0.7064187097549438 at epoch 150
INFO - 01/12/26 18:29:40 - 0:06:40 - At 151-th epoch with lr 0.000944.
INFO - 01/12/26 18:29:43 - 0:06:43 - Running average train loss is 0.7039145660400391 at epoch 151
INFO - 01/12/26 18:29:43 - 0:06:43 - At 152-th epoch with lr 0.000950.
INFO - 01/12/26 18:29:45 - 0:06:45 - Running average train loss is 0.7030520510673522 at epoch 152
INFO - 01/12/26 18:29:45 - 0:06:45 - At 153-th epoch with lr 0.000956.
INFO - 01/12/26 18:29:48 - 0:06:48 - Running average train loss is 0.7061125946044922 at epoch 153
INFO - 01/12/26 18:29:48 - 0:06:48 - At 154-th epoch with lr 0.000963.
INFO - 01/12/26 18:29:50 - 0:06:50 - Running average train loss is 0.7047090792655945 at epoch 154
INFO - 01/12/26 18:29:50 - 0:06:50 - At 155-th epoch with lr 0.000969.
INFO - 01/12/26 18:29:53 - 0:06:53 - Running average train loss is 0.7046518158912659 at epoch 155
INFO - 01/12/26 18:29:53 - 0:06:53 - At 156-th epoch with lr 0.000975.
INFO - 01/12/26 18:29:55 - 0:06:55 - Running average train loss is 0.7052785062789917 at epoch 156
INFO - 01/12/26 18:29:55 - 0:06:55 - At 157-th epoch with lr 0.000981.
INFO - 01/12/26 18:29:58 - 0:06:58 - Running average train loss is 0.703140959739685 at epoch 157
INFO - 01/12/26 18:29:58 - 0:06:58 - At 158-th epoch with lr 0.000988.
INFO - 01/12/26 18:30:00 - 0:07:00 - Running average train loss is 0.7047561454772949 at epoch 158
INFO - 01/12/26 18:30:00 - 0:07:00 - At 159-th epoch with lr 0.000994.
INFO - 01/12/26 18:30:03 - 0:07:03 - Running average train loss is 0.7039843106269836 at epoch 159
INFO - 01/12/26 18:30:03 - 0:07:03 - At 160-th epoch with lr 0.001000.
INFO - 01/12/26 18:30:05 - 0:07:05 - Running average train loss is 0.7036783075332642 at epoch 160
INFO - 01/12/26 18:30:05 - 0:07:05 - Average dev loss is 0.7649896343549093 at epoch 160
INFO - 01/12/26 18:30:06 - 0:07:06 - dev accuracy is 87.4 at epoch 160
INFO - 01/12/26 18:30:06 - 0:07:06 - dev average edit distance is 0.506 at epoch 160
INFO - 01/12/26 18:30:06 - 0:07:06 - At 161-th epoch with lr 0.000997.
INFO - 01/12/26 18:30:08 - 0:07:09 - Running average train loss is 0.7038047599792481 at epoch 161
INFO - 01/12/26 18:30:08 - 0:07:09 - At 162-th epoch with lr 0.000994.
INFO - 01/12/26 18:30:11 - 0:07:11 - Running average train loss is 0.7042497825622559 at epoch 162
INFO - 01/12/26 18:30:11 - 0:07:11 - At 163-th epoch with lr 0.000991.
INFO - 01/12/26 18:30:14 - 0:07:14 - Running average train loss is 0.704070999622345 at epoch 163
INFO - 01/12/26 18:30:14 - 0:07:14 - At 164-th epoch with lr 0.000988.
INFO - 01/12/26 18:30:16 - 0:07:16 - Running average train loss is 0.703662075996399 at epoch 164
INFO - 01/12/26 18:30:16 - 0:07:16 - At 165-th epoch with lr 0.000985.
INFO - 01/12/26 18:30:19 - 0:07:19 - Running average train loss is 0.7036104202270508 at epoch 165
INFO - 01/12/26 18:30:19 - 0:07:19 - At 166-th epoch with lr 0.000982.
INFO - 01/12/26 18:30:21 - 0:07:21 - Running average train loss is 0.7038781499862671 at epoch 166
INFO - 01/12/26 18:30:21 - 0:07:21 - At 167-th epoch with lr 0.000979.
INFO - 01/12/26 18:30:24 - 0:07:24 - Running average train loss is 0.7034927773475647 at epoch 167
INFO - 01/12/26 18:30:24 - 0:07:24 - At 168-th epoch with lr 0.000976.
INFO - 01/12/26 18:30:26 - 0:07:26 - Running average train loss is 0.7017339253425598 at epoch 168
INFO - 01/12/26 18:30:26 - 0:07:26 - At 169-th epoch with lr 0.000973.
INFO - 01/12/26 18:30:29 - 0:07:29 - Running average train loss is 0.7008876299858093 at epoch 169
INFO - 01/12/26 18:30:29 - 0:07:29 - At 170-th epoch with lr 0.000970.
INFO - 01/12/26 18:30:32 - 0:07:32 - Running average train loss is 0.7020299339294434 at epoch 170
INFO - 01/12/26 18:30:32 - 0:07:32 - At 171-th epoch with lr 0.000967.
INFO - 01/12/26 18:30:34 - 0:07:34 - Running average train loss is 0.7008671021461487 at epoch 171
INFO - 01/12/26 18:30:34 - 0:07:34 - At 172-th epoch with lr 0.000964.
INFO - 01/12/26 18:30:37 - 0:07:37 - Running average train loss is 0.7007651543617248 at epoch 172
INFO - 01/12/26 18:30:37 - 0:07:37 - At 173-th epoch with lr 0.000962.
INFO - 01/12/26 18:30:39 - 0:07:39 - Running average train loss is 0.7016163730621338 at epoch 173
INFO - 01/12/26 18:30:39 - 0:07:39 - At 174-th epoch with lr 0.000959.
INFO - 01/12/26 18:30:42 - 0:07:42 - Running average train loss is 0.7013379144668579 at epoch 174
INFO - 01/12/26 18:30:42 - 0:07:42 - At 175-th epoch with lr 0.000956.
INFO - 01/12/26 18:30:45 - 0:07:45 - Running average train loss is 0.7008318972587585 at epoch 175
INFO - 01/12/26 18:30:45 - 0:07:45 - At 176-th epoch with lr 0.000953.
INFO - 01/12/26 18:30:47 - 0:07:47 - Running average train loss is 0.7019075846672058 at epoch 176
INFO - 01/12/26 18:30:47 - 0:07:47 - Average dev loss is 0.7643108367919922 at epoch 176
INFO - 01/12/26 18:30:48 - 0:07:48 - dev accuracy is 88.0 at epoch 176
INFO - 01/12/26 18:30:48 - 0:07:48 - dev average edit distance is 0.514 at epoch 176
INFO - 01/12/26 18:30:48 - 0:07:48 - At 177-th epoch with lr 0.000951.
INFO - 01/12/26 18:30:51 - 0:07:51 - Running average train loss is 0.7014832663536071 at epoch 177
INFO - 01/12/26 18:30:51 - 0:07:51 - At 178-th epoch with lr 0.000948.
INFO - 01/12/26 18:30:53 - 0:07:53 - Running average train loss is 0.7010496997833252 at epoch 178
INFO - 01/12/26 18:30:53 - 0:07:53 - At 179-th epoch with lr 0.000945.
INFO - 01/12/26 18:30:56 - 0:07:56 - Running average train loss is 0.6995359206199646 at epoch 179
INFO - 01/12/26 18:30:56 - 0:07:56 - At 180-th epoch with lr 0.000943.
INFO - 01/12/26 18:30:58 - 0:07:58 - Running average train loss is 0.6998421263694763 at epoch 180
INFO - 01/12/26 18:30:58 - 0:07:58 - At 181-th epoch with lr 0.000940.
INFO - 01/12/26 18:31:01 - 0:08:01 - Running average train loss is 0.6987427735328674 at epoch 181
INFO - 01/12/26 18:31:01 - 0:08:01 - At 182-th epoch with lr 0.000938.
INFO - 01/12/26 18:31:03 - 0:08:03 - Running average train loss is 0.6995738434791565 at epoch 182
INFO - 01/12/26 18:31:03 - 0:08:03 - At 183-th epoch with lr 0.000935.
INFO - 01/12/26 18:31:06 - 0:08:06 - Running average train loss is 0.6998320055007935 at epoch 183
INFO - 01/12/26 18:31:06 - 0:08:06 - At 184-th epoch with lr 0.000933.
INFO - 01/12/26 18:31:08 - 0:08:08 - Running average train loss is 0.6977697563171387 at epoch 184
INFO - 01/12/26 18:31:08 - 0:08:08 - At 185-th epoch with lr 0.000930.
INFO - 01/12/26 18:31:11 - 0:08:11 - Running average train loss is 0.6988410091400147 at epoch 185
INFO - 01/12/26 18:31:11 - 0:08:11 - At 186-th epoch with lr 0.000927.
INFO - 01/12/26 18:31:13 - 0:08:13 - Running average train loss is 0.6993605279922486 at epoch 186
INFO - 01/12/26 18:31:13 - 0:08:13 - At 187-th epoch with lr 0.000925.
INFO - 01/12/26 18:31:15 - 0:08:16 - Running average train loss is 0.6977887845039368 at epoch 187
INFO - 01/12/26 18:31:15 - 0:08:16 - At 188-th epoch with lr 0.000923.
INFO - 01/12/26 18:31:18 - 0:08:18 - Running average train loss is 0.6965641379356384 at epoch 188
INFO - 01/12/26 18:31:18 - 0:08:18 - At 189-th epoch with lr 0.000920.
INFO - 01/12/26 18:31:20 - 0:08:21 - Running average train loss is 0.6965814638137817 at epoch 189
INFO - 01/12/26 18:31:20 - 0:08:21 - At 190-th epoch with lr 0.000918.
INFO - 01/12/26 18:31:23 - 0:08:23 - Running average train loss is 0.6980005884170533 at epoch 190
INFO - 01/12/26 18:31:23 - 0:08:23 - At 191-th epoch with lr 0.000915.
INFO - 01/12/26 18:31:25 - 0:08:26 - Running average train loss is 0.6985224747657776 at epoch 191
INFO - 01/12/26 18:31:25 - 0:08:26 - At 192-th epoch with lr 0.000913.
INFO - 01/12/26 18:31:28 - 0:08:28 - Running average train loss is 0.6983683800697327 at epoch 192
INFO - 01/12/26 18:31:28 - 0:08:28 - Average dev loss is 0.7683989802996317 at epoch 192
INFO - 01/12/26 18:31:29 - 0:08:29 - dev accuracy is 87.5 at epoch 192
INFO - 01/12/26 18:31:29 - 0:08:29 - dev average edit distance is 0.522 at epoch 192
INFO - 01/12/26 18:31:29 - 0:08:29 - At 193-th epoch with lr 0.000911.
INFO - 01/12/26 18:31:32 - 0:08:32 - Running average train loss is 0.6982571482658386 at epoch 193
INFO - 01/12/26 18:31:32 - 0:08:32 - At 194-th epoch with lr 0.000908.
INFO - 01/12/26 18:31:34 - 0:08:34 - Running average train loss is 0.6961742091178894 at epoch 194
INFO - 01/12/26 18:31:34 - 0:08:34 - At 195-th epoch with lr 0.000906.
INFO - 01/12/26 18:31:37 - 0:08:37 - Running average train loss is 0.6974123072624206 at epoch 195
INFO - 01/12/26 18:31:37 - 0:08:37 - At 196-th epoch with lr 0.000904.
INFO - 01/12/26 18:31:39 - 0:08:39 - Running average train loss is 0.6978881144523621 at epoch 196
INFO - 01/12/26 18:31:39 - 0:08:39 - At 197-th epoch with lr 0.000901.
INFO - 01/12/26 18:31:42 - 0:08:42 - Running average train loss is 0.6972897338867188 at epoch 197
INFO - 01/12/26 18:31:42 - 0:08:42 - At 198-th epoch with lr 0.000899.
INFO - 01/12/26 18:31:44 - 0:08:45 - Running average train loss is 0.6973998761177063 at epoch 198
INFO - 01/12/26 18:31:44 - 0:08:45 - At 199-th epoch with lr 0.000897.
INFO - 01/12/26 18:31:47 - 0:08:47 - Running average train loss is 0.6974150586128235 at epoch 199
INFO - 01/12/26 18:31:47 - 0:08:47 - At 200-th epoch with lr 0.000894.
INFO - 01/12/26 18:31:49 - 0:08:50 - Running average train loss is 0.6977883052825927 at epoch 200
INFO - 01/12/26 18:31:49 - 0:08:50 - At 201-th epoch with lr 0.000892.
INFO - 01/12/26 18:31:52 - 0:08:52 - Running average train loss is 0.6962032532691955 at epoch 201
INFO - 01/12/26 18:31:52 - 0:08:52 - At 202-th epoch with lr 0.000890.
INFO - 01/12/26 18:31:54 - 0:08:54 - Running average train loss is 0.6960230660438538 at epoch 202
INFO - 01/12/26 18:31:54 - 0:08:54 - At 203-th epoch with lr 0.000888.
INFO - 01/12/26 18:31:57 - 0:08:57 - Running average train loss is 0.6973176884651184 at epoch 203
INFO - 01/12/26 18:31:57 - 0:08:57 - At 204-th epoch with lr 0.000886.
INFO - 01/12/26 18:31:59 - 0:08:59 - Running average train loss is 0.6958077931404114 at epoch 204
INFO - 01/12/26 18:31:59 - 0:08:59 - At 205-th epoch with lr 0.000883.
INFO - 01/12/26 18:32:02 - 0:09:02 - Running average train loss is 0.6966065573692322 at epoch 205
INFO - 01/12/26 18:32:02 - 0:09:02 - At 206-th epoch with lr 0.000881.
INFO - 01/12/26 18:32:04 - 0:09:05 - Running average train loss is 0.6965605926513672 at epoch 206
INFO - 01/12/26 18:32:04 - 0:09:05 - At 207-th epoch with lr 0.000879.
INFO - 01/12/26 18:32:07 - 0:09:07 - Running average train loss is 0.695437695980072 at epoch 207
INFO - 01/12/26 18:32:07 - 0:09:07 - At 208-th epoch with lr 0.000877.
INFO - 01/12/26 18:32:09 - 0:09:10 - Running average train loss is 0.696364586353302 at epoch 208
INFO - 01/12/26 18:32:10 - 0:09:10 - Average dev loss is 0.7691488663355509 at epoch 208
INFO - 01/12/26 18:32:10 - 0:09:10 - dev accuracy is 86.9 at epoch 208
INFO - 01/12/26 18:32:10 - 0:09:10 - dev average edit distance is 0.514 at epoch 208
INFO - 01/12/26 18:32:10 - 0:09:10 - At 209-th epoch with lr 0.000875.
INFO - 01/12/26 18:32:13 - 0:09:13 - Running average train loss is 0.6964160943031311 at epoch 209
INFO - 01/12/26 18:32:13 - 0:09:13 - At 210-th epoch with lr 0.000873.
INFO - 01/12/26 18:32:16 - 0:09:16 - Running average train loss is 0.6980753755569458 at epoch 210
INFO - 01/12/26 18:32:16 - 0:09:16 - At 211-th epoch with lr 0.000871.
INFO - 01/12/26 18:32:18 - 0:09:18 - Running average train loss is 0.695728063583374 at epoch 211
INFO - 01/12/26 18:32:18 - 0:09:18 - At 212-th epoch with lr 0.000869.
INFO - 01/12/26 18:32:21 - 0:09:21 - Running average train loss is 0.6944841527938843 at epoch 212
INFO - 01/12/26 18:32:21 - 0:09:21 - At 213-th epoch with lr 0.000867.
INFO - 01/12/26 18:32:23 - 0:09:23 - Running average train loss is 0.6941140604019165 at epoch 213
INFO - 01/12/26 18:32:23 - 0:09:23 - At 214-th epoch with lr 0.000865.
INFO - 01/12/26 18:32:26 - 0:09:26 - Running average train loss is 0.6941740155220032 at epoch 214
INFO - 01/12/26 18:32:26 - 0:09:26 - At 215-th epoch with lr 0.000863.
INFO - 01/12/26 18:32:28 - 0:09:28 - Running average train loss is 0.6948351430892944 at epoch 215
INFO - 01/12/26 18:32:28 - 0:09:28 - At 216-th epoch with lr 0.000861.
INFO - 01/12/26 18:32:31 - 0:09:31 - Running average train loss is 0.6952514314651489 at epoch 216
INFO - 01/12/26 18:32:31 - 0:09:31 - At 217-th epoch with lr 0.000859.
INFO - 01/12/26 18:32:33 - 0:09:34 - Running average train loss is 0.6948504877090455 at epoch 217
INFO - 01/12/26 18:32:33 - 0:09:34 - At 218-th epoch with lr 0.000857.
INFO - 01/12/26 18:32:36 - 0:09:36 - Running average train loss is 0.6938311934471131 at epoch 218
INFO - 01/12/26 18:32:36 - 0:09:36 - At 219-th epoch with lr 0.000855.
INFO - 01/12/26 18:32:39 - 0:09:39 - Running average train loss is 0.6940523266792298 at epoch 219
INFO - 01/12/26 18:32:39 - 0:09:39 - At 220-th epoch with lr 0.000853.
INFO - 01/12/26 18:32:41 - 0:09:42 - Running average train loss is 0.6954556894302368 at epoch 220
INFO - 01/12/26 18:32:41 - 0:09:42 - At 221-th epoch with lr 0.000851.
INFO - 01/12/26 18:32:44 - 0:09:44 - Running average train loss is 0.6946033263206481 at epoch 221
INFO - 01/12/26 18:32:44 - 0:09:44 - At 222-th epoch with lr 0.000849.
INFO - 01/12/26 18:32:47 - 0:09:47 - Running average train loss is 0.6938252425193787 at epoch 222
INFO - 01/12/26 18:32:47 - 0:09:47 - At 223-th epoch with lr 0.000847.
INFO - 01/12/26 18:32:49 - 0:09:49 - Running average train loss is 0.694653685092926 at epoch 223
INFO - 01/12/26 18:32:49 - 0:09:49 - At 224-th epoch with lr 0.000845.
INFO - 01/12/26 18:32:52 - 0:09:52 - Running average train loss is 0.6951494550704956 at epoch 224
INFO - 01/12/26 18:32:52 - 0:09:52 - Average dev loss is 0.7644547621409098 at epoch 224
INFO - 01/12/26 18:32:53 - 0:09:53 - dev accuracy is 88.1 at epoch 224
INFO - 01/12/26 18:32:53 - 0:09:53 - dev average edit distance is 0.43 at epoch 224
INFO - 01/12/26 18:32:53 - 0:09:53 - At 225-th epoch with lr 0.000843.
INFO - 01/12/26 18:32:55 - 0:09:55 - Running average train loss is 0.6928617835044861 at epoch 225
INFO - 01/12/26 18:32:55 - 0:09:55 - At 226-th epoch with lr 0.000841.
INFO - 01/12/26 18:32:58 - 0:09:58 - Running average train loss is 0.6932302713394165 at epoch 226
INFO - 01/12/26 18:32:58 - 0:09:58 - At 227-th epoch with lr 0.000840.
INFO - 01/12/26 18:33:00 - 0:10:01 - Running average train loss is 0.6944065690040588 at epoch 227
INFO - 01/12/26 18:33:00 - 0:10:01 - At 228-th epoch with lr 0.000838.
INFO - 01/12/26 18:33:03 - 0:10:03 - Running average train loss is 0.6941525387763977 at epoch 228
INFO - 01/12/26 18:33:03 - 0:10:03 - At 229-th epoch with lr 0.000836.
INFO - 01/12/26 18:33:05 - 0:10:05 - Running average train loss is 0.6929552674293518 at epoch 229
INFO - 01/12/26 18:33:05 - 0:10:05 - At 230-th epoch with lr 0.000834.
INFO - 01/12/26 18:33:08 - 0:10:08 - Running average train loss is 0.6936176609992981 at epoch 230
INFO - 01/12/26 18:33:08 - 0:10:08 - At 231-th epoch with lr 0.000832.
INFO - 01/12/26 18:33:10 - 0:10:11 - Running average train loss is 0.6933389639854431 at epoch 231
INFO - 01/12/26 18:33:10 - 0:10:11 - At 232-th epoch with lr 0.000830.
INFO - 01/12/26 18:33:13 - 0:10:13 - Running average train loss is 0.692812180519104 at epoch 232
INFO - 01/12/26 18:33:13 - 0:10:13 - At 233-th epoch with lr 0.000829.
INFO - 01/12/26 18:33:15 - 0:10:15 - Running average train loss is 0.6928955173492432 at epoch 233
INFO - 01/12/26 18:33:15 - 0:10:15 - At 234-th epoch with lr 0.000827.
INFO - 01/12/26 18:33:18 - 0:10:18 - Running average train loss is 0.6940210318565369 at epoch 234
INFO - 01/12/26 18:33:18 - 0:10:18 - At 235-th epoch with lr 0.000825.
INFO - 01/12/26 18:33:20 - 0:10:20 - Running average train loss is 0.692670829296112 at epoch 235
INFO - 01/12/26 18:33:20 - 0:10:20 - At 236-th epoch with lr 0.000823.
INFO - 01/12/26 18:33:23 - 0:10:23 - Running average train loss is 0.6939057803153992 at epoch 236
INFO - 01/12/26 18:33:23 - 0:10:23 - At 237-th epoch with lr 0.000822.
INFO - 01/12/26 18:33:25 - 0:10:25 - Running average train loss is 0.6934651112556458 at epoch 237
INFO - 01/12/26 18:33:25 - 0:10:25 - At 238-th epoch with lr 0.000820.
INFO - 01/12/26 18:33:28 - 0:10:28 - Running average train loss is 0.6937351584434509 at epoch 238
INFO - 01/12/26 18:33:28 - 0:10:28 - At 239-th epoch with lr 0.000818.
INFO - 01/12/26 18:33:30 - 0:10:30 - Running average train loss is 0.6934422683715821 at epoch 239
INFO - 01/12/26 18:33:30 - 0:10:30 - At 240-th epoch with lr 0.000816.
INFO - 01/12/26 18:33:33 - 0:10:33 - Running average train loss is 0.6918131828308105 at epoch 240
INFO - 01/12/26 18:33:33 - 0:10:33 - Average dev loss is 0.7706642150878906 at epoch 240
INFO - 01/12/26 18:33:34 - 0:10:34 - dev accuracy is 88.4 at epoch 240
INFO - 01/12/26 18:33:34 - 0:10:34 - dev average edit distance is 0.475 at epoch 240
INFO - 01/12/26 18:33:34 - 0:10:34 - At 241-th epoch with lr 0.000815.
INFO - 01/12/26 18:33:37 - 0:10:37 - Running average train loss is 0.6922275400161744 at epoch 241
INFO - 01/12/26 18:33:37 - 0:10:37 - At 242-th epoch with lr 0.000813.
INFO - 01/12/26 18:33:39 - 0:10:40 - Running average train loss is 0.6933086156845093 at epoch 242
INFO - 01/12/26 18:33:39 - 0:10:40 - At 243-th epoch with lr 0.000811.
INFO - 01/12/26 18:33:42 - 0:10:42 - Running average train loss is 0.69231764793396 at epoch 243
INFO - 01/12/26 18:33:42 - 0:10:42 - At 244-th epoch with lr 0.000810.
INFO - 01/12/26 18:33:44 - 0:10:45 - Running average train loss is 0.6927899289131164 at epoch 244
INFO - 01/12/26 18:33:44 - 0:10:45 - At 245-th epoch with lr 0.000808.
INFO - 01/12/26 18:33:47 - 0:10:47 - Running average train loss is 0.6922735977172851 at epoch 245
INFO - 01/12/26 18:33:47 - 0:10:47 - At 246-th epoch with lr 0.000806.
INFO - 01/12/26 18:33:49 - 0:10:49 - Running average train loss is 0.6905357265472412 at epoch 246
INFO - 01/12/26 18:33:49 - 0:10:49 - At 247-th epoch with lr 0.000805.
INFO - 01/12/26 18:33:52 - 0:10:52 - Running average train loss is 0.6916245007514954 at epoch 247
INFO - 01/12/26 18:33:52 - 0:10:52 - At 248-th epoch with lr 0.000803.
INFO - 01/12/26 18:33:54 - 0:10:54 - Running average train loss is 0.6918911409378051 at epoch 248
INFO - 01/12/26 18:33:54 - 0:10:54 - At 249-th epoch with lr 0.000802.
INFO - 01/12/26 18:33:57 - 0:10:57 - Running average train loss is 0.6917963075637817 at epoch 249
INFO - 01/12/26 18:33:57 - 0:10:57 - At 250-th epoch with lr 0.000800.
INFO - 01/12/26 18:33:59 - 0:10:59 - Running average train loss is 0.6922993350028992 at epoch 250
INFO - 01/12/26 18:33:59 - 0:10:59 - At 251-th epoch with lr 0.000798.
INFO - 01/12/26 18:34:01 - 0:11:02 - Running average train loss is 0.6912000250816345 at epoch 251
INFO - 01/12/26 18:34:01 - 0:11:02 - At 252-th epoch with lr 0.000797.
INFO - 01/12/26 18:34:04 - 0:11:04 - Running average train loss is 0.6919987034797669 at epoch 252
INFO - 01/12/26 18:34:04 - 0:11:04 - At 253-th epoch with lr 0.000795.
INFO - 01/12/26 18:34:06 - 0:11:06 - Running average train loss is 0.6918682312965393 at epoch 253
INFO - 01/12/26 18:34:06 - 0:11:06 - At 254-th epoch with lr 0.000794.
INFO - 01/12/26 18:34:09 - 0:11:09 - Running average train loss is 0.691378538608551 at epoch 254
INFO - 01/12/26 18:34:09 - 0:11:09 - At 255-th epoch with lr 0.000792.
INFO - 01/12/26 18:34:11 - 0:11:11 - Running average train loss is 0.6916250824928284 at epoch 255
INFO - 01/12/26 18:34:11 - 0:11:11 - At 256-th epoch with lr 0.000791.
INFO - 01/12/26 18:34:14 - 0:11:14 - Running average train loss is 0.6925661420822143 at epoch 256
INFO - 01/12/26 18:34:14 - 0:11:14 - Average dev loss is 0.7744120359420776 at epoch 256
INFO - 01/12/26 18:34:14 - 0:11:14 - dev accuracy is 88.0 at epoch 256
INFO - 01/12/26 18:34:14 - 0:11:14 - dev average edit distance is 0.432 at epoch 256
INFO - 01/12/26 18:34:14 - 0:11:14 - At 257-th epoch with lr 0.000789.
INFO - 01/12/26 18:34:17 - 0:11:17 - Running average train loss is 0.6905866765975952 at epoch 257
INFO - 01/12/26 18:34:17 - 0:11:17 - At 258-th epoch with lr 0.000787.
INFO - 01/12/26 18:34:19 - 0:11:19 - Running average train loss is 0.6919504022598266 at epoch 258
INFO - 01/12/26 18:34:19 - 0:11:19 - At 259-th epoch with lr 0.000786.
INFO - 01/12/26 18:34:22 - 0:11:22 - Running average train loss is 0.6907146859169007 at epoch 259
INFO - 01/12/26 18:34:22 - 0:11:22 - At 260-th epoch with lr 0.000784.
INFO - 01/12/26 18:34:24 - 0:11:24 - Running average train loss is 0.690863060951233 at epoch 260
INFO - 01/12/26 18:34:24 - 0:11:24 - At 261-th epoch with lr 0.000783.
INFO - 01/12/26 18:34:26 - 0:11:26 - Running average train loss is 0.6918507742881775 at epoch 261
INFO - 01/12/26 18:34:26 - 0:11:26 - At 262-th epoch with lr 0.000781.
INFO - 01/12/26 18:34:29 - 0:11:29 - Running average train loss is 0.6915483903884888 at epoch 262
INFO - 01/12/26 18:34:29 - 0:11:29 - At 263-th epoch with lr 0.000780.
INFO - 01/12/26 18:34:31 - 0:11:31 - Running average train loss is 0.6913801646232605 at epoch 263
INFO - 01/12/26 18:34:31 - 0:11:31 - At 264-th epoch with lr 0.000778.
INFO - 01/12/26 18:34:34 - 0:11:34 - Running average train loss is 0.6905537867546081 at epoch 264
INFO - 01/12/26 18:34:34 - 0:11:34 - At 265-th epoch with lr 0.000777.
INFO - 01/12/26 18:34:36 - 0:11:36 - Running average train loss is 0.6926076793670655 at epoch 265
INFO - 01/12/26 18:34:36 - 0:11:36 - At 266-th epoch with lr 0.000776.
INFO - 01/12/26 18:34:39 - 0:11:39 - Running average train loss is 0.6921667957305908 at epoch 266
INFO - 01/12/26 18:34:39 - 0:11:39 - At 267-th epoch with lr 0.000774.
INFO - 01/12/26 18:34:41 - 0:11:41 - Running average train loss is 0.6903854155540466 at epoch 267
INFO - 01/12/26 18:34:41 - 0:11:41 - At 268-th epoch with lr 0.000773.
INFO - 01/12/26 18:34:43 - 0:11:43 - Running average train loss is 0.6908677911758423 at epoch 268
INFO - 01/12/26 18:34:43 - 0:11:43 - At 269-th epoch with lr 0.000771.
INFO - 01/12/26 18:34:46 - 0:11:46 - Running average train loss is 0.691205313205719 at epoch 269
INFO - 01/12/26 18:34:46 - 0:11:46 - At 270-th epoch with lr 0.000770.
INFO - 01/12/26 18:34:48 - 0:11:48 - Running average train loss is 0.6909737610816955 at epoch 270
INFO - 01/12/26 18:34:48 - 0:11:48 - At 271-th epoch with lr 0.000768.
INFO - 01/12/26 18:34:51 - 0:11:51 - Running average train loss is 0.6906181406974793 at epoch 271
INFO - 01/12/26 18:34:51 - 0:11:51 - At 272-th epoch with lr 0.000767.
INFO - 01/12/26 18:34:53 - 0:11:53 - Running average train loss is 0.690061149597168 at epoch 272
INFO - 01/12/26 18:34:53 - 0:11:53 - Average dev loss is 0.7736786007881165 at epoch 272
INFO - 01/12/26 18:34:54 - 0:11:54 - dev accuracy is 85.8 at epoch 272
INFO - 01/12/26 18:34:54 - 0:11:54 - dev average edit distance is 0.505 at epoch 272
INFO - 01/12/26 18:34:54 - 0:11:54 - At 273-th epoch with lr 0.000766.
INFO - 01/12/26 18:34:57 - 0:11:57 - Running average train loss is 0.6894467568397522 at epoch 273
INFO - 01/12/26 18:34:57 - 0:11:57 - At 274-th epoch with lr 0.000764.
INFO - 01/12/26 18:34:59 - 0:11:59 - Running average train loss is 0.6895182228088379 at epoch 274
INFO - 01/12/26 18:34:59 - 0:11:59 - At 275-th epoch with lr 0.000763.
INFO - 01/12/26 18:35:02 - 0:12:02 - Running average train loss is 0.6911558604240418 at epoch 275
INFO - 01/12/26 18:35:02 - 0:12:02 - At 276-th epoch with lr 0.000761.
INFO - 01/12/26 18:35:04 - 0:12:04 - Running average train loss is 0.6912743496894836 at epoch 276
INFO - 01/12/26 18:35:04 - 0:12:04 - At 277-th epoch with lr 0.000760.
INFO - 01/12/26 18:35:07 - 0:12:07 - Running average train loss is 0.6904550647735596 at epoch 277
INFO - 01/12/26 18:35:07 - 0:12:07 - At 278-th epoch with lr 0.000759.
INFO - 01/12/26 18:35:09 - 0:12:09 - Running average train loss is 0.6904692935943604 at epoch 278
INFO - 01/12/26 18:35:09 - 0:12:09 - At 279-th epoch with lr 0.000757.
INFO - 01/12/26 18:35:12 - 0:12:12 - Running average train loss is 0.6907434463500977 at epoch 279
INFO - 01/12/26 18:35:12 - 0:12:12 - At 280-th epoch with lr 0.000756.
INFO - 01/12/26 18:35:14 - 0:12:14 - Running average train loss is 0.6899004101753234 at epoch 280
INFO - 01/12/26 18:35:14 - 0:12:14 - At 281-th epoch with lr 0.000755.
INFO - 01/12/26 18:35:17 - 0:12:17 - Running average train loss is 0.689975712299347 at epoch 281
INFO - 01/12/26 18:35:17 - 0:12:17 - At 282-th epoch with lr 0.000753.
INFO - 01/12/26 18:35:19 - 0:12:19 - Running average train loss is 0.6900285696983337 at epoch 282
INFO - 01/12/26 18:35:19 - 0:12:19 - At 283-th epoch with lr 0.000752.
INFO - 01/12/26 18:35:22 - 0:12:22 - Running average train loss is 0.6892573285102844 at epoch 283
INFO - 01/12/26 18:35:22 - 0:12:22 - At 284-th epoch with lr 0.000751.
INFO - 01/12/26 18:35:24 - 0:12:25 - Running average train loss is 0.6905591177940369 at epoch 284
INFO - 01/12/26 18:35:24 - 0:12:25 - At 285-th epoch with lr 0.000749.
INFO - 01/12/26 18:35:27 - 0:12:27 - Running average train loss is 0.6905199003219604 at epoch 285
INFO - 01/12/26 18:35:27 - 0:12:27 - At 286-th epoch with lr 0.000748.
INFO - 01/12/26 18:35:29 - 0:12:30 - Running average train loss is 0.6900480556488037 at epoch 286
INFO - 01/12/26 18:35:29 - 0:12:30 - At 287-th epoch with lr 0.000747.
INFO - 01/12/26 18:35:32 - 0:12:32 - Running average train loss is 0.6901205515861512 at epoch 287
INFO - 01/12/26 18:35:32 - 0:12:32 - At 288-th epoch with lr 0.000745.
INFO - 01/12/26 18:35:34 - 0:12:35 - Running average train loss is 0.6912608504295349 at epoch 288
INFO - 01/12/26 18:35:35 - 0:12:35 - Average dev loss is 0.7659356395403544 at epoch 288
INFO - 01/12/26 18:35:35 - 0:12:35 - dev accuracy is 87.6 at epoch 288
INFO - 01/12/26 18:35:35 - 0:12:35 - dev average edit distance is 0.477 at epoch 288
INFO - 01/12/26 18:35:35 - 0:12:35 - At 289-th epoch with lr 0.000744.
INFO - 01/12/26 18:35:38 - 0:12:38 - Running average train loss is 0.6894455909729004 at epoch 289
INFO - 01/12/26 18:35:38 - 0:12:38 - At 290-th epoch with lr 0.000743.
INFO - 01/12/26 18:35:40 - 0:12:41 - Running average train loss is 0.6903443455696106 at epoch 290
INFO - 01/12/26 18:35:40 - 0:12:41 - At 291-th epoch with lr 0.000742.
INFO - 01/12/26 18:35:43 - 0:12:43 - Running average train loss is 0.6902366733551025 at epoch 291
INFO - 01/12/26 18:35:43 - 0:12:43 - At 292-th epoch with lr 0.000740.
INFO - 01/12/26 18:35:46 - 0:12:46 - Running average train loss is 0.6896087861061097 at epoch 292
INFO - 01/12/26 18:35:46 - 0:12:46 - At 293-th epoch with lr 0.000739.
INFO - 01/12/26 18:35:48 - 0:12:48 - Running average train loss is 0.6894758558273315 at epoch 293
INFO - 01/12/26 18:35:48 - 0:12:48 - At 294-th epoch with lr 0.000738.
INFO - 01/12/26 18:35:51 - 0:12:51 - Running average train loss is 0.6900815892219544 at epoch 294
INFO - 01/12/26 18:35:51 - 0:12:51 - At 295-th epoch with lr 0.000736.
INFO - 01/12/26 18:35:53 - 0:12:53 - Running average train loss is 0.6901548552513123 at epoch 295
INFO - 01/12/26 18:35:53 - 0:12:53 - At 296-th epoch with lr 0.000735.
INFO - 01/12/26 18:35:56 - 0:12:56 - Running average train loss is 0.6891923141479492 at epoch 296
INFO - 01/12/26 18:35:56 - 0:12:56 - At 297-th epoch with lr 0.000734.
INFO - 01/12/26 18:35:58 - 0:12:58 - Running average train loss is 0.6887574052810669 at epoch 297
INFO - 01/12/26 18:35:58 - 0:12:58 - At 298-th epoch with lr 0.000733.
INFO - 01/12/26 18:36:01 - 0:13:01 - Running average train loss is 0.6881844067573547 at epoch 298
INFO - 01/12/26 18:36:01 - 0:13:01 - At 299-th epoch with lr 0.000732.
INFO - 01/12/26 18:36:03 - 0:13:03 - Running average train loss is 0.6898294663429261 at epoch 299
INFO - 01/12/26 18:36:03 - 0:13:03 - At 300-th epoch with lr 0.000730.
INFO - 01/12/26 18:36:06 - 0:13:06 - Running average train loss is 0.6891642379760742 at epoch 300
INFO - 01/12/26 18:36:06 - 0:13:06 - At 301-th epoch with lr 0.000729.
INFO - 01/12/26 18:36:08 - 0:13:08 - Running average train loss is 0.6889052319526673 at epoch 301
INFO - 01/12/26 18:36:08 - 0:13:08 - At 302-th epoch with lr 0.000728.
INFO - 01/12/26 18:36:11 - 0:13:11 - Running average train loss is 0.6893006706237793 at epoch 302
INFO - 01/12/26 18:36:11 - 0:13:11 - At 303-th epoch with lr 0.000727.
INFO - 01/12/26 18:36:13 - 0:13:13 - Running average train loss is 0.6891512870788574 at epoch 303
INFO - 01/12/26 18:36:13 - 0:13:13 - At 304-th epoch with lr 0.000725.
INFO - 01/12/26 18:36:16 - 0:13:16 - Running average train loss is 0.6890647411346436 at epoch 304
INFO - 01/12/26 18:36:16 - 0:13:16 - Average dev loss is 0.7681808272997538 at epoch 304
INFO - 01/12/26 18:36:17 - 0:13:17 - dev accuracy is 86.8 at epoch 304
INFO - 01/12/26 18:36:17 - 0:13:17 - dev average edit distance is 0.478 at epoch 304
INFO - 01/12/26 18:36:17 - 0:13:17 - At 305-th epoch with lr 0.000724.
INFO - 01/12/26 18:36:19 - 0:13:19 - Running average train loss is 0.6884894847869873 at epoch 305
INFO - 01/12/26 18:36:19 - 0:13:19 - At 306-th epoch with lr 0.000723.
INFO - 01/12/26 18:36:22 - 0:13:22 - Running average train loss is 0.6888504815101624 at epoch 306
INFO - 01/12/26 18:36:22 - 0:13:22 - At 307-th epoch with lr 0.000722.
INFO - 01/12/26 18:36:24 - 0:13:25 - Running average train loss is 0.6881586861610413 at epoch 307
INFO - 01/12/26 18:36:24 - 0:13:25 - At 308-th epoch with lr 0.000721.
INFO - 01/12/26 18:36:27 - 0:13:27 - Running average train loss is 0.6893476128578186 at epoch 308
INFO - 01/12/26 18:36:27 - 0:13:27 - At 309-th epoch with lr 0.000720.
INFO - 01/12/26 18:36:30 - 0:13:30 - Running average train loss is 0.688941125869751 at epoch 309
INFO - 01/12/26 18:36:30 - 0:13:30 - At 310-th epoch with lr 0.000718.
INFO - 01/12/26 18:36:32 - 0:13:32 - Running average train loss is 0.6897044205665588 at epoch 310
INFO - 01/12/26 18:36:32 - 0:13:32 - At 311-th epoch with lr 0.000717.
INFO - 01/12/26 18:36:35 - 0:13:35 - Running average train loss is 0.6890581679344178 at epoch 311
INFO - 01/12/26 18:36:35 - 0:13:35 - At 312-th epoch with lr 0.000716.
INFO - 01/12/26 18:36:37 - 0:13:38 - Running average train loss is 0.6888996505737305 at epoch 312
INFO - 01/12/26 18:36:37 - 0:13:38 - At 313-th epoch with lr 0.000715.
INFO - 01/12/26 18:36:40 - 0:13:40 - Running average train loss is 0.6886071038246154 at epoch 313
INFO - 01/12/26 18:36:40 - 0:13:40 - At 314-th epoch with lr 0.000714.
INFO - 01/12/26 18:36:43 - 0:13:43 - Running average train loss is 0.6887726879119873 at epoch 314
INFO - 01/12/26 18:36:43 - 0:13:43 - At 315-th epoch with lr 0.000713.
INFO - 01/12/26 18:36:45 - 0:13:45 - Running average train loss is 0.6883552956581116 at epoch 315
INFO - 01/12/26 18:36:45 - 0:13:45 - At 316-th epoch with lr 0.000712.
INFO - 01/12/26 18:36:48 - 0:13:48 - Running average train loss is 0.6885167860984802 at epoch 316
INFO - 01/12/26 18:36:48 - 0:13:48 - At 317-th epoch with lr 0.000710.
INFO - 01/12/26 18:36:50 - 0:13:50 - Running average train loss is 0.6884917402267456 at epoch 317
INFO - 01/12/26 18:36:50 - 0:13:50 - At 318-th epoch with lr 0.000709.
INFO - 01/12/26 18:36:53 - 0:13:53 - Running average train loss is 0.6886876511573792 at epoch 318
INFO - 01/12/26 18:36:53 - 0:13:53 - At 319-th epoch with lr 0.000708.
INFO - 01/12/26 18:36:55 - 0:13:55 - Running average train loss is 0.6882236671447753 at epoch 319
INFO - 01/12/26 18:36:55 - 0:13:55 - At 320-th epoch with lr 0.000707.
INFO - 01/12/26 18:36:58 - 0:13:58 - Running average train loss is 0.6879398465156555 at epoch 320
INFO - 01/12/26 18:36:58 - 0:13:58 - Average dev loss is 0.7710345983505249 at epoch 320
INFO - 01/12/26 18:36:59 - 0:13:59 - dev accuracy is 87.1 at epoch 320
INFO - 01/12/26 18:36:59 - 0:13:59 - dev average edit distance is 0.454 at epoch 320
INFO - 01/12/26 18:36:59 - 0:13:59 - At 321-th epoch with lr 0.000706.
INFO - 01/12/26 18:37:01 - 0:14:01 - Running average train loss is 0.6881705069541931 at epoch 321
INFO - 01/12/26 18:37:01 - 0:14:01 - At 322-th epoch with lr 0.000705.
INFO - 01/12/26 18:37:04 - 0:14:04 - Running average train loss is 0.6886050820350647 at epoch 322
INFO - 01/12/26 18:37:04 - 0:14:04 - At 323-th epoch with lr 0.000704.
INFO - 01/12/26 18:37:07 - 0:14:07 - Running average train loss is 0.6882455563545227 at epoch 323
INFO - 01/12/26 18:37:07 - 0:14:07 - At 324-th epoch with lr 0.000703.
INFO - 01/12/26 18:37:09 - 0:14:09 - Running average train loss is 0.6885655236244201 at epoch 324
INFO - 01/12/26 18:37:09 - 0:14:09 - At 325-th epoch with lr 0.000702.
INFO - 01/12/26 18:37:12 - 0:14:12 - Running average train loss is 0.6880944752693177 at epoch 325
INFO - 01/12/26 18:37:12 - 0:14:12 - At 326-th epoch with lr 0.000701.
INFO - 01/12/26 18:37:15 - 0:14:15 - Running average train loss is 0.6881556224822998 at epoch 326
INFO - 01/12/26 18:37:15 - 0:14:15 - At 327-th epoch with lr 0.000699.
INFO - 01/12/26 18:37:17 - 0:14:17 - Running average train loss is 0.6872665667533875 at epoch 327
INFO - 01/12/26 18:37:17 - 0:14:18 - At 328-th epoch with lr 0.000698.
INFO - 01/12/26 18:37:20 - 0:14:20 - Running average train loss is 0.6872921800613403 at epoch 328
INFO - 01/12/26 18:37:20 - 0:14:20 - At 329-th epoch with lr 0.000697.
INFO - 01/12/26 18:37:23 - 0:14:23 - Running average train loss is 0.6879037237167358 at epoch 329
INFO - 01/12/26 18:37:23 - 0:14:23 - At 330-th epoch with lr 0.000696.
INFO - 01/12/26 18:37:25 - 0:14:25 - Running average train loss is 0.6885645794868469 at epoch 330
INFO - 01/12/26 18:37:25 - 0:14:25 - At 331-th epoch with lr 0.000695.
INFO - 01/12/26 18:37:28 - 0:14:28 - Running average train loss is 0.6882051420211792 at epoch 331
INFO - 01/12/26 18:37:28 - 0:14:28 - At 332-th epoch with lr 0.000694.
INFO - 01/12/26 18:37:30 - 0:14:30 - Running average train loss is 0.6881032180786133 at epoch 332
INFO - 01/12/26 18:37:30 - 0:14:30 - At 333-th epoch with lr 0.000693.
INFO - 01/12/26 18:37:33 - 0:14:33 - Running average train loss is 0.6866346073150634 at epoch 333
INFO - 01/12/26 18:37:33 - 0:14:33 - At 334-th epoch with lr 0.000692.
INFO - 01/12/26 18:37:35 - 0:14:35 - Running average train loss is 0.687872097492218 at epoch 334
INFO - 01/12/26 18:37:35 - 0:14:35 - At 335-th epoch with lr 0.000691.
INFO - 01/12/26 18:37:38 - 0:14:38 - Running average train loss is 0.6882903432846069 at epoch 335
INFO - 01/12/26 18:37:38 - 0:14:38 - At 336-th epoch with lr 0.000690.
INFO - 01/12/26 18:37:40 - 0:14:40 - Running average train loss is 0.6881938481330871 at epoch 336
INFO - 01/12/26 18:37:40 - 0:14:40 - Average dev loss is 0.7678478757540385 at epoch 336
INFO - 01/12/26 18:37:41 - 0:14:41 - dev accuracy is 86.6 at epoch 336
INFO - 01/12/26 18:37:41 - 0:14:41 - dev average edit distance is 0.449 at epoch 336
INFO - 01/12/26 18:37:41 - 0:14:41 - At 337-th epoch with lr 0.000689.
INFO - 01/12/26 18:37:44 - 0:14:44 - Running average train loss is 0.6875972747802734 at epoch 337
INFO - 01/12/26 18:37:44 - 0:14:44 - At 338-th epoch with lr 0.000688.
INFO - 01/12/26 18:37:46 - 0:14:46 - Running average train loss is 0.6882245349884033 at epoch 338
INFO - 01/12/26 18:37:46 - 0:14:46 - At 339-th epoch with lr 0.000687.
INFO - 01/12/26 18:37:49 - 0:14:49 - Running average train loss is 0.6878461265563964 at epoch 339
INFO - 01/12/26 18:37:49 - 0:14:49 - At 340-th epoch with lr 0.000686.
INFO - 01/12/26 18:37:51 - 0:14:51 - Running average train loss is 0.6877756309509278 at epoch 340
INFO - 01/12/26 18:37:51 - 0:14:51 - At 341-th epoch with lr 0.000685.
INFO - 01/12/26 18:37:54 - 0:14:54 - Running average train loss is 0.6874669790267944 at epoch 341
INFO - 01/12/26 18:37:54 - 0:14:54 - At 342-th epoch with lr 0.000684.
INFO - 01/12/26 18:37:56 - 0:14:56 - Running average train loss is 0.6878639912605286 at epoch 342
INFO - 01/12/26 18:37:56 - 0:14:56 - At 343-th epoch with lr 0.000683.
INFO - 01/12/26 18:37:59 - 0:14:59 - Running average train loss is 0.6883066534996033 at epoch 343
INFO - 01/12/26 18:37:59 - 0:14:59 - At 344-th epoch with lr 0.000682.
INFO - 01/12/26 18:38:01 - 0:15:01 - Running average train loss is 0.688509464263916 at epoch 344
INFO - 01/12/26 18:38:01 - 0:15:01 - At 345-th epoch with lr 0.000681.
INFO - 01/12/26 18:38:04 - 0:15:04 - Running average train loss is 0.6877879858016968 at epoch 345
INFO - 01/12/26 18:38:04 - 0:15:04 - At 346-th epoch with lr 0.000680.
INFO - 01/12/26 18:38:07 - 0:15:07 - Running average train loss is 0.6874465465545654 at epoch 346
INFO - 01/12/26 18:38:07 - 0:15:07 - At 347-th epoch with lr 0.000679.
INFO - 01/12/26 18:38:09 - 0:15:09 - Running average train loss is 0.687006344795227 at epoch 347
INFO - 01/12/26 18:38:09 - 0:15:09 - At 348-th epoch with lr 0.000678.
INFO - 01/12/26 18:38:12 - 0:15:12 - Running average train loss is 0.6875846314430237 at epoch 348
INFO - 01/12/26 18:38:12 - 0:15:12 - At 349-th epoch with lr 0.000677.
INFO - 01/12/26 18:38:14 - 0:15:14 - Running average train loss is 0.6878788089752197 at epoch 349
INFO - 01/12/26 18:38:14 - 0:15:14 - At 350-th epoch with lr 0.000676.
INFO - 01/12/26 18:38:17 - 0:15:17 - Running average train loss is 0.6880837798118591 at epoch 350
INFO - 01/12/26 18:38:17 - 0:15:17 - At 351-th epoch with lr 0.000675.
INFO - 01/12/26 18:38:19 - 0:15:19 - Running average train loss is 0.6875010251998901 at epoch 351
INFO - 01/12/26 18:38:19 - 0:15:19 - At 352-th epoch with lr 0.000674.
INFO - 01/12/26 18:38:22 - 0:15:22 - Running average train loss is 0.6880824327468872 at epoch 352
INFO - 01/12/26 18:38:22 - 0:15:22 - Average dev loss is 0.7713674108187357 at epoch 352
INFO - 01/12/26 18:38:23 - 0:15:23 - dev accuracy is 86.6 at epoch 352
INFO - 01/12/26 18:38:23 - 0:15:23 - dev average edit distance is 0.497 at epoch 352
INFO - 01/12/26 18:38:23 - 0:15:23 - At 353-th epoch with lr 0.000673.
INFO - 01/12/26 18:38:25 - 0:15:25 - Running average train loss is 0.687534773349762 at epoch 353
INFO - 01/12/26 18:38:25 - 0:15:25 - At 354-th epoch with lr 0.000672.
INFO - 01/12/26 18:38:28 - 0:15:28 - Running average train loss is 0.6878743481636047 at epoch 354
INFO - 01/12/26 18:38:28 - 0:15:28 - At 355-th epoch with lr 0.000671.
INFO - 01/12/26 18:38:30 - 0:15:30 - Running average train loss is 0.6869129157066345 at epoch 355
INFO - 01/12/26 18:38:30 - 0:15:30 - At 356-th epoch with lr 0.000670.
INFO - 01/12/26 18:38:33 - 0:15:33 - Running average train loss is 0.6875550770759582 at epoch 356
INFO - 01/12/26 18:38:33 - 0:15:33 - At 357-th epoch with lr 0.000669.
INFO - 01/12/26 18:38:35 - 0:15:36 - Running average train loss is 0.6866081047058106 at epoch 357
INFO - 01/12/26 18:38:35 - 0:15:36 - At 358-th epoch with lr 0.000669.
INFO - 01/12/26 18:38:38 - 0:15:38 - Running average train loss is 0.68751473903656 at epoch 358
INFO - 01/12/26 18:38:38 - 0:15:38 - At 359-th epoch with lr 0.000668.
INFO - 01/12/26 18:38:40 - 0:15:41 - Running average train loss is 0.6873209118843079 at epoch 359
INFO - 01/12/26 18:38:40 - 0:15:41 - At 360-th epoch with lr 0.000667.
INFO - 01/12/26 18:38:43 - 0:15:43 - Running average train loss is 0.6875418639183044 at epoch 360
INFO - 01/12/26 18:38:43 - 0:15:43 - At 361-th epoch with lr 0.000666.
INFO - 01/12/26 18:38:46 - 0:15:46 - Running average train loss is 0.6873675680160523 at epoch 361
INFO - 01/12/26 18:38:46 - 0:15:46 - At 362-th epoch with lr 0.000665.
INFO - 01/12/26 18:38:48 - 0:15:48 - Running average train loss is 0.6872112226486206 at epoch 362
INFO - 01/12/26 18:38:48 - 0:15:48 - At 363-th epoch with lr 0.000664.
INFO - 01/12/26 18:38:51 - 0:15:51 - Running average train loss is 0.6866597700119018 at epoch 363
INFO - 01/12/26 18:38:51 - 0:15:51 - At 364-th epoch with lr 0.000663.
INFO - 01/12/26 18:38:53 - 0:15:53 - Running average train loss is 0.687668526172638 at epoch 364
INFO - 01/12/26 18:38:53 - 0:15:53 - At 365-th epoch with lr 0.000662.
INFO - 01/12/26 18:38:56 - 0:15:56 - Running average train loss is 0.6878248596191406 at epoch 365
INFO - 01/12/26 18:38:56 - 0:15:56 - At 366-th epoch with lr 0.000661.
INFO - 01/12/26 18:38:58 - 0:15:58 - Running average train loss is 0.6868596005439759 at epoch 366
INFO - 01/12/26 18:38:58 - 0:15:58 - At 367-th epoch with lr 0.000660.
INFO - 01/12/26 18:39:01 - 0:16:01 - Running average train loss is 0.6869736385345458 at epoch 367
INFO - 01/12/26 18:39:01 - 0:16:01 - At 368-th epoch with lr 0.000659.
INFO - 01/12/26 18:39:03 - 0:16:03 - Running average train loss is 0.6866910934448243 at epoch 368
INFO - 01/12/26 18:39:03 - 0:16:03 - Average dev loss is 0.7713080843289694 at epoch 368
INFO - 01/12/26 18:39:04 - 0:16:04 - dev accuracy is 87.5 at epoch 368
INFO - 01/12/26 18:39:04 - 0:16:04 - dev average edit distance is 0.437 at epoch 368
INFO - 01/12/26 18:39:04 - 0:16:04 - At 369-th epoch with lr 0.000658.
INFO - 01/12/26 18:39:07 - 0:16:07 - Running average train loss is 0.687088496685028 at epoch 369
INFO - 01/12/26 18:39:07 - 0:16:07 - At 370-th epoch with lr 0.000658.
INFO - 01/12/26 18:39:09 - 0:16:09 - Running average train loss is 0.6876411485671997 at epoch 370
INFO - 01/12/26 18:39:09 - 0:16:09 - At 371-th epoch with lr 0.000657.
INFO - 01/12/26 18:39:12 - 0:16:12 - Running average train loss is 0.687638807296753 at epoch 371
INFO - 01/12/26 18:39:12 - 0:16:12 - At 372-th epoch with lr 0.000656.
INFO - 01/12/26 18:39:14 - 0:16:15 - Running average train loss is 0.687004177570343 at epoch 372
INFO - 01/12/26 18:39:14 - 0:16:15 - At 373-th epoch with lr 0.000655.
INFO - 01/12/26 18:39:17 - 0:16:17 - Running average train loss is 0.6872109150886536 at epoch 373
INFO - 01/12/26 18:39:17 - 0:16:17 - At 374-th epoch with lr 0.000654.
INFO - 01/12/26 18:39:20 - 0:16:20 - Running average train loss is 0.6869913339614868 at epoch 374
INFO - 01/12/26 18:39:20 - 0:16:20 - At 375-th epoch with lr 0.000653.
INFO - 01/12/26 18:39:22 - 0:16:22 - Running average train loss is 0.6869562888145446 at epoch 375
INFO - 01/12/26 18:39:22 - 0:16:22 - At 376-th epoch with lr 0.000652.
INFO - 01/12/26 18:39:25 - 0:16:25 - Running average train loss is 0.6868447041511536 at epoch 376
INFO - 01/12/26 18:39:25 - 0:16:25 - At 377-th epoch with lr 0.000651.
INFO - 01/12/26 18:39:27 - 0:16:27 - Running average train loss is 0.6866878032684326 at epoch 377
INFO - 01/12/26 18:39:27 - 0:16:27 - At 378-th epoch with lr 0.000651.
INFO - 01/12/26 18:39:30 - 0:16:30 - Running average train loss is 0.6870005416870117 at epoch 378
INFO - 01/12/26 18:39:30 - 0:16:30 - At 379-th epoch with lr 0.000650.
INFO - 01/12/26 18:39:32 - 0:16:32 - Running average train loss is 0.6875470185279846 at epoch 379
INFO - 01/12/26 18:39:32 - 0:16:32 - At 380-th epoch with lr 0.000649.
INFO - 01/12/26 18:39:35 - 0:16:35 - Running average train loss is 0.6875615763664246 at epoch 380
INFO - 01/12/26 18:39:35 - 0:16:35 - At 381-th epoch with lr 0.000648.
INFO - 01/12/26 18:39:37 - 0:16:37 - Running average train loss is 0.6863881182670594 at epoch 381
INFO - 01/12/26 18:39:37 - 0:16:37 - At 382-th epoch with lr 0.000647.
INFO - 01/12/26 18:39:40 - 0:16:40 - Running average train loss is 0.6866664409637451 at epoch 382
INFO - 01/12/26 18:39:40 - 0:16:40 - At 383-th epoch with lr 0.000646.
INFO - 01/12/26 18:39:42 - 0:16:42 - Running average train loss is 0.6868740606307984 at epoch 383
INFO - 01/12/26 18:39:42 - 0:16:42 - At 384-th epoch with lr 0.000645.
INFO - 01/12/26 18:39:45 - 0:16:45 - Running average train loss is 0.686335277557373 at epoch 384
INFO - 01/12/26 18:39:45 - 0:16:45 - Average dev loss is 0.7783524791399637 at epoch 384
INFO - 01/12/26 18:39:46 - 0:16:46 - dev accuracy is 86.4 at epoch 384
INFO - 01/12/26 18:39:46 - 0:16:46 - dev average edit distance is 0.53 at epoch 384
INFO - 01/12/26 18:39:46 - 0:16:46 - At 385-th epoch with lr 0.000645.
INFO - 01/12/26 18:39:48 - 0:16:48 - Running average train loss is 0.6869928169250489 at epoch 385
INFO - 01/12/26 18:39:48 - 0:16:48 - At 386-th epoch with lr 0.000644.
INFO - 01/12/26 18:39:51 - 0:16:51 - Running average train loss is 0.6866454410552979 at epoch 386
INFO - 01/12/26 18:39:51 - 0:16:51 - At 387-th epoch with lr 0.000643.
INFO - 01/12/26 18:39:53 - 0:16:53 - Running average train loss is 0.6864283943176269 at epoch 387
INFO - 01/12/26 18:39:53 - 0:16:53 - At 388-th epoch with lr 0.000642.
INFO - 01/12/26 18:39:56 - 0:16:56 - Running average train loss is 0.6863400053977966 at epoch 388
INFO - 01/12/26 18:39:56 - 0:16:56 - At 389-th epoch with lr 0.000641.
INFO - 01/12/26 18:39:58 - 0:16:58 - Running average train loss is 0.6867196774482727 at epoch 389
INFO - 01/12/26 18:39:58 - 0:16:58 - At 390-th epoch with lr 0.000641.
INFO - 01/12/26 18:40:01 - 0:17:01 - Running average train loss is 0.6865727472305297 at epoch 390
INFO - 01/12/26 18:40:01 - 0:17:01 - At 391-th epoch with lr 0.000640.
INFO - 01/12/26 18:40:03 - 0:17:04 - Running average train loss is 0.6867923855781555 at epoch 391
INFO - 01/12/26 18:40:03 - 0:17:04 - At 392-th epoch with lr 0.000639.
INFO - 01/12/26 18:40:06 - 0:17:06 - Running average train loss is 0.6866554069519043 at epoch 392
INFO - 01/12/26 18:40:06 - 0:17:06 - At 393-th epoch with lr 0.000638.
INFO - 01/12/26 18:40:09 - 0:17:09 - Running average train loss is 0.6862222361564636 at epoch 393
INFO - 01/12/26 18:40:09 - 0:17:09 - At 394-th epoch with lr 0.000637.
INFO - 01/12/26 18:40:11 - 0:17:11 - Running average train loss is 0.6860505843162537 at epoch 394
INFO - 01/12/26 18:40:11 - 0:17:11 - At 395-th epoch with lr 0.000636.
INFO - 01/12/26 18:40:14 - 0:17:14 - Running average train loss is 0.6864963459968567 at epoch 395
INFO - 01/12/26 18:40:14 - 0:17:14 - At 396-th epoch with lr 0.000636.
INFO - 01/12/26 18:40:16 - 0:17:16 - Running average train loss is 0.685773561000824 at epoch 396
INFO - 01/12/26 18:40:16 - 0:17:16 - At 397-th epoch with lr 0.000635.
INFO - 01/12/26 18:40:19 - 0:17:19 - Running average train loss is 0.6865768432617188 at epoch 397
INFO - 01/12/26 18:40:19 - 0:17:19 - At 398-th epoch with lr 0.000634.
INFO - 01/12/26 18:40:21 - 0:17:21 - Running average train loss is 0.686114490032196 at epoch 398
INFO - 01/12/26 18:40:21 - 0:17:21 - At 399-th epoch with lr 0.000633.
INFO - 01/12/26 18:40:24 - 0:17:24 - Running average train loss is 0.6867837858200073 at epoch 399
INFO - 01/12/26 18:40:24 - 0:17:24 - At 400-th epoch with lr 0.000632.
INFO - 01/12/26 18:40:26 - 0:17:26 - Running average train loss is 0.6865490937232971 at epoch 400
INFO - 01/12/26 18:40:26 - 0:17:26 - Average dev loss is 0.7736326257387797 at epoch 400
INFO - 01/12/26 18:40:27 - 0:17:27 - dev accuracy is 87.4 at epoch 400
INFO - 01/12/26 18:40:27 - 0:17:27 - dev average edit distance is 0.479 at epoch 400
INFO - 01/12/26 18:40:27 - 0:17:27 - At 401-th epoch with lr 0.000632.
INFO - 01/12/26 18:40:30 - 0:17:30 - Running average train loss is 0.6863806796073914 at epoch 401
INFO - 01/12/26 18:40:30 - 0:17:30 - At 402-th epoch with lr 0.000631.
INFO - 01/12/26 18:40:32 - 0:17:32 - Running average train loss is 0.6867576313018798 at epoch 402
INFO - 01/12/26 18:40:32 - 0:17:32 - At 403-th epoch with lr 0.000630.
INFO - 01/12/26 18:40:35 - 0:17:35 - Running average train loss is 0.6869227576255799 at epoch 403
INFO - 01/12/26 18:40:35 - 0:17:35 - At 404-th epoch with lr 0.000629.
INFO - 01/12/26 18:40:37 - 0:17:37 - Running average train loss is 0.6861776614189148 at epoch 404
INFO - 01/12/26 18:40:37 - 0:17:37 - At 405-th epoch with lr 0.000629.
INFO - 01/12/26 18:40:40 - 0:17:40 - Running average train loss is 0.6864277648925782 at epoch 405
INFO - 01/12/26 18:40:40 - 0:17:40 - At 406-th epoch with lr 0.000628.
INFO - 01/12/26 18:40:42 - 0:17:42 - Running average train loss is 0.6860133123397827 at epoch 406
INFO - 01/12/26 18:40:42 - 0:17:42 - At 407-th epoch with lr 0.000627.
INFO - 01/12/26 18:40:45 - 0:17:45 - Running average train loss is 0.6858211612701416 at epoch 407
INFO - 01/12/26 18:40:45 - 0:17:45 - At 408-th epoch with lr 0.000626.
INFO - 01/12/26 18:40:47 - 0:17:47 - Running average train loss is 0.6854693293571472 at epoch 408
INFO - 01/12/26 18:40:47 - 0:17:47 - At 409-th epoch with lr 0.000625.
INFO - 01/12/26 18:40:50 - 0:17:50 - Running average train loss is 0.685963294506073 at epoch 409
INFO - 01/12/26 18:40:50 - 0:17:50 - At 410-th epoch with lr 0.000625.
INFO - 01/12/26 18:40:52 - 0:17:52 - Running average train loss is 0.6871910548210144 at epoch 410
INFO - 01/12/26 18:40:52 - 0:17:52 - At 411-th epoch with lr 0.000624.
INFO - 01/12/26 18:40:55 - 0:17:55 - Running average train loss is 0.6856843781471252 at epoch 411
INFO - 01/12/26 18:40:55 - 0:17:55 - At 412-th epoch with lr 0.000623.
INFO - 01/12/26 18:40:57 - 0:17:57 - Running average train loss is 0.6858968019485474 at epoch 412
INFO - 01/12/26 18:40:57 - 0:17:57 - At 413-th epoch with lr 0.000622.
INFO - 01/12/26 18:41:00 - 0:18:00 - Running average train loss is 0.6862958574295044 at epoch 413
INFO - 01/12/26 18:41:00 - 0:18:00 - At 414-th epoch with lr 0.000622.
INFO - 01/12/26 18:41:02 - 0:18:03 - Running average train loss is 0.6863854241371155 at epoch 414
INFO - 01/12/26 18:41:02 - 0:18:03 - At 415-th epoch with lr 0.000621.
INFO - 01/12/26 18:41:05 - 0:18:05 - Running average train loss is 0.6859604930877685 at epoch 415
INFO - 01/12/26 18:41:05 - 0:18:05 - At 416-th epoch with lr 0.000620.
INFO - 01/12/26 18:41:07 - 0:18:08 - Running average train loss is 0.6861404657363892 at epoch 416
INFO - 01/12/26 18:41:07 - 0:18:08 - Average dev loss is 0.7738513946533203 at epoch 416
INFO - 01/12/26 18:41:08 - 0:18:08 - dev accuracy is 88.1 at epoch 416
INFO - 01/12/26 18:41:08 - 0:18:08 - dev average edit distance is 0.474 at epoch 416
INFO - 01/12/26 18:41:08 - 0:18:08 - At 417-th epoch with lr 0.000619.
INFO - 01/12/26 18:41:11 - 0:18:11 - Running average train loss is 0.6862193274497986 at epoch 417
INFO - 01/12/26 18:41:11 - 0:18:11 - At 418-th epoch with lr 0.000619.
INFO - 01/12/26 18:41:13 - 0:18:13 - Running average train loss is 0.6867034292221069 at epoch 418
INFO - 01/12/26 18:41:13 - 0:18:13 - At 419-th epoch with lr 0.000618.
INFO - 01/12/26 18:41:16 - 0:18:16 - Running average train loss is 0.6859805059432983 at epoch 419
INFO - 01/12/26 18:41:16 - 0:18:16 - At 420-th epoch with lr 0.000617.
INFO - 01/12/26 18:41:18 - 0:18:19 - Running average train loss is 0.6854306507110596 at epoch 420
INFO - 01/12/26 18:41:18 - 0:18:19 - At 421-th epoch with lr 0.000616.
INFO - 01/12/26 18:41:21 - 0:18:21 - Running average train loss is 0.6857512092590332 at epoch 421
INFO - 01/12/26 18:41:21 - 0:18:21 - At 422-th epoch with lr 0.000616.
INFO - 01/12/26 18:41:24 - 0:18:24 - Running average train loss is 0.6863627767562867 at epoch 422
INFO - 01/12/26 18:41:24 - 0:18:24 - At 423-th epoch with lr 0.000615.
INFO - 01/12/26 18:41:26 - 0:18:26 - Running average train loss is 0.6862327075004577 at epoch 423
INFO - 01/12/26 18:41:26 - 0:18:26 - At 424-th epoch with lr 0.000614.
INFO - 01/12/26 18:41:29 - 0:18:29 - Running average train loss is 0.687329511642456 at epoch 424
INFO - 01/12/26 18:41:29 - 0:18:29 - At 425-th epoch with lr 0.000614.
INFO - 01/12/26 18:41:31 - 0:18:31 - Running average train loss is 0.6868902325630188 at epoch 425
INFO - 01/12/26 18:41:31 - 0:18:31 - At 426-th epoch with lr 0.000613.
INFO - 01/12/26 18:41:34 - 0:18:34 - Running average train loss is 0.6861214566230774 at epoch 426
INFO - 01/12/26 18:41:34 - 0:18:34 - At 427-th epoch with lr 0.000612.
INFO - 01/12/26 18:41:36 - 0:18:36 - Running average train loss is 0.6862687826156616 at epoch 427
INFO - 01/12/26 18:41:36 - 0:18:36 - At 428-th epoch with lr 0.000611.
INFO - 01/12/26 18:41:39 - 0:18:39 - Running average train loss is 0.6853481698036193 at epoch 428
INFO - 01/12/26 18:41:39 - 0:18:39 - At 429-th epoch with lr 0.000611.
INFO - 01/12/26 18:41:41 - 0:18:42 - Running average train loss is 0.6856059098243713 at epoch 429
INFO - 01/12/26 18:41:41 - 0:18:42 - At 430-th epoch with lr 0.000610.
INFO - 01/12/26 18:41:44 - 0:18:44 - Running average train loss is 0.6861375617980957 at epoch 430
INFO - 01/12/26 18:41:44 - 0:18:44 - At 431-th epoch with lr 0.000609.
INFO - 01/12/26 18:41:47 - 0:18:47 - Running average train loss is 0.6857218289375305 at epoch 431
INFO - 01/12/26 18:41:47 - 0:18:47 - At 432-th epoch with lr 0.000609.
INFO - 01/12/26 18:41:49 - 0:18:49 - Running average train loss is 0.6865605545043946 at epoch 432
INFO - 01/12/26 18:41:49 - 0:18:49 - Average dev loss is 0.7691501577695211 at epoch 432
INFO - 01/12/26 18:41:50 - 0:18:50 - dev accuracy is 86.8 at epoch 432
INFO - 01/12/26 18:41:50 - 0:18:50 - dev average edit distance is 0.5 at epoch 432
INFO - 01/12/26 18:41:50 - 0:18:50 - At 433-th epoch with lr 0.000608.
INFO - 01/12/26 18:41:53 - 0:18:53 - Running average train loss is 0.6861490201950073 at epoch 433
INFO - 01/12/26 18:41:53 - 0:18:53 - At 434-th epoch with lr 0.000607.
INFO - 01/12/26 18:41:55 - 0:18:55 - Running average train loss is 0.685335910320282 at epoch 434
INFO - 01/12/26 18:41:55 - 0:18:55 - At 435-th epoch with lr 0.000606.
INFO - 01/12/26 18:41:58 - 0:18:58 - Running average train loss is 0.6848711585998535 at epoch 435
INFO - 01/12/26 18:41:58 - 0:18:58 - At 436-th epoch with lr 0.000606.
INFO - 01/12/26 18:42:00 - 0:19:00 - Running average train loss is 0.6858934140205384 at epoch 436
INFO - 01/12/26 18:42:00 - 0:19:00 - At 437-th epoch with lr 0.000605.
INFO - 01/12/26 18:42:03 - 0:19:03 - Running average train loss is 0.6856093192100525 at epoch 437
INFO - 01/12/26 18:42:03 - 0:19:03 - At 438-th epoch with lr 0.000604.
INFO - 01/12/26 18:42:05 - 0:19:05 - Running average train loss is 0.6853088688850403 at epoch 438
INFO - 01/12/26 18:42:05 - 0:19:05 - At 439-th epoch with lr 0.000604.
INFO - 01/12/26 18:42:08 - 0:19:08 - Running average train loss is 0.685987274646759 at epoch 439
INFO - 01/12/26 18:42:08 - 0:19:08 - At 440-th epoch with lr 0.000603.
INFO - 01/12/26 18:42:10 - 0:19:10 - Running average train loss is 0.6854344034194946 at epoch 440
INFO - 01/12/26 18:42:10 - 0:19:10 - At 441-th epoch with lr 0.000602.
INFO - 01/12/26 18:42:13 - 0:19:13 - Running average train loss is 0.6851406383514405 at epoch 441
INFO - 01/12/26 18:42:13 - 0:19:13 - At 442-th epoch with lr 0.000602.
INFO - 01/12/26 18:42:15 - 0:19:15 - Running average train loss is 0.6851973390579223 at epoch 442
INFO - 01/12/26 18:42:15 - 0:19:15 - At 443-th epoch with lr 0.000601.
INFO - 01/12/26 18:42:18 - 0:19:18 - Running average train loss is 0.6856355714797974 at epoch 443
INFO - 01/12/26 18:42:18 - 0:19:18 - At 444-th epoch with lr 0.000600.
INFO - 01/12/26 18:42:20 - 0:19:20 - Running average train loss is 0.6858397507667542 at epoch 444
INFO - 01/12/26 18:42:20 - 0:19:20 - At 445-th epoch with lr 0.000600.
INFO - 01/12/26 18:42:23 - 0:19:23 - Running average train loss is 0.6855379843711853 at epoch 445
INFO - 01/12/26 18:42:23 - 0:19:23 - At 446-th epoch with lr 0.000599.
INFO - 01/12/26 18:42:25 - 0:19:26 - Running average train loss is 0.6858083581924439 at epoch 446
INFO - 01/12/26 18:42:25 - 0:19:26 - At 447-th epoch with lr 0.000598.
INFO - 01/12/26 18:42:28 - 0:19:28 - Running average train loss is 0.6859332871437073 at epoch 447
INFO - 01/12/26 18:42:28 - 0:19:28 - At 448-th epoch with lr 0.000598.
INFO - 01/12/26 18:42:31 - 0:19:31 - Running average train loss is 0.6857092642784118 at epoch 448
INFO - 01/12/26 18:42:31 - 0:19:31 - Average dev loss is 0.7637920180956522 at epoch 448
INFO - 01/12/26 18:42:31 - 0:19:31 - dev accuracy is 89.9 at epoch 448
INFO - 01/12/26 18:42:31 - 0:19:31 - dev average edit distance is 0.426 at epoch 448
INFO - 01/12/26 18:42:31 - 0:19:32 - At 449-th epoch with lr 0.000597.
INFO - 01/12/26 18:42:34 - 0:19:34 - Running average train loss is 0.6848847556114197 at epoch 449
INFO - 01/12/26 18:42:34 - 0:19:34 - At 450-th epoch with lr 0.000596.
INFO - 01/12/26 18:42:37 - 0:19:37 - Running average train loss is 0.6853019094467163 at epoch 450
INFO - 01/12/26 18:42:37 - 0:19:37 - At 451-th epoch with lr 0.000596.
INFO - 01/12/26 18:42:39 - 0:19:39 - Running average train loss is 0.6855653738975525 at epoch 451
INFO - 01/12/26 18:42:39 - 0:19:39 - At 452-th epoch with lr 0.000595.
INFO - 01/12/26 18:42:42 - 0:19:42 - Running average train loss is 0.6851236772537231 at epoch 452
INFO - 01/12/26 18:42:42 - 0:19:42 - At 453-th epoch with lr 0.000594.
INFO - 01/12/26 18:42:44 - 0:19:44 - Running average train loss is 0.6852078294754028 at epoch 453
INFO - 01/12/26 18:42:44 - 0:19:44 - At 454-th epoch with lr 0.000594.
INFO - 01/12/26 18:42:47 - 0:19:47 - Running average train loss is 0.6859954953193664 at epoch 454
INFO - 01/12/26 18:42:47 - 0:19:47 - At 455-th epoch with lr 0.000593.
INFO - 01/12/26 18:42:49 - 0:19:49 - Running average train loss is 0.6852047610282898 at epoch 455
INFO - 01/12/26 18:42:49 - 0:19:49 - At 456-th epoch with lr 0.000592.
INFO - 01/12/26 18:42:52 - 0:19:52 - Running average train loss is 0.6860223770141601 at epoch 456
INFO - 01/12/26 18:42:52 - 0:19:52 - At 457-th epoch with lr 0.000592.
INFO - 01/12/26 18:42:54 - 0:19:54 - Running average train loss is 0.6857348275184632 at epoch 457
INFO - 01/12/26 18:42:54 - 0:19:54 - At 458-th epoch with lr 0.000591.
INFO - 01/12/26 18:42:57 - 0:19:57 - Running average train loss is 0.6855844926834106 at epoch 458
INFO - 01/12/26 18:42:57 - 0:19:57 - At 459-th epoch with lr 0.000590.
INFO - 01/12/26 18:42:59 - 0:20:00 - Running average train loss is 0.6855039191246033 at epoch 459
INFO - 01/12/26 18:42:59 - 0:20:00 - At 460-th epoch with lr 0.000590.
INFO - 01/12/26 18:43:02 - 0:20:02 - Running average train loss is 0.68523118019104 at epoch 460
INFO - 01/12/26 18:43:02 - 0:20:02 - At 461-th epoch with lr 0.000589.
INFO - 01/12/26 18:43:04 - 0:20:05 - Running average train loss is 0.68528728723526 at epoch 461
INFO - 01/12/26 18:43:04 - 0:20:05 - At 462-th epoch with lr 0.000588.
INFO - 01/12/26 18:43:07 - 0:20:07 - Running average train loss is 0.6852755522727967 at epoch 462
INFO - 01/12/26 18:43:07 - 0:20:07 - At 463-th epoch with lr 0.000588.
INFO - 01/12/26 18:43:09 - 0:20:10 - Running average train loss is 0.6861997747421265 at epoch 463
INFO - 01/12/26 18:43:09 - 0:20:10 - At 464-th epoch with lr 0.000587.
INFO - 01/12/26 18:43:12 - 0:20:12 - Running average train loss is 0.6856984567642211 at epoch 464
INFO - 01/12/26 18:43:12 - 0:20:12 - Average dev loss is 0.7697072227795919 at epoch 464
INFO - 01/12/26 18:43:13 - 0:20:13 - dev accuracy is 86.8 at epoch 464
INFO - 01/12/26 18:43:13 - 0:20:13 - dev average edit distance is 0.466 at epoch 464
INFO - 01/12/26 18:43:13 - 0:20:13 - At 465-th epoch with lr 0.000587.
INFO - 01/12/26 18:43:15 - 0:20:16 - Running average train loss is 0.6851920056343078 at epoch 465
INFO - 01/12/26 18:43:15 - 0:20:16 - At 466-th epoch with lr 0.000586.
INFO - 01/12/26 18:43:18 - 0:20:18 - Running average train loss is 0.6852857995033265 at epoch 466
INFO - 01/12/26 18:43:18 - 0:20:18 - At 467-th epoch with lr 0.000585.
INFO - 01/12/26 18:43:21 - 0:20:21 - Running average train loss is 0.6850325083732605 at epoch 467
INFO - 01/12/26 18:43:21 - 0:20:21 - At 468-th epoch with lr 0.000585.
INFO - 01/12/26 18:43:23 - 0:20:23 - Running average train loss is 0.6848220324516296 at epoch 468
INFO - 01/12/26 18:43:23 - 0:20:23 - At 469-th epoch with lr 0.000584.
INFO - 01/12/26 18:43:26 - 0:20:26 - Running average train loss is 0.684585599899292 at epoch 469
INFO - 01/12/26 18:43:26 - 0:20:26 - At 470-th epoch with lr 0.000583.
INFO - 01/12/26 18:43:28 - 0:20:28 - Running average train loss is 0.6853394722938537 at epoch 470
INFO - 01/12/26 18:43:28 - 0:20:28 - At 471-th epoch with lr 0.000583.
INFO - 01/12/26 18:43:31 - 0:20:31 - Running average train loss is 0.6851915287971496 at epoch 471
INFO - 01/12/26 18:43:31 - 0:20:31 - At 472-th epoch with lr 0.000582.
INFO - 01/12/26 18:43:33 - 0:20:33 - Running average train loss is 0.6850558829307556 at epoch 472
INFO - 01/12/26 18:43:33 - 0:20:33 - At 473-th epoch with lr 0.000582.
INFO - 01/12/26 18:43:36 - 0:20:36 - Running average train loss is 0.6847020936012268 at epoch 473
INFO - 01/12/26 18:43:36 - 0:20:36 - At 474-th epoch with lr 0.000581.
INFO - 01/12/26 18:43:38 - 0:20:38 - Running average train loss is 0.6849836182594299 at epoch 474
INFO - 01/12/26 18:43:38 - 0:20:38 - At 475-th epoch with lr 0.000580.
INFO - 01/12/26 18:43:41 - 0:20:41 - Running average train loss is 0.6852901887893676 at epoch 475
INFO - 01/12/26 18:43:41 - 0:20:41 - At 476-th epoch with lr 0.000580.
INFO - 01/12/26 18:43:43 - 0:20:44 - Running average train loss is 0.6849958968162536 at epoch 476
INFO - 01/12/26 18:43:43 - 0:20:44 - At 477-th epoch with lr 0.000579.
INFO - 01/12/26 18:43:46 - 0:20:46 - Running average train loss is 0.6849452829360962 at epoch 477
INFO - 01/12/26 18:43:46 - 0:20:46 - At 478-th epoch with lr 0.000579.
INFO - 01/12/26 18:43:49 - 0:20:49 - Running average train loss is 0.6850021171569824 at epoch 478
INFO - 01/12/26 18:43:49 - 0:20:49 - At 479-th epoch with lr 0.000578.
INFO - 01/12/26 18:43:51 - 0:20:51 - Running average train loss is 0.6849512791633606 at epoch 479
INFO - 01/12/26 18:43:51 - 0:20:51 - At 480-th epoch with lr 0.000577.
INFO - 01/12/26 18:43:54 - 0:20:54 - Running average train loss is 0.6853792238235473 at epoch 480
INFO - 01/12/26 18:43:54 - 0:20:54 - Average dev loss is 0.7707971533139547 at epoch 480
INFO - 01/12/26 18:43:55 - 0:20:55 - dev accuracy is 87.0 at epoch 480
INFO - 01/12/26 18:43:55 - 0:20:55 - dev average edit distance is 0.502 at epoch 480
INFO - 01/12/26 18:43:55 - 0:20:55 - At 481-th epoch with lr 0.000577.
INFO - 01/12/26 18:43:58 - 0:20:58 - Running average train loss is 0.6849122285842896 at epoch 481
INFO - 01/12/26 18:43:58 - 0:20:58 - At 482-th epoch with lr 0.000576.
INFO - 01/12/26 18:44:00 - 0:21:00 - Running average train loss is 0.6850053763389587 at epoch 482
INFO - 01/12/26 18:44:00 - 0:21:00 - At 483-th epoch with lr 0.000576.
INFO - 01/12/26 18:44:03 - 0:21:03 - Running average train loss is 0.6848654556274414 at epoch 483
INFO - 01/12/26 18:44:03 - 0:21:03 - At 484-th epoch with lr 0.000575.
INFO - 01/12/26 18:44:05 - 0:21:05 - Running average train loss is 0.6847967267036438 at epoch 484
INFO - 01/12/26 18:44:05 - 0:21:05 - At 485-th epoch with lr 0.000574.
INFO - 01/12/26 18:44:08 - 0:21:08 - Running average train loss is 0.6851311326026917 at epoch 485
INFO - 01/12/26 18:44:08 - 0:21:08 - At 486-th epoch with lr 0.000574.
INFO - 01/12/26 18:44:10 - 0:21:10 - Running average train loss is 0.685496289730072 at epoch 486
INFO - 01/12/26 18:44:10 - 0:21:10 - At 487-th epoch with lr 0.000573.
INFO - 01/12/26 18:44:13 - 0:21:13 - Running average train loss is 0.6848557114601135 at epoch 487
INFO - 01/12/26 18:44:13 - 0:21:13 - At 488-th epoch with lr 0.000573.
INFO - 01/12/26 18:44:15 - 0:21:15 - Running average train loss is 0.6846135115623474 at epoch 488
INFO - 01/12/26 18:44:15 - 0:21:15 - At 489-th epoch with lr 0.000572.
INFO - 01/12/26 18:44:18 - 0:21:18 - Running average train loss is 0.6840902376174927 at epoch 489
INFO - 01/12/26 18:44:18 - 0:21:18 - At 490-th epoch with lr 0.000571.
INFO - 01/12/26 18:44:20 - 0:21:20 - Running average train loss is 0.6843709015846252 at epoch 490
INFO - 01/12/26 18:44:20 - 0:21:20 - At 491-th epoch with lr 0.000571.
INFO - 01/12/26 18:44:23 - 0:21:23 - Running average train loss is 0.6848213267326355 at epoch 491
INFO - 01/12/26 18:44:23 - 0:21:23 - At 492-th epoch with lr 0.000570.
INFO - 01/12/26 18:44:25 - 0:21:26 - Running average train loss is 0.6849597311019897 at epoch 492
INFO - 01/12/26 18:44:25 - 0:21:26 - At 493-th epoch with lr 0.000570.
INFO - 01/12/26 18:44:28 - 0:21:28 - Running average train loss is 0.6849245429039001 at epoch 493
INFO - 01/12/26 18:44:28 - 0:21:28 - At 494-th epoch with lr 0.000569.
INFO - 01/12/26 18:44:30 - 0:21:31 - Running average train loss is 0.6852911996841431 at epoch 494
INFO - 01/12/26 18:44:30 - 0:21:31 - At 495-th epoch with lr 0.000569.
INFO - 01/12/26 18:44:33 - 0:21:33 - Running average train loss is 0.6855517172813416 at epoch 495
INFO - 01/12/26 18:44:33 - 0:21:33 - At 496-th epoch with lr 0.000568.
INFO - 01/12/26 18:44:36 - 0:21:36 - Running average train loss is 0.6845579242706299 at epoch 496
INFO - 01/12/26 18:44:36 - 0:21:36 - Average dev loss is 0.7717507481575012 at epoch 496
INFO - 01/12/26 18:44:36 - 0:21:36 - dev accuracy is 87.3 at epoch 496
INFO - 01/12/26 18:44:36 - 0:21:36 - dev average edit distance is 0.446 at epoch 496
INFO - 01/12/26 18:44:36 - 0:21:37 - At 497-th epoch with lr 0.000567.
INFO - 01/12/26 18:44:39 - 0:21:39 - Running average train loss is 0.6850544834136962 at epoch 497
INFO - 01/12/26 18:44:39 - 0:21:39 - At 498-th epoch with lr 0.000567.
INFO - 01/12/26 18:44:41 - 0:21:42 - Running average train loss is 0.6847154903411865 at epoch 498
INFO - 01/12/26 18:44:41 - 0:21:42 - At 499-th epoch with lr 0.000566.
INFO - 01/12/26 18:44:44 - 0:21:44 - Running average train loss is 0.6847020530700684 at epoch 499
INFO - 01/12/26 18:44:44 - 0:21:44 - At 500-th epoch with lr 0.000566.
INFO - 01/12/26 18:44:47 - 0:21:47 - Running average train loss is 0.684809091091156 at epoch 500
INFO - 01/12/26 18:44:47 - 0:21:47 - At 501-th epoch with lr 0.000565.
INFO - 01/12/26 18:44:49 - 0:21:49 - Running average train loss is 0.6851970219612121 at epoch 501
INFO - 01/12/26 18:44:49 - 0:21:49 - At 502-th epoch with lr 0.000565.
INFO - 01/12/26 18:44:52 - 0:21:52 - Running average train loss is 0.6855824565887452 at epoch 502
INFO - 01/12/26 18:44:52 - 0:21:52 - At 503-th epoch with lr 0.000564.
INFO - 01/12/26 18:44:54 - 0:21:54 - Running average train loss is 0.6848082137107849 at epoch 503
INFO - 01/12/26 18:44:54 - 0:21:54 - At 504-th epoch with lr 0.000563.
INFO - 01/12/26 18:44:57 - 0:21:57 - Running average train loss is 0.6843733382225037 at epoch 504
INFO - 01/12/26 18:44:57 - 0:21:57 - At 505-th epoch with lr 0.000563.
INFO - 01/12/26 18:44:59 - 0:21:59 - Running average train loss is 0.6846788454055787 at epoch 505
INFO - 01/12/26 18:44:59 - 0:21:59 - At 506-th epoch with lr 0.000562.
INFO - 01/12/26 18:45:02 - 0:22:02 - Running average train loss is 0.684288923740387 at epoch 506
INFO - 01/12/26 18:45:02 - 0:22:02 - At 507-th epoch with lr 0.000562.
INFO - 01/12/26 18:45:04 - 0:22:04 - Running average train loss is 0.6848775362968444 at epoch 507
INFO - 01/12/26 18:45:04 - 0:22:04 - At 508-th epoch with lr 0.000561.
INFO - 01/12/26 18:45:07 - 0:22:07 - Running average train loss is 0.6844271373748779 at epoch 508
INFO - 01/12/26 18:45:07 - 0:22:07 - At 509-th epoch with lr 0.000561.
INFO - 01/12/26 18:45:09 - 0:22:10 - Running average train loss is 0.6848232197761536 at epoch 509
INFO - 01/12/26 18:45:09 - 0:22:10 - At 510-th epoch with lr 0.000560.
INFO - 01/12/26 18:45:12 - 0:22:12 - Running average train loss is 0.6842579889297485 at epoch 510
INFO - 01/12/26 18:45:12 - 0:22:12 - At 511-th epoch with lr 0.000560.
INFO - 01/12/26 18:45:15 - 0:22:15 - Running average train loss is 0.6844340920448303 at epoch 511
INFO - 01/12/26 18:45:15 - 0:22:15 - At 512-th epoch with lr 0.000559.
INFO - 01/12/26 18:45:17 - 0:22:17 - Running average train loss is 0.6846046376228333 at epoch 512
INFO - 01/12/26 18:45:17 - 0:22:17 - Average dev loss is 0.766972025235494 at epoch 512
INFO - 01/12/26 18:45:18 - 0:22:18 - dev accuracy is 88.1 at epoch 512
INFO - 01/12/26 18:45:18 - 0:22:18 - dev average edit distance is 0.469 at epoch 512
INFO - 01/12/26 18:45:18 - 0:22:18 - At 513-th epoch with lr 0.000558.
INFO - 01/12/26 18:45:20 - 0:22:21 - Running average train loss is 0.6843962788581848 at epoch 513
INFO - 01/12/26 18:45:20 - 0:22:21 - At 514-th epoch with lr 0.000558.
INFO - 01/12/26 18:45:23 - 0:22:23 - Running average train loss is 0.6844310188293456 at epoch 514
INFO - 01/12/26 18:45:23 - 0:22:23 - At 515-th epoch with lr 0.000557.
INFO - 01/12/26 18:45:26 - 0:22:26 - Running average train loss is 0.6845537137985229 at epoch 515
INFO - 01/12/26 18:45:26 - 0:22:26 - At 516-th epoch with lr 0.000557.
INFO - 01/12/26 18:45:28 - 0:22:28 - Running average train loss is 0.6847945475578308 at epoch 516
INFO - 01/12/26 18:45:28 - 0:22:28 - At 517-th epoch with lr 0.000556.
INFO - 01/12/26 18:45:31 - 0:22:31 - Running average train loss is 0.6848554563522339 at epoch 517
INFO - 01/12/26 18:45:31 - 0:22:31 - At 518-th epoch with lr 0.000556.
INFO - 01/12/26 18:45:33 - 0:22:33 - Running average train loss is 0.6846407508850098 at epoch 518
INFO - 01/12/26 18:45:33 - 0:22:33 - At 519-th epoch with lr 0.000555.
INFO - 01/12/26 18:45:36 - 0:22:36 - Running average train loss is 0.6845278167724609 at epoch 519
INFO - 01/12/26 18:45:36 - 0:22:36 - At 520-th epoch with lr 0.000555.
INFO - 01/12/26 18:45:38 - 0:22:38 - Running average train loss is 0.6842435026168823 at epoch 520
INFO - 01/12/26 18:45:38 - 0:22:38 - At 521-th epoch with lr 0.000554.
INFO - 01/12/26 18:45:41 - 0:22:41 - Running average train loss is 0.6841682624816895 at epoch 521
INFO - 01/12/26 18:45:41 - 0:22:41 - At 522-th epoch with lr 0.000554.
INFO - 01/12/26 18:45:43 - 0:22:43 - Running average train loss is 0.6845680522918701 at epoch 522
INFO - 01/12/26 18:45:43 - 0:22:43 - At 523-th epoch with lr 0.000553.
INFO - 01/12/26 18:45:46 - 0:22:46 - Running average train loss is 0.6848177766799927 at epoch 523
INFO - 01/12/26 18:45:46 - 0:22:46 - At 524-th epoch with lr 0.000553.
INFO - 01/12/26 18:45:48 - 0:22:48 - Running average train loss is 0.6850688815116882 at epoch 524
INFO - 01/12/26 18:45:48 - 0:22:48 - At 525-th epoch with lr 0.000552.
INFO - 01/12/26 18:45:51 - 0:22:51 - Running average train loss is 0.6850005531311035 at epoch 525
INFO - 01/12/26 18:45:51 - 0:22:51 - At 526-th epoch with lr 0.000552.
INFO - 01/12/26 18:45:53 - 0:22:54 - Running average train loss is 0.6845870304107666 at epoch 526
INFO - 01/12/26 18:45:53 - 0:22:54 - At 527-th epoch with lr 0.000551.
INFO - 01/12/26 18:45:56 - 0:22:56 - Running average train loss is 0.6844443798065185 at epoch 527
INFO - 01/12/26 18:45:56 - 0:22:56 - At 528-th epoch with lr 0.000550.
INFO - 01/12/26 18:45:58 - 0:22:59 - Running average train loss is 0.6841867923736572 at epoch 528
INFO - 01/12/26 18:45:58 - 0:22:59 - Average dev loss is 0.7673079570134481 at epoch 528
INFO - 01/12/26 18:45:59 - 0:22:59 - dev accuracy is 86.6 at epoch 528
INFO - 01/12/26 18:45:59 - 0:22:59 - dev average edit distance is 0.435 at epoch 528
INFO - 01/12/26 18:45:59 - 0:22:59 - At 529-th epoch with lr 0.000550.
INFO - 01/12/26 18:46:02 - 0:23:02 - Running average train loss is 0.6844785642623902 at epoch 529
INFO - 01/12/26 18:46:02 - 0:23:02 - At 530-th epoch with lr 0.000549.
INFO - 01/12/26 18:46:04 - 0:23:05 - Running average train loss is 0.6846583223342896 at epoch 530
INFO - 01/12/26 18:46:04 - 0:23:05 - At 531-th epoch with lr 0.000549.
INFO - 01/12/26 18:46:07 - 0:23:07 - Running average train loss is 0.6844615197181702 at epoch 531
INFO - 01/12/26 18:46:07 - 0:23:07 - At 532-th epoch with lr 0.000548.
INFO - 01/12/26 18:46:10 - 0:23:10 - Running average train loss is 0.6850163340568542 at epoch 532
INFO - 01/12/26 18:46:10 - 0:23:10 - At 533-th epoch with lr 0.000548.
INFO - 01/12/26 18:46:12 - 0:23:12 - Running average train loss is 0.6844872522354126 at epoch 533
INFO - 01/12/26 18:46:12 - 0:23:12 - At 534-th epoch with lr 0.000547.
INFO - 01/12/26 18:46:15 - 0:23:15 - Running average train loss is 0.6844859552383423 at epoch 534
INFO - 01/12/26 18:46:15 - 0:23:15 - At 535-th epoch with lr 0.000547.
INFO - 01/12/26 18:46:17 - 0:23:17 - Running average train loss is 0.684381148815155 at epoch 535
INFO - 01/12/26 18:46:17 - 0:23:17 - At 536-th epoch with lr 0.000546.
INFO - 01/12/26 18:46:20 - 0:23:20 - Running average train loss is 0.6844976019859313 at epoch 536
INFO - 01/12/26 18:46:20 - 0:23:20 - At 537-th epoch with lr 0.000546.
INFO - 01/12/26 18:46:22 - 0:23:22 - Running average train loss is 0.6844830989837647 at epoch 537
INFO - 01/12/26 18:46:22 - 0:23:22 - At 538-th epoch with lr 0.000545.
INFO - 01/12/26 18:46:25 - 0:23:25 - Running average train loss is 0.6844976663589477 at epoch 538
INFO - 01/12/26 18:46:25 - 0:23:25 - At 539-th epoch with lr 0.000545.
INFO - 01/12/26 18:46:27 - 0:23:27 - Running average train loss is 0.6840672349929809 at epoch 539
INFO - 01/12/26 18:46:27 - 0:23:27 - At 540-th epoch with lr 0.000544.
INFO - 01/12/26 18:46:30 - 0:23:30 - Running average train loss is 0.6839668655395508 at epoch 540
INFO - 01/12/26 18:46:30 - 0:23:30 - At 541-th epoch with lr 0.000544.
INFO - 01/12/26 18:46:32 - 0:23:32 - Running average train loss is 0.6837256789207459 at epoch 541
INFO - 01/12/26 18:46:32 - 0:23:32 - At 542-th epoch with lr 0.000543.
INFO - 01/12/26 18:46:35 - 0:23:35 - Running average train loss is 0.6844487118721009 at epoch 542
INFO - 01/12/26 18:46:35 - 0:23:35 - At 543-th epoch with lr 0.000543.
INFO - 01/12/26 18:46:37 - 0:23:38 - Running average train loss is 0.6844253349304199 at epoch 543
INFO - 01/12/26 18:46:37 - 0:23:38 - At 544-th epoch with lr 0.000542.
INFO - 01/12/26 18:46:40 - 0:23:40 - Running average train loss is 0.6846533870697021 at epoch 544
INFO - 01/12/26 18:46:40 - 0:23:40 - Average dev loss is 0.7650320331255595 at epoch 544
INFO - 01/12/26 18:46:41 - 0:23:41 - dev accuracy is 87.6 at epoch 544
INFO - 01/12/26 18:46:41 - 0:23:41 - dev average edit distance is 0.484 at epoch 544
INFO - 01/12/26 18:46:41 - 0:23:41 - At 545-th epoch with lr 0.000542.
INFO - 01/12/26 18:46:43 - 0:23:44 - Running average train loss is 0.684265923500061 at epoch 545
INFO - 01/12/26 18:46:43 - 0:23:44 - At 546-th epoch with lr 0.000541.
INFO - 01/12/26 18:46:46 - 0:23:46 - Running average train loss is 0.6842946028709411 at epoch 546
INFO - 01/12/26 18:46:46 - 0:23:46 - At 547-th epoch with lr 0.000541.
INFO - 01/12/26 18:46:49 - 0:23:49 - Running average train loss is 0.6848906898498535 at epoch 547
INFO - 01/12/26 18:46:49 - 0:23:49 - At 548-th epoch with lr 0.000540.
INFO - 01/12/26 18:46:51 - 0:23:51 - Running average train loss is 0.6843331670761108 at epoch 548
INFO - 01/12/26 18:46:51 - 0:23:51 - At 549-th epoch with lr 0.000540.
INFO - 01/12/26 18:46:54 - 0:23:54 - Running average train loss is 0.6849221539497375 at epoch 549
INFO - 01/12/26 18:46:54 - 0:23:54 - At 550-th epoch with lr 0.000539.
INFO - 01/12/26 18:46:56 - 0:23:56 - Running average train loss is 0.6843096160888672 at epoch 550
INFO - 01/12/26 18:46:56 - 0:23:56 - At 551-th epoch with lr 0.000539.
INFO - 01/12/26 18:46:59 - 0:23:59 - Running average train loss is 0.6841082835197448 at epoch 551
INFO - 01/12/26 18:46:59 - 0:23:59 - At 552-th epoch with lr 0.000538.
INFO - 01/12/26 18:47:01 - 0:24:01 - Running average train loss is 0.6846343016624451 at epoch 552
INFO - 01/12/26 18:47:01 - 0:24:01 - At 553-th epoch with lr 0.000538.
INFO - 01/12/26 18:47:04 - 0:24:04 - Running average train loss is 0.6845506381988525 at epoch 553
INFO - 01/12/26 18:47:04 - 0:24:04 - At 554-th epoch with lr 0.000537.
INFO - 01/12/26 18:47:06 - 0:24:06 - Running average train loss is 0.6842100620269775 at epoch 554
INFO - 01/12/26 18:47:06 - 0:24:06 - At 555-th epoch with lr 0.000537.
INFO - 01/12/26 18:47:09 - 0:24:09 - Running average train loss is 0.6845114064216614 at epoch 555
INFO - 01/12/26 18:47:09 - 0:24:09 - At 556-th epoch with lr 0.000536.
INFO - 01/12/26 18:47:11 - 0:24:12 - Running average train loss is 0.6849289584159851 at epoch 556
INFO - 01/12/26 18:47:11 - 0:24:12 - At 557-th epoch with lr 0.000536.
INFO - 01/12/26 18:47:14 - 0:24:14 - Running average train loss is 0.6839772987365723 at epoch 557
INFO - 01/12/26 18:47:14 - 0:24:14 - At 558-th epoch with lr 0.000535.
INFO - 01/12/26 18:47:16 - 0:24:17 - Running average train loss is 0.6838753032684326 at epoch 558
INFO - 01/12/26 18:47:16 - 0:24:17 - At 559-th epoch with lr 0.000535.
INFO - 01/12/26 18:47:19 - 0:24:19 - Running average train loss is 0.6842359662055969 at epoch 559
INFO - 01/12/26 18:47:19 - 0:24:19 - At 560-th epoch with lr 0.000535.
INFO - 01/12/26 18:47:22 - 0:24:22 - Running average train loss is 0.6845391607284546 at epoch 560
INFO - 01/12/26 18:47:22 - 0:24:22 - Average dev loss is 0.7553842465082804 at epoch 560
INFO - 01/12/26 18:47:22 - 0:24:22 - dev accuracy is 88.6 at epoch 560
INFO - 01/12/26 18:47:22 - 0:24:22 - dev average edit distance is 0.433 at epoch 560
INFO - 01/12/26 18:47:22 - 0:24:23 - At 561-th epoch with lr 0.000534.
INFO - 01/12/26 18:47:25 - 0:24:25 - Running average train loss is 0.6841272211074829 at epoch 561
INFO - 01/12/26 18:47:25 - 0:24:25 - At 562-th epoch with lr 0.000534.
INFO - 01/12/26 18:47:28 - 0:24:28 - Running average train loss is 0.684638364315033 at epoch 562
INFO - 01/12/26 18:47:28 - 0:24:28 - At 563-th epoch with lr 0.000533.
INFO - 01/12/26 18:47:30 - 0:24:30 - Running average train loss is 0.6846551680564881 at epoch 563
INFO - 01/12/26 18:47:30 - 0:24:30 - At 564-th epoch with lr 0.000533.
INFO - 01/12/26 18:47:33 - 0:24:33 - Running average train loss is 0.6842557263374328 at epoch 564
INFO - 01/12/26 18:47:33 - 0:24:33 - At 565-th epoch with lr 0.000532.
INFO - 01/12/26 18:47:35 - 0:24:35 - Running average train loss is 0.6841071176528931 at epoch 565
INFO - 01/12/26 18:47:35 - 0:24:35 - At 566-th epoch with lr 0.000532.
INFO - 01/12/26 18:47:38 - 0:24:38 - Running average train loss is 0.6841035461425782 at epoch 566
INFO - 01/12/26 18:47:38 - 0:24:38 - At 567-th epoch with lr 0.000531.
INFO - 01/12/26 18:47:40 - 0:24:40 - Running average train loss is 0.6842826461791992 at epoch 567
INFO - 01/12/26 18:47:40 - 0:24:40 - At 568-th epoch with lr 0.000531.
INFO - 01/12/26 18:47:43 - 0:24:43 - Running average train loss is 0.6840294027328491 at epoch 568
INFO - 01/12/26 18:47:43 - 0:24:43 - At 569-th epoch with lr 0.000530.
INFO - 01/12/26 18:47:45 - 0:24:45 - Running average train loss is 0.684495906829834 at epoch 569
INFO - 01/12/26 18:47:45 - 0:24:45 - At 570-th epoch with lr 0.000530.
INFO - 01/12/26 18:47:48 - 0:24:48 - Running average train loss is 0.6839217734336853 at epoch 570
INFO - 01/12/26 18:47:48 - 0:24:48 - At 571-th epoch with lr 0.000529.
INFO - 01/12/26 18:47:50 - 0:24:50 - Running average train loss is 0.6837966585159302 at epoch 571
INFO - 01/12/26 18:47:50 - 0:24:50 - At 572-th epoch with lr 0.000529.
INFO - 01/12/26 18:47:53 - 0:24:53 - Running average train loss is 0.6837167310714721 at epoch 572
INFO - 01/12/26 18:47:53 - 0:24:53 - At 573-th epoch with lr 0.000528.
INFO - 01/12/26 18:47:55 - 0:24:56 - Running average train loss is 0.6837014293670655 at epoch 573
INFO - 01/12/26 18:47:55 - 0:24:56 - At 574-th epoch with lr 0.000528.
INFO - 01/12/26 18:47:58 - 0:24:58 - Running average train loss is 0.68409193277359 at epoch 574
INFO - 01/12/26 18:47:58 - 0:24:58 - At 575-th epoch with lr 0.000528.
INFO - 01/12/26 18:48:00 - 0:25:01 - Running average train loss is 0.6841408753395081 at epoch 575
INFO - 01/12/26 18:48:00 - 0:25:01 - At 576-th epoch with lr 0.000527.
INFO - 01/12/26 18:48:03 - 0:25:03 - Running average train loss is 0.684366774559021 at epoch 576
INFO - 01/12/26 18:48:03 - 0:25:03 - Average dev loss is 0.7605647246042887 at epoch 576
INFO - 01/12/26 18:48:04 - 0:25:04 - dev accuracy is 88.3 at epoch 576
INFO - 01/12/26 18:48:04 - 0:25:04 - dev average edit distance is 0.418 at epoch 576
INFO - 01/12/26 18:48:04 - 0:25:04 - At 577-th epoch with lr 0.000527.
INFO - 01/12/26 18:48:06 - 0:25:06 - Running average train loss is 0.6845482182502747 at epoch 577
INFO - 01/12/26 18:48:06 - 0:25:06 - At 578-th epoch with lr 0.000526.
INFO - 01/12/26 18:48:09 - 0:25:09 - Running average train loss is 0.6837864589691162 at epoch 578
INFO - 01/12/26 18:48:09 - 0:25:09 - At 579-th epoch with lr 0.000526.
INFO - 01/12/26 18:48:11 - 0:25:11 - Running average train loss is 0.6841886138916016 at epoch 579
INFO - 01/12/26 18:48:11 - 0:25:11 - At 580-th epoch with lr 0.000525.
INFO - 01/12/26 18:48:14 - 0:25:14 - Running average train loss is 0.6842425322532654 at epoch 580
INFO - 01/12/26 18:48:14 - 0:25:14 - At 581-th epoch with lr 0.000525.
INFO - 01/12/26 18:48:17 - 0:25:17 - Running average train loss is 0.6837635278701782 at epoch 581
INFO - 01/12/26 18:48:17 - 0:25:17 - At 582-th epoch with lr 0.000524.
INFO - 01/12/26 18:48:19 - 0:25:19 - Running average train loss is 0.6839497780799866 at epoch 582
INFO - 01/12/26 18:48:19 - 0:25:19 - At 583-th epoch with lr 0.000524.
INFO - 01/12/26 18:48:22 - 0:25:22 - Running average train loss is 0.6842696332931518 at epoch 583
INFO - 01/12/26 18:48:22 - 0:25:22 - At 584-th epoch with lr 0.000523.
INFO - 01/12/26 18:48:24 - 0:25:24 - Running average train loss is 0.6842321753501892 at epoch 584
INFO - 01/12/26 18:48:24 - 0:25:24 - At 585-th epoch with lr 0.000523.
INFO - 01/12/26 18:48:27 - 0:25:27 - Running average train loss is 0.6840094780921936 at epoch 585
INFO - 01/12/26 18:48:27 - 0:25:27 - At 586-th epoch with lr 0.000523.
INFO - 01/12/26 18:48:29 - 0:25:29 - Running average train loss is 0.6839114809036255 at epoch 586
INFO - 01/12/26 18:48:29 - 0:25:29 - At 587-th epoch with lr 0.000522.
INFO - 01/12/26 18:48:32 - 0:25:32 - Running average train loss is 0.6840763902664184 at epoch 587
INFO - 01/12/26 18:48:32 - 0:25:32 - At 588-th epoch with lr 0.000522.
INFO - 01/12/26 18:48:34 - 0:25:35 - Running average train loss is 0.6838953852653503 at epoch 588
INFO - 01/12/26 18:48:34 - 0:25:35 - At 589-th epoch with lr 0.000521.
INFO - 01/12/26 18:48:37 - 0:25:37 - Running average train loss is 0.6838258457183838 at epoch 589
INFO - 01/12/26 18:48:37 - 0:25:37 - At 590-th epoch with lr 0.000521.
INFO - 01/12/26 18:48:39 - 0:25:40 - Running average train loss is 0.6838276958465577 at epoch 590
INFO - 01/12/26 18:48:39 - 0:25:40 - At 591-th epoch with lr 0.000520.
INFO - 01/12/26 18:48:42 - 0:25:42 - Running average train loss is 0.6838287806510925 at epoch 591
INFO - 01/12/26 18:48:42 - 0:25:42 - At 592-th epoch with lr 0.000520.
INFO - 01/12/26 18:48:45 - 0:25:45 - Running average train loss is 0.6839396286010743 at epoch 592
INFO - 01/12/26 18:48:45 - 0:25:45 - Average dev loss is 0.7575684189796448 at epoch 592
INFO - 01/12/26 18:48:45 - 0:25:45 - dev accuracy is 88.6 at epoch 592
INFO - 01/12/26 18:48:45 - 0:25:45 - dev average edit distance is 0.437 at epoch 592
INFO - 01/12/26 18:48:45 - 0:25:46 - At 593-th epoch with lr 0.000519.
INFO - 01/12/26 18:48:48 - 0:25:48 - Running average train loss is 0.6838520002365113 at epoch 593
INFO - 01/12/26 18:48:48 - 0:25:48 - At 594-th epoch with lr 0.000519.
INFO - 01/12/26 18:48:51 - 0:25:51 - Running average train loss is 0.6838261938095093 at epoch 594
INFO - 01/12/26 18:48:51 - 0:25:51 - At 595-th epoch with lr 0.000519.
INFO - 01/12/26 18:48:53 - 0:25:53 - Running average train loss is 0.6840993428230285 at epoch 595
INFO - 01/12/26 18:48:53 - 0:25:53 - At 596-th epoch with lr 0.000518.
INFO - 01/12/26 18:48:56 - 0:25:56 - Running average train loss is 0.6840668439865112 at epoch 596
INFO - 01/12/26 18:48:56 - 0:25:56 - At 597-th epoch with lr 0.000518.
INFO - 01/12/26 18:48:58 - 0:25:58 - Running average train loss is 0.6836831283569336 at epoch 597
INFO - 01/12/26 18:48:58 - 0:25:58 - At 598-th epoch with lr 0.000517.
INFO - 01/12/26 18:49:01 - 0:26:01 - Running average train loss is 0.6837034463882447 at epoch 598
INFO - 01/12/26 18:49:01 - 0:26:01 - At 599-th epoch with lr 0.000517.
INFO - 01/12/26 18:49:03 - 0:26:03 - Running average train loss is 0.6839489579200745 at epoch 599
INFO - 01/12/26 18:49:03 - 0:26:03 - At 600-th epoch with lr 0.000516.
INFO - 01/12/26 18:49:06 - 0:26:06 - Running average train loss is 0.6840985178947449 at epoch 600
INFO - 01/12/26 18:49:06 - 0:26:06 - At 601-th epoch with lr 0.000516.
INFO - 01/12/26 18:49:08 - 0:26:08 - Running average train loss is 0.6840992188453674 at epoch 601
INFO - 01/12/26 18:49:08 - 0:26:08 - At 602-th epoch with lr 0.000516.
INFO - 01/12/26 18:49:11 - 0:26:11 - Running average train loss is 0.6841037607192993 at epoch 602
INFO - 01/12/26 18:49:11 - 0:26:11 - At 603-th epoch with lr 0.000515.
INFO - 01/12/26 18:49:13 - 0:26:14 - Running average train loss is 0.6841697335243225 at epoch 603
INFO - 01/12/26 18:49:13 - 0:26:14 - At 604-th epoch with lr 0.000515.
INFO - 01/12/26 18:49:16 - 0:26:16 - Running average train loss is 0.683748164176941 at epoch 604
INFO - 01/12/26 18:49:16 - 0:26:16 - At 605-th epoch with lr 0.000514.
INFO - 01/12/26 18:49:19 - 0:26:19 - Running average train loss is 0.6837271428108216 at epoch 605
INFO - 01/12/26 18:49:19 - 0:26:19 - At 606-th epoch with lr 0.000514.
INFO - 01/12/26 18:49:21 - 0:26:21 - Running average train loss is 0.684184193611145 at epoch 606
INFO - 01/12/26 18:49:21 - 0:26:21 - At 607-th epoch with lr 0.000513.
INFO - 01/12/26 18:49:24 - 0:26:24 - Running average train loss is 0.6838821244239807 at epoch 607
INFO - 01/12/26 18:49:24 - 0:26:24 - At 608-th epoch with lr 0.000513.
INFO - 01/12/26 18:49:26 - 0:26:26 - Running average train loss is 0.6841411519050599 at epoch 608
INFO - 01/12/26 18:49:26 - 0:26:26 - Average dev loss is 0.7594783504803976 at epoch 608
INFO - 01/12/26 18:49:27 - 0:26:27 - dev accuracy is 87.9 at epoch 608
INFO - 01/12/26 18:49:27 - 0:26:27 - dev average edit distance is 0.418 at epoch 608
INFO - 01/12/26 18:49:27 - 0:26:27 - At 609-th epoch with lr 0.000513.
INFO - 01/12/26 18:49:30 - 0:26:30 - Running average train loss is 0.6840195631980897 at epoch 609
INFO - 01/12/26 18:49:30 - 0:26:30 - At 610-th epoch with lr 0.000512.
INFO - 01/12/26 18:49:32 - 0:26:32 - Running average train loss is 0.6835835957527161 at epoch 610
INFO - 01/12/26 18:49:32 - 0:26:32 - At 611-th epoch with lr 0.000512.
INFO - 01/12/26 18:49:35 - 0:26:35 - Running average train loss is 0.6832451725006103 at epoch 611
INFO - 01/12/26 18:49:35 - 0:26:35 - At 612-th epoch with lr 0.000511.
INFO - 01/12/26 18:49:37 - 0:26:37 - Running average train loss is 0.6839159727096558 at epoch 612
INFO - 01/12/26 18:49:37 - 0:26:37 - At 613-th epoch with lr 0.000511.
INFO - 01/12/26 18:49:40 - 0:26:40 - Running average train loss is 0.6838534808158875 at epoch 613
INFO - 01/12/26 18:49:40 - 0:26:40 - At 614-th epoch with lr 0.000510.
INFO - 01/12/26 18:49:42 - 0:26:42 - Running average train loss is 0.6843307280540466 at epoch 614
INFO - 01/12/26 18:49:42 - 0:26:42 - At 615-th epoch with lr 0.000510.
INFO - 01/12/26 18:49:45 - 0:26:45 - Running average train loss is 0.6840231466293335 at epoch 615
INFO - 01/12/26 18:49:45 - 0:26:45 - At 616-th epoch with lr 0.000510.
INFO - 01/12/26 18:49:47 - 0:26:47 - Running average train loss is 0.683703384399414 at epoch 616
INFO - 01/12/26 18:49:47 - 0:26:47 - At 617-th epoch with lr 0.000509.
INFO - 01/12/26 18:49:50 - 0:26:50 - Running average train loss is 0.6832688164710998 at epoch 617
INFO - 01/12/26 18:49:50 - 0:26:50 - At 618-th epoch with lr 0.000509.
INFO - 01/12/26 18:49:52 - 0:26:52 - Running average train loss is 0.6840155673027039 at epoch 618
INFO - 01/12/26 18:49:52 - 0:26:52 - At 619-th epoch with lr 0.000508.
INFO - 01/12/26 18:49:55 - 0:26:55 - Running average train loss is 0.6839355635643005 at epoch 619
INFO - 01/12/26 18:49:55 - 0:26:55 - At 620-th epoch with lr 0.000508.
INFO - 01/12/26 18:49:57 - 0:26:57 - Running average train loss is 0.6843828701972962 at epoch 620
INFO - 01/12/26 18:49:57 - 0:26:57 - At 621-th epoch with lr 0.000508.
INFO - 01/12/26 18:50:00 - 0:27:00 - Running average train loss is 0.6836094498634339 at epoch 621
INFO - 01/12/26 18:50:00 - 0:27:00 - At 622-th epoch with lr 0.000507.
INFO - 01/12/26 18:50:02 - 0:27:02 - Running average train loss is 0.6836969065666199 at epoch 622
INFO - 01/12/26 18:50:02 - 0:27:02 - At 623-th epoch with lr 0.000507.
INFO - 01/12/26 18:50:05 - 0:27:05 - Running average train loss is 0.6837132549285889 at epoch 623
INFO - 01/12/26 18:50:05 - 0:27:05 - At 624-th epoch with lr 0.000506.
INFO - 01/12/26 18:50:07 - 0:27:08 - Running average train loss is 0.6835444927215576 at epoch 624
INFO - 01/12/26 18:50:08 - 0:27:08 - Average dev loss is 0.756181796391805 at epoch 624
INFO - 01/12/26 18:50:08 - 0:27:08 - dev accuracy is 89.1 at epoch 624
INFO - 01/12/26 18:50:08 - 0:27:08 - dev average edit distance is 0.412 at epoch 624
INFO - 01/12/26 18:50:08 - 0:27:08 - At 625-th epoch with lr 0.000506.
INFO - 01/12/26 18:50:11 - 0:27:11 - Running average train loss is 0.6836705803871155 at epoch 625
INFO - 01/12/26 18:50:11 - 0:27:11 - At 626-th epoch with lr 0.000506.
INFO - 01/12/26 18:50:13 - 0:27:13 - Running average train loss is 0.6837371444702148 at epoch 626
INFO - 01/12/26 18:50:13 - 0:27:13 - At 627-th epoch with lr 0.000505.
INFO - 01/12/26 18:50:16 - 0:27:16 - Running average train loss is 0.6834120273590087 at epoch 627
INFO - 01/12/26 18:50:16 - 0:27:16 - At 628-th epoch with lr 0.000505.
INFO - 01/12/26 18:50:18 - 0:27:19 - Running average train loss is 0.6837687397003174 at epoch 628
INFO - 01/12/26 18:50:18 - 0:27:19 - At 629-th epoch with lr 0.000504.
INFO - 01/12/26 18:50:21 - 0:27:21 - Running average train loss is 0.6836322021484375 at epoch 629
INFO - 01/12/26 18:50:21 - 0:27:21 - At 630-th epoch with lr 0.000504.
INFO - 01/12/26 18:50:24 - 0:27:24 - Running average train loss is 0.6840056157112122 at epoch 630
INFO - 01/12/26 18:50:24 - 0:27:24 - At 631-th epoch with lr 0.000504.
INFO - 01/12/26 18:50:26 - 0:27:26 - Running average train loss is 0.683983793258667 at epoch 631
INFO - 01/12/26 18:50:26 - 0:27:26 - At 632-th epoch with lr 0.000503.
INFO - 01/12/26 18:50:29 - 0:27:29 - Running average train loss is 0.6836452126502991 at epoch 632
INFO - 01/12/26 18:50:29 - 0:27:29 - At 633-th epoch with lr 0.000503.
INFO - 01/12/26 18:50:31 - 0:27:31 - Running average train loss is 0.683987762928009 at epoch 633
INFO - 01/12/26 18:50:31 - 0:27:31 - At 634-th epoch with lr 0.000502.
INFO - 01/12/26 18:50:34 - 0:27:34 - Running average train loss is 0.6833787250518799 at epoch 634
INFO - 01/12/26 18:50:34 - 0:27:34 - At 635-th epoch with lr 0.000502.
INFO - 01/12/26 18:50:36 - 0:27:36 - Running average train loss is 0.6832163906097413 at epoch 635
INFO - 01/12/26 18:50:36 - 0:27:36 - At 636-th epoch with lr 0.000502.
INFO - 01/12/26 18:50:39 - 0:27:39 - Running average train loss is 0.6833825445175171 at epoch 636
INFO - 01/12/26 18:50:39 - 0:27:39 - At 637-th epoch with lr 0.000501.
INFO - 01/12/26 18:50:41 - 0:27:42 - Running average train loss is 0.6839033842086792 at epoch 637
INFO - 01/12/26 18:50:41 - 0:27:42 - At 638-th epoch with lr 0.000501.
INFO - 01/12/26 18:50:44 - 0:27:44 - Running average train loss is 0.6837323951721191 at epoch 638
INFO - 01/12/26 18:50:44 - 0:27:44 - At 639-th epoch with lr 0.000500.
INFO - 01/12/26 18:50:46 - 0:27:47 - Running average train loss is 0.6837828230857849 at epoch 639
INFO - 01/12/26 18:50:46 - 0:27:47 - At 640-th epoch with lr 0.000500.
INFO - 01/12/26 18:50:49 - 0:27:49 - Running average train loss is 0.6833892822265625 at epoch 640
INFO - 01/12/26 18:50:49 - 0:27:49 - Average dev loss is 0.7678352991739908 at epoch 640
INFO - 01/12/26 18:50:50 - 0:27:50 - dev accuracy is 88.1 at epoch 640
INFO - 01/12/26 18:50:50 - 0:27:50 - dev average edit distance is 0.443 at epoch 640
INFO - 01/12/26 18:50:50 - 0:27:50 - At 641-th epoch with lr 0.000500.
INFO - 01/12/26 18:50:52 - 0:27:52 - Running average train loss is 0.6837257075309754 at epoch 641
INFO - 01/12/26 18:50:52 - 0:27:52 - At 642-th epoch with lr 0.000499.
INFO - 01/12/26 18:50:55 - 0:27:55 - Running average train loss is 0.6836235785484314 at epoch 642
INFO - 01/12/26 18:50:55 - 0:27:55 - At 643-th epoch with lr 0.000499.
INFO - 01/12/26 18:50:57 - 0:27:58 - Running average train loss is 0.6835846185684205 at epoch 643
INFO - 01/12/26 18:50:57 - 0:27:58 - At 644-th epoch with lr 0.000498.
INFO - 01/12/26 18:51:00 - 0:28:00 - Running average train loss is 0.6837102961540222 at epoch 644
INFO - 01/12/26 18:51:00 - 0:28:00 - At 645-th epoch with lr 0.000498.
INFO - 01/12/26 18:51:02 - 0:28:03 - Running average train loss is 0.6837934112548828 at epoch 645
INFO - 01/12/26 18:51:02 - 0:28:03 - At 646-th epoch with lr 0.000498.
INFO - 01/12/26 18:51:05 - 0:28:05 - Running average train loss is 0.6833564496040344 at epoch 646
INFO - 01/12/26 18:51:05 - 0:28:05 - At 647-th epoch with lr 0.000497.
INFO - 01/12/26 18:51:07 - 0:28:08 - Running average train loss is 0.683131775856018 at epoch 647
INFO - 01/12/26 18:51:07 - 0:28:08 - At 648-th epoch with lr 0.000497.
INFO - 01/12/26 18:51:10 - 0:28:10 - Running average train loss is 0.6833033704757691 at epoch 648
INFO - 01/12/26 18:51:10 - 0:28:10 - At 649-th epoch with lr 0.000497.
INFO - 01/12/26 18:51:12 - 0:28:13 - Running average train loss is 0.683599169254303 at epoch 649
INFO - 01/12/26 18:51:12 - 0:28:13 - At 650-th epoch with lr 0.000496.
INFO - 01/12/26 18:51:15 - 0:28:15 - Running average train loss is 0.683137321472168 at epoch 650
INFO - 01/12/26 18:51:15 - 0:28:15 - At 651-th epoch with lr 0.000496.
INFO - 01/12/26 18:51:17 - 0:28:18 - Running average train loss is 0.6832693839073181 at epoch 651
INFO - 01/12/26 18:51:17 - 0:28:18 - At 652-th epoch with lr 0.000495.
INFO - 01/12/26 18:51:20 - 0:28:20 - Running average train loss is 0.6834615349769593 at epoch 652
INFO - 01/12/26 18:51:20 - 0:28:20 - At 653-th epoch with lr 0.000495.
INFO - 01/12/26 18:51:23 - 0:28:23 - Running average train loss is 0.6836437273025513 at epoch 653
INFO - 01/12/26 18:51:23 - 0:28:23 - At 654-th epoch with lr 0.000495.
INFO - 01/12/26 18:51:25 - 0:28:25 - Running average train loss is 0.6836614346504212 at epoch 654
INFO - 01/12/26 18:51:25 - 0:28:25 - At 655-th epoch with lr 0.000494.
INFO - 01/12/26 18:51:28 - 0:28:28 - Running average train loss is 0.6832826280593872 at epoch 655
INFO - 01/12/26 18:51:28 - 0:28:28 - At 656-th epoch with lr 0.000494.
INFO - 01/12/26 18:51:30 - 0:28:30 - Running average train loss is 0.6838810324668885 at epoch 656
INFO - 01/12/26 18:51:30 - 0:28:30 - Average dev loss is 0.7620314955711365 at epoch 656
INFO - 01/12/26 18:51:31 - 0:28:31 - dev accuracy is 88.4 at epoch 656
INFO - 01/12/26 18:51:31 - 0:28:31 - dev average edit distance is 0.455 at epoch 656
INFO - 01/12/26 18:51:31 - 0:28:31 - At 657-th epoch with lr 0.000493.
INFO - 01/12/26 18:51:34 - 0:28:34 - Running average train loss is 0.6838127708435059 at epoch 657
INFO - 01/12/26 18:51:34 - 0:28:34 - At 658-th epoch with lr 0.000493.
INFO - 01/12/26 18:51:36 - 0:28:36 - Running average train loss is 0.6835910820960999 at epoch 658
INFO - 01/12/26 18:51:36 - 0:28:36 - At 659-th epoch with lr 0.000493.
INFO - 01/12/26 18:51:39 - 0:28:39 - Running average train loss is 0.6831947827339172 at epoch 659
INFO - 01/12/26 18:51:39 - 0:28:39 - At 660-th epoch with lr 0.000492.
INFO - 01/12/26 18:51:41 - 0:28:41 - Running average train loss is 0.6834627246856689 at epoch 660
INFO - 01/12/26 18:51:41 - 0:28:41 - At 661-th epoch with lr 0.000492.
INFO - 01/12/26 18:51:44 - 0:28:44 - Running average train loss is 0.6835286927223205 at epoch 661
INFO - 01/12/26 18:51:44 - 0:28:44 - At 662-th epoch with lr 0.000492.
INFO - 01/12/26 18:51:46 - 0:28:46 - Running average train loss is 0.6832585120201111 at epoch 662
INFO - 01/12/26 18:51:46 - 0:28:46 - At 663-th epoch with lr 0.000491.
INFO - 01/12/26 18:51:49 - 0:28:49 - Running average train loss is 0.6831520700454712 at epoch 663
INFO - 01/12/26 18:51:49 - 0:28:49 - At 664-th epoch with lr 0.000491.
INFO - 01/12/26 18:51:51 - 0:28:52 - Running average train loss is 0.68380619764328 at epoch 664
INFO - 01/12/26 18:51:51 - 0:28:52 - At 665-th epoch with lr 0.000491.
INFO - 01/12/26 18:51:54 - 0:28:54 - Running average train loss is 0.6835118770599365 at epoch 665
INFO - 01/12/26 18:51:54 - 0:28:54 - At 666-th epoch with lr 0.000490.
INFO - 01/12/26 18:51:56 - 0:28:57 - Running average train loss is 0.683339684009552 at epoch 666
INFO - 01/12/26 18:51:56 - 0:28:57 - At 667-th epoch with lr 0.000490.
INFO - 01/12/26 18:51:59 - 0:28:59 - Running average train loss is 0.6835989737510682 at epoch 667
INFO - 01/12/26 18:51:59 - 0:28:59 - At 668-th epoch with lr 0.000489.
INFO - 01/12/26 18:52:02 - 0:29:02 - Running average train loss is 0.6833673453330994 at epoch 668
INFO - 01/12/26 18:52:02 - 0:29:02 - At 669-th epoch with lr 0.000489.
INFO - 01/12/26 18:52:04 - 0:29:04 - Running average train loss is 0.6838307547569275 at epoch 669
INFO - 01/12/26 18:52:04 - 0:29:04 - At 670-th epoch with lr 0.000489.
INFO - 01/12/26 18:52:07 - 0:29:07 - Running average train loss is 0.6834285473823547 at epoch 670
INFO - 01/12/26 18:52:07 - 0:29:07 - At 671-th epoch with lr 0.000488.
INFO - 01/12/26 18:52:09 - 0:29:09 - Running average train loss is 0.6834895896911621 at epoch 671
INFO - 01/12/26 18:52:09 - 0:29:09 - At 672-th epoch with lr 0.000488.
INFO - 01/12/26 18:52:12 - 0:29:12 - Running average train loss is 0.6837568521499634 at epoch 672
INFO - 01/12/26 18:52:12 - 0:29:12 - Average dev loss is 0.7625019152959188 at epoch 672
INFO - 01/12/26 18:52:13 - 0:29:13 - dev accuracy is 87.9 at epoch 672
INFO - 01/12/26 18:52:13 - 0:29:13 - dev average edit distance is 0.484 at epoch 672
INFO - 01/12/26 18:52:13 - 0:29:13 - At 673-th epoch with lr 0.000488.
INFO - 01/12/26 18:52:15 - 0:29:15 - Running average train loss is 0.6838510131835938 at epoch 673
INFO - 01/12/26 18:52:15 - 0:29:15 - At 674-th epoch with lr 0.000487.
INFO - 01/12/26 18:52:18 - 0:29:18 - Running average train loss is 0.6838270139694214 at epoch 674
INFO - 01/12/26 18:52:18 - 0:29:18 - At 675-th epoch with lr 0.000487.
INFO - 01/12/26 18:52:20 - 0:29:20 - Running average train loss is 0.6832575559616089 at epoch 675
INFO - 01/12/26 18:52:20 - 0:29:20 - At 676-th epoch with lr 0.000487.
INFO - 01/12/26 18:52:23 - 0:29:23 - Running average train loss is 0.6830234551429748 at epoch 676
INFO - 01/12/26 18:52:23 - 0:29:23 - At 677-th epoch with lr 0.000486.
INFO - 01/12/26 18:52:25 - 0:29:25 - Running average train loss is 0.683127691745758 at epoch 677
INFO - 01/12/26 18:52:25 - 0:29:25 - At 678-th epoch with lr 0.000486.
INFO - 01/12/26 18:52:28 - 0:29:28 - Running average train loss is 0.6833037614822388 at epoch 678
INFO - 01/12/26 18:52:28 - 0:29:28 - At 679-th epoch with lr 0.000485.
INFO - 01/12/26 18:52:30 - 0:29:31 - Running average train loss is 0.6833007121086121 at epoch 679
INFO - 01/12/26 18:52:30 - 0:29:31 - At 680-th epoch with lr 0.000485.
INFO - 01/12/26 18:52:33 - 0:29:33 - Running average train loss is 0.6837867712974548 at epoch 680
INFO - 01/12/26 18:52:33 - 0:29:33 - At 681-th epoch with lr 0.000485.
INFO - 01/12/26 18:52:36 - 0:29:36 - Running average train loss is 0.6835378766059875 at epoch 681
INFO - 01/12/26 18:52:36 - 0:29:36 - At 682-th epoch with lr 0.000484.
INFO - 01/12/26 18:52:38 - 0:29:38 - Running average train loss is 0.6837892818450928 at epoch 682
INFO - 01/12/26 18:52:38 - 0:29:38 - At 683-th epoch with lr 0.000484.
INFO - 01/12/26 18:52:41 - 0:29:41 - Running average train loss is 0.6835126757621766 at epoch 683
INFO - 01/12/26 18:52:41 - 0:29:41 - At 684-th epoch with lr 0.000484.
INFO - 01/12/26 18:52:43 - 0:29:43 - Running average train loss is 0.6834499979019165 at epoch 684
INFO - 01/12/26 18:52:43 - 0:29:43 - At 685-th epoch with lr 0.000483.
INFO - 01/12/26 18:52:46 - 0:29:46 - Running average train loss is 0.6834685230255126 at epoch 685
INFO - 01/12/26 18:52:46 - 0:29:46 - At 686-th epoch with lr 0.000483.
INFO - 01/12/26 18:52:48 - 0:29:48 - Running average train loss is 0.6830954670906066 at epoch 686
INFO - 01/12/26 18:52:48 - 0:29:48 - At 687-th epoch with lr 0.000483.
INFO - 01/12/26 18:52:51 - 0:29:51 - Running average train loss is 0.6832115435600281 at epoch 687
INFO - 01/12/26 18:52:51 - 0:29:51 - At 688-th epoch with lr 0.000482.
INFO - 01/12/26 18:52:53 - 0:29:53 - Running average train loss is 0.68335031747818 at epoch 688
INFO - 01/12/26 18:52:53 - 0:29:53 - Average dev loss is 0.7604454954465231 at epoch 688
INFO - 01/12/26 18:52:54 - 0:29:54 - dev accuracy is 88.0 at epoch 688
INFO - 01/12/26 18:52:54 - 0:29:54 - dev average edit distance is 0.52 at epoch 688
INFO - 01/12/26 18:52:54 - 0:29:54 - At 689-th epoch with lr 0.000482.
INFO - 01/12/26 18:52:57 - 0:29:57 - Running average train loss is 0.6833671164512635 at epoch 689
INFO - 01/12/26 18:52:57 - 0:29:57 - At 690-th epoch with lr 0.000482.
INFO - 01/12/26 18:52:59 - 0:29:59 - Running average train loss is 0.6834367775917053 at epoch 690
INFO - 01/12/26 18:52:59 - 0:29:59 - At 691-th epoch with lr 0.000481.
INFO - 01/12/26 18:53:02 - 0:30:02 - Running average train loss is 0.6832035970687866 at epoch 691
INFO - 01/12/26 18:53:02 - 0:30:02 - At 692-th epoch with lr 0.000481.
INFO - 01/12/26 18:53:04 - 0:30:04 - Running average train loss is 0.6833299398422241 at epoch 692
INFO - 01/12/26 18:53:04 - 0:30:04 - At 693-th epoch with lr 0.000480.
INFO - 01/12/26 18:53:07 - 0:30:07 - Running average train loss is 0.682980375289917 at epoch 693
INFO - 01/12/26 18:53:07 - 0:30:07 - At 694-th epoch with lr 0.000480.
INFO - 01/12/26 18:53:09 - 0:30:09 - Running average train loss is 0.6830680346488953 at epoch 694
INFO - 01/12/26 18:53:09 - 0:30:09 - At 695-th epoch with lr 0.000480.
INFO - 01/12/26 18:53:12 - 0:30:12 - Running average train loss is 0.6829191279411316 at epoch 695
INFO - 01/12/26 18:53:12 - 0:30:12 - At 696-th epoch with lr 0.000479.
INFO - 01/12/26 18:53:14 - 0:30:14 - Running average train loss is 0.6837619829177857 at epoch 696
INFO - 01/12/26 18:53:14 - 0:30:14 - At 697-th epoch with lr 0.000479.
INFO - 01/12/26 18:53:17 - 0:30:17 - Running average train loss is 0.6831963706016541 at epoch 697
INFO - 01/12/26 18:53:17 - 0:30:17 - At 698-th epoch with lr 0.000479.
INFO - 01/12/26 18:53:19 - 0:30:20 - Running average train loss is 0.683045563697815 at epoch 698
INFO - 01/12/26 18:53:19 - 0:30:20 - At 699-th epoch with lr 0.000478.
INFO - 01/12/26 18:53:22 - 0:30:22 - Running average train loss is 0.6833322286605835 at epoch 699
INFO - 01/12/26 18:53:22 - 0:30:22 - At 700-th epoch with lr 0.000478.
INFO - 01/12/26 18:53:25 - 0:30:25 - Running average train loss is 0.6831424570083618 at epoch 700
INFO - 01/12/26 18:53:25 - 0:30:25 - At 701-th epoch with lr 0.000478.
INFO - 01/12/26 18:53:27 - 0:30:27 - Running average train loss is 0.6827622365951538 at epoch 701
INFO - 01/12/26 18:53:27 - 0:30:27 - At 702-th epoch with lr 0.000477.
INFO - 01/12/26 18:53:30 - 0:30:30 - Running average train loss is 0.683229215145111 at epoch 702
INFO - 01/12/26 18:53:30 - 0:30:30 - At 703-th epoch with lr 0.000477.
INFO - 01/12/26 18:53:32 - 0:30:32 - Running average train loss is 0.6833878684043885 at epoch 703
INFO - 01/12/26 18:53:32 - 0:30:32 - At 704-th epoch with lr 0.000477.
INFO - 01/12/26 18:53:35 - 0:30:35 - Running average train loss is 0.6833304405212403 at epoch 704
INFO - 01/12/26 18:53:35 - 0:30:35 - Average dev loss is 0.7569906711578369 at epoch 704
INFO - 01/12/26 18:53:35 - 0:30:35 - dev accuracy is 88.4 at epoch 704
INFO - 01/12/26 18:53:35 - 0:30:35 - dev average edit distance is 0.469 at epoch 704
INFO - 01/12/26 18:53:35 - 0:30:36 - At 705-th epoch with lr 0.000476.
INFO - 01/12/26 18:53:38 - 0:30:38 - Running average train loss is 0.6831976962089539 at epoch 705
INFO - 01/12/26 18:53:38 - 0:30:38 - At 706-th epoch with lr 0.000476.
INFO - 01/12/26 18:53:41 - 0:30:41 - Running average train loss is 0.6830012345314026 at epoch 706
INFO - 01/12/26 18:53:41 - 0:30:41 - At 707-th epoch with lr 0.000476.
INFO - 01/12/26 18:53:43 - 0:30:43 - Running average train loss is 0.6830920648574829 at epoch 707
INFO - 01/12/26 18:53:43 - 0:30:43 - At 708-th epoch with lr 0.000475.
INFO - 01/12/26 18:53:46 - 0:30:46 - Running average train loss is 0.6834122133255005 at epoch 708
INFO - 01/12/26 18:53:46 - 0:30:46 - At 709-th epoch with lr 0.000475.
INFO - 01/12/26 18:53:48 - 0:30:48 - Running average train loss is 0.6830477476119995 at epoch 709
INFO - 01/12/26 18:53:48 - 0:30:48 - At 710-th epoch with lr 0.000475.
INFO - 01/12/26 18:53:51 - 0:30:51 - Running average train loss is 0.6834538125991821 at epoch 710
INFO - 01/12/26 18:53:51 - 0:30:51 - At 711-th epoch with lr 0.000474.
INFO - 01/12/26 18:53:53 - 0:30:53 - Running average train loss is 0.683170292377472 at epoch 711
INFO - 01/12/26 18:53:53 - 0:30:53 - At 712-th epoch with lr 0.000474.
INFO - 01/12/26 18:53:56 - 0:30:56 - Running average train loss is 0.6831952810287476 at epoch 712
INFO - 01/12/26 18:53:56 - 0:30:56 - At 713-th epoch with lr 0.000474.
INFO - 01/12/26 18:53:58 - 0:30:58 - Running average train loss is 0.6830664277076721 at epoch 713
INFO - 01/12/26 18:53:58 - 0:30:58 - At 714-th epoch with lr 0.000473.
INFO - 01/12/26 18:54:01 - 0:31:01 - Running average train loss is 0.6829756760597229 at epoch 714
INFO - 01/12/26 18:54:01 - 0:31:01 - At 715-th epoch with lr 0.000473.
INFO - 01/12/26 18:54:03 - 0:31:03 - Running average train loss is 0.6828855657577515 at epoch 715
INFO - 01/12/26 18:54:03 - 0:31:03 - At 716-th epoch with lr 0.000473.
INFO - 01/12/26 18:54:06 - 0:31:06 - Running average train loss is 0.6830326557159424 at epoch 716
INFO - 01/12/26 18:54:06 - 0:31:06 - At 717-th epoch with lr 0.000472.
INFO - 01/12/26 18:54:08 - 0:31:08 - Running average train loss is 0.6829903435707092 at epoch 717
INFO - 01/12/26 18:54:08 - 0:31:08 - At 718-th epoch with lr 0.000472.
INFO - 01/12/26 18:54:11 - 0:31:11 - Running average train loss is 0.6828446531295777 at epoch 718
INFO - 01/12/26 18:54:11 - 0:31:11 - At 719-th epoch with lr 0.000472.
INFO - 01/12/26 18:54:13 - 0:31:14 - Running average train loss is 0.68339998960495 at epoch 719
INFO - 01/12/26 18:54:13 - 0:31:14 - At 720-th epoch with lr 0.000471.
INFO - 01/12/26 18:54:16 - 0:31:16 - Running average train loss is 0.6832342910766601 at epoch 720
INFO - 01/12/26 18:54:16 - 0:31:16 - Average dev loss is 0.7558687726656595 at epoch 720
INFO - 01/12/26 18:54:17 - 0:31:17 - dev accuracy is 89.0 at epoch 720
INFO - 01/12/26 18:54:17 - 0:31:17 - dev average edit distance is 0.404 at epoch 720
INFO - 01/12/26 18:54:17 - 0:31:17 - At 721-th epoch with lr 0.000471.
INFO - 01/12/26 18:54:19 - 0:31:20 - Running average train loss is 0.6830981063842774 at epoch 721
INFO - 01/12/26 18:54:19 - 0:31:20 - At 722-th epoch with lr 0.000471.
INFO - 01/12/26 18:54:22 - 0:31:22 - Running average train loss is 0.6833094000816345 at epoch 722
INFO - 01/12/26 18:54:22 - 0:31:22 - At 723-th epoch with lr 0.000470.
INFO - 01/12/26 18:54:25 - 0:31:25 - Running average train loss is 0.6835666012763977 at epoch 723
INFO - 01/12/26 18:54:25 - 0:31:25 - At 724-th epoch with lr 0.000470.
INFO - 01/12/26 18:54:27 - 0:31:27 - Running average train loss is 0.6831714558601379 at epoch 724
INFO - 01/12/26 18:54:27 - 0:31:27 - At 725-th epoch with lr 0.000470.
INFO - 01/12/26 18:54:30 - 0:31:30 - Running average train loss is 0.6827121186256409 at epoch 725
INFO - 01/12/26 18:54:30 - 0:31:30 - At 726-th epoch with lr 0.000469.
INFO - 01/12/26 18:54:32 - 0:31:32 - Running average train loss is 0.6837218809127807 at epoch 726
INFO - 01/12/26 18:54:32 - 0:31:32 - At 727-th epoch with lr 0.000469.
INFO - 01/12/26 18:54:35 - 0:31:35 - Running average train loss is 0.6828917193412781 at epoch 727
INFO - 01/12/26 18:54:35 - 0:31:35 - At 728-th epoch with lr 0.000469.
INFO - 01/12/26 18:54:37 - 0:31:37 - Running average train loss is 0.6835515451431274 at epoch 728
INFO - 01/12/26 18:54:37 - 0:31:37 - At 729-th epoch with lr 0.000468.
INFO - 01/12/26 18:54:40 - 0:31:40 - Running average train loss is 0.6832781434059143 at epoch 729
INFO - 01/12/26 18:54:40 - 0:31:40 - At 730-th epoch with lr 0.000468.
INFO - 01/12/26 18:54:42 - 0:31:43 - Running average train loss is 0.6832562780380249 at epoch 730
INFO - 01/12/26 18:54:42 - 0:31:43 - At 731-th epoch with lr 0.000468.
INFO - 01/12/26 18:54:45 - 0:31:45 - Running average train loss is 0.6835272789001465 at epoch 731
INFO - 01/12/26 18:54:45 - 0:31:45 - At 732-th epoch with lr 0.000468.
INFO - 01/12/26 18:54:47 - 0:31:48 - Running average train loss is 0.6831735134124756 at epoch 732
INFO - 01/12/26 18:54:47 - 0:31:48 - At 733-th epoch with lr 0.000467.
INFO - 01/12/26 18:54:50 - 0:31:50 - Running average train loss is 0.6831514620780945 at epoch 733
INFO - 01/12/26 18:54:50 - 0:31:50 - At 734-th epoch with lr 0.000467.
INFO - 01/12/26 18:54:53 - 0:31:53 - Running average train loss is 0.6829754734039306 at epoch 734
INFO - 01/12/26 18:54:53 - 0:31:53 - At 735-th epoch with lr 0.000467.
INFO - 01/12/26 18:54:55 - 0:31:55 - Running average train loss is 0.6830362868309021 at epoch 735
INFO - 01/12/26 18:54:55 - 0:31:55 - At 736-th epoch with lr 0.000466.
INFO - 01/12/26 18:54:58 - 0:31:58 - Running average train loss is 0.6829765486717224 at epoch 736
INFO - 01/12/26 18:54:58 - 0:31:58 - Average dev loss is 0.7575878103574117 at epoch 736
INFO - 01/12/26 18:54:58 - 0:31:59 - dev accuracy is 88.3 at epoch 736
INFO - 01/12/26 18:54:58 - 0:31:59 - dev average edit distance is 0.425 at epoch 736
INFO - 01/12/26 18:54:59 - 0:31:59 - At 737-th epoch with lr 0.000466.
INFO - 01/12/26 18:55:01 - 0:32:01 - Running average train loss is 0.6832207345962524 at epoch 737
INFO - 01/12/26 18:55:01 - 0:32:01 - At 738-th epoch with lr 0.000466.
INFO - 01/12/26 18:55:04 - 0:32:04 - Running average train loss is 0.6832603240013122 at epoch 738
INFO - 01/12/26 18:55:04 - 0:32:04 - At 739-th epoch with lr 0.000465.
INFO - 01/12/26 18:55:07 - 0:32:07 - Running average train loss is 0.6827480506896972 at epoch 739
INFO - 01/12/26 18:55:07 - 0:32:07 - At 740-th epoch with lr 0.000465.
INFO - 01/12/26 18:55:09 - 0:32:10 - Running average train loss is 0.6831878113746643 at epoch 740
INFO - 01/12/26 18:55:09 - 0:32:10 - At 741-th epoch with lr 0.000465.
INFO - 01/12/26 18:55:12 - 0:32:12 - Running average train loss is 0.6831252479553223 at epoch 741
INFO - 01/12/26 18:55:12 - 0:32:12 - At 742-th epoch with lr 0.000464.
INFO - 01/12/26 18:55:15 - 0:32:15 - Running average train loss is 0.6831190538406372 at epoch 742
INFO - 01/12/26 18:55:15 - 0:32:15 - At 743-th epoch with lr 0.000464.
INFO - 01/12/26 18:55:17 - 0:32:17 - Running average train loss is 0.6830421113967895 at epoch 743
INFO - 01/12/26 18:55:17 - 0:32:17 - At 744-th epoch with lr 0.000464.
INFO - 01/12/26 18:55:20 - 0:32:20 - Running average train loss is 0.6826479125022888 at epoch 744
INFO - 01/12/26 18:55:20 - 0:32:20 - At 745-th epoch with lr 0.000463.
INFO - 01/12/26 18:55:22 - 0:32:22 - Running average train loss is 0.6829051446914672 at epoch 745
INFO - 01/12/26 18:55:22 - 0:32:22 - At 746-th epoch with lr 0.000463.
INFO - 01/12/26 18:55:25 - 0:32:25 - Running average train loss is 0.683088161945343 at epoch 746
INFO - 01/12/26 18:55:25 - 0:32:25 - At 747-th epoch with lr 0.000463.
INFO - 01/12/26 18:55:27 - 0:32:27 - Running average train loss is 0.6828151154518127 at epoch 747
INFO - 01/12/26 18:55:27 - 0:32:27 - At 748-th epoch with lr 0.000462.
INFO - 01/12/26 18:55:30 - 0:32:30 - Running average train loss is 0.6827669310569763 at epoch 748
INFO - 01/12/26 18:55:30 - 0:32:30 - At 749-th epoch with lr 0.000462.
INFO - 01/12/26 18:55:32 - 0:32:32 - Running average train loss is 0.6830010437965393 at epoch 749
INFO - 01/12/26 18:55:32 - 0:32:32 - At 750-th epoch with lr 0.000462.
INFO - 01/12/26 18:55:35 - 0:32:35 - Running average train loss is 0.6829211974143982 at epoch 750
INFO - 01/12/26 18:55:35 - 0:32:35 - At 751-th epoch with lr 0.000462.
INFO - 01/12/26 18:55:37 - 0:32:38 - Running average train loss is 0.6828962659835816 at epoch 751
INFO - 01/12/26 18:55:37 - 0:32:38 - At 752-th epoch with lr 0.000461.
INFO - 01/12/26 18:55:40 - 0:32:40 - Running average train loss is 0.6826614761352539 at epoch 752
INFO - 01/12/26 18:55:40 - 0:32:40 - Average dev loss is 0.7617876927057902 at epoch 752
INFO - 01/12/26 18:55:41 - 0:32:41 - dev accuracy is 87.9 at epoch 752
INFO - 01/12/26 18:55:41 - 0:32:41 - dev average edit distance is 0.418 at epoch 752
INFO - 01/12/26 18:55:41 - 0:32:41 - At 753-th epoch with lr 0.000461.
INFO - 01/12/26 18:55:43 - 0:32:43 - Running average train loss is 0.6831700253486633 at epoch 753
INFO - 01/12/26 18:55:43 - 0:32:43 - At 754-th epoch with lr 0.000461.
INFO - 01/12/26 18:55:46 - 0:32:46 - Running average train loss is 0.6830633425712586 at epoch 754
INFO - 01/12/26 18:55:46 - 0:32:46 - At 755-th epoch with lr 0.000460.
INFO - 01/12/26 18:55:48 - 0:32:49 - Running average train loss is 0.683155472278595 at epoch 755
INFO - 01/12/26 18:55:48 - 0:32:49 - At 756-th epoch with lr 0.000460.
INFO - 01/12/26 18:55:51 - 0:32:51 - Running average train loss is 0.6826196932792663 at epoch 756
INFO - 01/12/26 18:55:51 - 0:32:51 - At 757-th epoch with lr 0.000460.
INFO - 01/12/26 18:55:54 - 0:32:54 - Running average train loss is 0.682670865058899 at epoch 757
INFO - 01/12/26 18:55:54 - 0:32:54 - At 758-th epoch with lr 0.000459.
INFO - 01/12/26 18:55:56 - 0:32:56 - Running average train loss is 0.6830318045616149 at epoch 758
INFO - 01/12/26 18:55:56 - 0:32:56 - At 759-th epoch with lr 0.000459.
INFO - 01/12/26 18:55:59 - 0:32:59 - Running average train loss is 0.6831350946426391 at epoch 759
INFO - 01/12/26 18:55:59 - 0:32:59 - At 760-th epoch with lr 0.000459.
INFO - 01/12/26 18:56:01 - 0:33:01 - Running average train loss is 0.6834086918830872 at epoch 760
INFO - 01/12/26 18:56:01 - 0:33:01 - At 761-th epoch with lr 0.000459.
INFO - 01/12/26 18:56:04 - 0:33:04 - Running average train loss is 0.6830391120910645 at epoch 761
INFO - 01/12/26 18:56:04 - 0:33:04 - At 762-th epoch with lr 0.000458.
INFO - 01/12/26 18:56:06 - 0:33:06 - Running average train loss is 0.6827951121330261 at epoch 762
INFO - 01/12/26 18:56:06 - 0:33:06 - At 763-th epoch with lr 0.000458.
INFO - 01/12/26 18:56:09 - 0:33:09 - Running average train loss is 0.6828867506980896 at epoch 763
INFO - 01/12/26 18:56:09 - 0:33:09 - At 764-th epoch with lr 0.000458.
INFO - 01/12/26 18:56:11 - 0:33:11 - Running average train loss is 0.6829024529457093 at epoch 764
INFO - 01/12/26 18:56:11 - 0:33:11 - At 765-th epoch with lr 0.000457.
INFO - 01/12/26 18:56:14 - 0:33:14 - Running average train loss is 0.6829806733131408 at epoch 765
INFO - 01/12/26 18:56:14 - 0:33:14 - At 766-th epoch with lr 0.000457.
INFO - 01/12/26 18:56:16 - 0:33:17 - Running average train loss is 0.6830225157737732 at epoch 766
INFO - 01/12/26 18:56:16 - 0:33:17 - At 767-th epoch with lr 0.000457.
INFO - 01/12/26 18:56:19 - 0:33:19 - Running average train loss is 0.6831296300888061 at epoch 767
INFO - 01/12/26 18:56:19 - 0:33:19 - At 768-th epoch with lr 0.000456.
INFO - 01/12/26 18:56:21 - 0:33:22 - Running average train loss is 0.6832444286346435 at epoch 768
INFO - 01/12/26 18:56:22 - 0:33:22 - Average dev loss is 0.762980063756307 at epoch 768
INFO - 01/12/26 18:56:22 - 0:33:22 - dev accuracy is 88.3 at epoch 768
INFO - 01/12/26 18:56:22 - 0:33:22 - dev average edit distance is 0.456 at epoch 768
INFO - 01/12/26 18:56:22 - 0:33:22 - At 769-th epoch with lr 0.000456.
INFO - 01/12/26 18:56:25 - 0:33:25 - Running average train loss is 0.6830974197387696 at epoch 769
INFO - 01/12/26 18:56:25 - 0:33:25 - At 770-th epoch with lr 0.000456.
INFO - 01/12/26 18:56:27 - 0:33:28 - Running average train loss is 0.6832460951805115 at epoch 770
INFO - 01/12/26 18:56:27 - 0:33:28 - At 771-th epoch with lr 0.000456.
INFO - 01/12/26 18:56:30 - 0:33:30 - Running average train loss is 0.6829233956336975 at epoch 771
INFO - 01/12/26 18:56:30 - 0:33:30 - At 772-th epoch with lr 0.000455.
INFO - 01/12/26 18:56:33 - 0:33:33 - Running average train loss is 0.6830109167098999 at epoch 772
INFO - 01/12/26 18:56:33 - 0:33:33 - At 773-th epoch with lr 0.000455.
INFO - 01/12/26 18:56:35 - 0:33:35 - Running average train loss is 0.6832654690742492 at epoch 773
INFO - 01/12/26 18:56:35 - 0:33:35 - At 774-th epoch with lr 0.000455.
INFO - 01/12/26 18:56:38 - 0:33:38 - Running average train loss is 0.682804663181305 at epoch 774
INFO - 01/12/26 18:56:38 - 0:33:38 - At 775-th epoch with lr 0.000454.
INFO - 01/12/26 18:56:40 - 0:33:40 - Running average train loss is 0.6829964637756347 at epoch 775
INFO - 01/12/26 18:56:40 - 0:33:40 - At 776-th epoch with lr 0.000454.
INFO - 01/12/26 18:56:43 - 0:33:43 - Running average train loss is 0.6826040911674499 at epoch 776
INFO - 01/12/26 18:56:43 - 0:33:43 - At 777-th epoch with lr 0.000454.
INFO - 01/12/26 18:56:45 - 0:33:45 - Running average train loss is 0.6829331254959107 at epoch 777
INFO - 01/12/26 18:56:45 - 0:33:45 - At 778-th epoch with lr 0.000453.
INFO - 01/12/26 18:56:48 - 0:33:48 - Running average train loss is 0.6831274461746216 at epoch 778
INFO - 01/12/26 18:56:48 - 0:33:48 - At 779-th epoch with lr 0.000453.
INFO - 01/12/26 18:56:50 - 0:33:50 - Running average train loss is 0.6827245402336121 at epoch 779
INFO - 01/12/26 18:56:50 - 0:33:50 - At 780-th epoch with lr 0.000453.
INFO - 01/12/26 18:56:53 - 0:33:53 - Running average train loss is 0.683235433101654 at epoch 780
INFO - 01/12/26 18:56:53 - 0:33:53 - At 781-th epoch with lr 0.000453.
INFO - 01/12/26 18:56:55 - 0:33:55 - Running average train loss is 0.6830953860282898 at epoch 781
INFO - 01/12/26 18:56:55 - 0:33:55 - At 782-th epoch with lr 0.000452.
INFO - 01/12/26 18:56:58 - 0:33:58 - Running average train loss is 0.6827770042419433 at epoch 782
INFO - 01/12/26 18:56:58 - 0:33:58 - At 783-th epoch with lr 0.000452.
INFO - 01/12/26 18:57:00 - 0:34:00 - Running average train loss is 0.682736473083496 at epoch 783
INFO - 01/12/26 18:57:00 - 0:34:00 - At 784-th epoch with lr 0.000452.
INFO - 01/12/26 18:57:03 - 0:34:03 - Running average train loss is 0.6827519536018372 at epoch 784
INFO - 01/12/26 18:57:03 - 0:34:03 - Average dev loss is 0.7642269730567932 at epoch 784
INFO - 01/12/26 18:57:04 - 0:34:04 - dev accuracy is 87.8 at epoch 784
INFO - 01/12/26 18:57:04 - 0:34:04 - dev average edit distance is 0.418 at epoch 784
INFO - 01/12/26 18:57:04 - 0:34:04 - At 785-th epoch with lr 0.000451.
INFO - 01/12/26 18:57:06 - 0:34:06 - Running average train loss is 0.6830482101440429 at epoch 785
INFO - 01/12/26 18:57:06 - 0:34:06 - At 786-th epoch with lr 0.000451.
INFO - 01/12/26 18:57:09 - 0:34:09 - Running average train loss is 0.682733154296875 at epoch 786
INFO - 01/12/26 18:57:09 - 0:34:09 - At 787-th epoch with lr 0.000451.
INFO - 01/12/26 18:57:11 - 0:34:11 - Running average train loss is 0.6830243015289307 at epoch 787
INFO - 01/12/26 18:57:11 - 0:34:11 - At 788-th epoch with lr 0.000451.
INFO - 01/12/26 18:57:14 - 0:34:14 - Running average train loss is 0.6829264640808106 at epoch 788
INFO - 01/12/26 18:57:14 - 0:34:14 - At 789-th epoch with lr 0.000450.
INFO - 01/12/26 18:57:16 - 0:34:16 - Running average train loss is 0.6828429675102234 at epoch 789
INFO - 01/12/26 18:57:16 - 0:34:16 - At 790-th epoch with lr 0.000450.
INFO - 01/12/26 18:57:19 - 0:34:19 - Running average train loss is 0.6829537224769592 at epoch 790
INFO - 01/12/26 18:57:19 - 0:34:19 - At 791-th epoch with lr 0.000450.
INFO - 01/12/26 18:57:21 - 0:34:22 - Running average train loss is 0.6826337814331055 at epoch 791
INFO - 01/12/26 18:57:21 - 0:34:22 - At 792-th epoch with lr 0.000449.
INFO - 01/12/26 18:57:24 - 0:34:24 - Running average train loss is 0.6825518226623535 at epoch 792
INFO - 01/12/26 18:57:24 - 0:34:24 - At 793-th epoch with lr 0.000449.
INFO - 01/12/26 18:57:26 - 0:34:27 - Running average train loss is 0.6829664635658265 at epoch 793
INFO - 01/12/26 18:57:26 - 0:34:27 - At 794-th epoch with lr 0.000449.
INFO - 01/12/26 18:57:29 - 0:34:29 - Running average train loss is 0.6826732516288757 at epoch 794
INFO - 01/12/26 18:57:29 - 0:34:29 - At 795-th epoch with lr 0.000449.
INFO - 01/12/26 18:57:32 - 0:34:32 - Running average train loss is 0.6825412034988403 at epoch 795
INFO - 01/12/26 18:57:32 - 0:34:32 - At 796-th epoch with lr 0.000448.
INFO - 01/12/26 18:57:34 - 0:34:34 - Running average train loss is 0.6828030037879944 at epoch 796
INFO - 01/12/26 18:57:34 - 0:34:34 - At 797-th epoch with lr 0.000448.
INFO - 01/12/26 18:57:37 - 0:34:37 - Running average train loss is 0.6825331091880799 at epoch 797
INFO - 01/12/26 18:57:37 - 0:34:37 - At 798-th epoch with lr 0.000448.
INFO - 01/12/26 18:57:39 - 0:34:40 - Running average train loss is 0.6829273653030395 at epoch 798
INFO - 01/12/26 18:57:39 - 0:34:40 - At 799-th epoch with lr 0.000447.
INFO - 01/12/26 18:57:42 - 0:34:42 - Running average train loss is 0.6825444197654724 at epoch 799
INFO - 01/12/26 18:57:42 - 0:34:42 - Average dev loss is 0.7535196940104166 at epoch 799
INFO - 01/12/26 18:57:43 - 0:34:43 - dev accuracy is 88.6 at epoch 799
INFO - 01/12/26 18:57:43 - 0:34:43 - dev average edit distance is 0.423 at epoch 799
INFO - 01/12/26 18:57:43 - 0:34:43 - loading checkpoints/sig23/tagtransformer/rus.nll_0.7638.acc_89.9.dist_0.426.epoch_448 for testing
INFO - 01/12/26 18:57:43 - 0:34:43 - load model in checkpoints/sig23/tagtransformer/rus.nll_0.7638.acc_89.9.dist_0.426.epoch_448
INFO - 01/12/26 18:57:43 - 0:34:43 - Average dev loss is 0.7637920180956522 at epoch -1
INFO - 01/12/26 18:57:43 - 0:34:43 - decoding dev set
INFO - 01/12/26 18:57:44 - 0:34:44 - finished decoding 1000 dev instance
INFO - 01/12/26 18:57:44 - 0:34:44 - DEV accuracy is 89.9 at epoch -1
INFO - 01/12/26 18:57:44 - 0:34:44 - DEV average edit distance is 0.426 at epoch -1
INFO - 01/12/26 18:57:44 - 0:34:44 - DEV rus acc 89.9 dist 0.426
INFO - 01/12/26 18:57:44 - 0:34:44 - Average test loss is 0.862873375415802 at epoch -1
INFO - 01/12/26 18:57:44 - 0:34:44 - decoding test set
INFO - 01/12/26 18:57:46 - 0:34:46 - finished decoding 1000 test instance
INFO - 01/12/26 18:57:46 - 0:34:46 - TEST accuracy is 91.3 at epoch -1
INFO - 01/12/26 18:57:46 - 0:34:46 - TEST average edit distance is 0.355 at epoch -1
INFO - 01/12/26 18:57:46 - 0:34:46 - TEST rus acc 91.3 dist 0.355
