INFO - 01/27/26 10:34:08 - 0:00:00 - command line argument: seed - 0
INFO - 01/27/26 10:34:08 - 0:00:00 - command line argument: train - ['../../2023InflectionST/part1/data/sme.trn']
INFO - 01/27/26 10:34:08 - 0:00:00 - command line argument: dev - ['../../2023InflectionST/part1/data/sme.dev']
INFO - 01/27/26 10:34:08 - 0:00:00 - command line argument: test - ['../../2023InflectionST/part1/data/sme.tst']
INFO - 01/27/26 10:34:08 - 0:00:00 - command line argument: model - 'checkpoints/sig23/tagtransformer/sme'
INFO - 01/27/26 10:34:08 - 0:00:00 - command line argument: load - ''
INFO - 01/27/26 10:34:08 - 0:00:00 - command line argument: bs - 400
INFO - 01/27/26 10:34:08 - 0:00:00 - command line argument: epochs - 20
INFO - 01/27/26 10:34:08 - 0:00:00 - command line argument: max_steps - 20000
INFO - 01/27/26 10:34:08 - 0:00:00 - command line argument: warmup_steps - 4000
INFO - 01/27/26 10:34:08 - 0:00:00 - command line argument: total_eval - 50
INFO - 01/27/26 10:34:08 - 0:00:00 - command line argument: optimizer - <Optimizer.adam: 'adam'>
INFO - 01/27/26 10:34:08 - 0:00:00 - command line argument: scheduler - <Scheduler.warmupinvsqr: 'warmupinvsqr'>
INFO - 01/27/26 10:34:08 - 0:00:00 - command line argument: lr - 0.001
INFO - 01/27/26 10:34:08 - 0:00:00 - command line argument: min_lr - 1e-05
INFO - 01/27/26 10:34:08 - 0:00:00 - command line argument: momentum - 0.9
INFO - 01/27/26 10:34:08 - 0:00:00 - command line argument: beta1 - 0.9
INFO - 01/27/26 10:34:08 - 0:00:00 - command line argument: beta2 - 0.98
INFO - 01/27/26 10:34:08 - 0:00:00 - command line argument: estop - 1e-08
INFO - 01/27/26 10:34:08 - 0:00:00 - command line argument: cooldown - 0
INFO - 01/27/26 10:34:08 - 0:00:00 - command line argument: patience - 0
INFO - 01/27/26 10:34:08 - 0:00:00 - command line argument: discount_factor - 0.5
INFO - 01/27/26 10:34:08 - 0:00:00 - command line argument: max_norm - 1.0
INFO - 01/27/26 10:34:08 - 0:00:00 - command line argument: gpuid - [0]
INFO - 01/27/26 10:34:08 - 0:00:00 - command line argument: loglevel - 'info'
INFO - 01/27/26 10:34:08 - 0:00:00 - command line argument: saveall - False
INFO - 01/27/26 10:34:08 - 0:00:00 - command line argument: shuffle - True
INFO - 01/27/26 10:34:08 - 0:00:00 - command line argument: cleanup_anyway - True
INFO - 01/27/26 10:34:08 - 0:00:00 - command line argument: dataset - <Data.sigmorphon23task0: 'sigmorphon23task0'>
INFO - 01/27/26 10:34:08 - 0:00:00 - command line argument: max_seq_len - 128
INFO - 01/27/26 10:34:08 - 0:00:00 - command line argument: max_decode_len - 32
INFO - 01/27/26 10:34:08 - 0:00:00 - command line argument: decode_beam_size - 5
INFO - 01/27/26 10:34:08 - 0:00:00 - command line argument: init - ''
INFO - 01/27/26 10:34:08 - 0:00:00 - command line argument: dropout - 0.3
INFO - 01/27/26 10:34:08 - 0:00:00 - command line argument: embed_dim - 256
INFO - 01/27/26 10:34:08 - 0:00:00 - command line argument: nb_heads - 4
INFO - 01/27/26 10:34:08 - 0:00:00 - command line argument: src_layer - 4
INFO - 01/27/26 10:34:08 - 0:00:00 - command line argument: trg_layer - 4
INFO - 01/27/26 10:34:08 - 0:00:00 - command line argument: src_hs - 1024
INFO - 01/27/26 10:34:08 - 0:00:00 - command line argument: trg_hs - 1024
INFO - 01/27/26 10:34:08 - 0:00:00 - command line argument: label_smooth - 0.1
INFO - 01/27/26 10:34:08 - 0:00:00 - command line argument: tie_trg_embed - False
INFO - 01/27/26 10:34:08 - 0:00:00 - command line argument: arch - <Arch.tagtransformer: 'tagtransformer'>
INFO - 01/27/26 10:34:08 - 0:00:00 - command line argument: nb_sample - 2
INFO - 01/27/26 10:34:08 - 0:00:00 - command line argument: wid_siz - 11
INFO - 01/27/26 10:34:08 - 0:00:00 - command line argument: indtag - False
INFO - 01/27/26 10:34:08 - 0:00:00 - command line argument: decode - <Decode.greedy: 'greedy'>
INFO - 01/27/26 10:34:08 - 0:00:00 - command line argument: mono - False
INFO - 01/27/26 10:34:08 - 0:00:00 - command line argument: bestacc - True
INFO - 01/27/26 10:34:08 - 0:00:00 - src vocab size 59
INFO - 01/27/26 10:34:08 - 0:00:00 - trg vocab size 34
INFO - 01/27/26 10:34:08 - 0:00:00 - src vocab ['<PAD>', '<BOS>', '<EOS>', '<UNK>', "'", 'a', 'b', 'c', 'd', 'e', 'f', 'g', 'h', 'i', 'j', 'k', 'l', 'm', 'n', 'o', 'p', 'r', 's', 't', 'u', 'v', 'y', 'z', 'á', 'č', 'đ', 'ŋ', 'š', 'ž', 'ACC', 'ADJ', 'COM', 'COND', 'FRML', 'GEN', 'IMP', 'IN+ALL', 'IND', 'LGSPEC1', 'N', 'NOM', 'NOM-1', 'NOM-2', 'NOM-3', 'NOM-DU', 'NOM-PL', 'NOM-SG', 'PL', 'POT', 'PRP', 'PRS', 'PST', 'SG', 'V']
INFO - 01/27/26 10:34:08 - 0:00:00 - trg vocab ['<PAD>', '<BOS>', '<EOS>', '<UNK>', "'", 'a', 'b', 'c', 'd', 'e', 'f', 'g', 'h', 'i', 'j', 'k', 'l', 'm', 'n', 'o', 'p', 'r', 's', 't', 'u', 'v', 'y', 'z', 'á', 'č', 'đ', 'ŋ', 'š', 'ž']
INFO - 01/27/26 10:34:08 - 0:00:00 - model: TagTransformer(
                                       (src_embed): Embedding(59, 256, padding_idx=0)
                                       (trg_embed): Embedding(34, 256, padding_idx=0)
                                       (position_embed): SinusoidalPositionalEmbedding()
                                       (encoder): TransformerEncoder(
                                         (layers): ModuleList(
                                           (0): TransformerEncoderLayer(
                                             (self_attn): MultiheadAttention(
                                               (out_proj): _LinearWithBias(in_features=256, out_features=256, bias=True)
                                             )
                                             (linear1): Linear(in_features=256, out_features=1024, bias=True)
                                             (dropout): Dropout(p=0.3, inplace=False)
                                             (linear2): Linear(in_features=1024, out_features=256, bias=True)
                                             (norm1): LayerNorm((256,), eps=1e-05, elementwise_affine=True)
                                             (norm2): LayerNorm((256,), eps=1e-05, elementwise_affine=True)
                                             (activation_dropout): Dropout(p=0.3, inplace=False)
                                           )
                                           (1): TransformerEncoderLayer(
                                             (self_attn): MultiheadAttention(
                                               (out_proj): _LinearWithBias(in_features=256, out_features=256, bias=True)
                                             )
                                             (linear1): Linear(in_features=256, out_features=1024, bias=True)
                                             (dropout): Dropout(p=0.3, inplace=False)
                                             (linear2): Linear(in_features=1024, out_features=256, bias=True)
                                             (norm1): LayerNorm((256,), eps=1e-05, elementwise_affine=True)
                                             (norm2): LayerNorm((256,), eps=1e-05, elementwise_affine=True)
                                             (activation_dropout): Dropout(p=0.3, inplace=False)
                                           )
                                           (2): TransformerEncoderLayer(
                                             (self_attn): MultiheadAttention(
                                               (out_proj): _LinearWithBias(in_features=256, out_features=256, bias=True)
                                             )
                                             (linear1): Linear(in_features=256, out_features=1024, bias=True)
                                             (dropout): Dropout(p=0.3, inplace=False)
                                             (linear2): Linear(in_features=1024, out_features=256, bias=True)
                                             (norm1): LayerNorm((256,), eps=1e-05, elementwise_affine=True)
                                             (norm2): LayerNorm((256,), eps=1e-05, elementwise_affine=True)
                                             (activation_dropout): Dropout(p=0.3, inplace=False)
                                           )
                                           (3): TransformerEncoderLayer(
                                             (self_attn): MultiheadAttention(
                                               (out_proj): _LinearWithBias(in_features=256, out_features=256, bias=True)
                                             )
                                             (linear1): Linear(in_features=256, out_features=1024, bias=True)
                                             (dropout): Dropout(p=0.3, inplace=False)
                                             (linear2): Linear(in_features=1024, out_features=256, bias=True)
                                             (norm1): LayerNorm((256,), eps=1e-05, elementwise_affine=True)
                                             (norm2): LayerNorm((256,), eps=1e-05, elementwise_affine=True)
                                             (activation_dropout): Dropout(p=0.3, inplace=False)
                                           )
                                         )
                                         (norm): LayerNorm((256,), eps=1e-05, elementwise_affine=True)
                                       )
                                       (decoder): TransformerDecoder(
                                         (layers): ModuleList(
                                           (0): TransformerDecoderLayer(
                                             (self_attn): MultiheadAttention(
                                               (out_proj): _LinearWithBias(in_features=256, out_features=256, bias=True)
                                             )
                                             (multihead_attn): MultiheadAttention(
                                               (out_proj): _LinearWithBias(in_features=256, out_features=256, bias=True)
                                             )
                                             (linear1): Linear(in_features=256, out_features=1024, bias=True)
                                             (dropout): Dropout(p=0.3, inplace=False)
                                             (linear2): Linear(in_features=1024, out_features=256, bias=True)
                                             (norm1): LayerNorm((256,), eps=1e-05, elementwise_affine=True)
                                             (norm2): LayerNorm((256,), eps=1e-05, elementwise_affine=True)
                                             (norm3): LayerNorm((256,), eps=1e-05, elementwise_affine=True)
                                             (activation_dropout): Dropout(p=0.3, inplace=False)
                                           )
                                           (1): TransformerDecoderLayer(
                                             (self_attn): MultiheadAttention(
                                               (out_proj): _LinearWithBias(in_features=256, out_features=256, bias=True)
                                             )
                                             (multihead_attn): MultiheadAttention(
                                               (out_proj): _LinearWithBias(in_features=256, out_features=256, bias=True)
                                             )
                                             (linear1): Linear(in_features=256, out_features=1024, bias=True)
                                             (dropout): Dropout(p=0.3, inplace=False)
                                             (linear2): Linear(in_features=1024, out_features=256, bias=True)
                                             (norm1): LayerNorm((256,), eps=1e-05, elementwise_affine=True)
                                             (norm2): LayerNorm((256,), eps=1e-05, elementwise_affine=True)
                                             (norm3): LayerNorm((256,), eps=1e-05, elementwise_affine=True)
                                             (activation_dropout): Dropout(p=0.3, inplace=False)
                                           )
                                           (2): TransformerDecoderLayer(
                                             (self_attn): MultiheadAttention(
                                               (out_proj): _LinearWithBias(in_features=256, out_features=256, bias=True)
                                             )
                                             (multihead_attn): MultiheadAttention(
                                               (out_proj): _LinearWithBias(in_features=256, out_features=256, bias=True)
                                             )
                                             (linear1): Linear(in_features=256, out_features=1024, bias=True)
                                             (dropout): Dropout(p=0.3, inplace=False)
                                             (linear2): Linear(in_features=1024, out_features=256, bias=True)
                                             (norm1): LayerNorm((256,), eps=1e-05, elementwise_affine=True)
                                             (norm2): LayerNorm((256,), eps=1e-05, elementwise_affine=True)
                                             (norm3): LayerNorm((256,), eps=1e-05, elementwise_affine=True)
                                             (activation_dropout): Dropout(p=0.3, inplace=False)
                                           )
                                           (3): TransformerDecoderLayer(
                                             (self_attn): MultiheadAttention(
                                               (out_proj): _LinearWithBias(in_features=256, out_features=256, bias=True)
                                             )
                                             (multihead_attn): MultiheadAttention(
                                               (out_proj): _LinearWithBias(in_features=256, out_features=256, bias=True)
                                             )
                                             (linear1): Linear(in_features=256, out_features=1024, bias=True)
                                             (dropout): Dropout(p=0.3, inplace=False)
                                             (linear2): Linear(in_features=1024, out_features=256, bias=True)
                                             (norm1): LayerNorm((256,), eps=1e-05, elementwise_affine=True)
                                             (norm2): LayerNorm((256,), eps=1e-05, elementwise_affine=True)
                                             (norm3): LayerNorm((256,), eps=1e-05, elementwise_affine=True)
                                             (activation_dropout): Dropout(p=0.3, inplace=False)
                                           )
                                         )
                                         (norm): LayerNorm((256,), eps=1e-05, elementwise_affine=True)
                                       )
                                       (final_out): Linear(in_features=256, out_features=34, bias=True)
                                       (dropout): Dropout(p=0.3, inplace=False)
                                       (special_embeddings): Embedding(2, 256)
                                     )
INFO - 01/27/26 10:34:08 - 0:00:00 - number of parameter 7406882
INFO - 01/27/26 10:34:11 - 0:00:03 - maximum training 20000 steps (800 epochs)
INFO - 01/27/26 10:34:11 - 0:00:03 - evaluate every 16 epochs
INFO - 01/27/26 10:34:11 - 0:00:03 - At 0-th epoch with lr 0.000000.
INFO - 01/27/26 10:34:14 - 0:00:06 - Running average train loss is 4.33055341720581 at epoch 0
INFO - 01/27/26 10:34:14 - 0:00:06 - At 1-th epoch with lr 0.000006.
INFO - 01/27/26 10:34:16 - 0:00:07 - Running average train loss is 3.8070365810394287 at epoch 1
INFO - 01/27/26 10:34:16 - 0:00:07 - At 2-th epoch with lr 0.000013.
INFO - 01/27/26 10:34:18 - 0:00:09 - Running average train loss is 3.366433525085449 at epoch 2
INFO - 01/27/26 10:34:18 - 0:00:09 - At 3-th epoch with lr 0.000019.
INFO - 01/27/26 10:34:20 - 0:00:11 - Running average train loss is 3.1359013175964354 at epoch 3
INFO - 01/27/26 10:34:20 - 0:00:11 - At 4-th epoch with lr 0.000025.
INFO - 01/27/26 10:34:21 - 0:00:13 - Running average train loss is 2.989669094085693 at epoch 4
INFO - 01/27/26 10:34:21 - 0:00:13 - At 5-th epoch with lr 0.000031.
INFO - 01/27/26 10:34:23 - 0:00:15 - Running average train loss is 2.844579620361328 at epoch 5
INFO - 01/27/26 10:34:23 - 0:00:15 - At 6-th epoch with lr 0.000037.
INFO - 01/27/26 10:34:25 - 0:00:17 - Running average train loss is 2.6969325160980224 at epoch 6
INFO - 01/27/26 10:34:25 - 0:00:17 - At 7-th epoch with lr 0.000044.
INFO - 01/27/26 10:34:27 - 0:00:19 - Running average train loss is 2.5453664112091063 at epoch 7
INFO - 01/27/26 10:34:27 - 0:00:19 - At 8-th epoch with lr 0.000050.
INFO - 01/27/26 10:34:29 - 0:00:21 - Running average train loss is 2.404467153549194 at epoch 8
INFO - 01/27/26 10:34:29 - 0:00:21 - At 9-th epoch with lr 0.000056.
INFO - 01/27/26 10:34:31 - 0:00:23 - Running average train loss is 2.263679723739624 at epoch 9
INFO - 01/27/26 10:34:31 - 0:00:23 - At 10-th epoch with lr 0.000063.
INFO - 01/27/26 10:34:33 - 0:00:25 - Running average train loss is 2.1131749153137207 at epoch 10
INFO - 01/27/26 10:34:33 - 0:00:25 - At 11-th epoch with lr 0.000069.
INFO - 01/27/26 10:34:35 - 0:00:27 - Running average train loss is 1.9676144647598266 at epoch 11
INFO - 01/27/26 10:34:35 - 0:00:27 - At 12-th epoch with lr 0.000075.
INFO - 01/27/26 10:34:37 - 0:00:29 - Running average train loss is 1.8283714723587037 at epoch 12
INFO - 01/27/26 10:34:37 - 0:00:29 - At 13-th epoch with lr 0.000081.
INFO - 01/27/26 10:34:39 - 0:00:31 - Running average train loss is 1.71092670917511 at epoch 13
INFO - 01/27/26 10:34:39 - 0:00:31 - At 14-th epoch with lr 0.000087.
INFO - 01/27/26 10:34:41 - 0:00:33 - Running average train loss is 1.6112608909606934 at epoch 14
INFO - 01/27/26 10:34:41 - 0:00:33 - At 15-th epoch with lr 0.000094.
INFO - 01/27/26 10:34:43 - 0:00:34 - Running average train loss is 1.5329337263107299 at epoch 15
INFO - 01/27/26 10:34:43 - 0:00:34 - At 16-th epoch with lr 0.000100.
INFO - 01/27/26 10:34:45 - 0:00:36 - Running average train loss is 1.4611881065368653 at epoch 16
INFO - 01/27/26 10:34:45 - 0:00:36 - Average dev loss is 1.3774017890294392 at epoch 16
INFO - 01/27/26 10:34:46 - 0:00:37 - dev accuracy is 10.6 at epoch 16
INFO - 01/27/26 10:34:46 - 0:00:37 - dev average edit distance is 2.775 at epoch 16
INFO - 01/27/26 10:34:46 - 0:00:37 - At 17-th epoch with lr 0.000106.
INFO - 01/27/26 10:34:48 - 0:00:39 - Running average train loss is 1.3995504474639893 at epoch 17
INFO - 01/27/26 10:34:48 - 0:00:39 - At 18-th epoch with lr 0.000113.
INFO - 01/27/26 10:34:50 - 0:00:41 - Running average train loss is 1.3480276489257812 at epoch 18
INFO - 01/27/26 10:34:50 - 0:00:41 - At 19-th epoch with lr 0.000119.
INFO - 01/27/26 10:34:52 - 0:00:44 - Running average train loss is 1.2980509662628175 at epoch 19
INFO - 01/27/26 10:34:52 - 0:00:44 - At 20-th epoch with lr 0.000125.
INFO - 01/27/26 10:34:54 - 0:00:46 - Running average train loss is 1.2588922691345215 at epoch 20
INFO - 01/27/26 10:34:54 - 0:00:46 - At 21-th epoch with lr 0.000131.
INFO - 01/27/26 10:34:56 - 0:00:48 - Running average train loss is 1.2175751638412475 at epoch 21
INFO - 01/27/26 10:34:56 - 0:00:48 - At 22-th epoch with lr 0.000138.
INFO - 01/27/26 10:34:58 - 0:00:50 - Running average train loss is 1.1882000303268432 at epoch 22
INFO - 01/27/26 10:34:58 - 0:00:50 - At 23-th epoch with lr 0.000144.
INFO - 01/27/26 10:35:00 - 0:00:52 - Running average train loss is 1.1546650648117065 at epoch 23
INFO - 01/27/26 10:35:00 - 0:00:52 - At 24-th epoch with lr 0.000150.
INFO - 01/27/26 10:35:02 - 0:00:54 - Running average train loss is 1.1275622177124023 at epoch 24
INFO - 01/27/26 10:35:02 - 0:00:54 - At 25-th epoch with lr 0.000156.
INFO - 01/27/26 10:35:04 - 0:00:56 - Running average train loss is 1.1011680936813355 at epoch 25
INFO - 01/27/26 10:35:04 - 0:00:56 - At 26-th epoch with lr 0.000163.
INFO - 01/27/26 10:35:06 - 0:00:58 - Running average train loss is 1.0785510444641113 at epoch 26
INFO - 01/27/26 10:35:06 - 0:00:58 - At 27-th epoch with lr 0.000169.
INFO - 01/27/26 10:35:08 - 0:01:00 - Running average train loss is 1.0555044603347778 at epoch 27
INFO - 01/27/26 10:35:08 - 0:01:00 - At 28-th epoch with lr 0.000175.
INFO - 01/27/26 10:35:10 - 0:01:02 - Running average train loss is 1.034570803642273 at epoch 28
INFO - 01/27/26 10:35:10 - 0:01:02 - At 29-th epoch with lr 0.000181.
INFO - 01/27/26 10:35:12 - 0:01:03 - Running average train loss is 1.017181417942047 at epoch 29
INFO - 01/27/26 10:35:12 - 0:01:03 - At 30-th epoch with lr 0.000188.
INFO - 01/27/26 10:35:14 - 0:01:05 - Running average train loss is 0.9989045596122742 at epoch 30
INFO - 01/27/26 10:35:14 - 0:01:05 - At 31-th epoch with lr 0.000194.
INFO - 01/27/26 10:35:15 - 0:01:07 - Running average train loss is 0.9792212986946106 at epoch 31
INFO - 01/27/26 10:35:15 - 0:01:07 - At 32-th epoch with lr 0.000200.
INFO - 01/27/26 10:35:17 - 0:01:09 - Running average train loss is 0.9660724782943726 at epoch 32
INFO - 01/27/26 10:35:17 - 0:01:09 - Average dev loss is 1.0494318803151448 at epoch 32
INFO - 01/27/26 10:35:18 - 0:01:10 - dev accuracy is 30.3 at epoch 32
INFO - 01/27/26 10:35:18 - 0:01:10 - dev average edit distance is 1.4 at epoch 32
INFO - 01/27/26 10:35:18 - 0:01:10 - At 33-th epoch with lr 0.000206.
INFO - 01/27/26 10:35:20 - 0:01:12 - Running average train loss is 0.9507868361473083 at epoch 33
INFO - 01/27/26 10:35:20 - 0:01:12 - At 34-th epoch with lr 0.000212.
INFO - 01/27/26 10:35:22 - 0:01:14 - Running average train loss is 0.9359857106208801 at epoch 34
INFO - 01/27/26 10:35:22 - 0:01:14 - At 35-th epoch with lr 0.000219.
INFO - 01/27/26 10:35:24 - 0:01:16 - Running average train loss is 0.9254537320137024 at epoch 35
INFO - 01/27/26 10:35:24 - 0:01:16 - At 36-th epoch with lr 0.000225.
INFO - 01/27/26 10:35:26 - 0:01:18 - Running average train loss is 0.9120566892623901 at epoch 36
INFO - 01/27/26 10:35:26 - 0:01:18 - At 37-th epoch with lr 0.000231.
INFO - 01/27/26 10:35:28 - 0:01:20 - Running average train loss is 0.8986719298362732 at epoch 37
INFO - 01/27/26 10:35:28 - 0:01:20 - At 38-th epoch with lr 0.000237.
INFO - 01/27/26 10:35:30 - 0:01:22 - Running average train loss is 0.889178614616394 at epoch 38
INFO - 01/27/26 10:35:30 - 0:01:22 - At 39-th epoch with lr 0.000244.
INFO - 01/27/26 10:35:32 - 0:01:23 - Running average train loss is 0.8784101033210754 at epoch 39
INFO - 01/27/26 10:35:32 - 0:01:23 - At 40-th epoch with lr 0.000250.
INFO - 01/27/26 10:35:34 - 0:01:25 - Running average train loss is 0.8688914680480957 at epoch 40
INFO - 01/27/26 10:35:34 - 0:01:25 - At 41-th epoch with lr 0.000256.
INFO - 01/27/26 10:35:35 - 0:01:27 - Running average train loss is 0.8572692322731018 at epoch 41
INFO - 01/27/26 10:35:35 - 0:01:27 - At 42-th epoch with lr 0.000263.
INFO - 01/27/26 10:35:37 - 0:01:29 - Running average train loss is 0.8497871685028077 at epoch 42
INFO - 01/27/26 10:35:37 - 0:01:29 - At 43-th epoch with lr 0.000269.
INFO - 01/27/26 10:35:39 - 0:01:31 - Running average train loss is 0.8414893460273742 at epoch 43
INFO - 01/27/26 10:35:39 - 0:01:31 - At 44-th epoch with lr 0.000275.
INFO - 01/27/26 10:35:41 - 0:01:33 - Running average train loss is 0.8332787752151489 at epoch 44
INFO - 01/27/26 10:35:41 - 0:01:33 - At 45-th epoch with lr 0.000281.
INFO - 01/27/26 10:35:43 - 0:01:35 - Running average train loss is 0.8261543130874633 at epoch 45
INFO - 01/27/26 10:35:43 - 0:01:35 - At 46-th epoch with lr 0.000287.
INFO - 01/27/26 10:35:45 - 0:01:37 - Running average train loss is 0.8172444987297058 at epoch 46
INFO - 01/27/26 10:35:45 - 0:01:37 - At 47-th epoch with lr 0.000294.
INFO - 01/27/26 10:35:47 - 0:01:39 - Running average train loss is 0.8114767789840698 at epoch 47
INFO - 01/27/26 10:35:47 - 0:01:39 - At 48-th epoch with lr 0.000300.
INFO - 01/27/26 10:35:49 - 0:01:41 - Running average train loss is 0.8045837116241455 at epoch 48
INFO - 01/27/26 10:35:49 - 0:01:41 - Average dev loss is 0.9423977931340536 at epoch 48
INFO - 01/27/26 10:35:50 - 0:01:41 - dev accuracy is 50.5 at epoch 48
INFO - 01/27/26 10:35:50 - 0:01:41 - dev average edit distance is 1.02 at epoch 48
INFO - 01/27/26 10:35:50 - 0:01:42 - At 49-th epoch with lr 0.000306.
INFO - 01/27/26 10:35:52 - 0:01:43 - Running average train loss is 0.7990758872032165 at epoch 49
INFO - 01/27/26 10:35:52 - 0:01:43 - At 50-th epoch with lr 0.000313.
INFO - 01/27/26 10:35:54 - 0:01:45 - Running average train loss is 0.7903315830230713 at epoch 50
INFO - 01/27/26 10:35:54 - 0:01:45 - At 51-th epoch with lr 0.000319.
INFO - 01/27/26 10:35:55 - 0:01:47 - Running average train loss is 0.786945436000824 at epoch 51
INFO - 01/27/26 10:35:55 - 0:01:47 - At 52-th epoch with lr 0.000325.
INFO - 01/27/26 10:35:57 - 0:01:49 - Running average train loss is 0.7798534941673279 at epoch 52
INFO - 01/27/26 10:35:57 - 0:01:49 - At 53-th epoch with lr 0.000331.
INFO - 01/27/26 10:35:59 - 0:01:51 - Running average train loss is 0.7750456094741821 at epoch 53
INFO - 01/27/26 10:35:59 - 0:01:51 - At 54-th epoch with lr 0.000338.
INFO - 01/27/26 10:36:01 - 0:01:53 - Running average train loss is 0.7694463634490967 at epoch 54
INFO - 01/27/26 10:36:01 - 0:01:53 - At 55-th epoch with lr 0.000344.
INFO - 01/27/26 10:36:03 - 0:01:55 - Running average train loss is 0.7665417075157166 at epoch 55
INFO - 01/27/26 10:36:03 - 0:01:55 - At 56-th epoch with lr 0.000350.
INFO - 01/27/26 10:36:05 - 0:01:57 - Running average train loss is 0.761181447505951 at epoch 56
INFO - 01/27/26 10:36:05 - 0:01:57 - At 57-th epoch with lr 0.000356.
INFO - 01/27/26 10:36:07 - 0:01:59 - Running average train loss is 0.7560943365097046 at epoch 57
INFO - 01/27/26 10:36:07 - 0:01:59 - At 58-th epoch with lr 0.000362.
INFO - 01/27/26 10:36:09 - 0:02:01 - Running average train loss is 0.7527664971351623 at epoch 58
INFO - 01/27/26 10:36:09 - 0:02:01 - At 59-th epoch with lr 0.000369.
INFO - 01/27/26 10:36:11 - 0:02:03 - Running average train loss is 0.7498301267623901 at epoch 59
INFO - 01/27/26 10:36:11 - 0:02:03 - At 60-th epoch with lr 0.000375.
INFO - 01/27/26 10:36:13 - 0:02:05 - Running average train loss is 0.7445282053947448 at epoch 60
INFO - 01/27/26 10:36:13 - 0:02:05 - At 61-th epoch with lr 0.000381.
INFO - 01/27/26 10:36:15 - 0:02:06 - Running average train loss is 0.7422406983375549 at epoch 61
INFO - 01/27/26 10:36:15 - 0:02:06 - At 62-th epoch with lr 0.000388.
INFO - 01/27/26 10:36:17 - 0:02:08 - Running average train loss is 0.7400850200653076 at epoch 62
INFO - 01/27/26 10:36:17 - 0:02:08 - At 63-th epoch with lr 0.000394.
INFO - 01/27/26 10:36:18 - 0:02:10 - Running average train loss is 0.7365817403793335 at epoch 63
INFO - 01/27/26 10:36:18 - 0:02:10 - At 64-th epoch with lr 0.000400.
INFO - 01/27/26 10:36:20 - 0:02:12 - Running average train loss is 0.7340704679489136 at epoch 64
INFO - 01/27/26 10:36:20 - 0:02:12 - Average dev loss is 0.8931952714920044 at epoch 64
INFO - 01/27/26 10:36:21 - 0:02:13 - dev accuracy is 59.3 at epoch 64
INFO - 01/27/26 10:36:21 - 0:02:13 - dev average edit distance is 0.834 at epoch 64
INFO - 01/27/26 10:36:21 - 0:02:13 - At 65-th epoch with lr 0.000406.
INFO - 01/27/26 10:36:23 - 0:02:15 - Running average train loss is 0.7308768200874328 at epoch 65
INFO - 01/27/26 10:36:23 - 0:02:15 - At 66-th epoch with lr 0.000412.
INFO - 01/27/26 10:36:25 - 0:02:17 - Running average train loss is 0.7290988326072693 at epoch 66
INFO - 01/27/26 10:36:25 - 0:02:17 - At 67-th epoch with lr 0.000419.
INFO - 01/27/26 10:36:27 - 0:02:19 - Running average train loss is 0.7283716630935669 at epoch 67
INFO - 01/27/26 10:36:27 - 0:02:19 - At 68-th epoch with lr 0.000425.
INFO - 01/27/26 10:36:29 - 0:02:21 - Running average train loss is 0.7234823870658874 at epoch 68
INFO - 01/27/26 10:36:29 - 0:02:21 - At 69-th epoch with lr 0.000431.
INFO - 01/27/26 10:36:31 - 0:02:23 - Running average train loss is 0.7223638701438904 at epoch 69
INFO - 01/27/26 10:36:31 - 0:02:23 - At 70-th epoch with lr 0.000438.
INFO - 01/27/26 10:36:33 - 0:02:24 - Running average train loss is 0.7195830392837524 at epoch 70
INFO - 01/27/26 10:36:33 - 0:02:24 - At 71-th epoch with lr 0.000444.
INFO - 01/27/26 10:36:35 - 0:02:26 - Running average train loss is 0.7183829522132874 at epoch 71
INFO - 01/27/26 10:36:35 - 0:02:26 - At 72-th epoch with lr 0.000450.
INFO - 01/27/26 10:36:36 - 0:02:28 - Running average train loss is 0.7170592069625854 at epoch 72
INFO - 01/27/26 10:36:36 - 0:02:28 - At 73-th epoch with lr 0.000456.
INFO - 01/27/26 10:36:38 - 0:02:30 - Running average train loss is 0.7148161411285401 at epoch 73
INFO - 01/27/26 10:36:38 - 0:02:30 - At 74-th epoch with lr 0.000463.
INFO - 01/27/26 10:36:40 - 0:02:32 - Running average train loss is 0.7134417986869812 at epoch 74
INFO - 01/27/26 10:36:40 - 0:02:32 - At 75-th epoch with lr 0.000469.
INFO - 01/27/26 10:36:42 - 0:02:34 - Running average train loss is 0.7127326774597168 at epoch 75
INFO - 01/27/26 10:36:42 - 0:02:34 - At 76-th epoch with lr 0.000475.
INFO - 01/27/26 10:36:44 - 0:02:36 - Running average train loss is 0.7103907346725464 at epoch 76
INFO - 01/27/26 10:36:44 - 0:02:36 - At 77-th epoch with lr 0.000481.
INFO - 01/27/26 10:36:46 - 0:02:37 - Running average train loss is 0.7084250187873841 at epoch 77
INFO - 01/27/26 10:36:46 - 0:02:37 - At 78-th epoch with lr 0.000487.
INFO - 01/27/26 10:36:47 - 0:02:39 - Running average train loss is 0.7080487418174743 at epoch 78
INFO - 01/27/26 10:36:47 - 0:02:39 - At 79-th epoch with lr 0.000494.
INFO - 01/27/26 10:36:50 - 0:02:41 - Running average train loss is 0.7082534527778626 at epoch 79
INFO - 01/27/26 10:36:50 - 0:02:41 - At 80-th epoch with lr 0.000500.
INFO - 01/27/26 10:36:52 - 0:02:44 - Running average train loss is 0.7054464411735535 at epoch 80
INFO - 01/27/26 10:36:52 - 0:02:44 - Average dev loss is 0.8681328097979227 at epoch 80
INFO - 01/27/26 10:36:53 - 0:02:44 - dev accuracy is 63.6 at epoch 80
INFO - 01/27/26 10:36:53 - 0:02:44 - dev average edit distance is 0.727 at epoch 80
INFO - 01/27/26 10:36:53 - 0:02:44 - At 81-th epoch with lr 0.000506.
INFO - 01/27/26 10:36:55 - 0:02:47 - Running average train loss is 0.7046269154548646 at epoch 81
INFO - 01/27/26 10:36:55 - 0:02:47 - At 82-th epoch with lr 0.000512.
INFO - 01/27/26 10:36:57 - 0:02:49 - Running average train loss is 0.7026000785827636 at epoch 82
INFO - 01/27/26 10:36:57 - 0:02:49 - At 83-th epoch with lr 0.000519.
INFO - 01/27/26 10:36:59 - 0:02:51 - Running average train loss is 0.7017415332794189 at epoch 83
INFO - 01/27/26 10:36:59 - 0:02:51 - At 84-th epoch with lr 0.000525.
INFO - 01/27/26 10:37:02 - 0:02:53 - Running average train loss is 0.7008160352706909 at epoch 84
INFO - 01/27/26 10:37:02 - 0:02:53 - At 85-th epoch with lr 0.000531.
INFO - 01/27/26 10:37:04 - 0:02:56 - Running average train loss is 0.7010963559150696 at epoch 85
INFO - 01/27/26 10:37:04 - 0:02:56 - At 86-th epoch with lr 0.000538.
INFO - 01/27/26 10:37:06 - 0:02:58 - Running average train loss is 0.7004488706588745 at epoch 86
INFO - 01/27/26 10:37:06 - 0:02:58 - At 87-th epoch with lr 0.000544.
INFO - 01/27/26 10:37:08 - 0:03:00 - Running average train loss is 0.6989016914367676 at epoch 87
INFO - 01/27/26 10:37:08 - 0:03:00 - At 88-th epoch with lr 0.000550.
INFO - 01/27/26 10:37:11 - 0:03:02 - Running average train loss is 0.6984025359153747 at epoch 88
INFO - 01/27/26 10:37:11 - 0:03:02 - At 89-th epoch with lr 0.000556.
INFO - 01/27/26 10:37:13 - 0:03:04 - Running average train loss is 0.6973040843009949 at epoch 89
INFO - 01/27/26 10:37:13 - 0:03:04 - At 90-th epoch with lr 0.000563.
INFO - 01/27/26 10:37:15 - 0:03:06 - Running average train loss is 0.6966023874282837 at epoch 90
INFO - 01/27/26 10:37:15 - 0:03:06 - At 91-th epoch with lr 0.000569.
INFO - 01/27/26 10:37:17 - 0:03:08 - Running average train loss is 0.6975617241859436 at epoch 91
INFO - 01/27/26 10:37:17 - 0:03:08 - At 92-th epoch with lr 0.000575.
INFO - 01/27/26 10:37:19 - 0:03:10 - Running average train loss is 0.6942030787467957 at epoch 92
INFO - 01/27/26 10:37:19 - 0:03:10 - At 93-th epoch with lr 0.000581.
INFO - 01/27/26 10:37:21 - 0:03:13 - Running average train loss is 0.692095685005188 at epoch 93
INFO - 01/27/26 10:37:21 - 0:03:13 - At 94-th epoch with lr 0.000588.
INFO - 01/27/26 10:37:23 - 0:03:15 - Running average train loss is 0.6938908791542053 at epoch 94
INFO - 01/27/26 10:37:23 - 0:03:15 - At 95-th epoch with lr 0.000594.
INFO - 01/27/26 10:37:25 - 0:03:17 - Running average train loss is 0.6939666080474853 at epoch 95
INFO - 01/27/26 10:37:25 - 0:03:17 - At 96-th epoch with lr 0.000600.
INFO - 01/27/26 10:37:28 - 0:03:19 - Running average train loss is 0.6930883073806763 at epoch 96
INFO - 01/27/26 10:37:28 - 0:03:19 - Average dev loss is 0.8555250366528829 at epoch 96
INFO - 01/27/26 10:37:28 - 0:03:20 - dev accuracy is 68.2 at epoch 96
INFO - 01/27/26 10:37:28 - 0:03:20 - dev average edit distance is 0.607 at epoch 96
INFO - 01/27/26 10:37:28 - 0:03:20 - At 97-th epoch with lr 0.000606.
INFO - 01/27/26 10:37:31 - 0:03:22 - Running average train loss is 0.6927234578132629 at epoch 97
INFO - 01/27/26 10:37:31 - 0:03:22 - At 98-th epoch with lr 0.000613.
INFO - 01/27/26 10:37:33 - 0:03:25 - Running average train loss is 0.6915557479858399 at epoch 98
INFO - 01/27/26 10:37:33 - 0:03:25 - At 99-th epoch with lr 0.000619.
INFO - 01/27/26 10:37:35 - 0:03:27 - Running average train loss is 0.6910712575912475 at epoch 99
INFO - 01/27/26 10:37:35 - 0:03:27 - At 100-th epoch with lr 0.000625.
INFO - 01/27/26 10:37:37 - 0:03:29 - Running average train loss is 0.6901662039756775 at epoch 100
INFO - 01/27/26 10:37:37 - 0:03:29 - At 101-th epoch with lr 0.000631.
INFO - 01/27/26 10:37:40 - 0:03:31 - Running average train loss is 0.6917393660545349 at epoch 101
INFO - 01/27/26 10:37:40 - 0:03:31 - At 102-th epoch with lr 0.000637.
INFO - 01/27/26 10:37:42 - 0:03:34 - Running average train loss is 0.6895120310783386 at epoch 102
INFO - 01/27/26 10:37:42 - 0:03:34 - At 103-th epoch with lr 0.000644.
INFO - 01/27/26 10:37:44 - 0:03:36 - Running average train loss is 0.6904258179664612 at epoch 103
INFO - 01/27/26 10:37:44 - 0:03:36 - At 104-th epoch with lr 0.000650.
INFO - 01/27/26 10:37:46 - 0:03:38 - Running average train loss is 0.6883927273750305 at epoch 104
INFO - 01/27/26 10:37:46 - 0:03:38 - At 105-th epoch with lr 0.000656.
INFO - 01/27/26 10:37:49 - 0:03:40 - Running average train loss is 0.6885949993133544 at epoch 105
INFO - 01/27/26 10:37:49 - 0:03:40 - At 106-th epoch with lr 0.000663.
INFO - 01/27/26 10:37:51 - 0:03:42 - Running average train loss is 0.6884936046600342 at epoch 106
INFO - 01/27/26 10:37:51 - 0:03:42 - At 107-th epoch with lr 0.000669.
INFO - 01/27/26 10:37:53 - 0:03:45 - Running average train loss is 0.6882136654853821 at epoch 107
INFO - 01/27/26 10:37:53 - 0:03:45 - At 108-th epoch with lr 0.000675.
INFO - 01/27/26 10:37:55 - 0:03:47 - Running average train loss is 0.6877215528488159 at epoch 108
INFO - 01/27/26 10:37:55 - 0:03:47 - At 109-th epoch with lr 0.000681.
INFO - 01/27/26 10:37:57 - 0:03:49 - Running average train loss is 0.6878830790519714 at epoch 109
INFO - 01/27/26 10:37:57 - 0:03:49 - At 110-th epoch with lr 0.000687.
INFO - 01/27/26 10:37:59 - 0:03:51 - Running average train loss is 0.686486656665802 at epoch 110
INFO - 01/27/26 10:37:59 - 0:03:51 - At 111-th epoch with lr 0.000694.
INFO - 01/27/26 10:38:01 - 0:03:52 - Running average train loss is 0.6861812043190002 at epoch 111
INFO - 01/27/26 10:38:01 - 0:03:52 - At 112-th epoch with lr 0.000700.
INFO - 01/27/26 10:38:03 - 0:03:54 - Running average train loss is 0.6864197397232056 at epoch 112
INFO - 01/27/26 10:38:03 - 0:03:54 - Average dev loss is 0.8781938552856445 at epoch 112
INFO - 01/27/26 10:38:03 - 0:03:55 - dev accuracy is 70.5 at epoch 112
INFO - 01/27/26 10:38:03 - 0:03:55 - dev average edit distance is 0.591 at epoch 112
INFO - 01/27/26 10:38:03 - 0:03:55 - At 113-th epoch with lr 0.000706.
INFO - 01/27/26 10:38:05 - 0:03:57 - Running average train loss is 0.6859163594245911 at epoch 113
INFO - 01/27/26 10:38:05 - 0:03:57 - At 114-th epoch with lr 0.000713.
INFO - 01/27/26 10:38:08 - 0:03:59 - Running average train loss is 0.6868499660491943 at epoch 114
INFO - 01/27/26 10:38:08 - 0:03:59 - At 115-th epoch with lr 0.000719.
INFO - 01/27/26 10:38:10 - 0:04:01 - Running average train loss is 0.6845116424560547 at epoch 115
INFO - 01/27/26 10:38:10 - 0:04:01 - At 116-th epoch with lr 0.000725.
INFO - 01/27/26 10:38:12 - 0:04:04 - Running average train loss is 0.6854539728164672 at epoch 116
INFO - 01/27/26 10:38:12 - 0:04:04 - At 117-th epoch with lr 0.000731.
INFO - 01/27/26 10:38:14 - 0:04:05 - Running average train loss is 0.6844950723648071 at epoch 117
INFO - 01/27/26 10:38:14 - 0:04:05 - At 118-th epoch with lr 0.000738.
INFO - 01/27/26 10:38:16 - 0:04:07 - Running average train loss is 0.6855841135978699 at epoch 118
INFO - 01/27/26 10:38:16 - 0:04:07 - At 119-th epoch with lr 0.000744.
INFO - 01/27/26 10:38:17 - 0:04:09 - Running average train loss is 0.6862324976921081 at epoch 119
INFO - 01/27/26 10:38:17 - 0:04:09 - At 120-th epoch with lr 0.000750.
INFO - 01/27/26 10:38:19 - 0:04:11 - Running average train loss is 0.6846865153312683 at epoch 120
INFO - 01/27/26 10:38:19 - 0:04:11 - At 121-th epoch with lr 0.000756.
INFO - 01/27/26 10:38:21 - 0:04:13 - Running average train loss is 0.6848027825355529 at epoch 121
INFO - 01/27/26 10:38:21 - 0:04:13 - At 122-th epoch with lr 0.000762.
INFO - 01/27/26 10:38:23 - 0:04:15 - Running average train loss is 0.6854794454574585 at epoch 122
INFO - 01/27/26 10:38:23 - 0:04:15 - At 123-th epoch with lr 0.000769.
INFO - 01/27/26 10:38:25 - 0:04:17 - Running average train loss is 0.6832551908493042 at epoch 123
INFO - 01/27/26 10:38:25 - 0:04:17 - At 124-th epoch with lr 0.000775.
INFO - 01/27/26 10:38:28 - 0:04:19 - Running average train loss is 0.6840571117401123 at epoch 124
INFO - 01/27/26 10:38:28 - 0:04:19 - At 125-th epoch with lr 0.000781.
INFO - 01/27/26 10:38:30 - 0:04:21 - Running average train loss is 0.6851750111579895 at epoch 125
INFO - 01/27/26 10:38:30 - 0:04:21 - At 126-th epoch with lr 0.000788.
INFO - 01/27/26 10:38:32 - 0:04:24 - Running average train loss is 0.6854864907264709 at epoch 126
INFO - 01/27/26 10:38:32 - 0:04:24 - At 127-th epoch with lr 0.000794.
INFO - 01/27/26 10:38:34 - 0:04:26 - Running average train loss is 0.6854738783836365 at epoch 127
INFO - 01/27/26 10:38:34 - 0:04:26 - At 128-th epoch with lr 0.000800.
INFO - 01/27/26 10:38:36 - 0:04:28 - Running average train loss is 0.6838405585289001 at epoch 128
INFO - 01/27/26 10:38:36 - 0:04:28 - Average dev loss is 0.828890840212504 at epoch 128
INFO - 01/27/26 10:38:37 - 0:04:28 - dev accuracy is 73.1 at epoch 128
INFO - 01/27/26 10:38:37 - 0:04:28 - dev average edit distance is 0.456 at epoch 128
INFO - 01/27/26 10:38:37 - 0:04:28 - At 129-th epoch with lr 0.000806.
INFO - 01/27/26 10:38:39 - 0:04:30 - Running average train loss is 0.6839490842819214 at epoch 129
INFO - 01/27/26 10:38:39 - 0:04:30 - At 130-th epoch with lr 0.000813.
INFO - 01/27/26 10:38:41 - 0:04:33 - Running average train loss is 0.6823095893859863 at epoch 130
INFO - 01/27/26 10:38:41 - 0:04:33 - At 131-th epoch with lr 0.000819.
INFO - 01/27/26 10:38:43 - 0:04:35 - Running average train loss is 0.6834120893478394 at epoch 131
INFO - 01/27/26 10:38:43 - 0:04:35 - At 132-th epoch with lr 0.000825.
INFO - 01/27/26 10:38:45 - 0:04:37 - Running average train loss is 0.686010570526123 at epoch 132
INFO - 01/27/26 10:38:45 - 0:04:37 - At 133-th epoch with lr 0.000831.
INFO - 01/27/26 10:38:47 - 0:04:39 - Running average train loss is 0.6836042141914368 at epoch 133
INFO - 01/27/26 10:38:47 - 0:04:39 - At 134-th epoch with lr 0.000838.
INFO - 01/27/26 10:38:49 - 0:04:41 - Running average train loss is 0.6820859265327454 at epoch 134
INFO - 01/27/26 10:38:49 - 0:04:41 - At 135-th epoch with lr 0.000844.
INFO - 01/27/26 10:38:51 - 0:04:43 - Running average train loss is 0.6834296679496765 at epoch 135
INFO - 01/27/26 10:38:51 - 0:04:43 - At 136-th epoch with lr 0.000850.
INFO - 01/27/26 10:38:53 - 0:04:45 - Running average train loss is 0.6835560917854309 at epoch 136
INFO - 01/27/26 10:38:53 - 0:04:45 - At 137-th epoch with lr 0.000856.
INFO - 01/27/26 10:38:55 - 0:04:47 - Running average train loss is 0.6836390495300293 at epoch 137
INFO - 01/27/26 10:38:55 - 0:04:47 - At 138-th epoch with lr 0.000863.
INFO - 01/27/26 10:38:58 - 0:04:49 - Running average train loss is 0.6823296809196472 at epoch 138
INFO - 01/27/26 10:38:58 - 0:04:49 - At 139-th epoch with lr 0.000869.
INFO - 01/27/26 10:39:00 - 0:04:51 - Running average train loss is 0.6829157137870788 at epoch 139
INFO - 01/27/26 10:39:00 - 0:04:51 - At 140-th epoch with lr 0.000875.
INFO - 01/27/26 10:39:02 - 0:04:53 - Running average train loss is 0.6834498190879822 at epoch 140
INFO - 01/27/26 10:39:02 - 0:04:53 - At 141-th epoch with lr 0.000881.
INFO - 01/27/26 10:39:04 - 0:04:55 - Running average train loss is 0.6819969844818116 at epoch 141
INFO - 01/27/26 10:39:04 - 0:04:55 - At 142-th epoch with lr 0.000887.
INFO - 01/27/26 10:39:06 - 0:04:57 - Running average train loss is 0.6833862495422364 at epoch 142
INFO - 01/27/26 10:39:06 - 0:04:57 - At 143-th epoch with lr 0.000894.
INFO - 01/27/26 10:39:08 - 0:04:59 - Running average train loss is 0.6838909602165222 at epoch 143
INFO - 01/27/26 10:39:08 - 0:04:59 - At 144-th epoch with lr 0.000900.
INFO - 01/27/26 10:39:10 - 0:05:02 - Running average train loss is 0.6817880392074585 at epoch 144
INFO - 01/27/26 10:39:10 - 0:05:02 - Average dev loss is 0.8566019535064697 at epoch 144
INFO - 01/27/26 10:39:10 - 0:05:02 - dev accuracy is 74.4 at epoch 144
INFO - 01/27/26 10:39:10 - 0:05:02 - dev average edit distance is 0.443 at epoch 144
INFO - 01/27/26 10:39:11 - 0:05:02 - At 145-th epoch with lr 0.000906.
INFO - 01/27/26 10:39:13 - 0:05:04 - Running average train loss is 0.6825498175621033 at epoch 145
INFO - 01/27/26 10:39:13 - 0:05:04 - At 146-th epoch with lr 0.000913.
INFO - 01/27/26 10:39:15 - 0:05:06 - Running average train loss is 0.6836261796951294 at epoch 146
INFO - 01/27/26 10:39:15 - 0:05:06 - At 147-th epoch with lr 0.000919.
INFO - 01/27/26 10:39:17 - 0:05:09 - Running average train loss is 0.6832069158554077 at epoch 147
INFO - 01/27/26 10:39:17 - 0:05:09 - At 148-th epoch with lr 0.000925.
INFO - 01/27/26 10:39:19 - 0:05:11 - Running average train loss is 0.6832689118385314 at epoch 148
INFO - 01/27/26 10:39:19 - 0:05:11 - At 149-th epoch with lr 0.000931.
INFO - 01/27/26 10:39:21 - 0:05:12 - Running average train loss is 0.6819039177894592 at epoch 149
INFO - 01/27/26 10:39:21 - 0:05:12 - At 150-th epoch with lr 0.000937.
INFO - 01/27/26 10:39:23 - 0:05:15 - Running average train loss is 0.6838365936279297 at epoch 150
INFO - 01/27/26 10:39:23 - 0:05:15 - At 151-th epoch with lr 0.000944.
INFO - 01/27/26 10:39:25 - 0:05:17 - Running average train loss is 0.6842506527900696 at epoch 151
INFO - 01/27/26 10:39:25 - 0:05:17 - At 152-th epoch with lr 0.000950.
INFO - 01/27/26 10:39:27 - 0:05:19 - Running average train loss is 0.6829849481582642 at epoch 152
INFO - 01/27/26 10:39:27 - 0:05:19 - At 153-th epoch with lr 0.000956.
INFO - 01/27/26 10:39:29 - 0:05:21 - Running average train loss is 0.6832109332084656 at epoch 153
INFO - 01/27/26 10:39:29 - 0:05:21 - At 154-th epoch with lr 0.000963.
INFO - 01/27/26 10:39:31 - 0:05:23 - Running average train loss is 0.6837409830093384 at epoch 154
INFO - 01/27/26 10:39:31 - 0:05:23 - At 155-th epoch with lr 0.000969.
INFO - 01/27/26 10:39:33 - 0:05:25 - Running average train loss is 0.6826020526885986 at epoch 155
INFO - 01/27/26 10:39:33 - 0:05:25 - At 156-th epoch with lr 0.000975.
INFO - 01/27/26 10:39:35 - 0:05:27 - Running average train loss is 0.6840418601036071 at epoch 156
INFO - 01/27/26 10:39:35 - 0:05:27 - At 157-th epoch with lr 0.000981.
INFO - 01/27/26 10:39:38 - 0:05:30 - Running average train loss is 0.6822682809829712 at epoch 157
INFO - 01/27/26 10:39:38 - 0:05:30 - At 158-th epoch with lr 0.000988.
INFO - 01/27/26 10:39:40 - 0:05:32 - Running average train loss is 0.6824461317062378 at epoch 158
INFO - 01/27/26 10:39:40 - 0:05:32 - At 159-th epoch with lr 0.000994.
INFO - 01/27/26 10:39:42 - 0:05:34 - Running average train loss is 0.6820316147804261 at epoch 159
INFO - 01/27/26 10:39:42 - 0:05:34 - At 160-th epoch with lr 0.001000.
INFO - 01/27/26 10:39:44 - 0:05:36 - Running average train loss is 0.6819892454147339 at epoch 160
INFO - 01/27/26 10:39:44 - 0:05:36 - Average dev loss is 0.8447339137395223 at epoch 160
INFO - 01/27/26 10:39:45 - 0:05:37 - dev accuracy is 72.5 at epoch 160
INFO - 01/27/26 10:39:45 - 0:05:37 - dev average edit distance is 0.533 at epoch 160
INFO - 01/27/26 10:39:45 - 0:05:37 - At 161-th epoch with lr 0.000997.
INFO - 01/27/26 10:39:47 - 0:05:39 - Running average train loss is 0.6838309669494629 at epoch 161
INFO - 01/27/26 10:39:47 - 0:05:39 - At 162-th epoch with lr 0.000994.
INFO - 01/27/26 10:39:49 - 0:05:41 - Running average train loss is 0.6825526309013367 at epoch 162
INFO - 01/27/26 10:39:49 - 0:05:41 - At 163-th epoch with lr 0.000991.
INFO - 01/27/26 10:39:51 - 0:05:43 - Running average train loss is 0.6836955308914184 at epoch 163
INFO - 01/27/26 10:39:51 - 0:05:43 - At 164-th epoch with lr 0.000988.
INFO - 01/27/26 10:39:53 - 0:05:45 - Running average train loss is 0.6796086740493774 at epoch 164
INFO - 01/27/26 10:39:53 - 0:05:45 - At 165-th epoch with lr 0.000985.
INFO - 01/27/26 10:39:55 - 0:05:47 - Running average train loss is 0.6812798571586609 at epoch 165
INFO - 01/27/26 10:39:55 - 0:05:47 - At 166-th epoch with lr 0.000982.
INFO - 01/27/26 10:39:57 - 0:05:49 - Running average train loss is 0.681431052684784 at epoch 166
INFO - 01/27/26 10:39:57 - 0:05:49 - At 167-th epoch with lr 0.000979.
INFO - 01/27/26 10:39:59 - 0:05:51 - Running average train loss is 0.6817356014251709 at epoch 167
INFO - 01/27/26 10:39:59 - 0:05:51 - At 168-th epoch with lr 0.000976.
INFO - 01/27/26 10:40:01 - 0:05:53 - Running average train loss is 0.6821865224838257 at epoch 168
INFO - 01/27/26 10:40:01 - 0:05:53 - At 169-th epoch with lr 0.000973.
INFO - 01/27/26 10:40:04 - 0:05:55 - Running average train loss is 0.6799799513816833 at epoch 169
INFO - 01/27/26 10:40:04 - 0:05:55 - At 170-th epoch with lr 0.000970.
INFO - 01/27/26 10:40:06 - 0:05:57 - Running average train loss is 0.6809093546867371 at epoch 170
INFO - 01/27/26 10:40:06 - 0:05:57 - At 171-th epoch with lr 0.000967.
INFO - 01/27/26 10:40:08 - 0:06:00 - Running average train loss is 0.6808747935295105 at epoch 171
INFO - 01/27/26 10:40:08 - 0:06:00 - At 172-th epoch with lr 0.000964.
INFO - 01/27/26 10:40:10 - 0:06:02 - Running average train loss is 0.6798002099990845 at epoch 172
INFO - 01/27/26 10:40:10 - 0:06:02 - At 173-th epoch with lr 0.000962.
INFO - 01/27/26 10:40:12 - 0:06:04 - Running average train loss is 0.6790514159202575 at epoch 173
INFO - 01/27/26 10:40:12 - 0:06:04 - At 174-th epoch with lr 0.000959.
INFO - 01/27/26 10:40:14 - 0:06:06 - Running average train loss is 0.6802029395103455 at epoch 174
INFO - 01/27/26 10:40:14 - 0:06:06 - At 175-th epoch with lr 0.000956.
INFO - 01/27/26 10:40:16 - 0:06:08 - Running average train loss is 0.680433394908905 at epoch 175
INFO - 01/27/26 10:40:16 - 0:06:08 - At 176-th epoch with lr 0.000953.
INFO - 01/27/26 10:40:18 - 0:06:10 - Running average train loss is 0.6805836629867553 at epoch 176
INFO - 01/27/26 10:40:18 - 0:06:10 - Average dev loss is 0.8294657071431478 at epoch 176
INFO - 01/27/26 10:40:19 - 0:06:11 - dev accuracy is 75.8 at epoch 176
INFO - 01/27/26 10:40:19 - 0:06:11 - dev average edit distance is 0.433 at epoch 176
INFO - 01/27/26 10:40:19 - 0:06:11 - At 177-th epoch with lr 0.000951.
INFO - 01/27/26 10:40:21 - 0:06:13 - Running average train loss is 0.6786621546745301 at epoch 177
INFO - 01/27/26 10:40:21 - 0:06:13 - At 178-th epoch with lr 0.000948.
INFO - 01/27/26 10:40:23 - 0:06:15 - Running average train loss is 0.6773540782928467 at epoch 178
INFO - 01/27/26 10:40:23 - 0:06:15 - At 179-th epoch with lr 0.000945.
INFO - 01/27/26 10:40:25 - 0:06:17 - Running average train loss is 0.6792289519309997 at epoch 179
INFO - 01/27/26 10:40:25 - 0:06:17 - At 180-th epoch with lr 0.000943.
INFO - 01/27/26 10:40:27 - 0:06:19 - Running average train loss is 0.6787025785446167 at epoch 180
INFO - 01/27/26 10:40:27 - 0:06:19 - At 181-th epoch with lr 0.000940.
INFO - 01/27/26 10:40:29 - 0:06:21 - Running average train loss is 0.679001760482788 at epoch 181
INFO - 01/27/26 10:40:29 - 0:06:21 - At 182-th epoch with lr 0.000938.
INFO - 01/27/26 10:40:31 - 0:06:23 - Running average train loss is 0.6769945788383483 at epoch 182
INFO - 01/27/26 10:40:31 - 0:06:23 - At 183-th epoch with lr 0.000935.
INFO - 01/27/26 10:40:33 - 0:06:25 - Running average train loss is 0.6774745297431946 at epoch 183
INFO - 01/27/26 10:40:33 - 0:06:25 - At 184-th epoch with lr 0.000933.
INFO - 01/27/26 10:40:35 - 0:06:27 - Running average train loss is 0.6768698883056641 at epoch 184
INFO - 01/27/26 10:40:35 - 0:06:27 - At 185-th epoch with lr 0.000930.
INFO - 01/27/26 10:40:37 - 0:06:29 - Running average train loss is 0.6756002449989319 at epoch 185
INFO - 01/27/26 10:40:37 - 0:06:29 - At 186-th epoch with lr 0.000927.
INFO - 01/27/26 10:40:39 - 0:06:31 - Running average train loss is 0.676121609210968 at epoch 186
INFO - 01/27/26 10:40:39 - 0:06:31 - At 187-th epoch with lr 0.000925.
INFO - 01/27/26 10:40:41 - 0:06:33 - Running average train loss is 0.6775424003601074 at epoch 187
INFO - 01/27/26 10:40:41 - 0:06:33 - At 188-th epoch with lr 0.000923.
INFO - 01/27/26 10:40:43 - 0:06:35 - Running average train loss is 0.679077639579773 at epoch 188
INFO - 01/27/26 10:40:43 - 0:06:35 - At 189-th epoch with lr 0.000920.
INFO - 01/27/26 10:40:45 - 0:06:37 - Running average train loss is 0.6770935678482055 at epoch 189
INFO - 01/27/26 10:40:45 - 0:06:37 - At 190-th epoch with lr 0.000918.
INFO - 01/27/26 10:40:47 - 0:06:39 - Running average train loss is 0.6788772058486938 at epoch 190
INFO - 01/27/26 10:40:47 - 0:06:39 - At 191-th epoch with lr 0.000915.
INFO - 01/27/26 10:40:50 - 0:06:41 - Running average train loss is 0.6776715254783631 at epoch 191
INFO - 01/27/26 10:40:50 - 0:06:41 - At 192-th epoch with lr 0.000913.
INFO - 01/27/26 10:40:52 - 0:06:43 - Running average train loss is 0.6756406140327453 at epoch 192
INFO - 01/27/26 10:40:52 - 0:06:43 - Average dev loss is 0.8348109920819601 at epoch 192
INFO - 01/27/26 10:40:52 - 0:06:44 - dev accuracy is 69.5 at epoch 192
INFO - 01/27/26 10:40:52 - 0:06:44 - dev average edit distance is 0.589 at epoch 192
INFO - 01/27/26 10:40:52 - 0:06:44 - At 193-th epoch with lr 0.000911.
INFO - 01/27/26 10:40:54 - 0:06:46 - Running average train loss is 0.676796395778656 at epoch 193
INFO - 01/27/26 10:40:54 - 0:06:46 - At 194-th epoch with lr 0.000908.
INFO - 01/27/26 10:40:56 - 0:06:48 - Running average train loss is 0.6778177833557129 at epoch 194
INFO - 01/27/26 10:40:56 - 0:06:48 - At 195-th epoch with lr 0.000906.
INFO - 01/27/26 10:40:59 - 0:06:50 - Running average train loss is 0.6750658679008484 at epoch 195
INFO - 01/27/26 10:40:59 - 0:06:50 - At 196-th epoch with lr 0.000904.
INFO - 01/27/26 10:41:01 - 0:06:52 - Running average train loss is 0.6764944314956665 at epoch 196
INFO - 01/27/26 10:41:01 - 0:06:52 - At 197-th epoch with lr 0.000901.
INFO - 01/27/26 10:41:02 - 0:06:54 - Running average train loss is 0.6764546942710876 at epoch 197
INFO - 01/27/26 10:41:02 - 0:06:54 - At 198-th epoch with lr 0.000899.
INFO - 01/27/26 10:41:04 - 0:06:56 - Running average train loss is 0.6736623454093933 at epoch 198
INFO - 01/27/26 10:41:04 - 0:06:56 - At 199-th epoch with lr 0.000897.
INFO - 01/27/26 10:41:06 - 0:06:58 - Running average train loss is 0.6750623440742493 at epoch 199
INFO - 01/27/26 10:41:06 - 0:06:58 - At 200-th epoch with lr 0.000894.
INFO - 01/27/26 10:41:09 - 0:07:00 - Running average train loss is 0.6750805735588074 at epoch 200
INFO - 01/27/26 10:41:09 - 0:07:00 - At 201-th epoch with lr 0.000892.
INFO - 01/27/26 10:41:11 - 0:07:03 - Running average train loss is 0.6754263806343078 at epoch 201
INFO - 01/27/26 10:41:11 - 0:07:03 - At 202-th epoch with lr 0.000890.
INFO - 01/27/26 10:41:13 - 0:07:05 - Running average train loss is 0.6759805011749268 at epoch 202
INFO - 01/27/26 10:41:13 - 0:07:05 - At 203-th epoch with lr 0.000888.
INFO - 01/27/26 10:41:15 - 0:07:07 - Running average train loss is 0.673681333065033 at epoch 203
INFO - 01/27/26 10:41:15 - 0:07:07 - At 204-th epoch with lr 0.000886.
INFO - 01/27/26 10:41:17 - 0:07:09 - Running average train loss is 0.6742952275276184 at epoch 204
INFO - 01/27/26 10:41:17 - 0:07:09 - At 205-th epoch with lr 0.000883.
INFO - 01/27/26 10:41:19 - 0:07:11 - Running average train loss is 0.6751186490058899 at epoch 205
INFO - 01/27/26 10:41:19 - 0:07:11 - At 206-th epoch with lr 0.000881.
INFO - 01/27/26 10:41:21 - 0:07:13 - Running average train loss is 0.6755284714698792 at epoch 206
INFO - 01/27/26 10:41:21 - 0:07:13 - At 207-th epoch with lr 0.000879.
INFO - 01/27/26 10:41:23 - 0:07:15 - Running average train loss is 0.6733751177787781 at epoch 207
INFO - 01/27/26 10:41:23 - 0:07:15 - At 208-th epoch with lr 0.000877.
INFO - 01/27/26 10:41:25 - 0:07:17 - Running average train loss is 0.6724220991134644 at epoch 208
INFO - 01/27/26 10:41:25 - 0:07:17 - Average dev loss is 0.8238902886708578 at epoch 208
INFO - 01/27/26 10:41:26 - 0:07:18 - dev accuracy is 76.4 at epoch 208
INFO - 01/27/26 10:41:26 - 0:07:18 - dev average edit distance is 0.442 at epoch 208
INFO - 01/27/26 10:41:26 - 0:07:18 - At 209-th epoch with lr 0.000875.
INFO - 01/27/26 10:41:28 - 0:07:20 - Running average train loss is 0.6729273915290832 at epoch 209
INFO - 01/27/26 10:41:28 - 0:07:20 - At 210-th epoch with lr 0.000873.
INFO - 01/27/26 10:41:31 - 0:07:22 - Running average train loss is 0.6733868765830994 at epoch 210
INFO - 01/27/26 10:41:31 - 0:07:22 - At 211-th epoch with lr 0.000871.
INFO - 01/27/26 10:41:33 - 0:07:25 - Running average train loss is 0.6726881432533264 at epoch 211
INFO - 01/27/26 10:41:33 - 0:07:25 - At 212-th epoch with lr 0.000869.
INFO - 01/27/26 10:41:35 - 0:07:27 - Running average train loss is 0.6739653635025025 at epoch 212
INFO - 01/27/26 10:41:35 - 0:07:27 - At 213-th epoch with lr 0.000867.
INFO - 01/27/26 10:41:37 - 0:07:29 - Running average train loss is 0.674208767414093 at epoch 213
INFO - 01/27/26 10:41:37 - 0:07:29 - At 214-th epoch with lr 0.000865.
INFO - 01/27/26 10:41:39 - 0:07:31 - Running average train loss is 0.6743044257164001 at epoch 214
INFO - 01/27/26 10:41:39 - 0:07:31 - At 215-th epoch with lr 0.000863.
INFO - 01/27/26 10:41:41 - 0:07:33 - Running average train loss is 0.6735399055480957 at epoch 215
INFO - 01/27/26 10:41:41 - 0:07:33 - At 216-th epoch with lr 0.000861.
INFO - 01/27/26 10:41:43 - 0:07:35 - Running average train loss is 0.673216233253479 at epoch 216
INFO - 01/27/26 10:41:43 - 0:07:35 - At 217-th epoch with lr 0.000859.
INFO - 01/27/26 10:41:45 - 0:07:37 - Running average train loss is 0.6729757785797119 at epoch 217
INFO - 01/27/26 10:41:45 - 0:07:37 - At 218-th epoch with lr 0.000857.
INFO - 01/27/26 10:41:47 - 0:07:39 - Running average train loss is 0.6732710719108581 at epoch 218
INFO - 01/27/26 10:41:47 - 0:07:39 - At 219-th epoch with lr 0.000855.
INFO - 01/27/26 10:41:49 - 0:07:41 - Running average train loss is 0.6730929756164551 at epoch 219
INFO - 01/27/26 10:41:49 - 0:07:41 - At 220-th epoch with lr 0.000853.
INFO - 01/27/26 10:41:51 - 0:07:43 - Running average train loss is 0.6730019450187683 at epoch 220
INFO - 01/27/26 10:41:51 - 0:07:43 - At 221-th epoch with lr 0.000851.
INFO - 01/27/26 10:41:53 - 0:07:45 - Running average train loss is 0.6732632637023925 at epoch 221
INFO - 01/27/26 10:41:53 - 0:07:45 - At 222-th epoch with lr 0.000849.
INFO - 01/27/26 10:41:55 - 0:07:47 - Running average train loss is 0.671334626674652 at epoch 222
INFO - 01/27/26 10:41:55 - 0:07:47 - At 223-th epoch with lr 0.000847.
INFO - 01/27/26 10:41:57 - 0:07:49 - Running average train loss is 0.6726785778999329 at epoch 223
INFO - 01/27/26 10:41:57 - 0:07:49 - At 224-th epoch with lr 0.000845.
INFO - 01/27/26 10:41:59 - 0:07:51 - Running average train loss is 0.6728077673912048 at epoch 224
INFO - 01/27/26 10:41:59 - 0:07:51 - Average dev loss is 0.8340682983398438 at epoch 224
INFO - 01/27/26 10:41:59 - 0:07:51 - dev accuracy is 76.4 at epoch 224
INFO - 01/27/26 10:41:59 - 0:07:51 - dev average edit distance is 0.444 at epoch 224
INFO - 01/27/26 10:41:59 - 0:07:51 - At 225-th epoch with lr 0.000843.
INFO - 01/27/26 10:42:02 - 0:07:53 - Running average train loss is 0.6722150373458863 at epoch 225
INFO - 01/27/26 10:42:02 - 0:07:53 - At 226-th epoch with lr 0.000841.
INFO - 01/27/26 10:42:04 - 0:07:56 - Running average train loss is 0.6729312944412231 at epoch 226
INFO - 01/27/26 10:42:04 - 0:07:56 - At 227-th epoch with lr 0.000840.
INFO - 01/27/26 10:42:06 - 0:07:58 - Running average train loss is 0.6729736590385437 at epoch 227
INFO - 01/27/26 10:42:06 - 0:07:58 - At 228-th epoch with lr 0.000838.
INFO - 01/27/26 10:42:08 - 0:08:00 - Running average train loss is 0.6725146007537842 at epoch 228
INFO - 01/27/26 10:42:08 - 0:08:00 - At 229-th epoch with lr 0.000836.
INFO - 01/27/26 10:42:10 - 0:08:02 - Running average train loss is 0.6724372863769531 at epoch 229
INFO - 01/27/26 10:42:10 - 0:08:02 - At 230-th epoch with lr 0.000834.
INFO - 01/27/26 10:42:12 - 0:08:03 - Running average train loss is 0.6718266916275024 at epoch 230
INFO - 01/27/26 10:42:12 - 0:08:03 - At 231-th epoch with lr 0.000832.
INFO - 01/27/26 10:42:14 - 0:08:05 - Running average train loss is 0.670987663269043 at epoch 231
INFO - 01/27/26 10:42:14 - 0:08:05 - At 232-th epoch with lr 0.000830.
INFO - 01/27/26 10:42:16 - 0:08:07 - Running average train loss is 0.670998957157135 at epoch 232
INFO - 01/27/26 10:42:16 - 0:08:07 - At 233-th epoch with lr 0.000829.
INFO - 01/27/26 10:42:17 - 0:08:09 - Running average train loss is 0.6713659000396729 at epoch 233
INFO - 01/27/26 10:42:17 - 0:08:09 - At 234-th epoch with lr 0.000827.
INFO - 01/27/26 10:42:19 - 0:08:11 - Running average train loss is 0.6722318935394287 at epoch 234
INFO - 01/27/26 10:42:19 - 0:08:11 - At 235-th epoch with lr 0.000825.
INFO - 01/27/26 10:42:21 - 0:08:13 - Running average train loss is 0.67222487449646 at epoch 235
INFO - 01/27/26 10:42:21 - 0:08:13 - At 236-th epoch with lr 0.000823.
INFO - 01/27/26 10:42:23 - 0:08:15 - Running average train loss is 0.6723707914352417 at epoch 236
INFO - 01/27/26 10:42:23 - 0:08:15 - At 237-th epoch with lr 0.000822.
INFO - 01/27/26 10:42:25 - 0:08:17 - Running average train loss is 0.672234320640564 at epoch 237
INFO - 01/27/26 10:42:25 - 0:08:17 - At 238-th epoch with lr 0.000820.
INFO - 01/27/26 10:42:27 - 0:08:19 - Running average train loss is 0.6714445996284485 at epoch 238
INFO - 01/27/26 10:42:27 - 0:08:19 - At 239-th epoch with lr 0.000818.
INFO - 01/27/26 10:42:29 - 0:08:21 - Running average train loss is 0.6714010953903198 at epoch 239
INFO - 01/27/26 10:42:29 - 0:08:21 - At 240-th epoch with lr 0.000816.
INFO - 01/27/26 10:42:31 - 0:08:23 - Running average train loss is 0.671254391670227 at epoch 240
INFO - 01/27/26 10:42:31 - 0:08:23 - Average dev loss is 0.8483566244443258 at epoch 240
INFO - 01/27/26 10:42:32 - 0:08:23 - dev accuracy is 72.7 at epoch 240
INFO - 01/27/26 10:42:32 - 0:08:23 - dev average edit distance is 0.497 at epoch 240
INFO - 01/27/26 10:42:32 - 0:08:24 - At 241-th epoch with lr 0.000815.
INFO - 01/27/26 10:42:34 - 0:08:25 - Running average train loss is 0.6709796261787414 at epoch 241
INFO - 01/27/26 10:42:34 - 0:08:25 - At 242-th epoch with lr 0.000813.
INFO - 01/27/26 10:42:36 - 0:08:27 - Running average train loss is 0.6715056824684144 at epoch 242
INFO - 01/27/26 10:42:36 - 0:08:27 - At 243-th epoch with lr 0.000811.
INFO - 01/27/26 10:42:38 - 0:08:29 - Running average train loss is 0.6706772446632385 at epoch 243
INFO - 01/27/26 10:42:38 - 0:08:29 - At 244-th epoch with lr 0.000810.
INFO - 01/27/26 10:42:39 - 0:08:31 - Running average train loss is 0.6702824234962463 at epoch 244
INFO - 01/27/26 10:42:39 - 0:08:31 - At 245-th epoch with lr 0.000808.
INFO - 01/27/26 10:42:41 - 0:08:33 - Running average train loss is 0.6698217678070069 at epoch 245
INFO - 01/27/26 10:42:41 - 0:08:33 - At 246-th epoch with lr 0.000806.
INFO - 01/27/26 10:42:43 - 0:08:35 - Running average train loss is 0.670677719116211 at epoch 246
INFO - 01/27/26 10:42:43 - 0:08:35 - At 247-th epoch with lr 0.000805.
INFO - 01/27/26 10:42:45 - 0:08:37 - Running average train loss is 0.6702219939231873 at epoch 247
INFO - 01/27/26 10:42:45 - 0:08:37 - At 248-th epoch with lr 0.000803.
INFO - 01/27/26 10:42:47 - 0:08:39 - Running average train loss is 0.6706849122047425 at epoch 248
INFO - 01/27/26 10:42:47 - 0:08:39 - At 249-th epoch with lr 0.000802.
INFO - 01/27/26 10:42:49 - 0:08:41 - Running average train loss is 0.6694194293022155 at epoch 249
INFO - 01/27/26 10:42:49 - 0:08:41 - At 250-th epoch with lr 0.000800.
INFO - 01/27/26 10:42:51 - 0:08:43 - Running average train loss is 0.6708601427078247 at epoch 250
INFO - 01/27/26 10:42:51 - 0:08:43 - At 251-th epoch with lr 0.000798.
INFO - 01/27/26 10:42:53 - 0:08:45 - Running average train loss is 0.6706792545318604 at epoch 251
INFO - 01/27/26 10:42:53 - 0:08:45 - At 252-th epoch with lr 0.000797.
INFO - 01/27/26 10:42:55 - 0:08:47 - Running average train loss is 0.6699466323852539 at epoch 252
INFO - 01/27/26 10:42:55 - 0:08:47 - At 253-th epoch with lr 0.000795.
INFO - 01/27/26 10:42:57 - 0:08:49 - Running average train loss is 0.6712109589576721 at epoch 253
INFO - 01/27/26 10:42:57 - 0:08:49 - At 254-th epoch with lr 0.000794.
INFO - 01/27/26 10:42:59 - 0:08:50 - Running average train loss is 0.671013605594635 at epoch 254
INFO - 01/27/26 10:42:59 - 0:08:50 - At 255-th epoch with lr 0.000792.
INFO - 01/27/26 10:43:01 - 0:08:52 - Running average train loss is 0.6701048278808593 at epoch 255
INFO - 01/27/26 10:43:01 - 0:08:52 - At 256-th epoch with lr 0.000791.
INFO - 01/27/26 10:43:03 - 0:08:54 - Running average train loss is 0.6694047570228576 at epoch 256
INFO - 01/27/26 10:43:03 - 0:08:54 - Average dev loss is 0.8298670053482056 at epoch 256
INFO - 01/27/26 10:43:03 - 0:08:55 - dev accuracy is 76.6 at epoch 256
INFO - 01/27/26 10:43:03 - 0:08:55 - dev average edit distance is 0.421 at epoch 256
INFO - 01/27/26 10:43:03 - 0:08:55 - At 257-th epoch with lr 0.000789.
INFO - 01/27/26 10:43:05 - 0:08:57 - Running average train loss is 0.6713114285469055 at epoch 257
INFO - 01/27/26 10:43:05 - 0:08:57 - At 258-th epoch with lr 0.000787.
INFO - 01/27/26 10:43:07 - 0:08:59 - Running average train loss is 0.6701117777824401 at epoch 258
INFO - 01/27/26 10:43:07 - 0:08:59 - At 259-th epoch with lr 0.000786.
INFO - 01/27/26 10:43:09 - 0:09:01 - Running average train loss is 0.6690294742584229 at epoch 259
INFO - 01/27/26 10:43:09 - 0:09:01 - At 260-th epoch with lr 0.000784.
INFO - 01/27/26 10:43:11 - 0:09:03 - Running average train loss is 0.6698504734039307 at epoch 260
INFO - 01/27/26 10:43:11 - 0:09:03 - At 261-th epoch with lr 0.000783.
INFO - 01/27/26 10:43:13 - 0:09:05 - Running average train loss is 0.6695974826812744 at epoch 261
INFO - 01/27/26 10:43:13 - 0:09:05 - At 262-th epoch with lr 0.000781.
INFO - 01/27/26 10:43:15 - 0:09:07 - Running average train loss is 0.6695451188087463 at epoch 262
INFO - 01/27/26 10:43:15 - 0:09:07 - At 263-th epoch with lr 0.000780.
INFO - 01/27/26 10:43:17 - 0:09:09 - Running average train loss is 0.6693683576583862 at epoch 263
INFO - 01/27/26 10:43:17 - 0:09:09 - At 264-th epoch with lr 0.000778.
INFO - 01/27/26 10:43:19 - 0:09:11 - Running average train loss is 0.6698830151557922 at epoch 264
INFO - 01/27/26 10:43:19 - 0:09:11 - At 265-th epoch with lr 0.000777.
INFO - 01/27/26 10:43:21 - 0:09:12 - Running average train loss is 0.6691731023788452 at epoch 265
INFO - 01/27/26 10:43:21 - 0:09:12 - At 266-th epoch with lr 0.000776.
INFO - 01/27/26 10:43:23 - 0:09:14 - Running average train loss is 0.6702807641029358 at epoch 266
INFO - 01/27/26 10:43:23 - 0:09:14 - At 267-th epoch with lr 0.000774.
INFO - 01/27/26 10:43:25 - 0:09:16 - Running average train loss is 0.6689310073852539 at epoch 267
INFO - 01/27/26 10:43:25 - 0:09:16 - At 268-th epoch with lr 0.000773.
INFO - 01/27/26 10:43:27 - 0:09:18 - Running average train loss is 0.669458179473877 at epoch 268
INFO - 01/27/26 10:43:27 - 0:09:18 - At 269-th epoch with lr 0.000771.
INFO - 01/27/26 10:43:28 - 0:09:20 - Running average train loss is 0.6693246912956238 at epoch 269
INFO - 01/27/26 10:43:28 - 0:09:20 - At 270-th epoch with lr 0.000770.
INFO - 01/27/26 10:43:30 - 0:09:22 - Running average train loss is 0.6695583701133728 at epoch 270
INFO - 01/27/26 10:43:30 - 0:09:22 - At 271-th epoch with lr 0.000768.
INFO - 01/27/26 10:43:32 - 0:09:24 - Running average train loss is 0.6692175531387329 at epoch 271
INFO - 01/27/26 10:43:32 - 0:09:24 - At 272-th epoch with lr 0.000767.
INFO - 01/27/26 10:43:34 - 0:09:26 - Running average train loss is 0.6685715413093567 at epoch 272
INFO - 01/27/26 10:43:34 - 0:09:26 - Average dev loss is 0.843172033627828 at epoch 272
INFO - 01/27/26 10:43:35 - 0:09:27 - dev accuracy is 75.1 at epoch 272
INFO - 01/27/26 10:43:35 - 0:09:27 - dev average edit distance is 0.572 at epoch 272
INFO - 01/27/26 10:43:35 - 0:09:27 - At 273-th epoch with lr 0.000766.
INFO - 01/27/26 10:43:37 - 0:09:29 - Running average train loss is 0.669249017238617 at epoch 273
INFO - 01/27/26 10:43:37 - 0:09:29 - At 274-th epoch with lr 0.000764.
INFO - 01/27/26 10:43:39 - 0:09:31 - Running average train loss is 0.6690726852416993 at epoch 274
INFO - 01/27/26 10:43:39 - 0:09:31 - At 275-th epoch with lr 0.000763.
INFO - 01/27/26 10:43:41 - 0:09:33 - Running average train loss is 0.6691315150260926 at epoch 275
INFO - 01/27/26 10:43:41 - 0:09:33 - At 276-th epoch with lr 0.000761.
INFO - 01/27/26 10:43:43 - 0:09:35 - Running average train loss is 0.6696743798255921 at epoch 276
INFO - 01/27/26 10:43:43 - 0:09:35 - At 277-th epoch with lr 0.000760.
INFO - 01/27/26 10:43:45 - 0:09:37 - Running average train loss is 0.6690909552574158 at epoch 277
INFO - 01/27/26 10:43:45 - 0:09:37 - At 278-th epoch with lr 0.000759.
INFO - 01/27/26 10:43:47 - 0:09:39 - Running average train loss is 0.6689410400390625 at epoch 278
INFO - 01/27/26 10:43:47 - 0:09:39 - At 279-th epoch with lr 0.000757.
INFO - 01/27/26 10:43:49 - 0:09:40 - Running average train loss is 0.6682393598556519 at epoch 279
INFO - 01/27/26 10:43:49 - 0:09:40 - At 280-th epoch with lr 0.000756.
INFO - 01/27/26 10:43:51 - 0:09:42 - Running average train loss is 0.6677437949180604 at epoch 280
INFO - 01/27/26 10:43:51 - 0:09:42 - At 281-th epoch with lr 0.000755.
INFO - 01/27/26 10:43:53 - 0:09:44 - Running average train loss is 0.6683631944656372 at epoch 281
INFO - 01/27/26 10:43:53 - 0:09:44 - At 282-th epoch with lr 0.000753.
INFO - 01/27/26 10:43:54 - 0:09:46 - Running average train loss is 0.668014018535614 at epoch 282
INFO - 01/27/26 10:43:54 - 0:09:46 - At 283-th epoch with lr 0.000752.
INFO - 01/27/26 10:43:56 - 0:09:48 - Running average train loss is 0.6696717548370361 at epoch 283
INFO - 01/27/26 10:43:56 - 0:09:48 - At 284-th epoch with lr 0.000751.
INFO - 01/27/26 10:43:58 - 0:09:50 - Running average train loss is 0.6692423129081726 at epoch 284
INFO - 01/27/26 10:43:58 - 0:09:50 - At 285-th epoch with lr 0.000749.
INFO - 01/27/26 10:44:00 - 0:09:52 - Running average train loss is 0.6687215399742127 at epoch 285
INFO - 01/27/26 10:44:00 - 0:09:52 - At 286-th epoch with lr 0.000748.
INFO - 01/27/26 10:44:02 - 0:09:54 - Running average train loss is 0.6688696002960205 at epoch 286
INFO - 01/27/26 10:44:02 - 0:09:54 - At 287-th epoch with lr 0.000747.
INFO - 01/27/26 10:44:04 - 0:09:56 - Running average train loss is 0.66772390127182 at epoch 287
INFO - 01/27/26 10:44:04 - 0:09:56 - At 288-th epoch with lr 0.000745.
INFO - 01/27/26 10:44:06 - 0:09:58 - Running average train loss is 0.6681021976470948 at epoch 288
INFO - 01/27/26 10:44:06 - 0:09:58 - Average dev loss is 0.8243119517962137 at epoch 288
INFO - 01/27/26 10:44:07 - 0:09:59 - dev accuracy is 76.6 at epoch 288
INFO - 01/27/26 10:44:07 - 0:09:59 - dev average edit distance is 0.424 at epoch 288
INFO - 01/27/26 10:44:07 - 0:09:59 - At 289-th epoch with lr 0.000744.
INFO - 01/27/26 10:44:09 - 0:10:01 - Running average train loss is 0.6684625911712646 at epoch 289
INFO - 01/27/26 10:44:09 - 0:10:01 - At 290-th epoch with lr 0.000743.
INFO - 01/27/26 10:44:11 - 0:10:03 - Running average train loss is 0.6687136054039001 at epoch 290
INFO - 01/27/26 10:44:11 - 0:10:03 - At 291-th epoch with lr 0.000742.
INFO - 01/27/26 10:44:13 - 0:10:04 - Running average train loss is 0.667998423576355 at epoch 291
INFO - 01/27/26 10:44:13 - 0:10:04 - At 292-th epoch with lr 0.000740.
INFO - 01/27/26 10:44:15 - 0:10:06 - Running average train loss is 0.6671716976165771 at epoch 292
INFO - 01/27/26 10:44:15 - 0:10:06 - At 293-th epoch with lr 0.000739.
INFO - 01/27/26 10:44:17 - 0:10:08 - Running average train loss is 0.66781569480896 at epoch 293
INFO - 01/27/26 10:44:17 - 0:10:08 - At 294-th epoch with lr 0.000738.
INFO - 01/27/26 10:44:18 - 0:10:10 - Running average train loss is 0.6680097150802612 at epoch 294
INFO - 01/27/26 10:44:18 - 0:10:10 - At 295-th epoch with lr 0.000736.
INFO - 01/27/26 10:44:20 - 0:10:12 - Running average train loss is 0.6676353597640992 at epoch 295
INFO - 01/27/26 10:44:20 - 0:10:12 - At 296-th epoch with lr 0.000735.
INFO - 01/27/26 10:44:22 - 0:10:14 - Running average train loss is 0.6680231595039368 at epoch 296
INFO - 01/27/26 10:44:22 - 0:10:14 - At 297-th epoch with lr 0.000734.
INFO - 01/27/26 10:44:24 - 0:10:16 - Running average train loss is 0.6680085325241089 at epoch 297
INFO - 01/27/26 10:44:24 - 0:10:16 - At 298-th epoch with lr 0.000733.
INFO - 01/27/26 10:44:26 - 0:10:18 - Running average train loss is 0.667465271949768 at epoch 298
INFO - 01/27/26 10:44:26 - 0:10:18 - At 299-th epoch with lr 0.000732.
INFO - 01/27/26 10:44:28 - 0:10:20 - Running average train loss is 0.6676040863990784 at epoch 299
INFO - 01/27/26 10:44:28 - 0:10:20 - At 300-th epoch with lr 0.000730.
INFO - 01/27/26 10:44:30 - 0:10:22 - Running average train loss is 0.6674146461486816 at epoch 300
INFO - 01/27/26 10:44:30 - 0:10:22 - At 301-th epoch with lr 0.000729.
INFO - 01/27/26 10:44:32 - 0:10:24 - Running average train loss is 0.6675850081443787 at epoch 301
INFO - 01/27/26 10:44:32 - 0:10:24 - At 302-th epoch with lr 0.000728.
INFO - 01/27/26 10:44:34 - 0:10:26 - Running average train loss is 0.6662994313240052 at epoch 302
INFO - 01/27/26 10:44:34 - 0:10:26 - At 303-th epoch with lr 0.000727.
INFO - 01/27/26 10:44:36 - 0:10:28 - Running average train loss is 0.6669217801094055 at epoch 303
INFO - 01/27/26 10:44:36 - 0:10:28 - At 304-th epoch with lr 0.000725.
INFO - 01/27/26 10:44:38 - 0:10:30 - Running average train loss is 0.6675952196121215 at epoch 304
INFO - 01/27/26 10:44:38 - 0:10:30 - Average dev loss is 0.8616226116816202 at epoch 304
INFO - 01/27/26 10:44:38 - 0:10:30 - dev accuracy is 72.5 at epoch 304
INFO - 01/27/26 10:44:38 - 0:10:30 - dev average edit distance is 0.513 at epoch 304
INFO - 01/27/26 10:44:39 - 0:10:30 - At 305-th epoch with lr 0.000724.
INFO - 01/27/26 10:44:41 - 0:10:32 - Running average train loss is 0.6678730821609498 at epoch 305
INFO - 01/27/26 10:44:41 - 0:10:32 - At 306-th epoch with lr 0.000723.
INFO - 01/27/26 10:44:43 - 0:10:34 - Running average train loss is 0.6675672411918641 at epoch 306
INFO - 01/27/26 10:44:43 - 0:10:34 - At 307-th epoch with lr 0.000722.
INFO - 01/27/26 10:44:44 - 0:10:36 - Running average train loss is 0.6677941656112671 at epoch 307
INFO - 01/27/26 10:44:44 - 0:10:36 - At 308-th epoch with lr 0.000721.
INFO - 01/27/26 10:44:46 - 0:10:38 - Running average train loss is 0.6684715557098388 at epoch 308
INFO - 01/27/26 10:44:46 - 0:10:38 - At 309-th epoch with lr 0.000720.
INFO - 01/27/26 10:44:48 - 0:10:40 - Running average train loss is 0.6674028897285461 at epoch 309
INFO - 01/27/26 10:44:48 - 0:10:40 - At 310-th epoch with lr 0.000718.
INFO - 01/27/26 10:44:50 - 0:10:42 - Running average train loss is 0.6673612070083618 at epoch 310
INFO - 01/27/26 10:44:50 - 0:10:42 - At 311-th epoch with lr 0.000717.
INFO - 01/27/26 10:44:52 - 0:10:44 - Running average train loss is 0.6673980784416199 at epoch 311
INFO - 01/27/26 10:44:52 - 0:10:44 - At 312-th epoch with lr 0.000716.
INFO - 01/27/26 10:44:54 - 0:10:46 - Running average train loss is 0.667675588130951 at epoch 312
INFO - 01/27/26 10:44:54 - 0:10:46 - At 313-th epoch with lr 0.000715.
INFO - 01/27/26 10:44:56 - 0:10:48 - Running average train loss is 0.6673341298103332 at epoch 313
INFO - 01/27/26 10:44:56 - 0:10:48 - At 314-th epoch with lr 0.000714.
INFO - 01/27/26 10:44:58 - 0:10:50 - Running average train loss is 0.6682663154602051 at epoch 314
INFO - 01/27/26 10:44:58 - 0:10:50 - At 315-th epoch with lr 0.000713.
INFO - 01/27/26 10:45:00 - 0:10:52 - Running average train loss is 0.6682369756698608 at epoch 315
INFO - 01/27/26 10:45:00 - 0:10:52 - At 316-th epoch with lr 0.000712.
INFO - 01/27/26 10:45:02 - 0:10:54 - Running average train loss is 0.6674414300918579 at epoch 316
INFO - 01/27/26 10:45:02 - 0:10:54 - At 317-th epoch with lr 0.000710.
INFO - 01/27/26 10:45:04 - 0:10:56 - Running average train loss is 0.6669033217430115 at epoch 317
INFO - 01/27/26 10:45:04 - 0:10:56 - At 318-th epoch with lr 0.000709.
INFO - 01/27/26 10:45:06 - 0:10:58 - Running average train loss is 0.6659596562385559 at epoch 318
INFO - 01/27/26 10:45:06 - 0:10:58 - At 319-th epoch with lr 0.000708.
INFO - 01/27/26 10:45:08 - 0:10:59 - Running average train loss is 0.667223105430603 at epoch 319
INFO - 01/27/26 10:45:08 - 0:10:59 - At 320-th epoch with lr 0.000707.
INFO - 01/27/26 10:45:10 - 0:11:01 - Running average train loss is 0.6669539165496826 at epoch 320
INFO - 01/27/26 10:45:10 - 0:11:01 - Average dev loss is 0.8302145997683207 at epoch 320
INFO - 01/27/26 10:45:10 - 0:11:02 - dev accuracy is 74.1 at epoch 320
INFO - 01/27/26 10:45:10 - 0:11:02 - dev average edit distance is 0.484 at epoch 320
INFO - 01/27/26 10:45:10 - 0:11:02 - At 321-th epoch with lr 0.000706.
INFO - 01/27/26 10:45:12 - 0:11:04 - Running average train loss is 0.6675726127624512 at epoch 321
INFO - 01/27/26 10:45:12 - 0:11:04 - At 322-th epoch with lr 0.000705.
INFO - 01/27/26 10:45:14 - 0:11:06 - Running average train loss is 0.6673692536354064 at epoch 322
INFO - 01/27/26 10:45:14 - 0:11:06 - At 323-th epoch with lr 0.000704.
INFO - 01/27/26 10:45:16 - 0:11:08 - Running average train loss is 0.6676215887069702 at epoch 323
INFO - 01/27/26 10:45:16 - 0:11:08 - At 324-th epoch with lr 0.000703.
INFO - 01/27/26 10:45:18 - 0:11:10 - Running average train loss is 0.6671832633018494 at epoch 324
INFO - 01/27/26 10:45:18 - 0:11:10 - At 325-th epoch with lr 0.000702.
INFO - 01/27/26 10:45:20 - 0:11:12 - Running average train loss is 0.6675259399414063 at epoch 325
INFO - 01/27/26 10:45:20 - 0:11:12 - At 326-th epoch with lr 0.000701.
INFO - 01/27/26 10:45:22 - 0:11:14 - Running average train loss is 0.6666159200668335 at epoch 326
INFO - 01/27/26 10:45:22 - 0:11:14 - At 327-th epoch with lr 0.000699.
INFO - 01/27/26 10:45:24 - 0:11:16 - Running average train loss is 0.6673679852485657 at epoch 327
INFO - 01/27/26 10:45:24 - 0:11:16 - At 328-th epoch with lr 0.000698.
INFO - 01/27/26 10:45:26 - 0:11:18 - Running average train loss is 0.6663554096221924 at epoch 328
INFO - 01/27/26 10:45:26 - 0:11:18 - At 329-th epoch with lr 0.000697.
INFO - 01/27/26 10:45:28 - 0:11:20 - Running average train loss is 0.6673162484169006 at epoch 329
INFO - 01/27/26 10:45:28 - 0:11:20 - At 330-th epoch with lr 0.000696.
INFO - 01/27/26 10:45:30 - 0:11:22 - Running average train loss is 0.6670408082008362 at epoch 330
INFO - 01/27/26 10:45:30 - 0:11:22 - At 331-th epoch with lr 0.000695.
INFO - 01/27/26 10:45:32 - 0:11:24 - Running average train loss is 0.6669883632659912 at epoch 331
INFO - 01/27/26 10:45:32 - 0:11:24 - At 332-th epoch with lr 0.000694.
INFO - 01/27/26 10:45:34 - 0:11:25 - Running average train loss is 0.6675305390357971 at epoch 332
INFO - 01/27/26 10:45:34 - 0:11:25 - At 333-th epoch with lr 0.000693.
INFO - 01/27/26 10:45:36 - 0:11:27 - Running average train loss is 0.6662195014953614 at epoch 333
INFO - 01/27/26 10:45:36 - 0:11:27 - At 334-th epoch with lr 0.000692.
INFO - 01/27/26 10:45:37 - 0:11:29 - Running average train loss is 0.667167284488678 at epoch 334
INFO - 01/27/26 10:45:37 - 0:11:29 - At 335-th epoch with lr 0.000691.
INFO - 01/27/26 10:45:39 - 0:11:31 - Running average train loss is 0.6660142850875854 at epoch 335
INFO - 01/27/26 10:45:39 - 0:11:31 - At 336-th epoch with lr 0.000690.
INFO - 01/27/26 10:45:41 - 0:11:33 - Running average train loss is 0.6658653044700622 at epoch 336
INFO - 01/27/26 10:45:41 - 0:11:33 - Average dev loss is 0.837980329990387 at epoch 336
INFO - 01/27/26 10:45:42 - 0:11:34 - dev accuracy is 74.7 at epoch 336
INFO - 01/27/26 10:45:42 - 0:11:34 - dev average edit distance is 0.48 at epoch 336
INFO - 01/27/26 10:45:42 - 0:11:34 - At 337-th epoch with lr 0.000689.
INFO - 01/27/26 10:45:44 - 0:11:36 - Running average train loss is 0.6662613916397094 at epoch 337
INFO - 01/27/26 10:45:44 - 0:11:36 - At 338-th epoch with lr 0.000688.
INFO - 01/27/26 10:45:46 - 0:11:38 - Running average train loss is 0.6660236549377442 at epoch 338
INFO - 01/27/26 10:45:46 - 0:11:38 - At 339-th epoch with lr 0.000687.
INFO - 01/27/26 10:45:48 - 0:11:40 - Running average train loss is 0.6663247013092041 at epoch 339
INFO - 01/27/26 10:45:48 - 0:11:40 - At 340-th epoch with lr 0.000686.
INFO - 01/27/26 10:45:50 - 0:11:42 - Running average train loss is 0.6669243144989013 at epoch 340
INFO - 01/27/26 10:45:50 - 0:11:42 - At 341-th epoch with lr 0.000685.
INFO - 01/27/26 10:45:52 - 0:11:44 - Running average train loss is 0.6677563762664795 at epoch 341
INFO - 01/27/26 10:45:52 - 0:11:44 - At 342-th epoch with lr 0.000684.
INFO - 01/27/26 10:45:54 - 0:11:46 - Running average train loss is 0.6664138770103455 at epoch 342
INFO - 01/27/26 10:45:54 - 0:11:46 - At 343-th epoch with lr 0.000683.
INFO - 01/27/26 10:45:56 - 0:11:48 - Running average train loss is 0.6662333679199218 at epoch 343
INFO - 01/27/26 10:45:56 - 0:11:48 - At 344-th epoch with lr 0.000682.
INFO - 01/27/26 10:45:58 - 0:11:49 - Running average train loss is 0.6658057284355163 at epoch 344
INFO - 01/27/26 10:45:58 - 0:11:49 - At 345-th epoch with lr 0.000681.
INFO - 01/27/26 10:46:00 - 0:11:51 - Running average train loss is 0.6658019399642945 at epoch 345
INFO - 01/27/26 10:46:00 - 0:11:51 - At 346-th epoch with lr 0.000680.
INFO - 01/27/26 10:46:01 - 0:11:53 - Running average train loss is 0.6662174487113952 at epoch 346
INFO - 01/27/26 10:46:01 - 0:11:53 - At 347-th epoch with lr 0.000679.
INFO - 01/27/26 10:46:03 - 0:11:55 - Running average train loss is 0.6667946982383728 at epoch 347
INFO - 01/27/26 10:46:03 - 0:11:55 - At 348-th epoch with lr 0.000678.
INFO - 01/27/26 10:46:05 - 0:11:57 - Running average train loss is 0.6659509801864624 at epoch 348
INFO - 01/27/26 10:46:05 - 0:11:57 - At 349-th epoch with lr 0.000677.
INFO - 01/27/26 10:46:07 - 0:11:59 - Running average train loss is 0.6662071347236633 at epoch 349
INFO - 01/27/26 10:46:07 - 0:11:59 - At 350-th epoch with lr 0.000676.
INFO - 01/27/26 10:46:09 - 0:12:01 - Running average train loss is 0.6657129859924317 at epoch 350
INFO - 01/27/26 10:46:09 - 0:12:01 - At 351-th epoch with lr 0.000675.
INFO - 01/27/26 10:46:11 - 0:12:03 - Running average train loss is 0.6663649296760559 at epoch 351
INFO - 01/27/26 10:46:11 - 0:12:03 - At 352-th epoch with lr 0.000674.
INFO - 01/27/26 10:46:13 - 0:12:05 - Running average train loss is 0.6662065696716308 at epoch 352
INFO - 01/27/26 10:46:13 - 0:12:05 - Average dev loss is 0.8427935043970743 at epoch 352
INFO - 01/27/26 10:46:14 - 0:12:06 - dev accuracy is 73.2 at epoch 352
INFO - 01/27/26 10:46:14 - 0:12:06 - dev average edit distance is 0.471 at epoch 352
INFO - 01/27/26 10:46:14 - 0:12:06 - At 353-th epoch with lr 0.000673.
INFO - 01/27/26 10:46:16 - 0:12:08 - Running average train loss is 0.6661218643188477 at epoch 353
INFO - 01/27/26 10:46:16 - 0:12:08 - At 354-th epoch with lr 0.000672.
INFO - 01/27/26 10:46:18 - 0:12:10 - Running average train loss is 0.6665407037734985 at epoch 354
INFO - 01/27/26 10:46:18 - 0:12:10 - At 355-th epoch with lr 0.000671.
INFO - 01/27/26 10:46:20 - 0:12:11 - Running average train loss is 0.6664501023292542 at epoch 355
INFO - 01/27/26 10:46:20 - 0:12:11 - At 356-th epoch with lr 0.000670.
INFO - 01/27/26 10:46:22 - 0:12:13 - Running average train loss is 0.6659275674819947 at epoch 356
INFO - 01/27/26 10:46:22 - 0:12:13 - At 357-th epoch with lr 0.000669.
INFO - 01/27/26 10:46:24 - 0:12:15 - Running average train loss is 0.6655863356590271 at epoch 357
INFO - 01/27/26 10:46:24 - 0:12:15 - At 358-th epoch with lr 0.000669.
INFO - 01/27/26 10:46:26 - 0:12:17 - Running average train loss is 0.6662501430511475 at epoch 358
INFO - 01/27/26 10:46:26 - 0:12:17 - At 359-th epoch with lr 0.000668.
INFO - 01/27/26 10:46:27 - 0:12:19 - Running average train loss is 0.6663771462440491 at epoch 359
INFO - 01/27/26 10:46:27 - 0:12:19 - At 360-th epoch with lr 0.000667.
INFO - 01/27/26 10:46:29 - 0:12:21 - Running average train loss is 0.6660500502586365 at epoch 360
INFO - 01/27/26 10:46:29 - 0:12:21 - At 361-th epoch with lr 0.000666.
INFO - 01/27/26 10:46:31 - 0:12:23 - Running average train loss is 0.6659797215461731 at epoch 361
INFO - 01/27/26 10:46:31 - 0:12:23 - At 362-th epoch with lr 0.000665.
INFO - 01/27/26 10:46:33 - 0:12:25 - Running average train loss is 0.6649799394607544 at epoch 362
INFO - 01/27/26 10:46:33 - 0:12:25 - At 363-th epoch with lr 0.000664.
INFO - 01/27/26 10:46:35 - 0:12:27 - Running average train loss is 0.6654857087135315 at epoch 363
INFO - 01/27/26 10:46:35 - 0:12:27 - At 364-th epoch with lr 0.000663.
INFO - 01/27/26 10:46:37 - 0:12:29 - Running average train loss is 0.6655803298950196 at epoch 364
INFO - 01/27/26 10:46:37 - 0:12:29 - At 365-th epoch with lr 0.000662.
INFO - 01/27/26 10:46:39 - 0:12:31 - Running average train loss is 0.6655141472816467 at epoch 365
INFO - 01/27/26 10:46:39 - 0:12:31 - At 366-th epoch with lr 0.000661.
INFO - 01/27/26 10:46:41 - 0:12:33 - Running average train loss is 0.6651900005340576 at epoch 366
INFO - 01/27/26 10:46:41 - 0:12:33 - At 367-th epoch with lr 0.000660.
INFO - 01/27/26 10:46:43 - 0:12:35 - Running average train loss is 0.6673002910614013 at epoch 367
INFO - 01/27/26 10:46:43 - 0:12:35 - At 368-th epoch with lr 0.000659.
INFO - 01/27/26 10:46:45 - 0:12:37 - Running average train loss is 0.6665840768814086 at epoch 368
INFO - 01/27/26 10:46:45 - 0:12:37 - Average dev loss is 0.8211578925450643 at epoch 368
INFO - 01/27/26 10:46:46 - 0:12:37 - dev accuracy is 72.7 at epoch 368
INFO - 01/27/26 10:46:46 - 0:12:37 - dev average edit distance is 0.555 at epoch 368
INFO - 01/27/26 10:46:46 - 0:12:37 - At 369-th epoch with lr 0.000658.
INFO - 01/27/26 10:46:48 - 0:12:39 - Running average train loss is 0.6664463233947754 at epoch 369
INFO - 01/27/26 10:46:48 - 0:12:39 - At 370-th epoch with lr 0.000658.
INFO - 01/27/26 10:46:50 - 0:12:41 - Running average train loss is 0.6648199510574341 at epoch 370
INFO - 01/27/26 10:46:50 - 0:12:41 - At 371-th epoch with lr 0.000657.
INFO - 01/27/26 10:46:51 - 0:12:43 - Running average train loss is 0.6655865716934204 at epoch 371
INFO - 01/27/26 10:46:51 - 0:12:43 - At 372-th epoch with lr 0.000656.
INFO - 01/27/26 10:46:53 - 0:12:45 - Running average train loss is 0.6652767992019654 at epoch 372
INFO - 01/27/26 10:46:53 - 0:12:45 - At 373-th epoch with lr 0.000655.
INFO - 01/27/26 10:46:55 - 0:12:47 - Running average train loss is 0.665396339893341 at epoch 373
INFO - 01/27/26 10:46:55 - 0:12:47 - At 374-th epoch with lr 0.000654.
INFO - 01/27/26 10:46:57 - 0:12:49 - Running average train loss is 0.6654001331329346 at epoch 374
INFO - 01/27/26 10:46:57 - 0:12:49 - At 375-th epoch with lr 0.000653.
INFO - 01/27/26 10:46:59 - 0:12:51 - Running average train loss is 0.6654279208183289 at epoch 375
INFO - 01/27/26 10:46:59 - 0:12:51 - At 376-th epoch with lr 0.000652.
INFO - 01/27/26 10:47:01 - 0:12:53 - Running average train loss is 0.6657786726951599 at epoch 376
INFO - 01/27/26 10:47:01 - 0:12:53 - At 377-th epoch with lr 0.000651.
INFO - 01/27/26 10:47:03 - 0:12:55 - Running average train loss is 0.6648543000221252 at epoch 377
INFO - 01/27/26 10:47:03 - 0:12:55 - At 378-th epoch with lr 0.000651.
INFO - 01/27/26 10:47:05 - 0:12:57 - Running average train loss is 0.6654672145843505 at epoch 378
INFO - 01/27/26 10:47:05 - 0:12:57 - At 379-th epoch with lr 0.000650.
INFO - 01/27/26 10:47:07 - 0:12:59 - Running average train loss is 0.6660564756393432 at epoch 379
INFO - 01/27/26 10:47:07 - 0:12:59 - At 380-th epoch with lr 0.000649.
INFO - 01/27/26 10:47:09 - 0:13:01 - Running average train loss is 0.6662720656394958 at epoch 380
INFO - 01/27/26 10:47:09 - 0:13:01 - At 381-th epoch with lr 0.000648.
INFO - 01/27/26 10:47:11 - 0:13:03 - Running average train loss is 0.6653460717201233 at epoch 381
INFO - 01/27/26 10:47:11 - 0:13:03 - At 382-th epoch with lr 0.000647.
INFO - 01/27/26 10:47:13 - 0:13:05 - Running average train loss is 0.6653688979148865 at epoch 382
INFO - 01/27/26 10:47:13 - 0:13:05 - At 383-th epoch with lr 0.000646.
INFO - 01/27/26 10:47:15 - 0:13:07 - Running average train loss is 0.6657220697402955 at epoch 383
INFO - 01/27/26 10:47:15 - 0:13:07 - At 384-th epoch with lr 0.000645.
INFO - 01/27/26 10:47:17 - 0:13:08 - Running average train loss is 0.6654781746864319 at epoch 384
INFO - 01/27/26 10:47:17 - 0:13:09 - Average dev loss is 0.8233843048413595 at epoch 384
INFO - 01/27/26 10:47:17 - 0:13:09 - dev accuracy is 74.6 at epoch 384
INFO - 01/27/26 10:47:17 - 0:13:09 - dev average edit distance is 0.471 at epoch 384
INFO - 01/27/26 10:47:17 - 0:13:09 - At 385-th epoch with lr 0.000645.
INFO - 01/27/26 10:47:19 - 0:13:11 - Running average train loss is 0.6656311130523682 at epoch 385
INFO - 01/27/26 10:47:19 - 0:13:11 - At 386-th epoch with lr 0.000644.
INFO - 01/27/26 10:47:21 - 0:13:13 - Running average train loss is 0.6666869568824768 at epoch 386
INFO - 01/27/26 10:47:21 - 0:13:13 - At 387-th epoch with lr 0.000643.
INFO - 01/27/26 10:47:23 - 0:13:15 - Running average train loss is 0.6654747748374938 at epoch 387
INFO - 01/27/26 10:47:23 - 0:13:15 - At 388-th epoch with lr 0.000642.
INFO - 01/27/26 10:47:25 - 0:13:17 - Running average train loss is 0.6655547785758972 at epoch 388
INFO - 01/27/26 10:47:25 - 0:13:17 - At 389-th epoch with lr 0.000641.
INFO - 01/27/26 10:47:27 - 0:13:19 - Running average train loss is 0.6648441052436829 at epoch 389
INFO - 01/27/26 10:47:27 - 0:13:19 - At 390-th epoch with lr 0.000641.
INFO - 01/27/26 10:47:29 - 0:13:21 - Running average train loss is 0.6652050185203552 at epoch 390
INFO - 01/27/26 10:47:29 - 0:13:21 - At 391-th epoch with lr 0.000640.
INFO - 01/27/26 10:47:31 - 0:13:23 - Running average train loss is 0.6652070879936218 at epoch 391
INFO - 01/27/26 10:47:31 - 0:13:23 - At 392-th epoch with lr 0.000639.
INFO - 01/27/26 10:47:33 - 0:13:25 - Running average train loss is 0.6656780433654785 at epoch 392
INFO - 01/27/26 10:47:33 - 0:13:25 - At 393-th epoch with lr 0.000638.
INFO - 01/27/26 10:47:35 - 0:13:27 - Running average train loss is 0.665563702583313 at epoch 393
INFO - 01/27/26 10:47:35 - 0:13:27 - At 394-th epoch with lr 0.000637.
INFO - 01/27/26 10:47:37 - 0:13:29 - Running average train loss is 0.6656623029708862 at epoch 394
INFO - 01/27/26 10:47:37 - 0:13:29 - At 395-th epoch with lr 0.000636.
INFO - 01/27/26 10:47:39 - 0:13:31 - Running average train loss is 0.6647995615005493 at epoch 395
INFO - 01/27/26 10:47:39 - 0:13:31 - At 396-th epoch with lr 0.000636.
INFO - 01/27/26 10:47:41 - 0:13:33 - Running average train loss is 0.6652267169952393 at epoch 396
INFO - 01/27/26 10:47:41 - 0:13:33 - At 397-th epoch with lr 0.000635.
INFO - 01/27/26 10:47:43 - 0:13:35 - Running average train loss is 0.6653229236602783 at epoch 397
INFO - 01/27/26 10:47:43 - 0:13:35 - At 398-th epoch with lr 0.000634.
INFO - 01/27/26 10:47:45 - 0:13:36 - Running average train loss is 0.6653219079971313 at epoch 398
INFO - 01/27/26 10:47:45 - 0:13:36 - At 399-th epoch with lr 0.000633.
INFO - 01/27/26 10:47:47 - 0:13:38 - Running average train loss is 0.665093903541565 at epoch 399
INFO - 01/27/26 10:47:47 - 0:13:38 - At 400-th epoch with lr 0.000632.
INFO - 01/27/26 10:47:49 - 0:13:40 - Running average train loss is 0.6650653123855591 at epoch 400
INFO - 01/27/26 10:47:49 - 0:13:40 - Average dev loss is 0.8469133178393046 at epoch 400
INFO - 01/27/26 10:47:49 - 0:13:41 - dev accuracy is 75.1 at epoch 400
INFO - 01/27/26 10:47:49 - 0:13:41 - dev average edit distance is 0.479 at epoch 400
INFO - 01/27/26 10:47:49 - 0:13:41 - At 401-th epoch with lr 0.000632.
INFO - 01/27/26 10:47:51 - 0:13:43 - Running average train loss is 0.6655172419548034 at epoch 401
INFO - 01/27/26 10:47:51 - 0:13:43 - At 402-th epoch with lr 0.000631.
INFO - 01/27/26 10:47:53 - 0:13:45 - Running average train loss is 0.6650435519218445 at epoch 402
INFO - 01/27/26 10:47:53 - 0:13:45 - At 403-th epoch with lr 0.000630.
INFO - 01/27/26 10:47:55 - 0:13:47 - Running average train loss is 0.6647979998588562 at epoch 403
INFO - 01/27/26 10:47:55 - 0:13:47 - At 404-th epoch with lr 0.000629.
INFO - 01/27/26 10:47:57 - 0:13:49 - Running average train loss is 0.6649129652976989 at epoch 404
INFO - 01/27/26 10:47:57 - 0:13:49 - At 405-th epoch with lr 0.000629.
INFO - 01/27/26 10:47:59 - 0:13:51 - Running average train loss is 0.6645280122756958 at epoch 405
INFO - 01/27/26 10:47:59 - 0:13:51 - At 406-th epoch with lr 0.000628.
INFO - 01/27/26 10:48:01 - 0:13:53 - Running average train loss is 0.6637881970405579 at epoch 406
INFO - 01/27/26 10:48:01 - 0:13:53 - At 407-th epoch with lr 0.000627.
INFO - 01/27/26 10:48:03 - 0:13:55 - Running average train loss is 0.6649042916297913 at epoch 407
INFO - 01/27/26 10:48:03 - 0:13:55 - At 408-th epoch with lr 0.000626.
INFO - 01/27/26 10:48:05 - 0:13:57 - Running average train loss is 0.6656947541236877 at epoch 408
INFO - 01/27/26 10:48:05 - 0:13:57 - At 409-th epoch with lr 0.000625.
INFO - 01/27/26 10:48:07 - 0:13:58 - Running average train loss is 0.664767038822174 at epoch 409
INFO - 01/27/26 10:48:07 - 0:13:58 - At 410-th epoch with lr 0.000625.
INFO - 01/27/26 10:48:09 - 0:14:00 - Running average train loss is 0.6648240947723388 at epoch 410
INFO - 01/27/26 10:48:09 - 0:14:00 - At 411-th epoch with lr 0.000624.
INFO - 01/27/26 10:48:11 - 0:14:02 - Running average train loss is 0.6644640326499939 at epoch 411
INFO - 01/27/26 10:48:11 - 0:14:02 - At 412-th epoch with lr 0.000623.
INFO - 01/27/26 10:48:12 - 0:14:04 - Running average train loss is 0.6641986989974975 at epoch 412
INFO - 01/27/26 10:48:12 - 0:14:04 - At 413-th epoch with lr 0.000622.
INFO - 01/27/26 10:48:14 - 0:14:06 - Running average train loss is 0.6640803098678589 at epoch 413
INFO - 01/27/26 10:48:14 - 0:14:06 - At 414-th epoch with lr 0.000622.
INFO - 01/27/26 10:48:16 - 0:14:08 - Running average train loss is 0.6650505542755127 at epoch 414
INFO - 01/27/26 10:48:16 - 0:14:08 - At 415-th epoch with lr 0.000621.
INFO - 01/27/26 10:48:18 - 0:14:10 - Running average train loss is 0.6645746731758118 at epoch 415
INFO - 01/27/26 10:48:18 - 0:14:10 - At 416-th epoch with lr 0.000620.
INFO - 01/27/26 10:48:20 - 0:14:12 - Running average train loss is 0.6645996403694153 at epoch 416
INFO - 01/27/26 10:48:20 - 0:14:12 - Average dev loss is 0.824387768904368 at epoch 416
INFO - 01/27/26 10:48:21 - 0:14:13 - dev accuracy is 75.1 at epoch 416
INFO - 01/27/26 10:48:21 - 0:14:13 - dev average edit distance is 0.473 at epoch 416
INFO - 01/27/26 10:48:21 - 0:14:13 - At 417-th epoch with lr 0.000619.
INFO - 01/27/26 10:48:23 - 0:14:15 - Running average train loss is 0.6653892874717713 at epoch 417
INFO - 01/27/26 10:48:23 - 0:14:15 - At 418-th epoch with lr 0.000619.
INFO - 01/27/26 10:48:25 - 0:14:17 - Running average train loss is 0.6650159096717835 at epoch 418
INFO - 01/27/26 10:48:25 - 0:14:17 - At 419-th epoch with lr 0.000618.
INFO - 01/27/26 10:48:27 - 0:14:19 - Running average train loss is 0.6643570685386657 at epoch 419
INFO - 01/27/26 10:48:27 - 0:14:19 - At 420-th epoch with lr 0.000617.
INFO - 01/27/26 10:48:29 - 0:14:21 - Running average train loss is 0.6657364892959595 at epoch 420
INFO - 01/27/26 10:48:29 - 0:14:21 - At 421-th epoch with lr 0.000616.
INFO - 01/27/26 10:48:31 - 0:14:23 - Running average train loss is 0.6650990867614746 at epoch 421
INFO - 01/27/26 10:48:31 - 0:14:23 - At 422-th epoch with lr 0.000616.
INFO - 01/27/26 10:48:33 - 0:14:24 - Running average train loss is 0.6652618908882141 at epoch 422
INFO - 01/27/26 10:48:33 - 0:14:24 - At 423-th epoch with lr 0.000615.
INFO - 01/27/26 10:48:35 - 0:14:26 - Running average train loss is 0.6644376921653747 at epoch 423
INFO - 01/27/26 10:48:35 - 0:14:26 - At 424-th epoch with lr 0.000614.
INFO - 01/27/26 10:48:37 - 0:14:28 - Running average train loss is 0.6647682881355286 at epoch 424
INFO - 01/27/26 10:48:37 - 0:14:28 - At 425-th epoch with lr 0.000614.
INFO - 01/27/26 10:48:38 - 0:14:30 - Running average train loss is 0.6645722031593323 at epoch 425
INFO - 01/27/26 10:48:38 - 0:14:30 - At 426-th epoch with lr 0.000613.
INFO - 01/27/26 10:48:40 - 0:14:32 - Running average train loss is 0.6645456910133362 at epoch 426
INFO - 01/27/26 10:48:40 - 0:14:32 - At 427-th epoch with lr 0.000612.
INFO - 01/27/26 10:48:42 - 0:14:34 - Running average train loss is 0.6643852114677429 at epoch 427
INFO - 01/27/26 10:48:42 - 0:14:34 - At 428-th epoch with lr 0.000611.
INFO - 01/27/26 10:48:44 - 0:14:36 - Running average train loss is 0.6634365797042847 at epoch 428
INFO - 01/27/26 10:48:44 - 0:14:36 - At 429-th epoch with lr 0.000611.
INFO - 01/27/26 10:48:46 - 0:14:38 - Running average train loss is 0.6642583060264587 at epoch 429
INFO - 01/27/26 10:48:46 - 0:14:38 - At 430-th epoch with lr 0.000610.
INFO - 01/27/26 10:48:48 - 0:14:40 - Running average train loss is 0.6639840412139892 at epoch 430
INFO - 01/27/26 10:48:48 - 0:14:40 - At 431-th epoch with lr 0.000609.
INFO - 01/27/26 10:48:50 - 0:14:42 - Running average train loss is 0.6644328212738038 at epoch 431
INFO - 01/27/26 10:48:50 - 0:14:42 - At 432-th epoch with lr 0.000609.
INFO - 01/27/26 10:48:52 - 0:14:44 - Running average train loss is 0.6640523266792298 at epoch 432
INFO - 01/27/26 10:48:52 - 0:14:44 - Average dev loss is 0.8547052542368571 at epoch 432
INFO - 01/27/26 10:48:53 - 0:14:44 - dev accuracy is 71.7 at epoch 432
INFO - 01/27/26 10:48:53 - 0:14:44 - dev average edit distance is 0.517 at epoch 432
INFO - 01/27/26 10:48:53 - 0:14:45 - At 433-th epoch with lr 0.000608.
INFO - 01/27/26 10:48:55 - 0:14:47 - Running average train loss is 0.6647638797760009 at epoch 433
INFO - 01/27/26 10:48:55 - 0:14:47 - At 434-th epoch with lr 0.000607.
INFO - 01/27/26 10:48:57 - 0:14:48 - Running average train loss is 0.6645876669883728 at epoch 434
INFO - 01/27/26 10:48:57 - 0:14:48 - At 435-th epoch with lr 0.000606.
INFO - 01/27/26 10:48:59 - 0:14:50 - Running average train loss is 0.6643341875076294 at epoch 435
INFO - 01/27/26 10:48:59 - 0:14:50 - At 436-th epoch with lr 0.000606.
INFO - 01/27/26 10:49:01 - 0:14:52 - Running average train loss is 0.6643578457832336 at epoch 436
INFO - 01/27/26 10:49:01 - 0:14:52 - At 437-th epoch with lr 0.000605.
INFO - 01/27/26 10:49:03 - 0:14:54 - Running average train loss is 0.663780677318573 at epoch 437
INFO - 01/27/26 10:49:03 - 0:14:54 - At 438-th epoch with lr 0.000604.
INFO - 01/27/26 10:49:04 - 0:14:56 - Running average train loss is 0.6642555093765259 at epoch 438
INFO - 01/27/26 10:49:04 - 0:14:56 - At 439-th epoch with lr 0.000604.
INFO - 01/27/26 10:49:06 - 0:14:58 - Running average train loss is 0.6644617748260498 at epoch 439
INFO - 01/27/26 10:49:06 - 0:14:58 - At 440-th epoch with lr 0.000603.
INFO - 01/27/26 10:49:08 - 0:15:00 - Running average train loss is 0.6641682815551758 at epoch 440
INFO - 01/27/26 10:49:08 - 0:15:00 - At 441-th epoch with lr 0.000602.
INFO - 01/27/26 10:49:10 - 0:15:02 - Running average train loss is 0.6650301742553711 at epoch 441
INFO - 01/27/26 10:49:10 - 0:15:02 - At 442-th epoch with lr 0.000602.
INFO - 01/27/26 10:49:12 - 0:15:04 - Running average train loss is 0.6645503306388855 at epoch 442
INFO - 01/27/26 10:49:12 - 0:15:04 - At 443-th epoch with lr 0.000601.
INFO - 01/27/26 10:49:14 - 0:15:06 - Running average train loss is 0.6644141936302185 at epoch 443
INFO - 01/27/26 10:49:14 - 0:15:06 - At 444-th epoch with lr 0.000600.
INFO - 01/27/26 10:49:16 - 0:15:08 - Running average train loss is 0.6647663807868958 at epoch 444
INFO - 01/27/26 10:49:16 - 0:15:08 - At 445-th epoch with lr 0.000600.
INFO - 01/27/26 10:49:18 - 0:15:10 - Running average train loss is 0.6641553497314453 at epoch 445
INFO - 01/27/26 10:49:18 - 0:15:10 - At 446-th epoch with lr 0.000599.
INFO - 01/27/26 10:49:20 - 0:15:12 - Running average train loss is 0.6641972994804383 at epoch 446
INFO - 01/27/26 10:49:20 - 0:15:12 - At 447-th epoch with lr 0.000598.
INFO - 01/27/26 10:49:22 - 0:15:14 - Running average train loss is 0.6639657068252564 at epoch 447
INFO - 01/27/26 10:49:22 - 0:15:14 - At 448-th epoch with lr 0.000598.
INFO - 01/27/26 10:49:24 - 0:15:16 - Running average train loss is 0.6644490981101989 at epoch 448
INFO - 01/27/26 10:49:24 - 0:15:16 - Average dev loss is 0.844531794389089 at epoch 448
INFO - 01/27/26 10:49:24 - 0:15:16 - dev accuracy is 74.2 at epoch 448
INFO - 01/27/26 10:49:24 - 0:15:16 - dev average edit distance is 0.516 at epoch 448
INFO - 01/27/26 10:49:25 - 0:15:16 - At 449-th epoch with lr 0.000597.
INFO - 01/27/26 10:49:27 - 0:15:18 - Running average train loss is 0.6638430523872375 at epoch 449
INFO - 01/27/26 10:49:27 - 0:15:18 - At 450-th epoch with lr 0.000596.
INFO - 01/27/26 10:49:28 - 0:15:20 - Running average train loss is 0.6643674325942993 at epoch 450
INFO - 01/27/26 10:49:28 - 0:15:20 - At 451-th epoch with lr 0.000596.
INFO - 01/27/26 10:49:30 - 0:15:22 - Running average train loss is 0.663820493221283 at epoch 451
INFO - 01/27/26 10:49:30 - 0:15:22 - At 452-th epoch with lr 0.000595.
INFO - 01/27/26 10:49:32 - 0:15:24 - Running average train loss is 0.6636544227600097 at epoch 452
INFO - 01/27/26 10:49:32 - 0:15:24 - At 453-th epoch with lr 0.000594.
INFO - 01/27/26 10:49:34 - 0:15:26 - Running average train loss is 0.6638420677185058 at epoch 453
INFO - 01/27/26 10:49:34 - 0:15:26 - At 454-th epoch with lr 0.000594.
INFO - 01/27/26 10:49:36 - 0:15:28 - Running average train loss is 0.6636243319511413 at epoch 454
INFO - 01/27/26 10:49:36 - 0:15:28 - At 455-th epoch with lr 0.000593.
INFO - 01/27/26 10:49:38 - 0:15:30 - Running average train loss is 0.6638526034355163 at epoch 455
INFO - 01/27/26 10:49:38 - 0:15:30 - At 456-th epoch with lr 0.000592.
INFO - 01/27/26 10:49:40 - 0:15:32 - Running average train loss is 0.6642597770690918 at epoch 456
INFO - 01/27/26 10:49:40 - 0:15:32 - At 457-th epoch with lr 0.000592.
INFO - 01/27/26 10:49:42 - 0:15:34 - Running average train loss is 0.6643415164947509 at epoch 457
INFO - 01/27/26 10:49:42 - 0:15:34 - At 458-th epoch with lr 0.000591.
INFO - 01/27/26 10:49:44 - 0:15:36 - Running average train loss is 0.6634483861923218 at epoch 458
INFO - 01/27/26 10:49:44 - 0:15:36 - At 459-th epoch with lr 0.000590.
INFO - 01/27/26 10:49:46 - 0:15:38 - Running average train loss is 0.6638845682144165 at epoch 459
INFO - 01/27/26 10:49:46 - 0:15:38 - At 460-th epoch with lr 0.000590.
INFO - 01/27/26 10:49:48 - 0:15:40 - Running average train loss is 0.6640448474884033 at epoch 460
INFO - 01/27/26 10:49:48 - 0:15:40 - At 461-th epoch with lr 0.000589.
INFO - 01/27/26 10:49:50 - 0:15:42 - Running average train loss is 0.6641479182243347 at epoch 461
INFO - 01/27/26 10:49:50 - 0:15:42 - At 462-th epoch with lr 0.000588.
INFO - 01/27/26 10:49:52 - 0:15:43 - Running average train loss is 0.6644838786125183 at epoch 462
INFO - 01/27/26 10:49:52 - 0:15:43 - At 463-th epoch with lr 0.000588.
INFO - 01/27/26 10:49:54 - 0:15:45 - Running average train loss is 0.6643346738815308 at epoch 463
INFO - 01/27/26 10:49:54 - 0:15:45 - At 464-th epoch with lr 0.000587.
INFO - 01/27/26 10:49:55 - 0:15:47 - Running average train loss is 0.6642359161376953 at epoch 464
INFO - 01/27/26 10:49:56 - 0:15:47 - Average dev loss is 0.8265392184257507 at epoch 464
INFO - 01/27/26 10:49:56 - 0:15:48 - dev accuracy is 79.3 at epoch 464
INFO - 01/27/26 10:49:56 - 0:15:48 - dev average edit distance is 0.403 at epoch 464
INFO - 01/27/26 10:49:56 - 0:15:48 - At 465-th epoch with lr 0.000587.
INFO - 01/27/26 10:49:58 - 0:15:50 - Running average train loss is 0.663563895225525 at epoch 465
INFO - 01/27/26 10:49:58 - 0:15:50 - At 466-th epoch with lr 0.000586.
INFO - 01/27/26 10:50:00 - 0:15:52 - Running average train loss is 0.6635825061798095 at epoch 466
INFO - 01/27/26 10:50:00 - 0:15:52 - At 467-th epoch with lr 0.000585.
INFO - 01/27/26 10:50:02 - 0:15:54 - Running average train loss is 0.6638051247596741 at epoch 467
INFO - 01/27/26 10:50:02 - 0:15:54 - At 468-th epoch with lr 0.000585.
INFO - 01/27/26 10:50:04 - 0:15:56 - Running average train loss is 0.6635563397407531 at epoch 468
INFO - 01/27/26 10:50:04 - 0:15:56 - At 469-th epoch with lr 0.000584.
INFO - 01/27/26 10:50:06 - 0:15:58 - Running average train loss is 0.6641562962532044 at epoch 469
INFO - 01/27/26 10:50:06 - 0:15:58 - At 470-th epoch with lr 0.000583.
INFO - 01/27/26 10:50:08 - 0:16:00 - Running average train loss is 0.6634852361679077 at epoch 470
INFO - 01/27/26 10:50:08 - 0:16:00 - At 471-th epoch with lr 0.000583.
INFO - 01/27/26 10:50:10 - 0:16:02 - Running average train loss is 0.6642051315307618 at epoch 471
INFO - 01/27/26 10:50:10 - 0:16:02 - At 472-th epoch with lr 0.000582.
INFO - 01/27/26 10:50:12 - 0:16:04 - Running average train loss is 0.6643257021903992 at epoch 472
INFO - 01/27/26 10:50:12 - 0:16:04 - At 473-th epoch with lr 0.000582.
INFO - 01/27/26 10:50:14 - 0:16:05 - Running average train loss is 0.6640684032440185 at epoch 473
INFO - 01/27/26 10:50:14 - 0:16:05 - At 474-th epoch with lr 0.000581.
INFO - 01/27/26 10:50:16 - 0:16:07 - Running average train loss is 0.6637061095237732 at epoch 474
INFO - 01/27/26 10:50:16 - 0:16:07 - At 475-th epoch with lr 0.000580.
INFO - 01/27/26 10:50:18 - 0:16:09 - Running average train loss is 0.6638012957572937 at epoch 475
INFO - 01/27/26 10:50:18 - 0:16:09 - At 476-th epoch with lr 0.000580.
INFO - 01/27/26 10:50:19 - 0:16:11 - Running average train loss is 0.6638912963867187 at epoch 476
INFO - 01/27/26 10:50:19 - 0:16:11 - At 477-th epoch with lr 0.000579.
INFO - 01/27/26 10:50:21 - 0:16:13 - Running average train loss is 0.6632238459587098 at epoch 477
INFO - 01/27/26 10:50:21 - 0:16:13 - At 478-th epoch with lr 0.000579.
INFO - 01/27/26 10:50:23 - 0:16:15 - Running average train loss is 0.6632750773429871 at epoch 478
INFO - 01/27/26 10:50:23 - 0:16:15 - At 479-th epoch with lr 0.000578.
INFO - 01/27/26 10:50:25 - 0:16:17 - Running average train loss is 0.6634386610984803 at epoch 479
INFO - 01/27/26 10:50:25 - 0:16:17 - At 480-th epoch with lr 0.000577.
INFO - 01/27/26 10:50:27 - 0:16:19 - Running average train loss is 0.6636491942405701 at epoch 480
INFO - 01/27/26 10:50:27 - 0:16:19 - Average dev loss is 0.8425617218017578 at epoch 480
INFO - 01/27/26 10:50:28 - 0:16:20 - dev accuracy is 73.8 at epoch 480
INFO - 01/27/26 10:50:28 - 0:16:20 - dev average edit distance is 0.455 at epoch 480
INFO - 01/27/26 10:50:28 - 0:16:20 - At 481-th epoch with lr 0.000577.
INFO - 01/27/26 10:50:30 - 0:16:22 - Running average train loss is 0.6635202598571778 at epoch 481
INFO - 01/27/26 10:50:30 - 0:16:22 - At 482-th epoch with lr 0.000576.
INFO - 01/27/26 10:50:32 - 0:16:24 - Running average train loss is 0.6639169049263001 at epoch 482
INFO - 01/27/26 10:50:32 - 0:16:24 - At 483-th epoch with lr 0.000576.
INFO - 01/27/26 10:50:34 - 0:16:25 - Running average train loss is 0.6635653042793274 at epoch 483
INFO - 01/27/26 10:50:34 - 0:16:25 - At 484-th epoch with lr 0.000575.
INFO - 01/27/26 10:50:36 - 0:16:27 - Running average train loss is 0.66354820728302 at epoch 484
INFO - 01/27/26 10:50:36 - 0:16:27 - At 485-th epoch with lr 0.000574.
INFO - 01/27/26 10:50:38 - 0:16:29 - Running average train loss is 0.6637407422065735 at epoch 485
INFO - 01/27/26 10:50:38 - 0:16:29 - At 486-th epoch with lr 0.000574.
INFO - 01/27/26 10:50:39 - 0:16:31 - Running average train loss is 0.6638140559196473 at epoch 486
INFO - 01/27/26 10:50:39 - 0:16:31 - At 487-th epoch with lr 0.000573.
INFO - 01/27/26 10:50:41 - 0:16:33 - Running average train loss is 0.6637624287605286 at epoch 487
INFO - 01/27/26 10:50:41 - 0:16:33 - At 488-th epoch with lr 0.000573.
INFO - 01/27/26 10:50:43 - 0:16:35 - Running average train loss is 0.6636403059959411 at epoch 488
INFO - 01/27/26 10:50:43 - 0:16:35 - At 489-th epoch with lr 0.000572.
INFO - 01/27/26 10:50:45 - 0:16:37 - Running average train loss is 0.6637879085540771 at epoch 489
INFO - 01/27/26 10:50:45 - 0:16:37 - At 490-th epoch with lr 0.000571.
INFO - 01/27/26 10:50:47 - 0:16:39 - Running average train loss is 0.6637327122688294 at epoch 490
INFO - 01/27/26 10:50:47 - 0:16:39 - At 491-th epoch with lr 0.000571.
INFO - 01/27/26 10:50:49 - 0:16:41 - Running average train loss is 0.6642853498458863 at epoch 491
INFO - 01/27/26 10:50:49 - 0:16:41 - At 492-th epoch with lr 0.000570.
INFO - 01/27/26 10:50:51 - 0:16:43 - Running average train loss is 0.664194085597992 at epoch 492
INFO - 01/27/26 10:50:51 - 0:16:43 - At 493-th epoch with lr 0.000570.
INFO - 01/27/26 10:50:53 - 0:16:45 - Running average train loss is 0.6637018418312073 at epoch 493
INFO - 01/27/26 10:50:53 - 0:16:45 - At 494-th epoch with lr 0.000569.
INFO - 01/27/26 10:50:55 - 0:16:47 - Running average train loss is 0.663427050113678 at epoch 494
INFO - 01/27/26 10:50:55 - 0:16:47 - At 495-th epoch with lr 0.000569.
INFO - 01/27/26 10:50:57 - 0:16:49 - Running average train loss is 0.6631321954727173 at epoch 495
INFO - 01/27/26 10:50:57 - 0:16:49 - At 496-th epoch with lr 0.000568.
INFO - 01/27/26 10:50:59 - 0:16:51 - Running average train loss is 0.6627512049674987 at epoch 496
INFO - 01/27/26 10:50:59 - 0:16:51 - Average dev loss is 0.865118126074473 at epoch 496
INFO - 01/27/26 10:50:59 - 0:16:51 - dev accuracy is 71.7 at epoch 496
INFO - 01/27/26 10:50:59 - 0:16:51 - dev average edit distance is 0.517 at epoch 496
INFO - 01/27/26 10:51:00 - 0:16:51 - At 497-th epoch with lr 0.000567.
INFO - 01/27/26 10:51:01 - 0:16:53 - Running average train loss is 0.6632490158081055 at epoch 497
INFO - 01/27/26 10:51:01 - 0:16:53 - At 498-th epoch with lr 0.000567.
INFO - 01/27/26 10:51:03 - 0:16:55 - Running average train loss is 0.6634574818611145 at epoch 498
INFO - 01/27/26 10:51:03 - 0:16:55 - At 499-th epoch with lr 0.000566.
INFO - 01/27/26 10:51:05 - 0:16:57 - Running average train loss is 0.6634264159202575 at epoch 499
INFO - 01/27/26 10:51:05 - 0:16:57 - At 500-th epoch with lr 0.000566.
INFO - 01/27/26 10:51:07 - 0:16:59 - Running average train loss is 0.6638014483451843 at epoch 500
INFO - 01/27/26 10:51:07 - 0:16:59 - At 501-th epoch with lr 0.000565.
INFO - 01/27/26 10:51:09 - 0:17:01 - Running average train loss is 0.664499797821045 at epoch 501
INFO - 01/27/26 10:51:09 - 0:17:01 - At 502-th epoch with lr 0.000565.
INFO - 01/27/26 10:51:11 - 0:17:03 - Running average train loss is 0.664228572845459 at epoch 502
INFO - 01/27/26 10:51:11 - 0:17:03 - At 503-th epoch with lr 0.000564.
INFO - 01/27/26 10:51:13 - 0:17:05 - Running average train loss is 0.663259654045105 at epoch 503
INFO - 01/27/26 10:51:13 - 0:17:05 - At 504-th epoch with lr 0.000563.
INFO - 01/27/26 10:51:15 - 0:17:07 - Running average train loss is 0.6631538891792297 at epoch 504
INFO - 01/27/26 10:51:15 - 0:17:07 - At 505-th epoch with lr 0.000563.
INFO - 01/27/26 10:51:17 - 0:17:09 - Running average train loss is 0.6631689071655273 at epoch 505
INFO - 01/27/26 10:51:17 - 0:17:09 - At 506-th epoch with lr 0.000562.
INFO - 01/27/26 10:51:19 - 0:17:11 - Running average train loss is 0.6633372139930725 at epoch 506
INFO - 01/27/26 10:51:19 - 0:17:11 - At 507-th epoch with lr 0.000562.
INFO - 01/27/26 10:51:21 - 0:17:13 - Running average train loss is 0.6637095761299133 at epoch 507
INFO - 01/27/26 10:51:21 - 0:17:13 - At 508-th epoch with lr 0.000561.
INFO - 01/27/26 10:51:23 - 0:17:15 - Running average train loss is 0.663326735496521 at epoch 508
INFO - 01/27/26 10:51:23 - 0:17:15 - At 509-th epoch with lr 0.000561.
INFO - 01/27/26 10:51:25 - 0:17:17 - Running average train loss is 0.6632355213165283 at epoch 509
INFO - 01/27/26 10:51:25 - 0:17:17 - At 510-th epoch with lr 0.000560.
INFO - 01/27/26 10:51:27 - 0:17:19 - Running average train loss is 0.6636360883712769 at epoch 510
INFO - 01/27/26 10:51:27 - 0:17:19 - At 511-th epoch with lr 0.000560.
INFO - 01/27/26 10:51:29 - 0:17:20 - Running average train loss is 0.6632291865348816 at epoch 511
INFO - 01/27/26 10:51:29 - 0:17:20 - At 512-th epoch with lr 0.000559.
INFO - 01/27/26 10:51:31 - 0:17:22 - Running average train loss is 0.6631242704391479 at epoch 512
INFO - 01/27/26 10:51:31 - 0:17:22 - Average dev loss is 0.8487479090690613 at epoch 512
INFO - 01/27/26 10:51:31 - 0:17:23 - dev accuracy is 74.2 at epoch 512
INFO - 01/27/26 10:51:31 - 0:17:23 - dev average edit distance is 0.46 at epoch 512
INFO - 01/27/26 10:51:31 - 0:17:23 - At 513-th epoch with lr 0.000558.
INFO - 01/27/26 10:51:33 - 0:17:25 - Running average train loss is 0.6639867854118348 at epoch 513
INFO - 01/27/26 10:51:33 - 0:17:25 - At 514-th epoch with lr 0.000558.
INFO - 01/27/26 10:51:35 - 0:17:27 - Running average train loss is 0.6630954742431641 at epoch 514
INFO - 01/27/26 10:51:35 - 0:17:27 - At 515-th epoch with lr 0.000557.
INFO - 01/27/26 10:51:37 - 0:17:29 - Running average train loss is 0.6637333297729492 at epoch 515
INFO - 01/27/26 10:51:37 - 0:17:29 - At 516-th epoch with lr 0.000557.
INFO - 01/27/26 10:51:39 - 0:17:31 - Running average train loss is 0.6632168078422547 at epoch 516
INFO - 01/27/26 10:51:39 - 0:17:31 - At 517-th epoch with lr 0.000556.
INFO - 01/27/26 10:51:41 - 0:17:33 - Running average train loss is 0.6628761339187622 at epoch 517
INFO - 01/27/26 10:51:41 - 0:17:33 - At 518-th epoch with lr 0.000556.
INFO - 01/27/26 10:51:43 - 0:17:35 - Running average train loss is 0.6629568457603454 at epoch 518
INFO - 01/27/26 10:51:43 - 0:17:35 - At 519-th epoch with lr 0.000555.
INFO - 01/27/26 10:51:45 - 0:17:37 - Running average train loss is 0.6628505039215088 at epoch 519
INFO - 01/27/26 10:51:45 - 0:17:37 - At 520-th epoch with lr 0.000555.
INFO - 01/27/26 10:51:47 - 0:17:39 - Running average train loss is 0.6625486850738526 at epoch 520
INFO - 01/27/26 10:51:47 - 0:17:39 - At 521-th epoch with lr 0.000554.
INFO - 01/27/26 10:51:49 - 0:17:41 - Running average train loss is 0.6631460452079773 at epoch 521
INFO - 01/27/26 10:51:49 - 0:17:41 - At 522-th epoch with lr 0.000554.
INFO - 01/27/26 10:51:51 - 0:17:43 - Running average train loss is 0.6630285382270813 at epoch 522
INFO - 01/27/26 10:51:51 - 0:17:43 - At 523-th epoch with lr 0.000553.
INFO - 01/27/26 10:51:53 - 0:17:44 - Running average train loss is 0.6627523827552796 at epoch 523
INFO - 01/27/26 10:51:53 - 0:17:44 - At 524-th epoch with lr 0.000553.
INFO - 01/27/26 10:51:55 - 0:17:46 - Running average train loss is 0.6630210280418396 at epoch 524
INFO - 01/27/26 10:51:55 - 0:17:46 - At 525-th epoch with lr 0.000552.
INFO - 01/27/26 10:51:57 - 0:17:48 - Running average train loss is 0.6633436632156372 at epoch 525
INFO - 01/27/26 10:51:57 - 0:17:48 - At 526-th epoch with lr 0.000552.
INFO - 01/27/26 10:51:58 - 0:17:50 - Running average train loss is 0.6635219359397888 at epoch 526
INFO - 01/27/26 10:51:58 - 0:17:50 - At 527-th epoch with lr 0.000551.
INFO - 01/27/26 10:52:00 - 0:17:52 - Running average train loss is 0.6624619436264038 at epoch 527
INFO - 01/27/26 10:52:00 - 0:17:52 - At 528-th epoch with lr 0.000550.
INFO - 01/27/26 10:52:02 - 0:17:54 - Running average train loss is 0.6636609840393066 at epoch 528
INFO - 01/27/26 10:52:02 - 0:17:54 - Average dev loss is 0.831430991490682 at epoch 528
INFO - 01/27/26 10:52:03 - 0:17:55 - dev accuracy is 76.3 at epoch 528
INFO - 01/27/26 10:52:03 - 0:17:55 - dev average edit distance is 0.453 at epoch 528
INFO - 01/27/26 10:52:03 - 0:17:55 - At 529-th epoch with lr 0.000550.
INFO - 01/27/26 10:52:05 - 0:17:57 - Running average train loss is 0.6636402130126953 at epoch 529
INFO - 01/27/26 10:52:05 - 0:17:57 - At 530-th epoch with lr 0.000549.
INFO - 01/27/26 10:52:07 - 0:17:59 - Running average train loss is 0.6635693526268005 at epoch 530
INFO - 01/27/26 10:52:07 - 0:17:59 - At 531-th epoch with lr 0.000549.
INFO - 01/27/26 10:52:09 - 0:18:01 - Running average train loss is 0.6635371255874634 at epoch 531
INFO - 01/27/26 10:52:09 - 0:18:01 - At 532-th epoch with lr 0.000548.
INFO - 01/27/26 10:52:11 - 0:18:03 - Running average train loss is 0.6631361031532288 at epoch 532
INFO - 01/27/26 10:52:11 - 0:18:03 - At 533-th epoch with lr 0.000548.
INFO - 01/27/26 10:52:13 - 0:18:05 - Running average train loss is 0.6638438558578491 at epoch 533
INFO - 01/27/26 10:52:13 - 0:18:05 - At 534-th epoch with lr 0.000547.
INFO - 01/27/26 10:52:15 - 0:18:07 - Running average train loss is 0.6627527832984924 at epoch 534
INFO - 01/27/26 10:52:15 - 0:18:07 - At 535-th epoch with lr 0.000547.
INFO - 01/27/26 10:52:17 - 0:18:08 - Running average train loss is 0.6633625698089599 at epoch 535
INFO - 01/27/26 10:52:17 - 0:18:08 - At 536-th epoch with lr 0.000546.
INFO - 01/27/26 10:52:19 - 0:18:10 - Running average train loss is 0.6632903265953064 at epoch 536
INFO - 01/27/26 10:52:19 - 0:18:10 - At 537-th epoch with lr 0.000546.
INFO - 01/27/26 10:52:21 - 0:18:12 - Running average train loss is 0.6631082081794739 at epoch 537
INFO - 01/27/26 10:52:21 - 0:18:12 - At 538-th epoch with lr 0.000545.
INFO - 01/27/26 10:52:22 - 0:18:14 - Running average train loss is 0.6628183889389038 at epoch 538
INFO - 01/27/26 10:52:22 - 0:18:14 - At 539-th epoch with lr 0.000545.
INFO - 01/27/26 10:52:24 - 0:18:16 - Running average train loss is 0.6628999447822571 at epoch 539
INFO - 01/27/26 10:52:24 - 0:18:16 - At 540-th epoch with lr 0.000544.
INFO - 01/27/26 10:52:26 - 0:18:18 - Running average train loss is 0.6629163241386413 at epoch 540
INFO - 01/27/26 10:52:26 - 0:18:18 - At 541-th epoch with lr 0.000544.
INFO - 01/27/26 10:52:28 - 0:18:20 - Running average train loss is 0.6634694933891296 at epoch 541
INFO - 01/27/26 10:52:28 - 0:18:20 - At 542-th epoch with lr 0.000543.
INFO - 01/27/26 10:52:30 - 0:18:22 - Running average train loss is 0.6626430225372314 at epoch 542
INFO - 01/27/26 10:52:30 - 0:18:22 - At 543-th epoch with lr 0.000543.
INFO - 01/27/26 10:52:32 - 0:18:24 - Running average train loss is 0.6626094651222229 at epoch 543
INFO - 01/27/26 10:52:32 - 0:18:24 - At 544-th epoch with lr 0.000542.
INFO - 01/27/26 10:52:34 - 0:18:26 - Running average train loss is 0.6630946230888367 at epoch 544
INFO - 01/27/26 10:52:34 - 0:18:26 - Average dev loss is 0.8570511738459269 at epoch 544
INFO - 01/27/26 10:52:35 - 0:18:27 - dev accuracy is 72.8 at epoch 544
INFO - 01/27/26 10:52:35 - 0:18:27 - dev average edit distance is 0.481 at epoch 544
INFO - 01/27/26 10:52:35 - 0:18:27 - At 545-th epoch with lr 0.000542.
INFO - 01/27/26 10:52:37 - 0:18:29 - Running average train loss is 0.6627847003936768 at epoch 545
INFO - 01/27/26 10:52:37 - 0:18:29 - At 546-th epoch with lr 0.000541.
INFO - 01/27/26 10:52:39 - 0:18:31 - Running average train loss is 0.6628764414787293 at epoch 546
INFO - 01/27/26 10:52:39 - 0:18:31 - At 547-th epoch with lr 0.000541.
INFO - 01/27/26 10:52:41 - 0:18:32 - Running average train loss is 0.6630655765533447 at epoch 547
INFO - 01/27/26 10:52:41 - 0:18:32 - At 548-th epoch with lr 0.000540.
INFO - 01/27/26 10:52:43 - 0:18:34 - Running average train loss is 0.6631982278823852 at epoch 548
INFO - 01/27/26 10:52:43 - 0:18:34 - At 549-th epoch with lr 0.000540.
INFO - 01/27/26 10:52:45 - 0:18:36 - Running average train loss is 0.6628711867332459 at epoch 549
INFO - 01/27/26 10:52:45 - 0:18:36 - At 550-th epoch with lr 0.000539.
INFO - 01/27/26 10:52:46 - 0:18:38 - Running average train loss is 0.6631039500236511 at epoch 550
INFO - 01/27/26 10:52:46 - 0:18:38 - At 551-th epoch with lr 0.000539.
INFO - 01/27/26 10:52:48 - 0:18:40 - Running average train loss is 0.662843804359436 at epoch 551
INFO - 01/27/26 10:52:48 - 0:18:40 - At 552-th epoch with lr 0.000538.
INFO - 01/27/26 10:52:50 - 0:18:42 - Running average train loss is 0.662958881855011 at epoch 552
INFO - 01/27/26 10:52:50 - 0:18:42 - At 553-th epoch with lr 0.000538.
INFO - 01/27/26 10:52:52 - 0:18:44 - Running average train loss is 0.6630397176742554 at epoch 553
INFO - 01/27/26 10:52:52 - 0:18:44 - At 554-th epoch with lr 0.000537.
INFO - 01/27/26 10:52:54 - 0:18:46 - Running average train loss is 0.663008189201355 at epoch 554
INFO - 01/27/26 10:52:54 - 0:18:46 - At 555-th epoch with lr 0.000537.
INFO - 01/27/26 10:52:56 - 0:18:48 - Running average train loss is 0.663154878616333 at epoch 555
INFO - 01/27/26 10:52:56 - 0:18:48 - At 556-th epoch with lr 0.000536.
INFO - 01/27/26 10:52:58 - 0:18:50 - Running average train loss is 0.6636384439468384 at epoch 556
INFO - 01/27/26 10:52:58 - 0:18:50 - At 557-th epoch with lr 0.000536.
INFO - 01/27/26 10:53:00 - 0:18:52 - Running average train loss is 0.6633268070220947 at epoch 557
INFO - 01/27/26 10:53:00 - 0:18:52 - At 558-th epoch with lr 0.000535.
INFO - 01/27/26 10:53:02 - 0:18:54 - Running average train loss is 0.6628046894073486 at epoch 558
INFO - 01/27/26 10:53:02 - 0:18:54 - At 559-th epoch with lr 0.000535.
INFO - 01/27/26 10:53:04 - 0:18:56 - Running average train loss is 0.6621788835525513 at epoch 559
INFO - 01/27/26 10:53:04 - 0:18:56 - At 560-th epoch with lr 0.000535.
INFO - 01/27/26 10:53:06 - 0:18:58 - Running average train loss is 0.6626736831665039 at epoch 560
INFO - 01/27/26 10:53:06 - 0:18:58 - Average dev loss is 0.852948009967804 at epoch 560
INFO - 01/27/26 10:53:07 - 0:18:58 - dev accuracy is 72.4 at epoch 560
INFO - 01/27/26 10:53:07 - 0:18:58 - dev average edit distance is 0.498 at epoch 560
INFO - 01/27/26 10:53:07 - 0:18:58 - At 561-th epoch with lr 0.000534.
INFO - 01/27/26 10:53:09 - 0:19:00 - Running average train loss is 0.662977340221405 at epoch 561
INFO - 01/27/26 10:53:09 - 0:19:00 - At 562-th epoch with lr 0.000534.
INFO - 01/27/26 10:53:11 - 0:19:02 - Running average train loss is 0.6630526947975158 at epoch 562
INFO - 01/27/26 10:53:11 - 0:19:02 - At 563-th epoch with lr 0.000533.
INFO - 01/27/26 10:53:13 - 0:19:04 - Running average train loss is 0.6624048709869385 at epoch 563
INFO - 01/27/26 10:53:13 - 0:19:04 - At 564-th epoch with lr 0.000533.
INFO - 01/27/26 10:53:14 - 0:19:06 - Running average train loss is 0.6628486347198487 at epoch 564
INFO - 01/27/26 10:53:14 - 0:19:06 - At 565-th epoch with lr 0.000532.
INFO - 01/27/26 10:53:16 - 0:19:08 - Running average train loss is 0.6634490132331848 at epoch 565
INFO - 01/27/26 10:53:16 - 0:19:08 - At 566-th epoch with lr 0.000532.
INFO - 01/27/26 10:53:18 - 0:19:10 - Running average train loss is 0.662761082649231 at epoch 566
INFO - 01/27/26 10:53:18 - 0:19:10 - At 567-th epoch with lr 0.000531.
INFO - 01/27/26 10:53:20 - 0:19:12 - Running average train loss is 0.6626041030883789 at epoch 567
INFO - 01/27/26 10:53:20 - 0:19:12 - At 568-th epoch with lr 0.000531.
INFO - 01/27/26 10:53:22 - 0:19:14 - Running average train loss is 0.6626456761360169 at epoch 568
INFO - 01/27/26 10:53:22 - 0:19:14 - At 569-th epoch with lr 0.000530.
INFO - 01/27/26 10:53:24 - 0:19:16 - Running average train loss is 0.6625521659851075 at epoch 569
INFO - 01/27/26 10:53:24 - 0:19:16 - At 570-th epoch with lr 0.000530.
INFO - 01/27/26 10:53:26 - 0:19:18 - Running average train loss is 0.6627430367469788 at epoch 570
INFO - 01/27/26 10:53:26 - 0:19:18 - At 571-th epoch with lr 0.000529.
INFO - 01/27/26 10:53:28 - 0:19:20 - Running average train loss is 0.6636575484275817 at epoch 571
INFO - 01/27/26 10:53:28 - 0:19:20 - At 572-th epoch with lr 0.000529.
INFO - 01/27/26 10:53:30 - 0:19:22 - Running average train loss is 0.6628276872634887 at epoch 572
INFO - 01/27/26 10:53:30 - 0:19:22 - At 573-th epoch with lr 0.000528.
INFO - 01/27/26 10:53:32 - 0:19:24 - Running average train loss is 0.6634458327293395 at epoch 573
INFO - 01/27/26 10:53:32 - 0:19:24 - At 574-th epoch with lr 0.000528.
INFO - 01/27/26 10:53:34 - 0:19:26 - Running average train loss is 0.6625257802009582 at epoch 574
INFO - 01/27/26 10:53:34 - 0:19:26 - At 575-th epoch with lr 0.000528.
INFO - 01/27/26 10:53:36 - 0:19:28 - Running average train loss is 0.6632134318351746 at epoch 575
INFO - 01/27/26 10:53:36 - 0:19:28 - At 576-th epoch with lr 0.000527.
INFO - 01/27/26 10:53:38 - 0:19:29 - Running average train loss is 0.6627119803428649 at epoch 576
INFO - 01/27/26 10:53:38 - 0:19:30 - Average dev loss is 0.8446861505508423 at epoch 576
INFO - 01/27/26 10:53:38 - 0:19:30 - dev accuracy is 75.0 at epoch 576
INFO - 01/27/26 10:53:38 - 0:19:30 - dev average edit distance is 0.499 at epoch 576
INFO - 01/27/26 10:53:38 - 0:19:30 - At 577-th epoch with lr 0.000527.
INFO - 01/27/26 10:53:40 - 0:19:32 - Running average train loss is 0.6629197883605957 at epoch 577
INFO - 01/27/26 10:53:40 - 0:19:32 - At 578-th epoch with lr 0.000526.
INFO - 01/27/26 10:53:42 - 0:19:34 - Running average train loss is 0.6624265789985657 at epoch 578
INFO - 01/27/26 10:53:42 - 0:19:34 - At 579-th epoch with lr 0.000526.
INFO - 01/27/26 10:53:44 - 0:19:36 - Running average train loss is 0.6625795793533326 at epoch 579
INFO - 01/27/26 10:53:44 - 0:19:36 - At 580-th epoch with lr 0.000525.
INFO - 01/27/26 10:53:46 - 0:19:38 - Running average train loss is 0.6624116325378417 at epoch 580
INFO - 01/27/26 10:53:46 - 0:19:38 - At 581-th epoch with lr 0.000525.
INFO - 01/27/26 10:53:48 - 0:19:40 - Running average train loss is 0.6625927734375 at epoch 581
INFO - 01/27/26 10:53:48 - 0:19:40 - At 582-th epoch with lr 0.000524.
INFO - 01/27/26 10:53:50 - 0:19:42 - Running average train loss is 0.6628950071334839 at epoch 582
INFO - 01/27/26 10:53:50 - 0:19:42 - At 583-th epoch with lr 0.000524.
INFO - 01/27/26 10:53:52 - 0:19:44 - Running average train loss is 0.6629143619537353 at epoch 583
INFO - 01/27/26 10:53:52 - 0:19:44 - At 584-th epoch with lr 0.000523.
INFO - 01/27/26 10:53:54 - 0:19:46 - Running average train loss is 0.6622472500801087 at epoch 584
INFO - 01/27/26 10:53:54 - 0:19:46 - At 585-th epoch with lr 0.000523.
INFO - 01/27/26 10:53:56 - 0:19:48 - Running average train loss is 0.6632259893417358 at epoch 585
INFO - 01/27/26 10:53:56 - 0:19:48 - At 586-th epoch with lr 0.000523.
INFO - 01/27/26 10:53:58 - 0:19:50 - Running average train loss is 0.6626562571525574 at epoch 586
INFO - 01/27/26 10:53:58 - 0:19:50 - At 587-th epoch with lr 0.000522.
INFO - 01/27/26 10:54:00 - 0:19:51 - Running average train loss is 0.6628385233879089 at epoch 587
INFO - 01/27/26 10:54:00 - 0:19:51 - At 588-th epoch with lr 0.000522.
INFO - 01/27/26 10:54:02 - 0:19:53 - Running average train loss is 0.6631910347938538 at epoch 588
INFO - 01/27/26 10:54:02 - 0:19:53 - At 589-th epoch with lr 0.000521.
INFO - 01/27/26 10:54:04 - 0:19:55 - Running average train loss is 0.6628115367889404 at epoch 589
INFO - 01/27/26 10:54:04 - 0:19:55 - At 590-th epoch with lr 0.000521.
INFO - 01/27/26 10:54:05 - 0:19:57 - Running average train loss is 0.6625859570503235 at epoch 590
INFO - 01/27/26 10:54:05 - 0:19:57 - At 591-th epoch with lr 0.000520.
INFO - 01/27/26 10:54:07 - 0:19:59 - Running average train loss is 0.6627120232582092 at epoch 591
INFO - 01/27/26 10:54:07 - 0:19:59 - At 592-th epoch with lr 0.000520.
INFO - 01/27/26 10:54:09 - 0:20:01 - Running average train loss is 0.6626315450668335 at epoch 592
INFO - 01/27/26 10:54:09 - 0:20:01 - Average dev loss is 0.848487933476766 at epoch 592
INFO - 01/27/26 10:54:10 - 0:20:02 - dev accuracy is 74.1 at epoch 592
INFO - 01/27/26 10:54:10 - 0:20:02 - dev average edit distance is 0.541 at epoch 592
INFO - 01/27/26 10:54:10 - 0:20:02 - At 593-th epoch with lr 0.000519.
INFO - 01/27/26 10:54:12 - 0:20:04 - Running average train loss is 0.6631374669075012 at epoch 593
INFO - 01/27/26 10:54:12 - 0:20:04 - At 594-th epoch with lr 0.000519.
INFO - 01/27/26 10:54:14 - 0:20:06 - Running average train loss is 0.6625885009765625 at epoch 594
INFO - 01/27/26 10:54:14 - 0:20:06 - At 595-th epoch with lr 0.000519.
INFO - 01/27/26 10:54:16 - 0:20:08 - Running average train loss is 0.6625143432617188 at epoch 595
INFO - 01/27/26 10:54:16 - 0:20:08 - At 596-th epoch with lr 0.000518.
INFO - 01/27/26 10:54:18 - 0:20:10 - Running average train loss is 0.6623462367057801 at epoch 596
INFO - 01/27/26 10:54:18 - 0:20:10 - At 597-th epoch with lr 0.000518.
INFO - 01/27/26 10:54:20 - 0:20:12 - Running average train loss is 0.6626849198341369 at epoch 597
INFO - 01/27/26 10:54:20 - 0:20:12 - At 598-th epoch with lr 0.000517.
INFO - 01/27/26 10:54:22 - 0:20:14 - Running average train loss is 0.6625810599327088 at epoch 598
INFO - 01/27/26 10:54:22 - 0:20:14 - At 599-th epoch with lr 0.000517.
INFO - 01/27/26 10:54:24 - 0:20:15 - Running average train loss is 0.6626331782341004 at epoch 599
INFO - 01/27/26 10:54:24 - 0:20:15 - At 600-th epoch with lr 0.000516.
INFO - 01/27/26 10:54:26 - 0:20:17 - Running average train loss is 0.6621474480628967 at epoch 600
INFO - 01/27/26 10:54:26 - 0:20:17 - At 601-th epoch with lr 0.000516.
INFO - 01/27/26 10:54:28 - 0:20:19 - Running average train loss is 0.6620777010917663 at epoch 601
INFO - 01/27/26 10:54:28 - 0:20:19 - At 602-th epoch with lr 0.000516.
INFO - 01/27/26 10:54:29 - 0:20:21 - Running average train loss is 0.6624939465522766 at epoch 602
INFO - 01/27/26 10:54:29 - 0:20:21 - At 603-th epoch with lr 0.000515.
INFO - 01/27/26 10:54:31 - 0:20:23 - Running average train loss is 0.6623642802238464 at epoch 603
INFO - 01/27/26 10:54:31 - 0:20:23 - At 604-th epoch with lr 0.000515.
INFO - 01/27/26 10:54:33 - 0:20:25 - Running average train loss is 0.6626366138458252 at epoch 604
INFO - 01/27/26 10:54:33 - 0:20:25 - At 605-th epoch with lr 0.000514.
INFO - 01/27/26 10:54:35 - 0:20:27 - Running average train loss is 0.663010585308075 at epoch 605
INFO - 01/27/26 10:54:35 - 0:20:27 - At 606-th epoch with lr 0.000514.
INFO - 01/27/26 10:54:37 - 0:20:29 - Running average train loss is 0.662866473197937 at epoch 606
INFO - 01/27/26 10:54:37 - 0:20:29 - At 607-th epoch with lr 0.000513.
INFO - 01/27/26 10:54:39 - 0:20:31 - Running average train loss is 0.6626169276237488 at epoch 607
INFO - 01/27/26 10:54:39 - 0:20:31 - At 608-th epoch with lr 0.000513.
INFO - 01/27/26 10:54:41 - 0:20:33 - Running average train loss is 0.6631734085083008 at epoch 608
INFO - 01/27/26 10:54:41 - 0:20:33 - Average dev loss is 0.8518624504407247 at epoch 608
INFO - 01/27/26 10:54:42 - 0:20:34 - dev accuracy is 74.2 at epoch 608
INFO - 01/27/26 10:54:42 - 0:20:34 - dev average edit distance is 0.52 at epoch 608
INFO - 01/27/26 10:54:42 - 0:20:34 - At 609-th epoch with lr 0.000513.
INFO - 01/27/26 10:54:44 - 0:20:36 - Running average train loss is 0.6625974726676941 at epoch 609
INFO - 01/27/26 10:54:44 - 0:20:36 - At 610-th epoch with lr 0.000512.
INFO - 01/27/26 10:54:46 - 0:20:38 - Running average train loss is 0.6624160599708557 at epoch 610
INFO - 01/27/26 10:54:46 - 0:20:38 - At 611-th epoch with lr 0.000512.
INFO - 01/27/26 10:54:48 - 0:20:40 - Running average train loss is 0.6622629356384278 at epoch 611
INFO - 01/27/26 10:54:48 - 0:20:40 - At 612-th epoch with lr 0.000511.
INFO - 01/27/26 10:54:50 - 0:20:42 - Running average train loss is 0.6619007921218872 at epoch 612
INFO - 01/27/26 10:54:50 - 0:20:42 - At 613-th epoch with lr 0.000511.
INFO - 01/27/26 10:54:52 - 0:20:43 - Running average train loss is 0.6622073769569397 at epoch 613
INFO - 01/27/26 10:54:52 - 0:20:43 - At 614-th epoch with lr 0.000510.
INFO - 01/27/26 10:54:54 - 0:20:45 - Running average train loss is 0.6628388094902039 at epoch 614
INFO - 01/27/26 10:54:54 - 0:20:45 - At 615-th epoch with lr 0.000510.
INFO - 01/27/26 10:54:56 - 0:20:47 - Running average train loss is 0.6624728512763977 at epoch 615
INFO - 01/27/26 10:54:56 - 0:20:47 - At 616-th epoch with lr 0.000510.
INFO - 01/27/26 10:54:57 - 0:20:49 - Running average train loss is 0.6624330163002015 at epoch 616
INFO - 01/27/26 10:54:57 - 0:20:49 - At 617-th epoch with lr 0.000509.
INFO - 01/27/26 10:54:59 - 0:20:51 - Running average train loss is 0.6626844191551209 at epoch 617
INFO - 01/27/26 10:54:59 - 0:20:51 - At 618-th epoch with lr 0.000509.
INFO - 01/27/26 10:55:01 - 0:20:53 - Running average train loss is 0.6623363661766052 at epoch 618
INFO - 01/27/26 10:55:01 - 0:20:53 - At 619-th epoch with lr 0.000508.
INFO - 01/27/26 10:55:03 - 0:20:55 - Running average train loss is 0.6624851322174072 at epoch 619
INFO - 01/27/26 10:55:03 - 0:20:55 - At 620-th epoch with lr 0.000508.
INFO - 01/27/26 10:55:05 - 0:20:57 - Running average train loss is 0.6624774217605591 at epoch 620
INFO - 01/27/26 10:55:05 - 0:20:57 - At 621-th epoch with lr 0.000508.
INFO - 01/27/26 10:55:07 - 0:20:59 - Running average train loss is 0.6628136968612671 at epoch 621
INFO - 01/27/26 10:55:07 - 0:20:59 - At 622-th epoch with lr 0.000507.
INFO - 01/27/26 10:55:09 - 0:21:01 - Running average train loss is 0.6621819257736206 at epoch 622
INFO - 01/27/26 10:55:09 - 0:21:01 - At 623-th epoch with lr 0.000507.
INFO - 01/27/26 10:55:11 - 0:21:03 - Running average train loss is 0.662248592376709 at epoch 623
INFO - 01/27/26 10:55:11 - 0:21:03 - At 624-th epoch with lr 0.000506.
INFO - 01/27/26 10:55:13 - 0:21:05 - Running average train loss is 0.6623897767066955 at epoch 624
INFO - 01/27/26 10:55:13 - 0:21:05 - Average dev loss is 0.8541161020596822 at epoch 624
INFO - 01/27/26 10:55:14 - 0:21:05 - dev accuracy is 74.5 at epoch 624
INFO - 01/27/26 10:55:14 - 0:21:05 - dev average edit distance is 0.506 at epoch 624
INFO - 01/27/26 10:55:14 - 0:21:06 - At 625-th epoch with lr 0.000506.
INFO - 01/27/26 10:55:16 - 0:21:07 - Running average train loss is 0.6622754979133606 at epoch 625
INFO - 01/27/26 10:55:16 - 0:21:07 - At 626-th epoch with lr 0.000506.
INFO - 01/27/26 10:55:18 - 0:21:09 - Running average train loss is 0.6621845459938049 at epoch 626
INFO - 01/27/26 10:55:18 - 0:21:09 - At 627-th epoch with lr 0.000505.
INFO - 01/27/26 10:55:20 - 0:21:11 - Running average train loss is 0.6621019577980042 at epoch 627
INFO - 01/27/26 10:55:20 - 0:21:11 - At 628-th epoch with lr 0.000505.
INFO - 01/27/26 10:55:21 - 0:21:13 - Running average train loss is 0.6622007775306702 at epoch 628
INFO - 01/27/26 10:55:21 - 0:21:13 - At 629-th epoch with lr 0.000504.
INFO - 01/27/26 10:55:23 - 0:21:15 - Running average train loss is 0.6629495668411255 at epoch 629
INFO - 01/27/26 10:55:23 - 0:21:15 - At 630-th epoch with lr 0.000504.
INFO - 01/27/26 10:55:25 - 0:21:17 - Running average train loss is 0.6624200057983398 at epoch 630
INFO - 01/27/26 10:55:25 - 0:21:17 - At 631-th epoch with lr 0.000504.
INFO - 01/27/26 10:55:27 - 0:21:19 - Running average train loss is 0.6629216694831848 at epoch 631
INFO - 01/27/26 10:55:27 - 0:21:19 - At 632-th epoch with lr 0.000503.
INFO - 01/27/26 10:55:29 - 0:21:21 - Running average train loss is 0.6623028063774109 at epoch 632
INFO - 01/27/26 10:55:29 - 0:21:21 - At 633-th epoch with lr 0.000503.
INFO - 01/27/26 10:55:31 - 0:21:23 - Running average train loss is 0.6623970770835876 at epoch 633
INFO - 01/27/26 10:55:31 - 0:21:23 - At 634-th epoch with lr 0.000502.
INFO - 01/27/26 10:55:33 - 0:21:25 - Running average train loss is 0.6622644996643067 at epoch 634
INFO - 01/27/26 10:55:33 - 0:21:25 - At 635-th epoch with lr 0.000502.
INFO - 01/27/26 10:55:35 - 0:21:27 - Running average train loss is 0.6621047353744507 at epoch 635
INFO - 01/27/26 10:55:35 - 0:21:27 - At 636-th epoch with lr 0.000502.
INFO - 01/27/26 10:55:37 - 0:21:29 - Running average train loss is 0.6620413994789124 at epoch 636
INFO - 01/27/26 10:55:37 - 0:21:29 - At 637-th epoch with lr 0.000501.
INFO - 01/27/26 10:55:39 - 0:21:31 - Running average train loss is 0.6628921794891357 at epoch 637
INFO - 01/27/26 10:55:39 - 0:21:31 - At 638-th epoch with lr 0.000501.
INFO - 01/27/26 10:55:41 - 0:21:33 - Running average train loss is 0.662312924861908 at epoch 638
INFO - 01/27/26 10:55:41 - 0:21:33 - At 639-th epoch with lr 0.000500.
INFO - 01/27/26 10:55:43 - 0:21:35 - Running average train loss is 0.6623646092414855 at epoch 639
INFO - 01/27/26 10:55:43 - 0:21:35 - At 640-th epoch with lr 0.000500.
INFO - 01/27/26 10:55:45 - 0:21:36 - Running average train loss is 0.6620755362510681 at epoch 640
INFO - 01/27/26 10:55:45 - 0:21:37 - Average dev loss is 0.8580364982287089 at epoch 640
INFO - 01/27/26 10:55:45 - 0:21:37 - dev accuracy is 72.0 at epoch 640
INFO - 01/27/26 10:55:45 - 0:21:37 - dev average edit distance is 0.517 at epoch 640
INFO - 01/27/26 10:55:45 - 0:21:37 - At 641-th epoch with lr 0.000500.
INFO - 01/27/26 10:55:47 - 0:21:39 - Running average train loss is 0.6619657325744629 at epoch 641
INFO - 01/27/26 10:55:47 - 0:21:39 - At 642-th epoch with lr 0.000499.
INFO - 01/27/26 10:55:49 - 0:21:41 - Running average train loss is 0.6624261569976807 at epoch 642
INFO - 01/27/26 10:55:49 - 0:21:41 - At 643-th epoch with lr 0.000499.
INFO - 01/27/26 10:55:51 - 0:21:43 - Running average train loss is 0.6629349255561828 at epoch 643
INFO - 01/27/26 10:55:51 - 0:21:43 - At 644-th epoch with lr 0.000498.
INFO - 01/27/26 10:55:53 - 0:21:45 - Running average train loss is 0.6622375321388244 at epoch 644
INFO - 01/27/26 10:55:53 - 0:21:45 - At 645-th epoch with lr 0.000498.
INFO - 01/27/26 10:55:55 - 0:21:47 - Running average train loss is 0.6628127908706665 at epoch 645
INFO - 01/27/26 10:55:55 - 0:21:47 - At 646-th epoch with lr 0.000498.
INFO - 01/27/26 10:55:57 - 0:21:49 - Running average train loss is 0.662724859714508 at epoch 646
INFO - 01/27/26 10:55:57 - 0:21:49 - At 647-th epoch with lr 0.000497.
INFO - 01/27/26 10:55:59 - 0:21:51 - Running average train loss is 0.6623473620414734 at epoch 647
INFO - 01/27/26 10:55:59 - 0:21:51 - At 648-th epoch with lr 0.000497.
INFO - 01/27/26 10:56:01 - 0:21:53 - Running average train loss is 0.6623245334625244 at epoch 648
INFO - 01/27/26 10:56:01 - 0:21:53 - At 649-th epoch with lr 0.000497.
INFO - 01/27/26 10:56:03 - 0:21:55 - Running average train loss is 0.6622275519371033 at epoch 649
INFO - 01/27/26 10:56:03 - 0:21:55 - At 650-th epoch with lr 0.000496.
INFO - 01/27/26 10:56:05 - 0:21:57 - Running average train loss is 0.6621409225463867 at epoch 650
INFO - 01/27/26 10:56:05 - 0:21:57 - At 651-th epoch with lr 0.000496.
INFO - 01/27/26 10:56:07 - 0:21:59 - Running average train loss is 0.6617143273353576 at epoch 651
INFO - 01/27/26 10:56:07 - 0:21:59 - At 652-th epoch with lr 0.000495.
INFO - 01/27/26 10:56:09 - 0:22:00 - Running average train loss is 0.6622205376625061 at epoch 652
INFO - 01/27/26 10:56:09 - 0:22:00 - At 653-th epoch with lr 0.000495.
INFO - 01/27/26 10:56:11 - 0:22:02 - Running average train loss is 0.6623020529747009 at epoch 653
INFO - 01/27/26 10:56:11 - 0:22:02 - At 654-th epoch with lr 0.000495.
INFO - 01/27/26 10:56:13 - 0:22:04 - Running average train loss is 0.6625295114517212 at epoch 654
INFO - 01/27/26 10:56:13 - 0:22:04 - At 655-th epoch with lr 0.000494.
INFO - 01/27/26 10:56:14 - 0:22:06 - Running average train loss is 0.662116470336914 at epoch 655
INFO - 01/27/26 10:56:14 - 0:22:06 - At 656-th epoch with lr 0.000494.
INFO - 01/27/26 10:56:16 - 0:22:08 - Running average train loss is 0.6625413274765015 at epoch 656
INFO - 01/27/26 10:56:16 - 0:22:08 - Average dev loss is 0.8383705019950867 at epoch 656
INFO - 01/27/26 10:56:17 - 0:22:09 - dev accuracy is 73.4 at epoch 656
INFO - 01/27/26 10:56:17 - 0:22:09 - dev average edit distance is 0.481 at epoch 656
INFO - 01/27/26 10:56:17 - 0:22:09 - At 657-th epoch with lr 0.000493.
INFO - 01/27/26 10:56:19 - 0:22:11 - Running average train loss is 0.6624273037910462 at epoch 657
INFO - 01/27/26 10:56:19 - 0:22:11 - At 658-th epoch with lr 0.000493.
INFO - 01/27/26 10:56:21 - 0:22:13 - Running average train loss is 0.6619969129562377 at epoch 658
INFO - 01/27/26 10:56:21 - 0:22:13 - At 659-th epoch with lr 0.000493.
INFO - 01/27/26 10:56:23 - 0:22:15 - Running average train loss is 0.6620854759216308 at epoch 659
INFO - 01/27/26 10:56:23 - 0:22:15 - At 660-th epoch with lr 0.000492.
INFO - 01/27/26 10:56:25 - 0:22:17 - Running average train loss is 0.6624451756477356 at epoch 660
INFO - 01/27/26 10:56:25 - 0:22:17 - At 661-th epoch with lr 0.000492.
INFO - 01/27/26 10:56:27 - 0:22:19 - Running average train loss is 0.6626962852478028 at epoch 661
INFO - 01/27/26 10:56:27 - 0:22:19 - At 662-th epoch with lr 0.000492.
INFO - 01/27/26 10:56:29 - 0:22:21 - Running average train loss is 0.6623504042625428 at epoch 662
INFO - 01/27/26 10:56:29 - 0:22:21 - At 663-th epoch with lr 0.000491.
INFO - 01/27/26 10:56:31 - 0:22:23 - Running average train loss is 0.6622489261627197 at epoch 663
INFO - 01/27/26 10:56:31 - 0:22:23 - At 664-th epoch with lr 0.000491.
INFO - 01/27/26 10:56:33 - 0:22:24 - Running average train loss is 0.6624573302268982 at epoch 664
INFO - 01/27/26 10:56:33 - 0:22:24 - At 665-th epoch with lr 0.000491.
INFO - 01/27/26 10:56:35 - 0:22:26 - Running average train loss is 0.6616187286376953 at epoch 665
INFO - 01/27/26 10:56:35 - 0:22:26 - At 666-th epoch with lr 0.000490.
INFO - 01/27/26 10:56:37 - 0:22:28 - Running average train loss is 0.6622063827514648 at epoch 666
INFO - 01/27/26 10:56:37 - 0:22:28 - At 667-th epoch with lr 0.000490.
INFO - 01/27/26 10:56:38 - 0:22:30 - Running average train loss is 0.6623092293739319 at epoch 667
INFO - 01/27/26 10:56:38 - 0:22:30 - At 668-th epoch with lr 0.000489.
INFO - 01/27/26 10:56:40 - 0:22:32 - Running average train loss is 0.6616813015937805 at epoch 668
INFO - 01/27/26 10:56:40 - 0:22:32 - At 669-th epoch with lr 0.000489.
INFO - 01/27/26 10:56:42 - 0:22:34 - Running average train loss is 0.6621404576301575 at epoch 669
INFO - 01/27/26 10:56:42 - 0:22:34 - At 670-th epoch with lr 0.000489.
INFO - 01/27/26 10:56:44 - 0:22:36 - Running average train loss is 0.662222421169281 at epoch 670
INFO - 01/27/26 10:56:44 - 0:22:36 - At 671-th epoch with lr 0.000488.
INFO - 01/27/26 10:56:46 - 0:22:38 - Running average train loss is 0.6621122241020203 at epoch 671
INFO - 01/27/26 10:56:46 - 0:22:38 - At 672-th epoch with lr 0.000488.
INFO - 01/27/26 10:56:48 - 0:22:40 - Running average train loss is 0.6623421287536622 at epoch 672
INFO - 01/27/26 10:56:48 - 0:22:40 - Average dev loss is 0.8399154345194498 at epoch 672
INFO - 01/27/26 10:56:49 - 0:22:41 - dev accuracy is 75.8 at epoch 672
INFO - 01/27/26 10:56:49 - 0:22:41 - dev average edit distance is 0.462 at epoch 672
INFO - 01/27/26 10:56:49 - 0:22:41 - At 673-th epoch with lr 0.000488.
INFO - 01/27/26 10:56:51 - 0:22:43 - Running average train loss is 0.6619039750099183 at epoch 673
INFO - 01/27/26 10:56:51 - 0:22:43 - At 674-th epoch with lr 0.000487.
INFO - 01/27/26 10:56:53 - 0:22:45 - Running average train loss is 0.662111713886261 at epoch 674
INFO - 01/27/26 10:56:53 - 0:22:45 - At 675-th epoch with lr 0.000487.
INFO - 01/27/26 10:56:55 - 0:22:47 - Running average train loss is 0.6620702338218689 at epoch 675
INFO - 01/27/26 10:56:55 - 0:22:47 - At 676-th epoch with lr 0.000487.
INFO - 01/27/26 10:56:57 - 0:22:48 - Running average train loss is 0.6622019910812378 at epoch 676
INFO - 01/27/26 10:56:57 - 0:22:48 - At 677-th epoch with lr 0.000486.
INFO - 01/27/26 10:56:59 - 0:22:50 - Running average train loss is 0.6616101098060608 at epoch 677
INFO - 01/27/26 10:56:59 - 0:22:50 - At 678-th epoch with lr 0.000486.
INFO - 01/27/26 10:57:01 - 0:22:52 - Running average train loss is 0.662202570438385 at epoch 678
INFO - 01/27/26 10:57:01 - 0:22:52 - At 679-th epoch with lr 0.000485.
INFO - 01/27/26 10:57:02 - 0:22:54 - Running average train loss is 0.6619955849647522 at epoch 679
INFO - 01/27/26 10:57:02 - 0:22:54 - At 680-th epoch with lr 0.000485.
INFO - 01/27/26 10:57:04 - 0:22:56 - Running average train loss is 0.6619063472747803 at epoch 680
INFO - 01/27/26 10:57:04 - 0:22:56 - At 681-th epoch with lr 0.000485.
INFO - 01/27/26 10:57:06 - 0:22:58 - Running average train loss is 0.6621934843063354 at epoch 681
INFO - 01/27/26 10:57:06 - 0:22:58 - At 682-th epoch with lr 0.000484.
INFO - 01/27/26 10:57:08 - 0:23:00 - Running average train loss is 0.6620048570632935 at epoch 682
INFO - 01/27/26 10:57:08 - 0:23:00 - At 683-th epoch with lr 0.000484.
INFO - 01/27/26 10:57:10 - 0:23:02 - Running average train loss is 0.6624208784103394 at epoch 683
INFO - 01/27/26 10:57:10 - 0:23:02 - At 684-th epoch with lr 0.000484.
INFO - 01/27/26 10:57:12 - 0:23:04 - Running average train loss is 0.6621050310134887 at epoch 684
INFO - 01/27/26 10:57:12 - 0:23:04 - At 685-th epoch with lr 0.000483.
INFO - 01/27/26 10:57:14 - 0:23:06 - Running average train loss is 0.661985809803009 at epoch 685
INFO - 01/27/26 10:57:14 - 0:23:06 - At 686-th epoch with lr 0.000483.
INFO - 01/27/26 10:57:16 - 0:23:08 - Running average train loss is 0.6620879125595093 at epoch 686
INFO - 01/27/26 10:57:16 - 0:23:08 - At 687-th epoch with lr 0.000483.
INFO - 01/27/26 10:57:18 - 0:23:10 - Running average train loss is 0.6620644664764405 at epoch 687
INFO - 01/27/26 10:57:18 - 0:23:10 - At 688-th epoch with lr 0.000482.
INFO - 01/27/26 10:57:20 - 0:23:12 - Running average train loss is 0.6620443415641785 at epoch 688
INFO - 01/27/26 10:57:20 - 0:23:12 - Average dev loss is 0.84592604637146 at epoch 688
INFO - 01/27/26 10:57:21 - 0:23:12 - dev accuracy is 73.6 at epoch 688
INFO - 01/27/26 10:57:21 - 0:23:12 - dev average edit distance is 0.513 at epoch 688
INFO - 01/27/26 10:57:21 - 0:23:12 - At 689-th epoch with lr 0.000482.
INFO - 01/27/26 10:57:23 - 0:23:14 - Running average train loss is 0.6615391755104065 at epoch 689
INFO - 01/27/26 10:57:23 - 0:23:14 - At 690-th epoch with lr 0.000482.
INFO - 01/27/26 10:57:25 - 0:23:16 - Running average train loss is 0.6621359157562255 at epoch 690
INFO - 01/27/26 10:57:25 - 0:23:16 - At 691-th epoch with lr 0.000481.
INFO - 01/27/26 10:57:26 - 0:23:18 - Running average train loss is 0.6620077276229859 at epoch 691
INFO - 01/27/26 10:57:26 - 0:23:18 - At 692-th epoch with lr 0.000481.
INFO - 01/27/26 10:57:28 - 0:23:20 - Running average train loss is 0.6619659066200256 at epoch 692
INFO - 01/27/26 10:57:28 - 0:23:20 - At 693-th epoch with lr 0.000480.
INFO - 01/27/26 10:57:30 - 0:23:22 - Running average train loss is 0.6621668934822083 at epoch 693
INFO - 01/27/26 10:57:30 - 0:23:22 - At 694-th epoch with lr 0.000480.
INFO - 01/27/26 10:57:32 - 0:23:24 - Running average train loss is 0.66200847864151 at epoch 694
INFO - 01/27/26 10:57:32 - 0:23:24 - At 695-th epoch with lr 0.000480.
INFO - 01/27/26 10:57:34 - 0:23:26 - Running average train loss is 0.6617316389083863 at epoch 695
INFO - 01/27/26 10:57:34 - 0:23:26 - At 696-th epoch with lr 0.000479.
INFO - 01/27/26 10:57:36 - 0:23:28 - Running average train loss is 0.6617490553855896 at epoch 696
INFO - 01/27/26 10:57:36 - 0:23:28 - At 697-th epoch with lr 0.000479.
INFO - 01/27/26 10:57:38 - 0:23:30 - Running average train loss is 0.6617829060554504 at epoch 697
INFO - 01/27/26 10:57:38 - 0:23:30 - At 698-th epoch with lr 0.000479.
INFO - 01/27/26 10:57:40 - 0:23:32 - Running average train loss is 0.6616881632804871 at epoch 698
INFO - 01/27/26 10:57:40 - 0:23:32 - At 699-th epoch with lr 0.000478.
INFO - 01/27/26 10:57:42 - 0:23:34 - Running average train loss is 0.6615774798393249 at epoch 699
INFO - 01/27/26 10:57:42 - 0:23:34 - At 700-th epoch with lr 0.000478.
INFO - 01/27/26 10:57:44 - 0:23:36 - Running average train loss is 0.6618622064590454 at epoch 700
INFO - 01/27/26 10:57:44 - 0:23:36 - At 701-th epoch with lr 0.000478.
INFO - 01/27/26 10:57:46 - 0:23:38 - Running average train loss is 0.661572904586792 at epoch 701
INFO - 01/27/26 10:57:46 - 0:23:38 - At 702-th epoch with lr 0.000477.
INFO - 01/27/26 10:57:48 - 0:23:40 - Running average train loss is 0.6620987939834595 at epoch 702
INFO - 01/27/26 10:57:48 - 0:23:40 - At 703-th epoch with lr 0.000477.
INFO - 01/27/26 10:57:50 - 0:23:41 - Running average train loss is 0.6618400502204895 at epoch 703
INFO - 01/27/26 10:57:50 - 0:23:41 - At 704-th epoch with lr 0.000477.
INFO - 01/27/26 10:57:52 - 0:23:43 - Running average train loss is 0.6615953087806702 at epoch 704
INFO - 01/27/26 10:57:52 - 0:23:43 - Average dev loss is 0.8564941088358561 at epoch 704
INFO - 01/27/26 10:57:52 - 0:23:44 - dev accuracy is 72.3 at epoch 704
INFO - 01/27/26 10:57:52 - 0:23:44 - dev average edit distance is 0.537 at epoch 704
INFO - 01/27/26 10:57:52 - 0:23:44 - At 705-th epoch with lr 0.000476.
INFO - 01/27/26 10:57:54 - 0:23:46 - Running average train loss is 0.6620406174659729 at epoch 705
INFO - 01/27/26 10:57:54 - 0:23:46 - At 706-th epoch with lr 0.000476.
INFO - 01/27/26 10:57:56 - 0:23:48 - Running average train loss is 0.6621748232841491 at epoch 706
INFO - 01/27/26 10:57:56 - 0:23:48 - At 707-th epoch with lr 0.000476.
INFO - 01/27/26 10:57:58 - 0:23:50 - Running average train loss is 0.6624056720733642 at epoch 707
INFO - 01/27/26 10:57:58 - 0:23:50 - At 708-th epoch with lr 0.000475.
INFO - 01/27/26 10:58:00 - 0:23:52 - Running average train loss is 0.6617178606987 at epoch 708
INFO - 01/27/26 10:58:00 - 0:23:52 - At 709-th epoch with lr 0.000475.
INFO - 01/27/26 10:58:02 - 0:23:54 - Running average train loss is 0.6617763662338256 at epoch 709
INFO - 01/27/26 10:58:02 - 0:23:54 - At 710-th epoch with lr 0.000475.
INFO - 01/27/26 10:58:04 - 0:23:56 - Running average train loss is 0.6617183303833007 at epoch 710
INFO - 01/27/26 10:58:04 - 0:23:56 - At 711-th epoch with lr 0.000474.
INFO - 01/27/26 10:58:06 - 0:23:58 - Running average train loss is 0.6615392327308655 at epoch 711
INFO - 01/27/26 10:58:06 - 0:23:58 - At 712-th epoch with lr 0.000474.
INFO - 01/27/26 10:58:08 - 0:24:00 - Running average train loss is 0.6618749260902405 at epoch 712
INFO - 01/27/26 10:58:08 - 0:24:00 - At 713-th epoch with lr 0.000474.
INFO - 01/27/26 10:58:10 - 0:24:02 - Running average train loss is 0.6616978240013123 at epoch 713
INFO - 01/27/26 10:58:10 - 0:24:02 - At 714-th epoch with lr 0.000473.
INFO - 01/27/26 10:58:12 - 0:24:03 - Running average train loss is 0.6619120073318482 at epoch 714
INFO - 01/27/26 10:58:12 - 0:24:03 - At 715-th epoch with lr 0.000473.
INFO - 01/27/26 10:58:14 - 0:24:05 - Running average train loss is 0.6623446369171142 at epoch 715
INFO - 01/27/26 10:58:14 - 0:24:05 - At 716-th epoch with lr 0.000473.
INFO - 01/27/26 10:58:16 - 0:24:07 - Running average train loss is 0.6617843532562255 at epoch 716
INFO - 01/27/26 10:58:16 - 0:24:07 - At 717-th epoch with lr 0.000472.
INFO - 01/27/26 10:58:17 - 0:24:09 - Running average train loss is 0.6615516328811646 at epoch 717
INFO - 01/27/26 10:58:17 - 0:24:09 - At 718-th epoch with lr 0.000472.
INFO - 01/27/26 10:58:19 - 0:24:11 - Running average train loss is 0.6618137192726136 at epoch 718
INFO - 01/27/26 10:58:19 - 0:24:11 - At 719-th epoch with lr 0.000472.
INFO - 01/27/26 10:58:21 - 0:24:13 - Running average train loss is 0.6618083024024963 at epoch 719
INFO - 01/27/26 10:58:21 - 0:24:13 - At 720-th epoch with lr 0.000471.
INFO - 01/27/26 10:58:23 - 0:24:15 - Running average train loss is 0.6622409105300904 at epoch 720
INFO - 01/27/26 10:58:23 - 0:24:15 - Average dev loss is 0.8336459398269653 at epoch 720
INFO - 01/27/26 10:58:24 - 0:24:16 - dev accuracy is 76.5 at epoch 720
INFO - 01/27/26 10:58:24 - 0:24:16 - dev average edit distance is 0.431 at epoch 720
INFO - 01/27/26 10:58:24 - 0:24:16 - At 721-th epoch with lr 0.000471.
INFO - 01/27/26 10:58:26 - 0:24:18 - Running average train loss is 0.6623315143585206 at epoch 721
INFO - 01/27/26 10:58:26 - 0:24:18 - At 722-th epoch with lr 0.000471.
INFO - 01/27/26 10:58:28 - 0:24:20 - Running average train loss is 0.6616498184204102 at epoch 722
INFO - 01/27/26 10:58:28 - 0:24:20 - At 723-th epoch with lr 0.000470.
INFO - 01/27/26 10:58:30 - 0:24:22 - Running average train loss is 0.6618619537353516 at epoch 723
INFO - 01/27/26 10:58:30 - 0:24:22 - At 724-th epoch with lr 0.000470.
INFO - 01/27/26 10:58:32 - 0:24:24 - Running average train loss is 0.6615027904510498 at epoch 724
INFO - 01/27/26 10:58:32 - 0:24:24 - At 725-th epoch with lr 0.000470.
INFO - 01/27/26 10:58:34 - 0:24:26 - Running average train loss is 0.6615764355659485 at epoch 725
INFO - 01/27/26 10:58:34 - 0:24:26 - At 726-th epoch with lr 0.000469.
INFO - 01/27/26 10:58:36 - 0:24:28 - Running average train loss is 0.6616552591323852 at epoch 726
INFO - 01/27/26 10:58:36 - 0:24:28 - At 727-th epoch with lr 0.000469.
INFO - 01/27/26 10:58:38 - 0:24:30 - Running average train loss is 0.661858479976654 at epoch 727
INFO - 01/27/26 10:58:38 - 0:24:30 - At 728-th epoch with lr 0.000469.
INFO - 01/27/26 10:58:40 - 0:24:31 - Running average train loss is 0.6618724989891053 at epoch 728
INFO - 01/27/26 10:58:40 - 0:24:31 - At 729-th epoch with lr 0.000468.
INFO - 01/27/26 10:58:42 - 0:24:33 - Running average train loss is 0.6615445590019227 at epoch 729
INFO - 01/27/26 10:58:42 - 0:24:33 - At 730-th epoch with lr 0.000468.
INFO - 01/27/26 10:58:43 - 0:24:35 - Running average train loss is 0.6612747979164123 at epoch 730
INFO - 01/27/26 10:58:43 - 0:24:35 - At 731-th epoch with lr 0.000468.
INFO - 01/27/26 10:58:45 - 0:24:37 - Running average train loss is 0.6619832253456116 at epoch 731
INFO - 01/27/26 10:58:45 - 0:24:37 - At 732-th epoch with lr 0.000468.
INFO - 01/27/26 10:58:47 - 0:24:39 - Running average train loss is 0.6617622828483581 at epoch 732
INFO - 01/27/26 10:58:47 - 0:24:39 - At 733-th epoch with lr 0.000467.
INFO - 01/27/26 10:58:49 - 0:24:41 - Running average train loss is 0.6619076728820801 at epoch 733
INFO - 01/27/26 10:58:49 - 0:24:41 - At 734-th epoch with lr 0.000467.
INFO - 01/27/26 10:58:51 - 0:24:43 - Running average train loss is 0.6613099527359009 at epoch 734
INFO - 01/27/26 10:58:51 - 0:24:43 - At 735-th epoch with lr 0.000467.
INFO - 01/27/26 10:58:53 - 0:24:45 - Running average train loss is 0.6613248562812806 at epoch 735
INFO - 01/27/26 10:58:53 - 0:24:45 - At 736-th epoch with lr 0.000466.
INFO - 01/27/26 10:58:55 - 0:24:47 - Running average train loss is 0.6616017270088196 at epoch 736
INFO - 01/27/26 10:58:55 - 0:24:47 - Average dev loss is 0.86895885070165 at epoch 736
INFO - 01/27/26 10:58:56 - 0:24:48 - dev accuracy is 75.1 at epoch 736
INFO - 01/27/26 10:58:56 - 0:24:48 - dev average edit distance is 0.484 at epoch 736
INFO - 01/27/26 10:58:56 - 0:24:48 - At 737-th epoch with lr 0.000466.
INFO - 01/27/26 10:58:58 - 0:24:50 - Running average train loss is 0.661344780921936 at epoch 737
INFO - 01/27/26 10:58:58 - 0:24:50 - At 738-th epoch with lr 0.000466.
INFO - 01/27/26 10:59:00 - 0:24:52 - Running average train loss is 0.6617761468887329 at epoch 738
INFO - 01/27/26 10:59:00 - 0:24:52 - At 739-th epoch with lr 0.000465.
INFO - 01/27/26 10:59:02 - 0:24:54 - Running average train loss is 0.6618007516860962 at epoch 739
INFO - 01/27/26 10:59:02 - 0:24:54 - At 740-th epoch with lr 0.000465.
INFO - 01/27/26 10:59:04 - 0:24:56 - Running average train loss is 0.661762375831604 at epoch 740
INFO - 01/27/26 10:59:04 - 0:24:56 - At 741-th epoch with lr 0.000465.
INFO - 01/27/26 10:59:06 - 0:24:58 - Running average train loss is 0.6617779636383057 at epoch 741
INFO - 01/27/26 10:59:06 - 0:24:58 - At 742-th epoch with lr 0.000464.
INFO - 01/27/26 10:59:08 - 0:25:00 - Running average train loss is 0.6620691490173339 at epoch 742
INFO - 01/27/26 10:59:08 - 0:25:00 - At 743-th epoch with lr 0.000464.
INFO - 01/27/26 10:59:10 - 0:25:02 - Running average train loss is 0.6619997620582581 at epoch 743
INFO - 01/27/26 10:59:10 - 0:25:02 - At 744-th epoch with lr 0.000464.
INFO - 01/27/26 10:59:12 - 0:25:04 - Running average train loss is 0.6620346355438232 at epoch 744
INFO - 01/27/26 10:59:12 - 0:25:04 - At 745-th epoch with lr 0.000463.
INFO - 01/27/26 10:59:14 - 0:25:06 - Running average train loss is 0.661731231212616 at epoch 745
INFO - 01/27/26 10:59:14 - 0:25:06 - At 746-th epoch with lr 0.000463.
INFO - 01/27/26 10:59:16 - 0:25:08 - Running average train loss is 0.6612997603416443 at epoch 746
INFO - 01/27/26 10:59:16 - 0:25:08 - At 747-th epoch with lr 0.000463.
INFO - 01/27/26 10:59:18 - 0:25:10 - Running average train loss is 0.6615309524536133 at epoch 747
INFO - 01/27/26 10:59:18 - 0:25:10 - At 748-th epoch with lr 0.000462.
INFO - 01/27/26 10:59:20 - 0:25:12 - Running average train loss is 0.6617056465148926 at epoch 748
INFO - 01/27/26 10:59:20 - 0:25:12 - At 749-th epoch with lr 0.000462.
INFO - 01/27/26 10:59:22 - 0:25:14 - Running average train loss is 0.6620870971679688 at epoch 749
INFO - 01/27/26 10:59:22 - 0:25:14 - At 750-th epoch with lr 0.000462.
INFO - 01/27/26 10:59:24 - 0:25:16 - Running average train loss is 0.6617273044586182 at epoch 750
INFO - 01/27/26 10:59:24 - 0:25:16 - At 751-th epoch with lr 0.000462.
INFO - 01/27/26 10:59:26 - 0:25:18 - Running average train loss is 0.6617565727233887 at epoch 751
INFO - 01/27/26 10:59:26 - 0:25:18 - At 752-th epoch with lr 0.000461.
INFO - 01/27/26 10:59:28 - 0:25:20 - Running average train loss is 0.6613414692878723 at epoch 752
INFO - 01/27/26 10:59:28 - 0:25:20 - Average dev loss is 0.8465908368428549 at epoch 752
INFO - 01/27/26 10:59:28 - 0:25:20 - dev accuracy is 73.9 at epoch 752
INFO - 01/27/26 10:59:28 - 0:25:20 - dev average edit distance is 0.482 at epoch 752
INFO - 01/27/26 10:59:28 - 0:25:20 - At 753-th epoch with lr 0.000461.
INFO - 01/27/26 10:59:30 - 0:25:22 - Running average train loss is 0.6618460202217102 at epoch 753
INFO - 01/27/26 10:59:30 - 0:25:22 - At 754-th epoch with lr 0.000461.
INFO - 01/27/26 10:59:32 - 0:25:24 - Running average train loss is 0.6612176656723022 at epoch 754
INFO - 01/27/26 10:59:32 - 0:25:24 - At 755-th epoch with lr 0.000460.
INFO - 01/27/26 10:59:34 - 0:25:26 - Running average train loss is 0.661767041683197 at epoch 755
INFO - 01/27/26 10:59:34 - 0:25:26 - At 756-th epoch with lr 0.000460.
INFO - 01/27/26 10:59:36 - 0:25:28 - Running average train loss is 0.6615859580039978 at epoch 756
INFO - 01/27/26 10:59:36 - 0:25:28 - At 757-th epoch with lr 0.000460.
INFO - 01/27/26 10:59:38 - 0:25:30 - Running average train loss is 0.6617710638046265 at epoch 757
INFO - 01/27/26 10:59:38 - 0:25:30 - At 758-th epoch with lr 0.000459.
INFO - 01/27/26 10:59:40 - 0:25:32 - Running average train loss is 0.6614063167572022 at epoch 758
INFO - 01/27/26 10:59:40 - 0:25:32 - At 759-th epoch with lr 0.000459.
INFO - 01/27/26 10:59:42 - 0:25:34 - Running average train loss is 0.6617524456977845 at epoch 759
INFO - 01/27/26 10:59:42 - 0:25:34 - At 760-th epoch with lr 0.000459.
INFO - 01/27/26 10:59:44 - 0:25:36 - Running average train loss is 0.6622020149230957 at epoch 760
INFO - 01/27/26 10:59:44 - 0:25:36 - At 761-th epoch with lr 0.000459.
INFO - 01/27/26 10:59:46 - 0:25:38 - Running average train loss is 0.6619163608551025 at epoch 761
INFO - 01/27/26 10:59:46 - 0:25:38 - At 762-th epoch with lr 0.000458.
INFO - 01/27/26 10:59:48 - 0:25:40 - Running average train loss is 0.6615102314949035 at epoch 762
INFO - 01/27/26 10:59:48 - 0:25:40 - At 763-th epoch with lr 0.000458.
INFO - 01/27/26 10:59:50 - 0:25:42 - Running average train loss is 0.6614592623710632 at epoch 763
INFO - 01/27/26 10:59:50 - 0:25:42 - At 764-th epoch with lr 0.000458.
INFO - 01/27/26 10:59:52 - 0:25:44 - Running average train loss is 0.6616809177398681 at epoch 764
INFO - 01/27/26 10:59:52 - 0:25:44 - At 765-th epoch with lr 0.000457.
INFO - 01/27/26 10:59:54 - 0:25:46 - Running average train loss is 0.66164541721344 at epoch 765
INFO - 01/27/26 10:59:54 - 0:25:46 - At 766-th epoch with lr 0.000457.
INFO - 01/27/26 10:59:56 - 0:25:48 - Running average train loss is 0.6621606612205505 at epoch 766
INFO - 01/27/26 10:59:56 - 0:25:48 - At 767-th epoch with lr 0.000457.
INFO - 01/27/26 10:59:58 - 0:25:50 - Running average train loss is 0.6614641332626343 at epoch 767
INFO - 01/27/26 10:59:58 - 0:25:50 - At 768-th epoch with lr 0.000456.
INFO - 01/27/26 11:00:00 - 0:25:52 - Running average train loss is 0.6612719106674194 at epoch 768
INFO - 01/27/26 11:00:00 - 0:25:52 - Average dev loss is 0.8453836838404337 at epoch 768
INFO - 01/27/26 11:00:01 - 0:25:52 - dev accuracy is 74.0 at epoch 768
INFO - 01/27/26 11:00:01 - 0:25:52 - dev average edit distance is 0.484 at epoch 768
INFO - 01/27/26 11:00:01 - 0:25:53 - At 769-th epoch with lr 0.000456.
INFO - 01/27/26 11:00:03 - 0:25:55 - Running average train loss is 0.6617645096778869 at epoch 769
INFO - 01/27/26 11:00:03 - 0:25:55 - At 770-th epoch with lr 0.000456.
INFO - 01/27/26 11:00:05 - 0:25:57 - Running average train loss is 0.6620379710197448 at epoch 770
INFO - 01/27/26 11:00:05 - 0:25:57 - At 771-th epoch with lr 0.000456.
INFO - 01/27/26 11:00:07 - 0:25:59 - Running average train loss is 0.6614472675323486 at epoch 771
INFO - 01/27/26 11:00:07 - 0:25:59 - At 772-th epoch with lr 0.000455.
INFO - 01/27/26 11:00:09 - 0:26:01 - Running average train loss is 0.6614487743377686 at epoch 772
INFO - 01/27/26 11:00:09 - 0:26:01 - At 773-th epoch with lr 0.000455.
INFO - 01/27/26 11:00:11 - 0:26:03 - Running average train loss is 0.6617994046211243 at epoch 773
INFO - 01/27/26 11:00:11 - 0:26:03 - At 774-th epoch with lr 0.000455.
INFO - 01/27/26 11:00:13 - 0:26:05 - Running average train loss is 0.6612743878364563 at epoch 774
INFO - 01/27/26 11:00:13 - 0:26:05 - At 775-th epoch with lr 0.000454.
INFO - 01/27/26 11:00:15 - 0:26:06 - Running average train loss is 0.6622687578201294 at epoch 775
INFO - 01/27/26 11:00:15 - 0:26:06 - At 776-th epoch with lr 0.000454.
INFO - 01/27/26 11:00:17 - 0:26:08 - Running average train loss is 0.6615234541893006 at epoch 776
INFO - 01/27/26 11:00:17 - 0:26:08 - At 777-th epoch with lr 0.000454.
INFO - 01/27/26 11:00:18 - 0:26:10 - Running average train loss is 0.6615483903884888 at epoch 777
INFO - 01/27/26 11:00:18 - 0:26:10 - At 778-th epoch with lr 0.000453.
INFO - 01/27/26 11:00:20 - 0:26:12 - Running average train loss is 0.6612841510772705 at epoch 778
INFO - 01/27/26 11:00:20 - 0:26:12 - At 779-th epoch with lr 0.000453.
INFO - 01/27/26 11:00:22 - 0:26:14 - Running average train loss is 0.6613472437858582 at epoch 779
INFO - 01/27/26 11:00:22 - 0:26:14 - At 780-th epoch with lr 0.000453.
INFO - 01/27/26 11:00:24 - 0:26:16 - Running average train loss is 0.661542649269104 at epoch 780
INFO - 01/27/26 11:00:24 - 0:26:16 - At 781-th epoch with lr 0.000453.
INFO - 01/27/26 11:00:26 - 0:26:18 - Running average train loss is 0.6619035673141479 at epoch 781
INFO - 01/27/26 11:00:26 - 0:26:18 - At 782-th epoch with lr 0.000452.
INFO - 01/27/26 11:00:28 - 0:26:20 - Running average train loss is 0.6621738886833191 at epoch 782
INFO - 01/27/26 11:00:28 - 0:26:20 - At 783-th epoch with lr 0.000452.
INFO - 01/27/26 11:00:30 - 0:26:22 - Running average train loss is 0.6620339560508728 at epoch 783
INFO - 01/27/26 11:00:30 - 0:26:22 - At 784-th epoch with lr 0.000452.
INFO - 01/27/26 11:00:32 - 0:26:24 - Running average train loss is 0.6614440178871155 at epoch 784
INFO - 01/27/26 11:00:32 - 0:26:24 - Average dev loss is 0.8428351879119873 at epoch 784
INFO - 01/27/26 11:00:33 - 0:26:24 - dev accuracy is 74.2 at epoch 784
INFO - 01/27/26 11:00:33 - 0:26:24 - dev average edit distance is 0.487 at epoch 784
INFO - 01/27/26 11:00:33 - 0:26:25 - At 785-th epoch with lr 0.000451.
INFO - 01/27/26 11:00:35 - 0:26:26 - Running average train loss is 0.6615292429924011 at epoch 785
INFO - 01/27/26 11:00:35 - 0:26:26 - At 786-th epoch with lr 0.000451.
INFO - 01/27/26 11:00:37 - 0:26:28 - Running average train loss is 0.6614801764488221 at epoch 786
INFO - 01/27/26 11:00:37 - 0:26:28 - At 787-th epoch with lr 0.000451.
INFO - 01/27/26 11:00:39 - 0:26:30 - Running average train loss is 0.6613006401062012 at epoch 787
INFO - 01/27/26 11:00:39 - 0:26:30 - At 788-th epoch with lr 0.000451.
INFO - 01/27/26 11:00:40 - 0:26:32 - Running average train loss is 0.661600079536438 at epoch 788
INFO - 01/27/26 11:00:40 - 0:26:32 - At 789-th epoch with lr 0.000450.
INFO - 01/27/26 11:00:43 - 0:26:35 - Running average train loss is 0.6615164589881897 at epoch 789
INFO - 01/27/26 11:00:43 - 0:26:35 - At 790-th epoch with lr 0.000450.
INFO - 01/27/26 11:00:45 - 0:26:36 - Running average train loss is 0.6611697769165039 at epoch 790
INFO - 01/27/26 11:00:45 - 0:26:36 - At 791-th epoch with lr 0.000450.
INFO - 01/27/26 11:00:47 - 0:26:38 - Running average train loss is 0.6616756772994995 at epoch 791
INFO - 01/27/26 11:00:47 - 0:26:38 - At 792-th epoch with lr 0.000449.
INFO - 01/27/26 11:00:49 - 0:26:40 - Running average train loss is 0.6618319082260132 at epoch 792
INFO - 01/27/26 11:00:49 - 0:26:40 - At 793-th epoch with lr 0.000449.
INFO - 01/27/26 11:00:50 - 0:26:42 - Running average train loss is 0.6616725754737854 at epoch 793
INFO - 01/27/26 11:00:50 - 0:26:42 - At 794-th epoch with lr 0.000449.
INFO - 01/27/26 11:00:52 - 0:26:44 - Running average train loss is 0.6615733242034912 at epoch 794
INFO - 01/27/26 11:00:52 - 0:26:44 - At 795-th epoch with lr 0.000449.
INFO - 01/27/26 11:00:54 - 0:26:46 - Running average train loss is 0.661382429599762 at epoch 795
INFO - 01/27/26 11:00:54 - 0:26:46 - At 796-th epoch with lr 0.000448.
INFO - 01/27/26 11:00:56 - 0:26:48 - Running average train loss is 0.6610062336921692 at epoch 796
INFO - 01/27/26 11:00:56 - 0:26:48 - At 797-th epoch with lr 0.000448.
INFO - 01/27/26 11:00:58 - 0:26:50 - Running average train loss is 0.6613724303245544 at epoch 797
INFO - 01/27/26 11:00:58 - 0:26:50 - At 798-th epoch with lr 0.000448.
INFO - 01/27/26 11:01:00 - 0:26:52 - Running average train loss is 0.661688482761383 at epoch 798
INFO - 01/27/26 11:01:00 - 0:26:52 - At 799-th epoch with lr 0.000447.
INFO - 01/27/26 11:01:02 - 0:26:54 - Running average train loss is 0.6615211844444275 at epoch 799
INFO - 01/27/26 11:01:02 - 0:26:54 - Average dev loss is 0.8589669466018677 at epoch 799
INFO - 01/27/26 11:01:03 - 0:26:55 - dev accuracy is 73.2 at epoch 799
INFO - 01/27/26 11:01:03 - 0:26:55 - dev average edit distance is 0.55 at epoch 799
INFO - 01/27/26 11:01:03 - 0:26:55 - loading checkpoints/sig23/tagtransformer/sme.nll_0.8265.acc_79.3.dist_0.403.epoch_464 for testing
INFO - 01/27/26 11:01:03 - 0:26:55 - load model in checkpoints/sig23/tagtransformer/sme.nll_0.8265.acc_79.3.dist_0.403.epoch_464
INFO - 01/27/26 11:01:03 - 0:26:55 - Average dev loss is 0.8265392184257507 at epoch -1
INFO - 01/27/26 11:01:03 - 0:26:55 - decoding dev set
INFO - 01/27/26 11:01:04 - 0:26:56 - finished decoding 1000 dev instance
INFO - 01/27/26 11:01:04 - 0:26:56 - DEV accuracy is 79.3 at epoch -1
INFO - 01/27/26 11:01:04 - 0:26:56 - DEV average edit distance is 0.403 at epoch -1
INFO - 01/27/26 11:01:04 - 0:26:56 - DEV sme acc 79.3 dist 0.403
INFO - 01/27/26 11:01:04 - 0:26:56 - Average test loss is 0.8923444151878357 at epoch -1
INFO - 01/27/26 11:01:04 - 0:26:56 - decoding test set
INFO - 01/27/26 11:01:05 - 0:26:57 - finished decoding 1000 test instance
INFO - 01/27/26 11:01:05 - 0:26:57 - TEST accuracy is 73.5 at epoch -1
INFO - 01/27/26 11:01:05 - 0:26:57 - TEST average edit distance is 0.645 at epoch -1
INFO - 01/27/26 11:01:05 - 0:26:57 - TEST sme acc 73.5 dist 0.645
INFO - 01/29/26 10:26:46 - 0:00:00 - command line argument: seed - 0
INFO - 01/29/26 10:26:46 - 0:00:00 - command line argument: train - ['../../2023InflectionST/part1/data/sme.trn']
INFO - 01/29/26 10:26:46 - 0:00:00 - command line argument: dev - ['../../2023InflectionST/part1/data/sme.dev']
INFO - 01/29/26 10:26:46 - 0:00:00 - command line argument: test - ['../../2023InflectionST/part1/data/sme.tst']
INFO - 01/29/26 10:26:46 - 0:00:00 - command line argument: model - 'checkpoints/sig23/tagtransformer/sme'
INFO - 01/29/26 10:26:46 - 0:00:00 - command line argument: load - ''
INFO - 01/29/26 10:26:46 - 0:00:00 - command line argument: bs - 400
INFO - 01/29/26 10:26:46 - 0:00:00 - command line argument: epochs - 20
INFO - 01/29/26 10:26:46 - 0:00:00 - command line argument: max_steps - 20000
INFO - 01/29/26 10:26:46 - 0:00:00 - command line argument: warmup_steps - 4000
INFO - 01/29/26 10:26:46 - 0:00:00 - command line argument: total_eval - 50
INFO - 01/29/26 10:26:46 - 0:00:00 - command line argument: optimizer - <Optimizer.adam: 'adam'>
INFO - 01/29/26 10:26:46 - 0:00:00 - command line argument: scheduler - <Scheduler.warmupinvsqr: 'warmupinvsqr'>
INFO - 01/29/26 10:26:46 - 0:00:00 - command line argument: lr - 0.001
INFO - 01/29/26 10:26:46 - 0:00:00 - command line argument: min_lr - 1e-05
INFO - 01/29/26 10:26:46 - 0:00:00 - command line argument: momentum - 0.9
INFO - 01/29/26 10:26:46 - 0:00:00 - command line argument: beta1 - 0.9
INFO - 01/29/26 10:26:46 - 0:00:00 - command line argument: beta2 - 0.98
INFO - 01/29/26 10:26:46 - 0:00:00 - command line argument: estop - 1e-08
INFO - 01/29/26 10:26:46 - 0:00:00 - command line argument: cooldown - 0
INFO - 01/29/26 10:26:46 - 0:00:00 - command line argument: patience - 0
INFO - 01/29/26 10:26:46 - 0:00:00 - command line argument: discount_factor - 0.5
INFO - 01/29/26 10:26:46 - 0:00:00 - command line argument: max_norm - 1.0
INFO - 01/29/26 10:26:46 - 0:00:00 - command line argument: gpuid - [0]
INFO - 01/29/26 10:26:46 - 0:00:00 - command line argument: loglevel - 'info'
INFO - 01/29/26 10:26:46 - 0:00:00 - command line argument: saveall - False
INFO - 01/29/26 10:26:46 - 0:00:00 - command line argument: shuffle - True
INFO - 01/29/26 10:26:46 - 0:00:00 - command line argument: cleanup_anyway - True
INFO - 01/29/26 10:26:46 - 0:00:00 - command line argument: dataset - <Data.sigmorphon23task0: 'sigmorphon23task0'>
INFO - 01/29/26 10:26:46 - 0:00:00 - command line argument: max_seq_len - 128
INFO - 01/29/26 10:26:46 - 0:00:00 - command line argument: max_decode_len - 32
INFO - 01/29/26 10:26:46 - 0:00:00 - command line argument: decode_beam_size - 5
INFO - 01/29/26 10:26:46 - 0:00:00 - command line argument: init - ''
INFO - 01/29/26 10:26:46 - 0:00:00 - command line argument: dropout - 0.3
INFO - 01/29/26 10:26:46 - 0:00:00 - command line argument: embed_dim - 256
INFO - 01/29/26 10:26:46 - 0:00:00 - command line argument: nb_heads - 4
INFO - 01/29/26 10:26:46 - 0:00:00 - command line argument: src_layer - 4
INFO - 01/29/26 10:26:46 - 0:00:00 - command line argument: trg_layer - 4
INFO - 01/29/26 10:26:46 - 0:00:00 - command line argument: src_hs - 1024
INFO - 01/29/26 10:26:46 - 0:00:00 - command line argument: trg_hs - 1024
INFO - 01/29/26 10:26:46 - 0:00:00 - command line argument: label_smooth - 0.1
INFO - 01/29/26 10:26:46 - 0:00:00 - command line argument: tie_trg_embed - False
INFO - 01/29/26 10:26:46 - 0:00:00 - command line argument: arch - <Arch.tagtransformer: 'tagtransformer'>
INFO - 01/29/26 10:26:46 - 0:00:00 - command line argument: nb_sample - 2
INFO - 01/29/26 10:26:46 - 0:00:00 - command line argument: wid_siz - 11
INFO - 01/29/26 10:26:46 - 0:00:00 - command line argument: indtag - False
INFO - 01/29/26 10:26:46 - 0:00:00 - command line argument: decode - <Decode.greedy: 'greedy'>
INFO - 01/29/26 10:26:46 - 0:00:00 - command line argument: mono - False
INFO - 01/29/26 10:26:46 - 0:00:00 - command line argument: bestacc - True
INFO - 01/29/26 10:26:46 - 0:00:00 - src vocab size 59
INFO - 01/29/26 10:26:46 - 0:00:00 - trg vocab size 34
INFO - 01/29/26 10:26:46 - 0:00:00 - src vocab ['<PAD>', '<BOS>', '<EOS>', '<UNK>', "'", 'a', 'b', 'c', 'd', 'e', 'f', 'g', 'h', 'i', 'j', 'k', 'l', 'm', 'n', 'o', 'p', 'r', 's', 't', 'u', 'v', 'y', 'z', 'á', 'č', 'đ', 'ŋ', 'š', 'ž', 'ACC', 'ADJ', 'COM', 'COND', 'FRML', 'GEN', 'IMP', 'IN+ALL', 'IND', 'LGSPEC1', 'N', 'NOM', 'NOM-1', 'NOM-2', 'NOM-3', 'NOM-DU', 'NOM-PL', 'NOM-SG', 'PL', 'POT', 'PRP', 'PRS', 'PST', 'SG', 'V']
INFO - 01/29/26 10:26:46 - 0:00:00 - trg vocab ['<PAD>', '<BOS>', '<EOS>', '<UNK>', "'", 'a', 'b', 'c', 'd', 'e', 'f', 'g', 'h', 'i', 'j', 'k', 'l', 'm', 'n', 'o', 'p', 'r', 's', 't', 'u', 'v', 'y', 'z', 'á', 'č', 'đ', 'ŋ', 'š', 'ž']
INFO - 01/29/26 10:26:46 - 0:00:00 - model: TagTransformer(
                                       (src_embed): Embedding(59, 256, padding_idx=0)
                                       (trg_embed): Embedding(34, 256, padding_idx=0)
                                       (position_embed): SinusoidalPositionalEmbedding()
                                       (encoder): TransformerEncoder(
                                         (layers): ModuleList(
                                           (0): TransformerEncoderLayer(
                                             (self_attn): MultiheadAttention(
                                               (out_proj): _LinearWithBias(in_features=256, out_features=256, bias=True)
                                             )
                                             (linear1): Linear(in_features=256, out_features=1024, bias=True)
                                             (dropout): Dropout(p=0.3, inplace=False)
                                             (linear2): Linear(in_features=1024, out_features=256, bias=True)
                                             (norm1): LayerNorm((256,), eps=1e-05, elementwise_affine=True)
                                             (norm2): LayerNorm((256,), eps=1e-05, elementwise_affine=True)
                                             (activation_dropout): Dropout(p=0.3, inplace=False)
                                           )
                                           (1): TransformerEncoderLayer(
                                             (self_attn): MultiheadAttention(
                                               (out_proj): _LinearWithBias(in_features=256, out_features=256, bias=True)
                                             )
                                             (linear1): Linear(in_features=256, out_features=1024, bias=True)
                                             (dropout): Dropout(p=0.3, inplace=False)
                                             (linear2): Linear(in_features=1024, out_features=256, bias=True)
                                             (norm1): LayerNorm((256,), eps=1e-05, elementwise_affine=True)
                                             (norm2): LayerNorm((256,), eps=1e-05, elementwise_affine=True)
                                             (activation_dropout): Dropout(p=0.3, inplace=False)
                                           )
                                           (2): TransformerEncoderLayer(
                                             (self_attn): MultiheadAttention(
                                               (out_proj): _LinearWithBias(in_features=256, out_features=256, bias=True)
                                             )
                                             (linear1): Linear(in_features=256, out_features=1024, bias=True)
                                             (dropout): Dropout(p=0.3, inplace=False)
                                             (linear2): Linear(in_features=1024, out_features=256, bias=True)
                                             (norm1): LayerNorm((256,), eps=1e-05, elementwise_affine=True)
                                             (norm2): LayerNorm((256,), eps=1e-05, elementwise_affine=True)
                                             (activation_dropout): Dropout(p=0.3, inplace=False)
                                           )
                                           (3): TransformerEncoderLayer(
                                             (self_attn): MultiheadAttention(
                                               (out_proj): _LinearWithBias(in_features=256, out_features=256, bias=True)
                                             )
                                             (linear1): Linear(in_features=256, out_features=1024, bias=True)
                                             (dropout): Dropout(p=0.3, inplace=False)
                                             (linear2): Linear(in_features=1024, out_features=256, bias=True)
                                             (norm1): LayerNorm((256,), eps=1e-05, elementwise_affine=True)
                                             (norm2): LayerNorm((256,), eps=1e-05, elementwise_affine=True)
                                             (activation_dropout): Dropout(p=0.3, inplace=False)
                                           )
                                         )
                                         (norm): LayerNorm((256,), eps=1e-05, elementwise_affine=True)
                                       )
                                       (decoder): TransformerDecoder(
                                         (layers): ModuleList(
                                           (0): TransformerDecoderLayer(
                                             (self_attn): MultiheadAttention(
                                               (out_proj): _LinearWithBias(in_features=256, out_features=256, bias=True)
                                             )
                                             (multihead_attn): MultiheadAttention(
                                               (out_proj): _LinearWithBias(in_features=256, out_features=256, bias=True)
                                             )
                                             (linear1): Linear(in_features=256, out_features=1024, bias=True)
                                             (dropout): Dropout(p=0.3, inplace=False)
                                             (linear2): Linear(in_features=1024, out_features=256, bias=True)
                                             (norm1): LayerNorm((256,), eps=1e-05, elementwise_affine=True)
                                             (norm2): LayerNorm((256,), eps=1e-05, elementwise_affine=True)
                                             (norm3): LayerNorm((256,), eps=1e-05, elementwise_affine=True)
                                             (activation_dropout): Dropout(p=0.3, inplace=False)
                                           )
                                           (1): TransformerDecoderLayer(
                                             (self_attn): MultiheadAttention(
                                               (out_proj): _LinearWithBias(in_features=256, out_features=256, bias=True)
                                             )
                                             (multihead_attn): MultiheadAttention(
                                               (out_proj): _LinearWithBias(in_features=256, out_features=256, bias=True)
                                             )
                                             (linear1): Linear(in_features=256, out_features=1024, bias=True)
                                             (dropout): Dropout(p=0.3, inplace=False)
                                             (linear2): Linear(in_features=1024, out_features=256, bias=True)
                                             (norm1): LayerNorm((256,), eps=1e-05, elementwise_affine=True)
                                             (norm2): LayerNorm((256,), eps=1e-05, elementwise_affine=True)
                                             (norm3): LayerNorm((256,), eps=1e-05, elementwise_affine=True)
                                             (activation_dropout): Dropout(p=0.3, inplace=False)
                                           )
                                           (2): TransformerDecoderLayer(
                                             (self_attn): MultiheadAttention(
                                               (out_proj): _LinearWithBias(in_features=256, out_features=256, bias=True)
                                             )
                                             (multihead_attn): MultiheadAttention(
                                               (out_proj): _LinearWithBias(in_features=256, out_features=256, bias=True)
                                             )
                                             (linear1): Linear(in_features=256, out_features=1024, bias=True)
                                             (dropout): Dropout(p=0.3, inplace=False)
                                             (linear2): Linear(in_features=1024, out_features=256, bias=True)
                                             (norm1): LayerNorm((256,), eps=1e-05, elementwise_affine=True)
                                             (norm2): LayerNorm((256,), eps=1e-05, elementwise_affine=True)
                                             (norm3): LayerNorm((256,), eps=1e-05, elementwise_affine=True)
                                             (activation_dropout): Dropout(p=0.3, inplace=False)
                                           )
                                           (3): TransformerDecoderLayer(
                                             (self_attn): MultiheadAttention(
                                               (out_proj): _LinearWithBias(in_features=256, out_features=256, bias=True)
                                             )
                                             (multihead_attn): MultiheadAttention(
                                               (out_proj): _LinearWithBias(in_features=256, out_features=256, bias=True)
                                             )
                                             (linear1): Linear(in_features=256, out_features=1024, bias=True)
                                             (dropout): Dropout(p=0.3, inplace=False)
                                             (linear2): Linear(in_features=1024, out_features=256, bias=True)
                                             (norm1): LayerNorm((256,), eps=1e-05, elementwise_affine=True)
                                             (norm2): LayerNorm((256,), eps=1e-05, elementwise_affine=True)
                                             (norm3): LayerNorm((256,), eps=1e-05, elementwise_affine=True)
                                             (activation_dropout): Dropout(p=0.3, inplace=False)
                                           )
                                         )
                                         (norm): LayerNorm((256,), eps=1e-05, elementwise_affine=True)
                                       )
                                       (final_out): Linear(in_features=256, out_features=34, bias=True)
                                       (dropout): Dropout(p=0.3, inplace=False)
                                       (special_embeddings): Embedding(2, 256)
                                     )
INFO - 01/29/26 10:26:46 - 0:00:00 - number of parameter 7406882
INFO - 01/29/26 10:26:49 - 0:00:03 - maximum training 20000 steps (800 epochs)
INFO - 01/29/26 10:26:49 - 0:00:03 - evaluate every 16 epochs
INFO - 01/29/26 10:26:49 - 0:00:03 - At 0-th epoch with lr 0.000000.
INFO - 01/29/26 10:26:52 - 0:00:07 - Running average train loss is 4.33055341720581 at epoch 0
INFO - 01/29/26 10:26:52 - 0:00:07 - At 1-th epoch with lr 0.000006.
INFO - 01/29/26 10:26:54 - 0:00:09 - Running average train loss is 3.8070365810394287 at epoch 1
INFO - 01/29/26 10:26:54 - 0:00:09 - At 2-th epoch with lr 0.000013.
INFO - 01/29/26 10:26:56 - 0:00:11 - Running average train loss is 3.366433525085449 at epoch 2
INFO - 01/29/26 10:26:56 - 0:00:11 - At 3-th epoch with lr 0.000019.
INFO - 01/29/26 10:26:58 - 0:00:13 - Running average train loss is 3.1359013175964354 at epoch 3
INFO - 01/29/26 10:26:58 - 0:00:13 - At 4-th epoch with lr 0.000025.
INFO - 01/29/26 10:27:00 - 0:00:14 - Running average train loss is 2.989669094085693 at epoch 4
INFO - 01/29/26 10:27:00 - 0:00:14 - At 5-th epoch with lr 0.000031.
INFO - 01/29/26 10:27:02 - 0:00:16 - Running average train loss is 2.844579620361328 at epoch 5
INFO - 01/29/26 10:27:02 - 0:00:16 - At 6-th epoch with lr 0.000037.
INFO - 01/29/26 10:27:04 - 0:00:18 - Running average train loss is 2.6969325160980224 at epoch 6
INFO - 01/29/26 10:27:04 - 0:00:18 - At 7-th epoch with lr 0.000044.
INFO - 01/29/26 10:27:06 - 0:00:21 - Running average train loss is 2.5453664112091063 at epoch 7
INFO - 01/29/26 10:27:06 - 0:00:21 - At 8-th epoch with lr 0.000050.
INFO - 01/29/26 10:27:08 - 0:00:22 - Running average train loss is 2.404467153549194 at epoch 8
INFO - 01/29/26 10:27:08 - 0:00:22 - At 9-th epoch with lr 0.000056.
INFO - 01/29/26 10:27:10 - 0:00:24 - Running average train loss is 2.263679723739624 at epoch 9
INFO - 01/29/26 10:27:10 - 0:00:24 - At 10-th epoch with lr 0.000063.
INFO - 01/29/26 10:27:12 - 0:00:26 - Running average train loss is 2.1131749153137207 at epoch 10
INFO - 01/29/26 10:27:12 - 0:00:26 - At 11-th epoch with lr 0.000069.
INFO - 01/29/26 10:27:14 - 0:00:28 - Running average train loss is 1.9676144647598266 at epoch 11
INFO - 01/29/26 10:27:14 - 0:00:28 - At 12-th epoch with lr 0.000075.
INFO - 01/29/26 10:27:16 - 0:00:30 - Running average train loss is 1.8283714723587037 at epoch 12
INFO - 01/29/26 10:27:16 - 0:00:30 - At 13-th epoch with lr 0.000081.
INFO - 01/29/26 10:27:18 - 0:00:32 - Running average train loss is 1.71092670917511 at epoch 13
INFO - 01/29/26 10:27:18 - 0:00:32 - At 14-th epoch with lr 0.000087.
INFO - 01/29/26 10:27:20 - 0:00:34 - Running average train loss is 1.6112608909606934 at epoch 14
INFO - 01/29/26 10:27:20 - 0:00:34 - At 15-th epoch with lr 0.000094.
INFO - 01/29/26 10:27:22 - 0:00:36 - Running average train loss is 1.5329337263107299 at epoch 15
INFO - 01/29/26 10:27:22 - 0:00:36 - At 16-th epoch with lr 0.000100.
INFO - 01/29/26 10:27:24 - 0:00:38 - Running average train loss is 1.4611881065368653 at epoch 16
INFO - 01/29/26 10:27:24 - 0:00:38 - Average dev loss is 1.3774017890294392 at epoch 16
INFO - 01/29/26 10:27:25 - 0:00:39 - dev accuracy is 10.6 at epoch 16
INFO - 01/29/26 10:27:25 - 0:00:39 - dev average edit distance is 2.775 at epoch 16
INFO - 01/29/26 10:27:25 - 0:00:39 - At 17-th epoch with lr 0.000106.
INFO - 01/29/26 10:27:27 - 0:00:41 - Running average train loss is 1.3995504474639893 at epoch 17
INFO - 01/29/26 10:27:27 - 0:00:41 - At 18-th epoch with lr 0.000113.
INFO - 01/29/26 10:27:29 - 0:00:43 - Running average train loss is 1.3480276489257812 at epoch 18
INFO - 01/29/26 10:27:29 - 0:00:43 - At 19-th epoch with lr 0.000119.
INFO - 01/29/26 10:27:31 - 0:00:45 - Running average train loss is 1.2980509662628175 at epoch 19
INFO - 01/29/26 10:27:31 - 0:00:45 - At 20-th epoch with lr 0.000125.
INFO - 01/29/26 10:27:33 - 0:00:47 - Running average train loss is 1.2588922691345215 at epoch 20
INFO - 01/29/26 10:27:33 - 0:00:47 - At 21-th epoch with lr 0.000131.
INFO - 01/29/26 10:27:35 - 0:00:49 - Running average train loss is 1.2175751638412475 at epoch 21
INFO - 01/29/26 10:27:35 - 0:00:49 - At 22-th epoch with lr 0.000138.
INFO - 01/29/26 10:27:37 - 0:00:51 - Running average train loss is 1.1882000303268432 at epoch 22
INFO - 01/29/26 10:27:37 - 0:00:51 - At 23-th epoch with lr 0.000144.
INFO - 01/29/26 10:27:39 - 0:00:53 - Running average train loss is 1.1546650648117065 at epoch 23
INFO - 01/29/26 10:27:39 - 0:00:53 - At 24-th epoch with lr 0.000150.
INFO - 01/29/26 10:27:41 - 0:00:55 - Running average train loss is 1.1275622177124023 at epoch 24
INFO - 01/29/26 10:27:41 - 0:00:55 - At 25-th epoch with lr 0.000156.
INFO - 01/29/26 10:27:42 - 0:00:57 - Running average train loss is 1.1011680936813355 at epoch 25
INFO - 01/29/26 10:27:42 - 0:00:57 - At 26-th epoch with lr 0.000163.
INFO - 01/29/26 10:27:44 - 0:00:59 - Running average train loss is 1.0785510444641113 at epoch 26
INFO - 01/29/26 10:27:44 - 0:00:59 - At 27-th epoch with lr 0.000169.
INFO - 01/29/26 10:27:47 - 0:01:01 - Running average train loss is 1.0555044603347778 at epoch 27
INFO - 01/29/26 10:27:47 - 0:01:01 - At 28-th epoch with lr 0.000175.
INFO - 01/29/26 10:27:48 - 0:01:03 - Running average train loss is 1.034570803642273 at epoch 28
INFO - 01/29/26 10:27:48 - 0:01:03 - At 29-th epoch with lr 0.000181.
INFO - 01/29/26 10:27:50 - 0:01:05 - Running average train loss is 1.017181417942047 at epoch 29
INFO - 01/29/26 10:27:50 - 0:01:05 - At 30-th epoch with lr 0.000188.
INFO - 01/29/26 10:27:52 - 0:01:07 - Running average train loss is 0.9989045596122742 at epoch 30
INFO - 01/29/26 10:27:52 - 0:01:07 - At 31-th epoch with lr 0.000194.
INFO - 01/29/26 10:27:54 - 0:01:08 - Running average train loss is 0.9792212986946106 at epoch 31
INFO - 01/29/26 10:27:54 - 0:01:08 - At 32-th epoch with lr 0.000200.
INFO - 01/29/26 10:27:56 - 0:01:10 - Running average train loss is 0.9660724782943726 at epoch 32
INFO - 01/29/26 10:27:56 - 0:01:10 - Average dev loss is 1.0494318803151448 at epoch 32
INFO - 01/29/26 10:27:57 - 0:01:11 - dev accuracy is 30.3 at epoch 32
INFO - 01/29/26 10:27:57 - 0:01:11 - dev average edit distance is 1.4 at epoch 32
INFO - 01/29/26 10:27:57 - 0:01:11 - At 33-th epoch with lr 0.000206.
INFO - 01/29/26 10:27:59 - 0:01:13 - Running average train loss is 0.9507868361473083 at epoch 33
INFO - 01/29/26 10:27:59 - 0:01:13 - At 34-th epoch with lr 0.000212.
INFO - 01/29/26 10:28:01 - 0:01:15 - Running average train loss is 0.9359857106208801 at epoch 34
INFO - 01/29/26 10:28:01 - 0:01:15 - At 35-th epoch with lr 0.000219.
INFO - 01/29/26 10:28:03 - 0:01:17 - Running average train loss is 0.9254537320137024 at epoch 35
INFO - 01/29/26 10:28:03 - 0:01:17 - At 36-th epoch with lr 0.000225.
INFO - 01/29/26 10:28:05 - 0:01:19 - Running average train loss is 0.9120566892623901 at epoch 36
INFO - 01/29/26 10:28:05 - 0:01:19 - At 37-th epoch with lr 0.000231.
INFO - 01/29/26 10:28:07 - 0:01:21 - Running average train loss is 0.8986719298362732 at epoch 37
INFO - 01/29/26 10:28:07 - 0:01:21 - At 38-th epoch with lr 0.000237.
INFO - 01/29/26 10:28:09 - 0:01:23 - Running average train loss is 0.889178614616394 at epoch 38
INFO - 01/29/26 10:28:09 - 0:01:23 - At 39-th epoch with lr 0.000244.
INFO - 01/29/26 10:28:11 - 0:01:25 - Running average train loss is 0.8784101033210754 at epoch 39
INFO - 01/29/26 10:28:11 - 0:01:25 - At 40-th epoch with lr 0.000250.
INFO - 01/29/26 10:28:13 - 0:01:27 - Running average train loss is 0.8688914680480957 at epoch 40
INFO - 01/29/26 10:28:13 - 0:01:27 - At 41-th epoch with lr 0.000256.
INFO - 01/29/26 10:28:15 - 0:01:29 - Running average train loss is 0.8572692322731018 at epoch 41
INFO - 01/29/26 10:28:15 - 0:01:29 - At 42-th epoch with lr 0.000263.
INFO - 01/29/26 10:28:17 - 0:01:31 - Running average train loss is 0.8497871685028077 at epoch 42
INFO - 01/29/26 10:28:17 - 0:01:31 - At 43-th epoch with lr 0.000269.
INFO - 01/29/26 10:28:19 - 0:01:33 - Running average train loss is 0.8414893460273742 at epoch 43
INFO - 01/29/26 10:28:19 - 0:01:33 - At 44-th epoch with lr 0.000275.
INFO - 01/29/26 10:28:20 - 0:01:35 - Running average train loss is 0.8332787752151489 at epoch 44
INFO - 01/29/26 10:28:20 - 0:01:35 - At 45-th epoch with lr 0.000281.
INFO - 01/29/26 10:28:22 - 0:01:37 - Running average train loss is 0.8261543130874633 at epoch 45
INFO - 01/29/26 10:28:22 - 0:01:37 - At 46-th epoch with lr 0.000287.
INFO - 01/29/26 10:28:24 - 0:01:38 - Running average train loss is 0.8172444987297058 at epoch 46
INFO - 01/29/26 10:28:24 - 0:01:38 - At 47-th epoch with lr 0.000294.
INFO - 01/29/26 10:28:26 - 0:01:40 - Running average train loss is 0.8114767789840698 at epoch 47
INFO - 01/29/26 10:28:26 - 0:01:40 - At 48-th epoch with lr 0.000300.
INFO - 01/29/26 10:28:28 - 0:01:42 - Running average train loss is 0.8045837116241455 at epoch 48
INFO - 01/29/26 10:28:28 - 0:01:42 - Average dev loss is 0.9423977931340536 at epoch 48
INFO - 01/29/26 10:28:29 - 0:01:43 - dev accuracy is 50.5 at epoch 48
INFO - 01/29/26 10:28:29 - 0:01:43 - dev average edit distance is 1.02 at epoch 48
INFO - 01/29/26 10:28:29 - 0:01:43 - At 49-th epoch with lr 0.000306.
INFO - 01/29/26 10:28:31 - 0:01:45 - Running average train loss is 0.7990758872032165 at epoch 49
INFO - 01/29/26 10:28:31 - 0:01:45 - At 50-th epoch with lr 0.000313.
INFO - 01/29/26 10:28:33 - 0:01:47 - Running average train loss is 0.7903315830230713 at epoch 50
INFO - 01/29/26 10:28:33 - 0:01:47 - At 51-th epoch with lr 0.000319.
INFO - 01/29/26 10:28:35 - 0:01:49 - Running average train loss is 0.786945436000824 at epoch 51
INFO - 01/29/26 10:28:35 - 0:01:49 - At 52-th epoch with lr 0.000325.
INFO - 01/29/26 10:28:37 - 0:01:51 - Running average train loss is 0.7798534941673279 at epoch 52
INFO - 01/29/26 10:28:37 - 0:01:51 - At 53-th epoch with lr 0.000331.
INFO - 01/29/26 10:28:39 - 0:01:53 - Running average train loss is 0.7750456094741821 at epoch 53
INFO - 01/29/26 10:28:39 - 0:01:53 - At 54-th epoch with lr 0.000338.
INFO - 01/29/26 10:28:41 - 0:01:55 - Running average train loss is 0.7694463634490967 at epoch 54
INFO - 01/29/26 10:28:41 - 0:01:55 - At 55-th epoch with lr 0.000344.
INFO - 01/29/26 10:28:43 - 0:01:57 - Running average train loss is 0.7665417075157166 at epoch 55
INFO - 01/29/26 10:28:43 - 0:01:57 - At 56-th epoch with lr 0.000350.
INFO - 01/29/26 10:28:45 - 0:01:59 - Running average train loss is 0.761181447505951 at epoch 56
INFO - 01/29/26 10:28:45 - 0:01:59 - At 57-th epoch with lr 0.000356.
INFO - 01/29/26 10:28:47 - 0:02:01 - Running average train loss is 0.7560943365097046 at epoch 57
INFO - 01/29/26 10:28:47 - 0:02:01 - At 58-th epoch with lr 0.000362.
INFO - 01/29/26 10:28:49 - 0:02:03 - Running average train loss is 0.7527664971351623 at epoch 58
INFO - 01/29/26 10:28:49 - 0:02:03 - At 59-th epoch with lr 0.000369.
INFO - 01/29/26 10:28:51 - 0:02:05 - Running average train loss is 0.7498301267623901 at epoch 59
INFO - 01/29/26 10:28:51 - 0:02:05 - At 60-th epoch with lr 0.000375.
INFO - 01/29/26 10:28:53 - 0:02:07 - Running average train loss is 0.7445282053947448 at epoch 60
INFO - 01/29/26 10:28:53 - 0:02:07 - At 61-th epoch with lr 0.000381.
INFO - 01/29/26 10:28:55 - 0:02:09 - Running average train loss is 0.7422406983375549 at epoch 61
INFO - 01/29/26 10:28:55 - 0:02:09 - At 62-th epoch with lr 0.000388.
INFO - 01/29/26 10:28:57 - 0:02:11 - Running average train loss is 0.7400850200653076 at epoch 62
INFO - 01/29/26 10:28:57 - 0:02:11 - At 63-th epoch with lr 0.000394.
INFO - 01/29/26 10:28:59 - 0:02:13 - Running average train loss is 0.7365817403793335 at epoch 63
INFO - 01/29/26 10:28:59 - 0:02:13 - At 64-th epoch with lr 0.000400.
INFO - 01/29/26 10:29:01 - 0:02:15 - Running average train loss is 0.7340704679489136 at epoch 64
INFO - 01/29/26 10:29:01 - 0:02:15 - Average dev loss is 0.8931952714920044 at epoch 64
INFO - 01/29/26 10:29:02 - 0:02:16 - dev accuracy is 59.3 at epoch 64
INFO - 01/29/26 10:29:02 - 0:02:16 - dev average edit distance is 0.834 at epoch 64
INFO - 01/29/26 10:29:02 - 0:02:16 - At 65-th epoch with lr 0.000406.
INFO - 01/29/26 10:29:04 - 0:02:18 - Running average train loss is 0.7308768200874328 at epoch 65
INFO - 01/29/26 10:29:04 - 0:02:18 - At 66-th epoch with lr 0.000412.
INFO - 01/29/26 10:29:06 - 0:02:20 - Running average train loss is 0.7290988326072693 at epoch 66
INFO - 01/29/26 10:29:06 - 0:02:20 - At 67-th epoch with lr 0.000419.
INFO - 01/29/26 10:29:08 - 0:02:22 - Running average train loss is 0.7283716630935669 at epoch 67
INFO - 01/29/26 10:29:08 - 0:02:22 - At 68-th epoch with lr 0.000425.
INFO - 01/29/26 10:29:10 - 0:02:24 - Running average train loss is 0.7234823870658874 at epoch 68
INFO - 01/29/26 10:29:10 - 0:02:24 - At 69-th epoch with lr 0.000431.
INFO - 01/29/26 10:29:12 - 0:02:26 - Running average train loss is 0.7223638701438904 at epoch 69
INFO - 01/29/26 10:29:12 - 0:02:26 - At 70-th epoch with lr 0.000438.
INFO - 01/29/26 10:29:14 - 0:02:28 - Running average train loss is 0.7195830392837524 at epoch 70
INFO - 01/29/26 10:29:14 - 0:02:28 - At 71-th epoch with lr 0.000444.
INFO - 01/29/26 10:29:16 - 0:02:30 - Running average train loss is 0.7183829522132874 at epoch 71
INFO - 01/29/26 10:29:16 - 0:02:30 - At 72-th epoch with lr 0.000450.
INFO - 01/29/26 10:29:18 - 0:02:32 - Running average train loss is 0.7170592069625854 at epoch 72
INFO - 01/29/26 10:29:18 - 0:02:32 - At 73-th epoch with lr 0.000456.
INFO - 01/29/26 10:29:20 - 0:02:34 - Running average train loss is 0.7148161411285401 at epoch 73
INFO - 01/29/26 10:29:20 - 0:02:34 - At 74-th epoch with lr 0.000463.
INFO - 01/29/26 10:29:22 - 0:02:36 - Running average train loss is 0.7134417986869812 at epoch 74
INFO - 01/29/26 10:29:22 - 0:02:36 - At 75-th epoch with lr 0.000469.
INFO - 01/29/26 10:29:24 - 0:02:38 - Running average train loss is 0.7127326774597168 at epoch 75
INFO - 01/29/26 10:29:24 - 0:02:38 - At 76-th epoch with lr 0.000475.
INFO - 01/29/26 10:29:26 - 0:02:40 - Running average train loss is 0.7103907346725464 at epoch 76
INFO - 01/29/26 10:29:26 - 0:02:40 - At 77-th epoch with lr 0.000481.
INFO - 01/29/26 10:29:28 - 0:02:42 - Running average train loss is 0.7084250187873841 at epoch 77
INFO - 01/29/26 10:29:28 - 0:02:42 - At 78-th epoch with lr 0.000487.
INFO - 01/29/26 10:29:30 - 0:02:44 - Running average train loss is 0.7080487418174743 at epoch 78
INFO - 01/29/26 10:29:30 - 0:02:44 - At 79-th epoch with lr 0.000494.
INFO - 01/29/26 10:29:32 - 0:02:46 - Running average train loss is 0.7082534527778626 at epoch 79
INFO - 01/29/26 10:29:32 - 0:02:46 - At 80-th epoch with lr 0.000500.
INFO - 01/29/26 10:29:34 - 0:02:48 - Running average train loss is 0.7054464411735535 at epoch 80
INFO - 01/29/26 10:29:34 - 0:02:48 - Average dev loss is 0.8681328097979227 at epoch 80
INFO - 01/29/26 10:29:34 - 0:02:48 - dev accuracy is 63.6 at epoch 80
INFO - 01/29/26 10:29:34 - 0:02:48 - dev average edit distance is 0.727 at epoch 80
INFO - 01/29/26 10:29:34 - 0:02:49 - At 81-th epoch with lr 0.000506.
INFO - 01/29/26 10:29:36 - 0:02:51 - Running average train loss is 0.7046269154548646 at epoch 81
INFO - 01/29/26 10:29:36 - 0:02:51 - At 82-th epoch with lr 0.000512.
INFO - 01/29/26 10:29:38 - 0:02:52 - Running average train loss is 0.7026000785827636 at epoch 82
INFO - 01/29/26 10:29:38 - 0:02:52 - At 83-th epoch with lr 0.000519.
INFO - 01/29/26 10:29:40 - 0:02:54 - Running average train loss is 0.7017415332794189 at epoch 83
INFO - 01/29/26 10:29:40 - 0:02:54 - At 84-th epoch with lr 0.000525.
INFO - 01/29/26 10:29:42 - 0:02:56 - Running average train loss is 0.7008160352706909 at epoch 84
INFO - 01/29/26 10:29:42 - 0:02:56 - At 85-th epoch with lr 0.000531.
INFO - 01/29/26 10:29:44 - 0:02:58 - Running average train loss is 0.7010963559150696 at epoch 85
INFO - 01/29/26 10:29:44 - 0:02:58 - At 86-th epoch with lr 0.000538.
INFO - 01/29/26 10:29:46 - 0:03:00 - Running average train loss is 0.7004488706588745 at epoch 86
INFO - 01/29/26 10:29:46 - 0:03:00 - At 87-th epoch with lr 0.000544.
INFO - 01/29/26 10:29:48 - 0:03:02 - Running average train loss is 0.6989016914367676 at epoch 87
INFO - 01/29/26 10:29:48 - 0:03:02 - At 88-th epoch with lr 0.000550.
INFO - 01/29/26 10:29:50 - 0:03:04 - Running average train loss is 0.6984025359153747 at epoch 88
INFO - 01/29/26 10:29:50 - 0:03:04 - At 89-th epoch with lr 0.000556.
INFO - 01/29/26 10:29:52 - 0:03:06 - Running average train loss is 0.6973040843009949 at epoch 89
INFO - 01/29/26 10:29:52 - 0:03:06 - At 90-th epoch with lr 0.000563.
INFO - 01/29/26 10:29:54 - 0:03:08 - Running average train loss is 0.6966023874282837 at epoch 90
INFO - 01/29/26 10:29:54 - 0:03:08 - At 91-th epoch with lr 0.000569.
INFO - 01/29/26 10:29:56 - 0:03:10 - Running average train loss is 0.6975617241859436 at epoch 91
INFO - 01/29/26 10:29:56 - 0:03:10 - At 92-th epoch with lr 0.000575.
INFO - 01/29/26 10:29:58 - 0:03:12 - Running average train loss is 0.6942030787467957 at epoch 92
INFO - 01/29/26 10:29:58 - 0:03:12 - At 93-th epoch with lr 0.000581.
INFO - 01/29/26 10:30:00 - 0:03:14 - Running average train loss is 0.692095685005188 at epoch 93
INFO - 01/29/26 10:30:00 - 0:03:14 - At 94-th epoch with lr 0.000588.
INFO - 01/29/26 10:30:02 - 0:03:16 - Running average train loss is 0.6938908791542053 at epoch 94
INFO - 01/29/26 10:30:02 - 0:03:16 - At 95-th epoch with lr 0.000594.
INFO - 01/29/26 10:30:04 - 0:03:18 - Running average train loss is 0.6939666080474853 at epoch 95
INFO - 01/29/26 10:30:04 - 0:03:18 - At 96-th epoch with lr 0.000600.
INFO - 01/29/26 10:30:06 - 0:03:20 - Running average train loss is 0.6930883073806763 at epoch 96
INFO - 01/29/26 10:30:06 - 0:03:20 - Average dev loss is 0.8555250366528829 at epoch 96
INFO - 01/29/26 10:30:06 - 0:03:21 - dev accuracy is 68.2 at epoch 96
INFO - 01/29/26 10:30:06 - 0:03:21 - dev average edit distance is 0.607 at epoch 96
INFO - 01/29/26 10:30:07 - 0:03:21 - At 97-th epoch with lr 0.000606.
INFO - 01/29/26 10:30:09 - 0:03:23 - Running average train loss is 0.6927234578132629 at epoch 97
INFO - 01/29/26 10:30:09 - 0:03:23 - At 98-th epoch with lr 0.000613.
INFO - 01/29/26 10:30:10 - 0:03:25 - Running average train loss is 0.6915557479858399 at epoch 98
INFO - 01/29/26 10:30:10 - 0:03:25 - At 99-th epoch with lr 0.000619.
INFO - 01/29/26 10:30:12 - 0:03:27 - Running average train loss is 0.6910712575912475 at epoch 99
INFO - 01/29/26 10:30:12 - 0:03:27 - At 100-th epoch with lr 0.000625.
INFO - 01/29/26 10:30:14 - 0:03:29 - Running average train loss is 0.6901662039756775 at epoch 100
INFO - 01/29/26 10:30:14 - 0:03:29 - At 101-th epoch with lr 0.000631.
INFO - 01/29/26 10:30:16 - 0:03:31 - Running average train loss is 0.6917393660545349 at epoch 101
INFO - 01/29/26 10:30:16 - 0:03:31 - At 102-th epoch with lr 0.000637.
INFO - 01/29/26 10:30:18 - 0:03:32 - Running average train loss is 0.6895120310783386 at epoch 102
INFO - 01/29/26 10:30:18 - 0:03:32 - At 103-th epoch with lr 0.000644.
INFO - 01/29/26 10:30:20 - 0:03:34 - Running average train loss is 0.6904258179664612 at epoch 103
INFO - 01/29/26 10:30:20 - 0:03:34 - At 104-th epoch with lr 0.000650.
INFO - 01/29/26 10:30:22 - 0:03:36 - Running average train loss is 0.6883927273750305 at epoch 104
INFO - 01/29/26 10:30:22 - 0:03:36 - At 105-th epoch with lr 0.000656.
INFO - 01/29/26 10:30:24 - 0:03:38 - Running average train loss is 0.6885949993133544 at epoch 105
INFO - 01/29/26 10:30:24 - 0:03:38 - At 106-th epoch with lr 0.000663.
INFO - 01/29/26 10:30:26 - 0:03:40 - Running average train loss is 0.6884936046600342 at epoch 106
INFO - 01/29/26 10:30:26 - 0:03:40 - At 107-th epoch with lr 0.000669.
INFO - 01/29/26 10:30:28 - 0:03:42 - Running average train loss is 0.6882136654853821 at epoch 107
INFO - 01/29/26 10:30:28 - 0:03:42 - At 108-th epoch with lr 0.000675.
INFO - 01/29/26 10:30:30 - 0:03:44 - Running average train loss is 0.6877215528488159 at epoch 108
INFO - 01/29/26 10:30:30 - 0:03:44 - At 109-th epoch with lr 0.000681.
INFO - 01/29/26 10:30:32 - 0:03:46 - Running average train loss is 0.6878830790519714 at epoch 109
INFO - 01/29/26 10:30:32 - 0:03:46 - At 110-th epoch with lr 0.000687.
INFO - 01/29/26 10:30:34 - 0:03:48 - Running average train loss is 0.686486656665802 at epoch 110
INFO - 01/29/26 10:30:34 - 0:03:48 - At 111-th epoch with lr 0.000694.
INFO - 01/29/26 10:30:36 - 0:03:50 - Running average train loss is 0.6861812043190002 at epoch 111
INFO - 01/29/26 10:30:36 - 0:03:50 - At 112-th epoch with lr 0.000700.
INFO - 01/29/26 10:30:38 - 0:03:52 - Running average train loss is 0.6864197397232056 at epoch 112
INFO - 01/29/26 10:30:38 - 0:03:52 - Average dev loss is 0.8781938552856445 at epoch 112
INFO - 01/29/26 10:30:39 - 0:03:53 - dev accuracy is 70.5 at epoch 112
INFO - 01/29/26 10:30:39 - 0:03:53 - dev average edit distance is 0.591 at epoch 112
INFO - 01/29/26 10:30:39 - 0:03:53 - At 113-th epoch with lr 0.000706.
INFO - 01/29/26 10:30:41 - 0:03:55 - Running average train loss is 0.6859163594245911 at epoch 113
INFO - 01/29/26 10:30:41 - 0:03:55 - At 114-th epoch with lr 0.000713.
INFO - 01/29/26 10:30:43 - 0:03:57 - Running average train loss is 0.6868499660491943 at epoch 114
INFO - 01/29/26 10:30:43 - 0:03:57 - At 115-th epoch with lr 0.000719.
INFO - 01/29/26 10:30:45 - 0:03:59 - Running average train loss is 0.6845116424560547 at epoch 115
INFO - 01/29/26 10:30:45 - 0:03:59 - At 116-th epoch with lr 0.000725.
INFO - 01/29/26 10:30:47 - 0:04:01 - Running average train loss is 0.6854539728164672 at epoch 116
INFO - 01/29/26 10:30:47 - 0:04:01 - At 117-th epoch with lr 0.000731.
INFO - 01/29/26 10:30:48 - 0:04:03 - Running average train loss is 0.6844950723648071 at epoch 117
INFO - 01/29/26 10:30:48 - 0:04:03 - At 118-th epoch with lr 0.000738.
INFO - 01/29/26 10:30:50 - 0:04:05 - Running average train loss is 0.6855841135978699 at epoch 118
INFO - 01/29/26 10:30:50 - 0:04:05 - At 119-th epoch with lr 0.000744.
INFO - 01/29/26 10:30:52 - 0:04:07 - Running average train loss is 0.6862324976921081 at epoch 119
INFO - 01/29/26 10:30:52 - 0:04:07 - At 120-th epoch with lr 0.000750.
INFO - 01/29/26 10:30:54 - 0:04:09 - Running average train loss is 0.6846865153312683 at epoch 120
INFO - 01/29/26 10:30:54 - 0:04:09 - At 121-th epoch with lr 0.000756.
INFO - 01/29/26 10:30:56 - 0:04:11 - Running average train loss is 0.6848027825355529 at epoch 121
INFO - 01/29/26 10:30:56 - 0:04:11 - At 122-th epoch with lr 0.000762.
INFO - 01/29/26 10:30:58 - 0:04:12 - Running average train loss is 0.6854794454574585 at epoch 122
INFO - 01/29/26 10:30:58 - 0:04:12 - At 123-th epoch with lr 0.000769.
INFO - 01/29/26 10:31:00 - 0:04:14 - Running average train loss is 0.6832551908493042 at epoch 123
INFO - 01/29/26 10:31:00 - 0:04:14 - At 124-th epoch with lr 0.000775.
INFO - 01/29/26 10:31:02 - 0:04:16 - Running average train loss is 0.6840571117401123 at epoch 124
INFO - 01/29/26 10:31:02 - 0:04:16 - At 125-th epoch with lr 0.000781.
INFO - 01/29/26 10:31:04 - 0:04:18 - Running average train loss is 0.6851750111579895 at epoch 125
INFO - 01/29/26 10:31:04 - 0:04:18 - At 126-th epoch with lr 0.000788.
INFO - 01/29/26 10:31:06 - 0:04:20 - Running average train loss is 0.6854864907264709 at epoch 126
INFO - 01/29/26 10:31:06 - 0:04:20 - At 127-th epoch with lr 0.000794.
INFO - 01/29/26 10:31:08 - 0:04:22 - Running average train loss is 0.6854738783836365 at epoch 127
INFO - 01/29/26 10:31:08 - 0:04:22 - At 128-th epoch with lr 0.000800.
INFO - 01/29/26 10:31:10 - 0:04:24 - Running average train loss is 0.6838405585289001 at epoch 128
INFO - 01/29/26 10:31:10 - 0:04:24 - Average dev loss is 0.828890840212504 at epoch 128
INFO - 01/29/26 10:31:11 - 0:04:25 - dev accuracy is 73.1 at epoch 128
INFO - 01/29/26 10:31:11 - 0:04:25 - dev average edit distance is 0.456 at epoch 128
INFO - 01/29/26 10:31:11 - 0:04:25 - At 129-th epoch with lr 0.000806.
INFO - 01/29/26 10:31:13 - 0:04:27 - Running average train loss is 0.6839490842819214 at epoch 129
INFO - 01/29/26 10:31:13 - 0:04:27 - At 130-th epoch with lr 0.000813.
INFO - 01/29/26 10:31:15 - 0:04:29 - Running average train loss is 0.6823095893859863 at epoch 130
INFO - 01/29/26 10:31:15 - 0:04:29 - At 131-th epoch with lr 0.000819.
INFO - 01/29/26 10:31:17 - 0:04:31 - Running average train loss is 0.6834120893478394 at epoch 131
INFO - 01/29/26 10:31:17 - 0:04:31 - At 132-th epoch with lr 0.000825.
INFO - 01/29/26 10:31:19 - 0:04:33 - Running average train loss is 0.686010570526123 at epoch 132
INFO - 01/29/26 10:31:19 - 0:04:33 - At 133-th epoch with lr 0.000831.
INFO - 01/29/26 10:31:21 - 0:04:35 - Running average train loss is 0.6836042141914368 at epoch 133
INFO - 01/29/26 10:31:21 - 0:04:35 - At 134-th epoch with lr 0.000838.
INFO - 01/29/26 10:31:23 - 0:04:37 - Running average train loss is 0.6820859265327454 at epoch 134
INFO - 01/29/26 10:31:23 - 0:04:37 - At 135-th epoch with lr 0.000844.
INFO - 01/29/26 10:31:25 - 0:04:39 - Running average train loss is 0.6834296679496765 at epoch 135
INFO - 01/29/26 10:31:25 - 0:04:39 - At 136-th epoch with lr 0.000850.
INFO - 01/29/26 10:31:27 - 0:04:41 - Running average train loss is 0.6835560917854309 at epoch 136
INFO - 01/29/26 10:31:27 - 0:04:41 - At 137-th epoch with lr 0.000856.
INFO - 01/29/26 10:31:29 - 0:04:43 - Running average train loss is 0.6836390495300293 at epoch 137
INFO - 01/29/26 10:31:29 - 0:04:43 - At 138-th epoch with lr 0.000863.
INFO - 01/29/26 10:31:31 - 0:04:45 - Running average train loss is 0.6823296809196472 at epoch 138
INFO - 01/29/26 10:31:31 - 0:04:45 - At 139-th epoch with lr 0.000869.
INFO - 01/29/26 10:31:33 - 0:04:47 - Running average train loss is 0.6829157137870788 at epoch 139
INFO - 01/29/26 10:31:33 - 0:04:47 - At 140-th epoch with lr 0.000875.
INFO - 01/29/26 10:31:34 - 0:04:49 - Running average train loss is 0.6834498190879822 at epoch 140
INFO - 01/29/26 10:31:34 - 0:04:49 - At 141-th epoch with lr 0.000881.
INFO - 01/29/26 10:31:36 - 0:04:51 - Running average train loss is 0.6819969844818116 at epoch 141
INFO - 01/29/26 10:31:36 - 0:04:51 - At 142-th epoch with lr 0.000887.
INFO - 01/29/26 10:31:38 - 0:04:53 - Running average train loss is 0.6833862495422364 at epoch 142
INFO - 01/29/26 10:31:38 - 0:04:53 - At 143-th epoch with lr 0.000894.
INFO - 01/29/26 10:31:40 - 0:04:54 - Running average train loss is 0.6838909602165222 at epoch 143
INFO - 01/29/26 10:31:40 - 0:04:54 - At 144-th epoch with lr 0.000900.
INFO - 01/29/26 10:31:42 - 0:04:56 - Running average train loss is 0.6817880392074585 at epoch 144
INFO - 01/29/26 10:31:42 - 0:04:56 - Average dev loss is 0.8566019535064697 at epoch 144
INFO - 01/29/26 10:31:43 - 0:04:57 - dev accuracy is 74.4 at epoch 144
INFO - 01/29/26 10:31:43 - 0:04:57 - dev average edit distance is 0.443 at epoch 144
INFO - 01/29/26 10:31:43 - 0:04:57 - At 145-th epoch with lr 0.000906.
INFO - 01/29/26 10:31:45 - 0:04:59 - Running average train loss is 0.6825498175621033 at epoch 145
INFO - 01/29/26 10:31:45 - 0:04:59 - At 146-th epoch with lr 0.000913.
INFO - 01/29/26 10:31:47 - 0:05:01 - Running average train loss is 0.6836261796951294 at epoch 146
INFO - 01/29/26 10:31:47 - 0:05:01 - At 147-th epoch with lr 0.000919.
INFO - 01/29/26 10:31:49 - 0:05:03 - Running average train loss is 0.6832069158554077 at epoch 147
INFO - 01/29/26 10:31:49 - 0:05:03 - At 148-th epoch with lr 0.000925.
INFO - 01/29/26 10:31:51 - 0:05:05 - Running average train loss is 0.6832689118385314 at epoch 148
INFO - 01/29/26 10:31:51 - 0:05:05 - At 149-th epoch with lr 0.000931.
INFO - 01/29/26 10:31:53 - 0:05:07 - Running average train loss is 0.6819039177894592 at epoch 149
INFO - 01/29/26 10:31:53 - 0:05:07 - At 150-th epoch with lr 0.000937.
INFO - 01/29/26 10:31:55 - 0:05:09 - Running average train loss is 0.6838365936279297 at epoch 150
INFO - 01/29/26 10:31:55 - 0:05:09 - At 151-th epoch with lr 0.000944.
INFO - 01/29/26 10:31:57 - 0:05:11 - Running average train loss is 0.6842506527900696 at epoch 151
INFO - 01/29/26 10:31:57 - 0:05:11 - At 152-th epoch with lr 0.000950.
INFO - 01/29/26 10:31:59 - 0:05:13 - Running average train loss is 0.6829849481582642 at epoch 152
INFO - 01/29/26 10:31:59 - 0:05:13 - At 153-th epoch with lr 0.000956.
INFO - 01/29/26 10:32:01 - 0:05:15 - Running average train loss is 0.6832109332084656 at epoch 153
INFO - 01/29/26 10:32:01 - 0:05:15 - At 154-th epoch with lr 0.000963.
INFO - 01/29/26 10:32:02 - 0:05:17 - Running average train loss is 0.6837409830093384 at epoch 154
INFO - 01/29/26 10:32:02 - 0:05:17 - At 155-th epoch with lr 0.000969.
INFO - 01/29/26 10:32:04 - 0:05:19 - Running average train loss is 0.6826020526885986 at epoch 155
INFO - 01/29/26 10:32:04 - 0:05:19 - At 156-th epoch with lr 0.000975.
INFO - 01/29/26 10:32:06 - 0:05:21 - Running average train loss is 0.6840418601036071 at epoch 156
INFO - 01/29/26 10:32:06 - 0:05:21 - At 157-th epoch with lr 0.000981.
INFO - 01/29/26 10:32:08 - 0:05:23 - Running average train loss is 0.6822682809829712 at epoch 157
INFO - 01/29/26 10:32:08 - 0:05:23 - At 158-th epoch with lr 0.000988.
INFO - 01/29/26 10:32:10 - 0:05:25 - Running average train loss is 0.6824461317062378 at epoch 158
INFO - 01/29/26 10:32:10 - 0:05:25 - At 159-th epoch with lr 0.000994.
INFO - 01/29/26 10:32:12 - 0:05:26 - Running average train loss is 0.6820316147804261 at epoch 159
INFO - 01/29/26 10:32:12 - 0:05:26 - At 160-th epoch with lr 0.001000.
INFO - 01/29/26 10:32:14 - 0:05:28 - Running average train loss is 0.6819892454147339 at epoch 160
INFO - 01/29/26 10:32:14 - 0:05:28 - Average dev loss is 0.8447339137395223 at epoch 160
INFO - 01/29/26 10:32:15 - 0:05:29 - dev accuracy is 72.5 at epoch 160
INFO - 01/29/26 10:32:15 - 0:05:29 - dev average edit distance is 0.533 at epoch 160
INFO - 01/29/26 10:32:15 - 0:05:29 - At 161-th epoch with lr 0.000997.
INFO - 01/29/26 10:32:17 - 0:05:31 - Running average train loss is 0.6838309669494629 at epoch 161
INFO - 01/29/26 10:32:17 - 0:05:31 - At 162-th epoch with lr 0.000994.
INFO - 01/29/26 10:32:19 - 0:05:33 - Running average train loss is 0.6825526309013367 at epoch 162
INFO - 01/29/26 10:32:19 - 0:05:33 - At 163-th epoch with lr 0.000991.
INFO - 01/29/26 10:32:21 - 0:05:35 - Running average train loss is 0.6836955308914184 at epoch 163
INFO - 01/29/26 10:32:21 - 0:05:35 - At 164-th epoch with lr 0.000988.
INFO - 01/29/26 10:32:23 - 0:05:37 - Running average train loss is 0.6796086740493774 at epoch 164
INFO - 01/29/26 10:32:23 - 0:05:37 - At 165-th epoch with lr 0.000985.
INFO - 01/29/26 10:32:25 - 0:05:39 - Running average train loss is 0.6812798571586609 at epoch 165
INFO - 01/29/26 10:32:25 - 0:05:39 - At 166-th epoch with lr 0.000982.
INFO - 01/29/26 10:32:27 - 0:05:41 - Running average train loss is 0.681431052684784 at epoch 166
INFO - 01/29/26 10:32:27 - 0:05:41 - At 167-th epoch with lr 0.000979.
INFO - 01/29/26 10:32:29 - 0:05:43 - Running average train loss is 0.6817356014251709 at epoch 167
INFO - 01/29/26 10:32:29 - 0:05:43 - At 168-th epoch with lr 0.000976.
INFO - 01/29/26 10:32:31 - 0:05:45 - Running average train loss is 0.6821865224838257 at epoch 168
INFO - 01/29/26 10:32:31 - 0:05:45 - At 169-th epoch with lr 0.000973.
INFO - 01/29/26 10:32:33 - 0:05:47 - Running average train loss is 0.6799799513816833 at epoch 169
INFO - 01/29/26 10:32:33 - 0:05:47 - At 170-th epoch with lr 0.000970.
INFO - 01/29/26 10:32:35 - 0:05:49 - Running average train loss is 0.6809093546867371 at epoch 170
INFO - 01/29/26 10:32:35 - 0:05:49 - At 171-th epoch with lr 0.000967.
INFO - 01/29/26 10:32:37 - 0:05:51 - Running average train loss is 0.6808747935295105 at epoch 171
INFO - 01/29/26 10:32:37 - 0:05:51 - At 172-th epoch with lr 0.000964.
INFO - 01/29/26 10:32:39 - 0:05:53 - Running average train loss is 0.6798002099990845 at epoch 172
INFO - 01/29/26 10:32:39 - 0:05:53 - At 173-th epoch with lr 0.000962.
INFO - 01/29/26 10:32:40 - 0:05:55 - Running average train loss is 0.6790514159202575 at epoch 173
INFO - 01/29/26 10:32:40 - 0:05:55 - At 174-th epoch with lr 0.000959.
INFO - 01/29/26 10:32:42 - 0:05:57 - Running average train loss is 0.6802029395103455 at epoch 174
INFO - 01/29/26 10:32:42 - 0:05:57 - At 175-th epoch with lr 0.000956.
INFO - 01/29/26 10:32:44 - 0:05:59 - Running average train loss is 0.680433394908905 at epoch 175
INFO - 01/29/26 10:32:44 - 0:05:59 - At 176-th epoch with lr 0.000953.
INFO - 01/29/26 10:32:46 - 0:06:01 - Running average train loss is 0.6805836629867553 at epoch 176
INFO - 01/29/26 10:32:46 - 0:06:01 - Average dev loss is 0.8294657071431478 at epoch 176
INFO - 01/29/26 10:32:47 - 0:06:01 - dev accuracy is 75.8 at epoch 176
INFO - 01/29/26 10:32:47 - 0:06:01 - dev average edit distance is 0.433 at epoch 176
INFO - 01/29/26 10:32:47 - 0:06:01 - At 177-th epoch with lr 0.000951.
INFO - 01/29/26 10:32:49 - 0:06:03 - Running average train loss is 0.6786621546745301 at epoch 177
INFO - 01/29/26 10:32:49 - 0:06:03 - At 178-th epoch with lr 0.000948.
INFO - 01/29/26 10:32:51 - 0:06:05 - Running average train loss is 0.6773540782928467 at epoch 178
INFO - 01/29/26 10:32:51 - 0:06:05 - At 179-th epoch with lr 0.000945.
INFO - 01/29/26 10:32:53 - 0:06:07 - Running average train loss is 0.6792289519309997 at epoch 179
INFO - 01/29/26 10:32:53 - 0:06:07 - At 180-th epoch with lr 0.000943.
INFO - 01/29/26 10:32:55 - 0:06:10 - Running average train loss is 0.6787025785446167 at epoch 180
INFO - 01/29/26 10:32:55 - 0:06:10 - At 181-th epoch with lr 0.000940.
INFO - 01/29/26 10:32:58 - 0:06:12 - Running average train loss is 0.679001760482788 at epoch 181
INFO - 01/29/26 10:32:58 - 0:06:12 - At 182-th epoch with lr 0.000938.
INFO - 01/29/26 10:33:00 - 0:06:14 - Running average train loss is 0.6769945788383483 at epoch 182
INFO - 01/29/26 10:33:00 - 0:06:14 - At 183-th epoch with lr 0.000935.
INFO - 01/29/26 10:33:02 - 0:06:16 - Running average train loss is 0.6774745297431946 at epoch 183
INFO - 01/29/26 10:33:02 - 0:06:16 - At 184-th epoch with lr 0.000933.
INFO - 01/29/26 10:33:04 - 0:06:18 - Running average train loss is 0.6768698883056641 at epoch 184
INFO - 01/29/26 10:33:04 - 0:06:18 - At 185-th epoch with lr 0.000930.
INFO - 01/29/26 10:33:06 - 0:06:20 - Running average train loss is 0.6756002449989319 at epoch 185
INFO - 01/29/26 10:33:06 - 0:06:20 - At 186-th epoch with lr 0.000927.
INFO - 01/29/26 10:33:08 - 0:06:22 - Running average train loss is 0.676121609210968 at epoch 186
INFO - 01/29/26 10:33:08 - 0:06:22 - At 187-th epoch with lr 0.000925.
INFO - 01/29/26 10:33:10 - 0:06:24 - Running average train loss is 0.6775424003601074 at epoch 187
INFO - 01/29/26 10:33:10 - 0:06:24 - At 188-th epoch with lr 0.000923.
INFO - 01/29/26 10:33:12 - 0:06:26 - Running average train loss is 0.679077639579773 at epoch 188
INFO - 01/29/26 10:33:12 - 0:06:26 - At 189-th epoch with lr 0.000920.
INFO - 01/29/26 10:33:14 - 0:06:28 - Running average train loss is 0.6770935678482055 at epoch 189
INFO - 01/29/26 10:33:14 - 0:06:28 - At 190-th epoch with lr 0.000918.
INFO - 01/29/26 10:33:16 - 0:06:30 - Running average train loss is 0.6788772058486938 at epoch 190
INFO - 01/29/26 10:33:16 - 0:06:30 - At 191-th epoch with lr 0.000915.
INFO - 01/29/26 10:33:18 - 0:06:32 - Running average train loss is 0.6776715254783631 at epoch 191
INFO - 01/29/26 10:33:18 - 0:06:32 - At 192-th epoch with lr 0.000913.
INFO - 01/29/26 10:33:20 - 0:06:34 - Running average train loss is 0.6756406140327453 at epoch 192
INFO - 01/29/26 10:33:20 - 0:06:34 - Average dev loss is 0.8348109920819601 at epoch 192
INFO - 01/29/26 10:33:20 - 0:06:35 - dev accuracy is 69.5 at epoch 192
INFO - 01/29/26 10:33:20 - 0:06:35 - dev average edit distance is 0.589 at epoch 192
INFO - 01/29/26 10:33:20 - 0:06:35 - At 193-th epoch with lr 0.000911.
INFO - 01/29/26 10:33:22 - 0:06:37 - Running average train loss is 0.676796395778656 at epoch 193
INFO - 01/29/26 10:33:22 - 0:06:37 - At 194-th epoch with lr 0.000908.
INFO - 01/29/26 10:33:24 - 0:06:38 - Running average train loss is 0.6778177833557129 at epoch 194
INFO - 01/29/26 10:33:24 - 0:06:38 - At 195-th epoch with lr 0.000906.
INFO - 01/29/26 10:33:26 - 0:06:40 - Running average train loss is 0.6750658679008484 at epoch 195
INFO - 01/29/26 10:33:26 - 0:06:40 - At 196-th epoch with lr 0.000904.
INFO - 01/29/26 10:33:28 - 0:06:42 - Running average train loss is 0.6764944314956665 at epoch 196
INFO - 01/29/26 10:33:28 - 0:06:42 - At 197-th epoch with lr 0.000901.
INFO - 01/29/26 10:33:30 - 0:06:44 - Running average train loss is 0.6764546942710876 at epoch 197
INFO - 01/29/26 10:33:30 - 0:06:44 - At 198-th epoch with lr 0.000899.
INFO - 01/29/26 10:33:32 - 0:06:46 - Running average train loss is 0.6736623454093933 at epoch 198
INFO - 01/29/26 10:33:32 - 0:06:46 - At 199-th epoch with lr 0.000897.
INFO - 01/29/26 10:33:34 - 0:06:48 - Running average train loss is 0.6750623440742493 at epoch 199
INFO - 01/29/26 10:33:34 - 0:06:48 - At 200-th epoch with lr 0.000894.
INFO - 01/29/26 10:33:36 - 0:06:50 - Running average train loss is 0.6750805735588074 at epoch 200
INFO - 01/29/26 10:33:36 - 0:06:50 - At 201-th epoch with lr 0.000892.
INFO - 01/29/26 10:33:38 - 0:06:52 - Running average train loss is 0.6754263806343078 at epoch 201
INFO - 01/29/26 10:33:38 - 0:06:52 - At 202-th epoch with lr 0.000890.
INFO - 01/29/26 10:33:40 - 0:06:54 - Running average train loss is 0.6759805011749268 at epoch 202
INFO - 01/29/26 10:33:40 - 0:06:54 - At 203-th epoch with lr 0.000888.
INFO - 01/29/26 10:33:42 - 0:06:56 - Running average train loss is 0.673681333065033 at epoch 203
INFO - 01/29/26 10:33:42 - 0:06:56 - At 204-th epoch with lr 0.000886.
INFO - 01/29/26 10:33:44 - 0:06:58 - Running average train loss is 0.6742952275276184 at epoch 204
INFO - 01/29/26 10:33:44 - 0:06:58 - At 205-th epoch with lr 0.000883.
INFO - 01/29/26 10:33:46 - 0:07:00 - Running average train loss is 0.6751186490058899 at epoch 205
INFO - 01/29/26 10:33:46 - 0:07:00 - At 206-th epoch with lr 0.000881.
INFO - 01/29/26 10:33:48 - 0:07:02 - Running average train loss is 0.6755284714698792 at epoch 206
INFO - 01/29/26 10:33:48 - 0:07:02 - At 207-th epoch with lr 0.000879.
INFO - 01/29/26 10:33:50 - 0:07:04 - Running average train loss is 0.6733751177787781 at epoch 207
INFO - 01/29/26 10:33:50 - 0:07:04 - At 208-th epoch with lr 0.000877.
INFO - 01/29/26 10:33:52 - 0:07:06 - Running average train loss is 0.6724220991134644 at epoch 208
INFO - 01/29/26 10:33:52 - 0:07:06 - Average dev loss is 0.8238902886708578 at epoch 208
INFO - 01/29/26 10:33:52 - 0:07:07 - dev accuracy is 76.4 at epoch 208
INFO - 01/29/26 10:33:52 - 0:07:07 - dev average edit distance is 0.442 at epoch 208
INFO - 01/29/26 10:33:52 - 0:07:07 - At 209-th epoch with lr 0.000875.
INFO - 01/29/26 10:33:54 - 0:07:09 - Running average train loss is 0.6729273915290832 at epoch 209
INFO - 01/29/26 10:33:54 - 0:07:09 - At 210-th epoch with lr 0.000873.
INFO - 01/29/26 10:33:56 - 0:07:11 - Running average train loss is 0.6733868765830994 at epoch 210
INFO - 01/29/26 10:33:56 - 0:07:11 - At 211-th epoch with lr 0.000871.
INFO - 01/29/26 10:33:58 - 0:07:13 - Running average train loss is 0.6726881432533264 at epoch 211
INFO - 01/29/26 10:33:58 - 0:07:13 - At 212-th epoch with lr 0.000869.
INFO - 01/29/26 10:34:00 - 0:07:14 - Running average train loss is 0.6739653635025025 at epoch 212
INFO - 01/29/26 10:34:00 - 0:07:14 - At 213-th epoch with lr 0.000867.
INFO - 01/29/26 10:34:02 - 0:07:16 - Running average train loss is 0.674208767414093 at epoch 213
INFO - 01/29/26 10:34:02 - 0:07:16 - At 214-th epoch with lr 0.000865.
INFO - 01/29/26 10:34:04 - 0:07:18 - Running average train loss is 0.6743044257164001 at epoch 214
INFO - 01/29/26 10:34:04 - 0:07:18 - At 215-th epoch with lr 0.000863.
INFO - 01/29/26 10:34:06 - 0:07:20 - Running average train loss is 0.6735399055480957 at epoch 215
INFO - 01/29/26 10:34:06 - 0:07:20 - At 216-th epoch with lr 0.000861.
INFO - 01/29/26 10:34:08 - 0:07:22 - Running average train loss is 0.673216233253479 at epoch 216
INFO - 01/29/26 10:34:08 - 0:07:22 - At 217-th epoch with lr 0.000859.
INFO - 01/29/26 10:34:10 - 0:07:24 - Running average train loss is 0.6729757785797119 at epoch 217
INFO - 01/29/26 10:34:10 - 0:07:24 - At 218-th epoch with lr 0.000857.
INFO - 01/29/26 10:34:12 - 0:07:26 - Running average train loss is 0.6732710719108581 at epoch 218
INFO - 01/29/26 10:34:12 - 0:07:26 - At 219-th epoch with lr 0.000855.
INFO - 01/29/26 10:34:14 - 0:07:28 - Running average train loss is 0.6730929756164551 at epoch 219
INFO - 01/29/26 10:34:14 - 0:07:28 - At 220-th epoch with lr 0.000853.
INFO - 01/29/26 10:34:16 - 0:07:30 - Running average train loss is 0.6730019450187683 at epoch 220
INFO - 01/29/26 10:34:16 - 0:07:30 - At 221-th epoch with lr 0.000851.
INFO - 01/29/26 10:34:18 - 0:07:32 - Running average train loss is 0.6732632637023925 at epoch 221
INFO - 01/29/26 10:34:18 - 0:07:32 - At 222-th epoch with lr 0.000849.
INFO - 01/29/26 10:34:20 - 0:07:34 - Running average train loss is 0.671334626674652 at epoch 222
INFO - 01/29/26 10:34:20 - 0:07:34 - At 223-th epoch with lr 0.000847.
INFO - 01/29/26 10:34:22 - 0:07:36 - Running average train loss is 0.6726785778999329 at epoch 223
INFO - 01/29/26 10:34:22 - 0:07:36 - At 224-th epoch with lr 0.000845.
INFO - 01/29/26 10:34:24 - 0:07:38 - Running average train loss is 0.6728077673912048 at epoch 224
INFO - 01/29/26 10:34:24 - 0:07:38 - Average dev loss is 0.8340682983398438 at epoch 224
INFO - 01/29/26 10:34:24 - 0:07:39 - dev accuracy is 76.4 at epoch 224
INFO - 01/29/26 10:34:24 - 0:07:39 - dev average edit distance is 0.444 at epoch 224
INFO - 01/29/26 10:34:24 - 0:07:39 - At 225-th epoch with lr 0.000843.
INFO - 01/29/26 10:34:26 - 0:07:41 - Running average train loss is 0.6722150373458863 at epoch 225
INFO - 01/29/26 10:34:26 - 0:07:41 - At 226-th epoch with lr 0.000841.
INFO - 01/29/26 10:34:28 - 0:07:43 - Running average train loss is 0.6729312944412231 at epoch 226
INFO - 01/29/26 10:34:28 - 0:07:43 - At 227-th epoch with lr 0.000840.
INFO - 01/29/26 10:34:30 - 0:07:44 - Running average train loss is 0.6729736590385437 at epoch 227
INFO - 01/29/26 10:34:30 - 0:07:44 - At 228-th epoch with lr 0.000838.
INFO - 01/29/26 10:34:32 - 0:07:46 - Running average train loss is 0.6725146007537842 at epoch 228
INFO - 01/29/26 10:34:32 - 0:07:46 - At 229-th epoch with lr 0.000836.
INFO - 01/29/26 10:34:34 - 0:07:48 - Running average train loss is 0.6724372863769531 at epoch 229
INFO - 01/29/26 10:34:34 - 0:07:48 - At 230-th epoch with lr 0.000834.
INFO - 01/29/26 10:34:36 - 0:07:50 - Running average train loss is 0.6718266916275024 at epoch 230
INFO - 01/29/26 10:34:36 - 0:07:50 - At 231-th epoch with lr 0.000832.
INFO - 01/29/26 10:34:38 - 0:07:52 - Running average train loss is 0.670987663269043 at epoch 231
INFO - 01/29/26 10:34:38 - 0:07:52 - At 232-th epoch with lr 0.000830.
INFO - 01/29/26 10:34:40 - 0:07:54 - Running average train loss is 0.670998957157135 at epoch 232
INFO - 01/29/26 10:34:40 - 0:07:54 - At 233-th epoch with lr 0.000829.
INFO - 01/29/26 10:34:42 - 0:07:56 - Running average train loss is 0.6713659000396729 at epoch 233
INFO - 01/29/26 10:34:42 - 0:07:56 - At 234-th epoch with lr 0.000827.
INFO - 01/29/26 10:34:44 - 0:07:58 - Running average train loss is 0.6722318935394287 at epoch 234
INFO - 01/29/26 10:34:44 - 0:07:58 - At 235-th epoch with lr 0.000825.
INFO - 01/29/26 10:34:46 - 0:08:00 - Running average train loss is 0.67222487449646 at epoch 235
INFO - 01/29/26 10:34:46 - 0:08:00 - At 236-th epoch with lr 0.000823.
INFO - 01/29/26 10:34:48 - 0:08:02 - Running average train loss is 0.6723707914352417 at epoch 236
INFO - 01/29/26 10:34:48 - 0:08:02 - At 237-th epoch with lr 0.000822.
INFO - 01/29/26 10:34:50 - 0:08:04 - Running average train loss is 0.672234320640564 at epoch 237
INFO - 01/29/26 10:34:50 - 0:08:04 - At 238-th epoch with lr 0.000820.
INFO - 01/29/26 10:34:52 - 0:08:06 - Running average train loss is 0.6714445996284485 at epoch 238
INFO - 01/29/26 10:34:52 - 0:08:06 - At 239-th epoch with lr 0.000818.
INFO - 01/29/26 10:34:53 - 0:08:08 - Running average train loss is 0.6714010953903198 at epoch 239
INFO - 01/29/26 10:34:53 - 0:08:08 - At 240-th epoch with lr 0.000816.
INFO - 01/29/26 10:34:55 - 0:08:10 - Running average train loss is 0.671254391670227 at epoch 240
INFO - 01/29/26 10:34:55 - 0:08:10 - Average dev loss is 0.8483566244443258 at epoch 240
INFO - 01/29/26 10:34:56 - 0:08:10 - dev accuracy is 72.7 at epoch 240
INFO - 01/29/26 10:34:56 - 0:08:10 - dev average edit distance is 0.497 at epoch 240
INFO - 01/29/26 10:34:56 - 0:08:10 - At 241-th epoch with lr 0.000815.
INFO - 01/29/26 10:34:58 - 0:08:12 - Running average train loss is 0.6709796261787414 at epoch 241
INFO - 01/29/26 10:34:58 - 0:08:12 - At 242-th epoch with lr 0.000813.
INFO - 01/29/26 10:35:00 - 0:08:14 - Running average train loss is 0.6715056824684144 at epoch 242
INFO - 01/29/26 10:35:00 - 0:08:14 - At 243-th epoch with lr 0.000811.
INFO - 01/29/26 10:35:02 - 0:08:16 - Running average train loss is 0.6706772446632385 at epoch 243
INFO - 01/29/26 10:35:02 - 0:08:16 - At 244-th epoch with lr 0.000810.
INFO - 01/29/26 10:35:04 - 0:08:18 - Running average train loss is 0.6702824234962463 at epoch 244
INFO - 01/29/26 10:35:04 - 0:08:18 - At 245-th epoch with lr 0.000808.
INFO - 01/29/26 10:35:06 - 0:08:20 - Running average train loss is 0.6698217678070069 at epoch 245
INFO - 01/29/26 10:35:06 - 0:08:20 - At 246-th epoch with lr 0.000806.
INFO - 01/29/26 10:35:08 - 0:08:22 - Running average train loss is 0.670677719116211 at epoch 246
INFO - 01/29/26 10:35:08 - 0:08:22 - At 247-th epoch with lr 0.000805.
INFO - 01/29/26 10:35:10 - 0:08:24 - Running average train loss is 0.6702219939231873 at epoch 247
INFO - 01/29/26 10:35:10 - 0:08:24 - At 248-th epoch with lr 0.000803.
INFO - 01/29/26 10:35:12 - 0:08:26 - Running average train loss is 0.6706849122047425 at epoch 248
INFO - 01/29/26 10:35:12 - 0:08:26 - At 249-th epoch with lr 0.000802.
INFO - 01/29/26 10:35:14 - 0:08:28 - Running average train loss is 0.6694194293022155 at epoch 249
INFO - 01/29/26 10:35:14 - 0:08:28 - At 250-th epoch with lr 0.000800.
INFO - 01/29/26 10:35:16 - 0:08:30 - Running average train loss is 0.6708601427078247 at epoch 250
INFO - 01/29/26 10:35:16 - 0:08:30 - At 251-th epoch with lr 0.000798.
INFO - 01/29/26 10:35:18 - 0:08:32 - Running average train loss is 0.6706792545318604 at epoch 251
INFO - 01/29/26 10:35:18 - 0:08:32 - At 252-th epoch with lr 0.000797.
INFO - 01/29/26 10:35:20 - 0:08:34 - Running average train loss is 0.6699466323852539 at epoch 252
INFO - 01/29/26 10:35:20 - 0:08:34 - At 253-th epoch with lr 0.000795.
INFO - 01/29/26 10:35:22 - 0:08:36 - Running average train loss is 0.6712109589576721 at epoch 253
INFO - 01/29/26 10:35:22 - 0:08:36 - At 254-th epoch with lr 0.000794.
INFO - 01/29/26 10:35:24 - 0:08:38 - Running average train loss is 0.671013605594635 at epoch 254
INFO - 01/29/26 10:35:24 - 0:08:38 - At 255-th epoch with lr 0.000792.
INFO - 01/29/26 10:35:26 - 0:08:40 - Running average train loss is 0.6701048278808593 at epoch 255
INFO - 01/29/26 10:35:26 - 0:08:40 - At 256-th epoch with lr 0.000791.
INFO - 01/29/26 10:35:28 - 0:08:42 - Running average train loss is 0.6694047570228576 at epoch 256
INFO - 01/29/26 10:35:28 - 0:08:42 - Average dev loss is 0.8298670053482056 at epoch 256
INFO - 01/29/26 10:35:29 - 0:08:43 - dev accuracy is 76.6 at epoch 256
INFO - 01/29/26 10:35:29 - 0:08:43 - dev average edit distance is 0.421 at epoch 256
INFO - 01/29/26 10:35:29 - 0:08:43 - At 257-th epoch with lr 0.000789.
INFO - 01/29/26 10:35:31 - 0:08:45 - Running average train loss is 0.6713114285469055 at epoch 257
INFO - 01/29/26 10:35:31 - 0:08:45 - At 258-th epoch with lr 0.000787.
INFO - 01/29/26 10:35:33 - 0:08:47 - Running average train loss is 0.6701117777824401 at epoch 258
INFO - 01/29/26 10:35:33 - 0:08:47 - At 259-th epoch with lr 0.000786.
INFO - 01/29/26 10:35:35 - 0:08:49 - Running average train loss is 0.6690294742584229 at epoch 259
INFO - 01/29/26 10:35:35 - 0:08:49 - At 260-th epoch with lr 0.000784.
INFO - 01/29/26 10:35:37 - 0:08:51 - Running average train loss is 0.6698504734039307 at epoch 260
INFO - 01/29/26 10:35:37 - 0:08:51 - At 261-th epoch with lr 0.000783.
INFO - 01/29/26 10:35:39 - 0:08:53 - Running average train loss is 0.6695974826812744 at epoch 261
INFO - 01/29/26 10:35:39 - 0:08:53 - At 262-th epoch with lr 0.000781.
INFO - 01/29/26 10:35:40 - 0:08:55 - Running average train loss is 0.6695451188087463 at epoch 262
INFO - 01/29/26 10:35:40 - 0:08:55 - At 263-th epoch with lr 0.000780.
INFO - 01/29/26 10:35:42 - 0:08:57 - Running average train loss is 0.6693683576583862 at epoch 263
INFO - 01/29/26 10:35:42 - 0:08:57 - At 264-th epoch with lr 0.000778.
INFO - 01/29/26 10:35:44 - 0:08:59 - Running average train loss is 0.6698830151557922 at epoch 264
INFO - 01/29/26 10:35:44 - 0:08:59 - At 265-th epoch with lr 0.000777.
INFO - 01/29/26 10:35:46 - 0:09:00 - Running average train loss is 0.6691731023788452 at epoch 265
INFO - 01/29/26 10:35:46 - 0:09:00 - At 266-th epoch with lr 0.000776.
INFO - 01/29/26 10:35:48 - 0:09:02 - Running average train loss is 0.6702807641029358 at epoch 266
INFO - 01/29/26 10:35:48 - 0:09:02 - At 267-th epoch with lr 0.000774.
INFO - 01/29/26 10:35:50 - 0:09:04 - Running average train loss is 0.6689310073852539 at epoch 267
INFO - 01/29/26 10:35:50 - 0:09:04 - At 268-th epoch with lr 0.000773.
INFO - 01/29/26 10:35:52 - 0:09:06 - Running average train loss is 0.669458179473877 at epoch 268
INFO - 01/29/26 10:35:52 - 0:09:06 - At 269-th epoch with lr 0.000771.
INFO - 01/29/26 10:35:54 - 0:09:08 - Running average train loss is 0.6693246912956238 at epoch 269
INFO - 01/29/26 10:35:54 - 0:09:08 - At 270-th epoch with lr 0.000770.
INFO - 01/29/26 10:35:56 - 0:09:10 - Running average train loss is 0.6695583701133728 at epoch 270
INFO - 01/29/26 10:35:56 - 0:09:10 - At 271-th epoch with lr 0.000768.
INFO - 01/29/26 10:35:58 - 0:09:13 - Running average train loss is 0.6692175531387329 at epoch 271
INFO - 01/29/26 10:35:58 - 0:09:13 - At 272-th epoch with lr 0.000767.
INFO - 01/29/26 10:36:00 - 0:09:15 - Running average train loss is 0.6685715413093567 at epoch 272
INFO - 01/29/26 10:36:01 - 0:09:15 - Average dev loss is 0.843172033627828 at epoch 272
INFO - 01/29/26 10:36:01 - 0:09:15 - dev accuracy is 75.1 at epoch 272
INFO - 01/29/26 10:36:01 - 0:09:15 - dev average edit distance is 0.572 at epoch 272
INFO - 01/29/26 10:36:01 - 0:09:15 - At 273-th epoch with lr 0.000766.
INFO - 01/29/26 10:36:03 - 0:09:17 - Running average train loss is 0.669249017238617 at epoch 273
INFO - 01/29/26 10:36:03 - 0:09:17 - At 274-th epoch with lr 0.000764.
INFO - 01/29/26 10:36:05 - 0:09:19 - Running average train loss is 0.6690726852416993 at epoch 274
INFO - 01/29/26 10:36:05 - 0:09:19 - At 275-th epoch with lr 0.000763.
INFO - 01/29/26 10:36:07 - 0:09:21 - Running average train loss is 0.6691315150260926 at epoch 275
INFO - 01/29/26 10:36:07 - 0:09:21 - At 276-th epoch with lr 0.000761.
INFO - 01/29/26 10:36:09 - 0:09:23 - Running average train loss is 0.6696743798255921 at epoch 276
INFO - 01/29/26 10:36:09 - 0:09:23 - At 277-th epoch with lr 0.000760.
INFO - 01/29/26 10:36:11 - 0:09:25 - Running average train loss is 0.6690909552574158 at epoch 277
INFO - 01/29/26 10:36:11 - 0:09:25 - At 278-th epoch with lr 0.000759.
INFO - 01/29/26 10:36:13 - 0:09:27 - Running average train loss is 0.6689410400390625 at epoch 278
INFO - 01/29/26 10:36:13 - 0:09:27 - At 279-th epoch with lr 0.000757.
INFO - 01/29/26 10:36:15 - 0:09:29 - Running average train loss is 0.6682393598556519 at epoch 279
INFO - 01/29/26 10:36:15 - 0:09:29 - At 280-th epoch with lr 0.000756.
INFO - 01/29/26 10:36:17 - 0:09:31 - Running average train loss is 0.6677437949180604 at epoch 280
INFO - 01/29/26 10:36:17 - 0:09:31 - At 281-th epoch with lr 0.000755.
INFO - 01/29/26 10:36:19 - 0:09:33 - Running average train loss is 0.6683631944656372 at epoch 281
INFO - 01/29/26 10:36:19 - 0:09:33 - At 282-th epoch with lr 0.000753.
INFO - 01/29/26 10:36:21 - 0:09:35 - Running average train loss is 0.668014018535614 at epoch 282
INFO - 01/29/26 10:36:21 - 0:09:35 - At 283-th epoch with lr 0.000752.
INFO - 01/29/26 10:36:23 - 0:09:37 - Running average train loss is 0.6696717548370361 at epoch 283
INFO - 01/29/26 10:36:23 - 0:09:37 - At 284-th epoch with lr 0.000751.
INFO - 01/29/26 10:36:25 - 0:09:39 - Running average train loss is 0.6692423129081726 at epoch 284
INFO - 01/29/26 10:36:25 - 0:09:39 - At 285-th epoch with lr 0.000749.
INFO - 01/29/26 10:36:27 - 0:09:41 - Running average train loss is 0.6687215399742127 at epoch 285
INFO - 01/29/26 10:36:27 - 0:09:41 - At 286-th epoch with lr 0.000748.
INFO - 01/29/26 10:36:29 - 0:09:43 - Running average train loss is 0.6688696002960205 at epoch 286
INFO - 01/29/26 10:36:29 - 0:09:43 - At 287-th epoch with lr 0.000747.
INFO - 01/29/26 10:36:31 - 0:09:45 - Running average train loss is 0.66772390127182 at epoch 287
INFO - 01/29/26 10:36:31 - 0:09:45 - At 288-th epoch with lr 0.000745.
INFO - 01/29/26 10:36:33 - 0:09:47 - Running average train loss is 0.6681021976470948 at epoch 288
INFO - 01/29/26 10:36:33 - 0:09:47 - Average dev loss is 0.8243119517962137 at epoch 288
INFO - 01/29/26 10:36:33 - 0:09:48 - dev accuracy is 76.6 at epoch 288
INFO - 01/29/26 10:36:33 - 0:09:48 - dev average edit distance is 0.424 at epoch 288
INFO - 01/29/26 10:36:33 - 0:09:48 - At 289-th epoch with lr 0.000744.
INFO - 01/29/26 10:36:35 - 0:09:50 - Running average train loss is 0.6684625911712646 at epoch 289
INFO - 01/29/26 10:36:35 - 0:09:50 - At 290-th epoch with lr 0.000743.
INFO - 01/29/26 10:36:37 - 0:09:52 - Running average train loss is 0.6687136054039001 at epoch 290
INFO - 01/29/26 10:36:37 - 0:09:52 - At 291-th epoch with lr 0.000742.
INFO - 01/29/26 10:36:39 - 0:09:53 - Running average train loss is 0.667998423576355 at epoch 291
INFO - 01/29/26 10:36:39 - 0:09:53 - At 292-th epoch with lr 0.000740.
INFO - 01/29/26 10:36:41 - 0:09:55 - Running average train loss is 0.6671716976165771 at epoch 292
INFO - 01/29/26 10:36:41 - 0:09:55 - At 293-th epoch with lr 0.000739.
INFO - 01/29/26 10:36:43 - 0:09:57 - Running average train loss is 0.66781569480896 at epoch 293
INFO - 01/29/26 10:36:43 - 0:09:57 - At 294-th epoch with lr 0.000738.
INFO - 01/29/26 10:36:45 - 0:10:00 - Running average train loss is 0.6680097150802612 at epoch 294
INFO - 01/29/26 10:36:45 - 0:10:00 - At 295-th epoch with lr 0.000736.
INFO - 01/29/26 10:36:47 - 0:10:02 - Running average train loss is 0.6676353597640992 at epoch 295
INFO - 01/29/26 10:36:47 - 0:10:02 - At 296-th epoch with lr 0.000735.
INFO - 01/29/26 10:36:49 - 0:10:03 - Running average train loss is 0.6680231595039368 at epoch 296
INFO - 01/29/26 10:36:49 - 0:10:03 - At 297-th epoch with lr 0.000734.
INFO - 01/29/26 10:36:51 - 0:10:05 - Running average train loss is 0.6680085325241089 at epoch 297
INFO - 01/29/26 10:36:51 - 0:10:05 - At 298-th epoch with lr 0.000733.
INFO - 01/29/26 10:36:53 - 0:10:07 - Running average train loss is 0.667465271949768 at epoch 298
INFO - 01/29/26 10:36:53 - 0:10:07 - At 299-th epoch with lr 0.000732.
INFO - 01/29/26 10:36:55 - 0:10:09 - Running average train loss is 0.6676040863990784 at epoch 299
INFO - 01/29/26 10:36:55 - 0:10:09 - At 300-th epoch with lr 0.000730.
INFO - 01/29/26 10:36:57 - 0:10:11 - Running average train loss is 0.6674146461486816 at epoch 300
INFO - 01/29/26 10:36:57 - 0:10:11 - At 301-th epoch with lr 0.000729.
INFO - 01/29/26 10:36:59 - 0:10:13 - Running average train loss is 0.6675850081443787 at epoch 301
INFO - 01/29/26 10:36:59 - 0:10:13 - At 302-th epoch with lr 0.000728.
INFO - 01/29/26 10:37:01 - 0:10:15 - Running average train loss is 0.6662994313240052 at epoch 302
INFO - 01/29/26 10:37:01 - 0:10:15 - At 303-th epoch with lr 0.000727.
INFO - 01/29/26 10:37:03 - 0:10:17 - Running average train loss is 0.6669217801094055 at epoch 303
INFO - 01/29/26 10:37:03 - 0:10:17 - At 304-th epoch with lr 0.000725.
INFO - 01/29/26 10:37:05 - 0:10:19 - Running average train loss is 0.6675952196121215 at epoch 304
INFO - 01/29/26 10:37:05 - 0:10:19 - Average dev loss is 0.8616226116816202 at epoch 304
INFO - 01/29/26 10:37:05 - 0:10:20 - dev accuracy is 72.5 at epoch 304
INFO - 01/29/26 10:37:05 - 0:10:20 - dev average edit distance is 0.513 at epoch 304
INFO - 01/29/26 10:37:06 - 0:10:20 - At 305-th epoch with lr 0.000724.
INFO - 01/29/26 10:37:08 - 0:10:22 - Running average train loss is 0.6678730821609498 at epoch 305
INFO - 01/29/26 10:37:08 - 0:10:22 - At 306-th epoch with lr 0.000723.
INFO - 01/29/26 10:37:10 - 0:10:24 - Running average train loss is 0.6675672411918641 at epoch 306
INFO - 01/29/26 10:37:10 - 0:10:24 - At 307-th epoch with lr 0.000722.
INFO - 01/29/26 10:37:12 - 0:10:26 - Running average train loss is 0.6677941656112671 at epoch 307
INFO - 01/29/26 10:37:12 - 0:10:26 - At 308-th epoch with lr 0.000721.
INFO - 01/29/26 10:37:14 - 0:10:28 - Running average train loss is 0.6684715557098388 at epoch 308
INFO - 01/29/26 10:37:14 - 0:10:28 - At 309-th epoch with lr 0.000720.
INFO - 01/29/26 10:37:16 - 0:10:30 - Running average train loss is 0.6674028897285461 at epoch 309
INFO - 01/29/26 10:37:16 - 0:10:30 - At 310-th epoch with lr 0.000718.
INFO - 01/29/26 10:37:18 - 0:10:32 - Running average train loss is 0.6673612070083618 at epoch 310
INFO - 01/29/26 10:37:18 - 0:10:32 - At 311-th epoch with lr 0.000717.
INFO - 01/29/26 10:37:20 - 0:10:34 - Running average train loss is 0.6673980784416199 at epoch 311
INFO - 01/29/26 10:37:20 - 0:10:34 - At 312-th epoch with lr 0.000716.
INFO - 01/29/26 10:37:22 - 0:10:36 - Running average train loss is 0.667675588130951 at epoch 312
INFO - 01/29/26 10:37:22 - 0:10:36 - At 313-th epoch with lr 0.000715.
INFO - 01/29/26 10:37:24 - 0:10:38 - Running average train loss is 0.6673341298103332 at epoch 313
INFO - 01/29/26 10:37:24 - 0:10:38 - At 314-th epoch with lr 0.000714.
INFO - 01/29/26 10:37:25 - 0:10:40 - Running average train loss is 0.6682663154602051 at epoch 314
INFO - 01/29/26 10:37:25 - 0:10:40 - At 315-th epoch with lr 0.000713.
INFO - 01/29/26 10:37:27 - 0:10:42 - Running average train loss is 0.6682369756698608 at epoch 315
INFO - 01/29/26 10:37:27 - 0:10:42 - At 316-th epoch with lr 0.000712.
INFO - 01/29/26 10:37:29 - 0:10:43 - Running average train loss is 0.6674414300918579 at epoch 316
INFO - 01/29/26 10:37:29 - 0:10:43 - At 317-th epoch with lr 0.000710.
INFO - 01/29/26 10:37:31 - 0:10:45 - Running average train loss is 0.6669033217430115 at epoch 317
INFO - 01/29/26 10:37:31 - 0:10:45 - At 318-th epoch with lr 0.000709.
INFO - 01/29/26 10:37:33 - 0:10:47 - Running average train loss is 0.6659596562385559 at epoch 318
INFO - 01/29/26 10:37:33 - 0:10:47 - At 319-th epoch with lr 0.000708.
INFO - 01/29/26 10:37:35 - 0:10:49 - Running average train loss is 0.667223105430603 at epoch 319
INFO - 01/29/26 10:37:35 - 0:10:49 - At 320-th epoch with lr 0.000707.
INFO - 01/29/26 10:37:37 - 0:10:51 - Running average train loss is 0.6669539165496826 at epoch 320
INFO - 01/29/26 10:37:37 - 0:10:51 - Average dev loss is 0.8302145997683207 at epoch 320
INFO - 01/29/26 10:37:38 - 0:10:52 - dev accuracy is 74.1 at epoch 320
INFO - 01/29/26 10:37:38 - 0:10:52 - dev average edit distance is 0.484 at epoch 320
INFO - 01/29/26 10:37:38 - 0:10:52 - At 321-th epoch with lr 0.000706.
INFO - 01/29/26 10:37:40 - 0:10:54 - Running average train loss is 0.6675726127624512 at epoch 321
INFO - 01/29/26 10:37:40 - 0:10:54 - At 322-th epoch with lr 0.000705.
INFO - 01/29/26 10:37:42 - 0:10:56 - Running average train loss is 0.6673692536354064 at epoch 322
INFO - 01/29/26 10:37:42 - 0:10:56 - At 323-th epoch with lr 0.000704.
INFO - 01/29/26 10:37:44 - 0:10:58 - Running average train loss is 0.6676215887069702 at epoch 323
INFO - 01/29/26 10:37:44 - 0:10:58 - At 324-th epoch with lr 0.000703.
INFO - 01/29/26 10:37:45 - 0:11:00 - Running average train loss is 0.6671832633018494 at epoch 324
INFO - 01/29/26 10:37:45 - 0:11:00 - At 325-th epoch with lr 0.000702.
INFO - 01/29/26 10:37:47 - 0:11:02 - Running average train loss is 0.6675259399414063 at epoch 325
INFO - 01/29/26 10:37:47 - 0:11:02 - At 326-th epoch with lr 0.000701.
INFO - 01/29/26 10:37:49 - 0:11:04 - Running average train loss is 0.6666159200668335 at epoch 326
INFO - 01/29/26 10:37:49 - 0:11:04 - At 327-th epoch with lr 0.000699.
INFO - 01/29/26 10:37:51 - 0:11:06 - Running average train loss is 0.6673679852485657 at epoch 327
INFO - 01/29/26 10:37:51 - 0:11:06 - At 328-th epoch with lr 0.000698.
INFO - 01/29/26 10:37:53 - 0:11:07 - Running average train loss is 0.6663554096221924 at epoch 328
INFO - 01/29/26 10:37:53 - 0:11:07 - At 329-th epoch with lr 0.000697.
INFO - 01/29/26 10:37:55 - 0:11:09 - Running average train loss is 0.6673162484169006 at epoch 329
INFO - 01/29/26 10:37:55 - 0:11:09 - At 330-th epoch with lr 0.000696.
INFO - 01/29/26 10:37:57 - 0:11:11 - Running average train loss is 0.6670408082008362 at epoch 330
INFO - 01/29/26 10:37:57 - 0:11:11 - At 331-th epoch with lr 0.000695.
INFO - 01/29/26 10:37:59 - 0:11:13 - Running average train loss is 0.6669883632659912 at epoch 331
INFO - 01/29/26 10:37:59 - 0:11:13 - At 332-th epoch with lr 0.000694.
INFO - 01/29/26 10:38:01 - 0:11:15 - Running average train loss is 0.6675305390357971 at epoch 332
INFO - 01/29/26 10:38:01 - 0:11:15 - At 333-th epoch with lr 0.000693.
INFO - 01/29/26 10:38:03 - 0:11:17 - Running average train loss is 0.6662195014953614 at epoch 333
INFO - 01/29/26 10:38:03 - 0:11:17 - At 334-th epoch with lr 0.000692.
INFO - 01/29/26 10:38:05 - 0:11:19 - Running average train loss is 0.667167284488678 at epoch 334
INFO - 01/29/26 10:38:05 - 0:11:19 - At 335-th epoch with lr 0.000691.
INFO - 01/29/26 10:38:07 - 0:11:21 - Running average train loss is 0.6660142850875854 at epoch 335
INFO - 01/29/26 10:38:07 - 0:11:21 - At 336-th epoch with lr 0.000690.
INFO - 01/29/26 10:38:09 - 0:11:23 - Running average train loss is 0.6658653044700622 at epoch 336
INFO - 01/29/26 10:38:09 - 0:11:23 - Average dev loss is 0.837980329990387 at epoch 336
INFO - 01/29/26 10:38:09 - 0:11:24 - dev accuracy is 74.7 at epoch 336
INFO - 01/29/26 10:38:09 - 0:11:24 - dev average edit distance is 0.48 at epoch 336
INFO - 01/29/26 10:38:10 - 0:11:24 - At 337-th epoch with lr 0.000689.
INFO - 01/29/26 10:38:11 - 0:11:26 - Running average train loss is 0.6662613916397094 at epoch 337
INFO - 01/29/26 10:38:11 - 0:11:26 - At 338-th epoch with lr 0.000688.
INFO - 01/29/26 10:38:13 - 0:11:28 - Running average train loss is 0.6660236549377442 at epoch 338
INFO - 01/29/26 10:38:13 - 0:11:28 - At 339-th epoch with lr 0.000687.
INFO - 01/29/26 10:38:15 - 0:11:29 - Running average train loss is 0.6663247013092041 at epoch 339
INFO - 01/29/26 10:38:15 - 0:11:29 - At 340-th epoch with lr 0.000686.
INFO - 01/29/26 10:38:17 - 0:11:31 - Running average train loss is 0.6669243144989013 at epoch 340
INFO - 01/29/26 10:38:17 - 0:11:31 - At 341-th epoch with lr 0.000685.
INFO - 01/29/26 10:38:19 - 0:11:33 - Running average train loss is 0.6677563762664795 at epoch 341
INFO - 01/29/26 10:38:19 - 0:11:33 - At 342-th epoch with lr 0.000684.
INFO - 01/29/26 10:38:21 - 0:11:35 - Running average train loss is 0.6664138770103455 at epoch 342
INFO - 01/29/26 10:38:21 - 0:11:35 - At 343-th epoch with lr 0.000683.
INFO - 01/29/26 10:38:23 - 0:11:37 - Running average train loss is 0.6662333679199218 at epoch 343
INFO - 01/29/26 10:38:23 - 0:11:37 - At 344-th epoch with lr 0.000682.
INFO - 01/29/26 10:38:25 - 0:11:39 - Running average train loss is 0.6658057284355163 at epoch 344
INFO - 01/29/26 10:38:25 - 0:11:39 - At 345-th epoch with lr 0.000681.
INFO - 01/29/26 10:38:27 - 0:11:41 - Running average train loss is 0.6658019399642945 at epoch 345
INFO - 01/29/26 10:38:27 - 0:11:41 - At 346-th epoch with lr 0.000680.
INFO - 01/29/26 10:38:29 - 0:11:43 - Running average train loss is 0.6662174487113952 at epoch 346
INFO - 01/29/26 10:38:29 - 0:11:43 - At 347-th epoch with lr 0.000679.
INFO - 01/29/26 10:38:31 - 0:11:45 - Running average train loss is 0.6667946982383728 at epoch 347
INFO - 01/29/26 10:38:31 - 0:11:45 - At 348-th epoch with lr 0.000678.
INFO - 01/29/26 10:38:33 - 0:11:47 - Running average train loss is 0.6659509801864624 at epoch 348
INFO - 01/29/26 10:38:33 - 0:11:47 - At 349-th epoch with lr 0.000677.
INFO - 01/29/26 10:38:35 - 0:11:49 - Running average train loss is 0.6662071347236633 at epoch 349
INFO - 01/29/26 10:38:35 - 0:11:49 - At 350-th epoch with lr 0.000676.
INFO - 01/29/26 10:38:37 - 0:11:51 - Running average train loss is 0.6657129859924317 at epoch 350
INFO - 01/29/26 10:38:37 - 0:11:51 - At 351-th epoch with lr 0.000675.
INFO - 01/29/26 10:38:39 - 0:11:53 - Running average train loss is 0.6663649296760559 at epoch 351
INFO - 01/29/26 10:38:39 - 0:11:53 - At 352-th epoch with lr 0.000674.
INFO - 01/29/26 10:38:41 - 0:11:55 - Running average train loss is 0.6662065696716308 at epoch 352
INFO - 01/29/26 10:38:41 - 0:11:55 - Average dev loss is 0.8427935043970743 at epoch 352
INFO - 01/29/26 10:38:41 - 0:11:55 - dev accuracy is 73.2 at epoch 352
INFO - 01/29/26 10:38:41 - 0:11:55 - dev average edit distance is 0.471 at epoch 352
INFO - 01/29/26 10:38:41 - 0:11:56 - At 353-th epoch with lr 0.000673.
INFO - 01/29/26 10:38:43 - 0:11:58 - Running average train loss is 0.6661218643188477 at epoch 353
INFO - 01/29/26 10:38:43 - 0:11:58 - At 354-th epoch with lr 0.000672.
INFO - 01/29/26 10:38:45 - 0:11:59 - Running average train loss is 0.6665407037734985 at epoch 354
INFO - 01/29/26 10:38:45 - 0:11:59 - At 355-th epoch with lr 0.000671.
INFO - 01/29/26 10:38:47 - 0:12:01 - Running average train loss is 0.6664501023292542 at epoch 355
INFO - 01/29/26 10:38:47 - 0:12:01 - At 356-th epoch with lr 0.000670.
INFO - 01/29/26 10:38:49 - 0:12:03 - Running average train loss is 0.6659275674819947 at epoch 356
INFO - 01/29/26 10:38:49 - 0:12:03 - At 357-th epoch with lr 0.000669.
INFO - 01/29/26 10:38:51 - 0:12:05 - Running average train loss is 0.6655863356590271 at epoch 357
INFO - 01/29/26 10:38:51 - 0:12:05 - At 358-th epoch with lr 0.000669.
INFO - 01/29/26 10:38:53 - 0:12:07 - Running average train loss is 0.6662501430511475 at epoch 358
INFO - 01/29/26 10:38:53 - 0:12:07 - At 359-th epoch with lr 0.000668.
INFO - 01/29/26 10:38:55 - 0:12:09 - Running average train loss is 0.6663771462440491 at epoch 359
INFO - 01/29/26 10:38:55 - 0:12:09 - At 360-th epoch with lr 0.000667.
INFO - 01/29/26 10:38:57 - 0:12:11 - Running average train loss is 0.6660500502586365 at epoch 360
INFO - 01/29/26 10:38:57 - 0:12:11 - At 361-th epoch with lr 0.000666.
INFO - 01/29/26 10:38:59 - 0:12:13 - Running average train loss is 0.6659797215461731 at epoch 361
INFO - 01/29/26 10:38:59 - 0:12:13 - At 362-th epoch with lr 0.000665.
INFO - 01/29/26 10:39:01 - 0:12:15 - Running average train loss is 0.6649799394607544 at epoch 362
INFO - 01/29/26 10:39:01 - 0:12:15 - At 363-th epoch with lr 0.000664.
INFO - 01/29/26 10:39:03 - 0:12:17 - Running average train loss is 0.6654857087135315 at epoch 363
INFO - 01/29/26 10:39:03 - 0:12:17 - At 364-th epoch with lr 0.000663.
INFO - 01/29/26 10:39:05 - 0:12:19 - Running average train loss is 0.6655803298950196 at epoch 364
INFO - 01/29/26 10:39:05 - 0:12:19 - At 365-th epoch with lr 0.000662.
INFO - 01/29/26 10:39:07 - 0:12:21 - Running average train loss is 0.6655141472816467 at epoch 365
INFO - 01/29/26 10:39:07 - 0:12:21 - At 366-th epoch with lr 0.000661.
INFO - 01/29/26 10:39:09 - 0:12:23 - Running average train loss is 0.6651900005340576 at epoch 366
INFO - 01/29/26 10:39:09 - 0:12:23 - At 367-th epoch with lr 0.000660.
INFO - 01/29/26 10:39:11 - 0:12:25 - Running average train loss is 0.6673002910614013 at epoch 367
INFO - 01/29/26 10:39:11 - 0:12:25 - At 368-th epoch with lr 0.000659.
INFO - 01/29/26 10:39:13 - 0:12:27 - Running average train loss is 0.6665840768814086 at epoch 368
INFO - 01/29/26 10:39:13 - 0:12:27 - Average dev loss is 0.8211578925450643 at epoch 368
INFO - 01/29/26 10:39:13 - 0:12:28 - dev accuracy is 72.7 at epoch 368
INFO - 01/29/26 10:39:13 - 0:12:28 - dev average edit distance is 0.555 at epoch 368
INFO - 01/29/26 10:39:13 - 0:12:28 - At 369-th epoch with lr 0.000658.
INFO - 01/29/26 10:39:15 - 0:12:30 - Running average train loss is 0.6664463233947754 at epoch 369
INFO - 01/29/26 10:39:15 - 0:12:30 - At 370-th epoch with lr 0.000658.
INFO - 01/29/26 10:39:17 - 0:12:32 - Running average train loss is 0.6648199510574341 at epoch 370
INFO - 01/29/26 10:39:17 - 0:12:32 - At 371-th epoch with lr 0.000657.
INFO - 01/29/26 10:39:19 - 0:12:33 - Running average train loss is 0.6655865716934204 at epoch 371
INFO - 01/29/26 10:39:19 - 0:12:33 - At 372-th epoch with lr 0.000656.
INFO - 01/29/26 10:39:21 - 0:12:35 - Running average train loss is 0.6652767992019654 at epoch 372
INFO - 01/29/26 10:39:21 - 0:12:35 - At 373-th epoch with lr 0.000655.
INFO - 01/29/26 10:39:23 - 0:12:37 - Running average train loss is 0.665396339893341 at epoch 373
INFO - 01/29/26 10:39:23 - 0:12:37 - At 374-th epoch with lr 0.000654.
INFO - 01/29/26 10:39:25 - 0:12:39 - Running average train loss is 0.6654001331329346 at epoch 374
INFO - 01/29/26 10:39:25 - 0:12:39 - At 375-th epoch with lr 0.000653.
INFO - 01/29/26 10:39:27 - 0:12:41 - Running average train loss is 0.6654279208183289 at epoch 375
INFO - 01/29/26 10:39:27 - 0:12:41 - At 376-th epoch with lr 0.000652.
INFO - 01/29/26 10:39:29 - 0:12:43 - Running average train loss is 0.6657786726951599 at epoch 376
INFO - 01/29/26 10:39:29 - 0:12:43 - At 377-th epoch with lr 0.000651.
INFO - 01/29/26 10:39:31 - 0:12:45 - Running average train loss is 0.6648543000221252 at epoch 377
INFO - 01/29/26 10:39:31 - 0:12:45 - At 378-th epoch with lr 0.000651.
INFO - 01/29/26 10:39:33 - 0:12:47 - Running average train loss is 0.6654672145843505 at epoch 378
INFO - 01/29/26 10:39:33 - 0:12:47 - At 379-th epoch with lr 0.000650.
INFO - 01/29/26 10:39:35 - 0:12:49 - Running average train loss is 0.6660564756393432 at epoch 379
INFO - 01/29/26 10:39:35 - 0:12:49 - At 380-th epoch with lr 0.000649.
INFO - 01/29/26 10:39:37 - 0:12:51 - Running average train loss is 0.6662720656394958 at epoch 380
INFO - 01/29/26 10:39:37 - 0:12:51 - At 381-th epoch with lr 0.000648.
INFO - 01/29/26 10:39:39 - 0:12:53 - Running average train loss is 0.6653460717201233 at epoch 381
INFO - 01/29/26 10:39:39 - 0:12:53 - At 382-th epoch with lr 0.000647.
INFO - 01/29/26 10:39:41 - 0:12:55 - Running average train loss is 0.6653688979148865 at epoch 382
INFO - 01/29/26 10:39:41 - 0:12:55 - At 383-th epoch with lr 0.000646.
INFO - 01/29/26 10:39:43 - 0:12:57 - Running average train loss is 0.6657220697402955 at epoch 383
INFO - 01/29/26 10:39:43 - 0:12:57 - At 384-th epoch with lr 0.000645.
INFO - 01/29/26 10:39:45 - 0:12:59 - Running average train loss is 0.6654781746864319 at epoch 384
INFO - 01/29/26 10:39:45 - 0:12:59 - Average dev loss is 0.8233843048413595 at epoch 384
INFO - 01/29/26 10:39:45 - 0:13:00 - dev accuracy is 74.6 at epoch 384
INFO - 01/29/26 10:39:45 - 0:13:00 - dev average edit distance is 0.471 at epoch 384
INFO - 01/29/26 10:39:46 - 0:13:00 - At 385-th epoch with lr 0.000645.
INFO - 01/29/26 10:39:47 - 0:13:02 - Running average train loss is 0.6656311130523682 at epoch 385
INFO - 01/29/26 10:39:47 - 0:13:02 - At 386-th epoch with lr 0.000644.
INFO - 01/29/26 10:39:49 - 0:13:04 - Running average train loss is 0.6666869568824768 at epoch 386
INFO - 01/29/26 10:39:49 - 0:13:04 - At 387-th epoch with lr 0.000643.
INFO - 01/29/26 10:39:51 - 0:13:06 - Running average train loss is 0.6654747748374938 at epoch 387
INFO - 01/29/26 10:39:51 - 0:13:06 - At 388-th epoch with lr 0.000642.
INFO - 01/29/26 10:39:53 - 0:13:08 - Running average train loss is 0.6655547785758972 at epoch 388
INFO - 01/29/26 10:39:53 - 0:13:08 - At 389-th epoch with lr 0.000641.
INFO - 01/29/26 10:39:55 - 0:13:09 - Running average train loss is 0.6648441052436829 at epoch 389
INFO - 01/29/26 10:39:55 - 0:13:09 - At 390-th epoch with lr 0.000641.
INFO - 01/29/26 10:39:57 - 0:13:11 - Running average train loss is 0.6652050185203552 at epoch 390
INFO - 01/29/26 10:39:57 - 0:13:11 - At 391-th epoch with lr 0.000640.
INFO - 01/29/26 10:39:59 - 0:13:13 - Running average train loss is 0.6652070879936218 at epoch 391
INFO - 01/29/26 10:39:59 - 0:13:13 - At 392-th epoch with lr 0.000639.
INFO - 01/29/26 10:40:01 - 0:13:15 - Running average train loss is 0.6656780433654785 at epoch 392
INFO - 01/29/26 10:40:01 - 0:13:15 - At 393-th epoch with lr 0.000638.
INFO - 01/29/26 10:40:03 - 0:13:17 - Running average train loss is 0.665563702583313 at epoch 393
INFO - 01/29/26 10:40:03 - 0:13:17 - At 394-th epoch with lr 0.000637.
INFO - 01/29/26 10:40:05 - 0:13:19 - Running average train loss is 0.6656623029708862 at epoch 394
INFO - 01/29/26 10:40:05 - 0:13:19 - At 395-th epoch with lr 0.000636.
INFO - 01/29/26 10:40:07 - 0:13:21 - Running average train loss is 0.6647995615005493 at epoch 395
INFO - 01/29/26 10:40:07 - 0:13:21 - At 396-th epoch with lr 0.000636.
INFO - 01/29/26 10:40:09 - 0:13:23 - Running average train loss is 0.6652267169952393 at epoch 396
INFO - 01/29/26 10:40:09 - 0:13:23 - At 397-th epoch with lr 0.000635.
INFO - 01/29/26 10:40:11 - 0:13:25 - Running average train loss is 0.6653229236602783 at epoch 397
INFO - 01/29/26 10:40:11 - 0:13:25 - At 398-th epoch with lr 0.000634.
INFO - 01/29/26 10:40:13 - 0:13:27 - Running average train loss is 0.6653219079971313 at epoch 398
INFO - 01/29/26 10:40:13 - 0:13:27 - At 399-th epoch with lr 0.000633.
INFO - 01/29/26 10:40:15 - 0:13:29 - Running average train loss is 0.665093903541565 at epoch 399
INFO - 01/29/26 10:40:15 - 0:13:29 - At 400-th epoch with lr 0.000632.
INFO - 01/29/26 10:40:17 - 0:13:31 - Running average train loss is 0.6650653123855591 at epoch 400
INFO - 01/29/26 10:40:17 - 0:13:31 - Average dev loss is 0.8469133178393046 at epoch 400
INFO - 01/29/26 10:40:17 - 0:13:32 - dev accuracy is 75.1 at epoch 400
INFO - 01/29/26 10:40:17 - 0:13:32 - dev average edit distance is 0.479 at epoch 400
INFO - 01/29/26 10:40:18 - 0:13:32 - At 401-th epoch with lr 0.000632.
INFO - 01/29/26 10:40:20 - 0:13:34 - Running average train loss is 0.6655172419548034 at epoch 401
INFO - 01/29/26 10:40:20 - 0:13:34 - At 402-th epoch with lr 0.000631.
INFO - 01/29/26 10:40:22 - 0:13:36 - Running average train loss is 0.6650435519218445 at epoch 402
INFO - 01/29/26 10:40:22 - 0:13:36 - At 403-th epoch with lr 0.000630.
INFO - 01/29/26 10:40:23 - 0:13:38 - Running average train loss is 0.6647979998588562 at epoch 403
INFO - 01/29/26 10:40:23 - 0:13:38 - At 404-th epoch with lr 0.000629.
INFO - 01/29/26 10:40:25 - 0:13:40 - Running average train loss is 0.6649129652976989 at epoch 404
INFO - 01/29/26 10:40:25 - 0:13:40 - At 405-th epoch with lr 0.000629.
INFO - 01/29/26 10:40:27 - 0:13:42 - Running average train loss is 0.6645280122756958 at epoch 405
INFO - 01/29/26 10:40:27 - 0:13:42 - At 406-th epoch with lr 0.000628.
INFO - 01/29/26 10:40:29 - 0:13:43 - Running average train loss is 0.6637881970405579 at epoch 406
INFO - 01/29/26 10:40:29 - 0:13:43 - At 407-th epoch with lr 0.000627.
INFO - 01/29/26 10:40:31 - 0:13:45 - Running average train loss is 0.6649042916297913 at epoch 407
INFO - 01/29/26 10:40:31 - 0:13:45 - At 408-th epoch with lr 0.000626.
INFO - 01/29/26 10:40:33 - 0:13:47 - Running average train loss is 0.6656947541236877 at epoch 408
INFO - 01/29/26 10:40:33 - 0:13:47 - At 409-th epoch with lr 0.000625.
INFO - 01/29/26 10:40:35 - 0:13:49 - Running average train loss is 0.664767038822174 at epoch 409
INFO - 01/29/26 10:40:35 - 0:13:49 - At 410-th epoch with lr 0.000625.
INFO - 01/29/26 10:40:37 - 0:13:51 - Running average train loss is 0.6648240947723388 at epoch 410
INFO - 01/29/26 10:40:37 - 0:13:51 - At 411-th epoch with lr 0.000624.
INFO - 01/29/26 10:40:39 - 0:13:53 - Running average train loss is 0.6644640326499939 at epoch 411
INFO - 01/29/26 10:40:39 - 0:13:53 - At 412-th epoch with lr 0.000623.
INFO - 01/29/26 10:40:41 - 0:13:55 - Running average train loss is 0.6641986989974975 at epoch 412
INFO - 01/29/26 10:40:41 - 0:13:55 - At 413-th epoch with lr 0.000622.
INFO - 01/29/26 10:40:43 - 0:13:57 - Running average train loss is 0.6640803098678589 at epoch 413
INFO - 01/29/26 10:40:43 - 0:13:57 - At 414-th epoch with lr 0.000622.
INFO - 01/29/26 10:40:45 - 0:13:59 - Running average train loss is 0.6650505542755127 at epoch 414
INFO - 01/29/26 10:40:45 - 0:13:59 - At 415-th epoch with lr 0.000621.
INFO - 01/29/26 10:40:47 - 0:14:01 - Running average train loss is 0.6645746731758118 at epoch 415
INFO - 01/29/26 10:40:47 - 0:14:01 - At 416-th epoch with lr 0.000620.
INFO - 01/29/26 10:40:49 - 0:14:03 - Running average train loss is 0.6645996403694153 at epoch 416
INFO - 01/29/26 10:40:49 - 0:14:03 - Average dev loss is 0.824387768904368 at epoch 416
INFO - 01/29/26 10:40:49 - 0:14:04 - dev accuracy is 75.1 at epoch 416
INFO - 01/29/26 10:40:49 - 0:14:04 - dev average edit distance is 0.473 at epoch 416
INFO - 01/29/26 10:40:50 - 0:14:04 - At 417-th epoch with lr 0.000619.
INFO - 01/29/26 10:40:52 - 0:14:06 - Running average train loss is 0.6653892874717713 at epoch 417
INFO - 01/29/26 10:40:52 - 0:14:06 - At 418-th epoch with lr 0.000619.
INFO - 01/29/26 10:40:54 - 0:14:08 - Running average train loss is 0.6650159096717835 at epoch 418
INFO - 01/29/26 10:40:54 - 0:14:08 - At 419-th epoch with lr 0.000618.
INFO - 01/29/26 10:40:55 - 0:14:10 - Running average train loss is 0.6643570685386657 at epoch 419
INFO - 01/29/26 10:40:55 - 0:14:10 - At 420-th epoch with lr 0.000617.
INFO - 01/29/26 10:40:57 - 0:14:12 - Running average train loss is 0.6657364892959595 at epoch 420
INFO - 01/29/26 10:40:57 - 0:14:12 - At 421-th epoch with lr 0.000616.
INFO - 01/29/26 10:40:59 - 0:14:14 - Running average train loss is 0.6650990867614746 at epoch 421
INFO - 01/29/26 10:40:59 - 0:14:14 - At 422-th epoch with lr 0.000616.
INFO - 01/29/26 10:41:01 - 0:14:16 - Running average train loss is 0.6652618908882141 at epoch 422
INFO - 01/29/26 10:41:01 - 0:14:16 - At 423-th epoch with lr 0.000615.
INFO - 01/29/26 10:41:03 - 0:14:18 - Running average train loss is 0.6644376921653747 at epoch 423
INFO - 01/29/26 10:41:03 - 0:14:18 - At 424-th epoch with lr 0.000614.
INFO - 01/29/26 10:41:05 - 0:14:19 - Running average train loss is 0.6647682881355286 at epoch 424
INFO - 01/29/26 10:41:05 - 0:14:19 - At 425-th epoch with lr 0.000614.
INFO - 01/29/26 10:41:07 - 0:14:21 - Running average train loss is 0.6645722031593323 at epoch 425
INFO - 01/29/26 10:41:07 - 0:14:21 - At 426-th epoch with lr 0.000613.
INFO - 01/29/26 10:41:09 - 0:14:23 - Running average train loss is 0.6645456910133362 at epoch 426
INFO - 01/29/26 10:41:09 - 0:14:23 - At 427-th epoch with lr 0.000612.
INFO - 01/29/26 10:41:11 - 0:14:25 - Running average train loss is 0.6643852114677429 at epoch 427
INFO - 01/29/26 10:41:11 - 0:14:25 - At 428-th epoch with lr 0.000611.
INFO - 01/29/26 10:41:13 - 0:14:27 - Running average train loss is 0.6634365797042847 at epoch 428
INFO - 01/29/26 10:41:13 - 0:14:27 - At 429-th epoch with lr 0.000611.
INFO - 01/29/26 10:41:15 - 0:14:29 - Running average train loss is 0.6642583060264587 at epoch 429
INFO - 01/29/26 10:41:15 - 0:14:29 - At 430-th epoch with lr 0.000610.
INFO - 01/29/26 10:41:17 - 0:14:31 - Running average train loss is 0.6639840412139892 at epoch 430
INFO - 01/29/26 10:41:17 - 0:14:31 - At 431-th epoch with lr 0.000609.
INFO - 01/29/26 10:41:19 - 0:14:33 - Running average train loss is 0.6644328212738038 at epoch 431
INFO - 01/29/26 10:41:19 - 0:14:33 - At 432-th epoch with lr 0.000609.
INFO - 01/29/26 10:41:21 - 0:14:35 - Running average train loss is 0.6640523266792298 at epoch 432
INFO - 01/29/26 10:41:21 - 0:14:35 - Average dev loss is 0.8547052542368571 at epoch 432
INFO - 01/29/26 10:41:22 - 0:14:36 - dev accuracy is 71.7 at epoch 432
INFO - 01/29/26 10:41:22 - 0:14:36 - dev average edit distance is 0.517 at epoch 432
INFO - 01/29/26 10:41:22 - 0:14:36 - At 433-th epoch with lr 0.000608.
INFO - 01/29/26 10:41:24 - 0:14:38 - Running average train loss is 0.6647638797760009 at epoch 433
INFO - 01/29/26 10:41:24 - 0:14:38 - At 434-th epoch with lr 0.000607.
INFO - 01/29/26 10:41:26 - 0:14:40 - Running average train loss is 0.6645876669883728 at epoch 434
INFO - 01/29/26 10:41:26 - 0:14:40 - At 435-th epoch with lr 0.000606.
INFO - 01/29/26 10:41:28 - 0:14:42 - Running average train loss is 0.6643341875076294 at epoch 435
INFO - 01/29/26 10:41:28 - 0:14:42 - At 436-th epoch with lr 0.000606.
INFO - 01/29/26 10:41:29 - 0:14:44 - Running average train loss is 0.6643578457832336 at epoch 436
INFO - 01/29/26 10:41:29 - 0:14:44 - At 437-th epoch with lr 0.000605.
INFO - 01/29/26 10:41:31 - 0:14:46 - Running average train loss is 0.663780677318573 at epoch 437
INFO - 01/29/26 10:41:31 - 0:14:46 - At 438-th epoch with lr 0.000604.
INFO - 01/29/26 10:41:33 - 0:14:48 - Running average train loss is 0.6642555093765259 at epoch 438
INFO - 01/29/26 10:41:33 - 0:14:48 - At 439-th epoch with lr 0.000604.
INFO - 01/29/26 10:41:35 - 0:14:50 - Running average train loss is 0.6644617748260498 at epoch 439
INFO - 01/29/26 10:41:35 - 0:14:50 - At 440-th epoch with lr 0.000603.
INFO - 01/29/26 10:41:37 - 0:14:51 - Running average train loss is 0.6641682815551758 at epoch 440
INFO - 01/29/26 10:41:37 - 0:14:51 - At 441-th epoch with lr 0.000602.
INFO - 01/29/26 10:41:39 - 0:14:53 - Running average train loss is 0.6650301742553711 at epoch 441
INFO - 01/29/26 10:41:39 - 0:14:53 - At 442-th epoch with lr 0.000602.
INFO - 01/29/26 10:41:41 - 0:14:55 - Running average train loss is 0.6645503306388855 at epoch 442
INFO - 01/29/26 10:41:41 - 0:14:55 - At 443-th epoch with lr 0.000601.
INFO - 01/29/26 10:41:43 - 0:14:57 - Running average train loss is 0.6644141936302185 at epoch 443
INFO - 01/29/26 10:41:43 - 0:14:57 - At 444-th epoch with lr 0.000600.
INFO - 01/29/26 10:41:45 - 0:14:59 - Running average train loss is 0.6647663807868958 at epoch 444
INFO - 01/29/26 10:41:45 - 0:14:59 - At 445-th epoch with lr 0.000600.
INFO - 01/29/26 10:41:47 - 0:15:01 - Running average train loss is 0.6641553497314453 at epoch 445
INFO - 01/29/26 10:41:47 - 0:15:01 - At 446-th epoch with lr 0.000599.
INFO - 01/29/26 10:41:49 - 0:15:03 - Running average train loss is 0.6641972994804383 at epoch 446
INFO - 01/29/26 10:41:49 - 0:15:03 - At 447-th epoch with lr 0.000598.
INFO - 01/29/26 10:41:51 - 0:15:05 - Running average train loss is 0.6639657068252564 at epoch 447
INFO - 01/29/26 10:41:51 - 0:15:05 - At 448-th epoch with lr 0.000598.
INFO - 01/29/26 10:41:53 - 0:15:07 - Running average train loss is 0.6644490981101989 at epoch 448
INFO - 01/29/26 10:41:53 - 0:15:07 - Average dev loss is 0.844531794389089 at epoch 448
INFO - 01/29/26 10:41:54 - 0:15:08 - dev accuracy is 74.2 at epoch 448
INFO - 01/29/26 10:41:54 - 0:15:08 - dev average edit distance is 0.516 at epoch 448
INFO - 01/29/26 10:41:54 - 0:15:08 - At 449-th epoch with lr 0.000597.
INFO - 01/29/26 10:41:56 - 0:15:10 - Running average train loss is 0.6638430523872375 at epoch 449
INFO - 01/29/26 10:41:56 - 0:15:10 - At 450-th epoch with lr 0.000596.
INFO - 01/29/26 10:41:58 - 0:15:12 - Running average train loss is 0.6643674325942993 at epoch 450
INFO - 01/29/26 10:41:58 - 0:15:12 - At 451-th epoch with lr 0.000596.
INFO - 01/29/26 10:42:00 - 0:15:14 - Running average train loss is 0.663820493221283 at epoch 451
INFO - 01/29/26 10:42:00 - 0:15:14 - At 452-th epoch with lr 0.000595.
INFO - 01/29/26 10:42:01 - 0:15:16 - Running average train loss is 0.6636544227600097 at epoch 452
INFO - 01/29/26 10:42:01 - 0:15:16 - At 453-th epoch with lr 0.000594.
INFO - 01/29/26 10:42:03 - 0:15:18 - Running average train loss is 0.6638420677185058 at epoch 453
INFO - 01/29/26 10:42:03 - 0:15:18 - At 454-th epoch with lr 0.000594.
INFO - 01/29/26 10:42:05 - 0:15:20 - Running average train loss is 0.6636243319511413 at epoch 454
INFO - 01/29/26 10:42:05 - 0:15:20 - At 455-th epoch with lr 0.000593.
INFO - 01/29/26 10:42:07 - 0:15:22 - Running average train loss is 0.6638526034355163 at epoch 455
INFO - 01/29/26 10:42:07 - 0:15:22 - At 456-th epoch with lr 0.000592.
INFO - 01/29/26 10:42:09 - 0:15:24 - Running average train loss is 0.6642597770690918 at epoch 456
INFO - 01/29/26 10:42:09 - 0:15:24 - At 457-th epoch with lr 0.000592.
INFO - 01/29/26 10:42:11 - 0:15:25 - Running average train loss is 0.6643415164947509 at epoch 457
INFO - 01/29/26 10:42:11 - 0:15:25 - At 458-th epoch with lr 0.000591.
INFO - 01/29/26 10:42:13 - 0:15:27 - Running average train loss is 0.6634483861923218 at epoch 458
INFO - 01/29/26 10:42:13 - 0:15:27 - At 459-th epoch with lr 0.000590.
INFO - 01/29/26 10:42:15 - 0:15:29 - Running average train loss is 0.6638845682144165 at epoch 459
INFO - 01/29/26 10:42:15 - 0:15:29 - At 460-th epoch with lr 0.000590.
INFO - 01/29/26 10:42:17 - 0:15:31 - Running average train loss is 0.6640448474884033 at epoch 460
INFO - 01/29/26 10:42:17 - 0:15:31 - At 461-th epoch with lr 0.000589.
INFO - 01/29/26 10:42:19 - 0:15:33 - Running average train loss is 0.6641479182243347 at epoch 461
INFO - 01/29/26 10:42:19 - 0:15:33 - At 462-th epoch with lr 0.000588.
INFO - 01/29/26 10:42:21 - 0:15:35 - Running average train loss is 0.6644838786125183 at epoch 462
INFO - 01/29/26 10:42:21 - 0:15:35 - At 463-th epoch with lr 0.000588.
INFO - 01/29/26 10:42:23 - 0:15:37 - Running average train loss is 0.6643346738815308 at epoch 463
INFO - 01/29/26 10:42:23 - 0:15:37 - At 464-th epoch with lr 0.000587.
INFO - 01/29/26 10:42:25 - 0:15:39 - Running average train loss is 0.6642359161376953 at epoch 464
INFO - 01/29/26 10:42:25 - 0:15:39 - Average dev loss is 0.8265392184257507 at epoch 464
INFO - 01/29/26 10:42:26 - 0:15:40 - dev accuracy is 79.3 at epoch 464
INFO - 01/29/26 10:42:26 - 0:15:40 - dev average edit distance is 0.403 at epoch 464
INFO - 01/29/26 10:42:26 - 0:15:40 - At 465-th epoch with lr 0.000587.
INFO - 01/29/26 10:42:28 - 0:15:42 - Running average train loss is 0.663563895225525 at epoch 465
INFO - 01/29/26 10:42:28 - 0:15:42 - At 466-th epoch with lr 0.000586.
INFO - 01/29/26 10:42:30 - 0:15:44 - Running average train loss is 0.6635825061798095 at epoch 466
INFO - 01/29/26 10:42:30 - 0:15:44 - At 467-th epoch with lr 0.000585.
INFO - 01/29/26 10:42:32 - 0:15:46 - Running average train loss is 0.6638051247596741 at epoch 467
INFO - 01/29/26 10:42:32 - 0:15:46 - At 468-th epoch with lr 0.000585.
INFO - 01/29/26 10:42:34 - 0:15:48 - Running average train loss is 0.6635563397407531 at epoch 468
INFO - 01/29/26 10:42:34 - 0:15:48 - At 469-th epoch with lr 0.000584.
INFO - 01/29/26 10:42:36 - 0:15:50 - Running average train loss is 0.6641562962532044 at epoch 469
INFO - 01/29/26 10:42:36 - 0:15:50 - At 470-th epoch with lr 0.000583.
INFO - 01/29/26 10:42:37 - 0:15:52 - Running average train loss is 0.6634852361679077 at epoch 470
INFO - 01/29/26 10:42:37 - 0:15:52 - At 471-th epoch with lr 0.000583.
INFO - 01/29/26 10:42:39 - 0:15:54 - Running average train loss is 0.6642051315307618 at epoch 471
INFO - 01/29/26 10:42:39 - 0:15:54 - At 472-th epoch with lr 0.000582.
INFO - 01/29/26 10:42:41 - 0:15:56 - Running average train loss is 0.6643257021903992 at epoch 472
INFO - 01/29/26 10:42:41 - 0:15:56 - At 473-th epoch with lr 0.000582.
INFO - 01/29/26 10:42:43 - 0:15:58 - Running average train loss is 0.6640684032440185 at epoch 473
INFO - 01/29/26 10:42:43 - 0:15:58 - At 474-th epoch with lr 0.000581.
INFO - 01/29/26 10:42:45 - 0:15:59 - Running average train loss is 0.6637061095237732 at epoch 474
INFO - 01/29/26 10:42:45 - 0:15:59 - At 475-th epoch with lr 0.000580.
INFO - 01/29/26 10:42:47 - 0:16:01 - Running average train loss is 0.6638012957572937 at epoch 475
INFO - 01/29/26 10:42:47 - 0:16:01 - At 476-th epoch with lr 0.000580.
INFO - 01/29/26 10:42:49 - 0:16:03 - Running average train loss is 0.6638912963867187 at epoch 476
INFO - 01/29/26 10:42:49 - 0:16:03 - At 477-th epoch with lr 0.000579.
INFO - 01/29/26 10:42:51 - 0:16:05 - Running average train loss is 0.6632238459587098 at epoch 477
INFO - 01/29/26 10:42:51 - 0:16:05 - At 478-th epoch with lr 0.000579.
INFO - 01/29/26 10:42:53 - 0:16:07 - Running average train loss is 0.6632750773429871 at epoch 478
INFO - 01/29/26 10:42:53 - 0:16:07 - At 479-th epoch with lr 0.000578.
INFO - 01/29/26 10:42:55 - 0:16:09 - Running average train loss is 0.6634386610984803 at epoch 479
INFO - 01/29/26 10:42:55 - 0:16:09 - At 480-th epoch with lr 0.000577.
INFO - 01/29/26 10:42:57 - 0:16:11 - Running average train loss is 0.6636491942405701 at epoch 480
INFO - 01/29/26 10:42:57 - 0:16:11 - Average dev loss is 0.8425617218017578 at epoch 480
INFO - 01/29/26 10:42:58 - 0:16:12 - dev accuracy is 73.8 at epoch 480
INFO - 01/29/26 10:42:58 - 0:16:12 - dev average edit distance is 0.455 at epoch 480
INFO - 01/29/26 10:42:58 - 0:16:12 - At 481-th epoch with lr 0.000577.
INFO - 01/29/26 10:43:00 - 0:16:14 - Running average train loss is 0.6635202598571778 at epoch 481
INFO - 01/29/26 10:43:00 - 0:16:14 - At 482-th epoch with lr 0.000576.
INFO - 01/29/26 10:43:02 - 0:16:16 - Running average train loss is 0.6639169049263001 at epoch 482
INFO - 01/29/26 10:43:02 - 0:16:16 - At 483-th epoch with lr 0.000576.
INFO - 01/29/26 10:43:04 - 0:16:18 - Running average train loss is 0.6635653042793274 at epoch 483
INFO - 01/29/26 10:43:04 - 0:16:18 - At 484-th epoch with lr 0.000575.
INFO - 01/29/26 10:43:06 - 0:16:20 - Running average train loss is 0.66354820728302 at epoch 484
INFO - 01/29/26 10:43:06 - 0:16:20 - At 485-th epoch with lr 0.000574.
INFO - 01/29/26 10:43:07 - 0:16:22 - Running average train loss is 0.6637407422065735 at epoch 485
INFO - 01/29/26 10:43:07 - 0:16:22 - At 486-th epoch with lr 0.000574.
INFO - 01/29/26 10:43:09 - 0:16:24 - Running average train loss is 0.6638140559196473 at epoch 486
INFO - 01/29/26 10:43:09 - 0:16:24 - At 487-th epoch with lr 0.000573.
INFO - 01/29/26 10:43:11 - 0:16:26 - Running average train loss is 0.6637624287605286 at epoch 487
INFO - 01/29/26 10:43:11 - 0:16:26 - At 488-th epoch with lr 0.000573.
INFO - 01/29/26 10:43:13 - 0:16:28 - Running average train loss is 0.6636403059959411 at epoch 488
INFO - 01/29/26 10:43:13 - 0:16:28 - At 489-th epoch with lr 0.000572.
INFO - 01/29/26 10:43:15 - 0:16:30 - Running average train loss is 0.6637879085540771 at epoch 489
INFO - 01/29/26 10:43:15 - 0:16:30 - At 490-th epoch with lr 0.000571.
INFO - 01/29/26 10:43:17 - 0:16:31 - Running average train loss is 0.6637327122688294 at epoch 490
INFO - 01/29/26 10:43:17 - 0:16:31 - At 491-th epoch with lr 0.000571.
INFO - 01/29/26 10:43:19 - 0:16:33 - Running average train loss is 0.6642853498458863 at epoch 491
INFO - 01/29/26 10:43:19 - 0:16:33 - At 492-th epoch with lr 0.000570.
INFO - 01/29/26 10:43:21 - 0:16:35 - Running average train loss is 0.664194085597992 at epoch 492
INFO - 01/29/26 10:43:21 - 0:16:35 - At 493-th epoch with lr 0.000570.
INFO - 01/29/26 10:43:23 - 0:16:37 - Running average train loss is 0.6637018418312073 at epoch 493
INFO - 01/29/26 10:43:23 - 0:16:37 - At 494-th epoch with lr 0.000569.
INFO - 01/29/26 10:43:25 - 0:16:39 - Running average train loss is 0.663427050113678 at epoch 494
INFO - 01/29/26 10:43:25 - 0:16:39 - At 495-th epoch with lr 0.000569.
INFO - 01/29/26 10:43:27 - 0:16:41 - Running average train loss is 0.6631321954727173 at epoch 495
INFO - 01/29/26 10:43:27 - 0:16:41 - At 496-th epoch with lr 0.000568.
INFO - 01/29/26 10:43:29 - 0:16:43 - Running average train loss is 0.6627512049674987 at epoch 496
INFO - 01/29/26 10:43:29 - 0:16:43 - Average dev loss is 0.865118126074473 at epoch 496
INFO - 01/29/26 10:43:30 - 0:16:44 - dev accuracy is 71.7 at epoch 496
INFO - 01/29/26 10:43:30 - 0:16:44 - dev average edit distance is 0.517 at epoch 496
INFO - 01/29/26 10:43:30 - 0:16:44 - At 497-th epoch with lr 0.000567.
INFO - 01/29/26 10:43:32 - 0:16:46 - Running average train loss is 0.6632490158081055 at epoch 497
INFO - 01/29/26 10:43:32 - 0:16:46 - At 498-th epoch with lr 0.000567.
INFO - 01/29/26 10:43:34 - 0:16:48 - Running average train loss is 0.6634574818611145 at epoch 498
INFO - 01/29/26 10:43:34 - 0:16:48 - At 499-th epoch with lr 0.000566.
INFO - 01/29/26 10:43:36 - 0:16:50 - Running average train loss is 0.6634264159202575 at epoch 499
INFO - 01/29/26 10:43:36 - 0:16:50 - At 500-th epoch with lr 0.000566.
INFO - 01/29/26 10:43:38 - 0:16:52 - Running average train loss is 0.6638014483451843 at epoch 500
INFO - 01/29/26 10:43:38 - 0:16:52 - At 501-th epoch with lr 0.000565.
INFO - 01/29/26 10:43:40 - 0:16:54 - Running average train loss is 0.664499797821045 at epoch 501
INFO - 01/29/26 10:43:40 - 0:16:54 - At 502-th epoch with lr 0.000565.
INFO - 01/29/26 10:43:41 - 0:16:56 - Running average train loss is 0.664228572845459 at epoch 502
INFO - 01/29/26 10:43:41 - 0:16:56 - At 503-th epoch with lr 0.000564.
INFO - 01/29/26 10:43:43 - 0:16:58 - Running average train loss is 0.663259654045105 at epoch 503
INFO - 01/29/26 10:43:43 - 0:16:58 - At 504-th epoch with lr 0.000563.
INFO - 01/29/26 10:43:45 - 0:17:00 - Running average train loss is 0.6631538891792297 at epoch 504
INFO - 01/29/26 10:43:45 - 0:17:00 - At 505-th epoch with lr 0.000563.
INFO - 01/29/26 10:43:47 - 0:17:02 - Running average train loss is 0.6631689071655273 at epoch 505
INFO - 01/29/26 10:43:47 - 0:17:02 - At 506-th epoch with lr 0.000562.
INFO - 01/29/26 10:43:49 - 0:17:04 - Running average train loss is 0.6633372139930725 at epoch 506
INFO - 01/29/26 10:43:49 - 0:17:04 - At 507-th epoch with lr 0.000562.
INFO - 01/29/26 10:43:51 - 0:17:05 - Running average train loss is 0.6637095761299133 at epoch 507
INFO - 01/29/26 10:43:51 - 0:17:05 - At 508-th epoch with lr 0.000561.
INFO - 01/29/26 10:43:53 - 0:17:07 - Running average train loss is 0.663326735496521 at epoch 508
INFO - 01/29/26 10:43:53 - 0:17:07 - At 509-th epoch with lr 0.000561.
INFO - 01/29/26 10:43:55 - 0:17:09 - Running average train loss is 0.6632355213165283 at epoch 509
INFO - 01/29/26 10:43:55 - 0:17:09 - At 510-th epoch with lr 0.000560.
INFO - 01/29/26 10:43:57 - 0:17:11 - Running average train loss is 0.6636360883712769 at epoch 510
INFO - 01/29/26 10:43:57 - 0:17:11 - At 511-th epoch with lr 0.000560.
INFO - 01/29/26 10:43:59 - 0:17:13 - Running average train loss is 0.6632291865348816 at epoch 511
INFO - 01/29/26 10:43:59 - 0:17:13 - At 512-th epoch with lr 0.000559.
INFO - 01/29/26 10:44:01 - 0:17:15 - Running average train loss is 0.6631242704391479 at epoch 512
INFO - 01/29/26 10:44:01 - 0:17:15 - Average dev loss is 0.8487479090690613 at epoch 512
INFO - 01/29/26 10:44:02 - 0:17:16 - dev accuracy is 74.2 at epoch 512
INFO - 01/29/26 10:44:02 - 0:17:16 - dev average edit distance is 0.46 at epoch 512
INFO - 01/29/26 10:44:02 - 0:17:16 - At 513-th epoch with lr 0.000558.
INFO - 01/29/26 10:44:04 - 0:17:18 - Running average train loss is 0.6639867854118348 at epoch 513
INFO - 01/29/26 10:44:04 - 0:17:18 - At 514-th epoch with lr 0.000558.
INFO - 01/29/26 10:44:06 - 0:17:20 - Running average train loss is 0.6630954742431641 at epoch 514
INFO - 01/29/26 10:44:06 - 0:17:20 - At 515-th epoch with lr 0.000557.
INFO - 01/29/26 10:44:08 - 0:17:22 - Running average train loss is 0.6637333297729492 at epoch 515
INFO - 01/29/26 10:44:08 - 0:17:22 - At 516-th epoch with lr 0.000557.
INFO - 01/29/26 10:44:10 - 0:17:24 - Running average train loss is 0.6632168078422547 at epoch 516
INFO - 01/29/26 10:44:10 - 0:17:24 - At 517-th epoch with lr 0.000556.
INFO - 01/29/26 10:44:12 - 0:17:26 - Running average train loss is 0.6628761339187622 at epoch 517
INFO - 01/29/26 10:44:12 - 0:17:26 - At 518-th epoch with lr 0.000556.
INFO - 01/29/26 10:44:14 - 0:17:28 - Running average train loss is 0.6629568457603454 at epoch 518
INFO - 01/29/26 10:44:14 - 0:17:28 - At 519-th epoch with lr 0.000555.
INFO - 01/29/26 10:44:16 - 0:17:30 - Running average train loss is 0.6628505039215088 at epoch 519
INFO - 01/29/26 10:44:16 - 0:17:30 - At 520-th epoch with lr 0.000555.
INFO - 01/29/26 10:44:18 - 0:17:32 - Running average train loss is 0.6625486850738526 at epoch 520
INFO - 01/29/26 10:44:18 - 0:17:32 - At 521-th epoch with lr 0.000554.
INFO - 01/29/26 10:44:19 - 0:17:34 - Running average train loss is 0.6631460452079773 at epoch 521
INFO - 01/29/26 10:44:19 - 0:17:34 - At 522-th epoch with lr 0.000554.
INFO - 01/29/26 10:44:21 - 0:17:36 - Running average train loss is 0.6630285382270813 at epoch 522
INFO - 01/29/26 10:44:21 - 0:17:36 - At 523-th epoch with lr 0.000553.
INFO - 01/29/26 10:44:23 - 0:17:38 - Running average train loss is 0.6627523827552796 at epoch 523
INFO - 01/29/26 10:44:23 - 0:17:38 - At 524-th epoch with lr 0.000553.
INFO - 01/29/26 10:44:25 - 0:17:40 - Running average train loss is 0.6630210280418396 at epoch 524
INFO - 01/29/26 10:44:25 - 0:17:40 - At 525-th epoch with lr 0.000552.
INFO - 01/29/26 10:44:27 - 0:17:41 - Running average train loss is 0.6633436632156372 at epoch 525
INFO - 01/29/26 10:44:27 - 0:17:41 - At 526-th epoch with lr 0.000552.
INFO - 01/29/26 10:44:29 - 0:17:43 - Running average train loss is 0.6635219359397888 at epoch 526
INFO - 01/29/26 10:44:29 - 0:17:43 - At 527-th epoch with lr 0.000551.
INFO - 01/29/26 10:44:31 - 0:17:45 - Running average train loss is 0.6624619436264038 at epoch 527
INFO - 01/29/26 10:44:31 - 0:17:45 - At 528-th epoch with lr 0.000550.
INFO - 01/29/26 10:44:33 - 0:17:47 - Running average train loss is 0.6636609840393066 at epoch 528
INFO - 01/29/26 10:44:33 - 0:17:47 - Average dev loss is 0.831430991490682 at epoch 528
INFO - 01/29/26 10:44:34 - 0:17:48 - dev accuracy is 76.3 at epoch 528
INFO - 01/29/26 10:44:34 - 0:17:48 - dev average edit distance is 0.453 at epoch 528
INFO - 01/29/26 10:44:34 - 0:17:48 - At 529-th epoch with lr 0.000550.
INFO - 01/29/26 10:44:36 - 0:17:50 - Running average train loss is 0.6636402130126953 at epoch 529
INFO - 01/29/26 10:44:36 - 0:17:50 - At 530-th epoch with lr 0.000549.
INFO - 01/29/26 10:44:38 - 0:17:52 - Running average train loss is 0.6635693526268005 at epoch 530
INFO - 01/29/26 10:44:38 - 0:17:52 - At 531-th epoch with lr 0.000549.
INFO - 01/29/26 10:44:40 - 0:17:54 - Running average train loss is 0.6635371255874634 at epoch 531
INFO - 01/29/26 10:44:40 - 0:17:54 - At 532-th epoch with lr 0.000548.
INFO - 01/29/26 10:44:42 - 0:17:56 - Running average train loss is 0.6631361031532288 at epoch 532
INFO - 01/29/26 10:44:42 - 0:17:56 - At 533-th epoch with lr 0.000548.
INFO - 01/29/26 10:44:44 - 0:17:58 - Running average train loss is 0.6638438558578491 at epoch 533
INFO - 01/29/26 10:44:44 - 0:17:58 - At 534-th epoch with lr 0.000547.
INFO - 01/29/26 10:44:46 - 0:18:00 - Running average train loss is 0.6627527832984924 at epoch 534
INFO - 01/29/26 10:44:46 - 0:18:00 - At 535-th epoch with lr 0.000547.
INFO - 01/29/26 10:44:48 - 0:18:02 - Running average train loss is 0.6633625698089599 at epoch 535
INFO - 01/29/26 10:44:48 - 0:18:02 - At 536-th epoch with lr 0.000546.
INFO - 01/29/26 10:44:50 - 0:18:04 - Running average train loss is 0.6632903265953064 at epoch 536
INFO - 01/29/26 10:44:50 - 0:18:04 - At 537-th epoch with lr 0.000546.
INFO - 01/29/26 10:44:52 - 0:18:06 - Running average train loss is 0.6631082081794739 at epoch 537
INFO - 01/29/26 10:44:52 - 0:18:06 - At 538-th epoch with lr 0.000545.
INFO - 01/29/26 10:44:54 - 0:18:08 - Running average train loss is 0.6628183889389038 at epoch 538
INFO - 01/29/26 10:44:54 - 0:18:08 - At 539-th epoch with lr 0.000545.
INFO - 01/29/26 10:44:56 - 0:18:10 - Running average train loss is 0.6628999447822571 at epoch 539
INFO - 01/29/26 10:44:56 - 0:18:10 - At 540-th epoch with lr 0.000544.
INFO - 01/29/26 10:44:58 - 0:18:12 - Running average train loss is 0.6629163241386413 at epoch 540
INFO - 01/29/26 10:44:58 - 0:18:12 - At 541-th epoch with lr 0.000544.
INFO - 01/29/26 10:45:00 - 0:18:14 - Running average train loss is 0.6634694933891296 at epoch 541
INFO - 01/29/26 10:45:00 - 0:18:14 - At 542-th epoch with lr 0.000543.
INFO - 01/29/26 10:45:02 - 0:18:16 - Running average train loss is 0.6626430225372314 at epoch 542
INFO - 01/29/26 10:45:02 - 0:18:16 - At 543-th epoch with lr 0.000543.
INFO - 01/29/26 10:45:04 - 0:18:18 - Running average train loss is 0.6626094651222229 at epoch 543
INFO - 01/29/26 10:45:04 - 0:18:18 - At 544-th epoch with lr 0.000542.
INFO - 01/29/26 10:45:06 - 0:18:21 - Running average train loss is 0.6630946230888367 at epoch 544
INFO - 01/29/26 10:45:06 - 0:18:21 - Average dev loss is 0.8570511738459269 at epoch 544
INFO - 01/29/26 10:45:07 - 0:18:21 - dev accuracy is 72.8 at epoch 544
INFO - 01/29/26 10:45:07 - 0:18:21 - dev average edit distance is 0.481 at epoch 544
INFO - 01/29/26 10:45:07 - 0:18:22 - At 545-th epoch with lr 0.000542.
INFO - 01/29/26 10:45:10 - 0:18:24 - Running average train loss is 0.6627847003936768 at epoch 545
INFO - 01/29/26 10:45:10 - 0:18:24 - At 546-th epoch with lr 0.000541.
INFO - 01/29/26 10:45:11 - 0:18:26 - Running average train loss is 0.6628764414787293 at epoch 546
INFO - 01/29/26 10:45:11 - 0:18:26 - At 547-th epoch with lr 0.000541.
INFO - 01/29/26 10:45:14 - 0:18:28 - Running average train loss is 0.6630655765533447 at epoch 547
INFO - 01/29/26 10:45:14 - 0:18:28 - At 548-th epoch with lr 0.000540.
INFO - 01/29/26 10:45:16 - 0:18:30 - Running average train loss is 0.6631982278823852 at epoch 548
INFO - 01/29/26 10:45:16 - 0:18:30 - At 549-th epoch with lr 0.000540.
INFO - 01/29/26 10:45:18 - 0:18:32 - Running average train loss is 0.6628711867332459 at epoch 549
INFO - 01/29/26 10:45:18 - 0:18:32 - At 550-th epoch with lr 0.000539.
INFO - 01/29/26 10:45:20 - 0:18:34 - Running average train loss is 0.6631039500236511 at epoch 550
INFO - 01/29/26 10:45:20 - 0:18:34 - At 551-th epoch with lr 0.000539.
INFO - 01/29/26 10:45:22 - 0:18:36 - Running average train loss is 0.662843804359436 at epoch 551
INFO - 01/29/26 10:45:22 - 0:18:36 - At 552-th epoch with lr 0.000538.
INFO - 01/29/26 10:45:24 - 0:18:38 - Running average train loss is 0.662958881855011 at epoch 552
INFO - 01/29/26 10:45:24 - 0:18:38 - At 553-th epoch with lr 0.000538.
INFO - 01/29/26 10:45:26 - 0:18:40 - Running average train loss is 0.6630397176742554 at epoch 553
INFO - 01/29/26 10:45:26 - 0:18:40 - At 554-th epoch with lr 0.000537.
INFO - 01/29/26 10:45:28 - 0:18:42 - Running average train loss is 0.663008189201355 at epoch 554
INFO - 01/29/26 10:45:28 - 0:18:42 - At 555-th epoch with lr 0.000537.
INFO - 01/29/26 10:45:30 - 0:18:44 - Running average train loss is 0.663154878616333 at epoch 555
INFO - 01/29/26 10:45:30 - 0:18:44 - At 556-th epoch with lr 0.000536.
INFO - 01/29/26 10:45:32 - 0:18:46 - Running average train loss is 0.6636384439468384 at epoch 556
INFO - 01/29/26 10:45:32 - 0:18:46 - At 557-th epoch with lr 0.000536.
INFO - 01/29/26 10:45:34 - 0:18:48 - Running average train loss is 0.6633268070220947 at epoch 557
INFO - 01/29/26 10:45:34 - 0:18:48 - At 558-th epoch with lr 0.000535.
INFO - 01/29/26 10:45:36 - 0:18:50 - Running average train loss is 0.6628046894073486 at epoch 558
INFO - 01/29/26 10:45:36 - 0:18:50 - At 559-th epoch with lr 0.000535.
INFO - 01/29/26 10:45:38 - 0:18:52 - Running average train loss is 0.6621788835525513 at epoch 559
INFO - 01/29/26 10:45:38 - 0:18:52 - At 560-th epoch with lr 0.000535.
INFO - 01/29/26 10:45:40 - 0:18:54 - Running average train loss is 0.6626736831665039 at epoch 560
INFO - 01/29/26 10:45:40 - 0:18:54 - Average dev loss is 0.852948009967804 at epoch 560
INFO - 01/29/26 10:45:40 - 0:18:54 - dev accuracy is 72.4 at epoch 560
INFO - 01/29/26 10:45:40 - 0:18:54 - dev average edit distance is 0.498 at epoch 560
INFO - 01/29/26 10:45:40 - 0:18:54 - At 561-th epoch with lr 0.000534.
INFO - 01/29/26 10:45:42 - 0:18:56 - Running average train loss is 0.662977340221405 at epoch 561
INFO - 01/29/26 10:45:42 - 0:18:56 - At 562-th epoch with lr 0.000534.
INFO - 01/29/26 10:45:44 - 0:18:58 - Running average train loss is 0.6630526947975158 at epoch 562
INFO - 01/29/26 10:45:44 - 0:18:58 - At 563-th epoch with lr 0.000533.
INFO - 01/29/26 10:45:46 - 0:19:00 - Running average train loss is 0.6624048709869385 at epoch 563
INFO - 01/29/26 10:45:46 - 0:19:00 - At 564-th epoch with lr 0.000533.
INFO - 01/29/26 10:45:48 - 0:19:02 - Running average train loss is 0.6628486347198487 at epoch 564
INFO - 01/29/26 10:45:48 - 0:19:02 - At 565-th epoch with lr 0.000532.
INFO - 01/29/26 10:45:50 - 0:19:04 - Running average train loss is 0.6634490132331848 at epoch 565
INFO - 01/29/26 10:45:50 - 0:19:04 - At 566-th epoch with lr 0.000532.
INFO - 01/29/26 10:45:52 - 0:19:06 - Running average train loss is 0.662761082649231 at epoch 566
INFO - 01/29/26 10:45:52 - 0:19:06 - At 567-th epoch with lr 0.000531.
INFO - 01/29/26 10:45:54 - 0:19:08 - Running average train loss is 0.6626041030883789 at epoch 567
INFO - 01/29/26 10:45:54 - 0:19:08 - At 568-th epoch with lr 0.000531.
INFO - 01/29/26 10:45:56 - 0:19:10 - Running average train loss is 0.6626456761360169 at epoch 568
INFO - 01/29/26 10:45:56 - 0:19:10 - At 569-th epoch with lr 0.000530.
INFO - 01/29/26 10:45:58 - 0:19:12 - Running average train loss is 0.6625521659851075 at epoch 569
INFO - 01/29/26 10:45:58 - 0:19:12 - At 570-th epoch with lr 0.000530.
INFO - 01/29/26 10:46:00 - 0:19:14 - Running average train loss is 0.6627430367469788 at epoch 570
INFO - 01/29/26 10:46:00 - 0:19:14 - At 571-th epoch with lr 0.000529.
INFO - 01/29/26 10:46:02 - 0:19:16 - Running average train loss is 0.6636575484275817 at epoch 571
INFO - 01/29/26 10:46:02 - 0:19:16 - At 572-th epoch with lr 0.000529.
INFO - 01/29/26 10:46:04 - 0:19:18 - Running average train loss is 0.6628276872634887 at epoch 572
INFO - 01/29/26 10:46:04 - 0:19:18 - At 573-th epoch with lr 0.000528.
INFO - 01/29/26 10:46:06 - 0:19:20 - Running average train loss is 0.6634458327293395 at epoch 573
INFO - 01/29/26 10:46:06 - 0:19:20 - At 574-th epoch with lr 0.000528.
INFO - 01/29/26 10:46:08 - 0:19:22 - Running average train loss is 0.6625257802009582 at epoch 574
INFO - 01/29/26 10:46:08 - 0:19:22 - At 575-th epoch with lr 0.000528.
INFO - 01/29/26 10:46:10 - 0:19:24 - Running average train loss is 0.6632134318351746 at epoch 575
INFO - 01/29/26 10:46:10 - 0:19:24 - At 576-th epoch with lr 0.000527.
INFO - 01/29/26 10:46:12 - 0:19:26 - Running average train loss is 0.6627119803428649 at epoch 576
INFO - 01/29/26 10:46:12 - 0:19:26 - Average dev loss is 0.8446861505508423 at epoch 576
INFO - 01/29/26 10:46:12 - 0:19:27 - dev accuracy is 75.0 at epoch 576
INFO - 01/29/26 10:46:12 - 0:19:27 - dev average edit distance is 0.499 at epoch 576
INFO - 01/29/26 10:46:12 - 0:19:27 - At 577-th epoch with lr 0.000527.
INFO - 01/29/26 10:46:14 - 0:19:29 - Running average train loss is 0.6629197883605957 at epoch 577
INFO - 01/29/26 10:46:14 - 0:19:29 - At 578-th epoch with lr 0.000526.
INFO - 01/29/26 10:46:16 - 0:19:31 - Running average train loss is 0.6624265789985657 at epoch 578
INFO - 01/29/26 10:46:16 - 0:19:31 - At 579-th epoch with lr 0.000526.
INFO - 01/29/26 10:46:18 - 0:19:33 - Running average train loss is 0.6625795793533326 at epoch 579
INFO - 01/29/26 10:46:18 - 0:19:33 - At 580-th epoch with lr 0.000525.
INFO - 01/29/26 10:46:20 - 0:19:35 - Running average train loss is 0.6624116325378417 at epoch 580
INFO - 01/29/26 10:46:20 - 0:19:35 - At 581-th epoch with lr 0.000525.
INFO - 01/29/26 10:46:22 - 0:19:37 - Running average train loss is 0.6625927734375 at epoch 581
INFO - 01/29/26 10:46:22 - 0:19:37 - At 582-th epoch with lr 0.000524.
INFO - 01/29/26 10:46:24 - 0:19:38 - Running average train loss is 0.6628950071334839 at epoch 582
INFO - 01/29/26 10:46:24 - 0:19:38 - At 583-th epoch with lr 0.000524.
INFO - 01/29/26 10:46:26 - 0:19:40 - Running average train loss is 0.6629143619537353 at epoch 583
INFO - 01/29/26 10:46:26 - 0:19:40 - At 584-th epoch with lr 0.000523.
INFO - 01/29/26 10:46:28 - 0:19:42 - Running average train loss is 0.6622472500801087 at epoch 584
INFO - 01/29/26 10:46:28 - 0:19:42 - At 585-th epoch with lr 0.000523.
INFO - 01/29/26 10:46:30 - 0:19:44 - Running average train loss is 0.6632259893417358 at epoch 585
INFO - 01/29/26 10:46:30 - 0:19:44 - At 586-th epoch with lr 0.000523.
INFO - 01/29/26 10:46:32 - 0:19:46 - Running average train loss is 0.6626562571525574 at epoch 586
INFO - 01/29/26 10:46:32 - 0:19:46 - At 587-th epoch with lr 0.000522.
INFO - 01/29/26 10:46:34 - 0:19:48 - Running average train loss is 0.6628385233879089 at epoch 587
INFO - 01/29/26 10:46:34 - 0:19:48 - At 588-th epoch with lr 0.000522.
INFO - 01/29/26 10:46:36 - 0:19:50 - Running average train loss is 0.6631910347938538 at epoch 588
INFO - 01/29/26 10:46:36 - 0:19:50 - At 589-th epoch with lr 0.000521.
INFO - 01/29/26 10:46:38 - 0:19:52 - Running average train loss is 0.6628115367889404 at epoch 589
INFO - 01/29/26 10:46:38 - 0:19:52 - At 590-th epoch with lr 0.000521.
INFO - 01/29/26 10:46:40 - 0:19:54 - Running average train loss is 0.6625859570503235 at epoch 590
INFO - 01/29/26 10:46:40 - 0:19:54 - At 591-th epoch with lr 0.000520.
INFO - 01/29/26 10:46:42 - 0:19:56 - Running average train loss is 0.6627120232582092 at epoch 591
INFO - 01/29/26 10:46:42 - 0:19:56 - At 592-th epoch with lr 0.000520.
INFO - 01/29/26 10:46:44 - 0:19:58 - Running average train loss is 0.6626315450668335 at epoch 592
INFO - 01/29/26 10:46:44 - 0:19:58 - Average dev loss is 0.848487933476766 at epoch 592
INFO - 01/29/26 10:46:44 - 0:19:59 - dev accuracy is 74.1 at epoch 592
INFO - 01/29/26 10:46:44 - 0:19:59 - dev average edit distance is 0.541 at epoch 592
INFO - 01/29/26 10:46:45 - 0:19:59 - At 593-th epoch with lr 0.000519.
INFO - 01/29/26 10:46:47 - 0:20:01 - Running average train loss is 0.6631374669075012 at epoch 593
INFO - 01/29/26 10:46:47 - 0:20:01 - At 594-th epoch with lr 0.000519.
INFO - 01/29/26 10:46:48 - 0:20:03 - Running average train loss is 0.6625885009765625 at epoch 594
INFO - 01/29/26 10:46:48 - 0:20:03 - At 595-th epoch with lr 0.000519.
INFO - 01/29/26 10:46:50 - 0:20:05 - Running average train loss is 0.6625143432617188 at epoch 595
INFO - 01/29/26 10:46:50 - 0:20:05 - At 596-th epoch with lr 0.000518.
INFO - 01/29/26 10:46:52 - 0:20:07 - Running average train loss is 0.6623462367057801 at epoch 596
INFO - 01/29/26 10:46:52 - 0:20:07 - At 597-th epoch with lr 0.000518.
INFO - 01/29/26 10:46:54 - 0:20:09 - Running average train loss is 0.6626849198341369 at epoch 597
INFO - 01/29/26 10:46:54 - 0:20:09 - At 598-th epoch with lr 0.000517.
INFO - 01/29/26 10:46:56 - 0:20:11 - Running average train loss is 0.6625810599327088 at epoch 598
INFO - 01/29/26 10:46:56 - 0:20:11 - At 599-th epoch with lr 0.000517.
INFO - 01/29/26 10:46:58 - 0:20:12 - Running average train loss is 0.6626331782341004 at epoch 599
INFO - 01/29/26 10:46:58 - 0:20:12 - At 600-th epoch with lr 0.000516.
INFO - 01/29/26 10:47:00 - 0:20:14 - Running average train loss is 0.6621474480628967 at epoch 600
INFO - 01/29/26 10:47:00 - 0:20:14 - At 601-th epoch with lr 0.000516.
INFO - 01/29/26 10:47:02 - 0:20:16 - Running average train loss is 0.6620777010917663 at epoch 601
INFO - 01/29/26 10:47:02 - 0:20:16 - At 602-th epoch with lr 0.000516.
INFO - 01/29/26 10:47:04 - 0:20:18 - Running average train loss is 0.6624939465522766 at epoch 602
INFO - 01/29/26 10:47:04 - 0:20:18 - At 603-th epoch with lr 0.000515.
INFO - 01/29/26 10:47:06 - 0:20:20 - Running average train loss is 0.6623642802238464 at epoch 603
INFO - 01/29/26 10:47:06 - 0:20:20 - At 604-th epoch with lr 0.000515.
INFO - 01/29/26 10:47:08 - 0:20:22 - Running average train loss is 0.6626366138458252 at epoch 604
INFO - 01/29/26 10:47:08 - 0:20:22 - At 605-th epoch with lr 0.000514.
INFO - 01/29/26 10:47:10 - 0:20:24 - Running average train loss is 0.663010585308075 at epoch 605
INFO - 01/29/26 10:47:10 - 0:20:24 - At 606-th epoch with lr 0.000514.
INFO - 01/29/26 10:47:12 - 0:20:26 - Running average train loss is 0.662866473197937 at epoch 606
INFO - 01/29/26 10:47:12 - 0:20:26 - At 607-th epoch with lr 0.000513.
INFO - 01/29/26 10:47:14 - 0:20:28 - Running average train loss is 0.6626169276237488 at epoch 607
INFO - 01/29/26 10:47:14 - 0:20:28 - At 608-th epoch with lr 0.000513.
INFO - 01/29/26 10:47:16 - 0:20:30 - Running average train loss is 0.6631734085083008 at epoch 608
INFO - 01/29/26 10:47:16 - 0:20:30 - Average dev loss is 0.8518624504407247 at epoch 608
INFO - 01/29/26 10:47:17 - 0:20:31 - dev accuracy is 74.2 at epoch 608
INFO - 01/29/26 10:47:17 - 0:20:31 - dev average edit distance is 0.52 at epoch 608
INFO - 01/29/26 10:47:17 - 0:20:31 - At 609-th epoch with lr 0.000513.
INFO - 01/29/26 10:47:19 - 0:20:33 - Running average train loss is 0.6625974726676941 at epoch 609
INFO - 01/29/26 10:47:19 - 0:20:33 - At 610-th epoch with lr 0.000512.
INFO - 01/29/26 10:47:21 - 0:20:35 - Running average train loss is 0.6624160599708557 at epoch 610
INFO - 01/29/26 10:47:21 - 0:20:35 - At 611-th epoch with lr 0.000512.
INFO - 01/29/26 10:47:23 - 0:20:37 - Running average train loss is 0.6622629356384278 at epoch 611
INFO - 01/29/26 10:47:23 - 0:20:37 - At 612-th epoch with lr 0.000511.
INFO - 01/29/26 10:47:25 - 0:20:39 - Running average train loss is 0.6619007921218872 at epoch 612
INFO - 01/29/26 10:47:25 - 0:20:39 - At 613-th epoch with lr 0.000511.
INFO - 01/29/26 10:47:27 - 0:20:41 - Running average train loss is 0.6622073769569397 at epoch 613
INFO - 01/29/26 10:47:27 - 0:20:41 - At 614-th epoch with lr 0.000510.
INFO - 01/29/26 10:47:29 - 0:20:43 - Running average train loss is 0.6628388094902039 at epoch 614
INFO - 01/29/26 10:47:29 - 0:20:43 - At 615-th epoch with lr 0.000510.
INFO - 01/29/26 10:47:31 - 0:20:45 - Running average train loss is 0.6624728512763977 at epoch 615
INFO - 01/29/26 10:47:31 - 0:20:45 - At 616-th epoch with lr 0.000510.
INFO - 01/29/26 10:47:33 - 0:20:47 - Running average train loss is 0.6624330163002015 at epoch 616
INFO - 01/29/26 10:47:33 - 0:20:47 - At 617-th epoch with lr 0.000509.
INFO - 01/29/26 10:47:35 - 0:20:49 - Running average train loss is 0.6626844191551209 at epoch 617
INFO - 01/29/26 10:47:35 - 0:20:49 - At 618-th epoch with lr 0.000509.
INFO - 01/29/26 10:47:37 - 0:20:51 - Running average train loss is 0.6623363661766052 at epoch 618
INFO - 01/29/26 10:47:37 - 0:20:51 - At 619-th epoch with lr 0.000508.
INFO - 01/29/26 10:47:39 - 0:20:53 - Running average train loss is 0.6624851322174072 at epoch 619
INFO - 01/29/26 10:47:39 - 0:20:53 - At 620-th epoch with lr 0.000508.
INFO - 01/29/26 10:47:41 - 0:20:55 - Running average train loss is 0.6624774217605591 at epoch 620
INFO - 01/29/26 10:47:41 - 0:20:55 - At 621-th epoch with lr 0.000508.
INFO - 01/29/26 10:47:43 - 0:20:57 - Running average train loss is 0.6628136968612671 at epoch 621
INFO - 01/29/26 10:47:43 - 0:20:57 - At 622-th epoch with lr 0.000507.
INFO - 01/29/26 10:47:45 - 0:20:59 - Running average train loss is 0.6621819257736206 at epoch 622
INFO - 01/29/26 10:47:45 - 0:20:59 - At 623-th epoch with lr 0.000507.
INFO - 01/29/26 10:47:47 - 0:21:01 - Running average train loss is 0.662248592376709 at epoch 623
INFO - 01/29/26 10:47:47 - 0:21:01 - At 624-th epoch with lr 0.000506.
INFO - 01/29/26 10:47:49 - 0:21:03 - Running average train loss is 0.6623897767066955 at epoch 624
INFO - 01/29/26 10:47:49 - 0:21:03 - Average dev loss is 0.8541161020596822 at epoch 624
INFO - 01/29/26 10:47:50 - 0:21:04 - dev accuracy is 74.5 at epoch 624
INFO - 01/29/26 10:47:50 - 0:21:04 - dev average edit distance is 0.506 at epoch 624
INFO - 01/29/26 10:47:50 - 0:21:04 - At 625-th epoch with lr 0.000506.
INFO - 01/29/26 10:47:52 - 0:21:06 - Running average train loss is 0.6622754979133606 at epoch 625
INFO - 01/29/26 10:47:52 - 0:21:06 - At 626-th epoch with lr 0.000506.
INFO - 01/29/26 10:47:54 - 0:21:08 - Running average train loss is 0.6621845459938049 at epoch 626
INFO - 01/29/26 10:47:54 - 0:21:08 - At 627-th epoch with lr 0.000505.
INFO - 01/29/26 10:47:56 - 0:21:10 - Running average train loss is 0.6621019577980042 at epoch 627
INFO - 01/29/26 10:47:56 - 0:21:10 - At 628-th epoch with lr 0.000505.
INFO - 01/29/26 10:47:57 - 0:21:12 - Running average train loss is 0.6622007775306702 at epoch 628
INFO - 01/29/26 10:47:57 - 0:21:12 - At 629-th epoch with lr 0.000504.
INFO - 01/29/26 10:47:59 - 0:21:14 - Running average train loss is 0.6629495668411255 at epoch 629
INFO - 01/29/26 10:47:59 - 0:21:14 - At 630-th epoch with lr 0.000504.
INFO - 01/29/26 10:48:01 - 0:21:16 - Running average train loss is 0.6624200057983398 at epoch 630
INFO - 01/29/26 10:48:01 - 0:21:16 - At 631-th epoch with lr 0.000504.
INFO - 01/29/26 10:48:04 - 0:21:18 - Running average train loss is 0.6629216694831848 at epoch 631
INFO - 01/29/26 10:48:04 - 0:21:18 - At 632-th epoch with lr 0.000503.
INFO - 01/29/26 10:48:06 - 0:21:20 - Running average train loss is 0.6623028063774109 at epoch 632
INFO - 01/29/26 10:48:06 - 0:21:20 - At 633-th epoch with lr 0.000503.
INFO - 01/29/26 10:48:08 - 0:21:22 - Running average train loss is 0.6623970770835876 at epoch 633
INFO - 01/29/26 10:48:08 - 0:21:22 - At 634-th epoch with lr 0.000502.
INFO - 01/29/26 10:48:09 - 0:21:24 - Running average train loss is 0.6622644996643067 at epoch 634
INFO - 01/29/26 10:48:09 - 0:21:24 - At 635-th epoch with lr 0.000502.
INFO - 01/29/26 10:48:12 - 0:21:26 - Running average train loss is 0.6621047353744507 at epoch 635
INFO - 01/29/26 10:48:12 - 0:21:26 - At 636-th epoch with lr 0.000502.
INFO - 01/29/26 10:48:14 - 0:21:28 - Running average train loss is 0.6620413994789124 at epoch 636
INFO - 01/29/26 10:48:14 - 0:21:28 - At 637-th epoch with lr 0.000501.
INFO - 01/29/26 10:48:16 - 0:21:30 - Running average train loss is 0.6628921794891357 at epoch 637
INFO - 01/29/26 10:48:16 - 0:21:30 - At 638-th epoch with lr 0.000501.
INFO - 01/29/26 10:48:18 - 0:21:32 - Running average train loss is 0.662312924861908 at epoch 638
INFO - 01/29/26 10:48:18 - 0:21:32 - At 639-th epoch with lr 0.000500.
INFO - 01/29/26 10:48:19 - 0:21:34 - Running average train loss is 0.6623646092414855 at epoch 639
INFO - 01/29/26 10:48:19 - 0:21:34 - At 640-th epoch with lr 0.000500.
INFO - 01/29/26 10:48:21 - 0:21:35 - Running average train loss is 0.6620755362510681 at epoch 640
INFO - 01/29/26 10:48:21 - 0:21:36 - Average dev loss is 0.8580364982287089 at epoch 640
INFO - 01/29/26 10:48:22 - 0:21:36 - dev accuracy is 72.0 at epoch 640
INFO - 01/29/26 10:48:22 - 0:21:36 - dev average edit distance is 0.517 at epoch 640
INFO - 01/29/26 10:48:22 - 0:21:36 - At 641-th epoch with lr 0.000500.
INFO - 01/29/26 10:48:24 - 0:21:38 - Running average train loss is 0.6619657325744629 at epoch 641
INFO - 01/29/26 10:48:24 - 0:21:38 - At 642-th epoch with lr 0.000499.
INFO - 01/29/26 10:48:26 - 0:21:40 - Running average train loss is 0.6624261569976807 at epoch 642
INFO - 01/29/26 10:48:26 - 0:21:40 - At 643-th epoch with lr 0.000499.
INFO - 01/29/26 10:48:27 - 0:21:42 - Running average train loss is 0.6629349255561828 at epoch 643
INFO - 01/29/26 10:48:27 - 0:21:42 - At 644-th epoch with lr 0.000498.
INFO - 01/29/26 10:48:29 - 0:21:43 - Running average train loss is 0.6622375321388244 at epoch 644
INFO - 01/29/26 10:48:29 - 0:21:43 - At 645-th epoch with lr 0.000498.
INFO - 01/29/26 10:48:31 - 0:21:45 - Running average train loss is 0.6628127908706665 at epoch 645
INFO - 01/29/26 10:48:31 - 0:21:45 - At 646-th epoch with lr 0.000498.
INFO - 01/29/26 10:48:33 - 0:21:47 - Running average train loss is 0.662724859714508 at epoch 646
INFO - 01/29/26 10:48:33 - 0:21:47 - At 647-th epoch with lr 0.000497.
INFO - 01/29/26 10:48:35 - 0:21:49 - Running average train loss is 0.6623473620414734 at epoch 647
INFO - 01/29/26 10:48:35 - 0:21:49 - At 648-th epoch with lr 0.000497.
INFO - 01/29/26 10:48:36 - 0:21:51 - Running average train loss is 0.6623245334625244 at epoch 648
INFO - 01/29/26 10:48:36 - 0:21:51 - At 649-th epoch with lr 0.000497.
INFO - 01/29/26 10:48:38 - 0:21:52 - Running average train loss is 0.6622275519371033 at epoch 649
INFO - 01/29/26 10:48:38 - 0:21:52 - At 650-th epoch with lr 0.000496.
INFO - 01/29/26 10:48:40 - 0:21:54 - Running average train loss is 0.6621409225463867 at epoch 650
INFO - 01/29/26 10:48:40 - 0:21:54 - At 651-th epoch with lr 0.000496.
INFO - 01/29/26 10:48:42 - 0:21:56 - Running average train loss is 0.6617143273353576 at epoch 651
INFO - 01/29/26 10:48:42 - 0:21:56 - At 652-th epoch with lr 0.000495.
INFO - 01/29/26 10:48:44 - 0:21:58 - Running average train loss is 0.6622205376625061 at epoch 652
INFO - 01/29/26 10:48:44 - 0:21:58 - At 653-th epoch with lr 0.000495.
INFO - 01/29/26 10:48:45 - 0:22:00 - Running average train loss is 0.6623020529747009 at epoch 653
INFO - 01/29/26 10:48:45 - 0:22:00 - At 654-th epoch with lr 0.000495.
INFO - 01/29/26 10:48:47 - 0:22:01 - Running average train loss is 0.6625295114517212 at epoch 654
INFO - 01/29/26 10:48:47 - 0:22:01 - At 655-th epoch with lr 0.000494.
INFO - 01/29/26 10:48:49 - 0:22:03 - Running average train loss is 0.662116470336914 at epoch 655
INFO - 01/29/26 10:48:49 - 0:22:03 - At 656-th epoch with lr 0.000494.
INFO - 01/29/26 10:48:51 - 0:22:05 - Running average train loss is 0.6625413274765015 at epoch 656
INFO - 01/29/26 10:48:51 - 0:22:05 - Average dev loss is 0.8383705019950867 at epoch 656
INFO - 01/29/26 10:48:52 - 0:22:06 - dev accuracy is 73.4 at epoch 656
INFO - 01/29/26 10:48:52 - 0:22:06 - dev average edit distance is 0.481 at epoch 656
INFO - 01/29/26 10:48:52 - 0:22:06 - At 657-th epoch with lr 0.000493.
INFO - 01/29/26 10:48:54 - 0:22:08 - Running average train loss is 0.6624273037910462 at epoch 657
INFO - 01/29/26 10:48:54 - 0:22:08 - At 658-th epoch with lr 0.000493.
INFO - 01/29/26 10:48:56 - 0:22:10 - Running average train loss is 0.6619969129562377 at epoch 658
INFO - 01/29/26 10:48:56 - 0:22:10 - At 659-th epoch with lr 0.000493.
INFO - 01/29/26 10:48:58 - 0:22:12 - Running average train loss is 0.6620854759216308 at epoch 659
INFO - 01/29/26 10:48:58 - 0:22:12 - At 660-th epoch with lr 0.000492.
INFO - 01/29/26 10:49:00 - 0:22:14 - Running average train loss is 0.6624451756477356 at epoch 660
INFO - 01/29/26 10:49:00 - 0:22:14 - At 661-th epoch with lr 0.000492.
INFO - 01/29/26 10:49:02 - 0:22:16 - Running average train loss is 0.6626962852478028 at epoch 661
INFO - 01/29/26 10:49:02 - 0:22:16 - At 662-th epoch with lr 0.000492.
INFO - 01/29/26 10:49:04 - 0:22:18 - Running average train loss is 0.6623504042625428 at epoch 662
INFO - 01/29/26 10:49:04 - 0:22:18 - At 663-th epoch with lr 0.000491.
INFO - 01/29/26 10:49:06 - 0:22:20 - Running average train loss is 0.6622489261627197 at epoch 663
INFO - 01/29/26 10:49:06 - 0:22:20 - At 664-th epoch with lr 0.000491.
INFO - 01/29/26 10:49:08 - 0:22:22 - Running average train loss is 0.6624573302268982 at epoch 664
INFO - 01/29/26 10:49:08 - 0:22:22 - At 665-th epoch with lr 0.000491.
INFO - 01/29/26 10:49:10 - 0:22:24 - Running average train loss is 0.6616187286376953 at epoch 665
INFO - 01/29/26 10:49:10 - 0:22:24 - At 666-th epoch with lr 0.000490.
INFO - 01/29/26 10:49:12 - 0:22:26 - Running average train loss is 0.6622063827514648 at epoch 666
INFO - 01/29/26 10:49:12 - 0:22:26 - At 667-th epoch with lr 0.000490.
INFO - 01/29/26 10:49:13 - 0:22:28 - Running average train loss is 0.6623092293739319 at epoch 667
INFO - 01/29/26 10:49:13 - 0:22:28 - At 668-th epoch with lr 0.000489.
INFO - 01/29/26 10:49:15 - 0:22:30 - Running average train loss is 0.6616813015937805 at epoch 668
INFO - 01/29/26 10:49:15 - 0:22:30 - At 669-th epoch with lr 0.000489.
INFO - 01/29/26 10:49:17 - 0:22:32 - Running average train loss is 0.6621404576301575 at epoch 669
INFO - 01/29/26 10:49:17 - 0:22:32 - At 670-th epoch with lr 0.000489.
INFO - 01/29/26 10:49:19 - 0:22:34 - Running average train loss is 0.662222421169281 at epoch 670
INFO - 01/29/26 10:49:19 - 0:22:34 - At 671-th epoch with lr 0.000488.
INFO - 01/29/26 10:49:21 - 0:22:35 - Running average train loss is 0.6621122241020203 at epoch 671
INFO - 01/29/26 10:49:21 - 0:22:35 - At 672-th epoch with lr 0.000488.
INFO - 01/29/26 10:49:23 - 0:22:37 - Running average train loss is 0.6623421287536622 at epoch 672
INFO - 01/29/26 10:49:23 - 0:22:37 - Average dev loss is 0.8399154345194498 at epoch 672
INFO - 01/29/26 10:49:24 - 0:22:38 - dev accuracy is 75.8 at epoch 672
INFO - 01/29/26 10:49:24 - 0:22:38 - dev average edit distance is 0.462 at epoch 672
INFO - 01/29/26 10:49:24 - 0:22:38 - At 673-th epoch with lr 0.000488.
INFO - 01/29/26 10:49:26 - 0:22:40 - Running average train loss is 0.6619039750099183 at epoch 673
INFO - 01/29/26 10:49:26 - 0:22:40 - At 674-th epoch with lr 0.000487.
INFO - 01/29/26 10:49:28 - 0:22:42 - Running average train loss is 0.662111713886261 at epoch 674
INFO - 01/29/26 10:49:28 - 0:22:42 - At 675-th epoch with lr 0.000487.
INFO - 01/29/26 10:49:30 - 0:22:44 - Running average train loss is 0.6620702338218689 at epoch 675
INFO - 01/29/26 10:49:30 - 0:22:44 - At 676-th epoch with lr 0.000487.
INFO - 01/29/26 10:49:32 - 0:22:46 - Running average train loss is 0.6622019910812378 at epoch 676
INFO - 01/29/26 10:49:32 - 0:22:46 - At 677-th epoch with lr 0.000486.
INFO - 01/29/26 10:49:34 - 0:22:48 - Running average train loss is 0.6616101098060608 at epoch 677
INFO - 01/29/26 10:49:34 - 0:22:48 - At 678-th epoch with lr 0.000486.
INFO - 01/29/26 10:49:36 - 0:22:50 - Running average train loss is 0.662202570438385 at epoch 678
INFO - 01/29/26 10:49:36 - 0:22:50 - At 679-th epoch with lr 0.000485.
INFO - 01/29/26 10:49:38 - 0:22:52 - Running average train loss is 0.6619955849647522 at epoch 679
INFO - 01/29/26 10:49:38 - 0:22:52 - At 680-th epoch with lr 0.000485.
INFO - 01/29/26 10:49:40 - 0:22:54 - Running average train loss is 0.6619063472747803 at epoch 680
INFO - 01/29/26 10:49:40 - 0:22:54 - At 681-th epoch with lr 0.000485.
INFO - 01/29/26 10:49:42 - 0:22:56 - Running average train loss is 0.6621934843063354 at epoch 681
INFO - 01/29/26 10:49:42 - 0:22:56 - At 682-th epoch with lr 0.000484.
INFO - 01/29/26 10:49:44 - 0:22:58 - Running average train loss is 0.6620048570632935 at epoch 682
INFO - 01/29/26 10:49:44 - 0:22:58 - At 683-th epoch with lr 0.000484.
INFO - 01/29/26 10:49:46 - 0:23:00 - Running average train loss is 0.6624208784103394 at epoch 683
INFO - 01/29/26 10:49:46 - 0:23:00 - At 684-th epoch with lr 0.000484.
INFO - 01/29/26 10:49:47 - 0:23:02 - Running average train loss is 0.6621050310134887 at epoch 684
INFO - 01/29/26 10:49:47 - 0:23:02 - At 685-th epoch with lr 0.000483.
INFO - 01/29/26 10:49:49 - 0:23:04 - Running average train loss is 0.661985809803009 at epoch 685
INFO - 01/29/26 10:49:49 - 0:23:04 - At 686-th epoch with lr 0.000483.
INFO - 01/29/26 10:49:51 - 0:23:06 - Running average train loss is 0.6620879125595093 at epoch 686
INFO - 01/29/26 10:49:51 - 0:23:06 - At 687-th epoch with lr 0.000483.
INFO - 01/29/26 10:49:53 - 0:23:08 - Running average train loss is 0.6620644664764405 at epoch 687
INFO - 01/29/26 10:49:53 - 0:23:08 - At 688-th epoch with lr 0.000482.
INFO - 01/29/26 10:49:55 - 0:23:10 - Running average train loss is 0.6620443415641785 at epoch 688
INFO - 01/29/26 10:49:55 - 0:23:10 - Average dev loss is 0.84592604637146 at epoch 688
INFO - 01/29/26 10:49:56 - 0:23:10 - dev accuracy is 73.6 at epoch 688
INFO - 01/29/26 10:49:56 - 0:23:10 - dev average edit distance is 0.513 at epoch 688
INFO - 01/29/26 10:49:56 - 0:23:10 - At 689-th epoch with lr 0.000482.
INFO - 01/29/26 10:49:58 - 0:23:12 - Running average train loss is 0.6615391755104065 at epoch 689
INFO - 01/29/26 10:49:58 - 0:23:12 - At 690-th epoch with lr 0.000482.
INFO - 01/29/26 10:50:00 - 0:23:14 - Running average train loss is 0.6621359157562255 at epoch 690
INFO - 01/29/26 10:50:00 - 0:23:14 - At 691-th epoch with lr 0.000481.
INFO - 01/29/26 10:50:02 - 0:23:16 - Running average train loss is 0.6620077276229859 at epoch 691
INFO - 01/29/26 10:50:02 - 0:23:16 - At 692-th epoch with lr 0.000481.
INFO - 01/29/26 10:50:04 - 0:23:18 - Running average train loss is 0.6619659066200256 at epoch 692
INFO - 01/29/26 10:50:04 - 0:23:18 - At 693-th epoch with lr 0.000480.
INFO - 01/29/26 10:50:06 - 0:23:20 - Running average train loss is 0.6621668934822083 at epoch 693
INFO - 01/29/26 10:50:06 - 0:23:20 - At 694-th epoch with lr 0.000480.
INFO - 01/29/26 10:50:08 - 0:23:22 - Running average train loss is 0.66200847864151 at epoch 694
INFO - 01/29/26 10:50:08 - 0:23:22 - At 695-th epoch with lr 0.000480.
INFO - 01/29/26 10:50:10 - 0:23:24 - Running average train loss is 0.6617316389083863 at epoch 695
INFO - 01/29/26 10:50:10 - 0:23:24 - At 696-th epoch with lr 0.000479.
INFO - 01/29/26 10:50:12 - 0:23:26 - Running average train loss is 0.6617490553855896 at epoch 696
INFO - 01/29/26 10:50:12 - 0:23:26 - At 697-th epoch with lr 0.000479.
INFO - 01/29/26 10:50:14 - 0:23:28 - Running average train loss is 0.6617829060554504 at epoch 697
INFO - 01/29/26 10:50:14 - 0:23:28 - At 698-th epoch with lr 0.000479.
INFO - 01/29/26 10:50:16 - 0:23:30 - Running average train loss is 0.6616881632804871 at epoch 698
INFO - 01/29/26 10:50:16 - 0:23:30 - At 699-th epoch with lr 0.000478.
INFO - 01/29/26 10:50:18 - 0:23:32 - Running average train loss is 0.6615774798393249 at epoch 699
INFO - 01/29/26 10:50:18 - 0:23:32 - At 700-th epoch with lr 0.000478.
INFO - 01/29/26 10:50:20 - 0:23:34 - Running average train loss is 0.6618622064590454 at epoch 700
INFO - 01/29/26 10:50:20 - 0:23:34 - At 701-th epoch with lr 0.000478.
INFO - 01/29/26 10:50:22 - 0:23:36 - Running average train loss is 0.661572904586792 at epoch 701
INFO - 01/29/26 10:50:22 - 0:23:36 - At 702-th epoch with lr 0.000477.
INFO - 01/29/26 10:50:24 - 0:23:38 - Running average train loss is 0.6620987939834595 at epoch 702
INFO - 01/29/26 10:50:24 - 0:23:38 - At 703-th epoch with lr 0.000477.
INFO - 01/29/26 10:50:26 - 0:23:40 - Running average train loss is 0.6618400502204895 at epoch 703
INFO - 01/29/26 10:50:26 - 0:23:40 - At 704-th epoch with lr 0.000477.
INFO - 01/29/26 10:50:27 - 0:23:42 - Running average train loss is 0.6615953087806702 at epoch 704
INFO - 01/29/26 10:50:28 - 0:23:42 - Average dev loss is 0.8564941088358561 at epoch 704
INFO - 01/29/26 10:50:28 - 0:23:42 - dev accuracy is 72.3 at epoch 704
INFO - 01/29/26 10:50:28 - 0:23:42 - dev average edit distance is 0.537 at epoch 704
INFO - 01/29/26 10:50:28 - 0:23:42 - At 705-th epoch with lr 0.000476.
INFO - 01/29/26 10:50:30 - 0:23:45 - Running average train loss is 0.6620406174659729 at epoch 705
INFO - 01/29/26 10:50:30 - 0:23:45 - At 706-th epoch with lr 0.000476.
INFO - 01/29/26 10:50:33 - 0:23:47 - Running average train loss is 0.6621748232841491 at epoch 706
INFO - 01/29/26 10:50:33 - 0:23:47 - At 707-th epoch with lr 0.000476.
INFO - 01/29/26 10:50:35 - 0:23:49 - Running average train loss is 0.6624056720733642 at epoch 707
INFO - 01/29/26 10:50:35 - 0:23:49 - At 708-th epoch with lr 0.000475.
INFO - 01/29/26 10:50:37 - 0:23:51 - Running average train loss is 0.6617178606987 at epoch 708
INFO - 01/29/26 10:50:37 - 0:23:51 - At 709-th epoch with lr 0.000475.
INFO - 01/29/26 10:50:39 - 0:23:53 - Running average train loss is 0.6617763662338256 at epoch 709
INFO - 01/29/26 10:50:39 - 0:23:53 - At 710-th epoch with lr 0.000475.
INFO - 01/29/26 10:50:41 - 0:23:55 - Running average train loss is 0.6617183303833007 at epoch 710
INFO - 01/29/26 10:50:41 - 0:23:55 - At 711-th epoch with lr 0.000474.
INFO - 01/29/26 10:50:43 - 0:23:57 - Running average train loss is 0.6615392327308655 at epoch 711
INFO - 01/29/26 10:50:43 - 0:23:57 - At 712-th epoch with lr 0.000474.
INFO - 01/29/26 10:50:45 - 0:23:59 - Running average train loss is 0.6618749260902405 at epoch 712
INFO - 01/29/26 10:50:45 - 0:23:59 - At 713-th epoch with lr 0.000474.
INFO - 01/29/26 10:50:47 - 0:24:01 - Running average train loss is 0.6616978240013123 at epoch 713
INFO - 01/29/26 10:50:47 - 0:24:01 - At 714-th epoch with lr 0.000473.
INFO - 01/29/26 10:50:49 - 0:24:03 - Running average train loss is 0.6619120073318482 at epoch 714
INFO - 01/29/26 10:50:49 - 0:24:03 - At 715-th epoch with lr 0.000473.
INFO - 01/29/26 10:50:50 - 0:24:05 - Running average train loss is 0.6623446369171142 at epoch 715
INFO - 01/29/26 10:50:50 - 0:24:05 - At 716-th epoch with lr 0.000473.
INFO - 01/29/26 10:50:52 - 0:24:07 - Running average train loss is 0.6617843532562255 at epoch 716
INFO - 01/29/26 10:50:52 - 0:24:07 - At 717-th epoch with lr 0.000472.
INFO - 01/29/26 10:50:55 - 0:24:09 - Running average train loss is 0.6615516328811646 at epoch 717
INFO - 01/29/26 10:50:55 - 0:24:09 - At 718-th epoch with lr 0.000472.
INFO - 01/29/26 10:50:57 - 0:24:11 - Running average train loss is 0.6618137192726136 at epoch 718
INFO - 01/29/26 10:50:57 - 0:24:11 - At 719-th epoch with lr 0.000472.
INFO - 01/29/26 10:50:59 - 0:24:13 - Running average train loss is 0.6618083024024963 at epoch 719
INFO - 01/29/26 10:50:59 - 0:24:13 - At 720-th epoch with lr 0.000471.
INFO - 01/29/26 10:51:01 - 0:24:15 - Running average train loss is 0.6622409105300904 at epoch 720
INFO - 01/29/26 10:51:01 - 0:24:15 - Average dev loss is 0.8336459398269653 at epoch 720
INFO - 01/29/26 10:51:01 - 0:24:15 - dev accuracy is 76.5 at epoch 720
INFO - 01/29/26 10:51:01 - 0:24:15 - dev average edit distance is 0.431 at epoch 720
INFO - 01/29/26 10:51:01 - 0:24:15 - At 721-th epoch with lr 0.000471.
INFO - 01/29/26 10:51:03 - 0:24:17 - Running average train loss is 0.6623315143585206 at epoch 721
INFO - 01/29/26 10:51:03 - 0:24:17 - At 722-th epoch with lr 0.000471.
INFO - 01/29/26 10:51:05 - 0:24:19 - Running average train loss is 0.6616498184204102 at epoch 722
INFO - 01/29/26 10:51:05 - 0:24:19 - At 723-th epoch with lr 0.000470.
INFO - 01/29/26 10:51:08 - 0:24:22 - Running average train loss is 0.6618619537353516 at epoch 723
INFO - 01/29/26 10:51:08 - 0:24:22 - At 724-th epoch with lr 0.000470.
INFO - 01/29/26 10:51:10 - 0:24:24 - Running average train loss is 0.6615027904510498 at epoch 724
INFO - 01/29/26 10:51:10 - 0:24:24 - At 725-th epoch with lr 0.000470.
INFO - 01/29/26 10:51:11 - 0:24:26 - Running average train loss is 0.6615764355659485 at epoch 725
INFO - 01/29/26 10:51:11 - 0:24:26 - At 726-th epoch with lr 0.000469.
INFO - 01/29/26 10:51:13 - 0:24:28 - Running average train loss is 0.6616552591323852 at epoch 726
INFO - 01/29/26 10:51:13 - 0:24:28 - At 727-th epoch with lr 0.000469.
INFO - 01/29/26 10:51:16 - 0:24:30 - Running average train loss is 0.661858479976654 at epoch 727
INFO - 01/29/26 10:51:16 - 0:24:30 - At 728-th epoch with lr 0.000469.
INFO - 01/29/26 10:51:18 - 0:24:32 - Running average train loss is 0.6618724989891053 at epoch 728
INFO - 01/29/26 10:51:18 - 0:24:32 - At 729-th epoch with lr 0.000468.
INFO - 01/29/26 10:51:19 - 0:24:34 - Running average train loss is 0.6615445590019227 at epoch 729
INFO - 01/29/26 10:51:19 - 0:24:34 - At 730-th epoch with lr 0.000468.
INFO - 01/29/26 10:51:21 - 0:24:36 - Running average train loss is 0.6612747979164123 at epoch 730
INFO - 01/29/26 10:51:21 - 0:24:36 - At 731-th epoch with lr 0.000468.
INFO - 01/29/26 10:51:23 - 0:24:38 - Running average train loss is 0.6619832253456116 at epoch 731
INFO - 01/29/26 10:51:23 - 0:24:38 - At 732-th epoch with lr 0.000468.
INFO - 01/29/26 10:51:25 - 0:24:39 - Running average train loss is 0.6617622828483581 at epoch 732
INFO - 01/29/26 10:51:25 - 0:24:39 - At 733-th epoch with lr 0.000467.
INFO - 01/29/26 10:51:27 - 0:24:41 - Running average train loss is 0.6619076728820801 at epoch 733
INFO - 01/29/26 10:51:27 - 0:24:41 - At 734-th epoch with lr 0.000467.
INFO - 01/29/26 10:51:29 - 0:24:43 - Running average train loss is 0.6613099527359009 at epoch 734
INFO - 01/29/26 10:51:29 - 0:24:43 - At 735-th epoch with lr 0.000467.
INFO - 01/29/26 10:51:31 - 0:24:45 - Running average train loss is 0.6613248562812806 at epoch 735
INFO - 01/29/26 10:51:31 - 0:24:45 - At 736-th epoch with lr 0.000466.
INFO - 01/29/26 10:51:33 - 0:24:47 - Running average train loss is 0.6616017270088196 at epoch 736
INFO - 01/29/26 10:51:33 - 0:24:47 - Average dev loss is 0.86895885070165 at epoch 736
INFO - 01/29/26 10:51:34 - 0:24:48 - dev accuracy is 75.1 at epoch 736
INFO - 01/29/26 10:51:34 - 0:24:48 - dev average edit distance is 0.484 at epoch 736
INFO - 01/29/26 10:51:34 - 0:24:48 - At 737-th epoch with lr 0.000466.
INFO - 01/29/26 10:51:36 - 0:24:50 - Running average train loss is 0.661344780921936 at epoch 737
INFO - 01/29/26 10:51:36 - 0:24:50 - At 738-th epoch with lr 0.000466.
INFO - 01/29/26 10:51:38 - 0:24:52 - Running average train loss is 0.6617761468887329 at epoch 738
INFO - 01/29/26 10:51:38 - 0:24:52 - At 739-th epoch with lr 0.000465.
INFO - 01/29/26 10:51:40 - 0:24:54 - Running average train loss is 0.6618007516860962 at epoch 739
INFO - 01/29/26 10:51:40 - 0:24:54 - At 740-th epoch with lr 0.000465.
INFO - 01/29/26 10:51:42 - 0:24:56 - Running average train loss is 0.661762375831604 at epoch 740
INFO - 01/29/26 10:51:42 - 0:24:56 - At 741-th epoch with lr 0.000465.
INFO - 01/29/26 10:51:44 - 0:24:58 - Running average train loss is 0.6617779636383057 at epoch 741
INFO - 01/29/26 10:51:44 - 0:24:58 - At 742-th epoch with lr 0.000464.
INFO - 01/29/26 10:51:46 - 0:25:00 - Running average train loss is 0.6620691490173339 at epoch 742
INFO - 01/29/26 10:51:46 - 0:25:00 - At 743-th epoch with lr 0.000464.
INFO - 01/29/26 10:51:48 - 0:25:02 - Running average train loss is 0.6619997620582581 at epoch 743
INFO - 01/29/26 10:51:48 - 0:25:02 - At 744-th epoch with lr 0.000464.
INFO - 01/29/26 10:51:50 - 0:25:04 - Running average train loss is 0.6620346355438232 at epoch 744
INFO - 01/29/26 10:51:50 - 0:25:04 - At 745-th epoch with lr 0.000463.
INFO - 01/29/26 10:51:52 - 0:25:06 - Running average train loss is 0.661731231212616 at epoch 745
INFO - 01/29/26 10:51:52 - 0:25:06 - At 746-th epoch with lr 0.000463.
INFO - 01/29/26 10:51:54 - 0:25:08 - Running average train loss is 0.6612997603416443 at epoch 746
INFO - 01/29/26 10:51:54 - 0:25:08 - At 747-th epoch with lr 0.000463.
INFO - 01/29/26 10:51:56 - 0:25:10 - Running average train loss is 0.6615309524536133 at epoch 747
INFO - 01/29/26 10:51:56 - 0:25:10 - At 748-th epoch with lr 0.000462.
INFO - 01/29/26 10:51:58 - 0:25:12 - Running average train loss is 0.6617056465148926 at epoch 748
INFO - 01/29/26 10:51:58 - 0:25:12 - At 749-th epoch with lr 0.000462.
INFO - 01/29/26 10:52:00 - 0:25:14 - Running average train loss is 0.6620870971679688 at epoch 749
INFO - 01/29/26 10:52:00 - 0:25:14 - At 750-th epoch with lr 0.000462.
INFO - 01/29/26 10:52:02 - 0:25:16 - Running average train loss is 0.6617273044586182 at epoch 750
INFO - 01/29/26 10:52:02 - 0:25:16 - At 751-th epoch with lr 0.000462.
INFO - 01/29/26 10:52:04 - 0:25:18 - Running average train loss is 0.6617565727233887 at epoch 751
INFO - 01/29/26 10:52:04 - 0:25:18 - At 752-th epoch with lr 0.000461.
INFO - 01/29/26 10:52:06 - 0:25:20 - Running average train loss is 0.6613414692878723 at epoch 752
INFO - 01/29/26 10:52:06 - 0:25:20 - Average dev loss is 0.8465908368428549 at epoch 752
INFO - 01/29/26 10:52:06 - 0:25:21 - dev accuracy is 73.9 at epoch 752
INFO - 01/29/26 10:52:06 - 0:25:21 - dev average edit distance is 0.482 at epoch 752
INFO - 01/29/26 10:52:07 - 0:25:21 - At 753-th epoch with lr 0.000461.
INFO - 01/29/26 10:52:09 - 0:25:23 - Running average train loss is 0.6618460202217102 at epoch 753
INFO - 01/29/26 10:52:09 - 0:25:23 - At 754-th epoch with lr 0.000461.
INFO - 01/29/26 10:52:10 - 0:25:25 - Running average train loss is 0.6612176656723022 at epoch 754
INFO - 01/29/26 10:52:10 - 0:25:25 - At 755-th epoch with lr 0.000460.
INFO - 01/29/26 10:52:12 - 0:25:27 - Running average train loss is 0.661767041683197 at epoch 755
INFO - 01/29/26 10:52:12 - 0:25:27 - At 756-th epoch with lr 0.000460.
INFO - 01/29/26 10:52:14 - 0:25:29 - Running average train loss is 0.6615859580039978 at epoch 756
INFO - 01/29/26 10:52:14 - 0:25:29 - At 757-th epoch with lr 0.000460.
INFO - 01/29/26 10:52:16 - 0:25:30 - Running average train loss is 0.6617710638046265 at epoch 757
INFO - 01/29/26 10:52:16 - 0:25:30 - At 758-th epoch with lr 0.000459.
INFO - 01/29/26 10:52:18 - 0:25:33 - Running average train loss is 0.6614063167572022 at epoch 758
INFO - 01/29/26 10:52:18 - 0:25:33 - At 759-th epoch with lr 0.000459.
INFO - 01/29/26 10:52:21 - 0:25:35 - Running average train loss is 0.6617524456977845 at epoch 759
INFO - 01/29/26 10:52:21 - 0:25:35 - At 760-th epoch with lr 0.000459.
INFO - 01/29/26 10:52:23 - 0:25:37 - Running average train loss is 0.6622020149230957 at epoch 760
INFO - 01/29/26 10:52:23 - 0:25:37 - At 761-th epoch with lr 0.000459.
INFO - 01/29/26 10:52:25 - 0:25:39 - Running average train loss is 0.6619163608551025 at epoch 761
INFO - 01/29/26 10:52:25 - 0:25:39 - At 762-th epoch with lr 0.000458.
INFO - 01/29/26 10:52:27 - 0:25:41 - Running average train loss is 0.6615102314949035 at epoch 762
INFO - 01/29/26 10:52:27 - 0:25:41 - At 763-th epoch with lr 0.000458.
INFO - 01/29/26 10:52:29 - 0:25:43 - Running average train loss is 0.6614592623710632 at epoch 763
INFO - 01/29/26 10:52:29 - 0:25:43 - At 764-th epoch with lr 0.000458.
INFO - 01/29/26 10:52:31 - 0:25:45 - Running average train loss is 0.6616809177398681 at epoch 764
INFO - 01/29/26 10:52:31 - 0:25:45 - At 765-th epoch with lr 0.000457.
INFO - 01/29/26 10:52:33 - 0:25:47 - Running average train loss is 0.66164541721344 at epoch 765
INFO - 01/29/26 10:52:33 - 0:25:47 - At 766-th epoch with lr 0.000457.
INFO - 01/29/26 10:52:35 - 0:25:49 - Running average train loss is 0.6621606612205505 at epoch 766
INFO - 01/29/26 10:52:35 - 0:25:49 - At 767-th epoch with lr 0.000457.
INFO - 01/29/26 10:52:36 - 0:25:51 - Running average train loss is 0.6614641332626343 at epoch 767
INFO - 01/29/26 10:52:36 - 0:25:51 - At 768-th epoch with lr 0.000456.
INFO - 01/29/26 10:52:38 - 0:25:53 - Running average train loss is 0.6612719106674194 at epoch 768
INFO - 01/29/26 10:52:38 - 0:25:53 - Average dev loss is 0.8453836838404337 at epoch 768
INFO - 01/29/26 10:52:39 - 0:25:53 - dev accuracy is 74.0 at epoch 768
INFO - 01/29/26 10:52:39 - 0:25:53 - dev average edit distance is 0.484 at epoch 768
INFO - 01/29/26 10:52:39 - 0:25:53 - At 769-th epoch with lr 0.000456.
INFO - 01/29/26 10:52:41 - 0:25:55 - Running average train loss is 0.6617645096778869 at epoch 769
INFO - 01/29/26 10:52:41 - 0:25:55 - At 770-th epoch with lr 0.000456.
INFO - 01/29/26 10:52:43 - 0:25:57 - Running average train loss is 0.6620379710197448 at epoch 770
INFO - 01/29/26 10:52:43 - 0:25:57 - At 771-th epoch with lr 0.000456.
INFO - 01/29/26 10:52:45 - 0:25:59 - Running average train loss is 0.6614472675323486 at epoch 771
INFO - 01/29/26 10:52:45 - 0:25:59 - At 772-th epoch with lr 0.000455.
INFO - 01/29/26 10:52:47 - 0:26:01 - Running average train loss is 0.6614487743377686 at epoch 772
INFO - 01/29/26 10:52:47 - 0:26:01 - At 773-th epoch with lr 0.000455.
INFO - 01/29/26 10:52:49 - 0:26:03 - Running average train loss is 0.6617994046211243 at epoch 773
INFO - 01/29/26 10:52:49 - 0:26:03 - At 774-th epoch with lr 0.000455.
INFO - 01/29/26 10:52:51 - 0:26:05 - Running average train loss is 0.6612743878364563 at epoch 774
INFO - 01/29/26 10:52:51 - 0:26:05 - At 775-th epoch with lr 0.000454.
INFO - 01/29/26 10:52:53 - 0:26:07 - Running average train loss is 0.6622687578201294 at epoch 775
INFO - 01/29/26 10:52:53 - 0:26:07 - At 776-th epoch with lr 0.000454.
INFO - 01/29/26 10:52:55 - 0:26:09 - Running average train loss is 0.6615234541893006 at epoch 776
INFO - 01/29/26 10:52:55 - 0:26:09 - At 777-th epoch with lr 0.000454.
INFO - 01/29/26 10:52:57 - 0:26:11 - Running average train loss is 0.6615483903884888 at epoch 777
INFO - 01/29/26 10:52:57 - 0:26:11 - At 778-th epoch with lr 0.000453.
INFO - 01/29/26 10:52:59 - 0:26:13 - Running average train loss is 0.6612841510772705 at epoch 778
INFO - 01/29/26 10:52:59 - 0:26:13 - At 779-th epoch with lr 0.000453.
INFO - 01/29/26 10:53:01 - 0:26:15 - Running average train loss is 0.6613472437858582 at epoch 779
INFO - 01/29/26 10:53:01 - 0:26:15 - At 780-th epoch with lr 0.000453.
INFO - 01/29/26 10:53:03 - 0:26:17 - Running average train loss is 0.661542649269104 at epoch 780
INFO - 01/29/26 10:53:03 - 0:26:17 - At 781-th epoch with lr 0.000453.
INFO - 01/29/26 10:53:05 - 0:26:19 - Running average train loss is 0.6619035673141479 at epoch 781
INFO - 01/29/26 10:53:05 - 0:26:19 - At 782-th epoch with lr 0.000452.
INFO - 01/29/26 10:53:07 - 0:26:21 - Running average train loss is 0.6621738886833191 at epoch 782
INFO - 01/29/26 10:53:07 - 0:26:21 - At 783-th epoch with lr 0.000452.
INFO - 01/29/26 10:53:09 - 0:26:23 - Running average train loss is 0.6620339560508728 at epoch 783
INFO - 01/29/26 10:53:09 - 0:26:23 - At 784-th epoch with lr 0.000452.
INFO - 01/29/26 10:53:11 - 0:26:25 - Running average train loss is 0.6614440178871155 at epoch 784
INFO - 01/29/26 10:53:11 - 0:26:25 - Average dev loss is 0.8428351879119873 at epoch 784
INFO - 01/29/26 10:53:11 - 0:26:26 - dev accuracy is 74.2 at epoch 784
INFO - 01/29/26 10:53:11 - 0:26:26 - dev average edit distance is 0.487 at epoch 784
INFO - 01/29/26 10:53:12 - 0:26:26 - At 785-th epoch with lr 0.000451.
INFO - 01/29/26 10:53:13 - 0:26:28 - Running average train loss is 0.6615292429924011 at epoch 785
INFO - 01/29/26 10:53:13 - 0:26:28 - At 786-th epoch with lr 0.000451.
INFO - 01/29/26 10:53:15 - 0:26:30 - Running average train loss is 0.6614801764488221 at epoch 786
INFO - 01/29/26 10:53:15 - 0:26:30 - At 787-th epoch with lr 0.000451.
INFO - 01/29/26 10:53:17 - 0:26:32 - Running average train loss is 0.6613006401062012 at epoch 787
INFO - 01/29/26 10:53:17 - 0:26:32 - At 788-th epoch with lr 0.000451.
INFO - 01/29/26 10:53:19 - 0:26:34 - Running average train loss is 0.661600079536438 at epoch 788
INFO - 01/29/26 10:53:19 - 0:26:34 - At 789-th epoch with lr 0.000450.
INFO - 01/29/26 10:53:21 - 0:26:35 - Running average train loss is 0.6615164589881897 at epoch 789
INFO - 01/29/26 10:53:21 - 0:26:35 - At 790-th epoch with lr 0.000450.
INFO - 01/29/26 10:53:23 - 0:26:37 - Running average train loss is 0.6611697769165039 at epoch 790
INFO - 01/29/26 10:53:23 - 0:26:37 - At 791-th epoch with lr 0.000450.
INFO - 01/29/26 10:53:25 - 0:26:39 - Running average train loss is 0.6616756772994995 at epoch 791
INFO - 01/29/26 10:53:25 - 0:26:39 - At 792-th epoch with lr 0.000449.
INFO - 01/29/26 10:53:27 - 0:26:41 - Running average train loss is 0.6618319082260132 at epoch 792
INFO - 01/29/26 10:53:27 - 0:26:41 - At 793-th epoch with lr 0.000449.
INFO - 01/29/26 10:53:29 - 0:26:43 - Running average train loss is 0.6616725754737854 at epoch 793
INFO - 01/29/26 10:53:29 - 0:26:43 - At 794-th epoch with lr 0.000449.
INFO - 01/29/26 10:53:31 - 0:26:45 - Running average train loss is 0.6615733242034912 at epoch 794
INFO - 01/29/26 10:53:31 - 0:26:45 - At 795-th epoch with lr 0.000449.
INFO - 01/29/26 10:53:33 - 0:26:47 - Running average train loss is 0.661382429599762 at epoch 795
INFO - 01/29/26 10:53:33 - 0:26:47 - At 796-th epoch with lr 0.000448.
INFO - 01/29/26 10:53:35 - 0:26:49 - Running average train loss is 0.6610062336921692 at epoch 796
INFO - 01/29/26 10:53:35 - 0:26:49 - At 797-th epoch with lr 0.000448.
INFO - 01/29/26 10:53:37 - 0:26:51 - Running average train loss is 0.6613724303245544 at epoch 797
INFO - 01/29/26 10:53:37 - 0:26:51 - At 798-th epoch with lr 0.000448.
INFO - 01/29/26 10:53:39 - 0:26:53 - Running average train loss is 0.661688482761383 at epoch 798
INFO - 01/29/26 10:53:39 - 0:26:53 - At 799-th epoch with lr 0.000447.
INFO - 01/29/26 10:53:41 - 0:26:55 - Running average train loss is 0.6615211844444275 at epoch 799
INFO - 01/29/26 10:53:41 - 0:26:55 - Average dev loss is 0.8589669466018677 at epoch 799
INFO - 01/29/26 10:53:42 - 0:26:56 - dev accuracy is 73.2 at epoch 799
INFO - 01/29/26 10:53:42 - 0:26:56 - dev average edit distance is 0.55 at epoch 799
INFO - 01/29/26 10:53:42 - 0:26:56 - loading checkpoints/sig23/tagtransformer/sme.nll_0.8265.acc_79.3.dist_0.403.epoch_464 for testing
INFO - 01/29/26 10:53:42 - 0:26:56 - load model in checkpoints/sig23/tagtransformer/sme.nll_0.8265.acc_79.3.dist_0.403.epoch_464
INFO - 01/29/26 10:53:42 - 0:26:56 - Average dev loss is 0.8265392184257507 at epoch -1
INFO - 01/29/26 10:53:42 - 0:26:56 - decoding dev set
INFO - 01/29/26 10:53:43 - 0:26:57 - finished decoding 1000 dev instance
INFO - 01/29/26 10:53:43 - 0:26:57 - DEV accuracy is 79.3 at epoch -1
INFO - 01/29/26 10:53:43 - 0:26:57 - DEV average edit distance is 0.403 at epoch -1
INFO - 01/29/26 10:53:43 - 0:26:57 - DEV sme acc 79.3 dist 0.403
INFO - 01/29/26 10:53:43 - 0:26:57 - Average test loss is 0.8923444151878357 at epoch -1
INFO - 01/29/26 10:53:43 - 0:26:57 - decoding test set
INFO - 01/29/26 10:53:44 - 0:26:58 - finished decoding 1000 test instance
INFO - 01/29/26 10:53:44 - 0:26:58 - TEST accuracy is 73.5 at epoch -1
INFO - 01/29/26 10:53:44 - 0:26:58 - TEST average edit distance is 0.645 at epoch -1
INFO - 01/29/26 10:53:44 - 0:26:58 - TEST sme acc 73.5 dist 0.645
