1537	107	5	6.69
163	979	13	104.7
1724	122	3	9.49
363	204	3	8.77
2764	116	3	10.21
121	7251	3	20.07
1306	124	3	8.95
112	1479	4	10.74
668	387	3	16.74
832	12	15	12.64
1055	104	7	6.64
2407	111	4	13.61
3047	126	3	13.53
1379	102	7	6.63
117	959	4	8.87
406	674	5	34.04
152	217	6	11.67
125	3455	3	14.56
2930	127	3	13.23
113	543	5	6.94
118	147	19	18.39
3867	101	4	7.87
1626	101	8	7.61
107	2807	6	22.71
453	3704	3	28.45
6104	103	3	9.69
6609	105	3	9.59
2445	101	7	13.78
390	145	25	163.85
665	101	14	7.38
809	131	3	7.33
204	330	3	8.22
176	311	3	6.66
1756	110	9	50.17
1254	105	7	8.34
101	3866	4	7.87
102	2953	5	8.48
233	428	3	10.45
810	1050	5	46.51
103	1072	13	35.27
412	618	3	19.01
12	1660	8	6.94
104	5250	3	9.88
635	170	19	155.99
153	574	3	8.06
208	592	3	11.47
438	12	27	16.74
214	104	36	31.65
12	1864	9	13.43
107	1280	6	8.03
120	699	4	7.58
171	713	5	23.61
105	6122	3	9.59
804	12	14	6.96
587	5112	3	36.58
275	544	3	13.25
12	1982	8	11.93
111	896	5	9.96
320	104	37	80.67
199	1963	3	18.58
102	509	14	7.8
1214	119	3	6.84
110	119	42	13.27
555	102	15	11.2
7050	106	3	11.19
2953	105	6	19.18
818	101	16	24.84
103	2395	5	8.66
12	3200	5	7.46
322	278	15	114.87
215	1468	3	17.69
645	408	4	24.96
294	235	3	8.27
6396	106	3	11.19
161	132	9	9.96
341	200	3	8.01
874	118	4	8.73
102	4737	4	10.62
105	1382	6	7.53
109	1283	6	14.85
113	288	8	8.22
788	397	3	20.45
3060	108	3	7.99
1609	897	7	82.76
3146	817	3	35.62
103	5330	3	9.69
112	4146	3	13.27
179	14	92	7.07
1153	3954	3	36.13
348	255	3	9.97
5527	404	3	34.19
102	6070	3	7.96
127	327	9	21.3
168	105	39	14.28
8	1196	10	44.56
446	587	3	17.19
340	108	15	20.88
420	136	4	8.07
312	200	3	7.64
384	112	10	19.24
425	107	11	6.82
12	847	16	23.88
7043	102	3	7.96
4797	9	3	10.1
130	749	3	7.29
201	109	14	8.75
4650	995	3	35.16
595	618	3	23.05
9	3188	4	14.4
716	1025	3	23.25
173	275	5	14.38
799	107	9	12.06
3954	140	3	19.62
101	544	17	8.35
278	322	15	114.87
101	2338	6	7
5687	102	3	7.96
1009	12	12	8.99
842	115	4	6.84
119	102	129	10.61
1166	116	4	9.15
180	472	3	9.34
999	384	6	48.44
101	4180	4	7.87
729	719	3	21.57
131	4275	3	18.43
132	137	13	12.07
618	595	3	23.05
311	542	3	14.72
106	2794	4	7.96
108	303	11	7.7
113	694	5	8.5
212	295	3	7.46
8	3550	4	13.03
224	244	3	6.66
252	185	7	24.86
364	108	14	20.87
2207	101	6	11.81
224	101	37	7.52
12	274	34	7.68
121	2004	5	23.11
104	2891	5	11.49
12	125	201	52.94
622	132	4	10.56
734	108	11	28.3
1092	120	3	8.78
12	198	50	7.36
113	2474	3	8.78
235	162	4	6.9
1591	105	6	7.53
207	437	4	15.29
177	219	6	17.35
103	110	155	10.17
4860	101	4	7.87
767	108	9	18.67
121	802	5	13.13
382	8	10	8.36
111	388	7	7.32
121	682	4	7.53
103	6366	3	9.69
293	401	3	12.04
101	3442	5	9.84
106	3992	3	7.03
3049	401	4	45.71
104	1296	8	12.79
1148	153	3	12.03
991	192	8	56.63
139	12	162	104.17
3327	7365	3	47.94
8	629	6	7.82
982	1097	6	62.9
4764	1302	3	36.68
2957	1229	3	32.86
1078	121	3	6.74
3509	113	3	11.41
5556	761	3	38.1
6724	102	3	7.96
4350	9	3	14.41
2839	620	6	74.62
1524	328	3	20.61
106	3813	3	7.03
104	1401	7	10.35
162	121	11	8.21
1761	119	3	8.65
108	1117	5	8.11
101	1897	7	8.68
3591	105	4	8.23
227	106	20	7.74
120	337	6	8.1
85	414	6	7.09
397	2975	4	40.31
3284	103	4	8.36
466	851	6	49.9
304	169	5	14.31
4613	103	4	12.92
500	330	3	14.26
188	232	4	8.79
103	6503	3	9.69
298	1070	3	17.65
4639	112	3	13.27
110	1756	9	50.17
122	101	153	12.4
2631	2625	6	101.02
495	392	7	50.79
4578	103	4	12.92
882	131	4	13.07
9	4108	3	10.1
357	138	5	10.17
3103	12	5	7.46
5581	102	3	7.96
181	1493	3	16.27
180	215	5	12.05
856	12	14	8.9
147	111	19	9.34
180	142	7	9.61
186	615	4	19.21
105	997	9	11.3
726	113	7	18.96
239	12	57	50.09
311	85	9	13
156	1229	4	19.98
267	186	4	10.8
347	109	11	12.72
6099	113	3	17.93
108	424	9	8.53
5558	181	3	28.36
136	121	16	9.3
12	482	27	28.35
12	542	19	10.22
118	2455	3	10.07
103	1170	10	19.6
121	1797	4	14.76
704	1029	3	24.08
12	438	27	16.74
307	452	23	223.57
118	2606	3	11.23
7042	104	3	9.88
703	104	9	6.83
1657	133	4	18.79
107	1063	9	17.46
144	1308	4	17.54
324	359	3	11.63
85	1343	6	23.22
104	232	23	8.03
239	260	44	427.66
104	284	40	81.19
1302	1109	4	39.28
837	105	9	8.88
306	1588	3	20.07
1266	110	5	12.43
118	757	7	21.94
837	164	3	11.24
12	2729	6	8.95
116	2484	3	9.07
59	1768	3	8.12
107	4201	3	7.18
8	2128	5	14.34
180	244	5	13.15
318	390	3	11.96
1339	145	3	12.8
114	112	45	13.05
101	2430	7	13.78
292	131	16	61.73
1649	108	6	17.8
104	1563	8	17.2
981	131	3	8.41
2068	112	3	7.62
685	351	3	15.97
575	522	3	17.59
1428	105	8	14.05
181	136	7	9.29
119	1235	4	11.54
8	6789	3	13.35
1034	232	3	15.67
188	279	4	11.03
111	121	56	47.93
6808	149	3	25.34
995	170	3	12.71
1259	12	10	6.68
1079	16	3	8.34
1951	225	3	19.56
115	5042	3	13.65
2577	9	3	6.66
171	111	14	8.28
102	751	10	6.75
85	505	7	13.42
319	102	22	10.26
1772	109	4	8.78
103	324	17	7.68
5063	272	3	31.97
194	12	79	102.27
6926	102	3	7.96
238	176	4	8.34
1520	109	4	7.85
4346	322	3	29.35
58	396	3	6.75
2256	1011	3	34.45
365	113	7	8.18
1507	9	4	6.89
859	176	3	12.33
9	2	33	19.31
118	1833	3	8.34
104	7259	3	9.88
5465	103	3	9.69
113	1913	4	14.66
651	376	7	52.37
126	1342	3	9.23
483	59	6	10.55
321	587	3	15.28
610	114	5	7.52
427	200	4	14.99
6789	103	3	9.69
831	276	3	16.02
113	6852	3	17.93
111	4010	3	12.73
9	1391	5	10
106	4728	3	7.03
101	2235	7	13.78
384	635	4	24.34
3522	132	3	16.33
458	127	5	9.75
921	103	8	7.21
3790	8	3	7.08
2594	817	3	31.81
1101	155	4	19.05
396	537	3	16.11
542	189	4	16.94
921	162	3	11.57
142	864	3	9.05
108	3059	3	7.99
622	119	4	6.72
199	186	6	16.47
173	798	3	12.33
108	5053	3	14.33
106	466	10	6.88
12	285	30	11.24
959	107	7	8.38
887	121	8	32.02
2062	12	8	11.93
184	102	36	8.18
107	674	9	9.31
1336	4011	4	56.17
4225	102	4	10.62
2891	12	6	8.95
653	12	20	19.03
1025	445	4	29.78
105	277	19	8.37
4505	287	4	42.71
1361	382	3	21.35
115	1677	3	7.2
102	6055	3	7.96
108	770	7	11.52
1338	104	8	14.75
4320	107	3	7.18
219	299	10	51.91
1388	438	8	80.66
6440	353	3	33.2
101	455	19	7.26
1329	108	5	9.89
137	132	13	12.07
4142	118	3	14.89
973	118	4	9.25
113	3000	5	24.6
382	2040	5	46.73
2456	110	3	7.65
12	739	16	11.16
173	114	12	8.4
1838	101	8	10.4
405	162	3	6.83
110	132	67	127.5
1860	103	9	29.08
187	230	33	235.02
102	6501	3	7.96
1878	141	4	20.98
4950	101	4	7.87
3039	123	3	12.85
3972	132	3	18.51
863	108	6	9.43
264	129	6	9.24
3188	8	4	13.03
121	138	19	14.6
669	145	4	13.17
460	325	3	14.01
218	392	3	10.28
106	1747	5	7.64
449	170	6	25.17
2552	170	3	18
1901	115	3	8.9
7239	107	3	11.35
12	3183	5	7.46
1388	1302	3	28.3
12	3235	5	7.46
141	275	5	8.57
783	156	9	54.5
1005	9	5	7.48
474	12	24	13.52
210	140	5	7.1
182	124	7	6.66
101	3847	4	7.87
1756	153	3	14.51
3813	107	3	7.18
5106	107	3	11.35
992	133	3	8.69
5608	113	3	17.93
995	4650	3	35.16
111	4656	3	12.73
2258	1903	5	67.05
204	177	9	31.71
6070	102	3	7.96
151	104	48	13.53
1180	127	3	8.94
110	522	6	7.48
839	169	3	11.81
2480	101	7	13.78
453	120	6	11.39
2101	8	4	7.63
115	4685	3	13.65
417	314	3	12.59
110	446	7	9.32
6044	106	3	11.19
464	5125	3	35.16
2165	114	4	13.45
1717	101	8	10.4
3061	230	3	23.46
1128	363	3	19.54
438	320	30	328.92
107	351	22	31.82
298	469	3	12.84
1110	1693	3	29.18
2975	278	4	35.26
200	291	4	11.75
114	2412	3	10.08
4221	101	4	7.87
236	105	26	12.22
344	150	9	33.09
1019	159	5	26.23
1175	108	6	13.19
110	1155	4	7.37
352	106	16	13.32
7092	103	3	9.69
1578	101	9	12.15
452	145	6	20.02
547	325	4	23.68
104	2522	7	23.06
104	2470	7	23.06
583	117	6	12.08
251	187	48	431.98
817	120	4	10.39
627	107	10	10.62
102	5738	3	7.96
739	137	3	7.66
3671	12	5	7.46
158	183	5	8.17
554	122	5	10.2
101	2939	6	11.81
119	1029	4	10.84
327	583	3	14.46
106	4623	3	7.03
110	316	8	6.89
114	3626	3	11.57
122	1724	3	9.49
115	2173	3	7.97
1927	105	6	11.09
2780	941	3	31.35
411	110	8	10.38
102	543	14	9.67
110	147	19	7.9
1063	330	3	18.45
1426	1269	3	28.9
111	1014	9	33.75
613	148	4	12.32
394	481	3	14.9
351	1987	3	22.51
3721	169	3	20.68
3605	12	5	7.46
986	113	4	7.65
140	920	3	9.11
5638	104	3	9.88
101	4153	4	7.87
128	151	11	8.67
349	256	3	10.01
181	1083	3	14.49
620	2839	6	74.62
105	1428	8	14.05
3876	3997	4	70.59
620	2779	6	74.62
2693	12	6	8.95
5135	209	3	29.56
1309	119	5	17
210	139	6	9.57
444	744	3	18.28
606	1534	3	24.67
222	315	3	8.34
158	409	4	11.59
554	348	3	14.64
102	5972	3	7.96
107	5017	3	7.18
206	794	3	13.4
268	213	4	11.46
105	208	27	8.79
1411	12	10	9.5
105	151	55	21.47
801	102	10	6.75
59	1456	4	12.48
106	4297	3	7.03
3953	281	3	27.36
59	1389	4	11.61
169	415	3	7.88
113	322	11	23.52
291	312	3	10.2
3060	275	5	52.89
2138	9	4	8.88
2534	102	6	10.81
164	528	3	8.48
3918	101	4	7.87
120	1829	3	8.78
109	2784	3	7.41
127	2930	3	13.23
101	406	28	24.52
847	110	6	13.52
173	108	21	13.73
103	2067	5	6.89
101	201	44	13.17
105	4731	4	12.79
236	118	8	7.33
105	4867	4	12.79
614	2092	4	39.42
1001	1559	3	32.9
6007	103	3	9.69
1919	8	7	31.17
583	233	9	58.88
133	317	13	47.05
186	199	6	16.47
1785	16	3	10.2
1926	3211	5	75.42
124	1417	8	46.02
118	119	38	26.68
6871	109	3	15.24
1010	124	3	8
4981	121	3	15.64
269	547	3	14.35
243	115	9	7.78
8	140	47	32.83
191	109	16	10.74
387	209	3	9.22
278	5972	3	32.1
114	2097	3	8.02
4305	102	3	7.96
204	9	15	8.18
156	873	3	11.15
113	1347	5	15.36
204	312	3	7.85
102	184	36	8.18
193	138	6	7.09
2794	106	4	7.96
839	101	12	7.7
112	230	16	26.31
106	2124	5	9.09
635	320	23	261.62
1109	187	13	125.39
550	106	10	8.07
136	1879	3	13.25
112	2520	3	8.53
4623	106	3	7.03
118	1958	4	14.98
397	278	10	73.1
140	110	21	7.39
150	524	9	41.92
3653	118	3	12.74
433	118	6	9.55
106	1547	6	10.28
556	119	8	22.43
625	154	3	11.03
404	7038	3	34.19
266	447	3	11.77
556	294	4	21.09
403	104	14	7.42
85	588	5	7.93
271	418	3	11.92
106	344	16	12.68
12	411	33	36.55
294	3664	3	25.39
199	396	6	27.51
121	1796	8	47.42
1318	554	4	33.88
2998	12	6	8.95
425	891	4	28.29
8	3267	3	7.08
171	1387	3	14.7
149	12	87	7.75
3418	109	3	8.84
690	114	5	8.73
9	1185	5	10
129	1379	5	22.45
167	219	15	65.92
157	408	4	11.18
6932	106	3	11.19
798	1944	3	28.25
278	4393	4	42.88
105	971	15	48.01
101	2561	6	7
2056	460	3	24.4
998	134	3	8.58
113	835	4	6.7
6991	103	3	9.69
108	337	13	16.34
317	1010	3	17.9
106	2828	4	7.96
105	762	18	50.25
777	494	3	19.24
107	2405	5	13.84
643	108	8	12.09
102	5462	3	7.96
105	837	9	8.88
282	169	4	9.45
2092	101	7	13.78
256	349	3	10.01
777	358	3	17.1
180	374	4	12.63
119	343	6	7.41
101	2252	6	7
3059	361	5	55.86
1269	1426	3	28.9
1929	431	4	35.15
12	156	76	7.94
104	4716	4	13.17
12	111	308	8.12
108	3090	3	7.99
107	627	10	10.62
143	279	5	9.69
3954	6808	3	50.17
4205	104	3	9.88
6547	107	3	11.35
101	970	11	8
103	197	27	8.86
4748	107	3	7.18
156	2925	3	18.02
2044	313	5	43.82
120	500	6	12.58
217	12	51	16.25
1862	9	9	43.29
1563	104	8	17.2
608	188	3	10.84
102	991	11	14.29
217	243	4	10.59
101	1679	9	17.72
126	1297	5	20.25
198	432	3	9.44
112	2161	3	7.62
470	675	6	45.94
991	103	8	8.22
560	123	6	15.16
300	210	4	13.38
118	1756	5	20.16
3540	105	4	8.23
343	3691	3	26.19
59	797	8	27.05
629	8	6	7.82
427	321	4	20.22
447	4662	3	30.26
1768	59	3	8.12
3829	108	3	10.02
315	2	4	7.05
259	110	24	61.82
2756	105	6	19.18
102	4393	4	10.62
3885	930	3	35.62
519	129	4	8.29
2127	101	7	8.68
868	131	3	8.02
114	1121	4	8.99
1012	101	10	10.74
275	616	3	14
283	349	3	10.75
107	1974	6	14.37
614	584	3	18.59
103	286	27	28.56
669	686	4	29.75
111	6576	3	17.11
188	354	3	7.89
59	2565	3	11.01
562	108	8	10.17
1040	170	3	13.16
1270	12	11	10.81
1493	104	7	12.12
21	3887	3	34.33
265	2165	3	20.85
341	715	4	24.54
141	667	3	7.65
111	2878	4	15.42
105	6752	3	9.59
101	4379	4	7.87
262	85	9	12.32
4014	16	3	16.87
127	843	7	27.51
108	290	15	19.05
3825	427	4	46.21
3959	121	3	20.07
1082	130	6	27.39
889	1917	3	29.08
451	5108	3	34.96
1188	142	5	24.04
2984	1160	3	32.31
143	180	6	7.29
314	417	3	12.59
101	1073	10	6.68
106	6635	3	11.19
1119	101	10	8.45
148	755	5	20.23
2216	460	3	25.42
2124	120	3	9.58
114	2951	4	16.7
321	3825	4	44.38
224	426	21	172.97
4542	101	4	7.87
112	1987	3	7.62
1495	989	5	53.06
661	1388	11	141.36
107	4295	3	7.18
105	7129	3	9.59
1382	1352	4	42.72
101	4566	4	7.87
6904	102	3	7.96
719	729	3	21.57
101	2460	7	13.78
101	4462	4	7.87
104	326	45	148.96
1388	661	11	141.36
148	4194	3	20.51
157	411	4	11.18
106	2916	4	7.96
311	240	3	8.92
3044	107	4	8.15
267	142	6	12.19
123	518	4	6.75
3625	104	4	8.6
8	816	7	10.42
216	1441	3	16.78
1608	119	3	7.96
14	179	92	7.07
14	116	475	14.04
118	2127	3	9.13
207	239	44	382.48
171	274	4	9.52
375	217	3	9.07
227	117	29	93.61
814	108	6	8.71
1274	103	7	8.53
375	173	3	7.44
263	205	8	34.79
1879	136	3	13.25
1987	112	3	7.62
1485	118	3	7.66
2711	293	5	48.53
266	372	4	16.49
3280	101	4	7.87
1287	101	10	10.74
395	1258	3	20.76
108	1648	5	12.3
2235	108	4	10.13
124	105	104	55.74
111	2500	3	8.02
12	3462	5	7.46
977	2290	3	30.57
272	3810	4	42.71
140	714	3	8.09
269	392	3	12.15
112	128	62	102.42
438	170	30	263.44
2702	1229	4	47.68
2661	121	3	11.97
635	12	22	25.91
113	6099	3	17.93
366	111	11	19.76
394	16	8	20.43
376	387	3	13.25
4960	234	3	25.78
525	12	21	10.45
804	122	4	9.26
102	126	91	6.77
131	1405	4	16.42
110	420	10	17.6
2227	1461	6	81.82
119	3605	4	21.27
283	608	4	21.11
213	1032	3	15.01
537	396	3	16.11
382	1760	6	57.51
116	9	68	13.88
121	1182	3	7.22
888	104	9	12.03
363	16	5	7.64
101	306	35	25.08
246	2976	3	22.46
1568	715	5	50.26
101	238	36	8.68
424	209	4	15.26
141	1178	3	10.76
108	885	5	6.72
760	103	12	16.88
118	132	26	24.16
429	182	3	9.08
401	136	4	7.87
373	304	3	11.28
106	2527	5	10.96
2412	2538	3	36.79
116	2975	3	10.21
3109	108	3	7.99
885	108	5	6.72
2713	101	6	11.81
6990	105	3	9.59
105	356	16	8.17
318	1008	3	18.04
225	494	3	11.13
563	1098	3	22.32
225	358	5	20.33
152	419	4	10.25
439	262	6	34.45
240	187	22	132.99
340	114	9	13.29
275	3821	4	42.23
12	661	17	8.22
112	1294	4	9.14
229	312	3	8.38
1133	113	5	13.4
103	1966	5	6.89
2730	12	6	8.95
142	534	4	10.23
173	13	6	11.16
1344	9	5	10
578	1204	4	33.36
113	3110	3	11.41
12	832	15	12.64
164	427	3	7.35
109	2883	3	7.41
85	2072	3	8.04
414	85	6	7.09
200	574	3	11.15
2759	12	6	8.95
863	199	3	13.84
106	1701	5	7.64
1079	1004	3	26.65
103	696	10	8.12
145	415	4	9.63
9	2626	4	11.96
110	163	16	8.18
105	5792	3	9.59
794	206	3	13.4
159	115	40	96.96
1143	115	4	9.61
159	281	4	8.46
165	470	6	24.3
107	1410	6	9.19
141	108	51	51.97
995	4425	3	35.16
1033	8	7	13.36
449	320	9	61.56
359	448	3	13.66
107	3909	3	7.18
109	1153	5	9.4
493	134	7	22.85
1937	59	3	8.91
85	2470	4	14.91
191	510	3	10.12
155	483	3	7.5
324	187	4	11.83
1228	1498	3	29.57
472	125	6	14.18
105	2452	5	8.51
143	118	19	15.23
637	112	5	7.31
200	915	3	14.33
105	2400	6	13.89
1867	120	6	28.39
107	789	7	6.73
101	1068	10	6.68
199	108	32	55.08
4392	106	3	7.03
1119	108	5	8.11
103	1496	6	9.25
343	189	4	12.26
1020	118	5	15.52
3630	12	5	7.46
542	107	11	12.8
180	532	3	9.76
170	104	39	18.84
104	400	15	10.18
104	6527	3	9.88
776	85	7	20.3
7333	102	3	7.96
466	5556	3	35.6
3198	5542	3	47.94
353	149	5	12.93
161	838	3	11.1
175	190	4	6.75
4723	113	3	13.54
138	1041	3	9.35
118	1806	3	8.34
3928	115	3	13.65
121	2546	4	17.43
190	2008	3	18.43
101	1625	10	19.69
1228	217	3	16.95
8	2138	4	7.63
1563	325	3	21.35
253	228	3	7.42
16	932	3	7.85
4119	105	4	12.79
115	2732	4	16.64
217	152	6	11.67
5857	105	3	9.59
851	106	8	9.38
3966	293	4	43.05
194	336	4	12.54
106	1203	6	7.78
9	3125	3	8.06
101	2085	8	15.75
1525	125	3	9.37
207	166	45	321.85
4799	105	4	12.79
531	2495	3	26.29
105	5472	3	9.59
106	1382	9	27.45
132	3972	3	18.51
1023	228	3	16.04
1787	103	8	20.01
1116	105	7	7.15
2531	101	6	7
545	12	20	9.47
2607	144	3	16.18
1196	140	10	80.68
2007	827	3	28.25
119	1246	3	6.84
287	409	3	11.97
128	1013	3	7.81
14	174	102	7.84
4479	113	4	23.92
2553	111	3	8.02
382	2839	5	51.9
382	2779	5	51.9
3396	199	4	33.84
1691	116	3	7.37
3312	124	5	36.67
108	364	14	20.87
103	6037	3	9.69
4280	102	4	10.62
802	107	8	8.82
301	586	3	14.47
1016	124	3	8
1451	1194	3	29.73
117	571	5	8.36
1880	108	5	13.89
258	118	10	15.66
174	14	102	7.84
1085	937	13	186.98
209	3846	4	39.47
1292	127	10	60.8
125	1164	3	7.72
4650	105	4	12.79
2615	112	3	9.67
4143	8	3	13.35
12	393	26	7.92
59	3656	3	12.51
112	2056	3	7.62
1298	419	4	31.58
106	282	18	12.1
3305	106	3	7.03
1348	101	11	21.66
6476	105	3	9.59
429	223	3	10.3
102	5771	3	7.96
158	143	7	7.46
5768	145	3	24.79
274	191	4	11.14
109	274	13	14.46
2702	470	5	53.57
251	240	22	153.21
3219	122	4	22.47
2386	135	4	21.4
116	102	172	21.08
112	1615	4	11.73
142	135	10	6.9
101	303	29	9.56
272	310	3	10.07
101	12	1976	69.46
7265	104	3	9.88
107	536	14	21.07
1019	192	3	14.42
2975	102	5	8.48
276	831	3	16.02
1861	104	8	20.5
118	3919	3	14.89
111	657	5	6.96
16	12	189	39.67
101	1576	8	10.4
1646	119	6	26.18
337	209	3	8.64
120	663	7	19.84
6447	105	3	9.59
2235	101	7	13.78
587	321	3	15.28
115	630	5	7.83
1212	448	3	21.31
127	1292	10	60.8
105	1263	12	38.4
770	108	7	11.52
335	117	9	15.47
133	1588	3	11.27
2190	117	3	9.77
916	101	15	23
118	1297	4	11.12
103	4653	4	12.92
1888	320	4	32.35
104	1789	7	14.38
12	3388	5	7.46
2587	242	6	61.19
197	117	9	7
102	4805	4	10.62
197	180	5	11.09
101	4071	4	7.87
404	9	9	8.29
899	12	13	7.81
583	1236	3	22.87
1458	9	4	6.89
4561	116	3	13.84
3095	186	3	22.16
121	111	56	47.93
172	222	4	7.61
1109	438	9	89.53
829	119	4	8.65
3391	121	3	13.48
1646	6632	3	42.45
2964	111	3	9.15
355	126	5	7.71
110	158	21	18.49
620	382	5	33.32
608	696	4	28.58
1109	1302	4	39.28
351	685	3	15.97
824	5257	3	39.23
108	4649	3	10.02
104	2366	5	11.49
1344	102	7	6.63
2	16	16	17.93
2730	109	4	13.01
2196	102	7	18.59
148	111	32	39.46
704	115	7	18.37
101	348	40	64.73
1370	5983	3	41.78
117	722	5	10.46
200	511	3	10.69
165	1229	4	20.7
107	130	126	190.69
1114	121	3	6.74
620	1143	5	45.65
2000	102	6	8.17
278	186	6	22.17
479	108	9	10.95
1468	5385	3	42.45
113	168	15	12.17
111	3534	3	10.62
3339	101	5	9.84
291	314	3	10.33
105	103	499	34.42
4718	101	4	7.87
101	4826	4	7.87
119	691	8	25.56
149	921	3	10.28
1753	164	7	53.21
236	367	3	9.48
2975	397	4	40.31
154	298	3	6.72
251	580	3	12.85
2284	168	3	17.72
136	863	3	8.7
142	476	4	9.43
108	2430	4	10.13
668	8	7	7.63
12	603	19	10.22
1070	298	3	17.65
116	397	5	6.69
145	1339	3	12.8
101	4799	4	7.87
3272	12	5	7.46
127	121	22	11.44
1965	2165	3	33.5
106	4298	3	7.03
118	540	6	12.18
130	2494	4	20.55
2880	115	3	10.04
449	154	3	9.27
275	3059	5	52.89
8	579	8	9.33
110	3026	3	8.76
294	192	3	6.96
59	122	29	14.34
391	321	4	19.27
718	108	7	10.06
1115	103	8	10.74
103	6789	3	9.69
106	1731	5	7.64
4525	106	4	14.93
1229	552	7	69.13
899	143	3	9.37
1486	59	3	7.45
4673	101	4	7.87
432	105	14	8.37
381	293	3	11.71
114	3168	3	11.57
159	448	3	7.29
1814	123	3	9.9
381	173	3	7.73
105	4161	4	12.79
106	2123	5	9.09
1461	1666	4	44.77
178	233	14	64.72
104	5399	3	9.88
2568	108	4	11.86
1833	118	3	8.34
6325	123	3	20.99
110	2693	3	8.76
191	12	52	7.13
1111	12	10	6.68
181	767	11	79.29
161	353	5	14.87
123	1000	3	6.71
170	1746	3	17
240	1302	3	17.06
8	256	14	8.3
3625	719	3	31.37
147	2053	3	14.63
146	1136	4	17.96
1095	12	11	7.82
204	161	5	9.21
106	5428	3	11.19
9	870	8	17.8
6303	113	3	17.93
1160	135	4	15.16
464	272	3	12.72
124	326	45	337.31
118	1460	3	7.66
114	604	7	15
138	1387	3	10.89
240	438	17	131.13
105	6729	3	9.59
127	551	6	15.86
1512	126	9	58.79
1369	104	7	10.35
118	231	11	15.37
9	1691	4	7.8
118	179	14	18.2
103	3521	5	16.15
2344	116	3	10.21
1240	111	7	24.26
333	2440	3	23.53
4806	106	3	7.03
352	173	6	22.51
1355	117	3	6.78
568	138	4	10.15
3992	106	3	7.03
1379	129	5	22.45
380	147	4	8.9
3057	451	5	58.61
106	842	8	9.38
223	182	6	17.16
295	101	34	19.28
124	5963	3	21.98
108	2235	4	10.13
104	105	517	60.45
7233	103	3	9.69
760	837	3	22.3
1495	4229	4	57.13
167	230	8	24.82
646	1151	6	57.32
4064	108	3	10.02
256	8	14	8.3
274	730	4	22.68
777	101	17	26.7
283	3839	4	42.55
251	661	14	118.55
113	4288	4	23.92
382	1361	3	21.35
660	12	18	11.15
974	208	3	14.41
1854	107	8	24.34
1443	16	3	9.5
130	595	4	11.56
107	1047	10	22.43
3914	2601	4	62.95
1245	208	3	16.47
1013	128	3	7.81
426	121	5	7.4
101	829	16	24.84
149	109	21	6.75
230	104	47	82.33
2869	102	6	15.93
426	176	4	13.42
6952	109	3	15.24
1259	113	9	40.71
2327	9	4	10.23
172	902	3	12.36
556	116	5	7.34
276	165	6	17.62
12	1266	11	10.81
670	179	4	18.39
263	299	3	9.5
120	238	8	8.61
105	3648	4	8.23
103	2832	5	11.19
2365	105	7	22.38
3049	173	4	37.25
945	118	5	13.91
422	112	14	39.73
397	267	3	12.91
110	2180	6	24.68
862	108	6	10.22
110	2360	3	7.65
2607	103	6	19.38
115	138	19	7
143	4164	3	19.89
3201	8	3	9.08
111	4819	4	22.82
645	1055	4	33.01
3408	1107	4	49.54
5105	267	3	31.5
9	17	20	7.17
504	101	23	23.72
105	2047	5	6.75
150	278	4	7.19
4983	106	3	7.03
1955	105	6	11.09
105	1927	6	11.09
4867	105	4	12.79
2286	118	3	10.07
1269	146	3	12.09
392	495	7	50.79
103	188	31	11.73
266	193	5	15.61
2307	400	4	36.17
145	1081	3	11.07
107	2012	5	9.32
12	241	45	14.97
343	119	6	7.41
4081	109	3	10.91
1502	313	4	30
5689	104	3	9.88
175	5778	3	27.91
620	1760	6	63.17
146	804	3	8.98
7099	103	3	9.69
108	200	16	9.01
3433	101	5	9.84
618	412	3	19.01
942	228	3	16.04
749	594	6	56.06
196	748	3	12.68
123	1584	3	9.2
1797	120	6	28.39
249	1355	3	18.25
689	646	3	20.3
1109	661	13	169
125	375	14	49.82
104	3757	4	8.6
160	104	47	65.25
110	1095	4	7.37
171	301	6	19.45
3758	12	5	7.46
723	101	19	30.43
2365	118	5	23.99
4733	118	4	25.75
107	5537	3	11.35
101	3339	5	9.84
140	171	8	11.31
119	1173	7	28.42
2954	8	4	10.62
110	2179	7	33.1
119	1344	3	7.37
102	2534	6	10.81
992	637	3	21.89
126	316	6	9.96
103	6007	3	9.69
2510	148	6	44.37
4592	118	3	14.89
113	7114	3	17.93
2002	1164	4	43.46
6366	103	3	9.69
104	6300	3	9.88
114	223	11	11.24
127	1014	4	12.34
1166	386	3	19.7
170	386	3	7.2
3506	664	3	30.42
1719	117	4	13.39
5473	105	3	9.59
3512	101	5	9.84
216	200	4	8.87
6528	104	3	9.88
189	163	5	8.17
4554	995	3	35.16
174	188	5	9.43
2124	151	3	14.78
462	135	5	12.27
105	2379	5	8.51
2925	133	3	15
12	172	73	23.41
12	124	165	29.13
106	6590	3	11.19
106	403	13	9.18
1495	715	3	25.9
117	119	32	13.5
472	111	6	7.4
386	751	4	26.04
154	625	3	11.03
224	254	5	16.92
2141	355	3	22.66
109	4209	4	20.33
8	5681	3	13.35
108	321	16	26.54
116	2242	3	9.07
3054	108	3	7.99
970	127	3	7.05
389	148	4	9.01
2009	105	5	8.51
9	1507	4	6.89
6244	103	3	9.69
1081	1082	4	38.51
374	226	3	9.46
226	123	7	7.52
282	108	14	14.13
140	1196	10	80.68
374	112	7	8.28
4764	187	4	38.14
126	1162	7	33.07
419	7309	3	34.38
1255	8	10	34.2
106	4146	3	7.03
9	114	65	9.72
156	302	4	8.46
182	619	3	11.03
201	3270	3	22.7
6789	8	3	13.35
463	101	18	7.24
127	2091	3	11.08
12	1392	9	8.21
9	2983	3	6.66
111	366	11	19.76
2521	107	5	11.2
418	107	11	6.82
1813	142	4	19.87
431	447	8	57.66
101	1663	9	17.72
5965	115	3	18.05
5017	107	3	7.18
795	3472	3	31.73
431	6710	3	34.56
191	373	4	13.2
910	107	10	18.66
2682	115	3	10.04
182	285	3	7.69
121	3001	5	28.14
1888	170	3	17
111	4334	4	22.82
411	123	6	11.72
16	526	5	10.95
110	131	31	17.86
275	136	6	11.74
120	872	4	9.82
7276	127	3	21.38
676	2242	3	27.9
101	1362	10	13.92
636	619	7	59.21
641	105	10	7.08
153	110	22	16.65
1627	59	3	7.45
2058	145	3	14.37
751	386	4	26.04
426	1014	4	29.52
1330	1466	4	42.72
1444	108	4	6.8
2913	2	4	25.46
993	110	6	14.37
109	2648	3	7.41
7311	127	3	21.38
405	311	3	12.25
229	267	3	7.49
9	3186	3	8.06
148	334	5	12.17
1014	233	4	23.66
106	911	8	10.38
4869	101	4	7.87
3688	108	4	14.3
552	856	3	20.29
653	109	6	7.34
114	1056	8	29.82
3216	308	4	38.06
384	272	3	11.63
186	396	3	9.23
198	1837	4	26.54
146	12	160	208.85
1338	107	7	13.39
108	767	9	18.67
1919	2659	6	95.28
1025	130	3	8.44
446	119	6	11.14
272	5117	3	31.97
2612	9	3	6.66
117	2269	3	9.77
117	2225	4	16.02
105	6530	3	9.59
2237	3743	3	38.38
169	121	13	14.93
6440	104	3	9.88
103	3472	4	8.36
3039	6126	3	46.35
1302	384	12	139.57
113	441	6	7.68
103	3576	5	16.15
110	1297	4	8.01
236	157	6	14.11
2785	789	4	44.41
101	136	113	33.61
85	1849	3	7.27
113	2886	4	16.48
116	134	22	10.93
1032	101	14	27.57
399	138	5	11.63
1816	4445	4	58.23
1107	3408	4	49.54
414	1164	3	20.21
265	106	19	12.17
337	120	6	8.1
134	354	6	13.86
171	603	3	9.77
3691	105	4	8.23
607	108	9	14.16
679	123	5	12.93
183	1598	3	16.54
5323	8	3	13.35
125	935	8	36.27
106	2108	6	14.07
12	1646	10	14.92
121	453	5	8.22
335	250	3	9.41
105	1158	7	7.15
8	16	63	30.23
3813	104	4	13.17
138	111	29	20.25
2162	116	3	8.14
153	2851	3	17.57
428	224	3	10.28
118	1378	7	31.01
2459	133	3	13.8
151	158	8	11.98
517	1138	3	21.84
2110	786	3	27.88
1564	115	4	11.22
102	319	22	10.26
237	283	4	13.07
137	1248	3	10.46
117	1719	4	13.39
207	629	5	29.41
217	1039	3	15.33
110	540	7	11.12
12	3522	5	7.46
2179	110	7	33.1
665	108	7	9.42
316	110	8	6.89
106	3365	4	10.26
121	2669	3	11.97
408	184	3	8.51
5625	103	3	9.69
103	2141	8	25.85
3084	110	3	10.22
114	1976	3	8.02
587	200	4	17.61
473	614	3	17.4
269	460	5	26.34
335	309	6	30.38
181	617	10	64.07
108	1005	5	7.37
195	691	3	11.99
1388	187	11	105.82
106	2391	6	16.99
281	110	10	10.46
225	169	5	11.27
105	432	14	8.37
1584	123	3	9.2
272	5102	3	31.97
106	6932	3	11.19
2394	104	5	8.95
183	158	5	8.17
323	243	3	8.92
2979	3801	3	39.62
148	362	4	8.44
12	1104	12	12.14
481	394	3	14.9
1050	629	4	35.87
101	122	153	12.4
133	2925	3	15
101	222	55	54.38
334	378	4	18.86
236	250	3	7.08
2320	12	7	10.44
3871	9	3	10.1
9	3201	3	10.1
251	438	30	306.6
4170	107	3	7.18
102	7294	3	7.96
3293	7249	3	47.94
1205	1099	3	27.15
105	5015	4	12.79
291	267	3	9.28
104	1109	13	42.86
179	110	13	7.55
113	2	18	9.46
928	136	4	15.17
104	7042	3	9.88
999	1109	13	186.98
102	4035	4	10.62
396	1107	3	20.58
1554	105	10	31.99
801	129	3	6.87
168	106	28	7.59
151	506	3	6.9
121	3030	3	11.97
210	110	11	9.06
1829	141	3	12.69
434	8	13	19.03
6112	105	3	9.59
108	2098	4	8.79
103	2607	6	19.38
197	157	5	8.67
251	1302	12	125.8
2320	1441	3	32.22
172	12	73	23.41
2779	9	6	28.84
122	1631	3	8.79
110	231	14	15.79
391	287	3	11.47
4141	107	3	7.18
110	179	13	7.55
287	227	4	12.66
105	2009	5	8.51
147	1266	3	11.84
231	301	3	8.11
280	190	4	11.32
162	538	3	8.65
588	85	5	7.93
12	3775	5	7.46
1834	103	7	13.97
6432	106	3	11.19
774	795	4	33.01
1137	207	4	23.33
101	1708	8	10.4
121	739	4	8.29
103	14	1941	11.6
108	3821	3	10.02
120	1301	5	17.23
127	4622	3	16.94
140	3954	3	19.62
1867	103	9	29.08
149	531	3	7.2
745	103	17	43.09
107	6983	3	11.35
117	189	22	47.66
2951	114	4	16.7
637	155	3	8.83
207	1137	4	23.33
142	1082	7	38.47
136	381	4	7.47
103	1438	9	19.54
108	3109	3	7.99
12	187	61	18.44
2932	59	3	11.01
163	201	5	9.21
1903	141	3	13.52
12	138	200	282.77
3821	106	3	7.03
106	492	13	14.04
1572	135	3	11.19
186	1007	3	14.49
141	1903	3	13.52
389	107	13	9.09
4236	715	3	33.6
104	6528	3	9.88
2659	85	6	36.29
2056	547	4	38.26
580	170	3	9.58
123	1143	3	8.04
1423	116	4	10.59
114	272	8	8.55
2957	470	5	53.57
114	340	9	13.29
120	5937	3	19.79
239	154	44	363.99
445	551	3	16.29
104	133	59	9.47
3215	109	3	8.84
1266	140	3	10.92
108	409	15	28.78
353	384	3	12.8
620	2040	6	65.63
2601	3998	4	62.95
1657	117	3	8.04
168	2284	3	17.72
101	804	14	12.24
2457	101	6	7
130	421	11	40.99
126	2964	4	21.39
12	444	28	22.85
106	235	22	12.96
994	108	5	6.72
3847	101	4	7.87
110	876	10	42.1
2724	110	3	8.76
4685	118	3	14.89
2711	106	4	7.96
106	1584	6	10.28
3284	8	3	7.08
145	686	5	18.84
103	345	32	61.98
5069	314	3	32.63
248	242	3	7.24
144	4928	3	19.93
107	3583	4	10.46
686	669	4	29.75
742	767	8	78.38
317	2066	3	21.82
2405	121	5	28.14
3039	4346	3	41.85
378	167	7	27.8
14	104	1889	21.31
115	171	18	21.19
209	200	7	23.05
293	132	5	8.11
181	108	17	8.1
2430	354	3	23.83
175	386	4	12.31
453	2618	3	26.86
14	118	398	12.2
121	2290	4	17.43
156	528	5	18.52
945	132	3	8.48
3242	242	5	50.91
192	345	7	30.2
162	235	4	6.9
1343	648	4	36.7
129	264	6	9.24
118	2121	7	39.16
102	699	11	7.23
355	1039	3	18.74
1927	1018	8	112.76
916	4573	3	34.73
325	346	3	12.33
155	4650	3	21.65
920	109	6	10.97
1100	104	9	17.44
1346	119	3	7.37
227	119	15	30.05
127	3517	3	14.76
105	5473	3	9.59
571	156	3	8.47
103	375	30	59.01
12	1282	10	6.68
188	299	3	6.78
188	104	27	6.87
607	845	3	20.8
661	170	9	53.46
406	116	7	9.96
3974	115	3	13.65
107	959	7	8.38
4122	109	3	10.91
571	1587	5	47.14
2785	107	5	13.84
101	602	16	8.43
129	3784	4	24.88
124	3312	5	36.67
2779	1760	6	89.56
4143	9	3	14.41
12	394	35	44.46
121	1629	5	19.97
199	409	3	9.27
7052	103	3	9.69
3656	106	4	10.26
1506	101	8	7.61
114	214	12	12.88
440	106	24	56.5
103	5976	3	9.69
104	264	19	7.1
267	321	3	10.42
118	705	4	7.03
126	118	23	11.13
4887	105	4	12.79
141	1829	3	12.69
1796	106	6	11.95
2019	108	4	8.79
59	1800	3	8.12
240	635	20	191.26
1948	118	3	9.13
4271	106	3	7.03
282	127	6	8.43
132	253	6	9.51
419	412	4	21.51
5118	361	3	33.36
126	474	5	10.49
3090	108	3	7.99
5526	118	3	19.3
4108	889	3	35.16
2803	12	6	8.95
117	146	15	7.55
324	272	10	60.71
12	140	119	24.14
6622	104	3	9.88
130	224	8	13.42
148	613	4	12.32
12	257	57	85.35
3000	636	4	41.71
101	1626	8	7.61
2639	122	6	41.15
1340	13	3	14.32
177	9	16	6.92
465	156	3	7.44
9	2954	4	11.96
111	403	9	14.1
9	3074	3	8.06
1126	126	3	8.18
166	154	44	292.85
2378	178	3	18.55
6015	103	3	9.69
175	132	7	7.31
105	1955	6	11.09
115	480	11	29.65
129	519	4	8.29
2707	112	3	9.67
336	194	4	12.54
388	148	4	8.81
192	302	4	11.44
899	101	15	23
153	198	14	49.04
404	8	10	8.36
1171	3697	3	35.05
1458	8	5	9.54
1099	145	8	49.19
863	136	3	8.7
4056	101	4	7.87
9	2612	3	6.66
281	3953	3	27.36
863	337	9	79.19
331	112	7	6.92
110	106	137	20.08
391	108	19	43.21
3319	157	3	19.78
110	157	27	33.64
391	237	3	9.96
121	5027	3	15.64
3065	142	3	17.36
474	126	5	10.49
215	1603	3	17.69
2239	1733	4	48.67
421	287	23	213.65
377	272	3	11.31
110	4973	3	12.33
101	3934	4	7.87
128	102	96	11.75
6089	104	3	9.88
507	126	18	95.1
113	12	320	54.36
255	107	20	13.98
2830	638	3	30.14
2702	2957	4	55.32
105	102	619	20.91
117	2451	3	9.77
1595	1764	3	31
101	2652	4	7.87
368	940	10	94.09
2863	109	3	7.41
114	981	4	7.84
102	6087	3	7.96
142	388	4	7.71
251	360	3	10.06
602	358	4	22.9
1658	207	4	26.96
106	946	9	15.43
190	219	7	23.5
105	2966	6	19.18
2653	293	3	23.93
431	1775	6	58.29
200	512	7	37.79
242	101	52	52.09
1365	101	10	19.69
2161	112	3	7.62
2580	108	4	11.86
530	105	22	46.85
190	175	4	6.75
363	339	3	12.33
438	1388	8	80.66
142	267	6	12.19
12	1026	11	7.82
103	1750	6	9.25
153	1148	3	12.03
1306	110	4	8.01
272	309	4	15.75
107	535	11	11.13
2787	118	3	11.23
380	105	19	16.7
4164	143	3	19.89
200	203	4	8.41
358	494	5	29.11
9	1783	4	7.8
1571	104	6	8.01
616	340	4	22.68
192	1628	3	16.68
106	2521	5	10.96
1461	2227	6	81.82
3210	102	5	13.28
105	554	13	11.41
115	1901	3	8.9
186	170	8	22.5
101	2907	6	11.81
150	1716	3	13.86
114	728	13	53.48
302	283	5	21.4
947	398	3	19.72
204	209	4	9.14
129	825	3	7.55
540	115	8	17.92
260	12	50	44.36
155	222	30	175.45
140	728	3	7.79
147	2005	6	41.3
279	102	26	14.65
138	197	10	21.21
337	5135	3	33.2
6902	3344	3	47.94
1109	112	13	76.78
6072	105	3	9.59
7186	105	3	9.59
3727	105	4	8.23
284	462	3	12.29
104	3214	5	16.47
326	260	44	497.53
111	658	5	6.96
995	716	3	22.79
1352	106	7	13.06
105	7289	3	9.59
278	4120	3	27.61
8	58	32	19.67
2526	105	5	8.51
8	203	78	341.55
1380	494	4	32.94
140	603	3	6.76
719	1473	3	25.9
520	118	5	8.11
12	3423	5	7.46
372	114	9	15.24
288	110	12	16.63
59	374	6	7.73
9	1005	5	7.48
108	1725	4	7.71
5972	2975	3	46.35
187	418	5	20.13
2866	115	4	16.64
2256	116	3	11.7
345	211	3	8.35
170	5567	3	27.48
5140	104	3	9.88
5462	102	3	7.96
488	394	3	15.57
59	2837	4	17.97
2196	1338	3	32.22
320	384	12	86.93
2779	382	5	51.9
506	151	3	6.9
218	204	5	14.17
326	12	44	57.51
178	107	57	101.6
2165	12	8	11.93
308	102	25	14.15
805	109	7	13.33
101	142	100	22.13
8	3790	3	7.08
120	1947	3	9.58
110	1172	9	34.63
101	215	50	32.03
122	845	4	9.71
107	6547	3	11.35
8	3894	3	9.08
113	4723	3	13.54
1076	16	3	8.34
251	324	4	14.8
173	424	3	8.2
12	1009	12	8.99
4393	2975	4	62.95
200	5145	3	29.16
402	966	6	48.81
2857	118	3	11.23
554	108	10	16.25
146	374	4	8.51
4188	612	3	32.36
132	921	4	13.17
118	180	13	15.1
139	1809	3	12.39
644	214	3	12.23
219	487	6	30.97
262	698	4	23.35
2891	114	3	10.08
102	6190	3	7.96
219	232	11	51.79
3020	120	4	18.91
104	7021	3	9.88
117	758	4	7.05
5996	104	3	9.88
6501	102	3	7.96
109	2730	4	13.01
105	2961	5	11.03
272	401	6	32.51
137	250	5	7.12
107	283	29	47.5
2702	165	5	39.4
4229	1495	4	57.13
812	139	3	7.98
1232	85	4	9.69
668	9	8	13.01
481	224	4	17.1
101	1336	9	9.16
3425	4209	4	65.59
101	1284	12	23.63
337	418	4	20.22
134	116	22	10.93
105	5747	3	9.59
110	149	38	58.27
544	275	3	13.25
208	243	4	10.01
157	3319	3	19.78
1415	104	10	32.95
104	3422	4	8.6
2491	124	5	28.4
863	170	4	18.93
275	3060	5	52.89
449	108	10	12.87
122	3661	4	22.47
8	460	9	7.75
961	101	12	14.01
141	216	7	12.08
1	58	6	31.38
362	212	3	8.7
818	127	4	10.71
9	668	8	13.01
103	138	61	12.32
1297	118	4	11.12
1701	106	5	7.64
767	136	3	7.69
1007	764	3	23.58
3009	105	5	11.03
602	1740	3	25.15
145	1082	5	24.31
381	941	3	18.92
316	1101	4	27.44
1409	362	3	20.53
106	4176	3	7.03
9	154	42	89.98
192	213	4	8.25
1160	956	3	25.64
1112	213	3	15.5
120	4892	3	15.36
1489	16	3	9.5
117	3676	5	31.66
3227	113	3	13.54
4974	5526	3	50.17
103	3775	5	16.15
12	3045	6	8.95
311	574	3	14.46
148	2510	6	44.37
3002	9	3	6.66
108	199	32	55.08
2946	119	3	13.07
479	767	6	47.81
12	2909	6	8.95
108	275	22	39.42
59	2007	3	8.91
301	281	3	9.72
113	726	7	18.96
102	5524	3	7.96
615	186	4	19.21
2669	121	3	11.97
1797	121	4	14.76
140	1266	3	10.92
180	440	4	13.98
110	5245	3	16.7
108	3000	4	11.86
136	416	4	8.29
12	14	4642	65.04
2182	173	7	65.41
12	166	103	99.85
314	464	3	13.35
781	246	4	22.15
101	1024	13	19.33
190	642	3	11.71
119	2946	3	13.07
127	2483	4	19.13
101	904	11	8
117	105	117	13.76
224	127	10	17.7
118	4592	3	14.89
1714	101	8	10.4
6815	105	3	9.59
1587	103	6	7.69
3927	108	3	10.02
113	4365	3	13.54
105	2365	7	22.38
1837	198	4	26.54
202	171	5	10.02
258	132	9	21.78
102	1962	6	8.17
1018	1927	8	112.76
1873	110	9	50.17
101	769	14	12.24
1016	139	6	28.49
1430	12	11	16.41
816	643	4	31.23
203	1161	3	15.27
999	104	15	49.46
115	1619	4	12.22
256	9	12	7.27
4573	241	3	26.06
101	4681	4	7.87
8	2113	6	18.17
651	240	4	20.02
4443	306	3	27.74
104	1369	7	10.35
162	151	9	15.53
1956	128	3	11.45
3586	12	5	7.46
6088	102	3	7.96
1034	104	7	6.64
115	139	21	10.69
545	215	6	32.06
105	1852	9	28.79
3201	9	3	10.1
2327	8	4	8.93
6844	105	3	9.59
2855	101	6	11.81
2475	103	5	8.66
6607	129	3	22.36
1079	141	3	10.76
346	417	3	13.15
2454	101	6	7
403	106	13	9.18
406	1551	3	21.85
3040	201	4	31.64
642	134	4	10.7
102	632	14	11.95
104	6480	3	9.88
167	415	3	7.63
311	391	3	12.09
2946	104	4	8.6
1786	12	8	6.94
1507	3813	4	57.13
105	641	10	7.08
671	273	3	14.87
2957	165	4	28.2
101	2321	7	13.78
2541	12	7	10.44
109	920	6	10.97
12	171	69	14.34
451	106	12	9.81
4644	108	3	10.02
12	123	186	23.79
2779	2040	6	92.02
130	318	19	82.4
121	2119	4	15.97
476	180	7	33.83
58	1167	3	12.29
2395	103	5	8.66
105	4493	4	12.79
106	1276	9	21.12
121	711	5	13.13
2521	106	5	10.96
1377	131	4	16.42
562	136	4	10.37
1126	108	5	8.11
151	2284	3	15.78
2059	351	3	22.51
155	4425	3	21.65
1002	141	5	22.01
3536	111	3	10.62
106	4095	3	7.03
162	534	3	8.43
156	301	10	39.45
419	1298	4	31.58
8	889	6	8.58
6789	9	3	14.41
3315	889	3	32.93
2342	229	4	30.52
149	5972	3	25.34
945	104	9	12.03
14	146	163	6.91
3940	21	3	34.33
2825	12	6	8.95
6750	104	3	9.88
129	294	6	10.43
178	4645	3	23.55
119	1225	4	11.54
321	190	4	12.99
3597	121	4	21.84
6113	102	3	7.96
3481	12	5	7.46
2954	9	4	11.96
2003	602	3	27.04
661	320	13	114.28
1229	675	11	135.92
103	393	17	12.76
3960	114	3	13.7
7168	103	3	9.69
500	120	6	12.58
3616	101	5	9.84
1144	105	7	7.15
160	105	52	81.21
177	381	4	13.17
102	601	14	11.95
105	3602	5	15.98
105	3518	4	8.23
120	114	32	9.46
1879	108	4	8.79
632	143	3	7.24
251	635	23	246.49
101	784	13	9
2813	106	4	7.96
2961	105	5	11.03
925	108	6	11.09
325	1153	4	28.81
1097	105	13	41.6
283	1473	3	19.7
105	2166	7	16.81
725	4192	3	38.45
117	430	11	29.66
103	3984	4	12.92
116	4596	3	13.84
132	364	5	9.93
644	645	3	19.69
111	3694	3	10.62
4915	104	4	13.17
5236	102	3	7.96
2262	9	3	6.66
107	4263	3	7.18
390	669	3	16.74
256	115	10	11.77
1247	104	7	8.89
703	671	3	20.91
110	1296	4	8.01
109	2972	3	7.41
186	5053	3	28.86
122	663	10	39.16
424	177	3	8.67
110	1220	4	8.01
12	988	12	6.75
130	1025	3	8.44
211	283	3	7.28
121	1298	5	18.75
1081	145	3	11.07
2108	106	6	14.07
109	155	19	6.68
885	136	3	9.09
830	123	4	10.24
109	110	87	28.66
170	1109	9	67.01
3333	106	4	10.26
401	108	10	10.74
2452	105	5	8.51
4558	112	3	13.27
102	4963	4	10.62
101	3913	4	7.87
5556	103	3	9.69
106	3277	5	18.66
108	1680	4	7.71
146	1269	3	12.09
151	309	4	7.57
1203	106	6	7.78
151	157	11	22.14
3553	104	4	8.6
102	12	1508	127.78
5833	102	3	7.96
2260	85	3	8.96
159	466	5	18.53
940	368	10	94.09
120	618	4	9.3
1717	109	4	8.78
1050	1917	3	29.55
5323	9	3	14.41
9	2262	3	6.66
2137	142	3	13.62
5131	275	3	31.61
794	174	3	11.68
107	1513	7	15.26
85	774	5	10.82
101	1287	10	10.74
103	6991	3	9.69
228	245	3	7.15
3664	294	3	25.39
9	2594	3	6.66
112	418	7	9.95
845	607	3	20.8
161	180	5	7.53
2003	499	3	26.06
565	173	3	10.47
299	487	5	27.26
12	3249	5	7.46
141	337	6	15.09
546	123	4	7.02
725	123	4	9.78
384	187	13	78.64
149	4393	4	33.81
875	157	3	11.33
168	148	9	16.16
3824	108	3	10.02
101	4805	4	7.87
449	1388	7	68.18
146	101	83	12.02
479	200	4	16.04
2087	103	6	11.27
4608	101	4	7.87
1055	401	3	19.72
272	384	3	11.63
3810	272	4	42.71
1588	133	3	11.27
298	153	5	11.96
103	2050	6	11.27
118	2857	3	11.23
12	681	16	9
5809	107	3	11.35
103	1930	5	6.89
461	119	5	7.36
313	179	4	11.25
1953	12	8	11.93
104	1034	7	6.64
108	667	7	10.06
678	104	9	6.83
111	3452	3	10.62
7017	104	3	9.88
105	220	27	11.95
421	1509	3	22.2
3236	12	5	7.46
4425	109	3	10.91
201	101	44	13.17
3871	8	3	9.08
5226	108	3	14.33
3517	127	3	14.76
118	4733	4	25.75
3018	117	4	17.85
103	2087	6	11.27
106	7128	3	11.19
9	5323	3	14.41
122	921	4	10.2
937	106	8	11.49
137	117	17	7.46
16	1194	4	13.62
3634	6992	3	47.94
3099	610	3	29.86
230	1109	11	100.89
2797	276	3	23.44
105	5014	4	12.79
131	395	16	75.53
863	320	5	34.59
6126	278	3	32.1
104	5689	3	9.88
1164	101	11	12.36
2779	8	6	26.72
1699	147	5	29.59
172	168	5	7.47
1387	105	10	25.74
110	180	13	7.38
58	921	3	10.97
107	1530	6	10.56
294	102	26	15.52
141	122	14	7.97
434	9	13	22.91
696	188	3	11.65
738	3128	3	31.73
105	1567	7	11.52
5556	466	3	35.6
129	779	3	6.87
316	156	5	13.24
106	3314	3	7.03
1363	1011	4	44.23
12	3597	5	7.46
113	1239	4	9.46
3611	104	4	8.6
110	2724	3	8.76
155	12	85	17.15
8	85	117	72
335	107	14	7.77
243	313	3	8.8
170	1651	3	16.15
168	1259	3	13.89
8	285	13	13.09
123	7158	3	20.99
115	604	5	7.45
424	3845	4	45.96
5972	278	3	32.1
113	4120	3	13.54
6766	103	3	9.69
2064	125	3	10.88
993	1348	4	38.79
117	1804	3	8.83
6616	103	3	9.69
1850	123	3	9.9
102	143	63	7.98
839	127	4	10.71
4889	101	4	7.87
16	2	16	17.93
142	145	39	145.21
136	791	3	8
251	112	13	19.43
12	899	13	7.81
121	1199	5	17.68
3507	105	5	15.98
1947	117	3	8.83
1919	134	7	53.98
4240	327	3	28.14
117	957	4	8.87
4537	103	4	12.92
101	169	61	17.82
4393	278	4	42.88
1355	249	3	18.25
1791	276	3	20.33
108	1006	8	20.28
104	703	9	6.83
142	3065	3	17.36
9	1862	9	43.29
1636	521	3	23.65
373	183	3	8.09
1348	122	3	8.19
3080	774	5	65.41
85	5655	3	18.13
312	389	3	11.96
109	256	12	9.43
1081	102	8	7
1441	151	4	19.44
2945	102	5	8.48
107	7239	3	11.35
202	257	6	20.94
721	703	3	20.91
897	165	5	25.91
482	12	27	28.35
574	153	3	8.06
406	107	14	12.09
2957	2702	4	55.32
126	2963	5	30.82
12	443	25	14.58
142	724	4	12.62
103	1115	8	10.74
1030	126	3	8.68
547	810	3	20.7
153	1857	5	30.83
126	3047	3	13.53
440	180	4	13.98
368	162	5	15.26
2879	106	5	13.59
13	585	3	9.41
4958	101	4	7.87
1018	3177	5	68.68
132	591	4	9.89
285	4306	4	44.38
108	562	8	10.17
4295	1831	3	38.71
12	2680	6	8.95
104	6452	3	9.88
784	101	13	9
604	106	9	6.88
175	6730	3	27.91
101	3291	5	9.84
59	980	4	9.53
108	1119	5	8.11
124	793	15	94.52
3490	1527	3	35.72
2346	126	3	12.34
207	124	48	261.58
171	140	8	11.31
375	107	19	24.5
325	547	4	23.68
101	2007	7	8.68
1100	218	4	24.87
2963	126	5	30.82
188	174	5	9.43
661	12	17	8.22
3284	9	3	8.06
1051	213	3	15.01
121	7214	3	20.07
393	12	26	7.92
202	1282	7	52.18
115	2866	4	16.64
526	16	5	10.95
3554	102	5	13.28
4578	1329	3	37.28
5109	424	3	34.38
123	278	6	8.21
5054	314	3	32.63
102	4289	4	10.62
181	439	3	8.96
2007	955	3	29.08
896	132	3	8.09
116	3554	3	11.7
12	3700	5	7.46
797	2	3	9.02
128	1956	3	11.45
5690	1116	3	40.62
2453	103	6	14.08
115	1319	7	28.16
105	6813	3	9.59
842	295	3	16.26
118	973	4	9.25
1746	103	5	6.89
589	203	3	11.4
132	276	5	7.44
105	2526	5	8.51
1563	1401	3	29.57
101	990	11	8
107	719	8	8.01
1631	122	3	8.79
142	1081	5	23.05
118	2181	3	9.13
12	188	84	103.74
106	567	23	72.8
1577	111	4	10.07
108	3058	3	7.99
694	144	3	7.79
12	139	162	104.17
1050	547	8	81.26
336	827	3	17.04
108	1880	5	13.89
222	119	8	7.79
176	415	3	8.37
1121	104	7	7.68
1106	977	5	50.45
170	1892	3	17
8	547	8	9.33
233	224	15	82.1
102	2869	6	15.93
103	6757	3	9.69
104	3589	4	8.6
3972	118	4	25.75
544	101	17	8.35
1986	201	4	28.22
1115	278	3	18.14
16	363	5	7.64
105	3753	4	8.23
1752	106	7	17.27
1214	118	5	16.47
110	118	93	130.49
355	216	3	8.64
289	833	3	16.38
3088	105	4	8.23
173	200	7	19.43
4797	8	3	9.08
471	559	3	16.69
6228	106	3	11.19
12	635	22	25.91
358	169	3	6.69
414	155	4	10.78
608	1951	3	26.02
137	118	18	10.21
110	1566	5	14.62
283	1754	3	20.45
358	289	3	10.98
101	363	24	9.33
164	421	3	7.18
273	671	3	14.87
108	814	6	8.71
2067	104	7	17.46
9	1919	7	33.65
112	4147	3	13.27
118	520	5	8.11
312	275	3	9.86
456	303	5	26.55
2675	102	5	8.48
564	107	13	18.54
2766	1767	3	34.9
1375	12	10	9.5
281	301	3	9.72
373	222	3	9.4
106	4575	3	7.03
1010	317	3	17.9
12	2384	7	10.44
106	4455	3	11.19
104	6969	3	9.88
114	636	10	30.26
170	995	3	12.71
109	140	29	13.06
105	486	12	7.36
127	583	20	118.96
3994	9	3	10.1
109	213	13	6.89
2494	145	3	15.36
229	537	4	18.01
1167	105	7	7.15
782	117	4	7.45
5252	106	3	11.19
602	289	6	37.75
4378	414	3	29.7
112	1429	5	14.94
101	184	49	11.49
568	110	10	24.01
107	571	10	9.11
272	173	5	14.94
107	399	15	15.55
424	267	3	11.52
101	288	30	10.5
154	449	3	9.27
703	721	3	20.91
12	1659	8	6.94
106	2091	8	29.87
112	251	13	19.43
478	314	3	13.77
290	108	15	19.05
294	4775	3	27.61
5064	337	3	33.2
187	449	9	49.35
1304	1068	3	26.65
386	1166	3	19.7
3879	106	3	7.03
107	1237	6	8.03
804	101	14	12.24
5110	512	3	35.83
345	117	6	6.64
3987	105	4	12.79
113	1133	5	13.4
12	3508	5	7.46
1659	12	8	6.94
2564	387	6	68.22
204	329	3	7.97
12	3592	5	7.46
141	364	4	7.42
972	165	3	12.08
155	109	19	6.68
2470	85	4	14.91
559	12	21	12.32
243	208	4	10.01
110	4700	3	12.33
101	3867	4	7.87
102	4993	4	10.62
384	1302	12	139.57
875	1340	3	26.36
407	1036	5	38.8
1485	104	7	12.12
102	6926	3	7.96
105	3540	4	8.23
571	224	4	18.34
109	3215	3	8.84
171	256	4	8.59
2883	109	3	7.41
12	1214	11	10.81
1359	111	4	9.23
5180	124	3	21.98
130	1122	3	9.4
6086	104	3	9.88
310	401	3	12.16
160	326	45	471.59
138	727	3	7.23
262	1332	3	19.54
140	274	5	9.13
4059	101	4	7.87
115	110	62	28.54
4350	8	3	13.35
1308	103	11	29.11
141	1052	4	15.54
7309	419	3	34.38
9	442	12	19.17
1213	106	7	13.06
141	872	3	9.36
5423	108	3	14.33
651	187	3	11.37
4092	101	4	7.87
147	110	19	7.9
2879	105	5	11.03
180	143	6	7.29
396	330	5	27.24
105	998	11	19.6
1294	112	4	9.14
2820	114	4	16.7
3116	103	4	8.36
267	269	3	9.28
118	653	13	54.92
106	2966	4	7.96
303	1661	6	53.15
1064	1426	3	27.25
647	128	4	9.5
227	1581	3	18.52
314	121	9	17.86
122	12	181	8.45
101	738	13	9
538	172	3	9.41
113	2158	3	7.86
104	2943	6	19.76
106	102	480	18.19
441	113	6	7.68
108	4707	3	10.02
230	384	6	28.55
477	1580	3	22.99
143	158	7	7.46
3200	12	5	7.46
887	192	3	13.55
595	287	3	15.89
136	387	4	7.47
2376	629	3	29.68
104	4915	4	13.17
106	6561	3	11.19
12	273	43	25.77
103	1587	6	7.69
12	16	189	39.67
12	197	55	15.99
235	161	5	10.44
5687	103	3	9.69
2056	112	3	7.62
458	184	3	9.2
671	123	7	23.95
4411	114	3	13.7
1725	108	4	7.71
114	453	6	8.6
468	399	3	14.86
340	616	4	22.68
127	658	6	17.94
240	651	4	20.02
12	3078	5	7.46
104	6714	3	9.88
108	101	505	128.51
497	108	13	27.5
245	280	4	13.43
6179	108	3	14.33
5652	103	3	9.69
1376	2378	3	32.22
231	110	14	15.79
2659	1196	6	87.56
106	3993	3	7.03
244	233	3	6.82
106	3933	3	7.03
192	286	5	16.3
2939	117	3	10.92
3457	104	5	16.47
197	2455	3	19.66
894	102	10	9.08
8	2327	4	8.93
150	2965	5	36.58
59	2440	4	16.13
1269	116	4	10.59
840	749	3	23.02
166	170	5	7.11
382	9	9	8.29
145	997	3	10.16
304	373	3	11.28
106	1262	8	15.94
104	1204	11	29.8
1047	107	10	22.43
1083	130	3	8.9
210	728	5	28.44
102	4311	4	10.62
4939	102	4	10.62
315	12	39	25.67
610	287	4	21.27
209	424	4	15.26
122	4034	3	16.12
112	999	13	65.21
238	120	8	8.61
6449	123	3	20.99
194	101	61	48.58
4217	508	3	31.11
4503	106	3	7.03
4068	487	3	30.89
5017	105	4	12.79
109	3475	3	8.84
2558	833	4	42.49
106	517	17	31.31
167	2657	3	18.83
1262	106	8	15.94
108	3060	3	7.99
12	112	487	514.31
135	1160	4	15.16
4644	101	4	7.87
6706	120	3	19.79
984	117	4	8.87
3603	105	5	15.98
199	269	3	7.11
103	1484	10	32.32
199	337	3	8.21
2	679	3	8.11
2915	101	6	11.81
4040	101	4	7.87
101	888	12	11.42
3753	105	4	8.23
101	1100	9	7.03
104	368	39	120.07
104	436	29	73.11
156	1587	3	14.22
118	860	4	8.26
1710	115	3	7.2
108	215	14	7.4
157	197	5	8.67
891	425	4	28.29
5024	9	3	10.1
1101	111	4	7.84
402	140	5	12.57
101	4348	4	7.87
3262	12	5	7.46
407	1495	3	21.85
104	6442	3	9.88
1338	1011	3	28.3
121	3597	4	21.84
12	2730	6	8.95
1553	9	4	6.89
105	1097	13	41.6
150	1278	3	12.49
302	722	3	15.35
256	220	4	11.43
3315	1917	3	37.36
107	4320	3	7.18
147	153	13	27.06
1191	153	3	12.55
4209	124	4	29.32
180	12	90	112.4
1227	85	4	9.69
2165	1965	3	33.5
1292	101	9	7.03
130	408	5	10.19
106	314	17	13.24
213	1112	3	15.5
131	752	3	7.02
2141	103	8	25.85
2813	105	6	19.18
286	103	27	28.56
101	785	17	26.7
611	150	13	78.59
115	5965	3	18.05
143	402	4	8.69
111	219	10	6.98
234	4960	3	25.78
113	3509	3	11.41
104	5712	3	9.88
1259	168	3	13.89
1525	242	3	18.32
105	3511	4	8.23
171	110	21	22.82
3874	109	3	10.91
1789	104	7	14.38
5567	170	3	27.48
466	4650	3	31.11
3425	124	4	24.37
1280	107	6	8.03
115	153	16	9.88
140	85	18	7.83
1308	144	4	17.54
1196	85	10	60.56
221	296	3	8
115	256	10	11.77
839	122	10	46.12
309	151	4	7.57
453	121	5	8.22
381	310	4	18.17
101	1472	10	19.69
2568	122	3	12.43
466	170	3	8.92
5323	102	3	7.96
5180	848	3	38.83
464	5126	3	35.16
125	1053	3	7.27
376	418	4	21.06
103	7233	3	9.69
1176	381	5	40.44
138	302	6	12.27
531	155	4	12.8
770	136	3	8
187	4764	4	38.14
3813	106	3	7.03
686	145	5	18.84
2007	59	3	8.91
7	134	3	12.71
105	1144	7	7.15
222	446	3	10.93
629	1050	4	35.87
108	1673	4	7.71
106	3272	5	18.66
151	105	55	21.47
111	2407	4	13.61
2379	105	5	8.51
470	552	3	16.69
1343	108	4	6.8
627	106	9	7.52
354	134	6	13.86
997	105	9	11.3
1441	103	8	14.29
272	5063	3	31.97
114	619	14	54.86
6037	103	3	9.69
1388	112	11	64.93
118	105	141	49.94
124	1614	9	59.69
1312	108	5	9.89
169	282	4	9.45
156	1630	3	14.22
104	6748	3	9.88
2006	1729	3	32.63
107	352	14	9.19
107	504	11	9.68
424	121	5	7.15
352	107	14	9.19
120	1903	3	9.58
6992	3634	3	47.94
2400	425	3	25.03
251	272	4	13.97
6634	113	3	17.93
547	149	3	8.11
116	128	23	7.18
190	252	6	20.1
200	427	4	14.99
200	479	4	16.04
131	493	11	46.58
4102	4739	3	45.67
12	696	20	23.11
142	415	6	17.82
1050	889	3	25.14
537	170	3	9.35
4841	126	4	28.92
3440	103	4	8.36
479	136	8	29.88
3419	101	4	7.87
395	131	16	75.53
1108	118	6	21.27
108	769	6	8.07
103	5302	3	9.69
5102	267	3	31.5
559	471	3	16.69
138	421	4	7.87
161	118	17	20.2
335	571	4	21.97
408	390	6	36.33
12	3236	5	7.46
139	649	3	6.83
5400	4021	3	50.17
182	223	6	17.16
141	200	11	26.85
1540	112	4	10.74
103	2443	6	14.08
151	503	3	6.9
111	4400	3	12.73
1414	961	4	39.43
3483	900	3	32.93
6087	102	3	7.96
120	938	5	14.66
105	3710	5	15.98
535	107	11	11.13
4963	102	4	10.62
355	12	30	11.24
159	252	4	7.44
124	2753	5	31.31
3211	1926	5	75.42
129	2334	3	13
3188	9	4	14.4
264	128	6	8.3
2455	197	3	19.66
118	4142	3	14.89
111	984	4	6.73
1476	262	3	20.2
1081	129	3	8.8
1405	131	4	16.42
554	168	3	9.09
106	2574	4	7.96
317	302	4	15.91
132	1068	3	8.9
3521	103	5	16.15
117	926	4	8.87
4393	102	4	10.62
107	473	11	9.03
200	301	3	7.29
110	1280	4	8.01
101	254	31	6.79
1688	122	7	38.63
3255	109	4	15.48
3039	1115	3	32.31
3479	107	4	10.46
1426	12	10	9.5
1919	9	7	33.65
142	229	7	13.12
9	5599	3	14.41
107	1243	7	11.83
101	1525	8	7.61
110	520	26	137.2
1181	1004	3	26.65
648	1343	4	36.7
254	224	5	16.92
112	115	41	8.14
4263	107	3	7.18
172	532	8	41.39
9	2278	3	6.66
5972	102	3	7.96
326	154	45	454.18
1513	101	8	7.61
2832	103	5	11.19
604	780	3	21.62
127	1203	3	8.4
658	117	11	40.24
5060	417	3	34.38
930	2215	4	44.28
665	136	3	7.12
6752	105	3	9.59
2671	106	4	7.96
59	483	6	10.55
192	1019	3	14.42
151	217	6	11.19
59	6490	3	19.07
167	2008	3	16.61
101	4092	4	7.87
7183	103	3	9.69
3676	117	5	31.66
155	531	4	12.8
341	108	12	12.43
105	1429	9	19.26
3998	3914	4	70.59
102	2847	5	8.48
294	129	6	10.43
434	191	3	9.34
362	148	4	8.44
141	321	5	10.85
121	4981	3	15.64
115	2172	3	7.97
107	1445	5	6.69
794	158	4	16.77
940	104	11	20.56
242	1525	3	18.32
2551	3701	3	38.38
103	636	15	22.32
1733	2239	4	48.67
172	126	10	11.84
284	104	40	81.19
228	115	9	7.78
2815	102	5	8.48
2435	12	7	10.44
6126	102	3	7.96
135	956	4	13.9
154	160	45	349.92
278	113	13	24.9
386	170	3	7.2
1669	12	8	6.94
154	9	42	89.98
105	4987	4	12.79
122	1038	4	11.95
200	346	4	13.28
313	104	18	9.72
126	2314	4	19.53
229	208	4	9.46
136	929	3	9.09
103	2118	7	17.03
295	357	3	10.87
2165	1331	3	31.87
313	299	4	16.08
229	328	3	8.63
127	282	6	8.43
5123	616	3	36.86
2523	101	7	13.78
105	207	52	83.04
3348	105	4	8.23
170	764	3	11.23
108	648	7	9.42
644	408	5	33.82
118	474	5	7.19
2138	8	4	7.63
2660	101	6	11.81
152	519	3	7.35
106	4416	3	7.03
146	184	7	11.42
928	108	6	11.09
136	417	4	8.07
163	289	5	13.16
1714	358	4	32.05
12	239	57	50.09
12	155	85	17.15
113	4479	4	23.92
1378	118	7	31.01
116	971	4	8
12	110	459	193
103	1605	8	16.73
3323	110	3	10.22
1174	125	3	8.21
109	4192	3	15.24
101	1089	10	8.45
117	106	91	11.05
860	191	4	20.09
101	917	12	9.37
187	1888	4	27.12
1446	108	4	6.8
127	2468	3	12.05
1946	103	6	11.27
959	117	4	8.87
1997	111	3	7.12
3146	16	3	16.87
353	104	15	6.69
12	3056	5	7.46
245	107	29	35.09
106	4806	3	7.03
132	12	176	102.94
267	424	3	11.52
157	256	4	7.5
104	353	15	6.69
346	3822	4	44.38
105	761	18	50.25
226	111	10	6.98
318	142	7	18.36
542	146	3	7.31
1572	9	4	6.89
105	6844	3	9.59
110	3273	4	17.39
330	1063	3	18.45
384	661	4	24.73
991	102	11	14.29
106	4111	3	7.03
1809	850	3	27.79
685	119	4	7.06
9	12	560	82.02
315	222	3	8.34
102	2158	6	8.17
150	344	9	33.09
8	905	5	6.76
123	102	117	21.33
1230	102	7	6.63
2980	12	6	8.95
924	144	3	9.79
2127	12	8	11.93
2072	106	5	9.09
103	6281	3	9.69
4748	106	3	7.03
9	5038	4	19.22
9	2908	4	11.96
166	260	44	356.21
851	147	8	43.84
337	863	9	79.19
1862	8	9	40.09
1806	118	3	8.34
4458	101	4	7.87
3421	105	4	8.23
110	653	8	17.52
5073	108	3	14.33
911	106	8	10.38
412	152	4	10.25
2531	201	4	29.73
1452	799	3	26.25
2251	110	3	7.65
104	5743	3	9.88
320	1109	13	143.99
5145	291	3	31.97
214	644	3	12.23
187	863	5	28.04
3758	114	3	11.57
2131	103	7	17.03
321	5123	3	33.2
187	999	15	145.06
102	617	12	6.8
966	402	6	48.81
325	460	3	14.01
594	229	3	13.97
2588	109	3	7.41
106	5772	3	11.19
101	3280	4	7.87
2738	109	3	7.41
119	1209	4	11.54
167	121	14	16.72
2839	2113	6	92.02
5118	340	3	32.77
108	389	16	30.01
3131	167	3	20.4
848	124	3	6.86
2659	140	6	48.27
3131	12	5	7.46
119	599	5	10.94
2991	107	4	8.15
8	2102	4	7.63
109	6808	3	15.24
501	278	7	44.19
112	2015	3	7.62
277	274	6	27.78
938	120	5	14.66
2077	101	7	8.68
189	180	4	6.71
3811	108	4	19.11
111	1577	4	10.07
189	117	22	47.66
5080	200	3	29.16
114	2903	4	16.7
426	178	10	54.12
437	1137	4	30.22
3562	6272	3	47.94
308	821	4	24.62
4455	106	3	11.19
328	280	3	10.34
101	2596	4	7.87
102	5323	3	7.96
118	704	7	21.07
104	325	18	14.48
12	2816	6	8.95
118	6863	3	19.3
118	855	4	8.26
651	1537	3	24.95
9	1233	4	7.8
1852	59	3	8.12
108	478	10	14.78
1648	108	5	12.3
195	103	32	15.96
1245	102	8	10.2
286	192	5	16.3
101	818	16	24.84
364	440	3	13.81
283	1367	4	28.19
8	3167	3	7.08
529	151	3	7.1
106	121	84	16.94
3249	12	5	7.46
320	1651	5	42.05
319	268	3	9.88
4662	447	3	30.26
358	1694	3	22.66
2202	116	3	9.07
101	1947	7	8.68
107	1871	5	7.87
4108	1917	3	39.59
1008	144	3	10.22
5063	346	3	33.2
145	669	4	13.17
111	313	14	27.29
266	431	6	32.08
108	4017	3	14.33
338	353	3	11.75
248	181	10	41.75
103	482	21	37.32
304	12	41	27.94
321	106	18	18.76
115	112	41	8.14
293	131	5	8
604	173	3	10.22
4546	106	3	7.03
1493	419	3	22.2
209	337	3	8.64
1380	1024	3	27.25
142	3332	3	17.36
4772	101	4	7.87
2337	117	3	9.77
198	134	6	6.76
306	125	7	12.01
162	103	37	8.74
192	412	7	33.35
108	1314	6	14.48
6036	1498	3	42.45
102	4305	3	7.96
493	642	3	17.95
1338	1922	3	33.47
5115	513	3	35.83
629	207	5	29.41
244	180	5	13.15
5738	106	3	11.19
103	2986	6	19.38
280	249	3	8.77
9	260	37	110.74
213	268	4	11.46
217	319	3	8.27
427	5080	3	34.56
177	102	43	19.39
1173	102	8	7
213	192	4	8.25
2922	12	6	8.95
177	161	5	7.88
313	2044	5	43.82
893	958	3	24.25
166	12	103	99.85
2185	107	5	11.2
122	477	8	21.55
101	1006	11	9.91
4425	4650	3	45.67
860	220	3	14.16
358	602	4	22.9
271	209	3	7.32
17	565	3	9.32
106	551	19	43.11
130	181	9	12.88
7371	104	3	9.88
3351	12	5	7.46
12	256	49	34.76
112	1732	3	6.85
5123	321	3	33.2
119	120	29	13.3
2289	106	5	10.96
402	171	14	82.79
199	5082	3	29.08
970	101	11	8
533	152	3	7.35
1897	101	7	8.68
157	110	27	33.64
2802	105	6	19.18
3193	311	3	25.91
108	2580	4	11.86
313	147	4	7.54
602	499	6	45.01
2140	118	3	9.13
4725	105	4	12.79
1344	8	7	17.66
164	428	3	7.35
107	341	15	10.33
114	2186	3	8.94
4393	397	4	47.94
164	548	3	8.7
154	207	44	340.14
1472	101	10	19.69
1302	104	9	17.44
108	735	11	29.91
3694	111	3	10.62
219	190	7	23.5
2625	2617	3	38.04
2483	102	7	18.59
4573	916	3	34.73
105	160	52	81.21
4425	170	3	23
101	4772	4	7.87
384	240	3	10.2
102	6088	3	7.96
420	259	3	11.31
119	685	4	7.06
105	236	26	12.22
240	272	3	8.33
147	993	3	10.41
156	712	4	15.87
9	770	7	11.67
362	107	14	9.71
1033	9	7	15.57
197	294	3	7.29
207	4209	4	39.25
101	4001	4	7.87
1607	135	3	11.19
2017	2661	3	35.77
2526	505	4	38.39
7203	107	3	11.35
1022	109	7	17.33
1917	889	3	29.08
165	2702	5	39.4
4334	111	4	22.82
785	101	17	26.7
594	4351	3	33.95
3972	105	4	12.79
103	695	10	10.01
112	449	9	18.09
5972	397	3	35.83
7069	110	3	16.7
101	1119	10	8.45
171	966	3	12.66
105	3672	4	8.23
110	105	184	33.31
1062	571	4	31.9
275	108	22	39.42
123	2619	3	12.85
1617	233	7	58.65
109	3954	4	20.33
187	251	48	431.98
858	105	16	44.06
1976	105	6	11.09
12	1738	9	13.43
418	1109	4	30.22
121	421	5	7.15
107	1155	8	14.6
2436	112	3	8.53
4973	110	3	12.33
16	17	15	22.83
1352	105	8	14.05
1180	108	6	14.48
3954	1153	3	36.13
1280	4608	3	36.68
159	433	4	11.7
337	251	6	28.46
111	2553	3	8.02
2779	2839	6	101.02
121	4829	3	15.64
124	104	84	26.21
260	154	44	385.23
150	1060	3	11.39
165	2957	4	28.2
299	263	3	9.5
5078	107	3	11.35
1240	213	3	16.03
373	12	38	48.8
2228	199	3	19.58
103	3440	4	8.36
455	645	3	17.54
104	719	18	51.97
102	5833	3	7.96
107	4748	3	7.18
1166	866	3	25.21
739	12	16	11.16
274	277	6	27.78
853	219	3	14.33
136	655	3	6.85
363	334	4	18.65
106	626	10	10.21
602	101	16	8.43
2314	147	3	15.62
2091	127	3	11.08
163	953	4	18.38
103	1763	5	6.89
1004	108	5	7.37
101	237	42	19.82
424	314	3	12.59
791	802	3	22.27
761	155	4	15.69
122	804	4	9.26
101	17	59	7.39
200	141	11	26.85
101	108	505	128.51
1246	119	3	6.84
201	3040	4	31.64
126	984	3	7.32
9	2113	6	20.22
120	3537	3	13.21
105	104	517	60.45
956	3456	4	48.19
240	199	5	14.4
384	12	25	7.14
101	2714	6	11.81
119	622	4	6.72
101	4889	4	7.87
105	6426	3	9.59
8	1255	10	34.2
2053	147	3	14.63
926	114	4	7.84
2484	101	6	7
116	555	6	10.37
173	141	8	12
517	168	3	8.87
148	108	29	13.15
6814	105	3	9.59
1185	8	5	8.47
102	1153	8	7
264	105	22	11.26
4201	101	4	7.87
121	108	86	73.32
863	187	5	28.04
290	376	3	11.83
320	230	33	295.45
662	136	3	7.12
331	114	8	10.5
334	1602	3	20.89
123	4475	3	16.55
107	1473	5	6.69
110	235	18	29.24
129	1081	3	8.8
106	3542	3	7.03
103	4650	4	12.92
4094	109	3	10.91
711	121	5	13.13
1629	121	5	19.97
156	783	9	54.5
1048	429	3	20.27
407	715	5	35.18
161	252	5	11.45
127	1461	3	9.56
161	151	16	44.52
269	199	3	7.11
1523	121	3	8.35
3585	12	5	7.46
5681	9	3	14.41
113	1115	5	13.4
232	188	4	8.79
124	160	68	461.49
789	107	7	6.73
151	128	11	8.67
124	9	55	36.52
191	140	8	14.3
168	1202	3	13.89
105	1188	7	8.34
6714	104	3	9.88
630	161	3	9.27
438	112	9	16.98
116	1579	3	6.7
3691	343	3	26.19
12	1741	8	6.94
112	265	28	92.7
768	136	3	8.34
3708	101	5	9.84
110	568	10	24.01
278	1153	10	94.53
345	103	32	61.98
58	619	3	8.78
381	267	3	11.02
102	6398	3	7.96
118	2998	3	11.23
106	689	8	6.98
121	1330	3	7.75
1109	1388	11	160.7
6490	59	3	19.07
1498	1228	3	29.57
2005	851	6	69.95
104	4538	4	13.17
163	890	3	11.48
278	392	3	12.27
101	242	52	52.09
109	2940	3	8.84
637	992	3	21.89
122	6958	3	20.55
114	2506	3	8.94
118	193	10	9.49
12	2190	7	10.44
1361	104	6	6.74
109	126	37	10.64
4739	4102	3	45.67
1584	12	9	8.21
127	445	5	9.46
1496	199	4	26.54
7263	115	3	18.05
314	310	4	16.59
143	371	4	7.91
297	16	7	11.79
189	192	4	7.4
938	130	4	13.09
251	667	3	14.23
521	1636	3	23.65
2289	349	3	23.67
2606	118	3	11.23
927	101	11	8
1635	105	8	16.48
123	1222	7	33.07
12	2803	6	8.95
118	639	5	9.57
1302	999	6	64.2
169	721	4	16.84
5875	103	3	9.69
2150	101	7	8.68
1294	101	10	10.74
12	2759	6	8.95
123	6665	3	20.99
962	101	12	11.42
5745	106	3	11.19
8	668	7	7.63
209	334	3	8.5
293	267	3	9.51
119	1309	5	17
3242	101	5	9.84
225	1951	3	19.56
14	175	97	7.45
450	108	13	23.49
378	123	5	7.43
695	242	4	21.29
113	1695	3	7.09
9	460	8	7.41
227	296	3	7.84
102	645	12	7.71
283	107	29	47.5
2816	9	3	6.66
227	121	8	8.26
3375	12	5	7.46
5368	104	3	9.88
207	12	54	17.5
218	615	3	13.63
737	229	4	20.68
125	472	6	14.18
767	479	6	47.81
104	5747	3	9.88
737	115	5	9.61
2065	111	3	7.12
851	160	4	20.78
5250	104	3	9.88
135	436	5	11.67
387	925	3	19.37
180	1215	3	14.83
4346	3039	3	41.85
259	143	5	8.7
321	417	3	13.15
473	363	4	21.7
209	377	4	14.37
128	605	4	8.48
9	58	33	29.72
3276	106	4	10.26
9	203	29	45.44
3648	105	4	8.23
3840	464	4	47.03
542	311	3	14.72
119	180	10	8.47
282	125	8	14.79
1166	103	10	19.6
150	1563	3	13.13
119	117	32	13.5
201	2531	4	29.73
126	432	5	9.61
106	2671	4	7.96
317	917	3	17.03
157	101	68	16.35
2556	105	7	22.38
372	1863	3	22.1
105	4457	4	12.79
324	186	4	12.18
462	504	3	16.03
105	2455	5	8.51
296	12	33	7.01
107	708	8	7.28
130	122	16	7.14
994	542	3	21.62
125	1592	3	9.37
1092	107	5	7.87
3048	12	6	8.95
4554	761	3	33.6
199	240	5	14.4
9	3894	3	10.1
257	643	3	13.84
116	1011	4	9.83
12	259	54	66.13
141	3219	4	26.95
2543	2046	3	34.53
1070	722	3	23.25
5080	427	3	34.56
136	401	4	7.87
2786	719	4	43.4
12	319	35	17.45
267	495	3	12.91
118	945	5	13.91
301	231	3	8.11
865	102	10	10.54
1417	124	8	46.02
787	128	3	6.68
114	424	7	10.4
999	418	4	28.88
107	2521	5	11.2
460	2056	3	24.4
106	451	12	9.81
2976	246	3	22.46
12	304	41	27.94
3857	8	3	9.08
7264	105	3	9.59
2338	101	6	7
313	746	3	16.4
12	101	1976	69.46
307	145	9	29.59
432	1955	3	24.01
595	141	4	13.37
2	797	3	9.02
12	168	108	152.22
142	941	3	9.45
2601	3914	4	62.95
212	249	3	6.66
101	982	12	11.42
499	2003	3	26.06
1003	101	11	9.91
105	4540	4	12.79
3344	103	4	8.36
1831	105	9	28.79
109	4393	4	20.33
117	103	108	8.09
238	106	21	11.44
125	101	171	52.71
1181	101	10	10.74
103	185	56	82.16
106	7366	3	11.19
12	1440	10	9.5
418	230	4	16.28
1002	136	4	15.17
7187	105	3	9.59
505	8	10	12.83
2085	101	8	15.75
85	134	23	12.16
2925	1160	3	32.31
144	103	50	8.13
115	2682	3	10.04
4846	1400	4	56.17
437	228	5	23.17
120	412	12	36.9
102	1055	14	37.21
102	987	10	10.54
280	245	4	13.43
124	1016	3	8
588	254	3	13.57
1944	798	3	28.25
657	133	5	15.83
262	1465	4	29.82
1601	104	6	8.01
138	947	3	9.35
109	1814	4	8.78
259	12	54	66.13
108	1298	8	25.94
156	425	21	144.01
234	111	13	15.06
1817	133	4	18.79
1992	107	5	9.32
1021	12	13	13.48
8	663	10	16.97
150	384	5	13.88
3425	109	4	15.48
110	2363	4	13.09
2384	12	7	10.44
140	12	119	24.14
995	155	4	17.75
228	881	3	15.17
412	141	5	12.6
661	187	14	106.49
4229	989	3	35.16
547	2056	4	38.26
438	635	17	178.69
758	127	14	78.67
102	6741	3	7.96
134	998	3	8.58
207	260	44	403.74
385	276	4	17.14
113	4211	4	23.92
136	106	48	10.89
104	5140	3	9.88
1782	118	4	13.79
12	559	21	12.32
602	833	3	20.8
200	668	3	12.21
512	381	4	22.74
109	2518	4	11.26
667	251	3	14.23
364	528	3	14.85
6974	106	3	11.19
149	110	38	58.27
1693	105	7	13.75
104	6304	3	9.88
1609	9	4	6.89
988	12	12	6.75
132	411	4	7.12
1779	183	3	17.28
368	133	27	161.94
440	151	4	10.37
4209	109	4	20.33
891	156	5	24.25
552	172	4	14.87
1227	12	10	6.68
101	2445	7	13.78
605	9	7	7.89
4878	111	3	12.73
114	12	288	26.02
170	466	3	8.92
262	441	3	12.7
101	2549	6	7
105	2756	6	19.18
4501	104	3	9.88
105	4931	4	12.79
101	317	27	7.77
131	292	16	61.73
2422	102	6	10.81
435	156	4	11.64
853	130	3	7.29
12	856	14	8.9
142	218	6	9.64
825	1466	3	27.03
117	2145	3	8.83
122	2639	6	41.15
5117	361	3	33.36
102	5721	3	7.96
109	114	55	6.96
200	3057	5	48.73
147	851	8	43.84
132	1071	3	8.9
383	679	4	24.9
1499	131	3	10.98
169	105	43	23.02
2652	101	4	7.87
7363	103	3	9.69
243	217	4	10.59
6014	103	3	9.69
124	207	48	261.58
8	2954	4	10.62
101	1590	8	7.61
8	3074	3	7.08
1153	109	5	9.4
391	511	4	22.74
1661	303	6	53.15
444	2225	3	25.22
104	3299	4	8.6
3061	104	5	16.47
607	181	4	16.58
112	119	37	12.83
109	5972	3	15.24
16	394	8	20.43
102	6486	3	7.96
187	104	49	59.02
794	102	10	6.75
109	4122	3	10.91
110	151	53	114.98
101	1163	10	8.45
3000	113	5	24.6
411	12	33	36.55
3721	225	3	23.37
104	5593	3	9.88
351	2059	3	22.51
166	661	3	9.87
153	183	5	7.1
4016	104	3	9.88
1694	1594	3	31.87
120	2290	3	10.53
982	105	11	19.6
128	264	6	8.3
161	235	5	10.44
139	846	4	13.45
141	214	11	27.94
7326	106	3	11.19
2693	110	3	8.76
2169	105	8	25.59
843	1323	3	25.96
102	4014	4	10.62
114	7197	3	18.1
105	264	22	11.26
384	320	12	86.93
133	458	5	12.39
102	6036	3	7.96
2092	614	4	39.42
1795	106	9	33.61
105	147	49	11.28
278	3039	3	23.81
420	110	10	17.6
118	433	6	9.55
113	258	11	15.01
1302	251	12	125.8
146	171	6	6.72
146	123	21	30.94
215	108	14	7.4
2616	181	6	56.93
154	104	74	174.55
110	1599	4	9.57
2561	12	7	10.44
181	5558	3	28.36
303	1434	4	28.52
461	102	29	63.58
2	113	18	9.46
847	12	16	23.88
1455	231	3	17.95
136	1002	4	15.17
145	1340	5	26.41
103	2131	7	17.03
5556	105	3	9.59
2079	8	5	12.36
191	171	22	109.83
1182	108	6	13.19
107	6100	3	11.35
322	370	3	13.09
306	601	3	14.59
104	2076	7	17.46
3717	106	5	18.66
675	552	7	58.73
204	173	9	30.19
2098	108	4	8.79
278	1115	3	18.14
213	866	3	14.14
345	192	7	30.2
7270	102	3	7.96
112	104	152	29.28
103	7092	3	9.69
4551	172	3	23.06
1833	102	7	10.29
326	124	45	337.31
116	1545	3	6.7
394	12	35	44.46
118	3671	4	20.83
977	1106	5	50.45
118	3874	3	14.89
103	7168	3	9.69
133	2999	4	23.39
597	1488	3	24.4
117	984	4	8.87
715	407	5	35.18
131	165	17	38.23
3240	211	3	22.7
101	188	56	26.11
4393	116	3	13.84
173	375	3	7.44
173	427	3	8.37
142	299	11	37.7
130	1083	3	8.9
1495	407	3	21.85
121	1300	3	7.22
116	342	7	7.9
116	133	19	6.74
746	102	11	9.47
710	170	3	10.92
251	199	4	10.42
116	190	10	7.09
363	12	28	9.54
475	130	4	7.64
330	178	3	7.01
168	508	3	8.66
133	276	8	19.2
802	791	3	22.27
760	131	4	11.64
485	103	21	37.32
195	637	3	11.44
1302	449	3	21.51
4281	175	3	23.43
348	101	40	64.73
653	110	8	17.52
240	108	24	38.01
138	1254	3	10.32
312	291	3	10.2
101	4923	4	7.87
146	14	163	6.91
1692	106	9	33.61
152	533	3	7.35
118	568	6	12.64
3455	125	3	14.56
126	1030	3	8.68
866	386	3	18.33
291	293	3	9.95
106	4218	3	7.03
137	193	7	10.28
3954	109	4	20.33
1741	12	8	6.94
136	1047	3	9.52
106	914	14	40.94
756	197	3	12.83
2502	102	6	10.81
884	104	11	18.51
2964	126	4	21.39
102	6685	3	7.96
85	776	7	20.3
1473	156	3	14.22
2158	113	3	7.86
115	2294	4	14.82
134	9	32	7.71
289	602	6	37.75
101	1365	10	19.69
142	1188	5	24.04
1627	116	3	6.7
106	1787	6	11.95
313	1502	4	30
376	107	13	9.09
3039	113	3	9.92
121	275	7	8.79
178	366	3	7.55
104	3553	4	8.6
2445	1272	3	31.62
2529	1279	3	34.14
3078	118	3	12.74
449	112	9	18.09
387	587	4	23.75
233	127	12	25.96
774	3080	5	65.41
428	426	3	14.64
510	274	7	43.6
210	152	7	16.9
1309	8	5	7.55
12	3351	5	7.46
4021	5400	3	50.17
151	568	3	7.53
103	4468	4	12.92
112	2707	3	9.67
398	103	19	20.26
218	1100	4	24.87
189	1263	4	23.09
135	462	5	12.27
6808	397	3	35.83
2196	1922	4	53.39
949	101	11	8
578	910	3	20.94
1849	171	3	16.09
103	216	68	182.32
325	269	4	17.24
122	1348	3	8.19
85	262	9	12.32
110	639	7	12.76
636	114	10	30.26
1284	101	12	23.63
4147	103	4	12.92
171	559	3	9.3
3477	105	4	8.23
1614	124	9	59.69
560	109	7	8.41
5774	102	3	7.96
3388	12	5	7.46
9	85	121	111.33
156	12	76	7.94
1743	119	3	8.65
9	285	11	10.89
139	256	18	72.64
416	342	4	19.83
2784	109	3	7.41
1529	9	4	6.89
1011	1726	3	29.73
353	6440	3	33.2
12	2922	6	8.95
126	398	5	9.09
106	2813	4	7.96
185	243	4	9.22
664	119	4	6.72
117	2992	3	10.92
102	5649	3	7.96
8	1862	9	40.09
1493	1550	3	30.24
787	151	4	15.49
127	758	14	78.67
12	169	100	111.71
108	5125	3	14.33
1155	110	4	7.37
163	110	16	8.18
118	2286	3	10.07
104	2840	6	19.76
136	367	7	19.82
314	535	3	14.22
548	164	3	8.7
120	1199	4	11.72
101	899	15	23
107	6933	3	11.35
364	141	4	7.42
8	3457	3	7.08
314	451	3	13.15
482	393	3	14.73
103	1166	10	19.6
688	127	6	18.54
800	105	9	8.88
4817	101	4	7.87
145	2058	3	14.37
208	1646	3	17.13
12	374	27	8.72
104	5014	4	13.17
2321	101	7	13.78
574	17	3	8.83
518	171	3	9.08
6902	103	3	9.69
149	112	16	7.18
3490	108	3	7.99
518	123	4	6.75
1496	108	5	12.3
5983	1370	3	41.78
8	5323	3	13.35
104	6379	3	9.88
169	627	4	15.66
106	2950	4	10.26
103	4086	3	9.69
654	202	3	11.92
12	2733	6	8.95
3235	12	5	7.46
1151	107	7	10.51
4915	102	4	10.62
837	9	6	8.84
108	511	9	12.12
1266	12	11	10.81
1760	9	8	32.38
1666	1461	4	44.77
119	461	5	7.36
396	218	3	10.28
552	165	3	8.74
2570	9	3	6.66
1122	107	6	8.03
140	122	13	6.66
2089	121	3	9.84
203	387	4	14.08
160	298	3	7.43
145	644	16	107.93
2907	101	6	11.81
1215	180	3	14.83
102	6822	3	7.96
177	451	5	20.55
101	1976	8	15.75
6730	175	3	27.91
289	499	3	13.26
1163	101	10	8.45
4636	101	4	7.87
321	5105	3	33.2
1483	341	3	20.75
1539	171	4	23.27
249	157	4	7.5
106	3825	3	7.03
162	180	6	11.06
14	103	1941	11.6
108	1180	6	14.48
3722	109	3	8.84
3797	104	4	8.6
1008	130	7	33.46
105	3603	5	15.98
103	560	25	72.91
178	843	3	12.45
6808	102	3	7.96
139	2851	3	15.41
107	1092	5	7.87
608	1120	5	44.15
4346	1115	3	36.13
102	1930	7	13.18
5108	340	3	32.77
142	654	3	7.19
501	104	12	8.14
277	12	40	22.57
12	525	21	10.45
1194	774	3	25.35
660	139	10	49.19
101	2411	6	7
705	118	4	7.03
605	194	3	11.25
3656	59	3	12.51
101	2531	6	7
101	4585	4	7.87
126	162	10	9.79
2075	101	7	8.68
108	564	12	25.29
3825	108	3	10.02
1852	105	9	28.79
3710	105	5	15.98
311	289	4	16.26
12	2886	6	8.95
108	360	17	31.26
1237	106	6	7.78
712	1237	4	35.78
486	105	12	7.36
957	117	4	8.87
658	1791	3	25.71
133	992	3	8.69
105	6815	3	9.59
105	6739	3	9.59
425	2400	3	25.03
1082	145	5	24.31
2966	106	4	7.96
9	1553	4	6.89
141	1960	3	14.51
108	307	12	10.32
104	448	26	57.51
174	373	3	7.17
117	344	20	71.03
3743	2237	3	38.38
296	122	6	7.34
143	102	63	7.98
1974	107	6	14.37
120	1147	4	11.02
131	981	3	8.41
552	2702	3	27.77
163	256	4	7.67
3811	391	4	45.24
103	1441	8	14.29
167	2813	4	28.56
785	1898	3	27.88
108	5078	3	14.33
118	2363	3	10.07
1298	121	5	18.75
12	137	130	28
163	153	6	7.13
105	3348	4	8.23
3803	126	3	15.06
109	5556	3	15.24
1904	122	3	11.25
1681	174	3	16.26
7271	104	3	9.88
108	3743	3	7.99
103	12	1137	92.99
691	119	8	25.56
641	724	6	50.85
636	3000	4	41.71
105	2010	6	11.09
161	707	3	10.1
6590	106	3	11.19
346	5063	3	33.2
129	6607	3	22.36
126	1323	3	9.23
560	152	3	7.56
118	1786	6	27.44
2002	101	7	8.68
139	110	29	18.65
392	1100	4	30.98
108	5226	3	14.33
218	363	3	9.31
118	3974	3	14.89
2058	164	3	16.3
172	14	103	7.92
275	291	3	9.39
102	6580	3	7.96
535	314	3	14.22
1366	101	10	13.92
331	108	21	45.26
2964	184	3	20.17
210	109	16	16.91
182	199	5	11.47
294	247	3	8.99
141	292	16	67.21
1888	272	8	86.12
101	4059	4	7.87
102	4725	4	10.62
1579	116	3	6.7
2013	109	6	21.83
150	611	13	78.59
59	1486	3	7.45
2625	2631	6	101.02
124	1306	3	8.95
327	299	3	10.44
108	665	7	9.42
479	181	7	34.81
2166	104	7	17.46
104	956	11	20.56
126	7022	3	21.68
1236	583	3	22.87
1533	12	10	14.92
312	272	3	10.2
617	181	10	64.07
113	3039	3	9.92
285	8	13	13.09
1909	108	4	8.79
104	2166	7	17.46
173	271	5	14.57
148	288	5	10.57
2525	101	6	7
3775	103	5	16.15
424	451	4	22.28
1302	4764	3	36.68
4931	105	4	12.79
183	159	7	15.4
1593	117	7	32.4
116	173	13	10.94
173	392	3	8.37
130	1008	7	33.46
1550	101	9	12.15
131	141	15	18.06
1263	105	12	38.4
1175	141	4	16.94
164	108	20	7.26
133	2984	3	15
1352	1382	4	42.72
107	404	15	15.55
108	1004	5	7.37
1082	1081	4	38.51
104	6784	3	9.88
1151	719	4	35.01
199	2216	3	19.58
2670	102	5	8.48
281	109	11	9.31
569	107	15	26.45
106	2464	5	10.96
1416	12	10	9.5
2046	357	3	22.66
1831	4295	3	38.71
2657	167	3	18.83
1196	1919	7	103.48
1476	116	3	6.7
140	1919	7	56.36
719	107	8	8.01
421	1122	3	20.94
872	5542	3	39.66
260	124	46	292.88
9	889	6	10.35
1530	107	6	10.56
112	3131	3	11.15
294	556	4	21.09
12	3655	5	7.46
140	850	3	9.11
115	754	6	15.97
127	1236	3	8.4
1756	12	9	13.43
191	139	7	10.01
337	5064	3	33.2
178	330	3	7.01
251	1388	11	115.1
108	3490	3	7.99
629	2376	3	29.68
561	269	3	13.83
110	6492	3	16.7
137	1247	3	10.46
165	276	6	17.62
1562	101	8	7.61
170	537	3	9.35
414	4378	3	29.7
508	168	3	8.66
105	876	7	7.15
3312	108	4	14.3
220	105	27	11.95
101	4586	4	7.87
458	361	3	13.85
102	5302	3	7.96
114	276	16	36.27
108	497	13	27.5
5112	587	3	36.58
2334	129	3	13
167	147	6	6.72
239	166	44	335.01
876	105	7	7.15
104	278	18	8.14
107	1081	8	14.6
364	359	3	12.47
117	534	7	15.16
12	380	37	47.35
1754	283	3	20.45
716	142	3	7.73
277	109	12	12.16
2216	199	3	19.58
3541	12	5	7.46
167	3131	3	20.4
487	16	5	10.28
171	202	5	10.02
101	1898	7	8.68
2984	133	3	15
110	7069	3	16.7
3259	119	3	13.07
6969	104	3	9.88
2724	12	6	8.95
361	5117	3	33.36
110	1060	4	7.37
990	719	4	33.67
112	763	6	13.06
4685	115	3	13.65
111	190	13	10.73
356	12	39	50.24
12	1149	11	7.82
536	107	14	21.07
276	335	8	44.03
545	112	6	9.42
581	58	3	8.78
3345	108	3	7.99
137	3502	3	16.96
327	1688	3	21.22
1021	336	12	122.36
9	392	8	6.63
6808	2975	3	46.35
2002	358	3	22.66
118	2047	3	9.13
1733	101	9	17.72
162	118	16	17.89
1057	123	3	7.11
2235	799	3	28.9
3270	201	3	22.7
149	3954	4	33.81
4161	118	4	25.75
1804	117	3	8.83
408	1055	3	19.72
2225	444	3	25.22
769	337	3	17.1
915	200	3	14.33
178	2378	3	18.55
3576	103	5	16.15
532	110	6	7.48
2121	109	4	9.89
105	5414	3	9.59
3134	104	4	8.6
489	905	5	42.06
393	111	8	10.47
110	729	5	7.72
85	9	121	111.33
120	6706	3	19.79
1173	119	7	28.42
217	139	6	8.56
708	153	4	14.85
325	113	8	11.48
145	875	6	28.84
166	124	44	181.56
7062	102	3	7.96
6204	102	3	7.96
101	993	14	21.16
114	2820	4	16.7
811	407	3	17.9
296	227	3	7.84
101	949	11	8
637	12	20	15.9
184	146	7	11.42
106	352	16	13.32
111	1359	4	9.23
722	283	6	39.77
2716	111	4	15.42
3295	109	3	8.84
12	126	175	33.03
116	943	5	13.04
118	2364	4	16.43
3583	107	4	10.46
142	974	4	15.05
351	107	22	31.82
127	839	4	10.71
3125	8	3	7.08
274	913	3	16.53
242	4586	3	25.96
999	449	7	61.89
170	230	27	164.48
107	2552	5	11.2
2966	105	6	19.18
3545	103	4	8.36
998	105	11	19.6
104	449	14	10.72
6121	105	3	9.59
126	2346	3	12.34
135	1773	3	11.91
612	150	8	38.02
145	1205	6	33.25
103	1946	6	11.27
704	105	9	7.01
12	633	17	8.22
5863	354	3	33.36
3344	6902	3	47.94
164	559	3	8.7
117	707	4	6.68
12	2642	6	8.95
108	816	10	26.14
132	848	4	12.66
1943	122	3	10.29
4935	111	3	12.73
179	12	62	15.01
6877	102	3	7.96
146	153	7	6.72
105	231	23	6.87
101	4845	4	7.87
109	472	8	9.95
109	516	7	8.41
220	860	3	14.16
108	1882	5	15.9
12	3337	5	7.46
2953	102	5	8.48
210	12	53	32.48
4371	104	4	13.17
222	220	7	25.68
4829	121	3	15.64
1264	16	3	8.34
128	116	23	7.18
119	1952	3	9.44
233	122	7	7.08
1300	111	4	8.49
101	4056	4	7.87
102	2815	5	8.48
9	2578	3	6.66
460	8	9	7.75
121	169	13	14.93
118	4161	4	25.75
2175	103	5	6.89
172	110	21	23.47
381	464	3	14.52
331	101	27	11.38
591	132	4	9.89
105	3691	4	8.23
1366	108	5	9.89
996	2	4	15.99
1052	110	4	6.79
121	426	5	7.4
847	1353	3	27.03
2084	112	3	7.62
4146	106	3	7.03
103	921	8	7.21
7130	105	3	9.59
132	3522	3	16.33
111	780	5	10.62
275	361	5	23.08
354	5863	3	33.36
105	6121	3	9.59
2296	101	6	7
133	3686	3	16.55
1555	127	3	9.56
494	608	13	125.8
192	991	8	56.63
8	122	52	8.07
630	115	5	7.83
3099	3482	3	41.21
122	3219	4	22.47
269	396	8	49.78
429	238	3	10.8
392	3400	5	57.93
817	3146	3	35.62
412	5356	3	34.38
108	7018	3	14.33
182	1211	3	15.16
281	12	37	13.3
816	9	7	12.51
255	475	3	11.95
106	4525	4	14.93
200	5060	3	29.16
719	104	18	51.97
1749	126	3	10.55
3001	121	5	28.14
200	5112	3	29.16
196	599	3	12.06
168	554	3	9.09
1081	107	8	14.6
547	8	8	9.33
1947	120	3	9.58
2	575	3	7.12
295	125	8	15.07
142	249	9	24.03
110	1192	4	8.01
107	6728	3	11.35
344	106	16	12.68
1211	182	3	15.16
811	833	4	33.01
2050	103	6	11.27
107	569	15	26.45
1069	691	3	22.94
114	737	6	13.83
168	517	3	8.87
498	108	13	26.41
109	168	19	10.56
1441	105	7	9.77
158	226	6	14.06
118	162	16	17.89
4650	4554	3	45.67
1010	101	10	6.68
843	178	3	12.45
118	103	113	16.23
205	148	9	22.23
106	4540	3	7.03
261	110	13	17.27
1129	148	3	11.25
104	6750	3	9.88
1498	6036	3	42.45
167	605	3	9.46
149	6808	3	25.34
107	418	11	6.82
272	135	6	11.46
5113	104	3	9.88
283	1923	3	21.31
2590	9	4	11.96
148	389	4	9.01
124	3703	5	36.67
12	947	12	8.99
888	135	3	8.61
619	1852	3	25.42
172	1229	4	21.64
1139	121	3	6.74
1814	109	4	8.78
597	202	4	17.61
1646	208	3	17.13
878	137	4	13.97
181	2494	4	28.35
123	2149	5	24.61
102	308	25	14.15
4034	122	3	16.12
3458	104	4	8.6
9	2327	4	10.23
145	130	18	29.38
103	7099	3	9.69
103	7183	3	9.69
116	1476	3	6.7
112	234	10	8.84
299	219	10	51.91
1466	1330	4	42.72
4436	106	3	7.03
141	453	5	13.81
1494	118	3	7.66
151	162	9	15.53
5125	108	3	14.33
204	117	10	9.86
151	103	47	10.8
799	3891	3	33.95
140	992	3	9.51
8	442	12	15.69
2252	101	6	7
175	746	3	11.97
274	1123	3	17.9
137	3704	4	26.53
103	2561	5	8.66
1514	784	7	79.43
546	114	5	6.83
2564	173	6	56
216	3521	4	34.48
437	754	3	19.2
516	109	7	8.41
136	1651	3	12.42
125	694	5	13.21
145	452	6	20.02
1481	1331	6	76.1
107	245	29	35.09
131	411	4	7.02
207	1658	4	26.96
128	3708	3	15.15
318	2494	3	22.96
251	389	3	10.51
833	602	3	20.8
612	9	7	8.41
1316	107	6	9.19
3337	12	5	7.46
4697	102	4	10.62
420	171	5	17.99
127	106	83	34.92
528	164	3	8.48
1647	114	3	7.24
875	103	9	10.25
1990	103	5	6.89
119	653	5	10.48
109	347	11	12.72
127	233	12	25.96
101	4860	4	7.87
186	460	7	34.93
467	147	4	10.67
113	125	32	16.43
644	455	3	17.54
108	651	15	45.64
295	2773	5	48.1
343	8	12	9.61
12	114	288	26.02
4420	103	4	12.92
104	4764	4	13.17
103	1526	9	23.02
199	187	4	7.65
271	173	5	14.57
106	571	14	21.7
3603	103	5	16.15
872	141	3	9.36
1056	105	8	9.17
2428	727	3	28.21
12	228	45	13.78
12	288	33	7.01
548	106	14	20.45
999	4764	4	53.19
1168	105	7	7.15
107	6818	3	11.35
533	225	3	11.55
1638	102	7	8.22
126	507	18	95.1
106	4795	3	7.03
409	158	4	11.59
3110	113	3	11.41
2081	119	3	9.44
12	3103	5	7.46
921	104	8	7.59
5194	167	3	27.09
106	4158	4	14.93
9	124	55	36.52
560	12	20	9.47
3360	199	4	33.84
113	2118	6	27.1
321	586	3	15.55
1660	12	8	6.94
5054	310	3	32.36
249	400	3	10.93
412	453	7	48.65
12	1388	11	16.41
1353	118	3	7.66
106	1237	6	7.78
1960	141	3	14.51
1479	112	4	10.74
101	1811	8	10.4
109	3425	4	15.48
4662	105	4	12.79
1507	106	6	10.28
737	145	3	8.73
276	114	16	36.27
883	150	3	10.09
121	953	4	10.16
911	59	6	17.85
2963	123	4	20.48
289	358	3	10.98
1525	101	8	7.61
102	6877	3	7.96
1163	108	8	21.89
515	203	8	47.19
106	5745	3	11.19
1301	109	5	10.26
108	1163	8	21.89
723	156	4	15.44
9	547	7	8.41
342	275	3	10.25
408	645	4	24.96
4815	6885	3	50.17
287	595	3	15.89
397	149	5	17.06
3309	113	3	11.41
1810	12	8	6.94
1630	107	5	6.69
287	391	3	11.47
104	6440	3	9.88
654	142	3	7.19
1151	104	9	15.31
7177	102	3	7.96
494	1594	4	33.89
2103	113	4	14.66
948	128	3	7.4
118	812	4	7.82
206	355	17	114.65
8	1919	7	31.17
552	156	6	25.08
12	483	25	19.2
3704	120	3	13.21
103	1226	7	9.97
106	147	47	21.86
12	543	19	8.52
2504	117	3	9.77
116	840	4	7.04
12	363	28	9.54
136	293	8	21.51
3017	118	3	11.23
122	141	14	7.97
286	105	18	6.68
426	233	23	198.81
300	315	3	10.19
394	2218	3	25.72
104	7271	3	9.88
1027	190	3	14.56
300	146	4	6.73
115	380	7	8.98
155	1101	4	19.05
371	186	4	13.29
1342	126	3	9.23
105	1939	8	25.59
1983	128	3	11.45
761	5556	3	38.1
1576	101	8	10.4
3442	101	5	9.84
199	1537	4	25.46
1181	108	5	8.94
106	7300	3	11.19
2821	117	6	38.01
238	105	23	8.07
12	1375	10	9.5
235	1411	4	26.08
104	5996	3	9.88
1304	138	3	10.32
2352	129	3	13
283	571	6	36.69
1951	494	5	48.77
213	217	7	23.95
1951	358	4	33.32
833	289	3	16.38
229	764	3	13.63
107	626	9	7.86
137	655	3	6.83
1651	863	9	122.3
1003	108	7	15.4
4990	106	3	7.03
2500	111	3	8.02
106	4748	3	7.03
1786	85	3	7.27
353	161	5	14.87
4322	102	4	10.62
5446	102	3	7.96
3700	12	5	7.46
108	340	15	20.88
108	272	19	30.53
311	405	3	12.25
374	12	27	8.72
114	561	5	7.16
147	380	4	8.9
101	2255	6	7
104	160	47	65.25
2972	109	3	7.41
104	9	217	13.1
766	107	9	11.05
167	218	4	7.01
126	277	6	9.11
108	391	19	43.21
114	109	55	6.96
4120	113	3	13.54
180	172	9	25.62
102	5408	3	7.96
101	2510	6	7
131	2473	3	13.5
256	163	4	7.67
114	238	10	10.1
328	229	3	8.63
1068	1304	3	26.65
106	265	19	12.17
1587	106	8	20.54
106	132	56	15.11
760	2450	3	28.55
791	136	3	8
3194	8	4	13.03
2024	59	3	8.91
1618	106	10	37.35
500	106	11	9.95
238	351	3	9.23
125	358	5	7.04
6808	278	3	32.1
142	2073	3	13.62
642	131	7	26.66
107	1754	6	12.23
698	262	4	23.35
319	217	3	8.27
120	302	8	12.3
232	696	3	13.09
140	109	29	13.06
8	770	7	9.62
221	104	23	8.03
110	2364	3	7.65
509	12	22	13.39
283	722	6	39.77
5140	312	3	32.49
144	924	3	9.79
16	204	7	7.06
120	756	5	12.15
4131	156	3	21.79
2866	119	3	11.56
1268	107	6	8.03
381	177	4	13.17
193	137	7	10.28
178	245	5	13.1
9	2200	4	10.23
4936	107	3	7.18
146	6126	3	24.72
218	142	6	9.64
214	135	21	76.72
3133	121	3	13.48
2506	114	3	8.94
3056	101	5	9.84
359	173	3	7.3
381	5104	3	33.85
191	110	23	37.65
696	494	3	18.25
288	101	30	10.5
464	200	5	22.07
408	214	5	20.98
428	108	13	21.79
1095	110	4	7.37
408	318	10	68.28
103	2175	5	6.89
105	462	29	79.05
133	216	9	17.72
3618	8	3	7.08
2801	105	6	19.18
158	110	21	18.49
3743	108	3	7.99
2305	125	3	11.85
317	101	27	7.77
2288	106	7	26.14
485	178	3	9.22
3080	795	3	31.73
169	106	38	26.65
152	210	7	16.9
2396	105	5	8.51
4558	101	4	7.87
2787	193	3	20.66
2975	149	4	26.23
1055	135	7	34.93
107	475	11	8.42
105	2813	6	19.18
4650	761	4	51.03
1104	12	12	12.14
173	359	3	7.3
442	109	10	14.71
334	167	11	52.46
107	121	97	36.77
6958	122	3	20.55
101	459	20	9.35
200	424	5	20.77
1594	608	4	35.53
917	283	3	16.53
241	922	4	23.53
2571	9	3	6.66
104	4205	3	9.88
107	2991	4	8.15
122	4240	4	27.41
147	1040	12	89.52
101	4787	4	7.87
104	999	15	49.46
103	5255	3	9.69
148	3016	4	25.76
327	332	3	11.07
215	101	50	32.03
219	120	8	7.89
4516	106	3	7.03
2123	148	3	14.55
551	127	6	15.86
114	1768	5	18.22
421	138	4	7.87
2180	110	6	24.68
8	515	10	14.32
3641	187	4	33.15
2060	103	6	11.27
474	123	5	9.5
20	8	3	13.35
12	3231	5	7.46
5064	346	3	33.2
110	261	13	17.27
275	204	6	22.26
101	1229	11	15.71
6737	102	3	7.96
3279	12	5	7.46
218	396	3	10.28
103	786	11	14.59
5722	107	3	11.35
1275	102	8	8.43
3332	142	3	17.36
1063	130	3	8.44
1888	324	8	87.97
59	333	11	24.41
747	109	6	8.93
59	16	35	32.13
1829	126	4	16.83
103	2475	5	8.66
101	3923	4	7.87
874	245	9	71.01
101	4075	4	7.87
6452	104	3	9.88
121	101	168	15.43
3757	114	3	11.57
578	6544	3	36.32
208	323	4	12.65
4999	105	4	12.79
110	162	17	10.34
105	5743	3	9.59
110	103	155	10.17
12	664	18	11.15
4192	725	3	38.45
148	304	4	7.02
704	118	7	21.07
405	189	8	39.16
1204	101	11	15.71
148	168	9	16.16
121	1523	3	8.35
1603	127	3	9.56
1161	203	3	15.27
136	976	3	9.52
190	232	5	13.6
117	658	11	40.24
1029	101	10	8.45
3846	200	4	38.93
1401	114	4	10.42
334	143	4	7.39
4892	120	3	15.36
215	142	6	9.35
2768	109	3	7.41
6933	107	3	11.35
108	733	8	15.44
9	2102	4	8.88
107	5106	3	11.35
1962	102	6	8.17
6760	2466	3	45.11
312	204	3	7.85
101	4718	4	7.87
102	4172	3	7.96
719	473	3	18.89
5117	272	3	31.97
341	1483	3	20.75
115	1710	3	7.2
113	495	7	13.04
2093	12	8	11.93
3665	113	3	11.41
179	373	3	7.72
616	275	3	14
401	272	6	32.51
400	2307	4	36.17
1637	119	3	7.96
133	12	130	17.4
123	1850	3	9.9
101	3056	5	9.84
158	153	6	7.13
2067	2840	4	51.86
12	1021	13	13.48
583	327	3	14.46
153	1362	3	13.13
106	688	11	15.38
889	4108	3	35.16
5046	173	3	27.91
1445	108	5	10.99
399	108	9	8.12
1331	1934	3	31.87
1091	262	3	18.4
1651	251	6	50.8
1257	395	4	31.34
200	216	4	8.87
524	138	4	9.56
568	114	5	7.16
2626	8	4	10.62
344	117	20	71.03
3677	108	3	7.99
3314	106	3	7.03
3198	101	5	9.84
779	129	3	6.87
1425	123	4	14
145	157	8	10.76
965	249	4	24.2
5121	381	3	33.85
275	564	3	13.49
1794	123	5	22.89
732	108	8	14.5
289	888	5	34.7
381	194	3	8.72
839	141	3	8.6
227	691	3	12.92
8	2908	4	10.62
8	5038	4	17.8
12	3639	5	7.46
104	2109	5	7.16
125	2305	3	11.85
232	16	7	8.24
299	313	4	16.08
341	407	7	42.23
85	2160	3	8.04
101	3878	4	7.87
123	1027	3	7.11
305	542	3	14.46
8	12	583	20.1
1756	113	4	12.07
758	122	4	8.84
1173	556	4	32.6
207	154	44	340.14
16	21	4	10.63
349	2289	3	23.67
393	482	3	14.73
121	1067	11	59.5
126	3694	4	23.97
12	1168	12	12.14
356	122	6	9.56
2677	500	3	29.11
4289	102	4	10.62
12	1227	10	6.68
5330	103	3	9.69
962	108	6	10.22
862	141	3	9.36
209	271	3	7.32
469	298	3	12.84
115	228	9	7.78
287	421	23	213.65
1496	5875	3	43.21
112	4488	3	13.27
1158	105	7	7.15
4275	131	3	18.43
113	1842	5	17.95
127	1044	3	7.46
105	7130	3	9.59
262	439	6	34.45
114	321	8	11.15
999	251	15	158.15
107	4236	3	7.18
440	162	3	7.47
1071	132	3	8.9
5124	616	3	36.86
108	428	13	21.79
151	2124	3	14.78
104	251	40	66.17
108	376	17	34.19
104	207	54	96.7
169	839	3	11.81
2258	141	3	14.51
311	108	22	47.49
12	2698	6	8.95
149	140	8	7.16
1791	831	3	27.39
538	12	25	30.15
117	583	6	12.08
133	2459	3	13.8
101	665	14	7.38
103	1133	11	25.28
146	4346	3	20.25
385	122	5	6.85
17	9	20	7.17
12	509	22	13.39
2854	85	3	10.11
277	113	8	8.22
1754	107	6	12.23
1331	1481	6	76.1
113	2139	3	7.86
107	777	8	8.82
781	149	5	21.4
143	115	18	8.5
6527	104	3	9.88
8	5599	3	13.35
574	389	3	15.65
1568	407	5	43.16
12	202	51	9.42
125	1525	3	9.37
806	12	12	6.75
3267	9	3	8.06
235	294	3	8.27
130	287	13	42.28
955	2007	3	29.08
661	1302	4	34.48
147	363	4	8.71
231	1455	3	17.95
123	1491	3	9.2
119	118	38	26.68
115	7263	3	18.05
842	106	8	9.38
921	132	4	13.17
486	117	7	14.66
1188	318	3	19.07
132	258	9	21.78
219	853	3	14.33
553	101	22	24.76
116	2344	3	10.21
291	764	3	15.55
157	108	22	9.11
203	8	78	341.55
231	114	9	7.11
4161	105	4	12.79
1489	2	3	12.76
293	381	3	11.71
124	930	3	8
2527	106	5	10.96
108	1496	5	12.3
3276	105	5	15.98
111	4878	3	12.73
5059	417	3	34.38
5542	3198	3	47.94
2040	2113	6	83.03
177	299	3	6.66
2774	111	3	9.15
1451	85	3	7.27
217	213	7	23.95
661	438	9	75.85
188	355	3	7.75
118	3653	3	12.74
2409	111	3	8.02
112	959	5	11.44
767	181	11	79.29
3554	116	3	11.7
3081	109	3	8.84
1737	176	3	16.56
106	7253	3	11.19
103	113	127	8.65
177	173	15	61.99
149	1153	4	18.03
2164	114	7	36.36
85	8	117	72
752	131	3	7.02
3839	101	4	7.87
325	114	9	15.24
85	311	9	13
1681	117	3	8.04
199	1496	4	26.54
103	6244	3	9.69
188	433	3	8.97
102	4225	4	10.62
6942	1371	3	41.78
259	335	3	9.81
1489	12	10	14.92
552	1229	7	69.13
3587	12	5	7.46
231	109	15	13.24
3299	104	4	8.6
181	479	7	34.81
713	220	3	13.14
132	1408	3	10.43
108	1574	5	10.99
3705	12	5	7.46
126	1126	3	8.18
402	12	25	8.29
3125	9	3	8.06
3558	12	5	7.46
6036	102	3	7.96
101	4254	4	7.87
126	491	5	10.81
2109	104	5	7.16
1348	993	4	38.79
118	1029	5	15.52
116	2162	3	8.14
173	2564	6	56
126	355	5	7.71
637	304	3	14.47
230	449	10	62.93
242	695	4	21.29
143	235	6	10.65
298	601	3	14.47
597	1844	6	62.58
1103	123	3	7.56
364	110	8	8.93
109	4425	3	10.91
451	314	3	13.15
12	336	36	22.34
722	117	5	10.46
7300	106	3	11.19
3048	114	3	10.08
118	2365	5	23.99
6175	103	3	9.69
462	284	3	12.29
101	799	13	9
791	101	13	9
107	910	10	18.66
7263	103	3	9.69
117	6712	3	18.98
12	379	29	13.27
199	376	9	47.3
104	2946	4	8.6
3821	417	4	45.96
121	1648	3	9.04
106	105	376	17.8
12	591	18	7.58
3537	120	3	13.21
1562	12	10	14.92
3031	113	5	24.6
119	556	8	22.43
109	829	5	6.78
6190	102	3	7.96
147	109	26	13.28
127	914	4	11.21
4120	322	3	29.35
108	498	13	26.41
12	2684	6	8.95
802	121	5	13.13
347	156	4	9.58
1796	121	8	47.42
103	6175	3	9.69
5027	121	3	15.64
455	142	5	13.64
104	6456	3	9.88
267	272	3	9.28
1111	847	3	25.75
115	109	68	20.55
112	2615	3	9.67
108	1182	6	13.19
112	2436	3	8.53
106	5729	3	11.19
419	1493	3	22.2
375	103	30	59.01
105	3437	5	15.98
1044	105	8	9.17
117	1219	6	21.89
105	3497	4	8.23
120	138	23	22.54
361	5118	3	33.36
117	1355	3	6.78
1481	1934	3	32.63
160	207	48	406.45
317	3339	4	38.24
356	101	27	14.9
12	1353	9	8.21
491	5945	3	35.38
849	3627	3	32.1
392	269	3	12.15
9	2884	3	6.66
464	108	9	10.41
156	917	5	24.25
2144	1575	3	31.87
12	3661	5	7.46
176	233	5	12.2
387	173	7	30.06
1716	150	3	13.86
381	5121	3	33.85
8	2	36	17.43
101	3697	5	9.84
107	6003	3	11.35
102	5041	4	10.62
191	274	4	11.14
305	360	3	11.37
233	426	23	198.81
320	418	5	26.54
1109	12	12	12.14
112	206	28	71.06
5465	4420	3	50.17
12	1810	8	6.94
112	149	16	7.18
104	5368	3	9.88
12	1862	8	6.94
175	4281	3	23.43
187	384	13	78.64
107	1338	7	13.39
193	12	56	14.63
4889	111	3	12.73
4805	102	4	10.62
265	209	3	7.02
101	1506	8	7.61
547	9	7	8.41
2916	12	6	8.95
251	170	33	232.45
106	758	14	32.1
1306	122	3	7.65
1776	104	6	9.59
401	5055	3	34.19
106	674	9	8.95
173	378	4	12.31
6	5419	3	46.35
149	781	5	21.4
1055	102	14	37.21
380	115	7	8.98
2975	116	3	10.21
616	321	5	31.65
1102	110	4	7.37
401	141	5	12.32
816	8	7	10.42
104	6970	3	9.88
312	377	4	18.12
318	1055	3	18.04
1600	1001	6	78.56
8	1391	6	12.7
1118	110	4	7.37
941	101	11	8
683	189	3	12.02
997	145	3	10.16
294	1379	3	19.28
9	2128	5	16.03
4121	110	3	12.33
2067	103	5	6.89
551	108	11	20.07
1072	103	13	35.27
2992	117	3	10.92
121	3686	5	33.48
6270	105	3	9.59
1036	205	3	15.09
2840	2067	4	51.86
240	320	22	167.35
105	117	117	13.76
105	180	34	13.34
875	145	6	28.84
6177	115	3	18.05
1694	177	4	26.93
173	16	12	17.81
125	2064	3	10.88
926	303	3	17.2
1669	139	4	19.33
120	1797	6	28.39
190	158	7	16.21
200	389	3	8.86
105	4950	4	12.79
228	250	3	7.33
9	2577	3	6.66
460	9	8	7.41
2578	9	3	6.66
1063	107	9	17.46
130	1887	3	12.12
3021	542	3	28.28
977	798	3	24.31
284	135	12	38.39
1598	183	3	16.54
1258	12	10	6.68
202	1859	3	17.79
3982	148	3	20.51
1105	103	7	8.53
1429	105	9	19.26
1560	171	4	23.27
639	118	5	9.57
59	58	112	635.76
9	6789	3	14.41
112	4869	3	13.27
449	187	9	49.35
197	103	27	8.86
946	106	9	15.43
384	1388	3	21.18
101	4005	4	7.87
193	2787	3	20.66
102	4939	4	10.62
165	478	3	8.32
140	4393	3	19.62
171	921	3	12.25
1024	101	13	19.33
303	169	5	14.31
110	191	23	37.65
121	136	16	9.3
1138	517	3	21.84
107	3813	3	7.18
505	2526	4	38.39
377	154	3	8.11
110	3084	3	10.22
624	165	8	42.47
275	5115	3	31.61
3157	3876	4	65.59
12	3289	5	7.46
1077	121	3	6.74
104	1820	6	9.59
168	144	11	21.87
101	4817	4	7.87
233	1617	7	58.65
109	560	7	8.41
104	945	9	12.03
467	146	4	10.26
3060	204	5	49.13
3694	126	4	23.97
507	165	4	13.37
1011	1363	4	44.23
367	236	3	9.48
134	7	3	12.71
109	2863	3	7.41
105	4999	4	12.79
101	529	22	22.14
170	4554	3	23
993	101	14	21.16
8	4108	3	9.08
381	1176	5	40.44
3315	4108	3	43.44
674	406	5	34.04
1838	242	3	19.07
4566	101	4	7.87
322	5788	3	33.85
612	8	8	9.33
424	293	3	12.21
272	267	3	9.28
101	334	25	8.45
1578	242	3	18.32
424	173	3	8.2
621	132	4	10.22
101	125	171	52.71
733	108	8	15.44
4826	101	4	7.87
105	2687	6	19.18
131	110	31	17.86
85	1786	3	7.27
1055	145	4	16.65
2590	8	4	10.62
9	3550	4	14.4
251	337	6	28.46
223	168	5	10.63
111	1906	3	7.12
1099	1205	3	27.15
103	1860	9	29.08
219	2657	4	32.43
1139	120	7	28.75
6466	105	3	9.59
180	756	3	11.88
109	12	464	43.84
3322	12	5	7.46
941	142	3	9.45
354	266	3	10.46
102	5916	3	7.96
186	324	4	12.18
118	161	17	20.2
215	545	6	32.06
103	5556	3	9.69
12	2262	6	8.95
837	760	3	22.3
5124	275	3	31.61
12	2218	6	8.95
4819	111	4	22.82
138	12	200	282.77
6314	104	3	9.88
936	170	3	12.71
1290	121	3	7.22
2659	1919	6	95.28
3157	3997	4	65.59
151	161	16	44.52
192	887	3	13.55
113	1214	4	9.46
252	1750	4	29.03
1376	118	3	7.07
4075	101	4	7.87
561	114	5	7.16
608	1024	3	22.08
1258	395	3	20.76
101	1402	11	21.66
131	1377	4	16.42
506	132	5	13.05
635	187	23	224.89
254	101	31	6.79
4700	110	3	12.33
124	5180	3	21.98
214	145	13	40.95
112	106	114	14.51
5131	271	3	31.73
1109	320	13	143.99
12	1709	8	6.94
129	59	19	6.73
1552	131	3	10.98
4679	105	4	12.79
342	200	3	8.01
112	4639	3	13.27
2954	105	6	19.18
433	103	17	16.33
249	212	3	6.66
107	3479	4	10.46
123	474	5	9.5
4350	325	3	33.52
355	2141	3	22.66
712	309	3	15.92
249	264	3	8.35
9	2783	3	6.66
17	1474	3	14.61
238	369	3	9.8
12	1252	10	6.68
238	429	3	10.8
104	3797	4	8.6
681	12	16	9
160	9	38	84.29
4922	104	4	13.17
118	3375	3	12.74
556	102	16	15.38
2617	2631	3	38.04
217	375	3	9.07
543	12	19	8.52
1628	192	3	16.68
2174	104	5	7.16
106	146	42	11.33
625	1506	3	24.67
413	111	8	11.65
466	2005	7	78.18
1338	2196	3	32.22
638	680	3	19.7
12	440	23	7.87
117	486	7	14.66
122	140	13	6.66
2869	116	4	16.88
1162	126	7	33.07
8	3188	4	13.03
101	712	18	28.56
1873	222	3	18.7
104	6441	3	9.88
106	2960	5	13.59
104	230	47	82.33
267	291	3	9.28
106	4983	3	7.03
108	513	9	12.12
599	196	3	12.06
9	1196	10	48.1
455	101	19	7.26
1517	131	3	10.98
157	591	3	8.88
5987	103	3	9.69
170	449	6	25.17
999	230	11	94.67
105	1044	8	9.17
1237	571	3	22.87
3059	108	3	7.99
1227	184	3	15.09
256	118	15	34.06
101	4558	4	7.87
705	131	3	6.73
370	3095	3	26.96
1117	108	5	8.11
9	1572	4	6.89
108	141	51	51.97
245	178	5	13.1
2444	101	7	13.78
409	106	12	8.05
184	2964	3	20.17
13	173	6	11.16
402	143	4	8.69
226	184	9	33.46
101	4347	4	7.87
1625	101	10	19.69
170	129	8	7.97
3866	101	4	7.87
119	147	13	6.85
343	9	10	7.68
12	113	320	54.36
2680	12	6	8.95
12	183	53	7.02
3603	102	5	13.28
12	227	46	9.53
164	979	4	18.57
149	547	3	8.11
2118	113	6	27.1
174	532	3	9.24
131	868	3	8.02
2040	620	6	65.63
107	608	12	16.1
111	369	9	13.22
448	359	3	13.66
108	3833	4	19.11
1849	85	3	7.27
727	107	8	7.28
125	113	32	16.43
691	195	3	11.99
177	342	4	12.01
318	5768	3	32.49
1192	115	6	20.11
103	3073	4	8.36
2795	103	5	11.19
6643	105	3	9.59
104	1247	7	8.89
371	143	4	7.91
123	118	25	11.24
1270	138	3	10.32
1732	112	3	6.85
6544	578	3	36.32
6789	105	3	9.59
103	1300	7	8.53
5033	1597	3	37.95
1587	107	5	6.69
106	133	51	10.96
113	4429	3	13.54
189	115	12	10.27
277	126	6	9.11
109	4650	4	20.33
1775	431	6	58.29
5780	104	3	9.88
101	765	13	7.51
3194	9	3	8.06
5431	102	3	7.96
2729	12	6	8.95
6974	104	3	9.88
171	1560	4	23.27
459	1564	3	22.78
2341	188	3	19.08
227	1550	3	17.78
876	132	3	9.36
113	967	6	16.63
2186	114	3	8.94
112	3362	3	11.15
145	3207	4	28.11
216	141	7	12.08
2529	842	3	30.52
102	5409	3	7.96
1590	101	8	7.61
4036	118	3	14.89
8	2101	4	7.63
328	282	4	16.12
119	446	6	11.14
111	2964	3	9.15
378	334	4	18.86
198	217	4	8.97
2104	127	3	11.08
198	118	10	9.86
565	1075	3	22.85
3396	1496	3	36.48
128	973	4	12.23
6050	102	3	7.96
111	104	140	8.94
614	107	12	16.1
3001	3391	3	39.62
283	211	3	7.28
920	140	3	9.11
851	466	6	49.9
8	2626	4	10.62
4447	104	4	13.17
2521	121	7	46.91
526	12	20	7.95
266	133	8	18.35
125	306	7	12.01
264	659	3	14.06
115	2684	3	10.04
102	7062	3	7.96
131	1764	3	11.69
16	968	3	7
105	3276	5	15.98
123	2963	4	20.48
124	1082	3	8.45
103	3000	5	11.19
9	166	45	78.51
129	568	4	8.87
769	101	14	12.24
6956	105	3	9.59
110	2619	3	8.76
1314	108	6	14.48
102	4391	4	10.62
5680	105	3	9.59
3443	106	5	18.66
105	1938	6	11.09
914	127	4	11.21
7306	103	3	9.69
602	2293	3	27.04
2714	101	6	11.81
533	239	4	18.29
116	2256	3	11.7
401	1055	3	19.72
339	363	3	12.33
119	132	17	7.51
107	4505	3	7.18
921	118	4	8.73
2596	101	4	7.87
318	214	6	24.14
170	251	33	232.45
3997	3157	4	65.59
101	4224	4	7.87
1760	2839	6	89.56
136	420	4	8.07
12	238	64	86.82
1760	2779	6	89.56
12	154	70	38.69
451	121	5	7.94
12	109	464	43.84
722	149	3	8.93
105	2556	7	22.38
137	656	3	6.83
2045	1700	3	32.63
1831	107	8	24.34
101	916	15	23
4205	102	3	7.96
105	2512	5	8.51
268	319	3	9.88
105	326	45	144.58
391	3833	4	45.24
6543	102	3	7.96
240	170	19	100.1
102	6126	3	7.96
1087	167	8	55.38
801	104	14	28.79
170	761	4	17.43
2138	107	5	9.32
327	130	8	19.68
1338	121	3	7.75
3475	109	3	8.84
298	185	3	6.78
334	101	25	8.45
107	295	29	48.89
230	999	11	94.67
190	280	4	11.32
4869	112	3	13.27
136	928	4	15.17
4554	103	4	12.92
199	651	18	157.37
121	1487	6	27.01
16	408	5	8.58
101	1348	11	21.66
119	3259	3	13.07
110	210	11	9.06
3503	105	3	9.59
4209	3425	4	65.59
303	101	29	9.56
4895	103	4	12.92
107	1568	7	15.26
391	214	4	14.48
5341	278	3	32.1
264	249	3	8.35
254	426	9	56.06
103	709	10	10.01
1164	125	3	7.72
5778	175	3	27.91
2022	106	8	29.87
102	2670	5	8.48
554	1318	4	33.88
421	340	3	12.73
243	368	3	9.59
764	229	3	13.63
1809	139	3	12.39
2169	107	5	9.32
9	816	7	12.51
103	2491	5	8.66
470	104	24	51.75
20	9	3	14.41
113	1527	4	11.07
1393	104	6	6.74
106	3651	5	18.66
934	738	3	23.93
3056	12	5	7.46
278	6126	3	32.1
134	2659	6	46.24
421	595	3	18.25
101	3834	4	7.87
287	1025	4	26.05
288	12	33	7.01
372	172	3	7.11
3015	170	5	40.51
1343	85	6	23.22
1695	113	3	7.09
1203	121	3	7.22
494	777	3	19.24
576	104	12	11.4
126	2122	6	34.54
234	680	3	13.26
464	275	3	12.38
148	3982	3	20.51
434	385	3	13.97
242	1348	7	57.14
2866	118	3	11.23
16	58	12	12.11
326	239	44	476.22
438	187	28	247.77
7018	108	3	14.33
1073	101	10	6.68
6493	103	3	9.69
4681	101	4	7.87
6920	103	3	9.69
649	118	5	10
352	282	3	10.75
101	255	54	85.98
399	201	3	9.39
782	150	3	9.37
4787	101	4	7.87
2035	101	7	8.68
142	180	7	9.61
12	921	13	7.81
4005	101	4	7.87
251	320	45	501.84
777	665	3	21.28
155	1403	3	13.44
1081	130	8	42.98
302	192	4	11.44
158	111	15	7.69
1740	602	3	25.15
146	542	3	7.31
106	627	9	7.52
111	2044	5	18.3
251	12	41	11.78
1344	489	3	22.53
118	3084	3	12.74
2119	111	3	7.12
119	2225	4	16.87
1550	227	3	17.78
1379	294	3	19.28
1958	12	8	11.93
101	156	72	19.63
2626	9	4	11.96
761	109	6	8.93
106	4503	3	7.03
106	4443	3	7.03
118	191	12	14.34
833	2168	3	28.25
1073	3898	4	53.84
103	3545	4	8.36
1189	101	9	9.16
170	863	4	18.93
663	8	10	16.97
302	120	8	12.3
272	5140	3	31.97
913	274	3	16.53
170	999	9	62.91
340	361	4	18.07
599	2026	3	26.88
3130	3969	3	47.94
141	360	6	15.37
106	5212	3	11.19
260	239	44	427.66
141	412	5	12.6
12	3580	5	7.46
156	1100	3	13
156	888	3	11.56
176	180	7	17.3
12	3460	5	7.46
540	118	6	12.18
158	1425	4	21.26
559	171	3	9.3
115	737	5	9.61
1182	136	3	10.49
279	106	15	6.68
6822	102	3	7.96
1109	170	9	67.01
3422	104	4	8.6
218	167	4	7.01
169	3721	3	20.68
7054	113	3	17.93
103	991	8	8.22
112	331	7	6.92
121	424	5	7.15
387	5137	3	33.85
2017	121	3	9.84
102	16	130	47.41
2722	109	4	13.01
6983	107	3	11.35
110	502	6	7.12
117	1681	3	8.04
153	137	9	9.59
1736	2002	3	32.63
1004	1181	3	26.65
108	5423	3	14.33
121	167	14	16.72
5537	107	3	11.35
6126	146	3	24.72
106	1703	8	23.93
112	384	10	19.24
104	5638	3	9.88
110	161	33	54.65
715	1495	3	25.9
662	199	3	12.14
101	1181	10	10.74
2684	115	3	10.04
355	188	3	7.75
2326	102	6	10.81
101	1333	11	21.66
12	3279	5	7.46
645	455	3	17.54
12	3323	5	7.46
330	1279	3	20.75
233	244	3	6.82
2512	105	5	8.51
2440	59	4	16.13
3437	105	5	15.98
170	1888	3	17
233	101	37	8.8
108	734	11	28.3
579	152	3	8.26
2123	106	5	9.09
108	802	7	11.52
12	2561	7	10.44
169	462	3	8.23
141	1377	3	11.33
354	503	3	14.48
123	2001	3	10.71
2259	101	6	7
105	106	376	17.8
8	1185	5	8.47
109	442	10	14.71
107	5002	3	7.18
9	3267	3	8.06
12	663	17	8.22
223	441	4	16.07
142	452	5	13.64
399	357	3	12.97
148	12	95	10.94
4725	102	4	10.62
6300	104	3	9.88
3589	104	4	8.6
173	204	9	30.19
3417	109	3	8.84
3939	102	4	10.62
105	4973	4	12.79
154	326	45	454.18
2941	85	3	10.11
117	836	4	7.89
190	116	10	7.09
1329	16	3	8.89
4928	144	3	19.93
101	4261	4	7.87
101	2207	6	11.81
1101	126	4	13.36
398	2122	3	23.64
118	1108	6	21.27
1266	380	3	20.25
104	403	14	7.42
4538	104	4	13.17
4297	106	3	7.03
3808	2	3	20.29
101	867	10	6.68
860	118	4	8.26
115	6177	3	18.05
101	1003	11	9.91
131	1102	3	9.28
376	1974	6	59.23
108	5093	3	14.33
106	550	10	8.07
12	152	86	8.84
183	879	3	13.42
3267	8	3	7.08
547	1050	8	81.26
134	642	4	10.7
358	1951	4	33.32
346	325	3	12.33
598	125	4	7.8
5707	114	3	18.1
113	3309	3	11.41
6281	103	3	9.69
203	9	29	45.44
123	146	21	30.94
3036	104	6	19.76
2546	111	4	13.61
102	4346	4	10.62
209	391	3	9.22
588	12	17	6.68
12	3717	5	7.46
1586	85	4	11.31
112	2314	3	8.53
9	140	45	39.5
879	183	3	13.42
280	328	3	10.34
280	252	3	8.67
618	1336	3	26.36
7325	102	3	7.96
3891	107	3	7.18
748	153	5	21.56
274	1984	3	21.31
119	1191	3	6.84
5136	209	3	29.56
397	116	5	6.69
13	1340	3	14.32
114	1422	5	15.63
105	1635	8	16.48
2405	107	5	13.84
723	16	4	9.34
162	104	38	11.2
9	394	10	10.46
120	141	32	53.21
16	817	3	7.4
3697	1171	3	35.05
505	517	3	17.11
12	1270	11	10.81
310	381	4	18.17
112	637	5	7.31
12	1346	10	9.5
1079	108	5	8.94
661	112	14	54.71
2363	118	3	10.07
1403	155	3	13.44
111	147	19	9.34
1787	106	6	11.95
3974	118	3	14.89
574	136	6	20.54
230	251	33	269.36
101	614	20	21.51
224	428	3	10.28
1400	125	3	8.75
106	173	28	11.21
2	901	3	9.73
103	7263	3	9.69
716	136	3	7.39
106	217	21	8.65
101	4636	4	7.87
114	322	7	9.38
3059	275	5	52.89
2807	107	6	22.71
102	5372	3	7.96
4346	6126	3	50.17
109	850	6	10.97
1590	142	3	12.06
278	4346	4	42.88
104	151	48	13.53
239	124	44	251
108	479	9	10.95
5972	149	3	25.34
751	102	10	6.75
1661	142	3	12.78
635	240	20	191.26
106	2072	5	9.09
188	608	3	10.84
185	5616	3	28.57
4833	109	3	10.91
1550	1493	3	30.24
1555	215	3	17.69
102	139	86	27.35
203	2280	3	19.66
1376	149	3	12.68
489	16	5	10.28
489	333	3	13.97
3845	424	4	45.96
12	3645	5	7.46
5681	8	3	13.35
260	166	44	356.21
789	106	8	9.38
320	4764	4	43.41
3828	101	4	7.87
278	3954	4	42.88
127	1290	3	8.4
120	2614	3	11.7
299	327	3	10.44
119	1637	3	7.96
16	3122	3	14.7
415	145	4	9.63
4015	123	3	16.55
373	110	17	44.3
103	5465	3	9.69
1348	242	7	57.14
108	994	5	6.72
1388	320	11	121.25
1118	123	3	7.56
2113	620	6	65.63
2494	130	4	20.55
3567	12	5	7.46
475	107	11	8.42
130	938	4	13.09
1306	109	5	10.26
437	1658	4	33.88
105	2792	6	19.18
102	1408	7	6.63
107	450	13	12.95
272	312	3	10.2
190	473	5	22.05
832	85	4	6.92
761	12	15	7.97
4393	149	4	33.81
621	158	3	9.27
107	586	9	7.86
121	1374	3	7.75
412	1628	3	22.2
537	324	3	14.22
1070	146	3	10.53
116	556	5	7.34
1981	165	4	24.79
145	1188	5	25.3
164	364	6	20.94
3352	457	4	42.03
524	590	3	17.85
102	1213	7	6.63
1185	9	5	10
3167	8	3	7.08
103	3171	4	12.92
836	117	4	7.89
492	106	13	14.04
348	136	5	10.22
102	6204	3	7.96
207	3425	4	34.26
101	2713	6	11.81
127	189	12	20.5
102	3954	4	10.62
101	4828	4	7.87
340	291	3	10.46
108	2019	4	8.79
645	390	4	24.5
12	3322	5	7.46
1484	103	10	32.32
12	3390	5	7.46
59	138	18	8.85
158	1335	3	13.91
109	1301	5	10.26
4218	106	3	7.03
335	485	5	28.38
2587	101	6	11.81
3585	101	5	9.84
493	131	11	46.58
349	101	27	13.64
3448	12	5	7.46
153	199	5	7.68
2455	12	7	10.44
404	107	15	15.55
2983	9	3	6.66
2291	124	6	38.34
264	104	19	7.1
3039	322	3	25.55
912	163	3	11.48
1115	146	3	11
1545	116	3	6.7
355	16	6	10.56
555	116	6	10.37
1143	174	3	14.28
331	287	3	10.59
561	396	3	16.35
4596	116	3	13.84
754	115	6	15.97
519	174	3	9.24
8	870	8	15.27
449	661	7	55.13
115	373	11	22.75
5738	102	3	7.96
532	172	8	41.39
9	204	15	8.18
103	3094	5	16.15
103	5096	3	9.69
1027	116	4	8.55
106	6180	3	11.19
104	1338	8	14.75
9	256	12	7.27
106	6044	3	11.19
109	3457	3	8.84
122	1132	3	7.16
1563	150	3	13.13
851	159	4	17.14
4346	123	3	16.55
117	1593	7	32.4
3784	129	4	24.88
166	239	44	335.01
194	334	3	8
103	6380	3	9.69
112	1109	13	76.78
4130	101	4	7.87
1904	101	6	7
1520	138	3	11.52
105	4456	4	12.79
101	934	13	19.33
107	791	9	12.06
1917	4108	3	39.59
101	1010	10	6.68
1205	408	3	20.76
1587	571	5	47.14
323	883	3	17.29
12	143	120	33.44
448	1212	3	21.31
908	58	3	10.97
3993	106	3	7.03
944	101	11	8
12	260	50	44.36
12	320	35	15.8
2122	398	3	23.64
643	257	3	13.84
119	179	11	11.02
1760	382	6	57.51
4250	109	3	10.91
157	12	81	17.09
108	181	17	8.1
170	418	4	12.89
101	2608	6	11.81
120	3894	3	15.36
287	1122	3	18.56
180	197	5	11.09
101	2457	6	7
114	142	23	16.63
455	335	8	53.13
104	313	18	9.72
132	459	5	12.06
383	213	3	9.07
1294	12	10	6.68
118	792	4	7.82
108	542	7	7.75
1016	122	3	6.73
107	962	8	11.85
1456	59	4	12.48
462	105	29	79.05
574	200	3	11.15
314	106	17	13.24
224	481	4	17.1
217	1228	3	16.95
716	127	5	14.02
106	117	91	11.05
688	108	7	9.42
4650	103	4	12.92
104	3134	4	8.6
595	421	3	18.25
189	343	4	12.26
101	2035	7	8.68
109	3202	3	8.84
213	383	3	9.07
1340	408	3	21.35
272	1888	8	86.12
105	3421	4	8.23
2678	833	4	44.41
571	108	7	7.27
459	132	5	12.06
85	476	6	8.64
105	5474	3	9.59
111	249	9	7.12
9	2816	3	6.66
135	284	12	38.39
111	148	32	39.46
304	110	16	31.59
188	103	31	11.73
5145	200	3	29.16
4176	106	3	7.03
108	6179	3	14.33
604	115	5	7.45
85	2659	6	36.29
120	3020	4	18.91
114	1421	4	10.42
109	2116	4	9.89
1122	130	3	9.4
14	176	97	7.45
9	579	8	11.58
198	279	3	7.11
104	1415	10	32.95
4850	102	3	7.96
592	208	3	11.47
111	158	15	7.69
228	942	3	16.04
111	234	13	15.06
619	382	3	16.51
104	3813	4	13.17
102	801	10	6.75
543	113	5	6.94
1008	107	7	9.38
642	190	3	11.71
85	599	5	8.77
577	549	3	17.83
1346	135	3	10.56
864	186	3	13.62
58	16	12	12.11
149	1376	3	12.68
101	2050	7	8.68
102	6808	3	7.96
651	108	15	45.64
3934	101	4	7.87
249	280	3	8.77
8	768	6	7.15
837	59	7	22.37
104	6305	3	9.88
1514	1226	3	29.57
104	162	38	11.2
419	152	4	10.25
106	2944	4	7.96
2892	276	3	23.44
612	4188	3	32.36
108	6536	3	14.33
256	157	4	7.5
3954	4393	4	70.59
105	908	8	7.01
101	4542	4	7.87
101	2444	7	13.78
318	408	10	68.28
716	227	3	13.22
106	279	15	6.68
136	310	5	9.22
3139	3986	3	47.94
2160	85	3	8.04
136	107	77	69.33
241	12	45	14.97
188	1594	3	16.47
12	560	20	9.47
101	728	14	8.74
109	4437	3	10.91
101	772	17	26.7
116	1027	4	8.55
4650	466	3	31.11
173	604	3	10.22
199	153	5	7.68
451	177	5	20.55
3323	12	5	7.46
3857	9	3	10.1
4192	109	3	15.24
694	119	5	10.94
12	167	75	18.47
230	418	4	16.28
601	306	3	14.59
278	6808	3	32.1
324	170	5	15.3
887	107	9	14.43
109	2262	3	7.41
745	133	3	7.29
104	501	12	8.14
132	110	67	127.5
2360	110	3	7.65
103	5875	3	9.69
761	4425	3	33.6
4764	320	4	43.41
127	688	6	18.54
8	1740	5	10.81
9	239	39	107.69
113	2103	4	14.66
769	108	6	8.07
2563	118	3	10.07
3540	8	3	7.08
6715	103	3	9.69
102	2326	6	10.81
3443	105	5	15.98
4867	103	4	12.92
102	2274	6	10.81
315	112	12	21.17
310	121	6	7.2
125	12	201	52.94
3930	102	3	7.96
905	16	5	18.7
111	413	8	11.65
1645	294	3	19.95
505	9	9	12.31
16	905	5	18.7
197	128	7	7.42
696	12	20	23.11
119	1908	3	9.44
275	5131	3	31.61
233	254	8	35.42
16	2806	3	13.17
874	328	5	35.06
123	671	7	23.95
104	1776	6	9.59
629	810	3	23.05
104	1836	6	9.59
105	5896	3	9.59
275	141	5	8.57
591	157	3	8.88
303	108	11	7.7
1402	101	11	21.66
101	1164	11	12.36
154	105	59	91.13
278	123	6	8.21
2561	101	6	7
107	178	57	101.6
102	7325	3	7.96
170	2552	3	18
272	464	3	12.72
107	282	21	20.28
2702	101	6	11.81
104	4371	4	13.17
199	766	3	12.76
146	3039	3	16.5
136	1077	4	15.84
199	662	3	12.14
101	4937	4	7.87
114	7196	3	18.1
138	1304	3	10.32
102	3939	4	10.62
105	146	51	10.94
1795	107	6	12.23
420	156	4	11.17
101	2702	6	11.81
109	484	7	7.13
102	6113	3	7.96
643	816	4	31.23
2074	124	3	11.65
600	102	12	6.8
105	6270	3	9.59
821	308	4	24.62
3339	317	4	38.24
130	2575	4	22.43
219	177	6	17.35
118	538	5	8.45
2210	115	4	14.82
246	146	7	16.09
102	5720	3	7.96
1857	153	5	30.83
200	3058	5	48.73
2008	190	3	18.43
6998	107	3	11.35
109	183	16	10.23
200	5080	3	29.16
534	142	4	10.23
3534	111	3	10.62
1369	102	7	6.63
118	281	11	21.02
241	4573	3	26.06
1388	12	11	16.41
569	130	5	13.41
169	104	33	8.53
118	115	70	88.52
152	151	9	12.57
200	108	16	9.01
1263	189	4	23.09
137	404	5	11.85
272	251	4	13.97
746	175	3	11.97
1204	578	4	33.36
5011	106	4	14.93
638	182	3	11.03
223	114	11	11.24
201	528	4	16.93
106	789	8	9.38
307	1082	4	27.09
102	123	117	21.33
275	513	4	19.8
120	817	4	10.39
8	3125	3	7.08
2548	106	5	10.96
107	1128	9	19.34
121	458	5	7.94
103	1105	7	8.53
320	449	9	61.56
9	2138	4	8.88
12	1693	9	13.43
326	166	44	404.66
2389	103	5	8.66
290	187	3	7
1661	101	9	17.72
5384	102	3	7.96
1362	119	3	7.37
712	627	3	20.35
3954	5972	3	50.17
106	3333	4	10.26
316	126	6	9.96
106	3409	5	18.66
1160	133	3	9.57
783	425	5	36.74
12	3630	5	7.46
105	3009	5	11.03
993	237	3	15.49
358	125	5	7.04
2000	132	3	12.6
118	2856	3	11.23
172	1418	5	30.96
257	105	24	14.11
7199	198	3	29.08
12	804	14	6.96
3580	12	5	7.46
436	2431	3	25.03
765	135	3	7.22
1323	126	3	9.23
4339	715	3	33.6
1692	107	5	7.87
1864	12	9	13.43
579	122	4	7.41
104	940	11	20.56
1116	5690	3	40.62
114	1647	3	7.24
138	357	5	10.17
105	1461	6	7.53
6564	104	3	9.88
161	177	5	7.88
161	115	13	6.8
724	142	4	12.62
2431	436	3	25.03
250	236	3	7.08
7162	181	3	28.36
1309	9	5	9.05
6321	102	3	7.96
3000	108	4	11.86
1052	141	4	15.54
1581	103	7	13.97
309	571	5	29.3
159	147	9	14.63
6809	105	3	9.59
134	8	38	9.21
829	145	3	9.4
275	271	5	20.42
121	127	22	11.44
178	485	3	9.22
103	6988	3	9.69
320	251	45	501.84
112	351	7	7.17
1024	494	3	20.89
728	210	5	28.44
102	14	2602	38.14
1296	147	3	11.84
105	6082	3	9.59
4347	101	4	7.87
679	2	3	8.11
6665	123	3	20.99
2461	106	4	7.96
418	999	4	28.88
243	299	6	25.26
449	438	6	39.4
269	561	3	13.83
359	107	14	9.71
299	177	3	6.66
3575	107	5	18.93
2079	9	5	14.01
3918	4056	4	70.59
415	176	3	8.37
204	218	5	14.17
106	3276	4	10.26
288	113	8	8.22
176	146	8	13.73
789	130	3	7.29
141	595	4	13.37
146	1115	3	11
408	16	5	8.58
3462	12	5	7.46
449	1302	3	21.51
1388	170	8	60.85
261	165	13	57.58
205	263	8	34.79
118	236	8	7.33
1700	2045	3	32.63
2036	2917	3	35.77
334	363	4	18.65
5449	103	3	9.69
6307	103	3	9.69
7301	103	3	9.69
229	386	3	9.46
130	1024	3	8.44
108	2254	4	10.13
3219	141	4	26.95
189	811	3	12.67
363	101	24	9.33
3825	321	4	44.38
59	1627	3	7.45
146	1070	3	10.53
1060	110	4	7.37
1553	105	10	31.99
4133	103	4	12.92
2538	2412	3	36.79
837	8	6	7.15
1760	8	8	29.58
226	374	3	9.46
180	110	13	7.38
1172	110	9	34.63
3131	112	3	11.15
115	1539	4	11.22
974	130	5	18.86
12	545	20	9.47
104	3036	6	19.76
121	1726	7	37.52
12	373	38	48.8
277	259	3	9.08
567	422	3	16.35
846	139	4	13.45
202	12	51	9.42
5655	85	3	18.13
117	551	5	8.01
190	1027	3	14.56
272	640	3	14.92
101	697	13	7.51
187	1651	5	35.44
8	3201	3	9.08
438	661	9	75.85
235	1172	3	16.34
457	3352	4	42.03
304	197	3	7.29
121	887	8	32.02
571	335	4	21.97
263	296	3	9.39
431	266	6	32.08
171	12	69	14.34
1386	104	6	6.74
283	195	4	11.32
864	142	3	9.05
2059	102	6	8.17
156	499	3	7.82
306	101	35	25.08
234	112	10	8.84
14	145	161	6.78
104	1397	6	6.74
156	347	4	9.58
211	3240	3	22.7
4761	131	3	18.43
115	143	18	8.5
433	159	4	11.7
293	103	21	14.07
120	3030	3	11.7
2089	120	3	9.58
7051	105	3	9.59
934	101	13	19.33
321	267	3	10.42
1955	432	3	24.01
935	125	8	36.27
156	101	72	19.63
59	755	5	11.09
1050	4108	3	35.62
360	251	3	10.06
278	5341	3	32.1
1159	103	9	14.8
209	496	3	11.07
666	108	9	16.66
1153	4393	3	36.13
1068	101	10	6.68
133	1657	4	18.79
9	5024	3	10.1
135	401	4	7.27
3045	12	6	8.95
2072	121	4	15.97
115	2880	3	10.04
101	1661	9	17.72
1248	137	3	10.46
2662	9	3	6.66
614	473	3	17.4
325	186	6	24.96
577	104	25	82.54
1038	122	4	11.95
3477	104	4	8.6
495	113	7	13.04
12	170	73	22.24
106	6664	3	11.19
1092	130	3	11.29
12	122	181	8.45
12	222	47	13.12
117	121	26	7.26
1140	130	3	9.96
472	109	8	9.95
122	579	4	7.41
101	952	15	29.54
337	1651	9	101.07
106	2874	5	13.59
389	251	3	10.51
1332	262	3	19.54
4109	5192	3	50.17
2886	118	3	11.23
6919	103	3	9.69
105	704	9	7.01
102	5648	3	7.96
374	184	4	12.96
105	855	9	8.88
114	546	5	6.83
296	221	3	8
110	2015	3	6.75
324	320	4	16.76
2118	136	4	20.6
121	2017	3	9.84
320	1888	4	32.35
1461	105	6	7.53
199	182	5	11.47
556	1173	4	32.6
136	535	5	14.8
235	106	22	12.96
130	101	167	107.58
1174	101	9	7.03
17	476	3	7.79
6441	104	3	9.88
1237	107	6	8.03
921	149	3	10.28
1460	109	7	23.87
105	6814	3	9.59
109	1022	7	17.33
552	470	3	16.69
958	893	3	24.25
327	758	3	16.19
2946	313	3	25.78
108	240	24	38.01
12	2938	6	8.95
389	312	3	11.96
127	2104	3	11.08
161	708	3	10.1
231	12	43	6.88
1418	172	5	30.96
115	560	6	10.06
346	5064	3	33.2
162	368	5	15.26
104	1361	6	6.74
500	2677	3	29.11
306	576	3	14.33
108	1587	4	6.8
9	16	56	30.33
4701	101	4	7.87
3457	8	3	7.08
217	198	4	8.97
102	7035	3	7.96
120	453	6	11.39
145	941	3	10.16
3198	872	3	32.93
59	2623	3	11.01
9	3002	3	6.66
310	314	4	16.59
103	304	18	7.47
418	251	5	23.99
608	494	13	125.8
107	1854	8	24.34
608	358	5	31.18
187	1109	13	125.39
661	166	3	9.87
2159	112	3	7.62
1474	17	3	14.61
304	112	8	7.95
266	490	5	26.08
320	863	5	34.59
313	1731	3	21.08
266	354	3	10.46
320	999	15	166.96
115	243	9	7.78
114	1406	3	7.24
1252	121	3	7.22
1774	113	5	17.95
115	12	327	73.09
581	140	3	7
209	204	4	9.14
342	290	3	10.95
5115	275	3	31.61
651	199	18	157.37
14	102	2602	38.14
1213	102	7	6.63
108	1181	5	8.94
605	128	4	8.48
1691	9	4	7.8
147	12	122	64.81
2499	109	4	11.26
368	104	39	120.07
147	167	6	6.72
102	5236	3	7.96
761	4650	4	51.03
1202	1259	5	53.42
156	1165	5	26.73
383	139	6	15.71
599	119	5	10.94
108	563	7	7.27
5082	199	3	29.08
126	102	91	6.77
195	283	4	11.32
494	1380	4	32.94
108	359	11	11.12
124	2074	3	11.65
370	278	3	11.43
8	3186	3	7.08
137	878	4	13.97
165	1981	4	24.79
202	143	7	12.14
791	108	7	11.52
4050	101	4	7.87
2124	106	5	9.09
101	802	14	12.24
171	1539	4	23.27
441	223	4	16.07
104	5002	4	13.17
12	526	20	7.95
108	1003	7	15.4
12	2320	7	10.44
108	867	5	7.37
569	157	3	8.65
4298	106	3	7.03
101	4958	4	7.87
340	421	3	12.73
2965	150	5	36.58
109	201	14	8.75
663	120	7	19.84
2278	9	3	6.66
1032	213	3	15.01
363	142	10	37.07
153	1347	3	13.13
173	391	5	17.9
9	5681	3	14.41
121	1252	3	7.22
746	313	3	16.4
761	170	4	17.43
568	12	25	37.34
1319	115	7	28.16
110	1306	4	8.01
101	224	37	7.52
112	315	12	21.17
438	240	17	131.13
112	211	10	6.87
2533	111	3	8.02
165	335	4	9.89
303	456	5	26.55
7035	102	3	7.96
1296	104	8	12.79
428	136	7	22.19
103	2143	7	17.03
112	3012	3	9.67
1760	2040	6	80.57
702	872	3	23.47
3742	101	5	9.84
8	114	74	8.79
200	3846	4	38.93
1888	187	4	27.12
215	1555	3	17.69
843	1292	7	76.37
107	5809	3	11.35
1094	108	5	8.11
2364	118	4	16.43
299	533	3	13.48
1320	152	6	36.12
180	1678	3	16.81
123	705	5	13.43
109	1346	5	11.24
107	3891	3	7.18
150	612	8	38.02
121	227	8	8.26
635	438	17	178.69
1007	229	4	23.42
840	12	14	8.9
2399	111	3	8.02
110	281	10	10.46
122	1629	4	14.34
1366	303	5	38.61
110	115	62	28.54
4711	113	3	13.54
155	2654	3	17.88
104	2319	5	8.95
1603	215	3	17.69
1344	119	3	7.37
285	9	11	10.89
756	85	5	9.72
812	12	16	13.89
257	211	4	11.05
635	1302	4	34.09
173	272	5	14.94
586	107	9	7.86
973	128	4	12.23
298	154	3	6.72
114	4411	3	13.7
102	1230	7	6.63
1693	1110	3	29.18
358	225	5	20.33
105	5017	4	12.79
224	613	6	33.48
1302	230	6	44.06
313	2946	3	25.78
108	666	9	16.66
4264	101	4	7.87
2354	123	4	18.62
215	127	15	37.38
2166	105	7	16.81
5472	105	3	9.59
138	1270	3	10.32
110	5926	3	16.7
16	4014	3	16.87
1279	2529	3	34.14
1375	110	4	8.74
4425	155	3	21.65
102	6159	3	7.96
105	118	141	49.94
1092	4049	3	38.71
1122	287	3	18.56
4391	116	3	13.84
651	107	17	42.5
259	420	3	11.31
3597	12	5	7.46
1447	186	4	25.16
2878	111	4	15.42
276	105	19	7.4
5826	8	3	13.35
1439	106	6	8.92
101	1927	8	15.75
1044	127	3	7.46
375	125	14	49.82
171	118	13	12.68
614	101	20	21.51
102	6737	3	7.96
16	723	4	9.34
9	3994	3	10.1
2	996	4	15.99
4165	399	3	29.7
441	262	3	12.7
142	684	8	36.83
4817	118	4	25.75
106	127	83	34.92
135	1607	3	11.19
1298	513	3	22.98
1256	150	6	33.94
716	117	4	6.68
106	200	26	14.86
529	101	22	22.14
101	723	19	30.43
117	345	6	6.64
114	3048	3	10.08
988	104	10	15.99
5082	107	3	11.35
108	586	14	37.95
108	450	13	23.49
179	1095	3	14.36
2642	12	6	8.95
2391	121	4	17.43
256	109	12	9.43
2886	12	6	8.95
664	12	18	11.15
113	827	4	6.7
1082	124	3	8.45
1302	661	4	34.48
487	4068	3	30.89
643	102	13	10.31
101	2296	6	7
199	251	4	10.42
12	300	37	16.13
12	105	1216	162.68
2254	108	4	10.13
2752	103	6	19.38
2338	105	5	8.51
136	562	4	10.37
495	106	10	7.45
1056	114	8	29.82
908	8	8	15.27
314	458	3	13.15
887	237	3	15.07
107	799	9	12.06
252	159	4	7.44
3697	101	5	9.84
174	519	3	9.24
4425	4554	3	45.67
472	180	3	9.34
2149	123	5	24.61
5069	478	3	35.6
1520	120	3	8.1
418	112	7	9.95
104	4073	4	13.17
166	207	45	321.85
3442	106	5	18.66
116	1793	3	7.37
320	635	23	261.62
1011	2256	3	34.45
120	568	5	9.48
1424	117	3	6.78
159	851	4	17.14
162	405	3	6.83
5385	215	3	29.81
12	3676	5	7.46
388	111	7	7.32
560	116	5	7.01
3083	115	3	11.52
9	160	38	84.29
155	1108	3	12.34
85	3004	3	10.11
712	425	3	18.09
407	107	17	20.82
233	838	3	14.51
483	12	25	19.2
646	135	6	21.19
119	1608	3	7.96
845	122	4	9.71
110	256	20	41.83
164	1356	3	14.06
447	266	3	11.77
110	153	22	16.65
105	3780	5	15.98
187	12	61	18.44
134	85	23	12.16
102	6634	3	7.96
968	16	3	7
1109	384	4	29.48
619	636	7	59.21
129	2352	3	13
112	545	6	9.42
1699	172	3	16.2
757	115	5	10.14
161	110	33	54.65
105	1591	6	7.53
982	101	12	11.42
6129	105	3	9.59
835	237	4	22.15
1559	1001	3	32.9
764	291	3	15.55
144	2607	3	16.18
990	2786	4	45.56
1888	103	6	11.27
513	1231	3	22.38
866	1166	3	25.21
6632	1646	3	42.45
105	260	45	93.97
1411	235	4	26.08
1351	117	3	6.78
1450	932	4	41.09
115	1872	3	7.2
127	169	15	26.1
367	223	3	9.15
1913	453	3	25.63
1108	155	3	12.34
108	791	7	11.52
3390	12	5	7.46
137	153	9	9.59
5415	115	3	18.05
154	12	70	38.69
3954	116	3	13.84
101	570	17	9.62
286	991	3	17.07
386	229	3	9.46
102	1245	8	10.2
4021	738	3	33.95
363	473	4	21.7
847	104	9	10.71
313	111	14	27.29
2702	104	5	11.49
812	133	3	7.6
229	142	7	13.12
399	468	3	14.86
716	995	3	22.79
108	2568	4	11.86
4393	109	4	20.33
105	4799	4	12.79
718	1126	5	46.21
107	542	11	12.8
107	362	14	9.71
109	2927	3	7.41
272	324	10	60.71
2091	121	3	9.84
6634	102	3	7.96
401	5103	3	34.19
1334	116	4	10.59
136	667	4	12.14
363	218	3	9.31
5046	275	3	31.61
186	267	4	10.8
107	2773	4	8.15
2036	244	4	29.75
127	426	8	22
1673	108	4	7.71
2857	171	4	29.01
5643	103	3	9.69
181	1936	6	47.97
169	304	5	14.31
108	962	6	10.22
2057	103	6	11.27
169	101	61	17.82
279	143	5	9.69
4001	101	4	7.87
335	198	4	12.63
972	131	3	8.41
2007	101	7	8.68
102	5089	3	7.96
101	3904	4	7.87
115	704	7	18.37
8	325	10	6.75
101	3828	4	7.87
7196	114	3	18.1
372	59	8	13.97
1419	105	11	35.19
831	1791	3	27.39
12	3481	5	7.46
428	164	3	7.35
288	106	23	26.06
2493	404	6	63.21
232	219	11	51.79
59	372	8	13.97
213	1051	3	15.01
150	2234	3	15.7
417	275	4	17.89
105	6072	3	9.59
101	1594	8	7.61
131	1499	3	10.98
489	115	6	8.88
2073	142	3	13.62
254	283	3	8.87
153	368	4	9.4
112	170	14	10.09
5972	109	3	15.24
4403	9	3	14.41
850	109	6	10.97
145	142	39	145.21
965	167	3	12.33
478	5069	3	35.6
675	470	6	45.94
494	696	3	18.25
1067	121	11	59.5
186	1447	4	25.16
200	3840	4	38.93
565	394	5	33.02
381	5110	3	33.85
115	731	4	6.84
3175	12	5	7.46
1326	12	10	9.5
770	9	7	11.67
279	12	38	17.07
2115	111	3	7.12
2470	104	7	23.06
3602	105	5	15.98
1898	785	3	27.88
172	552	4	14.87
3314	101	4	7.87
145	101	91	23.81
204	3060	5	49.13
104	3388	5	16.47
12	1669	8	6.94
438	230	25	224.5
12	1745	8	6.94
111	664	5	6.96
172	372	3	7.11
4749	101	4	7.87
3823	108	3	10.02
109	3767	3	8.84
4973	105	4	12.79
1018	101	11	12.36
4111	106	3	7.03
193	180	6	14.93
105	3987	4	12.79
107	1351	8	18.38
275	417	4	17.89
1153	325	4	28.81
101	1366	10	13.92
1729	2006	3	32.63
337	320	5	24.27
136	716	3	7.39
960	2	3	10.13
2565	59	3	11.01
136	768	3	8.34
511	200	3	10.69
199	863	3	13.84
118	3078	3	12.74
786	2110	3	27.88
190	374	4	13.59
761	105	18	50.25
186	3095	3	22.16
983	101	13	15.69
568	118	6	12.64
219	378	7	34.48
103	3603	5	16.15
330	204	3	8.22
240	384	3	10.2
103	5417	3	9.69
1000	12	13	10.19
176	1136	3	14.58
5042	115	3	13.65
1836	104	6	9.59
327	122	24	105.04
106	4392	3	7.03
291	142	5	9.21
1302	240	3	17.06
196	153	7	14.71
105	12	1216	162.68
101	4713	4	7.87
987	102	10	10.54
123	2115	4	17.15
186	371	4	13.29
119	694	5	10.94
12	653	20	19.03
3094	103	5	16.15
1567	105	7	11.52
285	182	3	7.69
926	117	4	8.87
812	118	4	7.82
101	349	27	13.64
334	249	5	21.67
278	267	4	14.82
154	260	44	385.23
380	345	3	12.34
137	110	22	7.02
334	148	5	12.17
3775	123	3	14.38
107	125	96	58.13
101	553	22	24.76
5667	110	3	16.7
2455	105	5	8.51
153	196	7	14.71
121	106	84	16.94
264	101	33	11.56
1387	171	3	14.7
320	112	13	25.5
116	1269	4	10.59
3171	103	4	12.92
1214	110	5	12.43
4468	103	4	12.92
3144	101	5	9.84
1509	152	3	13.49
134	198	6	6.76
878	490	3	20
102	600	12	6.8
799	1452	3	26.25
391	311	3	12.09
102	6531	3	7.96
187	320	43	411.69
103	4578	4	12.92
106	3442	5	18.66
126	1749	3	10.55
6818	107	3	11.35
118	1214	5	16.47
102	4926	4	10.62
105	1441	7	9.77
102	4850	3	7.96
6304	104	3	9.88
85	2410	3	8.96
191	518	3	10.34
1300	121	3	7.22
8	489	11	14.61
128	12	170	29.14
102	2675	5	8.48
161	204	5	9.21
2476	126	3	12.34
3839	283	4	42.55
608	283	4	21.11
283	357	3	10.75
122	1306	3	7.65
894	113	4	7.16
325	104	18	14.48
217	151	6	11.19
710	1746	7	83.77
310	272	3	10.07
124	4209	4	29.32
2793	12	6	8.95
124	2291	6	38.34
116	1830	3	8.14
1209	119	4	11.54
1468	215	3	17.69
166	9	45	78.51
188	558	3	10.36
166	160	44	309.53
475	1843	4	34.69
1068	132	3	8.9
101	3419	4	7.87
231	118	11	15.37
1418	162	3	14.01
123	152	12	9.58
532	175	3	9.52
9	207	40	95.07
129	393	5	9.55
117	3018	4	17.85
1863	372	3	22.1
170	166	5	7.11
2917	2036	3	35.77
108	282	14	14.13
176	1828	3	16.56
1750	103	6	9.25
1547	106	6	10.28
301	200	3	7.29
2966	114	5	24.88
202	597	4	17.61
637	179	3	10.78
2233	547	5	53.55
2663	111	3	9.15
85	1451	3	7.27
12	146	160	208.85
989	1495	5	53.06
722	12	17	12.32
104	2702	5	11.49
6398	102	3	7.96
106	364	25	47.32
12	315	39	25.67
106	440	24	56.5
1952	119	3	9.44
209	3845	4	39.47
131	701	5	16.35
104	3061	5	16.47
104	2957	6	19.76
106	227	20	7.74
229	1007	4	23.42
7128	106	3	11.19
440	110	7	8.55
147	118	19	18.39
1691	112	3	6.85
9	1344	5	10
104	214	36	31.65
1078	108	6	12.08
6380	103	3	9.69
115	118	70	88.52
127	1664	3	10.26
754	437	3	19.2
175	392	3	8.37
109	2121	4	9.89
387	668	3	16.74
105	1693	7	13.75
8	612	8	9.33
151	787	4	15.49
141	862	3	9.36
695	103	10	10.01
873	152	3	10.43
645	644	3	19.69
104	1485	7	12.12
9	404	9	8.29
378	219	7	34.48
2095	287	3	21.43
431	303	6	33.53
117	1334	3	6.78
102	6904	3	7.96
571	107	10	9.11
426	1617	3	22.39
3945	113	3	13.54
361	3059	5	55.86
207	104	54	96.7
636	505	3	18.12
121	1078	3	6.74
466	761	3	19.11
332	193	3	7.68
130	1140	3	9.96
104	5819	3	9.88
2943	104	6	19.76
6729	105	3	9.59
2128	8	5	14.34
1600	101	7	8.68
486	101	22	19.86
109	1017	6	12.69
1101	316	4	27.44
101	2150	7	8.68
5302	103	3	9.69
9	1609	4	6.89
108	311	22	47.49
1082	318	7	58.56
104	392	14	9.27
1388	1109	11	160.7
267	381	3	11.02
104	6603	3	9.88
105	4650	4	12.79
611	348	3	15.4
8	3618	3	7.08
1140	287	4	28.36
8	3542	3	9.08
2315	113	3	8.78
117	139	17	7.46
106	409	12	8.05
111	1300	4	8.49
271	275	5	20.42
1092	287	3	20.57
121	2072	4	15.97
104	4922	4	13.17
12	133	130	17.4
2366	104	5	11.49
2294	115	4	14.82
307	124	17	64.59
177	113	11	7.28
608	107	12	16.1
4346	102	4	10.62
102	7242	3	7.96
237	993	3	15.49
325	218	3	9.31
365	268	3	10.57
102	1081	8	7
156	3011	4	27.47
661	418	4	25.46
877	277	5	33.72
108	3822	3	10.02
276	385	4	17.14
3299	108	3	7.99
231	105	23	6.87
5428	106	3	11.19
133	1817	4	18.79
4456	105	4	12.79
156	316	5	13.24
118	1678	4	13.79
310	5056	3	32.36
103	3116	4	8.36
118	1782	4	13.79
2451	117	3	9.77
162	543	3	8.88
106	4136	3	11.19
113	1956	7	35.97
110	2157	3	6.75
2464	106	5	10.96
106	3821	3	7.03
156	467	8	36.1
2618	453	3	26.86
5875	1496	3	43.21
342	173	3	6.9
156	571	3	8.47
2181	118	3	9.13
108	1176	5	8.94
3186	8	3	7.08
763	101	13	7.51
105	3503	3	9.59
171	146	6	6.72
184	1227	3	15.09
58	9	33	29.72
1700	12	8	6.94
171	211	4	6.73
1457	16	4	15.32
571	283	6	36.69
110	993	6	14.37
101	2077	7	8.68
8	2590	4	10.62
2421	4372	3	40.61
130	1188	6	28.65
276	133	8	19.2
108	3927	3	10.02
103	420	14	8.03
145	631	3	7.62
228	1023	3	16.04
110	1644	9	43.8
791	107	9	12.06
1233	9	4	7.8
106	6365	3	11.19
1203	3206	3	34.45
136	275	6	11.74
106	238	21	11.44
2631	2617	3	38.04
2113	9	6	20.22
632	102	14	11.95
147	105	49	11.28
999	187	15	145.06
2030	114	5	19.9
1478	101	8	7.61
396	269	8	49.78
104	187	49	59.02
1060	150	3	11.39
1266	147	3	11.84
3825	106	3	7.03
389	564	3	15.65
156	1237	3	13
219	1087	6	42.39
267	278	4	14.82
106	5028	3	7.03
2314	125	4	18.86
363	147	4	8.71
106	819	9	12.79
2916	106	4	7.96
223	249	3	6.95
111	2065	3	7.12
12	1109	12	12.14
1688	327	3	21.22
352	141	7	19.73
524	150	9	41.92
1651	187	5	35.44
424	200	5	20.77
101	295	34	19.28
278	397	10	73.1
118	256	15	34.06
12	2165	8	11.93
5721	102	3	7.96
2316	12	7	10.44
12	2317	5	7.46
113	6634	3	17.93
104	848	11	16.74
373	115	11	22.75
102	5959	3	7.96
1506	625	3	24.67
302	156	4	8.46
170	936	3	12.71
109	149	21	6.75
330	16	5	6.83
2008	167	3	16.61
133	116	19	6.74
1243	107	7	11.83
2783	9	3	6.66
176	12	66	16.91
1011	116	4	9.83
1760	2113	6	80.57
12	3599	5	7.46
2274	102	6	10.81
279	122	6	7.34
102	5186	3	7.96
243	142	11	31.68
635	230	22	220.16
116	1391	4	10.59
106	2022	8	29.87
112	320	13	25.5
9	4403	3	14.41
751	123	4	9.78
112	143	30	33.02
178	125	22	57.9
114	3259	3	11.57
381	141	4	7.79
109	3722	3	8.84
3497	105	4	8.23
1467	123	4	14.9
337	136	8	24.02
102	6321	3	7.96
165	131	17	38.23
1555	189	3	16.54
2894	114	3	10.08
208	267	3	6.84
106	1692	9	33.61
1126	718	5	46.21
121	117	26	7.26
488	173	8	43.07
2455	118	3	10.07
172	162	6	10.02
1063	101	12	14.01
115	2199	4	14.82
187	337	5	17.92
912	2	3	9.73
4540	106	3	7.03
411	132	4	7.12
2856	118	3	11.23
3207	145	4	28.11
123	4560	3	16.55
110	112	53	12.14
2026	599	3	26.88
129	900	4	12.97
210	158	4	6.89
106	3411	5	18.66
1331	2165	3	31.87
103	2539	5	8.66
156	722	5	21.73
387	544	3	15.41
101	4011	4	7.87
113	6303	3	17.93
106	2289	5	10.96
117	4600	4	25.32
133	368	27	161.94
102	4040	4	10.62
127	215	15	37.38
4797	101	4	7.87
1133	103	11	25.28
668	200	3	12.21
4011	101	4	7.87
116	546	5	7.01
12	704	17	15.16
200	587	4	17.61
3810	173	4	37.25
586	108	14	37.95
171	1849	3	16.09
120	1867	6	28.39
1097	982	6	62.9
117	782	4	7.45
1114	101	10	8.45
110	1557	4	9.57
137	112	21	9.16
489	1344	3	22.53
200	451	5	21.72
272	361	3	11.01
107	255	20	13.98
842	2529	3	30.52
114	2164	7	36.36
1550	419	3	22.2
2483	127	4	19.13
1574	108	5	10.99
341	1568	4	30.56
6980	103	3	9.69
340	314	3	11.07
119	664	4	6.72
1864	105	9	28.79
1836	132	3	11.77
146	103	54	15.6
215	117	33	116.1
7185	105	3	9.59
1422	114	5	15.63
215	180	5	12.05
1887	145	4	22.12
146	246	7	16.09
362	1409	3	20.53
1573	1019	3	27.92
108	718	7	10.06
104	1055	7	6.64
298	326	3	10.44
122	1016	3	6.73
164	401	3	7.03
3542	9	3	10.1
251	384	12	80.2
537	229	4	18.01
139	3210	4	26.53
5925	102	3	7.96
6444	104	3	9.88
257	12	57	85.35
1014	111	9	33.75
229	186	5	13.35
130	825	3	7.64
2011	121	3	10.8
187	170	32	189.51
1024	107	8	13.13
110	197	12	8.09
109	4081	3	10.91
107	1587	5	6.69
105	3777	5	15.98
105	5770	3	9.59
4288	113	4	23.92
187	290	3	7
228	12	45	13.78
3011	156	4	27.47
153	158	6	7.13
320	324	4	16.76
394	352	3	12.8
449	230	10	62.93
8	383	19	37.59
4586	101	4	7.87
1678	118	4	13.79
12	3175	5	7.46
2026	372	4	33.74
182	284	4	10.66
3626	114	3	11.57
1513	59	3	7.45
359	108	11	11.12
798	173	3	12.33
138	106	46	7.51
1362	101	10	13.92
3287	106	4	10.26
833	3620	3	32.1
9	1050	6	11.23
151	110	53	114.98
867	101	10	6.68
337	170	3	6.79
489	9	11	17.82
107	1122	6	8.03
4075	107	3	7.18
728	140	3	7.79
1153	116	5	13.87
103	907	9	10.25
112	12	487	514.31
2120	102	7	13.18
112	167	21	26.08
4011	1336	4	56.17
107	359	14	9.71
1994	107	5	9.32
110	1214	5	12.43
103	1746	5	6.89
142	243	11	31.68
208	1245	3	16.47
710	294	3	15.35
183	153	5	7.1
2804	119	3	11.56
142	167	10	16.81
102	5806	3	7.96
246	185	4	9.57
330	182	4	12.09
1333	101	11	21.66
552	675	7	58.73
147	653	3	8.12
118	110	93	130.49
261	103	47	107.15
2144	148	7	52.47
313	2729	3	24.2
118	155	13	8.8
59	1323	3	6.86
4506	8	3	9.08
3058	108	3	7.99
413	103	20	24.82
267	5104	3	31.5
2001	123	3	10.71
12	474	24	13.52
241	118	9	10.72
126	3018	4	21.39
905	1344	3	27.75
1537	651	3	24.95
106	321	18	18.76
12	370	27	8.72
130	399	5	10.19
1134	105	13	41.6
120	1561	3	8.1
4379	101	4	7.87
354	2430	3	23.83
101	853	14	14.53
107	1003	7	9.38
117	428	7	12.47
122	327	24	105.04
426	244	3	10.8
817	2594	3	31.81
267	229	3	7.49
455	107	15	19.11
5138	102	3	7.96
9	1127	5	8.22
2262	109	3	7.41
3235	104	4	8.6
104	124	84	26.21
618	116	4	7.5
314	5069	3	32.63
986	1624	4	39.75
396	170	4	12.89
109	747	6	8.93
795	774	4	33.01
220	202	4	9.16
106	3717	5	18.66
306	104	21	14.99
162	126	10	9.79
59	1	5	12.86
104	1571	6	8.01
9	434	13	22.91
156	420	4	11.17
145	2575	4	25.51
421	1092	3	22.96
101	3194	5	9.84
160	166	44	309.53
111	184	13	9.24
2251	118	3	10.07
1618	169	4	23.19
5770	105	3	9.59
5245	110	3	16.7
102	6818	3	7.96
487	219	6	30.97
107	1630	5	6.69
110	1102	4	7.37
3686	117	3	12.43
114	3758	3	11.57
3403	105	4	8.23
3068	8	3	7.08
459	101	20	9.35
103	316	18	9.01
106	1270	8	15.94
108	3891	3	10.02
5028	106	3	7.03
238	114	10	10.1
3610	198	3	22.38
619	58	3	8.78
3878	101	4	7.87
153	748	5	21.56
125	118	27	15.59
102	7127	3	7.96
1100	392	4	30.98
708	103	12	15.41
293	2653	3	23.93
9	177	16	6.92
444	12	28	22.85
416	186	3	9.23
3388	104	5	16.47
2055	104	5	7.16
101	3449	5	9.84
5161	107	3	11.35
321	391	4	19.27
128	647	4	9.5
407	283	4	17.73
102	2196	7	18.59
798	1062	3	24.31
9	1458	4	6.89
1726	1011	3	29.73
3645	12	5	7.46
7143	102	3	7.96
132	115	23	11.33
930	3885	3	35.62
4425	761	3	33.6
2957	104	6	19.76
1959	59	6	29.35
3913	101	4	7.87
3678	120	3	13.21
12	118	396	553.42
106	458	13	12.43
135	1346	3	10.56
12	217	51	16.25
126	2805	4	21.39
142	1008	7	37.04
4261	101	4	7.87
3220	105	4	8.23
364	145	5	12.59
2981	458	3	26.66
2118	293	5	43.37
107	614	12	16.1
101	1107	10	8.45
696	232	3	13.09
120	2150	3	9.58
180	1623	3	16.07
4622	127	3	16.94
1678	180	3	16.81
105	1555	10	31.99
5135	337	3	33.2
104	1711	9	29.65
204	363	3	8.77
1005	108	5	7.37
59	8	74	18.51
322	114	7	9.38
510	191	3	10.12
3834	101	4	7.87
110	139	29	18.65
1115	113	5	13.4
110	188	14	10.56
85	832	4	6.92
237	391	3	9.96
287	2633	4	35.09
101	1294	10	10.74
2760	1062	3	31.81
404	137	5	11.85
153	163	6	7.13
3592	12	5	7.46
1699	156	3	14.96
172	151	10	21.55
394	565	5	33.02
208	229	4	9.46
496	387	3	15.17
340	5122	3	32.77
118	2866	3	11.23
3177	1018	5	68.68
7227	102	3	7.96
106	979	7	8.09
12	794	14	6.96
173	177	15	61.99
481	107	10	6.7
405	167	3	7.15
729	110	5	7.72
226	621	3	12.44
105	276	19	7.4
170	635	19	155.99
278	2975	4	35.26
156	1890	3	15.81
1302	187	12	115.59
225	533	3	11.55
244	2036	4	29.75
2426	284	3	23.44
113	278	13	24.9
133	132	11	6.72
117	2337	3	9.77
101	3150	5	9.84
2093	132	3	12.6
1599	110	4	9.57
245	874	9	71.01
118	14	398	12.2
373	191	4	13.2
2002	1736	3	32.63
380	197	3	8.7
107	498	16	26.31
452	142	5	13.64
8	5826	3	13.35
464	3840	4	47.03
4464	104	4	13.17
401	3049	4	45.71
323	208	4	12.65
399	130	5	10.19
103	1787	8	20.01
130	974	5	18.86
3423	12	5	7.46
363	107	19	24.5
4316	107	3	7.18
6294	107	3	11.35
513	5115	3	35.83
102	9	277	8.01
1738	12	9	13.43
656	137	3	6.83
101	1550	9	12.15
768	310	3	16.64
7074	102	3	7.96
116	1556	3	6.7
218	342	3	8.76
178	224	7	21.52
104	3235	4	8.6
102	2975	5	8.48
123	1057	3	7.11
107	4141	3	7.18
138	105	68	20.27
387	136	4	7.47
12	3541	5	7.46
141	381	4	7.79
1602	334	3	20.89
428	117	7	12.47
867	108	5	7.37
2026	59	3	8.91
1566	110	5	14.62
520	110	26	137.2
111	2409	3	8.02
661	251	14	118.55
160	239	44	380.77
883	323	3	17.29
12	1309	10	6.68
448	159	3	7.29
392	173	3	8.37
1898	101	7	8.68
5180	132	3	22.97
120	219	8	7.89
3519	105	4	8.23
4488	112	3	13.27
102	746	11	9.47
107	1831	8	24.34
198	12	50	7.36
106	5749	3	11.19
124	848	3	6.86
350	115	7	7.84
249	142	9	24.03
819	104	9	9.56
115	149	16	8.36
155	761	4	15.69
103	6015	3	9.69
104	6444	3	9.88
167	12	75	18.47
222	1873	3	18.7
389	574	3	15.65
491	172	3	8.77
116	4561	3	13.84
2262	12	6	8.95
113	7054	3	17.93
12	2724	6	8.95
114	231	9	7.11
4764	384	3	29.53
1053	694	14	185.24
180	161	5	7.53
848	104	11	16.74
3396	102	5	13.28
297	103	24	19.9
5737	106	3	11.19
6612	103	3	9.69
5114	513	3	35.83
2005	106	6	14.07
103	1274	7	8.53
827	336	3	17.04
771	932	3	25.21
101	791	13	9
230	112	16	26.31
12	117	272	49.89
1680	108	4	7.71
235	143	6	10.65
12	180	90	112.4
104	4904	4	13.17
251	1109	13	136.54
101	962	12	11.42
673	8	7	7.63
184	101	49	11.49
2233	460	3	25.42
105	4664	4	12.79
1029	704	3	24.08
142	2137	3	13.62
6710	431	3	34.56
104	438	26	54.71
2886	113	4	16.48
1272	2445	3	31.62
4286	104	4	13.17
1117	107	6	7.05
348	611	3	15.4
999	438	9	85.39
921	12	13	7.81
127	818	4	10.71
318	135	5	8.67
336	12	36	22.34
4926	102	4	10.62
532	151	3	7.1
141	640	3	7.37
104	1302	9	17.44
102	2347	5	8.48
4053	181	3	23.88
101	3512	5	9.84
171	2857	4	29.01
102	4205	3	7.96
999	1302	6	64.2
4888	106	3	7.03
1297	110	4	8.01
803	105	18	57.64
1089	101	10	8.45
2085	117	3	8.83
85	203	20	37.81
1284	106	11	34.55
203	286	8	34.92
407	341	7	42.23
102	4280	4	10.62
315	210	3	8.59
1202	168	3	13.89
108	1366	5	9.89
9	343	10	7.68
7038	404	3	34.19
106	4139	3	7.03
9	134	32	7.71
121	2405	5	28.14
797	59	8	27.05
713	171	5	23.61
6082	105	3	9.59
59	837	7	22.37
3134	12	5	7.46
1844	597	6	62.58
851	124	3	6.86
642	493	3	17.95
102	7177	3	7.96
217	268	4	11.86
5916	102	3	7.96
2636	2442	3	36.79
691	227	3	12.92
251	1651	6	50.8
107	652	11	14.75
761	995	3	23.12
458	2981	3	26.66
117	197	9	7
131	972	3	8.41
122	554	5	10.2
1594	188	3	16.47
12	279	38	17.07
136	389	5	11.38
351	238	3	9.23
121	2011	3	10.8
1133	669	3	23.44
235	12	62	67.79
1354	12	10	9.5
106	500	11	9.95
103	1581	7	13.97
130	107	126	190.69
2173	175	4	26.24
2975	4393	4	62.95
1948	110	3	6.75
1389	59	4	11.61
170	112	14	10.09
105	6956	3	9.59
242	2587	6	61.19
1984	274	3	21.31
127	716	5	14.02
1808	778	4	39.17
5112	200	3	29.16
116	4393	3	13.84
3672	105	4	8.23
245	125	51	311.08
720	141	5	17.98
4713	101	4	7.87
116	4333	3	13.84
106	2711	4	7.96
914	106	14	40.94
167	575	3	9.22
409	321	4	19.97
358	2270	4	34.84
120	3704	3	13.21
2807	114	6	36.24
147	106	47	21.86
3456	189	3	21.94
101	2587	6	11.81
109	653	6	7.34
117	2821	6	38.01
327	869	3	17.29
4831	101	4	7.87
3933	106	3	7.03
12	2891	6	8.95
426	254	9	56.06
314	290	3	10.68
105	2338	5	8.51
953	121	4	10.16
116	618	4	7.5
12	384	25	7.14
106	12	902	85.49
385	163	4	10.74
827	113	4	6.7
918	111	6	14.26
12	588	17	6.68
2023	85	3	8.04
5648	102	3	7.96
209	5135	3	29.56
3686	133	3	16.55
110	1056	4	6.79
109	3273	3	8.84
103	6616	3	9.69
103	413	20	24.82
113	3540	4	19.02
107	3575	5	18.93
2342	594	3	28.9
128	948	3	7.4
855	118	4	8.26
270	246	3	8.17
59	911	6	17.85
108	1187	6	13.19
14	110	612	14.49
3550	8	4	13.03
126	1512	9	58.79
929	108	7	14.27
2270	358	4	34.84
5122	616	3	36.86
16	59	35	32.13
3206	1203	3	34.45
110	548	6	7.87
106	3305	3	7.03
113	1202	5	14.32
125	2314	4	18.86
2979	174	3	19.34
121	2661	3	11.97
176	238	4	8.34
204	275	6	22.26
381	5126	3	33.85
299	188	3	6.78
1828	176	3	16.56
335	165	4	9.89
531	149	3	7.2
1624	986	4	39.75
922	241	4	23.53
261	208	3	6.64
108	929	7	14.27
569	12	20	11.26
3485	12	5	7.46
2575	130	4	22.43
1487	121	6	27.01
104	847	9	10.71
317	133	13	47.05
157	875	3	11.33
3405	126	4	23.97
132	896	3	8.09
5192	4109	3	50.17
2829	12	6	8.95
739	121	4	8.29
7214	121	3	20.07
616	5123	3	36.86
1001	1600	6	78.56
121	1139	3	6.74
5747	105	3	9.59
853	101	14	14.53
674	106	9	8.95
121	1190	4	12.07
173	381	3	7.73
229	363	3	9.31
774	1194	3	25.35
1763	103	5	6.89
1958	118	4	14.98
101	178	58	21.95
224	1014	4	23.42
120	2124	3	9.58
16	1457	4	15.32
230	635	22	220.16
200	341	3	8.01
12	840	14	8.9
4194	148	3	20.51
704	101	13	7.51
756	120	5	12.15
111	1875	3	7.12
3871	101	4	7.87
12	705	18	16.44
111	1664	4	11.05
12	637	20	15.9
278	150	4	7.19
324	764	4	24.16
7366	106	3	11.19
1029	118	5	15.52
993	147	3	10.41
102	1173	8	7
122	1014	3	6.73
102	1344	7	6.63
272	376	4	17.67
200	446	3	10.07
881	228	3	15.17
1388	384	3	21.18
291	275	3	9.39
113	177	11	7.28
367	153	4	9.59
1246	109	7	20.11
12	2435	7	10.44
1664	111	4	11.05
434	12	28	22.85
222	172	4	7.61
139	812	3	7.98
4295	107	3	7.18
1773	135	3	11.91
1271	445	3	21.31
12	3257	5	7.46
565	16	5	12.51
1408	102	7	6.63
349	283	3	10.75
587	387	4	23.75
2975	5972	3	46.35
764	324	4	24.16
863	251	6	41.16
103	6755	3	9.69
172	235	4	7.82
661	999	13	157.22
228	253	3	7.42
679	383	4	24.9
1526	103	9	23.02
432	198	3	9.44
3904	101	4	7.87
153	147	13	27.06
355	210	3	9.36
287	4505	4	42.71
411	131	4	7.02
110	171	21	22.82
381	512	4	22.74
4540	105	4	12.79
107	1537	5	6.69
2908	8	4	10.62
7294	102	3	7.96
146	534	3	6.66
675	1229	11	135.92
2200	9	4	10.23
401	135	4	7.27
104	661	14	20.73
123	1794	5	22.89
158	151	8	11.98
133	104	59	9.47
384	353	3	12.8
999	661	13	157.22
354	303	3	11.13
186	229	5	13.35
293	2118	5	43.37
105	357	35	80.85
1278	150	3	12.49
2350	108	4	10.13
111	1997	3	7.12
121	1114	3	6.74
12	973	12	6.75
2466	101	7	13.78
105	2802	6	19.18
115	5415	3	18.05
380	110	11	19.03
3472	103	4	8.36
707	117	4	6.68
326	207	44	452.27
1564	101	9	12.15
5103	267	3	31.5
366	233	3	9.48
1160	2984	3	32.31
122	1904	3	11.25
16	8	63	30.23
193	118	10	9.49
175	2173	4	26.24
395	1257	4	31.34
108	1649	6	17.8
156	891	5	24.25
260	9	37	110.74
260	160	46	430.61
923	140	4	14.57
197	375	3	8.56
102	2945	5	8.48
138	190	7	10
1496	3396	3	36.48
6055	102	3	7.96
85	2260	3	8.96
9	776	16	69.65
176	544	3	9.75
189	3456	3	21.94
1934	1481	3	32.63
123	650	4	8.58
421	121	5	7.15
1311	108	5	9.89
404	101	23	11.52
376	136	7	20.55
106	1752	7	17.27
376	337	3	12.64
1438	103	9	19.54
1401	1563	3	29.57
397	4393	4	47.94
165	519	8	39.46
110	14	612	14.49
626	106	10	10.21
715	1568	5	50.26
12	660	18	11.15
142	455	5	13.64
106	7066	3	11.19
3193	108	5	23.9
870	8	8	15.27
1491	101	8	7.61
517	106	17	31.31
106	937	8	11.49
719	2786	4	43.4
101	356	27	14.9
5792	105	3	9.59
8	4143	3	13.35
3775	112	3	11.15
137	14	196	9.1
179	119	11	11.02
1626	475	5	45.13
1282	202	7	52.18
849	176	4	18.94
173	5046	3	27.91
168	172	5	7.47
2102	9	4	8.88
105	154	59	91.13
171	3514	4	31.62
617	102	12	6.8
101	2855	6	11.81
105	238	23	8.07
212	12	55	20.91
101	924	14	21.16
959	16	3	7
436	104	29	73.11
117	204	10	9.86
1279	234	6	47.4
925	387	3	19.37
314	424	3	12.59
358	608	5	31.18
397	5972	3	35.83
12	206	51	12.02
3004	85	3	10.11
12	149	87	7.75
716	445	6	45.77
12	326	44	57.51
451	340	3	13.28
103	1460	9	23.02
12	250	57	65.35
101	4264	4	7.87
856	552	3	20.29
2837	59	4	17.97
1460	118	3	7.66
234	1279	6	47.4
429	1048	3	20.27
606	601	4	28.16
267	397	3	12.91
2910	110	3	8.76
1188	145	5	25.3
451	5109	3	34.96
123	143	18	20.21
101	3486	5	9.84
4795	106	3	7.03
956	4747	3	35.16
2960	106	5	13.59
924	101	14	21.16
110	2456	3	7.65
4370	392	3	34.56
140	402	5	12.57
361	458	3	13.85
1930	103	5	6.89
300	101	28	7.86
5738	110	3	16.7
113	2024	8	47.89
124	1010	3	8
16	1076	3	8.34
117	1424	3	6.78
4035	102	4	10.62
111	472	6	7.4
12	1426	10	9.5
116	1691	3	7.37
475	1626	5	45.13
995	466	4	30.28
2901	12	6	8.95
121	758	4	8.29
310	16	6	9.14
177	424	3	8.67
956	192	3	13.97
1100	156	3	13
1700	113	7	32.56
1008	142	7	37.04
956	135	4	13.9
12	1275	10	6.68
129	2952	3	14.19
121	1011	4	12.07
276	250	3	8.47
939	12	12	6.75
9	4797	3	10.1
855	105	9	8.88
4761	101	4	7.87
3891	108	3	10.02
640	141	3	7.37
1483	152	5	28.86
8	673	7	7.63
138	704	3	7.53
4643	101	4	7.87
3530	108	5	23.9
1900	110	3	6.75
14	112	523	16.9
103	4898	4	12.92
108	1312	5	9.89
105	7186	3	9.59
714	2101	3	27.53
114	325	9	15.24
848	132	4	12.66
328	125	15	51.64
216	103	68	182.32
5014	105	4	12.79
1107	101	10	8.45
180	191	4	6.87
2947	101	6	11.81
3271	233	4	35.3
173	2182	7	65.41
195	101	50	18.8
126	112	25	7.21
1852	114	7	32.95
833	2678	4	44.41
2925	156	3	18.02
1245	12	11	16.41
174	158	5	6.79
109	2496	4	11.26
122	296	6	7.34
145	1887	4	22.12
3969	3130	3	47.94
12	461	26	17.86
103	1308	11	29.11
383	9	13	19.11
12	2645	5	7.46
1609	165	3	14.76
104	111	140	8.94
118	681	5	10.92
108	387	12	15.57
104	240	29	22.47
101	4536	4	7.87
256	12	49	34.76
4573	107	3	7.18
3456	104	4	8.6
120	3678	3	13.21
180	176	7	17.3
256	243	3	7.51
220	270	3	7.34
106	6396	3	11.19
1050	325	3	19.05
1854	242	9	92.25
2468	127	3	12.05
1587	108	4	6.8
153	1756	3	14.51
5542	872	3	39.66
357	105	35	80.85
136	101	113	33.61
142	737	4	13.04
125	1174	3	8.21
106	136	48	10.89
184	374	4	12.96
667	141	3	7.65
4948	105	4	12.79
1421	114	4	10.42
110	1795	5	15.99
2110	103	6	11.27
4585	101	4	7.87
112	737	5	9.06
681	118	5	10.92
106	1618	10	37.35
602	2003	3	27.04
12	1258	10	6.68
141	2258	3	14.51
418	376	4	21.06
12	1326	10	9.5
242	1854	9	92.25
155	4554	3	21.65
3833	108	4	19.11
4057	106	4	14.93
109	3295	3	8.84
2617	2625	3	38.04
164	2058	3	16.3
104	1436	7	10.35
445	1271	3	21.31
1936	181	6	47.97
494	188	5	21.47
665	777	3	21.28
473	190	5	22.05
150	525	3	7.03
2450	760	3	28.55
123	560	6	15.16
294	710	3	15.35
408	1081	3	20.21
276	2797	3	23.44
2415	119	3	10.39
4429	113	3	13.54
9	102	277	8.01
262	1476	3	20.2
85	2941	3	10.11
101	3585	5	9.84
105	2039	5	6.75
147	1296	3	11.84
1380	608	4	34.57
123	12	186	23.79
2980	102	5	8.48
896	111	5	9.96
5679	106	3	11.19
1377	141	3	11.33
238	101	36	8.68
142	1813	4	19.87
661	449	7	55.13
4845	101	4	7.87
1192	110	4	8.01
4147	112	3	13.27
393	129	5	9.55
4346	278	4	42.88
102	7143	3	7.96
5003	8	4	17.8
1461	127	3	9.56
12	157	81	17.09
5304	105	3	9.59
12	106	902	85.49
143	334	4	7.39
252	103	36	47.89
107	734	10	14.52
571	1237	3	22.87
959	112	5	11.44
107	802	8	8.82
132	161	9	9.96
1026	12	11	7.82
104	6622	3	9.88
245	156	4	6.83
776	133	3	7.94
104	495	14	14.31
1750	252	4	29.03
409	287	3	11.97
6970	102	3	7.96
196	756	4	19.4
512	5110	3	35.83
396	561	3	16.35
1201	167	8	57.4
101	2363	7	13.78
226	158	6	14.06
921	122	4	10.2
554	1065	3	21.58
101	2259	6	7
170	324	5	15.3
1107	396	3	20.58
101	4221	4	7.87
2040	9	7	27.81
3502	137	3	16.96
147	2314	3	15.62
109	4836	3	10.91
101	463	18	7.24
105	2954	6	19.18
107	224	19	7.06
601	606	4	28.16
173	9	20	12.09
5056	310	3	32.36
1014	224	4	23.42
103	2060	6	11.27
223	429	3	10.3
542	727	4	29.01
109	370	12	17.91
801	168	3	11.3
420	103	14	8.03
590	524	3	17.85
6255	103	3	9.69
328	874	5	35.06
6924	105	3	9.59
12	2541	7	10.44
169	358	3	6.69
831	658	3	21.35
445	716	6	45.77
179	132	7	7.86
695	1854	3	26.66
4843	118	3	14.89
327	127	9	21.3
4664	105	4	12.79
1561	120	3	8.1
719	1151	4	35.01
4534	8	3	9.08
197	138	10	21.21
391	5136	3	33.85
5356	453	3	35.16
1231	513	3	22.38
6489	105	3	9.59
106	3656	4	10.26
141	327	6	14.03
5496	104	3	9.88
591	12	18	7.58
391	209	3	9.22
110	140	21	7.39
6885	4815	3	50.17
320	272	4	15.92
104	3625	4	8.6
376	290	3	11.83
214	391	4	14.48
1347	113	5	15.36
394	488	3	15.57
309	335	6	30.38
193	266	5	15.61
1575	144	3	12.42
123	2354	4	18.62
58	852	3	10.6
102	177	43	19.39
544	387	3	15.41
326	9	36	130.74
2773	107	4	8.15
326	160	45	471.59
103	7052	3	9.69
2168	833	3	28.25
105	1167	7	7.15
1254	138	3	10.32
6741	105	3	9.59
4212	117	3	14.57
101	3839	4	7.87
417	5059	3	34.38
221	677	3	13.09
2143	105	8	25.59
129	750	4	11.91
288	105	19	8.37
260	207	44	403.74
428	106	12	8.6
1039	217	3	15.33
428	233	3	10.45
318	1082	7	58.56
186	330	4	12.53
101	2947	6	11.81
114	612	5	7.9
115	2121	3	7.97
186	278	6	22.17
102	5790	3	7.96
101	3127	5	9.84
446	110	7	9.32
663	203	3	11.92
109	118	77	54.66
302	138	6	12.27
118	123	25	11.24
118	171	13	12.68
12	2344	6	8.95
2093	147	7	52.65
496	209	3	11.07
107	479	10	6.7
1055	272	4	26.05
380	256	3	10.45
105	4940	4	12.79
107	375	19	24.5
4240	122	4	27.41
104	2394	5	8.95
5963	124	3	21.98
583	156	3	8.47
153	1191	3	12.55
517	505	3	17.11
3651	102	5	13.28
104	4464	4	13.17
1055	318	3	18.04
8	3857	3	9.08
107	421	16	19.48
200	293	4	12.06
386	553	3	15.24
200	173	7	19.43
272	187	4	11.03
101	194	61	48.58
2515	103	5	8.66
308	184	3	6.77
121	1290	3	7.22
4464	105	4	12.79
211	171	4	6.73
223	105	70	215.54
105	532	27	86.55
274	109	13	14.46
7242	102	3	7.96
498	107	16	26.31
105	6643	3	9.59
138	1520	3	11.52
133	266	8	18.35
105	380	19	16.7
114	690	5	8.73
302	317	4	15.91
106	2507	4	7.96
1726	107	5	7.87
118	241	9	10.72
105	1352	8	14.05
161	427	3	7.21
105	1216	8	12.11
658	111	5	6.96
5556	109	3	15.24
109	1520	4	7.85
1816	2016	3	32.63
182	429	3	9.08
2293	602	3	27.04
106	3269	5	18.66
2098	104	7	17.46
3717	12	5	7.46
107	1183	6	8.03
110	528	6	7.48
2619	110	3	8.76
309	201	3	7.73
906	105	8	7.01
16	330	5	6.83
1305	105	9	16.64
214	141	11	27.94
214	318	6	24.14
104	3236	4	8.6
738	101	13	9
355	103	26	36.94
123	4447	3	16.55
16	381	5	8.09
3891	2235	3	40.61
573	1593	7	73.84
145	455	12	59.04
284	223	6	23.3
104	3611	4	8.6
191	434	3	9.34
160	4209	4	39.14
210	315	3	8.59
139	656	19	133.67
513	1298	3	22.98
546	116	5	7.01
2116	109	4	9.89
59	9	67	21.49
603	12	19	10.22
12	3361	5	7.46
322	113	11	23.52
2151	115	3	7.97
240	104	29	22.47
1217	556	4	33.36
836	215	6	37.96
119	829	4	8.65
128	1556	3	9.93
446	482	4	23.89
312	229	3	8.38
133	385	5	10.49
671	703	3	20.91
103	5449	3	9.69
113	277	8	8.22
2442	2636	3	36.79
508	4217	3	31.11
826	226	3	16.08
107	242	25	21.87
1401	325	3	20.68
917	237	3	15.07
190	321	4	12.99
187	1388	11	105.82
102	7270	3	7.96
502	110	6	7.12
7066	106	3	11.19
394	1326	3	21.18
547	460	6	44.24
103	2110	6	11.27
103	1990	5	6.89
136	885	3	9.09
179	653	3	11.04
106	4934	3	7.03
1082	307	4	27.09
273	255	3	8.65
108	314	16	23.57
12	2980	6	8.95
59	2024	3	8.91
106	2879	5	13.59
409	108	15	28.78
445	127	5	9.46
132	175	7	7.31
101	2177	7	8.68
12	116	283	26.81
12	179	62	15.01
112	1691	3	6.85
12	231	43	6.88
118	2140	3	9.13
241	368	3	9.68
358	777	3	17.1
1391	104	11	36.25
101	961	12	14.01
4040	102	4	10.62
1168	12	12	12.14
673	9	7	9.56
1890	156	3	15.81
325	1401	3	20.68
230	438	25	224.5
584	275	3	13.74
108	3829	3	10.02
145	1099	8	49.19
106	1284	11	34.55
12	1564	9	8.21
731	115	4	6.84
2072	85	3	8.04
1904	130	3	13.1
1556	128	3	9.93
1090	1025	3	27.25
217	296	3	7.68
230	1302	6	44.06
122	1338	3	8.19
4007	102	4	10.62
404	2493	6	63.21
4286	1579	3	37.95
121	2421	3	10.8
139	210	6	9.57
360	141	6	15.37
5105	321	3	33.2
952	101	15	29.54
519	152	3	7.35
8	897	6	8.58
231	148	6	11.38
8	1033	7	13.36
161	630	3	9.27
350	59	11	24.41
9	372	9	6.81
104	1386	6	6.74
3030	106	5	13.59
123	546	4	7.02
203	589	3	11.4
3780	105	5	15.98
101	3408	5	9.84
114	1563	4	11.28
1280	110	4	8.01
5126	464	3	35.16
9	2779	6	28.84
9	2839	6	28.84
392	218	3	10.28
9	2659	6	28.84
135	142	10	6.9
6785	102	3	7.96
319	12	35	17.45
2040	1760	6	80.57
3231	12	5	7.46
17	16	15	22.83
2786	990	4	45.56
4010	111	3	12.73
7114	113	3	17.93
110	1873	9	50.17
937	1085	13	186.98
119	2804	3	11.56
103	6014	3	9.69
553	386	3	15.24
104	112	152	29.28
113	894	4	7.16
563	108	7	7.27
101	2484	6	7
999	112	13	65.21
180	162	6	11.06
180	103	29	6.67
4934	106	3	7.03
85	1332	5	15.67
184	395	3	8.51
538	118	5	8.45
258	110	9	6.75
142	716	3	7.73
136	337	8	24.02
5414	105	3	9.59
3919	118	3	14.89
2504	127	3	12.05
106	168	28	7.59
3142	110	3	10.22
295	842	3	16.26
267	5105	3	31.5
127	970	3	7.05
1136	176	3	14.58
220	12	65	63.9
1488	597	3	24.4
396	199	6	27.51
174	2979	3	19.34
114	331	8	10.5
170	438	30	263.44
102	3210	5	13.28
101	4643	4	7.87
8	2079	5	12.36
719	602	3	20.08
1852	109	4	8.78
103	4133	4	12.92
167	142	10	16.81
766	199	3	12.76
108	554	10	16.25
108	418	17	38.76
114	1401	4	10.42
128	1051	3	7.81
361	275	5	23.08
640	272	3	14.92
1539	115	4	11.22
249	12	41	12.91
342	116	7	7.9
108	1186	6	13.19
1677	115	3	7.2
14	111	570	10.33
3550	9	4	14.4
515	8	10	14.32
107	1795	6	12.23
209	5136	3	29.56
543	212	3	11.45
1800	59	3	8.12
652	2270	3	27.6
101	2075	7	8.68
117	1351	3	6.78
6988	103	3	9.69
145	737	3	8.73
2363	101	7	13.78
536	108	11	20.07
1618	127	4	15.4
356	105	16	8.17
113	5608	3	17.93
12	1297	10	6.68
165	897	5	25.91
393	235	3	9.87
122	1263	4	12.66
171	402	14	82.79
2793	114	6	36.24
104	6143	3	9.88
2257	101	6	11.81
346	200	4	13.28
1764	1595	3	31
108	3677	3	7.99
12	1551	9	8.21
6561	106	3	11.19
183	1779	3	17.28
203	285	3	8.28
5136	391	3	33.85
123	6449	3	20.99
101	3616	5	9.84
115	489	6	8.88
203	85	20	37.81
197	756	3	12.83
150	12	93	11.11
108	1442	4	6.8
113	2014	3	7.86
276	2892	3	23.44
139	102	86	27.35
1083	181	3	14.49
284	2426	3	23.44
2995	12	6	8.95
105	6881	3	9.59
186	864	3	13.62
5399	104	3	9.88
374	190	4	13.59
119	12	249	52.26
7259	104	3	9.88
101	2212	6	7
3998	2601	4	62.95
628	109	8	13.41
1589	729	3	26.66
59	1937	3	8.91
108	245	20	25.86
12	2995	6	8.95
107	727	8	7.28
272	1055	4	26.05
115	3928	3	13.65
114	2891	3	10.08
107	651	17	42.5
110	2080	3	6.75
325	1503	4	31.38
110	1900	3	6.75
314	478	3	13.77
325	1563	3	21.35
956	1160	3	25.64
12	280	35	9.37
5526	4974	3	50.17
125	1400	3	8.75
235	304	3	8.27
744	444	3	18.28
366	1757	4	32.47
229	737	4	20.68
132	5180	3	22.97
984	125	3	6.87
423	123	5	8.64
3965	125	3	16.73
413	508	3	15.46
108	607	9	14.16
215	189	32	220.71
291	200	4	11.75
551	106	19	43.11
105	6447	3	9.59
268	217	4	11.86
105	288	19	8.37
1059	248	3	16.33
186	416	3	9.23
133	474	22	137.61
274	510	7	43.6
105	114	126	8.88
689	106	8	6.98
1042	124	3	8.45
257	202	6	20.94
145	1133	3	11.07
2484	116	3	9.07
704	12	17	15.16
648	85	6	12.65
425	156	21	144.01
9	3194	3	8.06
2	315	4	7.05
101	486	22	19.86
131	507	4	8.63
1029	119	4	10.84
851	2005	6	69.95
118	4036	3	14.89
789	2785	4	44.41
145	364	5	12.59
438	418	3	14.64
104	3456	4	8.6
108	3299	3	7.99
2927	109	3	7.41
1235	119	4	11.54
6784	104	3	9.88
153	146	7	6.72
571	1062	4	31.9
325	690	3	16.42
58	1	6	31.38
134	140	15	19.45
110	172	21	23.47
2908	9	4	11.96
187	199	4	7.65
108	1879	4	8.79
104	1863	8	20.5
103	2389	5	8.66
210	300	4	13.38
182	265	4	10.24
521	2	3	6.69
101	4009	4	7.87
110	2919	3	8.76
138	399	5	11.63
5356	412	3	34.38
2574	106	4	7.96
1530	101	8	7.61
6762	492	3	35.38
104	2067	7	17.46
118	1485	3	7.66
8	173	21	9.57
2115	123	4	17.15
105	1134	13	41.6
105	1305	9	16.64
188	696	3	11.65
106	1880	5	9.09
1109	104	13	42.86
5712	104	3	9.88
1843	475	4	34.69
172	491	3	8.77
217	1032	3	15.33
191	3081	5	48.1
3273	109	3	8.84
109	3784	3	8.84
101	1562	8	7.61
337	199	3	8.21
453	137	4	8.95
616	5124	3	36.86
1947	124	4	18.44
5747	104	3	9.88
1776	12	8	6.94
674	107	9	9.31
12	1095	11	7.82
118	3017	3	11.23
251	218	5	16.58
174	794	3	11.68
164	163	10	23.38
200	342	3	8.01
2040	382	5	46.73
113	365	7	8.18
104	635	23	75.92
118	258	10	15.66
494	1951	5	48.77
104	6974	3	9.88
108	862	6	10.22
152	123	12	9.58
760	2	4	13.95
651	1974	6	66.25
169	127	15	26.1
107	4936	3	7.18
109	264	11	8.1
101	4953	4	7.87
127	458	5	9.75
1441	216	3	16.78
114	789	4	6.89
109	147	26	13.28
2829	101	6	11.81
534	117	7	15.16
264	109	11	8.1
840	116	4	7.04
4201	107	3	7.18
3482	3099	3	41.21
544	176	3	9.75
3039	146	3	16.5
135	1058	5	20.69
159	183	7	15.4
134	139	12	10.08
499	156	3	7.82
5408	102	3	7.96
626	107	9	7.86
682	121	4	7.53
1115	322	3	19.87
275	312	3	9.86
105	5842	3	9.59
16	355	6	10.56
1888	251	4	30.29
711	112	6	13.73
59	129	19	6.73
503	354	3	14.48
123	725	4	9.78
110	2910	3	8.76
1356	164	3	14.06
127	1555	3	9.56
105	1586	10	31.99
1176	108	5	8.94
101	4130	4	7.87
179	118	14	18.2
327	114	7	7.17
551	117	5	8.01
1072	123	3	7.11
146	278	4	6.73
2102	8	4	7.63
456	175	4	13.91
109	522	7	7.96
168	223	5	10.63
123	2101	3	10.71
12	763	16	11.16
1204	104	11	29.8
2284	151	3	15.78
870	9	8	17.8
9	3315	3	8.06
2599	12	6	8.95
505	2102	3	25.27
101	415	22	11.61
272	346	3	10.87
16	1329	3	8.89
2076	104	7	17.46
211	257	4	11.05
2764	111	3	9.15
251	104	40	66.17
2	521	3	6.69
136	770	3	8
1445	107	5	6.69
1891	113	3	7.86
229	561	6	32.94
399	107	15	15.55
110	1266	5	12.43
177	1694	4	26.93
230	661	11	81.65
105	2801	6	19.18
5002	107	3	7.18
2975	109	4	13.01
344	113	8	10.47
281	118	11	21.02
2874	106	5	13.59
3521	216	4	34.48
4953	101	4	7.87
455	644	3	17.54
401	267	3	11.35
2473	131	3	13.5
1584	106	6	10.28
1980	2513	3	34.53
151	138	9	8
1731	106	5	7.64
124	166	44	181.56
105	1254	7	8.34
181	607	4	16.58
3084	118	3	12.74
359	136	5	10.66
105	7264	3	9.59
127	7311	3	21.38
103	875	9	10.25
112	126	25	7.21
172	538	3	9.41
1564	12	9	8.21
381	16	5	8.09
193	174	5	9.95
16	9	56	30.33
5240	3036	3	46.35
102	128	96	11.75
1775	1661	3	31.76
433	188	3	8.97
140	149	8	7.16
101	3314	4	7.87
962	107	8	11.85
924	348	3	18.14
162	12	83	25.61
460	2216	3	25.42
270	220	3	7.34
101	2092	7	13.78
242	1838	3	19.07
283	101	37	26.09
6757	103	3	9.69
102	6970	3	7.96
542	4141	3	32.09
304	246	3	8.71
661	230	11	81.65
104	3716	5	16.47
304	103	18	7.47
188	110	14	10.56
1205	145	6	33.25
2177	101	7	8.68
3518	105	4	8.23
426	127	8	22
3073	103	4	8.36
106	6228	3	11.19
6712	117	3	18.98
106	169	38	26.65
4650	155	3	21.65
960	797	3	23.47
106	6432	3	11.19
12	402	25	8.29
2466	6760	3	45.11
105	7187	3	9.59
749	229	3	14.33
220	222	7	25.68
627	712	3	20.35
115	1564	4	11.22
5014	104	4	13.17
101	2466	7	13.78
126	285	5	7.71
2522	104	7	23.06
108	551	11	20.07
118	848	5	12.58
12	2693	6	8.95
719	990	4	33.67
170	240	19	100.1
119	222	8	7.79
114	505	9	21.82
102	5581	3	7.96
374	146	4	8.51
168	801	3	11.3
2113	2779	6	92.02
2113	2839	6	92.02
132	261	5	6.84
148	4629	3	20.51
1619	115	4	12.22
157	158	6	8.13
1332	85	5	15.67
108	121	86	73.32
409	199	3	9.27
143	112	30	33.02
114	2770	3	10.08
1441	2320	3	32.22
6635	106	3	11.19
149	397	5	17.06
872	120	4	9.82
650	123	4	8.58
12	148	95	10.94
235	2	5	7.85
357	399	3	12.97
121	2089	3	9.84
12	249	41	12.91
102	7227	3	7.96
101	1838	8	10.4
2770	114	3	10.08
1340	145	5	26.41
102	894	10	9.08
102	7055	3	7.96
6664	106	3	11.19
418	271	3	11.92
346	321	3	12.03
103	180	29	6.67
382	114	11	25.33
108	3688	4	14.3
103	117	108	8.09
418	187	5	20.13
140	581	3	7
115	540	8	17.92
209	387	3	9.22
1575	2144	3	31.87
1930	102	7	13.18
4172	102	3	7.96
300	12	37	16.13
1783	9	4	7.8
12	3789	5	7.46
111	4935	3	12.73
103	195	32	15.96
118	5526	3	19.3
238	12	64	86.82
201	1986	4	28.22
1353	12	9	8.21
125	107	96	58.13
490	266	5	26.08
12	1430	11	16.41
708	115	6	13.11
325	149	4	9.04
358	2002	3	22.66
6576	111	3	17.11
101	1733	9	17.72
1542	293	5	40.11
112	2159	3	7.62
104	1121	7	7.68
915	106	7	8.09
139	191	7	10.01
139	134	12	10.08
8	908	8	15.27
1768	114	5	18.22
7260	105	3	9.59
3923	101	4	7.87
389	187	3	8.32
547	2233	5	53.55
12	2901	6	8.95
157	249	4	7.5
318	145	34	235.43
180	476	7	33.83
206	112	28	71.06
600	750	6	52.58
1417	59	3	6.86
425	712	3	18.09
136	348	5	10.22
711	5424	3	38.45
984	111	4	6.73
189	542	4	16.94
495	104	14	14.31
1378	172	3	14.81
136	500	4	9.78
3183	12	5	7.46
694	113	5	8.5
5097	104	3	9.88
16	1785	3	10.2
252	161	5	11.45
1003	107	7	9.38
112	2068	3	7.62
974	142	4	15.05
385	133	5	10.49
12	565	22	25.91
1050	149	4	17.35
103	7306	3	9.69
3289	12	5	7.46
230	240	20	127.78
1055	645	4	33.01
4840	107	3	7.18
1162	149	3	11.59
414	891	3	18.83
904	101	11	8
383	8	19	37.59
104	6314	3	9.88
339	117	7	9.79
1322	103	8	14.29
104	239	51	109.79
848	118	5	12.58
114	106	134	47.12
13	499	4	13.63
170	580	3	9.58
123	1118	3	7.56
314	5054	3	32.63
109	628	8	13.41
170	460	4	13.38
715	4236	3	33.6
580	251	3	12.85
107	2222	5	11.2
156	435	4	11.64
460	2233	3	25.42
350	8	12	10.04
7094	105	3	9.59
148	3469	3	18.31
735	108	11	29.91
4828	101	4	7.87
119	1362	3	7.37
123	423	5	8.64
3876	3157	4	65.59
5126	381	3	33.85
110	2249	3	7.65
1336	101	9	9.16
3026	110	3	8.76
321	203	3	8.28
6580	106	3	11.19
4462	101	4	7.87
392	104	14	9.27
111	12	308	8.12
103	6715	3	9.69
12	1259	10	6.68
3822	346	4	44.38
395	3581	3	27.48
2760	104	5	11.49
58	135	8	6.73
549	577	3	17.83
102	6887	3	7.96
105	5556	3	9.59
207	326	44	452.27
2940	109	3	8.84
105	1168	7	7.15
992	140	3	9.51
4400	111	3	12.73
825	130	3	7.64
127	1200	12	85.89
133	1596	4	17.73
417	5060	3	34.38
1934	1331	3	31.87
243	227	4	10.8
132	1836	3	11.77
2199	115	4	14.82
111	2399	3	8.02
151	172	10	21.55
111	2535	5	20.39
12	3567	5	7.46
105	3972	4	12.79
275	464	3	12.38
237	258	3	7.62
107	1316	6	9.19
417	136	4	8.07
275	584	3	13.74
878	147	3	10.02
337	108	13	16.34
101	1600	7	8.68
276	612	3	14.12
121	399	5	6.91
669	390	3	16.74
116	1423	4	10.59
103	892	9	10.25
112	114	45	13.05
218	147	5	7.9
112	184	13	10.84
795	3080	3	31.73
134	1196	10	77.26
101	327	31	18.38
107	376	13	9.09
142	114	23	16.63
106	851	8	9.38
2035	105	5	6.75
2235	3891	3	40.61
112	1388	11	64.93
318	1081	4	27.44
528	425	3	15.87
101	3128	5	9.84
341	1126	3	18.94
106	4666	3	7.03
148	2876	3	16.76
103	5687	3	9.69
106	4546	3	7.03
118	172	20	34.64
170	661	9	53.46
127	227	17	47.26
8	1161	5	6.76
114	926	4	7.84
900	3483	3	32.93
4333	116	3	13.84
107	5161	3	11.35
4389	102	4	10.62
126	1101	4	13.36
12	2599	6	8.95
1746	710	7	83.77
116	2869	4	16.88
367	181	8	37.03
928	9	5	7.48
3655	12	5	7.46
2040	8	7	25.37
109	2738	3	7.41
272	513	3	13.36
386	175	4	12.31
105	2953	6	19.18
101	404	23	11.52
16	1344	3	8.89
1161	8	5	6.76
173	8	21	9.57
130	789	3	7.29
872	702	3	23.47
211	345	3	8.35
189	994	3	13.83
142	363	10	37.07
116	406	7	9.96
771	1450	4	39.15
110	258	9	6.75
107	1496	5	7.87
411	157	4	11.18
108	3193	5	23.9
201	1398	3	16.62
697	101	13	7.51
1235	147	3	11.84
320	187	43	411.69
108	3345	3	7.99
4534	9	3	10.1
1058	104	10	17.91
102	4697	4	10.62
2440	333	3	23.53
275	5046	3	31.61
3751	102	4	10.62
106	3443	5	18.66
675	156	5	21.2
2	3808	3	20.29
5788	322	3	33.85
1434	303	4	28.52
108	5067	3	14.33
2113	382	5	46.73
12	104	1147	138.51
113	4539	3	13.54
1259	1202	5	53.42
379	12	29	13.27
908	9	6	9.56
17	574	3	8.83
296	263	3	9.39
101	1029	10	8.45
3452	111	3	10.62
1391	116	4	10.59
637	195	3	11.44
1974	199	6	49.43
7253	102	3	7.96
12	3048	6	8.95
118	874	4	8.73
3700	106	4	10.26
239	533	4	18.29
553	148	3	7.1
6532	118	3	19.3
179	637	3	10.78
104	6564	3	9.88
6808	3954	3	50.17
105	6988	3	9.59
102	3554	5	13.28
110	3281	3	10.22
458	314	3	13.15
113	2107	3	7.86
167	1201	8	57.4
9	8	857	4358.7
259	105	22	10.7
321	513	3	14.55
231	132	7	11.26
194	115	14	16.6
136	1179	3	11.06
1793	116	3	7.37
106	1352	7	13.06
4445	1816	4	58.23
930	124	3	8
1862	12	8	6.94
85	272	9	11.39
160	124	68	461.49
3460	12	5	7.46
145	829	3	9.4
967	113	6	16.63
418	438	3	14.64
194	366	3	8.42
403	111	9	14.1
303	926	3	17.2
101	2002	7	8.68
8	4534	3	9.08
375	197	3	8.56
5556	4650	3	50.17
283	254	3	8.87
522	110	6	7.48
109	2013	6	21.83
293	291	3	9.95
449	999	7	61.89
509	106	16	26.99
102	2483	7	18.59
1595	131	3	10.98
115	189	12	10.27
321	141	5	10.85
115	132	23	11.33
118	739	4	7.41
104	14	1889	21.31
104	166	60	64.92
132	568	5	14.17
108	585	10	17.91
108	381	9	7.35
108	449	10	12.87
292	141	16	67.21
114	105	126	8.88
109	6952	3	15.24
147	132	12	13.95
149	2975	4	26.23
677	221	3	13.09
106	275	19	13.23
103	7301	3	9.69
12	556	21	14.51
184	484	3	9.59
1693	12	9	13.43
777	608	3	20.43
109	231	15	13.24
122	2568	3	12.43
328	681	3	16
528	364	3	14.85
127	425	6	13.06
590	128	4	8.48
534	146	3	6.66
2909	12	6	8.95
169	303	5	14.31
1760	620	6	63.17
551	445	3	16.29
1388	104	11	36.25
373	151	5	13.23
1842	113	5	17.95
169	12	100	111.71
431	1929	4	35.15
200	106	26	14.86
107	481	10	6.7
101	145	91	23.81
143	899	3	9.37
4974	118	3	14.89
2443	105	5	8.51
424	108	9	8.53
568	132	5	14.17
16	1489	3	9.5
105	2879	5	11.03
4520	103	4	12.92
425	528	3	15.87
4153	101	4	7.87
547	187	3	11.1
1334	117	3	6.78
223	284	6	23.3
1546	2019	3	31.87
303	354	3	11.13
5424	711	3	38.45
101	1414	9	9.16
193	332	3	7.68
417	200	4	14.75
265	112	28	92.7
1555	105	10	31.99
2619	123	3	12.85
1905	103	6	11.27
265	182	4	10.24
525	150	3	7.03
218	325	3	9.31
326	298	3	10.44
153	367	4	9.59
635	251	23	246.49
929	136	3	9.09
306	4443	3	27.74
3226	103	4	8.36
607	59	5	8.85
4403	8	3	13.35
466	159	5	18.53
2747	1230	3	33.47
5556	170	3	27.48
109	1460	7	23.87
287	1092	3	20.57
12	3558	5	7.46
152	1483	5	28.86
576	306	3	14.33
123	751	4	9.78
749	1869	4	42.49
8	505	10	12.83
3078	12	5	7.46
6648	102	3	7.96
101	4040	4	7.87
359	364	3	12.47
135	2386	4	21.4
675	165	5	22.09
6381	104	3	9.88
132	2093	3	12.6
275	314	3	9.99
283	917	3	16.53
8	2694	4	10.62
105	3727	4	8.23
3643	105	5	15.98
1861	469	5	46.63
112	374	7	8.28
438	449	6	39.4
116	1166	4	9.15
1387	138	3	10.89
135	888	3	8.61
12	1953	8	11.93
312	5140	3	32.49
2853	118	3	11.23
677	2272	6	70.15
659	264	3	14.06
3036	5240	3	46.35
148	205	9	22.23
4554	155	3	21.65
223	367	3	9.15
12	605	19	10.22
105	259	22	10.7
1869	749	4	42.49
101	4797	4	7.87
384	146	5	13.24
947	12	12	8.99
634	227	5	26.62
108	640	8	12.83
103	3344	4	8.36
146	176	8	13.73
152	579	3	8.26
12	2455	7	10.44
1190	121	4	12.07
173	3049	4	37.25
1282	12	10	6.68
488	1444	3	23.89
12	722	17	12.32
369	238	3	9.8
108	2521	5	15.9
104	4286	4	13.17
116	560	5	7.01
118	2686	3	11.23
118	4817	4	25.75
117	652	5	9.54
110	1376	4	8.74
119	2415	3	10.39
2004	121	5	23.11
659	163	4	15.07
6685	102	3	7.96
117	831	7	22.18
113	162	13	6.76
179	180	5	9.75
4987	105	4	12.79
111	3536	3	10.62
113	103	127	8.65
1226	103	7	9.97
9	2040	7	27.81
152	412	4	10.25
961	1414	4	39.43
1179	136	3	11.06
117	2504	3	9.77
105	168	39	14.28
176	426	4	13.42
12	3274	5	7.46
9	837	6	8.84
222	155	30	175.45
162	921	3	11.57
151	529	3	7.1
222	110	11	8.36
261	1208	4	26.58
287	610	4	21.27
449	251	9	56.7
127	1618	4	15.4
254	588	3	13.57
2113	1760	6	80.57
376	199	9	47.3
121	107	97	36.77
111	918	6	14.26
264	12	52	58.38
121	310	6	7.2
675	2957	4	42.51
59	2932	3	11.01
6126	322	3	33.85
208	261	3	6.64
289	779	6	41.77
242	1578	3	18.32
5524	102	3	7.96
1024	130	3	8.44
380	1266	3	20.25
120	1092	3	8.78
107	1403	9	24.31
995	761	3	23.12
112	137	21	9.16
460	547	6	44.24
675	2702	6	75.89
320	438	30	328.92
6272	3562	3	47.94
12	1746	8	11.93
1153	149	4	18.03
4141	542	3	32.09
16	102	130	47.41
656	109	6	7.34
101	1578	9	12.15
16	297	7	11.79
110	411	8	10.38
124	307	17	64.59
124	239	44	251
3127	101	5	9.84
156	957	3	11.56
288	148	5	10.57
12	3529	5	7.46
6426	105	3	9.59
1147	120	4	11.02
1756	118	5	20.16
770	8	7	9.62
186	1500	3	16.75
119	1761	3	8.65
243	185	4	9.22
387	108	12	15.57
106	4436	3	7.03
118	198	10	9.86
118	125	27	15.59
106	2593	4	7.96
133	106	51	10.96
2080	110	3	6.75
158	210	4	6.89
246	304	3	8.71
126	4584	4	28.92
323	220	3	8.34
320	1302	12	132.59
111	2115	3	7.12
1292	843	7	76.37
669	1133	3	23.44
888	156	3	11.56
136	767	3	7.69
116	12	283	26.81
1050	810	5	46.51
272	240	3	8.33
101	245	35	9.28
105	4887	4	12.79
1137	1658	4	42.19
1263	122	4	12.66
2975	12	6	8.95
5002	104	4	13.17
2106	12	8	11.93
147	218	5	7.9
180	193	6	14.93
115	1497	4	12.22
2535	111	5	20.39
230	3061	3	23.46
147	119	13	6.85
705	12	18	16.44
1191	119	3	6.84
1410	107	6	9.19
118	847	10	43.83
267	208	3	6.84
599	12	17	10.06
126	172	10	11.84
2572	101	6	11.81
5976	103	3	9.69
117	573	9	25.76
85	1196	10	60.56
755	148	5	20.23
122	59	29	14.34
314	108	16	23.57
101	675	15	10.02
1791	658	3	25.71
105	2143	8	25.59
131	642	7	26.66
688	106	11	15.38
106	114	134	47.12
3058	200	5	48.73
2	960	3	10.13
106	288	23	26.06
2661	2017	3	35.77
102	6785	3	7.96
177	358	4	12.37
571	309	5	29.3
283	237	4	13.07
571	106	14	21.7
1414	101	9	9.16
337	769	3	17.1
58	59	112	635.76
207	105	52	83.04
758	117	4	7.05
105	3477	4	8.23
304	235	3	8.27
194	381	3	8.72
121	1077	3	6.74
126	3803	3	15.06
103	6481	3	9.69
737	112	5	9.06
2010	105	6	11.09
106	1507	6	10.28
5033	101	4	7.87
361	142	5	11.21
4406	111	3	12.73
102	2422	6	10.81
1666	12	8	6.94
110	4261	3	12.33
1488	1275	3	28.97
1956	113	7	35.97
450	107	13	12.95
141	929	3	9.36
14	172	103	7.92
113	1700	7	32.56
198	335	4	12.63
494	225	3	11.13
5372	102	3	7.96
1202	113	5	14.32
427	161	3	7.21
105	2084	6	11.09
321	346	3	12.03
139	115	21	10.69
244	224	3	6.66
1628	412	3	22.2
283	358	3	10.75
571	414	3	15.99
5474	105	3	9.59
2121	118	7	39.16
465	157	3	7.61
838	233	3	14.51
12	1416	10	9.5
103	293	21	14.07
103	118	113	16.23
619	182	3	11.03
224	178	7	21.52
143	123	18	20.21
709	103	10	10.01
114	2807	6	36.24
12	147	122	64.81
1764	131	3	11.69
1939	105	8	25.59
12	212	55	20.91
12	264	52	58.38
119	227	15	30.05
216	355	3	8.64
671	158	3	10.1
196	832	3	13.38
4764	104	4	13.17
6428	220	3	29.81
104	470	24	51.75
116	2202	3	9.07
141	1878	4	20.98
1746	170	3	17
12	3131	5	7.46
3375	118	3	12.74
758	106	14	32.1
58	8	32	19.67
3259	114	3	11.57
101	1904	6	7
571	117	5	8.36
131	2047	3	12.52
500	136	4	9.78
125	598	4	7.8
412	120	12	36.9
59	4419	3	14.66
111	127	29	8.59
1187	108	6	13.19
276	132	5	7.44
188	123	10	12.74
332	327	3	11.07
1331	265	3	19.24
4993	102	4	10.62
473	107	11	9.03
1447	12	9	8.21
101	3298	5	9.84
658	831	3	21.35
108	1329	5	9.89
9	382	9	8.29
342	218	3	8.76
108	1126	5	8.11
162	113	13	6.76
106	5738	3	11.19
3186	9	3	8.06
108	1177	7	18.12
763	12	16	11.16
4716	104	4	13.17
396	186	3	9.23
102	5384	3	7.96
368	243	3	9.59
205	814	3	13.84
828	5817	3	39.23
104	188	27	6.87
239	160	44	380.77
215	959	5	30.87
195	113	11	8.5
103	6104	3	9.69
1648	121	3	9.04
1963	199	3	18.58
104	139	56	9.76
59	1852	3	8.12
239	9	39	107.69
108	415	9	8.96
205	602	4	18.02
12	2829	6	8.95
149	278	8	25.39
184	458	3	9.2
462	169	3	8.23
518	191	3	10.34
3472	795	3	31.73
314	114	7	7.17
453	1913	3	25.63
122	8	52	8.07
212	543	3	11.45
482	103	21	37.32
230	187	33	235.02
12	446	23	10.73
1668	673	3	26.88
118	4685	3	14.89
118	2563	3	10.07
172	1699	3	16.2
2005	147	6	41.3
4578	108	3	10.02
2113	8	6	18.17
333	59	11	24.41
12	522	20	7.95
277	105	19	8.37
167	5194	3	27.09
106	108	185	15.59
101	983	13	15.69
122	356	6	9.56
296	217	3	7.68
117	339	7	9.79
852	58	3	10.6
137	739	3	7.66
107	766	9	11.05
4954	101	4	7.87
1974	108	6	20.07
181	4053	3	23.88
3704	453	3	28.45
12	265	49	43.08
850	1809	3	27.79
108	5073	3	14.33
351	101	33	29.83
1461	101	9	12.15
694	143	3	7.76
12	132	176	102.94
102	3528	4	10.62
2173	115	3	7.97
1466	825	3	27.03
433	1170	4	30.22
458	121	5	7.94
4635	124	4	29.32
2128	9	5	16.03
105	803	18	57.64
256	380	3	10.45
508	413	3	15.46
101	2227	7	13.78
282	328	4	16.12
353	16	8	18.38
5302	102	3	7.96
152	873	3	10.43
1746	12	8	11.93
118	1020	5	15.52
167	405	3	7.15
321	427	4	20.22
1875	111	3	7.12
1493	181	3	16.27
101	3433	5	9.84
2546	121	4	17.43
315	208	3	7.59
111	4859	3	12.73
192	294	3	6.96
210	671	3	13.66
162	440	3	7.47
182	638	3	11.03
310	5055	3	32.36
12	3705	5	7.46
2887	12	6	8.95
393	162	3	6.68
966	171	3	12.66
107	1992	5	9.32
393	103	17	12.76
114	3960	3	13.7
1987	351	3	22.51
171	467	3	8.47
905	8	5	6.76
103	6255	3	9.69
103	105	499	34.42
103	6307	3	9.69
156	3012	5	38.48
172	675	4	16.65
108	3823	3	10.02
438	999	9	85.39
12	1411	10	9.5
346	337	3	12.03
141	120	32	53.21
199	3360	4	33.84
464	419	3	15.04
197	110	12	8.09
729	1589	3	26.66
5729	106	3	11.19
1300	103	7	8.53
5060	200	3	29.16
269	325	4	17.24
320	240	22	167.35
12	2127	8	11.93
613	224	6	33.48
418	661	4	25.46
3757	104	4	8.6
104	5574	3	9.88
505	636	3	18.12
337	389	3	12.64
275	121	7	8.79
5771	102	3	7.96
3391	12	5	7.46
1330	121	3	7.75
85	756	5	9.72
102	6729	3	7.96
461	139	28	204.41
148	231	6	11.38
257	319	4	15.06
146	3013	3	16.5
1401	104	7	10.35
3954	149	4	33.81
358	177	4	12.37
352	394	3	12.8
114	2165	4	13.45
236	407	3	9.94
215	280	3	7.65
103	3226	4	8.36
116	4757	3	13.84
327	101	31	18.38
1302	112	4	9.14
106	2288	7	26.14
3511	105	4	8.23
8	1309	5	7.55
105	169	43	23.02
101	2660	6	11.81
528	201	4	16.93
104	646	16	29.54
1276	106	9	21.12
205	101	43	12.3
12	2316	7	10.44
108	863	6	9.43
2488	123	3	11.67
106	2461	4	7.96
101	4954	4	7.87
542	994	3	21.62
875	408	4	27.79
101	2915	6	11.81
417	3821	4	45.96
3620	833	3	32.1
147	757	5	20.95
107	2696	4	8.15
2157	110	3	6.75
103	1834	7	13.97
2242	116	3	9.07
163	912	3	11.48
7021	104	3	9.88
2119	121	4	15.97
142	215	6	9.35
111	1912	3	7.12
112	1540	4	10.74
173	387	7	30.06
130	1063	3	8.44
4230	429	3	30.26
107	6670	3	11.35
101	121	168	15.43
272	85	9	11.39
344	12	39	40.54
8	3871	3	9.08
107	407	17	20.82
131	261	10	26.03
202	654	3	11.92
827	2007	3	28.25
148	1129	3	11.25
3033	12	5	7.46
9	4350	3	14.41
5140	272	3	31.97
187	389	3	8.32
1208	261	4	26.58
2017	111	3	7.12
105	4121	4	12.79
204	136	6	8.08
169	1618	4	23.19
3408	101	5	9.84
789	114	4	6.89
995	4554	3	35.16
124	182	7	6.66
12	3448	5	7.46
336	1021	12	122.36
4029	101	4	7.87
387	114	8	12.59
1048	101	11	9.91
415	138	4	8.08
115	757	5	10.14
381	5056	3	33.85
128	374	5	8.49
659	1155	3	23.14
453	114	6	8.6
990	101	11	8
489	8	11	14.61
131	1517	3	10.98
110	529	7	10.63
102	103	601	16.7
3431	421	3	27.66
417	321	3	13.15
3514	171	4	31.62
1229	101	11	15.71
5407	105	3	9.59
12	1756	9	13.43
478	108	10	14.78
254	233	8	35.42
2113	2040	6	83.03
121	451	5	7.94
932	1450	4	41.09
290	314	3	10.68
112	304	8	7.95
438	251	30	306.6
473	719	3	18.89
1336	618	3	26.36
531	104	23	54.96
107	4075	3	7.18
2506	104	6	14.45
2218	12	6	8.95
59	350	11	24.41
141	387	4	7.79
139	1016	6	28.49
118	1376	3	7.07
316	149	5	11.86
1132	122	3	7.16
103	4420	4	12.92
129	801	3	6.87
1982	12	8	11.93
372	9	9	6.81
101	3144	5	9.84
1081	142	5	23.05
123	1814	3	9.9
274	12	34	7.68
105	441	13	6.93
2040	2779	6	92.02
246	270	3	8.17
2040	2839	6	92.02
9	1760	8	32.38
132	945	3	8.48
106	2508	6	16.99
1527	113	4	11.07
104	801	14	28.79
103	3470	4	8.36
103	5643	3	9.69
199	2228	3	19.58
513	272	3	13.36
317	283	3	9.96
352	242	3	9.45
137	453	4	8.95
424	114	7	10.4
107	564	13	18.54
907	131	4	13.07
514	4394	3	31.34
278	501	7	44.19
414	571	3	15.99
1854	695	3	26.66
111	2017	3	7.12
118	4974	3	14.89
2314	112	3	8.53
1167	58	3	12.29
2804	118	3	11.23
104	4501	3	9.88
211	112	10	6.87
142	101	100	22.13
322	4120	3	29.35
229	594	3	13.97
511	108	9	12.12
149	1050	4	17.35
1055	408	3	19.72
272	377	3	11.31
586	321	3	15.55
3542	8	3	9.08
993	106	7	8.09
917	101	12	9.37
109	2722	4	13.01
1329	103	7	9.97
1133	145	3	11.07
847	118	10	43.83
285	203	3	8.28
9	3284	3	8.06
3932	102	4	10.62
107	5078	3	11.35
5806	102	3	7.96
1351	107	8	18.38
114	882	4	7.35
102	3932	4	10.62
1217	353	3	19.78
219	111	10	6.98
821	115	5	10.72
104	884	11	18.51
3887	21	3	34.33
104	988	10	15.99
255	273	3	8.65
113	344	8	10.47
169	425	3	7.88
4393	5972	3	50.17
3122	16	3	14.7
1436	104	7	10.35
835	113	4	6.7
399	4165	3	29.7
675	172	4	16.65
156	810	3	10.42
2011	120	3	10.53
110	198	14	12.25
2884	105	5	11.03
101	1292	9	7.03
110	274	11	13.22
12	1958	8	11.93
9	4506	3	10.1
3484	59	3	12.51
284	182	4	10.66
376	108	17	34.19
145	390	25	163.85
214	408	5	20.98
416	136	4	8.29
5972	4393	3	50.17
192	189	4	7.4
12	3690	5	7.46
9	59	67	21.49
12	3758	5	7.46
59	607	5	8.85
124	1042	3	8.45
175	14	97	7.45
109	1772	4	8.78
1747	371	3	22.1
320	661	13	114.28
228	754	3	15.17
418	156	3	6.91
103	146	54	15.6
9	20	3	14.41
163	1583	6	40.01
101	1717	8	10.4
925	1329	3	27.25
171	420	5	17.99
85	140	18	7.83
102	7074	3	7.96
213	109	13	6.89
110	847	6	13.52
289	163	5	13.16
708	161	3	10.1
7055	102	3	7.96
505	85	7	13.42
1164	2002	4	43.46
106	509	16	26.99
12	119	249	52.26
6852	113	3	17.93
21	16	4	10.63
296	133	5	8.07
472	107	14	17.76
3508	12	5	7.46
476	85	6	8.64
127	2535	6	37.13
101	1032	14	27.57
2075	399	3	23.64
126	469	6	14.7
1302	635	4	34.09
497	314	3	13.99
12	3097	5	7.46
157	132	12	18.4
114	370	7	9.07
147	467	4	10.67
671	131	3	6.73
374	180	4	12.63
170	187	32	189.51
2957	105	6	19.18
108	464	9	10.41
1465	262	4	29.82
239	207	44	382.48
1178	141	3	10.76
107	2138	5	9.32
101	4673	4	7.87
1172	235	3	16.34
384	1109	4	29.48
1779	106	8	23.93
1663	101	9	17.72
3168	114	3	11.57
114	173	12	8.4
4506	9	3	10.1
267	5103	3	31.5
716	107	9	10.14
129	5720	3	22.36
112	2084	3	7.62
357	283	3	10.75
131	760	4	11.64
149	115	16	8.36
101	777	17	26.7
1496	107	5	7.87
105	2169	8	25.59
314	275	3	9.99
104	5780	3	9.88
412	192	7	33.35
110	1041	4	6.79
105	3519	4	8.23
114	3757	3	11.57
105	5512	3	9.59
122	1599	4	14.34
105	3443	5	15.98
1525	107	6	10.56
104	1393	6	6.74
819	106	9	12.79
712	101	18	28.56
119	1346	3	7.37
103	252	36	47.89
12	1562	10	14.92
103	151	47	10.8
1154	190	3	15.05
1024	608	3	22.08
610	3099	3	29.86
16	959	3	7
174	1143	3	14.28
708	107	8	7.28
105	3403	4	8.23
1862	85	9	54.48
971	105	15	48.01
9	173	20	12.09
560	103	25	72.91
1047	108	7	15.4
1122	421	3	20.94
1382	106	9	27.45
1040	147	12	89.52
203	200	4	8.41
2127	118	3	9.13
128	787	3	6.68
4416	106	3	7.03
315	300	3	10.19
245	228	3	7.15
389	320	3	11.96
59	2026	3	8.91
132	293	5	8.11
6739	105	3	9.59
12	3034	6	8.95
132	118	26	24.16
3486	101	5	9.84
407	1568	5	43.16
570	101	17	9.62
128	1983	3	11.45
136	479	8	29.88
2	760	4	13.95
12	115	327	73.09
1262	109	6	14.85
2107	113	3	7.86
595	130	4	11.56
59	3312	5	31.81
12	281	37	13.3
436	135	5	11.67
143	202	7	12.14
608	1594	4	35.53
1775	303	3	20.7
117	227	29	93.61
156	4131	3	21.79
367	2341	3	23.98
104	5097	3	9.88
12	538	25	30.15
451	424	4	22.28
12	434	28	22.85
2813	167	4	28.56
5599	9	3	14.41
174	193	5	9.95
85	1227	4	9.69
131	671	3	6.73
8	3194	4	13.03
314	340	3	11.07
123	4015	3	16.55
4393	6808	3	50.17
108	399	9	8.12
267	293	3	9.51
802	136	3	8
618	120	4	9.3
383	180	3	7.96
2047	105	5	6.75
108	571	7	7.27
101	4608	4	7.87
158	621	3	9.27
105	7051	3	9.59
2391	106	6	16.99
1395	101	9	9.16
256	171	4	8.59
180	105	34	13.34
761	4554	3	33.6
186	764	7	42.86
2659	134	6	46.24
105	890	16	51.22
2019	1546	3	31.87
124	851	3	6.86
104	1388	11	36.25
408	644	5	33.82
156	416	3	6.91
103	4867	4	12.92
287	522	3	13.36
101	3198	5	9.84
999	1388	11	154.46
145	636	3	7.62
4748	364	3	29.03
5972	6808	3	54.67
737	142	4	13.04
160	154	45	349.92
556	12	21	14.51
459	308	3	12.77
956	104	11	20.56
543	102	14	9.67
3686	121	5	33.48
120	119	29	13.3
209	5137	3	29.56
670	12	15	7.97
8	268	19	22.65
335	259	3	9.81
191	231	4	9.03
1326	16	3	8.89
123	884	4	10.73
128	590	4	8.48
325	4350	3	33.52
101	3708	5	9.84
3701	2551	3	38.38
3444	126	3	15.06
594	749	6	56.06
1095	179	3	14.36
151	12	150	215.41
102	106	480	18.19
768	8	6	7.15
493	2653	3	27.08
381	108	9	7.35
227	716	3	13.22
1658	1137	4	42.19
135	830	3	7.86
112	110	53	12.14
366	194	3	8.42
102	1379	7	6.63
2227	101	7	13.78
352	108	15	22.93
4041	262	3	27.87
142	307	9	27.41
148	388	4	8.81
136	802	3	8
2091	106	8	29.87
861	101	14	14.53
513	5114	3	35.83
203	1862	9	88.19
105	530	22	46.85
1709	126	3	10.55
1115	6126	3	40.62
354	188	3	7.89
107	4783	3	7.18
6728	107	3	11.35
2344	12	6	8.95
118	12	396	553.42
108	1079	5	8.94
513	275	4	19.8
121	3959	3	20.07
169	225	5	11.27
151	1441	4	19.44
127	111	29	8.59
2891	104	5	11.49
2594	9	3	6.66
170	710	3	10.92
59	1513	3	7.45
146	158	13	28.87
113	195	11	8.5
219	167	15	65.92
5102	272	3	31.97
179	313	4	11.25
9	2079	5	14.01
2	2913	4	25.46
1923	283	3	21.31
1974	651	6	66.25
101	535	17	8.35
1964	110	3	6.75
118	2787	3	11.23
833	811	4	33.01
58	908	3	10.97
187	112	16	19.04
3000	103	5	11.19
324	1888	8	87.97
165	552	3	8.74
535	108	14	33.42
6126	123	3	20.99
106	1795	9	33.61
1767	2766	3	34.9
4950	105	4	12.79
594	2342	3	28.9
199	1974	6	49.43
613	127	14	68.25
153	298	5	11.96
178	426	10	54.12
194	605	3	11.25
377	312	4	18.12
109	1262	6	14.85
3128	738	3	31.73
110	3142	3	10.22
3605	119	4	21.27
128	197	7	7.42
105	1554	10	31.99
2839	382	5	51.9
199	3396	4	33.84
1309	12	10	6.68
250	12	57	65.35
12	2062	8	11.93
9	2571	3	6.66
1109	418	4	30.22
432	126	5	9.61
104	3458	4	8.6
103	745	17	43.09
1347	153	3	13.13
1128	130	4	14.35
320	12	35	15.8
110	222	11	8.36
8	2779	6	26.72
174	1640	6	42
8	2839	6	26.72
417	346	3	13.15
102	461	29	63.58
101	1204	11	15.71
102	6724	3	7.96
4783	107	3	7.18
105	3750	4	8.23
829	109	5	6.78
8	2659	6	26.72
6143	104	3	9.88
2474	113	3	8.78
4656	111	3	12.73
1077	136	4	15.84
104	1861	8	20.5
5125	464	3	35.16
421	164	3	7.18
493	214	3	10.56
128	112	62	102.42
3269	106	5	18.66
161	185	6	11.58
127	1528	3	9.56
387	428	3	13.94
587	446	3	17.19
387	376	3	13.25
155	414	4	10.78
4393	3954	4	70.59
197	304	3	7.29
104	1100	9	17.44
1388	449	7	68.18
5972	3954	3	50.17
106	4271	3	7.03
104	888	9	12.03
395	184	3	8.51
3750	105	4	8.23
384	230	6	28.55
105	286	18	6.68
653	147	3	8.12
340	106	18	16.45
564	108	12	25.29
756	119	7	21.81
113	3031	5	24.6
285	12	30	11.24
172	1378	3	14.81
118	2804	3	11.23
104	2174	5	7.16
103	2093	5	6.89
278	149	8	25.39
3703	124	5	36.67
190	111	13	10.73
558	188	3	10.36
4211	113	4	23.92
586	301	3	14.47
774	1451	8	100.3
85	2023	3	8.04
105	4948	4	12.79
102	1275	8	8.43
108	2350	4	10.13
616	5122	3	36.86
6670	107	3	11.35
932	16	3	7.85
1098	563	3	22.32
183	12	53	7.02
106	604	9	6.88
4365	113	3	13.54
122	758	4	8.84
2653	493	3	27.08
1651	199	3	17.72
107	472	14	17.76
101	283	37	26.09
1903	2258	5	67.05
108	928	6	11.09
373	118	9	18.32
843	127	7	27.51
118	143	19	15.23
816	108	10	26.14
390	318	3	11.96
446	200	3	10.07
424	5109	3	34.38
390	214	3	9.15
739	118	4	7.41
147	821	3	9.64
1053	125	3	7.27
109	210	16	16.91
5053	108	3	14.33
7365	3327	3	47.94
484	184	3	9.59
9	897	6	10.35
316	103	18	9.01
12	3587	5	7.46
9	1033	7	15.57
559	164	3	8.7
120	2421	3	10.53
115	821	5	10.72
972	103	10	15.43
3891	799	3	33.95
1398	276	4	28.03
798	330	3	17.18
243	323	3	8.92
123	1103	3	7.56
199	1651	3	17.72
208	588	3	11.73
438	104	26	54.71
110	373	17	44.3
571	625	3	18.6
101	1564	9	12.15
16	116	42	41.82
2938	12	6	8.95
1115	4346	3	36.13
128	949	4	12.23
890	163	3	11.48
4108	3315	3	43.44
103	2795	5	11.19
342	177	4	12.01
156	583	3	8.47
162	172	6	10.02
900	129	4	12.97
3411	106	5	18.66
2101	714	3	27.53
6988	105	3	9.59
111	138	29	20.25
7305	103	3	9.69
399	2075	3	23.64
314	291	3	10.33
107	1024	8	13.13
258	237	3	7.62
406	101	28	24.52
897	8	6	8.58
1041	138	3	9.35
5319	106	3	11.19
276	1398	4	28.03
772	101	17	26.7
994	105	14	37.91
2122	126	6	34.54
287	1140	4	28.36
256	139	18	72.64
633	12	17	8.22
2139	113	3	7.86
2066	317	3	21.82
109	656	6	7.34
101	2523	7	13.78
220	6428	3	29.81
239	104	51	109.79
126	109	37	10.64
599	85	5	8.77
108	352	15	22.93
105	800	9	8.88
127	765	4	9.82
117	2939	3	10.92
114	382	11	25.33
123	1467	4	14.9
132	133	11	6.72
1440	12	10	9.5
2839	1760	6	89.56
353	338	3	11.75
185	252	7	24.86
101	1048	11	9.91
324	251	4	14.8
364	106	25	47.32
101	944	11	8
85	1586	4	11.31
709	117	5	10.96
5108	451	3	34.96
495	267	3	12.91
9	3857	3	10.1
118	2251	3	10.07
1708	101	8	10.4
106	497	10	7.45
12	194	79	102.27
2460	101	7	13.78
393	106	14	10.93
187	635	23	224.89
655	136	3	6.85
3470	103	4	8.36
418	320	5	26.54
104	6089	3	9.88
376	651	7	52.37
259	277	3	9.08
123	188	10	12.74
315	146	5	10.75
109	1852	4	8.78
108	1444	4	6.8
139	104	56	9.76
657	111	5	6.96
192	115	21	38.78
4437	109	3	10.91
6603	104	3	9.88
848	5180	3	38.83
538	162	3	8.65
4940	105	4	12.79
109	2499	4	11.26
869	327	3	17.29
3400	392	5	57.93
149	316	5	11.86
131	705	3	6.73
1974	376	6	59.23
1140	421	3	21.53
1615	112	4	11.73
954	910	3	24.25
1050	8	6	9.42
189	127	12	20.5
4254	101	4	7.87
135	1572	3	11.19
1092	421	3	22.96
187	3641	4	33.15
107	2169	5	9.32
105	7185	3	9.59
203	1255	5	32.53
390	645	4	24.5
1283	109	6	14.85
133	812	3	7.6
101	4458	4	7.87
440	12	23	7.87
106	5011	4	14.93
148	2144	7	52.47
6394	156	3	26.27
4747	115	3	13.65
910	954	3	24.25
2806	16	3	13.17
318	1188	3	19.07
1830	116	3	8.14
175	532	3	9.52
2348	115	3	8.9
1392	12	9	8.21
175	456	4	13.91
104	1601	6	8.01
151	699	5	20.04
108	1311	5	9.89
141	1002	5	22.01
1008	318	3	18.04
283	302	5	21.4
85	439	12	32.33
1127	8	5	6.76
4017	108	3	14.33
112	711	6	13.73
103	433	17	16.33
135	223	13	35.51
108	4064	3	10.02
189	1555	3	16.54
130	1128	4	14.35
183	1962	3	18.14
104	3793	4	8.6
103	485	21	37.32
636	145	3	7.62
325	8	10	6.75
1862	203	9	88.19
8	4319	3	9.08
149	1162	3	11.59
1126	341	3	18.94
418	337	4	20.22
394	1098	3	20.04
113	3227	3	13.54
111	393	8	10.47
2549	101	6	7
4475	123	3	16.55
1520	131	3	10.98
188	494	5	21.47
6365	106	3	11.19
166	105	61	63.4
215	5385	3	29.81
575	167	3	9.22
810	156	3	10.42
109	1717	4	8.78
155	995	4	17.75
321	409	4	19.97
7136	107	3	11.35
113	1891	3	7.86
388	142	4	7.71
416	156	3	6.91
797	107	9	12.06
139	119	20	15.57
104	7281	3	9.88
2851	153	3	17.57
108	1445	5	10.99
102	5687	3	7.96
1500	186	3	16.75
3522	12	5	7.46
542	12	19	10.22
3013	146	3	16.5
6808	5972	3	54.67
12	2948	6	8.95
157	236	6	14.11
104	577	25	82.54
271	5131	3	31.73
389	170	3	7.35
1811	101	8	10.4
314	497	3	13.99
2539	103	5	8.66
427	3825	4	46.21
101	1077	10	8.45
400	249	3	10.93
106	548	14	20.45
142	966	3	9.45
124	3425	4	24.37
163	189	5	8.17
2182	200	7	68.41
12	207	54	17.5
351	112	7	7.17
307	108	12	10.32
694	125	5	13.21
1298	108	8	25.94
12	150	93	11.11
106	428	12	8.6
121	2091	3	9.84
12	251	41	11.78
108	732	8	14.5
179	120	11	11.4
821	147	3	9.64
750	129	4	11.91
467	171	3	8.47
255	101	54	85.98
892	103	9	10.25
103	3284	4	8.36
638	2830	3	30.14
616	381	3	16.17
108	688	7	9.42
1375	118	3	7.07
147	878	3	10.02
105	110	184	33.31
102	6093	3	7.96
105	239	48	89.39
1275	1488	3	28.97
183	373	3	8.09
313	259	3	9.55
511	391	4	22.74
251	418	5	23.99
108	4578	3	10.02
12	761	15	7.97
277	877	5	33.72
3716	104	5	16.47
704	172	3	11.29
308	459	3	12.77
143	694	3	7.76
1588	306	3	20.07
102	1145	8	7
334	209	3	8.5
242	107	25	21.87
137	12	130	28
2347	102	5	8.48
767	742	8	78.38
104	5496	3	9.88
3685	104	4	8.6
320	170	33	258.45
488	9	7	6.95
382	620	5	33.32
470	2957	5	53.57
376	272	4	17.67
3498	638	3	30.14
16	565	5	12.51
110	12	459	193
16	489	5	10.28
1214	12	11	10.81
187	324	4	11.83
102	6543	3	7.96
16	353	8	18.38
126	1709	3	10.55
106	5679	3	11.19
141	106	62	36.6
727	2428	3	28.21
6808	4393	3	50.17
222	101	55	54.38
1226	1514	3	29.57
2421	59	3	9.85
4603	106	3	7.03
646	689	3	20.3
269	267	3	9.28
262	2075	3	21.82
123	830	4	10.24
138	524	4	9.56
2364	110	3	7.65
946	182	3	13.69
111	2548	3	8.02
12	3586	5	7.46
2839	8	6	26.72
9	908	6	9.56
5926	110	3	16.7
1551	406	3	21.85
119	1646	6	26.18
321	616	5	31.65
5078	108	3	14.33
119	1750	3	8.65
658	127	6	17.94
101	3742	5	9.84
150	883	3	10.09
1398	201	3	16.62
707	115	5	9.12
635	104	23	75.92
850	140	3	9.11
470	2702	5	53.57
6693	102	3	7.96
357	2046	3	22.66
1160	2925	3	32.31
106	2005	6	14.07
101	1513	8	7.61
131	1552	3	10.98
16	310	6	9.14
105	5993	3	9.59
165	261	13	57.58
102	279	26	14.65
173	401	6	24.46
223	135	13	35.51
1194	16	4	13.62
352	275	3	10.53
149	722	3	8.93
107	389	13	9.09
524	133	4	9.25
200	209	7	23.05
832	119	4	8.65
649	139	3	6.83
4393	140	3	19.62
261	131	10	26.03
513	108	9	12.12
2093	103	5	6.89
1852	619	3	25.42
1151	646	6	57.32
485	276	4	19.36
1388	251	11	115.1
109	191	16	10.74
102	5836	3	7.96
739	105	11	12.93
4764	999	4	53.19
101	205	43	12.3
16	1530	4	15.32
568	129	4	8.87
1651	108	5	12.3
272	320	4	15.92
120	2089	3	9.58
103	1867	9	29.08
5616	185	3	28.57
12	923	13	7.81
4955	114	4	24.14
1014	426	4	29.52
12	999	12	6.75
102	5925	3	7.96
107	4840	3	7.18
107	2785	5	13.84
2102	505	3	25.27
103	5625	3	9.69
1165	156	5	26.73
5038	9	4	19.22
397	788	3	20.45
503	151	3	6.9
1182	121	3	7.22
138	121	19	14.6
6741	102	3	7.96
115	708	6	13.11
299	243	6	25.26
12	3485	5	7.46
923	12	13	7.81
111	2533	3	8.02
141	401	5	12.32
260	326	44	497.53
106	5319	3	11.19
101	1478	8	7.61
1509	421	3	22.2
101	1530	8	7.61
135	646	6	21.19
228	437	5	23.17
3894	8	3	9.08
178	101	58	21.95
550	108	7	6.82
1927	101	8	15.75
2944	106	4	7.96
2270	125	3	11.85
214	390	3	9.15
320	337	5	24.27
121	314	9	17.86
103	707	12	15.41
1199	120	4	11.72
363	1128	3	19.54
757	118	7	21.94
103	6902	3	9.69
108	5432	3	14.33
449	104	14	10.72
275	5124	3	31.61
341	107	15	10.33
161	12	88	33.6
107	5722	3	11.35
3391	3001	3	39.62
203	663	3	11.92
2777	109	3	7.41
470	165	6	24.3
2805	126	4	21.39
4650	5556	3	50.17
392	4370	3	34.56
121	3133	3	13.48
294	197	3	7.29
151	373	5	13.23
108	2059	4	8.79
564	275	3	13.49
3997	3876	4	70.59
4505	107	3	7.18
330	500	3	14.26
653	119	5	10.48
108	643	8	12.09
118	373	9	18.32
1011	1338	3	28.3
408	1340	3	21.35
1338	122	3	8.19
2732	115	4	16.64
2948	12	6	8.95
1887	130	3	12.12
579	9	8	11.58
340	5118	3	32.77
5067	108	3	14.33
442	8	12	15.69
1150	110	5	11.54
5772	106	3	11.19
200	417	4	14.75
715	341	4	24.54
1055	390	3	19.37
303	1366	5	38.61
154	239	44	363.99
12	746	14	6.96
612	114	5	7.9
173	106	28	11.21
3409	106	5	18.66
704	138	3	7.53
1593	573	7	73.84
291	5145	3	31.97
792	118	4	7.82
425	127	6	13.06
2400	105	6	13.89
142	361	5	11.21
198	3610	3	22.38
12	670	15	7.97
389	136	5	11.38
301	171	6	19.45
108	189	21	17.39
1188	105	7	8.34
245	108	20	25.86
118	1057	4	9.81
1388	999	11	154.46
108	341	12	12.43
12	2975	6	8.95
389	337	3	12.64
1400	4846	4	56.17
699	120	4	7.58
921	171	3	12.25
114	568	5	7.16
671	210	3	13.66
430	117	11	29.66
2817	175	4	29.65
6180	106	3	11.19
4764	251	4	41.34
390	1055	3	19.37
429	4230	3	30.26
12	160	58	25.07
12	9	560	82.02
233	3271	4	35.3
101	1018	11	12.36
122	385	5	6.85
324	229	7	31.97
5055	401	3	34.19
102	1638	7	8.22
2847	102	5	8.48
601	102	14	11.95
916	3531	3	32.5
1017	109	6	12.69
418	170	4	12.89
106	1213	7	13.06
136	1182	3	10.49
661	384	4	24.73
141	720	5	17.98
162	393	3	6.68
2563	112	4	14.32
444	112	11	25.98
141	839	3	8.6
203	321	3	8.28
397	589	3	17.85
483	155	3	7.5
102	4389	4	10.62
59	996	8	30.8
106	3700	4	10.26
522	101	21	18.37
104	1586	8	17.2
1177	108	7	18.12
155	637	3	8.83
110	2251	3	7.65
1196	8	10	44.56
140	8	47	32.83
115	194	14	16.6
727	542	4	29.01
2999	133	4	23.39
121	977	4	10.73
5409	102	3	7.96
135	272	6	11.46
1367	283	4	28.19
171	115	18	21.19
102	794	10	6.75
283	317	3	9.96
309	712	3	15.92
1579	4286	3	37.95
106	340	18	16.45
12	355	30	11.24
112	1898	3	7.62
103	7363	3	9.69
1587	156	3	14.22
1120	608	5	44.15
107	7203	3	11.35
101	763	13	7.51
105	2359	7	22.38
406	137	4	7.63
1568	107	7	15.26
120	1520	3	8.1
2024	113	8	47.89
8	3315	3	7.08
370	12	27	8.72
1908	119	3	9.44
2047	118	3	9.13
118	804	4	7.82
3327	108	3	7.99
162	1418	3	14.01
2839	2040	6	92.02
730	274	4	22.68
180	118	13	15.1
114	8	74	8.79
799	2235	3	28.9
144	1008	3	10.22
101	1491	8	7.61
181	2616	6	56.93
109	3796	3	8.84
2045	108	4	8.79
2101	123	3	10.71
1376	110	4	8.74
3095	370	3	26.96
779	289	6	41.77
145	318	34	235.43
218	251	5	16.58
544	451	4	24.54
145	214	13	40.95
466	106	10	6.88
254	178	5	13.89
326	105	45	144.58
630	142	3	6.94
415	167	3	7.63
138	115	19	7
233	583	9	58.88
1513	107	7	15.26
197	380	3	8.7
200	3822	4	38.93
123	1072	3	7.11
114	2030	5	19.9
735	816	3	22.65
1530	16	4	15.32
5053	186	3	28.86
3789	12	5	7.46
1050	3315	3	33.4
1731	313	3	21.08
106	5252	3	11.19
111	2546	4	13.61
564	389	3	15.65
5137	387	3	33.85
109	281	11	9.31
109	115	68	20.55
446	12	23	10.73
220	847	3	14.55
106	4603	3	7.03
104	678	9	6.83
445	1025	4	29.78
322	1115	3	19.87
1599	122	4	14.34
902	172	3	12.36
106	4559	3	7.03
1726	121	7	37.52
866	213	3	14.14
118	113	46	27.09
170	4425	3	23
832	196	3	13.38
1938	105	6	11.09
2443	103	6	14.08
107	363	19	24.5
101	264	33	11.56
278	370	3	11.43
137	406	4	7.63
131	293	5	8
3651	106	5	18.66
602	205	4	18.02
106	6974	3	11.19
1032	217	3	15.33
142	291	5	9.21
475	255	3	11.95
547	269	3	14.35
190	138	7	10
3057	200	5	48.73
154	166	44	292.85
2561	103	5	8.66
109	2777	3	7.41
105	2958	4	8.23
130	853	3	7.29
3074	8	3	7.08
6863	118	3	19.3
199	764	3	12.76
127	224	10	17.7
105	6476	3	9.59
105	257	24	14.11
1237	712	4	35.78
653	179	3	11.04
4112	113	3	13.54
1388	418	3	21.72
6003	107	3	11.35
4747	956	3	35.16
1818	122	3	9.49
565	12	22	25.91
2552	107	5	11.2
249	965	4	24.2
421	130	11	40.99
1551	12	9	8.21
764	170	3	11.23
3529	12	5	7.46
1326	394	3	21.18
109	1306	5	10.26
109	1246	7	20.11
105	1419	11	35.19
1225	119	4	11.54
12	3375	5	7.46
151	440	4	10.37
173	3811	4	37.25
453	412	7	48.65
85	648	6	12.65
3914	3998	4	70.59
117	2085	3	8.83
3581	395	3	27.48
5743	105	3	9.59
102	6693	3	7.96
2828	106	4	7.96
884	123	4	10.73
661	1109	13	169
460	269	5	26.34
1109	449	7	64.66
126	3444	3	15.06
104	3477	4	8.6
208	105	27	8.79
113	2045	5	19.63
172	4551	3	23.06
111	2716	4	15.42
1966	103	5	6.89
1442	108	4	6.8
3128	101	5	9.84
231	191	4	9.03
102	4322	4	10.62
125	245	51	311.08
166	326	44	404.66
966	142	3	9.45
177	204	9	31.71
2496	109	4	11.26
144	12	105	12.42
1192	12	11	10.81
4737	102	4	10.62
16	1079	3	8.34
105	5304	3	9.59
283	407	4	17.73
3821	275	4	42.23
136	359	5	10.66
1004	1079	3	26.65
307	142	9	27.41
12	102	1508	127.78
1820	104	6	9.59
189	545	3	10.43
984	12	12	6.75
12	161	88	33.6
425	783	5	36.74
170	3015	5	40.51
109	4250	3	10.91
149	353	5	12.93
105	4679	4	12.79
400	104	15	10.18
117	12	272	49.89
224	130	8	13.42
131	882	4	13.07
157	145	8	10.76
1786	118	6	27.44
245	101	35	9.28
389	200	3	8.86
2212	101	6	7
132	106	56	15.11
132	157	12	18.4
419	464	3	15.04
318	205	3	7.92
110	3323	3	10.22
4728	106	3	7.03
777	503	4	28.62
397	1153	5	42.84
105	6990	3	9.59
2145	117	3	8.83
170	320	33	258.45
147	448	4	10.18
891	414	3	18.83
1740	8	5	10.81
167	112	21	26.08
108	535	14	33.42
157	569	3	8.65
5446	358	3	33.2
12	2793	6	8.95
157	465	3	7.61
101	2502	6	7
314	5125	3	32.63
105	982	11	19.6
256	110	20	41.83
105	906	8	7.01
8	2040	7	25.37
1025	716	3	23.25
863	1651	9	122.3
112	2081	3	7.62
602	719	3	20.08
2232	1056	4	44.28
451	544	4	24.54
2710	109	3	7.41
1344	905	3	27.75
107	7136	3	11.35
426	224	21	172.97
109	2588	3	7.41
122	279	6	7.34
202	220	4	9.16
230	167	8	24.82
370	109	12	17.91
230	12	56	38.05
122	130	16	7.14
1829	2271	3	33.66
392	9	8	6.63
12	1111	10	6.68
201	1719	3	18.03
111	308	8	7.15
2290	121	4	17.43
6442	104	3	9.88
5122	340	3	32.77
487	299	5	27.26
5059	321	3	33.2
139	383	6	15.71
889	1050	3	25.14
198	286	3	7.11
3298	101	5	9.84
3874	118	3	14.89
1301	120	5	17.23
156	552	6	25.08
4443	106	3	7.03
103	2752	6	19.38
176	849	4	18.94
249	334	5	21.67
4095	106	3	7.03
3030	120	3	11.7
8	837	6	7.15
640	108	8	12.83
203	515	8	47.19
1100	101	9	7.03
171	191	22	109.83
4600	117	4	25.32
3012	112	3	9.67
4799	101	4	7.87
124	4635	4	29.32
188	101	56	26.11
9	2694	3	6.66
737	114	6	13.83
6247	105	3	9.59
251	1888	4	30.29
1252	12	10	6.68
2694	9	3	6.66
123	459	8	22.08
203	424	5	20.77
109	2122	6	21.83
9	505	9	12.31
2753	124	5	31.31
132	1172	3	9.36
113	1774	5	17.95
4425	995	3	35.16
102	3396	5	13.28
105	858	16	44.06
1247	137	3	10.46
2659	9	6	28.84
133	745	3	7.29
1065	554	3	21.58
294	1645	3	19.95
816	735	3	22.65
124	1947	4	18.44
726	104	9	8.54
2648	109	3	7.41
286	198	3	7.11
811	189	3	12.67
6481	103	3	9.69
1880	106	5	9.09
667	108	7	10.06
3759	105	4	8.23
109	4554	3	10.91
230	320	33	295.45
149	325	4	9.04
17	101	59	7.39
106	112	114	14.51
932	771	3	25.21
12	569	20	11.26
441	105	13	6.93
105	2396	5	8.51
101	861	14	14.53
2341	367	3	23.98
101	1012	10	10.74
1772	1358	3	30.33
251	863	6	41.16
451	200	5	21.72
130	120	39	62.36
12	210	53	32.48
556	1217	4	33.36
2015	110	3	6.75
251	999	15	158.15
126	4841	4	28.92
722	302	3	15.35
256	459	3	11.65
615	218	3	13.63
102	3651	5	13.28
170	12	73	22.24
957	156	3	11.56
267	401	3	11.35
167	378	7	27.8
1145	102	8	7
104	576	12	11.4
215	836	6	37.96
9	1529	4	6.89
798	977	3	24.31
287	107	21	21.03
259	313	3	9.55
532	174	3	9.24
280	215	3	7.65
6531	102	3	7.96
6026	104	3	9.88
169	1796	3	16.03
232	1034	3	15.67
141	606	3	6.85
9	326	36	130.74
187	651	3	11.37
105	3220	4	8.23
6492	110	3	16.7
5749	106	3	11.19
4937	101	4	7.87
412	419	4	21.51
12	1489	10	14.92
116	1627	3	6.7
727	138	3	7.23
619	114	14	54.86
310	136	5	9.22
59	2421	3	9.85
12	1533	10	14.92
625	571	3	18.6
490	59	5	7.17
176	428	3	8.37
118	1353	3	7.66
250	276	3	8.47
12	3272	5	7.46
1429	112	5	14.94
2421	120	3	10.53
2608	101	6	11.81
1629	169	3	15.29
639	110	7	12.76
123	714	6	19.12
1121	114	4	8.99
387	496	3	15.17
9	4534	3	10.1
460	170	4	13.38
1239	113	4	9.46
108	3181	3	7.99
208	315	3	7.59
12	2106	8	11.93
122	1818	3	9.49
5945	491	3	35.38
110	109	87	28.66
165	507	4	13.37
101	1113	9	7.03
102	6648	3	7.96
115	2151	3	7.97
106	993	7	8.09
3661	122	4	22.47
103	1905	6	11.27
369	111	9	13.22
1922	2196	4	53.39
16	1264	3	8.34
107	335	14	7.77
101	504	23	23.72
298	115	8	8.71
107	199	35	37.87
358	107	16	13.92
507	131	4	8.63
367	136	7	19.82
1836	103	6	9.25
130	4505	3	18.01
4348	101	4	7.87
268	8	19	22.65
3272	147	3	18.39
765	101	13	7.51
5417	103	3	9.69
105	166	61	63.4
226	826	3	16.08
750	600	6	52.58
12	2365	7	10.44
2575	145	4	25.51
261	132	5	6.84
1236	127	3	8.4
104	6776	3	9.88
534	162	3	8.43
1450	771	4	39.15
119	950	6	20.82
1662	5550	3	44.08
2657	219	4	32.43
738	4021	3	33.95
5768	318	3	32.49
126	2476	3	12.34
2637	102	5	8.48
113	4711	3	13.54
1919	140	7	56.36
5819	104	3	9.88
242	352	3	9.45
109	3081	3	8.84
1211	104	11	29.8
380	12	37	47.35
1550	121	6	27.01
2733	12	6	8.95
691	1069	3	22.94
178	254	5	13.89
950	119	6	20.82
6093	102	3	7.96
447	431	8	57.66
275	352	3	10.53
4351	594	3	33.95
408	157	4	11.18
1203	127	3	8.4
260	105	45	93.97
155	118	13	8.8
4707	108	3	10.02
3315	8	3	7.08
105	1116	7	7.15
7127	102	3	7.96
3661	12	5	7.46
201	163	5	9.21
163	659	4	15.07
1155	659	3	23.14
173	342	3	6.9
4306	285	4	44.38
298	160	3	7.43
3846	209	4	39.47
715	107	10	14.52
278	146	4	6.73
3775	12	5	7.46
358	283	3	10.75
170	4650	4	36.68
917	317	3	17.03
113	293	8	8.73
167	1087	8	55.38
113	118	46	27.09
251	4764	4	41.34
1533	103	6	7.69
4121	105	4	12.79
1000	123	3	6.71
408	1205	3	20.76
390	408	6	36.33
105	223	70	215.54
240	251	22	153.21
101	4701	4	7.87
947	138	3	9.35
2411	101	6	7
4649	108	3	10.02
101	4761	4	7.87
1323	59	3	6.86
126	1829	4	16.83
141	173	8	12
1	59	5	12.86
1302	1388	3	28.3
156	723	4	15.44
182	330	4	12.09
6536	108	3	14.33
233	178	14	64.72
652	117	5	9.54
377	314	3	11.93
147	1699	5	29.59
2839	2779	6	101.02
9	2570	3	6.66
1229	470	4	31.8
111	1101	4	7.84
5103	401	3	34.19
214	493	3	10.56
103	760	12	16.88
108	3312	4	14.3
111	965	5	10.62
5049	102	3	7.96
544	107	13	17.44
103	812	13	22.97
1353	847	3	27.03
780	604	3	21.62
187	272	4	11.03
107	1525	6	10.56
115	2348	3	8.9
2290	977	3	30.57
105	3759	4	8.23
774	85	5	10.82
355	206	17	114.65
2684	12	6	8.95
1214	113	4	9.46
136	2118	4	20.6
113	3945	3	13.54
142	1590	3	12.06
1425	158	4	21.26
707	161	3	10.1
108	5536	3	14.33
5186	102	3	7.96
110	440	7	8.55
110	364	8	8.93
123	4346	3	16.55
1646	12	10	14.92
8	20	3	13.35
122	1943	3	10.29
105	4119	4	12.79
645	145	16	107.93
151	152	9	12.57
701	131	5	16.35
176	14	97	7.45
1882	108	5	15.9
540	110	7	11.12
204	271	5	16.88
5125	314	3	32.63
5644	105	3	9.59
8	59	74	18.51
1290	127	3	8.4
910	578	3	20.94
146	467	4	10.26
103	5652	3	9.69
281	159	4	8.46
2958	105	4	8.23
108	925	6	11.09
268	365	3	10.57
183	109	16	10.23
2314	126	4	19.53
817	16	3	7.4
103	1836	6	9.25
399	121	5	6.91
6151	102	3	7.96
3528	102	4	10.62
6776	104	3	9.88
979	163	13	104.7
1917	3315	3	37.36
131	315	5	8.18
1863	104	8	20.5
109	761	6	8.93
1172	149	3	11.59
102	5446	3	7.96
101	2480	7	13.78
107	2185	5	11.2
110	5667	3	16.7
105	1056	8	9.17
440	227	5	22.6
368	241	3	9.68
491	126	5	10.81
311	176	3	6.66
126	12	175	33.03
2222	107	5	11.2
4394	514	3	31.34
12	2887	6	8.95
113	986	4	7.65
1568	341	4	30.56
184	408	3	8.51
122	233	7	7.08
8	3284	3	7.08
286	203	8	34.92
12	388	30	15.97
2412	114	3	10.08
4071	101	4	7.87
2	911	3	9.73
106	110	137	20.08
1220	110	4	8.01
8	4506	3	9.08
217	383	4	14.8
110	1052	4	6.79
103	6612	3	9.69
448	147	4	10.18
2363	110	4	13.09
392	278	3	12.27
160	260	46	430.61
361	340	4	18.07
123	378	5	7.43
361	272	3	11.01
249	111	9	7.12
115	161	13	6.8
810	547	3	20.7
108	1175	6	13.19
113	1823	4	12.07
14	12	4642	65.04
6126	4346	3	50.17
198	153	14	49.04
5836	102	3	7.96
115	350	7	7.84
1015	1924	4	42.76
519	165	8	39.46
646	104	16	29.54
121	2521	7	46.91
408	875	4	27.79
1586	104	8	17.2
104	1211	11	29.8
2851	139	3	15.41
1183	107	6	8.03
437	207	4	15.29
107	1994	5	9.32
103	162	37	8.74
3822	200	4	38.93
5707	103	3	9.69
1109	999	13	186.98
145	1055	4	16.65
108	3825	3	10.02
104	6086	3	9.88
104	6026	3	9.88
252	280	3	8.67
224	233	15	82.1
2046	2543	3	34.53
107	716	9	10.14
364	164	6	20.94
2803	118	4	18.27
101	941	11	8
127	2504	3	12.05
2015	112	3	7.62
1406	114	3	7.24
12	191	52	7.13
3058	512	5	60.13
235	110	18	29.24
3821	108	3	10.02
699	151	5	20.04
6729	102	3	7.96
512	3058	5	60.13
1237	156	3	13
8	1760	8	29.58
374	128	5	8.49
101	2149	7	8.68
114	387	8	12.59
2378	1376	3	32.22
105	6740	3	9.59
440	364	3	13.81
1082	142	7	38.47
1750	119	3	8.65
776	9	16	69.65
1188	130	6	28.65
273	12	43	25.77
108	107	323	255.35
2109	156	7	55.51
12	176	66	16.91
1155	107	8	14.6
12	296	33	7.01
9	3871	3	10.1
2779	2113	6	92.02
12	220	65	63.9
184	111	13	9.24
101	958	13	15.69
1391	9	5	10
143	259	5	8.7
184	308	3	6.77
185	298	3	6.78
185	246	4	9.57
5385	1468	3	42.45
451	3057	5	58.61
118	921	4	8.73
2081	112	3	7.62
5937	120	3	19.79
3281	110	3	10.22
185	103	56	82.16
108	148	29	13.15
114	372	9	15.24
105	6789	3	9.59
1924	1015	4	42.76
170	337	3	6.79
302	917	3	16.78
282	106	18	12.1
1528	127	3	9.56
374	59	6	7.73
6503	103	3	9.69
4653	103	4	12.92
1219	117	6	21.89
2687	105	6	19.18
991	286	3	17.07
4911	125	3	16.73
105	1976	6	11.09
147	1235	3	11.84
1131	136	3	11.06
3016	148	4	25.76
1382	105	6	7.53
117	3686	3	12.43
123	226	7	7.52
466	995	4	30.28
103	261	47	107.15
12	1447	9	8.21
182	4643	3	24.02
136	1131	3	11.06
103	144	50	8.13
1297	12	10	6.68
3274	12	5	7.46
102	1011	11	22.96
2270	652	3	27.6
1196	2659	6	87.56
140	2659	6	48.27
4346	146	3	20.25
3784	109	3	8.84
237	887	3	15.07
58	581	3	8.78
8	4350	3	13.35
109	3417	3	8.84
3034	12	6	8.95
12	1245	11	16.41
145	645	16	107.93
103	398	19	20.26
124	2491	5	28.4
1859	202	3	17.79
104	3685	4	8.6
3460	124	4	24.37
448	104	26	57.51
160	12	58	25.07
1823	113	4	12.07
2633	287	4	35.09
165	624	8	42.47
101	2127	7	8.68
387	2564	6	68.22
1062	798	3	24.31
3531	916	3	32.5
120	179	11	11.4
6486	102	3	7.96
182	946	3	13.69
198	110	14	12.25
2225	117	4	16.02
104	1391	11	36.25
125	4911	3	16.73
149	3751	3	20.87
545	189	3	10.43
3365	106	4	10.26
115	210	10	9.99
2075	262	3	21.82
383	217	4	14.8
106	4990	3	7.03
1123	274	3	17.9
372	2026	4	33.74
9	1309	5	9.05
104	221	23	8.03
104	169	33	8.53
2792	105	6	19.18
101	2572	6	11.81
220	323	3	8.34
114	120	32	9.46
2535	127	6	37.13
2919	110	3	8.76
136	181	7	9.29
103	1159	9	14.8
103	7288	3	9.69
3361	12	5	7.46
142	604	3	6.7
1075	565	3	22.85
123	6126	3	20.99
85	1232	4	9.69
117	545	7	15.69
386	866	3	18.33
230	170	27	164.48
114	4955	4	24.14
4539	113	3	13.54
158	174	5	6.79
1745	12	8	6.94
3210	139	4	26.53
348	554	3	14.64
1534	606	3	24.67
220	713	3	13.14
446	222	3	10.93
2172	115	3	7.97
118	109	77	54.66
145	5768	3	24.79
401	310	3	12.16
108	1094	5	8.11
109	2975	4	13.01
105	2884	5	11.03
110	1353	4	9.57
258	649	3	13.95
107	358	16	13.92
101	189	47	10.6
122	839	10	46.12
110	1150	5	11.54
721	169	4	16.84
4108	8	3	9.08
308	123	11	27.78
201	399	3	9.39
130	1082	6	27.39
1658	437	4	33.88
148	533	3	6.89
4731	105	4	12.79
142	14	183	8.23
12	939	12	6.75
2702	552	3	27.77
104	4447	4	13.17
1557	110	4	9.57
7249	3293	3	47.94
1019	1573	3	27.92
107	1119	8	14.6
102	105	619	20.91
3181	108	3	7.99
147	3272	3	18.39
3894	120	3	15.36
664	3506	3	30.42
112	14	523	16.9
929	141	3	9.36
113	4112	3	13.54
304	637	3	14.47
311	3193	3	25.91
1109	251	13	136.54
2773	295	5	48.1
16	3146	3	16.87
279	188	4	11.03
127	7276	3	21.38
12	3605	5	7.46
645	102	12	7.71
428	176	3	8.37
232	104	23	8.03
408	130	5	10.19
192	956	3	13.97
138	415	4	8.08
8	382	10	8.36
101	4029	4	7.87
3676	12	5	7.46
1039	355	3	18.74
889	9	6	10.35
102	555	15	11.2
535	101	17	8.35
2502	101	6	7
1115	123	3	7.56
2975	1153	3	32.31
1186	108	6	13.19
337	376	3	12.64
322	3039	3	25.55
108	3327	3	7.99
2491	103	5	8.66
1919	1196	7	103.48
116	1153	5	13.87
917	302	3	16.78
3542	106	3	7.03
107	108	323	255.35
101	522	21	18.37
2	235	5	7.85
251	449	9	56.7
2	8	36	17.43
2271	1829	3	33.66
106	915	7	8.09
12	806	12	6.75
756	196	4	19.4
119	832	4	8.65
5137	209	3	29.56
528	156	5	18.52
102	3930	3	7.96
101	2829	6	11.81
4236	107	3	7.18
439	181	3	8.96
439	85	12	32.33
3599	12	5	7.46
132	622	4	10.56
104	1058	10	17.91
240	230	20	127.78
8	1344	7	17.66
109	433	9	11.02
941	381	3	18.92
131	4761	3	18.43
1795	110	5	15.99
4650	4425	3	45.67
104	7017	3	9.88
1139	2650	3	32.31
102	7253	3	7.96
107	6294	3	11.35
2161	193	3	18.43
85	1919	7	42.35
120	1771	3	9.58
340	5108	3	32.77
105	2957	6	19.18
107	287	21	21.03
761	466	3	19.11
461	12	26	17.86
4554	109	3	10.91
3074	9	3	8.06
6480	104	3	9.88
106	7050	3	11.19
12	812	16	13.89
285	126	5	7.71
103	2057	6	11.27
118	4843	3	14.89
1473	283	3	19.7
337	346	3	12.03
247	294	3	8.99
5743	104	3	9.88
794	12	14	6.96
1545	16	3	9.5
3845	209	4	39.47
120	926	4	9.82
1564	459	3	22.78
116	1334	4	10.59
5593	104	3	9.88
1415	12	10	14.92
432	12	32	40.14
2319	104	5	8.95
153	115	16	9.88
460	186	7	34.93
696	103	10	8.12
305	189	4	11.58
8	404	10	8.36
335	455	8	53.13
105	1418	10	25.74
108	1909	4	8.79
675	101	15	10.02
1829	120	3	8.78
711	136	3	8
5255	103	3	9.69
173	3810	4	37.25
9	612	7	8.41
12	3224	5	7.46
250	228	3	7.33
872	3198	3	32.93
5212	106	3	11.19
138	59	18	8.85
387	203	4	14.08
1644	110	9	43.8
415	101	22	11.61
6530	105	3	9.59
335	276	8	44.03
1153	2975	3	32.31
309	272	4	15.75
102	294	26	15.52
1951	608	3	26.02
8	3068	3	7.08
102	119	129	10.61
2548	111	3	8.02
190	1154	3	15.05
290	342	3	10.95
12	1700	8	6.94
1194	1451	3	29.73
113	4082	3	13.54
1229	172	4	21.64
12	1776	8	6.94
847	1111	3	25.75
7251	121	3	20.07
326	104	45	148.96
6748	104	3	9.88
101	146	83	12.02
107	544	13	17.44
2975	140	3	15.88
105	4725	4	12.79
1444	488	3	23.89
200	312	3	7.64
2016	1816	3	32.63
861	113	4	6.7
2494	181	4	28.35
405	542	4	23.98
189	683	3	12.02
136	665	3	7.12
173	352	6	22.51
274	171	4	9.52
627	169	4	15.66
103	3602	5	16.15
644	145	16	107.93
816	136	3	8.34
592	1423	4	34.57
142	630	3	6.94
1736	358	3	21.79
163	435	3	7.38
327	4240	3	28.14
114	2966	5	24.88
1594	494	4	33.89
1041	110	4	6.79
2495	531	3	26.29
4086	103	3	9.69
3194	101	5	9.84
104	12	1147	138.51
4859	111	3	12.73
108	536	11	20.07
4747	192	3	24.3
180	179	5	9.75
999	12	12	6.75
4209	160	4	39.14
105	7094	3	9.59
364	4748	3	29.03
542	405	4	23.98
170	396	4	12.89
133	657	5	15.83
141	1079	3	10.76
9	489	11	17.82
378	190	3	8.5
2365	12	7	10.44
6305	104	3	9.88
14	137	196	9.1
873	156	3	11.15
522	109	7	7.96
123	411	6	11.72
1597	5033	3	37.95
3030	121	3	11.97
6580	102	3	7.96
115	192	21	38.78
3425	160	4	34.15
119	1214	3	6.84
304	148	4	7.02
1898	112	3	7.62
404	915	3	19.26
459	123	8	22.08
237	835	4	22.15
2290	120	3	10.53
115	3083	3	11.52
1137	437	4	30.22
358	1736	3	21.79
5104	381	3	33.85
105	5644	3	9.59
105	3643	5	15.98
3822	108	3	10.02
1353	110	4	9.57
1527	3490	3	35.72
172	704	3	11.29
144	168	11	21.87
2280	203	3	19.66
115	4747	3	13.65
237	917	3	15.07
217	106	21	8.65
638	3498	3	30.14
280	12	35	9.37
588	208	3	11.73
971	116	4	8
560	115	6	10.06
407	236	3	9.94
123	308	11	27.78
1922	1338	3	33.47
724	641	6	50.85
696	608	4	28.58
2840	104	6	19.76
191	860	4	20.09
123	111	35	14.98
1583	163	6	40.01
6456	104	3	9.88
59	1959	6	29.35
329	204	3	7.97
205	1036	3	15.09
533	299	3	13.48
108	331	21	45.26
3097	12	5	7.46
1329	4578	3	37.28
102	3603	5	13.28
1025	1090	3	27.25
418	1388	3	21.72
2702	675	6	75.89
12	103	1137	92.99
762	105	18	50.25
124	3460	4	24.37
1661	1775	3	31.76
12	162	83	25.61
1903	120	3	9.58
4108	1050	3	35.62
184	226	9	33.46
542	3021	3	28.28
426	428	3	14.64
482	446	4	23.89
397	3954	4	47.94
114	2793	6	36.24
364	132	5	9.93
2118	103	7	17.03
107	797	9	12.06
3984	103	4	12.92
144	1575	3	12.42
184	112	13	10.84
476	17	3	7.79
512	200	7	37.79
101	4201	4	7.87
123	1425	4	14
542	305	3	14.46
200	2182	7	68.41
180	383	3	7.96
4559	106	3	7.03
542	108	7	7.75
901	2	3	9.73
119	112	37	12.83
115	1192	6	20.11
12	3134	5	7.46
4139	106	3	7.03
5993	105	3	9.59
117	215	33	116.1
101	927	11	8
159	2005	5	33.75
101	1063	12	14.01
333	489	3	13.97
12	144	105	12.42
199	107	35	37.87
1119	107	8	14.6
104	2760	5	11.49
2518	109	4	11.26
271	204	5	16.88
385	434	3	13.97
499	602	6	45.01
165	972	3	12.08
149	1172	3	11.59
102	7043	3	7.96
2779	620	6	74.62
142	1661	3	12.78
12	1415	10	14.92
153	708	4	14.85
2044	111	5	18.3
116	1780	3	7.37
7197	114	3	18.1
2430	108	4	10.13
1418	105	10	25.74
315	131	5	8.18
427	164	3	7.35
1270	106	8	15.94
105	2035	5	6.75
140	397	4	10.31
754	228	3	15.17
193	2161	3	18.43
3777	105	5	15.98
139	117	17	7.46
121	2391	4	17.43
532	118	5	8.11
111	2764	3	9.15
1047	136	3	9.52
106	4057	4	14.93
4689	103	4	12.92
2939	101	6	11.81
156	6394	3	26.27
140	210	5	7.1
293	136	8	21.51
3425	207	4	34.26
105	1831	9	28.79
604	114	7	15
2694	8	4	10.62
308	3216	4	38.06
378	173	4	12.31
162	110	17	10.34
244	426	3	10.8
242	1622	6	47.78
109	3255	4	15.48
107	1726	5	7.87
102	643	13	10.31
3793	104	4	8.6
1872	115	3	7.2
188	12	84	103.74
356	115	12	26.33
4940	107	3	7.18
107	887	9	14.43
102	2059	6	8.17
370	322	3	13.09
1149	12	11	7.82
130	475	4	7.64
6887	102	3	7.96
136	204	6	8.08
1577	366	6	54.1
114	314	7	7.17
107	2235	5	11.2
999	320	15	166.96
1719	201	3	18.03
101	2454	6	7
293	1542	5	40.11
4209	207	4	39.25
617	865	3	21.89
4898	103	4	12.92
2659	8	6	26.72
104	260	47	110.02
167	334	11	52.46
104	320	37	80.67
267	325	4	16.63
802	108	7	11.52
132	506	5	13.05
106	3030	5	13.59
113	861	4	6.7
2047	131	3	12.52
976	136	3	9.52
2272	677	6	70.15
722	1070	3	23.25
136	662	3	7.12
366	1577	6	54.1
295	212	3	7.46
104	2506	6	14.45
1306	8	6	11.45
674	120	4	7.22
116	14	475	14.04
16	1443	3	9.5
107	455	15	19.11
1651	320	5	42.05
101	300	28	7.86
4645	178	3	23.55
761	103	17	43.09
272	108	19	30.53
424	203	5	20.77
2903	114	4	16.7
568	120	5	9.48
5574	104	3	9.88
470	1229	4	31.8
1913	113	4	14.66
112	3775	3	11.15
118	126	23	11.13
108	1047	7	15.4
255	409	3	11.21
104	726	9	8.54
1056	2232	4	44.28
1709	12	8	6.94
663	12	17	8.22
158	146	13	28.87
102	5774	3	7.96
101	3115	5	9.84
105	6609	3	9.59
101	5033	4	7.87
117	2190	3	9.77
109	277	12	12.16
117	4212	3	14.57
141	352	7	19.73
152	1509	3	13.49
124	154	47	232.88
232	190	5	13.6
5089	102	3	7.96
106	3287	4	10.26
260	104	47	110.02
397	6808	3	35.83
107	4170	3	7.18
8	9	857	4358.7
770	107	8	8.82
3315	9	3	8.06
4073	104	4	13.17
415	142	6	17.82
138	193	6	7.09
160	851	4	20.78
1592	125	3	9.37
112	187	16	19.04
490	878	3	20
3602	103	5	16.15
2084	105	6	11.09
145	14	161	6.78
214	114	12	12.88
1109	230	11	100.89
3627	849	3	32.1
337	141	6	15.09
2508	106	6	16.99
381	136	4	7.47
2520	112	3	8.53
673	1668	3	26.88
130	1904	3	13.1
284	201	3	7.18
172	118	20	34.64
1771	120	3	9.58
112	444	11	25.98
248	1059	3	16.33
101	1189	9	9.16
1143	123	3	8.04
4180	101	4	7.87
101	1114	10	8.45
535	136	5	14.8
250	335	3	9.41
2421	121	3	10.8
151	532	3	7.1
3751	149	3	20.87
12	3391	5	7.46
3202	109	3	8.84
1629	122	4	14.34
210	115	10	9.99
114	1852	7	32.95
652	107	11	14.75
764	186	7	42.86
167	965	3	12.33
479	107	10	6.7
118	532	5	8.11
3339	104	5	16.47
1780	116	3	7.37
1226	104	6	6.74
7269	102	3	7.96
168	113	15	12.17
110	5738	3	16.7
1152	183	3	14.76
287	2095	3	21.43
101	4831	4	7.87
320	1388	11	121.25
108	4644	3	10.02
276	1791	3	20.33
573	117	9	25.76
1014	127	4	12.34
2825	3448	3	39.62
425	169	3	7.88
143	632	3	7.24
101	351	33	29.83
242	248	3	7.24
110	1375	4	8.74
3954	278	4	42.88
3898	1073	4	53.84
200	464	5	22.07
1229	2957	3	32.86
210	355	3	9.36
4608	1280	3	36.68
104	2055	5	7.16
443	12	25	14.58
138	151	9	8
449	384	3	14.49
233	366	3	9.48
102	5049	3	7.96
359	324	3	11.63
2165	265	3	20.85
613	426	8	63.06
12	1666	8	6.94
707	103	12	15.41
104	3339	5	16.47
1976	114	3	8.02
101	1395	9	9.16
8	5021	3	9.08
1617	426	3	22.39
1153	278	10	94.53
3469	148	3	18.31
337	187	5	17.92
16	173	12	17.81
3441	117	3	12.43
105	6112	3	9.59
728	101	14	8.74
131	1595	3	10.98
2170	105	7	16.81
121	1203	3	7.22
2876	148	3	16.76
1222	123	7	33.07
2952	129	3	14.19
142	214	6	8.81
251	230	33	269.36
111	2119	3	7.12
136	711	3	8
142	318	7	18.36
1679	101	9	17.72
5842	105	3	9.59
1651	136	3	12.42
272	114	8	8.55
979	164	4	18.57
165	1609	3	14.76
1651	337	9	101.07
621	226	3	12.44
452	307	23	223.57
107	406	14	12.09
1200	227	12	121.26
108	1078	6	12.08
132	891	3	8.09
373	179	3	7.72
106	4516	3	7.03
2513	1980	3	34.53
107	4940	3	7.18
1025	287	4	26.05
8	1458	5	9.54
158	190	7	16.21
663	122	10	39.16
274	140	5	9.13
830	135	3	7.86
833	2558	4	42.49
291	340	3	10.46
59	1417	3	6.86
146	315	5	10.75
2696	107	4	8.15
3694	121	4	21.84
467	156	8	36.1
121	3694	4	21.84
8	1306	6	11.45
8	1127	5	6.76
105	172	41	20.82
3236	104	4	8.6
168	109	19	10.56
105	124	104	55.74
1962	183	3	18.14
812	103	13	22.97
756	180	3	11.88
2097	114	3	8.02
109	2768	3	7.41
334	194	3	8
631	145	3	7.62
799	101	13	9
3039	278	3	23.81
103	6766	3	9.69
118	3972	4	25.75
172	105	41	20.82
2215	930	4	44.28
110	288	12	16.63
122	1688	7	38.63
499	289	3	13.26
105	5857	3	9.59
275	173	5	14.38
109	4094	3	10.91
2039	105	5	6.75
123	2488	3	11.67
996	59	8	30.8
829	101	16	24.84
6881	105	3	9.59
4904	104	4	13.17
1229	2702	4	47.68
111	4406	3	12.73
103	2453	6	14.08
12	3262	5	7.46
428	387	3	13.94
421	107	16	19.48
377	209	4	14.37
8	434	13	19.03
2218	394	3	25.72
810	629	3	23.05
4757	116	3	13.84
171	518	3	9.08
3457	109	3	8.84
1473	719	3	25.9
3833	391	4	45.24
719	3625	3	31.37
977	121	4	10.73
103	102	601	16.7
103	297	24	19.9
346	272	3	10.87
108	3824	3	10.02
181	367	8	37.03
3315	1050	3	33.4
8	1050	6	9.42
427	173	3	8.37
494	358	5	29.11
360	305	3	11.37
310	5054	3	32.36
4617	106	3	7.03
360	108	17	31.26
103	3118	4	8.36
104	1151	9	15.31
1586	105	10	31.99
104	7371	3	9.88
1255	203	5	32.53
532	105	27	86.55
176	859	3	12.33
119	110	42	13.27
7158	123	3	20.99
921	58	3	10.97
105	6809	3	9.59
105	6741	3	9.59
389	108	16	30.01
108	157	22	9.11
776	8	17	75.85
2686	118	3	11.23
108	106	185	15.59
179	670	4	18.39
608	1380	4	34.57
107	715	10	14.52
8	3540	3	7.08
110	1964	3	6.75
143	12	120	33.44
959	215	5	30.87
5790	102	3	7.96
117	137	17	7.46
7281	104	3	9.88
131	907	4	13.07
224	107	19	7.06
1335	158	3	13.91
12	344	39	40.54
2005	466	7	78.18
6594	102	3	7.96
106	495	10	7.45
108	3054	3	7.99
620	2113	6	65.63
212	362	3	8.7
2975	6808	3	46.35
2341	107	6	17.3
102	2000	6	8.17
103	1322	8	14.29
189	215	32	220.71
585	13	3	9.41
12	599	17	10.06
4650	170	4	36.68
2	912	3	9.73
705	123	5	13.43
4629	148	3	20.51
3840	200	4	38.93
101	2525	6	7
150	1256	6	33.94
156	1160	3	12.47
876	110	10	42.1
2150	120	3	9.58
3291	101	5	9.84
103	5987	3	9.69
115	298	8	8.71
140	134	15	19.45
1196	134	10	77.26
102	2502	6	10.81
1006	101	11	9.91
140	191	8	14.3
156	465	3	7.44
106	3879	3	7.03
9	383	13	19.11
353	1217	3	19.78
113	1756	4	12.07
106	5737	3	11.19
4419	59	3	14.66
4643	182	3	24.02
227	12	46	9.53
1346	12	10	9.5
3012	156	5	38.48
120	130	39	62.36
5959	102	3	7.96
1497	115	4	12.22
227	243	4	10.8
358	1714	4	32.05
85	424	6	7.38
905	489	5	42.06
793	124	15	94.52
106	1587	8	20.54
661	104	14	20.73
1711	104	9	29.65
681	328	3	16
1757	366	4	32.47
2012	107	5	9.32
104	1493	7	12.12
129	170	8	7.97
145	2494	3	15.36
14	142	183	8.23
419	1550	3	22.2
3767	109	3	8.84
9	488	7	6.95
139	461	28	204.41
156	418	3	6.91
108	1343	4	6.8
522	287	3	13.36
181	130	9	12.88
3257	12	5	7.46
328	1524	3	20.61
503	777	4	28.62
433	109	9	11.02
397	140	4	10.31
469	126	6	14.7
764	1007	3	23.58
2984	2925	3	38.04
12	1244	10	6.68
111	226	10	6.98
192	4747	3	24.3
911	2	3	9.73
12	1192	11	10.81
135	58	8	6.73
107	1692	5	7.87
321	5059	3	33.2
262	4041	3	27.87
758	327	3	16.19
585	108	10	17.91
267	5102	3	31.5
130	569	5	13.41
3811	173	4	37.25
1113	101	9	7.03
3277	106	5	18.66
189	101	47	10.6
257	859	4	23.21
12	432	32	40.14
755	59	5	11.09
131	809	3	7.33
4158	106	4	14.93
370	114	7	9.07
164	837	3	11.24
574	311	3	14.46
105	2170	7	16.81
101	704	13	7.51
104	6381	3	9.88
239	326	44	476.22
108	401	10	10.74
104	170	39	18.84
170	389	3	7.35
220	256	4	11.43
147	313	4	7.54
328	12	30	7.74
999	170	9	62.91
3224	12	5	7.46
246	781	4	22.15
6379	104	3	9.88
330	798	3	17.18
107	2341	6	17.3
453	5356	3	35.16
480	115	11	29.65
132	231	7	11.26
12	2916	6	8.95
185	161	6	11.58
132	179	7	7.86
301	156	10	39.45
147	466	6	21.8
1423	592	4	34.57
206	12	51	12.02
318	130	19	82.4
5720	102	3	7.96
282	107	21	20.28
2317	12	5	7.46
1323	843	3	25.96
458	133	5	12.39
170	186	8	22.5
4014	102	4	10.62
1912	111	3	7.12
103	1533	6	7.69
12	175	63	12.13
4536	101	4	7.87
1056	110	4	6.79
130	145	18	29.38
5114	321	3	33.2
324	103	17	7.68
102	1833	7	10.29
1391	8	6	12.7
314	377	3	11.93
125	295	8	15.07
104	4016	3	9.88
148	2123	3	14.55
418	108	17	38.76
12	1500	10	14.92
2521	108	5	15.9
3081	191	5	48.1
156	3050	3	19.59
2149	101	7	8.68
325	267	4	16.63
8	4403	3	13.35
2950	106	4	10.26
109	3418	3	8.84
505	114	9	21.82
293	2711	5	48.53
1563	114	4	11.28
3540	113	4	19.02
9	116	68	13.88
422	567	3	16.35
156	245	4	6.83
111	2774	3	9.15
175	12	63	12.13
287	130	13	42.28
7225	287	3	31.97
287	331	3	10.59
293	424	3	12.21
1451	774	8	100.3
102	556	16	15.38
4584	126	4	28.92
1473	107	5	6.69
275	342	3	10.25
1871	107	5	7.87
2	1515	3	12.76
103	6919	3	9.69
635	384	4	24.34
112	422	14	39.73
9	2590	4	11.96
4586	242	3	25.96
2975	3954	4	62.95
138	568	4	10.15
1115	3039	3	32.31
139	660	10	49.19
116	3954	3	13.84
156	675	5	21.2
889	8	6	8.58
1371	6942	3	41.78
101	4749	4	7.87
528	110	6	7.48
469	1861	5	46.63
105	138	68	20.27
1703	106	8	23.93
240	311	3	8.92
2957	675	4	42.51
3954	2975	4	62.95
327	141	6	14.03
146	105	51	10.94
160	3425	4	34.15
132	621	4	10.22
146	300	4	6.73
1024	1380	3	27.25
265	1331	3	19.24
102	7333	3	7.96
105	3088	4	8.23
154	124	47	232.88
278	104	18	8.14
847	220	3	14.55
118	2853	3	11.23
2	9	33	19.31
3018	126	4	21.39
121	1550	6	27.01
102	1369	7	6.63
114	2526	3	8.94
16	1545	3	9.5
424	85	6	7.38
4108	9	3	10.1
2014	113	3	7.86
1651	170	3	16.15
12	984	12	6.75
1098	394	3	20.04
9	3542	3	10.1
130	1081	8	42.98
746	12	14	6.96
1081	318	4	27.44
132	876	3	9.36
1200	127	12	85.89
5096	103	3	9.69
3449	101	5	9.84
156	1699	3	14.96
106	4617	3	7.03
205	318	3	7.92
287	7225	3	31.97
5817	828	3	39.23
102	5138	3	7.96
191	118	12	14.34
6813	105	3	9.59
415	169	3	7.88
464	314	3	13.35
118	1375	3	7.07
1170	433	4	30.22
204	291	3	7.39
125	2270	3	11.85
1623	180	3	16.07
4457	105	4	12.79
2487	101	6	7
16	190	10	14.56
2045	113	5	19.63
131	1520	3	10.98
187	547	3	11.1
110	532	6	7.48
105	6129	3	9.59
1340	875	3	26.36
134	493	7	22.85
110	380	11	19.03
109	3874	3	10.91
101	1461	9	12.15
135	765	3	7.22
1231	5113	3	41.17
1229	165	4	20.7
125	984	3	6.87
103	4147	4	12.92
3909	107	3	7.18
282	352	3	10.75
158	794	4	16.77
368	153	4	9.4
101	2487	6	7
5041	102	4	10.62
107	4316	3	7.18
109	6871	3	15.24
216	133	9	17.72
348	924	3	18.14
59	3484	3	12.51
106	141	62	36.6
189	108	21	17.39
2005	159	5	33.75
113	2315	3	8.78
882	114	4	7.35
2998	118	3	11.23
2654	155	3	17.88
357	295	3	10.87
235	393	3	9.87
189	305	4	11.58
1358	1772	3	30.33
5599	8	3	13.35
1329	925	3	27.25
224	571	4	18.34
1496	103	6	9.25
667	136	4	12.14
5896	105	3	9.59
107	1008	7	9.38
113	3665	3	11.41
135	318	5	8.67
392	175	3	8.37
9	2662	3	6.66
111	123	35	14.98
135	214	21	76.72
111	171	14	8.28
2614	120	3	11.7
381	616	3	16.17
105	5680	3	9.59
230	1388	10	94.99
105	3591	4	8.23
159	1019	5	26.23
499	888	4	30.28
738	934	3	23.93
321	5114	3	33.2
2059	108	4	8.79
543	162	3	8.88
105	3507	5	15.98
118	1948	3	9.13
2225	119	4	16.87
4391	102	4	10.62
2645	12	5	7.46
778	1808	4	39.17
6100	107	3	11.35
712	156	4	15.87
1630	156	3	14.22
604	142	3	6.7
105	1864	9	28.79
111	2663	3	9.15
1580	477	3	22.99
6159	102	3	7.96
101	3590	5	9.84
125	282	8	14.79
5121	616	3	36.86
276	485	4	19.36
4447	123	3	16.55
125	178	22	57.9
5257	824	3	39.23
289	311	4	16.26
325	278	10	64.38
102	865	10	10.54
123	3039	3	12.85
567	106	23	72.8
163	164	10	23.38
106	6580	3	11.19
12	230	56	38.05
136	376	7	20.55
106	393	14	10.93
111	1240	7	24.26
136	428	7	22.19
130	327	8	19.68
548	110	6	7.87
120	1139	7	28.75
4251	2268	3	40.61
4261	110	3	12.33
115	3974	3	13.65
1279	330	3	20.75
114	2777	3	10.08
105	4662	4	12.79
176	1737	3	16.56
4554	4650	3	45.67
12	3033	5	7.46
132	119	17	7.51
107	4573	3	7.18
127	613	14	68.25
1500	12	10	14.92
4082	113	3	13.54
699	102	11	7.23
109	4833	3	10.91
102	7269	3	7.96
917	156	5	24.25
1892	170	3	17
109	2710	3	7.41
3954	102	4	10.62
106	1085	7	10.2
382	2113	5	46.73
4554	170	3	23
1344	16	3	8.89
173	116	13	10.94
765	127	4	9.82
107	3044	4	8.15
133	524	4	9.25
3115	101	5	9.84
107	5082	3	11.35
102	6050	3	7.96
1087	219	6	42.39
865	617	3	21.89
1081	408	3	20.21
146	106	42	11.33
5432	108	3	14.33
4056	3918	4	70.59
215	219	4	10.14
181	7162	3	28.36
3150	101	5	9.84
105	1553	10	31.99
108	2045	4	8.79
103	4613	4	12.92
494	1024	3	20.89
103	4689	4	12.92
198	7199	3	29.08
6126	3039	3	46.35
103	2515	5	8.66
4575	106	3	7.03
103	4537	4	12.92
141	131	15	18.06
2777	114	3	10.08
110	137	22	7.02
2884	9	3	6.66
1640	174	6	42
680	638	3	19.7
345	380	3	12.34
144	694	3	7.79
5649	102	3	7.96
106	1796	6	11.95
103	6920	3	9.69
1007	186	3	14.49
103	761	17	43.09
3796	109	3	8.84
103	6980	3	9.69
804	146	3	8.98
265	12	49	43.08
3708	128	3	15.15
656	139	19	133.67
107	1117	6	7.05
561	229	6	32.94
187	438	28	247.77
107	1268	6	8.03
8	5003	4	17.8
303	431	6	33.53
1229	156	4	19.98
394	9	10	10.46
103	972	10	15.43
108	3530	5	23.9
1861	126	3	10.55
478	165	3	8.32
214	142	6	8.81
119	1743	3	8.65
101	3918	4	7.87
8	343	12	9.61
8	134	38	9.21
714	123	6	19.12
138	103	61	12.32
140	743	4	13.12
127	1180	3	8.94
117	3441	3	12.43
191	180	4	6.87
2526	114	3	8.94
279	198	3	7.11
3448	2825	3	39.62
797	960	3	23.47
7289	105	3	9.59
59	490	5	7.17
274	110	11	13.22
2269	117	3	9.77
2249	110	3	7.65
627	108	8	11.41
941	145	3	10.16
170	1040	3	13.16
384	449	3	14.49
186	325	6	24.96
371	1747	3	22.1
262	1091	3	18.4
2986	103	6	19.38
401	164	3	7.03
1388	230	10	94.99
139	1669	4	19.33
103	5707	3	9.69
106	2548	5	10.96
187	1302	12	115.59
120	2011	3	10.53
426	613	8	63.06
101	331	27	11.38
101	130	167	107.58
568	151	3	7.53
101	195	50	18.8
943	116	5	13.04
130	1092	3	11.29
1919	85	7	42.35
173	488	8	43.07
322	6126	3	33.85
116	16	42	41.82
513	5113	3	35.83
1036	407	5	38.8
5195	104	3	9.88
373	174	3	7.17
101	4950	4	7.87
133	296	5	8.07
105	6489	3	9.59
110	4121	3	12.33
330	186	4	12.53
299	1541	3	19.95
583	127	20	118.96
616	5121	3	36.86
5056	381	3	33.85
888	289	5	34.7
2268	4251	3	40.61
2494	318	3	22.96
979	106	7	8.09
384	4764	3	29.53
2050	101	7	8.68
4136	106	3	11.19
85	1768	3	7.27
154	377	3	8.11
649	258	3	13.95
3954	397	4	47.94
1164	414	3	20.21
366	178	3	7.55
16	232	7	8.24
117	1657	3	8.04
325	1050	3	19.05
1296	110	4	8.01
4805	101	4	7.87
3273	110	4	17.39
1160	156	3	12.47
1011	121	4	12.07
204	16	7	7.06
511	3833	4	47.94
222	373	3	9.4
2190	12	7	10.44
1362	153	3	13.13
105	7260	3	9.59
5240	104	3	9.88
4049	1092	3	38.71
1541	299	3	19.95
147	2093	7	52.65
243	256	3	7.51
101	3871	4	7.87
7022	126	3	21.68
603	140	3	6.76
103	4520	4	12.92
127	1603	3	9.56
197	12	55	15.99
3050	156	3	19.59
101	4050	4	7.87
233	176	5	12.2
1058	135	5	20.69
105	1387	10	25.74
2	1489	3	12.76
104	3457	5	16.47
106	1779	8	23.93
172	106	28	9.27
310	768	3	16.64
757	147	5	20.95
115	2210	4	14.82
16	487	5	10.28
4923	101	4	7.87
391	173	5	17.9
5113	1231	3	41.17
4393	1153	3	36.13
103	1888	6	11.27
5021	8	3	9.08
4666	106	3	7.03
1491	123	3	9.2
6755	103	3	9.69
201	309	3	7.73
1622	242	6	47.78
118	2803	4	18.27
1578	571	3	24.14
5113	513	3	35.83
1085	106	7	10.2
105	4949	4	12.79
278	325	10	64.38
117	709	5	10.96
156	2109	7	55.51
219	215	4	10.14
102	6151	3	7.96
119	756	7	21.81
3456	956	4	48.19
168	12	108	152.22
1906	111	3	7.12
4505	130	3	18.01
117	335	9	15.47
114	2894	3	10.08
252	190	6	20.1
107	770	8	8.82
123	3775	3	14.38
189	405	8	39.16
12	277	40	22.57
12	128	170	29.14
734	107	10	14.52
889	3315	3	32.93
12	193	56	14.63
984	126	3	7.32
1460	103	9	23.02
105	739	11	12.93
1216	105	8	12.11
3672	103	4	8.36
116	4391	3	13.84
104	531	23	54.96
831	117	7	22.18
497	106	10	7.45
108	164	20	7.26
103	3672	4	8.36
106	4888	3	7.03
409	255	3	11.21
12	2998	6	8.95
170	1388	8	60.85
115	356	12	26.33
242	3242	5	50.91
575	2	3	7.12
7288	103	3	9.69
2359	105	7	22.38
2507	106	4	7.96
780	111	5	10.62
3895	116	3	13.84
101	1714	8	10.4
655	137	3	6.83
1556	116	3	6.7
108	3811	4	19.11
1230	2747	3	33.47
1346	109	5	11.24
459	256	3	11.65
319	257	4	15.06
175	2817	4	29.65
6808	109	3	15.24
322	4346	3	29.35
106	1439	6	8.92
103	355	26	36.94
112	661	14	54.71
12	1354	10	9.5
12	1294	10	6.68
85	2854	3	10.11
21	3940	3	34.33
1503	325	4	31.38
101	3242	5	9.84
449	1109	7	64.66
890	105	16	51.22
1006	108	8	20.28
545	117	7	15.69
748	196	3	12.68
115	159	40	96.96
321	114	8	11.15
112	2563	4	14.32
103	4895	4	12.92
981	114	4	7.84
1057	118	4	9.81
784	1514	7	79.43
891	132	3	8.09
147	159	9	14.63
117	4918	3	14.57
101	4644	4	7.87
105	994	14	37.91
2925	2984	3	38.04
404	5527	3	34.19
4224	101	4	7.87
239	105	48	89.39
4372	2421	3	40.61
2510	101	6	7
1796	169	3	16.03
455	145	12	59.04
2593	106	4	7.96
118	649	5	10
12	2825	6	8.95
690	325	3	16.42
589	397	3	17.85
125	3965	3	16.73
119	2866	3	11.56
897	9	6	10.35
103	1329	7	9.97
5414	102	3	7.96
3704	137	4	26.53
104	5113	3	9.88
2234	150	3	15.7
123	6325	3	20.99
2430	101	7	13.78
5512	105	3	9.59
1027	123	3	7.11
522	575	3	17.59
3986	3139	3	47.94
6740	105	3	9.59
104	1226	6	6.74
532	180	3	9.76
342	416	4	19.83
108	1446	4	6.8
139	217	6	8.56
1143	620	5	45.65
680	234	3	13.26
187	661	14	106.49
3801	2979	3	39.62
859	257	4	23.21
227	440	5	22.6
2698	12	6	8.95
3833	511	4	47.94
105	5407	3	9.59
2121	115	3	7.97
164	1753	7	53.21
477	122	8	21.55
125	328	15	51.64
949	128	4	12.23
838	161	3	11.1
106	7326	3	11.19
166	104	60	64.92
1297	126	5	20.25
110	1948	3	6.75
227	1200	12	121.26
105	4464	4	12.79
134	1919	7	53.98
476	142	4	9.43
293	3966	4	43.05
722	156	5	21.73
3639	12	5	7.46
235	172	4	7.82
136	574	6	20.54
229	749	3	14.33
12	151	150	215.41
12	328	30	7.74
492	6762	3	35.38
5720	129	3	22.36
458	106	13	12.43
156	1473	3	14.22
533	148	3	6.89
108	173	21	13.73
132	147	12	13.95
384	999	6	48.44
4120	278	3	27.61
114	327	7	7.17
3312	59	5	31.81
1172	132	3	9.36
396	58	3	6.75
180	189	4	6.71
102	5431	3	7.96
229	2342	4	30.52
108	550	7	6.82
4554	4425	3	45.67
255	932	3	17.23
802	101	14	12.24
258	113	11	15.01
953	163	4	18.38
421	3431	3	27.66
571	1578	3	24.14
102	2120	7	13.18
5055	310	3	32.36
2729	313	3	24.2
4650	109	4	20.33
106	172	28	9.27
1050	9	6	11.23
104	5195	3	9.88
2242	676	3	27.9
163	385	4	10.74
227	287	4	12.66
2816	12	6	8.95
758	121	4	8.29
1127	9	5	8.22
207	9	40	95.07
207	160	48	406.45
103	6493	3	9.69
1403	107	9	24.31
208	974	3	14.41
1051	128	3	7.81
321	108	16	26.54
293	200	4	12.06
181	248	10	41.75
249	223	3	6.95
233	1014	4	23.66
209	265	3	7.02
102	2637	5	8.48
763	112	6	13.06
112	4558	3	13.27
915	404	3	19.26
504	462	3	16.03
4319	8	3	9.08
466	147	6	21.8
4146	112	3	13.27
12	1786	8	6.94
1976	101	8	15.75
104	5240	3	9.88
145	307	9	29.59
3118	103	4	8.36
453	141	5	13.81
107	1151	7	10.51
728	114	13	53.48
237	101	42	19.82
804	118	4	7.82
5110	381	3	33.85
372	266	4	16.49
12	3585	5	7.46
108	1651	5	12.3
113	1259	9	40.71
2839	9	6	28.84
2235	107	5	11.2
124	12	165	29.13
484	109	7	7.13
1011	102	11	22.96
101	3673	5	9.84
714	140	3	8.09
299	142	11	37.7
118	137	18	10.21
141	1175	4	16.94
152	12	86	8.84
255	348	3	9.97
146	384	5	13.24
485	335	5	28.38
885	107	10	20.41
5671	102	3	7.96
421	1140	3	21.53
1694	358	3	22.66
932	255	3	17.23
148	553	3	7.1
888	101	12	11.42
1947	101	7	8.68
101	233	37	8.8
110	1118	4	7.37
101	157	68	16.35
907	103	9	10.25
2255	101	6	7
4918	117	3	14.57
612	276	3	14.12
118	2886	3	11.23
201	284	3	7.18
648	108	7	9.42
888	499	4	30.28
926	120	4	9.82
4949	105	4	12.79
117	716	4	6.68
584	614	3	18.59
941	2780	3	31.35
16	1326	3	8.89
2650	1139	3	32.31
107	136	77	69.33
3362	112	3	11.15
291	204	3	7.39
152	560	3	7.56
108	627	8	11.41
118	6532	3	19.3
105	6247	3	9.59
330	396	5	27.24
391	3811	4	45.24
152	1320	6	36.12
250	137	5	7.12
132	2000	3	12.6
222	12	47	13.12
6818	102	3	7.96
398	126	5	9.09
188	2341	3	19.08
1596	133	4	17.73
474	133	22	137.61
119	2081	3	9.44
8	350	12	10.04
102	4915	4	10.62
764	199	3	12.76
1062	2760	3	31.81
757	132	3	7.4
5093	108	3	14.33
121	162	11	8.21
172	180	9	25.62
382	619	3	16.51
135	1055	7	34.93
275	106	19	13.23
101	1174	9	7.03
114	5707	3	18.1
110	304	16	31.59
1153	397	5	42.84
102	6594	3	7.96
133	1160	3	9.57
140	923	4	14.57
2623	59	3	11.01
1408	132	3	10.43
407	811	3	17.9
150	782	3	9.37
565	17	3	9.32
123	679	5	12.93
1917	1050	3	29.55
126	1861	3	10.55
103	4554	4	12.92
108	1974	6	20.07
1170	103	10	19.6
474	118	5	7.19
1077	101	10	8.45
603	171	3	9.77
5419	6	3	46.35
9	605	7	7.89
9	673	7	9.56
464	381	3	14.52
1581	227	3	18.52
174	1681	3	16.26
187	240	22	132.99
110	259	24	61.82
499	13	4	13.63
2158	102	6	8.17
117	1947	3	8.83
8	4797	3	9.08
608	777	3	20.43
12	2093	8	11.93
112	438	9	16.98
103	708	12	15.41
1199	121	5	17.68
1128	107	9	19.34
1275	12	10	6.68
183	1152	3	14.76
442	9	12	19.17
973	12	12	6.75
743	140	4	13.12
190	16	10	14.56
1244	12	10	6.68
1014	122	3	6.73
112	1302	4	9.14
313	243	3	8.8
229	324	7	31.97
101	4869	4	7.87
384	251	12	80.2
5550	1662	3	44.08
102	4007	4	10.62
105	6466	3	9.59
384	150	5	13.88
653	118	13	54.92
3272	106	5	18.66
113	325	8	11.48
1302	320	12	132.59
1664	127	3	10.26
606	141	3	6.85
132	757	3	7.4
146	117	15	7.55
4009	101	4	7.87
7129	105	3	9.59
579	8	8	9.33
104	921	8	7.59
5015	105	4	12.79
116	2764	3	10.21
340	451	3	13.28
114	610	5	7.52
554	105	13	11.41
749	840	3	23.02
158	157	6	8.13
3813	1507	4	57.13
3671	118	4	20.83
102	3751	4	10.62
513	321	3	14.55
401	293	3	12.04
401	173	6	24.46
104	819	9	9.56
958	101	13	15.69
1102	131	3	9.28
85	1862	9	54.48
308	111	8	7.15
107	425	11	6.82
190	378	3	8.5
295	107	29	48.89
435	163	3	7.38
6126	1115	3	40.62
1537	199	4	25.46
173	565	3	10.47
136	816	3	8.34
121	1338	3	7.75
12	1000	13	10.19
363	229	3	9.31
694	1053	14	185.24
1594	1694	3	31.87
120	674	4	7.22
227	634	5	26.62
170	5556	3	27.48
102	116	172	21.08
1153	102	8	7
320	389	3	11.96
3894	9	3	10.1
126	3405	4	23.97
1397	104	6	6.74
225	3721	3	23.37
965	111	5	10.62
218	209	4	9.84
5038	8	4	17.8
387	141	4	7.79
415	108	9	8.96
115	842	4	6.84
825	129	3	7.55
138	120	23	22.54
115	707	5	9.12
102	2980	5	8.48
2143	103	7	17.03
4420	5465	3	50.17
118	1494	3	7.66
9	928	5	7.48
6122	105	3	9.59
116	3895	3	13.84
104	2098	7	17.46
989	4229	3	35.16
124	260	46	292.88
1747	106	5	7.64
3673	101	5	9.84
111	14	570	10.33
227	127	17	47.26
786	103	11	14.59
5536	108	3	14.33
897	1609	7	82.76
4560	123	3	16.55
814	205	3	13.84
165	675	5	22.09
140	2975	3	15.88
522	12	20	7.95
398	947	3	19.72
3214	104	5	16.47
209	218	4	9.84
293	113	8	8.73
8	776	17	75.85
1196	9	10	48.1
140	9	45	39.5
509	102	14	7.8
2410	85	3	8.96
1374	121	3	7.75
104	154	74	174.55
4775	294	3	27.61
104	306	21	14.99
1136	146	4	17.96
777	107	8	8.82
133	776	3	7.94
749	130	3	7.29
114	9	65	9.72
605	12	19	10.22
180	119	10	8.47
715	4339	3	33.6
123	1115	3	7.56
605	167	3	9.46
102	5414	3	7.96
109	805	7	13.33
2122	109	6	21.83
158	671	3	10.1
12	356	39	50.24
529	110	7	10.63
12	568	25	37.34
1515	2	3	12.76
103	7305	3	9.69
994	189	3	13.83
9	4143	3	14.41
106	138	46	7.51
213	1240	3	16.03
107	885	10	20.41
3590	101	5	9.84
107	6998	3	11.35
303	1775	3	20.7
324	537	3	14.22
101	839	12	7.7
1426	1064	3	27.25
12	235	62	67.79
980	59	4	9.53
908	105	8	7.01
1605	103	8	16.73
12	8	583	20.1
1736	101	8	10.4
601	298	3	14.47
7253	106	3	11.19
105	2443	5	8.51
4493	105	4	12.79
1594	101	8	7.61
121	3391	3	13.48
664	111	5	6.96
157	151	11	22.14
684	142	8	36.83
4836	109	3	10.91
6970	104	3	9.88
4311	102	4	10.62
119	139	20	15.57
105	6924	3	9.59
115	1143	4	9.61
102	5671	3	7.96
101	2257	6	11.81
169	1629	3	15.29
111	4889	3	12.73
504	107	11	9.68
12	3671	5	7.46
388	12	30	15.97
9	104	217	13.1
104	7265	3	9.88
358	5446	3	33.2
3690	12	5	7.46
1768	85	3	7.27
12	1584	9	8.21
5109	451	3	34.96
438	1109	9	89.53
253	132	6	9.51
636	103	15	22.32
101	1736	8	10.4
5104	267	3	31.5
