Inflect òbchòdzony | V;PPART;PASS;MPL	òbchòdzoné
Inflect akòrdión | N;GEN(FEM,SG)	akòrdióna
Inflect apartnosc | N;DAT(PL)	apartnoscë
Inflect fòrmacëjô | N;GEN(SG)	fòrmace
Inflect skôrb | N;NOM(MASC,SG)	skôrb
Inflect Miastk | N;GEN(SG)	Miastka
Inflect jinstrumentarium | N;NOM(SG)	jinstrumentarium
Inflect Ptôszczi | N;DIM;NOM(PL)	ptôszk
Inflect gad | N;GEN(PL)	gadów
Inflect statuta | N;F;ACC(PL)	statutë
Inflect przedstôwca | N;GEN(PL)	przedstôwców
Inflect Zlikwidowac | V;INF	Zlikwidowac
Inflect Sagittaria | N;F;NOM(SG)	Sagittaria
Inflect doczëzna | N;ACC(SG)	doczëznã
Inflect wilgòtny | ADJ;ACC(MASC,PL)	wilgòtnych
Inflect officinale | ADJ;VOC(MASC,SG)	officinale
Inflect jeléń | N;NOM(SG)	jeléń
Inflect Mòżnô | ADV	Mòżnô
Inflect zafelowac | V;INF	zafelowac
Inflect Pekinie | N;LOC;SG	Pekinie
Inflect Gduńsk | N;LOC;SG	Gduńskù
Inflect krez | N;GEN(PL)	krezów
Inflect głôdkô | ADJ;NOM(FEM,SG)	głôdkò
Inflect òtãpienienié | N;GEN(SG)	òtãpieniégò
Inflect rola | N;F;NOM(SG)	rola
Inflect brëkùnk | N;GEN(SG)	brëkùnkù
Inflect zgrzewac | V;INF	zgrzewac
Inflect Myślibórz | N;NOM(SG,MASC)	Myślibórz
Inflect Radela | N;FEM;SG	Radela
Inflect kaplica | N;NOM(PL)	kaplëcë
Inflect Monachium | N;NOM(SG)	Monachium
Inflect Cząd | N;NOM(MASC,SG)	Cząd
Inflect Jabłonowy | ADJ;GEN(MASC,PL)	Jabònowich
Inflect Chinowié | N;NOM(PL)	Chinowié
Inflect granëca | N;NOM(FEM,SG)	grańca
Inflect Pòlemika | N;F;ACC(SG)	Pòlemikã
Inflect ùszłégò | ADJ;VOC(MASC,SG)	ùszłégò
Inflect mùzeum | N;GEN(SG)	mùzea
Inflect póstrzód | ADV	póstrzód
Inflect wëłączëc | V;NFIN	wëłączaniégò
Inflect biografiô | N;NOM(SG)	biografiô
Inflect baro | ADV	baro
Inflect Sërop | N;GEN(SG)	Syrëji
Inflect Powiôstka | N;NOM(PL)	Powiôstczi
Inflect apoplexia | N;NOM(FEM,SG)	apoplexia
Inflect tasmańskji | ADJ;VOC(MASC,SG)	tasmańsczi
Inflect pôłnié | N;NOM(SG)	pôłnié
Inflect staw | N;GEN(PL)	stawów
Inflect zawdzãka | N;GEN(SG)	zawdzãczi
Inflect rozebranié | N;NOM(NEUT,SG)	rozebranié
Inflect dzëj | N;GEN(PL)	dzejów
Inflect małô | ADJ;FEM;SG	Little
Inflect smietnik | N;GEN(PL)	smietników
Inflect słowiański | ADJ;INS(MASC,SG)	słowiańsczim
Inflect strzélka | N;NOM(SG)	strzélka
Inflect òczerkac | V;IPFV;IND;NFIN	òczerôk
Inflect Córeczka | N;VOC(SG,FEM)	Córeczkò
Inflect nôleżniczka | N;INS(SG,FEM)	nôleżniczką
Inflect disleksja | N;GEN(SG)	disleksji
Inflect rësznota | N;NOM(PL)	rësznotë
Inflect warãka | N;NOM(PL)	warënczi
Inflect dziãkczënnô | ADJ;NOM(FEM,SG)	dziãkczënné
Inflect państwòwi | ADJ;NOM(FEM,SG)	państwòwô
Inflect miónkark | N;GEN(PL,MASC)	miónkarków
Inflect gôrë | N;FEM;PR;PL	gôrë
Inflect obserwacjô | N;GEN(SG)	òbserwacji
Inflect sąsôdny | ADJ;GEN(FEM,PL)	sąsôdnëch
Inflect ògrańczenié | N;GEN(SG)	ògrańczenia
Inflect Brzóń | N;F;NOM(SG)	Brzóna
Inflect geneza | N;NOM(SG)	geneza
Inflect Żôgòwinë | N;NOM(PL)	Żôgòwinë
Inflect miza | N;ACC(SG)	mizë
Inflect òdnãlézc | V;NFIN	òdnalézc
Inflect zatoka | N;GEN(SG)	Zatoki
Inflect Kaszëbskô | ADJ;GEN(MASC,SG)	Kaszëbszégò
Inflect òsobnik | N;GEN(SG)	òsóbniczi
Inflect òkres | N;NOM(SG)	òkres
Inflect pùch | N;NOM(MASC,SG)	pùch
Inflect żëzny | ADJ;ACC(FEM,SG)	żëzné
Inflect kòżëch | N;GEN(SG)	kòżëchù
Inflect państwòwi | ADJ;MASC;LOC;PL	państwòwich
Inflect Chrobri | ADJ;GEN(MASC,SG)	Chrobrégò
Inflect paczét | N;GEN(SG)	paczétu
Inflect ricersczi | ADJ;VOC(MASC,SG)	ricersczi
Inflect ricersczi | ADJ;GEN(MASC,PL)	ricersczich
Inflect ricersczi | ADJ;INS(MASC,SG)	ricersczim
Inflect ricersczi | ADJ;NOM(FEM,SG)	ricerskô
Inflect Kalwarëja | N;GEN(SG)	Kalwarëji
Inflect Kraj | N;M3;NOM(SG)	Kraj
Inflect pòznanié | N;GEN(SG)	pòznaniô
Inflect patrón | N;ACC(FEM,SG)	patrónã
Inflect patrón | N;GEN(SG)	patrôna
Inflect Pòlano | N;GEN(SG,FEM)	Pòlanowa
Inflect Zelandzkô | ADJ;NOM(FEM,SG)	Zelandzkô
Inflect bazyliszek | N;NOM(SG)	bazyliszk
Inflect bazyliszek | N;GEN(PL)	bazyliszków
Inflect zabawa | N;ACC(SG)	zabawã
Inflect zabawa | N;GEN(PL)	zabawów
Inflect cerebry | N;GEN(FEM,SG)	cerebri
Inflect swiatowi | ADJ;GEN(MASC,SG)	swiatowégò
Inflect skóra | N;DAT(SG)	skórze
Inflect skóra | N;ACC(SG,FEM)	skórã
Inflect skóra | N;GEN(SG)	skórë
Inflect medycyna | N;DAT(SG)	medycynie
Inflect kôzanie | N;GEN(SG)	kôzania
Inflect dóm | N;GEN(SG)	dóma
Inflect Wacłôw | N;NOM(SG)	Wacłôw
Inflect rozëm | N;DAT(PL)	rozëm
Inflect awansowac | V;NOMLZ;N;SG	awansowónié
Inflect dłùgô | ADJ;NOM(FEM,SG)	dłùgô
Inflect wrog | N;GEN(SG)	wroga
Inflect Sam | N;ACC(SG)	Samùm
Inflect Tadeùsz | N;GEN(MASC,SG)	Tadeùsza
Inflect Tadeùsz | N;ACC(SG)	Tadeùszã
Inflect Stoleczny | ADJ;ACC(MASC,SG)	Stolecznym
Inflect Mało | ADV;DEG	Mało
Inflect mùzeja | N;LOC;PL	mùzeach
Inflect lëdëk | N;GEN(PL)	lëdów
Inflect jintegracjô | N;GEN(SG)	jintegracji
Inflect pòwszechnô | ADJ;NOM(FEM,SG)	pòwszechnô
Inflect Piątk | N;NOM(SG)	Piątek
Inflect Smólnik | N;NOM(PL)	Smólniczi
Inflect sniegùlc | N;NOM(SG)	sniegùlc
Inflect kònny | ADJ;NOM(FEM,SG)	kònnô
Inflect sédny | ADJ;NOM(FEM,SG)	Slédnô
Inflect kamień | N;INS(PL)	kamieniama
Inflect kamień | N;NOM(PL)	kamienie
Inflect anielskù | ADJ;ACC(FEM,SG)	anielskù
Inflect Żukówka | N;NOM(SG,FEM)	Żukówka
Inflect Cëm | N;ACC(MASC,SG)	Camyn
Inflect dwiérze | N;NOM(PL)	dwiérze
Inflect Tokarsczi | ADJ;NOM(FEM,SG)	Tokarsczé
Inflect dzéń | N;DAT(PL)	Tidzéniem
Inflect gramaticzka | N;ACC(SG)	gramatiką
Inflect Nasz | N;INS(FEM,SG)	Nasz
Inflect Jislam | N;DAT(SG)	Jislandzczi
Inflect stebel | N;ANT;GEN(PL,MASC)	stebłów
Inflect zurbanizowany | V;PPP;MPL;NOM	zurbanizowani
Inflect óchróniã | V;NFIN	óchróniã
Inflect pobyt | N;NOM(SG)	pobyt
Inflect infòrmatora | N;GEN(PL,MASC)	infòrmatorów
Inflect Federacëjô | N;NOM(SG)	Federacëjô
Inflect nôwôżny | ADJ;GEN(MASC,PL)	nôwôżniészich
Inflect stróna | N;NOM(SG)	stróna
Inflect stróna | N;LOC;SG	strónie
Inflect Żëcopis | N;NOM(MASC,SG)	Żëcopis
Inflect Młodzëzna | ADJ;GEN(MASC,PL)	Młodëch
Inflect kòncertowi | ADJ;ACC(FEM,SG)	kòncertową
Inflect daka | N;GEN(PL)	daków
Inflect pasyka | N;F;NOM(SG)	pasyka
Inflect òdlatiwacë | V;IMPF;3;PL	òdlatiwają
Inflect miesca | N;LOC;PL	miescach
Inflect paskudztwo | N;NOM(PL)	pasyczi
Inflect Henrik | N;NOM(MASC,SG)	Henrik
Inflect róża | N;NOM(PL)	różë
Inflect galaretowatë | ADJ;GEN(PL,MASC,ANIM)	galaretowatëch
Inflect ząb | N;GEN(PL)	zãbów
Inflect grisy | N;GEN;GEN(PL,MASC)	griseum
Inflect kaszëbsczi | ADJ;NOM(NEUT,SG)	kaszëbskò
Inflect srédny | ADJ;NOM(FEM,SG)	srédnia
Inflect wëdôwce | N;NOM(PL,MASC)	wëdôwczi
Inflect Rzym | N;LOC;SG	Rzymie
Inflect wróbelek | N;MASC;PSS3S;SG	wróbelk
Inflect trzeci | ADJ;GEN(MASC,SG)	Trzecégò
Inflect niwny | ADJ;VOC(MASC,PL)	niwné
Inflect òddzéł | N;GEN(PL)	òddzałów
Inflect wëróżnióny | ADJ;NOM(FEM,SG)	wëróżnionô
Inflect brunelka | N;NOM(FEM,SG)	brunelka
Inflect Ùkłôda | N;NOM(SG)	Ùkłôd
Inflect Wieża | N;NOM(SG,FEM)	Wieża
Inflect Gazomiérz | N;NOM(SG)	Gazomiérz
Inflect pòst | N;GEN(SG)	pòstu
Inflect spik | N;DAT(PL)	spikiem
Inflect spik | V;NFIN;INF	spikù
Inflect òbiektiwno | ADJ;NOM(FEM,SG)	òbiektiwno
Inflect sóstrowa | N;NOM(SG,FEM)	sostra
Inflect juniorka | N;LOC;PL	juniorkach
Inflect bòcón | N;NOM(PL)	Bòcóne
Inflect Pùstczi | N;NOM(PL)	Pùstczi
Inflect falszywòc | N;VOC(PL)	falszëwie
Inflect grësz | N;M3;NOM(SG)	grus
Inflect Rzim | N;NOM(MASC,SG)	Rzimù
Inflect Kóńcówka | N;GEN(SG)	Kònefczi
Inflect służąca | N;INS(FEM,SG)	służką
Inflect doktór | N;NOM(SG)	Doctor
Inflect òbrońca | N;NOM(SG,MASC)	òbrońca
Inflect jódny | ADJ;NOM(MASC,SG)	jôdny
Inflect bôjkopisarz | N;DAT(PL)	bôjkopisarzy
Inflect malën | ADJ;GEN(FEM,PL)	malënów
Inflect bakcyl | N;GEN(PL)	bakcylów
Inflect faktoria | N;ACC(SG)	faktoriã
Inflect symbòliczno | ADJ;NOM(FEM,SG)	symbòliczno
Inflect lagra | N;LOC;SG	lagrze
Inflect wysok | ADJ;NOM(FEM,SG)	Visoka
Inflect czëc | V;PRS;3;SG	czerëje
Inflect Zarząd | N;NOM(SG)	Zarząd
Inflect rogùtka | N;NOM(FEM,SG)	rogùtka
Inflect Pòetka | N;NOM(FEM,SG)	Pòetka
Inflect wiãcy | ADV	wiãc
Inflect jindustrëja | N;NOM(SG)	jindustrëjô
Inflect rézowac | V;INF	rézowac
Inflect òdrzutowi | ADJ;INS(MASC,SG)	òdrzutowëm
Inflect gãscë | N;DAT(SG)	gãsti
Inflect szôłtës | N;GEN(SG)	szôłtësa
Inflect Bezpòstrzédno | ADV	Bezpòstrzédno
Inflect Mòczëta | ADJ;NOM(FEM,SG)	Mòczitô
Inflect swòji | ADJ;DAT(MASC,SG)	swòjimù
Inflect BYC | V;1;SG;FUT	Będę
Inflect Chilónka | N;NOM(SG)	Chilónka
Inflect Szpanijô | N;GEN(SG)	Szpanii
Inflect Biblioteka | N;NOM(SG)	Biblioteka
Inflect Janioł | N;NOM(PL)	Janiołë
Inflect Janioł | N;GEN(PL)	Janiołów
Inflect krôj | N;GEN(PL)	krôjów
Inflect Płock | N;NOM(SG,MASC)	Płock
Inflect tradicja | N;INS(SG)	tradicją
Inflect pòjezerze | N;GEN(PL)	pòjezerzów
Inflect pòjezerze | N;GEN(SG)	pòjezérza
Inflect francusczi | ADJ;NOM(MASC,SG)	francusczi
Inflect pòniemiecczi | ADJ;NOM(MASC,PL)	pòniemiecczi
Inflect wëmióna | N;ACC(SG)	wëmiónã
Inflect kózła | V;IND;3;SG	kòzłuje
Inflect endonukleaza | N;ACC(SG)	endonukleazë
Inflect płatka | N;ACC(SG)	platkã
Inflect płatka | N;F;ACC(SG)	platką
Inflect bùta | N;GEN(PL)	bùten
Inflect zelësk | N;GEN(PL)	zelësków
Inflect pòkòlenie | N;GEN(PL)	pòkòleniô
Inflect ewòlucja | N;ACC(SG)	ewòlucjã
Inflect pòlskòkaszëbsczi | ADJ;GEN(MASC,PL)	pòlskòkaszëbsczich
Inflect chërny | ADJ;NOM(FEM,SG)	chërna
Inflect Ùbrzég | N;NOM(SG)	Ùbrzég
Inflect Cesarstwo | N;GEN(SG)	Césarstwa
Inflect metafora | N;ACC(SG)	metaforę
Inflect dinastia | N;NOM(SG)	dinastie
Inflect Celastracea | N;NOM(FEM,PL)	Celastraceae
Inflect Etnografny | ADJ;NOM(MASC,SG)	Etnografny
Inflect Etnografny | ADJ;IND;INS(MASC,SG)	Etnografnym
Inflect figùrka | N;LOC;PL	figùrkach
Inflect mòdzeli | N;GEN(PL)	mòdzele
Inflect cëpleznota | N;GEN(SG)	cëpleznie
Inflect òstatny | ADJ;NOM(MASC,SG)	òstatni
Inflect òstatny | ADJ;INS(MASC,SG)	òstatnim
Inflect òstatny | ADJ;NOM(MASC,SG)	òstatny
Inflect òstatny | ADJ;GEN(MASC,PL)	òstatnych
Inflect Krokòwie | N;NOM(PL)	Krokòwie
Inflect lota | N;ACC(SG)	lotã
Inflect Stolemna | ADJ;NOM(FEM,SG)	Stolemnô
Inflect fach | N;NOM(SG)	fach
Inflect gòdzynkòwatëch | ADJ;DAT(PL,MASC)	gòdzynkòwatëch
Inflect Pòlitik | N;NOM(PL)	Pòliticzi
Inflect Hordeum | N;ACC(SG)	Hordeum
Inflect Wysok | ADJ;NOM(FEM,SG)	Wëższô
Inflect chłopsczi | ADJ;GEN(MASC,PL)	chłopsczich
Inflect chłopsczi | ADJ;ACC(MASC,PL)	chłopsczé
Inflect Drezno | N;LOC;SG	Dreznie
Inflect nordowòzapadnô | ADJ;ACC(MASC,SG)	nordowòzapadné
Inflect warstwa | N;GEN(SG)	warstwë
Inflect warstwa | N;GEN(PL)	warstwów
Inflect rozrôdzanié | V;PROG;NFIN	rozrôdzanié
Inflect cygù | N;GEN(SG)	cygù
Inflect energiô | N;NOM(SG)	energiô
Inflect bartnik | N;DAT(FEM,SG)	bartnicë
Inflect deklaracëjô | N;ACC(SG)	deklaracjã
Inflect sylwetka | N;DAT(SG,FEM)	sylwetce
Inflect Miemiec | N;INST;PL;MASC	Miemcama
Inflect Pòtim | N;NOM(SG)	Pòtimù
Inflect Jakùba | N;ACC(SG)	Jakubę
Inflect baderëja | N;NOM(PL)	Badérëje
Inflect Publiczny | ADJ;NOM(FEM,SG)	Publiczna
Inflect chrupôcz | N;NOM(SG,MASC)	chrupôcz
Inflect Linux | N;NOM(SG)	Linux
Inflect kapłan | N;INST;SG	kapłanã
Inflect mięso | N;NOM(SG,NEUT)	mięso
Inflect pôtnik | N;DAT(FEM,SG)	pątnicë
Inflect Pòzytiwnô | ADJ;NOM(FEM,SG)	Pòzytiwnô
Inflect dokôz | N;GEN(PL)	dokôzów
Inflect Cena | N;ACC(SG)	Ceną
Inflect kwót | N;ACC(SG)	kwòtã
Inflect lëbawa | ADJ;NOM(FEM,SG)	lëbawé
Inflect hodowla | N;NOM(SG)	hodowla
Inflect òbrzészkòwi | ADJ;NOM(FEM,SG)	òbrzészkòwô
Inflect Brëkòwelë | V;PST;3;PL	Brëkòwelë
Inflect rzimsczi | ADJ;GEN(MASC,SG)	rzimsczégò
Inflect lingwista | N;DAT(FEM,SG)	lingwiscë
Inflect lingwista | N;ACC(SG)	lingwistã
Inflect Pontan | N;NOM(SG)	Pontanus
Inflect pòłova | N;FEM;SG	pòłowa
Inflect NôRZĄDZENIE | N;VOC(SG)	nôrzãdo
Inflect strzebny | ADJ;M;NOM(SG)	strzébny
Inflect gdze | ADV	Gdze
Inflect krziżewi | ADJ;GEN(MASC,PL)	krziżowëch
Inflect sanskrica | N;LOC;SG	sanskrice
Inflect kaczka | N;FEM;SG	Kaczô
Inflect bróna | N;GEN(SG)	brómë
Inflect pùchar | N;NOM(SG)	pùchar
Inflect wałónk | N;F;NOM(SG)	Waleska
Inflect pùcczi | ADJ;ACC(MASC,SG)	pùcczégò
Inflect Bank | N;NOM(SG)	Bank
Inflect bakteria | N;NOM(SG)	bakteria
Inflect Necël | N;NOM(MASC,SG)	Necel
Inflect kwiat | N;NOM(PL)	kwiatë
Inflect kwiat | N;GEN(PL)	kwiatów
Inflect pismienny | ADJ;MASC;INST;SG	pismiennëm
Inflect mònastér | N;NOM(SG)	mònastér
Inflect diakritik | N;NOM(PL)	diakriticzi
Inflect zjesc | V;NFIN	zjesc
Inflect zdrëszony | ADJ;GEN(MASC,PL)	zdrëszonëch
Inflect krézowô | ADJ;NOM(FEM,PL)	krézowé
Inflect Bieszkòwice | N;LOC;PL	Bieszkòwicach
Inflect Medal | N;NOM(SG)	Medal
Inflect nazwa | N;ACC(SG)	nazwã
Inflect nazwa | N;GEN(SG)	nazwë
Inflect nazwa | N;DAT(SG)	nazwą
Inflect zanôléżny | ADJ;NOM(PL,FEM)	zanôléżné
Inflect jãzãk | N;NOM(SG)	jãzék
Inflect pòstrzédnik | N;INS(PL)	pòstrzédnikama
Inflect kwantum | N;NOM(SG)	kwantum
Inflect Marley | N;GEN(SG)	Marleya
Inflect Dekler | N;NOM(MASC,SG)	Dekler
Inflect Dekler | N;GEN(PL)	Deklerów
Inflect zwierzę | N;NOM(PL)	Zwierzęta
Inflect fòrmat | N;GEN(PL)	fòrmatów
Inflect chłop | N;ACC(SG)	chłopã
Inflect chłop | N;DAT(PL)	chłopóm
Inflect chłop | N;GEN(PL,MASC)	chłopów
Inflect stół | N;M3;NOM(SG)	stół
Inflect ùchò | N;NOM(SG)	ùchò
Inflect Kijowô | N;DAT(SG)	Kijowã
Inflect rãka | N;LOC;PL	rãkach
Inflect rãka | N;INS(DU)	rãkama
Inflect tołmacz | N;NOM(SG)	tołmacz
Inflect kòszt | V;PST;3;SG	kòsztã
Inflect szëja | N;F;NOM(SG)	szëja
Inflect lasny | N;NOM(SG,MASC)	lasny
Inflect òchrona | N;ACC(SG,FEM)	òchroną
Inflect asistenta | N;ACC(SG)	asistentã
Inflect Liszkach | N;LOC;PL	Liszkach
Inflect chrząszcz | N;M3;NOM(SG)	chrząszcz
Inflect nôstarsza | ADJ;GEN(MASC,PL)	nôstarszëch
Inflect Zôpadny | ADJ;NOM(SG,MASC)	Zôpadny
Inflect spiéwnik | N;NOM(PL)	spiéwniczi
Inflect spiéwnik | N;GEN(SG)	spiéwnika
Inflect stari | ADJ;NOM(FEM,SG)	stara
Inflect wielgi | ADJ;NOM(FEM,SG)	wielgô
Inflect Kòlibrë | N;F;NOM(SG)	Kòlibrë
Inflect Siemirowice | N;NOM(PL)	Siemirowice
Inflect skarwónk | N;NOM(MASC,SG)	skarwónk
Inflect Florida | N;NOM(SG)	Florida
Inflect òdrzëcëc | V;INF	òdrzëcëc
Inflect badanie | N;GEN(PL)	badaniów
Inflect Cządnik | N;NOM(SG)	Cządnik
Inflect ballada | N;ACC(PL)	Ballady
Inflect lékarz | N;DAT(PL)	lékarzã
Inflect Welacëje | N;NOM(PL)	Welacëje
Inflect Zwrócić | V;PST;PFV;IMPRS	Zwrócono
Inflect pszenica | N;ACC(FEM,SG)	pszénicą
Inflect prowadnik | N;GEN(PL)	prowadników
Inflect próbny | ADJ;INS(MASC,SG)	próbnym
Inflect òbrzãda | N;LOC;PL	òbrzãdach
Inflect scéniczny | ADJ;GEN(FEM,SG)	sceniécznôj
Inflect Ùtwórcziniô | N;ACC(SG)	Ùtwórczinië
Inflect cyfrowi | ADJ;GEN(MASC,PL)	cyfrowëch
Inflect pôłnia | N;NOM(SG)	pôłniô
Inflect fragmeńt | N;GEN(PL)	fragmeńtë
Inflect skùtk | N;GEN(PL)	skùtków
Inflect Jork | N;NOM(MASC,SG)	Jorkù
Inflect zwierzãtkò | N;GEN(PL)	zwierzãtków
Inflect Szewczi | N;GEN(SG)	Szewczyka
Inflect òsłonka | N;INS(SG)	òsłonką
Inflect eksterka | N;ACC(FEM,SG)	eksterna
Inflect wëpòczink | N;GEN(SG)	wëpòczinkù
Inflect Austriô | N;NOM(SG)	Austriô
Inflect fònem | N;NOM(SG)	fònem
Inflect kaszëbskòmiemiecczi | ADJ;MASC;PSS;SG	kaszëbskòmiemiecczim
Inflect ptok | N;GEN(PL)	ptoków
Inflect wëzdrzec | V;PST;PFV	wëzdrzec
Inflect wëzdrzec | V;PST;3;SG	wëzdrzi
Inflect zapisu | N;GEN(SG)	zapisu
Inflect droga | N;F;NOM(SG)	droga
Inflect droga | N;LOC;PL	drogach
Inflect Szimpans | N;NOM(SG)	Szimpans
Inflect chikhals | N;DAT(PL)	chikhalsi
Inflect Lënia | N;DAT(SG)	Lëni
Inflect Lënia | N;F;NOM(SG)	Lëniô
Inflect wiatr | N;GEN(SG)	wiatru
Inflect wiatr | N;ACC(SG)	wiatrã
Inflect Archeologòwi | N;DAT(SG)	Archeologòwi
Inflect Òglowi | ADJ;NOM(MASC,SG)	Òglowò
Inflect spòdlecznokùlturalnô | ADJ;GEN(MASC,SG)	spòdlecznokùlturalnégò
Inflect pierwi | ADV;ORD;PST	pierwi
Inflect cek | N;GEN(PL,MASC)	ceków
Inflect przëgrańczanié | V;NFIN	przëgrańcza
Inflect przërównanie | N;INS(SG)	przërównanim
Inflect Krôjna | N;NOM(SG)	Krôjna
Inflect Łapùch | N;VOC(SG)	Łapùcha
Inflect prôch | N;VOC(MASC,SG)	prochù
Inflect zarô | ADV;TME	zarô
Inflect Jerzi | N;NOM(MASC,SG)	Jerzi
Inflect pòrénszë | ADJ;ACC(MASC,SG)	pòrénszégò
Inflect drąg | N;NOM(SG)	drąg
Inflect direkcëjô | N;DAT(SG)	direkcëji
Inflect mòcné | ADJ;ANA;NOM(PL,MASC)	mòcné
Inflect réza | N;GEN(PL)	rézów
Inflect Bazylika | N;NOM(SG)	Bazylika
Inflect album | N;NOM(SG)	album
Inflect sztok | N;GEN(SG)	sztokù
Inflect wëchôdac | V;INF	wëchôdac
Inflect chtërny | ADJ;NOM;VOC(MASC,PL)	niechtërne
Inflect Mirochòwsczi | ADJ;GEN(PL,MASC)	Mirochòwsczich
Inflect brëkac | V;IND;3;PL	brëkùją
Inflect zrzeszenie | N;NOM(SG)	zrzeszenié
Inflect Chryzostom | N;GEN(SG)	Chryzostoma
Inflect Dzemióna | N;NOM(PL)	Dzemiónë
Inflect slepô | ADJ;ACC(FEM,SG)	slepé
Inflect zażëc | V;INF	zażëc
Inflect Kaszëbskô | ADJ;NOM(FEM,SG)	Kaschubische
Inflect państwò | N;NOM(SG)	państwò
Inflect jakòs | ADV;REL	jakòs
Inflect Pszczoła | N;NOM(PL)	Pszczołë
Inflect ùroczëzna | N;LOC;PL	ùroczëznach
Inflect wnet | ADV	wnet
Inflect fałdowany | ADJ;NOM(FEM,SG)	fałdowanô
Inflect tradicja | N;F;NOM(SG)	tradicja
Inflect tradicja | N;GEN(SG)	tradicji
Inflect ùgrëzenié | N;NOM(SG)	ùgrëzenié
Inflect Italskô | ADJ;NOM(FEM,SG)	Italskô
Inflect swiąteczny | ADJ;ACC(FEM,SG)	swiąteczné
Inflect gruńt | N;M3;ACC(PL)	gruńtë
Inflect gruńt | N;GEN(PL)	gruńtów
Inflect Stôri | ADJ;INS(MASC,SG)	Stôrim
Inflect ùczestnienié | N;GEN(SG)	ùczestnieniô
Inflect miasto | N;INS(SG)	miastem
Inflect miasto | N;NOM(SG,NEUT)	miasto
Inflect błëcha | N;NOM(PL)	błëchë
Inflect Ksãżstwò | N;GEN(SG)	Ksãżstwa
Inflect tłumaczenie | N;GEN(SG)	domaczenia
Inflect wëbiéranié | N;LOC;SG	wëbiéraniu
Inflect Turcja | N;DAT(SG)	Turcje
Inflect Turcja | N;GEN(SG)	Turcji
Inflect trawienie | N;GEN(SG)	trawieniô
Inflect mòl | N;VOC(SG)	môlu
Inflect sluzewi | ADJ;VOC(MASC,SG)	sluzowe
Inflect gola | N;NOM(PL)	gòle
Inflect nocny | ADJ;ACC(FEM,SG)	nocné
Inflect òznôczac | V;INF	òznôczac
Inflect mòralnota | N;ACC(SG)	mòralnotã
Inflect Marión | N;NOM(SG)	Marión
Inflect ŁUVCZ | N;NOM(PL)	Łǜczi
Inflect kònstitucyjny | ADJ;ACC(FEM,SG)	kònstitucyjną
Inflect półmaczk | N;DAT(SG)	półmackù
Inflect Baùman | N;GEN(PL)	Baùmanów
Inflect chalcedon | N;NOM(SG)	chalcedón
Inflect amfibia | N;NOM(SG)	amphibia
Inflect czôrny | ADJ;NOM(MASC,SG)	Czôrnawi
Inflect pòdniesc | V;INF	pòdniesc
Inflect Ùstawa | N;ACC(SG,FEM)	Ùstawù
Inflect sparłączenie | N;M3;INS(SG)	sparłączeniém
Inflect rzãda | N;LOC;PL	rzãdach
Inflect amator | ADJ;NOM(MASC,SG)	amatorsczi
Inflect szmak | N;NOM(FEM,SG)	szmaka
Inflect rãka | N;NOM(SG)	roka
Inflect profesjonalista | N;GEN(MASC,PL)	profesjonalistów
Inflect miészańc | N;NOM(SG)	miészańc
Inflect gòspòdarztwò | N;GEN(SG)	gòspòdarztwa
Inflect musza | N;GEN(FEM,SG)	muszi
Inflect spiralã | N;ACC(FEM,SG)	spiralã
Inflect jajk | N;DIM;NOM(SG)	jôjka
Inflect sëny | N;INS(SG)	simum
Inflect kòlibka | N;INS(SG)	kòlibką
Inflect dzéwczë | N;ACC(SG)	dzéwczã
Inflect lësa | N;NOM(PL)	lësy
Inflect pòlskò | N;DAT(SG)	pòlskù
Inflect chòdzëc | V;PST;M;SG	chòdzył
Inflect chòdzëc | V;INF	chòdzëc
Inflect czëło | N;LOC;SG	czilu
Inflect syg | N;GEN(FEM,SG)	sygô
Inflect młodô | ADJ;NOM(MASC,SG)	młodë
Inflect kruszëc | V;NFIN	krusza
Inflect Port | N;NOM(SG)	Port
Inflect ksiądz | N;VOC(SG)	ksãdzi
Inflect òwca | N;ACC(SG)	òwcã
Inflect wãgersczi | ADJ;NOM(MASC,SG)	wãgersczi
Inflect wëszawnôgòrsczi | ADJ;VOC(MASC,SG)	wëszawnôgòrsczi
Inflect głãbia | N;LOC;SG	głębi
Inflect lôska | N;GEN(PL)	lôsków
Inflect szokùjący | ADJ;NOM(PL,MASC)	szokùjące
Inflect miew | N;GEN(PL)	miewów
Inflect Mùzyka | N;ACC(SG)	Mùzykã
Inflect hałas | N;NOM(PL)	hałasë
Inflect Pomorskie | ADJ;NOM(NEUT,SG)	Pomorskie
Inflect Wiejadło | N;NOM(SG,NEUT)	Wiejadło
Inflect matematika | N;GEN(SG)	matematiczi
Inflect matematika | N;NOM(SG)	matematika
Inflect plastik | N;GEN(MASC,SG)	plastikù
Inflect zôpùstë | N;NOM(PL)	zôpùstë
Inflect Zôczątk | N;NOM(PL)	Zôczątczi
Inflect szczur | N;NOM(SG,MASC)	Szczur
Inflect mak | N;ACC(SG)	makã
Inflect òsoba | N;NOM(SG)	òsoba
Inflect doskonały | ADJ;INS(MASC,SG)	Doskonałim
Inflect cwiczëc | V;INF	cwiczëc
Inflect syn | N;ACC(SG,MASC)	syna
Inflect Galatczik | N;GEN(PL)	Galatczików
Inflect mòrfologijô | N;GEN(SG)	mòrfologiji
Inflect przëpùszczalny | ADJ;ACC(MASC,SG)	przëpùszczalnie
Inflect odkretny | ADJ;NOM(MASC,PL)	odkrety
Inflect wëmienic | V;INF	wëmienic
Inflect wòjôk | N;ACC(SG)	wòjôkã
Inflect psalm | N;GEN(PL)	psalmów
Inflect Zarés | V;IMP;2;SG	Zarés
Inflect czołowy | ADJ;INS(MASC,SG)	czołowim
Inflect malëjący | V;ANM;SG;NFIN	malëjącô
Inflect bëlny | ADJ;GEN(MASC,SG)	bëlnégò
Inflect òdwiédzanié | N;GEN(SG)	òdwiédzaniô
Inflect Lobelia | N;NOM(FEM,SG)	Lobelia
Inflect internacjô | N;ACC(SG)	internacia
Inflect stôri | ADJ;NOM(MASC,SG)	Stôri
Inflect pisa | V;INF	pisac
Inflect swãgòra | N;NOM(PL)	swãgòrë
Inflect Kòscérzna | N;NOM(SG)	Kòscérzna
Inflect Kòscérzna | N;F;GEN(PL)	Kòscérznë
Inflect rzeczënka | N;F;ACC(SG)	rzeczónkã
Inflect òliwkòwi | ADJ;VOC(MASC,SG)	òliwkòw
Inflect òliwkòwi | ADJ;GEN(MASC,PL)	òliwkòwëch
Inflect działac | V;3;SG;PRES	działô
Inflect tradicëjô | N;GEN(SG)	tradycji
Inflect knąp | N;NOM(MASC,SG)	knôp
Inflect dzień | N;INS(SG)	dniãm
Inflect Petroselinum | N;NOM(SG)	Petroselinum
Inflect wëdżinic | V;FUT;1;PL	wëdżiniemë
Inflect dzecë | N;NOM(PL)	dzecë
Inflect Pòkrëwa | N;NOM(PL)	Pòkrëwë
Inflect chrzescëjónka | N;NOM(FEM,SG)	chrzescëjónka
Inflect całoscoswi | ADJ;GEN(MASC,SG)	całoscowégò
Inflect przigoda | N;ACC(SG)	przigode
Inflect przigoda | N;NOM(PL)	przigodë
Inflect Galilejsczi | ADJ;NOM(PL,MASC)	Galilejsczé
Inflect jigła | N;NOM(FEM,PL)	jigłë
Inflect jigła | N;GEN(PL)	jigłów
Inflect Dzys | N;NOM(SG)	Dzysu
Inflect nalézc | V;INF	nalézc
Inflect przôdëk | N;GEN(SG)	przôdkù
Inflect służba | N;LOC;SG	służbie
Inflect służba | N;ACC(SG)	służbã
Inflect służba | N;GEN(FEM,SG)	służbë
Inflect służba | N;GEN(PL)	służbów
Inflect ùkòchónëj | ADJ;NOM(MASC,SG)	ùkòchóny
Inflect smùkłi | ADJ;NOM(PL,MASC)	smùkłi
Inflect węczerpanie | N;LOC;SG;NEUT	węczerpaniu
Inflect rozkòscéranié | N;NEUT;SG	rozkòscérzanié
Inflect kóńsczi | ADJ;NOM(MASC,SG)	kóńsczi
Inflect wërobk | N;SG	wërobk
Inflect Sklep | N;NOM(SG)	Sklep
Inflect ludzki | ADJ;NOM(FEM,SG)	ludzka
Inflect nóta | N;INS(FEM,SG)	nótama
Inflect nóta | N;NOM(FEM,PL)	nótë
Inflect Mãczelnica | N;NOM(SG)	Mãczelnica
Inflect wëwiezc | V;NFIN	wëwiezc
Inflect pòpùlacëjô | N;GEN(SG)	pòpùlacëji
Inflect rezerwaca | N;GEN(SG)	rezerwace
Inflect filmòwi | ADJ;MASC;INST;SG	filmòwim
Inflect Rzëmianin | N;NOM(PL)	Rzëmianowie
Inflect nérek | N;NOM(SG,MASC)	nérek
Inflect Kôrta | N;F;NOM(SG)	Kôrta
Inflect reniony | ADJ;GEN;GEN(PL,MASC)	renionych
Inflect parłączenie | N;GEN(SG)	parłączenia
Inflect Kaszëbòwé | N;NOM(PL)	Kaszub
Inflect gòrączka | N;DAT(SG)	gòrączce
Inflect talérz | N;NOM(SG)	talérz
Inflect rok | N;LOC;PL	rokach
Inflect rok | N;INST;SG	rokiem
Inflect figùrenka | N;GEN(SG)	figùrenczi
Inflect dokładny | ADJ;NOM(FEM,SG)	dokładno
Inflect gniôzdëc | V;NFIN;PRS	gniôzdëje
Inflect chùtczi | ADJ;GEN(PL,MASC,ANIM)	chùtczich
Inflect chùtczi | ADJ;GEN(MASC,SG)	chùtczégò
Inflect midzëszkòłowëch | ADJ;DAT(PL,MASC)	midzëszkòłowëëch
Inflect rektor | N;ACC(SG)	rektorã
Inflect pózny | ADJ;ACC(SG,MASC)	Póznym
Inflect sztrejk | N;NOM(MASC,SG)	sztrejk
Inflect òjczëzna | N;GEN(SG)	òjczëznë
Inflect repùblika | N;NOM(SG)	repùblika
Inflect dialekt | N;GEN(SG)	dialektu
Inflect dialekt | N;ACC(SG)	dialektã
Inflect dialekt | N;NOM(PL)	dialektë
Inflect dialekt | N;GEN(PL)	dialektów
Inflect fascynacja | N;INS(SG)	fascynacją
Inflect Norda | N;LOC;SG;FEM	nordzie
Inflect Përzëk | N;NOM(FEM,SG)	Përzëca
Inflect wełna | N;NOM(SG)	wełna
Inflect etymologiô | N;NOM(SG)	etymologiô
Inflect òdebrac | V;INF	òdebrac
Inflect słôwa | N;NOM(SG)	słôwa
Inflect òtoczëc | V;PPFV;NFIN;PASS	òtoczeniô
Inflect ògniszkò | N;DAT(SG)	ògniszka
Inflect przód | ADV	przód
Inflect przód | N;LOC;SG	przóde
Inflect Stachùrsczi | ADJ;NOM(MASC,PL)	Stachùrsczi
Inflect pòjedincznëch | ADJ;GEN(MASC,PL)	pòjedincznëch
Inflect prototyp | N;NOM(SG)	prototyp
Inflect bióro | N;GEN(SG)	bióra
Inflect spôlëlë | V;PRF;3;PL	spôlëlë
Inflect prok | N;GEN(SG)	proga
Inflect Słowiónie | N;NOM(PL)	Słowióni
Inflect Słowiónie | N;NOM(PL)	Słowiónie
Inflect Pôtrik | N;DAT(FEM,SG)	Patrika
Inflect jaskùleczka | N;FEM;SG;DIM	jaskùleczka
Inflect Jastrowa | N;INS(FEM,SG)	Jastrową
Inflect szkic | N;GEN(PL)	szkiców
Inflect głowôcz | N;NOM(SG)	głowôcz
Inflect ksãżëc | N;GEN(PL)	ksyżeców
Inflect Przódka | N;NOM(PL)	Przòdë
Inflect redakcëjô | N;NOM(SG)	redakcëjô
Inflect rzec | N;NOM(PL)	rzeczi
Inflect zôpadnopòmòrsczi | ADJ;GEN(MASC,PL)	zôpadnopòmòrsczich
Inflect media | N;GEN(PL)	Mediów
Inflect Mandrillus | N;NOM(SG)	Mandrillus
Inflect Szpanijô | N;NOM(SG)	Szpanijô
Inflect rujana | N;F;NOM(SG)	rujana
Inflect rujana | N;GEN(SG)	rujanie
Inflect Ùkrajińc | N;MASC;PL	Ùkrajińcë
Inflect klimat | N;NOM(SG)	klimat
Inflect klimat | N;DAT(SG)	klimatowi
Inflect klimat | N;GEN(SG)	klimatu
Inflect klimat | N;FEM;LOC;SG	klimatë
Inflect farma | N;DAT(SG)	firmie
Inflect ùrodzëc | V;PPFV;PSP;NFIN	ùrodzóny
Inflect stwòrzenie | N;DAT(SG)	stwòrzeniu
Inflect òfiara | N;ACC(SG)	òfiarã
Inflect ùbògadzenié | N;GEN(PL)	ùbògaconëch
Inflect coker | N;INS(SG)	cocker
Inflect Kuba | N;MASC;SG;LOC	Kùbie
Inflect Wislawa | N;NOM(FEM,SG)	Wisława
Inflect matka | N;NOM(SG)	matka
Inflect matka | N;ACC(SG)	matkã
Inflect matka | N;INS(SG)	matką
Inflect sadzyć | V;NFIN	sadzenim
Inflect harcersczi | ADJ;DAT(MASC,PL)	harcersczich
Inflect pisanô | ADJ;NOM(FEM,SG)	pisanô
Inflect drzewùtni | N;LOC;PL	drewùtniach
Inflect wòjna | N;LOC;SG	wòjnie
Inflect wòjna | N;ACC(SG)	wòjnã
Inflect wòjna | N;GEN(PL)	wòjnów
Inflect wòjna | N;ACC(SG,FEM)	wòjną
Inflect wôrtnosc | N;ACC(SG)	wôrtnotã
Inflect stôrszi | ADJ;CMPR	starszim
Inflect stôrszi | ADJ;GEN(MASC,SG)	starszégò
Inflect pòczestnot | N;ACC(SG)	pòczestnotã
Inflect mëszk | N;NOM(SG)	mëszélc
Inflect ekstraklasa | N;GEN(SG)	Ekstraklasy
Inflect jedla | N;NOM(PL)	jedlë
Inflect Prawa | ADJ;NOM(FEM,SG)	Prawa
Inflect Sejmòwô | ADJ;NOM(FEM,SG)	Sejmòwô
Inflect czësti | ADJ;NOM(MASC,PL)	czësti
Inflect czësti | V;IND;SG;3	czësto
Inflect léczniczô | ADJ;NOM(FEM,SG)	léczniczô
Inflect państwo | N;GEN(PL)	Państwa
Inflect spółzwãkôw | N;GEN(PL)	spółzwãkôw
Inflect stopa | N;LOC;PL	stopach
Inflect stopa | N;F;DAT(PL)	stopama
Inflect adeptałowô | ADJ;NOM(FEM,SG)	deptałowô
Inflect KaszëbskôPòmòrskô | ADJ;NOM(FEM,SG)	KaszëbskôPòmòrsczégò
Inflect zwòlennik | N;INS(SG,MASC)	zwòlennikã
Inflect nôùczny | ADJ;NOM(FEM,SG)	nôùczné
Inflect sprawiedlëwòtô | N;ACC(FEM,SG)	sprawiedlëwòtë
Inflect òdjimk | N;LOC;PL	òdjimkach
Inflect Tuhanowicz | N;DAT(PL)	Tuhanowiczach
Inflect armiô | N;ACC(SG)	armië
Inflect armiô | N;NOM(SG)	armiô
Inflect algiersczi | ADJ;GEN(MASC,SG)	algiersczégò
Inflect ùniwersytet | N;LOC;SG;F	ùniwersytece
Inflect ùniwersytet | N;NOM(MASC,SG)	ùniwersytet
Inflect ùniwersytet | N;LOC;PL	ùniwersytetach
Inflect ùniwersytet | N;GEN(PL)	ùniwersytetów
Inflect łoza | N;F;NOM(SG)	Łoza
Inflect Sobór | N;NOM(SG)	Sobór
Inflect smrok | N;GEN(SG)	smroku
Inflect Surfòwanié | N;NOM(SG)	Surfòwanié
Inflect lëtra | N;NOM(PL)	lëtrë
Inflect lëtra | N;F;INS(SG)	lëtrą
Inflect brëtëjsczi | ADJ;NOM(MASC,SG)	brëtëjsczi
Inflect kraj | N;GEN(SG)	kraju
Inflect kraj | N;GEN(PL)	krajów
Inflect demònstracëjô | N;GEN(PL)	demònstracëjów
Inflect paznokc | N;GEN(SG)	paznokca
Inflect Eùropejskô | ADJ;NOM(FEM,SG)	Eùropejskô
Inflect Eùropejskô | ADJ;ACC(FEM,SG)	Eùropejską
Inflect technologia | N;GEN(SG)	technologii
Inflect bùdować | V;3;PL;PRES	bùdują
Inflect czubaty | ADJ;NOM(MASC,SG)	czubati
Inflect czubaty | ADJ;NOM(FEM,SG)	czubatô
Inflect inicjator | N;ACC(SG)	inicjatorã
Inflect Swiónowie | N;NOM(PL)	Swiónowie
Inflect wątplëwótô | N;F;NOM(SG)	wątplëwótë
Inflect Teofil | N;NOM(MASC,SG)	Teofil
Inflect wèjerowsczi | ADJ;INS(MASC,SG)	wejerowsczim
Inflect zjednóny | ADJ;NOM(FEM,SG)	zjednónô
Inflect bąk | N;LOC;SG	baechu
Inflect kòmùnalnô | ADJ;GEN(PL,MASC)	kòmùnalnëch
Inflect chléb | N;NOM(MASC,SG)	chléb
Inflect zbiérka | N;GEN(PL)	zbiérków
Inflect Gard | N;NOM(MASC,SG)	Gard
Inflect sniég | N;NOM(SG)	sniég
Inflect sniég | N;GEN(SG)	sniégù
Inflect Spôdkòwizna | N;GEN(SG)	Spadkòwiznë
Inflect cyńk | N;ACC(SG)	cyńką
Inflect Andromeda | N;NOM(SG)	Andromeda
Inflect Krziżewé | ADJ;NOM(PL,MASC,INAN)	Krziżewé
Inflect zależny | ADJ;NOM(PL)	zależne
Inflect czarë | N;NOM(FEM,PL)	czarë
Inflect splecënki | N;GEN(PL)	splecënków
Inflect ełemęt | N;GEN(PL)	elemeńtów
Inflect rechòwanié | N;LOC;SG;M3	rechòwaniu
Inflect rechòwanié | N;NOM(SG,NEUT)	rechòwanié
Inflect sam | ADJ;INS(MASC,SG)	samym
Inflect sam | ADJ;NOM(FEM,PL)	samé
Inflect sam | ADJ;GEN(MASC,PL)	samëch
Inflect tłusti | ADJ;ACC(MASC,SG)	tłëstégò
Inflect pòłączenié | N;NOM(SG)	pòłączenié
Inflect swiãtéj | ADJ;GEN(FEM,SG)	swiãcy
Inflect Ewangelicczi | ADJ;NOM(MASC,PL)	Ewangelicczi
Inflect robić | V;V;PTCP;NFIN	robieniu
Inflect miłota | N;GEN(FEM,SG)	miłotné
Inflect wepsczi | V;NFIN;INF	wepsczim
Inflect Bùrczibas | N;NOM(SG)	Bùrczibas
Inflect Lãbòrskô-Bëtowskô | ADJ;F;NOM(SG)	LãbòrzkòBëtowsczi
Inflect nosëna | N;ACC(FEM,SG)	nosinė
Inflect Gdąńsk | N;NOM(SG)	Gdąńsk
Inflect niemiecki | ADJ;NOM(PL,MASC)	niemieccy
Inflect niemiecki | ADJ;NOM(MASC,SG)	niemiecczi
Inflect aùtór | N;NOM(SG,MASC)	aùtór
Inflect piłkarz | N;NOM(SG)	piłkarz
Inflect piłkarz | N;GEN(PL)	piłkarzy
Inflect piłkarz | N;GEN(PL)	piłkarzów
Inflect ùkształtowanié | N;GEN(SG)	ùkształtowaniô
Inflect Klonówczyni | N;VOC(PL)	Klonówczi
Inflect Mandżurëja | N;GEN(SG)	Mandżurëji
Inflect wygrany | ADJ;NOM(MASC,PL)	wygranych
Inflect ramię | N;NOM(PL)	remiona
Inflect ramię | N;GEN(PL)	remionów
Inflect òlsza | N;NOM(FEM,SG)	òlszô
Inflect blëżëc | V;NFIN	blëżi
Inflect Włodzmirz | N;GEN(SG)	Włodzmierza
Inflect doktór | N;ACC(SG)	doktorã
Inflect wybór | N;NOM(SG)	wybór
Inflect koza | N;NOM(SG)	koza
Inflect nôpewni | ADV;SUP	nôpewni
Inflect jinwazëjô | N;ACC(SG,FEM)	jinwazëjô
Inflect wërosca | N;LOC;SG	wërosce
Inflect Koło | N;NOM(SG,NEUT)	Koło
Inflect ùzależnienie | N;GEN(PL)	ùzależnieniama
Inflect równoznaczëna | ADJ;NOM(FEM,PL)	równoznaczënë
Inflect wielëna | N;NOM(FEM,SG)	wielëna
Inflect chrzescyjańskô | ADJ;ACC(FEM,SG)	chrzescyjańsczé
Inflect kònstrukcjô | N;LOC;PL	kònstrukcjach
Inflect kònstrukcjô | N;GEN(SG)	kònstrukcji
Inflect Przemysł | N;NOM(SG)	Przemisł
Inflect Beck | N;NOM(MASC,SG)	Beck
Inflect militarny | ADJ;NOM(FEM,SG)	militarnô
Inflect współczesny | ADJ;GEN(FEM,SG)	współczesnej
Inflect nôwiãkszi | ADJ;INS(PL,MASC)	nôwiãkszimi
Inflect fòlder | N;LOC;PL	fòlderach
Inflect fòlder | N;NOM(PL)	fòlderë
Inflect wëmòka | N;GEN(SG)	wëmòdżi
Inflect jastrzëbôk | N;F;SG	jastrzëbôk
Inflect kòlibk | N;NOM(PL)	kòlibczi
Inflect seria | N;DAT(SG)	serie
Inflect greńcznô | ADJ;NOM(FEM,SG)	greńcznô
Inflect mésterswò | N;GEN(SG)	mésterstwa
Inflect tczë | N;FEM;LOC;SG	tczë
Inflect startné | N;ACC(SG,NEUT)	startné
Inflect rozum | N;ACC(MASC,SG)	rozum
Inflect grodzëskò | N;NOM(NEUT,SG)	grodzëskò
Inflect przemoc | N;NOM(SG)	przemògã
Inflect Chalëpa | N;GEN(PL)	Chalëpów
Inflect krańc | N;MASC;SG;LOC	krańc
Inflect krańc | N;LOC;SG	krańcu
Inflect Òrder | N;GEN(SG)	Òrderu
Inflect Òrder | N;GEN(SG)	Òrdéru
Inflect procesja | N;GEN(SG,FEM)	procesji
Inflect pòòrôł | V;FUT;3;SG	pòòrôł
Inflect Rãplôcz | N;NOM(MASC,SG)	Rãplôcz
Inflect doróbek | N;GEN(SG)	doróbkù
Inflect dogmaticzny | ADJ;VOC(MASC,SG)	dogmaticzi
Inflect dogmaticzny | ADJ;ACC(FEM,SG)	dogmaticzné
Inflect pingwin | N;GEN(PL,MASC)	pingwinów
Inflect hôwinga | N;NOM(FEM,SG)	hôwinga
Inflect Sumer | N;GEN(PL)	Sumerów
Inflect òdéńdzënk | N;M3;NOM(SG)	òdéńdzenié
Inflect Jan | N;DAT(SG)	Janowi
Inflect Kanonik | N;GEN(PL)	Kanoników
Inflect Kôczornica | N;NOM(SG)	Kôczornica
Inflect Kôczornica | N;NOM(PL)	Kôczornice
Inflect China | N;DAT(PL)	Chinama
Inflect Wôżny | ADJ;NOM(MASC,SG)	Wôżny
Inflect łëzgôcz | N;NOM(MASC,SG)	łëzgôcz
Inflect rentier | N;MASC;PSS3S;SG	rentier
Inflect książka | N;GEN(PL)	ksążków
Inflect termin | N;ACC(SG)	termin
Inflect Pozycjô | N;F;NOM(SG)	Pòzycjô
Inflect dëtka | N;GEN(PL)	dëtków
Inflect nôbarżi | ADV;SUP	nôbarżi
Inflect cytr | N;DAT(SG)	cytrze
Inflect wëspólrobic | V;NFIN	wëspółrobi
Inflect świetło | N;LOC;SG	świetle
Inflect pòrządk | N;NOM(PL)	pòrządczi
Inflect pòrządk | N;VOC(SG)	pòrządk
Inflect pòrządk | N;GEN(SG)	pòrządkù
Inflect zôczątek | N;NOM(PL)	zôczątki
Inflect Czedë | ADV	czedë
Inflect robòcy | ADJ;MASC;PL;LOC	robòcych
Inflect stado | N;GEN(SG)	stada
Inflect wôżk | N;NOM(PL)	wôżczi
Inflect wôżk | N;GEN(PL)	wôżków
Inflect katolëk | N;INST;PL	katolëkama
Inflect katolëk | N;GEN(PL)	katolëków
Inflect Frãcëszkan | N;ACC(FEM,PL)	Frãcëszkanie
Inflect Frãcëszkan | N;ACC(MASC,PL)	Frãcëszkanów
Inflect Nil | N;GEN(MASC,SG)	Nilu
Inflect Łba | N;GEN(SG)	Łebë
Inflect interpretowac | V;INF	interpretowac
Inflect Diôbeł | N;NOM(SG)	Diôbeł
Inflect Sandomiersczi | ADJ;NOM(PL,MASC)	Sandomiersczé
Inflect Bòski | ADJ;ACC(FEM,SG)	Bòską
Inflect zwada | N;F;NOM(SG)	zwada
Inflect zwada | N;GEN(SG)	zwadë
Inflect skłôd | N;NOM(MASC,SG)	Skłôd
Inflect białgòwsczi | ADJ;NOM(MASC,SG)	białgòwsczi
Inflect amerykańsczi | ADJ;GEN(MASC,SG)	amerikańsczigò
Inflect masa | N;ACC(SG)	masã
Inflect bal | N;ACC(SG)	balã
Inflect Msza | N;GEN(SG)	Mszi
Inflect Msza | N;ACC(SG)	Mszã
Inflect Msza | N;NOM(FEM,SG)	Mszô
Inflect Msza | N;ACC(SG)	Mszą
Inflect swãd | N;ACC(SG)	swãdu
Inflect òdbiernik | N;GEN(PL)	òdbiérników
Inflect Ditrich | N;NOM(SG)	Ditrich
Inflect KùmskòManëcczi | ADJ;GEN(MASC,SG)	KùmskòManëcczégò
Inflect Miónków | N;GEN(PL)	Miónków
Inflect òdbitk | N;NOM(PL)	òdbitczi
Inflect smùlsc | N;ACC(MASC,SG)	smùlsz
Inflect SZËC | V;PST;3;PL	szlë
Inflect Znóné | ADJ;NOM(FEM,PL)	Znóné
Inflect Zómk | N;NOM(MASC,SG)	Zómk
Inflect Kaszëbskô | ADJ;NOM(FEM,SG)	Kaszëbskô
Inflect niebò | N;NOM(SG,NEUT)	Niebò
Inflect raz | N;LOC;PL	razach
Inflect raz | N;GEN(PL)	razow
Inflect nadzewac | V;INF	nadzewac
Inflect Pòlôk | N;NOM(SG)	Pòlôk
Inflect sztudia | N;NOM(FEM,SG)	sztudia
Inflect Złoti | ADJ;INS(MASC,SG)	Złotim
Inflect astronomia | N;GEN(SG)	astronomii
Inflect ùczãstnik | N;GEN(PL,MASC)	ùczãstników
Inflect badéra | N;NOM(FEM,SG)	badéra
Inflect sziszkòjagòda | N;NOM(PL)	sziszkòjagòdë
Inflect różnosć | N;GEN(SG)	różnoscë
Inflect Wòjewództwo | N;NOM(PL)	Wòjewództwa
Inflect mòtorowi | ADJ;ABL(MASC,PL)	mòtorowich
Inflect wëswiãconô | ADJ;NOM(FEM,SG)	wëswiãconô
Inflect ùzdrzec | V;PST;PFV	ùzdrzëc
Inflect erb | N;ACC(PL)	erbë
Inflect Wiólgô | ADJ;NOM(FEM,SG)	Wiolgô
Inflect przedstôwka | N;LOC;PL	przedstôwkach
Inflect pastor | N;ACC(SG)	pastorã
Inflect Janek | N;VOC(SG)	Janke
Inflect AnnaMaria | N;FEM;PROPN;SG	AnnaMaria
Inflect gospodarstwo | N;NOM(SG)	gospodarstwo
Inflect pokolenié | N;GEN(SG)	pokoleniégò
Inflect František | N;NOM(SG)	František
Inflect Ekwador | N;NOM(SG)	Ekwador
Inflect Ekwador | N;GEN(SG)	Ekwadoru
Inflect flota | N;NOM(SG)	flot
Inflect wzór | N;NOM(SG)	wzór
Inflect kartëzan | N;GEN(PL)	kartëzanów
Inflect wójt | N;NOM(SG)	wójt
Inflect plansza | N;NOM(FEM,SG)	plansza
Inflect miesce | N;SG;LOC	miesce
Inflect Dardanele | N;NOM(PL)	Dardanele
Inflect Gregorianian | ADJ;MASC;PSSV;SG	Gregòriańsczi
Inflect akcëjô | N;NOM(SG)	akcëjô
Inflect weżë | V;NFIN	weżi
Inflect Pólsczi | ADJ;NOM(MASC,SG)	Pólsczi
Inflect latëfùndia | N;GEN(PL)	latëfùndiów
Inflect wëbitny | ADJ;GEN(MASC,PL)	wëbitnëch
Inflect ksyżëna | N;NOM(FEM,PL)	ksyżënë
Inflect òchróna | N;LOC;SG	òchrónie
Inflect krój | N;GEN(SG)	krôjù
Inflect badéra | N;DAT(FEM,PL)	badérã
Inflect shəmota | N;GEN(PL)	shəmōṯ
Inflect karny | ADJ;GEN(MASC,SG)	karnégò
Inflect Bòliwiô | N;NOM(SG)	Bòliwiô
Inflect lasowi | ADJ;ACC(MASC,PL)	lasowëch
Inflect Òpòwiôstka | N;NOM(PL)	Òpòwiôstczi
Inflect liczba | N;ACC(SG)	liczbã
Inflect zbiérnik | N;NOM(SG)	zbiérnik
Inflect Biologija | N;NOM(SG)	Biologijô
Inflect Brëtëjsczi | ADJ;NOM;VOC(MASC,PL)	Brëtëjsczici
Inflect habilitacje | N;ACC(SG)	habilitacjã
Inflect pòcëstersczi | ADJ;NOM(MASC,SG)	pòcëstersczi
Inflect zôdzerzg | N;GEN(SG)	zôdzerzgi
Inflect gałąz | N;GEN(PL)	gałãzów
Inflect gałąz | N;GEN(SG)	gałązy
Inflect tardnô | ADJ;NOM(FEM,SG)	tarda
Inflect Òbserwowac | V;3;SG;PRES	Òbserwëje
Inflect bąčk | N;NOM(MASC,SG)	bączk
Inflect kùńczëc | V;INF	kùńczëc
Inflect skała | N;ACC(SG)	skalã
Inflect tożsamość | N;GEN(SG)	tożsamości
Inflect Hebrajsczi | ADJ;INS(MASC,SG)	Hebrajsczim
Inflect òkùnkòwatëch | ADJ;GEN(FEM,PL)	òkùnkòwatëch
Inflect dëtczi | N;VOC(SG)	dëtk
Inflect przërëchtowani | N;LOC;SG	przërëchtowanim
Inflect Johnnym | N;MASC;INST;SG	Johnnym
Inflect Hôdowc | N;ACC(PL)	Hòdowców
Inflect Hùda | N;GEN(FEM,SG)	Huds
Inflect sad | N;GEN(PL)	sadów
Inflect pszénica | N;NOM(FEM,SG)	pszénica
Inflect przëmiôr | N;INS(SG)	przëmiôrã
Inflect rodzëzna | N;GEN(SG)	rodzëznë
Inflect rodzëzna | N;GEN(PL)	rodzëznów
Inflect trzon | N;ACC(MASC,SG)	trzon
Inflect grecczë | ADJ;ACC(MASC,SG)	grecczégo
Inflect sztóca | N;ACC(PL)	sztóce
Inflect historia | N;GEN(SG)	Historii
Inflect ùpôdk | N;GEN(SG)	ùpadku
Inflect ùpôdk | N;GEN(SG)	ùpadkù
Inflect Płat | N;NOM(SG)	Platow
Inflect Stolôrz | N;NOM(SG)	Stolôrz
Inflect Stolôrz | N;NOM(PL)	Stolôrze
Inflect skwarka | N;INS(PL)	skwarkama
Inflect Łacyńsczi | ADJ;NOM(MASC,SG)	Łacyńsczi
Inflect materëja | N;F;GEN(SG)	materëje
Inflect Brno | N;NOM(SG)	Brno
Inflect wzór | N;DAT(PL)	wzorama
Inflect pòdgrëpë | N;DAT(SG)	pòdgrëpë
Inflect seksualny | ADJ;NOM(MASC,SG)	seksualnié
Inflect Zambia | N;F;NOM(SG)	Zambiô
Inflect Helicidae | N;NOM(PL)	Helicidae
Inflect Feldhandball | N;GEN(SG)	Feldhandballu
Inflect Rosmarinus | N;NOM(SG)	Rosmarinus
Inflect lëca | N;ACC(PL)	ledze
Inflect zatwiérdzenié | N;NOM(SG)	zatwiérdzenié
Inflect plëta | N;ACC(SG)	plëtã
Inflect Swióniô | N;ACC(SG)	Swinié
Inflect Wszëtkò | ADJ;NOM(NEUT,SG)	Wszëtkò
Inflect Mòrzk | N;DAT(SG)	Mòrzu
Inflect Kùlturowô | ADJ;NOM(FEM,SG)	Kùlturowô
Inflect jistnik | N;GEN(FEM,SG)	jistnika
Inflect jistnik | N;GEN(PL)	jistników
Inflect westrzédnozôpadny | ADJ;INS(SG,MASC,INAN)	westrzédnozôpadnim
Inflect Slovenská | ADJ;NOM(FEM,SG)	Slovenská
Inflect jôpsczownik | N;NOM(MASC,SG)	jôpscownik
Inflect rzeczenie | N;DAT(SG)	rzeczeniu
Inflect ùkôra | N;GEN(SG)	ùkôrë
Inflect Poezja | N;NOM(SG)	Poezje
Inflect grecczi | ADJ;GEN(MASC,SG)	grecczégò
Inflect Môrcëna | N;NOM(FEM,SG)	Môrcëna
Inflect etos | N;GEN(SG)	etosu
Inflect maj | N;NOM(PL)	majus
Inflect ksyżëc | N;NOM(SG)	ksyżëc
Inflect ksyżëc | N;GEN(SG)	ksyżëca
Inflect Manuał | N;NOM(PL)	Manuałë
Inflect Pòtrus | N;VOC(PL)	Pòtrusë
Inflect Bernstein | N;NOM(SG)	Bernestein
Inflect fòrma | N;DAT(SG)	fòrmie
Inflect fòrma | N;NOM(PL)	fòrmë
Inflect fòrma | N;GEN(PL)	fòrmów
Inflect głodny | ADJ;NOM(FEM,SG)	głodnô
Inflect Natalia | N;FEM;PROPN;SG	Natalia
Inflect Natalia | N;F;INS(SG)	Natalią
Inflect wzrost | N;NOM(MASC,SG)	wzrost
Inflect dobiwka | N;GEN(PL)	dobiwków
Inflect sztraf | N;FEM;LOC;SG	sztrafë
Inflect sztacheta | N;GEN(PL)	sztachétów
Inflect sztacheta | N;GEN(PL)	sztachëtów
Inflect Prezydent | N;NOM(SG)	Prezydent
Inflect Prezydent | N;GEN(MASC,SG)	Prezydenta
Inflect òstawac | V;INF	òstawac
Inflect Kiszëniów | N;NOM(SG)	Kiszëniów
Inflect piec | V;PRS;3;SG	piekle
Inflect całosc | N;GEN(SG)	całoscy
Inflect całosc | N;GEN(SG)	całoscë
Inflect noclegòwac | V;INF	noclegòwac
Inflect forsycjô | N;F;NOM(SG)	forsycjô
Inflect miec | V;NFIN	miec
Inflect akt | N;GEN(PL)	aktów
Inflect marsz | N;GEN(SG)	marszu
Inflect akwedukt | N;NOM(PL)	akweduktë
Inflect Żywopłot | N;INS(SG)	Żywopłotem
Inflect rózga | N;ACC(FEM,SG)	rózgã
Inflect maszëna | N;ACC(SG)	maszëną
Inflect krëczka | N;NOM(PL)	krëczczi
Inflect krëczka | N;GEN(PL)	krëczków
Inflect stróna | N;LOC;SG	strone
Inflect rozkòscérzanié | N;GEN(SG)	rozkòscérzaniô
Inflect bezpiek | N;GEN(SG)	Bezpiekù
Inflect sufragóna | N;ACC(SG)	sufraganã
Inflect wpłënąc | V;INF	wpłënąc
Inflect pierwżi | ADJ;NOM(PL,MASC)	pierwszé
Inflect czëszczec | V;NFIN	czëszcza
Inflect niechãtno | ADV;DEG	niechãtno
Inflect Pòznań | N;LOC;SG	Pòznaniu
Inflect kaszëbskô | ADJ;NOM(FEM,SG)	kaszëbskô
Inflect pòòstałi | ADJ;DAT(MASC,PL)	pòòstałëch
Inflect dobri | ADJ;DAT(MASC,SG)	dobrémù
Inflect ilustracja | N;NOM(PL)	jilustracje
Inflect chow | V;IMP;SG;2	chow
Inflect wišnia | N;DAT(SG)	wisznie
Inflect ògnôrz | N;GEN(MASC,PL)	ògniarzowichpòkôzã
Inflect gbùrskòrzemiãsné | ADJ;NOM(SG)	gbùrskòrzemiãsné
Inflect rozszérzanie | N;GEN(SG)	rozszérzaniegò
Inflect dërdestówka | N;NOM(SG)	dërdestówka
Inflect idyotyzm | N;GEN(PL)	idyotyzmów
Inflect warzenié | N;GEN(SG)	warzeniégò
Inflect sroma | N;F;NOM(SG)	sromô
Inflect preparat | N;NOM(SG)	preparat
Inflect Jinternetowô | ADJ;NOM(FEM,SG)	Jinternetowô
Inflect Jinstrument | N;ACC(FEM,PL)	Jinstrumentë
Inflect chùtk | N;GEN(SG,FEM)	chùtczi
Inflect rëda | N;F;ACC(SG)	rëdã
Inflect bramkòwô | ADJ;VOC(MASC,SG)	bramkòwi
Inflect paja | N;FEM;LOC;SG	pajiczi
Inflect gòdowi | ADJ;NOM(MASC,PL)	gòdowé
Inflect smarglëna | N;NOM(FEM,SG)	smarglëna
Inflect Przëmiérno | ADV	Przëmiérno
Inflect začekawiénie | N;INS(SG)	zaczekawienim
Inflect Swiãtopôłk | N;NOM(SG)	Swiãtopôłk
Inflect stołowi | ADJ;MASC;SG;LOC	stołowego
Inflect stołowi | N;DAT(SG)	stołowi
Inflect wërok | N;NOM(SG,MASC)	wërok
Inflect pùstka | N;LOC;PL	pùstkach
Inflect nadënic | N;ACC(SG)	nadene
Inflect pòdlask | ADJ;INS(MASC,SG)	pòdlasczim
Inflect mieszkać | V;3;SG;PRS	mieszkô
Inflect klata | N;DAT(SG)	klatë
Inflect Aùstralëjsczi | ADJ;NOM(MASC,PL)	Aùstralëjsczi
Inflect sëchima | N;NOM(FEM,SG)	sëchima
Inflect fónkcjonariusz | N;GEN(MASC,PL)	fónkcjonariuszów
Inflect nôrzãdzëc | V;NFIN;INF	nôrzãda
Inflect Africzi | N;DAT(SG)	Africe
Inflect lokalnie | ADV	lokalnie
Inflect rozkòscérzenié | N;INS(SG)	rozkòscérzanim
Inflect końc | N;DAT(SG)	końcu
Inflect Tëchòlsczi | ADJ;GEN(MASC,PL)	Tëchòlsczich
Inflect dwamòwny | ADJ;NOM(MASC,SG)	dwamòwny
Inflect gatënk | N;GEN(SG)	gatunkù
Inflect niża | N;DAT(FEM,SG)	niżi
Inflect latańe | V;PRF;NFIN	latania
Inflect rozwiniãc | V;NFIN	rozwiniãti
Inflect Żal | N;VOC(PL)	Żale
Inflect bëstri | ADJ;NOM(MASC,SG)	bëstri
Inflect alfabét | N;M3;GEN(SG)	alfabétu
Inflect przińdnosc | N;ACC(FEM,PL)	przińdnoscë
Inflect Szczecinka | N;GEN(PL)	Szczecink
Inflect Amnesty | N;DAT(SG)	Amnesty
Inflect Necla | N;GEN(PL)	Neclów
Inflect Hiacynta | N;ACC(SG)	Hiacyntë
Inflect żôłądk | N;NOM(SG)	żôłądk
Inflect grzëmòt | N;VOC(PL)	grzëmòtë
Inflect grzëmòt | N;GEN(PL)	grzëmòtów
Inflect czerwóny | ADJ;ACC(FEM,SG)	czerwòné
Inflect Gwiôzda | N;NOM(SG)	Gwiôzda
Inflect klepa | N;VOC(SG)	Klepce
Inflect nôremny | ADJ;GEN(MASC,PL)	nôremnëch
Inflect rodnô | ADJ;NOM(FEM,SG)	rodnô
Inflect Miemce | N;NOM(PL)	Miemce
Inflect Spółdzielczość | N;GEN(SG)	Spółdzielczości
Inflect człowiek | N;NOM(SG)	człowiek
Inflect człowiek | N;ACC(SG)	człowieka
Inflect człowiek | N;ACC(SG)	człowiekã
Inflect wëspa | N;GEN(SG)	wëspë
Inflect kùnôszk | N;NOM(SG,MASC)	kùnôszk
Inflect Pierszi | ADJ;INS(MASC,SG)	Pierszim
Inflect znak | N;NOM(SG)	znak
Inflect znak | N;INS(PL)	znakama
Inflect znak | N;INS(SG,MASC)	znakã
Inflect znak | N;GEN(PL)	znaków
Inflect znak | N;GEN(SG)	znakù
Inflect pazurzec | N;VOC(PL)	pazurczi
Inflect ùległosc | N;GEN(SG)	ùległoscë
Inflect tatk | N;GEN(PL)	tatków
Inflect tatk | N;GEN(PL)	tatkù
Inflect pòlëga | N;GEN(SG)	pòligù
Inflect Taniec | N;GEN(SG)	Tańca
Inflect trzecac | V;NFIN;PRS;ACT	trzëmając
Inflect dzéjôrz | N;NOM(SG)	dzéjôrz
Inflect hòrizónt | N;GEN(PL)	horizontów
Inflect ògrańczenié | N;GEN(PL)	ògrańczeniów
Inflect rozmienëc | V;NFIN;TENSE;VFORM	rozmienié
Inflect pëk | N;GEN(PL)	pëkù
Inflect błoto | N;GEN(PL)	błotów
Inflect wąsôczowaty | ADJ;GP;PL;MASC	wąsôczowatëch
Inflect Parzelnica | N;NOM(SG,FEM)	Parzelnica
Inflect raza | N;GEN(SG)	razu
Inflect raza | N;GEN(SG)	razy
Inflect raza | N;INS(SG)	razą
Inflect dostac | V;3;PL;PRS	dostôwają
Inflect żëcé | N;DAT(PL,MASC)	żëcim
Inflect gbùrzëzna | N;GEN(SG)	gbùrzëznie
Inflect strzédnica | N;F;NOM(SG)	strzédnica
Inflect strzédnica | N;NOM(PL)	strzédnice
Inflect strzédnica | N;ACC(SG,FEM)	strzédnicã
Inflect strzédnica | N;INS(SG)	strzédnicą
Inflect materijô | N;DAT(SG)	materie
Inflect materijô | N;GEN(SG)	materii
Inflect pòbòżnosc | N;DAT(PL)	pòbòżnoscë
Inflect ùrząd | N;VOC(SG)	ùrzãdu
Inflect najcãżi | ADV;SUP	najcãżej
Inflect grób | N;GEN(SG)	grobu
Inflect grób | N;ACC(SG)	grobã
Inflect miónk | N;LOC;PL	miónkach
Inflect Episkopat | N;GEN(SG)	Episkopatu
Inflect Bacquerel | N;F;SG	Bacquerele
Inflect kóry | ADJ;INS(MASC,SG)	kórowim
Inflect Nakło | N;NOM(SG,NEUT)	Nakło
Inflect aùtorstwò | N;GEN(SG)	aùtorstwa
Inflect aùtorstwò | N;LOC;SG	aùtorstwie
Inflect aùtorstwò | N;NOM(SG)	aùtorstwò
Inflect Wojewòda | N;F;GEN(SG)	Wojwodinë
Inflect przëzdrzec | V;PST;PFV	przëzdrzec
Inflect Anglijô | N;NOM(SG)	Anglijô
Inflect pòkôzanjé | N;GEN(SG)	pòkôzaniô
Inflect Gimnasticznô | ADJ;NOM(FEM,SG)	Gimnasticznô
Inflect lampion | N;GEN(PL)	lampionów
Inflect wióra | N;DAT(PL)	wiorach
Inflect òbéńda | N;GEN(SG)	òbéńdze
Inflect malarstwo | N;INST;SG	malarstwem
Inflect normatywny | ADJ;NOM(MASC,SG)	normatywny
Inflect przëlgłosc | N;NOM(FEM,SG)	przëlgłosc
Inflect wysokòsc | N;GEN(SG)	wysokòśczi
Inflect Ùbrzeg | N;GEN(SG)	Ùbrzegù
Inflect ląd | N;GEN(SG)	lądu
Inflect miara | N;ACC(SG,FEM)	miarã
Inflect płëwać | V;INF	płiwac
Inflect serwer | N;GEN(SG)	serwera
Inflect serwer | N;GEN(PL)	serwerów
Inflect Akademia | N;NOM(SG)	Academy
Inflect pierszi | ADJ;NOM(MASC,SG)	pierszi
Inflect pierszi | ADJ;GEN(PL,MASC,INAN)	pierszich
Inflect pierszi | ADJ;GEN(MASC,SG)	pierszégò
Inflect pierszi | ADJ;GEN(FEM,SG)	pierszéj
Inflect pierszi | ADJ;NOM(FEM,SG)	pierszô
Inflect dzeń | N;GEN(SG)	dnia
Inflect bluza | N;GEN(PL)	blus
Inflect klédowô | ADJ;NOM(FEM,SG)	klédowô
Inflect ùsôdzëc | V;NFIN	ùsôdzcą
Inflect ùsôdzëc | V;PST;3;PL	ùsôdzelë
Inflect pòłòstrów | N;INST;PL	półòstrowama
Inflect kód | N;GEN(PL)	kòdów
Inflect mòlekularnëch | ADJ;GEN(MASC,PL)	mòlekularnëch
Inflect brama | N;NOM(FEM,SG)	brama
Inflect Gawęda | N;NOM(PL)	Gawędy
Inflect swòja | ADJ;ACC(FEM,SG)	swòją
Inflect dłëgi | ADJ;NOM(MASC,PL)	dłëgë
Inflect pielgrzimka | N;GEN(SG)	pielgrzimczi
Inflect Cychória | N;NOM(SG)	Cychória
Inflect Dawid | N;GEN(SG)	Dawida
Inflect Dawid | N;ACC(MASC,SG)	Dawidem
Inflect Dawid | N;INS(MASC,SG)	Dawidã
Inflect wësztôłcenié | N;GEN(SG)	wësztôłceniô
Inflect Aùstralëjô | N;NOM(SG)	Aùstralëjô
Inflect òbrócëc | V;FIN;3;SG	òbróca
Inflect jëławski | ADJ;MASC;LOC;SG	jëławsczim
Inflect bòr | N;NOM(PL)	Bòrë
Inflect pòłowô | ADJ;NOM(FEM,SG)	pòłowë
Inflect zërenk | N;NOM(SG,FEM)	zërenka
Inflect przepisanié | N;NOM(SG)	przepisanié
Inflect Kòłczëgłowë | N;GEN(PL)	Kòłczëgłowów
Inflect Niemirowicz | N;NOM(SG)	Niemirowicz
Inflect Òceana | N;GEN(SG)	Òceanu
Inflect mëga | N;GEN(PL)	mëgów
Inflect Kòmisja | N;GEN(FEM,SG)	Kòmisji
Inflect òpisëwac | V;INF	òpisiwac
Inflect Głãbia | N;VOC(SG)	Głãbi
Inflect jindiansczi | ADJ;VOC(MASC,SG)	jindiańsczi
Inflect Gazeta | N;DAT(SG)	Gazecie
Inflect géjzer | N;NOM(PL)	géjzerë
Inflect stranger | N;NOM(SG)	Stranger
Inflect wëapartniwanié | N;NOM(SG)	wëapartniwanié
Inflect Prisztina | N;NOM(SG,FEM)	Prisztina
Inflect Różaniec | N;GEN(SG)	Różańca
Inflect Lubiczka | N;NOM(SG)	Lubiczka
Inflect przińdzenie | N;INS(SG)	przińdzenim
Inflect Namienienié | N;NOM(SG,NEUT)	Namienienié
Inflect Kalka | N;NOM(SG,FEM)	Kalkô
Inflect wnenczas | ADV	wnenczas
Inflect przëkłôd | N;GEN(PL)	przёkładów
Inflect kònstrukcëjô | N;GEN(SG)	kònstrukcëji
Inflect Alberta | N;NOM(SG,FEM)	Alberta
Inflect Minusowi | ADJ;NOM(PL,MASC)	Minusowé
Inflect Brambòrskô | ADJ;NOM(FEM,SG)	Brambòrsczi
Inflect Brambòrskô | ADJ;ACC(FEM,SG)	Brambòrskã
Inflect garda | N;GEN(SG)	gardë
Inflect héklownié | N;LOC;SG	héklowniém
Inflect òchróniã | V;NFIN	òchróniã
Inflect malëna | N;NOM(PL)	malënë
Inflect lëkkòstrawny | ADJ;NOM(MASC,SG)	lekkòstrawny
Inflect impreza | N;LOC;PL	imprezach
Inflect fliger | N;GEN(PL)	fligerów
Inflect wstrzëmëwac | V;INF	wstrzëmôwac
Inflect brōnzowi | ADJ;NOM(MASC,PL)	bronzowi
Inflect gałązc | N;VOC(FEM,SG)	gałãze
Inflect Nowògródk | N;LOC;SG	Nowògródkù
Inflect zwierzãcy | ADJ;NOM(MASC,SG)	zwierzãcy
Inflect sosna | N;NOM(SG)	sosna
Inflect sosna | N;LOC;PL	sosnach
Inflect szwedzczi | ADJ;NOM(MASC,PL)	szwedzczi
Inflect dokazë | N;DAT(SG)	dokazu
Inflect Etnograficzné | ADJ;NOM(PL,MASC,INAN)	Etnograficzné
Inflect Dania | N;DAT(SG)	Danii
Inflect maszopòwi | ADJ;VOC(MASC,SG)	maszopòwi
Inflect istorëczny | ADJ;ACC(FEM,PL)	historëczné
Inflect istorëczny | ADJ;ACC(FEM,SG)	historëczną
Inflect dobëca | N;MASC;INST;SG	dobëcym
Inflect jinszy | ADJ;NOM(MASC,SG)	jinszy
Inflect milvus | N;AGR;SG	milvus
Inflect swiãtëchnô | ADJ;NOM(FEM,SG)	swiãtëchnô
Inflect kartësczi | ADJ;GEN(MASC,SG)	kartësczégò
Inflect krôjòbrôz | N;NOM(SG)	krôjòbrôz
Inflect Wiśniowiecki | ADJ;NOM(MASC,SG)	Wiśniowiecki
Inflect òstrosc | N;FEM;SG	òstrosc
Inflect samorządzëzna | N;GEN(PL)	samòrządzënów
Inflect dzél | N;GEN;VOC(PL)	dzélowò
Inflect srąb | N;NOM(SG)	srąb
Inflect gwiôzdka | N;DAT(FEM,SG)	gwiôzdce
Inflect gwiôzdka | N;GEN(SG)	gwiôzdczi
Inflect gwiôzdka | N;LOC;PL	gwiôzdkach
Inflect gwiôzdka | N;GEN(PL)	gwiôzdków
Inflect Zemia | N;GEN(SG)	Ziemi
Inflect werobianié | V;NFIN	werobianiô
Inflect Darłowo | N;INS(SG)	Darłowem
Inflect bôczënk | N;GEN(SG)	bôczënkù
Inflect òbelisk | N;NOM(SG)	òbelisk
Inflect Wiarus | N;NOM(SG)	Wiarus
Inflect òbrzezk | N;GEN(PL)	òbrzezków
Inflect bezùstankòwò | ADV	bezùstankòwò
Inflect kúcha | N;NOM(SG)	kùcha
Inflect Ptôsznik | N;NOM(SG,MASC)	Ptôsznik
Inflect nadano | V;PPAS;NEUT;SG	nadano
Inflect czëcz | V;PRS;3;SG	chëczów
Inflect Albùm | N;NOM(PL)	Albùmë
Inflect greńc | N;INST;PL	greńcama
Inflect szczotecznik | N;MASC;SG	szczotecznik
Inflect Präzidum | N;NOM(SG)	Praesidium
Inflect stałocëplnë | ADJ;GEN(MASC,PL)	stałocëplnëch
Inflect Filip | N;NOM(SG)	Filip
Inflect Magdebùrg | N;GEN(MASC,SG)	Magdebùrgù
Inflect ewanielik | N;INS(PL)	ewanielikama
Inflect Przëmierzé | N;F;NOM(SG)	Przëmierzé
Inflect pòsélc | N;M;NOM(SG)	pòsélc
Inflect polarny | ADJ;VOC(MASC,SG)	polarni
Inflect polarny | ADJ;INS(MASC,SG)	polarnim
Inflect biôłi | ADJ;NOM(NEUT,SG)	biôło
Inflect bùnt | N;NOM(SG)	bùnt
Inflect mùzeùm | N;NOM(SG,NEUT)	mùzeùm
Inflect Dagestania | N;DAT(SG)	Dagestanie
Inflect przëòdzéwk | N;NOM(SG)	przëòdzéwk
Inflect zmerkac | V;INF	zmerkac
Inflect dotacëjô | N;DAT(SG)	dotacëje
Inflect dotacëjô | N;GEN(PL)	dotacëjów
Inflect lёdowi | ADJ;NOM(MASC,SG)	lёdowi
Inflect quadriga | N;NOM(FEM,SG)	quadriga
Inflect organizacjô | N;NOM(SG)	òrganizacja
Inflect Wieprzënô | N;GEN(PL)	Wieprzô
Inflect bùdownictwo | N;GEN(SG)	bùdownictwa
Inflect chùtkòsc | N;ACC(SG)	chutkòscą
Inflect stařec | N;GEN(SG)	starcza
Inflect kwiaty | N;NOM(PL)	kwiatowe
Inflect związek | N;GEN(PL)	związków
Inflect gãska | N;DAT(PL)	gęsë
Inflect wóz | N;GEN(PL)	wozów
Inflect atakòwniczka | N;FEM;SG;LOC	atakòwnice
Inflect przeòbrażąny | ADJ;NOM(FEM,PL)	przeòbrażoné
Inflect Sëlëczëna | N;NOM(FEM,SG)	Sëlëczëno
Inflect bôłt | N;INS(SG)	bôłtem
Inflect nômni | ADJ;CMPR	nômni
Inflect rzeczywiście | N;VOC(SG)	rzeczywiście
Inflect brzozowaty | ADJ;NOM(MASC,PL)	brzozowatëch
Inflect Pùstkô | N;NOM(SG)	Pùstków
Inflect kòrzéń | N;NOM(SG)	kòrzéń
Inflect òbliczëwac | V;INF	òbliczëwac
Inflect trwać | V;NFIN	trwa
Inflect pnącô | ADJ;NOM(FEM,SG)	pnącô
Inflect cyfrizacja | N;ACC(SG)	cyfrizacją
Inflect zwãk | N;NOM(SG)	zwąk
Inflect niżi | ADJ;NOM(FEM,SG)	Niższô
Inflect Zrzeszéńc | N;PERS;NOM(PL,MASC)	Zrzeszéńcowie
Inflect kréza | N;LOC;PL	krézach
Inflect Maszop | N;NOM(SG)	Maszop
Inflect krokòdil | N;ACC(MASC,SG)	krokòdil
Inflect wszytk | ADJ;ACC(MASC,PL)	wszech
Inflect dobiwca | N;NOM(SG,MASC)	dobiwca
Inflect dobiwca | N;INS(MASC,SG)	dobiwcą
Inflect Zootoka | N;NOM(FEM,SG)	Zootoca
Inflect przestrzeganie | N;GEN(SG)	przestrzeganiô
Inflect jedny | ADJ;GEN(MASC,SG)	jedynégo
Inflect wëdanimò | N;GEN(PL)	wëdaniów
Inflect linia | N;GEN(SG)	linii
Inflect rzëmsczi | ADJ;NOM(MASC,PL)	rzëmsczi
Inflect jabłończk | N;GEN(SG)	AJabłończi
Inflect Sëwô | ADJ;NOM(FEM,SG)	Sëwô
Inflect wãch | N;NOM(MASC,SG)	wãch
Inflect miãso | ADJ;ACC(FEM,SG)	miãsną
Inflect miãso | N;NOM(SG,NEUT)	miãso
Inflect Stôrożëtnosc | N;DAT(PL)	Stôrożëtnoscë
Inflect wãgòrzowatë | ADJ;VOC(MASC,PL)	wãgòrzowatëch
Inflect spinac | V;NFIN	spinac
Inflect Pucki | ADJ;GEN(FEM,SG)	Puckiej
Inflect Gilgamesz | N;GEN(MASC,SG)	Gilgameszu
Inflect Jinaczi | ADV	ADV
Inflect diktando | N;ACC(SG)	diktandã
Inflect pòbrzeg | N;GEN(PL)	pòbrzegów
Inflect rozrôdzëc | V;NFIN	rozrôdzô
Inflect Buzkòwi | N;NOM(FEM,SG)	Buzkòwô
Inflect spòlëczny | ADJ;NOM(PL,MASC)	spòlëczné
Inflect òbéńda | N;LOC;SG	òbéńdë
Inflect Drodżi | ADJ;VOC(MASC,SG)	Drodżi
Inflect capreolus | N;ACC(SG)	capreolus
Inflect parafialny | ADJ;NOM(MASC,SG)	parafialny
Inflect parafialny | ADJ;MASC;LOC;SG	parafialnym
Inflect Giedyminowicz | N;PSSRS;GEN(PL)	Giedyminowiczów
Inflect Szawła | N;ACC(FEM,SG)	Szawła
Inflect biegun | N;DAT(SG,MASC)	biegunowi
Inflect trzasnąc | V;INF	trzasnąc
Inflect wprowadzëc | V;PRF;3P;PL	wprowadzëlë
Inflect Grifów | N;NOM(PL)	Grifowcë
Inflect Biôłogarda | N;NOM(SG,FEM)	Biôłogarda
Inflect towarziszëc | V;NFIN	towarziszã
Inflect jako | ADV	jako
Inflect Gòspòdôrz | N;VOC(PL)	Gòspòdôrze
Inflect Sachsenhausen | N;NOM(SG,MASC)	Sachsenhausen
Inflect pieśni | N;GEN(SG)	pieśni
Inflect pytanié | N;NOM(SG)	pitanié
Inflect ùgòdzenié | N;NEUT;SG	ùgòdzenié
Inflect pòwierzchnia | N;DAT(SG)	pòwierzchni
Inflect Lubin | N;VOC(SG)	Lubinie
Inflect znaczi | V;3;SG;PRS	znaczi
Inflect gazeta | N;DAT(SG)	Gazécé
Inflect gôdanié | N;INS(SG)	gôdaniém
Inflect Matuszkiewicz | N;NOM(SG)	Matuszkiewicz
Inflect nalazłi | V;PAST;MASC;PL	nalazłi
Inflect Kair | N;GEN(SG)	Kairu
Inflect mòcny | ADJ;GEN(MASC,PL)	mòcnich
Inflect Beethoven | N;ACC(SG)	Beethovenã
Inflect jaje | N;LOC;PL	jajach
Inflect jaje | N;NOM(SG)	jaje
Inflect klasny | ADJ;GP;PL;MASC	klasnëch
Inflect Fabryka | N;NOM(SG)	Factory
Inflect Doborowanié | V;NFIN;VN	Dobòrowanié
Inflect Przegląd | N;NOM(SG)	Przegląd
Inflect Przegląd | N;GEN(MASC,SG)	Przeglądu
Inflect Erica | N;NOM(SG,FEM)	Erica
Inflect pãpk | N;VOC(SG)	pãpk
Inflect Hestia | N;DAT(SG)	Hestii
Inflect samica | N;FEM;SG	samica
Inflect samica | N;ACC(PL)	samice
Inflect Cuterin | N;GEN(PL)	Cuterin
Inflect swiôdczëc | V;INF	swiôdczëc
Inflect wieczerza | N;ACC(SG,FEM)	wieczerzã
Inflect słownik | N;NOM(SG)	słownik
Inflect Nałęcz | N;NOM(SG)	Nałãcz
Inflect dobry | ADJ;F;ACC(SG)	dobrą
Inflect Brizgòwijsczi | ADJ;INS(MASC,SG)	Brizgòwijsczim
Inflect miôno | N;NOM(SG)	miôno
Inflect Figowiec | N;NOM(SG)	Figówc
Inflect sowò | N;NOM(FEM,SG)	sowë
Inflect Erika | N;NOM(FEM,SG)	Erika
Inflect Bróma | N;ACC(SG)	Brómą
Inflect mërawa | ADJ;INS(MASC,SG)	mërawim
Inflect żniwny | ADJ;NOM(SG,MASC)	Żniwny
Inflect nôród | N;GEN(PL)	nôrodów
Inflect zdanie | N;DAT(SG)	zdaniu
Inflect wëpòsażóny | ADJ;NOM(MASC,PL)	wëpòsażóné
Inflect słownik | N;GEN(SG)	Słownika
Inflect Fùndacjô | N;NOM(SG)	Fùndacjô
Inflect wzgląd | N;GEN(SG)	wzglãdu
Inflect wzgląd | N;GEN(SG)	względu
Inflect sobór | N;CASE;NUM;GEN(SG)	soboru
Inflect òbrona | N;GEN(SG)	òbronë
Inflect mieszelë | V;PST;3;PL	mieszelë
Inflect kuńc | N;ACC(PL)	kuńczy
Inflect noha | N;LOC;PL	nogach
Inflect Portage | N;NOM(SG)	Portage
Inflect czieszenka | N;F;ACC(SG)	czieszinkã
Inflect czerwinc | N;DAT(SG)	czerwińcu
Inflect knaga | N;NOM(SG)	knaga
Inflect skansenic | V;PST;PFV;NFIN	skansenie
Inflect czëstô | ADJ;FEM;SG	czëstô
Inflect czëstô | ADJ;ACC(FEM,SG)	czëstą
Inflect Kòbëléńc | N;GEN(FEM,SG)	Kòbëlôsza
Inflect Biôłô | ADJ;NOM(FEM,SG)	Biôłô
Inflect jest | V;PRS;1;SG	Jestin
Inflect nôbòżeństwò | N;ACC(SG)	nôbòżeństwã
Inflect Rzãsnica | N;NOM(FEM,SG)	Rzãsnica
Inflect Młińskô | ADJ;NOM(FEM,SG)	młińskô
Inflect lądze | N;NOM(PL)	lądze
Inflect Szląsk | N;NOM(SG)	Szląskô
Inflect jãzëk | N;NOM(SG)	jãzëk
Inflect jãzëk | N;GEN(SG)	jãzëka
Inflect jãzëk | N;LOC;PL	jãzëkach
Inflect jãzëk | N;INS(PL)	jãzëkama
Inflect jãzëk | N;INS(SG)	jãzëkiem
Inflect jãzëk | N;LOC;SG	jãzëku
Inflect jãzëk | N;INS(SG)	jãzëkã
Inflect Szmelka | N;ACC(SG)	Szmelk
Inflect pòwôżny | ADJ;INS(MASC,PL)	pòwôżnyma
Inflect pòwôżny | ADJ;ACC(MASC,SG)	pòwôżné
Inflect aktór | N;NOM(SG)	aktór
Inflect wënadgrodzenié | N;GEN(SG)	wënadgrodzeniô
Inflect wënadgrodzenié | N;INS(SG)	wënadgrodzënim
Inflect Stanisław | N;NOM(SG,MASC)	Stanisław
Inflect brzek | ADJ;ACC(FEM,PL)	brzeskie
Inflect pòswiôdczenié | N;GEN(SG,MASC,INAN)	pòswiôdczenégò
Inflect rëmòczôs | N;GEN(SG)	rëmòczasu
Inflect minãc | V;NFIN	minie
Inflect wiãkszosc | N;NOM(FEM,SG)	wiãkszosc
Inflect łëzg | N;ACC(SG)	łëzgã
Inflect Lëtwa | N;NOM(PL)	Lëtwini
Inflect rzut | N;M3;NOM(SG)	rzut
Inflect lëdzëc | V;NFIN	lëdë
Inflect brómka | N;ACC(SG,FEM)	brômkã
Inflect azot | N;NOM(SG)	azot
Inflect karna | N;NOM(PL)	karna
Inflect czëtanié | N;NOM(SG)	czëtanié
Inflect czëtanié | N;GEN(PL)	czëtaniów
Inflect czëtanié | N;GEN(SG)	czëtaniô
Inflect jarmôrk | N;LOC;PL	jarmôrkach
Inflect codzenny | ADJ;NOM(MASC,SG)	codniowi
Inflect przeséłka | N;GEN(PL)	przeséłczi
Inflect dzôtuszka | N;GEN(SG)	dzôtuszczi
Inflect reka | N;ACC(SG)	rãce
Inflect hormonalny | ADJ;NOM(PL,MASC)	hormonalné
Inflect brëkòwóny | ADJ;NOM(FEM,SG)	brëkòwanô
Inflect zaledwie | ADV	zaledwie
Inflect orzech | N;NOM(PL)	orzechë
Inflect naprocëmległô | ADJ;NOM(FEM,SG)	naprocëmległô
Inflect kutr | N;GEN(MASC,PL)	kutrów
Inflect prawo | N;NOM(SG)	Prawo
Inflect całość | N;DAT(PL)	całima
Inflect szari | ADJ;NOM(FEM,SG)	Szaré
Inflect Mela | N;GEN(PL)	Meles
Inflect Hučko | N;NOM(SG)	Hučko
Inflect Starzenié | N;NOM(SG)	Starzenié
Inflect lepra | N;GEN(SG)	leprae
Inflect Pilsner | N;NOM(SG)	Pilsner
Inflect paradny | ADJ;NOM(FEM,SG)	paradno
Inflect paradny | ADJ;NOM(MASC,SG)	paradny
Inflect òbarnë | V;IMP;PFV;PLB	òbarnë
Inflect sezonowòsc | N;NOM(FEM,SG)	sezonowòsc
Inflect òkrãtowi | ADJ;VOC(MASC,SG)	òkrãtowi
Inflect Prezesa | N;ACC(SG)	Prezesã
Inflect bywac | V;INFM;IPFV	biwała
Inflect smòlôrz | N;NOM(SG)	smòlôrz
Inflect slëbnik | N;GEN(SG,MASC)	slëbnika
Inflect absolwenta | N;ACC(SG)	absolwentã
Inflect trivializna | N;NOM(MASC,SG)	trivialis
Inflect przéczny | ADJ;NOM(FEM,SG)	przécznô
Inflect bòcôn | N;NOM(PL)	Bòcóni
Inflect artisticzny | ADJ;ACC(FEM,PL)	artisticzné
Inflect artisticzny | ADJ;NOM(FEM,SG)	artisticznô
Inflect hobby | N;NOM(SG)	hobby
Inflect wespółczasny | ADJ;NOM(MASC,SG)	wespółczasny
Inflect Przewalec | N;NOM(MASC,SG)	Przewalsczégò
Inflect donëchczasowé | ADJ;NOM(MASC,PL)	donëchczasowé
Inflect przërëchtowanié | N;NOM(SG)	przërëchtowanié
Inflect przërëchtowanié | N;GEN(SG)	przërëchtowaniô
Inflect Prziãdzny | ADJ;NOM(MASC,SG)	Przëdatny
Inflect król | N;NOM(SG)	król
Inflect król | N;GEN(SG)	króla
Inflect òdwiedzëc | V;INF	òdwiedzëc
Inflect kôrbiónka | N;GEN(PL)	kôrbionków
Inflect Pòlak | N;NOM(PL)	Pòlacë
Inflect maniok | N;NOM(SG)	maniok
Inflect szaszka | N;LOC;PL	szaszkach
Inflect elefant | N;GEN(PL)	élefantów
Inflect Poszwa | N;NOM(FEM,SG)	Poszwa
Inflect rakétnica | N;NOM(PL)	rakétniczi
Inflect Brocberge | N;F;ERG(SG)	Brocberge
Inflect błogosławéństwò | N;NOM(SG)	błogosławéństwò
Inflect baba | N;INS(SG)	babą
Inflect sadac | N;LOC;PL	sadach
Inflect usnôżno | ADJ;NOM(FEM,SG)	usnôżno
Inflect znikwienie | N;GEN(SG)	znikwienia
Inflect kryterium | N;NOM(SG,NEUT)	kryterium
Inflect piérszi | ADJ;NOM(PL,NEUT)	Piérszé
Inflect Elżbieta | N;ACC(SG,FEM)	Elżbietã
Inflect jinorodny | ADJ;NOM(MASC,SG)	jinorodny
Inflect ruszëc | V;NFIN	rusczim
Inflect òbrëszk | N;NOM(PL)	òbrësczi
Inflect milina | N;GEN(PL)	milinów
Inflect Nazaret | N;GEN(SG)	Nazaretu
Inflect równoleżnikòwò | ADV	równoleżnikòwò
Inflect òstôwać | V;NFIN	òstôwają
Inflect motorowô | ADJ;NOM(FEM,SG)	motorowô
Inflect armija | N;NOM(SG,FEM)	Armia
Inflect turistka | N;FEM;SG;LOC	turistice
Inflect zmiérzëc | V;NFIN	zmiérzô
Inflect Dominus | N;ACC(SG)	Dominum
Inflect chłopskô | ADJ;NOM(FEM,SG)	chłopskô
Inflect Luksembùrg | N;GEN(SG)	Luksembùrga
Inflect Luksembùrg | N;GEN(SG)	Luksembùrgù
Inflect Równoznaczëzna | N;ACC(SG,FEM)	Równoznaczëzną
Inflect Starodôwnô | ADJ;ACC(FEM,SG)	Starodôwnotą
Inflect nigri | ADJ;NOM(FEM,SG)	nigra
Inflect Wiktoria | N;NOM(SG,FEM)	Wiktoria
Inflect Słowiński | ADJ;NOM(MASC,SG)	Słowińsczi
Inflect góna | N;GEN(FEM,SG)	gónë
Inflect metr | N;GEN(PL)	metrów
Inflect Kamiéń | N;NOM(SG)	Kamiéń
Inflect Pomerania | N;GEN(SG)	Pomeranii
Inflect geòmòrfòloga | N;NOM(PL)	geòmòrfòlogòwie
Inflect Prawôżczi | N;NOM(PL)	Prawôżczi
Inflect móc | V;1;PL;PRS	mògã
Inflect móc | V;PRS;3;PL	mògą
Inflect reno | N;NOM(SG,NEUT)	reno
Inflect przëdatny | ADJ;NOM(FEM,SG)	przëdatnô
Inflect trójca | N;GEN(FEM,SG)	trójczi
Inflect granica | N;LOC;PL	granicach
Inflect mòżlëwòsc | N;FEM;SG	mòżlëwòsc
Inflect Cyrël | N;GEN(SG)	Cyrëla
Inflect Nadczidka | N;NOM(SG)	Nadczidka
Inflect pierwsi | ADJ;NOM(MASC,PL)	pierwsi
Inflect swórca | N;NOM(FEM,SG)	swórka
Inflect równałka | N;ACC(SG)	równalk
Inflect zapewno | ADV	zapewno
Inflect Biblia | N;GEN(SG)	Biblëji
Inflect plëszka | N;NOM(FEM,SG)	plëszka
Inflect spòmalenié | N;NEUT;SG	spòmalenié
Inflect Czerwònuszka | N;GEN(FEM,SG)	Czerwònuszk
Inflect miód | N;NOM(SG)	miół
Inflect jagodka | N;FEM;SG	jagódka
Inflect stôropòlskô | ADJ;NOM(FEM,SG)	Stôropòlskô
Inflect pòdzelëc | V;INF	pòdzelëc
Inflect pòkrój | V;IMP;SG;2	pòkrój
Inflect zëcë | N;LOC;SG	zëcim
Inflect tydzień | N;GEN(PL,MASC)	tidzeniów
Inflect wigòvac | V;INF	wigòwac
Inflect nowÿ | ADJ;NOM(SG,NEUT)	Nowé
Inflect Pòrskòwac | V;NFIN	Pôrszkówa
Inflect inny | ADJ;NOM(PL,MASC)	inni
Inflect Karol | N;NOM(SG,MASC)	Karol
Inflect Karol | N;GEN(SG)	Karola
Inflect kòlumna | N;F;NOM(SG)	kòlumna
Inflect Gertruda | N;INS(SG,FEM)	Gertrudą
Inflect Amatorsczi | ADJ;NOM(MASC,SG)	Amatorsczi
Inflect cãca | N;NOM(FEM,SG)	cãcô
Inflect papiér | N;NOM(SG,MASC)	papiér
Inflect przedstôwiac | V;GER;NEUT;SG	przedstôwianié
Inflect Jednakò | ADV	jednakò
Inflect franc | N;NOM(SG)	franc
Inflect polëfónka | N;ACC(SG)	polëfónka
Inflect artysta | N;GEN(PL)	artistów
Inflect wëlëjac | V;NFIN	wëlëjcec
Inflect bażant | N;NOM(PL)	bażantë
Inflect gałãzësti | ADJ;NOM(MASC,PL)	gałãzësté
Inflect lupula | N;NOM(FEM,SG)	lupulina
Inflect edëtor | N;DAT(PL)	editorama
Inflect Kùltura | N;F;NOM(SG)	Kùltura
Inflect ùprawiac | V;INF	ùprawiac
Inflect Jizrajelita | N;OBL;PL;MASC	Jizraelitama
Inflect chòrob | N;GEN(PL)	chòrobów
Inflect grupa | N;INS(SG)	grupą
Inflect drzéwiãc | N;VOC(SG)	drzéwiãcu
Inflect drzéwiãc | N;DAT(SG)	drzéwiãcã
Inflect kaséta | N;LOC;PL	kasétach
Inflect rotacja | N;GEN(FEM,SG)	rotacjë
Inflect kòmanda | N;ACC(SG)	kòmańdą
Inflect wspomnienie | N;NOM(SG)	wspòmnienié
Inflect ùżëwać | V;NFIN	ùżëwają
Inflect Tegówka | N;NOM(FEM,SG)	Tégówka
Inflect długi | ADJ;INS(MASC,PL)	dłudżima
Inflect sztrichënic | N;ABL(SG)	sztrichaniém
Inflect żôłtobruny | ADJ;NOM;GEN(PL,MASC)	żôłtobruné
Inflect greńca | N;ACC(SG)	greńcą
Inflect lëpiéń | N;INS(MASC,SG)	lëpiéń
Inflect styczeń | N;M3;NOM(SG)	styczeń
Inflect nôtëra | N;ACC(SG)	nôtërã
Inflect nôtëra | N;GEN(SG)	nôtërë
Inflect klasa | N;NOM(SG)	klasa
Inflect klasa | N;ACC(SG)	klase
Inflect Siostra | N;NOM(PL)	Sostrë
Inflect kùńc | N;VOC(SG)	kùńcã
Inflect kùńc | N;DAT(SG,MASC)	kùńcù
Inflect spiéwôc | N;NOM(SG)	spiéwôcz
Inflect słowiczy | ADJ;NOM(FEM,SG)	słowiczëna
Inflect Biôłorus | N;F;NOM(PL)	Biôłorusë
Inflect Biôłorus | N;NOM(PL)	Biôłorusënowie
Inflect Aleksãdra | N;NOM(FEM,SG)	Aleksãdra
Inflect Tczë | N;NOM(FEM,SG)	Tczë
Inflect pòderwac | V;INF	pòderwac
Inflect turystyczny | ADJ;GEN(PL)	turystycznych
Inflect פױז | V;NFIN	פױזן
Inflect òdbieróny | ADJ;PL	òdbieróné
Inflect betón | N;GEN(SG)	betonu
Inflect Znônka | N;ACC(SG,FEM)	Znanką
Inflect Gera | N;GEN(SG)	Gery
Inflect żôłnierz | N;GEN(SG)	żôłnierza
Inflect Frantówka | N;NOM(SG,FEM)	Frantówka
Inflect ùcekać | V;3;SG;FUT	ùcekô
Inflect lëpińc | N;GEN(SG)	lëpińca
Inflect Cecylia | N;DAT(FEM,SG)	Cecylii
Inflect Èrek | N;NOM(SG,MASC)	Erek
Inflect bova | N;GEN(SG)	bovis
Inflect Òrgan | N;DAT(SG,MASC)	Òrganowi
Inflect skòwarnkòwatë | ADJ;VOC(MASC,PL)	skòwarnkòwatëch
Inflect Chordata | N;NOM(PL)	Chordata
Inflect umiejętność | N;NOM(SG)	umiejętnosc
Inflect budowac | V;INF	bùdowac
Inflect pózny | ADJ;VOC(MASC,SG)	pózdzé
Inflect pózny | ADJ;VOC(MASC,SG)	pózni
Inflect gòdzënka | N;GEN(SG)	gòdzynczi
Inflect fizyczny | ADJ;GPLE;MASC;PL	energeticznym
Inflect zôrt | N;GEN(SG)	zortu
Inflect pòzicja | N;NOM(PL)	pòzicje
Inflect chrzescëjan | N;NOM(SG)	chrzescëjan
Inflect chrzescëjan | N;GEN(MASC,PL)	chrzescëjanów
Inflect dokùment | N;LOC;PL	dokùmentach
Inflect lëtra | N;ACC(SG)	lëterã
Inflect Artisticznô | ADJ;NOM(FEM,SG)	Artisticznô
Inflect biograficzni | ADJ;NOM(FEM,SG)	biograficznô
Inflect Myślëc | V;IMP;PL;PST	Myśli
Inflect kòło | N;LOC;PL	kòłach
Inflect kòło | N;NOM(SG)	kòło
Inflect kòło | N;GEN(PL)	kòłów
Inflect znaczny | ADJ;NOM(MASC,SG)	znaczny
Inflect rzôdczëzna | N;ACC(SG)	rzôdczëzną
Inflect zasadzëc | V;PST;3;SG	zasôdô
Inflect baba | N;F;NOM(SG)	baba
Inflect Małgorzata | N;NOM(SG)	Margaret
Inflect Lobszenica | N;NOM(SG)	Lobszenica
Inflect rozszerzańé | N;INS(SG)	rozszérzaniém
Inflect lówny | ADJ;MASC;INST;SG	lóznym
Inflect grónk | N;MASC;SG;LOC	grónkù
Inflect Łemka | N;GEN(PL)	Łemków
Inflect turista | N;F;NOM(SG)	turistno
Inflect dzëcë | N;NOM(PL)	dzëcy
Inflect Bòskô | ADJ;F;NOM(SG)	Bòskô
Inflect Wdzydza | N;LOC;SG	Wdzydze
Inflect słowòrzk | N;NOM(MASC,SG)	słowôrzk
Inflect zdżãti | ADJ;MASC;PL;LOC	zdżãtëch
Inflect kapla | N;GEN(PL)	kroplów
Inflect Aùtor | N;NOM(MASC,SG)	Aùtor
Inflect Aùtor | N;ACC(SG)	Aùtorã
Inflect Òntario | N;NOM(SG)	Òntario
Inflect Bëlaczenié | N;NOM(NEUT,SG)	Bëlaczenié
Inflect zajimëjący | ADJ;INS(MASC,SG)	zajimùjącym
Inflect ùzdrowienié | N;GEN(SG)	ùzdrowieniô
Inflect ADJ | ADJ;INS(MASC,SG)	turistnym
Inflect gãbba | N;GEN(SG)	genu
Inflect wikszi | ADJ;CMPR	wikszi
Inflect wëmaganié | N;NOM(PL)	wëmagania
Inflect Pietas | N;NOM(SG)	Pietas
Inflect pòkréwny | ADJ;PSS;NOM(PL,MASC)	pòkrewné
Inflect groß | ADJ;NOM(FEM,SG)	Große
Inflect pan | N;NOM(PL)	panowie
Inflect zewsząd | ADV	zewsządk
Inflect Sztetëna | N;DAT(SG)	Sztetënie
Inflect ùdba | N;NOM(PL)	ùdbë
Inflect pòspólnosc | N;F;GEN(PL)	pòspólnotów
Inflect Slëwa | N;NOM(SG)	Slëwa
Inflect raper | N;NOM(SG)	raper
Inflect ùchróniec | N;NOM(SG)	ùchróniec
Inflect Radka | N;GEN(SG)	Radki
Inflect słowiczënôwaczi | ADJ;GEN(FEM,PL)	słowiczënowatëch
Inflect zôchòdny | ADJ;NOM(MASC,SG)	zôchòdny
Inflect Kùńszt | N;GEN(SG)	Kùńsztu
Inflect Marka | N;GEN(SG)	Marka
Inflect pismianny | ADJ;INS(MASC,SG)	pismiannym
Inflect miònkôrz | N;GEN(SG)	miònkôrza
Inflect dzejacelnosc | N;NOM(FEM,SG)	dzejacelnosc
Inflect kampaniô | N;F;NOM(SG)	kampaniô
Inflect perkùsëjô | N;NOM(SG)	perkùsëjô
Inflect papiéż | N;NOM(SG)	papiéż
Inflect zapewnienié | N;GEN(SG)	zapewnieniô
Inflect Jastrowô | ADJ;NOM(FEM,SG)	Jastrowô
Inflect Acorus | N;NOM(SG)	Acorus
Inflect kòchac | V;INF	kòchac
Inflect fana | N;GEN(FEM,SG)	fanã
Inflect równiszcze | N;LOC;PL	równiszczach
Inflect równiszcze | N;NOM(SG)	równiszcze
Inflect dobroc | N;ACC(FEM,SG)	dobroc
Inflect ziéle | N;GEN(SG)	ziéla
Inflect władza | N;NOM(PL)	władze
Inflect fòrmùła | N;GEN(FEM,SG)	fòrmùł
Inflect fòrmùła | N;NOM(SG)	fòrmùła
Inflect Strata | N;NOM(SG)	Strata
Inflect rozmajitiadji | ADJ;ACC(FEM,PL)	rozmajité
Inflect apòkrif | N;GEN(PL)	apòkrifów
Inflect casta | N;FEM;SG	casta
Inflect kanóniczny | ADJ;GEN(PL,MASC)	kanónicznëch
Inflect Czôłenkòwi | N;DAT(SG,MASC)	Czôłenkòwi
Inflect òpadowi | ADJ;NOM(FEM,SG)	òpôdowô
Inflect lekarsczi | ADJ;INS(MASC,SG)	Lekarsczim
Inflect drëdzy | ADJ;INS(MASC,SG)	drëdzim
Inflect wôrt | ADV	wôrt
Inflect kònkretny | ADJ;GEN(PL,FEM)	kònkretnëch
Inflect snjég | N;GEN(SG)	sniegù
Inflect dosłowny | ADV	dosłowno
Inflect wëbrodzëc | V;INF	wëbrodzëc
Inflect włączać | V;ACT;IMPF;GRP	włączając
Inflect pjesnjôk | N;NOM(SG)	pjesnjôk
Inflect wëbùch | N;ACC(MASC,SG)	wëbùch
Inflect wëbùch | N;GEN(SG)	wëbùchù
Inflect skóra | N;NOM(SG)	Skóra
Inflect wąski | ADJ;VOC(MASC,SG)	wąsczi
Inflect distansa | N;VOC(SG)	distanse
Inflect pòlterabend | N;GEN(PL,MASC)	pòlterabentów
Inflect aùtochtóniczny | ADJ;GEN(MASC,PL)	aùtochtónicznych
Inflect Element | N;PL	Elementë
Inflect łżekwak | N;VOC(PL)	łżëkwace
Inflect zwierzę | N;GEN(PL)	zwierząt
Inflect ôczëc | V;NFIN	ôczé
Inflect całi | ADJ;NOM(NEUT,SG)	Całé
Inflect program | N;NOM(SG,FEM)	Programa
Inflect pòzytiwny | ADJ;NOM(FEM,SG)	pòzytiwno
Inflect zwãkòwë | ADJ;ACC(FEM,SG)	zwãkòwą
Inflect żółw | N;NOM(PL)	Żółwie
Inflect zaczekawiéńé | N;NOM(SG,NEUT)	zaczekawienié
Inflect snôżi | ADJ;IND;NOM(PL,MASC)	snôżé
Inflect snôżi | ADJ;NOM(FEM,SG)	snôżô
Inflect przëstãpny | ADJ;NOM(NEUT,SG)	przëstãpné
Inflect pòczestnota | N;GEN(PL)	pòczestnotë
Inflect pòdzemny | ADJ;MASC;PSS;SG	pòdzemny
Inflect region | N;LOC;SG	regionie
Inflect Kleopatra | N;NOM(FEM,SG)	Kleopatra
Inflect szëpùłka | N;LOC;PL	szëpùłkach
Inflect leżnosc | N;FEM;LOC;SG	leżnoscë
Inflect godność | N;F;NOM(SG)	godność
Inflect tuńcëc | V;NFIN	tuńce
Inflect skóra | N;NOM(SG)	skóra
Inflect sztrëda | N;GEN(PL)	sztridów
Inflect media | N;VOC(SG)	media
Inflect media | N;LOC;PL	mediach
Inflect serbòchòrwacczi | ADJ;GEN(MASC,SG)	serbòchòrwacczégò
Inflect dłudżi | ADJ;VOC(MASC,SG)	dłëgù
Inflect historiowy | ADJ;NOM(MASC,SG)	historiowy
Inflect Bliscze | ADJ;CMPR	Bliscze
Inflect znanka | N;NOM(FEM,SG)	znanka
Inflect Góra | N;NOM(FEM,SG)	Góra
Inflect Góra | N;LOC;PL	Górach
Inflect Góra | N;GEN(SG)	Górni
Inflect płaczeta | N;GEN(PL)	platach
Inflect przerwa | N;GEN(SG)	przerwë
Inflect mróz | N;GEN(SG)	mrozu
Inflect mróz | N;GEN(FEM,SG)	mrozë
Inflect òznaczony | ADJ;GEN(MASC,PL)	òznaczonëch
Inflect mùka | N;ACC(SG)	mùczą
Inflect Zlepieńc | ADJ;GEN(FEM,SG)	Zlepieńcowé
Inflect infòrmatika | N;NOM(SG)	infòrmatika
Inflect czerwony | ADJ;NOM(MASC,SG)	czerwony
Inflect biotkô | N;ACC(SG)	biotkã
Inflect ròk | N;GEN(SG)	rokù
Inflect wòjôrz | N;NOM(PL)	wòjarze
Inflect uznać | V;NFIN	Uznom
Inflect darënka | N;DAT(PL)	darënkama
Inflect kòceł | N;NOM(SG)	kòceł
Inflect medal | N;ACC(MASC,SG)	medal
Inflect klëczk | N;NOM(PL)	klëczczi
Inflect gruńt | N;LOC;PL	gruńtach
Inflect Wiôlgopòlskô | ADJ;NOM(FEM,SG)	Wiôlgopòlskô
Inflect Swiónowo | N;DAT(PL)	Swiónowam
Inflect zachmùrzenié | N;NEUT;SG	zachmùrzenié
Inflect Kelwin | N;NPR;GEN(PL)	Kelwinów
Inflect pòle | N;LOC;SG	pòlu
Inflect pòle | N;VOC(SG)	pòlé
Inflect Swina | N;NOM(FEM,SG)	Swina
Inflect również | ADV	również
Inflect stól | N;LOC;SG	stole
Inflect grzëpa | N;DAT(SG)	grëpe
Inflect òlej | N;DAT(SG)	òléju
Inflect ùprôszczanié | N;GEN(SG)	ùprôszczaniégò
Inflect mòżdżówka | N;NOM(SG)	mùżdżówka
Inflect lëteratura | N;NOM(SG)	lëteratura
Inflect lëteratura | N;LOC;SG	lëteraturze
Inflect lëteratura | N;ACC(SG,FEM)	lëteraturã
Inflect lëteratura | N;NOM(SG)	lëteraturë
Inflect Pamiãc | N;GEN(SG)	Pamiãcé
Inflect kibic | N;NOM(PL)	kibice
Inflect lékarskji | ADJ;NOM(MASC,SG)	lékarsczi
Inflect białogùrsczi | ADJ;GEN(MASC,SG)	białgowsczégò
Inflect nôdgrodzëc | V;NFIN	nôdgrodã
Inflect Łąg | N;GEN(SG)	Łãgù
Inflect Efeza | N;LOC;SG	Efezie
Inflect Kajawsczi | ADJ;NOM(MASC,PL)	Kajawsczi
Inflect Pyeongyang | N;LOC;SG	Pyeongyangù
Inflect Lékarskô | ADJ;NOM(FEM,SG)	Lékarskô
Inflect Mléczôk | N;NOM(SG)	Mléczôk
Inflect dzecë | N;DAT(PL)	dzecach
Inflect dzecë | N;INS(PL)	dzecama
Inflect szwecczi | ADJ;VOC(MASC,SG)	szwecczi
Inflect dół | N;GEN(PL)	dołów
Inflect przësëżnik | N;NOM(SG)	przësëżnik
Inflect dóny | ADJ;VOC(MASC,SG)	dóny
Inflect doskònałosc | N;DAT(SG)	doskònale
Inflect nacësk | N;GEN(SG)	nacëskù
Inflect pardwa | N;NOM(FEM,SG)	pardwa
Inflect zôchòd | N;NOM(SG)	zôchòd
Inflect godzëna | N;ACC(SG)	godzëną
Inflect Kanadijka | N;NOM(FEM,SG)	Kanadijka
Inflect Kanadijka | N;GEN(PL,MASC)	Kanadijków
Inflect mózg | N;IND;GEN(PL)	Brains
Inflect ùrządzenie | N;GEN(PL)	ùrządzeniów
Inflect sërosc | N;NOM(FEM,SG)	sërosc
Inflect tãdzë | N;F;INS(SG)	tądkã
Inflect bezpòstrzédnô | ADJ;NOM(FEM,SG)	bezpòstrzędno
Inflect ramy | N;GEN(PL)	ramach
Inflect jiny | ADJ;INS(MASC,SG)	jinym
Inflect jiny | ADJ;INS(PL,MASC)	jinyma
Inflect łąka | N;LOC;PL	łąkach
Inflect łąka | N;INS(FEM,PL)	łąkama
Inflect Kaszëbsczi | ADJ;NOM(PL,MASC)	Kaszubskie
Inflect papior | N;LOC;PL	papiorach
Inflect papior | N;GEN(SG)	papioru
Inflect Antoni | N;MASC;PSS3S;P1	Antonim
Inflect zapòżëczenié | N;GEN(PL)	zapòżëczeń
Inflect bùdka | N;DAT(SG)	bùdce
Inflect chùrz | N;LOC;SG	chùrze
Inflect minus | N;NOM(MASC,SG)	minus
Inflect Pòmòrzka | N;VOC(SG)	Pòmòrzce
Inflect Terô | ADV	Terô
Inflect szkòda | N;ACC(SG)	szkòdã
Inflect wëznanié | N;GEN(PL)	wëznaniów
Inflect ptôszëzna | N;NOM(SG)	ptôszëzna
Inflect przedremianic | N;ACC(SG)	przedremieniã
Inflect antiochijsczi | ADJ;MASC;PSSV;SG	antiochijsczi
Inflect gitar | N;ACC(FEM,SG)	gitarë
Inflect tnica | V;FUT;3;SG	tnica
Inflect ùpôdk | N;GEN(SG)	ùpôdkù
Inflect Theresa | N;INS(FEM,SG)	Teresą
Inflect knôpiczë | N;DAT(PL)	knôpiczëch
Inflect Trojanowska | N;NOM(FEM,SG)	Trojanowska
Inflect òpòzycëjô | N;NOM(SG)	òpòzycëjô
Inflect Aùstralëjô | N;GEN(SG)	Aùstralëji
Inflect zdatnô | ADJ;NOM(FEM,SG)	zdatné
Inflect pòdtip | N;GEN(SG)	pòdtipu
Inflect kòlonijô | N;ACC(SG)	kòlonijã
Inflect nalezéc | V;NFIN	nalezc
Inflect wialgòsc | N;DAT(SG)	wialgòscë
Inflect kam | N;GEN(PL)	kamów
Inflect Młodé | ADJ;ACC(FEM,SG)	Młodé
Inflect rodny | ADJ;NOM(FEM,SG)	Rodnô
Inflect pasternôk | N;NOM(SG)	pasternôk
Inflect jinterneta | N;DAT(SG,MASC)	jinternetowi
Inflect klekòt | N;NOM(SG)	klekòt
Inflect układac | N;LOC;PL	ùkładach
Inflect farwa | N;GEN(SG)	farwë
Inflect farwa | N;ACC(SG)	farwòtã
Inflect farwa | N;GEN(PL)	farwów
Inflect fraza | N;GEN(SG)	frazë
Inflect internetowy | ADJ;NOM(FEM,SG)	internetowa
Inflect członkòstwo | N;NOM(SG)	członkòstwo
Inflect Breyne | N;NOM(PL)	Breyne
Inflect dzéłowô | ADJ;ACC(FEM,SG)	dzélową
Inflect niewiôldżi | ADJ;IND;NOM(PL,MASC)	niewiôldżé
Inflect òdbicé | V;NFIN;PRF	òdbicé
Inflect wpasëwac | V;INF	wpasowac
Inflect òbřezk | N;NOM(PL)	òbrzézczi
Inflect prãdkòsc | N;NOM(SG)	prãdkòsc
Inflect prãdkòsc | N;F;GEN(SG)	prãdkòsci
Inflect prãdkòsc | N;FEM;LOC;SG	prãdkòscë
Inflect organizacëja | N;NOM(FEM,SG)	organizacëja
Inflect zazwònic | V;MOD;INF	zazwònic
Inflect ùjsce | N;NOM(SG,NEUT)	ùjsce
Inflect zagrôżba | N;NOM(PL)	zagrôżbë
Inflect zagrôżba | N;SG;INST	zagrôżbą
Inflect Specjalnô | ADJ;ACC(FEM,SG)	Specjalną
Inflect rasa | N;NOM(SG)	rasa
Inflect rasa | N;ACC(SG)	rasë
Inflect rasa | N;GEN(PL)	rasów
Inflect kòmin | N;GEN(FEM,SG)	kòmina
Inflect grawitacjô | N;ACC(SG,FEM)	grawitacje
Inflect Rzimsczi | ADJ;GEN(MASC,SG)	Rzimsczégò
Inflect nôrodnosc | N;NOM(FEM,SG)	nôrodnosc
Inflect nôrodnosc | N;GEN(SG)	nôrodnoscë
Inflect wëpòczink | N;NOM(SG)	wëpòczink
Inflect Òbweńdztwa | N;NOM(SG)	Òbwód
Inflect seniorka | N;DAT(PL)	seniorkach
Inflect trigraf | N;NOM(PL)	trigrafë
Inflect Szakal | N;GEN(SG)	Szakala
Inflect jinszë | ADJ;GEN(MASC,PL)	jińszëch
Inflect Inuita | N;GEN(PL,MASC)	Inuitów
Inflect kòncert | N;NOM(PL)	kòncertë
Inflect kòncert | N;GEN(PL)	kòncertów
Inflect Cecha | N;INS(SG)	Cechą
Inflect pòstac | N;INST;SG	pòstacą
Inflect sanktuarium | N;LOC;PL	sanktuariach
Inflect sanktuarium | N;NOM(SG)	sanktuarium
Inflect pjerzasty | ADJ;NOM(MASC,SG)	pierzasti
Inflect Lapòniô | N;GEN(SG)	Lapònii
Inflect prôwdopòdowieństwo | N;GEN(SG)	prôwdopòdowieństwa
Inflect Lankòsz | N;ACC(SG)	Lankòszã
Inflect zaklëczczenié | N;NOM(SG)	zaklëczczenié
Inflect Majkòwskô | ADJ;NOM(FEM,SG)	Majkòwskô
Inflect Wôżné | ADJ;WK;NOM(PL,MASC)	Wôżné
Inflect rozmòwa | N;ACC(SG,FEM)	rozmòwą
Inflect Kòsmòs | N;ACC(SG)	Kòsmòsã
Inflect drzéwiãtka | N;ACC(SG,NEUT)	drzéwiãtã
Inflect drzéwiãtka | N;GEN(PL)	drzéwiãtów
Inflect desktop | N;GEN(PL)	desktopów
Inflect wëkaszlowny | ADJ;NOM(MASC,SG)	wëkaszlowny
Inflect dorosłi | ADJ;VOC(MASC,SG)	dorosłé
Inflect dorosłi | ADJ;GEN(PL)	dorosłëch
Inflect dólny | ADJ;ACC(FEM,SG)	dólne
Inflect ùsmiercanie | N;GEN(SG)	ùsmiercaniô
Inflect starżaczka | N;ACC(PL)	starżacczi
Inflect jedwôb | N;GEN(SG,MASC)	jedwôbiu
Inflect Łaczba | N;VOC(SG)	Łaczi
Inflect chtrërny | ADJ;NOM(MASC,SG)	chtrërny
Inflect płaczący | ADJ;NOM(MASC,SG)	płaczący
Inflect òdżin | N;GEN(SG)	ògnia
Inflect pisôrz | N;INDX;GEN(SG)	pisarzczié
Inflect tãcza | N;LOC;PL	tãczënach
Inflect Bretania | N;DAT(SG)	Bretanii
Inflect malińca | N;ACC(MASC,SG)	malińczich
Inflect Wydanie | N;NOM(SG,NEUT)	wydanie
Inflect miech | N;GEN(PL)	miechów
Inflect pùszcanié | V;V;PTCP;NFIN	pùszczanie
Inflect Rômeò | N;NOM(SG,MASC)	Rômeò
Inflect tilny | ADJ;NOM(MASC,SG)	tilny
Inflect biôłoczerwòny | ADJ;NOM(FEM,PL)	biôłoczerwòné
Inflect skùtek | N;NOM(PL)	skùtczi
Inflect Marta | N;NOM(SG,FEM)	Marta
Inflect proga | N;ACC(SG,FEM)	prozą
Inflect interfejs | N;NOM(SG)	interfejs
Inflect pôłnie | N;LOC;SG	pôłniu
Inflect elektroniczny | ADJ;NOM(MASC,SG)	elektroniczny
Inflect grecczi | ADJ;DAT(MASC,PL)	grecczich
Inflect grecczi | ADJ;INS(MASC,SG)	grecczim
Inflect wëpitk | N;GEN(SG)	wëpitkù
Inflect dwòr | N;ACC(SG)	dwòrã
Inflect Pòlëga | N;GEN(MASC,SG)	Pòleségò
Inflect faba | N;NOM(SG)	faba
Inflect zadny | ADJ;GEN(MASC,SG)	zadnégò
Inflect kara | N;ACC(SG)	karã
Inflect Wenecczi | ADJ;NOM(MASC,SG)	Wenecczi
Inflect obiekt | N;GEN(PL)	obiektów
Inflect któtkô | ADJ;NOM(FEM,SG)	któtkô
Inflect gòspòdëniô | N;F;NOM(SG)	gòspòdënie
Inflect wiʒec | V;NFIN	widzec
Inflect pòrtëbùdowizna | N;NOM(FEM,SG)	pòrtëbùdowizna
Inflect zachodni | ADJ;NOM(FEM,PL)	Zachodnie
Inflect wiéchrzëzna | N;LOC;SG	wiéchrzëznie
Inflect wiéchrzëzna | N;GEN(SG)	wiéchrzëznié
Inflect wiéchrzëzna | N;ACC(SG)	wiéchrzëznã
Inflect wiéchrzëzna | N;NOM(PL)	wiéchrzëznë
Inflect wiéchrzëzna | N;ACC(SG,FEM)	wiéchrzëzną
Inflect òbjimaniô | N;GEN(SG)	òbjimaniô
Inflect panëszka | N;F;INS(SG)	panëszką
Inflect NOUTRO | N;FEM;LOC;PL	nają
Inflect mést | N;ABL(SG)	mést
Inflect òdczëtac | V;INF	òdczëtac
Inflect zgrôwać | V;NFIN;INF	zgrôwa
Inflect Gazowi | ADJ;VOC(MASC,SG)	Gazowi
Inflect sãkaci | ADJ;NOM(PL,MASC,ANIM)	sãkaté
Inflect groda | N;INS(FEM,SG)	gromadą
Inflect direktno | ADV	direktno
Inflect kawa | N;GEN(SG)	kawë
Inflect kawa | N;ACC(SG)	kawón
Inflect distribùcëja | N;LOC;PL	distribùcëjach
Inflect gramatika | ADJ;GEN(MASC,PL)	gramaticznëch
Inflect gramatika | N;NOM(FEM,SG)	gramatika
Inflect célo | N;DAT(PL)	célem
Inflect mëszyc | N;ACC(PL)	mszëce
Inflect zebranié | N;GEN(PL)	zebraniów
Inflect akurôtny | ADJ;NOM(FEM,SG)	akurôtno
Inflect kòszëczka | N;GEN(PL)	kòsziczczi
Inflect jadrownica | N;LOC;PL;F	jadrownicach
Inflect mimoza | N;NOM(FEM,SG)	mimòza
Inflect ùżëcy | N;INS(SG)	ùżëcym
Inflect mióna | N;INST;PL	miónama
Inflect materiał | N;INS(SG)	materiałem
Inflect kòntinenca | N;ACC(SG)	kòntinence
Inflect żaba | N;NOM(SG)	Żaba
Inflect Ròbòta | N;NOM(SG)	Ròbòta
Inflect padalcowi | ADJ;DAT(MASC,PL)	padalcowatich
Inflect Syjamskô | ADJ;NOM(FEM,SG)	Syjamskô
Inflect kòtwi | N;NOM(FEM,SG)	kòtwa
Inflect Ewangelia | N;GEN(SG)	Ewangelii
Inflect Ewangelia | N;DAT(PL)	Ewanieli
Inflect Kùzniô | N;NOM(SG)	Kùzniô
Inflect stòjny | ADJ;NOM(PL)	stòjny
Inflect lëpa | N;NOM(FEM,SG)	lëpa
Inflect lëpa | N;GEN(PL)	lëpin
Inflect błotka | N;LOC;PL	błotkach
Inflect tón | N;GEN(PL)	tonów
Inflect reszt | N;F;ACC(PL)	resztë
Inflect Kòscérzëna | N;DAT(SG,FEM)	Kòscérzënie
Inflect krzaczasty | ADJ;NOM(FEM,SG)	krzaczasta
Inflect gùreczka | N;DIM;NOM(SG)	gùreczka
Inflect powierzchnia | N;LOC;PL	pòwierzchniach
Inflect dinastëjô | N;ACC(SG,FEM)	dinastëjã
Inflect dinastëjô | N;NOM(SG,FEM)	dinastëjô
Inflect dinastëjô | N;ACC(SG)	dinastëją
Inflect krajoznawstwo | N;GEN(SG)	krajoznawstwa
Inflect słowò | N;INS(SG)	słowem
Inflect spiéwôrz | N;GEN(MASC,PL)	spiéwôrzów
Inflect głãbòk | ADJ;GEN(MASC,PL)	głãbòczich
Inflect fragment | N;NOM(SG)	fragment
Inflect fragment | N;INS(PL)	fragmentami
Inflect mòdel | N;GEN(SG)	mòdélu
Inflect Włosaty | ADJ;NOM(FEM,SG)	Włosatô
Inflect Roczicëna | N;NOM(FEM,SG)	Roczicëna
Inflect religia | N;ACC(PL)	religie
Inflect wierzba | N;NOM(SG)	wierzba
Inflect przëdôwk | N;GEN(SG)	przëdôwkù
Inflect zôpłata | N;NOM(PL)	zôpłatë
Inflect szuta | N;GEN(PL)	szutów
Inflect bezsenność | N;ACC(SG)	bezsennoscã
Inflect znóny | ADJ;NOM(MASC,SG)	znóny
Inflect łacëzna | N;GEN(SG)	łacëznë
Inflect łiszczeć | V;3;PL;PRES	łiszczą
Inflect kąpanié | N;NOM(SG,NEUT)	kąpanié
Inflect sztremlëzna | N;NOM(SG,FEM)	sztremlëznë
Inflect miéwac | V;PST;M;SG	miéwôł
Inflect Maja | N;NOM(FEM,SG)	Maja
Inflect język | N;NOM(SG)	język
Inflect prosti | ADJ;VOC(MASC,SG)	prosti
Inflect prosti | ADJ;NOM(FEM,SG)	prosto
Inflect stólica | N;ACC(SG)	stolëcã
Inflect autor | N;GEN(MASC,SG)	autora
Inflect autor | N;M1;DAT(SG)	autorowi
Inflect autor | N;ACC(SG)	autorã
Inflect Òlimpiô | N;GEN(SG)	Òlimpii
Inflect Niewôżné | ADJ;NOM(FEM,SG)	Niewôżné
Inflect nôùkòwi | ADJ;NOM(MASC,PL)	nôùkòwé
Inflect BrodnickòKartëskô | ADJ;NOM(FEM,SG)	BrodnickòKartëskô
Inflect Zelëzna | N;NOM(SG)	Zldzënie
Inflect Venus | N;NOM(SG)	Venus
Inflect Żukowo | N;DAT(SG)	Żukowie
Inflect òsëba | N;GEN(PL)	òsób
Inflect rzeczny | ADJ;NOM(PL,MASC)	rzeczne
Inflect PÓLNY | ADJ;NOM(MASC,SG)	pólny
Inflect przebùdowiwac | V;PFV;PL;PST	przebùdowiwelë
Inflect rоѕсёnié | N;NOM(SG,MASC)	rоѕсёnё
Inflect górlôk | N;GEN(PL)	górlôków
Inflect wińc | N;ACC(SG)	wińc
Inflect artirasëzmòwi | ADJ;NOM(MASC,PL)	artirasëzmòwé
Inflect wspòmnienié | N;LOC;PL	wspòmnieniach
Inflect Bòcheńc | N;GEN(PL)	Bòchenów
Inflect cheomsa | N;NOM(PL,MASC)	cheomsa
Inflect piC | V;NFIN	picô
Inflect pazura | N;ACC(PL)	pazurama
Inflect Kaszëbòwie | N;GEN(PL)	Kassuben
Inflect dodatny | ADJ;ACC(FEM,PL)	Dodatné
Inflect klasa | N;NOM(PL)	klasy
Inflect Słôwosznia | N;NOM(SG)	Słôwòszëna
Inflect swirgòlc | N;NOM(PL)	swirgolë
Inflect Strzebielëno | N;NOM(SG)	Strzebielëna
Inflect maszina | N;NOM(SG)	maszina
Inflect maszina | N;GEN(PL)	maszinów
Inflect cèp | N;F;NOM(PL)	Cepë
Inflect larwa | N;ACC(SG,FEM)	larwã
Inflect larwa | N;ACC(SG)	larwë
Inflect tradicëja | N;GEN(SG)	tradicëji
Inflect Telewizjô | N;GEN(SG)	Telewizji
Inflect piorën | N;ACC(SG)	piorën
Inflect Japòńskô | ADJ;NOM(FEM,SG)	Japòńskô
Inflect nôrzãdło | N;NOM(SG)	nôrzãdło
Inflect Niejezen | ADJ;NOM(FEM,PL)	Niejedne
Inflect bãbnienie | N;GEN(SG)	bãbnieniô
Inflect kaplëczka | N;F;NOM(SG)	kaplëczka
Inflect człowik | N;ACC(SG)	człowiéka
Inflect smiotana | N;GEN(SG)	smiotanë
Inflect sëtmëklasowi | ADJ;VOC(MASC,SG)	sëtmëklasowi
Inflect płaca | N;GEN(SG)	płacy
Inflect òbrozk | N;ACC(SG,MASC)	òbazów
Inflect łowic | V;VBS;NFIN;PSV	łowieniô
Inflect miasto | N;NOM(SG)	Miasto
Inflect naszi | ADJ;GEN(MASC,SG)	naszégò
Inflect chłoscëwé | ADJ;INS(MASC,SG)	chłoscëwim
Inflect copanié | V;NFIN	copanié
Inflect słôwiący | ADJ;NOM(PL,MASC)	słôwiącé
Inflect Ùchwôł | N;ACC(SG)	Ùchwôlą
Inflect dziad | N;GEN(PL)	Dziadów
Inflect kasowy | ADJ;M;NOM(SG)	kasowy
Inflect miesiąc | N;GEN(PL)	miesąców
Inflect òpiéka | N;GEN(SG)	òpégò
Inflect bubk | N;GEN(PL)	bubków
Inflect Filipiny | N;LOC;PL	Filipinach
Inflect letni | ADJ;GEN(FEM,SG)	letnéj
Inflect Mariô | N;F;NOM(SG)	Mariô
Inflect Augusta | N;FEM;PROPN;SG	Augusta
Inflect trudny | ADJ;NOM(MASC,SG)	trudny
Inflect trudny | ADJ;NOM(FEM,SG)	trudnô
Inflect òpòwiôdôcz | N;NOM(SG)	òpòwiôdôcz
Inflect Mozilla | N;ACC(FEM,SG)	Mozille
Inflect Mozilla | N;GEN(SG)	Mozilli
Inflect asemblerz | N;DAT(PL)	asemblerze
Inflect Byron | N;GEN(SG)	Byrona
Inflect gbùrga | N;GEN(SG)	gbura
Inflect same | ADV;INTENSITY	same
Inflect dërżeniowi | ADJ;ACC(FEM,SG)	dërżéniową
Inflect Efezjanin | N;GEN(PL)	Efezjanów
Inflect owca | N;GEN(PL)	òwców
Inflect szarpawica | N;NOM(SG)	szarpawica
Inflect Gdąńskò | N;NOM(SG,NEUT)	Gdąńskò
Inflect Totalitarny | ADJ;ACC(FEM,SG)	Totalitarną
Inflect widownia | N;ACC(SG)	widowniã
Inflect kòmpùter | N;F;GEN(SG)	kòmpùtra
Inflect kòmpùter | N;DAT(FEM,PL)	kòmpùtrama
Inflect wiernosc | N;DAT(SG)	wiernoscë
Inflect Parafiô | N;NOM(SG)	Parafiô
Inflect Plattdüütsch | ADJ	Plattdüütsch
Inflect drzewo | N;NOM(SG)	drzewo
Inflect Klôsztr | N;DAT(SG,MASC)	Klôsztórném
Inflect wiek | N;GEN(PL)	wieków
Inflect wiek | N;GEN(SG)	wiekù
Inflect Benjamina | N;ACC(FEM,SG)	Benjamina
Inflect Bòstón | N;VOC(SG)	Bòstónie
Inflect lato | N;INS(SG)	latem
Inflect niedalek | N;NOM(MASC,SG)	niedalek
Inflect Balbina | N;NOM(SG)	Balbina
Inflect krótczi | ADJ;NOM(NEUT,SG)	krótkò
Inflect żort | N;GEN(PL)	òrtów
Inflect òbronnô | ADJ;NOM(FEM,SG)	òbronno
Inflect pùcowac | V;INF	pùcowac
Inflect pocwierzdzëna | N;F;NOM(SG)	pocwierdzenié
Inflect połowi | N;GEN(SG)	pòłòwy
Inflect Neja | N;VOC(SG)	Naju
Inflect piszczówka | N;NOM(SG)	piszczówka
Inflect piszczówka | N;GEN(PL)	piszczówków
Inflect piszczówka | N;INST;SG	piszczówką
Inflect wòdzyk | N;NOM(SG)	wòdzëk
Inflect domôcy | ADJ;GEN(MASC,SG)	domôcégò
Inflect Dóm | N;ACC(SG)	Dodóm
Inflect próba | N;NOM(PL)	próbë
Inflect sejmòwnô | ADJ;GEN(MASC,PL)	sejmòwëch
Inflect sługa | N;DAT(SG)	sludze
Inflect Brusy | N;LOC;PL	Brusach
Inflect Papiasz | N;GEN(SG)	Papiasza
Inflect ceszëc | V;IMP;2;SG	ceszi
Inflect Górny | ADJ;NOM(MASC,SG)	Górny
Inflect Górny | ADJ;MASC;PSSV;SG	Górnégò
Inflect zółti | ADJ;INS(MASC,SG)	zółtim
Inflect jednoroczne | ADJ;ACC(FEM,SG)	jednoroczną
Inflect rektór | N;NOM(SG)	rektór
Inflect drzewò | N;NOM(SG)	drzewò
Inflect kąpiel | N;VOC(SG)	kąpiélë
Inflect Biédni | ADJ;NOM(MASC,PL)	Biédni
Inflect biéda | N;DAT(SG)	biédze
Inflect biéda | N;NOM(PL)	biédë
Inflect zjawisko | N;GEN(PL)	zjawiskow
Inflect panowanie | N;NOM(SG,NEUT)	panowanié
Inflect panowanie | N;GEN(SG)	panowaniégò
Inflect panowanie | N;INS(SG)	panowaniém
Inflect panowanie | N;GEN(SG)	panowaniô
Inflect Cassubia | N;LOC;SG	Cassubie
Inflect mãczenica | N;ACC(SG)	mãczenicã
Inflect pasażér | N;GEN(PL)	pasażérów
Inflect kòlonista | N;NOM(PL)	kòloniscë
Inflect wëszëzna | N;NOM(SG,FEM)	wëszëzna
Inflect wëszëzna | N;ACC(SG)	wëszëznã
Inflect wëszëzna | N;GEN(SG)	wëszëznë
Inflect wëszëzna | N;GEN(PL)	wëszëznów
Inflect dama | N;INS(SG)	damią
Inflect ciãżkô | ADJ;NOM(FEM,SG)	cãżkô
Inflect Mãlëca | N;NOM(FEM,SG)	Melica
Inflect modła | N;GEN(PL)	modłów
Inflect Downs | N	Downs
Inflect spòdlowi | ADJ;GEN(MASC,PL)	spòdlowëch
Inflect duch | N;NOM(SG)	duch
Inflect dochadac | V;POS;IMPF;NFIN	dochadac
Inflect słowik | N;NOM(SG)	słowik
Inflect szasa | N;LOC;SG	szasie
Inflect łowny | ADJ;INS(MASC,SG)	łownym
Inflect Kraków | N;LOC;SG	Krakòwie
Inflect osëcha | N;LOC;PL	osëchach
Inflect jic | V;PRS;2;SG	Jesz
Inflect renka | N;F;GEN(PL)	renic
Inflect Rodezja | N;GEN(SG)	Rodezji
Inflect magnoliowaty | ADJ;ACC(FEM,PL)	magnoliowatëch
Inflect gardzë | V;IMP;2;SG	gardze
Inflect ludny | ADJ;NOM(FEM,SG)	ludowô
Inflect benediktinka | N;GEN(PL,MASC)	benediktinków
Inflect germanizacja | N;GEN(SG)	germanizacji
Inflect òrganizowac | V;INF	òrganizowac
Inflect krãg | N;GEN(PL)	krãgów
Inflect krãg | N;GEN(PL)	krãgù
Inflect szwedzkô | ADJ;NOM(FEM,SG)	Szwedzkô
Inflect hotel | N;GEN(SG)	hotelu
Inflect zarnié | N;ACC(SG)	zarno
Inflect nosoróg | N;NOM(SG)	nosoróg
Inflect zascygać | V;NFIN;GER	zascyganie
Inflect Kazachstan | N;GEN(SG)	Kazachstanu
Inflect Zamknięty | ADJ;NOM(MASC,SG)	Zamknięty
Inflect titul | N;ACC(SG)	titlu
Inflect bónk | N;NOM(MASC,SG)	bónk
Inflect płonny | ADJ;ACC(FEM,SG)	płonné
Inflect Zgòrzôłk | N;FEM;PL	Zgòrzôłczi
Inflect pielgrzimca | N;LOC;SG	pielgrzimce
Inflect jajo | N;GEN(PL)	jajów
Inflect drzéwc | N;F;NOM(SG)	drzewiãca
Inflect chrzescënë | N;GEN(SG)	chrzescëjaństwa
Inflect szpicowati | ADJ;NOM(MASC,PL)	szpicowati
Inflect Ùsztôłcenié | N;NOM(SG)	Ùsztôłcenié
Inflect Górsczi | N;NOM(MASC,SG)	Górsczigù
Inflect pùblikòwac | V;INF	pùblikòwac
Inflect ksądzëc | N;GEN(PL)	ksãżëców
Inflect òpisowny | ADJ;INS(MASC,SG)	òpisownym
Inflect Òlsza | N;NOM(FEM,SG)	Òlszô
Inflect drapieżny | ADJ;VOC(MASC,SG)	drapieżny
Inflect ksiãga | N;LOC;PL	ksãgach
Inflect wzérnik | N;NOM(SG)	wzérnik
Inflect Òlgierd | N;NOM(SG)	Òlgerd
Inflect Petersburg | N;GEN(SG)	Petersburgu
Inflect całi | ADJ;GEN(MASC,SG)	całégò
Inflect całi | ADJ;NOM(FEM,SG)	całô
Inflect letkò | ADV	letkò
Inflect hewòtny | ADJ;INS(MASC,SG)	hewòtnym
Inflect pòlabsczi | ADJ;GEN(MASC,PL)	pòlabsczëch
Inflect rozwinitë | ADJ;NOM(FEM,SG)	rozwiniętô
Inflect jôdnica | N;NOM(FEM,SG)	jôdnica
Inflect jôdnica | N;NOM(PL)	jôdnicë
Inflect Pòmòrzë | N;LOC;SG	Pòmòrzu
Inflect òpłôtk | N;GEN(SG)	òpłôtkù
Inflect material | N;ACC(PL)	materiale
Inflect jałowiec | N;GEN(PL)	jałowców
Inflect sobòrz | N;LOC;SG;M3	sobòrze
Inflect pòsóbnô | ADJ;NOM(FEM,SG)	pòsóbnô
Inflect Młodzëzna | N;GEN(SG)	Młodzëznë
Inflect piwo | N;GEN(SG)	piwa
Inflect piwo | N;INS(SG)	piwem
Inflect piwo | N;NOM(SG)	piwo
Inflect rozwój | N;NOM(MASC,SG)	rozwój
Inflect Lënka | N;GEN(SG)	Lënk
Inflect honoroł | ADJ;NOM(MASC,PL)	Honorowi
Inflect kléwer | N;NOM(SG)	kléwer
Inflect czidzëzna | N;NOM(SG)	czidzëna
Inflect Equisetum | N;NOM(SG)	Equisetum
Inflect kłãb | N;LOC;SG	kłãbie
Inflect naucëc | V;IMP;PFV;PL2	nôùczi
Inflect familia | N;DAT(SG)	familji
Inflect Lorentz | N;GEN(MASC,SG)	Lorentza
Inflect habicô | N;NOM(PL)	habice
Inflect groza | N;GEN(SG)	grozy
Inflect mikstura | N;GEN(SG)	miksturë
Inflect wlôżô | V;3;SG;FUT	wlôżô
Inflect bórk | N;NOM(SG)	Borë
Inflect zwierzëca | N;FEM;SG	zwierzëce
Inflect Prospekt | N;NOM(SG)	Prospekt
Inflect Braga | N;GEN(SG,MASC)	Bragi
Inflect lëstopadnikòwy | ADJ;INS(MASC,SG)	lëstopadnikòwim
Inflect mdze | V;3;SG;FUT	mdze
Inflect dënk | N;F;INS(PL)	dënëgama
Inflect kvitac | V;GER;VOC(MASC)	kwitnieniô
Inflect pòstãpnë | ADJ;GEN(MASC,PL)	pòstãpnëch
Inflect żniwo | N;GEN(PL)	żnijów
Inflect pytaniã | N;ACC(SG)	pytania
Inflect wëmawianié | V;NFIN	wëmawianié
Inflect òznak | N;INS(SG)	òznaką
Inflect rozwôżanié | N;NOM(SG,NEUT)	rozwôżanié
Inflect jinak | ADV	Jine
Inflect wiôldżi | ADJ;NOM(FEM,SG)	wiãkszô
Inflect Szkic | N;NOM(PL)	Szkice
Inflect pismiono | N;GEN(PL)	pismionów
Inflect Mazury | N;LOC;PL	Mazurach
Inflect òdpòwiedzalny | ADJ;NOM(FEM,SG)	òdpòwiedzalnô
Inflect òbstojenjë | V;PPFV;NMLS	òbstojenié
Inflect Górnik | N;GEN(SG)	Górnika
Inflect przëkriwkòwi | ADJ;NOM(PL,MASC)	przëkriwkòwé
Inflect słowo | N;GEN(PL)	słów
Inflect bydło | N;GEN(SG)	bëdła
Inflect pòzwa | N;GEN(SG)	pòzwë
Inflect pòzwa | N;GEN(PL)	pòzwónëch
Inflect pòzwa | N;ACC(SG)	pòzwóną
Inflect pòzwa | N;GEN(PL)	pòzwów
Inflect Premiera | N;NOM(FEM,SG)	Premiera
Inflect mòderny | ADJ;FEM;SG;LOC	mòderné
Inflect zabezpieczenie | N;GEN(SG)	zabezpieczeniô
Inflect kònkùrëja | N;NOM(PL)	kònkùrëje
Inflect Henryka | N;F;NOM(SG)	Henrika
Inflect grać | V;IND;PST;NFIN	grało
Inflect òbéńda | N;LOC;PL	òbéndach
Inflect plac | N;NOM(SG)	Plac
Inflect rozkoscérzënanié | N;INS(SG)	rozkoscérzanim
Inflect pùzdni | ADJ;VOC(MASC,SG)	pùzdni
Inflect luti | ADJ;VOC(MASC,SG)	luti
Inflect luti | ADJ;NOM(MASC,SG)	luty
Inflect zaprawa | N;ACC(SG)	zaprawã
Inflect zaprawa | N;NOM(SG)	zaprawё
Inflect bùdacyjô | N;GEN(SG)	bùdaceji
Inflect pokrzëwa | N;NOM(SG)	pòkrzëwa
Inflect Jãzëkòwò | ADJ;NOM(NEUT,SG)	Jãzëkòwò
Inflect zarnek | N;GEN(PL)	zarnków
Inflect pògan | N;GEN(PL)	pòganów
Inflect wiodro | N;F;NOM(SG)	wiodra
Inflect wiodro | N;NOM(SG)	wiodro
Inflect pòlsczi | ADJ;NOM(FEM,SG)	pòlskô
Inflect Séwnô | ADJ;NOM(FEM,SG)	Séwnô
Inflect ząbkòwiczczi | N;GEN(SG,MASC)	ząbkowicczego
Inflect pasowé | ADJ;;NOM(PL,MASC,ANIM)	pasowé
Inflect ùszniczka | N;FEM;SG	ùsznica
Inflect pasmã | N;ACC(SG)	pasmã
Inflect bloczi | N;NOM(PL)	bloczi
Inflect Kartëza | N;GEN(SG)	Kartëzë
Inflect Kartaginô | N;ACC(SG)	Kartaginã
Inflect dochtór | N;NOM(MASC,SG)	dochtór
Inflect aglomeracja | N;NOM(FEM,PL)	aglomeracje
Inflect mieszkanié | N;LOC;PL	mieszkaniama
Inflect mieszkanié | N;GEN(SG)	mieszkaniô
Inflect mieszkanié | N;ACC(SG)	mieszkanù
Inflect szosa | N;ACC(PL)	szos
Inflect Lëzelec | N;DAT(PL)	Lëzënie
Inflect sobòtka | N;F;NOM(SG)	sobòtka
Inflect talãt | N;GEN(PL)	taleńtów
Inflect slauos | N;NOM(SG,MASC)	slauos
Inflect wëdawać | V;ACT;INDF;PRS	wëdając
Inflect czedë | ADV	czedës
Inflect stôlec | N;LOC;PL	stalatach
Inflect distrikt | N;LOC;SG	distriktë
Inflect Stepòwi | ADJ;NOM(MASC,SG)	Stepòwi
Inflect wòda | N;NOM(FEM,PL)	Waters
Inflect tatrzańsczi | ADJ;GEN(MASC,SG)	tatrzańsczégò
Inflect kòlibiô | N;DAT(SG)	kòlibie
Inflect Anna | N;NOM(SG)	Anna
Inflect Suplement | N;NOM(SG)	Suplement
Inflect dolekomòrsczi | ADJ;NOM(MASC,PL)	dalekòmòrsczich
Inflect Bùblëca | N;GEN(SG)	Bubblytze
Inflect Vopel | N;MASC;SG	Vopel
Inflect paranoidalny | ADJ;ACC(FEM,SG)	paranoidalną
Inflect Lëturgiczny | ADJ;NOM(MASC,SG)	Lëturgiczny
Inflect badac | V;NFIN;INF	badac
Inflect Wilno | N;NOM(SG)	Wilno
Inflect ksążka | N;GEN(SG)	ksążczi
Inflect sus | N;NOM(FEM,SG)	suska
Inflect ôst | N;GEN(SG)	òsła
Inflect nordowi | ADJ;ACC(FEM,SG)	nordową
Inflect cësnienie | N;GEN(SG)	cësnieniô
Inflect mòrsczëmista | N;F;DAT(PL)	mòrszczimistawònagami
Inflect dïstrékt | N;GEN(PL)	distriktów
Inflect Krefft | N;NOM(SG)	Krefft
Inflect òstróv | N;LOC;SG	òstrowiu
Inflect òbczëszczalnô | N;NOM(SG)	òbczëszczalniô
Inflect alkalojid | N;NOM(PL)	alkalojidë
Inflect skùńczëna | N;DAT(SG)	skùńczenim
Inflect kôłpa | N;NOM(FEM,SG)	kôłpa
Inflect szpańskô | ADJ;FEM;SG;LOC	szpańskù
Inflect józefk | N;VOC(MASC,SG)	józefk
Inflect murin | N;ACC(MASC,SG)	murinum
Inflect pòspòrt | N;GEN(PL)	Paszpòrtów
Inflect òskòlańc | N;INSTR;PL	òskòlańcama
Inflect Luperkalie | N;GEN(PL)	Luperkaliów
Inflect SZIJA | N;ACC(PL)	szijice
Inflect Friedrich | N;NOM(MASC,SG)	Friedrichù
Inflect przetwòrnik | N;NOM(SG)	przetwòrnik
Inflect softwëra | N;ACC(SG)	softwôrą
Inflect nac | V;PRS;3P;PL	naji
Inflect kategoriô | N;F;NOM(SG)	kategoriô
Inflect pieszô | ADJ;NOM(FEM,SG)	pieszô
Inflect pipka | N;NOM(SG)	pipka
Inflect komplét | N;ACC(SG)	kompletã
Inflect knecht | N;GEN(PL)	knechtów
Inflect 30-letni | ADJ;NOM(MASC,SG)	30letni
Inflect chałëpnik | N;NOM(PL)	Chałëpniczi
Inflect słowiański | ADJ;MASC;PL;LOC	słowiónsczich
Inflect Miemieckô | ADJ;NOM(FEM,SG)	Miemieckô
Inflect kôrbón | N;VOC(PL)	karbònie
Inflect Andrzej | N;ACC(SG)	Andrzejã
Inflect przerobnik | N;GEN(SG)	przerobnika
Inflect sławny | ADJ;NOM(FEM,SG)	sławnô
Inflect tłómaczka | N;NOM(FEM,SG)	tłómaczka
Inflect planeta | N;NOM(FEM,SG)	planeta
Inflect Latjã | N;ACC(SG)	Lacjum
Inflect Piôsznica | N;F;NOM(SG)	Piôsznica
Inflect arcybiskùpstwò | N;DAT(SG)	arcybiskùpstwa
Inflect póznobarokòwi | ADJ;NOM(MASC,SG)	póznobarokòwi
Inflect swòji | ADJ;GEN(MASC,SG)	swòjeg
Inflect Zaostałoscą | N;INS(SG,FEM)	Zaostałoscą
Inflect Metoka | N;ACC(SG)	Metochiã
Inflect zwësk | N;MASC;SG	zwësk
Inflect zwësk | N;ACC(SG)	zwëskã
Inflect ùbezpieka | V;FIN;SG;3	ùbezpieka
Inflect gardło | N;LOC;SG	gardle
Inflect nôczãscéJ | ADV	nôczãsci
Inflect òbòwiązkòwi | ADJ;NOM(MASC,SG)	òbòwiązkòwi
Inflect òbòwiązkòwi | ADJ;INS(FEM,SG)	òbòwiązkòwôm
Inflect Medal | N;ACC(SG)	Medalã
Inflect modrë | ADJ;GEN(FEM,SG)	Modrej
Inflect Kaszëba | N;DAT(PL)	Kaszëbóm
Inflect założa | N;GEN(SG)	założeniô
Inflect Jeschke | N;NOM(SG)	Jeschke
Inflect Ùstëp | N;ACC(SG)	Ùstëpã
Inflect rabòta | N;GEN(SG)	rabòty
Inflect rabòta | N;ACC(SG)	rabòtã
Inflect Pòlón | N;ACC(MASC,SG)	Pòlan
Inflect sëchi | ADJ;MASC;INST;SG	sëchim
Inflect slënik | N;NOM(FEM,SG)	slënika
Inflect rządza | N;PL	rządë
Inflect Sumerowie | N;NOM(PL)	Sumerowie
Inflect wãgòrz | N;NOM(PL)	wãgòrzi
Inflect pòkrok | N;ACC(SG,MASC)	pòkrokã
Inflect òstropùs | N;NOM(SG)	òstropùs
Inflect Dzãka | N;NOM(SG)	Dzãka
Inflect dzëcé | N;NOM(PL)	dzëcë
Inflect narodny | ADJ;NOM(FEM,SG)	Narodowa
Inflect planeta | N;GEN(PL)	planetów
Inflect planeta | N;ACC(SG)	planetą
Inflect miészëznowi | ADJ;VOC(MASC,PL)	miészëznowëch
Inflect Òkreslenié | N;NEUT;SG	òkreslenié
Inflect jachtowanié | N;GEN(SG)	jachtowaniô
Inflect germanizacëjô | N;F;ACC(SG)	germanizacëji
Inflect spidleczny | ADJ;NOM(MASC,SG)	spidleczny
Inflect Tłukawa | N;LOC;PL	Tłukawach
Inflect drogô | N;ACC(SG)	drogą
Inflect przemysłowi | ADJ;ACC(MASC,PL)	przemësłowé
Inflect miãkki | ADJ;NOM(MASC,SG)	Mekki
Inflect piemónk | N;F;NOM(PL)	piemòncczi
Inflect Neapol | N;NOM(SG)	Neapòl
Inflect starostwo | N;GEN(SG)	starostwa
Inflect starostwo | N;NOM(SG,NEUT)	starostwo
Inflect Pùtnica | N;NOM(FEM,SG)	Pùtnica
Inflect antropologia | N;NOM(SG,FEM)	antropologia
Inflect Niebiańsczi | ADJ;MASC;PSS;PL	Niebiańsczi
Inflect nadzór | N;INS(SG)	nadzorã
Inflect pòwiesc | N;GEN(PL,MASC)	pòwiesców
Inflect òrganista | N;DAT(SG)	òrganistë
Inflect SwiãtosławaSygrëda | N;LOC;SG	SwiãtosławëSygrëdë
Inflect Dwiżnik | N;NOM(SG)	Dwiżnik
Inflect żëc | V;NFIN	żeje
Inflect swiątnica | N;DAT(FEM,SG)	swiątnicë
Inflect swiątnica | N;INS(SG)	swiątnicą
Inflect Pamiãtnik | N;NOM(SG)	Pamiãtnik
Inflect grunt | N;GEN(SG)	gruńtu
Inflect Dymin | N;VOC(SG)	Dymine
Inflect Nipponkoku | N;NOM(SG)	Nipponkoku
Inflect składnik | N;GEN(SG)	składnika
Inflect składnik | N;NOM(PL)	składniki
Inflect chwila | N;GEN(SG)	chwili
Inflect chwila | N;ACC(SG)	chwilã
Inflect figura | N;NOM(SG,FEM)	figura
Inflect komputer | N;NOM(SG)	komputer
Inflect zasada | N;LOC;PL	zasadach
Inflect Lech | N;GEN(MASC,SG)	Lecha
Inflect dzecny | ADJ;GEN(PL)	dzecnëch
Inflect zaprzãg | N;ACC(MASC,SG)	zaprzig
Inflect kliniczny | ADJ;ACC(FEM,SG)	kliniczné
Inflect kwiôt | N;VOC(PL)	kwiôtë
Inflect kwiôt | N;GEN(PL)	kwiôtów
Inflect swòjizna | N;DAT(PL)	swòjiznama
Inflect swòjizna | N;GEN(SG)	swòjiznë
Inflect Bajerowo | ADJ;NOM(FEM,SG)	Bajerowô
Inflect papirus | N;LOC;PL	papirusach
Inflect papirus | N;NOM(PL)	papirusë
Inflect Pelargonijô | N;NOM(SG)	Pelargonijô
Inflect dzëwiąti | ADJ;NOM(MASC,SG)	dzëwiąti
Inflect Ceramika | N;GEN(SG)	Ceramiki
Inflect długy | ADJ;NOM(PL,MASC,INAN)	dłudżié
Inflect Nieznanô | ADJ;NOM(FEM,SG)	nieznany
Inflect objawienie | N;NOM(NEUT,SG)	objawienie
Inflect pòmësłodôwcë | N;INS(SG)	pòmësłodôwcą
Inflect òdległosc | N;GEN(FEM,SG)	òdległoscë
Inflect suum | N;ACC(SG)	suum
Inflect drëkarnia | N;DAT(SG)	drëkarnie
Inflect batug | N;GEN(PL)	batugów
Inflect zawartość | N;FEM;SG	zawartość
Inflect Gwineja | N;NOM(SG)	Gwinejô
Inflect słowo | N;INS(PL)	słowama
Inflect zmiana | N;GEN(FEM,SG)	zmianë
Inflect diapozytiwa | N;LOC;PL	diapozytiwach
Inflect zależnota | N;FEM;SG	zależnotë
Inflect ADJ | ADJ;NOM(FEM,SG)	Cenkô
Inflect niebò | N;NOM(NEUT,SG)	niebò
Inflect niebò | N;INS(SG)	niebù
Inflect Angelica | N;NOM(FEM,SG)	Angelica
Inflect turkùsowòwi | ADJ;MASC;PSSV;SG	turkùswowi
Inflect pòwiôstka | N;LOC;DAT(PL)	pòwiòstkach
Inflect pòwiôstka | N;GEN(SG)	pòwiôstczi
Inflect pòwiôstka | N;NOM(SG,FEM)	pòwiôstka
Inflect rëba | N;ACC(SG)	rëbã
Inflect rëba | N;GEN(FEM,SG)	rëbë
Inflect rëba | N;INS(FEM,SG)	rëbëjidą
Inflect rëba | N;GEN(PL)	rëbów
Inflect Jablóń | N;GEN(PL)	Jablón
Inflect Białogłowski | ADJ;INS(MASC,SG)	Białogłowsczim
Inflect Bawarskô | ADJ;NOM(FEM,SG)	Bawarskô
Inflect wrażenié | N;NOM(SG)	wrażenié
Inflect strzidniowiecze | N;GEN(SG)	strzidniowiecza
Inflect gripa | N;ACC(SG)	gripã
Inflect gripa | N;NOM(PL)	gripë
Inflect zëma | N;NOM(SG)	Zëma
Inflect zesziwek | N;LOC;PL	zesziwkach
Inflect fòtograficzny | ADJ;INS(MASC,PL)	fòtograficznyma
Inflect Zamkòsc | N;ACC(SG)	Zamkòscą
Inflect Masyw | N;GEN(SG)	Masywù
Inflect brac | V;PST;MASC;SG	Brôł
Inflect ciwilizacëjô | N;NOM(SG)	ciwilizacëjo
Inflect swòrka | N;NOM(SG)	swòrka
Inflect Bójczi | N;NOM(PL)	Bójczi
Inflect spòlëzna | N;ACC(SG)	spòlëznã
Inflect spòlëzna | N;GEN(SG)	spòlëznë
Inflect wijąg | N;ACC(MASC,SG)	wijąg
Inflect mùndura | N;ACC(SG)	mùnduru
Inflect belladonna | N;NOM(SG)	belladonna
Inflect gnostëcczi | ADJ;GEN(MASC,PL)	gnostëcczich
Inflect Temida | N;NOM(SG,FEM)	Temida
Inflect jawernotô | N;ACC(PL)	jawernotë
Inflect zacwiardzenié | N;GEN(SG)	zacwiardzeniô
Inflect Pòtãg | N;NOM(PL)	Pòtãgòwie
Inflect pòwieska | N;LOC;PL	pòwiescach
Inflect przëmiara | N;NOM(SG)	przëmiôr
Inflect Miłośnik | N;GEN(PL)	Miłośników
Inflect zrzëszenié | N;INS(SG)	zrzëszenim
Inflect aktórka | N;GEN(SG)	aktórki
Inflect bieg | N;GEN(SG)	biegu
Inflect òkò | N;VOC(PL)	Òczë
Inflect przëdłëżenié | N;ACC(SG)	przëdłëżeniã
Inflect krënica | N;NOM(FEM,SG)	Krënica
Inflect Hala | N;GEN(PL)	Halen
Inflect Band | N;NOM(SG,MASC)	Band
Inflect Brodzik | N;NOM(SG)	Brodzik
Inflect arystyczny | ADJ;MASC;SG;LOC	aristicznym
Inflect pôłplëniô | N;GEN(SG)	pôłplëńsczi
Inflect Egipt | N;NOM(SG)	Egipt
Inflect Egipt | N;GEN(SG)	Egiptu
Inflect jedlëna | N;F;NOM(SG)	jedlëna
Inflect rozdac | V;INF	rozdac
Inflect farfara | N;NOM(FEM,SG)	farfara
Inflect óchrona | N;ACC(SG,FEM)	óchroną
Inflect Wschód | N;GEN(MASC,SG)	Wschòdu
Inflect pielniczka | N;NOM(FEM,SG)	pielniczka
Inflect sojusz | N;NOM(SG)	sojusz
Inflect żarno | N;NOM(FEM,PL)	żarna
Inflect przekład | N;M3;NOM(SG)	przekład
Inflect Stróg | N;VOC(SG)	Strôgô
Inflect kopa | N;NOM(SG)	kôpa
Inflect wdolina | N;LOC;PL	wdolinach
Inflect Pismò | N;GEN(SG)	Pisma
Inflect Pismò | N;DAT(SG)	Pismie
Inflect Wizytek | N;GEN(PL)	Wizytków
Inflect wzmòcnic | V;FUT;SG;3	wzmòcnic
Inflect pòeta | N;NOM(MASC,SG)	pòeta
Inflect parafia | N;NOM(PL)	parafié
Inflect pòwstanié | N;GEN(SG)	pòwstaniégò
Inflect pòwstanié | N;GEN(SG)	pòwstaniô
Inflect mòntaż | N;DAT(FEM,SG)	mòntażë
Inflect gãstota | N;ACC(SG)	gąsto
Inflect mól | N;NOM(SG)	moul
Inflect nôczãsczi | ADV;SUP	nôczãsczi
Inflect sprat | N;GEN(PL)	sprattus
Inflect Dwaseminnô | ADJ;NOM(FEM,SG)	Dwaseminnô
Inflect pòétny | ADJ;INS(SG,MASC)	pòétnym
Inflect pòétny | ADJ;NOM(FEM,SG)	pòétné
Inflect regùla | N;NOM(PL)	Regùlach
Inflect Słupia | N;NOM(SG)	Słupia
Inflect nôùcza | N;GEN(SG)	nôùce
Inflect drobny | ADJ;INS(PL,MASC)	drobnyma
Inflect Martinique | N;NOM(SG)	Martinique
Inflect apòkryphón | N;GEN(PL)	apòkryphon
Inflect sprôwiac | V;PPP;MP;PST	sprôwióny
Inflect maraton | N;VOC(SG)	maratonë
Inflect Pòlanón | N;NOM(PL)	Pòlanie
Inflect słuchac | V;SG;3;PRS	słëchù
Inflect nadrząd | N;MASC;SG;INST	nadrząd
Inflect kòpùlacëjô | N;ACC(SG)	kòpùlacëjã
Inflect aksamentny | ADJ;NOM(MASC,SG)	aksaméntni
Inflect Bòrdôk | N;NOM(SG)	Bòrdôk
Inflect Wafel | N;NOM(PL)	Wafle
Inflect Wigga | N;F;GEN(SG)	Wigg
Inflect romanticzny | ADJ;F;ACC(SG)	romanticzną
Inflect rozwój | N;GEN(SG)	rozwiju
Inflect probòszcz | N;INS(SG)	probòszczem
Inflect probòszcz | N;ACC(SG)	probòszczã
Inflect doleczënk | N;GEN(PL)	dolaczënków
Inflect stabilny | ADJ;NOM(FEM,SG)	stabilnô
Inflect Kirkòwsczi | ADJ;VOC(MASC,SG)	Kirkòwsczi
Inflect Zëmòwi | ADJ;NOM(MASC,SG)	Zëmòwi
Inflect Gondwana | N;ACC(SG)	Gondwanë
Inflect transpòrt | N;GEN(SG)	transpòrtu
Inflect wãdzëbôcz | N;PL	wãdzëbôczi
Inflect produkcja | N;NOM(SG)	produkcja
Inflect produkcja | N;GEN(SG)	produkcji
Inflect strzédny | ADJ;GEN(PL,MASC)	strzédnych
Inflect strzédny | ADJ;INS(MASC,SG)	strzédnym
Inflect strzédny | ADJ;ACC(MASC,PL)	strzédnëch
Inflect strzédny | ADJ;NOM(FEM,SG)	strzédnô
Inflect Pruszków | N;LOC;SG	Pruszkòwie
Inflect Katrënka | N;GEN(SG)	Katrënczi
Inflect ùderzenié | N;GEN(SG)	ùderzenia
Inflect parzënka | N;F;NOM(SG)	parzënka
Inflect òkrąg | N;LOC;PL	òkrãżach
Inflect Ambrogiô | N;NOM(SG)	Ambrogiô
Inflect òpiéra | N;F;NOM(SG)	òpiérȏ
Inflect refòrma | N;GEN(SG)	refòrmacëji
Inflect apartny | ADJ;GEN;NOM(PL,MASC)	apartnych
Inflect apartny | ADJ;INS(MASC,SG)	apartnym
Inflect apartny | ADJ;NOM(FEM,SG)	apartné
Inflect apartny | ADJ;ACC(MASC,PL)	apartnëch
Inflect apartny | ADJ;NOM(FEM,SG)	apartnô
Inflect òsobnë | ADJ;GEN(PL,MASC,ANIM)	òsóbnëch
Inflect tãg | V;NFIN	tãga
Inflect zwãk | N;NOM(SG)	Zwãk
Inflect kraj | N;NOM(SG)	kraj
Inflect kraj | N;LOC;PL	krajach
Inflect szczawa | N;NOM(SG,FEM)	szczawa
Inflect dzéckò | N;VOC(SG)	dzécë
Inflect kòzeł | N;NOM(PL)	Kòzłë
Inflect Corylus | N;NOM(SG)	Corylus
Inflect prôca | N;ACC(SG)	prôcëją
Inflect strzéla | V;IMP;SG;2	strzél
Inflect przëmiónk | N;GEN(PL)	przëmiónków
Inflect stój | V;IMP;2;SG	stój
Inflect wątornik | N;NOM(SG)	wątornik
Inflect pisklę | N;GEN(PL)	piskląt
Inflect dziń | N;LOC;PL	dniach
Inflect żeberkòwòkrziżewi | ADJ;ACC(FEM,SG)	żeberkòwòkrziżewą
Inflect pomorski | ADJ;GEN(MASC,SG)	pomorskiego
Inflect Czasoprzestrzéń | N;NOM(SG)	Czasoprzestrzéń
Inflect Bambérg | N;GEN(MASC,SG)	Bambérga
Inflect prowadniczk | N;INS(FEM,SG)	prowadnikã
Inflect Magda | N;NOM(FEM,SG)	Magda
Inflect krzëkwa | N;NOM(FEM,PL)	krzëkwë
Inflect mùlka | N;NOM(FEM,SG)	mùlka
Inflect smaczk | ADJ;NOM(MASC,PL)	smaczczi
Inflect smaczk | N;F;ACC(SG)	smaczkã
Inflect winda | N;NOM(SG,FEM)	Wind
Inflect bënowa | ADJ;IND;GEN(PL,MASC)	bënowëch
Inflect Krósewò | N;NOM(SG)	Krósewò
Inflect miech | N;NOM(MASC,SG)	miech
Inflect miech | N;INS(SG)	miechã
Inflect bezpòstrzédny | ADJ;INS(MASC,PL)	bezpòstrzédnyma
Inflect pierwszi | ADJ;INS;NOM(PL,MASC)	pierwszymi
Inflect zdrzódło | N;NOM(SG)	zdrzódło
Inflect rezerwarzë | N;DAT(SG)	rezerwùarze
Inflect cëkrownictwò | N;NOM(NEUT,SG)	cëkrownictwò
Inflect krajôcz | N;NOM(FEM,PL)	krajowczi
Inflect Pùńkt | N;NOM(PL)	Pùńktë
Inflect helioskopia | N;NOM(SG)	helioscopia
Inflect Mrocza | N;NOM(SG)	Mrocza
Inflect familiô | N;DAT(SG)	familëji
Inflect aùtenticzny | ADJ;DAT(MASC,PL)	aùtenticznëch
Inflect czëda | N;ACC(FEM,SG)	czëdë
Inflect pùrcel | N;NOM(PL)	pùrcle
Inflect klôsztór | N;LOC;PL	klôsztorach
Inflect nôgłô | ADJ;ACC(FEM,SG)	nôgle
Inflect kòmùnalny | ADJ;GEN(MASC,SG)	kòmùnalnégò
Inflect gard | N;ACC(SG)	Gardu
Inflect diecezja | N;GEN(SG)	diecezëji
Inflect Vratislavia | N;NOM(SG)	Vratislavia
Inflect wieża | N;ACC(SG)	wieżã
Inflect wieża | N;INST;SG	wieżą
Inflect Flagowy | ADJ;GEN(MASC,PL)	Flagowych
Inflect równy | ADJ;NOM(SG,NEUT)	Równo
Inflect kluczowi | ADJ;GEN(MASC,PL)	kluczowich
Inflect pôrk | N;F;NOM(SG)	pôrka
Inflect torfòwiszcze | N;GEN(SG)	torfòwiszcza
Inflect maklënk | N;NOM(SG)	maklënk
Inflect brzózka | N;NOM(FEM,SG)	brzózka
Inflect brzózka | N;F;INS(PL)	brzózkama
Inflect gitara | N;GEN(PL)	gitarów
Inflect jezoro | N;NOM(SG)	jezór
Inflect jezoro | N;DAT(SG)	jezórze
Inflect epòpeja | N;GEN(FEM,SG)	epòpeje
Inflect Czerwiã | ADJ;NOM(FEM,SG)	Czerwònô
Inflect rekònstrukcëjô | N;GEN(SG)	rekònstrukcëji
Inflect Magnoliophytina | N;NOM(PL)	Magnoliophytina
Inflect słuńcë | ADJ;NOM(FEM,SG)	słuńcowô
Inflect ùwôżónié | V;NFIN;PRS	ùwôżanié
Inflect cyfra | N;GEN(PL)	cyframa
Inflect Chalcedon | N;NOM(SG)	Chalcedon
Inflect człowjék | N;DAT(SG)	człowiekù
Inflect błóna | N;GEN(SG)	błoné
Inflect rozbùdowiwac | V;INF	rozbùdowiwac
Inflect Rówizna | N;NOM(PL)	Rówiznë
Inflect ADJ | ADJ;ACC(FEM,SG)	bënową
Inflect lëczëbnota | N;NOM(PL)	lëczëbnotë
Inflect brzëch | N;NOM(MASC,SG)	brzëch
Inflect brzëch | N;GEN(SG)	brzëcha
Inflect Pelplin | N;SG	Pelplin
Inflect Pelplin | N;LOC;SG	Pelplinie
Inflect Pelplin | N;LOC;SG	Pelplënie
Inflect Kòrejani | N;NOM(PL,MASC)	Kòrejanie
Inflect sarc | N;GEN(FEM,SG)	sarka
Inflect pòtrzebny | ADJ;NOM(MASC,SG)	pòtrzebny
Inflect Chôłmżëńsczi | ADJ;INS(MASC,SG)	Chôłmżëńsczim
Inflect Wëraz | N;INS(SG)	Wërazã
Inflect semestr | N;GEN(PL)	semestrów
Inflect mnieszima | ADJ;ACC(FEM,SG)	mniészima
Inflect Solnica | N;NOM(SG)	Solnica
Inflect òkrãgłô | ADJ;NOM(FEM,SG)	òkrãgłô
Inflect teritorialny | ADJ;ACC(FEM,SG)	teritorialną
Inflect pòlskòruskô | ADJ;ACC(FEM,PL)	pòlskòrusczé
Inflect pòlskòruskô | ADJ;NOM(FEM,SG)	pòlskòruskô
Inflect Melanitta | N;F;NOM(SG)	Melanitta
Inflect pòréncznychćk | ADJ;NOM(FEM,SG)	pòréncznô
Inflect rozrastać | V;NFIN	rozrastac
Inflect Swiãtopôłk | N;INST;SG	Swiãtopôłkiem
Inflect Frãcëszk | N;NOM(MASC,SG)	Frãcëszk
Inflect kòrzeń | N;GEN(SG)	kòrzénia
Inflect òperacjô | N;DAT(SG)	òperacje
Inflect strzednica | N;NOM(PL)	strzednicë
Inflect ùdzél | N;GEN(SG)	ùdzélu
Inflect ùcznik | N;DAT(SG)	ùczniém
Inflect paczka | N;NOM(PL)	paczczi
Inflect grzëmòta | N;MASC;INTS;SG	grzëmòt
Inflect òbzérac | V;INF	òbzérac
Inflect przedsãbiérca | N;ACC(SG)	przedsãbiércã
Inflect dodôwkòwi | ADJ;NOM(PL,MASC)	dodôwkòwé
Inflect kłopòt | N;NOM(SG)	kłopòt
Inflect bëła | V;PRS;3;SG	bęła
Inflect Tatczëzna | N;NOM(SG)	Tatczëzna
Inflect Tatczëzna | N;DAT(SG)	Tatczëznie
Inflect òwca | N;NOM(PL)	Òwczi
Inflect ksążëczi | N;GEN(PL)	ksążëczich
Inflect stoleczny | ADJ;INS(MASC,SG)	stolecznym
Inflect Kartësczi | ADJ;NOM(MASC,PL)	Kartësczi
Inflect skansen | N;NOM(SG)	skansen
Inflect ùrozmaicëc | V;INF	ùrozmaicëc
Inflect szczëtk | N;NOM(PL)	szczëczi
Inflect Gdôńsk | N;NOM(SG,MASC)	Gdôńsk
Inflect osobliwi | ADJ;NOM(MASC,SG)	osobliwe
Inflect znôwu | ADV	znôwu
Inflect Kòszôłka | N;NOM(FEM,SG)	Kòszôłka
Inflect problem | N;NOM(SG)	problem
Inflect problem | N;INS(PL)	problemama
Inflect bëc | V;PST;3;PL	bëłë
Inflect filologiô | N;ACC(SG)	filologiã
Inflect lata | N;LOC;PL	lôtach
Inflect przënôleżny | ADJ;VOC(MASC,SG)	przënôleżnëch
Inflect mètra | N;GEN(FEM,SG)	métra
Inflect gromowka | N;ACC(SG)	gromówkã
Inflect nôtëralni | ADJ;NOM(FEM,SG)	nôtëralno
Inflect Drobnokwiatowi | N;DAT(SG,MASC)	Drobnokwiatowi
Inflect Szefka | N;NOM(FEM,SG)	Szefka
Inflect pedel | N;GEN(MASC,PL)	pedalów
Inflect nôród | N;NOM(MASC,SG)	nôrod
Inflect artystyczny | ADJ;INS(MASC,SG)	artystycznym
Inflect dopasowóny | ADJ;NOM(FEM,SG)	dopasowónô
Inflect Jakùbòwskô | ADJ;NOM(FEM,SG)	Jakùbòwskô
Inflect amatorsczi | ADJ;INS(MASC,SG)	amatorsczim
Inflect rozegracëjô | N;DAT(SG)	rozegracëje
Inflect namòwa | N;ACC(SG)	namòwą
Inflect szlabizogram | N;GEN(PL)	szlabizogramów
Inflect binô | N;ACC(SG,FEM)	binã
Inflect Rezerwat | N;NOM(SG)	Rezerwat
Inflect dzëba | N;NOM(MASC,SG)	dzëb
Inflect przëbòczëwiôk | N;NOM(SG,MASC)	przëbócziwô
Inflect błona | N;GEN(FEM,SG)	błonë
Inflect nôród | N;NOM(MASC,SG)	nôrôd
Inflect przëpòminac | V;INF	przëpòminac
Inflect kòmitétò | N;DAT(SG)	kòmitet
Inflect bilet | N;M3;NOM(SG)	bilet
Inflect bilet | N;VOC(PL)	bilietë
Inflect pnąc | V;NFIN	pnąc
Inflect Serbiô | N;NOM(SG,FEM)	Serbiô
Inflect kòronacëjô | N;GEN(SG)	kòronacjë
Inflect karczma | N;NOM(SG)	karczma
Inflect karczma | N;GEN(SG)	karczmë
Inflect patrijarchat | N;NOM(SG)	patrijarchat
Inflect róg | N;M3;GEN(SG)	rogù
Inflect czerënk | N;LOC;PL	czerënkach
Inflect czerënk | N;GEN(PL)	czerënków
Inflect debiut | N;NOM(SG)	debiut
Inflect pòdrodzëzna | N;GEN(SG)	pòdrodzëznë
Inflect zdrzódł | N;GEN(PL)	zdrzódłów
Inflect côrozkã | N;ACC(SG)	côrozkã
Inflect kùrz | N;LOC;SG	kùrze
Inflect spiéwónka | N;DAT(PL)	spiéwónkòm
Inflect gwiżdżać | V;IMP;PF	gwiżdż
Inflect Kowalski | N;NOM(SG,MASC)	Kowalski
Inflect Mozart | N;NOM(SG)	Mozart
Inflect Mozart | N;GEN(SG,MASC)	Mozarta
Inflect zwãk | N;NOM(PL)	zwãczi
Inflect zwãk | N;NOM(MASC,SG)	zwãk
Inflect zwãk | N;INST;PL	zwãkama
Inflect Napôd | N;NOM(SG)	Napôd
Inflect Arab | N;NOM(PL)	Arabowie
Inflect òdkòpac | V;PFV;TR;INF	òdkòpac
Inflect wôżnoce | N;ACC(PL)	wôżnoce
Inflect imperium | N;NOM(SG,NEUT)	imperium
Inflect Pòlôszka | N;GEN(FEM,SG)	Pòlaszczi
Inflect chójka | N;NOM(SG)	chójka
Inflect chójka | N;ACC(SG)	chójkã
Inflect wëzwëskanié | N;INS(SG)	wëzwëskaniém
Inflect pisc | V;NFIN	pisa
Inflect Pòmòrzan | N;GEN(PL)	Pòmòrzanów
Inflect brómk | N;GEN(PL)	brómków
Inflect pòwierzchnia | N;ACC(SG)	pòwierzchniã
Inflect Potem | ADV	Potemu
Inflect chër | N;INS(SG,FEM)	chërą
Inflect Wëcygnąc | V;NONFIN;IMPV	Wëcygni
Inflect wòjewództwo | N;NOM(PL)	wòjewództwa
Inflect łużickô | ADJ;NOM(FEM,SG)	łużickô
Inflect zjëc | V;NFIN	zjôdô
Inflect pòmalë | ADV	pòmalë
Inflect pas | N;INS(SG,MASC)	pasem
Inflect Italy | N;DAT(SG,FEM)	Italji
Inflect jinicjatiwa | N;GEN(SG)	jinicjatiwë
Inflect lëdze | N;LOC;PL	lëdzach
Inflect hipòteza | N;NOM(SG)	hipòteza
Inflect wësziwk | N;ACC(SG)	wësziwk
Inflect wësziwk | N;GEN(SG)	wësziwkù
Inflect liturgia | N;ACC(SG)	liturgią
Inflect zaczarowac | V;NFIN	zaczarowóé
Inflect lubòta | N;ACC(PL)	lubòtë
Inflect Kawa | N;NOM(FEM,SG)	Kawa
Inflect kònferencjô | N;GEN(PL)	kònferencjów
Inflect Òstrzëce | N;F;NOM(PL)	Òstrzëce
Inflect wies | N;GEN(SG)	wsowi
Inflect Swina | N;F;NOM(SG)	Swiniô
Inflect laùreatka | N;ACC(FEM,SG)	laùreatką
Inflect klasiczny | ADJ;NOM(FEM,SG)	Klasicznô
Inflect Friderik | N;NOM(SG,MASC)	Friderik
Inflect Friderik | N;DAT(SG,MASC)	Friderikòwi
Inflect nowy | ADJ;NOM(SG,MASC)	nowy
Inflect Dërgnienié | N;NOM(SG)	Dërgnienié
Inflect zdanim | N;INS(SG)	zdanim
Inflect Wòlny | ADJ;NOM(MASC,SG)	Wòlny
Inflect krajińsczi | ADJ;INS(MASC,SG)	krajińsczim
Inflect krajińsczi | ADJ;VOC(MASC,SG)	krajińsczé
Inflect cywilizacëjô | N;GEN(SG)	cywilizacji
Inflect cywilizacëjô | N;GEN(PL)	cywilizacëjów
Inflect Krakòw | N;GEN(SG)	Krakòwa
Inflect sąsiedztwo | N;GEN(SG)	sąsedztwa
Inflect sąsiedztwo | N;LOC;SG;NEUT	sąsedztwie
Inflect frantówka | N;ACC(SG)	frantówkã
Inflect frantówka | N;GEN(PL)	frantówków
Inflect wòżenié | N;GEN(SG)	wòżeniô
Inflect pierwiastk | N	pierwiôstk
Inflect pierwoszno | ADJ;NOM(FEM,SG)	pierwoszno
Inflect stark | N;ACC(MASC,SG)	starkù
Inflect Łeba | N;ACC(SG)	Łebą
Inflect kòscelny | ADJ;NOM(MASC,SG)	kòscelny
Inflect kòscelny | ADJ;FEM;SG	kòscelné
Inflect kòscelny | ADJ;NOM(FEM,SG)	kòscelnô
Inflect cëchi | ADJ;NOM(MASC,SG)	tich
Inflect czapla | N;NOM(SG)	czapla
Inflect dzeło | N;GEN(PL)	dzełów
Inflect Kruzowi | ADJ;NOM(FEM,SG)	Kruzowatô
Inflect smiertelny | ADJ;DAT(MASC,PL)	smiertelnych
Inflect Władisłôw | N;NOM(SG)	Władisłôw
Inflect Sama | ADJ;NOM(FEM,SG)	Sama
Inflect pòkrocznómëch | ADJ;GEN(MASC,PL)	pòkrocznëch
Inflect Pòmórka | N;DIM;VOC(SG)	Pòmòrzkù
Inflect zdarzenie | N;GEN(PL)	zdarzeniów
Inflect Pòlanów | N;GEN(PL)	Pòlanów
Inflect Biebrza | N;INST;SG	Biebrzą
Inflect zbòżé | N;ACC(SG)	zbòżô
Inflect dôsc | ADV	Dosc
Inflect teleskop | N;GEN(SG)	teleskòpù
Inflect kòralowô | ADJ;NOM(FEM,SG)	kòralowô
Inflect dzëdzón | N;NOM(SG)	dzëdzón
Inflect Strasburg | N;NOM(SG)	Strasburg
Inflect Strasburg | N;GEN(MASC,SG)	Strasburgu
Inflect pasterz | N;DAT(SG)	pasturze
Inflect pisklã | N;ACC(SG)	pisklã
Inflect wënëkańc | V;INF	wënëkańcã
Inflect zabùdowa | N;ACC(SG)	zabùdowã
Inflect kaléndarz | N;NOM(SG)	Kalendarz
Inflect òbrôz | N;DAT(SG)	òbrôzã
Inflect òbrôz | N;GEN(PL)	òbrôzów
Inflect nôbòżéństwò | N;GEN(SG)	nôbòżéństwa
Inflect wspòmòżycél | N;GEN(PL)	wspòmòżycelów
Inflect wësłôw | V;IMP;PL;FUT	wësłôwów
Inflect rëszny | ADJ;GEN(PL,MASC)	rësznych
Inflect fòtografija | N;GEN(SG)	fòtografii
Inflect fòtografija | N;INS(PL)	fòtografijama
Inflect fòtografija | N;GEN(SG)	fòtografiji
Inflect adlãdzëc | V;NFIN	adlãdzëc
Inflect òbłôk | N;M3;NOM(SG)	òbłôk
Inflect Harmonia | N;NOM(SG)	Harmonia
Inflect niechęć | N;NOM(SG)	niechęc
Inflect òbrócëc | V;INF	òbrócëc
Inflect węgierski | ADJ;NOM(FEM,SG)	węgierskô
Inflect peplón | N;ACC(MASC,SG)	peplón
Inflect Skarszewë | N;NOM(PL)	Skarszewë
Inflect imię | N;NOM(SG)	imię
Inflect klôsztór | N;GEN(SG)	klôsztoru
Inflect klôsztór | N;PL	klôsztorë
Inflect klôsztór | N;NOM(SG)	klôsztór
Inflect klôsztór | N;NOM(SG,MASC)	klôsztôr
Inflect òstróm | N;GEN(FEM,SG)	òstrowa
Inflect gromada | N;NOM(SG,FEM)	gromada
Inflect gromada | N;INS(PL)	gromadama
Inflect gromada | N;ACC(SG)	gromadë
Inflect gromada | N;GEN(PL)	gromadów
Inflect rôdzëc | V;NFIN	rôdze
Inflect Kòscół | N;NOM(SG)	Kòscół
Inflect Szparąg | N;NOM(SG,MASC)	Szparaga
Inflect Astrònomiczny | ADJ;INS(MASC,SG)	Astronomicznym
Inflect fùnksnérowanié | N;LOC;SG	fùnksnérowaniu
Inflect Niemcama | N;DAT(PL,MASC)	Niemcama
Inflect skala | N;ACC(SG)	skalë
Inflect łączenie | N;LOC;PL	łączeniach
Inflect grób | N;M3;NOM(SG)	grób
Inflect Niemiec | N;ACC(PL)	Miemców
Inflect saxofonista | N;NOM(SG)	saxofonista
Inflect znôw | ADV	znôw
Inflect pôłniowòamerikańsczi | ADJ;VOC(MASC,SG)	pôłniowòamerikańsczi
Inflect stacja | N;LOC;PL	stancjach
Inflect stacja | N;VOC(SG)	stancje
Inflect zrzeszony | ADJ;MASC;PL;LOC	zrzeszonych
Inflect litr | N;GEN(PL)	litrów
Inflect receptor | N;GEN(PL)	receptorów
Inflect ùwaga | N;GEN(SG)	ùwadzi
Inflect ùwaga | N;GEN(SG)	ùwadżi
Inflect spisac | V;PST;M;SG	spisôł
Inflect Kolorado | N;NOM(SG)	Kolorado
Inflect jinšy | ADJ;NOM(MASC,PL)	Inszi
Inflect dalszi | ADJ;NOM(FEM,SG)	dalszô
Inflect Gama | N;GEN(PL)	Gams
Inflect trzebic | V;INF	trzebic
Inflect bòcënk | N;DAT(MASC,SG)	bòcónk
Inflect Czerwona | ADJ;NOM(FEM,SG)	Czerwona
Inflect twardi | ADJ;NOM(MASC,SG)	twardi
Inflect twardi | ADJ;NOM(FEM,SG)	twardé
Inflect rut | N;F;INS(SG)	rutą
Inflect móc | V;1;PL;PRS	mómë
Inflect gnôt | N;NOM(PL)	gnôtë
Inflect gnôt | N;GEN(PL)	gnôtów
Inflect kònwent | N;NOM(SG)	kònweńt
Inflect dzejnôta | N;NOM(SG)	dzejnotë
Inflect kwitná | V;IMP;3;PL	kwitną
Inflect Wejmar | N;LOC;SG	Weimarze
Inflect knòp | N;GEN(PL)	knòpów
Inflect islandzczi | ADJ;NOM(MASC,SG)	islandzczi
Inflect tołmaczony | ADJ;NOM(PL,MASC)	tołmaczoné
Inflect spòsobiôrz | N;NOM(PL)	spòsobiôrzë
Inflect kònserwatiwny | ADJ;ACC(FEM,PL)	kònserwatiwné
Inflect Dzërzgóń | N;NOM(SG)	Dzërzgóń
Inflect seksja | N;ACC(SG)	sekcjã
Inflect romanticzni | ADJ;NOM(FEM,SG)	romanticznô
Inflect Kukówczëzna | N;NOM(SG)	Kukówczëzna
Inflect ùdowierzenie | N;GEN(SG)	ùdowierzenia
Inflect gòticczi | ADJ;ACC(FEM,PL)	gòticczé
Inflect ekòniczny | ADJ;NOM(FEM,SG)	ekònomicznô
Inflect Sprawiedlëwòtë | N;GEN(FEM,SG)	Sprawiedlëwòtë
Inflect kapsa | N;LOC;PL	kapsëdach
Inflect Wërôbiôc | V;IPFV;IND;NFIN	Wërôbiają
Inflect ùznanie | N;GEN(SG)	ùznania
Inflect Przemysław | N;GEN(MASC,PL)	Przemyslidów
Inflect czãdzëc | V;NFIN;INF	cządã
Inflect zychrowëjący | V;VPRES;NFIN	zychrowùjącé
Inflect Cél | N;ACC(SG)	Célã
Inflect łb | N;LOC;SG	łbie
Inflect Éùropejsczi | ADJ;NOM(MASC,SG)	Éùropejsczi
Inflect stôrożëtnô | ADJ;INS(MASC,SG)	sttôrożëtnim
Inflect przërównac | V;INF	przërównac
Inflect Zgromadzenié | N;GEN(SG)	Zgromadzeniô
Inflect reklama | N;LOC;SG	reklamie
Inflect reklama | N;ACC(SG)	reklamë
Inflect Romana | N;GEN(FEM,SG)	Romana
Inflect złożony | ADJ;NOM(MASC,SG)	złożony
Inflect krepel | N;NOM(PL)	kreple
Inflect dzelnica | N;ACC(SG)	dzelnicã
Inflect wdôra | N;ACC(SG)	Wdôr
Inflect Wisełka | N;GEN(PL)	Wisełczi
Inflect spiéwanié | N;NOM(NEUT,SG)	spiéwanié
Inflect bùrbòńsczi | ADJ;MASC;PL;LOC	bùrbòńsczich
Inflect gbùr | N;GEN(MASC,PL)	gbùrów
Inflect ùbòdzëk | ADJ;GEN(PL,MASC,ANIM)	ùbòdżich
Inflect sroka | N;GEN(SG)	sroczi
Inflect Eurpejsczi | ADJ;GEN(MASC,SG)	Eurpejsczégò
Inflect Krziżók | N;GEN(PL)	Krziżôków
Inflect Wësztôłcenié | N;NOM(SG)	Wësztôłcenié
Inflect lës | N;VOC(SG)	lësë
Inflect pedagògiczny | ADJ;NOM(MASC,SG)	pedagògiczny
Inflect tancôrz | N;GEN(PL)	tancôrzów
Inflect sztãpel | N;ACC(MASC,SG)	sztãpòr
Inflect petarda | N;GEN(PL)	petardów
Inflect reprezentant | N;NOM(MASC,SG)	reprezentant
Inflect reprezentant | N;INS(PL)	reprezentantama
Inflect mòck | ADJ;ACC(FEM,SG)	mòckò
Inflect wórtnotô | N;DAT(PL)	wôrtnotë
Inflect pòtómk | N;NOM(SG)	pòtómk
Inflect stołc | N;GEN(PL,MASC)	stolemów
Inflect fabólny | ADJ;NOM(MASC,SG)	fabùlarny
Inflect wòlnotë | N;ACC(SG)	wòlnotã
Inflect Zabrze | N;NOM(SG)	Zabrze
Inflect roscëznowac | V;NFIN	roscëznowé
Inflect królewsczi | ADJ;VOC(MASC,SG)	królewsczi
Inflect królewsczi | ADJ;INS(MASC,SG)	królewsczim
Inflect kąpiela | N;PL	kąpielé
Inflect słowiańsczi | ADJ;NOM(MASC,SG)	słowiańsczi
Inflect sportowy | ADJ;GEN(PL,MASC)	sportowych
Inflect Edinbùrg | N;GEN(SG)	Edinbùrgù
Inflect zwëk | N;NOM(PL)	zwëczi
Inflect Hawaje | N;LOC;PL	Hawajach
Inflect eliminacja | N;GEN(SG)	eliminacji
Inflect kaszëbskôsc | N;GEN(PL)	kaszëbskòscë
Inflect Nowozelandzczi | ADJ;NOM(MASC,PL)	Nowozelandzczi
Inflect szëm | N;ACC(SG)	szëmi
Inflect szëm | N;GEN(PL)	szëmów
Inflect porzeczka | N;NOM(SG)	porzeczka
Inflect sredni | ADV	srednio
Inflect pùblicistika | N;GEN(SG)	pùblicysticzi
Inflect matematyka | N;GEN(SG)	matematyki
Inflect dzëckò | N;NOM(NEUT,SG)	dzëckò
Inflect żniwa | N;F;NOM(SG)	żnija
Inflect żniwa | N;ACC(SG)	żnijã
Inflect samim | ADJ;F;INS(SG)	samima
Inflect Nowô | ADJ;NOM(FEM,SG)	nowô
Inflect Wydawnictwo | N;NOM(SG,NEUT)	Wydawnictwo
Inflect Salza | N;NOM(FEM,SG)	Salza
Inflect Wiszónk | N;NOM(MASC,SG)	Wiszónk
Inflect grańca | N;F;NOM(SG)	Grańczë
Inflect dać | V;3;PL;PRS	dają
Inflect pòl | N;ACC(SG)	pôla
Inflect Czëpnica | N;F;NOM(SG)	Czëpnica
Inflect kòralowc | N;VOC(SG)	kòralowca
Inflect katedra | N;FEM;SG;LOC	katédrze
Inflect nalézec | V;PST;1;PL	nalézemë
Inflect kòrëtk | N;DAT(SG)	kòrëtkù
Inflect zjéżdżalniô | N;FEM;SG	zjéżdżalniô
Inflect ùdbón | N;GEN(PL)	ùdbóny
Inflect bòcëna | N;NOM(PL)	bòczi
Inflect wielelatno | ADJ;NOM(FEM,SG)	wielelatnô
Inflect cekawò | ADJ;NOM(FEM,SG)	cekawô
Inflect miła | N;ACC(SG)	milą
Inflect ôrt | N;LOC;PL	ôrtach
Inflect Widła | N;NOM(PL)	Widłë
Inflect gips | N;GEN(SG)	gipsu
Inflect Nënka | N;NOM(SG,FEM)	Nënka
Inflect wëprowadzac | V;PST;3;PL	wëprowôdzelë
Inflect Młodość | N;NOM(SG)	Młodość
Inflect pòl | N;ACC(SG)	pòlach
Inflect pjerszi | ADJ;NOM(MASC,SG)	Pierwszi
Inflect malbrónka | N;NOM(FEM,SG)	malbrónka
Inflect wielgòsc | N;GEN(FEM,SG)	wielgòscë
Inflect wałac | V;NFIN	wała
Inflect mir | N;GEN(SG)	miru
Inflect wëdostac | V;NFIN	wëdostónie
Inflect cãżôrc | N;NOM(SG,MASC)	cãżôr
Inflect płëta | N;GEN(PL)	płitow
Inflect sztrãd | N;ACC(MASC,PL)	sztrãd
Inflect zbòżé | N;NOM(SG)	zbòże
Inflect Zelna | ADJ;ACC(FEM,SG)	Zelną
Inflect Przëczëna | N;ACC(SG)	Przëczëną
Inflect Zbôwca | N;INS(MASC,SG)	Zbôwcą
Inflect fìzëcznô | ADJ;ACC(FEM,SG)	fizyczną
Inflect Dmùchawa | N;NOM(FEM,SG)	Dmùchawa
Inflect sëty | ADJ;NOM(MASC,SG)	sativus
Inflect Ryszard | N;NOM(MASC,SG)	Ryszard
Inflect Godescalc | N;NOM(MASC,SG)	Godescalco
Inflect cénka | ADJ;ACC(FEM,SG)	cenką
Inflect dimorfizm | N;GEN(SG)	dimorfizmu
Inflect dzecné | ADJ;ACC(FEM,SG)	dzecné
Inflect żaba | N;NOM(FEM,PL)	żabë
Inflect bùlewnô | ADJ;NOM(FEM,SG)	bùlewnô
Inflect Zawòłanié | V;NFIN	Zawòłanié
Inflect książka | N;INS(PL)	ksążkami
Inflect Kamień | N;NOM(SG)	Kamień
Inflect Zrzësz | V;IMP;2;SG	Zrzësz
Inflect pòkôz | V;IMP;SG;2	pòkôz
Inflect dobrô | ADJ;NOM(FEM,SG)	Dobrô
Inflect głod | N;GEN(SG)	głodu
Inflect Złote | ADJ;INS(MASC,SG)	Złotym
Inflect zajëmnic | N;DAT(FEM,SG)	zajëmniãti
Inflect stëmiannik | N;GEN(SG)	stëmiannika
Inflect Łajming | N;DAT(SG)	Łajming
Inflect czas | N;LOC;PL	czasach
Inflect czas | N;LOC;SG;M3	czase
Inflect czas | N;INS(SG)	czasem
Inflect czas | N;GEN(SG)	czasu
Inflect czas | N;INS(SG)	czasã
Inflect czas | N;GEN(SG,MASC)	czasë
Inflect czas | N;GEN(PL)	czasòw
Inflect czas | N;GEN(PL)	czasów
Inflect czas | N;GEN(SG)	czasù
Inflect gard | N;LOC;PL	gardach
Inflect gard | N;INST;PL;F	gardami
Inflect òdnowienié | N;NEUT;SG	òdnowienié
Inflect òdnowienié | N;INS(SG)	òdnowieniém
Inflect stwierdzenié | N;NOM(NEUT,SG)	stwierdzenié
Inflect bezpiecznô | ADJ;FEM;SG	bezpieczny
Inflect roslëna | N;NOM(PL)	roslënë
Inflect przedstawionô | ADJ;NOM(FEM,SG)	przedstawionô
Inflect miesączny | ADJ;NOM(FEM,SG)	miesãcznô
Inflect wikôr | N;INS(SG)	wikarym
Inflect pôcôrz | N;GEN(SG)	pôcérza
Inflect Norman | N;NOM(SG)	Norman
Inflect pani | N;NOM(FEM,SG)	pani
Inflect pani | N;ACC(SG)	panią
Inflect parmiéń | N;NOM(MASC,SG)	parmiéń
Inflect Lipiec | N;NOM(SG)	Lipiec
Inflect Filomata | N;GEN(PL)	Filomatów
Inflect òbkrãcenié | N;GEN(SG)	òbkrãceniô
Inflect Serbò | N;LOC;SG;MASC	Serbie
Inflect pòczątek | N;GEN(PL)	pòczątków
Inflect kwitnąć | V;3;PL;PRS	Zakwitają
Inflect Gód | N;NOM(PL)	Gòdë
Inflect néżka | N;GEN(SG)	néżczi
Inflect cygnienié | N;GEN(PL)	cygniéń
Inflect doba | N;NOM(SG)	doba
Inflect synecznik | N;GEN(SG)	synecznika
Inflect jednym | ADV	jedniegò
Inflect zôpis | N;GEN(PL,MASC)	zôpisów
Inflect Cëkrzany | N;NOM(PL)	Cëkrzany
Inflect żyda | N;GEN(PL)	Żëdów
Inflect gòspòdarka | N;GEN(SG)	gòspòdarczi
Inflect Òficjalny | ADJ;NOM(FEM,SG)	Òficjalno
Inflect nudla | N;NOM(PL)	Nudle
Inflect wëdzélowanié | N;LOC;SG	wëdzéliwaniu
Inflect pniu | N;GEN(PL)	pniu
Inflect doktórski | ADJ;ACC(FEM,SG)	dochtórską
Inflect państwo | N;ACC(SG)	panstwã
Inflect Solankòwy | ADJ;NOM(MASC,SG)	Solankòwy
Inflect sztof | N;ACC(MASC,SG)	sztofù
Inflect Ossolineum | N;NOM(SG)	Ossolineum
Inflect kòlina | N;GEN(PL)	kòlón
Inflect wieleletni | ADJ;GEN(MASC,PL)	wielelatnëch
Inflect zlodzej | N;DAT(PL)	zlodzenim
Inflect òpòwiesc | N;DAT(PL)	òpòwiescach
Inflect òpòwiesc | N;GEN(PL,MASC)	òpòwiesców
Inflect Opatrzność | N;GEN(SG)	Opatrzności
Inflect małi | ADJ;NOM(FEM,SG)	mała
Inflect kłoc | N;NOM(SG)	kłocô
Inflect nieùchronni | ADV	nieùchronnie
Inflect biologiczny | ADJ;MASC;PSS;SG	biologiczny
Inflect Mrzeża | N;NOM(SG)	Mrzeża
Inflect ùrodzny | ADJ;NOM(MASC,SG)	ùrodzony
Inflect stãżenie | N;NT;NOM(SG)	stãżenie
Inflect òrganméster | N;GEN(PL)	òrganmésterów
Inflect mieszczanin | N;M1;NOM(SG)	mieszczanin
Inflect mòda | N;GEN(FEM,SG)	Myodes
Inflect toaletny | ADJ;GEN(MASC,PL)	toaletnëch
Inflect jògòda | N;NOM(SG)	jagòda
Inflect lëtrzëzna | N;NOM(SG)	lëtrzëzna
Inflect obrzędowy | ADJ;NOM(MASC,SG)	obrzędowy
Inflect grafa | N;GEN(FEM,SG)	grafa
Inflect abdikacjô | N;ACC(SG)	abdikacjã
Inflect Anatolijskô | ADJ;NOM(FEM,SG)	Anatolijskô
Inflect pòzwać | V;NFIN	pòzwie
Inflect zdrój | N;NOM(SG)	zdrój
Inflect anima | N;NOM(SG)	anima
Inflect Naugard | N;NOM(FEM,SG)	Naugard
Inflect archiwùm | N;NOM(SG)	Archiwum
Inflect aùtor | N;ACC(SG)	aùtorã
Inflect aùtor | N;GEN(MASC,PL)	aùtorów
Inflect półenklawa | N;LOC;PL	półenklawach
Inflect stôri | ADJ;NOM(MASC,SG)	stôri
Inflect stôri | ADJ;ACC(MASC,SG)	stôrich
Inflect stôri | N;GEN(PL,MASC)	stôrima
Inflect mlék | N;GEN(SG)	mléka
Inflect część | N;GEN(SG)	części
Inflect bòczny | ADJ;F;ACC(SG)	bòczną
Inflect ùsadły | V;PST;PFV;NDEC	ùsadłi
Inflect smôrzcz | N;NOM(SG)	smôrzcz
Inflect mòdifikacëjô | N;ACC(SG)	mòdifikacjã
Inflect JANIOŁ | N;GEN(PL)	JANIOŁÓW
Inflect Obstfelderpreis | N;NOM(SG)	Obstfelderpreis
Inflect tonã | V;NFIN	tonã
Inflect zgoda | N;ACC(SG)	zgódno
Inflect gòłąbkòwati | ADJ;GEN(PL,ANIM)	gòłąbkòwatëch
Inflect Pòpiélcowi | ADJ;ACC(FEM,SG)	Pòpiélcową
Inflect lëdo | N;LOC;PL	lëdach
Inflect ksztôłt | N;NOM(SG)	ksztôłt
Inflect architektoniczny | ADJ;INS(MASC,SG)	architektonicznym
Inflect òchróna | N;ACC(SG)	òchronã
Inflect òchróna | N;GEN(SG)	òchronë
Inflect bòcónkòwnô | ADJ;M;INS(PL)	bòcónkòwatëch
Inflect kôłtun | N;GEN(PL)	kôłtunów
Inflect pòtkac | V;INF	pòtkac
Inflect ùrząd | N;M3;NOM(SG)	ùrzãd
Inflect Pùsznica | N;NOM(FEM,SG)	Pùsznica
Inflect religijô | N;LOC;PL	religijach
Inflect Lesnô | ADJ;NOM(FEM,SG)	Lesnô
Inflect akr | N;NOM(SG)	acre
Inflect pragnionczka | N;ACC(SG)	pragniączkã
Inflect rozwietwionô | ADJ;NOM(FEM,SG)	rozwietwionô
Inflect wiodrowi | ADJ;GEN(MASC,PL)	wiodrowëch
Inflect Ceplëzna | N;F;NOM(SG)	ceplëzna
Inflect kòrzéń | N;GEN(PL)	kòrzeniów
Inflect krëpi | N;GEN(PL)	krëpów
Inflect przenieść | V;INF	przeniesc
Inflect spiôwbasowô | ADJ;NOM(FEM,SG)	spiôwbasowô
Inflect rotméster | N;NOM(MASC,SG)	rotméster
Inflect ksiãzctwò | N;GEN(SG)	ksiãstwa
Inflect préklowaty | ADJ;NOM(FEM,SG)	préklowaté
Inflect Pòdzél | V;IMP;2;SG	Pòdzél
Inflect Zéńdzenia | N;NOM(PL)	Zéńdzenia
Inflect krzach | N;NOM(MASC,SG)	krzach
Inflect Wiôldżi | ADJ;INS(MASC,SG)	Wiôldżim
Inflect Prazdroj | N;ACC(SG)	Prazdroj
Inflect szpôs | N;NOM(SG)	szpôs
Inflect szpôs | N;GEN(SG)	szpôsu
Inflect Zamykań | V;NFIN	Zamikają
Inflect Erik | N;NOM(SG)	Erik
Inflect stereòtypowi | ADJ;ACC(MASC,PL)	stereòtypòwych
Inflect sprawa | N;F;NOM(SG)	sprawa
Inflect sprawa | N;LOC;PL	sprawach
Inflect kùńsztôrz | N;NOM(MASC,SG)	kùńsztôrz
Inflect chòtoba | N;DAT(PL)	chòtobóm
Inflect cëster | N;GEN(PL)	cëstersów
Inflect grzëb | N;NOM(PL)	grzëbë
Inflect grzëb | N;GEN(PL)	grzëbów
Inflect Nôslédny | ADJ;NOM(FEM,SG)	Nôslédné
Inflect bezładny | ADJ;NOM(PL,MASC)	bezładné
Inflect Baronessa | N;NOM(FEM,SG)	Baronessa
Inflect rabusznik | N;INS(PL,MASC)	rabusznikama
Inflect Ptôk | N;NOM(PL)	Ptóczi
Inflect skrzëpicã | N;ACC(FEM,SG)	skrzëpice
Inflect rozwijać | V;IMP;INF	rozwijac
Inflect Badérowania | N;GEN(SG)	Badérowania
Inflect wětew | N;GEN(SG)	wietwi
Inflect kilo | N;ACC(SG)	kilo
Inflect czãscowi | ADJ;GEN(FEM,SG)	czãsciowej
Inflect gminny | ADJ;GEN(MASC,SG)	gminnégò
Inflect wëprawa | N;GEN(SG)	wëprawë
Inflect kòrbôcz | N;NOM(SG)	kòrbôcz
Inflect bëc | V;NFIN	bëté
Inflect Strzédny | ADJ;NOM(MASC,SG)	Strzédny
Inflect Strzédny | ADJ;NOM(FEM,SG)	Strzédnô
Inflect szarë | ADJ;ACC(FEM,SG)	szarą
Inflect protektorat | N;INS(SG)	protektoratã
Inflect rãb | V;NFIN	rëmie
Inflect Amerika | N;NOM(SG)	Amerika
Inflect Afrika | N;GEN(SG)	Afriki
Inflect Afrika | N;ACC(SG)	Afrikã
Inflect wënëkac | V;INF	wënëkac
Inflect górsczi | ADJ;NOM(MASC,SG)	górsczi
Inflect górsczi | ADJ;ACC(MASC,PL)	górsczich
Inflect górsczi | ADJ;PSS;M;SG	górsczé
Inflect sygnał | N;NOM(PL)	sygnalë
Inflect zgnojony | ADJ;INS(MASC,SG)	zgnojonym
Inflect cepłokrëwny | ADJ;GEN(PL,MASC,ANIM)	cepłokrëwianëch
Inflect pòprôwianié | N;GEN(SG)	pòprôwianiô
Inflect Biblëjô | N;ACC(SG)	Biblëjã
Inflect wprowadzenié | N;NOM(SG,NEUT)	wprowadzenié
Inflect jediny | ADJ;M;NOM(SG)	jediné
Inflect jediny | ADJ;GEN(MASC,SG)	jedinégò
Inflect Apòkrifa | N;NOM(SG)	Apòkrifë
Inflect wentilaczi | N;VOC(PL)	wentili
Inflect łacyńsczi | ADJ;VOC(MASC,SG)	łacyńsczi
Inflect sclava | N;MASC;SG	sclavus
Inflect ksążka | N;ACC(SG)	ksążkã
Inflect dobëc | V;INF	dobëti
Inflect CÔŁ | N;ACC(FEM,SG)	Całã
Inflect Jãzëk | N;NOM(PL)	Jãzëczi
Inflect ùważać | V;NFIN	ùważac
Inflect Demión | N;NOM(MASC,SG)	Demión
Inflect regionalizm | N;GEN(PL)	regionalizmów
Inflect weszëlë | V;PRF;3P;PL	weszłë
Inflect nasziniec | N;INST;PL	naszińcama
Inflect tarcz | N;ACC(SG)	tarczã
Inflect sosnowé | ADJ;GEN(MASC,PL)	sosnowatëch
Inflect Chicagò | N;LOC;SG	Chicagò
Inflect rockòwi | ADJ;INEL;NOM(PL,MASC)	rockòwé
Inflect Sztokfisz | N;NOM(SG)	Sztokfisz
Inflect doma | ADJ;INS(MASC,SG)	domòwim
Inflect szlagùta | N;ACC(FEM,PL)	szlagùtë
Inflect chrzescijańsczi | ADJ;GEN(MASC,PL)	chrzescijańsczich
Inflect Deflacjô | N;NOM(SG)	Deflacjô
Inflect mały | ADJ;NOM(MASC,SG)	małi
Inflect Distrikt | N;LOC;PL	Distriktama
Inflect doktorat | N;NOM(PL)	doktoraty
Inflect szkelet | N;NOM(SG)	szkelet
Inflect szkelet | N;M;DAT(SG)	szkeletowi
Inflect szkelet | N;GEN(SG)	szkeletu
Inflect familia | N;GEN(PL)	familiów
Inflect rëszot | N;GEN(PL)	rëszotów
Inflect przindnëc | V;NFIN	przińdny
Inflect mieszkac | V;PST;M;SG	mieszkôł
Inflect drog | ADJ;VOC(MASC,SG)	drodżi
Inflect przedstôwk | N;GEN(PL)	przedstôwków
Inflect samòbëtny | ADJ;INS(MASC,SG)	samòbëtnym
Inflect tôflók | N;GEN(PL)	tôflôkù
Inflect czka | N;GEN(MASC,SG)	czesczégò
Inflect Wòjskòwô | ADJ;NOM(FEM,SG)	Wòjskòwô
Inflect Ptôszëca | N;NOM(FEM,SG)	Ptôszëca
Inflect Przód | ADV	Przodé
Inflect Oskowo | N;NOM(NEUT,SG)	Oskowo
Inflect fùndacëjô | N;NOM(SG)	fùndacëjô
Inflect czësty | ADJ;NOM(MASC,SG)	czësty
Inflect diakriticznô | ADJ;NOM(FEM,SG)	diakriticzné
Inflect diakriticznô | ADJ;GEN(FEM,PL)	diakriticznëch
Inflect Weps | N;GEN(PL)	Wepsów
Inflect kòbiéta | N;GEN(FEM,SG)	kòbiét
Inflect Czëtnica | N;F;NOM(SG)	Czëtnica
Inflect klub | N;NOM(SG)	klub
Inflect klub | N;INS(SG)	klubem
Inflect klub | N;GEN(SG)	klubu
Inflect lucerna | N;NOM(FEM,SG)	lucerna
Inflect gardëpąstwò | N;ACC(SG)	gardãpaństwã
Inflect pòstac | V;INF	pòstac
Inflect rôk | N;GEN(SG)	roku
Inflect ekspert | N;LOC;PL	ekspertach
Inflect arma | N;DAT(SG)	armie
Inflect arma | N;GEN(SG)	armii
Inflect sedlëszcze | N;GEN(SG)	sedlëszcza
Inflect sedlëszcze | N;INS(PL)	sedlëszczama
Inflect malëna | N;F;NOM(SG)	malëna
Inflect zôkón | N;GEN(SG)	zôkónu
Inflect Kolumbiô | N	Kolumbiô
Inflect żeglarz | N;GEN(PL)	żeglarzów
Inflect stadion | N;NOM(SG)	stadion
Inflect tropikalny | ADJ;INS(PL,MASC,INAN)	tropikalnyma
Inflect torfowisku | N;GEN(SG)	torfòwiska
Inflect francësczi | ADJ;ACC(MASC,PL)	francëscze
Inflect wikszi | ADJ;CMPR;GEN(PL)	wikszëch
Inflect wikszi | ADJ;NOM(FEM,SG)	wikszô
Inflect òbrãczka | N;VOC(SG)	òbrãczë
Inflect strzódka | N;GEN(SG)	strzódka
Inflect Òbrôzczk | N;NOM(PL)	Òbrôzczi
Inflect kariéra | N;ACC(SG)	karierã
Inflect domôcny | ADJ;ACC(FEM,SG)	domôcé
Inflect brac | N;VOC(SG)	bracô
Inflect wespółrobic | V;PST;3;PL	wespółrobilë
Inflect ùltragãstô | ADJ;NOM(FEM,SG)	ùltragãstô
Inflect Pòwijôczowatô | ADJ;NOM(FEM,SG)	Pòwijôczowatô
Inflect Zakład | N;M3;NOM(SG)	Zakład
Inflect żona | N;ACC(FEM,SG)	żonã
Inflect parłãka | N;GEN(SG)	parłãczi
Inflect GòłąbskòDobrzińskô | ADJ;MASC;PL;LOC	GòłąbskòDobrzińsczim
Inflect pëszny | ADJ;ACC(MASC,SG)	pësznégò
Inflect òbsługiwô | V;FIN;3;SG	òbsługiwô
Inflect epòs | N;NOM(MASC,SG)	epòs
Inflect Błotnica | N;NOM(SG,FEM)	Błotnica
Inflect zwãg | N;GEN(SG)	zwënéga
Inflect òrganizm | N;NOM(SG)	òrganizm
Inflect òrganizm | N;LOC;SG;M3	òrganizmie
Inflect òrganizm | N;NOM(PL)	òrganizmë
Inflect òrganizm | N;LOC;PL	òrganizmëch
Inflect òrganizm | N;M3;GEN(PL)	òrganizmów
Inflect òrganizm | N;GEN(SG)	òrganizmù
Inflect kanóna | N;GEN(SG)	kanonu
Inflect Òdwiedzac | V;PNON;CONV	Òdwiedzającë
Inflect patrónat | N;GEN(FEM,PL)	patrónatë
Inflect gbùrsczi | ADJ;NOM(FEM,SG)	gbùrskô
Inflect noga | N;GEN(SG)	nodzi
Inflect italskô | ADJ;ACC(FEM,SG)	italską
Inflect doktór | N;GEN(MASC,SG)	doktóra
Inflect liceùm | N;NOM(SG,NEUT)	liceùm
Inflect kùlturalni | ADJ;ACC(FEM,PL)	kùlturalné
Inflect minimalistyczny | ADJ;ACC(FEM,PL)	minimalisticzné
Inflect szalwia | N;NOM(SG)	szalwija
Inflect Europa | N;F;INS(SG)	Europą
Inflect mòcny | ADJ;NOM(MASC,SG)	mòcny
Inflect mòcny | ADJ;INS(MASC,SG)	mòcnym
Inflect zadany | ADJ;NOM(MASC,SG)	zadane
Inflect rôtk | ADJ;VOC(MASC,SG)	rôtëszowi
Inflect kasztelania | N;DAT(SG)	kasztelanii
Inflect przykład | N;M3;NOM(SG)	przykład
Inflect Czëtelniô | N;NOM(SG,FEM)	Czëtelniô
Inflect Kaszëba | N;NOM(SG)	Kaszëba
Inflect Kaszëba | N;LOC;PL	Kaszëbach
Inflect gòdowë | ADJ;VOC(MASC,SG)	gòdowi
Inflect Schumana | N;GEN(FEM,SG)	Schumana
Inflect rącznica | N;NOM(PL)	rącznice
Inflect filtrëjë | V;IMP;2;SG	filtrã
Inflect zlecziństwò | N;NOM(NEUT,SG)	zlecziństwò
Inflect gadac | V;INF	gadac
Inflect słup | N;LOC;PL	słupach
Inflect strach | N;GEN(SG)	strachù
Inflect dobrzé | ADV	dobrzé
Inflect bùrsztin | N;DAT(PL)	bùrsztin
Inflect ZEMNOWÒDNÔ | ADJ;NOM(SG,MASC)	Zemnowòdny
Inflect planszowò | ADJ;DAT(PL,MASC)	planszowëch
Inflect czëc | V;NFIN;PRF	czile
Inflect klucz | N;ACC(SG)	kluczã
Inflect żôłta | ADJ;NOM(PL,MASC)	żôłti
Inflect Drawa | N;NOM(FEM,PL)	Drawë
Inflect germańsczi | ADJ;MASC;PSS;SG	germańsczi
Inflect germańsczi | ADJ;GEN(MASC,SG)	germańsczégò
Inflect bùdowac | V;PST;3;PL	zbùdowalë
Inflect Adam | N;NOM(MASC,SG)	Adam
Inflect docék | V;IMP;2;SG	docék
Inflect pòdłoga | N;ACC(SG)	pòdłogą
Inflect brunny | ADJ;ACC(FEM,SG)	brunnea
Inflect Pariż | N;ACC(FEM,SG)	Pariża
Inflect Pariż | N;LOC;SG	Pariżu
Inflect przedrëk | N;GEN(SG)	przedrëkù
Inflect srąb | N;VOC(SG)	srąbù
Inflect sër | N;NOM(SG)	sëro
Inflect narracja | N;GEN(SG)	narracji
Inflect kóńc | N;NOM(MASC,SG)	kóńc
Inflect mùżdżówka | N;GEN(PL)	mùżdżówki
Inflect tëkwa | N;NOM(SG,FEM)	tëkwia
Inflect Indianin | N;NOM(PL,MASC)	Indianowie
Inflect Jaskóleczka | N;F;NOM(SG)	Jaskùleczka
Inflect stôri | ADJ;GEN(MASC,PL)	stôrych
Inflect stôri | ADJ;VOC(MASC,SG)	stôré
Inflect stôri | ADJ;GEN(MASC,SG)	stôrégò
Inflect ministra | N;ACC(FEM,SG)	ministrã
Inflect lëdz | N;NOM(PL)	lёdzy
Inflect archikatedra | N;NOM(SG)	archikatédra
Inflect ogarda | N;LOC;SG	ogardze
Inflect Òbrôz | N;NOM(SG)	Òbrôz
Inflect rozmajiti | ADJ;GEN(MASC,SG)	rozmajitégò
Inflect żëwòtnosc | N;ACC(SG)	żëwòtnosc
Inflect żëwòtnosc | N;GEN(SG)	żëwòtnoscë
Inflect liryk | N;GEN(PL)	lirików
Inflect dończ | V;NFIN	dońc
Inflect bòk | N;LOC;PL	bòkach
Inflect gimnastika | N;DAT(FEM,SG)	gimnasticzi
Inflect gimnastika | N;ACC(SG)	gimnastikã
Inflect grob | N;NOM(PL)	grobë
Inflect narodzënë | N;NOM(PL)	narodzënë
Inflect strzélec | N;GEN(PL)	strzélców
Inflect ruda | ADJ;ACC(FEM,PL)	rudawé
Inflect Sulësław | N;F;NOM(SG)	Sulësława
Inflect samòironiczny | ADJ;NOM(MASC,SG)	samòironiczny
Inflect pòòkrëc | V;NFIN	pòòkriwô
Inflect dostónek | N;M3;GEN(SG)	dostónkù
Inflect Sparłãczenie | N;GEN(SG)	Sparłãczenia
Inflect sklónka | N;LOC;PL	sklónkach
Inflect Roztwórnô | ADJ;NOM(FEM,SG)	Roztwórnô
Inflect słowôrzka | N;NOM(FEM,SG)	słowôrzka
Inflect osoblëwi | ADJ;NOM(MASC,SG)	osoblëwi
Inflect osoblëwi | ADV	osoblëwie
Inflect lék | V;NFIN	légą
Inflect nawôłnicë | N;GEN(FEM,SG)	nawôłnica
Inflect christanizacjô | N;ACC(SG)	christianizacjã
Inflect drapieżnik | N;INS(SG,MASC)	drapieżnikiem
Inflect słowiański | ADJ;NOM(MASC,PL)	słowiańsczé
Inflect karną | V;IMP;PFV;PL2	karnã
Inflect pòznanskô | ADJ;VOC;VOC(MASC,SG)	pòznańsczi
Inflect Masa | N;F;NOM(SG)	Masa
Inflect Biég | N;NOM(SG)	Biég
Inflect Liceum | N;NOM(SG)	Liceum
Inflect subiekt | N;DAT(MASC,SG)	subiektowi
Inflect bankòwi | ADJ;INS(MASC,SG)	bankòwim
Inflect jesień | N;INS(SG)	jesenią
Inflect kùkówka | N;GEN(SG)	kùkówczi
Inflect nôżka | N;NOM(PL)	nóżczi
Inflect białogłowsczi | ADJ;VOC(MASC,SG)	białogłòwsczé
Inflect lód | ADJ;VOC(MASC,SG)	lodowi
Inflect kòrzén | N;INSTR;PL	kòrzeniama
Inflect Służba | N;ACC(SG)	Służbã
Inflect Wrocława | N;VOC(SG)	Wrocława
Inflect drãg | N;ACC(SG)	drãgò
Inflect Muzeum | N;NOM(SG,NEUT)	Muzeum
Inflect pachwinowy | ADJ;INS(MASC,SG)	pachwinowi
Inflect bombing | V;V;PTCP;PRS;IMPF	bombing
Inflect ùrzmach | N;INS(MASC,SG)	ùrzmach
Inflect Gowa | N;ACC(SG)	Gowon
Inflect mòdło | N;F;NOM(SG)	mòdła
Inflect mòdło | N;NOM(SG,NEUT)	mòdło
Inflect mòdła | N;ACC(SG)	mòdłã
Inflect Barnim | N;NOM(SG)	Barnim
Inflect atrakcjo | N;DAT(SG)	atrakcjowi
Inflect Rzeczpospolita | N;NOM(SG)	Rzeczpospolita
Inflect dodoma | N;GEN(PL)	dodomach
Inflect jedny | ADJ;ACC(MASC,SG)	jedny
Inflect Apòstoł | N;INS(PL)	Apòstołama
Inflect Nòbel | N;F;NOM(SG)	Nobela
Inflect pòszewka | N;GEN(SG)	pószewczi
Inflect margines | N;NOM(SG)	margines
Inflect dozdrzeniałosc | N;F;SG	dozdrzeniałosc
Inflect Chełmsczi | ADJ;NOM(MASC,SG)	Chełmsczi
Inflect mikrofón | N;GEN(SG)	mikrofóna
Inflect kòmpùtrowi | ADJ;NOM(PL,MASC)	kòmpùtrowé
Inflect kòmpùtrowi | ADJ;ACC(FEM,SG)	kòmpùtrową
Inflect miedziany | ADJ;ACC(PL)	miedziané
Inflect Wilëk | ADJ;NOM(FEM,SG)	Wilczô
Inflect lëst | N;NOM(PL)	lësti
Inflect samòsprôwnotô | N;GEN(SG)	samòsprôwnotë
Inflect wzmòcniwac | V;NFIN;INF	wzmòcniwô
Inflect termina | N;ACC(PL)	terminë
Inflect Ewanielia | N;LOC;PL	Ewanieliach
Inflect Ewanielia | N;F;NOM(SG)	Ewanielie
Inflect biôłka | N;F;NOM(SG)	biôłka
Inflect biôłka | N;ACC(SG,FEM)	biôłkã
Inflect Habsbùrg | N;GEN(PL)	Habsbùrgów
Inflect cataracta | N;F;NOM(SG)	cataracta
Inflect skrzëżowanié | V;NFIN	skrzëżowanié
Inflect skrzëżowanié | N;GEN(SG)	skrzëżowaniô
Inflect informacëjô | N;GEN(SG)	informacëji
Inflect Swiãt | N;VOC(SG)	Scwet
Inflect rustika | ADJ;NOM(FEM,SG)	rustica
Inflect nôwicy | ADV;SUP	nôwicy
Inflect skrzidło | N;LOC;PL	skrzidłach
Inflect piãkny | ADJ;NOM(MASC,SG)	piãkny
Inflect piãkny | ADJ;NOM(FEM,SG)	piãknô
Inflect auta | N;GEN(SG)	auta
Inflect gubérnia | N;DAT(SG)	gùbernii
Inflect generalny | ADJ;INS(MASC,SG)	generalnym
Inflect genetyczny | ADJ;GEN(MASC,SG)	genetycznégò
Inflect Chònicë | N;LOC;PL	Chònicach
Inflect wąsewnica | N;DAT(FEM,SG)	wąsewnice
Inflect zédżera | N;DAT(SG)	zédżerze
Inflect mùzyka | N;NOM(SG)	mùzyka
Inflect aptéka | N;LOC;PL	aptékach
Inflect aptéka | N;ACC(SG)	aptékã
Inflect Ògnistim | ADJ;INS(MASC,SG)	ògnisty
Inflect spôłka | N;F;NOM(SG)	spółka
Inflect pòbiéranié | N;NOM(SG,NEUT)	pòbiéranié
Inflect Mikołôj | N;NOM(SG)	Mikòłôj
Inflect ślabikorz | N;INS(SG,MASC)	ślabikorzem
Inflect klepiszcze | N;LOC;SG	klepiszczu
Inflect racemosa | ADJ;NOM(FEM,SG)	racemosa
Inflect szalk | N;NOM(SG)	Szalk
Inflect Ruch | N;NOM(SG)	ruch
Inflect Aleksander | N;NOM(SG)	Aleksander
Inflect nôdmierny | ADJ;VOC(MASC,SG)	nôdmierno
Inflect nëkël | V;NFIN	nëkëlë
Inflect młodnô | ADJ;GEN(MASC,SG)	młodégò
Inflect ruchowy | ADJ;GEN(FEM,SG)	ruchowej
Inflect doktorsczi | ADJ;NOM(MASC,SG)	doktorsczi
Inflect ùczbòwnik | N;NOM(PL)	ùczbòwniczi
Inflect ùczbòwnik | N;GEN(PL,MASC)	ùczbòwników
Inflect Herbòrd | N;NOM(MASC,SG)	Herbòrd
Inflect zôdné | ADJ;VOC(MASC,SG)	Zôden
Inflect kòlarstwo | N;GEN(SG)	kòlarstwa
Inflect zajcë | N;NOM(PL)	zajce
Inflect greńca | N;NOM(SG)	greńca
Inflect Sambòr | N;MASC;SG	Sambòrów
Inflect Miód | N;NOM(SG)	Miód
Inflect nowòjorskczi | ADJ;GEN(MASC,PL)	nowòjorsczich
Inflect przédny | ADJ;F;NOM(SG)	przédno
Inflect przédny | ADJ;NOM(MASC,SG)	przédny
Inflect przédny | ADJ;GEN(PL,MASC)	przédnëch
Inflect przédny | ADJ;INS(MASC,SG)	przédnëm
Inflect krona | N;GEN(PL)	kronum
Inflect nikwac | V;IPFV;IND;NFIN	nikwi
Inflect pòrãdzëc | V;IMP;PL;2	pòrã
Inflect Zoologia | N;GEN(SG)	Zoologii
Inflect NOUN | N;MASC;SG	miészich
Inflect Òsoblëwie | ADV	òsoblëwie
Inflect takô | ADJ;ACC(FEM,SG)	taką
Inflect kraj | N;GEN(SG)	Kraje
Inflect Simóna | N;NOM(FEM,SG)	Simóna
Inflect mierzëc | V;INF	mierzëc
Inflect bracyna | N;NOM(PL)	bracynë
Inflect cygła | N;ACC(SG)	cygłą
Inflect park | V;IMP;SG;2	park
Inflect park | N;GEN(MASC,PL)	parków
Inflect park | N;DAT(SG)	parkù
Inflect aktiwny | ADJ;NOM(FEM,SG)	aktiwno
Inflect aktiwny | ADJ;NOM(MASC,SG)	aktiwny
Inflect aktiwny | ADJ;M;INS(SG)	aktiwnym
Inflect aktiwny | ADJ;ACC(FEM,SG)	aktiwné
Inflect aktiwny | ADJ;GEN(MASC,SG)	aktiwnégò
Inflect aktiwny | ADJ;NOM(FEM,SG)	aktiwnô
Inflect zemia | N;GEN(SG)	zëmi
Inflect Dopiérze | ADV	Dopiérze
Inflect pòsłëchac | V;INF;PFV	pòsłëchac
Inflect złoty | ADJ;NOM(FEM,SG)	złota
Inflect stołpnica | N;DAT(FEM,SG)	stołpnicё
Inflect nalépka | N;LOC;PL	nalépkach
Inflect Cecyliô | N;F;NOM(SG)	Cecyliô
Inflect wòda | N;ACC(SG)	wódą
Inflect silnik | N;GEN(SG)	silnika
Inflect silnik | N;INS(SG)	silnikiem
Inflect silnik | N;GEN(PL)	silników
Inflect Struna | N;DAT(PL)	Stronama
Inflect mineral | N;NT;NOM(SG)	mineral
Inflect problematiczny | ADJ;ACC(FEM,SG)	problematiczną
Inflect Trójcô | N;GEN(SG)	Trójcë
Inflect kamiennô | ADJ;GEN(MASC,SG)	kamiannégò
Inflect grzéch | N;NOM(PL)	grzéchë
Inflect Zedebeuš | N;GEN(MASC,SG)	Zedebeusza
Inflect Òsławnô | ADJ;NOM(FEM,SG)	Òsławnô
Inflect prawie | ADV	prawie
Inflect òbserwacëjnô | ADJ;ACC(FEM,SG)	òbserwacëjną
Inflect Ukraina | N;DAT(SG)	ùkrainie
Inflect wùlkan | N;GEN(SG)	wùlkanu
Inflect Vitac | N;ACC(SG)	Vito
Inflect Delce | ADJ;GEN(FEM,SG)	Delce
Inflect sprawdzëc | V;INF	sprawdzëc
Inflect jiny | ADJ;GEN(MASC,SG)	jinégò
Inflect gôdac | V;NFIN	gôdôszã
Inflect gôdac | V;PST;M;SG	gôdôł
Inflect Florion | N;NOM(MASC,SG)	Florion
Inflect psychiczny | ADJ;INS(MASC,PL)	psychicznyma
Inflect psychiczny | ADJ;GEN(MASC,PL)	psychicznëch
Inflect gòspòdarzstwò | N;LOC;DAT(PL)	gòspòdarztwach
Inflect Wartësława | N;F;NOM(SG)	Wartësława
Inflect autor | N;GEN(SG)	Autora
Inflect wëtawienié | N;NOM(SG,NEUT)	wëtawienié
Inflect pòkrzëwòwac | V;NFIN;CONV;PRS	pòkrzëwòwatëch
Inflect gard | N;ACC(SG)	gardã
Inflect katalońskô | ADJ;NOM(FEM,SG)	katalońskô
Inflect Zajimné | ADJ;NOM(NEUT,SG)	Zajimné
Inflect Szafir | N;NOM(SG)	Szafir
Inflect walëc | V;3;PL;PRS	walą
Inflect spòdk | N;MASC;SG;LOC	spòdk
Inflect socjalisticzny | ADJ;GEN(FEM,PL)	Socjalisticznëch
Inflect Pòmòrzka | N;NOM(FEM,SG)	Pòmòrzka
Inflect òseka | N;F;GEN(SG)	òsecczi
Inflect politicznô | ADJ;NOM(FEM,SG)	politiczny
Inflect bogati | ADJ;NOM(FEM,SG)	bògatô
Inflect służëc | V;INF	służëc
Inflect Marija | N;GEN(FEM,SG)	Marijën
Inflect skrzëpa | N;DAT(PL)	skrzëpic
Inflect mionka | N;GEN(PL)	miónków
Inflect planet | N;ACC(FEM,SG)	planetë
Inflect pùkla | N;F;NOM(SG)	pùkle
Inflect schlachtu | N;ACC(SG)	schlacht
Inflect baszka | N;INS(PL)	baszkami
Inflect mòrze | N;GEN(SG)	mòrza
Inflect mòrze | N;LOC;PL	mòrzach
Inflect mòrze | N;INST;PL	mòrzama
Inflect mòrze | N;NOM(SG)	mòrze
Inflect mòrze | N;DAT(SG)	mòrzu
Inflect mòrze | N;ACC(SG)	mòrzã
Inflect Topaz | N;NOM(SG)	Topaz
Inflect Łukasz | N;VOC(MASC,SG)	Łukaszu
Inflect niezmienny | ADJ;VOC(MASC,SG)	niezmienno
Inflect Shakira | N;PROP;FEM;SG	Shakira
Inflect linola | ADJ;NOM(MASC,SG)	linolowy
Inflect mżëk | N;INST;SG	mżëkanim
Inflect Purc | N;ACC(PL)	Purce
Inflect mieszkac | V;3;SG;PRES	Mieszkô
Inflect seczenié | N;NOM(SG)	seczeniô
Inflect atlanticczi | ADJ;ACC(PL,MASC)	atlanticczé
Inflect Paulos | N;NOM(MASC,SG)	Paulos
Inflect spław | N;NOM(SG)	Spłôw
Inflect Grëdzëdzëc | V;NFIN	Grëdządzu
Inflect Rãczny | ADJ;NOM(FEM,SG)	Rãcznô
Inflect kòwôlniô | N;NOM(SG)	kòwalniô
Inflect glëna | N;GEN(SG)	glënë
Inflect zgòdzëc | V;INF	zgòdzëc
Inflect Bux | N;NOM(SG)	Buxus
Inflect Gniôzdo | N;NOM(PL)	Gniôzda
Inflect Gniôzdo | N;GEN(SG)	Gniôzdeje
Inflect Kòral | N;DAT(SG,MASC)	Kòralowi
Inflect żëjątk | N;GEN(PL)	żëjątków
Inflect Cláudia | N;NOM(FEM,SG)	Cláudia
Inflect òbraniac | V;NFIN	òbraniac
Inflect edukacëjô | N;F;NOM(SG)	edukacëjô
Inflect wiérzba | N;ACC(FEM,SG)	wiérzt
Inflect Dzecë | N;NOM(PL)	Dzecë
Inflect stôrô | ADJ;NOM(FEM,SG)	stôrô
Inflect Kôrczëznowa | N;NOM(SG,FEM)	Kôrczowina
Inflect Frizja | N;NOM(PL)	Frizje
Inflect lékarze | N;DAT(SG)	lékarzeniu
Inflect Pôrsãtno | N;NOM(PL)	Pôrsãta
Inflect wòlny | ADJ;NOM(MASC,SG)	wòlni
Inflect grzëpka | N;GEN(PL)	grzëpków
Inflect kłos | N;NOM(SG)	kłos
Inflect kłos | N;INS(PL)	kłosama
Inflect pszczoła | N;DAT(SG,FEM)	pszczółce
Inflect Dominik | N;NOM(MASC,SG)	Dominik
Inflect Dominik | N;NOM(FEM,SG)	Dominika
Inflect rusczi | ADJ;NOM(MASC,SG)	rusczi
Inflect òbëczajnota | N;ACC(SG)	òbëczajnotã
Inflect francusczë | ADJ;NOM(MASC,PL)	francusczé
Inflect Pòdbiôłtk | N;DAT(PL)	Pòdbiôłtk
Inflect Stori | ADJ;NOM(PL,MASC)	Stori
Inflect drapiéżnik | N;INS(PL)	drapiéżnikama
Inflect Kùjawë | N;LOC;PL	Kùjawach
Inflect Kùjawë | N;LOC;SG	Kùjawë
Inflect ùrna | N;GEN(SG)	ùrnë
Inflect miastowi | ADJ;DAT(MASC,SG)	miastowim
Inflect ruch | N;GEN(SG)	ruchu
Inflect kapłański | ADJ;VOC(MASC,PL)	kapłańscy
Inflect dzéń | N;LOC;SG	dnie
Inflect halë | N;LOC;SG	hali
Inflect pòżegnac | N;OBL;PL	pòżegnaniô
Inflect tczewsczi | ADJ;INS(MASC,SG)	tczewsczim
Inflect Barda | N;GEN(SG)	Brdë
Inflect Kownacki | N;NOM(SG,FEM)	Kownacka
Inflect chełmińskô | ADJ;NOM(FEM,SG)	chełmińskô
Inflect długòwiecznô | ADJ;ACC(FEM,SG)	długòwiecznã
Inflect dostańc | V;FUT;SG;1	dostanim
Inflect wëòbrazënk | N;NOM(SG)	wëòbrazënk
Inflect Dëtrik | N;GEN(SG)	Dëtrika
Inflect Przëcëskając | V;GER;IPFV	Przëcëskając
Inflect psowatëch | ADJ;VOC(MASC,PL)	psowatëch
Inflect gëldzëniô | N;NOM(FEM,SG)	gëldzëniô
Inflect apòkrif | N;ACC(MASC,SG)	apòkrif
Inflect pòkôzac | V;NFIN	pòkȏzaniȏ
Inflect krzëżôk | N;NOM(PL,MASC)	krzëżôczi
Inflect ekònoma | N;GEN(MASC,PL)	ekònomistów
Inflect grãdosc | N;DAT(PL)	grãdoscë
Inflect Wëdarzenie | N;INS(SG)	Wëdarzenim
Inflect wrotnica | N;ACC(FEM,SG)	wrotnicã
Inflect Evangelista | N;NOM(SG,MASC)	Evangelista
Inflect stwòrzenim | N;INS(SG)	stwòrzenim
Inflect minuta | N;GEN(PL)	minutus
Inflect gòspòdarzczi | ADJ;ACC(PL,MASC)	gòspòdarczëch
Inflect mùzykant | N;GEN(PL)	mùzykańtów
Inflect synonim | N;NOM(PL)	synonima
Inflect kontrolô | N;ACC(SG)	kontrolë
Inflect Nôrodnô | ADJ;GEN(MASC,PL)	Nôrodnëch
Inflect instrument | N;NOM(SG)	instrument
Inflect instrument | N;NOM(PL)	instrumenty
Inflect instrument | N;GEN(PL)	instrumentów
Inflect Madzej | N;VOC(MASC,SG)	Madźi
Inflect nôuka | N;ACC(SG)	nôùkã
Inflect môłi | ADJ;CMPR	mniészëch
Inflect bamberzczich | ADJ;INS(MASC,PL)	bamberzczim
Inflect aùtonomiczny | ADJ;NOM(NEUT,SG)	aùtonomiczné
Inflect aùtonomiczny | ADJ;ACC(MASC,PL)	aùtonomicznëch
Inflect szkòdnik | N;GEN(SG)	szkòdnika
Inflect szkòdnik | N;INS(SG,MASC)	szkòdnikã
Inflect wilk | ADJ;POS;NOM(PL)	wilczi
Inflect familëjô | N;NOM(SG)	familëjô
Inflect pòrt | N;NOM(SG)	pòrt
Inflect fizjologiczny | ADJ;NOM(FEM,SG)	fizjologicznô
Inflect cepło | ADJ;NOM(NEUT,SG)	cepło
Inflect lis | N;GEN(SG)	Lisi
Inflect miesce | N;DAT(SG)	miescy
Inflect òbiekce | N;NOM(PL)	òbiekce
Inflect chòdzëc | V;INF	chòdzenié
Inflect szérzô | N;ACC(SG,FEM)	szérzô
Inflect Madamã | N;ACC(FEM,SG)	Madamã
Inflect pszczoła | N;NOM(SG)	pszczoła
Inflect rybka | N;GEN(SG)	ribkò
Inflect jażle | N;VOC(PL)	jażle
Inflect Mòwa | N;GEN(SG)	Mòwë
Inflect pùchôcz | N;ACC(SG)	pùchôcza
Inflect Òsa | N;NOM(PL)	Òsce
Inflect ornamęt | N;ACC(FEM,SG)	ornamentë
Inflect stolemny | ADJ;ACC(FEM,SG)	stolemną
Inflect miónkôrka | N;NOM(FEM,SG)	miónkôrka
Inflect Wôżnô | ADJ;NOM(FEM,SG)	Wôżne
Inflect stȏr | ADJ;ACC(FEM,SG)	stôrą
Inflect katedralny | ADJ;GEN(FEM,SG)	katedralnej
Inflect lasa | N;INST;PL	lasama
Inflect Panew | N;GEN(SG)	Panwi
Inflect lig | N;GEN(PL,MASC)	ligów
Inflect Trulôcz | N;NOM(SG)	Trulôcz
Inflect uprawiać | V;NFIN	uprawiac
Inflect górny | ADJ;ACC(FEM,SG)	górną
Inflect bòda | N;GEN(FEM,SG)	body
Inflect mąka | N;NOM(SG)	mąka
Inflect mąka | N;GEN(SG)	mąki
Inflect mąka | N;ACC(SG)	mąkã
Inflect pierwiôstka | N;NOM(SG,FEM)	pierwiôstka
Inflect przédni | ADJ;ACC(MASC,SG)	Przédnym
Inflect ògardowë | ADJ;GEN(MASC,SG)	ògardowégò
Inflect sasëk | N;ACC(SG)	sasko
Inflect sandrowëch | ADJ;GEN(MASC,PL)	sandrowëch
Inflect Wiśla | N;ACC(SG)	Vjsłą
Inflect płaz | N;GEN(PL)	płazów
Inflect pòsobica | N;F;INS(SG)	pòsobicą
Inflect dłudżi | ADJ;NOM(FEM,SG)	długô
Inflect bòlesny | ADJ;NOM(FEM,SG)	bòlesnô
Inflect jãzëkòwi | ADJ;VOC(MASC,SG)	jãzëkòwi
Inflect jãzëkòwi | ADJ;INS(FEM,SG)	jãzëkòwima
Inflect czerwónô | ADJ;NOM(MASC,SG)	czerwóny
Inflect dokładność | N;INS(SG)	dokładnoscą
Inflect muzykãt-amator | N;ACC(SG)	muzykańtãamatorã
Inflect przymus | N;GEN(SG)	przymusu
Inflect szkoła | N;LOC;SG	szkole
Inflect òstrzódek | N;NOM(MASC,SG)	òstrzódk
Inflect òpieka | N;ACC(SG)	òpiekã
Inflect cytróna | N;ACC(FEM,PL)	cytrónë
Inflect pòlipa | N;FEM;LOC;SG	pòlipë
Inflect pòlipa | N;GEN(PL)	pòlipów
Inflect òezdobë | V;M;SG;IMPV	òezdobé
Inflect stara | ADJ;ACC(FEM,SG)	starã
Inflect weòbrażenié | N;NOM(SG)	weòbrażenié
Inflect groch | N;MASC;SG	groch
Inflect prôcowniczka | N;GEN(PL)	prôcowniczi
Inflect urzędowy | ADJ;MASC;PL;LOC	urzędowych
Inflect nowi | ADJ;GEN(MASC,SG)	nowégò
Inflect nowi | ADJ;GEN(MASC,PL)	nowëch
Inflect kùltura | N;NOM(SG)	kùltura
Inflect kùltura | N;LOC;PL	kùlturach
Inflect sumienié | ADJ;GEN(MASC,SG)	sumieniégò
Inflect gleba | N;INS(MASC,SG)	glebach
Inflect jahtić | V;IND;3;PL	jachtëją
Inflect Teatr | N;DAT(SG)	Téatru
Inflect pòliticzni | ADJ;MASCINAN;NOM(PL)	pòliticzné
Inflect łasëcowati | ADJ;VOC(MASC,PL)	łasëcowatëch
Inflect całkowity | ADJ;ACC(FEM,SG)	całkowitą
Inflect dokùmént | N;LOC;PL	dokùmeńtach
Inflect dokùmént | N;NOM(PL)	dokùmeńtë
Inflect zestôwk | N;GEN(SG)	zestôwkù
Inflect słuńce | N;DAT(SG)	słuńcu
Inflect swiéżi | ADJ;INS(MASC,SG)	swiéżim
Inflect swiéżi | ADJ;VOC(MASC,SG)	swiéżo
Inflect swiéżi | ADJ;GEN(PL,MASC)	swiéżëch
Inflect trudnosc | N;ACC(PL)	trudnoscë
Inflect financa | N;INSTR;PL	financama
Inflect chemia | N;NOM(SG,FEM)	chemie
Inflect chemia | N;GEN(SG)	chemii
Inflect dzejôrz | N;NOM(SG)	dzejôrz
Inflect dzejôrz | N;NOM(MASC,PL)	dzejôrze
Inflect dzejôrz | N;NOM(MASC,PL)	dzejôrzy
Inflect przëszérno | ADJ;NOM(FEM,SG)	przëszerné
Inflect Jednota | N;NOM(SG)	Jednota
Inflect magnez | N;NOM(SG)	magnezium
Inflect ùmëslenic | V;NFIN;PRF	ùmëslenia
Inflect etniczny | ADJ;MASC;PRED;SG	etniczny
Inflect etniczny | ADJ;MASC;INST;SG	etnicznym
Inflect diecezja | N;GEN(SG)	diecezji
Inflect suwalsczi | ADJ;NOM(PL,MASC)	suwalsczé
Inflect coły | ADJ;ACC(SG,FEM)	całą
Inflect Mrowiszcze | N;NOM(SG)	Mrowiszcze
Inflect tłëczenié | N;GEN(SG)	tłëczeniô
Inflect bónk | N;ACC(MASC,SG)	Baeksan
Inflect bronzowô | ADJ;NOM(FEM,SG)	bronzowô
Inflect Trojanowskô | ADJ;NOM(FEM,SG)	Trojanowskô
Inflect szerszeń | N;GEN(SG)	szerszénia
Inflect przód | ADV	Przódy
Inflect Vysoki | ADJ;NOM(FEM,SG)	Vyssoka
Inflect nawigacëjô | N;GEN(SG)	nawigacëji
Inflect syn | N;M;GEN(SG)	sëna
Inflect wentilator | N;NOM(SG)	wentilator
Inflect zwëkòwò | ADV	zwëkòwò
Inflect miesąc | N;NOM(PL)	Miesącë
Inflect zemscëk | N;ACC(MASC,SG)	zemsczich
Inflect dokònac | V;PFV;INF	dokònac
Inflect Drobnokwiatowô | ADJ;NOM(FEM,SG)	Drobnokwiatowô
Inflect citrina | N;NOM(FEM,SG)	citrina
Inflect łżëkwiat | N;VOC(PL)	łżëkwiatë
Inflect słëchac | V;INF	słëchac
Inflect bùtny | ADJ;NOM(FEM,SG)	bùtna
Inflect gbùrstwa | N;NOM(SG)	gbùrstwa
Inflect charztowina | N;NOM(SG)	charztowina
Inflect Rozmówków | N;GEN(PL)	Rozmówków
Inflect czôrnô | ADJ;NOM(FEM,SG)	Czôrnô
Inflect soczny | ADJ;GEN(MASC,PL)	socznëch
Inflect Tekst | N;NOM(PL)	Tekstë
Inflect Diktat | N;NOM(SG)	Diktando
Inflect mitologiô | N;DAT(SG)	mitologie
Inflect biôłi | ADJ;GEN(MASC,SG)	biôłegò
Inflect biôłi | ADJ;NOM(MASC,SG)	biôłi
Inflect noblëstka | N;NOM(FEM,SG)	noblëstka
Inflect wczasny | ADJ;NOM(MASC,SG)	wczasny
Inflect wczasny | ADJ;MASC;PL;LOC	wczasnych
Inflect wczasny | ADJ;INS(MASC,SG)	wczasnym
Inflect skroplenie | N;DAT(SG)	skropleniem
Inflect łacëna | N;NOM(SG)	łacena
Inflect Park | N;NOM(MASC,SG)	Park
Inflect liczny | ADJ;NOM(MASC,SG)	liczny
Inflect kriz | N;ACC(SG)	krizu
Inflect przetrzëmac | V;NFIN	przetrzima
Inflect przetrzëmac | V;INF	przetrzëmac
Inflect nadawać | V;3;PL;IND	nadają
Inflect pòzdrzatk | N;NOM(SG)	pòzdrzatk
Inflect pòzdrzatk | N;DAT(SG)	pòzdrzatkù
Inflect fòrmalnosc | N;GEN(PL)	fòrmalnosców
Inflect pòzagardowi | ADJ;INS(MASC,SG)	pòzagardowi
Inflect wietew | N;F;INS(PL)	wietwiama
Inflect młodi | ADJ;NOM(FEM,SG)	młodé
Inflect młodi | ADJ;GEN(MASC,PL)	młodéch
Inflect kòlor | N;NOM(PL)	kòlorë
Inflect zwãk | N;M;GEN(SG)	zwãkù
Inflect czerwionobiôłi | ADJ;NOM(MASC,SG)	czerwionobiôłi
Inflect kòlekcjonér | N;GEN(PL)	kòlekcjonérów
Inflect KWIOT | N;NOM(PL)	Kwiôtë
Inflect lëdc | N;GEN(SG)	lëdu
Inflect kùńszt | N;GEN(SG)	kùńsztu
Inflect kùńszt | N;GEN(PL)	kùńsztów
Inflect blokòwac | V;INF	blokòwac
Inflect Pòszczesnik | N;NOM(SG)	Pòszczesnik
Inflect kaliszny | ADJ;NOM(PL,MASC)	kalisczé
Inflect Zygmùnd | N;GEN(SG)	Zigmùnda
Inflect romańsczi | ADJ;NOM(MASC,SG)	romańsczi
Inflect romańsczi | ADJ;GEN(MASC,PL)	romańsczich
Inflect romańsczi | ADJ;NOM(FEM,SG)	romańsczima
Inflect rzéka | N;GEN(SG)	Rzéczi
Inflect Chełmòwskô | ADJ;NOM(MASC,SG)	Chełmòwsczi
Inflect wëjachac | V;INF;PFV	wëjachac
Inflect symbòl | N;GEN(PL)	symbòlów
Inflect dwójka | N;SG	dwójarz
Inflect wierzëc | V;NFIN	wierztã
Inflect Prësôczk | N;GEN(PL,MASC)	Prësôczków
Inflect Sardinczi | ADJ;MASC;PSS;SG	Sardińsczi
Inflect Gãs | N;NOM(PL)	Gãsy
Inflect Gãs | N;VOC(SG)	Gãsé
Inflect môlowosc | N;DAT(SG)	môlowosce
Inflect głëszkòwatë | ADJ;GEN(FEM,PL)	głëszkòwatëch
Inflect kòra | N;GEN(SG)	kòrë
Inflect szlachectwo | N;NOM(SG,NEUT)	Szlachectwo
Inflect fińskô | ADJ;NOM(MASC,SG)	fińsczi
Inflect móżdżówk | N;NOM(PL)	mùżdżówczi
Inflect Grob | N;DAT(MASC,SG)	Grobù
Inflect kôża | N;VOC(SG)	kôże
Inflect stojizna | N;NOM(SG)	stojizna
Inflect Piérwòtno | ADV	piérwòtno
Inflect ruchôcz | N;VOC(PL)	ruchôcze
Inflect skarniowë | ADJ;ACC(PL,FEM)	skarniowé
Inflect réga | N;F;NOM(SG)	réga
Inflect sensacyjny | ADJ;NOM(MASC,SG)	sensacyjny
Inflect Piôskòwi | ADJ;NOM(MASC,SG)	Piôskòwi
Inflect rudëkrãp | N;F;NOM(SG)	rudëkrop
Inflect Robielë | V;PST;3;PL	Robielë
Inflect zaćmienie | N;GEN(SG)	zacmienia
Inflect Matka | N;GEN(SG)	Matczi
Inflect Przezdrzélnikòwaté | ADJ;MAS;NOM(SG)	Przezdrzélnikòwaté
Inflect Bùdowa | N;NOM(SG)	Budowa
Inflect bùda | N;NOM(SG)	bùda
Inflect Zôpôdnô | ADJ;NOM(FEM,SG)	Zôpôdnô
Inflect Sorna | N;ACC(MASC,SG)	Sorn
Inflect kama | V;NFIN;INF	kamòwima
Inflect mòstnik | N;INS(SG,MASC)	mòstnikã
Inflect strzëdnowiek | N;GEN(SG)	strzëdnowiekù
Inflect Babilońcă | N;NOM(PL)	Babilończicë
Inflect pòdwójny | ADJ;NOM(MASC,SG)	pòdwójny
Inflect pòdwójny | ADJ;INS(MASC,SG)	pòdwójnym
Inflect jedwab | N;M3;GEN(SG)	jedwabiu
Inflect brumalë | N;GEN(FEM,SG)	brumalis
Inflect wpływ | N;NOM(SG)	wpływ
Inflect Grif | N;NOM(MASC,SG)	Grifa
Inflect Aksamitnô | ADJ;NOM(FEM,SG)	Aksamitnô
Inflect drzewniany | ADJ;GEN(MASC,PL)	drzewnianëch
Inflect spòdleczny | ADJ;VOC(MASC,SG)	spòdleczny
Inflect spòdleczny | ADJ;M;GEN(PL)	spòdlecznych
Inflect spòdleczny | ADJ;NOM(FEM,SG)	spòdlecznô
Inflect Kamin | N;NOM(MASC,SG)	Kamin
Inflect szerszéń | N;NOM(SG)	szerszéń
Inflect Bór | N;GEN(PL)	Bòrów
Inflect òbsadzenié | V;PNONFIN;PPART;PPL	òbsadzenié
Inflect Siergiej | N;NOM(SG)	Siergiej
Inflect spòrtowi | ADJ;INS(MASC,SG)	spòrtowim
Inflect spòrtowi | ADJ;NOM(FEM,SG)	spòrtowô
Inflect maritimum | ADJ;NOM(MASC,SG)	maritimum
Inflect hanzeatycczi | ADJ;VOC(MASC,SG)	hanzeatycczi
Inflect Kòszalëno | N;NOM(SG,MASC)	Kòszalëno
Inflect aùtokefaliczny | ADJ;GEN(MASC,PL)	aùtokefalicznëch
Inflect aùtokefaliczny | ADJ;NOM(FEM,SG)	aùtokefalicznô
Inflect mùzyczny | ADJ;NOM(FEM,SG)	mùzyczné
Inflect mùzyczny | ADJ;GEN(PL,MASC)	mùzycznëch
Inflect mùzyczny | ADJ;MASC;INST;PL	mùzycznëma
Inflect mùzyczny | ADJ;NOM(FEM,SG)	mùzycznô
Inflect słowo | N;GEN(PL)	słowów
Inflect Marwica | N;FEM;LOC;SG	Marwicz
Inflect słowizna | N;DAT(SG)	slawische
Inflect òszota | N;ACC(FEM,SG)	òszoc
Inflect Genfsczi | ADJ;GEN(MASC,SG)	Genfsczégò
Inflect Lesan | N;F;NOM(SG)	Lesane
Inflect pòtrzébny | ADJ;NOM(MASC,SG)	pòtrzébny
Inflect jednostka | N;NOM(SG,FEM)	jednostka
Inflect jednostka | N;INST;SG;FEM	jednostką
Inflect Karpaty | N;GEN(PL)	Karpatów
Inflect Babié | ADJ;ACC(FEM,SG)	Babié
Inflect Róża | N;NOM(SG)	Rose
Inflect Wòjna | N;NOM(FEM,SG)	Wòjna
Inflect grzëb | N;ACC(MASC,SG)	grzib
Inflect pielësztk | N;ACC(SG)	pielëszkã
Inflect bòcón | N;NOM(MASC,SG)	bòcón
Inflect bòcón | N;GEN(SG)	bòcóna
Inflect szkólny | ADJ;NOM(MASC,PL)	szkólni
Inflect szkólny | ADJ;NOM(SG,MASC)	szkólny
Inflect szkólny | ADJ;INS(MASC,SG)	szkólnym
Inflect szkólny | ADJ;INS(PL,MASC)	szkólnymi
Inflect szkólny | ADJ;NOM(MASC,PL)	szkólné
Inflect szkólny | ADJ;GEN(MASC,SG)	szkólnégò
Inflect szkólny | ADJ;ABL(PL)	szkólnëch
Inflect szkólny | ADJ;NOM(FEM,SG)	szkólnô
Inflect jakczi | ADJ;INS(PL,MASC)	jaczimi
Inflect brać | V;NFIN;PRF	brało
Inflect Aùstralijô | N;NOM(SG,FEM)	Aùstralie
Inflect Aùstralijô | N;GEN(SG)	Aùstralii
Inflect statisticzny | ADJ;NFIN;NOM(PL)	statisticzné
Inflect jimpreza | N;LOC;PL	jimprezach
Inflect zerwańc | N;ACC(MASC,SG)	zerwańc
Inflect Przyczynek | N;NOM(SG)	Przyczynek
Inflect pòstawa | N;GEN(FEM,SG)	pòstawë
Inflect pòwstanëc | N;DAT(SG)	pòwstanié
Inflect Słôwna | N;F;NOM(SG)	Słôwna
Inflect krôjna | N;NOM(FEM,SG)	krôjna
Inflect krôjna | N;GEN(SG)	krôjnë
Inflect Stilã | N;ACC(SG)	Stilã
Inflect Sykórka | N;NOM(FEM,SG)	Sykórkòwaté
Inflect różańc | N;ACC(SG)	różańc
Inflect dinamiczny | ADJ;NOM(MASC,SG)	dinamiczny
Inflect dinamiczny | ADJ;GEN(MASC,PL)	dinamicznëch
Inflect jaki | ADJ;INS(MASC,SG)	jakim
Inflect Sën | N;ACC(SG)	Sëna
Inflect zelë | ADJ;ACC(MASC,SG)	zelégò
Inflect Kòmisëjô | N;GEN(SG)	Kòmisëji
Inflect neùtralny | ADJ;INS(MASC,SG)	neùtralnym
Inflect dzãka | V;GER;PRED	dzãka
Inflect dzãka | N;ACC(SG)	dzãkã
Inflect sãdza | N;GEN(PL)	sãdzów
Inflect Pùck | N;NOM(SG,MASC)	Pùck
Inflect Pùck | N;NOM(SG)	Pùcka
Inflect wënaszac | V;NFIN	wënaszac
Inflect kùch | N;GEN(PL)	kùchów
Inflect Mscëwòj | N;NOM(SG)	Mscëwòj
Inflect Mscëwòj | N;GEN(SG)	Mscëwòja
Inflect byc | V;IMP;PL2	Bądzta
Inflect pòtim | ADV	pòtim
Inflect fizycznô | ADJ;GEN(MASC,SG)	fizycznégò
Inflect często | ADV	Czãsto
Inflect dmùsze | ADJ;GEN(MASC,PL)	dmùsznëch
Inflect zahamòwac | V;INF	zahamòwac
Inflect Wësokô | ADJ;NOM(FEM,SG)	Wësokô
Inflect aqua | N;NOM(FEM,SG)	aquatica
Inflect kaszëbsczi | ADJ;NOM(MASC,SG)	kaszëbsczi
Inflect kaszëbsczi | ADJ;ACC(MASC,PL)	kaszëbsczich
Inflect kaszëbsczi | ADJ;INS(MASC,PL)	kaszëbsczima
Inflect kaszëbsczi | ADJ;NOM(MASC,PL)	kaszëbsczé
Inflect kaszëbsczi | ADJ;DAT(MASC,SG)	kaszëbsczémù
Inflect kaszëbsczi | ADJ;GEN(MASC,PL)	kaszëbsczëch
Inflect Realizacja | N;GEN(SG)	Realizacji
Inflect Jerzégò | N;NOM(MASC,SG)	Jerzégò
Inflect òdjimkòk | N;GEN(PL)	òdjimków
Inflect Klucz | N;NOM(SG)	Klucz
Inflect Yorka | N;F;GEN(SG)	Yorka
Inflect kamiany | ADJ;GEN(MASC,SG)	kamianégò
Inflect lëft | N;GEN(SG,MASC)	lëftu
Inflect miesąc | N;LOC;PL	miesãcach
Inflect gãba | N;NOM(SG)	gãba
Inflect gãba | N;INSTR;PL	gãbama
Inflect gãba | N;VOC(PL)	gãbie
Inflect ścisły | ADJ;NOM(MASC,SG)	ścisłé
Inflect dom | N;ACC(SG)	domã
Inflect wiôldżi | ADJ;VOC(MASC,SG)	wiôldzich
Inflect chmielińsczi | ADJ;NOM(MASC,SG)	chmielińsczi
Inflect dzéń | N;GEN(PL)	dniów
Inflect szëkòwny | ADJ;VOC(MASC,SG)	szëkòwny
Inflect szëkòwny | ADJ;NOM(FEM,PL)	szëkòwné
Inflect szëkòwny | ADJ;ACC(FEM,SG)	szëkòwną
Inflect wëbierôny | ADJ;ACC(MASC,PL)	wëbierónëch
Inflect dokazac | V;IMP;2;SG	dokôzë
Inflect Polskò | ADJ;NOM(FEM,SG)	Polskie
Inflect wëstôwk | N;GEN(PL)	wëstôwków
Inflect wëstôwk | N;DAT(SG)	wëstôwkǜ
Inflect jądrowiec | N;GEN(PL,MASC)	jądrowców
Inflect kamiannô | ADJ;NOM(FEM,SG)	kamiannô
Inflect kòń | N;F;ACC(SG)	kònną
Inflect starëj | ADJ;GEN(MASC,PL)	starëch
Inflect lëdztwo | N;INS(SG)	lëdztwã
Inflect emancypacë | N;GEN(FEM,SG)	emancypacjë
Inflect Śląskie | ADJ;NOM(PL,MASC)	Śląskie
Inflect Eskulap | N;ACC(SG,MASC)	Eskulapa
Inflect sedlësczé | N;ACC(SG)	sedlësczã
Inflect Wstrzód | ADV	Wstrzód
Inflect nôrzãdzé | N;NOM(SG)	nôrzãdzé
Inflect Eùropa | N;DAT(SG)	Eùropie
Inflect Eùropa | N;GEN(SG)	Eùropy
Inflect Eùropa | N;ACC(SG)	Eùropã
Inflect Eùropa | N;GEN(SG)	Eùropë
Inflect gregòriańsczi | ADJ;GEN(MASC,SG)	gregòriansczégò
Inflect słowôrz | N;VOC(SG)	słowôrzu
Inflect słowôrz | N;ACC(SG)	słowôrzã
Inflect żëwòródka | N;NOM(SG,FEM)	żëwòródka
Inflect rezerwat | N;NOM(SG)	rezerwat
Inflect rezerwat | N;LOC;PL	rezerwatach
Inflect rezerwat | N;INS(SG)	rezerwatã
Inflect rezerwat | N;GEN(PL)	rezerwatów
Inflect czerowôł | V;FUT;3;SG	czerowôł
Inflect słoma | N;GEN(SG)	słomë
Inflect Kréza | N;ACC(SG)	Krézu
Inflect Sląsk | N;GEN(SG)	Sląskù
Inflect Manchester | N;NOM(SG)	Manchester
Inflect Manchester | N;LOC;SG	Manchesteru
Inflect szołtëstwo | N;GEN(SG)	szołtëstwa
Inflect smãtôrz | N;NOM(SG)	smãtôrz
Inflect kùrnik | N;NOM(SG)	kùrnik
Inflect całodniowô | ADJ;NOM(FEM,SG)	całodniowô
Inflect mùzykôrz | N;NOM(MASC,SG)	muzyk
Inflect wôżny | ADJ;NOM(FEM,SG)	wôżnô
Inflect niszczi | V;CONJ;NFIN;PRF	nisczé
Inflect Halickò | ADJ;NOM(FEM,SG)	Halickò
Inflect Ennata | N;VOC(SG)	Ennate
Inflect przedłużenie | N;NOM(SG)	przedłużenié
Inflect Lëdz | N;NOM(PL)	Lëdzy
Inflect etniczne | ADV	etnicznie
Inflect ùlëbnik | N;GEN(PL)	ùlëbników
Inflect rozmiec | V;NFIN	rozmieje
Inflect lëst | N;M3;NOM(SG)	lëst
Inflect Unix | N;DAT(SG)	Unixu
Inflect Fridk | N;ACC(SG)	Fridkã
Inflect Miotka | N;ACC(SG)	Miotk
Inflect Samòbëtnô | ADJ;NOM(FEM,SG)	Samòbëtno
Inflect strachòblëwi | ADJ;NOM(MASC,SG)	strachòblëwi
Inflect przemiarz | N;LOC;SG	przemiarze
Inflect wôłtarz | N;GEN(SG)	wôłtarza
Inflect kòmùnikat | N;ACC(SG)	kòmùnikatã
Inflect doprząc | V;NFIN	dopiérze
Inflect miészańc | N;VOC(SG)	miészańcu
Inflect pòlitikôrz | N;ACC(SG)	pòlitikôrzã
Inflect śpiew | N;INS(SG)	śpiewem
Inflect Pòmòrsczi | ADJ;GEN(MASC,PL)	Pòmòrsczich
Inflect doma | N;GEN(SG)	doma
Inflect stanowisko | N;GEN(SG)	stanowiska
Inflect stanowisko | N;LOC;PL	stanowiszczach
Inflect wëcmanizna | N;ACC(SG)	wëcmaniznã
Inflect wëcmanizna | N;GEN(SG)	wëcmaniznë
Inflect Òsada | N;ACC(SG,FEM)	Òsadã
Inflect Lesznowsczi | ADJ;GEN(MASC,PL)	Lesznowsczich
Inflect przezéranié | N;GEN(SG)	przezéraniô
Inflect léczyć | V;PST;3;PL	léczële
Inflect Cronquist | N;NOM(SG)	Cronquist
Inflect Kwiat | N;NOM(PL)	Kwiôtci
Inflect historëjô | N;NOM(SG)	historëja
Inflect historëjô | N;GEN(SG)	historëji
Inflect Pòłòstwë | ADJ;NOM;VOC(PL,MASC)	Pòłòstrowë
Inflect wãdkarz | N;GEN(PL)	wãdkôrzów
Inflect weńscô | ADJ;NOM(FEM,SG)	weńscô
Inflect dokôz | N;SG;FUT	dokôz
Inflect mecze | N;NOM(PL)	mecze
Inflect Nowi | ADJ;GEN(MASC,SG)	Nowégò
Inflect zaczapanie | N;GEN(PL)	zaczapaniów
Inflect zaczapanie | N;GEN(SG)	zaczapaniô
Inflect bezsennosca | N;LOC;PL	bezsennoscach
Inflect krupa | N;NOM(FEM,SG)	Krupa
Inflect szkòła | N;NOM(SG,FEM)	Szôla
Inflect kónkel | N;NOM(SG)	Kónkel
Inflect wëkùmunë | V;PRS;3;PL	wëkùmuny
Inflect gard | N;M3;DAT(SG)	gardu
Inflect Bolivia | N;NOM(SG)	Bolivia
Inflect Księgarnia | N;ACC(SG)	Księgarnię
Inflect niewòlnik | N;NOM(MASC,SG)	niewòlnik
Inflect Dopiéro | ADV	Dopiéro
Inflect ciesla | N;ACC(SG)	cesla
Inflect szlabiza | N;ACC(SG)	szlabizã
Inflect szlabiza | N;NOM(SG)	szlabizë
Inflect zobowiązëwac | V;3;PL;PRS	zobowiązëją
Inflect Labùda | N;F;NOM(SG)	Labùdë
Inflect elektrifikacjô | N;NOM(SG,FEM)	elektrifikacjô
Inflect krãgòwiec | N;ACC(PL,MASC)	krãgòwce
Inflect trzecy | ADJ;GEN(MASC,SG)	trzecégò
Inflect Pòmòc | N;DAT(SG)	Pòmòcë
Inflect bóstwo | N;NOM(PL)	bóstwa
Inflect wòjskòwòscë | N;DAT(FEM,PL)	wòjskòwòscë
Inflect kùrs | N;NOM(MASC,SG)	kùrs
Inflect rząd | N;ACC(MASC,SG)	rząd
Inflect rząd | N;DAT(SG)	rządowi
Inflect mãster | N;NOM(PL)	méstrowie
Inflect las | N;GEN(SG)	lasaë
Inflect trëm | V;NFIN	trëmie
Inflect hòwing | N;GEN(PL)	hôwingów
Inflect zgódny | ADJ;NOM(MASC,SG)	zgódni
Inflect zgódny | ADJ;VOC(MASC,SG)	zgódnie
Inflect Reùnionia | N;DAT(SG)	Reùnionie
Inflect Bochnia | N;NOM(SG)	Bochnia
Inflect Antropològijô | N;F;NOM(SG)	Antropòlogijô
Inflect Prawòsławnô | ADJ;GEN(MASC,SG)	Prawòsławnégò
Inflect Warszawsczi | ADJ;INS(MASC,SG)	Warszawsczim
Inflect Warszawsczi | ADJ;GEN(MASC,SG)	Warszawsczégò
Inflect gbùr | N;NOM(MASC,SG)	gbùr
Inflect gbùr | N;GEN(SG)	gbùra
Inflect rosnąć | V;NFIN	rosnąc
Inflect osobowy | ADJ;NOM(MASC,SG)	osobowy
Inflect pierwiôstk | N;GEN(PL)	pierwiôstków
Inflect ludoznawstwo | N;GEN(SG)	ludoznawstwa
Inflect dzëwizna | N;F;NOM(SG)	dzëwizna
Inflect Rozmajitô | ADJ;NOM(FEM,SG)	Rozmajité
Inflect jesc | V;NFIN	jesc
Inflect rozdzelnopëłcowó | ADJ;ACC(FEM,SG)	rozdzelnopëłcowé
Inflect szlacha | N;INSTR;PL	szlachama
Inflect wiérny | ADJ;ACC(FEM,PL)	wiérné
Inflect wëża | N;GEN(SG)	wëżi
Inflect në | N;DAT(PL)	chòrëscach
Inflect herbùnk | N;NOM(MASC,SG)	herbùnk
Inflect kapela | N;NOM(SG)	kapela
Inflect kùltura | N;DAT(SG)	kùlturze
Inflect kùltura | N;ACC(SG)	kùlturã
Inflect kùltura | N;GEN(SG)	kùlturë
Inflect kùltura | N;GEN(PL)	kùlturów
Inflect kùltura | N;ACC(SG)	kùlturą
Inflect kaszëbskô | ADJ;ACC(FEM,SG)	kaszëbsku
Inflect banowé | ADJ;VOC(MASC,PL)	banowé
Inflect wiedzec | V;PRS;1;PL	wiéme
Inflect wiedzec | V;PST;1;PL	wiémë
Inflect Dzësdniowò | ADV	Dzysdniowò
Inflect akrobaticzny | ADJ;DAT(MASC,PL)	akrobaticznëch
Inflect lec | N;GEN(PL)	lecków
Inflect kùla | N;ACC(SG)	kùlã
Inflect Wëbùch | N;NOM(MASC,SG)	Wëbùch
Inflect Kaszuba | N;NOM(SG,MASC)	kaszëba
Inflect ròbòta | N;NOM(SG)	ròbòta
Inflect ròbòta | N;DAT(PL)	ròbòtach
Inflect Kujawë | N;NOM(PL)	Kujawë
Inflect widzałié | V;PST;3;PL	widzałé
Inflect kardynał | N;GEN(SG)	kardynała
Inflect mierzenie | N;LOC;SG;NEUT	mierzeniu
Inflect zaòstac | V;NFIN	zaòstaniô
Inflect Grzenia | N;NOM(FEM,SG)	Grzenia
Inflect spiéwôk | N;GEN(PL)	spiéwôków
Inflect wiôlgòsc | N;NOM(FEM,SG)	wiôlgòsc
Inflect wiôlgòsc | N;DAT(SG)	wiôlgòscë
Inflect Stefan | N;M;GEN(SG)	Stefana
Inflect Stefan | N;ACC(SG)	Stefani
Inflect Stefan | N;VOC(MASC,SG)	Stefano
Inflect francëszkan | N;GEN(MASC,PL)	francëszkanów
Inflect neologizm | N;INST;PL	neologizmama
Inflect Wojewóda | N;LOC;SG	Wòjewództwie
Inflect nôterny | ADJ;ACC(SG,NEUT)	nôterno
Inflect piramida | N;VOC(SG)	piramide
Inflect piramida | N;ACC(SG)	piramidë
Inflect wëwiadë | N;NOM(PL)	wëwiadë
Inflect swiãto | N;VOC(SG)	swiãta
Inflect zelónkòwatë | ADJ;DAT(PL,MASC)	zelónkòwatëch
Inflect techniczny | ADJ;NOM(MASC,SG)	techniczny
Inflect wëbrac | V;INF	wëbrac
Inflect dobrô | ADJ;GEN(PL,MASC,INAN)	dobrëch
Inflect Bichòwka | N;NOM(FEM,SG)	Bichòwkò
Inflect brzózczka | N;GEN(SG)	brzózczi
Inflect òkrãt | N;M3;NOM(SG)	òkrãt
Inflect òkrãt | N;GEN(PL)	òkrãta
Inflect analogia | N;LOC;PL	analogiach
Inflect schòdzë | V;IMPF;NFIN	schòdze
Inflect zarobiony | ADJ;ACC(MASC,PL)	zarobionëch
Inflect poseł | N;NOM(PL)	posłowie
Inflect sóm | ADJ;GEN(MASC,SG)	sômégò
Inflect polskë | ADJ;NOM(PL,MASC)	polskie
Inflect zdôlny | ADJ;GEN(PL,MASC,ANIM)	zdôlnëch
Inflect dokònanóm | N;DAT(PL)	dokònaniom
Inflect Anna | N;VOC(SG)	Anne
Inflect Anna | N;ACC(SG)	Annã
Inflect Anna | N;GEN(SG)	Annë
Inflect abraz | N;NOM(PL)	abrazëji
Inflect òbrządk | N;MASC;SG;LOC	òbrządk
Inflect òbrządk | N;LOC;PL	òbrządkach
Inflect òbrządk | N;GEN(SG)	òbrządkù
Inflect òpùszka | N;INSTR;PL	òpùszkama
Inflect nëkac | V;NDIR;3;SG	nëkô
Inflect ùczëc | V;PST;3;PL	ùczëłë
Inflect parc | N;ACC(FEM,SG)	parva
Inflect nôlepszô | ADJ;NOM(FEM,SG)	nôlepszô
Inflect stóna | N;LOC;PL	stónach
Inflect òrganizator | N;ACC(SG)	òrganizatorã
Inflect sytuacja | N;NOM(FEM,SG)	sytuacja
Inflect sytuacja | N;LOC;PL	sytuacjach
Inflect sytuacja | N;INS(SG)	sytuacją
Inflect Ursus | N;NOM(MASC,SG)	Ursus
Inflect agroturistyczny | ADJ;GEN(MASC,SG)	agroturisticznégò
Inflect ùsôdzëna | N;F;INS(SG)	ùsôdzenim
Inflect wiôldżi | ADJ;VOC(MASC,SG)	wiôldzédò
Inflect wiôldżi | ADJ;GEN(MASC,PL)	wiôldżich
Inflect wiôldżi | ADJ;INS(MASC,SG)	wiôldżim
Inflect wiôldżi | ADJ;GEN(MASC,SG)	wiôldżégò
Inflect wiôldżi | ADJ;GEN(MASC,PL)	wiôldżëch
Inflect wiôldżi | ADJ;ACC(FEM,SG)	wiôldżą
Inflect pòzéwac | V;NFIN;PRF;PSIV	pòzéwóno
Inflect wspòmink | N;GEN(SG)	wspóminkù
Inflect pòdania | N;GEN(PL)	pòdaniów
Inflect pierwszi | ADJ;ACC(FEM,SG)	pierwszą
Inflect neùtronowë | ADJ;NOM(FEM,SG)	neùtronowô
Inflect nordza | N;GEN(SG)	nordzë
Inflect czëszczenié | N;INS(SG)	czëszczeniém
Inflect widzec | V;PRS;3;SG	widze
Inflect furmanka | N;LOC;PL	furmankach
Inflect blëza | N;VOC(SG)	blëze
Inflect Błótny | ADJ;NOM(MASC,SG)	Błotny
Inflect Ùczba | N;GEN(FEM,SG)	Ùczbë
Inflect szëk | V;IMP;2;SG	szëkù
Inflect hipertekst | N;GEN(SG)	hipertekstu
Inflect japonskô | ADJ;NOM(MASC,SG)	Japòńsczi
Inflect šahrestón | N;NOM(MASC,SG)	šahrestán
Inflect przełómanié | N;GEN(SG)	przełómaniégò
Inflect kaplicã | N;ACC(FEM,SG)	kaplëcã
Inflect Andorra | N;NOM(SG)	Andorra
Inflect wërobienié | N;GEN(SG,MASC)	wërobieniégò
Inflect licencëjô | N;GEN(SG)	licencëji
Inflect gôdka | N;LOC;PL	gôdkach
Inflect gôdka | N;GEN(PL)	gôdków
Inflect wlëga | N;INST;PL	wlëgama
Inflect nonejszy | ADJ;CMPR;NSUP	nonejszich
Inflect własność | N;GEN(FEM,SG)	własnoscë
Inflect Pòlacy | N;NOM(PL,MASC)	Pòlacy
Inflect Córkô | N;NOM(SG)	Córkô
Inflect przechòdzëc | V;INF	przechôdac
Inflect znacząco | ADV	znacząco
Inflect piwòwar | N;NOM(PL)	piwòwarë
Inflect brónia | N;GEN(SG)	bróni
Inflect grôc | V;INF	grac
Inflect Meleagris | N;NOM(SG)	Meleagris
Inflect wanożëc | V;NFIN	wanożą
Inflect rozlegli | ADJ;INS(MASC,SG)	rozległim
Inflect antologiô | N;NOM(SG,FEM)	antologiô
Inflect wiarã | N;ACC(SG)	wiarë
Inflect runita | N;GEN(PL)	runitów
Inflect runita | N;F;ACC(SG)	runitą
Inflect przeszkòda | N;NOM(PL)	przeszkòda
Inflect przëmiór | N;NOM(SG)	przëmiór
Inflect gòłąb | N;NOM(SG)	gòłąb
Inflect encyclopaedia | N;NOM(SG)	Encyclopædia
Inflect lir | N;ACC(FEM,SG)	lirã
Inflect głodë | N;INS(SG)	głodã
Inflect mësz | N;DAT(PL)	mëszama
Inflect Póna | N;GEN(FEM,SG)	pòna
Inflect rezultat | N;INS(SG)	rezultatã
Inflect sekcja | N;GEN(SG)	sekcje
Inflect Nôprzód | ADV	Nôprzód
Inflect Norte | N;NOM(MASC,SG)	Norte
Inflect pòwstańc | N;VOC(PL)	pòwstańczy
Inflect smãtarz | N;DAT(SG)	smãtarze
Inflect inštalacija | N;GEN(SG)	jinstalacji
Inflect dbać | V;NFIN;INF	dbanié
Inflect spòr | ADV	spòrò
Inflect twórca | N;GEN(PL,MASC)	ùtwórców
Inflect editora | N;DAT(FEM,SG)	editorë
Inflect transneptunowy | ADJ;NOM(SG,MASC)	transneptunowy
Inflect rep | N;GEN(PL)	repens
Inflect szkòda | N;NOM(SG)	szkòda
Inflect stanica | N;ACC(SG)	stanicã
Inflect stanica | N;FEM;LOC;SG	stanicë
Inflect stanica | N;GEN(PL,MASC)	staniców
Inflect wôrtnota | N;NOM(FEM,SG)	wôrtnota
Inflect Gwiôzdô | N;ACC(SG,FEM)	Gwiôzdą
Inflect broda | N;ACC(SG)	brodą
Inflect Subisławice | N;GEN(MASC,PL)	Subisławiców
Inflect Czeliszcz | N;NOM(PL)	Czeliszczi
Inflect Czorlińsczi | ADJ;INS(MASC,SG)	Czorlińścim
Inflect lëczebnosc | N;GEN(SG)	lëczebnoscë
Inflect kòntrastnë | ADJ;GEN(MASC,PL)	kòntrastnëch
Inflect bielëna | N;NOM(FEM,SG)	bielëna
Inflect zależność | N;FEM;SG;LOC	zależnosce
Inflect prëmitwny | ADJ;ACC(SG,FEM)	primitwną
Inflect kónsolowô | ADJ;NOM(FEM,SG)	kónsolowô
Inflect instruktor | N;ACC(SG)	Jinstruktorã
Inflect ruchana | V;PPAS;FEM;SG	ruchnama
Inflect prekùrsor | N;ACC(SG)	prekùrsorã
Inflect Suzi | N;NOM(FEM,SG)	Suzi
Inflect chrztu | N;GEN(SG)	chrztu
Inflect chłop | N;NOM(SG)	chłop
Inflect chłop | N;GEN(SG)	chłopa
Inflect chłop | N;NOM(PL)	chłopi
Inflect Kanadejsczi | ADJ;MASC;PL	Kanadejsczi
Inflect kronika | N;DAT(SG)	kronice
Inflect kronika | N;LOC;F;PL	kronikach
Inflect napęd | N;INS(SG)	napędem
Inflect Rëbackô | ADJ;NOM(FEM,SG)	Rëbackô
Inflect minysterstwò | N;LOC;SG	minysterstwie
Inflect minysterstwò | N;GEN(PL)	minysterstwów
Inflect werazny | ADJ;NOM(MASC,SG)	werazny
Inflect pòpularny | ADJ;NOM(MASC,SG)	pòpularny
Inflect pòpularny | ADJ;NOM(FEM,SG)	pòpularnô
Inflect zëmna | ADJ;NOM(FEM,SG)	zëmna
Inflect idaeus | V;NFIN	idaeus
Inflect Sejm | N;GEN(SG)	Sejmù
Inflect ùżëc | V;PST;PL;MASC	ùżëwelë
Inflect ùdbac | V;FIN;3;PL	ùdbã
Inflect drut | N;INS(FEM,SG)	drutã
Inflect achtné | V;PST;PPFV;IMPRS	achtnione
Inflect Europejskô | ADJ;NOM(MASC,PL)	Europejsczi
Inflect pòstąp | N;NOM(SG)	pòstãpô
Inflect tłumienie | N;NOM(SG)	tłumienié
Inflect XIXwieczny | ADJ;MASC;LOC;SG	XIXwiecznym
Inflect gospodëniô | N;DAT(PL)	gòspòdënióm
Inflect òstri | ADJ;ACC(FEM,SG)	òstré
Inflect biwaniek | V;NFIN	biwanié
Inflect ôrta | N;LOC;SG	ôrte
Inflect wôżëc | V;INF	wôżëc
Inflect Częstochowa | N;F;NOM(SG)	Częstochòwa
Inflect jawernota | N;ACC(SG)	jawernotã
Inflect mòzajka | N;GEN(SG)	mòzajczi
Inflect wëstãpòwac | V;INF	wëstãpòwac
Inflect brzadowno | ADV;LOC	brzadowno
Inflect ùran | N;ACC(SG)	ùranu
Inflect sprawa | N;GEN(PL,MASC)	sprawów
Inflect rewizjô | N;F;NOM(SG)	rewizjô
Inflect głëchi | ADJ;INS(MASC,PL)	głëchòniemëch
Inflect kòntuar | N;INSTR;SG	kòntuarã
Inflect Rzim | N;GEN(SG)	Rzëmù
Inflect drësznô | ADJ;NOM(FEM,SG)	drësznô
Inflect rolny | ADJ;NOM(PL,MASC)	Rolne
Inflect szëchta | N;NOM(PL)	szëchtë
Inflect Nón | N;NOM(SG)	Kanón
Inflect bòcónowatë | ADJ;GEN(MASC,PL)	bòcónowatëch
Inflect pòdobny | ADJ;NOM(MASC,SG)	pòdobno
Inflect pòdobny | ADJ;MASC;PRED;SG	pòdobny
Inflect pòdobny | ADJ;NOM(FEM,SG)	pòdobnô
Inflect grzeniéga | N;GEN(MASC,SG)	grzeniégò
Inflect sprôwòwanié | N;GEN(SG)	sprôwòwaniô
Inflect Kòmderski | ADJ;NOM(FEM,SG)	Kòmderskô
Inflect sërpiń | N;MASC;SG;LOC	sërpiń
Inflect gòscyńc | N;NOM(SG)	gòscyńc
Inflect afrikańsczi | ADJ;VOC(MASC,PL)	afrikańsczé
Inflect dotacja | N;DAT(PL)	dotacjama
Inflect praktyka | N;GEN(PL,MASC)	praktików
Inflect pismienizna | N;GEN(SG)	pismieniznë
Inflect seminariô | N;GEN(SG)	seminarii
Inflect Czijanczi | N;NOM(FEM,PL)	Czijanczi
Inflect Marëjô | N;GEN(SG)	Mariji
Inflect òdniesenié | N;LOC;SG	òdnieseniu
Inflect światowy | ADJ;GEN(FEM,SG)	światowej
Inflect szlacheta | N;GEN(SG)	szlachù
Inflect bliza | N;ACC(SG)	blizą
Inflect Jigrzësk | N;GEN(PL)	Jigrzësków
Inflect ADJ | ADJ;NOM(FEM,SG)	niskò
Inflect mistrz | N;INS(SG,MASC)	mistrzã
Inflect Aniel | N;DAT(FEM,SG)	Anieli
Inflect wersja | N;NOM(SG)	Wersja
Inflect ópôdënk | N;ACC(SG)	ópôdënkã
Inflect séka | N;ACC(SG,FEM)	sécy
Inflect mały | ADJ;ACC(PL,MASC)	małé
Inflect mały | ADJ;GEN(MASC,SG)	małégò
Inflect Bùdzësz | N;NOM(SG)	Bùdzësza
Inflect Pòmerania | N;GEN(SG)	Pòmeranii
Inflect bëlny | ADJ;NOM(MASC,SG)	bëlny
Inflect Kùkùridza | N;NOM(SG,FEM)	Kùkùridza
Inflect Kazimierz | N;GEN(MASC,SG)	Kazimierza
Inflect Ruchb | V;IMP;2;SG	Ruchb
Inflect strëch | N;NOM(SG)	strëch
Inflect Wiôlgòpòlska | ADJ;DAT(FEM,SG)	Wiôlgòpòlsce
Inflect rodzëna | N;DAT(SG)	rodzënie
Inflect rodzëna | N;VOC(SG)	rodzëné
Inflect oprzéczanié | N;GEN(SG)	oprzéczaniô
Inflect bruno | ADJ;NOM(MASC,SG)	bruno
Inflect teòlogia | N;ACC(SG)	teòlogiã
Inflect kraljevstvo | N;NOM(SG)	kraljevstvo
Inflect Żëcé | N;NOM(SG)	Życie
Inflect paczënowac | V;INF	paczënowac
Inflect òdpòwiesc | N;ACC(SG)	òdpòwiescą
Inflect rozój | N;GEN(SG)	rozòju
Inflect harmònia | N;DAT(SG)	harmònii
Inflect fabla | N;NOM(SG)	fabla
Inflect górotwórczosc | N;GEN(SG)	górotwórczoscë
Inflect sredniô | ADJ;NOM(FEM,SG)	sredniô
Inflect Pòtãga | N;GEN(SG)	Pòtãgòwa
Inflect kòróna | N;DAT(SG)	kòrónie
Inflect kòróna | N;ACC(SG)	kòrónę
Inflect wëstawic | V;INF	wëstawic
Inflect Etnografné | ADJ;NOM(PL,FEM)	Etnografné
Inflect Armia | N;GEN(SG)	Armiji
Inflect Armia | N;ACC(SG)	Armią
Inflect Armia | N;NOM(SG)	Army
Inflect Chòje | N;NOM(PL)	Chòjnë
Inflect leżeć | V;APRES;IMPF	leżąc
Inflect Përzëcë | V;IMPF;NFIN;PRS	Përzëcë
Inflect kwiat | N;NOM(SG)	Kwiat
Inflect Karël | N;GEN(MASC,SG)	Charlesa
Inflect pùpka | N;GEN(SG)	pùpczi
Inflect paczënë | N;LOC;PL	paczënach
Inflect wąscziGò | ADJ;ACC(MASC,SG)	wąsczégò
Inflect bùlwa | N;F;NOM(PL)	bùlwë
Inflect bùlwa | ADJ;ACC(FEM,SG)	bùlwòwé
Inflect bùlwa | N;GEN(PL)	bùlwów
Inflect testament | N;ACC(MASC,SG)	Testament
Inflect dzejownik | N;INS(SG)	dzejownikã
Inflect Dôlëboga | N;NOM(SG,MASC)	Dôlëbóg
Inflect układ | N;NOM(PL)	układë
Inflect układ | N;GEN(PL)	układów
Inflect rzëczny | ADJ;M;GEN(PL)	rzëcznech
Inflect piôskòwny | ADJ;GEN(MASC,PL)	piôskòwëch
Inflect miészëzna | N;GEN(SG)	miészëznë
Inflect miészëzna | N;GEN(PL)	miészëznów
Inflect miészëzna | N;NOM(SG)	miészëzną
Inflect znajôrz | N;GEN(SG)	znajôrza
Inflect òdpòczëwac | V;INF	òdpòczëwac
Inflect Antón | N;GEN(SG)	Antona
Inflect pòda | V;IMP;2;SG	pode
Inflect bóstwo | N;GEN(PL)	bóstwów
Inflect wùlkan | N;GEN(PL)	wùlkanów
Inflect przeżëcac | V;PROG;INF	przeżëcach
Inflect òkùpacja | N;GEN(SG)	òkùpacji
Inflect statk | N;NOM(PL)	statczi
Inflect wrócëc | V;NFIN	wrôcô
Inflect kilométer | N;NOM(SG)	kilométer
Inflect Manager | N;NOM(PL)	Manager
Inflect querquedula | N;NOM(SG,FEM)	querquedula
Inflect skòczëc | V;IMP;PL;VFIN	skòczci
Inflect Frederick | N;F;SG	Fredericka
Inflect uwôżanié | N;INS(SG)	uwôżaniém
Inflect Bukowina | N;NOM(SG)	Bukowina
Inflect Samòródka | N;NOM(FEM,SG)	Samòródka
Inflect buta | N;GEN(PL)	buten
Inflect Ksiãga | N;F;NOM(SG)	Księga
Inflect rëbôk | N;NOM(PL)	Rëbôcë
Inflect metoda | N;NOM(SG,FEM)	metoda
Inflect spiéwôrka | N;ACC(SG,FEM)	spiéwôrką
Inflect czôrny | ADJ;ACC(SG,MASC)	Czarne
Inflect Kwiat | N;NOM(PL)	Kwiatë
Inflect stórô | ADJ;ACC(FEM,SG)	stóri
Inflect ksążãcé | N;NOM(NEUT,SG)	ksążãcé
Inflect pãgwic | N;GEN(FEM,PL)	pãgwiców
Inflect słowo | N;NOM(PL)	Słowa
Inflect Kòrinca | N;DAT(FEM,SG)	Kòrince
Inflect starzë | N;DAT(SG,FEM)	starë
Inflect brōza | N;FEM;LOC;SG	bronzë
Inflect Sétmelëstkòwi | N;DAT(SG,MASC)	Sétmelëstkòwi
Inflect Kalifornijô | N;GEN(SG)	Kalifòrnijë
Inflect dzyw | N;NOM(SG)	dzyw
Inflect Instytut | N;GEN(SG)	Instytutu
Inflect bednarstwo | N;LOC;SG	bednarstwie
Inflect kòlãda | N;NOM(PL)	kòlãdë
Inflect crex | V;NFIN	crex
Inflect rug | N;F;NOM(SG)	rugosa
Inflect Krziż | N;NOM(PL)	Krziże
Inflect brzad | N;INS(MASC,SG)	brzadem
Inflect Prôw | N;M;NOM(SG)	Prôw
Inflect krój | N;GEN(SG)	krôju
Inflect jezoro | N;INS(PL)	jezorami
Inflect jezoro | N;NOM(NEUT,SG)	jezoro
Inflect jezoro | N;DAT(SG)	jezorze
Inflect jezoro | N;ACC(SG)	jezorã
Inflect jezoro | N;GEN(PL)	jezorów
Inflect Rehabilitacja | N;NOM(FEM,PL)	Rehabilitacje
Inflect midzënôrodné | ADJ;NOM(PL,MASC,INAN)	midzënôrodné
Inflect krza | N;GEN(FEM,SG)	krza
Inflect kùra | N;ACC(SG,FEM)	kùrã
Inflect rzôdnô | ADJ;ACC(FEM,SG)	rôdną
Inflect pòzdrówk | N;M3;NOM(SG)	pòzdrówk
Inflect Gwësny | ADJ;NOM(MASC,SG)	Gwësny
Inflect widok | N;NOM(SG)	Widok
Inflect òbòwiązk | N;NOM(PL)	òbòwiązczi
Inflect Lubòtnica | N;DAT(PL)	Lubòtnikama
Inflect òbédnã | V;FUT;SG;1	òbéńdã
Inflect jistnienie | N;NOM(SG)	jistnienié
Inflect góra | N;NOM(MASC,SG)	Gora
Inflect góra | N;LOC;SG	Gore
Inflect pòlskòsc | N;GEN(SG)	pòlskòscë
Inflect bôczenié | V;NFIN	bôczenié
Inflect identifikacjô | N;ACC(SG)	identifikacëjã
Inflect Òrganizacëjô | N;GEN(SG)	Òrganizacëje
Inflect òdżin | N;NOM(MASC,SG)	òdżin
Inflect Mòtława | N;F;NOM(SG)	Mòtława
Inflect drużënowi | ADJ;GEN(FEM,SG)	drużënowej
Inflect pòwiedzenié | N;NOM(NEUT,SG)	pòwiedzenié
Inflect wielnota | N;F;NOM(SG)	wielnota
Inflect wòjewòda | N;NOM(SG)	wòjewòda
Inflect Włodarczyk | N;NOM(SG,MASC)	Włodarczyk
Inflect pipa | N;NOM(SG)	pipa
Inflect djakònisa | N;DAT(FEM,SG)	diakònise
Inflect ptôszë | ADJ;NOM(FEM,SG)	ptôszô
Inflect piérszô | ADJ;NOM(FEM,SG)	piérszô
Inflect skrzëniowô | ADJ;VOC(MASC,SG)	skrzëniowi
Inflect Gòrzczi | ADJ;M;NOM(SG)	Gòrzczi
Inflect badér | N;NOM(PL)	badérowie
Inflect dłôwnica | N;NOM(SG)	dłôwnica
Inflect Pòlinezyczi | ADJ;GEN(MASC,PL)	Pòlinezyjsczich
Inflect Òdrodzeniô | N;GEN(SG)	Òdrodzeniô
Inflect Dolnô | ADJ;NOM(FEM,SG)	Dolnô
Inflect werset | N;NOM(SG)	werset
Inflect werset | N;INS(FEM,PL)	wersetama
Inflect malarskô | ADJ;NOM(FEM,SG)	malarskô
Inflect Sjónowô | ADJ;NOM(FEM,SG)	Sjónowò
Inflect ùwôga | N;ACC(SG)	ùwôgã
Inflect pòwiesc | N;FEM;SG	pòwiesc
Inflect zbiérk | N;NOM(SG)	zbiërk
Inflect gòtòwy | ADJ;DAT(FEM,SG)	gòtowi
Inflect bakterijny | ADJ;FOR;INS(PL,MASC)	bakterijnyma
Inflect sztorm | N;NOM(SG)	sztorm
Inflect nôlepi | ADV;SUP	nôlepié
Inflect cządnik | N;COM;INS(PL)	cządnikama
Inflect cządnik | N;INS(SG,MASC)	cządnikã
Inflect Rëna | N;NOM(SG)	Rëna
Inflect chłop | N;ACC(SG)	Maniewidem
Inflect substrat | N;GEN(SG)	substratu
Inflect Òwca | N;NOM(FEM,SG)	Òwczô
Inflect Aleksandria | N;GEN(FEM,SG)	Aleksandrii
Inflect mëdło | N;NOM(SG)	mëdło
Inflect dostatk | N;M3;NOM(SG)	dostatk
Inflect ekran | N;LOC;SG	ekranié
Inflect ekran | N;NOM(PL)	ekrany
Inflect wdôrzanié | N;GEN(SG)	wdôrzaniô
Inflect kwitnąc | V;INF	kwitnąc
Inflect Pòlanowô | N;ACC(SG,FEM)	Pòlanowã
Inflect òléj | N;NOM(SG)	òléj
Inflect Madagaskar | N;GEN(MASC,SG)	Madagaskaru
Inflect mądrość | N;NOM(SG)	mądrosc
Inflect bala | N;NOM(PL)	Bala
Inflect brzmienie | N;DAT(SG)	brzmienim
Inflect wirus | N;NOM(PL)	wirusë
Inflect apòstolsczi | ADJ;NOM(MASC,SG)	apòstolsczi
Inflect apòstolsczi | ADJ;GEN(MASC,PL)	apòstolsczich
Inflect Egid | N;ACC(SG)	Egidę
Inflect Starogarda | N;F;NOM(SG)	Starogarda
Inflect Watikón | N;LOC;SG	Watikanie
Inflect lińcuch | N;GEN(PL)	lińcuszny
Inflect browarnia | N;LOC;PL	browarniach
Inflect alternatiwny | ADJ;NOM(PL,MASC)	alternatiwné
Inflect rekreacja | N;GEN(SG)	rekreacji
Inflect lég | N;GEN(PL)	légów
Inflect rëchtowac | V;NFIN	rëchtowa
Inflect rëchtowac | V;INF	rëchtowac
Inflect apartnia | N;ACC(FEM,SG)	apartnią
Inflect Jagielón | N;GEN(PL)	Jagielonów
Inflect przédni | ADJ;ACC(MASC,PL)	przédnich
Inflect Londinie | N;LOC;SG	Londinie
Inflect chòtka | N;F;ACC(SG)	chòtkò
Inflect môłk | ADJ;VOC(MASC,SG)	môłkù
Inflect Krziżôk | N;INST;PL	Krziżôkama
Inflect wëdanié | N;LOC;SG	wëdanim
Inflect wëdanié | N;NOM(SG)	wëdanié
Inflect wëdanié | N;INS(SG)	wëdaniém
Inflect ùmiejãtnosc | N;DAT(SG)	ùmiejãtnoscë
Inflect officinalis | ADJ;NOM(MASC,SG)	officinalis
Inflect dzéwùs | N;GEN(PL)	dzéwùsów
Inflect rodzëc | N;INSTR;PL	Rodzëcama
Inflect Lëzbòn | N;NOM(PL)	Lëzbònë
Inflect òznajmiwić | V;3;SG;FUT;PFV	òznajmiwô
Inflect flexuosus | ADJ;NOM(FEM,SG)	flexuosa
Inflect dôwnë | ADJ;NOM(FEM,SG)	dôwnô
Inflect Tomaczkòwsczi | ADJ;ACC(MASC,SG)	Tomaczkòwsczégò
Inflect Lewô | ADJ;NOM(FEM,SG)	Lewô
Inflect òrtuwiek | N;DAT(SG)	ôrtuwiekù
Inflect Stepenitza | N;NOM(FEM,SG)	Stepenitze
Inflect intelektualny | ADJ;INS(MASC,SG)	intelektualnym
Inflect gòspòdarz | N;GEN(SG)	gòspòdarza
Inflect gòspòdarz | N;NOM(PL)	gòspòdarze
Inflect kòlona | N;NOM(PL)	kòlonie
Inflect europejski | ADJ;NOM(FEM,SG)	eùropejskô
Inflect Pan | N;GEN(SG)	Pana
Inflect gwësno | ADV	gwësno
Inflect aktórsczi | ADJ;NOM(MASC,SG)	aktórsczi
Inflect parafia | N;GEN(SG)	parafii
Inflect òznôczëc | V;IND;SG;3	òznôczô
Inflect leżenié | N;GEN(SG)	leżeniô
Inflect przód | N;NOM(PL)	przódë
Inflect òżenić | V;NFIN	òżenia
Inflect atlas | N;GEN(SG)	atlasu
Inflect chrzescëjón | N;F;INS(PL)	chrzescëjónama
Inflect chrzescëjón | N;NOM(PL)	chrzescëjónie
Inflect pògòda | N;GEN(SG)	pògòdë
Inflect pògòda | N;ACC(SG)	pògòdą
Inflect zebróny | ADJ;GEN(PL,MASC,INAN)	zebrónëch
Inflect liberalnô | ADJ;NOM(FEM,SG)	liberalnô
Inflect magnéz | N;GEN(SG)	magnézu
Inflect bùcha | N;GEN(FEM,SG)	bùchë
Inflect Sédrgard | N;GEN(SG)	Sédrgardu
Inflect zôpôdnosłowiańsczi | ADJ;M;GEN(PL)	zôpôdnosłowióńsczich
Inflect Słëpsk | N;VOC(SG)	Słëpskù
Inflect kòszowi | ADJ;NOM(MASC,PL)	kòszowi
Inflect Dlôte | ADV	dlôte
Inflect Dekalog | N;NOM(SG)	Dekalog
Inflect młodzi | ADJ;GEN(MASC,PL)	młodich
Inflect młodzi | ADJ;VOC(MASC,SG)	młodze
Inflect sekunda | N;ACC(FEM,SG)	sekundë
Inflect szlak | N;NOM(SG,MASC)	szlach
Inflect strach | N;NOM(MASC,SG)	strach
Inflect rabùszny | ADJ;NOM(FEM,SG)	rabùsznô
Inflect Rodowô | ADJ;NOM(FEM,SG)	Rodowô
Inflect jôrmarkòwë | ADJ;ACC(FEM,SG)	jôrmarkòwą
Inflect Bùdowa | N;NOM(SG)	Bùdowa
Inflect zachãcëc | V;INF	zachãcëc
Inflect Pszczëła | N;NOM(SG)	Pszczelô
Inflect niewidoczny | ADJ;NOM(FEM,SG)	niewidocznô
Inflect rësznota | N;F;NOM(SG)	rësznota
Inflect jedinë | ADJ;INS(MASC,SG)	jedinym
Inflect czãstô | ADJ;NOM(FEM,SG)	czãstô
Inflect scrofa | N;NOM(FEM,SG)	scrofa
Inflect nisczi | V;PRS;3;SG	nisczi
Inflect istnik | N;NOM(PL)	jistniczi
Inflect auto | N;NOM(SG,NEUT)	auto
Inflect dôlny | ADJ;NOM(MASC,SG)	dôlny
Inflect pòlsczi | ADJ;GEN(MASC,PL)	polsczich
Inflect miono | N;INST;PL;FEM	mionama
Inflect miono | N;NOM(SG,NEUT)	miono
Inflect brëkòwny | ADJ;NOM(MASC,SG)	brëkòwny
Inflect sztãga | N;LOC;SG	sztãdze
Inflect zniszczeniô | N;GEN(SG)	zniszczeniô
Inflect Dzëk | ADJ;NOM(FEM,SG)	Dzëkô
Inflect mas | N;GEN(SG)	masë
Inflect żirafa | N;GEN(PL,MASC)	żirafòwatëch
Inflect trenowac | V;PST;MASC;SG	trenowôł
Inflect Lutrina | N;GEN(FEM,SG)	Lutrinae
Inflect blondynka | N;GEN(FEM,SG)	blondynki
Inflect inhalacja | N;LOC;PL	inhalacjach
Inflect Zakón | N;NOM(SG)	Zakón
Inflect turisticzny | ADJ;NOM(MASC,SG)	turisticzny
Inflect turisticzny | ADJ;GEN(MASC,PL)	turisticznëch
Inflect dosc | ADV	dosc
Inflect współrobòca | N;LOC;SG	współrobòce
Inflect sledzowaty | ADJ;GEN(MASC,PL)	sledzowatëch
Inflect chòdzenié | N;GEN(SG)	chòdzeniô
Inflect krëszka | N;ACC(PL)	krëszczi
Inflect krëszka | N;NOM(FEM,SG)	krëszka
Inflect Roscë | V;NFIN	Roscë
Inflect pòtôp | N;VOC(SG)	pòtopie
Inflect stoli | N;DAT(PL)	stalatim
Inflect dwòzôk | N;GEN(PL)	dwaznaków
Inflect film | N;NOM(SG)	Film
Inflect film | N;NOM(PL)	Filmy
Inflect prostopadłôrz | N;ACC(SG)	prostopadłé
Inflect sëpac | V;NFIN	sëpaniô
Inflect Kaszëbë | N;NOM(PL)	Kuszaby
Inflect wcãti | V;NFIN	wcãti
Inflect Zëmnica | N;NOM(SG)	Zëmnica
Inflect Domôcô | ADJ;NOM(FEM,SG)	Domôcô
Inflect kątowy | ADJ;NOM(FEM,SG)	kątowô
Inflect założëcél | N;INST;SG	założëcélã
Inflect Hejtuz | N;NOM(PL)	Hejtuz
Inflect Kòstoba | N;F;NOM(SG)	Kòstoba
Inflect kalëna | N;NOM(FEM,SG)	kalëna
Inflect wãbôrk | N;NOM(PL)	wãbórczi
Inflect canin | N;GEN(FEM,SG)	canina
Inflect winik | N;M;DAT(SG)	winikù
Inflect óbecnie | ADV	óbecnie
Inflect Czaplinek | N;SG	Czaplinek
Inflect Teritorialny | ADJ;NOM(MASC,SG)	Teritorialny
Inflect kùńc | N;DAT(SG)	kùńcu
Inflect fùndacëjô | N;GEN(SG)	fùńdacje
Inflect erupcja | N;GEN(PL)	erupcjow
Inflect Rusze | N;NOM(PL)	Rusje
Inflect ôrt | N;GEN(SG)	ôrtu
Inflect Andrisowa | N;GEN(FEM,PL)	Andrisów
Inflect papież | N;NOM(SG)	papież
Inflect papież | N;GEN(SG)	papieża
Inflect òkrążi | ADJ;GEN(MASC,SG)	òkrãżégò
Inflect Wipera | N;NOM(SG)	Vipera
Inflect Majewnik | N;NOM(SG)	Majewnik
Inflect artikiel | N;GEN(PL)	artiklów
Inflect pòmòcny | ADJ;NOM(MASC,SG)	pòmòcny
Inflect rozkawałkòwóni | ADJ;INS(MASC,SG)	rozkawałkòwónim
Inflect szlacheckô | ADJ;NOM(FEM,SG)	szlacheckô
Inflect jasny | ADJ;NOM(FEM,SG)	jasnô
Inflect zëbranic | N;GEN(PL)	zëbranich
Inflect radnica | N;NOM(PL)	radnicë
Inflect rozmiar | N;GEN(MASC,PL)	rozmiarów
Inflect klawesyn | N;DAT(PL)	klawesynie
Inflect dinastia | N;ACC(SG)	dinastiã
Inflect ùczony | ADJ;MASC;SG;LOC	ùczonym
Inflect prąd | N;GEN(SG)	prądë
Inflect prąd | N;MASCINAN;GEN(PL)	prądów
Inflect Psalm | N;NOM(SG)	Psalm
Inflect Psalm | N;LOC;SG	Psalmie
Inflect Federowicz | N;ACC(SG)	Federowicza
Inflect pòl | N;GEN(PL)	pôlów
Inflect jinszi | ADJ;ACC(MASC,SG)	jinszégò
Inflect jinszi | ADJ;INS(PL,MASC)	jinszëma
Inflect Miszewo | N;LOC;SG	Miszewie
Inflect Irak | N;GEN(SG)	Iraku
Inflect senator | N;GEN(MASC,PL)	senatorów
Inflect òbòwionzk | N;NOM(SG)	òbòwiązk
Inflect Pellew | N;NOM(SG)	Pellów
Inflect fòlwark | N;NOM(SG)	fòlwark
Inflect fòlwark | N;INS(PL)	fòlwarkama
Inflect fòlwark | N;ACC(SG)	fòlwarkã
Inflect òrgón | N;GEN(PL)	òrganów
Inflect francësczi | ADJ;INS(MASC,SG)	francësczim
Inflect fùzja | N;GEN(SG)	fùzji
Inflect Witkiewicz | N;GEN(MASC,SG)	Witkiewicza
Inflect zdrewniały | ADJ;GEN(MASC,PL)	zdrewniałëch
Inflect wëdôwac | V;INF	wëdôwac
Inflect Kòmańdersczi | ADJ;INS(MASC,SG)	Kòmańdérsczim
Inflect doktór | N;GEN(SG)	doktora
Inflect aerofón | N;GEN(PL)	aerofònów
Inflect Austria | N;GEN(SG)	Austrii
Inflect wëmiôtac | V;NFIN	wëmiôtaniu
Inflect nok | N;NOM(PL)	nokce
Inflect oktawa | N;ACC(SG)	oktawã
Inflect Wòdzera | N;LOC;PL	Wòdzeradach
Inflect zarechòwać | V;NFIN	zarechòwëwają
Inflect czepiec | N;LOC;PL	czepcach
Inflect diphtheriae | N;GEN(PL)	diphtheriae
Inflect szczęście | N;GEN(SG)	szczęścia
Inflect zainteresowanie | N;GEN(SG)	zainteresowania
Inflect papiórnô | ADJ;NOM(FEM,SG)	papiórnô
Inflect Séwnica | N;NOM(FEM,SG)	Séwnica
Inflect kalk | N;ACC(SG)	kalk
Inflect lëpny | ADJ;NOM(MASC,SG)	lëpny
Inflect finansowac | V;FIN;3;PL	finansowë
Inflect òbchòdzëc | V;NFIN	òbchòdzymë
Inflect òbchòdzëc | V;PRS;3;SG	òbchódô
Inflect akumulacja | N;GEN(SG)	akumulacji
Inflect Serakòjce | N;LOC;PL	Serakòjcach
Inflect Serakòjce | N;NOM(PL)	Serakòjce
Inflect cëzi | ADJ;GEN(PL,MASC)	cëzëch
Inflect czierënk | N;M3;NOM(SG)	czierënk
Inflect zbiorowy | ADJ;NOM(FEM,SG)	zbiorowa
Inflect tłusty | ADJ;NOM(FEM,SG)	Thuczna
Inflect sprawȯwac | N;INST;SG	sprawą
Inflect egzemplôrz | N;NOM(PL)	egzemplôrzy
Inflect wënëkac | V;NFIN	wënëkóny
Inflect serwis | N;GEN(SG)	serwisu
Inflect serwis | N;NOM(PL)	serwisy
Inflect Pòmòrze | N;GEN(SG)	Pòmòrza
Inflect ùrządzenié | N;NOM(PL)	ùrządzenia
Inflect ùrządzenié | N;NOM(SG)	ùrządzenié
Inflect òtemknienié | N;NOM(NEUT,SG)	òtemknienié
Inflect òtemknienié | N;GEN(SG)	òtemknieniô
Inflect wëplôtanié | V;NFIN;PRS;IMPF	wëplôtatają
Inflect Płëwać | V;NFIN	Płëwają
Inflect filomata | N;GEN(PL)	filomatów
Inflect ewentualny | ADJ;NOM(FEM,SG)	ewentualno
Inflect jezoro | N;GEN(PL)	Jezorów
Inflect glauc | ADJ;NOM(FEM,SG)	glauca
Inflect gard | N;NOM(SG)	gard
Inflect okno | N;LOC;PL	òknach
Inflect pszczoła | N;GEN(SG)	pszczeli
Inflect numer | N;NOM(SG)	numer
Inflect pòjedinczi | ADJ;M;NOM(SG)	pòjedinczi
Inflect Szóstô | ADJ;NOM(FEM,SG)	Szóstô
Inflect Prowansalski | ADJ;NOM(MASC,SG)	Prowansalsczi
Inflect sztuka | N;GEN(SG)	sztuki
Inflect żôgiel | N;F;INS(SG)	żôglama
Inflect miejski | ADJ;NOM(MASC,SG)	Miejski
Inflect Nimbostratus | N;NOM(SG)	Nimbostratus
Inflect papiór | N;GEN(SG)	papióru
Inflect papiór | N;LOC;SG;M3	papiórze
Inflect cadło | N;GEN(PL)	calów
Inflect pògwizdëwac | V;INF	pògwizdëwac
Inflect dwùlatny | ADJ;F;ACC(SG)	dwalatną
Inflect Hitler | N;GEN(SG)	Hitlera
Inflect Gdùńskk | ADJ;GEN(MASC,SG)	Gdùńszczégò
Inflect Rosëjô | N;GEN(SG)	Rosëji
Inflect Wëdôwizna | N;NOM(SG)	Wëdôwizna
Inflect spòr | N;INS(FEM,SG)	spòrama
Inflect krewniôczk | N;ACC(SG)	krewniôczkã
Inflect òléwsczi | ADJ;VOC(MASC,SG)	òlëwsczi
Inflect demokracëjô | N;NOM(SG,FEM)	demokracëja
Inflect demokracëjô | N;ACC(SG,FEM)	demokracëją
Inflect kraterë | N;ABL(FEM,SG)	kraterë
Inflect łebk | N;NOM(PL)	łebczi
Inflect kwitnąc | V;NFIN	kwitnie
Inflect Aktiwny | ADJ;NOM(MASC,SG)	Aktiwny
Inflect zachòwać | V;NFIN;PASS;PRF	zachòwanim
Inflect wëkòrzëstanié | N;NOM(SG)	wëkòrzystanié
Inflect kòrzéń | N;LOC;SG	kòrzeni
Inflect héklôcza | N;FEM;SG	héklôcza
Inflect mòcny | ADJ;NOM(MASC,SG)	mócny
Inflect wiktoria | N;DAT(SG,FEM)	wiktowi
Inflect pisklãtõ | ADJ;NOM(PL)	pisklãta
Inflect Òstrowa | N;M3;NOM(PL)	Òstrowë
Inflect kùrka | N;GEN(PL)	kùrk
Inflect sejc | V;SG;3;PRS	seje
Inflect lëteracki | ADJ;INS(MASC,SG)	lëteracczim
Inflect mòc | N;ACC(SG)	mòcą
Inflect Stążka | N;NOM(PL)	Stążczi
Inflect potrafic | V;FIN;3;SG	pòtrafi
Inflect Pòwiôtowi | ADJ;GEN(MASC,SG)	Pòwiatowégò
Inflect adómòwë | ADJ;VOC(MASC,SG)	atomòwi
Inflect przindnosc | N;NOM(FEM,SG)	przindnosc
Inflect rówizna | N;GEN(SG)	rówiznë
Inflect rówizna | N;INS(SG,FEM)	rówizną
Inflect Chëz | N;GEN(PL)	Chyzin
Inflect przódeczasnô | ADJ;F;INS(SG)	przódeczasnym
Inflect rësznotã | N;ACC(SG)	rësznotã
Inflect brodã | N;ACC(FEM,SG)	brodë
Inflect trzeci | ADJ;NOM(MASC,SG)	trzecy
Inflect elektrocepłowniô | N;NOM(SG,FEM)	elektrocepłowniô
Inflect zgryz | N;GEN(SG)	zgryzu
Inflect stróż | N;GEN(FEM,SG)	stróża
Inflect swinia | N;F;NOM(PL)	swinie
Inflect swinia | N;GEN(PL)	swiniów
Inflect kaszket | N;NOM(SG,MASC)	Kaszket
Inflect pòsc | N;NOM(PL)	pòsce
Inflect czinnosc | N;NOM(SG,FEM)	czinnosc
Inflect cassubische | ADJ;NOM(FEM,SG)	cassubische
Inflect kòsz | N;NOM(SG)	kòsz
Inflect kòsz | N;NOM(PL)	kòsze
Inflect Romaniô | N;NOM(SG)	Romaniô
Inflect Głowa | N;INS(SG)	Głową
Inflect jazda | N;NOM(SG)	jazda
Inflect znaczny | ADJ;ACC(MASC,SG)	Znaczni
Inflect Miodowô | ADJ;NOM(FEM,SG)	Miodowô
Inflect miecz | N;NOM(SG)	miecz
Inflect miecz | N;INS(SG)	mieczem
Inflect miecz | N;INST;SG	mieczã
Inflect miecz | N;LOC;SG	mieczą
Inflect biôłka | N;GEN(SG)	biôłczi
Inflect przedstôwc | N;ACC(SG)	przedstôwcã
Inflect elemeńt | N;VOC(PL)	elemeńtë
Inflect pùstk | N;GEN(SG)	pùstczi
Inflect Grónland | N;NOM(SG,MASC)	Grønland
Inflect kùtra | N;LOC;PL	kùtrach
Inflect kùtra | N;NOM(PL)	kùtrë
Inflect gónia | N;VOC(SG)	gónie
Inflect pielgrzimkòwô | ADJ;INS(MASC,SG)	pielgrzimkòwim
Inflect pielgrzimkòwô | ADJ;NOM(FEM,SG)	pielgrzimkòwô
Inflect òdcëgnąc | V;NFIN;PRF	òdcygnąc
Inflect Kùńc | N;NOM(SG)	Kùńc
Inflect produktiwny | ADJ;NOM(MASC,SG)	produktiwny
Inflect obrzészny | ADJ;INS(MASC,SG)	obrzésznym
Inflect rolniczy | ADJ;GEN(MASC,PL)	rolniczych
Inflect Kaszuba | N;MASC;PL;LOC	Kaszubach
Inflect trãbôcz | V;IMP;SG;2	trãbôcz
Inflect òbszar | N;GEN(PL,MASC)	òbszarów
Inflect Szerszeń | N;NOM(SG)	Szerszéń
Inflect indywidualny | ADJ;GEN(MASC,SG)	indiwidualnégò
Inflect Mikòłaj | N;GEN;VOC(MASC,SG)	Mikòłaja
Inflect Hewò | ADV	hewò
Inflect brzëmienió | N;DAT(SG,NEUT)	brzëmieniu
Inflect Pisklã | N;NOM(PL)	Pisklãta
Inflect tradicjô | N;F;NOM(SG)	Tradicjô
Inflect telewizëjô | N;GEN(SG)	telewizëji
Inflect przëdróżnikòwatëch | ADJ;GEN(MASC,PL)	przëdróżnikòwatëch
Inflect pòprôwac | V;IMP;PFV	pòprôwë
Inflect strata | N;VOC(SG)	stratë
Inflect zając | N;NOM(SG)	zajc
Inflect szczyt | N;INST;SG	szczytem
Inflect Sprôwny | ADJ;INS(MASC,SG)	Sprôwnym
Inflect często | ADV	często
Inflect môlë | V;IMP;PL;2	môlë
Inflect misjónôrz | N;NOM(SG)	misjónôrz
Inflect Frãcëszka | N;NOM(FEM,SG)	Frãcëszka
Inflect Szmaragd | N;NOM(SG)	Szmaragd
Inflect grobnica | N;NOM(FEM,SG)	grobnica
Inflect grobnica | N;GEN(FEM,SG)	grobnice
Inflect nôdinamiczny | ADJ;VOC(MASC,SG)	nôdinamiczni
Inflect bëdło | N;NOM(SG)	bëdło
Inflect nordowòkòrejański | ADJ;ACC(FEM,SG)	nordowòkòrejańską
Inflect jańioł | N;INS(SG)	janiołã
Inflect Pierre | N;DAT(SG)	Pierreowi
Inflect jinteligencëjô | N;GEN(SG)	jinteligencëji
Inflect Królestwò | N;GEN(SG)	Królestwa
Inflect Królestwò | N;NOM(SG,NEUT)	Królestwò
Inflect Wrëka | N;NOM(SG)	Wrëcza
Inflect ksãżstwò | N;NOM(SG,NEUT)	ksãżstwò
Inflect przechòdzyc | V;NFIN	przechòdzy
Inflect Sadzenié | V;NFIN;INF	Sadzenié
Inflect stalinowsci | ADJ;INS(MASC,SG)	stalinowsczim
Inflect trasianka | N;NOM(FEM,PL)	trasianczi
Inflect szlak | N;GEN(SG)	szlaku
Inflect szlak | N;GEN(SG)	szlakù
Inflect arijsczi | ADJ;NOM(MASC,PL)	arijsczi
Inflect gòspòdarstwò | N;GEN(SG)	gòspòdarstwa
Inflect gòspòdarstwò | N;GEN(PL)	gòspòdarstwów
Inflect pòsélëc | V;PRS;3;SG	pòsélô
Inflect pòprôwdzerzëc | V;IMP;PL;REF	pòprôwdze
Inflect rzec | V;INF	rzec
Inflect półkòwnik | N;NOM(SG,MASC)	półkòwnik
Inflect dochôdac | V;CVB;IMPF	dochôdającë
Inflect Krzëżôk | N;NOM(PL)	Krzëżôcë
Inflect Krzëżôk | N;GEN(PL)	Krzëżôków
Inflect Wielkopolski | ADJ;NOM(SG,MASC)	Wielkopolski
Inflect Krokòwò | N;F;NOM(SG)	Krokòwò
Inflect Ùmarłi | ADJ;VOC(MASC,SG)	Ùmartégò
Inflect dokùmentacëjô | N;GEN(SG)	dokùmentacëji
Inflect drzewianié | N;GEN(SG)	drzenieniô
Inflect kapłańsczi | ADJ;VOC(MASC,SG)	kapłańsczi
Inflect zróżnicowóny | ADJ;NOM(FEM,PL)	zróżnicowóné
Inflect kôrta | N;ACC(SG)	kôrtã
Inflect kôrta | N;NOM(PL)	kôrtë
Inflect robic | V;INF	robic
Inflect Krënica | N;DAT(FEM,SG)	Krënicë
Inflect Kukulëca | N;NOM(SG)	Kukùlëca
Inflect Luzula | N;F;NOM(SG)	Luzula
Inflect czôrny | ADJ;NOM(FEM,SG)	czôrna
Inflect wietewka | N;GEN(SG)	wietewczi
Inflect wietewka | N;DIM;GEN(PL)	wietewków
Inflect Ball | N;ACC(SG)	Ballët
Inflect midza | N;DAT(FEM,PL)	midze
Inflect krtań | N;GEN(SG)	krtani
Inflect zrãczny | ADJ;NOM(MASC,SG)	zrãczny
Inflect sistemë | N;GEN(MASC,SG)	sistemù
Inflect rzemieśnik | N;NOM(MASC,SG)	rzemiãsnik
Inflect kaktus | N;PL	kaktusë
Inflect bes | N;DAT(SG)	besu
Inflect mòralny | ADJ;INS(MASC,SG)	mòralnym
Inflect ôrt | N;INS(SG)	ôrtã
Inflect ôrt | N;ACC(PL)	ôrtë
Inflect wiãkszi | ADJ;CMPR	wiãkszi
Inflect amerikańsczi | ADJ;NOM(MASC,SG)	amerikańsczi
Inflect tëkac | V;FIN	tëkac
Inflect kòło | N;LOC;SG	kòle
Inflect Architektura | N;ACC(SG)	Architekturë
Inflect argùmént | N;ACC(SG)	argùmentã
Inflect wespółaùtorstwò | N;NOM(SG,NEUT)	wespółaùtorstwò
Inflect smierc | N;GEN(SG)	śmierci
Inflect grzëba | N;F;NOM(SG)	grzëba
Inflect cëchi | ADJ;NOM(MASC,SG)	cëszi
Inflect spòlizna | N;LOC;SG;FEM	spòlëznym
Inflect dokùmeńt | N;GEN(PL)	dokùmeńtów
Inflect kartka | N;GEN(SG)	kartësczi
Inflect zbiór | N;NOM(SG)	zbiór
Inflect zacmienim | V;FUT;SG;1	zacmienim
Inflect violaceus | ADJ;NOM(MASC,SG)	violaceus
Inflect dozdrzelałégò | ADJ;GEN(MASC,SG)	dozdrzelałégò
Inflect wrzós | N;NOM(SG)	wrzos
Inflect rōdeùs | N;M;NOM(SG)	Rhodeus
Inflect karno | N;GEN(PL)	karnów
Inflect wirusowi | ADJ;GEN(MASC,SG)	wirusowégò
Inflect gùrcëc | V;PRS;3;SG	gùrczi
Inflect pòsłóny | ADJ;NOM(MASC,PL)	pòsłóny
Inflect prôca | N;ACC(SG)	prôc
Inflect lëteùsczi | ADJ;GEN(MASC,PL)	lëtewsczich
Inflect króm | N;SG;FUT	kròm
Inflect spòdli | N;GEN(SG)	spòdlé
Inflect sadzy | V;SUB(3,SG)	sadzy
Inflect ilosc | N;LOC;PL	iloscach
Inflect Kąkol | N;NOM(MASC,SG)	Kąkel
Inflect Gardneńsczi | ADJ;INS(MASC,SG)	Gardneńsczim
Inflect gard | N;MASC;INST;SG	gardóm
Inflect gard | N;GEN(PL)	gardów
Inflect całô | ADJ;NOM(FEM,SG)	Całô
Inflect jagòda | N;ACC(SG,FEM)	jagòdã
Inflect jagòda | N;NOM(FEM,PL)	jagòdë
Inflect jagòda | N;F;NOM(SG)	jagòdô
Inflect jakbe | V;PST;3;SG	jakbe
Inflect inwesticëja | N;GEN(SG)	inwesticëji
Inflect lékarskô | ADJ;NOM(FEM,SG)	lékarsczé
Inflect rozestać | V;PST;MASC;SG	rozestôł
Inflect Miodnô | ADJ;NOM(FEM,SG)	Miodnô
Inflect kòntakt | N;GEN(PL)	kòntaktów
Inflect pòrtugalskô | ADJ;ACC(FEM,SG)	pòrtugalskù
Inflect rozwijac | V;IMP;SG;2	rozwij
Inflect jeséń | N;NOM(SG)	jeséń
Inflect szmùgiel | N;VOC(SG)	szmùglu
Inflect Herã | N;ACC(SG)	Herã
Inflect brunô | ADJ;NOM(FEM,SG)	brunô
Inflect brunô | ADJ;ACC(FEM,SG)	bruną
Inflect strona | N;ACC(SG)	stronã
Inflect òsël | N;NOM(MASC,SG)	òseł
Inflect Jirlandja | N;F;INS(SG)	Jirlandjiã
Inflect òdzwierciedlenim | N;INS(SG)	òdzwierciedlenim
Inflect Ontario | N;NOM(SG)	Ontario
Inflect widzënkòwi | ADJ;NOM(FEM,SG)	widzënkòwô
Inflect Pòbòżnosc | N;NOM(FEM,SG)	Pòbòżnosc
Inflect Kwasnica | N;NOM(SG)	Kwasnica
Inflect daleczi | ADJ;NOM(FEM,SG)	dalekô
Inflect wilk | N;ACC(SG)	wilka
Inflect wilk | N;GEN(PL,MASC)	wilków
Inflect Gutland | N;NOM(SG)	Gutland
Inflect Dólnégò | ADJ;ACC(MASC,SG)	dólnô
Inflect wëmòwa | N;F;ACC(SG)	wëmòwã
Inflect Bôłt | N;DAT(SG)	Bôłtowi
Inflect Bedeker | N;NOM(SG)	Bedeker
Inflect galaretowaty | ADJ;ACC(FEM,SG)	galaretowatą
Inflect teatr | N;DAT(SG)	teatru
Inflect ógón | N;GEN(SG)	ógóna
Inflect kréz | N;GEN(PL,MASC)	krézów
Inflect òliwny | ADJ;NOM(MASC,SG)	òliwny
Inflect szari | ADJ;GEN(MASC,SG)	szarégò
Inflect palëta | N;F;NOM(SG)	paleta
Inflect gòspòdënia | N;ACC(SG,FEM)	gòspòdënią
Inflect gryps | N;NOM(SG)	gryps
Inflect ritmika | N;FEM;LOC;SG	ritmice
Inflect palësznica | N;NOM(SG)	palësznica
Inflect zgnojenie | N;GEN(PL)	zgnojeniów
Inflect zetknięcie | N;NOM(SG)	zetnienié
Inflect Ùkłȏdȏ | N;NOM(FEM,SG)	Ùkłȏdȏ
Inflect pòtrzebny | ADJ;ACC(SG,FEM)	pòtrzébną
Inflect swiëtowi | ADJ;NOM(MASC,PL)	swiatowi
Inflect miesãcznikÙ | N;DAT(MASC,SG)	miesãcznikù
Inflect miedwiédz | N;NOM(SG)	miedwiédz
Inflect armija | N;ACC(SG)	armijã
Inflect kapùsta | N;NOM(FEM,SG)	kapùsta
Inflect kapùsta | N;GEN(SG)	kapùstë
Inflect grónkòwnô | N;NOM(FEM,SG)	grónkòwniô
Inflect stôrodony | ADJ;NOM(MASC,SG)	stôrodóny
Inflect żëwnota | N;ACC(SG)	żëwnotë
Inflect żëwnota | N;INST;SG	żëwnotą
Inflect spùstny | ADJ;NOM(MASC,SG)	spùstny
Inflect wiãkszosc | N;GEN(SG)	wiãkszoscë
Inflect miarzenié | N;GEN(SG)	mierzeniô
Inflect pòliticzny | ADJ;NOM(FEM,SG)	pòliticznô
Inflect Bògùsłôw | N;NOM(SG)	Bògùsłôw
Inflect Lasowô | ADJ;NOM(FEM,SG)	Lasowô
Inflect Linuk | N;GEN(FEM,SG)	Linuksa
Inflect publiczy | ADJ;NOM(MASC,SG)	Public
Inflect archeòlodzë | N;NOM(PL)	archeòlodzë
Inflect mùlk | N;ACC(SG)	mùlkã
Inflect seminja | N;ACC(SG)	seminny
Inflect test | N;GEN(PL)	testów
Inflect sztabilny | ADJ;GEN(MASC,SG)	sztabilnégò
Inflect sztabilny | ADJ;GEN(MASC,PL)	sztabilnëch
Inflect bezùgòdny | ADJ;NON;NOM(PL,MASC,HUM)	bezùgòdowé
Inflect dzélk | N;INST;PL;F	dzélkama
Inflect ùrzãdzëc | V;IMP;PL;SEC	ùrzãdë
Inflect kilométrë | N;NOM(PL)	kilométrë
Inflect gôdka | N;VOC(SG)	gôdce
Inflect biegac | V;INF	biegac
Inflect Szymborska | N;NOM(FEM,SG)	Szymborska
Inflect Kafarnaùm | N;LOC;SG	Kafarnaùmie
Inflect róża | N;NOM(FEM,SG)	róża
Inflect Etiopia | N;GEN(SG)	Etiopii
Inflect wëdónié | N;NOM(NEUT,SG)	wëdónié
Inflect barżi | ADV	barżi
Inflect stolaté | ADJ;MASC;INST;SG	stolatégò
Inflect sztôłc | N;DAT(SG,FEM)	sztôłce
Inflect wëbór | N;M3;NOM(SG)	wëbór
Inflect zôpadze | V;NFIN	zôpadze
Inflect kloczk | N;ABL(PL)	klocczi
Inflect Tybetansczëk | ADJ;NOM(FEM,SG)	Tybetańskô
Inflect kómps | N;ACC(SG)	Kumsu
Inflect Pùcczi | ADJ;NOM(MASC,PL)	Pùcczi
Inflect patronka | N;ACC(SG)	patronkã
Inflect okres | N;LOC;SG	okresie
Inflect pòlskòmiemieckô | ADJ;NOM(FEM,SG)	pòlskòmiemieckô
Inflect stalëtia | N;GEN(SG)	stalatégò
Inflect Saxonijo | N;VOC(SG)	Saxoniae
Inflect nórt | N;GEN(PL)	nórtów
Inflect perzinka | N;ACC(SG)	perzinkã
Inflect skòrznia | N;NOM(SG)	skòrznia
Inflect Strzédnowieczny | ADJ;NOM(FEM,SG)	Strzédnowiecznô
Inflect wizyta | N;GEN(SG)	wizytë
Inflect kréza | N;VOC(PL)	krézë
Inflect parliamentô | N;NOM(SG)	parliment
Inflect ùtwórca | N;NOM(SG)	ùtwórca
Inflect ùtwórca | N;INSTR;PL	ùtwórcama
Inflect nierównosc | N;ACC(PL)	nierównoscë
Inflect Wejherowo | N;NOM(SG)	Wejherowo
Inflect bioetika | N;ACC(FEM,SG)	bioetik
Inflect dłoniastë | ADJ;ACC(FEM,PL)	dłoniasté
Inflect filozofia | N;ACC(SG)	filozofiã
Inflect ùrzãdno | ADJ;NOM(FEM,SG)	ùrzãdno
Inflect ùrzãdno | ADJ;NOM(FEM,SG)	ùrzãdné
Inflect wòjewództwò | N;LOC;SG	wòjewództwie
Inflect wòjewództwò | N;NOM(SG,NEUT)	wòjewództwò
Inflect wòjewództwò | N;GEN(PL)	wòjewództwów
Inflect wòjewództwò | N;DAT(SG)	wòjewództwù
Inflect dzys | N;GEN(SG)	dzysu
Inflect wschòdny | ADJ;INS(MASC,SG)	wschòdnym
Inflect ZDROWY | ADJ;NOM(FEM,SG)	Zdrowé
Inflect wszelejaczi | ADJ;NOM(FEM,SG)	wszelejakô
Inflect przezdrzélnik | N;GEN(PL)	przezdrzélników
Inflect cwiczënk | N;GEN(PL)	cwiczënków
Inflect kòłôcz | N;INS(PL)	kòłôczama
Inflect kòłôcz | N;INS(PL)	kòłôczami
Inflect Nampho | N;F;NOM(SG)	Nampho
Inflect pòkrëk | N;NOM(SG)	pòkrok
Inflect rëna | N;DAT(SG)	rënë
Inflect Hawana | N;NOM(FEM,SG)	Hawana
Inflect malënowi | ADJ;NOM(MASC,SG)	malënowi
Inflect gatëncë | N;NOM(PL)	gatënczi
Inflect mitka | N;GEN(SG)	mitczi
Inflect mitka | N;GEN(FEM,SG)	mitkò
Inflect wòrkòwati | V;NFIN	wòrkòwati
Inflect plebiscyt | N;LOC;SG;MASC	plebiscyce
Inflect plebiscyt | N;LOC;SG	plebiscycie
Inflect Òrganowô | ADJ;NOM(FEM,SG)	Òrganowô
Inflect Minysterstwò | N;NOM(SG)	Minysterstwò
Inflect spiéw | V;SG;IMP	spiéw
Inflect charakter | N;NOM(SG)	charakter
Inflect Babilonjô | N;GEN(SG)	Babilonji
Inflect Wdzydze | N;LOC;PL	Wdzydzach
Inflect młodzy | ADJ;NOM(FEM,SG)	nômłodszô
Inflect strzodowiskò | N;LOC;SG	strzodowiskù
Inflect parcelacjô | N;GEN(SG)	parcelacji
Inflect Pòmòrza | N;NOM(SG)	Pòmòrzô
Inflect Cruce | N;ACC(SG)	Cruce
Inflect plugina | N;GEN(SG)	Pluginsama
Inflect wërzucëc | V;NFIN	wërzucô
Inflect spòłeczeństwò | N;NOM(SG)	spòłeczeństwò
Inflect wspòminka | N;LOC;PL	wspòminkach
Inflect Krzón | N;NOM(SG,MASC)	Krzón
Inflect pòlszczi | ADJ;VOC(MASC,SG)	pòlsczéhô
Inflect Seczkarz | N;NOM(FEM,SG)	Seczkarka
Inflect Wittelsbach | N;DAT(PL)	Wittelsbachama
Inflect Antón | N;GEN(MASC,SG)	Antóna
Inflect mączkòwnica | N;ACC(FEM,PL)	mączkòwnicë
Inflect zëgmùntowsczi | ADJ;ACC(PL,MASC)	zëgmùntowsczich
Inflect mòwa | N;NOM(SG)	Mòwa
Inflect warëc | V;NFIN	warëją
Inflect kło | N;GEN(PL)	kłów
Inflect zôchãcywac | V;INF	zôchãcywac
Inflect krukòvac | V;TR;IMPF;INF	krukòvati
Inflect głëpòta | N;GEN(SG)	głëpòtë
Inflect jednoroczny | ADJ;NOM(MASC,SG)	jednoroczny
Inflect jednoroczny | ADJ;NOM(FEM,SG)	jednorocznô
Inflect żółtobiôłi | ADJ;NOM(MASC,SG)	żółtobiôłi
Inflect kangùra | N;NOM(PL)	kangùrë
Inflect kôń | N;GEN(PL)	kònno
Inflect spanié | V;NFIN	spanié
Inflect dokładny | ADJ;NOM(MASC,SG)	dokładny
Inflect dokładny | ADJ;INS(MASC,SG)	dokładnym
Inflect dokładny | ADJ;GEN(MASC,SG)	dokładnégò
Inflect wstëdléwi | ADJ;NOM(FEM,SG)	wstëdléwa
Inflect zdënk | N;NOM(SG,MASC)	zdënk
Inflect chwôtac | V;3;PL;PRS	chwôtają
Inflect prowincyjô | N;GEN(SG)	prowincëji
Inflect egzamina | N;NOM(PL)	egzaminë
Inflect Kòminôrz | N;FK;NOM(SG)	Kòminôrz
Inflect erozja | N;GEN(SG)	erozji
Inflect pòchôdanié | N;GEN(SG)	pòchôdaniégò
Inflect bògaty | ADJ;INS(MASC,SG)	bògato
Inflect pùdło | N;NOM(SG)	Pùdło
Inflect prawòsłôwny | ADJ;NOM(MASC,SG)	prawòsłôwny
Inflect Szëflada | N;NOM(SG)	Szëflôda
Inflect swiat | N;NOM(MASC,SG)	swiat
Inflect kamizna | N;LOC;PL	kamiznach
Inflect kamizna | N;ACC(PL)	kamiznë
Inflect Misgurnus | N;NOM(SG)	Misgurnus
Inflect włożëc | V;INF	włożëc
Inflect zwikszanié | N;GEN(SG)	zwikszaniô
Inflect dopełnienié | N;NOM(SG)	dopełnienié
Inflect òlsza | N;NOM(FEM,SG)	ólszka
Inflect òstrzegawic | ADJ;VOC(MASC,SG)	òstrzegawczi
Inflect klaun | N;ACC(SG)	klauna
Inflect Szlapnik | N;NOM(SG,MASC)	Szlapnik
Inflect ùczeń | N;DAT(PL)	ùczebnym
Inflect proza | N;NOM(SG)	proza
Inflect rozpùszczëc | V;INF	rozpùszczëc
Inflect prësczi | ADJ;VOC(MASC,SG)	prësczé
Inflect substancja | N;INS(SG)	substancją
Inflect Pichlón | N;NOM(PL,MASC)	Pichlónë
Inflect Wëbrzeżé | N;GEN(SG)	Wëbrzeżégò
Inflect òbkrëwac | V;IMP;3;SG	òbkriwô
Inflect lágòwë | ADJ;VOC(MASC,SG)	lãgòwi
Inflect ùszónowac | V;INF	ùszónowac
Inflect Danuta | N;NOM(FEM,SG)	Danuta
Inflect przydroże | N;LOC;PL	przydrożach
Inflect kwiôt | N;M3;NOM(SG)	kwiôt
Inflect Parlament | N;GEN(SG)	Parlamentu
Inflect długi | ADJ;INS(FEM,SG)	dłdżima
Inflect kònfesjonalnô | ADJ;GEN(MASC,PL)	kònfesjonalnëch
Inflect dostôwać | V;NFIN	dostôwajã
Inflect kaszëbsczi | ADJ;NOM(FEM,SG)	kaszubska
Inflect kaszëbsczi | ADJ;ACC(MASC,PL)	kaszubskich
Inflect kaszëbsczi | ADJ;GEN(MASC,SG)	kaszubskiego
Inflect półkula | N;GEN(SG)	półkùgli
Inflect zboże | N;GEN(PL)	zbóż
Inflect pòdjimca | N;ACC(PL)	pòdjimcowie
Inflect jądrowi | ADJ;NOM(PL,MASC)	jądrowé
Inflect Državna | ADJ;F;NOM(SG)	Državna
Inflect Wëspa | N;GEN(SG)	Wëspë
Inflect Gazeta | N;NOM(FEM,SG)	Gazetë
Inflect Tropaeolum | N;NOM(SG)	Tropaeolum
Inflect Niemiec | N;GEN(PL)	Niemców
Inflect Prowincëjô | N;NOM(SG,FEM)	Prowincëjô
Inflect błona | N;ACC(SG)	błonã
Inflect dłëgô | ADJ;GEN(FEM,PL)	dłùżawë
Inflect môłdżawskô | ADJ;ACC(FEM,SG)	môłdawską
Inflect britijsczi | ADJ;NOM(MASC,PL)	britijsczi
Inflect ùznaczenié | N;INS(SG)	ùznaniém
Inflect òbszar | N;MASC;SG	òbszar
Inflect Jastarniô | N;NOM(SG,FEM)	Jastarné
Inflect wëwòłac | V;INF	wëwòłac
Inflect sparłączënia | N;NOM(PL)	sparłãczënia
Inflect wëkònôwôcz | N;VOC(PL)	wëkònôwôczë
Inflect repòrtaż | N;NOM(SG)	repòrtaż
Inflect bëtnictwò | N;NOM(NEUT,SG)	bëtnictwò
Inflect rozcëvac | V;PRS;3;PL	roscënama
Inflect Baech | N;DAT(SG)	Baechu
Inflect dżudo | N;NOM(SG)	judo
Inflect Jerozolëma | N;NOM(SG)	Jerozolëma
Inflect kòlónia | N;GEN(PL)	kòloniów
Inflect kandidat | N;ACC(SG)	kandidatã
Inflect kandidat | N;GEN(PL,MASC)	kandidatów
Inflect sëchta | N;NOM(PL)	Sëchtë
Inflect pòrënkòwi | ADJ;INS(MASC,SG)	pòrënkòwim
Inflect karn | N;NOM(SG)	Karno
Inflect struga | N;F;ACC(SG)	strużką
Inflect òsóbny | ADJ;NOM(MASC,SG)	òsóbny
Inflect òkrãtnica | N;NOM(FEM,PL)	òkrãtniczi
Inflect tajny | ADJ;NOM(MASC,SG)	tajny
Inflect bjedny | ADJ;GEN(MASC,SG)	biédnégó
Inflect Kadzmiérz | N;FEM;SG	Kadzmiérz
Inflect zapadłi | ADJ;GEN(MASC,SG)	zapadłégò
Inflect Nawetka | N;FEM;SG	Nawetka
Inflect jida | V;NFIN	jôda
Inflect sfòrmòwac | V;INF	sfòrmòwac
Inflect ekspònat | N;GEN(PL)	ekspònatów
Inflect Dãbògóra | N;ACC(SG)	Dãbògórã
Inflect wòda | N;LOC;PL	wòdach
Inflect trasa | N;LOC;SG	traëse
Inflect lipic | N;GEN(SG)	lipińca
Inflect hazardnica | N;F;NOM(PL)	hazardnicë
Inflect kòmandëch | N;GEN(PL)	kòmańdë
Inflect sostra | N;ACC(PL)	sostry
Inflect sostra | N;GEN(PL)	sostrów
Inflect agencja | N;GEN(SG)	agencjë
Inflect Magnolia | N;NOM(SG)	Magnolia
Inflect pòliticzny | ADJ;NOM(PL,MASC)	pòliticzne
Inflect pòliticzny | ADJ;F;ACC(SG)	pòliticzno
Inflect pòliticzny | ADJ;NOM(MASC,SG)	pòliticzny
Inflect pòliticzny | ADJ;INS(MASC,SG)	pòliticznym
Inflect pòliticzny | ADJ;INS(MASC,PL)	pòliticznyma
Inflect ùCZËC | V;INF	ùczëc
Inflect chtërny | ADJ;NOM(MASC,SG)	chtërny
Inflect chtërny | ADJ;NOM(PL,MASC)	chtërné
Inflect chtërny | ADJ;ACC(MASC,SG)	chtërnégò
Inflect parafijalnô | ADJ;NOM(FEM,SG)	parafijalnô
Inflect wielotómòwy | ADJ;NOM(FEM,SG)	wielotomòwô
Inflect chiża | N;ACC(PL)	chiże
Inflect pòstawic | V;INF	pòstawic
Inflect cwiardë | ADJ;INS(MASC,SG)	cwiardim
Inflect familiô | N;NOM(SG)	familië
Inflect liturgiô | N;DAT(SG)	liturgie
Inflect temperatura | N;LOC;SG	temperaraturze
Inflect temperatura | N;NOM(SG)	temperatura
Inflect temperatura | N;INSTR;PL	temperaturama
Inflect mały | ADJ;ACC(FEM,SG)	małą
Inflect badżeriąjba | V;IPFV;IND;NFIN	badérëje
Inflect lékarskji | ADJ;NOM(MASC,SG)	Lékarsczi
Inflect Pommerellen | N;ACC(SG)	Pommerellen
Inflect archikatedralny | ADJ;NOM(FEM,SG)	archikatedralna
Inflect parafialnô | ADJ;NOM(FEM,SG)	parafialnô
Inflect Grëpa | N;NOM(FEM,SG)	Grëpa
Inflect Grëpa | N;DAT(SG)	Grëpie
Inflect żôłtoczôrny | ADJ;GEN(MASC,PL)	żôłtoczôrnëch
Inflect mnich | N;NOM(SG)	mnich
Inflect roslënny | ADJ;INS(MASC,SG)	roslënny
Inflect sklav | N;NOM(MASC,SG)	sklavus
Inflect zmartwëchwstanié | N;LOC;SG	zmartwëchwstanim
Inflect jisz | ADV	jisz
Inflect browar | N;GEN(MASC,SG)	browaru
Inflect technik | N;F;INS(SG)	techniką
Inflect dorada | N;GEN(PL)	doradów
Inflect przerôbiac | V;NFIN;CONV	przerôbianié
Inflect wiôlgòmiastowi | ADJ;INS(MASC,PL)	wiôlgòmiastowima
Inflect grupã | N;ACC(FEM,SG)	grupã
Inflect Wierzgùlëca | N;NOM(FEM,SG)	Wierzgùlëca
Inflect wcale | ADV	wcale
Inflect Keyserlingk | N;GEN(PL)	Keyserlingków
Inflect pùkło | N;LOC;PL	pùklach
Inflect zwiedzać | V;INF	zwiedzac
Inflect Drezdëno | N;NOM(SG)	Drezdëne
Inflect pòżiteczny | ADJ;NOM(MASC,SG)	pòżiteczny
Inflect Póznié | V;IMP;PL	Póznié
Inflect wnosëc | V;NFIN	wnôsza
Inflect pszczélka | N;DAT(PL)	pszczélkòwie
Inflect załómany | N;LOC;PL	załómaniach
Inflect wierzt | N;NOM(PL)	Wiérztë
Inflect snieżësti | ADV;POS	snieżësto
Inflect krézowi | ADJ;GEN(MASC,SG)	krézowégò
Inflect król | N;NOM(PL)	królowie
Inflect król | N;ACC(SG)	królã
Inflect rezerwa | N;NOM(SG)	rezerwa
Inflect Zëc | V;IMP;2;SG	Zëje
Inflect swieca | N;ACC(PL)	swiece
Inflect sprzãt | N;GEN(PL)	sprzãtã
Inflect familëjô | N;ACC(SG,FEM)	familëje
Inflect Gdańsk | N;MASC;SG;LOC	Gdański
Inflect Gdańsk | N;LOC;SG	Gdańsku
Inflect zakrącëc | V;INF	zakrącëc
Inflect pensja | N;GEN(SG)	pensji
Inflect Dëlta | N;ACC(SG)	Deltë
Inflect partnerstwo | N;LOC;SG;NEUT	partnerstwie
Inflect ùsôdztwò | N;LOC;SG	ùsôdztwie
Inflect Wãgòrzëno | N;NOM(SG)	Wãgòrzëno
Inflect mrozno | ADV	mrozno
Inflect młodzëzna | N;F;ACC(SG)	młodzëznã
Inflect młodzëzna | N;GEN(SG)	młodzëznë
Inflect Jałówc | N;VOC(SG)	Jałówc
Inflect Tatczezna | N;GEN(SG)	Tatczëznë
Inflect Pòlitechnika | N;DAT(SG)	Pòlitechnice
Inflect mësz | N;NOM(SG)	Mësz
Inflect wejrowsczi | ADJ;MDR;INS(SG)	wejrowsczim
Inflect blëskò | ADV	blëskò
Inflect ląd | N;DAT(SG)	lądowi
Inflect zjawiszcze | N;NOM(SG,NEUT)	zjawiszcze
Inflect Renifer | N;NOM(SG)	Renifer
Inflect niéżëczën | N;ACC(SG)	niéżëczny
Inflect Budacëjô | N;NOM(SG)	Budacëjô
Inflect włączenia | V;CVB;NFIN;PRF	włączeniégò
Inflect fòlklor | N;GEN(SG)	fòlkloru
Inflect pòkrziżk | N;NOM(PL)	pòkrziżacczi
Inflect sztatus | N;M3;NOM(SG)	sztatus
Inflect Kòcewskô | ADJ;NOM(FEM,SG)	Kòcéwskô
Inflect wãgla | N;GEN(PL)	wãglów
Inflect pastusz | N;LOC;SG	pastuszë
Inflect òswiata | N;GEN(SG)	òswiatë
Inflect òdzewac | V;SG;PR;3	òdzéwô
Inflect Pòlanowskô | ADJ;NOM(FEM,SG)	Pòlanowskô
Inflect Wieś | N;NOM(SG)	Wies
Inflect Rëbacczi | ADJ;VOC(MASC,SG)	Rëbacczé
Inflect szczestlëwi | ADJ;NOM(FEM,SG)	szczestlëwô
Inflect akùrôtny | ADJ;NOM(FEM,SG)	akùrôtno
Inflect Preferëjë | V;3;PRS;SG	Preferëje
Inflect Begonijô | N;NOM(SG)	Begonijô
Inflect pòdstawa | N;INS(SG)	pòdstawą
Inflect Kòmanda | N;GEN(SG)	Kòmańdë
Inflect przëblëżenié | N;INS(SG)	przëblëżenim
Inflect spiérczi | N;NOM(PL)	spiérczi
Inflect rana | N;NOM(SG,FEM)	Rana
Inflect stowôra | N;ACC(PL)	stowôrë
Inflect zawisnąć | V;INF	zawisnac
Inflect Kaszëbską | ADJ;ACC(FEM,SG)	Kaszëbską
Inflect reka | N;F;NOM(SG)	reka
Inflect jikòn | N;ACC(PL)	jikònë
Inflect przëtrôfk | N;NOM(SG)	przëtrôfk
Inflect przëtrôfk | N;GEN(SG)	przëtrôfkù
Inflect wierzenié | N;GEN(PL)	wierzeniów
Inflect Szekspir | N;GEN(SG)	Szekspira
Inflect tërôzni | ADV	tërôzniészim
Inflect Horologium | N;GEN(PL)	Horologiorum
Inflect Karków | N;NOM(SG)	Karków
Inflect rozmajiti | ADJ;GEN(MASC,PL)	rozmajitich
Inflect Robòtnik | N;NOM(PL,MASC)	Robòtniczi
Inflect rozwiązëwac | V;INF	rozwiązëwac
Inflect bët | N;GEN(PL,MASC)	bëtów
Inflect Chòszczk | N;NOM(SG)	Chòszczka
Inflect znikwiónô | ADJ;NOM(FEM,SG)	znikwionô
Inflect zwëk | N;NOM(SG)	zwëk
Inflect Kennedÿs | N;GEN(PL)	Kennedÿs
Inflect czôrny | ADJ;NOM(MASC,SG)	Czôrny
Inflect płita | N;GEN(PL)	płitów
Inflect jindustriowi | ADJ;GEN(MASC,PL)	jindustriowëch
Inflect mediczny | ADJ;NOM(MASC,SG)	mediczny
Inflect Timina | ADJ;NOM(FEM,SG)	Timina
Inflect drzéwò | N;GEN(SG)	drewna
Inflect Daniël | N;DAT(SG)	Danowi
Inflect szermierka | N;F;ACC(SG)	szermierkã
Inflect kùna | N;NOM(SG)	kùna
Inflect cały | ADJ;NOM(FEM,SG)	cała
Inflect Jezioro | N;NOM(PL)	Jeziora
Inflect Lëst | N;NOM(PL)	Lëstë
Inflect refòrma | N;DAT(SG)	refòrmie
Inflect refòrma | N;F;NOM(SG)	refòrmë
Inflect Grëdządzk | ADJ;INS(MASC,SG)	Grëdządzczim
Inflect pôch | N;NOM(MASC,SG)	pôch
Inflect wtedë | ADV	wtedë
Inflect Lepszëna | N;ACC(SG)	Lopszenecz
Inflect pòzmiana | N;NOM(FEM,SG)	pòzmiana
Inflect cemnobùro | ADJ;VOC(MASC,SG)	cemnobùro
Inflect satiriczny | ADJ;ACC(MASC,PL)	satiricznëch
Inflect Corôz | ADV	Corôz
Inflect grac | V;PST;M;SG	grëwôł
Inflect Państwò | N;NOM(SG)	Państwò
Inflect Pnącô | ADJ;NOM(FEM,SG)	Pnącô
Inflect Pòrénkòwi | ADJ;NOM(MASC,SG)	Pòrénkòwy
Inflect Pòrénkòwi | ADJ;NOM(FEM,SG)	Pòrénkòwô
Inflect ògroda | N;LOC;PL	ògardach
Inflect przëkłôd | N;INS(MASC,SG)	przëkłôd
Inflect major | N;GEN(SG)	majora
Inflect Witkòwô | ADJ;NOM(FEM,SG)	Witkòwô
Inflect Prôwdzëwô | ADJ;NOM(FEM,SG)	Prôwdzëwô
Inflect antologia | N;DAT(SG)	antologie
Inflect antologia | N;GEN(SG)	antologii
Inflect smiech | N;LOC;SG	smieje
Inflect stopień | N;GEN(SG)	stopni
Inflect stopień | N;LOC;PL	stopniach
Inflect stopień | N;GEN(PL)	stopniów
Inflect Kôłk | N;NOM(SG)	Kôłk
Inflect cządniczka | N;GEN(SG)	cządniczi
Inflect mandat | N;NOM(SG)	mandat
Inflect Bunina | N;NOM(SG)	Bunina
Inflect tipòwi | ADJ;NOM(PL,MASC)	Tipòwé
Inflect dzéń | N;NOM(SG)	dzéń
Inflect zemja | N;GEN(SG)	zemji
Inflect Wawrzeniec | N;ACC(SG)	Wawrzińca
Inflect przekôzywac | V;NFIN;PSV;IPFV	przekazëwaniô
Inflect westrzódek | N;MDR;NOM(PL)	westrzódczi
Inflect pomnik | N;PL	pomniczi
Inflect bardziej | ADV	bardziej
Inflect Płoczëca | N;NOM(SG)	Płoczëca
Inflect jezioro | N;ACC(SG)	jeziorã
Inflect pantalon | N;GEN(PL)	pantalonów
Inflect chëczowé | ADJ;NOM(PL,MASC,INAN)	chëczowé
Inflect òwòc | N;LOC;PL	òwòcach
Inflect młodza | N;GEN(PL)	młodzów
Inflect Bòżi | ADJ;GEN(MASC,SG)	Bòżégò
Inflect Boston | N;NOM(SG)	Boston
Inflect Boston | N;LOC;SG	Bostonie
Inflect prowòkacëjny | ADJ;M;GEN(PL)	prowòkacëjnëch
Inflect dwutlenek | N;GEN(SG)	dwutlenku
Inflect czôrny | ADJ;INS(MASC,SG)	czórnym
Inflect Chòcëbùż | N;LOC;SG	Chòcébùżu
Inflect krzëżak | N;NOM(MASC,PL)	krzëżacczi
Inflect dobrota | N;ACC(SG)	dobrotë
Inflect starëszk | N;NOM(PL,MASC)	starëszczi
Inflect Dolmaczonô | ADJ;NOM(FEM,SG)	Dolmaczonô
Inflect kasprowaty | ADJ;GEN(MASC,PL)	kasprowatëch
Inflect pòdatk | N;GEN(PL)	pòdatków
Inflect nieść | V;3;PL;PRS	niosą
Inflect lewò | ADV;DEGR	lewò
Inflect pùblikacjô | N;NOM(PL)	pùblikacje
Inflect pùblikacjô | N;INS(SG)	pùblikacją
Inflect rozpôdła | ADJ;NOM(FEM,SG)	rozpôdła
Inflect òdbijanié | N;LOC;SG;M	òdbijanim
Inflect ugrëzc | V;NFIN	ùgrëzc
Inflect Leno | N;NOM(MASC,SG)	Leno
Inflect astronomia | N;NOM(SG)	astronomia
Inflect jigłonowë | ADJ;INS(MASC,PL)	jiglënowëch
Inflect weimarskò | ADJ;NOM(FEM,SG)	weimarskô
Inflect zbierac | V;IMP;SING;2	zbierz
Inflect dłëgô | ADJ;NOM(FEM,SG)	dłëgô
Inflect telekomunikacëjô | N;GEN(SG)	telekomunikacëji
Inflect Żëto | N;NOM(NEUT,SG)	Żëto
Inflect Swiãté | ADJ;NOM(FEM,SG)	Swiãté
Inflect żôłnérz | N;LOC;PL	żôłnérzach
Inflect żôłnérz | N;VOC(PL)	żôłnérze
Inflect żôłnérz | N;GEN(PL)	żôłnérzów
Inflect Strzépcz | N;NOM(SG)	Strzépcz
Inflect Strzépcz | N;VOC(SG)	Strzépczu
Inflect Strzépcz | N;GEN(SG)	Strzépczù
Inflect przedstójnik | N;GEN(SG)	przedstójnika
Inflect Rëbaczenié | N;NOM(NEUT,SG)	Rëbaczenié
Inflect Rëbaczenié | N;GEN(SG)	Rëbaczeniô
Inflect zwónkowatë | ADJ;M;INS(PL)	zwónkowatëch
Inflect Wiãzarka | N;NOM(SG,FEM)	Wiãzarka
Inflect sëmo | N;ACC(SG)	sëmą
Inflect doktrina | N;NOM(SG)	doktrina
Inflect alpa | N;DAT(SG)	Alpë
Inflect wësłónë | ADJ;NOM(PL,MASC)	wësłóné
Inflect prowadzëc | V;INF	prowadzëc
Inflect jinstalacje | N;FEM;PL	jinstalacje
Inflect lód | N;INS(SG)	lodem
Inflect WETERINARNY | ADJ;NOM(FEM,SG)	Weterinarnô
Inflect Słôwòszëzna | N;NOM(SG)	Słôwòszënie
Inflect bùdowac | V;PPP;MP;NOM	bùdowóné
Inflect las | N;GEN(PL)	lasow
Inflect las | N;GEN(PL)	lasowé
Inflect ekspresyjny | ADJ;NOM(MASC,SG)	ekspresyjny
Inflect zamkłosc | N;ACC(FEM,SG)	zamkłosc
Inflect zamkłosc | N;LOC;SG;FEM	zamkłoscë
Inflect brzadnictwo | N;GEN(SG)	brzadnictwa
Inflect kòzlënë | N;DAT(SG)	kòzlënie
Inflect Subisłôw | N;M;NOM(SG)	Subisłôw
Inflect dowòznica | N;GEN(FEM,SG)	dowòznika
Inflect pamiãc | N;DAT(SG)	pamiãci
Inflect tekst | N;NOM(SG)	tekst
Inflect tekst | N;LOC;PL	tekstach
Inflect tekst | N;INS(PL)	tekstama
Inflect tekst | N;GEN(SG)	tekstu
Inflect tekst | N;INS(SG,FEM)	tekstã
Inflect dzieckò | N;ACC(SG)	dzeckã
Inflect bota | N;ACC(SG)	Bôtë
Inflect wëpôlc | V;INF	wëpôlac
Inflect insztitucjô | N;NOM(SG)	insztitucjô
Inflect wszetkò | ADJ;GEN(MASC,PL)	wszëtczich
Inflect Xawer | N;NOM(MASC,SG)	Xaver
Inflect pseùdónim | N;INS(SG)	pseùdónimã
Inflect Aleksandra | N;NOM(FEM,SG)	Aleksandra
Inflect Tëburcjusz | N;GEN(SG)	Tëburcjusza
Inflect dërgòtanié | N;NOM(SG)	dërgòtanié
Inflect kołcôł | N;DAT(SG)	kòscele
Inflect polecenie | N;GEN(SG)	polecenia
Inflect przédnik | N;NOM(SG)	przédnik
Inflect przédnik | N;GEN(SG)	przédnika
Inflect przédnik | N;DAT(PL)	przédnikom
Inflect przédnik | N;INS(SG,MASC)	przédnikã
Inflect niejednô | ADJ;NOM(FEM,SG)	niejedné
Inflect lëdz | N;NOM(PL)	lëdzi
Inflect tancérka | N;F;ACC(SG)	tancérką
Inflect pòczestnosc | N;ACC(SG)	pòczestnosc
Inflect wërôbiôrz | N;NOM(SG)	wërôbiôrz
Inflect żakét | N;NOM(SG)	żakét
Inflect gromić | V;PFV;INF	gromiców
Inflect melodramaticzny | ADJ;NOM(FEM,SG)	melodramaticznô
Inflect ùróbk | N;GEN(SG)	ùróbkù
Inflect Juliannô | N;GEN(SG)	Julianny
Inflect Playboy | N;GEN(SG)	Playboya
Inflect Institut | N;ACC(SG)	Institutã
Inflect felietón | N;ACC(FEM,PL)	felietónë
Inflect felietón | N;GEN(PL)	felietónów
Inflect sardela | N;F;NOM(SG)	sardela
Inflect Wikipedija | N;GEN(SG)	Wikipediji
Inflect pùkla | N;NOM(SG)	pùkla
Inflect roztaczi | V;NFIN;INF	rozcãcém
Inflect zéńdzenié | N;NOM(SG,NEUT)	zéńdzenié
Inflect lékarz | N;GEN(SG)	lékarza
Inflect òdwiédzéwac | V;IMP;PF;PASS	òdwiédzéwô
Inflect pozwolëc | V;INF	pozwolëc
Inflect zajac | N;INST;SG	zajãcym
Inflect resztë | N;ACC(SG)	resztã
Inflect Féliks | N;FK;NOM(SG)	Féliks
Inflect Turystyka | N;NOM(SG)	Turystyka
Inflect pyszny | ADJ;GEN(PL,MASC)	pësznych
Inflect westpòwac | V;NFIN	westpòwani
Inflect rozeznanié | V;NOMLZ;N;SG	rozeznanié
Inflect Amazonka | N;NOM(FEM,SG)	Amazonka
Inflect maratońsczi | ADJ;VOC(MASC,SG)	maratońsczi
Inflect multiinstrumentalista | N;NOM(SG)	multiinstrumentalista
Inflect pùrclay | N;ACC(PL)	pùrclë
Inflect Langforda | N;ACC(FEM,SG)	Langforda
Inflect Marëja | N;GEN(SG)	Marëji
Inflect półòstrów | N;ACC(SG)	półòstrowã
Inflect półòstrów | N;NOM(SG)	półòstrów
Inflect òpisóny | ADJ;MASC;PL;LOC	òpisónëch
Inflect knôdnô | N;NOM(FEM,SG)	knôdnô
Inflect mòdlëc | V;NFIN	mòdlã
Inflect PòpòwskôTabòrskô | ADJ;NOM(FEM,SG)	PòpòwskôTabòrskô
Inflect Jodlëna | N;F;NOM(SG)	Jodlëna
Inflect Eurazja | N;GEN(SG)	Eurazji
Inflect rzmë | V;IMPR;2;SG	rzmë
Inflect skład | N;GEN(SG)	składu
Inflect pòchòdzënk | N;NOM(MASC,SG)	pòchòdzënk
Inflect pòchòdzënk | N;GEN(SG)	pòchòdzënkù
Inflect tragiczny | ADV	tragicznie
Inflect òbecnota | N;INS(SG)	òbecnoscą
Inflect Mazowsze | N;NOM(SG)	Mazowsza
Inflect òbzérk | N;NOM(PL)	òbzérczi
Inflect dynastëjô | N;INS(SG)	dynestëją
Inflect zrëchtowac | V;PPP;NEU;PL	zrëchtowóné
Inflect Sekôcz | N;NOM(SG,MASC)	Sekôcz
Inflect genezë | N;ACC(SG)	genezã
Inflect pòla | N;LOC;PL	pólach
Inflect Wrocław | N;NOM(SG)	Wrocław
Inflect greckô | ADJ;ACC(FEM,SG)	grecką
Inflect Pùlówer | N;NOM(SG)	Pùlówer
Inflect òrgan | N;NOM(PL)	òrganë
Inflect drzéwié | N;ACC(SG)	drzéwiã
Inflect chałepnik | N;GEN(SG)	chałepnika
Inflect wanoda | N;GEN(SG)	wanodzi
Inflect Skarszewa | N;NOM(PL)	Skarszewy
Inflect mòżlëwi | ADJ;NOM(FEM,SG)	mòżlëwô
Inflect pajicznik | N;ACC(SG,MASC)	pajicznika
Inflect Rękopis | N;NOM(PL)	Rękopisy
Inflect kòntinent | N;INST;PL	kòntinentama
Inflect Benjamin | N;DAT(SG)	Benjaminowi
Inflect zëmia | N;GEN(SG)	zëmie
Inflect Agata | N;ACC(SG,FEM)	Agatã
Inflect niejedny | ADJ;GEN(MASC,SG)	niejednégò
Inflect Dëch | N;NOM(MASC,SG)	Dëch
Inflect Dëch | N;VOC(SG)	Dëcha
Inflect Dëch | N;LOC;PL	Dëchach
Inflect Martius | N;NOM(MASC,SG)	Martius
Inflect jedurny | ADJ;INS(MASC,SG)	jedurnym
Inflect jedurny | ADJ;NOM(PL,MASC)	jedurné
Inflect Rekòwsczé | ADJ;NOM(PL,MASC,INAN)	Rekòwsczé
Inflect prozaik | N;NOM(SG)	prozaik
Inflect dzałacz | V;1;PL;PRS	dzałaczam
Inflect Lëtewsczi | ADJ;NOM(MASC,PL)	Lëtewsczi
Inflect krziż | N;NOM(SG)	krziż
Inflect krziż | N;NOM(PL)	krziże
Inflect spać | V;INF	spac
Inflect spać | V;IPFV;NFIN	spacją
Inflect Roztoczę | N;ACC(FEM,SG)	Roztoczi
Inflect ùmiarkòwanô | ADJ;INS(MASC,SG)	ùmiarkòwónym
Inflect Czas | N;NOM(SG)	Czas
Inflect pòézëjô | N;GEN(SG)	pòézëji
Inflect kapłaństwo | N;GEN(SG)	kapłaństwa
Inflect partner | N;F;NOM(SG)	partnerô
Inflect Hesta | N;ACC(SG)	Hestiã
Inflect Kòżëczkòwsczi | ADJ;NOM(MASC,SG)	Kòżëczkòwsczi
Inflect wiór | N;GEN(PL)	wiórach
Inflect żëwnota | N;NOM(FEM,SG)	żëwnota
Inflect żëwnota | N;VOC(SG)	żëwnote
Inflect smôrszcz | N;NOM(SG)	smôrszcz
Inflect pòznak | N;F;INS(PL)	pòznakama
Inflect morze | N;INS(SG)	morzem
Inflect morze | N;DAT(SG)	morzu
Inflect omyłek | N;NOM(SG)	omyłek
Inflect Marzëbiónka | N;NOM(SG)	Marzëbiónka
Inflect blaszka | N;DAT(FEM,SG)	blaszczi
Inflect Kazimierza | N;NOM(FEM,SG)	Kazimiera
Inflect wëdôwk | N;NOM(SG)	wëdôwk
Inflect Biór | N;NOM(SG)	Bióro
Inflect żëwiata | N;ACC(SG)	żëwnotã
Inflect Turdus | N;NOM(SG)	Turdus
Inflect sandr | N;NOM(MASC,SG)	sandr
Inflect kùszka | N;ACC(SG)	kùszk
Inflect ziela | N;GEN(SG)	zela
Inflect Adamowicz | N;MASC;SG	Adamòwicz
Inflect kanja | N;NOM(PL)	kanji
Inflect element | N;GEN(SG)	elementu
Inflect element | N;GEN(PL)	elementów
Inflect charakter | N;DAT(SG)	charakterze
Inflect grzëba | N;ACC(SG)	grzëbã
Inflect pòdskôcënk | N;GEN(SG)	pòdskôcënkù
Inflect dwùkòłowi | N;DAT(SG)	dwùkòłowi
Inflect schòwk | N;DAT(SG)	schòwkù
Inflect pchła | N;NOM(PL)	pchłë
Inflect Serbòłużiczanów | N;GEN(PL,MASC)	Serbòłużiczanów
Inflect masow | ADJ;VOC(MASC,SG)	masowi
Inflect Biegôcz | N;NOM(PL)	Biegôcze
Inflect zakònnik | N;NOM(MASC,SG)	zakònnik
Inflect Florëjóna | N;ACC(SG)	Florëjóna
Inflect Zurich | N;LOC;SG	Zurichù
Inflect dwutklene | ADJ;PSS;PST;SG	dwutklene
Inflect Chłopsczim | ADJ;INS(MASC,SG)	Chłopsczim
Inflect plón | N;GEN(SG)	plónu
Inflect plón | N;NOM(PL)	plónë
Inflect lëdz | N;DAT(PL)	lëdzom
Inflect łacëńczi | N;NOM(PL)	łacëńczi
Inflect Bieszka | N;NOM(FEM,SG)	Bieszka
Inflect ksądz | N;NOM(SG)	ksądz
Inflect Spòrt | N;ACC(SG)	Spòrtã
Inflect Sësz | N;F;NOM(SG)	Sësz
Inflect mòwa | N;NOM(FEM,SG)	mòwa
Inflect brzeg | N;NOM(SG)	brzeg
Inflect òbrãmka | N;ACC(FEM,SG)	òbrëmia
Inflect Karwia | N;NOM(SG)	Karwia
Inflect Krza | N;F;GEN(SG)	Krze
Inflect mésterstwo | N;GEN(SG)	Mésterstwa
Inflect tukan | N;GEN(PL,MASC)	tukanów
Inflect pszczelënô | N;ACC(PL)	pszczelënë
Inflect Marija | N;VOC(SG)	Mary
Inflect myśleć | V;IMP;SG;3	myśl
Inflect mòżlëwi | ADJ;NOM(PL,MASC)	mòżlëwé
Inflect mòżlëwi | ADJ;GEN(MASC,PL)	mòżlëwëch
Inflect Chrzescëjaństwò | N;NOM(SG)	Chrzescëjaństwò
Inflect Trzebsk | N;NOM(SG)	Trzebsk
Inflect członka | N;ACC(SG)	członkã
Inflect familëjny | ADJ;INS(PL,MASC,ANIM)	familëjnëma
Inflect kùńszt | N;NOM(SG)	kùńszt
Inflect Tischner | N;NOM(SG)	Tischner
Inflect mniszka | N;GEN(MASC,SG)	Mniszi
Inflect wczesnô | ADJ;FEM;SG	wczesno
Inflect gazétniczi | ADJ;INS(MASC,SG)	gazétniczim
Inflect nôpózdze | ADV	nôpózdze
Inflect prostë | ADJ;VOC(MASC,SG)	prosté
Inflect wrzeséń | N;SG	wrzeséń
Inflect ziemnia | N;NOM(FEM,SG)	zemna
Inflect ksãgowô | ADJ;ACC(FEM,SG)	ksãgòwą
Inflect figùrant | N;ACC(SG)	figùrantã
Inflect korénc | N;DAT(SG)	Korince
Inflect wiérzch | N;GEN(SG)	wiérzchù
Inflect wespół | ADV	wespół
Inflect Brunka | N;GEN(SG)	Brunke
Inflect rók | N;GEN(PL)	rokùw
Inflect szklanka | N;LOC;SG	szklance
Inflect bòk | N;GEN(SG)	bòkù
Inflect Zaòdrzańskô | ADJ;NOM(FEM,SG)	Zaòdrzańskô
Inflect Próba | N;NOM(PL)	Próbë
Inflect antisepticznô | ADJ;NOM(FEM,SG)	antisepticzno
Inflect drzéwô | N;GEN(PL)	drzew
Inflect kòndicja | N;NOM(PL)	kòndicje
Inflect sumariczny | ADJ;NOM(MASC,SG)	sumariczny
Inflect òtmena | N;GEN(PL)	òtmianów
Inflect susk | N;GEN(PL)	susków
Inflect mamidło | N;NOM(PL)	mamidła
Inflect stuła | N;NOM(FEM,SG)	stuła
Inflect smaczno | ADV	smaczno
Inflect spiéwnô | ADJ;FEM;SG	spiéwné
Inflect stac | V;3;SG;PRS	Stoji
Inflect Barcelona | N;NOM(SG)	Barcelona
Inflect Barcelona | N;LOC;SG	Barcelonie
Inflect Barcelona | N;ACC(SG)	Barcelonë
Inflect fizjolog | N;VOC(SG)	fizjologa
Inflect pëtanié | N;NOM(SG,NEUT)	pëtanié
Inflect prokùrator | N;SG;INST	prokùratorã
Inflect minister | N;GEN(PL)	Ministrów
Inflect marwëjôdôcz | N;NOM(SG)	marwëjôdôcz
Inflect odkrëwac | V;INF	odkrëwac
Inflect półostry | ADJ;ACC(FEM,SG)	półostrą
Inflect Kąt | N;DAT(PL)	Kantzow
Inflect fles | N;M1;ACC(SG)	flesus
Inflect Szwarcarie | N;NOM(PL)	Szwarcarie
Inflect fòtografiô | N;F;NOM(SG)	fòtografiô
Inflect fakt | N;INS(PL)	faktama
Inflect wùlkana | N;DAT(FEM,PL)	wùlkanë
Inflect wielolatni | ADJ;VOC(MASC,SG)	wielolatni
Inflect òkùpacëjô | N;GEN(SG)	òkùpacëji
Inflect gazownik | N;NOM(SG)	Gazownik
Inflect Kòrejô | N;ACC(SG)	Kòrejã
Inflect Kòrejô | N;ACC(SG,FEM)	Kòreją
Inflect Ząbkowice | N;NOM(PL)	Ząbkowice
Inflect óchrónić | V;IND;3;PL	óchrónią
Inflect wëmòg | N;GEN(PL)	wëmògów
Inflect ògardniczka | N;NOM(FEM,PL)	ògardownicë
Inflect skòblenic | N;F;NOM(SG)	skòbleniô
Inflect westrzódk | ADV	westrzódk
Inflect westrzódk | N;LOC;SG	westrzódku
Inflect westrzódk | ADV	westrzódkã
Inflect westrzódk | N;LOC;SG	westrzódkù
Inflect Ameryka | N;DAT(SG)	Ameryce
Inflect krzëżackô | ADJ;NOM(FEM,SG)	krzëżackô
Inflect włącznik | N;M3;NOM(SG)	włącznik
Inflect towarzistwò | N;DAT(SG)	towarzëstwie
Inflect bùżk | N;NOM(MASC,SG)	bóżk
Inflect jistnota | N;F;ACC(SG)	jistnotã
Inflect Mësznik | N;NOM(MASC,SG)	Mësznik
Inflect lico | N;NOM(SG,NEUT)	lico
Inflect brzëmic | V;PRS;3;SG	brzëmi
Inflect midzënôrodny | ADJ;NOM(MASC,SG)	midzënôrodny
Inflect retka | N;GEN(SG)	retczi
Inflect prëjacel | N;INS(SG)	prëjacelã
Inflect astronomijô | N;NOM(SG)	astronomijô
Inflect pòlskôtëreckô | ADJ;NOM(FEM,SG)	pòlskôtëreckô
Inflect tradicëjny | ADJ;NOM(FEM,SG)	tradicëjnô
Inflect prowodnik | N;GEN(PL)	prowôdników
Inflect schlesisch | ADJ;ACC(PL)	Schlesischen
Inflect nieskażony | ADJ;NOM(MASC,SG)	nieskażony
Inflect chwëtac | V;NFIN	chwëtac
Inflect biédôk | N;GEN(SG)	biédôka
Inflect obłożenie | N;GEN(SG)	obłożeniô
Inflect znaczënk | N;NOM(PL)	znaczënczi
Inflect znaczënk | N;NOM(SG)	znaczënk
Inflect kriza | N;NOM(SG)	kriza
Inflect twòrząc | V;ADV;CONV;PRS	twòrząc
Inflect kùsk | N;NOM(MASC,SG)	kùsk
Inflect nurk | N;NOM(PL)	nurce
Inflect jistny | ADJ;INS(PL,MASC)	jistnyma
Inflect jistny | ADJ;NOM(MASC,SG)	jistné
Inflect agent | N;F;ACC(SG)	agentã
Inflect łãka | N;NOM(SG)	łëka
Inflect szãtëpiéra | N;NOM(PL)	szãtopiérze
Inflect nordowi | ADJ;NOM(FEM,SG)	nordowi
Inflect nordowi | ADJ;INS(MASC,SG)	nordowim
Inflect nordowi | ADJ;NOM(MASC,SG)	nordowy
Inflect nordowi | ADJ;GEN(MASC,SG)	nordowégò
Inflect nordowi | ADJ;ACC(MASC,PL)	nordowëch
Inflect góra | N;GEN(PL)	gòrama
Inflect arkùsz | N;LOC;PL	arkùszach
Inflect arkùsz | N;GEN(SG)	arkùszu
Inflect rentgenowskji | ADJ;VOC(MASC,SG)	rentgenowsczé
Inflect tërlëk | N;NOM(PL)	tërlëczi
Inflect Mùlëk | N;NOM(PL)	Mùlczi
Inflect Dwadzélenjowô | ADJ;NOM(FEM,SG)	Dwadzéleniowô
Inflect Pawłowski | ADJ;NOM(SG,MASC)	Pawłowski
Inflect bòn | N;NOM(SG)	Bòna
Inflect kaszëbskòjãzëczny | ADJ;GEN(MASC,SG)	kaszëbskòjãzëcznégò
Inflect dynastia | N;DAT(SG)	dinastii
Inflect religijô | N;ACC(SG)	religią
Inflect biosfera | N;ACC(PL)	biosferë
Inflect pies | N;MDR;NOM(SG)	pies
Inflect ùżëwac | V;INF	ùżëwac
Inflect sztuczy | ADJ;VOC(SG,MASC)	sztuczé
Inflect foka | N;NOM(FEM,SG)	foka
Inflect trek | N;ACC(MASC,SG)	traktã
Inflect piérzta | N;GEN(PL,MASC)	piérztów
Inflect chëcz | N;GEN(SG)	chëczë
Inflect hortensja | N;GEN(SG)	hortensis
Inflect Wschòdnô | ADJ;NOM(FEM,SG)	Wschòdnô
Inflect zastrzeżny | ADJ;NOM(SG,NEUT)	zastrzeżné
Inflect terytorializm | N;SG	terytorializm
Inflect Góra | N;DAT(SG)	Górze
Inflect Ostrowska | ADJ;NOM(FEM,SG)	Ostrowska
Inflect cze | N;LOC;SG;MASC	czem
Inflect spadkòwizna | N;GEN(SG)	spadkòwiznë
Inflect zbiérac | V;IMP;2;SG	zbiérë
Inflect drzewo | N;GEN(PL)	drzewów
Inflect rozpòrajenie | N;LOC;PL	rozpòrajeniach
Inflect sposób | N;SG;LOC	sposobę
Inflect sposób | N;NOM(MASC,SG)	sposób
Inflect Bastard | N;PL	Bastards
Inflect nôwòżëtny | ADJ;GEN(PL,MASC,ANIM)	nôwòżëtnëch
Inflect wiek | N;NOM(SG)	wiek
Inflect wiek | N;LOC;PL	wiekach
Inflect wiek | N;ACC(SG)	wiekã
Inflect pòjmańczik | N;INS(MASC,SG)	pòjmańczikem
Inflect Złotowski | ADJ;INS(MASC,SG)	Złotowsczim
Inflect Pionierz | N;PL	Pionierzë
Inflect rodny | ADJ;NOM(MASC,SG)	rodny
Inflect rodny | ADJ;INS(MASC,SG)	rodnym
Inflect mediczny | ADJ;GEN(FEM,PL)	medycznych
Inflect granié | V;NFIN;GER	graniô
Inflect słowa | N;LOC;PL	słowach
Inflect sztôłtëjewac | V;3;SG	sztôłtëje
Inflect kònkùrs | N;NOM(MASC,SG)	kònkùrs
Inflect kònkùrs | N;GEN(SG)	kònkùrsu
Inflect francëszcze | ADJ;GEN(FEM,SG)	francëszczigò
Inflect dostowac | V;3;PL;PRS	dostówają
Inflect Jędyczowski | N;NOM(MASC,SG)	Jędyczowski
Inflect czernk | N;GEN(PL)	czernkù
Inflect Zrzeszéńców | N;GEN(PL)	Zrzeszéńców
Inflect Wòlnô | ADJ;NOM(FEM,SG)	Wòlnô
Inflect dożniwczi | N;VOC(PL)	dożniwczi
Inflect żłódz | N;F;NOM(SG)	żłódz
Inflect Radio | N;NOM(SG)	Radio
Inflect szczëka | N;F;NOM(SG)	Szczëka
Inflect sztëczka | N;F;NOM(SG)	sztëczka
Inflect sztëczka | N;ACC(SG)	sztëczkã
Inflect Wieląc | V;VIMP;PSS	Wielé
Inflect òzdobny | ADJ;NOM(MASC,SG)	òzdobny
Inflect Gduńskô | ADJ;NOM(FEM,SG)	Gduńskô
Inflect równoznaczny | ADJ;MASC;PSSV;SG	równoznacznégò
Inflect Kukuczka | N;GEN(SG)	Kukuczczi
Inflect czëcowé | ADJ;GEN(MASC,SG)	czëcowégò
Inflect flék | N;VOC(SG)	fléce
Inflect òbwód | N;M3;NOM(SG)	òbwód
Inflect jednodzélowi | ADJ;NOM(MASC,PL)	jednodzélowi
Inflect kùstrzenia | N;INSTR;PL	kùstrzeniama
Inflect Swòrnégak | N;GEN(PL)	Swòrnëgaców
Inflect slëmię | N;GEN(FEM,SG)	slëména
Inflect piwò | N;ACC(SG,MASC)	piwò
Inflect dziob | N;INS(SG)	dziobem
Inflect Płaczëbóg | N;GEN(SG)	Płaczëbòga
Inflect Przemienienié | N;GEN(SG)	Przemienieniô
Inflect niski | ADJ;ACC(FEM,SG)	niską
Inflect bòt | N;LOC;PL	bôtach
Inflect bòt | N;VOC(PL)	bôtë
Inflect bòt | N;GEN(PL)	bôtów
Inflect blok | N;GEN(PL,MASC)	bloków
Inflect pòmiernik | N;NOM(MASC,SG)	pòmiernik
Inflect kóńc | N;DAT(SG)	kuńcu
Inflect sredni | ADJ;GEN(PL,MASC)	srednëch
Inflect chunkier | N;GEN(PL)	junkrów
Inflect szeroki | ADJ;NOM(MASC,PL)	szeroczi
Inflect Dłużawa | N;INS(SG)	Dłużawą
Inflect òstri | ADJ;NOM(FEM,SG)	òstrô
Inflect Czeskô | ADJ;NOM(FEM,SG)	Czeskô
Inflect Szawłowëch | ADJ;GEN(MASC,PL)	Szawłowëch
Inflect stanã | V;FUT;1;SG	stanã
Inflect Grzëmisława | N;NOM(FEM,SG)	Grzëmisława
Inflect rozprawa | N;ACC(SG)	rozprawã
Inflect blotk | N;NOM(PL)	blatczi
Inflect diôbeł | N;NOM(SG)	diôbeł
Inflect Szpanijczik | N;NOM(PL,MASC)	Szpanijczicë
Inflect Kluczimòst | N;NOM(SG,MASC)	Kluczimòst
Inflect apòkrifa | N;LOC;PL	apòkrifach
Inflect wëzwëskiwac | V;PPP;MP;PST	wëzwëskiwónë
Inflect wëzwëskiwac | V;NFIN	wëzwëskiwô
Inflect miesczé | V;NFIN	miesczé
Inflect Łãka | N;GEN(SG)	Łąkòwi
Inflect rozpłodzenié | N;ACC(SG)	rozpłodzeniô
Inflect métra | N;MASCINAN;GEN(PL)	métrów
Inflect Македонија | N;NOM(SG)	Македонија
Inflect przezwòtnô | ADJ;GEN(MASC,PL)	pierwòtnëch
Inflect kaszësczi | ADJ;NOM(PL,MASC,INAN)	kaszësczé
Inflect dwór | N;NOM(SG)	dwór
Inflect grozba | N;F;NOM(SG)	grozba
Inflect Sztefan | N;FAMN;NOM(SG)	Sztefan
Inflect Sztefan | N;GEN(MASC,SG)	Sztefana
Inflect wiernota | N;VOC(SG)	wiernote
Inflect wiernota | N;ACC(SG)	wiernotą
Inflect Jesénnô | ADJ;NOM(FEM,SG)	Jesénnô
Inflect Łukôsz | N;NOM(SG)	Łukôsz
Inflect herb | N;INS(SG)	herbem
Inflect herb | N;LOC;SG	herbie
Inflect herb | N;GEN(PL)	herbù
Inflect mòdrzëńc | N;NOM(MASC,SG)	mòdrzińc
Inflect pałëga | N;F;NOM(SG)	pallida
Inflect cyrilica | N;ACC(FEM,SG)	cyrilicë
Inflect ùnikac | V;INF	ùnikac
Inflect pisać | V;PST;MASC;SG	pisôł
Inflect Gdynia | N;LOC;SG	Gdyni
Inflect wëtopiszcze | N;LOC;PL	wëtopiszczach
Inflect wëtopiszcze | N;INS(PL)	wëtopiszczama
Inflect Pòmòraniô | N;NOM(SG)	Pòmòraniô
Inflect prostô | ADJ;NOM(FEM,SG)	prostô
Inflect zwierza | N;ACC(SG)	zwierza
Inflect mężulek | N;DAT(SG,MASC)	mężulkowi
Inflect jiny | ADJ;NOM(FEM,SG)	jine
Inflect skłąd | N;NOM(SG)	skłôd
Inflect Hòmònim | N;NOM(SG)	Hòmònim
Inflect dróga | N;GEN(PL)	dróg
Inflect gatunek | N;NOM(PL)	gatunki
Inflect gatunek | N;GEN(SG)	gatunku
Inflect miasta | N;LOC;PL	miastach
Inflect anser | N;GEN(FEM,SG)	anserina
Inflect òbjimać | V;3;PL;PRS	òbjimają
Inflect Artemisia | N;NOM(SG)	Artemisia
Inflect Potęgowskie | ADJ;NOM(PL,MASC)	Potęgowskie
Inflect ptôk | N;NOM(PL)	ptôszi
Inflect rząd | N;GEN(SG)	rzãdu
Inflect rząd | N;VOC(SG)	rzãdze
Inflect sakrament | N;ACC(SG)	sakrameńtu
Inflect sakrament | N;GEN(PL)	sakrameńtów
Inflect zafédrowanié | V;NFIN;VN	zafédrowanié
Inflect Strzënowô | ADJ;NOM(FEM,SG)	Strzënowô
Inflect codzénny | ADJ;NOM(MASC,SG)	codzénny
Inflect mieszczaństwo | N;GEN(SG)	mieszczaństwa
Inflect klawisz | N;NOM(SG)	klawisz
Inflect klawisz | N;GEN(SG)	klawisza
Inflect Termin | N;GEN(MASC,SG)	Terminu
Inflect gwiôzdór | N;NOM(SG)	gwiôzdór
Inflect memk | N;DAT(FEM,PL)	memką
Inflect Kaszëbi | N;NOM(PL)	Kaszubi
Inflect nektar | N;NOM(SG)	nektar
Inflect nektar | N;INS(MASC,SG)	nektarem
Inflect Matka | N;NOM(SG,FEM)	Matka
Inflect Matka | N;GEN(SG)	Matki
Inflect Matka | N;F;ACC(SG)	Matkã
Inflect Schloppe | V;IMP;PL;IND	Schloppe
Inflect Stronnictwo | N;GEN(SG)	Stronnictwa
Inflect pòspòlitô | ADJ;NOM(FEM,SG)	pòspòlitô
Inflect palc | N;ACC(PL)	palce
Inflect stôrodôwnota | N;NOM(FEM,SG)	stôrodôwnota
Inflect pupk | N;GEN(MASC,PL)	pupków
Inflect pòém | N;GEN(PL)	pòémów
Inflect stosunkòwò | ADV	stosunkòwò
Inflect nierówny | ADJ;NOM(MASC,SG)	nierówny
Inflect zdanie | N;LOC;PL	zdaniach
Inflect òbłożëc | V;PPFV;IMPRS	òbłożoné
Inflect zasada | N;NOM(PL)	zasadë
Inflect zasada | N;GEN(PL)	zasadów
Inflect chójeczka | N;ACC(SG,FEM)	chójeczkã
Inflect spłaszczać | V;PPFV;IMPRS;NFIN	spłaszczony
Inflect Protestantyzna | N;NOM(SG)	Protestancëzna
Inflect grawitacja | N;DAT(SG)	grawitacji
Inflect Afryka | N;ACC(SG)	Afriką
Inflect Nôcetka | N;NOM(FEM,SG)	Nôcetka
Inflect Zielony | ADJ;NOM(SG,MASC)	Zelony
Inflect trzeba | ADV	trzeba
Inflect Cérzno | N;NOM(SG)	Cérzni
Inflect pòwiedzeć | V;NFIN;SUP	pòwiédzeń
Inflect Môłë | ADJ;ACC(FEM,SG)	Môlowi
Inflect sanitariusz | N;ACC(SG)	sanitariuszã
Inflect pòłòwa | N;NOM(SG)	pòłòwa
Inflect rozpiãtë | ADJ;INS(MASC,PL)	rozpiãtymi
Inflect òkrãt | N;VOC(PL)	òkrãtë
Inflect Martin | N;MASC;SG	Martin
Inflect zelëskò | N;VOC(SG)	zelëskò
Inflect jasło | N;NOM(PL)	Jasła
Inflect stari | ADJ;VOC(MASC,SG)	Staré
Inflect regionalny | ADJ;NOM(MASC,SG)	regionalny
Inflect regionalny | ADJ;INS(MASC,SG)	regionalnym
Inflect regionalny | ADJ;INS;NOM(PL,MASC)	regionalnyma
Inflect regionalny | ADJ;GEN(MASC,PL)	regionalnëch
Inflect spôdkòwëzna | N;GEN(SG)	spôdkowiznë
Inflect pëszny | ADJ;NOM(MASC,SG)	Pëszny
Inflect warszawsczi | ADJ;NOM(MASC,SG)	warszawsczi
Inflect warszawsczi | ADJ;MASC;PL;LOC	warszawsczim
Inflect Mòże | V;IND;SG;3	Mòże
Inflect piérzô | N;NOM(SG)	piérzô
Inflect Prãcëków | N;GEN(PL)	Prãcëków
Inflect chalëpnik | N;NOM(SG)	chalëpnik
Inflect Nawka | N;NOM(SG)	Nawka
Inflect òpiniô | N;NOM(PL)	òpinie
Inflect ôrtny | ADJ;NOM(MASC,SG)	ôrtny
Inflect Tajlandiô | N;F;NOM(SG)	Tajlandiô
Inflect fòrmalëna | N;ACC(FEM,PL)	fòrmalënie
Inflect gram | N;GEN(PL)	gramów
Inflect jednofarwny | ADJ;NOM(MASC,SG)	jednofarwny
Inflect Dôwid | N;NOM(MASC,SG)	David
Inflect dzewikwiatowatëch | ADJ;DAT(PL,MASC)	dzewikwiatowatëch
Inflect złóm | ADJ;POS;MASC;SG	złóm
Inflect pinup | N;NOM(SG)	pinup
Inflect Venezuela | N;NOM(SG)	Venezuela
Inflect Mëszk | N;NOM(PL)	Mëszk
Inflect Kunlun | N;INS(SG,MASC)	Kunlunem
Inflect dzelonô | ADJ;NOM(FEM,SG)	dzelona
Inflect cëdo | N;GEN(PL)	cëdów
Inflect lagrach | N;LOC;PL	lagrach
Inflect Isabel | N;NOM(SG)	Isabel
Inflect lubelsczi | ADJ;NOM(MASC,PL)	lubelsczi
Inflect piôszczësty | ADJ;GEN(PL,MASC)	piôszczëstëch
Inflect historycznô | ADJ;ACC(FEM,SG)	historiczną
Inflect pòtrôwnik | N;GEN(PL,MASC)	pòtrôwniców
Inflect wschôd | N;GEN(MASC,SG)	wschòdu
Inflect quahwah | N;VOC(SG)	quahwah
Inflect wërôbnik | N;INST;SG	wërôbnikã
Inflect ekòsystem | N;NOM(SG)	ekòsystem
Inflect vszeternoskji | ADJ;GEN(PL,ANIM)	vszeternoskjich
Inflect Lësta | N;ACC(PL)	Lëste
Inflect zbiérk | N;GEN(SG)	zbiérkù
Inflect ògradzëc | V;NFIN	ògradzym
Inflect rok | N;GEN(SG)	Roku
Inflect piôskòwati | ADJ;ACC(MASC,PL)	piôskòwatëch
Inflect wiela | N;ACC(SG)	wielënã
Inflect òstrim | ADJ;MASC;PRED;SG	òstrim
Inflect wiekò | N;GEN(PL)	wiekòw
Inflect mòże | V;3;SG;PRS	móże
Inflect zaczec | V;NFIN;PRF;PSV	zaczãto
Inflect symbolika | N;F;NOM(SG)	symbólika
Inflect lek | N;GEN(PL)	leków
Inflect Hieronim | N;GEN(FEM,SG)	Hieronima
Inflect gniôzdkò | N;GEN(PL)	gniôzdków
Inflect uznôwóny | ADJ;MASC;PSS;SG	uznôwóny
Inflect rozmowa | N;F;NOM(SG)	Rozmowa
Inflect radioaktywnoszka | N;GEN(SG)	radioaktywnoszczi
Inflect òjcjic | N;GEN(PL)	òjców
Inflect smołdzëńskô | ADJ;NOM(MASC,SG)	smołdziński
Inflect niebiesczi | ADJ;GEN(MASC,PL)	niebiesczich
Inflect niebiesczi | ADJ;INS(MASC,SG)	niebiesczim
Inflect żëce | N;VOC(SG)	żëca
Inflect żëce | N;NOM(PL)	żëce
Inflect przédnikòwać | V;IPFV;IND;NFIN	przédnikùją
Inflect Rozewie | N;NOM(PL)	Rozewié
Inflect wiérzch | N;NOM(MASC,SG)	wiérzch
Inflect Vancouver | N;NOM(SG)	Vancouver
Inflect Dobrô | ADJ;ACC(FEM,SG)	Dobrą
Inflect samòòbstojenié | N;GEN(SG)	samòòbstojenia
Inflect jinëj | ADV	Jinëch
Inflect Reprezentant | N;F;ACC(SG)	Reprezentantã
Inflect Chowaniec | N;NOM(SG)	Chowaniec
Inflect Kòreja | N;GEN(SG)	Kòreje
Inflect Kòreja | N;GEN(SG)	Kòreji
Inflect Kòło | N;LOC;SG	Kòle
Inflect smulszowaty | ADJ;ACC(MASC,PL)	smulszowatëch
Inflect przezérnik | N;NOM(PL)	przezérniczi
Inflect przezérnik | N;NOM(SG)	przezérnik
Inflect rozeszłosc | N;NOM(FEM,SG)	rozeszłosc
Inflect pòpùlacjô | N;NOM(PL)	pòpùlacje
Inflect pòpùlacjô | N;F;NOM(SG)	pòpùlacjô
Inflect lekarzeniô | N;NOM(SG)	lekarzeniô
Inflect Gąs | N;FEM;SG	Gãsô
Inflect òpadë | N;GEN(PL)	òpadów
Inflect Loretańskô | ADJ;NOM(FEM,SG)	Loretańskô
Inflect teren | N;LOC;PL	terenach
Inflect teren | N;LOC;SG	terenie
Inflect wãgiel | N;GEN(SG)	wãgla
Inflect łacëzna | N;NOM(FEM,SG)	łacëna
Inflect dzyk | N;ACC(SG)	dzybrorérë
Inflect krezór | N;NOM(PL)	krezë
Inflect sykórkòwati | ADJ;GEN(MASC,PL)	sykórkòwatëch
Inflect niedbôłk | N;INS(MASC,SG)	niedbôłk
Inflect żëwi | ADJ;GEN(MASC,SG)	żëwëgò
Inflect gódnik | N;GEN(SG)	gódnika
Inflect żôłtawobiôłi | ADJ;NOM(MASC,PL)	żôłtawobiôłi
Inflect dań | N;GEN(SG)	dania
Inflect dań | N;GEN(PL)	danió
Inflect swiżi | ADJ;NOM(MASC,SG)	swiżi
Inflect arena | N;DAT(SG)	arenie
Inflect Òstatny | ADJ;NOM(MASC,SG)	Òstatny
Inflect Òjô | N;NOM(SG,MASC)	Òjos
Inflect refòrmator | N;INST;SG	refòrmatorã
Inflect Płóscë | N;LOC;SG	Płosce
Inflect etniczny | ADJ;GEN(MASC,SG)	etnicznegò
Inflect bestseller | N;ACC(SG)	bestsellerã
Inflect zwierzę | N;GEN(PL)	zwiérząt
Inflect Archeòlogòwé | N;NOM(PL,MASC)	Archeòlogòwé
Inflect samojistnô | ADJ;ACC(FEM,SG)	samojistnu
Inflect wãżk | N;GEN(SG)	wãża
Inflect rodzôj | N;NOM(SG)	rodzôj
Inflect mòznô | ADJ;NOM(FEM,SG)	mòznô
Inflect mòdernizna | N;GEN(SG)	mòderniznë
Inflect zdroj | N;LOC;PL	zdrojach
Inflect zdroj | N;INS(SG)	zdrojem
Inflect Lësccëna | N;NOM(FEM,SG)	Lëscëna
Inflect Specjalny | ADJ;NOM(MASC,SG)	Specjalny
Inflect Specjalny | ADJ;NOM(FEM,SG)	Specjalnô
Inflect jedwabny | ADJ;VOC(MASC,SG)	jedwabni
Inflect zwierz | N;GEN(PL)	zwierzów
Inflect Dziennik | N;GEN(SG)	Dziennika
Inflect bògatë | ADJ;INS(MASC,SG)	bògatim
Inflect Proskòmidiô | N;NOM(SG)	Proskòmidiô
Inflect Norfolk | N;NOM(SG)	Norfolk
Inflect mëslëcél | N;INST;SG	mëslicelém
Inflect ródny | ADJ;DAT(PL,MASC,ANIM)	ródnyma
Inflect bezrëszny | ADJ;NOM(FEM,SG)	bezrësznô
Inflect sztëlisticznô | ADJ;NOM(FEM,SG)	sztëlisticznô
Inflect majątek | N;M3;GEN(PL)	majątków
Inflect Kùkówka | N;F;NOM(SG)	Kùkówka
Inflect Rómpskô | ADJ;GEN(MASC,SG)	Rómpsczégò
Inflect òbszãdzëc | V;IMP;2;SG	òbsądë
Inflect drëgji | ADJ;NONANIM;NOM(PL,MASC)	drëdżé
Inflect jama | N;DAT(PL)	jamach
Inflect jama | N;DAT(SG)	jamo
Inflect bawëc | V;INF	bawic
Inflect Główny | ADJ;NOM(SG,MASC)	Główny
Inflect Włodzimierz | ADJ;VOC(MASC,SG)	Włodzmiersczi
Inflect warka | N;ACC(SG)	warkã
Inflect areszt | N;GEN(SG)	aresztu
Inflect westrzédnô | ADJ;GEN(FEM,SG)	westrzédnej
Inflect westrzédnô | ADJ;NOM(FEM,SG)	westrzédni
Inflect weterinôrz | N;INS(MASC,SG)	weterinarym
Inflect Jignacy | N;NOM(MASC,SG)	Jignacy
Inflect Pierwoszk | ADJ;INS(MASC,SG)	Pierwòsznym
Inflect niewielżi | ADJ;NOM(MASC,SG)	niewiôldżi
Inflect sëtk | N;GEN(PL)	sutków
Inflect sztabilnosc | N;ACC(SG)	sztabilnotë
Inflect klumb | N;ACC(SG)	klubã
Inflect Biôłi | ADJ;NOM(MASC,SG)	Biôłi
Inflect parlamentarny | ADJ;ACC(SG,FEM)	parlamentarną
Inflect Szesnastôletnié | ADJ;P;NOM(PL,MASC)	Szesnastôletnié
Inflect pòwstôwanié | N;INS(SG,MASC,INAN)	pòwstôwanim
Inflect dramac | N;ACC(PL)	dramace
Inflect technologija | N;ACC(SG)	technologijã
Inflect technologija | N;FEM;SG	technologijô
Inflect łãtownik | N;NOM(SG)	łãtownik
Inflect cepły | ADJ;INS(MASC,SG)	cepłim
Inflect Mòkwa | N;GEN(SG)	Mòkwë
Inflect kòrespondencëjô | N;INS(SG)	kòrespòndencją
Inflect Ewanieliô | N;F;NOM(SG)	Ewanieliô
Inflect sztôłt | N;NOM(SG)	sztôłt
Inflect Méster | ADJ;NOM(MASC,SG)	Méstersczi
Inflect Pùblicznô | ADJ;NOM(FEM,SG)	Pùblicznô
Inflect znak | N;NOM(SG)	Znak
Inflect słabì | ADJ;NOM(MASC,SG)	słabò
Inflect Chmielnicki | N;NOM(MASC,SG)	Chmielnicczi
Inflect Miemiecczi | ADJ;NOM(MASC,PL)	Miemiecczi
Inflect krzak | N;PL	krzaczi
Inflect krótki | ADJ;NOM(PL,MASC)	krótczé
Inflect lùbka | N;GEN(PL)	lùbkosc
Inflect skrzidło | N;GEN(PL)	skrzidłów
Inflect Lëstopadnikòwi | ADJ;GEN(MASC,SG)	Lëstopadnikòwégò
Inflect duńskô | ADJ;NOM(FEM,SG)	duńskô
Inflect Crne | ADJ;ACC(FEM,PL)	Crne
Inflect mówić | V;3;PL;PRS	mówią
Inflect słodczi | ADJ;NOM(MASC,SG)	słodczi
Inflect ostrzëc | V;IMP;2;SG	ostrim
Inflect założenié | N;INS(PL)	założeniama
Inflect założenié | N;NOM(SG,NEUT)	założenié
Inflect rãcznopis | N;INS(PL)	rãcznopisómi
Inflect kòntròla | N;F;ACC(SG)	kòntrolã
Inflect Òchrzcëlë | V;PST;3;PL	Òchrzcëlë
Inflect lato | N;GEN(PL)	Latów
Inflect Wehrmacht | N;NOM(SG)	Wehrmacht
Inflect Amerikańskô | ADJ;NOM(FEM,SG)	Amerikańskô
Inflect Piroga | N;NOM(FEM,SG)	Piroga
Inflect bùlwa | N;DAT(FEM,PL)	bùlew
Inflect Kanada | N;NOM(SG)	Kanada
Inflect Sakrameńt | N;NOM(SG)	Sakrameńt
Inflect Sakrameńt | N;PL	Sakrameńtë
Inflect jinny | ADJ;ACC(MASC,PL)	innych
Inflect dzejanie | N;INS(SG)	dzejanim
Inflect òdkriwac | V;NFIN;IMPF	òdkriwô
Inflect òbeńc | V;INF	òbeńc
Inflect Antarktida | N;GEN(SG)	Antarktidë
Inflect rzeczenié | N;NOM(SG)	rzeczenié
Inflect rzeczenié | N;GEN(SG)	rzeczeniô
Inflect atmòsferowëch | ADJ;GEN(PL,MASC,INAN)	atmòsferowëch
Inflect Zachariasz | N;GEN(MASC,SG)	Zachariasza
Inflect Dzeja | N;NOM(PL)	Dzeje
Inflect pisma | N;GEN(FEM,SG)	pisma
Inflect Merkùri | N;NOM(SG,MASC)	Merkùri
Inflect Gryf | N;NOM(SG)	Gryf
Inflect Gryf | N;F;NOM(SG)	Gryfa
Inflect zmëlëc | V;INF	zmëlëc
Inflect gòspòdarz | N;GEN(PL,MASC)	gòspòdarzów
Inflect zbòże | N;VOC(SG)	zbòrze
Inflect zbòże | N;GEN(SG)	zbòża
Inflect hanjic | V;NFIN	hanja
Inflect Piast | N;NOM(PL)	Piastowie
Inflect Piast | N;GEN(PL)	Piastów
Inflect gmina | N;GEN(SG)	gminy
Inflect gmina | N;ACC(SG)	gminë
Inflect gmina | N;GEN(PL)	gminów
Inflect gmina | N;INS(SG)	gminą
Inflect òdpòczink | N;GEN(SG)	òdpòczinkù
Inflect Wiôlgą | ADJ;ACC(FEM,SG)	Wiôlgą
Inflect regiona | N;LOC;PL	regionach
Inflect papiesczi | ADJ;GEN(MASC,PL)	papiesczich
Inflect niedzelô | N;DAT(SG)	niedzele
Inflect niedzelô | N;ACC(SG)	niedzelã
Inflect gwôscëcél | N;INST;SG	gwôscëcélã
Inflect aktorka | N;NOM(SG)	aktorka
Inflect szlachować | V;IND;3;PL	szlachują
Inflect wariant | N;GEN(PL)	wariantów
Inflect kilomatra | N;GEN(PL)	kilométrów
Inflect jaśchanie | N;NOM(SG)	jachanié
Inflect czôrny | ADJ;INS(MASC,SG)	czôrnyma
Inflect czôrny | ADJ;ACC(FEM,SG)	czôrné
Inflect jiscy | ADJ;VOC(MASC,SG)	jiscy
Inflect Znóny | ADJ;NOM(MASC,SG)	Znóny
Inflect kùńc | N;ACC(SG)	kuniec
Inflect dërch | ADV	dërch
Inflect kòlãdowané | N;NOM(NEUT,SG)	kòlãdowanié
Inflect Ksądz | N;NOM(SG,MASC)	Ksądz
Inflect wypis | N;NOM(PL)	Wypisy
Inflect słowny | ADJ;NOM(FEM,SG)	słownô
Inflect Lechiô | N;NOM(SG)	Lechia
Inflect Czëdës | ADV	Czëdës
Inflect tãpeniô | N;GEN(SG)	tãpieniô
Inflect plemiã | N;ACC(SG)	plemion
Inflect grządka | N;LOC;PL	grządkach
Inflect Boży | ADJ;GEN(FEM,SG)	Bożej
Inflect przëjemnosc | N;NOM(FEM,SG)	przëjemnosc
Inflect sztandard | N;GEN(PL)	sztandardów
Inflect mieniôc | V;PST;MASC;SG	mieniôł
Inflect jaka | ADJ;NOM(FEM,SG)	jaka
Inflect òsobisty | ADJ;MASC;PL;LOC	òsobistëch
Inflect Oliwa | N;DAT(SG)	Oliwie
Inflect wëdrëkòwac | V;PTP;PPL;MSDR	wëdrëkòwóny
Inflect pług | N;NOM(SG)	pług
Inflect Strzébrzny | ADJ;NOM(MASC,SG)	Strzébrzny
Inflect Stanley | N;GEN(MASC,SG)	Stanleya
Inflect swiódk | N;INS(SG)	swiôdkiem
Inflect pòpùlarnosc | N;INST;SG	pòpùlarnoscą
Inflect pòpùlarnosc | N;ACC(SG)	pòpùlarnotã
Inflect Pòrtugalsczi | ADJ;NOM(MASC,SG)	Pòrtugalsczi
Inflect zaòkrãglony | ADJ;NOM(FEM,SG)	zaòkrãglonô
Inflect słowôrz | N;NOM(SG)	słowôrz
Inflect słowôrz | N;GEN(SG)	słowôrza
Inflect słowôrz | N;LOC;PL	słowôrzach
Inflect słowôrz | N;NOM(PL)	słowôrze
Inflect teksta | N;GEN(SG)	tekstë
Inflect Smierc | N;GEN(SG)	Smiercë
Inflect obsëszëc | V;INF	obsëszëc
Inflect Depùtowónëch | ADJ;GEN(MASC,PL)	Depùtowónëch
Inflect żągiel | N;GEN(PL)	żągłów
Inflect zawòłanié | N;NOM(SG)	zawòłanié
Inflect zemiãdobreńskô | ADJ;ACC(FEM,SG)	zemiądobrzińską
Inflect Hyaena | N;NOM(SG)	Hyaena
Inflect pismiono | N;NOM(PL)	pismiona
Inflect pismiono | N;INS(SG,NEUT)	pismionem
Inflect kùpienié | N;GEN(FEM,SG)	kùpieniô
Inflect ùroda | N;GEN(SG)	ùrodë
Inflect Wełtawa | N;SG;INST	Wełtawą
Inflect film | N;GEN(PL)	Filmów
Inflect Rzãsiny | N;LOC;PL	Rząsinach
Inflect mùzycznô | ADJ;INS(MASC,SG)	mùzycznym
Inflect lagrowi | ADJ;GEN(MASC,PL)	lagrowëch
Inflect lôdżer | N;NOM(MASC,SG)	lôdżer
Inflect Valera | N;ACC(SG,FEM)	Valerą
Inflect sedzba | N;ACC(SG)	sedzbã
Inflect sedzba | N;GEN(SG)	sedzbë
Inflect astronom | N;NOM(SG)	astronom
Inflect astronom | N;GEN(SG)	astronoma
Inflect spòdlë | N;INS(SG)	spòdlim
Inflect ciągnąć | V;NFIN	cygną
Inflect promieniowanie | N;GEN(SG)	promieniowaniô
Inflect Jakùbek | N;NOM(SG)	Jakùbek
Inflect môłi | ADJ;GEN(MASC,SG)	môłégò
Inflect môłi | ADJ;ACC(MASC,PL)	môłëch
Inflect Strzébrznô | ADJ;NOM(FEM,SG)	Strzébrznô
Inflect wòdowny | ADJ;INS(MASC,SG)	wòdowim
Inflect Wielgi | ADJ;CMP	Wiãkszi
Inflect filozofia | N;NOM(PL)	filozofie
Inflect dzëcë | N;DAT(SG)	dzece
Inflect môl | N;ACC(SG)	môlã
Inflect prowincëjô | N;GEN(SG)	prowincëje
Inflect krzew | N;GEN(PL)	krzów
Inflect Trzënôrt | N;NOM(SG)	Trzënórt
Inflect sądowô | ADJ;GEN(MASC,PL)	sądowëch
Inflect zgrëpòwany | ADJ;INS(MASC,SG)	zgrëpòwanim
Inflect Zaksy | N;NOM(PL)	Zaksowie
Inflect semester | N;NOM(SG)	semester
Inflect nabòżeństwo | N;GEN(SG)	nabòżeństwa
Inflect teòriô | N;GEN(SG)	teòrii
Inflect znajmota | N;ACC(SG,FEM)	znajemnotą
Inflect Wejrowò | N;NOM(NEUT,SG)	Wejrowò
Inflect terenowô | ADJ;NOM(FEM,SG)	terenowô
Inflect grańc | N;GEN(PL)	grańców
Inflect nocledżi | N;VOC(SG)	nocledżi
Inflect fòtografijô | N;NOM(SG,FEM)	fòtografijô
Inflect sledny | ADJ;NOM(FEM,SG)	slednô
Inflect strzédnowiek | N;GEN(SG)	strzédnowiekù
Inflect darżëca | N;ACC(SG)	darżëcą
Inflect teatr | N;LOC;SG	teatree
Inflect nadziemny | ADJ;NOM(MASC,SG)	nadzemny
Inflect òbzérnik | N;NOM(SG)	òbzérnik
Inflect òbzérnik | N;GEN(SG,FEM)	òbzérnika
Inflect robaczëwi | ADJ;NOM(PL,MASC,INAN)	robaczëwé
Inflect wëdzél | V;IMP;SG	wëdzél
Inflect krab | N;NOM(PL)	Krabë
Inflect pògórze | N;NOM(PL)	pògórza
Inflect panować | V;INF	panowac
Inflect Sowiecczi | ADJ;NOM(MASC,PL)	Sowiecczi
Inflect reżisérga | N;GEN(PL)	reżisérã
Inflect Kwasny | ADJ;NOM(FEM,SG)	Kwasné
Inflect pòdzélënk | N;NOM(SG)	pòdzélënk
Inflect pòdzélënk | N;GEN(PL)	pòdzélënków
Inflect pòdzélënk | N;GEN(SG)	pòdzélënkù
Inflect Mycobacterium | N;NOM(SG)	Mycobacterium
Inflect chrzescëjaństwò | N;NOM(SG)	chrzescëjaństwò
Inflect plac | N;NOM(SG)	plac
Inflect plac | N;LOC;PL	placach
Inflect dôwnô | ADJ;NOM(FEM,SG)	dôwna
Inflect sztołt | N;GEN(PL)	ształtów
Inflect babiloński | ADJ;NOM(MASC,SG)	babilońsczié
Inflect Pierwòwzór | N;INS(SG)	Pierwòwzorã
Inflect racja | N;INS(SG)	racją
Inflect Towarzëstwò | N;LOC;SG;NEUT	Towarzëstwie
Inflect satelitarny | ADJ;INS(MASC,SG)	satelitarnim
Inflect pòłożenié | N;GEN(SG)	pòłożeniô
Inflect prosba | N;FEM;SG;LOC	prosbie
Inflect prosba | N;ACC(SG)	prosbã
Inflect wëmôgac | V;NFIN	wëmôgô
Inflect pòjazd | N;LOC;PL	pòjazdach
Inflect pòjazd | N;GEN(PL)	pòjazdów
Inflect składowisko | N;GEN(PL)	składowisków
Inflect Papież | N;GEN(MASC,SG)	Papieża
Inflect Stëdnia | N;ACC(SG)	Stëdnią
Inflect Staszków | N;GEN(PL)	Staszków
Inflect diskùsjô | ADJ;INS(MASC,SG)	diskùsjowim
Inflect Drawsko | N;NOM(SG)	Drawsko
Inflect brat | N;NOM(SG)	Brat
Inflect przédny | ADJ;NOM(PL,MASC)	przédne
Inflect Pòmòrzô | N;ACC(SG)	Pòmòrzã
Inflect kąt | N;LOC;PL	kątach
Inflect kąt | N;ACC(SG)	kąter
Inflect tłësty | ADJ;NOM(MASC,SG)	tłësty
Inflect wojskòwégò | ADJ;GEN(MASC,SG)	wojskòwégò
Inflect placha | N;F;GEN(SG)	plachë
Inflect zdanié | N;ACC(SG)	zdaniã
Inflect zdanié | N;NOM(SG)	zdanié
Inflect región | N;LOC;PL	regiónach
Inflect región | N;GEN(SG)	regiónu
Inflect doktor | N;NOM(SG)	doktor
Inflect bëlni | ADJ;INS(MASC,SG)	bëlnym
Inflect zbrodnia | N;INST;PL	zbrodniami
Inflect pòdzelenié | N;NOM(SG,NEUT)	pòdzelenié
Inflect zawód | N;GEN(SG)	zawòdu
Inflect nierównomiary | ADJ;NOM(PL,MASC)	nierównomiarowé
Inflect ásën | N;NOM(SG)	asinus
Inflect Zakrzewò | N;NOM(SG)	Zakrzewò
Inflect Tatër | N;NOM(PL)	Tatrë
Inflect bòcón | N;GEN(PL)	bòcónów
Inflect Reszka | N;GEN(SG)	Reszke
Inflect wòjskò | N;DAT(SG)	wòjskù
Inflect òficjalnëch | ADJ;GEN(PL)	òficjalnëch
Inflect jinny | ADJ;GP	jinszych
Inflect stôwiôrz | N;MASC;SG	stôwiôrz
Inflect gallus | N;NOM(SG)	gallus
Inflect nôzwëstk | N;GEN(PL)	nôzwëstków
Inflect przedôwac | V;INF	przedôwac
Inflect Zakrzewie | N;NOM(SG)	Zakrzewie
Inflect Niderlandzkô | ADJ;NOM(FEM,SG)	Niderlandzkô
Inflect ògón | N;M3;INS(SG)	ògònã
Inflect ògón | N;NOM(SG)	ògón
Inflect ògón | N;GEN(SG)	ògóna
Inflect ògón | N;INS(SG)	ògónem
Inflect ògón | N;VOC(SG)	ògónie
Inflect Kãpica | N;NOM(SG)	Kãpice
Inflect Liceùm | N;NOM(SG)	Liceùm
Inflect môl | N;FEM;LOC;SG	malah
Inflect doswiôdczenié | N;NOM(SG)	doswiôdczenié
Inflect doswiôdczenié | N;GEN(PL)	doswiôdczeniów
Inflect Wôłczô | N;F;NOM(SG)	Wôłczô
Inflect legionista | N;GEN(PL,MASC)	legionistów
Inflect òpozdzenk | N;GEN(SG)	òpozdzenkù
Inflect Liverpool | N;INS(SG)	Liverpoolem
Inflect fabala | N;GEN(SG)	fabalis
Inflect wiercenia | N;GEN(SG)	wierceniô
Inflect bôłëc | N;DAT(PL)	bôlëcë
Inflect pierwiôstk | N;NOM(PL,MASC,INAN)	pierwiôstczi
Inflect óbservacjô | N;GEN(SG)	óbserwacji
Inflect bibloteka | N;F;NOM(SG)	bibloteka
Inflect bibloteka | N;LOC;PL	biblotekach
Inflect bibloteka | N;GEN(PL)	bibloteków
Inflect tikanié | N;NEUT;SG;LOC	tikaniu
Inflect suskac | V;IMP;PFV	susk
Inflect chrzept | N;ACC(MASC,SG)	chrzept
Inflect Rëmiô | N;NOM(SG)	Rëmiô
Inflect wiara | N;NOM(SG)	wiara
Inflect wiara | N;ACC(SG)	wiarã
Inflect Détel | N;GEN(PL)	Détlów
Inflect Spreng | V;IMP;SG;2	Spreng
Inflect zemia | N;NOM(SG)	zemia
Inflect piãty | ADJ;INS(MASC,SG)	piątim
Inflect fundament | N;ACC(SG)	fùńdamentã
Inflect trus | N;ACC(SG)	Trus
Inflect stożk | N;NOM(PL)	stożczi
Inflect kòprovi | ADJ;INS(MASC,SG)	kòprowim
Inflect Apis | N;NOM(MASC,SG)	Apis
Inflect ptôszë | ADJ;GEN(PL,MASC,ANIM)	ptôszich
Inflect rewòLucjô | N;GEN(SG)	rewòlucëji
Inflect pòlaszëzna | N;ACC(SG)	pòlaszëznã
Inflect krótkô | ADJ;NOM(FEM,SG)	krótkô
Inflect uliga | N;M3;INS(SG)	uliginosum
Inflect Bòston | N;LOC;SG	Bòstonie
Inflect religija | N;GEN(SG)	religii
Inflect spòtkac | V;INF	spòtkac
Inflect lesnô | ADJ;NOM(FEM,SG)	lesnô
Inflect zaklãcc | V;NFIN	zaklãti
Inflect rodzezno | N;DAT(SG)	rodzëznie
Inflect pszczeli | ADJ;ACC(MASC,SG)	pszczelégò
Inflect jãzëk | N;GEN(PL)	jãżëków
Inflect dokôzac | V;NFIN	dokôzcą
Inflect dokôzac | V;NFIN	dokôzoma
Inflect dokôzac | V;NFIN;INFM	dokôzowanié
Inflect kśãżëc | N;GEN(SG)	księca
Inflect grzëpa | N;F;NOM(SG)	grzëpa
Inflect Tombaugh | N;GEN(MASC,SG)	Tombaugha
Inflect Miedzëbórz | N;NOM(SG,MASC)	Miedzëbórz
Inflect wëwód | N;NOM(PL)	wëwiódë
Inflect chrzest | N;DAT(SG)	chrzce
Inflect precyzëjô | N;ACC(SG)	precyzëją
Inflect Trzecô | ADJ;NOM(FEM,SG)	Trzecô
Inflect òwad | N;ACC(PL)	òwadë
Inflect òwad | N;GEN(PL)	òwadów
Inflect Miesądz | N;GEN(SG)	Miesąca
Inflect przëprawa | N;NOM(SG)	przëprawa
Inflect przëprawa | N;ACC(SG)	przëprawą
Inflect òrganizacëjô | N;GEN(SG)	òrganizacje
Inflect òdjimkac | V;NFIN	òdnieseniô
Inflect Łobżenica | N;NOM(SG)	Łobżenica
Inflect miesãcznik | N;GEN(SG)	miesãcznika
Inflect Ewanielëjô | N;GEN(SG)	Ewanielëji
Inflect Ewanielëjô | N;F;NOM(SG)	Ewanielëjô
Inflect czartowsczi | ADJ;NOM(FEM,SG)	czartowskô
Inflect cech | N;NOM(PL)	cechë
Inflect cech | N;ACC(MASC,SG)	cechù
Inflect metropòlia | N;NOM(SG,FEM)	metropòlie
Inflect Wôżny | ADJ;ACC(SG,FEM)	Wôżną
Inflect pòdjimìzna | N;ACC(SG)	pòdjimiznã
Inflect Pjesn | N;NOM(FEM,SG)	Pjesn
Inflect stacjonarny | ADJ;ACC(FEM,PL)	stacjonarné
Inflect seminarja | N;GEN(SG)	seminarëji
Inflect pãstacëjô | N;GEN(SG)	pãstaceje
Inflect przewòzënk | N;GEN(SG)	przewòzënkù
Inflect słonë | ADJ;NOM(FEM,SG)	Słoné
Inflect bazylika | N;NOM(FEM,SG)	bazylika
Inflect zwiérzãcë | ADJ;NOM(FEM,SG)	zwiérzãca
Inflect Szroeder | N;NOM(SG,MASC)	Szroeder
Inflect nawrócony | ADJ;GEN(PL,MASC)	nawróconych
Inflect przedpòle | N;LOC;SG	przedpòlim
Inflect ksądz | N;LOC;SG	ksãżi
Inflect ksądz | N;NOM(PL)	ksãżich
Inflect Słowo | N;NOM(SG,NEUT)	Słowo
Inflect dokôz | N;GEN(SG)	dokôzu
Inflect òbróna | N;GEN(SG)	òbronie
Inflect gminô | ADJ;NOM(FEM,SG)	gminowô
Inflect zacmienie | N;GEN(PL)	zacmieniów
Inflect wstawiennictwo | N;NOM(SG)	wstawiennictwò
Inflect szpalér | N;NOM(PL)	szpalérë
Inflect oczëc | V;NFIN	òczu
Inflect Matarniô | N;NOM(SG)	Matarniô
Inflect dżinia | N;DAT(PL)	dżinie
Inflect Capra | N;F;NOM(SG)	Capra
Inflect Pòwiat | N;NOM(SG)	Pòwiat
Inflect włôsny | ADJ;ACC(FEM,SG)	włôsné
Inflect Amaranthus | N;NOM(SG)	Amaranthus
Inflect wieszczórka | N;GEN(SG)	wieszczórczi
Inflect wieszczórka | N;SG	wieszczórka
Inflect wieszczórka | N;GEN(PL,FEM)	wieszczórków
Inflect skòk | N;NOM(SG)	skòk
Inflect skòk | N;GEN(PL)	skòków
Inflect ùstëgòwnik | N;INS(PL)	ùstëgòwnikama
Inflect zabôcziwac | V;INF	zabôcziwac
Inflect psychòlogiczny | ADJ;NOM(MASC,SG)	psychòlogiczny
Inflect zmicnô | N;NOM(FEM,SG)	zmiónka
Inflect delikatnô | ADJ;NOM(FEM,SG)	Delikatno
Inflect region | N;ACC(SG)	region
Inflect pòwstôwać | V;IMPF;3;PL	pòwstôwają
Inflect branié | N;NOM(SG)	branié
Inflect Kartuzë | N;NOM(PL)	Kartuzë
Inflect wspòmôganié | N;INS(SG)	wspòmôganiém
Inflect òbrôzkòwé | ADJ;NOM(PL,MASC)	òbrôzkòwé
Inflect fakt | N;DAT(SG)	facto
Inflect szëdlec | N;NOM(FEM,SG)	szëdlëca
Inflect szëdlec | N;FEM;LOC;SG	szëdlëce
Inflect meditacjô | N;NOM(SG)	meditacjô
Inflect spòdlo | N;LOC;SG	spòdlém
Inflect rodzéństwo | N;GEN(SG)	rodzéństwa
Inflect Pira | N;F;NOM(SG)	Pyrus
Inflect farwa | N;GEN(SG)	farwi
Inflect Czasama | ADV	Czasama
Inflect pijôsk | N;DAT(MASC,SG)	píôskù
Inflect przëczënic | V;NFIN;INF	przëczënic
Inflect Mòrskô | ADJ;NOM(FEM,SG)	Mòrsczé
Inflect Mòrskô | ADJ;NOM(FEM,SG)	Mòrskô
Inflect pòczątk | N;GEN(SG)	pòczątkù
Inflect klawisz | N;GEN(PL)	klawiszy
Inflect Pomorania | N;F;NOM(SG)	Pomorania
Inflect wëdra | N;NOM(FEM,PL)	Wëdrë
Inflect snôzy | ADJ;NOM(MASC,SG)	snôzi
Inflect smitanka | N;DIMN;GEN(PL)	smitonków
Inflect spôdkòwizna | N;NOM(FEM,SG)	spôdkòwizna
Inflect spôdkòwizna | N;GEN(SG,FEM)	spôdkòwiznowi
Inflect spôdkòwizna | N;GEN(SG)	spôdkòwiznë
Inflect spôdkòwizna | N;F;ACC(SG)	spôdkòwizną
Inflect tôblica | N;FEM;SG;LOC	tôblëce
Inflect Kòcenkò | N;NOM(MASC,SG)	Kòcenkò
Inflect białgowsczi | ADJ;NOM(PL,MASC)	białgowsczé
Inflect Wołdza | N;ACC(SG)	Wołdzi
Inflect zamknienié | N;NOM(SG,NEUT)	zamknienié
Inflect strona | N;F;NOM(SG)	strona
Inflect strona | N;LOC;PL	stronach
Inflect pòwróz | N;NOM(SG)	pòwróz
Inflect Holland | N;NOM(SG)	Holland
Inflect séc | V;NFIN	sezo
Inflect sławnosc | N;FEM;LOC;SG	sławnoscë
Inflect Encyklopedijô | N;F;NOM(SG)	Encyklopedia
Inflect głowô | N;GEN(SG)	głòwë
Inflect manifestacja | N;ACC(FEM,SG)	manifestacje
Inflect Mownô | ADJ;NOM(FEM,SG)	Mownô
Inflect głos | N;NOM(SG)	Głos
Inflect Estoniô | N;NOM(SG)	Estoniô
Inflect złożenie | N;GEN(SG)	złożenia
Inflect sprëżny | ADJ;GEN(MASC,PL)	sprëżnëch
Inflect Prôwda | N;NOM(SG)	Prôwda
Inflect Peplón | N;NOM(SG,MASC)	Peplón
Inflect koninsky | ADJ;MASC;INST;SG	koninsczim
Inflect bananowiec | N;M3;GEN(PL)	bananowców
Inflect kłasc | V;3;PL;PRES	kładzą
Inflect Skórcowô | ADJ;NOM(FEM,SG)	Skórcowô
Inflect Grzebòwiszcze | N;NOM(SG)	Grzebòwiszcze
Inflect Wieselnô | ADJ;NOM(FEM,SG)	Wieselnô
Inflect zbérk | N;GEN(SG)	zbérkù
Inflect krëkòwati | ADJ;GEN(PL,MASC,ANIM)	krëkòwatich
Inflect Tédora | N;F;NOM(SG)	Tédorë
Inflect bùtn | ADJ;NOM(MASC,PL)	bùtnowé
Inflect gradus | N;GEN(PL)	gradusów
Inflect Archanioł | N;ACC(SG)	Archanioła
Inflect dôkaz | N;NOM(PL)	Dôkazë
Inflect znajdować | V;3;PL;PRS	znajdują
Inflect gòrący | ADJ;NOM(MASC,SG)	gòrący
Inflect gòrący | ADJ;INS(MASC,SG)	gòrącym
Inflect Pòmòrskówé | ADJ;NOM(PL,MASC)	Pòmòrsce
Inflect sprawòwać | V;NFIN	sprawòwac
Inflect spisënk | N;GEN(SG)	spisënkù
Inflect zybie | V;PRS;3;SG	zybie
Inflect wëcygnąc | V;INF	wëcygnąc
Inflect beatifikacja | N;GEN(SG)	beatifikacji
Inflect pòwólny | ADJ;NOM(MASC,SG)	pòwólny
Inflect przibór | N;GEN(PL)	przibòrów
Inflect bania | N;F;NOM(SG)	bania
Inflect drobnolëstni | ADJ;NOM(FEM,SG)	Drobnolëstnô
Inflect wstãpny | ADJ;NOM(SG,MASC)	wstãpny
Inflect rewolucja | N;GEN(SG)	rewolucëji
Inflect Bôjka | N;NOM(PL)	Bajki
Inflect sprôwianic | N;LOC;SG;M3	sprôwianim
Inflect Zasadzenié | V;PFR;NEG;NFIN	Zasadzenié
Inflect Berlin | N;NOM(SG)	Berlin
Inflect Berlin | N;NOM(SG)	Berlina
Inflect Berlin | N;LOC;SG	Berlinie
Inflect Czim | N;ACC(MASC,SG)	Czim
Inflect Sillë | N;DAT(FEM,SG)	Silli
Inflect pòlitika | N;NOM(SG)	pòlitika
Inflect pòlitika | N;ACC(SG)	pòlitikã
Inflect Kwidzëno | N;NOM(SG)	Kwidzëno
Inflect lëdztwò | N;NOM(SG)	lëdztwò
Inflect Jones | N;NOM(MASC,SG)	Jones
Inflect òficjalnô | ADJ;NOM(FEM,SG)	òficjalnô
Inflect Czersczi | ADJ;GEN(MASC,SG)	Czersczégo
Inflect zamkniãce | N;NOM(SG,NEUT)	zamkniãcé
Inflect radzëzna | N;GEN(SG)	radzëznë
Inflect Abies | N;NOM(SG)	Abies
Inflect letny | ADJ;NOM(MASC,SG)	letny
Inflect szkło | N;NOM(SG)	szkło
Inflect Widno | ADJ;INS(MASC)	Widniem
Inflect Widno | ADV	Widną
Inflect pòrównanié | N;GEN(SG,MASC)	pòrównaniégò
Inflect Karczewsczi | ADJ;NOM(MASC,SG)	Karczewsczi
Inflect Mésterzkò | N;DAT(PL)	Mésterzkò
Inflect Sudety | N;GEN(PL)	Sudetów
Inflect królewiónk | N;NOM(PL)	królewionczi
Inflect skłôdanié | N;INS(SG)	skłôdaniém
Inflect skłôdanié | N;GEN(SG)	skłôdaniô
Inflect dwórk | N;GEN(MASC,SG)	dwòrkù
Inflect firma | N;F;GEN(PL)	firmów
Inflect Swiãcowie | N;P;NOM(PL,MASC)	Swiãcowie
Inflect Brzadã | N;ACC(SG)	Brzadã
Inflect pòjedińczi | ADJ;VOC(MASC,SG)	pòjedińczi
Inflect Nôbrama | N;ACC(SG)	Ôbrama
Inflect gitarzysta | N;NOM(SG)	gitarzista
Inflect katolecczi | ADJ;ACC(MASC,SG)	katolecczégò
Inflect Wniebòwzãcô | N;NOM(FEM,SG)	Wniebòwzãcô
Inflect Marinarka | N;INS(SG)	Marinarką
Inflect las | N;GEN(SG)	lasu
Inflect las | N;INS(SG)	lasã
Inflect las | N;GEN(PL)	lasów
Inflect pòmòrsk | ADJ;NOM(MASC,SG)	Pòmòrsczi
Inflect maratón | N;ACC(SG)	maratonã
Inflect kalëny | N;IND;GEN(PL)	kalënowatëch
Inflect greńc | N;GEN(PL)	greńców
Inflect wierzt | N;GEN(PL)	wiérztów
Inflect jęzëk | N;GEN(SG)	jãzekù
Inflect wenerować | V;PST;3;PL	wenerowale
Inflect pòjedink | N;ACC(SG)	pòjedinkã
Inflect Wagenrad | N;NOM(SG)	Wagenrad
Inflect dochód | N;GEN(SG)	dochodu
Inflect pùstelnica | N;ACC(SG)	pùstelnikã
Inflect kòzełk | N;NOM(SG)	kòzełk
Inflect pilot | N;GEN(SG)	pilota
Inflect szwer | N;ACC(SG)	szwerdã
Inflect brzëmielnik | N;NOM(SG)	brzëmielnik
Inflect smiéch | N;INST;SG	smiéchã
Inflect Bombycilla | N;NOM(SG)	Bombycilla
Inflect grëfa | N;NOM(FEM,SG)	grifa
Inflect jãzëczk | N;NOM(PL)	jãzëczi
Inflect jãzëczk | N;DIM;NOM(SG)	jãzëczk
Inflect kùlturny | ADJ;NOM(MASC,SG)	kùlturny
Inflect miemiecczi | ADJ;DAT(MASC,PL)	miemiecczich
Inflect miemiecczi | ADJ;ACC(MASC,SG)	miemiecczé
Inflect miemiecczi | ADJ;GEN(MASC,SG)	miemiecczégò
Inflect ùcekacë | V;IMPF;3;SG	ùcékô
Inflect marsz | N;NOM(SG)	Marsz
Inflect jãzór | N;NOM(SG)	jãzór
Inflect szczecëńsczi | ADJ;INS(MASC,SG)	szczecëńsczim
Inflect scentralizowac | V;INF	scentralizowac
Inflect Jindion | N;DAT(SG)	Jindiónë
Inflect arcëbiskùpka | N;GEN(PL,FEM)	arcëbiskùpich
Inflect wiãcë | ADV	wicy
Inflect szôłtëstwo | N;GEN(SG)	szôłtëstwa
Inflect sëła | N;NOM(FEM,SG)	sëła
Inflect Kabaret | N;NOM(SG)	Kabaret
Inflect mrożenié | N;NOM(SG)	mrożenié
Inflect chërzënka | N;ACC(SG)	chërno
Inflect Katolëcczi | ADJ;NOM(MASC,SG)	Katolëcczi
Inflect Rekonstrukcjô | N;NOM(SG)	Rekònstrukcja
Inflect klészcz | N;NOM(SG)	klészcz
Inflect samòzwãk | N;ACC(SG)	samòzwãkã
Inflect samòzwãk | N;GEN(SG)	samòzwãkù
Inflect pisôrka | N;NOM(FEM,SG)	pisôrka
Inflect wëdóny | ADJ;DAT(PL,MASC)	wëdónëch
Inflect Pòtrusowati | V;INF	Pòtrusowati
Inflect pôdstawa | N;NOM(PL)	pôdstawë
Inflect HaMelah | N;MASC;SG;LOC	HaMelah
Inflect òbsądzy | N;NOM(PL)	òbsąd
Inflect kòłk | N;LOC;PL	òkółkach
Inflect przepòwiesc | N;DAT(SG)	przepòwiesce
Inflect Krãżel | N;NOM(SG,MASC)	Krãżel
Inflect zwierzëzna | N;GEN(SG)	zwierzëznie
Inflect Szczecin | ADJ;NOM(MASC,SG)	Szczeciński
Inflect widzoczny | ADJ;INS(MASC,SG)	widzocznym
Inflect Czëdë | ADV	Czëdë
Inflect wòda | N;ACC(PL)	Wódë
Inflect południowy | ADJ;FEM;SG;LOC	południowej
Inflect Anglëja | N;GEN(SG)	Anglëji
Inflect cząstka | N;ABL(PL,FEM)	cząstkama
Inflect dotknąć | V;NFIN	dotknąc
Inflect trzësk | N;GEN(MASC,PL)	trusów
Inflect dzewiãtny | ADJ;ACC(SG,FEM)	dzewiątą
Inflect urena | N;ACC(MASC,SG)	urens
Inflect lëkwidacja | N;GEN(SG)	lëkwidacji
Inflect Biafra | N;NOM(SG)	Biafra
Inflect Biafra | N;DAT(SG)	Biafrze
Inflect Biafra | N;ACC(SG)	Biafrą
Inflect Figara | N;GEN(FEM,SG)	Figara
Inflect spòsób | N;INST;SG	spòsobã
Inflect spòsób | N;NOM(PL)	spòsobë
Inflect spòsób | N;M3;NOM(SG)	spòsób
Inflect Sopòc | N;DAT(SG)	Sopòce
Inflect Eremã | N;NOM(FEM,SG)	Eremã
Inflect ùszëkòwanié | V;NFIN	ùszëkòwanié
Inflect załóżca | N;ACC(SG)	załóżcą
Inflect pòézjô | N;GEN(SG)	pòézji
Inflect pòézjô | N;NOM(SG)	pòézjô
Inflect lília | N;ACC(FEM,SG)	Lilio
Inflect dolmaczenié | N;INS(SG)	dolmaczeniém
Inflect medicynô | N;GEN(SG)	medicynë
Inflect Łužëce | N;LOC;PL	Łużëcach
Inflect zdrzelnica | N;NOM(PL)	zdrzelnice
Inflect towarzëstwò | N;NOM(SG)	towarzëstwò
Inflect pòsterunk | N;GEN(SG,MASC)	pòsterunkù
Inflect chrzescéjan | N;GEN(PL)	chrzescéjanów
Inflect malarztwò | N;NOM(NEUT,SG)	malarztwò
Inflect pòsobnica | N;ACC(SG)	pòsobnicã
Inflect òbszernô | ADJ;NOM(FEM,SG)	òbszernô
Inflect Krokòwa | N;FEM;SG;LOC	Krokòwi
Inflect ùroda | N;NOM(SG)	ùrodza
Inflect Filadelfijô | N;GEN(SG)	Filadelfije
Inflect Władza | N;ACC(SG)	Władzã
Inflect Jitalską | ADJ;ACC(FEM,SG)	Jitalską
Inflect góra | N;NOM(FEM,PL)	Górë
Inflect chëcza | N;LOC;PL	chëczach
Inflect Madonna | N;GEN(SG)	Madonnë
Inflect patelnia | N;DAT(SG)	patelni
Inflect teòlogijô | N;DAT(SG)	teòlogie
Inflect pòdjimac | V;NFIN	pòdbiti
Inflect séc | N;DAT(PL)	sécë
Inflect séc | N;GEN(PL)	séców
Inflect sudło | N;GEN(PL)	sudłów
Inflect dolmaczëc | V;INF	dolmaczëc
Inflect jeden | ADJ;ACC(FEM,SG)	jednã
Inflect przestrzéni | N;VOC(SG)	przestrzéń
Inflect Kòpónka | N;NOM(FEM,SG)	Kòpónka
Inflect wersja | N;VOC(PL)	wersje
Inflect wersja | N;GEN(FEM,SG)	wersji
Inflect wersja | N;ACC(SG)	wersjã
Inflect wersja | N;GEN(PL)	wersjów
Inflect MIESZKANIEC | N;INS(MASC,SG)	mieszkańcem
Inflect pòłowô | N;DAT(SG,FEM)	pòłowie
Inflect Amadé | N;NOM(SG)	Amadé
Inflect dialóg | N;NOM(PL)	dialodżi
Inflect encyklopedia | N;NOM(PL)	Encyklopedie
Inflect serotina | N;NOM(FEM,SG)	serotina
Inflect ikònografia | N;GEN(SG)	ikònografii
Inflect Szwecczi | ADJ;NOM(MASC,PL)	Szwecczi
Inflect zamieszkały | ADJ;ACC(MASC,PL)	zamieszkałe
Inflect film | N;GEN(PL)	filmów
Inflect Chojna | N;NOM(FEM,SG)	Chojna
Inflect Bąsôk | N;NOM(SG)	Bąsôk
Inflect stolëca | N;FEM;ALLR;PL	stolëcë
Inflect stolëca | N;F;NOM(SG)	stolëcô
Inflect stolëca | N;F;INS(SG)	stolëcą
Inflect òficér | N;GEN(PL)	òficérów
Inflect bazylica | N;LOC;SG	bazylice
Inflect sarce | N;VOC(SG,MASC)	Sarczi
Inflect Równoczasno | ADV	Równoczasno
Inflect virga | N;ACC(SG)	virgata
Inflect virga | N;VOC(SG)	virgaurea
Inflect Aragonija | N;GEN(SG)	Aragoniji
Inflect szëkac | V;INF	szëkac
Inflect żëdowskô | ADJ;VOC(MASC,SG)	żëdowsczi
Inflect Pacyfik | N;GEN(MASC,SG)	Pacyfikù
Inflect emigracëjny | ADJ;GEN(MASC,SG)	emigracëjnégò
Inflect Szãtopiérza | N;VOC(PL)	Szãtopiérze
Inflect doktorski | ADJ;ACC(FEM,SG)	doktorską
Inflect roscëna | N;ACC(FEM,PL)	roscënë
Inflect roscëna | N;GEN;GEN(PL,MASC)	roscënów
Inflect arbita | N;NOM(SG)	arbiter
Inflect Klôsztorny | ADJ;NOM(MASC,SG)	Klôsztórné
Inflect szczitowë | ADJ;GEN(MASC,SG)	szczitowégò
Inflect srómba | N;GEN(SG)	srąbë
Inflect Ùroczëzna | N;NOM(SG)	Ùroczëzna
Inflect Piôsznicë | N;ABL(FEM,SG)	Piôsznicë
Inflect kòdukt | N;GEN(PL,MASC)	kòduktów
Inflect brzuch | N;GEN(SG)	brzëchù
Inflect Alpejski | ADJ;NOM(FEM,SG)	Alpejskô
Inflect Starożytni | ADJ;NOM;VOC(MASC,PL)	Starożytni
Inflect przescieradło | N;NOM(SG,NEUT)	przescieradło
Inflect zwierzę | N;GEN(PL)	zwierzãtów
Inflect brutka | N;F;GEN(SG)	brutczi
Inflect zôpad | N;GEN(SG)	zôpadu
Inflect brëkòwnô | ADJ;NOM(FEM,SG)	brëkòwnô
Inflect tifùs | N;NOM(MASC,SG)	tifùs
Inflect tifùs | N;GEN(SG)	tifùsu
Inflect wëstãpiwac | V;INF	wëstãpiwac
Inflect Andrzej | N;GEN(SG)	Andrzeja
Inflect Krëwianka | N;GEN(PL,ANIM)	Krëwiónk
Inflect Oranienburg | N;NOM(SG)	Oranienburg
Inflect gón | N;M3;GEN(SG)	gónu
Inflect ludowy | ADJ;GEN(FEM,SG)	ludowej
Inflect Pszczëna | N;GEN(SG)	Pszczynë
Inflect Wiszniowô | ADJ;NOM(FEM,SG)	Wiszniowô
Inflect dëszë | N;NOM(PL)	dëszë
Inflect sekùnda | N;GEN(PL)	sekùnd
Inflect sekùnda | N;ACC(SG)	sekùndã
Inflect sekùnda | N;VOC(SG)	sekùndë
Inflect miédza | N;GEN(FEM,SG)	miédze
Inflect jinstitucja | N;GEN(PL)	jinstitucjów
Inflect rzéka | N;ACC(SG)	rzéce
Inflect rzéka | N;GEN(SG)	rzéczi
Inflect rzéka | N;NOM(SG)	rzéka
Inflect rzéka | N;LOC;PL	rzékach
Inflect rzéka | N;INSTR;PL	rzékama
Inflect rzéka | N;GEN(PL)	rzéków
Inflect dewelopersczi | ADJ;VOC(MASC,SG)	dewelopersczi
Inflect pòznôwczë | ADJ;GEN(PL,MASC,INAN)	pòznôwczich
Inflect Dioskùr | N;NOM(MASC,SG)	Dioskùr
Inflect Dioskùr | N;NOM(FEM,SG)	Dioskùra
Inflect pòrtugalsczi | ADJ;MASC;PSS;SG	pòrtugalsczégò
Inflect pòpiól | N;NOM(SG)	pòpiół
Inflect kaszëba | N;LOC;PL	kaszëbach
Inflect symbol | N;VOC(SG)	symbòle
Inflect Gilliama | N;ACC(FEM,SG)	Gilliama
Inflect òbiekt | N;GEN(SG)	òbiektu
Inflect òbiekt | N;ACC(SG)	òbiektã
Inflect òbiekt | N;FEM;PL	òbiektë
Inflect òbiekt | N;GEN(PL)	òbiektów
Inflect Pòtrownica | N;NOM(PL)	Pòtrownice
Inflect decëdować | V;IMP;3;PL	decëdëją
Inflect kòszk | N;GEN(PL)	kòsziczków
Inflect kòralowc | N;GEN(PL)	kòralowców
Inflect òwca | N;ACC(SG)	òwce
Inflect Apostoł | N;GEN(PL)	Aposztołów
Inflect Szacëc | V;IMP;2;PL	Szacëje
Inflect òdpòwiednik | N;DAT(PL)	òdpòwiednikiem
Inflect swoboda | N;ACC(SG,FEM)	swobodę
Inflect eskalacjô | N;GEN(FEM,SG)	eskalacjë
Inflect wszëtczim | ADJ;DAT(PL)	wszëtczim
Inflect WÙLKAN | N;ACC(PL)	Wùlkanë
Inflect szakal | N;NOM(SG)	szakal
Inflect Magdalena | N;ACC(FEM,SG)	Magdalenë
Inflect Magdalena | N;INS(FEM,SG)	Magdaleną
Inflect Mrągòwa | N;GEN(MASC,SG)	Mrągòwiusza
Inflect Dieta | N;NOM(FEM,SG)	Dieta
Inflect pòstny | ADJ;INS(MASC,SG)	pòstny
Inflect brzãk | N;NOM(PL)	brzãczi
Inflect greńcowë | ADJ;NOM(MASC,PL)	greńcowi
Inflect Ródzëzna | N;NOM(SG)	Rôdzëno
Inflect Pùm | N;NOM(SG,FEM)	Pùma
Inflect Wãdzjersczima | ADJ;INS(MASC,PL)	Wãgiersczima
Inflect zajn | ADV	zajn
Inflect wënekanié | N;INST;SG	wënëkaniém
Inflect miłosc | N;GEN(FEM,SG)	miłoscë
Inflect DUSZA | N;NOM(SG)	DUSZA
Inflect kòntinent | N;LOC;PL	kòntinentach
Inflect òkno | N;INS(SG)	òknem
Inflect òkno | N;LOC;SG	òknie
Inflect kmink | N;NOM(MASC,SG)	kmink
Inflect ksãdz | N;GEN(SG)	ksãżёca
Inflect Konrad | N;NOM(SG)	Konrad
Inflect rëszenié | N;NOM(SG)	rëszenié
Inflect Luter | N;NOM(MASC,SG)	Luter
Inflect òbrôzk | N;NOM(PL)	òbrôzczi
Inflect òbrôzk | N;M3;NOM(SG)	òbrôzk
Inflect tësecletë | N;ACC(PL)	tësąclata
Inflect brat | N;GEN(SG)	bracy
Inflect pòdrzątk | N;DAT(SG)	pòdrzątkù
Inflect nôleżnik | N;GEN(SG)	nôleżnika
Inflect nôleżnik | N;F;INS(PL)	nôleżnikama
Inflect nôleżnik | N;ACC(SG)	nôleżnikã
Inflect nôleżnik | N;GEN(PL)	nôleżników
Inflect adresôrz | N;NOM(MASC,SG)	adresôrz
Inflect spòleznô | N;ACC(FEM,SG)	spòleznë
Inflect szczépiony | ADJ;GEN(MASC,SG)	szczépionégò
Inflect mùskla | N;NOM(PL)	mùskle
Inflect kòniczëzna | N;F;NOM(SG)	kòniczëzna
Inflect wëjasnienié | N;GEN(SG)	wëjasnieniô
Inflect proza | N;DAT(SG)	prozë
Inflect czarzëna | N;LOC;SG;MASC	czarzënie
Inflect gnôt | N;NOM(SG)	gnôt
Inflect Eufrozyna | N;NOM(SG,FEM)	Eufrozyna
Inflect zalëdzoné | ADJ;PSSV;NFIN	zalëdzoné
Inflect krale | N;VOC(PL)	krale
Inflect bliskòsc | N;GEN(SG)	bliskòscë
Inflect prziroda | N;DAT(SG)	przirodze
Inflect Scynanié | V;NFIN	Scynanié
Inflect spopularizować | V;NFIN;VSTAT;PERF	spopularizowanié
Inflect szpica | N;NOM(FEM,SG)	szpica
Inflect slédny | ADJ;NOM(MASC,SG)	slédny
Inflect slédny | ADJ;MASC;INST;SG	slédnym
Inflect slédny | ADJ;GEN(MASC,SG)	slédnégò
Inflect slédny | ADJ;OBL;PL	slédnëch
Inflect Jãzëk | N;GEN(SG)	Jãzëka
Inflect lëstk | N;NOM(PL)	lëstczi
Inflect kłos | N;GEN(PL)	kłosów
Inflect Rubin | N;NOM(MASC,SG)	Rubin
Inflect kamianny | ADJ;NOM(MASC,SG)	kamianny
Inflect Anadirskô | ADJ;NOM(FEM,SG)	Anadirskô
Inflect cyfra | N;GEN(PL)	cyfrów
Inflect Svjeca | N;NOM(PL)	Svjecè
Inflect òbsztelenk | N;NOM(SG)	òbsztelënk
Inflect bómbardować | V;PST;3;PL	bómbardowelë
Inflect pierwòszny | ADJ;GEN(MASC,PL)	pierwòsznëch
Inflect òblëk | N;GEN(PL)	òblëczenków
Inflect tradicjô | N;NOM(SG)	tradicjô
Inflect Ònufri | N;NOM(MASC,SG)	Ònufri
Inflect krziż | N;NOM(SG)	Krziż
Inflect Pògrzeb | N;NOM(SG)	Pògrzéb
Inflect pionier | N;GEN(PL)	pionierów
Inflect Zwònica | N;NOM(FEM,SG)	Zwònica
Inflect Scotta | N;ACC(SG)	Scotta
Inflect Lëtwa | N;ACC(SG)	Lëtwã
Inflect Lëtwa | N;GEN(SG)	Lëtwë
Inflect Lëtwa | N;INS(SG)	Lëtwą
Inflect Vojtěch | N;NOM(SG,MASC)	Vojtěch
Inflect przeznórtny | ADJ;MS;NOM(SG)	przeznórtny
Inflect òbaczëc | V;INF	òbaczëc
Inflect grónk | N;NOM(PL)	grónczi
Inflect Przewodnik | N;NOM(SG)	Przewodnik
Inflect zrzeszëna | N;NOM(FEM,SG)	zrzeszëna
Inflect pòlsczi | ADJ;INS(MASC,SG)	pòlsczim
Inflect pòlsczi | ADJ;GEN(MASC,SG)	pòlsczégò
Inflect prawã | N;ACC(SG)	prawò
Inflect rëba | N;ACC(FEM,SG)	rëbą
Inflect Talór | N;NOM(SG)	Talôr
Inflect kader | N;NOM(PL)	kadrë
Inflect zakôzony | ADJ;GEN(MASC,PL)	zakôzónëch
Inflect znónô | ADJ;NOM(PL,MASC)	znóné
Inflect znónô | ADJ;GEN(MASC,SG)	znónégò
Inflect Prus | N;ACC(SG)	Prunus
Inflect ukłôd | N;NOM(MASC,SG)	ukłôd
Inflect Peplińsczi | ADJ;NOM(MASC,SG)	Peplińsczi
Inflect lëdã | N;ACC(SG)	lëdã
Inflect bab | N;ACC(SG)	babã
Inflect artysticzny | ADJ;NOM(MASC,SG)	artysticzny
Inflect żgôwka | N;NOM(FEM,SG)	żgôwka
Inflect òrganizacëji | N;GEN(SG)	òrganizacëji
Inflect Perudża | N;NOM(PL)	Perudżi
Inflect òliwnikòwi | ADJ;GEN(PL,MASC,ANIM)	òliwnikòwatëch
Inflect òdczëtanié | N;GEN(SG)	òdczëtania
Inflect chlébk | N;ACC(SG)	chlébkã
Inflect prôwdobòdobnie | ADV	prôwdobòdobnie
Inflect nowòżétni | ADJ;ACC(MASC,PL)	nowòżetnich
Inflect żëdowizna | N;F;DAT(SG)	żëdowiznie
Inflect bùt | N;GEN(FEM,SG)	bótë
Inflect cepły | ADJ;NOM(FEM,SG)	cepła
Inflect czerznianié | N;GEN(SG)	czerznianiô
Inflect Miasteczko | N;DIM;GEN(SG)	Miesczi
Inflect Aborigen | N;NOM(PL)	Aborigeni
Inflect òpiekùn | N;INS(SG)	òpiekunem
Inflect Land | N;NOM(MASC,SG)	Land
Inflect jigrów | ADJ;GEN(FEM,PL)	jigrów
Inflect sonet | N;NOM(PL)	Sonety
Inflect òbrôz | N;NOM(SG)	òbrôz
Inflect garda | N;GEN(SG)	Gardë
Inflect twòrzëc | V;IMP;SG;2	twórz
Inflect smażińskô | ADJ;VOC(MASC,SG)	smażińsczi
Inflect dodac | V;INF	dodac
Inflect cokół | N;NOM(SG)	cokół
Inflect Spokójny | ADJ;INS(MASC,SG)	Spokojnim
Inflect Pòmòrskô | ADJ;ACC(FEM,SG)	Pòmòrską
Inflect pòmòc | N;GEN(SG)	pòmòcë
Inflect pòmòc | N;VOC(SG)	pòmòcą
Inflect pòmòc | V;INF	pòmògac
Inflect fagòt | N;NOM(SG)	fagòt
Inflect nożë | N;GEN(FEM,SG)	nodżi
Inflect mola | N;LOC;PL	molach
Inflect żëdowsczi | ADJ;GEN(MASC,SG)	żëdowscziego
Inflect drewnianë | ADJ;NOM(FEM,SG)	drewnianô
Inflect pòzarządowi | ADJ;NOM(FEM,SG)	pòzarządowô
Inflect Wiążnica | N;NOM(SG)	Wiążnica
Inflect spòrzba | N;VOC(SG)	spòrze
Inflect Ùchwôlënk | N;NOM(SG)	Ùchwôlënk
Inflect sédemkropka | N;NOM(SG)	sédemkropka
Inflect gbùr | N;VOC(PL)	gbùrze
Inflect kwitnienie | N;NOM(SG)	kwitnienie
Inflect Pôłcze | N;GEN(PL)	Pêłczéno
Inflect Nowigò | ADJ;ACC(MASC,SG)	Nowigò
Inflect wielelatni | ADJ;NOM(SG,MASC)	wielelatné
Inflect Szeroczi | ADJ;NOM(MASC,SG)	Szeroczi
Inflect zanôleżny | ADJ;NOM(FEM,SG)	zanôléżnô
Inflect Nëk | N;F;ACC(SG)	wënëkùnë
Inflect stolarz | N;DAT(PL)	stolôrzama
Inflect rosprava | N;NOM(SG,FEM)	rosprave
Inflect spãdzenié | N;NOM(SG)	spãdzenié
Inflect bòber | N;NOM(MASC,SG)	bòber
Inflect Spłiw | V;IMP;SG;2	Spłiw
Inflect rebùs | N;GEN(PL)	rebùsów
Inflect fôłt | N;GEN(PL)	fôłtów
Inflect królestwo | N;GEN(SG)	królestwa
Inflect synoptyczny | ADJ;INS;NOM(PL,MASC)	synopticznyma
Inflect ksiãga | N;NOM(FEM,SG)	księga
Inflect kòmercijny | ADJ;INS(MASC,SG)	kòmercijnym
Inflect kółkò | N;DAT(SG)	kółkò
Inflect pamiątka | N;GEN(SG)	pamiątczi
Inflect Mòkwiô | N;NOM(SG)	Mòkwa
Inflect stodoła | N;GEN(FEM,SG)	stodołë
Inflect Srébrzny | ADJ;INS(MASC,SG)	Srébrznym
Inflect dôwno | ADV	dôwno
Inflect òlimpijsczi | ADJ;GEN(MASC,PL)	Òlimpijsczich
Inflect tysiąc | N;ACC(SG)	tesąca
Inflect Nôrodowô | ADJ;NOM(FEM,SG)	Nôrodowô
Inflect kawas | N;NOM(PL)	kawasë
Inflect Włodzmirsczi | ADJ;NOM(MASC,SG)	Włodzmirsczi
Inflect domôc | ADJ;NOM(FEM,SG)	domôcô
Inflect domôc | N;ACC(SG)	domôcą
Inflect pòłabizna | N;GEN(SG)	pòłabiznë
Inflect pszenëga | N;GEN(SG)	pszenégò
Inflect kùlturôk | N;GEN(MASC,SG)	kùlturnégò
Inflect Carla | N;NOM(SG)	Carla
Inflect kòmòrka | N;LOC;PL	kòmórkach
Inflect ùrzãdnik | N;NOM(PL,MASC)	ùrzãdnicë
Inflect ùrzãdnik | N;NOM(SG)	ùrzãdnik
Inflect kòòrdinacija | N;NOM(PL)	kòòrdinacje
Inflect Zagłębie | N;NOM(SG)	Zagłębie
Inflect Gromica | N;NOM(FEM,SG)	Gromica
Inflect wënalazca | N;GEN(MASC,PL)	wënalazców
Inflect mésterstwie | N;LOC;PL	mésterstwach
Inflect zjinaczanié | N;GEN(SG)	zjinaczaniô
Inflect ród | N;INS(SG)	rodã
Inflect ród | N;GEN(PL)	rodów
Inflect Strzelëc | V;IMP;PFV	Strzél
Inflect cetrzéwka | N;NOM(FEM,SG)	cetrzéwka
Inflect Przemisł | N;ACC(FEM,SG)	Przemisła
Inflect Crayna | N;NOM(FEM,SG)	Crayna
Inflect rozszérzenié | N;GEN(SG)	rozszérzeniégò
Inflect ùbrzég | N;DAT(SG)	ùbrzegù
Inflect Główczëce | N;NOM(PL)	Główczëce
Inflect pòstãpòwac | V;IVF;NFIN	pòstãpùjącé
Inflect ùbòdżi | ADJ;INS(PL,MASC)	ùbòdżimi
Inflect Celsjusz | N;GEN(MASC,SG)	Celsjusza
Inflect Nożëce | N;NOM(PL)	Nożëce
Inflect równoleżnik | N;GEN(SG)	równoleżnika
Inflect piscôrz | N;ACC(MASC,SG)	pisôrza
Inflect momãt | N;LOC;SG	mòmence
Inflect kòtlëna | N;NOM(PL)	kòtlënë
Inflect łuska | N;F;INS(PL)	łuskami
Inflect skrôwka | N;GEN(SG)	skrôwki
Inflect izolacja | N;GEN(FEM,SG)	izolaceji
Inflect kawalér | N;ACC(SG)	kawalérã
Inflect conã | V;GER;PRED	conã
Inflect letni | ADJ;NOM(PL)	letnié
Inflect wãdzëdło | N;LOC;SG	wãdzëdłã
Inflect Rómka | N;NOM(FEM,SG)	Rómka
Inflect fùnkcjô | N;ACC(SG)	fùnkcjã
Inflect odchylenie | N;GEN(SG)	odchylenia
Inflect gwiôzda | N;GEN(PL)	gwiôzdów
Inflect medi | N;NOM(MASC,SG)	medius
Inflect janioł | N;GEN(SG)	janioła
Inflect bùsk | N;F;ACC(SG)	bùskã
Inflect wiéch | N;ACC(SG)	wiéchë
Inflect symbòl | N;NOM(MASC,SG)	symbòl
Inflect gardzëk | N;NOM(MASC,SG)	gardzëk
Inflect kòsmiczny | ADJ;GEN(MASC,PL)	kòsmicznëch
Inflect gwiôzda | N;NOM(SG)	gwiôzda
Inflect Solidarnosc | N;DAT(SG)	Solidarnoscë
Inflect Studëj | V;IMP;2;SG	Studia
Inflect wëzdrzatk | N;NOM(SG)	wëzdrzatk
Inflect swobodny | ADJ;ACC(FEM,SG)	swobodne
Inflect zato | ADV	zato
Inflect sãdza | N;F;NOM(SG)	sãdza
Inflect sãdza | N;VOC(PL)	sãdzowie
Inflect wëdżinąc | V;INF	wëdżinąc
Inflect Wyszyńsczi | ADJ;NOM(MASC,SG)	Wyszyńsczi
Inflect długy | ADJ;INS(MASC,SG)	dłudżim
Inflect Ùzbekistan | N;NOM(SG)	Ùzbekistan
Inflect efèkt | N;F;ACC(SG)	Efektã
Inflect anglikańsczi | ADJ;GEN(MASC,SG)	anglikańsczégò
Inflect wilijny | ADJ;INS(MASC,SG)	wilijnym
Inflect Rapòrt | N;M3;NOM(SG)	Rapòrt
Inflect rãkawica | N;NOM(PL)	rãkawice
Inflect Spokòjnë | ADJ;GEN(MASC,SG)	Spòkójnégò
Inflect mëmczi | N;ACC(SG)	mëmką
Inflect aniôł | N;NOM(SG)	janiôł
Inflect Rzëmskòkatolëcczi | ADJ;NOM(FEM,SG)	Rzëmskòkatolëckô
Inflect Dziej | N;NOM(SG)	Dzieje
Inflect jeżëna | N;GEN(PL)	jeżën
Inflect masë | N;LOC;PL	masach
Inflect Płotkò | N;DAT(SG)	Płutkò
Inflect torc | N;ACC(PL)	tortë
Inflect przëkôzanié | N;GEN(PL)	Przëkôzaniów
Inflect bioërka | N;NOM(SG)	bioerkna
Inflect sadnąc | V;INF	sadnąc
Inflect widzawiszcze | N;GEN(PL)	widzawiszcza
Inflect widzawiszcze | N;ACC(SG)	widzawiszcze
Inflect stoja | V;NFIN	stoja
Inflect leszczëna | N;FEM;SG	leszczëna
Inflect Julie | N;NOM(FEM,SG)	Julie
Inflect córcza | N;GEN(FEM,SG)	córczi
Inflect jenerôłowa | ADJ;NOM(FEM,SG)	jenerôłowë
Inflect natura | N;GEN(SG)	naturë
Inflect cãżczi | ADJ;INS(MASC,SG)	cãżczi
Inflect cãżczi | ADJ;INS(SG,MASC)	cãżczim
Inflect krowa | N;F;NOM(SG)	krowa
Inflect krowa | N;LOC;SG	krownie
Inflect krowa | N;ACC(FEM,SG)	krowë
Inflect glabra | V;PRS;3;SG	glabra
Inflect Palmòwô | ADJ;NOM(FEM,SG)	Palmòwô
Inflect aramejsczi | ADJ;GEN(MASC,SG)	aramejsczégò
Inflect spòrtowc | N;NOM(PL)	spòrtowcë
Inflect Nóm.f | N;LOC;SG	kòmórce
Inflect nôgłówka | N;ACC(SG)	nôgłówkã
Inflect òbraz | N;LOC;SG	òbraze
Inflect materiał | N;NOM(PL)	materiały
Inflect Rozłazënie | N;NOM(NEUT,SG)	Rozłazënie
Inflect pòrcelanô | ADJ;ACC(FEM,SG)	pòrcelanã
Inflect centralny | ADJ;NOM(MASC,SG)	Centralny
Inflect ondatra | N;NOM(SG)	Ondatra
Inflect Ludwika | N;NOM(FEM,SG)	Ludwika
Inflect płodność | N;GEN(SG)	płodnosce
Inflect kôrtowã | ADJ;GEN(FEM,PL)	kôrtowëch
Inflect schinza | N;LOC;SG	schinzii
Inflect atmòsféra | N;NOM(SG)	atmòsféra
Inflect slovjan | N;NOM(PL)	slověne
Inflect apòkrif | N;INS(PL)	apòkrifama
Inflect Wierzbòwô | ADJ;NOM(FEM,SG)	Wierzbòwô
Inflect mëcha | N;ACC(SG)	mëchã
Inflect Zajednica | N;NOM(SG)	Zajednica
Inflect Sniégòwi | N;MASC;SG;LOC	Sniégòwi
Inflect chòwanié | N;GEN(SG)	chòwaniégò
Inflect katakùmba | N;LOC;PL	katakùmbach
Inflect niżawny | ADJ;INS(MASC,SG)	niżawnym
Inflect łów | N;GEN(PL)	łowów
Inflect lëdzëc | N;DAT(PL)	lëdzóm
Inflect profesor | N;NOM(MASC,SG)	profesor
Inflect profesor | N;GEN(MASC,SG)	profesora
Inflect przełóm | N;LOC;SG	przełomie
Inflect anielsczi | ADJ;DAT(MASC,SG)	anielsczemu
Inflect anielsczi | ADJ;NOM(MASC,SG)	anielsczi
Inflect anielsczi | ADJ;GEN(MASC,SG)	anielsczégò
Inflect kòmercëjny | ADJ;NOM(MASC,SG)	kòmercëjny
Inflect Zbrzëca | N;NOM(SG)	Zbrzëca
Inflect Azja | N;GEN(SG)	Azji
Inflect kraj | N;GEN(PL)	krojów
Inflect wôrtosc | N;NOM(FEM,SG)	wôrtosc
Inflect wôrtosc | N;NOM(PL)	wôrtoscë
Inflect sznobel | N;NOM(SG,MASC)	sznobel
Inflect legiónista | N;INSTR;PL	legiónistama
Inflect pamiątkòwô | ADJ;NOM(FEM,SG)	pamiątkòwô
Inflect Zbòżé | N;NOM(SG)	Zbòżé
Inflect apartny | ADJ;VOC(MASC,SG)	apartne
Inflect brzôd | N;NOM(MASC,SG)	brzôd
Inflect śledzëc | V;NFIN	Sledzón
Inflect czasy | N;LOC;PL	wczasach
Inflect macerzónka | N;NOM(SG)	macerzónka
Inflect Stosunek | N;M3;NOM(SG)	Stosunek
Inflect pòmòc | N;DAT(SG)	pomòcë
Inflect Pawłowi | N;DAT(MASC,SG)	Pawłowi
Inflect zbiérk | N;ACC(SG,FEM)	zbiérkã
Inflect Arktyka | N;GEN(SG)	Arktyczi
Inflect dozdrzliwi | ADJ;ACC(MASC,PL)	dozdrzlałëch
Inflect pòle | N;GEN(SG)	pòla
Inflect złotowsczi | ADJ;GEN(MASC,SG)	złotowsczégò
Inflect atmòsfera | N;NOM(SG,FEM)	atmòsfera
Inflect pòeta | N;GEN(SG)	pòetë
Inflect współùsôdzca | N;NOM(SG)	współùsôdzca
Inflect nudle | N;LOC;PL	nudlach
Inflect nudle | N;GEN(PL)	nudlów
Inflect jachta | N;ACC(SG)	jachtã
Inflect Kònstitucjô | N;DAT(PL)	Kònstitucjach
Inflect kòńczëna | N;ACC(FEM,SG)	kòńczyn
Inflect przesladowania | N;GEN(PL)	przesladowań
Inflect płoszëna | N;GEN(SG)	płoszéniô
Inflect szerokòsc | N;NOM(SG)	szerokòsc
Inflect szerokòsc | N;GEN(SG)	szerokòscë
Inflect Wawrzek | N;NOM(MASC,SG)	Wawrzek
Inflect Jogailaičiai | N;NOM(PL)	Jogailaičiai
Inflect przydatny | ADJ;NOM(PL,MASC)	przydatne
Inflect szczecyńskòkamieńsczi | ADJ;NOM(MASC,SG)	szczecyńskòkamieńsczi
Inflect klif | N;GEN(PL)	klifów
Inflect Tomasz | N;NOM(SG)	Tomasz
Inflect Krajna | N;GEN(SG)	Krajnë
Inflect Bóg | N;M;INS(SG)	Bùgiem
Inflect Miészańcémie | N;INS(SG)	Miészańcem
Inflect rëszelë | V;NFIN	rëszelë
Inflect zawartosc | N;FEM;LOC;SG	zawôrtoscë
Inflect fùńdacëjô | N;GEN(PL)	fùńdacjów
Inflect kryterium | N;LOC;PL	kriteriach
Inflect kryterium | N;GEN(PL)	kriteriów
Inflect Organizacëjo | N;GEN(FEM,SG)	Òrganizacji
Inflect wëżawa | N;VOC(SG)	wëżawie
Inflect wëżawa | N;NOM(FEM,PL)	wëżawë
Inflect Efez | N;GEN(SG)	Efezu
Inflect Smażënie | V;V;PTCP;NEG;SG	Smażënie
Inflect tapir | N;NOM(MASC,SG)	tapir
Inflect kòh | N;GEN(SG)	kòhù
Inflect Czekawa | N;ACC(PL)	Czekawi
Inflect przëniesc | V;INF	przëniesc
Inflect òbchôdac | V;INF	òbchôdac
Inflect bòmbòwëch | ADJ;GEN(MASC,PL)	bòmbòwëch
Inflect òstrów | N;LOC;SG;M3	òstrowu
Inflect wiła | N;NOM(PL)	wiłë
Inflect jinstitucja | N;INS(SG)	jinstitucją
Inflect Kamertón | N;NOM(SG,MASC)	Kamertón
Inflect knôpô | N;GEN(SG)	knôpa (Note: "knôpa" is the genitive singular form of "knôpô" (meaning "boy" or "lad") in some Kashubian dialects. Other interpretations are possible depending on dialectal variation.)
Inflect dolmaczënk | N;NOM(SG)	dolmaczënk
Inflect nitka | N;NOM(SG)	nitka
Inflect nitka | N;ACC(SG)	nitkã
Inflect czesti | ADJ;ACC(FEM,PL)	czesté
Inflect technologiczny | ADJ;MASC;SG;LOC	technologicznym
Inflect skòkacë | V;NFIN;INF	skôkaniô
Inflect wëznaczënk | N;NOM(SG)	wëznaczony
Inflect Soldyń | N;GEN(PL)	Soldijn
Inflect wielëna | N;FEM;ABSL;PL	wielënë
Inflect kazanie | N;GEN(SG)	kazaniô
Inflect niżny | ADJ;ACC(PL,MASC)	niżne
Inflect inwesticëjô | N;GEN(PL)	inwesticëjów
Inflect òstatny | ADJ;GEN(MASC,SG)	òstatnégò
Inflect rozejm | N;NOM(SG,MASC)	rozejm
Inflect deszczowi | ADJ;GEN(MASC,SG)	deszczowégò
Inflect wëkùstrzenié | N;INS(SG)	wëkùstrzenim
Inflect animator | N;ACC(SG)	animatorã
Inflect nielusość | N;NOM(SG)	nielusosc
Inflect Sejm | N;NOM(SG)	Sejm
Inflect Sejm | N;LOC;SG	Sejmie
Inflect kastelan | N;ACC(PL)	kasztelanie
Inflect ùrodzenié | N;NOM(SG)	ùrodzenié
Inflect dłudżi | ADJ;NOM(MASC,SG)	dłudżi
Inflect dłudżi | ADJ;GEN(PL)	dłudżich
Inflect sprôwianie | N;GEN(SG)	sprôwianiô
Inflect białkò | N;ACC(SG,FEM)	białkã
Inflect widok | N;NOM(SG)	widok
Inflect Timoteusz | N;GEN(MASC,SG)	Timoteusza
Inflect krótëchnô | ADJ;NOM(FEM,SG)	krótëchnô
Inflect Jész | V;IMP;2;SG	Jész
Inflect Hôwinga | N;FEM;SG	Hôwinga
Inflect wielolatny | ADJ;NOM(MASC,SG)	wielolatny
Inflect mniészëznowi | ADJ;GEN(MASC,PL)	mniészëznowëch
Inflect pòdzelënk | N;GEN(SG)	pòdzelënkù
Inflect Palatinat | N;GEN(SG)	Palatinatus
Inflect Peter | N;NOM(MASC,SG)	Peter
Inflect òrientacja | N;NOM(PL)	òrientacje
Inflect wark | V;PSS;1;SG	warkù
Inflect system | N;NOM(SG)	systema
Inflect system | N;LOC;SG	systemie
Inflect system | N;GEN(SG)	systemu
Inflect wòlnosc | N;DAT(SG)	wòlnoscë
Inflect Henoch | N;GEN(SG)	Henoha
Inflect rozwiązanie | N;NOM(PL)	rozwiązania
Inflect rozwiązanie | N;GEN(SG)	rozwiązaniô
Inflect gniec | V;NFIN	genë
Inflect wtrącëwac | V;POS;IMPF;NFIN	wtrącywanié
Inflect kùchnia | N;DAT(SG)	kùchni
Inflect kùchnia | N;DAT(SG)	kùchnie
Inflect Jezës | N;NOM(SG)	Jezës
Inflect klawiaturã | N;ACC(SG)	klawiaturã
Inflect Paul | N;NOM(SG)	Paul
Inflect Paul | N;DAT(SG,MASC)	Paulo
Inflect òdczëtec | N;NOM(SG)	òdczëtanié
Inflect lãgi | V;NFIN	Lange
Inflect Sëła | N;NOM(FEM,SG)	Sëłach
Inflect Kamiónka | N;ACC(SG)	Kamionką
Inflect alegórëja | N;GEN(SG)	alegórëje
Inflect wòjewódzkô | ADJ;GEN(FEM,SG)	wòjewódzczi
Inflect wiédza | N;GEN(SG)	wiédzë
Inflect wiédza | V;3;PL;PRES	wiédzą
Inflect Mozel | N;F;SG	Mozela
Inflect gòspòdarzënk | N;GEN(SG)	gòspòdarzënkù
Inflect konstytucyjny | ADJ;NOM(PL,FEM)	konstytucyjne
Inflect usprawiedlëwienie | N;INS(SG)	usprawiedlëwienim
Inflect wëmiara | N;LOC;PL	wëmiarach
Inflect zdrowie | N;NOM(SG)	zdrowié
Inflect zdrowie | N;GEN(SG)	zdrowiô
Inflect Szëmón | N;VOC(SG)	Szëmónie
Inflect przëpôdk | N;M3;GEN(SG)	przёpôdkù
Inflect jasny | ADJ;CMPR	jasniészi
Inflect pneòprzestańi | V;NFIN;INF	pneòprzestóno
Inflect chùdczi | ADJ;GEN(FEM,SG)	chùdczi
Inflect pajk | N;DAT(PL)	pajkama
Inflect przëmiar | N;INS(SG)	przëmiarã
Inflect familiô | N;NOM(SG)	familiô
Inflect Redeszewo | N;NOM(SG,NEUT)	Redeszewo
Inflect drócony | ADJ;INS(MASC,SG)	drócanym
Inflect dobra | ADJ;NOM(FEM,SG)	Dbra
Inflect ukończyć | V;IRR;NFIN;PRF	ukończeni
Inflect tematika | N;F;NOM(SG)	tematika
Inflect tematika | N;ACC(SG)	tematikã
Inflect lëdz | N;NOM(PL)	lëdzë
Inflect Kukówczé | ADJ;NOM(PL,MASC)	Kukówczé
Inflect pózdë | ADV	pózdze
Inflect dozdrzec | V;PDIR;PFV;INF	dozdrzec
Inflect dôc | V;NFIN	dejã
Inflect biôłoczerwionoczôrni | ADJ;NOM(MASC,SG)	biôłoczerwionoczôrni
Inflect szpòrt | N;NOM(SG)	szpòrt
Inflect ADJ | ADJ;ACC(MASC,PL)	wòlnëch
Inflect bùdżetowô | ADJ;NOM(FEM,SG)	bùdżetowô
Inflect Chrizoprôz | N;M;NOM(SG)	Chrizoprôz
Inflect dëch | N;NOM(MASC,SG)	dëch
Inflect dëch | N;GEN(SG)	dëcha
Inflect dëch | N;INS(PL)	dëchama
Inflect dëch | N;F;ACC(SG)	dëchã
Inflect dzura | N;ACC(PL)	dzurë
Inflect dzura | N;GEN(PL)	dzurów
Inflect Wikszëno | N;ACC(SG)	Wikszim
Inflect pierszë | ADJ;ACC(FEM,SG)	pierszą
Inflect Niech | V;IMP;2;SG	Niech
Inflect pijawnica | N;F;NOM(SG)	Pijawnica
Inflect zwëcz | N;NOM(SG)	zwëcz
Inflect Lëdowi | ADJ;NOM(FEM,SG)	Lëdowô
Inflect Stutthof | N;NOM(SG)	Stutthof
Inflect koloniji | N;ACC(SG)	koloniją
Inflect przedłużóny | ADJ;GEN(MASC,SG)	przedłużonégò
Inflect malina | N;ACC(PL)	malinë
Inflect gazéta | N;NOM(FEM,PL)	gazétë
Inflect gazéta | N;GEN(PL)	gazétów
Inflect warãk | N;GEN(PL)	warënków
Inflect wòlnorënkòwô | ADJ;NOM(FEM,SG)	wòlnorënkòwô
Inflect kôrczownik | N;NOM(SG)	kôrczownik
Inflect rzecz | N;DAT(SG)	rzeczą
Inflect nowosłowiańsczi | ADJ;NOM(MASC,SG)	nowosłowiańsczi
Inflect ùmarłi | ADJ;GEN(MASC,PL)	ùmartëch
Inflect ùmarłi | ADJ;ACC(MASC,SG)	ùmarłégò
Inflect Pòmórka | N;GEN(PL)	Pòmrë
Inflect zanikać | V;NPART;IMPF;CONV	zanikając
Inflect złotëch | ADJ;GEN(PL,MASC)	złotëch
Inflect drëkarnij | N;FEM;LOC;SG	drëkarni
Inflect żëwò | N;DAT(SG)	żëcu
Inflect Miónkôrze | N;NOM(PL)	Miónkôrze
Inflect spica | N;LOC;PL	spicach
Inflect kòralowce | N;VOC(PL)	kòralowce
Inflect przełómëc | V;INF	przełómanié
Inflect punkt | N;GEN(PL)	punktów
Inflect trawa | N;F;ACC(SG)	trawę
Inflect Lëdzë | N;NOM(PL)	Lëdze
Inflect żëc | V;NFIN	żëją
Inflect môłi | ADJ;NOM(NEUT,SG)	malo
Inflect òkòlë | N;LOC;SG	òkòlim
Inflect Sardinia | N;NOM(SG,FEM)	Sardiniô
Inflect Wòjnów | N;GEN(SG)	Wòjnowi
Inflect òbserwator | N;GEN(SG)	òbserwatora
Inflect célã | N;ACC(SG)	célã
Inflect òsoblëwòsc | N;GEN(PL)	òsoblëwòsców
Inflect gôdac | V;NFIN;INF	gôdac
Inflect redaktor | N;M_H;INS(SG)	redaktorem
Inflect redaktor | N;ACC(SG)	redaktorã
Inflect wniózk | N;NOM(PL)	wniosczi
Inflect prasa | N;NOM(SG)	prasa
Inflect Kònãfka | N;NOM(FEM,SG)	Kònefka
Inflect knôpiczk | N;ACC(FEM,SG)	knôpiczk
Inflect pòwstac | V;INF	pòwstawac
Inflect Dzieciątko | N;GEN(SG)	Dzieciątka
Inflect jinszi | ADJ;GEN(MASC,PL)	jinszich
Inflect Żôłądza | N;GEN(SG)	Żôłądz
Inflect miona | N;GEN(PL)	mionów
Inflect galerëjô | N;NOM(SG)	galerëjô
Inflect rowa | N;LOC;PL;DEF	rowach
Inflect gramatika | N;GEN(FEM,SG)	gramaticzi
Inflect szparagòwati | ADJ;ACC(MASC,PL)	szparagòwatëch
Inflect słowianofilstwo | N;INST;SG	słowianofilstwã
Inflect spòczink | N;M3;GEN(SG)	spòczinkù
Inflect swiãti | ADJ;GEN(PL,MASC,ANIM)	Swiãtëch
Inflect charaktér | N;NOM(SG)	karaktér
Inflect Wiéchrzëzna | N;NOM(SG)	Wiéchrzëzna
Inflect ùczink | N;GEN(SG)	ùczinkù
Inflect 50lece | N;VOC(SG)	50leca
Inflect żołądk | N;GEN(SG)	żołądkù
Inflect Jastrzębia | N;GEN(SG)	Jastrzębia
Inflect wspòmnąc | V;NFIN;PRF	wspòmnąc
Inflect Strzënówka | N;F;NOM(SG)	Strzënówka
Inflect mòtor | N;MASC;SG	mòtor
Inflect mòtor | N;GEN(MASC,SG)	mòtora
Inflect Namelika | N;NOM(FEM,SG)	Malika
Inflect Charakteristiczny | ADJ;NOM(FEM,SG)	Charakteristiczne
Inflect chòrwacczi | ADJ;VOC(MASC,SG)	chòrwacczi
Inflect Grafika | N;NOM(FEM,SG)	Grafika
Inflect bùrméster | N;NOM(SG)	bùrméster
Inflect Europejski | ADJ;NOM(FEM,SG)	Europejskô
Inflect skalnë | ADJ;GEN(MASC,SG)	skalnégò
Inflect wãża | N;ACC(SG)	wãdzë
Inflect kònoplowati | ADJ;GEN(MASC,PL)	kònoplowatëch
Inflect dyplóma | N;GEN(SG)	diplomù
Inflect mùzeum | N;NOM(NEUT,SG)	mùzeum
Inflect mùzeum | N;GEN(PL)	mùzeów
Inflect pinczer | N;NOM(SG,MASC)	pinczer
Inflect ricérz | N;GEN(PL)	ricérzów
Inflect Pòlska | N;GEN(MASC,SG)	Pòlszczégò
Inflect edukacjô | N;GEN(SG)	edukacji
Inflect edukacjô | N;ACC(SG,FEM)	edukacjã
Inflect edukacjô | N;NOM(SG)	edukacjô
Inflect metalowi | ADJ;VOC(MASC,SG)	metalowé
Inflect metalowi | ADJ;INS(FEM,SG)	metalową
Inflect òbczas | ADV	Òbczas
Inflect prowincëja | N;INS(PL)	prowincëjama
Inflect terôz | ADV	terôz
Inflect knéga | N;NOM(SG)	knéga
Inflect Łeba | N;NOM(FEM,SG)	Łeba
Inflect Synoptik | N;GEN(PL)	Synoptików
Inflect zwierzã | N;ACC(SG)	zwierzë
Inflect bëlnô | ADJ;GEN(PL,MASC)	bëlnëch
Inflect mòrskô | ADJ;GEN(MASC,SG)	mòrsczégò
Inflect mòrskô | ADJ;NOM(FEM,SG)	mòrskô
Inflect Afryka | N;NOM(SG)	Afrika
Inflect bòt | N;GEN(PL)	bótów
Inflect przëjôciel | N;GEN(SG)	przëjacela
Inflect Wislaniew | N;GEN(PL)	Wislanów
Inflect skłôdz | N;LOC;SG	skłôdze
Inflect melodia | N;ACC(SG)	melodią
Inflect Rajd | N;NOM(SG)	Rajd
Inflect Swiãto | N;DAT(SG)	Swiãtem
Inflect zasadzëc | V;INF	zasadzëc
Inflect Trilogijô | N;F;NOM(SG)	Trilogijô
Inflect Pùrcle | N;NOM(PL)	Pùrcle
Inflect rozszerzëc | V;NFIN	rozszerzô
Inflect Zrzeszenie | N;GEN(SG)	Zrzeszenia
Inflect Zrzeszenie | N;NOM(SG)	Zrzeszenie
Inflect Zrzeszenie | N;NOM(SG)	Zrzeszenié
Inflect zaczënc | V;NFIN	zaczënô
Inflect sztrôfòwi | ADJ;NOM(MASC,SG)	sztrôfòwi
Inflect sztrôfòwi | ADJ;GEN(PL,MASC)	sztrôfòwëch
Inflect brzësznica | N;NOM(PL)	Brzësznice
Inflect òwôd | N;ACC(MASC,SG)	òwôda
Inflect òwôd | N;ACC(PL)	òwôdë
Inflect pùrch | V;NFIN	pùrchwa
Inflect bùdowa | N;GEN(SG)	bùdowë
Inflect gùz | N;NOM(PL)	gùzë
Inflect Azerbejdżan | N;NOM(SG)	Azerbejdżan
Inflect bezaktiwnô | ADJ;NOM(FEM,SG)	bezaktiwnô
Inflect pólnicë | N;GEN(PL)	pólniców
Inflect monedula | ADJ;ACC(FEM,SG)	monedula
Inflect piéśń | N;GEN(SG)	piesni
Inflect lëdzczi | ADJ;GEN(MASC,PL)	lëdzczich
Inflect lëdzczi | ADJ;NOM(MASC,PL)	lëdzczé
Inflect lëdzczi | ADJ;GEN(MASC,SG)	lëdzczégò
Inflect córka | N;NOM(SG,FEM)	córka
Inflect córka | N;ACC(SG,FEM)	córke
Inflect córka | N;GEN(SG)	córki
Inflect córka | N;ACC(SG)	córkã
Inflect córka | N;INSTR;SG	córką
Inflect wëkòrzëstac | V;INF	wëkòrzëstac
Inflect wòla | N;VOC(SG)	wòlé
Inflect ùcho | N;GEN(PL)	ùszów
Inflect cësnia | N;INS(SG)	cësniãcym
Inflect Teritorium | N;VOC(SG)	Teritorium
Inflect wynik | N;GEN(SG)	wynikù
Inflect piérôcz | N;NOM(SG)	piérôcz
Inflect zatoka | N;ACC(SG)	zatokã
Inflect gitara | N;NOM(SG)	gitara
Inflect gitara | N;GEN(SG)	gitaraToma
Inflect gitara | N;DAT(SG)	gitarze
Inflect Pawłów | N;GEN(SG)	Pawła
Inflect òbsłùżënk | N;NOM(SG)	òbsłùżënkù
Inflect òkòlny | ADJ;GEN(MASC,SG)	òkòlnégò
Inflect pòzymk | N;NOM(MASC,SG)	pòzymk
Inflect słowizna | N;ACC(SG)	słowiznã
Inflect tësąc | N;GEN(PL)	tësãców
Inflect czwiôstka | N;GEN(MASC,SG)	czwiôstk
Inflect dwajizbòwi | ADJ;NOM(MASC,SG)	dwajizbòwi
Inflect gaza | N;GEN(SG)	gazë
Inflect liturgia | N;GEN(SG)	liturgii
Inflect plama | N;INS(PL)	plamama
Inflect plama | N;FEM;LOC;SG	plamë
Inflect Trąd | N;NOM(SG)	Trąd
Inflect znaczny | ADJ;ACC(FEM,SG)	znaczne
Inflect bovin | N;ACC(SG)	bovinus
Inflect słowiańsczi | ADJ;INS(MASC,PL)	słowiańsczima
Inflect rubrika | N;NOM(SG)	rubrika
Inflect DayLewis | N;INS(MASC,SG)	DayLewisem
Inflect Lymnaeidae | N;NOM(PL)	Lymnaeidae
Inflect zanôleżnoscë | N;DAT(PL)	zanôleżnocë
Inflect pòzwôla | V;PRS;3;SG	pòzwôlô
Inflect daktilowô | ADJ;NOM(FEM,SG)	daktilowô
Inflect rekreacyjny | ADJ;FEM;SG	rekreacyjnô
Inflect Mòżna | ADV	Mòżna
Inflect dlôcs | ADV	dlôcze
Inflect pokùsa | N;VOC(PL)	Pòkùsë
Inflect Stowôra | N;ACC(PL)	Stowôrë
Inflect antonimia | N;NOM(PL)	antonimie
Inflect brac | N;NOM(SG,MASC)	braca
Inflect sztudérowac | V;INF	sztudérowac
Inflect walc | N;NOM(SG,MASC)	walc
Inflect walc | N;ACC(SG)	walce
Inflect pólnica | N;INS(FEM,SG)	pólnicą
Inflect drëka | N;ACC(SG)	drëkã
Inflect Ewanieliô | N;NOM(SG)	Ewanielië
Inflect teatrzë | N;LOC;SG	teatrze
Inflect Bérac | N;F;NOM(SG)	Bera
Inflect Niewiada | N;NOM(SG)	Niewiada
Inflect pòstacëjô | N;GEN(SG)	pòstaceji
Inflect Pòra | N;NOM(SG,FEM)	Pòre
Inflect kùkùridzany | ADJ;GEN(FEM,SG)	kùkùridzanej
Inflect Pjark | N;GEN(SG)	Parkù
Inflect krajanka | N;GEN(FEM,SG)	krajaniô
Inflect troska | N;GEN(SG)	trescy
Inflect wëgłoszóny | V;PPART;PASS;MPL	wëgłoszóné
Inflect zrãbòwi | ADJ;NOM(PL,MASC)	zrãbòwé
Inflect przëbôczëwanié | N;GEN(SG)	przëbôcziwaniô
Inflect płacëc | V;INF	płacëc
Inflect Apòstolskô | ADJ;NOM(FEM,SG)	Apòstolskô
Inflect grawitacëja | N;ACC(SG)	grawitacëjã
Inflect nazwa | N;NOM(SG)	nazwa
Inflect nazwa | N;LOC;SG;F	nazwie
Inflect zesłańczik | N;INS(SG,MASC)	zesłańczikã
Inflect akcja | N;GEN(SG)	akcëji
Inflect akcja | N;GEN(PL)	akcëjów
Inflect Chrzescëjón | N;NOM(PL)	Chrzescëjónie
Inflect Częstochòwa | N;F;GEN(SG)	Częstochòwë
Inflect Rzeszë | N;NOM(FEM,SG)	Rzeszë
Inflect Ostatni | ADJ;NOM(FEM,SG)	Ostatnia
Inflect sadzenié | N;NOM(NEUT,SG)	sadzenié
Inflect szlips | N;NOM(PL)	szlips
Inflect limba | N;NOM(SG)	limba
Inflect dzél | N;DAT(PL)	dzélã
Inflect Francëszk | N;ACC(SG)	Francëszkã
Inflect przedżiblëna | N;NOM(FEM,SG)	przedżiblëna
Inflect mòżlëwòta | N;ACC(SG)	mòżlëwòtã
Inflect skôkanka | N;INS(SG)	skôkanką
Inflect pisać | V;PST;M;SG	Pisôł
Inflect madżarsczi | ADJ;GEN(MASC,SG)	madżarsczégò
Inflect Lëdoznawczi | ADJ;NOM(PL,MASC,INAN)	Lëdoznawczé
Inflect adatowóny | ADJ;MASC;PSSV;SG	datowóny
Inflect zwòłóné | ADJ;PL	zwòłané
Inflect sédmôkropka | N;ACC(SG)	sédemkropkã
Inflect akcëjô | N;NOM(PL)	akcëje
Inflect bufon | N;ACC(PL)	bufonius
Inflect ambasador | N;F;ACC(SG)	ambasadorã
Inflect ptôch | N;ACC(SG)	ptôszą
Inflect wãdzel | N;ACC(MASC,SG)	wãdżiel
Inflect Zid | N;NOM(SG)	Zidon
Inflect rozwiniãty | ADJ;ACC(MASC,PL)	rozwiniãtich
Inflect rozwiniãty | ADJ;VOC(MASC,SG)	rozwiniãté
Inflect kawowiec | N;ACC(SG)	kawowca
Inflect ren | N;ACC(SG)	renë
Inflect grif | N;NOM(PL)	grifë
Inflect Serbsczi | ADJ;NOM(MASC,SG)	Serbsczi
Inflect chrabąszcz | N;NOM(PL)	chrabąszcze
Inflect dzekón | N;INS(SG)	dzekónem
Inflect malinczi | ADJ;M;INS(PL)	malinczich
Inflect Branderbùrczik | N;GEN(PL)	Branderbùrczików
Inflect nãdza | N;GEN(SG)	nãdzë
Inflect pòlonistka | N;GEN(FEM,PL)	pòlonisticzi
Inflect Daniłowicz | N;GEN(PL)	Daniłowiczów
Inflect cerkwiôszcze | N;VOC(SG)	cerkwiszcze
Inflect Chmielno | N;LOC;SG;NEUT	Chmielnie
Inflect Chmielno | N;NOM(SG,NEUT)	Chmielno
Inflect przëtułk | N;LOC;PL	przëtułkach
Inflect ksyżestwò | N;ACC(SG)	ksyżestwã
Inflect rząd | N;GEN(PL)	rządów
Inflect rząd | N;GEN(SG)	rzędu
Inflect Ząb | N;VOC(SG)	Zambie
Inflect scãka | N;ACC(PL)	scãcé
Inflect Schelenzô | N;NOM(SG)	Schelenza
Inflect òbsãdzenié | N;GEN(SG)	òbsądzeniô
Inflect napitka | N;GEN(SG)	napitkù
Inflect broń | N;GEN(SG)	broni
Inflect Dalszë | ADJ;NOM(MASC,SG)	Dalszi
Inflect ksãżë | N;GEN(PL)	ksãżątów
Inflect narôz | ADV	narôz
Inflect mòcz | N;PL;LOC	mòwach
Inflect Swiónowò | N;VOC(SG)	Swiónowò
Inflect chleb | N;GEN(SG)	chleba
Inflect przelotny | ADJ;INS(MASC,SG)	przelotnym
Inflect Póny | ADJ;NOM(FEM,SG)	Panske
Inflect premiér | N;ACC(SG)	premiérã
Inflect nôrodny | ADJ;NOM(MASC,SG)	nôrodny
Inflect nôrodny | ADJ;INS(MASC,SG)	nôrodnym
Inflect nôrodny | ADJ;GEN(MASC,PL)	nôrodnëch
Inflect Damiano | N;NOM(SG)	Damiano
Inflect przedhistoryczny | ADJ;ABL(PL,MASC)	przedhistorycznëch
Inflect gargùla | N;NOM(SG)	gargùla
Inflect gargùla | N;NOM(PL)	gargùli
Inflect sërzchlë | N;DAT(SG)	sërzchlë
Inflect pësznô | ADJ;NOM(FEM,SG)	pësznô
Inflect bôjka | N;NOM(SG)	Bôjka
Inflect pògląd | N;NOM(PL)	pòglądë
Inflect niemiecczi | ADJ;GEN(MASC,PL)	niemiecczich
Inflect pòdstrënnicë | N;NOM(FEM,PL)	pòdstrënnicë
Inflect héklowanié | N;FEM;SG;LOC	héklowaniô
Inflect nazéwać | V;3;PL;PRS	nazéwają
Inflect mòrg | N;GEN(PL)	mòrgów
Inflect rësznô | ADJ;FEM;SG;INST	rësznotą
Inflect prawy | ADJ;GEN(PL,MASC)	Prawów
Inflect Rusczi | ADJ;NOM(MASC,PL)	Rusczi
Inflect pòstąpny | ADJ;GEN(MASC,SG)	pòstãpnégò
Inflect białka | N;NOM(FEM,SG)	białka
Inflect szkódnik | N;INS(SG,MASC)	szkódnikã
Inflect dëmadło | N;NOM(PL)	dëmadła
Inflect Mazowszany | N;GEN(PL)	Mazowszanów
Inflect rop | N;GEN(SG)	ropi
Inflect bęc | V;NFIN	bęłę
Inflect Jasnô | ADJ;NOM(FEM,SG)	Jasnô
Inflect spółzwãk | N;GEN(PL,MASC)	spółzwãków
Inflect biblëjny | ADJ;NOM(FEM,SG)	biblëjné
Inflect dënsczi | ADJ;INS(MASC,SG)	dënsczim
Inflect wësok | ADJ;NOM(MASC,SG)	wësok
Inflect zmiészanié | N;NOM(NEUT,SG)	zmiészanié
Inflect zmiészanié | N;GEN(SG)	zmiészaniégò
Inflect zmiészanié | N;GEN(SG)	zmiészaniô
Inflect kùńc | N;ACC(MASC,SG)	kùnc
Inflect kùńc | N;DAT(SG)	kùncu
Inflect kławisz | N;DAT(SG,MASC)	Klawiszowi
Inflect słodka | ADJ;NOM(FEM,SG)	slôdka
Inflect polska | ADJ;NOM(FEM,SG)	polska
Inflect Coloeus | N;NOM(SG)	Coloeus
Inflect zbieranie | N;INS(SG)	zbieranim
Inflect dyscyplina | N;GEN(PL)	dyscyplin
Inflect dzéjnik | N;GEN(PL)	dzejników
Inflect Kampana | N;ACC(SG)	Kampanonim
Inflect krziżacczi | ADJ;ESS(MASC,SG)	Krziżacczégò
Inflect sąsédni | ADJ;GEN(FEM,PL)	sąsednich
Inflect dekòracëjnym | ADJ;INS(MASC,SG)	dekòracëjnym
Inflect fùlwôrtny | ADJ;NOM;MSGN	fùlwôrtny
Inflect technika | N;GEN(MASC,PL)	techników
Inflect nawetka | N;F;ACC(SG)	nawetkã
Inflect Bańtka | N;FEM;SG	Bańtka
Inflect vvedi | V;IMP;2;SG	vvedi
Inflect dodatkòwi | ADJ;NONREF;NOM(PL,MASC,ANIM)	dodatkòwé
Inflect Szulëstã | N;ACC(FEM,SG)	Szulëstã
Inflect Turistika | N;NOM(FEM,SG)	Turistika
Inflect dzéwczënka | N;NOM(SG)	dzéwczënka
Inflect kalãdôrz | N;GEN(SG)	kalãdôrza
Inflect kalãdôrz | N;GEN(SG)	kalãdôrzu
Inflect fòrmalny | ADJ;ACC(FEM,SG)	fòrmalną
Inflect Terôczasnô | ADJ;NOM(FEM,SG)	Terôczasnô
Inflect Gòlëbë | N;NOM(PL)	Gòlëbë
Inflect bòlëc | V;NFIN	bòlëca
Inflect Golenoga | N;F;NOM(SG)	Golenoge
Inflect Frankfurt | N;GEN(SG)	Frankfurtu
Inflect zwiérz | N;NOM(SG)	zwiérz
Inflect Miónkôrz | N;NOM(SG)	Miónkôrz
Inflect lóta | N;LOC;PL	lótach
Inflect mònarchia | N;INS(SG)	mònarchią
Inflect zymkòwô | ADJ;NOM(FEM,SG)	zymkowô
Inflect zymkòwô | ADJ;NOM(FEM,SG)	zymkòwé
Inflect jãzëk | N;NOM(SG)	jãzek
Inflect znôc | V;NFIN;CONV	znônim
Inflect ewòlucyjny | ADJ;NOM(FEM,SG)	ewòlucyjno
Inflect Kòszalin | N;FEM;SG	Kòszalina
Inflect Kòszalin | N;GEN(SG)	Kòszaléno
Inflect Peplënie | V;NFIN;PRS;ACT	Peplënie
Inflect drëf | N;NOM(SG,FEM)	drif
Inflect tat | N;NOM(SG,MASC)	tatë
Inflect pòwstac | V;INF	pòwstac
Inflect Ziemia | N;F;NOM(SG)	Ziemia
Inflect Anglija | N;GEN(SG)	Anglii
Inflect ùżitk | N;GEN(SG)	ùżitkù
Inflect Zmiłkòw | N;NOM(SG,FEM)	Zmiłkòwe
Inflect pòdłużny | ADJ;NOM(MASC,SG)	pòdłużny
Inflect przëszłość | V;NFIN;PRF	przëszło
Inflect biôłi | ADJ;NOM(FEM,SG)	biółô
Inflect produkcëjô | N;LOC;PL	produkcëjach
Inflect zberka | N;GEN(PL)	zberk
Inflect zberka | N;GEN(SG)	zberkù
Inflect bògatô | ADJ;GEN(FEM,SG)	bògatéj
Inflect margrabia | N;ACC(SG)	margrabią
Inflect samiec | N;ACC(MASC,SG)	samc
Inflect tëlni | ADJ;GEN(MASC,PL)	tëlni%2Bch
Inflect subiektiwny | ADJ;ACC(FEM,PL)	subiektiwné
Inflect mitkôcz | N;GEN(PL)	mitkôczów
Inflect kaschubisch | ADJ;ACC(FEM,SG)	kaschubische
Inflect raza | N;NOM(FEM,SG)	raza
Inflect wersëjô | N;NOM(PL)	wersëje
Inflect wersëjô | N;GEN(SG)	wersëji
Inflect wersëjô | N;ACC(SG)	wersëjã
Inflect wersëjô | N;GEN(PL)	wersëjów
Inflect wersëjô | N;NOM(SG)	wersëjô
Inflect wersëjô | N;F;ACC(SG)	wersëją
Inflect Kòngres | N;NOM(SG)	Kòngres
Inflect Kòngres | N;GEN(SG)	Kòngresu
Inflect pòsmarowac | V;INF;PRF	pòsmarowac
Inflect Gyömrő | N;SG	Gyömrő
Inflect Pòmòrzégò | N;GEN(SG)	Pòmòrzégò
Inflect ùłożëk | N;M3;GEN(SG)	ùłożënkù
Inflect òstatné | ADJ;NOM(PL,MASC)	òstatné
Inflect scyżnik | N;NOM(SG)	scyżnik
Inflect górny | ADJ;NOM(FEM,SG)	gòrna
Inflect niezdrów | ADJ;NOM(MASC,PL)	schòrzałi
Inflect Rzeca | N;NOM(SG)	Rzeczenica
Inflect etnofilologia | N;GEN(SG)	etnofilologii
Inflect fiord | N;PL	fiordë
Inflect wëkładowca | N;INS(SG)	wëkładowcą
Inflect starzëc | V;NFIN;POS	starzeniégò
Inflect pòlskòtërecczi | ADJ;INS(PL,MASC)	pòlskòtërecczima
Inflect przëjmòwac | V;INF	przëjmòwac
Inflect holocen | N;ACC(SG)	holocenu
Inflect wôrtny | ADJ;NOM(MASC,SG)	wôrtny
Inflect wôrtny | ADJ;INS(MASC,SG)	wôrtnym
Inflect pôłni | N;SG;LOC	pôłni
Inflect Kitanów | N;GEN(PL)	Kitanów
Inflect dôlëzna | N;NOM(SG)	dôlëzna
Inflect pies | N;GEN(PL)	psów
Inflect wzãti | ADJ;ACC(MASC,PL)	wzãtëch
Inflect Bëdgòszcz | N;GEN(SG)	Bëdgòszczë
Inflect równô | ADV	równo
Inflect jaskùłka | N;GEN(SG)	jaskùłczi
Inflect wietrzny | ADJ;NOM(MASC,SG)	wietrzny
Inflect Gniôzdë | N;NOM(SG)	Gniôzdo
Inflect dokładny | ADJ;NOM(FEM,SG)	Dokładno
Inflect padalc | N;M;GEN(SG)	padalca
Inflect ùczba | N;ACC(SG,FEM)	ùczbą
Inflect ustalony | ADJ;GEN(MASC,PL)	ustalonych
Inflect wëmiészanié | N;GEN(SG)	wëmiészaniô
Inflect ùżëcë | N;LOC;SG	ùżëcim
Inflect cywilny | ADJ;INS(PL,MASC)	cywilnyma
Inflect przestôwnik | N;NOM(PL,MASC)	przestôwniczi
Inflect cepły | ADJ;GEN(MASC,SG)	cepłégò
Inflect Bëlëno | V;PTP;PFT;NFIN	Bëlëno
Inflect Karwôtka | N;F;NOM(SG)	Karwôtka
Inflect wëemigrowac | V;IMP;PFV	wëemigrowac
Inflect môlac | N;DAT(PL)	môlekach
Inflect przysiółek | N;NOM(SG)	przysiółek
Inflect sztywni | ADJ;MASC;PL;FOR	sztywni
Inflect spòpùlarizowac | V;INF;PFV	spòpùlarizowac
Inflect gdzes | ADV	gdzes
Inflect pòjmanié | N;GEN(SG)	pòjmaniô
Inflect òbowiązkòwi | ADJ;GEN(MASC,SG)	òbowiązkòwégò
Inflect cél | N;M3;GEN(SG)	célu
Inflect Strzédnica | N;F;NOM(SG)	Strzédnica
Inflect przesëpòwanié | N;NOM(NEUT,SG)	przesëpòwanié
Inflect wierny | ADJ;NOM(MASC,SG)	wierny
Inflect jintensywny | ADJ;NOM(MASC,SG)	jintensywny
Inflect wëchwała | N;ACC(SG)	wëchwałą
Inflect stonka | N;NOM(FEM,SG)	stonka
Inflect stonka | N;GEN(SG)	stonki
Inflect òtãpienié | N;GEN(SG)	òtãpieniô
Inflect Zôpadnochińsczé | ADJ;NOM(PL,MASC)	Zôpadnochińsczé
Inflect Club | N;GEN(SG)	Clubu
Inflect jasno | ADJ;VOC(MASC,SG)	jasné
Inflect pòswiãcenié | N;GEN(SG)	pòswiãceniô
Inflect Całownô | ADJ;NOM(FEM,SG)	Całownô
Inflect historia | N;LOC;SG	historië
Inflect prôwdzëwô | ADJ;GEN(MASC,PL)	prôwdzëwëch
Inflect prôwdzëwô | ADJ;NOM(FEM,SG)	prôwdzëwô
Inflect pòwszechny | ADJ;M;NOM(SG)	pòwszechny
Inflect pòwszechny | ADJ;GEN(MASC,PL)	pòwszechnëch
Inflect pòwszechny | ADJ;ACC(FEM,SG)	pòwszechnò
Inflect driżenié | N;GEN(SG)	driżeniô
Inflect poza | N;NOM(FEM,SG)	poza
Inflect Wôrtnosc | N;FEM;SG	Wôrtnosc
Inflect rzôdzëzna | N;LOC;SG	rzôdzëznie
Inflect Wierzba | N;NOM(SG)	Wierzba
Inflect Chronometer | N;SG	Chronometer
Inflect Grec | N;DAT(SG)	Grece
Inflect zaòstałosc | N;GEN(FEM,SG)	zaòstałoscë
Inflect miastô | ADJ;VOC(MASC,PL)	miastowé
Inflect adres | N;GEN(SG)	adresu
Inflect kòło | N;NOM(SG)	Kòło
Inflect kòper | N;NOM(SG)	kòper
Inflect ùbògacëc | V;INF	ùbògacëc
Inflect zniszczëc | V;PSL;NFIN	zniszczono
Inflect zniszczëc | V;INF	zniszczëc
Inflect sëri | ADJ;ACC(FEM,SG)	sërową
Inflect jaskùleczkòwati | ADJ;M;INS(PL)	jaskùleczkòwatëch
Inflect swiãty | ADJ;ACC(FEM,SG)	swiãtą
Inflect Grób | N;NOM(SG)	Grób
Inflect samozwónk | N;NOM(SG)	samozwąk
Inflect minerał | N;M3;NOM(SG)	minerał
Inflect czãstotlëwòsc | N;GEN(SG)	czãstotlëwòscë
Inflect snieg | N;INS(SG)	sniegã
Inflect nożëcznik | N;NOM(SG)	nożëcznik
Inflect pòpùlarnosc | N;SG	pòpularnosc
Inflect sëna | N;ACC(SG)	sënã
Inflect òtrók | N;DAT(PL)	òtrokama
Inflect stëdnia | N;GEN(PL)	stëdniów
Inflect Wëciąg | N;NOM(PL)	Wëciągi
Inflect òdżina | ADJ;NOM(FEM,SG)	òdżinowô
Inflect Stanisława | N;VOC(PL)	Stanisławë
Inflect Solidarnoscëjô | N;DAT(SG)	Solidarnoscëje
Inflect smòlarz | N;VOC(PL)	smòlarze
Inflect Ałtaj | N;GEN(SG)	Ałtaju
Inflect werobizna | N;GEN(SG)	werobiznë
Inflect zagłãbic | V;PPP;MPL	zagłãbionëch
Inflect berło | N;NOM(SG)	berła
Inflect chrzescëjóńsczi | ADJ;NOM(FEM,SG)	chrzescëjóńskô
Inflect lëlija | N;GEN(PL)	lëlijów
Inflect géògraficzny | ADJ;GEN(MASC,SG)	geògraficznégò
Inflect plecy | N;LOC;PL	plecach
Inflect pieprznik | N;NOM(SG)	pieprznik
Inflect człowiek | ADJ;VOC(MASC,SG)	rozumni
Inflect Pònemù | N;GEN(SG)	Pònemù
Inflect biôgraf | N;NOM(SG)	biograf
Inflect łowic | V;NO;FIN	łowic
Inflect łowic | V;NFIN	łowienim
Inflect cãdza | N;GEN(SG,MASC,ANIM)	cãcégò
Inflect Pioter | N;NOM(SG)	Pioter
Inflect Marysieńka | N;GEN(SG)	Marysieńki
Inflect pónk | N;NOM(PL)	pónktë
Inflect kùszczka | N;VOC(PL)	kùszczi
Inflect czënjenié | N;GEN(SG)	czënieniô
Inflect Górnołużëcczi | ADJ;ACC(MASC,SG)	Górnołużëcczi
Inflect cygnańcz | ADJ;MASC;INST;SG	cygnącym
Inflect tuń | N;GEN(PL)	tunów
Inflect wëdawac | V;INF	wëdawac
Inflect epika | N;NOM(FEM,SG)	epika
Inflect rola | N;ACC(SG)	rolã
Inflect rola | N;GEN(SG)	rolë
Inflect wëkształcenié | N;NOM(SG)	wëkształcenié
Inflect wëniesc | V;INF	wëniesc
Inflect pòrtretowanié | N;GEN(SG)	pòrtretowaniô
Inflect Szop | N;NOM(SG)	Szop
Inflect hrabina | N;NOM(FEM,SG)	hrabinô
Inflect wëmarze | V;NFIN;CONV;PRF	wëmarcym
Inflect lingva | N;NOM(SG,FEM)	lingvo
Inflect cnotliwy | ADJ;INS(MASC,SG)	cnotliwym
Inflect wesziwk | N;M3;INS(SG)	wesziwkem
Inflect zmiénić | V;PST;3;PL	zmiéniele
Inflect Aleksandër | N;ACC(FEM,SG)	Aleksandrã
Inflect mëslë | V;NFIN	mëslë
Inflect wòlny | ADJ;NOM(MASC,SG)	wòlny
Inflect wòlny | ADJ;GEN(PL,MASC,ANIM)	wòlnych
Inflect wòlny | ADJ;INS(MASC,SG)	wòlnym
Inflect wëkùstrzënk | N;GEN(SG)	wëkùstrzënkù
Inflect gwiôzda | N;ACC(SG)	gwiôzdã
Inflect gwiôzda | N;NOM(PL)	gwiôzdë
Inflect pòwòlny | ADJ;NOM(FEM,SG)	pòwólnô
Inflect chãc | V;PRS;3;PL	chãcą
Inflect miôc | V;IMP;SG;PRG	miéj
Inflect tilk | ADV	tilkò
Inflect òbrôz | N;INST;SG	òbrazã
Inflect òbrôz | N;NOM(PL)	òbrazë
Inflect òbrôz | N;GEN(PL)	òbrazów
Inflect Nórbert | N;NOM(SG)	Nórbert
Inflect bùdink | N;M3;NOM(PL)	bùdinczi
Inflect bùdink | N;INS(PL)	bùdinkama
Inflect bùdink | N;DAT(SG)	bùdinku
Inflect bùdink | N;GEN(MASC,PL)	bùdinków
Inflect bùdink | N;GEN(SG)	bùdinkù
Inflect wëjimka | N;NOM(SG,FEM)	wëjimka
Inflect zdrowi | ADJ;INS(MASC,SG)	zdrowim
Inflect Syjamsczi | ADJ;NOM(MASC,PL)	Syjamsczi
Inflect sobòtkach | N;FEM;LOC;PL	sobòtkach
Inflect kaliber | N;NOM(SG)	kaliber
Inflect Gdynia | N;LOC;SG	Gdingen
Inflect bracën | N;GEN(PL)	bracënów
Inflect biôłoczôrny | ADJ;NOM(FEM,SG)	biôłoczôrnô
Inflect kòncertowë | ADJ;VOC(MASC,SG)	kòncertowi
Inflect òdznaczony | ADJ;NOM(FEM,SG)	òdznaczonô
Inflect Przesłówje | N;NOM(SG,NEUT)	Przesłovjo
Inflect listopad | N;GEN(SG)	listopada
Inflect mlékò | N;INS(SG)	mlékiem
Inflect mlékò | N;NOM(NEUT,SG)	mlékò
Inflect mlékò | N;DAT(SG)	mlékù
Inflect lece | V;3;PL;PRS	lecą
Inflect Mésterstwò | N;LOC;PL	Mésterstwach
Inflect Mésterstwò | N;GEN(PL)	Mésterstwów
Inflect zakôz | N;NOM(SG)	zakôz
Inflect Francja | N;GEN(SG)	Francji
Inflect pòdskòczëc | V;INF	pòdskòczëc
Inflect wiżëc | V;NFIN	wiżô
Inflect Zaslubiny | N;NOM(PL)	Zaslubiny
Inflect kùpc | N;MASC;PL	kùpcë
Inflect Cãżczé | ADJ;NOM(PL,MASC,INAN)	Cãżczé
Inflect Słowión | N;GEN(PL)	Słowiónów
Inflect bóg | N;GEN(SG)	boga
Inflect Chrizantema | N;NOM(SG)	Chrizantema
Inflect tëlé | N;NOM(PL)	tëlé
Inflect bezskliwi | ADJ;INS(MASC,SG)	bezsklący
Inflect pòwstanié | N;GEN(SG)	pòwstania
Inflect pòwstanié | N;LOC;SG;M3	pòwstanim
Inflect widzënk | N;GEN(SG)	widzënkù
Inflect początek | N;ACC(SG)	począt
Inflect początek | N;GEN(SG)	początku
Inflect kań | N;ACC(SG)	kaniã
Inflect kań | N;F;DAT(SG)	kanië
Inflect Pòriwny | ADJ;NOM(MASC,SG)	Pòriwny
Inflect kòza | N;GEN(FEM,SG)	kòzë
Inflect hebrejsczi | ADJ;ACC(FEM,SG)	hebrejskù
Inflect Czaplewò | N;NOM(NEUT,SG)	Czaplewò
Inflect codniowi | ADJ;GEN(MASC,SG)	codniowégò
Inflect Wstãp | N;NOM(SG)	Wstãp
Inflect przedstôwcowc | N;ACC(PL)	przedstôwcowie
Inflect zôczątk | N;GEN(SG)	zôczątkù
Inflect wiek | N;GEN(PL)	věkov
Inflect Żużulkô | N;NOM(FEM,SG)	Żużulkô
Inflect Zygmùnt | N;NOM(MASC,SG)	Zygmunt
Inflect blaszany | ADJ;GEN(PL,MASC)	blaszanëch
Inflect gwara | N;GEN(PL)	gwarów
Inflect Nużeta | N;NOM(FEM,SG)	Nuyttena
Inflect radzëc | V;NFIN	radnym
Inflect sądowny | ADJ;GEN(MASC,PL)	sądownëch
Inflect kùtti | N;ACC(SG)	Kùttin
Inflect Dzéwczãta | N;NOM(PL)	Dzéwczãta
Inflect rzimskô | ADJ;NOM(FEM,SG)	Rzimskô
Inflect Eucaryota | N;NOM(PL,MASC)	Eucaryota
Inflect Szewc | N;NOM(SG)	Szewc
Inflect Tunisia | N;NOM(SG)	Tunisia
Inflect lodownik | N;ACC(MASC,PL)	lodowniców
Inflect Midzenôrodny | ADJ;NOM(MASC,SG)	Midzenôrodny
Inflect klôsztorny | ADJ;NOM(MASC,SG)	klôsztorny
Inflect klôsztorny | ADJ;NOM(FEM,SG)	klôsztorné
Inflect Fragaria | N;NOM(SG)	Fragaria
Inflect mamùtkac | N;VOC(SG)	mączi
Inflect laureat | N;ACC(SG)	laureatã
Inflect piezoelektrycznosc | N;GEN(SG)	piezoelektrycznosci
Inflect Zôsnic | N;NOM(SG,FEM)	Zósnica
Inflect Sérce | N;ACC(SG)	Serca
Inflect parola | N;F;NOM(SG)	parola
Inflect Wiara | N;NOM(SG)	Wiar
Inflect Pònarwa | N;DAT(SG)	Pònarwë
Inflect geneticzny | ADJ;ACC(FEM,PL)	geneticzné
Inflect efekta | N;DAT(SG)	efekce
Inflect żëcopis | N;NOM(MASC,SG)	żëcopis
Inflect żëcopis | N;M;GEN(SG)	żëcopisù
Inflect dôc | V;PRS;3;SG	dôce
Inflect wëjazd | N;GEN(SG)	wëjazdu
Inflect dalmatińskô | ADJ;NOM(FEM,SG)	dalmatińskô
Inflect Sopot | N;NOM(SG)	Sopot
Inflect jãzëkòwô | ADJ;NOM(FEM,SG)	jãzëkòwô
Inflect jãzëkòwô | ADJ;ACC(FEM,SG)	jãzëkòwą
Inflect kelnerka | N;INS(FEM,SG)	kelnerką
Inflect òpaczny | ADJ;NOM(MASC,SG)	òpaczny
Inflect wòskòwi | ADJ;NOM(FEM,SG)	wòskòwô
Inflect szatlachòwatë | V;PST;PFV;3PL	szatlachòwatëch
Inflect stãpnãc | V;NFIN;INF	stãpniu
Inflect Nowa | ADJ;NOM(FEM,SG)	Nowè
Inflect pòlôsz | N;GEN(PL)	Pòlôszów
Inflect stodoła | N;NOM(SG,FEM)	Stodoła
Inflect Franciszka | N;NOM(FEM,SG)	Franciszka
Inflect zelonô | ADJ;NOM(FEM,SG)	zelonô
Inflect parlamentarzista | N;NOM(SG)	parlamentarzista
Inflect czôs | N;NOM(PL)	czôs
Inflect dziewczyna | N;NOM(PL)	dziewczyny
Inflect Smiec | N;NOM(PL)	Smiecë
Inflect Szlarë | N;NOM(PL)	Szlarë
Inflect trena | N;GEN(SG)	trenera
Inflect egzamin | N;NOM(SG)	egzamin
Inflect egzamin | N;LOC;SG	egzaminie
Inflect egzamin | N;GEN(SG)	egzaminu
Inflect dzecǒ | N;DAT(PL)	dzecóm
Inflect chińsczi | ADJ;NOM(MASC,SG)	chińsczi
Inflect chińsczi | ADJ;INS(PL,MASC)	chińsczima
Inflect chińsczi | ADJ;GEN(MASC,SG)	chińsczégò
Inflect ludza | N;NOM(PL)	ludźe
Inflect kanibal | N;DAT(PL)	kanibalama
Inflect przelot | N;DAT(SG)	przelotë
Inflect òbëwatelë | N;NOM(PL)	òbëwatele
Inflect drewno | N;NOM(SG)	drewno
Inflect Zespół | N;NOM(SG)	Zespół
Inflect Joanna | N;NOM(SG,FEM)	Joanna
Inflect Joanna | N;GEN(SG)	Joannë
Inflect remónt | N;GEN(SG)	remontu
Inflect Robić | V;3;PL;PRS	Robią
Inflect krążëc | V;3;PL;PRS	krążą
Inflect miasto | N;NOM(PL)	miasta
Inflect Zemiã | N;ACC(SG)	Zemiã
Inflect pòsélka | N;VOC(SG)	pòsélce
Inflect schòdac | V;3;PL;PRS	schôdają
Inflect región | N;GEN(SG)	regionu
Inflect lëbiôdczi | N;GEN(FEM,SG)	lëbiodczima
Inflect hebrajskô | ADJ;INS(MASC,SG)	hebrajsczim
Inflect zjinaczenie | N;GEN(SG)	zjinaczenia
Inflect historyczny | ADJ;NOM(MASC,SG)	historiczny
Inflect historyczny | ADJ;MASC;SG;LOC	historicznym
Inflect farwny | ADJ;ACC(SG,NEUT)	farwné
Inflect farwny | ADJ;GEN(MASC,SG)	farwnégò
Inflect farwny | ADJ;NOM(FEM,SG)	farwnô
Inflect pòdzélony | ADJ;GEN(MASC,PL)	pòdzélonëch
Inflect bratanica | N;F;ACC(SG)	bratanicą
Inflect Zbawiciel | N;GEN(SG)	Zbawicela
Inflect Zbawiciel | N;VOC(SG)	Zbawicelu
Inflect maja | V;IMP;PL;FUT	maja
Inflect ekskluziwnô | ADJ;GEN(FEM,SG)	ekskluziwnéj
Inflect Krziżëwò | N;F;INS(SG)	Krziżëwi
Inflect sluba | N;ACC(PL)	slubë
Inflect Łęgowski | N;NOM(MASC,SG)	Łęgowski
Inflect dozeranié | N;GEN(SG)	dozéraniô
Inflect miesąc | N;LOC;PL	miesącach
Inflect miesąc | N;NOM(PL)	miesące
Inflect miesąc | N;LOC;SG	miesącu
Inflect miesąc | N;NOM(PL)	miesący
Inflect zelé | N;NOM(SG)	zelé
Inflect wieleletni | ADJ;NOM(FEM,SG)	wieleletnô
Inflect Gbùrskô | ADJ;NOM(FEM,SG)	Gbùrskô
Inflect seminarium | N;NOM(SG,NEUT)	seminarium
Inflect przënależnosc | N;ACC(SG)	przënależnotã
Inflect òriginalnô | ADJ;NOM(FEM,SG)	òriginalnô
Inflect wùj | N;GEN(SG)	wùja
Inflect Konopczyński | N;NOM(MASC,SG)	Konopczyński
Inflect Stolëca | N;NOM(SG)	Stolëca
Inflect Liczba | N;NOM(SG)	Lëczba
Inflect Celestin | N;NOM(MASC,SG)	Celestin
Inflect czëstota | N;FEM;SG	czëstosc
Inflect czëstota | N;GEN(SG)	czëstoscë
Inflect zbójca | N;NOM(PL)	zbójcë
Inflect słowo | N;NOM(SG)	słowo
Inflect òrzéch | N;GEN(PL)	òrzéchów
Inflect sąd | N;INST;PL	sądama
Inflect wrzos | N;M3;GEN(SG)	wrzosu
Inflect kòlektor | N;NOM(SG)	kòlektor
Inflect kòlektor | N;GEN(PL)	kòlektorów
Inflect zwón | N;GEN(SG)	zwònu
Inflect zwón | N;NOM(PL)	zwònë
Inflect wierzyć | V;3;PL;PRS	wierzą
Inflect kònstitucijô | N;GEN(SG)	kònstitucji
Inflect władca | N;GEN(PL)	władców
Inflect władca | N;ACC(SG)	władcą
Inflect trëlnôcz | N;NOM(MASC,SG)	trulôcz
Inflect Òsoblëwé | ADJ;NOM(PL,MASC,INAN)	Òsoblëwé
Inflect Wiélgô | ADJ;NOM(MASC,SG)	Wiéldżi
Inflect Tirol | N;NOM(SG)	Tirol
Inflect Tirol | N;GEN(SG)	Tirolu
Inflect pòéta | N;GEN(SG)	pòétë
Inflect administracja | N;GEN(SG)	Administracji
Inflect greczczi | ADJ;NOM(MASC,SG)	grecczi
Inflect chòrosk | N;LOC;PL	chòroscach
Inflect oliwkowy | ADJ;GEN(MASC,PL)	oliwkowatych
Inflect pòłowa | N;F;ACC(SG)	pòłowã
Inflect pôdło | N;NOM(SG)	pôdł
Inflect wieczni | ADJ;ACC(FEM,SG)	wieczné
Inflect sparłãczëc | V;INF	sparłãczëc
Inflect szkòła | N;GEN(PL)	Szkòłów
Inflect lëstk | N;GEN(PL)	lëstka
Inflect òrganizacjô | N;ACC(SG)	òrganizacjã
Inflect słowo | N;GEN(SG)	slova
Inflect ciele | N;VOC(SG)	céle
Inflect kòmùnizm | N;GEN(SG)	kòmùnizmù
Inflect deptac | V;INF	deptac
Inflect komudny | ADJ;GENN;PL;MASC	komudnëch
Inflect lëchi | ADJ;NOM(FEM,SG)	lëchô
Inflect lëlëjô | N;NOM(FEM,SG)	leliô
Inflect Krim | N;LOC;SG	Krimie
Inflect leżeć | V;3;SG	Leżi
Inflect òdpùst | N;NOM(SG)	òdpùst
Inflect Swiat | N;NOM(MASC,SG)	Swiat
Inflect Swiat | N;F;NOM(SG)	Swiata
Inflect téma | N;NOM(SG)	téma
Inflect mòdlëtwa | N;ACC(FEM,SG)	mòdlëtw
Inflect mòdlëtwa | N;NOM(SG)	mòdlëtwa
Inflect mòdlëtwa | N;ACC(SG)	mòdlëtwã
Inflect mòdlëtwa | N;NOM(PL)	mòdlëtwë
Inflect mòdlëtwa | N;GEN(PL)	mòdlëtwów
Inflect dzëło | N;GEN(SG)	dzéla
Inflect kasztelan | N;NOM(SG,MASC)	kasztelan
Inflect jednô | ADJ;NOM(FEM,SG)	jednô
Inflect welësznëca | N;GEN(PL)	welësznëch
Inflect Radzëzna | N;NOM(SG)	Radzëzne
Inflect Radzëzna | N;GEN(SG)	Radzëznë
Inflect Stena | N;FEM;SG	Stenka
Inflect STOPA | N;GEN(PL)	stóp
Inflect Acoraceae | N;NOM(PL)	Acoraceae
Inflect RÓLNY | ADJ;GEN(MASC,PL)	Rólnëch
Inflect kòminowë | ADJ;GEN(MASC,PL)	kòminowëch
Inflect kaczka | N;GEN(SG)	kaczci
Inflect kaczka | N;GEN(PL,ANIM)	kaczkòwatëch
Inflect kaczka | N;GEN(PL,MASC,ANIM)	kaczków
Inflect labializacëjô | N;NOM(SG,FEM)	labializacëjô
Inflect sprowadzenié | N;INS(SG)	sprowadzeniém
Inflect piekùt | N;M;NOM(SG)	piekùt
Inflect lékarzë | N;DAT(PL)	lékarzenim
Inflect mësznik | N;GEN(SG)	mësznika
Inflect Sowa | N;GEN(PL)	Sowich
Inflect blóno | N;NOM(FEM,SG)	blôna
Inflect Informacja | N;GEN(SG)	Informacji
Inflect zakón | N;NOM(SG)	Zakòn
Inflect wiôldzi | ADJ;INS(MASC,SG)	wiôldzim
Inflect latny | ADJ;NOM(MASC,SG)	latny
Inflect kuńc | N;GEN(SG)	kuńca
Inflect balk | N;GEN(PL)	balków
Inflect contagiosa | ADJ;NOM(FEM,SG)	contagiosa
Inflect òlimpijsczi | ADJ;GEN(MASC,PL)	òlimpijsczich
Inflect Mùzyczny | ADJ;NOM(MASC,SG)	Mùzyczny
Inflect Cénë | N;GEN(FEM,PL)	Cénôwë
Inflect podpora | N;INS(SG)	podpiarą
Inflect rozsądzënk | N;M3;NOM(SG)	rozsądzënk
Inflect saksofón | N;LOC;SG	saksofónie
Inflect naòczny | ADJ;ACC(MASC,PL)	Naòcznych
Inflect empiriczny | ADJ;ACC(SG,NEUT)	empiriczno
Inflect empiriczny | ADJ;GEN(MASC,PL)	empiricznëch
Inflect Sztefón | N;NOM(SG)	Sztefón
Inflect regla | N;F;NOM(SG)	regla
Inflect regla | N;NOM(PL)	regle
Inflect separacja | N;GEN(SG)	separacji
Inflect Miłosława | N;GEN(SG,FEM)	Miłosławy
Inflect skwiérkòwatI | ADJ;ACC(MASC,PL)	skwiérkòwatëch
Inflect chãtny | ADJ;NOM(FEM,SG)	chãtnô
Inflect òglowi | ADJ;NOM(FEM,SG)	òglowe
Inflect òglowi | ADJ;NOM(MASC,SG)	òglowi
Inflect òglowi | ADJ;MASC;INST;SG	òglowim
Inflect òglowi | ADJ;MASC;INST;SG	òglowym
Inflect òglowi | ADJ;NOM(PL,MASC)	òglowé
Inflect òglowi | ADJ;GEN(MASC,SG)	òglowégò
Inflect òglowi | ADJ;NOM(SG,MASC)	òglowò
Inflect òglowi | ADJ;NOM(FEM,SG)	òglowô
Inflect pòlskô | ADJ;ACC(FEM,SG)	pòlską
Inflect zmia(na) | N;ACC(SG)	zmianã
Inflect klient | N;GEN(MASC,PL)	klientów
Inflect òpadnãc | V;NFIN	òpôd
Inflect Pòlskô | N;LOC;SG	Polsce
Inflect soczëzna | N;DAT(SG)	soczëznie
Inflect Pòłożenié | N;NOM(SG)	Pòłożenié
Inflect gwałtowny | ADJ;NOM(MASC,SG)	gwałtowny
Inflect myśl | N;VOC(SG)	mësle
Inflect forma | N;GEN(FEM,SG)	formë
Inflect czekawy | ADJ;ACC(MASC,SG)	czekawé
Inflect plaskac | V;IMP;PFV	plaskati
Inflect Gòłãbiô | N;NOM(FEM,SG)	Gòłãbiô
Inflect siewôrz | N;NOM(SG,MASC)	séwôrz
Inflect Pòmòrzaniô | N;NOM(PL)	Pòmòrzónie
Inflect Kòrczak | N;GEN(MASC,SG)	Kòrczôka
Inflect kóra | N;NOM(FEM,SG)	Kóra
Inflect dokôz | N;GEN(SG)	Dokôzë
Inflect pòsélc | N;GEN(PL)	pòsélców
Inflect Szczotecznik | N;NOM(SG)	Szczotecznik
Inflect starna | N;F;NOM(SG)	starna
Inflect starna | N;DAT(SG)	starnie
Inflect starna | N;ACC(SG,FEM)	starnã
Inflect czãsc | N;GEN(SG)	czãscë
Inflect czãsc | N;ACC(SG)	czãscą
Inflect Tanzanija | N;GEN(SG)	Tanzaneji
Inflect Òkrãtownik | N;GEN(PL)	Òkrãtowników
Inflect lãbòrsczi | ADJ;INS(SG,MASC,INAN)	lãbòrsczim
Inflect pòtrzebë | N;NOM(FEM,PL)	pòtrzebë
Inflect ùcerpjec | V;NFIN	ùcerpia
Inflect Mòrzebôb | N;NOM(SG)	Mòrzebôb
Inflect bòkadnôt | N;ACC(FEM,SG)	bòkadnotã
Inflect honor | N;NOM(PL)	honorë
Inflect dodownô | ADJ;NOM(FEM,SG)	dodôwnô
Inflect Żbik | N;DAT(PL)	Żbikòwie
Inflect Pinkun | N;DAT(PL)	Pinkun
Inflect dësza | N;NOM(SG)	dësza
Inflect dësza | N;VOC(PL)	dësze
Inflect starszi | ADJ;DAT(PL,MASC)	starszëch
Inflect Prekmùrsczi | ADJ;NOM(MASC,SG)	Prekmùrsczi
Inflect mašina | N;INS(SG)	masziną
Inflect Łapalëcczi | ADJ;INS(MASC,SG)	Łapalëcczim
Inflect pôłniowy | ADJ;VOC(MASC,SG)	pôłniowo
Inflect szerok | ADJ;NOM(MASC,SG)	szerok
Inflect jinstitucjô | N;F;NOM(SG)	jinstitucjô
Inflect żabk | N;NOM(PL)	żabczi
Inflect Pògòrze | N;NOM(SG)	Pògòrze
Inflect pisarstwo | N;GEN(SG)	pisarstwa
Inflect sokół | N;GEN(PL)	Sokal
Inflect mùzykòwanié | N;INS(SG)	mùzykòwanim
Inflect Poznań | N;NOM(SG)	Poznań
Inflect raj | N;DAT(SG)	raju
Inflect téòlog | N;NOM(PL)	téòlogi
Inflect quillinga | N;ACC(SG)	quillingù
Inflect Alpy | N;LOC;PL	Alpach
Inflect lëché | ADJ;GEN(MASC,SG)	lëchégò
Inflect Rocziżna | N;F;ACC(SG)	Roczëznã
Inflect matura | N;ACC(SG)	maturã
Inflect Izyd | N;VOC(SG)	Izydë
Inflect zwrot | N;GEN(MASC,SG)	zwrotu
Inflect wëdónô | ADJ;GEN(MASC,SG)	wëdónegò
Inflect Arabsczi | ADJ;NOM(MASC,SG)	Arabsczi
Inflect Arabsczi | ADJ;INS(MASC,SG)	Arabsczim
Inflect Zambezi | N;NOM(SG)	Zambezi
Inflect mrówkòwatëch | ADJ;GEN(PL,ANIM)	mrówkòwatëch
Inflect szlachta | N;GEN(SG)	szlachtë
Inflect Słownik | N;NOM(SG)	Słownik
Inflect kwasny | ADJ;GEN(MASC,PL)	kwasnych
Inflect Słovianskô | ADJ;NOM(MASC,SG)	Slovianski
Inflect solë | N;GEN(FEM,SG)	solë
Inflect Piersza | ADJ;ACC(FEM,SG)	Pierszą
Inflect kilómetr | N;GEN(PL)	kilometrów
Inflect wãdka | N;NOM(SG)	wãdka
Inflect Naukowe | ADJ;NOM(PL,MASC,INAN)	Naukowe
Inflect Gdóńsk | N;GEN(SG)	Gdôńskò
Inflect Midzënôrodny | ADJ;NOM(FEM,SG)	Midzënôrodnô
Inflect gbùrsczi | ADJ;GEN(MASC,PL)	gbùrsczëch
Inflect kLëpa | N;NOM(SG)	Klepa
Inflect waza | N;NOM(SG)	Waza
Inflect waza | N;GEN(SG)	Wazy
Inflect Gdynia | N;NOM(SG,FEM)	Gdinjô
Inflect Regùlarnëch | ADJ;GEN(MASC,PL)	Regùlarnëch
Inflect załączony | ADJ;MASC;PL;LOC	załączonëch
Inflect rozmiszlëc | V;NFIN	rozmiszlô
Inflect kòrzén | N;LOC;PL	kòrzéniach
Inflect magicznô | ADJ;GEN(MASC,PL)	magicznëch
Inflect wkół | ADV	wkół
Inflect Rédacya | N;GEN(SG)	Réda
Inflect wiãzëdło | N;LOC;SG	wiãzëdle
Inflect Bardówkòwatô | ADJ;NOM(FEM,SG)	Bardówkòwatô
Inflect ròk | N;GEN(SG)	Rokù
Inflect główka | N;INS(FEM,SG)	główką
Inflect dardzë | ADJ;ACC(FEM,SG)	dardze
Inflect gwëstny | ADJ;NOM(FEM,SG)	gwëstnô
Inflect Benedykta | N;NOM(SG,MASC)	Benedykt
Inflect wróbel | N;GEN(PL,MASC)	wróblów
Inflect Akademicki | ADJ;INS(MASC,SG)	Akademicczim
Inflect japòńsczi | ADJ;MASC;PSSV;SG	japòńsczi
Inflect japòńsczi | ADJ;GEN(MASC,PL)	japòńsczich
Inflect japòńsczi | ADJ;GEN(MASC,SG)	japòńsczégò
Inflect Stolem | N;NOM(PL)	Stolemi
Inflect łacyńsczé | ADJ;GEN(MASC,SG)	łacyńsczégò
Inflect graficzny | ADJ;GEN(MASC,SG)	graficznégò
Inflect piątka | N;F;NOM(SG)	piątka
Inflect Lemna | N;F;NOM(SG)	Lemna
Inflect zrzëszënié | N;GEN(SG)	zrëszëniô
Inflect brëma | N;ACC(SG)	brëm
Inflect chcëc | V;PST;3;PL	chcelë
Inflect długosc | N;GEN(SG)	długòscë
Inflect zainteresowanié | N;NOM(SG,NEUT)	zainteresowanié
Inflect kraj | N;LOC;SG	krajem
Inflect pas | N;MASC;SG;LOC	remieniu
Inflect Ùbrzeg | N;GEN(SG)	Ùbrzégù
Inflect Planowanié | N;GEN(SG)	Planowoniô
Inflect białka | N;ACC(SG)	białką
Inflect wzmiónk | N;GEN(PL)	wzmiónków
Inflect wëstãpùjący | ADJ;VOC(FEM,PL)	wëstãpùjącëch
Inflect bòsczi | ADJ;NOM(MASC,SG)	Bòsczi
Inflect Britania | N;LOC;SG	Britanie
Inflect kòrzëstac | V;INF	kòrzëstac
Inflect Materiał | N;NOM(PL)	Materiałë
Inflect môlowi | ADJ;GEN(MASC,PL)	môlowëch
Inflect Trepka | N;DIM;NOM(SG)	Trepczika
Inflect nôrodnô | ADJ;NOM(FEM,SG)	nôrodnô
Inflect smôrzczowatë | ADJ;VOC(MASC,PL)	smôrzczowatëch
Inflect philanthrōpia | N;NOM(SG)	philanthrōpia
Inflect kania | N;NOM(FEM,SG)	kania
Inflect drzewnianô | ADJ;NOM(FEM,SG)	drzewnianô
Inflect dëchòwny | ADJ;NOM(MASC,SG)	dëchòwny
Inflect dëchòwny | ADJ;INS(MASC,SG)	dëchòwnym
Inflect albertinô | N;GEN(PL)	albertinów
Inflect wół | N;NOM(PL)	wòłë
Inflect Jimpresjinisticzné | ADJ;NOM(MASC,PL)	Jimpresjinisticzné
Inflect Złotnica | N;NOM(FEM,SG)	Złotnica
Inflect literary | ADJ;DAT(FEM,SG)	literacczi
Inflect mòst | N;NOM(SG)	mòst
Inflect bakteria | N;GEN(PL)	bakteriów
Inflect bakteria | N;NOM(SG)	bakteriô
Inflect stôrożëtny | ADJ;GEN(MASC,PL)	stôrożëtnëch
Inflect swój | ADJ;NOM(MASC,PL)	swòji
Inflect swój | ADJ;GEN(PL,MASC,ANIM)	swòjich
Inflect Szczecinek | N;NOM(SG,MASC)	Szczecinek
Inflect Bruksela | N;NOM(SG)	Brukselë
Inflect sewać | V;NFIN	sewan
Inflect milczk | N;GEN(PL)	milczków
Inflect wëróbk | N;GEN(SG)	wëróbkù
Inflect Spòkójné | ADJ;NOM(PL,MASC,INAN)	Spòkójné
Inflect Lindega | N;NOM(SG)	Lindegò
Inflect Dôwny | ADV	Dôwni
Inflect Dôwny | ADV	Dôwnié
Inflect Dôwny | ADJ;NOM(MASC,SG)	Dôwny
Inflect Dôwny | ADJ;INS(MASC,SG)	Dôwnym
Inflect mianëjcë | V;IND;3;PL	mianëje
Inflect fasón | N;NOM(SG)	fasón
Inflect fala | N;NOM(PL)	fale
Inflect Jimpresjonizm | N;NOM(SG)	Jimpresjonizm
Inflect grob | N;LOC;PL	grobach
Inflect rozmajity | ADJ;ACC(FEM,PL)	rozmaité
Inflect załóžca | N;ACC(MASC,SG)	załórzcą
Inflect Wileja | N;VOC(SG)	Wilejce
Inflect Wileja | N;F;ACC(SG)	Wilejã
Inflect miãsojôdny | ADJ;NOM(MASC,SG)	miãsojôdny
Inflect Pismiã | N;INS(SG)	Pismionem
Inflect rôdc | N;GEN(MASC,PL)	Rôdców
Inflect òdrzënôw | N;NOM(SG)	òdrzënów
Inflect Heracleum | N;NOM(SG)	Heracleum
Inflect dãb | N;DAT(PL)	dãbama
Inflect dãb | N;NOM(PL)	dãbë
Inflect dãb | N;GEN(PL)	dãbów
Inflect dãb | N;GEN(SG)	dãbù
Inflect Liwio | N;VOC(SG)	Liwia
Inflect pòrozumienié | N;NOM(SG)	pòrozumienié
Inflect przëczëna | N;ACC(MASC,SG)	przëczën
Inflect zlenie | N;INS(SG,MASC)	zleniem
Inflect charizmatyczny | ADJ;INS(MASC,SG)	charizmaticznym
Inflect dzejac | V;PAST;F;SG	dzejała
Inflect przëcyskać | V;IND;SG;3	przëcyskô
Inflect dialektalny | ADJ;GEN(MASC,PL)	dialektalnëch
Inflect zbiórnik | N;GEN(PL)	zbiorników
Inflect znanca | N;ACC(PL)	znanczi
Inflect zasad | N;GEN(FEM,SG)	zasad
Inflect Starzëzna | N;GEN(SG)	Starzënie
Inflect òstri | ADJ;NOM(MASC,SG)	òstro
Inflect welacja | N;GEN(PL)	welacjów
Inflect pip | N;GEN(PL)	pipów
Inflect gimnasticzny | ADJ;NOM(MASC,PL)	gimnasticzczi
Inflect Kwiôt | N;VOC(SG)	Kwiôte
Inflect bôjk | N;GEN(PL)	bôjków
Inflect Mordawski | N;NOM(MASC,SG)	Mordawski
Inflect leczniczô | ADJ;NOM(FEM,SG)	leczniczô
Inflect Kaszubskopomorskie | ADJ;NOM(NEUT,SG)	KaszubskoPomorskie
Inflect miasto | N;INS(SG)	miastã
Inflect miasto | N;GEN(PL)	miastów
Inflect rezerwa | N;ACC(SG)	rezerwã
Inflect Łemka | N;ACC(SG)	Łemkã
Inflect Kanadny | ADJ;NOM(MASC,SG)	Kanadny
Inflect żôgiel | N;FEM;INST;PL	Żôglama
Inflect przeszłoce | N;F;NOM(PL)	przeszłoce
Inflect Wojwodzënô | N;ACC(SG)	Wojwodinã
Inflect pòdôwk | N;GEN(PL)	pòdôwków
Inflect czôrnobiôłi | ADJ;NOM(FEM,PL)	czôrnobiôłé
Inflect rzecz | N;ACC(SG)	rzecz
Inflect rzecz | N;LOC;PL	rzeczach
Inflect mùza | N;GEN(FEM,SG)	Mùża
Inflect przijãc | V;NFIN	przińc
Inflect wierza | N;VOC(SG)	wiże
Inflect Jãzëczkòwé | ADJ;NOM(FEM,PL)	Jãzëczkòwé
Inflect nordowòkaszëbsczi | ADJ;GEN(FEM,PL)	nordowòkaszëbsczich
Inflect Cëchô | ADJ;NOM(FEM,SG)	Cëchô
Inflect Towarzëstwa | N;GEN(SG)	Towarzëstwa
Inflect ùżëwac | V;POS;IMPF;NFIN	ùżëwaniô
Inflect reżiser | N;ACC(SG)	reżiserã
Inflect reżiser | N;GEN(SG)	reżiséra
Inflect MIESZC | N;VOC(MASC,SG)	Miesczé
Inflect Różewô | ADJ;NOM(FEM,SG)	Różewô
Inflect dorobek | N;M3;INS(SG)	dorobkiem
Inflect chemiczny | ADJ;VOC(MASC,SG)	chemicznie
Inflect chemiczny | ADJ;NOM(MASC,SG)	chemiczny
Inflect chemiczny | ADJ;GEN(MASC,PL)	chemicznëch
Inflect chemiczny | ADJ;INS(MASC,SG)	chemicznëm
Inflect twòrzec | V;PST;3;PL	twòrzelë
Inflect balustradza | N;DAT(SG,FEM)	balustradze
Inflect Szlëmienie | N;NOM(SG)	Slëmiénie
Inflect Nôrodny | ADJ;NOM(MASC,SG)	Nôrodny
Inflect sztądza | N;LOC;SG	sztądze
Inflect przënôleżnota | N;ACC(SG)	przënôleżnotã
Inflect przënôleżnota | N;GEN(SG)	przënôleżnotë
Inflect Warszawa | N;NOM(SG,FEM)	Warszawa
Inflect Warszawa | N;LOC;SG	Warszawie
Inflect Ùtwòrzë | V;IMP;P2;PL	Ùtworë
Inflect sadzëna | N;GEN(SG)	sadzeniô
Inflect Atlanticzne | ADJ;GEN(MASC,SG)	Atlanticczégò
Inflect traktór | N;NOM(PL)	trakturë
Inflect samopylny | ADJ;NOM(FEM,SG)	samopylna
Inflect krzélôk | N;NOM(PL)	krzélôczi
Inflect Mekran | N;ACC(SG)	Mekran
Inflect Odzyskac | V;PPP;MP;GEN	Odzyskanych
Inflect gadzëna | N;NOM(FEM,PL)	gadzënë
Inflect gadzëna | N;GEN(PL)	gadzënòw
Inflect Kòscół | N;GEN(SG)	Kòscele
Inflect Kòscół | N;GEN(SG)	Kòscoła
Inflect ùgòda | N;LOC;SG;FEM	ùgòdné
Inflect miłac | V;PST;SG;F	miôła
Inflect wchòdzëc | V;INF	wchòdzëc
Inflect òstrowa | N;ACC(FEM,SG)	òstrowã
Inflect òstrowa | N;NOM(PL)	òstrowë
Inflect òstrowa | N;GEN(PL)	òstrowów
Inflect Szkocja | N;DAT(SG)	Szkocji
Inflect Oddział | N;NOM(SG)	Oddział
Inflect anielsczi | ADJ;NOM(MASC,SG)	angelsczi
Inflect Kamiéńca | N;GEN(FEM,SG)	Kamiéńca
Inflect dogłãbnô | ADJ;NOM(FEM,SG)	dogłãbno
Inflect ògle | N;NOM(PL)	ògle
Inflect mórza | N;GEN(SG)	mórza
Inflect ramic | N;GEN(FEM,SG)	ramë
Inflect Blat | N;NOM(MASC,SG)	Blat
Inflect pôłni | N;LOC;SG	pôłnim
Inflect górzësti | ADJ;NOM(MASC,SG)	górzësti
Inflect spiewac | V;IMP;PFV	spiewac
Inflect dzyczi | N;INST;SG;F	dzurką
Inflect Tettigonia | N;NOM(SG)	Tettigonia
Inflect wspóminka | N;NOM(MASC,SG)	wspòmink
Inflect strzébrzny | ADJ;NOM(MASC,SG)	strzébrzny
Inflect doł | N;GEN(SG)	dołu
Inflect mònitoring | N;ACC(SG)	mónitoringã
Inflect metrë | N;GEN(SG)	metra
Inflect znija | V;NFIN	znija
Inflect Trzeba | ADJ;FE;NOM(SG)	Trzeba
Inflect akcepta | N;ACC(SG)	akceptã
Inflect góra | N;NOM(PL)	góry
Inflect góra | N;DAT(SG)	górze
Inflect wësadzëc | V;NFIN	wësôdanié
Inflect Kaszëbizna | N;NOM(SG)	Kaszëbizna
Inflect Kaszëbizna | N;ACC(SG)	Kaszëbiznã
Inflect Kaszëbizna | N;GEN(SG)	Kaszëbiznë
Inflect Kaszëbizna | N;ACC(SG)	Kaszëbizną
Inflect Gòłąbk | N;GEN(FEM,SG)	Gòłąbka
Inflect Słuńce | N;ACC(SG)	Słuńca
Inflect Słuńce | N;DAT(SG)	Słuńcowi
Inflect stôri | ADJ;NOM(FEM,SG)	Stôrô
Inflect gduński | ADJ;GEN(MASC,PL)	gduńsczich
Inflect fizyka | N;GEN(SG)	fizyki
Inflect Coimbra | N;LOC;SG	Coimbrze
Inflect Kamél | ADJ;NOM(MASC,SG)	Kamél
Inflect Gąsewnica | N;NOM(FEM,SG)	Gąsewnica
Inflect Pùck | N;GEN(FEM,SG)	Pucka
Inflect pòtoczno | ADJ;NOM(FEM,SG)	pòtoczno
Inflect penzjónat | N;FEM;PL;LOC	penzjónatama
Inflect emòcjonalnomiticzny | ADJ;M3;INS(SG)	emòcjonalnomiticznym
Inflect mur | N;INST;SG	murem
Inflect kalkùlator | N;NOM(SG)	kalkùlator
Inflect pamiãtnik | N;NOM(SG)	pamiãtnik
Inflect drëch | N;NOM(MASC,SG)	drëch
Inflect drëch | N;INS(PL)	drëchama
Inflect nôstarszi | ADJ;ACC(FEM,SG)	nôstarszą
Inflect zatôrczënk | N;GEN(SG)	zatôrczënkù
Inflect Nùdlë | N;LOC;PL	Nudlóm
Inflect starka | N;NOM(PL)	starkòwie
Inflect dzëdzół | N;NOM(SG)	dzëdzół
Inflect Marek | N;MAL;SG	Marek
Inflect Pòle | N;VOC(SG)	Polo
Inflect strzédnowieczny | ADJ;GEN(MASC,PL)	strzédnowiecznëch
Inflect Bòcón | N;NOM(MASC,SG)	Bòcón
Inflect elektricznosc | N;GEN(SG)	elektricznoscë
Inflect Ùnieszënka | N;GEN(SG)	Ùnieszynczi
Inflect zapadnica | N;NOM(SG,MASC)	zapadniãcu
Inflect òkrãżëc | V;PRS;3;PL	òkrążą
Inflect mòżnowładzca | N;DAT(PL)	mòżnowładcóm
Inflect miónkôrz | N;NOM(SG)	miónkôrz
Inflect miónkôrz | N;NOM(MASC,PL)	miónkôrzy
Inflect miónkôrz | N;INS(SG,MASC)	miónkôrzã
Inflect bòsczi | ADJ;GEN(MASC,SG)	bòsczégò
Inflect Bóg | N;GEN(MASC,SG)	Bòżégòżebë
Inflect Bóg | N;ACC(MASC,SG)	Bóga
Inflect skùtkòwno | ADV	skùtkòwno
Inflect wieszczówka | N;DAT(PL)	wieszczówkóm
Inflect LewKiedrowska | N;NOM(FEM,SG)	LewKiedrowska
Inflect Saponaria | N;NOM(SG)	Saponaria
Inflect przëcygnąc | V;V;PTCP;NEUT;NFIN	przëcygniãcé
Inflect ofiara | N;ACC(SG)	ofiarã
Inflect Pòczątek | N;NOM(PL)	Pòczątczi
Inflect familia | N;NOM(SG)	familia
Inflect familia | N;FUT;DAT(PL)	familiach
Inflect familia | N;F;NOM(SG)	familie
Inflect krëchi | ADJ;NOM(MASC,SG)	krëchi
Inflect papjéżëna | N;ABL(FEM,SG)	papieżënë
Inflect Rudolf | N;ACC(SG)	Rudolfa
Inflect płachczka | N;INS(PL)	plachckama
Inflect zapłacëc | V;INF	zapłacëc
Inflect Magnez | N;NOM(SG)	Magnez
Inflect Bóg | ADJ;VOC(SG,MASC)	Bòżé
Inflect nôùka | N;F,P;GEN(PL)	nôùków
Inflect Przegroda | N;NOM(PL)	Przegrodë
Inflect rëchtowanié | V;GER;DAT(SG)	rëchtowanim
Inflect platynowy | ADJ;GEN(MASC,SG)	platynowégò
Inflect Krzëszlôk | N;NOM(SG)	Krzëszlôk
Inflect samnica | N;NOM(SG)	samnica
Inflect Kamianô | ADJ;NOM(FEM,SG)	Kamiané
Inflect Spòdlëczny | ADJ;NOM(MASC,SG)	Spòdlëczny
Inflect przitka | N;ACC(SG)	przitczé
Inflect mòcno | ADV	mòcno
Inflect Lodofôłt | N;NOM(SG)	Lodofôłt
Inflect ùkrziżowanié | N;LOC;SG	ùkrziżowanim
Inflect Stanford | N;GEN(MASC,SG)	Stanforda
Inflect zëma | N;ACC(SG)	zëmą
Inflect ekonomiczny | ADJ;MASC;SG;LOC	ekonomicznym
Inflect ekonomiczny | ADJ;ACC(FEM,SG)	ekonomiczną
Inflect faktùra | N;NOM(SG)	faktura
Inflect pôłniowòpòrénkòwi | ADJ;INS(MASC,SG)	pôłniowòpòrénkòwim
Inflect Tuszkòwskô | ADJ;NOM(FEM,SG)	Tuszkòwskô
Inflect Arizona | N;NOM(SG)	Arizona
Inflect Arizona | N;LOC;SG	Arizonie
Inflect Òlëwa | N;VOC(SG)	Òlëwie
Inflect pòlo | N;NOM(SG,NEUT)	pòlo
Inflect Mickewicz | N;GEN(PL)	Mickewiczów
Inflect Rakiétka | N;NOM(SG,FEM)	Rakiétka
Inflect Mastalerz | N;NOM(MASC,SG)	Mastalerz
Inflect stoła | N;ACC(SG)	Stołã
Inflect point | N;NOM(SG)	Point
Inflect atomòwi | ADJ;NOM(FEM,SG)	atomòwô
Inflect mùl | N;GEN(PL)	mùłów
Inflect wësokji | ADJ;NOM(FEM,SG)	wësokô
Inflect jigrzëska | N;LOC;PL	jigrzëskach
Inflect jigrzëska | N;GEN(PL)	jigrzësków
Inflect szabla | N;NOM(SG)	szabla
Inflect szabla | N;ACC(SG)	szablã
Inflect szabla | N;DAT(FEM,SG)	szablé
Inflect niebezpieczny | ADJ;NOM(MASC,SG)	niebezpieczno
Inflect niebezpieczny | ADJ;NOM(MASC,SG)	niebezpieczny
Inflect niebezpieczny | ADJ;NOM(FEM,SG)	niebezpiecznô
Inflect mieszkaniec | N;GEN(PL)	mieszkańców
Inflect òbszarë | N;NOM(PL)	òbszarë
Inflect grenlandzczi | ADJ;DAT(MASC,PL)	grenlandzczich
Inflect wpłiw | N;ACC(SG)	wpłiwã
Inflect rëwalizowac | V;INF	rëwalizowac
Inflect pastórz | N;NOM(SG)	pasturz
Inflect kam | N;NOM(FEM,SG)	kamnô
Inflect pòrénk | N;NOM(SG)	pòrénk
Inflect pòrénk | N;GEN(SG)	pòrénkù
Inflect Rodzaj | N;NOM(SG)	Rodzaj
Inflect wëdôwizna | N;NOM(SG)	wëdôwizna
Inflect konflikt | N;NOM(MASC,SG)	konflikt
Inflect bùdowa | N;LOC;SG	bùdowie
Inflect dzelo | N;GEN(SG)	dzeła
Inflect żôłniérz | N;DAT(SG)	żôłniérzã
Inflect żôłniérz | N;PL	żôłniérzë
Inflect istnienie | N;GEN(SG)	istnienia
Inflect miemieckù | ADJ;ACC(FEM,SG)	miemieckù
Inflect ògardzë | V;NFIN	ògardze
Inflect wëmrzenié | N;GEN(SG)	wëmrzeniô
Inflect stalëc | N;DAT(SG)	stalacu
Inflect stalëc | V;NFIN	stalacym
Inflect diecezjô | N;F;NOM(SG)	diecezjô
Inflect niedrig | ADJ;M;NOM(SG)	niedrëch
Inflect sfera | N;LOC;SG	sferze
Inflect sfera | N;NOM(PL)	sferë
Inflect sfera | N;INS(SG)	sferą
Inflect Sobaeksan | N;ACC(SG)	Sobaeksan
Inflect kùgla | N;NOM(PL)	kùgli
Inflect gònizna | N;NOM(FEM,SG)	gònizna
Inflect słëszec | V;CVB;PRS;ACT	słëszącë
Inflect òrginalnô | ADJ;F;ACC(SG)	òrginalnu
Inflect Biôdôk | N;ACC(SG)	Biôdôkã
Inflect mërta | N;F;NOM(SG)	mërta
Inflect refren | N;ACC(SG)	refrenã
Inflect refren | N;ACC(PL)	refrenë
Inflect tak | ADJ;NOM(FEM,SG)	takô
Inflect osobliwość | N;LOC;PL	osobliwościach
Inflect pamiãc | N;GEN(SG)	pamiãcë
Inflect pamiãc | N;ACC(SG)	pamiãcą
Inflect kòmbìnacjô | N;NOM(SG)	kombinacjô
Inflect blisko | ADV	blisko
Inflect Piotr | N;GEN(MASC,SG)	Piotra
Inflect Farwnosc | N;NOM(FEM,SG)	Farwnosc
Inflect òwòc | N;GEN(PL)	òwòców
Inflect Celuloid | N;GEN(SG)	Celuloidu
Inflect tłësti | ADJ;NOM(MASC,SG)	tłësti
Inflect ptôch | N;MASC;SG	ptôch
Inflect ptôch | N;GEN(SG)	ptôcha
Inflect ptôch | N;LOC;PL	ptôchach
Inflect ptôch | N;INS(PL)	ptôchama
Inflect ptôch | N;VOC(PL)	ptôche
Inflect ptôch | N;NOM(PL)	ptôchë
Inflect ptôch | N;GEN(PL)	ptôchów
Inflect gród | N;NOM(SG)	Grôd
Inflect mònéta | N;NOM(PL)	mònétë
Inflect młodzéż | N;VOC(FEM,SG)	młodzéżô
Inflect tłokowò | ADJ;VOC(MASC,SG)	tłokòwe
Inflect wilczë | ADJ;NOM(FEM,SG)	wilczô
Inflect pòklôsztorny | ADJ;INS(MASC,SG)	pòklôsztornym
Inflect Miemiec | N;NOM(PL)	Miemcë
Inflect morfologia | N;GEN(PL)	Tërków
Inflect Gòspòdëniô | N;GEN(PL)	Gòspòdëniów
Inflect miotła | N;NOM(SG,FEM)	Miotła
Inflect Folwark | N;M3;NOM(SG)	Folwark
Inflect Kongres | N;ACC(SG)	Kongresu
Inflect sztôtek | N;VOC(SG)	sztôtuje
Inflect Rhoda | N;NOM(SG,FEM)	Rhoda
Inflect Artur | N;GEN(SG)	Artusa
Inflect Miemca | N;LOC;PL	Miemcach
Inflect krëjamny | ADJ;INS(MASC,SG)	krëjamnym
Inflect tacewny | ADJ;INS(MASC,SG)	tacewnym
Inflect liryka | N;NOM(SG)	Liryka
Inflect krëkowatëch | ADJ;DAT(PL,MASC,ANIM)	krëkowatëch
Inflect Włocławek | N;LOC;SG	Włocławku
Inflect wkłôdanié | N;LOC;SG;NEUT	wkłôdaniu
Inflect òbsôdzac | V;INF	òbsôdzac
Inflect patrioticzny | ADJ;NOM(FEM,SG)	patrioticzné
Inflect patrioticzny | ADJ;GEN(MASC,PL)	patrioticznëch
Inflect ôrtną | V;NFIN	ôrtną
Inflect aerodynamika | N;NOM(FEM,SG)	aerodyna
Inflect Ukrajina | N;LOC;SG;FEM	Ùkrajinie
Inflect czerwonô | ADJ;NOM(FEM,SG)	czerwonô
Inflect Sychta | N;NOM(PL)	Sychty
Inflect zëmòwi | ADJ;INS(MASC,SG)	zëmòwim
Inflect apòkrifa | N;NOM(PL)	apòkrifë
Inflect akcja | N;NOM(PL)	akcje
Inflect akcja | N;ACC(SG)	akcjã
Inflect turista | N;GEN(MASC,PL)	turistów
Inflect nôczãsto | ADV	nôczãsto
Inflect protokół | N;LOC;SG	protokole
Inflect protokół | N;GEN(PL)	protokòłów
Inflect mòrzé | N;VOC(SG)	mòrzé
Inflect pãcherza | N;GEN(SG)	pãcherziczi
Inflect antologijô | N;NOM(SG)	antologijô
Inflect pószëkùm | N;DAT(PL)	pószëkù
Inflect grëp | N;NOM(PL)	grëpë
Inflect zunifikòwóné | V;PPAS;NEUT;SG	zunifikòwóné
Inflect niesmiertelnik | N;NOM(SG)	niesmiertelnik
Inflect Dzëwô | ADJ;NOM(FEM,SG)	Dzëwô
Inflect snôżota | N;ACC(FEM,SG)	snôżosc
Inflect snôżota | N;INST;SG	snôżotã
Inflect snôżota | N;FEM;PL	snôżotë
Inflect białk | N;GEN(PL)	białków
Inflect zòrganizowac | V;VFIN;INF	zòrganizowac
Inflect zòrganizowac | V;INF	zòrganizérowac
Inflect ògłôszac | V;PST;3;PL	ògłôszelë
Inflect kaszëbsczi | ADJ;INS(MASC,SG)	kaszebszczim
Inflect corôz | ADV	corôz
Inflect Pòłabsczi | ADJ;NOM(MASC,SG)	Pòłabsczi
Inflect grób | N;GEN(PL)	grobów
Inflect grób | N;GEN(PL)	grobówc
Inflect grób | N;GEN(SG)	grobù
Inflect białô | ADJ;ACC(FEM,SG)	biôłą
Inflect dzec | N;DAT(PL)	dzecòm
Inflect pasja | N;GEN(PL)	pasjów
Inflect zrzesznica | N;F;NOM(SG)	zrzesznica
Inflect Grónowsczi | ADJ;NOM(MASC,SG)	Grónowsczi
Inflect wëznaczony | ADJ;MASC;INST;SG	wëznaczonym
Inflect kultura | N;GEN(SG)	kultury
Inflect kultura | N;INST;SG	kulturą
Inflect vzsmrȯčnô | ADJ;ACC(FEM,SG)	smroczno
Inflect Zakopane | N;F;NOM(SG)	Zakopane
Inflect Zakopane | N;LOC;SG	Zakopanem
Inflect walezc | V;NFIN;INF	wëlezc
Inflect dama | N;DAT(FEM,SG)	Damme
Inflect kòrejańsczi | ADJ;ACC(MASC,SG)	kòrejańsczé
Inflect naùczëc | V;INF	naùczëc
Inflect Sobòta | N;NOM(PL)	Sobòtë
Inflect nóty | N;GEN(PL)	nótów
Inflect Kalisz | N;LOC;SG	Kaliszu
Inflect Izraél | N;NOM(SG)	Izraél
Inflect ùzdólniac | V;IRREG;NFIN;PRF	ùzdolnienia
Inflect przedslédny | ADJ;NOM(PL,MASC)	przedslédné
Inflect strôszëc | V;INF	strôszëc
Inflect deser | N;GEN(PL)	deserów
Inflect słowò | N;NOM(PL)	słowë
Inflect słowò | N;ABL(FEM,SG)	słowò
Inflect jesén | N;GEN(SG)	jeséni
Inflect jesén | N;INS(SG)	jesénią
Inflect grańca | N;ACC(SG)	grańcą
Inflect drózdowaty | ADJ;DAT(MASC,PL)	drózdowatëch
Inflect równia | N;F;ACC(SG)	równią
Inflect òstróga | N;LOC;PL	òstrowach
Inflect Òjcowsczi | ADJ;INS(SG,MASC)	Òjcowsczim
Inflect gwar | N;GEN(FEM,SG)	gwarë
Inflect brëkwóné | ADJ;DAT(FEM,PL)	brëkwóné
Inflect zwón | N;NOM(PL)	zwóny
Inflect zwón | N;INS(SG)	zwónym
Inflect zwón | N;NOM(PL)	zwónë
Inflect zwón | N;GEN(PL)	zwónëch
Inflect zwón | N;F;NOM(SG)	zwónô
Inflect zwón | N;INS(SG)	zwônym
Inflect Pòmòreńcowie | N;NOM(MASC,PL)	Pòmòreńcowie
Inflect pòdajny | ADJ;NOM(MASC,SG)	pòdajny
Inflect Tupadło | N;LOC;SG	Tupadły
Inflect Chorenza | N;NOM(FEM,SG)	Charenza
Inflect Simón | N;NOM(MASC,SG)	Simón
Inflect astrónoma | N;ACC(FEM,SG)	astronomã
Inflect Słowò | N;ACC(SG)	Słowã
Inflect Słowò | N;NOM(SG,NEUT)	Słowò
Inflect Warmia | N;GEN(SG)	Warmii
Inflect kònspiracja | N;GEN(SG)	kònspiracji
Inflect brac | N;GEN(SG)	brata
Inflect dali | ADV	dalej
Inflect rok | N;GEN(PL)	rokǜ
Inflect teren | N;GEN(SG)	terenu
Inflect teren | N;GEN(PL)	terenów
Inflect prawa | ADJ;NOM(FEM,SG)	prawnô
Inflect Swiãti | ADJ;NOM(MASC,SG)	Swiãti
Inflect rosëna | N;NOM(FEM,SG)	rosëna
Inflect brzod | N;GEN(PL)	brzadów
Inflect Novoselic | N;GEN(SG)	Novoselic
Inflect sąsiedni | ADJ;MDR;INS(SG)	sąsednim
Inflect swiãtë | N;LOC;PL	swiãtëch
Inflect kòrzësc | N;DAT(SG)	kòrzëscë
Inflect prorok | N;GEN(SG)	proroka
Inflect brat | N;NOM(PL)	bracia
Inflect rugby | N;NOM(SG)	rugby
Inflect trzóda | N;NOM(SG)	trzóda
Inflect jednak | ADV	jednak
Inflect greńca | N;ACC(SG)	greńcã
Inflect greńca | N;GEN(SG)	greńcë
Inflect dwùpiennô | ADJ;NOM(FEM,SG)	dwùpiennô
Inflect pneumaticzny | ADJ;NOM(FEM,SG)	pneumaticznô
Inflect alkòhòl | N;GEN(SG)	alkòhòlu
Inflect cerkiew | N;GEN(SG)	cerkwi
Inflect cerkiew | N;NOM(PL)	cerkwie
Inflect zbùdowóny | ADJ;NOM(FEM,SG)	zbùdowónô
Inflect cwiardi | ADJ;NOM(MASC,SG)	cwiardi
Inflect nieprządka | N;GEN(PL)	nieprządk
Inflect religijô | N;GEN(PL)	religijów
Inflect sãmò | ADJ;GEN(MASC,SG)	sómégò
Inflect rozmajitic | V;NFIN	rozmajiti
Inflect sąsedny | ADJ;GEN(MASC,SG)	sąsednégò
Inflect òchrona | N;NOM(SG)	òchrona
Inflect òchrona | N;LOC;SG;FEM	òchronie
Inflect pògańskji | ADJ;GEN(MASC,PL)	pogańsczich
Inflect brilant | N;GEN(PL)	brilantów
Inflect padalec | N;NOM(SG,MASC)	padalc
Inflect wëbrelë | V;PRF;3;PL	wëbrelë
Inflect registr | N;GEN(PL,MASC)	registrów
Inflect minystra | N;ACC(SG)	minystra
Inflect Niewybuch | N;NOM(PL)	czarownice
Inflect szafa | N;GEN(SG)	szafë
Inflect Sartawica | N;NOM(PL)	Sartawice
Inflect recepta | N;ACC(SG)	receptë
Inflect zrzeszenié | N;GEN(SG)	Zrzeszeniô
Inflect perłowi | ADJ;MASC;PRED;SG	perłowatégò
Inflect ekwiwaleńt | N;INST;PL	ekwiwaleńtama
Inflect zómk | N;NOM(SG)	zómk
Inflect zómk | N;GEN(SG)	zómkù
Inflect wentil | N;NOM(SG)	wentil
Inflect pùchacz | N;NOM(PL)	pùchacze
Inflect zbòże | N;GEN(PL)	zbòżów
Inflect drzéwiónko | N;INST;PL	drzéwiãtama
Inflect hańdlowi | ADJ;ACC(FEM,SG)	hańdlową
Inflect dùgòsc | N;F;GEN(SG)	dùgòscë
Inflect Lëteracczi | ADJ;GEN(FEM,SG)	Lëteracczi
Inflect Kónwencjô | N;F;GEN(SG)	Kónwencji
Inflect propaganda | N;DAT(SG)	propagandze
Inflect Néwa | N;ACC(SG)	Newadą
Inflect prorektorã | N;ACC(SG)	prorektorã
Inflect wespółczasno | ADV	wespółczasno
Inflect brzad | N;ACC(MASC,SG)	brzadu
Inflect pòsobnô | ADJ;NOM(NEUT,SG)	pòsobné
Inflect harmònijny | ADJ;ACC(FEM,SG)	harmònijné
Inflect Karël | N;GEN(MASC,PL)	Karlowych
Inflect szpital | N;M3;NOM(SG)	Hospital
Inflect skroda | N;GEN(PL)	skrodz
Inflect wiãkszość | N;GEN(SG)	wiãkszoscy
Inflect Mòkrë | ADJ;NOM(PL,MASC,INAN)	Mòkri
Inflect Mòkrë | ADJ;NOM;VOC(PL,MASC)	Mòkré
Inflect mur | N;GEN(PL)	murów
Inflect Ùstawodôwca | N;NOM(FEM,SG)	Ùstawodôwcza
Inflect rozwiać | V;IND;PST;NFIN	rozwiajało
Inflect przekaz | N;GEN(PL)	przekazów
Inflect dynastëja | N;FEM;LOC;SG	dynastëji
Inflect Eucharistia | N;ACC(SG,FEM)	Eucharistią
Inflect scelëna | V;NFIN	scëlac
Inflect Spôdkòwiznë | N;GEN(SG)	Spôdkòwiznë
Inflect stążka | N;NOM(SG)	stóżka
Inflect kilogram | N;GEN(SG,FEM)	kilograma
Inflect Rubinstein | N;NOM(SG)	Rubinstein
Inflect zorta | N;GEN(PL)	zortów
Inflect bagnach | N;LOC;PL	bagnach
Inflect sãdzëc | V;IMP;2;SG	sedzi
Inflect ògònk | N;GEN(PL)	ògònkow
Inflect galerija | N;LOC;PL	galerijach
Inflect westrzédny | ADJ;INS(MASC,SG)	westrzédnym
Inflect westrzédny | ADJ;DAT(MASC,PL)	westrzédnëch
Inflect brómka | N;NOM(SG)	brómka
Inflect brómka | N;ACC(SG,FEM)	brómkã
Inflect leżec | V;NFIN	leże
Inflect zwëk | N;LOC;PL	zwëkach
Inflect zwëk | N;INST;SG	zwëkiem
Inflect zwëk | N;GEN(PL)	zwëkow
Inflect zwëk | N;GEN(SG)	zwëku
Inflect zwëk | N;INST;SG	zwëkã
Inflect wspòmòc | V;INF	wspòmòc
Inflect gazela | N;NOM(SG)	Gazela
Inflect Piwa | N;GEN(FEM,SG)	Piwa
Inflect Gduńsk | ADJ;INS(MASC,SG)	Gduńsczim
Inflect Gduńsk | ADJ;GEN(MASC,SG)	Gduńsczégò
Inflect Gduńsk | N;NOM(MASC,SG)	Gduńsk
Inflect Gduńsk | N;GEN(SG,MASC)	Gduńska
Inflect Gduńsk | N;LOC;SG	Gduńsku
Inflect kanał | N;NOM(SG)	kanał
Inflect kanał | N;ACC(SG)	kanału
Inflect bitwac | N;GEN(SG)	bitwë
Inflect wòdny | ADJ;NOM(MASC,SG)	wòdni
Inflect wòdny | ADJ;NOM(MASC,SG)	wòdny
Inflect wòdny | ADJ;GEN(PL,MASC,ANIM)	wòdnëch
Inflect wòdny | ADJ;NOM(FEM,SG)	wòdnô
Inflect pomału | ADV	pomału
Inflect cwëk | N;NOM(SG)	cwëk
Inflect czôs | N;NOM(PL)	Czasy
Inflect Bërczk | N;DAT(PL)	Bërczk
Inflect przyjënk | V;NFIN	przëjąc
Inflect nawrócenié | N;NOM(SG)	Nawrócenié
Inflect Lëch | N;NOM(MASC,SG)	Lëchim
Inflect tidzeństwò | N;LOC;PL	tidzeniach
Inflect sowiecki | ADJ;GEN(MASC,PL)	sowiecczich
Inflect nôdgroda | N;GEN(FEM,SG)	nôdgród
Inflect Kòszëla | N;NOM(SG)	Kòszëla
Inflect zjestk | N;GEN(SG)	zjestkù
Inflect chléb | ADJ;INS(MASC,SG)	chlébòwim
Inflect elekcjô | N;NOM(SG)	elekcёjô
Inflect peperlek | N;GEN(PL)	peperlëszków
Inflect szpiek | N;NOM(SG)	szpiek
Inflect fónkcjô | N;ACC(SG)	fónkcjã
Inflect fónkcjô | N;GEN(PL)	fónkcjôw
Inflect robic | V;NF;PTCP;NFIN	robieniô
Inflect robic | V;PST;3;PL	robile
Inflect zarost | N;LOC;PL	zarostach
Inflect informacja | N;GEN(PL)	informacjów
Inflect przewòdzić | V;IMP;2;SG	przewòdze
Inflect diôbli | N;NOM(PL)	Diôbli
Inflect swinia | N;ACC(PL)	Swiny
Inflect robotnic | N;DAT(FEM,PL)	robotnic
Inflect Mòskwa | N;GEN(SG)	Mòskwë
Inflect blaszk | N;ACC(SG)	blaszkã
Inflect blaszk | N;GEN(FEM,PL)	blaszków
Inflect Dalkòwsczi | N;DAT(PL)	Dalkòwsczima
Inflect cesarz | N;GEN(SG)	cesarza
Inflect Mòkszón | N;GEN(PL)	Mòkszónów
Inflect państwòwy | ADJ;NOM(MASC,SG)	państwòwy
Inflect zdrëszëna | N;NOM(FEM,SG)	zdrëszëna
Inflect Cézanne | N;NOM(SG)	Cézanne
Inflect szlach | N;GEN(SG)	szlachu
Inflect artista | N;F;NOM(SG)	artista
Inflect sparłączënié | V;NFIN;VNN	sparłączënié
Inflect szérzawa | N;FEM;LOC;SG	szérzawë
Inflect żëcë | N;DAT(SG)	żëcy
Inflect rozegróny | ADJ;NOM(MASC,SG)	rozegróny
Inflect generalno | ADV	generalno
Inflect radiô | N;DAT(SG)	radiu
Inflect òkrągły | ADJ;NOM(MASC,SG)	òkrągły
Inflect rozyna | N;F;INS(PL)	rozynama
Inflect pòzwëc | V;INF	pòzwanié
Inflect pòpùlarny | ADJ;ACC(MASC,SG)	pòpùlarnégò
Inflect pòpùlarny | ADJ;NOM(FEM,SG)	pòpùlarnô
Inflect Dobieszowice | N;LOC;PL	Dobieszowicach
Inflect òptica | ADJ;GEN(PL)	òpticznëch
Inflect wipłiwac | V;3;SG;FUT	wipłiwô
Inflect Labùdda | N;F;NOM(SG)	Labùdda
Inflect centrum | N;NOM(SG,NEUT)	centrum
Inflect centrum | N;ACC(SG)	centróm
Inflect Pòbłocé | N;GEN(SG)	Pòbłocégò
Inflect antyłopa | N;GEN(PL,MASC)	antilopów
Inflect Wëstãpùjąc | V;NFIN;PRS;IMPF	Wëstãpùjąc
Inflect Kraina | N;NOM(SG)	Kraina
Inflect majątk | N;DAT(SG)	majątkù
Inflect Méstrów | N;GEN(PL)	Méstrów
Inflect Skòwrónk | N;NOM(SG)	Skòwrónk
Inflect pobożny | ADJ;NOM(PL,MASC)	pobożni
Inflect Dober | ADJ;NOM(MASC,SG)	Dober
Inflect statk | N;NOM(SG)	statk
Inflect statk | N;ACC(SG)	statkã
Inflect Anita | N;ACC(SG,FEM)	Anitę
Inflect miôstk | N;LOC;PL	miéwstwach
Inflect kwas | N;NOM(MASC,SG)	kwas
Inflect kategoria | N;GEN(SG)	kategorii
Inflect szwedzczi | ADJ;GEN(MASC,SG)	szwédzczégò
Inflect Krëk | N;NOM(PL)	Krëczczi
Inflect pamiãc | N;ACC(FEM,SG)	Pamiãc
Inflect pòchòdzenié | N;GEN(SG)	pòchodzeniô
Inflect pòchòdzenié | N;INS(SG)	pòchòdzenim
Inflect pòchòdzenié | N;NOM(SG)	pòchòdzenié
Inflect pòchòdzenié | N;INS(SG)	pòchòdzeniém
Inflect pòchòdzenié | N;GEN(SG)	pòchòdzeniô
Inflect ciepłi | ADJ;NOM(MASC,PL)	cepłi
Inflect ògromny | ADJ;NOM(FEM,SG)	ògromna
Inflect ògromny | ADJ;NOM(FEM,SG)	ògromné
Inflect akacja | N;DAT(FEM,SG)	akacje
Inflect DĄBÒWI | ADJ;NOM(PL,MASC)	Dãbòwé
Inflect ùprawa | N;GEN(PL)	ùpraw
Inflect rewòlucjô | N;NOM(SG)	rewòlucjô
Inflect azymùt | N;GEN(SG)	azymùtu
Inflect pewien | ADJ;MASC;PRED;SG	pewien
Inflect piéck | N;NOM(SG)	piéck
Inflect piéck | N;ACC(SG)	piéckã
Inflect katédra | N;F;ACC(SG)	katédrą
Inflect drzéwca | N;ACC(SG)	drziwca
Inflect Ceszac | V;IMP;NEG;2	Ceszã
Inflect kòlonia | N;LOC;PL	kòloniach
Inflect jinwesticëjó | N;GEN(PL)	jinwesticëjów
Inflect kategòriô | N;NOM(PL)	kategòrie
Inflect lëdowi | ADJ;NOM(MASC,SG)	lëdowi
Inflect lëdowi | ADJ;MASC;INST;PL	lëdowima
Inflect lëdowi | ADJ;NOM(FEM,SG)	lëdowé
Inflect lëdowi | ADJ;DAT(PL,MASC)	lëdowëch
Inflect swiãcenié | N;GEN(SG)	swiãcenia
Inflect rozszerzenie | N;NOM(SG)	rozszérzenié
Inflect płótno | N;DAT(SG)	płócienku
Inflect płótno | N;NOM(SG,NEUT)	płótno
Inflect pòmali | ADV	pòmalni
Inflect szlachòwny | ADJ;INS(SG,MASC)	szlachòwnym
Inflect Czechosłowacjô | N;NOM(SG,FEM)	Czechosłowacjô
Inflect Książka | N;NOM(PL)	Książki
Inflect Sobòrze | N;DAT(SG,MASC)	Sobòrze
Inflect personalny | ADJ;NOM(PL,MASC)	personalné
Inflect Pôchnąc | V;NFIN;PRF	Pôchnący
Inflect Rzim | N;MASC;SG;INE	Rzim
Inflect pióro | N;GEN(SG)	pióra
Inflect pióro | N;GEN(PL)	piórów
Inflect pióro | N;GEN(SG)	piôra
Inflect Płot | N;GEN(SG)	Płota
Inflect jednojizbòwi | ADJ;NOM(MASC,SG)	jednojizbòwi
Inflect spadnąć | V;FUT;PL;IMP	spadną
Inflect wiśnia | N;NOM(SG,FEM)	Wisznia
Inflect damp | N;GEN(PL,MASC)	damkùw
Inflect pismó | N;LOC;PL	pismach
Inflect chëcz | N;INS(PL)	chëczama
Inflect chëcz | N;NOM(PL)	chëcze
Inflect chëcz | N;GEN(SG)	chëczi
Inflect dôczëzna | N;ACC(SG)	dôczëznã
Inflect zapôdac | V;NFIN	zapôdac
Inflect Panteon | N;LOC;SG	Panteonie
Inflect krzebce | N;NOM(PL)	krzebce
Inflect sąd | N;GEN(SG)	sądu
Inflect sztudéra | N;GEN(PL)	sztudérów
Inflect Òkrãgłolëstny | ADJ;NOM(MASC,SG)	Òkrãgłolëstny
Inflect dzeczë | N;NOM(PL)	dzecy
Inflect grëbi | ADJ;NOM(MASC,SG)	grëbi
Inflect grëbi | ADJ;NOM(FEM,SG)	grëbô
Inflect grëbi | ADJ;ACC(FEM,SG)	grëbą
Inflect pióno | N;GEN(SG)	pnia
Inflect Pismiono | N;NOM(NEUT,SG)	Pismiono
Inflect zagrać | V;PRF;NFIN	zagrało
Inflect Wiédza | N;NOM(FEM,SG)	wiédza
Inflect Płotka | N;NOM(SG,FEM)	Płotka
Inflect Villô | N;ACC(SG)	Villą
Inflect biografia | N;NOM(PL)	biografie
Inflect Flatow | N;NOM(SG)	Flatow
Inflect sùńce | N;VOC(SG)	sùńca
Inflect Wielopartijnô | ADJ;NOM(FEM,SG)	Wielopartijnô
Inflect papiórka | N;F;NOM(SG)	papiórka
Inflect wszelczi | ADJ;MSC;GEN(SG)	wszelczégò
Inflect Loitz | N;GEN(PL)	Loitzów
Inflect Emanuel | N;NOM(SG)	Emanuel
Inflect przezeblôkańc | N;DAT(PL)	przezeblôkańcowie
Inflect Poręba | N;F;NOM(SG)	Poręba
Inflect regùlarny | ADJ;GEN(MASC,PL)	regùlarnëch
Inflect Pòmoro | N;NOM(SG,MASC)	Pòmrowie
Inflect telewizjô | N;NOM(PL)	telewizje
Inflect telewizjô | N;GEN(SG)	telewizji
Inflect telewizjô | N;NOM(SG)	telewizjô
Inflect telewizjô | N;ACC(SG)	telewizją
Inflect historycznô | ADJ;NOM(FEM,SG)	historycznô
Inflect bòkadny | ADJ;NOM(FEM,SG)	bòkadné
Inflect bòkadny | ADJ;GEN(MASC,SG)	bòkadnégò
Inflect bòkadny | ADJ;GEN(PL,FEM)	bòkadnëch
Inflect Institucy | N;GEN(SG)	Instituce
Inflect białogłowi | ADJ;GEN(MASC,PL)	białogłowsczéch
Inflect nôzwëskò | N;VOC(PL)	nôzwëska
Inflect nôzwëskò | N;NOM(NEUT,SG)	nôzwëskò
Inflect nôzwëskò | N;GEN(PL)	nôzwësków
Inflect staw | N;NOM(MASC,SG)	Staw
Inflect kùńcowi | ADJ;NOM(PL,MASC)	kùńcowé
Inflect rzôdkòsc | N;ACC(SG)	rzôdkòscą
Inflect Wëdac | V;PCP;PASS;NFIN	Wëdóno
Inflect małi | ADJ;GEN(MASC,PL)	małich
Inflect małi | ADJ;NOM(MASC,SG)	mały
Inflect Strzëkòwka | N;NOM(SG)	Strzikówka
Inflect stôwk | N;ACC(SG)	Stôwk
Inflect trójny | ADJ;NOM(PL,MASC)	trójné
Inflect Jezësk | N;GEN(MASC,SG)	Jezëska
Inflect kòmin | N;NOM(PL)	kòminë
Inflect procëmnik | N;ACC(SG)	procëmnika
Inflect procëmnik | N;M;NOM(SG)	procëmnikã
Inflect bulgarski | ADJ;ACC(FEM,SG)	bulgarską
Inflect lëscaty | ADJ;PSSV	lëscaté
Inflect dóńc | V;INF	dóńc
Inflect dłudżi | ADJ;NOM(MASC,SG)	dłëdżi
Inflect Hùcuł | N;NOM(PL)	Hùcułowie
Inflect Łësënowi | N;DAT(SG,MASC)	Łësënowi
Inflect Pismión | N;GEN(PL)	Pismión
Inflect Maratończik | N;ACC(SG)	Maratończikã
Inflect sercnica | N;NOM(FEM,SG)	sercnica
Inflect klapra | N;NOM(SG)	klapra
Inflect ùrobic | V;NFIN	ùrobieniô
Inflect kategoria | N;ACC(SG,FEM)	kategorią
Inflect luridus | ADJ;NOM(MASC,SG)	luridus
Inflect kolekcëja | N;LOC;PL	kolekcëjoch
Inflect biôłich | ADJ;GEN(MASC,PL)	biôłich
Inflect rãka | N;ACC(SG)	rãkã
Inflect rãka | N;GEN(FEM,PL)	rãków
Inflect bliza | ADJ;ACC(FEM,SG)	blizë
Inflect pòłnie | N;LOC;SG	pòłniowi
Inflect Primula | N;NOM(SG)	Primula
Inflect Chemia | N;NOM(SG)	Chemiô
Inflect słowacczi | ADJ;INS(MASC,SG)	słowacczim
Inflect nôbożny | ADJ;ACC(MASC,PL)	nôbòżnëch
Inflect chôłmińskô | ADJ;NOM(FEM,SG)	chôłmińskô
Inflect Ferber | N;GEN;NOM(PL,MASC)	Ferberów
Inflect distribùcëjô | N;GEN(SG)	distribùcëji
Inflect distribùcëjô | N;ACC(SG)	distribùcëjã
Inflect distribùcëjô | N;NOM(SG)	distribùcëjô
Inflect distribùcëjô | N;ACC(SG)	distribùcëją
Inflect jednota | N;NOM(SG)	jednota
Inflect jednota | N;VOC(SG)	jednote
Inflect jednota | N;ACC(SG)	jednotë
Inflect jednota | N;GEN(PL)	jednotów
Inflect Gabriél | N;NOM(SG)	Gabriél
Inflect nôukòwi | ADJ;NOM(FEM,SG)	naukowa
Inflect villa | N;NOM(SG)	Villa
Inflect nowy | ADJ;GEN(PL,MASC)	nowёch
Inflect państwo | N;GEN(PL)	państw
Inflect państwo | N;GEN(SG)	państwa
Inflect państwo | N;LOC;PL	państwach
Inflect państwo | N;LOC;SG	państwie
Inflect państwo | N;INS(SG)	państwã
Inflect masło | N;DAT(PL)	masóm
Inflect masło | N;GEN(SG)	masła
Inflect masło | N;NOM(SG,NEUT)	masło
Inflect Biôłorusjô | N;DAT(SG)	Biôłorusje
Inflect pòstrzédnë | ADJ;GEN(MASC,PL)	pòstrzédnëch
Inflect Jón | N;GEN(SG)	Jóna
Inflect styl | N;GEN(SG)	stilu
Inflect Chònice | N;NOM(PL)	Chònice
Inflect kôrtka | N;NOM(SG)	kôrtka
Inflect niebo | N;GEN(SG)	nieba
Inflect nabłonek | N;F;GEN(SG)	nabłonka
Inflect Pałac | N;NOM(SG)	Pałac
Inflect Kòrejańskô | ADJ;NOM(FEM,SG)	Kòrejańsczé
Inflect Kòrejańskô | ADJ;NOM(FEM,SG)	Kòrejańskô
Inflect òdmiana | N;NOM(FEM,SG)	òdmian
Inflect òdmiana | N;NOM(FEM,SG)	òdmiana
Inflect Strzëc | V;IMP;PLB;2	Strzeżcie
Inflect energia | N;NOM(SG)	energia
Inflect energia | N;DAT(SG)	energie
Inflect energia | N;GEN(SG)	energii
Inflect energia | N;ACC(SG,FEM)	energiã
Inflect materiał | N;NOM(PL)	materiałë
Inflect materiał | N;GEN(PL)	materiałów
Inflect wëbiérk | N;NOM(PL)	wëbiérczi
Inflect wëbiérk | N;GEN(SG)	wëbiérkù
Inflect drema | N;ACC(PL)	dramë
Inflect zwierzã | N;GEN(PL)	zwierzãt
Inflect zwierzã | N;NOM(PL)	zwierzãta
Inflect Apòsztoł | N;GEN(SG)	Apòsztoła
Inflect ksążkowi | ADJ;VOC(MASC,SG)	ksążkòwi
Inflect mòżnosc | N;GEN(SG)	mòżnoscë
Inflect czędnik | N;GEN(PL,MASC)	cządników
Inflect płôszcz | N;GEN(SG)	płôszcza
Inflect płôszcz | N;NOM(PL)	płôszcze
Inflect rozmajitą | ADJ;ACC(FEM,SG)	rozmajitą
Inflect nagrac | V;NFIN;PRF	nagrac
Inflect Wieżice | N;NOM(PL)	Wieżice
Inflect serb | N;NOM(MASC,SG)	serb
Inflect tego | ADV	Tegô
Inflect baz | N;F;NOM(SG)	baza
Inflect wiérzta | N;NOM(PL)	wiérztë
Inflect spódël | ADJ;ACC(MASC,SG)	spódlé
Inflect Spòdlé | ADV;DER	Spòdlé
Inflect dziób | N;ACC(MASC,SG)	dzób
Inflect Markt | N;NOM(SG)	Marktl
Inflect figùra | N;GEN(PL)	figùrów
Inflect figùra | N;ACC(SG)	figùrą
Inflect nadelë | N;NOM(FEM,SG)	nadelë
Inflect węgiel | N;GEN(SG)	węgla
Inflect Agroturistika | N;NOM(SG)	Agroturistika
Inflect Festus | N;GEN(SG)	Festusa
Inflect niskac | V;NFIN;INF	niskã
Inflect Twórczosć | N;GEN(SG)	Twórczości
Inflect pùrchawica | N;NOM(SG,FEM)	pùrchawica
Inflect rzôkùk | N;GEN(SG)	zôkònu
Inflect Òblubieńc | N;ACC(SG)	Òblubieńcã
Inflect Karta | N;ACC(SG)	Kôrtã
Inflect centimetr | N;GEN(PL)	centimétrów
Inflect stan | N;LOC;PL	stanach
Inflect chlebążebë | N;DAT(SG)	chlebażebë
Inflect rut | N;DAT(PL)	rutama
Inflect latanie | N;LOC;SG	lataniu
Inflect pùstelnik | N;GEN(SG)	pùstelnika
Inflect sanatoriùm | N;NOM(SG)	sanatoriùm
Inflect stôrosłowiański | ADJ;GEN(MASC,SG)	stôrosłowiańsczégò
Inflect aparat | N;NOM(SG)	aparat
Inflect fòtografija | N;INS(SG)	fòtografią
Inflect Antykwium | N;ACC(SG)	Antiquum
Inflect archidiecezja | N;GEN(SG)	archidiecezji
Inflect Żarnówc | N;VOC(SG)	Żarnówcu
Inflect rekrutacja | N;NOM(SG)	rekrutacja
Inflect Filmòwców | N;GEN(PL)	Filmòwców
Inflect pòsła | N;GEN(PL)	pòsłów
Inflect kòmùnisticzny | ADJ;GEN(MASC,PL)	kòmùnisticznëch
Inflect kòmùnisticzny | ADJ;NOM(FEM,SG)	kòmùnisticznô
Inflect Imie | N;NOM(SG,NEUT)	Jimiã
Inflect pùdełkò | N;NOM(SG,NEUT)	pùdełkò
Inflect sówny | ADJ;NOM(MASC,SG)	Séwny
Inflect spôd | N;MASC;SG	spôdac
Inflect darzëc | V;IMP;PFV;PL2	darë
Inflect Leszczëna | N;NOM(SG)	Leszczëna
Inflect jednako | ADV	jednako
Inflect złotë | N;DAT(SG)	Złoti
Inflect strarenié | N;DAT(PL)	staranióm
Inflect wëmôva | N;LOC;SG	wëmòwie
Inflect Celinô | N;ACC(SG,FEM)	Celiną
Inflect diagnose | N;NOM(PL)	diasystemy
Inflect niezabôtka | N;NOM(SG)	niezabôtka
Inflect piekarz | N;DAT(PL)	piekarzóm
Inflect Pùchôcz | N;NOM(PL)	Pùchôcze
Inflect cknąc | V;INF	cknąc
Inflect redunice | N;FEM;PL	redunice
Inflect skùtk | N;ACC(SG,FEM)	skùtkã
Inflect Ùstôw | N;NOM(SG)	Ùstôw
Inflect Piãcoksãgù | N;GEN(SG)	Piãcoksãgù
Inflect Złocéńc | N;NOM(MASC,SG)	Złocéńc
Inflect Temza | N;NOM(FEM,SG)	Temza
Inflect rosnik | N;NOM(MASC,SG)	rosnik
Inflect mòc | V;FIN;1;PL	mòżemë
Inflect namnażać | V;NFIN	namnażac
Inflect gaz | N;GEN(SG)	gazu
Inflect Rządu | N;GEN(SG)	Rządu
Inflect Pierszô | ADJ;NOM(FEM,SG)	Pierszô
Inflect wzornictwo | N;LOC;SG;NEUT	wzornictwie
Inflect kwiecień | N;NOM(SG)	kwieceń
Inflect kwiecień | N;GEN(SG)	kwietnia
Inflect òbrzãd | N;NOM(PL)	òbrzãdë
Inflect sosnowsczi | ADJ;NOM(MASC,PL)	sosnowskyi
Inflect klasykòwi | N;DAT(FEM,SG)	klasykòwe
Inflect szlabizơwi | ADJ;ACC(FEM,SG)	szlabizowe
Inflect wiatrznia | ADJ;NOM(MASC,PL)	wietrzni
Inflect odznaczeńce | N;INST;PL	odznaczeniama
Inflect Chełmskô | ADJ;ACC(FEM,SG)	Chełmską
Inflect Ramzeza | N;ACC(SG)	Ramzes
Inflect zarëchòwac | V;INF	zarëchòwac
Inflect Héwelt | N;M;NOM(SG)	Héwelt
Inflect archeòlog | N;GEN(PL,MASC)	archeòlogów
Inflect wstanie | N;LOC;SG	wstaniu
Inflect wòlë | V;IMP;SG;2	wòli
Inflect krokòdilowati | ADJ;M;GEN(PL)	krokòdilowatëch
Inflect całë | ADJ;NOM(MASC,SG)	całi
Inflect krótłi | ADJ;NOM(MASC,SG)	Krótkò
Inflect Bibliotéka | N;NOM(SG)	Bibliotéka
Inflect wariacja | N;GEN(PL)	wariacjów
Inflect piesni | N;DAT(SG)	piesnie
Inflect kategorëja | N;ALL(FEM,PL)	kategorëji
Inflect szëka | V;PRS;3;SG	szëkã
Inflect dôrenk | N;NOM(PL)	dôrenczi
Inflect dzyrzgòsc | N;GEN(FEM,SG)	dzyrzkòscë
Inflect chëtka | N;GEN(PL)	chùtkò
Inflect wielerazowy | ADJ;NOM(SG,NEUT)	wielerazowò
Inflect Szczecin | N;LOC;SG	Szczecinie
Inflect Armeńskô | ADJ;GEN(MASC,SG)	Armeńsczégò
Inflect miód | N;GEN(SG)	miodu
Inflect miód | N;ACC(SG)	miodã
Inflect miód | N;GEN(SG,MASC)	miodë
Inflect òkno | N;GEN(SG)	ònóka
Inflect rëdówka | N;F;NOM(SG)	rëdówka
Inflect rodzëznô | N;DAT(SG)	rodzëżnë
Inflect chòrobò | N;VOC(PL)	chòrobë
Inflect lëchi | ADJ;GEN(MASC,SG)	lëchszégò
Inflect òchróna | N;GEN(SG)	òchrónë
Inflect òchróna | N;ACC(SG)	òchróną
Inflect nosëc | V;INF	nosëc
Inflect nosëc | V;PST;3;PL	nosёle
Inflect redota | V;NFIN	redotë
Inflect Wiôlgòlëstny | ADJ;NOM(SG,MASC)	Wiôlgòlëstny
Inflect król | N;NOM(SG)	King
Inflect pòdlecec | V;IMP;PF;NFIN	pòdlecy
Inflect dzëk | N;F;NOM(SG)	dzëkò
Inflect dzëk | ADJ;NOM(FEM,SG)	dzëkô
Inflect piestrzenia | N;GEN(FEM,SG)	piestrzenia
Inflect krok | N;NOM(PL)	kroczi
Inflect wësokòsc | N;NOM(SG)	wësokòsc
Inflect wësokòsc | N;LOC;PL	wësokòscach
Inflect wësokòsc | N;GEN(SG)	wësokòscë
Inflect Tigòdnik | N;NOM(SG)	Tigòdnik
Inflect zgniłozwiérz | N;NOM(SG)	zgniłozwiérz
Inflect zdół | N;ACC(SG)	zdôł
Inflect żëcé | N;NOM(SG)	żëcé
Inflect żëcé | N;GEN(SG)	żëcégò
Inflect żëcé | N;INS(SG)	żëcém
Inflect nëka | N;ACC(SG)	nëkã
Inflect liberalny | ADJ;ACC(FEM,SG)	liberalné
Inflect òrac | V;NFIN	òraniu
Inflect Nôwëższim | ADJ;MASC;PSSV;SG	Nôwëższim
Inflect prôwdzewò | ADJ;ACC(FEM,SG)	prôwdzëwą
Inflect rédża | N;ACC(SG)	rédźi
Inflect Aùto | N;NOM(SG)	Aùto
Inflect lôtac | V;PRS;3;SG	lôtac
Inflect Madżarz | N;NOM(PL)	Madżarzë
Inflect farwnik | N;GEN(PL)	farwników
Inflect Artëleriô | N;NOM(SG)	Artëleriô
Inflect festiwal | N;LOC;PL	festiwalach
Inflect Żukòwa | N;F;NOM(SG)	Żukòwa
Inflect spòwiédz | N;SG	spòwiédz
Inflect cãżkò | ADV	cãżkò
Inflect kòfer | N;LOC;PL	kòfrach
Inflect kòfer | N;NOM(PL)	kòfrë
Inflect róznë | ADJ;ACC(MASC,PL)	rózné
Inflect nazôd | ADV	nazôd
Inflect kòlegium | N;NOM(SG,NEUT)	kòlegium
Inflect darga | N;ACC(SG,FEM)	dargã
Inflect cepłota | N;NOM(SG)	cepłota
Inflect cepłota | N;ACC(SG)	cepłotã
Inflect cepłota | N;GEN(FEM,SG)	cepłotë
Inflect klasyfikòwac | V;INF	klasyfikòwac
Inflect Wiło | N;NOM(SG,FEM)	Wiła
Inflect jizba | N;NOM(SG,FEM)	jizba
Inflect jizba | N;LOC;SG	jizbie
Inflect jizba | N;GEN(SG)	jizbë
Inflect jizba | N;GEN(PL)	jizbów
Inflect Kaszubski | ADJ;GEN(MASC,SG)	Kaszubskiego
Inflect parta | N;ACC(SG)	partã
Inflect zómk | N;NOM(SG,MASC)	Zamek
Inflect taksonomia | N;GEN(SG)	taksonomii
Inflect Modlitewnik | N;NOM(SG)	Modlitewnik
Inflect aktualny | ADJ;NOM(MASC,SG)	aktualny
Inflect Nôtërë | N;NOM(FEM,SG)	Nôtërë
Inflect dwùjãzëczny | ADJ;NOM(MASC,SG)	dwùjãzëczny
Inflect znôwa | N;GEN(SG)	znôwù
Inflect òkragłi | ADJ;GEN(MASC,SG)	òkrãgłégò
Inflect dopisać | V;NFIN	dopisëją
Inflect czérënk | N;NOM(SG)	czérënk
Inflect Błoto | N;NOM(SG,NEUT)	Błoto
Inflect ògród | N;NOM(SG)	Ògród
Inflect méblowac | V;IND;SG;3	mébla
Inflect cherubin | N;GEN(PL,MASC)	cherubinów
Inflect stalë | N;DAT(SG)	stali
Inflect lëscëna | N;NOM(FEM,SG)	lëscëna
Inflect mòdelka | N;NOM(FEM,SG)	mòdelka
Inflect religja | N;LOC;PL	religiach
Inflect farbistosc | N;FEM;SG	farbistoscë
Inflect reprezentacja | N;GEN(SG)	reprezentacji
Inflect plac | N;GEN(SG)	placu
Inflect różek | N;ACC(SG)	różek
Inflect Poètka | N;GEN(FEM,PL)	Poets
Inflect Rãkawiczka | N;NOM(PL)	Rãkawiczczi
Inflect jakùbowi | ADJ;NOM(MASC,PL)	jakùbòwé
Inflect ekònomija | N;NOM(SG)	ekònomija
Inflect Swiãtô | ADJ;NOM(FEM,SG)	Swiãtô
Inflect lëczba | N;DAT(SG,FEM)	lëczbie
Inflect lëczba | N;GEN(SG)	lëczbë
Inflect lëczba | N;SG;INST	lëczbą
Inflect Młinarskji | ADJ;VOC(MASC,SG)	Młinarsczi
Inflect kòstrzewa | N;NOM(SG)	kòstrzewa
Inflect zaczãtk | N;GEN(SG)	zaczãtkù
Inflect Zelënca | N;NOM(FEM,PL)	Zelińtë
Inflect wлезц | V;INF	wlesc
Inflect emigracja | N;ACC(FEM,SG)	emigracje
Inflect komin | N;LOC;PL	kòminach
Inflect kòpónka | N;NOM(FEM,PL)	kòpónczi
Inflect Religijo | N;NOM(SG)	Religion
Inflect pòdwòdnë | ADJ;GEN(MASC,PL)	pòdwòdnëch
Inflect prostokątny | ADJ;NOM(MASC,SG)	prostokątny
Inflect Grec | N;NAT;NOM(PL,MASC)	Grecë
Inflect kradnãc | V;NFIN	dereje
Inflect krew | N;NOM(SG)	krew
Inflect przëbùdzenié | N;NEUT;SG	przëbùdzenié
Inflect biédny | ADJ;GEN(MASC,PL)	biédnëch
Inflect topnienié | N;GEN(SG)	topnieniô
Inflect czôpka | N;VOC(SG)	czôpce
Inflect czôpka | N;NOM(SG,FEM)	czôpka
Inflect kòminôrz | N;NOM(MASC,SG)	kòminôrz
Inflect kòminôrz | N;GEN(SG)	kòminôrza
Inflect amerikańsczi | ADJ;INS(MASC,SG)	amerikańsczim
Inflect welowac | V;INF	welowac
Inflect zwãk | N;NOM(PL)	infrazwãczi
Inflect Niesmiertelnik | N;NOM(MASC,SG)	Niesmiertelnik
Inflect wespólny | ADJ;NOM(NEUT,SG)	wespólne
Inflect Scabiosa | N;NOM(SG)	Scabiosa
Inflect narodzeni | N;INST;SG	narodzenim
Inflect Etniczny | ADJ;GEN(MASC,PL)	Etnicznëch
Inflect fòrma | N;ACC(SG)	fòrmą
Inflect Trzeci | ADJ;NOM(MASC,SG)	Trzeci
Inflect òbrot | N;ACC(SG)	òbrotã
Inflect òkò | N;VOC(PL)	òczë
Inflect òkò | N;GEN(PL)	òczów
Inflect wënka | V;NFIN	wënëkónô
Inflect sekunda | N;GEN(PL)	sekùndów
Inflect eskimoszczi | ADJ;PL	eskimosczé
Inflect stołowi | ADJ;GEN(MASC,SG)	Stołowégò
Inflect grzëmot | N;GEN(SG)	grzëmòtu
Inflect plata | N;VOC(SG)	platë
Inflect dzysdzëna | N;GEN(SG)	dzysdnia
Inflect rëcerz | N;NOM(PL)	ricérzé
Inflect sklep | N;LOC;SG	sklepie
Inflect przeszłośc | N;GEN(SG)	przeszłoscë
Inflect Chrzanów | N;NOM(SG)	Chrzanów
Inflect technika | N;DAT(SG)	technice
Inflect lëchtôrz | N;NOM(SG)	lëchtôrz
Inflect lëchtôrz | N;NOM(PL)	lëchtôrze
Inflect Serby | N;GEN(PL)	Serbów
Inflect przëzjôdka | N;F;INS(PL)	przëzjôdkama
Inflect pòtencjalny | ADJ;GEN(PL,MASC)	pòtencjalnëch
Inflect rozłam | N;LOC;SG	rozłamie
Inflect Ùdbòdôwca | N;INS(SG)	Ùdbòdôwcą
Inflect nôdługò | ADV;SUP	nôdłëżi
Inflect klima | N;LOC;SG	klimace
Inflect szëja | N;ACC(SG)	szëjã
Inflect zôgónk | N;LOC;PL	zôgónkach
Inflect Sztudér | N;GEN(PL)	Sztudérów
Inflect łapanô | V;CVB;PFV	łapanô
Inflect czwiôrti | ADJ;MASC;PSSV;SG	czwiôrti
Inflect Wierzbica | N;GEN(SG)	Wierzbiccë
Inflect braca | N;ACC(SG)	bracynã
Inflect zagadnienie | N;NOM(PL)	zagadnienia
Inflect delegacja | N;GEN(PL)	delegacjów
Inflect Praga | N;NOM(FEM,SG)	Praga
Inflect zelonawi | ADJ;ACC(FEM,PL)	zelonawé
Inflect wiérzchùje | V;3;SG;PRES	wiérzchùje
Inflect gduńskô | ADJ;VOC(MASC,SG)	gduńsczi
Inflect Traktat | N;NOM(SG)	Traktat
Inflect Traktat | N;GEN(SG)	Traktatu
Inflect mòwa | N;LOC;SG	mòwie
Inflect dorôstać | V;3;PL;PRS	dorôstają
Inflect notacja | N;GEN(FEM,SG)	notacji
Inflect swoi | ADJ;GEN(MASC,PL)	swojich
Inflect fragmeńc | N;DAT(SG,FEM)	fragmeńce
Inflect napisóny | ADJ;INS(MASC,SG)	napisónym
Inflect Wëcyganié | V;NFIN;GER	Wëcyganié
Inflect przedôwk | N;GEN(SG)	przedôwkù
Inflect òcean | N;NOM(PL)	òceanë
Inflect pòdchodzëc | V;3;PL;PRS	pòdchôdzą
Inflect Ministerstwo | N;NOM(SG,NEUT)	Ministerstwo
Inflect balticus | N;NOM(MASC,SG)	balticus
Inflect wôżny | ADJ;NOM(MASC,SG)	wôżny
Inflect jinstrument | N;GEN(SG)	jinstrumentu
Inflect jinstrument | N;ACC(SG)	jinstrumentã
Inflect jinstrument | N;GEN(PL)	jinstrumentów
Inflect rëterk | N;ACC(SG)	ruter
Inflect ułożëny | ADJ;ACC(MASC,SG)	ułożonégò
Inflect Ksãżëc | N;NOM(SG)	Ksãżé
Inflect Ksãżëc | N;NOM(MASC,SG)	Ksãżëc
Inflect Ksãżëc | N;ACC(SG)	Ksãżëca
Inflect lecënk | N;GEN(SG)	lecënkù
Inflect Niżawa | N	Niżawa
Inflect Niżawa | N;GEN(SG)	Niżawë
Inflect pradolëzna | N;F;DAT(SG)	pradolëznòm
Inflect Whiskey | N;NOM(SG)	Whiskey
Inflect jezoro | N;NOM(SG,FEM)	jezora
Inflect jezoro | N;LOC;PL	jezorach
Inflect biôtka | N;LOC;SG	biôtce
Inflect biôtka | N;GEN(SG)	biôtczi
Inflect biôtka | N;GEN(PL)	biôtkach
Inflect biôtka | N;GEN(PL)	biôtków
Inflect rosce | V;PRS;3;SG	Rosce
Inflect Białka | N;NOM(FEM,SG)	Białka
Inflect Białka | N;F;ACC(SG)	Białką
Inflect Turmalin | N;NOM(SG)	Turmalin
Inflect nawôłnica | N;LOC;SG	nawôłnicë
Inflect mandibula | N;F;NOM(SG)	mandibula
Inflect wiérztama | N;INS(PL)	wiérztama
Inflect jezoro | N;GEN(SG)	Jezora
Inflect mòżlëwòsc | N;GEN(PL)	mòżlëwosców
Inflect òpôdëc | V;NFIN	òpôdô
Inflect Pòst | N;NOM(SG)	Pòst
Inflect pòkazac | V;INF	pòkazac
Inflect pòkazac | V;IMP;PLB;NDF	pòkazë
Inflect kòmpatibilny | ADJ;GEN(MASC,PL)	kòmpatibilnëch
Inflect industrijô | N;NOM(SG)	industrëjô
Inflect Afganistan | N;LOC;SG	Afganistanie
Inflect stado | N;NOM(SG,NEUT)	stado
Inflect Grómadzëna | N;NOM(SG)	Gròmadzënò
Inflect òficjalny | ADJ;NOM(FEM,SG)	òficjalno
Inflect òficjalny | ADJ;MASC;SG;LOC	òficjalnym
Inflect òficjalny | ADJ;NOM(PL,MASC)	òficjalné
Inflect strefa | N;NOM(SG,FEM)	strefa
Inflect strefa | N;LOC;SG;F	strefie
Inflect drëdżi | ADJ;GEN(MASC,SG)	drëdżiégò
Inflect opisanié | N;NOM(SG)	opisanié
Inflect pùrchel | N;GEN(PL)	pùrclów
Inflect papia | N;GEN(SG)	papiéża
Inflect Ablacëjô | N;NOM(SG,FEM)	Ablacëjô
Inflect Krëjamnô | ADJ;GEN(FEM,SG)	Krëjamnej
Inflect Krëjamnô | ADJ;NOM(FEM,SG)	Krëjamnô
Inflect materiałô | N;INS(SG)	materiałã
Inflect snôżi | ADJ;NOM(MASC,SG)	snôżi
Inflect wroga | N;GEN(SG)	wrogò
Inflect prowincëjô | N;ACC(SG)	prowincëjé
Inflect prowincëjô | N;GEN(PL)	prowincëjów
Inflect prowincëjô | N;NOM(SG)	prowincëjô
Inflect prowincëjô | N;ACC(SG)	prowincëją
Inflect Padalc | N;NOM(PL)	Padalce
Inflect Pòzwa | N;NOM(SG)	Pòzwa
Inflect bëtnosc | N;NOM(FEM,SG)	bëtnosc
Inflect Saks | N;GEN(PL)	Saksów
Inflect acetosa | N;NOM(SG,FEM)	acetosa
Inflect przeżëc | V;INF	przeżëc
Inflect proces | N;GEN(SG)	procesu
Inflect proces | N;GEN(PL)	procesów
Inflect Mocny | ADJ;NOM(MASC,SG)	mocny
Inflect stadium | N;NOM(SG)	stadium
Inflect kąterowaty | ADJ;DAT(MASC,PL)	kąterowatëch
Inflect Jaskùlka | N;NOM(SG,FEM)	Jaskùlc
Inflect kłoska | N;NOM(PL)	kłoski
Inflect sobór | N;GEN(PL)	sobòrów
Inflect mùchówka | N;NOM(PL)	mùchówków
Inflect Plaškac | V;FIN;3;SG	Plaskati
Inflect blok | N;NOM(SG)	blok
Inflect blok | N;ACC(SG)	blokã
Inflect Leccinum | N;NOM(SG,NEUT)	Leccinum
Inflect Kaszubsko-pomorski | ADJ;GEN(MASC,SG)	KaszubskoPomorskiego
Inflect filozofijô | N;NOM(SG)	filozofijô
Inflect kòżdi | ADJ;ACC(MASC,SG)	każdégò
Inflect mistrzostwo | N;NOM(PL)	mistrzostwa
Inflect wespółrobòta | N;GEN(SG)	wespółrobòcë
Inflect wespółrobòta | N;ACC(SG)	wespółrobòtã
Inflect wespółrobòta | N;GEN(SG)	wespółrobòtë
Inflect miodownik | N;NOM(SG)	miodownik
Inflect Persczi | ADJ;NOM(MASC,PL)	Persczi
Inflect wëgòda | N;GEN(SG)	wëgòdë
Inflect Serwal | ADJ;NOM(MASC,SG)	Serwal
Inflect Jadowiti | ADJ;NOM(MASC,PL)	Jadowiti
Inflect czãsc | N;FEM;LOC;SG	czãsce
Inflect Kaszuby | N;NOM(PL)	Kaszuby
Inflect federacjô | N;SG;INST	federacją
Inflect ijékawskô | ADJ;GEN(MASC,SG)	ijekawsczégò
Inflect swiãcenie | N;GEN(PL)	swiãceniów
Inflect różnica | N;GEN(FEM,SG)	różnicë
Inflect rezydencjô | N;DAT(SG)	rezydencjë
Inflect warzëc | V;IMP;2;SG	warzë
Inflect warzëc | V;PST;3;PL	warzëlë
Inflect Kanada | N;NOM(PL)	Kanadze
Inflect Kanada | N;LOC;SG	Kanadzie
Inflect Kanada | N;ACC(FEM,SG)	Kanadë
Inflect wprzód | ADV	wprzód
Inflect bawie | V;PST;VOC(MASC,SG)	bawił
Inflect bezka | N;GEN(SG)	beczczi
Inflect óbzérac | V;INF	óbzéranié
Inflect òkrãżé | N;LOC;SG	òkrãżém
Inflect przemiana | N;NOM(FEM,SG)	przemiana
Inflect przemiana | N;ACC(SG)	przemianã
Inflect przemiana | N;GEN(PL)	przemianów
Inflect Japón | N;GEN(PL)	Japònów
Inflect zemòwc | ADJ;NOM(FEM,SG)	zemòwiska
Inflect elektrownia | N;DAT(SG)	elektrowniô
Inflect Jigra | N;F;NOM(PL)	Jigrë
Inflect biôłi | ADJ;NOM(PL,MASC)	biôłé
Inflect biôłi | ADJ;GEN(MASC,PL)	biôłëch
Inflect Kòwôlczi | N;DMR;NOM(PL)	Kòwôlczi
Inflect prowôdnik | N;INS(SG,MASC)	prowôdnikã
Inflect czerwionô | ADJ;NOM(FEM,SG)	czerwionô
Inflect jinstrument | N;ACC(MASC,SG)	jinstrumenta
Inflect jinstrument | N;LOC;PL	jinstrumentach
Inflect Préklowatô | ADJ;NOM(FEM,SG)	Préklowatô
Inflect Bòsniô | N;NOM(SG)	Bòsniô
Inflect pielgrzym | N;GEN(PL,MASC)	pielgrzymów
Inflect ślëba | N;GEN(SG)	slëbù
Inflect grãdz | N;ACC(MASC,SG)	grëdzéń
Inflect robòta | N;ACC(SG)	robòt
Inflect robòta | N;NOM(SG)	robòta
Inflect robòta | N;LOC;PL	robòtach
Inflect robòta | N;DAT(PL)	robòtama
Inflect mit | N;GEN(PL)	mitów
Inflect chléw | N;M3;NOM(SG)	chléw
Inflect wiôlgô | ADJ;NOM(FEM,SG)	wiôlgô
Inflect wikszosc | N;GEN(SG)	wikszoscë
Inflect zadanie | N;GEN(SG)	zadania
Inflect ògrańczënk | N;INST;SG	ògrańczenim
Inflect Global | ADJ;NOM(SG,MASC)	Global
Inflect maraton | N;ACC(MASC,SG)	maraton
Inflect litewka | N;NOM(FEM,SG)	litewka
Inflect rosnąc | V;NFIN	roscą
Inflect òkrąg | N;GEN(SG)	òkrãgù
Inflect katowicze | N;NOM(PL)	katowicczi
Inflect pòwrócenim | N;INS(SG)	pòwrócenim
Inflect parafia | N;NOM(SG)	parafia
Inflect parafia | N;LOC;PL	parafiach
Inflect mùzeum | N;DAT(SG)	mùzeùmù
Inflect christianiznô | N;ACC(FEM,SG)	christianiznë
Inflect dôwny | ADV	dôwni
Inflect sztiwny | ADJ;ACC(FEM,SG)	sztiwné
Inflect Scrofularia | N;NOM(SG)	Scrofularia
Inflect Senat | N;NOM(SG)	Senat
Inflect bòleść | N;FEM;LOC;SG	bòlescë
Inflect takt | N;ACC(MASC,SG)	takt
Inflect Słowiniec | N;GEN(PL)	Słowińców
Inflect Politiczi | N;NOM(PL)	Politiczi
Inflect rëchô | ADJ;NOM(FEM,SG)	rëchô
Inflect kùwerta | N;LOC;PL	kùwertach
Inflect gôdać | V;3;SG;FUT	gôdëszem
Inflect gôdać | V;IMP;2;SG	gôdôj
Inflect gôdać | V;3;PL;IND	gôdôja
Inflect spiczasti | ADJ;ACC(SG,NEUT)	spiczasto
Inflect Zdrzódło | N;NOM(PL)	Zdrzódła
Inflect Piłkôrz | N;NOM(SG)	Piłkôrz
Inflect ekonomista | N;M1;NOM(SG)	ekonomista
Inflect strëna | N;ACC(SG)	strënã
Inflect strëna | N;NOM(FEM,PL)	strënë
Inflect wirtualny | ADJ;NFM;INS(PL)	wirtualnyma
Inflect baza | N;GEN(SG)	bazë
Inflect rozsądzenié | N;ACC(SG)	rozsądzenié
Inflect Niewiela | ADV	Niewiele
Inflect słùżëc | V;IND;SG;3	służi
Inflect złoti | ADJ;NOM(MASC,SG)	złoty
Inflect pòkrëtnë | ADJ;GEN(MASC,SG)	pòkrëtnégò
Inflect scenarzysta | N;NOM(SG)	scenarzista
Inflect rgac | V;FIN;3;SG	régą
Inflect Góra | N;GEN(SG)	Górowi
Inflect cknienié | N;NOM(SG,NEUT)	cknienié
Inflect pòstacjô | N;DAT(PL)	pòstacjama
Inflect mòwa | N;ACC(SG)	mowę
Inflect atribùt | N;NOM(SG)	atribùt
Inflect dokumeńt | N;GEN(PL)	dokumeńtów
Inflect Kòwôl | N;NOM(MASC,SG)	Kòwôl
Inflect nieòczekiwóny | ADJ;NOM(FEM,SG)	nieòczekiwóna
Inflect chrzescëjón | N;GEN(PL)	chrzescëjónów
Inflect prkusny | ADJ;ACC(FEM,SG)	perkùsyjną
Inflect Mierëszënie | N;NOM(NEUT,SG)	Mierëszënie
Inflect Wafelnicë | N;FEM;SG	Wafelnica
Inflect paść | V;PRS;3;SG	pasa
Inflect bòg | N;NOM(PL)	bògòwie
Inflect słunôszek | N;GEN(PL)	słunôszka
Inflect Cromer | N;NOM(MASC,SG)	Cromerus
Inflect rozmajitosć | N;FEM;SG	rozmajitosc
Inflect wóz | N;GEN(PL)	wòzów
Inflect reszta | N;F;NOM(SG)	Reszta
Inflect Linneùsz | N;NOM(SG,MASC)	Linneùsz
Inflect strawa | N;ACC(SG)	strawã
Inflect lądowëch | ADJ;DAT(MASC,PL)	lądowëch
Inflect chrzest | N;M3;NOM(SG)	chrzest
Inflect szczecowaty | ADJ;GEN(PL)	szczecowatëch
Inflect lokalny | ADJ;NOM(MASC,SG)	lokalny
Inflect dzecyństwo | N;LOC;SG	dzecyństwie
Inflect autonomiczny | ADJ;ACC(FEM,PL)	autonomiczné
Inflect fùlm | N;ACC(SG)	filmù
Inflect pomòcny | ADJ;INS(SG,MASC)	pòmòcnym
Inflect zupa | N;GEN(SG)	zupë
Inflect chwôłba | N;ACC(SG)	chwȏlbą
Inflect řezba | N;FEM;SG;LOC	rzezbie
Inflect tipiczny | ADJ;INS(MASC,SG)	tipicznym
Inflect piłka | N;ACC(SG)	piłkã
Inflect łosos | N;NOM(SG)	Łosos
Inflect rzãsnic | N;NOM(SG)	rzãsnica
Inflect Uranus | N;GEN(SG,MASC)	Uranosa
Inflect wicë | N;GEN(FEM,SG)	wicë
Inflect tacënk | N;GEN(SG)	tacënkù
Inflect pòrãba | N;GEN(PL)	pòrãbach
Inflect zégark | N;NOM(SG)	zégark
Inflect roska | N;ACC(SG)	roscën
Inflect Klészczë | N;DAT(PL)	Klészcze
Inflect nôleżec | V;PSL;3;SG	nôleżi
Inflect irańsczi | ADJ;GEN(MASC,PL)	irańsczich
Inflect Szmerzejce | V;NFIN;IND	Szemrejce
Inflect Stereotyp | N;NOM(SG)	Stereotyp
Inflect nowi | ADJ;ACC(MASC,PL)	nowich
Inflect Kòralowa | N;ACC(FEM,SG)	Kòralową
Inflect żëba | N;MASC;INST;PL	żëbë
Inflect żëba | N;GEN(PL)	żëbës
Inflect replika | N;NOM(SG)	replika
Inflect sztrôfny | ADJ;NOM(MASC,SG)	sztrôfny
Inflect wschòdnonordowi | ADJ;NOM(MASC,SG)	wschòdnonordowi
Inflect lësta | N;ACC(SG)	lëstã
Inflect lësta | N;GEN(PL)	lëstów
Inflect Gwiôzdka | N;NOM(SG)	Gwiôzdka
Inflect zabôwka | N;NOM(PL)	zabôwczi
Inflect òriech | ADJ;GEN(PL,NHUM)	òrechconëch
Inflect gatunek | N;GEN(PL)	Gatunków
Inflect wspólny | ADJ;INS(MASC,SG)	wspólnym
Inflect Scyrz | N;ACC(PL)	Scyrz
Inflect Medalia | N;ACC(SG)	Medaliã
Inflect òbjawiac | V;PRS;3;SG	òbjôwiô
Inflect snôza | ADJ;NOM(FEM,SG)	snôzô
Inflect pòlicjô | N;DAT(SG)	pòlicje
Inflect zagadka | N;GEN(SG)	zagadki
Inflect cegła | N;DAT(FEM,SG)	cegłë
Inflect cegła | N;GEN(PL)	cegłów
Inflect pòmôgac | V;INF	pòmôgac
Inflect môłi | ADJ;VOC(MASC,SG)	môłe
Inflect môłi | ADJ;NOM(MASC,SG)	môłi
Inflect môłi | ADJ;INS(MASC,SG)	môłim
Inflect ksãżstwo | N;GEN(SG)	ksãżstwa
Inflect równo | ADV	równio
Inflect òbùdzëc | V;INF	òbùdzëc
Inflect Gòdë | N;GEN(PL)	Gòdów
Inflect tekst | N;GEN(SG)	tëkstu
Inflect wòdrôkòwatëch | ADJ;GEN(PL,MASC)	wòdrôkòwatëch
Inflect joannycczi | ADJ;GEN(MASC,SG)	joannicczégò
Inflect jezór | N;DAT(PL)	jezorama
Inflect wiedzëc | V;INF	wiedzëc
Inflect Pchła | N;NOM(FEM,SG)	Pchła
Inflect Pchła | N;F;GEN(SG)	Pchłë
Inflect Bùczënka | N;NOM(FEM,SG)	Bùczënka
Inflect nôstãpniczk | N;DAT(FEM,SG)	nôstãpczënią
Inflect pòdzélic | V;NFIN	pòdzélëc
Inflect słowò | N;GEN(SG)	słowa
Inflect òwies | N;NOM(SG)	òwies
Inflect sëszëc | V;INF	sëszëc
Inflect Przemisław | N;INS(SG)	Przemisławã
Inflect diecezëjô | N;NOM(SG)	diecezëjô
Inflect drzéwié | N;GEN(SG)	drzéwiā
Inflect KnédżiNowégò | ADJ;GEN(MASC,SG)	KnédżiNowégò
Inflect ława | N;LOC;SG	ławie
Inflect wikarz | N;INS(SG,MASC)	wikarim
Inflect ùsztôłcenié | V;PST;NFIN	ùsztôłcenié
Inflect wòda | N;GEN(FEM,SG)	wodë
Inflect łukòwata | ADJ;FEM;SG	łukòwato
Inflect Bùdówka | N;F;VOC(SG)	Bùdówkò
Inflect czwiôrtô | ADJ;NOM(FEM,SG)	czwiôrtô
Inflect ceplëzna | N;GEN(SG)	ceplëznë
Inflect zakłucanié | V;NFIN	zakłucanié
Inflect Sëła | N;ACC(SG)	Sillã
Inflect ówies | N;GEN(SG)	ówsa
Inflect szląsk | ADJ;NOM(MASC,SG)	szląsczi
Inflect Wiészi | ADJ;CMPR	Wikszi
Inflect pòstãpny | ADJ;NOM(FEM,SG)	pòstãpno
Inflect pòstãpny | ADJ;ACC(MASC,PL)	pòstãpnych
Inflect pòstãpny | ADJ;INS(MASC,SG)	pòstãpnym
Inflect pòrtret | N;NOM(PL)	pòrtretë
Inflect gmina | N;F;NOM(SG)	gmina
Inflect gmina | N;LOC;PL	gminach
Inflect gmina | N;LOC;SG	gminie
Inflect Mickiewicz | N;NOM(SG)	Mickiewicz
Inflect Mickiewicz | N;GEN(MASC,SG)	Mickiewicza
Inflect Pòmòrzé | N;NOM(SG,NEUT)	Pòmòrzé
Inflect pòlskòmiemiecczi | ADJ;NOM(MASC,SG)	pòlskòmiemiecczi
Inflect ùkùńczenie | N;INS(SG)	ùkòńczenim
Inflect Rewalsczi | ADJ;GEN(MASC,SG)	Rewalsczégò
Inflect dólny | ADJ;NOM(SG,MASC)	Dólni
Inflect biorąc | V;GER;PRE;IMP	biorą
Inflect Królówca | N;GEN(SG)	Króléwca
Inflect znómy | ADJ;GEN(MASC,PL)	znónych
Inflect zmiérzch | N;GEN(SG)	zmiérzchù
Inflect papryka | N;NOM(SG)	paprika
Inflect brëkòwac | V;INF	brëkòwac
Inflect dopłiw | N;ACC(SG)	dopłiwã
Inflect szlachcic | N;GEN(PL,MASC)	szlachcëców
Inflect kòlińc | N;ACC(SG)	kòlińc
Inflect wëszczerk | N;GEN(PL,MASC)	wëszczergów
Inflect sôdzë | V;NFIN	sôdzë
Inflect stołëc | N;ACC(SG)	stalat
Inflect lipsczi | ADJ;NOM(NEUT,SG)	lipsczé
Inflect stracëc | V;PST;NFIN;PRF	stracëło
Inflect wäbiér | V;IMP;TR	wëbiér
Inflect top | N;NOM(MASC,SG)	topôz
Inflect przemieszany | ADJ;INS(PL,MASC)	rozmiészanych
Inflect Błaszczikòwsczi | ADJ;NOM(MASC,SG)	Błaszczikòwsczi
Inflect piesnia | N;DAT(SG)	piesnią
Inflect łukôcz | N;NOM(SG)	łukôcz
Inflect katolëcëznô | N;F;ACC(SG)	katolëcëzną
Inflect wëdatek | N;GEN(PL)	wëdatków
Inflect dojrzały | ADJ;ACC(MASC,PL)	dojrzałëch
Inflect założëc | V;INF	założëc
Inflect prawa | ADJ;NOM(FEM,SG)	prawa
Inflect prawa | N;LOC;PL	prawach
Inflect Brian | N;NOM(SG)	Brian
Inflect bòkatnô | ADJ;NOM(FEM,SG)	bòkatnô
Inflect susza | N;GEN(SG)	suszu
Inflect kameca | N;ACC(SG,FEM)	kamicã
Inflect dzélc | V;INF	dzélów
Inflect narodzëna | N;ACC(SG,MASC)	narodzën
Inflect lës | N;VOC(PL)	lësce
Inflect leżec | V;NFIN	leżëc
Inflect mòrzëc | V;NFIN	Mòrza
Inflect słëga | N;NOM(SG)	słëga
Inflect słëga | N;INS(SG)	słëgą
Inflect zdrobniały | ADJ;NOM(FEM,SG)	zdrobniałô
Inflect pòkraczny | ADJ;NOM(FEM,SG)	pòkraczno
Inflect Obëczajné | ADJ;NOM(PL,MASC)	Obëczajné
Inflect drzewkò | N;DAT(SG)	drzëwkù
Inflect pamiãcowô | ADJ;ACC(FEM,SG)	pamiãcową
Inflect grëpô | N;F;NOM(SG)	grëpa
Inflect łagodnô | ADJ;ACC(FEM,SG)	łagódną
Inflect królewiónka | N;NOM(FEM,SG)	królewiónko
Inflect smiertelnik | N;GEN(PL)	smiertelników
Inflect zwada | N;NOM(SG)	Zwada
Inflect Witac | V;IMP;2;SG	Witô
Inflect wòjsko | N;NOM(SG,NEUT)	wòjska
Inflect wòjsko | N;NOM(SG,NEUT)	wòjskò
Inflect strëcha | N;NOM(FEM,SG)	strëcha
Inflect samòrządzëzna | N;GEN(SG)	samòrządzënë
Inflect ròk | N;GEN(SG)	ròku
Inflect sznorz | N;NOM(SG,MASC)	sznorz
Inflect apfelzynowy | ADJ;NOM(MASC,PL)	apfelzynowé
Inflect léczenié | N;GEN(SG)	léczeniô
Inflect Psychòlogijô | N;NOM(SG)	Psychòlogijô
Inflect Ksążka | N;NOM(PL)	Ksążczi
Inflect Ksążka | N;NOM(FEM,SG)	Ksążka
Inflect Piôszczëtô | ADJ;NOM(FEM,SG)	Piôszczëtô
Inflect przebiwać | V;NFIN	przebiwają
Inflect léczno | N;DAT(SG)	léczneniu
Inflect nauczyciel | N;GEN(PL)	nauczycieli
Inflect klôtka | N;NOM(PL)	klôtczi
Inflect klôtka | N;LOC;PL	klôtkach
Inflect klôtka | N;ACC(SG,FEM)	klôtką
Inflect klawesynowy | ADJ;ACC(FEM,PL)	klawesynowé
Inflect białczyzna | N;GEN(PL)	białczim
Inflect antibiotëkòterapiô | N;GEN(SG)	antibiotëkòterapii
Inflect gwiôzdka | N;ACC(SG)	Gwiôzdkã
Inflect Wartosc | N;NOM(SG,FEM)	Wartosc
Inflect kunc | N;ACC(MASC,SG)	kunc
Inflect msza | N;ACC(SG)	mszą
Inflect Kòbëlôsz | N;VOC(SG)	Kòbëlôszu
Inflect ksążcë | N;DAT(SG)	ksążce
Inflect niezanôleżnosc | N;ACC(SG)	niezanôleżnoce
Inflect gałãz | N;FEM;PL	gałãzë
Inflect mébel | N;NOM(PL)	méble
Inflect Bòlesław | N;INS(SG)	Bòlesławã
Inflect Bòlesław | N;NOM(SG)	Bòlesłôw
Inflect fict | V;NFIN	fictus
Inflect województwò | N;GEN(SG)	wojewódzczi
Inflect województwò | N;DAT(SG)	województwù
Inflect romantyczny | ADJ;NOM(MASC,SG)	romanticzny
Inflect gdzë | ADV	gdzë
Inflect kòń | N;GEN(SG)	kòni
Inflect Winny | ADJ;NOM(FEM,SG)	Winnô
Inflect ùczba | N;FEM;SG;LOC	ùczbach
Inflect ùczba | N;DAT(PL)	ùczbom
Inflect òbmëszlenié | N;GEN(PL)	òbmëszleniów
Inflect form | N;NOM(FEM,SG)	formô
Inflect szkòła | N;LOC;SG	szkòle
Inflect szkòła | N;GEN(SG)	szkòlë
Inflect szkòła | N;NOM(SG)	szkòła
Inflect szkòła | N;LOC;PL	szkòłach
Inflect szkòła | N;ACC(SG)	szkòłã
Inflect szkòła | N;NOM(PL)	szkòłë
Inflect szkòła | N;GEN(PL)	szkòłów
Inflect szkòła | N;ACC(SG)	szkòłą
Inflect zaczapóni | ADJ;GEN(MASC,SG)	zaczapónégò
Inflect zôbôwka | N;F;INS(SG)	zôbôwką
Inflect mało | ADJ;NOM(FEM,SG)	małô
Inflect Sejmik | N;GEN(SG)	Sejmikù
Inflect strukturze | N;DAT(SG,FEM)	strukturze
Inflect Zegarméster | N;NOM(SG)	Zégarméster
Inflect dzysdniowi | ADJ;NOM(PL,MASC)	dzysdniowe
Inflect dzysdniowi | ADJ;DAT(MASC,PL)	dzysdniowich
Inflect dzysdniowi | ADJ;INS(MASC,SG)	dzysdniowim
Inflect sparłączenié | N;NOM(SG,NEUT)	sparłączenié
Inflect szlachecki | ADJ;ACC(MASC,PL)	szlachecczé
Inflect ùmiec | V;NFIN	ùczeń
Inflect lew | N;GEN(PL)	lwów
Inflect państwòwy | ADJ;INS(MASC,SG)	państwòwi
Inflect Leucanthemum | N;SG	Leucanthemum
Inflect Garce | N;F;NOM(SG)	Garcz
Inflect krew | N;INS(SG)	krwią
Inflect długi | ADJ;ACC(SG,FEM)	długą
Inflect Warszawa | N;GEN(SG,FEM)	Warszawë
Inflect Warszawa | N;INS(SG)	Warszawą
Inflect kòlonizacjô | N;INS(SG)	kòlonizacją
Inflect Europa | N;LOC;SG	Europie
Inflect zgrôwa | N;ACC(SG)	zgrôwã
Inflect Jikòna | N;NOM(FEM,SG)	Jikòna
Inflect zawartosc | N;DAT(SG)	zawartoscë
Inflect Półòstrów | N;GEN(SG)	Półòstrowù
Inflect Półòstrów | N;NOM(SG)	Półòstrów
Inflect Półòstrów | N;ACC(SG)	Półòstrówã
Inflect lëdza | N;NOM(PL)	lëdzy
Inflect żôłti | ADJ;NOM(FEM,SG)	żôłté
Inflect żôłti | ADJ;NOM(FEM,SG)	żôłtô
Inflect nrodny | ADJ;NOM(MASC,SG)	nrodny
Inflect Wiãcórkiem | N;INS(SG)	Wiãcórkiem
Inflect pòzwa | N;F;NOM(SG)	pòzwa
Inflect pòzwa | N;DAT(PL)	pòzwama
Inflect mùzyka | N;ACC(SG)	mùzykã
Inflect czërzka | N;F;NOM(SG)	Czirka
Inflect òbrôbianié | N;GEN(SG)	òbrôbianiô
Inflect liczony | ADJ;ACC(FEM,PL)	liczoné
Inflect Szpańskô | ADJ;NOM(FEM,SG)	Szpańskô
Inflect starani | N;DAT(SG)	staranim
Inflect schizofrenia | N;ACC(SG)	schizofrenię
Inflect EÙROPEJSCZI | ADJ;GEN(FEM,SG)	Eùropejsczéj
Inflect scheme | N;VOC(SG)	schemie
Inflect przesladowańi | N;INS(MASC,PL)	przesladowanyma
Inflect Grzëbno | N;NOM(SG)	Grzëbnie
Inflect płatwa | N;GEN(PL)	płatwów
Inflect Wikipedijô | N;NOM(SG,FEM)	Wikipedijë
Inflect baderowanié | N;NOM(NEUT,SG)	baderowaniô
Inflect zwierzã | N;ACC(SG)	zwierzã
Inflect ùspòkòjic | V;NFIN	ùspòkòjic
Inflect jasnomòdri | ADJ;NOM;VOC(PL,MASC)	jasnomòdré
Inflect gòdzëna | N;NOM(FEM,SG)	gòdzëna
Inflect gòdzëna | N;LOC;PL	gòdzënach
Inflect gòdzëna | N;DAT(SG)	gòdzënie
Inflect gòdzëna | N;ACC(SG)	gòdzënã
Inflect gòdzëna | N;GEN(PL)	gòdzënów
Inflect gòdzëna | N;ACC(SG)	gòdzëną
Inflect gòdzëna | N;ACC(FEM,SG)	gòdzënę
Inflect ùrôbiac | V;NFIN	ùrôbia
Inflect sztôłcené | N;NOM(SG,MASC)	sztôłcenié
Inflect Spòtkac | V;INF	Spòtkac
Inflect Nôdgroda | N;NOM(SG)	Nôdgroda
Inflect historia | N;GEN(SG)	historii
Inflect lùbòtnik | N;GEN(PL)	lùbòtników
Inflect zeszyt | N;M30L;NOM(SG)	Zeszyt
Inflect wigilijô | N;ACC(SG)	wigiliã
Inflect dólny | ADJ;NOM(MASC,SG)	dólny
Inflect prësk | ADJ;INS(MASC,SG)	prësczim
Inflect nôzwëstkò | N;VOC(SG)	nôzwëstkò
Inflect Wawel | N;NOM(SG)	Wawel
Inflect Wawel | N;GEN(SG)	Wawelu
Inflect Władisława | N;VOC(SG)	Władisława
Inflect Łemk | N;PLUR;NOM(MASC)	Łemkòwie
Inflect pòwikszanié | N;GEN(SG)	pòwikszaniô
Inflect normalny | ADJ;NOM(FEM,SG)	normalnô
Inflect warunk | N;LOC;PL	warunkach
Inflect ùtenticzny | ADJ;GEN(MASC,PL)	aùtenticznych
Inflect przistãp | V;IMP;SG	przistãp
Inflect dróga | N;ACC(SG,FEM)	Drogã
Inflect sąsad | N;GEN(MASC,PL)	sąsadów
Inflect Léopòld | N;GEN(SG)	Léópòlda
Inflect wëdôwôcz | N;INS(SG)	wëdôwôczã
Inflect lelijô | N;NOM(SG,FEM)	lelijô
Inflect bùdzëcél | N;FEM;SG	bùdzëcela
Inflect prowincja | N;GEN(SG)	prowincji
Inflect prowincja | N;GEN(PL)	prowincjów
Inflect prowincja | N;NOM(SG)	prowincjô
Inflect klub | N;GEN(SG)	klubë
Inflect klub | N;GEN(PL)	klubów
Inflect wóżny | ADJ;GEN(MASC,PL)	wôżnëch
Inflect pòwtôrzac | V;PNONFIN;CONV;IMPF	pòwtôrzającë
Inflect òdżink | N;GEN(PL)	òdżinków
Inflect Tesalonika | N;NOM(PL)	Tesalonice
Inflect Teatr | N;ACC(SG)	Teatru
Inflect akùsticznô | ADJ;NOM(FEM,SG)	akùsticznô
Inflect rzeka | N;NOM(SG,FEM)	rzeka
Inflect rzeka | N;LOC;PL	rzekach
Inflect rzeka | N;INS(SG)	rzeką
Inflect stãpniowò | ADV	stãpniowò
Inflect próg | N;NOM(SG)	próg
Inflect monofag | N;ACC(PL)	monofagi
Inflect dziecko | N;VOC(PL)	Dzece
Inflect Polsczi | ADJ;GEN(FEM,SG)	Polsczi
Inflect żóna | N;ACC(PL)	zonë
Inflect filozof | N;GEN(PL,MASC)	filozof
Inflect msza | N;NOM(SG)	msza
Inflect msza | N;GEN(PL)	mszë
Inflect kònfederacëjô | N;ACC(SG)	kònfederacëjã
Inflect żëcycze | N;GEN(PL)	żëcym
Inflect Mahòmetanizm | N;NOM(SG)	Mahòmetanizm
Inflect sobòtka | N;ACC(SG)	sobòtkã
Inflect przëbrama | N;DAT(PL)	przëbòrama
Inflect òdemknąc | V;PFV;PL1;PST	òdemkłim
Inflect czërszczenié | N;GEN(PL)	Czerna
Inflect italsczi | ADJ;NOM(MASC,PL)	italsczi
Inflect italsczi | ADJ;GEN(MASC,SG)	italsczégò
Inflect grobnik | N;GEN(PL)	grobniców
Inflect Bombus | N;ACC(SG)	Bombus
Inflect nadôwac | V;INF	nadôwac
Inflect duchòwni | ADJ;GEN(MASC,PL)	duchòwnëch
Inflect jednorodny | ADJ;NOM(MASC,SG)	jednorodny
Inflect jednorodny | ADJ;INS(MASC,SG)	jednorodnym
Inflect Tesalomiczanów | N;GEN(PL,MASC)	Tesalomiczanów
Inflect jawny | ADJ;NOM(FEM,SG)	Jawne
Inflect pòprôwiac | V;INF	pòprôwiac
Inflect limanda | N;NOM(FEM,SG)	limanda
Inflect neòlit | N;GEN(SG)	neòlitu
Inflect Dorota | N;NOM(FEM,SG)	Dorota
Inflect Dorota | N;NOM(SG)	Dorothy
Inflect Dorota | N;ACC(SG)	Dorotë
Inflect Dorota | N;INST;SG;FEM	Dorotą
Inflect pandemia | N;NOM(SG)	pandemic
Inflect pandemia | N;ACC(SG)	pandemie
Inflect pandemia | N;GEN(SG)	pandemii
Inflect edukacja | N;INS(SG)	edukacją
Inflect katolécczi | ADJ;ESS(MASC,SG)	katolëcczégò
Inflect wëkarmienié | N;GEN(SG)	wëkarmieniô
Inflect pòpularnosc | N;ACC(SG)	pòpularnotã
Inflect falochron | N;LOC;SG	falochronie
Inflect wstęp | N;NOM(SG)	wstęp
Inflect Baska | N;NOM(FEM,SG)	Baska
Inflect Niemce | N;NOM(PL)	Niemcë
Inflect zajimający | ADJ;NOM(FEM,SG)	zajimôjącô
Inflect fırma | N;ACC(SG)	firmë
Inflect krewny | ADJ;NOM(MASC,SG)	krewny
Inflect krewny | ADJ;INS;NOM(PL,MASC)	krewnyma
Inflect kaplëca | N;NOM(SG)	kaplëca
Inflect pòbòżnotã | N;ACC(SG)	pòbòżnotã
Inflect aktorka | N;NOM(SG)	aktórka
Inflect brzég | N;NOM(SG)	Brzég
Inflect długòta | N;NOM(SG)	długòta
Inflect długòta | N;ACC(SG)	długòtã
Inflect długòta | N;GEN(SG)	długòtë
Inflect brak | N;NOM(MASC,SG)	Brak
Inflect Testament | N;DAT(SG)	Testamentu
Inflect Testament | N;GEN(SG)	Testameńtu
Inflect Testament | N;GEN(SG)	Testameńtù
Inflect Vuk | N;GEN(SG)	Vuka
Inflect kùlturowi | ADJ;NOM(PL,MASC)	kùlturowé
Inflect kùlturowi | ADJ;GEN(MASC,PL)	kùlturowëch
Inflect bezpôcornica | N;DAT(FEM,SG)	bezpôcorniczi
Inflect refleks | N;NOM(SG)	refleks
Inflect czad | N;ACC(SG)	czadu
Inflect grëzlôk | N;NOM(SG)	grëzlôk
Inflect Kòszalëna | N;NOM(FEM,SG)	Kòszalëna
Inflect Kòszalëna | N;LOC;SG	Kòszalënie
Inflect nigdë | ADV	nigdë
Inflect Piérszô | ADJ;NOM(FEM,SG)	Piérszô
Inflect jażół | N;ACC(SG)	jażôł
Inflect wùlkaniczni | ADJ;NOM(FEM,SG)	wùlkanicznô
Inflect prześladownik | N;GEN(SG)	przesladownika
Inflect wcëgnąc | V;INF	wcëgnąc
Inflect kòncepcëjô | N;GEN(SG)	kòncepcëji
Inflect Òdżen | N;DAT(SG)	Ògniowi
Inflect slédnô | ADJ;NOM(FEM,SG)	slédnô
Inflect òbróbka | N;GEN(SG)	òbróbczi
Inflect Pòlôsz | N;VOC(PL)	Pòlôszë
Inflect zôwada | N;GEN(SG)	zôwadë
Inflect dekada | N;ACC(SG)	dekadã
Inflect Wiodro | N;NOM(NEUT,SG)	Wiodro
Inflect eùropejskô | ADJ;ACC(FEM,SG)	eùropejską
Inflect dobòrowanié | N;LOC;SG	dobòrowanim
Inflect dobòrowanié | N;GEN(SG)	dobòrowaniô
Inflect Chòjanka | N;NOM(SG)	Chòjna
Inflect piãta | N;ACC(SG)	piãtã
Inflect pszéń | N;GEN(MASC,SG)	pszény
Inflect płënąc | V;INF	płënąc
Inflect płoc | V;IMP;2;SG	płoc
Inflect plac | N;GEN(PL)	placów
Inflect miészanec | N;NOM(PL)	miészańce
Inflect grzëpòwać | V;NFIN	grzëpòwati
Inflect smùła | N;GEN(SG)	smòłë
Inflect Nôlëżniczka | N;F;INS(PL)	Nôlëżniczkama
Inflect egipskò | ADJ;VOC(PL,MASC)	egipsczi
Inflect domino | N;NOM(SG)	domino
Inflect pòprôwić | V;INF	pòprawic
Inflect teatr | N;INS(SG)	teatrém
Inflect pòlsczi | ADJ;GEN(MASC,SG)	pólsczégò
Inflect włôdc | N;INS(SG)	włôdcą
Inflect Jarzëbiôk | N;NOM(SG,MASC)	Jarzëbiôk
Inflect pòdwëżbié | N;ACC(SG)	pòdwëżbie
Inflect mésterstwò | N;NOM(SG,NEUT)	mésterstwò
Inflect sparłączëc | V;INF	sparłączëc
Inflect apòsztoł | N;GEN(PL)	apòsztołów
Inflect seriala | N;GEN(SG)	serialu
Inflect mrzónka | N;NOM(FEM,SG)	mrzónka
Inflect chrzescëjańskô | ADJ;NOM(FEM,SG)	chrzescëjańskô
Inflect kòzaczka | N;DIM;NOM(PL)	kòzacczi
Inflect piętro | N;NOM(SG,NEUT)	piętro
Inflect wëtopienié | N;NOM(SG)	wëtopienié
Inflect dach | N;LOC;PL	dakach
Inflect ruskô | ADJ;ACC(FEM,SG)	ruskù
Inflect òrtografijô | N;ACC(SG)	òrtografiją
Inflect rój | N;GEN(FEM,SG)	rojë
Inflect równowaga | N;GEN(SG)	równowadżi
Inflect równowaga | N;ACC(SG)	równowôżą
Inflect litosfera | N;ACC(PL)	litosferë
Inflect skòra | N;NOM(PL)	skóre
Inflect smôrzcz | N;GEN(PL)	smôrzczów
Inflect trôfic | V;FIN;3;SG	trôfiô
Inflect Przód | N;NOM(PL)	Przódë
Inflect dzennik | N;FUT;INS(PL)	dennikama
Inflect Kabôtk | N;GEN(PL)	Kabôtkach
Inflect trosklëwi | ADJ;ACC(FEM,SG)	trosklëwą
Inflect kaszëbizna | N;NOM(SG)	kaszëbizna
Inflect kaszëbizna | N;DAT(SG)	kaszëbiznie
Inflect kaszëbizna | N;ACC(SG)	kaszëbiznã
Inflect kaszëbizna | N;GEN(SG)	kaszëbiznë
Inflect kaszëbizna | N;F;ACC(SG)	kaszëbizną
Inflect lësta | N;F;NOM(SG)	lësta
Inflect lësta | N;LOC;PL	lëstach
Inflect lësta | N;INS(FEM,PL)	lëstama
Inflect korn | N;GEN(PL)	cornix
Inflect miézk | N;DAT(SG)	miészkù
Inflect zéńdzeniô | N;GEN(PL)	zéńdzeniów
Inflect jasnożôłti | ADJ;M;NOM(SG)	jasnożôłti
Inflect jasnożôłti | ADJ;NOM(FEM,SG)	jasnożôłtô
Inflect katalodżija | N;GEN(SG)	katalodżi
Inflect òbjawa | N;INS(PL)	òbjawama
Inflect Part | N;ACC(SG)	Part
Inflect mòżnô | ADJ;PSS;F;SG	mòżnô
Inflect Rogaļa | N;GEN(SG)	Rogali
Inflect żëcé | N;NOM(SG,NEUT)	Żëcé
Inflect Syn | N;ACC(SG)	Sënã
Inflect wësłôwa | N;DAT(SG)	wësłôwë
Inflect Romagna | N;NOM(SG)	Romagn
Inflect Wisła | N;GEN(SG)	Wisłë
Inflect strzôdk | N;GEN(SG)	strzôdkù
Inflect òrzech | N;INS(SG)	òrzechem
Inflect Pòmorzcszi | ADJ;GEN(MASC,SG)	Pòmòrzczégò
Inflect napòtkac | V;INF	napòtkac
Inflect partach | N;F;NOM(SG)	partach
Inflect efektiwny | ADJ;INS(MASC,SG)	efektiwny
Inflect Katarzëna | N;NOM(SG)	Katarzëna
Inflect Katarzëna | N;ACC(SG)	Katarzënã
Inflect ògródek | N;GEN(SG,MASC)	ògródkù
Inflect wôłtôrz | N;GEN(SG)	wôłtôrza
Inflect wôłtôrz | N;NOM(PL)	wôłtôrze
Inflect strzodkòwi | ADJ;INS;MSG	strzodkòwim
Inflect pòsłańc | N;NOM(SG)	pòsłańc
Inflect finał | N;NOM(SG)	finał
Inflect finał | N;GEN(SG)	finału
Inflect zapisënk | N;NOM(SG)	zapisënk
Inflect zapisënk | N;GEN(PL)	zapisënków
Inflect zapisënk | N;GEN(SG,MASC)	zapisënkù
Inflect kryminalny | ADJ;INS(MASC,SG)	kryminalnym
Inflect Mùzeum | N;NOM(SG)	Mùzeum
Inflect Liturgiô | N;NOM(SG)	Liturgiô
Inflect Jindijsczi | ADJ;NOM(MASC,PL)	Jindijsczi
Inflect Ekòlogiczny | ADJ;NOM(MASC,SG)	Ekòlogiczny
Inflect Ciampino | N;NOM(SG,MASC)	Ciampino
Inflect napisanié | N;NEUT;SG	napisaniô
Inflect nôrod | N;GEN(SG)	nôrodu
Inflect Anielskô | ADJ;NOM(FEM,SG)	Anielskô
Inflect seka | N;VOC(SG)	sece
Inflect Microsoft | N;NOM(SG)	Microsoft
Inflect Microsoft | N;GEN(SG)	Microsoftu
Inflect Dërszewò | N;DAT(SG)	Dërszewie
Inflect wszëtkòżyrnô | ADJ;NOM(FEM,SG)	wszëtkòżyrnô
Inflect zwyczaj | N;NOM(PL)	zwyczaje
Inflect kontynent | N;LOC;PL	kontynentach
Inflect òswiecony | ADJ;M3;INS(SG)	òswiecenim
Inflect Bayern | N;DAT(SG)	Bayernu
Inflect Bòrowô | ADJ;NOM(FEM,SG)	Bòrowô
Inflect mól | N;NOM(SG)	môle
Inflect bicykl | N;NOM(SG)	bicykl
Inflect wanożec | N;NOM(SG)	wanożec
Inflect slôzowatë | ADJ;DAT(MASC,PL)	slôzowatëch
Inflect trzézwòsc | N;GEN(SG)	trzézwòscë
Inflect pijawnicowati | ADJ;GEN(MASC,PL)	pijawnicowatëch
Inflect Gdinia | N;LOC;SG	Gdinie
Inflect góra | N;GEN(SG)	góré
Inflect góra | N;GEN(SG)	górë
Inflect góra | N;GEN(PL)	górów
Inflect bitewnô | ADJ;NOM(FEM,SG)	bitewnô
Inflect parametr | N;NOM(PL)	parametre
Inflect parametr | N;NOM(PL)	parametrë
Inflect parametr | N;GEN(PL)	paramétrów
Inflect związk | N;NOM(MASC,SG)	związk
Inflect òdwôżny | ADJ;INS(MASC,SG)	òdwôżnym
Inflect Òskarz | N;NOM(SG)	Òskar
Inflect antikòa | N;GEN(PL,MASC)	antikòwich
Inflect Kartuski | ADJ;GEN(FEM,SG)	Kartuskiej
Inflect fùndament | N;FEM;PL	fùndamentë
Inflect tajemnô | ADJ;GEN(PL,MASC,INAN)	tajemnëch
Inflect późń | N;GEN(SG)	Pózni
Inflect grzëb | N;INS(PL)	grzëbama
Inflect grzëb | N;INS(SG,MASC)	grzëbem
Inflect sana | N;FEM;SG	sana
Inflect wszёlëjaczi | N;NOM(PL)	wszëlejaczi
Inflect kanoniczny | ADJ;MASC;PL;LOC	kanonicznich
Inflect Perczyńska | ADJ;NOM(FEM,SG)	Perczyńska
Inflect pòbòżny | ADJ;MASC;SG;LOC	pòbòżnym
Inflect zwijać | V;3;PL;PRS	zwijają
Inflect słëcha | N;NOM(PL)	słëchy
Inflect wéńc | N;ACC(SG)	wéńc
Inflect stóżka | N;F;ACC(SG)	stóżkã
Inflect całosc | N;FEM;SG	całosc
Inflect całosc | N;DAT(SG)	całosce
Inflect kòntinentalny | ADJ;INS(MASC,SG)	kòntinentalny
Inflect ùdac | V;NFIN;SUP	ùdanim
Inflect Piesnô | N;DAT(FEM,SG)	Piesni
Inflect przesëłkô | N;ACC(SG)	przeséłkã
Inflect widoczny | ADJ;NOM(FEM,SG)	widoczna
Inflect Żelkòw | N;NOM(PL,MASC)	Żelkòwie
Inflect jastrowy | ADJ;GEN(MASC,PL)	jastrowëch
Inflect Krôj | N;NOM(SG)	Krôj
Inflect ògarda | N;GEN(SG)	Ògardowi
Inflect òpak | ADV	òpak
Inflect Homólc | N;DAT(SG)	Homolczi
Inflect émigracjô | N;NOM(SG,FEM)	emigracja
Inflect Trzebiélsk | N;LOC;SG;MASC	Trzebiélsk
Inflect jeden | ADJ;NOM(FEM,SG)	jedna
Inflect ruch | V;IMP;SG;2	ruchù
Inflect europejsczi | ADJ;MASC;PSSV;SG	europejsczi
Inflect rodzëzna | N;NOM(SG)	rodzëzna
Inflect rodzëzna | N;LOC;PL	rodzëznach
Inflect jasnojątarowë | ADJ;NOM(PL,MASC,INAN)	jasnojantarowé
Inflect gôdac | V;PRS;2;SG	gôdësz
Inflect Wòjcech | N;NOM(MASC,SG)	Wòjcech
Inflect Wòjcech | N;GEN(MASC,SG)	Wòjcecha
Inflect przywrócenie | N;LOC;SG	przywróceniu
Inflect zëmòwiskò | N;F;DAT(SG)	zëmòwiska
Inflect aùtor | N;M;GEN(SG)	aùtora
Inflect wëższë | ADJ;CMPR;NTR;NOM	wëższé
Inflect przełómanie | N;LOC;SG	przełómaniu
Inflect wseczëca | N;NOM(SG)	wseczëca
Inflect wëpòczinkòwi | ADJ;GEN(PL,FEM)	wëpòczinkòwych
Inflect opisać | V;NFIN	òpisac
Inflect Etnograficzny | ADJ;NPR;NOM(PL)	Etnograficzne
Inflect Etnograficzny | ADJ;INS(MASC,SG)	Etnograficznym
Inflect pòchôdënk | N;GEN(SG)	pòchôdënkù
Inflect pòdzemnô | ADJ;GEN(MASC,SG)	pòdzemnògò
Inflect spòrt | N;ACC(SG)	spòrtã
Inflect pòétka | N;NOM(FEM,SG)	pòétka
Inflect magnetyczny | ADJ;GEN(MASC,SG)	magnetycznégò
Inflect neogòtëcczi | ADJ;NOM(PL,MASC)	neogòticczé
Inflect Cötka | N;NOM(SG,FEM)	Cotka
Inflect ramię | N;ACC(SG)	ramie
Inflect Pikón | N;NOM(MASC,SG)	Pikón
Inflect przekònac | V;INF	przekònac
Inflect kanclerz | N;INS(SG)	kanclerzã
Inflect Stalagmit | N;M3;NOM(SG)	Stalagmit
Inflect przedłëżenié | N;NOM(SG,NEUT)	przedłëżenié
Inflect urząd | N;NOM(SG)	Urząd
Inflect skrobanie | V;NFIN	skrobaniô
Inflect monogina | N;NOM(FEM,SG)	monogyna
Inflect całi | ADJ;NOM(FEM,SG)	Cała
Inflect całi | ADJ;NOM(MASC,SG)	Całi
Inflect môłpa | N;NOM(SG)	môłpa
Inflect môłpa | N;GEN(PL)	môłpów
Inflect Zrzeszeńc | N;GEN(PL)	Zrzeszińców
Inflect ùliczni | ADJ;VOC(MASC,SG)	ùliczni
Inflect szkielec | N;ACC(PL)	szkelece
Inflect polkowiczny | ADJ;GEN(MASC,SG)	polkowicczégò
Inflect nominacija | N;ACC(SG)	nominacjã
Inflect Kòledz | N;NOM(SG)	College
Inflect Lëtwin | N;NOM(PL)	Lëtwinowie
Inflect ògrańczëc | V;INF	ògrańczëc
Inflect òbrzeszk | N;GEN(PL)	òbrzeszków
Inflect Gatùnk | N;NOM(SG)	Gatùnk
Inflect môl | N;ACC(SG)	môlach
Inflect Graf | N;NOM(MASC,SG)	Graf
Inflect nógbarżi | ADV;SUP	nóbarżé
Inflect przëbòr | N;MASC;INST;SG	przëbòrã
Inflect jakosc | N;FEM;SG	jakosc
Inflect pseudonim | N;NOM(SG)	pseudonim
Inflect Szlach | N;F;NOM(SG)	Szlach
Inflect dowolnô | ADJ;FEM;SG	dowòlno
Inflect napisac | V;INF	napisac
Inflect niedostatek | N;GEN(PL)	niedostatk
Inflect niedostatek | N;INST;SG	niedostatkã
Inflect Òsoblëwi | ADJ;VOC(MASC,SG)	Òsoblëwò
Inflect cziedë | ADV	cziedë
Inflect Słowińskô | N;GEN(PL)	Słowińcków
Inflect jajce | N;ACC(SG)	Jaja
Inflect syntaksa | N;GEN(SG)	syntakse
Inflect syntaksa | N;GEN(SG)	syntaksë
Inflect szwed | N;F;INS(PL)	Szwédama
Inflect ćwiczyć | V;INF	czwiczec
Inflect robit | V;PST;3;PL	robilë
Inflect papla | V;IMP;2;SG	papla
Inflect łaska | N;GEN(SG)	łasczi
Inflect łaska | N;GEN(PL)	łasków
Inflect słony | ADJ;INS(MASC,SG)	słonym
Inflect smardu | V;IMP;2;SG	smardu
Inflect samòzwãńca | N;NOM(PL)	samòzwãczi
Inflect miãsny | ADJ;NOM(MASC,SG)	miãsny
Inflect puchacz | N;NOM(SG)	puchacz
Inflect Sadzonka | N;NOM(PL)	Sadzonczi
Inflect proruskô | ADJ;NOM(FEM,SG)	proruskò
Inflect Krëpa | N;NOM(PL)	Krëpë
Inflect zamëkac | V;INF	zamëkac
Inflect byc | V;PRS;3;SG	jest
Inflect Kònstantinopòl | N;NOM(SG)	Kònstantinopòl
Inflect Kònstantinopòl | N;GEN(SG)	Kònstantynopòla
Inflect rozłam | N;GEN(SG)	Rozłamù
Inflect gòńba | N;GEN(SG)	gòńbòwi
Inflect Septuagintã | N;ACC(FEM,SG)	Septuagintã
Inflect bôłtowi | V;PST;MASC;SG	bôłtowi
Inflect Kartuzy | N;LOC;PL	Kartuzach
Inflect szafa | N;F;NOM(SG)	szafa
Inflect kùkùridza | N;NOM(SG)	kùkùridza
Inflect szlachòta | N;GEN(SG)	szlachòtë
Inflect zmiana | N;INS(PL)	zmianama
Inflect zmiana | N;GEN(SG)	zmianié
Inflect krzëwi | V;SG;3	krzëwi
Inflect rozpoznawanie | N;GEN(SG)	rozpoznawania
Inflect krwiã | N;ACC(FEM,SG)	krëwie
Inflect poziom | N;NOM(SG)	poziom
Inflect skrzëdniowi | ADJ;GEN(FEM,PL)	skrzëniowëch
Inflect pòprzédnik | N;GEN(PL)	pòprzédników
Inflect laùreat | N;NOM(MASC,SG)	laùreat
Inflect ùłożënk | N;NOM(PL)	ùłożënczi
Inflect ùłożënk | N;NOM(PL)	ùłożënki
Inflect miechòwatô | ADJ;NOM(FEM,SG)	miechòwatô
Inflect pôłnik | N;F;GEN(SG)	pôłnika
Inflect zańc | V;IMP;SG;FUT	zańc
Inflect Pãkôcz | N;NOM(PL)	Pãkôcze
Inflect òstra | ADJ;NOM(MASC,SG)	òstri
Inflect szerokosc | N;NOM(FEM,SG)	szerokosc
Inflect Kòbëlôsz | N;NOM(SG,MASC)	Kòbëlôsz
Inflect królowaniô | N;GEN(SG)	królowaniô
Inflect muskiel | N;DAT(PL)	musculus
Inflect dmùszny | ADJ;GEN(MASC,PL)	dmùsznych
Inflect Vlada | N;F;NOM(SG)	Vláda
Inflect szarawa | ADJ;NOM(FEM,SG)	szarawi
Inflect Jakùb | N;M;GEN(SG)	Jakùba
Inflect Minysterstwa | N;GEN(SG)	Minysterstwa
Inflect Drãgòscë | N;NOM(PL)	Drãgòscë
Inflect złi | ADJ;GEN(MASC,SG)	złégò
Inflect Eùgeniusz | N;NOM(SG)	Eùgeniusz
Inflect Wierã | ADV	Wierã
Inflect pszczołowaty | ADJ;GEN(PL,MASC,ANIM)	pszczołowatëch
Inflect Partnerstwo | N;GEN(SG)	Partnerstwa
Inflect groznym | ADJ;INS(MASC,SG)	niegroznym
Inflect Maszina | N;NOM(SG)	Maszina
Inflect Sycëna | N;F;NOM(SG)	Sycëna
Inflect Bolesław | N;GEN(SG)	Bolesława
Inflect Fajum | N;MASC;SG;LOC	Fajum
Inflect dies | V;IMP;SG;2	dies
Inflect kùńsztowny | ADJ;INS(FEM,SG)	kùńsztowno
Inflect Derdowski | N;NOM(SG,MASC)	Derdowski
Inflect Rudniczk | N;FEM;LOC;SG	Rudnicczi
Inflect siostra | N;GEN(PL)	Siostrów
Inflect Syracusë | N;NOM(PL)	Syracusë
