Inflect zacny | ADJ;ACC(SG,FEM)	zacną
Inflect zacny | ADJ;INS(SG,FEM)	zacną
Inflect zacny | ADJ;NOM(SG,FEM)	zacna
Inflect zacny | ADJ;ACC(PL)	zacne
Inflect zacny | ADJ;ACC(SG,NEUT)	zacne
Inflect zacny | ADJ;NOM(SG,NEUT)	zacne
Inflect zacny | ADJ;ACC(SG,MASC,ANIM)	zacnego
Inflect zacny | ADJ;GEN(SG,MASC)	zacnego
Inflect zacny | ADJ;ACC(SG,MASC,HUM)	zacnego
Inflect zacny | ADJ;DAT(SG,FEM)	zacnej
Inflect zacny | ADJ;ESS(SG,FEM)	zacnej
Inflect zacny | ADJ;GEN(SG,FEM)	zacnej
Inflect zacny | ADJ;DAT(SG,MASC)	zacnemu
Inflect zacny | ADJ;NOM(PL,MASC,HUM)	zacni
Inflect zacny | ADJ;ESS(PL)	zacnych
Inflect zacny | ADJ;GEN(PL)	zacnych
Inflect zacny | ADJ;ACC(PL,MASC,HUM)	zacnych
Inflect zacny | ADJ;DAT(PL)	zacnym
Inflect zacny | ADJ;ESS(SG,MASC)	zacnym
Inflect zacny | ADJ;INS(SG,MASC)	zacnym
Inflect zacny | ADJ;INS(PL)	zacnymi
Inflect native speakerka | N;DAT(SG)	native speakerce
Inflect native speakerka | N;ESS(SG)	native speakerce
Inflect native speakerka | N;ESS(PL)	native speakerkach
Inflect native speakerka | N;INS(PL)	native speakerkami
Inflect native speakerka | N;INS(SG)	native speakerką
Inflect native speakerka | N;ACC(SG)	native speakerkę
Inflect native speakerka | N;ACC(PL)	native speakerki
Inflect native speakerka | N;GEN(SG)	native speakerki
Inflect native speakerka | N;VOC(PL)	native speakerki
Inflect native speakerka | N;DAT(PL)	native speakerkom
Inflect native speakerka | N;VOC(SG)	native speakerko
Inflect trącić | V;COND;3;SG;FEM	trąciłaby
Inflect endorfina | N;INS(PL)	endorfinami
Inflect endorfina | N;NOM(SG)	endorfina
Inflect endorfina | N;ACC(SG)	endorfinę
Inflect endorfina | N;DAT(SG)	endorfinie
Inflect endorfina | N;GEN(PL)	endorfin
Inflect endorfina | N;DAT(PL)	endorfinom
Inflect endorfina | N;VOC(SG)	endorfino
Inflect endorfina | N;ACC(PL)	endorfiny
Inflect endorfina | N;GEN(SG)	endorfiny
Inflect mosiężny | ADJ;ACC(SG,FEM)	mosiężną
Inflect mosiężny | ADJ;INS(SG,FEM)	mosiężną
Inflect mosiężny | ADJ;NOM(SG,FEM)	mosiężna
Inflect mosiężny | ADJ;ACC(PL)	mosiężne
Inflect mosiężny | ADJ;ACC(SG,NEUT)	mosiężne
Inflect mosiężny | ADJ;ACC(SG,MASC,ANIM)	mosiężnego
Inflect mosiężny | ADJ;GEN(SG,MASC)	mosiężnego
Inflect mosiężny | ADJ;ACC(SG,MASC,HUM)	mosiężnego
Inflect mosiężny | ADJ;DAT(SG,FEM)	mosiężnej
Inflect mosiężny | ADJ;ESS(SG,FEM)	mosiężnej
Inflect mosiężny | ADJ;GEN(SG,FEM)	mosiężnej
Inflect mosiężny | ADJ;DAT(SG,MASC)	mosiężnemu
Inflect mosiężny | ADJ;DAT(SG,NEUT)	mosiężnemu
Inflect mosiężny | ADJ;NOM(PL,MASC,HUM)	mosiężni
Inflect mosiężny | ADJ;ACC(SG,MASC,INAN)	mosiężny
Inflect mosiężny | ADJ;ESS(PL)	mosiężnych
Inflect mosiężny | ADJ;GEN(PL)	mosiężnych
Inflect mosiężny | ADJ;ACC(PL,MASC,HUM)	mosiężnych
Inflect mosiężny | ADJ;DAT(PL)	mosiężnym
Inflect mosiężny | ADJ;ESS(SG,MASC)	mosiężnym
Inflect mosiężny | ADJ;INS(SG,MASC)	mosiężnym
Inflect mosiężny | ADJ;ESS(SG,NEUT)	mosiężnym
Inflect mosiężny | ADJ;INS(SG,NEUT)	mosiężnym
Inflect samochód | N;ESS(PL)	samochodach
Inflect samochód | N;INS(PL)	samochodami
Inflect samochód | N;INS(SG)	samochodem
Inflect samochód | N;NOM(SG)	samochód
Inflect samochód | N;DAT(PL)	samochodom
Inflect samochód | N;DAT(SG)	samochodowi
Inflect samochód | N;GEN(PL)	samochodów
Inflect samochód | N;VOC(PL)	samochody
Inflect samochód | N;ESS(SG)	samochodzie
Inflect samochód | N;VOC(SG)	samochodzie
Inflect ostrożny | ADJ;INS(SG,FEM)	ostrożną
Inflect ostrożny | ADJ;NOM(SG,FEM)	ostrożna
Inflect ostrożny | ADJ;ACC(SG,NEUT)	ostrożne
Inflect ostrożny | ADJ;NOM(SG,NEUT)	ostrożne
Inflect ostrożny | ADJ;NOM(PL)	ostrożne
Inflect ostrożny | ADJ;ACC(SG,MASC,ANIM)	ostrożnego
Inflect ostrożny | ADJ;GEN(SG,MASC)	ostrożnego
Inflect ostrożny | ADJ;GEN(SG,NEUT)	ostrożnego
Inflect ostrożny | ADJ;DAT(SG,FEM)	ostrożnej
Inflect ostrożny | ADJ;ESS(SG,FEM)	ostrożnej
Inflect ostrożny | ADJ;GEN(SG,FEM)	ostrożnej
Inflect ostrożny | ADJ;DAT(SG,MASC)	ostrożnemu
Inflect ostrożny | ADJ;DAT(SG,NEUT)	ostrożnemu
Inflect ostrożny | ADJ;ACC(SG,MASC,INAN)	ostrożny
Inflect ostrożny | ADJ;NOM(SG,MASC)	ostrożny
Inflect ostrożny | ADJ;GEN(PL)	ostrożnych
Inflect ostrożny | ADJ;ACC(PL,MASC,HUM)	ostrożnych
Inflect ostrożny | ADJ;ESS(SG,MASC)	ostrożnym
Inflect ostrożny | ADJ;INS(SG,NEUT)	ostrożnym
Inflect ostrożny | ADJ;INS(PL)	ostrożnymi
Inflect potoczny | ADJ;ACC(SG,FEM)	potoczną
Inflect potoczny | ADJ;INS(SG,FEM)	potoczną
Inflect potoczny | ADJ;ACC(PL)	potoczne
Inflect potoczny | ADJ;ACC(SG,NEUT)	potoczne
Inflect potoczny | ADJ;NOM(PL)	potoczne
Inflect potoczny | ADJ;ACC(SG,MASC,ANIM)	potocznego
Inflect potoczny | ADJ;GEN(SG,MASC)	potocznego
Inflect potoczny | ADJ;ACC(SG,MASC,HUM)	potocznego
Inflect potoczny | ADJ;GEN(SG,NEUT)	potocznego
Inflect potoczny | ADJ;DAT(SG,FEM)	potocznej
Inflect potoczny | ADJ;ESS(SG,FEM)	potocznej
Inflect potoczny | ADJ;DAT(SG,MASC)	potocznemu
Inflect potoczny | ADJ;DAT(SG,NEUT)	potocznemu
Inflect potoczny | ADJ;NOM(PL,MASC,HUM)	potoczni
Inflect potoczny | ADJ;ACC(SG,MASC,INAN)	potoczny
Inflect potoczny | ADJ;NOM(SG,MASC)	potoczny
Inflect potoczny | ADJ;ESS(PL)	potocznych
Inflect potoczny | ADJ;GEN(PL)	potocznych
Inflect potoczny | ADJ;DAT(PL)	potocznym
Inflect potoczny | ADJ;ESS(SG,MASC)	potocznym
Inflect potoczny | ADJ;INS(SG,MASC)	potocznym
Inflect potoczny | ADJ;ESS(SG,NEUT)	potocznym
Inflect potoczny | ADJ;INS(SG,NEUT)	potocznym
Inflect potoczny | ADJ;INS(PL)	potocznymi
Inflect protokół | N;INS(PL)	protokołami
Inflect protokół | N;ACC(SG)	protokół
Inflect protokół | N;NOM(SG)	protokół
Inflect protokół | N;DAT(PL)	protokołom
Inflect protokół | N;DAT(SG)	protokołowi
Inflect protokół | N;GEN(SG)	protokołu
Inflect protokół | N;ACC(PL)	protokoły
Inflect protokół | N;NOM(PL)	protokoły
Inflect protokół | N;VOC(PL)	protokoły
Inflect teoretyczny | ADJ;ACC(SG,FEM)	teoretyczną
Inflect teoretyczny | ADJ;INS(SG,FEM)	teoretyczną
Inflect teoretyczny | ADJ;NOM(SG,FEM)	teoretyczna
Inflect teoretyczny | ADJ;ACC(SG,NEUT)	teoretyczne
Inflect teoretyczny | ADJ;NOM(PL)	teoretyczne
Inflect teoretyczny | ADJ;ACC(SG,MASC,ANIM)	teoretycznego
Inflect teoretyczny | ADJ;GEN(SG,MASC)	teoretycznego
Inflect teoretyczny | ADJ;ACC(SG,MASC,HUM)	teoretycznego
Inflect teoretyczny | ADJ;GEN(SG,NEUT)	teoretycznego
Inflect teoretyczny | ADJ;DAT(SG,FEM)	teoretycznej
Inflect teoretyczny | ADJ;DAT(SG,NEUT)	teoretycznemu
Inflect teoretyczny | ADJ;NOM(PL,MASC,HUM)	teoretyczni
Inflect teoretyczny | ADJ;NOM(SG,MASC)	teoretyczny
Inflect teoretyczny | ADJ;GEN(PL)	teoretycznych
Inflect teoretyczny | ADJ;ACC(PL,MASC,HUM)	teoretycznych
Inflect teoretyczny | ADJ;DAT(PL)	teoretycznym
Inflect teoretyczny | ADJ;ESS(SG,MASC)	teoretycznym
Inflect teoretyczny | ADJ;INS(SG,MASC)	teoretycznym
Inflect teoretyczny | ADJ;ESS(SG,NEUT)	teoretycznym
Inflect teoretyczny | ADJ;INS(SG,NEUT)	teoretycznym
Inflect szachista | N;DAT(SG)	szachiście
Inflect szachista | N;ESS(SG)	szachiście
Inflect szachista | N;NOM(PL)	szachiści
Inflect szachista | N;VOC(PL)	szachiści
Inflect szachista | N;ESS(PL)	szachistach
Inflect szachista | N;INS(PL)	szachistami
Inflect szachista | N;ACC(SG)	szachistę
Inflect szachista | N;ACC(PL)	szachistów
Inflect szachista | N;GEN(PL)	szachistów
Inflect szachista | N;GEN(SG)	szachisty
Inflect shogun | N;GEN(SG)	shoguna
Inflect shogun | N;INS(SG)	shogunem
Inflect shogun | N;ESS(SG)	shogunie
Inflect shogun | N;DAT(PL)	shogunom
Inflect shogun | N;GEN(PL)	shogunów
Inflect motocykl | N;ESS(PL)	motocyklach
Inflect motocykl | N;INS(PL)	motocyklami
Inflect motocykl | N;GEN(SG)	motocykla
Inflect motocykl | N;ACC(PL)	motocykle
Inflect motocykl | N;NOM(PL)	motocykle
Inflect motocykl | N;VOC(PL)	motocykle
Inflect motocykl | N;ACC(SG)	motocykl
Inflect motocykl | N;NOM(SG)	motocykl
Inflect motocykl | N;DAT(PL)	motocyklom
Inflect motocykl | N;DAT(SG)	motocyklowi
Inflect motocykl | N;ESS(SG)	motocyklu
Inflect motocykl | N;VOC(SG)	motocyklu
Inflect bratanek | N;NOM(SG)	bratanek
Inflect bratanek | N;ESS(PL)	bratankach
Inflect bratanek | N;INS(PL)	bratankami
Inflect bratanek | N;ACC(SG)	bratanka
Inflect bratanek | N;GEN(SG)	bratanka
Inflect bratanek | N;INS(SG)	bratankiem
Inflect bratanek | N;DAT(PL)	bratankom
Inflect bratanek | N;DAT(SG)	bratankowi
Inflect bratanek | N;GEN(PL)	bratanków
Inflect bratanek | N;ESS(SG)	bratanku
Inflect bratanek | N;VOC(SG)	bratanku
Inflect atlas | N;INS(PL)	atlasami
Inflect atlas | N;INS(SG)	atlasem
Inflect atlas | N;NOM(SG)	atlas
Inflect atlas | N;DAT(PL)	atlasom
Inflect atlas | N;GEN(PL)	atlasów
Inflect atlas | N;ACC(PL)	atlasy
Inflect atlas | N;VOC(PL)	atlasy
Inflect nadużycie | N;INS(PL)	nadużyciami
Inflect nadużycie | N;ACC(PL)	nadużycia
Inflect nadużycie | N;NOM(PL)	nadużycia
Inflect nadużycie | N;VOC(PL)	nadużycia
Inflect nadużycie | N;INS(SG)	nadużyciem
Inflect nadużycie | N;ACC(SG)	nadużycie
Inflect nadużycie | N;NOM(SG)	nadużycie
Inflect nadużycie | N;VOC(SG)	nadużycie
Inflect nadużycie | N;DAT(PL)	nadużyciom
Inflect nadużycie | N;DAT(SG)	nadużyciu
Inflect nadużycie | N;ESS(SG)	nadużyciu
Inflect nadużycie | N;GEN(PL)	nadużyć
Inflect żubroń | N;ESS(PL)	żubroniach
Inflect żubroń | N;INS(PL)	żubroniami
Inflect żubroń | N;ACC(SG)	żubronia
Inflect żubroń | N;GEN(SG)	żubronia
Inflect żubroń | N;INS(SG)	żubroniem
Inflect żubroń | N;VOC(PL)	żubronie
Inflect żubroń | N;GEN(PL)	żubroni
Inflect żubroń | N;DAT(SG)	żubroniowi
Inflect żubroń | N;ESS(SG)	żubroniu
Inflect żubroń | N;NOM(SG)	żubroń
Inflect bałtosłowiański | ADJ;NOM(PL,MASC,HUM)	bałtosłowiańscy
Inflect bałtosłowiański | ADJ;INS(SG,FEM)	bałtosłowiańską
Inflect bałtosłowiański | ADJ;NOM(SG,FEM)	bałtosłowiańska
Inflect bałtosłowiański | ADJ;ACC(SG,MASC,INAN)	bałtosłowiański
Inflect bałtosłowiański | ADJ;NOM(SG,MASC)	bałtosłowiański
Inflect bałtosłowiański | ADJ;ESS(PL)	bałtosłowiańskich
Inflect bałtosłowiański | ADJ;GEN(PL)	bałtosłowiańskich
Inflect bałtosłowiański | ADJ;ACC(PL,MASC,HUM)	bałtosłowiańskich
Inflect bałtosłowiański | ADJ;ACC(PL)	bałtosłowiańskie
Inflect bałtosłowiański | ADJ;ACC(SG,NEUT)	bałtosłowiańskie
Inflect bałtosłowiański | ADJ;NOM(SG,NEUT)	bałtosłowiańskie
Inflect bałtosłowiański | ADJ;GEN(SG,MASC)	bałtosłowiańskiego
Inflect bałtosłowiański | ADJ;DAT(SG,FEM)	bałtosłowiańskiej
Inflect bałtosłowiański | ADJ;GEN(SG,FEM)	bałtosłowiańskiej
Inflect bałtosłowiański | ADJ;DAT(SG,NEUT)	bałtosłowiańskiemu
Inflect bałtosłowiański | ADJ;DAT(PL)	bałtosłowiańskim
Inflect bałtosłowiański | ADJ;ESS(SG,MASC)	bałtosłowiańskim
Inflect bałtosłowiański | ADJ;INS(SG,MASC)	bałtosłowiańskim
Inflect bałtosłowiański | ADJ;INS(SG,NEUT)	bałtosłowiańskim
Inflect zszywacz | N;ESS(PL)	zszywaczach
Inflect zszywacz | N;INS(PL)	zszywaczami
Inflect zszywacz | N;GEN(SG)	zszywacza
Inflect zszywacz | N;INS(SG)	zszywaczem
Inflect zszywacz | N;ACC(PL)	zszywacze
Inflect zszywacz | N;NOM(PL)	zszywacze
Inflect zszywacz | N;VOC(PL)	zszywacze
Inflect zszywacz | N;ACC(SG)	zszywacz
Inflect zszywacz | N;NOM(SG)	zszywacz
Inflect zszywacz | N;DAT(PL)	zszywaczom
Inflect zszywacz | N;ESS(SG)	zszywaczu
Inflect zszywacz | N;VOC(SG)	zszywaczu
Inflect zszywacz | N;GEN(PL)	zszywaczy
Inflect bezpieczeństwo | N;GEN(PL)	bezpieczeństew
Inflect bezpieczeństwo | N;INS(PL)	bezpieczeństwami
Inflect bezpieczeństwo | N;ACC(PL)	bezpieczeństwa
Inflect bezpieczeństwo | N;ESS(SG)	bezpieczeństwie
Inflect bezpieczeństwo | N;DAT(PL)	bezpieczeństwom
Inflect bezpieczeństwo | N;ACC(SG)	bezpieczeństwo
Inflect bezpieczeństwo | N;NOM(SG)	bezpieczeństwo
Inflect bezpieczeństwo | N;VOC(SG)	bezpieczeństwo
Inflect łuna | N;GEN(PL)	łun
Inflect cyberprzestrzeń | N;ESS(PL)	cyberprzestrzeniach
Inflect cyberprzestrzeń | N;INS(SG)	cyberprzestrzenią
Inflect cyberprzestrzeń | N;ACC(PL)	cyberprzestrzenie
Inflect cyberprzestrzeń | N;NOM(PL)	cyberprzestrzenie
Inflect cyberprzestrzeń | N;VOC(PL)	cyberprzestrzenie
Inflect cyberprzestrzeń | N;DAT(SG)	cyberprzestrzeni
Inflect cyberprzestrzeń | N;ESS(SG)	cyberprzestrzeni
Inflect cyberprzestrzeń | N;GEN(PL)	cyberprzestrzeni
Inflect cyberprzestrzeń | N;GEN(SG)	cyberprzestrzeni
Inflect cyberprzestrzeń | N;DAT(PL)	cyberprzestrzeniom
Inflect cyberprzestrzeń | N;NOM(SG)	cyberprzestrzeń
Inflect reklama | N;INS(PL)	reklamami
Inflect reklama | N;INS(SG)	reklamą
Inflect reklama | N;NOM(SG)	reklama
Inflect reklama | N;ESS(SG)	reklamie
Inflect reklama | N;GEN(PL)	reklam
Inflect reklama | N;VOC(SG)	reklamo
Inflect reklama | N;ACC(PL)	reklamy
Inflect reklama | N;NOM(PL)	reklamy
Inflect reklama | N;VOC(PL)	reklamy
Inflect spis treści | N;INS(PL)	spisami treści
Inflect spis treści | N;INS(SG)	spisem treści
Inflect spis treści | N;ESS(SG)	spisie treści
Inflect spis treści | N;VOC(SG)	spisie treści
Inflect spis treści | N;DAT(PL)	spisom treści
Inflect spis treści | N;ACC(SG)	spis treści
Inflect spis treści | N;NOM(SG)	spis treści
Inflect spis treści | N;GEN(SG)	spisu treści
Inflect spis treści | N;NOM(PL)	spisy treści
Inflect spis treści | N;VOC(PL)	spisy treści
Inflect półka | N;NOM(PL)	półki
Inflect wybitniejszy | ADJ;NOM(PL,MASC,HUM)	wybitniejsi
Inflect wybitniejszy | ADJ;ACC(SG,FEM)	wybitniejszą
Inflect wybitniejszy | ADJ;INS(SG,FEM)	wybitniejszą
Inflect wybitniejszy | ADJ;NOM(SG,FEM)	wybitniejsza
Inflect wybitniejszy | ADJ;ACC(SG,NEUT)	wybitniejsze
Inflect wybitniejszy | ADJ;NOM(SG,NEUT)	wybitniejsze
Inflect wybitniejszy | ADJ;NOM(PL)	wybitniejsze
Inflect wybitniejszy | ADJ;ACC(SG,MASC,ANIM)	wybitniejszego
Inflect wybitniejszy | ADJ;GEN(SG,MASC)	wybitniejszego
Inflect wybitniejszy | ADJ;GEN(SG,NEUT)	wybitniejszego
Inflect wybitniejszy | ADJ;ESS(SG,FEM)	wybitniejszej
Inflect wybitniejszy | ADJ;GEN(SG,FEM)	wybitniejszej
Inflect wybitniejszy | ADJ;DAT(SG,MASC)	wybitniejszemu
Inflect wybitniejszy | ADJ;ACC(SG,MASC,INAN)	wybitniejszy
Inflect wybitniejszy | ADJ;NOM(SG,MASC)	wybitniejszy
Inflect wybitniejszy | ADJ;ESS(PL)	wybitniejszych
Inflect wybitniejszy | ADJ;GEN(PL)	wybitniejszych
Inflect wybitniejszy | ADJ;ACC(PL,MASC,HUM)	wybitniejszych
Inflect wybitniejszy | ADJ;DAT(PL)	wybitniejszym
Inflect wybitniejszy | ADJ;INS(SG,MASC)	wybitniejszym
Inflect wybitniejszy | ADJ;ESS(SG,NEUT)	wybitniejszym
Inflect wybitniejszy | ADJ;INS(SG,NEUT)	wybitniejszym
Inflect wybitniejszy | ADJ;INS(PL)	wybitniejszymi
Inflect smarkać | V;FUT;3;PL;MASC;HUM	będą smarkali
Inflect smarkać | V;FUT;3;PL	będą smarkały
Inflect smarkać | V;FUT;1;SG;FEM	będę smarkała
Inflect smarkać | V;FUT;1;PL;MASC;HUM	będziemy smarkali
Inflect smarkać | V;FUT;1;PL	będziemy smarkały
Inflect smarkać | V;FUT;3;SG;FEM	będzie smarkała
Inflect smarkać | V;FUT;3;SG;NEUT	będzie smarkało
Inflect smarkać | V;FUT;2;SG;FEM	będziesz smarkała
Inflect smarkać | V;FUT;2;SG;MASC	będziesz smarkał
Inflect smarkać | V;IMP;3;PL	niech smarkają
Inflect smarkać | V;IMP;3;SG	niech smarka
Inflect smarkać | V;PRS;2;PL	smarkacie
Inflect smarkać | V;NFIN	smarkać
Inflect smarkać | V.PTCP;PST;ACT;SG;FEM	smarkająca
Inflect smarkać | V.PTCP;PST;ACT;SG;NEUT	smarkające
Inflect smarkać | V.PTCP;PST;ACT;PL;MASC;HUM	smarkający
Inflect smarkać | V.PTCP;PST;ACT;SG;MASC	smarkający
Inflect smarkać | V;PRS;3;PL	smarkają
Inflect smarkać | V;IMP;2;PL	smarkajcie
Inflect smarkać | V;IMP;1;PL	smarkajmy
Inflect smarkać | V;IMP;2;SG	smarkaj
Inflect smarkać | V;COND;1;SG;FEM	smarkałabym
Inflect smarkać | V;COND;3;SG;FEM	smarkałaby
Inflect smarkać | V;PST;1;SG;FEM	smarkałam
Inflect smarkać | V;PST;2;SG;FEM	smarkałaś
Inflect smarkać | V;PST;3;SG;FEM	smarkała
Inflect smarkać | V;COND;1;SG;MASC	smarkałbym
Inflect smarkać | V;COND;3;SG;MASC	smarkałby
Inflect smarkać | V;PST;1;SG;MASC	smarkałem
Inflect smarkać | V;PST;2;SG;MASC	smarkałeś
Inflect smarkać | V;COND;2;PL;MASC;HUM	smarkalibyście
Inflect smarkać | V;COND;1;PL;MASC;HUM	smarkalibyśmy
Inflect smarkać | V;PST;2;PL;MASC;HUM	smarkaliście
Inflect smarkać | V;PST;1;PL;MASC;HUM	smarkaliśmy
Inflect smarkać | V;PST;3;PL;MASC;HUM	smarkali
Inflect smarkać | V;COND;3;SG;NEUT	smarkałoby
Inflect smarkać | V;PST;3;SG;NEUT	smarkało
Inflect smarkać | V;PST;3;SG;MASC	smarkał
Inflect smarkać | V;COND;1;PL	smarkałybyśmy
Inflect smarkać | V;COND;3;PL	smarkałyby
Inflect smarkać | V;PST;2;PL	smarkałyście
Inflect smarkać | V;PST;1;PL	smarkałyśmy
Inflect smarkać | V.MSDR	smarkanie
Inflect smarkać | V.PTCP;PST;PASS	smarkano
Inflect smarkać | V;PRS;3;SG	smarka
Inflect nadzorować | V;FUT;3;PL	będą nadzorowały
Inflect nadzorować | V;FUT;1;SG;MASC	będę nadzorował
Inflect nadzorować | V;FUT;2;PL	będziecie nadzorowały
Inflect nadzorować | V;FUT;1;PL;MASC;HUM	będziemy nadzorowali
Inflect nadzorować | V;FUT;1;PL	będziemy nadzorowały
Inflect nadzorować | V;FUT;3;SG;FEM	będzie nadzorowała
Inflect nadzorować | V;FUT;3;SG;MASC	będzie nadzorował
Inflect nadzorować | V;FUT;2;SG;FEM	będziesz nadzorowała
Inflect nadzorować | V;COND;2;SG;FEM	nadzorowałabyś
Inflect nadzorować | V;PST;3;SG;FEM	nadzorowała
Inflect nadzorować | V;COND;1;SG;MASC	nadzorowałbym
Inflect nadzorować | V;COND;2;SG;MASC	nadzorowałbyś
Inflect nadzorować | V;COND;3;SG;MASC	nadzorowałby
Inflect nadzorować | V;PST;1;SG;MASC	nadzorowałem
Inflect nadzorować | V;PST;2;SG;MASC	nadzorowałeś
Inflect nadzorować | V;COND;2;PL;MASC;HUM	nadzorowalibyście
Inflect nadzorować | V;COND;1;PL;MASC;HUM	nadzorowalibyśmy
Inflect nadzorować | V;COND;3;PL;MASC;HUM	nadzorowaliby
Inflect nadzorować | V;PST;2;PL;MASC;HUM	nadzorowaliście
Inflect nadzorować | V;PST;1;PL;MASC;HUM	nadzorowaliśmy
Inflect nadzorować | V;PST;3;PL;MASC;HUM	nadzorowali
Inflect nadzorować | V;COND;3;SG;NEUT	nadzorowałoby
Inflect nadzorować | V;PST;3;SG;NEUT	nadzorowało
Inflect nadzorować | V;PST;3;SG;MASC	nadzorował
Inflect nadzorować | V;COND;2;PL	nadzorowałybyście
Inflect nadzorować | V;COND;3;PL	nadzorowałyby
Inflect nadzorować | V;PST;2;PL	nadzorowałyście
Inflect nadzorować | V;PST;3;PL	nadzorowały
Inflect nadzorować | V.PTCP;PST;PASS;SG;FEM	nadzorowana
Inflect nadzorować | V.PTCP;PST;PASS;PL	nadzorowane
Inflect nadzorować | V.PTCP;PST;PASS;SG;NEUT	nadzorowane
Inflect nadzorować | V.MSDR	nadzorowanie
Inflect nadzorować | V.PTCP;PST;PASS;PL;MASC;HUM	nadzorowani
Inflect nadzorować | V.PTCP;PST;PASS	nadzorowano
Inflect nadzorować | V.PTCP;PST;PASS;SG;MASC	nadzorowany
Inflect nadzorować | V.PTCP;PST;ACT;SG;FEM	nadzorująca
Inflect nadzorować | V.PTCP;PST;ACT;PL	nadzorujące
Inflect nadzorować | V.PTCP;PST;ACT;SG;NEUT	nadzorujące
Inflect nadzorować | V.CVB	nadzorując
Inflect nadzorować | V;IMP;2;PL	nadzorujcie
Inflect nadzorować | V;PRS;2;SG	nadzorujesz
Inflect nadzorować | V;PRS;3;SG	nadzoruje
Inflect nadzorować | V;IMP;1;PL	nadzorujmy
Inflect nadzorować | V;IMP;3;PL	niech nadzorują
Inflect nadzorować | V;IMP;3;SG	niech nadzoruje
Inflect popcorn | N;INS(SG)	popcornem
Inflect popcorn | N;ESS(SG)	popcornie
Inflect popcorn | N;VOC(SG)	popcornie
Inflect popcorn | N;ACC(SG)	popcorn
Inflect popcorn | N;NOM(SG)	popcorn
Inflect popcorn | N;GEN(SG)	popcornu
Inflect banknot | N;ESS(SG)	banknocie
Inflect banknot | N;ESS(PL)	banknotach
Inflect banknot | N;INS(PL)	banknotami
Inflect banknot | N;INS(SG)	banknotem
Inflect banknot | N;NOM(SG)	banknot
Inflect banknot | N;DAT(PL)	banknotom
Inflect banknot | N;GEN(SG)	banknotu
Inflect banknot | N;ACC(PL)	banknoty
Inflect banknot | N;NOM(PL)	banknoty
Inflect banknot | N;VOC(PL)	banknoty
Inflect krzywa | N;ACC(SG)	krzywą
Inflect krzywa | N;INS(SG)	krzywą
Inflect krzywa | N;NOM(SG)	krzywa
Inflect krzywa | N;VOC(SG)	krzywa
Inflect krzywa | N;DAT(SG)	krzywej
Inflect krzywa | N;GEN(SG)	krzywej
Inflect krzywa | N;ACC(PL)	krzywe
Inflect krzywa | N;NOM(PL)	krzywe
Inflect krzywa | N;VOC(PL)	krzywe
Inflect krzywa | N;DAT(PL)	krzywym
Inflect szwajcar | N;ACC(SG)	szwajcara
Inflect pojeb | N;ESS(PL)	pojebach
Inflect pojeb | N;INS(PL)	pojebami
Inflect pojeb | N;INS(SG)	pojebem
Inflect pojeb | N;ESS(SG)	pojebie
Inflect pojeb | N;VOC(SG)	pojebie
Inflect pojeb | N;NOM(SG)	pojeb
Inflect pojeb | N;DAT(PL)	pojebom
Inflect pojeb | N;DAT(SG)	pojebowi
Inflect pojeb | N;ACC(PL)	pojebów
Inflect pojeb | N;NOM(PL)	pojeby
Inflect pojeb | N;VOC(PL)	pojeby
Inflect fruwać | V;FUT;3;PL;MASC;HUM	będą fruwali
Inflect fruwać | V;FUT;1;SG;FEM	będę fruwała
Inflect fruwać | V;FUT;2;PL;MASC;HUM	będziecie fruwali
Inflect fruwać | V;FUT;3;SG;FEM	będzie fruwała
Inflect fruwać | V;FUT;1;PL;MASC;HUM	będziemy fruwali
Inflect fruwać | V;FUT;1;PL	będziemy fruwały
Inflect fruwać | V;FUT;2;SG;FEM	będziesz fruwała
Inflect fruwać | V;FUT;2;SG;MASC	będziesz fruwał
Inflect fruwać | V;PRS;2;PL	fruwacie
Inflect fruwać | V;NFIN	fruwać
Inflect fruwać | V.CVB	fruwając
Inflect fruwać | V.PTCP;PST;ACT;SG;MASC	fruwający
Inflect fruwać | V;IMP;2;PL	fruwajcie
Inflect fruwać | V;IMP;1;PL	fruwajmy
Inflect fruwać | V;COND;1;SG;FEM	fruwałabym
Inflect fruwać | V;COND;2;SG;FEM	fruwałabyś
Inflect fruwać | V;COND;3;SG;FEM	fruwałaby
Inflect fruwać | V;PST;1;SG;FEM	fruwałam
Inflect fruwać | V;PST;3;SG;FEM	fruwała
Inflect fruwać | V;COND;1;SG;MASC	fruwałbym
Inflect fruwać | V;COND;2;SG;MASC	fruwałbyś
Inflect fruwać | V;PST;1;SG;MASC	fruwałem
Inflect fruwać | V;PST;2;SG;MASC	fruwałeś
Inflect fruwać | V;COND;2;PL;MASC;HUM	fruwalibyście
Inflect fruwać | V;COND;1;PL;MASC;HUM	fruwalibyśmy
Inflect fruwać | V;COND;3;PL;MASC;HUM	fruwaliby
Inflect fruwać | V;PST;1;PL;MASC;HUM	fruwaliśmy
Inflect fruwać | V;PST;3;PL;MASC;HUM	fruwali
Inflect fruwać | V;COND;3;SG;NEUT	fruwałoby
Inflect fruwać | V;PST;3;SG;NEUT	fruwało
Inflect fruwać | V;PST;3;SG;MASC	fruwał
Inflect fruwać | V;COND;2;PL	fruwałybyście
Inflect fruwać | V;COND;1;PL	fruwałybyśmy
Inflect fruwać | V;PST;1;PL	fruwałyśmy
Inflect fruwać | V;PRS;1;SG	fruwam
Inflect fruwać | V;PRS;1;PL	fruwamy
Inflect fruwać | V.PTCP;PST;PASS	fruwano
Inflect fruwać | V;PRS;2;SG	fruwasz
Inflect fruwać | V;PRS;3;SG	fruwa
Inflect fruwać | V;IMP;3;PL	niech fruwają
Inflect fruwać | V;IMP;3;SG	niech fruwa
Inflect odmienniejszy | ADJ;ACC(SG,FEM)	odmienniejszą
Inflect odmienniejszy | ADJ;ACC(SG,NEUT)	odmienniejsze
Inflect odmienniejszy | ADJ;NOM(SG,NEUT)	odmienniejsze
Inflect odmienniejszy | ADJ;NOM(PL)	odmienniejsze
Inflect odmienniejszy | ADJ;ACC(SG,MASC,ANIM)	odmienniejszego
Inflect odmienniejszy | ADJ;GEN(SG,NEUT)	odmienniejszego
Inflect odmienniejszy | ADJ;DAT(SG,FEM)	odmienniejszej
Inflect odmienniejszy | ADJ;ESS(SG,FEM)	odmienniejszej
Inflect odmienniejszy | ADJ;GEN(SG,FEM)	odmienniejszej
Inflect odmienniejszy | ADJ;DAT(SG,MASC)	odmienniejszemu
Inflect odmienniejszy | ADJ;ACC(SG,MASC,INAN)	odmienniejszy
Inflect odmienniejszy | ADJ;NOM(SG,MASC)	odmienniejszy
Inflect odmienniejszy | ADJ;ESS(PL)	odmienniejszych
Inflect odmienniejszy | ADJ;GEN(PL)	odmienniejszych
Inflect odmienniejszy | ADJ;ACC(PL,MASC,HUM)	odmienniejszych
Inflect odmienniejszy | ADJ;ESS(SG,MASC)	odmienniejszym
Inflect odmienniejszy | ADJ;INS(SG,MASC)	odmienniejszym
Inflect odmienniejszy | ADJ;ESS(SG,NEUT)	odmienniejszym
Inflect odmienniejszy | ADJ;INS(SG,NEUT)	odmienniejszym
Inflect rzeka | N;DAT(SG)	rzece
Inflect rzeka | N;INS(PL)	rzekami
Inflect rzeka | N;INS(SG)	rzeką
Inflect rzeka | N;NOM(SG)	rzeka
Inflect rzeka | N;ACC(SG)	rzekę
Inflect rzeka | N;ACC(PL)	rzeki
Inflect rzeka | N;GEN(SG)	rzeki
Inflect rzeka | N;VOC(PL)	rzeki
Inflect rzeka | N;GEN(PL)	rzek
Inflect rzeka | N;DAT(PL)	rzekom
Inflect rzeka | N;VOC(SG)	rzeko
Inflect spróbować | V;IMP;3;PL	niech spróbują
Inflect spróbować | V;IMP;1;SG	niech spróbuję
Inflect spróbować | V;IMP;3;SG	niech spróbuje
Inflect spróbować | V;NFIN	spróbować
Inflect spróbować | V;COND;1;SG;FEM	spróbowałabym
Inflect spróbować | V;COND;3;SG;FEM	spróbowałaby
Inflect spróbować | V;PST;1;SG;FEM	spróbowałam
Inflect spróbować | V;PST;2;SG;FEM	spróbowałaś
Inflect spróbować | V;PST;3;SG;FEM	spróbowała
Inflect spróbować | V;COND;1;SG;MASC	spróbowałbym
Inflect spróbować | V;COND;3;SG;MASC	spróbowałby
Inflect spróbować | V;PST;2;SG;MASC	spróbowałeś
Inflect spróbować | V;COND;2;PL;MASC;HUM	spróbowalibyście
Inflect spróbować | V;COND;1;PL;MASC;HUM	spróbowalibyśmy
Inflect spróbować | V;COND;3;PL;MASC;HUM	spróbowaliby
Inflect spróbować | V;COND;3;SG;NEUT	spróbowałoby
Inflect spróbować | V;PST;3;SG;NEUT	spróbowało
Inflect spróbować | V;PST;3;SG;MASC	spróbował
Inflect spróbować | V;COND;2;PL	spróbowałybyście
Inflect spróbować | V;COND;1;PL	spróbowałybyśmy
Inflect spróbować | V;COND;3;PL	spróbowałyby
Inflect spróbować | V;PST;2;PL	spróbowałyście
Inflect spróbować | V;PST;1;PL	spróbowałyśmy
Inflect spróbować | V;PST;3;PL	spróbowały
Inflect spróbować | V.PTCP;PST;PASS;SG;FEM	spróbowana
Inflect spróbować | V.MSDR	spróbowanie
Inflect spróbować | V.PTCP;PST;PASS;PL;MASC;HUM	spróbowani
Inflect spróbować | V.PTCP;PST;PASS	spróbowano
Inflect spróbować | V.PTCP;PST;PASS;SG;MASC	spróbowany
Inflect spróbować | V.CVB;PST	spróbowawszy
Inflect spróbować | V;IMP;2;PL	spróbujcie
Inflect spróbować | V;FUT;2;PL	spróbujecie
Inflect spróbować | V;FUT;1;PL	spróbujemy
Inflect spróbować | V;FUT;2;SG	spróbujesz
Inflect spróbować | V;FUT;3;SG	spróbuje
Inflect spróbować | V;IMP;1;PL	spróbujmy
Inflect spróbować | V;IMP;2;SG	spróbuj
Inflect nepalski | ADJ;ACC(SG,FEM)	nepalską
Inflect nepalski | ADJ;NOM(SG,MASC)	nepalski
Inflect nepalski | ADJ;GEN(PL)	nepalskich
Inflect nepalski | ADJ;ACC(PL)	nepalskie
Inflect nepalski | ADJ;ACC(SG,NEUT)	nepalskie
Inflect nepalski | ADJ;NOM(SG,NEUT)	nepalskie
Inflect nepalski | ADJ;NOM(PL)	nepalskie
Inflect nepalski | ADJ;GEN(SG,MASC)	nepalskiego
Inflect nepalski | ADJ;ACC(SG,MASC,HUM)	nepalskiego
Inflect nepalski | ADJ;GEN(SG,NEUT)	nepalskiego
Inflect nepalski | ADJ;GEN(SG,FEM)	nepalskiej
Inflect nepalski | ADJ;DAT(SG,MASC)	nepalskiemu
Inflect nepalski | ADJ;DAT(SG,NEUT)	nepalskiemu
Inflect nepalski | ADJ;DAT(PL)	nepalskim
Inflect nepalski | ADJ;INS(SG,MASC)	nepalskim
Inflect nepalski | ADJ;ESS(SG,NEUT)	nepalskim
Inflect nepalski | ADJ;INS(PL)	nepalskimi
Inflect tracić | V;COND;1;PL	traciłybyśmy
Inflect magnez | N;INS(SG)	magnezem
Inflect magnez | N;ACC(SG)	magnez
Inflect magnez | N;NOM(SG)	magnez
Inflect magnez | N;DAT(SG)	magnezowi
Inflect magnez | N;GEN(SG)	magnezu
Inflect równość | N;ESS(PL)	równościach
Inflect równość | N;INS(PL)	równościami
Inflect równość | N;INS(SG)	równością
Inflect równość | N;ACC(PL)	równości
Inflect równość | N;DAT(SG)	równości
Inflect równość | N;ESS(SG)	równości
Inflect równość | N;GEN(PL)	równości
Inflect równość | N;GEN(SG)	równości
Inflect równość | N;NOM(PL)	równości
Inflect równość | N;VOC(PL)	równości
Inflect równość | N;DAT(PL)	równościom
Inflect równość | N;ACC(SG)	równość
Inflect równość | N;NOM(SG)	równość
Inflect otrzymanie | N;GEN(SG)	otrzymania
Inflect otrzymanie | N;INS(SG)	otrzymaniem
Inflect otrzymanie | N;NOM(SG)	otrzymanie
Inflect otrzymanie | N;DAT(SG)	otrzymaniu
Inflect otrzymanie | N;ESS(SG)	otrzymaniu
Inflect płatek | N;NOM(SG)	płatek
Inflect płatek | N;ESS(PL)	płatkach
Inflect płatek | N;GEN(SG)	płatka
Inflect płatek | N;INS(SG)	płatkiem
Inflect płatek | N;ACC(PL)	płatki
Inflect płatek | N;VOC(PL)	płatki
Inflect płatek | N;DAT(PL)	płatkom
Inflect płatek | N;ESS(SG)	płatku
Inflect płatek | N;VOC(SG)	płatku
Inflect planimetria | N;INS(SG)	planimetrią
Inflect planimetria | N;NOM(SG)	planimetria
Inflect planimetria | N;ACC(SG)	planimetrię
Inflect planimetria | N;ESS(SG)	planimetrii
Inflect planimetria | N;GEN(SG)	planimetrii
Inflect planimetria | N;VOC(SG)	planimetrio
Inflect czasomierz | N;ESS(PL)	czasomierzach
Inflect czasomierz | N;INS(PL)	czasomierzami
Inflect czasomierz | N;GEN(SG)	czasomierza
Inflect czasomierz | N;ACC(PL)	czasomierze
Inflect czasomierz | N;NOM(PL)	czasomierze
Inflect czasomierz | N;VOC(PL)	czasomierze
Inflect czasomierz | N;ACC(SG)	czasomierz
Inflect czasomierz | N;NOM(SG)	czasomierz
Inflect czasomierz | N;DAT(PL)	czasomierzom
Inflect czasomierz | N;DAT(SG)	czasomierzowi
Inflect czasomierz | N;VOC(SG)	czasomierzu
Inflect czasomierz | N;GEN(PL)	czasomierzy
Inflect ogromny | ADJ;ACC(SG,FEM)	ogromną
Inflect ogromny | ADJ;ACC(PL)	ogromne
Inflect ogromny | ADJ;ACC(SG,NEUT)	ogromne
Inflect ogromny | ADJ;ACC(SG,MASC,ANIM)	ogromnego
Inflect ogromny | ADJ;ACC(SG,MASC,HUM)	ogromnego
Inflect ogromny | ADJ;GEN(SG,NEUT)	ogromnego
Inflect ogromny | ADJ;DAT(SG,FEM)	ogromnej
Inflect ogromny | ADJ;ESS(SG,FEM)	ogromnej
Inflect ogromny | ADJ;DAT(SG,MASC)	ogromnemu
Inflect ogromny | ADJ;DAT(SG,NEUT)	ogromnemu
Inflect ogromny | ADJ;NOM(PL,MASC,HUM)	ogromni
Inflect ogromny | ADJ;ACC(SG,MASC,INAN)	ogromny
Inflect ogromny | ADJ;NOM(SG,MASC)	ogromny
Inflect ogromny | ADJ;ESS(PL)	ogromnych
Inflect ogromny | ADJ;GEN(PL)	ogromnych
Inflect ogromny | ADJ;ACC(PL,MASC,HUM)	ogromnych
Inflect ogromny | ADJ;DAT(PL)	ogromnym
Inflect ogromny | ADJ;ESS(SG,MASC)	ogromnym
Inflect ogromny | ADJ;ESS(SG,NEUT)	ogromnym
Inflect szereg | N;ACC(PL)	szeregi
Inflect szereg | N;NOM(PL)	szeregi
Inflect szereg | N;VOC(PL)	szeregi
Inflect szereg | N;ACC(SG)	szereg
Inflect szereg | N;NOM(SG)	szereg
Inflect szereg | N;DAT(SG)	szeregowi
Inflect szereg | N;GEN(PL)	szeregów
Inflect szereg | N;ESS(SG)	szeregu
Inflect szereg | N;GEN(SG)	szeregu
Inflect szereg | N;VOC(SG)	szeregu
Inflect pole | N;ESS(PL)	polach
Inflect pole | N;INS(PL)	polami
Inflect pole | N;ACC(PL)	pola
Inflect pole | N;NOM(PL)	pola
Inflect pole | N;INS(SG)	polem
Inflect pole | N;ACC(SG)	pole
Inflect pole | N;NOM(SG)	pole
Inflect pole | N;VOC(SG)	pole
Inflect pole | N;DAT(SG)	polu
Inflect pole | N;ESS(SG)	polu
Inflect koszykarka | N;DAT(SG)	koszykarce
Inflect koszykarka | N;ESS(SG)	koszykarce
Inflect koszykarka | N;GEN(PL)	koszykarek
Inflect koszykarka | N;ESS(PL)	koszykarkach
Inflect koszykarka | N;INS(PL)	koszykarkami
Inflect koszykarka | N;INS(SG)	koszykarką
Inflect koszykarka | N;NOM(SG)	koszykarka
Inflect koszykarka | N;ACC(SG)	koszykarkę
Inflect koszykarka | N;GEN(SG)	koszykarki
Inflect koszykarka | N;NOM(PL)	koszykarki
Inflect koszykarka | N;VOC(PL)	koszykarki
Inflect koszykarka | N;DAT(PL)	koszykarkom
Inflect pyton | N;ESS(PL)	pytonach
Inflect pyton | N;INS(PL)	pytonami
Inflect pyton | N;GEN(SG)	pytona
Inflect pyton | N;INS(SG)	pytonem
Inflect pyton | N;ESS(SG)	pytonie
Inflect pyton | N;DAT(PL)	pytonom
Inflect pyton | N;DAT(SG)	pytonowi
Inflect pyton | N;GEN(PL)	pytonów
Inflect pyton | N;ACC(PL)	pytony
Inflect pyton | N;VOC(PL)	pytony
Inflect księżyc | N;ESS(PL)	księżycach
Inflect księżyc | N;INS(PL)	księżycami
Inflect księżyc | N;GEN(SG)	księżyca
Inflect księżyc | N;INS(SG)	księżycem
Inflect księżyc | N;ACC(PL)	księżyce
Inflect księżyc | N;VOC(PL)	księżyce
Inflect księżyc | N;ACC(SG)	księżyc
Inflect księżyc | N;DAT(PL)	księżycom
Inflect księżyc | N;DAT(SG)	księżycowi
Inflect księżyc | N;GEN(PL)	księżyców
Inflect kryjówka | N;ESS(SG)	kryjówce
Inflect kryjówka | N;GEN(PL)	kryjówek
Inflect kryjówka | N;ESS(PL)	kryjówkach
Inflect kryjówka | N;INS(SG)	kryjówką
Inflect kryjówka | N;NOM(SG)	kryjówka
Inflect kryjówka | N;ACC(SG)	kryjówkę
Inflect kryjówka | N;ACC(PL)	kryjówki
Inflect kryjówka | N;GEN(SG)	kryjówki
Inflect kryjówka | N;NOM(PL)	kryjówki
Inflect kryjówka | N;VOC(PL)	kryjówki
Inflect kryjówka | N;VOC(SG)	kryjówko
Inflect dalszy | ADJ;NOM(PL,MASC,HUM)	dalsi
Inflect dalszy | ADJ;ACC(SG,FEM)	dalszą
Inflect dalszy | ADJ;INS(SG,FEM)	dalszą
Inflect dalszy | ADJ;NOM(SG,FEM)	dalsza
Inflect dalszy | ADJ;ACC(PL)	dalsze
Inflect dalszy | ADJ;NOM(SG,NEUT)	dalsze
Inflect dalszy | ADJ;ACC(SG,MASC,ANIM)	dalszego
Inflect dalszy | ADJ;GEN(SG,MASC)	dalszego
Inflect dalszy | ADJ;ACC(SG,MASC,HUM)	dalszego
Inflect dalszy | ADJ;GEN(SG,NEUT)	dalszego
Inflect dalszy | ADJ;DAT(SG,FEM)	dalszej
Inflect dalszy | ADJ;GEN(SG,FEM)	dalszej
Inflect dalszy | ADJ;DAT(SG,MASC)	dalszemu
Inflect dalszy | ADJ;DAT(SG,NEUT)	dalszemu
Inflect dalszy | ADJ;ACC(SG,MASC,INAN)	dalszy
Inflect dalszy | ADJ;NOM(SG,MASC)	dalszy
Inflect dalszy | ADJ;GEN(PL)	dalszych
Inflect dalszy | ADJ;ACC(PL,MASC,HUM)	dalszych
Inflect dalszy | ADJ;DAT(PL)	dalszym
Inflect dalszy | ADJ;ESS(SG,MASC)	dalszym
Inflect dalszy | ADJ;INS(SG,MASC)	dalszym
Inflect dalszy | ADJ;ESS(SG,NEUT)	dalszym
Inflect dalszy | ADJ;INS(PL)	dalszymi
Inflect sześciokąt | N;ESS(SG)	sześciokącie
Inflect sześciokąt | N;VOC(SG)	sześciokącie
Inflect sześciokąt | N;ESS(PL)	sześciokątach
Inflect sześciokąt | N;INS(PL)	sześciokątami
Inflect sześciokąt | N;INS(SG)	sześciokątem
Inflect sześciokąt | N;ACC(SG)	sześciokąt
Inflect sześciokąt | N;NOM(SG)	sześciokąt
Inflect sześciokąt | N;DAT(PL)	sześciokątom
Inflect sześciokąt | N;ACC(PL)	sześciokąty
Inflect kosztować | V;FUT;3;PL;MASC;HUM	będą kosztowali
Inflect kosztować | V;FUT;3;PL	będą kosztowały
Inflect kosztować | V;FUT;1;SG;MASC	będę kosztował
Inflect kosztować | V;FUT;3;SG;FEM	będzie kosztowała
Inflect kosztować | V;FUT;3;SG;MASC	będzie kosztował
Inflect kosztować | V;FUT;1;PL;MASC;HUM	będziemy kosztowali
Inflect kosztować | V;FUT;1;PL	będziemy kosztowały
Inflect kosztować | V;FUT;2;SG;FEM	będziesz kosztowała
Inflect kosztować | V;NFIN	kosztować
Inflect kosztować | V;COND;1;SG;FEM	kosztowałabym
Inflect kosztować | V;COND;2;SG;FEM	kosztowałabyś
Inflect kosztować | V;COND;3;SG;FEM	kosztowałaby
Inflect kosztować | V;PST;1;SG;FEM	kosztowałam
Inflect kosztować | V;PST;2;SG;FEM	kosztowałaś
Inflect kosztować | V;PST;3;SG;FEM	kosztowała
Inflect kosztować | V;COND;2;SG;MASC	kosztowałbyś
Inflect kosztować | V;COND;3;SG;MASC	kosztowałby
Inflect kosztować | V;PST;1;SG;MASC	kosztowałem
Inflect kosztować | V;PST;2;SG;MASC	kosztowałeś
Inflect kosztować | V;COND;2;PL;MASC;HUM	kosztowalibyście
Inflect kosztować | V;COND;1;PL;MASC;HUM	kosztowalibyśmy
Inflect kosztować | V;PST;2;PL;MASC;HUM	kosztowaliście
Inflect kosztować | V;PST;1;PL;MASC;HUM	kosztowaliśmy
Inflect kosztować | V;COND;3;SG;NEUT	kosztowałoby
Inflect kosztować | V;PST;3;SG;NEUT	kosztowało
Inflect kosztować | V;COND;2;PL	kosztowałybyście
Inflect kosztować | V;PST;2;PL	kosztowałyście
Inflect kosztować | V;PST;3;PL	kosztowały
Inflect kosztować | V.PTCP;PST;PASS	kosztowano
Inflect kosztować | V.PTCP;PST;ACT;PL	kosztujące
Inflect kosztować | V.CVB	kosztując
Inflect kosztować | V.PTCP;PST;ACT;PL;MASC;HUM	kosztujący
Inflect kosztować | V.PTCP;PST;ACT;SG;MASC	kosztujący
Inflect kosztować | V;PRS;3;PL	kosztują
Inflect kosztować | V;IMP;2;PL	kosztujcie
Inflect kosztować | V;PRS;2;PL	kosztujecie
Inflect kosztować | V;PRS;2;SG	kosztujesz
Inflect kosztować | V;PRS;1;SG	kosztuję
Inflect kosztować | V;PRS;3;SG	kosztuje
Inflect kosztować | V;IMP;1;PL	kosztujmy
Inflect kosztować | V;IMP;2;SG	kosztuj
Inflect kosztować | V;IMP;3;SG	niech kosztuje
Inflect jeździec | N;ESS(PL)	jeźdźcach
Inflect jeździec | N;INS(PL)	jeźdźcami
Inflect jeździec | N;GEN(SG)	jeźdźca
Inflect jeździec | N;INS(SG)	jeźdźcem
Inflect jeździec | N;DAT(PL)	jeźdźcom
Inflect jeździec | N;DAT(SG)	jeźdźcowi
Inflect jeździec | N;ACC(PL)	jeźdźców
Inflect jeździec | N;GEN(PL)	jeźdźców
Inflect jeździec | N;ESS(SG)	jeźdźcu
Inflect jeździec | N;VOC(PL)	jeźdźcy
Inflect jeździec | N;NOM(SG)	jeździec
Inflect wrończyk | N;ESS(PL)	wrończykach
Inflect wrończyk | N;ACC(SG)	wrończyka
Inflect wrończyk | N;GEN(SG)	wrończyka
Inflect wrończyk | N;ACC(PL)	wrończyki
Inflect wrończyk | N;NOM(PL)	wrończyki
Inflect wrończyk | N;DAT(PL)	wrończykom
Inflect wrończyk | N;DAT(SG)	wrończykowi
Inflect wrończyk | N;GEN(PL)	wrończyków
Inflect wrończyk | N;ESS(SG)	wrończyku
Inflect wrończyk | N;VOC(SG)	wrończyku
Inflect skarbonka | N;DAT(SG)	skarbonce
Inflect skarbonka | N;ESS(SG)	skarbonce
Inflect skarbonka | N;GEN(PL)	skarbonek
Inflect skarbonka | N;ESS(PL)	skarbonkach
Inflect skarbonka | N;INS(PL)	skarbonkami
Inflect skarbonka | N;INS(SG)	skarbonką
Inflect skarbonka | N;NOM(SG)	skarbonka
Inflect skarbonka | N;ACC(PL)	skarbonki
Inflect skarbonka | N;NOM(PL)	skarbonki
Inflect skarbonka | N;VOC(PL)	skarbonki
Inflect skarbonka | N;DAT(PL)	skarbonkom
Inflect skarbonka | N;VOC(SG)	skarbonko
Inflect izomorfizm | N;VOC(SG)	izomorfizmie
Inflect izomorfizm | N;ACC(SG)	izomorfizm
Inflect izomorfizm | N;GEN(PL)	izomorfizmów
Inflect izomorfizm | N;GEN(SG)	izomorfizmu
Inflect izomorfizm | N;NOM(PL)	izomorfizmy
Inflect izomorfizm | N;VOC(PL)	izomorfizmy
Inflect okrutniejszy | ADJ;NOM(PL,MASC,HUM)	okrutniejsi
Inflect okrutniejszy | ADJ;ACC(SG,FEM)	okrutniejszą
Inflect okrutniejszy | ADJ;INS(SG,FEM)	okrutniejszą
Inflect okrutniejszy | ADJ;NOM(SG,FEM)	okrutniejsza
Inflect okrutniejszy | ADJ;ACC(SG,NEUT)	okrutniejsze
Inflect okrutniejszy | ADJ;NOM(SG,NEUT)	okrutniejsze
Inflect okrutniejszy | ADJ;NOM(PL)	okrutniejsze
Inflect okrutniejszy | ADJ;ACC(SG,MASC,ANIM)	okrutniejszego
Inflect okrutniejszy | ADJ;ACC(SG,MASC,HUM)	okrutniejszego
Inflect okrutniejszy | ADJ;GEN(SG,NEUT)	okrutniejszego
Inflect okrutniejszy | ADJ;ESS(SG,FEM)	okrutniejszej
Inflect okrutniejszy | ADJ;DAT(SG,NEUT)	okrutniejszemu
Inflect okrutniejszy | ADJ;ACC(SG,MASC,INAN)	okrutniejszy
Inflect okrutniejszy | ADJ;NOM(SG,MASC)	okrutniejszy
Inflect okrutniejszy | ADJ;ESS(PL)	okrutniejszych
Inflect okrutniejszy | ADJ;GEN(PL)	okrutniejszych
Inflect okrutniejszy | ADJ;ACC(PL,MASC,HUM)	okrutniejszych
Inflect okrutniejszy | ADJ;ESS(SG,MASC)	okrutniejszym
Inflect okrutniejszy | ADJ;ESS(SG,NEUT)	okrutniejszym
Inflect okrutniejszy | ADJ;INS(SG,NEUT)	okrutniejszym
Inflect kondom | N;ESS(PL)	kondomach
Inflect kondom | N;INS(PL)	kondomami
Inflect kondom | N;VOC(SG)	kondomie
Inflect kondom | N;ACC(SG)	kondom
Inflect kondom | N;NOM(SG)	kondom
Inflect kondom | N;DAT(PL)	kondomom
Inflect kondom | N;GEN(PL)	kondomów
Inflect kondom | N;GEN(SG)	kondomu
Inflect kondom | N;ACC(PL)	kondomy
Inflect kondom | N;VOC(PL)	kondomy
Inflect podrywanie | N;ACC(SG)	podrywanie
Inflect podrywanie | N;NOM(SG)	podrywanie
Inflect podrywanie | N;VOC(SG)	podrywanie
Inflect podrywanie | N;DAT(SG)	podrywaniu
Inflect sąd | N;ESS(PL)	sądach
Inflect radioaktywność | N;INS(SG)	radioaktywnością
Inflect radioaktywność | N;DAT(SG)	radioaktywności
Inflect radioaktywność | N;ESS(SG)	radioaktywności
Inflect radioaktywność | N;GEN(SG)	radioaktywności
Inflect radioaktywność | N;VOC(SG)	radioaktywności
Inflect radioaktywność | N;ACC(SG)	radioaktywność
Inflect luk | N;ESS(SG)	luku
Inflect inwalida | N;ESS(PL)	inwalidach
Inflect inwalida | N;INS(SG)	inwalidą
Inflect inwalida | N;DAT(PL)	inwalidom
Inflect inwalida | N;VOC(SG)	inwalido
Inflect inwalida | N;ACC(PL)	inwalidów
Inflect inwalida | N;GEN(PL)	inwalidów
Inflect inwalida | N;DAT(SG)	inwalidzie
Inflect inwalida | N;ESS(SG)	inwalidzie
Inflect sucz | N;ESS(PL)	suczach
Inflect sucz | N;INS(PL)	suczami
Inflect sucz | N;NOM(PL)	sucze
Inflect sucz | N;VOC(PL)	sucze
Inflect sucz | N;DAT(PL)	suczom
Inflect sucz | N;DAT(SG)	suczy
Inflect sucz | N;ESS(SG)	suczy
Inflect sucz | N;GEN(PL)	suczy
Inflect sucz | N;VOC(SG)	suczy
Inflect rafa | N;ESS(PL)	rafach
Inflect rafa | N;INS(SG)	rafą
Inflect rafa | N;NOM(SG)	rafa
Inflect rafa | N;ACC(SG)	rafę
Inflect rafa | N;DAT(SG)	rafie
Inflect rafa | N;ESS(SG)	rafie
Inflect rafa | N;GEN(PL)	raf
Inflect rafa | N;VOC(SG)	rafo
Inflect rafa | N;ACC(PL)	rafy
Inflect rafa | N;NOM(PL)	rafy
Inflect rafa | N;VOC(PL)	rafy
Inflect niezmienniczy | ADJ;INS(SG,FEM)	niezmienniczą
Inflect niezmienniczy | ADJ;NOM(SG,FEM)	niezmiennicza
Inflect niezmienniczy | ADJ;ACC(SG,NEUT)	niezmiennicze
Inflect niezmienniczy | ADJ;NOM(SG,NEUT)	niezmiennicze
Inflect niezmienniczy | ADJ;NOM(PL)	niezmiennicze
Inflect niezmienniczy | ADJ;ACC(SG,MASC,ANIM)	niezmienniczego
Inflect niezmienniczy | ADJ;GEN(SG,MASC)	niezmienniczego
Inflect niezmienniczy | ADJ;ACC(SG,MASC,HUM)	niezmienniczego
Inflect niezmienniczy | ADJ;GEN(SG,NEUT)	niezmienniczego
Inflect niezmienniczy | ADJ;ESS(SG,FEM)	niezmienniczej
Inflect niezmienniczy | ADJ;GEN(SG,FEM)	niezmienniczej
Inflect niezmienniczy | ADJ;DAT(SG,MASC)	niezmienniczemu
Inflect niezmienniczy | ADJ;DAT(SG,NEUT)	niezmienniczemu
Inflect niezmienniczy | ADJ;NOM(PL,MASC,HUM)	niezmienniczy
Inflect niezmienniczy | ADJ;ACC(SG,MASC,INAN)	niezmienniczy
Inflect niezmienniczy | ADJ;NOM(SG,MASC)	niezmienniczy
Inflect niezmienniczy | ADJ;GEN(PL)	niezmienniczych
Inflect niezmienniczy | ADJ;ACC(PL,MASC,HUM)	niezmienniczych
Inflect niezmienniczy | ADJ;ESS(SG,MASC)	niezmienniczym
Inflect niezmienniczy | ADJ;ESS(SG,NEUT)	niezmienniczym
Inflect niezmienniczy | ADJ;INS(SG,NEUT)	niezmienniczym
Inflect niezmienniczy | ADJ;INS(PL)	niezmienniczymi
Inflect afgański | ADJ;NOM(PL,MASC,HUM)	afgańscy
Inflect afgański | ADJ;ACC(SG,FEM)	afgańską
Inflect afgański | ADJ;NOM(SG,FEM)	afgańska
Inflect afgański | ADJ;ACC(SG,MASC,INAN)	afgański
Inflect afgański | ADJ;ESS(PL)	afgańskich
Inflect afgański | ADJ;GEN(PL)	afgańskich
Inflect afgański | ADJ;ACC(SG,NEUT)	afgańskie
Inflect afgański | ADJ;NOM(SG,NEUT)	afgańskie
Inflect afgański | ADJ;ACC(SG,MASC,ANIM)	afgańskiego
Inflect afgański | ADJ;GEN(SG,MASC)	afgańskiego
Inflect afgański | ADJ;ACC(SG,MASC,HUM)	afgańskiego
Inflect afgański | ADJ;DAT(SG,FEM)	afgańskiej
Inflect afgański | ADJ;ESS(SG,FEM)	afgańskiej
Inflect afgański | ADJ;GEN(SG,FEM)	afgańskiej
Inflect afgański | ADJ;DAT(SG,MASC)	afgańskiemu
Inflect afgański | ADJ;DAT(SG,NEUT)	afgańskiemu
Inflect afgański | ADJ;DAT(PL)	afgańskim
Inflect afgański | ADJ;ESS(SG,MASC)	afgańskim
Inflect afgański | ADJ;INS(SG,MASC)	afgańskim
Inflect afgański | ADJ;ESS(SG,NEUT)	afgańskim
Inflect afgański | ADJ;INS(SG,NEUT)	afgańskim
Inflect afgański | ADJ;INS(PL)	afgańskimi
Inflect monoteista | N;ESS(SG)	monoteiście
Inflect monoteista | N;NOM(PL)	monoteiści
Inflect monoteista | N;VOC(PL)	monoteiści
Inflect monoteista | N;ESS(PL)	monoteistach
Inflect monoteista | N;INS(PL)	monoteistami
Inflect monoteista | N;INS(SG)	monoteistą
Inflect monoteista | N;DAT(PL)	monoteistom
Inflect monoteista | N;GEN(PL)	monoteistów
Inflect monoteista | N;GEN(SG)	monoteisty
Inflect szpinet | N;VOC(SG)	szpinecie
Inflect szpinet | N;ESS(PL)	szpinetach
Inflect szpinet | N;INS(PL)	szpinetami
Inflect szpinet | N;INS(SG)	szpinetem
Inflect szpinet | N;ACC(SG)	szpinet
Inflect szpinet | N;NOM(SG)	szpinet
Inflect szpinet | N;GEN(PL)	szpinetów
Inflect szpinet | N;GEN(SG)	szpinetu
Inflect szpinet | N;ACC(PL)	szpinety
Inflect szpinet | N;VOC(PL)	szpinety
Inflect ocelot | N;ESS(SG)	ocelocie
Inflect ocelot | N;VOC(SG)	ocelocie
Inflect ocelot | N;ESS(PL)	ocelotach
Inflect ocelot | N;INS(PL)	ocelotami
Inflect ocelot | N;ACC(SG)	ocelota
Inflect ocelot | N;GEN(SG)	ocelota
Inflect ocelot | N;NOM(SG)	ocelot
Inflect ocelot | N;DAT(PL)	ocelotom
Inflect ocelot | N;DAT(SG)	ocelotowi
Inflect ocelot | N;GEN(PL)	ocelotów
Inflect ocelot | N;NOM(PL)	oceloty
Inflect całkowanie | N;ESS(PL)	całkowaniach
Inflect całkowanie | N;ACC(PL)	całkowania
Inflect całkowanie | N;GEN(SG)	całkowania
Inflect całkowanie | N;NOM(PL)	całkowania
Inflect całkowanie | N;VOC(PL)	całkowania
Inflect całkowanie | N;INS(SG)	całkowaniem
Inflect całkowanie | N;ACC(SG)	całkowanie
Inflect całkowanie | N;VOC(SG)	całkowanie
Inflect całkowanie | N;DAT(PL)	całkowaniom
Inflect całkowanie | N;ESS(SG)	całkowaniu
Inflect kraina | N;ESS(PL)	krainach
Inflect kraina | N;INS(SG)	krainą
Inflect kraina | N;ACC(SG)	krainę
Inflect kraina | N;DAT(SG)	krainie
Inflect kraina | N;GEN(PL)	krain
Inflect kraina | N;DAT(PL)	krainom
Inflect kraina | N;ACC(PL)	krainy
Inflect kraina | N;GEN(SG)	krainy
Inflect kraina | N;NOM(PL)	krainy
Inflect kraina | N;VOC(PL)	krainy
Inflect montażystka | N;DAT(SG)	montażystce
Inflect montażystka | N;ESS(SG)	montażystce
Inflect montażystka | N;INS(PL)	montażystkami
Inflect montażystka | N;INS(SG)	montażystką
Inflect montażystka | N;NOM(SG)	montażystka
Inflect montażystka | N;ACC(SG)	montażystkę
Inflect montażystka | N;ACC(PL)	montażystki
Inflect montażystka | N;NOM(PL)	montażystki
Inflect montażystka | N;VOC(PL)	montażystki
Inflect montażystka | N;DAT(PL)	montażystkom
Inflect rozważyć | V;IMP;3;PL	niech rozważą
Inflect rozważyć | V;IMP;1;SG	niech rozważę
Inflect rozważyć | V;IMP;3;SG	niech rozważy
Inflect rozważyć | V;FUT;3;PL	rozważą
Inflect rozważyć | V;IMP;2;PL	rozważcie
Inflect rozważyć | V;FUT;1;SG	rozważę
Inflect rozważyć | V.PTCP;PST;PASS;SG;FEM	rozważona
Inflect rozważyć | V.PTCP;PST;PASS;PL	rozważone
Inflect rozważyć | V.PTCP;PST;PASS;SG;MASC	rozważony
Inflect rozważyć | V;IMP;2;SG	rozważ
Inflect rozważyć | V;FUT;2;PL	rozważycie
Inflect rozważyć | V;NFIN	rozważyć
Inflect rozważyć | V;COND;1;SG;FEM	rozważyłabym
Inflect rozważyć | V;COND;2;SG;FEM	rozważyłabyś
Inflect rozważyć | V;COND;3;SG;FEM	rozważyłaby
Inflect rozważyć | V;PST;2;SG;FEM	rozważyłaś
Inflect rozważyć | V;PST;3;SG;FEM	rozważyła
Inflect rozważyć | V;COND;3;SG;MASC	rozważyłby
Inflect rozważyć | V;PST;1;SG;MASC	rozważyłem
Inflect rozważyć | V;PST;2;SG;MASC	rozważyłeś
Inflect rozważyć | V;COND;2;PL;MASC;HUM	rozważylibyście
Inflect rozważyć | V;COND;3;PL;MASC;HUM	rozważyliby
Inflect rozważyć | V;PST;2;PL;MASC;HUM	rozważyliście
Inflect rozważyć | V;PST;1;PL;MASC;HUM	rozważyliśmy
Inflect rozważyć | V;PST;3;PL;MASC;HUM	rozważyli
Inflect rozważyć | V;PST;3;SG;MASC	rozważył
Inflect rozważyć | V;COND;1;PL	rozważyłybyśmy
Inflect rozważyć | V;PST;1;PL	rozważyłyśmy
Inflect rozważyć | V;PST;3;PL	rozważyły
Inflect rozważyć | V;FUT;1;PL	rozważymy
Inflect rozważyć | V;FUT;2;SG	rozważysz
Inflect rozważyć | V.CVB;PST	rozważywszy
Inflect dyszeć | V;FUT;3;PL;MASC;HUM	będą dyszeli
Inflect dyszeć | V;FUT;1;SG;FEM	będę dyszała
Inflect dyszeć | V;FUT;1;SG;MASC	będę dyszał
Inflect dyszeć | V;FUT;2;PL;MASC;HUM	będziecie dyszeli
Inflect dyszeć | V;FUT;3;SG;FEM	będzie dyszała
Inflect dyszeć | V;FUT;3;SG;NEUT	będzie dyszało
Inflect dyszeć | V;FUT;3;SG;MASC	będzie dyszał
Inflect dyszeć | V;FUT;1;PL	będziemy dyszały
Inflect dyszeć | V;FUT;1;PL;MASC;HUM	będziemy dyszeli
Inflect dyszeć | V;FUT;2;SG;FEM	będziesz dyszała
Inflect dyszeć | V;FUT;2;SG;MASC	będziesz dyszał
Inflect dyszeć | V;IMP;2;PL	dyszącie
Inflect dyszeć | V;COND;1;SG;FEM	dyszałabym
Inflect dyszeć | V;COND;2;SG;FEM	dyszałabyś
Inflect dyszeć | V;COND;3;SG;FEM	dyszałaby
Inflect dyszeć | V;PST;1;SG;FEM	dyszałam
Inflect dyszeć | V;PST;2;SG;FEM	dyszałaś
Inflect dyszeć | V;PST;3;SG;FEM	dyszała
Inflect dyszeć | V;COND;1;SG;MASC	dyszałbym
Inflect dyszeć | V;COND;2;SG;MASC	dyszałbyś
Inflect dyszeć | V;COND;3;SG;MASC	dyszałby
Inflect dyszeć | V;PST;1;SG;MASC	dyszałem
Inflect dyszeć | V;COND;2;PL	dyszałybyście
Inflect dyszeć | V;COND;3;PL	dyszałyby
Inflect dyszeć | V;PST;2;PL	dyszałyście
Inflect dyszeć | V;PST;1;PL	dyszałyśmy
Inflect dyszeć | V;PST;3;PL	dyszały
Inflect dyszeć | V;IMP;1;PL	dysząmy
Inflect dyszeć | V;IMP;2;SG	dyszą
Inflect dyszeć | V;NFIN	dyszeć
Inflect dyszeć | V;COND;2;PL;MASC;HUM	dyszelibyście
Inflect dyszeć | V;COND;1;PL;MASC;HUM	dyszelibyśmy
Inflect dyszeć | V;COND;3;PL;MASC;HUM	dyszeliby
Inflect dyszeć | V;PST;2;PL;MASC;HUM	dyszeliście
Inflect dyszeć | V;PST;1;PL;MASC;HUM	dyszeliśmy
Inflect dyszeć | V.MSDR	dyszenie
Inflect dyszeć | V;PRS;1;SG	dyszę
Inflect dyszeć | V.PTCP;PST;ACT;SG;FEM	dyszyca
Inflect dyszeć | V.PTCP;PST;ACT;PL	dyszyce
Inflect dyszeć | V.PTCP;PST;ACT;SG;NEUT	dyszyce
Inflect dyszeć | V.CVB	dyszyc
Inflect dyszeć | V.PTCP;PST;ACT;PL;MASC;HUM	dyszycy
Inflect dyszeć | V.PTCP;PST;ACT;SG;MASC	dyszycy
Inflect dyszeć | V;PRS;1;PL	dyszymy
Inflect dyszeć | V;PRS;2;SG	dyszysz
Inflect dyszeć | V;PRS;3;PL	dyszy
Inflect dyszeć | V;PRS;3;SG	dyszy
Inflect dyszeć | V;IMP;3;PL	niech dyszy
Inflect dyszeć | V;IMP;3;SG	niech dyszy
Inflect hipoteza | N;ESS(PL)	hipotezach
Inflect hipoteza | N;INS(PL)	hipotezami
Inflect hipoteza | N;INS(SG)	hipotezą
Inflect hipoteza | N;NOM(SG)	hipoteza
Inflect hipoteza | N;ACC(SG)	hipotezę
Inflect hipoteza | N;DAT(SG)	hipotezie
Inflect hipoteza | N;ESS(SG)	hipotezie
Inflect hipoteza | N;DAT(PL)	hipotezom
Inflect hipoteza | N;VOC(SG)	hipotezo
Inflect hipoteza | N;ACC(PL)	hipotezy
Inflect hipoteza | N;GEN(SG)	hipotezy
Inflect hipoteza | N;VOC(PL)	hipotezy
Inflect noga | N;DAT(SG)	nodze
Inflect noga | N;ESS(SG)	nodze
Inflect noga | N;ESS(PL)	nogach
Inflect noga | N;INS(PL)	nogami
Inflect noga | N;INS(SG)	nogą
Inflect noga | N;NOM(SG)	noga
Inflect noga | N;ACC(SG)	nogę
Inflect noga | N;ACC(PL)	nogi
Inflect noga | N;VOC(PL)	nogi
Inflect noga | N;GEN(PL)	nóg
Inflect noga | N;VOC(SG)	nogo
Inflect rzeź niewiniątek | N;INS(PL)	rzeziami niewiniątek
Inflect rzeź niewiniątek | N;NOM(PL)	rzezie niewiniątek
Inflect rzeź niewiniątek | N;ESS(SG)	rzezi niewiniątek
Inflect rzeź niewiniątek | N;GEN(PL)	rzezi niewiniątek
Inflect rzeź niewiniątek | N;GEN(SG)	rzezi niewiniątek
Inflect rzeź niewiniątek | N;VOC(SG)	rzezi niewiniątek
Inflect rzeź niewiniątek | N;DAT(PL)	rzeziom niewiniątek
Inflect rzeź niewiniątek | N;ACC(SG)	rzeź niewiniątek
Inflect nagły | ADJ;ACC(SG,FEM)	nagłą
Inflect nagły | ADJ;NOM(SG,FEM)	nagła
Inflect nagły | ADJ;ACC(PL)	nagłe
Inflect nagły | ADJ;ACC(SG,NEUT)	nagłe
Inflect nagły | ADJ;NOM(SG,NEUT)	nagłe
Inflect nagły | ADJ;NOM(PL)	nagłe
Inflect nagły | ADJ;GEN(SG,MASC)	nagłego
Inflect nagły | ADJ;ACC(SG,MASC,HUM)	nagłego
Inflect nagły | ADJ;DAT(SG,FEM)	nagłej
Inflect nagły | ADJ;ESS(SG,FEM)	nagłej
Inflect nagły | ADJ;DAT(SG,MASC)	nagłemu
Inflect nagły | ADJ;DAT(SG,NEUT)	nagłemu
Inflect nagły | ADJ;NOM(SG,MASC)	nagły
Inflect nagły | ADJ;ESS(PL)	nagłych
Inflect nagły | ADJ;GEN(PL)	nagłych
Inflect nagły | ADJ;ACC(PL,MASC,HUM)	nagłych
Inflect nagły | ADJ;DAT(PL)	nagłym
Inflect nagły | ADJ;ESS(SG,MASC)	nagłym
Inflect nagły | ADJ;INS(SG,MASC)	nagłym
Inflect nagły | ADJ;ESS(SG,NEUT)	nagłym
Inflect nagły | ADJ;INS(PL)	nagłymi
Inflect przeszukiwanie wszerz | N;ESS(PL)	przeszukiwaniach wszerz
Inflect przeszukiwanie wszerz | N;INS(PL)	przeszukiwaniami wszerz
Inflect przeszukiwanie wszerz | N;ACC(PL)	przeszukiwania wszerz
Inflect przeszukiwanie wszerz | N;GEN(SG)	przeszukiwania wszerz
Inflect przeszukiwanie wszerz | N;INS(SG)	przeszukiwaniem wszerz
Inflect przeszukiwanie wszerz | N;VOC(SG)	przeszukiwanie wszerz
Inflect przeszukiwanie wszerz | N;DAT(PL)	przeszukiwaniom wszerz
Inflect przeszukiwanie wszerz | N;DAT(SG)	przeszukiwaniu wszerz
Inflect grzywna | N;GEN(PL)	grzywien
Inflect grzywna | N;INS(PL)	grzywnami
Inflect grzywna | N;INS(SG)	grzywną
Inflect grzywna | N;NOM(SG)	grzywna
Inflect grzywna | N;ACC(SG)	grzywnę
Inflect grzywna | N;ESS(SG)	grzywnie
Inflect grzywna | N;ACC(PL)	grzywny
Inflect grzywna | N;NOM(PL)	grzywny
Inflect grzywna | N;VOC(PL)	grzywny
Inflect zakonnica | N;ESS(PL)	zakonnicach
Inflect zakonnica | N;INS(PL)	zakonnicami
Inflect zakonnica | N;INS(SG)	zakonnicą
Inflect zakonnica | N;NOM(SG)	zakonnica
Inflect zakonnica | N;ACC(SG)	zakonnicę
Inflect zakonnica | N;GEN(PL)	zakonnic
Inflect zakonnica | N;DAT(PL)	zakonnicom
Inflect zakonnica | N;VOC(SG)	zakonnico
Inflect zakonnica | N;ESS(SG)	zakonnicy
Inflect skrzypek | N;NOM(SG)	skrzypek
Inflect skrzypek | N;ESS(PL)	skrzypkach
Inflect skrzypek | N;INS(PL)	skrzypkami
Inflect skrzypek | N;ACC(SG)	skrzypka
Inflect skrzypek | N;GEN(SG)	skrzypka
Inflect skrzypek | N;INS(SG)	skrzypkiem
Inflect skrzypek | N;DAT(PL)	skrzypkom
Inflect skrzypek | N;NOM(PL)	skrzypkowie
Inflect skrzypek | N;ACC(PL)	skrzypków
Inflect skrzypek | N;GEN(PL)	skrzypków
Inflect ludzki | ADJ;NOM(PL,MASC,HUM)	ludzcy
Inflect ludzki | ADJ;INS(SG,FEM)	ludzką
Inflect ludzki | ADJ;NOM(SG,FEM)	ludzka
Inflect ludzki | ADJ;ACC(SG,MASC,INAN)	ludzki
Inflect ludzki | ADJ;ESS(PL)	ludzkich
Inflect ludzki | ADJ;GEN(PL)	ludzkich
Inflect ludzki | ADJ;ACC(PL,MASC,HUM)	ludzkich
Inflect ludzki | ADJ;ACC(PL)	ludzkie
Inflect ludzki | ADJ;ACC(SG,NEUT)	ludzkie
Inflect ludzki | ADJ;NOM(SG,NEUT)	ludzkie
Inflect ludzki | ADJ;NOM(PL)	ludzkie
Inflect ludzki | ADJ;ACC(SG,MASC,ANIM)	ludzkiego
Inflect ludzki | ADJ;ACC(SG,MASC,HUM)	ludzkiego
Inflect ludzki | ADJ;GEN(SG,NEUT)	ludzkiego
Inflect ludzki | ADJ;DAT(SG,FEM)	ludzkiej
Inflect ludzki | ADJ;ESS(SG,FEM)	ludzkiej
Inflect ludzki | ADJ;GEN(SG,FEM)	ludzkiej
Inflect ludzki | ADJ;DAT(SG,NEUT)	ludzkiemu
Inflect ludzki | ADJ;DAT(PL)	ludzkim
Inflect ludzki | ADJ;ESS(SG,MASC)	ludzkim
Inflect ludzki | ADJ;ESS(SG,NEUT)	ludzkim
Inflect ludzki | ADJ;INS(SG,NEUT)	ludzkim
Inflect osobowy | ADJ;ACC(SG,FEM)	osobową
Inflect osobowy | ADJ;INS(SG,FEM)	osobową
Inflect osobowy | ADJ;ACC(PL)	osobowe
Inflect osobowy | ADJ;ACC(SG,NEUT)	osobowe
Inflect osobowy | ADJ;ACC(SG,MASC,ANIM)	osobowego
Inflect osobowy | ADJ;ACC(SG,MASC,HUM)	osobowego
Inflect osobowy | ADJ;GEN(SG,NEUT)	osobowego
Inflect osobowy | ADJ;DAT(SG,FEM)	osobowej
Inflect osobowy | ADJ;ESS(SG,FEM)	osobowej
Inflect osobowy | ADJ;DAT(SG,MASC)	osobowemu
Inflect osobowy | ADJ;DAT(SG,NEUT)	osobowemu
Inflect osobowy | ADJ;NOM(PL,MASC,HUM)	osobowi
Inflect osobowy | ADJ;ACC(SG,MASC,INAN)	osobowy
Inflect osobowy | ADJ;ESS(PL)	osobowych
Inflect osobowy | ADJ;GEN(PL)	osobowych
Inflect osobowy | ADJ;ACC(PL,MASC,HUM)	osobowych
Inflect osobowy | ADJ;DAT(PL)	osobowym
Inflect osobowy | ADJ;ESS(SG,MASC)	osobowym
Inflect osobowy | ADJ;ESS(SG,NEUT)	osobowym
Inflect osobowy | ADJ;INS(SG,NEUT)	osobowym
Inflect osobowy | ADJ;INS(PL)	osobowymi
Inflect czerpać | V;FUT;3;PL;MASC;HUM	będą czerpali
Inflect czerpać | V;FUT;3;PL	będą czerpały
Inflect czerpać | V;FUT;1;SG;FEM	będę czerpała
Inflect czerpać | V;FUT;2;PL;MASC;HUM	będziecie czerpali
Inflect czerpać | V;FUT;3;SG;FEM	będzie czerpała
Inflect czerpać | V;FUT;3;SG;MASC	będzie czerpał
Inflect czerpać | V;FUT;1;PL;MASC;HUM	będziemy czerpali
Inflect czerpać | V;COND;2;SG;FEM	czerpałabyś
Inflect czerpać | V;COND;3;SG;FEM	czerpałaby
Inflect czerpać | V;PST;1;SG;FEM	czerpałam
Inflect czerpać | V;PST;2;SG;FEM	czerpałaś
Inflect czerpać | V;PST;3;SG;FEM	czerpała
Inflect czerpać | V;COND;1;SG;MASC	czerpałbym
Inflect czerpać | V;COND;3;SG;MASC	czerpałby
Inflect czerpać | V;PST;2;SG;MASC	czerpałeś
Inflect czerpać | V;COND;2;PL;MASC;HUM	czerpalibyście
Inflect czerpać | V;COND;1;PL;MASC;HUM	czerpalibyśmy
Inflect czerpać | V;COND;3;PL;MASC;HUM	czerpaliby
Inflect czerpać | V;PST;2;PL;MASC;HUM	czerpaliście
Inflect czerpać | V;PST;1;PL;MASC;HUM	czerpaliśmy
Inflect czerpać | V;COND;3;SG;NEUT	czerpałoby
Inflect czerpać | V;PST;3;SG;MASC	czerpał
Inflect czerpać | V;COND;2;PL	czerpałybyście
Inflect czerpać | V;COND;1;PL	czerpałybyśmy
Inflect czerpać | V;COND;3;PL	czerpałyby
Inflect czerpać | V;PST;1;PL	czerpałyśmy
Inflect czerpać | V;PST;3;PL	czerpały
Inflect czerpać | V.PTCP;PST;PASS;SG;FEM	czerpana
Inflect czerpać | V.PTCP;PST;PASS;PL	czerpane
Inflect czerpać | V.PTCP;PST;PASS;SG;NEUT	czerpane
Inflect czerpać | V.MSDR	czerpanie
Inflect czerpać | V.PTCP;PST;PASS	czerpano
Inflect czerpać | V.PTCP;PST;PASS;SG;MASC	czerpany
Inflect czerpać | V;IMP;2;PL	czerpcie
Inflect czerpać | V.PTCP;PST;ACT;SG;FEM	czerpiąca
Inflect czerpać | V.CVB	czerpiąc
Inflect czerpać | V.PTCP;PST;ACT;PL;MASC;HUM	czerpiący
Inflect czerpać | V.PTCP;PST;ACT;SG;MASC	czerpiący
Inflect czerpać | V;PRS;3;PL	czerpią
Inflect czerpać | V;PRS;2;PL	czerpiecie
Inflect czerpać | V;PRS;2;SG	czerpiesz
Inflect czerpać | V;PRS;1;SG	czerpię
Inflect czerpać | V;PRS;3;SG	czerpie
Inflect czerpać | V;IMP;1;PL	czerpmy
Inflect czerpać | V;IMP;2;SG	czerp
Inflect amharski | ADJ;NOM(PL,MASC,HUM)	amharscy
Inflect amharski | ADJ;INS(SG,FEM)	amharską
Inflect amharski | ADJ;ACC(SG,MASC,INAN)	amharski
Inflect amharski | ADJ;NOM(SG,MASC)	amharski
Inflect amharski | ADJ;ESS(PL)	amharskich
Inflect amharski | ADJ;GEN(PL)	amharskich
Inflect amharski | ADJ;ACC(PL,MASC,HUM)	amharskich
Inflect amharski | ADJ;ACC(PL)	amharskie
Inflect amharski | ADJ;ACC(SG,NEUT)	amharskie
Inflect amharski | ADJ;ACC(SG,MASC,ANIM)	amharskiego
Inflect amharski | ADJ;GEN(SG,MASC)	amharskiego
Inflect amharski | ADJ;ACC(SG,MASC,HUM)	amharskiego
Inflect amharski | ADJ;DAT(SG,FEM)	amharskiej
Inflect amharski | ADJ;GEN(SG,FEM)	amharskiej
Inflect amharski | ADJ;DAT(SG,MASC)	amharskiemu
Inflect amharski | ADJ;ESS(SG,MASC)	amharskim
Inflect amharski | ADJ;INS(SG,MASC)	amharskim
Inflect amharski | ADJ;ESS(SG,NEUT)	amharskim
Inflect amharski | ADJ;INS(SG,NEUT)	amharskim
Inflect amharski | ADJ;INS(PL)	amharskimi
Inflect architekt | N;ESS(SG)	architekcie
Inflect architekt | N;VOC(SG)	architekcie
Inflect architekt | N;GEN(SG)	architekta
Inflect architekt | N;NOM(SG)	architekt
Inflect architekt | N;DAT(SG)	architektowi
Inflect architekt | N;ACC(PL)	architektów
Inflect ruchomy | ADJ;ACC(SG,FEM)	ruchomą
Inflect ruchomy | ADJ;INS(SG,FEM)	ruchomą
Inflect ruchomy | ADJ;NOM(SG,FEM)	ruchoma
Inflect ruchomy | ADJ;ACC(PL)	ruchome
Inflect ruchomy | ADJ;ACC(SG,NEUT)	ruchome
Inflect ruchomy | ADJ;NOM(SG,NEUT)	ruchome
Inflect ruchomy | ADJ;GEN(SG,MASC)	ruchomego
Inflect ruchomy | ADJ;ACC(SG,MASC,HUM)	ruchomego
Inflect ruchomy | ADJ;DAT(SG,FEM)	ruchomej
Inflect ruchomy | ADJ;ESS(SG,FEM)	ruchomej
Inflect ruchomy | ADJ;GEN(SG,FEM)	ruchomej
Inflect ruchomy | ADJ;DAT(SG,MASC)	ruchomemu
Inflect ruchomy | ADJ;DAT(SG,NEUT)	ruchomemu
Inflect ruchomy | ADJ;NOM(PL,MASC,HUM)	ruchomi
Inflect ruchomy | ADJ;ACC(SG,MASC,INAN)	ruchomy
Inflect ruchomy | ADJ;ESS(PL)	ruchomych
Inflect ruchomy | ADJ;GEN(PL)	ruchomych
Inflect ruchomy | ADJ;ACC(PL,MASC,HUM)	ruchomych
Inflect ruchomy | ADJ;DAT(PL)	ruchomym
Inflect ruchomy | ADJ;ESS(SG,MASC)	ruchomym
Inflect ruchomy | ADJ;INS(SG,NEUT)	ruchomym
Inflect koalicja | N;ESS(PL)	koalicjach
Inflect koalicja | N;INS(PL)	koalicjami
Inflect koalicja | N;INS(SG)	koalicją
Inflect koalicja | N;NOM(SG)	koalicja
Inflect koalicja | N;ACC(PL)	koalicje
Inflect koalicja | N;ACC(SG)	koalicję
Inflect koalicja | N;VOC(PL)	koalicje
Inflect koalicja | N;ESS(SG)	koalicji
Inflect koalicja | N;GEN(PL)	koalicji
Inflect koalicja | N;GEN(SG)	koalicji
Inflect koalicja | N;DAT(PL)	koalicjom
Inflect koalicja | N;VOC(SG)	koalicjo
Inflect jęczmienny | ADJ;ACC(SG,FEM)	jęczmienną
Inflect jęczmienny | ADJ;NOM(SG,FEM)	jęczmienna
Inflect jęczmienny | ADJ;ACC(SG,NEUT)	jęczmienne
Inflect jęczmienny | ADJ;NOM(SG,NEUT)	jęczmienne
Inflect jęczmienny | ADJ;NOM(PL)	jęczmienne
Inflect jęczmienny | ADJ;ACC(SG,MASC,ANIM)	jęczmiennego
Inflect jęczmienny | ADJ;GEN(SG,MASC)	jęczmiennego
Inflect jęczmienny | ADJ;DAT(SG,FEM)	jęczmiennej
Inflect jęczmienny | ADJ;ESS(SG,FEM)	jęczmiennej
Inflect jęczmienny | ADJ;GEN(SG,FEM)	jęczmiennej
Inflect jęczmienny | ADJ;DAT(SG,MASC)	jęczmiennemu
Inflect jęczmienny | ADJ;DAT(SG,NEUT)	jęczmiennemu
Inflect jęczmienny | ADJ;NOM(PL,MASC,HUM)	jęczmienni
Inflect jęczmienny | ADJ;ACC(SG,MASC,INAN)	jęczmienny
Inflect jęczmienny | ADJ;NOM(SG,MASC)	jęczmienny
Inflect jęczmienny | ADJ;DAT(PL)	jęczmiennym
Inflect jęczmienny | ADJ;ESS(SG,MASC)	jęczmiennym
Inflect jęczmienny | ADJ;INS(SG,MASC)	jęczmiennym
Inflect jęczmienny | ADJ;INS(SG,NEUT)	jęczmiennym
Inflect jęczmienny | ADJ;INS(PL)	jęczmiennymi
Inflect siad | N;ESS(PL)	siadach
Inflect siad | N;INS(SG)	siadem
Inflect siad | N;ACC(SG)	siad
Inflect siad | N;DAT(PL)	siadom
Inflect siad | N;DAT(SG)	siadowi
Inflect siad | N;GEN(PL)	siadów
Inflect siad | N;GEN(SG)	siadu
Inflect siad | N;ACC(PL)	siady
Inflect siad | N;NOM(PL)	siady
Inflect siad | N;VOC(PL)	siady
Inflect siad | N;ESS(SG)	siadzie
Inflect siad | N;VOC(SG)	siadzie
Inflect notatka | N;DAT(SG)	notatce
Inflect notatka | N;ESS(SG)	notatce
Inflect notatka | N;GEN(PL)	notatek
Inflect notatka | N;INS(SG)	notatką
Inflect notatka | N;NOM(SG)	notatka
Inflect notatka | N;ACC(SG)	notatkę
Inflect notatka | N;ACC(PL)	notatki
Inflect notatka | N;VOC(SG)	notatko
Inflect odważny | ADJ;ACC(SG,FEM)	odważną
Inflect odważny | ADJ;NOM(SG,FEM)	odważna
Inflect odważny | ADJ;ACC(PL)	odważne
Inflect odważny | ADJ;ACC(SG,NEUT)	odważne
Inflect odważny | ADJ;NOM(SG,NEUT)	odważne
Inflect odważny | ADJ;NOM(PL)	odważne
Inflect odważny | ADJ;GEN(SG,MASC)	odważnego
Inflect odważny | ADJ;ACC(SG,MASC,HUM)	odważnego
Inflect odważny | ADJ;GEN(SG,NEUT)	odważnego
Inflect odważny | ADJ;DAT(SG,FEM)	odważnej
Inflect odważny | ADJ;ESS(SG,FEM)	odważnej
Inflect odważny | ADJ;DAT(SG,MASC)	odważnemu
Inflect odważny | ADJ;DAT(SG,NEUT)	odważnemu
Inflect odważny | ADJ;ACC(SG,MASC,INAN)	odważny
Inflect odważny | ADJ;NOM(SG,MASC)	odważny
Inflect odważny | ADJ;ESS(PL)	odważnych
Inflect odważny | ADJ;ACC(PL,MASC,HUM)	odważnych
Inflect odważny | ADJ;DAT(PL)	odważnym
Inflect odważny | ADJ;ESS(SG,MASC)	odważnym
Inflect odważny | ADJ;ESS(SG,NEUT)	odważnym
Inflect odważny | ADJ;INS(SG,NEUT)	odważnym
Inflect odważny | ADJ;INS(PL)	odważnymi
Inflect nagły przypadek | N;ACC(PL)	nagłe przypadki
Inflect nagły przypadek | N;NOM(PL)	nagłe przypadki
Inflect nagły przypadek | N;VOC(PL)	nagłe przypadki
Inflect nagły przypadek | N;ESS(PL)	nagłych przypadkach
Inflect nagły przypadek | N;GEN(PL)	nagłych przypadków
Inflect nagły przypadek | N;INS(PL)	nagłymi przypadkami
Inflect nagły przypadek | N;INS(SG)	nagłym przypadkiem
Inflect nagły przypadek | N;DAT(PL)	nagłym przypadkom
Inflect nagły przypadek | N;ESS(SG)	nagłym przypadku
Inflect nagły przypadek | N;ACC(SG)	nagły przypadek
Inflect nagły przypadek | N;NOM(SG)	nagły przypadek
Inflect nagły przypadek | N;VOC(SG)	nagły przypadku
Inflect tropik | N;ESS(PL)	tropikach
Inflect tropik | N;INS(SG)	tropikiem
Inflect tropik | N;ACC(PL)	tropiki
Inflect tropik | N;NOM(PL)	tropiki
Inflect tropik | N;VOC(PL)	tropiki
Inflect tropik | N;NOM(SG)	tropik
Inflect tropik | N;DAT(PL)	tropikom
Inflect tropik | N;DAT(SG)	tropikowi
Inflect tropik | N;GEN(PL)	tropików
Inflect tropik | N;VOC(SG)	tropiku
Inflect żarówka | N;INS(PL)	żarówkami
Inflect żarówka | N;INS(SG)	żarówką
Inflect żarówka | N;NOM(SG)	żarówka
Inflect żarówka | N;ACC(SG)	żarówkę
Inflect żarówka | N;ACC(PL)	żarówki
Inflect żarówka | N;GEN(SG)	żarówki
Inflect żarówka | N;NOM(PL)	żarówki
Inflect żarówka | N;DAT(PL)	żarówkom
Inflect żarówka | N;VOC(SG)	żarówko
Inflect modliszka | N;DAT(SG)	modliszce
Inflect modliszka | N;ESS(SG)	modliszce
Inflect modliszka | N;GEN(PL)	modliszek
Inflect modliszka | N;INS(PL)	modliszkami
Inflect modliszka | N;INS(SG)	modliszką
Inflect modliszka | N;NOM(SG)	modliszka
Inflect modliszka | N;ACC(SG)	modliszkę
Inflect modliszka | N;ACC(PL)	modliszki
Inflect modliszka | N;DAT(PL)	modliszkom
Inflect modliszka | N;VOC(SG)	modliszko
Inflect Arabka | N;ESS(SG)	Arabce
Inflect Arabka | N;ESS(PL)	Arabkach
Inflect Arabka | N;INS(PL)	Arabkami
Inflect Arabka | N;INS(SG)	Arabką
Inflect Arabka | N;NOM(PL)	Arabki
Inflect Arabka | N;DAT(PL)	Arabkom
Inflect Arabka | N;VOC(SG)	Arabko
Inflect bażyna | N;ESS(PL)	bażynach
Inflect bażyna | N;NOM(SG)	bażyna
Inflect bażyna | N;ACC(SG)	bażynę
Inflect bażyna | N;DAT(SG)	bażynie
Inflect bażyna | N;ESS(SG)	bażynie
Inflect bażyna | N;DAT(PL)	bażynom
Inflect bażyna | N;ACC(PL)	bażyny
Inflect bażyna | N;GEN(SG)	bażyny
Inflect bażyna | N;NOM(PL)	bażyny
Inflect nadzorca | N;ESS(PL)	nadzorcach
Inflect nadzorca | N;NOM(SG)	nadzorca
Inflect nadzorca | N;DAT(PL)	nadzorcom
Inflect nadzorca | N;VOC(SG)	nadzorco
Inflect nadzorca | N;GEN(PL)	nadzorców
Inflect nadzorca | N;GEN(SG)	nadzorcy
Inflect nadzorca | N;NOM(PL)	nadzorcy
Inflect nadzorca | N;VOC(PL)	nadzorcy
Inflect perliczka | N;DAT(SG)	perliczce
Inflect perliczka | N;GEN(PL)	perliczek
Inflect perliczka | N;ACC(SG)	perliczkę
Inflect perliczka | N;GEN(SG)	perliczki
Inflect perliczka | N;NOM(PL)	perliczki
Inflect perliczka | N;VOC(PL)	perliczki
Inflect perliczka | N;DAT(PL)	perliczkom
Inflect rezus | N;ESS(PL)	rezusach
Inflect rezus | N;INS(PL)	rezusami
Inflect rezus | N;ACC(SG)	rezusa
Inflect rezus | N;GEN(SG)	rezusa
Inflect rezus | N;INS(SG)	rezusem
Inflect rezus | N;VOC(SG)	rezusie
Inflect rezus | N;NOM(SG)	rezus
Inflect rezus | N;DAT(PL)	rezusom
Inflect rezus | N;GEN(PL)	rezusów
Inflect rezus | N;NOM(PL)	rezusy
Inflect rezus | N;VOC(PL)	rezusy
Inflect hadis | N;ESS(PL)	hadisach
Inflect hadis | N;INS(SG)	hadisem
Inflect hadis | N;ESS(SG)	hadisie
Inflect hadis | N;VOC(SG)	hadisie
Inflect hadis | N;ACC(SG)	hadis
Inflect hadis | N;DAT(PL)	hadisom
Inflect hadis | N;DAT(SG)	hadisowi
Inflect hadis | N;GEN(PL)	hadisów
Inflect hadis | N;GEN(SG)	hadisu
Inflect hadis | N;ACC(PL)	hadisy
Inflect hadis | N;NOM(PL)	hadisy
Inflect hadis | N;VOC(PL)	hadisy
Inflect wdowa | N;ESS(PL)	wdowach
Inflect wdowa | N;INS(SG)	wdową
Inflect wdowa | N;DAT(SG)	wdowie
Inflect wdowa | N;ESS(SG)	wdowie
Inflect wdowa | N;DAT(PL)	wdowom
Inflect wdowa | N;VOC(SG)	wdowo
Inflect wdowa | N;GEN(SG)	wdowy
Inflect wdowa | N;VOC(PL)	wdowy
Inflect lud | N;ESS(PL)	ludach
Inflect lud | N;INS(SG)	ludem
Inflect lud | N;NOM(SG)	lud
Inflect lud | N;DAT(PL)	ludom
Inflect lud | N;DAT(SG)	ludowi
Inflect lud | N;GEN(PL)	ludów
Inflect lud | N;GEN(SG)	ludu
Inflect lud | N;ACC(PL)	ludy
Inflect lud | N;NOM(PL)	ludy
Inflect lud | N;VOC(PL)	ludy
Inflect lud | N;VOC(SG)	ludzie
Inflect złożyć | V;IMP;3;PL	niech złożą
Inflect złożyć | V;IMP;1;SG	niech złożę
Inflect złożyć | V;IMP;3;SG	niech złoży
Inflect złożyć | V;FUT;3;PL	złożą
Inflect złożyć | V;IMP;2;PL	złóżcie
Inflect złożyć | V.MSDR	złożenie
Inflect złożyć | V.PTCP;PST;PASS;PL;MASC;HUM	złożeni
Inflect złożyć | V;IMP;1;PL	złóżmy
Inflect złożyć | V.PTCP;PST;PASS;SG;NEUT	złożone
Inflect złożyć | V.PTCP;PST;PASS	złożono
Inflect złożyć | V.PTCP;PST;PASS;SG;MASC	złożony
Inflect złożyć | V;IMP;2;SG	złóż
Inflect złożyć | V;FUT;2;PL	złożycie
Inflect złożyć | V;NFIN	złożyć
Inflect złożyć | V;COND;1;SG;FEM	złożyłabym
Inflect złożyć | V;COND;3;SG;FEM	złożyłaby
Inflect złożyć | V;PST;1;SG;FEM	złożyłam
Inflect złożyć | V;PST;2;SG;FEM	złożyłaś
Inflect złożyć | V;PST;3;SG;FEM	złożyła
Inflect złożyć | V;COND;1;SG;MASC	złożyłbym
Inflect złożyć | V;PST;2;SG;MASC	złożyłeś
Inflect złożyć | V;COND;2;PL;MASC;HUM	złożylibyście
Inflect złożyć | V;COND;3;PL;MASC;HUM	złożyliby
Inflect złożyć | V;PST;2;PL;MASC;HUM	złożyliście
Inflect złożyć | V;PST;1;PL;MASC;HUM	złożyliśmy
Inflect złożyć | V;PST;3;PL;MASC;HUM	złożyli
Inflect złożyć | V;COND;3;SG;NEUT	złożyłoby
Inflect złożyć | V;PST;3;SG;NEUT	złożyło
Inflect złożyć | V;COND;2;PL	złożyłybyście
Inflect złożyć | V;COND;1;PL	złożyłybyśmy
Inflect złożyć | V;COND;3;PL	złożyłyby
Inflect złożyć | V;PST;2;PL	złożyłyście
Inflect złożyć | V;PST;1;PL	złożyłyśmy
Inflect złożyć | V;PST;3;PL	złożyły
Inflect złożyć | V;FUT;2;SG	złożysz
Inflect złożyć | V;FUT;3;SG	złoży
Inflect złożyć | V.CVB;PST	złożywszy
Inflect brawura | N;ACC(SG)	brawurą
Inflect brawura | N;INS(SG)	brawurę
Inflect brawura | N;VOC(SG)	brawuro
Inflect brawura | N;GEN(SG)	brawury
Inflect brawura | N;DAT(SG)	brawurze
Inflect brawura | N;ESS(SG)	brawurze
Inflect granatowy | ADJ;ACC(SG,FEM)	granatową
Inflect granatowy | ADJ;NOM(SG,FEM)	granatowa
Inflect granatowy | ADJ;ACC(SG,NEUT)	granatowe
Inflect granatowy | ADJ;NOM(SG,NEUT)	granatowe
Inflect granatowy | ADJ;NOM(PL)	granatowe
Inflect granatowy | ADJ;ACC(SG,MASC,ANIM)	granatowego
Inflect granatowy | ADJ;GEN(SG,MASC)	granatowego
Inflect granatowy | ADJ;ACC(SG,MASC,HUM)	granatowego
Inflect granatowy | ADJ;GEN(SG,NEUT)	granatowego
Inflect granatowy | ADJ;DAT(SG,FEM)	granatowej
Inflect granatowy | ADJ;ESS(SG,FEM)	granatowej
Inflect granatowy | ADJ;GEN(SG,FEM)	granatowej
Inflect granatowy | ADJ;DAT(SG,MASC)	granatowemu
Inflect granatowy | ADJ;DAT(SG,NEUT)	granatowemu
Inflect granatowy | ADJ;NOM(PL,MASC,HUM)	granatowi
Inflect granatowy | ADJ;ACC(SG,MASC,INAN)	granatowy
Inflect granatowy | ADJ;NOM(SG,MASC)	granatowy
Inflect granatowy | ADJ;ESS(PL)	granatowych
Inflect granatowy | ADJ;GEN(PL)	granatowych
Inflect granatowy | ADJ;DAT(PL)	granatowym
Inflect granatowy | ADJ;ESS(SG,NEUT)	granatowym
Inflect granatowy | ADJ;INS(SG,NEUT)	granatowym
Inflect granatowy | ADJ;INS(PL)	granatowymi
Inflect turzyca | N;ESS(PL)	turzycach
Inflect turzyca | N;INS(PL)	turzycami
Inflect turzyca | N;INS(SG)	turzycą
Inflect turzyca | N;NOM(SG)	turzyca
Inflect turzyca | N;ACC(SG)	turzycę
Inflect turzyca | N;NOM(PL)	turzyce
Inflect turzyca | N;GEN(PL)	turzyc
Inflect turzyca | N;DAT(PL)	turzycom
Inflect turzyca | N;VOC(SG)	turzyco
Inflect turzyca | N;DAT(SG)	turzycy
Inflect turzyca | N;ESS(SG)	turzycy
Inflect turzyca | N;GEN(SG)	turzycy
Inflect korytarz | N;ESS(PL)	korytarzach
Inflect korytarz | N;INS(PL)	korytarzami
Inflect korytarz | N;GEN(SG)	korytarza
Inflect korytarz | N;INS(SG)	korytarzem
Inflect korytarz | N;ACC(PL)	korytarze
Inflect korytarz | N;NOM(PL)	korytarze
Inflect korytarz | N;VOC(PL)	korytarze
Inflect korytarz | N;ACC(SG)	korytarz
Inflect korytarz | N;NOM(SG)	korytarz
Inflect korytarz | N;DAT(PL)	korytarzom
Inflect korytarz | N;GEN(PL)	korytarzy
Inflect Murzyn | N;DAT(PL)	Murzynom
Inflect polietylen | N;INS(SG)	polietylenem
Inflect polietylen | N;VOC(SG)	polietylenie
Inflect polietylen | N;NOM(SG)	polietylen
Inflect polietylen | N;DAT(SG)	polietylenowi
Inflect polietylen | N;GEN(SG)	polietylenu
Inflect kawiarnia | N;ESS(PL)	kawiarniach
Inflect kawiarnia | N;INS(PL)	kawiarniami
Inflect kawiarnia | N;INS(SG)	kawiarnią
Inflect kawiarnia | N;NOM(SG)	kawiarnia
Inflect kawiarnia | N;ACC(PL)	kawiarnie
Inflect kawiarnia | N;ACC(SG)	kawiarnię
Inflect kawiarnia | N;NOM(PL)	kawiarnie
Inflect kawiarnia | N;VOC(PL)	kawiarnie
Inflect kawiarnia | N;DAT(SG)	kawiarni
Inflect kawiarnia | N;ESS(SG)	kawiarni
Inflect kawiarnia | N;GEN(PL)	kawiarni
Inflect kawiarnia | N;DAT(PL)	kawiarniom
Inflect kawiarnia | N;VOC(SG)	kawiarnio
Inflect golić się | V;FUT;3;PL;MASC;HUM	będą golili
Inflect golić się | V;FUT;3;PL	będą goliły
Inflect golić się | V;FUT;1;SG;MASC	będę golił
Inflect golić się | V;FUT;2;PL;MASC;HUM	będziecie golili
Inflect golić się | V;FUT;2;PL	będziecie goliły
Inflect golić się | V;FUT;3;SG;NEUT	będzie goliło
Inflect golić się | V;FUT;3;SG;MASC	będzie golił
Inflect golić się | V;FUT;2;SG;FEM	będziesz goliła
Inflect golić się | V.PTCP;PST;ACT;SG;FEM	goląca
Inflect golić się | V.PTCP;PST;ACT;PL	golące
Inflect golić się | V.PTCP;PST;ACT;SG;NEUT	golące
Inflect golić się | V.CVB	goląc
Inflect golić się | V.PTCP;PST;ACT;PL;MASC;HUM	golący
Inflect golić się | V;PRS;3;PL	golą
Inflect golić się | V;IMP;2;PL	gólcie
Inflect golić się | V.MSDR	golenie
Inflect golić się | V;PRS;1;SG	golę
Inflect golić się | V;NFIN	golić
Inflect golić się | V;COND;1;SG;FEM	goliłabym
Inflect golić się | V;COND;2;SG;FEM	goliłabyś
Inflect golić się | V;PST;2;SG;FEM	goliłaś
Inflect golić się | V;COND;2;SG;MASC	goliłbyś
Inflect golić się | V;COND;3;SG;MASC	goliłby
Inflect golić się | V;PST;1;SG;MASC	goliłem
Inflect golić się | V;PST;2;SG;MASC	goliłeś
Inflect golić się | V;COND;2;PL;MASC;HUM	golilibyście
Inflect golić się | V;COND;1;PL;MASC;HUM	golilibyśmy
Inflect golić się | V;COND;3;PL;MASC;HUM	goliliby
Inflect golić się | V;PST;3;PL;MASC;HUM	golili
Inflect golić się | V;COND;3;SG;NEUT	goliłoby
Inflect golić się | V;PST;3;SG;NEUT	goliło
Inflect golić się | V;PST;3;SG;MASC	golił
Inflect golić się | V;COND;3;PL	goliłyby
Inflect golić się | V;PST;2;PL	goliłyście
Inflect golić się | V;PST;1;PL	goliłyśmy
Inflect golić się | V;PST;3;PL	goliły
Inflect golić się | V;PRS;1;PL	golimy
Inflect golić się | V;PRS;2;SG	golisz
Inflect golić się | V;IMP;3;PL	niech golą
Inflect golić się | V;IMP;3;SG	niech goli
Inflect najciaśniejszy | ADJ;NOM(PL,MASC,HUM)	najciaśniejsi
Inflect najciaśniejszy | ADJ;ACC(SG,FEM)	najciaśniejszą
Inflect najciaśniejszy | ADJ;INS(SG,FEM)	najciaśniejszą
Inflect najciaśniejszy | ADJ;ACC(SG,NEUT)	najciaśniejsze
Inflect najciaśniejszy | ADJ;NOM(SG,NEUT)	najciaśniejsze
Inflect najciaśniejszy | ADJ;NOM(PL)	najciaśniejsze
Inflect najciaśniejszy | ADJ;ACC(SG,MASC,ANIM)	najciaśniejszego
Inflect najciaśniejszy | ADJ;GEN(SG,MASC)	najciaśniejszego
Inflect najciaśniejszy | ADJ;ACC(SG,MASC,HUM)	najciaśniejszego
Inflect najciaśniejszy | ADJ;GEN(SG,NEUT)	najciaśniejszego
Inflect najciaśniejszy | ADJ;DAT(SG,FEM)	najciaśniejszej
Inflect najciaśniejszy | ADJ;ESS(SG,FEM)	najciaśniejszej
Inflect najciaśniejszy | ADJ;GEN(SG,FEM)	najciaśniejszej
Inflect najciaśniejszy | ADJ;DAT(SG,NEUT)	najciaśniejszemu
Inflect najciaśniejszy | ADJ;ACC(SG,MASC,INAN)	najciaśniejszy
Inflect najciaśniejszy | ADJ;NOM(SG,MASC)	najciaśniejszy
Inflect najciaśniejszy | ADJ;ESS(PL)	najciaśniejszych
Inflect najciaśniejszy | ADJ;GEN(PL)	najciaśniejszych
Inflect najciaśniejszy | ADJ;ACC(PL,MASC,HUM)	najciaśniejszych
Inflect najciaśniejszy | ADJ;DAT(PL)	najciaśniejszym
Inflect najciaśniejszy | ADJ;INS(SG,MASC)	najciaśniejszym
Inflect najciaśniejszy | ADJ;ESS(SG,NEUT)	najciaśniejszym
Inflect najciaśniejszy | ADJ;INS(SG,NEUT)	najciaśniejszym
Inflect najciaśniejszy | ADJ;INS(PL)	najciaśniejszymi
Inflect feministyczny | ADJ;ACC(SG,FEM)	feministyczną
Inflect feministyczny | ADJ;INS(SG,FEM)	feministyczną
Inflect feministyczny | ADJ;NOM(SG,FEM)	feministyczna
Inflect feministyczny | ADJ;ACC(PL)	feministyczne
Inflect feministyczny | ADJ;ACC(SG,NEUT)	feministyczne
Inflect feministyczny | ADJ;NOM(SG,NEUT)	feministyczne
Inflect feministyczny | ADJ;NOM(PL)	feministyczne
Inflect feministyczny | ADJ;GEN(SG,MASC)	feministycznego
Inflect feministyczny | ADJ;ESS(SG,FEM)	feministycznej
Inflect feministyczny | ADJ;GEN(SG,FEM)	feministycznej
Inflect feministyczny | ADJ;DAT(SG,MASC)	feministycznemu
Inflect feministyczny | ADJ;DAT(SG,NEUT)	feministycznemu
Inflect feministyczny | ADJ;NOM(PL,MASC,HUM)	feministyczni
Inflect feministyczny | ADJ;ACC(SG,MASC,INAN)	feministyczny
Inflect feministyczny | ADJ;NOM(SG,MASC)	feministyczny
Inflect feministyczny | ADJ;ESS(PL)	feministycznych
Inflect feministyczny | ADJ;GEN(PL)	feministycznych
Inflect feministyczny | ADJ;DAT(PL)	feministycznym
Inflect feministyczny | ADJ;ESS(SG,MASC)	feministycznym
Inflect feministyczny | ADJ;INS(SG,MASC)	feministycznym
Inflect feministyczny | ADJ;ESS(SG,NEUT)	feministycznym
Inflect feministyczny | ADJ;INS(SG,NEUT)	feministycznym
Inflect feministyczny | ADJ;INS(PL)	feministycznymi
Inflect jeżyk | N;INS(SG)	jeżykiem
Inflect śląski | ADJ;NOM(PL,MASC,HUM)	śląscy
Inflect śląski | ADJ;ACC(SG,FEM)	śląską
Inflect śląski | ADJ;INS(SG,FEM)	śląską
Inflect śląski | ADJ;NOM(SG,FEM)	śląska
Inflect śląski | ADJ;ACC(SG,MASC,INAN)	śląski
Inflect śląski | ADJ;NOM(SG,MASC)	śląski
Inflect śląski | ADJ;ESS(PL)	śląskich
Inflect śląski | ADJ;GEN(PL)	śląskich
Inflect śląski | ADJ;ACC(SG,NEUT)	śląskie
Inflect śląski | ADJ;NOM(SG,NEUT)	śląskie
Inflect śląski | ADJ;NOM(PL)	śląskie
Inflect śląski | ADJ;GEN(SG,MASC)	śląskiego
Inflect śląski | ADJ;ACC(SG,MASC,HUM)	śląskiego
Inflect śląski | ADJ;GEN(SG,NEUT)	śląskiego
Inflect śląski | ADJ;DAT(SG,FEM)	śląskiej
Inflect śląski | ADJ;ESS(SG,FEM)	śląskiej
Inflect śląski | ADJ;GEN(SG,FEM)	śląskiej
Inflect śląski | ADJ;DAT(SG,MASC)	śląskiemu
Inflect śląski | ADJ;DAT(PL)	śląskim
Inflect śląski | ADJ;ESS(SG,MASC)	śląskim
Inflect śląski | ADJ;INS(SG,NEUT)	śląskim
Inflect semantyczny | ADJ;INS(SG,FEM)	semantyczną
Inflect semantyczny | ADJ;NOM(SG,FEM)	semantyczna
Inflect semantyczny | ADJ;ACC(PL)	semantyczne
Inflect semantyczny | ADJ;ACC(SG,NEUT)	semantyczne
Inflect semantyczny | ADJ;NOM(SG,NEUT)	semantyczne
Inflect semantyczny | ADJ;ACC(SG,MASC,ANIM)	semantycznego
Inflect semantyczny | ADJ;GEN(SG,MASC)	semantycznego
Inflect semantyczny | ADJ;ACC(SG,MASC,HUM)	semantycznego
Inflect semantyczny | ADJ;GEN(SG,NEUT)	semantycznego
Inflect semantyczny | ADJ;DAT(SG,FEM)	semantycznej
Inflect semantyczny | ADJ;ESS(SG,FEM)	semantycznej
Inflect semantyczny | ADJ;GEN(SG,FEM)	semantycznej
Inflect semantyczny | ADJ;ACC(SG,MASC,INAN)	semantyczny
Inflect semantyczny | ADJ;DAT(PL)	semantycznym
Inflect semantyczny | ADJ;INS(SG,MASC)	semantycznym
Inflect semantyczny | ADJ;ESS(SG,NEUT)	semantycznym
Inflect semantyczny | ADJ;INS(PL)	semantycznymi
Inflect randka | N;DAT(SG)	randce
Inflect randka | N;ESS(SG)	randce
Inflect randka | N;GEN(PL)	randek
Inflect randka | N;ESS(PL)	randkach
Inflect randka | N;INS(PL)	randkami
Inflect randka | N;INS(SG)	randką
Inflect randka | N;ACC(PL)	randki
Inflect randka | N;GEN(SG)	randki
Inflect randka | N;NOM(PL)	randki
Inflect randka | N;VOC(PL)	randki
Inflect randka | N;DAT(PL)	randkom
Inflect randka | N;VOC(SG)	randko
Inflect najpoważniejszy | ADJ;NOM(PL,MASC,HUM)	najpoważniejsi
Inflect najpoważniejszy | ADJ;ACC(SG,FEM)	najpoważniejszą
Inflect najpoważniejszy | ADJ;INS(SG,FEM)	najpoważniejszą
Inflect najpoważniejszy | ADJ;NOM(SG,FEM)	najpoważniejsza
Inflect najpoważniejszy | ADJ;ACC(PL)	najpoważniejsze
Inflect najpoważniejszy | ADJ;ACC(SG,NEUT)	najpoważniejsze
Inflect najpoważniejszy | ADJ;NOM(PL)	najpoważniejsze
Inflect najpoważniejszy | ADJ;ACC(SG,MASC,ANIM)	najpoważniejszego
Inflect najpoważniejszy | ADJ;GEN(SG,MASC)	najpoważniejszego
Inflect najpoważniejszy | ADJ;GEN(SG,NEUT)	najpoważniejszego
Inflect najpoważniejszy | ADJ;GEN(SG,FEM)	najpoważniejszej
Inflect najpoważniejszy | ADJ;DAT(SG,MASC)	najpoważniejszemu
Inflect najpoważniejszy | ADJ;DAT(SG,NEUT)	najpoważniejszemu
Inflect najpoważniejszy | ADJ;ACC(SG,MASC,INAN)	najpoważniejszy
Inflect najpoważniejszy | ADJ;NOM(SG,MASC)	najpoważniejszy
Inflect najpoważniejszy | ADJ;GEN(PL)	najpoważniejszych
Inflect najpoważniejszy | ADJ;DAT(PL)	najpoważniejszym
Inflect najpoważniejszy | ADJ;ESS(SG,MASC)	najpoważniejszym
Inflect najpoważniejszy | ADJ;INS(SG,MASC)	najpoważniejszym
Inflect najpoważniejszy | ADJ;INS(SG,NEUT)	najpoważniejszym
Inflect najpoważniejszy | ADJ;INS(PL)	najpoważniejszymi
Inflect alfabet | N;ESS(SG)	alfabecie
Inflect alfabet | N;VOC(SG)	alfabecie
Inflect alfabet | N;ESS(PL)	alfabetach
Inflect alfabet | N;INS(PL)	alfabetami
Inflect alfabet | N;INS(SG)	alfabetem
Inflect alfabet | N;ACC(SG)	alfabet
Inflect alfabet | N;NOM(SG)	alfabet
Inflect alfabet | N;DAT(PL)	alfabetom
Inflect alfabet | N;GEN(PL)	alfabetów
Inflect alfabet | N;ACC(PL)	alfabety
Inflect alfabet | N;NOM(PL)	alfabety
Inflect alfabet | N;VOC(PL)	alfabety
Inflect apsyda | N;ESS(PL)	apsydach
Inflect apsyda | N;INS(PL)	apsydami
Inflect apsyda | N;INS(SG)	apsydą
Inflect apsyda | N;NOM(SG)	apsyda
Inflect apsyda | N;GEN(PL)	apsyd
Inflect apsyda | N;DAT(PL)	apsydom
Inflect apsyda | N;VOC(SG)	apsydo
Inflect apsyda | N;NOM(PL)	apsydy
Inflect apsyda | N;DAT(SG)	apsydzie
Inflect apsyda | N;ESS(SG)	apsydzie
Inflect potok | N;ESS(PL)	potokach
Inflect potok | N;INS(PL)	potokami
Inflect potok | N;INS(SG)	potokiem
Inflect potok | N;ACC(PL)	potoki
Inflect potok | N;NOM(PL)	potoki
Inflect potok | N;VOC(PL)	potoki
Inflect potok | N;ACC(SG)	potok
Inflect potok | N;NOM(SG)	potok
Inflect potok | N;DAT(PL)	potokom
Inflect potok | N;DAT(SG)	potokowi
Inflect potok | N;ESS(SG)	potoku
Inflect potok | N;VOC(SG)	potoku
Inflect plotka | N;NOM(SG)	plotka
Inflect bluszcz | N;ESS(PL)	bluszczach
Inflect bluszcz | N;INS(PL)	bluszczami
Inflect bluszcz | N;INS(SG)	bluszczem
Inflect bluszcz | N;NOM(PL)	bluszcze
Inflect bluszcz | N;VOC(PL)	bluszcze
Inflect bluszcz | N;ACC(SG)	bluszcz
Inflect bluszcz | N;NOM(SG)	bluszcz
Inflect bluszcz | N;DAT(PL)	bluszczom
Inflect bluszcz | N;ESS(SG)	bluszczu
Inflect bluszcz | N;GEN(SG)	bluszczu
Inflect bluszcz | N;GEN(PL)	bluszczy
Inflect cenić | V;FUT;1;SG;FEM	będę ceniła
Inflect cenić | V;FUT;3;SG;FEM	będzie ceniła
Inflect cenić | V;FUT;3;SG;NEUT	będzie ceniło
Inflect cenić | V;FUT;3;SG;MASC	będzie cenił
Inflect cenić | V;FUT;1;PL	będziemy ceniły
Inflect cenić | V;FUT;2;SG;FEM	będziesz ceniła
Inflect cenić | V;FUT;2;SG;MASC	będziesz cenił
Inflect cenić | V;IMP;2;PL	ceńcie
Inflect cenić | V.PTCP;PST;ACT;SG;FEM	ceniąca
Inflect cenić | V.PTCP;PST;ACT;PL	ceniące
Inflect cenić | V.PTCP;PST;ACT;SG;NEUT	ceniące
Inflect cenić | V.PTCP;PST;ACT;PL;MASC;HUM	ceniący
Inflect cenić | V;PRS;2;PL	cenicie
Inflect cenić | V;NFIN	cenić
Inflect cenić | V;PRS;1;SG	cenię
Inflect cenić | V;COND;1;SG;FEM	ceniłabym
Inflect cenić | V;COND;2;SG;FEM	ceniłabyś
Inflect cenić | V;COND;3;SG;FEM	ceniłaby
Inflect cenić | V;PST;1;SG;FEM	ceniłam
Inflect cenić | V;PST;2;SG;FEM	ceniłaś
Inflect cenić | V;PST;3;SG;FEM	ceniła
Inflect cenić | V;COND;1;SG;MASC	ceniłbym
Inflect cenić | V;COND;2;SG;MASC	ceniłbyś
Inflect cenić | V;COND;3;SG;MASC	ceniłby
Inflect cenić | V;PST;1;SG;MASC	ceniłem
Inflect cenić | V;PST;2;SG;MASC	ceniłeś
Inflect cenić | V;COND;2;PL;MASC;HUM	cenilibyście
Inflect cenić | V;COND;3;PL;MASC;HUM	ceniliby
Inflect cenić | V;PST;3;PL;MASC;HUM	cenili
Inflect cenić | V;COND;3;SG;NEUT	ceniłoby
Inflect cenić | V;PST;3;SG;NEUT	ceniło
Inflect cenić | V;PST;3;SG;MASC	cenił
Inflect cenić | V;COND;2;PL	ceniłybyście
Inflect cenić | V;COND;1;PL	ceniłybyśmy
Inflect cenić | V;COND;3;PL	ceniłyby
Inflect cenić | V;PST;2;PL	ceniłyście
Inflect cenić | V;PRS;1;PL	cenimy
Inflect cenić | V;PRS;2;SG	cenisz
Inflect cenić | V;IMP;1;PL	ceńmy
Inflect cenić | V;IMP;2;SG	ceń
Inflect cenić | V;IMP;3;PL	niech cenią
Inflect felieton | N;ESS(PL)	felietonach
Inflect felieton | N;INS(PL)	felietonami
Inflect felieton | N;INS(SG)	felietonem
Inflect felieton | N;VOC(SG)	felietonie
Inflect felieton | N;ACC(SG)	felieton
Inflect felieton | N;NOM(SG)	felieton
Inflect felieton | N;DAT(PL)	felietonom
Inflect felieton | N;DAT(SG)	felietonowi
Inflect felieton | N;GEN(PL)	felietonów
Inflect felieton | N;GEN(SG)	felietonu
Inflect felieton | N;ACC(PL)	felietony
Inflect felieton | N;NOM(PL)	felietony
Inflect felieton | N;VOC(PL)	felietony
Inflect zasada | N;INS(PL)	zasadami
Inflect zasada | N;INS(SG)	zasadą
Inflect zasada | N;GEN(PL)	zasad
Inflect zasada | N;VOC(SG)	zasado
Inflect zasada | N;ACC(PL)	zasady
Inflect zasada | N;GEN(SG)	zasady
Inflect zasada | N;NOM(PL)	zasady
Inflect zasada | N;VOC(PL)	zasady
Inflect zasada | N;DAT(SG)	zasadzie
Inflect hafn | N;INS(SG)	hafnem
Inflect hafn | N;ESS(SG)	hafnie
Inflect hafn | N;VOC(SG)	hafnie
Inflect hafn | N;NOM(SG)	hafn
Inflect hafn | N;GEN(SG)	hafnu
Inflect czosnkowy | ADJ;ACC(SG,FEM)	czosnkową
Inflect czosnkowy | ADJ;NOM(SG,FEM)	czosnkowa
Inflect czosnkowy | ADJ;ACC(PL)	czosnkowe
Inflect czosnkowy | ADJ;ACC(SG,NEUT)	czosnkowe
Inflect czosnkowy | ADJ;NOM(SG,NEUT)	czosnkowe
Inflect czosnkowy | ADJ;NOM(PL)	czosnkowe
Inflect czosnkowy | ADJ;ACC(SG,MASC,ANIM)	czosnkowego
Inflect czosnkowy | ADJ;GEN(SG,MASC)	czosnkowego
Inflect czosnkowy | ADJ;ACC(SG,MASC,HUM)	czosnkowego
Inflect czosnkowy | ADJ;GEN(SG,NEUT)	czosnkowego
Inflect czosnkowy | ADJ;DAT(SG,FEM)	czosnkowej
Inflect czosnkowy | ADJ;ESS(SG,FEM)	czosnkowej
Inflect czosnkowy | ADJ;GEN(SG,FEM)	czosnkowej
Inflect czosnkowy | ADJ;DAT(SG,MASC)	czosnkowemu
Inflect czosnkowy | ADJ;NOM(PL,MASC,HUM)	czosnkowi
Inflect czosnkowy | ADJ;ACC(SG,MASC,INAN)	czosnkowy
Inflect czosnkowy | ADJ;NOM(SG,MASC)	czosnkowy
Inflect czosnkowy | ADJ;GEN(PL)	czosnkowych
Inflect czosnkowy | ADJ;ESS(SG,MASC)	czosnkowym
Inflect czosnkowy | ADJ;INS(SG,MASC)	czosnkowym
Inflect czosnkowy | ADJ;ESS(SG,NEUT)	czosnkowym
Inflect czosnkowy | ADJ;INS(SG,NEUT)	czosnkowym
Inflect czosnkowy | ADJ;INS(PL)	czosnkowymi
Inflect zgon | N;ESS(PL)	zgonach
Inflect zgon | N;INS(PL)	zgonami
Inflect zgon | N;INS(SG)	zgonem
Inflect zgon | N;ESS(SG)	zgonie
Inflect zgon | N;VOC(SG)	zgonie
Inflect zgon | N;ACC(SG)	zgon
Inflect zgon | N;NOM(SG)	zgon
Inflect zgon | N;DAT(PL)	zgonom
Inflect zgon | N;DAT(SG)	zgonowi
Inflect zgon | N;GEN(PL)	zgonów
Inflect zgon | N;GEN(SG)	zgonu
Inflect zgon | N;ACC(PL)	zgony
Inflect zgon | N;NOM(PL)	zgony
Inflect zgon | N;VOC(PL)	zgony
Inflect aberracja | N;ESS(PL)	aberracjach
Inflect aberracja | N;NOM(SG)	aberracja
Inflect aberracja | N;ACC(PL)	aberracje
Inflect aberracja | N;ACC(SG)	aberrację
Inflect aberracja | N;NOM(PL)	aberracje
Inflect aberracja | N;ESS(SG)	aberracji
Inflect aberracja | N;GEN(SG)	aberracji
Inflect aberracja | N;DAT(PL)	aberracjom
Inflect strzęp | N;ESS(PL)	strzępach
Inflect strzęp | N;INS(PL)	strzępami
Inflect strzęp | N;INS(SG)	strzępem
Inflect strzęp | N;VOC(SG)	strzępie
Inflect strzęp | N;ACC(SG)	strzęp
Inflect strzęp | N;NOM(SG)	strzęp
Inflect strzęp | N;DAT(PL)	strzępom
Inflect strzęp | N;DAT(SG)	strzępowi
Inflect strzęp | N;GEN(SG)	strzępu
Inflect strzęp | N;ACC(PL)	strzępy
Inflect strzęp | N;NOM(PL)	strzępy
Inflect strzęp | N;VOC(PL)	strzępy
Inflect głupek | N;NOM(SG)	głupek
Inflect głupek | N;INS(PL)	głupkami
Inflect głupek | N;GEN(SG)	głupka
Inflect głupek | N;INS(SG)	głupkiem
Inflect głupek | N;VOC(PL)	głupki
Inflect głupek | N;DAT(PL)	głupkom
Inflect głupek | N;ACC(PL)	głupków
Inflect głupek | N;GEN(PL)	głupków
Inflect głupek | N;VOC(SG)	głupku
Inflect głupek | N;DAT(SG)	głupowi
Inflect seminaryjny | ADJ;ACC(SG,FEM)	seminaryjną
Inflect seminaryjny | ADJ;NOM(SG,FEM)	seminaryjna
Inflect seminaryjny | ADJ;ACC(PL)	seminaryjne
Inflect seminaryjny | ADJ;ACC(SG,NEUT)	seminaryjne
Inflect seminaryjny | ADJ;NOM(SG,NEUT)	seminaryjne
Inflect seminaryjny | ADJ;NOM(PL)	seminaryjne
Inflect seminaryjny | ADJ;ACC(SG,MASC,ANIM)	seminaryjnego
Inflect seminaryjny | ADJ;GEN(SG,MASC)	seminaryjnego
Inflect seminaryjny | ADJ;GEN(SG,NEUT)	seminaryjnego
Inflect seminaryjny | ADJ;ESS(SG,FEM)	seminaryjnej
Inflect seminaryjny | ADJ;GEN(SG,FEM)	seminaryjnej
Inflect seminaryjny | ADJ;DAT(SG,NEUT)	seminaryjnemu
Inflect seminaryjny | ADJ;NOM(PL,MASC,HUM)	seminaryjni
Inflect seminaryjny | ADJ;ACC(SG,MASC,INAN)	seminaryjny
Inflect seminaryjny | ADJ;NOM(SG,MASC)	seminaryjny
Inflect seminaryjny | ADJ;ACC(PL,MASC,HUM)	seminaryjnych
Inflect seminaryjny | ADJ;ESS(SG,MASC)	seminaryjnym
Inflect seminaryjny | ADJ;INS(SG,MASC)	seminaryjnym
Inflect seminaryjny | ADJ;ESS(SG,NEUT)	seminaryjnym
Inflect szynszyla | N;ESS(PL)	szynszylach
Inflect szynszyla | N;INS(PL)	szynszylami
Inflect szynszyla | N;INS(SG)	szynszylą
Inflect szynszyla | N;NOM(SG)	szynszyla
Inflect szynszyla | N;ACC(PL)	szynszyle
Inflect szynszyla | N;ACC(SG)	szynszylę
Inflect szynszyla | N;DAT(SG)	szynszyli
Inflect szynszyla | N;ESS(SG)	szynszyli
Inflect szynszyla | N;DAT(PL)	szynszylom
Inflect szynszyla | N;VOC(SG)	szynszylo
Inflect spódnica | N;ESS(PL)	spódnicach
Inflect spódnica | N;INS(PL)	spódnicami
Inflect spódnica | N;INS(SG)	spódnicą
Inflect spódnica | N;NOM(SG)	spódnica
Inflect spódnica | N;ACC(PL)	spódnice
Inflect spódnica | N;ACC(SG)	spódnicę
Inflect spódnica | N;NOM(PL)	spódnice
Inflect spódnica | N;VOC(PL)	spódnice
Inflect spódnica | N;VOC(SG)	spódnico
Inflect spódnica | N;DAT(SG)	spódnicy
Inflect akcelerometr | N;ESS(PL)	akcelerometrach
Inflect akcelerometr | N;INS(SG)	akcelerometrem
Inflect akcelerometr | N;ACC(SG)	akcelerometr
Inflect akcelerometr | N;NOM(SG)	akcelerometr
Inflect akcelerometr | N;DAT(PL)	akcelerometrom
Inflect akcelerometr | N;DAT(SG)	akcelerometrowi
Inflect akcelerometr | N;GEN(SG)	akcelerometru
Inflect akcelerometr | N;ACC(PL)	akcelerometry
Inflect akcelerometr | N;VOC(PL)	akcelerometry
Inflect akcelerometr | N;ESS(SG)	akcelerometrze
Inflect akcelerometr | N;VOC(SG)	akcelerometrze
Inflect ważki | ADJ;GEN(SG,MASC)	ważkiego
Inflect beka | N;DAT(SG)	bece
Inflect beka | N;ESS(SG)	bece
Inflect beka | N;ESS(PL)	bekach
Inflect beka | N;INS(PL)	bekami
Inflect beka | N;INS(SG)	beką
Inflect beka | N;NOM(SG)	beka
Inflect beka | N;ACC(SG)	bekę
Inflect beka | N;ACC(PL)	beki
Inflect beka | N;GEN(SG)	beki
Inflect beka | N;VOC(PL)	beki
Inflect beka | N;GEN(PL)	bek
Inflect beka | N;DAT(PL)	bekom
Inflect beka | N;VOC(SG)	beko
Inflect najstraszniejszy | ADJ;NOM(PL,MASC,HUM)	najstraszniejsi
Inflect najstraszniejszy | ADJ;NOM(SG,FEM)	najstraszniejsza
Inflect najstraszniejszy | ADJ;ACC(PL)	najstraszniejsze
Inflect najstraszniejszy | ADJ;ACC(SG,NEUT)	najstraszniejsze
Inflect najstraszniejszy | ADJ;NOM(SG,NEUT)	najstraszniejsze
Inflect najstraszniejszy | ADJ;ACC(SG,MASC,ANIM)	najstraszniejszego
Inflect najstraszniejszy | ADJ;GEN(SG,MASC)	najstraszniejszego
Inflect najstraszniejszy | ADJ;DAT(SG,FEM)	najstraszniejszej
Inflect najstraszniejszy | ADJ;GEN(SG,FEM)	najstraszniejszej
Inflect najstraszniejszy | ADJ;DAT(SG,MASC)	najstraszniejszemu
Inflect najstraszniejszy | ADJ;DAT(SG,NEUT)	najstraszniejszemu
Inflect najstraszniejszy | ADJ;ACC(SG,MASC,INAN)	najstraszniejszy
Inflect najstraszniejszy | ADJ;NOM(SG,MASC)	najstraszniejszy
Inflect najstraszniejszy | ADJ;ACC(PL,MASC,HUM)	najstraszniejszych
Inflect najstraszniejszy | ADJ;ESS(SG,MASC)	najstraszniejszym
Inflect najstraszniejszy | ADJ;INS(SG,MASC)	najstraszniejszym
Inflect najstraszniejszy | ADJ;ESS(SG,NEUT)	najstraszniejszym
Inflect najstraszniejszy | ADJ;INS(SG,NEUT)	najstraszniejszym
Inflect zmęczeni | ADJ;NOM(PL,MASC,HUM)	zmęczeni
Inflect zmęczeni | ADJ;ACC(SG,FEM)	zmęczoną
Inflect zmęczeni | ADJ;INS(SG,FEM)	zmęczoną
Inflect zmęczeni | ADJ;NOM(SG,FEM)	zmęczona
Inflect zmęczeni | ADJ;NOM(SG,NEUT)	zmęczone
Inflect zmęczeni | ADJ;NOM(PL)	zmęczone
Inflect zmęczeni | ADJ;GEN(SG,MASC)	zmęczonego
Inflect zmęczeni | ADJ;ACC(SG,MASC,HUM)	zmęczonego
Inflect zmęczeni | ADJ;DAT(SG,FEM)	zmęczonej
Inflect zmęczeni | ADJ;ESS(SG,FEM)	zmęczonej
Inflect zmęczeni | ADJ;GEN(SG,FEM)	zmęczonej
Inflect zmęczeni | ADJ;DAT(SG,NEUT)	zmęczonemu
Inflect zmęczeni | ADJ;ACC(SG,MASC,INAN)	zmęczony
Inflect zmęczeni | ADJ;NOM(SG,MASC)	zmęczony
Inflect zmęczeni | ADJ;ESS(PL)	zmęczonych
Inflect zmęczeni | ADJ;ACC(PL,MASC,HUM)	zmęczonych
Inflect zmęczeni | ADJ;DAT(PL)	zmęczonym
Inflect zmęczeni | ADJ;ESS(SG,MASC)	zmęczonym
Inflect zmęczeni | ADJ;INS(SG,MASC)	zmęczonym
Inflect zmęczeni | ADJ;ESS(SG,NEUT)	zmęczonym
Inflect frankowicz | N;ESS(PL)	frankowiczach
Inflect frankowicz | N;INS(PL)	frankowiczami
Inflect frankowicz | N;ACC(SG)	frankowicza
Inflect frankowicz | N;GEN(SG)	frankowicza
Inflect frankowicz | N;NOM(PL)	frankowicze
Inflect frankowicz | N;DAT(PL)	frankowiczom
Inflect frankowicz | N;VOC(SG)	frankowiczu
Inflect frankowicz | N;ACC(PL)	frankowiczy
Inflect frankowicz | N;GEN(PL)	frankowiczy
Inflect najdoroślejszy | ADJ;NOM(PL,MASC,HUM)	najdoroślejsi
Inflect najdoroślejszy | ADJ;ACC(SG,FEM)	najdoroślejszą
Inflect najdoroślejszy | ADJ;INS(SG,FEM)	najdoroślejszą
Inflect najdoroślejszy | ADJ;NOM(SG,FEM)	najdoroślejsza
Inflect najdoroślejszy | ADJ;ACC(PL)	najdoroślejsze
Inflect najdoroślejszy | ADJ;ACC(SG,NEUT)	najdoroślejsze
Inflect najdoroślejszy | ADJ;NOM(SG,NEUT)	najdoroślejsze
Inflect najdoroślejszy | ADJ;NOM(PL)	najdoroślejsze
Inflect najdoroślejszy | ADJ;ACC(SG,MASC,ANIM)	najdoroślejszego
Inflect najdoroślejszy | ADJ;DAT(SG,FEM)	najdoroślejszej
Inflect najdoroślejszy | ADJ;ESS(SG,FEM)	najdoroślejszej
Inflect najdoroślejszy | ADJ;GEN(SG,FEM)	najdoroślejszej
Inflect najdoroślejszy | ADJ;DAT(SG,MASC)	najdoroślejszemu
Inflect najdoroślejszy | ADJ;DAT(SG,NEUT)	najdoroślejszemu
Inflect najdoroślejszy | ADJ;ACC(SG,MASC,INAN)	najdoroślejszy
Inflect najdoroślejszy | ADJ;ESS(PL)	najdoroślejszych
Inflect najdoroślejszy | ADJ;GEN(PL)	najdoroślejszych
Inflect najdoroślejszy | ADJ;DAT(PL)	najdoroślejszym
Inflect najdoroślejszy | ADJ;ESS(SG,MASC)	najdoroślejszym
Inflect najdoroślejszy | ADJ;INS(SG,MASC)	najdoroślejszym
Inflect najdoroślejszy | ADJ;INS(SG,NEUT)	najdoroślejszym
Inflect najdoroślejszy | ADJ;INS(PL)	najdoroślejszymi
Inflect odkryty | ADJ;ACC(SG,FEM)	odkrytą
Inflect odkryty | ADJ;INS(SG,FEM)	odkrytą
Inflect odkryty | ADJ;NOM(SG,FEM)	odkryta
Inflect odkryty | ADJ;ACC(PL)	odkryte
Inflect odkryty | ADJ;ACC(SG,NEUT)	odkryte
Inflect odkryty | ADJ;NOM(PL)	odkryte
Inflect odkryty | ADJ;ACC(SG,MASC,ANIM)	odkrytego
Inflect odkryty | ADJ;GEN(SG,MASC)	odkrytego
Inflect odkryty | ADJ;GEN(SG,NEUT)	odkrytego
Inflect odkryty | ADJ;DAT(SG,FEM)	odkrytej
Inflect odkryty | ADJ;GEN(SG,FEM)	odkrytej
Inflect odkryty | ADJ;DAT(SG,MASC)	odkrytemu
Inflect odkryty | ADJ;ACC(SG,MASC,INAN)	odkryty
Inflect odkryty | ADJ;NOM(SG,MASC)	odkryty
Inflect odkryty | ADJ;ESS(PL)	odkrytych
Inflect odkryty | ADJ;GEN(PL)	odkrytych
Inflect odkryty | ADJ;ACC(PL,MASC,HUM)	odkrytych
Inflect odkryty | ADJ;DAT(PL)	odkrytym
Inflect odkryty | ADJ;ESS(SG,MASC)	odkrytym
Inflect odkryty | ADJ;ESS(SG,NEUT)	odkrytym
Inflect odkryty | ADJ;INS(SG,NEUT)	odkrytym
Inflect mazgaj | N;ESS(PL)	mazgajach
Inflect mazgaj | N;INS(PL)	mazgajami
Inflect mazgaj | N;ACC(SG)	mazgaja
Inflect mazgaj | N;NOM(PL)	mazgaje
Inflect mazgaj | N;VOC(PL)	mazgaje
Inflect mazgaj | N;NOM(SG)	mazgaj
Inflect mazgaj | N;DAT(PL)	mazgajom
Inflect mazgaj | N;DAT(SG)	mazgajowi
Inflect mazgaj | N;VOC(SG)	mazgaju
Inflect czółenko | N;ACC(PL)	czółenka
Inflect czółenko | N;GEN(SG)	czółenka
Inflect czółenko | N;NOM(PL)	czółenka
Inflect czółenko | N;VOC(PL)	czółenka
Inflect czółenko | N;INS(SG)	czółenkiem
Inflect czółenko | N;DAT(PL)	czółenkom
Inflect czółenko | N;ACC(SG)	czółenko
Inflect czółenko | N;VOC(SG)	czółenko
Inflect czółenko | N;DAT(SG)	czółenku
Inflect czółenko | N;ESS(SG)	czółenku
Inflect niezapomniany | ADJ;INS(SG,FEM)	niezapomnianą
Inflect niezapomniany | ADJ;NOM(SG,FEM)	niezapomniana
Inflect niezapomniany | ADJ;ACC(PL)	niezapomniane
Inflect niezapomniany | ADJ;ACC(SG,NEUT)	niezapomniane
Inflect niezapomniany | ADJ;NOM(SG,NEUT)	niezapomniane
Inflect niezapomniany | ADJ;NOM(PL)	niezapomniane
Inflect niezapomniany | ADJ;GEN(SG,MASC)	niezapomnianego
Inflect niezapomniany | ADJ;ACC(SG,MASC,HUM)	niezapomnianego
Inflect niezapomniany | ADJ;GEN(SG,NEUT)	niezapomnianego
Inflect niezapomniany | ADJ;DAT(SG,FEM)	niezapomnianej
Inflect niezapomniany | ADJ;ESS(SG,FEM)	niezapomnianej
Inflect niezapomniany | ADJ;GEN(SG,FEM)	niezapomnianej
Inflect niezapomniany | ADJ;DAT(SG,MASC)	niezapomnianemu
Inflect niezapomniany | ADJ;DAT(SG,NEUT)	niezapomnianemu
Inflect niezapomniany | ADJ;NOM(PL,MASC,HUM)	niezapomniani
Inflect niezapomniany | ADJ;ACC(SG,MASC,INAN)	niezapomniany
Inflect niezapomniany | ADJ;NOM(SG,MASC)	niezapomniany
Inflect niezapomniany | ADJ;ACC(PL,MASC,HUM)	niezapomnianych
Inflect niezapomniany | ADJ;DAT(PL)	niezapomnianym
Inflect niezapomniany | ADJ;ESS(SG,MASC)	niezapomnianym
Inflect niezapomniany | ADJ;INS(SG,MASC)	niezapomnianym
Inflect niezapomniany | ADJ;ESS(SG,NEUT)	niezapomnianym
Inflect niezapomniany | ADJ;INS(SG,NEUT)	niezapomnianym
Inflect niezapomniany | ADJ;INS(PL)	niezapomnianymi
Inflect trącić | V;PST;2;PL;MASC;HUM	trąciliście
Inflect uncja | N;INS(PL)	uncjami
Inflect uncja | N;INS(SG)	uncją
Inflect uncja | N;NOM(SG)	uncja
Inflect uncja | N;ACC(PL)	uncje
Inflect uncja | N;ACC(SG)	uncję
Inflect uncja | N;NOM(PL)	uncje
Inflect uncja | N;VOC(PL)	uncje
Inflect uncja | N;DAT(SG)	uncji
Inflect uncja | N;ESS(SG)	uncji
Inflect uncja | N;DAT(PL)	uncjom
Inflect uncja | N;VOC(SG)	uncjo
Inflect bak | N;NOM(SG)	bak
Inflect berkel | N;INS(SG)	berkelem
Inflect berkel | N;NOM(SG)	berkel
Inflect berkel | N;DAT(SG)	berkelowi
Inflect berkel | N;ESS(SG)	berkelu
Inflect berkel | N;GEN(SG)	berkelu
Inflect siusiak | N;ESS(PL)	siusiakach
Inflect siusiak | N;GEN(SG)	siusiaka
Inflect siusiak | N;INS(SG)	siusiakiem
Inflect siusiak | N;ACC(PL)	siusiaki
Inflect siusiak | N;NOM(PL)	siusiaki
Inflect siusiak | N;VOC(PL)	siusiaki
Inflect siusiak | N;ACC(SG)	siusiak
Inflect siusiak | N;NOM(SG)	siusiak
Inflect siusiak | N;DAT(PL)	siusiakom
Inflect siusiak | N;DAT(SG)	siusiakowi
Inflect siusiak | N;GEN(PL)	siusiaków
Inflect siusiak | N;ESS(SG)	siusiaku
Inflect siusiak | N;VOC(SG)	siusiaku
Inflect cyrkowy | ADJ;INS(SG,FEM)	cyrkową
Inflect cyrkowy | ADJ;ACC(SG,NEUT)	cyrkowe
Inflect cyrkowy | ADJ;NOM(PL)	cyrkowe
Inflect cyrkowy | ADJ;ACC(SG,MASC,ANIM)	cyrkowego
Inflect cyrkowy | ADJ;GEN(SG,MASC)	cyrkowego
Inflect cyrkowy | ADJ;ACC(SG,MASC,HUM)	cyrkowego
Inflect cyrkowy | ADJ;GEN(SG,NEUT)	cyrkowego
Inflect cyrkowy | ADJ;ESS(SG,FEM)	cyrkowej
Inflect cyrkowy | ADJ;DAT(SG,MASC)	cyrkowemu
Inflect cyrkowy | ADJ;DAT(SG,NEUT)	cyrkowemu
Inflect cyrkowy | ADJ;ACC(SG,MASC,INAN)	cyrkowy
Inflect cyrkowy | ADJ;NOM(SG,MASC)	cyrkowy
Inflect cyrkowy | ADJ;ESS(PL)	cyrkowych
Inflect cyrkowy | ADJ;GEN(PL)	cyrkowych
Inflect cyrkowy | ADJ;DAT(PL)	cyrkowym
Inflect cyrkowy | ADJ;ESS(SG,MASC)	cyrkowym
Inflect cyrkowy | ADJ;INS(SG,MASC)	cyrkowym
Inflect cyrkowy | ADJ;ESS(SG,NEUT)	cyrkowym
Inflect cyrkowy | ADJ;INS(PL)	cyrkowymi
Inflect Polka | N;ESS(PL)	Polkach
Inflect plakat | N;ESS(SG)	plakacie
Inflect plakat | N;VOC(SG)	plakacie
Inflect plakat | N;INS(PL)	plakatami
Inflect plakat | N;ACC(SG)	plakat
Inflect plakat | N;NOM(SG)	plakat
Inflect plakat | N;DAT(SG)	plakatowi
Inflect plakat | N;GEN(PL)	plakatów
Inflect plakat | N;ACC(PL)	plakaty
Inflect plakat | N;VOC(PL)	plakaty
Inflect korpus | N;ESS(PL)	korpusach
Inflect korpus | N;INS(PL)	korpusami
Inflect korpus | N;INS(SG)	korpusem
Inflect korpus | N;ESS(SG)	korpusie
Inflect korpus | N;VOC(SG)	korpusie
Inflect korpus | N;ACC(SG)	korpus
Inflect korpus | N;NOM(SG)	korpus
Inflect korpus | N;DAT(SG)	korpusowi
Inflect korpus | N;GEN(PL)	korpusów
Inflect korpus | N;ACC(PL)	korpusy
Inflect korpus | N;VOC(PL)	korpusy
Inflect wiązówka | N;DAT(SG)	wiązówce
Inflect wiązówka | N;ESS(SG)	wiązówce
Inflect wiązówka | N;GEN(PL)	wiązówek
Inflect wiązówka | N;ESS(PL)	wiązówkach
Inflect wiązówka | N;INS(PL)	wiązówkami
Inflect wiązówka | N;ACC(SG)	wiązówkę
Inflect wiązówka | N;ACC(PL)	wiązówki
Inflect wiązówka | N;NOM(PL)	wiązówki
Inflect wiązówka | N;DAT(PL)	wiązówkom
Inflect dostawać | V;FUT;3;PL;MASC;HUM	będą dostawali
Inflect dostawać | V;FUT;1;SG;MASC	będę dostawał
Inflect dostawać | V;FUT;2;PL;MASC;HUM	będziecie dostawali
Inflect dostawać | V;FUT;2;PL	będziecie dostawały
Inflect dostawać | V;FUT;3;SG;FEM	będzie dostawała
Inflect dostawać | V;FUT;3;SG;NEUT	będzie dostawało
Inflect dostawać | V;FUT;3;SG;MASC	będzie dostawał
Inflect dostawać | V;FUT;1;PL;MASC;HUM	będziemy dostawali
Inflect dostawać | V;FUT;1;PL	będziemy dostawały
Inflect dostawać | V;FUT;2;SG;FEM	będziesz dostawała
Inflect dostawać | V;FUT;2;SG;MASC	będziesz dostawał
Inflect dostawać | V;NFIN	dostać
Inflect dostawać | V.PTCP;PST;ACT;SG;FEM	dostająca
Inflect dostawać | V.PTCP;PST;ACT;PL	dostające
Inflect dostawać | V.PTCP;PST;ACT;SG;NEUT	dostające
Inflect dostawać | V.CVB	dostając
Inflect dostawać | V.PTCP;PST;ACT;PL;MASC;HUM	dostający
Inflect dostawać | V.PTCP;PST;ACT;SG;MASC	dostający
Inflect dostawać | V;PRS;2;PL	dostajecie
Inflect dostawać | V;PRS;1;PL	dostajemy
Inflect dostawać | V;PRS;2;SG	dostajesz
Inflect dostawać | V;PRS;1;SG	dostaję
Inflect dostawać | V;PRS;3;SG	dostaje
Inflect dostawać | V;IMP;2;PL	dostawajcie
Inflect dostawać | V;COND;2;SG;FEM	dostawałabyś
Inflect dostawać | V;COND;3;SG;FEM	dostawałaby
Inflect dostawać | V;PST;1;SG;FEM	dostawałam
Inflect dostawać | V;COND;1;SG;MASC	dostawałbym
Inflect dostawać | V;COND;2;SG;MASC	dostawałbyś
Inflect dostawać | V;PST;1;SG;MASC	dostawałem
Inflect dostawać | V;PST;2;SG;MASC	dostawałeś
Inflect dostawać | V;COND;2;PL;MASC;HUM	dostawalibyście
Inflect dostawać | V;COND;1;PL;MASC;HUM	dostawalibyśmy
Inflect dostawać | V;COND;3;PL;MASC;HUM	dostawaliby
Inflect dostawać | V;PST;2;PL;MASC;HUM	dostawaliście
Inflect dostawać | V;PST;3;PL;MASC;HUM	dostawali
Inflect dostawać | V;COND;3;SG;NEUT	dostawałoby
Inflect dostawać | V;PST;3;SG;MASC	dostawał
Inflect dostawać | V;COND;2;PL	dostawałybyście
Inflect dostawać | V;COND;1;PL	dostawałybyśmy
Inflect dostawać | V;PST;2;PL	dostawałyście
Inflect dostawać | V;PST;1;PL	dostawałyśmy
Inflect dostawać | V;PST;3;PL	dostawały
Inflect dostawać | V.MSDR	dostawanie
Inflect dostawać | V.PTCP;PST;PASS	dostawano
Inflect dostawać | V;IMP;3;SG	niech dostaje
Inflect wąż | N;NOM(SG)	wąż
Inflect wąż | N;ESS(PL)	wężach
Inflect wąż | N;GEN(SG)	węża
Inflect wąż | N;INS(SG)	wężem
Inflect wąż | N;ACC(PL)	węże
Inflect wąż | N;NOM(PL)	węże
Inflect wąż | N;ESS(SG)	wężu
Inflect wąż | N;VOC(SG)	wężu
Inflect wąż | N;GEN(PL)	węży
Inflect ciasto | N;INS(PL)	ciastami
Inflect ciasto | N;ACC(PL)	ciasta
Inflect ciasto | N;GEN(SG)	ciasta
Inflect ciasto | N;NOM(PL)	ciasta
Inflect ciasto | N;VOC(PL)	ciasta
Inflect ciasto | N;INS(SG)	ciastem
Inflect ciasto | N;GEN(PL)	ciast
Inflect ciasto | N;DAT(PL)	ciastom
Inflect ciasto | N;NOM(SG)	ciasto
Inflect ciasto | N;VOC(SG)	ciasto
Inflect ciasto | N;ESS(SG)	cieście
Inflect zadać | V;COND;3;PL;MASC;HUM	zadaliby
Inflect trącić | V;COND;3;SG;MASC	trąciłby
Inflect huragan | N;ESS(PL)	huraganach
Inflect huragan | N;INS(PL)	huraganami
Inflect huragan | N;INS(SG)	huraganem
Inflect huragan | N;ESS(SG)	huraganie
Inflect huragan | N;ACC(SG)	huragan
Inflect huragan | N;NOM(SG)	huragan
Inflect huragan | N;DAT(PL)	huraganom
Inflect huragan | N;DAT(SG)	huraganowi
Inflect huragan | N;GEN(PL)	huraganów
Inflect huragan | N;GEN(SG)	huraganu
Inflect tryptofan | N;ESS(PL)	tryptofanach
Inflect tryptofan | N;INS(PL)	tryptofanami
Inflect tryptofan | N;VOC(SG)	tryptofanie
Inflect tryptofan | N;ACC(SG)	tryptofan
Inflect tryptofan | N;NOM(SG)	tryptofan
Inflect tryptofan | N;DAT(PL)	tryptofanom
Inflect tryptofan | N;DAT(SG)	tryptofanowi
Inflect tryptofan | N;GEN(PL)	tryptofanów
Inflect tryptofan | N;GEN(SG)	tryptofanu
Inflect tryptofan | N;ACC(PL)	tryptofany
Inflect zlewozmywak | N;INS(PL)	zlewozmywakami
Inflect zlewozmywak | N;INS(SG)	zlewozmywakiem
Inflect zlewozmywak | N;ACC(PL)	zlewozmywaki
Inflect zlewozmywak | N;NOM(PL)	zlewozmywaki
Inflect zlewozmywak | N;ACC(SG)	zlewozmywak
Inflect zlewozmywak | N;DAT(PL)	zlewozmywakom
Inflect zlewozmywak | N;DAT(SG)	zlewozmywakowi
Inflect zlewozmywak | N;ESS(SG)	zlewozmywaku
Inflect zlewozmywak | N;VOC(SG)	zlewozmywaku
Inflect szafa | N;ESS(PL)	szafach
Inflect szafa | N;INS(PL)	szafami
Inflect szafa | N;INS(SG)	szafą
Inflect szafa | N;NOM(SG)	szafa
Inflect szafa | N;DAT(SG)	szafie
Inflect szafa | N;ESS(SG)	szafie
Inflect szafa | N;GEN(PL)	szaf
Inflect szafa | N;DAT(PL)	szafom
Inflect szafa | N;VOC(SG)	szafo
Inflect szafa | N;ACC(PL)	szafy
Inflect szafa | N;GEN(SG)	szafy
Inflect szafa | N;NOM(PL)	szafy
Inflect czulszy | ADJ;NOM(PL,MASC,HUM)	czulsi
Inflect czulszy | ADJ;ACC(SG,FEM)	czulszą
Inflect czulszy | ADJ;NOM(SG,FEM)	czulsza
Inflect czulszy | ADJ;ACC(PL)	czulsze
Inflect czulszy | ADJ;NOM(PL)	czulsze
Inflect czulszy | ADJ;GEN(SG,MASC)	czulszego
Inflect czulszy | ADJ;ACC(SG,MASC,HUM)	czulszego
Inflect czulszy | ADJ;ESS(SG,FEM)	czulszej
Inflect czulszy | ADJ;GEN(SG,FEM)	czulszej
Inflect czulszy | ADJ;DAT(SG,MASC)	czulszemu
Inflect czulszy | ADJ;DAT(SG,NEUT)	czulszemu
Inflect czulszy | ADJ;ACC(SG,MASC,INAN)	czulszy
Inflect czulszy | ADJ;GEN(PL)	czulszych
Inflect czulszy | ADJ;ACC(PL,MASC,HUM)	czulszych
Inflect czulszy | ADJ;ESS(SG,MASC)	czulszym
Inflect czulszy | ADJ;INS(SG,MASC)	czulszym
Inflect czulszy | ADJ;ESS(SG,NEUT)	czulszym
Inflect czulszy | ADJ;INS(PL)	czulszymi
Inflect reguła przekory | N;INS(SG)	regułą przekory
Inflect reguła przekory | N;NOM(SG)	reguła przekory
Inflect reguła przekory | N;ACC(SG)	regułę przekory
Inflect reguła przekory | N;VOC(SG)	reguło przekory
Inflect reguła przekory | N;GEN(SG)	reguły przekory
Inflect kat | N;ACC(SG)	kata
Inflect kat | N;GEN(SG)	kata
Inflect szkoła | N;ESS(PL)	szkołach
Inflect szkoła | N;INS(SG)	szkołą
Inflect szkoła | N;ACC(SG)	szkołę
Inflect szkoła | N;DAT(SG)	szkole
Inflect szkoła | N;ESS(SG)	szkole
Inflect szkoła | N;GEN(PL)	szkół
Inflect szkoła | N;VOC(SG)	szkoło
Inflect szkoła | N;ACC(PL)	szkoły
Inflect szkoła | N;GEN(SG)	szkoły
Inflect szkoła | N;VOC(PL)	szkoły
Inflect najłatwiejszy | ADJ;NOM(PL,MASC,HUM)	najłatwiejsi
Inflect najłatwiejszy | ADJ;ACC(SG,FEM)	najłatwiejszą
Inflect najłatwiejszy | ADJ;NOM(SG,FEM)	najłatwiejsza
Inflect najłatwiejszy | ADJ;ACC(SG,NEUT)	najłatwiejsze
Inflect najłatwiejszy | ADJ;NOM(SG,NEUT)	najłatwiejsze
Inflect najłatwiejszy | ADJ;NOM(PL)	najłatwiejsze
Inflect najłatwiejszy | ADJ;ACC(SG,MASC,ANIM)	najłatwiejszego
Inflect najłatwiejszy | ADJ;GEN(SG,MASC)	najłatwiejszego
Inflect najłatwiejszy | ADJ;ACC(SG,MASC,HUM)	najłatwiejszego
Inflect najłatwiejszy | ADJ;GEN(SG,NEUT)	najłatwiejszego
Inflect najłatwiejszy | ADJ;DAT(SG,FEM)	najłatwiejszej
Inflect najłatwiejszy | ADJ;ESS(SG,FEM)	najłatwiejszej
Inflect najłatwiejszy | ADJ;GEN(SG,FEM)	najłatwiejszej
Inflect najłatwiejszy | ADJ;DAT(SG,MASC)	najłatwiejszemu
Inflect najłatwiejszy | ADJ;DAT(SG,NEUT)	najłatwiejszemu
Inflect najłatwiejszy | ADJ;ACC(SG,MASC,INAN)	najłatwiejszy
Inflect najłatwiejszy | ADJ;NOM(SG,MASC)	najłatwiejszy
Inflect najłatwiejszy | ADJ;GEN(PL)	najłatwiejszych
Inflect najłatwiejszy | ADJ;ACC(PL,MASC,HUM)	najłatwiejszych
Inflect najłatwiejszy | ADJ;DAT(PL)	najłatwiejszym
Inflect najłatwiejszy | ADJ;INS(SG,MASC)	najłatwiejszym
Inflect najłatwiejszy | ADJ;INS(SG,NEUT)	najłatwiejszym
Inflect najłatwiejszy | ADJ;INS(PL)	najłatwiejszymi
Inflect prostata | N;DAT(SG)	prostacie
Inflect prostata | N;ESS(SG)	prostacie
Inflect prostata | N;INS(SG)	prostatą
Inflect prostata | N;ACC(SG)	prostatę
Inflect prostata | N;GEN(PL)	prostat
Inflect prostata | N;DAT(PL)	prostatom
Inflect prostata | N;ACC(PL)	prostaty
Inflect prostata | N;NOM(PL)	prostaty
Inflect laik | N;NOM(PL)	laicy
Inflect laik | N;VOC(PL)	laicy
Inflect laik | N;ESS(PL)	laikach
Inflect laik | N;INS(PL)	laikami
Inflect laik | N;GEN(SG)	laika
Inflect laik | N;DAT(PL)	laikom
Inflect laik | N;DAT(SG)	laikowi
Inflect laik | N;ACC(PL)	laików
Inflect laik | N;GEN(PL)	laików
Inflect laik | N;VOC(SG)	laiku
Inflect dentystka | N;ESS(SG)	dentystce
Inflect dentystka | N;ESS(PL)	dentystkach
Inflect dentystka | N;INS(SG)	dentystką
Inflect dentystka | N;ACC(PL)	dentystki
Inflect dentystka | N;GEN(SG)	dentystki
Inflect dentystka | N;DAT(PL)	dentystkom
Inflect dentystka | N;VOC(SG)	dentystko
Inflect przetoka | N;DAT(SG)	przetoce
Inflect przetoka | N;ESS(SG)	przetoce
Inflect przetoka | N;INS(PL)	przetokami
Inflect przetoka | N;INS(SG)	przetoką
Inflect przetoka | N;ACC(SG)	przetokę
Inflect przetoka | N;ACC(PL)	przetoki
Inflect przetoka | N;GEN(SG)	przetoki
Inflect przetoka | N;NOM(PL)	przetoki
Inflect przetoka | N;VOC(PL)	przetoki
Inflect przetoka | N;VOC(SG)	przetoko
Inflect strażak | N;NOM(PL)	strażacy
Inflect strażak | N;VOC(PL)	strażacy
Inflect strażak | N;INS(PL)	strażakami
Inflect strażak | N;ACC(SG)	strażaka
Inflect strażak | N;GEN(SG)	strażaka
Inflect strażak | N;NOM(SG)	strażak
Inflect strażak | N;DAT(PL)	strażakom
Inflect strażak | N;ACC(PL)	strażaków
Inflect strażak | N;GEN(PL)	strażaków
Inflect strażak | N;ESS(SG)	strażaku
Inflect strażak | N;VOC(SG)	strażaku
Inflect smalec | N;DAT(SG)	smalcowi
Inflect smalec | N;ESS(SG)	smalcu
Inflect smalec | N;GEN(SG)	smalcu
Inflect smalec | N;VOC(SG)	smalcu
Inflect smalec | N;ACC(SG)	smalec
Inflect smalec | N;NOM(SG)	smalec
Inflect jezioro | N;ESS(PL)	jeziorach
Inflect jezioro | N;INS(PL)	jeziorami
Inflect jezioro | N;ACC(PL)	jeziora
Inflect jezioro | N;GEN(SG)	jeziora
Inflect jezioro | N;NOM(PL)	jeziora
Inflect jezioro | N;VOC(PL)	jeziora
Inflect jezioro | N;INS(SG)	jeziorem
Inflect jezioro | N;ACC(SG)	jezioro
Inflect jezioro | N;VOC(SG)	jezioro
Inflect jezioro | N;ESS(SG)	jeziorze
Inflect brukowiec | N;ESS(PL)	brukowcach
Inflect brukowiec | N;INS(PL)	brukowcami
Inflect brukowiec | N;GEN(SG)	brukowca
Inflect brukowiec | N;ACC(PL)	brukowce
Inflect brukowiec | N;NOM(PL)	brukowce
Inflect brukowiec | N;VOC(PL)	brukowce
Inflect brukowiec | N;DAT(PL)	brukowcom
Inflect brukowiec | N;DAT(SG)	brukowcowi
Inflect brukowiec | N;ESS(SG)	brukowcu
Inflect brukowiec | N;ACC(SG)	brukowiec
Inflect brukowiec | N;NOM(SG)	brukowiec
Inflect cudny | ADJ;INS(SG,FEM)	cudną
Inflect cudny | ADJ;NOM(SG,FEM)	cudna
Inflect cudny | ADJ;ACC(PL)	cudne
Inflect cudny | ADJ;ACC(SG,NEUT)	cudne
Inflect cudny | ADJ;NOM(SG,NEUT)	cudne
Inflect cudny | ADJ;NOM(PL)	cudne
Inflect cudny | ADJ;ACC(SG,MASC,HUM)	cudnego
Inflect cudny | ADJ;GEN(SG,NEUT)	cudnego
Inflect cudny | ADJ;DAT(SG,NEUT)	cudnemu
Inflect cudny | ADJ;ACC(SG,MASC,INAN)	cudny
Inflect cudny | ADJ;NOM(SG,MASC)	cudny
Inflect cudny | ADJ;ACC(PL,MASC,HUM)	cudnych
Inflect cudny | ADJ;ESS(SG,MASC)	cudnym
Inflect cudny | ADJ;INS(SG,MASC)	cudnym
Inflect cudny | ADJ;ESS(SG,NEUT)	cudnym
Inflect cudny | ADJ;INS(SG,NEUT)	cudnym
Inflect cudny | ADJ;INS(PL)	cudnymi
Inflect pyra | N;INS(PL)	pyrami
Inflect pyra | N;ACC(SG)	pyrę
Inflect pyra | N;GEN(PL)	pyr
Inflect pyra | N;DAT(PL)	pyrom
Inflect pyra | N;VOC(SG)	pyro
Inflect pyra | N;NOM(PL)	pyry
Inflect pyra | N;VOC(PL)	pyry
Inflect pyra | N;DAT(SG)	pyrze
Inflect pyra | N;ESS(SG)	pyrze
Inflect płoza | N;INS(SG)	płozą
Inflect płoza | N;NOM(SG)	płoza
Inflect płoza | N;ACC(SG)	płozę
Inflect płoza | N;ESS(SG)	płozie
Inflect płoza | N;GEN(PL)	płoz
Inflect płoza | N;VOC(SG)	płozo
Inflect płoza | N;ACC(PL)	płozy
Inflect płoza | N;GEN(SG)	płozy
Inflect elipsa | N;ESS(PL)	elipsach
Inflect elipsa | N;INS(PL)	elipsami
Inflect elipsa | N;INS(SG)	elipsą
Inflect elipsa | N;DAT(SG)	elipsie
Inflect elipsa | N;ESS(SG)	elipsie
Inflect elipsa | N;GEN(PL)	elips
Inflect elipsa | N;VOC(SG)	elipso
Inflect elipsa | N;ACC(PL)	elipsy
Inflect elipsa | N;GEN(SG)	elipsy
Inflect elipsa | N;NOM(PL)	elipsy
Inflect elipsa | N;VOC(PL)	elipsy
Inflect czasownik przechodni | N;ESS(PL)	czasownikach przechodnich
Inflect czasownik przechodni | N;GEN(SG)	czasownika przechodniego
Inflect czasownik przechodni | N;INS(SG)	czasownikiem przechodnim
Inflect czasownik przechodni | N;VOC(PL)	czasowniki przechodnie
Inflect czasownik przechodni | N;DAT(PL)	czasownikom przechodnim
Inflect czasownik przechodni | N;DAT(SG)	czasownikowi przechodniemu
Inflect czasownik przechodni | N;GEN(PL)	czasowników przechodnich
Inflect czasownik przechodni | N;ACC(SG)	czasownik przechodni
Inflect czasownik przechodni | N;ESS(SG)	czasowniku przechodnim
Inflect czasownik przechodni | N;VOC(SG)	czasowniku przechodni
Inflect odmienny | ADJ;ACC(SG,FEM)	odmienną
Inflect odmienny | ADJ;INS(SG,FEM)	odmienną
Inflect odmienny | ADJ;ACC(PL)	odmienne
Inflect odmienny | ADJ;ACC(SG,NEUT)	odmienne
Inflect odmienny | ADJ;ACC(SG,MASC,ANIM)	odmiennego
Inflect odmienny | ADJ;GEN(SG,NEUT)	odmiennego
Inflect odmienny | ADJ;DAT(SG,MASC)	odmiennemu
Inflect odmienny | ADJ;DAT(SG,NEUT)	odmiennemu
Inflect odmienny | ADJ;NOM(PL,MASC,HUM)	odmienni
Inflect odmienny | ADJ;NOM(SG,MASC)	odmienny
Inflect odmienny | ADJ;ESS(PL)	odmiennych
Inflect odmienny | ADJ;GEN(PL)	odmiennych
Inflect odmienny | ADJ;DAT(PL)	odmiennym
Inflect odmienny | ADJ;ESS(SG,MASC)	odmiennym
Inflect odmienny | ADJ;INS(SG,MASC)	odmiennym
Inflect odmienny | ADJ;ESS(SG,NEUT)	odmiennym
Inflect odmienny | ADJ;INS(SG,NEUT)	odmiennym
Inflect odmienny | ADJ;INS(PL)	odmiennymi
Inflect oblężenie | N;ESS(PL)	oblężeniach
Inflect oblężenie | N;INS(PL)	oblężeniami
Inflect oblężenie | N;ACC(PL)	oblężenia
Inflect oblężenie | N;GEN(SG)	oblężenia
Inflect oblężenie | N;NOM(PL)	oblężenia
Inflect oblężenie | N;VOC(PL)	oblężenia
Inflect oblężenie | N;INS(SG)	oblężeniem
Inflect oblężenie | N;ACC(SG)	oblężenie
Inflect oblężenie | N;NOM(SG)	oblężenie
Inflect oblężenie | N;VOC(SG)	oblężenie
Inflect oblężenie | N;DAT(SG)	oblężeniu
Inflect oblężenie | N;ESS(SG)	oblężeniu
Inflect oblężenie | N;GEN(PL)	oblężeń
Inflect lody | N;ESS(SG)	lodach
Inflect lody | N;INS(SG)	lodami
Inflect lody | N;ACC(SG)	lody
Inflect lody | N;NOM(SG)	lody
Inflect porodówka | N;DAT(SG)	porodówce
Inflect porodówka | N;ESS(SG)	porodówce
Inflect porodówka | N;GEN(PL)	porodówek
Inflect porodówka | N;ESS(PL)	porodówkach
Inflect porodówka | N;ACC(SG)	porodówkę
Inflect porodówka | N;ACC(PL)	porodówki
Inflect porodówka | N;GEN(SG)	porodówki
Inflect porodówka | N;DAT(PL)	porodówkom
Inflect porodówka | N;VOC(SG)	porodówko
Inflect tradycyjny | ADJ;ACC(SG,FEM)	tradycyjną
Inflect tradycyjny | ADJ;INS(SG,FEM)	tradycyjną
Inflect tradycyjny | ADJ;NOM(SG,FEM)	tradycyjna
Inflect tradycyjny | ADJ;ACC(SG,NEUT)	tradycyjne
Inflect tradycyjny | ADJ;NOM(PL)	tradycyjne
Inflect tradycyjny | ADJ;ACC(SG,MASC,ANIM)	tradycyjnego
Inflect tradycyjny | ADJ;GEN(SG,MASC)	tradycyjnego
Inflect tradycyjny | ADJ;ACC(SG,MASC,HUM)	tradycyjnego
Inflect tradycyjny | ADJ;GEN(SG,NEUT)	tradycyjnego
Inflect tradycyjny | ADJ;DAT(SG,FEM)	tradycyjnej
Inflect tradycyjny | ADJ;ESS(SG,FEM)	tradycyjnej
Inflect tradycyjny | ADJ;GEN(SG,FEM)	tradycyjnej
Inflect tradycyjny | ADJ;DAT(SG,NEUT)	tradycyjnemu
Inflect tradycyjny | ADJ;NOM(SG,MASC)	tradycyjny
Inflect tradycyjny | ADJ;ESS(PL)	tradycyjnych
Inflect tradycyjny | ADJ;ACC(PL,MASC,HUM)	tradycyjnych
Inflect tradycyjny | ADJ;DAT(PL)	tradycyjnym
Inflect tradycyjny | ADJ;INS(SG,MASC)	tradycyjnym
Inflect tradycyjny | ADJ;ESS(SG,NEUT)	tradycyjnym
Inflect tradycyjny | ADJ;INS(SG,NEUT)	tradycyjnym
Inflect tradycyjny | ADJ;INS(PL)	tradycyjnymi
Inflect stanowisko | N;GEN(PL)	stanowisek
Inflect stanowisko | N;ACC(PL)	stanowiska
Inflect stanowisko | N;GEN(SG)	stanowiska
Inflect stanowisko | N;NOM(PL)	stanowiska
Inflect stanowisko | N;INS(SG)	stanowiskiem
Inflect stanowisko | N;ACC(SG)	stanowisko
Inflect stanowisko | N;NOM(SG)	stanowisko
Inflect stanowisko | N;DAT(SG)	stanowisku
Inflect stanowisko | N;ESS(SG)	stanowisku
Inflect czwartek | N;ACC(SG)	czwartek
Inflect czwartek | N;NOM(SG)	czwartek
Inflect czwartek | N;ESS(PL)	czwartkach
Inflect czwartek | N;NOM(PL)	czwartki
Inflect czwartek | N;VOC(PL)	czwartki
Inflect czwartek | N;DAT(PL)	czwartkom
Inflect czwartek | N;GEN(PL)	czwartków
Inflect czwartek | N;GEN(SG)	czwartku
Inflect meksyk | N;ESS(PL)	meksykach
Inflect meksyk | N;INS(PL)	meksykami
Inflect meksyk | N;INS(SG)	meksykiem
Inflect meksyk | N;ACC(PL)	meksyki
Inflect meksyk | N;NOM(PL)	meksyki
Inflect meksyk | N;VOC(PL)	meksyki
Inflect meksyk | N;ACC(SG)	meksyk
Inflect meksyk | N;NOM(SG)	meksyk
Inflect meksyk | N;DAT(PL)	meksykom
Inflect meksyk | N;DAT(SG)	meksykowi
Inflect meksyk | N;GEN(PL)	meksyków
Inflect meksyk | N;ESS(SG)	meksyku
Inflect meksyk | N;VOC(SG)	meksyku
Inflect organizować | V;FUT;3;PL;MASC;HUM	będą organizowali
Inflect organizować | V;FUT;1;SG;MASC	będę organizował
Inflect organizować | V;FUT;2;PL;MASC;HUM	będziecie organizowali
Inflect organizować | V;FUT;2;PL	będziecie organizowały
Inflect organizować | V;FUT;1;PL	będziemy organizowały
Inflect organizować | V;FUT;3;SG;FEM	będzie organizowała
Inflect organizować | V;FUT;3;SG;NEUT	będzie organizowało
Inflect organizować | V;FUT;3;SG;MASC	będzie organizował
Inflect organizować | V;FUT;2;SG;FEM	będziesz organizowała
Inflect organizować | V;IMP;3;SG	niech organizuje
Inflect organizować | V;NFIN	organizować
Inflect organizować | V;COND;1;SG;FEM	organizowałabym
Inflect organizować | V;COND;3;SG;FEM	organizowałaby
Inflect organizować | V;PST;1;SG;FEM	organizowałam
Inflect organizować | V;PST;3;SG;FEM	organizowała
Inflect organizować | V;COND;2;SG;MASC	organizowałbyś
Inflect organizować | V;COND;3;SG;MASC	organizowałby
Inflect organizować | V;PST;2;SG;MASC	organizowałeś
Inflect organizować | V;COND;1;PL;MASC;HUM	organizowalibyśmy
Inflect organizować | V;COND;3;PL;MASC;HUM	organizowaliby
Inflect organizować | V;PST;1;PL;MASC;HUM	organizowaliśmy
Inflect organizować | V;PST;3;PL;MASC;HUM	organizowali
Inflect organizować | V;PST;3;SG;MASC	organizował
Inflect organizować | V;COND;2;PL	organizowałybyście
Inflect organizować | V;COND;1;PL	organizowałybyśmy
Inflect organizować | V;PST;2;PL	organizowałyście
Inflect organizować | V;PST;3;PL	organizowały
Inflect organizować | V.MSDR	organizowanie
Inflect organizować | V.PTCP;PST;PASS	organizowano
Inflect organizować | V.PTCP;PST;ACT;PL	organizujące
Inflect organizować | V.CVB	organizując
Inflect organizować | V.PTCP;PST;ACT;PL;MASC;HUM	organizujący
Inflect organizować | V.PTCP;PST;ACT;SG;MASC	organizujący
Inflect organizować | V;PRS;3;PL	organizują
Inflect organizować | V;IMP;2;PL	organizujcie
Inflect organizować | V;PRS;2;PL	organizujecie
Inflect organizować | V;PRS;1;PL	organizujemy
Inflect organizować | V;PRS;2;SG	organizujesz
Inflect organizować | V;PRS;1;SG	organizuję
Inflect organizować | V;PRS;3;SG	organizuje
Inflect organizować | V;IMP;2;SG	organizuj
Inflect rowerzysta | N;NOM(PL)	rowerzyści
Inflect rowerzysta | N;VOC(PL)	rowerzyści
Inflect rowerzysta | N;ESS(PL)	rowerzystach
Inflect rowerzysta | N;INS(PL)	rowerzystami
Inflect rowerzysta | N;INS(SG)	rowerzystą
Inflect rowerzysta | N;NOM(SG)	rowerzysta
Inflect rowerzysta | N;VOC(SG)	rowerzysto
Inflect rowerzysta | N;ACC(PL)	rowerzystów
Inflect rowerzysta | N;GEN(PL)	rowerzystów
Inflect rowerzysta | N;GEN(SG)	rowerzysty
Inflect język | N;INS(SG)	językiem
Inflect dług | N;ACC(PL)	długi
Inflect dług | N;NOM(SG)	dług
Inflect dług | N;DAT(SG)	długowi
Inflect dług | N;GEN(PL)	długów
Inflect dług | N;ESS(SG)	długu
Inflect dług | N;GEN(SG)	długu
Inflect dług | N;VOC(SG)	długu
Inflect bredzić | V;FUT;3;PL;MASC;HUM	będą bredzili
Inflect bredzić | V;FUT;3;PL	będą bredziły
Inflect bredzić | V;FUT;1;SG;FEM	będę bredziła
Inflect bredzić | V;FUT;1;SG;MASC	będę bredził
Inflect bredzić | V;FUT;3;SG;NEUT	będzie bredziło
Inflect bredzić | V;FUT;2;PL;MASC;HUM	będziecie bredzili
Inflect bredzić | V;FUT;2;PL	będziecie bredziły
Inflect bredzić | V;FUT;1;PL;MASC;HUM	będziemy bredzili
Inflect bredzić | V;FUT;2;SG;MASC	będziesz bredził
Inflect bredzić | V.PTCP;PST;ACT;PL	bredzące
Inflect bredzić | V.PTCP;PST;ACT;SG;NEUT	bredzące
Inflect bredzić | V.PTCP;PST;ACT;PL;MASC;HUM	bredzący
Inflect bredzić | V.PTCP;PST;ACT;SG;MASC	bredzący
Inflect bredzić | V;PRS;3;PL	bredzą
Inflect bredzić | V;IMP;2;PL	bredźcie
Inflect bredzić | V.MSDR	bredzenie
Inflect bredzić | V;PRS;1;SG	bredzę
Inflect bredzić | V;PRS;2;PL	bredzicie
Inflect bredzić | V;COND;1;SG;FEM	bredziłabym
Inflect bredzić | V;COND;2;SG;FEM	bredziłabyś
Inflect bredzić | V;PST;1;SG;FEM	bredziłam
Inflect bredzić | V;PST;2;SG;FEM	bredziłaś
Inflect bredzić | V;COND;1;SG;MASC	bredziłbym
Inflect bredzić | V;COND;2;SG;MASC	bredziłbyś
Inflect bredzić | V;COND;3;SG;MASC	bredziłby
Inflect bredzić | V;PST;1;SG;MASC	bredziłem
Inflect bredzić | V;COND;2;PL;MASC;HUM	bredzilibyście
Inflect bredzić | V;COND;1;PL;MASC;HUM	bredzilibyśmy
Inflect bredzić | V;COND;3;PL;MASC;HUM	bredziliby
Inflect bredzić | V;PST;2;PL;MASC;HUM	bredziliście
Inflect bredzić | V;PST;1;PL;MASC;HUM	bredziliśmy
Inflect bredzić | V;PST;3;PL;MASC;HUM	bredzili
Inflect bredzić | V;PST;3;SG;NEUT	bredziło
Inflect bredzić | V;PST;3;SG;MASC	bredził
Inflect bredzić | V;COND;2;PL	bredziłybyście
Inflect bredzić | V;COND;3;PL	bredziłyby
Inflect bredzić | V;PST;1;PL	bredziłyśmy
Inflect bredzić | V;PST;3;PL	bredziły
Inflect bredzić | V;PRS;1;PL	bredzimy
Inflect bredzić | V;PRS;2;SG	bredzisz
Inflect bredzić | V;PRS;3;SG	bredzi
Inflect bredzić | V;IMP;1;PL	bredźmy
Inflect bredzić | V.PTCP;PST;PASS;SG;FEM	bredzona
Inflect bredzić | V.PTCP;PST;PASS;PL	bredzone
Inflect bredzić | V.PTCP;PST;PASS;SG;NEUT	bredzone
Inflect bredzić | V.PTCP;PST;PASS	bredzono
Inflect bredzić | V;IMP;2;SG	bredź
Inflect bredzić | V;IMP;3;SG	niech bredzi
Inflect kara | N;ESS(PL)	karach
Inflect kara | N;INS(SG)	karą
Inflect kara | N;NOM(SG)	kara
Inflect kara | N;GEN(PL)	kar
Inflect kara | N;DAT(PL)	karom
Inflect kara | N;ACC(PL)	kary
Inflect kara | N;NOM(PL)	kary
Inflect kara | N;VOC(PL)	kary
Inflect kara | N;DAT(SG)	karze
Inflect kara | N;ESS(SG)	karze
Inflect potas | N;ESS(SG)	potasie
Inflect potas | N;VOC(SG)	potasie
Inflect potas | N;ACC(SG)	potas
Inflect potas | N;NOM(SG)	potas
Inflect potas | N;GEN(SG)	potasu
Inflect koncert | N;VOC(SG)	koncercie
Inflect koncert | N;ESS(PL)	koncertach
Inflect koncert | N;ACC(SG)	koncert
Inflect koncert | N;DAT(SG)	koncertowi
Inflect koncert | N;GEN(SG)	koncertu
Inflect koncert | N;ACC(PL)	koncerty
Inflect koptyjski | ADJ;NOM(PL,MASC,HUM)	koptyjscy
Inflect koptyjski | ADJ;ACC(SG,FEM)	koptyjską
Inflect koptyjski | ADJ;ACC(SG,MASC,INAN)	koptyjski
Inflect koptyjski | ADJ;NOM(SG,MASC)	koptyjski
Inflect koptyjski | ADJ;GEN(PL)	koptyjskich
Inflect koptyjski | ADJ;ACC(PL,MASC,HUM)	koptyjskich
Inflect koptyjski | ADJ;ACC(PL)	koptyjskie
Inflect koptyjski | ADJ;ACC(SG,NEUT)	koptyjskie
Inflect koptyjski | ADJ;NOM(SG,NEUT)	koptyjskie
Inflect koptyjski | ADJ;NOM(PL)	koptyjskie
Inflect koptyjski | ADJ;ACC(SG,MASC,HUM)	koptyjskiego
Inflect koptyjski | ADJ;GEN(SG,NEUT)	koptyjskiego
Inflect koptyjski | ADJ;ESS(SG,FEM)	koptyjskiej
Inflect koptyjski | ADJ;DAT(PL)	koptyjskim
Inflect koptyjski | ADJ;INS(SG,MASC)	koptyjskim
Inflect koptyjski | ADJ;INS(SG,NEUT)	koptyjskim
Inflect koptyjski | ADJ;INS(PL)	koptyjskimi
Inflect symboliczny | ADJ;INS(SG,FEM)	symboliczną
Inflect symboliczny | ADJ;ACC(PL)	symboliczne
Inflect symboliczny | ADJ;NOM(SG,NEUT)	symboliczne
Inflect symboliczny | ADJ;NOM(PL)	symboliczne
Inflect symboliczny | ADJ;GEN(SG,MASC)	symbolicznego
Inflect symboliczny | ADJ;ACC(SG,MASC,HUM)	symbolicznego
Inflect symboliczny | ADJ;DAT(SG,FEM)	symbolicznej
Inflect symboliczny | ADJ;GEN(SG,FEM)	symbolicznej
Inflect symboliczny | ADJ;DAT(SG,MASC)	symbolicznemu
Inflect symboliczny | ADJ;DAT(SG,NEUT)	symbolicznemu
Inflect symboliczny | ADJ;NOM(PL,MASC,HUM)	symboliczni
Inflect symboliczny | ADJ;ACC(SG,MASC,INAN)	symboliczny
Inflect symboliczny | ADJ;NOM(SG,MASC)	symboliczny
Inflect symboliczny | ADJ;ESS(PL)	symbolicznych
Inflect symboliczny | ADJ;GEN(PL)	symbolicznych
Inflect symboliczny | ADJ;ACC(PL,MASC,HUM)	symbolicznych
Inflect symboliczny | ADJ;INS(SG,MASC)	symbolicznym
Inflect symboliczny | ADJ;INS(SG,NEUT)	symbolicznym
Inflect symboliczny | ADJ;INS(PL)	symbolicznymi
Inflect egzonim | N;ESS(PL)	egzonimach
Inflect egzonim | N;INS(SG)	egzonimem
Inflect egzonim | N;ESS(SG)	egzonimie
Inflect egzonim | N;ACC(SG)	egzonim
Inflect egzonim | N;NOM(SG)	egzonim
Inflect egzonim | N;DAT(PL)	egzonimom
Inflect egzonim | N;DAT(SG)	egzonimowi
Inflect egzonim | N;GEN(PL)	egzonimów
Inflect egzonim | N;GEN(SG)	egzonimu
Inflect egzonim | N;ACC(PL)	egzonimy
Inflect egzonim | N;VOC(PL)	egzonimy
Inflect tangens | N;ESS(PL)	tangensach
Inflect tangens | N;INS(PL)	tangensami
Inflect tangens | N;GEN(SG)	tangensa
Inflect tangens | N;INS(SG)	tangensem
Inflect tangens | N;ESS(SG)	tangensie
Inflect tangens | N;ACC(SG)	tangens
Inflect tangens | N;DAT(PL)	tangensom
Inflect tangens | N;DAT(SG)	tangensowi
Inflect tangens | N;GEN(PL)	tangensów
Inflect tangens | N;ACC(PL)	tangensy
Inflect tangens | N;NOM(PL)	tangensy
Inflect tangens | N;VOC(PL)	tangensy
Inflect obywatelstwo | N;ACC(PL)	obywatelstwa
Inflect obywatelstwo | N;GEN(SG)	obywatelstwa
Inflect obywatelstwo | N;NOM(PL)	obywatelstwa
Inflect obywatelstwo | N;VOC(PL)	obywatelstwa
Inflect obywatelstwo | N;INS(SG)	obywatelstwem
Inflect obywatelstwo | N;ESS(SG)	obywatelstwie
Inflect obywatelstwo | N;GEN(PL)	obywatelstw
Inflect obywatelstwo | N;DAT(PL)	obywatelstwom
Inflect obywatelstwo | N;ACC(SG)	obywatelstwo
Inflect obywatelstwo | N;NOM(SG)	obywatelstwo
Inflect obywatelstwo | N;VOC(SG)	obywatelstwo
Inflect obywatelstwo | N;DAT(SG)	obywatelstwu
Inflect łój | N;INS(PL)	łojami
Inflect łój | N;INS(SG)	łojem
Inflect łój | N;NOM(PL)	łoje
Inflect łój | N;VOC(PL)	łoje
Inflect łój | N;ACC(SG)	łój
Inflect łój | N;NOM(SG)	łój
Inflect łój | N;DAT(PL)	łojom
Inflect łój | N;GEN(PL)	łojów
Inflect łój | N;ESS(SG)	łoju
Inflect łój | N;VOC(SG)	łoju
Inflect sitko | N;GEN(PL)	sitek
Inflect sitko | N;ESS(PL)	sitkach
Inflect sitko | N;ACC(PL)	sitka
Inflect sitko | N;NOM(PL)	sitka
Inflect sitko | N;VOC(PL)	sitka
Inflect sitko | N;INS(SG)	sitkiem
Inflect sitko | N;DAT(PL)	sitkom
Inflect sitko | N;ACC(SG)	sitko
Inflect sitko | N;NOM(SG)	sitko
Inflect sitko | N;DAT(SG)	sitku
Inflect sitko | N;ESS(SG)	sitku
Inflect słoiczek | N;ACC(SG)	słoiczek
Inflect słoiczek | N;NOM(SG)	słoiczek
Inflect słoiczek | N;INS(PL)	słoiczkami
Inflect słoiczek | N;INS(SG)	słoiczkiem
Inflect słoiczek | N;ACC(PL)	słoiczki
Inflect słoiczek | N;NOM(PL)	słoiczki
Inflect słoiczek | N;VOC(PL)	słoiczki
Inflect słoiczek | N;DAT(PL)	słoiczkom
Inflect słoiczek | N;DAT(SG)	słoiczkowi
Inflect słoiczek | N;ESS(SG)	słoiczku
Inflect słoiczek | N;VOC(SG)	słoiczku
Inflect optyk | N;VOC(PL)	optycy
Inflect optyk | N;INS(PL)	optykami
Inflect optyk | N;GEN(SG)	optyka
Inflect optyk | N;NOM(SG)	optyk
Inflect optyk | N;DAT(PL)	optykom
Inflect optyk | N;DAT(SG)	optykowi
Inflect optyk | N;GEN(PL)	optyków
Inflect optyk | N;ESS(SG)	optyku
Inflect optyk | N;VOC(SG)	optyku
Inflect panika | N;DAT(SG)	panice
Inflect panika | N;ESS(SG)	panice
Inflect panika | N;INS(SG)	paniką
Inflect panika | N;NOM(SG)	panika
Inflect panika | N;ACC(SG)	panikę
Inflect panika | N;VOC(SG)	paniko
Inflect fizjonomia | N;NOM(SG)	fizjonomia
Inflect fizjonomia | N;ACC(SG)	fizjonomię
Inflect fizjonomia | N;ESS(SG)	fizjonomii
Inflect fizjonomia | N;GEN(SG)	fizjonomii
Inflect mrok | N;INS(PL)	mrokami
Inflect mrok | N;INS(SG)	mrokiem
Inflect mrok | N;ACC(PL)	mroki
Inflect mrok | N;VOC(PL)	mroki
Inflect mrok | N;ACC(SG)	mrok
Inflect mrok | N;NOM(SG)	mrok
Inflect mrok | N;DAT(PL)	mrokom
Inflect mrok | N;DAT(SG)	mrokowi
Inflect mrok | N;GEN(PL)	mroków
Inflect mrok | N;ESS(SG)	mroku
Inflect mrok | N;GEN(SG)	mroku
Inflect mrok | N;VOC(SG)	mroku
Inflect mecz | N;ESS(PL)	meczach
Inflect mecz | N;INS(SG)	meczem
Inflect mecz | N;ACC(PL)	mecze
Inflect mecz | N;NOM(PL)	mecze
Inflect mecz | N;VOC(PL)	mecze
Inflect mecz | N;ACC(SG)	mecz
Inflect mecz | N;NOM(SG)	mecz
Inflect mecz | N;DAT(PL)	meczom
Inflect mecz | N;DAT(SG)	meczowi
Inflect mecz | N;GEN(PL)	meczów
Inflect mecz | N;GEN(SG)	meczu
Inflect współpracownik | N;NOM(PL)	współpracownicy
Inflect współpracownik | N;VOC(PL)	współpracownicy
Inflect współpracownik | N;ACC(SG)	współpracownika
Inflect współpracownik | N;NOM(SG)	współpracownik
Inflect współpracownik | N;DAT(PL)	współpracownikom
Inflect współpracownik | N;DAT(SG)	współpracownikowi
Inflect współpracownik | N;ACC(PL)	współpracowników
Inflect współpracownik | N;ESS(SG)	współpracowniku
Inflect współpracownik | N;VOC(SG)	współpracowniku
Inflect święto | N;GEN(PL)	świąt
Inflect święto | N;ESS(SG)	święcie
Inflect święto | N;ESS(PL)	świętach
Inflect święto | N;INS(PL)	świętami
Inflect święto | N;GEN(SG)	święta
Inflect święto | N;NOM(PL)	święta
Inflect święto | N;VOC(PL)	święta
Inflect święto | N;INS(SG)	świętem
Inflect święto | N;ACC(SG)	święto
Inflect święto | N;NOM(SG)	święto
Inflect święto | N;VOC(SG)	święto
Inflect święto | N;DAT(SG)	świętu
Inflect kumkwat | N;VOC(SG)	kumkwacie
Inflect kumkwat | N;ESS(PL)	kumkwatach
Inflect kumkwat | N;INS(SG)	kumkwatem
Inflect kumkwat | N;ACC(SG)	kumkwat
Inflect kumkwat | N;NOM(SG)	kumkwat
Inflect kumkwat | N;DAT(PL)	kumkwatom
Inflect kumkwat | N;DAT(SG)	kumkwatowi
Inflect kumkwat | N;GEN(PL)	kumkwatów
Inflect kumkwat | N;ACC(PL)	kumkwaty
Inflect kumkwat | N;VOC(PL)	kumkwaty
Inflect sum | N;ESS(PL)	sumach
Inflect sum | N;INS(PL)	sumami
Inflect sum | N;ACC(SG)	suma
Inflect sum | N;GEN(SG)	suma
Inflect sum | N;INS(SG)	sumem
Inflect sum | N;ESS(SG)	sumie
Inflect sum | N;VOC(SG)	sumie
Inflect sum | N;NOM(SG)	sum
Inflect sum | N;DAT(PL)	sumom
Inflect sum | N;DAT(SG)	sumowi
Inflect sum | N;ACC(PL)	sumy
Inflect sum | N;VOC(PL)	sumy
Inflect proteina | N;INS(SG)	proteiną
Inflect proteina | N;NOM(SG)	proteina
Inflect proteina | N;ACC(SG)	proteinę
Inflect proteina | N;DAT(SG)	proteinie
Inflect proteina | N;ESS(SG)	proteinie
Inflect proteina | N;GEN(PL)	protein
Inflect proteina | N;DAT(PL)	proteinom
Inflect proteina | N;VOC(SG)	proteino
Inflect proteina | N;GEN(SG)	proteiny
Inflect proteina | N;NOM(PL)	proteiny
Inflect proteina | N;VOC(PL)	proteiny
Inflect sympatia | N;ESS(PL)	sympatiach
Inflect sympatia | N;INS(PL)	sympatiami
Inflect sympatia | N;NOM(SG)	sympatia
Inflect sympatia | N;ACC(PL)	sympatie
Inflect sympatia | N;ACC(SG)	sympatię
Inflect sympatia | N;DAT(SG)	sympatii
Inflect sympatia | N;ESS(SG)	sympatii
Inflect sympatia | N;GEN(PL)	sympatii
Inflect sympatia | N;GEN(SG)	sympatii
Inflect sympatia | N;DAT(PL)	sympatiom
Inflect sympatia | N;VOC(SG)	sympatio
Inflect japonka | N;ACC(SG)	japonkę
Inflect nibynóżka | N;GEN(PL)	nibynóżek
Inflect nibynóżka | N;ESS(PL)	nibynóżkach
Inflect nibynóżka | N;NOM(SG)	nibynóżka
Inflect nibynóżka | N;ACC(SG)	nibynóżkę
Inflect nibynóżka | N;ACC(PL)	nibynóżki
Inflect nibynóżka | N;GEN(SG)	nibynóżki
Inflect nibynóżka | N;NOM(PL)	nibynóżki
Inflect nibynóżka | N;VOC(PL)	nibynóżki
Inflect nibynóżka | N;DAT(PL)	nibynóżkom
Inflect nibynóżka | N;VOC(SG)	nibynóżko
Inflect skrypt | N;ESS(SG)	skrypcie
Inflect skrypt | N;VOC(SG)	skrypcie
Inflect skrypt | N;ESS(PL)	skryptach
Inflect skrypt | N;INS(PL)	skryptami
Inflect skrypt | N;INS(SG)	skryptem
Inflect skrypt | N;ACC(SG)	skrypt
Inflect skrypt | N;NOM(SG)	skrypt
Inflect skrypt | N;DAT(PL)	skryptom
Inflect skrypt | N;DAT(SG)	skryptowi
Inflect skrypt | N;GEN(PL)	skryptów
Inflect skrypt | N;GEN(SG)	skryptu
Inflect skrypt | N;NOM(PL)	skrypty
Inflect skrypt | N;VOC(PL)	skrypty
Inflect przedstawienie | N;ESS(PL)	przedstawieniach
Inflect przedstawienie | N;INS(PL)	przedstawieniami
Inflect przedstawienie | N;GEN(SG)	przedstawienia
Inflect przedstawienie | N;NOM(PL)	przedstawienia
Inflect przedstawienie | N;VOC(PL)	przedstawienia
Inflect przedstawienie | N;INS(SG)	przedstawieniem
Inflect przedstawienie | N;ACC(SG)	przedstawienie
Inflect przedstawienie | N;NOM(SG)	przedstawienie
Inflect przedstawienie | N;DAT(PL)	przedstawieniom
Inflect przedstawienie | N;ESS(SG)	przedstawieniu
Inflect przedstawienie | N;GEN(PL)	przedstawień
Inflect marność | N;ESS(PL)	marnościach
Inflect marność | N;DAT(SG)	marnośći
Inflect marność | N;ESS(SG)	marności
Inflect marność | N;GEN(PL)	marności
Inflect marność | N;NOM(PL)	marności
Inflect marność | N;VOC(PL)	marności
Inflect marność | N;VOC(SG)	marności
Inflect trącić | V;PST;2;PL	trąciłyście
Inflect marzenie | N;ESS(PL)	marzeniach
Inflect marzenie | N;INS(PL)	marzeniami
Inflect marzenie | N;GEN(SG)	marzenia
Inflect marzenie | N;NOM(PL)	marzenia
Inflect marzenie | N;VOC(PL)	marzenia
Inflect marzenie | N;INS(SG)	marzeniem
Inflect marzenie | N;NOM(SG)	marzenie
Inflect marzenie | N;VOC(SG)	marzenie
Inflect marzenie | N;DAT(PL)	marzeniom
Inflect marzenie | N;DAT(SG)	marzeniu
Inflect marzenie | N;ESS(SG)	marzeniu
Inflect marzenie | N;GEN(PL)	marzeń
Inflect lawenda | N;ESS(PL)	lawendach
Inflect lawenda | N;ACC(SG)	lawendę
Inflect lawenda | N;GEN(PL)	lawend
Inflect lawenda | N;DAT(PL)	lawendom
Inflect lawenda | N;VOC(SG)	lawendo
Inflect lawenda | N;ACC(PL)	lawendy
Inflect lawenda | N;GEN(SG)	lawendy
Inflect lawenda | N;NOM(PL)	lawendy
Inflect lawenda | N;VOC(PL)	lawendy
Inflect lawenda | N;DAT(SG)	lawendzie
Inflect lawenda | N;ESS(SG)	lawendzie
Inflect żywiec | N;INS(PL)	żywcami
Inflect żywiec | N;INS(SG)	żywcem
Inflect żywiec | N;ACC(PL)	żywce
Inflect żywiec | N;DAT(PL)	żywcom
Inflect żywiec | N;DAT(SG)	żywcowi
Inflect żywiec | N;GEN(PL)	żywców
Inflect żywiec | N;ESS(SG)	żywcu
Inflect żywiec | N;VOC(SG)	żywcu
Inflect żywiec | N;ACC(SG)	żywiec
Inflect żywiec | N;NOM(SG)	żywiec
Inflect tropikalny | ADJ;ACC(SG,FEM)	tropikalną
Inflect tropikalny | ADJ;INS(SG,FEM)	tropikalną
Inflect tropikalny | ADJ;NOM(SG,FEM)	tropikalna
Inflect tropikalny | ADJ;ACC(PL)	tropikalne
Inflect tropikalny | ADJ;ACC(SG,NEUT)	tropikalne
Inflect tropikalny | ADJ;NOM(SG,NEUT)	tropikalne
Inflect tropikalny | ADJ;NOM(PL)	tropikalne
Inflect tropikalny | ADJ;ACC(SG,MASC,ANIM)	tropikalnego
Inflect tropikalny | ADJ;GEN(SG,MASC)	tropikalnego
Inflect tropikalny | ADJ;ACC(SG,MASC,HUM)	tropikalnego
Inflect tropikalny | ADJ;GEN(SG,NEUT)	tropikalnego
Inflect tropikalny | ADJ;GEN(SG,FEM)	tropikalnej
Inflect tropikalny | ADJ;DAT(SG,MASC)	tropikalnemu
Inflect tropikalny | ADJ;DAT(SG,NEUT)	tropikalnemu
Inflect tropikalny | ADJ;NOM(PL,MASC,HUM)	tropikalni
Inflect tropikalny | ADJ;ACC(SG,MASC,INAN)	tropikalny
Inflect tropikalny | ADJ;NOM(SG,MASC)	tropikalny
Inflect tropikalny | ADJ;ESS(PL)	tropikalnych
Inflect tropikalny | ADJ;GEN(PL)	tropikalnych
Inflect tropikalny | ADJ;ACC(PL,MASC,HUM)	tropikalnych
Inflect tropikalny | ADJ;DAT(PL)	tropikalnym
Inflect tropikalny | ADJ;ESS(SG,MASC)	tropikalnym
Inflect tropikalny | ADJ;ESS(SG,NEUT)	tropikalnym
Inflect tropikalny | ADJ;INS(SG,NEUT)	tropikalnym
Inflect tropikalny | ADJ;INS(PL)	tropikalnymi
Inflect marynarz | N;ESS(PL)	marynarzach
Inflect marynarz | N;ACC(SG)	marynarza
Inflect marynarz | N;GEN(SG)	marynarza
Inflect marynarz | N;INS(SG)	marynarzem
Inflect marynarz | N;NOM(PL)	marynarze
Inflect marynarz | N;VOC(PL)	marynarze
Inflect marynarz | N;NOM(SG)	marynarz
Inflect marynarz | N;DAT(PL)	marynarzom
Inflect marynarz | N;DAT(SG)	marynarzowi
Inflect marynarz | N;ESS(SG)	marynarzu
Inflect szermierka | N;DAT(SG)	szermierce
Inflect szermierka | N;ESS(SG)	szermierce
Inflect szermierka | N;INS(SG)	szermierką
Inflect szermierka | N;NOM(SG)	szermierka
Inflect szermierka | N;ACC(SG)	szermierkę
Inflect szermierka | N;VOC(SG)	szermierko
Inflect dotykać | V;FUT;3;PL;MASC;HUM	będą dotykali
Inflect dotykać | V;FUT;3;PL	będą dotykały
Inflect dotykać | V;FUT;1;SG;FEM	będę dotykała
Inflect dotykać | V;FUT;1;SG;MASC	będę dotykał
Inflect dotykać | V;FUT;2;PL;MASC;HUM	będziecie dotykali
Inflect dotykać | V;FUT;2;PL	będziecie dotykały
Inflect dotykać | V;FUT;3;SG;FEM	będzie dotykała
Inflect dotykać | V;FUT;1;PL;MASC;HUM	będziemy dotykali
Inflect dotykać | V;FUT;1;PL	będziemy dotykały
Inflect dotykać | V;FUT;2;SG;FEM	będziesz dotykała
Inflect dotykać | V;FUT;2;SG;MASC	będziesz dotykał
Inflect dotykać | V;PRS;2;PL	dotykacie
Inflect dotykać | V.PTCP;PST;ACT;SG;FEM	dotykająca
Inflect dotykać | V.PTCP;PST;ACT;PL	dotykające
Inflect dotykać | V.PTCP;PST;ACT;PL;MASC;HUM	dotykający
Inflect dotykać | V.PTCP;PST;ACT;SG;MASC	dotykający
Inflect dotykać | V;PRS;3;PL	dotykają
Inflect dotykać | V;IMP;2;PL	dotykajcie
Inflect dotykać | V;IMP;1;PL	dotykajmy
Inflect dotykać | V;IMP;2;SG	dotykaj
Inflect dotykać | V;COND;2;SG;FEM	dotykałabyś
Inflect dotykać | V;COND;3;SG;FEM	dotykałaby
Inflect dotykać | V;PST;2;SG;FEM	dotykałaś
Inflect dotykać | V;PST;3;SG;FEM	dotykała
Inflect dotykać | V;COND;1;SG;MASC	dotykałbym
Inflect dotykać | V;COND;2;SG;MASC	dotykałbyś
Inflect dotykać | V;COND;3;SG;MASC	dotykałby
Inflect dotykać | V;PST;2;SG;MASC	dotykałeś
Inflect dotykać | V;COND;2;PL;MASC;HUM	dotykalibyście
Inflect dotykać | V;COND;1;PL;MASC;HUM	dotykalibyśmy
Inflect dotykać | V;COND;3;PL;MASC;HUM	dotykaliby
Inflect dotykać | V;PST;2;PL;MASC;HUM	dotykaliście
Inflect dotykać | V;PST;1;PL;MASC;HUM	dotykaliśmy
Inflect dotykać | V;PST;3;PL;MASC;HUM	dotykali
Inflect dotykać | V;COND;3;SG;NEUT	dotykałoby
Inflect dotykać | V;PST;3;SG;NEUT	dotykało
Inflect dotykać | V;PST;3;SG;MASC	dotykał
Inflect dotykać | V;COND;2;PL	dotykałybyście
Inflect dotykać | V;COND;1;PL	dotykałybyśmy
Inflect dotykać | V;COND;3;PL	dotykałyby
Inflect dotykać | V;PST;2;PL	dotykałyście
Inflect dotykać | V;PST;3;PL	dotykały
Inflect dotykać | V.PTCP;PST;PASS;SG;FEM	dotykana
Inflect dotykać | V.PTCP;PST;PASS;PL	dotykane
Inflect dotykać | V.PTCP;PST;PASS;SG;NEUT	dotykane
Inflect dotykać | V.MSDR	dotykanie
Inflect dotykać | V.PTCP;PST;PASS	dotykano
Inflect dotykać | V.PTCP;PST;PASS;SG;MASC	dotykany
Inflect dotykać | V;PRS;2;SG	dotykasz
Inflect dotykać | V;IMP;3;SG	niech dotyka
Inflect strzecha | N;ESS(PL)	strzechach
Inflect strzecha | N;INS(SG)	strzechą
Inflect strzecha | N;ACC(SG)	strzechę
Inflect strzecha | N;GEN(PL)	strzech
Inflect strzecha | N;DAT(PL)	strzechom
Inflect strzecha | N;ACC(PL)	strzechy
Inflect strzecha | N;GEN(SG)	strzechy
Inflect strzecha | N;NOM(PL)	strzechy
Inflect strzecha | N;VOC(PL)	strzechy
Inflect strzecha | N;DAT(SG)	strzesze
Inflect strzecha | N;ESS(SG)	strzesze
Inflect tata | N;ESS(SG)	tacie
Inflect tata | N;ESS(PL)	tatach
Inflect tata | N;INS(PL)	tatami
Inflect tata | N;INS(SG)	tatą
Inflect tata | N;DAT(PL)	tatom
Inflect tata | N;VOC(SG)	tato
Inflect tata | N;NOM(PL)	tatowie
Inflect tata | N;VOC(PL)	tatowie
Inflect tata | N;ACC(PL)	tatów
Inflect tata | N;GEN(PL)	tatów
Inflect ostrów | N;ESS(PL)	ostrowach
Inflect ostrów | N;INS(PL)	ostrowami
Inflect ostrów | N;INS(SG)	ostrowem
Inflect ostrów | N;ESS(SG)	ostrowie
Inflect ostrów | N;NOM(SG)	ostrów
Inflect ostrów | N;DAT(PL)	ostrowom
Inflect ostrów | N;GEN(SG)	ostrowu
Inflect ostrów | N;VOC(PL)	ostrowy
Inflect telefon komórkowy | N;ESS(PL)	telefonach komórkowych
Inflect telefon komórkowy | N;INS(PL)	telefonami komórkowymi
Inflect telefon komórkowy | N;INS(SG)	telefonem komórkowym
Inflect telefon komórkowy | N;ESS(SG)	telefonie komórkowym
Inflect telefon komórkowy | N;VOC(SG)	telefonie komórkowy
Inflect telefon komórkowy | N;ACC(SG)	telefon komórkowy
Inflect telefon komórkowy | N;NOM(SG)	telefon komórkowy
Inflect telefon komórkowy | N;DAT(PL)	telefonom komórkowym
Inflect telefon komórkowy | N;DAT(SG)	telefonowi komórkowemu
Inflect telefon komórkowy | N;GEN(PL)	telefonów komórkowych
Inflect telefon komórkowy | N;ACC(PL)	telefony komórkowe
Inflect telefon komórkowy | N;NOM(PL)	telefony komórkowe
Inflect telefon komórkowy | N;VOC(PL)	telefony komórkowe
Inflect odległość | N;ESS(PL)	odległościach
Inflect odległość | N;INS(PL)	odległościami
Inflect odległość | N;ACC(PL)	odległości
Inflect odległość | N;ESS(SG)	odległości
Inflect odległość | N;GEN(PL)	odległości
Inflect odległość | N;NOM(PL)	odległości
Inflect odległość | N;VOC(SG)	odległości
Inflect odległość | N;DAT(PL)	odległościom
Inflect odległość | N;NOM(SG)	odległość
Inflect zadanie | N;INS(SG)	zadaniem
Inflect immunitet | N;ESS(SG)	immunitecie
Inflect immunitet | N;VOC(SG)	immunitecie
Inflect immunitet | N;ESS(PL)	immunitetach
Inflect immunitet | N;INS(PL)	immunitetami
Inflect immunitet | N;ACC(SG)	immunitet
Inflect immunitet | N;DAT(PL)	immunitetom
Inflect immunitet | N;DAT(SG)	immunitetowi
Inflect immunitet | N;GEN(PL)	immunitetów
Inflect immunitet | N;GEN(SG)	immunitetu
Inflect immunitet | N;ACC(PL)	immunitety
Inflect immunitet | N;NOM(PL)	immunitety
Inflect immunitet | N;VOC(PL)	immunitety
Inflect murzyn | N;GEN(SG)	murzyna
Inflect ciemniejszy | ADJ;NOM(PL,MASC,HUM)	ciemniejsi
Inflect ciemniejszy | ADJ;ACC(SG,FEM)	ciemniejszą
Inflect ciemniejszy | ADJ;INS(SG,FEM)	ciemniejszą
Inflect ciemniejszy | ADJ;ACC(PL)	ciemniejsze
Inflect ciemniejszy | ADJ;ACC(SG,NEUT)	ciemniejsze
Inflect ciemniejszy | ADJ;NOM(PL)	ciemniejsze
Inflect ciemniejszy | ADJ;GEN(SG,MASC)	ciemniejszego
Inflect ciemniejszy | ADJ;GEN(SG,NEUT)	ciemniejszego
Inflect ciemniejszy | ADJ;DAT(SG,FEM)	ciemniejszej
Inflect ciemniejszy | ADJ;ESS(SG,FEM)	ciemniejszej
Inflect ciemniejszy | ADJ;GEN(SG,FEM)	ciemniejszej
Inflect ciemniejszy | ADJ;DAT(SG,MASC)	ciemniejszemu
Inflect ciemniejszy | ADJ;DAT(SG,NEUT)	ciemniejszemu
Inflect ciemniejszy | ADJ;ACC(SG,MASC,INAN)	ciemniejszy
Inflect ciemniejszy | ADJ;NOM(SG,MASC)	ciemniejszy
Inflect ciemniejszy | ADJ;ESS(PL)	ciemniejszych
Inflect ciemniejszy | ADJ;GEN(PL)	ciemniejszych
Inflect ciemniejszy | ADJ;ESS(SG,NEUT)	ciemniejszym
Inflect ciemniejszy | ADJ;INS(SG,NEUT)	ciemniejszym
Inflect chleb | N;ESS(PL)	chlebach
Inflect chleb | N;INS(PL)	chlebami
Inflect chleb | N;GEN(SG)	chleba
Inflect chleb | N;INS(SG)	chlebem
Inflect chleb | N;ESS(SG)	chlebie
Inflect chleb | N;VOC(SG)	chlebie
Inflect chleb | N;ACC(SG)	chleb
Inflect chleb | N;DAT(SG)	chlebowi
Inflect chleb | N;ACC(PL)	chleby
Inflect chleb | N;VOC(PL)	chleby
Inflect abdykacja | N;ESS(PL)	abdykacjach
Inflect abdykacja | N;INS(PL)	abdykacjami
Inflect abdykacja | N;INS(SG)	abdykacją
Inflect abdykacja | N;NOM(SG)	abdykacja
Inflect abdykacja | N;ACC(PL)	abdykacje
Inflect abdykacja | N;NOM(PL)	abdykacje
Inflect abdykacja | N;ESS(SG)	abdykacji
Inflect abdykacja | N;DAT(PL)	abdykacjom
Inflect abdykacja | N;VOC(SG)	abdykacjo
Inflect spodenki | N;GEN(SG)	spodenek
Inflect spodenki | N;INS(SG)	spodenkami
Inflect spodenki | N;ACC(SG)	spodenki
Inflect spodenki | N;NOM(SG)	spodenki
Inflect spodenki | N;DAT(SG)	spodenkom
Inflect żółwik | N;ESS(PL)	żółwikach
Inflect żółwik | N;INS(PL)	żółwikami
Inflect żółwik | N;ACC(SG)	żółwika
Inflect żółwik | N;GEN(SG)	żółwika
Inflect żółwik | N;ACC(PL)	żółwiki
Inflect żółwik | N;NOM(PL)	żółwiki
Inflect żółwik | N;VOC(PL)	żółwiki
Inflect żółwik | N;NOM(SG)	żółwik
Inflect żółwik | N;DAT(PL)	żółwikom
Inflect żółwik | N;DAT(SG)	żółwikowi
Inflect żółwik | N;GEN(PL)	żółwików
Inflect żółwik | N;ESS(SG)	żółwiku
Inflect żółwik | N;VOC(SG)	żółwiku
Inflect chorągiew | N;ACC(SG)	chorągiew
Inflect chorągiew | N;ESS(PL)	chorągwiach
Inflect chorągiew | N;INS(PL)	chorągwiami
Inflect chorągiew | N;NOM(PL)	chorągwie
Inflect chorągiew | N;VOC(PL)	chorągwie
Inflect chorągiew | N;DAT(SG)	chorągwi
Inflect chorągiew | N;ESS(SG)	chorągwi
Inflect chorągiew | N;GEN(SG)	chorągwi
Inflect chorągiew | N;VOC(SG)	chorągwi
Inflect chorągiew | N;DAT(PL)	chorągwiom
Inflect dwórka | N;INS(PL)	dwórkami
Inflect krówka | N;DAT(SG)	krówce
Inflect krówka | N;GEN(PL)	krówek
Inflect krówka | N;INS(PL)	krówkami
Inflect krówka | N;NOM(SG)	krówka
Inflect krówka | N;ACC(PL)	krówki
Inflect krówka | N;GEN(SG)	krówki
Inflect krówka | N;NOM(PL)	krówki
Inflect krówka | N;VOC(SG)	krówko
Inflect fuks | N;ESS(PL)	fuksach
Inflect fuks | N;GEN(SG)	fuksa
Inflect fuks | N;INS(SG)	fuksem
Inflect fuks | N;ACC(SG)	fuks
Inflect fuks | N;NOM(SG)	fuks
Inflect fuks | N;DAT(PL)	fuksom
Inflect fuks | N;DAT(SG)	fuksowi
Inflect fuks | N;GEN(PL)	fuksów
Inflect fuks | N;ACC(PL)	fuksy
Inflect fuks | N;NOM(PL)	fuksy
Inflect zmartwychwstawać | V;FUT;3;PL;MASC;HUM	będą zmartwychwstawali
Inflect zmartwychwstawać | V;FUT;3;PL	będą zmartwychwstawały
Inflect zmartwychwstawać | V;FUT;1;SG;FEM	będę zmartwychwstawała
Inflect zmartwychwstawać | V;FUT;1;SG;MASC	będę zmartwychwstawał
Inflect zmartwychwstawać | V;FUT;1;PL	będziemy zmartwychwstawały
Inflect zmartwychwstawać | V;FUT;2;SG;FEM	będziesz zmartwychwstawała
Inflect zmartwychwstawać | V;FUT;2;SG;MASC	będziesz zmartwychwstawał
Inflect zmartwychwstawać | V;FUT;3;SG;FEM	będzie zmartwychwstawała
Inflect zmartwychwstawać | V;FUT;3;SG;NEUT	będzie zmartwychwstawało
Inflect zmartwychwstawać | V;FUT;3;SG;MASC	będzie zmartwychwstawał
Inflect zmartwychwstawać | V;IMP;3;SG	niech zmartwychwstaje
Inflect zmartwychwstawać | V.PTCP;PST;ACT;SG;FEM	zmartwychwstająca
Inflect zmartwychwstawać | V.PTCP;PST;ACT;SG;NEUT	zmartwychwstające
Inflect zmartwychwstawać | V.PTCP;PST;ACT;SG;MASC	zmartwychwstający
Inflect zmartwychwstawać | V;PRS;3;PL	zmartwychwstają
Inflect zmartwychwstawać | V;PRS;2;PL	zmartwychwstajecie
Inflect zmartwychwstawać | V;PRS;1;PL	zmartwychwstajemy
Inflect zmartwychwstawać | V;PRS;2;SG	zmartwychwstajesz
Inflect zmartwychwstawać | V;PRS;1;SG	zmartwychwstaję
Inflect zmartwychwstawać | V;PRS;3;SG	zmartwychwstaje
Inflect zmartwychwstawać | V;NFIN	zmartwychwstawać
Inflect zmartwychwstawać | V;IMP;2;PL	zmartwychwstawajcie
Inflect zmartwychwstawać | V;IMP;1;PL	zmartwychwstawajmy
Inflect zmartwychwstawać | V;IMP;2;SG	zmartwychwstawaj
Inflect zmartwychwstawać | V;COND;1;SG;FEM	zmartwychwstawałabym
Inflect zmartwychwstawać | V;COND;2;SG;FEM	zmartwychwstawałabyś
Inflect zmartwychwstawać | V;COND;3;SG;FEM	zmartwychwstawałaby
Inflect zmartwychwstawać | V;PST;1;SG;FEM	zmartwychwstawałam
Inflect zmartwychwstawać | V;PST;2;SG;FEM	zmartwychwstawałaś
Inflect zmartwychwstawać | V;COND;2;SG;MASC	zmartwychwstawałbyś
Inflect zmartwychwstawać | V;COND;3;SG;MASC	zmartwychwstawałby
Inflect zmartwychwstawać | V;PST;1;SG;MASC	zmartwychwstawałem
Inflect zmartwychwstawać | V;PST;2;SG;MASC	zmartwychwstawałeś
Inflect zmartwychwstawać | V;PST;2;PL;MASC;HUM	zmartwychwstawaliście
Inflect zmartwychwstawać | V;PST;1;PL;MASC;HUM	zmartwychwstawaliśmy
Inflect zmartwychwstawać | V;PST;3;PL;MASC;HUM	zmartwychwstawali
Inflect zmartwychwstawać | V;COND;3;SG;NEUT	zmartwychwstawałoby
Inflect zmartwychwstawać | V;PST;3;SG;NEUT	zmartwychwstawało
Inflect zmartwychwstawać | V;PST;3;SG;MASC	zmartwychwstawał
Inflect zmartwychwstawać | V;COND;2;PL	zmartwychwstawałybyście
Inflect zmartwychwstawać | V;COND;1;PL	zmartwychwstawałybyśmy
Inflect zmartwychwstawać | V;COND;3;PL	zmartwychwstawałyby
Inflect zmartwychwstawać | V;PST;1;PL	zmartwychwstawałyśmy
Inflect zmartwychwstawać | V;PST;3;PL	zmartwychwstawały
Inflect zmartwychwstawać | V.MSDR	zmartwychwstawanie
Inflect zmartwychwstawać | V.PTCP;PST;PASS	zmartwychwstawano
Inflect bor | N;NOM(SG)	bor
Inflect ucieczka | N;DAT(SG)	ucieczce
Inflect ucieczka | N;ESS(SG)	ucieczce
Inflect ucieczka | N;GEN(PL)	ucieczek
Inflect ucieczka | N;ESS(PL)	ucieczkach
Inflect ucieczka | N;INS(PL)	ucieczkami
Inflect ucieczka | N;INS(SG)	ucieczką
Inflect ucieczka | N;NOM(SG)	ucieczka
Inflect ucieczka | N;ACC(SG)	ucieczkę
Inflect ucieczka | N;ACC(PL)	ucieczki
Inflect ucieczka | N;GEN(SG)	ucieczki
Inflect ucieczka | N;NOM(PL)	ucieczki
Inflect ucieczka | N;VOC(PL)	ucieczki
Inflect ucieczka | N;DAT(PL)	ucieczkom
Inflect ucieczka | N;VOC(SG)	ucieczko
Inflect piłeczka | N;DAT(SG)	piłeczce
Inflect piłeczka | N;GEN(PL)	piłeczek
Inflect piłeczka | N;ESS(PL)	piłeczkach
Inflect piłeczka | N;INS(PL)	piłeczkami
Inflect piłeczka | N;INS(SG)	piłeczką
Inflect piłeczka | N;NOM(SG)	piłeczka
Inflect piłeczka | N;ACC(SG)	piłeczkę
Inflect piłeczka | N;ACC(PL)	piłeczki
Inflect piłeczka | N;GEN(SG)	piłeczki
Inflect piłeczka | N;NOM(PL)	piłeczki
Inflect piłeczka | N;VOC(PL)	piłeczki
Inflect piłeczka | N;DAT(PL)	piłeczkom
Inflect piłeczka | N;VOC(SG)	piłeczko
Inflect opona | N;ESS(PL)	oponach
Inflect opona | N;INS(PL)	oponami
Inflect opona | N;INS(SG)	oponą
Inflect opona | N;NOM(SG)	opona
Inflect opona | N;ACC(SG)	oponę
Inflect opona | N;ESS(SG)	oponie
Inflect opona | N;GEN(PL)	opon
Inflect opona | N;ACC(PL)	opony
Inflect opona | N;NOM(PL)	opony
Inflect opona | N;VOC(PL)	opony
Inflect turkusowy | ADJ;INS(SG,FEM)	turkusową
Inflect turkusowy | ADJ;NOM(SG,NEUT)	turkusowe
Inflect turkusowy | ADJ;NOM(PL)	turkusowe
Inflect turkusowy | ADJ;ACC(SG,MASC,ANIM)	turkusowego
Inflect turkusowy | ADJ;ACC(SG,MASC,HUM)	turkusowego
Inflect turkusowy | ADJ;GEN(SG,NEUT)	turkusowego
Inflect turkusowy | ADJ;DAT(SG,FEM)	turkusowej
Inflect turkusowy | ADJ;ESS(SG,FEM)	turkusowej
Inflect turkusowy | ADJ;DAT(SG,MASC)	turkusowemu
Inflect turkusowy | ADJ;DAT(SG,NEUT)	turkusowemu
Inflect turkusowy | ADJ;NOM(PL,MASC,HUM)	turkusowi
Inflect turkusowy | ADJ;ACC(SG,MASC,INAN)	turkusowy
Inflect turkusowy | ADJ;NOM(SG,MASC)	turkusowy
Inflect turkusowy | ADJ;GEN(PL)	turkusowych
Inflect turkusowy | ADJ;ACC(PL,MASC,HUM)	turkusowych
Inflect turkusowy | ADJ;ESS(SG,MASC)	turkusowym
Inflect turkusowy | ADJ;ESS(SG,NEUT)	turkusowym
Inflect turkusowy | ADJ;INS(SG,NEUT)	turkusowym
Inflect turkusowy | ADJ;INS(PL)	turkusowymi
Inflect rękojeść | N;ESS(PL)	rękojeściach
Inflect rękojeść | N;INS(PL)	rękojeściami
Inflect rękojeść | N;DAT(SG)	rękojeści
Inflect rękojeść | N;ESS(SG)	rękojeści
Inflect rękojeść | N;NOM(PL)	rękojeści
Inflect rękojeść | N;VOC(PL)	rękojeści
Inflect rękojeść | N;VOC(SG)	rękojeści
Inflect rękojeść | N;DAT(PL)	rękojeściom
Inflect rękojeść | N;ACC(SG)	rękojeść
Inflect rękojeść | N;NOM(SG)	rękojeść
Inflect marakuja | N;DAT(SG)	marakui
Inflect marakuja | N;GEN(SG)	marakui
Inflect marakuja | N;ESS(PL)	marakujach
Inflect marakuja | N;INS(PL)	marakujami
Inflect marakuja | N;INS(SG)	marakują
Inflect marakuja | N;NOM(SG)	marakuja
Inflect marakuja | N;ACC(PL)	marakuje
Inflect marakuja | N;NOM(PL)	marakuje
Inflect marakuja | N;VOC(PL)	marakuje
Inflect marakuja | N;GEN(PL)	marakuj
Inflect marakuja | N;DAT(PL)	marakujom
Inflect marakuja | N;VOC(SG)	marakujo
Inflect teks | N;INS(PL)	teksami
Inflect teks | N;INS(SG)	teksem
Inflect teks | N;VOC(SG)	teksie
Inflect teks | N;NOM(SG)	teks
Inflect teks | N;DAT(PL)	teksom
Inflect teks | N;GEN(PL)	teksów
Inflect teks | N;GEN(SG)	teksu
Inflect teks | N;VOC(PL)	teksy
Inflect elektroda | N;ESS(PL)	elektrodach
Inflect elektroda | N;INS(PL)	elektrodami
Inflect elektroda | N;INS(SG)	elektrodą
Inflect elektroda | N;NOM(SG)	elektroda
Inflect elektroda | N;ACC(SG)	elektrodę
Inflect elektroda | N;DAT(PL)	elektrodom
Inflect elektroda | N;VOC(SG)	elektrodo
Inflect elektroda | N;ACC(PL)	elektrody
Inflect elektroda | N;GEN(SG)	elektrody
Inflect elektroda | N;NOM(PL)	elektrody
Inflect elektroda | N;ESS(SG)	elektrodzie
Inflect saletra | N;INS(SG)	saletrą
Inflect saletra | N;NOM(SG)	saletra
Inflect saletra | N;ACC(SG)	saletrę
Inflect saletra | N;VOC(SG)	saletro
Inflect saletra | N;GEN(SG)	saletry
Inflect saletra | N;DAT(SG)	saletrze
Inflect saletra | N;ESS(SG)	saletrze
Inflect trącić | V;PST;3;PL	trąciły
Inflect trącić | V;FUT;1;PL	trącimy
Inflect patafian | N;ESS(PL)	patafianach
Inflect patafian | N;INS(PL)	patafianami
Inflect patafian | N;ACC(SG)	patafiana
Inflect patafian | N;ESS(SG)	patafianie
Inflect patafian | N;VOC(SG)	patafianie
Inflect patafian | N;NOM(SG)	patafian
Inflect patafian | N;DAT(SG)	patafianowi
Inflect patafian | N;GEN(PL)	patafianów
Inflect patafian | N;NOM(PL)	patafiany
Inflect żyć | V;IMP;3;PL	niech żyją
Inflect żyć | V;IMP;3;SG	niech żyje
Inflect grzbiet | N;INS(PL)	grzbietami
Inflect grzbiet | N;ACC(SG)	grzbiet
Inflect grzbiet | N;NOM(SG)	grzbiet
Inflect grzbiet | N;DAT(PL)	grzbietom
Inflect grzbiet | N;DAT(SG)	grzbietowi
Inflect grzbiet | N;GEN(PL)	grzbietów
Inflect grzbiet | N;GEN(SG)	grzbietu
Inflect grzbiet | N;ACC(PL)	grzbiety
Inflect grzbiet | N;NOM(PL)	grzbiety
Inflect grzbiet | N;VOC(PL)	grzbiety
Inflect aalen | N;INS(SG)	aalenem
Inflect aalen | N;ESS(SG)	aalenie
Inflect aalen | N;ACC(SG)	aalen
Inflect aalen | N;NOM(SG)	aalen
Inflect aalen | N;DAT(SG)	aalenowi
Inflect aalen | N;GEN(SG)	aalenu
Inflect rzymski | ADJ;NOM(PL,MASC,HUM)	rzymscy
Inflect rzymski | ADJ;ACC(SG,FEM)	rzymską
Inflect rzymski | ADJ;INS(SG,FEM)	rzymską
Inflect rzymski | ADJ;NOM(SG,FEM)	rzymska
Inflect rzymski | ADJ;ACC(SG,MASC,INAN)	rzymski
Inflect rzymski | ADJ;GEN(PL)	rzymskich
Inflect rzymski | ADJ;ACC(PL)	rzymskie
Inflect rzymski | ADJ;ACC(SG,NEUT)	rzymskie
Inflect rzymski | ADJ;NOM(SG,NEUT)	rzymskie
Inflect rzymski | ADJ;ACC(SG,MASC,ANIM)	rzymskiego
Inflect rzymski | ADJ;GEN(SG,MASC)	rzymskiego
Inflect rzymski | ADJ;ACC(SG,MASC,HUM)	rzymskiego
Inflect rzymski | ADJ;GEN(SG,NEUT)	rzymskiego
Inflect rzymski | ADJ;DAT(SG,FEM)	rzymskiej
Inflect rzymski | ADJ;ESS(SG,FEM)	rzymskiej
Inflect rzymski | ADJ;DAT(SG,MASC)	rzymskiemu
Inflect rzymski | ADJ;DAT(SG,NEUT)	rzymskiemu
Inflect rzymski | ADJ;ESS(SG,MASC)	rzymskim
Inflect rzymski | ADJ;INS(SG,MASC)	rzymskim
Inflect rzymski | ADJ;ESS(SG,NEUT)	rzymskim
Inflect rzymski | ADJ;INS(SG,NEUT)	rzymskim
Inflect rzymski | ADJ;INS(PL)	rzymskimi
Inflect wola | N;ESS(PL)	wolach
Inflect wola | N;INS(PL)	wolami
Inflect wola | N;ACC(PL)	wole
Inflect wola | N;ACC(SG)	wolę
Inflect wola | N;NOM(PL)	wole
Inflect wola | N;VOC(PL)	wole
Inflect wola | N;DAT(SG)	woli
Inflect wola | N;ESS(SG)	woli
Inflect wola | N;GEN(SG)	woli
Inflect wola | N;GEN(PL)	wol
Inflect wola | N;VOC(SG)	wolo
Inflect parweniusz | N;INS(PL)	parweniuszami
Inflect parweniusz | N;ACC(SG)	parweniusza
Inflect parweniusz | N;INS(SG)	parweniuszem
Inflect parweniusz | N;NOM(PL)	parweniusze
Inflect parweniusz | N;VOC(PL)	parweniusze
Inflect parweniusz | N;NOM(SG)	parweniusz
Inflect parweniusz | N;DAT(PL)	parweniuszom
Inflect parweniusz | N;DAT(SG)	parweniuszowi
Inflect parweniusz | N;ESS(SG)	parweniuszu
Inflect parweniusz | N;VOC(SG)	parweniuszu
Inflect parweniusz | N;GEN(PL)	parweniuszy
Inflect ozon | N;INS(SG)	ozonem
Inflect ozon | N;ESS(SG)	ozonie
Inflect ozon | N;VOC(SG)	ozonie
Inflect ozon | N;NOM(SG)	ozon
Inflect ozon | N;GEN(SG)	ozonu
Inflect jantar | N;ESS(PL)	jantarach
Inflect jantar | N;INS(PL)	jantarami
Inflect jantar | N;INS(SG)	jantarem
Inflect jantar | N;ACC(SG)	jantar
Inflect jantar | N;NOM(SG)	jantar
Inflect jantar | N;DAT(PL)	jantarom
Inflect jantar | N;DAT(SG)	jantarowi
Inflect jantar | N;GEN(SG)	jantaru
Inflect jantar | N;ACC(PL)	jantary
Inflect jantar | N;NOM(PL)	jantary
Inflect galeon | N;ESS(PL)	galeonach
Inflect galeon | N;INS(PL)	galeonami
Inflect galeon | N;INS(SG)	galeonem
Inflect galeon | N;VOC(SG)	galeonie
Inflect galeon | N;ACC(SG)	galeon
Inflect galeon | N;NOM(SG)	galeon
Inflect galeon | N;DAT(PL)	galeonom
Inflect galeon | N;DAT(SG)	galeonowi
Inflect galeon | N;GEN(PL)	galeonów
Inflect galeon | N;GEN(SG)	galeonu
Inflect galeon | N;ACC(PL)	galeony
Inflect galeon | N;NOM(PL)	galeony
Inflect galeon | N;VOC(PL)	galeony
Inflect poroniony | ADJ;NOM(PL,MASC,HUM)	poronieni
Inflect poroniony | ADJ;ACC(SG,FEM)	poronioną
Inflect poroniony | ADJ;INS(SG,FEM)	poronioną
Inflect poroniony | ADJ;NOM(SG,FEM)	poroniona
Inflect poroniony | ADJ;ACC(PL)	poronione
Inflect poroniony | ADJ;NOM(SG,NEUT)	poronione
Inflect poroniony | ADJ;NOM(PL)	poronione
Inflect poroniony | ADJ;ACC(SG,MASC,ANIM)	poronionego
Inflect poroniony | ADJ;GEN(SG,MASC)	poronionego
Inflect poroniony | ADJ;ACC(SG,MASC,HUM)	poronionego
Inflect poroniony | ADJ;GEN(SG,NEUT)	poronionego
Inflect poroniony | ADJ;ESS(SG,FEM)	poronionej
Inflect poroniony | ADJ;GEN(SG,FEM)	poronionej
Inflect poroniony | ADJ;DAT(SG,MASC)	poronionemu
Inflect poroniony | ADJ;DAT(SG,NEUT)	poronionemu
Inflect poroniony | ADJ;ACC(SG,MASC,INAN)	poroniony
Inflect poroniony | ADJ;ESS(PL)	poronionych
Inflect poroniony | ADJ;GEN(PL)	poronionych
Inflect poroniony | ADJ;ACC(PL,MASC,HUM)	poronionych
Inflect poroniony | ADJ;DAT(PL)	poronionym
Inflect poroniony | ADJ;ESS(SG,MASC)	poronionym
Inflect poroniony | ADJ;INS(SG,MASC)	poronionym
Inflect poroniony | ADJ;ESS(SG,NEUT)	poronionym
Inflect poroniony | ADJ;INS(PL)	poronionymi
Inflect mol | N;NOM(SG)	mol
Inflect najwyższy | ADJ;NOM(PL,MASC,HUM)	najwyżsi
Inflect najwyższy | ADJ;ACC(SG,FEM)	najwyższą
Inflect najwyższy | ADJ;INS(SG,FEM)	najwyższą
Inflect najwyższy | ADJ;NOM(SG,FEM)	najwyższa
Inflect najwyższy | ADJ;ACC(SG,NEUT)	najwyższe
Inflect najwyższy | ADJ;NOM(SG,NEUT)	najwyższe
Inflect najwyższy | ADJ;NOM(PL)	najwyższe
Inflect najwyższy | ADJ;ACC(SG,MASC,ANIM)	najwyższego
Inflect najwyższy | ADJ;GEN(SG,MASC)	najwyższego
Inflect najwyższy | ADJ;ACC(SG,MASC,HUM)	najwyższego
Inflect najwyższy | ADJ;GEN(SG,NEUT)	najwyższego
Inflect najwyższy | ADJ;DAT(SG,FEM)	najwyższej
Inflect najwyższy | ADJ;GEN(SG,FEM)	najwyższej
Inflect najwyższy | ADJ;DAT(SG,MASC)	najwyższemu
Inflect najwyższy | ADJ;DAT(SG,NEUT)	najwyższemu
Inflect najwyższy | ADJ;NOM(SG,MASC)	najwyższy
Inflect najwyższy | ADJ;GEN(PL)	najwyższych
Inflect najwyższy | ADJ;DAT(PL)	najwyższym
Inflect najwyższy | ADJ;ESS(SG,MASC)	najwyższym
Inflect najwyższy | ADJ;INS(SG,MASC)	najwyższym
Inflect najwyższy | ADJ;INS(SG,NEUT)	najwyższym
Inflect mech | N;ESS(PL)	mchach
Inflect mech | N;INS(SG)	mchem
Inflect mech | N;DAT(SG)	mchowi
Inflect mech | N;GEN(PL)	mchów
Inflect mech | N;ESS(SG)	mchu
Inflect mech | N;GEN(SG)	mchu
Inflect mech | N;ACC(PL)	mchy
Inflect mech | N;NOM(PL)	mchy
Inflect mech | N;VOC(PL)	mchy
Inflect żłobek | N;INS(SG)	żłobkiem
Inflect sfora | N;ESS(PL)	sforach
Inflect sfora | N;INS(SG)	sforą
Inflect sfora | N;NOM(SG)	sfora
Inflect sfora | N;DAT(PL)	sforom
Inflect sfora | N;VOC(SG)	sforo
Inflect sfora | N;GEN(SG)	sfory
Inflect sfora | N;NOM(PL)	sfory
Inflect sfora | N;VOC(PL)	sfory
Inflect sfora | N;DAT(SG)	sforze
Inflect sfora | N;ESS(SG)	sforze
Inflect bor | N;ACC(SG)	bor
Inflect równiejszy | ADJ;NOM(PL,MASC,HUM)	równiejsi
Inflect równiejszy | ADJ;INS(SG,FEM)	równiejszą
Inflect równiejszy | ADJ;NOM(SG,FEM)	równiejsza
Inflect równiejszy | ADJ;ACC(PL)	równiejsze
Inflect równiejszy | ADJ;ACC(SG,NEUT)	równiejsze
Inflect równiejszy | ADJ;NOM(SG,NEUT)	równiejsze
Inflect równiejszy | ADJ;NOM(PL)	równiejsze
Inflect równiejszy | ADJ;ACC(SG,MASC,ANIM)	równiejszego
Inflect równiejszy | ADJ;GEN(SG,MASC)	równiejszego
Inflect równiejszy | ADJ;GEN(SG,NEUT)	równiejszego
Inflect równiejszy | ADJ;DAT(SG,FEM)	równiejszej
Inflect równiejszy | ADJ;GEN(SG,FEM)	równiejszej
Inflect równiejszy | ADJ;DAT(SG,MASC)	równiejszemu
Inflect równiejszy | ADJ;DAT(SG,NEUT)	równiejszemu
Inflect równiejszy | ADJ;ACC(SG,MASC,INAN)	równiejszy
Inflect równiejszy | ADJ;NOM(SG,MASC)	równiejszy
Inflect równiejszy | ADJ;ESS(PL)	równiejszych
Inflect równiejszy | ADJ;GEN(PL)	równiejszych
Inflect równiejszy | ADJ;ACC(PL,MASC,HUM)	równiejszych
Inflect równiejszy | ADJ;DAT(PL)	równiejszym
Inflect równiejszy | ADJ;ESS(SG,MASC)	równiejszym
Inflect równiejszy | ADJ;INS(SG,MASC)	równiejszym
Inflect równiejszy | ADJ;ESS(SG,NEUT)	równiejszym
Inflect równiejszy | ADJ;INS(SG,NEUT)	równiejszym
Inflect równiejszy | ADJ;INS(PL)	równiejszymi
Inflect Bułgar | N;INS(PL)	Bułgarami
Inflect Bułgar | N;ACC(SG)	Bułgara
Inflect Bułgar | N;GEN(SG)	Bułgara
Inflect Bułgar | N;INS(SG)	Bułgarem
Inflect Bułgar | N;NOM(SG)	Bułgar
Inflect Bułgar | N;DAT(SG)	Bułgarowi
Inflect Bułgar | N;ACC(PL)	Bułgarów
Inflect Bułgar | N;GEN(PL)	Bułgarów
Inflect Bułgar | N;NOM(PL)	Bułgarzy
Inflect Bułgar | N;VOC(PL)	Bułgarzy
Inflect kalina | N;ESS(PL)	kalinach
Inflect kalina | N;INS(PL)	kalinami
Inflect kalina | N;INS(SG)	kaliną
Inflect kalina | N;NOM(SG)	kalina
Inflect kalina | N;ACC(SG)	kalinę
Inflect kalina | N;ESS(SG)	kalinie
Inflect kalina | N;GEN(PL)	kalin
Inflect kalina | N;DAT(PL)	kalinom
Inflect kalina | N;VOC(SG)	kalino
Inflect kalina | N;NOM(PL)	kaliny
Inflect kalina | N;VOC(PL)	kaliny
Inflect alkohol | N;ESS(PL)	alkoholach
Inflect alkohol | N;INS(PL)	alkoholami
Inflect alkohol | N;INS(SG)	alkoholem
Inflect alkohol | N;NOM(PL)	alkohole
Inflect alkohol | N;NOM(SG)	alkohol
Inflect alkohol | N;DAT(PL)	alkoholom
Inflect alkohol | N;ESS(SG)	alkoholu
Inflect alkohol | N;GEN(SG)	alkoholu
Inflect wajcha | N;ESS(PL)	wajchach
Inflect wajcha | N;INS(PL)	wajchami
Inflect wajcha | N;INS(SG)	wajchą
Inflect wajcha | N;NOM(SG)	wajcha
Inflect wajcha | N;ACC(SG)	wajchę
Inflect wajcha | N;GEN(PL)	wajch
Inflect wajcha | N;DAT(PL)	wajchom
Inflect wajcha | N;ACC(PL)	wajchy
Inflect wajcha | N;GEN(SG)	wajchy
Inflect wajcha | N;DAT(SG)	wajsze
Inflect kszyk | N;ESS(PL)	kszykach
Inflect kszyk | N;INS(PL)	kszykami
Inflect kszyk | N;GEN(SG)	kszyka
Inflect kszyk | N;INS(SG)	kszykiem
Inflect kszyk | N;ACC(PL)	kszyki
Inflect kszyk | N;NOM(PL)	kszyki
Inflect kszyk | N;VOC(PL)	kszyki
Inflect kszyk | N;NOM(SG)	kszyk
Inflect kszyk | N;DAT(PL)	kszykom
Inflect kszyk | N;DAT(SG)	kszykowi
Inflect kszyk | N;GEN(PL)	kszyków
Inflect kszyk | N;ESS(SG)	kszyku
Inflect kszyk | N;VOC(SG)	kszyku
Inflect najemnik | N;NOM(PL)	najemnicy
Inflect najemnik | N;VOC(PL)	najemnicy
Inflect najemnik | N;ESS(PL)	najemnikach
Inflect najemnik | N;ACC(SG)	najemnika
Inflect najemnik | N;GEN(SG)	najemnika
Inflect najemnik | N;INS(SG)	najemnikiem
Inflect najemnik | N;NOM(SG)	najemnik
Inflect najemnik | N;DAT(PL)	najemnikom
Inflect najemnik | N;DAT(SG)	najemnikowi
Inflect najemnik | N;ACC(PL)	najemników
Inflect najemnik | N;GEN(PL)	najemników
Inflect najemnik | N;ESS(SG)	najemniku
Inflect najemnik | N;VOC(SG)	najemniku
Inflect rogalik | N;ESS(PL)	rogalikach
Inflect rogalik | N;GEN(SG)	rogalika
Inflect rogalik | N;ACC(PL)	rogaliki
Inflect rogalik | N;NOM(PL)	rogaliki
Inflect rogalik | N;ACC(SG)	rogalik
Inflect rogalik | N;NOM(SG)	rogalik
Inflect rogalik | N;DAT(PL)	rogalikom
Inflect rogalik | N;DAT(SG)	rogalikowi
Inflect rogalik | N;GEN(PL)	rogalików
Inflect rogalik | N;ESS(SG)	rogaliku
Inflect rogalik | N;VOC(SG)	rogaliku
Inflect wnętrze | N;ESS(PL)	wnętrzach
Inflect wnętrze | N;INS(PL)	wnętrzami
Inflect wnętrze | N;ACC(PL)	wnętrza
Inflect wnętrze | N;GEN(SG)	wnętrza
Inflect wnętrze | N;NOM(PL)	wnętrza
Inflect wnętrze | N;VOC(PL)	wnętrza
Inflect wnętrze | N;INS(SG)	wnętrzem
Inflect wnętrze | N;ACC(SG)	wnętrze
Inflect wnętrze | N;GEN(PL)	wnętrz
Inflect wnętrze | N;DAT(PL)	wnętrzom
Inflect wnętrze | N;ESS(SG)	wnętrzu
Inflect koparka | N;DAT(SG)	koparce
Inflect koparka | N;ESS(SG)	koparce
Inflect koparka | N;GEN(PL)	koparek
Inflect koparka | N;INS(PL)	koparkami
Inflect koparka | N;INS(SG)	koparką
Inflect koparka | N;NOM(SG)	koparka
Inflect koparka | N;ACC(SG)	koparkę
Inflect koparka | N;ACC(PL)	koparki
Inflect koparka | N;GEN(SG)	koparki
Inflect koparka | N;VOC(SG)	koparko
Inflect nowe | ADJ;ACC(SG,FEM)	nową
Inflect nowe | ADJ;INS(SG,FEM)	nową
Inflect nowe | ADJ;NOM(SG,FEM)	nowa
Inflect nowe | ADJ;ACC(SG,NEUT)	nowe
Inflect nowe | ADJ;NOM(SG,NEUT)	nowe
Inflect nowe | ADJ;NOM(PL)	nowe
Inflect nowe | ADJ;ACC(SG,MASC,ANIM)	nowego
Inflect nowe | ADJ;GEN(SG,MASC)	nowego
Inflect nowe | ADJ;ACC(SG,MASC,HUM)	nowego
Inflect nowe | ADJ;GEN(SG,NEUT)	nowego
Inflect nowe | ADJ;DAT(SG,FEM)	nowej
Inflect nowe | ADJ;GEN(SG,FEM)	nowej
Inflect nowe | ADJ;DAT(SG,MASC)	nowemu
Inflect nowe | ADJ;DAT(SG,NEUT)	nowemu
Inflect nowe | ADJ;NOM(PL,MASC,HUM)	nowi
Inflect nowe | ADJ;ACC(SG,MASC,INAN)	nowy
Inflect nowe | ADJ;ESS(PL)	nowych
Inflect nowe | ADJ;GEN(PL)	nowych
Inflect nowe | ADJ;ACC(PL,MASC,HUM)	nowych
Inflect nowe | ADJ;DAT(PL)	nowym
Inflect nowe | ADJ;ESS(SG,MASC)	nowym
Inflect nowe | ADJ;INS(SG,MASC)	nowym
Inflect nowe | ADJ;INS(SG,NEUT)	nowym
Inflect nowe | ADJ;INS(PL)	nowymi
Inflect abonowanie | N;GEN(SG)	abonowania
Inflect abonowanie | N;INS(SG)	abonowaniem
Inflect abonowanie | N;NOM(SG)	abonowanie
Inflect abonowanie | N;VOC(SG)	abonowanie
Inflect abonowanie | N;DAT(SG)	abonowaniu
Inflect abonowanie | N;ESS(SG)	abonowaniu
Inflect złotówa | N;ESS(PL)	złotówach
Inflect złotówa | N;INS(PL)	złotówami
Inflect złotówa | N;GEN(PL)	złotów
Inflect złotówa | N;DAT(PL)	złotówom
Inflect złotówa | N;ACC(PL)	złotówy
Inflect złotówa | N;GEN(SG)	złotówy
Inflect karambol | N;INS(PL)	karambolami
Inflect karambol | N;INS(SG)	karambolem
Inflect karambol | N;ACC(PL)	karambole
Inflect karambol | N;NOM(PL)	karambole
Inflect karambol | N;VOC(PL)	karambole
Inflect karambol | N;GEN(PL)	karamboli
Inflect karambol | N;ACC(SG)	karambol
Inflect karambol | N;NOM(SG)	karambol
Inflect karambol | N;DAT(PL)	karambolom
Inflect karambol | N;DAT(SG)	karambolowi
Inflect karambol | N;ESS(SG)	karambolu
Inflect karambol | N;GEN(SG)	karambolu
Inflect kolanowy | ADJ;ACC(SG,FEM)	kolanową
Inflect kolanowy | ADJ;NOM(SG,FEM)	kolanowa
Inflect kolanowy | ADJ;ACC(SG,NEUT)	kolanowe
Inflect kolanowy | ADJ;NOM(SG,NEUT)	kolanowe
Inflect kolanowy | ADJ;NOM(PL)	kolanowe
Inflect kolanowy | ADJ;ACC(SG,MASC,ANIM)	kolanowego
Inflect kolanowy | ADJ;GEN(SG,NEUT)	kolanowego
Inflect kolanowy | ADJ;DAT(SG,FEM)	kolanowej
Inflect kolanowy | ADJ;ESS(SG,FEM)	kolanowej
Inflect kolanowy | ADJ;DAT(SG,MASC)	kolanowemu
Inflect kolanowy | ADJ;DAT(SG,NEUT)	kolanowemu
Inflect kolanowy | ADJ;NOM(PL,MASC,HUM)	kolanowi
Inflect kolanowy | ADJ;ACC(SG,MASC,INAN)	kolanowy
Inflect kolanowy | ADJ;NOM(SG,MASC)	kolanowy
Inflect kolanowy | ADJ;DAT(PL)	kolanowym
Inflect kolanowy | ADJ;ESS(SG,MASC)	kolanowym
Inflect kolanowy | ADJ;INS(SG,MASC)	kolanowym
Inflect kolanowy | ADJ;INS(SG,NEUT)	kolanowym
Inflect legion | N;ESS(PL)	legionach
Inflect legion | N;INS(PL)	legionami
Inflect legion | N;ESS(SG)	legionie
Inflect legion | N;VOC(SG)	legionie
Inflect legion | N;NOM(SG)	legion
Inflect legion | N;DAT(PL)	legionom
Inflect legion | N;DAT(SG)	legionowi
Inflect legion | N;GEN(PL)	legionów
Inflect legion | N;ACC(PL)	legiony
Inflect legion | N;NOM(PL)	legiony
Inflect dęga | N;DAT(SG)	dędze
Inflect dęga | N;ESS(SG)	dędze
Inflect dęga | N;ESS(PL)	dęgach
Inflect dęga | N;INS(PL)	dęgami
Inflect dęga | N;INS(SG)	dęgą
Inflect dęga | N;NOM(SG)	dęga
Inflect dęga | N;ACC(SG)	dęgę
Inflect dęga | N;GEN(SG)	dęgi
Inflect dęga | N;NOM(PL)	dęgi
Inflect dęga | N;VOC(PL)	dęgi
Inflect dęga | N;GEN(PL)	dęg
Inflect dęga | N;DAT(PL)	dęgom
Inflect wiano | N;INS(PL)	wianami
Inflect wiano | N;ACC(PL)	wiana
Inflect wiano | N;GEN(SG)	wiana
Inflect wiano | N;VOC(PL)	wiana
Inflect wiano | N;INS(SG)	wianem
Inflect wiano | N;GEN(PL)	wian
Inflect wiano | N;DAT(PL)	wianom
Inflect wiano | N;NOM(SG)	wiano
Inflect wiano | N;VOC(SG)	wiano
Inflect balista | N;ESS(SG)	baliście
Inflect balista | N;NOM(SG)	balista
Inflect balista | N;ACC(SG)	balistę
Inflect balista | N;GEN(PL)	balist
Inflect balista | N;DAT(PL)	balistom
Inflect balista | N;VOC(SG)	balisto
Inflect balista | N;ACC(PL)	balisty
Inflect balista | N;GEN(SG)	balisty
Inflect balista | N;NOM(PL)	balisty
Inflect balista | N;VOC(PL)	balisty
Inflect bomba | N;ESS(PL)	bombach
Inflect bomba | N;INS(PL)	bombami
Inflect bomba | N;NOM(SG)	bomba
Inflect bomba | N;ACC(SG)	bombę
Inflect bomba | N;DAT(SG)	bombie
Inflect bomba | N;ESS(SG)	bombie
Inflect bomba | N;GEN(PL)	bomb
Inflect bomba | N;DAT(PL)	bombom
Inflect bomba | N;GEN(SG)	bomby
Inflect bomba | N;NOM(PL)	bomby
Inflect bomba | N;VOC(PL)	bomby
Inflect profil | N;ESS(PL)	profilach
Inflect profil | N;ACC(PL)	profile
Inflect profil | N;NOM(PL)	profile
Inflect profil | N;VOC(PL)	profile
Inflect profil | N;ACC(SG)	profil
Inflect profil | N;NOM(SG)	profil
Inflect profil | N;DAT(SG)	profilowi
Inflect profil | N;ESS(SG)	profilu
Inflect profil | N;GEN(SG)	profilu
Inflect opowiadanie | N;ESS(PL)	opowiadaniach
Inflect opowiadanie | N;INS(PL)	opowiadaniami
Inflect opowiadanie | N;ACC(PL)	opowiadania
Inflect opowiadanie | N;GEN(SG)	opowiadania
Inflect opowiadanie | N;NOM(PL)	opowiadania
Inflect opowiadanie | N;VOC(PL)	opowiadania
Inflect opowiadanie | N;INS(SG)	opowiadaniem
Inflect opowiadanie | N;ACC(SG)	opowiadanie
Inflect opowiadanie | N;NOM(SG)	opowiadanie
Inflect opowiadanie | N;DAT(SG)	opowiadaniu
Inflect opowiadanie | N;ESS(SG)	opowiadaniu
Inflect opowiadanie | N;GEN(PL)	opowiadań
Inflect monopol | N;ESS(PL)	monopolach
Inflect monopol | N;ACC(PL)	monopole
Inflect monopol | N;NOM(PL)	monopole
Inflect monopol | N;VOC(PL)	monopole
Inflect monopol | N;GEN(PL)	monopoli
Inflect monopol | N;ACC(SG)	monopol
Inflect monopol | N;DAT(PL)	monopolom
Inflect monopol | N;DAT(SG)	monopolowi
Inflect monopol | N;ESS(SG)	monopolu
Inflect monopol | N;VOC(SG)	monopolu
Inflect warszawa | N;ESS(PL)	warszawach
Inflect warszawa | N;INS(SG)	warszawą
Inflect warszawa | N;ACC(SG)	warszawę
Inflect warszawa | N;DAT(SG)	warszawie
Inflect warszawa | N;ESS(SG)	warszawie
Inflect warszawa | N;GEN(PL)	warszaw
Inflect warszawa | N;DAT(PL)	warszawom
Inflect warszawa | N;NOM(PL)	warszawy
Inflect warszawa | N;VOC(PL)	warszawy
Inflect wojeryzm | N;VOC(SG)	wojeryzmie
Inflect wojeryzm | N;ACC(SG)	wojeryzm
Inflect wojeryzm | N;NOM(SG)	wojeryzm
Inflect wojeryzm | N;DAT(SG)	wojeryzmowi
Inflect wojeryzm | N;GEN(SG)	wojeryzmu
Inflect krasnal | N;ESS(PL)	krasnalach
Inflect krasnal | N;ACC(SG)	krasnala
Inflect krasnal | N;GEN(SG)	krasnala
Inflect krasnal | N;INS(SG)	krasnalem
Inflect krasnal | N;ACC(PL)	krasnale
Inflect krasnal | N;NOM(PL)	krasnale
Inflect krasnal | N;VOC(PL)	krasnale
Inflect krasnal | N;GEN(PL)	krasnali
Inflect krasnal | N;NOM(SG)	krasnal
Inflect krasnal | N;DAT(PL)	krasnalom
Inflect krasnal | N;DAT(SG)	krasnalowi
Inflect krasnal | N;ESS(SG)	krasnalu
Inflect krasnal | N;VOC(SG)	krasnalu
Inflect suszarka | N;DAT(SG)	suszarce
Inflect suszarka | N;ESS(SG)	suszarce
Inflect suszarka | N;GEN(PL)	suszarek
Inflect suszarka | N;INS(PL)	suszarkami
Inflect suszarka | N;INS(SG)	suszarką
Inflect suszarka | N;NOM(SG)	suszarka
Inflect suszarka | N;ACC(SG)	suszarkę
Inflect suszarka | N;ACC(PL)	suszarki
Inflect suszarka | N;NOM(PL)	suszarki
Inflect suszarka | N;VOC(SG)	suszarko
Inflect cytra | N;ESS(PL)	cytrach
Inflect cytra | N;INS(PL)	cytrami
Inflect cytra | N;INS(SG)	cytrą
Inflect cytra | N;NOM(SG)	cytra
Inflect cytra | N;ACC(SG)	cytrę
Inflect cytra | N;VOC(SG)	cytro
Inflect cytra | N;GEN(SG)	cytry
Inflect cytra | N;NOM(PL)	cytry
Inflect cytra | N;VOC(PL)	cytry
Inflect cytra | N;DAT(SG)	cytrze
Inflect męka | N;DAT(SG)	męce
Inflect męka | N;ESS(PL)	mękach
Inflect męka | N;INS(PL)	mękami
Inflect męka | N;INS(SG)	męką
Inflect męka | N;NOM(SG)	męka
Inflect męka | N;ACC(SG)	mękę
Inflect męka | N;ACC(PL)	męki
Inflect męka | N;GEN(SG)	męki
Inflect męka | N;NOM(PL)	męki
Inflect męka | N;GEN(PL)	męk
Inflect męka | N;VOC(SG)	męko
Inflect dokonywać | V;FUT;3;PL;MASC;HUM	będą dokonywali
Inflect dokonywać | V;FUT;3;PL	będą dokonywały
Inflect dokonywać | V;FUT;1;SG;FEM	będę dokonywała
Inflect dokonywać | V;FUT;1;SG;MASC	będę dokonywał
Inflect dokonywać | V;FUT;2;PL;MASC;HUM	będziecie dokonywali
Inflect dokonywać | V;FUT;2;PL	będziecie dokonywały
Inflect dokonywać | V;FUT;3;SG;FEM	będzie dokonywała
Inflect dokonywać | V;FUT;3;SG;NEUT	będzie dokonywało
Inflect dokonywać | V;FUT;3;SG;MASC	będzie dokonywał
Inflect dokonywać | V;FUT;1;PL;MASC;HUM	będziemy dokonywali
Inflect dokonywać | V;FUT;2;SG;FEM	będziesz dokonywała
Inflect dokonywać | V.PTCP;PST;ACT;PL	dokonujące
Inflect dokonywać | V.PTCP;PST;ACT;SG;NEUT	dokonujące
Inflect dokonywać | V.CVB	dokonując
Inflect dokonywać | V.PTCP;PST;ACT;PL;MASC;HUM	dokonujący
Inflect dokonywać | V.PTCP;PST;ACT;SG;MASC	dokonujący
Inflect dokonywać | V;IMP;2;PL	dokonujcie
Inflect dokonywać | V;PRS;2;PL	dokonujecie
Inflect dokonywać | V;PRS;2;SG	dokonujesz
Inflect dokonywać | V;PRS;1;SG	dokonuję
Inflect dokonywać | V;IMP;1;PL	dokonujmy
Inflect dokonywać | V;IMP;2;SG	dokonuj
Inflect dokonywać | V;NFIN	dokonywać
Inflect dokonywać | V;COND;1;SG;FEM	dokonywałabym
Inflect dokonywać | V;COND;2;SG;FEM	dokonywałabyś
Inflect dokonywać | V;COND;3;SG;FEM	dokonywałaby
Inflect dokonywać | V;PST;1;SG;FEM	dokonywałam
Inflect dokonywać | V;PST;2;SG;FEM	dokonywałaś
Inflect dokonywać | V;COND;1;SG;MASC	dokonywałbym
Inflect dokonywać | V;COND;2;SG;MASC	dokonywałbyś
Inflect dokonywać | V;COND;3;SG;MASC	dokonywałby
Inflect dokonywać | V;COND;2;PL;MASC;HUM	dokonywalibyście
Inflect dokonywać | V;COND;1;PL;MASC;HUM	dokonywalibyśmy
Inflect dokonywać | V;COND;3;PL;MASC;HUM	dokonywaliby
Inflect dokonywać | V;PST;2;PL;MASC;HUM	dokonywaliście
Inflect dokonywać | V;PST;1;PL;MASC;HUM	dokonywaliśmy
Inflect dokonywać | V;PST;3;PL;MASC;HUM	dokonywali
Inflect dokonywać | V;COND;3;SG;NEUT	dokonywałoby
Inflect dokonywać | V;PST;3;SG;NEUT	dokonywało
Inflect dokonywać | V;COND;2;PL	dokonywałybyście
Inflect dokonywać | V;COND;3;PL	dokonywałyby
Inflect dokonywać | V;PST;2;PL	dokonywałyście
Inflect dokonywać | V;PST;1;PL	dokonywałyśmy
Inflect dokonywać | V;PST;3;PL	dokonywały
Inflect dokonywać | V.PTCP;PST;PASS;SG;FEM	dokonywana
Inflect dokonywać | V.PTCP;PST;PASS;PL	dokonywane
Inflect dokonywać | V.PTCP;PST;PASS;SG;NEUT	dokonywane
Inflect dokonywać | V.MSDR	dokonywanie
Inflect dokonywać | V.PTCP;PST;PASS;PL;MASC;HUM	dokonywani
Inflect dokonywać | V.PTCP;PST;PASS;SG;MASC	dokonywany
Inflect pestka | N;DAT(SG)	pestce
Inflect pestka | N;NOM(SG)	pestka
Inflect pestka | N;ACC(SG)	pestkę
Inflect pestka | N;ACC(PL)	pestki
Inflect pestka | N;GEN(SG)	pestki
Inflect pestka | N;NOM(PL)	pestki
Inflect pestka | N;VOC(PL)	pestki
Inflect pestka | N;DAT(PL)	pestkom
Inflect pestka | N;VOC(SG)	pestko
Inflect pulsar | N;ESS(PL)	pulsarach
Inflect pulsar | N;INS(PL)	pulsarami
Inflect pulsar | N;NOM(SG)	pulsar
Inflect pulsar | N;DAT(SG)	pulsarowi
Inflect pulsar | N;GEN(PL)	pulsarów
Inflect pulsar | N;ACC(PL)	pulsary
Inflect pulsar | N;VOC(PL)	pulsary
Inflect pulsar | N;ESS(SG)	pulsarze
Inflect pulsar | N;VOC(SG)	pulsarze
Inflect bór | N;VOC(SG)	borze
Inflect słitaśny | ADJ;INS(SG,FEM)	słitaśną
Inflect słitaśny | ADJ;NOM(SG,FEM)	słitaśna
Inflect słitaśny | ADJ;ACC(PL)	słitaśne
Inflect słitaśny | ADJ;ACC(SG,NEUT)	słitaśne
Inflect słitaśny | ADJ;NOM(SG,NEUT)	słitaśne
Inflect słitaśny | ADJ;DAT(SG,FEM)	słitaśnej
Inflect słitaśny | ADJ;ESS(SG,FEM)	słitaśnej
Inflect słitaśny | ADJ;DAT(SG,NEUT)	słitaśnemu
Inflect słitaśny | ADJ;NOM(PL,MASC,HUM)	słitaśni
Inflect słitaśny | ADJ;ACC(SG,MASC,INAN)	słitaśny
Inflect słitaśny | ADJ;NOM(SG,MASC)	słitaśny
Inflect słitaśny | ADJ;ESS(PL)	słitaśnych
Inflect słitaśny | ADJ;GEN(PL)	słitaśnych
Inflect słitaśny | ADJ;ESS(SG,NEUT)	słitaśnym
Inflect słitaśny | ADJ;INS(SG,NEUT)	słitaśnym
Inflect słitaśny | ADJ;INS(PL)	słitaśnymi
Inflect klops | N;ESS(PL)	klopsach
Inflect klops | N;INS(PL)	klopsami
Inflect klops | N;ACC(SG)	klopsa
Inflect klops | N;GEN(SG)	klopsa
Inflect klops | N;INS(SG)	klopsem
Inflect klops | N;ESS(SG)	klopsie
Inflect klops | N;VOC(SG)	klopsie
Inflect klops | N;DAT(PL)	klopsom
Inflect klops | N;DAT(SG)	klopsowi
Inflect klops | N;GEN(PL)	klopsów
Inflect klops | N;ACC(PL)	klopsy
Inflect klops | N;NOM(PL)	klopsy
Inflect klops | N;VOC(PL)	klopsy
Inflect kino | N;INS(PL)	kinami
Inflect kino | N;ACC(PL)	kina
Inflect kino | N;GEN(SG)	kina
Inflect kino | N;NOM(PL)	kina
Inflect kino | N;VOC(PL)	kina
Inflect kino | N;ESS(SG)	kinie
Inflect kino | N;GEN(PL)	kin
Inflect kino | N;DAT(PL)	kinom
Inflect kino | N;ACC(SG)	kino
Inflect kino | N;VOC(SG)	kino
Inflect kino | N;DAT(SG)	kinu
Inflect kołowrót | N;ESS(SG)	kołowrocie
Inflect kołowrót | N;VOC(SG)	kołowrocie
Inflect kołowrót | N;INS(PL)	kołowrotami
Inflect kołowrót | N;ACC(SG)	kołowrót
Inflect kołowrót | N;NOM(SG)	kołowrót
Inflect kołowrót | N;DAT(SG)	kołowrotowi
Inflect kołowrót | N;GEN(PL)	kołowrotów
Inflect kołowrót | N;GEN(SG)	kołowrotu
Inflect kryterium | N;ESS(PL)	kryteriach
Inflect kryterium | N;INS(PL)	kryteriami
Inflect kryterium | N;ACC(PL)	kryteria
Inflect kryterium | N;NOM(PL)	kryteria
Inflect kryterium | N;VOC(PL)	kryteria
Inflect kryterium | N;GEN(PL)	kryteriów
Inflect kryterium | N;ACC(SG)	kryterium
Inflect kryterium | N;DAT(SG)	kryterium
Inflect kryterium | N;ESS(SG)	kryterium
Inflect kryterium | N;GEN(SG)	kryterium
Inflect kryterium | N;INS(SG)	kryterium
Inflect kryterium | N;NOM(SG)	kryterium
Inflect bibuła | N;ESS(PL)	bibułach
Inflect bibuła | N;INS(PL)	bibułami
Inflect bibuła | N;INS(SG)	bibułą
Inflect bibuła | N;DAT(SG)	bibule
Inflect bibuła | N;GEN(PL)	bibuł
Inflect bibuła | N;VOC(SG)	bibuło
Inflect bibuła | N;ACC(PL)	bibuły
Inflect bibuła | N;GEN(SG)	bibuły
Inflect bibuła | N;NOM(PL)	bibuły
Inflect bibuła | N;VOC(PL)	bibuły
Inflect laboratorium | N;INS(PL)	laboratoriami
Inflect laboratorium | N;ACC(PL)	laboratoria
Inflect laboratorium | N;NOM(PL)	laboratoria
Inflect laboratorium | N;DAT(PL)	laboratoriom
Inflect laboratorium | N;GEN(PL)	laboratoriów
Inflect laboratorium | N;ACC(SG)	laboratorium
Inflect laboratorium | N;DAT(SG)	laboratorium
Inflect laboratorium | N;ESS(SG)	laboratorium
Inflect laboratorium | N;GEN(SG)	laboratorium
Inflect laboratorium | N;INS(SG)	laboratorium
Inflect laboratorium | N;NOM(SG)	laboratorium
Inflect laboratorium | N;VOC(SG)	laboratorium
Inflect osmański | ADJ;NOM(PL,MASC,HUM)	osmańscy
Inflect osmański | ADJ;ACC(SG,FEM)	osmańską
Inflect osmański | ADJ;INS(SG,FEM)	osmańską
Inflect osmański | ADJ;ACC(SG,MASC,INAN)	osmański
Inflect osmański | ADJ;NOM(SG,MASC)	osmański
Inflect osmański | ADJ;ESS(PL)	osmańskich
Inflect osmański | ADJ;GEN(PL)	osmańskich
Inflect osmański | ADJ;ACC(PL,MASC,HUM)	osmańskich
Inflect osmański | ADJ;ACC(PL)	osmańskie
Inflect osmański | ADJ;ACC(SG,NEUT)	osmańskie
Inflect osmański | ADJ;NOM(SG,NEUT)	osmańskie
Inflect osmański | ADJ;ACC(SG,MASC,ANIM)	osmańskiego
Inflect osmański | ADJ;GEN(SG,MASC)	osmańskiego
Inflect osmański | ADJ;ACC(SG,MASC,HUM)	osmańskiego
Inflect osmański | ADJ;GEN(SG,NEUT)	osmańskiego
Inflect osmański | ADJ;DAT(SG,FEM)	osmańskiej
Inflect osmański | ADJ;ESS(SG,FEM)	osmańskiej
Inflect osmański | ADJ;DAT(SG,MASC)	osmańskiemu
Inflect osmański | ADJ;DAT(SG,NEUT)	osmańskiemu
Inflect osmański | ADJ;ESS(SG,MASC)	osmańskim
Inflect osmański | ADJ;INS(SG,MASC)	osmańskim
Inflect osmański | ADJ;ESS(SG,NEUT)	osmańskim
Inflect nagroda | N;INS(PL)	nagrodami
Inflect nagroda | N;INS(SG)	nagrodą
Inflect nagroda | N;NOM(SG)	nagroda
Inflect nagroda | N;GEN(PL)	nagród
Inflect nagroda | N;DAT(PL)	nagrodom
Inflect nagroda | N;VOC(SG)	nagrodo
Inflect nagroda | N;GEN(SG)	nagrody
Inflect nagroda | N;NOM(PL)	nagrody
Inflect nagroda | N;ESS(SG)	nagrodzie
Inflect piramida | N;ESS(PL)	piramidach
Inflect piramida | N;NOM(SG)	piramida
Inflect piramida | N;ACC(SG)	piramidę
Inflect piramida | N;VOC(SG)	piramido
Inflect piramida | N;ACC(PL)	piramidy
Inflect piramida | N;GEN(SG)	piramidy
Inflect piramida | N;VOC(PL)	piramidy
Inflect piramida | N;DAT(SG)	piramidzie
Inflect doskonalszy | ADJ;NOM(PL,MASC,HUM)	doskonalsi
Inflect doskonalszy | ADJ;ACC(SG,FEM)	doskonalszą
Inflect doskonalszy | ADJ;ACC(PL)	doskonalsze
Inflect doskonalszy | ADJ;ACC(SG,NEUT)	doskonalsze
Inflect doskonalszy | ADJ;NOM(SG,NEUT)	doskonalsze
Inflect doskonalszy | ADJ;NOM(PL)	doskonalsze
Inflect doskonalszy | ADJ;ACC(SG,MASC,ANIM)	doskonalszego
Inflect doskonalszy | ADJ;GEN(SG,MASC)	doskonalszego
Inflect doskonalszy | ADJ;GEN(SG,NEUT)	doskonalszego
Inflect doskonalszy | ADJ;DAT(SG,FEM)	doskonalszej
Inflect doskonalszy | ADJ;ESS(SG,FEM)	doskonalszej
Inflect doskonalszy | ADJ;GEN(SG,FEM)	doskonalszej
Inflect doskonalszy | ADJ;DAT(SG,MASC)	doskonalszemu
Inflect doskonalszy | ADJ;DAT(SG,NEUT)	doskonalszemu
Inflect doskonalszy | ADJ;ACC(SG,MASC,INAN)	doskonalszy
Inflect doskonalszy | ADJ;NOM(SG,MASC)	doskonalszy
Inflect doskonalszy | ADJ;ESS(PL)	doskonalszych
Inflect doskonalszy | ADJ;GEN(PL)	doskonalszych
Inflect doskonalszy | ADJ;ESS(SG,NEUT)	doskonalszym
Inflect doskonalszy | ADJ;INS(SG,NEUT)	doskonalszym
Inflect doskonalszy | ADJ;INS(PL)	doskonalszymi
Inflect tułów | N;GEN(SG)	tułowia
Inflect tułów | N;INS(SG)	tułowiem
Inflect tułów | N;ACC(PL)	tułowie
Inflect tułów | N;VOC(PL)	tułowie
Inflect tułów | N;GEN(PL)	tułowi
Inflect tułów | N;DAT(SG)	tułowiowi
Inflect tułów | N;VOC(SG)	tułowiu
Inflect tułów | N;ACC(SG)	tułów
Inflect tułów | N;NOM(SG)	tułów
Inflect gotowy | ADJ;INS(SG,FEM)	gotową
Inflect gotowy | ADJ;ACC(PL)	gotowe
Inflect gotowy | ADJ;ACC(SG,NEUT)	gotowe
Inflect gotowy | ADJ;ACC(SG,MASC,ANIM)	gotowego
Inflect gotowy | ADJ;GEN(SG,MASC)	gotowego
Inflect gotowy | ADJ;GEN(SG,NEUT)	gotowego
Inflect gotowy | ADJ;DAT(SG,FEM)	gotowej
Inflect gotowy | ADJ;ESS(SG,FEM)	gotowej
Inflect gotowy | ADJ;DAT(SG,MASC)	gotowemu
Inflect gotowy | ADJ;DAT(SG,NEUT)	gotowemu
Inflect gotowy | ADJ;NOM(PL,MASC,HUM)	gotowi
Inflect gotowy | ADJ;NOM(SG,MASC)	gotowy
Inflect gotowy | ADJ;ESS(PL)	gotowych
Inflect gotowy | ADJ;GEN(PL)	gotowych
Inflect gotowy | ADJ;ACC(PL,MASC,HUM)	gotowych
Inflect gotowy | ADJ;DAT(PL)	gotowym
Inflect gotowy | ADJ;ESS(SG,MASC)	gotowym
Inflect gotowy | ADJ;INS(SG,MASC)	gotowym
Inflect gotowy | ADJ;ESS(SG,NEUT)	gotowym
Inflect gotowy | ADJ;INS(SG,NEUT)	gotowym
Inflect górski | ADJ;ACC(SG,FEM)	górską
Inflect górski | ADJ;ACC(SG,MASC,INAN)	górski
Inflect górski | ADJ;NOM(SG,MASC)	górski
Inflect górski | ADJ;ESS(PL)	górskich
Inflect górski | ADJ;GEN(PL)	górskich
Inflect górski | ADJ;ACC(PL)	górskie
Inflect górski | ADJ;ACC(SG,NEUT)	górskie
Inflect górski | ADJ;NOM(PL)	górskie
Inflect górski | ADJ;ACC(SG,MASC,ANIM)	górskiego
Inflect górski | ADJ;GEN(SG,MASC)	górskiego
Inflect górski | ADJ;ACC(SG,MASC,HUM)	górskiego
Inflect górski | ADJ;GEN(SG,NEUT)	górskiego
Inflect górski | ADJ;DAT(SG,FEM)	górskiej
Inflect górski | ADJ;ESS(SG,FEM)	górskiej
Inflect górski | ADJ;GEN(SG,FEM)	górskiej
Inflect górski | ADJ;DAT(SG,MASC)	górskiemu
Inflect górski | ADJ;DAT(SG,NEUT)	górskiemu
Inflect górski | ADJ;DAT(PL)	górskim
Inflect górski | ADJ;ESS(SG,MASC)	górskim
Inflect górski | ADJ;INS(SG,MASC)	górskim
Inflect górski | ADJ;ESS(SG,NEUT)	górskim
Inflect górski | ADJ;INS(SG,NEUT)	górskim
Inflect górski | ADJ;INS(PL)	górskimi
Inflect kręgowiec | N;ESS(PL)	kręgowcach
Inflect kręgowiec | N;INS(PL)	kręgowcami
Inflect kręgowiec | N;ACC(SG)	kręgowca
Inflect kręgowiec | N;GEN(SG)	kręgowca
Inflect kręgowiec | N;INS(SG)	kręgowcem
Inflect kręgowiec | N;ACC(PL)	kręgowce
Inflect kręgowiec | N;NOM(PL)	kręgowce
Inflect kręgowiec | N;VOC(PL)	kręgowce
Inflect kręgowiec | N;DAT(PL)	kręgowcom
Inflect kręgowiec | N;DAT(SG)	kręgowcowi
Inflect kręgowiec | N;GEN(PL)	kręgowców
Inflect kręgowiec | N;VOC(SG)	kręgowcu
Inflect kręgowiec | N;NOM(SG)	kręgowiec
Inflect melancholik | N;NOM(PL)	melancholicy
Inflect melancholik | N;VOC(PL)	melancholicy
Inflect melancholik | N;ESS(PL)	melancholikach
Inflect melancholik | N;GEN(SG)	melancholika
Inflect melancholik | N;INS(SG)	melancholikiem
Inflect melancholik | N;NOM(SG)	melancholik
Inflect melancholik | N;DAT(PL)	melancholikom
Inflect melancholik | N;DAT(SG)	melancholikowi
Inflect melancholik | N;GEN(PL)	melancholików
Inflect melancholik | N;ESS(SG)	melancholiku
Inflect melancholik | N;VOC(SG)	melancholiku
Inflect krótkometrażowy | ADJ;ACC(SG,FEM)	krótkometrażową
Inflect krótkometrażowy | ADJ;INS(SG,FEM)	krótkometrażową
Inflect krótkometrażowy | ADJ;NOM(SG,FEM)	krótkometrażowa
Inflect krótkometrażowy | ADJ;ACC(PL)	krótkometrażowe
Inflect krótkometrażowy | ADJ;ACC(SG,NEUT)	krótkometrażowe
Inflect krótkometrażowy | ADJ;NOM(SG,NEUT)	krótkometrażowe
Inflect krótkometrażowy | ADJ;ACC(SG,MASC,ANIM)	krótkometrażowego
Inflect krótkometrażowy | ADJ;ACC(SG,MASC,HUM)	krótkometrażowego
Inflect krótkometrażowy | ADJ;GEN(SG,NEUT)	krótkometrażowego
Inflect krótkometrażowy | ADJ;DAT(SG,FEM)	krótkometrażowej
Inflect krótkometrażowy | ADJ;ESS(SG,FEM)	krótkometrażowej
Inflect krótkometrażowy | ADJ;GEN(SG,FEM)	krótkometrażowej
Inflect krótkometrażowy | ADJ;DAT(SG,NEUT)	krótkometrażowemu
Inflect krótkometrażowy | ADJ;NOM(PL,MASC,HUM)	krótkometrażowi
Inflect krótkometrażowy | ADJ;ACC(SG,MASC,INAN)	krótkometrażowy
Inflect krótkometrażowy | ADJ;NOM(SG,MASC)	krótkometrażowy
Inflect krótkometrażowy | ADJ;ESS(PL)	krótkometrażowych
Inflect krótkometrażowy | ADJ;GEN(PL)	krótkometrażowych
Inflect krótkometrażowy | ADJ;ACC(PL,MASC,HUM)	krótkometrażowych
Inflect krótkometrażowy | ADJ;DAT(PL)	krótkometrażowym
Inflect krótkometrażowy | ADJ;ESS(SG,MASC)	krótkometrażowym
Inflect krótkometrażowy | ADJ;ESS(SG,NEUT)	krótkometrażowym
Inflect krótkometrażowy | ADJ;INS(SG,NEUT)	krótkometrażowym
Inflect krótkometrażowy | ADJ;INS(PL)	krótkometrażowymi
Inflect epitafium | N;ESS(PL)	epitafiach
Inflect epitafium | N;INS(PL)	epitafiami
Inflect epitafium | N;ACC(PL)	epitafia
Inflect epitafium | N;NOM(PL)	epitafia
Inflect epitafium | N;GEN(PL)	epitafiów
Inflect epitafium | N;ACC(SG)	epitafium
Inflect epitafium | N;ESS(SG)	epitafium
Inflect epitafium | N;GEN(SG)	epitafium
Inflect epitafium | N;INS(SG)	epitafium
Inflect epitafium | N;NOM(SG)	epitafium
Inflect epitafium | N;VOC(SG)	epitafium
Inflect jerzyk | N;ACC(SG)	jerzyka
Inflect jerzyk | N;GEN(SG)	jerzyka
Inflect jerzyk | N;INS(SG)	jerzykiem
Inflect jerzyk | N;ACC(PL)	jerzyki
Inflect jerzyk | N;NOM(PL)	jerzyki
Inflect jerzyk | N;NOM(SG)	jerzyk
Inflect jerzyk | N;DAT(PL)	jerzykom
Inflect jerzyk | N;DAT(SG)	jerzykowi
Inflect jerzyk | N;GEN(PL)	jerzyków
Inflect jerzyk | N;ESS(SG)	jerzyku
Inflect jerzyk | N;VOC(SG)	jerzyku
Inflect rzeczoznawca | N;ESS(PL)	rzeczoznawcach
Inflect rzeczoznawca | N;INS(PL)	rzeczoznawcami
Inflect rzeczoznawca | N;NOM(SG)	rzeczoznawca
Inflect rzeczoznawca | N;ACC(SG)	rzeczoznawcę
Inflect rzeczoznawca | N;DAT(PL)	rzeczoznawcom
Inflect rzeczoznawca | N;VOC(SG)	rzeczoznawco
Inflect rzeczoznawca | N;GEN(PL)	rzeczoznawców
Inflect rzeczoznawca | N;ESS(SG)	rzeczoznawcy
Inflect rzeczoznawca | N;NOM(PL)	rzeczoznawcy
Inflect rzeczoznawca | N;VOC(PL)	rzeczoznawcy
Inflect edykt | N;ESS(SG)	edykcie
Inflect edykt | N;ESS(PL)	edyktach
Inflect edykt | N;INS(PL)	edyktami
Inflect edykt | N;INS(SG)	edyktem
Inflect edykt | N;ACC(SG)	edykt
Inflect edykt | N;NOM(SG)	edykt
Inflect edykt | N;GEN(PL)	edyktów
Inflect edykt | N;GEN(SG)	edyktu
Inflect edykt | N;ACC(PL)	edykty
Inflect edykt | N;NOM(PL)	edykty
Inflect edykt | N;VOC(PL)	edykty
Inflect brzoza | N;ESS(PL)	brzozach
Inflect brzoza | N;INS(SG)	brzozą
Inflect brzoza | N;NOM(SG)	brzoza
Inflect brzoza | N;ESS(SG)	brzozie
Inflect brzoza | N;DAT(PL)	brzozom
Inflect brzoza | N;ACC(PL)	brzozy
Inflect brzoza | N;GEN(SG)	brzozy
Inflect brzoza | N;NOM(PL)	brzozy
Inflect wiciokrzew | N;ESS(PL)	wiciokrzewach
Inflect wiciokrzew | N;INS(PL)	wiciokrzewami
Inflect wiciokrzew | N;INS(SG)	wiciokrzewem
Inflect wiciokrzew | N;VOC(SG)	wiciokrzewie
Inflect wiciokrzew | N;ACC(SG)	wiciokrzew
Inflect wiciokrzew | N;DAT(PL)	wiciokrzewom
Inflect wiciokrzew | N;GEN(PL)	wiciokrzewów
Inflect wiciokrzew | N;ACC(PL)	wiciokrzewy
Inflect wiciokrzew | N;VOC(PL)	wiciokrzewy
Inflect bór | N;GEN(SG)	boru
Inflect bór | N;ACC(PL)	bory
Inflect bór | N;NOM(PL)	bory
Inflect bór | N;VOC(PL)	bory
Inflect kieszonkowiec | N;ESS(PL)	kieszonkowcach
Inflect kieszonkowiec | N;INS(PL)	kieszonkowcami
Inflect kieszonkowiec | N;INS(SG)	kieszonkowcem
Inflect kieszonkowiec | N;DAT(PL)	kieszonkowcom
Inflect kieszonkowiec | N;DAT(SG)	kieszonkowcowi
Inflect kieszonkowiec | N;ACC(PL)	kieszonkowców
Inflect kieszonkowiec | N;GEN(PL)	kieszonkowców
Inflect kieszonkowiec | N;VOC(SG)	kieszonkowcu
Inflect kieszonkowiec | N;NOM(PL)	kieszonkowcy
Inflect kieszonkowiec | N;VOC(PL)	kieszonkowcy
Inflect kieszonkowiec | N;NOM(SG)	kieszonkowiec
Inflect nawóz | N;INS(PL)	nawozami
Inflect nawóz | N;INS(SG)	nawozem
Inflect nawóz | N;ESS(SG)	nawozie
Inflect nawóz | N;VOC(SG)	nawozie
Inflect nawóz | N;ACC(SG)	nawóz
Inflect nawóz | N;NOM(SG)	nawóz
Inflect nawóz | N;DAT(PL)	nawozom
Inflect nawóz | N;GEN(SG)	nawozu
Inflect nawóz | N;ACC(PL)	nawozy
Inflect nawóz | N;VOC(PL)	nawozy
Inflect praporządek | N;ACC(SG)	praporządek
Inflect praporządek | N;NOM(SG)	praporządek
Inflect praporządek | N;INS(PL)	praporządkami
Inflect praporządek | N;INS(SG)	praporządkiem
Inflect praporządek | N;VOC(PL)	praporządki
Inflect praporządek | N;DAT(SG)	praporządkowi
Inflect praporządek | N;GEN(PL)	praporządków
Inflect praporządek | N;ESS(SG)	praporządku
Inflect praporządek | N;GEN(SG)	praporządku
Inflect praporządek | N;VOC(SG)	praporządku
Inflect dżuma | N;ESS(PL)	dżumach
Inflect dżuma | N;INS(SG)	dżumą
Inflect dżuma | N;NOM(SG)	dżuma
Inflect dżuma | N;ACC(SG)	dżumę
Inflect dżuma | N;ESS(SG)	dżumie
Inflect dżuma | N;GEN(PL)	dżum
Inflect dżuma | N;DAT(PL)	dżumom
Inflect dżuma | N;VOC(SG)	dżumo
Inflect dżuma | N;ACC(PL)	dżumy
Inflect dżuma | N;GEN(SG)	dżumy
Inflect dżuma | N;NOM(PL)	dżumy
Inflect uciekanie | N;INS(SG)	uciekaniem
Inflect uciekanie | N;ACC(SG)	uciekanie
Inflect uciekanie | N;DAT(SG)	uciekaniu
Inflect sad | N;ESS(SG)	sadzie
Inflect radiolog | N;NOM(PL)	radiolodzy
Inflect radiolog | N;ESS(PL)	radiologach
Inflect radiolog | N;INS(PL)	radiologami
Inflect radiolog | N;ACC(SG)	radiologa
Inflect radiolog | N;GEN(SG)	radiologa
Inflect radiolog | N;INS(SG)	radiologiem
Inflect radiolog | N;NOM(SG)	radiolog
Inflect radiolog | N;DAT(PL)	radiologom
Inflect radiolog | N;DAT(SG)	radiologowi
Inflect radiolog | N;ACC(PL)	radiologów
Inflect radiolog | N;GEN(PL)	radiologów
Inflect radiolog | N;VOC(SG)	radiologu
Inflect baran | N;GEN(SG)	barana
Inflect baran | N;ESS(SG)	baranie
Inflect baran | N;VOC(SG)	baranie
Inflect baran | N;NOM(SG)	baran
Inflect baran | N;DAT(SG)	baranowi
Inflect baran | N;ACC(PL)	barany
Inflect baran | N;VOC(PL)	barany
Inflect półka | N;INS(PL)	półkami
Inflect brzuszek | N;INS(PL)	brzuszkami
Inflect brzuszek | N;GEN(SG)	brzuszka
Inflect brzuszek | N;ACC(PL)	brzuszki
Inflect brzuszek | N;NOM(PL)	brzuszki
Inflect brzuszek | N;DAT(PL)	brzuszkom
Inflect brzuszek | N;DAT(SG)	brzuszkowi
Inflect brzuszek | N;GEN(PL)	brzuszków
Inflect brzuszek | N;VOC(SG)	brzuszku
Inflect żerdka | N;DAT(SG)	żerdce
Inflect żerdka | N;ESS(SG)	żerdce
Inflect żerdka | N;ESS(PL)	żerdkach
Inflect żerdka | N;INS(PL)	żerdkami
Inflect żerdka | N;INS(SG)	żerdką
Inflect żerdka | N;NOM(SG)	żerdka
Inflect żerdka | N;GEN(SG)	żerdki
Inflect żerdka | N;NOM(PL)	żerdki
Inflect żerdka | N;VOC(PL)	żerdki
Inflect żerdka | N;DAT(PL)	żerdkom
Inflect żerdka | N;VOC(SG)	żerdko
Inflect kształt | N;ESS(SG)	kształcie
Inflect kształt | N;VOC(SG)	kształcie
Inflect kształt | N;ESS(PL)	kształtach
Inflect kształt | N;INS(PL)	kształtami
Inflect kształt | N;INS(SG)	kształtem
Inflect kształt | N;NOM(SG)	kształt
Inflect kształt | N;DAT(PL)	kształtom
Inflect kształt | N;DAT(SG)	kształtowi
Inflect kształt | N;GEN(PL)	kształtów
Inflect kształt | N;GEN(SG)	kształtu
Inflect kształt | N;NOM(PL)	kształty
Inflect kształt | N;VOC(PL)	kształty
Inflect pokrzywa | N;INS(PL)	pokrzywami
Inflect pokrzywa | N;INS(SG)	pokrzywą
Inflect pokrzywa | N;ACC(SG)	pokrzywę
Inflect pokrzywa | N;DAT(SG)	pokrzywie
Inflect pokrzywa | N;GEN(PL)	pokrzyw
Inflect pokrzywa | N;VOC(SG)	pokrzywo
Inflect pokrzywa | N;NOM(PL)	pokrzywy
Inflect gruszka | N;DAT(SG)	gruszce
Inflect gruszka | N;ESS(SG)	gruszce
Inflect gruszka | N;ESS(PL)	gruszkach
Inflect gruszka | N;INS(PL)	gruszkami
Inflect gruszka | N;INS(SG)	gruszką
Inflect gruszka | N;NOM(SG)	gruszka
Inflect gruszka | N;ACC(SG)	gruszkę
Inflect gruszka | N;ACC(PL)	gruszki
Inflect gruszka | N;GEN(SG)	gruszki
Inflect gruszka | N;VOC(PL)	gruszki
Inflect gruszka | N;DAT(PL)	gruszkom
Inflect arsen | N;INS(SG)	arsenem
Inflect arsen | N;ESS(SG)	arsenie
Inflect arsen | N;ACC(SG)	arsen
Inflect arsen | N;DAT(SG)	arsenowi
Inflect arsen | N;GEN(SG)	arsenu
Inflect obszerny | ADJ;ACC(SG,FEM)	obszerną
Inflect obszerny | ADJ;INS(SG,FEM)	obszerną
Inflect obszerny | ADJ;NOM(SG,FEM)	obszerna
Inflect obszerny | ADJ;ACC(PL)	obszerne
Inflect obszerny | ADJ;ACC(SG,NEUT)	obszerne
Inflect obszerny | ADJ;NOM(SG,NEUT)	obszerne
Inflect obszerny | ADJ;NOM(PL)	obszerne
Inflect obszerny | ADJ;ACC(SG,MASC,ANIM)	obszernego
Inflect obszerny | ADJ;GEN(SG,MASC)	obszernego
Inflect obszerny | ADJ;ACC(SG,MASC,HUM)	obszernego
Inflect obszerny | ADJ;DAT(SG,FEM)	obszernej
Inflect obszerny | ADJ;GEN(SG,FEM)	obszernej
Inflect obszerny | ADJ;DAT(SG,NEUT)	obszernemu
Inflect obszerny | ADJ;ACC(SG,MASC,INAN)	obszerny
Inflect obszerny | ADJ;NOM(SG,MASC)	obszerny
Inflect obszerny | ADJ;GEN(PL)	obszernych
Inflect obszerny | ADJ;DAT(PL)	obszernym
Inflect obszerny | ADJ;ESS(SG,MASC)	obszernym
Inflect obszerny | ADJ;INS(SG,MASC)	obszernym
Inflect obszerny | ADJ;ESS(SG,NEUT)	obszernym
Inflect obszerny | ADJ;INS(SG,NEUT)	obszernym
Inflect obszerny | ADJ;INS(PL)	obszernymi
Inflect cycek | N;ACC(SG)	cycek
Inflect cycek | N;ESS(PL)	cyckach
Inflect cycek | N;INS(PL)	cyckami
Inflect cycek | N;GEN(SG)	cycka
Inflect cycek | N;INS(SG)	cyckiem
Inflect cycek | N;ACC(PL)	cycki
Inflect cycek | N;NOM(PL)	cycki
Inflect cycek | N;DAT(PL)	cyckom
Inflect cycek | N;DAT(SG)	cyckowi
Inflect cycek | N;GEN(PL)	cycków
Inflect cycek | N;ESS(SG)	cycku
Inflect cycek | N;VOC(SG)	cycku
Inflect zaświaty | N;ESS(SG)	zaświatach
Inflect zaświaty | N;INS(SG)	zaświatami
Inflect zaświaty | N;DAT(SG)	zaświatom
Inflect zaświaty | N;GEN(SG)	zaświatów
Inflect zaświaty | N;ACC(SG)	zaświaty
Inflect zaświaty | N;NOM(SG)	zaświaty
Inflect zaświaty | N;VOC(SG)	zaświaty
Inflect kurek | N;ACC(SG)	kurek
Inflect kurek | N;NOM(SG)	kurek
Inflect kurek | N;ESS(PL)	kurkach
Inflect kurek | N;INS(PL)	kurkami
Inflect kurek | N;GEN(SG)	kurka
Inflect kurek | N;INS(SG)	kurkiem
Inflect kurek | N;ACC(PL)	kurki
Inflect kurek | N;NOM(PL)	kurki
Inflect kurek | N;VOC(PL)	kurki
Inflect kurek | N;DAT(PL)	kurkom
Inflect kurek | N;GEN(PL)	kurków
Inflect kurek | N;ESS(SG)	kurku
Inflect kurek | N;VOC(SG)	kurku
Inflect sosna | N;INS(SG)	sosną
Inflect sosna | N;NOM(SG)	sosna
Inflect sosna | N;DAT(SG)	sośnie
Inflect sosna | N;ESS(SG)	sośnie
Inflect sosna | N;ACC(PL)	sosny
Inflect sosna | N;GEN(SG)	sosny
Inflect sosna | N;NOM(PL)	sosny
Inflect sosna | N;VOC(PL)	sosny
Inflect amulet | N;ESS(SG)	amulecie
Inflect amulet | N;VOC(SG)	amulecie
Inflect amulet | N;ESS(PL)	amuletach
Inflect amulet | N;INS(PL)	amuletami
Inflect amulet | N;INS(SG)	amuletem
Inflect amulet | N;NOM(SG)	amulet
Inflect amulet | N;DAT(PL)	amuletom
Inflect amulet | N;GEN(PL)	amuletów
Inflect amulet | N;GEN(SG)	amuletu
Inflect amulet | N;VOC(PL)	amulety
Inflect pielgrzymka | N;DAT(SG)	pielgrzymce
Inflect pielgrzymka | N;ESS(SG)	pielgrzymce
Inflect pielgrzymka | N;GEN(PL)	pielgrzymek
Inflect pielgrzymka | N;ESS(PL)	pielgrzymkach
Inflect pielgrzymka | N;INS(PL)	pielgrzymkami
Inflect pielgrzymka | N;INS(SG)	pielgrzymką
Inflect pielgrzymka | N;NOM(SG)	pielgrzymka
Inflect pielgrzymka | N;ACC(SG)	pielgrzymkę
Inflect pielgrzymka | N;GEN(SG)	pielgrzymki
Inflect pielgrzymka | N;NOM(PL)	pielgrzymki
Inflect pielgrzymka | N;VOC(PL)	pielgrzymki
Inflect pielgrzymka | N;DAT(PL)	pielgrzymkom
Inflect pielgrzymka | N;VOC(SG)	pielgrzymko
Inflect dzięcielina | N;INS(PL)	dzięcielinami
Inflect dzięcielina | N;NOM(SG)	dzięcielina
Inflect dzięcielina | N;ACC(SG)	dzięcielinę
Inflect dzięcielina | N;DAT(SG)	dzięcielinie
Inflect dzięcielina | N;ESS(SG)	dzięcielinie
Inflect dzięcielina | N;DAT(PL)	dzięcielinom
Inflect dzięcielina | N;VOC(SG)	dzięcielino
Inflect dzięcielina | N;GEN(SG)	dzięcieliny
Inflect dzięcielina | N;NOM(PL)	dzięcieliny
Inflect dzięcielina | N;VOC(PL)	dzięcieliny
Inflect łysy | ADJ;ACC(SG,FEM)	łysą
Inflect łysy | ADJ;INS(SG,FEM)	łysą
Inflect łysy | ADJ;NOM(SG,FEM)	łysa
Inflect łysy | ADJ;ACC(PL)	łyse
Inflect łysy | ADJ;ACC(SG,NEUT)	łyse
Inflect łysy | ADJ;NOM(SG,NEUT)	łyse
Inflect łysy | ADJ;NOM(PL)	łyse
Inflect łysy | ADJ;ACC(SG,MASC,ANIM)	łysego
Inflect łysy | ADJ;GEN(SG,MASC)	łysego
Inflect łysy | ADJ;ACC(SG,MASC,HUM)	łysego
Inflect łysy | ADJ;DAT(SG,FEM)	łysej
Inflect łysy | ADJ;ESS(SG,FEM)	łysej
Inflect łysy | ADJ;DAT(SG,MASC)	łysemu
Inflect łysy | ADJ;DAT(SG,NEUT)	łysemu
Inflect łysy | ADJ;ACC(SG,MASC,INAN)	łysy
Inflect łysy | ADJ;NOM(SG,MASC)	łysy
Inflect łysy | ADJ;ESS(PL)	łysych
Inflect łysy | ADJ;GEN(PL)	łysych
Inflect łysy | ADJ;DAT(PL)	łysym
Inflect łysy | ADJ;ESS(SG,MASC)	łysym
Inflect łysy | ADJ;ESS(SG,NEUT)	łysym
Inflect łysy | ADJ;INS(PL)	łysymi
Inflect socjalista | N;ESS(SG)	socjaliście
Inflect socjalista | N;NOM(PL)	socjaliści
Inflect socjalista | N;ESS(PL)	socjalistach
Inflect socjalista | N;INS(SG)	socjalistą
Inflect socjalista | N;ACC(SG)	socjalistę
Inflect socjalista | N;DAT(PL)	socjalistom
Inflect socjalista | N;VOC(SG)	socjalisto
Inflect socjalista | N;ACC(PL)	socjalistów
Inflect socjalista | N;GEN(PL)	socjalistów
Inflect socjalista | N;GEN(SG)	socjalisty
Inflect cukiereczek | N;NOM(SG)	cukiereczek
Inflect cukiereczek | N;ESS(PL)	cukiereczkach
Inflect cukiereczek | N;INS(PL)	cukiereczkami
Inflect cukiereczek | N;GEN(SG)	cukiereczka
Inflect cukiereczek | N;INS(SG)	cukiereczkiem
Inflect cukiereczek | N;VOC(PL)	cukiereczki
Inflect cukiereczek | N;DAT(PL)	cukiereczkom
Inflect cukiereczek | N;DAT(SG)	cukiereczkowi
Inflect cukiereczek | N;GEN(PL)	cukiereczków
Inflect cukiereczek | N;ESS(SG)	cukiereczku
Inflect cukiereczek | N;VOC(SG)	cukiereczku
Inflect hydrostatyczny | ADJ;ACC(SG,FEM)	hydrostatyczną
Inflect hydrostatyczny | ADJ;NOM(SG,FEM)	hydrostatyczna
Inflect hydrostatyczny | ADJ;ACC(PL)	hydrostatyczne
Inflect hydrostatyczny | ADJ;ACC(SG,NEUT)	hydrostatyczne
Inflect hydrostatyczny | ADJ;ACC(SG,MASC,ANIM)	hydrostatycznego
Inflect hydrostatyczny | ADJ;ACC(SG,MASC,HUM)	hydrostatycznego
Inflect hydrostatyczny | ADJ;GEN(SG,NEUT)	hydrostatycznego
Inflect hydrostatyczny | ADJ;ESS(SG,FEM)	hydrostatycznej
Inflect hydrostatyczny | ADJ;GEN(SG,FEM)	hydrostatycznej
Inflect hydrostatyczny | ADJ;DAT(SG,MASC)	hydrostatycznemu
Inflect hydrostatyczny | ADJ;DAT(SG,NEUT)	hydrostatycznemu
Inflect hydrostatyczny | ADJ;NOM(PL,MASC,HUM)	hydrostatyczni
Inflect hydrostatyczny | ADJ;ACC(SG,MASC,INAN)	hydrostatyczny
Inflect hydrostatyczny | ADJ;NOM(SG,MASC)	hydrostatyczny
Inflect hydrostatyczny | ADJ;ESS(PL)	hydrostatycznych
Inflect hydrostatyczny | ADJ;DAT(PL)	hydrostatycznym
Inflect hydrostatyczny | ADJ;ESS(SG,MASC)	hydrostatycznym
Inflect hydrostatyczny | ADJ;INS(SG,NEUT)	hydrostatycznym
Inflect hydrostatyczny | ADJ;INS(PL)	hydrostatycznymi
Inflect tłumacz | N;ACC(SG)	tłumacza
Inflect tłumacz | N;GEN(SG)	tłumacza
Inflect tłumacz | N;INS(SG)	tłumaczem
Inflect tłumacz | N;VOC(PL)	tłumacze
Inflect tłumacz | N;DAT(PL)	tłumaczom
Inflect tłumacz | N;DAT(SG)	tłumaczowi
Inflect tłumacz | N;ESS(SG)	tłumaczu
Inflect tłumacz | N;VOC(SG)	tłumaczu
Inflect tłumacz | N;ACC(PL)	tłumaczy
Inflect tłumacz | N;GEN(PL)	tłumaczy
Inflect stadło | N;GEN(PL)	stadeł
Inflect stadło | N;ESS(PL)	stadłach
Inflect stadło | N;INS(PL)	stadłami
Inflect stadło | N;ACC(PL)	stadła
Inflect stadło | N;GEN(SG)	stadła
Inflect stadło | N;NOM(PL)	stadła
Inflect stadło | N;VOC(PL)	stadła
Inflect stadło | N;INS(SG)	stadłem
Inflect stadło | N;ESS(SG)	stadle
Inflect stadło | N;DAT(PL)	stadłom
Inflect stadło | N;NOM(SG)	stadło
Inflect stadło | N;VOC(SG)	stadło
Inflect wredniejszy | ADJ;NOM(PL,MASC,HUM)	wredniejsi
Inflect wredniejszy | ADJ;ACC(PL)	wredniejsze
Inflect wredniejszy | ADJ;ACC(SG,NEUT)	wredniejsze
Inflect wredniejszy | ADJ;NOM(SG,NEUT)	wredniejsze
Inflect wredniejszy | ADJ;NOM(PL)	wredniejsze
Inflect wredniejszy | ADJ;ACC(SG,MASC,ANIM)	wredniejszego
Inflect wredniejszy | ADJ;GEN(SG,MASC)	wredniejszego
Inflect wredniejszy | ADJ;DAT(SG,FEM)	wredniejszej
Inflect wredniejszy | ADJ;ESS(SG,FEM)	wredniejszej
Inflect wredniejszy | ADJ;GEN(SG,FEM)	wredniejszej
Inflect wredniejszy | ADJ;DAT(SG,MASC)	wredniejszemu
Inflect wredniejszy | ADJ;DAT(SG,NEUT)	wredniejszemu
Inflect wredniejszy | ADJ;ACC(SG,MASC,INAN)	wredniejszy
Inflect wredniejszy | ADJ;NOM(SG,MASC)	wredniejszy
Inflect wredniejszy | ADJ;ESS(PL)	wredniejszych
Inflect wredniejszy | ADJ;ACC(PL,MASC,HUM)	wredniejszych
Inflect wredniejszy | ADJ;DAT(PL)	wredniejszym
Inflect wredniejszy | ADJ;ESS(SG,MASC)	wredniejszym
Inflect wredniejszy | ADJ;ESS(SG,NEUT)	wredniejszym
Inflect wredniejszy | ADJ;INS(SG,NEUT)	wredniejszym
Inflect wredniejszy | ADJ;INS(PL)	wredniejszymi
Inflect wydostawać się | V;FUT;3;PL;MASC;HUM	będą wydostawali
Inflect wydostawać się | V;FUT;1;SG;FEM	będę wydostawała
Inflect wydostawać się | V;FUT;2;PL	będziecie wydostawały
Inflect wydostawać się | V;FUT;1;PL;MASC;HUM	będziemy wydostawali
Inflect wydostawać się | V;FUT;1;PL	będziemy wydostawały
Inflect wydostawać się | V;FUT;2;SG;FEM	będziesz wydostawała
Inflect wydostawać się | V;FUT;2;SG;MASC	będziesz wydostawał
Inflect wydostawać się | V;FUT;3;SG;FEM	będzie wydostawała
Inflect wydostawać się | V;FUT;3;SG;NEUT	będzie wydostawało
Inflect wydostawać się | V;FUT;3;SG;MASC	będzie wydostawał
Inflect wydostawać się | V;IMP;3;PL	niech wydostają
Inflect wydostawać się | V;IMP;3;SG	niech wydostaje
Inflect wydostawać się | V.PTCP;PST;ACT;PL	wydostające
Inflect wydostawać się | V.PTCP;PST;ACT;SG;NEUT	wydostające
Inflect wydostawać się | V.CVB	wydostając
Inflect wydostawać się | V;PRS;3;PL	wydostają
Inflect wydostawać się | V;PRS;2;PL	wydostajecie
Inflect wydostawać się | V;PRS;1;PL	wydostajemy
Inflect wydostawać się | V;PRS;2;SG	wydostajesz
Inflect wydostawać się | V;NFIN	wydostawać
Inflect wydostawać się | V;IMP;2;PL	wydostawajcie
Inflect wydostawać się | V;IMP;1;PL	wydostawajmy
Inflect wydostawać się | V;IMP;2;SG	wydostawaj
Inflect wydostawać się | V;COND;1;SG;FEM	wydostawałabym
Inflect wydostawać się | V;COND;2;SG;FEM	wydostawałabyś
Inflect wydostawać się | V;PST;1;SG;FEM	wydostawałam
Inflect wydostawać się | V;PST;3;SG;FEM	wydostawała
Inflect wydostawać się | V;COND;2;SG;MASC	wydostawałbyś
Inflect wydostawać się | V;PST;1;SG;MASC	wydostawałem
Inflect wydostawać się | V;PST;2;SG;MASC	wydostawałeś
Inflect wydostawać się | V;COND;2;PL;MASC;HUM	wydostawalibyście
Inflect wydostawać się | V;COND;1;PL;MASC;HUM	wydostawalibyśmy
Inflect wydostawać się | V;COND;3;PL;MASC;HUM	wydostawaliby
Inflect wydostawać się | V;PST;3;PL;MASC;HUM	wydostawali
Inflect wydostawać się | V;PST;3;SG;MASC	wydostawał
Inflect wydostawać się | V;COND;2;PL	wydostawałybyście
Inflect wydostawać się | V;COND;1;PL	wydostawałybyśmy
Inflect wydostawać się | V;PST;2;PL	wydostawałyście
Inflect wydostawać się | V;PST;1;PL	wydostawałyśmy
Inflect wydostawać się | V;PST;3;PL	wydostawały
Inflect wydostawać się | V.MSDR	wydostawanie
Inflect wydostawać się | V.PTCP;PST;PASS	wydostawano
Inflect trance | N;INS(SG)	trance'em
Inflect trance | N;NOM(SG)	trance
Inflect trance | N;GEN(SG)	trance'u
Inflect trance | N;ESS(SG)	transie
Inflect trance | N;VOC(SG)	transie
Inflect litewski | ADJ;NOM(PL,MASC,HUM)	litewscy
Inflect litewski | ADJ;ACC(SG,FEM)	litewską
Inflect litewski | ADJ;INS(SG,FEM)	litewską
Inflect litewski | ADJ;NOM(SG,FEM)	litewska
Inflect litewski | ADJ;ACC(SG,MASC,INAN)	litewski
Inflect litewski | ADJ;ESS(PL)	litewskich
Inflect litewski | ADJ;GEN(PL)	litewskich
Inflect litewski | ADJ;ACC(PL)	litewskie
Inflect litewski | ADJ;NOM(SG,NEUT)	litewskie
Inflect litewski | ADJ;ACC(SG,MASC,ANIM)	litewskiego
Inflect litewski | ADJ;GEN(SG,MASC)	litewskiego
Inflect litewski | ADJ;ACC(SG,MASC,HUM)	litewskiego
Inflect litewski | ADJ;GEN(SG,FEM)	litewskiej
Inflect litewski | ADJ;DAT(SG,NEUT)	litewskiemu
Inflect litewski | ADJ;DAT(PL)	litewskim
Inflect litewski | ADJ;ESS(SG,MASC)	litewskim
Inflect litewski | ADJ;INS(SG,MASC)	litewskim
Inflect litewski | ADJ;ESS(SG,NEUT)	litewskim
Inflect litewski | ADJ;INS(SG,NEUT)	litewskim
Inflect zwierzę | N;GEN(PL)	zwierząt
Inflect zwierzę | N;GEN(SG)	zwierzęcia
Inflect zwierzę | N;INS(SG)	zwierzęciem
Inflect zwierzę | N;DAT(SG)	zwierzęciu
Inflect zwierzę | N;ESS(SG)	zwierzęciu
Inflect zwierzę | N;NOM(SG)	zwierzę
Inflect zwierzę | N;VOC(SG)	zwierzę
Inflect zwierzę | N;ESS(PL)	zwierzętach
Inflect zwierzę | N;NOM(PL)	zwierzęta
Inflect zwierzę | N;VOC(PL)	zwierzęta
Inflect zwierzę | N;DAT(PL)	zwierzętom
Inflect antytrynitaryzm | N;INS(SG)	antytrynitaryzmem
Inflect antytrynitaryzm | N;ESS(SG)	antytrynitaryzmie
Inflect antytrynitaryzm | N;VOC(SG)	antytrynitaryzmie
Inflect antytrynitaryzm | N;ACC(SG)	antytrynitaryzm
Inflect antytrynitaryzm | N;NOM(SG)	antytrynitaryzm
Inflect szczawik | N;ESS(PL)	szczawikach
Inflect szczawik | N;INS(SG)	szczawikiem
Inflect szczawik | N;ACC(PL)	szczawiki
Inflect szczawik | N;NOM(PL)	szczawiki
Inflect szczawik | N;VOC(PL)	szczawiki
Inflect szczawik | N;ACC(SG)	szczawik
Inflect szczawik | N;NOM(SG)	szczawik
Inflect szczawik | N;DAT(PL)	szczawikom
Inflect szczawik | N;DAT(SG)	szczawikowi
Inflect szczawik | N;GEN(PL)	szczawików
Inflect szczawik | N;ESS(SG)	szczawiku
Inflect szczawik | N;GEN(SG)	szczawiku
Inflect szczawik | N;VOC(SG)	szczawiku
Inflect znaczny | ADJ;ACC(SG,FEM)	znaczną
Inflect znaczny | ADJ;INS(SG,FEM)	znaczną
Inflect znaczny | ADJ;NOM(SG,FEM)	znaczna
Inflect znaczny | ADJ;ACC(SG,NEUT)	znaczne
Inflect znaczny | ADJ;NOM(SG,NEUT)	znaczne
Inflect znaczny | ADJ;GEN(SG,MASC)	znacznego
Inflect znaczny | ADJ;ACC(SG,MASC,HUM)	znacznego
Inflect znaczny | ADJ;GEN(SG,NEUT)	znacznego
Inflect znaczny | ADJ;GEN(SG,FEM)	znacznej
Inflect znaczny | ADJ;DAT(SG,MASC)	znacznemu
Inflect znaczny | ADJ;NOM(SG,MASC)	znaczny
Inflect znaczny | ADJ;ESS(PL)	znacznych
Inflect znaczny | ADJ;GEN(PL)	znacznych
Inflect znaczny | ADJ;ACC(PL,MASC,HUM)	znacznych
Inflect znaczny | ADJ;DAT(PL)	znacznym
Inflect znaczny | ADJ;INS(SG,MASC)	znacznym
Inflect znaczny | ADJ;ESS(SG,NEUT)	znacznym
Inflect znaczny | ADJ;INS(SG,NEUT)	znacznym
Inflect znaczny | ADJ;INS(PL)	znacznymi
Inflect antyk | N;ESS(PL)	antykach
Inflect antyk | N;INS(PL)	antykami
Inflect antyk | N;INS(SG)	antykiem
Inflect antyk | N;ACC(PL)	antyki
Inflect antyk | N;NOM(PL)	antyki
Inflect antyk | N;VOC(PL)	antyki
Inflect antyk | N;ACC(SG)	antyk
Inflect antyk | N;NOM(SG)	antyk
Inflect antyk | N;DAT(PL)	antykom
Inflect antyk | N;DAT(SG)	antykowi
Inflect antyk | N;ESS(SG)	antyku
Inflect antyk | N;GEN(SG)	antyku
Inflect azot | N;ESS(SG)	azocie
Inflect azot | N;VOC(SG)	azocie
Inflect azot | N;INS(SG)	azotem
Inflect azot | N;ACC(SG)	azot
Inflect azot | N;NOM(SG)	azot
Inflect azot | N;DAT(SG)	azotowi
Inflect azot | N;GEN(SG)	azotu
Inflect dwusuw | N;ESS(PL)	dwusuwach
Inflect dwusuw | N;INS(SG)	dwusuwem
Inflect dwusuw | N;VOC(SG)	dwusuwie
Inflect dwusuw | N;ACC(SG)	dwusuw
Inflect dwusuw | N;NOM(SG)	dwusuw
Inflect dwusuw | N;DAT(PL)	dwusuwom
Inflect dwusuw | N;DAT(SG)	dwusuwowi
Inflect dwusuw | N;GEN(PL)	dwusuwów
Inflect afera | N;INS(PL)	aferami
Inflect afera | N;INS(SG)	aferą
Inflect afera | N;GEN(PL)	afer
Inflect afera | N;DAT(PL)	aferom
Inflect afera | N;VOC(SG)	afero
Inflect afera | N;GEN(SG)	afery
Inflect afera | N;DAT(SG)	aferze
Inflect afera | N;ESS(SG)	aferze
Inflect szal | N;INS(SG)	szalem
Inflect obwód | N;ESS(PL)	obwodach
Inflect obwód | N;INS(PL)	obwodami
Inflect obwód | N;INS(SG)	obwodem
Inflect obwód | N;ACC(SG)	obwód
Inflect obwód | N;NOM(SG)	obwód
Inflect obwód | N;DAT(PL)	obwodom
Inflect obwód | N;DAT(SG)	obwodowi
Inflect obwód | N;GEN(PL)	obwodów
Inflect obwód | N;GEN(SG)	obwodu
Inflect obwód | N;NOM(PL)	obwody
Inflect obwód | N;VOC(PL)	obwody
Inflect obwód | N;ESS(SG)	obwodzie
Inflect obwód | N;VOC(SG)	obwodzie
Inflect dziewka | N;DAT(SG)	dziewce
Inflect dziewka | N;GEN(PL)	dziewek
Inflect dziewka | N;INS(SG)	dziewką
Inflect dziewka | N;NOM(SG)	dziewka
Inflect dziewka | N;ACC(SG)	dziewkę
Inflect dziewka | N;NOM(PL)	dziewki
Inflect dziewka | N;VOC(PL)	dziewki
Inflect dziewka | N;VOC(SG)	dziewko
Inflect borowina | N;ESS(PL)	borowinach
Inflect borowina | N;NOM(SG)	borowina
Inflect borowina | N;ACC(SG)	borowinę
Inflect borowina | N;DAT(SG)	borowinie
Inflect borowina | N;ESS(SG)	borowinie
Inflect borowina | N;DAT(PL)	borowinom
Inflect borowina | N;VOC(SG)	borowino
Inflect borowina | N;ACC(PL)	borowiny
Inflect borowina | N;GEN(SG)	borowiny
Inflect borowina | N;NOM(PL)	borowiny
Inflect borowina | N;VOC(PL)	borowiny
Inflect osobowość | N;ESS(PL)	osobowościach
Inflect osobowość | N;INS(PL)	osobowościami
Inflect osobowość | N;INS(SG)	osobowością
Inflect osobowość | N;ACC(PL)	osobowości
Inflect osobowość | N;ESS(SG)	osobowości
Inflect osobowość | N;GEN(SG)	osobowości
Inflect osobowość | N;NOM(PL)	osobowości
Inflect osobowość | N;VOC(PL)	osobowości
Inflect osobowość | N;VOC(SG)	osobowości
Inflect osobowość | N;ACC(SG)	osobowość
Inflect osobowość | N;NOM(SG)	osobowość
Inflect fuksja | N;INS(PL)	fuksjami
Inflect fuksja | N;INS(SG)	fuksją
Inflect fuksja | N;NOM(SG)	fuksja
Inflect fuksja | N;ACC(PL)	fuksje
Inflect fuksja | N;NOM(PL)	fuksje
Inflect fuksja | N;VOC(PL)	fuksje
Inflect fuksja | N;ESS(SG)	fuksji
Inflect fuksja | N;GEN(PL)	fuksji
Inflect fuksja | N;DAT(PL)	fuksjom
Inflect fuksja | N;VOC(SG)	fuksjo
Inflect autystyczny | ADJ;ACC(SG,FEM)	autystyczną
Inflect autystyczny | ADJ;INS(SG,FEM)	autystyczną
Inflect autystyczny | ADJ;NOM(SG,FEM)	autystyczna
Inflect autystyczny | ADJ;ACC(SG,NEUT)	autystyczne
Inflect autystyczny | ADJ;NOM(SG,NEUT)	autystyczne
Inflect autystyczny | ADJ;NOM(PL)	autystyczne
Inflect autystyczny | ADJ;GEN(SG,MASC)	autystycznego
Inflect autystyczny | ADJ;ACC(SG,MASC,HUM)	autystycznego
Inflect autystyczny | ADJ;GEN(SG,NEUT)	autystycznego
Inflect autystyczny | ADJ;DAT(SG,FEM)	autystycznej
Inflect autystyczny | ADJ;ESS(SG,FEM)	autystycznej
Inflect autystyczny | ADJ;DAT(SG,MASC)	autystycznemu
Inflect autystyczny | ADJ;ACC(SG,MASC,INAN)	autystyczny
Inflect autystyczny | ADJ;NOM(SG,MASC)	autystyczny
Inflect autystyczny | ADJ;GEN(PL)	autystycznych
Inflect autystyczny | ADJ;DAT(PL)	autystycznym
Inflect autystyczny | ADJ;ESS(SG,MASC)	autystycznym
Inflect autystyczny | ADJ;ESS(SG,NEUT)	autystycznym
Inflect dyplom | N;ESS(PL)	dyplomach
Inflect dyplom | N;INS(PL)	dyplomami
Inflect dyplom | N;INS(SG)	dyplomem
Inflect dyplom | N;ESS(SG)	dyplomie
Inflect dyplom | N;VOC(SG)	dyplomie
Inflect dyplom | N;ACC(SG)	dyplom
Inflect dyplom | N;NOM(SG)	dyplom
Inflect dyplom | N;DAT(PL)	dyplomom
Inflect dyplom | N;DAT(SG)	dyplomowi
Inflect dyplom | N;GEN(PL)	dyplomów
Inflect dyplom | N;GEN(SG)	dyplomu
Inflect dyplom | N;VOC(PL)	dyplomy
Inflect pan | N;ESS(PL)	panach
Inflect pan | N;INS(PL)	panami
Inflect pan | N;ACC(SG)	pana
Inflect pan | N;GEN(SG)	pana
Inflect pan | N;INS(SG)	panem
Inflect pan | N;NOM(SG)	pan
Inflect pan | N;VOC(PL)	panowie
Inflect pan | N;ACC(PL)	panów
Inflect pan | N;GEN(PL)	panów
Inflect pan | N;ESS(SG)	panu
Inflect kozojebca | N;ESS(PL)	kozojebcach
Inflect kozojebca | N;INS(PL)	kozojebcami
Inflect kozojebca | N;INS(SG)	kozojebcą
Inflect kozojebca | N;NOM(SG)	kozojebca
Inflect kozojebca | N;ACC(SG)	kozojebcę
Inflect kozojebca | N;DAT(PL)	kozojebcom
Inflect kozojebca | N;VOC(SG)	kozojebco
Inflect kozojebca | N;ACC(PL)	kozojebców
Inflect kozojebca | N;DAT(SG)	kozojebcy
Inflect kozojebca | N;ESS(SG)	kozojebcy
Inflect kozojebca | N;GEN(SG)	kozojebcy
Inflect kozojebca | N;VOC(PL)	kozojebcy
Inflect czekolada | N;ESS(PL)	czekoladach
Inflect czekolada | N;INS(PL)	czekoladami
Inflect czekolada | N;INS(SG)	czekoladą
Inflect czekolada | N;NOM(SG)	czekolada
Inflect czekolada | N;GEN(PL)	czekolad
Inflect czekolada | N;ACC(PL)	czekolady
Inflect czekolada | N;NOM(PL)	czekolady
Inflect czekolada | N;DAT(SG)	czekoladzie
Inflect czekolada | N;ESS(SG)	czekoladzie
Inflect igrać | V;FUT;1;SG;MASC	będę igrał
Inflect igrać | V;FUT;3;SG;FEM	będzie igrała
Inflect igrać | V;FUT;3;SG;NEUT	będzie igrało
Inflect igrać | V;FUT;3;SG;MASC	będzie igrał
Inflect igrać | V;FUT;1;PL;MASC;HUM	będziemy igrali
Inflect igrać | V;FUT;1;PL	będziemy igrały
Inflect igrać | V;FUT;2;SG;FEM	będziesz igrała
Inflect igrać | V;FUT;2;SG;MASC	będziesz igrał
Inflect igrać | V;PRS;2;PL	igracie
Inflect igrać | V;NFIN	igrać
Inflect igrać | V.PTCP;PST;ACT;PL	igrające
Inflect igrać | V.PTCP;PST;ACT;SG;NEUT	igrające
Inflect igrać | V.PTCP;PST;ACT;PL;MASC;HUM	igrający
Inflect igrać | V.PTCP;PST;ACT;SG;MASC	igrający
Inflect igrać | V;IMP;2;PL	igrajcie
Inflect igrać | V;IMP;1;PL	igrajmy
Inflect igrać | V;IMP;2;SG	igraj
Inflect igrać | V;COND;1;SG;FEM	igrałabym
Inflect igrać | V;COND;2;SG;FEM	igrałabyś
Inflect igrać | V;COND;3;SG;FEM	igrałaby
Inflect igrać | V;PST;1;SG;FEM	igrałam
Inflect igrać | V;PST;2;SG;FEM	igrałaś
Inflect igrać | V;PST;3;SG;FEM	igrała
Inflect igrać | V;COND;1;SG;MASC	igrałbym
Inflect igrać | V;COND;2;SG;MASC	igrałbyś
Inflect igrać | V;COND;3;SG;MASC	igrałby
Inflect igrać | V;PST;1;SG;MASC	igrałem
Inflect igrać | V;PST;2;SG;MASC	igrałeś
Inflect igrać | V;COND;2;PL;MASC;HUM	igralibyście
Inflect igrać | V;PST;2;PL;MASC;HUM	igraliście
Inflect igrać | V;PST;1;PL;MASC;HUM	igraliśmy
Inflect igrać | V;PST;3;PL;MASC;HUM	igrali
Inflect igrać | V;COND;3;SG;NEUT	igrałoby
Inflect igrać | V;PST;3;SG;NEUT	igrało
Inflect igrać | V;COND;1;PL	igrałybyśmy
Inflect igrać | V;COND;3;PL	igrałyby
Inflect igrać | V;PST;2;PL	igrałyście
Inflect igrać | V;PST;1;PL	igrałyśmy
Inflect igrać | V;PST;3;PL	igrały
Inflect igrać | V;PRS;1;SG	igram
Inflect igrać | V.MSDR	igranie
Inflect igrać | V.PTCP;PST;PASS	igrano
Inflect igrać | V;PRS;2;SG	igrasz
Inflect igrać | V;PRS;3;SG	igra
Inflect igrać | V;IMP;3;PL	niech igrają
Inflect igrać | V;IMP;3;SG	niech igra
Inflect dwuznak | N;ESS(PL)	dwuznakach
Inflect dwuznak | N;INS(SG)	dwuznakiem
Inflect dwuznak | N;NOM(PL)	dwuznaki
Inflect dwuznak | N;ACC(SG)	dwuznak
Inflect dwuznak | N;NOM(SG)	dwuznak
Inflect dwuznak | N;DAT(PL)	dwuznakom
Inflect dwuznak | N;DAT(SG)	dwuznakowi
Inflect dwuznak | N;ESS(SG)	dwuznaku
Inflect dwuznak | N;GEN(SG)	dwuznaku
Inflect bujniejszy | ADJ;NOM(PL,MASC,HUM)	bujniejsi
Inflect bujniejszy | ADJ;INS(SG,FEM)	bujniejszą
Inflect bujniejszy | ADJ;NOM(SG,FEM)	bujniejsza
Inflect bujniejszy | ADJ;NOM(PL)	bujniejsze
Inflect bujniejszy | ADJ;ACC(SG,MASC,ANIM)	bujniejszego
Inflect bujniejszy | ADJ;GEN(SG,MASC)	bujniejszego
Inflect bujniejszy | ADJ;ACC(SG,MASC,HUM)	bujniejszego
Inflect bujniejszy | ADJ;GEN(SG,NEUT)	bujniejszego
Inflect bujniejszy | ADJ;ESS(SG,FEM)	bujniejszej
Inflect bujniejszy | ADJ;GEN(SG,FEM)	bujniejszej
Inflect bujniejszy | ADJ;DAT(SG,NEUT)	bujniejszemu
Inflect bujniejszy | ADJ;ACC(SG,MASC,INAN)	bujniejszy
Inflect bujniejszy | ADJ;NOM(SG,MASC)	bujniejszy
Inflect bujniejszy | ADJ;ESS(PL)	bujniejszych
Inflect bujniejszy | ADJ;GEN(PL)	bujniejszych
Inflect bujniejszy | ADJ;ACC(PL,MASC,HUM)	bujniejszych
Inflect bujniejszy | ADJ;DAT(PL)	bujniejszym
Inflect bujniejszy | ADJ;INS(SG,MASC)	bujniejszym
Inflect bujniejszy | ADJ;ESS(SG,NEUT)	bujniejszym
Inflect bujniejszy | ADJ;INS(SG,NEUT)	bujniejszym
Inflect bujniejszy | ADJ;INS(PL)	bujniejszymi
Inflect cięciwa | N;INS(PL)	cięciwami
Inflect cięciwa | N;INS(SG)	cięciwą
Inflect cięciwa | N;ACC(SG)	cięciwę
Inflect cięciwa | N;DAT(SG)	cięciwie
Inflect cięciwa | N;DAT(PL)	cięciwom
Inflect cięciwa | N;VOC(SG)	cięciwo
Inflect cięciwa | N;ACC(PL)	cięciwy
Inflect cięciwa | N;GEN(SG)	cięciwy
Inflect cięciwa | N;NOM(PL)	cięciwy
Inflect cięciwa | N;VOC(PL)	cięciwy
Inflect łokieć | N;ESS(PL)	łokciach
Inflect łokieć | N;INS(PL)	łokciami
Inflect łokieć | N;INS(SG)	łokciem
Inflect łokieć | N;NOM(PL)	łokcie
Inflect łokieć | N;VOC(PL)	łokcie
Inflect łokieć | N;DAT(PL)	łokciom
Inflect łokieć | N;DAT(SG)	łokciowi
Inflect łokieć | N;ESS(SG)	łokciu
Inflect wierzchowiec | N;ESS(PL)	wierzchowcach
Inflect wierzchowiec | N;INS(PL)	wierzchowcami
Inflect wierzchowiec | N;ACC(SG)	wierzchowca
Inflect wierzchowiec | N;ACC(PL)	wierzchowce
Inflect wierzchowiec | N;NOM(PL)	wierzchowce
Inflect wierzchowiec | N;VOC(PL)	wierzchowce
Inflect wierzchowiec | N;DAT(PL)	wierzchowcom
Inflect wierzchowiec | N;DAT(SG)	wierzchowcowi
Inflect wierzchowiec | N;GEN(PL)	wierzchowców
Inflect wierzchowiec | N;ESS(SG)	wierzchowcu
Inflect wierzchowiec | N;NOM(SG)	wierzchowiec
Inflect walizka | N;DAT(SG)	walizce
Inflect walizka | N;ESS(SG)	walizce
Inflect walizka | N;GEN(PL)	walizek
Inflect walizka | N;ESS(PL)	walizkach
Inflect walizka | N;INS(PL)	walizkami
Inflect walizka | N;NOM(SG)	walizka
Inflect walizka | N;ACC(SG)	walizkę
Inflect walizka | N;ACC(PL)	walizki
Inflect walizka | N;GEN(SG)	walizki
Inflect walizka | N;NOM(PL)	walizki
Inflect walizka | N;DAT(PL)	walizkom
Inflect walizka | N;VOC(SG)	walizko
Inflect transparent | N;VOC(SG)	transparencie
Inflect transparent | N;ESS(PL)	transparentach
Inflect transparent | N;INS(PL)	transparentami
Inflect transparent | N;ACC(SG)	transparent
Inflect transparent | N;NOM(SG)	transparent
Inflect transparent | N;DAT(SG)	transparentowi
Inflect transparent | N;GEN(PL)	transparentów
Inflect transparent | N;ACC(PL)	transparenty
Inflect transparent | N;NOM(PL)	transparenty
Inflect muzułmanin | N;ESS(PL)	muzułmanach
Inflect muzułmanin | N;NOM(PL)	muzułmanie
Inflect muzułmanin | N;VOC(PL)	muzułmanie
Inflect muzułmanin | N;ACC(SG)	muzułmanina
Inflect muzułmanin | N;GEN(SG)	muzułmanina
Inflect muzułmanin | N;INS(SG)	muzułmaninem
Inflect muzułmanin | N;VOC(SG)	muzułmaninie
Inflect muzułmanin | N;NOM(SG)	muzułmanin
Inflect muzułmanin | N;DAT(SG)	muzułmaninowi
Inflect muzułmanin | N;DAT(PL)	muzułmanom
Inflect muzułmanin | N;GEN(PL)	muzułmanów
Inflect komp | N;INS(PL)	kompami
Inflect komp | N;ACC(SG)	kompa
Inflect komp | N;GEN(SG)	kompa
Inflect komp | N;INS(SG)	kompem
Inflect komp | N;ESS(SG)	kompie
Inflect komp | N;DAT(PL)	kompom
Inflect komp | N;DAT(SG)	kompowi
Inflect komp | N;GEN(PL)	kompów
Inflect komp | N;ACC(PL)	kompy
Inflect komp | N;NOM(PL)	kompy
Inflect alfons | N;ESS(PL)	alfonsach
Inflect alfons | N;INS(PL)	alfonsami
Inflect alfons | N;ACC(SG)	alfonsa
Inflect alfons | N;INS(SG)	alfonsem
Inflect alfons | N;ESS(SG)	alfonsie
Inflect alfons | N;NOM(PL)	alfonsi
Inflect alfons | N;DAT(SG)	alfonsowi
Inflect alfons | N;ACC(PL)	alfonsów
Inflect piekło | N;GEN(PL)	piekieł
Inflect piekło | N;ESS(PL)	piekłach
Inflect piekło | N;INS(PL)	piekłami
Inflect piekło | N;NOM(PL)	piekła
Inflect piekło | N;VOC(PL)	piekła
Inflect piekło | N;INS(SG)	piekłem
Inflect piekło | N;ESS(SG)	piekle
Inflect piekło | N;DAT(PL)	piekłom
Inflect piekło | N;ACC(SG)	piekło
Inflect piekło | N;NOM(SG)	piekło
Inflect piekło | N;VOC(SG)	piekło
Inflect poranny | ADJ;INS(SG,FEM)	poranną
Inflect poranny | ADJ;ACC(PL)	poranne
Inflect poranny | ADJ;NOM(PL)	poranne
Inflect poranny | ADJ;ACC(SG,MASC,ANIM)	porannego
Inflect poranny | ADJ;GEN(SG,MASC)	porannego
Inflect poranny | ADJ;ACC(SG,MASC,HUM)	porannego
Inflect poranny | ADJ;GEN(SG,NEUT)	porannego
Inflect poranny | ADJ;DAT(SG,FEM)	porannej
Inflect poranny | ADJ;DAT(SG,NEUT)	porannemu
Inflect poranny | ADJ;NOM(PL,MASC,HUM)	poranni
Inflect poranny | ADJ;ACC(SG,MASC,INAN)	poranny
Inflect poranny | ADJ;NOM(SG,MASC)	poranny
Inflect poranny | ADJ;ESS(PL)	porannych
Inflect poranny | ADJ;GEN(PL)	porannych
Inflect poranny | ADJ;ACC(PL,MASC,HUM)	porannych
Inflect poranny | ADJ;DAT(PL)	porannym
Inflect poranny | ADJ;ESS(SG,MASC)	porannym
Inflect poranny | ADJ;INS(SG,NEUT)	porannym
Inflect znany | ADJ;ACC(SG,FEM)	znaną
Inflect znany | ADJ;ACC(PL)	znane
Inflect znany | ADJ;ACC(SG,NEUT)	znane
Inflect znany | ADJ;NOM(SG,NEUT)	znane
Inflect znany | ADJ;NOM(PL)	znane
Inflect znany | ADJ;ACC(SG,MASC,ANIM)	znanego
Inflect znany | ADJ;GEN(SG,MASC)	znanego
Inflect znany | ADJ;ACC(SG,MASC,HUM)	znanego
Inflect znany | ADJ;DAT(SG,FEM)	znanej
Inflect znany | ADJ;ESS(SG,FEM)	znanej
Inflect znany | ADJ;GEN(SG,FEM)	znanej
Inflect znany | ADJ;DAT(SG,MASC)	znanemu
Inflect znany | ADJ;DAT(SG,NEUT)	znanemu
Inflect znany | ADJ;NOM(PL,MASC,HUM)	znani
Inflect znany | ADJ;GEN(PL)	znanych
Inflect znany | ADJ;ACC(PL,MASC,HUM)	znanych
Inflect znany | ADJ;DAT(PL)	znanym
Inflect znany | ADJ;ESS(SG,MASC)	znanym
Inflect znany | ADJ;INS(SG,MASC)	znanym
Inflect znany | ADJ;ESS(SG,NEUT)	znanym
Inflect znany | ADJ;INS(SG,NEUT)	znanym
Inflect znany | ADJ;INS(PL)	znanymi
Inflect żądać | V;COND;3;SG;MASC	żądałby
Inflect kolchicyna | N;INS(SG)	kolchicyną
Inflect kolchicyna | N;NOM(SG)	kolchicyna
Inflect kolchicyna | N;ACC(SG)	kolchicynę
Inflect kolchicyna | N;ESS(SG)	kolchicynie
Inflect kolchicyna | N;VOC(SG)	kolchicyno
Inflect abakus | N;ESS(PL)	abakusach
Inflect abakus | N;INS(PL)	abakusami
Inflect abakus | N;INS(SG)	abakusem
Inflect abakus | N;ESS(SG)	abakusie
Inflect abakus | N;VOC(SG)	abakusie
Inflect abakus | N;ACC(SG)	abakus
Inflect abakus | N;NOM(SG)	abakus
Inflect abakus | N;DAT(PL)	abakusom
Inflect abakus | N;DAT(SG)	abakusowi
Inflect abakus | N;GEN(PL)	abakusów
Inflect abakus | N;GEN(SG)	abakusu
Inflect abakus | N;ACC(PL)	abakusy
Inflect cesarstwo | N;GEN(PL)	cesarstew
Inflect cesarstwo | N;ESS(PL)	cesarstwach
Inflect cesarstwo | N;INS(PL)	cesarstwami
Inflect cesarstwo | N;ACC(PL)	cesarstwa
Inflect cesarstwo | N;GEN(SG)	cesarstwa
Inflect cesarstwo | N;DAT(PL)	cesarstwom
Inflect cesarstwo | N;ACC(SG)	cesarstwo
Inflect cesarstwo | N;NOM(SG)	cesarstwo
Inflect supernowa | N;ACC(SG)	supernową
Inflect supernowa | N;INS(SG)	supernową
Inflect supernowa | N;NOM(SG)	supernowa
Inflect supernowa | N;VOC(SG)	supernowa
Inflect supernowa | N;DAT(SG)	supernowej
Inflect supernowa | N;GEN(SG)	supernowej
Inflect supernowa | N;ACC(PL)	supernowe
Inflect supernowa | N;VOC(PL)	supernowe
Inflect supernowa | N;ESS(PL)	supernowych
Inflect supernowa | N;GEN(PL)	supernowych
Inflect supernowa | N;INS(PL)	supernowymi
Inflect supernowa | N;DAT(PL)	supernowym
Inflect dzielnica | N;ESS(PL)	dzielnicach
Inflect dzielnica | N;INS(PL)	dzielnicami
Inflect dzielnica | N;NOM(SG)	dzielnica
Inflect dzielnica | N;ACC(SG)	dzielnicę
Inflect dzielnica | N;NOM(PL)	dzielnice
Inflect dzielnica | N;VOC(PL)	dzielnice
Inflect dzielnica | N;DAT(PL)	dzielnicom
Inflect dzielnica | N;VOC(SG)	dzielnico
Inflect dzielnica | N;ESS(SG)	dzielnicy
Inflect dzielnica | N;GEN(SG)	dzielnicy
Inflect docent | N;ESS(SG)	docencie
Inflect docent | N;VOC(SG)	docencie
Inflect docent | N;VOC(PL)	docenci
Inflect docent | N;ESS(PL)	docentach
Inflect docent | N;ACC(SG)	docenta
Inflect docent | N;GEN(SG)	docenta
Inflect docent | N;NOM(SG)	docent
Inflect docent | N;DAT(SG)	docentowi
Inflect docent | N;ACC(PL)	docentów
Inflect docent | N;GEN(PL)	docentów
Inflect glista | N;DAT(SG)	gliście
Inflect glista | N;INS(PL)	glistami
Inflect glista | N;INS(SG)	glistą
Inflect glista | N;NOM(SG)	glista
Inflect glista | N;ACC(SG)	glistę
Inflect glista | N;GEN(PL)	glist
Inflect glista | N;DAT(PL)	glistom
Inflect glista | N;VOC(SG)	glisto
Inflect glista | N;ACC(PL)	glisty
Inflect glista | N;GEN(SG)	glisty
Inflect sąd | N;ACC(PL)	sądy
Inflect wspaniały | ADJ;ACC(SG,FEM)	wspaniałą
Inflect wspaniały | ADJ;NOM(SG,FEM)	wspaniała
Inflect wspaniały | ADJ;ACC(PL)	wspaniałe
Inflect wspaniały | ADJ;ACC(SG,NEUT)	wspaniałe
Inflect wspaniały | ADJ;NOM(SG,NEUT)	wspaniałe
Inflect wspaniały | ADJ;NOM(PL)	wspaniałe
Inflect wspaniały | ADJ;ACC(SG,MASC,ANIM)	wspaniałego
Inflect wspaniały | ADJ;GEN(SG,MASC)	wspaniałego
Inflect wspaniały | ADJ;GEN(SG,NEUT)	wspaniałego
Inflect wspaniały | ADJ;DAT(SG,FEM)	wspaniałej
Inflect wspaniały | ADJ;ESS(SG,FEM)	wspaniałej
Inflect wspaniały | ADJ;GEN(SG,FEM)	wspaniałej
Inflect wspaniały | ADJ;DAT(SG,MASC)	wspaniałemu
Inflect wspaniały | ADJ;DAT(SG,NEUT)	wspaniałemu
Inflect wspaniały | ADJ;NOM(PL,MASC,HUM)	wspaniali
Inflect wspaniały | ADJ;ACC(SG,MASC,INAN)	wspaniały
Inflect wspaniały | ADJ;NOM(SG,MASC)	wspaniały
Inflect wspaniały | ADJ;ACC(PL,MASC,HUM)	wspaniałych
Inflect wspaniały | ADJ;DAT(PL)	wspaniałym
Inflect wspaniały | ADJ;ESS(SG,MASC)	wspaniałym
Inflect wspaniały | ADJ;INS(SG,MASC)	wspaniałym
Inflect wspaniały | ADJ;ESS(SG,NEUT)	wspaniałym
Inflect wspaniały | ADJ;INS(SG,NEUT)	wspaniałym
Inflect wspaniały | ADJ;INS(PL)	wspaniałymi
Inflect widmo | N;ESS(PL)	widmach
Inflect widmo | N;ACC(PL)	widma
Inflect widmo | N;VOC(PL)	widma
Inflect widmo | N;INS(SG)	widmem
Inflect widmo | N;GEN(PL)	widm
Inflect widmo | N;DAT(PL)	widmom
Inflect widmo | N;ACC(SG)	widmo
Inflect widmo | N;NOM(SG)	widmo
Inflect dożywotni | ADJ;ACC(SG,FEM)	dożywotnią
Inflect dożywotni | ADJ;INS(SG,FEM)	dożywotnią
Inflect dożywotni | ADJ;NOM(SG,FEM)	dożywotnia
Inflect dożywotni | ADJ;NOM(PL,MASC,HUM)	dożywotni
Inflect dożywotni | ADJ;ACC(SG,MASC,INAN)	dożywotni
Inflect dożywotni | ADJ;NOM(SG,MASC)	dożywotni
Inflect dożywotni | ADJ;ESS(PL)	dożywotnich
Inflect dożywotni | ADJ;GEN(PL)	dożywotnich
Inflect dożywotni | ADJ;ACC(PL,MASC,HUM)	dożywotnich
Inflect dożywotni | ADJ;ACC(PL)	dożywotnie
Inflect dożywotni | ADJ;ACC(SG,NEUT)	dożywotnie
Inflect dożywotni | ADJ;NOM(SG,NEUT)	dożywotnie
Inflect dożywotni | ADJ;ACC(SG,MASC,HUM)	dożywotniego
Inflect dożywotni | ADJ;DAT(SG,FEM)	dożywotniej
Inflect dożywotni | ADJ;ESS(SG,FEM)	dożywotniej
Inflect dożywotni | ADJ;GEN(SG,FEM)	dożywotniej
Inflect dożywotni | ADJ;DAT(SG,MASC)	dożywotniemu
Inflect dożywotni | ADJ;DAT(SG,NEUT)	dożywotniemu
Inflect dożywotni | ADJ;DAT(PL)	dożywotnim
Inflect dożywotni | ADJ;ESS(SG,MASC)	dożywotnim
Inflect dożywotni | ADJ;INS(SG,MASC)	dożywotnim
Inflect dożywotni | ADJ;INS(PL)	dożywotnimi
Inflect brona | N;ESS(PL)	bronach
Inflect brona | N;INS(PL)	bronami
Inflect brona | N;INS(SG)	broną
Inflect brona | N;NOM(SG)	brona
Inflect brona | N;ACC(SG)	bronę
Inflect brona | N;DAT(SG)	bronie
Inflect brona | N;ESS(SG)	bronie
Inflect brona | N;VOC(SG)	brono
Inflect brona | N;ACC(PL)	brony
Inflect brona | N;GEN(SG)	brony
Inflect brona | N;VOC(PL)	brony
Inflect fluor | N;INS(SG)	fluorem
Inflect fluor | N;ACC(SG)	fluor
Inflect fluor | N;NOM(SG)	fluor
Inflect fluor | N;DAT(SG)	fluorowi
Inflect fluor | N;ESS(SG)	fluorze
Inflect fluor | N;VOC(SG)	fluorze
Inflect pajączek | N;NOM(SG)	pajączek
Inflect pajączek | N;INS(PL)	pajączkami
Inflect pajączek | N;GEN(SG)	pajączka
Inflect pajączek | N;INS(SG)	pajączkiem
Inflect pajączek | N;ACC(PL)	pajączki
Inflect pajączek | N;NOM(PL)	pajączki
Inflect pajączek | N;VOC(PL)	pajączki
Inflect pajączek | N;DAT(SG)	pajączkowi
Inflect pajączek | N;GEN(PL)	pajączków
Inflect pajączek | N;ESS(SG)	pajączku
Inflect pajączek | N;VOC(SG)	pajączku
Inflect żołądek | N;ACC(SG)	żołądek
Inflect żołądek | N;ESS(PL)	żołądkach
Inflect żołądek | N;INS(PL)	żołądkami
Inflect żołądek | N;GEN(SG)	żołądka
Inflect żołądek | N;ACC(PL)	żołądki
Inflect żołądek | N;NOM(PL)	żołądki
Inflect żołądek | N;VOC(PL)	żołądki
Inflect żołądek | N;DAT(SG)	żołądkowi
Inflect żołądek | N;GEN(PL)	żołądków
Inflect żołądek | N;ESS(SG)	żołądku
Inflect żołądek | N;VOC(SG)	żołądku
Inflect prekognicja | N;ESS(PL)	prekognicjach
Inflect prekognicja | N;INS(PL)	prekognicjami
Inflect prekognicja | N;INS(SG)	prekognicją
Inflect prekognicja | N;NOM(SG)	prekognicja
Inflect prekognicja | N;ACC(PL)	prekognicje
Inflect prekognicja | N;ACC(SG)	prekognicję
Inflect prekognicja | N;NOM(PL)	prekognicje
Inflect prekognicja | N;VOC(PL)	prekognicje
Inflect prekognicja | N;ESS(SG)	prekognicji
Inflect prekognicja | N;GEN(PL)	prekognicji
Inflect szwajcar | N;DAT(PL)	szwajcarom
Inflect kowariancja | N;ESS(PL)	kowariancjach
Inflect kowariancja | N;INS(PL)	kowariancjami
Inflect kowariancja | N;NOM(SG)	kowariancja
Inflect kowariancja | N;ACC(PL)	kowariancje
Inflect kowariancja | N;ACC(SG)	kowariancję
Inflect kowariancja | N;NOM(PL)	kowariancje
Inflect kowariancja | N;VOC(PL)	kowariancje
Inflect kowariancja | N;DAT(SG)	kowariancji
Inflect kowariancja | N;GEN(PL)	kowariancji
Inflect kowariancja | N;GEN(SG)	kowariancji
Inflect kowariancja | N;VOC(SG)	kowariancjo
Inflect aktyn | N;INS(SG)	aktynem
Inflect aktyn | N;ACC(SG)	aktyn
Inflect aktyn | N;NOM(SG)	aktyn
Inflect aktyn | N;DAT(SG)	aktynowi
Inflect plemnik | N;ESS(PL)	plemnikach
Inflect plemnik | N;INS(PL)	plemnikami
Inflect plemnik | N;GEN(SG)	plemnika
Inflect plemnik | N;ACC(PL)	plemniki
Inflect plemnik | N;NOM(PL)	plemniki
Inflect plemnik | N;VOC(PL)	plemniki
Inflect plemnik | N;ACC(SG)	plemnik
Inflect plemnik | N;DAT(SG)	plemnikowi
Inflect plemnik | N;GEN(PL)	plemników
Inflect plemnik | N;ESS(SG)	plemniku
Inflect ćwierćfinał | N;ESS(PL)	ćwierćfinałach
Inflect ćwierćfinał | N;INS(SG)	ćwierćfinałem
Inflect ćwierćfinał | N;ESS(SG)	ćwierćfinale
Inflect ćwierćfinał | N;ACC(SG)	ćwierćfinał
Inflect ćwierćfinał | N;NOM(SG)	ćwierćfinał
Inflect ćwierćfinał | N;DAT(PL)	ćwierćfinałom
Inflect ćwierćfinał | N;GEN(PL)	ćwierćfinałów
Inflect ćwierćfinał | N;NOM(PL)	ćwierćfinały
Inflect ćwierćfinał | N;VOC(PL)	ćwierćfinały
Inflect wirusowy | ADJ;ACC(SG,FEM)	wirusową
Inflect wirusowy | ADJ;INS(SG,FEM)	wirusową
Inflect wirusowy | ADJ;NOM(SG,FEM)	wirusowa
Inflect wirusowy | ADJ;NOM(PL)	wirusowe
Inflect wirusowy | ADJ;ACC(SG,MASC,ANIM)	wirusowego
Inflect wirusowy | ADJ;GEN(SG,MASC)	wirusowego
Inflect wirusowy | ADJ;ACC(SG,MASC,HUM)	wirusowego
Inflect wirusowy | ADJ;GEN(SG,NEUT)	wirusowego
Inflect wirusowy | ADJ;DAT(SG,FEM)	wirusowej
Inflect wirusowy | ADJ;ESS(SG,FEM)	wirusowej
Inflect wirusowy | ADJ;GEN(SG,FEM)	wirusowej
Inflect wirusowy | ADJ;DAT(SG,NEUT)	wirusowemu
Inflect wirusowy | ADJ;ACC(SG,MASC,INAN)	wirusowy
Inflect wirusowy | ADJ;NOM(SG,MASC)	wirusowy
Inflect wirusowy | ADJ;ESS(PL)	wirusowych
Inflect wirusowy | ADJ;GEN(PL)	wirusowych
Inflect wirusowy | ADJ;ACC(PL,MASC,HUM)	wirusowych
Inflect wirusowy | ADJ;DAT(PL)	wirusowym
Inflect wirusowy | ADJ;INS(SG,MASC)	wirusowym
Inflect wirusowy | ADJ;ESS(SG,NEUT)	wirusowym
Inflect wirusowy | ADJ;INS(SG,NEUT)	wirusowym
Inflect wirusowy | ADJ;INS(PL)	wirusowymi
Inflect agora | N;ESS(PL)	agorach
Inflect agora | N;NOM(SG)	agora
Inflect agora | N;ACC(SG)	agorę
Inflect agora | N;VOC(SG)	agoro
Inflect agora | N;ACC(PL)	agory
Inflect agora | N;GEN(SG)	agory
Inflect agora | N;VOC(PL)	agory
Inflect agora | N;DAT(SG)	agorze
Inflect agora | N;ESS(SG)	agorze
Inflect odmowa | N;INS(PL)	odmowami
Inflect odmowa | N;INS(SG)	odmową
Inflect odmowa | N;NOM(SG)	odmowa
Inflect odmowa | N;ACC(SG)	odmowę
Inflect odmowa | N;DAT(PL)	odmowom
Inflect odmowa | N;VOC(SG)	odmowo
Inflect odmowa | N;ACC(PL)	odmowy
Inflect odmowa | N;NOM(PL)	odmowy
Inflect odmowa | N;VOC(PL)	odmowy
Inflect kakaowy | ADJ;ACC(SG,FEM)	kakaową
Inflect kakaowy | ADJ;NOM(SG,FEM)	kakaowa
Inflect kakaowy | ADJ;ACC(PL)	kakaowe
Inflect kakaowy | ADJ;NOM(SG,NEUT)	kakaowe
Inflect kakaowy | ADJ;NOM(PL)	kakaowe
Inflect kakaowy | ADJ;ACC(SG,MASC,ANIM)	kakaowego
Inflect kakaowy | ADJ;GEN(SG,MASC)	kakaowego
Inflect kakaowy | ADJ;GEN(SG,NEUT)	kakaowego
Inflect kakaowy | ADJ;DAT(SG,FEM)	kakaowej
Inflect kakaowy | ADJ;ESS(SG,FEM)	kakaowej
Inflect kakaowy | ADJ;DAT(SG,MASC)	kakaowemu
Inflect kakaowy | ADJ;DAT(SG,NEUT)	kakaowemu
Inflect kakaowy | ADJ;NOM(PL,MASC,HUM)	kakaowi
Inflect kakaowy | ADJ;ACC(SG,MASC,INAN)	kakaowy
Inflect kakaowy | ADJ;NOM(SG,MASC)	kakaowy
Inflect kakaowy | ADJ;ACC(PL,MASC,HUM)	kakaowych
Inflect kakaowy | ADJ;DAT(PL)	kakaowym
Inflect kakaowy | ADJ;ESS(SG,MASC)	kakaowym
Inflect kakaowy | ADJ;INS(SG,MASC)	kakaowym
Inflect kakaowy | ADJ;ESS(SG,NEUT)	kakaowym
Inflect kakaowy | ADJ;INS(SG,NEUT)	kakaowym
Inflect kakaowy | ADJ;INS(PL)	kakaowymi
Inflect smutny | ADJ;ACC(SG,FEM)	smutną
Inflect smutny | ADJ;INS(SG,FEM)	smutną
Inflect smutny | ADJ;NOM(SG,FEM)	smutna
Inflect smutny | ADJ;ACC(PL)	smutne
Inflect smutny | ADJ;ACC(SG,NEUT)	smutne
Inflect smutny | ADJ;NOM(SG,NEUT)	smutne
Inflect smutny | ADJ;NOM(PL)	smutne
Inflect smutny | ADJ;ACC(SG,MASC,ANIM)	smutnego
Inflect smutny | ADJ;GEN(SG,MASC)	smutnego
Inflect smutny | ADJ;ACC(SG,MASC,HUM)	smutnego
Inflect smutny | ADJ;DAT(SG,FEM)	smutnej
Inflect smutny | ADJ;ESS(SG,FEM)	smutnej
Inflect smutny | ADJ;GEN(SG,FEM)	smutnej
Inflect smutny | ADJ;DAT(SG,MASC)	smutnemu
Inflect smutny | ADJ;DAT(SG,NEUT)	smutnemu
Inflect smutny | ADJ;NOM(PL,MASC,HUM)	smutni
Inflect smutny | ADJ;NOM(SG,MASC)	smutny
Inflect smutny | ADJ;ESS(PL)	smutnych
Inflect smutny | ADJ;GEN(PL)	smutnych
Inflect smutny | ADJ;ACC(PL,MASC,HUM)	smutnych
Inflect smutny | ADJ;DAT(PL)	smutnym
Inflect smutny | ADJ;ESS(SG,MASC)	smutnym
Inflect smutny | ADJ;INS(SG,MASC)	smutnym
Inflect smutny | ADJ;ESS(SG,NEUT)	smutnym
Inflect skarga | N;DAT(SG)	skardze
Inflect skarga | N;ESS(SG)	skardze
Inflect skarga | N;ESS(PL)	skargach
Inflect skarga | N;INS(PL)	skargami
Inflect skarga | N;INS(SG)	skargą
Inflect skarga | N;NOM(SG)	skarga
Inflect skarga | N;ACC(SG)	skargę
Inflect skarga | N;GEN(SG)	skargi
Inflect skarga | N;NOM(PL)	skargi
Inflect skarga | N;VOC(PL)	skargi
Inflect skarga | N;DAT(PL)	skargom
Inflect skarga | N;VOC(SG)	skargo
Inflect gówno prawda | N;INS(PL)	gówno prawdami
Inflect gówno prawda | N;INS(SG)	gówno prawdą
Inflect gówno prawda | N;NOM(SG)	gówno prawda
Inflect gówno prawda | N;GEN(PL)	gówno prawd
Inflect gówno prawda | N;DAT(PL)	gówno prawdom
Inflect gówno prawda | N;VOC(SG)	gówno prawdo
Inflect gówno prawda | N;ACC(PL)	gówno prawdy
Inflect gówno prawda | N;GEN(SG)	gówno prawdy
Inflect gówno prawda | N;NOM(PL)	gówno prawdy
Inflect gówno prawda | N;VOC(PL)	gówno prawdy
Inflect gówno prawda | N;DAT(SG)	gówno prawdzie
Inflect gówno prawda | N;ESS(SG)	gówno prawdzie
Inflect Baskijka | N;DAT(SG)	Baskijce
Inflect Baskijka | N;ESS(SG)	Baskijce
Inflect Baskijka | N;GEN(PL)	Baskijek
Inflect Baskijka | N;ESS(PL)	Baskijkach
Inflect Baskijka | N;INS(PL)	Baskijkami
Inflect Baskijka | N;NOM(SG)	Baskijka
Inflect Baskijka | N;ACC(PL)	Baskijki
Inflect Baskijka | N;NOM(PL)	Baskijki
Inflect Baskijka | N;VOC(PL)	Baskijki
Inflect Baskijka | N;VOC(SG)	Baskijko
Inflect leksem | N;ESS(PL)	leksemach
Inflect leksem | N;INS(PL)	leksemami
Inflect leksem | N;INS(SG)	leksemem
Inflect leksem | N;ACC(SG)	leksem
Inflect leksem | N;NOM(SG)	leksem
Inflect leksem | N;DAT(SG)	leksemowi
Inflect leksem | N;GEN(PL)	leksemów
Inflect leksem | N;NOM(PL)	leksemy
Inflect leksem | N;VOC(PL)	leksemy
Inflect tok | N;ESS(PL)	tokach
Inflect tok | N;ACC(PL)	toki
Inflect tok | N;NOM(PL)	toki
Inflect tok | N;ACC(SG)	tok
Inflect tok | N;DAT(PL)	tokom
Inflect tok | N;DAT(SG)	tokowi
Inflect tok | N;GEN(PL)	toków
Inflect tok | N;VOC(SG)	toku
Inflect gała | N;INS(PL)	gałami
Inflect wyraz twarzy | N;INS(SG)	wyrazem twarzy
Inflect wyraz twarzy | N;ESS(SG)	wyrazie twarzy
Inflect wyraz twarzy | N;DAT(SG)	wyrazowi twarzy
Inflect wyraz twarzy | N;GEN(SG)	wyrazu twarzy
Inflect mól | N;INS(SG)	molem
Inflect agrafka | N;DAT(SG)	agrafce
Inflect agrafka | N;GEN(PL)	agrafek
Inflect agrafka | N;INS(PL)	agrafkami
Inflect agrafka | N;INS(SG)	agrafką
Inflect agrafka | N;NOM(SG)	agrafka
Inflect agrafka | N;ACC(PL)	agrafki
Inflect agrafka | N;GEN(SG)	agrafki
Inflect agrafka | N;NOM(PL)	agrafki
Inflect agrafka | N;VOC(SG)	agrafko
Inflect nalewanie | N;GEN(SG)	nalewania
Inflect nalewanie | N;INS(SG)	nalewaniem
Inflect nalewanie | N;ACC(SG)	nalewanie
Inflect nalewanie | N;NOM(SG)	nalewanie
Inflect nalewanie | N;VOC(SG)	nalewanie
Inflect nalewanie | N;DAT(SG)	nalewaniu
Inflect nalewanie | N;ESS(SG)	nalewaniu
Inflect zbierać | V;FUT;3;PL;MASC;HUM	będą zbierali
Inflect zbierać | V;FUT;3;PL	będą zbierały
Inflect zbierać | V;FUT;1;SG;FEM	będę zbierała
Inflect zbierać | V;FUT;1;SG;MASC	będę zbierał
Inflect zbierać | V;FUT;2;PL	będziecie zbierały
Inflect zbierać | V;FUT;2;SG;FEM	będziesz zbierała
Inflect zbierać | V;FUT;2;SG;MASC	będziesz zbierał
Inflect zbierać | V;FUT;3;SG;FEM	będzie zbierała
Inflect zbierać | V;FUT;3;SG;MASC	będzie zbierał
Inflect zbierać | V;PRS;2;PL	zbieracie
Inflect zbierać | V;NFIN	zbierać
Inflect zbierać | V.PTCP;PST;ACT;SG;FEM	zbierająca
Inflect zbierać | V.PTCP;PST;ACT;PL	zbierające
Inflect zbierać | V.PTCP;PST;ACT;SG;NEUT	zbierające
Inflect zbierać | V.PTCP;PST;ACT;PL;MASC;HUM	zbierający
Inflect zbierać | V.PTCP;PST;ACT;SG;MASC	zbierający
Inflect zbierać | V;PRS;3;PL	zbierają
Inflect zbierać | V;IMP;2;PL	zbierajcie
Inflect zbierać | V;IMP;1;PL	zbierajmy
Inflect zbierać | V;IMP;2;SG	zbieraj
Inflect zbierać | V;COND;1;SG;FEM	zbierałabym
Inflect zbierać | V;COND;2;SG;FEM	zbierałabyś
Inflect zbierać | V;PST;1;SG;FEM	zbierałam
Inflect zbierać | V;PST;2;SG;FEM	zbierałaś
Inflect zbierać | V;PST;3;SG;FEM	zbierała
Inflect zbierać | V;COND;1;SG;MASC	zbierałbym
Inflect zbierać | V;COND;2;SG;MASC	zbierałbyś
Inflect zbierać | V;PST;1;SG;MASC	zbierałem
Inflect zbierać | V;PST;2;SG;MASC	zbierałeś
Inflect zbierać | V;COND;2;PL;MASC;HUM	zbieralibyście
Inflect zbierać | V;COND;1;PL;MASC;HUM	zbieralibyśmy
Inflect zbierać | V;COND;3;PL;MASC;HUM	zbieraliby
Inflect zbierać | V;PST;1;PL;MASC;HUM	zbieraliśmy
Inflect zbierać | V;PST;3;PL;MASC;HUM	zbierali
Inflect zbierać | V;PST;3;SG;NEUT	zbierało
Inflect zbierać | V;PST;3;SG;MASC	zbierał
Inflect zbierać | V;COND;2;PL	zbierałybyście
Inflect zbierać | V;COND;1;PL	zbierałybyśmy
Inflect zbierać | V;COND;3;PL	zbierałyby
Inflect zbierać | V;PST;2;PL	zbierałyście
Inflect zbierać | V;PST;1;PL	zbierałyśmy
Inflect zbierać | V;PST;3;PL	zbierały
Inflect zbierać | V;PRS;1;PL	zbieramy
Inflect zbierać | V.PTCP;PST;PASS;PL	zbierane
Inflect zbierać | V.PTCP;PST;PASS;SG;NEUT	zbierane
Inflect zbierać | V.PTCP;PST;PASS;PL;MASC;HUM	zbierani
Inflect zbierać | V.PTCP;PST;PASS	zbierano
Inflect zbierać | V;PRS;2;SG	zbierasz
Inflect zbierać | V;PRS;3;SG	zbiera
Inflect podcasting | N;INS(SG)	podcastingiem
Inflect podcasting | N;ACC(SG)	podcasting
Inflect podcasting | N;NOM(SG)	podcasting
Inflect podcasting | N;ESS(SG)	podcastingu
Inflect podcasting | N;VOC(SG)	podcastingu
Inflect dziw | N;ESS(PL)	dziwach
Inflect dziw | N;ESS(SG)	dziwie
Inflect dziw | N;VOC(SG)	dziwie
Inflect dziw | N;NOM(SG)	dziw
Inflect dziw | N;DAT(PL)	dziwom
Inflect dziw | N;DAT(SG)	dziwowi
Inflect dziw | N;GEN(PL)	dziwów
Inflect dziw | N;GEN(SG)	dziwu
Inflect dziw | N;ACC(PL)	dziwy
Inflect dziw | N;NOM(PL)	dziwy
Inflect dziw | N;VOC(PL)	dziwy
Inflect gasić | V;FUT;3;PL	będą gasiły
Inflect gasić | V;FUT;1;SG;MASC	będę gasił
Inflect gasić | V;FUT;2;PL;MASC;HUM	będziecie gasili
Inflect gasić | V;FUT;2;PL	będziecie gasiły
Inflect gasić | V;FUT;3;SG;NEUT	będzie gasiło
Inflect gasić | V;FUT;3;SG;MASC	będzie gasił
Inflect gasić | V;FUT;1;PL;MASC;HUM	będziemy gasili
Inflect gasić | V;FUT;1;PL	będziemy gasiły
Inflect gasić | V;FUT;2;SG;FEM	będziesz gasiła
Inflect gasić | V;FUT;2;SG;MASC	będziesz gasił
Inflect gasić | V;IMP;2;PL	gaście
Inflect gasić | V;PRS;2;PL	gasicie
Inflect gasić | V;NFIN	gasić
Inflect gasić | V;COND;2;SG;FEM	gasiłabyś
Inflect gasić | V;COND;3;SG;FEM	gasiłaby
Inflect gasić | V;PST;1;SG;FEM	gasiłam
Inflect gasić | V;PST;3;SG;FEM	gasiła
Inflect gasić | V;COND;1;SG;MASC	gasiłbym
Inflect gasić | V;COND;2;SG;MASC	gasiłbyś
Inflect gasić | V;COND;3;SG;MASC	gasiłby
Inflect gasić | V;PST;1;SG;MASC	gasiłem
Inflect gasić | V;COND;1;PL;MASC;HUM	gasilibyśmy
Inflect gasić | V;COND;3;PL;MASC;HUM	gasiliby
Inflect gasić | V;PST;2;PL;MASC;HUM	gasiliście
Inflect gasić | V;PST;1;PL;MASC;HUM	gasiliśmy
Inflect gasić | V;PST;3;PL;MASC;HUM	gasili
Inflect gasić | V;PST;3;SG;MASC	gasił
Inflect gasić | V;COND;1;PL	gasiłybyśmy
Inflect gasić | V;COND;3;PL	gasiłyby
Inflect gasić | V;PST;2;PL	gasiłyście
Inflect gasić | V;PST;3;PL	gasiły
Inflect gasić | V;PRS;1;PL	gasimy
Inflect gasić | V;PRS;2;SG	gasisz
Inflect gasić | V;IMP;2;SG	gaś
Inflect gasić | V.PTCP;PST;ACT;SG;FEM	gasząca
Inflect gasić | V.PTCP;PST;ACT;PL	gaszące
Inflect gasić | V.PTCP;PST;ACT;PL;MASC;HUM	gaszący
Inflect gasić | V.PTCP;PST;ACT;SG;MASC	gaszący
Inflect gasić | V;PRS;3;PL	gaszą
Inflect gasić | V.MSDR	gaszenie
Inflect gasić | V.PTCP;PST;PASS;PL;MASC;HUM	gaszeni
Inflect gasić | V;PRS;1;SG	gaszę
Inflect gasić | V.PTCP;PST;PASS;SG;FEM	gaszona
Inflect gasić | V.PTCP;PST;PASS;PL	gaszone
Inflect gasić | V.PTCP;PST;PASS;SG;NEUT	gaszone
Inflect gasić | V.PTCP;PST;PASS	gaszono
Inflect gasić | V.PTCP;PST;PASS;SG;MASC	gaszony
Inflect gasić | V;IMP;3;SG	niech gasi
Inflect gasić | V;IMP;3;PL	niech gaszą
Inflect fotograficzny | ADJ;ACC(SG,FEM)	fotograficzną
Inflect fotograficzny | ADJ;INS(SG,FEM)	fotograficzną
Inflect fotograficzny | ADJ;ACC(PL)	fotograficzne
Inflect fotograficzny | ADJ;ACC(SG,NEUT)	fotograficzne
Inflect fotograficzny | ADJ;NOM(SG,NEUT)	fotograficzne
Inflect fotograficzny | ADJ;GEN(SG,MASC)	fotograficznego
Inflect fotograficzny | ADJ;GEN(SG,NEUT)	fotograficznego
Inflect fotograficzny | ADJ;DAT(SG,NEUT)	fotograficznemu
Inflect fotograficzny | ADJ;NOM(PL,MASC,HUM)	fotograficzni
Inflect fotograficzny | ADJ;ACC(SG,MASC,INAN)	fotograficzny
Inflect fotograficzny | ADJ;NOM(SG,MASC)	fotograficzny
Inflect fotograficzny | ADJ;ESS(PL)	fotograficznych
Inflect fotograficzny | ADJ;GEN(PL)	fotograficznych
Inflect fotograficzny | ADJ;ACC(PL,MASC,HUM)	fotograficznych
Inflect fotograficzny | ADJ;DAT(PL)	fotograficznym
Inflect fotograficzny | ADJ;ESS(SG,MASC)	fotograficznym
Inflect fotograficzny | ADJ;INS(SG,MASC)	fotograficznym
Inflect fotograficzny | ADJ;ESS(SG,NEUT)	fotograficznym
Inflect fotograficzny | ADJ;INS(SG,NEUT)	fotograficznym
Inflect fotograficzny | ADJ;INS(PL)	fotograficznymi
Inflect piszczeć | V;FUT;3;PL	będą piszczały
Inflect piszczeć | V;FUT;3;PL;MASC;HUM	będą piszczeli
Inflect piszczeć | V;FUT;1;SG;MASC	będę piszczał
Inflect piszczeć | V;FUT;2;PL	będziecie piszczały
Inflect piszczeć | V;FUT;2;PL;MASC;HUM	będziecie piszczeli
Inflect piszczeć | V;FUT;1;PL	będziemy piszczały
Inflect piszczeć | V;FUT;3;SG;FEM	będzie piszczała
Inflect piszczeć | V;FUT;3;SG;NEUT	będzie piszczało
Inflect piszczeć | V;FUT;2;SG;FEM	będziesz piszczała
Inflect piszczeć | V;FUT;2;SG;MASC	będziesz piszczał
Inflect piszczeć | V;IMP;3;PL	niech piszczą
Inflect piszczeć | V;IMP;3;SG	niech piszczy
Inflect piszczeć | V.PTCP;PST;ACT;SG;FEM	piszcząca
Inflect piszczeć | V.PTCP;PST;ACT;PL	piszczące
Inflect piszczeć | V.PTCP;PST;ACT;SG;NEUT	piszczące
Inflect piszczeć | V.CVB	piszcząc
Inflect piszczeć | V.PTCP;PST;ACT;PL;MASC;HUM	piszczący
Inflect piszczeć | V.PTCP;PST;ACT;SG;MASC	piszczący
Inflect piszczeć | V;COND;1;SG;FEM	piszczałabym
Inflect piszczeć | V;COND;2;SG;FEM	piszczałabyś
Inflect piszczeć | V;COND;3;SG;FEM	piszczałaby
Inflect piszczeć | V;PST;1;SG;FEM	piszczałam
Inflect piszczeć | V;PST;3;SG;FEM	piszczała
Inflect piszczeć | V;COND;1;SG;MASC	piszczałbym
Inflect piszczeć | V;COND;3;SG;MASC	piszczałby
Inflect piszczeć | V;PST;1;SG;MASC	piszczałem
Inflect piszczeć | V;PST;2;SG;MASC	piszczałeś
Inflect piszczeć | V;COND;3;SG;NEUT	piszczałoby
Inflect piszczeć | V;PST;3;SG;NEUT	piszczało
Inflect piszczeć | V;PST;3;SG;MASC	piszczał
Inflect piszczeć | V;COND;2;PL	piszczałybyście
Inflect piszczeć | V;COND;1;PL	piszczałybyśmy
Inflect piszczeć | V;COND;3;PL	piszczałyby
Inflect piszczeć | V;PST;1;PL	piszczałyśmy
Inflect piszczeć | V;PST;3;PL	piszczały
Inflect piszczeć | V;PRS;3;PL	piszczą
Inflect piszczeć | V;NFIN	piszczeć
Inflect piszczeć | V;COND;2;PL;MASC;HUM	piszczelibyście
Inflect piszczeć | V;COND;1;PL;MASC;HUM	piszczelibyśmy
Inflect piszczeć | V;PST;1;PL;MASC;HUM	piszczeliśmy
Inflect piszczeć | V;PST;3;PL;MASC;HUM	piszczeli
Inflect piszczeć | V.MSDR	piszczenie
Inflect piszczeć | V;PRS;1;SG	piszczę
Inflect piszczeć | V;IMP;1;PL	piszczmy
Inflect piszczeć | V;IMP;2;SG	piszcz
Inflect piszczeć | V;PRS;1;PL	piszczymy
Inflect piszczeć | V;PRS;2;SG	piszczysz
Inflect lakier | N;ESS(PL)	lakierach
Inflect lakier | N;INS(PL)	lakierami
Inflect lakier | N;INS(SG)	lakierem
Inflect lakier | N;ACC(SG)	lakier
Inflect lakier | N;NOM(SG)	lakier
Inflect lakier | N;DAT(PL)	lakierom
Inflect lakier | N;DAT(SG)	lakierowi
Inflect lakier | N;GEN(SG)	lakieru
Inflect lakier | N;VOC(PL)	lakiery
Inflect lakier | N;VOC(SG)	lakierze
Inflect zerkać | V;FUT;3;PL	będą zerkały
Inflect zerkać | V;FUT;1;SG;FEM	będę zerkała
Inflect zerkać | V;FUT;1;SG;MASC	będę zerkał
Inflect zerkać | V;FUT;2;PL	będziecie zerkały
Inflect zerkać | V;FUT;1;PL	będziemy zerkały
Inflect zerkać | V;FUT;2;SG;MASC	będziesz zerkał
Inflect zerkać | V;FUT;3;SG;FEM	będzie zerkała
Inflect zerkać | V;FUT;3;SG;MASC	będzie zerkał
Inflect zerkać | V;PRS;2;PL	zerkacie
Inflect zerkać | V.PTCP;PST;ACT;SG;FEM	zerkająca
Inflect zerkać | V.PTCP;PST;ACT;PL	zerkające
Inflect zerkać | V.PTCP;PST;ACT;SG;NEUT	zerkające
Inflect zerkać | V.PTCP;PST;ACT;PL;MASC;HUM	zerkający
Inflect zerkać | V;PRS;3;PL	zerkają
Inflect zerkać | V;COND;1;SG;FEM	zerkałabym
Inflect zerkać | V;COND;3;SG;FEM	zerkałaby
Inflect zerkać | V;PST;1;SG;FEM	zerkałam
Inflect zerkać | V;PST;2;SG;FEM	zerkałaś
Inflect zerkać | V;PST;3;SG;FEM	zerkała
Inflect zerkać | V;COND;1;SG;MASC	zerkałbym
Inflect zerkać | V;COND;2;SG;MASC	zerkałbyś
Inflect zerkać | V;COND;3;SG;MASC	zerkałby
Inflect zerkać | V;PST;2;SG;MASC	zerkałeś
Inflect zerkać | V;COND;2;PL;MASC;HUM	zerkalibyście
Inflect zerkać | V;COND;1;PL;MASC;HUM	zerkalibyśmy
Inflect zerkać | V;PST;1;PL;MASC;HUM	zerkaliśmy
Inflect zerkać | V;PST;3;PL;MASC;HUM	zerkali
Inflect zerkać | V;PST;3;SG;NEUT	zerkało
Inflect zerkać | V;PST;3;SG;MASC	zerkał
Inflect zerkać | V;COND;2;PL	zerkałybyście
Inflect zerkać | V;COND;1;PL	zerkałybyśmy
Inflect zerkać | V;COND;3;PL	zerkałyby
Inflect zerkać | V;PST;2;PL	zerkałyście
Inflect zerkać | V;PST;1;PL	zerkałyśmy
Inflect zerkać | V;PST;3;PL	zerkały
Inflect zerkać | V;PRS;1;PL	zerkamy
Inflect zerkać | V.MSDR	zerkanie
Inflect zerkać | V.PTCP;PST;PASS	zerkano
Inflect zerkać | V;PRS;2;SG	zerkasz
Inflect zerkać | V;PRS;3;SG	zerka
Inflect chan | N;ESS(PL)	chanach
Inflect chan | N;INS(PL)	chanami
Inflect chan | N;ACC(SG)	chana
Inflect chan | N;ESS(SG)	chanie
Inflect chan | N;VOC(SG)	chanie
Inflect chan | N;NOM(SG)	chan
Inflect chan | N;DAT(PL)	chanom
Inflect chan | N;NOM(PL)	chanowie
Inflect chan | N;VOC(PL)	chanowie
Inflect chan | N;DAT(SG)	chanowi
Inflect chan | N;GEN(PL)	chanów
Inflect iloczyn | N;ESS(PL)	iloczynach
Inflect iloczyn | N;INS(PL)	iloczynami
Inflect iloczyn | N;ESS(SG)	iloczynie
Inflect iloczyn | N;NOM(SG)	iloczyn
Inflect iloczyn | N;DAT(PL)	iloczynom
Inflect iloczyn | N;DAT(SG)	iloczynowi
Inflect iloczyn | N;GEN(SG)	iloczynu
Inflect iloczyn | N;ACC(PL)	iloczyny
Inflect iloczyn | N;NOM(PL)	iloczyny
Inflect myśliciel | N;ESS(PL)	myślicielach
Inflect myśliciel | N;INS(PL)	myślicielami
Inflect myśliciel | N;GEN(SG)	myśliciela
Inflect myśliciel | N;INS(SG)	myślicielem
Inflect myśliciel | N;NOM(PL)	myśliciele
Inflect myśliciel | N;VOC(PL)	myśliciele
Inflect myśliciel | N;NOM(SG)	myśliciel
Inflect myśliciel | N;DAT(PL)	myślicielom
Inflect myśliciel | N;DAT(SG)	myślicielowi
Inflect myśliciel | N;ESS(SG)	myślicielu
Inflect fotel | N;ESS(PL)	fotelach
Inflect fotel | N;INS(SG)	fotelem
Inflect fotel | N;NOM(PL)	fotele
Inflect fotel | N;VOC(PL)	fotele
Inflect fotel | N;GEN(PL)	foteli
Inflect fotel | N;ACC(SG)	fotel
Inflect fotel | N;NOM(SG)	fotel
Inflect fotel | N;DAT(PL)	fotelom
Inflect fotel | N;ESS(SG)	fotelu
Inflect fotel | N;VOC(SG)	fotelu
Inflect zysk | N;INS(PL)	zyskami
Inflect zysk | N;INS(SG)	zyskiem
Inflect zysk | N;NOM(PL)	zyski
Inflect zysk | N;VOC(PL)	zyski
Inflect zysk | N;DAT(PL)	zyskom
Inflect zysk | N;DAT(SG)	zyskowi
Inflect zysk | N;GEN(PL)	zysków
Inflect zysk | N;ESS(SG)	zysku
Inflect zysk | N;VOC(SG)	zysku
Inflect grejpfrut | N;ESS(SG)	grejpfrucie
Inflect grejpfrut | N;VOC(SG)	grejpfrucie
Inflect grejpfrut | N;INS(PL)	grejpfrutami
Inflect grejpfrut | N;ACC(SG)	grejpfruta
Inflect grejpfrut | N;GEN(SG)	grejpfruta
Inflect grejpfrut | N;NOM(SG)	grejpfrut
Inflect grejpfrut | N;DAT(PL)	grejpfrutom
Inflect grejpfrut | N;DAT(SG)	grejpfrutowi
Inflect grejpfrut | N;GEN(PL)	grejpfrutów
Inflect grejpfrut | N;ACC(PL)	grejpfruty
Inflect grejpfrut | N;VOC(PL)	grejpfruty
Inflect pączek | N;NOM(SG)	pączek
Inflect pączek | N;ESS(PL)	pączkach
Inflect pączek | N;INS(PL)	pączkami
Inflect pączek | N;ACC(SG)	pączka
Inflect pączek | N;GEN(SG)	pączka
Inflect pączek | N;INS(SG)	pączkiem
Inflect pączek | N;ACC(PL)	pączki
Inflect pączek | N;NOM(PL)	pączki
Inflect pączek | N;VOC(PL)	pączki
Inflect pączek | N;DAT(PL)	pączkom
Inflect pączek | N;DAT(SG)	pączkowi
Inflect pączek | N;GEN(PL)	pączków
Inflect pączek | N;ESS(SG)	pączku
Inflect pączek | N;VOC(SG)	pączku
Inflect spirometr | N;ESS(PL)	spirometrach
Inflect spirometr | N;INS(SG)	spirometrem
Inflect spirometr | N;ACC(SG)	spirometr
Inflect spirometr | N;NOM(SG)	spirometr
Inflect spirometr | N;DAT(PL)	spirometrom
Inflect spirometr | N;ACC(PL)	spirometry
Inflect spirometr | N;NOM(PL)	spirometry
Inflect spirometr | N;VOC(PL)	spirometry
Inflect spirometr | N;ESS(SG)	spirometrze
Inflect spirometr | N;VOC(SG)	spirometrze
Inflect kumpel | N;INS(PL)	kumplami
Inflect kumpel | N;ACC(SG)	kumpla
Inflect kumpel | N;GEN(SG)	kumpla
Inflect kumpel | N;INS(SG)	kumplem
Inflect kumpel | N;NOM(PL)	kumple
Inflect kumpel | N;VOC(PL)	kumple
Inflect kumpel | N;ACC(PL)	kumpli
Inflect kumpel | N;GEN(PL)	kumpli
Inflect kumpel | N;DAT(PL)	kumplom
Inflect kumpel | N;DAT(SG)	kumplowi
Inflect kumpel | N;VOC(SG)	kumplu
Inflect ogrom | N;INS(PL)	ogromami
Inflect ogrom | N;INS(SG)	ogromem
Inflect ogrom | N;ESS(SG)	ogromie
Inflect ogrom | N;VOC(SG)	ogromie
Inflect ogrom | N;ACC(SG)	ogrom
Inflect ogrom | N;DAT(PL)	ogromom
Inflect ogrom | N;DAT(SG)	ogromowi
Inflect ogrom | N;GEN(PL)	ogromów
Inflect ogrom | N;ACC(PL)	ogromy
Inflect ogrom | N;NOM(PL)	ogromy
Inflect kontrprzykład | N;ESS(PL)	kontrprzykładach
Inflect kontrprzykład | N;INS(PL)	kontrprzykładami
Inflect kontrprzykład | N;INS(SG)	kontrprzykładem
Inflect kontrprzykład | N;NOM(SG)	kontrprzykład
Inflect kontrprzykład | N;DAT(SG)	kontrprzykładowi
Inflect kontrprzykład | N;GEN(PL)	kontrprzykładów
Inflect kontrprzykład | N;ACC(PL)	kontrprzykłady
Inflect kontrprzykład | N;NOM(PL)	kontrprzykłady
Inflect kontrprzykład | N;VOC(PL)	kontrprzykłady
Inflect kontrprzykład | N;ESS(SG)	kontrprzykładzie
Inflect kontrprzykład | N;VOC(SG)	kontrprzykładzie
Inflect paproć | N;INS(SG)	paprocią
Inflect paproć | N;ACC(PL)	paprocie
Inflect paproć | N;NOM(PL)	paprocie
Inflect paproć | N;VOC(PL)	paprocie
Inflect paproć | N;DAT(SG)	paproci
Inflect paproć | N;GEN(PL)	paproci
Inflect paproć | N;DAT(PL)	paprociom
Inflect paproć | N;ACC(SG)	paproć
Inflect paproć | N;NOM(SG)	paproć
Inflect sedno | N;GEN(SG)	sedna
Inflect sedno | N;INS(SG)	sednem
Inflect sedno | N;ESS(SG)	sednie
Inflect sedno | N;NOM(SG)	sedno
Inflect sedno | N;DAT(SG)	sednu
Inflect gaz ziemny | N;DAT(SG)	ga ziemnemu
Inflect gaz ziemny | N;INS(SG)	ga ziemnym
Inflect gaz ziemny | N;ACC(SG)	ga ziemny
Inflect gaz ziemny | N;NOM(SG)	ga ziemny
Inflect gaz ziemny | N;VOC(SG)	ga ziemny
Inflect komputerowy | ADJ;INS(SG,FEM)	komputerową
Inflect komputerowy | ADJ;NOM(SG,FEM)	komputerowa
Inflect komputerowy | ADJ;ACC(PL)	komputerowe
Inflect komputerowy | ADJ;NOM(SG,NEUT)	komputerowe
Inflect komputerowy | ADJ;NOM(PL)	komputerowe
Inflect komputerowy | ADJ;ACC(SG,MASC,ANIM)	komputerowego
Inflect komputerowy | ADJ;ACC(SG,MASC,HUM)	komputerowego
Inflect komputerowy | ADJ;GEN(SG,NEUT)	komputerowego
Inflect komputerowy | ADJ;DAT(SG,FEM)	komputerowej
Inflect komputerowy | ADJ;ESS(SG,FEM)	komputerowej
Inflect komputerowy | ADJ;GEN(SG,FEM)	komputerowej
Inflect komputerowy | ADJ;NOM(PL,MASC,HUM)	komputerowi
Inflect komputerowy | ADJ;ACC(SG,MASC,INAN)	komputerowy
Inflect komputerowy | ADJ;ESS(PL)	komputerowych
Inflect komputerowy | ADJ;DAT(PL)	komputerowym
Inflect komputerowy | ADJ;ESS(SG,MASC)	komputerowym
Inflect komputerowy | ADJ;INS(SG,MASC)	komputerowym
Inflect komputerowy | ADJ;ESS(SG,NEUT)	komputerowym
Inflect komputerowy | ADJ;INS(SG,NEUT)	komputerowym
Inflect komputerowy | ADJ;INS(PL)	komputerowymi
Inflect stanik | N;ESS(PL)	stanikach
Inflect stanik | N;INS(PL)	stanikami
Inflect stanik | N;GEN(SG)	stanika
Inflect stanik | N;ACC(SG)	stanik
Inflect stanik | N;NOM(SG)	stanik
Inflect stanik | N;DAT(PL)	stanikom
Inflect stanik | N;DAT(SG)	stanikowi
Inflect stanik | N;ESS(SG)	staniku
Inflect domowy | ADJ;ACC(SG,FEM)	domową
Inflect domowy | ADJ;INS(SG,FEM)	domową
Inflect domowy | ADJ;ACC(SG,NEUT)	domowe
Inflect domowy | ADJ;NOM(PL)	domowe
Inflect domowy | ADJ;GEN(SG,MASC)	domowego
Inflect domowy | ADJ;ACC(SG,MASC,HUM)	domowego
Inflect domowy | ADJ;GEN(SG,NEUT)	domowego
Inflect domowy | ADJ;ESS(SG,FEM)	domowej
Inflect domowy | ADJ;GEN(SG,FEM)	domowej
Inflect domowy | ADJ;DAT(SG,MASC)	domowemu
Inflect domowy | ADJ;DAT(SG,NEUT)	domowemu
Inflect domowy | ADJ;ACC(SG,MASC,INAN)	domowy
Inflect domowy | ADJ;NOM(SG,MASC)	domowy
Inflect domowy | ADJ;ESS(PL)	domowych
Inflect domowy | ADJ;GEN(PL)	domowych
Inflect domowy | ADJ;DAT(PL)	domowym
Inflect domowy | ADJ;ESS(SG,MASC)	domowym
Inflect domowy | ADJ;INS(SG,MASC)	domowym
Inflect domowy | ADJ;ESS(SG,NEUT)	domowym
Inflect domowy | ADJ;INS(SG,NEUT)	domowym
Inflect domowy | ADJ;INS(PL)	domowymi
Inflect karnawał | N;ESS(PL)	karnawałach
Inflect karnawał | N;INS(PL)	karnawałami
Inflect karnawał | N;ESS(SG)	karnawale
Inflect karnawał | N;VOC(SG)	karnawale
Inflect karnawał | N;NOM(SG)	karnawał
Inflect karnawał | N;GEN(PL)	karnawałów
Inflect karnawał | N;GEN(SG)	karnawału
Inflect karnawał | N;ACC(PL)	karnawały
Inflect karnawał | N;NOM(PL)	karnawały
Inflect konstruktywizm | N;ESS(SG)	konstruktywizmie
Inflect konstruktywizm | N;VOC(SG)	konstruktywizmie
Inflect konstruktywizm | N;ACC(SG)	konstruktywizm
Inflect konstruktywizm | N;NOM(SG)	konstruktywizm
Inflect konstruktywizm | N;DAT(SG)	konstruktywizmowi
Inflect konstruktywizm | N;GEN(SG)	konstruktywizmu
Inflect anarchistyczny | ADJ;ACC(SG,FEM)	anarchistyczną
Inflect anarchistyczny | ADJ;NOM(SG,FEM)	anarchistyczna
Inflect anarchistyczny | ADJ;ACC(PL)	anarchistyczne
Inflect anarchistyczny | ADJ;ACC(SG,NEUT)	anarchistyczne
Inflect anarchistyczny | ADJ;NOM(PL)	anarchistyczne
Inflect anarchistyczny | ADJ;GEN(SG,MASC)	anarchistycznego
Inflect anarchistyczny | ADJ;ACC(SG,MASC,HUM)	anarchistycznego
Inflect anarchistyczny | ADJ;DAT(SG,FEM)	anarchistycznej
Inflect anarchistyczny | ADJ;ESS(SG,FEM)	anarchistycznej
Inflect anarchistyczny | ADJ;NOM(PL,MASC,HUM)	anarchistyczni
Inflect anarchistyczny | ADJ;ACC(SG,MASC,INAN)	anarchistyczny
Inflect anarchistyczny | ADJ;ESS(PL)	anarchistycznych
Inflect anarchistyczny | ADJ;GEN(PL)	anarchistycznych
Inflect anarchistyczny | ADJ;DAT(PL)	anarchistycznym
Inflect anarchistyczny | ADJ;INS(SG,MASC)	anarchistycznym
Inflect anarchistyczny | ADJ;ESS(SG,NEUT)	anarchistycznym
Inflect anarchistyczny | ADJ;INS(SG,NEUT)	anarchistycznym
Inflect anarchistyczny | ADJ;INS(PL)	anarchistycznymi
Inflect założyć | V;IMP;3;PL	niech zakładają
Inflect założyć | V;IMP;3;SG	niech zakłada
Inflect założyć | V;FUT;2;PL	zakładacie
Inflect założyć | V;NFIN	zakładać
Inflect założyć | V;FUT;3;PL	zakładają
Inflect założyć | V;IMP;2;PL	zakładajcie
Inflect założyć | V;IMP;1;PL	zakładajmy
Inflect założyć | V;IMP;2;SG	zakładaj
Inflect założyć | V;COND;2;SG;FEM	zakładałabyś
Inflect założyć | V;COND;3;SG;FEM	zakładałaby
Inflect założyć | V;PST;1;SG;FEM	zakładałam
Inflect założyć | V;PST;2;SG;FEM	zakładałaś
Inflect założyć | V;PST;3;SG;FEM	zakładała
Inflect założyć | V;COND;3;SG;MASC	zakładałby
Inflect założyć | V;PST;1;SG;MASC	zakładałem
Inflect założyć | V;PST;2;SG;MASC	zakładałeś
Inflect założyć | V;COND;2;PL;MASC;HUM	zakładalibyście
Inflect założyć | V;COND;1;PL;MASC;HUM	zakładalibyśmy
Inflect założyć | V;COND;3;PL;MASC;HUM	zakładaliby
Inflect założyć | V;PST;2;PL;MASC;HUM	zakładaliście
Inflect założyć | V;PST;1;PL;MASC;HUM	zakładaliśmy
Inflect założyć | V;COND;3;SG;NEUT	zakładałoby
Inflect założyć | V;PST;3;SG;NEUT	zakładało
Inflect założyć | V;COND;2;PL	zakładałybyście
Inflect założyć | V;COND;1;PL	zakładałybyśmy
Inflect założyć | V;COND;3;PL	zakładałyby
Inflect założyć | V;PST;2;PL	zakładałyście
Inflect założyć | V;PST;1;PL	zakładałyśmy
Inflect założyć | V;PST;3;PL	zakładały
Inflect założyć | V;FUT;1;SG	zakładam
Inflect założyć | V;FUT;1;PL	zakładamy
Inflect założyć | V.PTCP;PST;PASS;SG;FEM	zakładana
Inflect założyć | V.PTCP;PST;PASS;PL	zakładane
Inflect założyć | V.PTCP;PST;PASS;SG;NEUT	zakładane
Inflect założyć | V.MSDR	zakładanie
Inflect założyć | V.PTCP;PST;PASS;PL;MASC;HUM	zakładani
Inflect założyć | V.PTCP;PST;PASS	zakładano
Inflect założyć | V.PTCP;PST;PASS;SG;MASC	zakładany
Inflect założyć | V;FUT;2;SG	zakładasz
Inflect założyć | V;FUT;3;SG	zakłada
Inflect migdałowiec | N;ESS(PL)	migdałowcach
Inflect migdałowiec | N;INS(PL)	migdałowcami
Inflect migdałowiec | N;INS(SG)	migdałowcem
Inflect migdałowiec | N;ACC(PL)	migdałowce
Inflect migdałowiec | N;NOM(PL)	migdałowce
Inflect migdałowiec | N;GEN(PL)	migdałowców
Inflect migdałowiec | N;ESS(SG)	migdałowcu
Inflect migdałowiec | N;VOC(SG)	migdałowcu
Inflect migdałowiec | N;ACC(SG)	migdałowiec
Inflect francuski | ADJ;NOM(PL,MASC,HUM)	francuscy
Inflect francuski | ADJ;ACC(SG,FEM)	francuską
Inflect francuski | ADJ;INS(SG,FEM)	francuską
Inflect francuski | ADJ;ACC(SG,MASC,INAN)	francuski
Inflect francuski | ADJ;NOM(SG,MASC)	francuski
Inflect francuski | ADJ;ESS(PL)	francuskich
Inflect francuski | ADJ;GEN(PL)	francuskich
Inflect francuski | ADJ;ACC(PL,MASC,HUM)	francuskich
Inflect francuski | ADJ;ACC(SG,NEUT)	francuskie
Inflect francuski | ADJ;NOM(PL)	francuskie
Inflect francuski | ADJ;GEN(SG,MASC)	francuskiego
Inflect francuski | ADJ;ACC(SG,MASC,HUM)	francuskiego
Inflect francuski | ADJ;ESS(SG,FEM)	francuskiej
Inflect francuski | ADJ;GEN(SG,FEM)	francuskiej
Inflect francuski | ADJ;DAT(SG,MASC)	francuskiemu
Inflect francuski | ADJ;DAT(SG,NEUT)	francuskiemu
Inflect francuski | ADJ;DAT(PL)	francuskim
Inflect francuski | ADJ;ESS(SG,MASC)	francuskim
Inflect francuski | ADJ;INS(SG,MASC)	francuskim
Inflect francuski | ADJ;INS(SG,NEUT)	francuskim
Inflect francuski | ADJ;INS(PL)	francuskimi
Inflect łatwiejszy | ADJ;NOM(PL,MASC,HUM)	łatwiejsi
Inflect łatwiejszy | ADJ;INS(SG,FEM)	łatwiejszą
Inflect łatwiejszy | ADJ;NOM(SG,FEM)	łatwiejsza
Inflect łatwiejszy | ADJ;ACC(PL)	łatwiejsze
Inflect łatwiejszy | ADJ;ACC(SG,NEUT)	łatwiejsze
Inflect łatwiejszy | ADJ;NOM(SG,NEUT)	łatwiejsze
Inflect łatwiejszy | ADJ;NOM(PL)	łatwiejsze
Inflect łatwiejszy | ADJ;ACC(SG,MASC,ANIM)	łatwiejszego
Inflect łatwiejszy | ADJ;GEN(SG,MASC)	łatwiejszego
Inflect łatwiejszy | ADJ;ACC(SG,MASC,HUM)	łatwiejszego
Inflect łatwiejszy | ADJ;GEN(SG,NEUT)	łatwiejszego
Inflect łatwiejszy | ADJ;ESS(SG,FEM)	łatwiejszej
Inflect łatwiejszy | ADJ;GEN(SG,FEM)	łatwiejszej
Inflect łatwiejszy | ADJ;DAT(SG,MASC)	łatwiejszemu
Inflect łatwiejszy | ADJ;DAT(SG,NEUT)	łatwiejszemu
Inflect łatwiejszy | ADJ;NOM(SG,MASC)	łatwiejszy
Inflect łatwiejszy | ADJ;GEN(PL)	łatwiejszych
Inflect łatwiejszy | ADJ;ACC(PL,MASC,HUM)	łatwiejszych
Inflect łatwiejszy | ADJ;DAT(PL)	łatwiejszym
Inflect łatwiejszy | ADJ;ESS(SG,MASC)	łatwiejszym
Inflect łatwiejszy | ADJ;INS(SG,MASC)	łatwiejszym
Inflect łatwiejszy | ADJ;ESS(SG,NEUT)	łatwiejszym
Inflect łatwiejszy | ADJ;INS(PL)	łatwiejszymi
Inflect filologia | N;INS(PL)	filologiami
Inflect filologia | N;INS(SG)	filologią
Inflect filologia | N;NOM(SG)	filologia
Inflect filologia | N;ACC(PL)	filologie
Inflect filologia | N;ACC(SG)	filologię
Inflect filologia | N;NOM(PL)	filologie
Inflect filologia | N;VOC(PL)	filologie
Inflect filologia | N;DAT(SG)	filologii
Inflect filologia | N;ESS(SG)	filologii
Inflect filologia | N;GEN(PL)	filologii
Inflect filologia | N;DAT(PL)	filologiom
Inflect filologia | N;VOC(SG)	filologio
Inflect chochlik | N;ESS(PL)	chochlikach
Inflect chochlik | N;INS(PL)	chochlikami
Inflect chochlik | N;ACC(SG)	chochlika
Inflect chochlik | N;INS(SG)	chochlikiem
Inflect chochlik | N;ACC(PL)	chochliki
Inflect chochlik | N;NOM(PL)	chochliki
Inflect chochlik | N;NOM(SG)	chochlik
Inflect chochlik | N;DAT(PL)	chochlikom
Inflect chochlik | N;DAT(SG)	chochlikowi
Inflect chochlik | N;GEN(PL)	chochlików
Inflect chochlik | N;ESS(SG)	chochliku
Inflect chochlik | N;VOC(SG)	chochliku
Inflect czyn | N;ESS(PL)	czynach
Inflect czyn | N;INS(PL)	czynami
Inflect czyn | N;INS(SG)	czynem
Inflect czyn | N;ESS(SG)	czynie
Inflect czyn | N;ACC(SG)	czyn
Inflect czyn | N;DAT(PL)	czynom
Inflect czyn | N;DAT(SG)	czynowi
Inflect czyn | N;ACC(PL)	czyny
Inflect czyn | N;VOC(PL)	czyny
Inflect skon | N;ESS(PL)	skonach
Inflect skon | N;INS(SG)	skonem
Inflect skon | N;ESS(SG)	skonie
Inflect skon | N;VOC(SG)	skonie
Inflect skon | N;ACC(SG)	skon
Inflect skon | N;NOM(SG)	skon
Inflect skon | N;DAT(PL)	skonom
Inflect skon | N;DAT(SG)	skonowi
Inflect skon | N;GEN(PL)	skonów
Inflect skon | N;GEN(SG)	skonu
Inflect skon | N;ACC(PL)	skony
Inflect okrzemka | N;ESS(SG)	okrzemce
Inflect okrzemka | N;GEN(PL)	okrzemek
Inflect okrzemka | N;INS(PL)	okrzemkami
Inflect okrzemka | N;INS(SG)	okrzemką
Inflect okrzemka | N;NOM(SG)	okrzemka
Inflect okrzemka | N;ACC(SG)	okrzemkę
Inflect okrzemka | N;ACC(PL)	okrzemki
Inflect okrzemka | N;NOM(PL)	okrzemki
Inflect okrzemka | N;DAT(PL)	okrzemkom
Inflect paser | N;ESS(PL)	paserach
Inflect paser | N;GEN(SG)	pasera
Inflect paser | N;INS(SG)	paserem
Inflect paser | N;NOM(SG)	paser
Inflect paser | N;DAT(PL)	paserom
Inflect paser | N;DAT(SG)	paserowi
Inflect paser | N;GEN(PL)	paserów
Inflect paser | N;NOM(PL)	paserzy
Inflect paser | N;VOC(PL)	paserzy
Inflect esencja | N;ESS(PL)	esencjach
Inflect esencja | N;INS(PL)	esencjami
Inflect esencja | N;ACC(SG)	esencję
Inflect esencja | N;NOM(PL)	esencje
Inflect esencja | N;VOC(PL)	esencje
Inflect esencja | N;DAT(SG)	esencji
Inflect esencja | N;ESS(SG)	esencji
Inflect esencja | N;GEN(PL)	esencji
Inflect esencja | N;GEN(SG)	esencji
Inflect żądać | V;COND;3;PL	żądałyby
Inflect wzgórze | N;ESS(PL)	wzgórzach
Inflect wzgórze | N;INS(PL)	wzgórzami
Inflect wzgórze | N;ACC(PL)	wzgórza
Inflect wzgórze | N;GEN(SG)	wzgórza
Inflect wzgórze | N;NOM(PL)	wzgórza
Inflect wzgórze | N;VOC(PL)	wzgórza
Inflect wzgórze | N;INS(SG)	wzgórzem
Inflect wzgórze | N;ACC(SG)	wzgórze
Inflect wzgórze | N;VOC(SG)	wzgórze
Inflect wzgórze | N;DAT(PL)	wzgórzom
Inflect wzgórze | N;DAT(SG)	wzgórzu
Inflect wzgórze | N;ESS(SG)	wzgórzu
Inflect wartość | N;ESS(PL)	wartościach
Inflect wartość | N;INS(PL)	wartościami
Inflect wartość | N;INS(SG)	wartością
Inflect wartość | N;ACC(PL)	wartości
Inflect wartość | N;DAT(SG)	wartości
Inflect wartość | N;ESS(SG)	wartości
Inflect wartość | N;GEN(PL)	wartości
Inflect wartość | N;GEN(SG)	wartości
Inflect wartość | N;NOM(PL)	wartości
Inflect wartość | N;VOC(PL)	wartości
Inflect wartość | N;VOC(SG)	wartości
Inflect wartość | N;ACC(SG)	wartość
Inflect wartość | N;NOM(SG)	wartość
Inflect przedramię | N;ACC(SG)	przedramię
Inflect przedramię | N;GEN(SG)	przedramienia
Inflect przedramię | N;INS(SG)	przedramieniem
Inflect przedramię | N;DAT(SG)	przedramieniu
Inflect przedramię | N;ESS(SG)	przedramieniu
Inflect przedramię | N;NOM(SG)	przedramię
Inflect przedramię | N;VOC(SG)	przedramię
Inflect przedramię | N;ESS(PL)	przedramionach
Inflect przedramię | N;INS(PL)	przedramionami
Inflect przedramię | N;ACC(PL)	przedramiona
Inflect przedramię | N;NOM(PL)	przedramiona
Inflect przedramię | N;GEN(PL)	przedramion
Inflect przedramię | N;DAT(PL)	przedramionom
Inflect pękanie | N;GEN(SG)	pękania
Inflect pękanie | N;INS(SG)	pękaniem
Inflect pękanie | N;ACC(SG)	pękanie
Inflect pękanie | N;NOM(SG)	pękanie
Inflect pękanie | N;VOC(SG)	pękanie
Inflect gołębnik | N;ESS(PL)	gołębnikach
Inflect gołębnik | N;INS(PL)	gołębnikami
Inflect gołębnik | N;INS(SG)	gołębnikiem
Inflect gołębnik | N;NOM(PL)	gołębniki
Inflect gołębnik | N;VOC(PL)	gołębniki
Inflect gołębnik | N;NOM(SG)	gołębnik
Inflect gołębnik | N;DAT(SG)	gołębnikowi
Inflect gołębnik | N;GEN(PL)	gołębników
Inflect gołębnik | N;ESS(SG)	gołębniku
Inflect gołębnik | N;VOC(SG)	gołębniku
Inflect kalumnia | N;INS(PL)	kalumniami
Inflect kalumnia | N;NOM(SG)	kalumnia
Inflect kalumnia | N;ACC(PL)	kalumnie
Inflect kalumnia | N;ACC(SG)	kalumnię
Inflect kalumnia | N;NOM(PL)	kalumnie
Inflect kalumnia | N;VOC(PL)	kalumnie
Inflect kalumnia | N;DAT(SG)	kalumni
Inflect kalumnia | N;ESS(SG)	kalumni
Inflect kalumnia | N;GEN(PL)	kalumni
Inflect kalumnia | N;GEN(SG)	kalumni
Inflect kalumnia | N;DAT(PL)	kalumniom
Inflect kalumnia | N;VOC(SG)	kalumnio
Inflect wyżeł | N;NOM(SG)	wyżeł
Inflect wyżeł | N;ESS(PL)	wyżłach
Inflect wyżeł | N;INS(PL)	wyżłami
Inflect wyżeł | N;ACC(SG)	wyżła
Inflect wyżeł | N;GEN(SG)	wyżła
Inflect wyżeł | N;ESS(SG)	wyżle
Inflect wyżeł | N;VOC(SG)	wyżle
Inflect wyżeł | N;DAT(PL)	wyżłom
Inflect wyżeł | N;DAT(SG)	wyżłowi
Inflect wyżeł | N;GEN(PL)	wyżłów
Inflect wyżeł | N;ACC(PL)	wyżły
Inflect wyżeł | N;VOC(PL)	wyżły
Inflect metoda prób i błędów | N;INS(SG)	metodą prób i błędów
Inflect metoda prób i błędów | N;NOM(SG)	metoda prób i błędów
Inflect metoda prób i błędów | N;ACC(SG)	metodę prób i błędów
Inflect metoda prób i błędów | N;VOC(SG)	metodo prób i błędów
Inflect metoda prób i błędów | N;DAT(SG)	metodzie prób i błędów
Inflect metoda prób i błędów | N;ESS(SG)	metodzie prób i błędów
Inflect płotka | N;NOM(PL)	płotki
Inflect wentylator | N;ESS(PL)	wentylatorach
Inflect wentylator | N;INS(SG)	wentylatorem
Inflect wentylator | N;ACC(SG)	wentylator
Inflect wentylator | N;NOM(SG)	wentylator
Inflect wentylator | N;DAT(PL)	wentylatorom
Inflect wentylator | N;DAT(SG)	wentylatorowi
Inflect wentylator | N;GEN(PL)	wentylatorów
Inflect wentylator | N;ACC(PL)	wentylatory
Inflect wentylator | N;NOM(PL)	wentylatory
Inflect wentylator | N;VOC(PL)	wentylatory
Inflect wentylator | N;VOC(SG)	wentylatorze
Inflect oczywistszy | ADJ;ACC(SG,FEM)	oczywistszą
Inflect oczywistszy | ADJ;NOM(SG,NEUT)	oczywistsze
Inflect oczywistszy | ADJ;ACC(SG,MASC,ANIM)	oczywistszego
Inflect oczywistszy | ADJ;GEN(SG,MASC)	oczywistszego
Inflect oczywistszy | ADJ;ACC(SG,MASC,HUM)	oczywistszego
Inflect oczywistszy | ADJ;GEN(SG,NEUT)	oczywistszego
Inflect oczywistszy | ADJ;ESS(SG,FEM)	oczywistszej
Inflect oczywistszy | ADJ;DAT(SG,MASC)	oczywistszemu
Inflect oczywistszy | ADJ;DAT(SG,NEUT)	oczywistszemu
Inflect oczywistszy | ADJ;ACC(SG,MASC,INAN)	oczywistszy
Inflect oczywistszy | ADJ;NOM(SG,MASC)	oczywistszy
Inflect oczywistszy | ADJ;ESS(PL)	oczywistszych
Inflect oczywistszy | ADJ;GEN(PL)	oczywistszych
Inflect oczywistszy | ADJ;ACC(PL,MASC,HUM)	oczywistszych
Inflect oczywistszy | ADJ;DAT(PL)	oczywistszym
Inflect oczywistszy | ADJ;ESS(SG,MASC)	oczywistszym
Inflect oczywistszy | ADJ;INS(SG,MASC)	oczywistszym
Inflect oczywistszy | ADJ;ESS(SG,NEUT)	oczywistszym
Inflect oczywistszy | ADJ;INS(SG,NEUT)	oczywistszym
Inflect oczywistszy | ADJ;INS(PL)	oczywistszymi
Inflect abiturient | N;ESS(SG)	abituriencie
Inflect abiturient | N;VOC(SG)	abituriencie
Inflect abiturient | N;ESS(PL)	abiturientach
Inflect abiturient | N;INS(PL)	abiturientami
Inflect abiturient | N;ACC(SG)	abiturienta
Inflect abiturient | N;GEN(SG)	abiturienta
Inflect abiturient | N;INS(SG)	abiturientem
Inflect abiturient | N;NOM(SG)	abiturient
Inflect abiturient | N;DAT(SG)	abiturientowi
Inflect abiturient | N;ACC(PL)	abiturientów
Inflect abiturient | N;GEN(PL)	abiturientów
Inflect wół | N;ESS(PL)	wołach
Inflect wół | N;INS(SG)	wołem
Inflect wół | N;ESS(SG)	wole
Inflect wół | N;NOM(SG)	wół
Inflect wół | N;DAT(SG)	wołowi
Inflect wół | N;ACC(SG)	wołu
Inflect wół | N;GEN(SG)	wołu
Inflect wół | N;ACC(PL)	woły
Inflect wół | N;NOM(PL)	woły
Inflect wół | N;VOC(PL)	woły
Inflect foton | N;INS(PL)	fotonami
Inflect foton | N;INS(SG)	fotonem
Inflect foton | N;VOC(SG)	fotonie
Inflect foton | N;ACC(SG)	foton
Inflect foton | N;NOM(SG)	foton
Inflect foton | N;GEN(PL)	fotonów
Inflect foton | N;GEN(SG)	fotonu
Inflect foton | N;ACC(PL)	fotony
Inflect foton | N;NOM(PL)	fotony
Inflect bark | N;ESS(PL)	barkach
Inflect bark | N;INS(PL)	barkami
Inflect bark | N;INS(SG)	barkiem
Inflect bark | N;NOM(PL)	barki
Inflect bark | N;VOC(PL)	barki
Inflect bark | N;ACC(SG)	bark
Inflect bark | N;NOM(SG)	bark
Inflect bark | N;GEN(PL)	barków
Inflect bark | N;ESS(SG)	barku
Inflect bark | N;GEN(SG)	barku
Inflect zgred | N;GEN(SG)	zgreda
Inflect zgred | N;INS(SG)	zgredem
Inflect zgred | N;NOM(SG)	zgred
Inflect zgred | N;DAT(PL)	zgredom
Inflect zgred | N;DAT(SG)	zgredowi
Inflect zgred | N;GEN(PL)	zgredów
Inflect zgred | N;ACC(PL)	zgredy
Inflect zgred | N;NOM(PL)	zgredy
Inflect zgred | N;VOC(PL)	zgredy
Inflect fermion | N;ESS(PL)	fermionach
Inflect fermion | N;INS(PL)	fermionami
Inflect fermion | N;INS(SG)	fermionem
Inflect fermion | N;ESS(SG)	fermionie
Inflect fermion | N;NOM(SG)	fermion
Inflect fermion | N;DAT(PL)	fermionom
Inflect fermion | N;GEN(PL)	fermionów
Inflect fermion | N;ACC(PL)	fermiony
Inflect fermion | N;VOC(PL)	fermiony
Inflect morwa | N;INS(PL)	morwami
Inflect morwa | N;INS(SG)	morwą
Inflect morwa | N;ACC(SG)	morwę
Inflect morwa | N;DAT(SG)	morwie
Inflect morwa | N;GEN(PL)	morw
Inflect morwa | N;DAT(PL)	morwom
Inflect morwa | N;VOC(SG)	morwo
Inflect morwa | N;NOM(PL)	morwy
Inflect morwa | N;VOC(PL)	morwy
Inflect bachor | N;INS(PL)	bachorami
Inflect bachor | N;GEN(SG)	bachora
Inflect bachor | N;INS(SG)	bachorem
Inflect bachor | N;DAT(PL)	bachorom
Inflect bachor | N;DAT(SG)	bachorowi
Inflect bachor | N;GEN(PL)	bachorów
Inflect bachor | N;ACC(PL)	bachory
Inflect bachor | N;NOM(PL)	bachory
Inflect bachor | N;VOC(PL)	bachory
Inflect bachor | N;VOC(SG)	bachorze
Inflect katastroficzny | ADJ;ACC(SG,FEM)	katastroficzną
Inflect katastroficzny | ADJ;INS(SG,FEM)	katastroficzną
Inflect katastroficzny | ADJ;NOM(SG,FEM)	katastroficzna
Inflect katastroficzny | ADJ;ACC(PL)	katastroficzne
Inflect katastroficzny | ADJ;ACC(SG,NEUT)	katastroficzne
Inflect katastroficzny | ADJ;NOM(SG,NEUT)	katastroficzne
Inflect katastroficzny | ADJ;NOM(PL)	katastroficzne
Inflect katastroficzny | ADJ;ACC(SG,MASC,ANIM)	katastroficznego
Inflect katastroficzny | ADJ;GEN(SG,MASC)	katastroficznego
Inflect katastroficzny | ADJ;GEN(SG,NEUT)	katastroficznego
Inflect katastroficzny | ADJ;ACC(SG,MASC,INAN)	katastroficzny
Inflect katastroficzny | ADJ;NOM(SG,MASC)	katastroficzny
Inflect katastroficzny | ADJ;GEN(PL)	katastroficznych
Inflect katastroficzny | ADJ;ACC(PL,MASC,HUM)	katastroficznych
Inflect katastroficzny | ADJ;DAT(PL)	katastroficznym
Inflect katastroficzny | ADJ;ESS(SG,MASC)	katastroficznym
Inflect katastroficzny | ADJ;INS(SG,MASC)	katastroficznym
Inflect katastroficzny | ADJ;ESS(SG,NEUT)	katastroficznym
Inflect katastroficzny | ADJ;INS(SG,NEUT)	katastroficznym
Inflect katastroficzny | ADJ;INS(PL)	katastroficznymi
Inflect kociołek | N;ACC(SG)	kociołek
Inflect kociołek | N;NOM(SG)	kociołek
Inflect kociołek | N;GEN(SG)	kociołka
Inflect kociołek | N;INS(SG)	kociołkiem
Inflect kociołek | N;ACC(PL)	kociołki
Inflect kociołek | N;NOM(PL)	kociołki
Inflect kociołek | N;VOC(PL)	kociołki
Inflect kociołek | N;DAT(PL)	kociołkom
Inflect kociołek | N;DAT(SG)	kociołkowi
Inflect ambasador | N;INS(PL)	ambasadorami
Inflect ambasador | N;ACC(SG)	ambasadora
Inflect ambasador | N;GEN(SG)	ambasadora
Inflect ambasador | N;INS(SG)	ambasadorem
Inflect ambasador | N;NOM(SG)	ambasador
Inflect ambasador | N;DAT(PL)	ambasadorom
Inflect ambasador | N;DAT(SG)	ambasadorowi
Inflect ambasador | N;ACC(PL)	ambasadorów
Inflect kociak | N;ESS(PL)	kociakach
Inflect kociak | N;INS(PL)	kociakami
Inflect kociak | N;ACC(SG)	kociaka
Inflect kociak | N;GEN(SG)	kociaka
Inflect kociak | N;INS(SG)	kociakiem
Inflect kociak | N;NOM(SG)	kociak
Inflect kociak | N;DAT(SG)	kociakowi
Inflect kociak | N;GEN(PL)	kociaków
Inflect kociak | N;ESS(SG)	kociaku
Inflect mak | N;ESS(PL)	makach
Inflect mak | N;ACC(PL)	maki
Inflect mak | N;NOM(PL)	maki
Inflect mak | N;ACC(SG)	mak
Inflect mak | N;NOM(SG)	mak
Inflect mak | N;DAT(PL)	makom
Inflect mak | N;DAT(SG)	makowi
Inflect mak | N;ESS(SG)	maku
Inflect symulowanie | N;GEN(SG)	symulowania
Inflect symulowanie | N;INS(SG)	symulowaniem
Inflect symulowanie | N;ACC(SG)	symulowanie
Inflect symulowanie | N;VOC(SG)	symulowanie
Inflect symulowanie | N;DAT(SG)	symulowaniu
Inflect kojot | N;ESS(SG)	kojocie
Inflect kojot | N;VOC(SG)	kojocie
Inflect kojot | N;ESS(PL)	kojotach
Inflect kojot | N;INS(PL)	kojotami
Inflect kojot | N;ACC(SG)	kojota
Inflect kojot | N;GEN(SG)	kojota
Inflect kojot | N;INS(SG)	kojotem
Inflect kojot | N;DAT(SG)	kojotowi
Inflect kojot | N;ACC(PL)	kojoty
Inflect kojot | N;NOM(PL)	kojoty
Inflect tonąć | V;FUT;3;PL;MASC;HUM	będą tonęli
Inflect tonąć | V;FUT;1;SG;MASC	będę tonął
Inflect tonąć | V;FUT;2;PL	będziecie tonęły
Inflect tonąć | V;FUT;1;PL	będziemy tonęły
Inflect tonąć | V;FUT;2;SG;MASC	będziesz tonął
Inflect tonąć | V;FUT;2;SG;FEM	będziesz tonęła
Inflect tonąć | V;FUT;3;SG;MASC	będzie tonął
Inflect tonąć | V;FUT;3;SG;FEM	będzie tonęła
Inflect tonąć | V;FUT;3;SG;NEUT	będzie tonęło
Inflect tonąć | V;IMP;3;PL	niech toną
Inflect tonąć | V;IMP;3;SG	niech tonie
Inflect tonąć | V.PTCP;PST;ACT;SG;FEM	tonąca
Inflect tonąć | V.PTCP;PST;ACT;PL	tonące
Inflect tonąć | V.PTCP;PST;ACT;SG;NEUT	tonące
Inflect tonąć | V.CVB	tonąc
Inflect tonąć | V;NFIN	tonąć
Inflect tonąć | V.PTCP;PST;ACT;PL;MASC;HUM	tonący
Inflect tonąć | V;COND;1;SG;MASC	tonąłbym
Inflect tonąć | V;PST;2;SG;MASC	tonąłeś
Inflect tonąć | V;PST;3;SG;MASC	tonął
Inflect tonąć | V;COND;1;SG;FEM	tonęłabym
Inflect tonąć | V;COND;2;SG;FEM	tonęłabyś
Inflect tonąć | V;COND;3;SG;FEM	tonęłaby
Inflect tonąć | V;PST;1;SG;FEM	tonęłam
Inflect tonąć | V;PST;3;SG;FEM	tonęła
Inflect tonąć | V;COND;2;PL;MASC;HUM	tonęlibyście
Inflect tonąć | V;COND;3;PL;MASC;HUM	tonęliby
Inflect tonąć | V;PST;1;PL;MASC;HUM	tonęliśmy
Inflect tonąć | V;PST;3;PL;MASC;HUM	tonęli
Inflect tonąć | V;COND;3;SG;NEUT	tonęłoby
Inflect tonąć | V;PST;3;SG;NEUT	tonęło
Inflect tonąć | V;PST;2;PL	tonęłyście
Inflect tonąć | V;PST;1;PL	tonęłyśmy
Inflect tonąć | V;PST;3;PL	tonęły
Inflect tonąć | V;PRS;1;SG	tonę
Inflect tonąć | V.MSDR	tonięcie
Inflect tonąć | V;PRS;2;SG	toniesz
Inflect tonąć | V.PTCP;PST;PASS	tonięto
Inflect tonąć | V;IMP;1;PL	tońmy
Inflect tonąć | V;IMP;2;SG	toń
Inflect skrzydłówka | N;DAT(SG)	skrzydłówce
Inflect skrzydłówka | N;ESS(SG)	skrzydłówce
Inflect skrzydłówka | N;GEN(PL)	skrzydłówek
Inflect skrzydłówka | N;ESS(PL)	skrzydłówkach
Inflect skrzydłówka | N;INS(PL)	skrzydłówkami
Inflect skrzydłówka | N;INS(SG)	skrzydłówką
Inflect skrzydłówka | N;NOM(SG)	skrzydłówka
Inflect skrzydłówka | N;ACC(SG)	skrzydłówkę
Inflect skrzydłówka | N;GEN(SG)	skrzydłówki
Inflect skrzydłówka | N;VOC(PL)	skrzydłówki
Inflect skrzydłówka | N;DAT(PL)	skrzydłówkom
Inflect skrzydłówka | N;VOC(SG)	skrzydłówko
Inflect Szwajcar | N;ACC(SG)	Szwajcara
Inflect persymona | N;ESS(PL)	persymonach
Inflect persymona | N;INS(PL)	persymonami
Inflect persymona | N;INS(SG)	persymoną
Inflect persymona | N;DAT(SG)	persymonie
Inflect persymona | N;ESS(SG)	persymonie
Inflect persymona | N;GEN(PL)	persymon
Inflect persymona | N;DAT(PL)	persymonom
Inflect persymona | N;VOC(SG)	persymono
Inflect persymona | N;ACC(PL)	persymony
Inflect persymona | N;GEN(SG)	persymony
Inflect persymona | N;NOM(PL)	persymony
Inflect persymona | N;VOC(PL)	persymony
Inflect kotlet | N;VOC(SG)	kotlecie
Inflect kotlet | N;ESS(PL)	kotletach
Inflect kotlet | N;INS(PL)	kotletami
Inflect kotlet | N;GEN(SG)	kotleta
Inflect kotlet | N;INS(SG)	kotletem
Inflect kotlet | N;DAT(PL)	kotletom
Inflect kotlet | N;DAT(SG)	kotletowi
Inflect kotlet | N;ACC(PL)	kotlety
Inflect erotyczny | ADJ;INS(SG,FEM)	erotyczną
Inflect erotyczny | ADJ;NOM(SG,FEM)	erotyczna
Inflect erotyczny | ADJ;ACC(PL)	erotyczne
Inflect erotyczny | ADJ;ACC(SG,NEUT)	erotyczne
Inflect erotyczny | ADJ;NOM(SG,NEUT)	erotyczne
Inflect erotyczny | ADJ;ACC(SG,MASC,ANIM)	erotycznego
Inflect erotyczny | ADJ;ACC(SG,MASC,HUM)	erotycznego
Inflect erotyczny | ADJ;GEN(SG,NEUT)	erotycznego
Inflect erotyczny | ADJ;DAT(SG,FEM)	erotycznej
Inflect erotyczny | ADJ;ESS(SG,FEM)	erotycznej
Inflect erotyczny | ADJ;GEN(SG,FEM)	erotycznej
Inflect erotyczny | ADJ;DAT(SG,MASC)	erotycznemu
Inflect erotyczny | ADJ;ACC(SG,MASC,INAN)	erotyczny
Inflect erotyczny | ADJ;ESS(PL)	erotycznych
Inflect erotyczny | ADJ;ACC(PL,MASC,HUM)	erotycznych
Inflect erotyczny | ADJ;DAT(PL)	erotycznym
Inflect erotyczny | ADJ;ESS(SG,MASC)	erotycznym
Inflect erotyczny | ADJ;INS(SG,MASC)	erotycznym
Inflect erotyczny | ADJ;ESS(SG,NEUT)	erotycznym
Inflect erotyczny | ADJ;INS(SG,NEUT)	erotycznym
Inflect erotyczny | ADJ;INS(PL)	erotycznymi
Inflect kołnierz | N;ESS(PL)	kołnierzach
Inflect kołnierz | N;INS(PL)	kołnierzami
Inflect kołnierz | N;GEN(SG)	kołnierza
Inflect kołnierz | N;ACC(PL)	kołnierze
Inflect kołnierz | N;NOM(PL)	kołnierze
Inflect kołnierz | N;VOC(PL)	kołnierze
Inflect kołnierz | N;DAT(PL)	kołnierzom
Inflect kołnierz | N;DAT(SG)	kołnierzowi
Inflect kołnierz | N;VOC(SG)	kołnierzu
Inflect kołnierz | N;GEN(PL)	kołnierzy
Inflect pstrąg | N;ESS(PL)	pstrągach
Inflect pstrąg | N;INS(PL)	pstrągami
Inflect pstrąg | N;ACC(SG)	pstrąga
Inflect pstrąg | N;ACC(PL)	pstrągi
Inflect pstrąg | N;NOM(PL)	pstrągi
Inflect pstrąg | N;NOM(SG)	pstrąg
Inflect pstrąg | N;DAT(PL)	pstrągom
Inflect pstrąg | N;DAT(SG)	pstrągowi
Inflect pstrąg | N;ESS(SG)	pstrągu
Inflect pstrąg | N;VOC(SG)	pstrągu
Inflect gumka | N;GEN(PL)	gumek
Inflect gumka | N;ESS(PL)	gumkach
Inflect gumka | N;INS(PL)	gumkami
Inflect gumka | N;INS(SG)	gumką
Inflect gumka | N;NOM(SG)	gumka
Inflect gumka | N;ACC(SG)	gumkę
Inflect gumka | N;ACC(PL)	gumki
Inflect gumka | N;GEN(SG)	gumki
Inflect gumka | N;NOM(PL)	gumki
Inflect gumka | N;VOC(PL)	gumki
Inflect gumka | N;VOC(SG)	gumko
Inflect pokuta | N;DAT(SG)	pokucie
Inflect pokuta | N;ESS(SG)	pokucie
Inflect pokuta | N;ESS(PL)	pokutach
Inflect pokuta | N;INS(PL)	pokutami
Inflect pokuta | N;NOM(SG)	pokuta
Inflect pokuta | N;ACC(SG)	pokutę
Inflect pokuta | N;GEN(PL)	pokut
Inflect pokuta | N;DAT(PL)	pokutom
Inflect pokuta | N;VOC(SG)	pokuto
Inflect pokuta | N;ACC(PL)	pokuty
Inflect pokuta | N;GEN(SG)	pokuty
Inflect pokuta | N;NOM(PL)	pokuty
Inflect pokuta | N;VOC(PL)	pokuty
Inflect nowomowa | N;INS(SG)	nowomową
Inflect nowomowa | N;ACC(SG)	nowomowę
Inflect nowomowa | N;DAT(SG)	nowomowie
Inflect nowomowa | N;ESS(SG)	nowomowie
Inflect nowomowa | N;VOC(SG)	nowomowo
Inflect arsenian | N;ESS(PL)	arsenianach
Inflect arsenian | N;INS(PL)	arsenianami
Inflect arsenian | N;ESS(SG)	arsenianie
Inflect arsenian | N;VOC(SG)	arsenianie
Inflect arsenian | N;ACC(SG)	arsenian
Inflect arsenian | N;NOM(SG)	arsenian
Inflect arsenian | N;DAT(SG)	arsenianowi
Inflect arsenian | N;GEN(PL)	arsenianów
Inflect arsenian | N;GEN(SG)	arsenianu
Inflect arsenian | N;ACC(PL)	arseniany
Inflect arsenian | N;VOC(PL)	arseniany
Inflect periodyk | N;ESS(PL)	periodykach
Inflect periodyk | N;INS(PL)	periodykami
Inflect periodyk | N;INS(SG)	periodykiem
Inflect periodyk | N;ACC(PL)	periodyki
Inflect periodyk | N;VOC(PL)	periodyki
Inflect periodyk | N;DAT(PL)	periodykom
Inflect periodyk | N;DAT(SG)	periodykowi
Inflect periodyk | N;GEN(PL)	periodyków
Inflect periodyk | N;ESS(SG)	periodyku
Inflect periodyk | N;GEN(SG)	periodyku
Inflect periodyk | N;VOC(SG)	periodyku
Inflect renesansowy | ADJ;ACC(SG,FEM)	renesansową
Inflect renesansowy | ADJ;INS(SG,FEM)	renesansową
Inflect renesansowy | ADJ;NOM(SG,FEM)	renesansowa
Inflect renesansowy | ADJ;ACC(PL)	renesansowe
Inflect renesansowy | ADJ;ACC(SG,NEUT)	renesansowe
Inflect renesansowy | ADJ;NOM(PL)	renesansowe
Inflect renesansowy | ADJ;ACC(SG,MASC,ANIM)	renesansowego
Inflect renesansowy | ADJ;GEN(SG,MASC)	renesansowego
Inflect renesansowy | ADJ;ACC(SG,MASC,HUM)	renesansowego
Inflect renesansowy | ADJ;GEN(SG,FEM)	renesansowej
Inflect renesansowy | ADJ;DAT(SG,MASC)	renesansowemu
Inflect renesansowy | ADJ;DAT(SG,NEUT)	renesansowemu
Inflect renesansowy | ADJ;NOM(PL,MASC,HUM)	renesansowi
Inflect renesansowy | ADJ;ACC(SG,MASC,INAN)	renesansowy
Inflect renesansowy | ADJ;NOM(SG,MASC)	renesansowy
Inflect renesansowy | ADJ;GEN(PL)	renesansowych
Inflect renesansowy | ADJ;ACC(PL,MASC,HUM)	renesansowych
Inflect renesansowy | ADJ;DAT(PL)	renesansowym
Inflect renesansowy | ADJ;ESS(SG,MASC)	renesansowym
Inflect renesansowy | ADJ;INS(SG,MASC)	renesansowym
Inflect renesansowy | ADJ;ESS(SG,NEUT)	renesansowym
Inflect renesansowy | ADJ;INS(SG,NEUT)	renesansowym
Inflect renesansowy | ADJ;INS(PL)	renesansowymi
Inflect żonaty | ADJ;NOM(PL,MASC,HUM)	żonaci
Inflect żonaty | ADJ;ACC(SG,FEM)	żonatą
Inflect żonaty | ADJ;INS(SG,FEM)	żonatą
Inflect żonaty | ADJ;NOM(SG,FEM)	żonata
Inflect żonaty | ADJ;ACC(PL)	żonate
Inflect żonaty | ADJ;ACC(SG,NEUT)	żonate
Inflect żonaty | ADJ;NOM(PL)	żonate
Inflect żonaty | ADJ;ACC(SG,MASC,ANIM)	żonatego
Inflect żonaty | ADJ;ACC(SG,MASC,HUM)	żonatego
Inflect żonaty | ADJ;GEN(SG,NEUT)	żonatego
Inflect żonaty | ADJ;ESS(SG,FEM)	żonatej
Inflect żonaty | ADJ;GEN(SG,FEM)	żonatej
Inflect żonaty | ADJ;DAT(SG,MASC)	żonatemu
Inflect żonaty | ADJ;DAT(SG,NEUT)	żonatemu
Inflect żonaty | ADJ;ACC(SG,MASC,INAN)	żonaty
Inflect żonaty | ADJ;NOM(SG,MASC)	żonaty
Inflect żonaty | ADJ;ESS(PL)	żonatych
Inflect żonaty | ADJ;DAT(PL)	żonatym
Inflect żonaty | ADJ;ESS(SG,MASC)	żonatym
Inflect żonaty | ADJ;INS(SG,MASC)	żonatym
Inflect żonaty | ADJ;ESS(SG,NEUT)	żonatym
Inflect szukać | V;FUT;3;PL;MASC;HUM	będą szukali
Inflect szukać | V;FUT;3;PL	będą szukały
Inflect szukać | V;FUT;1;SG;FEM	będę szukała
Inflect szukać | V;FUT;2;PL	będziecie szukały
Inflect szukać | V;FUT;1;PL;MASC;HUM	będziemy szukali
Inflect szukać | V;FUT;2;SG;MASC	będziesz szukał
Inflect szukać | V;FUT;3;SG;NEUT	będzie szukało
Inflect szukać | V;IMP;3;SG	niech szuka
Inflect szukać | V;PRS;2;PL	szukacie
Inflect szukać | V.PTCP;PST;ACT;SG;FEM	szukająca
Inflect szukać | V.PTCP;PST;ACT;PL	szukające
Inflect szukać | V.CVB	szukając
Inflect szukać | V.PTCP;PST;ACT;PL;MASC;HUM	szukający
Inflect szukać | V.PTCP;PST;ACT;SG;MASC	szukający
Inflect szukać | V;PRS;3;PL	szukają
Inflect szukać | V;IMP;1;PL	szukajmy
Inflect szukać | V;COND;1;SG;FEM	szukałabym
Inflect szukać | V;COND;2;SG;FEM	szukałabyś
Inflect szukać | V;COND;3;SG;FEM	szukałaby
Inflect szukać | V;PST;1;SG;FEM	szukałam
Inflect szukać | V;PST;2;SG;FEM	szukałaś
Inflect szukać | V;PST;3;SG;FEM	szukała
Inflect szukać | V;COND;1;SG;MASC	szukałbym
Inflect szukać | V;COND;2;SG;MASC	szukałbyś
Inflect szukać | V;COND;3;SG;MASC	szukałby
Inflect szukać | V;PST;1;SG;MASC	szukałem
Inflect szukać | V;COND;1;PL;MASC;HUM	szukalibyśmy
Inflect szukać | V;COND;3;PL;MASC;HUM	szukaliby
Inflect szukać | V;PST;2;PL;MASC;HUM	szukaliście
Inflect szukać | V;PST;1;PL;MASC;HUM	szukaliśmy
Inflect szukać | V;PST;3;PL;MASC;HUM	szukali
Inflect szukać | V;COND;3;SG;NEUT	szukałoby
Inflect szukać | V;PST;3;SG;MASC	szukał
Inflect szukać | V;COND;2;PL	szukałybyście
Inflect szukać | V;COND;1;PL	szukałybyśmy
Inflect szukać | V;COND;3;PL	szukałyby
Inflect szukać | V;PST;2;PL	szukałyście
Inflect szukać | V;PST;1;PL	szukałyśmy
Inflect szukać | V;PRS;1;SG	szukam
Inflect szukać | V.MSDR	szukanie
Inflect szukać | V.PTCP;PST;PASS	szukano
Inflect szukać | V;PRS;3;SG	szuka
Inflect jemeński | ADJ;NOM(PL,MASC,HUM)	jemeńscy
Inflect jemeński | ADJ;ACC(SG,FEM)	jemeńską
Inflect jemeński | ADJ;INS(SG,FEM)	jemeńską
Inflect jemeński | ADJ;NOM(SG,MASC)	jemeński
Inflect jemeński | ADJ;ESS(PL)	jemeńskich
Inflect jemeński | ADJ;GEN(PL)	jemeńskich
Inflect jemeński | ADJ;ACC(PL,MASC,HUM)	jemeńskich
Inflect jemeński | ADJ;NOM(SG,NEUT)	jemeńskie
Inflect jemeński | ADJ;ACC(SG,MASC,ANIM)	jemeńskiego
Inflect jemeński | ADJ;GEN(SG,MASC)	jemeńskiego
Inflect jemeński | ADJ;ACC(SG,MASC,HUM)	jemeńskiego
Inflect jemeński | ADJ;GEN(SG,NEUT)	jemeńskiego
Inflect jemeński | ADJ;DAT(SG,FEM)	jemeńskiej
Inflect jemeński | ADJ;ESS(SG,FEM)	jemeńskiej
Inflect jemeński | ADJ;GEN(SG,FEM)	jemeńskiej
Inflect jemeński | ADJ;DAT(SG,MASC)	jemeńskiemu
Inflect jemeński | ADJ;DAT(SG,NEUT)	jemeńskiemu
Inflect jemeński | ADJ;DAT(PL)	jemeńskim
Inflect jemeński | ADJ;ESS(SG,MASC)	jemeńskim
Inflect jemeński | ADJ;INS(SG,MASC)	jemeńskim
Inflect jemeński | ADJ;ESS(SG,NEUT)	jemeńskim
Inflect jemeński | ADJ;INS(SG,NEUT)	jemeńskim
Inflect owczy | ADJ;INS(SG,FEM)	owczą
Inflect owczy | ADJ;NOM(SG,FEM)	owcza
Inflect owczy | ADJ;ACC(PL)	owcze
Inflect owczy | ADJ;NOM(SG,NEUT)	owcze
Inflect owczy | ADJ;NOM(PL)	owcze
Inflect owczy | ADJ;GEN(SG,MASC)	owczego
Inflect owczy | ADJ;ACC(SG,MASC,HUM)	owczego
Inflect owczy | ADJ;GEN(SG,NEUT)	owczego
Inflect owczy | ADJ;GEN(SG,FEM)	owczej
Inflect owczy | ADJ;DAT(SG,MASC)	owczemu
Inflect owczy | ADJ;NOM(PL,MASC,HUM)	owczy
Inflect owczy | ADJ;ACC(SG,MASC,INAN)	owczy
Inflect owczy | ADJ;NOM(SG,MASC)	owczy
Inflect owczy | ADJ;ESS(PL)	owczych
Inflect owczy | ADJ;GEN(PL)	owczych
Inflect owczy | ADJ;ACC(PL,MASC,HUM)	owczych
Inflect owczy | ADJ;DAT(PL)	owczym
Inflect owczy | ADJ;INS(SG,MASC)	owczym
Inflect owczy | ADJ;ESS(SG,NEUT)	owczym
Inflect owczy | ADJ;INS(SG,NEUT)	owczym
Inflect światłość | N;ESS(PL)	światłościach
Inflect światłość | N;INS(PL)	światłościami
Inflect światłość | N;INS(SG)	światłością
Inflect światłość | N;ACC(PL)	światłości
Inflect światłość | N;DAT(SG)	światłości
Inflect światłość | N;ESS(SG)	światłości
Inflect światłość | N;GEN(PL)	światłości
Inflect światłość | N;GEN(SG)	światłości
Inflect światłość | N;NOM(PL)	światłości
Inflect światłość | N;VOC(PL)	światłości
Inflect światłość | N;VOC(SG)	światłości
Inflect światłość | N;ACC(SG)	światłość
Inflect światłość | N;NOM(SG)	światłość
Inflect anarchista | N;ESS(SG)	anarchiście
Inflect anarchista | N;VOC(PL)	anarchiści
Inflect anarchista | N;ESS(PL)	anarchistach
Inflect anarchista | N;INS(PL)	anarchistami
Inflect anarchista | N;INS(SG)	anarchistą
Inflect anarchista | N;NOM(SG)	anarchista
Inflect anarchista | N;ACC(SG)	anarchistę
Inflect anarchista | N;DAT(PL)	anarchistom
Inflect anarchista | N;VOC(SG)	anarchisto
Inflect anarchista | N;ACC(PL)	anarchistów
Inflect anarchista | N;GEN(PL)	anarchistów
Inflect anarchista | N;GEN(SG)	anarchisty
Inflect seler | N;ESS(PL)	selerach
Inflect seler | N;INS(PL)	selerami
Inflect seler | N;GEN(SG)	selera
Inflect seler | N;INS(SG)	selerem
Inflect seler | N;ACC(SG)	seler
Inflect seler | N;NOM(SG)	seler
Inflect seler | N;DAT(PL)	selerom
Inflect seler | N;ACC(PL)	selery
Inflect seler | N;ESS(SG)	selerze
Inflect seler | N;VOC(SG)	selerze
Inflect drzewo | N;ESS(PL)	drzewach
Inflect drzewo | N;INS(PL)	drzewami
Inflect drzewo | N;ACC(PL)	drzewa
Inflect drzewo | N;NOM(PL)	drzewa
Inflect drzewo | N;INS(SG)	drzewem
Inflect drzewo | N;ESS(SG)	drzewie
Inflect drzewo | N;GEN(PL)	drzew
Inflect drzewo | N;ACC(SG)	drzewo
Inflect drzewo | N;VOC(SG)	drzewo
Inflect drzewo | N;DAT(SG)	drzewu
Inflect kurewstwo | N;INS(PL)	kurewstwami
Inflect kurewstwo | N;GEN(SG)	kurewstwa
Inflect kurewstwo | N;NOM(PL)	kurewstwa
Inflect kurewstwo | N;VOC(PL)	kurewstwa
Inflect kurewstwo | N;INS(SG)	kurewstwem
Inflect kurewstwo | N;ESS(SG)	kurewstwie
Inflect kurewstwo | N;DAT(PL)	kurewstwom
Inflect kurewstwo | N;ACC(SG)	kurewstwo
Inflect kurewstwo | N;NOM(SG)	kurewstwo
Inflect kurewstwo | N;VOC(SG)	kurewstwo
Inflect kurewstwo | N;DAT(SG)	kurewstwu
Inflect kruchszy | ADJ;NOM(PL,MASC,HUM)	kruchsi
Inflect kruchszy | ADJ;INS(SG,FEM)	kruchszą
Inflect kruchszy | ADJ;ACC(PL)	kruchsze
Inflect kruchszy | ADJ;ACC(SG,NEUT)	kruchsze
Inflect kruchszy | ADJ;NOM(PL)	kruchsze
Inflect kruchszy | ADJ;ACC(SG,MASC,HUM)	kruchszego
Inflect kruchszy | ADJ;GEN(SG,NEUT)	kruchszego
Inflect kruchszy | ADJ;ESS(SG,FEM)	kruchszej
Inflect kruchszy | ADJ;GEN(SG,FEM)	kruchszej
Inflect kruchszy | ADJ;DAT(SG,MASC)	kruchszemu
Inflect kruchszy | ADJ;DAT(SG,NEUT)	kruchszemu
Inflect kruchszy | ADJ;ACC(SG,MASC,INAN)	kruchszy
Inflect kruchszy | ADJ;NOM(SG,MASC)	kruchszy
Inflect kruchszy | ADJ;ESS(PL)	kruchszych
Inflect kruchszy | ADJ;GEN(PL)	kruchszych
Inflect kruchszy | ADJ;INS(SG,MASC)	kruchszym
Inflect kruchszy | ADJ;ESS(SG,NEUT)	kruchszym
Inflect kruchszy | ADJ;INS(SG,NEUT)	kruchszym
Inflect bohater | N;ESS(PL)	bohaterach
Inflect bohater | N;INS(PL)	bohaterami
Inflect bohater | N;ACC(SG)	bohatera
Inflect bohater | N;GEN(SG)	bohatera
Inflect bohater | N;INS(SG)	bohaterem
Inflect bohater | N;NOM(SG)	bohater
Inflect bohater | N;DAT(PL)	bohaterom
Inflect bohater | N;DAT(SG)	bohaterowi
Inflect bohater | N;ACC(PL)	bohaterów
Inflect bohater | N;GEN(PL)	bohaterów
Inflect bohater | N;ESS(SG)	bohaterze
Inflect bohater | N;VOC(SG)	bohaterze
Inflect puszczyk | N;ESS(PL)	puszczykach
Inflect puszczyk | N;INS(PL)	puszczykami
Inflect puszczyk | N;GEN(SG)	puszczyka
Inflect puszczyk | N;INS(SG)	puszczykiem
Inflect puszczyk | N;ACC(PL)	puszczyki
Inflect puszczyk | N;NOM(PL)	puszczyki
Inflect puszczyk | N;VOC(PL)	puszczyki
Inflect puszczyk | N;DAT(SG)	puszczykowi
Inflect puszczyk | N;GEN(PL)	puszczyków
Inflect puszczyk | N;ESS(SG)	puszczyku
Inflect kantor | N;ESS(PL)	kantorach
Inflect kantor | N;INS(PL)	kantorami
Inflect kantor | N;INS(SG)	kantorem
Inflect kantor | N;ACC(SG)	kantor
Inflect kantor | N;NOM(SG)	kantor
Inflect kantor | N;DAT(PL)	kantorom
Inflect kantor | N;DAT(SG)	kantorowi
Inflect kantor | N;GEN(SG)	kantoru
Inflect kantor | N;NOM(PL)	kantory
Inflect kantor | N;VOC(PL)	kantory
Inflect kantor | N;ESS(SG)	kantorze
Inflect kantor | N;VOC(SG)	kantorze
Inflect idiom | N;INS(SG)	idiomem
Inflect idiom | N;ESS(SG)	idiomie
Inflect idiom | N;VOC(SG)	idiomie
Inflect idiom | N;DAT(PL)	idiomom
Inflect idiom | N;DAT(SG)	idiomowi
Inflect idiom | N;GEN(SG)	idiomu
Inflect idiom | N;ACC(PL)	idiomy
Inflect idiom | N;NOM(PL)	idiomy
Inflect podróż | N;ESS(PL)	podróżach
Inflect podróż | N;INS(PL)	podróżami
Inflect podróż | N;INS(SG)	podróżą
Inflect podróż | N;ACC(PL)	podróże
Inflect podróż | N;NOM(PL)	podróże
Inflect podróż | N;VOC(PL)	podróże
Inflect podróż | N;ACC(SG)	podróż
Inflect podróż | N;DAT(PL)	podróżom
Inflect podróż | N;DAT(SG)	podróży
Inflect podróż | N;ESS(SG)	podróży
Inflect podróż | N;GEN(PL)	podróży
Inflect wypowiedzenie | N;ESS(PL)	wypowiedzeniach
Inflect wypowiedzenie | N;INS(PL)	wypowiedzeniami
Inflect wypowiedzenie | N;ACC(PL)	wypowiedzenia
Inflect wypowiedzenie | N;NOM(PL)	wypowiedzenia
Inflect wypowiedzenie | N;INS(SG)	wypowiedzeniem
Inflect wypowiedzenie | N;ACC(SG)	wypowiedzenie
Inflect wypowiedzenie | N;NOM(SG)	wypowiedzenie
Inflect wypowiedzenie | N;DAT(PL)	wypowiedzeniom
Inflect wypowiedzenie | N;DAT(SG)	wypowiedzeniu
Inflect wypowiedzenie | N;GEN(PL)	wypowiedzeń
Inflect tatuś | N;ESS(PL)	tatusiach
Inflect tatuś | N;INS(PL)	tatusiami
Inflect tatuś | N;ACC(SG)	tatusia
Inflect tatuś | N;INS(SG)	tatusiem
Inflect tatuś | N;NOM(PL)	tatusiowie
Inflect tatuś | N;VOC(PL)	tatusiowie
Inflect tatuś | N;DAT(SG)	tatusiowi
Inflect tatuś | N;GEN(PL)	tatusiów
Inflect tatuś | N;VOC(SG)	tatusiu
Inflect tatuś | N;NOM(SG)	tatuś
Inflect biochemiczny | ADJ;ACC(SG,FEM)	biochemiczną
Inflect biochemiczny | ADJ;INS(SG,FEM)	biochemiczną
Inflect biochemiczny | ADJ;NOM(SG,FEM)	biochemiczna
Inflect biochemiczny | ADJ;ACC(PL)	biochemiczne
Inflect biochemiczny | ADJ;ACC(SG,NEUT)	biochemiczne
Inflect biochemiczny | ADJ;NOM(SG,NEUT)	biochemiczne
Inflect biochemiczny | ADJ;NOM(PL)	biochemiczne
Inflect biochemiczny | ADJ;ACC(SG,MASC,ANIM)	biochemicznego
Inflect biochemiczny | ADJ;GEN(SG,MASC)	biochemicznego
Inflect biochemiczny | ADJ;ACC(SG,MASC,HUM)	biochemicznego
Inflect biochemiczny | ADJ;GEN(SG,NEUT)	biochemicznego
Inflect biochemiczny | ADJ;ESS(SG,FEM)	biochemicznej
Inflect biochemiczny | ADJ;GEN(SG,FEM)	biochemicznej
Inflect biochemiczny | ADJ;DAT(SG,MASC)	biochemicznemu
Inflect biochemiczny | ADJ;DAT(SG,NEUT)	biochemicznemu
Inflect biochemiczny | ADJ;NOM(PL,MASC,HUM)	biochemiczni
Inflect biochemiczny | ADJ;GEN(PL)	biochemicznych
Inflect biochemiczny | ADJ;ACC(PL,MASC,HUM)	biochemicznych
Inflect biochemiczny | ADJ;DAT(PL)	biochemicznym
Inflect biochemiczny | ADJ;ESS(SG,MASC)	biochemicznym
Inflect biochemiczny | ADJ;INS(SG,MASC)	biochemicznym
Inflect biochemiczny | ADJ;ESS(SG,NEUT)	biochemicznym
Inflect biochemiczny | ADJ;INS(PL)	biochemicznymi
Inflect optyka | N;DAT(SG)	optyce
Inflect optyka | N;ESS(SG)	optyce
Inflect optyka | N;INS(SG)	optyką
Inflect optyka | N;ACC(SG)	optykę
Inflect optyka | N;GEN(SG)	optyki
Inflect włodarz | N;ESS(PL)	włodarzach
Inflect włodarz | N;ACC(SG)	włodarza
Inflect włodarz | N;GEN(SG)	włodarza
Inflect włodarz | N;NOM(PL)	włodarze
Inflect włodarz | N;VOC(PL)	włodarze
Inflect włodarz | N;NOM(SG)	włodarz
Inflect włodarz | N;DAT(PL)	włodarzom
Inflect włodarz | N;DAT(SG)	włodarzowi
Inflect włodarz | N;VOC(SG)	włodarzu
Inflect włodarz | N;ACC(PL)	włodarzy
Inflect włodarz | N;GEN(PL)	włodarzy
Inflect sens | N;INS(PL)	sensami
Inflect sens | N;INS(SG)	sensem
Inflect sens | N;ESS(SG)	sensie
Inflect sens | N;VOC(SG)	sensie
Inflect sens | N;NOM(SG)	sens
Inflect sens | N;DAT(PL)	sensom
Inflect sens | N;GEN(PL)	sensów
Inflect sens | N;ACC(PL)	sensy
Inflect sens | N;NOM(PL)	sensy
Inflect publiczny | ADJ;NOM(SG,FEM)	publiczna
Inflect publiczny | ADJ;ACC(PL)	publiczne
Inflect publiczny | ADJ;ACC(SG,NEUT)	publiczne
Inflect publiczny | ADJ;NOM(SG,NEUT)	publiczne
Inflect publiczny | ADJ;NOM(PL)	publiczne
Inflect publiczny | ADJ;GEN(SG,MASC)	publicznego
Inflect publiczny | ADJ;ACC(SG,MASC,HUM)	publicznego
Inflect publiczny | ADJ;GEN(SG,NEUT)	publicznego
Inflect publiczny | ADJ;DAT(SG,FEM)	publicznej
Inflect publiczny | ADJ;ESS(SG,FEM)	publicznej
Inflect publiczny | ADJ;GEN(SG,FEM)	publicznej
Inflect publiczny | ADJ;DAT(SG,NEUT)	publicznemu
Inflect publiczny | ADJ;NOM(PL,MASC,HUM)	publiczni
Inflect publiczny | ADJ;ACC(SG,MASC,INAN)	publiczny
Inflect publiczny | ADJ;NOM(SG,MASC)	publiczny
Inflect publiczny | ADJ;ESS(PL)	publicznych
Inflect publiczny | ADJ;GEN(PL)	publicznych
Inflect publiczny | ADJ;ACC(PL,MASC,HUM)	publicznych
Inflect publiczny | ADJ;DAT(PL)	publicznym
Inflect publiczny | ADJ;ESS(SG,MASC)	publicznym
Inflect publiczny | ADJ;INS(SG,NEUT)	publicznym
Inflect wyczyn | N;INS(PL)	wyczynami
Inflect wyczyn | N;INS(SG)	wyczynem
Inflect wyczyn | N;ESS(SG)	wyczynie
Inflect wyczyn | N;VOC(SG)	wyczynie
Inflect wyczyn | N;ACC(SG)	wyczyn
Inflect wyczyn | N;NOM(SG)	wyczyn
Inflect wyczyn | N;DAT(PL)	wyczynom
Inflect wyczyn | N;DAT(SG)	wyczynowi
Inflect wyczyn | N;GEN(SG)	wyczynu
Inflect wyczyn | N;ACC(PL)	wyczyny
Inflect wyczyn | N;NOM(PL)	wyczyny
Inflect wyczyn | N;VOC(PL)	wyczyny
Inflect waran | N;ESS(PL)	waranach
Inflect waran | N;INS(PL)	waranami
Inflect waran | N;ACC(SG)	warana
Inflect waran | N;INS(SG)	waranem
Inflect waran | N;ESS(SG)	waranie
Inflect waran | N;VOC(SG)	waranie
Inflect waran | N;NOM(SG)	waran
Inflect waran | N;DAT(PL)	waranom
Inflect waran | N;DAT(SG)	waranowi
Inflect waran | N;GEN(PL)	waranów
Inflect waran | N;ACC(PL)	warany
Inflect waran | N;VOC(PL)	warany
Inflect ratrak | N;ESS(PL)	ratrakach
Inflect ratrak | N;INS(PL)	ratrakami
Inflect ratrak | N;ACC(PL)	ratraki
Inflect ratrak | N;NOM(PL)	ratraki
Inflect ratrak | N;ACC(SG)	ratrak
Inflect ratrak | N;DAT(PL)	ratrakom
Inflect ratrak | N;DAT(SG)	ratrakowi
Inflect ratrak | N;ESS(SG)	ratraku
Inflect ratrak | N;GEN(SG)	ratraku
Inflect ratrak | N;VOC(SG)	ratraku
Inflect kamień | N;INS(PL)	kamieniami
Inflect kamień | N;ACC(PL)	kamienie
Inflect kamień | N;NOM(PL)	kamienie
Inflect kamień | N;VOC(PL)	kamienie
Inflect kamień | N;GEN(PL)	kamieni
Inflect kamień | N;DAT(PL)	kamieniom
Inflect kamień | N;DAT(SG)	kamieniowi
Inflect kamień | N;ESS(SG)	kamieniu
Inflect kamień | N;ACC(SG)	kamień
Inflect kamień | N;NOM(SG)	kamień
Inflect rozgrzeszyć | V;IMP;3;PL	niech rozgrzeszą
Inflect rozgrzeszyć | V;IMP;1;SG	niech rozgrzeszę
Inflect rozgrzeszyć | V;IMP;3;SG	niech rozgrzeszy
Inflect rozgrzeszyć | V;FUT;3;PL	rozgrzeszą
Inflect rozgrzeszyć | V;IMP;2;PL	rozgrzeszcie
Inflect rozgrzeszyć | V.MSDR	rozgrzeszenie
Inflect rozgrzeszyć | V.PTCP;PST;PASS;PL;MASC;HUM	rozgrzeszeni
Inflect rozgrzeszyć | V;FUT;1;SG	rozgrzeszę
Inflect rozgrzeszyć | V.PTCP;PST;PASS;SG;FEM	rozgrzeszona
Inflect rozgrzeszyć | V.PTCP;PST;PASS;PL	rozgrzeszone
Inflect rozgrzeszyć | V.PTCP;PST;PASS;SG;NEUT	rozgrzeszone
Inflect rozgrzeszyć | V.PTCP;PST;PASS	rozgrzeszono
Inflect rozgrzeszyć | V.PTCP;PST;PASS;SG;MASC	rozgrzeszony
Inflect rozgrzeszyć | V;IMP;2;SG	rozgrzesz
Inflect rozgrzeszyć | V;NFIN	rozgrzeszyć
Inflect rozgrzeszyć | V;COND;2;SG;FEM	rozgrzeszyłabyś
Inflect rozgrzeszyć | V;COND;3;SG;FEM	rozgrzeszyłaby
Inflect rozgrzeszyć | V;PST;2;SG;FEM	rozgrzeszyłaś
Inflect rozgrzeszyć | V;PST;3;SG;FEM	rozgrzeszyła
Inflect rozgrzeszyć | V;COND;1;SG;MASC	rozgrzeszyłbym
Inflect rozgrzeszyć | V;COND;2;SG;MASC	rozgrzeszyłbyś
Inflect rozgrzeszyć | V;PST;1;SG;MASC	rozgrzeszyłem
Inflect rozgrzeszyć | V;PST;2;SG;MASC	rozgrzeszyłeś
Inflect rozgrzeszyć | V;COND;2;PL;MASC;HUM	rozgrzeszylibyście
Inflect rozgrzeszyć | V;COND;1;PL;MASC;HUM	rozgrzeszylibyśmy
Inflect rozgrzeszyć | V;COND;3;PL;MASC;HUM	rozgrzeszyliby
Inflect rozgrzeszyć | V;PST;2;PL;MASC;HUM	rozgrzeszyliście
Inflect rozgrzeszyć | V;PST;1;PL;MASC;HUM	rozgrzeszyliśmy
Inflect rozgrzeszyć | V;COND;3;SG;NEUT	rozgrzeszyłoby
Inflect rozgrzeszyć | V;PST;3;SG;NEUT	rozgrzeszyło
Inflect rozgrzeszyć | V;PST;3;SG;MASC	rozgrzeszył
Inflect rozgrzeszyć | V;COND;3;PL	rozgrzeszyłyby
Inflect rozgrzeszyć | V;PST;2;PL	rozgrzeszyłyście
Inflect rozgrzeszyć | V;PST;1;PL	rozgrzeszyłyśmy
Inflect rozgrzeszyć | V;FUT;1;PL	rozgrzeszymy
Inflect rozgrzeszyć | V;FUT;2;SG	rozgrzeszysz
Inflect rozgrzeszyć | V;FUT;3;SG	rozgrzeszy
Inflect tabliczka | N;DAT(SG)	tabliczce
Inflect tabliczka | N;ESS(SG)	tabliczce
Inflect tabliczka | N;GEN(PL)	tabliczek
Inflect tabliczka | N;ESS(PL)	tabliczkach
Inflect tabliczka | N;INS(PL)	tabliczkami
Inflect tabliczka | N;INS(SG)	tabliczką
Inflect tabliczka | N;NOM(SG)	tabliczka
Inflect tabliczka | N;ACC(PL)	tabliczki
Inflect tabliczka | N;GEN(SG)	tabliczki
Inflect tabliczka | N;NOM(PL)	tabliczki
Inflect tabliczka | N;VOC(PL)	tabliczki
Inflect tabliczka | N;DAT(PL)	tabliczkom
Inflect tabliczka | N;VOC(SG)	tabliczko
Inflect zgrzebło | N;GEN(PL)	zgrzebeł
Inflect zgrzebło | N;ESS(PL)	zgrzebłach
Inflect zgrzebło | N;INS(PL)	zgrzebłami
Inflect zgrzebło | N;NOM(PL)	zgrzebła
Inflect zgrzebło | N;VOC(PL)	zgrzebła
Inflect zgrzebło | N;INS(SG)	zgrzebłem
Inflect zgrzebło | N;ESS(SG)	zgrzeble
Inflect zgrzebło | N;DAT(PL)	zgrzebłom
Inflect zgrzebło | N;ACC(SG)	zgrzebło
Inflect zgrzebło | N;NOM(SG)	zgrzebło
Inflect zgrzebło | N;VOC(SG)	zgrzebło
Inflect zgrzebło | N;DAT(SG)	zgrzebłu
Inflect niegrzeczne | ADJ;ACC(SG,FEM)	niegrzeczną
Inflect niegrzeczne | ADJ;INS(SG,FEM)	niegrzeczną
Inflect niegrzeczne | ADJ;NOM(SG,FEM)	niegrzeczna
Inflect niegrzeczne | ADJ;ACC(PL)	niegrzeczne
Inflect niegrzeczne | ADJ;ACC(SG,NEUT)	niegrzeczne
Inflect niegrzeczne | ADJ;NOM(SG,NEUT)	niegrzeczne
Inflect niegrzeczne | ADJ;NOM(PL)	niegrzeczne
Inflect niegrzeczne | ADJ;ACC(SG,MASC,ANIM)	niegrzecznego
Inflect niegrzeczne | ADJ;GEN(SG,NEUT)	niegrzecznego
Inflect niegrzeczne | ADJ;DAT(SG,FEM)	niegrzecznej
Inflect niegrzeczne | ADJ;ESS(SG,FEM)	niegrzecznej
Inflect niegrzeczne | ADJ;DAT(SG,MASC)	niegrzecznemu
Inflect niegrzeczne | ADJ;NOM(PL,MASC,HUM)	niegrzeczni
Inflect niegrzeczne | ADJ;ACC(SG,MASC,INAN)	niegrzeczny
Inflect niegrzeczne | ADJ;NOM(SG,MASC)	niegrzeczny
Inflect niegrzeczne | ADJ;ESS(PL)	niegrzecznych
Inflect niegrzeczne | ADJ;GEN(PL)	niegrzecznych
Inflect niegrzeczne | ADJ;ACC(PL,MASC,HUM)	niegrzecznych
Inflect niegrzeczne | ADJ;ESS(SG,MASC)	niegrzecznym
Inflect niegrzeczne | ADJ;INS(SG,MASC)	niegrzecznym
Inflect niegrzeczne | ADJ;ESS(SG,NEUT)	niegrzecznym
Inflect niegrzeczne | ADJ;INS(SG,NEUT)	niegrzecznym
Inflect niegrzeczne | ADJ;INS(PL)	niegrzecznymi
Inflect sukinsyn | N;ESS(PL)	sukinsynach
Inflect sukinsyn | N;ACC(SG)	sukinsyna
Inflect sukinsyn | N;ESS(SG)	sukinsynie
Inflect sukinsyn | N;NOM(PL)	sukinsyni
Inflect sukinsyn | N;NOM(SG)	sukinsyn
Inflect sukinsyn | N;DAT(PL)	sukinsynom
Inflect sukinsyn | N;ACC(PL)	sukinsynów
Inflect sukinsyn | N;GEN(PL)	sukinsynów
Inflect wielobok | N;ESS(PL)	wielobokach
Inflect wielobok | N;INS(PL)	wielobokami
Inflect wielobok | N;INS(SG)	wielobokiem
Inflect wielobok | N;ACC(SG)	wielobok
Inflect wielobok | N;DAT(PL)	wielobokom
Inflect wielobok | N;GEN(PL)	wieloboków
Inflect wielobok | N;ESS(SG)	wieloboku
Inflect zakładka | N;DAT(SG)	zakładce
Inflect zakładka | N;ESS(SG)	zakładce
Inflect zakładka | N;GEN(PL)	zakładek
Inflect zakładka | N;ESS(PL)	zakładkach
Inflect zakładka | N;INS(PL)	zakładkami
Inflect zakładka | N;INS(SG)	zakładką
Inflect zakładka | N;NOM(SG)	zakładka
Inflect zakładka | N;ACC(SG)	zakładkę
Inflect zakładka | N;NOM(PL)	zakładki
Inflect zakładka | N;VOC(SG)	zakładko
Inflect nowotestamentowy | ADJ;ACC(SG,FEM)	nowotestamentową
Inflect nowotestamentowy | ADJ;INS(SG,FEM)	nowotestamentową
Inflect nowotestamentowy | ADJ;NOM(SG,FEM)	nowotestamentowa
Inflect nowotestamentowy | ADJ;ACC(PL)	nowotestamentowe
Inflect nowotestamentowy | ADJ;NOM(SG,NEUT)	nowotestamentowe
Inflect nowotestamentowy | ADJ;NOM(PL)	nowotestamentowe
Inflect nowotestamentowy | ADJ;ACC(SG,MASC,ANIM)	nowotestamentowego
Inflect nowotestamentowy | ADJ;DAT(SG,FEM)	nowotestamentowej
Inflect nowotestamentowy | ADJ;ESS(SG,FEM)	nowotestamentowej
Inflect nowotestamentowy | ADJ;DAT(SG,MASC)	nowotestamentowemu
Inflect nowotestamentowy | ADJ;DAT(SG,NEUT)	nowotestamentowemu
Inflect nowotestamentowy | ADJ;NOM(PL,MASC,HUM)	nowotestamentowi
Inflect nowotestamentowy | ADJ;NOM(SG,MASC)	nowotestamentowy
Inflect nowotestamentowy | ADJ;GEN(PL)	nowotestamentowych
Inflect nowotestamentowy | ADJ;DAT(PL)	nowotestamentowym
Inflect nowotestamentowy | ADJ;INS(SG,MASC)	nowotestamentowym
Inflect nowotestamentowy | ADJ;INS(SG,NEUT)	nowotestamentowym
Inflect nowotestamentowy | ADJ;INS(PL)	nowotestamentowymi
Inflect lider | N;ESS(PL)	liderach
Inflect lider | N;ACC(SG)	lidera
Inflect lider | N;INS(SG)	liderem
Inflect lider | N;NOM(SG)	lider
Inflect lider | N;DAT(SG)	liderowi
Inflect lider | N;ACC(PL)	liderów
Inflect lider | N;ESS(SG)	liderze
Inflect lider | N;VOC(SG)	liderze
Inflect lider | N;NOM(PL)	liderzy
Inflect lider | N;VOC(PL)	liderzy
Inflect szlachetny | ADJ;ACC(SG,FEM)	szlachetną
Inflect szlachetny | ADJ;NOM(SG,FEM)	szlachetna
Inflect szlachetny | ADJ;ACC(PL)	szlachetne
Inflect szlachetny | ADJ;NOM(SG,NEUT)	szlachetne
Inflect szlachetny | ADJ;NOM(PL)	szlachetne
Inflect szlachetny | ADJ;ACC(SG,MASC,ANIM)	szlachetnego
Inflect szlachetny | ADJ;GEN(SG,MASC)	szlachetnego
Inflect szlachetny | ADJ;ACC(SG,MASC,HUM)	szlachetnego
Inflect szlachetny | ADJ;GEN(SG,NEUT)	szlachetnego
Inflect szlachetny | ADJ;ESS(SG,FEM)	szlachetnej
Inflect szlachetny | ADJ;GEN(SG,FEM)	szlachetnej
Inflect szlachetny | ADJ;DAT(SG,NEUT)	szlachetnemu
Inflect szlachetny | ADJ;NOM(SG,MASC)	szlachetny
Inflect szlachetny | ADJ;GEN(PL)	szlachetnych
Inflect szlachetny | ADJ;DAT(PL)	szlachetnym
Inflect szlachetny | ADJ;ESS(SG,MASC)	szlachetnym
Inflect szlachetny | ADJ;INS(SG,MASC)	szlachetnym
Inflect szlachetny | ADJ;INS(SG,NEUT)	szlachetnym
Inflect szlachetny | ADJ;INS(PL)	szlachetnymi
Inflect leasingowy | ADJ;ACC(SG,FEM)	leasingową
Inflect leasingowy | ADJ;NOM(SG,FEM)	leasingowa
Inflect leasingowy | ADJ;NOM(SG,NEUT)	leasingowe
Inflect leasingowy | ADJ;NOM(PL)	leasingowe
Inflect leasingowy | ADJ;ACC(SG,MASC,ANIM)	leasingowego
Inflect leasingowy | ADJ;GEN(SG,MASC)	leasingowego
Inflect leasingowy | ADJ;ACC(SG,MASC,HUM)	leasingowego
Inflect leasingowy | ADJ;GEN(SG,NEUT)	leasingowego
Inflect leasingowy | ADJ;ESS(SG,FEM)	leasingowej
Inflect leasingowy | ADJ;GEN(SG,FEM)	leasingowej
Inflect leasingowy | ADJ;NOM(PL,MASC,HUM)	leasingowi
Inflect leasingowy | ADJ;NOM(SG,MASC)	leasingowy
Inflect leasingowy | ADJ;ESS(PL)	leasingowych
Inflect leasingowy | ADJ;GEN(PL)	leasingowych
Inflect leasingowy | ADJ;ACC(PL,MASC,HUM)	leasingowych
Inflect leasingowy | ADJ;ESS(SG,MASC)	leasingowym
Inflect leasingowy | ADJ;ESS(SG,NEUT)	leasingowym
Inflect leasingowy | ADJ;INS(SG,NEUT)	leasingowym
Inflect leasingowy | ADJ;INS(PL)	leasingowymi
Inflect przytulny | ADJ;NOM(SG,FEM)	przytulna
Inflect przytulny | ADJ;ACC(PL)	przytulne
Inflect przytulny | ADJ;ACC(SG,NEUT)	przytulne
Inflect przytulny | ADJ;NOM(SG,NEUT)	przytulne
Inflect przytulny | ADJ;NOM(PL)	przytulne
Inflect przytulny | ADJ;ACC(SG,MASC,ANIM)	przytulnego
Inflect przytulny | ADJ;GEN(SG,MASC)	przytulnego
Inflect przytulny | ADJ;ACC(SG,MASC,HUM)	przytulnego
Inflect przytulny | ADJ;GEN(SG,NEUT)	przytulnego
Inflect przytulny | ADJ;DAT(SG,FEM)	przytulnej
Inflect przytulny | ADJ;ESS(SG,FEM)	przytulnej
Inflect przytulny | ADJ;DAT(SG,MASC)	przytulnemu
Inflect przytulny | ADJ;DAT(SG,NEUT)	przytulnemu
Inflect przytulny | ADJ;NOM(SG,MASC)	przytulny
Inflect przytulny | ADJ;ESS(PL)	przytulnych
Inflect przytulny | ADJ;GEN(PL)	przytulnych
Inflect przytulny | ADJ;ACC(PL,MASC,HUM)	przytulnych
Inflect przytulny | ADJ;ESS(SG,MASC)	przytulnym
Inflect przytulny | ADJ;INS(SG,MASC)	przytulnym
Inflect przytulny | ADJ;ESS(SG,NEUT)	przytulnym
Inflect zakon | N;ESS(PL)	zakonach
Inflect zakon | N;INS(PL)	zakonami
Inflect zakon | N;INS(SG)	zakonem
Inflect zakon | N;ESS(SG)	zakonie
Inflect zakon | N;VOC(SG)	zakonie
Inflect zakon | N;DAT(PL)	zakonom
Inflect zakon | N;DAT(SG)	zakonowi
Inflect zakon | N;GEN(PL)	zakonów
Inflect zakon | N;GEN(SG)	zakonu
Inflect zakon | N;NOM(PL)	zakony
Inflect zakon | N;VOC(PL)	zakony
Inflect łosiek | N;INS(PL)	łośkami
Inflect łosiek | N;ACC(SG)	łośka
Inflect łosiek | N;INS(SG)	łośkiem
Inflect łosiek | N;NOM(PL)	łośki
Inflect łosiek | N;VOC(PL)	łośki
Inflect łosiek | N;DAT(PL)	łośkom
Inflect łosiek | N;DAT(SG)	łośkowi
Inflect łosiek | N;GEN(PL)	łośków
Inflect łosiek | N;ESS(SG)	łośku
Inflect łosiek | N;VOC(SG)	łośku
Inflect wersja | N;INS(SG)	wersją
Inflect wersja | N;NOM(SG)	wersja
Inflect wersja | N;ACC(PL)	wersje
Inflect wersja | N;ACC(SG)	wersję
Inflect wersja | N;DAT(SG)	wersji
Inflect wersja | N;ESS(SG)	wersji
Inflect wersja | N;GEN(PL)	wersji
Inflect wersja | N;DAT(PL)	wersjom
Inflect wełniany | ADJ;ACC(SG,FEM)	wełnianą
Inflect wełniany | ADJ;INS(SG,FEM)	wełnianą
Inflect wełniany | ADJ;NOM(SG,FEM)	wełniana
Inflect wełniany | ADJ;ACC(PL)	wełniane
Inflect wełniany | ADJ;ACC(SG,NEUT)	wełniane
Inflect wełniany | ADJ;NOM(SG,NEUT)	wełniane
Inflect wełniany | ADJ;NOM(PL)	wełniane
Inflect wełniany | ADJ;ACC(SG,MASC,ANIM)	wełnianego
Inflect wełniany | ADJ;GEN(SG,MASC)	wełnianego
Inflect wełniany | ADJ;ACC(SG,MASC,HUM)	wełnianego
Inflect wełniany | ADJ;GEN(SG,NEUT)	wełnianego
Inflect wełniany | ADJ;DAT(SG,FEM)	wełnianej
Inflect wełniany | ADJ;GEN(SG,FEM)	wełnianej
Inflect wełniany | ADJ;DAT(SG,MASC)	wełnianemu
Inflect wełniany | ADJ;DAT(SG,NEUT)	wełnianemu
Inflect wełniany | ADJ;NOM(PL,MASC,HUM)	wełniani
Inflect wełniany | ADJ;ACC(SG,MASC,INAN)	wełniany
Inflect wełniany | ADJ;NOM(SG,MASC)	wełniany
Inflect wełniany | ADJ;ESS(PL)	wełnianych
Inflect wełniany | ADJ;GEN(PL)	wełnianych
Inflect wełniany | ADJ;ACC(PL,MASC,HUM)	wełnianych
Inflect wełniany | ADJ;DAT(PL)	wełnianym
Inflect wełniany | ADJ;ESS(SG,MASC)	wełnianym
Inflect wełniany | ADJ;INS(SG,MASC)	wełnianym
Inflect wełniany | ADJ;ESS(SG,NEUT)	wełnianym
Inflect wełniany | ADJ;INS(PL)	wełnianymi
Inflect opolski | ADJ;NOM(PL,MASC,HUM)	opolscy
Inflect opolski | ADJ;ACC(SG,FEM)	opolską
Inflect opolski | ADJ;INS(SG,FEM)	opolską
Inflect opolski | ADJ;NOM(SG,FEM)	opolska
Inflect opolski | ADJ;ACC(SG,MASC,INAN)	opolski
Inflect opolski | ADJ;NOM(SG,MASC)	opolski
Inflect opolski | ADJ;ESS(PL)	opolskich
Inflect opolski | ADJ;GEN(PL)	opolskich
Inflect opolski | ADJ;ACC(PL,MASC,HUM)	opolskich
Inflect opolski | ADJ;NOM(PL)	opolskie
Inflect opolski | ADJ;GEN(SG,MASC)	opolskiego
Inflect opolski | ADJ;ACC(SG,MASC,HUM)	opolskiego
Inflect opolski | ADJ;GEN(SG,NEUT)	opolskiego
Inflect opolski | ADJ;DAT(SG,FEM)	opolskiej
Inflect opolski | ADJ;ESS(SG,FEM)	opolskiej
Inflect opolski | ADJ;GEN(SG,FEM)	opolskiej
Inflect opolski | ADJ;DAT(SG,MASC)	opolskiemu
Inflect opolski | ADJ;DAT(SG,NEUT)	opolskiemu
Inflect opolski | ADJ;DAT(PL)	opolskim
Inflect opolski | ADJ;INS(SG,MASC)	opolskim
Inflect opolski | ADJ;ESS(SG,NEUT)	opolskim
Inflect opolski | ADJ;INS(SG,NEUT)	opolskim
Inflect opolski | ADJ;INS(PL)	opolskimi
Inflect bogacz | N;ESS(PL)	bogaczach
Inflect bogacz | N;ACC(SG)	bogacza
Inflect bogacz | N;GEN(SG)	bogacza
Inflect bogacz | N;INS(SG)	bogaczem
Inflect bogacz | N;NOM(PL)	bogacze
Inflect bogacz | N;NOM(SG)	bogacz
Inflect bogacz | N;DAT(SG)	bogaczowi
Inflect bogacz | N;ESS(SG)	bogaczu
Inflect bogacz | N;VOC(SG)	bogaczu
Inflect bogacz | N;GEN(PL)	bogaczy
Inflect uczenie | N;GEN(SG)	uczenia
Inflect uczenie | N;INS(SG)	uczeniem
Inflect uczenie | N;ACC(SG)	uczenie
Inflect uczenie | N;NOM(SG)	uczenie
Inflect uczenie | N;DAT(SG)	uczeniu
Inflect uczenie | N;ESS(SG)	uczeniu
Inflect chińczyk | N;GEN(PL)	chińczyków
Inflect domknięcie | N;ESS(PL)	domknięciach
Inflect domknięcie | N;INS(PL)	domknięciami
Inflect domknięcie | N;ACC(PL)	domknięcia
Inflect domknięcie | N;GEN(SG)	domknięcia
Inflect domknięcie | N;NOM(PL)	domknięcia
Inflect domknięcie | N;NOM(SG)	domknięcie
Inflect domknięcie | N;VOC(SG)	domknięcie
Inflect domknięcie | N;DAT(PL)	domknięciom
Inflect domknięcie | N;DAT(SG)	domknięciu
Inflect domknięcie | N;ESS(SG)	domknięciu
Inflect domknięcie | N;GEN(PL)	domknięć
Inflect najwyraźniejszy | ADJ;NOM(PL,MASC,HUM)	najwyraźniejsi
Inflect najwyraźniejszy | ADJ;INS(SG,FEM)	najwyraźniejszą
Inflect najwyraźniejszy | ADJ;NOM(SG,FEM)	najwyraźniejsza
Inflect najwyraźniejszy | ADJ;ACC(PL)	najwyraźniejsze
Inflect najwyraźniejszy | ADJ;ACC(SG,NEUT)	najwyraźniejsze
Inflect najwyraźniejszy | ADJ;NOM(SG,NEUT)	najwyraźniejsze
Inflect najwyraźniejszy | ADJ;NOM(PL)	najwyraźniejsze
Inflect najwyraźniejszy | ADJ;ACC(SG,MASC,ANIM)	najwyraźniejszego
Inflect najwyraźniejszy | ADJ;GEN(SG,MASC)	najwyraźniejszego
Inflect najwyraźniejszy | ADJ;ACC(SG,MASC,HUM)	najwyraźniejszego
Inflect najwyraźniejszy | ADJ;ESS(SG,FEM)	najwyraźniejszej
Inflect najwyraźniejszy | ADJ;GEN(SG,FEM)	najwyraźniejszej
Inflect najwyraźniejszy | ADJ;DAT(SG,MASC)	najwyraźniejszemu
Inflect najwyraźniejszy | ADJ;ACC(SG,MASC,INAN)	najwyraźniejszy
Inflect najwyraźniejszy | ADJ;NOM(SG,MASC)	najwyraźniejszy
Inflect najwyraźniejszy | ADJ;ESS(PL)	najwyraźniejszych
Inflect najwyraźniejszy | ADJ;GEN(PL)	najwyraźniejszych
Inflect najwyraźniejszy | ADJ;ACC(PL,MASC,HUM)	najwyraźniejszych
Inflect najwyraźniejszy | ADJ;DAT(PL)	najwyraźniejszym
Inflect najwyraźniejszy | ADJ;ESS(SG,MASC)	najwyraźniejszym
Inflect najwyraźniejszy | ADJ;INS(SG,MASC)	najwyraźniejszym
Inflect najwyraźniejszy | ADJ;ESS(SG,NEUT)	najwyraźniejszym
Inflect najwyraźniejszy | ADJ;INS(SG,NEUT)	najwyraźniejszym
Inflect najwyraźniejszy | ADJ;INS(PL)	najwyraźniejszymi
Inflect wyjątek | N;ACC(SG)	wyjątek
Inflect wyjątek | N;NOM(SG)	wyjątek
Inflect wyjątek | N;ESS(PL)	wyjątkach
Inflect wyjątek | N;INS(PL)	wyjątkami
Inflect wyjątek | N;INS(SG)	wyjątkiem
Inflect wyjątek | N;ACC(PL)	wyjątki
Inflect wyjątek | N;VOC(PL)	wyjątki
Inflect wyjątek | N;GEN(PL)	wyjątków
Inflect wyjątek | N;ESS(SG)	wyjątku
Inflect obsesyjny | ADJ;NOM(SG,FEM)	obsesyjna
Inflect obsesyjny | ADJ;ACC(PL)	obsesyjne
Inflect obsesyjny | ADJ;NOM(SG,NEUT)	obsesyjne
Inflect obsesyjny | ADJ;NOM(PL)	obsesyjne
Inflect obsesyjny | ADJ;GEN(SG,MASC)	obsesyjnego
Inflect obsesyjny | ADJ;ACC(SG,MASC,HUM)	obsesyjnego
Inflect obsesyjny | ADJ;GEN(SG,NEUT)	obsesyjnego
Inflect obsesyjny | ADJ;ESS(SG,FEM)	obsesyjnej
Inflect obsesyjny | ADJ;DAT(SG,MASC)	obsesyjnemu
Inflect obsesyjny | ADJ;DAT(SG,NEUT)	obsesyjnemu
Inflect obsesyjny | ADJ;NOM(SG,MASC)	obsesyjny
Inflect obsesyjny | ADJ;ESS(PL)	obsesyjnych
Inflect obsesyjny | ADJ;GEN(PL)	obsesyjnych
Inflect obsesyjny | ADJ;DAT(PL)	obsesyjnym
Inflect obsesyjny | ADJ;ESS(SG,MASC)	obsesyjnym
Inflect obsesyjny | ADJ;INS(SG,MASC)	obsesyjnym
Inflect obsesyjny | ADJ;ESS(SG,NEUT)	obsesyjnym
Inflect obsesyjny | ADJ;INS(PL)	obsesyjnymi
Inflect zmysł | N;ESS(PL)	zmysłach
Inflect zmysł | N;INS(PL)	zmysłami
Inflect zmysł | N;INS(SG)	zmysłem
Inflect zmysł | N;ESS(SG)	zmyśle
Inflect zmysł | N;VOC(SG)	zmyśle
Inflect zmysł | N;ACC(SG)	zmysł
Inflect zmysł | N;NOM(SG)	zmysł
Inflect zmysł | N;DAT(PL)	zmysłom
Inflect zmysł | N;DAT(SG)	zmysłowi
Inflect zmysł | N;GEN(SG)	zmysłu
Inflect zmysł | N;ACC(PL)	zmysły
Inflect zmysł | N;VOC(PL)	zmysły
Inflect prysznic | N;ESS(PL)	prysznicach
Inflect prysznic | N;GEN(SG)	prysznica
Inflect prysznic | N;INS(SG)	prysznicem
Inflect prysznic | N;ACC(PL)	prysznice
Inflect prysznic | N;NOM(PL)	prysznice
Inflect prysznic | N;ACC(SG)	prysznic
Inflect prysznic | N;NOM(SG)	prysznic
Inflect prysznic | N;DAT(SG)	prysznicowi
Inflect prysznic | N;GEN(PL)	pryszniców
Inflect prysznic | N;VOC(SG)	prysznicu
Inflect najczytelniejszy | ADJ;NOM(PL,MASC,HUM)	najczytelniejsi
Inflect najczytelniejszy | ADJ;ACC(SG,FEM)	najczytelniejszą
Inflect najczytelniejszy | ADJ;INS(SG,FEM)	najczytelniejszą
Inflect najczytelniejszy | ADJ;ACC(PL)	najczytelniejsze
Inflect najczytelniejszy | ADJ;ACC(SG,NEUT)	najczytelniejsze
Inflect najczytelniejszy | ADJ;NOM(SG,NEUT)	najczytelniejsze
Inflect najczytelniejszy | ADJ;NOM(PL)	najczytelniejsze
Inflect najczytelniejszy | ADJ;ACC(SG,MASC,ANIM)	najczytelniejszego
Inflect najczytelniejszy | ADJ;GEN(SG,MASC)	najczytelniejszego
Inflect najczytelniejszy | ADJ;GEN(SG,NEUT)	najczytelniejszego
Inflect najczytelniejszy | ADJ;DAT(SG,FEM)	najczytelniejszej
Inflect najczytelniejszy | ADJ;ESS(SG,FEM)	najczytelniejszej
Inflect najczytelniejszy | ADJ;GEN(SG,FEM)	najczytelniejszej
Inflect najczytelniejszy | ADJ;DAT(SG,MASC)	najczytelniejszemu
Inflect najczytelniejszy | ADJ;DAT(SG,NEUT)	najczytelniejszemu
Inflect najczytelniejszy | ADJ;ACC(SG,MASC,INAN)	najczytelniejszy
Inflect najczytelniejszy | ADJ;NOM(SG,MASC)	najczytelniejszy
Inflect najczytelniejszy | ADJ;GEN(PL)	najczytelniejszych
Inflect najczytelniejszy | ADJ;ACC(PL,MASC,HUM)	najczytelniejszych
Inflect najczytelniejszy | ADJ;ESS(SG,MASC)	najczytelniejszym
Inflect najczytelniejszy | ADJ;INS(SG,MASC)	najczytelniejszym
Inflect najczytelniejszy | ADJ;ESS(SG,NEUT)	najczytelniejszym
Inflect najczytelniejszy | ADJ;INS(SG,NEUT)	najczytelniejszym
Inflect drąg | N;ESS(PL)	drągach
Inflect drąg | N;INS(PL)	drągami
Inflect drąg | N;GEN(SG)	drąga
Inflect drąg | N;INS(SG)	drągiem
Inflect drąg | N;ACC(PL)	drągi
Inflect drąg | N;NOM(PL)	drągi
Inflect drąg | N;ACC(SG)	drąg
Inflect drąg | N;DAT(SG)	drągowi
Inflect drąg | N;GEN(PL)	drągów
Inflect drąg | N;ESS(SG)	drągu
Inflect plotka | N;ESS(SG)	plotce
Inflect butan | N;ESS(PL)	butanach
Inflect butan | N;INS(PL)	butanami
Inflect butan | N;INS(SG)	butanem
Inflect butan | N;ESS(SG)	butanie
Inflect butan | N;ACC(SG)	butan
Inflect butan | N;DAT(SG)	butanowi
Inflect butan | N;GEN(SG)	butanu
Inflect butan | N;ACC(PL)	butany
Inflect butan | N;NOM(PL)	butany
Inflect butan | N;VOC(PL)	butany
Inflect parzysty | ADJ;NOM(PL,MASC,HUM)	parzyści
Inflect parzysty | ADJ;NOM(SG,FEM)	parzysta
Inflect parzysty | ADJ;ACC(PL)	parzyste
Inflect parzysty | ADJ;ACC(SG,NEUT)	parzyste
Inflect parzysty | ADJ;NOM(SG,NEUT)	parzyste
Inflect parzysty | ADJ;NOM(PL)	parzyste
Inflect parzysty | ADJ;GEN(SG,NEUT)	parzystego
Inflect parzysty | ADJ;DAT(SG,FEM)	parzystej
Inflect parzysty | ADJ;ESS(SG,FEM)	parzystej
Inflect parzysty | ADJ;GEN(SG,FEM)	parzystej
Inflect parzysty | ADJ;DAT(SG,NEUT)	parzystemu
Inflect parzysty | ADJ;ACC(SG,MASC,INAN)	parzysty
Inflect parzysty | ADJ;NOM(SG,MASC)	parzysty
Inflect parzysty | ADJ;ESS(PL)	parzystych
Inflect parzysty | ADJ;DAT(PL)	parzystym
Inflect parzysty | ADJ;ESS(SG,MASC)	parzystym
Inflect parzysty | ADJ;INS(SG,MASC)	parzystym
Inflect parzysty | ADJ;ESS(SG,NEUT)	parzystym
Inflect przynieść | V;IMP;3;PL	niech przyniosą
Inflect przynieść | V;NFIN	przynieść
Inflect przynieść | V;FUT;1;PL	przyniesiemy
Inflect przynieść | V.MSDR	przyniesienie
Inflect przynieść | V;FUT;2;SG	przyniesiesz
Inflect przynieść | V;FUT;3;SG	przyniesie
Inflect przynieść | V.PTCP;PST;PASS;SG;FEM	przyniesiona
Inflect przynieść | V.PTCP;PST;PASS;PL	przyniesione
Inflect przynieść | V.PTCP;PST;PASS	przyniesiono
Inflect przynieść | V.PTCP;PST;PASS;SG;MASC	przyniesiony
Inflect przynieść | V;COND;1;PL;MASC;HUM	przynieślibyśmy
Inflect przynieść | V;PST;2;PL;MASC;HUM	przynieśliście
Inflect przynieść | V;PST;1;PL;MASC;HUM	przynieśliśmy
Inflect przynieść | V;PST;3;PL;MASC;HUM	przynieśli
Inflect przynieść | V;IMP;1;PL	przynieśmy
Inflect przynieść | V;IMP;2;SG	przynieś
Inflect przynieść | V;COND;1;SG;FEM	przyniosłabym
Inflect przynieść | V;COND;2;SG;FEM	przyniosłabyś
Inflect przynieść | V;COND;3;SG;FEM	przyniosłaby
Inflect przynieść | V;PST;1;SG;FEM	przyniosłam
Inflect przynieść | V;PST;2;SG;FEM	przyniosłaś
Inflect przynieść | V;PST;3;SG;FEM	przyniosła
Inflect przynieść | V;COND;1;SG;MASC	przyniósłbym
Inflect przynieść | V;COND;2;SG;MASC	przyniósłbyś
Inflect przynieść | V;PST;1;SG;MASC	przyniosłem
Inflect przynieść | V;PST;2;SG;MASC	przyniosłeś
Inflect przynieść | V;PST;3;SG;NEUT	przyniosło
Inflect przynieść | V.CVB;PST	przyniósłszy
Inflect przynieść | V;COND;2;PL	przyniosłybyście
Inflect przynieść | V;COND;1;PL	przyniosłybyśmy
Inflect przynieść | V;COND;3;PL	przyniosłyby
Inflect przynieść | V;PST;1;PL	przyniosłyśmy
Inflect przynieść | V;PST;3;PL	przyniosły
Inflect uchodźca | N;INS(PL)	uchodźcami
Inflect uchodźca | N;INS(SG)	uchodźcą
Inflect uchodźca | N;ACC(SG)	uchodźcę
Inflect uchodźca | N;DAT(PL)	uchodźcom
Inflect uchodźca | N;VOC(SG)	uchodźco
Inflect uchodźca | N;GEN(PL)	uchodźców
Inflect uchodźca | N;DAT(SG)	uchodźcy
Inflect uchodźca | N;ESS(SG)	uchodźcy
Inflect uchodźca | N;GEN(SG)	uchodźcy
Inflect uchodźca | N;VOC(PL)	uchodźcy
Inflect ful | N;ESS(PL)	fulach
Inflect ful | N;INS(PL)	fulami
Inflect ful | N;GEN(SG)	fula
Inflect ful | N;INS(SG)	fulem
Inflect ful | N;ACC(PL)	fule
Inflect ful | N;NOM(PL)	fule
Inflect ful | N;VOC(PL)	fule
Inflect ful | N;ACC(SG)	ful
Inflect ful | N;NOM(SG)	ful
Inflect ful | N;DAT(PL)	fulom
Inflect ful | N;ESS(SG)	fulu
Inflect ful | N;VOC(SG)	fulu
Inflect biuro podróży | N;ESS(PL)	biurach podróży
Inflect biuro podróży | N;INS(PL)	biurami podróży
Inflect biuro podróży | N;ACC(PL)	biura podróży
Inflect biuro podróży | N;NOM(PL)	biura podróży
Inflect biuro podróży | N;VOC(PL)	biura podróży
Inflect biuro podróży | N;INS(SG)	biurem podróży
Inflect biuro podróży | N;DAT(PL)	biurom podróży
Inflect biuro podróży | N;ACC(SG)	biuro podróży
Inflect biuro podróży | N;NOM(SG)	biuro podróży
Inflect biuro podróży | N;GEN(PL)	biur podróży
Inflect biuro podróży | N;ESS(SG)	biurze podróży
Inflect razić | V;FUT;3;PL;MASC;HUM	będą razili
Inflect razić | V;FUT;1;SG;FEM	będę raziła
Inflect razić | V;FUT;2;PL;MASC;HUM	będziecie razili
Inflect razić | V;FUT;2;PL	będziecie raziły
Inflect razić | V;FUT;1;PL	będziemy raziły
Inflect razić | V;FUT;3;SG;FEM	będzie raziła
Inflect razić | V;FUT;3;SG;NEUT	będzie raziło
Inflect razić | V;FUT;3;SG;MASC	będzie raził
Inflect razić | V;FUT;2;SG;FEM	będziesz raziła
Inflect razić | V;FUT;2;SG;MASC	będziesz raził
Inflect razić | V;IMP;3;PL	niech rażą
Inflect razić | V.PTCP;PST;ACT;SG;FEM	rażąca
Inflect razić | V.CVB	rażąc
Inflect razić | V.PTCP;PST;ACT;PL;MASC;HUM	rażący
Inflect razić | V.PTCP;PST;ACT;SG;MASC	rażący
Inflect razić | V;IMP;2;PL	raźcie
Inflect razić | V.MSDR	rażenie
Inflect razić | V;PRS;1;SG	rażę
Inflect razić | V;PRS;2;PL	razicie
Inflect razić | V;NFIN	razić
Inflect razić | V;COND;1;SG;FEM	raziłabym
Inflect razić | V;PST;3;SG;FEM	raziła
Inflect razić | V;COND;1;SG;MASC	raziłbym
Inflect razić | V;COND;2;SG;MASC	raziłbyś
Inflect razić | V;COND;3;SG;MASC	raziłby
Inflect razić | V;PST;1;SG;MASC	raziłem
Inflect razić | V;COND;2;PL;MASC;HUM	razilibyście
Inflect razić | V;COND;1;PL;MASC;HUM	razilibyśmy
Inflect razić | V;COND;3;PL;MASC;HUM	raziliby
Inflect razić | V;PST;2;PL;MASC;HUM	raziliście
Inflect razić | V;PST;1;PL;MASC;HUM	raziliśmy
Inflect razić | V;PST;3;PL;MASC;HUM	razili
Inflect razić | V;PST;3;SG;NEUT	raziło
Inflect razić | V;PST;3;SG;MASC	raził
Inflect razić | V;COND;2;PL	raziłybyście
Inflect razić | V;COND;1;PL	raziłybyśmy
Inflect razić | V;PST;2;PL	raziłyście
Inflect razić | V;PST;1;PL	raziłyśmy
Inflect razić | V;PST;3;PL	raziły
Inflect razić | V;PRS;1;PL	razimy
Inflect razić | V;PRS;2;SG	razisz
Inflect razić | V;PRS;3;SG	razi
Inflect razić | V;IMP;1;PL	raźmy
Inflect razić | V.PTCP;PST;PASS;SG;FEM	rażona
Inflect razić | V.PTCP;PST;PASS;SG;NEUT	rażone
Inflect razić | V.PTCP;PST;PASS	rażono
Inflect razić | V;IMP;2;SG	raź
Inflect parodia | N;ESS(PL)	parodiach
Inflect parodia | N;INS(PL)	parodiami
Inflect parodia | N;NOM(SG)	parodia
Inflect parodia | N;ACC(PL)	parodie
Inflect parodia | N;ACC(SG)	parodię
Inflect parodia | N;NOM(PL)	parodie
Inflect parodia | N;DAT(SG)	parodii
Inflect parodia | N;GEN(PL)	parodii
Inflect parodia | N;GEN(SG)	parodii
Inflect parodia | N;DAT(PL)	parodiom
Inflect parodia | N;VOC(SG)	parodio
Inflect czesać | V;FUT;3;PL;MASC;HUM	będą czesali
Inflect czesać | V;FUT;1;SG;FEM	będę czesała
Inflect czesać | V;FUT;2;PL;MASC;HUM	będziecie czesali
Inflect czesać | V;FUT;2;PL	będziecie czesały
Inflect czesać | V;FUT;3;SG;FEM	będzie czesała
Inflect czesać | V;FUT;3;SG;MASC	będzie czesał
Inflect czesać | V;FUT;2;SG;FEM	będziesz czesała
Inflect czesać | V;FUT;2;SG;MASC	będziesz czesał
Inflect czesać | V;NFIN	czesać
Inflect czesać | V;COND;1;SG;FEM	czesałabym
Inflect czesać | V;COND;2;SG;FEM	czesałabyś
Inflect czesać | V;PST;1;SG;FEM	czesałam
Inflect czesać | V;PST;2;SG;FEM	czesałaś
Inflect czesać | V;PST;3;SG;FEM	czesała
Inflect czesać | V;COND;1;SG;MASC	czesałbym
Inflect czesać | V;COND;2;SG;MASC	czesałbyś
Inflect czesać | V;COND;3;SG;MASC	czesałby
Inflect czesać | V;PST;1;SG;MASC	czesałem
Inflect czesać | V;COND;2;PL;MASC;HUM	czesalibyście
Inflect czesać | V;COND;1;PL;MASC;HUM	czesalibyśmy
Inflect czesać | V;COND;3;PL;MASC;HUM	czesaliby
Inflect czesać | V;PST;2;PL;MASC;HUM	czesaliście
Inflect czesać | V;PST;1;PL;MASC;HUM	czesaliśmy
Inflect czesać | V;COND;3;SG;NEUT	czesałoby
Inflect czesać | V;PST;3;SG;NEUT	czesało
Inflect czesać | V;PST;2;PL	czesałyście
Inflect czesać | V;PST;3;PL	czesały
Inflect czesać | V.PTCP;PST;PASS;SG;FEM	czesana
Inflect czesać | V.PTCP;PST;PASS;PL	czesane
Inflect czesać | V.PTCP;PST;PASS;SG;NEUT	czesane
Inflect czesać | V.MSDR	czesanie
Inflect czesać | V.PTCP;PST;PASS;PL;MASC;HUM	czesani
Inflect czesać | V.PTCP;PST;PASS	czesano
Inflect czesać | V.PTCP;PST;PASS;SG;MASC	czesany
Inflect czesać | V.PTCP;PST;ACT;SG;FEM	czesząca
Inflect czesać | V.PTCP;PST;ACT;PL	czeszące
Inflect czesać | V.PTCP;PST;ACT;SG;NEUT	czeszące
Inflect czesać | V.CVB	czesząc
Inflect czesać | V.PTCP;PST;ACT;PL;MASC;HUM	czeszący
Inflect czesać | V;PRS;3;PL	czeszą
Inflect czesać | V;IMP;2;PL	czeszcie
Inflect czesać | V;PRS;2;PL	czeszecie
Inflect czesać | V;PRS;1;PL	czeszemy
Inflect czesać | V;PRS;2;SG	czeszesz
Inflect czesać | V;PRS;3;SG	czesze
Inflect czesać | V;IMP;1;PL	czeszmy
Inflect czesać | V;IMP;2;SG	czesz
Inflect czesać | V;IMP;3;PL	niech czeszą
Inflect teista | N;DAT(SG)	teiście
Inflect teista | N;ESS(SG)	teiście
Inflect teista | N;NOM(PL)	teiści
Inflect teista | N;VOC(PL)	teiści
Inflect teista | N;ESS(PL)	teistach
Inflect teista | N;INS(PL)	teistami
Inflect teista | N;INS(SG)	teistą
Inflect teista | N;NOM(SG)	teista
Inflect teista | N;ACC(SG)	teistę
Inflect teista | N;ACC(PL)	teistów
Inflect teista | N;GEN(PL)	teistów
Inflect krach | N;ESS(PL)	krachach
Inflect krach | N;INS(PL)	krachami
Inflect krach | N;DAT(PL)	krachom
Inflect krach | N;DAT(SG)	krachowi
Inflect krach | N;ESS(SG)	krachu
Inflect krach | N;GEN(SG)	krachu
Inflect krach | N;VOC(SG)	krachu
Inflect krach | N;NOM(PL)	krachy
Inflect krach | N;VOC(PL)	krachy
Inflect najgęstszy | ADJ;NOM(PL,MASC,HUM)	najgęstsi
Inflect najgęstszy | ADJ;ACC(SG,FEM)	najgęstszą
Inflect najgęstszy | ADJ;INS(SG,FEM)	najgęstszą
Inflect najgęstszy | ADJ;NOM(SG,FEM)	najgęstsza
Inflect najgęstszy | ADJ;ACC(PL)	najgęstsze
Inflect najgęstszy | ADJ;NOM(SG,NEUT)	najgęstsze
Inflect najgęstszy | ADJ;NOM(PL)	najgęstsze
Inflect najgęstszy | ADJ;ACC(SG,MASC,HUM)	najgęstszego
Inflect najgęstszy | ADJ;DAT(SG,FEM)	najgęstszej
Inflect najgęstszy | ADJ;DAT(SG,MASC)	najgęstszemu
Inflect najgęstszy | ADJ;ACC(SG,MASC,INAN)	najgęstszy
Inflect najgęstszy | ADJ;ESS(PL)	najgęstszych
Inflect najgęstszy | ADJ;GEN(PL)	najgęstszych
Inflect najgęstszy | ADJ;ACC(PL,MASC,HUM)	najgęstszych
Inflect najgęstszy | ADJ;DAT(PL)	najgęstszym
Inflect najgęstszy | ADJ;INS(SG,MASC)	najgęstszym
Inflect najgęstszy | ADJ;ESS(SG,NEUT)	najgęstszym
Inflect najgęstszy | ADJ;INS(PL)	najgęstszymi
Inflect sejsmometr | N;ESS(PL)	sejsmometrach
Inflect sejsmometr | N;INS(SG)	sejsmometrem
Inflect sejsmometr | N;ACC(SG)	sejsmometr
Inflect sejsmometr | N;DAT(SG)	sejsmometrowi
Inflect sejsmometr | N;GEN(PL)	sejsmometrów
Inflect sejsmometr | N;ACC(PL)	sejsmometry
Inflect sejsmometr | N;NOM(PL)	sejsmometry
Inflect sejsmometr | N;VOC(PL)	sejsmometry
Inflect sejsmometr | N;ESS(SG)	sejsmometrze
Inflect sejsmometr | N;VOC(SG)	sejsmometrze
Inflect niektóry | ADJ;ACC(SG,FEM)	niektórą
Inflect niektóry | ADJ;INS(SG,FEM)	niektórą
Inflect niektóry | ADJ;NOM(SG,FEM)	niektóra
Inflect niektóry | ADJ;ACC(PL)	niektóre
Inflect niektóry | ADJ;ACC(SG,NEUT)	niektóre
Inflect niektóry | ADJ;NOM(SG,NEUT)	niektóre
Inflect niektóry | ADJ;NOM(PL)	niektóre
Inflect niektóry | ADJ;ACC(SG,MASC,ANIM)	niektórego
Inflect niektóry | ADJ;GEN(SG,MASC)	niektórego
Inflect niektóry | ADJ;ACC(SG,MASC,HUM)	niektórego
Inflect niektóry | ADJ;GEN(SG,NEUT)	niektórego
Inflect niektóry | ADJ;DAT(SG,FEM)	niektórej
Inflect niektóry | ADJ;GEN(SG,FEM)	niektórej
Inflect niektóry | ADJ;DAT(SG,MASC)	niektóremu
Inflect niektóry | ADJ;DAT(SG,NEUT)	niektóremu
Inflect niektóry | ADJ;NOM(SG,MASC)	niektóry
Inflect niektóry | ADJ;ESS(PL)	niektórych
Inflect niektóry | ADJ;GEN(PL)	niektórych
Inflect niektóry | ADJ;DAT(PL)	niektórym
Inflect niektóry | ADJ;INS(SG,NEUT)	niektórym
Inflect niektóry | ADJ;INS(PL)	niektórymi
Inflect niektóry | ADJ;NOM(PL,MASC,HUM)	niektórzy
Inflect plus | N;GEN(SG)	plusa
Inflect plus | N;INS(SG)	plusem
Inflect plus | N;VOC(SG)	plusie
Inflect plus | N;NOM(SG)	plus
Inflect plus | N;DAT(PL)	plusom
Inflect plus | N;GEN(PL)	plusów
Inflect plus | N;ACC(PL)	plusy
Inflect plus | N;VOC(PL)	plusy
Inflect lawa | N;NOM(PL)	lawy
Inflect opierdolić | V;IMP;3;PL	niech opierdolą
Inflect opierdolić | V;IMP;1;SG	niech opierdolę
Inflect opierdolić | V;IMP;3;SG	niech opierdoli
Inflect opierdolić | V;IMP;2;PL	opierdolcie
Inflect opierdolić | V.MSDR	opierdolenie
Inflect opierdolić | V.PTCP;PST;PASS;PL;MASC;HUM	opierdoleni
Inflect opierdolić | V;FUT;1;SG	opierdolę
Inflect opierdolić | V;FUT;2;PL	opierdolicie
Inflect opierdolić | V;NFIN	opierdolić
Inflect opierdolić | V;COND;1;SG;FEM	opierdoliłabym
Inflect opierdolić | V;COND;2;SG;FEM	opierdoliłabyś
Inflect opierdolić | V;COND;3;SG;FEM	opierdoliłaby
Inflect opierdolić | V;PST;1;SG;FEM	opierdoliłam
Inflect opierdolić | V;PST;2;SG;FEM	opierdoliłaś
Inflect opierdolić | V;COND;1;SG;MASC	opierdoliłbym
Inflect opierdolić | V;COND;2;SG;MASC	opierdoliłbyś
Inflect opierdolić | V;COND;3;SG;MASC	opierdoliłby
Inflect opierdolić | V;PST;1;SG;MASC	opierdoliłem
Inflect opierdolić | V;PST;2;SG;MASC	opierdoliłeś
Inflect opierdolić | V;COND;2;PL;MASC;HUM	opierdolilibyście
Inflect opierdolić | V;COND;1;PL;MASC;HUM	opierdolilibyśmy
Inflect opierdolić | V;COND;3;PL;MASC;HUM	opierdoliliby
Inflect opierdolić | V;PST;1;PL;MASC;HUM	opierdoliliśmy
Inflect opierdolić | V;PST;3;PL;MASC;HUM	opierdolili
Inflect opierdolić | V;PST;3;SG;NEUT	opierdoliło
Inflect opierdolić | V;PST;3;SG;MASC	opierdolił
Inflect opierdolić | V;COND;2;PL	opierdoliłybyście
Inflect opierdolić | V;COND;1;PL	opierdoliłybyśmy
Inflect opierdolić | V;PST;2;PL	opierdoliłyście
Inflect opierdolić | V;PST;1;PL	opierdoliłyśmy
Inflect opierdolić | V;PST;3;PL	opierdoliły
Inflect opierdolić | V;FUT;1;PL	opierdolimy
Inflect opierdolić | V;FUT;2;SG	opierdolisz
Inflect opierdolić | V;FUT;3;SG	opierdoli
Inflect opierdolić | V.CVB;PST	opierdoliwszy
Inflect opierdolić | V.PTCP;PST;PASS;SG;FEM	opierdolona
Inflect opierdolić | V.PTCP;PST;PASS;PL	opierdolone
Inflect opierdolić | V.PTCP;PST;PASS;SG;NEUT	opierdolone
Inflect opierdolić | V.PTCP;PST;PASS	opierdolono
Inflect opierdolić | V.PTCP;PST;PASS;SG;MASC	opierdolony
Inflect opierdolić | V;IMP;2;SG	opierdol
Inflect weganizm | N;INS(SG)	weganizmem
Inflect weganizm | N;ESS(SG)	weganizmie
Inflect weganizm | N;VOC(SG)	weganizmie
Inflect weganizm | N;ACC(SG)	weganizm
Inflect weganizm | N;NOM(SG)	weganizm
Inflect weganizm | N;DAT(SG)	weganizmowi
Inflect weganizm | N;GEN(SG)	weganizmu
Inflect hasać | V;FUT;3;PL	będą hasały
Inflect hasać | V;FUT;1;SG;FEM	będę hasała
Inflect hasać | V;FUT;1;SG;MASC	będę hasał
Inflect hasać | V;FUT;2;PL;MASC;HUM	będziecie hasali
Inflect hasać | V;FUT;2;PL	będziecie hasały
Inflect hasać | V;FUT;3;SG;FEM	będzie hasała
Inflect hasać | V;FUT;3;SG;NEUT	będzie hasało
Inflect hasać | V;FUT;3;SG;MASC	będzie hasał
Inflect hasać | V;FUT;1;PL;MASC;HUM	będziemy hasali
Inflect hasać | V;FUT;1;PL	będziemy hasały
Inflect hasać | V;FUT;2;SG;MASC	będziesz hasał
Inflect hasać | V;PRS;2;PL	hasacie
Inflect hasać | V;NFIN	hasać
Inflect hasać | V.PTCP;PST;ACT;SG;FEM	hasająca
Inflect hasać | V.PTCP;PST;ACT;PL	hasające
Inflect hasać | V.PTCP;PST;ACT;SG;NEUT	hasające
Inflect hasać | V.PTCP;PST;ACT;SG;MASC	hasający
Inflect hasać | V;PRS;3;PL	hasają
Inflect hasać | V;IMP;2;PL	hasajcie
Inflect hasać | V;IMP;1;PL	hasajmy
Inflect hasać | V;IMP;2;SG	hasaj
Inflect hasać | V;COND;1;SG;FEM	hasałabym
Inflect hasać | V;COND;2;SG;FEM	hasałabyś
Inflect hasać | V;COND;3;SG;FEM	hasałaby
Inflect hasać | V;PST;1;SG;FEM	hasałam
Inflect hasać | V;PST;2;SG;FEM	hasałaś
Inflect hasać | V;PST;3;SG;FEM	hasała
Inflect hasać | V;COND;1;SG;MASC	hasałbym
Inflect hasać | V;COND;2;SG;MASC	hasałbyś
Inflect hasać | V;PST;2;SG;MASC	hasałeś
Inflect hasać | V;COND;1;PL;MASC;HUM	hasalibyśmy
Inflect hasać | V;COND;3;PL;MASC;HUM	hasaliby
Inflect hasać | V;PST;2;PL;MASC;HUM	hasaliście
Inflect hasać | V;PST;1;PL;MASC;HUM	hasaliśmy
Inflect hasać | V;COND;3;SG;NEUT	hasałoby
Inflect hasać | V;PST;3;SG;NEUT	hasało
Inflect hasać | V;PST;3;SG;MASC	hasał
Inflect hasać | V;COND;2;PL	hasałybyście
Inflect hasać | V;COND;1;PL	hasałybyśmy
Inflect hasać | V;PST;2;PL	hasałyście
Inflect hasać | V;PST;1;PL	hasałyśmy
Inflect hasać | V;PST;3;PL	hasały
Inflect hasać | V.MSDR	hasanie
Inflect hasać | V.PTCP;PST;PASS	hasano
Inflect hasać | V;PRS;2;SG	hasasz
Inflect hasać | V;PRS;3;SG	hasa
Inflect hasać | V;IMP;3;PL	niech hasają
Inflect hasać | V;IMP;3;SG	niech hasa
Inflect skrobanka | N;ESS(SG)	skrobance
Inflect skrobanka | N;ESS(PL)	skrobankach
Inflect skrobanka | N;INS(SG)	skrobanką
Inflect skrobanka | N;NOM(SG)	skrobanka
Inflect skrobanka | N;ACC(SG)	skrobankę
Inflect skrobanka | N;ACC(PL)	skrobanki
Inflect skrobanka | N;GEN(SG)	skrobanki
Inflect skrobanka | N;NOM(PL)	skrobanki
Inflect skrobanka | N;VOC(PL)	skrobanki
Inflect skrobanka | N;DAT(PL)	skrobankom
Inflect bicie | N;INS(PL)	biciami
Inflect bicie | N;ACC(PL)	bicia
Inflect bicie | N;GEN(SG)	bicia
Inflect bicie | N;VOC(PL)	bicia
Inflect bicie | N;INS(SG)	biciem
Inflect bicie | N;ACC(SG)	bicie
Inflect bicie | N;NOM(SG)	bicie
Inflect bicie | N;VOC(SG)	bicie
Inflect bicie | N;DAT(PL)	biciom
Inflect bicie | N;DAT(SG)	biciu
Inflect bicie | N;GEN(PL)	bić
Inflect wyrzutek | N;ESS(PL)	wyrzutkach
Inflect wyrzutek | N;ACC(SG)	wyrzutka
Inflect wyrzutek | N;GEN(SG)	wyrzutka
Inflect wyrzutek | N;INS(SG)	wyrzutkiem
Inflect wyrzutek | N;VOC(PL)	wyrzutki
Inflect wyrzutek | N;DAT(PL)	wyrzutkom
Inflect wyrzutek | N;DAT(SG)	wyrzutkowi
Inflect wyrzutek | N;ACC(PL)	wyrzutków
Inflect wyrzutek | N;GEN(PL)	wyrzutków
Inflect wyrzutek | N;ESS(SG)	wyrzutku
Inflect wyrzutek | N;VOC(SG)	wyrzutku
Inflect radian | N;ESS(PL)	radianach
Inflect radian | N;INS(PL)	radianami
Inflect radian | N;GEN(SG)	radiana
Inflect radian | N;ESS(SG)	radianie
Inflect radian | N;VOC(SG)	radianie
Inflect radian | N;DAT(PL)	radianom
Inflect radian | N;DAT(SG)	radianowi
Inflect radian | N;GEN(PL)	radianów
Inflect radian | N;ACC(PL)	radiany
Inflect oddział | N;ESS(PL)	oddziałach
Inflect oddział | N;INS(PL)	oddziałami
Inflect oddział | N;INS(SG)	oddziałem
Inflect oddział | N;ESS(SG)	oddziale
Inflect oddział | N;VOC(SG)	oddziale
Inflect oddział | N;ACC(SG)	oddział
Inflect oddział | N;DAT(SG)	oddziałowi
Inflect oddział | N;GEN(SG)	oddziału
Inflect oddział | N;ACC(PL)	oddziały
Inflect oddział | N;NOM(PL)	oddziały
Inflect oddział | N;VOC(PL)	oddziały
Inflect najznakomitszy | ADJ;NOM(PL,MASC,HUM)	najznakomitsi
Inflect najznakomitszy | ADJ;ACC(SG,FEM)	najznakomitszą
Inflect najznakomitszy | ADJ;ACC(PL)	najznakomitsze
Inflect najznakomitszy | ADJ;ACC(SG,NEUT)	najznakomitsze
Inflect najznakomitszy | ADJ;NOM(SG,NEUT)	najznakomitsze
Inflect najznakomitszy | ADJ;NOM(PL)	najznakomitsze
Inflect najznakomitszy | ADJ;ACC(SG,MASC,ANIM)	najznakomitszego
Inflect najznakomitszy | ADJ;GEN(SG,MASC)	najznakomitszego
Inflect najznakomitszy | ADJ;ACC(SG,MASC,HUM)	najznakomitszego
Inflect najznakomitszy | ADJ;GEN(SG,NEUT)	najznakomitszego
Inflect najznakomitszy | ADJ;DAT(SG,FEM)	najznakomitszej
Inflect najznakomitszy | ADJ;ESS(SG,FEM)	najznakomitszej
Inflect najznakomitszy | ADJ;GEN(SG,FEM)	najznakomitszej
Inflect najznakomitszy | ADJ;DAT(SG,MASC)	najznakomitszemu
Inflect najznakomitszy | ADJ;NOM(SG,MASC)	najznakomitszy
Inflect najznakomitszy | ADJ;ESS(PL)	najznakomitszych
Inflect najznakomitszy | ADJ;DAT(PL)	najznakomitszym
Inflect najznakomitszy | ADJ;ESS(SG,MASC)	najznakomitszym
Inflect najznakomitszy | ADJ;ESS(SG,NEUT)	najznakomitszym
Inflect najznakomitszy | ADJ;INS(SG,NEUT)	najznakomitszym
Inflect żądanie | N;VOC(PL)	żądania
Inflect oregano | N;ESS(PL)	oreganach
Inflect oregano | N;INS(PL)	oreganami
Inflect oregano | N;ACC(PL)	oregana
Inflect oregano | N;GEN(SG)	oregana
Inflect oregano | N;VOC(PL)	oregana
Inflect oregano | N;INS(SG)	oreganem
Inflect oregano | N;ESS(SG)	oreganie
Inflect oregano | N;GEN(PL)	oregan
Inflect oregano | N;DAT(PL)	oreganom
Inflect oregano | N;NOM(SG)	oregano
Inflect oregano | N;DAT(SG)	oreganu
Inflect guziec | N;ESS(PL)	guźcach
Inflect guziec | N;INS(PL)	guźcami
Inflect guziec | N;ACC(SG)	guźca
Inflect guziec | N;GEN(SG)	guźca
Inflect guziec | N;INS(SG)	guźcem
Inflect guziec | N;ACC(PL)	guźce
Inflect guziec | N;VOC(PL)	guźce
Inflect guziec | N;DAT(SG)	guźcowi
Inflect guziec | N;ESS(SG)	guźcu
Inflect guziec | N;VOC(SG)	guźcu
Inflect romantyczny | ADJ;INS(SG,FEM)	romantyczną
Inflect romantyczny | ADJ;ACC(SG,NEUT)	romantyczne
Inflect romantyczny | ADJ;NOM(PL)	romantyczne
Inflect romantyczny | ADJ;ACC(SG,MASC,ANIM)	romantycznego
Inflect romantyczny | ADJ;GEN(SG,MASC)	romantycznego
Inflect romantyczny | ADJ;ACC(SG,MASC,HUM)	romantycznego
Inflect romantyczny | ADJ;GEN(SG,NEUT)	romantycznego
Inflect romantyczny | ADJ;DAT(SG,FEM)	romantycznej
Inflect romantyczny | ADJ;ESS(SG,FEM)	romantycznej
Inflect romantyczny | ADJ;GEN(SG,FEM)	romantycznej
Inflect romantyczny | ADJ;DAT(SG,NEUT)	romantycznemu
Inflect romantyczny | ADJ;NOM(PL,MASC,HUM)	romantyczni
Inflect romantyczny | ADJ;NOM(SG,MASC)	romantyczny
Inflect romantyczny | ADJ;ESS(PL)	romantycznych
Inflect romantyczny | ADJ;GEN(PL)	romantycznych
Inflect romantyczny | ADJ;ACC(PL,MASC,HUM)	romantycznych
Inflect romantyczny | ADJ;ESS(SG,MASC)	romantycznym
Inflect romantyczny | ADJ;INS(SG,MASC)	romantycznym
Inflect romantyczny | ADJ;ESS(SG,NEUT)	romantycznym
Inflect bośniacki | ADJ;NOM(PL,MASC,HUM)	bośniaccy
Inflect bośniacki | ADJ;ACC(SG,FEM)	bośniacką
Inflect bośniacki | ADJ;INS(SG,FEM)	bośniacką
Inflect bośniacki | ADJ;NOM(SG,FEM)	bośniacka
Inflect bośniacki | ADJ;ACC(SG,MASC,INAN)	bośniacki
Inflect bośniacki | ADJ;NOM(SG,MASC)	bośniacki
Inflect bośniacki | ADJ;ESS(PL)	bośniackich
Inflect bośniacki | ADJ;GEN(PL)	bośniackich
Inflect bośniacki | ADJ;ACC(PL,MASC,HUM)	bośniackich
Inflect bośniacki | ADJ;ACC(PL)	bośniackie
Inflect bośniacki | ADJ;ACC(SG,NEUT)	bośniackie
Inflect bośniacki | ADJ;NOM(SG,NEUT)	bośniackie
Inflect bośniacki | ADJ;NOM(PL)	bośniackie
Inflect bośniacki | ADJ;ACC(SG,MASC,ANIM)	bośniackiego
Inflect bośniacki | ADJ;GEN(SG,MASC)	bośniackiego
Inflect bośniacki | ADJ;ACC(SG,MASC,HUM)	bośniackiego
Inflect bośniacki | ADJ;GEN(SG,NEUT)	bośniackiego
Inflect bośniacki | ADJ;GEN(SG,FEM)	bośniackiej
Inflect bośniacki | ADJ;DAT(SG,NEUT)	bośniackiemu
Inflect bośniacki | ADJ;DAT(PL)	bośniackim
Inflect bośniacki | ADJ;ESS(SG,NEUT)	bośniackim
Inflect bośniacki | ADJ;INS(SG,NEUT)	bośniackim
Inflect odkrycie | N;ESS(PL)	odkryciach
Inflect odkrycie | N;INS(PL)	odkryciami
Inflect odkrycie | N;NOM(PL)	odkrycia
Inflect odkrycie | N;INS(SG)	odkryciem
Inflect odkrycie | N;ACC(SG)	odkrycie
Inflect odkrycie | N;NOM(SG)	odkrycie
Inflect odkrycie | N;VOC(SG)	odkrycie
Inflect odkrycie | N;DAT(PL)	odkryciom
Inflect odkrycie | N;DAT(SG)	odkryciu
Inflect odkrycie | N;ESS(SG)	odkryciu
Inflect odkrycie | N;GEN(PL)	odkryć
Inflect lśniący | ADJ;INS(SG,FEM)	lśniącą
Inflect lśniący | ADJ;NOM(SG,FEM)	lśniąca
Inflect lśniący | ADJ;ACC(PL)	lśniące
Inflect lśniący | ADJ;ACC(SG,NEUT)	lśniące
Inflect lśniący | ADJ;NOM(PL)	lśniące
Inflect lśniący | ADJ;ACC(SG,MASC,ANIM)	lśniącego
Inflect lśniący | ADJ;ACC(SG,MASC,HUM)	lśniącego
Inflect lśniący | ADJ;GEN(SG,NEUT)	lśniącego
Inflect lśniący | ADJ;DAT(SG,FEM)	lśniącej
Inflect lśniący | ADJ;ESS(SG,FEM)	lśniącej
Inflect lśniący | ADJ;GEN(SG,FEM)	lśniącej
Inflect lśniący | ADJ;DAT(SG,MASC)	lśniącemu
Inflect lśniący | ADJ;ACC(SG,MASC,INAN)	lśniący
Inflect lśniący | ADJ;NOM(SG,MASC)	lśniący
Inflect lśniący | ADJ;ESS(PL)	lśniących
Inflect lśniący | ADJ;GEN(PL)	lśniących
Inflect lśniący | ADJ;ACC(PL,MASC,HUM)	lśniących
Inflect lśniący | ADJ;ESS(SG,MASC)	lśniącym
Inflect lśniący | ADJ;INS(SG,MASC)	lśniącym
Inflect lśniący | ADJ;ESS(SG,NEUT)	lśniącym
Inflect brukselka | N;GEN(PL)	brukselek
Inflect brukselka | N;INS(PL)	brukselkami
Inflect brukselka | N;INS(SG)	brukselką
Inflect brukselka | N;NOM(SG)	brukselka
Inflect brukselka | N;ACC(SG)	brukselkę
Inflect brukselka | N;ACC(PL)	brukselki
Inflect brukselka | N;GEN(SG)	brukselki
Inflect brukselka | N;NOM(PL)	brukselki
Inflect brukselka | N;VOC(PL)	brukselki
Inflect brukselka | N;VOC(SG)	brukselko
Inflect masowiec | N;ESS(PL)	masowcach
Inflect masowiec | N;GEN(SG)	masowca
Inflect masowiec | N;NOM(PL)	masowce
Inflect masowiec | N;VOC(PL)	masowce
Inflect masowiec | N;DAT(SG)	masowcowi
Inflect masowiec | N;ESS(SG)	masowcu
Inflect masowiec | N;VOC(SG)	masowcu
Inflect masowiec | N;ACC(SG)	masowiec
Inflect masowiec | N;NOM(SG)	masowiec
Inflect satrapa | N;ESS(PL)	satrapach
Inflect satrapa | N;INS(PL)	satrapami
Inflect satrapa | N;INS(SG)	satrapą
Inflect satrapa | N;NOM(SG)	satrapa
Inflect satrapa | N;ACC(SG)	satrapę
Inflect satrapa | N;DAT(PL)	satrapom
Inflect satrapa | N;VOC(SG)	satrapo
Inflect satrapa | N;NOM(PL)	satrapowie
Inflect satrapa | N;VOC(PL)	satrapowie
Inflect satrapa | N;ACC(PL)	satrapów
Inflect satrapa | N;GEN(PL)	satrapów
Inflect satrapa | N;GEN(SG)	satrapy
Inflect jasny | ADJ;ACC(SG,FEM)	jasną
Inflect jasny | ADJ;NOM(SG,FEM)	jasna
Inflect jasny | ADJ;ACC(PL)	jasne
Inflect jasny | ADJ;ACC(SG,NEUT)	jasne
Inflect jasny | ADJ;NOM(PL)	jasne
Inflect jasny | ADJ;ACC(SG,MASC,ANIM)	jasnego
Inflect jasny | ADJ;GEN(SG,MASC)	jasnego
Inflect jasny | ADJ;DAT(SG,FEM)	jasnej
Inflect jasny | ADJ;ESS(SG,FEM)	jasnej
Inflect jasny | ADJ;DAT(SG,MASC)	jasnemu
Inflect jasny | ADJ;DAT(SG,NEUT)	jasnemu
Inflect jasny | ADJ;NOM(PL,MASC,HUM)	jaśni
Inflect jasny | ADJ;NOM(SG,MASC)	jasny
Inflect jasny | ADJ;ESS(PL)	jasnych
Inflect jasny | ADJ;GEN(PL)	jasnych
Inflect jasny | ADJ;ACC(PL,MASC,HUM)	jasnych
Inflect jasny | ADJ;DAT(PL)	jasnym
Inflect jasny | ADJ;ESS(SG,MASC)	jasnym
Inflect jasny | ADJ;INS(SG,NEUT)	jasnym
Inflect kosmyk | N;ESS(PL)	kosmykach
Inflect kosmyk | N;INS(PL)	kosmykami
Inflect kosmyk | N;GEN(SG)	kosmyka
Inflect kosmyk | N;INS(SG)	kosmykiem
Inflect kosmyk | N;ACC(PL)	kosmyki
Inflect kosmyk | N;NOM(PL)	kosmyki
Inflect kosmyk | N;VOC(PL)	kosmyki
Inflect kosmyk | N;DAT(PL)	kosmykom
Inflect kosmyk | N;DAT(SG)	kosmykowi
Inflect kosmyk | N;GEN(PL)	kosmyków
Inflect kosmyk | N;VOC(SG)	kosmyku
Inflect antysemicki | ADJ;INS(SG,FEM)	antysemicką
Inflect antysemicki | ADJ;NOM(SG,FEM)	antysemicka
Inflect antysemicki | ADJ;ACC(SG,MASC,INAN)	antysemicki
Inflect antysemicki | ADJ;NOM(SG,MASC)	antysemicki
Inflect antysemicki | ADJ;GEN(PL)	antysemickich
Inflect antysemicki | ADJ;ACC(SG,NEUT)	antysemickie
Inflect antysemicki | ADJ;NOM(PL)	antysemickie
Inflect antysemicki | ADJ;ACC(SG,MASC,ANIM)	antysemickiego
Inflect antysemicki | ADJ;GEN(SG,MASC)	antysemickiego
Inflect antysemicki | ADJ;ACC(SG,MASC,HUM)	antysemickiego
Inflect antysemicki | ADJ;GEN(SG,NEUT)	antysemickiego
Inflect antysemicki | ADJ;DAT(SG,FEM)	antysemickiej
Inflect antysemicki | ADJ;ESS(SG,FEM)	antysemickiej
Inflect antysemicki | ADJ;GEN(SG,FEM)	antysemickiej
Inflect antysemicki | ADJ;DAT(SG,MASC)	antysemickiemu
Inflect antysemicki | ADJ;DAT(PL)	antysemickim
Inflect antysemicki | ADJ;ESS(SG,MASC)	antysemickim
Inflect antysemicki | ADJ;ESS(SG,NEUT)	antysemickim
Inflect wilczyca | N;ESS(PL)	wilczycach
Inflect wilczyca | N;NOM(SG)	wilczyca
Inflect wilczyca | N;ACC(PL)	wilczyce
Inflect wilczyca | N;ACC(SG)	wilczycę
Inflect wilczyca | N;NOM(PL)	wilczyce
Inflect wilczyca | N;VOC(PL)	wilczyce
Inflect wilczyca | N;GEN(PL)	wilczyc
Inflect wilczyca | N;ESS(SG)	wilczycy
Inflect uraninit | N;VOC(SG)	uraninicie
Inflect uraninit | N;INS(PL)	uraninitami
Inflect uraninit | N;INS(SG)	uraninitem
Inflect uraninit | N;ACC(SG)	uraninit
Inflect uraninit | N;DAT(PL)	uraninitom
Inflect uraninit | N;GEN(PL)	uraninitów
Inflect uraninit | N;ACC(PL)	uraninity
Inflect uraninit | N;NOM(PL)	uraninity
Inflect osika | N;DAT(SG)	osice
Inflect osika | N;ESS(SG)	osice
Inflect osika | N;ESS(PL)	osikach
Inflect osika | N;INS(PL)	osikami
Inflect osika | N;INS(SG)	osiką
Inflect osika | N;NOM(SG)	osika
Inflect osika | N;ACC(PL)	osiki
Inflect osika | N;GEN(SG)	osiki
Inflect osika | N;NOM(PL)	osiki
Inflect osika | N;VOC(PL)	osiki
Inflect osika | N;GEN(PL)	osik
Inflect osika | N;DAT(PL)	osikom
Inflect osika | N;VOC(SG)	osiko
Inflect zmarszczka | N;DAT(SG)	zmarszczce
Inflect zmarszczka | N;ESS(SG)	zmarszczce
Inflect zmarszczka | N;GEN(PL)	zmarszczek
Inflect zmarszczka | N;INS(PL)	zmarszczkami
Inflect zmarszczka | N;NOM(SG)	zmarszczka
Inflect zmarszczka | N;ACC(PL)	zmarszczki
Inflect zmarszczka | N;GEN(SG)	zmarszczki
Inflect zmarszczka | N;DAT(PL)	zmarszczkom
Inflect zmarszczka | N;VOC(SG)	zmarszczko
Inflect jaskrawy | ADJ;ACC(SG,FEM)	jaskrawą
Inflect jaskrawy | ADJ;NOM(SG,FEM)	jaskrawa
Inflect jaskrawy | ADJ;ACC(SG,NEUT)	jaskrawe
Inflect jaskrawy | ADJ;NOM(SG,NEUT)	jaskrawe
Inflect jaskrawy | ADJ;ACC(SG,MASC,ANIM)	jaskrawego
Inflect jaskrawy | ADJ;GEN(SG,MASC)	jaskrawego
Inflect jaskrawy | ADJ;GEN(SG,NEUT)	jaskrawego
Inflect jaskrawy | ADJ;DAT(SG,FEM)	jaskrawej
Inflect jaskrawy | ADJ;ESS(SG,FEM)	jaskrawej
Inflect jaskrawy | ADJ;DAT(SG,NEUT)	jaskrawemu
Inflect jaskrawy | ADJ;NOM(PL,MASC,HUM)	jaskrawi
Inflect jaskrawy | ADJ;ACC(SG,MASC,INAN)	jaskrawy
Inflect jaskrawy | ADJ;ESS(PL)	jaskrawych
Inflect jaskrawy | ADJ;ACC(PL,MASC,HUM)	jaskrawych
Inflect jaskrawy | ADJ;ESS(SG,MASC)	jaskrawym
Inflect jaskrawy | ADJ;ESS(SG,NEUT)	jaskrawym
Inflect jaskrawy | ADJ;INS(SG,NEUT)	jaskrawym
Inflect jaskrawy | ADJ;INS(PL)	jaskrawymi
Inflect elektryczny | ADJ;INS(SG,FEM)	elektryczną
Inflect elektryczny | ADJ;NOM(SG,FEM)	elektryczna
Inflect elektryczny | ADJ;ACC(PL)	elektryczne
Inflect elektryczny | ADJ;NOM(SG,NEUT)	elektryczne
Inflect elektryczny | ADJ;NOM(PL)	elektryczne
Inflect elektryczny | ADJ;ACC(SG,MASC,ANIM)	elektrycznego
Inflect elektryczny | ADJ;ACC(SG,MASC,HUM)	elektrycznego
Inflect elektryczny | ADJ;DAT(SG,FEM)	elektrycznej
Inflect elektryczny | ADJ;GEN(SG,FEM)	elektrycznej
Inflect elektryczny | ADJ;DAT(SG,MASC)	elektrycznemu
Inflect elektryczny | ADJ;NOM(PL,MASC,HUM)	elektryczni
Inflect elektryczny | ADJ;ACC(SG,MASC,INAN)	elektryczny
Inflect elektryczny | ADJ;ACC(PL,MASC,HUM)	elektrycznych
Inflect elektryczny | ADJ;DAT(PL)	elektrycznym
Inflect elektryczny | ADJ;INS(SG,MASC)	elektrycznym
Inflect żakiet | N;ESS(PL)	żakietach
Inflect żakiet | N;INS(PL)	żakietami
Inflect żakiet | N;INS(SG)	żakietem
Inflect żakiet | N;ACC(SG)	żakiet
Inflect żakiet | N;NOM(SG)	żakiet
Inflect żakiet | N;DAT(PL)	żakietom
Inflect żakiet | N;DAT(SG)	żakietowi
Inflect żakiet | N;NOM(PL)	żakiety
Inflect żakiet | N;VOC(PL)	żakiety
Inflect wizyta | N;DAT(SG)	wizycie
Inflect wizyta | N;ESS(SG)	wizycie
Inflect wizyta | N;ESS(PL)	wizytach
Inflect wizyta | N;INS(PL)	wizytami
Inflect wizyta | N;GEN(PL)	wizyt
Inflect wizyta | N;DAT(PL)	wizytom
Inflect wizyta | N;VOC(SG)	wizyto
Inflect wizyta | N;GEN(SG)	wizyty
Inflect wizyta | N;NOM(PL)	wizyty
Inflect wizyta | N;VOC(PL)	wizyty
Inflect budujący | ADJ;ACC(SG,FEM)	budującą
Inflect budujący | ADJ;INS(SG,FEM)	budującą
Inflect budujący | ADJ;NOM(SG,FEM)	budująca
Inflect budujący | ADJ;NOM(SG,NEUT)	budujące
Inflect budujący | ADJ;NOM(PL)	budujące
Inflect budujący | ADJ;ACC(SG,MASC,ANIM)	budującego
Inflect budujący | ADJ;ACC(SG,MASC,HUM)	budującego
Inflect budujący | ADJ;GEN(SG,NEUT)	budującego
Inflect budujący | ADJ;DAT(SG,FEM)	budującej
Inflect budujący | ADJ;GEN(SG,FEM)	budującej
Inflect budujący | ADJ;NOM(PL,MASC,HUM)	budujący
Inflect budujący | ADJ;ACC(SG,MASC,INAN)	budujący
Inflect budujący | ADJ;NOM(SG,MASC)	budujący
Inflect budujący | ADJ;ESS(PL)	budujących
Inflect budujący | ADJ;GEN(PL)	budujących
Inflect budujący | ADJ;DAT(PL)	budującym
Inflect budujący | ADJ;ESS(SG,MASC)	budującym
Inflect budujący | ADJ;INS(SG,MASC)	budującym
Inflect budujący | ADJ;ESS(SG,NEUT)	budującym
Inflect szał | N;INS(SG)	szałem
Inflect upiór | N;ESS(PL)	upiorach
Inflect upiór | N;INS(PL)	upiorami
Inflect upiór | N;GEN(SG)	upiora
Inflect upiór | N;ACC(PL)	upiorów
Inflect upiór | N;GEN(PL)	upiorów
Inflect upiór | N;NOM(PL)	upiory
Inflect upiór | N;VOC(PL)	upiory
Inflect ładowarka | N;DAT(SG)	ładowarce
Inflect ładowarka | N;ESS(SG)	ładowarce
Inflect ładowarka | N;GEN(PL)	ładowarek
Inflect ładowarka | N;ESS(PL)	ładowarkach
Inflect ładowarka | N;INS(PL)	ładowarkami
Inflect ładowarka | N;NOM(SG)	ładowarka
Inflect ładowarka | N;ACC(SG)	ładowarkę
Inflect ładowarka | N;ACC(PL)	ładowarki
Inflect ładowarka | N;GEN(SG)	ładowarki
Inflect ładowarka | N;VOC(PL)	ładowarki
Inflect ładowarka | N;DAT(PL)	ładowarkom
Inflect ładowarka | N;VOC(SG)	ładowarko
Inflect pyta gówna | N;DAT(SG)	pycie gównej
Inflect pyta gówna | N;ESS(SG)	pycie gównej
Inflect pyta gówna | N;INS(SG)	pytą gówną
Inflect pyta gówna | N;NOM(SG)	pyta gówna
Inflect pyta gówna | N;INS(PL)	pytami gównymi
Inflect pyta gówna | N;ACC(SG)	pytę gówną
Inflect pyta gówna | N;DAT(PL)	pytom gównym
Inflect pyta gówna | N;GEN(SG)	pyty gównej
Inflect pyta gówna | N;NOM(PL)	pyty gówne
Inflect pyta gówna | N;VOC(PL)	pyty gówne
Inflect nieprzyjemny | ADJ;NOM(SG,FEM)	nieprzyjemna
Inflect nieprzyjemny | ADJ;ACC(PL)	nieprzyjemne
Inflect nieprzyjemny | ADJ;NOM(SG,NEUT)	nieprzyjemne
Inflect nieprzyjemny | ADJ;ACC(SG,MASC,ANIM)	nieprzyjemnego
Inflect nieprzyjemny | ADJ;GEN(SG,MASC)	nieprzyjemnego
Inflect nieprzyjemny | ADJ;ACC(SG,MASC,HUM)	nieprzyjemnego
Inflect nieprzyjemny | ADJ;GEN(SG,NEUT)	nieprzyjemnego
Inflect nieprzyjemny | ADJ;DAT(SG,FEM)	nieprzyjemnej
Inflect nieprzyjemny | ADJ;ESS(SG,FEM)	nieprzyjemnej
Inflect nieprzyjemny | ADJ;GEN(SG,FEM)	nieprzyjemnej
Inflect nieprzyjemny | ADJ;DAT(SG,NEUT)	nieprzyjemnemu
Inflect nieprzyjemny | ADJ;NOM(PL,MASC,HUM)	nieprzyjemni
Inflect nieprzyjemny | ADJ;ACC(SG,MASC,INAN)	nieprzyjemny
Inflect nieprzyjemny | ADJ;NOM(SG,MASC)	nieprzyjemny
Inflect nieprzyjemny | ADJ;ESS(PL)	nieprzyjemnych
Inflect nieprzyjemny | ADJ;GEN(PL)	nieprzyjemnych
Inflect nieprzyjemny | ADJ;ACC(PL,MASC,HUM)	nieprzyjemnych
Inflect nieprzyjemny | ADJ;DAT(PL)	nieprzyjemnym
Inflect nieprzyjemny | ADJ;ESS(SG,MASC)	nieprzyjemnym
Inflect nieprzyjemny | ADJ;INS(SG,MASC)	nieprzyjemnym
Inflect nieprzyjemny | ADJ;ESS(SG,NEUT)	nieprzyjemnym
Inflect stęp | N;DAT(SG)	stępowi
Inflect zboże | N;ESS(PL)	zbożach
Inflect zboże | N;ACC(PL)	zboża
Inflect zboże | N;GEN(SG)	zboża
Inflect zboże | N;NOM(PL)	zboża
Inflect zboże | N;VOC(PL)	zboża
Inflect zboże | N;VOC(SG)	zboże
Inflect zboże | N;GEN(PL)	zbóż
Inflect biurokracja | N;ESS(PL)	biurokracjach
Inflect biurokracja | N;INS(PL)	biurokracjami
Inflect biurokracja | N;INS(SG)	biurokracją
Inflect biurokracja | N;ACC(PL)	biurokracje
Inflect biurokracja | N;ACC(SG)	biurokrację
Inflect biurokracja | N;NOM(PL)	biurokracje
Inflect biurokracja | N;VOC(PL)	biurokracje
Inflect biurokracja | N;DAT(SG)	biurokracji
Inflect biurokracja | N;ESS(SG)	biurokracji
Inflect biurokracja | N;VOC(SG)	biurokracjo
Inflect grafitowy | ADJ;ACC(SG,FEM)	grafitową
Inflect grafitowy | ADJ;INS(SG,FEM)	grafitową
Inflect grafitowy | ADJ;NOM(SG,FEM)	grafitowa
Inflect grafitowy | ADJ;ACC(PL)	grafitowe
Inflect grafitowy | ADJ;NOM(SG,NEUT)	grafitowe
Inflect grafitowy | ADJ;ACC(SG,MASC,HUM)	grafitowego
Inflect grafitowy | ADJ;GEN(SG,NEUT)	grafitowego
Inflect grafitowy | ADJ;GEN(SG,FEM)	grafitowej
Inflect grafitowy | ADJ;DAT(SG,MASC)	grafitowemu
Inflect grafitowy | ADJ;DAT(SG,NEUT)	grafitowemu
Inflect grafitowy | ADJ;ESS(PL)	grafitowych
Inflect grafitowy | ADJ;ACC(PL,MASC,HUM)	grafitowych
Inflect grafitowy | ADJ;DAT(PL)	grafitowym
Inflect grafitowy | ADJ;ESS(SG,MASC)	grafitowym
Inflect grafitowy | ADJ;INS(SG,MASC)	grafitowym
Inflect grafitowy | ADJ;ESS(SG,NEUT)	grafitowym
Inflect grafitowy | ADJ;INS(SG,NEUT)	grafitowym
Inflect grafitowy | ADJ;INS(PL)	grafitowymi
Inflect świecki | ADJ;NOM(PL,MASC,HUM)	świeccy
Inflect świecki | ADJ;ACC(SG,FEM)	świecką
Inflect świecki | ADJ;INS(SG,FEM)	świecką
Inflect świecki | ADJ;NOM(SG,FEM)	świecka
Inflect świecki | ADJ;ACC(SG,MASC,INAN)	świecki
Inflect świecki | ADJ;GEN(PL)	świeckich
Inflect świecki | ADJ;ACC(PL,MASC,HUM)	świeckich
Inflect świecki | ADJ;ACC(PL)	świeckie
Inflect świecki | ADJ;ACC(SG,NEUT)	świeckie
Inflect świecki | ADJ;NOM(PL)	świeckie
Inflect świecki | ADJ;GEN(SG,MASC)	świeckiego
Inflect świecki | ADJ;DAT(SG,FEM)	świeckiej
Inflect świecki | ADJ;ESS(SG,FEM)	świeckiej
Inflect świecki | ADJ;ESS(SG,MASC)	świeckim
Inflect świecki | ADJ;INS(SG,MASC)	świeckim
Inflect świecki | ADJ;INS(SG,NEUT)	świeckim
Inflect świecki | ADJ;INS(PL)	świeckimi
Inflect bizmut | N;ESS(SG)	bizmucie
Inflect bizmut | N;INS(SG)	bizmutem
Inflect bizmut | N;ACC(SG)	bizmut
Inflect bizmut | N;NOM(SG)	bizmut
Inflect bizmut | N;GEN(SG)	bizmutu
Inflect karton | N;ESS(PL)	kartonach
Inflect karton | N;ESS(SG)	kartonie
Inflect karton | N;VOC(SG)	kartonie
Inflect karton | N;ACC(SG)	karton
Inflect karton | N;DAT(SG)	kartonowi
Inflect karton | N;GEN(PL)	kartonów
Inflect karton | N;GEN(SG)	kartonu
Inflect karton | N;NOM(PL)	kartony
Inflect karton | N;VOC(PL)	kartony
Inflect wykałaczka | N;DAT(SG)	wykałaczce
Inflect wykałaczka | N;ESS(SG)	wykałaczce
Inflect wykałaczka | N;GEN(PL)	wykałaczek
Inflect wykałaczka | N;INS(PL)	wykałaczkami
Inflect wykałaczka | N;INS(SG)	wykałaczką
Inflect wykałaczka | N;NOM(SG)	wykałaczka
Inflect wykałaczka | N;NOM(PL)	wykałaczki
Inflect wykałaczka | N;VOC(PL)	wykałaczki
Inflect wykałaczka | N;VOC(SG)	wykałaczko
Inflect osad | N;INS(SG)	osadem
Inflect absurdyzm | N;INS(SG)	absurdyzmem
Inflect absurdyzm | N;NOM(SG)	absurdyzm
Inflect absurdyzm | N;DAT(SG)	absurdyzmowi
Inflect absurdyzm | N;GEN(SG)	absurdyzmu
Inflect migrena | N;ESS(PL)	migrenach
Inflect migrena | N;INS(PL)	migrenami
Inflect migrena | N;INS(SG)	migreną
Inflect migrena | N;NOM(SG)	migrena
Inflect migrena | N;ACC(SG)	migrenę
Inflect migrena | N;GEN(PL)	migren
Inflect migrena | N;DAT(PL)	migrenom
Inflect migrena | N;ACC(PL)	migreny
Inflect migrena | N;GEN(SG)	migreny
Inflect migrena | N;NOM(PL)	migreny
Inflect migrena | N;VOC(PL)	migreny
Inflect prąd | N;INS(PL)	prądami
Inflect prąd | N;INS(SG)	prądem
Inflect prąd | N;DAT(SG)	prądowi
Inflect prąd | N;ACC(PL)	prądy
Inflect prąd | N;NOM(PL)	prądy
Inflect prąd | N;VOC(PL)	prądy
Inflect prąd | N;ESS(SG)	prądzie
Inflect prąd | N;VOC(SG)	prądzie
Inflect zazdrościć | V;FUT;3;PL;MASC;HUM	będą zazdrościli
Inflect zazdrościć | V;FUT;1;SG;FEM	będę zazdrościła
Inflect zazdrościć | V;FUT;2;PL	będziecie zazdrościły
Inflect zazdrościć | V;FUT;1;PL;MASC;HUM	będziemy zazdrościli
Inflect zazdrościć | V;FUT;2;SG;FEM	będziesz zazdrościła
Inflect zazdrościć | V;FUT;3;SG;FEM	będzie zazdrościła
Inflect zazdrościć | V;FUT;3;SG;MASC	będzie zazdrościł
Inflect zazdrościć | V;IMP;2;PL	zazdrośćcie
Inflect zazdrościć | V;PRS;2;PL	zazdrościcie
Inflect zazdrościć | V;COND;1;SG;FEM	zazdrościłabym
Inflect zazdrościć | V;COND;2;SG;FEM	zazdrościłabyś
Inflect zazdrościć | V;COND;3;SG;FEM	zazdrościłaby
Inflect zazdrościć | V;PST;2;SG;FEM	zazdrościłaś
Inflect zazdrościć | V;PST;3;SG;FEM	zazdrościła
Inflect zazdrościć | V;COND;1;SG;MASC	zazdrościłbym
Inflect zazdrościć | V;COND;3;SG;MASC	zazdrościłby
Inflect zazdrościć | V;COND;2;PL;MASC;HUM	zazdrościlibyście
Inflect zazdrościć | V;COND;1;PL;MASC;HUM	zazdrościlibyśmy
Inflect zazdrościć | V;COND;3;PL;MASC;HUM	zazdrościliby
Inflect zazdrościć | V;PST;1;PL;MASC;HUM	zazdrościliśmy
Inflect zazdrościć | V;PST;3;PL;MASC;HUM	zazdrościli
Inflect zazdrościć | V;COND;2;PL	zazdrościłybyście
Inflect zazdrościć | V;COND;1;PL	zazdrościłybyśmy
Inflect zazdrościć | V;COND;3;PL	zazdrościłyby
Inflect zazdrościć | V;PST;2;PL	zazdrościłyście
Inflect zazdrościć | V;PST;1;PL	zazdrościłyśmy
Inflect zazdrościć | V;PST;3;PL	zazdrościły
Inflect zazdrościć | V;PRS;2;SG	zazdrościsz
Inflect zazdrościć | V;IMP;2;SG	zazdrość
Inflect zazdrościć | V.PTCP;PST;ACT;PL	zazdroszczące
Inflect zazdrościć | V.PTCP;PST;ACT;SG;NEUT	zazdroszczące
Inflect zazdrościć | V.PTCP;PST;ACT;PL;MASC;HUM	zazdroszczący
Inflect zazdrościć | V.PTCP;PST;ACT;SG;MASC	zazdroszczący
Inflect zazdrościć | V;PRS;3;PL	zazdroszczą
Inflect zazdrościć | V.MSDR	zazdroszczenie
Inflect zazdrościć | V;PRS;1;SG	zazdroszczę
Inflect zazdrościć | V.PTCP;PST;PASS	zazdroszczono
Inflect nietrzymanie moczu | N;GEN(SG)	nietrzymania moczu
Inflect nietrzymanie moczu | N;INS(SG)	nietrzymaniem moczu
Inflect nietrzymanie moczu | N;ACC(SG)	nietrzymanie moczu
Inflect nietrzymanie moczu | N;VOC(SG)	nietrzymanie moczu
Inflect nietrzymanie moczu | N;DAT(SG)	nietrzymaniu moczu
Inflect następnik | N;ESS(PL)	następnikach
Inflect następnik | N;INS(PL)	następnikami
Inflect następnik | N;GEN(SG)	następnika
Inflect następnik | N;INS(SG)	następnikiem
Inflect następnik | N;ACC(PL)	następniki
Inflect następnik | N;NOM(PL)	następniki
Inflect następnik | N;VOC(PL)	następniki
Inflect następnik | N;NOM(SG)	następnik
Inflect następnik | N;DAT(PL)	następnikom
Inflect następnik | N;GEN(PL)	następników
Inflect następnik | N;VOC(SG)	następniku
Inflect czysta | N;INS(SG)	czystą
Inflect czysta | N;NOM(SG)	czysta
Inflect czysta | N;VOC(SG)	czysta
Inflect czysta | N;DAT(SG)	czystej
Inflect czysta | N;GEN(SG)	czystej
Inflect czysta | N;ACC(PL)	czyste
Inflect czysta | N;NOM(PL)	czyste
Inflect czysta | N;ESS(PL)	czystych
Inflect czysta | N;GEN(PL)	czystych
Inflect wzór | N;INS(PL)	wzorami
Inflect wzór | N;INS(SG)	wzorem
Inflect wzór | N;NOM(SG)	wzór
Inflect wzór | N;DAT(SG)	wzorowi
Inflect wzór | N;GEN(PL)	wzorów
Inflect wzór | N;GEN(SG)	wzoru
Inflect wzór | N;ACC(PL)	wzory
Inflect wzór | N;NOM(PL)	wzory
Inflect wzór | N;VOC(PL)	wzory
Inflect wzór | N;VOC(SG)	wzorze
Inflect obelga | N;DAT(SG)	obeldze
Inflect obelga | N;ESS(PL)	obelgach
Inflect obelga | N;INS(SG)	obelgą
Inflect obelga | N;NOM(SG)	obelga
Inflect obelga | N;GEN(SG)	obelgi
Inflect obelga | N;VOC(PL)	obelgi
Inflect obelga | N;GEN(PL)	obelg
Inflect obelga | N;DAT(PL)	obelgom
Inflect chwilowy | ADJ;ACC(SG,FEM)	chwilową
Inflect chwilowy | ADJ;INS(SG,FEM)	chwilową
Inflect chwilowy | ADJ;NOM(SG,FEM)	chwilowa
Inflect chwilowy | ADJ;ACC(SG,NEUT)	chwilowe
Inflect chwilowy | ADJ;NOM(PL)	chwilowe
Inflect chwilowy | ADJ;ACC(SG,MASC,ANIM)	chwilowego
Inflect chwilowy | ADJ;GEN(SG,MASC)	chwilowego
Inflect chwilowy | ADJ;ACC(SG,MASC,HUM)	chwilowego
Inflect chwilowy | ADJ;DAT(SG,FEM)	chwilowej
Inflect chwilowy | ADJ;ESS(SG,FEM)	chwilowej
Inflect chwilowy | ADJ;GEN(SG,FEM)	chwilowej
Inflect chwilowy | ADJ;DAT(SG,MASC)	chwilowemu
Inflect chwilowy | ADJ;NOM(PL,MASC,HUM)	chwilowi
Inflect chwilowy | ADJ;ACC(SG,MASC,INAN)	chwilowy
Inflect chwilowy | ADJ;NOM(SG,MASC)	chwilowy
Inflect chwilowy | ADJ;GEN(PL)	chwilowych
Inflect chwilowy | ADJ;ACC(PL,MASC,HUM)	chwilowych
Inflect chwilowy | ADJ;DAT(PL)	chwilowym
Inflect chwilowy | ADJ;ESS(SG,MASC)	chwilowym
Inflect chwilowy | ADJ;INS(SG,MASC)	chwilowym
Inflect chwilowy | ADJ;ESS(SG,NEUT)	chwilowym
Inflect kompakt | N;ESS(SG)	kompakcie
Inflect kompakt | N;VOC(SG)	kompakcie
Inflect kompakt | N;INS(SG)	kompaktem
Inflect kompakt | N;NOM(SG)	kompakt
Inflect kompakt | N;DAT(PL)	kompaktom
Inflect kompakt | N;DAT(SG)	kompaktowi
Inflect kompakt | N;GEN(PL)	kompaktów
Inflect kompakt | N;GEN(SG)	kompaktu
Inflect kompakt | N;ACC(PL)	kompakty
Inflect kompakt | N;VOC(PL)	kompakty
Inflect owieczka | N;DAT(SG)	owieczce
Inflect owieczka | N;ESS(PL)	owieczkach
Inflect owieczka | N;INS(PL)	owieczkami
Inflect owieczka | N;INS(SG)	owieczką
Inflect owieczka | N;NOM(SG)	owieczka
Inflect owieczka | N;ACC(SG)	owieczkę
Inflect owieczka | N;ACC(PL)	owieczki
Inflect owieczka | N;NOM(PL)	owieczki
Inflect owieczka | N;VOC(PL)	owieczki
Inflect owieczka | N;VOC(SG)	owieczko
Inflect łuk | N;INS(SG)	łukiem
Inflect remake | N;ESS(PL)	remake'ach
Inflect remake | N;INS(PL)	remake'ami
Inflect remake | N;ACC(SG)	remake
Inflect remake | N;NOM(SG)	remake
Inflect remake | N;GEN(PL)	remake'ów
Inflect remake | N;VOC(SG)	remake'u
Inflect remake | N;ACC(PL)	remaki
Inflect remake | N;NOM(PL)	remaki
Inflect remake | N;VOC(PL)	remaki
Inflect jasnoszary | ADJ;ACC(SG,FEM)	jasnoszarą
Inflect jasnoszary | ADJ;INS(SG,FEM)	jasnoszarą
Inflect jasnoszary | ADJ;NOM(SG,FEM)	jasnoszara
Inflect jasnoszary | ADJ;ACC(SG,NEUT)	jasnoszare
Inflect jasnoszary | ADJ;NOM(SG,NEUT)	jasnoszare
Inflect jasnoszary | ADJ;NOM(PL)	jasnoszare
Inflect jasnoszary | ADJ;ACC(SG,MASC,ANIM)	jasnoszarego
Inflect jasnoszary | ADJ;GEN(SG,MASC)	jasnoszarego
Inflect jasnoszary | ADJ;GEN(SG,NEUT)	jasnoszarego
Inflect jasnoszary | ADJ;DAT(SG,FEM)	jasnoszarej
Inflect jasnoszary | ADJ;ESS(SG,FEM)	jasnoszarej
Inflect jasnoszary | ADJ;GEN(SG,FEM)	jasnoszarej
Inflect jasnoszary | ADJ;DAT(SG,NEUT)	jasnoszaremu
Inflect jasnoszary | ADJ;ACC(SG,MASC,INAN)	jasnoszary
Inflect jasnoszary | ADJ;NOM(SG,MASC)	jasnoszary
Inflect jasnoszary | ADJ;ESS(PL)	jasnoszarych
Inflect jasnoszary | ADJ;GEN(PL)	jasnoszarych
Inflect jasnoszary | ADJ;ACC(PL,MASC,HUM)	jasnoszarych
Inflect jasnoszary | ADJ;DAT(PL)	jasnoszarym
Inflect jasnoszary | ADJ;INS(SG,MASC)	jasnoszarym
Inflect jasnoszary | ADJ;INS(PL)	jasnoszarymi
Inflect jasnoszary | ADJ;NOM(PL,MASC,HUM)	jasnoszarzy
Inflect obsydian | N;INS(SG)	obsydianem
Inflect obsydian | N;ESS(SG)	obsydianie
Inflect obsydian | N;VOC(SG)	obsydianie
Inflect obsydian | N;ACC(SG)	obsydian
Inflect obsydian | N;NOM(SG)	obsydian
Inflect obsydian | N;DAT(PL)	obsydianom
Inflect obsydian | N;DAT(SG)	obsydianowi
Inflect obsydian | N;GEN(PL)	obsydianów
Inflect obsydian | N;GEN(SG)	obsydianu
Inflect obsydian | N;NOM(PL)	obsydiany
Inflect obsydian | N;VOC(PL)	obsydiany
Inflect przemienny | ADJ;NOM(SG,FEM)	przemienna
Inflect przemienny | ADJ;ACC(PL)	przemienne
Inflect przemienny | ADJ;ACC(SG,NEUT)	przemienne
Inflect przemienny | ADJ;NOM(SG,NEUT)	przemienne
Inflect przemienny | ADJ;NOM(PL)	przemienne
Inflect przemienny | ADJ;ACC(SG,MASC,ANIM)	przemiennego
Inflect przemienny | ADJ;GEN(SG,MASC)	przemiennego
Inflect przemienny | ADJ;ACC(SG,MASC,HUM)	przemiennego
Inflect przemienny | ADJ;ESS(SG,FEM)	przemiennej
Inflect przemienny | ADJ;GEN(SG,FEM)	przemiennej
Inflect przemienny | ADJ;DAT(SG,MASC)	przemiennemu
Inflect przemienny | ADJ;DAT(SG,NEUT)	przemiennemu
Inflect przemienny | ADJ;NOM(SG,MASC)	przemienny
Inflect przemienny | ADJ;ESS(PL)	przemiennych
Inflect przemienny | ADJ;GEN(PL)	przemiennych
Inflect przemienny | ADJ;ACC(PL,MASC,HUM)	przemiennych
Inflect przemienny | ADJ;DAT(PL)	przemiennym
Inflect przemienny | ADJ;ESS(SG,MASC)	przemiennym
Inflect przemienny | ADJ;INS(SG,MASC)	przemiennym
Inflect przemienny | ADJ;ESS(SG,NEUT)	przemiennym
Inflect przemienny | ADJ;INS(SG,NEUT)	przemiennym
Inflect przemienny | ADJ;INS(PL)	przemiennymi
Inflect hipopotam | N;ESS(PL)	hipopotamach
Inflect hipopotam | N;INS(PL)	hipopotamami
Inflect hipopotam | N;ACC(SG)	hipopotama
Inflect hipopotam | N;GEN(SG)	hipopotama
Inflect hipopotam | N;INS(SG)	hipopotamem
Inflect hipopotam | N;VOC(SG)	hipopotamie
Inflect hipopotam | N;DAT(PL)	hipopotamom
Inflect hipopotam | N;DAT(SG)	hipopotamowi
Inflect hipopotam | N;GEN(PL)	hipopotamów
Inflect hipopotam | N;ACC(PL)	hipopotamy
Inflect hipopotam | N;NOM(PL)	hipopotamy
Inflect hipopotam | N;VOC(PL)	hipopotamy
Inflect maj | N;ESS(SG)	maju
Inflect kłak | N;INS(PL)	kłakami
Inflect kłak | N;GEN(SG)	kłaka
Inflect kłak | N;ACC(PL)	kłaki
Inflect kłak | N;NOM(PL)	kłaki
Inflect kłak | N;NOM(SG)	kłak
Inflect kłak | N;DAT(PL)	kłakom
Inflect kłak | N;DAT(SG)	kłakowi
Inflect kłak | N;ESS(SG)	kłaku
Inflect kłak | N;VOC(SG)	kłaku
Inflect kajdanki | N;GEN(SG)	kajdanek
Inflect kajdanki | N;ESS(SG)	kajdankach
Inflect kajdanki | N;INS(SG)	kajdankami
Inflect kajdanki | N;ACC(SG)	kajdanki
Inflect kajdanki | N;NOM(SG)	kajdanki
Inflect kajdanki | N;VOC(SG)	kajdanki
Inflect łodzik | N;DAT(SG)	łodzikowi
Inflect dupek | N;NOM(SG)	dupek
Inflect dupek | N;INS(PL)	dupkami
Inflect dupek | N;ACC(SG)	dupka
Inflect dupek | N;GEN(SG)	dupka
Inflect dupek | N;INS(SG)	dupkiem
Inflect dupek | N;ACC(PL)	dupki
Inflect dupek | N;VOC(PL)	dupki
Inflect dupek | N;DAT(SG)	dupkowi
Inflect dupek | N;GEN(PL)	dupków
Inflect dupek | N;VOC(SG)	dupku
Inflect teatralny | ADJ;ACC(SG,FEM)	teatralną
Inflect teatralny | ADJ;NOM(SG,FEM)	teatralna
Inflect teatralny | ADJ;ACC(PL)	teatralne
Inflect teatralny | ADJ;ACC(SG,NEUT)	teatralne
Inflect teatralny | ADJ;NOM(SG,NEUT)	teatralne
Inflect teatralny | ADJ;NOM(PL)	teatralne
Inflect teatralny | ADJ;ACC(SG,MASC,ANIM)	teatralnego
Inflect teatralny | ADJ;GEN(SG,MASC)	teatralnego
Inflect teatralny | ADJ;ACC(SG,MASC,HUM)	teatralnego
Inflect teatralny | ADJ;GEN(SG,NEUT)	teatralnego
Inflect teatralny | ADJ;DAT(SG,FEM)	teatralnej
Inflect teatralny | ADJ;ESS(SG,FEM)	teatralnej
Inflect teatralny | ADJ;GEN(SG,FEM)	teatralnej
Inflect teatralny | ADJ;DAT(SG,NEUT)	teatralnemu
Inflect teatralny | ADJ;ACC(SG,MASC,INAN)	teatralny
Inflect teatralny | ADJ;ESS(PL)	teatralnych
Inflect teatralny | ADJ;GEN(PL)	teatralnych
Inflect teatralny | ADJ;ACC(PL,MASC,HUM)	teatralnych
Inflect teatralny | ADJ;DAT(PL)	teatralnym
Inflect teatralny | ADJ;INS(SG,MASC)	teatralnym
Inflect teatralny | ADJ;ESS(SG,NEUT)	teatralnym
Inflect teatralny | ADJ;INS(SG,NEUT)	teatralnym
Inflect teatralny | ADJ;INS(PL)	teatralnymi
Inflect egocentryzm | N;INS(SG)	egocentryzmem
Inflect egocentryzm | N;ESS(SG)	egocentryzmie
Inflect egocentryzm | N;VOC(SG)	egocentryzmie
Inflect egocentryzm | N;ACC(SG)	egocentryzm
Inflect egocentryzm | N;NOM(SG)	egocentryzm
Inflect egocentryzm | N;DAT(SG)	egocentryzmowi
Inflect egocentryzm | N;GEN(SG)	egocentryzmu
Inflect cygaro | N;ESS(PL)	cygarach
Inflect cygaro | N;INS(PL)	cygarami
Inflect cygaro | N;ACC(PL)	cygara
Inflect cygaro | N;NOM(PL)	cygara
Inflect cygaro | N;VOC(PL)	cygara
Inflect cygaro | N;ACC(SG)	cygaro
Inflect cygaro | N;NOM(SG)	cygaro
Inflect cygaro | N;VOC(SG)	cygaro
Inflect cygaro | N;DAT(SG)	cygaru
Inflect zbiór | N;ESS(PL)	zbiorach
Inflect zbiór | N;INS(PL)	zbiorami
Inflect zbiór | N;ACC(SG)	zbiór
Inflect zbiór | N;NOM(SG)	zbiór
Inflect zbiór | N;DAT(SG)	zbiorowi
Inflect zbiór | N;GEN(SG)	zbioru
Inflect zbiór | N;VOC(PL)	zbiory
Inflect zbiór | N;VOC(SG)	zbiorze
Inflect łożysko | N;GEN(PL)	łożysek
Inflect łożysko | N;ESS(PL)	łożyskach
Inflect łożysko | N;INS(PL)	łożyskami
Inflect łożysko | N;ACC(PL)	łożyska
Inflect łożysko | N;GEN(SG)	łożyska
Inflect łożysko | N;NOM(PL)	łożyska
Inflect łożysko | N;VOC(PL)	łożyska
Inflect łożysko | N;DAT(PL)	łożyskom
Inflect łożysko | N;ACC(SG)	łożysko
Inflect łożysko | N;NOM(SG)	łożysko
Inflect łożysko | N;VOC(SG)	łożysko
Inflect łożysko | N;DAT(SG)	łożysku
Inflect łożysko | N;ESS(SG)	łożysku
Inflect zrobić | V;IMP;3;PL	niech zrobią
Inflect zrobić | V;IMP;2;PL	zróbcie
Inflect zrobić | V;FUT;3;PL	zrobią
Inflect zrobić | V;NFIN	zrobić
Inflect zrobić | V.MSDR	zrobienie
Inflect zrobić | V.PTCP;PST;PASS;PL;MASC;HUM	zrobieni
Inflect zrobić | V;FUT;1;SG	zrobię
Inflect zrobić | V;COND;1;SG;FEM	zrobiłabym
Inflect zrobić | V;COND;3;SG;FEM	zrobiłaby
Inflect zrobić | V;PST;1;SG;FEM	zrobiłam
Inflect zrobić | V;PST;2;SG;FEM	zrobiłaś
Inflect zrobić | V;PST;3;SG;FEM	zrobiła
Inflect zrobić | V;COND;1;SG;MASC	zrobiłbym
Inflect zrobić | V;COND;2;SG;MASC	zrobiłbyś
Inflect zrobić | V;PST;1;SG;MASC	zrobiłem
Inflect zrobić | V;PST;2;SG;MASC	zrobiłeś
Inflect zrobić | V;COND;2;PL;MASC;HUM	zrobilibyście
Inflect zrobić | V;PST;2;PL;MASC;HUM	zrobiliście
Inflect zrobić | V;COND;3;SG;NEUT	zrobiłoby
Inflect zrobić | V;PST;3;SG;NEUT	zrobiło
Inflect zrobić | V;COND;1;PL	zrobiłybyśmy
Inflect zrobić | V;COND;3;PL	zrobiłyby
Inflect zrobić | V;PST;2;PL	zrobiłyście
Inflect zrobić | V;PST;3;PL	zrobiły
Inflect zrobić | V.PTCP;PST;PASS;SG;FEM	zrobiona
Inflect zrobić | V.PTCP;PST;PASS;PL	zrobione
Inflect zrobić | V.PTCP;PST;PASS;SG;NEUT	zrobione
Inflect zrobić | V.PTCP;PST;PASS	zrobiono
Inflect zrobić | V.PTCP;PST;PASS;SG;MASC	zrobiony
Inflect zrobić | V;FUT;3;SG	zrobi
Inflect zrobić | V;IMP;1;PL	zróbmy
Inflect zrobić | V;IMP;2;SG	zrób
Inflect duński | ADJ;NOM(PL,MASC,HUM)	duńscy
Inflect duński | ADJ;ACC(SG,FEM)	duńską
Inflect duński | ADJ;INS(SG,FEM)	duńską
Inflect duński | ADJ;ACC(SG,MASC,INAN)	duński
Inflect duński | ADJ;NOM(SG,MASC)	duński
Inflect duński | ADJ;ESS(PL)	duńskich
Inflect duński | ADJ;GEN(PL)	duńskich
Inflect duński | ADJ;ACC(PL)	duńskie
Inflect duński | ADJ;NOM(SG,NEUT)	duńskie
Inflect duński | ADJ;NOM(PL)	duńskie
Inflect duński | ADJ;GEN(SG,MASC)	duńskiego
Inflect duński | ADJ;ACC(SG,MASC,HUM)	duńskiego
Inflect duński | ADJ;GEN(SG,NEUT)	duńskiego
Inflect duński | ADJ;DAT(SG,FEM)	duńskiej
Inflect duński | ADJ;ESS(SG,FEM)	duńskiej
Inflect duński | ADJ;GEN(SG,FEM)	duńskiej
Inflect duński | ADJ;DAT(SG,NEUT)	duńskiemu
Inflect duński | ADJ;INS(SG,MASC)	duńskim
Inflect duński | ADJ;INS(SG,NEUT)	duńskim
Inflect bolesny | ADJ;INS(SG,FEM)	bolesną
Inflect bolesny | ADJ;NOM(SG,FEM)	bolesna
Inflect bolesny | ADJ;ACC(PL)	bolesne
Inflect bolesny | ADJ;ACC(SG,NEUT)	bolesne
Inflect bolesny | ADJ;NOM(SG,NEUT)	bolesne
Inflect bolesny | ADJ;NOM(PL)	bolesne
Inflect bolesny | ADJ;ACC(SG,MASC,ANIM)	bolesnego
Inflect bolesny | ADJ;GEN(SG,MASC)	bolesnego
Inflect bolesny | ADJ;ACC(SG,MASC,HUM)	bolesnego
Inflect bolesny | ADJ;DAT(SG,FEM)	bolesnej
Inflect bolesny | ADJ;ESS(SG,FEM)	bolesnej
Inflect bolesny | ADJ;GEN(SG,FEM)	bolesnej
Inflect bolesny | ADJ;DAT(SG,MASC)	bolesnemu
Inflect bolesny | ADJ;NOM(PL,MASC,HUM)	boleśni
Inflect bolesny | ADJ;ACC(SG,MASC,INAN)	bolesny
Inflect bolesny | ADJ;NOM(SG,MASC)	bolesny
Inflect bolesny | ADJ;ESS(PL)	bolesnych
Inflect bolesny | ADJ;DAT(PL)	bolesnym
Inflect bolesny | ADJ;ESS(SG,MASC)	bolesnym
Inflect bolesny | ADJ;INS(SG,MASC)	bolesnym
Inflect bolesny | ADJ;INS(SG,NEUT)	bolesnym
Inflect bolesny | ADJ;INS(PL)	bolesnymi
Inflect opał | N;GEN(SG)	opału
Inflect różniczkowalny | ADJ;INS(SG,FEM)	różniczkowalną
Inflect różniczkowalny | ADJ;NOM(SG,FEM)	różniczkowalna
Inflect różniczkowalny | ADJ;ACC(PL)	różniczkowalne
Inflect różniczkowalny | ADJ;ACC(SG,NEUT)	różniczkowalne
Inflect różniczkowalny | ADJ;NOM(SG,NEUT)	różniczkowalne
Inflect różniczkowalny | ADJ;ACC(SG,MASC,ANIM)	różniczkowalnego
Inflect różniczkowalny | ADJ;ACC(SG,MASC,HUM)	różniczkowalnego
Inflect różniczkowalny | ADJ;ESS(SG,FEM)	różniczkowalnej
Inflect różniczkowalny | ADJ;GEN(SG,FEM)	różniczkowalnej
Inflect różniczkowalny | ADJ;DAT(SG,MASC)	różniczkowalnemu
Inflect różniczkowalny | ADJ;NOM(SG,MASC)	różniczkowalny
Inflect różniczkowalny | ADJ;ESS(PL)	różniczkowalnych
Inflect różniczkowalny | ADJ;GEN(PL)	różniczkowalnych
Inflect różniczkowalny | ADJ;ACC(PL,MASC,HUM)	różniczkowalnych
Inflect różniczkowalny | ADJ;ESS(SG,MASC)	różniczkowalnym
Inflect różniczkowalny | ADJ;INS(SG,MASC)	różniczkowalnym
Inflect różniczkowalny | ADJ;ESS(SG,NEUT)	różniczkowalnym
Inflect różniczkowalny | ADJ;INS(PL)	różniczkowalnymi
Inflect pracownia | N;INS(SG)	pracownią
Inflect pracownia | N;NOM(SG)	pracownia
Inflect pracownia | N;ACC(PL)	pracownie
Inflect pracownia | N;VOC(PL)	pracownie
Inflect pracownia | N;DAT(SG)	pracowni
Inflect pracownia | N;ESS(SG)	pracowni
Inflect pracownia | N;GEN(PL)	pracowni
Inflect pracownia | N;GEN(SG)	pracowni
Inflect pracownia | N;DAT(PL)	pracowniom
Inflect pracownia | N;VOC(SG)	pracownio
Inflect zefir | N;ESS(PL)	zefirach
Inflect zefir | N;INS(PL)	zefirami
Inflect zefir | N;INS(SG)	zefirem
Inflect zefir | N;NOM(SG)	zefir
Inflect zefir | N;DAT(SG)	zefirowi
Inflect zefir | N;GEN(SG)	zefiru
Inflect zefir | N;ACC(PL)	zefiry
Inflect zefir | N;ESS(SG)	zefirze
Inflect zefir | N;VOC(SG)	zefirze
Inflect akt | N;ESS(SG)	akcie
Inflect akt | N;VOC(SG)	akcie
Inflect akt | N;ESS(PL)	aktach
Inflect akt | N;INS(PL)	aktami
Inflect akt | N;INS(SG)	aktem
Inflect akt | N;ACC(SG)	akt
Inflect akt | N;NOM(SG)	akt
Inflect akt | N;DAT(PL)	aktom
Inflect akt | N;DAT(SG)	aktowi
Inflect akt | N;GEN(PL)	aktów
Inflect akt | N;GEN(SG)	aktu
Inflect akt | N;NOM(PL)	akty
Inflect akt | N;VOC(PL)	akty
Inflect skalpel | N;ESS(PL)	skalpelach
Inflect skalpel | N;INS(PL)	skalpelami
Inflect skalpel | N;GEN(SG)	skalpela
Inflect skalpel | N;INS(SG)	skalpelem
Inflect skalpel | N;ACC(PL)	skalpele
Inflect skalpel | N;NOM(PL)	skalpele
Inflect skalpel | N;GEN(PL)	skalpeli
Inflect skalpel | N;ACC(SG)	skalpel
Inflect skalpel | N;DAT(PL)	skalpelom
Inflect skalpel | N;DAT(SG)	skalpelowi
Inflect skalpel | N;VOC(SG)	skalpelu
Inflect skamieniałość | N;INS(SG)	skamieniałością
Inflect skamieniałość | N;ACC(PL)	skamieniałości
Inflect skamieniałość | N;DAT(SG)	skamieniałości
Inflect skamieniałość | N;ESS(SG)	skamieniałości
Inflect skamieniałość | N;GEN(PL)	skamieniałości
Inflect skamieniałość | N;GEN(SG)	skamieniałości
Inflect skamieniałość | N;VOC(PL)	skamieniałości
Inflect skamieniałość | N;DAT(PL)	skamieniałościom
Inflect skamieniałość | N;ACC(SG)	skamieniałość
Inflect skamieniałość | N;NOM(SG)	skamieniałość
Inflect naradka | N;INS(PL)	naradkami
Inflect naradka | N;INS(SG)	naradką
Inflect naradka | N;ACC(SG)	naradkę
Inflect naradka | N;ACC(PL)	naradki
Inflect naradka | N;GEN(SG)	naradki
Inflect naradka | N;NOM(PL)	naradki
Inflect naradka | N;DAT(PL)	naradkom
Inflect naradka | N;VOC(SG)	naradko
Inflect gej | N;ESS(PL)	gejach
Inflect gej | N;INS(PL)	gejami
Inflect gej | N;GEN(SG)	geja
Inflect gej | N;INS(SG)	gejem
Inflect gej | N;NOM(PL)	geje
Inflect gej | N;VOC(PL)	geje
Inflect gej | N;NOM(SG)	gej
Inflect gej | N;DAT(SG)	gejowi
Inflect gej | N;ACC(PL)	gejów
Inflect gej | N;ESS(SG)	geju
Inflect gej | N;VOC(SG)	geju
Inflect klakson | N;ESS(PL)	klaksonach
Inflect klakson | N;ESS(SG)	klaksonie
Inflect klakson | N;ACC(SG)	klakson
Inflect klakson | N;NOM(SG)	klakson
Inflect klakson | N;DAT(PL)	klaksonom
Inflect klakson | N;GEN(PL)	klaksonów
Inflect klakson | N;ACC(PL)	klaksony
Inflect klakson | N;NOM(PL)	klaksony
Inflect brązówka | N;GEN(PL)	brązówek
Inflect brązówka | N;ESS(PL)	brązówkach
Inflect brązówka | N;INS(SG)	brązówką
Inflect brązówka | N;ACC(SG)	brązówkę
Inflect brązówka | N;GEN(SG)	brązówki
Inflect brązówka | N;NOM(PL)	brązówki
Inflect brązówka | N;VOC(PL)	brązówki
Inflect brązówka | N;DAT(PL)	brązówkom
Inflect brązówka | N;VOC(SG)	brązówko
Inflect bordowy | ADJ;ACC(SG,FEM)	bordową
Inflect bordowy | ADJ;INS(SG,FEM)	bordową
Inflect bordowy | ADJ;NOM(SG,FEM)	bordowa
Inflect bordowy | ADJ;ACC(PL)	bordowe
Inflect bordowy | ADJ;ACC(SG,NEUT)	bordowe
Inflect bordowy | ADJ;ACC(SG,MASC,HUM)	bordowego
Inflect bordowy | ADJ;GEN(SG,NEUT)	bordowego
Inflect bordowy | ADJ;ESS(SG,FEM)	bordowej
Inflect bordowy | ADJ;GEN(SG,FEM)	bordowej
Inflect bordowy | ADJ;DAT(SG,MASC)	bordowemu
Inflect bordowy | ADJ;DAT(SG,NEUT)	bordowemu
Inflect bordowy | ADJ;NOM(PL,MASC,HUM)	bordowi
Inflect bordowy | ADJ;ACC(SG,MASC,INAN)	bordowy
Inflect bordowy | ADJ;NOM(SG,MASC)	bordowy
Inflect bordowy | ADJ;ESS(PL)	bordowych
Inflect bordowy | ADJ;GEN(PL)	bordowych
Inflect bordowy | ADJ;DAT(PL)	bordowym
Inflect bordowy | ADJ;ESS(SG,MASC)	bordowym
Inflect bordowy | ADJ;INS(SG,NEUT)	bordowym
Inflect bordowy | ADJ;INS(PL)	bordowymi
Inflect szukajka | N;DAT(SG)	szukajce
Inflect szukajka | N;ESS(SG)	szukajce
Inflect szukajka | N;ESS(PL)	szukajkach
Inflect szukajka | N;INS(PL)	szukajkami
Inflect szukajka | N;ACC(SG)	szukajkę
Inflect szukajka | N;ACC(PL)	szukajki
Inflect szukajka | N;GEN(SG)	szukajki
Inflect szukajka | N;NOM(PL)	szukajki
Inflect szukajka | N;DAT(PL)	szukajkom
Inflect szukajka | N;VOC(SG)	szukajko
Inflect lisi | ADJ;INS(SG,FEM)	lisią
Inflect lisi | ADJ;NOM(SG,FEM)	lisia
Inflect lisi | ADJ;ESS(PL)	lisich
Inflect lisi | ADJ;ACC(SG,NEUT)	lisie
Inflect lisi | ADJ;NOM(SG,NEUT)	lisie
Inflect lisi | ADJ;NOM(PL)	lisie
Inflect lisi | ADJ;ACC(SG,MASC,ANIM)	lisiego
Inflect lisi | ADJ;GEN(SG,MASC)	lisiego
Inflect lisi | ADJ;GEN(SG,NEUT)	lisiego
Inflect lisi | ADJ;ESS(SG,FEM)	lisiej
Inflect lisi | ADJ;GEN(SG,FEM)	lisiej
Inflect lisi | ADJ;DAT(SG,NEUT)	lisiemu
Inflect lisi | ADJ;DAT(PL)	lisim
Inflect lisi | ADJ;ESS(SG,MASC)	lisim
Inflect lisi | ADJ;INS(SG,MASC)	lisim
Inflect lisi | ADJ;ESS(SG,NEUT)	lisim
Inflect lisi | ADJ;INS(PL)	lisimi
Inflect łuk | N;ACC(PL)	łuki
Inflect niemiecki | ADJ;ACC(SG,FEM)	niemiecką
Inflect niemiecki | ADJ;INS(SG,FEM)	niemiecką
Inflect niemiecki | ADJ;ACC(SG,MASC,INAN)	niemiecki
Inflect niemiecki | ADJ;NOM(SG,MASC)	niemiecki
Inflect niemiecki | ADJ;GEN(PL)	niemieckich
Inflect niemiecki | ADJ;ACC(PL)	niemieckie
Inflect niemiecki | ADJ;ACC(SG,NEUT)	niemieckie
Inflect niemiecki | ADJ;NOM(PL)	niemieckie
Inflect niemiecki | ADJ;ACC(SG,MASC,ANIM)	niemieckiego
Inflect niemiecki | ADJ;GEN(SG,MASC)	niemieckiego
Inflect niemiecki | ADJ;ACC(SG,MASC,HUM)	niemieckiego
Inflect niemiecki | ADJ;DAT(SG,FEM)	niemieckiej
Inflect niemiecki | ADJ;DAT(SG,MASC)	niemieckiemu
Inflect niemiecki | ADJ;DAT(SG,NEUT)	niemieckiemu
Inflect niemiecki | ADJ;DAT(PL)	niemieckim
Inflect niemiecki | ADJ;INS(SG,MASC)	niemieckim
Inflect niemiecki | ADJ;INS(SG,NEUT)	niemieckim
Inflect ślaz | N;ESS(PL)	ślazach
Inflect ślaz | N;INS(PL)	ślazami
Inflect ślaz | N;INS(SG)	ślazem
Inflect ślaz | N;VOC(SG)	ślazie
Inflect ślaz | N;ACC(SG)	ślaz
Inflect ślaz | N;NOM(SG)	ślaz
Inflect ślaz | N;DAT(PL)	ślazom
Inflect ślaz | N;DAT(SG)	ślazowi
Inflect ślaz | N;GEN(PL)	ślazów
Inflect ślaz | N;GEN(SG)	ślazu
Inflect ślaz | N;ACC(PL)	ślazy
Inflect ślaz | N;VOC(PL)	ślazy
Inflect jeżozwierz | N;ESS(PL)	jeżozwierzach
Inflect jeżozwierz | N;INS(PL)	jeżozwierzami
Inflect jeżozwierz | N;GEN(SG)	jeżozwierza
Inflect jeżozwierz | N;VOC(PL)	jeżozwierze
Inflect jeżozwierz | N;NOM(SG)	jeżozwierz
Inflect jeżozwierz | N;DAT(SG)	jeżozwierzowi
Inflect jeżozwierz | N;GEN(PL)	jeżozwierzy
Inflect dopełniacz | N;ESS(PL)	dopełniaczach
Inflect dopełniacz | N;GEN(SG)	dopełniacza
Inflect dopełniacz | N;INS(SG)	dopełniaczem
Inflect dopełniacz | N;NOM(PL)	dopełniacze
Inflect dopełniacz | N;ACC(SG)	dopełniacz
Inflect dopełniacz | N;NOM(SG)	dopełniacz
Inflect dopełniacz | N;DAT(PL)	dopełniaczom
Inflect dopełniacz | N;DAT(SG)	dopełniaczowi
Inflect dopełniacz | N;VOC(SG)	dopełniaczu
Inflect dopełniacz | N;GEN(PL)	dopełniaczy
Inflect gwałcić | V;FUT;3;PL;MASC;HUM	będą gwałcili
Inflect gwałcić | V;FUT;3;PL	będą gwałciły
Inflect gwałcić | V;FUT;1;SG;FEM	będę gwałciła
Inflect gwałcić | V;FUT;2;PL	będziecie gwałciły
Inflect gwałcić | V;FUT;3;SG;FEM	będzie gwałciła
Inflect gwałcić | V;FUT;3;SG;NEUT	będzie gwałciło
Inflect gwałcić | V;FUT;3;SG;MASC	będzie gwałcił
Inflect gwałcić | V;FUT;1;PL;MASC;HUM	będziemy gwałcili
Inflect gwałcić | V;FUT;2;SG;FEM	będziesz gwałciła
Inflect gwałcić | V;FUT;2;SG;MASC	będziesz gwałcił
Inflect gwałcić | V.PTCP;PST;ACT;SG;FEM	gwałcąca
Inflect gwałcić | V.PTCP;PST;ACT;PL	gwałcące
Inflect gwałcić | V.PTCP;PST;ACT;SG;NEUT	gwałcące
Inflect gwałcić | V.PTCP;PST;ACT;PL;MASC;HUM	gwałcący
Inflect gwałcić | V.PTCP;PST;ACT;SG;MASC	gwałcący
Inflect gwałcić | V;IMP;2;PL	gwałćcie
Inflect gwałcić | V.MSDR	gwałcenie
Inflect gwałcić | V.PTCP;PST;PASS;PL;MASC;HUM	gwałceni
Inflect gwałcić | V;PRS;1;SG	gwałcę
Inflect gwałcić | V;PRS;2;PL	gwałcicie
Inflect gwałcić | V;NFIN	gwałcić
Inflect gwałcić | V;COND;1;SG;FEM	gwałciłabym
Inflect gwałcić | V;COND;3;SG;FEM	gwałciłaby
Inflect gwałcić | V;PST;1;SG;FEM	gwałciłam
Inflect gwałcić | V;PST;2;SG;FEM	gwałciłaś
Inflect gwałcić | V;PST;3;SG;FEM	gwałciła
Inflect gwałcić | V;COND;1;SG;MASC	gwałciłbym
Inflect gwałcić | V;COND;2;SG;MASC	gwałciłbyś
Inflect gwałcić | V;COND;3;SG;MASC	gwałciłby
Inflect gwałcić | V;COND;2;PL;MASC;HUM	gwałcilibyście
Inflect gwałcić | V;COND;1;PL;MASC;HUM	gwałcilibyśmy
Inflect gwałcić | V;COND;3;PL;MASC;HUM	gwałciliby
Inflect gwałcić | V;PST;1;PL;MASC;HUM	gwałciliśmy
Inflect gwałcić | V;COND;3;SG;NEUT	gwałciłoby
Inflect gwałcić | V;PST;3;SG;NEUT	gwałciło
Inflect gwałcić | V;COND;2;PL	gwałciłybyście
Inflect gwałcić | V;COND;1;PL	gwałciłybyśmy
Inflect gwałcić | V;PST;2;PL	gwałciłyście
Inflect gwałcić | V;PST;3;PL	gwałciły
Inflect gwałcić | V;PRS;1;PL	gwałcimy
Inflect gwałcić | V;PRS;3;SG	gwałci
Inflect gwałcić | V;IMP;1;PL	gwałćmy
Inflect gwałcić | V.PTCP;PST;PASS;SG;FEM	gwałcona
Inflect gwałcić | V.PTCP;PST;PASS;PL	gwałcone
Inflect gwałcić | V.PTCP;PST;PASS;SG;NEUT	gwałcone
Inflect gwałcić | V.PTCP;PST;PASS;SG;MASC	gwałcony
Inflect gwałcić | V;IMP;2;SG	gwałć
Inflect napad | N;ACC(SG)	napad
Inflect napad | N;NOM(SG)	napad
Inflect napad | N;DAT(SG)	napadowi
Inflect napad | N;GEN(SG)	napadu
Inflect napad | N;ACC(PL)	napady
Inflect napad | N;NOM(PL)	napady
Inflect napad | N;VOC(PL)	napady
Inflect napad | N;ESS(SG)	napadzie
Inflect napad | N;VOC(SG)	napadzie
Inflect czytelniejszy | ADJ;NOM(PL,MASC,HUM)	czytelniejsi
Inflect czytelniejszy | ADJ;INS(SG,FEM)	czytelniejszą
Inflect czytelniejszy | ADJ;NOM(SG,FEM)	czytelniejsza
Inflect czytelniejszy | ADJ;ACC(PL)	czytelniejsze
Inflect czytelniejszy | ADJ;ACC(SG,NEUT)	czytelniejsze
Inflect czytelniejszy | ADJ;ACC(SG,MASC,ANIM)	czytelniejszego
Inflect czytelniejszy | ADJ;GEN(SG,MASC)	czytelniejszego
Inflect czytelniejszy | ADJ;ACC(SG,MASC,HUM)	czytelniejszego
Inflect czytelniejszy | ADJ;GEN(SG,NEUT)	czytelniejszego
Inflect czytelniejszy | ADJ;DAT(SG,FEM)	czytelniejszej
Inflect czytelniejszy | ADJ;ESS(SG,FEM)	czytelniejszej
Inflect czytelniejszy | ADJ;DAT(SG,MASC)	czytelniejszemu
Inflect czytelniejszy | ADJ;DAT(SG,NEUT)	czytelniejszemu
Inflect czytelniejszy | ADJ;ACC(SG,MASC,INAN)	czytelniejszy
Inflect czytelniejszy | ADJ;NOM(SG,MASC)	czytelniejszy
Inflect czytelniejszy | ADJ;ESS(PL)	czytelniejszych
Inflect czytelniejszy | ADJ;GEN(PL)	czytelniejszych
Inflect czytelniejszy | ADJ;ACC(PL,MASC,HUM)	czytelniejszych
Inflect czytelniejszy | ADJ;DAT(PL)	czytelniejszym
Inflect czytelniejszy | ADJ;ESS(SG,MASC)	czytelniejszym
Inflect czytelniejszy | ADJ;INS(SG,MASC)	czytelniejszym
Inflect czytelniejszy | ADJ;ESS(SG,NEUT)	czytelniejszym
Inflect czytelniejszy | ADJ;INS(SG,NEUT)	czytelniejszym
Inflect cukrowy | ADJ;NOM(SG,FEM)	cukrowa
Inflect cukrowy | ADJ;ACC(PL)	cukrowe
Inflect cukrowy | ADJ;ACC(SG,NEUT)	cukrowe
Inflect cukrowy | ADJ;NOM(SG,NEUT)	cukrowe
Inflect cukrowy | ADJ;NOM(PL)	cukrowe
Inflect cukrowy | ADJ;GEN(SG,MASC)	cukrowego
Inflect cukrowy | ADJ;ACC(SG,MASC,HUM)	cukrowego
Inflect cukrowy | ADJ;GEN(SG,NEUT)	cukrowego
Inflect cukrowy | ADJ;DAT(SG,FEM)	cukrowej
Inflect cukrowy | ADJ;GEN(SG,FEM)	cukrowej
Inflect cukrowy | ADJ;DAT(SG,MASC)	cukrowemu
Inflect cukrowy | ADJ;NOM(PL,MASC,HUM)	cukrowi
Inflect cukrowy | ADJ;ACC(SG,MASC,INAN)	cukrowy
Inflect cukrowy | ADJ;NOM(SG,MASC)	cukrowy
Inflect cukrowy | ADJ;GEN(PL)	cukrowych
Inflect cukrowy | ADJ;ACC(PL,MASC,HUM)	cukrowych
Inflect cukrowy | ADJ;DAT(PL)	cukrowym
Inflect cukrowy | ADJ;ESS(SG,MASC)	cukrowym
Inflect cukrowy | ADJ;ESS(SG,NEUT)	cukrowym
Inflect cukrowy | ADJ;INS(SG,NEUT)	cukrowym
Inflect cukrowy | ADJ;INS(PL)	cukrowymi
Inflect chełpić się | V;FUT;1;SG;FEM	będę chełpiła
Inflect chełpić się | V;FUT;3;SG;FEM	będzie chełpiła
Inflect chełpić się | V;FUT;3;SG;NEUT	będzie chełpiło
Inflect chełpić się | V;FUT;3;SG;MASC	będzie chełpił
Inflect chełpić się | V;FUT;2;PL;MASC;HUM	będziecie chełpili
Inflect chełpić się | V;FUT;2;PL	będziecie chełpiły
Inflect chełpić się | V;FUT;1;PL;MASC;HUM	będziemy chełpili
Inflect chełpić się | V;FUT;2;SG;MASC	będziesz chełpił
Inflect chełpić się | V;IMP;2;PL	chełpcie
Inflect chełpić się | V.PTCP;PST;ACT;SG;FEM	chełpiąca
Inflect chełpić się | V.PTCP;PST;ACT;SG;NEUT	chełpiące
Inflect chełpić się | V.PTCP;PST;ACT;PL;MASC;HUM	chełpiący
Inflect chełpić się | V.PTCP;PST;ACT;SG;MASC	chełpiący
Inflect chełpić się | V;PRS;2;PL	chełpicie
Inflect chełpić się | V;NFIN	chełpić
Inflect chełpić się | V.MSDR	chełpienie
Inflect chełpić się | V;PRS;1;SG	chełpię
Inflect chełpić się | V;COND;1;SG;FEM	chełpiłabym
Inflect chełpić się | V;COND;2;SG;FEM	chełpiłabyś
Inflect chełpić się | V;COND;3;SG;FEM	chełpiłaby
Inflect chełpić się | V;PST;1;SG;FEM	chełpiłam
Inflect chełpić się | V;PST;3;SG;FEM	chełpiła
Inflect chełpić się | V;COND;1;SG;MASC	chełpiłbym
Inflect chełpić się | V;COND;2;SG;MASC	chełpiłbyś
Inflect chełpić się | V;COND;3;SG;MASC	chełpiłby
Inflect chełpić się | V;COND;2;PL;MASC;HUM	chełpilibyście
Inflect chełpić się | V;COND;1;PL;MASC;HUM	chełpilibyśmy
Inflect chełpić się | V;COND;3;PL;MASC;HUM	chełpiliby
Inflect chełpić się | V;PST;2;PL;MASC;HUM	chełpiliście
Inflect chełpić się | V;PST;1;PL;MASC;HUM	chełpiliśmy
Inflect chełpić się | V;PST;3;PL;MASC;HUM	chełpili
Inflect chełpić się | V;PST;3;SG;MASC	chełpił
Inflect chełpić się | V;COND;2;PL	chełpiłybyście
Inflect chełpić się | V;COND;1;PL	chełpiłybyśmy
Inflect chełpić się | V;COND;3;PL	chełpiłyby
Inflect chełpić się | V;PST;1;PL	chełpiłyśmy
Inflect chełpić się | V;PST;3;PL	chełpiły
Inflect chełpić się | V;PRS;1;PL	chełpimy
Inflect chełpić się | V;PRS;2;SG	chełpisz
Inflect chełpić się | V;PRS;3;SG	chełpi
Inflect chełpić się | V;IMP;2;SG	chełp
Inflect chełpić się | V;IMP;3;PL	niech chełpią
Inflect chełpić się | V;IMP;3;SG	niech chełpi
Inflect dziać | V;FUT;3;PL;MASC;HUM	będą dziali
Inflect dziać | V;FUT;3;PL	będą działy
Inflect dziać | V;FUT;1;SG;MASC	będę dział
Inflect dziać | V;FUT;2;PL	będziecie działy
Inflect dziać | V;FUT;3;SG;FEM	będzie działa
Inflect dziać | V;FUT;3;SG;NEUT	będzie działo
Inflect dziać | V;FUT;3;SG;MASC	będzie dział
Inflect dziać | V;FUT;1;PL	będziemy działy
Inflect dziać | V;FUT;2;SG;FEM	będziesz działa
Inflect dziać | V;NFIN	dziać
Inflect dziać | V;COND;1;SG;FEM	działabym
Inflect dziać | V;COND;2;SG;FEM	działabyś
Inflect dziać | V;PST;1;SG;FEM	działam
Inflect dziać | V;PST;2;SG;FEM	działaś
Inflect dziać | V;PST;3;SG;FEM	działa
Inflect dziać | V;COND;1;SG;MASC	działbym
Inflect dziać | V;COND;2;SG;MASC	działbyś
Inflect dziać | V;COND;3;SG;MASC	działby
Inflect dziać | V;PST;2;SG;MASC	działeś
Inflect dziać | V;COND;3;PL;MASC;HUM	dzialiby
Inflect dziać | V;PST;2;PL;MASC;HUM	dzialiście
Inflect dziać | V;PST;3;SG;MASC	dział
Inflect dziać | V;COND;2;PL	działybyście
Inflect dziać | V;COND;3;PL	działyby
Inflect dziać | V;PST;1;PL	działyśmy
Inflect dziać | V;PST;3;PL	działy
Inflect dziać | V.PTCP;PST;PASS;SG;NEUT	dziane
Inflect dziać | V.MSDR	dzianie
Inflect dziać | V.PTCP;PST;ACT;SG;FEM	dziejąca
Inflect dziać | V.PTCP;PST;ACT;PL	dziejące
Inflect dziać | V.PTCP;PST;ACT;SG;MASC	dziejący
Inflect dziać | V;PRS;3;PL	dzieją
Inflect dziać | V;IMP;2;PL	dziejcie
Inflect dziać | V;PRS;2;PL	dziejecie
Inflect dziać | V;PRS;1;PL	dziejemy
Inflect dziać | V;PRS;1;SG	dzieję
Inflect dziać | V;IMP;1;PL	dziejmy
Inflect dziać | V;IMP;2;SG	dziej
Inflect dziać | V;IMP;3;PL	niech dzieją
Inflect dziać | V;IMP;3;SG	niech dzieje
Inflect najwilgotniejszy | ADJ;NOM(PL,MASC,HUM)	najwilgotniejsi
Inflect najwilgotniejszy | ADJ;ACC(SG,FEM)	najwilgotniejszą
Inflect najwilgotniejszy | ADJ;INS(SG,FEM)	najwilgotniejszą
Inflect najwilgotniejszy | ADJ;NOM(SG,FEM)	najwilgotniejsza
Inflect najwilgotniejszy | ADJ;ACC(PL)	najwilgotniejsze
Inflect najwilgotniejszy | ADJ;ACC(SG,NEUT)	najwilgotniejsze
Inflect najwilgotniejszy | ADJ;NOM(SG,NEUT)	najwilgotniejsze
Inflect najwilgotniejszy | ADJ;NOM(PL)	najwilgotniejsze
Inflect najwilgotniejszy | ADJ;ACC(SG,MASC,ANIM)	najwilgotniejszego
Inflect najwilgotniejszy | ADJ;GEN(SG,MASC)	najwilgotniejszego
Inflect najwilgotniejszy | ADJ;ACC(SG,MASC,HUM)	najwilgotniejszego
Inflect najwilgotniejszy | ADJ;GEN(SG,NEUT)	najwilgotniejszego
Inflect najwilgotniejszy | ADJ;DAT(SG,FEM)	najwilgotniejszej
Inflect najwilgotniejszy | ADJ;ESS(SG,FEM)	najwilgotniejszej
Inflect najwilgotniejszy | ADJ;DAT(SG,MASC)	najwilgotniejszemu
Inflect najwilgotniejszy | ADJ;ACC(SG,MASC,INAN)	najwilgotniejszy
Inflect najwilgotniejszy | ADJ;NOM(SG,MASC)	najwilgotniejszy
Inflect najwilgotniejszy | ADJ;ESS(PL)	najwilgotniejszych
Inflect najwilgotniejszy | ADJ;GEN(PL)	najwilgotniejszych
Inflect najwilgotniejszy | ADJ;ACC(PL,MASC,HUM)	najwilgotniejszych
Inflect najwilgotniejszy | ADJ;DAT(PL)	najwilgotniejszym
Inflect najwilgotniejszy | ADJ;INS(SG,MASC)	najwilgotniejszym
Inflect najwilgotniejszy | ADJ;INS(SG,NEUT)	najwilgotniejszym
Inflect geometryczny | ADJ;ACC(SG,FEM)	geometryczną
Inflect geometryczny | ADJ;INS(SG,FEM)	geometryczną
Inflect geometryczny | ADJ;NOM(SG,FEM)	geometryczna
Inflect geometryczny | ADJ;ACC(SG,NEUT)	geometryczne
Inflect geometryczny | ADJ;NOM(SG,NEUT)	geometryczne
Inflect geometryczny | ADJ;NOM(PL)	geometryczne
Inflect geometryczny | ADJ;ACC(SG,MASC,ANIM)	geometrycznego
Inflect geometryczny | ADJ;GEN(SG,MASC)	geometrycznego
Inflect geometryczny | ADJ;GEN(SG,NEUT)	geometrycznego
Inflect geometryczny | ADJ;ESS(SG,FEM)	geometrycznej
Inflect geometryczny | ADJ;DAT(SG,MASC)	geometrycznemu
Inflect geometryczny | ADJ;NOM(PL,MASC,HUM)	geometryczni
Inflect geometryczny | ADJ;ACC(SG,MASC,INAN)	geometryczny
Inflect geometryczny | ADJ;ESS(PL)	geometrycznych
Inflect geometryczny | ADJ;GEN(PL)	geometrycznych
Inflect geometryczny | ADJ;ACC(PL,MASC,HUM)	geometrycznych
Inflect geometryczny | ADJ;ESS(SG,MASC)	geometrycznym
Inflect geometryczny | ADJ;INS(SG,MASC)	geometrycznym
Inflect geometryczny | ADJ;INS(SG,NEUT)	geometrycznym
Inflect geometryczny | ADJ;INS(PL)	geometrycznymi
Inflect kablówka | N;DAT(SG)	kablówce
Inflect kablówka | N;ESS(SG)	kablówce
Inflect kablówka | N;GEN(PL)	kablówek
Inflect kablówka | N;ESS(PL)	kablówkach
Inflect kablówka | N;INS(SG)	kablówką
Inflect kablówka | N;NOM(SG)	kablówka
Inflect kablówka | N;ACC(SG)	kablówkę
Inflect kablówka | N;GEN(SG)	kablówki
Inflect kablówka | N;NOM(PL)	kablówki
Inflect kablówka | N;VOC(PL)	kablówki
Inflect kablówka | N;DAT(PL)	kablówkom
Inflect nakryć | V.MSDR	nakrycie
Inflect nakryć | V;NFIN	nakryć
Inflect nakryć | V;FUT;3;PL	nakryją
Inflect nakryć | V;FUT;1;PL	nakryjemy
Inflect nakryć | V;FUT;1;SG	nakryję
Inflect nakryć | V;FUT;3;SG	nakryje
Inflect nakryć | V;IMP;1;PL	nakryjmy
Inflect nakryć | V;COND;1;SG;FEM	nakryłabym
Inflect nakryć | V;COND;2;SG;FEM	nakryłabyś
Inflect nakryć | V;PST;2;SG;FEM	nakryłaś
Inflect nakryć | V;COND;1;SG;MASC	nakryłbym
Inflect nakryć | V;COND;3;SG;MASC	nakryłby
Inflect nakryć | V;PST;1;SG;MASC	nakryłem
Inflect nakryć | V;PST;2;SG;MASC	nakryłeś
Inflect nakryć | V;COND;2;PL;MASC;HUM	nakrylibyście
Inflect nakryć | V;COND;1;PL;MASC;HUM	nakrylibyśmy
Inflect nakryć | V;COND;3;PL;MASC;HUM	nakryliby
Inflect nakryć | V;PST;2;PL;MASC;HUM	nakryliście
Inflect nakryć | V;PST;3;SG;NEUT	nakryło
Inflect nakryć | V;PST;3;SG;MASC	nakrył
Inflect nakryć | V;COND;2;PL	nakryłybyście
Inflect nakryć | V;COND;1;PL	nakryłybyśmy
Inflect nakryć | V;COND;3;PL	nakryłyby
Inflect nakryć | V;PST;2;PL	nakryłyście
Inflect nakryć | V;PST;1;PL	nakryłyśmy
Inflect nakryć | V;PST;3;PL	nakryły
Inflect nakryć | V.PTCP;PST;PASS;SG;FEM	nakryta
Inflect nakryć | V.PTCP;PST;PASS;PL	nakryte
Inflect nakryć | V.PTCP;PST;PASS;SG;NEUT	nakryte
Inflect nakryć | V.PTCP;PST;PASS	nakryto
Inflect nakryć | V.PTCP;PST;PASS;SG;MASC	nakryty
Inflect nakryć | V.CVB;PST	nakrywszy
Inflect nakryć | V;IMP;3;PL	niech nakryją
Inflect nakryć | V;IMP;1;SG	niech nakryję
Inflect nakryć | V;IMP;3;SG	niech nakryje
Inflect tato | N;DAT(SG)	tacie
Inflect tato | N;ESS(SG)	tacie
Inflect tato | N;ESS(PL)	tatach
Inflect tato | N;INS(PL)	tatami
Inflect tato | N;ACC(SG)	tatę
Inflect tato | N;DAT(PL)	tatom
Inflect tato | N;VOC(SG)	tato
Inflect tato | N;VOC(PL)	tatowie
Inflect tato | N;GEN(PL)	tatów
Inflect więdnąć | V;FUT;3;PL;MASC;HUM	będą więdnęli
Inflect więdnąć | V;FUT;3;PL	będą więdnęły
Inflect więdnąć | V;FUT;1;SG;MASC	będę więdnął
Inflect więdnąć | V;FUT;1;SG;FEM	będę więdnęła
Inflect więdnąć | V;FUT;2;SG;FEM	będziesz więdnęła
Inflect więdnąć | V;FUT;3;SG;MASC	będzie więdnął
Inflect więdnąć | V;FUT;3;SG;FEM	będzie więdnęła
Inflect więdnąć | V;FUT;3;SG;NEUT	będzie więdnęło
Inflect więdnąć | V;IMP;3;PL	niech więdną
Inflect więdnąć | V;IMP;3;SG	niech więdnie
Inflect więdnąć | V.PTCP;PST;ACT;SG;FEM	więdnąca
Inflect więdnąć | V.PTCP;PST;ACT;PL	więdnące
Inflect więdnąć | V.PTCP;PST;ACT;SG;NEUT	więdnące
Inflect więdnąć | V.PTCP;PST;ACT;PL;MASC;HUM	więdnący
Inflect więdnąć | V.PTCP;PST;ACT;SG;MASC	więdnący
Inflect więdnąć | V;COND;1;SG;MASC	więdnąłbym
Inflect więdnąć | V;COND;2;SG;MASC	więdnąłbyś
Inflect więdnąć | V;PST;2;SG;MASC	więdnąłeś
Inflect więdnąć | V;PRS;3;PL	więdną
Inflect więdnąć | V;COND;1;SG;FEM	więdnęłabym
Inflect więdnąć | V;COND;2;SG;FEM	więdnęłabyś
Inflect więdnąć | V;COND;3;SG;FEM	więdnęłaby
Inflect więdnąć | V;PST;1;SG;FEM	więdnęłam
Inflect więdnąć | V;PST;3;SG;FEM	więdnęła
Inflect więdnąć | V;COND;2;PL;MASC;HUM	więdnęlibyście
Inflect więdnąć | V;PST;2;PL;MASC;HUM	więdnęliście
Inflect więdnąć | V;PST;1;PL;MASC;HUM	więdnęliśmy
Inflect więdnąć | V;PST;3;PL;MASC;HUM	więdnęli
Inflect więdnąć | V;COND;3;SG;NEUT	więdnęłoby
Inflect więdnąć | V;COND;2;PL	więdnęłybyście
Inflect więdnąć | V;COND;1;PL	więdnęłybyśmy
Inflect więdnąć | V;COND;3;PL	więdnęłyby
Inflect więdnąć | V;PST;2;PL	więdnęłyście
Inflect więdnąć | V;PST;1;PL	więdnęłyśmy
Inflect więdnąć | V;PST;3;PL	więdnęły
Inflect więdnąć | V;PRS;1;SG	więdnę
Inflect więdnąć | V.MSDR	więdnięcie
Inflect więdnąć | V;PRS;2;PL	więdniecie
Inflect więdnąć | V;PRS;2;SG	więdniesz
Inflect więdnąć | V;PRS;3;SG	więdnie
Inflect więdnąć | V;IMP;2;SG	więdnij
Inflect karciany | ADJ;ACC(SG,FEM)	karcianą
Inflect karciany | ADJ;NOM(SG,FEM)	karciana
Inflect karciany | ADJ;ACC(PL)	karciane
Inflect karciany | ADJ;GEN(SG,MASC)	karcianego
Inflect karciany | ADJ;ACC(SG,MASC,HUM)	karcianego
Inflect karciany | ADJ;GEN(SG,NEUT)	karcianego
Inflect karciany | ADJ;DAT(SG,FEM)	karcianej
Inflect karciany | ADJ;ESS(SG,FEM)	karcianej
Inflect karciany | ADJ;GEN(SG,FEM)	karcianej
Inflect karciany | ADJ;DAT(SG,NEUT)	karcianemu
Inflect karciany | ADJ;NOM(PL,MASC,HUM)	karciani
Inflect karciany | ADJ;NOM(SG,MASC)	karciany
Inflect karciany | ADJ;GEN(PL)	karcianych
Inflect karciany | ADJ;DAT(PL)	karcianym
Inflect karciany | ADJ;ESS(SG,NEUT)	karcianym
Inflect karciany | ADJ;INS(SG,NEUT)	karcianym
Inflect karciany | ADJ;INS(PL)	karcianymi
Inflect glonowy | ADJ;ACC(SG,FEM)	glonową
Inflect glonowy | ADJ;NOM(SG,FEM)	glonowa
Inflect glonowy | ADJ;ACC(PL)	glonowe
Inflect glonowy | ADJ;NOM(SG,NEUT)	glonowe
Inflect glonowy | ADJ;NOM(PL)	glonowe
Inflect glonowy | ADJ;ACC(SG,MASC,ANIM)	glonowego
Inflect glonowy | ADJ;GEN(SG,MASC)	glonowego
Inflect glonowy | ADJ;GEN(SG,NEUT)	glonowego
Inflect glonowy | ADJ;DAT(SG,FEM)	glonowej
Inflect glonowy | ADJ;GEN(SG,FEM)	glonowej
Inflect glonowy | ADJ;DAT(SG,MASC)	glonowemu
Inflect glonowy | ADJ;DAT(SG,NEUT)	glonowemu
Inflect glonowy | ADJ;NOM(PL,MASC,HUM)	glonowi
Inflect glonowy | ADJ;ACC(SG,MASC,INAN)	glonowy
Inflect glonowy | ADJ;NOM(SG,MASC)	glonowy
Inflect glonowy | ADJ;DAT(PL)	glonowym
Inflect glonowy | ADJ;ESS(SG,MASC)	glonowym
Inflect glonowy | ADJ;ESS(SG,NEUT)	glonowym
Inflect tracić | V.PTCP;PST;PASS;SG;MASC	tracony
Inflect himalajski | ADJ;NOM(PL,MASC,HUM)	himalajscy
Inflect himalajski | ADJ;INS(SG,FEM)	himalajską
Inflect himalajski | ADJ;NOM(SG,FEM)	himalajska
Inflect himalajski | ADJ;NOM(SG,MASC)	himalajski
Inflect himalajski | ADJ;GEN(PL)	himalajskich
Inflect himalajski | ADJ;ACC(PL,MASC,HUM)	himalajskich
Inflect himalajski | ADJ;ACC(PL)	himalajskie
Inflect himalajski | ADJ;ACC(SG,NEUT)	himalajskie
Inflect himalajski | ADJ;NOM(PL)	himalajskie
Inflect himalajski | ADJ;ACC(SG,MASC,ANIM)	himalajskiego
Inflect himalajski | ADJ;GEN(SG,MASC)	himalajskiego
Inflect himalajski | ADJ;GEN(SG,NEUT)	himalajskiego
Inflect himalajski | ADJ;DAT(SG,FEM)	himalajskiej
Inflect himalajski | ADJ;ESS(SG,FEM)	himalajskiej
Inflect himalajski | ADJ;DAT(SG,MASC)	himalajskiemu
Inflect himalajski | ADJ;DAT(SG,NEUT)	himalajskiemu
Inflect himalajski | ADJ;ESS(SG,MASC)	himalajskim
Inflect himalajski | ADJ;INS(SG,MASC)	himalajskim
Inflect Japończyk | N;NOM(PL)	Japończycy
Inflect Japończyk | N;ESS(PL)	Japończykach
Inflect Japończyk | N;INS(PL)	Japończykami
Inflect Japończyk | N;ACC(SG)	Japończyka
Inflect Japończyk | N;GEN(SG)	Japończyka
Inflect Japończyk | N;INS(SG)	Japończykiem
Inflect Japończyk | N;NOM(SG)	Japończyk
Inflect Japończyk | N;DAT(SG)	Japończykowi
Inflect Japończyk | N;ACC(PL)	Japończyków
Inflect Japończyk | N;GEN(PL)	Japończyków
Inflect bełt | N;ESS(SG)	bełcie
Inflect bełt | N;ESS(PL)	bełtach
Inflect bełt | N;ACC(SG)	bełt
Inflect bełt | N;NOM(SG)	bełt
Inflect bełt | N;DAT(PL)	bełtom
Inflect bełt | N;GEN(PL)	bełtów
Inflect bełt | N;ACC(PL)	bełty
Inflect bełt | N;VOC(PL)	bełty
Inflect chłopczyk | N;NOM(PL)	chłoczyki
Inflect chłopczyk | N;INS(PL)	chłopczykami
Inflect chłopczyk | N;GEN(SG)	chłopczyka
Inflect chłopczyk | N;NOM(SG)	chłopczyk
Inflect chłopczyk | N;DAT(PL)	chłopczykom
Inflect chłopczyk | N;ACC(PL)	chłopczyków
Inflect chłopczyk | N;ESS(SG)	chłopczyku
Inflect hazard | N;INS(SG)	hazardem
Inflect hazard | N;ACC(SG)	hazard
Inflect hazard | N;DAT(PL)	hazardom
Inflect hazard | N;DAT(SG)	hazardowi
Inflect hazard | N;GEN(PL)	hazardów
Inflect hazard | N;VOC(PL)	hazardy
Inflect hazard | N;ESS(SG)	hazardzie
Inflect podziemny | ADJ;ACC(SG,FEM)	podziemną
Inflect podziemny | ADJ;NOM(SG,FEM)	podziemna
Inflect podziemny | ADJ;ACC(SG,NEUT)	podziemne
Inflect podziemny | ADJ;NOM(SG,NEUT)	podziemne
Inflect podziemny | ADJ;NOM(PL)	podziemne
Inflect podziemny | ADJ;ACC(SG,MASC,ANIM)	podziemnego
Inflect podziemny | ADJ;GEN(SG,MASC)	podziemnego
Inflect podziemny | ADJ;ACC(SG,MASC,HUM)	podziemnego
Inflect podziemny | ADJ;GEN(SG,NEUT)	podziemnego
Inflect podziemny | ADJ;DAT(SG,FEM)	podziemnej
Inflect podziemny | ADJ;ESS(SG,FEM)	podziemnej
Inflect podziemny | ADJ;GEN(SG,FEM)	podziemnej
Inflect podziemny | ADJ;DAT(SG,MASC)	podziemnemu
Inflect podziemny | ADJ;DAT(SG,NEUT)	podziemnemu
Inflect podziemny | ADJ;NOM(PL,MASC,HUM)	podziemni
Inflect podziemny | ADJ;ACC(SG,MASC,INAN)	podziemny
Inflect podziemny | ADJ;NOM(SG,MASC)	podziemny
Inflect podziemny | ADJ;ESS(PL)	podziemnych
Inflect podziemny | ADJ;GEN(PL)	podziemnych
Inflect podziemny | ADJ;ESS(SG,MASC)	podziemnym
Inflect podziemny | ADJ;INS(SG,MASC)	podziemnym
Inflect podziemny | ADJ;ESS(SG,NEUT)	podziemnym
Inflect podziemny | ADJ;INS(SG,NEUT)	podziemnym
Inflect limo | N;ESS(PL)	limach
Inflect limo | N;ACC(PL)	lima
Inflect limo | N;NOM(PL)	lima
Inflect limo | N;VOC(PL)	lima
Inflect limo | N;ESS(SG)	limie
Inflect limo | N;GEN(PL)	lim
Inflect limo | N;DAT(PL)	limom
Inflect limo | N;ACC(SG)	limo
Inflect limo | N;VOC(SG)	limo
Inflect niknąć | V;FUT;3;PL;MASC;HUM	będą niknęli
Inflect niknąć | V;FUT;3;PL	będą niknęły
Inflect niknąć | V;FUT;1;SG;MASC	będę niknął
Inflect niknąć | V;FUT;1;SG;FEM	będę niknęła
Inflect niknąć | V;FUT;2;PL;MASC;HUM	będziecie niknęli
Inflect niknąć | V;FUT;1;PL;MASC;HUM	będziemy niknęli
Inflect niknąć | V;FUT;1;PL	będziemy niknęły
Inflect niknąć | V;FUT;3;SG;FEM	będzie niknęła
Inflect niknąć | V;FUT;3;SG;NEUT	będzie niknęło
Inflect niknąć | V;FUT;2;SG;MASC	będziesz niknął
Inflect niknąć | V;IMP;3;SG	niech niknie
Inflect niknąć | V.PTCP;PST;ACT;SG;FEM	niknąca
Inflect niknąć | V.PTCP;PST;ACT;PL	niknące
Inflect niknąć | V.CVB	niknąc
Inflect niknąć | V;NFIN	niknąć
Inflect niknąć | V.PTCP;PST;ACT;PL;MASC;HUM	niknący
Inflect niknąć | V.PTCP;PST;ACT;SG;MASC	niknący
Inflect niknąć | V;COND;1;SG;MASC	niknąłbym
Inflect niknąć | V;COND;2;SG;MASC	niknąłbyś
Inflect niknąć | V;COND;3;SG;MASC	niknąłby
Inflect niknąć | V;PST;2;SG;MASC	niknąłeś
Inflect niknąć | V;COND;1;SG;FEM	niknęłabym
Inflect niknąć | V;COND;2;SG;FEM	niknęłabyś
Inflect niknąć | V;COND;3;SG;FEM	niknęłaby
Inflect niknąć | V;PST;2;SG;FEM	niknęłaś
Inflect niknąć | V;PST;3;SG;FEM	niknęła
Inflect niknąć | V;COND;2;PL;MASC;HUM	niknęlibyście
Inflect niknąć | V;COND;3;PL;MASC;HUM	niknęliby
Inflect niknąć | V;PST;2;PL;MASC;HUM	niknęliście
Inflect niknąć | V;PST;1;PL;MASC;HUM	niknęliśmy
Inflect niknąć | V;PST;3;PL;MASC;HUM	niknęli
Inflect niknąć | V;COND;3;SG;NEUT	niknęłoby
Inflect niknąć | V;PST;3;SG;NEUT	niknęło
Inflect niknąć | V;COND;2;PL	niknęłybyście
Inflect niknąć | V;COND;1;PL	niknęłybyśmy
Inflect niknąć | V;PST;2;PL	niknęłyście
Inflect niknąć | V;PRS;1;SG	niknę
Inflect niknąć | V;PRS;2;PL	nikniecie
Inflect niknąć | V;PRS;2;SG	nikniesz
Inflect niknąć | V;IMP;1;PL	niknijmy
Inflect sinus | N;ESS(PL)	sinusach
Inflect sinus | N;INS(SG)	sinusem
Inflect sinus | N;ESS(SG)	sinusie
Inflect sinus | N;ACC(SG)	sinus
Inflect sinus | N;DAT(SG)	sinusowi
Inflect sinus | N;GEN(PL)	sinusów
Inflect sinus | N;ACC(PL)	sinusy
Inflect sinus | N;NOM(PL)	sinusy
Inflect sinus | N;VOC(PL)	sinusy
Inflect pokrywanie | N;GEN(SG)	pokrywania
Inflect pokrywanie | N;INS(SG)	pokrywaniem
Inflect pokrywanie | N;ACC(SG)	pokrywanie
Inflect pokrywanie | N;NOM(SG)	pokrywanie
Inflect pokrywanie | N;VOC(SG)	pokrywanie
Inflect pokrywanie | N;DAT(SG)	pokrywaniu
Inflect pokrywanie | N;ESS(SG)	pokrywaniu
Inflect leżak | N;ESS(PL)	leżakach
Inflect leżak | N;INS(PL)	leżakami
Inflect leżak | N;INS(SG)	leżakiem
Inflect leżak | N;ACC(PL)	leżaki
Inflect leżak | N;VOC(PL)	leżaki
Inflect leżak | N;ACC(SG)	leżak
Inflect leżak | N;NOM(SG)	leżak
Inflect leżak | N;DAT(PL)	leżakom
Inflect leżak | N;DAT(SG)	leżakowi
Inflect leżak | N;ESS(SG)	leżaku
Inflect leżak | N;GEN(SG)	leżaku
Inflect najkrótszy | ADJ;NOM(PL,MASC,HUM)	najkrótsi
Inflect najkrótszy | ADJ;INS(SG,FEM)	najkrótszą
Inflect najkrótszy | ADJ;NOM(SG,FEM)	najkrótsza
Inflect najkrótszy | ADJ;ACC(SG,NEUT)	najkrótsze
Inflect najkrótszy | ADJ;NOM(SG,NEUT)	najkrótsze
Inflect najkrótszy | ADJ;NOM(PL)	najkrótsze
Inflect najkrótszy | ADJ;ACC(SG,MASC,ANIM)	najkrótszego
Inflect najkrótszy | ADJ;GEN(SG,MASC)	najkrótszego
Inflect najkrótszy | ADJ;ACC(SG,MASC,HUM)	najkrótszego
Inflect najkrótszy | ADJ;GEN(SG,NEUT)	najkrótszego
Inflect najkrótszy | ADJ;DAT(SG,FEM)	najkrótszej
Inflect najkrótszy | ADJ;ESS(SG,FEM)	najkrótszej
Inflect najkrótszy | ADJ;GEN(SG,FEM)	najkrótszej
Inflect najkrótszy | ADJ;DAT(SG,MASC)	najkrótszemu
Inflect najkrótszy | ADJ;DAT(SG,NEUT)	najkrótszemu
Inflect najkrótszy | ADJ;ACC(SG,MASC,INAN)	najkrótszy
Inflect najkrótszy | ADJ;NOM(SG,MASC)	najkrótszy
Inflect najkrótszy | ADJ;ESS(PL)	najkrótszych
Inflect najkrótszy | ADJ;GEN(PL)	najkrótszych
Inflect najkrótszy | ADJ;ACC(PL,MASC,HUM)	najkrótszych
Inflect najkrótszy | ADJ;DAT(PL)	najkrótszym
Inflect najkrótszy | ADJ;ESS(SG,NEUT)	najkrótszym
Inflect najkrótszy | ADJ;INS(SG,NEUT)	najkrótszym
Inflect najkrótszy | ADJ;INS(PL)	najkrótszymi
Inflect Atarynka | N;DAT(SG)	Atarynce
Inflect Atarynka | N;ESS(SG)	Atarynce
Inflect Atarynka | N;GEN(PL)	Atarynek
Inflect Atarynka | N;ESS(PL)	Atarynkach
Inflect Atarynka | N;NOM(SG)	Atarynka
Inflect Atarynka | N;ACC(SG)	Atarynkę
Inflect Atarynka | N;NOM(PL)	Atarynki
Inflect Atarynka | N;VOC(PL)	Atarynki
Inflect Atarynka | N;DAT(PL)	Atarynkom
Inflect abecadło | N;ESS(PL)	abecadłach
Inflect abecadło | N;INS(PL)	abecadłami
Inflect abecadło | N;ACC(PL)	abecadła
Inflect abecadło | N;GEN(SG)	abecadła
Inflect abecadło | N;NOM(PL)	abecadła
Inflect abecadło | N;VOC(PL)	abecadła
Inflect abecadło | N;INS(SG)	abecadłem
Inflect abecadło | N;DAT(PL)	abecadłom
Inflect abecadło | N;ACC(SG)	abecadło
Inflect abecadło | N;NOM(SG)	abecadło
Inflect abecadło | N;VOC(SG)	abecadło
Inflect abecadło | N;DAT(SG)	abecadłu
Inflect amplituda | N;INS(PL)	amplitudami
Inflect amplituda | N;ACC(SG)	amplitudę
Inflect amplituda | N;DAT(PL)	amplitudom
Inflect amplituda | N;ACC(PL)	amplitudy
Inflect amplituda | N;GEN(SG)	amplitudy
Inflect amplituda | N;NOM(PL)	amplitudy
Inflect amplituda | N;ESS(SG)	amplitudzie
Inflect pasieka | N;DAT(SG)	pasiece
Inflect pasieka | N;ESS(SG)	pasiece
Inflect pasieka | N;ESS(PL)	pasiekach
Inflect pasieka | N;INS(SG)	pasieką
Inflect pasieka | N;NOM(SG)	pasieka
Inflect pasieka | N;GEN(SG)	pasieki
Inflect pasieka | N;NOM(PL)	pasieki
Inflect pasieka | N;GEN(PL)	pasiek
Inflect pasieka | N;DAT(PL)	pasiekom
Inflect pasieka | N;VOC(SG)	pasieko
Inflect mocznik | N;GEN(SG)	mocznika
Inflect mocznik | N;INS(SG)	mocznikiem
Inflect mocznik | N;ACC(SG)	mocznik
Inflect mocznik | N;DAT(SG)	mocznikowi
Inflect mocznik | N;ESS(SG)	moczniku
Inflect mocznik | N;VOC(SG)	moczniku
Inflect Maj | N;GEN(SG)	Maja
Inflect widły | N;GEN(SG)	wideł
Inflect widły | N;ESS(SG)	widłach
Inflect widły | N;INS(SG)	widłami
Inflect widły | N;DAT(SG)	widłom
Inflect widły | N;NOM(SG)	widły
Inflect widły | N;VOC(SG)	widły
Inflect Polak | N;NOM(PL)	Polacy
Inflect Polak | N;VOC(PL)	Polacy
Inflect Polak | N;ACC(SG)	Polaka
Inflect Polak | N;GEN(SG)	Polaka
Inflect Polak | N;INS(SG)	Polakiem
Inflect Polak | N;NOM(SG)	Polak
Inflect Polak | N;DAT(PL)	Polakom
Inflect Polak | N;DAT(SG)	Polakowi
Inflect Polak | N;ACC(PL)	Polaków
Inflect Polak | N;ESS(SG)	Polaku
Inflect grecki | ADJ;NOM(PL,MASC,HUM)	greccy
Inflect grecki | ADJ;ACC(SG,FEM)	grecką
Inflect grecki | ADJ;INS(SG,FEM)	grecką
Inflect grecki | ADJ;ACC(SG,MASC,INAN)	grecki
Inflect grecki | ADJ;GEN(PL)	greckich
Inflect grecki | ADJ;ACC(PL)	greckie
Inflect grecki | ADJ;ACC(SG,NEUT)	greckie
Inflect grecki | ADJ;NOM(PL)	greckie
Inflect grecki | ADJ;ACC(SG,MASC,ANIM)	greckiego
Inflect grecki | ADJ;GEN(SG,MASC)	greckiego
Inflect grecki | ADJ;ACC(SG,MASC,HUM)	greckiego
Inflect grecki | ADJ;GEN(SG,NEUT)	greckiego
Inflect grecki | ADJ;DAT(SG,FEM)	greckiej
Inflect grecki | ADJ;ESS(SG,FEM)	greckiej
Inflect grecki | ADJ;DAT(SG,MASC)	greckiemu
Inflect grecki | ADJ;DAT(SG,NEUT)	greckiemu
Inflect grecki | ADJ;DAT(PL)	greckim
Inflect grecki | ADJ;ESS(SG,MASC)	greckim
Inflect grecki | ADJ;INS(SG,MASC)	greckim
Inflect grecki | ADJ;ESS(SG,NEUT)	greckim
Inflect grecki | ADJ;INS(PL)	greckimi
Inflect cholerny | ADJ;ACC(SG,FEM)	cholerną
Inflect cholerny | ADJ;INS(SG,FEM)	cholerną
Inflect cholerny | ADJ;NOM(SG,FEM)	cholerna
Inflect cholerny | ADJ;ACC(PL)	cholerne
Inflect cholerny | ADJ;ACC(SG,NEUT)	cholerne
Inflect cholerny | ADJ;NOM(PL)	cholerne
Inflect cholerny | ADJ;GEN(SG,MASC)	cholernego
Inflect cholerny | ADJ;ACC(SG,MASC,HUM)	cholernego
Inflect cholerny | ADJ;GEN(SG,NEUT)	cholernego
Inflect cholerny | ADJ;DAT(SG,MASC)	cholernemu
Inflect cholerny | ADJ;DAT(SG,NEUT)	cholernemu
Inflect cholerny | ADJ;NOM(PL,MASC,HUM)	cholerni
Inflect cholerny | ADJ;ESS(PL)	cholernych
Inflect cholerny | ADJ;GEN(PL)	cholernych
Inflect cholerny | ADJ;ACC(PL,MASC,HUM)	cholernych
Inflect cholerny | ADJ;DAT(PL)	cholernym
Inflect cholerny | ADJ;ESS(SG,MASC)	cholernym
Inflect cholerny | ADJ;INS(SG,MASC)	cholernym
Inflect cholerny | ADJ;INS(PL)	cholernymi
Inflect kociątko | N;INS(PL)	kociątkami
Inflect kociątko | N;ACC(PL)	kociątka
Inflect kociątko | N;GEN(SG)	kociątka
Inflect kociątko | N;VOC(PL)	kociątka
Inflect kociątko | N;INS(SG)	kociątkiem
Inflect kociątko | N;DAT(PL)	kociątkom
Inflect kociątko | N;ACC(SG)	kociątko
Inflect kociątko | N;NOM(SG)	kociątko
Inflect kociątko | N;VOC(SG)	kociątko
Inflect kociątko | N;DAT(SG)	kociątku
Inflect kociątko | N;ESS(SG)	kociątku
Inflect bawełniany | ADJ;ACC(SG,FEM)	bawełnianą
Inflect bawełniany | ADJ;INS(SG,FEM)	bawełnianą
Inflect bawełniany | ADJ;NOM(SG,FEM)	bawełniana
Inflect bawełniany | ADJ;ACC(PL)	bawełniane
Inflect bawełniany | ADJ;ACC(SG,NEUT)	bawełniane
Inflect bawełniany | ADJ;NOM(PL)	bawełniane
Inflect bawełniany | ADJ;ACC(SG,MASC,ANIM)	bawełnianego
Inflect bawełniany | ADJ;GEN(SG,MASC)	bawełnianego
Inflect bawełniany | ADJ;ACC(SG,MASC,HUM)	bawełnianego
Inflect bawełniany | ADJ;GEN(SG,NEUT)	bawełnianego
Inflect bawełniany | ADJ;ESS(SG,FEM)	bawełnianej
Inflect bawełniany | ADJ;GEN(SG,FEM)	bawełnianej
Inflect bawełniany | ADJ;NOM(PL,MASC,HUM)	bawełniani
Inflect bawełniany | ADJ;ACC(SG,MASC,INAN)	bawełniany
Inflect bawełniany | ADJ;ESS(PL)	bawełnianych
Inflect bawełniany | ADJ;ACC(PL,MASC,HUM)	bawełnianych
Inflect bawełniany | ADJ;DAT(PL)	bawełnianym
Inflect bawełniany | ADJ;ESS(SG,MASC)	bawełnianym
Inflect bawełniany | ADJ;INS(SG,MASC)	bawełnianym
Inflect bawełniany | ADJ;ESS(SG,NEUT)	bawełnianym
Inflect bawełniany | ADJ;INS(PL)	bawełnianymi
Inflect glutamina | N;INS(PL)	glutaminami
Inflect glutamina | N;INS(SG)	glutaminą
Inflect glutamina | N;ACC(SG)	glutaminę
Inflect glutamina | N;DAT(SG)	glutaminie
Inflect glutamina | N;VOC(SG)	glutamino
Inflect glutamina | N;GEN(SG)	glutaminy
Inflect glutamina | N;NOM(PL)	glutaminy
Inflect glutamina | N;VOC(PL)	glutaminy
Inflect tracić | V;PRS;3;SG	traci
Inflect Kornwalijczyk | N;NOM(PL)	Kornwalijczycy
Inflect Kornwalijczyk | N;ACC(SG)	Kornwalijczyka
Inflect Kornwalijczyk | N;GEN(SG)	Kornwalijczyka
Inflect Kornwalijczyk | N;INS(SG)	Kornwalijczykiem
Inflect Kornwalijczyk | N;NOM(SG)	Kornwalijczyk
Inflect Kornwalijczyk | N;DAT(SG)	Kornwalijczykowi
Inflect Kornwalijczyk | N;GEN(PL)	Kornwalijczyków
Inflect Kornwalijczyk | N;VOC(SG)	Kornwalijczyku
Inflect luminofor | N;ESS(PL)	luminoforach
Inflect luminofor | N;INS(PL)	luminoforami
Inflect luminofor | N;INS(SG)	luminoforem
Inflect luminofor | N;NOM(SG)	luminofor
Inflect luminofor | N;DAT(PL)	luminoforom
Inflect luminofor | N;DAT(SG)	luminoforowi
Inflect luminofor | N;GEN(SG)	luminoforu
Inflect luminofor | N;ACC(PL)	luminofory
Inflect luminofor | N;NOM(PL)	luminofory
Inflect luminofor | N;VOC(PL)	luminofory
Inflect luminofor | N;ESS(SG)	luminoforze
Inflect demonstrant | N;ESS(SG)	demonstrancie
Inflect demonstrant | N;NOM(PL)	demonstranci
Inflect demonstrant | N;VOC(PL)	demonstranci
Inflect demonstrant | N;ESS(PL)	demonstrantach
Inflect demonstrant | N;INS(PL)	demonstrantami
Inflect demonstrant | N;ACC(SG)	demonstranta
Inflect demonstrant | N;GEN(SG)	demonstranta
Inflect demonstrant | N;NOM(SG)	demonstrant
Inflect demonstrant | N;DAT(SG)	demonstrantowi
Inflect demonstrant | N;ACC(PL)	demonstrantów
Inflect demonstrant | N;GEN(PL)	demonstrantów
Inflect akronim | N;ESS(PL)	akronimach
Inflect akronim | N;INS(PL)	akronimami
Inflect akronim | N;INS(SG)	akronimem
Inflect akronim | N;ESS(SG)	akronimie
Inflect akronim | N;VOC(SG)	akronimie
Inflect akronim | N;ACC(SG)	akronim
Inflect akronim | N;NOM(SG)	akronim
Inflect akronim | N;DAT(SG)	akronimowi
Inflect akronim | N;ACC(PL)	akronimy
Inflect akronim | N;NOM(PL)	akronimy
Inflect akronim | N;VOC(PL)	akronimy
Inflect wada | N;INS(SG)	wadą
Inflect wada | N;VOC(SG)	wado
Inflect wada | N;ACC(PL)	wady
Inflect wada | N;VOC(PL)	wady
Inflect wada | N;DAT(SG)	wadzie
Inflect wada | N;ESS(SG)	wadzie
Inflect łuk | N;NOM(SG)	łuk
Inflect podstawa | N;ESS(PL)	podstawach
Inflect podstawa | N;INS(PL)	podstawami
Inflect podstawa | N;ACC(SG)	podstawę
Inflect podstawa | N;DAT(SG)	podstawie
Inflect podstawa | N;ESS(SG)	podstawie
Inflect podstawa | N;GEN(PL)	podstaw
Inflect podstawa | N;VOC(SG)	podstawo
Inflect podstawa | N;ACC(PL)	podstawy
Inflect podstawa | N;GEN(SG)	podstawy
Inflect podstawa | N;NOM(PL)	podstawy
Inflect podstawa | N;VOC(PL)	podstawy
Inflect kosiarka | N;DAT(SG)	kosiarce
Inflect kosiarka | N;ESS(SG)	kosiarce
Inflect kosiarka | N;GEN(PL)	kosiarek
Inflect kosiarka | N;ESS(PL)	kosiarkach
Inflect kosiarka | N;INS(PL)	kosiarkami
Inflect kosiarka | N;INS(SG)	kosiarką
Inflect kosiarka | N;NOM(SG)	kosiarka
Inflect kosiarka | N;ACC(SG)	kosiarkę
Inflect kosiarka | N;ACC(PL)	kosiarki
Inflect kosiarka | N;GEN(SG)	kosiarki
Inflect kosiarka | N;NOM(PL)	kosiarki
Inflect kosiarka | N;DAT(PL)	kosiarkom
Inflect cacko | N;GEN(PL)	cacek
Inflect cacko | N;ACC(PL)	cacka
Inflect cacko | N;GEN(SG)	cacka
Inflect cacko | N;NOM(PL)	cacka
Inflect cacko | N;INS(SG)	cackiem
Inflect cacko | N;ACC(SG)	cacko
Inflect cacko | N;NOM(SG)	cacko
Inflect cacko | N;VOC(SG)	cacko
Inflect głowica | N;INS(PL)	głowicami
Inflect głowica | N;INS(SG)	głowicą
Inflect głowica | N;ACC(PL)	głowice
Inflect głowica | N;ACC(SG)	głowicę
Inflect głowica | N;VOC(PL)	głowice
Inflect głowica | N;GEN(PL)	głowic
Inflect głowica | N;DAT(PL)	głowicom
Inflect głowica | N;DAT(SG)	głowicy
Inflect głowica | N;GEN(SG)	głowicy
Inflect talon | N;INS(PL)	talonami
Inflect talon | N;INS(SG)	talonem
Inflect talon | N;ESS(SG)	talonie
Inflect talon | N;VOC(SG)	talonie
Inflect talon | N;ACC(SG)	talon
Inflect talon | N;DAT(SG)	talonowi
Inflect talon | N;GEN(PL)	talonów
Inflect talon | N;GEN(SG)	talonu
Inflect talon | N;ACC(PL)	talony
Inflect talon | N;NOM(PL)	talony
Inflect talon | N;VOC(PL)	talony
Inflect wkręt | N;ESS(SG)	wkręcie
Inflect wkręt | N;VOC(SG)	wkręcie
Inflect wkręt | N;ESS(PL)	wkrętach
Inflect wkręt | N;INS(PL)	wkrętami
Inflect wkręt | N;INS(SG)	wkrętem
Inflect wkręt | N;NOM(SG)	wkręt
Inflect wkręt | N;DAT(PL)	wkrętom
Inflect wkręt | N;ACC(PL)	wkręty
Inflect wkręt | N;NOM(PL)	wkręty
Inflect myśliwy | N;ACC(SG)	myśliwego
Inflect myśliwy | N;GEN(SG)	myśliwego
Inflect myśliwy | N;DAT(SG)	myśliwemu
Inflect myśliwy | N;NOM(PL)	myśliwi
Inflect myśliwy | N;VOC(PL)	myśliwi
Inflect myśliwy | N;INS(PL)	myśliwymi
Inflect myśliwy | N;DAT(PL)	myśliwym
Inflect myśliwy | N;ESS(SG)	myśliwym
Inflect myśliwy | N;INS(SG)	myśliwym
Inflect myśliwy | N;VOC(SG)	myśliwy
Inflect Macedończyk | N;NOM(PL)	Macedończycy
Inflect Macedończyk | N;VOC(PL)	Macedończycy
Inflect Macedończyk | N;ESS(PL)	Macedończykach
Inflect Macedończyk | N;INS(PL)	Macedończykami
Inflect Macedończyk | N;ACC(SG)	Macedończyka
Inflect Macedończyk | N;GEN(SG)	Macedończyka
Inflect Macedończyk | N;INS(SG)	Macedończykiem
Inflect Macedończyk | N;NOM(SG)	Macedończyk
Inflect Macedończyk | N;DAT(PL)	Macedończykom
Inflect Macedończyk | N;DAT(SG)	Macedończykowi
Inflect Macedończyk | N;ACC(PL)	Macedończyków
Inflect Macedończyk | N;GEN(PL)	Macedończyków
Inflect mianownik | N;ESS(PL)	mianownikach
Inflect mianownik | N;INS(PL)	mianownikami
Inflect mianownik | N;GEN(SG)	mianownika
Inflect mianownik | N;NOM(PL)	mianowniki
Inflect mianownik | N;VOC(PL)	mianowniki
Inflect mianownik | N;DAT(PL)	mianownikom
Inflect mianownik | N;DAT(SG)	mianownikowi
Inflect mianownik | N;GEN(PL)	mianowników
Inflect mianownik | N;ESS(SG)	mianowniku
Inflect rodzajnik | N;INS(PL)	rodzajnikami
Inflect rodzajnik | N;INS(SG)	rodzajnikiem
Inflect rodzajnik | N;ACC(PL)	rodzajniki
Inflect rodzajnik | N;VOC(PL)	rodzajniki
Inflect rodzajnik | N;ACC(SG)	rodzajnik
Inflect rodzajnik | N;NOM(SG)	rodzajnik
Inflect rodzajnik | N;DAT(PL)	rodzajnikom
Inflect rodzajnik | N;DAT(SG)	rodzajnikowi
Inflect rodzajnik | N;GEN(PL)	rodzajników
Inflect rodzajnik | N;ESS(SG)	rodzajniku
Inflect rodzajnik | N;VOC(SG)	rodzajniku
Inflect tort | N;ESS(SG)	torcie
Inflect tort | N;ESS(PL)	tortach
Inflect tort | N;INS(PL)	tortami
Inflect tort | N;INS(SG)	tortem
Inflect tort | N;ACC(SG)	tort
Inflect tort | N;NOM(SG)	tort
Inflect tort | N;DAT(PL)	tortom
Inflect tort | N;DAT(SG)	tortowi
Inflect tort | N;GEN(PL)	tortów
Inflect tort | N;GEN(SG)	tortu
Inflect tort | N;VOC(PL)	torty
Inflect spałaszować | V;IMP;3;PL	niech spałaszują
Inflect spałaszować | V;IMP;1;SG	niech spałaszuję
Inflect spałaszować | V;IMP;3;SG	niech spałaszuje
Inflect spałaszować | V;NFIN	spałaszować
Inflect spałaszować | V;COND;1;SG;FEM	spałaszowałabym
Inflect spałaszować | V;COND;2;SG;FEM	spałaszowałabyś
Inflect spałaszować | V;PST;3;SG;FEM	spałaszowała
Inflect spałaszować | V;COND;1;SG;MASC	spałaszowałbym
Inflect spałaszować | V;COND;2;SG;MASC	spałaszowałbyś
Inflect spałaszować | V;COND;3;SG;MASC	spałaszowałby
Inflect spałaszować | V;COND;2;PL;MASC;HUM	spałaszowalibyście
Inflect spałaszować | V;COND;3;PL;MASC;HUM	spałaszowaliby
Inflect spałaszować | V;PST;2;PL;MASC;HUM	spałaszowaliście
Inflect spałaszować | V;COND;3;SG;NEUT	spałaszowałoby
Inflect spałaszować | V;PST;3;SG;NEUT	spałaszowało
Inflect spałaszować | V;COND;2;PL	spałaszowałybyście
Inflect spałaszować | V;COND;1;PL	spałaszowałybyśmy
Inflect spałaszować | V;PST;2;PL	spałaszowałyście
Inflect spałaszować | V;PST;1;PL	spałaszowałyśmy
Inflect spałaszować | V.PTCP;PST;PASS;SG;FEM	spałaszowana
Inflect spałaszować | V.PTCP;PST;PASS;PL	spałaszowane
Inflect spałaszować | V.MSDR	spałaszowanie
Inflect spałaszować | V.PTCP;PST;PASS	spałaszowano
Inflect spałaszować | V.CVB;PST	spałaszowawszy
Inflect spałaszować | V;FUT;3;PL	spałaszują
Inflect spałaszować | V;IMP;2;PL	spałaszujcie
Inflect spałaszować | V;FUT;2;PL	spałaszujecie
Inflect spałaszować | V;FUT;1;PL	spałaszujemy
Inflect spałaszować | V;FUT;2;SG	spałaszujesz
Inflect spałaszować | V;FUT;1;SG	spałaszuję
Inflect spałaszować | V;FUT;3;SG	spałaszuje
Inflect spałaszować | V;IMP;1;PL	spałaszujmy
Inflect spałaszować | V;IMP;2;SG	spałaszuj
Inflect łono | N;ESS(PL)	łonach
Inflect łono | N;GEN(SG)	łona
Inflect łono | N;NOM(PL)	łona
Inflect łono | N;VOC(PL)	łona
Inflect łono | N;INS(SG)	łonem
Inflect łono | N;ESS(SG)	łonie
Inflect łono | N;GEN(PL)	łon
Inflect łono | N;ACC(SG)	łono
Inflect wpływanie | N;GEN(SG)	wpływania
Inflect wpływanie | N;INS(SG)	wpływaniem
Inflect wpływanie | N;ACC(SG)	wpływanie
Inflect wpływanie | N;NOM(SG)	wpływanie
Inflect wpływanie | N;VOC(SG)	wpływanie
Inflect wpływanie | N;DAT(SG)	wpływaniu
Inflect wpływanie | N;ESS(SG)	wpływaniu
Inflect właściciel | N;ACC(SG)	właściciela
Inflect właściciel | N;GEN(SG)	właściciela
Inflect właściciel | N;ACC(PL)	właścicieli
Inflect właściciel | N;DAT(PL)	właścicielom
Inflect właściciel | N;VOC(SG)	właścicielu
Inflect korzeń | N;ESS(PL)	korzeniach
Inflect korzeń | N;GEN(SG)	korzenia
Inflect korzeń | N;INS(SG)	korzeniem
Inflect korzeń | N;VOC(PL)	korzenie
Inflect korzeń | N;GEN(PL)	korzeni
Inflect korzeń | N;DAT(PL)	korzeniom
Inflect korzeń | N;ESS(SG)	korzeniu
Inflect korzeń | N;VOC(SG)	korzeniu
Inflect korzeń | N;ACC(SG)	korzeń
Inflect taon | N;ESS(PL)	taonach
Inflect taon | N;INS(PL)	taonami
Inflect taon | N;INS(SG)	taonem
Inflect taon | N;VOC(SG)	taonie
Inflect taon | N;ACC(SG)	taon
Inflect taon | N;NOM(SG)	taon
Inflect taon | N;DAT(PL)	taonom
Inflect taon | N;GEN(PL)	taonów
Inflect taon | N;GEN(SG)	taonu
Inflect taon | N;ACC(PL)	taony
Inflect taon | N;NOM(PL)	taony
Inflect taon | N;VOC(PL)	taony
Inflect aldehyd | N;ESS(PL)	aldehydach
Inflect aldehyd | N;INS(PL)	aldehydami
Inflect aldehyd | N;INS(SG)	aldehydem
Inflect aldehyd | N;ACC(SG)	aldehyd
Inflect aldehyd | N;NOM(SG)	aldehyd
Inflect aldehyd | N;DAT(SG)	aldehydowi
Inflect aldehyd | N;GEN(PL)	aldehydów
Inflect aldehyd | N;GEN(SG)	aldehydu
Inflect aldehyd | N;ACC(PL)	aldehydy
Inflect aldehyd | N;VOC(PL)	aldehydy
Inflect aldehyd | N;ESS(SG)	aldehydzie
Inflect aldehyd | N;VOC(SG)	aldehydzie
Inflect luna | N;NOM(PL)	luny
Inflect półkole | N;ESS(PL)	półkolach
Inflect półkole | N;INS(PL)	półkolami
Inflect półkole | N;ACC(PL)	półkola
Inflect półkole | N;GEN(SG)	półkola
Inflect półkole | N;NOM(PL)	półkola
Inflect półkole | N;VOC(PL)	półkola
Inflect półkole | N;ACC(SG)	półkole
Inflect półkole | N;NOM(SG)	półkole
Inflect półkole | N;VOC(SG)	półkole
Inflect półkole | N;GEN(PL)	półkoli
Inflect półkole | N;DAT(PL)	półkolom
Inflect półkole | N;DAT(SG)	półkolu
Inflect półkole | N;ESS(SG)	półkolu
Inflect pozytywka | N;DAT(SG)	pozytywce
Inflect pozytywka | N;ESS(SG)	pozytywce
Inflect pozytywka | N;GEN(PL)	pozytywek
Inflect pozytywka | N;ESS(PL)	pozytywkach
Inflect pozytywka | N;INS(PL)	pozytywkami
Inflect pozytywka | N;INS(SG)	pozytywką
Inflect pozytywka | N;NOM(SG)	pozytywka
Inflect pozytywka | N;ACC(SG)	pozytywkę
Inflect pozytywka | N;ACC(PL)	pozytywki
Inflect pozytywka | N;NOM(PL)	pozytywki
Inflect pozytywka | N;VOC(PL)	pozytywki
Inflect pozytywka | N;DAT(PL)	pozytywkom
Inflect buddystka | N;ESS(SG)	buddystce
Inflect buddystka | N;ESS(PL)	buddystkach
Inflect buddystka | N;INS(PL)	buddystkami
Inflect buddystka | N;INS(SG)	buddystką
Inflect buddystka | N;NOM(SG)	buddystka
Inflect buddystka | N;ACC(SG)	buddystkę
Inflect buddystka | N;ACC(PL)	buddystki
Inflect buddystka | N;GEN(SG)	buddystki
Inflect buddystka | N;NOM(PL)	buddystki
Inflect buddystka | N;VOC(PL)	buddystki
Inflect buddystka | N;DAT(PL)	buddystkom
Inflect buddystka | N;VOC(SG)	buddystko
Inflect szkatuła | N;ESS(PL)	szkatułach
Inflect szkatuła | N;INS(PL)	szkatułami
Inflect szkatuła | N;INS(SG)	szkatułą
Inflect szkatuła | N;ACC(SG)	szkatułę
Inflect szkatuła | N;GEN(PL)	szkatuł
Inflect szkatuła | N;VOC(SG)	szkatuło
Inflect szkatuła | N;ACC(PL)	szkatuły
Inflect szkatuła | N;NOM(PL)	szkatuły
Inflect szkatuła | N;VOC(PL)	szkatuły
Inflect ręcznik | N;ESS(PL)	ręcznikach
Inflect ręcznik | N;INS(PL)	ręcznikami
Inflect ręcznik | N;ACC(PL)	ręczniki
Inflect ręcznik | N;NOM(PL)	ręczniki
Inflect ręcznik | N;ACC(SG)	ręcznik
Inflect ręcznik | N;NOM(SG)	ręcznik
Inflect ręcznik | N;GEN(PL)	ręczników
Inflect ręcznik | N;VOC(SG)	ręczniku
Inflect grzebać | V;FUT;3;PL;MASC;HUM	będą grzebali
Inflect grzebać | V;FUT;1;SG;FEM	będę grzebała
Inflect grzebać | V;FUT;1;SG;MASC	będę grzebał
Inflect grzebać | V;FUT;2;PL;MASC;HUM	będziecie grzebali
Inflect grzebać | V;FUT;2;PL	będziecie grzebały
Inflect grzebać | V;FUT;3;SG;FEM	będzie grzebała
Inflect grzebać | V;FUT;3;SG;NEUT	będzie grzebało
Inflect grzebać | V;FUT;3;SG;MASC	będzie grzebał
Inflect grzebać | V;FUT;1;PL;MASC;HUM	będziemy grzebali
Inflect grzebać | V;FUT;1;PL	będziemy grzebały
Inflect grzebać | V;FUT;2;SG;FEM	będziesz grzebała
Inflect grzebać | V;FUT;2;SG;MASC	będziesz grzebał
Inflect grzebać | V;NFIN	grzebać
Inflect grzebać | V;IMP;2;PL	grzebajcie
Inflect grzebać | V;IMP;1;PL	grzebajmy
Inflect grzebać | V;IMP;2;SG	grzebaj
Inflect grzebać | V;COND;1;SG;FEM	grzebałabym
Inflect grzebać | V;COND;2;SG;FEM	grzebałabyś
Inflect grzebać | V;PST;2;SG;FEM	grzebałaś
Inflect grzebać | V;PST;3;SG;FEM	grzebała
Inflect grzebać | V;COND;1;SG;MASC	grzebałbym
Inflect grzebać | V;COND;3;SG;MASC	grzebałby
Inflect grzebać | V;PST;1;SG;MASC	grzebałem
Inflect grzebać | V;PST;2;SG;MASC	grzebałeś
Inflect grzebać | V;COND;2;PL;MASC;HUM	grzebalibyście
Inflect grzebać | V;COND;3;PL;MASC;HUM	grzebaliby
Inflect grzebać | V;PST;1;PL;MASC;HUM	grzebaliśmy
Inflect grzebać | V;PST;3;PL;MASC;HUM	grzebali
Inflect grzebać | V;COND;3;SG;NEUT	grzebałoby
Inflect grzebać | V;PST;3;SG;NEUT	grzebało
Inflect grzebać | V;PST;3;SG;MASC	grzebał
Inflect grzebać | V;COND;2;PL	grzebałybyście
Inflect grzebać | V;COND;1;PL	grzebałybyśmy
Inflect grzebać | V;COND;3;PL	grzebałyby
Inflect grzebać | V;PST;2;PL	grzebałyście
Inflect grzebać | V;PST;1;PL	grzebałyśmy
Inflect grzebać | V;PST;3;PL	grzebały
Inflect grzebać | V.PTCP;PST;PASS;SG;FEM	grzebana
Inflect grzebać | V.PTCP;PST;PASS;PL	grzebane
Inflect grzebać | V.PTCP;PST;PASS;SG;NEUT	grzebane
Inflect grzebać | V.MSDR	grzebanie
Inflect grzebać | V.PTCP;PST;PASS;PL;MASC;HUM	grzebani
Inflect grzebać | V.PTCP;PST;PASS	grzebano
Inflect grzebać | V.PTCP;PST;PASS;SG;MASC	grzebany
Inflect grzebać | V.PTCP;PST;ACT;SG;FEM	grzebiąca
Inflect grzebać | V.PTCP;PST;ACT;PL	grzebiące
Inflect grzebać | V.PTCP;PST;ACT;SG;NEUT	grzebiące
Inflect grzebać | V.CVB	grzebiąc
Inflect grzebać | V.PTCP;PST;ACT;PL;MASC;HUM	grzebiący
Inflect grzebać | V.PTCP;PST;ACT;SG;MASC	grzebiący
Inflect grzebać | V;PRS;3;PL	grzebią
Inflect grzebać | V;PRS;2;PL	grzebiecie
Inflect grzebać | V;PRS;1;PL	grzebiemy
Inflect grzebać | V;PRS;2;SG	grzebiesz
Inflect grzebać | V;PRS;1;SG	grzebię
Inflect grzebać | V;PRS;3;SG	grzebie
Inflect grzebać | V;IMP;3;SG	niech grzebie
Inflect daltonizm | N;ESS(SG)	daltonizmie
Inflect daltonizm | N;VOC(SG)	daltonizmie
Inflect daltonizm | N;ACC(SG)	daltonizm
Inflect daltonizm | N;NOM(SG)	daltonizm
Inflect daltonizm | N;DAT(SG)	daltonizmowi
Inflect daltonizm | N;GEN(SG)	daltonizmu
Inflect tracić | V;PST;1;PL	traciłyśmy
Inflect zainteresowanie | N;ESS(PL)	zainteresowaniach
Inflect zainteresowanie | N;INS(PL)	zainteresowaniami
Inflect zainteresowanie | N;ACC(PL)	zainteresowania
Inflect zainteresowanie | N;GEN(SG)	zainteresowania
Inflect zainteresowanie | N;NOM(PL)	zainteresowania
Inflect zainteresowanie | N;VOC(PL)	zainteresowania
Inflect zainteresowanie | N;INS(SG)	zainteresowaniem
Inflect zainteresowanie | N;ACC(SG)	zainteresowanie
Inflect zainteresowanie | N;NOM(SG)	zainteresowanie
Inflect zainteresowanie | N;VOC(SG)	zainteresowanie
Inflect zainteresowanie | N;DAT(SG)	zainteresowaniu
Inflect wynieść | V;IMP;3;SG	niech wyniesie
Inflect wynieść | V;IMP;1;SG	niech wyniosę
Inflect wynieść | V;IMP;2;PL	wynieście
Inflect wynieść | V;NFIN	wynieść
Inflect wynieść | V;FUT;1;PL	wyniesiemy
Inflect wynieść | V.MSDR	wyniesienie
Inflect wynieść | V.PTCP;PST;PASS;PL;MASC;HUM	wyniesieni
Inflect wynieść | V;FUT;2;SG	wyniesiesz
Inflect wynieść | V;FUT;3;SG	wyniesie
Inflect wynieść | V.PTCP;PST;PASS;PL	wyniesione
Inflect wynieść | V.PTCP;PST;PASS;SG;NEUT	wyniesione
Inflect wynieść | V.PTCP;PST;PASS	wyniesiono
Inflect wynieść | V.PTCP;PST;PASS;SG;MASC	wyniesiony
Inflect wynieść | V;COND;2;PL;MASC;HUM	wynieślibyście
Inflect wynieść | V;COND;1;PL;MASC;HUM	wynieślibyśmy
Inflect wynieść | V;COND;3;PL;MASC;HUM	wynieśliby
Inflect wynieść | V;PST;2;PL;MASC;HUM	wynieśliście
Inflect wynieść | V;PST;1;PL;MASC;HUM	wynieśliśmy
Inflect wynieść | V;PST;3;PL;MASC;HUM	wynieśli
Inflect wynieść | V;IMP;1;PL	wynieśmy
Inflect wynieść | V;IMP;2;SG	wynieś
Inflect wynieść | V;FUT;3;PL	wyniosą
Inflect wynieść | V;FUT;1;SG	wyniosę
Inflect wynieść | V;COND;1;SG;FEM	wyniosłabym
Inflect wynieść | V;COND;2;SG;FEM	wyniosłabyś
Inflect wynieść | V;PST;1;SG;FEM	wyniosłam
Inflect wynieść | V;PST;2;SG;FEM	wyniosłaś
Inflect wynieść | V;PST;3;SG;FEM	wyniosła
Inflect wynieść | V;COND;1;SG;MASC	wyniósłbym
Inflect wynieść | V;COND;2;SG;MASC	wyniósłbyś
Inflect wynieść | V;COND;3;SG;MASC	wyniósłby
Inflect wynieść | V;PST;1;SG;MASC	wyniosłem
Inflect wynieść | V;COND;3;SG;NEUT	wyniosłoby
Inflect wynieść | V;PST;3;SG;NEUT	wyniosło
Inflect wynieść | V.CVB;PST	wyniósłszy
Inflect wynieść | V;COND;2;PL	wyniosłybyście
Inflect wynieść | V;COND;1;PL	wyniosłybyśmy
Inflect wynieść | V;COND;3;PL	wyniosłyby
Inflect wynieść | V;PST;2;PL	wyniosłyście
Inflect pierogi | N;ESS(SG)	pierogach
Inflect pierogi | N;INS(SG)	pierogami
Inflect pierogi | N;VOC(SG)	pierogi
Inflect pierogi | N;DAT(SG)	pierogom
Inflect ostrze | N;INS(PL)	ostrzami
Inflect ostrze | N;ACC(PL)	ostrza
Inflect ostrze | N;GEN(SG)	ostrza
Inflect ostrze | N;NOM(PL)	ostrza
Inflect ostrze | N;VOC(PL)	ostrza
Inflect ostrze | N;INS(SG)	ostrzem
Inflect ostrze | N;ACC(SG)	ostrze
Inflect ostrze | N;NOM(SG)	ostrze
Inflect ostrze | N;VOC(SG)	ostrze
Inflect ostrze | N;DAT(PL)	ostrzom
Inflect ostrze | N;DAT(SG)	ostrzu
Inflect ostrze | N;ESS(SG)	ostrzu
Inflect ostrze | N;GEN(PL)	ostrzy
Inflect siedzenie | N;ESS(PL)	siedzeniach
Inflect siedzenie | N;GEN(SG)	siedzenia
Inflect siedzenie | N;NOM(PL)	siedzenia
Inflect siedzenie | N;VOC(PL)	siedzenia
Inflect siedzenie | N;INS(SG)	siedzeniem
Inflect siedzenie | N;ACC(SG)	siedzenie
Inflect siedzenie | N;NOM(SG)	siedzenie
Inflect siedzenie | N;VOC(SG)	siedzenie
Inflect siedzenie | N;DAT(PL)	siedzeniom
Inflect siedzenie | N;DAT(SG)	siedzeniu
Inflect siedzenie | N;GEN(PL)	siedzeń
Inflect adrenalina | N;ESS(PL)	adrenalinach
Inflect adrenalina | N;INS(PL)	adrenalinami
Inflect adrenalina | N;INS(SG)	adrenaliną
Inflect adrenalina | N;NOM(SG)	adrenalina
Inflect adrenalina | N;ACC(SG)	adrenalinę
Inflect adrenalina | N;DAT(SG)	adrenalinie
Inflect adrenalina | N;ESS(SG)	adrenalinie
Inflect adrenalina | N;GEN(PL)	adrenalin
Inflect adrenalina | N;DAT(PL)	adrenalinom
Inflect adrenalina | N;GEN(SG)	adrenaliny
Inflect adrenalina | N;NOM(PL)	adrenaliny
Inflect adrenalina | N;VOC(PL)	adrenaliny
Inflect wydostawać | V;FUT;3;PL;MASC;HUM	będą wydostawali
Inflect wydostawać | V;FUT;3;PL	będą wydostawały
Inflect wydostawać | V;FUT;1;SG;MASC	będę wydostawał
Inflect wydostawać | V;FUT;2;PL;MASC;HUM	będziecie wydostawali
Inflect wydostawać | V;FUT;2;PL	będziecie wydostawały
Inflect wydostawać | V;FUT;1;PL	będziemy wydostawały
Inflect wydostawać | V;FUT;2;SG;FEM	będziesz wydostawała
Inflect wydostawać | V;FUT;3;SG;FEM	będzie wydostawała
Inflect wydostawać | V;FUT;3;SG;NEUT	będzie wydostawało
Inflect wydostawać | V;IMP;3;PL	niech wydostają
Inflect wydostawać | V;IMP;3;SG	niech wydostaje
Inflect budowa | N;ESS(PL)	budowach
Inflect budowa | N;INS(SG)	budową
Inflect budowa | N;NOM(SG)	budowa
Inflect budowa | N;ACC(SG)	budowę
Inflect budowa | N;DAT(SG)	budowie
Inflect budowa | N;ESS(SG)	budowie
Inflect budowa | N;GEN(PL)	budów
Inflect budowa | N;DAT(PL)	budowom
Inflect budowa | N;ACC(PL)	budowy
Inflect budowa | N;GEN(SG)	budowy
Inflect budowa | N;NOM(PL)	budowy
Inflect śmierć | N;INS(PL)	śmierciami
Inflect śmierć | N;INS(SG)	śmiercią
Inflect śmierć | N;DAT(SG)	śmierci
Inflect śmierć | N;ESS(SG)	śmierci
Inflect śmierć | N;GEN(SG)	śmierci
Inflect śmierć | N;NOM(PL)	śmierci
Inflect śmierć | N;VOC(PL)	śmierci
Inflect śmierć | N;VOC(SG)	śmierci
Inflect śmierć | N;DAT(PL)	śmierciom
Inflect śmierć | N;ACC(SG)	śmierć
Inflect śmierć | N;NOM(SG)	śmierć
Inflect imponować | V;FUT;3;PL	będą imponowały
Inflect imponować | V;FUT;1;SG;FEM	będę imponowała
Inflect imponować | V;FUT;2;PL;MASC;HUM	będziecie imponowali
Inflect imponować | V;FUT;2;PL	będziecie imponowały
Inflect imponować | V;FUT;3;SG;FEM	będzie imponowała
Inflect imponować | V;FUT;3;SG;NEUT	będzie imponowało
Inflect imponować | V;FUT;3;SG;MASC	będzie imponował
Inflect imponować | V;FUT;1;PL	będziemy imponowały
Inflect imponować | V;FUT;2;SG;FEM	będziesz imponowała
Inflect imponować | V;COND;1;SG;FEM	imponowałabym
Inflect imponować | V;COND;3;SG;FEM	imponowałaby
Inflect imponować | V;PST;1;SG;FEM	imponowałam
Inflect imponować | V;PST;3;SG;FEM	imponowała
Inflect imponować | V;COND;1;SG;MASC	imponowałbym
Inflect imponować | V;COND;2;SG;MASC	imponowałbyś
Inflect imponować | V;COND;3;SG;MASC	imponowałby
Inflect imponować | V;PST;1;SG;MASC	imponowałem
Inflect imponować | V;PST;2;SG;MASC	imponowałeś
Inflect imponować | V;COND;2;PL;MASC;HUM	imponowalibyście
Inflect imponować | V;COND;3;PL;MASC;HUM	imponowaliby
Inflect imponować | V;PST;1;PL;MASC;HUM	imponowaliśmy
Inflect imponować | V;PST;3;SG;NEUT	imponowało
Inflect imponować | V;COND;3;PL	imponowałyby
Inflect imponować | V;PST;2;PL	imponowałyście
Inflect imponować | V;PST;1;PL	imponowałyśmy
Inflect imponować | V;PST;3;PL	imponowały
Inflect imponować | V.PTCP;PST;ACT;SG;FEM	imponująca
Inflect imponować | V.PTCP;PST;ACT;SG;NEUT	imponujące
Inflect imponować | V.PTCP;PST;ACT;PL;MASC;HUM	imponujący
Inflect imponować | V.PTCP;PST;ACT;SG;MASC	imponujący
Inflect imponować | V;PRS;3;PL	imponują
Inflect imponować | V;PRS;2;PL	imponujecie
Inflect imponować | V;PRS;1;PL	imponujemy
Inflect imponować | V;PRS;2;SG	imponujesz
Inflect imponować | V;PRS;1;SG	imponuję
Inflect imponować | V;PRS;3;SG	imponuje
Inflect imponować | V;IMP;1;PL	imponujmy
Inflect imponować | V;IMP;2;SG	imponuj
Inflect imponować | V;IMP;3;PL	niech imponują
Inflect imponować | V;IMP;3;SG	niech imponuje
Inflect kulomb | N;ESS(PL)	kulombach
Inflect kulomb | N;INS(PL)	kulombami
Inflect kulomb | N;INS(SG)	kulombem
Inflect kulomb | N;ESS(SG)	kulombie
Inflect kulomb | N;ACC(SG)	kulomb
Inflect kulomb | N;DAT(SG)	kulombowi
Inflect kulomb | N;GEN(PL)	kulombów
Inflect kulomb | N;ACC(PL)	kulomby
Inflect kulomb | N;NOM(PL)	kulomby
Inflect kulomb | N;VOC(PL)	kulomby
Inflect widownia | N;ESS(PL)	widowniach
Inflect widownia | N;INS(PL)	widowniami
Inflect widownia | N;NOM(SG)	widownia
Inflect widownia | N;ACC(PL)	widownie
Inflect widownia | N;NOM(PL)	widownie
Inflect widownia | N;VOC(PL)	widownie
Inflect widownia | N;DAT(SG)	widowni
Inflect widownia | N;ESS(SG)	widowni
Inflect widownia | N;GEN(PL)	widowni
Inflect widownia | N;GEN(SG)	widowni
Inflect widownia | N;DAT(PL)	widowniom
Inflect widownia | N;VOC(SG)	widownio
Inflect kłusownik | N;NOM(PL)	kłusownicy
Inflect kłusownik | N;VOC(PL)	kłusownicy
Inflect kłusownik | N;ESS(PL)	kłusownikach
Inflect kłusownik | N;INS(PL)	kłusownikami
Inflect kłusownik | N;ACC(SG)	kłusownika
Inflect kłusownik | N;GEN(SG)	kłusownika
Inflect kłusownik | N;INS(SG)	kłusownikiem
Inflect kłusownik | N;NOM(SG)	kłusownik
Inflect kłusownik | N;DAT(PL)	kłusownikom
Inflect kłusownik | N;DAT(SG)	kłusownikowi
Inflect kłusownik | N;ACC(PL)	kłusowników
Inflect kłusownik | N;ESS(SG)	kłusowniku
Inflect kłusownik | N;VOC(SG)	kłusowniku
Inflect kochać | V;FUT;3;PL;MASC;HUM	będą kochali
Inflect kochać | V;FUT;2;PL;MASC;HUM	będziecie kochali
Inflect kochać | V;FUT;3;SG;FEM	będzie kochała
Inflect kochać | V;FUT;3;SG;NEUT	będzie kochało
Inflect kochać | V;FUT;3;SG;MASC	będzie kochał
Inflect kochać | V;FUT;2;SG;MASC	będziesz kochał
Inflect kochać | V;PRS;2;PL	kochacie
Inflect kochać | V;NFIN	kochać
Inflect kochać | V.PTCP;PST;ACT;SG;FEM	kochająca
Inflect kochać | V.PTCP;PST;ACT;PL	kochające
Inflect kochać | V.PTCP;PST;ACT;PL;MASC;HUM	kochający
Inflect kochać | V;PRS;3;PL	kochają
Inflect kochać | V;IMP;2;PL	kochajcie
Inflect kochać | V;IMP;1;PL	kochajmy
Inflect kochać | V;IMP;2;SG	kochaj
Inflect kochać | V;COND;1;SG;FEM	kochałabym
Inflect kochać | V;COND;3;SG;FEM	kochałaby
Inflect kochać | V;PST;1;SG;FEM	kochałam
Inflect kochać | V;PST;2;SG;FEM	kochałaś
Inflect kochać | V;COND;1;SG;MASC	kochałbym
Inflect kochać | V;COND;2;SG;MASC	kochałbyś
Inflect kochać | V;PST;1;SG;MASC	kochałem
Inflect kochać | V;PST;2;SG;MASC	kochałeś
Inflect kochać | V;COND;1;PL;MASC;HUM	kochalibyśmy
Inflect kochać | V;PST;1;PL;MASC;HUM	kochaliśmy
Inflect kochać | V;PST;3;PL;MASC;HUM	kochali
Inflect kochać | V;COND;3;SG;NEUT	kochałoby
Inflect kochać | V;PST;3;SG;NEUT	kochało
Inflect kochać | V;COND;2;PL	kochałybyście
Inflect kochać | V;COND;1;PL	kochałybyśmy
Inflect kochać | V;COND;3;PL	kochałyby
Inflect kochać | V;PST;2;PL	kochałyście
Inflect kochać | V;PST;3;PL	kochały
Inflect kochać | V;PRS;1;SG	kocham
Inflect kochać | V;PRS;1;PL	kochamy
Inflect kochać | V.PTCP;PST;PASS;SG;FEM	kochana
Inflect kochać | V.PTCP;PST;PASS;PL	kochane
Inflect kochać | V.PTCP;PST;PASS;SG;NEUT	kochane
Inflect kochać | V.PTCP;PST;PASS;PL;MASC;HUM	kochani
Inflect kochać | V;PRS;2;SG	kochasz
Inflect kochać | V;PRS;3;SG	kocha
Inflect kochać | V;IMP;3;PL	niech kochają
Inflect dworka | N;ACC(SG)	dworkę
Inflect lewacki | ADJ;NOM(PL,MASC,HUM)	lewaccy
Inflect lewacki | ADJ;NOM(SG,FEM)	lewacka
Inflect lewacki | ADJ;ACC(SG,MASC,INAN)	lewacki
Inflect lewacki | ADJ;GEN(PL)	lewackich
Inflect lewacki | ADJ;ACC(PL)	lewackie
Inflect lewacki | ADJ;ACC(SG,NEUT)	lewackie
Inflect lewacki | ADJ;NOM(PL)	lewackie
Inflect lewacki | ADJ;ACC(SG,MASC,ANIM)	lewackiego
Inflect lewacki | ADJ;ACC(SG,MASC,HUM)	lewackiego
Inflect lewacki | ADJ;GEN(SG,NEUT)	lewackiego
Inflect lewacki | ADJ;DAT(SG,FEM)	lewackiej
Inflect lewacki | ADJ;ESS(SG,FEM)	lewackiej
Inflect lewacki | ADJ;GEN(SG,FEM)	lewackiej
Inflect lewacki | ADJ;DAT(SG,NEUT)	lewackiemu
Inflect lewacki | ADJ;DAT(PL)	lewackim
Inflect lewacki | ADJ;ESS(SG,MASC)	lewackim
Inflect lewacki | ADJ;INS(SG,MASC)	lewackim
Inflect lewacki | ADJ;ESS(SG,NEUT)	lewackim
Inflect lewacki | ADJ;INS(SG,NEUT)	lewackim
Inflect lewacki | ADJ;INS(PL)	lewackimi
Inflect òbchòdzony | V;PPART;PASS;MPL	òbchòdzoné
Inflect akòrdión | N;GEN(FEM,SG)	akòrdióna
Inflect apartnosc | N;DAT(PL)	apartnoscë
Inflect fòrmacëjô | N;GEN(SG)	fòrmace
Inflect skôrb | N;NOM(MASC,SG)	skôrb
Inflect Miastk | N;GEN(SG)	Miastka
Inflect jinstrumentarium | N;NOM(SG)	jinstrumentarium
Inflect Ptôszczi | N;DIM;NOM(PL)	ptôszk
Inflect gad | N;GEN(PL)	gadów
Inflect statuta | N;F;ACC(PL)	statutë
Inflect przedstôwca | N;GEN(PL)	przedstôwców
Inflect Zlikwidowac | V;INF	Zlikwidowac
Inflect Sagittaria | N;F;NOM(SG)	Sagittaria
Inflect doczëzna | N;ACC(SG)	doczëznã
Inflect wilgòtny | ADJ;ACC(MASC,PL)	wilgòtnych
Inflect officinale | ADJ;VOC(MASC,SG)	officinale
Inflect jeléń | N;NOM(SG)	jeléń
Inflect Mòżnô | ADV	Mòżnô
Inflect zafelowac | V;INF	zafelowac
Inflect Pekinie | N;LOC;SG	Pekinie
Inflect Gduńsk | N;LOC;SG	Gduńskù
Inflect krez | N;GEN(PL)	krezów
Inflect głôdkô | ADJ;NOM(FEM,SG)	głôdkò
Inflect òtãpienienié | N;GEN(SG)	òtãpieniégò
Inflect rola | N;F;NOM(SG)	rola
Inflect brëkùnk | N;GEN(SG)	brëkùnkù
Inflect zgrzewac | V;INF	zgrzewac
Inflect Myślibórz | N;NOM(SG,MASC)	Myślibórz
Inflect Radela | N;FEM;SG	Radela
Inflect kaplica | N;NOM(PL)	kaplëcë
Inflect Monachium | N;NOM(SG)	Monachium
Inflect Cząd | N;NOM(MASC,SG)	Cząd
Inflect Jabłonowy | ADJ;GEN(MASC,PL)	Jabònowich
Inflect Chinowié | N;NOM(PL)	Chinowié
Inflect granëca | N;NOM(FEM,SG)	grańca
Inflect Pòlemika | N;F;ACC(SG)	Pòlemikã
Inflect ùszłégò | ADJ;VOC(MASC,SG)	ùszłégò
Inflect mùzeum | N;GEN(SG)	mùzea
Inflect póstrzód | ADV	póstrzód
Inflect wëłączëc | V;NFIN	wëłączaniégò
Inflect biografiô | N;NOM(SG)	biografiô
Inflect baro | ADV	baro
Inflect Sërop | N;GEN(SG)	Syrëji
Inflect Powiôstka | N;NOM(PL)	Powiôstczi
Inflect apoplexia | N;NOM(FEM,SG)	apoplexia
Inflect tasmańskji | ADJ;VOC(MASC,SG)	tasmańsczi
Inflect pôłnié | N;NOM(SG)	pôłnié
Inflect staw | N;GEN(PL)	stawów
Inflect zawdzãka | N;GEN(SG)	zawdzãczi
Inflect rozebranié | N;NOM(NEUT,SG)	rozebranié
Inflect dzëj | N;GEN(PL)	dzejów
Inflect małô | ADJ;FEM;SG	Little
Inflect smietnik | N;GEN(PL)	smietników
Inflect słowiański | ADJ;INS(MASC,SG)	słowiańsczim
Inflect strzélka | N;NOM(SG)	strzélka
Inflect òczerkac | V;IPFV;IND;NFIN	òczerôk
Inflect Córeczka | N;VOC(SG,FEM)	Córeczkò
Inflect nôleżniczka | N;INS(SG,FEM)	nôleżniczką
Inflect disleksja | N;GEN(SG)	disleksji
Inflect rësznota | N;NOM(PL)	rësznotë
Inflect warãka | N;NOM(PL)	warënczi
Inflect dziãkczënnô | ADJ;NOM(FEM,SG)	dziãkczënné
Inflect państwòwi | ADJ;NOM(FEM,SG)	państwòwô
Inflect miónkark | N;GEN(PL,MASC)	miónkarków
Inflect gôrë | N;FEM;PR;PL	gôrë
Inflect obserwacjô | N;GEN(SG)	òbserwacji
Inflect sąsôdny | ADJ;GEN(FEM,PL)	sąsôdnëch
Inflect ògrańczenié | N;GEN(SG)	ògrańczenia
Inflect Brzóń | N;F;NOM(SG)	Brzóna
Inflect geneza | N;NOM(SG)	geneza
Inflect Żôgòwinë | N;NOM(PL)	Żôgòwinë
Inflect miza | N;ACC(SG)	mizë
Inflect òdnãlézc | V;NFIN	òdnalézc
Inflect zatoka | N;GEN(SG)	Zatoki
Inflect Kaszëbskô | ADJ;GEN(MASC,SG)	Kaszëbszégò
Inflect òsobnik | N;GEN(SG)	òsóbniczi
Inflect òkres | N;NOM(SG)	òkres
Inflect pùch | N;NOM(MASC,SG)	pùch
Inflect żëzny | ADJ;ACC(FEM,SG)	żëzné
Inflect kòżëch | N;GEN(SG)	kòżëchù
Inflect państwòwi | ADJ;MASC;LOC;PL	państwòwich
Inflect Chrobri | ADJ;GEN(MASC,SG)	Chrobrégò
Inflect paczét | N;GEN(SG)	paczétu
Inflect ricersczi | ADJ;VOC(MASC,SG)	ricersczi
Inflect ricersczi | ADJ;GEN(MASC,PL)	ricersczich
Inflect ricersczi | ADJ;INS(MASC,SG)	ricersczim
Inflect ricersczi | ADJ;NOM(FEM,SG)	ricerskô
Inflect Kalwarëja | N;GEN(SG)	Kalwarëji
Inflect Kraj | N;M3;NOM(SG)	Kraj
Inflect pòznanié | N;GEN(SG)	pòznaniô
Inflect patrón | N;ACC(FEM,SG)	patrónã
Inflect patrón | N;GEN(SG)	patrôna
Inflect Pòlano | N;GEN(SG,FEM)	Pòlanowa
Inflect Zelandzkô | ADJ;NOM(FEM,SG)	Zelandzkô
Inflect bazyliszek | N;NOM(SG)	bazyliszk
Inflect bazyliszek | N;GEN(PL)	bazyliszków
Inflect zabawa | N;ACC(SG)	zabawã
Inflect zabawa | N;GEN(PL)	zabawów
Inflect cerebry | N;GEN(FEM,SG)	cerebri
Inflect swiatowi | ADJ;GEN(MASC,SG)	swiatowégò
Inflect skóra | N;DAT(SG)	skórze
Inflect skóra | N;ACC(SG,FEM)	skórã
Inflect skóra | N;GEN(SG)	skórë
Inflect medycyna | N;DAT(SG)	medycynie
Inflect kôzanie | N;GEN(SG)	kôzania
Inflect dóm | N;GEN(SG)	dóma
Inflect Wacłôw | N;NOM(SG)	Wacłôw
Inflect rozëm | N;DAT(PL)	rozëm
Inflect awansowac | V;NOMLZ;N;SG	awansowónié
Inflect dłùgô | ADJ;NOM(FEM,SG)	dłùgô
Inflect wrog | N;GEN(SG)	wroga
Inflect Sam | N;ACC(SG)	Samùm
Inflect Tadeùsz | N;GEN(MASC,SG)	Tadeùsza
Inflect Tadeùsz | N;ACC(SG)	Tadeùszã
Inflect Stoleczny | ADJ;ACC(MASC,SG)	Stolecznym
Inflect Mało | ADV;DEG	Mało
Inflect mùzeja | N;LOC;PL	mùzeach
Inflect lëdëk | N;GEN(PL)	lëdów
Inflect jintegracjô | N;GEN(SG)	jintegracji
Inflect pòwszechnô | ADJ;NOM(FEM,SG)	pòwszechnô
Inflect Piątk | N;NOM(SG)	Piątek
Inflect Smólnik | N;NOM(PL)	Smólniczi
Inflect sniegùlc | N;NOM(SG)	sniegùlc
Inflect kònny | ADJ;NOM(FEM,SG)	kònnô
Inflect sédny | ADJ;NOM(FEM,SG)	Slédnô
Inflect kamień | N;INS(PL)	kamieniama
Inflect kamień | N;NOM(PL)	kamienie
Inflect anielskù | ADJ;ACC(FEM,SG)	anielskù
Inflect Żukówka | N;NOM(SG,FEM)	Żukówka
Inflect Cëm | N;ACC(MASC,SG)	Camyn
Inflect dwiérze | N;NOM(PL)	dwiérze
Inflect Tokarsczi | ADJ;NOM(FEM,SG)	Tokarsczé
Inflect dzéń | N;DAT(PL)	Tidzéniem
Inflect gramaticzka | N;ACC(SG)	gramatiką
Inflect Nasz | N;INS(FEM,SG)	Nasz
Inflect Jislam | N;DAT(SG)	Jislandzczi
Inflect stebel | N;ANT;GEN(PL,MASC)	stebłów
Inflect zurbanizowany | V;PPP;MPL;NOM	zurbanizowani
Inflect óchróniã | V;NFIN	óchróniã
Inflect pobyt | N;NOM(SG)	pobyt
Inflect infòrmatora | N;GEN(PL,MASC)	infòrmatorów
Inflect Federacëjô | N;NOM(SG)	Federacëjô
Inflect nôwôżny | ADJ;GEN(MASC,PL)	nôwôżniészich
Inflect stróna | N;NOM(SG)	stróna
Inflect stróna | N;LOC;SG	strónie
Inflect Żëcopis | N;NOM(MASC,SG)	Żëcopis
Inflect Młodzëzna | ADJ;GEN(MASC,PL)	Młodëch
Inflect kòncertowi | ADJ;ACC(FEM,SG)	kòncertową
Inflect daka | N;GEN(PL)	daków
Inflect pasyka | N;F;NOM(SG)	pasyka
Inflect òdlatiwacë | V;IMPF;3;PL	òdlatiwają
Inflect miesca | N;LOC;PL	miescach
Inflect paskudztwo | N;NOM(PL)	pasyczi
Inflect Henrik | N;NOM(MASC,SG)	Henrik
Inflect róża | N;NOM(PL)	różë
Inflect galaretowatë | ADJ;GEN(PL,MASC,ANIM)	galaretowatëch
Inflect ząb | N;GEN(PL)	zãbów
Inflect grisy | N;GEN;GEN(PL,MASC)	griseum
Inflect kaszëbsczi | ADJ;NOM(NEUT,SG)	kaszëbskò
Inflect srédny | ADJ;NOM(FEM,SG)	srédnia
Inflect wëdôwce | N;NOM(PL,MASC)	wëdôwczi
Inflect Rzym | N;LOC;SG	Rzymie
Inflect wróbelek | N;MASC;PSS3S;SG	wróbelk
Inflect trzeci | ADJ;GEN(MASC,SG)	Trzecégò
Inflect niwny | ADJ;VOC(MASC,PL)	niwné
Inflect òddzéł | N;GEN(PL)	òddzałów
Inflect wëróżnióny | ADJ;NOM(FEM,SG)	wëróżnionô
Inflect brunelka | N;NOM(FEM,SG)	brunelka
Inflect Ùkłôda | N;NOM(SG)	Ùkłôd
Inflect Wieża | N;NOM(SG,FEM)	Wieża
Inflect Gazomiérz | N;NOM(SG)	Gazomiérz
Inflect pòst | N;GEN(SG)	pòstu
Inflect spik | N;DAT(PL)	spikiem
Inflect spik | V;NFIN;INF	spikù
Inflect òbiektiwno | ADJ;NOM(FEM,SG)	òbiektiwno
Inflect sóstrowa | N;NOM(SG,FEM)	sostra
Inflect juniorka | N;LOC;PL	juniorkach
Inflect bòcón | N;NOM(PL)	Bòcóne
Inflect Pùstczi | N;NOM(PL)	Pùstczi
Inflect falszywòc | N;VOC(PL)	falszëwie
Inflect grësz | N;M3;NOM(SG)	grus
Inflect Rzim | N;NOM(MASC,SG)	Rzimù
Inflect Kóńcówka | N;GEN(SG)	Kònefczi
Inflect służąca | N;INS(FEM,SG)	służką
Inflect doktór | N;NOM(SG)	Doctor
Inflect òbrońca | N;NOM(SG,MASC)	òbrońca
Inflect jódny | ADJ;NOM(MASC,SG)	jôdny
Inflect bôjkopisarz | N;DAT(PL)	bôjkopisarzy
Inflect malën | ADJ;GEN(FEM,PL)	malënów
Inflect bakcyl | N;GEN(PL)	bakcylów
Inflect faktoria | N;ACC(SG)	faktoriã
Inflect symbòliczno | ADJ;NOM(FEM,SG)	symbòliczno
Inflect lagra | N;LOC;SG	lagrze
Inflect wysok | ADJ;NOM(FEM,SG)	Visoka
Inflect czëc | V;PRS;3;SG	czerëje
Inflect Zarząd | N;NOM(SG)	Zarząd
Inflect rogùtka | N;NOM(FEM,SG)	rogùtka
Inflect Pòetka | N;NOM(FEM,SG)	Pòetka
Inflect wiãcy | ADV	wiãc
Inflect jindustrëja | N;NOM(SG)	jindustrëjô
Inflect rézowac | V;INF	rézowac
Inflect òdrzutowi | ADJ;INS(MASC,SG)	òdrzutowëm
Inflect gãscë | N;DAT(SG)	gãsti
Inflect szôłtës | N;GEN(SG)	szôłtësa
Inflect Bezpòstrzédno | ADV	Bezpòstrzédno
Inflect Mòczëta | ADJ;NOM(FEM,SG)	Mòczitô
Inflect swòji | ADJ;DAT(MASC,SG)	swòjimù
Inflect BYC | V;1;SG;FUT	Będę
Inflect Chilónka | N;NOM(SG)	Chilónka
Inflect Szpanijô | N;GEN(SG)	Szpanii
Inflect Biblioteka | N;NOM(SG)	Biblioteka
Inflect Janioł | N;NOM(PL)	Janiołë
Inflect Janioł | N;GEN(PL)	Janiołów
Inflect krôj | N;GEN(PL)	krôjów
Inflect Płock | N;NOM(SG,MASC)	Płock
Inflect tradicja | N;INS(SG)	tradicją
Inflect pòjezerze | N;GEN(PL)	pòjezerzów
Inflect pòjezerze | N;GEN(SG)	pòjezérza
Inflect francusczi | ADJ;NOM(MASC,SG)	francusczi
Inflect pòniemiecczi | ADJ;NOM(MASC,PL)	pòniemiecczi
Inflect wëmióna | N;ACC(SG)	wëmiónã
Inflect kózła | V;IND;3;SG	kòzłuje
Inflect endonukleaza | N;ACC(SG)	endonukleazë
Inflect płatka | N;ACC(SG)	platkã
Inflect płatka | N;F;ACC(SG)	platką
Inflect bùta | N;GEN(PL)	bùten
Inflect zelësk | N;GEN(PL)	zelësków
Inflect pòkòlenie | N;GEN(PL)	pòkòleniô
Inflect ewòlucja | N;ACC(SG)	ewòlucjã
Inflect pòlskòkaszëbsczi | ADJ;GEN(MASC,PL)	pòlskòkaszëbsczich
Inflect chërny | ADJ;NOM(FEM,SG)	chërna
Inflect Ùbrzég | N;NOM(SG)	Ùbrzég
Inflect Cesarstwo | N;GEN(SG)	Césarstwa
Inflect metafora | N;ACC(SG)	metaforę
Inflect dinastia | N;NOM(SG)	dinastie
Inflect Celastracea | N;NOM(FEM,PL)	Celastraceae
Inflect Etnografny | ADJ;NOM(MASC,SG)	Etnografny
Inflect Etnografny | ADJ;IND;INS(MASC,SG)	Etnografnym
Inflect figùrka | N;LOC;PL	figùrkach
Inflect mòdzeli | N;GEN(PL)	mòdzele
Inflect cëpleznota | N;GEN(SG)	cëpleznie
Inflect òstatny | ADJ;NOM(MASC,SG)	òstatni
Inflect òstatny | ADJ;INS(MASC,SG)	òstatnim
Inflect òstatny | ADJ;NOM(MASC,SG)	òstatny
Inflect òstatny | ADJ;GEN(MASC,PL)	òstatnych
Inflect Krokòwie | N;NOM(PL)	Krokòwie
Inflect lota | N;ACC(SG)	lotã
Inflect Stolemna | ADJ;NOM(FEM,SG)	Stolemnô
Inflect fach | N;NOM(SG)	fach
Inflect gòdzynkòwatëch | ADJ;DAT(PL,MASC)	gòdzynkòwatëch
Inflect Pòlitik | N;NOM(PL)	Pòliticzi
Inflect Hordeum | N;ACC(SG)	Hordeum
Inflect Wysok | ADJ;NOM(FEM,SG)	Wëższô
Inflect chłopsczi | ADJ;GEN(MASC,PL)	chłopsczich
Inflect chłopsczi | ADJ;ACC(MASC,PL)	chłopsczé
Inflect Drezno | N;LOC;SG	Dreznie
Inflect nordowòzapadnô | ADJ;ACC(MASC,SG)	nordowòzapadné
Inflect warstwa | N;GEN(SG)	warstwë
Inflect warstwa | N;GEN(PL)	warstwów
Inflect rozrôdzanié | V;PROG;NFIN	rozrôdzanié
Inflect cygù | N;GEN(SG)	cygù
Inflect energiô | N;NOM(SG)	energiô
Inflect bartnik | N;DAT(FEM,SG)	bartnicë
Inflect deklaracëjô | N;ACC(SG)	deklaracjã
Inflect sylwetka | N;DAT(SG,FEM)	sylwetce
Inflect Miemiec | N;INST;PL;MASC	Miemcama
Inflect Pòtim | N;NOM(SG)	Pòtimù
Inflect Jakùba | N;ACC(SG)	Jakubę
Inflect baderëja | N;NOM(PL)	Badérëje
Inflect Publiczny | ADJ;NOM(FEM,SG)	Publiczna
Inflect chrupôcz | N;NOM(SG,MASC)	chrupôcz
Inflect Linux | N;NOM(SG)	Linux
Inflect kapłan | N;INST;SG	kapłanã
Inflect mięso | N;NOM(SG,NEUT)	mięso
Inflect pôtnik | N;DAT(FEM,SG)	pątnicë
Inflect Pòzytiwnô | ADJ;NOM(FEM,SG)	Pòzytiwnô
Inflect dokôz | N;GEN(PL)	dokôzów
Inflect Cena | N;ACC(SG)	Ceną
Inflect kwót | N;ACC(SG)	kwòtã
Inflect lëbawa | ADJ;NOM(FEM,SG)	lëbawé
Inflect hodowla | N;NOM(SG)	hodowla
Inflect òbrzészkòwi | ADJ;NOM(FEM,SG)	òbrzészkòwô
Inflect Brëkòwelë | V;PST;3;PL	Brëkòwelë
Inflect rzimsczi | ADJ;GEN(MASC,SG)	rzimsczégò
Inflect lingwista | N;DAT(FEM,SG)	lingwiscë
Inflect lingwista | N;ACC(SG)	lingwistã
Inflect Pontan | N;NOM(SG)	Pontanus
Inflect pòłova | N;FEM;SG	pòłowa
Inflect NôRZĄDZENIE | N;VOC(SG)	nôrzãdo
Inflect strzebny | ADJ;M;NOM(SG)	strzébny
Inflect gdze | ADV	Gdze
Inflect krziżewi | ADJ;GEN(MASC,PL)	krziżowëch
Inflect sanskrica | N;LOC;SG	sanskrice
Inflect kaczka | N;FEM;SG	Kaczô
Inflect bróna | N;GEN(SG)	brómë
Inflect pùchar | N;NOM(SG)	pùchar
Inflect wałónk | N;F;NOM(SG)	Waleska
Inflect pùcczi | ADJ;ACC(MASC,SG)	pùcczégò
Inflect Bank | N;NOM(SG)	Bank
Inflect bakteria | N;NOM(SG)	bakteria
Inflect Necël | N;NOM(MASC,SG)	Necel
Inflect kwiat | N;NOM(PL)	kwiatë
Inflect kwiat | N;GEN(PL)	kwiatów
Inflect pismienny | ADJ;MASC;INST;SG	pismiennëm
Inflect mònastér | N;NOM(SG)	mònastér
Inflect diakritik | N;NOM(PL)	diakriticzi
Inflect zjesc | V;NFIN	zjesc
Inflect zdrëszony | ADJ;GEN(MASC,PL)	zdrëszonëch
Inflect krézowô | ADJ;NOM(FEM,PL)	krézowé
Inflect Bieszkòwice | N;LOC;PL	Bieszkòwicach
Inflect Medal | N;NOM(SG)	Medal
Inflect nazwa | N;ACC(SG)	nazwã
Inflect nazwa | N;GEN(SG)	nazwë
Inflect nazwa | N;DAT(SG)	nazwą
Inflect zanôléżny | ADJ;NOM(PL,FEM)	zanôléżné
Inflect jãzãk | N;NOM(SG)	jãzék
Inflect pòstrzédnik | N;INS(PL)	pòstrzédnikama
Inflect kwantum | N;NOM(SG)	kwantum
Inflect Marley | N;GEN(SG)	Marleya
Inflect Dekler | N;NOM(MASC,SG)	Dekler
Inflect Dekler | N;GEN(PL)	Deklerów
Inflect zwierzę | N;NOM(PL)	Zwierzęta
Inflect fòrmat | N;GEN(PL)	fòrmatów
Inflect chłop | N;ACC(SG)	chłopã
Inflect chłop | N;DAT(PL)	chłopóm
Inflect chłop | N;GEN(PL,MASC)	chłopów
Inflect stół | N;M3;NOM(SG)	stół
Inflect ùchò | N;NOM(SG)	ùchò
Inflect Kijowô | N;DAT(SG)	Kijowã
Inflect rãka | N;LOC;PL	rãkach
Inflect rãka | N;INS(DU)	rãkama
Inflect tołmacz | N;NOM(SG)	tołmacz
Inflect kòszt | V;PST;3;SG	kòsztã
Inflect szëja | N;F;NOM(SG)	szëja
Inflect lasny | N;NOM(SG,MASC)	lasny
Inflect òchrona | N;ACC(SG,FEM)	òchroną
Inflect asistenta | N;ACC(SG)	asistentã
Inflect Liszkach | N;LOC;PL	Liszkach
Inflect chrząszcz | N;M3;NOM(SG)	chrząszcz
Inflect nôstarsza | ADJ;GEN(MASC,PL)	nôstarszëch
Inflect Zôpadny | ADJ;NOM(SG,MASC)	Zôpadny
Inflect spiéwnik | N;NOM(PL)	spiéwniczi
Inflect spiéwnik | N;GEN(SG)	spiéwnika
Inflect stari | ADJ;NOM(FEM,SG)	stara
Inflect wielgi | ADJ;NOM(FEM,SG)	wielgô
Inflect Kòlibrë | N;F;NOM(SG)	Kòlibrë
Inflect Siemirowice | N;NOM(PL)	Siemirowice
Inflect skarwónk | N;NOM(MASC,SG)	skarwónk
Inflect Florida | N;NOM(SG)	Florida
Inflect òdrzëcëc | V;INF	òdrzëcëc
Inflect badanie | N;GEN(PL)	badaniów
Inflect Cządnik | N;NOM(SG)	Cządnik
Inflect ballada | N;ACC(PL)	Ballady
Inflect lékarz | N;DAT(PL)	lékarzã
Inflect Welacëje | N;NOM(PL)	Welacëje
Inflect Zwrócić | V;PST;PFV;IMPRS	Zwrócono
Inflect pszenica | N;ACC(FEM,SG)	pszénicą
Inflect prowadnik | N;GEN(PL)	prowadników
Inflect próbny | ADJ;INS(MASC,SG)	próbnym
Inflect òbrzãda | N;LOC;PL	òbrzãdach
Inflect scéniczny | ADJ;GEN(FEM,SG)	sceniécznôj
Inflect Ùtwórcziniô | N;ACC(SG)	Ùtwórczinië
Inflect cyfrowi | ADJ;GEN(MASC,PL)	cyfrowëch
Inflect pôłnia | N;NOM(SG)	pôłniô
Inflect fragmeńt | N;GEN(PL)	fragmeńtë
Inflect skùtk | N;GEN(PL)	skùtków
Inflect Jork | N;NOM(MASC,SG)	Jorkù
Inflect zwierzãtkò | N;GEN(PL)	zwierzãtków
Inflect Szewczi | N;GEN(SG)	Szewczyka
Inflect òsłonka | N;INS(SG)	òsłonką
Inflect eksterka | N;ACC(FEM,SG)	eksterna
Inflect wëpòczink | N;GEN(SG)	wëpòczinkù
Inflect Austriô | N;NOM(SG)	Austriô
Inflect fònem | N;NOM(SG)	fònem
Inflect kaszëbskòmiemiecczi | ADJ;MASC;PSS;SG	kaszëbskòmiemiecczim
Inflect ptok | N;GEN(PL)	ptoków
Inflect wëzdrzec | V;PST;PFV	wëzdrzec
Inflect wëzdrzec | V;PST;3;SG	wëzdrzi
Inflect zapisu | N;GEN(SG)	zapisu
Inflect droga | N;F;NOM(SG)	droga
Inflect droga | N;LOC;PL	drogach
Inflect Szimpans | N;NOM(SG)	Szimpans
Inflect chikhals | N;DAT(PL)	chikhalsi
Inflect Lënia | N;DAT(SG)	Lëni
Inflect Lënia | N;F;NOM(SG)	Lëniô
Inflect wiatr | N;GEN(SG)	wiatru
Inflect wiatr | N;ACC(SG)	wiatrã
Inflect Archeologòwi | N;DAT(SG)	Archeologòwi
Inflect Òglowi | ADJ;NOM(MASC,SG)	Òglowò
Inflect spòdlecznokùlturalnô | ADJ;GEN(MASC,SG)	spòdlecznokùlturalnégò
Inflect pierwi | ADV;ORD;PST	pierwi
Inflect cek | N;GEN(PL,MASC)	ceków
Inflect przëgrańczanié | V;NFIN	przëgrańcza
Inflect przërównanie | N;INS(SG)	przërównanim
Inflect Krôjna | N;NOM(SG)	Krôjna
Inflect Łapùch | N;VOC(SG)	Łapùcha
Inflect prôch | N;VOC(MASC,SG)	prochù
Inflect zarô | ADV;TME	zarô
Inflect Jerzi | N;NOM(MASC,SG)	Jerzi
Inflect pòrénszë | ADJ;ACC(MASC,SG)	pòrénszégò
Inflect drąg | N;NOM(SG)	drąg
Inflect direkcëjô | N;DAT(SG)	direkcëji
Inflect mòcné | ADJ;ANA;NOM(PL,MASC)	mòcné
Inflect réza | N;GEN(PL)	rézów
Inflect Bazylika | N;NOM(SG)	Bazylika
Inflect album | N;NOM(SG)	album
Inflect sztok | N;GEN(SG)	sztokù
Inflect wëchôdac | V;INF	wëchôdac
Inflect chtërny | ADJ;NOM;VOC(MASC,PL)	niechtërne
Inflect Mirochòwsczi | ADJ;GEN(PL,MASC)	Mirochòwsczich
Inflect brëkac | V;IND;3;PL	brëkùją
Inflect zrzeszenie | N;NOM(SG)	zrzeszenié
Inflect Chryzostom | N;GEN(SG)	Chryzostoma
Inflect Dzemióna | N;NOM(PL)	Dzemiónë
Inflect slepô | ADJ;ACC(FEM,SG)	slepé
Inflect zażëc | V;INF	zażëc
Inflect Kaszëbskô | ADJ;NOM(FEM,SG)	Kaschubische
Inflect państwò | N;NOM(SG)	państwò
Inflect jakòs | ADV;REL	jakòs
Inflect Pszczoła | N;NOM(PL)	Pszczołë
Inflect ùroczëzna | N;LOC;PL	ùroczëznach
Inflect wnet | ADV	wnet
Inflect fałdowany | ADJ;NOM(FEM,SG)	fałdowanô
Inflect tradicja | N;F;NOM(SG)	tradicja
Inflect tradicja | N;GEN(SG)	tradicji
Inflect ùgrëzenié | N;NOM(SG)	ùgrëzenié
Inflect Italskô | ADJ;NOM(FEM,SG)	Italskô
Inflect swiąteczny | ADJ;ACC(FEM,SG)	swiąteczné
Inflect gruńt | N;M3;ACC(PL)	gruńtë
Inflect gruńt | N;GEN(PL)	gruńtów
Inflect Stôri | ADJ;INS(MASC,SG)	Stôrim
Inflect ùczestnienié | N;GEN(SG)	ùczestnieniô
Inflect miasto | N;INS(SG)	miastem
Inflect miasto | N;NOM(SG,NEUT)	miasto
Inflect błëcha | N;NOM(PL)	błëchë
Inflect Ksãżstwò | N;GEN(SG)	Ksãżstwa
Inflect tłumaczenie | N;GEN(SG)	domaczenia
Inflect wëbiéranié | N;LOC;SG	wëbiéraniu
Inflect Turcja | N;DAT(SG)	Turcje
Inflect Turcja | N;GEN(SG)	Turcji
Inflect trawienie | N;GEN(SG)	trawieniô
Inflect mòl | N;VOC(SG)	môlu
Inflect sluzewi | ADJ;VOC(MASC,SG)	sluzowe
Inflect gola | N;NOM(PL)	gòle
Inflect nocny | ADJ;ACC(FEM,SG)	nocné
Inflect òznôczac | V;INF	òznôczac
Inflect mòralnota | N;ACC(SG)	mòralnotã
Inflect Marión | N;NOM(SG)	Marión
Inflect ŁUVCZ | N;NOM(PL)	Łǜczi
Inflect kònstitucyjny | ADJ;ACC(FEM,SG)	kònstitucyjną
Inflect półmaczk | N;DAT(SG)	półmackù
Inflect Baùman | N;GEN(PL)	Baùmanów
Inflect chalcedon | N;NOM(SG)	chalcedón
Inflect amfibia | N;NOM(SG)	amphibia
Inflect czôrny | ADJ;NOM(MASC,SG)	Czôrnawi
Inflect pòdniesc | V;INF	pòdniesc
Inflect Ùstawa | N;ACC(SG,FEM)	Ùstawù
Inflect sparłączenie | N;M3;INS(SG)	sparłączeniém
Inflect rzãda | N;LOC;PL	rzãdach
Inflect amator | ADJ;NOM(MASC,SG)	amatorsczi
Inflect szmak | N;NOM(FEM,SG)	szmaka
Inflect rãka | N;NOM(SG)	roka
Inflect profesjonalista | N;GEN(MASC,PL)	profesjonalistów
Inflect miészańc | N;NOM(SG)	miészańc
Inflect gòspòdarztwò | N;GEN(SG)	gòspòdarztwa
Inflect musza | N;GEN(FEM,SG)	muszi
Inflect spiralã | N;ACC(FEM,SG)	spiralã
Inflect jajk | N;DIM;NOM(SG)	jôjka
Inflect sëny | N;INS(SG)	simum
Inflect kòlibka | N;INS(SG)	kòlibką
Inflect dzéwczë | N;ACC(SG)	dzéwczã
Inflect lësa | N;NOM(PL)	lësy
Inflect pòlskò | N;DAT(SG)	pòlskù
Inflect chòdzëc | V;PST;M;SG	chòdzył
Inflect chòdzëc | V;INF	chòdzëc
Inflect czëło | N;LOC;SG	czilu
Inflect syg | N;GEN(FEM,SG)	sygô
Inflect młodô | ADJ;NOM(MASC,SG)	młodë
Inflect kruszëc | V;NFIN	krusza
Inflect Port | N;NOM(SG)	Port
Inflect ksiądz | N;VOC(SG)	ksãdzi
Inflect òwca | N;ACC(SG)	òwcã
Inflect wãgersczi | ADJ;NOM(MASC,SG)	wãgersczi
Inflect wëszawnôgòrsczi | ADJ;VOC(MASC,SG)	wëszawnôgòrsczi
Inflect głãbia | N;LOC;SG	głębi
Inflect lôska | N;GEN(PL)	lôsków
Inflect szokùjący | ADJ;NOM(PL,MASC)	szokùjące
Inflect miew | N;GEN(PL)	miewów
Inflect Mùzyka | N;ACC(SG)	Mùzykã
Inflect hałas | N;NOM(PL)	hałasë
Inflect Pomorskie | ADJ;NOM(NEUT,SG)	Pomorskie
Inflect Wiejadło | N;NOM(SG,NEUT)	Wiejadło
Inflect matematika | N;GEN(SG)	matematiczi
Inflect matematika | N;NOM(SG)	matematika
Inflect plastik | N;GEN(MASC,SG)	plastikù
Inflect zôpùstë | N;NOM(PL)	zôpùstë
Inflect Zôczątk | N;NOM(PL)	Zôczątczi
Inflect szczur | N;NOM(SG,MASC)	Szczur
Inflect mak | N;ACC(SG)	makã
Inflect òsoba | N;NOM(SG)	òsoba
Inflect doskonały | ADJ;INS(MASC,SG)	Doskonałim
Inflect cwiczëc | V;INF	cwiczëc
Inflect syn | N;ACC(SG,MASC)	syna
Inflect Galatczik | N;GEN(PL)	Galatczików
Inflect mòrfologijô | N;GEN(SG)	mòrfologiji
Inflect przëpùszczalny | ADJ;ACC(MASC,SG)	przëpùszczalnie
Inflect odkretny | ADJ;NOM(MASC,PL)	odkrety
Inflect wëmienic | V;INF	wëmienic
Inflect wòjôk | N;ACC(SG)	wòjôkã
Inflect psalm | N;GEN(PL)	psalmów
Inflect Zarés | V;IMP;2;SG	Zarés
Inflect czołowy | ADJ;INS(MASC,SG)	czołowim
Inflect malëjący | V;ANM;SG;NFIN	malëjącô
Inflect bëlny | ADJ;GEN(MASC,SG)	bëlnégò
Inflect òdwiédzanié | N;GEN(SG)	òdwiédzaniô
Inflect Lobelia | N;NOM(FEM,SG)	Lobelia
Inflect internacjô | N;ACC(SG)	internacia
Inflect stôri | ADJ;NOM(MASC,SG)	Stôri
Inflect pisa | V;INF	pisac
Inflect swãgòra | N;NOM(PL)	swãgòrë
Inflect Kòscérzna | N;NOM(SG)	Kòscérzna
Inflect Kòscérzna | N;F;GEN(PL)	Kòscérznë
Inflect rzeczënka | N;F;ACC(SG)	rzeczónkã
Inflect òliwkòwi | ADJ;VOC(MASC,SG)	òliwkòw
Inflect òliwkòwi | ADJ;GEN(MASC,PL)	òliwkòwëch
Inflect działac | V;3;SG;PRES	działô
Inflect tradicëjô | N;GEN(SG)	tradycji
Inflect knąp | N;NOM(MASC,SG)	knôp
Inflect dzień | N;INS(SG)	dniãm
Inflect Petroselinum | N;NOM(SG)	Petroselinum
Inflect wëdżinic | V;FUT;1;PL	wëdżiniemë
Inflect dzecë | N;NOM(PL)	dzecë
Inflect Pòkrëwa | N;NOM(PL)	Pòkrëwë
Inflect chrzescëjónka | N;NOM(FEM,SG)	chrzescëjónka
Inflect całoscoswi | ADJ;GEN(MASC,SG)	całoscowégò
Inflect przigoda | N;ACC(SG)	przigode
Inflect przigoda | N;NOM(PL)	przigodë
Inflect Galilejsczi | ADJ;NOM(PL,MASC)	Galilejsczé
Inflect jigła | N;NOM(FEM,PL)	jigłë
Inflect jigła | N;GEN(PL)	jigłów
Inflect Dzys | N;NOM(SG)	Dzysu
Inflect nalézc | V;INF	nalézc
Inflect przôdëk | N;GEN(SG)	przôdkù
Inflect służba | N;LOC;SG	służbie
Inflect służba | N;ACC(SG)	służbã
Inflect służba | N;GEN(FEM,SG)	służbë
Inflect służba | N;GEN(PL)	służbów
Inflect ùkòchónëj | ADJ;NOM(MASC,SG)	ùkòchóny
Inflect smùkłi | ADJ;NOM(PL,MASC)	smùkłi
Inflect węczerpanie | N;LOC;SG;NEUT	węczerpaniu
Inflect rozkòscéranié | N;NEUT;SG	rozkòscérzanié
Inflect kóńsczi | ADJ;NOM(MASC,SG)	kóńsczi
Inflect wërobk | N;SG	wërobk
Inflect Sklep | N;NOM(SG)	Sklep
Inflect ludzki | ADJ;NOM(FEM,SG)	ludzka
Inflect nóta | N;INS(FEM,SG)	nótama
Inflect nóta | N;NOM(FEM,PL)	nótë
Inflect Mãczelnica | N;NOM(SG)	Mãczelnica
Inflect wëwiezc | V;NFIN	wëwiezc
Inflect pòpùlacëjô | N;GEN(SG)	pòpùlacëji
Inflect rezerwaca | N;GEN(SG)	rezerwace
Inflect filmòwi | ADJ;MASC;INST;SG	filmòwim
Inflect Rzëmianin | N;NOM(PL)	Rzëmianowie
Inflect nérek | N;NOM(SG,MASC)	nérek
Inflect Kôrta | N;F;NOM(SG)	Kôrta
Inflect reniony | ADJ;GEN;GEN(PL,MASC)	renionych
Inflect parłączenie | N;GEN(SG)	parłączenia
Inflect Kaszëbòwé | N;NOM(PL)	Kaszub
Inflect gòrączka | N;DAT(SG)	gòrączce
Inflect talérz | N;NOM(SG)	talérz
Inflect rok | N;LOC;PL	rokach
Inflect rok | N;INST;SG	rokiem
Inflect figùrenka | N;GEN(SG)	figùrenczi
Inflect dokładny | ADJ;NOM(FEM,SG)	dokładno
Inflect gniôzdëc | V;NFIN;PRS	gniôzdëje
Inflect chùtczi | ADJ;GEN(PL,MASC,ANIM)	chùtczich
Inflect chùtczi | ADJ;GEN(MASC,SG)	chùtczégò
Inflect midzëszkòłowëch | ADJ;DAT(PL,MASC)	midzëszkòłowëëch
Inflect rektor | N;ACC(SG)	rektorã
Inflect pózny | ADJ;ACC(SG,MASC)	Póznym
Inflect sztrejk | N;NOM(MASC,SG)	sztrejk
Inflect òjczëzna | N;GEN(SG)	òjczëznë
Inflect repùblika | N;NOM(SG)	repùblika
Inflect dialekt | N;GEN(SG)	dialektu
Inflect dialekt | N;ACC(SG)	dialektã
Inflect dialekt | N;NOM(PL)	dialektë
Inflect dialekt | N;GEN(PL)	dialektów
Inflect fascynacja | N;INS(SG)	fascynacją
Inflect Norda | N;LOC;SG;FEM	nordzie
Inflect Përzëk | N;NOM(FEM,SG)	Përzëca
Inflect wełna | N;NOM(SG)	wełna
Inflect etymologiô | N;NOM(SG)	etymologiô
Inflect òdebrac | V;INF	òdebrac
Inflect słôwa | N;NOM(SG)	słôwa
Inflect òtoczëc | V;PPFV;NFIN;PASS	òtoczeniô
Inflect ògniszkò | N;DAT(SG)	ògniszka
Inflect przód | ADV	przód
Inflect przód | N;LOC;SG	przóde
Inflect Stachùrsczi | ADJ;NOM(MASC,PL)	Stachùrsczi
Inflect pòjedincznëch | ADJ;GEN(MASC,PL)	pòjedincznëch
Inflect prototyp | N;NOM(SG)	prototyp
Inflect bióro | N;GEN(SG)	bióra
Inflect spôlëlë | V;PRF;3;PL	spôlëlë
Inflect prok | N;GEN(SG)	proga
Inflect Słowiónie | N;NOM(PL)	Słowióni
Inflect Słowiónie | N;NOM(PL)	Słowiónie
Inflect Pôtrik | N;DAT(FEM,SG)	Patrika
Inflect jaskùleczka | N;FEM;SG;DIM	jaskùleczka
Inflect Jastrowa | N;INS(FEM,SG)	Jastrową
Inflect szkic | N;GEN(PL)	szkiców
Inflect głowôcz | N;NOM(SG)	głowôcz
Inflect ksãżëc | N;GEN(PL)	ksyżeców
Inflect Przódka | N;NOM(PL)	Przòdë
Inflect redakcëjô | N;NOM(SG)	redakcëjô
Inflect rzec | N;NOM(PL)	rzeczi
Inflect zôpadnopòmòrsczi | ADJ;GEN(MASC,PL)	zôpadnopòmòrsczich
Inflect media | N;GEN(PL)	Mediów
Inflect Mandrillus | N;NOM(SG)	Mandrillus
Inflect Szpanijô | N;NOM(SG)	Szpanijô
Inflect rujana | N;F;NOM(SG)	rujana
Inflect rujana | N;GEN(SG)	rujanie
Inflect Ùkrajińc | N;MASC;PL	Ùkrajińcë
Inflect klimat | N;NOM(SG)	klimat
Inflect klimat | N;DAT(SG)	klimatowi
Inflect klimat | N;GEN(SG)	klimatu
Inflect klimat | N;FEM;LOC;SG	klimatë
Inflect farma | N;DAT(SG)	firmie
Inflect ùrodzëc | V;PPFV;PSP;NFIN	ùrodzóny
Inflect stwòrzenie | N;DAT(SG)	stwòrzeniu
Inflect òfiara | N;ACC(SG)	òfiarã
Inflect ùbògadzenié | N;GEN(PL)	ùbògaconëch
Inflect coker | N;INS(SG)	cocker
Inflect Kuba | N;MASC;SG;LOC	Kùbie
Inflect Wislawa | N;NOM(FEM,SG)	Wisława
Inflect matka | N;NOM(SG)	matka
Inflect matka | N;ACC(SG)	matkã
Inflect matka | N;INS(SG)	matką
Inflect sadzyć | V;NFIN	sadzenim
Inflect harcersczi | ADJ;DAT(MASC,PL)	harcersczich
Inflect pisanô | ADJ;NOM(FEM,SG)	pisanô
Inflect drzewùtni | N;LOC;PL	drewùtniach
Inflect wòjna | N;LOC;SG	wòjnie
Inflect wòjna | N;ACC(SG)	wòjnã
Inflect wòjna | N;GEN(PL)	wòjnów
Inflect wòjna | N;ACC(SG,FEM)	wòjną
Inflect wôrtnosc | N;ACC(SG)	wôrtnotã
Inflect stôrszi | ADJ;CMPR	starszim
Inflect stôrszi | ADJ;GEN(MASC,SG)	starszégò
Inflect pòczestnot | N;ACC(SG)	pòczestnotã
Inflect mëszk | N;NOM(SG)	mëszélc
Inflect ekstraklasa | N;GEN(SG)	Ekstraklasy
Inflect jedla | N;NOM(PL)	jedlë
Inflect Prawa | ADJ;NOM(FEM,SG)	Prawa
Inflect Sejmòwô | ADJ;NOM(FEM,SG)	Sejmòwô
Inflect czësti | ADJ;NOM(MASC,PL)	czësti
Inflect czësti | V;IND;SG;3	czësto
Inflect léczniczô | ADJ;NOM(FEM,SG)	léczniczô
Inflect państwo | N;GEN(PL)	Państwa
Inflect spółzwãkôw | N;GEN(PL)	spółzwãkôw
Inflect stopa | N;LOC;PL	stopach
Inflect stopa | N;F;DAT(PL)	stopama
Inflect adeptałowô | ADJ;NOM(FEM,SG)	deptałowô
Inflect KaszëbskôPòmòrskô | ADJ;NOM(FEM,SG)	KaszëbskôPòmòrsczégò
Inflect zwòlennik | N;INS(SG,MASC)	zwòlennikã
Inflect nôùczny | ADJ;NOM(FEM,SG)	nôùczné
Inflect sprawiedlëwòtô | N;ACC(FEM,SG)	sprawiedlëwòtë
Inflect òdjimk | N;LOC;PL	òdjimkach
Inflect Tuhanowicz | N;DAT(PL)	Tuhanowiczach
Inflect armiô | N;ACC(SG)	armië
Inflect armiô | N;NOM(SG)	armiô
Inflect algiersczi | ADJ;GEN(MASC,SG)	algiersczégò
Inflect ùniwersytet | N;LOC;SG;F	ùniwersytece
Inflect ùniwersytet | N;NOM(MASC,SG)	ùniwersytet
Inflect ùniwersytet | N;LOC;PL	ùniwersytetach
Inflect ùniwersytet | N;GEN(PL)	ùniwersytetów
Inflect łoza | N;F;NOM(SG)	Łoza
Inflect Sobór | N;NOM(SG)	Sobór
Inflect smrok | N;GEN(SG)	smroku
Inflect Surfòwanié | N;NOM(SG)	Surfòwanié
Inflect lëtra | N;NOM(PL)	lëtrë
Inflect lëtra | N;F;INS(SG)	lëtrą
Inflect brëtëjsczi | ADJ;NOM(MASC,SG)	brëtëjsczi
Inflect kraj | N;GEN(SG)	kraju
Inflect kraj | N;GEN(PL)	krajów
Inflect demònstracëjô | N;GEN(PL)	demònstracëjów
Inflect paznokc | N;GEN(SG)	paznokca
Inflect Eùropejskô | ADJ;NOM(FEM,SG)	Eùropejskô
Inflect Eùropejskô | ADJ;ACC(FEM,SG)	Eùropejską
Inflect technologia | N;GEN(SG)	technologii
Inflect bùdować | V;3;PL;PRES	bùdują
Inflect czubaty | ADJ;NOM(MASC,SG)	czubati
Inflect czubaty | ADJ;NOM(FEM,SG)	czubatô
Inflect inicjator | N;ACC(SG)	inicjatorã
Inflect Swiónowie | N;NOM(PL)	Swiónowie
Inflect wątplëwótô | N;F;NOM(SG)	wątplëwótë
Inflect Teofil | N;NOM(MASC,SG)	Teofil
Inflect wèjerowsczi | ADJ;INS(MASC,SG)	wejerowsczim
Inflect zjednóny | ADJ;NOM(FEM,SG)	zjednónô
Inflect bąk | N;LOC;SG	baechu
Inflect kòmùnalnô | ADJ;GEN(PL,MASC)	kòmùnalnëch
Inflect chléb | N;NOM(MASC,SG)	chléb
Inflect zbiérka | N;GEN(PL)	zbiérków
Inflect Gard | N;NOM(MASC,SG)	Gard
Inflect sniég | N;NOM(SG)	sniég
Inflect sniég | N;GEN(SG)	sniégù
Inflect Spôdkòwizna | N;GEN(SG)	Spadkòwiznë
Inflect cyńk | N;ACC(SG)	cyńką
Inflect Andromeda | N;NOM(SG)	Andromeda
Inflect Krziżewé | ADJ;NOM(PL,MASC,INAN)	Krziżewé
Inflect zależny | ADJ;NOM(PL)	zależne
Inflect czarë | N;NOM(FEM,PL)	czarë
Inflect splecënki | N;GEN(PL)	splecënków
Inflect ełemęt | N;GEN(PL)	elemeńtów
Inflect rechòwanié | N;LOC;SG;M3	rechòwaniu
Inflect rechòwanié | N;NOM(SG,NEUT)	rechòwanié
Inflect sam | ADJ;INS(MASC,SG)	samym
Inflect sam | ADJ;NOM(FEM,PL)	samé
Inflect sam | ADJ;GEN(MASC,PL)	samëch
Inflect tłusti | ADJ;ACC(MASC,SG)	tłëstégò
Inflect pòłączenié | N;NOM(SG)	pòłączenié
Inflect swiãtéj | ADJ;GEN(FEM,SG)	swiãcy
Inflect Ewangelicczi | ADJ;NOM(MASC,PL)	Ewangelicczi
Inflect robić | V;V;PTCP;NFIN	robieniu
Inflect miłota | N;GEN(FEM,SG)	miłotné
Inflect wepsczi | V;NFIN;INF	wepsczim
Inflect Bùrczibas | N;NOM(SG)	Bùrczibas
Inflect Lãbòrskô-Bëtowskô | ADJ;F;NOM(SG)	LãbòrzkòBëtowsczi
Inflect nosëna | N;ACC(FEM,SG)	nosinė
Inflect Gdąńsk | N;NOM(SG)	Gdąńsk
Inflect niemiecki | ADJ;NOM(PL,MASC)	niemieccy
Inflect niemiecki | ADJ;NOM(MASC,SG)	niemiecczi
Inflect aùtór | N;NOM(SG,MASC)	aùtór
Inflect piłkarz | N;NOM(SG)	piłkarz
Inflect piłkarz | N;GEN(PL)	piłkarzy
Inflect piłkarz | N;GEN(PL)	piłkarzów
Inflect ùkształtowanié | N;GEN(SG)	ùkształtowaniô
Inflect Klonówczyni | N;VOC(PL)	Klonówczi
Inflect Mandżurëja | N;GEN(SG)	Mandżurëji
Inflect wygrany | ADJ;NOM(MASC,PL)	wygranych
Inflect ramię | N;NOM(PL)	remiona
Inflect ramię | N;GEN(PL)	remionów
Inflect òlsza | N;NOM(FEM,SG)	òlszô
Inflect blëżëc | V;NFIN	blëżi
Inflect Włodzmirz | N;GEN(SG)	Włodzmierza
Inflect doktór | N;ACC(SG)	doktorã
Inflect wybór | N;NOM(SG)	wybór
Inflect koza | N;NOM(SG)	koza
Inflect nôpewni | ADV;SUP	nôpewni
Inflect jinwazëjô | N;ACC(SG,FEM)	jinwazëjô
Inflect wërosca | N;LOC;SG	wërosce
Inflect Koło | N;NOM(SG,NEUT)	Koło
Inflect ùzależnienie | N;GEN(PL)	ùzależnieniama
Inflect równoznaczëna | ADJ;NOM(FEM,PL)	równoznaczënë
Inflect wielëna | N;NOM(FEM,SG)	wielëna
Inflect chrzescyjańskô | ADJ;ACC(FEM,SG)	chrzescyjańsczé
Inflect kònstrukcjô | N;LOC;PL	kònstrukcjach
Inflect kònstrukcjô | N;GEN(SG)	kònstrukcji
Inflect Przemysł | N;NOM(SG)	Przemisł
Inflect Beck | N;NOM(MASC,SG)	Beck
Inflect militarny | ADJ;NOM(FEM,SG)	militarnô
Inflect współczesny | ADJ;GEN(FEM,SG)	współczesnej
Inflect nôwiãkszi | ADJ;INS(PL,MASC)	nôwiãkszimi
Inflect fòlder | N;LOC;PL	fòlderach
Inflect fòlder | N;NOM(PL)	fòlderë
Inflect wëmòka | N;GEN(SG)	wëmòdżi
Inflect jastrzëbôk | N;F;SG	jastrzëbôk
Inflect kòlibk | N;NOM(PL)	kòlibczi
Inflect seria | N;DAT(SG)	serie
Inflect greńcznô | ADJ;NOM(FEM,SG)	greńcznô
Inflect mésterswò | N;GEN(SG)	mésterstwa
Inflect tczë | N;FEM;LOC;SG	tczë
Inflect startné | N;ACC(SG,NEUT)	startné
Inflect rozum | N;ACC(MASC,SG)	rozum
Inflect grodzëskò | N;NOM(NEUT,SG)	grodzëskò
Inflect przemoc | N;NOM(SG)	przemògã
Inflect Chalëpa | N;GEN(PL)	Chalëpów
Inflect krańc | N;MASC;SG;LOC	krańc
Inflect krańc | N;LOC;SG	krańcu
Inflect Òrder | N;GEN(SG)	Òrderu
Inflect Òrder | N;GEN(SG)	Òrdéru
Inflect procesja | N;GEN(SG,FEM)	procesji
Inflect pòòrôł | V;FUT;3;SG	pòòrôł
Inflect Rãplôcz | N;NOM(MASC,SG)	Rãplôcz
Inflect doróbek | N;GEN(SG)	doróbkù
Inflect dogmaticzny | ADJ;VOC(MASC,SG)	dogmaticzi
Inflect dogmaticzny | ADJ;ACC(FEM,SG)	dogmaticzné
Inflect pingwin | N;GEN(PL,MASC)	pingwinów
Inflect hôwinga | N;NOM(FEM,SG)	hôwinga
Inflect Sumer | N;GEN(PL)	Sumerów
Inflect òdéńdzënk | N;M3;NOM(SG)	òdéńdzenié
Inflect Jan | N;DAT(SG)	Janowi
Inflect Kanonik | N;GEN(PL)	Kanoników
Inflect Kôczornica | N;NOM(SG)	Kôczornica
Inflect Kôczornica | N;NOM(PL)	Kôczornice
Inflect China | N;DAT(PL)	Chinama
Inflect Wôżny | ADJ;NOM(MASC,SG)	Wôżny
Inflect łëzgôcz | N;NOM(MASC,SG)	łëzgôcz
Inflect rentier | N;MASC;PSS3S;SG	rentier
Inflect książka | N;GEN(PL)	ksążków
Inflect termin | N;ACC(SG)	termin
Inflect Pozycjô | N;F;NOM(SG)	Pòzycjô
Inflect dëtka | N;GEN(PL)	dëtków
Inflect nôbarżi | ADV;SUP	nôbarżi
Inflect cytr | N;DAT(SG)	cytrze
Inflect wëspólrobic | V;NFIN	wëspółrobi
Inflect świetło | N;LOC;SG	świetle
Inflect pòrządk | N;NOM(PL)	pòrządczi
Inflect pòrządk | N;VOC(SG)	pòrządk
Inflect pòrządk | N;GEN(SG)	pòrządkù
Inflect zôczątek | N;NOM(PL)	zôczątki
Inflect Czedë | ADV	czedë
Inflect robòcy | ADJ;MASC;PL;LOC	robòcych
Inflect stado | N;GEN(SG)	stada
Inflect wôżk | N;NOM(PL)	wôżczi
Inflect wôżk | N;GEN(PL)	wôżków
Inflect katolëk | N;INST;PL	katolëkama
Inflect katolëk | N;GEN(PL)	katolëków
Inflect Frãcëszkan | N;ACC(FEM,PL)	Frãcëszkanie
Inflect Frãcëszkan | N;ACC(MASC,PL)	Frãcëszkanów
Inflect Nil | N;GEN(MASC,SG)	Nilu
Inflect Łba | N;GEN(SG)	Łebë
Inflect interpretowac | V;INF	interpretowac
Inflect Diôbeł | N;NOM(SG)	Diôbeł
Inflect Sandomiersczi | ADJ;NOM(PL,MASC)	Sandomiersczé
Inflect Bòski | ADJ;ACC(FEM,SG)	Bòską
Inflect zwada | N;F;NOM(SG)	zwada
Inflect zwada | N;GEN(SG)	zwadë
Inflect skłôd | N;NOM(MASC,SG)	Skłôd
Inflect białgòwsczi | ADJ;NOM(MASC,SG)	białgòwsczi
Inflect amerykańsczi | ADJ;GEN(MASC,SG)	amerikańsczigò
Inflect masa | N;ACC(SG)	masã
Inflect bal | N;ACC(SG)	balã
Inflect Msza | N;GEN(SG)	Mszi
Inflect Msza | N;ACC(SG)	Mszã
Inflect Msza | N;NOM(FEM,SG)	Mszô
Inflect Msza | N;ACC(SG)	Mszą
Inflect swãd | N;ACC(SG)	swãdu
Inflect òdbiernik | N;GEN(PL)	òdbiérników
Inflect Ditrich | N;NOM(SG)	Ditrich
Inflect KùmskòManëcczi | ADJ;GEN(MASC,SG)	KùmskòManëcczégò
Inflect Miónków | N;GEN(PL)	Miónków
Inflect òdbitk | N;NOM(PL)	òdbitczi
Inflect smùlsc | N;ACC(MASC,SG)	smùlsz
Inflect SZËC | V;PST;3;PL	szlë
Inflect Znóné | ADJ;NOM(FEM,PL)	Znóné
Inflect Zómk | N;NOM(MASC,SG)	Zómk
Inflect Kaszëbskô | ADJ;NOM(FEM,SG)	Kaszëbskô
Inflect niebò | N;NOM(SG,NEUT)	Niebò
Inflect raz | N;LOC;PL	razach
Inflect raz | N;GEN(PL)	razow
Inflect nadzewac | V;INF	nadzewac
Inflect Pòlôk | N;NOM(SG)	Pòlôk
Inflect sztudia | N;NOM(FEM,SG)	sztudia
Inflect Złoti | ADJ;INS(MASC,SG)	Złotim
Inflect astronomia | N;GEN(SG)	astronomii
Inflect ùczãstnik | N;GEN(PL,MASC)	ùczãstników
Inflect badéra | N;NOM(FEM,SG)	badéra
Inflect sziszkòjagòda | N;NOM(PL)	sziszkòjagòdë
Inflect różnosć | N;GEN(SG)	różnoscë
Inflect Wòjewództwo | N;NOM(PL)	Wòjewództwa
Inflect mòtorowi | ADJ;ABL(MASC,PL)	mòtorowich
Inflect wëswiãconô | ADJ;NOM(FEM,SG)	wëswiãconô
Inflect ùzdrzec | V;PST;PFV	ùzdrzëc
Inflect erb | N;ACC(PL)	erbë
Inflect Wiólgô | ADJ;NOM(FEM,SG)	Wiolgô
Inflect przedstôwka | N;LOC;PL	przedstôwkach
Inflect pastor | N;ACC(SG)	pastorã
Inflect Janek | N;VOC(SG)	Janke
Inflect AnnaMaria | N;FEM;PROPN;SG	AnnaMaria
Inflect gospodarstwo | N;NOM(SG)	gospodarstwo
Inflect pokolenié | N;GEN(SG)	pokoleniégò
Inflect František | N;NOM(SG)	František
Inflect Ekwador | N;NOM(SG)	Ekwador
Inflect Ekwador | N;GEN(SG)	Ekwadoru
Inflect flota | N;NOM(SG)	flot
Inflect wzór | N;NOM(SG)	wzór
Inflect kartëzan | N;GEN(PL)	kartëzanów
Inflect wójt | N;NOM(SG)	wójt
Inflect plansza | N;NOM(FEM,SG)	plansza
Inflect miesce | N;SG;LOC	miesce
Inflect Dardanele | N;NOM(PL)	Dardanele
Inflect Gregorianian | ADJ;MASC;PSSV;SG	Gregòriańsczi
Inflect akcëjô | N;NOM(SG)	akcëjô
Inflect weżë | V;NFIN	weżi
Inflect Pólsczi | ADJ;NOM(MASC,SG)	Pólsczi
Inflect latëfùndia | N;GEN(PL)	latëfùndiów
Inflect wëbitny | ADJ;GEN(MASC,PL)	wëbitnëch
Inflect ksyżëna | N;NOM(FEM,PL)	ksyżënë
Inflect òchróna | N;LOC;SG	òchrónie
Inflect krój | N;GEN(SG)	krôjù
Inflect badéra | N;DAT(FEM,PL)	badérã
Inflect shəmota | N;GEN(PL)	shəmōṯ
Inflect karny | ADJ;GEN(MASC,SG)	karnégò
Inflect Bòliwiô | N;NOM(SG)	Bòliwiô
Inflect lasowi | ADJ;ACC(MASC,PL)	lasowëch
Inflect Òpòwiôstka | N;NOM(PL)	Òpòwiôstczi
Inflect liczba | N;ACC(SG)	liczbã
Inflect zbiérnik | N;NOM(SG)	zbiérnik
Inflect Biologija | N;NOM(SG)	Biologijô
Inflect Brëtëjsczi | ADJ;NOM;VOC(MASC,PL)	Brëtëjsczici
Inflect habilitacje | N;ACC(SG)	habilitacjã
Inflect pòcëstersczi | ADJ;NOM(MASC,SG)	pòcëstersczi
Inflect zôdzerzg | N;GEN(SG)	zôdzerzgi
Inflect gałąz | N;GEN(PL)	gałãzów
Inflect gałąz | N;GEN(SG)	gałązy
Inflect tardnô | ADJ;NOM(FEM,SG)	tarda
Inflect Òbserwowac | V;3;SG;PRES	Òbserwëje
Inflect bąčk | N;NOM(MASC,SG)	bączk
Inflect kùńczëc | V;INF	kùńczëc
Inflect skała | N;ACC(SG)	skalã
Inflect tożsamość | N;GEN(SG)	tożsamości
Inflect Hebrajsczi | ADJ;INS(MASC,SG)	Hebrajsczim
Inflect òkùnkòwatëch | ADJ;GEN(FEM,PL)	òkùnkòwatëch
Inflect dëtczi | N;VOC(SG)	dëtk
Inflect przërëchtowani | N;LOC;SG	przërëchtowanim
Inflect Johnnym | N;MASC;INST;SG	Johnnym
Inflect Hôdowc | N;ACC(PL)	Hòdowców
Inflect Hùda | N;GEN(FEM,SG)	Huds
Inflect sad | N;GEN(PL)	sadów
Inflect pszénica | N;NOM(FEM,SG)	pszénica
Inflect przëmiôr | N;INS(SG)	przëmiôrã
Inflect rodzëzna | N;GEN(SG)	rodzëznë
Inflect rodzëzna | N;GEN(PL)	rodzëznów
Inflect trzon | N;ACC(MASC,SG)	trzon
Inflect grecczë | ADJ;ACC(MASC,SG)	grecczégo
Inflect sztóca | N;ACC(PL)	sztóce
Inflect historia | N;GEN(SG)	Historii
Inflect ùpôdk | N;GEN(SG)	ùpadku
Inflect ùpôdk | N;GEN(SG)	ùpadkù
Inflect Płat | N;NOM(SG)	Platow
Inflect Stolôrz | N;NOM(SG)	Stolôrz
Inflect Stolôrz | N;NOM(PL)	Stolôrze
Inflect skwarka | N;INS(PL)	skwarkama
Inflect Łacyńsczi | ADJ;NOM(MASC,SG)	Łacyńsczi
Inflect materëja | N;F;GEN(SG)	materëje
Inflect Brno | N;NOM(SG)	Brno
Inflect wzór | N;DAT(PL)	wzorama
Inflect pòdgrëpë | N;DAT(SG)	pòdgrëpë
Inflect seksualny | ADJ;NOM(MASC,SG)	seksualnié
Inflect Zambia | N;F;NOM(SG)	Zambiô
Inflect Helicidae | N;NOM(PL)	Helicidae
Inflect Feldhandball | N;GEN(SG)	Feldhandballu
Inflect Rosmarinus | N;NOM(SG)	Rosmarinus
Inflect lëca | N;ACC(PL)	ledze
Inflect zatwiérdzenié | N;NOM(SG)	zatwiérdzenié
Inflect plëta | N;ACC(SG)	plëtã
Inflect Swióniô | N;ACC(SG)	Swinié
Inflect Wszëtkò | ADJ;NOM(NEUT,SG)	Wszëtkò
Inflect Mòrzk | N;DAT(SG)	Mòrzu
Inflect Kùlturowô | ADJ;NOM(FEM,SG)	Kùlturowô
Inflect jistnik | N;GEN(FEM,SG)	jistnika
Inflect jistnik | N;GEN(PL)	jistników
Inflect westrzédnozôpadny | ADJ;INS(SG,MASC,INAN)	westrzédnozôpadnim
Inflect Slovenská | ADJ;NOM(FEM,SG)	Slovenská
Inflect jôpsczownik | N;NOM(MASC,SG)	jôpscownik
Inflect rzeczenie | N;DAT(SG)	rzeczeniu
Inflect ùkôra | N;GEN(SG)	ùkôrë
Inflect Poezja | N;NOM(SG)	Poezje
Inflect grecczi | ADJ;GEN(MASC,SG)	grecczégò
Inflect Môrcëna | N;NOM(FEM,SG)	Môrcëna
Inflect etos | N;GEN(SG)	etosu
Inflect maj | N;NOM(PL)	majus
Inflect ksyżëc | N;NOM(SG)	ksyżëc
Inflect ksyżëc | N;GEN(SG)	ksyżëca
Inflect Manuał | N;NOM(PL)	Manuałë
Inflect Pòtrus | N;VOC(PL)	Pòtrusë
Inflect Bernstein | N;NOM(SG)	Bernestein
Inflect fòrma | N;DAT(SG)	fòrmie
Inflect fòrma | N;NOM(PL)	fòrmë
Inflect fòrma | N;GEN(PL)	fòrmów
Inflect głodny | ADJ;NOM(FEM,SG)	głodnô
Inflect Natalia | N;FEM;PROPN;SG	Natalia
Inflect Natalia | N;F;INS(SG)	Natalią
Inflect wzrost | N;NOM(MASC,SG)	wzrost
Inflect dobiwka | N;GEN(PL)	dobiwków
Inflect sztraf | N;FEM;LOC;SG	sztrafë
Inflect sztacheta | N;GEN(PL)	sztachétów
Inflect sztacheta | N;GEN(PL)	sztachëtów
Inflect Prezydent | N;NOM(SG)	Prezydent
Inflect Prezydent | N;GEN(MASC,SG)	Prezydenta
Inflect òstawac | V;INF	òstawac
Inflect Kiszëniów | N;NOM(SG)	Kiszëniów
Inflect piec | V;PRS;3;SG	piekle
Inflect całosc | N;GEN(SG)	całoscy
Inflect całosc | N;GEN(SG)	całoscë
Inflect noclegòwac | V;INF	noclegòwac
Inflect forsycjô | N;F;NOM(SG)	forsycjô
Inflect miec | V;NFIN	miec
Inflect akt | N;GEN(PL)	aktów
Inflect marsz | N;GEN(SG)	marszu
Inflect akwedukt | N;NOM(PL)	akweduktë
Inflect Żywopłot | N;INS(SG)	Żywopłotem
Inflect rózga | N;ACC(FEM,SG)	rózgã
Inflect maszëna | N;ACC(SG)	maszëną
Inflect krëczka | N;NOM(PL)	krëczczi
Inflect krëczka | N;GEN(PL)	krëczków
Inflect stróna | N;LOC;SG	strone
Inflect rozkòscérzanié | N;GEN(SG)	rozkòscérzaniô
Inflect bezpiek | N;GEN(SG)	Bezpiekù
Inflect sufragóna | N;ACC(SG)	sufraganã
Inflect wpłënąc | V;INF	wpłënąc
Inflect pierwżi | ADJ;NOM(PL,MASC)	pierwszé
Inflect czëszczec | V;NFIN	czëszcza
Inflect niechãtno | ADV;DEG	niechãtno
Inflect Pòznań | N;LOC;SG	Pòznaniu
Inflect kaszëbskô | ADJ;NOM(FEM,SG)	kaszëbskô
Inflect pòòstałi | ADJ;DAT(MASC,PL)	pòòstałëch
Inflect dobri | ADJ;DAT(MASC,SG)	dobrémù
Inflect ilustracja | N;NOM(PL)	jilustracje
Inflect chow | V;IMP;SG;2	chow
Inflect wišnia | N;DAT(SG)	wisznie
Inflect ògnôrz | N;GEN(MASC,PL)	ògniarzowichpòkôzã
Inflect gbùrskòrzemiãsné | ADJ;NOM(SG)	gbùrskòrzemiãsné
Inflect rozszérzanie | N;GEN(SG)	rozszérzaniegò
Inflect dërdestówka | N;NOM(SG)	dërdestówka
Inflect idyotyzm | N;GEN(PL)	idyotyzmów
Inflect warzenié | N;GEN(SG)	warzeniégò
Inflect sroma | N;F;NOM(SG)	sromô
Inflect preparat | N;NOM(SG)	preparat
Inflect Jinternetowô | ADJ;NOM(FEM,SG)	Jinternetowô
Inflect Jinstrument | N;ACC(FEM,PL)	Jinstrumentë
Inflect chùtk | N;GEN(SG,FEM)	chùtczi
Inflect rëda | N;F;ACC(SG)	rëdã
Inflect bramkòwô | ADJ;VOC(MASC,SG)	bramkòwi
Inflect paja | N;FEM;LOC;SG	pajiczi
Inflect gòdowi | ADJ;NOM(MASC,PL)	gòdowé
Inflect smarglëna | N;NOM(FEM,SG)	smarglëna
Inflect Przëmiérno | ADV	Przëmiérno
Inflect začekawiénie | N;INS(SG)	zaczekawienim
Inflect Swiãtopôłk | N;NOM(SG)	Swiãtopôłk
Inflect stołowi | ADJ;MASC;SG;LOC	stołowego
Inflect stołowi | N;DAT(SG)	stołowi
Inflect wërok | N;NOM(SG,MASC)	wërok
Inflect pùstka | N;LOC;PL	pùstkach
Inflect nadënic | N;ACC(SG)	nadene
Inflect pòdlask | ADJ;INS(MASC,SG)	pòdlasczim
Inflect mieszkać | V;3;SG;PRS	mieszkô
Inflect klata | N;DAT(SG)	klatë
Inflect Aùstralëjsczi | ADJ;NOM(MASC,PL)	Aùstralëjsczi
Inflect sëchima | N;NOM(FEM,SG)	sëchima
Inflect fónkcjonariusz | N;GEN(MASC,PL)	fónkcjonariuszów
Inflect nôrzãdzëc | V;NFIN;INF	nôrzãda
Inflect Africzi | N;DAT(SG)	Africe
Inflect lokalnie | ADV	lokalnie
Inflect rozkòscérzenié | N;INS(SG)	rozkòscérzanim
Inflect końc | N;DAT(SG)	końcu
Inflect Tëchòlsczi | ADJ;GEN(MASC,PL)	Tëchòlsczich
Inflect dwamòwny | ADJ;NOM(MASC,SG)	dwamòwny
Inflect gatënk | N;GEN(SG)	gatunkù
Inflect niża | N;DAT(FEM,SG)	niżi
Inflect latańe | V;PRF;NFIN	latania
Inflect rozwiniãc | V;NFIN	rozwiniãti
Inflect Żal | N;VOC(PL)	Żale
Inflect bëstri | ADJ;NOM(MASC,SG)	bëstri
Inflect alfabét | N;M3;GEN(SG)	alfabétu
Inflect przińdnosc | N;ACC(FEM,PL)	przińdnoscë
Inflect Szczecinka | N;GEN(PL)	Szczecink
Inflect Amnesty | N;DAT(SG)	Amnesty
Inflect Necla | N;GEN(PL)	Neclów
Inflect Hiacynta | N;ACC(SG)	Hiacyntë
Inflect żôłądk | N;NOM(SG)	żôłądk
Inflect grzëmòt | N;VOC(PL)	grzëmòtë
Inflect grzëmòt | N;GEN(PL)	grzëmòtów
Inflect czerwóny | ADJ;ACC(FEM,SG)	czerwòné
Inflect Gwiôzda | N;NOM(SG)	Gwiôzda
Inflect klepa | N;VOC(SG)	Klepce
Inflect nôremny | ADJ;GEN(MASC,PL)	nôremnëch
Inflect rodnô | ADJ;NOM(FEM,SG)	rodnô
Inflect Miemce | N;NOM(PL)	Miemce
Inflect Spółdzielczość | N;GEN(SG)	Spółdzielczości
Inflect człowiek | N;NOM(SG)	człowiek
Inflect człowiek | N;ACC(SG)	człowieka
Inflect człowiek | N;ACC(SG)	człowiekã
Inflect wëspa | N;GEN(SG)	wëspë
Inflect kùnôszk | N;NOM(SG,MASC)	kùnôszk
Inflect Pierszi | ADJ;INS(MASC,SG)	Pierszim
Inflect znak | N;NOM(SG)	znak
Inflect znak | N;INS(PL)	znakama
Inflect znak | N;INS(SG,MASC)	znakã
Inflect znak | N;GEN(PL)	znaków
Inflect znak | N;GEN(SG)	znakù
Inflect pazurzec | N;VOC(PL)	pazurczi
Inflect ùległosc | N;GEN(SG)	ùległoscë
Inflect tatk | N;GEN(PL)	tatków
Inflect tatk | N;GEN(PL)	tatkù
Inflect pòlëga | N;GEN(SG)	pòligù
Inflect Taniec | N;GEN(SG)	Tańca
Inflect trzecac | V;NFIN;PRS;ACT	trzëmając
Inflect dzéjôrz | N;NOM(SG)	dzéjôrz
Inflect hòrizónt | N;GEN(PL)	horizontów
Inflect ògrańczenié | N;GEN(PL)	ògrańczeniów
Inflect rozmienëc | V;NFIN;TENSE;VFORM	rozmienié
Inflect pëk | N;GEN(PL)	pëkù
Inflect błoto | N;GEN(PL)	błotów
Inflect wąsôczowaty | ADJ;GP;PL;MASC	wąsôczowatëch
Inflect Parzelnica | N;NOM(SG,FEM)	Parzelnica
Inflect raza | N;GEN(SG)	razu
Inflect raza | N;GEN(SG)	razy
Inflect raza | N;INS(SG)	razą
Inflect dostac | V;3;PL;PRS	dostôwają
Inflect żëcé | N;DAT(PL,MASC)	żëcim
Inflect gbùrzëzna | N;GEN(SG)	gbùrzëznie
Inflect strzédnica | N;F;NOM(SG)	strzédnica
Inflect strzédnica | N;NOM(PL)	strzédnice
Inflect strzédnica | N;ACC(SG,FEM)	strzédnicã
Inflect strzédnica | N;INS(SG)	strzédnicą
Inflect materijô | N;DAT(SG)	materie
Inflect materijô | N;GEN(SG)	materii
Inflect pòbòżnosc | N;DAT(PL)	pòbòżnoscë
Inflect ùrząd | N;VOC(SG)	ùrzãdu
Inflect najcãżi | ADV;SUP	najcãżej
Inflect grób | N;GEN(SG)	grobu
Inflect grób | N;ACC(SG)	grobã
Inflect miónk | N;LOC;PL	miónkach
Inflect Episkopat | N;GEN(SG)	Episkopatu
Inflect Bacquerel | N;F;SG	Bacquerele
Inflect kóry | ADJ;INS(MASC,SG)	kórowim
Inflect Nakło | N;NOM(SG,NEUT)	Nakło
Inflect aùtorstwò | N;GEN(SG)	aùtorstwa
Inflect aùtorstwò | N;LOC;SG	aùtorstwie
Inflect aùtorstwò | N;NOM(SG)	aùtorstwò
Inflect Wojewòda | N;F;GEN(SG)	Wojwodinë
Inflect przëzdrzec | V;PST;PFV	przëzdrzec
Inflect Anglijô | N;NOM(SG)	Anglijô
Inflect pòkôzanjé | N;GEN(SG)	pòkôzaniô
Inflect Gimnasticznô | ADJ;NOM(FEM,SG)	Gimnasticznô
Inflect lampion | N;GEN(PL)	lampionów
Inflect wióra | N;DAT(PL)	wiorach
Inflect òbéńda | N;GEN(SG)	òbéńdze
Inflect malarstwo | N;INST;SG	malarstwem
Inflect normatywny | ADJ;NOM(MASC,SG)	normatywny
Inflect przëlgłosc | N;NOM(FEM,SG)	przëlgłosc
Inflect wysokòsc | N;GEN(SG)	wysokòśczi
Inflect Ùbrzeg | N;GEN(SG)	Ùbrzegù
Inflect ląd | N;GEN(SG)	lądu
Inflect miara | N;ACC(SG,FEM)	miarã
Inflect płëwać | V;INF	płiwac
Inflect serwer | N;GEN(SG)	serwera
Inflect serwer | N;GEN(PL)	serwerów
Inflect Akademia | N;NOM(SG)	Academy
Inflect pierszi | ADJ;NOM(MASC,SG)	pierszi
Inflect pierszi | ADJ;GEN(PL,MASC,INAN)	pierszich
Inflect pierszi | ADJ;GEN(MASC,SG)	pierszégò
Inflect pierszi | ADJ;GEN(FEM,SG)	pierszéj
Inflect pierszi | ADJ;NOM(FEM,SG)	pierszô
Inflect dzeń | N;GEN(SG)	dnia
Inflect bluza | N;GEN(PL)	blus
Inflect klédowô | ADJ;NOM(FEM,SG)	klédowô
Inflect ùsôdzëc | V;NFIN	ùsôdzcą
Inflect ùsôdzëc | V;PST;3;PL	ùsôdzelë
Inflect pòłòstrów | N;INST;PL	półòstrowama
Inflect kód | N;GEN(PL)	kòdów
Inflect mòlekularnëch | ADJ;GEN(MASC,PL)	mòlekularnëch
Inflect brama | N;NOM(FEM,SG)	brama
Inflect Gawęda | N;NOM(PL)	Gawędy
Inflect swòja | ADJ;ACC(FEM,SG)	swòją
Inflect dłëgi | ADJ;NOM(MASC,PL)	dłëgë
Inflect pielgrzimka | N;GEN(SG)	pielgrzimczi
Inflect Cychória | N;NOM(SG)	Cychória
Inflect Dawid | N;GEN(SG)	Dawida
Inflect Dawid | N;ACC(MASC,SG)	Dawidem
Inflect Dawid | N;INS(MASC,SG)	Dawidã
Inflect wësztôłcenié | N;GEN(SG)	wësztôłceniô
Inflect Aùstralëjô | N;NOM(SG)	Aùstralëjô
Inflect òbrócëc | V;FIN;3;SG	òbróca
Inflect jëławski | ADJ;MASC;LOC;SG	jëławsczim
Inflect bòr | N;NOM(PL)	Bòrë
Inflect pòłowô | ADJ;NOM(FEM,SG)	pòłowë
Inflect zërenk | N;NOM(SG,FEM)	zërenka
Inflect przepisanié | N;NOM(SG)	przepisanié
Inflect Kòłczëgłowë | N;GEN(PL)	Kòłczëgłowów
Inflect Niemirowicz | N;NOM(SG)	Niemirowicz
Inflect Òceana | N;GEN(SG)	Òceanu
Inflect mëga | N;GEN(PL)	mëgów
Inflect Kòmisja | N;GEN(FEM,SG)	Kòmisji
Inflect òpisëwac | V;INF	òpisiwac
Inflect Głãbia | N;VOC(SG)	Głãbi
Inflect jindiansczi | ADJ;VOC(MASC,SG)	jindiańsczi
Inflect Gazeta | N;DAT(SG)	Gazecie
Inflect géjzer | N;NOM(PL)	géjzerë
Inflect stranger | N;NOM(SG)	Stranger
Inflect wëapartniwanié | N;NOM(SG)	wëapartniwanié
Inflect Prisztina | N;NOM(SG,FEM)	Prisztina
Inflect Różaniec | N;GEN(SG)	Różańca
Inflect Lubiczka | N;NOM(SG)	Lubiczka
Inflect przińdzenie | N;INS(SG)	przińdzenim
Inflect Namienienié | N;NOM(SG,NEUT)	Namienienié
Inflect Kalka | N;NOM(SG,FEM)	Kalkô
Inflect wnenczas | ADV	wnenczas
Inflect przëkłôd | N;GEN(PL)	przёkładów
Inflect kònstrukcëjô | N;GEN(SG)	kònstrukcëji
Inflect Alberta | N;NOM(SG,FEM)	Alberta
Inflect Minusowi | ADJ;NOM(PL,MASC)	Minusowé
Inflect Brambòrskô | ADJ;NOM(FEM,SG)	Brambòrsczi
Inflect Brambòrskô | ADJ;ACC(FEM,SG)	Brambòrskã
Inflect garda | N;GEN(SG)	gardë
Inflect héklownié | N;LOC;SG	héklowniém
Inflect òchróniã | V;NFIN	òchróniã
Inflect malëna | N;NOM(PL)	malënë
Inflect lëkkòstrawny | ADJ;NOM(MASC,SG)	lekkòstrawny
Inflect impreza | N;LOC;PL	imprezach
Inflect fliger | N;GEN(PL)	fligerów
Inflect wstrzëmëwac | V;INF	wstrzëmôwac
Inflect brōnzowi | ADJ;NOM(MASC,PL)	bronzowi
Inflect gałązc | N;VOC(FEM,SG)	gałãze
Inflect Nowògródk | N;LOC;SG	Nowògródkù
Inflect zwierzãcy | ADJ;NOM(MASC,SG)	zwierzãcy
Inflect sosna | N;NOM(SG)	sosna
Inflect sosna | N;LOC;PL	sosnach
Inflect szwedzczi | ADJ;NOM(MASC,PL)	szwedzczi
Inflect dokazë | N;DAT(SG)	dokazu
Inflect Etnograficzné | ADJ;NOM(PL,MASC,INAN)	Etnograficzné
Inflect Dania | N;DAT(SG)	Danii
Inflect maszopòwi | ADJ;VOC(MASC,SG)	maszopòwi
Inflect istorëczny | ADJ;ACC(FEM,PL)	historëczné
Inflect istorëczny | ADJ;ACC(FEM,SG)	historëczną
Inflect dobëca | N;MASC;INST;SG	dobëcym
Inflect jinszy | ADJ;NOM(MASC,SG)	jinszy
Inflect milvus | N;AGR;SG	milvus
Inflect swiãtëchnô | ADJ;NOM(FEM,SG)	swiãtëchnô
Inflect kartësczi | ADJ;GEN(MASC,SG)	kartësczégò
Inflect krôjòbrôz | N;NOM(SG)	krôjòbrôz
Inflect Wiśniowiecki | ADJ;NOM(MASC,SG)	Wiśniowiecki
Inflect òstrosc | N;FEM;SG	òstrosc
Inflect samorządzëzna | N;GEN(PL)	samòrządzënów
Inflect dzél | N;GEN;VOC(PL)	dzélowò
Inflect srąb | N;NOM(SG)	srąb
Inflect gwiôzdka | N;DAT(FEM,SG)	gwiôzdce
Inflect gwiôzdka | N;GEN(SG)	gwiôzdczi
Inflect gwiôzdka | N;LOC;PL	gwiôzdkach
Inflect gwiôzdka | N;GEN(PL)	gwiôzdków
Inflect Zemia | N;GEN(SG)	Ziemi
Inflect werobianié | V;NFIN	werobianiô
Inflect Darłowo | N;INS(SG)	Darłowem
Inflect bôczënk | N;GEN(SG)	bôczënkù
Inflect òbelisk | N;NOM(SG)	òbelisk
Inflect Wiarus | N;NOM(SG)	Wiarus
Inflect òbrzezk | N;GEN(PL)	òbrzezków
Inflect bezùstankòwò | ADV	bezùstankòwò
Inflect kúcha | N;NOM(SG)	kùcha
Inflect Ptôsznik | N;NOM(SG,MASC)	Ptôsznik
Inflect nadano | V;PPAS;NEUT;SG	nadano
Inflect czëcz | V;PRS;3;SG	chëczów
Inflect Albùm | N;NOM(PL)	Albùmë
Inflect greńc | N;INST;PL	greńcama
Inflect szczotecznik | N;MASC;SG	szczotecznik
Inflect Präzidum | N;NOM(SG)	Praesidium
Inflect stałocëplnë | ADJ;GEN(MASC,PL)	stałocëplnëch
Inflect Filip | N;NOM(SG)	Filip
Inflect Magdebùrg | N;GEN(MASC,SG)	Magdebùrgù
Inflect ewanielik | N;INS(PL)	ewanielikama
Inflect Przëmierzé | N;F;NOM(SG)	Przëmierzé
Inflect pòsélc | N;M;NOM(SG)	pòsélc
Inflect polarny | ADJ;VOC(MASC,SG)	polarni
Inflect polarny | ADJ;INS(MASC,SG)	polarnim
Inflect biôłi | ADJ;NOM(NEUT,SG)	biôło
Inflect bùnt | N;NOM(SG)	bùnt
Inflect mùzeùm | N;NOM(SG,NEUT)	mùzeùm
Inflect Dagestania | N;DAT(SG)	Dagestanie
Inflect przëòdzéwk | N;NOM(SG)	przëòdzéwk
Inflect zmerkac | V;INF	zmerkac
Inflect dotacëjô | N;DAT(SG)	dotacëje
Inflect dotacëjô | N;GEN(PL)	dotacëjów
Inflect lёdowi | ADJ;NOM(MASC,SG)	lёdowi
Inflect quadriga | N;NOM(FEM,SG)	quadriga
Inflect organizacjô | N;NOM(SG)	òrganizacja
Inflect Wieprzënô | N;GEN(PL)	Wieprzô
Inflect bùdownictwo | N;GEN(SG)	bùdownictwa
Inflect chùtkòsc | N;ACC(SG)	chutkòscą
Inflect stařec | N;GEN(SG)	starcza
Inflect kwiaty | N;NOM(PL)	kwiatowe
Inflect związek | N;GEN(PL)	związków
Inflect gãska | N;DAT(PL)	gęsë
Inflect wóz | N;GEN(PL)	wozów
Inflect atakòwniczka | N;FEM;SG;LOC	atakòwnice
Inflect przeòbrażąny | ADJ;NOM(FEM,PL)	przeòbrażoné
Inflect Sëlëczëna | N;NOM(FEM,SG)	Sëlëczëno
Inflect bôłt | N;INS(SG)	bôłtem
Inflect nômni | ADJ;CMPR	nômni
Inflect rzeczywiście | N;VOC(SG)	rzeczywiście
Inflect brzozowaty | ADJ;NOM(MASC,PL)	brzozowatëch
Inflect Pùstkô | N;NOM(SG)	Pùstków
Inflect kòrzéń | N;NOM(SG)	kòrzéń
Inflect òbliczëwac | V;INF	òbliczëwac
Inflect trwać | V;NFIN	trwa
Inflect pnącô | ADJ;NOM(FEM,SG)	pnącô
Inflect cyfrizacja | N;ACC(SG)	cyfrizacją
Inflect zwãk | N;NOM(SG)	zwąk
Inflect niżi | ADJ;NOM(FEM,SG)	Niższô
Inflect Zrzeszéńc | N;PERS;NOM(PL,MASC)	Zrzeszéńcowie
Inflect kréza | N;LOC;PL	krézach
Inflect Maszop | N;NOM(SG)	Maszop
Inflect krokòdil | N;ACC(MASC,SG)	krokòdil
Inflect wszytk | ADJ;ACC(MASC,PL)	wszech
Inflect dobiwca | N;NOM(SG,MASC)	dobiwca
Inflect dobiwca | N;INS(MASC,SG)	dobiwcą
Inflect Zootoka | N;NOM(FEM,SG)	Zootoca
Inflect przestrzeganie | N;GEN(SG)	przestrzeganiô
Inflect jedny | ADJ;GEN(MASC,SG)	jedynégo
Inflect wëdanimò | N;GEN(PL)	wëdaniów
Inflect linia | N;GEN(SG)	linii
Inflect rzëmsczi | ADJ;NOM(MASC,PL)	rzëmsczi
Inflect jabłończk | N;GEN(SG)	AJabłończi
Inflect Sëwô | ADJ;NOM(FEM,SG)	Sëwô
Inflect wãch | N;NOM(MASC,SG)	wãch
Inflect miãso | ADJ;ACC(FEM,SG)	miãsną
Inflect miãso | N;NOM(SG,NEUT)	miãso
Inflect Stôrożëtnosc | N;DAT(PL)	Stôrożëtnoscë
Inflect wãgòrzowatë | ADJ;VOC(MASC,PL)	wãgòrzowatëch
Inflect spinac | V;NFIN	spinac
Inflect Pucki | ADJ;GEN(FEM,SG)	Puckiej
Inflect Gilgamesz | N;GEN(MASC,SG)	Gilgameszu
Inflect Jinaczi | ADV	ADV
Inflect diktando | N;ACC(SG)	diktandã
Inflect pòbrzeg | N;GEN(PL)	pòbrzegów
Inflect rozrôdzëc | V;NFIN	rozrôdzô
Inflect Buzkòwi | N;NOM(FEM,SG)	Buzkòwô
Inflect spòlëczny | ADJ;NOM(PL,MASC)	spòlëczné
Inflect òbéńda | N;LOC;SG	òbéńdë
Inflect Drodżi | ADJ;VOC(MASC,SG)	Drodżi
Inflect capreolus | N;ACC(SG)	capreolus
Inflect parafialny | ADJ;NOM(MASC,SG)	parafialny
Inflect parafialny | ADJ;MASC;LOC;SG	parafialnym
Inflect Giedyminowicz | N;PSSRS;GEN(PL)	Giedyminowiczów
Inflect Szawła | N;ACC(FEM,SG)	Szawła
Inflect biegun | N;DAT(SG,MASC)	biegunowi
Inflect trzasnąc | V;INF	trzasnąc
Inflect wprowadzëc | V;PRF;3P;PL	wprowadzëlë
Inflect Grifów | N;NOM(PL)	Grifowcë
Inflect Biôłogarda | N;NOM(SG,FEM)	Biôłogarda
Inflect towarziszëc | V;NFIN	towarziszã
Inflect jako | ADV	jako
Inflect Gòspòdôrz | N;VOC(PL)	Gòspòdôrze
Inflect Sachsenhausen | N;NOM(SG,MASC)	Sachsenhausen
Inflect pieśni | N;GEN(SG)	pieśni
Inflect pytanié | N;NOM(SG)	pitanié
Inflect ùgòdzenié | N;NEUT;SG	ùgòdzenié
Inflect pòwierzchnia | N;DAT(SG)	pòwierzchni
Inflect Lubin | N;VOC(SG)	Lubinie
Inflect znaczi | V;3;SG;PRS	znaczi
Inflect gazeta | N;DAT(SG)	Gazécé
Inflect gôdanié | N;INS(SG)	gôdaniém
Inflect Matuszkiewicz | N;NOM(SG)	Matuszkiewicz
Inflect nalazłi | V;PAST;MASC;PL	nalazłi
Inflect Kair | N;GEN(SG)	Kairu
Inflect mòcny | ADJ;GEN(MASC,PL)	mòcnich
Inflect Beethoven | N;ACC(SG)	Beethovenã
Inflect jaje | N;LOC;PL	jajach
Inflect jaje | N;NOM(SG)	jaje
Inflect klasny | ADJ;GP;PL;MASC	klasnëch
Inflect Fabryka | N;NOM(SG)	Factory
Inflect Doborowanié | V;NFIN;VN	Dobòrowanié
Inflect Przegląd | N;NOM(SG)	Przegląd
Inflect Przegląd | N;GEN(MASC,SG)	Przeglądu
Inflect Erica | N;NOM(SG,FEM)	Erica
Inflect pãpk | N;VOC(SG)	pãpk
Inflect Hestia | N;DAT(SG)	Hestii
Inflect samica | N;FEM;SG	samica
Inflect samica | N;ACC(PL)	samice
Inflect Cuterin | N;GEN(PL)	Cuterin
Inflect swiôdczëc | V;INF	swiôdczëc
Inflect wieczerza | N;ACC(SG,FEM)	wieczerzã
Inflect słownik | N;NOM(SG)	słownik
Inflect Nałęcz | N;NOM(SG)	Nałãcz
Inflect dobry | ADJ;F;ACC(SG)	dobrą
Inflect Brizgòwijsczi | ADJ;INS(MASC,SG)	Brizgòwijsczim
Inflect miôno | N;NOM(SG)	miôno
Inflect Figowiec | N;NOM(SG)	Figówc
Inflect sowò | N;NOM(FEM,SG)	sowë
Inflect Erika | N;NOM(FEM,SG)	Erika
Inflect Bróma | N;ACC(SG)	Brómą
Inflect mërawa | ADJ;INS(MASC,SG)	mërawim
Inflect żniwny | ADJ;NOM(SG,MASC)	Żniwny
Inflect nôród | N;GEN(PL)	nôrodów
Inflect zdanie | N;DAT(SG)	zdaniu
Inflect wëpòsażóny | ADJ;NOM(MASC,PL)	wëpòsażóné
Inflect słownik | N;GEN(SG)	Słownika
Inflect Fùndacjô | N;NOM(SG)	Fùndacjô
Inflect wzgląd | N;GEN(SG)	wzglãdu
Inflect wzgląd | N;GEN(SG)	względu
Inflect sobór | N;CASE;NUM;GEN(SG)	soboru
Inflect òbrona | N;GEN(SG)	òbronë
Inflect mieszelë | V;PST;3;PL	mieszelë
Inflect kuńc | N;ACC(PL)	kuńczy
Inflect noha | N;LOC;PL	nogach
Inflect Portage | N;NOM(SG)	Portage
Inflect czieszenka | N;F;ACC(SG)	czieszinkã
Inflect czerwinc | N;DAT(SG)	czerwińcu
Inflect knaga | N;NOM(SG)	knaga
Inflect skansenic | V;PST;PFV;NFIN	skansenie
Inflect czëstô | ADJ;FEM;SG	czëstô
Inflect czëstô | ADJ;ACC(FEM,SG)	czëstą
Inflect Kòbëléńc | N;GEN(FEM,SG)	Kòbëlôsza
Inflect Biôłô | ADJ;NOM(FEM,SG)	Biôłô
Inflect jest | V;PRS;1;SG	Jestin
Inflect nôbòżeństwò | N;ACC(SG)	nôbòżeństwã
Inflect Rzãsnica | N;NOM(FEM,SG)	Rzãsnica
Inflect Młińskô | ADJ;NOM(FEM,SG)	młińskô
Inflect lądze | N;NOM(PL)	lądze
Inflect Szląsk | N;NOM(SG)	Szląskô
Inflect jãzëk | N;NOM(SG)	jãzëk
Inflect jãzëk | N;GEN(SG)	jãzëka
Inflect jãzëk | N;LOC;PL	jãzëkach
Inflect jãzëk | N;INS(PL)	jãzëkama
Inflect jãzëk | N;INS(SG)	jãzëkiem
Inflect jãzëk | N;LOC;SG	jãzëku
Inflect jãzëk | N;INS(SG)	jãzëkã
Inflect Szmelka | N;ACC(SG)	Szmelk
Inflect pòwôżny | ADJ;INS(MASC,PL)	pòwôżnyma
Inflect pòwôżny | ADJ;ACC(MASC,SG)	pòwôżné
Inflect aktór | N;NOM(SG)	aktór
Inflect wënadgrodzenié | N;GEN(SG)	wënadgrodzeniô
Inflect wënadgrodzenié | N;INS(SG)	wënadgrodzënim
Inflect Stanisław | N;NOM(SG,MASC)	Stanisław
Inflect brzek | ADJ;ACC(FEM,PL)	brzeskie
Inflect pòswiôdczenié | N;GEN(SG,MASC,INAN)	pòswiôdczenégò
Inflect rëmòczôs | N;GEN(SG)	rëmòczasu
Inflect minãc | V;NFIN	minie
Inflect wiãkszosc | N;NOM(FEM,SG)	wiãkszosc
Inflect łëzg | N;ACC(SG)	łëzgã
Inflect Lëtwa | N;NOM(PL)	Lëtwini
Inflect rzut | N;M3;NOM(SG)	rzut
Inflect lëdzëc | V;NFIN	lëdë
Inflect brómka | N;ACC(SG,FEM)	brômkã
Inflect azot | N;NOM(SG)	azot
Inflect karna | N;NOM(PL)	karna
Inflect czëtanié | N;NOM(SG)	czëtanié
Inflect czëtanié | N;GEN(PL)	czëtaniów
Inflect czëtanié | N;GEN(SG)	czëtaniô
Inflect jarmôrk | N;LOC;PL	jarmôrkach
Inflect codzenny | ADJ;NOM(MASC,SG)	codniowi
Inflect przeséłka | N;GEN(PL)	przeséłczi
Inflect dzôtuszka | N;GEN(SG)	dzôtuszczi
Inflect reka | N;ACC(SG)	rãce
Inflect hormonalny | ADJ;NOM(PL,MASC)	hormonalné
Inflect brëkòwóny | ADJ;NOM(FEM,SG)	brëkòwanô
Inflect zaledwie | ADV	zaledwie
Inflect orzech | N;NOM(PL)	orzechë
Inflect naprocëmległô | ADJ;NOM(FEM,SG)	naprocëmległô
Inflect kutr | N;GEN(MASC,PL)	kutrów
Inflect prawo | N;NOM(SG)	Prawo
Inflect całość | N;DAT(PL)	całima
Inflect szari | ADJ;NOM(FEM,SG)	Szaré
Inflect Mela | N;GEN(PL)	Meles
Inflect Hučko | N;NOM(SG)	Hučko
Inflect Starzenié | N;NOM(SG)	Starzenié
Inflect lepra | N;GEN(SG)	leprae
Inflect Pilsner | N;NOM(SG)	Pilsner
Inflect paradny | ADJ;NOM(FEM,SG)	paradno
Inflect paradny | ADJ;NOM(MASC,SG)	paradny
Inflect òbarnë | V;IMP;PFV;PLB	òbarnë
Inflect sezonowòsc | N;NOM(FEM,SG)	sezonowòsc
Inflect òkrãtowi | ADJ;VOC(MASC,SG)	òkrãtowi
Inflect Prezesa | N;ACC(SG)	Prezesã
Inflect bywac | V;INFM;IPFV	biwała
Inflect smòlôrz | N;NOM(SG)	smòlôrz
Inflect slëbnik | N;GEN(SG,MASC)	slëbnika
Inflect absolwenta | N;ACC(SG)	absolwentã
Inflect trivializna | N;NOM(MASC,SG)	trivialis
Inflect przéczny | ADJ;NOM(FEM,SG)	przécznô
Inflect bòcôn | N;NOM(PL)	Bòcóni
Inflect artisticzny | ADJ;ACC(FEM,PL)	artisticzné
Inflect artisticzny | ADJ;NOM(FEM,SG)	artisticznô
Inflect hobby | N;NOM(SG)	hobby
Inflect wespółczasny | ADJ;NOM(MASC,SG)	wespółczasny
Inflect Przewalec | N;NOM(MASC,SG)	Przewalsczégò
Inflect donëchczasowé | ADJ;NOM(MASC,PL)	donëchczasowé
Inflect przërëchtowanié | N;NOM(SG)	przërëchtowanié
Inflect przërëchtowanié | N;GEN(SG)	przërëchtowaniô
Inflect Prziãdzny | ADJ;NOM(MASC,SG)	Przëdatny
Inflect król | N;NOM(SG)	król
Inflect król | N;GEN(SG)	króla
Inflect òdwiedzëc | V;INF	òdwiedzëc
Inflect kôrbiónka | N;GEN(PL)	kôrbionków
Inflect Pòlak | N;NOM(PL)	Pòlacë
Inflect maniok | N;NOM(SG)	maniok
Inflect szaszka | N;LOC;PL	szaszkach
Inflect elefant | N;GEN(PL)	élefantów
Inflect Poszwa | N;NOM(FEM,SG)	Poszwa
Inflect rakétnica | N;NOM(PL)	rakétniczi
Inflect Brocberge | N;F;ERG(SG)	Brocberge
Inflect błogosławéństwò | N;NOM(SG)	błogosławéństwò
Inflect baba | N;INS(SG)	babą
Inflect sadac | N;LOC;PL	sadach
Inflect usnôżno | ADJ;NOM(FEM,SG)	usnôżno
Inflect znikwienie | N;GEN(SG)	znikwienia
Inflect kryterium | N;NOM(SG,NEUT)	kryterium
Inflect piérszi | ADJ;NOM(PL,NEUT)	Piérszé
Inflect Elżbieta | N;ACC(SG,FEM)	Elżbietã
Inflect jinorodny | ADJ;NOM(MASC,SG)	jinorodny
Inflect ruszëc | V;NFIN	rusczim
Inflect òbrëszk | N;NOM(PL)	òbrësczi
Inflect milina | N;GEN(PL)	milinów
Inflect Nazaret | N;GEN(SG)	Nazaretu
Inflect równoleżnikòwò | ADV	równoleżnikòwò
Inflect òstôwać | V;NFIN	òstôwają
Inflect motorowô | ADJ;NOM(FEM,SG)	motorowô
Inflect armija | N;NOM(SG,FEM)	Armia
Inflect turistka | N;FEM;SG;LOC	turistice
Inflect zmiérzëc | V;NFIN	zmiérzô
Inflect Dominus | N;ACC(SG)	Dominum
Inflect chłopskô | ADJ;NOM(FEM,SG)	chłopskô
Inflect Luksembùrg | N;GEN(SG)	Luksembùrga
Inflect Luksembùrg | N;GEN(SG)	Luksembùrgù
Inflect Równoznaczëzna | N;ACC(SG,FEM)	Równoznaczëzną
Inflect Starodôwnô | ADJ;ACC(FEM,SG)	Starodôwnotą
Inflect nigri | ADJ;NOM(FEM,SG)	nigra
Inflect Wiktoria | N;NOM(SG,FEM)	Wiktoria
Inflect Słowiński | ADJ;NOM(MASC,SG)	Słowińsczi
Inflect góna | N;GEN(FEM,SG)	gónë
Inflect metr | N;GEN(PL)	metrów
Inflect Kamiéń | N;NOM(SG)	Kamiéń
Inflect Pomerania | N;GEN(SG)	Pomeranii
Inflect geòmòrfòloga | N;NOM(PL)	geòmòrfòlogòwie
Inflect Prawôżczi | N;NOM(PL)	Prawôżczi
Inflect móc | V;1;PL;PRS	mògã
Inflect móc | V;PRS;3;PL	mògą
Inflect reno | N;NOM(SG,NEUT)	reno
Inflect przëdatny | ADJ;NOM(FEM,SG)	przëdatnô
Inflect trójca | N;GEN(FEM,SG)	trójczi
Inflect granica | N;LOC;PL	granicach
Inflect mòżlëwòsc | N;FEM;SG	mòżlëwòsc
Inflect Cyrël | N;GEN(SG)	Cyrëla
Inflect Nadczidka | N;NOM(SG)	Nadczidka
Inflect pierwsi | ADJ;NOM(MASC,PL)	pierwsi
Inflect swórca | N;NOM(FEM,SG)	swórka
Inflect równałka | N;ACC(SG)	równalk
Inflect zapewno | ADV	zapewno
Inflect Biblia | N;GEN(SG)	Biblëji
Inflect plëszka | N;NOM(FEM,SG)	plëszka
Inflect spòmalenié | N;NEUT;SG	spòmalenié
Inflect Czerwònuszka | N;GEN(FEM,SG)	Czerwònuszk
Inflect miód | N;NOM(SG)	miół
Inflect jagodka | N;FEM;SG	jagódka
Inflect stôropòlskô | ADJ;NOM(FEM,SG)	Stôropòlskô
Inflect pòdzelëc | V;INF	pòdzelëc
Inflect pòkrój | V;IMP;SG;2	pòkrój
Inflect zëcë | N;LOC;SG	zëcim
Inflect tydzień | N;GEN(PL,MASC)	tidzeniów
Inflect wigòvac | V;INF	wigòwac
Inflect nowÿ | ADJ;NOM(SG,NEUT)	Nowé
Inflect Pòrskòwac | V;NFIN	Pôrszkówa
Inflect inny | ADJ;NOM(PL,MASC)	inni
Inflect Karol | N;NOM(SG,MASC)	Karol
Inflect Karol | N;GEN(SG)	Karola
Inflect kòlumna | N;F;NOM(SG)	kòlumna
Inflect Gertruda | N;INS(SG,FEM)	Gertrudą
Inflect Amatorsczi | ADJ;NOM(MASC,SG)	Amatorsczi
Inflect cãca | N;NOM(FEM,SG)	cãcô
Inflect papiér | N;NOM(SG,MASC)	papiér
Inflect przedstôwiac | V;GER;NEUT;SG	przedstôwianié
Inflect Jednakò | ADV	jednakò
Inflect franc | N;NOM(SG)	franc
Inflect polëfónka | N;ACC(SG)	polëfónka
Inflect artysta | N;GEN(PL)	artistów
Inflect wëlëjac | V;NFIN	wëlëjcec
Inflect bażant | N;NOM(PL)	bażantë
Inflect gałãzësti | ADJ;NOM(MASC,PL)	gałãzësté
Inflect lupula | N;NOM(FEM,SG)	lupulina
Inflect edëtor | N;DAT(PL)	editorama
Inflect Kùltura | N;F;NOM(SG)	Kùltura
Inflect ùprawiac | V;INF	ùprawiac
Inflect Jizrajelita | N;OBL;PL;MASC	Jizraelitama
Inflect chòrob | N;GEN(PL)	chòrobów
Inflect grupa | N;INS(SG)	grupą
Inflect drzéwiãc | N;VOC(SG)	drzéwiãcu
Inflect drzéwiãc | N;DAT(SG)	drzéwiãcã
Inflect kaséta | N;LOC;PL	kasétach
Inflect rotacja | N;GEN(FEM,SG)	rotacjë
Inflect kòmanda | N;ACC(SG)	kòmańdą
Inflect wspomnienie | N;NOM(SG)	wspòmnienié
Inflect ùżëwać | V;NFIN	ùżëwają
Inflect Tegówka | N;NOM(FEM,SG)	Tégówka
Inflect długi | ADJ;INS(MASC,PL)	dłudżima
Inflect sztrichënic | N;ABL(SG)	sztrichaniém
Inflect żôłtobruny | ADJ;NOM;GEN(PL,MASC)	żôłtobruné
Inflect greńca | N;ACC(SG)	greńcą
Inflect lëpiéń | N;INS(MASC,SG)	lëpiéń
Inflect styczeń | N;M3;NOM(SG)	styczeń
Inflect nôtëra | N;ACC(SG)	nôtërã
Inflect nôtëra | N;GEN(SG)	nôtërë
Inflect klasa | N;NOM(SG)	klasa
Inflect klasa | N;ACC(SG)	klase
Inflect Siostra | N;NOM(PL)	Sostrë
Inflect kùńc | N;VOC(SG)	kùńcã
Inflect kùńc | N;DAT(SG,MASC)	kùńcù
Inflect spiéwôc | N;NOM(SG)	spiéwôcz
Inflect słowiczy | ADJ;NOM(FEM,SG)	słowiczëna
Inflect Biôłorus | N;F;NOM(PL)	Biôłorusë
Inflect Biôłorus | N;NOM(PL)	Biôłorusënowie
Inflect Aleksãdra | N;NOM(FEM,SG)	Aleksãdra
Inflect Tczë | N;NOM(FEM,SG)	Tczë
Inflect pòderwac | V;INF	pòderwac
Inflect turystyczny | ADJ;GEN(PL)	turystycznych
Inflect פױז | V;NFIN	פױזן
Inflect òdbieróny | ADJ;PL	òdbieróné
Inflect betón | N;GEN(SG)	betonu
Inflect Znônka | N;ACC(SG,FEM)	Znanką
Inflect Gera | N;GEN(SG)	Gery
Inflect żôłnierz | N;GEN(SG)	żôłnierza
Inflect Frantówka | N;NOM(SG,FEM)	Frantówka
Inflect ùcekać | V;3;SG;FUT	ùcekô
Inflect lëpińc | N;GEN(SG)	lëpińca
Inflect Cecylia | N;DAT(FEM,SG)	Cecylii
Inflect Èrek | N;NOM(SG,MASC)	Erek
Inflect bova | N;GEN(SG)	bovis
Inflect Òrgan | N;DAT(SG,MASC)	Òrganowi
Inflect skòwarnkòwatë | ADJ;VOC(MASC,PL)	skòwarnkòwatëch
Inflect Chordata | N;NOM(PL)	Chordata
Inflect umiejętność | N;NOM(SG)	umiejętnosc
Inflect budowac | V;INF	bùdowac
Inflect pózny | ADJ;VOC(MASC,SG)	pózdzé
Inflect pózny | ADJ;VOC(MASC,SG)	pózni
Inflect gòdzënka | N;GEN(SG)	gòdzynczi
Inflect fizyczny | ADJ;GPLE;MASC;PL	energeticznym
Inflect zôrt | N;GEN(SG)	zortu
Inflect pòzicja | N;NOM(PL)	pòzicje
Inflect chrzescëjan | N;NOM(SG)	chrzescëjan
Inflect chrzescëjan | N;GEN(MASC,PL)	chrzescëjanów
Inflect dokùment | N;LOC;PL	dokùmentach
Inflect lëtra | N;ACC(SG)	lëterã
Inflect Artisticznô | ADJ;NOM(FEM,SG)	Artisticznô
Inflect biograficzni | ADJ;NOM(FEM,SG)	biograficznô
Inflect Myślëc | V;IMP;PL;PST	Myśli
Inflect kòło | N;LOC;PL	kòłach
Inflect kòło | N;NOM(SG)	kòło
Inflect kòło | N;GEN(PL)	kòłów
Inflect znaczny | ADJ;NOM(MASC,SG)	znaczny
Inflect rzôdczëzna | N;ACC(SG)	rzôdczëzną
Inflect zasadzëc | V;PST;3;SG	zasôdô
Inflect baba | N;F;NOM(SG)	baba
Inflect Małgorzata | N;NOM(SG)	Margaret
Inflect Lobszenica | N;NOM(SG)	Lobszenica
Inflect rozszerzańé | N;INS(SG)	rozszérzaniém
Inflect lówny | ADJ;MASC;INST;SG	lóznym
Inflect grónk | N;MASC;SG;LOC	grónkù
Inflect Łemka | N;GEN(PL)	Łemków
Inflect turista | N;F;NOM(SG)	turistno
Inflect dzëcë | N;NOM(PL)	dzëcy
Inflect Bòskô | ADJ;F;NOM(SG)	Bòskô
Inflect Wdzydza | N;LOC;SG	Wdzydze
Inflect słowòrzk | N;NOM(MASC,SG)	słowôrzk
Inflect zdżãti | ADJ;MASC;PL;LOC	zdżãtëch
Inflect kapla | N;GEN(PL)	kroplów
Inflect Aùtor | N;NOM(MASC,SG)	Aùtor
Inflect Aùtor | N;ACC(SG)	Aùtorã
Inflect Òntario | N;NOM(SG)	Òntario
Inflect Bëlaczenié | N;NOM(NEUT,SG)	Bëlaczenié
Inflect zajimëjący | ADJ;INS(MASC,SG)	zajimùjącym
Inflect ùzdrowienié | N;GEN(SG)	ùzdrowieniô
Inflect ADJ | ADJ;INS(MASC,SG)	turistnym
Inflect gãbba | N;GEN(SG)	genu
Inflect wikszi | ADJ;CMPR	wikszi
Inflect wëmaganié | N;NOM(PL)	wëmagania
Inflect Pietas | N;NOM(SG)	Pietas
Inflect pòkréwny | ADJ;PSS;NOM(PL,MASC)	pòkrewné
Inflect groß | ADJ;NOM(FEM,SG)	Große
Inflect pan | N;NOM(PL)	panowie
Inflect zewsząd | ADV	zewsządk
Inflect Sztetëna | N;DAT(SG)	Sztetënie
Inflect ùdba | N;NOM(PL)	ùdbë
Inflect pòspólnosc | N;F;GEN(PL)	pòspólnotów
Inflect Slëwa | N;NOM(SG)	Slëwa
Inflect raper | N;NOM(SG)	raper
Inflect ùchróniec | N;NOM(SG)	ùchróniec
Inflect Radka | N;GEN(SG)	Radki
Inflect słowiczënôwaczi | ADJ;GEN(FEM,PL)	słowiczënowatëch
Inflect zôchòdny | ADJ;NOM(MASC,SG)	zôchòdny
Inflect Kùńszt | N;GEN(SG)	Kùńsztu
Inflect Marka | N;GEN(SG)	Marka
Inflect pismianny | ADJ;INS(MASC,SG)	pismiannym
Inflect miònkôrz | N;GEN(SG)	miònkôrza
Inflect dzejacelnosc | N;NOM(FEM,SG)	dzejacelnosc
Inflect kampaniô | N;F;NOM(SG)	kampaniô
Inflect perkùsëjô | N;NOM(SG)	perkùsëjô
Inflect papiéż | N;NOM(SG)	papiéż
Inflect zapewnienié | N;GEN(SG)	zapewnieniô
Inflect Jastrowô | ADJ;NOM(FEM,SG)	Jastrowô
Inflect Acorus | N;NOM(SG)	Acorus
Inflect kòchac | V;INF	kòchac
Inflect fana | N;GEN(FEM,SG)	fanã
Inflect równiszcze | N;LOC;PL	równiszczach
Inflect równiszcze | N;NOM(SG)	równiszcze
Inflect dobroc | N;ACC(FEM,SG)	dobroc
Inflect ziéle | N;GEN(SG)	ziéla
Inflect władza | N;NOM(PL)	władze
Inflect fòrmùła | N;GEN(FEM,SG)	fòrmùł
Inflect fòrmùła | N;NOM(SG)	fòrmùła
Inflect Strata | N;NOM(SG)	Strata
Inflect rozmajitiadji | ADJ;ACC(FEM,PL)	rozmajité
Inflect apòkrif | N;GEN(PL)	apòkrifów
Inflect casta | N;FEM;SG	casta
Inflect kanóniczny | ADJ;GEN(PL,MASC)	kanónicznëch
Inflect Czôłenkòwi | N;DAT(SG,MASC)	Czôłenkòwi
Inflect òpadowi | ADJ;NOM(FEM,SG)	òpôdowô
Inflect lekarsczi | ADJ;INS(MASC,SG)	Lekarsczim
Inflect drëdzy | ADJ;INS(MASC,SG)	drëdzim
Inflect wôrt | ADV	wôrt
Inflect kònkretny | ADJ;GEN(PL,FEM)	kònkretnëch
Inflect snjég | N;GEN(SG)	sniegù
Inflect dosłowny | ADV	dosłowno
Inflect wëbrodzëc | V;INF	wëbrodzëc
Inflect włączać | V;ACT;IMPF;GRP	włączając
Inflect pjesnjôk | N;NOM(SG)	pjesnjôk
Inflect wëbùch | N;ACC(MASC,SG)	wëbùch
Inflect wëbùch | N;GEN(SG)	wëbùchù
Inflect skóra | N;NOM(SG)	Skóra
Inflect wąski | ADJ;VOC(MASC,SG)	wąsczi
Inflect distansa | N;VOC(SG)	distanse
Inflect pòlterabend | N;GEN(PL,MASC)	pòlterabentów
Inflect aùtochtóniczny | ADJ;GEN(MASC,PL)	aùtochtónicznych
Inflect Element | N;PL	Elementë
Inflect łżekwak | N;VOC(PL)	łżëkwace
Inflect zwierzę | N;GEN(PL)	zwierząt
Inflect ôczëc | V;NFIN	ôczé
Inflect całi | ADJ;NOM(NEUT,SG)	Całé
Inflect program | N;NOM(SG,FEM)	Programa
Inflect pòzytiwny | ADJ;NOM(FEM,SG)	pòzytiwno
Inflect zwãkòwë | ADJ;ACC(FEM,SG)	zwãkòwą
Inflect żółw | N;NOM(PL)	Żółwie
Inflect zaczekawiéńé | N;NOM(SG,NEUT)	zaczekawienié
Inflect snôżi | ADJ;IND;NOM(PL,MASC)	snôżé
Inflect snôżi | ADJ;NOM(FEM,SG)	snôżô
Inflect przëstãpny | ADJ;NOM(NEUT,SG)	przëstãpné
Inflect pòczestnota | N;GEN(PL)	pòczestnotë
Inflect pòdzemny | ADJ;MASC;PSS;SG	pòdzemny
Inflect region | N;LOC;SG	regionie
Inflect Kleopatra | N;NOM(FEM,SG)	Kleopatra
Inflect szëpùłka | N;LOC;PL	szëpùłkach
Inflect leżnosc | N;FEM;LOC;SG	leżnoscë
Inflect godność | N;F;NOM(SG)	godność
Inflect tuńcëc | V;NFIN	tuńce
Inflect skóra | N;NOM(SG)	skóra
Inflect sztrëda | N;GEN(PL)	sztridów
Inflect media | N;VOC(SG)	media
Inflect media | N;LOC;PL	mediach
Inflect serbòchòrwacczi | ADJ;GEN(MASC,SG)	serbòchòrwacczégò
Inflect dłudżi | ADJ;VOC(MASC,SG)	dłëgù
Inflect historiowy | ADJ;NOM(MASC,SG)	historiowy
Inflect Bliscze | ADJ;CMPR	Bliscze
Inflect znanka | N;NOM(FEM,SG)	znanka
Inflect Góra | N;NOM(FEM,SG)	Góra
Inflect Góra | N;LOC;PL	Górach
Inflect Góra | N;GEN(SG)	Górni
Inflect płaczeta | N;GEN(PL)	platach
Inflect przerwa | N;GEN(SG)	przerwë
Inflect mróz | N;GEN(SG)	mrozu
Inflect mróz | N;GEN(FEM,SG)	mrozë
Inflect òznaczony | ADJ;GEN(MASC,PL)	òznaczonëch
Inflect mùka | N;ACC(SG)	mùczą
Inflect Zlepieńc | ADJ;GEN(FEM,SG)	Zlepieńcowé
Inflect infòrmatika | N;NOM(SG)	infòrmatika
Inflect czerwony | ADJ;NOM(MASC,SG)	czerwony
Inflect biotkô | N;ACC(SG)	biotkã
Inflect ròk | N;GEN(SG)	rokù
Inflect wòjôrz | N;NOM(PL)	wòjarze
Inflect uznać | V;NFIN	Uznom
Inflect darënka | N;DAT(PL)	darënkama
Inflect kòceł | N;NOM(SG)	kòceł
Inflect medal | N;ACC(MASC,SG)	medal
Inflect klëczk | N;NOM(PL)	klëczczi
Inflect gruńt | N;LOC;PL	gruńtach
Inflect Wiôlgopòlskô | ADJ;NOM(FEM,SG)	Wiôlgopòlskô
Inflect Swiónowo | N;DAT(PL)	Swiónowam
Inflect zachmùrzenié | N;NEUT;SG	zachmùrzenié
Inflect Kelwin | N;NPR;GEN(PL)	Kelwinów
Inflect pòle | N;LOC;SG	pòlu
Inflect pòle | N;VOC(SG)	pòlé
Inflect Swina | N;NOM(FEM,SG)	Swina
Inflect również | ADV	również
Inflect stól | N;LOC;SG	stole
Inflect grzëpa | N;DAT(SG)	grëpe
Inflect òlej | N;DAT(SG)	òléju
Inflect ùprôszczanié | N;GEN(SG)	ùprôszczaniégò
Inflect mòżdżówka | N;NOM(SG)	mùżdżówka
Inflect lëteratura | N;NOM(SG)	lëteratura
Inflect lëteratura | N;LOC;SG	lëteraturze
Inflect lëteratura | N;ACC(SG,FEM)	lëteraturã
Inflect lëteratura | N;NOM(SG)	lëteraturë
Inflect Pamiãc | N;GEN(SG)	Pamiãcé
Inflect kibic | N;NOM(PL)	kibice
Inflect lékarskji | ADJ;NOM(MASC,SG)	lékarsczi
Inflect białogùrsczi | ADJ;GEN(MASC,SG)	białgowsczégò
Inflect nôdgrodzëc | V;NFIN	nôdgrodã
Inflect Łąg | N;GEN(SG)	Łãgù
Inflect Efeza | N;LOC;SG	Efezie
Inflect Kajawsczi | ADJ;NOM(MASC,PL)	Kajawsczi
Inflect Pyeongyang | N;LOC;SG	Pyeongyangù
Inflect Lékarskô | ADJ;NOM(FEM,SG)	Lékarskô
Inflect Mléczôk | N;NOM(SG)	Mléczôk
Inflect dzecë | N;DAT(PL)	dzecach
Inflect dzecë | N;INS(PL)	dzecama
Inflect szwecczi | ADJ;VOC(MASC,SG)	szwecczi
Inflect dół | N;GEN(PL)	dołów
Inflect przësëżnik | N;NOM(SG)	przësëżnik
Inflect dóny | ADJ;VOC(MASC,SG)	dóny
Inflect doskònałosc | N;DAT(SG)	doskònale
Inflect nacësk | N;GEN(SG)	nacëskù
Inflect pardwa | N;NOM(FEM,SG)	pardwa
Inflect zôchòd | N;NOM(SG)	zôchòd
Inflect godzëna | N;ACC(SG)	godzëną
Inflect Kanadijka | N;NOM(FEM,SG)	Kanadijka
Inflect Kanadijka | N;GEN(PL,MASC)	Kanadijków
Inflect mózg | N;IND;GEN(PL)	Brains
Inflect ùrządzenie | N;GEN(PL)	ùrządzeniów
Inflect sërosc | N;NOM(FEM,SG)	sërosc
Inflect tãdzë | N;F;INS(SG)	tądkã
Inflect bezpòstrzédnô | ADJ;NOM(FEM,SG)	bezpòstrzędno
Inflect ramy | N;GEN(PL)	ramach
Inflect jiny | ADJ;INS(MASC,SG)	jinym
Inflect jiny | ADJ;INS(PL,MASC)	jinyma
Inflect łąka | N;LOC;PL	łąkach
Inflect łąka | N;INS(FEM,PL)	łąkama
Inflect Kaszëbsczi | ADJ;NOM(PL,MASC)	Kaszubskie
Inflect papior | N;LOC;PL	papiorach
Inflect papior | N;GEN(SG)	papioru
Inflect Antoni | N;MASC;PSS3S;P1	Antonim
Inflect zapòżëczenié | N;GEN(PL)	zapòżëczeń
Inflect bùdka | N;DAT(SG)	bùdce
Inflect chùrz | N;LOC;SG	chùrze
Inflect minus | N;NOM(MASC,SG)	minus
Inflect Pòmòrzka | N;VOC(SG)	Pòmòrzce
Inflect Terô | ADV	Terô
Inflect szkòda | N;ACC(SG)	szkòdã
Inflect wëznanié | N;GEN(PL)	wëznaniów
Inflect ptôszëzna | N;NOM(SG)	ptôszëzna
Inflect przedremianic | N;ACC(SG)	przedremieniã
Inflect antiochijsczi | ADJ;MASC;PSSV;SG	antiochijsczi
Inflect gitar | N;ACC(FEM,SG)	gitarë
Inflect tnica | V;FUT;3;SG	tnica
Inflect ùpôdk | N;GEN(SG)	ùpôdkù
Inflect Theresa | N;INS(FEM,SG)	Teresą
Inflect knôpiczë | N;DAT(PL)	knôpiczëch
Inflect Trojanowska | N;NOM(FEM,SG)	Trojanowska
Inflect òpòzycëjô | N;NOM(SG)	òpòzycëjô
Inflect Aùstralëjô | N;GEN(SG)	Aùstralëji
Inflect zdatnô | ADJ;NOM(FEM,SG)	zdatné
Inflect pòdtip | N;GEN(SG)	pòdtipu
Inflect kòlonijô | N;ACC(SG)	kòlonijã
Inflect nalezéc | V;NFIN	nalezc
Inflect wialgòsc | N;DAT(SG)	wialgòscë
Inflect kam | N;GEN(PL)	kamów
Inflect Młodé | ADJ;ACC(FEM,SG)	Młodé
Inflect rodny | ADJ;NOM(FEM,SG)	Rodnô
Inflect pasternôk | N;NOM(SG)	pasternôk
Inflect jinterneta | N;DAT(SG,MASC)	jinternetowi
Inflect klekòt | N;NOM(SG)	klekòt
Inflect układac | N;LOC;PL	ùkładach
Inflect farwa | N;GEN(SG)	farwë
Inflect farwa | N;ACC(SG)	farwòtã
Inflect farwa | N;GEN(PL)	farwów
Inflect fraza | N;GEN(SG)	frazë
Inflect internetowy | ADJ;NOM(FEM,SG)	internetowa
Inflect członkòstwo | N;NOM(SG)	członkòstwo
Inflect Breyne | N;NOM(PL)	Breyne
Inflect dzéłowô | ADJ;ACC(FEM,SG)	dzélową
Inflect niewiôldżi | ADJ;IND;NOM(PL,MASC)	niewiôldżé
Inflect òdbicé | V;NFIN;PRF	òdbicé
Inflect wpasëwac | V;INF	wpasowac
Inflect òbřezk | N;NOM(PL)	òbrzézczi
Inflect prãdkòsc | N;NOM(SG)	prãdkòsc
Inflect prãdkòsc | N;F;GEN(SG)	prãdkòsci
Inflect prãdkòsc | N;FEM;LOC;SG	prãdkòscë
Inflect organizacëja | N;NOM(FEM,SG)	organizacëja
Inflect zazwònic | V;MOD;INF	zazwònic
Inflect ùjsce | N;NOM(SG,NEUT)	ùjsce
Inflect zagrôżba | N;NOM(PL)	zagrôżbë
Inflect zagrôżba | N;SG;INST	zagrôżbą
Inflect Specjalnô | ADJ;ACC(FEM,SG)	Specjalną
Inflect rasa | N;NOM(SG)	rasa
Inflect rasa | N;ACC(SG)	rasë
Inflect rasa | N;GEN(PL)	rasów
Inflect kòmin | N;GEN(FEM,SG)	kòmina
Inflect grawitacjô | N;ACC(SG,FEM)	grawitacje
Inflect Rzimsczi | ADJ;GEN(MASC,SG)	Rzimsczégò
Inflect nôrodnosc | N;NOM(FEM,SG)	nôrodnosc
Inflect nôrodnosc | N;GEN(SG)	nôrodnoscë
Inflect wëpòczink | N;NOM(SG)	wëpòczink
Inflect Òbweńdztwa | N;NOM(SG)	Òbwód
Inflect seniorka | N;DAT(PL)	seniorkach
Inflect trigraf | N;NOM(PL)	trigrafë
Inflect Szakal | N;GEN(SG)	Szakala
Inflect jinszë | ADJ;GEN(MASC,PL)	jińszëch
Inflect Inuita | N;GEN(PL,MASC)	Inuitów
Inflect kòncert | N;NOM(PL)	kòncertë
Inflect kòncert | N;GEN(PL)	kòncertów
Inflect Cecha | N;INS(SG)	Cechą
Inflect pòstac | N;INST;SG	pòstacą
Inflect sanktuarium | N;LOC;PL	sanktuariach
Inflect sanktuarium | N;NOM(SG)	sanktuarium
Inflect pjerzasty | ADJ;NOM(MASC,SG)	pierzasti
Inflect Lapòniô | N;GEN(SG)	Lapònii
Inflect prôwdopòdowieństwo | N;GEN(SG)	prôwdopòdowieństwa
Inflect Lankòsz | N;ACC(SG)	Lankòszã
Inflect zaklëczczenié | N;NOM(SG)	zaklëczczenié
Inflect Majkòwskô | ADJ;NOM(FEM,SG)	Majkòwskô
Inflect Wôżné | ADJ;WK;NOM(PL,MASC)	Wôżné
Inflect rozmòwa | N;ACC(SG,FEM)	rozmòwą
Inflect Kòsmòs | N;ACC(SG)	Kòsmòsã
Inflect drzéwiãtka | N;ACC(SG,NEUT)	drzéwiãtã
Inflect drzéwiãtka | N;GEN(PL)	drzéwiãtów
Inflect desktop | N;GEN(PL)	desktopów
Inflect wëkaszlowny | ADJ;NOM(MASC,SG)	wëkaszlowny
Inflect dorosłi | ADJ;VOC(MASC,SG)	dorosłé
Inflect dorosłi | ADJ;GEN(PL)	dorosłëch
Inflect dólny | ADJ;ACC(FEM,SG)	dólne
Inflect ùsmiercanie | N;GEN(SG)	ùsmiercaniô
Inflect starżaczka | N;ACC(PL)	starżacczi
Inflect jedwôb | N;GEN(SG,MASC)	jedwôbiu
Inflect Łaczba | N;VOC(SG)	Łaczi
Inflect chtrërny | ADJ;NOM(MASC,SG)	chtrërny
Inflect płaczący | ADJ;NOM(MASC,SG)	płaczący
Inflect òdżin | N;GEN(SG)	ògnia
Inflect pisôrz | N;INDX;GEN(SG)	pisarzczié
Inflect tãcza | N;LOC;PL	tãczënach
Inflect Bretania | N;DAT(SG)	Bretanii
Inflect malińca | N;ACC(MASC,SG)	malińczich
Inflect Wydanie | N;NOM(SG,NEUT)	wydanie
Inflect miech | N;GEN(PL)	miechów
Inflect pùszcanié | V;V;PTCP;NFIN	pùszczanie
Inflect Rômeò | N;NOM(SG,MASC)	Rômeò
Inflect tilny | ADJ;NOM(MASC,SG)	tilny
Inflect biôłoczerwòny | ADJ;NOM(FEM,PL)	biôłoczerwòné
Inflect skùtek | N;NOM(PL)	skùtczi
Inflect Marta | N;NOM(SG,FEM)	Marta
Inflect proga | N;ACC(SG,FEM)	prozą
Inflect interfejs | N;NOM(SG)	interfejs
Inflect pôłnie | N;LOC;SG	pôłniu
Inflect elektroniczny | ADJ;NOM(MASC,SG)	elektroniczny
Inflect grecczi | ADJ;DAT(MASC,PL)	grecczich
Inflect grecczi | ADJ;INS(MASC,SG)	grecczim
Inflect wëpitk | N;GEN(SG)	wëpitkù
Inflect dwòr | N;ACC(SG)	dwòrã
Inflect Pòlëga | N;GEN(MASC,SG)	Pòleségò
Inflect faba | N;NOM(SG)	faba
Inflect zadny | ADJ;GEN(MASC,SG)	zadnégò
Inflect kara | N;ACC(SG)	karã
Inflect Wenecczi | ADJ;NOM(MASC,SG)	Wenecczi
Inflect obiekt | N;GEN(PL)	obiektów
Inflect któtkô | ADJ;NOM(FEM,SG)	któtkô
Inflect gòspòdëniô | N;F;NOM(SG)	gòspòdënie
Inflect wiʒec | V;NFIN	widzec
Inflect pòrtëbùdowizna | N;NOM(FEM,SG)	pòrtëbùdowizna
Inflect zachodni | ADJ;NOM(FEM,PL)	Zachodnie
Inflect wiéchrzëzna | N;LOC;SG	wiéchrzëznie
Inflect wiéchrzëzna | N;GEN(SG)	wiéchrzëznié
Inflect wiéchrzëzna | N;ACC(SG)	wiéchrzëznã
Inflect wiéchrzëzna | N;NOM(PL)	wiéchrzëznë
Inflect wiéchrzëzna | N;ACC(SG,FEM)	wiéchrzëzną
Inflect òbjimaniô | N;GEN(SG)	òbjimaniô
Inflect panëszka | N;F;INS(SG)	panëszką
Inflect NOUTRO | N;FEM;LOC;PL	nają
Inflect mést | N;ABL(SG)	mést
Inflect òdczëtac | V;INF	òdczëtac
Inflect zgrôwać | V;NFIN;INF	zgrôwa
Inflect Gazowi | ADJ;VOC(MASC,SG)	Gazowi
Inflect sãkaci | ADJ;NOM(PL,MASC,ANIM)	sãkaté
Inflect groda | N;INS(FEM,SG)	gromadą
Inflect direktno | ADV	direktno
Inflect kawa | N;GEN(SG)	kawë
Inflect kawa | N;ACC(SG)	kawón
Inflect distribùcëja | N;LOC;PL	distribùcëjach
Inflect gramatika | ADJ;GEN(MASC,PL)	gramaticznëch
Inflect gramatika | N;NOM(FEM,SG)	gramatika
Inflect célo | N;DAT(PL)	célem
Inflect mëszyc | N;ACC(PL)	mszëce
Inflect zebranié | N;GEN(PL)	zebraniów
Inflect akurôtny | ADJ;NOM(FEM,SG)	akurôtno
Inflect kòszëczka | N;GEN(PL)	kòsziczczi
Inflect jadrownica | N;LOC;PL;F	jadrownicach
Inflect mimoza | N;NOM(FEM,SG)	mimòza
Inflect ùżëcy | N;INS(SG)	ùżëcym
Inflect mióna | N;INST;PL	miónama
Inflect materiał | N;INS(SG)	materiałem
Inflect kòntinenca | N;ACC(SG)	kòntinence
Inflect żaba | N;NOM(SG)	Żaba
Inflect Ròbòta | N;NOM(SG)	Ròbòta
Inflect padalcowi | ADJ;DAT(MASC,PL)	padalcowatich
Inflect Syjamskô | ADJ;NOM(FEM,SG)	Syjamskô
Inflect kòtwi | N;NOM(FEM,SG)	kòtwa
Inflect Ewangelia | N;GEN(SG)	Ewangelii
Inflect Ewangelia | N;DAT(PL)	Ewanieli
Inflect Kùzniô | N;NOM(SG)	Kùzniô
Inflect stòjny | ADJ;NOM(PL)	stòjny
Inflect lëpa | N;NOM(FEM,SG)	lëpa
Inflect lëpa | N;GEN(PL)	lëpin
Inflect błotka | N;LOC;PL	błotkach
Inflect tón | N;GEN(PL)	tonów
Inflect reszt | N;F;ACC(PL)	resztë
Inflect Kòscérzëna | N;DAT(SG,FEM)	Kòscérzënie
Inflect krzaczasty | ADJ;NOM(FEM,SG)	krzaczasta
Inflect gùreczka | N;DIM;NOM(SG)	gùreczka
Inflect powierzchnia | N;LOC;PL	pòwierzchniach
Inflect dinastëjô | N;ACC(SG,FEM)	dinastëjã
Inflect dinastëjô | N;NOM(SG,FEM)	dinastëjô
Inflect dinastëjô | N;ACC(SG)	dinastëją
Inflect krajoznawstwo | N;GEN(SG)	krajoznawstwa
Inflect słowò | N;INS(SG)	słowem
Inflect spiéwôrz | N;GEN(MASC,PL)	spiéwôrzów
Inflect głãbòk | ADJ;GEN(MASC,PL)	głãbòczich
Inflect fragment | N;NOM(SG)	fragment
Inflect fragment | N;INS(PL)	fragmentami
Inflect mòdel | N;GEN(SG)	mòdélu
Inflect Włosaty | ADJ;NOM(FEM,SG)	Włosatô
Inflect Roczicëna | N;NOM(FEM,SG)	Roczicëna
Inflect religia | N;ACC(PL)	religie
Inflect wierzba | N;NOM(SG)	wierzba
Inflect przëdôwk | N;GEN(SG)	przëdôwkù
Inflect zôpłata | N;NOM(PL)	zôpłatë
Inflect szuta | N;GEN(PL)	szutów
Inflect bezsenność | N;ACC(SG)	bezsennoscã
Inflect znóny | ADJ;NOM(MASC,SG)	znóny
Inflect łacëzna | N;GEN(SG)	łacëznë
Inflect łiszczeć | V;3;PL;PRES	łiszczą
Inflect kąpanié | N;NOM(SG,NEUT)	kąpanié
Inflect sztremlëzna | N;NOM(SG,FEM)	sztremlëznë
Inflect miéwac | V;PST;M;SG	miéwôł
Inflect Maja | N;NOM(FEM,SG)	Maja
Inflect język | N;NOM(SG)	język
Inflect prosti | ADJ;VOC(MASC,SG)	prosti
Inflect prosti | ADJ;NOM(FEM,SG)	prosto
Inflect stólica | N;ACC(SG)	stolëcã
Inflect autor | N;GEN(MASC,SG)	autora
Inflect autor | N;M1;DAT(SG)	autorowi
Inflect autor | N;ACC(SG)	autorã
Inflect Òlimpiô | N;GEN(SG)	Òlimpii
Inflect Niewôżné | ADJ;NOM(FEM,SG)	Niewôżné
Inflect nôùkòwi | ADJ;NOM(MASC,PL)	nôùkòwé
Inflect BrodnickòKartëskô | ADJ;NOM(FEM,SG)	BrodnickòKartëskô
Inflect Zelëzna | N;NOM(SG)	Zldzënie
Inflect Venus | N;NOM(SG)	Venus
Inflect Żukowo | N;DAT(SG)	Żukowie
Inflect òsëba | N;GEN(PL)	òsób
Inflect rzeczny | ADJ;NOM(PL,MASC)	rzeczne
Inflect PÓLNY | ADJ;NOM(MASC,SG)	pólny
Inflect przebùdowiwac | V;PFV;PL;PST	przebùdowiwelë
Inflect rоѕсёnié | N;NOM(SG,MASC)	rоѕсёnё
Inflect górlôk | N;GEN(PL)	górlôków
Inflect wińc | N;ACC(SG)	wińc
Inflect artirasëzmòwi | ADJ;NOM(MASC,PL)	artirasëzmòwé
Inflect wspòmnienié | N;LOC;PL	wspòmnieniach
Inflect Bòcheńc | N;GEN(PL)	Bòchenów
Inflect cheomsa | N;NOM(PL,MASC)	cheomsa
Inflect piC | V;NFIN	picô
Inflect pazura | N;ACC(PL)	pazurama
Inflect Kaszëbòwie | N;GEN(PL)	Kassuben
Inflect dodatny | ADJ;ACC(FEM,PL)	Dodatné
Inflect klasa | N;NOM(PL)	klasy
Inflect Słôwosznia | N;NOM(SG)	Słôwòszëna
Inflect swirgòlc | N;NOM(PL)	swirgolë
Inflect Strzebielëno | N;NOM(SG)	Strzebielëna
Inflect maszina | N;NOM(SG)	maszina
Inflect maszina | N;GEN(PL)	maszinów
Inflect cèp | N;F;NOM(PL)	Cepë
Inflect larwa | N;ACC(SG,FEM)	larwã
Inflect larwa | N;ACC(SG)	larwë
Inflect tradicëja | N;GEN(SG)	tradicëji
Inflect Telewizjô | N;GEN(SG)	Telewizji
Inflect piorën | N;ACC(SG)	piorën
Inflect Japòńskô | ADJ;NOM(FEM,SG)	Japòńskô
Inflect nôrzãdło | N;NOM(SG)	nôrzãdło
Inflect Niejezen | ADJ;NOM(FEM,PL)	Niejedne
Inflect bãbnienie | N;GEN(SG)	bãbnieniô
Inflect kaplëczka | N;F;NOM(SG)	kaplëczka
Inflect człowik | N;ACC(SG)	człowiéka
Inflect smiotana | N;GEN(SG)	smiotanë
Inflect sëtmëklasowi | ADJ;VOC(MASC,SG)	sëtmëklasowi
Inflect płaca | N;GEN(SG)	płacy
Inflect òbrozk | N;ACC(SG,MASC)	òbazów
Inflect łowic | V;VBS;NFIN;PSV	łowieniô
Inflect miasto | N;NOM(SG)	Miasto
Inflect naszi | ADJ;GEN(MASC,SG)	naszégò
Inflect chłoscëwé | ADJ;INS(MASC,SG)	chłoscëwim
Inflect copanié | V;NFIN	copanié
Inflect słôwiący | ADJ;NOM(PL,MASC)	słôwiącé
Inflect Ùchwôł | N;ACC(SG)	Ùchwôlą
Inflect dziad | N;GEN(PL)	Dziadów
Inflect kasowy | ADJ;M;NOM(SG)	kasowy
Inflect miesiąc | N;GEN(PL)	miesąców
Inflect òpiéka | N;GEN(SG)	òpégò
Inflect bubk | N;GEN(PL)	bubków
Inflect Filipiny | N;LOC;PL	Filipinach
Inflect letni | ADJ;GEN(FEM,SG)	letnéj
Inflect Mariô | N;F;NOM(SG)	Mariô
Inflect Augusta | N;FEM;PROPN;SG	Augusta
Inflect trudny | ADJ;NOM(MASC,SG)	trudny
Inflect trudny | ADJ;NOM(FEM,SG)	trudnô
Inflect òpòwiôdôcz | N;NOM(SG)	òpòwiôdôcz
Inflect Mozilla | N;ACC(FEM,SG)	Mozille
Inflect Mozilla | N;GEN(SG)	Mozilli
Inflect asemblerz | N;DAT(PL)	asemblerze
Inflect Byron | N;GEN(SG)	Byrona
Inflect gbùrga | N;GEN(SG)	gbura
Inflect same | ADV;INTENSITY	same
Inflect dërżeniowi | ADJ;ACC(FEM,SG)	dërżéniową
Inflect Efezjanin | N;GEN(PL)	Efezjanów
Inflect owca | N;GEN(PL)	òwców
Inflect szarpawica | N;NOM(SG)	szarpawica
Inflect Gdąńskò | N;NOM(SG,NEUT)	Gdąńskò
Inflect Totalitarny | ADJ;ACC(FEM,SG)	Totalitarną
Inflect widownia | N;ACC(SG)	widowniã
Inflect kòmpùter | N;F;GEN(SG)	kòmpùtra
Inflect kòmpùter | N;DAT(FEM,PL)	kòmpùtrama
Inflect wiernosc | N;DAT(SG)	wiernoscë
Inflect Parafiô | N;NOM(SG)	Parafiô
Inflect Plattdüütsch | ADJ	Plattdüütsch
Inflect drzewo | N;NOM(SG)	drzewo
Inflect Klôsztr | N;DAT(SG,MASC)	Klôsztórném
Inflect wiek | N;GEN(PL)	wieków
Inflect wiek | N;GEN(SG)	wiekù
Inflect Benjamina | N;ACC(FEM,SG)	Benjamina
Inflect Bòstón | N;VOC(SG)	Bòstónie
Inflect lato | N;INS(SG)	latem
Inflect niedalek | N;NOM(MASC,SG)	niedalek
Inflect Balbina | N;NOM(SG)	Balbina
Inflect krótczi | ADJ;NOM(NEUT,SG)	krótkò
Inflect żort | N;GEN(PL)	òrtów
Inflect òbronnô | ADJ;NOM(FEM,SG)	òbronno
Inflect pùcowac | V;INF	pùcowac
Inflect pocwierzdzëna | N;F;NOM(SG)	pocwierdzenié
Inflect połowi | N;GEN(SG)	pòłòwy
Inflect Neja | N;VOC(SG)	Naju
Inflect piszczówka | N;NOM(SG)	piszczówka
Inflect piszczówka | N;GEN(PL)	piszczówków
Inflect piszczówka | N;INST;SG	piszczówką
Inflect wòdzyk | N;NOM(SG)	wòdzëk
Inflect domôcy | ADJ;GEN(MASC,SG)	domôcégò
Inflect Dóm | N;ACC(SG)	Dodóm
Inflect próba | N;NOM(PL)	próbë
Inflect sejmòwnô | ADJ;GEN(MASC,PL)	sejmòwëch
Inflect sługa | N;DAT(SG)	sludze
Inflect Brusy | N;LOC;PL	Brusach
Inflect Papiasz | N;GEN(SG)	Papiasza
Inflect ceszëc | V;IMP;2;SG	ceszi
Inflect Górny | ADJ;NOM(MASC,SG)	Górny
Inflect Górny | ADJ;MASC;PSSV;SG	Górnégò
Inflect zółti | ADJ;INS(MASC,SG)	zółtim
Inflect jednoroczne | ADJ;ACC(FEM,SG)	jednoroczną
Inflect rektór | N;NOM(SG)	rektór
Inflect drzewò | N;NOM(SG)	drzewò
Inflect kąpiel | N;VOC(SG)	kąpiélë
Inflect Biédni | ADJ;NOM(MASC,PL)	Biédni
Inflect biéda | N;DAT(SG)	biédze
Inflect biéda | N;NOM(PL)	biédë
Inflect zjawisko | N;GEN(PL)	zjawiskow
Inflect panowanie | N;NOM(SG,NEUT)	panowanié
Inflect panowanie | N;GEN(SG)	panowaniégò
Inflect panowanie | N;INS(SG)	panowaniém
Inflect panowanie | N;GEN(SG)	panowaniô
Inflect Cassubia | N;LOC;SG	Cassubie
Inflect mãczenica | N;ACC(SG)	mãczenicã
Inflect pasażér | N;GEN(PL)	pasażérów
Inflect kòlonista | N;NOM(PL)	kòloniscë
Inflect wëszëzna | N;NOM(SG,FEM)	wëszëzna
Inflect wëszëzna | N;ACC(SG)	wëszëznã
Inflect wëszëzna | N;GEN(SG)	wëszëznë
Inflect wëszëzna | N;GEN(PL)	wëszëznów
Inflect dama | N;INS(SG)	damią
Inflect ciãżkô | ADJ;NOM(FEM,SG)	cãżkô
Inflect Mãlëca | N;NOM(FEM,SG)	Melica
Inflect modła | N;GEN(PL)	modłów
Inflect Downs | N	Downs
Inflect spòdlowi | ADJ;GEN(MASC,PL)	spòdlowëch
Inflect duch | N;NOM(SG)	duch
Inflect dochadac | V;POS;IMPF;NFIN	dochadac
Inflect słowik | N;NOM(SG)	słowik
Inflect szasa | N;LOC;SG	szasie
Inflect łowny | ADJ;INS(MASC,SG)	łownym
Inflect Kraków | N;LOC;SG	Krakòwie
Inflect osëcha | N;LOC;PL	osëchach
Inflect jic | V;PRS;2;SG	Jesz
Inflect renka | N;F;GEN(PL)	renic
Inflect Rodezja | N;GEN(SG)	Rodezji
Inflect magnoliowaty | ADJ;ACC(FEM,PL)	magnoliowatëch
Inflect gardzë | V;IMP;2;SG	gardze
Inflect ludny | ADJ;NOM(FEM,SG)	ludowô
Inflect benediktinka | N;GEN(PL,MASC)	benediktinków
Inflect germanizacja | N;GEN(SG)	germanizacji
Inflect òrganizowac | V;INF	òrganizowac
Inflect krãg | N;GEN(PL)	krãgów
Inflect krãg | N;GEN(PL)	krãgù
Inflect szwedzkô | ADJ;NOM(FEM,SG)	Szwedzkô
Inflect hotel | N;GEN(SG)	hotelu
Inflect zarnié | N;ACC(SG)	zarno
Inflect nosoróg | N;NOM(SG)	nosoróg
Inflect zascygać | V;NFIN;GER	zascyganie
Inflect Kazachstan | N;GEN(SG)	Kazachstanu
Inflect Zamknięty | ADJ;NOM(MASC,SG)	Zamknięty
Inflect titul | N;ACC(SG)	titlu
Inflect bónk | N;NOM(MASC,SG)	bónk
Inflect płonny | ADJ;ACC(FEM,SG)	płonné
Inflect Zgòrzôłk | N;FEM;PL	Zgòrzôłczi
Inflect pielgrzimca | N;LOC;SG	pielgrzimce
Inflect jajo | N;GEN(PL)	jajów
Inflect drzéwc | N;F;NOM(SG)	drzewiãca
Inflect chrzescënë | N;GEN(SG)	chrzescëjaństwa
Inflect szpicowati | ADJ;NOM(MASC,PL)	szpicowati
Inflect Ùsztôłcenié | N;NOM(SG)	Ùsztôłcenié
Inflect Górsczi | N;NOM(MASC,SG)	Górsczigù
Inflect pùblikòwac | V;INF	pùblikòwac
Inflect ksądzëc | N;GEN(PL)	ksãżëców
Inflect òpisowny | ADJ;INS(MASC,SG)	òpisownym
Inflect Òlsza | N;NOM(FEM,SG)	Òlszô
Inflect drapieżny | ADJ;VOC(MASC,SG)	drapieżny
Inflect ksiãga | N;LOC;PL	ksãgach
Inflect wzérnik | N;NOM(SG)	wzérnik
Inflect Òlgierd | N;NOM(SG)	Òlgerd
Inflect Petersburg | N;GEN(SG)	Petersburgu
Inflect całi | ADJ;GEN(MASC,SG)	całégò
Inflect całi | ADJ;NOM(FEM,SG)	całô
Inflect letkò | ADV	letkò
Inflect hewòtny | ADJ;INS(MASC,SG)	hewòtnym
Inflect pòlabsczi | ADJ;GEN(MASC,PL)	pòlabsczëch
Inflect rozwinitë | ADJ;NOM(FEM,SG)	rozwiniętô
Inflect jôdnica | N;NOM(FEM,SG)	jôdnica
Inflect jôdnica | N;NOM(PL)	jôdnicë
Inflect Pòmòrzë | N;LOC;SG	Pòmòrzu
Inflect òpłôtk | N;GEN(SG)	òpłôtkù
Inflect material | N;ACC(PL)	materiale
Inflect jałowiec | N;GEN(PL)	jałowców
Inflect sobòrz | N;LOC;SG;M3	sobòrze
Inflect pòsóbnô | ADJ;NOM(FEM,SG)	pòsóbnô
Inflect Młodzëzna | N;GEN(SG)	Młodzëznë
Inflect piwo | N;GEN(SG)	piwa
Inflect piwo | N;INS(SG)	piwem
Inflect piwo | N;NOM(SG)	piwo
Inflect rozwój | N;NOM(MASC,SG)	rozwój
Inflect Lënka | N;GEN(SG)	Lënk
Inflect honoroł | ADJ;NOM(MASC,PL)	Honorowi
Inflect kléwer | N;NOM(SG)	kléwer
Inflect czidzëzna | N;NOM(SG)	czidzëna
Inflect Equisetum | N;NOM(SG)	Equisetum
Inflect kłãb | N;LOC;SG	kłãbie
Inflect naucëc | V;IMP;PFV;PL2	nôùczi
Inflect familia | N;DAT(SG)	familji
Inflect Lorentz | N;GEN(MASC,SG)	Lorentza
Inflect habicô | N;NOM(PL)	habice
Inflect groza | N;GEN(SG)	grozy
Inflect mikstura | N;GEN(SG)	miksturë
Inflect wlôżô | V;3;SG;FUT	wlôżô
Inflect bórk | N;NOM(SG)	Borë
Inflect zwierzëca | N;FEM;SG	zwierzëce
Inflect Prospekt | N;NOM(SG)	Prospekt
Inflect Braga | N;GEN(SG,MASC)	Bragi
Inflect lëstopadnikòwy | ADJ;INS(MASC,SG)	lëstopadnikòwim
Inflect mdze | V;3;SG;FUT	mdze
Inflect dënk | N;F;INS(PL)	dënëgama
Inflect kvitac | V;GER;VOC(MASC)	kwitnieniô
Inflect pòstãpnë | ADJ;GEN(MASC,PL)	pòstãpnëch
Inflect żniwo | N;GEN(PL)	żnijów
Inflect pytaniã | N;ACC(SG)	pytania
Inflect wëmawianié | V;NFIN	wëmawianié
Inflect òznak | N;INS(SG)	òznaką
Inflect rozwôżanié | N;NOM(SG,NEUT)	rozwôżanié
Inflect jinak | ADV	Jine
Inflect wiôldżi | ADJ;NOM(FEM,SG)	wiãkszô
Inflect Szkic | N;NOM(PL)	Szkice
Inflect pismiono | N;GEN(PL)	pismionów
Inflect Mazury | N;LOC;PL	Mazurach
Inflect òdpòwiedzalny | ADJ;NOM(FEM,SG)	òdpòwiedzalnô
Inflect òbstojenjë | V;PPFV;NMLS	òbstojenié
Inflect Górnik | N;GEN(SG)	Górnika
Inflect przëkriwkòwi | ADJ;NOM(PL,MASC)	przëkriwkòwé
Inflect słowo | N;GEN(PL)	słów
Inflect bydło | N;GEN(SG)	bëdła
Inflect pòzwa | N;GEN(SG)	pòzwë
Inflect pòzwa | N;GEN(PL)	pòzwónëch
Inflect pòzwa | N;ACC(SG)	pòzwóną
Inflect pòzwa | N;GEN(PL)	pòzwów
Inflect Premiera | N;NOM(FEM,SG)	Premiera
Inflect mòderny | ADJ;FEM;SG;LOC	mòderné
Inflect zabezpieczenie | N;GEN(SG)	zabezpieczeniô
Inflect kònkùrëja | N;NOM(PL)	kònkùrëje
Inflect Henryka | N;F;NOM(SG)	Henrika
Inflect grać | V;IND;PST;NFIN	grało
Inflect òbéńda | N;LOC;PL	òbéndach
Inflect plac | N;NOM(SG)	Plac
Inflect rozkoscérzënanié | N;INS(SG)	rozkoscérzanim
Inflect pùzdni | ADJ;VOC(MASC,SG)	pùzdni
Inflect luti | ADJ;VOC(MASC,SG)	luti
Inflect luti | ADJ;NOM(MASC,SG)	luty
Inflect zaprawa | N;ACC(SG)	zaprawã
Inflect zaprawa | N;NOM(SG)	zaprawё
Inflect bùdacyjô | N;GEN(SG)	bùdaceji
Inflect pokrzëwa | N;NOM(SG)	pòkrzëwa
Inflect Jãzëkòwò | ADJ;NOM(NEUT,SG)	Jãzëkòwò
Inflect zarnek | N;GEN(PL)	zarnków
Inflect pògan | N;GEN(PL)	pòganów
Inflect wiodro | N;F;NOM(SG)	wiodra
Inflect wiodro | N;NOM(SG)	wiodro
Inflect pòlsczi | ADJ;NOM(FEM,SG)	pòlskô
Inflect Séwnô | ADJ;NOM(FEM,SG)	Séwnô
Inflect ząbkòwiczczi | N;GEN(SG,MASC)	ząbkowicczego
Inflect pasowé | ADJ;;NOM(PL,MASC,ANIM)	pasowé
Inflect ùszniczka | N;FEM;SG	ùsznica
Inflect pasmã | N;ACC(SG)	pasmã
Inflect bloczi | N;NOM(PL)	bloczi
Inflect Kartëza | N;GEN(SG)	Kartëzë
Inflect Kartaginô | N;ACC(SG)	Kartaginã
Inflect dochtór | N;NOM(MASC,SG)	dochtór
Inflect aglomeracja | N;NOM(FEM,PL)	aglomeracje
Inflect mieszkanié | N;LOC;PL	mieszkaniama
Inflect mieszkanié | N;GEN(SG)	mieszkaniô
Inflect mieszkanié | N;ACC(SG)	mieszkanù
Inflect szosa | N;ACC(PL)	szos
Inflect Lëzelec | N;DAT(PL)	Lëzënie
Inflect sobòtka | N;F;NOM(SG)	sobòtka
Inflect talãt | N;GEN(PL)	taleńtów
Inflect slauos | N;NOM(SG,MASC)	slauos
Inflect wëdawać | V;ACT;INDF;PRS	wëdając
Inflect czedë | ADV	czedës
Inflect stôlec | N;LOC;PL	stalatach
Inflect distrikt | N;LOC;SG	distriktë
Inflect Stepòwi | ADJ;NOM(MASC,SG)	Stepòwi
Inflect wòda | N;NOM(FEM,PL)	Waters
Inflect tatrzańsczi | ADJ;GEN(MASC,SG)	tatrzańsczégò
Inflect kòlibiô | N;DAT(SG)	kòlibie
Inflect Anna | N;NOM(SG)	Anna
Inflect Suplement | N;NOM(SG)	Suplement
Inflect dolekomòrsczi | ADJ;NOM(MASC,PL)	dalekòmòrsczich
Inflect Bùblëca | N;GEN(SG)	Bubblytze
Inflect Vopel | N;MASC;SG	Vopel
Inflect paranoidalny | ADJ;ACC(FEM,SG)	paranoidalną
Inflect Lëturgiczny | ADJ;NOM(MASC,SG)	Lëturgiczny
Inflect badac | V;NFIN;INF	badac
Inflect Wilno | N;NOM(SG)	Wilno
Inflect ksążka | N;GEN(SG)	ksążczi
Inflect sus | N;NOM(FEM,SG)	suska
Inflect ôst | N;GEN(SG)	òsła
Inflect nordowi | ADJ;ACC(FEM,SG)	nordową
Inflect cësnienie | N;GEN(SG)	cësnieniô
Inflect mòrsczëmista | N;F;DAT(PL)	mòrszczimistawònagami
Inflect dïstrékt | N;GEN(PL)	distriktów
Inflect Krefft | N;NOM(SG)	Krefft
Inflect òstróv | N;LOC;SG	òstrowiu
Inflect òbczëszczalnô | N;NOM(SG)	òbczëszczalniô
Inflect alkalojid | N;NOM(PL)	alkalojidë
Inflect skùńczëna | N;DAT(SG)	skùńczenim
Inflect kôłpa | N;NOM(FEM,SG)	kôłpa
Inflect szpańskô | ADJ;FEM;SG;LOC	szpańskù
Inflect józefk | N;VOC(MASC,SG)	józefk
Inflect murin | N;ACC(MASC,SG)	murinum
Inflect pòspòrt | N;GEN(PL)	Paszpòrtów
Inflect òskòlańc | N;INSTR;PL	òskòlańcama
Inflect Luperkalie | N;GEN(PL)	Luperkaliów
Inflect SZIJA | N;ACC(PL)	szijice
Inflect Friedrich | N;NOM(MASC,SG)	Friedrichù
Inflect przetwòrnik | N;NOM(SG)	przetwòrnik
Inflect softwëra | N;ACC(SG)	softwôrą
Inflect nac | V;PRS;3P;PL	naji
Inflect kategoriô | N;F;NOM(SG)	kategoriô
Inflect pieszô | ADJ;NOM(FEM,SG)	pieszô
Inflect pipka | N;NOM(SG)	pipka
Inflect komplét | N;ACC(SG)	kompletã
Inflect knecht | N;GEN(PL)	knechtów
Inflect 30-letni | ADJ;NOM(MASC,SG)	30letni
Inflect chałëpnik | N;NOM(PL)	Chałëpniczi
Inflect słowiański | ADJ;MASC;PL;LOC	słowiónsczich
Inflect Miemieckô | ADJ;NOM(FEM,SG)	Miemieckô
Inflect kôrbón | N;VOC(PL)	karbònie
Inflect Andrzej | N;ACC(SG)	Andrzejã
Inflect przerobnik | N;GEN(SG)	przerobnika
Inflect sławny | ADJ;NOM(FEM,SG)	sławnô
Inflect tłómaczka | N;NOM(FEM,SG)	tłómaczka
Inflect planeta | N;NOM(FEM,SG)	planeta
Inflect Latjã | N;ACC(SG)	Lacjum
Inflect Piôsznica | N;F;NOM(SG)	Piôsznica
Inflect arcybiskùpstwò | N;DAT(SG)	arcybiskùpstwa
Inflect póznobarokòwi | ADJ;NOM(MASC,SG)	póznobarokòwi
Inflect swòji | ADJ;GEN(MASC,SG)	swòjeg
Inflect Zaostałoscą | N;INS(SG,FEM)	Zaostałoscą
Inflect Metoka | N;ACC(SG)	Metochiã
Inflect zwësk | N;MASC;SG	zwësk
Inflect zwësk | N;ACC(SG)	zwëskã
Inflect ùbezpieka | V;FIN;SG;3	ùbezpieka
Inflect gardło | N;LOC;SG	gardle
Inflect nôczãscéJ | ADV	nôczãsci
Inflect òbòwiązkòwi | ADJ;NOM(MASC,SG)	òbòwiązkòwi
Inflect òbòwiązkòwi | ADJ;INS(FEM,SG)	òbòwiązkòwôm
Inflect Medal | N;ACC(SG)	Medalã
Inflect modrë | ADJ;GEN(FEM,SG)	Modrej
Inflect Kaszëba | N;DAT(PL)	Kaszëbóm
Inflect założa | N;GEN(SG)	założeniô
Inflect Jeschke | N;NOM(SG)	Jeschke
Inflect Ùstëp | N;ACC(SG)	Ùstëpã
Inflect rabòta | N;GEN(SG)	rabòty
Inflect rabòta | N;ACC(SG)	rabòtã
Inflect Pòlón | N;ACC(MASC,SG)	Pòlan
Inflect sëchi | ADJ;MASC;INST;SG	sëchim
Inflect slënik | N;NOM(FEM,SG)	slënika
Inflect rządza | N;PL	rządë
Inflect Sumerowie | N;NOM(PL)	Sumerowie
Inflect wãgòrz | N;NOM(PL)	wãgòrzi
Inflect pòkrok | N;ACC(SG,MASC)	pòkrokã
Inflect òstropùs | N;NOM(SG)	òstropùs
Inflect Dzãka | N;NOM(SG)	Dzãka
Inflect dzëcé | N;NOM(PL)	dzëcë
Inflect narodny | ADJ;NOM(FEM,SG)	Narodowa
Inflect planeta | N;GEN(PL)	planetów
Inflect planeta | N;ACC(SG)	planetą
Inflect miészëznowi | ADJ;VOC(MASC,PL)	miészëznowëch
Inflect Òkreslenié | N;NEUT;SG	òkreslenié
Inflect jachtowanié | N;GEN(SG)	jachtowaniô
Inflect germanizacëjô | N;F;ACC(SG)	germanizacëji
Inflect spidleczny | ADJ;NOM(MASC,SG)	spidleczny
Inflect Tłukawa | N;LOC;PL	Tłukawach
Inflect drogô | N;ACC(SG)	drogą
Inflect przemysłowi | ADJ;ACC(MASC,PL)	przemësłowé
Inflect miãkki | ADJ;NOM(MASC,SG)	Mekki
Inflect piemónk | N;F;NOM(PL)	piemòncczi
Inflect Neapol | N;NOM(SG)	Neapòl
Inflect starostwo | N;GEN(SG)	starostwa
Inflect starostwo | N;NOM(SG,NEUT)	starostwo
Inflect Pùtnica | N;NOM(FEM,SG)	Pùtnica
Inflect antropologia | N;NOM(SG,FEM)	antropologia
Inflect Niebiańsczi | ADJ;MASC;PSS;PL	Niebiańsczi
Inflect nadzór | N;INS(SG)	nadzorã
Inflect pòwiesc | N;GEN(PL,MASC)	pòwiesców
Inflect òrganista | N;DAT(SG)	òrganistë
Inflect SwiãtosławaSygrëda | N;LOC;SG	SwiãtosławëSygrëdë
Inflect Dwiżnik | N;NOM(SG)	Dwiżnik
Inflect żëc | V;NFIN	żeje
Inflect swiątnica | N;DAT(FEM,SG)	swiątnicë
Inflect swiątnica | N;INS(SG)	swiątnicą
Inflect Pamiãtnik | N;NOM(SG)	Pamiãtnik
Inflect grunt | N;GEN(SG)	gruńtu
Inflect Dymin | N;VOC(SG)	Dymine
Inflect Nipponkoku | N;NOM(SG)	Nipponkoku
Inflect składnik | N;GEN(SG)	składnika
Inflect składnik | N;NOM(PL)	składniki
Inflect chwila | N;GEN(SG)	chwili
Inflect chwila | N;ACC(SG)	chwilã
Inflect figura | N;NOM(SG,FEM)	figura
Inflect komputer | N;NOM(SG)	komputer
Inflect zasada | N;LOC;PL	zasadach
Inflect Lech | N;GEN(MASC,SG)	Lecha
Inflect dzecny | ADJ;GEN(PL)	dzecnëch
Inflect zaprzãg | N;ACC(MASC,SG)	zaprzig
Inflect kliniczny | ADJ;ACC(FEM,SG)	kliniczné
Inflect kwiôt | N;VOC(PL)	kwiôtë
Inflect kwiôt | N;GEN(PL)	kwiôtów
Inflect swòjizna | N;DAT(PL)	swòjiznama
Inflect swòjizna | N;GEN(SG)	swòjiznë
Inflect Bajerowo | ADJ;NOM(FEM,SG)	Bajerowô
Inflect papirus | N;LOC;PL	papirusach
Inflect papirus | N;NOM(PL)	papirusë
Inflect Pelargonijô | N;NOM(SG)	Pelargonijô
Inflect dzëwiąti | ADJ;NOM(MASC,SG)	dzëwiąti
Inflect Ceramika | N;GEN(SG)	Ceramiki
Inflect długy | ADJ;NOM(PL,MASC,INAN)	dłudżié
Inflect Nieznanô | ADJ;NOM(FEM,SG)	nieznany
Inflect objawienie | N;NOM(NEUT,SG)	objawienie
Inflect pòmësłodôwcë | N;INS(SG)	pòmësłodôwcą
Inflect òdległosc | N;GEN(FEM,SG)	òdległoscë
Inflect suum | N;ACC(SG)	suum
Inflect drëkarnia | N;DAT(SG)	drëkarnie
Inflect batug | N;GEN(PL)	batugów
Inflect zawartość | N;FEM;SG	zawartość
Inflect Gwineja | N;NOM(SG)	Gwinejô
Inflect słowo | N;INS(PL)	słowama
Inflect zmiana | N;GEN(FEM,SG)	zmianë
Inflect diapozytiwa | N;LOC;PL	diapozytiwach
Inflect zależnota | N;FEM;SG	zależnotë
Inflect ADJ | ADJ;NOM(FEM,SG)	Cenkô
Inflect niebò | N;NOM(NEUT,SG)	niebò
Inflect niebò | N;INS(SG)	niebù
Inflect Angelica | N;NOM(FEM,SG)	Angelica
Inflect turkùsowòwi | ADJ;MASC;PSSV;SG	turkùswowi
Inflect pòwiôstka | N;LOC;DAT(PL)	pòwiòstkach
Inflect pòwiôstka | N;GEN(SG)	pòwiôstczi
Inflect pòwiôstka | N;NOM(SG,FEM)	pòwiôstka
Inflect rëba | N;ACC(SG)	rëbã
Inflect rëba | N;GEN(FEM,SG)	rëbë
Inflect rëba | N;INS(FEM,SG)	rëbëjidą
Inflect rëba | N;GEN(PL)	rëbów
Inflect Jablóń | N;GEN(PL)	Jablón
Inflect Białogłowski | ADJ;INS(MASC,SG)	Białogłowsczim
Inflect Bawarskô | ADJ;NOM(FEM,SG)	Bawarskô
Inflect wrażenié | N;NOM(SG)	wrażenié
Inflect strzidniowiecze | N;GEN(SG)	strzidniowiecza
Inflect gripa | N;ACC(SG)	gripã
Inflect gripa | N;NOM(PL)	gripë
Inflect zëma | N;NOM(SG)	Zëma
Inflect zesziwek | N;LOC;PL	zesziwkach
Inflect fòtograficzny | ADJ;INS(MASC,PL)	fòtograficznyma
Inflect Zamkòsc | N;ACC(SG)	Zamkòscą
Inflect Masyw | N;GEN(SG)	Masywù
Inflect brac | V;PST;MASC;SG	Brôł
Inflect ciwilizacëjô | N;NOM(SG)	ciwilizacëjo
Inflect swòrka | N;NOM(SG)	swòrka
Inflect Bójczi | N;NOM(PL)	Bójczi
Inflect spòlëzna | N;ACC(SG)	spòlëznã
Inflect spòlëzna | N;GEN(SG)	spòlëznë
Inflect wijąg | N;ACC(MASC,SG)	wijąg
Inflect mùndura | N;ACC(SG)	mùnduru
Inflect belladonna | N;NOM(SG)	belladonna
Inflect gnostëcczi | ADJ;GEN(MASC,PL)	gnostëcczich
Inflect Temida | N;NOM(SG,FEM)	Temida
Inflect jawernotô | N;ACC(PL)	jawernotë
Inflect zacwiardzenié | N;GEN(SG)	zacwiardzeniô
Inflect Pòtãg | N;NOM(PL)	Pòtãgòwie
Inflect pòwieska | N;LOC;PL	pòwiescach
Inflect przëmiara | N;NOM(SG)	przëmiôr
Inflect Miłośnik | N;GEN(PL)	Miłośników
Inflect zrzëszenié | N;INS(SG)	zrzëszenim
Inflect aktórka | N;GEN(SG)	aktórki
Inflect bieg | N;GEN(SG)	biegu
Inflect òkò | N;VOC(PL)	Òczë
Inflect przëdłëżenié | N;ACC(SG)	przëdłëżeniã
Inflect krënica | N;NOM(FEM,SG)	Krënica
Inflect Hala | N;GEN(PL)	Halen
Inflect Band | N;NOM(SG,MASC)	Band
Inflect Brodzik | N;NOM(SG)	Brodzik
Inflect arystyczny | ADJ;MASC;SG;LOC	aristicznym
Inflect pôłplëniô | N;GEN(SG)	pôłplëńsczi
Inflect Egipt | N;NOM(SG)	Egipt
Inflect Egipt | N;GEN(SG)	Egiptu
Inflect jedlëna | N;F;NOM(SG)	jedlëna
Inflect rozdac | V;INF	rozdac
Inflect farfara | N;NOM(FEM,SG)	farfara
Inflect óchrona | N;ACC(SG,FEM)	óchroną
Inflect Wschód | N;GEN(MASC,SG)	Wschòdu
Inflect pielniczka | N;NOM(FEM,SG)	pielniczka
Inflect sojusz | N;NOM(SG)	sojusz
Inflect żarno | N;NOM(FEM,PL)	żarna
Inflect przekład | N;M3;NOM(SG)	przekład
Inflect Stróg | N;VOC(SG)	Strôgô
Inflect kopa | N;NOM(SG)	kôpa
Inflect wdolina | N;LOC;PL	wdolinach
Inflect Pismò | N;GEN(SG)	Pisma
Inflect Pismò | N;DAT(SG)	Pismie
Inflect Wizytek | N;GEN(PL)	Wizytków
Inflect wzmòcnic | V;FUT;SG;3	wzmòcnic
Inflect pòeta | N;NOM(MASC,SG)	pòeta
Inflect parafia | N;NOM(PL)	parafié
Inflect pòwstanié | N;GEN(SG)	pòwstaniégò
Inflect pòwstanié | N;GEN(SG)	pòwstaniô
Inflect mòntaż | N;DAT(FEM,SG)	mòntażë
Inflect gãstota | N;ACC(SG)	gąsto
Inflect mól | N;NOM(SG)	moul
Inflect nôczãsczi | ADV;SUP	nôczãsczi
Inflect sprat | N;GEN(PL)	sprattus
Inflect Dwaseminnô | ADJ;NOM(FEM,SG)	Dwaseminnô
Inflect pòétny | ADJ;INS(SG,MASC)	pòétnym
Inflect pòétny | ADJ;NOM(FEM,SG)	pòétné
Inflect regùla | N;NOM(PL)	Regùlach
Inflect Słupia | N;NOM(SG)	Słupia
Inflect nôùcza | N;GEN(SG)	nôùce
Inflect drobny | ADJ;INS(PL,MASC)	drobnyma
Inflect Martinique | N;NOM(SG)	Martinique
Inflect apòkryphón | N;GEN(PL)	apòkryphon
Inflect sprôwiac | V;PPP;MP;PST	sprôwióny
Inflect maraton | N;VOC(SG)	maratonë
Inflect Pòlanón | N;NOM(PL)	Pòlanie
Inflect słuchac | V;SG;3;PRS	słëchù
Inflect nadrząd | N;MASC;SG;INST	nadrząd
Inflect kòpùlacëjô | N;ACC(SG)	kòpùlacëjã
Inflect aksamentny | ADJ;NOM(MASC,SG)	aksaméntni
Inflect Bòrdôk | N;NOM(SG)	Bòrdôk
Inflect Wafel | N;NOM(PL)	Wafle
Inflect Wigga | N;F;GEN(SG)	Wigg
Inflect romanticzny | ADJ;F;ACC(SG)	romanticzną
Inflect rozwój | N;GEN(SG)	rozwiju
Inflect probòszcz | N;INS(SG)	probòszczem
Inflect probòszcz | N;ACC(SG)	probòszczã
Inflect doleczënk | N;GEN(PL)	dolaczënków
Inflect stabilny | ADJ;NOM(FEM,SG)	stabilnô
Inflect Kirkòwsczi | ADJ;VOC(MASC,SG)	Kirkòwsczi
Inflect Zëmòwi | ADJ;NOM(MASC,SG)	Zëmòwi
Inflect Gondwana | N;ACC(SG)	Gondwanë
Inflect transpòrt | N;GEN(SG)	transpòrtu
Inflect wãdzëbôcz | N;PL	wãdzëbôczi
Inflect produkcja | N;NOM(SG)	produkcja
Inflect produkcja | N;GEN(SG)	produkcji
Inflect strzédny | ADJ;GEN(PL,MASC)	strzédnych
Inflect strzédny | ADJ;INS(MASC,SG)	strzédnym
Inflect strzédny | ADJ;ACC(MASC,PL)	strzédnëch
Inflect strzédny | ADJ;NOM(FEM,SG)	strzédnô
Inflect Pruszków | N;LOC;SG	Pruszkòwie
Inflect Katrënka | N;GEN(SG)	Katrënczi
Inflect ùderzenié | N;GEN(SG)	ùderzenia
Inflect parzënka | N;F;NOM(SG)	parzënka
Inflect òkrąg | N;LOC;PL	òkrãżach
Inflect Ambrogiô | N;NOM(SG)	Ambrogiô
Inflect òpiéra | N;F;NOM(SG)	òpiérȏ
Inflect refòrma | N;GEN(SG)	refòrmacëji
Inflect apartny | ADJ;GEN;NOM(PL,MASC)	apartnych
Inflect apartny | ADJ;INS(MASC,SG)	apartnym
Inflect apartny | ADJ;NOM(FEM,SG)	apartné
Inflect apartny | ADJ;ACC(MASC,PL)	apartnëch
Inflect apartny | ADJ;NOM(FEM,SG)	apartnô
Inflect òsobnë | ADJ;GEN(PL,MASC,ANIM)	òsóbnëch
Inflect tãg | V;NFIN	tãga
Inflect zwãk | N;NOM(SG)	Zwãk
Inflect kraj | N;NOM(SG)	kraj
Inflect kraj | N;LOC;PL	krajach
Inflect szczawa | N;NOM(SG,FEM)	szczawa
Inflect dzéckò | N;VOC(SG)	dzécë
Inflect kòzeł | N;NOM(PL)	Kòzłë
Inflect Corylus | N;NOM(SG)	Corylus
Inflect prôca | N;ACC(SG)	prôcëją
Inflect strzéla | V;IMP;SG;2	strzél
Inflect przëmiónk | N;GEN(PL)	przëmiónków
Inflect stój | V;IMP;2;SG	stój
Inflect wątornik | N;NOM(SG)	wątornik
Inflect pisklę | N;GEN(PL)	piskląt
Inflect dziń | N;LOC;PL	dniach
Inflect żeberkòwòkrziżewi | ADJ;ACC(FEM,SG)	żeberkòwòkrziżewą
Inflect pomorski | ADJ;GEN(MASC,SG)	pomorskiego
Inflect Czasoprzestrzéń | N;NOM(SG)	Czasoprzestrzéń
Inflect Bambérg | N;GEN(MASC,SG)	Bambérga
Inflect prowadniczk | N;INS(FEM,SG)	prowadnikã
Inflect Magda | N;NOM(FEM,SG)	Magda
Inflect krzëkwa | N;NOM(FEM,PL)	krzëkwë
Inflect mùlka | N;NOM(FEM,SG)	mùlka
Inflect smaczk | ADJ;NOM(MASC,PL)	smaczczi
Inflect smaczk | N;F;ACC(SG)	smaczkã
Inflect winda | N;NOM(SG,FEM)	Wind
Inflect bënowa | ADJ;IND;GEN(PL,MASC)	bënowëch
Inflect Krósewò | N;NOM(SG)	Krósewò
Inflect miech | N;NOM(MASC,SG)	miech
Inflect miech | N;INS(SG)	miechã
Inflect bezpòstrzédny | ADJ;INS(MASC,PL)	bezpòstrzédnyma
Inflect pierwszi | ADJ;INS;NOM(PL,MASC)	pierwszymi
Inflect zdrzódło | N;NOM(SG)	zdrzódło
Inflect rezerwarzë | N;DAT(SG)	rezerwùarze
Inflect cëkrownictwò | N;NOM(NEUT,SG)	cëkrownictwò
Inflect krajôcz | N;NOM(FEM,PL)	krajowczi
Inflect Pùńkt | N;NOM(PL)	Pùńktë
Inflect helioskopia | N;NOM(SG)	helioscopia
Inflect Mrocza | N;NOM(SG)	Mrocza
Inflect familiô | N;DAT(SG)	familëji
Inflect aùtenticzny | ADJ;DAT(MASC,PL)	aùtenticznëch
Inflect czëda | N;ACC(FEM,SG)	czëdë
Inflect pùrcel | N;NOM(PL)	pùrcle
Inflect klôsztór | N;LOC;PL	klôsztorach
Inflect nôgłô | ADJ;ACC(FEM,SG)	nôgle
Inflect kòmùnalny | ADJ;GEN(MASC,SG)	kòmùnalnégò
Inflect gard | N;ACC(SG)	Gardu
Inflect diecezja | N;GEN(SG)	diecezëji
Inflect Vratislavia | N;NOM(SG)	Vratislavia
Inflect wieża | N;ACC(SG)	wieżã
Inflect wieża | N;INST;SG	wieżą
Inflect Flagowy | ADJ;GEN(MASC,PL)	Flagowych
Inflect równy | ADJ;NOM(SG,NEUT)	Równo
Inflect kluczowi | ADJ;GEN(MASC,PL)	kluczowich
Inflect pôrk | N;F;NOM(SG)	pôrka
Inflect torfòwiszcze | N;GEN(SG)	torfòwiszcza
Inflect maklënk | N;NOM(SG)	maklënk
Inflect brzózka | N;NOM(FEM,SG)	brzózka
Inflect brzózka | N;F;INS(PL)	brzózkama
Inflect gitara | N;GEN(PL)	gitarów
Inflect jezoro | N;NOM(SG)	jezór
Inflect jezoro | N;DAT(SG)	jezórze
Inflect epòpeja | N;GEN(FEM,SG)	epòpeje
Inflect Czerwiã | ADJ;NOM(FEM,SG)	Czerwònô
Inflect rekònstrukcëjô | N;GEN(SG)	rekònstrukcëji
Inflect Magnoliophytina | N;NOM(PL)	Magnoliophytina
Inflect słuńcë | ADJ;NOM(FEM,SG)	słuńcowô
Inflect ùwôżónié | V;NFIN;PRS	ùwôżanié
Inflect cyfra | N;GEN(PL)	cyframa
Inflect Chalcedon | N;NOM(SG)	Chalcedon
Inflect człowjék | N;DAT(SG)	człowiekù
Inflect błóna | N;GEN(SG)	błoné
Inflect rozbùdowiwac | V;INF	rozbùdowiwac
Inflect Rówizna | N;NOM(PL)	Rówiznë
Inflect ADJ | ADJ;ACC(FEM,SG)	bënową
Inflect lëczëbnota | N;NOM(PL)	lëczëbnotë
Inflect brzëch | N;NOM(MASC,SG)	brzëch
Inflect brzëch | N;GEN(SG)	brzëcha
Inflect Pelplin | N;SG	Pelplin
Inflect Pelplin | N;LOC;SG	Pelplinie
Inflect Pelplin | N;LOC;SG	Pelplënie
Inflect Kòrejani | N;NOM(PL,MASC)	Kòrejanie
Inflect sarc | N;GEN(FEM,SG)	sarka
Inflect pòtrzebny | ADJ;NOM(MASC,SG)	pòtrzebny
Inflect Chôłmżëńsczi | ADJ;INS(MASC,SG)	Chôłmżëńsczim
Inflect Wëraz | N;INS(SG)	Wërazã
Inflect semestr | N;GEN(PL)	semestrów
Inflect mnieszima | ADJ;ACC(FEM,SG)	mniészima
Inflect Solnica | N;NOM(SG)	Solnica
Inflect òkrãgłô | ADJ;NOM(FEM,SG)	òkrãgłô
Inflect teritorialny | ADJ;ACC(FEM,SG)	teritorialną
Inflect pòlskòruskô | ADJ;ACC(FEM,PL)	pòlskòrusczé
Inflect pòlskòruskô | ADJ;NOM(FEM,SG)	pòlskòruskô
Inflect Melanitta | N;F;NOM(SG)	Melanitta
Inflect pòréncznychćk | ADJ;NOM(FEM,SG)	pòréncznô
Inflect rozrastać | V;NFIN	rozrastac
Inflect Swiãtopôłk | N;INST;SG	Swiãtopôłkiem
Inflect Frãcëszk | N;NOM(MASC,SG)	Frãcëszk
Inflect kòrzeń | N;GEN(SG)	kòrzénia
Inflect òperacjô | N;DAT(SG)	òperacje
Inflect strzednica | N;NOM(PL)	strzednicë
Inflect ùdzél | N;GEN(SG)	ùdzélu
Inflect ùcznik | N;DAT(SG)	ùczniém
Inflect paczka | N;NOM(PL)	paczczi
Inflect grzëmòta | N;MASC;INTS;SG	grzëmòt
Inflect òbzérac | V;INF	òbzérac
Inflect przedsãbiérca | N;ACC(SG)	przedsãbiércã
Inflect dodôwkòwi | ADJ;NOM(PL,MASC)	dodôwkòwé
Inflect kłopòt | N;NOM(SG)	kłopòt
Inflect bëła | V;PRS;3;SG	bęła
Inflect Tatczëzna | N;NOM(SG)	Tatczëzna
Inflect Tatczëzna | N;DAT(SG)	Tatczëznie
Inflect òwca | N;NOM(PL)	Òwczi
Inflect ksążëczi | N;GEN(PL)	ksążëczich
Inflect stoleczny | ADJ;INS(MASC,SG)	stolecznym
Inflect Kartësczi | ADJ;NOM(MASC,PL)	Kartësczi
Inflect skansen | N;NOM(SG)	skansen
Inflect ùrozmaicëc | V;INF	ùrozmaicëc
Inflect szczëtk | N;NOM(PL)	szczëczi
Inflect Gdôńsk | N;NOM(SG,MASC)	Gdôńsk
Inflect osobliwi | ADJ;NOM(MASC,SG)	osobliwe
Inflect znôwu | ADV	znôwu
Inflect Kòszôłka | N;NOM(FEM,SG)	Kòszôłka
Inflect problem | N;NOM(SG)	problem
Inflect problem | N;INS(PL)	problemama
Inflect bëc | V;PST;3;PL	bëłë
Inflect filologiô | N;ACC(SG)	filologiã
Inflect lata | N;LOC;PL	lôtach
Inflect przënôleżny | ADJ;VOC(MASC,SG)	przënôleżnëch
Inflect mètra | N;GEN(FEM,SG)	métra
Inflect gromowka | N;ACC(SG)	gromówkã
Inflect nôtëralni | ADJ;NOM(FEM,SG)	nôtëralno
Inflect Drobnokwiatowi | N;DAT(SG,MASC)	Drobnokwiatowi
Inflect Szefka | N;NOM(FEM,SG)	Szefka
Inflect pedel | N;GEN(MASC,PL)	pedalów
Inflect nôród | N;NOM(MASC,SG)	nôrod
Inflect artystyczny | ADJ;INS(MASC,SG)	artystycznym
Inflect dopasowóny | ADJ;NOM(FEM,SG)	dopasowónô
Inflect Jakùbòwskô | ADJ;NOM(FEM,SG)	Jakùbòwskô
Inflect amatorsczi | ADJ;INS(MASC,SG)	amatorsczim
Inflect rozegracëjô | N;DAT(SG)	rozegracëje
Inflect namòwa | N;ACC(SG)	namòwą
Inflect szlabizogram | N;GEN(PL)	szlabizogramów
Inflect binô | N;ACC(SG,FEM)	binã
Inflect Rezerwat | N;NOM(SG)	Rezerwat
Inflect dzëba | N;NOM(MASC,SG)	dzëb
Inflect przëbòczëwiôk | N;NOM(SG,MASC)	przëbócziwô
Inflect błona | N;GEN(FEM,SG)	błonë
Inflect nôród | N;NOM(MASC,SG)	nôrôd
Inflect przëpòminac | V;INF	przëpòminac
Inflect kòmitétò | N;DAT(SG)	kòmitet
Inflect bilet | N;M3;NOM(SG)	bilet
Inflect bilet | N;VOC(PL)	bilietë
Inflect pnąc | V;NFIN	pnąc
Inflect Serbiô | N;NOM(SG,FEM)	Serbiô
Inflect kòronacëjô | N;GEN(SG)	kòronacjë
Inflect karczma | N;NOM(SG)	karczma
Inflect karczma | N;GEN(SG)	karczmë
Inflect patrijarchat | N;NOM(SG)	patrijarchat
Inflect róg | N;M3;GEN(SG)	rogù
Inflect czerënk | N;LOC;PL	czerënkach
Inflect czerënk | N;GEN(PL)	czerënków
Inflect debiut | N;NOM(SG)	debiut
Inflect pòdrodzëzna | N;GEN(SG)	pòdrodzëznë
Inflect zdrzódł | N;GEN(PL)	zdrzódłów
Inflect côrozkã | N;ACC(SG)	côrozkã
Inflect kùrz | N;LOC;SG	kùrze
Inflect spiéwónka | N;DAT(PL)	spiéwónkòm
Inflect gwiżdżać | V;IMP;PF	gwiżdż
Inflect Kowalski | N;NOM(SG,MASC)	Kowalski
Inflect Mozart | N;NOM(SG)	Mozart
Inflect Mozart | N;GEN(SG,MASC)	Mozarta
Inflect zwãk | N;NOM(PL)	zwãczi
Inflect zwãk | N;NOM(MASC,SG)	zwãk
Inflect zwãk | N;INST;PL	zwãkama
Inflect Napôd | N;NOM(SG)	Napôd
Inflect Arab | N;NOM(PL)	Arabowie
Inflect òdkòpac | V;PFV;TR;INF	òdkòpac
Inflect wôżnoce | N;ACC(PL)	wôżnoce
Inflect imperium | N;NOM(SG,NEUT)	imperium
Inflect Pòlôszka | N;GEN(FEM,SG)	Pòlaszczi
Inflect chójka | N;NOM(SG)	chójka
Inflect chójka | N;ACC(SG)	chójkã
Inflect wëzwëskanié | N;INS(SG)	wëzwëskaniém
Inflect pisc | V;NFIN	pisa
Inflect Pòmòrzan | N;GEN(PL)	Pòmòrzanów
Inflect brómk | N;GEN(PL)	brómków
Inflect pòwierzchnia | N;ACC(SG)	pòwierzchniã
Inflect Potem | ADV	Potemu
Inflect chër | N;INS(SG,FEM)	chërą
Inflect Wëcygnąc | V;NONFIN;IMPV	Wëcygni
Inflect wòjewództwo | N;NOM(PL)	wòjewództwa
Inflect łużickô | ADJ;NOM(FEM,SG)	łużickô
Inflect zjëc | V;NFIN	zjôdô
Inflect pòmalë | ADV	pòmalë
Inflect pas | N;INS(SG,MASC)	pasem
Inflect Italy | N;DAT(SG,FEM)	Italji
Inflect jinicjatiwa | N;GEN(SG)	jinicjatiwë
Inflect lëdze | N;LOC;PL	lëdzach
Inflect hipòteza | N;NOM(SG)	hipòteza
Inflect wësziwk | N;ACC(SG)	wësziwk
Inflect wësziwk | N;GEN(SG)	wësziwkù
Inflect liturgia | N;ACC(SG)	liturgią
Inflect zaczarowac | V;NFIN	zaczarowóé
Inflect lubòta | N;ACC(PL)	lubòtë
Inflect Kawa | N;NOM(FEM,SG)	Kawa
Inflect kònferencjô | N;GEN(PL)	kònferencjów
Inflect Òstrzëce | N;F;NOM(PL)	Òstrzëce
Inflect wies | N;GEN(SG)	wsowi
Inflect Swina | N;F;NOM(SG)	Swiniô
Inflect laùreatka | N;ACC(FEM,SG)	laùreatką
Inflect klasiczny | ADJ;NOM(FEM,SG)	Klasicznô
Inflect Friderik | N;NOM(SG,MASC)	Friderik
Inflect Friderik | N;DAT(SG,MASC)	Friderikòwi
Inflect nowy | ADJ;NOM(SG,MASC)	nowy
Inflect Dërgnienié | N;NOM(SG)	Dërgnienié
Inflect zdanim | N;INS(SG)	zdanim
Inflect Wòlny | ADJ;NOM(MASC,SG)	Wòlny
Inflect krajińsczi | ADJ;INS(MASC,SG)	krajińsczim
Inflect krajińsczi | ADJ;VOC(MASC,SG)	krajińsczé
Inflect cywilizacëjô | N;GEN(SG)	cywilizacji
Inflect cywilizacëjô | N;GEN(PL)	cywilizacëjów
Inflect Krakòw | N;GEN(SG)	Krakòwa
Inflect sąsiedztwo | N;GEN(SG)	sąsedztwa
Inflect sąsiedztwo | N;LOC;SG;NEUT	sąsedztwie
Inflect frantówka | N;ACC(SG)	frantówkã
Inflect frantówka | N;GEN(PL)	frantówków
Inflect wòżenié | N;GEN(SG)	wòżeniô
Inflect pierwiastk | N	pierwiôstk
Inflect pierwoszno | ADJ;NOM(FEM,SG)	pierwoszno
Inflect stark | N;ACC(MASC,SG)	starkù
Inflect Łeba | N;ACC(SG)	Łebą
Inflect kòscelny | ADJ;NOM(MASC,SG)	kòscelny
Inflect kòscelny | ADJ;FEM;SG	kòscelné
Inflect kòscelny | ADJ;NOM(FEM,SG)	kòscelnô
Inflect cëchi | ADJ;NOM(MASC,SG)	tich
Inflect czapla | N;NOM(SG)	czapla
Inflect dzeło | N;GEN(PL)	dzełów
Inflect Kruzowi | ADJ;NOM(FEM,SG)	Kruzowatô
Inflect smiertelny | ADJ;DAT(MASC,PL)	smiertelnych
Inflect Władisłôw | N;NOM(SG)	Władisłôw
Inflect Sama | ADJ;NOM(FEM,SG)	Sama
Inflect pòkrocznómëch | ADJ;GEN(MASC,PL)	pòkrocznëch
Inflect Pòmórka | N;DIM;VOC(SG)	Pòmòrzkù
Inflect zdarzenie | N;GEN(PL)	zdarzeniów
Inflect Pòlanów | N;GEN(PL)	Pòlanów
Inflect Biebrza | N;INST;SG	Biebrzą
Inflect zbòżé | N;ACC(SG)	zbòżô
Inflect dôsc | ADV	Dosc
Inflect teleskop | N;GEN(SG)	teleskòpù
Inflect kòralowô | ADJ;NOM(FEM,SG)	kòralowô
Inflect dzëdzón | N;NOM(SG)	dzëdzón
Inflect Strasburg | N;NOM(SG)	Strasburg
Inflect Strasburg | N;GEN(MASC,SG)	Strasburgu
Inflect pasterz | N;DAT(SG)	pasturze
Inflect pisklã | N;ACC(SG)	pisklã
Inflect wënëkańc | V;INF	wënëkańcã
Inflect zabùdowa | N;ACC(SG)	zabùdowã
Inflect kaléndarz | N;NOM(SG)	Kalendarz
Inflect òbrôz | N;DAT(SG)	òbrôzã
Inflect òbrôz | N;GEN(PL)	òbrôzów
Inflect nôbòżéństwò | N;GEN(SG)	nôbòżéństwa
Inflect wspòmòżycél | N;GEN(PL)	wspòmòżycelów
Inflect wësłôw | V;IMP;PL;FUT	wësłôwów
Inflect rëszny | ADJ;GEN(PL,MASC)	rësznych
Inflect fòtografija | N;GEN(SG)	fòtografii
Inflect fòtografija | N;INS(PL)	fòtografijama
Inflect fòtografija | N;GEN(SG)	fòtografiji
Inflect adlãdzëc | V;NFIN	adlãdzëc
Inflect òbłôk | N;M3;NOM(SG)	òbłôk
Inflect Harmonia | N;NOM(SG)	Harmonia
Inflect niechęć | N;NOM(SG)	niechęc
Inflect òbrócëc | V;INF	òbrócëc
Inflect węgierski | ADJ;NOM(FEM,SG)	węgierskô
Inflect peplón | N;ACC(MASC,SG)	peplón
Inflect Skarszewë | N;NOM(PL)	Skarszewë
Inflect imię | N;NOM(SG)	imię
Inflect klôsztór | N;GEN(SG)	klôsztoru
Inflect klôsztór | N;PL	klôsztorë
Inflect klôsztór | N;NOM(SG)	klôsztór
Inflect klôsztór | N;NOM(SG,MASC)	klôsztôr
Inflect òstróm | N;GEN(FEM,SG)	òstrowa
Inflect gromada | N;NOM(SG,FEM)	gromada
Inflect gromada | N;INS(PL)	gromadama
Inflect gromada | N;ACC(SG)	gromadë
Inflect gromada | N;GEN(PL)	gromadów
Inflect rôdzëc | V;NFIN	rôdze
Inflect Kòscół | N;NOM(SG)	Kòscół
Inflect Szparąg | N;NOM(SG,MASC)	Szparaga
Inflect Astrònomiczny | ADJ;INS(MASC,SG)	Astronomicznym
Inflect fùnksnérowanié | N;LOC;SG	fùnksnérowaniu
Inflect Niemcama | N;DAT(PL,MASC)	Niemcama
Inflect skala | N;ACC(SG)	skalë
Inflect łączenie | N;LOC;PL	łączeniach
Inflect grób | N;M3;NOM(SG)	grób
Inflect Niemiec | N;ACC(PL)	Miemców
Inflect saxofonista | N;NOM(SG)	saxofonista
Inflect znôw | ADV	znôw
Inflect pôłniowòamerikańsczi | ADJ;VOC(MASC,SG)	pôłniowòamerikańsczi
Inflect stacja | N;LOC;PL	stancjach
Inflect stacja | N;VOC(SG)	stancje
Inflect zrzeszony | ADJ;MASC;PL;LOC	zrzeszonych
Inflect litr | N;GEN(PL)	litrów
Inflect receptor | N;GEN(PL)	receptorów
Inflect ùwaga | N;GEN(SG)	ùwadzi
Inflect ùwaga | N;GEN(SG)	ùwadżi
Inflect spisac | V;PST;M;SG	spisôł
Inflect Kolorado | N;NOM(SG)	Kolorado
Inflect jinšy | ADJ;NOM(MASC,PL)	Inszi
Inflect dalszi | ADJ;NOM(FEM,SG)	dalszô
Inflect Gama | N;GEN(PL)	Gams
Inflect trzebic | V;INF	trzebic
Inflect bòcënk | N;DAT(MASC,SG)	bòcónk
Inflect Czerwona | ADJ;NOM(FEM,SG)	Czerwona
Inflect twardi | ADJ;NOM(MASC,SG)	twardi
Inflect twardi | ADJ;NOM(FEM,SG)	twardé
Inflect rut | N;F;INS(SG)	rutą
Inflect móc | V;1;PL;PRS	mómë
Inflect gnôt | N;NOM(PL)	gnôtë
Inflect gnôt | N;GEN(PL)	gnôtów
Inflect kònwent | N;NOM(SG)	kònweńt
Inflect dzejnôta | N;NOM(SG)	dzejnotë
Inflect kwitná | V;IMP;3;PL	kwitną
Inflect Wejmar | N;LOC;SG	Weimarze
Inflect knòp | N;GEN(PL)	knòpów
Inflect islandzczi | ADJ;NOM(MASC,SG)	islandzczi
Inflect tołmaczony | ADJ;NOM(PL,MASC)	tołmaczoné
Inflect spòsobiôrz | N;NOM(PL)	spòsobiôrzë
Inflect kònserwatiwny | ADJ;ACC(FEM,PL)	kònserwatiwné
Inflect Dzërzgóń | N;NOM(SG)	Dzërzgóń
Inflect seksja | N;ACC(SG)	sekcjã
Inflect romanticzni | ADJ;NOM(FEM,SG)	romanticznô
Inflect Kukówczëzna | N;NOM(SG)	Kukówczëzna
Inflect ùdowierzenie | N;GEN(SG)	ùdowierzenia
Inflect gòticczi | ADJ;ACC(FEM,PL)	gòticczé
Inflect ekòniczny | ADJ;NOM(FEM,SG)	ekònomicznô
Inflect Sprawiedlëwòtë | N;GEN(FEM,SG)	Sprawiedlëwòtë
Inflect kapsa | N;LOC;PL	kapsëdach
Inflect Wërôbiôc | V;IPFV;IND;NFIN	Wërôbiają
Inflect ùznanie | N;GEN(SG)	ùznania
Inflect Przemysław | N;GEN(MASC,PL)	Przemyslidów
Inflect czãdzëc | V;NFIN;INF	cządã
Inflect zychrowëjący | V;VPRES;NFIN	zychrowùjącé
Inflect Cél | N;ACC(SG)	Célã
Inflect łb | N;LOC;SG	łbie
Inflect Éùropejsczi | ADJ;NOM(MASC,SG)	Éùropejsczi
Inflect stôrożëtnô | ADJ;INS(MASC,SG)	sttôrożëtnim
Inflect przërównac | V;INF	przërównac
Inflect Zgromadzenié | N;GEN(SG)	Zgromadzeniô
Inflect reklama | N;LOC;SG	reklamie
Inflect reklama | N;ACC(SG)	reklamë
Inflect Romana | N;GEN(FEM,SG)	Romana
Inflect złożony | ADJ;NOM(MASC,SG)	złożony
Inflect krepel | N;NOM(PL)	kreple
Inflect dzelnica | N;ACC(SG)	dzelnicã
Inflect wdôra | N;ACC(SG)	Wdôr
Inflect Wisełka | N;GEN(PL)	Wisełczi
Inflect spiéwanié | N;NOM(NEUT,SG)	spiéwanié
Inflect bùrbòńsczi | ADJ;MASC;PL;LOC	bùrbòńsczich
Inflect gbùr | N;GEN(MASC,PL)	gbùrów
Inflect ùbòdzëk | ADJ;GEN(PL,MASC,ANIM)	ùbòdżich
Inflect sroka | N;GEN(SG)	sroczi
Inflect Eurpejsczi | ADJ;GEN(MASC,SG)	Eurpejsczégò
Inflect Krziżók | N;GEN(PL)	Krziżôków
Inflect Wësztôłcenié | N;NOM(SG)	Wësztôłcenié
Inflect lës | N;VOC(SG)	lësë
Inflect pedagògiczny | ADJ;NOM(MASC,SG)	pedagògiczny
Inflect tancôrz | N;GEN(PL)	tancôrzów
Inflect sztãpel | N;ACC(MASC,SG)	sztãpòr
Inflect petarda | N;GEN(PL)	petardów
Inflect reprezentant | N;NOM(MASC,SG)	reprezentant
Inflect reprezentant | N;INS(PL)	reprezentantama
Inflect mòck | ADJ;ACC(FEM,SG)	mòckò
Inflect wórtnotô | N;DAT(PL)	wôrtnotë
Inflect pòtómk | N;NOM(SG)	pòtómk
Inflect stołc | N;GEN(PL,MASC)	stolemów
Inflect fabólny | ADJ;NOM(MASC,SG)	fabùlarny
Inflect wòlnotë | N;ACC(SG)	wòlnotã
Inflect Zabrze | N;NOM(SG)	Zabrze
Inflect roscëznowac | V;NFIN	roscëznowé
Inflect królewsczi | ADJ;VOC(MASC,SG)	królewsczi
Inflect królewsczi | ADJ;INS(MASC,SG)	królewsczim
Inflect kąpiela | N;PL	kąpielé
Inflect słowiańsczi | ADJ;NOM(MASC,SG)	słowiańsczi
Inflect sportowy | ADJ;GEN(PL,MASC)	sportowych
Inflect Edinbùrg | N;GEN(SG)	Edinbùrgù
Inflect zwëk | N;NOM(PL)	zwëczi
Inflect Hawaje | N;LOC;PL	Hawajach
Inflect eliminacja | N;GEN(SG)	eliminacji
Inflect kaszëbskôsc | N;GEN(PL)	kaszëbskòscë
Inflect Nowozelandzczi | ADJ;NOM(MASC,PL)	Nowozelandzczi
Inflect szëm | N;ACC(SG)	szëmi
Inflect szëm | N;GEN(PL)	szëmów
Inflect porzeczka | N;NOM(SG)	porzeczka
Inflect sredni | ADV	srednio
Inflect pùblicistika | N;GEN(SG)	pùblicysticzi
Inflect matematyka | N;GEN(SG)	matematyki
Inflect dzëckò | N;NOM(NEUT,SG)	dzëckò
Inflect żniwa | N;F;NOM(SG)	żnija
Inflect żniwa | N;ACC(SG)	żnijã
Inflect samim | ADJ;F;INS(SG)	samima
Inflect Nowô | ADJ;NOM(FEM,SG)	nowô
Inflect Wydawnictwo | N;NOM(SG,NEUT)	Wydawnictwo
Inflect Salza | N;NOM(FEM,SG)	Salza
Inflect Wiszónk | N;NOM(MASC,SG)	Wiszónk
Inflect grańca | N;F;NOM(SG)	Grańczë
Inflect dać | V;3;PL;PRS	dają
Inflect pòl | N;ACC(SG)	pôla
Inflect Czëpnica | N;F;NOM(SG)	Czëpnica
Inflect kòralowc | N;VOC(SG)	kòralowca
Inflect katedra | N;FEM;SG;LOC	katédrze
Inflect nalézec | V;PST;1;PL	nalézemë
Inflect kòrëtk | N;DAT(SG)	kòrëtkù
Inflect zjéżdżalniô | N;FEM;SG	zjéżdżalniô
Inflect ùdbón | N;GEN(PL)	ùdbóny
Inflect bòcëna | N;NOM(PL)	bòczi
Inflect wielelatno | ADJ;NOM(FEM,SG)	wielelatnô
Inflect cekawò | ADJ;NOM(FEM,SG)	cekawô
Inflect miła | N;ACC(SG)	milą
Inflect ôrt | N;LOC;PL	ôrtach
Inflect Widła | N;NOM(PL)	Widłë
Inflect gips | N;GEN(SG)	gipsu
Inflect Nënka | N;NOM(SG,FEM)	Nënka
Inflect wëprowadzac | V;PST;3;PL	wëprowôdzelë
Inflect Młodość | N;NOM(SG)	Młodość
Inflect pòl | N;ACC(SG)	pòlach
Inflect pjerszi | ADJ;NOM(MASC,SG)	Pierwszi
Inflect malbrónka | N;NOM(FEM,SG)	malbrónka
Inflect wielgòsc | N;GEN(FEM,SG)	wielgòscë
Inflect wałac | V;NFIN	wała
Inflect mir | N;GEN(SG)	miru
Inflect wëdostac | V;NFIN	wëdostónie
Inflect cãżôrc | N;NOM(SG,MASC)	cãżôr
Inflect płëta | N;GEN(PL)	płitow
Inflect sztrãd | N;ACC(MASC,PL)	sztrãd
Inflect zbòżé | N;NOM(SG)	zbòże
Inflect Zelna | ADJ;ACC(FEM,SG)	Zelną
Inflect Przëczëna | N;ACC(SG)	Przëczëną
Inflect Zbôwca | N;INS(MASC,SG)	Zbôwcą
Inflect fìzëcznô | ADJ;ACC(FEM,SG)	fizyczną
Inflect Dmùchawa | N;NOM(FEM,SG)	Dmùchawa
Inflect sëty | ADJ;NOM(MASC,SG)	sativus
Inflect Ryszard | N;NOM(MASC,SG)	Ryszard
Inflect Godescalc | N;NOM(MASC,SG)	Godescalco
Inflect cénka | ADJ;ACC(FEM,SG)	cenką
Inflect dimorfizm | N;GEN(SG)	dimorfizmu
Inflect dzecné | ADJ;ACC(FEM,SG)	dzecné
Inflect żaba | N;NOM(FEM,PL)	żabë
Inflect bùlewnô | ADJ;NOM(FEM,SG)	bùlewnô
Inflect Zawòłanié | V;NFIN	Zawòłanié
Inflect książka | N;INS(PL)	ksążkami
Inflect Kamień | N;NOM(SG)	Kamień
Inflect Zrzësz | V;IMP;2;SG	Zrzësz
Inflect pòkôz | V;IMP;SG;2	pòkôz
Inflect dobrô | ADJ;NOM(FEM,SG)	Dobrô
Inflect głod | N;GEN(SG)	głodu
Inflect Złote | ADJ;INS(MASC,SG)	Złotym
Inflect zajëmnic | N;DAT(FEM,SG)	zajëmniãti
Inflect stëmiannik | N;GEN(SG)	stëmiannika
Inflect Łajming | N;DAT(SG)	Łajming
Inflect czas | N;LOC;PL	czasach
Inflect czas | N;LOC;SG;M3	czase
Inflect czas | N;INS(SG)	czasem
Inflect czas | N;GEN(SG)	czasu
Inflect czas | N;INS(SG)	czasã
Inflect czas | N;GEN(SG,MASC)	czasë
Inflect czas | N;GEN(PL)	czasòw
Inflect czas | N;GEN(PL)	czasów
Inflect czas | N;GEN(SG)	czasù
Inflect gard | N;LOC;PL	gardach
Inflect gard | N;INST;PL;F	gardami
Inflect òdnowienié | N;NEUT;SG	òdnowienié
Inflect òdnowienié | N;INS(SG)	òdnowieniém
Inflect stwierdzenié | N;NOM(NEUT,SG)	stwierdzenié
Inflect bezpiecznô | ADJ;FEM;SG	bezpieczny
Inflect roslëna | N;NOM(PL)	roslënë
Inflect przedstawionô | ADJ;NOM(FEM,SG)	przedstawionô
Inflect miesączny | ADJ;NOM(FEM,SG)	miesãcznô
Inflect wikôr | N;INS(SG)	wikarym
Inflect pôcôrz | N;GEN(SG)	pôcérza
Inflect Norman | N;NOM(SG)	Norman
Inflect pani | N;NOM(FEM,SG)	pani
Inflect pani | N;ACC(SG)	panią
Inflect parmiéń | N;NOM(MASC,SG)	parmiéń
Inflect Lipiec | N;NOM(SG)	Lipiec
Inflect Filomata | N;GEN(PL)	Filomatów
Inflect òbkrãcenié | N;GEN(SG)	òbkrãceniô
Inflect Serbò | N;LOC;SG;MASC	Serbie
Inflect pòczątek | N;GEN(PL)	pòczątków
Inflect kwitnąć | V;3;PL;PRS	Zakwitają
Inflect Gód | N;NOM(PL)	Gòdë
Inflect néżka | N;GEN(SG)	néżczi
Inflect cygnienié | N;GEN(PL)	cygniéń
Inflect doba | N;NOM(SG)	doba
Inflect synecznik | N;GEN(SG)	synecznika
Inflect jednym | ADV	jedniegò
Inflect zôpis | N;GEN(PL,MASC)	zôpisów
Inflect Cëkrzany | N;NOM(PL)	Cëkrzany
Inflect żyda | N;GEN(PL)	Żëdów
Inflect gòspòdarka | N;GEN(SG)	gòspòdarczi
Inflect Òficjalny | ADJ;NOM(FEM,SG)	Òficjalno
Inflect nudla | N;NOM(PL)	Nudle
Inflect wëdzélowanié | N;LOC;SG	wëdzéliwaniu
Inflect pniu | N;GEN(PL)	pniu
Inflect doktórski | ADJ;ACC(FEM,SG)	dochtórską
Inflect państwo | N;ACC(SG)	panstwã
Inflect Solankòwy | ADJ;NOM(MASC,SG)	Solankòwy
Inflect sztof | N;ACC(MASC,SG)	sztofù
Inflect Ossolineum | N;NOM(SG)	Ossolineum
Inflect kòlina | N;GEN(PL)	kòlón
Inflect wieleletni | ADJ;GEN(MASC,PL)	wielelatnëch
Inflect zlodzej | N;DAT(PL)	zlodzenim
Inflect òpòwiesc | N;DAT(PL)	òpòwiescach
Inflect òpòwiesc | N;GEN(PL,MASC)	òpòwiesców
Inflect Opatrzność | N;GEN(SG)	Opatrzności
Inflect małi | ADJ;NOM(FEM,SG)	mała
Inflect kłoc | N;NOM(SG)	kłocô
Inflect nieùchronni | ADV	nieùchronnie
Inflect biologiczny | ADJ;MASC;PSS;SG	biologiczny
Inflect Mrzeża | N;NOM(SG)	Mrzeża
Inflect ùrodzny | ADJ;NOM(MASC,SG)	ùrodzony
Inflect stãżenie | N;NT;NOM(SG)	stãżenie
Inflect òrganméster | N;GEN(PL)	òrganmésterów
Inflect mieszczanin | N;M1;NOM(SG)	mieszczanin
Inflect mòda | N;GEN(FEM,SG)	Myodes
Inflect toaletny | ADJ;GEN(MASC,PL)	toaletnëch
Inflect jògòda | N;NOM(SG)	jagòda
Inflect lëtrzëzna | N;NOM(SG)	lëtrzëzna
Inflect obrzędowy | ADJ;NOM(MASC,SG)	obrzędowy
Inflect grafa | N;GEN(FEM,SG)	grafa
Inflect abdikacjô | N;ACC(SG)	abdikacjã
Inflect Anatolijskô | ADJ;NOM(FEM,SG)	Anatolijskô
Inflect pòzwać | V;NFIN	pòzwie
Inflect zdrój | N;NOM(SG)	zdrój
Inflect anima | N;NOM(SG)	anima
Inflect Naugard | N;NOM(FEM,SG)	Naugard
Inflect archiwùm | N;NOM(SG)	Archiwum
Inflect aùtor | N;ACC(SG)	aùtorã
Inflect aùtor | N;GEN(MASC,PL)	aùtorów
Inflect półenklawa | N;LOC;PL	półenklawach
Inflect stôri | ADJ;NOM(MASC,SG)	stôri
Inflect stôri | ADJ;ACC(MASC,SG)	stôrich
Inflect stôri | N;GEN(PL,MASC)	stôrima
Inflect mlék | N;GEN(SG)	mléka
Inflect część | N;GEN(SG)	części
Inflect bòczny | ADJ;F;ACC(SG)	bòczną
Inflect ùsadły | V;PST;PFV;NDEC	ùsadłi
Inflect smôrzcz | N;NOM(SG)	smôrzcz
Inflect mòdifikacëjô | N;ACC(SG)	mòdifikacjã
Inflect JANIOŁ | N;GEN(PL)	JANIOŁÓW
Inflect Obstfelderpreis | N;NOM(SG)	Obstfelderpreis
Inflect tonã | V;NFIN	tonã
Inflect zgoda | N;ACC(SG)	zgódno
Inflect gòłąbkòwati | ADJ;GEN(PL,ANIM)	gòłąbkòwatëch
Inflect Pòpiélcowi | ADJ;ACC(FEM,SG)	Pòpiélcową
Inflect lëdo | N;LOC;PL	lëdach
Inflect ksztôłt | N;NOM(SG)	ksztôłt
Inflect architektoniczny | ADJ;INS(MASC,SG)	architektonicznym
Inflect òchróna | N;ACC(SG)	òchronã
Inflect òchróna | N;GEN(SG)	òchronë
Inflect bòcónkòwnô | ADJ;M;INS(PL)	bòcónkòwatëch
Inflect kôłtun | N;GEN(PL)	kôłtunów
Inflect pòtkac | V;INF	pòtkac
Inflect ùrząd | N;M3;NOM(SG)	ùrzãd
Inflect Pùsznica | N;NOM(FEM,SG)	Pùsznica
Inflect religijô | N;LOC;PL	religijach
Inflect Lesnô | ADJ;NOM(FEM,SG)	Lesnô
Inflect akr | N;NOM(SG)	acre
Inflect pragnionczka | N;ACC(SG)	pragniączkã
Inflect rozwietwionô | ADJ;NOM(FEM,SG)	rozwietwionô
Inflect wiodrowi | ADJ;GEN(MASC,PL)	wiodrowëch
Inflect Ceplëzna | N;F;NOM(SG)	ceplëzna
Inflect kòrzéń | N;GEN(PL)	kòrzeniów
Inflect krëpi | N;GEN(PL)	krëpów
Inflect przenieść | V;INF	przeniesc
Inflect spiôwbasowô | ADJ;NOM(FEM,SG)	spiôwbasowô
Inflect rotméster | N;NOM(MASC,SG)	rotméster
Inflect ksiãzctwò | N;GEN(SG)	ksiãstwa
Inflect préklowaty | ADJ;NOM(FEM,SG)	préklowaté
Inflect Pòdzél | V;IMP;2;SG	Pòdzél
Inflect Zéńdzenia | N;NOM(PL)	Zéńdzenia
Inflect krzach | N;NOM(MASC,SG)	krzach
Inflect Wiôldżi | ADJ;INS(MASC,SG)	Wiôldżim
Inflect Prazdroj | N;ACC(SG)	Prazdroj
Inflect szpôs | N;NOM(SG)	szpôs
Inflect szpôs | N;GEN(SG)	szpôsu
Inflect Zamykań | V;NFIN	Zamikają
Inflect Erik | N;NOM(SG)	Erik
Inflect stereòtypowi | ADJ;ACC(MASC,PL)	stereòtypòwych
Inflect sprawa | N;F;NOM(SG)	sprawa
Inflect sprawa | N;LOC;PL	sprawach
Inflect kùńsztôrz | N;NOM(MASC,SG)	kùńsztôrz
Inflect chòtoba | N;DAT(PL)	chòtobóm
Inflect cëster | N;GEN(PL)	cëstersów
Inflect grzëb | N;NOM(PL)	grzëbë
Inflect grzëb | N;GEN(PL)	grzëbów
Inflect Nôslédny | ADJ;NOM(FEM,SG)	Nôslédné
Inflect bezładny | ADJ;NOM(PL,MASC)	bezładné
Inflect Baronessa | N;NOM(FEM,SG)	Baronessa
Inflect rabusznik | N;INS(PL,MASC)	rabusznikama
Inflect Ptôk | N;NOM(PL)	Ptóczi
Inflect skrzëpicã | N;ACC(FEM,SG)	skrzëpice
Inflect rozwijać | V;IMP;INF	rozwijac
Inflect Badérowania | N;GEN(SG)	Badérowania
Inflect wětew | N;GEN(SG)	wietwi
Inflect kilo | N;ACC(SG)	kilo
Inflect czãscowi | ADJ;GEN(FEM,SG)	czãsciowej
Inflect gminny | ADJ;GEN(MASC,SG)	gminnégò
Inflect wëprawa | N;GEN(SG)	wëprawë
Inflect kòrbôcz | N;NOM(SG)	kòrbôcz
Inflect bëc | V;NFIN	bëté
Inflect Strzédny | ADJ;NOM(MASC,SG)	Strzédny
Inflect Strzédny | ADJ;NOM(FEM,SG)	Strzédnô
Inflect szarë | ADJ;ACC(FEM,SG)	szarą
Inflect protektorat | N;INS(SG)	protektoratã
Inflect rãb | V;NFIN	rëmie
Inflect Amerika | N;NOM(SG)	Amerika
Inflect Afrika | N;GEN(SG)	Afriki
Inflect Afrika | N;ACC(SG)	Afrikã
Inflect wënëkac | V;INF	wënëkac
Inflect górsczi | ADJ;NOM(MASC,SG)	górsczi
Inflect górsczi | ADJ;ACC(MASC,PL)	górsczich
Inflect górsczi | ADJ;PSS;M;SG	górsczé
Inflect sygnał | N;NOM(PL)	sygnalë
Inflect zgnojony | ADJ;INS(MASC,SG)	zgnojonym
Inflect cepłokrëwny | ADJ;GEN(PL,MASC,ANIM)	cepłokrëwianëch
Inflect pòprôwianié | N;GEN(SG)	pòprôwianiô
Inflect Biblëjô | N;ACC(SG)	Biblëjã
Inflect wprowadzenié | N;NOM(SG,NEUT)	wprowadzenié
Inflect jediny | ADJ;M;NOM(SG)	jediné
Inflect jediny | ADJ;GEN(MASC,SG)	jedinégò
Inflect Apòkrifa | N;NOM(SG)	Apòkrifë
Inflect wentilaczi | N;VOC(PL)	wentili
Inflect łacyńsczi | ADJ;VOC(MASC,SG)	łacyńsczi
Inflect sclava | N;MASC;SG	sclavus
Inflect ksążka | N;ACC(SG)	ksążkã
Inflect dobëc | V;INF	dobëti
Inflect CÔŁ | N;ACC(FEM,SG)	Całã
Inflect Jãzëk | N;NOM(PL)	Jãzëczi
Inflect ùważać | V;NFIN	ùważac
Inflect Demión | N;NOM(MASC,SG)	Demión
Inflect regionalizm | N;GEN(PL)	regionalizmów
Inflect weszëlë | V;PRF;3P;PL	weszłë
Inflect nasziniec | N;INST;PL	naszińcama
Inflect tarcz | N;ACC(SG)	tarczã
Inflect sosnowé | ADJ;GEN(MASC,PL)	sosnowatëch
Inflect Chicagò | N;LOC;SG	Chicagò
Inflect rockòwi | ADJ;INEL;NOM(PL,MASC)	rockòwé
Inflect Sztokfisz | N;NOM(SG)	Sztokfisz
Inflect doma | ADJ;INS(MASC,SG)	domòwim
Inflect szlagùta | N;ACC(FEM,PL)	szlagùtë
Inflect chrzescijańsczi | ADJ;GEN(MASC,PL)	chrzescijańsczich
Inflect Deflacjô | N;NOM(SG)	Deflacjô
Inflect mały | ADJ;NOM(MASC,SG)	małi
Inflect Distrikt | N;LOC;PL	Distriktama
Inflect doktorat | N;NOM(PL)	doktoraty
Inflect szkelet | N;NOM(SG)	szkelet
Inflect szkelet | N;M;DAT(SG)	szkeletowi
Inflect szkelet | N;GEN(SG)	szkeletu
Inflect familia | N;GEN(PL)	familiów
Inflect rëszot | N;GEN(PL)	rëszotów
Inflect przindnëc | V;NFIN	przińdny
Inflect mieszkac | V;PST;M;SG	mieszkôł
Inflect drog | ADJ;VOC(MASC,SG)	drodżi
Inflect przedstôwk | N;GEN(PL)	przedstôwków
Inflect samòbëtny | ADJ;INS(MASC,SG)	samòbëtnym
Inflect tôflók | N;GEN(PL)	tôflôkù
Inflect czka | N;GEN(MASC,SG)	czesczégò
Inflect Wòjskòwô | ADJ;NOM(FEM,SG)	Wòjskòwô
Inflect Ptôszëca | N;NOM(FEM,SG)	Ptôszëca
Inflect Przód | ADV	Przodé
Inflect Oskowo | N;NOM(NEUT,SG)	Oskowo
Inflect fùndacëjô | N;NOM(SG)	fùndacëjô
Inflect czësty | ADJ;NOM(MASC,SG)	czësty
Inflect diakriticznô | ADJ;NOM(FEM,SG)	diakriticzné
Inflect diakriticznô | ADJ;GEN(FEM,PL)	diakriticznëch
Inflect Weps | N;GEN(PL)	Wepsów
Inflect kòbiéta | N;GEN(FEM,SG)	kòbiét
Inflect Czëtnica | N;F;NOM(SG)	Czëtnica
Inflect klub | N;NOM(SG)	klub
Inflect klub | N;INS(SG)	klubem
Inflect klub | N;GEN(SG)	klubu
Inflect lucerna | N;NOM(FEM,SG)	lucerna
Inflect gardëpąstwò | N;ACC(SG)	gardãpaństwã
Inflect pòstac | V;INF	pòstac
Inflect rôk | N;GEN(SG)	roku
Inflect ekspert | N;LOC;PL	ekspertach
Inflect arma | N;DAT(SG)	armie
Inflect arma | N;GEN(SG)	armii
Inflect sedlëszcze | N;GEN(SG)	sedlëszcza
Inflect sedlëszcze | N;INS(PL)	sedlëszczama
Inflect malëna | N;F;NOM(SG)	malëna
Inflect zôkón | N;GEN(SG)	zôkónu
Inflect Kolumbiô | N	Kolumbiô
Inflect żeglarz | N;GEN(PL)	żeglarzów
Inflect stadion | N;NOM(SG)	stadion
Inflect tropikalny | ADJ;INS(PL,MASC,INAN)	tropikalnyma
Inflect torfowisku | N;GEN(SG)	torfòwiska
Inflect francësczi | ADJ;ACC(MASC,PL)	francëscze
Inflect wikszi | ADJ;CMPR;GEN(PL)	wikszëch
Inflect wikszi | ADJ;NOM(FEM,SG)	wikszô
Inflect òbrãczka | N;VOC(SG)	òbrãczë
Inflect strzódka | N;GEN(SG)	strzódka
Inflect Òbrôzczk | N;NOM(PL)	Òbrôzczi
Inflect kariéra | N;ACC(SG)	karierã
Inflect domôcny | ADJ;ACC(FEM,SG)	domôcé
Inflect brac | N;VOC(SG)	bracô
Inflect wespółrobic | V;PST;3;PL	wespółrobilë
Inflect ùltragãstô | ADJ;NOM(FEM,SG)	ùltragãstô
Inflect Pòwijôczowatô | ADJ;NOM(FEM,SG)	Pòwijôczowatô
Inflect Zakład | N;M3;NOM(SG)	Zakład
Inflect żona | N;ACC(FEM,SG)	żonã
Inflect parłãka | N;GEN(SG)	parłãczi
Inflect GòłąbskòDobrzińskô | ADJ;MASC;PL;LOC	GòłąbskòDobrzińsczim
Inflect pëszny | ADJ;ACC(MASC,SG)	pësznégò
Inflect òbsługiwô | V;FIN;3;SG	òbsługiwô
Inflect epòs | N;NOM(MASC,SG)	epòs
Inflect Błotnica | N;NOM(SG,FEM)	Błotnica
Inflect zwãg | N;GEN(SG)	zwënéga
Inflect òrganizm | N;NOM(SG)	òrganizm
Inflect òrganizm | N;LOC;SG;M3	òrganizmie
Inflect òrganizm | N;NOM(PL)	òrganizmë
Inflect òrganizm | N;LOC;PL	òrganizmëch
Inflect òrganizm | N;M3;GEN(PL)	òrganizmów
Inflect òrganizm | N;GEN(SG)	òrganizmù
Inflect kanóna | N;GEN(SG)	kanonu
Inflect Òdwiedzac | V;PNON;CONV	Òdwiedzającë
Inflect patrónat | N;GEN(FEM,PL)	patrónatë
Inflect gbùrsczi | ADJ;NOM(FEM,SG)	gbùrskô
Inflect noga | N;GEN(SG)	nodzi
Inflect italskô | ADJ;ACC(FEM,SG)	italską
Inflect doktór | N;GEN(MASC,SG)	doktóra
Inflect liceùm | N;NOM(SG,NEUT)	liceùm
Inflect kùlturalni | ADJ;ACC(FEM,PL)	kùlturalné
Inflect minimalistyczny | ADJ;ACC(FEM,PL)	minimalisticzné
Inflect szalwia | N;NOM(SG)	szalwija
Inflect Europa | N;F;INS(SG)	Europą
Inflect mòcny | ADJ;NOM(MASC,SG)	mòcny
Inflect mòcny | ADJ;INS(MASC,SG)	mòcnym
Inflect zadany | ADJ;NOM(MASC,SG)	zadane
Inflect rôtk | ADJ;VOC(MASC,SG)	rôtëszowi
Inflect kasztelania | N;DAT(SG)	kasztelanii
Inflect przykład | N;M3;NOM(SG)	przykład
Inflect Czëtelniô | N;NOM(SG,FEM)	Czëtelniô
Inflect Kaszëba | N;NOM(SG)	Kaszëba
Inflect Kaszëba | N;LOC;PL	Kaszëbach
Inflect gòdowë | ADJ;VOC(MASC,SG)	gòdowi
Inflect Schumana | N;GEN(FEM,SG)	Schumana
Inflect rącznica | N;NOM(PL)	rącznice
Inflect filtrëjë | V;IMP;2;SG	filtrã
Inflect zlecziństwò | N;NOM(NEUT,SG)	zlecziństwò
Inflect gadac | V;INF	gadac
Inflect słup | N;LOC;PL	słupach
Inflect strach | N;GEN(SG)	strachù
Inflect dobrzé | ADV	dobrzé
Inflect bùrsztin | N;DAT(PL)	bùrsztin
Inflect ZEMNOWÒDNÔ | ADJ;NOM(SG,MASC)	Zemnowòdny
Inflect planszowò | ADJ;DAT(PL,MASC)	planszowëch
Inflect czëc | V;NFIN;PRF	czile
Inflect klucz | N;ACC(SG)	kluczã
Inflect żôłta | ADJ;NOM(PL,MASC)	żôłti
Inflect Drawa | N;NOM(FEM,PL)	Drawë
Inflect germańsczi | ADJ;MASC;PSS;SG	germańsczi
Inflect germańsczi | ADJ;GEN(MASC,SG)	germańsczégò
Inflect bùdowac | V;PST;3;PL	zbùdowalë
Inflect Adam | N;NOM(MASC,SG)	Adam
Inflect docék | V;IMP;2;SG	docék
Inflect pòdłoga | N;ACC(SG)	pòdłogą
Inflect brunny | ADJ;ACC(FEM,SG)	brunnea
Inflect Pariż | N;ACC(FEM,SG)	Pariża
Inflect Pariż | N;LOC;SG	Pariżu
Inflect przedrëk | N;GEN(SG)	przedrëkù
Inflect srąb | N;VOC(SG)	srąbù
Inflect sër | N;NOM(SG)	sëro
Inflect narracja | N;GEN(SG)	narracji
Inflect kóńc | N;NOM(MASC,SG)	kóńc
Inflect mùżdżówka | N;GEN(PL)	mùżdżówki
Inflect tëkwa | N;NOM(SG,FEM)	tëkwia
Inflect Indianin | N;NOM(PL,MASC)	Indianowie
Inflect Jaskóleczka | N;F;NOM(SG)	Jaskùleczka
Inflect stôri | ADJ;GEN(MASC,PL)	stôrych
Inflect stôri | ADJ;VOC(MASC,SG)	stôré
Inflect stôri | ADJ;GEN(MASC,SG)	stôrégò
Inflect ministra | N;ACC(FEM,SG)	ministrã
Inflect lëdz | N;NOM(PL)	lёdzy
Inflect archikatedra | N;NOM(SG)	archikatédra
Inflect ogarda | N;LOC;SG	ogardze
Inflect Òbrôz | N;NOM(SG)	Òbrôz
Inflect rozmajiti | ADJ;GEN(MASC,SG)	rozmajitégò
Inflect żëwòtnosc | N;ACC(SG)	żëwòtnosc
Inflect żëwòtnosc | N;GEN(SG)	żëwòtnoscë
Inflect liryk | N;GEN(PL)	lirików
Inflect dończ | V;NFIN	dońc
Inflect bòk | N;LOC;PL	bòkach
Inflect gimnastika | N;DAT(FEM,SG)	gimnasticzi
Inflect gimnastika | N;ACC(SG)	gimnastikã
Inflect grob | N;NOM(PL)	grobë
Inflect narodzënë | N;NOM(PL)	narodzënë
Inflect strzélec | N;GEN(PL)	strzélców
Inflect ruda | ADJ;ACC(FEM,PL)	rudawé
Inflect Sulësław | N;F;NOM(SG)	Sulësława
Inflect samòironiczny | ADJ;NOM(MASC,SG)	samòironiczny
Inflect pòòkrëc | V;NFIN	pòòkriwô
Inflect dostónek | N;M3;GEN(SG)	dostónkù
Inflect Sparłãczenie | N;GEN(SG)	Sparłãczenia
Inflect sklónka | N;LOC;PL	sklónkach
Inflect Roztwórnô | ADJ;NOM(FEM,SG)	Roztwórnô
Inflect słowôrzka | N;NOM(FEM,SG)	słowôrzka
Inflect osoblëwi | ADJ;NOM(MASC,SG)	osoblëwi
Inflect osoblëwi | ADV	osoblëwie
Inflect lék | V;NFIN	légą
Inflect nawôłnicë | N;GEN(FEM,SG)	nawôłnica
Inflect christanizacjô | N;ACC(SG)	christianizacjã
Inflect drapieżnik | N;INS(SG,MASC)	drapieżnikiem
Inflect słowiański | ADJ;NOM(MASC,PL)	słowiańsczé
Inflect karną | V;IMP;PFV;PL2	karnã
Inflect pòznanskô | ADJ;VOC;VOC(MASC,SG)	pòznańsczi
Inflect Masa | N;F;NOM(SG)	Masa
Inflect Biég | N;NOM(SG)	Biég
Inflect Liceum | N;NOM(SG)	Liceum
Inflect subiekt | N;DAT(MASC,SG)	subiektowi
Inflect bankòwi | ADJ;INS(MASC,SG)	bankòwim
Inflect jesień | N;INS(SG)	jesenią
Inflect kùkówka | N;GEN(SG)	kùkówczi
Inflect nôżka | N;NOM(PL)	nóżczi
Inflect białogłowsczi | ADJ;VOC(MASC,SG)	białogłòwsczé
Inflect lód | ADJ;VOC(MASC,SG)	lodowi
Inflect kòrzén | N;INSTR;PL	kòrzeniama
Inflect Służba | N;ACC(SG)	Służbã
Inflect Wrocława | N;VOC(SG)	Wrocława
Inflect drãg | N;ACC(SG)	drãgò
Inflect Muzeum | N;NOM(SG,NEUT)	Muzeum
Inflect pachwinowy | ADJ;INS(MASC,SG)	pachwinowi
Inflect bombing | V;V;PTCP;PRS;IMPF	bombing
Inflect ùrzmach | N;INS(MASC,SG)	ùrzmach
Inflect Gowa | N;ACC(SG)	Gowon
Inflect mòdło | N;F;NOM(SG)	mòdła
Inflect mòdło | N;NOM(SG,NEUT)	mòdło
Inflect mòdła | N;ACC(SG)	mòdłã
Inflect Barnim | N;NOM(SG)	Barnim
Inflect atrakcjo | N;DAT(SG)	atrakcjowi
Inflect Rzeczpospolita | N;NOM(SG)	Rzeczpospolita
Inflect dodoma | N;GEN(PL)	dodomach
Inflect jedny | ADJ;ACC(MASC,SG)	jedny
Inflect Apòstoł | N;INS(PL)	Apòstołama
Inflect Nòbel | N;F;NOM(SG)	Nobela
Inflect pòszewka | N;GEN(SG)	pószewczi
Inflect margines | N;NOM(SG)	margines
Inflect dozdrzeniałosc | N;F;SG	dozdrzeniałosc
Inflect Chełmsczi | ADJ;NOM(MASC,SG)	Chełmsczi
Inflect mikrofón | N;GEN(SG)	mikrofóna
Inflect kòmpùtrowi | ADJ;NOM(PL,MASC)	kòmpùtrowé
Inflect kòmpùtrowi | ADJ;ACC(FEM,SG)	kòmpùtrową
Inflect miedziany | ADJ;ACC(PL)	miedziané
Inflect Wilëk | ADJ;NOM(FEM,SG)	Wilczô
Inflect lëst | N;NOM(PL)	lësti
Inflect samòsprôwnotô | N;GEN(SG)	samòsprôwnotë
Inflect wzmòcniwac | V;NFIN;INF	wzmòcniwô
Inflect termina | N;ACC(PL)	terminë
Inflect Ewanielia | N;LOC;PL	Ewanieliach
Inflect Ewanielia | N;F;NOM(SG)	Ewanielie
Inflect biôłka | N;F;NOM(SG)	biôłka
Inflect biôłka | N;ACC(SG,FEM)	biôłkã
Inflect Habsbùrg | N;GEN(PL)	Habsbùrgów
Inflect cataracta | N;F;NOM(SG)	cataracta
Inflect skrzëżowanié | V;NFIN	skrzëżowanié
Inflect skrzëżowanié | N;GEN(SG)	skrzëżowaniô
Inflect informacëjô | N;GEN(SG)	informacëji
Inflect Swiãt | N;VOC(SG)	Scwet
Inflect rustika | ADJ;NOM(FEM,SG)	rustica
Inflect nôwicy | ADV;SUP	nôwicy
Inflect skrzidło | N;LOC;PL	skrzidłach
Inflect piãkny | ADJ;NOM(MASC,SG)	piãkny
Inflect piãkny | ADJ;NOM(FEM,SG)	piãknô
Inflect auta | N;GEN(SG)	auta
Inflect gubérnia | N;DAT(SG)	gùbernii
Inflect generalny | ADJ;INS(MASC,SG)	generalnym
Inflect genetyczny | ADJ;GEN(MASC,SG)	genetycznégò
Inflect Chònicë | N;LOC;PL	Chònicach
Inflect wąsewnica | N;DAT(FEM,SG)	wąsewnice
Inflect zédżera | N;DAT(SG)	zédżerze
Inflect mùzyka | N;NOM(SG)	mùzyka
Inflect aptéka | N;LOC;PL	aptékach
Inflect aptéka | N;ACC(SG)	aptékã
Inflect Ògnistim | ADJ;INS(MASC,SG)	ògnisty
Inflect spôłka | N;F;NOM(SG)	spółka
Inflect pòbiéranié | N;NOM(SG,NEUT)	pòbiéranié
Inflect Mikołôj | N;NOM(SG)	Mikòłôj
Inflect ślabikorz | N;INS(SG,MASC)	ślabikorzem
Inflect klepiszcze | N;LOC;SG	klepiszczu
Inflect racemosa | ADJ;NOM(FEM,SG)	racemosa
Inflect szalk | N;NOM(SG)	Szalk
Inflect Ruch | N;NOM(SG)	ruch
Inflect Aleksander | N;NOM(SG)	Aleksander
Inflect nôdmierny | ADJ;VOC(MASC,SG)	nôdmierno
Inflect nëkël | V;NFIN	nëkëlë
Inflect młodnô | ADJ;GEN(MASC,SG)	młodégò
Inflect ruchowy | ADJ;GEN(FEM,SG)	ruchowej
Inflect doktorsczi | ADJ;NOM(MASC,SG)	doktorsczi
Inflect ùczbòwnik | N;NOM(PL)	ùczbòwniczi
Inflect ùczbòwnik | N;GEN(PL,MASC)	ùczbòwników
Inflect Herbòrd | N;NOM(MASC,SG)	Herbòrd
Inflect zôdné | ADJ;VOC(MASC,SG)	Zôden
Inflect kòlarstwo | N;GEN(SG)	kòlarstwa
Inflect zajcë | N;NOM(PL)	zajce
Inflect greńca | N;NOM(SG)	greńca
Inflect Sambòr | N;MASC;SG	Sambòrów
Inflect Miód | N;NOM(SG)	Miód
Inflect nowòjorskczi | ADJ;GEN(MASC,PL)	nowòjorsczich
Inflect przédny | ADJ;F;NOM(SG)	przédno
Inflect przédny | ADJ;NOM(MASC,SG)	przédny
Inflect przédny | ADJ;GEN(PL,MASC)	przédnëch
Inflect przédny | ADJ;INS(MASC,SG)	przédnëm
Inflect krona | N;GEN(PL)	kronum
Inflect nikwac | V;IPFV;IND;NFIN	nikwi
Inflect pòrãdzëc | V;IMP;PL;2	pòrã
Inflect Zoologia | N;GEN(SG)	Zoologii
Inflect NOUN | N;MASC;SG	miészich
Inflect Òsoblëwie | ADV	òsoblëwie
Inflect takô | ADJ;ACC(FEM,SG)	taką
Inflect kraj | N;GEN(SG)	Kraje
Inflect Simóna | N;NOM(FEM,SG)	Simóna
Inflect mierzëc | V;INF	mierzëc
Inflect bracyna | N;NOM(PL)	bracynë
Inflect cygła | N;ACC(SG)	cygłą
Inflect park | V;IMP;SG;2	park
Inflect park | N;GEN(MASC,PL)	parków
Inflect park | N;DAT(SG)	parkù
Inflect aktiwny | ADJ;NOM(FEM,SG)	aktiwno
Inflect aktiwny | ADJ;NOM(MASC,SG)	aktiwny
Inflect aktiwny | ADJ;M;INS(SG)	aktiwnym
Inflect aktiwny | ADJ;ACC(FEM,SG)	aktiwné
Inflect aktiwny | ADJ;GEN(MASC,SG)	aktiwnégò
Inflect aktiwny | ADJ;NOM(FEM,SG)	aktiwnô
Inflect zemia | N;GEN(SG)	zëmi
Inflect Dopiérze | ADV	Dopiérze
Inflect pòsłëchac | V;INF;PFV	pòsłëchac
Inflect złoty | ADJ;NOM(FEM,SG)	złota
Inflect stołpnica | N;DAT(FEM,SG)	stołpnicё
Inflect nalépka | N;LOC;PL	nalépkach
Inflect Cecyliô | N;F;NOM(SG)	Cecyliô
Inflect wòda | N;ACC(SG)	wódą
Inflect silnik | N;GEN(SG)	silnika
Inflect silnik | N;INS(SG)	silnikiem
Inflect silnik | N;GEN(PL)	silników
Inflect Struna | N;DAT(PL)	Stronama
Inflect mineral | N;NT;NOM(SG)	mineral
Inflect problematiczny | ADJ;ACC(FEM,SG)	problematiczną
Inflect Trójcô | N;GEN(SG)	Trójcë
Inflect kamiennô | ADJ;GEN(MASC,SG)	kamiannégò
Inflect grzéch | N;NOM(PL)	grzéchë
Inflect Zedebeuš | N;GEN(MASC,SG)	Zedebeusza
Inflect Òsławnô | ADJ;NOM(FEM,SG)	Òsławnô
Inflect prawie | ADV	prawie
Inflect òbserwacëjnô | ADJ;ACC(FEM,SG)	òbserwacëjną
Inflect Ukraina | N;DAT(SG)	ùkrainie
Inflect wùlkan | N;GEN(SG)	wùlkanu
Inflect Vitac | N;ACC(SG)	Vito
Inflect Delce | ADJ;GEN(FEM,SG)	Delce
Inflect sprawdzëc | V;INF	sprawdzëc
Inflect jiny | ADJ;GEN(MASC,SG)	jinégò
Inflect gôdac | V;NFIN	gôdôszã
Inflect gôdac | V;PST;M;SG	gôdôł
Inflect Florion | N;NOM(MASC,SG)	Florion
Inflect psychiczny | ADJ;INS(MASC,PL)	psychicznyma
Inflect psychiczny | ADJ;GEN(MASC,PL)	psychicznëch
Inflect gòspòdarzstwò | N;LOC;DAT(PL)	gòspòdarztwach
Inflect Wartësława | N;F;NOM(SG)	Wartësława
Inflect autor | N;GEN(SG)	Autora
Inflect wëtawienié | N;NOM(SG,NEUT)	wëtawienié
Inflect pòkrzëwòwac | V;NFIN;CONV;PRS	pòkrzëwòwatëch
Inflect gard | N;ACC(SG)	gardã
Inflect katalońskô | ADJ;NOM(FEM,SG)	katalońskô
Inflect Zajimné | ADJ;NOM(NEUT,SG)	Zajimné
Inflect Szafir | N;NOM(SG)	Szafir
Inflect walëc | V;3;PL;PRS	walą
Inflect spòdk | N;MASC;SG;LOC	spòdk
Inflect socjalisticzny | ADJ;GEN(FEM,PL)	Socjalisticznëch
Inflect Pòmòrzka | N;NOM(FEM,SG)	Pòmòrzka
Inflect òseka | N;F;GEN(SG)	òsecczi
Inflect politicznô | ADJ;NOM(FEM,SG)	politiczny
Inflect bogati | ADJ;NOM(FEM,SG)	bògatô
Inflect służëc | V;INF	służëc
Inflect Marija | N;GEN(FEM,SG)	Marijën
Inflect skrzëpa | N;DAT(PL)	skrzëpic
Inflect mionka | N;GEN(PL)	miónków
Inflect planet | N;ACC(FEM,SG)	planetë
Inflect pùkla | N;F;NOM(SG)	pùkle
Inflect schlachtu | N;ACC(SG)	schlacht
Inflect baszka | N;INS(PL)	baszkami
Inflect mòrze | N;GEN(SG)	mòrza
Inflect mòrze | N;LOC;PL	mòrzach
Inflect mòrze | N;INST;PL	mòrzama
Inflect mòrze | N;NOM(SG)	mòrze
Inflect mòrze | N;DAT(SG)	mòrzu
Inflect mòrze | N;ACC(SG)	mòrzã
Inflect Topaz | N;NOM(SG)	Topaz
Inflect Łukasz | N;VOC(MASC,SG)	Łukaszu
Inflect niezmienny | ADJ;VOC(MASC,SG)	niezmienno
Inflect Shakira | N;PROP;FEM;SG	Shakira
Inflect linola | ADJ;NOM(MASC,SG)	linolowy
Inflect mżëk | N;INST;SG	mżëkanim
Inflect Purc | N;ACC(PL)	Purce
Inflect mieszkac | V;3;SG;PRES	Mieszkô
Inflect seczenié | N;NOM(SG)	seczeniô
Inflect atlanticczi | ADJ;ACC(PL,MASC)	atlanticczé
Inflect Paulos | N;NOM(MASC,SG)	Paulos
Inflect spław | N;NOM(SG)	Spłôw
Inflect Grëdzëdzëc | V;NFIN	Grëdządzu
Inflect Rãczny | ADJ;NOM(FEM,SG)	Rãcznô
Inflect kòwôlniô | N;NOM(SG)	kòwalniô
Inflect glëna | N;GEN(SG)	glënë
Inflect zgòdzëc | V;INF	zgòdzëc
Inflect Bux | N;NOM(SG)	Buxus
Inflect Gniôzdo | N;NOM(PL)	Gniôzda
Inflect Gniôzdo | N;GEN(SG)	Gniôzdeje
Inflect Kòral | N;DAT(SG,MASC)	Kòralowi
Inflect żëjątk | N;GEN(PL)	żëjątków
Inflect Cláudia | N;NOM(FEM,SG)	Cláudia
Inflect òbraniac | V;NFIN	òbraniac
Inflect edukacëjô | N;F;NOM(SG)	edukacëjô
Inflect wiérzba | N;ACC(FEM,SG)	wiérzt
Inflect Dzecë | N;NOM(PL)	Dzecë
Inflect stôrô | ADJ;NOM(FEM,SG)	stôrô
Inflect Kôrczëznowa | N;NOM(SG,FEM)	Kôrczowina
Inflect Frizja | N;NOM(PL)	Frizje
Inflect lékarze | N;DAT(SG)	lékarzeniu
Inflect Pôrsãtno | N;NOM(PL)	Pôrsãta
Inflect wòlny | ADJ;NOM(MASC,SG)	wòlni
Inflect grzëpka | N;GEN(PL)	grzëpków
Inflect kłos | N;NOM(SG)	kłos
Inflect kłos | N;INS(PL)	kłosama
Inflect pszczoła | N;DAT(SG,FEM)	pszczółce
Inflect Dominik | N;NOM(MASC,SG)	Dominik
Inflect Dominik | N;NOM(FEM,SG)	Dominika
Inflect rusczi | ADJ;NOM(MASC,SG)	rusczi
Inflect òbëczajnota | N;ACC(SG)	òbëczajnotã
Inflect francusczë | ADJ;NOM(MASC,PL)	francusczé
Inflect Pòdbiôłtk | N;DAT(PL)	Pòdbiôłtk
Inflect Stori | ADJ;NOM(PL,MASC)	Stori
Inflect drapiéżnik | N;INS(PL)	drapiéżnikama
Inflect Kùjawë | N;LOC;PL	Kùjawach
Inflect Kùjawë | N;LOC;SG	Kùjawë
Inflect ùrna | N;GEN(SG)	ùrnë
Inflect miastowi | ADJ;DAT(MASC,SG)	miastowim
Inflect ruch | N;GEN(SG)	ruchu
Inflect kapłański | ADJ;VOC(MASC,PL)	kapłańscy
Inflect dzéń | N;LOC;SG	dnie
Inflect halë | N;LOC;SG	hali
Inflect pòżegnac | N;OBL;PL	pòżegnaniô
Inflect tczewsczi | ADJ;INS(MASC,SG)	tczewsczim
Inflect Barda | N;GEN(SG)	Brdë
Inflect Kownacki | N;NOM(SG,FEM)	Kownacka
Inflect chełmińskô | ADJ;NOM(FEM,SG)	chełmińskô
Inflect długòwiecznô | ADJ;ACC(FEM,SG)	długòwiecznã
Inflect dostańc | V;FUT;SG;1	dostanim
Inflect wëòbrazënk | N;NOM(SG)	wëòbrazënk
Inflect Dëtrik | N;GEN(SG)	Dëtrika
Inflect Przëcëskając | V;GER;IPFV	Przëcëskając
Inflect psowatëch | ADJ;VOC(MASC,PL)	psowatëch
Inflect gëldzëniô | N;NOM(FEM,SG)	gëldzëniô
Inflect apòkrif | N;ACC(MASC,SG)	apòkrif
Inflect pòkôzac | V;NFIN	pòkȏzaniȏ
Inflect krzëżôk | N;NOM(PL,MASC)	krzëżôczi
Inflect ekònoma | N;GEN(MASC,PL)	ekònomistów
Inflect grãdosc | N;DAT(PL)	grãdoscë
Inflect Wëdarzenie | N;INS(SG)	Wëdarzenim
Inflect wrotnica | N;ACC(FEM,SG)	wrotnicã
Inflect Evangelista | N;NOM(SG,MASC)	Evangelista
Inflect stwòrzenim | N;INS(SG)	stwòrzenim
Inflect minuta | N;GEN(PL)	minutus
Inflect gòspòdarzczi | ADJ;ACC(PL,MASC)	gòspòdarczëch
Inflect mùzykant | N;GEN(PL)	mùzykańtów
Inflect synonim | N;NOM(PL)	synonima
Inflect kontrolô | N;ACC(SG)	kontrolë
Inflect Nôrodnô | ADJ;GEN(MASC,PL)	Nôrodnëch
Inflect instrument | N;NOM(SG)	instrument
Inflect instrument | N;NOM(PL)	instrumenty
Inflect instrument | N;GEN(PL)	instrumentów
Inflect Madzej | N;VOC(MASC,SG)	Madźi
Inflect nôuka | N;ACC(SG)	nôùkã
Inflect môłi | ADJ;CMPR	mniészëch
Inflect bamberzczich | ADJ;INS(MASC,PL)	bamberzczim
Inflect aùtonomiczny | ADJ;NOM(NEUT,SG)	aùtonomiczné
Inflect aùtonomiczny | ADJ;ACC(MASC,PL)	aùtonomicznëch
Inflect szkòdnik | N;GEN(SG)	szkòdnika
Inflect szkòdnik | N;INS(SG,MASC)	szkòdnikã
Inflect wilk | ADJ;POS;NOM(PL)	wilczi
Inflect familëjô | N;NOM(SG)	familëjô
Inflect pòrt | N;NOM(SG)	pòrt
Inflect fizjologiczny | ADJ;NOM(FEM,SG)	fizjologicznô
Inflect cepło | ADJ;NOM(NEUT,SG)	cepło
Inflect lis | N;GEN(SG)	Lisi
Inflect miesce | N;DAT(SG)	miescy
Inflect òbiekce | N;NOM(PL)	òbiekce
Inflect chòdzëc | V;INF	chòdzenié
Inflect szérzô | N;ACC(SG,FEM)	szérzô
Inflect Madamã | N;ACC(FEM,SG)	Madamã
Inflect pszczoła | N;NOM(SG)	pszczoła
Inflect rybka | N;GEN(SG)	ribkò
Inflect jażle | N;VOC(PL)	jażle
Inflect Mòwa | N;GEN(SG)	Mòwë
Inflect pùchôcz | N;ACC(SG)	pùchôcza
Inflect Òsa | N;NOM(PL)	Òsce
Inflect ornamęt | N;ACC(FEM,SG)	ornamentë
Inflect stolemny | ADJ;ACC(FEM,SG)	stolemną
Inflect miónkôrka | N;NOM(FEM,SG)	miónkôrka
Inflect Wôżnô | ADJ;NOM(FEM,SG)	Wôżne
Inflect stȏr | ADJ;ACC(FEM,SG)	stôrą
Inflect katedralny | ADJ;GEN(FEM,SG)	katedralnej
Inflect lasa | N;INST;PL	lasama
Inflect Panew | N;GEN(SG)	Panwi
Inflect lig | N;GEN(PL,MASC)	ligów
Inflect Trulôcz | N;NOM(SG)	Trulôcz
Inflect uprawiać | V;NFIN	uprawiac
Inflect górny | ADJ;ACC(FEM,SG)	górną
Inflect bòda | N;GEN(FEM,SG)	body
Inflect mąka | N;NOM(SG)	mąka
Inflect mąka | N;GEN(SG)	mąki
Inflect mąka | N;ACC(SG)	mąkã
Inflect pierwiôstka | N;NOM(SG,FEM)	pierwiôstka
Inflect przédni | ADJ;ACC(MASC,SG)	Przédnym
Inflect ògardowë | ADJ;GEN(MASC,SG)	ògardowégò
Inflect sasëk | N;ACC(SG)	sasko
Inflect sandrowëch | ADJ;GEN(MASC,PL)	sandrowëch
Inflect Wiśla | N;ACC(SG)	Vjsłą
Inflect płaz | N;GEN(PL)	płazów
Inflect pòsobica | N;F;INS(SG)	pòsobicą
Inflect dłudżi | ADJ;NOM(FEM,SG)	długô
Inflect bòlesny | ADJ;NOM(FEM,SG)	bòlesnô
Inflect jãzëkòwi | ADJ;VOC(MASC,SG)	jãzëkòwi
Inflect jãzëkòwi | ADJ;INS(FEM,SG)	jãzëkòwima
Inflect czerwónô | ADJ;NOM(MASC,SG)	czerwóny
Inflect dokładność | N;INS(SG)	dokładnoscą
Inflect muzykãt-amator | N;ACC(SG)	muzykańtãamatorã
Inflect przymus | N;GEN(SG)	przymusu
Inflect szkoła | N;LOC;SG	szkole
Inflect òstrzódek | N;NOM(MASC,SG)	òstrzódk
Inflect òpieka | N;ACC(SG)	òpiekã
Inflect cytróna | N;ACC(FEM,PL)	cytrónë
Inflect pòlipa | N;FEM;LOC;SG	pòlipë
Inflect pòlipa | N;GEN(PL)	pòlipów
Inflect òezdobë | V;M;SG;IMPV	òezdobé
Inflect stara | ADJ;ACC(FEM,SG)	starã
Inflect weòbrażenié | N;NOM(SG)	weòbrażenié
Inflect groch | N;MASC;SG	groch
Inflect prôcowniczka | N;GEN(PL)	prôcowniczi
Inflect urzędowy | ADJ;MASC;PL;LOC	urzędowych
Inflect nowi | ADJ;GEN(MASC,SG)	nowégò
Inflect nowi | ADJ;GEN(MASC,PL)	nowëch
Inflect kùltura | N;NOM(SG)	kùltura
Inflect kùltura | N;LOC;PL	kùlturach
Inflect sumienié | ADJ;GEN(MASC,SG)	sumieniégò
Inflect gleba | N;INS(MASC,SG)	glebach
Inflect jahtić | V;IND;3;PL	jachtëją
Inflect Teatr | N;DAT(SG)	Téatru
Inflect pòliticzni | ADJ;MASCINAN;NOM(PL)	pòliticzné
Inflect łasëcowati | ADJ;VOC(MASC,PL)	łasëcowatëch
Inflect całkowity | ADJ;ACC(FEM,SG)	całkowitą
Inflect dokùmént | N;LOC;PL	dokùmeńtach
Inflect dokùmént | N;NOM(PL)	dokùmeńtë
Inflect zestôwk | N;GEN(SG)	zestôwkù
Inflect słuńce | N;DAT(SG)	słuńcu
Inflect swiéżi | ADJ;INS(MASC,SG)	swiéżim
Inflect swiéżi | ADJ;VOC(MASC,SG)	swiéżo
Inflect swiéżi | ADJ;GEN(PL,MASC)	swiéżëch
Inflect trudnosc | N;ACC(PL)	trudnoscë
Inflect financa | N;INSTR;PL	financama
Inflect chemia | N;NOM(SG,FEM)	chemie
Inflect chemia | N;GEN(SG)	chemii
Inflect dzejôrz | N;NOM(SG)	dzejôrz
Inflect dzejôrz | N;NOM(MASC,PL)	dzejôrze
Inflect dzejôrz | N;NOM(MASC,PL)	dzejôrzy
Inflect przëszérno | ADJ;NOM(FEM,SG)	przëszerné
Inflect Jednota | N;NOM(SG)	Jednota
Inflect magnez | N;NOM(SG)	magnezium
Inflect ùmëslenic | V;NFIN;PRF	ùmëslenia
Inflect etniczny | ADJ;MASC;PRED;SG	etniczny
Inflect etniczny | ADJ;MASC;INST;SG	etnicznym
Inflect diecezja | N;GEN(SG)	diecezji
Inflect suwalsczi | ADJ;NOM(PL,MASC)	suwalsczé
Inflect coły | ADJ;ACC(SG,FEM)	całą
Inflect Mrowiszcze | N;NOM(SG)	Mrowiszcze
Inflect tłëczenié | N;GEN(SG)	tłëczeniô
Inflect bónk | N;ACC(MASC,SG)	Baeksan
Inflect bronzowô | ADJ;NOM(FEM,SG)	bronzowô
Inflect Trojanowskô | ADJ;NOM(FEM,SG)	Trojanowskô
Inflect szerszeń | N;GEN(SG)	szerszénia
Inflect przód | ADV	Przódy
Inflect Vysoki | ADJ;NOM(FEM,SG)	Vyssoka
Inflect nawigacëjô | N;GEN(SG)	nawigacëji
Inflect syn | N;M;GEN(SG)	sëna
Inflect wentilator | N;NOM(SG)	wentilator
Inflect zwëkòwò | ADV	zwëkòwò
Inflect miesąc | N;NOM(PL)	Miesącë
Inflect zemscëk | N;ACC(MASC,SG)	zemsczich
Inflect dokònac | V;PFV;INF	dokònac
Inflect Drobnokwiatowô | ADJ;NOM(FEM,SG)	Drobnokwiatowô
Inflect citrina | N;NOM(FEM,SG)	citrina
Inflect łżëkwiat | N;VOC(PL)	łżëkwiatë
Inflect słëchac | V;INF	słëchac
Inflect bùtny | ADJ;NOM(FEM,SG)	bùtna
Inflect gbùrstwa | N;NOM(SG)	gbùrstwa
Inflect charztowina | N;NOM(SG)	charztowina
Inflect Rozmówków | N;GEN(PL)	Rozmówków
Inflect czôrnô | ADJ;NOM(FEM,SG)	Czôrnô
Inflect soczny | ADJ;GEN(MASC,PL)	socznëch
Inflect Tekst | N;NOM(PL)	Tekstë
Inflect Diktat | N;NOM(SG)	Diktando
Inflect mitologiô | N;DAT(SG)	mitologie
Inflect biôłi | ADJ;GEN(MASC,SG)	biôłegò
Inflect biôłi | ADJ;NOM(MASC,SG)	biôłi
Inflect noblëstka | N;NOM(FEM,SG)	noblëstka
Inflect wczasny | ADJ;NOM(MASC,SG)	wczasny
Inflect wczasny | ADJ;MASC;PL;LOC	wczasnych
Inflect wczasny | ADJ;INS(MASC,SG)	wczasnym
Inflect skroplenie | N;DAT(SG)	skropleniem
Inflect łacëna | N;NOM(SG)	łacena
Inflect Park | N;NOM(MASC,SG)	Park
Inflect liczny | ADJ;NOM(MASC,SG)	liczny
Inflect kriz | N;ACC(SG)	krizu
Inflect przetrzëmac | V;NFIN	przetrzima
Inflect przetrzëmac | V;INF	przetrzëmac
Inflect nadawać | V;3;PL;IND	nadają
Inflect pòzdrzatk | N;NOM(SG)	pòzdrzatk
Inflect pòzdrzatk | N;DAT(SG)	pòzdrzatkù
Inflect fòrmalnosc | N;GEN(PL)	fòrmalnosców
Inflect pòzagardowi | ADJ;INS(MASC,SG)	pòzagardowi
Inflect wietew | N;F;INS(PL)	wietwiama
Inflect młodi | ADJ;NOM(FEM,SG)	młodé
Inflect młodi | ADJ;GEN(MASC,PL)	młodéch
Inflect kòlor | N;NOM(PL)	kòlorë
Inflect zwãk | N;M;GEN(SG)	zwãkù
Inflect czerwionobiôłi | ADJ;NOM(MASC,SG)	czerwionobiôłi
Inflect kòlekcjonér | N;GEN(PL)	kòlekcjonérów
Inflect KWIOT | N;NOM(PL)	Kwiôtë
Inflect lëdc | N;GEN(SG)	lëdu
Inflect kùńszt | N;GEN(SG)	kùńsztu
Inflect kùńszt | N;GEN(PL)	kùńsztów
Inflect blokòwac | V;INF	blokòwac
Inflect Pòszczesnik | N;NOM(SG)	Pòszczesnik
Inflect kaliszny | ADJ;NOM(PL,MASC)	kalisczé
Inflect Zygmùnd | N;GEN(SG)	Zigmùnda
Inflect romańsczi | ADJ;NOM(MASC,SG)	romańsczi
Inflect romańsczi | ADJ;GEN(MASC,PL)	romańsczich
Inflect romańsczi | ADJ;NOM(FEM,SG)	romańsczima
Inflect rzéka | N;GEN(SG)	Rzéczi
Inflect Chełmòwskô | ADJ;NOM(MASC,SG)	Chełmòwsczi
Inflect wëjachac | V;INF;PFV	wëjachac
Inflect symbòl | N;GEN(PL)	symbòlów
Inflect dwójka | N;SG	dwójarz
Inflect wierzëc | V;NFIN	wierztã
Inflect Prësôczk | N;GEN(PL,MASC)	Prësôczków
Inflect Sardinczi | ADJ;MASC;PSS;SG	Sardińsczi
Inflect Gãs | N;NOM(PL)	Gãsy
Inflect Gãs | N;VOC(SG)	Gãsé
Inflect môlowosc | N;DAT(SG)	môlowosce
Inflect głëszkòwatë | ADJ;GEN(FEM,PL)	głëszkòwatëch
Inflect kòra | N;GEN(SG)	kòrë
Inflect szlachectwo | N;NOM(SG,NEUT)	Szlachectwo
Inflect fińskô | ADJ;NOM(MASC,SG)	fińsczi
Inflect móżdżówk | N;NOM(PL)	mùżdżówczi
Inflect Grob | N;DAT(MASC,SG)	Grobù
Inflect kôża | N;VOC(SG)	kôże
Inflect stojizna | N;NOM(SG)	stojizna
Inflect Piérwòtno | ADV	piérwòtno
Inflect ruchôcz | N;VOC(PL)	ruchôcze
Inflect skarniowë | ADJ;ACC(PL,FEM)	skarniowé
Inflect réga | N;F;NOM(SG)	réga
Inflect sensacyjny | ADJ;NOM(MASC,SG)	sensacyjny
Inflect Piôskòwi | ADJ;NOM(MASC,SG)	Piôskòwi
Inflect rudëkrãp | N;F;NOM(SG)	rudëkrop
Inflect Robielë | V;PST;3;PL	Robielë
Inflect zaćmienie | N;GEN(SG)	zacmienia
Inflect Matka | N;GEN(SG)	Matczi
Inflect Przezdrzélnikòwaté | ADJ;MAS;NOM(SG)	Przezdrzélnikòwaté
Inflect Bùdowa | N;NOM(SG)	Budowa
Inflect bùda | N;NOM(SG)	bùda
Inflect Zôpôdnô | ADJ;NOM(FEM,SG)	Zôpôdnô
Inflect Sorna | N;ACC(MASC,SG)	Sorn
Inflect kama | V;NFIN;INF	kamòwima
Inflect mòstnik | N;INS(SG,MASC)	mòstnikã
Inflect strzëdnowiek | N;GEN(SG)	strzëdnowiekù
Inflect Babilońcă | N;NOM(PL)	Babilończicë
Inflect pòdwójny | ADJ;NOM(MASC,SG)	pòdwójny
Inflect pòdwójny | ADJ;INS(MASC,SG)	pòdwójnym
Inflect jedwab | N;M3;GEN(SG)	jedwabiu
Inflect brumalë | N;GEN(FEM,SG)	brumalis
Inflect wpływ | N;NOM(SG)	wpływ
Inflect Grif | N;NOM(MASC,SG)	Grifa
Inflect Aksamitnô | ADJ;NOM(FEM,SG)	Aksamitnô
Inflect drzewniany | ADJ;GEN(MASC,PL)	drzewnianëch
Inflect spòdleczny | ADJ;VOC(MASC,SG)	spòdleczny
Inflect spòdleczny | ADJ;M;GEN(PL)	spòdlecznych
Inflect spòdleczny | ADJ;NOM(FEM,SG)	spòdlecznô
Inflect Kamin | N;NOM(MASC,SG)	Kamin
Inflect szerszéń | N;NOM(SG)	szerszéń
Inflect Bór | N;GEN(PL)	Bòrów
Inflect òbsadzenié | V;PNONFIN;PPART;PPL	òbsadzenié
Inflect Siergiej | N;NOM(SG)	Siergiej
Inflect spòrtowi | ADJ;INS(MASC,SG)	spòrtowim
Inflect spòrtowi | ADJ;NOM(FEM,SG)	spòrtowô
Inflect maritimum | ADJ;NOM(MASC,SG)	maritimum
Inflect hanzeatycczi | ADJ;VOC(MASC,SG)	hanzeatycczi
Inflect Kòszalëno | N;NOM(SG,MASC)	Kòszalëno
Inflect aùtokefaliczny | ADJ;GEN(MASC,PL)	aùtokefalicznëch
Inflect aùtokefaliczny | ADJ;NOM(FEM,SG)	aùtokefalicznô
Inflect mùzyczny | ADJ;NOM(FEM,SG)	mùzyczné
Inflect mùzyczny | ADJ;GEN(PL,MASC)	mùzycznëch
Inflect mùzyczny | ADJ;MASC;INST;PL	mùzycznëma
Inflect mùzyczny | ADJ;NOM(FEM,SG)	mùzycznô
Inflect słowo | N;GEN(PL)	słowów
Inflect Marwica | N;FEM;LOC;SG	Marwicz
Inflect słowizna | N;DAT(SG)	slawische
Inflect òszota | N;ACC(FEM,SG)	òszoc
Inflect Genfsczi | ADJ;GEN(MASC,SG)	Genfsczégò
Inflect Lesan | N;F;NOM(SG)	Lesane
Inflect pòtrzébny | ADJ;NOM(MASC,SG)	pòtrzébny
Inflect jednostka | N;NOM(SG,FEM)	jednostka
Inflect jednostka | N;INST;SG;FEM	jednostką
Inflect Karpaty | N;GEN(PL)	Karpatów
Inflect Babié | ADJ;ACC(FEM,SG)	Babié
Inflect Róża | N;NOM(SG)	Rose
Inflect Wòjna | N;NOM(FEM,SG)	Wòjna
Inflect grzëb | N;ACC(MASC,SG)	grzib
Inflect pielësztk | N;ACC(SG)	pielëszkã
Inflect bòcón | N;NOM(MASC,SG)	bòcón
Inflect bòcón | N;GEN(SG)	bòcóna
Inflect szkólny | ADJ;NOM(MASC,PL)	szkólni
Inflect szkólny | ADJ;NOM(SG,MASC)	szkólny
Inflect szkólny | ADJ;INS(MASC,SG)	szkólnym
Inflect szkólny | ADJ;INS(PL,MASC)	szkólnymi
Inflect szkólny | ADJ;NOM(MASC,PL)	szkólné
Inflect szkólny | ADJ;GEN(MASC,SG)	szkólnégò
Inflect szkólny | ADJ;ABL(PL)	szkólnëch
Inflect szkólny | ADJ;NOM(FEM,SG)	szkólnô
Inflect jakczi | ADJ;INS(PL,MASC)	jaczimi
Inflect brać | V;NFIN;PRF	brało
Inflect Aùstralijô | N;NOM(SG,FEM)	Aùstralie
Inflect Aùstralijô | N;GEN(SG)	Aùstralii
Inflect statisticzny | ADJ;NFIN;NOM(PL)	statisticzné
Inflect jimpreza | N;LOC;PL	jimprezach
Inflect zerwańc | N;ACC(MASC,SG)	zerwańc
Inflect Przyczynek | N;NOM(SG)	Przyczynek
Inflect pòstawa | N;GEN(FEM,SG)	pòstawë
Inflect pòwstanëc | N;DAT(SG)	pòwstanié
Inflect Słôwna | N;F;NOM(SG)	Słôwna
Inflect krôjna | N;NOM(FEM,SG)	krôjna
Inflect krôjna | N;GEN(SG)	krôjnë
Inflect Stilã | N;ACC(SG)	Stilã
Inflect Sykórka | N;NOM(FEM,SG)	Sykórkòwaté
Inflect różańc | N;ACC(SG)	różańc
Inflect dinamiczny | ADJ;NOM(MASC,SG)	dinamiczny
Inflect dinamiczny | ADJ;GEN(MASC,PL)	dinamicznëch
Inflect jaki | ADJ;INS(MASC,SG)	jakim
Inflect Sën | N;ACC(SG)	Sëna
Inflect zelë | ADJ;ACC(MASC,SG)	zelégò
Inflect Kòmisëjô | N;GEN(SG)	Kòmisëji
Inflect neùtralny | ADJ;INS(MASC,SG)	neùtralnym
Inflect dzãka | V;GER;PRED	dzãka
Inflect dzãka | N;ACC(SG)	dzãkã
Inflect sãdza | N;GEN(PL)	sãdzów
Inflect Pùck | N;NOM(SG,MASC)	Pùck
Inflect Pùck | N;NOM(SG)	Pùcka
Inflect wënaszac | V;NFIN	wënaszac
Inflect kùch | N;GEN(PL)	kùchów
Inflect Mscëwòj | N;NOM(SG)	Mscëwòj
Inflect Mscëwòj | N;GEN(SG)	Mscëwòja
Inflect byc | V;IMP;PL2	Bądzta
Inflect pòtim | ADV	pòtim
Inflect fizycznô | ADJ;GEN(MASC,SG)	fizycznégò
Inflect często | ADV	Czãsto
Inflect dmùsze | ADJ;GEN(MASC,PL)	dmùsznëch
Inflect zahamòwac | V;INF	zahamòwac
Inflect Wësokô | ADJ;NOM(FEM,SG)	Wësokô
Inflect aqua | N;NOM(FEM,SG)	aquatica
Inflect kaszëbsczi | ADJ;NOM(MASC,SG)	kaszëbsczi
Inflect kaszëbsczi | ADJ;ACC(MASC,PL)	kaszëbsczich
Inflect kaszëbsczi | ADJ;INS(MASC,PL)	kaszëbsczima
Inflect kaszëbsczi | ADJ;NOM(MASC,PL)	kaszëbsczé
Inflect kaszëbsczi | ADJ;DAT(MASC,SG)	kaszëbsczémù
Inflect kaszëbsczi | ADJ;GEN(MASC,PL)	kaszëbsczëch
Inflect Realizacja | N;GEN(SG)	Realizacji
Inflect Jerzégò | N;NOM(MASC,SG)	Jerzégò
Inflect òdjimkòk | N;GEN(PL)	òdjimków
Inflect Klucz | N;NOM(SG)	Klucz
Inflect Yorka | N;F;GEN(SG)	Yorka
Inflect kamiany | ADJ;GEN(MASC,SG)	kamianégò
Inflect lëft | N;GEN(SG,MASC)	lëftu
Inflect miesąc | N;LOC;PL	miesãcach
Inflect gãba | N;NOM(SG)	gãba
Inflect gãba | N;INSTR;PL	gãbama
Inflect gãba | N;VOC(PL)	gãbie
Inflect ścisły | ADJ;NOM(MASC,SG)	ścisłé
Inflect dom | N;ACC(SG)	domã
Inflect wiôldżi | ADJ;VOC(MASC,SG)	wiôldzich
Inflect chmielińsczi | ADJ;NOM(MASC,SG)	chmielińsczi
Inflect dzéń | N;GEN(PL)	dniów
Inflect szëkòwny | ADJ;VOC(MASC,SG)	szëkòwny
Inflect szëkòwny | ADJ;NOM(FEM,PL)	szëkòwné
Inflect szëkòwny | ADJ;ACC(FEM,SG)	szëkòwną
Inflect wëbierôny | ADJ;ACC(MASC,PL)	wëbierónëch
Inflect dokazac | V;IMP;2;SG	dokôzë
Inflect Polskò | ADJ;NOM(FEM,SG)	Polskie
Inflect wëstôwk | N;GEN(PL)	wëstôwków
Inflect wëstôwk | N;DAT(SG)	wëstôwkǜ
Inflect jądrowiec | N;GEN(PL,MASC)	jądrowców
Inflect kamiannô | ADJ;NOM(FEM,SG)	kamiannô
Inflect kòń | N;F;ACC(SG)	kònną
Inflect starëj | ADJ;GEN(MASC,PL)	starëch
Inflect lëdztwo | N;INS(SG)	lëdztwã
Inflect emancypacë | N;GEN(FEM,SG)	emancypacjë
Inflect Śląskie | ADJ;NOM(PL,MASC)	Śląskie
Inflect Eskulap | N;ACC(SG,MASC)	Eskulapa
Inflect sedlësczé | N;ACC(SG)	sedlësczã
Inflect Wstrzód | ADV	Wstrzód
Inflect nôrzãdzé | N;NOM(SG)	nôrzãdzé
Inflect Eùropa | N;DAT(SG)	Eùropie
Inflect Eùropa | N;GEN(SG)	Eùropy
Inflect Eùropa | N;ACC(SG)	Eùropã
Inflect Eùropa | N;GEN(SG)	Eùropë
Inflect gregòriańsczi | ADJ;GEN(MASC,SG)	gregòriansczégò
Inflect słowôrz | N;VOC(SG)	słowôrzu
Inflect słowôrz | N;ACC(SG)	słowôrzã
Inflect żëwòródka | N;NOM(SG,FEM)	żëwòródka
Inflect rezerwat | N;NOM(SG)	rezerwat
Inflect rezerwat | N;LOC;PL	rezerwatach
Inflect rezerwat | N;INS(SG)	rezerwatã
Inflect rezerwat | N;GEN(PL)	rezerwatów
Inflect czerowôł | V;FUT;3;SG	czerowôł
Inflect słoma | N;GEN(SG)	słomë
Inflect Kréza | N;ACC(SG)	Krézu
Inflect Sląsk | N;GEN(SG)	Sląskù
Inflect Manchester | N;NOM(SG)	Manchester
Inflect Manchester | N;LOC;SG	Manchesteru
Inflect szołtëstwo | N;GEN(SG)	szołtëstwa
Inflect smãtôrz | N;NOM(SG)	smãtôrz
Inflect kùrnik | N;NOM(SG)	kùrnik
Inflect całodniowô | ADJ;NOM(FEM,SG)	całodniowô
Inflect mùzykôrz | N;NOM(MASC,SG)	muzyk
Inflect wôżny | ADJ;NOM(FEM,SG)	wôżnô
Inflect niszczi | V;CONJ;NFIN;PRF	nisczé
Inflect Halickò | ADJ;NOM(FEM,SG)	Halickò
Inflect Ennata | N;VOC(SG)	Ennate
Inflect przedłużenie | N;NOM(SG)	przedłużenié
Inflect Lëdz | N;NOM(PL)	Lëdzy
Inflect etniczne | ADV	etnicznie
Inflect ùlëbnik | N;GEN(PL)	ùlëbników
Inflect rozmiec | V;NFIN	rozmieje
Inflect lëst | N;M3;NOM(SG)	lëst
Inflect Unix | N;DAT(SG)	Unixu
Inflect Fridk | N;ACC(SG)	Fridkã
Inflect Miotka | N;ACC(SG)	Miotk
Inflect Samòbëtnô | ADJ;NOM(FEM,SG)	Samòbëtno
Inflect strachòblëwi | ADJ;NOM(MASC,SG)	strachòblëwi
Inflect przemiarz | N;LOC;SG	przemiarze
Inflect wôłtarz | N;GEN(SG)	wôłtarza
Inflect kòmùnikat | N;ACC(SG)	kòmùnikatã
Inflect doprząc | V;NFIN	dopiérze
Inflect miészańc | N;VOC(SG)	miészańcu
Inflect pòlitikôrz | N;ACC(SG)	pòlitikôrzã
Inflect śpiew | N;INS(SG)	śpiewem
Inflect Pòmòrsczi | ADJ;GEN(MASC,PL)	Pòmòrsczich
Inflect doma | N;GEN(SG)	doma
Inflect stanowisko | N;GEN(SG)	stanowiska
Inflect stanowisko | N;LOC;PL	stanowiszczach
Inflect wëcmanizna | N;ACC(SG)	wëcmaniznã
Inflect wëcmanizna | N;GEN(SG)	wëcmaniznë
Inflect Òsada | N;ACC(SG,FEM)	Òsadã
Inflect Lesznowsczi | ADJ;GEN(MASC,PL)	Lesznowsczich
Inflect przezéranié | N;GEN(SG)	przezéraniô
Inflect léczyć | V;PST;3;PL	léczële
Inflect Cronquist | N;NOM(SG)	Cronquist
Inflect Kwiat | N;NOM(PL)	Kwiôtci
Inflect historëjô | N;NOM(SG)	historëja
Inflect historëjô | N;GEN(SG)	historëji
Inflect Pòłòstwë | ADJ;NOM;VOC(PL,MASC)	Pòłòstrowë
Inflect wãdkarz | N;GEN(PL)	wãdkôrzów
Inflect weńscô | ADJ;NOM(FEM,SG)	weńscô
Inflect dokôz | N;SG;FUT	dokôz
Inflect mecze | N;NOM(PL)	mecze
Inflect Nowi | ADJ;GEN(MASC,SG)	Nowégò
Inflect zaczapanie | N;GEN(PL)	zaczapaniów
Inflect zaczapanie | N;GEN(SG)	zaczapaniô
Inflect bezsennosca | N;LOC;PL	bezsennoscach
Inflect krupa | N;NOM(FEM,SG)	Krupa
Inflect szkòła | N;NOM(SG,FEM)	Szôla
Inflect kónkel | N;NOM(SG)	Kónkel
Inflect wëkùmunë | V;PRS;3;PL	wëkùmuny
Inflect gard | N;M3;DAT(SG)	gardu
Inflect Bolivia | N;NOM(SG)	Bolivia
Inflect Księgarnia | N;ACC(SG)	Księgarnię
Inflect niewòlnik | N;NOM(MASC,SG)	niewòlnik
Inflect Dopiéro | ADV	Dopiéro
Inflect ciesla | N;ACC(SG)	cesla
Inflect szlabiza | N;ACC(SG)	szlabizã
Inflect szlabiza | N;NOM(SG)	szlabizë
Inflect zobowiązëwac | V;3;PL;PRS	zobowiązëją
Inflect Labùda | N;F;NOM(SG)	Labùdë
Inflect elektrifikacjô | N;NOM(SG,FEM)	elektrifikacjô
Inflect krãgòwiec | N;ACC(PL,MASC)	krãgòwce
Inflect trzecy | ADJ;GEN(MASC,SG)	trzecégò
Inflect Pòmòc | N;DAT(SG)	Pòmòcë
Inflect bóstwo | N;NOM(PL)	bóstwa
Inflect wòjskòwòscë | N;DAT(FEM,PL)	wòjskòwòscë
Inflect kùrs | N;NOM(MASC,SG)	kùrs
Inflect rząd | N;ACC(MASC,SG)	rząd
Inflect rząd | N;DAT(SG)	rządowi
Inflect mãster | N;NOM(PL)	méstrowie
Inflect las | N;GEN(SG)	lasaë
Inflect trëm | V;NFIN	trëmie
Inflect hòwing | N;GEN(PL)	hôwingów
Inflect zgódny | ADJ;NOM(MASC,SG)	zgódni
Inflect zgódny | ADJ;VOC(MASC,SG)	zgódnie
Inflect Reùnionia | N;DAT(SG)	Reùnionie
Inflect Bochnia | N;NOM(SG)	Bochnia
Inflect Antropològijô | N;F;NOM(SG)	Antropòlogijô
Inflect Prawòsławnô | ADJ;GEN(MASC,SG)	Prawòsławnégò
Inflect Warszawsczi | ADJ;INS(MASC,SG)	Warszawsczim
Inflect Warszawsczi | ADJ;GEN(MASC,SG)	Warszawsczégò
Inflect gbùr | N;NOM(MASC,SG)	gbùr
Inflect gbùr | N;GEN(SG)	gbùra
Inflect rosnąć | V;NFIN	rosnąc
Inflect osobowy | ADJ;NOM(MASC,SG)	osobowy
Inflect pierwiôstk | N;GEN(PL)	pierwiôstków
Inflect ludoznawstwo | N;GEN(SG)	ludoznawstwa
Inflect dzëwizna | N;F;NOM(SG)	dzëwizna
Inflect Rozmajitô | ADJ;NOM(FEM,SG)	Rozmajité
Inflect jesc | V;NFIN	jesc
Inflect rozdzelnopëłcowó | ADJ;ACC(FEM,SG)	rozdzelnopëłcowé
Inflect szlacha | N;INSTR;PL	szlachama
Inflect wiérny | ADJ;ACC(FEM,PL)	wiérné
Inflect wëża | N;GEN(SG)	wëżi
Inflect në | N;DAT(PL)	chòrëscach
Inflect herbùnk | N;NOM(MASC,SG)	herbùnk
Inflect kapela | N;NOM(SG)	kapela
Inflect kùltura | N;DAT(SG)	kùlturze
Inflect kùltura | N;ACC(SG)	kùlturã
Inflect kùltura | N;GEN(SG)	kùlturë
Inflect kùltura | N;GEN(PL)	kùlturów
Inflect kùltura | N;ACC(SG)	kùlturą
Inflect kaszëbskô | ADJ;ACC(FEM,SG)	kaszëbsku
Inflect banowé | ADJ;VOC(MASC,PL)	banowé
Inflect wiedzec | V;PRS;1;PL	wiéme
Inflect wiedzec | V;PST;1;PL	wiémë
Inflect Dzësdniowò | ADV	Dzysdniowò
Inflect akrobaticzny | ADJ;DAT(MASC,PL)	akrobaticznëch
Inflect lec | N;GEN(PL)	lecków
Inflect kùla | N;ACC(SG)	kùlã
Inflect Wëbùch | N;NOM(MASC,SG)	Wëbùch
Inflect Kaszuba | N;NOM(SG,MASC)	kaszëba
Inflect ròbòta | N;NOM(SG)	ròbòta
Inflect ròbòta | N;DAT(PL)	ròbòtach
Inflect Kujawë | N;NOM(PL)	Kujawë
Inflect widzałié | V;PST;3;PL	widzałé
Inflect kardynał | N;GEN(SG)	kardynała
Inflect mierzenie | N;LOC;SG;NEUT	mierzeniu
Inflect zaòstac | V;NFIN	zaòstaniô
Inflect Grzenia | N;NOM(FEM,SG)	Grzenia
Inflect spiéwôk | N;GEN(PL)	spiéwôków
Inflect wiôlgòsc | N;NOM(FEM,SG)	wiôlgòsc
Inflect wiôlgòsc | N;DAT(SG)	wiôlgòscë
Inflect Stefan | N;M;GEN(SG)	Stefana
Inflect Stefan | N;ACC(SG)	Stefani
Inflect Stefan | N;VOC(MASC,SG)	Stefano
Inflect francëszkan | N;GEN(MASC,PL)	francëszkanów
Inflect neologizm | N;INST;PL	neologizmama
Inflect Wojewóda | N;LOC;SG	Wòjewództwie
Inflect nôterny | ADJ;ACC(SG,NEUT)	nôterno
Inflect piramida | N;VOC(SG)	piramide
Inflect piramida | N;ACC(SG)	piramidë
Inflect wëwiadë | N;NOM(PL)	wëwiadë
Inflect swiãto | N;VOC(SG)	swiãta
Inflect zelónkòwatë | ADJ;DAT(PL,MASC)	zelónkòwatëch
Inflect techniczny | ADJ;NOM(MASC,SG)	techniczny
Inflect wëbrac | V;INF	wëbrac
Inflect dobrô | ADJ;GEN(PL,MASC,INAN)	dobrëch
Inflect Bichòwka | N;NOM(FEM,SG)	Bichòwkò
Inflect brzózczka | N;GEN(SG)	brzózczi
Inflect òkrãt | N;M3;NOM(SG)	òkrãt
Inflect òkrãt | N;GEN(PL)	òkrãta
Inflect analogia | N;LOC;PL	analogiach
Inflect schòdzë | V;IMPF;NFIN	schòdze
Inflect zarobiony | ADJ;ACC(MASC,PL)	zarobionëch
Inflect poseł | N;NOM(PL)	posłowie
Inflect sóm | ADJ;GEN(MASC,SG)	sômégò
Inflect polskë | ADJ;NOM(PL,MASC)	polskie
Inflect zdôlny | ADJ;GEN(PL,MASC,ANIM)	zdôlnëch
Inflect dokònanóm | N;DAT(PL)	dokònaniom
Inflect Anna | N;VOC(SG)	Anne
Inflect Anna | N;ACC(SG)	Annã
Inflect Anna | N;GEN(SG)	Annë
Inflect abraz | N;NOM(PL)	abrazëji
Inflect òbrządk | N;MASC;SG;LOC	òbrządk
Inflect òbrządk | N;LOC;PL	òbrządkach
Inflect òbrządk | N;GEN(SG)	òbrządkù
Inflect òpùszka | N;INSTR;PL	òpùszkama
Inflect nëkac | V;NDIR;3;SG	nëkô
Inflect ùczëc | V;PST;3;PL	ùczëłë
Inflect parc | N;ACC(FEM,SG)	parva
Inflect nôlepszô | ADJ;NOM(FEM,SG)	nôlepszô
Inflect stóna | N;LOC;PL	stónach
Inflect òrganizator | N;ACC(SG)	òrganizatorã
Inflect sytuacja | N;NOM(FEM,SG)	sytuacja
Inflect sytuacja | N;LOC;PL	sytuacjach
Inflect sytuacja | N;INS(SG)	sytuacją
Inflect Ursus | N;NOM(MASC,SG)	Ursus
Inflect agroturistyczny | ADJ;GEN(MASC,SG)	agroturisticznégò
Inflect ùsôdzëna | N;F;INS(SG)	ùsôdzenim
Inflect wiôldżi | ADJ;VOC(MASC,SG)	wiôldzédò
Inflect wiôldżi | ADJ;GEN(MASC,PL)	wiôldżich
Inflect wiôldżi | ADJ;INS(MASC,SG)	wiôldżim
Inflect wiôldżi | ADJ;GEN(MASC,SG)	wiôldżégò
Inflect wiôldżi | ADJ;GEN(MASC,PL)	wiôldżëch
Inflect wiôldżi | ADJ;ACC(FEM,SG)	wiôldżą
Inflect pòzéwac | V;NFIN;PRF;PSIV	pòzéwóno
Inflect wspòmink | N;GEN(SG)	wspóminkù
Inflect pòdania | N;GEN(PL)	pòdaniów
Inflect pierwszi | ADJ;ACC(FEM,SG)	pierwszą
Inflect neùtronowë | ADJ;NOM(FEM,SG)	neùtronowô
Inflect nordza | N;GEN(SG)	nordzë
Inflect czëszczenié | N;INS(SG)	czëszczeniém
Inflect widzec | V;PRS;3;SG	widze
Inflect furmanka | N;LOC;PL	furmankach
Inflect blëza | N;VOC(SG)	blëze
Inflect Błótny | ADJ;NOM(MASC,SG)	Błotny
Inflect Ùczba | N;GEN(FEM,SG)	Ùczbë
Inflect szëk | V;IMP;2;SG	szëkù
Inflect hipertekst | N;GEN(SG)	hipertekstu
Inflect japonskô | ADJ;NOM(MASC,SG)	Japòńsczi
Inflect šahrestón | N;NOM(MASC,SG)	šahrestán
Inflect przełómanié | N;GEN(SG)	przełómaniégò
Inflect kaplicã | N;ACC(FEM,SG)	kaplëcã
Inflect Andorra | N;NOM(SG)	Andorra
Inflect wërobienié | N;GEN(SG,MASC)	wërobieniégò
Inflect licencëjô | N;GEN(SG)	licencëji
Inflect gôdka | N;LOC;PL	gôdkach
Inflect gôdka | N;GEN(PL)	gôdków
Inflect wlëga | N;INST;PL	wlëgama
Inflect nonejszy | ADJ;CMPR;NSUP	nonejszich
Inflect własność | N;GEN(FEM,SG)	własnoscë
Inflect Pòlacy | N;NOM(PL,MASC)	Pòlacy
Inflect Córkô | N;NOM(SG)	Córkô
Inflect przechòdzëc | V;INF	przechôdac
Inflect znacząco | ADV	znacząco
Inflect piwòwar | N;NOM(PL)	piwòwarë
Inflect brónia | N;GEN(SG)	bróni
Inflect grôc | V;INF	grac
Inflect Meleagris | N;NOM(SG)	Meleagris
Inflect wanożëc | V;NFIN	wanożą
Inflect rozlegli | ADJ;INS(MASC,SG)	rozległim
Inflect antologiô | N;NOM(SG,FEM)	antologiô
Inflect wiarã | N;ACC(SG)	wiarë
Inflect runita | N;GEN(PL)	runitów
Inflect runita | N;F;ACC(SG)	runitą
Inflect przeszkòda | N;NOM(PL)	przeszkòda
Inflect przëmiór | N;NOM(SG)	przëmiór
Inflect gòłąb | N;NOM(SG)	gòłąb
Inflect encyclopaedia | N;NOM(SG)	Encyclopædia
Inflect lir | N;ACC(FEM,SG)	lirã
Inflect głodë | N;INS(SG)	głodã
Inflect mësz | N;DAT(PL)	mëszama
Inflect Póna | N;GEN(FEM,SG)	pòna
Inflect rezultat | N;INS(SG)	rezultatã
Inflect sekcja | N;GEN(SG)	sekcje
Inflect Nôprzód | ADV	Nôprzód
Inflect Norte | N;NOM(MASC,SG)	Norte
Inflect pòwstańc | N;VOC(PL)	pòwstańczy
Inflect smãtarz | N;DAT(SG)	smãtarze
Inflect inštalacija | N;GEN(SG)	jinstalacji
Inflect dbać | V;NFIN;INF	dbanié
Inflect spòr | ADV	spòrò
Inflect twórca | N;GEN(PL,MASC)	ùtwórców
Inflect editora | N;DAT(FEM,SG)	editorë
Inflect transneptunowy | ADJ;NOM(SG,MASC)	transneptunowy
Inflect rep | N;GEN(PL)	repens
Inflect szkòda | N;NOM(SG)	szkòda
Inflect stanica | N;ACC(SG)	stanicã
Inflect stanica | N;FEM;LOC;SG	stanicë
Inflect stanica | N;GEN(PL,MASC)	staniców
Inflect wôrtnota | N;NOM(FEM,SG)	wôrtnota
Inflect Gwiôzdô | N;ACC(SG,FEM)	Gwiôzdą
Inflect broda | N;ACC(SG)	brodą
Inflect Subisławice | N;GEN(MASC,PL)	Subisławiców
Inflect Czeliszcz | N;NOM(PL)	Czeliszczi
Inflect Czorlińsczi | ADJ;INS(MASC,SG)	Czorlińścim
Inflect lëczebnosc | N;GEN(SG)	lëczebnoscë
Inflect kòntrastnë | ADJ;GEN(MASC,PL)	kòntrastnëch
Inflect bielëna | N;NOM(FEM,SG)	bielëna
Inflect zależność | N;FEM;SG;LOC	zależnosce
Inflect prëmitwny | ADJ;ACC(SG,FEM)	primitwną
Inflect kónsolowô | ADJ;NOM(FEM,SG)	kónsolowô
Inflect instruktor | N;ACC(SG)	Jinstruktorã
Inflect ruchana | V;PPAS;FEM;SG	ruchnama
Inflect prekùrsor | N;ACC(SG)	prekùrsorã
Inflect Suzi | N;NOM(FEM,SG)	Suzi
Inflect chrztu | N;GEN(SG)	chrztu
Inflect chłop | N;NOM(SG)	chłop
Inflect chłop | N;GEN(SG)	chłopa
Inflect chłop | N;NOM(PL)	chłopi
Inflect Kanadejsczi | ADJ;MASC;PL	Kanadejsczi
Inflect kronika | N;DAT(SG)	kronice
Inflect kronika | N;LOC;F;PL	kronikach
Inflect napęd | N;INS(SG)	napędem
Inflect Rëbackô | ADJ;NOM(FEM,SG)	Rëbackô
Inflect minysterstwò | N;LOC;SG	minysterstwie
Inflect minysterstwò | N;GEN(PL)	minysterstwów
Inflect werazny | ADJ;NOM(MASC,SG)	werazny
Inflect pòpularny | ADJ;NOM(MASC,SG)	pòpularny
Inflect pòpularny | ADJ;NOM(FEM,SG)	pòpularnô
Inflect zëmna | ADJ;NOM(FEM,SG)	zëmna
Inflect idaeus | V;NFIN	idaeus
Inflect Sejm | N;GEN(SG)	Sejmù
Inflect ùżëc | V;PST;PL;MASC	ùżëwelë
Inflect ùdbac | V;FIN;3;PL	ùdbã
Inflect drut | N;INS(FEM,SG)	drutã
Inflect achtné | V;PST;PPFV;IMPRS	achtnione
Inflect Europejskô | ADJ;NOM(MASC,PL)	Europejsczi
Inflect pòstąp | N;NOM(SG)	pòstãpô
Inflect tłumienie | N;NOM(SG)	tłumienié
Inflect XIXwieczny | ADJ;MASC;LOC;SG	XIXwiecznym
Inflect gospodëniô | N;DAT(PL)	gòspòdënióm
Inflect òstri | ADJ;ACC(FEM,SG)	òstré
Inflect biwaniek | V;NFIN	biwanié
Inflect ôrta | N;LOC;SG	ôrte
Inflect wôżëc | V;INF	wôżëc
Inflect Częstochowa | N;F;NOM(SG)	Częstochòwa
Inflect jawernota | N;ACC(SG)	jawernotã
Inflect mòzajka | N;GEN(SG)	mòzajczi
Inflect wëstãpòwac | V;INF	wëstãpòwac
Inflect brzadowno | ADV;LOC	brzadowno
Inflect ùran | N;ACC(SG)	ùranu
Inflect sprawa | N;GEN(PL,MASC)	sprawów
Inflect rewizjô | N;F;NOM(SG)	rewizjô
Inflect głëchi | ADJ;INS(MASC,PL)	głëchòniemëch
Inflect kòntuar | N;INSTR;SG	kòntuarã
Inflect Rzim | N;GEN(SG)	Rzëmù
Inflect drësznô | ADJ;NOM(FEM,SG)	drësznô
Inflect rolny | ADJ;NOM(PL,MASC)	Rolne
Inflect szëchta | N;NOM(PL)	szëchtë
Inflect Nón | N;NOM(SG)	Kanón
Inflect bòcónowatë | ADJ;GEN(MASC,PL)	bòcónowatëch
Inflect pòdobny | ADJ;NOM(MASC,SG)	pòdobno
Inflect pòdobny | ADJ;MASC;PRED;SG	pòdobny
Inflect pòdobny | ADJ;NOM(FEM,SG)	pòdobnô
Inflect grzeniéga | N;GEN(MASC,SG)	grzeniégò
Inflect sprôwòwanié | N;GEN(SG)	sprôwòwaniô
Inflect Kòmderski | ADJ;NOM(FEM,SG)	Kòmderskô
Inflect sërpiń | N;MASC;SG;LOC	sërpiń
Inflect gòscyńc | N;NOM(SG)	gòscyńc
Inflect afrikańsczi | ADJ;VOC(MASC,PL)	afrikańsczé
Inflect dotacja | N;DAT(PL)	dotacjama
Inflect praktyka | N;GEN(PL,MASC)	praktików
Inflect pismienizna | N;GEN(SG)	pismieniznë
Inflect seminariô | N;GEN(SG)	seminarii
Inflect Czijanczi | N;NOM(FEM,PL)	Czijanczi
Inflect Marëjô | N;GEN(SG)	Mariji
Inflect òdniesenié | N;LOC;SG	òdnieseniu
Inflect światowy | ADJ;GEN(FEM,SG)	światowej
Inflect szlacheta | N;GEN(SG)	szlachù
Inflect bliza | N;ACC(SG)	blizą
Inflect Jigrzësk | N;GEN(PL)	Jigrzësków
Inflect ADJ | ADJ;NOM(FEM,SG)	niskò
Inflect mistrz | N;INS(SG,MASC)	mistrzã
Inflect Aniel | N;DAT(FEM,SG)	Anieli
Inflect wersja | N;NOM(SG)	Wersja
Inflect ópôdënk | N;ACC(SG)	ópôdënkã
Inflect séka | N;ACC(SG,FEM)	sécy
Inflect mały | ADJ;ACC(PL,MASC)	małé
Inflect mały | ADJ;GEN(MASC,SG)	małégò
Inflect Bùdzësz | N;NOM(SG)	Bùdzësza
Inflect Pòmerania | N;GEN(SG)	Pòmeranii
Inflect bëlny | ADJ;NOM(MASC,SG)	bëlny
Inflect Kùkùridza | N;NOM(SG,FEM)	Kùkùridza
Inflect Kazimierz | N;GEN(MASC,SG)	Kazimierza
Inflect Ruchb | V;IMP;2;SG	Ruchb
Inflect strëch | N;NOM(SG)	strëch
Inflect Wiôlgòpòlska | ADJ;DAT(FEM,SG)	Wiôlgòpòlsce
Inflect rodzëna | N;DAT(SG)	rodzënie
Inflect rodzëna | N;VOC(SG)	rodzëné
Inflect oprzéczanié | N;GEN(SG)	oprzéczaniô
Inflect bruno | ADJ;NOM(MASC,SG)	bruno
Inflect teòlogia | N;ACC(SG)	teòlogiã
Inflect kraljevstvo | N;NOM(SG)	kraljevstvo
Inflect Żëcé | N;NOM(SG)	Życie
Inflect paczënowac | V;INF	paczënowac
Inflect òdpòwiesc | N;ACC(SG)	òdpòwiescą
Inflect rozój | N;GEN(SG)	rozòju
Inflect harmònia | N;DAT(SG)	harmònii
Inflect fabla | N;NOM(SG)	fabla
Inflect górotwórczosc | N;GEN(SG)	górotwórczoscë
Inflect sredniô | ADJ;NOM(FEM,SG)	sredniô
Inflect Pòtãga | N;GEN(SG)	Pòtãgòwa
Inflect kòróna | N;DAT(SG)	kòrónie
Inflect kòróna | N;ACC(SG)	kòrónę
Inflect wëstawic | V;INF	wëstawic
Inflect Etnografné | ADJ;NOM(PL,FEM)	Etnografné
Inflect Armia | N;GEN(SG)	Armiji
Inflect Armia | N;ACC(SG)	Armią
Inflect Armia | N;NOM(SG)	Army
Inflect Chòje | N;NOM(PL)	Chòjnë
Inflect leżeć | V;APRES;IMPF	leżąc
Inflect Përzëcë | V;IMPF;NFIN;PRS	Përzëcë
Inflect kwiat | N;NOM(SG)	Kwiat
Inflect Karël | N;GEN(MASC,SG)	Charlesa
Inflect pùpka | N;GEN(SG)	pùpczi
Inflect paczënë | N;LOC;PL	paczënach
Inflect wąscziGò | ADJ;ACC(MASC,SG)	wąsczégò
Inflect bùlwa | N;F;NOM(PL)	bùlwë
Inflect bùlwa | ADJ;ACC(FEM,SG)	bùlwòwé
Inflect bùlwa | N;GEN(PL)	bùlwów
Inflect testament | N;ACC(MASC,SG)	Testament
Inflect dzejownik | N;INS(SG)	dzejownikã
Inflect Dôlëboga | N;NOM(SG,MASC)	Dôlëbóg
Inflect układ | N;NOM(PL)	układë
Inflect układ | N;GEN(PL)	układów
Inflect rzëczny | ADJ;M;GEN(PL)	rzëcznech
Inflect piôskòwny | ADJ;GEN(MASC,PL)	piôskòwëch
Inflect miészëzna | N;GEN(SG)	miészëznë
Inflect miészëzna | N;GEN(PL)	miészëznów
Inflect miészëzna | N;NOM(SG)	miészëzną
Inflect znajôrz | N;GEN(SG)	znajôrza
Inflect òdpòczëwac | V;INF	òdpòczëwac
Inflect Antón | N;GEN(SG)	Antona
Inflect pòda | V;IMP;2;SG	pode
Inflect bóstwo | N;GEN(PL)	bóstwów
Inflect wùlkan | N;GEN(PL)	wùlkanów
Inflect przeżëcac | V;PROG;INF	przeżëcach
Inflect òkùpacja | N;GEN(SG)	òkùpacji
Inflect statk | N;NOM(PL)	statczi
Inflect wrócëc | V;NFIN	wrôcô
Inflect kilométer | N;NOM(SG)	kilométer
Inflect Manager | N;NOM(PL)	Manager
Inflect querquedula | N;NOM(SG,FEM)	querquedula
Inflect skòczëc | V;IMP;PL;VFIN	skòczci
Inflect Frederick | N;F;SG	Fredericka
Inflect uwôżanié | N;INS(SG)	uwôżaniém
Inflect Bukowina | N;NOM(SG)	Bukowina
Inflect Samòródka | N;NOM(FEM,SG)	Samòródka
Inflect buta | N;GEN(PL)	buten
Inflect Ksiãga | N;F;NOM(SG)	Księga
Inflect rëbôk | N;NOM(PL)	Rëbôcë
Inflect metoda | N;NOM(SG,FEM)	metoda
Inflect spiéwôrka | N;ACC(SG,FEM)	spiéwôrką
Inflect czôrny | ADJ;ACC(SG,MASC)	Czarne
Inflect Kwiat | N;NOM(PL)	Kwiatë
Inflect stórô | ADJ;ACC(FEM,SG)	stóri
Inflect ksążãcé | N;NOM(NEUT,SG)	ksążãcé
Inflect pãgwic | N;GEN(FEM,PL)	pãgwiców
Inflect słowo | N;NOM(PL)	Słowa
Inflect Kòrinca | N;DAT(FEM,SG)	Kòrince
Inflect starzë | N;DAT(SG,FEM)	starë
Inflect brōza | N;FEM;LOC;SG	bronzë
Inflect Sétmelëstkòwi | N;DAT(SG,MASC)	Sétmelëstkòwi
Inflect Kalifornijô | N;GEN(SG)	Kalifòrnijë
Inflect dzyw | N;NOM(SG)	dzyw
Inflect Instytut | N;GEN(SG)	Instytutu
Inflect bednarstwo | N;LOC;SG	bednarstwie
Inflect kòlãda | N;NOM(PL)	kòlãdë
Inflect crex | V;NFIN	crex
Inflect rug | N;F;NOM(SG)	rugosa
Inflect Krziż | N;NOM(PL)	Krziże
Inflect brzad | N;INS(MASC,SG)	brzadem
Inflect Prôw | N;M;NOM(SG)	Prôw
Inflect krój | N;GEN(SG)	krôju
Inflect jezoro | N;INS(PL)	jezorami
Inflect jezoro | N;NOM(NEUT,SG)	jezoro
Inflect jezoro | N;DAT(SG)	jezorze
Inflect jezoro | N;ACC(SG)	jezorã
Inflect jezoro | N;GEN(PL)	jezorów
Inflect Rehabilitacja | N;NOM(FEM,PL)	Rehabilitacje
Inflect midzënôrodné | ADJ;NOM(PL,MASC,INAN)	midzënôrodné
Inflect krza | N;GEN(FEM,SG)	krza
Inflect kùra | N;ACC(SG,FEM)	kùrã
Inflect rzôdnô | ADJ;ACC(FEM,SG)	rôdną
Inflect pòzdrówk | N;M3;NOM(SG)	pòzdrówk
Inflect Gwësny | ADJ;NOM(MASC,SG)	Gwësny
Inflect widok | N;NOM(SG)	Widok
Inflect òbòwiązk | N;NOM(PL)	òbòwiązczi
Inflect Lubòtnica | N;DAT(PL)	Lubòtnikama
Inflect òbédnã | V;FUT;SG;1	òbéńdã
Inflect jistnienie | N;NOM(SG)	jistnienié
Inflect góra | N;NOM(MASC,SG)	Gora
Inflect góra | N;LOC;SG	Gore
Inflect pòlskòsc | N;GEN(SG)	pòlskòscë
Inflect bôczenié | V;NFIN	bôczenié
Inflect identifikacjô | N;ACC(SG)	identifikacëjã
Inflect Òrganizacëjô | N;GEN(SG)	Òrganizacëje
Inflect òdżin | N;NOM(MASC,SG)	òdżin
Inflect Mòtława | N;F;NOM(SG)	Mòtława
Inflect drużënowi | ADJ;GEN(FEM,SG)	drużënowej
Inflect pòwiedzenié | N;NOM(NEUT,SG)	pòwiedzenié
Inflect wielnota | N;F;NOM(SG)	wielnota
Inflect wòjewòda | N;NOM(SG)	wòjewòda
Inflect Włodarczyk | N;NOM(SG,MASC)	Włodarczyk
Inflect pipa | N;NOM(SG)	pipa
Inflect djakònisa | N;DAT(FEM,SG)	diakònise
Inflect ptôszë | ADJ;NOM(FEM,SG)	ptôszô
Inflect piérszô | ADJ;NOM(FEM,SG)	piérszô
Inflect skrzëniowô | ADJ;VOC(MASC,SG)	skrzëniowi
Inflect Gòrzczi | ADJ;M;NOM(SG)	Gòrzczi
Inflect badér | N;NOM(PL)	badérowie
Inflect dłôwnica | N;NOM(SG)	dłôwnica
Inflect Pòlinezyczi | ADJ;GEN(MASC,PL)	Pòlinezyjsczich
Inflect Òdrodzeniô | N;GEN(SG)	Òdrodzeniô
Inflect Dolnô | ADJ;NOM(FEM,SG)	Dolnô
Inflect werset | N;NOM(SG)	werset
Inflect werset | N;INS(FEM,PL)	wersetama
Inflect malarskô | ADJ;NOM(FEM,SG)	malarskô
Inflect Sjónowô | ADJ;NOM(FEM,SG)	Sjónowò
Inflect ùwôga | N;ACC(SG)	ùwôgã
Inflect pòwiesc | N;FEM;SG	pòwiesc
Inflect zbiérk | N;NOM(SG)	zbiërk
Inflect gòtòwy | ADJ;DAT(FEM,SG)	gòtowi
Inflect bakterijny | ADJ;FOR;INS(PL,MASC)	bakterijnyma
Inflect sztorm | N;NOM(SG)	sztorm
Inflect nôlepi | ADV;SUP	nôlepié
Inflect cządnik | N;COM;INS(PL)	cządnikama
Inflect cządnik | N;INS(SG,MASC)	cządnikã
Inflect Rëna | N;NOM(SG)	Rëna
Inflect chłop | N;ACC(SG)	Maniewidem
Inflect substrat | N;GEN(SG)	substratu
Inflect Òwca | N;NOM(FEM,SG)	Òwczô
Inflect Aleksandria | N;GEN(FEM,SG)	Aleksandrii
Inflect mëdło | N;NOM(SG)	mëdło
Inflect dostatk | N;M3;NOM(SG)	dostatk
Inflect ekran | N;LOC;SG	ekranié
Inflect ekran | N;NOM(PL)	ekrany
Inflect wdôrzanié | N;GEN(SG)	wdôrzaniô
Inflect kwitnąc | V;INF	kwitnąc
Inflect Pòlanowô | N;ACC(SG,FEM)	Pòlanowã
Inflect òléj | N;NOM(SG)	òléj
Inflect Madagaskar | N;GEN(MASC,SG)	Madagaskaru
Inflect mądrość | N;NOM(SG)	mądrosc
Inflect bala | N;NOM(PL)	Bala
Inflect brzmienie | N;DAT(SG)	brzmienim
Inflect wirus | N;NOM(PL)	wirusë
Inflect apòstolsczi | ADJ;NOM(MASC,SG)	apòstolsczi
Inflect apòstolsczi | ADJ;GEN(MASC,PL)	apòstolsczich
Inflect Egid | N;ACC(SG)	Egidę
Inflect Starogarda | N;F;NOM(SG)	Starogarda
Inflect Watikón | N;LOC;SG	Watikanie
Inflect lińcuch | N;GEN(PL)	lińcuszny
Inflect browarnia | N;LOC;PL	browarniach
Inflect alternatiwny | ADJ;NOM(PL,MASC)	alternatiwné
Inflect rekreacja | N;GEN(SG)	rekreacji
Inflect lég | N;GEN(PL)	légów
Inflect rëchtowac | V;NFIN	rëchtowa
Inflect rëchtowac | V;INF	rëchtowac
Inflect apartnia | N;ACC(FEM,SG)	apartnią
Inflect Jagielón | N;GEN(PL)	Jagielonów
Inflect przédni | ADJ;ACC(MASC,PL)	przédnich
Inflect Londinie | N;LOC;SG	Londinie
Inflect chòtka | N;F;ACC(SG)	chòtkò
Inflect môłk | ADJ;VOC(MASC,SG)	môłkù
Inflect Krziżôk | N;INST;PL	Krziżôkama
Inflect wëdanié | N;LOC;SG	wëdanim
Inflect wëdanié | N;NOM(SG)	wëdanié
Inflect wëdanié | N;INS(SG)	wëdaniém
Inflect ùmiejãtnosc | N;DAT(SG)	ùmiejãtnoscë
Inflect officinalis | ADJ;NOM(MASC,SG)	officinalis
Inflect dzéwùs | N;GEN(PL)	dzéwùsów
Inflect rodzëc | N;INSTR;PL	Rodzëcama
Inflect Lëzbòn | N;NOM(PL)	Lëzbònë
Inflect òznajmiwić | V;3;SG;FUT;PFV	òznajmiwô
Inflect flexuosus | ADJ;NOM(FEM,SG)	flexuosa
Inflect dôwnë | ADJ;NOM(FEM,SG)	dôwnô
Inflect Tomaczkòwsczi | ADJ;ACC(MASC,SG)	Tomaczkòwsczégò
Inflect Lewô | ADJ;NOM(FEM,SG)	Lewô
Inflect òrtuwiek | N;DAT(SG)	ôrtuwiekù
Inflect Stepenitza | N;NOM(FEM,SG)	Stepenitze
Inflect intelektualny | ADJ;INS(MASC,SG)	intelektualnym
Inflect gòspòdarz | N;GEN(SG)	gòspòdarza
Inflect gòspòdarz | N;NOM(PL)	gòspòdarze
Inflect kòlona | N;NOM(PL)	kòlonie
Inflect europejski | ADJ;NOM(FEM,SG)	eùropejskô
Inflect Pan | N;GEN(SG)	Pana
Inflect gwësno | ADV	gwësno
Inflect aktórsczi | ADJ;NOM(MASC,SG)	aktórsczi
Inflect parafia | N;GEN(SG)	parafii
Inflect òznôczëc | V;IND;SG;3	òznôczô
Inflect leżenié | N;GEN(SG)	leżeniô
Inflect przód | N;NOM(PL)	przódë
Inflect òżenić | V;NFIN	òżenia
Inflect atlas | N;GEN(SG)	atlasu
Inflect chrzescëjón | N;F;INS(PL)	chrzescëjónama
Inflect chrzescëjón | N;NOM(PL)	chrzescëjónie
Inflect pògòda | N;GEN(SG)	pògòdë
Inflect pògòda | N;ACC(SG)	pògòdą
Inflect zebróny | ADJ;GEN(PL,MASC,INAN)	zebrónëch
Inflect liberalnô | ADJ;NOM(FEM,SG)	liberalnô
Inflect magnéz | N;GEN(SG)	magnézu
Inflect bùcha | N;GEN(FEM,SG)	bùchë
Inflect Sédrgard | N;GEN(SG)	Sédrgardu
Inflect zôpôdnosłowiańsczi | ADJ;M;GEN(PL)	zôpôdnosłowióńsczich
Inflect Słëpsk | N;VOC(SG)	Słëpskù
Inflect kòszowi | ADJ;NOM(MASC,PL)	kòszowi
Inflect Dlôte | ADV	dlôte
Inflect Dekalog | N;NOM(SG)	Dekalog
Inflect młodzi | ADJ;GEN(MASC,PL)	młodich
Inflect młodzi | ADJ;VOC(MASC,SG)	młodze
Inflect sekunda | N;ACC(FEM,SG)	sekundë
Inflect szlak | N;NOM(SG,MASC)	szlach
Inflect strach | N;NOM(MASC,SG)	strach
Inflect rabùszny | ADJ;NOM(FEM,SG)	rabùsznô
Inflect Rodowô | ADJ;NOM(FEM,SG)	Rodowô
Inflect jôrmarkòwë | ADJ;ACC(FEM,SG)	jôrmarkòwą
Inflect Bùdowa | N;NOM(SG)	Bùdowa
Inflect zachãcëc | V;INF	zachãcëc
Inflect Pszczëła | N;NOM(SG)	Pszczelô
Inflect niewidoczny | ADJ;NOM(FEM,SG)	niewidocznô
Inflect rësznota | N;F;NOM(SG)	rësznota
Inflect jedinë | ADJ;INS(MASC,SG)	jedinym
Inflect czãstô | ADJ;NOM(FEM,SG)	czãstô
Inflect scrofa | N;NOM(FEM,SG)	scrofa
Inflect nisczi | V;PRS;3;SG	nisczi
Inflect istnik | N;NOM(PL)	jistniczi
Inflect auto | N;NOM(SG,NEUT)	auto
Inflect dôlny | ADJ;NOM(MASC,SG)	dôlny
Inflect pòlsczi | ADJ;GEN(MASC,PL)	polsczich
Inflect miono | N;INST;PL;FEM	mionama
Inflect miono | N;NOM(SG,NEUT)	miono
Inflect brëkòwny | ADJ;NOM(MASC,SG)	brëkòwny
Inflect sztãga | N;LOC;SG	sztãdze
Inflect zniszczeniô | N;GEN(SG)	zniszczeniô
Inflect Dzëk | ADJ;NOM(FEM,SG)	Dzëkô
Inflect mas | N;GEN(SG)	masë
Inflect żirafa | N;GEN(PL,MASC)	żirafòwatëch
Inflect trenowac | V;PST;MASC;SG	trenowôł
Inflect Lutrina | N;GEN(FEM,SG)	Lutrinae
Inflect blondynka | N;GEN(FEM,SG)	blondynki
Inflect inhalacja | N;LOC;PL	inhalacjach
Inflect Zakón | N;NOM(SG)	Zakón
Inflect turisticzny | ADJ;NOM(MASC,SG)	turisticzny
Inflect turisticzny | ADJ;GEN(MASC,PL)	turisticznëch
Inflect dosc | ADV	dosc
Inflect współrobòca | N;LOC;SG	współrobòce
Inflect sledzowaty | ADJ;GEN(MASC,PL)	sledzowatëch
Inflect chòdzenié | N;GEN(SG)	chòdzeniô
Inflect krëszka | N;ACC(PL)	krëszczi
Inflect krëszka | N;NOM(FEM,SG)	krëszka
Inflect Roscë | V;NFIN	Roscë
Inflect pòtôp | N;VOC(SG)	pòtopie
Inflect stoli | N;DAT(PL)	stalatim
Inflect dwòzôk | N;GEN(PL)	dwaznaków
Inflect film | N;NOM(SG)	Film
Inflect film | N;NOM(PL)	Filmy
Inflect prostopadłôrz | N;ACC(SG)	prostopadłé
Inflect sëpac | V;NFIN	sëpaniô
Inflect Kaszëbë | N;NOM(PL)	Kuszaby
Inflect wcãti | V;NFIN	wcãti
Inflect Zëmnica | N;NOM(SG)	Zëmnica
Inflect Domôcô | ADJ;NOM(FEM,SG)	Domôcô
Inflect kątowy | ADJ;NOM(FEM,SG)	kątowô
Inflect założëcél | N;INST;SG	założëcélã
Inflect Hejtuz | N;NOM(PL)	Hejtuz
Inflect Kòstoba | N;F;NOM(SG)	Kòstoba
Inflect kalëna | N;NOM(FEM,SG)	kalëna
Inflect wãbôrk | N;NOM(PL)	wãbórczi
Inflect canin | N;GEN(FEM,SG)	canina
Inflect winik | N;M;DAT(SG)	winikù
Inflect óbecnie | ADV	óbecnie
Inflect Czaplinek | N;SG	Czaplinek
Inflect Teritorialny | ADJ;NOM(MASC,SG)	Teritorialny
Inflect kùńc | N;DAT(SG)	kùńcu
Inflect fùndacëjô | N;GEN(SG)	fùńdacje
Inflect erupcja | N;GEN(PL)	erupcjow
Inflect Rusze | N;NOM(PL)	Rusje
Inflect ôrt | N;GEN(SG)	ôrtu
Inflect Andrisowa | N;GEN(FEM,PL)	Andrisów
Inflect papież | N;NOM(SG)	papież
Inflect papież | N;GEN(SG)	papieża
Inflect òkrążi | ADJ;GEN(MASC,SG)	òkrãżégò
Inflect Wipera | N;NOM(SG)	Vipera
Inflect Majewnik | N;NOM(SG)	Majewnik
Inflect artikiel | N;GEN(PL)	artiklów
Inflect pòmòcny | ADJ;NOM(MASC,SG)	pòmòcny
Inflect rozkawałkòwóni | ADJ;INS(MASC,SG)	rozkawałkòwónim
Inflect szlacheckô | ADJ;NOM(FEM,SG)	szlacheckô
Inflect jasny | ADJ;NOM(FEM,SG)	jasnô
Inflect zëbranic | N;GEN(PL)	zëbranich
Inflect radnica | N;NOM(PL)	radnicë
Inflect rozmiar | N;GEN(MASC,PL)	rozmiarów
Inflect klawesyn | N;DAT(PL)	klawesynie
Inflect dinastia | N;ACC(SG)	dinastiã
Inflect ùczony | ADJ;MASC;SG;LOC	ùczonym
Inflect prąd | N;GEN(SG)	prądë
Inflect prąd | N;MASCINAN;GEN(PL)	prądów
Inflect Psalm | N;NOM(SG)	Psalm
Inflect Psalm | N;LOC;SG	Psalmie
Inflect Federowicz | N;ACC(SG)	Federowicza
Inflect pòl | N;GEN(PL)	pôlów
Inflect jinszi | ADJ;ACC(MASC,SG)	jinszégò
Inflect jinszi | ADJ;INS(PL,MASC)	jinszëma
Inflect Miszewo | N;LOC;SG	Miszewie
Inflect Irak | N;GEN(SG)	Iraku
Inflect senator | N;GEN(MASC,PL)	senatorów
Inflect òbòwionzk | N;NOM(SG)	òbòwiązk
Inflect Pellew | N;NOM(SG)	Pellów
Inflect fòlwark | N;NOM(SG)	fòlwark
Inflect fòlwark | N;INS(PL)	fòlwarkama
Inflect fòlwark | N;ACC(SG)	fòlwarkã
Inflect òrgón | N;GEN(PL)	òrganów
Inflect francësczi | ADJ;INS(MASC,SG)	francësczim
Inflect fùzja | N;GEN(SG)	fùzji
Inflect Witkiewicz | N;GEN(MASC,SG)	Witkiewicza
Inflect zdrewniały | ADJ;GEN(MASC,PL)	zdrewniałëch
Inflect wëdôwac | V;INF	wëdôwac
Inflect Kòmańdersczi | ADJ;INS(MASC,SG)	Kòmańdérsczim
Inflect doktór | N;GEN(SG)	doktora
Inflect aerofón | N;GEN(PL)	aerofònów
Inflect Austria | N;GEN(SG)	Austrii
Inflect wëmiôtac | V;NFIN	wëmiôtaniu
Inflect nok | N;NOM(PL)	nokce
Inflect oktawa | N;ACC(SG)	oktawã
Inflect Wòdzera | N;LOC;PL	Wòdzeradach
Inflect zarechòwać | V;NFIN	zarechòwëwają
Inflect czepiec | N;LOC;PL	czepcach
Inflect diphtheriae | N;GEN(PL)	diphtheriae
Inflect szczęście | N;GEN(SG)	szczęścia
Inflect zainteresowanie | N;GEN(SG)	zainteresowania
Inflect papiórnô | ADJ;NOM(FEM,SG)	papiórnô
Inflect Séwnica | N;NOM(FEM,SG)	Séwnica
Inflect kalk | N;ACC(SG)	kalk
Inflect lëpny | ADJ;NOM(MASC,SG)	lëpny
Inflect finansowac | V;FIN;3;PL	finansowë
Inflect òbchòdzëc | V;NFIN	òbchòdzymë
Inflect òbchòdzëc | V;PRS;3;SG	òbchódô
Inflect akumulacja | N;GEN(SG)	akumulacji
Inflect Serakòjce | N;LOC;PL	Serakòjcach
Inflect Serakòjce | N;NOM(PL)	Serakòjce
Inflect cëzi | ADJ;GEN(PL,MASC)	cëzëch
Inflect czierënk | N;M3;NOM(SG)	czierënk
Inflect zbiorowy | ADJ;NOM(FEM,SG)	zbiorowa
Inflect tłusty | ADJ;NOM(FEM,SG)	Thuczna
Inflect sprawȯwac | N;INST;SG	sprawą
Inflect egzemplôrz | N;NOM(PL)	egzemplôrzy
Inflect wënëkac | V;NFIN	wënëkóny
Inflect serwis | N;GEN(SG)	serwisu
Inflect serwis | N;NOM(PL)	serwisy
Inflect Pòmòrze | N;GEN(SG)	Pòmòrza
Inflect ùrządzenié | N;NOM(PL)	ùrządzenia
Inflect ùrządzenié | N;NOM(SG)	ùrządzenié
Inflect òtemknienié | N;NOM(NEUT,SG)	òtemknienié
Inflect òtemknienié | N;GEN(SG)	òtemknieniô
Inflect wëplôtanié | V;NFIN;PRS;IMPF	wëplôtatają
Inflect Płëwać | V;NFIN	Płëwają
Inflect filomata | N;GEN(PL)	filomatów
Inflect ewentualny | ADJ;NOM(FEM,SG)	ewentualno
Inflect jezoro | N;GEN(PL)	Jezorów
Inflect glauc | ADJ;NOM(FEM,SG)	glauca
Inflect gard | N;NOM(SG)	gard
Inflect okno | N;LOC;PL	òknach
Inflect pszczoła | N;GEN(SG)	pszczeli
Inflect numer | N;NOM(SG)	numer
Inflect pòjedinczi | ADJ;M;NOM(SG)	pòjedinczi
Inflect Szóstô | ADJ;NOM(FEM,SG)	Szóstô
Inflect Prowansalski | ADJ;NOM(MASC,SG)	Prowansalsczi
Inflect sztuka | N;GEN(SG)	sztuki
Inflect żôgiel | N;F;INS(SG)	żôglama
Inflect miejski | ADJ;NOM(MASC,SG)	Miejski
Inflect Nimbostratus | N;NOM(SG)	Nimbostratus
Inflect papiór | N;GEN(SG)	papióru
Inflect papiór | N;LOC;SG;M3	papiórze
Inflect cadło | N;GEN(PL)	calów
Inflect pògwizdëwac | V;INF	pògwizdëwac
Inflect dwùlatny | ADJ;F;ACC(SG)	dwalatną
Inflect Hitler | N;GEN(SG)	Hitlera
Inflect Gdùńskk | ADJ;GEN(MASC,SG)	Gdùńszczégò
Inflect Rosëjô | N;GEN(SG)	Rosëji
Inflect Wëdôwizna | N;NOM(SG)	Wëdôwizna
Inflect spòr | N;INS(FEM,SG)	spòrama
Inflect krewniôczk | N;ACC(SG)	krewniôczkã
Inflect òléwsczi | ADJ;VOC(MASC,SG)	òlëwsczi
Inflect demokracëjô | N;NOM(SG,FEM)	demokracëja
Inflect demokracëjô | N;ACC(SG,FEM)	demokracëją
Inflect kraterë | N;ABL(FEM,SG)	kraterë
Inflect łebk | N;NOM(PL)	łebczi
Inflect kwitnąc | V;NFIN	kwitnie
Inflect Aktiwny | ADJ;NOM(MASC,SG)	Aktiwny
Inflect zachòwać | V;NFIN;PASS;PRF	zachòwanim
Inflect wëkòrzëstanié | N;NOM(SG)	wëkòrzystanié
Inflect kòrzéń | N;LOC;SG	kòrzeni
Inflect héklôcza | N;FEM;SG	héklôcza
Inflect mòcny | ADJ;NOM(MASC,SG)	mócny
Inflect wiktoria | N;DAT(SG,FEM)	wiktowi
Inflect pisklãtõ | ADJ;NOM(PL)	pisklãta
Inflect Òstrowa | N;M3;NOM(PL)	Òstrowë
Inflect kùrka | N;GEN(PL)	kùrk
Inflect sejc | V;SG;3;PRS	seje
Inflect lëteracki | ADJ;INS(MASC,SG)	lëteracczim
Inflect mòc | N;ACC(SG)	mòcą
Inflect Stążka | N;NOM(PL)	Stążczi
Inflect potrafic | V;FIN;3;SG	pòtrafi
Inflect Pòwiôtowi | ADJ;GEN(MASC,SG)	Pòwiatowégò
Inflect adómòwë | ADJ;VOC(MASC,SG)	atomòwi
Inflect przindnosc | N;NOM(FEM,SG)	przindnosc
Inflect rówizna | N;GEN(SG)	rówiznë
Inflect rówizna | N;INS(SG,FEM)	rówizną
Inflect Chëz | N;GEN(PL)	Chyzin
Inflect przódeczasnô | ADJ;F;INS(SG)	przódeczasnym
Inflect rësznotã | N;ACC(SG)	rësznotã
Inflect brodã | N;ACC(FEM,SG)	brodë
Inflect trzeci | ADJ;NOM(MASC,SG)	trzecy
Inflect elektrocepłowniô | N;NOM(SG,FEM)	elektrocepłowniô
Inflect zgryz | N;GEN(SG)	zgryzu
Inflect stróż | N;GEN(FEM,SG)	stróża
Inflect swinia | N;F;NOM(PL)	swinie
Inflect swinia | N;GEN(PL)	swiniów
Inflect kaszket | N;NOM(SG,MASC)	Kaszket
Inflect pòsc | N;NOM(PL)	pòsce
Inflect czinnosc | N;NOM(SG,FEM)	czinnosc
Inflect cassubische | ADJ;NOM(FEM,SG)	cassubische
Inflect kòsz | N;NOM(SG)	kòsz
Inflect kòsz | N;NOM(PL)	kòsze
Inflect Romaniô | N;NOM(SG)	Romaniô
Inflect Głowa | N;INS(SG)	Głową
Inflect jazda | N;NOM(SG)	jazda
Inflect znaczny | ADJ;ACC(MASC,SG)	Znaczni
Inflect Miodowô | ADJ;NOM(FEM,SG)	Miodowô
Inflect miecz | N;NOM(SG)	miecz
Inflect miecz | N;INS(SG)	mieczem
Inflect miecz | N;INST;SG	mieczã
Inflect miecz | N;LOC;SG	mieczą
Inflect biôłka | N;GEN(SG)	biôłczi
Inflect przedstôwc | N;ACC(SG)	przedstôwcã
Inflect elemeńt | N;VOC(PL)	elemeńtë
Inflect pùstk | N;GEN(SG)	pùstczi
Inflect Grónland | N;NOM(SG,MASC)	Grønland
Inflect kùtra | N;LOC;PL	kùtrach
Inflect kùtra | N;NOM(PL)	kùtrë
Inflect gónia | N;VOC(SG)	gónie
Inflect pielgrzimkòwô | ADJ;INS(MASC,SG)	pielgrzimkòwim
Inflect pielgrzimkòwô | ADJ;NOM(FEM,SG)	pielgrzimkòwô
Inflect òdcëgnąc | V;NFIN;PRF	òdcygnąc
Inflect Kùńc | N;NOM(SG)	Kùńc
Inflect produktiwny | ADJ;NOM(MASC,SG)	produktiwny
Inflect obrzészny | ADJ;INS(MASC,SG)	obrzésznym
Inflect rolniczy | ADJ;GEN(MASC,PL)	rolniczych
Inflect Kaszuba | N;MASC;PL;LOC	Kaszubach
Inflect trãbôcz | V;IMP;SG;2	trãbôcz
Inflect òbszar | N;GEN(PL,MASC)	òbszarów
Inflect Szerszeń | N;NOM(SG)	Szerszéń
Inflect indywidualny | ADJ;GEN(MASC,SG)	indiwidualnégò
Inflect Mikòłaj | N;GEN;VOC(MASC,SG)	Mikòłaja
Inflect Hewò | ADV	hewò
Inflect brzëmienió | N;DAT(SG,NEUT)	brzëmieniu
Inflect Pisklã | N;NOM(PL)	Pisklãta
Inflect tradicjô | N;F;NOM(SG)	Tradicjô
Inflect telewizëjô | N;GEN(SG)	telewizëji
Inflect przëdróżnikòwatëch | ADJ;GEN(MASC,PL)	przëdróżnikòwatëch
Inflect pòprôwac | V;IMP;PFV	pòprôwë
Inflect strata | N;VOC(SG)	stratë
Inflect zając | N;NOM(SG)	zajc
Inflect szczyt | N;INST;SG	szczytem
Inflect Sprôwny | ADJ;INS(MASC,SG)	Sprôwnym
Inflect często | ADV	często
Inflect môlë | V;IMP;PL;2	môlë
Inflect misjónôrz | N;NOM(SG)	misjónôrz
Inflect Frãcëszka | N;NOM(FEM,SG)	Frãcëszka
Inflect Szmaragd | N;NOM(SG)	Szmaragd
Inflect grobnica | N;NOM(FEM,SG)	grobnica
Inflect grobnica | N;GEN(FEM,SG)	grobnice
Inflect nôdinamiczny | ADJ;VOC(MASC,SG)	nôdinamiczni
Inflect bëdło | N;NOM(SG)	bëdło
Inflect nordowòkòrejański | ADJ;ACC(FEM,SG)	nordowòkòrejańską
Inflect jańioł | N;INS(SG)	janiołã
Inflect Pierre | N;DAT(SG)	Pierreowi
Inflect jinteligencëjô | N;GEN(SG)	jinteligencëji
Inflect Królestwò | N;GEN(SG)	Królestwa
Inflect Królestwò | N;NOM(SG,NEUT)	Królestwò
Inflect Wrëka | N;NOM(SG)	Wrëcza
Inflect ksãżstwò | N;NOM(SG,NEUT)	ksãżstwò
Inflect przechòdzyc | V;NFIN	przechòdzy
Inflect Sadzenié | V;NFIN;INF	Sadzenié
Inflect stalinowsci | ADJ;INS(MASC,SG)	stalinowsczim
Inflect trasianka | N;NOM(FEM,PL)	trasianczi
Inflect szlak | N;GEN(SG)	szlaku
Inflect szlak | N;GEN(SG)	szlakù
Inflect arijsczi | ADJ;NOM(MASC,PL)	arijsczi
Inflect gòspòdarstwò | N;GEN(SG)	gòspòdarstwa
Inflect gòspòdarstwò | N;GEN(PL)	gòspòdarstwów
Inflect pòsélëc | V;PRS;3;SG	pòsélô
Inflect pòprôwdzerzëc | V;IMP;PL;REF	pòprôwdze
Inflect rzec | V;INF	rzec
Inflect półkòwnik | N;NOM(SG,MASC)	półkòwnik
Inflect dochôdac | V;CVB;IMPF	dochôdającë
Inflect Krzëżôk | N;NOM(PL)	Krzëżôcë
Inflect Krzëżôk | N;GEN(PL)	Krzëżôków
Inflect Wielkopolski | ADJ;NOM(SG,MASC)	Wielkopolski
Inflect Krokòwò | N;F;NOM(SG)	Krokòwò
Inflect Ùmarłi | ADJ;VOC(MASC,SG)	Ùmartégò
Inflect dokùmentacëjô | N;GEN(SG)	dokùmentacëji
Inflect drzewianié | N;GEN(SG)	drzenieniô
Inflect kapłańsczi | ADJ;VOC(MASC,SG)	kapłańsczi
Inflect zróżnicowóny | ADJ;NOM(FEM,PL)	zróżnicowóné
Inflect kôrta | N;ACC(SG)	kôrtã
Inflect kôrta | N;NOM(PL)	kôrtë
Inflect robic | V;INF	robic
Inflect Krënica | N;DAT(FEM,SG)	Krënicë
Inflect Kukulëca | N;NOM(SG)	Kukùlëca
Inflect Luzula | N;F;NOM(SG)	Luzula
Inflect czôrny | ADJ;NOM(FEM,SG)	czôrna
Inflect wietewka | N;GEN(SG)	wietewczi
Inflect wietewka | N;DIM;GEN(PL)	wietewków
Inflect Ball | N;ACC(SG)	Ballët
Inflect midza | N;DAT(FEM,PL)	midze
Inflect krtań | N;GEN(SG)	krtani
Inflect zrãczny | ADJ;NOM(MASC,SG)	zrãczny
Inflect sistemë | N;GEN(MASC,SG)	sistemù
Inflect rzemieśnik | N;NOM(MASC,SG)	rzemiãsnik
Inflect kaktus | N;PL	kaktusë
Inflect bes | N;DAT(SG)	besu
Inflect mòralny | ADJ;INS(MASC,SG)	mòralnym
Inflect ôrt | N;INS(SG)	ôrtã
Inflect ôrt | N;ACC(PL)	ôrtë
Inflect wiãkszi | ADJ;CMPR	wiãkszi
Inflect amerikańsczi | ADJ;NOM(MASC,SG)	amerikańsczi
Inflect tëkac | V;FIN	tëkac
Inflect kòło | N;LOC;SG	kòle
Inflect Architektura | N;ACC(SG)	Architekturë
Inflect argùmént | N;ACC(SG)	argùmentã
Inflect wespółaùtorstwò | N;NOM(SG,NEUT)	wespółaùtorstwò
Inflect smierc | N;GEN(SG)	śmierci
Inflect grzëba | N;F;NOM(SG)	grzëba
Inflect cëchi | ADJ;NOM(MASC,SG)	cëszi
Inflect spòlizna | N;LOC;SG;FEM	spòlëznym
Inflect dokùmeńt | N;GEN(PL)	dokùmeńtów
Inflect kartka | N;GEN(SG)	kartësczi
Inflect zbiór | N;NOM(SG)	zbiór
Inflect zacmienim | V;FUT;SG;1	zacmienim
Inflect violaceus | ADJ;NOM(MASC,SG)	violaceus
Inflect dozdrzelałégò | ADJ;GEN(MASC,SG)	dozdrzelałégò
Inflect wrzós | N;NOM(SG)	wrzos
Inflect rōdeùs | N;M;NOM(SG)	Rhodeus
Inflect karno | N;GEN(PL)	karnów
Inflect wirusowi | ADJ;GEN(MASC,SG)	wirusowégò
Inflect gùrcëc | V;PRS;3;SG	gùrczi
Inflect pòsłóny | ADJ;NOM(MASC,PL)	pòsłóny
Inflect prôca | N;ACC(SG)	prôc
Inflect lëteùsczi | ADJ;GEN(MASC,PL)	lëtewsczich
Inflect króm | N;SG;FUT	kròm
Inflect spòdli | N;GEN(SG)	spòdlé
Inflect sadzy | V;SUB(3,SG)	sadzy
Inflect ilosc | N;LOC;PL	iloscach
Inflect Kąkol | N;NOM(MASC,SG)	Kąkel
Inflect Gardneńsczi | ADJ;INS(MASC,SG)	Gardneńsczim
Inflect gard | N;MASC;INST;SG	gardóm
Inflect gard | N;GEN(PL)	gardów
Inflect całô | ADJ;NOM(FEM,SG)	Całô
Inflect jagòda | N;ACC(SG,FEM)	jagòdã
Inflect jagòda | N;NOM(FEM,PL)	jagòdë
Inflect jagòda | N;F;NOM(SG)	jagòdô
Inflect jakbe | V;PST;3;SG	jakbe
Inflect inwesticëja | N;GEN(SG)	inwesticëji
Inflect lékarskô | ADJ;NOM(FEM,SG)	lékarsczé
Inflect rozestać | V;PST;MASC;SG	rozestôł
Inflect Miodnô | ADJ;NOM(FEM,SG)	Miodnô
Inflect kòntakt | N;GEN(PL)	kòntaktów
Inflect pòrtugalskô | ADJ;ACC(FEM,SG)	pòrtugalskù
Inflect rozwijac | V;IMP;SG;2	rozwij
Inflect jeséń | N;NOM(SG)	jeséń
Inflect szmùgiel | N;VOC(SG)	szmùglu
Inflect Herã | N;ACC(SG)	Herã
Inflect brunô | ADJ;NOM(FEM,SG)	brunô
Inflect brunô | ADJ;ACC(FEM,SG)	bruną
Inflect strona | N;ACC(SG)	stronã
Inflect òsël | N;NOM(MASC,SG)	òseł
Inflect Jirlandja | N;F;INS(SG)	Jirlandjiã
Inflect òdzwierciedlenim | N;INS(SG)	òdzwierciedlenim
Inflect Ontario | N;NOM(SG)	Ontario
Inflect widzënkòwi | ADJ;NOM(FEM,SG)	widzënkòwô
Inflect Pòbòżnosc | N;NOM(FEM,SG)	Pòbòżnosc
Inflect Kwasnica | N;NOM(SG)	Kwasnica
Inflect daleczi | ADJ;NOM(FEM,SG)	dalekô
Inflect wilk | N;ACC(SG)	wilka
Inflect wilk | N;GEN(PL,MASC)	wilków
Inflect Gutland | N;NOM(SG)	Gutland
Inflect Dólnégò | ADJ;ACC(MASC,SG)	dólnô
Inflect wëmòwa | N;F;ACC(SG)	wëmòwã
Inflect Bôłt | N;DAT(SG)	Bôłtowi
Inflect Bedeker | N;NOM(SG)	Bedeker
Inflect galaretowaty | ADJ;ACC(FEM,SG)	galaretowatą
Inflect teatr | N;DAT(SG)	teatru
Inflect ógón | N;GEN(SG)	ógóna
Inflect kréz | N;GEN(PL,MASC)	krézów
Inflect òliwny | ADJ;NOM(MASC,SG)	òliwny
Inflect szari | ADJ;GEN(MASC,SG)	szarégò
Inflect palëta | N;F;NOM(SG)	paleta
Inflect gòspòdënia | N;ACC(SG,FEM)	gòspòdënią
Inflect gryps | N;NOM(SG)	gryps
Inflect ritmika | N;FEM;LOC;SG	ritmice
Inflect palësznica | N;NOM(SG)	palësznica
Inflect zgnojenie | N;GEN(PL)	zgnojeniów
Inflect zetknięcie | N;NOM(SG)	zetnienié
Inflect Ùkłȏdȏ | N;NOM(FEM,SG)	Ùkłȏdȏ
Inflect pòtrzebny | ADJ;ACC(SG,FEM)	pòtrzébną
Inflect swiëtowi | ADJ;NOM(MASC,PL)	swiatowi
Inflect miesãcznikÙ | N;DAT(MASC,SG)	miesãcznikù
Inflect miedwiédz | N;NOM(SG)	miedwiédz
Inflect armija | N;ACC(SG)	armijã
Inflect kapùsta | N;NOM(FEM,SG)	kapùsta
Inflect kapùsta | N;GEN(SG)	kapùstë
Inflect grónkòwnô | N;NOM(FEM,SG)	grónkòwniô
Inflect stôrodony | ADJ;NOM(MASC,SG)	stôrodóny
Inflect żëwnota | N;ACC(SG)	żëwnotë
Inflect żëwnota | N;INST;SG	żëwnotą
Inflect spùstny | ADJ;NOM(MASC,SG)	spùstny
Inflect wiãkszosc | N;GEN(SG)	wiãkszoscë
Inflect miarzenié | N;GEN(SG)	mierzeniô
Inflect pòliticzny | ADJ;NOM(FEM,SG)	pòliticznô
Inflect Bògùsłôw | N;NOM(SG)	Bògùsłôw
Inflect Lasowô | ADJ;NOM(FEM,SG)	Lasowô
Inflect Linuk | N;GEN(FEM,SG)	Linuksa
Inflect publiczy | ADJ;NOM(MASC,SG)	Public
Inflect archeòlodzë | N;NOM(PL)	archeòlodzë
Inflect mùlk | N;ACC(SG)	mùlkã
Inflect seminja | N;ACC(SG)	seminny
Inflect test | N;GEN(PL)	testów
Inflect sztabilny | ADJ;GEN(MASC,SG)	sztabilnégò
Inflect sztabilny | ADJ;GEN(MASC,PL)	sztabilnëch
Inflect bezùgòdny | ADJ;NON;NOM(PL,MASC,HUM)	bezùgòdowé
Inflect dzélk | N;INST;PL;F	dzélkama
Inflect ùrzãdzëc | V;IMP;PL;SEC	ùrzãdë
Inflect kilométrë | N;NOM(PL)	kilométrë
Inflect gôdka | N;VOC(SG)	gôdce
Inflect biegac | V;INF	biegac
Inflect Szymborska | N;NOM(FEM,SG)	Szymborska
Inflect Kafarnaùm | N;LOC;SG	Kafarnaùmie
Inflect róża | N;NOM(FEM,SG)	róża
Inflect Etiopia | N;GEN(SG)	Etiopii
Inflect wëdónié | N;NOM(NEUT,SG)	wëdónié
Inflect barżi | ADV	barżi
Inflect stolaté | ADJ;MASC;INST;SG	stolatégò
Inflect sztôłc | N;DAT(SG,FEM)	sztôłce
Inflect wëbór | N;M3;NOM(SG)	wëbór
Inflect zôpadze | V;NFIN	zôpadze
Inflect kloczk | N;ABL(PL)	klocczi
Inflect Tybetansczëk | ADJ;NOM(FEM,SG)	Tybetańskô
Inflect kómps | N;ACC(SG)	Kumsu
Inflect Pùcczi | ADJ;NOM(MASC,PL)	Pùcczi
Inflect patronka | N;ACC(SG)	patronkã
Inflect okres | N;LOC;SG	okresie
Inflect pòlskòmiemieckô | ADJ;NOM(FEM,SG)	pòlskòmiemieckô
Inflect stalëtia | N;GEN(SG)	stalatégò
Inflect Saxonijo | N;VOC(SG)	Saxoniae
Inflect nórt | N;GEN(PL)	nórtów
Inflect perzinka | N;ACC(SG)	perzinkã
Inflect skòrznia | N;NOM(SG)	skòrznia
Inflect Strzédnowieczny | ADJ;NOM(FEM,SG)	Strzédnowiecznô
Inflect wizyta | N;GEN(SG)	wizytë
Inflect kréza | N;VOC(PL)	krézë
Inflect parliamentô | N;NOM(SG)	parliment
Inflect ùtwórca | N;NOM(SG)	ùtwórca
Inflect ùtwórca | N;INSTR;PL	ùtwórcama
Inflect nierównosc | N;ACC(PL)	nierównoscë
Inflect Wejherowo | N;NOM(SG)	Wejherowo
Inflect bioetika | N;ACC(FEM,SG)	bioetik
Inflect dłoniastë | ADJ;ACC(FEM,PL)	dłoniasté
Inflect filozofia | N;ACC(SG)	filozofiã
Inflect ùrzãdno | ADJ;NOM(FEM,SG)	ùrzãdno
Inflect ùrzãdno | ADJ;NOM(FEM,SG)	ùrzãdné
Inflect wòjewództwò | N;LOC;SG	wòjewództwie
Inflect wòjewództwò | N;NOM(SG,NEUT)	wòjewództwò
Inflect wòjewództwò | N;GEN(PL)	wòjewództwów
Inflect wòjewództwò | N;DAT(SG)	wòjewództwù
Inflect dzys | N;GEN(SG)	dzysu
Inflect wschòdny | ADJ;INS(MASC,SG)	wschòdnym
Inflect ZDROWY | ADJ;NOM(FEM,SG)	Zdrowé
Inflect wszelejaczi | ADJ;NOM(FEM,SG)	wszelejakô
Inflect przezdrzélnik | N;GEN(PL)	przezdrzélników
Inflect cwiczënk | N;GEN(PL)	cwiczënków
Inflect kòłôcz | N;INS(PL)	kòłôczama
Inflect kòłôcz | N;INS(PL)	kòłôczami
Inflect Nampho | N;F;NOM(SG)	Nampho
Inflect pòkrëk | N;NOM(SG)	pòkrok
Inflect rëna | N;DAT(SG)	rënë
Inflect Hawana | N;NOM(FEM,SG)	Hawana
Inflect malënowi | ADJ;NOM(MASC,SG)	malënowi
Inflect gatëncë | N;NOM(PL)	gatënczi
Inflect mitka | N;GEN(SG)	mitczi
Inflect mitka | N;GEN(FEM,SG)	mitkò
Inflect wòrkòwati | V;NFIN	wòrkòwati
Inflect plebiscyt | N;LOC;SG;MASC	plebiscyce
Inflect plebiscyt | N;LOC;SG	plebiscycie
Inflect Òrganowô | ADJ;NOM(FEM,SG)	Òrganowô
Inflect Minysterstwò | N;NOM(SG)	Minysterstwò
Inflect spiéw | V;SG;IMP	spiéw
Inflect charakter | N;NOM(SG)	charakter
Inflect Babilonjô | N;GEN(SG)	Babilonji
Inflect Wdzydze | N;LOC;PL	Wdzydzach
Inflect młodzy | ADJ;NOM(FEM,SG)	nômłodszô
Inflect strzodowiskò | N;LOC;SG	strzodowiskù
Inflect parcelacjô | N;GEN(SG)	parcelacji
Inflect Pòmòrza | N;NOM(SG)	Pòmòrzô
Inflect Cruce | N;ACC(SG)	Cruce
Inflect plugina | N;GEN(SG)	Pluginsama
Inflect wërzucëc | V;NFIN	wërzucô
Inflect spòłeczeństwò | N;NOM(SG)	spòłeczeństwò
Inflect wspòminka | N;LOC;PL	wspòminkach
Inflect Krzón | N;NOM(SG,MASC)	Krzón
Inflect pòlszczi | ADJ;VOC(MASC,SG)	pòlsczéhô
Inflect Seczkarz | N;NOM(FEM,SG)	Seczkarka
Inflect Wittelsbach | N;DAT(PL)	Wittelsbachama
Inflect Antón | N;GEN(MASC,SG)	Antóna
Inflect mączkòwnica | N;ACC(FEM,PL)	mączkòwnicë
Inflect zëgmùntowsczi | ADJ;ACC(PL,MASC)	zëgmùntowsczich
Inflect mòwa | N;NOM(SG)	Mòwa
Inflect warëc | V;NFIN	warëją
Inflect kło | N;GEN(PL)	kłów
Inflect zôchãcywac | V;INF	zôchãcywac
Inflect krukòvac | V;TR;IMPF;INF	krukòvati
Inflect głëpòta | N;GEN(SG)	głëpòtë
Inflect jednoroczny | ADJ;NOM(MASC,SG)	jednoroczny
Inflect jednoroczny | ADJ;NOM(FEM,SG)	jednorocznô
Inflect żółtobiôłi | ADJ;NOM(MASC,SG)	żółtobiôłi
Inflect kangùra | N;NOM(PL)	kangùrë
Inflect kôń | N;GEN(PL)	kònno
Inflect spanié | V;NFIN	spanié
Inflect dokładny | ADJ;NOM(MASC,SG)	dokładny
Inflect dokładny | ADJ;INS(MASC,SG)	dokładnym
Inflect dokładny | ADJ;GEN(MASC,SG)	dokładnégò
Inflect wstëdléwi | ADJ;NOM(FEM,SG)	wstëdléwa
Inflect zdënk | N;NOM(SG,MASC)	zdënk
Inflect chwôtac | V;3;PL;PRS	chwôtają
Inflect prowincyjô | N;GEN(SG)	prowincëji
Inflect egzamina | N;NOM(PL)	egzaminë
Inflect Kòminôrz | N;FK;NOM(SG)	Kòminôrz
Inflect erozja | N;GEN(SG)	erozji
Inflect pòchôdanié | N;GEN(SG)	pòchôdaniégò
Inflect bògaty | ADJ;INS(MASC,SG)	bògato
Inflect pùdło | N;NOM(SG)	Pùdło
Inflect prawòsłôwny | ADJ;NOM(MASC,SG)	prawòsłôwny
Inflect Szëflada | N;NOM(SG)	Szëflôda
Inflect swiat | N;NOM(MASC,SG)	swiat
Inflect kamizna | N;LOC;PL	kamiznach
Inflect kamizna | N;ACC(PL)	kamiznë
Inflect Misgurnus | N;NOM(SG)	Misgurnus
Inflect włożëc | V;INF	włożëc
Inflect zwikszanié | N;GEN(SG)	zwikszaniô
Inflect dopełnienié | N;NOM(SG)	dopełnienié
Inflect òlsza | N;NOM(FEM,SG)	ólszka
Inflect òstrzegawic | ADJ;VOC(MASC,SG)	òstrzegawczi
Inflect klaun | N;ACC(SG)	klauna
Inflect Szlapnik | N;NOM(SG,MASC)	Szlapnik
Inflect ùczeń | N;DAT(PL)	ùczebnym
Inflect proza | N;NOM(SG)	proza
Inflect rozpùszczëc | V;INF	rozpùszczëc
Inflect prësczi | ADJ;VOC(MASC,SG)	prësczé
Inflect substancja | N;INS(SG)	substancją
Inflect Pichlón | N;NOM(PL,MASC)	Pichlónë
Inflect Wëbrzeżé | N;GEN(SG)	Wëbrzeżégò
Inflect òbkrëwac | V;IMP;3;SG	òbkriwô
Inflect lágòwë | ADJ;VOC(MASC,SG)	lãgòwi
Inflect ùszónowac | V;INF	ùszónowac
Inflect Danuta | N;NOM(FEM,SG)	Danuta
Inflect przydroże | N;LOC;PL	przydrożach
Inflect kwiôt | N;M3;NOM(SG)	kwiôt
Inflect Parlament | N;GEN(SG)	Parlamentu
Inflect długi | ADJ;INS(FEM,SG)	dłdżima
Inflect kònfesjonalnô | ADJ;GEN(MASC,PL)	kònfesjonalnëch
Inflect dostôwać | V;NFIN	dostôwajã
Inflect kaszëbsczi | ADJ;NOM(FEM,SG)	kaszubska
Inflect kaszëbsczi | ADJ;ACC(MASC,PL)	kaszubskich
Inflect kaszëbsczi | ADJ;GEN(MASC,SG)	kaszubskiego
Inflect półkula | N;GEN(SG)	półkùgli
Inflect zboże | N;GEN(PL)	zbóż
Inflect pòdjimca | N;ACC(PL)	pòdjimcowie
Inflect jądrowi | ADJ;NOM(PL,MASC)	jądrowé
Inflect Državna | ADJ;F;NOM(SG)	Državna
Inflect Wëspa | N;GEN(SG)	Wëspë
Inflect Gazeta | N;NOM(FEM,SG)	Gazetë
Inflect Tropaeolum | N;NOM(SG)	Tropaeolum
Inflect Niemiec | N;GEN(PL)	Niemców
Inflect Prowincëjô | N;NOM(SG,FEM)	Prowincëjô
Inflect błona | N;ACC(SG)	błonã
Inflect dłëgô | ADJ;GEN(FEM,PL)	dłùżawë
Inflect môłdżawskô | ADJ;ACC(FEM,SG)	môłdawską
Inflect britijsczi | ADJ;NOM(MASC,PL)	britijsczi
Inflect ùznaczenié | N;INS(SG)	ùznaniém
Inflect òbszar | N;MASC;SG	òbszar
Inflect Jastarniô | N;NOM(SG,FEM)	Jastarné
Inflect wëwòłac | V;INF	wëwòłac
Inflect sparłączënia | N;NOM(PL)	sparłãczënia
Inflect wëkònôwôcz | N;VOC(PL)	wëkònôwôczë
Inflect repòrtaż | N;NOM(SG)	repòrtaż
Inflect bëtnictwò | N;NOM(NEUT,SG)	bëtnictwò
Inflect rozcëvac | V;PRS;3;PL	roscënama
Inflect Baech | N;DAT(SG)	Baechu
Inflect dżudo | N;NOM(SG)	judo
Inflect Jerozolëma | N;NOM(SG)	Jerozolëma
Inflect kòlónia | N;GEN(PL)	kòloniów
Inflect kandidat | N;ACC(SG)	kandidatã
Inflect kandidat | N;GEN(PL,MASC)	kandidatów
Inflect sëchta | N;NOM(PL)	Sëchtë
Inflect pòrënkòwi | ADJ;INS(MASC,SG)	pòrënkòwim
Inflect karn | N;NOM(SG)	Karno
Inflect struga | N;F;ACC(SG)	strużką
Inflect òsóbny | ADJ;NOM(MASC,SG)	òsóbny
Inflect òkrãtnica | N;NOM(FEM,PL)	òkrãtniczi
Inflect tajny | ADJ;NOM(MASC,SG)	tajny
Inflect bjedny | ADJ;GEN(MASC,SG)	biédnégó
Inflect Kadzmiérz | N;FEM;SG	Kadzmiérz
Inflect zapadłi | ADJ;GEN(MASC,SG)	zapadłégò
Inflect Nawetka | N;FEM;SG	Nawetka
Inflect jida | V;NFIN	jôda
Inflect sfòrmòwac | V;INF	sfòrmòwac
Inflect ekspònat | N;GEN(PL)	ekspònatów
Inflect Dãbògóra | N;ACC(SG)	Dãbògórã
Inflect wòda | N;LOC;PL	wòdach
Inflect trasa | N;LOC;SG	traëse
Inflect lipic | N;GEN(SG)	lipińca
Inflect hazardnica | N;F;NOM(PL)	hazardnicë
Inflect kòmandëch | N;GEN(PL)	kòmańdë
Inflect sostra | N;ACC(PL)	sostry
Inflect sostra | N;GEN(PL)	sostrów
Inflect agencja | N;GEN(SG)	agencjë
Inflect Magnolia | N;NOM(SG)	Magnolia
Inflect pòliticzny | ADJ;NOM(PL,MASC)	pòliticzne
Inflect pòliticzny | ADJ;F;ACC(SG)	pòliticzno
Inflect pòliticzny | ADJ;NOM(MASC,SG)	pòliticzny
Inflect pòliticzny | ADJ;INS(MASC,SG)	pòliticznym
Inflect pòliticzny | ADJ;INS(MASC,PL)	pòliticznyma
Inflect ùCZËC | V;INF	ùczëc
Inflect chtërny | ADJ;NOM(MASC,SG)	chtërny
Inflect chtërny | ADJ;NOM(PL,MASC)	chtërné
Inflect chtërny | ADJ;ACC(MASC,SG)	chtërnégò
Inflect parafijalnô | ADJ;NOM(FEM,SG)	parafijalnô
Inflect wielotómòwy | ADJ;NOM(FEM,SG)	wielotomòwô
Inflect chiża | N;ACC(PL)	chiże
Inflect pòstawic | V;INF	pòstawic
Inflect cwiardë | ADJ;INS(MASC,SG)	cwiardim
Inflect familiô | N;NOM(SG)	familië
Inflect liturgiô | N;DAT(SG)	liturgie
Inflect temperatura | N;LOC;SG	temperaraturze
Inflect temperatura | N;NOM(SG)	temperatura
Inflect temperatura | N;INSTR;PL	temperaturama
Inflect mały | ADJ;ACC(FEM,SG)	małą
Inflect badżeriąjba | V;IPFV;IND;NFIN	badérëje
Inflect lékarskji | ADJ;NOM(MASC,SG)	Lékarsczi
Inflect Pommerellen | N;ACC(SG)	Pommerellen
Inflect archikatedralny | ADJ;NOM(FEM,SG)	archikatedralna
Inflect parafialnô | ADJ;NOM(FEM,SG)	parafialnô
Inflect Grëpa | N;NOM(FEM,SG)	Grëpa
Inflect Grëpa | N;DAT(SG)	Grëpie
Inflect żôłtoczôrny | ADJ;GEN(MASC,PL)	żôłtoczôrnëch
Inflect mnich | N;NOM(SG)	mnich
Inflect roslënny | ADJ;INS(MASC,SG)	roslënny
Inflect sklav | N;NOM(MASC,SG)	sklavus
Inflect zmartwëchwstanié | N;LOC;SG	zmartwëchwstanim
Inflect jisz | ADV	jisz
Inflect browar | N;GEN(MASC,SG)	browaru
Inflect technik | N;F;INS(SG)	techniką
Inflect dorada | N;GEN(PL)	doradów
Inflect przerôbiac | V;NFIN;CONV	przerôbianié
Inflect wiôlgòmiastowi | ADJ;INS(MASC,PL)	wiôlgòmiastowima
Inflect grupã | N;ACC(FEM,SG)	grupã
Inflect Wierzgùlëca | N;NOM(FEM,SG)	Wierzgùlëca
Inflect wcale | ADV	wcale
Inflect Keyserlingk | N;GEN(PL)	Keyserlingków
Inflect pùkło | N;LOC;PL	pùklach
Inflect zwiedzać | V;INF	zwiedzac
Inflect Drezdëno | N;NOM(SG)	Drezdëne
Inflect pòżiteczny | ADJ;NOM(MASC,SG)	pòżiteczny
Inflect Póznié | V;IMP;PL	Póznié
Inflect wnosëc | V;NFIN	wnôsza
Inflect pszczélka | N;DAT(PL)	pszczélkòwie
Inflect załómany | N;LOC;PL	załómaniach
Inflect wierzt | N;NOM(PL)	Wiérztë
Inflect snieżësti | ADV;POS	snieżësto
Inflect krézowi | ADJ;GEN(MASC,SG)	krézowégò
Inflect król | N;NOM(PL)	królowie
Inflect król | N;ACC(SG)	królã
Inflect rezerwa | N;NOM(SG)	rezerwa
Inflect Zëc | V;IMP;2;SG	Zëje
Inflect swieca | N;ACC(PL)	swiece
Inflect sprzãt | N;GEN(PL)	sprzãtã
Inflect familëjô | N;ACC(SG,FEM)	familëje
Inflect Gdańsk | N;MASC;SG;LOC	Gdański
Inflect Gdańsk | N;LOC;SG	Gdańsku
Inflect zakrącëc | V;INF	zakrącëc
Inflect pensja | N;GEN(SG)	pensji
Inflect Dëlta | N;ACC(SG)	Deltë
Inflect partnerstwo | N;LOC;SG;NEUT	partnerstwie
Inflect ùsôdztwò | N;LOC;SG	ùsôdztwie
Inflect Wãgòrzëno | N;NOM(SG)	Wãgòrzëno
Inflect mrozno | ADV	mrozno
Inflect młodzëzna | N;F;ACC(SG)	młodzëznã
Inflect młodzëzna | N;GEN(SG)	młodzëznë
Inflect Jałówc | N;VOC(SG)	Jałówc
Inflect Tatczezna | N;GEN(SG)	Tatczëznë
Inflect Pòlitechnika | N;DAT(SG)	Pòlitechnice
Inflect mësz | N;NOM(SG)	Mësz
Inflect wejrowsczi | ADJ;MDR;INS(SG)	wejrowsczim
Inflect blëskò | ADV	blëskò
Inflect ląd | N;DAT(SG)	lądowi
Inflect zjawiszcze | N;NOM(SG,NEUT)	zjawiszcze
Inflect Renifer | N;NOM(SG)	Renifer
Inflect niéżëczën | N;ACC(SG)	niéżëczny
Inflect Budacëjô | N;NOM(SG)	Budacëjô
Inflect włączenia | V;CVB;NFIN;PRF	włączeniégò
Inflect fòlklor | N;GEN(SG)	fòlkloru
Inflect pòkrziżk | N;NOM(PL)	pòkrziżacczi
Inflect sztatus | N;M3;NOM(SG)	sztatus
Inflect Kòcewskô | ADJ;NOM(FEM,SG)	Kòcéwskô
Inflect wãgla | N;GEN(PL)	wãglów
Inflect pastusz | N;LOC;SG	pastuszë
Inflect òswiata | N;GEN(SG)	òswiatë
Inflect òdzewac | V;SG;PR;3	òdzéwô
Inflect Pòlanowskô | ADJ;NOM(FEM,SG)	Pòlanowskô
Inflect Wieś | N;NOM(SG)	Wies
Inflect Rëbacczi | ADJ;VOC(MASC,SG)	Rëbacczé
Inflect szczestlëwi | ADJ;NOM(FEM,SG)	szczestlëwô
Inflect akùrôtny | ADJ;NOM(FEM,SG)	akùrôtno
Inflect Preferëjë | V;3;PRS;SG	Preferëje
Inflect Begonijô | N;NOM(SG)	Begonijô
Inflect pòdstawa | N;INS(SG)	pòdstawą
Inflect Kòmanda | N;GEN(SG)	Kòmańdë
Inflect przëblëżenié | N;INS(SG)	przëblëżenim
Inflect spiérczi | N;NOM(PL)	spiérczi
Inflect rana | N;NOM(SG,FEM)	Rana
Inflect stowôra | N;ACC(PL)	stowôrë
Inflect zawisnąć | V;INF	zawisnac
Inflect Kaszëbską | ADJ;ACC(FEM,SG)	Kaszëbską
Inflect reka | N;F;NOM(SG)	reka
Inflect jikòn | N;ACC(PL)	jikònë
Inflect przëtrôfk | N;NOM(SG)	przëtrôfk
Inflect przëtrôfk | N;GEN(SG)	przëtrôfkù
Inflect wierzenié | N;GEN(PL)	wierzeniów
Inflect Szekspir | N;GEN(SG)	Szekspira
Inflect tërôzni | ADV	tërôzniészim
Inflect Horologium | N;GEN(PL)	Horologiorum
Inflect Karków | N;NOM(SG)	Karków
Inflect rozmajiti | ADJ;GEN(MASC,PL)	rozmajitich
Inflect Robòtnik | N;NOM(PL,MASC)	Robòtniczi
Inflect rozwiązëwac | V;INF	rozwiązëwac
Inflect bët | N;GEN(PL,MASC)	bëtów
Inflect Chòszczk | N;NOM(SG)	Chòszczka
Inflect znikwiónô | ADJ;NOM(FEM,SG)	znikwionô
Inflect zwëk | N;NOM(SG)	zwëk
Inflect Kennedÿs | N;GEN(PL)	Kennedÿs
Inflect czôrny | ADJ;NOM(MASC,SG)	Czôrny
Inflect płita | N;GEN(PL)	płitów
Inflect jindustriowi | ADJ;GEN(MASC,PL)	jindustriowëch
Inflect mediczny | ADJ;NOM(MASC,SG)	mediczny
Inflect Timina | ADJ;NOM(FEM,SG)	Timina
Inflect drzéwò | N;GEN(SG)	drewna
Inflect Daniël | N;DAT(SG)	Danowi
Inflect szermierka | N;F;ACC(SG)	szermierkã
Inflect kùna | N;NOM(SG)	kùna
Inflect cały | ADJ;NOM(FEM,SG)	cała
Inflect Jezioro | N;NOM(PL)	Jeziora
Inflect Lëst | N;NOM(PL)	Lëstë
Inflect refòrma | N;DAT(SG)	refòrmie
Inflect refòrma | N;F;NOM(SG)	refòrmë
Inflect Grëdządzk | ADJ;INS(MASC,SG)	Grëdządzczim
Inflect pôch | N;NOM(MASC,SG)	pôch
Inflect wtedë | ADV	wtedë
Inflect Lepszëna | N;ACC(SG)	Lopszenecz
Inflect pòzmiana | N;NOM(FEM,SG)	pòzmiana
Inflect cemnobùro | ADJ;VOC(MASC,SG)	cemnobùro
Inflect satiriczny | ADJ;ACC(MASC,PL)	satiricznëch
Inflect Corôz | ADV	Corôz
Inflect grac | V;PST;M;SG	grëwôł
Inflect Państwò | N;NOM(SG)	Państwò
Inflect Pnącô | ADJ;NOM(FEM,SG)	Pnącô
Inflect Pòrénkòwi | ADJ;NOM(MASC,SG)	Pòrénkòwy
Inflect Pòrénkòwi | ADJ;NOM(FEM,SG)	Pòrénkòwô
Inflect ògroda | N;LOC;PL	ògardach
Inflect przëkłôd | N;INS(MASC,SG)	przëkłôd
Inflect major | N;GEN(SG)	majora
Inflect Witkòwô | ADJ;NOM(FEM,SG)	Witkòwô
Inflect Prôwdzëwô | ADJ;NOM(FEM,SG)	Prôwdzëwô
Inflect antologia | N;DAT(SG)	antologie
Inflect antologia | N;GEN(SG)	antologii
Inflect smiech | N;LOC;SG	smieje
Inflect stopień | N;GEN(SG)	stopni
Inflect stopień | N;LOC;PL	stopniach
Inflect stopień | N;GEN(PL)	stopniów
Inflect Kôłk | N;NOM(SG)	Kôłk
Inflect cządniczka | N;GEN(SG)	cządniczi
Inflect mandat | N;NOM(SG)	mandat
Inflect Bunina | N;NOM(SG)	Bunina
Inflect tipòwi | ADJ;NOM(PL,MASC)	Tipòwé
Inflect dzéń | N;NOM(SG)	dzéń
Inflect zemja | N;GEN(SG)	zemji
Inflect Wawrzeniec | N;ACC(SG)	Wawrzińca
Inflect przekôzywac | V;NFIN;PSV;IPFV	przekazëwaniô
Inflect westrzódek | N;MDR;NOM(PL)	westrzódczi
Inflect pomnik | N;PL	pomniczi
Inflect bardziej | ADV	bardziej
Inflect Płoczëca | N;NOM(SG)	Płoczëca
Inflect jezioro | N;ACC(SG)	jeziorã
Inflect pantalon | N;GEN(PL)	pantalonów
Inflect chëczowé | ADJ;NOM(PL,MASC,INAN)	chëczowé
Inflect òwòc | N;LOC;PL	òwòcach
Inflect młodza | N;GEN(PL)	młodzów
Inflect Bòżi | ADJ;GEN(MASC,SG)	Bòżégò
Inflect Boston | N;NOM(SG)	Boston
Inflect Boston | N;LOC;SG	Bostonie
Inflect prowòkacëjny | ADJ;M;GEN(PL)	prowòkacëjnëch
Inflect dwutlenek | N;GEN(SG)	dwutlenku
Inflect czôrny | ADJ;INS(MASC,SG)	czórnym
Inflect Chòcëbùż | N;LOC;SG	Chòcébùżu
Inflect krzëżak | N;NOM(MASC,PL)	krzëżacczi
Inflect dobrota | N;ACC(SG)	dobrotë
Inflect starëszk | N;NOM(PL,MASC)	starëszczi
Inflect Dolmaczonô | ADJ;NOM(FEM,SG)	Dolmaczonô
Inflect kasprowaty | ADJ;GEN(MASC,PL)	kasprowatëch
Inflect pòdatk | N;GEN(PL)	pòdatków
Inflect nieść | V;3;PL;PRS	niosą
Inflect lewò | ADV;DEGR	lewò
Inflect pùblikacjô | N;NOM(PL)	pùblikacje
Inflect pùblikacjô | N;INS(SG)	pùblikacją
Inflect rozpôdła | ADJ;NOM(FEM,SG)	rozpôdła
Inflect òdbijanié | N;LOC;SG;M	òdbijanim
Inflect ugrëzc | V;NFIN	ùgrëzc
Inflect Leno | N;NOM(MASC,SG)	Leno
Inflect astronomia | N;NOM(SG)	astronomia
Inflect jigłonowë | ADJ;INS(MASC,PL)	jiglënowëch
Inflect weimarskò | ADJ;NOM(FEM,SG)	weimarskô
Inflect zbierac | V;IMP;SING;2	zbierz
Inflect dłëgô | ADJ;NOM(FEM,SG)	dłëgô
Inflect telekomunikacëjô | N;GEN(SG)	telekomunikacëji
Inflect Żëto | N;NOM(NEUT,SG)	Żëto
Inflect Swiãté | ADJ;NOM(FEM,SG)	Swiãté
Inflect żôłnérz | N;LOC;PL	żôłnérzach
Inflect żôłnérz | N;VOC(PL)	żôłnérze
Inflect żôłnérz | N;GEN(PL)	żôłnérzów
Inflect Strzépcz | N;NOM(SG)	Strzépcz
Inflect Strzépcz | N;VOC(SG)	Strzépczu
Inflect Strzépcz | N;GEN(SG)	Strzépczù
Inflect przedstójnik | N;GEN(SG)	przedstójnika
Inflect Rëbaczenié | N;NOM(NEUT,SG)	Rëbaczenié
Inflect Rëbaczenié | N;GEN(SG)	Rëbaczeniô
Inflect zwónkowatë | ADJ;M;INS(PL)	zwónkowatëch
Inflect Wiãzarka | N;NOM(SG,FEM)	Wiãzarka
Inflect sëmo | N;ACC(SG)	sëmą
Inflect doktrina | N;NOM(SG)	doktrina
Inflect alpa | N;DAT(SG)	Alpë
Inflect wësłónë | ADJ;NOM(PL,MASC)	wësłóné
Inflect prowadzëc | V;INF	prowadzëc
Inflect jinstalacje | N;FEM;PL	jinstalacje
Inflect lód | N;INS(SG)	lodem
Inflect WETERINARNY | ADJ;NOM(FEM,SG)	Weterinarnô
Inflect Słôwòszëzna | N;NOM(SG)	Słôwòszënie
Inflect bùdowac | V;PPP;MP;NOM	bùdowóné
Inflect las | N;GEN(PL)	lasow
Inflect las | N;GEN(PL)	lasowé
Inflect ekspresyjny | ADJ;NOM(MASC,SG)	ekspresyjny
Inflect zamkłosc | N;ACC(FEM,SG)	zamkłosc
Inflect zamkłosc | N;LOC;SG;FEM	zamkłoscë
Inflect brzadnictwo | N;GEN(SG)	brzadnictwa
Inflect kòzlënë | N;DAT(SG)	kòzlënie
Inflect Subisłôw | N;M;NOM(SG)	Subisłôw
Inflect dowòznica | N;GEN(FEM,SG)	dowòznika
Inflect pamiãc | N;DAT(SG)	pamiãci
Inflect tekst | N;NOM(SG)	tekst
Inflect tekst | N;LOC;PL	tekstach
Inflect tekst | N;INS(PL)	tekstama
Inflect tekst | N;GEN(SG)	tekstu
Inflect tekst | N;INS(SG,FEM)	tekstã
Inflect dzieckò | N;ACC(SG)	dzeckã
Inflect bota | N;ACC(SG)	Bôtë
Inflect wëpôlc | V;INF	wëpôlac
Inflect insztitucjô | N;NOM(SG)	insztitucjô
Inflect wszetkò | ADJ;GEN(MASC,PL)	wszëtczich
Inflect Xawer | N;NOM(MASC,SG)	Xaver
Inflect pseùdónim | N;INS(SG)	pseùdónimã
Inflect Aleksandra | N;NOM(FEM,SG)	Aleksandra
Inflect Tëburcjusz | N;GEN(SG)	Tëburcjusza
Inflect dërgòtanié | N;NOM(SG)	dërgòtanié
Inflect kołcôł | N;DAT(SG)	kòscele
Inflect polecenie | N;GEN(SG)	polecenia
Inflect przédnik | N;NOM(SG)	przédnik
Inflect przédnik | N;GEN(SG)	przédnika
Inflect przédnik | N;DAT(PL)	przédnikom
Inflect przédnik | N;INS(SG,MASC)	przédnikã
Inflect niejednô | ADJ;NOM(FEM,SG)	niejedné
Inflect lëdz | N;NOM(PL)	lëdzi
Inflect tancérka | N;F;ACC(SG)	tancérką
Inflect pòczestnosc | N;ACC(SG)	pòczestnosc
Inflect wërôbiôrz | N;NOM(SG)	wërôbiôrz
Inflect żakét | N;NOM(SG)	żakét
Inflect gromić | V;PFV;INF	gromiców
Inflect melodramaticzny | ADJ;NOM(FEM,SG)	melodramaticznô
Inflect ùróbk | N;GEN(SG)	ùróbkù
Inflect Juliannô | N;GEN(SG)	Julianny
Inflect Playboy | N;GEN(SG)	Playboya
Inflect Institut | N;ACC(SG)	Institutã
Inflect felietón | N;ACC(FEM,PL)	felietónë
Inflect felietón | N;GEN(PL)	felietónów
Inflect sardela | N;F;NOM(SG)	sardela
Inflect Wikipedija | N;GEN(SG)	Wikipediji
Inflect pùkla | N;NOM(SG)	pùkla
Inflect roztaczi | V;NFIN;INF	rozcãcém
Inflect zéńdzenié | N;NOM(SG,NEUT)	zéńdzenié
Inflect lékarz | N;GEN(SG)	lékarza
Inflect òdwiédzéwac | V;IMP;PF;PASS	òdwiédzéwô
Inflect pozwolëc | V;INF	pozwolëc
Inflect zajac | N;INST;SG	zajãcym
Inflect resztë | N;ACC(SG)	resztã
Inflect Féliks | N;FK;NOM(SG)	Féliks
Inflect Turystyka | N;NOM(SG)	Turystyka
Inflect pyszny | ADJ;GEN(PL,MASC)	pësznych
Inflect westpòwac | V;NFIN	westpòwani
Inflect rozeznanié | V;NOMLZ;N;SG	rozeznanié
Inflect Amazonka | N;NOM(FEM,SG)	Amazonka
Inflect maratońsczi | ADJ;VOC(MASC,SG)	maratońsczi
Inflect multiinstrumentalista | N;NOM(SG)	multiinstrumentalista
Inflect pùrclay | N;ACC(PL)	pùrclë
Inflect Langforda | N;ACC(FEM,SG)	Langforda
Inflect Marëja | N;GEN(SG)	Marëji
Inflect półòstrów | N;ACC(SG)	półòstrowã
Inflect półòstrów | N;NOM(SG)	półòstrów
Inflect òpisóny | ADJ;MASC;PL;LOC	òpisónëch
Inflect knôdnô | N;NOM(FEM,SG)	knôdnô
Inflect mòdlëc | V;NFIN	mòdlã
Inflect PòpòwskôTabòrskô | ADJ;NOM(FEM,SG)	PòpòwskôTabòrskô
Inflect Jodlëna | N;F;NOM(SG)	Jodlëna
Inflect Eurazja | N;GEN(SG)	Eurazji
Inflect rzmë | V;IMPR;2;SG	rzmë
Inflect skład | N;GEN(SG)	składu
Inflect pòchòdzënk | N;NOM(MASC,SG)	pòchòdzënk
Inflect pòchòdzënk | N;GEN(SG)	pòchòdzënkù
Inflect tragiczny | ADV	tragicznie
Inflect òbecnota | N;INS(SG)	òbecnoscą
Inflect Mazowsze | N;NOM(SG)	Mazowsza
Inflect òbzérk | N;NOM(PL)	òbzérczi
Inflect dynastëjô | N;INS(SG)	dynestëją
Inflect zrëchtowac | V;PPP;NEU;PL	zrëchtowóné
Inflect Sekôcz | N;NOM(SG,MASC)	Sekôcz
Inflect genezë | N;ACC(SG)	genezã
Inflect pòla | N;LOC;PL	pólach
Inflect Wrocław | N;NOM(SG)	Wrocław
Inflect greckô | ADJ;ACC(FEM,SG)	grecką
Inflect Pùlówer | N;NOM(SG)	Pùlówer
Inflect òrgan | N;NOM(PL)	òrganë
Inflect drzéwié | N;ACC(SG)	drzéwiã
Inflect chałepnik | N;GEN(SG)	chałepnika
Inflect wanoda | N;GEN(SG)	wanodzi
Inflect Skarszewa | N;NOM(PL)	Skarszewy
Inflect mòżlëwi | ADJ;NOM(FEM,SG)	mòżlëwô
Inflect pajicznik | N;ACC(SG,MASC)	pajicznika
Inflect Rękopis | N;NOM(PL)	Rękopisy
Inflect kòntinent | N;INST;PL	kòntinentama
Inflect Benjamin | N;DAT(SG)	Benjaminowi
Inflect zëmia | N;GEN(SG)	zëmie
Inflect Agata | N;ACC(SG,FEM)	Agatã
Inflect niejedny | ADJ;GEN(MASC,SG)	niejednégò
Inflect Dëch | N;NOM(MASC,SG)	Dëch
Inflect Dëch | N;VOC(SG)	Dëcha
Inflect Dëch | N;LOC;PL	Dëchach
Inflect Martius | N;NOM(MASC,SG)	Martius
Inflect jedurny | ADJ;INS(MASC,SG)	jedurnym
Inflect jedurny | ADJ;NOM(PL,MASC)	jedurné
Inflect Rekòwsczé | ADJ;NOM(PL,MASC,INAN)	Rekòwsczé
Inflect prozaik | N;NOM(SG)	prozaik
Inflect dzałacz | V;1;PL;PRS	dzałaczam
Inflect Lëtewsczi | ADJ;NOM(MASC,PL)	Lëtewsczi
Inflect krziż | N;NOM(SG)	krziż
Inflect krziż | N;NOM(PL)	krziże
Inflect spać | V;INF	spac
Inflect spać | V;IPFV;NFIN	spacją
Inflect Roztoczę | N;ACC(FEM,SG)	Roztoczi
Inflect ùmiarkòwanô | ADJ;INS(MASC,SG)	ùmiarkòwónym
Inflect Czas | N;NOM(SG)	Czas
Inflect pòézëjô | N;GEN(SG)	pòézëji
Inflect kapłaństwo | N;GEN(SG)	kapłaństwa
Inflect partner | N;F;NOM(SG)	partnerô
Inflect Hesta | N;ACC(SG)	Hestiã
Inflect Kòżëczkòwsczi | ADJ;NOM(MASC,SG)	Kòżëczkòwsczi
Inflect wiór | N;GEN(PL)	wiórach
Inflect żëwnota | N;NOM(FEM,SG)	żëwnota
Inflect żëwnota | N;VOC(SG)	żëwnote
Inflect smôrszcz | N;NOM(SG)	smôrszcz
Inflect pòznak | N;F;INS(PL)	pòznakama
Inflect morze | N;INS(SG)	morzem
Inflect morze | N;DAT(SG)	morzu
Inflect omyłek | N;NOM(SG)	omyłek
Inflect Marzëbiónka | N;NOM(SG)	Marzëbiónka
Inflect blaszka | N;DAT(FEM,SG)	blaszczi
Inflect Kazimierza | N;NOM(FEM,SG)	Kazimiera
Inflect wëdôwk | N;NOM(SG)	wëdôwk
Inflect Biór | N;NOM(SG)	Bióro
Inflect żëwiata | N;ACC(SG)	żëwnotã
Inflect Turdus | N;NOM(SG)	Turdus
Inflect sandr | N;NOM(MASC,SG)	sandr
Inflect kùszka | N;ACC(SG)	kùszk
Inflect ziela | N;GEN(SG)	zela
Inflect Adamowicz | N;MASC;SG	Adamòwicz
Inflect kanja | N;NOM(PL)	kanji
Inflect element | N;GEN(SG)	elementu
Inflect element | N;GEN(PL)	elementów
Inflect charakter | N;DAT(SG)	charakterze
Inflect grzëba | N;ACC(SG)	grzëbã
Inflect pòdskôcënk | N;GEN(SG)	pòdskôcënkù
Inflect dwùkòłowi | N;DAT(SG)	dwùkòłowi
Inflect schòwk | N;DAT(SG)	schòwkù
Inflect pchła | N;NOM(PL)	pchłë
Inflect Serbòłużiczanów | N;GEN(PL,MASC)	Serbòłużiczanów
Inflect masow | ADJ;VOC(MASC,SG)	masowi
Inflect Biegôcz | N;NOM(PL)	Biegôcze
Inflect zakònnik | N;NOM(MASC,SG)	zakònnik
Inflect Florëjóna | N;ACC(SG)	Florëjóna
Inflect Zurich | N;LOC;SG	Zurichù
Inflect dwutklene | ADJ;PSS;PST;SG	dwutklene
Inflect Chłopsczim | ADJ;INS(MASC,SG)	Chłopsczim
Inflect plón | N;GEN(SG)	plónu
Inflect plón | N;NOM(PL)	plónë
Inflect lëdz | N;DAT(PL)	lëdzom
Inflect łacëńczi | N;NOM(PL)	łacëńczi
Inflect Bieszka | N;NOM(FEM,SG)	Bieszka
Inflect ksądz | N;NOM(SG)	ksądz
Inflect Spòrt | N;ACC(SG)	Spòrtã
Inflect Sësz | N;F;NOM(SG)	Sësz
Inflect mòwa | N;NOM(FEM,SG)	mòwa
Inflect brzeg | N;NOM(SG)	brzeg
Inflect òbrãmka | N;ACC(FEM,SG)	òbrëmia
Inflect Karwia | N;NOM(SG)	Karwia
Inflect Krza | N;F;GEN(SG)	Krze
Inflect mésterstwo | N;GEN(SG)	Mésterstwa
Inflect tukan | N;GEN(PL,MASC)	tukanów
Inflect pszczelënô | N;ACC(PL)	pszczelënë
Inflect Marija | N;VOC(SG)	Mary
Inflect myśleć | V;IMP;SG;3	myśl
Inflect mòżlëwi | ADJ;NOM(PL,MASC)	mòżlëwé
Inflect mòżlëwi | ADJ;GEN(MASC,PL)	mòżlëwëch
Inflect Chrzescëjaństwò | N;NOM(SG)	Chrzescëjaństwò
Inflect Trzebsk | N;NOM(SG)	Trzebsk
Inflect członka | N;ACC(SG)	członkã
Inflect familëjny | ADJ;INS(PL,MASC,ANIM)	familëjnëma
Inflect kùńszt | N;NOM(SG)	kùńszt
Inflect Tischner | N;NOM(SG)	Tischner
Inflect mniszka | N;GEN(MASC,SG)	Mniszi
Inflect wczesnô | ADJ;FEM;SG	wczesno
Inflect gazétniczi | ADJ;INS(MASC,SG)	gazétniczim
Inflect nôpózdze | ADV	nôpózdze
Inflect prostë | ADJ;VOC(MASC,SG)	prosté
Inflect wrzeséń | N;SG	wrzeséń
Inflect ziemnia | N;NOM(FEM,SG)	zemna
Inflect ksãgowô | ADJ;ACC(FEM,SG)	ksãgòwą
Inflect figùrant | N;ACC(SG)	figùrantã
Inflect korénc | N;DAT(SG)	Korince
Inflect wiérzch | N;GEN(SG)	wiérzchù
Inflect wespół | ADV	wespół
Inflect Brunka | N;GEN(SG)	Brunke
Inflect rók | N;GEN(PL)	rokùw
Inflect szklanka | N;LOC;SG	szklance
Inflect bòk | N;GEN(SG)	bòkù
Inflect Zaòdrzańskô | ADJ;NOM(FEM,SG)	Zaòdrzańskô
Inflect Próba | N;NOM(PL)	Próbë
Inflect antisepticznô | ADJ;NOM(FEM,SG)	antisepticzno
Inflect drzéwô | N;GEN(PL)	drzew
Inflect kòndicja | N;NOM(PL)	kòndicje
Inflect sumariczny | ADJ;NOM(MASC,SG)	sumariczny
Inflect òtmena | N;GEN(PL)	òtmianów
Inflect susk | N;GEN(PL)	susków
Inflect mamidło | N;NOM(PL)	mamidła
Inflect stuła | N;NOM(FEM,SG)	stuła
Inflect smaczno | ADV	smaczno
Inflect spiéwnô | ADJ;FEM;SG	spiéwné
Inflect stac | V;3;SG;PRS	Stoji
Inflect Barcelona | N;NOM(SG)	Barcelona
Inflect Barcelona | N;LOC;SG	Barcelonie
Inflect Barcelona | N;ACC(SG)	Barcelonë
Inflect fizjolog | N;VOC(SG)	fizjologa
Inflect pëtanié | N;NOM(SG,NEUT)	pëtanié
Inflect prokùrator | N;SG;INST	prokùratorã
Inflect minister | N;GEN(PL)	Ministrów
Inflect marwëjôdôcz | N;NOM(SG)	marwëjôdôcz
Inflect odkrëwac | V;INF	odkrëwac
Inflect półostry | ADJ;ACC(FEM,SG)	półostrą
Inflect Kąt | N;DAT(PL)	Kantzow
Inflect fles | N;M1;ACC(SG)	flesus
Inflect Szwarcarie | N;NOM(PL)	Szwarcarie
Inflect fòtografiô | N;F;NOM(SG)	fòtografiô
Inflect fakt | N;INS(PL)	faktama
Inflect wùlkana | N;DAT(FEM,PL)	wùlkanë
Inflect wielolatni | ADJ;VOC(MASC,SG)	wielolatni
Inflect òkùpacëjô | N;GEN(SG)	òkùpacëji
Inflect gazownik | N;NOM(SG)	Gazownik
Inflect Kòrejô | N;ACC(SG)	Kòrejã
Inflect Kòrejô | N;ACC(SG,FEM)	Kòreją
Inflect Ząbkowice | N;NOM(PL)	Ząbkowice
Inflect óchrónić | V;IND;3;PL	óchrónią
Inflect wëmòg | N;GEN(PL)	wëmògów
Inflect ògardniczka | N;NOM(FEM,PL)	ògardownicë
Inflect skòblenic | N;F;NOM(SG)	skòbleniô
Inflect westrzódk | ADV	westrzódk
Inflect westrzódk | N;LOC;SG	westrzódku
Inflect westrzódk | ADV	westrzódkã
Inflect westrzódk | N;LOC;SG	westrzódkù
Inflect Ameryka | N;DAT(SG)	Ameryce
Inflect krzëżackô | ADJ;NOM(FEM,SG)	krzëżackô
Inflect włącznik | N;M3;NOM(SG)	włącznik
Inflect towarzistwò | N;DAT(SG)	towarzëstwie
Inflect bùżk | N;NOM(MASC,SG)	bóżk
Inflect jistnota | N;F;ACC(SG)	jistnotã
Inflect Mësznik | N;NOM(MASC,SG)	Mësznik
Inflect lico | N;NOM(SG,NEUT)	lico
Inflect brzëmic | V;PRS;3;SG	brzëmi
Inflect midzënôrodny | ADJ;NOM(MASC,SG)	midzënôrodny
Inflect retka | N;GEN(SG)	retczi
Inflect prëjacel | N;INS(SG)	prëjacelã
Inflect astronomijô | N;NOM(SG)	astronomijô
Inflect pòlskôtëreckô | ADJ;NOM(FEM,SG)	pòlskôtëreckô
Inflect tradicëjny | ADJ;NOM(FEM,SG)	tradicëjnô
Inflect prowodnik | N;GEN(PL)	prowôdników
Inflect schlesisch | ADJ;ACC(PL)	Schlesischen
Inflect nieskażony | ADJ;NOM(MASC,SG)	nieskażony
Inflect chwëtac | V;NFIN	chwëtac
Inflect biédôk | N;GEN(SG)	biédôka
Inflect obłożenie | N;GEN(SG)	obłożeniô
Inflect znaczënk | N;NOM(PL)	znaczënczi
Inflect znaczënk | N;NOM(SG)	znaczënk
Inflect kriza | N;NOM(SG)	kriza
Inflect twòrząc | V;ADV;CONV;PRS	twòrząc
Inflect kùsk | N;NOM(MASC,SG)	kùsk
Inflect nurk | N;NOM(PL)	nurce
Inflect jistny | ADJ;INS(PL,MASC)	jistnyma
Inflect jistny | ADJ;NOM(MASC,SG)	jistné
Inflect agent | N;F;ACC(SG)	agentã
Inflect łãka | N;NOM(SG)	łëka
Inflect szãtëpiéra | N;NOM(PL)	szãtopiérze
Inflect nordowi | ADJ;NOM(FEM,SG)	nordowi
Inflect nordowi | ADJ;INS(MASC,SG)	nordowim
Inflect nordowi | ADJ;NOM(MASC,SG)	nordowy
Inflect nordowi | ADJ;GEN(MASC,SG)	nordowégò
Inflect nordowi | ADJ;ACC(MASC,PL)	nordowëch
Inflect góra | N;GEN(PL)	gòrama
Inflect arkùsz | N;LOC;PL	arkùszach
Inflect arkùsz | N;GEN(SG)	arkùszu
Inflect rentgenowskji | ADJ;VOC(MASC,SG)	rentgenowsczé
Inflect tërlëk | N;NOM(PL)	tërlëczi
Inflect Mùlëk | N;NOM(PL)	Mùlczi
Inflect Dwadzélenjowô | ADJ;NOM(FEM,SG)	Dwadzéleniowô
Inflect Pawłowski | ADJ;NOM(SG,MASC)	Pawłowski
Inflect bòn | N;NOM(SG)	Bòna
Inflect kaszëbskòjãzëczny | ADJ;GEN(MASC,SG)	kaszëbskòjãzëcznégò
Inflect dynastia | N;DAT(SG)	dinastii
Inflect religijô | N;ACC(SG)	religią
Inflect biosfera | N;ACC(PL)	biosferë
Inflect pies | N;MDR;NOM(SG)	pies
Inflect ùżëwac | V;INF	ùżëwac
Inflect sztuczy | ADJ;VOC(SG,MASC)	sztuczé
Inflect foka | N;NOM(FEM,SG)	foka
Inflect trek | N;ACC(MASC,SG)	traktã
Inflect piérzta | N;GEN(PL,MASC)	piérztów
Inflect chëcz | N;GEN(SG)	chëczë
Inflect hortensja | N;GEN(SG)	hortensis
Inflect Wschòdnô | ADJ;NOM(FEM,SG)	Wschòdnô
Inflect zastrzeżny | ADJ;NOM(SG,NEUT)	zastrzeżné
Inflect terytorializm | N;SG	terytorializm
Inflect Góra | N;DAT(SG)	Górze
Inflect Ostrowska | ADJ;NOM(FEM,SG)	Ostrowska
Inflect cze | N;LOC;SG;MASC	czem
Inflect spadkòwizna | N;GEN(SG)	spadkòwiznë
Inflect zbiérac | V;IMP;2;SG	zbiérë
Inflect drzewo | N;GEN(PL)	drzewów
Inflect rozpòrajenie | N;LOC;PL	rozpòrajeniach
Inflect sposób | N;SG;LOC	sposobę
Inflect sposób | N;NOM(MASC,SG)	sposób
Inflect Bastard | N;PL	Bastards
Inflect nôwòżëtny | ADJ;GEN(PL,MASC,ANIM)	nôwòżëtnëch
Inflect wiek | N;NOM(SG)	wiek
Inflect wiek | N;LOC;PL	wiekach
Inflect wiek | N;ACC(SG)	wiekã
Inflect pòjmańczik | N;INS(MASC,SG)	pòjmańczikem
Inflect Złotowski | ADJ;INS(MASC,SG)	Złotowsczim
Inflect Pionierz | N;PL	Pionierzë
Inflect rodny | ADJ;NOM(MASC,SG)	rodny
Inflect rodny | ADJ;INS(MASC,SG)	rodnym
Inflect mediczny | ADJ;GEN(FEM,PL)	medycznych
Inflect granié | V;NFIN;GER	graniô
Inflect słowa | N;LOC;PL	słowach
Inflect sztôłtëjewac | V;3;SG	sztôłtëje
Inflect kònkùrs | N;NOM(MASC,SG)	kònkùrs
Inflect kònkùrs | N;GEN(SG)	kònkùrsu
Inflect francëszcze | ADJ;GEN(FEM,SG)	francëszczigò
Inflect dostowac | V;3;PL;PRS	dostówają
Inflect Jędyczowski | N;NOM(MASC,SG)	Jędyczowski
Inflect czernk | N;GEN(PL)	czernkù
Inflect Zrzeszéńców | N;GEN(PL)	Zrzeszéńców
Inflect Wòlnô | ADJ;NOM(FEM,SG)	Wòlnô
Inflect dożniwczi | N;VOC(PL)	dożniwczi
Inflect żłódz | N;F;NOM(SG)	żłódz
Inflect Radio | N;NOM(SG)	Radio
Inflect szczëka | N;F;NOM(SG)	Szczëka
Inflect sztëczka | N;F;NOM(SG)	sztëczka
Inflect sztëczka | N;ACC(SG)	sztëczkã
Inflect Wieląc | V;VIMP;PSS	Wielé
Inflect òzdobny | ADJ;NOM(MASC,SG)	òzdobny
Inflect Gduńskô | ADJ;NOM(FEM,SG)	Gduńskô
Inflect równoznaczny | ADJ;MASC;PSSV;SG	równoznacznégò
Inflect Kukuczka | N;GEN(SG)	Kukuczczi
Inflect czëcowé | ADJ;GEN(MASC,SG)	czëcowégò
Inflect flék | N;VOC(SG)	fléce
Inflect òbwód | N;M3;NOM(SG)	òbwód
Inflect jednodzélowi | ADJ;NOM(MASC,PL)	jednodzélowi
Inflect kùstrzenia | N;INSTR;PL	kùstrzeniama
Inflect Swòrnégak | N;GEN(PL)	Swòrnëgaców
Inflect slëmię | N;GEN(FEM,SG)	slëména
Inflect piwò | N;ACC(SG,MASC)	piwò
Inflect dziob | N;INS(SG)	dziobem
Inflect Płaczëbóg | N;GEN(SG)	Płaczëbòga
Inflect Przemienienié | N;GEN(SG)	Przemienieniô
Inflect niski | ADJ;ACC(FEM,SG)	niską
Inflect bòt | N;LOC;PL	bôtach
Inflect bòt | N;VOC(PL)	bôtë
Inflect bòt | N;GEN(PL)	bôtów
Inflect blok | N;GEN(PL,MASC)	bloków
Inflect pòmiernik | N;NOM(MASC,SG)	pòmiernik
Inflect kóńc | N;DAT(SG)	kuńcu
Inflect sredni | ADJ;GEN(PL,MASC)	srednëch
Inflect chunkier | N;GEN(PL)	junkrów
Inflect szeroki | ADJ;NOM(MASC,PL)	szeroczi
Inflect Dłużawa | N;INS(SG)	Dłużawą
Inflect òstri | ADJ;NOM(FEM,SG)	òstrô
Inflect Czeskô | ADJ;NOM(FEM,SG)	Czeskô
Inflect Szawłowëch | ADJ;GEN(MASC,PL)	Szawłowëch
Inflect stanã | V;FUT;1;SG	stanã
Inflect Grzëmisława | N;NOM(FEM,SG)	Grzëmisława
Inflect rozprawa | N;ACC(SG)	rozprawã
Inflect blotk | N;NOM(PL)	blatczi
Inflect diôbeł | N;NOM(SG)	diôbeł
Inflect Szpanijczik | N;NOM(PL,MASC)	Szpanijczicë
Inflect Kluczimòst | N;NOM(SG,MASC)	Kluczimòst
Inflect apòkrifa | N;LOC;PL	apòkrifach
Inflect wëzwëskiwac | V;PPP;MP;PST	wëzwëskiwónë
Inflect wëzwëskiwac | V;NFIN	wëzwëskiwô
Inflect miesczé | V;NFIN	miesczé
Inflect Łãka | N;GEN(SG)	Łąkòwi
Inflect rozpłodzenié | N;ACC(SG)	rozpłodzeniô
Inflect métra | N;MASCINAN;GEN(PL)	métrów
Inflect Македонија | N;NOM(SG)	Македонија
Inflect przezwòtnô | ADJ;GEN(MASC,PL)	pierwòtnëch
Inflect kaszësczi | ADJ;NOM(PL,MASC,INAN)	kaszësczé
Inflect dwór | N;NOM(SG)	dwór
Inflect grozba | N;F;NOM(SG)	grozba
Inflect Sztefan | N;FAMN;NOM(SG)	Sztefan
Inflect Sztefan | N;GEN(MASC,SG)	Sztefana
Inflect wiernota | N;VOC(SG)	wiernote
Inflect wiernota | N;ACC(SG)	wiernotą
Inflect Jesénnô | ADJ;NOM(FEM,SG)	Jesénnô
Inflect Łukôsz | N;NOM(SG)	Łukôsz
Inflect herb | N;INS(SG)	herbem
Inflect herb | N;LOC;SG	herbie
Inflect herb | N;GEN(PL)	herbù
Inflect mòdrzëńc | N;NOM(MASC,SG)	mòdrzińc
Inflect pałëga | N;F;NOM(SG)	pallida
Inflect cyrilica | N;ACC(FEM,SG)	cyrilicë
Inflect ùnikac | V;INF	ùnikac
Inflect pisać | V;PST;MASC;SG	pisôł
Inflect Gdynia | N;LOC;SG	Gdyni
Inflect wëtopiszcze | N;LOC;PL	wëtopiszczach
Inflect wëtopiszcze | N;INS(PL)	wëtopiszczama
Inflect Pòmòraniô | N;NOM(SG)	Pòmòraniô
Inflect prostô | ADJ;NOM(FEM,SG)	prostô
Inflect zwierza | N;ACC(SG)	zwierza
Inflect mężulek | N;DAT(SG,MASC)	mężulkowi
Inflect jiny | ADJ;NOM(FEM,SG)	jine
Inflect skłąd | N;NOM(SG)	skłôd
Inflect Hòmònim | N;NOM(SG)	Hòmònim
Inflect dróga | N;GEN(PL)	dróg
Inflect gatunek | N;NOM(PL)	gatunki
Inflect gatunek | N;GEN(SG)	gatunku
Inflect miasta | N;LOC;PL	miastach
Inflect anser | N;GEN(FEM,SG)	anserina
Inflect òbjimać | V;3;PL;PRS	òbjimają
Inflect Artemisia | N;NOM(SG)	Artemisia
Inflect Potęgowskie | ADJ;NOM(PL,MASC)	Potęgowskie
Inflect ptôk | N;NOM(PL)	ptôszi
Inflect rząd | N;GEN(SG)	rzãdu
Inflect rząd | N;VOC(SG)	rzãdze
Inflect sakrament | N;ACC(SG)	sakrameńtu
Inflect sakrament | N;GEN(PL)	sakrameńtów
Inflect zafédrowanié | V;NFIN;VN	zafédrowanié
Inflect Strzënowô | ADJ;NOM(FEM,SG)	Strzënowô
Inflect codzénny | ADJ;NOM(MASC,SG)	codzénny
Inflect mieszczaństwo | N;GEN(SG)	mieszczaństwa
Inflect klawisz | N;NOM(SG)	klawisz
Inflect klawisz | N;GEN(SG)	klawisza
Inflect Termin | N;GEN(MASC,SG)	Terminu
Inflect gwiôzdór | N;NOM(SG)	gwiôzdór
Inflect memk | N;DAT(FEM,PL)	memką
Inflect Kaszëbi | N;NOM(PL)	Kaszubi
Inflect nektar | N;NOM(SG)	nektar
Inflect nektar | N;INS(MASC,SG)	nektarem
Inflect Matka | N;NOM(SG,FEM)	Matka
Inflect Matka | N;GEN(SG)	Matki
Inflect Matka | N;F;ACC(SG)	Matkã
Inflect Schloppe | V;IMP;PL;IND	Schloppe
Inflect Stronnictwo | N;GEN(SG)	Stronnictwa
Inflect pòspòlitô | ADJ;NOM(FEM,SG)	pòspòlitô
Inflect palc | N;ACC(PL)	palce
Inflect stôrodôwnota | N;NOM(FEM,SG)	stôrodôwnota
Inflect pupk | N;GEN(MASC,PL)	pupków
Inflect pòém | N;GEN(PL)	pòémów
Inflect stosunkòwò | ADV	stosunkòwò
Inflect nierówny | ADJ;NOM(MASC,SG)	nierówny
Inflect zdanie | N;LOC;PL	zdaniach
Inflect òbłożëc | V;PPFV;IMPRS	òbłożoné
Inflect zasada | N;NOM(PL)	zasadë
Inflect zasada | N;GEN(PL)	zasadów
Inflect chójeczka | N;ACC(SG,FEM)	chójeczkã
Inflect spłaszczać | V;PPFV;IMPRS;NFIN	spłaszczony
Inflect Protestantyzna | N;NOM(SG)	Protestancëzna
Inflect grawitacja | N;DAT(SG)	grawitacji
Inflect Afryka | N;ACC(SG)	Afriką
Inflect Nôcetka | N;NOM(FEM,SG)	Nôcetka
Inflect Zielony | ADJ;NOM(SG,MASC)	Zelony
Inflect trzeba | ADV	trzeba
Inflect Cérzno | N;NOM(SG)	Cérzni
Inflect pòwiedzeć | V;NFIN;SUP	pòwiédzeń
Inflect Môłë | ADJ;ACC(FEM,SG)	Môlowi
Inflect sanitariusz | N;ACC(SG)	sanitariuszã
Inflect pòłòwa | N;NOM(SG)	pòłòwa
Inflect rozpiãtë | ADJ;INS(MASC,PL)	rozpiãtymi
Inflect òkrãt | N;VOC(PL)	òkrãtë
Inflect Martin | N;MASC;SG	Martin
Inflect zelëskò | N;VOC(SG)	zelëskò
Inflect jasło | N;NOM(PL)	Jasła
Inflect stari | ADJ;VOC(MASC,SG)	Staré
Inflect regionalny | ADJ;NOM(MASC,SG)	regionalny
Inflect regionalny | ADJ;INS(MASC,SG)	regionalnym
Inflect regionalny | ADJ;INS;NOM(PL,MASC)	regionalnyma
Inflect regionalny | ADJ;GEN(MASC,PL)	regionalnëch
Inflect spôdkòwëzna | N;GEN(SG)	spôdkowiznë
Inflect pëszny | ADJ;NOM(MASC,SG)	Pëszny
Inflect warszawsczi | ADJ;NOM(MASC,SG)	warszawsczi
Inflect warszawsczi | ADJ;MASC;PL;LOC	warszawsczim
Inflect Mòże | V;IND;SG;3	Mòże
Inflect piérzô | N;NOM(SG)	piérzô
Inflect Prãcëków | N;GEN(PL)	Prãcëków
Inflect chalëpnik | N;NOM(SG)	chalëpnik
Inflect Nawka | N;NOM(SG)	Nawka
Inflect òpiniô | N;NOM(PL)	òpinie
Inflect ôrtny | ADJ;NOM(MASC,SG)	ôrtny
Inflect Tajlandiô | N;F;NOM(SG)	Tajlandiô
Inflect fòrmalëna | N;ACC(FEM,PL)	fòrmalënie
Inflect gram | N;GEN(PL)	gramów
Inflect jednofarwny | ADJ;NOM(MASC,SG)	jednofarwny
Inflect Dôwid | N;NOM(MASC,SG)	David
Inflect dzewikwiatowatëch | ADJ;DAT(PL,MASC)	dzewikwiatowatëch
Inflect złóm | ADJ;POS;MASC;SG	złóm
Inflect pinup | N;NOM(SG)	pinup
Inflect Venezuela | N;NOM(SG)	Venezuela
Inflect Mëszk | N;NOM(PL)	Mëszk
Inflect Kunlun | N;INS(SG,MASC)	Kunlunem
Inflect dzelonô | ADJ;NOM(FEM,SG)	dzelona
Inflect cëdo | N;GEN(PL)	cëdów
Inflect lagrach | N;LOC;PL	lagrach
Inflect Isabel | N;NOM(SG)	Isabel
Inflect lubelsczi | ADJ;NOM(MASC,PL)	lubelsczi
Inflect piôszczësty | ADJ;GEN(PL,MASC)	piôszczëstëch
Inflect historycznô | ADJ;ACC(FEM,SG)	historiczną
Inflect pòtrôwnik | N;GEN(PL,MASC)	pòtrôwniców
Inflect wschôd | N;GEN(MASC,SG)	wschòdu
Inflect quahwah | N;VOC(SG)	quahwah
Inflect wërôbnik | N;INST;SG	wërôbnikã
Inflect ekòsystem | N;NOM(SG)	ekòsystem
Inflect vszeternoskji | ADJ;GEN(PL,ANIM)	vszeternoskjich
Inflect Lësta | N;ACC(PL)	Lëste
Inflect zbiérk | N;GEN(SG)	zbiérkù
Inflect ògradzëc | V;NFIN	ògradzym
Inflect rok | N;GEN(SG)	Roku
Inflect piôskòwati | ADJ;ACC(MASC,PL)	piôskòwatëch
Inflect wiela | N;ACC(SG)	wielënã
Inflect òstrim | ADJ;MASC;PRED;SG	òstrim
Inflect wiekò | N;GEN(PL)	wiekòw
Inflect mòże | V;3;SG;PRS	móże
Inflect zaczec | V;NFIN;PRF;PSV	zaczãto
Inflect symbolika | N;F;NOM(SG)	symbólika
Inflect lek | N;GEN(PL)	leków
Inflect Hieronim | N;GEN(FEM,SG)	Hieronima
Inflect gniôzdkò | N;GEN(PL)	gniôzdków
Inflect uznôwóny | ADJ;MASC;PSS;SG	uznôwóny
Inflect rozmowa | N;F;NOM(SG)	Rozmowa
Inflect radioaktywnoszka | N;GEN(SG)	radioaktywnoszczi
Inflect òjcjic | N;GEN(PL)	òjców
Inflect smołdzëńskô | ADJ;NOM(MASC,SG)	smołdziński
Inflect niebiesczi | ADJ;GEN(MASC,PL)	niebiesczich
Inflect niebiesczi | ADJ;INS(MASC,SG)	niebiesczim
Inflect żëce | N;VOC(SG)	żëca
Inflect żëce | N;NOM(PL)	żëce
Inflect przédnikòwać | V;IPFV;IND;NFIN	przédnikùją
Inflect Rozewie | N;NOM(PL)	Rozewié
Inflect wiérzch | N;NOM(MASC,SG)	wiérzch
Inflect Vancouver | N;NOM(SG)	Vancouver
Inflect Dobrô | ADJ;ACC(FEM,SG)	Dobrą
Inflect samòòbstojenié | N;GEN(SG)	samòòbstojenia
Inflect jinëj | ADV	Jinëch
Inflect Reprezentant | N;F;ACC(SG)	Reprezentantã
Inflect Chowaniec | N;NOM(SG)	Chowaniec
Inflect Kòreja | N;GEN(SG)	Kòreje
Inflect Kòreja | N;GEN(SG)	Kòreji
Inflect Kòło | N;LOC;SG	Kòle
Inflect smulszowaty | ADJ;ACC(MASC,PL)	smulszowatëch
Inflect przezérnik | N;NOM(PL)	przezérniczi
Inflect przezérnik | N;NOM(SG)	przezérnik
Inflect rozeszłosc | N;NOM(FEM,SG)	rozeszłosc
Inflect pòpùlacjô | N;NOM(PL)	pòpùlacje
Inflect pòpùlacjô | N;F;NOM(SG)	pòpùlacjô
Inflect lekarzeniô | N;NOM(SG)	lekarzeniô
Inflect Gąs | N;FEM;SG	Gãsô
Inflect òpadë | N;GEN(PL)	òpadów
Inflect Loretańskô | ADJ;NOM(FEM,SG)	Loretańskô
Inflect teren | N;LOC;PL	terenach
Inflect teren | N;LOC;SG	terenie
Inflect wãgiel | N;GEN(SG)	wãgla
Inflect łacëzna | N;NOM(FEM,SG)	łacëna
Inflect dzyk | N;ACC(SG)	dzybrorérë
Inflect krezór | N;NOM(PL)	krezë
Inflect sykórkòwati | ADJ;GEN(MASC,PL)	sykórkòwatëch
Inflect niedbôłk | N;INS(MASC,SG)	niedbôłk
Inflect żëwi | ADJ;GEN(MASC,SG)	żëwëgò
Inflect gódnik | N;GEN(SG)	gódnika
Inflect żôłtawobiôłi | ADJ;NOM(MASC,PL)	żôłtawobiôłi
Inflect dań | N;GEN(SG)	dania
Inflect dań | N;GEN(PL)	danió
Inflect swiżi | ADJ;NOM(MASC,SG)	swiżi
Inflect arena | N;DAT(SG)	arenie
Inflect Òstatny | ADJ;NOM(MASC,SG)	Òstatny
Inflect Òjô | N;NOM(SG,MASC)	Òjos
Inflect refòrmator | N;INST;SG	refòrmatorã
Inflect Płóscë | N;LOC;SG	Płosce
Inflect etniczny | ADJ;GEN(MASC,SG)	etnicznegò
Inflect bestseller | N;ACC(SG)	bestsellerã
Inflect zwierzę | N;GEN(PL)	zwiérząt
Inflect Archeòlogòwé | N;NOM(PL,MASC)	Archeòlogòwé
Inflect samojistnô | ADJ;ACC(FEM,SG)	samojistnu
Inflect wãżk | N;GEN(SG)	wãża
Inflect rodzôj | N;NOM(SG)	rodzôj
Inflect mòznô | ADJ;NOM(FEM,SG)	mòznô
Inflect mòdernizna | N;GEN(SG)	mòderniznë
Inflect zdroj | N;LOC;PL	zdrojach
Inflect zdroj | N;INS(SG)	zdrojem
Inflect Lësccëna | N;NOM(FEM,SG)	Lëscëna
Inflect Specjalny | ADJ;NOM(MASC,SG)	Specjalny
Inflect Specjalny | ADJ;NOM(FEM,SG)	Specjalnô
Inflect jedwabny | ADJ;VOC(MASC,SG)	jedwabni
Inflect zwierz | N;GEN(PL)	zwierzów
Inflect Dziennik | N;GEN(SG)	Dziennika
Inflect bògatë | ADJ;INS(MASC,SG)	bògatim
Inflect Proskòmidiô | N;NOM(SG)	Proskòmidiô
Inflect Norfolk | N;NOM(SG)	Norfolk
Inflect mëslëcél | N;INST;SG	mëslicelém
Inflect ródny | ADJ;DAT(PL,MASC,ANIM)	ródnyma
Inflect bezrëszny | ADJ;NOM(FEM,SG)	bezrësznô
Inflect sztëlisticznô | ADJ;NOM(FEM,SG)	sztëlisticznô
Inflect majątek | N;M3;GEN(PL)	majątków
Inflect Kùkówka | N;F;NOM(SG)	Kùkówka
Inflect Rómpskô | ADJ;GEN(MASC,SG)	Rómpsczégò
Inflect òbszãdzëc | V;IMP;2;SG	òbsądë
Inflect drëgji | ADJ;NONANIM;NOM(PL,MASC)	drëdżé
Inflect jama | N;DAT(PL)	jamach
Inflect jama | N;DAT(SG)	jamo
Inflect bawëc | V;INF	bawic
Inflect Główny | ADJ;NOM(SG,MASC)	Główny
Inflect Włodzimierz | ADJ;VOC(MASC,SG)	Włodzmiersczi
Inflect warka | N;ACC(SG)	warkã
Inflect areszt | N;GEN(SG)	aresztu
Inflect westrzédnô | ADJ;GEN(FEM,SG)	westrzédnej
Inflect westrzédnô | ADJ;NOM(FEM,SG)	westrzédni
Inflect weterinôrz | N;INS(MASC,SG)	weterinarym
Inflect Jignacy | N;NOM(MASC,SG)	Jignacy
Inflect Pierwoszk | ADJ;INS(MASC,SG)	Pierwòsznym
Inflect niewielżi | ADJ;NOM(MASC,SG)	niewiôldżi
Inflect sëtk | N;GEN(PL)	sutków
Inflect sztabilnosc | N;ACC(SG)	sztabilnotë
Inflect klumb | N;ACC(SG)	klubã
Inflect Biôłi | ADJ;NOM(MASC,SG)	Biôłi
Inflect parlamentarny | ADJ;ACC(SG,FEM)	parlamentarną
Inflect Szesnastôletnié | ADJ;P;NOM(PL,MASC)	Szesnastôletnié
Inflect pòwstôwanié | N;INS(SG,MASC,INAN)	pòwstôwanim
Inflect dramac | N;ACC(PL)	dramace
Inflect technologija | N;ACC(SG)	technologijã
Inflect technologija | N;FEM;SG	technologijô
Inflect łãtownik | N;NOM(SG)	łãtownik
Inflect cepły | ADJ;INS(MASC,SG)	cepłim
Inflect Mòkwa | N;GEN(SG)	Mòkwë
Inflect kòrespondencëjô | N;INS(SG)	kòrespòndencją
Inflect Ewanieliô | N;F;NOM(SG)	Ewanieliô
Inflect sztôłt | N;NOM(SG)	sztôłt
Inflect Méster | ADJ;NOM(MASC,SG)	Méstersczi
Inflect Pùblicznô | ADJ;NOM(FEM,SG)	Pùblicznô
Inflect znak | N;NOM(SG)	Znak
Inflect słabì | ADJ;NOM(MASC,SG)	słabò
Inflect Chmielnicki | N;NOM(MASC,SG)	Chmielnicczi
Inflect Miemiecczi | ADJ;NOM(MASC,PL)	Miemiecczi
Inflect krzak | N;PL	krzaczi
Inflect krótki | ADJ;NOM(PL,MASC)	krótczé
Inflect lùbka | N;GEN(PL)	lùbkosc
Inflect skrzidło | N;GEN(PL)	skrzidłów
Inflect Lëstopadnikòwi | ADJ;GEN(MASC,SG)	Lëstopadnikòwégò
Inflect duńskô | ADJ;NOM(FEM,SG)	duńskô
Inflect Crne | ADJ;ACC(FEM,PL)	Crne
Inflect mówić | V;3;PL;PRS	mówią
Inflect słodczi | ADJ;NOM(MASC,SG)	słodczi
Inflect ostrzëc | V;IMP;2;SG	ostrim
Inflect założenié | N;INS(PL)	założeniama
Inflect założenié | N;NOM(SG,NEUT)	założenié
Inflect rãcznopis | N;INS(PL)	rãcznopisómi
Inflect kòntròla | N;F;ACC(SG)	kòntrolã
Inflect Òchrzcëlë | V;PST;3;PL	Òchrzcëlë
Inflect lato | N;GEN(PL)	Latów
Inflect Wehrmacht | N;NOM(SG)	Wehrmacht
Inflect Amerikańskô | ADJ;NOM(FEM,SG)	Amerikańskô
Inflect Piroga | N;NOM(FEM,SG)	Piroga
Inflect bùlwa | N;DAT(FEM,PL)	bùlew
Inflect Kanada | N;NOM(SG)	Kanada
Inflect Sakrameńt | N;NOM(SG)	Sakrameńt
Inflect Sakrameńt | N;PL	Sakrameńtë
Inflect jinny | ADJ;ACC(MASC,PL)	innych
Inflect dzejanie | N;INS(SG)	dzejanim
Inflect òdkriwac | V;NFIN;IMPF	òdkriwô
Inflect òbeńc | V;INF	òbeńc
Inflect Antarktida | N;GEN(SG)	Antarktidë
Inflect rzeczenié | N;NOM(SG)	rzeczenié
Inflect rzeczenié | N;GEN(SG)	rzeczeniô
Inflect atmòsferowëch | ADJ;GEN(PL,MASC,INAN)	atmòsferowëch
Inflect Zachariasz | N;GEN(MASC,SG)	Zachariasza
Inflect Dzeja | N;NOM(PL)	Dzeje
Inflect pisma | N;GEN(FEM,SG)	pisma
Inflect Merkùri | N;NOM(SG,MASC)	Merkùri
Inflect Gryf | N;NOM(SG)	Gryf
Inflect Gryf | N;F;NOM(SG)	Gryfa
Inflect zmëlëc | V;INF	zmëlëc
Inflect gòspòdarz | N;GEN(PL,MASC)	gòspòdarzów
Inflect zbòże | N;VOC(SG)	zbòrze
Inflect zbòże | N;GEN(SG)	zbòża
Inflect hanjic | V;NFIN	hanja
Inflect Piast | N;NOM(PL)	Piastowie
Inflect Piast | N;GEN(PL)	Piastów
Inflect gmina | N;GEN(SG)	gminy
Inflect gmina | N;ACC(SG)	gminë
Inflect gmina | N;GEN(PL)	gminów
Inflect gmina | N;INS(SG)	gminą
Inflect òdpòczink | N;GEN(SG)	òdpòczinkù
Inflect Wiôlgą | ADJ;ACC(FEM,SG)	Wiôlgą
Inflect regiona | N;LOC;PL	regionach
Inflect papiesczi | ADJ;GEN(MASC,PL)	papiesczich
Inflect niedzelô | N;DAT(SG)	niedzele
Inflect niedzelô | N;ACC(SG)	niedzelã
Inflect gwôscëcél | N;INST;SG	gwôscëcélã
Inflect aktorka | N;NOM(SG)	aktorka
Inflect szlachować | V;IND;3;PL	szlachują
Inflect wariant | N;GEN(PL)	wariantów
Inflect kilomatra | N;GEN(PL)	kilométrów
Inflect jaśchanie | N;NOM(SG)	jachanié
Inflect czôrny | ADJ;INS(MASC,SG)	czôrnyma
Inflect czôrny | ADJ;ACC(FEM,SG)	czôrné
Inflect jiscy | ADJ;VOC(MASC,SG)	jiscy
Inflect Znóny | ADJ;NOM(MASC,SG)	Znóny
Inflect kùńc | N;ACC(SG)	kuniec
Inflect dërch | ADV	dërch
Inflect kòlãdowané | N;NOM(NEUT,SG)	kòlãdowanié
Inflect Ksądz | N;NOM(SG,MASC)	Ksądz
Inflect wypis | N;NOM(PL)	Wypisy
Inflect słowny | ADJ;NOM(FEM,SG)	słownô
Inflect Lechiô | N;NOM(SG)	Lechia
Inflect Czëdës | ADV	Czëdës
Inflect tãpeniô | N;GEN(SG)	tãpieniô
Inflect plemiã | N;ACC(SG)	plemion
Inflect grządka | N;LOC;PL	grządkach
Inflect Boży | ADJ;GEN(FEM,SG)	Bożej
Inflect przëjemnosc | N;NOM(FEM,SG)	przëjemnosc
Inflect sztandard | N;GEN(PL)	sztandardów
Inflect mieniôc | V;PST;MASC;SG	mieniôł
Inflect jaka | ADJ;NOM(FEM,SG)	jaka
Inflect òsobisty | ADJ;MASC;PL;LOC	òsobistëch
Inflect Oliwa | N;DAT(SG)	Oliwie
Inflect wëdrëkòwac | V;PTP;PPL;MSDR	wëdrëkòwóny
Inflect pług | N;NOM(SG)	pług
Inflect Strzébrzny | ADJ;NOM(MASC,SG)	Strzébrzny
Inflect Stanley | N;GEN(MASC,SG)	Stanleya
Inflect swiódk | N;INS(SG)	swiôdkiem
Inflect pòpùlarnosc | N;INST;SG	pòpùlarnoscą
Inflect pòpùlarnosc | N;ACC(SG)	pòpùlarnotã
Inflect Pòrtugalsczi | ADJ;NOM(MASC,SG)	Pòrtugalsczi
Inflect zaòkrãglony | ADJ;NOM(FEM,SG)	zaòkrãglonô
Inflect słowôrz | N;NOM(SG)	słowôrz
Inflect słowôrz | N;GEN(SG)	słowôrza
Inflect słowôrz | N;LOC;PL	słowôrzach
Inflect słowôrz | N;NOM(PL)	słowôrze
Inflect teksta | N;GEN(SG)	tekstë
Inflect Smierc | N;GEN(SG)	Smiercë
Inflect obsëszëc | V;INF	obsëszëc
Inflect Depùtowónëch | ADJ;GEN(MASC,PL)	Depùtowónëch
Inflect żągiel | N;GEN(PL)	żągłów
Inflect zawòłanié | N;NOM(SG)	zawòłanié
Inflect zemiãdobreńskô | ADJ;ACC(FEM,SG)	zemiądobrzińską
Inflect Hyaena | N;NOM(SG)	Hyaena
Inflect pismiono | N;NOM(PL)	pismiona
Inflect pismiono | N;INS(SG,NEUT)	pismionem
Inflect kùpienié | N;GEN(FEM,SG)	kùpieniô
Inflect ùroda | N;GEN(SG)	ùrodë
Inflect Wełtawa | N;SG;INST	Wełtawą
Inflect film | N;GEN(PL)	Filmów
Inflect Rzãsiny | N;LOC;PL	Rząsinach
Inflect mùzycznô | ADJ;INS(MASC,SG)	mùzycznym
Inflect lagrowi | ADJ;GEN(MASC,PL)	lagrowëch
Inflect lôdżer | N;NOM(MASC,SG)	lôdżer
Inflect Valera | N;ACC(SG,FEM)	Valerą
Inflect sedzba | N;ACC(SG)	sedzbã
Inflect sedzba | N;GEN(SG)	sedzbë
Inflect astronom | N;NOM(SG)	astronom
Inflect astronom | N;GEN(SG)	astronoma
Inflect spòdlë | N;INS(SG)	spòdlim
Inflect ciągnąć | V;NFIN	cygną
Inflect promieniowanie | N;GEN(SG)	promieniowaniô
Inflect Jakùbek | N;NOM(SG)	Jakùbek
Inflect môłi | ADJ;GEN(MASC,SG)	môłégò
Inflect môłi | ADJ;ACC(MASC,PL)	môłëch
Inflect Strzébrznô | ADJ;NOM(FEM,SG)	Strzébrznô
Inflect wòdowny | ADJ;INS(MASC,SG)	wòdowim
Inflect Wielgi | ADJ;CMP	Wiãkszi
Inflect filozofia | N;NOM(PL)	filozofie
Inflect dzëcë | N;DAT(SG)	dzece
Inflect môl | N;ACC(SG)	môlã
Inflect prowincëjô | N;GEN(SG)	prowincëje
Inflect krzew | N;GEN(PL)	krzów
Inflect Trzënôrt | N;NOM(SG)	Trzënórt
Inflect sądowô | ADJ;GEN(MASC,PL)	sądowëch
Inflect zgrëpòwany | ADJ;INS(MASC,SG)	zgrëpòwanim
Inflect Zaksy | N;NOM(PL)	Zaksowie
Inflect semester | N;NOM(SG)	semester
Inflect nabòżeństwo | N;GEN(SG)	nabòżeństwa
Inflect teòriô | N;GEN(SG)	teòrii
Inflect znajmota | N;ACC(SG,FEM)	znajemnotą
Inflect Wejrowò | N;NOM(NEUT,SG)	Wejrowò
Inflect terenowô | ADJ;NOM(FEM,SG)	terenowô
Inflect grańc | N;GEN(PL)	grańców
Inflect nocledżi | N;VOC(SG)	nocledżi
Inflect fòtografijô | N;NOM(SG,FEM)	fòtografijô
Inflect sledny | ADJ;NOM(FEM,SG)	slednô
Inflect strzédnowiek | N;GEN(SG)	strzédnowiekù
Inflect darżëca | N;ACC(SG)	darżëcą
Inflect teatr | N;LOC;SG	teatree
Inflect nadziemny | ADJ;NOM(MASC,SG)	nadzemny
Inflect òbzérnik | N;NOM(SG)	òbzérnik
Inflect òbzérnik | N;GEN(SG,FEM)	òbzérnika
Inflect robaczëwi | ADJ;NOM(PL,MASC,INAN)	robaczëwé
Inflect wëdzél | V;IMP;SG	wëdzél
Inflect krab | N;NOM(PL)	Krabë
Inflect pògórze | N;NOM(PL)	pògórza
Inflect panować | V;INF	panowac
Inflect Sowiecczi | ADJ;NOM(MASC,PL)	Sowiecczi
Inflect reżisérga | N;GEN(PL)	reżisérã
Inflect Kwasny | ADJ;NOM(FEM,SG)	Kwasné
Inflect pòdzélënk | N;NOM(SG)	pòdzélënk
Inflect pòdzélënk | N;GEN(PL)	pòdzélënków
Inflect pòdzélënk | N;GEN(SG)	pòdzélënkù
Inflect Mycobacterium | N;NOM(SG)	Mycobacterium
Inflect chrzescëjaństwò | N;NOM(SG)	chrzescëjaństwò
Inflect plac | N;NOM(SG)	plac
Inflect plac | N;LOC;PL	placach
Inflect dôwnô | ADJ;NOM(FEM,SG)	dôwna
Inflect sztołt | N;GEN(PL)	ształtów
Inflect babiloński | ADJ;NOM(MASC,SG)	babilońsczié
Inflect Pierwòwzór | N;INS(SG)	Pierwòwzorã
Inflect racja | N;INS(SG)	racją
Inflect Towarzëstwò | N;LOC;SG;NEUT	Towarzëstwie
Inflect satelitarny | ADJ;INS(MASC,SG)	satelitarnim
Inflect pòłożenié | N;GEN(SG)	pòłożeniô
Inflect prosba | N;FEM;SG;LOC	prosbie
Inflect prosba | N;ACC(SG)	prosbã
Inflect wëmôgac | V;NFIN	wëmôgô
Inflect pòjazd | N;LOC;PL	pòjazdach
Inflect pòjazd | N;GEN(PL)	pòjazdów
Inflect składowisko | N;GEN(PL)	składowisków
Inflect Papież | N;GEN(MASC,SG)	Papieża
Inflect Stëdnia | N;ACC(SG)	Stëdnią
Inflect Staszków | N;GEN(PL)	Staszków
Inflect diskùsjô | ADJ;INS(MASC,SG)	diskùsjowim
Inflect Drawsko | N;NOM(SG)	Drawsko
Inflect brat | N;NOM(SG)	Brat
Inflect przédny | ADJ;NOM(PL,MASC)	przédne
Inflect Pòmòrzô | N;ACC(SG)	Pòmòrzã
Inflect kąt | N;LOC;PL	kątach
Inflect kąt | N;ACC(SG)	kąter
Inflect tłësty | ADJ;NOM(MASC,SG)	tłësty
Inflect wojskòwégò | ADJ;GEN(MASC,SG)	wojskòwégò
Inflect placha | N;F;GEN(SG)	plachë
Inflect zdanié | N;ACC(SG)	zdaniã
Inflect zdanié | N;NOM(SG)	zdanié
Inflect región | N;LOC;PL	regiónach
Inflect región | N;GEN(SG)	regiónu
Inflect doktor | N;NOM(SG)	doktor
Inflect bëlni | ADJ;INS(MASC,SG)	bëlnym
Inflect zbrodnia | N;INST;PL	zbrodniami
Inflect pòdzelenié | N;NOM(SG,NEUT)	pòdzelenié
Inflect zawód | N;GEN(SG)	zawòdu
Inflect nierównomiary | ADJ;NOM(PL,MASC)	nierównomiarowé
Inflect ásën | N;NOM(SG)	asinus
Inflect Zakrzewò | N;NOM(SG)	Zakrzewò
Inflect Tatër | N;NOM(PL)	Tatrë
Inflect bòcón | N;GEN(PL)	bòcónów
Inflect Reszka | N;GEN(SG)	Reszke
Inflect wòjskò | N;DAT(SG)	wòjskù
Inflect òficjalnëch | ADJ;GEN(PL)	òficjalnëch
Inflect jinny | ADJ;GP	jinszych
Inflect stôwiôrz | N;MASC;SG	stôwiôrz
Inflect gallus | N;NOM(SG)	gallus
Inflect nôzwëstk | N;GEN(PL)	nôzwëstków
Inflect przedôwac | V;INF	przedôwac
Inflect Zakrzewie | N;NOM(SG)	Zakrzewie
Inflect Niderlandzkô | ADJ;NOM(FEM,SG)	Niderlandzkô
Inflect ògón | N;M3;INS(SG)	ògònã
Inflect ògón | N;NOM(SG)	ògón
Inflect ògón | N;GEN(SG)	ògóna
Inflect ògón | N;INS(SG)	ògónem
Inflect ògón | N;VOC(SG)	ògónie
Inflect Kãpica | N;NOM(SG)	Kãpice
Inflect Liceùm | N;NOM(SG)	Liceùm
Inflect môl | N;FEM;LOC;SG	malah
Inflect doswiôdczenié | N;NOM(SG)	doswiôdczenié
Inflect doswiôdczenié | N;GEN(PL)	doswiôdczeniów
Inflect Wôłczô | N;F;NOM(SG)	Wôłczô
Inflect legionista | N;GEN(PL,MASC)	legionistów
Inflect òpozdzenk | N;GEN(SG)	òpozdzenkù
Inflect Liverpool | N;INS(SG)	Liverpoolem
Inflect fabala | N;GEN(SG)	fabalis
Inflect wiercenia | N;GEN(SG)	wierceniô
Inflect bôłëc | N;DAT(PL)	bôlëcë
Inflect pierwiôstk | N;NOM(PL,MASC,INAN)	pierwiôstczi
Inflect óbservacjô | N;GEN(SG)	óbserwacji
Inflect bibloteka | N;F;NOM(SG)	bibloteka
Inflect bibloteka | N;LOC;PL	biblotekach
Inflect bibloteka | N;GEN(PL)	bibloteków
Inflect tikanié | N;NEUT;SG;LOC	tikaniu
Inflect suskac | V;IMP;PFV	susk
Inflect chrzept | N;ACC(MASC,SG)	chrzept
Inflect Rëmiô | N;NOM(SG)	Rëmiô
Inflect wiara | N;NOM(SG)	wiara
Inflect wiara | N;ACC(SG)	wiarã
Inflect Détel | N;GEN(PL)	Détlów
Inflect Spreng | V;IMP;SG;2	Spreng
Inflect zemia | N;NOM(SG)	zemia
Inflect piãty | ADJ;INS(MASC,SG)	piątim
Inflect fundament | N;ACC(SG)	fùńdamentã
Inflect trus | N;ACC(SG)	Trus
Inflect stożk | N;NOM(PL)	stożczi
Inflect kòprovi | ADJ;INS(MASC,SG)	kòprowim
Inflect Apis | N;NOM(MASC,SG)	Apis
Inflect ptôszë | ADJ;GEN(PL,MASC,ANIM)	ptôszich
Inflect rewòLucjô | N;GEN(SG)	rewòlucëji
Inflect pòlaszëzna | N;ACC(SG)	pòlaszëznã
Inflect krótkô | ADJ;NOM(FEM,SG)	krótkô
Inflect uliga | N;M3;INS(SG)	uliginosum
Inflect Bòston | N;LOC;SG	Bòstonie
Inflect religija | N;GEN(SG)	religii
Inflect spòtkac | V;INF	spòtkac
Inflect lesnô | ADJ;NOM(FEM,SG)	lesnô
Inflect zaklãcc | V;NFIN	zaklãti
Inflect rodzezno | N;DAT(SG)	rodzëznie
Inflect pszczeli | ADJ;ACC(MASC,SG)	pszczelégò
Inflect jãzëk | N;GEN(PL)	jãżëków
Inflect dokôzac | V;NFIN	dokôzcą
Inflect dokôzac | V;NFIN	dokôzoma
Inflect dokôzac | V;NFIN;INFM	dokôzowanié
Inflect kśãżëc | N;GEN(SG)	księca
Inflect grzëpa | N;F;NOM(SG)	grzëpa
Inflect Tombaugh | N;GEN(MASC,SG)	Tombaugha
Inflect Miedzëbórz | N;NOM(SG,MASC)	Miedzëbórz
Inflect wëwód | N;NOM(PL)	wëwiódë
Inflect chrzest | N;DAT(SG)	chrzce
Inflect precyzëjô | N;ACC(SG)	precyzëją
Inflect Trzecô | ADJ;NOM(FEM,SG)	Trzecô
Inflect òwad | N;ACC(PL)	òwadë
Inflect òwad | N;GEN(PL)	òwadów
Inflect Miesądz | N;GEN(SG)	Miesąca
Inflect przëprawa | N;NOM(SG)	przëprawa
Inflect przëprawa | N;ACC(SG)	przëprawą
Inflect òrganizacëjô | N;GEN(SG)	òrganizacje
Inflect òdjimkac | V;NFIN	òdnieseniô
Inflect Łobżenica | N;NOM(SG)	Łobżenica
Inflect miesãcznik | N;GEN(SG)	miesãcznika
Inflect Ewanielëjô | N;GEN(SG)	Ewanielëji
Inflect Ewanielëjô | N;F;NOM(SG)	Ewanielëjô
Inflect czartowsczi | ADJ;NOM(FEM,SG)	czartowskô
Inflect cech | N;NOM(PL)	cechë
Inflect cech | N;ACC(MASC,SG)	cechù
Inflect metropòlia | N;NOM(SG,FEM)	metropòlie
Inflect Wôżny | ADJ;ACC(SG,FEM)	Wôżną
Inflect pòdjimìzna | N;ACC(SG)	pòdjimiznã
Inflect Pjesn | N;NOM(FEM,SG)	Pjesn
Inflect stacjonarny | ADJ;ACC(FEM,PL)	stacjonarné
Inflect seminarja | N;GEN(SG)	seminarëji
Inflect pãstacëjô | N;GEN(SG)	pãstaceje
Inflect przewòzënk | N;GEN(SG)	przewòzënkù
Inflect słonë | ADJ;NOM(FEM,SG)	Słoné
Inflect bazylika | N;NOM(FEM,SG)	bazylika
Inflect zwiérzãcë | ADJ;NOM(FEM,SG)	zwiérzãca
Inflect Szroeder | N;NOM(SG,MASC)	Szroeder
Inflect nawrócony | ADJ;GEN(PL,MASC)	nawróconych
Inflect przedpòle | N;LOC;SG	przedpòlim
Inflect ksądz | N;LOC;SG	ksãżi
Inflect ksądz | N;NOM(PL)	ksãżich
Inflect Słowo | N;NOM(SG,NEUT)	Słowo
Inflect dokôz | N;GEN(SG)	dokôzu
Inflect òbróna | N;GEN(SG)	òbronie
Inflect gminô | ADJ;NOM(FEM,SG)	gminowô
Inflect zacmienie | N;GEN(PL)	zacmieniów
Inflect wstawiennictwo | N;NOM(SG)	wstawiennictwò
Inflect szpalér | N;NOM(PL)	szpalérë
Inflect oczëc | V;NFIN	òczu
Inflect Matarniô | N;NOM(SG)	Matarniô
Inflect dżinia | N;DAT(PL)	dżinie
Inflect Capra | N;F;NOM(SG)	Capra
Inflect Pòwiat | N;NOM(SG)	Pòwiat
Inflect włôsny | ADJ;ACC(FEM,SG)	włôsné
Inflect Amaranthus | N;NOM(SG)	Amaranthus
Inflect wieszczórka | N;GEN(SG)	wieszczórczi
Inflect wieszczórka | N;SG	wieszczórka
Inflect wieszczórka | N;GEN(PL,FEM)	wieszczórków
Inflect skòk | N;NOM(SG)	skòk
Inflect skòk | N;GEN(PL)	skòków
Inflect ùstëgòwnik | N;INS(PL)	ùstëgòwnikama
Inflect zabôcziwac | V;INF	zabôcziwac
Inflect psychòlogiczny | ADJ;NOM(MASC,SG)	psychòlogiczny
Inflect zmicnô | N;NOM(FEM,SG)	zmiónka
Inflect delikatnô | ADJ;NOM(FEM,SG)	Delikatno
Inflect region | N;ACC(SG)	region
Inflect pòwstôwać | V;IMPF;3;PL	pòwstôwają
Inflect branié | N;NOM(SG)	branié
Inflect Kartuzë | N;NOM(PL)	Kartuzë
Inflect wspòmôganié | N;INS(SG)	wspòmôganiém
Inflect òbrôzkòwé | ADJ;NOM(PL,MASC)	òbrôzkòwé
Inflect fakt | N;DAT(SG)	facto
Inflect szëdlec | N;NOM(FEM,SG)	szëdlëca
Inflect szëdlec | N;FEM;LOC;SG	szëdlëce
Inflect meditacjô | N;NOM(SG)	meditacjô
Inflect spòdlo | N;LOC;SG	spòdlém
Inflect rodzéństwo | N;GEN(SG)	rodzéństwa
Inflect Pira | N;F;NOM(SG)	Pyrus
Inflect farwa | N;GEN(SG)	farwi
Inflect Czasama | ADV	Czasama
Inflect pijôsk | N;DAT(MASC,SG)	píôskù
Inflect przëczënic | V;NFIN;INF	przëczënic
Inflect Mòrskô | ADJ;NOM(FEM,SG)	Mòrsczé
Inflect Mòrskô | ADJ;NOM(FEM,SG)	Mòrskô
Inflect pòczątk | N;GEN(SG)	pòczątkù
Inflect klawisz | N;GEN(PL)	klawiszy
Inflect Pomorania | N;F;NOM(SG)	Pomorania
Inflect wëdra | N;NOM(FEM,PL)	Wëdrë
Inflect snôzy | ADJ;NOM(MASC,SG)	snôzi
Inflect smitanka | N;DIMN;GEN(PL)	smitonków
Inflect spôdkòwizna | N;NOM(FEM,SG)	spôdkòwizna
Inflect spôdkòwizna | N;GEN(SG,FEM)	spôdkòwiznowi
Inflect spôdkòwizna | N;GEN(SG)	spôdkòwiznë
Inflect spôdkòwizna | N;F;ACC(SG)	spôdkòwizną
Inflect tôblica | N;FEM;SG;LOC	tôblëce
Inflect Kòcenkò | N;NOM(MASC,SG)	Kòcenkò
Inflect białgowsczi | ADJ;NOM(PL,MASC)	białgowsczé
Inflect Wołdza | N;ACC(SG)	Wołdzi
Inflect zamknienié | N;NOM(SG,NEUT)	zamknienié
Inflect strona | N;F;NOM(SG)	strona
Inflect strona | N;LOC;PL	stronach
Inflect pòwróz | N;NOM(SG)	pòwróz
Inflect Holland | N;NOM(SG)	Holland
Inflect séc | V;NFIN	sezo
Inflect sławnosc | N;FEM;LOC;SG	sławnoscë
Inflect Encyklopedijô | N;F;NOM(SG)	Encyklopedia
Inflect głowô | N;GEN(SG)	głòwë
Inflect manifestacja | N;ACC(FEM,SG)	manifestacje
Inflect Mownô | ADJ;NOM(FEM,SG)	Mownô
Inflect głos | N;NOM(SG)	Głos
Inflect Estoniô | N;NOM(SG)	Estoniô
Inflect złożenie | N;GEN(SG)	złożenia
Inflect sprëżny | ADJ;GEN(MASC,PL)	sprëżnëch
Inflect Prôwda | N;NOM(SG)	Prôwda
Inflect Peplón | N;NOM(SG,MASC)	Peplón
Inflect koninsky | ADJ;MASC;INST;SG	koninsczim
Inflect bananowiec | N;M3;GEN(PL)	bananowców
Inflect kłasc | V;3;PL;PRES	kładzą
Inflect Skórcowô | ADJ;NOM(FEM,SG)	Skórcowô
Inflect Grzebòwiszcze | N;NOM(SG)	Grzebòwiszcze
Inflect Wieselnô | ADJ;NOM(FEM,SG)	Wieselnô
Inflect zbérk | N;GEN(SG)	zbérkù
Inflect krëkòwati | ADJ;GEN(PL,MASC,ANIM)	krëkòwatich
Inflect Tédora | N;F;NOM(SG)	Tédorë
Inflect bùtn | ADJ;NOM(MASC,PL)	bùtnowé
Inflect gradus | N;GEN(PL)	gradusów
Inflect Archanioł | N;ACC(SG)	Archanioła
Inflect dôkaz | N;NOM(PL)	Dôkazë
Inflect znajdować | V;3;PL;PRS	znajdują
Inflect gòrący | ADJ;NOM(MASC,SG)	gòrący
Inflect gòrący | ADJ;INS(MASC,SG)	gòrącym
Inflect Pòmòrskówé | ADJ;NOM(PL,MASC)	Pòmòrsce
Inflect sprawòwać | V;NFIN	sprawòwac
Inflect spisënk | N;GEN(SG)	spisënkù
Inflect zybie | V;PRS;3;SG	zybie
Inflect wëcygnąc | V;INF	wëcygnąc
Inflect beatifikacja | N;GEN(SG)	beatifikacji
Inflect pòwólny | ADJ;NOM(MASC,SG)	pòwólny
Inflect przibór | N;GEN(PL)	przibòrów
Inflect bania | N;F;NOM(SG)	bania
Inflect drobnolëstni | ADJ;NOM(FEM,SG)	Drobnolëstnô
Inflect wstãpny | ADJ;NOM(SG,MASC)	wstãpny
Inflect rewolucja | N;GEN(SG)	rewolucëji
Inflect Bôjka | N;NOM(PL)	Bajki
Inflect sprôwianic | N;LOC;SG;M3	sprôwianim
Inflect Zasadzenié | V;PFR;NEG;NFIN	Zasadzenié
Inflect Berlin | N;NOM(SG)	Berlin
Inflect Berlin | N;NOM(SG)	Berlina
Inflect Berlin | N;LOC;SG	Berlinie
Inflect Czim | N;ACC(MASC,SG)	Czim
Inflect Sillë | N;DAT(FEM,SG)	Silli
Inflect pòlitika | N;NOM(SG)	pòlitika
Inflect pòlitika | N;ACC(SG)	pòlitikã
Inflect Kwidzëno | N;NOM(SG)	Kwidzëno
Inflect lëdztwò | N;NOM(SG)	lëdztwò
Inflect Jones | N;NOM(MASC,SG)	Jones
Inflect òficjalnô | ADJ;NOM(FEM,SG)	òficjalnô
Inflect Czersczi | ADJ;GEN(MASC,SG)	Czersczégo
Inflect zamkniãce | N;NOM(SG,NEUT)	zamkniãcé
Inflect radzëzna | N;GEN(SG)	radzëznë
Inflect Abies | N;NOM(SG)	Abies
Inflect letny | ADJ;NOM(MASC,SG)	letny
Inflect szkło | N;NOM(SG)	szkło
Inflect Widno | ADJ;INS(MASC)	Widniem
Inflect Widno | ADV	Widną
Inflect pòrównanié | N;GEN(SG,MASC)	pòrównaniégò
Inflect Karczewsczi | ADJ;NOM(MASC,SG)	Karczewsczi
Inflect Mésterzkò | N;DAT(PL)	Mésterzkò
Inflect Sudety | N;GEN(PL)	Sudetów
Inflect królewiónk | N;NOM(PL)	królewionczi
Inflect skłôdanié | N;INS(SG)	skłôdaniém
Inflect skłôdanié | N;GEN(SG)	skłôdaniô
Inflect dwórk | N;GEN(MASC,SG)	dwòrkù
Inflect firma | N;F;GEN(PL)	firmów
Inflect Swiãcowie | N;P;NOM(PL,MASC)	Swiãcowie
Inflect Brzadã | N;ACC(SG)	Brzadã
Inflect pòjedińczi | ADJ;VOC(MASC,SG)	pòjedińczi
Inflect Nôbrama | N;ACC(SG)	Ôbrama
Inflect gitarzysta | N;NOM(SG)	gitarzista
Inflect katolecczi | ADJ;ACC(MASC,SG)	katolecczégò
Inflect Wniebòwzãcô | N;NOM(FEM,SG)	Wniebòwzãcô
Inflect Marinarka | N;INS(SG)	Marinarką
Inflect las | N;GEN(SG)	lasu
Inflect las | N;INS(SG)	lasã
Inflect las | N;GEN(PL)	lasów
Inflect pòmòrsk | ADJ;NOM(MASC,SG)	Pòmòrsczi
Inflect maratón | N;ACC(SG)	maratonã
Inflect kalëny | N;IND;GEN(PL)	kalënowatëch
Inflect greńc | N;GEN(PL)	greńców
Inflect wierzt | N;GEN(PL)	wiérztów
Inflect jęzëk | N;GEN(SG)	jãzekù
Inflect wenerować | V;PST;3;PL	wenerowale
Inflect pòjedink | N;ACC(SG)	pòjedinkã
Inflect Wagenrad | N;NOM(SG)	Wagenrad
Inflect dochód | N;GEN(SG)	dochodu
Inflect pùstelnica | N;ACC(SG)	pùstelnikã
Inflect kòzełk | N;NOM(SG)	kòzełk
Inflect pilot | N;GEN(SG)	pilota
Inflect szwer | N;ACC(SG)	szwerdã
Inflect brzëmielnik | N;NOM(SG)	brzëmielnik
Inflect smiéch | N;INST;SG	smiéchã
Inflect Bombycilla | N;NOM(SG)	Bombycilla
Inflect grëfa | N;NOM(FEM,SG)	grifa
Inflect jãzëczk | N;NOM(PL)	jãzëczi
Inflect jãzëczk | N;DIM;NOM(SG)	jãzëczk
Inflect kùlturny | ADJ;NOM(MASC,SG)	kùlturny
Inflect miemiecczi | ADJ;DAT(MASC,PL)	miemiecczich
Inflect miemiecczi | ADJ;ACC(MASC,SG)	miemiecczé
Inflect miemiecczi | ADJ;GEN(MASC,SG)	miemiecczégò
Inflect ùcekacë | V;IMPF;3;SG	ùcékô
Inflect marsz | N;NOM(SG)	Marsz
Inflect jãzór | N;NOM(SG)	jãzór
Inflect szczecëńsczi | ADJ;INS(MASC,SG)	szczecëńsczim
Inflect scentralizowac | V;INF	scentralizowac
Inflect Jindion | N;DAT(SG)	Jindiónë
Inflect arcëbiskùpka | N;GEN(PL,FEM)	arcëbiskùpich
Inflect wiãcë | ADV	wicy
Inflect szôłtëstwo | N;GEN(SG)	szôłtëstwa
Inflect sëła | N;NOM(FEM,SG)	sëła
Inflect Kabaret | N;NOM(SG)	Kabaret
Inflect mrożenié | N;NOM(SG)	mrożenié
Inflect chërzënka | N;ACC(SG)	chërno
Inflect Katolëcczi | ADJ;NOM(MASC,SG)	Katolëcczi
Inflect Rekonstrukcjô | N;NOM(SG)	Rekònstrukcja
Inflect klészcz | N;NOM(SG)	klészcz
Inflect samòzwãk | N;ACC(SG)	samòzwãkã
Inflect samòzwãk | N;GEN(SG)	samòzwãkù
Inflect pisôrka | N;NOM(FEM,SG)	pisôrka
Inflect wëdóny | ADJ;DAT(PL,MASC)	wëdónëch
Inflect Pòtrusowati | V;INF	Pòtrusowati
Inflect pôdstawa | N;NOM(PL)	pôdstawë
Inflect HaMelah | N;MASC;SG;LOC	HaMelah
Inflect òbsądzy | N;NOM(PL)	òbsąd
Inflect kòłk | N;LOC;PL	òkółkach
Inflect przepòwiesc | N;DAT(SG)	przepòwiesce
Inflect Krãżel | N;NOM(SG,MASC)	Krãżel
Inflect zwierzëzna | N;GEN(SG)	zwierzëznie
Inflect Szczecin | ADJ;NOM(MASC,SG)	Szczeciński
Inflect widzoczny | ADJ;INS(MASC,SG)	widzocznym
Inflect Czëdë | ADV	Czëdë
Inflect wòda | N;ACC(PL)	Wódë
Inflect południowy | ADJ;FEM;SG;LOC	południowej
Inflect Anglëja | N;GEN(SG)	Anglëji
Inflect cząstka | N;ABL(PL,FEM)	cząstkama
Inflect dotknąć | V;NFIN	dotknąc
Inflect trzësk | N;GEN(MASC,PL)	trusów
Inflect dzewiãtny | ADJ;ACC(SG,FEM)	dzewiątą
Inflect urena | N;ACC(MASC,SG)	urens
Inflect lëkwidacja | N;GEN(SG)	lëkwidacji
Inflect Biafra | N;NOM(SG)	Biafra
Inflect Biafra | N;DAT(SG)	Biafrze
Inflect Biafra | N;ACC(SG)	Biafrą
Inflect Figara | N;GEN(FEM,SG)	Figara
Inflect spòsób | N;INST;SG	spòsobã
Inflect spòsób | N;NOM(PL)	spòsobë
Inflect spòsób | N;M3;NOM(SG)	spòsób
Inflect Sopòc | N;DAT(SG)	Sopòce
Inflect Eremã | N;NOM(FEM,SG)	Eremã
Inflect ùszëkòwanié | V;NFIN	ùszëkòwanié
Inflect załóżca | N;ACC(SG)	załóżcą
Inflect pòézjô | N;GEN(SG)	pòézji
Inflect pòézjô | N;NOM(SG)	pòézjô
Inflect lília | N;ACC(FEM,SG)	Lilio
Inflect dolmaczenié | N;INS(SG)	dolmaczeniém
Inflect medicynô | N;GEN(SG)	medicynë
Inflect Łužëce | N;LOC;PL	Łużëcach
Inflect zdrzelnica | N;NOM(PL)	zdrzelnice
Inflect towarzëstwò | N;NOM(SG)	towarzëstwò
Inflect pòsterunk | N;GEN(SG,MASC)	pòsterunkù
Inflect chrzescéjan | N;GEN(PL)	chrzescéjanów
Inflect malarztwò | N;NOM(NEUT,SG)	malarztwò
Inflect pòsobnica | N;ACC(SG)	pòsobnicã
Inflect òbszernô | ADJ;NOM(FEM,SG)	òbszernô
Inflect Krokòwa | N;FEM;SG;LOC	Krokòwi
Inflect ùroda | N;NOM(SG)	ùrodza
Inflect Filadelfijô | N;GEN(SG)	Filadelfije
Inflect Władza | N;ACC(SG)	Władzã
Inflect Jitalską | ADJ;ACC(FEM,SG)	Jitalską
Inflect góra | N;NOM(FEM,PL)	Górë
Inflect chëcza | N;LOC;PL	chëczach
Inflect Madonna | N;GEN(SG)	Madonnë
Inflect patelnia | N;DAT(SG)	patelni
Inflect teòlogijô | N;DAT(SG)	teòlogie
Inflect pòdjimac | V;NFIN	pòdbiti
Inflect séc | N;DAT(PL)	sécë
Inflect séc | N;GEN(PL)	séców
Inflect sudło | N;GEN(PL)	sudłów
Inflect dolmaczëc | V;INF	dolmaczëc
Inflect jeden | ADJ;ACC(FEM,SG)	jednã
Inflect przestrzéni | N;VOC(SG)	przestrzéń
Inflect Kòpónka | N;NOM(FEM,SG)	Kòpónka
Inflect wersja | N;VOC(PL)	wersje
Inflect wersja | N;GEN(FEM,SG)	wersji
Inflect wersja | N;ACC(SG)	wersjã
Inflect wersja | N;GEN(PL)	wersjów
Inflect MIESZKANIEC | N;INS(MASC,SG)	mieszkańcem
Inflect pòłowô | N;DAT(SG,FEM)	pòłowie
Inflect Amadé | N;NOM(SG)	Amadé
Inflect dialóg | N;NOM(PL)	dialodżi
Inflect encyklopedia | N;NOM(PL)	Encyklopedie
Inflect serotina | N;NOM(FEM,SG)	serotina
Inflect ikònografia | N;GEN(SG)	ikònografii
Inflect Szwecczi | ADJ;NOM(MASC,PL)	Szwecczi
Inflect zamieszkały | ADJ;ACC(MASC,PL)	zamieszkałe
Inflect film | N;GEN(PL)	filmów
Inflect Chojna | N;NOM(FEM,SG)	Chojna
Inflect Bąsôk | N;NOM(SG)	Bąsôk
Inflect stolëca | N;FEM;ALLR;PL	stolëcë
Inflect stolëca | N;F;NOM(SG)	stolëcô
Inflect stolëca | N;F;INS(SG)	stolëcą
Inflect òficér | N;GEN(PL)	òficérów
Inflect bazylica | N;LOC;SG	bazylice
Inflect sarce | N;VOC(SG,MASC)	Sarczi
Inflect Równoczasno | ADV	Równoczasno
Inflect virga | N;ACC(SG)	virgata
Inflect virga | N;VOC(SG)	virgaurea
Inflect Aragonija | N;GEN(SG)	Aragoniji
Inflect szëkac | V;INF	szëkac
Inflect żëdowskô | ADJ;VOC(MASC,SG)	żëdowsczi
Inflect Pacyfik | N;GEN(MASC,SG)	Pacyfikù
Inflect emigracëjny | ADJ;GEN(MASC,SG)	emigracëjnégò
Inflect Szãtopiérza | N;VOC(PL)	Szãtopiérze
Inflect doktorski | ADJ;ACC(FEM,SG)	doktorską
Inflect roscëna | N;ACC(FEM,PL)	roscënë
Inflect roscëna | N;GEN;GEN(PL,MASC)	roscënów
Inflect arbita | N;NOM(SG)	arbiter
Inflect Klôsztorny | ADJ;NOM(MASC,SG)	Klôsztórné
Inflect szczitowë | ADJ;GEN(MASC,SG)	szczitowégò
Inflect srómba | N;GEN(SG)	srąbë
Inflect Ùroczëzna | N;NOM(SG)	Ùroczëzna
Inflect Piôsznicë | N;ABL(FEM,SG)	Piôsznicë
Inflect kòdukt | N;GEN(PL,MASC)	kòduktów
Inflect brzuch | N;GEN(SG)	brzëchù
Inflect Alpejski | ADJ;NOM(FEM,SG)	Alpejskô
Inflect Starożytni | ADJ;NOM;VOC(MASC,PL)	Starożytni
Inflect przescieradło | N;NOM(SG,NEUT)	przescieradło
Inflect zwierzę | N;GEN(PL)	zwierzãtów
Inflect brutka | N;F;GEN(SG)	brutczi
Inflect zôpad | N;GEN(SG)	zôpadu
Inflect brëkòwnô | ADJ;NOM(FEM,SG)	brëkòwnô
Inflect tifùs | N;NOM(MASC,SG)	tifùs
Inflect tifùs | N;GEN(SG)	tifùsu
Inflect wëstãpiwac | V;INF	wëstãpiwac
Inflect Andrzej | N;GEN(SG)	Andrzeja
Inflect Krëwianka | N;GEN(PL,ANIM)	Krëwiónk
Inflect Oranienburg | N;NOM(SG)	Oranienburg
Inflect gón | N;M3;GEN(SG)	gónu
Inflect ludowy | ADJ;GEN(FEM,SG)	ludowej
Inflect Pszczëna | N;GEN(SG)	Pszczynë
Inflect Wiszniowô | ADJ;NOM(FEM,SG)	Wiszniowô
Inflect dëszë | N;NOM(PL)	dëszë
Inflect sekùnda | N;GEN(PL)	sekùnd
Inflect sekùnda | N;ACC(SG)	sekùndã
Inflect sekùnda | N;VOC(SG)	sekùndë
Inflect miédza | N;GEN(FEM,SG)	miédze
Inflect jinstitucja | N;GEN(PL)	jinstitucjów
Inflect rzéka | N;ACC(SG)	rzéce
Inflect rzéka | N;GEN(SG)	rzéczi
Inflect rzéka | N;NOM(SG)	rzéka
Inflect rzéka | N;LOC;PL	rzékach
Inflect rzéka | N;INSTR;PL	rzékama
Inflect rzéka | N;GEN(PL)	rzéków
Inflect dewelopersczi | ADJ;VOC(MASC,SG)	dewelopersczi
Inflect pòznôwczë | ADJ;GEN(PL,MASC,INAN)	pòznôwczich
Inflect Dioskùr | N;NOM(MASC,SG)	Dioskùr
Inflect Dioskùr | N;NOM(FEM,SG)	Dioskùra
Inflect pòrtugalsczi | ADJ;MASC;PSS;SG	pòrtugalsczégò
Inflect pòpiól | N;NOM(SG)	pòpiół
Inflect kaszëba | N;LOC;PL	kaszëbach
Inflect symbol | N;VOC(SG)	symbòle
Inflect Gilliama | N;ACC(FEM,SG)	Gilliama
Inflect òbiekt | N;GEN(SG)	òbiektu
Inflect òbiekt | N;ACC(SG)	òbiektã
Inflect òbiekt | N;FEM;PL	òbiektë
Inflect òbiekt | N;GEN(PL)	òbiektów
Inflect Pòtrownica | N;NOM(PL)	Pòtrownice
Inflect decëdować | V;IMP;3;PL	decëdëją
Inflect kòszk | N;GEN(PL)	kòsziczków
Inflect kòralowc | N;GEN(PL)	kòralowców
Inflect òwca | N;ACC(SG)	òwce
Inflect Apostoł | N;GEN(PL)	Aposztołów
Inflect Szacëc | V;IMP;2;PL	Szacëje
Inflect òdpòwiednik | N;DAT(PL)	òdpòwiednikiem
Inflect swoboda | N;ACC(SG,FEM)	swobodę
Inflect eskalacjô | N;GEN(FEM,SG)	eskalacjë
Inflect wszëtczim | ADJ;DAT(PL)	wszëtczim
Inflect WÙLKAN | N;ACC(PL)	Wùlkanë
Inflect szakal | N;NOM(SG)	szakal
Inflect Magdalena | N;ACC(FEM,SG)	Magdalenë
Inflect Magdalena | N;INS(FEM,SG)	Magdaleną
Inflect Mrągòwa | N;GEN(MASC,SG)	Mrągòwiusza
Inflect Dieta | N;NOM(FEM,SG)	Dieta
Inflect pòstny | ADJ;INS(MASC,SG)	pòstny
Inflect brzãk | N;NOM(PL)	brzãczi
Inflect greńcowë | ADJ;NOM(MASC,PL)	greńcowi
Inflect Ródzëzna | N;NOM(SG)	Rôdzëno
Inflect Pùm | N;NOM(SG,FEM)	Pùma
Inflect Wãdzjersczima | ADJ;INS(MASC,PL)	Wãgiersczima
Inflect zajn | ADV	zajn
Inflect wënekanié | N;INST;SG	wënëkaniém
Inflect miłosc | N;GEN(FEM,SG)	miłoscë
Inflect DUSZA | N;NOM(SG)	DUSZA
Inflect kòntinent | N;LOC;PL	kòntinentach
Inflect òkno | N;INS(SG)	òknem
Inflect òkno | N;LOC;SG	òknie
Inflect kmink | N;NOM(MASC,SG)	kmink
Inflect ksãdz | N;GEN(SG)	ksãżёca
Inflect Konrad | N;NOM(SG)	Konrad
Inflect rëszenié | N;NOM(SG)	rëszenié
Inflect Luter | N;NOM(MASC,SG)	Luter
Inflect òbrôzk | N;NOM(PL)	òbrôzczi
Inflect òbrôzk | N;M3;NOM(SG)	òbrôzk
Inflect tësecletë | N;ACC(PL)	tësąclata
Inflect brat | N;GEN(SG)	bracy
Inflect pòdrzątk | N;DAT(SG)	pòdrzątkù
Inflect nôleżnik | N;GEN(SG)	nôleżnika
Inflect nôleżnik | N;F;INS(PL)	nôleżnikama
Inflect nôleżnik | N;ACC(SG)	nôleżnikã
Inflect nôleżnik | N;GEN(PL)	nôleżników
Inflect adresôrz | N;NOM(MASC,SG)	adresôrz
Inflect spòleznô | N;ACC(FEM,SG)	spòleznë
Inflect szczépiony | ADJ;GEN(MASC,SG)	szczépionégò
Inflect mùskla | N;NOM(PL)	mùskle
Inflect kòniczëzna | N;F;NOM(SG)	kòniczëzna
Inflect wëjasnienié | N;GEN(SG)	wëjasnieniô
Inflect proza | N;DAT(SG)	prozë
Inflect czarzëna | N;LOC;SG;MASC	czarzënie
Inflect gnôt | N;NOM(SG)	gnôt
Inflect Eufrozyna | N;NOM(SG,FEM)	Eufrozyna
Inflect zalëdzoné | ADJ;PSSV;NFIN	zalëdzoné
Inflect krale | N;VOC(PL)	krale
Inflect bliskòsc | N;GEN(SG)	bliskòscë
Inflect prziroda | N;DAT(SG)	przirodze
Inflect Scynanié | V;NFIN	Scynanié
Inflect spopularizować | V;NFIN;VSTAT;PERF	spopularizowanié
Inflect szpica | N;NOM(FEM,SG)	szpica
Inflect slédny | ADJ;NOM(MASC,SG)	slédny
Inflect slédny | ADJ;MASC;INST;SG	slédnym
Inflect slédny | ADJ;GEN(MASC,SG)	slédnégò
Inflect slédny | ADJ;OBL;PL	slédnëch
Inflect Jãzëk | N;GEN(SG)	Jãzëka
Inflect lëstk | N;NOM(PL)	lëstczi
Inflect kłos | N;GEN(PL)	kłosów
Inflect Rubin | N;NOM(MASC,SG)	Rubin
Inflect kamianny | ADJ;NOM(MASC,SG)	kamianny
Inflect Anadirskô | ADJ;NOM(FEM,SG)	Anadirskô
Inflect cyfra | N;GEN(PL)	cyfrów
Inflect Svjeca | N;NOM(PL)	Svjecè
Inflect òbsztelenk | N;NOM(SG)	òbsztelënk
Inflect bómbardować | V;PST;3;PL	bómbardowelë
Inflect pierwòszny | ADJ;GEN(MASC,PL)	pierwòsznëch
Inflect òblëk | N;GEN(PL)	òblëczenków
Inflect tradicjô | N;NOM(SG)	tradicjô
Inflect Ònufri | N;NOM(MASC,SG)	Ònufri
Inflect krziż | N;NOM(SG)	Krziż
Inflect Pògrzeb | N;NOM(SG)	Pògrzéb
Inflect pionier | N;GEN(PL)	pionierów
Inflect Zwònica | N;NOM(FEM,SG)	Zwònica
Inflect Scotta | N;ACC(SG)	Scotta
Inflect Lëtwa | N;ACC(SG)	Lëtwã
Inflect Lëtwa | N;GEN(SG)	Lëtwë
Inflect Lëtwa | N;INS(SG)	Lëtwą
Inflect Vojtěch | N;NOM(SG,MASC)	Vojtěch
Inflect przeznórtny | ADJ;MS;NOM(SG)	przeznórtny
Inflect òbaczëc | V;INF	òbaczëc
Inflect grónk | N;NOM(PL)	grónczi
Inflect Przewodnik | N;NOM(SG)	Przewodnik
Inflect zrzeszëna | N;NOM(FEM,SG)	zrzeszëna
Inflect pòlsczi | ADJ;INS(MASC,SG)	pòlsczim
Inflect pòlsczi | ADJ;GEN(MASC,SG)	pòlsczégò
Inflect prawã | N;ACC(SG)	prawò
Inflect rëba | N;ACC(FEM,SG)	rëbą
Inflect Talór | N;NOM(SG)	Talôr
Inflect kader | N;NOM(PL)	kadrë
Inflect zakôzony | ADJ;GEN(MASC,PL)	zakôzónëch
Inflect znónô | ADJ;NOM(PL,MASC)	znóné
Inflect znónô | ADJ;GEN(MASC,SG)	znónégò
Inflect Prus | N;ACC(SG)	Prunus
Inflect ukłôd | N;NOM(MASC,SG)	ukłôd
Inflect Peplińsczi | ADJ;NOM(MASC,SG)	Peplińsczi
Inflect lëdã | N;ACC(SG)	lëdã
Inflect bab | N;ACC(SG)	babã
Inflect artysticzny | ADJ;NOM(MASC,SG)	artysticzny
Inflect żgôwka | N;NOM(FEM,SG)	żgôwka
Inflect òrganizacëji | N;GEN(SG)	òrganizacëji
Inflect Perudża | N;NOM(PL)	Perudżi
Inflect òliwnikòwi | ADJ;GEN(PL,MASC,ANIM)	òliwnikòwatëch
Inflect òdczëtanié | N;GEN(SG)	òdczëtania
Inflect chlébk | N;ACC(SG)	chlébkã
Inflect prôwdobòdobnie | ADV	prôwdobòdobnie
Inflect nowòżétni | ADJ;ACC(MASC,PL)	nowòżetnich
Inflect żëdowizna | N;F;DAT(SG)	żëdowiznie
Inflect bùt | N;GEN(FEM,SG)	bótë
Inflect cepły | ADJ;NOM(FEM,SG)	cepła
Inflect czerznianié | N;GEN(SG)	czerznianiô
Inflect Miasteczko | N;DIM;GEN(SG)	Miesczi
Inflect Aborigen | N;NOM(PL)	Aborigeni
Inflect òpiekùn | N;INS(SG)	òpiekunem
Inflect Land | N;NOM(MASC,SG)	Land
Inflect jigrów | ADJ;GEN(FEM,PL)	jigrów
Inflect sonet | N;NOM(PL)	Sonety
Inflect òbrôz | N;NOM(SG)	òbrôz
Inflect garda | N;GEN(SG)	Gardë
Inflect twòrzëc | V;IMP;SG;2	twórz
Inflect smażińskô | ADJ;VOC(MASC,SG)	smażińsczi
Inflect dodac | V;INF	dodac
Inflect cokół | N;NOM(SG)	cokół
Inflect Spokójny | ADJ;INS(MASC,SG)	Spokojnim
Inflect Pòmòrskô | ADJ;ACC(FEM,SG)	Pòmòrską
Inflect pòmòc | N;GEN(SG)	pòmòcë
Inflect pòmòc | N;VOC(SG)	pòmòcą
Inflect pòmòc | V;INF	pòmògac
Inflect fagòt | N;NOM(SG)	fagòt
Inflect nożë | N;GEN(FEM,SG)	nodżi
Inflect mola | N;LOC;PL	molach
Inflect żëdowsczi | ADJ;GEN(MASC,SG)	żëdowscziego
Inflect drewnianë | ADJ;NOM(FEM,SG)	drewnianô
Inflect pòzarządowi | ADJ;NOM(FEM,SG)	pòzarządowô
Inflect Wiążnica | N;NOM(SG)	Wiążnica
Inflect spòrzba | N;VOC(SG)	spòrze
Inflect Ùchwôlënk | N;NOM(SG)	Ùchwôlënk
Inflect sédemkropka | N;NOM(SG)	sédemkropka
Inflect gbùr | N;VOC(PL)	gbùrze
Inflect kwitnienie | N;NOM(SG)	kwitnienie
Inflect Pôłcze | N;GEN(PL)	Pêłczéno
Inflect Nowigò | ADJ;ACC(MASC,SG)	Nowigò
Inflect wielelatni | ADJ;NOM(SG,MASC)	wielelatné
Inflect Szeroczi | ADJ;NOM(MASC,SG)	Szeroczi
Inflect zanôleżny | ADJ;NOM(FEM,SG)	zanôléżnô
Inflect Nëk | N;F;ACC(SG)	wënëkùnë
Inflect stolarz | N;DAT(PL)	stolôrzama
Inflect rosprava | N;NOM(SG,FEM)	rosprave
Inflect spãdzenié | N;NOM(SG)	spãdzenié
Inflect bòber | N;NOM(MASC,SG)	bòber
Inflect Spłiw | V;IMP;SG;2	Spłiw
Inflect rebùs | N;GEN(PL)	rebùsów
Inflect fôłt | N;GEN(PL)	fôłtów
Inflect królestwo | N;GEN(SG)	królestwa
Inflect synoptyczny | ADJ;INS;NOM(PL,MASC)	synopticznyma
Inflect ksiãga | N;NOM(FEM,SG)	księga
Inflect kòmercijny | ADJ;INS(MASC,SG)	kòmercijnym
Inflect kółkò | N;DAT(SG)	kółkò
Inflect pamiątka | N;GEN(SG)	pamiątczi
Inflect Mòkwiô | N;NOM(SG)	Mòkwa
Inflect stodoła | N;GEN(FEM,SG)	stodołë
Inflect Srébrzny | ADJ;INS(MASC,SG)	Srébrznym
Inflect dôwno | ADV	dôwno
Inflect òlimpijsczi | ADJ;GEN(MASC,PL)	Òlimpijsczich
Inflect tysiąc | N;ACC(SG)	tesąca
Inflect Nôrodowô | ADJ;NOM(FEM,SG)	Nôrodowô
Inflect kawas | N;NOM(PL)	kawasë
Inflect Włodzmirsczi | ADJ;NOM(MASC,SG)	Włodzmirsczi
Inflect domôc | ADJ;NOM(FEM,SG)	domôcô
Inflect domôc | N;ACC(SG)	domôcą
Inflect pòłabizna | N;GEN(SG)	pòłabiznë
Inflect pszenëga | N;GEN(SG)	pszenégò
Inflect kùlturôk | N;GEN(MASC,SG)	kùlturnégò
Inflect Carla | N;NOM(SG)	Carla
Inflect kòmòrka | N;LOC;PL	kòmórkach
Inflect ùrzãdnik | N;NOM(PL,MASC)	ùrzãdnicë
Inflect ùrzãdnik | N;NOM(SG)	ùrzãdnik
Inflect kòòrdinacija | N;NOM(PL)	kòòrdinacje
Inflect Zagłębie | N;NOM(SG)	Zagłębie
Inflect Gromica | N;NOM(FEM,SG)	Gromica
Inflect wënalazca | N;GEN(MASC,PL)	wënalazców
Inflect mésterstwie | N;LOC;PL	mésterstwach
Inflect zjinaczanié | N;GEN(SG)	zjinaczaniô
Inflect ród | N;INS(SG)	rodã
Inflect ród | N;GEN(PL)	rodów
Inflect Strzelëc | V;IMP;PFV	Strzél
Inflect cetrzéwka | N;NOM(FEM,SG)	cetrzéwka
Inflect Przemisł | N;ACC(FEM,SG)	Przemisła
Inflect Crayna | N;NOM(FEM,SG)	Crayna
Inflect rozszérzenié | N;GEN(SG)	rozszérzeniégò
Inflect ùbrzég | N;DAT(SG)	ùbrzegù
Inflect Główczëce | N;NOM(PL)	Główczëce
Inflect pòstãpòwac | V;IVF;NFIN	pòstãpùjącé
Inflect ùbòdżi | ADJ;INS(PL,MASC)	ùbòdżimi
Inflect Celsjusz | N;GEN(MASC,SG)	Celsjusza
Inflect Nożëce | N;NOM(PL)	Nożëce
Inflect równoleżnik | N;GEN(SG)	równoleżnika
Inflect piscôrz | N;ACC(MASC,SG)	pisôrza
Inflect momãt | N;LOC;SG	mòmence
Inflect kòtlëna | N;NOM(PL)	kòtlënë
Inflect łuska | N;F;INS(PL)	łuskami
Inflect skrôwka | N;GEN(SG)	skrôwki
Inflect izolacja | N;GEN(FEM,SG)	izolaceji
Inflect kawalér | N;ACC(SG)	kawalérã
Inflect conã | V;GER;PRED	conã
Inflect letni | ADJ;NOM(PL)	letnié
Inflect wãdzëdło | N;LOC;SG	wãdzëdłã
Inflect Rómka | N;NOM(FEM,SG)	Rómka
Inflect fùnkcjô | N;ACC(SG)	fùnkcjã
Inflect odchylenie | N;GEN(SG)	odchylenia
Inflect gwiôzda | N;GEN(PL)	gwiôzdów
Inflect medi | N;NOM(MASC,SG)	medius
Inflect janioł | N;GEN(SG)	janioła
Inflect bùsk | N;F;ACC(SG)	bùskã
Inflect wiéch | N;ACC(SG)	wiéchë
Inflect symbòl | N;NOM(MASC,SG)	symbòl
Inflect gardzëk | N;NOM(MASC,SG)	gardzëk
Inflect kòsmiczny | ADJ;GEN(MASC,PL)	kòsmicznëch
Inflect gwiôzda | N;NOM(SG)	gwiôzda
Inflect Solidarnosc | N;DAT(SG)	Solidarnoscë
Inflect Studëj | V;IMP;2;SG	Studia
Inflect wëzdrzatk | N;NOM(SG)	wëzdrzatk
Inflect swobodny | ADJ;ACC(FEM,SG)	swobodne
Inflect zato | ADV	zato
Inflect sãdza | N;F;NOM(SG)	sãdza
Inflect sãdza | N;VOC(PL)	sãdzowie
Inflect wëdżinąc | V;INF	wëdżinąc
Inflect Wyszyńsczi | ADJ;NOM(MASC,SG)	Wyszyńsczi
Inflect długy | ADJ;INS(MASC,SG)	dłudżim
Inflect Ùzbekistan | N;NOM(SG)	Ùzbekistan
Inflect efèkt | N;F;ACC(SG)	Efektã
Inflect anglikańsczi | ADJ;GEN(MASC,SG)	anglikańsczégò
Inflect wilijny | ADJ;INS(MASC,SG)	wilijnym
Inflect Rapòrt | N;M3;NOM(SG)	Rapòrt
Inflect rãkawica | N;NOM(PL)	rãkawice
Inflect Spokòjnë | ADJ;GEN(MASC,SG)	Spòkójnégò
Inflect mëmczi | N;ACC(SG)	mëmką
Inflect aniôł | N;NOM(SG)	janiôł
Inflect Rzëmskòkatolëcczi | ADJ;NOM(FEM,SG)	Rzëmskòkatolëckô
Inflect Dziej | N;NOM(SG)	Dzieje
Inflect jeżëna | N;GEN(PL)	jeżën
Inflect masë | N;LOC;PL	masach
Inflect Płotkò | N;DAT(SG)	Płutkò
Inflect torc | N;ACC(PL)	tortë
Inflect przëkôzanié | N;GEN(PL)	Przëkôzaniów
Inflect bioërka | N;NOM(SG)	bioerkna
Inflect sadnąc | V;INF	sadnąc
Inflect widzawiszcze | N;GEN(PL)	widzawiszcza
Inflect widzawiszcze | N;ACC(SG)	widzawiszcze
Inflect stoja | V;NFIN	stoja
Inflect leszczëna | N;FEM;SG	leszczëna
Inflect Julie | N;NOM(FEM,SG)	Julie
Inflect córcza | N;GEN(FEM,SG)	córczi
Inflect jenerôłowa | ADJ;NOM(FEM,SG)	jenerôłowë
Inflect natura | N;GEN(SG)	naturë
Inflect cãżczi | ADJ;INS(MASC,SG)	cãżczi
Inflect cãżczi | ADJ;INS(SG,MASC)	cãżczim
Inflect krowa | N;F;NOM(SG)	krowa
Inflect krowa | N;LOC;SG	krownie
Inflect krowa | N;ACC(FEM,SG)	krowë
Inflect glabra | V;PRS;3;SG	glabra
Inflect Palmòwô | ADJ;NOM(FEM,SG)	Palmòwô
Inflect aramejsczi | ADJ;GEN(MASC,SG)	aramejsczégò
Inflect spòrtowc | N;NOM(PL)	spòrtowcë
Inflect Nóm.f | N;LOC;SG	kòmórce
Inflect nôgłówka | N;ACC(SG)	nôgłówkã
Inflect òbraz | N;LOC;SG	òbraze
Inflect materiał | N;NOM(PL)	materiały
Inflect Rozłazënie | N;NOM(NEUT,SG)	Rozłazënie
Inflect pòrcelanô | ADJ;ACC(FEM,SG)	pòrcelanã
Inflect centralny | ADJ;NOM(MASC,SG)	Centralny
Inflect ondatra | N;NOM(SG)	Ondatra
Inflect Ludwika | N;NOM(FEM,SG)	Ludwika
Inflect płodność | N;GEN(SG)	płodnosce
Inflect kôrtowã | ADJ;GEN(FEM,PL)	kôrtowëch
Inflect schinza | N;LOC;SG	schinzii
Inflect atmòsféra | N;NOM(SG)	atmòsféra
Inflect slovjan | N;NOM(PL)	slověne
Inflect apòkrif | N;INS(PL)	apòkrifama
Inflect Wierzbòwô | ADJ;NOM(FEM,SG)	Wierzbòwô
Inflect mëcha | N;ACC(SG)	mëchã
Inflect Zajednica | N;NOM(SG)	Zajednica
Inflect Sniégòwi | N;MASC;SG;LOC	Sniégòwi
Inflect chòwanié | N;GEN(SG)	chòwaniégò
Inflect katakùmba | N;LOC;PL	katakùmbach
Inflect niżawny | ADJ;INS(MASC,SG)	niżawnym
Inflect łów | N;GEN(PL)	łowów
Inflect lëdzëc | N;DAT(PL)	lëdzóm
Inflect profesor | N;NOM(MASC,SG)	profesor
Inflect profesor | N;GEN(MASC,SG)	profesora
Inflect przełóm | N;LOC;SG	przełomie
Inflect anielsczi | ADJ;DAT(MASC,SG)	anielsczemu
Inflect anielsczi | ADJ;NOM(MASC,SG)	anielsczi
Inflect anielsczi | ADJ;GEN(MASC,SG)	anielsczégò
Inflect kòmercëjny | ADJ;NOM(MASC,SG)	kòmercëjny
Inflect Zbrzëca | N;NOM(SG)	Zbrzëca
Inflect Azja | N;GEN(SG)	Azji
Inflect kraj | N;GEN(PL)	krojów
Inflect wôrtosc | N;NOM(FEM,SG)	wôrtosc
Inflect wôrtosc | N;NOM(PL)	wôrtoscë
Inflect sznobel | N;NOM(SG,MASC)	sznobel
Inflect legiónista | N;INSTR;PL	legiónistama
Inflect pamiątkòwô | ADJ;NOM(FEM,SG)	pamiątkòwô
Inflect Zbòżé | N;NOM(SG)	Zbòżé
Inflect apartny | ADJ;VOC(MASC,SG)	apartne
Inflect brzôd | N;NOM(MASC,SG)	brzôd
Inflect śledzëc | V;NFIN	Sledzón
Inflect czasy | N;LOC;PL	wczasach
Inflect macerzónka | N;NOM(SG)	macerzónka
Inflect Stosunek | N;M3;NOM(SG)	Stosunek
Inflect pòmòc | N;DAT(SG)	pomòcë
Inflect Pawłowi | N;DAT(MASC,SG)	Pawłowi
Inflect zbiérk | N;ACC(SG,FEM)	zbiérkã
Inflect Arktyka | N;GEN(SG)	Arktyczi
Inflect dozdrzliwi | ADJ;ACC(MASC,PL)	dozdrzlałëch
Inflect pòle | N;GEN(SG)	pòla
Inflect złotowsczi | ADJ;GEN(MASC,SG)	złotowsczégò
Inflect atmòsfera | N;NOM(SG,FEM)	atmòsfera
Inflect pòeta | N;GEN(SG)	pòetë
Inflect współùsôdzca | N;NOM(SG)	współùsôdzca
Inflect nudle | N;LOC;PL	nudlach
Inflect nudle | N;GEN(PL)	nudlów
Inflect jachta | N;ACC(SG)	jachtã
Inflect Kònstitucjô | N;DAT(PL)	Kònstitucjach
Inflect kòńczëna | N;ACC(FEM,SG)	kòńczyn
Inflect przesladowania | N;GEN(PL)	przesladowań
Inflect płoszëna | N;GEN(SG)	płoszéniô
Inflect szerokòsc | N;NOM(SG)	szerokòsc
Inflect szerokòsc | N;GEN(SG)	szerokòscë
Inflect Wawrzek | N;NOM(MASC,SG)	Wawrzek
Inflect Jogailaičiai | N;NOM(PL)	Jogailaičiai
Inflect przydatny | ADJ;NOM(PL,MASC)	przydatne
Inflect szczecyńskòkamieńsczi | ADJ;NOM(MASC,SG)	szczecyńskòkamieńsczi
Inflect klif | N;GEN(PL)	klifów
Inflect Tomasz | N;NOM(SG)	Tomasz
Inflect Krajna | N;GEN(SG)	Krajnë
Inflect Bóg | N;M;INS(SG)	Bùgiem
Inflect Miészańcémie | N;INS(SG)	Miészańcem
Inflect rëszelë | V;NFIN	rëszelë
Inflect zawartosc | N;FEM;LOC;SG	zawôrtoscë
Inflect fùńdacëjô | N;GEN(PL)	fùńdacjów
Inflect kryterium | N;LOC;PL	kriteriach
Inflect kryterium | N;GEN(PL)	kriteriów
Inflect Organizacëjo | N;GEN(FEM,SG)	Òrganizacji
Inflect wëżawa | N;VOC(SG)	wëżawie
Inflect wëżawa | N;NOM(FEM,PL)	wëżawë
Inflect Efez | N;GEN(SG)	Efezu
Inflect Smażënie | V;V;PTCP;NEG;SG	Smażënie
Inflect tapir | N;NOM(MASC,SG)	tapir
Inflect kòh | N;GEN(SG)	kòhù
Inflect Czekawa | N;ACC(PL)	Czekawi
Inflect przëniesc | V;INF	przëniesc
Inflect òbchôdac | V;INF	òbchôdac
Inflect bòmbòwëch | ADJ;GEN(MASC,PL)	bòmbòwëch
Inflect òstrów | N;LOC;SG;M3	òstrowu
Inflect wiła | N;NOM(PL)	wiłë
Inflect jinstitucja | N;INS(SG)	jinstitucją
Inflect Kamertón | N;NOM(SG,MASC)	Kamertón
Inflect knôpô | N;GEN(SG)	knôpa (Note: "knôpa" is the genitive singular form of "knôpô" (meaning "boy" or "lad") in some Kashubian dialects. Other interpretations are possible depending on dialectal variation.)
Inflect dolmaczënk | N;NOM(SG)	dolmaczënk
Inflect nitka | N;NOM(SG)	nitka
Inflect nitka | N;ACC(SG)	nitkã
Inflect czesti | ADJ;ACC(FEM,PL)	czesté
Inflect technologiczny | ADJ;MASC;SG;LOC	technologicznym
Inflect skòkacë | V;NFIN;INF	skôkaniô
Inflect wëznaczënk | N;NOM(SG)	wëznaczony
Inflect Soldyń | N;GEN(PL)	Soldijn
Inflect wielëna | N;FEM;ABSL;PL	wielënë
Inflect kazanie | N;GEN(SG)	kazaniô
Inflect niżny | ADJ;ACC(PL,MASC)	niżne
Inflect inwesticëjô | N;GEN(PL)	inwesticëjów
Inflect òstatny | ADJ;GEN(MASC,SG)	òstatnégò
Inflect rozejm | N;NOM(SG,MASC)	rozejm
Inflect deszczowi | ADJ;GEN(MASC,SG)	deszczowégò
Inflect wëkùstrzenié | N;INS(SG)	wëkùstrzenim
Inflect animator | N;ACC(SG)	animatorã
Inflect nielusość | N;NOM(SG)	nielusosc
Inflect Sejm | N;NOM(SG)	Sejm
Inflect Sejm | N;LOC;SG	Sejmie
Inflect kastelan | N;ACC(PL)	kasztelanie
Inflect ùrodzenié | N;NOM(SG)	ùrodzenié
Inflect dłudżi | ADJ;NOM(MASC,SG)	dłudżi
Inflect dłudżi | ADJ;GEN(PL)	dłudżich
Inflect sprôwianie | N;GEN(SG)	sprôwianiô
Inflect białkò | N;ACC(SG,FEM)	białkã
Inflect widok | N;NOM(SG)	widok
Inflect Timoteusz | N;GEN(MASC,SG)	Timoteusza
Inflect krótëchnô | ADJ;NOM(FEM,SG)	krótëchnô
Inflect Jész | V;IMP;2;SG	Jész
Inflect Hôwinga | N;FEM;SG	Hôwinga
Inflect wielolatny | ADJ;NOM(MASC,SG)	wielolatny
Inflect mniészëznowi | ADJ;GEN(MASC,PL)	mniészëznowëch
Inflect pòdzelënk | N;GEN(SG)	pòdzelënkù
Inflect Palatinat | N;GEN(SG)	Palatinatus
Inflect Peter | N;NOM(MASC,SG)	Peter
Inflect òrientacja | N;NOM(PL)	òrientacje
Inflect wark | V;PSS;1;SG	warkù
Inflect system | N;NOM(SG)	systema
Inflect system | N;LOC;SG	systemie
Inflect system | N;GEN(SG)	systemu
Inflect wòlnosc | N;DAT(SG)	wòlnoscë
Inflect Henoch | N;GEN(SG)	Henoha
Inflect rozwiązanie | N;NOM(PL)	rozwiązania
Inflect rozwiązanie | N;GEN(SG)	rozwiązaniô
Inflect gniec | V;NFIN	genë
Inflect wtrącëwac | V;POS;IMPF;NFIN	wtrącywanié
Inflect kùchnia | N;DAT(SG)	kùchni
Inflect kùchnia | N;DAT(SG)	kùchnie
Inflect Jezës | N;NOM(SG)	Jezës
Inflect klawiaturã | N;ACC(SG)	klawiaturã
Inflect Paul | N;NOM(SG)	Paul
Inflect Paul | N;DAT(SG,MASC)	Paulo
Inflect òdczëtec | N;NOM(SG)	òdczëtanié
Inflect lãgi | V;NFIN	Lange
Inflect Sëła | N;NOM(FEM,SG)	Sëłach
Inflect Kamiónka | N;ACC(SG)	Kamionką
Inflect alegórëja | N;GEN(SG)	alegórëje
Inflect wòjewódzkô | ADJ;GEN(FEM,SG)	wòjewódzczi
Inflect wiédza | N;GEN(SG)	wiédzë
Inflect wiédza | V;3;PL;PRES	wiédzą
Inflect Mozel | N;F;SG	Mozela
Inflect gòspòdarzënk | N;GEN(SG)	gòspòdarzënkù
Inflect konstytucyjny | ADJ;NOM(PL,FEM)	konstytucyjne
Inflect usprawiedlëwienie | N;INS(SG)	usprawiedlëwienim
Inflect wëmiara | N;LOC;PL	wëmiarach
Inflect zdrowie | N;NOM(SG)	zdrowié
Inflect zdrowie | N;GEN(SG)	zdrowiô
Inflect Szëmón | N;VOC(SG)	Szëmónie
Inflect przëpôdk | N;M3;GEN(SG)	przёpôdkù
Inflect jasny | ADJ;CMPR	jasniészi
Inflect pneòprzestańi | V;NFIN;INF	pneòprzestóno
Inflect chùdczi | ADJ;GEN(FEM,SG)	chùdczi
Inflect pajk | N;DAT(PL)	pajkama
Inflect przëmiar | N;INS(SG)	przëmiarã
Inflect familiô | N;NOM(SG)	familiô
Inflect Redeszewo | N;NOM(SG,NEUT)	Redeszewo
Inflect drócony | ADJ;INS(MASC,SG)	drócanym
Inflect dobra | ADJ;NOM(FEM,SG)	Dbra
Inflect ukończyć | V;IRR;NFIN;PRF	ukończeni
Inflect tematika | N;F;NOM(SG)	tematika
Inflect tematika | N;ACC(SG)	tematikã
Inflect lëdz | N;NOM(PL)	lëdzë
Inflect Kukówczé | ADJ;NOM(PL,MASC)	Kukówczé
Inflect pózdë | ADV	pózdze
Inflect dozdrzec | V;PDIR;PFV;INF	dozdrzec
Inflect dôc | V;NFIN	dejã
Inflect biôłoczerwionoczôrni | ADJ;NOM(MASC,SG)	biôłoczerwionoczôrni
Inflect szpòrt | N;NOM(SG)	szpòrt
Inflect ADJ | ADJ;ACC(MASC,PL)	wòlnëch
Inflect bùdżetowô | ADJ;NOM(FEM,SG)	bùdżetowô
Inflect Chrizoprôz | N;M;NOM(SG)	Chrizoprôz
Inflect dëch | N;NOM(MASC,SG)	dëch
Inflect dëch | N;GEN(SG)	dëcha
Inflect dëch | N;INS(PL)	dëchama
Inflect dëch | N;F;ACC(SG)	dëchã
Inflect dzura | N;ACC(PL)	dzurë
Inflect dzura | N;GEN(PL)	dzurów
Inflect Wikszëno | N;ACC(SG)	Wikszim
Inflect pierszë | ADJ;ACC(FEM,SG)	pierszą
Inflect Niech | V;IMP;2;SG	Niech
Inflect pijawnica | N;F;NOM(SG)	Pijawnica
Inflect zwëcz | N;NOM(SG)	zwëcz
Inflect Lëdowi | ADJ;NOM(FEM,SG)	Lëdowô
Inflect Stutthof | N;NOM(SG)	Stutthof
Inflect koloniji | N;ACC(SG)	koloniją
Inflect przedłużóny | ADJ;GEN(MASC,SG)	przedłużonégò
Inflect malina | N;ACC(PL)	malinë
Inflect gazéta | N;NOM(FEM,PL)	gazétë
Inflect gazéta | N;GEN(PL)	gazétów
Inflect warãk | N;GEN(PL)	warënków
Inflect wòlnorënkòwô | ADJ;NOM(FEM,SG)	wòlnorënkòwô
Inflect kôrczownik | N;NOM(SG)	kôrczownik
Inflect rzecz | N;DAT(SG)	rzeczą
Inflect nowosłowiańsczi | ADJ;NOM(MASC,SG)	nowosłowiańsczi
Inflect ùmarłi | ADJ;GEN(MASC,PL)	ùmartëch
Inflect ùmarłi | ADJ;ACC(MASC,SG)	ùmarłégò
Inflect Pòmórka | N;GEN(PL)	Pòmrë
Inflect zanikać | V;NPART;IMPF;CONV	zanikając
Inflect złotëch | ADJ;GEN(PL,MASC)	złotëch
Inflect drëkarnij | N;FEM;LOC;SG	drëkarni
Inflect żëwò | N;DAT(SG)	żëcu
Inflect Miónkôrze | N;NOM(PL)	Miónkôrze
Inflect spica | N;LOC;PL	spicach
Inflect kòralowce | N;VOC(PL)	kòralowce
Inflect przełómëc | V;INF	przełómanié
Inflect punkt | N;GEN(PL)	punktów
Inflect trawa | N;F;ACC(SG)	trawę
Inflect Lëdzë | N;NOM(PL)	Lëdze
Inflect żëc | V;NFIN	żëją
Inflect môłi | ADJ;NOM(NEUT,SG)	malo
Inflect òkòlë | N;LOC;SG	òkòlim
Inflect Sardinia | N;NOM(SG,FEM)	Sardiniô
Inflect Wòjnów | N;GEN(SG)	Wòjnowi
Inflect òbserwator | N;GEN(SG)	òbserwatora
Inflect célã | N;ACC(SG)	célã
Inflect òsoblëwòsc | N;GEN(PL)	òsoblëwòsców
Inflect gôdac | V;NFIN;INF	gôdac
Inflect redaktor | N;M_H;INS(SG)	redaktorem
Inflect redaktor | N;ACC(SG)	redaktorã
Inflect wniózk | N;NOM(PL)	wniosczi
Inflect prasa | N;NOM(SG)	prasa
Inflect Kònãfka | N;NOM(FEM,SG)	Kònefka
Inflect knôpiczk | N;ACC(FEM,SG)	knôpiczk
Inflect pòwstac | V;INF	pòwstawac
Inflect Dzieciątko | N;GEN(SG)	Dzieciątka
Inflect jinszi | ADJ;GEN(MASC,PL)	jinszich
Inflect Żôłądza | N;GEN(SG)	Żôłądz
Inflect miona | N;GEN(PL)	mionów
Inflect galerëjô | N;NOM(SG)	galerëjô
Inflect rowa | N;LOC;PL;DEF	rowach
Inflect gramatika | N;GEN(FEM,SG)	gramaticzi
Inflect szparagòwati | ADJ;ACC(MASC,PL)	szparagòwatëch
Inflect słowianofilstwo | N;INST;SG	słowianofilstwã
Inflect spòczink | N;M3;GEN(SG)	spòczinkù
Inflect swiãti | ADJ;GEN(PL,MASC,ANIM)	Swiãtëch
Inflect charaktér | N;NOM(SG)	karaktér
Inflect Wiéchrzëzna | N;NOM(SG)	Wiéchrzëzna
Inflect ùczink | N;GEN(SG)	ùczinkù
Inflect 50lece | N;VOC(SG)	50leca
Inflect żołądk | N;GEN(SG)	żołądkù
Inflect Jastrzębia | N;GEN(SG)	Jastrzębia
Inflect wspòmnąc | V;NFIN;PRF	wspòmnąc
Inflect Strzënówka | N;F;NOM(SG)	Strzënówka
Inflect mòtor | N;MASC;SG	mòtor
Inflect mòtor | N;GEN(MASC,SG)	mòtora
Inflect Namelika | N;NOM(FEM,SG)	Malika
Inflect Charakteristiczny | ADJ;NOM(FEM,SG)	Charakteristiczne
Inflect chòrwacczi | ADJ;VOC(MASC,SG)	chòrwacczi
Inflect Grafika | N;NOM(FEM,SG)	Grafika
Inflect bùrméster | N;NOM(SG)	bùrméster
Inflect Europejski | ADJ;NOM(FEM,SG)	Europejskô
Inflect skalnë | ADJ;GEN(MASC,SG)	skalnégò
Inflect wãża | N;ACC(SG)	wãdzë
Inflect kònoplowati | ADJ;GEN(MASC,PL)	kònoplowatëch
Inflect dyplóma | N;GEN(SG)	diplomù
Inflect mùzeum | N;NOM(NEUT,SG)	mùzeum
Inflect mùzeum | N;GEN(PL)	mùzeów
Inflect pinczer | N;NOM(SG,MASC)	pinczer
Inflect ricérz | N;GEN(PL)	ricérzów
Inflect Pòlska | N;GEN(MASC,SG)	Pòlszczégò
Inflect edukacjô | N;GEN(SG)	edukacji
Inflect edukacjô | N;ACC(SG,FEM)	edukacjã
Inflect edukacjô | N;NOM(SG)	edukacjô
Inflect metalowi | ADJ;VOC(MASC,SG)	metalowé
Inflect metalowi | ADJ;INS(FEM,SG)	metalową
Inflect òbczas | ADV	Òbczas
Inflect prowincëja | N;INS(PL)	prowincëjama
Inflect terôz | ADV	terôz
Inflect knéga | N;NOM(SG)	knéga
Inflect Łeba | N;NOM(FEM,SG)	Łeba
Inflect Synoptik | N;GEN(PL)	Synoptików
Inflect zwierzã | N;ACC(SG)	zwierzë
Inflect bëlnô | ADJ;GEN(PL,MASC)	bëlnëch
Inflect mòrskô | ADJ;GEN(MASC,SG)	mòrsczégò
Inflect mòrskô | ADJ;NOM(FEM,SG)	mòrskô
Inflect Afryka | N;NOM(SG)	Afrika
Inflect bòt | N;GEN(PL)	bótów
Inflect przëjôciel | N;GEN(SG)	przëjacela
Inflect Wislaniew | N;GEN(PL)	Wislanów
Inflect skłôdz | N;LOC;SG	skłôdze
Inflect melodia | N;ACC(SG)	melodią
Inflect Rajd | N;NOM(SG)	Rajd
Inflect Swiãto | N;DAT(SG)	Swiãtem
Inflect zasadzëc | V;INF	zasadzëc
Inflect Trilogijô | N;F;NOM(SG)	Trilogijô
Inflect Pùrcle | N;NOM(PL)	Pùrcle
Inflect rozszerzëc | V;NFIN	rozszerzô
Inflect Zrzeszenie | N;GEN(SG)	Zrzeszenia
Inflect Zrzeszenie | N;NOM(SG)	Zrzeszenie
Inflect Zrzeszenie | N;NOM(SG)	Zrzeszenié
Inflect zaczënc | V;NFIN	zaczënô
Inflect sztrôfòwi | ADJ;NOM(MASC,SG)	sztrôfòwi
Inflect sztrôfòwi | ADJ;GEN(PL,MASC)	sztrôfòwëch
Inflect brzësznica | N;NOM(PL)	Brzësznice
Inflect òwôd | N;ACC(MASC,SG)	òwôda
Inflect òwôd | N;ACC(PL)	òwôdë
Inflect pùrch | V;NFIN	pùrchwa
Inflect bùdowa | N;GEN(SG)	bùdowë
Inflect gùz | N;NOM(PL)	gùzë
Inflect Azerbejdżan | N;NOM(SG)	Azerbejdżan
Inflect bezaktiwnô | ADJ;NOM(FEM,SG)	bezaktiwnô
Inflect pólnicë | N;GEN(PL)	pólniców
Inflect monedula | ADJ;ACC(FEM,SG)	monedula
Inflect piéśń | N;GEN(SG)	piesni
Inflect lëdzczi | ADJ;GEN(MASC,PL)	lëdzczich
Inflect lëdzczi | ADJ;NOM(MASC,PL)	lëdzczé
Inflect lëdzczi | ADJ;GEN(MASC,SG)	lëdzczégò
Inflect córka | N;NOM(SG,FEM)	córka
Inflect córka | N;ACC(SG,FEM)	córke
Inflect córka | N;GEN(SG)	córki
Inflect córka | N;ACC(SG)	córkã
Inflect córka | N;INSTR;SG	córką
Inflect wëkòrzëstac | V;INF	wëkòrzëstac
Inflect wòla | N;VOC(SG)	wòlé
Inflect ùcho | N;GEN(PL)	ùszów
Inflect cësnia | N;INS(SG)	cësniãcym
Inflect Teritorium | N;VOC(SG)	Teritorium
Inflect wynik | N;GEN(SG)	wynikù
Inflect piérôcz | N;NOM(SG)	piérôcz
Inflect zatoka | N;ACC(SG)	zatokã
Inflect gitara | N;NOM(SG)	gitara
Inflect gitara | N;GEN(SG)	gitaraToma
Inflect gitara | N;DAT(SG)	gitarze
Inflect Pawłów | N;GEN(SG)	Pawła
Inflect òbsłùżënk | N;NOM(SG)	òbsłùżënkù
Inflect òkòlny | ADJ;GEN(MASC,SG)	òkòlnégò
Inflect pòzymk | N;NOM(MASC,SG)	pòzymk
Inflect słowizna | N;ACC(SG)	słowiznã
Inflect tësąc | N;GEN(PL)	tësãców
Inflect czwiôstka | N;GEN(MASC,SG)	czwiôstk
Inflect dwajizbòwi | ADJ;NOM(MASC,SG)	dwajizbòwi
Inflect gaza | N;GEN(SG)	gazë
Inflect liturgia | N;GEN(SG)	liturgii
Inflect plama | N;INS(PL)	plamama
Inflect plama | N;FEM;LOC;SG	plamë
Inflect Trąd | N;NOM(SG)	Trąd
Inflect znaczny | ADJ;ACC(FEM,SG)	znaczne
Inflect bovin | N;ACC(SG)	bovinus
Inflect słowiańsczi | ADJ;INS(MASC,PL)	słowiańsczima
Inflect rubrika | N;NOM(SG)	rubrika
Inflect DayLewis | N;INS(MASC,SG)	DayLewisem
Inflect Lymnaeidae | N;NOM(PL)	Lymnaeidae
Inflect zanôleżnoscë | N;DAT(PL)	zanôleżnocë
Inflect pòzwôla | V;PRS;3;SG	pòzwôlô
Inflect daktilowô | ADJ;NOM(FEM,SG)	daktilowô
Inflect rekreacyjny | ADJ;FEM;SG	rekreacyjnô
Inflect Mòżna | ADV	Mòżna
Inflect dlôcs | ADV	dlôcze
Inflect pokùsa | N;VOC(PL)	Pòkùsë
Inflect Stowôra | N;ACC(PL)	Stowôrë
Inflect antonimia | N;NOM(PL)	antonimie
Inflect brac | N;NOM(SG,MASC)	braca
Inflect sztudérowac | V;INF	sztudérowac
Inflect walc | N;NOM(SG,MASC)	walc
Inflect walc | N;ACC(SG)	walce
Inflect pólnica | N;INS(FEM,SG)	pólnicą
Inflect drëka | N;ACC(SG)	drëkã
Inflect Ewanieliô | N;NOM(SG)	Ewanielië
Inflect teatrzë | N;LOC;SG	teatrze
Inflect Bérac | N;F;NOM(SG)	Bera
Inflect Niewiada | N;NOM(SG)	Niewiada
Inflect pòstacëjô | N;GEN(SG)	pòstaceji
Inflect Pòra | N;NOM(SG,FEM)	Pòre
Inflect kùkùridzany | ADJ;GEN(FEM,SG)	kùkùridzanej
Inflect Pjark | N;GEN(SG)	Parkù
Inflect krajanka | N;GEN(FEM,SG)	krajaniô
Inflect troska | N;GEN(SG)	trescy
Inflect wëgłoszóny | V;PPART;PASS;MPL	wëgłoszóné
Inflect zrãbòwi | ADJ;NOM(PL,MASC)	zrãbòwé
Inflect przëbôczëwanié | N;GEN(SG)	przëbôcziwaniô
Inflect płacëc | V;INF	płacëc
Inflect Apòstolskô | ADJ;NOM(FEM,SG)	Apòstolskô
Inflect grawitacëja | N;ACC(SG)	grawitacëjã
Inflect nazwa | N;NOM(SG)	nazwa
Inflect nazwa | N;LOC;SG;F	nazwie
Inflect zesłańczik | N;INS(SG,MASC)	zesłańczikã
Inflect akcja | N;GEN(SG)	akcëji
Inflect akcja | N;GEN(PL)	akcëjów
Inflect Chrzescëjón | N;NOM(PL)	Chrzescëjónie
Inflect Częstochòwa | N;F;GEN(SG)	Częstochòwë
Inflect Rzeszë | N;NOM(FEM,SG)	Rzeszë
Inflect Ostatni | ADJ;NOM(FEM,SG)	Ostatnia
Inflect sadzenié | N;NOM(NEUT,SG)	sadzenié
Inflect szlips | N;NOM(PL)	szlips
Inflect limba | N;NOM(SG)	limba
Inflect dzél | N;DAT(PL)	dzélã
Inflect Francëszk | N;ACC(SG)	Francëszkã
Inflect przedżiblëna | N;NOM(FEM,SG)	przedżiblëna
Inflect mòżlëwòta | N;ACC(SG)	mòżlëwòtã
Inflect skôkanka | N;INS(SG)	skôkanką
Inflect pisać | V;PST;M;SG	Pisôł
Inflect madżarsczi | ADJ;GEN(MASC,SG)	madżarsczégò
Inflect Lëdoznawczi | ADJ;NOM(PL,MASC,INAN)	Lëdoznawczé
Inflect adatowóny | ADJ;MASC;PSSV;SG	datowóny
Inflect zwòłóné | ADJ;PL	zwòłané
Inflect sédmôkropka | N;ACC(SG)	sédemkropkã
Inflect akcëjô | N;NOM(PL)	akcëje
Inflect bufon | N;ACC(PL)	bufonius
Inflect ambasador | N;F;ACC(SG)	ambasadorã
Inflect ptôch | N;ACC(SG)	ptôszą
Inflect wãdzel | N;ACC(MASC,SG)	wãdżiel
Inflect Zid | N;NOM(SG)	Zidon
Inflect rozwiniãty | ADJ;ACC(MASC,PL)	rozwiniãtich
Inflect rozwiniãty | ADJ;VOC(MASC,SG)	rozwiniãté
Inflect kawowiec | N;ACC(SG)	kawowca
Inflect ren | N;ACC(SG)	renë
Inflect grif | N;NOM(PL)	grifë
Inflect Serbsczi | ADJ;NOM(MASC,SG)	Serbsczi
Inflect chrabąszcz | N;NOM(PL)	chrabąszcze
Inflect dzekón | N;INS(SG)	dzekónem
Inflect malinczi | ADJ;M;INS(PL)	malinczich
Inflect Branderbùrczik | N;GEN(PL)	Branderbùrczików
Inflect nãdza | N;GEN(SG)	nãdzë
Inflect pòlonistka | N;GEN(FEM,PL)	pòlonisticzi
Inflect Daniłowicz | N;GEN(PL)	Daniłowiczów
Inflect cerkwiôszcze | N;VOC(SG)	cerkwiszcze
Inflect Chmielno | N;LOC;SG;NEUT	Chmielnie
Inflect Chmielno | N;NOM(SG,NEUT)	Chmielno
Inflect przëtułk | N;LOC;PL	przëtułkach
Inflect ksyżestwò | N;ACC(SG)	ksyżestwã
Inflect rząd | N;GEN(PL)	rządów
Inflect rząd | N;GEN(SG)	rzędu
Inflect Ząb | N;VOC(SG)	Zambie
Inflect scãka | N;ACC(PL)	scãcé
Inflect Schelenzô | N;NOM(SG)	Schelenza
Inflect òbsãdzenié | N;GEN(SG)	òbsądzeniô
Inflect napitka | N;GEN(SG)	napitkù
Inflect broń | N;GEN(SG)	broni
Inflect Dalszë | ADJ;NOM(MASC,SG)	Dalszi
Inflect ksãżë | N;GEN(PL)	ksãżątów
Inflect narôz | ADV	narôz
Inflect mòcz | N;PL;LOC	mòwach
Inflect Swiónowò | N;VOC(SG)	Swiónowò
Inflect chleb | N;GEN(SG)	chleba
Inflect przelotny | ADJ;INS(MASC,SG)	przelotnym
Inflect Póny | ADJ;NOM(FEM,SG)	Panske
Inflect premiér | N;ACC(SG)	premiérã
Inflect nôrodny | ADJ;NOM(MASC,SG)	nôrodny
Inflect nôrodny | ADJ;INS(MASC,SG)	nôrodnym
Inflect nôrodny | ADJ;GEN(MASC,PL)	nôrodnëch
Inflect Damiano | N;NOM(SG)	Damiano
Inflect przedhistoryczny | ADJ;ABL(PL,MASC)	przedhistorycznëch
Inflect gargùla | N;NOM(SG)	gargùla
Inflect gargùla | N;NOM(PL)	gargùli
Inflect sërzchlë | N;DAT(SG)	sërzchlë
Inflect pësznô | ADJ;NOM(FEM,SG)	pësznô
Inflect bôjka | N;NOM(SG)	Bôjka
Inflect pògląd | N;NOM(PL)	pòglądë
Inflect niemiecczi | ADJ;GEN(MASC,PL)	niemiecczich
Inflect pòdstrënnicë | N;NOM(FEM,PL)	pòdstrënnicë
Inflect héklowanié | N;FEM;SG;LOC	héklowaniô
Inflect nazéwać | V;3;PL;PRS	nazéwają
Inflect mòrg | N;GEN(PL)	mòrgów
Inflect rësznô | ADJ;FEM;SG;INST	rësznotą
Inflect prawy | ADJ;GEN(PL,MASC)	Prawów
Inflect Rusczi | ADJ;NOM(MASC,PL)	Rusczi
Inflect pòstąpny | ADJ;GEN(MASC,SG)	pòstãpnégò
Inflect białka | N;NOM(FEM,SG)	białka
Inflect szkódnik | N;INS(SG,MASC)	szkódnikã
Inflect dëmadło | N;NOM(PL)	dëmadła
Inflect Mazowszany | N;GEN(PL)	Mazowszanów
Inflect rop | N;GEN(SG)	ropi
Inflect bęc | V;NFIN	bęłę
Inflect Jasnô | ADJ;NOM(FEM,SG)	Jasnô
Inflect spółzwãk | N;GEN(PL,MASC)	spółzwãków
Inflect biblëjny | ADJ;NOM(FEM,SG)	biblëjné
Inflect dënsczi | ADJ;INS(MASC,SG)	dënsczim
Inflect wësok | ADJ;NOM(MASC,SG)	wësok
Inflect zmiészanié | N;NOM(NEUT,SG)	zmiészanié
Inflect zmiészanié | N;GEN(SG)	zmiészaniégò
Inflect zmiészanié | N;GEN(SG)	zmiészaniô
Inflect kùńc | N;ACC(MASC,SG)	kùnc
Inflect kùńc | N;DAT(SG)	kùncu
Inflect kławisz | N;DAT(SG,MASC)	Klawiszowi
Inflect słodka | ADJ;NOM(FEM,SG)	slôdka
Inflect polska | ADJ;NOM(FEM,SG)	polska
Inflect Coloeus | N;NOM(SG)	Coloeus
Inflect zbieranie | N;INS(SG)	zbieranim
Inflect dyscyplina | N;GEN(PL)	dyscyplin
Inflect dzéjnik | N;GEN(PL)	dzejników
Inflect Kampana | N;ACC(SG)	Kampanonim
Inflect krziżacczi | ADJ;ESS(MASC,SG)	Krziżacczégò
Inflect sąsédni | ADJ;GEN(FEM,PL)	sąsednich
Inflect dekòracëjnym | ADJ;INS(MASC,SG)	dekòracëjnym
Inflect fùlwôrtny | ADJ;NOM;MSGN	fùlwôrtny
Inflect technika | N;GEN(MASC,PL)	techników
Inflect nawetka | N;F;ACC(SG)	nawetkã
Inflect Bańtka | N;FEM;SG	Bańtka
Inflect vvedi | V;IMP;2;SG	vvedi
Inflect dodatkòwi | ADJ;NONREF;NOM(PL,MASC,ANIM)	dodatkòwé
Inflect Szulëstã | N;ACC(FEM,SG)	Szulëstã
Inflect Turistika | N;NOM(FEM,SG)	Turistika
Inflect dzéwczënka | N;NOM(SG)	dzéwczënka
Inflect kalãdôrz | N;GEN(SG)	kalãdôrza
Inflect kalãdôrz | N;GEN(SG)	kalãdôrzu
Inflect fòrmalny | ADJ;ACC(FEM,SG)	fòrmalną
Inflect Terôczasnô | ADJ;NOM(FEM,SG)	Terôczasnô
Inflect Gòlëbë | N;NOM(PL)	Gòlëbë
Inflect bòlëc | V;NFIN	bòlëca
Inflect Golenoga | N;F;NOM(SG)	Golenoge
Inflect Frankfurt | N;GEN(SG)	Frankfurtu
Inflect zwiérz | N;NOM(SG)	zwiérz
Inflect Miónkôrz | N;NOM(SG)	Miónkôrz
Inflect lóta | N;LOC;PL	lótach
Inflect mònarchia | N;INS(SG)	mònarchią
Inflect zymkòwô | ADJ;NOM(FEM,SG)	zymkowô
Inflect zymkòwô | ADJ;NOM(FEM,SG)	zymkòwé
Inflect jãzëk | N;NOM(SG)	jãzek
Inflect znôc | V;NFIN;CONV	znônim
Inflect ewòlucyjny | ADJ;NOM(FEM,SG)	ewòlucyjno
Inflect Kòszalin | N;FEM;SG	Kòszalina
Inflect Kòszalin | N;GEN(SG)	Kòszaléno
Inflect Peplënie | V;NFIN;PRS;ACT	Peplënie
Inflect drëf | N;NOM(SG,FEM)	drif
Inflect tat | N;NOM(SG,MASC)	tatë
Inflect pòwstac | V;INF	pòwstac
Inflect Ziemia | N;F;NOM(SG)	Ziemia
Inflect Anglija | N;GEN(SG)	Anglii
Inflect ùżitk | N;GEN(SG)	ùżitkù
Inflect Zmiłkòw | N;NOM(SG,FEM)	Zmiłkòwe
Inflect pòdłużny | ADJ;NOM(MASC,SG)	pòdłużny
Inflect przëszłość | V;NFIN;PRF	przëszło
Inflect biôłi | ADJ;NOM(FEM,SG)	biółô
Inflect produkcëjô | N;LOC;PL	produkcëjach
Inflect zberka | N;GEN(PL)	zberk
Inflect zberka | N;GEN(SG)	zberkù
Inflect bògatô | ADJ;GEN(FEM,SG)	bògatéj
Inflect margrabia | N;ACC(SG)	margrabią
Inflect samiec | N;ACC(MASC,SG)	samc
Inflect tëlni | ADJ;GEN(MASC,PL)	tëlni%2Bch
Inflect subiektiwny | ADJ;ACC(FEM,PL)	subiektiwné
Inflect mitkôcz | N;GEN(PL)	mitkôczów
Inflect kaschubisch | ADJ;ACC(FEM,SG)	kaschubische
Inflect raza | N;NOM(FEM,SG)	raza
Inflect wersëjô | N;NOM(PL)	wersëje
Inflect wersëjô | N;GEN(SG)	wersëji
Inflect wersëjô | N;ACC(SG)	wersëjã
Inflect wersëjô | N;GEN(PL)	wersëjów
Inflect wersëjô | N;NOM(SG)	wersëjô
Inflect wersëjô | N;F;ACC(SG)	wersëją
Inflect Kòngres | N;NOM(SG)	Kòngres
Inflect Kòngres | N;GEN(SG)	Kòngresu
Inflect pòsmarowac | V;INF;PRF	pòsmarowac
Inflect Gyömrő | N;SG	Gyömrő
Inflect Pòmòrzégò | N;GEN(SG)	Pòmòrzégò
Inflect ùłożëk | N;M3;GEN(SG)	ùłożënkù
Inflect òstatné | ADJ;NOM(PL,MASC)	òstatné
Inflect scyżnik | N;NOM(SG)	scyżnik
Inflect górny | ADJ;NOM(FEM,SG)	gòrna
Inflect niezdrów | ADJ;NOM(MASC,PL)	schòrzałi
Inflect Rzeca | N;NOM(SG)	Rzeczenica
Inflect etnofilologia | N;GEN(SG)	etnofilologii
Inflect fiord | N;PL	fiordë
Inflect wëkładowca | N;INS(SG)	wëkładowcą
Inflect starzëc | V;NFIN;POS	starzeniégò
Inflect pòlskòtërecczi | ADJ;INS(PL,MASC)	pòlskòtërecczima
Inflect przëjmòwac | V;INF	przëjmòwac
Inflect holocen | N;ACC(SG)	holocenu
Inflect wôrtny | ADJ;NOM(MASC,SG)	wôrtny
Inflect wôrtny | ADJ;INS(MASC,SG)	wôrtnym
Inflect pôłni | N;SG;LOC	pôłni
Inflect Kitanów | N;GEN(PL)	Kitanów
Inflect dôlëzna | N;NOM(SG)	dôlëzna
Inflect pies | N;GEN(PL)	psów
Inflect wzãti | ADJ;ACC(MASC,PL)	wzãtëch
Inflect Bëdgòszcz | N;GEN(SG)	Bëdgòszczë
Inflect równô | ADV	równo
Inflect jaskùłka | N;GEN(SG)	jaskùłczi
Inflect wietrzny | ADJ;NOM(MASC,SG)	wietrzny
Inflect Gniôzdë | N;NOM(SG)	Gniôzdo
Inflect dokładny | ADJ;NOM(FEM,SG)	Dokładno
Inflect padalc | N;M;GEN(SG)	padalca
Inflect ùczba | N;ACC(SG,FEM)	ùczbą
Inflect ustalony | ADJ;GEN(MASC,PL)	ustalonych
Inflect wëmiészanié | N;GEN(SG)	wëmiészaniô
Inflect ùżëcë | N;LOC;SG	ùżëcim
Inflect cywilny | ADJ;INS(PL,MASC)	cywilnyma
Inflect przestôwnik | N;NOM(PL,MASC)	przestôwniczi
Inflect cepły | ADJ;GEN(MASC,SG)	cepłégò
Inflect Bëlëno | V;PTP;PFT;NFIN	Bëlëno
Inflect Karwôtka | N;F;NOM(SG)	Karwôtka
Inflect wëemigrowac | V;IMP;PFV	wëemigrowac
Inflect môlac | N;DAT(PL)	môlekach
Inflect przysiółek | N;NOM(SG)	przysiółek
Inflect sztywni | ADJ;MASC;PL;FOR	sztywni
Inflect spòpùlarizowac | V;INF;PFV	spòpùlarizowac
Inflect gdzes | ADV	gdzes
Inflect pòjmanié | N;GEN(SG)	pòjmaniô
Inflect òbowiązkòwi | ADJ;GEN(MASC,SG)	òbowiązkòwégò
Inflect cél | N;M3;GEN(SG)	célu
Inflect Strzédnica | N;F;NOM(SG)	Strzédnica
Inflect przesëpòwanié | N;NOM(NEUT,SG)	przesëpòwanié
Inflect wierny | ADJ;NOM(MASC,SG)	wierny
Inflect jintensywny | ADJ;NOM(MASC,SG)	jintensywny
Inflect wëchwała | N;ACC(SG)	wëchwałą
Inflect stonka | N;NOM(FEM,SG)	stonka
Inflect stonka | N;GEN(SG)	stonki
Inflect òtãpienié | N;GEN(SG)	òtãpieniô
Inflect Zôpadnochińsczé | ADJ;NOM(PL,MASC)	Zôpadnochińsczé
Inflect Club | N;GEN(SG)	Clubu
Inflect jasno | ADJ;VOC(MASC,SG)	jasné
Inflect pòswiãcenié | N;GEN(SG)	pòswiãceniô
Inflect Całownô | ADJ;NOM(FEM,SG)	Całownô
Inflect historia | N;LOC;SG	historië
Inflect prôwdzëwô | ADJ;GEN(MASC,PL)	prôwdzëwëch
Inflect prôwdzëwô | ADJ;NOM(FEM,SG)	prôwdzëwô
Inflect pòwszechny | ADJ;M;NOM(SG)	pòwszechny
Inflect pòwszechny | ADJ;GEN(MASC,PL)	pòwszechnëch
Inflect pòwszechny | ADJ;ACC(FEM,SG)	pòwszechnò
Inflect driżenié | N;GEN(SG)	driżeniô
Inflect poza | N;NOM(FEM,SG)	poza
Inflect Wôrtnosc | N;FEM;SG	Wôrtnosc
Inflect rzôdzëzna | N;LOC;SG	rzôdzëznie
Inflect Wierzba | N;NOM(SG)	Wierzba
Inflect Chronometer | N;SG	Chronometer
Inflect Grec | N;DAT(SG)	Grece
Inflect zaòstałosc | N;GEN(FEM,SG)	zaòstałoscë
Inflect miastô | ADJ;VOC(MASC,PL)	miastowé
Inflect adres | N;GEN(SG)	adresu
Inflect kòło | N;NOM(SG)	Kòło
Inflect kòper | N;NOM(SG)	kòper
Inflect ùbògacëc | V;INF	ùbògacëc
Inflect zniszczëc | V;PSL;NFIN	zniszczono
Inflect zniszczëc | V;INF	zniszczëc
Inflect sëri | ADJ;ACC(FEM,SG)	sërową
Inflect jaskùleczkòwati | ADJ;M;INS(PL)	jaskùleczkòwatëch
Inflect swiãty | ADJ;ACC(FEM,SG)	swiãtą
Inflect Grób | N;NOM(SG)	Grób
Inflect samozwónk | N;NOM(SG)	samozwąk
Inflect minerał | N;M3;NOM(SG)	minerał
Inflect czãstotlëwòsc | N;GEN(SG)	czãstotlëwòscë
Inflect snieg | N;INS(SG)	sniegã
Inflect nożëcznik | N;NOM(SG)	nożëcznik
Inflect pòpùlarnosc | N;SG	pòpularnosc
Inflect sëna | N;ACC(SG)	sënã
Inflect òtrók | N;DAT(PL)	òtrokama
Inflect stëdnia | N;GEN(PL)	stëdniów
Inflect Wëciąg | N;NOM(PL)	Wëciągi
Inflect òdżina | ADJ;NOM(FEM,SG)	òdżinowô
Inflect Stanisława | N;VOC(PL)	Stanisławë
Inflect Solidarnoscëjô | N;DAT(SG)	Solidarnoscëje
Inflect smòlarz | N;VOC(PL)	smòlarze
Inflect Ałtaj | N;GEN(SG)	Ałtaju
Inflect werobizna | N;GEN(SG)	werobiznë
Inflect zagłãbic | V;PPP;MPL	zagłãbionëch
Inflect berło | N;NOM(SG)	berła
Inflect chrzescëjóńsczi | ADJ;NOM(FEM,SG)	chrzescëjóńskô
Inflect lëlija | N;GEN(PL)	lëlijów
Inflect géògraficzny | ADJ;GEN(MASC,SG)	geògraficznégò
Inflect plecy | N;LOC;PL	plecach
Inflect pieprznik | N;NOM(SG)	pieprznik
Inflect człowiek | ADJ;VOC(MASC,SG)	rozumni
Inflect Pònemù | N;GEN(SG)	Pònemù
Inflect biôgraf | N;NOM(SG)	biograf
Inflect łowic | V;NO;FIN	łowic
Inflect łowic | V;NFIN	łowienim
Inflect cãdza | N;GEN(SG,MASC,ANIM)	cãcégò
Inflect Pioter | N;NOM(SG)	Pioter
Inflect Marysieńka | N;GEN(SG)	Marysieńki
Inflect pónk | N;NOM(PL)	pónktë
Inflect kùszczka | N;VOC(PL)	kùszczi
Inflect czënjenié | N;GEN(SG)	czënieniô
Inflect Górnołużëcczi | ADJ;ACC(MASC,SG)	Górnołużëcczi
Inflect cygnańcz | ADJ;MASC;INST;SG	cygnącym
Inflect tuń | N;GEN(PL)	tunów
Inflect wëdawac | V;INF	wëdawac
Inflect epika | N;NOM(FEM,SG)	epika
Inflect rola | N;ACC(SG)	rolã
Inflect rola | N;GEN(SG)	rolë
Inflect wëkształcenié | N;NOM(SG)	wëkształcenié
Inflect wëniesc | V;INF	wëniesc
Inflect pòrtretowanié | N;GEN(SG)	pòrtretowaniô
Inflect Szop | N;NOM(SG)	Szop
Inflect hrabina | N;NOM(FEM,SG)	hrabinô
Inflect wëmarze | V;NFIN;CONV;PRF	wëmarcym
Inflect lingva | N;NOM(SG,FEM)	lingvo
Inflect cnotliwy | ADJ;INS(MASC,SG)	cnotliwym
Inflect wesziwk | N;M3;INS(SG)	wesziwkem
Inflect zmiénić | V;PST;3;PL	zmiéniele
Inflect Aleksandër | N;ACC(FEM,SG)	Aleksandrã
Inflect mëslë | V;NFIN	mëslë
Inflect wòlny | ADJ;NOM(MASC,SG)	wòlny
Inflect wòlny | ADJ;GEN(PL,MASC,ANIM)	wòlnych
Inflect wòlny | ADJ;INS(MASC,SG)	wòlnym
Inflect wëkùstrzënk | N;GEN(SG)	wëkùstrzënkù
Inflect gwiôzda | N;ACC(SG)	gwiôzdã
Inflect gwiôzda | N;NOM(PL)	gwiôzdë
Inflect pòwòlny | ADJ;NOM(FEM,SG)	pòwólnô
Inflect chãc | V;PRS;3;PL	chãcą
Inflect miôc | V;IMP;SG;PRG	miéj
Inflect tilk | ADV	tilkò
Inflect òbrôz | N;INST;SG	òbrazã
Inflect òbrôz | N;NOM(PL)	òbrazë
Inflect òbrôz | N;GEN(PL)	òbrazów
Inflect Nórbert | N;NOM(SG)	Nórbert
Inflect bùdink | N;M3;NOM(PL)	bùdinczi
Inflect bùdink | N;INS(PL)	bùdinkama
Inflect bùdink | N;DAT(SG)	bùdinku
Inflect bùdink | N;GEN(MASC,PL)	bùdinków
Inflect bùdink | N;GEN(SG)	bùdinkù
Inflect wëjimka | N;NOM(SG,FEM)	wëjimka
Inflect zdrowi | ADJ;INS(MASC,SG)	zdrowim
Inflect Syjamsczi | ADJ;NOM(MASC,PL)	Syjamsczi
Inflect sobòtkach | N;FEM;LOC;PL	sobòtkach
Inflect kaliber | N;NOM(SG)	kaliber
Inflect Gdynia | N;LOC;SG	Gdingen
Inflect bracën | N;GEN(PL)	bracënów
Inflect biôłoczôrny | ADJ;NOM(FEM,SG)	biôłoczôrnô
Inflect kòncertowë | ADJ;VOC(MASC,SG)	kòncertowi
Inflect òdznaczony | ADJ;NOM(FEM,SG)	òdznaczonô
Inflect Przesłówje | N;NOM(SG,NEUT)	Przesłovjo
Inflect listopad | N;GEN(SG)	listopada
Inflect mlékò | N;INS(SG)	mlékiem
Inflect mlékò | N;NOM(NEUT,SG)	mlékò
Inflect mlékò | N;DAT(SG)	mlékù
Inflect lece | V;3;PL;PRS	lecą
Inflect Mésterstwò | N;LOC;PL	Mésterstwach
Inflect Mésterstwò | N;GEN(PL)	Mésterstwów
Inflect zakôz | N;NOM(SG)	zakôz
Inflect Francja | N;GEN(SG)	Francji
Inflect pòdskòczëc | V;INF	pòdskòczëc
Inflect wiżëc | V;NFIN	wiżô
Inflect Zaslubiny | N;NOM(PL)	Zaslubiny
Inflect kùpc | N;MASC;PL	kùpcë
Inflect Cãżczé | ADJ;NOM(PL,MASC,INAN)	Cãżczé
Inflect Słowión | N;GEN(PL)	Słowiónów
Inflect bóg | N;GEN(SG)	boga
Inflect Chrizantema | N;NOM(SG)	Chrizantema
Inflect tëlé | N;NOM(PL)	tëlé
Inflect bezskliwi | ADJ;INS(MASC,SG)	bezsklący
Inflect pòwstanié | N;GEN(SG)	pòwstania
Inflect pòwstanié | N;LOC;SG;M3	pòwstanim
Inflect widzënk | N;GEN(SG)	widzënkù
Inflect początek | N;ACC(SG)	począt
Inflect początek | N;GEN(SG)	początku
Inflect kań | N;ACC(SG)	kaniã
Inflect kań | N;F;DAT(SG)	kanië
Inflect Pòriwny | ADJ;NOM(MASC,SG)	Pòriwny
Inflect kòza | N;GEN(FEM,SG)	kòzë
Inflect hebrejsczi | ADJ;ACC(FEM,SG)	hebrejskù
Inflect Czaplewò | N;NOM(NEUT,SG)	Czaplewò
Inflect codniowi | ADJ;GEN(MASC,SG)	codniowégò
Inflect Wstãp | N;NOM(SG)	Wstãp
Inflect przedstôwcowc | N;ACC(PL)	przedstôwcowie
Inflect zôczątk | N;GEN(SG)	zôczątkù
Inflect wiek | N;GEN(PL)	věkov
Inflect Żużulkô | N;NOM(FEM,SG)	Żużulkô
Inflect Zygmùnt | N;NOM(MASC,SG)	Zygmunt
Inflect blaszany | ADJ;GEN(PL,MASC)	blaszanëch
Inflect gwara | N;GEN(PL)	gwarów
Inflect Nużeta | N;NOM(FEM,SG)	Nuyttena
Inflect radzëc | V;NFIN	radnym
Inflect sądowny | ADJ;GEN(MASC,PL)	sądownëch
Inflect kùtti | N;ACC(SG)	Kùttin
Inflect Dzéwczãta | N;NOM(PL)	Dzéwczãta
Inflect rzimskô | ADJ;NOM(FEM,SG)	Rzimskô
Inflect Eucaryota | N;NOM(PL,MASC)	Eucaryota
Inflect Szewc | N;NOM(SG)	Szewc
Inflect Tunisia | N;NOM(SG)	Tunisia
Inflect lodownik | N;ACC(MASC,PL)	lodowniców
Inflect Midzenôrodny | ADJ;NOM(MASC,SG)	Midzenôrodny
Inflect klôsztorny | ADJ;NOM(MASC,SG)	klôsztorny
Inflect klôsztorny | ADJ;NOM(FEM,SG)	klôsztorné
Inflect Fragaria | N;NOM(SG)	Fragaria
Inflect mamùtkac | N;VOC(SG)	mączi
Inflect laureat | N;ACC(SG)	laureatã
Inflect piezoelektrycznosc | N;GEN(SG)	piezoelektrycznosci
Inflect Zôsnic | N;NOM(SG,FEM)	Zósnica
Inflect Sérce | N;ACC(SG)	Serca
Inflect parola | N;F;NOM(SG)	parola
Inflect Wiara | N;NOM(SG)	Wiar
Inflect Pònarwa | N;DAT(SG)	Pònarwë
Inflect geneticzny | ADJ;ACC(FEM,PL)	geneticzné
Inflect efekta | N;DAT(SG)	efekce
Inflect żëcopis | N;NOM(MASC,SG)	żëcopis
Inflect żëcopis | N;M;GEN(SG)	żëcopisù
Inflect dôc | V;PRS;3;SG	dôce
Inflect wëjazd | N;GEN(SG)	wëjazdu
Inflect dalmatińskô | ADJ;NOM(FEM,SG)	dalmatińskô
Inflect Sopot | N;NOM(SG)	Sopot
Inflect jãzëkòwô | ADJ;NOM(FEM,SG)	jãzëkòwô
Inflect jãzëkòwô | ADJ;ACC(FEM,SG)	jãzëkòwą
Inflect kelnerka | N;INS(FEM,SG)	kelnerką
Inflect òpaczny | ADJ;NOM(MASC,SG)	òpaczny
Inflect wòskòwi | ADJ;NOM(FEM,SG)	wòskòwô
Inflect szatlachòwatë | V;PST;PFV;3PL	szatlachòwatëch
Inflect stãpnãc | V;NFIN;INF	stãpniu
Inflect Nowa | ADJ;NOM(FEM,SG)	Nowè
Inflect pòlôsz | N;GEN(PL)	Pòlôszów
Inflect stodoła | N;NOM(SG,FEM)	Stodoła
Inflect Franciszka | N;NOM(FEM,SG)	Franciszka
Inflect zelonô | ADJ;NOM(FEM,SG)	zelonô
Inflect parlamentarzista | N;NOM(SG)	parlamentarzista
Inflect czôs | N;NOM(PL)	czôs
Inflect dziewczyna | N;NOM(PL)	dziewczyny
Inflect Smiec | N;NOM(PL)	Smiecë
Inflect Szlarë | N;NOM(PL)	Szlarë
Inflect trena | N;GEN(SG)	trenera
Inflect egzamin | N;NOM(SG)	egzamin
Inflect egzamin | N;LOC;SG	egzaminie
Inflect egzamin | N;GEN(SG)	egzaminu
Inflect dzecǒ | N;DAT(PL)	dzecóm
Inflect chińsczi | ADJ;NOM(MASC,SG)	chińsczi
Inflect chińsczi | ADJ;INS(PL,MASC)	chińsczima
Inflect chińsczi | ADJ;GEN(MASC,SG)	chińsczégò
Inflect ludza | N;NOM(PL)	ludźe
Inflect kanibal | N;DAT(PL)	kanibalama
Inflect przelot | N;DAT(SG)	przelotë
Inflect òbëwatelë | N;NOM(PL)	òbëwatele
Inflect drewno | N;NOM(SG)	drewno
Inflect Zespół | N;NOM(SG)	Zespół
Inflect Joanna | N;NOM(SG,FEM)	Joanna
Inflect Joanna | N;GEN(SG)	Joannë
Inflect remónt | N;GEN(SG)	remontu
Inflect Robić | V;3;PL;PRS	Robią
Inflect krążëc | V;3;PL;PRS	krążą
Inflect miasto | N;NOM(PL)	miasta
Inflect Zemiã | N;ACC(SG)	Zemiã
Inflect pòsélka | N;VOC(SG)	pòsélce
Inflect schòdac | V;3;PL;PRS	schôdają
Inflect región | N;GEN(SG)	regionu
Inflect lëbiôdczi | N;GEN(FEM,SG)	lëbiodczima
Inflect hebrajskô | ADJ;INS(MASC,SG)	hebrajsczim
Inflect zjinaczenie | N;GEN(SG)	zjinaczenia
Inflect historyczny | ADJ;NOM(MASC,SG)	historiczny
Inflect historyczny | ADJ;MASC;SG;LOC	historicznym
Inflect farwny | ADJ;ACC(SG,NEUT)	farwné
Inflect farwny | ADJ;GEN(MASC,SG)	farwnégò
Inflect farwny | ADJ;NOM(FEM,SG)	farwnô
Inflect pòdzélony | ADJ;GEN(MASC,PL)	pòdzélonëch
Inflect bratanica | N;F;ACC(SG)	bratanicą
Inflect Zbawiciel | N;GEN(SG)	Zbawicela
Inflect Zbawiciel | N;VOC(SG)	Zbawicelu
Inflect maja | V;IMP;PL;FUT	maja
Inflect ekskluziwnô | ADJ;GEN(FEM,SG)	ekskluziwnéj
Inflect Krziżëwò | N;F;INS(SG)	Krziżëwi
Inflect sluba | N;ACC(PL)	slubë
Inflect Łęgowski | N;NOM(MASC,SG)	Łęgowski
Inflect dozeranié | N;GEN(SG)	dozéraniô
Inflect miesąc | N;LOC;PL	miesącach
Inflect miesąc | N;NOM(PL)	miesące
Inflect miesąc | N;LOC;SG	miesącu
Inflect miesąc | N;NOM(PL)	miesący
Inflect zelé | N;NOM(SG)	zelé
Inflect wieleletni | ADJ;NOM(FEM,SG)	wieleletnô
Inflect Gbùrskô | ADJ;NOM(FEM,SG)	Gbùrskô
Inflect seminarium | N;NOM(SG,NEUT)	seminarium
Inflect przënależnosc | N;ACC(SG)	przënależnotã
Inflect òriginalnô | ADJ;NOM(FEM,SG)	òriginalnô
Inflect wùj | N;GEN(SG)	wùja
Inflect Konopczyński | N;NOM(MASC,SG)	Konopczyński
Inflect Stolëca | N;NOM(SG)	Stolëca
Inflect Liczba | N;NOM(SG)	Lëczba
Inflect Celestin | N;NOM(MASC,SG)	Celestin
Inflect czëstota | N;FEM;SG	czëstosc
Inflect czëstota | N;GEN(SG)	czëstoscë
Inflect zbójca | N;NOM(PL)	zbójcë
Inflect słowo | N;NOM(SG)	słowo
Inflect òrzéch | N;GEN(PL)	òrzéchów
Inflect sąd | N;INST;PL	sądama
Inflect wrzos | N;M3;GEN(SG)	wrzosu
Inflect kòlektor | N;NOM(SG)	kòlektor
Inflect kòlektor | N;GEN(PL)	kòlektorów
Inflect zwón | N;GEN(SG)	zwònu
Inflect zwón | N;NOM(PL)	zwònë
Inflect wierzyć | V;3;PL;PRS	wierzą
Inflect kònstitucijô | N;GEN(SG)	kònstitucji
Inflect władca | N;GEN(PL)	władców
Inflect władca | N;ACC(SG)	władcą
Inflect trëlnôcz | N;NOM(MASC,SG)	trulôcz
Inflect Òsoblëwé | ADJ;NOM(PL,MASC,INAN)	Òsoblëwé
Inflect Wiélgô | ADJ;NOM(MASC,SG)	Wiéldżi
Inflect Tirol | N;NOM(SG)	Tirol
Inflect Tirol | N;GEN(SG)	Tirolu
Inflect pòéta | N;GEN(SG)	pòétë
Inflect administracja | N;GEN(SG)	Administracji
Inflect greczczi | ADJ;NOM(MASC,SG)	grecczi
Inflect chòrosk | N;LOC;PL	chòroscach
Inflect oliwkowy | ADJ;GEN(MASC,PL)	oliwkowatych
Inflect pòłowa | N;F;ACC(SG)	pòłowã
Inflect pôdło | N;NOM(SG)	pôdł
Inflect wieczni | ADJ;ACC(FEM,SG)	wieczné
Inflect sparłãczëc | V;INF	sparłãczëc
Inflect szkòła | N;GEN(PL)	Szkòłów
Inflect lëstk | N;GEN(PL)	lëstka
Inflect òrganizacjô | N;ACC(SG)	òrganizacjã
Inflect słowo | N;GEN(SG)	slova
Inflect ciele | N;VOC(SG)	céle
Inflect kòmùnizm | N;GEN(SG)	kòmùnizmù
Inflect deptac | V;INF	deptac
Inflect komudny | ADJ;GENN;PL;MASC	komudnëch
Inflect lëchi | ADJ;NOM(FEM,SG)	lëchô
Inflect lëlëjô | N;NOM(FEM,SG)	leliô
Inflect Krim | N;LOC;SG	Krimie
Inflect leżeć | V;3;SG	Leżi
Inflect òdpùst | N;NOM(SG)	òdpùst
Inflect Swiat | N;NOM(MASC,SG)	Swiat
Inflect Swiat | N;F;NOM(SG)	Swiata
Inflect téma | N;NOM(SG)	téma
Inflect mòdlëtwa | N;ACC(FEM,SG)	mòdlëtw
Inflect mòdlëtwa | N;NOM(SG)	mòdlëtwa
Inflect mòdlëtwa | N;ACC(SG)	mòdlëtwã
Inflect mòdlëtwa | N;NOM(PL)	mòdlëtwë
Inflect mòdlëtwa | N;GEN(PL)	mòdlëtwów
Inflect dzëło | N;GEN(SG)	dzéla
Inflect kasztelan | N;NOM(SG,MASC)	kasztelan
Inflect jednô | ADJ;NOM(FEM,SG)	jednô
Inflect welësznëca | N;GEN(PL)	welësznëch
Inflect Radzëzna | N;NOM(SG)	Radzëzne
Inflect Radzëzna | N;GEN(SG)	Radzëznë
Inflect Stena | N;FEM;SG	Stenka
Inflect STOPA | N;GEN(PL)	stóp
Inflect Acoraceae | N;NOM(PL)	Acoraceae
Inflect RÓLNY | ADJ;GEN(MASC,PL)	Rólnëch
Inflect kòminowë | ADJ;GEN(MASC,PL)	kòminowëch
Inflect kaczka | N;GEN(SG)	kaczci
Inflect kaczka | N;GEN(PL,ANIM)	kaczkòwatëch
Inflect kaczka | N;GEN(PL,MASC,ANIM)	kaczków
Inflect labializacëjô | N;NOM(SG,FEM)	labializacëjô
Inflect sprowadzenié | N;INS(SG)	sprowadzeniém
Inflect piekùt | N;M;NOM(SG)	piekùt
Inflect lékarzë | N;DAT(PL)	lékarzenim
Inflect mësznik | N;GEN(SG)	mësznika
Inflect Sowa | N;GEN(PL)	Sowich
Inflect blóno | N;NOM(FEM,SG)	blôna
Inflect Informacja | N;GEN(SG)	Informacji
Inflect zakón | N;NOM(SG)	Zakòn
Inflect wiôldzi | ADJ;INS(MASC,SG)	wiôldzim
Inflect latny | ADJ;NOM(MASC,SG)	latny
Inflect kuńc | N;GEN(SG)	kuńca
Inflect balk | N;GEN(PL)	balków
Inflect contagiosa | ADJ;NOM(FEM,SG)	contagiosa
Inflect òlimpijsczi | ADJ;GEN(MASC,PL)	òlimpijsczich
Inflect Mùzyczny | ADJ;NOM(MASC,SG)	Mùzyczny
Inflect Cénë | N;GEN(FEM,PL)	Cénôwë
Inflect podpora | N;INS(SG)	podpiarą
Inflect rozsądzënk | N;M3;NOM(SG)	rozsądzënk
Inflect saksofón | N;LOC;SG	saksofónie
Inflect naòczny | ADJ;ACC(MASC,PL)	Naòcznych
Inflect empiriczny | ADJ;ACC(SG,NEUT)	empiriczno
Inflect empiriczny | ADJ;GEN(MASC,PL)	empiricznëch
Inflect Sztefón | N;NOM(SG)	Sztefón
Inflect regla | N;F;NOM(SG)	regla
Inflect regla | N;NOM(PL)	regle
Inflect separacja | N;GEN(SG)	separacji
Inflect Miłosława | N;GEN(SG,FEM)	Miłosławy
Inflect skwiérkòwatI | ADJ;ACC(MASC,PL)	skwiérkòwatëch
Inflect chãtny | ADJ;NOM(FEM,SG)	chãtnô
Inflect òglowi | ADJ;NOM(FEM,SG)	òglowe
Inflect òglowi | ADJ;NOM(MASC,SG)	òglowi
Inflect òglowi | ADJ;MASC;INST;SG	òglowim
Inflect òglowi | ADJ;MASC;INST;SG	òglowym
Inflect òglowi | ADJ;NOM(PL,MASC)	òglowé
Inflect òglowi | ADJ;GEN(MASC,SG)	òglowégò
Inflect òglowi | ADJ;NOM(SG,MASC)	òglowò
Inflect òglowi | ADJ;NOM(FEM,SG)	òglowô
Inflect pòlskô | ADJ;ACC(FEM,SG)	pòlską
Inflect zmia(na) | N;ACC(SG)	zmianã
Inflect klient | N;GEN(MASC,PL)	klientów
Inflect òpadnãc | V;NFIN	òpôd
Inflect Pòlskô | N;LOC;SG	Polsce
Inflect soczëzna | N;DAT(SG)	soczëznie
Inflect Pòłożenié | N;NOM(SG)	Pòłożenié
Inflect gwałtowny | ADJ;NOM(MASC,SG)	gwałtowny
Inflect myśl | N;VOC(SG)	mësle
Inflect forma | N;GEN(FEM,SG)	formë
Inflect czekawy | ADJ;ACC(MASC,SG)	czekawé
Inflect plaskac | V;IMP;PFV	plaskati
Inflect Gòłãbiô | N;NOM(FEM,SG)	Gòłãbiô
Inflect siewôrz | N;NOM(SG,MASC)	séwôrz
Inflect Pòmòrzaniô | N;NOM(PL)	Pòmòrzónie
Inflect Kòrczak | N;GEN(MASC,SG)	Kòrczôka
Inflect kóra | N;NOM(FEM,SG)	Kóra
Inflect dokôz | N;GEN(SG)	Dokôzë
Inflect pòsélc | N;GEN(PL)	pòsélców
Inflect Szczotecznik | N;NOM(SG)	Szczotecznik
Inflect starna | N;F;NOM(SG)	starna
Inflect starna | N;DAT(SG)	starnie
Inflect starna | N;ACC(SG,FEM)	starnã
Inflect czãsc | N;GEN(SG)	czãscë
Inflect czãsc | N;ACC(SG)	czãscą
Inflect Tanzanija | N;GEN(SG)	Tanzaneji
Inflect Òkrãtownik | N;GEN(PL)	Òkrãtowników
Inflect lãbòrsczi | ADJ;INS(SG,MASC,INAN)	lãbòrsczim
Inflect pòtrzebë | N;NOM(FEM,PL)	pòtrzebë
Inflect ùcerpjec | V;NFIN	ùcerpia
Inflect Mòrzebôb | N;NOM(SG)	Mòrzebôb
Inflect bòkadnôt | N;ACC(FEM,SG)	bòkadnotã
Inflect honor | N;NOM(PL)	honorë
Inflect dodownô | ADJ;NOM(FEM,SG)	dodôwnô
Inflect Żbik | N;DAT(PL)	Żbikòwie
Inflect Pinkun | N;DAT(PL)	Pinkun
Inflect dësza | N;NOM(SG)	dësza
Inflect dësza | N;VOC(PL)	dësze
Inflect starszi | ADJ;DAT(PL,MASC)	starszëch
Inflect Prekmùrsczi | ADJ;NOM(MASC,SG)	Prekmùrsczi
Inflect mašina | N;INS(SG)	masziną
Inflect Łapalëcczi | ADJ;INS(MASC,SG)	Łapalëcczim
Inflect pôłniowy | ADJ;VOC(MASC,SG)	pôłniowo
Inflect szerok | ADJ;NOM(MASC,SG)	szerok
Inflect jinstitucjô | N;F;NOM(SG)	jinstitucjô
Inflect żabk | N;NOM(PL)	żabczi
Inflect Pògòrze | N;NOM(SG)	Pògòrze
Inflect pisarstwo | N;GEN(SG)	pisarstwa
Inflect sokół | N;GEN(PL)	Sokal
Inflect mùzykòwanié | N;INS(SG)	mùzykòwanim
Inflect Poznań | N;NOM(SG)	Poznań
Inflect raj | N;DAT(SG)	raju
Inflect téòlog | N;NOM(PL)	téòlogi
Inflect quillinga | N;ACC(SG)	quillingù
Inflect Alpy | N;LOC;PL	Alpach
Inflect lëché | ADJ;GEN(MASC,SG)	lëchégò
Inflect Rocziżna | N;F;ACC(SG)	Roczëznã
Inflect matura | N;ACC(SG)	maturã
Inflect Izyd | N;VOC(SG)	Izydë
Inflect zwrot | N;GEN(MASC,SG)	zwrotu
Inflect wëdónô | ADJ;GEN(MASC,SG)	wëdónegò
Inflect Arabsczi | ADJ;NOM(MASC,SG)	Arabsczi
Inflect Arabsczi | ADJ;INS(MASC,SG)	Arabsczim
Inflect Zambezi | N;NOM(SG)	Zambezi
Inflect mrówkòwatëch | ADJ;GEN(PL,ANIM)	mrówkòwatëch
Inflect szlachta | N;GEN(SG)	szlachtë
Inflect Słownik | N;NOM(SG)	Słownik
Inflect kwasny | ADJ;GEN(MASC,PL)	kwasnych
Inflect Słovianskô | ADJ;NOM(MASC,SG)	Slovianski
Inflect solë | N;GEN(FEM,SG)	solë
Inflect Piersza | ADJ;ACC(FEM,SG)	Pierszą
Inflect kilómetr | N;GEN(PL)	kilometrów
Inflect wãdka | N;NOM(SG)	wãdka
Inflect Naukowe | ADJ;NOM(PL,MASC,INAN)	Naukowe
Inflect Gdóńsk | N;GEN(SG)	Gdôńskò
Inflect Midzënôrodny | ADJ;NOM(FEM,SG)	Midzënôrodnô
Inflect gbùrsczi | ADJ;GEN(MASC,PL)	gbùrsczëch
Inflect kLëpa | N;NOM(SG)	Klepa
Inflect waza | N;NOM(SG)	Waza
Inflect waza | N;GEN(SG)	Wazy
Inflect Gdynia | N;NOM(SG,FEM)	Gdinjô
Inflect Regùlarnëch | ADJ;GEN(MASC,PL)	Regùlarnëch
Inflect załączony | ADJ;MASC;PL;LOC	załączonëch
Inflect rozmiszlëc | V;NFIN	rozmiszlô
Inflect kòrzén | N;LOC;PL	kòrzéniach
Inflect magicznô | ADJ;GEN(MASC,PL)	magicznëch
Inflect wkół | ADV	wkół
Inflect Rédacya | N;GEN(SG)	Réda
Inflect wiãzëdło | N;LOC;SG	wiãzëdle
Inflect Bardówkòwatô | ADJ;NOM(FEM,SG)	Bardówkòwatô
Inflect ròk | N;GEN(SG)	Rokù
Inflect główka | N;INS(FEM,SG)	główką
Inflect dardzë | ADJ;ACC(FEM,SG)	dardze
Inflect gwëstny | ADJ;NOM(FEM,SG)	gwëstnô
Inflect Benedykta | N;NOM(SG,MASC)	Benedykt
Inflect wróbel | N;GEN(PL,MASC)	wróblów
Inflect Akademicki | ADJ;INS(MASC,SG)	Akademicczim
Inflect japòńsczi | ADJ;MASC;PSSV;SG	japòńsczi
Inflect japòńsczi | ADJ;GEN(MASC,PL)	japòńsczich
Inflect japòńsczi | ADJ;GEN(MASC,SG)	japòńsczégò
Inflect Stolem | N;NOM(PL)	Stolemi
Inflect łacyńsczé | ADJ;GEN(MASC,SG)	łacyńsczégò
Inflect graficzny | ADJ;GEN(MASC,SG)	graficznégò
Inflect piątka | N;F;NOM(SG)	piątka
Inflect Lemna | N;F;NOM(SG)	Lemna
Inflect zrzëszënié | N;GEN(SG)	zrëszëniô
Inflect brëma | N;ACC(SG)	brëm
Inflect chcëc | V;PST;3;PL	chcelë
Inflect długosc | N;GEN(SG)	długòscë
Inflect zainteresowanié | N;NOM(SG,NEUT)	zainteresowanié
Inflect kraj | N;LOC;SG	krajem
Inflect pas | N;MASC;SG;LOC	remieniu
Inflect Ùbrzeg | N;GEN(SG)	Ùbrzégù
Inflect Planowanié | N;GEN(SG)	Planowoniô
Inflect białka | N;ACC(SG)	białką
Inflect wzmiónk | N;GEN(PL)	wzmiónków
Inflect wëstãpùjący | ADJ;VOC(FEM,PL)	wëstãpùjącëch
Inflect bòsczi | ADJ;NOM(MASC,SG)	Bòsczi
Inflect Britania | N;LOC;SG	Britanie
Inflect kòrzëstac | V;INF	kòrzëstac
Inflect Materiał | N;NOM(PL)	Materiałë
Inflect môlowi | ADJ;GEN(MASC,PL)	môlowëch
Inflect Trepka | N;DIM;NOM(SG)	Trepczika
Inflect nôrodnô | ADJ;NOM(FEM,SG)	nôrodnô
Inflect smôrzczowatë | ADJ;VOC(MASC,PL)	smôrzczowatëch
Inflect philanthrōpia | N;NOM(SG)	philanthrōpia
Inflect kania | N;NOM(FEM,SG)	kania
Inflect drzewnianô | ADJ;NOM(FEM,SG)	drzewnianô
Inflect dëchòwny | ADJ;NOM(MASC,SG)	dëchòwny
Inflect dëchòwny | ADJ;INS(MASC,SG)	dëchòwnym
Inflect albertinô | N;GEN(PL)	albertinów
Inflect wół | N;NOM(PL)	wòłë
Inflect Jimpresjinisticzné | ADJ;NOM(MASC,PL)	Jimpresjinisticzné
Inflect Złotnica | N;NOM(FEM,SG)	Złotnica
Inflect literary | ADJ;DAT(FEM,SG)	literacczi
Inflect mòst | N;NOM(SG)	mòst
Inflect bakteria | N;GEN(PL)	bakteriów
Inflect bakteria | N;NOM(SG)	bakteriô
Inflect stôrożëtny | ADJ;GEN(MASC,PL)	stôrożëtnëch
Inflect swój | ADJ;NOM(MASC,PL)	swòji
Inflect swój | ADJ;GEN(PL,MASC,ANIM)	swòjich
Inflect Szczecinek | N;NOM(SG,MASC)	Szczecinek
Inflect Bruksela | N;NOM(SG)	Brukselë
Inflect sewać | V;NFIN	sewan
Inflect milczk | N;GEN(PL)	milczków
Inflect wëróbk | N;GEN(SG)	wëróbkù
Inflect Spòkójné | ADJ;NOM(PL,MASC,INAN)	Spòkójné
Inflect Lindega | N;NOM(SG)	Lindegò
Inflect Dôwny | ADV	Dôwni
Inflect Dôwny | ADV	Dôwnié
Inflect Dôwny | ADJ;NOM(MASC,SG)	Dôwny
Inflect Dôwny | ADJ;INS(MASC,SG)	Dôwnym
Inflect mianëjcë | V;IND;3;PL	mianëje
Inflect fasón | N;NOM(SG)	fasón
Inflect fala | N;NOM(PL)	fale
Inflect Jimpresjonizm | N;NOM(SG)	Jimpresjonizm
Inflect grob | N;LOC;PL	grobach
Inflect rozmajity | ADJ;ACC(FEM,PL)	rozmaité
Inflect załóžca | N;ACC(MASC,SG)	załórzcą
Inflect Wileja | N;VOC(SG)	Wilejce
Inflect Wileja | N;F;ACC(SG)	Wilejã
Inflect miãsojôdny | ADJ;NOM(MASC,SG)	miãsojôdny
Inflect Pismiã | N;INS(SG)	Pismionem
Inflect rôdc | N;GEN(MASC,PL)	Rôdców
Inflect òdrzënôw | N;NOM(SG)	òdrzënów
Inflect Heracleum | N;NOM(SG)	Heracleum
Inflect dãb | N;DAT(PL)	dãbama
Inflect dãb | N;NOM(PL)	dãbë
Inflect dãb | N;GEN(PL)	dãbów
Inflect dãb | N;GEN(SG)	dãbù
Inflect Liwio | N;VOC(SG)	Liwia
Inflect pòrozumienié | N;NOM(SG)	pòrozumienié
Inflect przëczëna | N;ACC(MASC,SG)	przëczën
Inflect zlenie | N;INS(SG,MASC)	zleniem
Inflect charizmatyczny | ADJ;INS(MASC,SG)	charizmaticznym
Inflect dzejac | V;PAST;F;SG	dzejała
Inflect przëcyskać | V;IND;SG;3	przëcyskô
Inflect dialektalny | ADJ;GEN(MASC,PL)	dialektalnëch
Inflect zbiórnik | N;GEN(PL)	zbiorników
Inflect znanca | N;ACC(PL)	znanczi
Inflect zasad | N;GEN(FEM,SG)	zasad
Inflect Starzëzna | N;GEN(SG)	Starzënie
Inflect òstri | ADJ;NOM(MASC,SG)	òstro
Inflect welacja | N;GEN(PL)	welacjów
Inflect pip | N;GEN(PL)	pipów
Inflect gimnasticzny | ADJ;NOM(MASC,PL)	gimnasticzczi
Inflect Kwiôt | N;VOC(SG)	Kwiôte
Inflect bôjk | N;GEN(PL)	bôjków
Inflect Mordawski | N;NOM(MASC,SG)	Mordawski
Inflect leczniczô | ADJ;NOM(FEM,SG)	leczniczô
Inflect Kaszubskopomorskie | ADJ;NOM(NEUT,SG)	KaszubskoPomorskie
Inflect miasto | N;INS(SG)	miastã
Inflect miasto | N;GEN(PL)	miastów
Inflect rezerwa | N;ACC(SG)	rezerwã
Inflect Łemka | N;ACC(SG)	Łemkã
Inflect Kanadny | ADJ;NOM(MASC,SG)	Kanadny
Inflect żôgiel | N;FEM;INST;PL	Żôglama
Inflect przeszłoce | N;F;NOM(PL)	przeszłoce
Inflect Wojwodzënô | N;ACC(SG)	Wojwodinã
Inflect pòdôwk | N;GEN(PL)	pòdôwków
Inflect czôrnobiôłi | ADJ;NOM(FEM,PL)	czôrnobiôłé
Inflect rzecz | N;ACC(SG)	rzecz
Inflect rzecz | N;LOC;PL	rzeczach
Inflect mùza | N;GEN(FEM,SG)	Mùża
Inflect przijãc | V;NFIN	przińc
Inflect wierza | N;VOC(SG)	wiże
Inflect Jãzëczkòwé | ADJ;NOM(FEM,PL)	Jãzëczkòwé
Inflect nordowòkaszëbsczi | ADJ;GEN(FEM,PL)	nordowòkaszëbsczich
Inflect Cëchô | ADJ;NOM(FEM,SG)	Cëchô
Inflect Towarzëstwa | N;GEN(SG)	Towarzëstwa
Inflect ùżëwac | V;POS;IMPF;NFIN	ùżëwaniô
Inflect reżiser | N;ACC(SG)	reżiserã
Inflect reżiser | N;GEN(SG)	reżiséra
Inflect MIESZC | N;VOC(MASC,SG)	Miesczé
Inflect Różewô | ADJ;NOM(FEM,SG)	Różewô
Inflect dorobek | N;M3;INS(SG)	dorobkiem
Inflect chemiczny | ADJ;VOC(MASC,SG)	chemicznie
Inflect chemiczny | ADJ;NOM(MASC,SG)	chemiczny
Inflect chemiczny | ADJ;GEN(MASC,PL)	chemicznëch
Inflect chemiczny | ADJ;INS(MASC,SG)	chemicznëm
Inflect twòrzec | V;PST;3;PL	twòrzelë
Inflect balustradza | N;DAT(SG,FEM)	balustradze
Inflect Szlëmienie | N;NOM(SG)	Slëmiénie
Inflect Nôrodny | ADJ;NOM(MASC,SG)	Nôrodny
Inflect sztądza | N;LOC;SG	sztądze
Inflect przënôleżnota | N;ACC(SG)	przënôleżnotã
Inflect przënôleżnota | N;GEN(SG)	przënôleżnotë
Inflect Warszawa | N;NOM(SG,FEM)	Warszawa
Inflect Warszawa | N;LOC;SG	Warszawie
Inflect Ùtwòrzë | V;IMP;P2;PL	Ùtworë
Inflect sadzëna | N;GEN(SG)	sadzeniô
Inflect Atlanticzne | ADJ;GEN(MASC,SG)	Atlanticczégò
Inflect traktór | N;NOM(PL)	trakturë
Inflect samopylny | ADJ;NOM(FEM,SG)	samopylna
Inflect krzélôk | N;NOM(PL)	krzélôczi
Inflect Mekran | N;ACC(SG)	Mekran
Inflect Odzyskac | V;PPP;MP;GEN	Odzyskanych
Inflect gadzëna | N;NOM(FEM,PL)	gadzënë
Inflect gadzëna | N;GEN(PL)	gadzënòw
Inflect Kòscół | N;GEN(SG)	Kòscele
Inflect Kòscół | N;GEN(SG)	Kòscoła
Inflect ùgòda | N;LOC;SG;FEM	ùgòdné
Inflect miłac | V;PST;SG;F	miôła
Inflect wchòdzëc | V;INF	wchòdzëc
Inflect òstrowa | N;ACC(FEM,SG)	òstrowã
Inflect òstrowa | N;NOM(PL)	òstrowë
Inflect òstrowa | N;GEN(PL)	òstrowów
Inflect Szkocja | N;DAT(SG)	Szkocji
Inflect Oddział | N;NOM(SG)	Oddział
Inflect anielsczi | ADJ;NOM(MASC,SG)	angelsczi
Inflect Kamiéńca | N;GEN(FEM,SG)	Kamiéńca
Inflect dogłãbnô | ADJ;NOM(FEM,SG)	dogłãbno
Inflect ògle | N;NOM(PL)	ògle
Inflect mórza | N;GEN(SG)	mórza
Inflect ramic | N;GEN(FEM,SG)	ramë
Inflect Blat | N;NOM(MASC,SG)	Blat
Inflect pôłni | N;LOC;SG	pôłnim
Inflect górzësti | ADJ;NOM(MASC,SG)	górzësti
Inflect spiewac | V;IMP;PFV	spiewac
Inflect dzyczi | N;INST;SG;F	dzurką
Inflect Tettigonia | N;NOM(SG)	Tettigonia
Inflect wspóminka | N;NOM(MASC,SG)	wspòmink
Inflect strzébrzny | ADJ;NOM(MASC,SG)	strzébrzny
Inflect doł | N;GEN(SG)	dołu
Inflect mònitoring | N;ACC(SG)	mónitoringã
Inflect metrë | N;GEN(SG)	metra
Inflect znija | V;NFIN	znija
Inflect Trzeba | ADJ;FE;NOM(SG)	Trzeba
Inflect akcepta | N;ACC(SG)	akceptã
Inflect góra | N;NOM(PL)	góry
Inflect góra | N;DAT(SG)	górze
Inflect wësadzëc | V;NFIN	wësôdanié
Inflect Kaszëbizna | N;NOM(SG)	Kaszëbizna
Inflect Kaszëbizna | N;ACC(SG)	Kaszëbiznã
Inflect Kaszëbizna | N;GEN(SG)	Kaszëbiznë
Inflect Kaszëbizna | N;ACC(SG)	Kaszëbizną
Inflect Gòłąbk | N;GEN(FEM,SG)	Gòłąbka
Inflect Słuńce | N;ACC(SG)	Słuńca
Inflect Słuńce | N;DAT(SG)	Słuńcowi
Inflect stôri | ADJ;NOM(FEM,SG)	Stôrô
Inflect gduński | ADJ;GEN(MASC,PL)	gduńsczich
Inflect fizyka | N;GEN(SG)	fizyki
Inflect Coimbra | N;LOC;SG	Coimbrze
Inflect Kamél | ADJ;NOM(MASC,SG)	Kamél
Inflect Gąsewnica | N;NOM(FEM,SG)	Gąsewnica
Inflect Pùck | N;GEN(FEM,SG)	Pucka
Inflect pòtoczno | ADJ;NOM(FEM,SG)	pòtoczno
Inflect penzjónat | N;FEM;PL;LOC	penzjónatama
Inflect emòcjonalnomiticzny | ADJ;M3;INS(SG)	emòcjonalnomiticznym
Inflect mur | N;INST;SG	murem
Inflect kalkùlator | N;NOM(SG)	kalkùlator
Inflect pamiãtnik | N;NOM(SG)	pamiãtnik
Inflect drëch | N;NOM(MASC,SG)	drëch
Inflect drëch | N;INS(PL)	drëchama
Inflect nôstarszi | ADJ;ACC(FEM,SG)	nôstarszą
Inflect zatôrczënk | N;GEN(SG)	zatôrczënkù
Inflect Nùdlë | N;LOC;PL	Nudlóm
Inflect starka | N;NOM(PL)	starkòwie
Inflect dzëdzół | N;NOM(SG)	dzëdzół
Inflect Marek | N;MAL;SG	Marek
Inflect Pòle | N;VOC(SG)	Polo
Inflect strzédnowieczny | ADJ;GEN(MASC,PL)	strzédnowiecznëch
Inflect Bòcón | N;NOM(MASC,SG)	Bòcón
Inflect elektricznosc | N;GEN(SG)	elektricznoscë
Inflect Ùnieszënka | N;GEN(SG)	Ùnieszynczi
Inflect zapadnica | N;NOM(SG,MASC)	zapadniãcu
Inflect òkrãżëc | V;PRS;3;PL	òkrążą
Inflect mòżnowładzca | N;DAT(PL)	mòżnowładcóm
Inflect miónkôrz | N;NOM(SG)	miónkôrz
Inflect miónkôrz | N;NOM(MASC,PL)	miónkôrzy
Inflect miónkôrz | N;INS(SG,MASC)	miónkôrzã
Inflect bòsczi | ADJ;GEN(MASC,SG)	bòsczégò
Inflect Bóg | N;GEN(MASC,SG)	Bòżégòżebë
Inflect Bóg | N;ACC(MASC,SG)	Bóga
Inflect skùtkòwno | ADV	skùtkòwno
Inflect wieszczówka | N;DAT(PL)	wieszczówkóm
Inflect LewKiedrowska | N;NOM(FEM,SG)	LewKiedrowska
Inflect Saponaria | N;NOM(SG)	Saponaria
Inflect przëcygnąc | V;V;PTCP;NEUT;NFIN	przëcygniãcé
Inflect ofiara | N;ACC(SG)	ofiarã
Inflect Pòczątek | N;NOM(PL)	Pòczątczi
Inflect familia | N;NOM(SG)	familia
Inflect familia | N;FUT;DAT(PL)	familiach
Inflect familia | N;F;NOM(SG)	familie
Inflect krëchi | ADJ;NOM(MASC,SG)	krëchi
Inflect papjéżëna | N;ABL(FEM,SG)	papieżënë
Inflect Rudolf | N;ACC(SG)	Rudolfa
Inflect płachczka | N;INS(PL)	plachckama
Inflect zapłacëc | V;INF	zapłacëc
Inflect Magnez | N;NOM(SG)	Magnez
Inflect Bóg | ADJ;VOC(SG,MASC)	Bòżé
Inflect nôùka | N;F,P;GEN(PL)	nôùków
Inflect Przegroda | N;NOM(PL)	Przegrodë
Inflect rëchtowanié | V;GER;DAT(SG)	rëchtowanim
Inflect platynowy | ADJ;GEN(MASC,SG)	platynowégò
Inflect Krzëszlôk | N;NOM(SG)	Krzëszlôk
Inflect samnica | N;NOM(SG)	samnica
Inflect Kamianô | ADJ;NOM(FEM,SG)	Kamiané
Inflect Spòdlëczny | ADJ;NOM(MASC,SG)	Spòdlëczny
Inflect przitka | N;ACC(SG)	przitczé
Inflect mòcno | ADV	mòcno
Inflect Lodofôłt | N;NOM(SG)	Lodofôłt
Inflect ùkrziżowanié | N;LOC;SG	ùkrziżowanim
Inflect Stanford | N;GEN(MASC,SG)	Stanforda
Inflect zëma | N;ACC(SG)	zëmą
Inflect ekonomiczny | ADJ;MASC;SG;LOC	ekonomicznym
Inflect ekonomiczny | ADJ;ACC(FEM,SG)	ekonomiczną
Inflect faktùra | N;NOM(SG)	faktura
Inflect pôłniowòpòrénkòwi | ADJ;INS(MASC,SG)	pôłniowòpòrénkòwim
Inflect Tuszkòwskô | ADJ;NOM(FEM,SG)	Tuszkòwskô
Inflect Arizona | N;NOM(SG)	Arizona
Inflect Arizona | N;LOC;SG	Arizonie
Inflect Òlëwa | N;VOC(SG)	Òlëwie
Inflect pòlo | N;NOM(SG,NEUT)	pòlo
Inflect Mickewicz | N;GEN(PL)	Mickewiczów
Inflect Rakiétka | N;NOM(SG,FEM)	Rakiétka
Inflect Mastalerz | N;NOM(MASC,SG)	Mastalerz
Inflect stoła | N;ACC(SG)	Stołã
Inflect point | N;NOM(SG)	Point
Inflect atomòwi | ADJ;NOM(FEM,SG)	atomòwô
Inflect mùl | N;GEN(PL)	mùłów
Inflect wësokji | ADJ;NOM(FEM,SG)	wësokô
Inflect jigrzëska | N;LOC;PL	jigrzëskach
Inflect jigrzëska | N;GEN(PL)	jigrzësków
Inflect szabla | N;NOM(SG)	szabla
Inflect szabla | N;ACC(SG)	szablã
Inflect szabla | N;DAT(FEM,SG)	szablé
Inflect niebezpieczny | ADJ;NOM(MASC,SG)	niebezpieczno
Inflect niebezpieczny | ADJ;NOM(MASC,SG)	niebezpieczny
Inflect niebezpieczny | ADJ;NOM(FEM,SG)	niebezpiecznô
Inflect mieszkaniec | N;GEN(PL)	mieszkańców
Inflect òbszarë | N;NOM(PL)	òbszarë
Inflect grenlandzczi | ADJ;DAT(MASC,PL)	grenlandzczich
Inflect wpłiw | N;ACC(SG)	wpłiwã
Inflect rëwalizowac | V;INF	rëwalizowac
Inflect pastórz | N;NOM(SG)	pasturz
Inflect kam | N;NOM(FEM,SG)	kamnô
Inflect pòrénk | N;NOM(SG)	pòrénk
Inflect pòrénk | N;GEN(SG)	pòrénkù
Inflect Rodzaj | N;NOM(SG)	Rodzaj
Inflect wëdôwizna | N;NOM(SG)	wëdôwizna
Inflect konflikt | N;NOM(MASC,SG)	konflikt
Inflect bùdowa | N;LOC;SG	bùdowie
Inflect dzelo | N;GEN(SG)	dzeła
Inflect żôłniérz | N;DAT(SG)	żôłniérzã
Inflect żôłniérz | N;PL	żôłniérzë
Inflect istnienie | N;GEN(SG)	istnienia
Inflect miemieckù | ADJ;ACC(FEM,SG)	miemieckù
Inflect ògardzë | V;NFIN	ògardze
Inflect wëmrzenié | N;GEN(SG)	wëmrzeniô
Inflect stalëc | N;DAT(SG)	stalacu
Inflect stalëc | V;NFIN	stalacym
Inflect diecezjô | N;F;NOM(SG)	diecezjô
Inflect niedrig | ADJ;M;NOM(SG)	niedrëch
Inflect sfera | N;LOC;SG	sferze
Inflect sfera | N;NOM(PL)	sferë
Inflect sfera | N;INS(SG)	sferą
Inflect Sobaeksan | N;ACC(SG)	Sobaeksan
Inflect kùgla | N;NOM(PL)	kùgli
Inflect gònizna | N;NOM(FEM,SG)	gònizna
Inflect słëszec | V;CVB;PRS;ACT	słëszącë
Inflect òrginalnô | ADJ;F;ACC(SG)	òrginalnu
Inflect Biôdôk | N;ACC(SG)	Biôdôkã
Inflect mërta | N;F;NOM(SG)	mërta
Inflect refren | N;ACC(SG)	refrenã
Inflect refren | N;ACC(PL)	refrenë
Inflect tak | ADJ;NOM(FEM,SG)	takô
Inflect osobliwość | N;LOC;PL	osobliwościach
Inflect pamiãc | N;GEN(SG)	pamiãcë
Inflect pamiãc | N;ACC(SG)	pamiãcą
Inflect kòmbìnacjô | N;NOM(SG)	kombinacjô
Inflect blisko | ADV	blisko
Inflect Piotr | N;GEN(MASC,SG)	Piotra
Inflect Farwnosc | N;NOM(FEM,SG)	Farwnosc
Inflect òwòc | N;GEN(PL)	òwòców
Inflect Celuloid | N;GEN(SG)	Celuloidu
Inflect tłësti | ADJ;NOM(MASC,SG)	tłësti
Inflect ptôch | N;MASC;SG	ptôch
Inflect ptôch | N;GEN(SG)	ptôcha
Inflect ptôch | N;LOC;PL	ptôchach
Inflect ptôch | N;INS(PL)	ptôchama
Inflect ptôch | N;VOC(PL)	ptôche
Inflect ptôch | N;NOM(PL)	ptôchë
Inflect ptôch | N;GEN(PL)	ptôchów
Inflect gród | N;NOM(SG)	Grôd
Inflect mònéta | N;NOM(PL)	mònétë
Inflect młodzéż | N;VOC(FEM,SG)	młodzéżô
Inflect tłokowò | ADJ;VOC(MASC,SG)	tłokòwe
Inflect wilczë | ADJ;NOM(FEM,SG)	wilczô
Inflect pòklôsztorny | ADJ;INS(MASC,SG)	pòklôsztornym
Inflect Miemiec | N;NOM(PL)	Miemcë
Inflect morfologia | N;GEN(PL)	Tërków
Inflect Gòspòdëniô | N;GEN(PL)	Gòspòdëniów
Inflect miotła | N;NOM(SG,FEM)	Miotła
Inflect Folwark | N;M3;NOM(SG)	Folwark
Inflect Kongres | N;ACC(SG)	Kongresu
Inflect sztôtek | N;VOC(SG)	sztôtuje
Inflect Rhoda | N;NOM(SG,FEM)	Rhoda
Inflect Artur | N;GEN(SG)	Artusa
Inflect Miemca | N;LOC;PL	Miemcach
Inflect krëjamny | ADJ;INS(MASC,SG)	krëjamnym
Inflect tacewny | ADJ;INS(MASC,SG)	tacewnym
Inflect liryka | N;NOM(SG)	Liryka
Inflect krëkowatëch | ADJ;DAT(PL,MASC,ANIM)	krëkowatëch
Inflect Włocławek | N;LOC;SG	Włocławku
Inflect wkłôdanié | N;LOC;SG;NEUT	wkłôdaniu
Inflect òbsôdzac | V;INF	òbsôdzac
Inflect patrioticzny | ADJ;NOM(FEM,SG)	patrioticzné
Inflect patrioticzny | ADJ;GEN(MASC,PL)	patrioticznëch
Inflect ôrtną | V;NFIN	ôrtną
Inflect aerodynamika | N;NOM(FEM,SG)	aerodyna
Inflect Ukrajina | N;LOC;SG;FEM	Ùkrajinie
Inflect czerwonô | ADJ;NOM(FEM,SG)	czerwonô
Inflect Sychta | N;NOM(PL)	Sychty
Inflect zëmòwi | ADJ;INS(MASC,SG)	zëmòwim
Inflect apòkrifa | N;NOM(PL)	apòkrifë
Inflect akcja | N;NOM(PL)	akcje
Inflect akcja | N;ACC(SG)	akcjã
Inflect turista | N;GEN(MASC,PL)	turistów
Inflect nôczãsto | ADV	nôczãsto
Inflect protokół | N;LOC;SG	protokole
Inflect protokół | N;GEN(PL)	protokòłów
Inflect mòrzé | N;VOC(SG)	mòrzé
Inflect pãcherza | N;GEN(SG)	pãcherziczi
Inflect antologijô | N;NOM(SG)	antologijô
Inflect pószëkùm | N;DAT(PL)	pószëkù
Inflect grëp | N;NOM(PL)	grëpë
Inflect zunifikòwóné | V;PPAS;NEUT;SG	zunifikòwóné
Inflect niesmiertelnik | N;NOM(SG)	niesmiertelnik
Inflect Dzëwô | ADJ;NOM(FEM,SG)	Dzëwô
Inflect snôżota | N;ACC(FEM,SG)	snôżosc
Inflect snôżota | N;INST;SG	snôżotã
Inflect snôżota | N;FEM;PL	snôżotë
Inflect białk | N;GEN(PL)	białków
Inflect zòrganizowac | V;VFIN;INF	zòrganizowac
Inflect zòrganizowac | V;INF	zòrganizérowac
Inflect ògłôszac | V;PST;3;PL	ògłôszelë
Inflect kaszëbsczi | ADJ;INS(MASC,SG)	kaszebszczim
Inflect corôz | ADV	corôz
Inflect Pòłabsczi | ADJ;NOM(MASC,SG)	Pòłabsczi
Inflect grób | N;GEN(PL)	grobów
Inflect grób | N;GEN(PL)	grobówc
Inflect grób | N;GEN(SG)	grobù
Inflect białô | ADJ;ACC(FEM,SG)	biôłą
Inflect dzec | N;DAT(PL)	dzecòm
Inflect pasja | N;GEN(PL)	pasjów
Inflect zrzesznica | N;F;NOM(SG)	zrzesznica
Inflect Grónowsczi | ADJ;NOM(MASC,SG)	Grónowsczi
Inflect wëznaczony | ADJ;MASC;INST;SG	wëznaczonym
Inflect kultura | N;GEN(SG)	kultury
Inflect kultura | N;INST;SG	kulturą
Inflect vzsmrȯčnô | ADJ;ACC(FEM,SG)	smroczno
Inflect Zakopane | N;F;NOM(SG)	Zakopane
Inflect Zakopane | N;LOC;SG	Zakopanem
Inflect walezc | V;NFIN;INF	wëlezc
Inflect dama | N;DAT(FEM,SG)	Damme
Inflect kòrejańsczi | ADJ;ACC(MASC,SG)	kòrejańsczé
Inflect naùczëc | V;INF	naùczëc
Inflect Sobòta | N;NOM(PL)	Sobòtë
Inflect nóty | N;GEN(PL)	nótów
Inflect Kalisz | N;LOC;SG	Kaliszu
Inflect Izraél | N;NOM(SG)	Izraél
Inflect ùzdólniac | V;IRREG;NFIN;PRF	ùzdolnienia
Inflect przedslédny | ADJ;NOM(PL,MASC)	przedslédné
Inflect strôszëc | V;INF	strôszëc
Inflect deser | N;GEN(PL)	deserów
Inflect słowò | N;NOM(PL)	słowë
Inflect słowò | N;ABL(FEM,SG)	słowò
Inflect jesén | N;GEN(SG)	jeséni
Inflect jesén | N;INS(SG)	jesénią
Inflect grańca | N;ACC(SG)	grańcą
Inflect drózdowaty | ADJ;DAT(MASC,PL)	drózdowatëch
Inflect równia | N;F;ACC(SG)	równią
Inflect òstróga | N;LOC;PL	òstrowach
Inflect Òjcowsczi | ADJ;INS(SG,MASC)	Òjcowsczim
Inflect gwar | N;GEN(FEM,SG)	gwarë
Inflect brëkwóné | ADJ;DAT(FEM,PL)	brëkwóné
Inflect zwón | N;NOM(PL)	zwóny
Inflect zwón | N;INS(SG)	zwónym
Inflect zwón | N;NOM(PL)	zwónë
Inflect zwón | N;GEN(PL)	zwónëch
Inflect zwón | N;F;NOM(SG)	zwónô
Inflect zwón | N;INS(SG)	zwônym
Inflect Pòmòreńcowie | N;NOM(MASC,PL)	Pòmòreńcowie
Inflect pòdajny | ADJ;NOM(MASC,SG)	pòdajny
Inflect Tupadło | N;LOC;SG	Tupadły
Inflect Chorenza | N;NOM(FEM,SG)	Charenza
Inflect Simón | N;NOM(MASC,SG)	Simón
Inflect astrónoma | N;ACC(FEM,SG)	astronomã
Inflect Słowò | N;ACC(SG)	Słowã
Inflect Słowò | N;NOM(SG,NEUT)	Słowò
Inflect Warmia | N;GEN(SG)	Warmii
Inflect kònspiracja | N;GEN(SG)	kònspiracji
Inflect brac | N;GEN(SG)	brata
Inflect dali | ADV	dalej
Inflect rok | N;GEN(PL)	rokǜ
Inflect teren | N;GEN(SG)	terenu
Inflect teren | N;GEN(PL)	terenów
Inflect prawa | ADJ;NOM(FEM,SG)	prawnô
Inflect Swiãti | ADJ;NOM(MASC,SG)	Swiãti
Inflect rosëna | N;NOM(FEM,SG)	rosëna
Inflect brzod | N;GEN(PL)	brzadów
Inflect Novoselic | N;GEN(SG)	Novoselic
Inflect sąsiedni | ADJ;MDR;INS(SG)	sąsednim
Inflect swiãtë | N;LOC;PL	swiãtëch
Inflect kòrzësc | N;DAT(SG)	kòrzëscë
Inflect prorok | N;GEN(SG)	proroka
Inflect brat | N;NOM(PL)	bracia
Inflect rugby | N;NOM(SG)	rugby
Inflect trzóda | N;NOM(SG)	trzóda
Inflect jednak | ADV	jednak
Inflect greńca | N;ACC(SG)	greńcã
Inflect greńca | N;GEN(SG)	greńcë
Inflect dwùpiennô | ADJ;NOM(FEM,SG)	dwùpiennô
Inflect pneumaticzny | ADJ;NOM(FEM,SG)	pneumaticznô
Inflect alkòhòl | N;GEN(SG)	alkòhòlu
Inflect cerkiew | N;GEN(SG)	cerkwi
Inflect cerkiew | N;NOM(PL)	cerkwie
Inflect zbùdowóny | ADJ;NOM(FEM,SG)	zbùdowónô
Inflect cwiardi | ADJ;NOM(MASC,SG)	cwiardi
Inflect nieprządka | N;GEN(PL)	nieprządk
Inflect religijô | N;GEN(PL)	religijów
Inflect sãmò | ADJ;GEN(MASC,SG)	sómégò
Inflect rozmajitic | V;NFIN	rozmajiti
Inflect sąsedny | ADJ;GEN(MASC,SG)	sąsednégò
Inflect òchrona | N;NOM(SG)	òchrona
Inflect òchrona | N;LOC;SG;FEM	òchronie
Inflect pògańskji | ADJ;GEN(MASC,PL)	pogańsczich
Inflect brilant | N;GEN(PL)	brilantów
Inflect padalec | N;NOM(SG,MASC)	padalc
Inflect wëbrelë | V;PRF;3;PL	wëbrelë
Inflect registr | N;GEN(PL,MASC)	registrów
Inflect minystra | N;ACC(SG)	minystra
Inflect Niewybuch | N;NOM(PL)	czarownice
Inflect szafa | N;GEN(SG)	szafë
Inflect Sartawica | N;NOM(PL)	Sartawice
Inflect recepta | N;ACC(SG)	receptë
Inflect zrzeszenié | N;GEN(SG)	Zrzeszeniô
Inflect perłowi | ADJ;MASC;PRED;SG	perłowatégò
Inflect ekwiwaleńt | N;INST;PL	ekwiwaleńtama
Inflect zómk | N;NOM(SG)	zómk
Inflect zómk | N;GEN(SG)	zómkù
Inflect wentil | N;NOM(SG)	wentil
Inflect pùchacz | N;NOM(PL)	pùchacze
Inflect zbòże | N;GEN(PL)	zbòżów
Inflect drzéwiónko | N;INST;PL	drzéwiãtama
Inflect hańdlowi | ADJ;ACC(FEM,SG)	hańdlową
Inflect dùgòsc | N;F;GEN(SG)	dùgòscë
Inflect Lëteracczi | ADJ;GEN(FEM,SG)	Lëteracczi
Inflect Kónwencjô | N;F;GEN(SG)	Kónwencji
Inflect propaganda | N;DAT(SG)	propagandze
Inflect Néwa | N;ACC(SG)	Newadą
Inflect prorektorã | N;ACC(SG)	prorektorã
Inflect wespółczasno | ADV	wespółczasno
Inflect brzad | N;ACC(MASC,SG)	brzadu
Inflect pòsobnô | ADJ;NOM(NEUT,SG)	pòsobné
Inflect harmònijny | ADJ;ACC(FEM,SG)	harmònijné
Inflect Karël | N;GEN(MASC,PL)	Karlowych
Inflect szpital | N;M3;NOM(SG)	Hospital
Inflect skroda | N;GEN(PL)	skrodz
Inflect wiãkszość | N;GEN(SG)	wiãkszoscy
Inflect Mòkrë | ADJ;NOM(PL,MASC,INAN)	Mòkri
Inflect Mòkrë | ADJ;NOM;VOC(PL,MASC)	Mòkré
Inflect mur | N;GEN(PL)	murów
Inflect Ùstawodôwca | N;NOM(FEM,SG)	Ùstawodôwcza
Inflect rozwiać | V;IND;PST;NFIN	rozwiajało
Inflect przekaz | N;GEN(PL)	przekazów
Inflect dynastëja | N;FEM;LOC;SG	dynastëji
Inflect Eucharistia | N;ACC(SG,FEM)	Eucharistią
Inflect scelëna | V;NFIN	scëlac
Inflect Spôdkòwiznë | N;GEN(SG)	Spôdkòwiznë
Inflect stążka | N;NOM(SG)	stóżka
Inflect kilogram | N;GEN(SG,FEM)	kilograma
Inflect Rubinstein | N;NOM(SG)	Rubinstein
Inflect zorta | N;GEN(PL)	zortów
Inflect bagnach | N;LOC;PL	bagnach
Inflect sãdzëc | V;IMP;2;SG	sedzi
Inflect ògònk | N;GEN(PL)	ògònkow
Inflect galerija | N;LOC;PL	galerijach
Inflect westrzédny | ADJ;INS(MASC,SG)	westrzédnym
Inflect westrzédny | ADJ;DAT(MASC,PL)	westrzédnëch
Inflect brómka | N;NOM(SG)	brómka
Inflect brómka | N;ACC(SG,FEM)	brómkã
Inflect leżec | V;NFIN	leże
Inflect zwëk | N;LOC;PL	zwëkach
Inflect zwëk | N;INST;SG	zwëkiem
Inflect zwëk | N;GEN(PL)	zwëkow
Inflect zwëk | N;GEN(SG)	zwëku
Inflect zwëk | N;INST;SG	zwëkã
Inflect wspòmòc | V;INF	wspòmòc
Inflect gazela | N;NOM(SG)	Gazela
Inflect Piwa | N;GEN(FEM,SG)	Piwa
Inflect Gduńsk | ADJ;INS(MASC,SG)	Gduńsczim
Inflect Gduńsk | ADJ;GEN(MASC,SG)	Gduńsczégò
Inflect Gduńsk | N;NOM(MASC,SG)	Gduńsk
Inflect Gduńsk | N;GEN(SG,MASC)	Gduńska
Inflect Gduńsk | N;LOC;SG	Gduńsku
Inflect kanał | N;NOM(SG)	kanał
Inflect kanał | N;ACC(SG)	kanału
Inflect bitwac | N;GEN(SG)	bitwë
Inflect wòdny | ADJ;NOM(MASC,SG)	wòdni
Inflect wòdny | ADJ;NOM(MASC,SG)	wòdny
Inflect wòdny | ADJ;GEN(PL,MASC,ANIM)	wòdnëch
Inflect wòdny | ADJ;NOM(FEM,SG)	wòdnô
Inflect pomału | ADV	pomału
Inflect cwëk | N;NOM(SG)	cwëk
Inflect czôs | N;NOM(PL)	Czasy
Inflect Bërczk | N;DAT(PL)	Bërczk
Inflect przyjënk | V;NFIN	przëjąc
Inflect nawrócenié | N;NOM(SG)	Nawrócenié
Inflect Lëch | N;NOM(MASC,SG)	Lëchim
Inflect tidzeństwò | N;LOC;PL	tidzeniach
Inflect sowiecki | ADJ;GEN(MASC,PL)	sowiecczich
Inflect nôdgroda | N;GEN(FEM,SG)	nôdgród
Inflect Kòszëla | N;NOM(SG)	Kòszëla
Inflect zjestk | N;GEN(SG)	zjestkù
Inflect chléb | ADJ;INS(MASC,SG)	chlébòwim
Inflect elekcjô | N;NOM(SG)	elekcёjô
Inflect peperlek | N;GEN(PL)	peperlëszków
Inflect szpiek | N;NOM(SG)	szpiek
Inflect fónkcjô | N;ACC(SG)	fónkcjã
Inflect fónkcjô | N;GEN(PL)	fónkcjôw
Inflect robic | V;NF;PTCP;NFIN	robieniô
Inflect robic | V;PST;3;PL	robile
Inflect zarost | N;LOC;PL	zarostach
Inflect informacja | N;GEN(PL)	informacjów
Inflect przewòdzić | V;IMP;2;SG	przewòdze
Inflect diôbli | N;NOM(PL)	Diôbli
Inflect swinia | N;ACC(PL)	Swiny
Inflect robotnic | N;DAT(FEM,PL)	robotnic
Inflect Mòskwa | N;GEN(SG)	Mòskwë
Inflect blaszk | N;ACC(SG)	blaszkã
Inflect blaszk | N;GEN(FEM,PL)	blaszków
Inflect Dalkòwsczi | N;DAT(PL)	Dalkòwsczima
Inflect cesarz | N;GEN(SG)	cesarza
Inflect Mòkszón | N;GEN(PL)	Mòkszónów
Inflect państwòwy | ADJ;NOM(MASC,SG)	państwòwy
Inflect zdrëszëna | N;NOM(FEM,SG)	zdrëszëna
Inflect Cézanne | N;NOM(SG)	Cézanne
Inflect szlach | N;GEN(SG)	szlachu
Inflect artista | N;F;NOM(SG)	artista
Inflect sparłączënié | V;NFIN;VNN	sparłączënié
Inflect szérzawa | N;FEM;LOC;SG	szérzawë
Inflect żëcë | N;DAT(SG)	żëcy
Inflect rozegróny | ADJ;NOM(MASC,SG)	rozegróny
Inflect generalno | ADV	generalno
Inflect radiô | N;DAT(SG)	radiu
Inflect òkrągły | ADJ;NOM(MASC,SG)	òkrągły
Inflect rozyna | N;F;INS(PL)	rozynama
Inflect pòzwëc | V;INF	pòzwanié
Inflect pòpùlarny | ADJ;ACC(MASC,SG)	pòpùlarnégò
Inflect pòpùlarny | ADJ;NOM(FEM,SG)	pòpùlarnô
Inflect Dobieszowice | N;LOC;PL	Dobieszowicach
Inflect òptica | ADJ;GEN(PL)	òpticznëch
Inflect wipłiwac | V;3;SG;FUT	wipłiwô
Inflect Labùdda | N;F;NOM(SG)	Labùdda
Inflect centrum | N;NOM(SG,NEUT)	centrum
Inflect centrum | N;ACC(SG)	centróm
Inflect Pòbłocé | N;GEN(SG)	Pòbłocégò
Inflect antyłopa | N;GEN(PL,MASC)	antilopów
Inflect Wëstãpùjąc | V;NFIN;PRS;IMPF	Wëstãpùjąc
Inflect Kraina | N;NOM(SG)	Kraina
Inflect majątk | N;DAT(SG)	majątkù
Inflect Méstrów | N;GEN(PL)	Méstrów
Inflect Skòwrónk | N;NOM(SG)	Skòwrónk
Inflect pobożny | ADJ;NOM(PL,MASC)	pobożni
Inflect Dober | ADJ;NOM(MASC,SG)	Dober
Inflect statk | N;NOM(SG)	statk
Inflect statk | N;ACC(SG)	statkã
Inflect Anita | N;ACC(SG,FEM)	Anitę
Inflect miôstk | N;LOC;PL	miéwstwach
Inflect kwas | N;NOM(MASC,SG)	kwas
Inflect kategoria | N;GEN(SG)	kategorii
Inflect szwedzczi | ADJ;GEN(MASC,SG)	szwédzczégò
Inflect Krëk | N;NOM(PL)	Krëczczi
Inflect pamiãc | N;ACC(FEM,SG)	Pamiãc
Inflect pòchòdzenié | N;GEN(SG)	pòchodzeniô
Inflect pòchòdzenié | N;INS(SG)	pòchòdzenim
Inflect pòchòdzenié | N;NOM(SG)	pòchòdzenié
Inflect pòchòdzenié | N;INS(SG)	pòchòdzeniém
Inflect pòchòdzenié | N;GEN(SG)	pòchòdzeniô
Inflect ciepłi | ADJ;NOM(MASC,PL)	cepłi
Inflect ògromny | ADJ;NOM(FEM,SG)	ògromna
Inflect ògromny | ADJ;NOM(FEM,SG)	ògromné
Inflect akacja | N;DAT(FEM,SG)	akacje
Inflect DĄBÒWI | ADJ;NOM(PL,MASC)	Dãbòwé
Inflect ùprawa | N;GEN(PL)	ùpraw
Inflect rewòlucjô | N;NOM(SG)	rewòlucjô
Inflect azymùt | N;GEN(SG)	azymùtu
Inflect pewien | ADJ;MASC;PRED;SG	pewien
Inflect piéck | N;NOM(SG)	piéck
Inflect piéck | N;ACC(SG)	piéckã
Inflect katédra | N;F;ACC(SG)	katédrą
Inflect drzéwca | N;ACC(SG)	drziwca
Inflect Ceszac | V;IMP;NEG;2	Ceszã
Inflect kòlonia | N;LOC;PL	kòloniach
Inflect jinwesticëjó | N;GEN(PL)	jinwesticëjów
Inflect kategòriô | N;NOM(PL)	kategòrie
Inflect lëdowi | ADJ;NOM(MASC,SG)	lëdowi
Inflect lëdowi | ADJ;MASC;INST;PL	lëdowima
Inflect lëdowi | ADJ;NOM(FEM,SG)	lëdowé
Inflect lëdowi | ADJ;DAT(PL,MASC)	lëdowëch
Inflect swiãcenié | N;GEN(SG)	swiãcenia
Inflect rozszerzenie | N;NOM(SG)	rozszérzenié
Inflect płótno | N;DAT(SG)	płócienku
Inflect płótno | N;NOM(SG,NEUT)	płótno
Inflect pòmali | ADV	pòmalni
Inflect szlachòwny | ADJ;INS(SG,MASC)	szlachòwnym
Inflect Czechosłowacjô | N;NOM(SG,FEM)	Czechosłowacjô
Inflect Książka | N;NOM(PL)	Książki
Inflect Sobòrze | N;DAT(SG,MASC)	Sobòrze
Inflect personalny | ADJ;NOM(PL,MASC)	personalné
Inflect Pôchnąc | V;NFIN;PRF	Pôchnący
Inflect Rzim | N;MASC;SG;INE	Rzim
Inflect pióro | N;GEN(SG)	pióra
Inflect pióro | N;GEN(PL)	piórów
Inflect pióro | N;GEN(SG)	piôra
Inflect Płot | N;GEN(SG)	Płota
Inflect jednojizbòwi | ADJ;NOM(MASC,SG)	jednojizbòwi
Inflect spadnąć | V;FUT;PL;IMP	spadną
Inflect wiśnia | N;NOM(SG,FEM)	Wisznia
Inflect damp | N;GEN(PL,MASC)	damkùw
Inflect pismó | N;LOC;PL	pismach
Inflect chëcz | N;INS(PL)	chëczama
Inflect chëcz | N;NOM(PL)	chëcze
Inflect chëcz | N;GEN(SG)	chëczi
Inflect dôczëzna | N;ACC(SG)	dôczëznã
Inflect zapôdac | V;NFIN	zapôdac
Inflect Panteon | N;LOC;SG	Panteonie
Inflect krzebce | N;NOM(PL)	krzebce
Inflect sąd | N;GEN(SG)	sądu
Inflect sztudéra | N;GEN(PL)	sztudérów
Inflect Òkrãgłolëstny | ADJ;NOM(MASC,SG)	Òkrãgłolëstny
Inflect dzeczë | N;NOM(PL)	dzecy
Inflect grëbi | ADJ;NOM(MASC,SG)	grëbi
Inflect grëbi | ADJ;NOM(FEM,SG)	grëbô
Inflect grëbi | ADJ;ACC(FEM,SG)	grëbą
Inflect pióno | N;GEN(SG)	pnia
Inflect Pismiono | N;NOM(NEUT,SG)	Pismiono
Inflect zagrać | V;PRF;NFIN	zagrało
Inflect Wiédza | N;NOM(FEM,SG)	wiédza
Inflect Płotka | N;NOM(SG,FEM)	Płotka
Inflect Villô | N;ACC(SG)	Villą
Inflect biografia | N;NOM(PL)	biografie
Inflect Flatow | N;NOM(SG)	Flatow
Inflect sùńce | N;VOC(SG)	sùńca
Inflect Wielopartijnô | ADJ;NOM(FEM,SG)	Wielopartijnô
Inflect papiórka | N;F;NOM(SG)	papiórka
Inflect wszelczi | ADJ;MSC;GEN(SG)	wszelczégò
Inflect Loitz | N;GEN(PL)	Loitzów
Inflect Emanuel | N;NOM(SG)	Emanuel
Inflect przezeblôkańc | N;DAT(PL)	przezeblôkańcowie
Inflect Poręba | N;F;NOM(SG)	Poręba
Inflect regùlarny | ADJ;GEN(MASC,PL)	regùlarnëch
Inflect Pòmoro | N;NOM(SG,MASC)	Pòmrowie
Inflect telewizjô | N;NOM(PL)	telewizje
Inflect telewizjô | N;GEN(SG)	telewizji
Inflect telewizjô | N;NOM(SG)	telewizjô
Inflect telewizjô | N;ACC(SG)	telewizją
Inflect historycznô | ADJ;NOM(FEM,SG)	historycznô
Inflect bòkadny | ADJ;NOM(FEM,SG)	bòkadné
Inflect bòkadny | ADJ;GEN(MASC,SG)	bòkadnégò
Inflect bòkadny | ADJ;GEN(PL,FEM)	bòkadnëch
Inflect Institucy | N;GEN(SG)	Instituce
Inflect białogłowi | ADJ;GEN(MASC,PL)	białogłowsczéch
Inflect nôzwëskò | N;VOC(PL)	nôzwëska
Inflect nôzwëskò | N;NOM(NEUT,SG)	nôzwëskò
Inflect nôzwëskò | N;GEN(PL)	nôzwësków
Inflect staw | N;NOM(MASC,SG)	Staw
Inflect kùńcowi | ADJ;NOM(PL,MASC)	kùńcowé
Inflect rzôdkòsc | N;ACC(SG)	rzôdkòscą
Inflect Wëdac | V;PCP;PASS;NFIN	Wëdóno
Inflect małi | ADJ;GEN(MASC,PL)	małich
Inflect małi | ADJ;NOM(MASC,SG)	mały
Inflect Strzëkòwka | N;NOM(SG)	Strzikówka
Inflect stôwk | N;ACC(SG)	Stôwk
Inflect trójny | ADJ;NOM(PL,MASC)	trójné
Inflect Jezësk | N;GEN(MASC,SG)	Jezëska
Inflect kòmin | N;NOM(PL)	kòminë
Inflect procëmnik | N;ACC(SG)	procëmnika
Inflect procëmnik | N;M;NOM(SG)	procëmnikã
Inflect bulgarski | ADJ;ACC(FEM,SG)	bulgarską
Inflect lëscaty | ADJ;PSSV	lëscaté
Inflect dóńc | V;INF	dóńc
Inflect dłudżi | ADJ;NOM(MASC,SG)	dłëdżi
Inflect Hùcuł | N;NOM(PL)	Hùcułowie
Inflect Łësënowi | N;DAT(SG,MASC)	Łësënowi
Inflect Pismión | N;GEN(PL)	Pismión
Inflect Maratończik | N;ACC(SG)	Maratończikã
Inflect sercnica | N;NOM(FEM,SG)	sercnica
Inflect klapra | N;NOM(SG)	klapra
Inflect ùrobic | V;NFIN	ùrobieniô
Inflect kategoria | N;ACC(SG,FEM)	kategorią
Inflect luridus | ADJ;NOM(MASC,SG)	luridus
Inflect kolekcëja | N;LOC;PL	kolekcëjoch
Inflect biôłich | ADJ;GEN(MASC,PL)	biôłich
Inflect rãka | N;ACC(SG)	rãkã
Inflect rãka | N;GEN(FEM,PL)	rãków
Inflect bliza | ADJ;ACC(FEM,SG)	blizë
Inflect pòłnie | N;LOC;SG	pòłniowi
Inflect Primula | N;NOM(SG)	Primula
Inflect Chemia | N;NOM(SG)	Chemiô
Inflect słowacczi | ADJ;INS(MASC,SG)	słowacczim
Inflect nôbożny | ADJ;ACC(MASC,PL)	nôbòżnëch
Inflect chôłmińskô | ADJ;NOM(FEM,SG)	chôłmińskô
Inflect Ferber | N;GEN;NOM(PL,MASC)	Ferberów
Inflect distribùcëjô | N;GEN(SG)	distribùcëji
Inflect distribùcëjô | N;ACC(SG)	distribùcëjã
Inflect distribùcëjô | N;NOM(SG)	distribùcëjô
Inflect distribùcëjô | N;ACC(SG)	distribùcëją
Inflect jednota | N;NOM(SG)	jednota
Inflect jednota | N;VOC(SG)	jednote
Inflect jednota | N;ACC(SG)	jednotë
Inflect jednota | N;GEN(PL)	jednotów
Inflect Gabriél | N;NOM(SG)	Gabriél
Inflect nôukòwi | ADJ;NOM(FEM,SG)	naukowa
Inflect villa | N;NOM(SG)	Villa
Inflect nowy | ADJ;GEN(PL,MASC)	nowёch
Inflect państwo | N;GEN(PL)	państw
Inflect państwo | N;GEN(SG)	państwa
Inflect państwo | N;LOC;PL	państwach
Inflect państwo | N;LOC;SG	państwie
Inflect państwo | N;INS(SG)	państwã
Inflect masło | N;DAT(PL)	masóm
Inflect masło | N;GEN(SG)	masła
Inflect masło | N;NOM(SG,NEUT)	masło
Inflect Biôłorusjô | N;DAT(SG)	Biôłorusje
Inflect pòstrzédnë | ADJ;GEN(MASC,PL)	pòstrzédnëch
Inflect Jón | N;GEN(SG)	Jóna
Inflect styl | N;GEN(SG)	stilu
Inflect Chònice | N;NOM(PL)	Chònice
Inflect kôrtka | N;NOM(SG)	kôrtka
Inflect niebo | N;GEN(SG)	nieba
Inflect nabłonek | N;F;GEN(SG)	nabłonka
Inflect Pałac | N;NOM(SG)	Pałac
Inflect Kòrejańskô | ADJ;NOM(FEM,SG)	Kòrejańsczé
Inflect Kòrejańskô | ADJ;NOM(FEM,SG)	Kòrejańskô
Inflect òdmiana | N;NOM(FEM,SG)	òdmian
Inflect òdmiana | N;NOM(FEM,SG)	òdmiana
Inflect Strzëc | V;IMP;PLB;2	Strzeżcie
Inflect energia | N;NOM(SG)	energia
Inflect energia | N;DAT(SG)	energie
Inflect energia | N;GEN(SG)	energii
Inflect energia | N;ACC(SG,FEM)	energiã
Inflect materiał | N;NOM(PL)	materiałë
Inflect materiał | N;GEN(PL)	materiałów
Inflect wëbiérk | N;NOM(PL)	wëbiérczi
Inflect wëbiérk | N;GEN(SG)	wëbiérkù
Inflect drema | N;ACC(PL)	dramë
Inflect zwierzã | N;GEN(PL)	zwierzãt
Inflect zwierzã | N;NOM(PL)	zwierzãta
Inflect Apòsztoł | N;GEN(SG)	Apòsztoła
Inflect ksążkowi | ADJ;VOC(MASC,SG)	ksążkòwi
Inflect mòżnosc | N;GEN(SG)	mòżnoscë
Inflect czędnik | N;GEN(PL,MASC)	cządników
Inflect płôszcz | N;GEN(SG)	płôszcza
Inflect płôszcz | N;NOM(PL)	płôszcze
Inflect rozmajitą | ADJ;ACC(FEM,SG)	rozmajitą
Inflect nagrac | V;NFIN;PRF	nagrac
Inflect Wieżice | N;NOM(PL)	Wieżice
Inflect serb | N;NOM(MASC,SG)	serb
Inflect tego | ADV	Tegô
Inflect baz | N;F;NOM(SG)	baza
Inflect wiérzta | N;NOM(PL)	wiérztë
Inflect spódël | ADJ;ACC(MASC,SG)	spódlé
Inflect Spòdlé | ADV;DER	Spòdlé
Inflect dziób | N;ACC(MASC,SG)	dzób
Inflect Markt | N;NOM(SG)	Marktl
Inflect figùra | N;GEN(PL)	figùrów
Inflect figùra | N;ACC(SG)	figùrą
Inflect nadelë | N;NOM(FEM,SG)	nadelë
Inflect węgiel | N;GEN(SG)	węgla
Inflect Agroturistika | N;NOM(SG)	Agroturistika
Inflect Festus | N;GEN(SG)	Festusa
Inflect niskac | V;NFIN;INF	niskã
Inflect Twórczosć | N;GEN(SG)	Twórczości
Inflect pùrchawica | N;NOM(SG,FEM)	pùrchawica
Inflect rzôkùk | N;GEN(SG)	zôkònu
Inflect Òblubieńc | N;ACC(SG)	Òblubieńcã
Inflect Karta | N;ACC(SG)	Kôrtã
Inflect centimetr | N;GEN(PL)	centimétrów
Inflect stan | N;LOC;PL	stanach
Inflect chlebążebë | N;DAT(SG)	chlebażebë
Inflect rut | N;DAT(PL)	rutama
Inflect latanie | N;LOC;SG	lataniu
Inflect pùstelnik | N;GEN(SG)	pùstelnika
Inflect sanatoriùm | N;NOM(SG)	sanatoriùm
Inflect stôrosłowiański | ADJ;GEN(MASC,SG)	stôrosłowiańsczégò
Inflect aparat | N;NOM(SG)	aparat
Inflect fòtografija | N;INS(SG)	fòtografią
Inflect Antykwium | N;ACC(SG)	Antiquum
Inflect archidiecezja | N;GEN(SG)	archidiecezji
Inflect Żarnówc | N;VOC(SG)	Żarnówcu
Inflect rekrutacja | N;NOM(SG)	rekrutacja
Inflect Filmòwców | N;GEN(PL)	Filmòwców
Inflect pòsła | N;GEN(PL)	pòsłów
Inflect kòmùnisticzny | ADJ;GEN(MASC,PL)	kòmùnisticznëch
Inflect kòmùnisticzny | ADJ;NOM(FEM,SG)	kòmùnisticznô
Inflect Imie | N;NOM(SG,NEUT)	Jimiã
Inflect pùdełkò | N;NOM(SG,NEUT)	pùdełkò
Inflect sówny | ADJ;NOM(MASC,SG)	Séwny
Inflect spôd | N;MASC;SG	spôdac
Inflect darzëc | V;IMP;PFV;PL2	darë
Inflect Leszczëna | N;NOM(SG)	Leszczëna
Inflect jednako | ADV	jednako
Inflect złotë | N;DAT(SG)	Złoti
Inflect strarenié | N;DAT(PL)	staranióm
Inflect wëmôva | N;LOC;SG	wëmòwie
Inflect Celinô | N;ACC(SG,FEM)	Celiną
Inflect diagnose | N;NOM(PL)	diasystemy
Inflect niezabôtka | N;NOM(SG)	niezabôtka
Inflect piekarz | N;DAT(PL)	piekarzóm
Inflect Pùchôcz | N;NOM(PL)	Pùchôcze
Inflect cknąc | V;INF	cknąc
Inflect redunice | N;FEM;PL	redunice
Inflect skùtk | N;ACC(SG,FEM)	skùtkã
Inflect Ùstôw | N;NOM(SG)	Ùstôw
Inflect Piãcoksãgù | N;GEN(SG)	Piãcoksãgù
Inflect Złocéńc | N;NOM(MASC,SG)	Złocéńc
Inflect Temza | N;NOM(FEM,SG)	Temza
Inflect rosnik | N;NOM(MASC,SG)	rosnik
Inflect mòc | V;FIN;1;PL	mòżemë
Inflect namnażać | V;NFIN	namnażac
Inflect gaz | N;GEN(SG)	gazu
Inflect Rządu | N;GEN(SG)	Rządu
Inflect Pierszô | ADJ;NOM(FEM,SG)	Pierszô
Inflect wzornictwo | N;LOC;SG;NEUT	wzornictwie
Inflect kwiecień | N;NOM(SG)	kwieceń
Inflect kwiecień | N;GEN(SG)	kwietnia
Inflect òbrzãd | N;NOM(PL)	òbrzãdë
Inflect sosnowsczi | ADJ;NOM(MASC,PL)	sosnowskyi
Inflect klasykòwi | N;DAT(FEM,SG)	klasykòwe
Inflect szlabizơwi | ADJ;ACC(FEM,SG)	szlabizowe
Inflect wiatrznia | ADJ;NOM(MASC,PL)	wietrzni
Inflect odznaczeńce | N;INST;PL	odznaczeniama
Inflect Chełmskô | ADJ;ACC(FEM,SG)	Chełmską
Inflect Ramzeza | N;ACC(SG)	Ramzes
Inflect zarëchòwac | V;INF	zarëchòwac
Inflect Héwelt | N;M;NOM(SG)	Héwelt
Inflect archeòlog | N;GEN(PL,MASC)	archeòlogów
Inflect wstanie | N;LOC;SG	wstaniu
Inflect wòlë | V;IMP;SG;2	wòli
Inflect krokòdilowati | ADJ;M;GEN(PL)	krokòdilowatëch
Inflect całë | ADJ;NOM(MASC,SG)	całi
Inflect krótłi | ADJ;NOM(MASC,SG)	Krótkò
Inflect Bibliotéka | N;NOM(SG)	Bibliotéka
Inflect wariacja | N;GEN(PL)	wariacjów
Inflect piesni | N;DAT(SG)	piesnie
Inflect kategorëja | N;ALL(FEM,PL)	kategorëji
Inflect szëka | V;PRS;3;SG	szëkã
Inflect dôrenk | N;NOM(PL)	dôrenczi
Inflect dzyrzgòsc | N;GEN(FEM,SG)	dzyrzkòscë
Inflect chëtka | N;GEN(PL)	chùtkò
Inflect wielerazowy | ADJ;NOM(SG,NEUT)	wielerazowò
Inflect Szczecin | N;LOC;SG	Szczecinie
Inflect Armeńskô | ADJ;GEN(MASC,SG)	Armeńsczégò
Inflect miód | N;GEN(SG)	miodu
Inflect miód | N;ACC(SG)	miodã
Inflect miód | N;GEN(SG,MASC)	miodë
Inflect òkno | N;GEN(SG)	ònóka
Inflect rëdówka | N;F;NOM(SG)	rëdówka
Inflect rodzëznô | N;DAT(SG)	rodzëżnë
Inflect chòrobò | N;VOC(PL)	chòrobë
Inflect lëchi | ADJ;GEN(MASC,SG)	lëchszégò
Inflect òchróna | N;GEN(SG)	òchrónë
Inflect òchróna | N;ACC(SG)	òchróną
Inflect nosëc | V;INF	nosëc
Inflect nosëc | V;PST;3;PL	nosёle
Inflect redota | V;NFIN	redotë
Inflect Wiôlgòlëstny | ADJ;NOM(SG,MASC)	Wiôlgòlëstny
Inflect król | N;NOM(SG)	King
Inflect pòdlecec | V;IMP;PF;NFIN	pòdlecy
Inflect dzëk | N;F;NOM(SG)	dzëkò
Inflect dzëk | ADJ;NOM(FEM,SG)	dzëkô
Inflect piestrzenia | N;GEN(FEM,SG)	piestrzenia
Inflect krok | N;NOM(PL)	kroczi
Inflect wësokòsc | N;NOM(SG)	wësokòsc
Inflect wësokòsc | N;LOC;PL	wësokòscach
Inflect wësokòsc | N;GEN(SG)	wësokòscë
Inflect Tigòdnik | N;NOM(SG)	Tigòdnik
Inflect zgniłozwiérz | N;NOM(SG)	zgniłozwiérz
Inflect zdół | N;ACC(SG)	zdôł
Inflect żëcé | N;NOM(SG)	żëcé
Inflect żëcé | N;GEN(SG)	żëcégò
Inflect żëcé | N;INS(SG)	żëcém
Inflect nëka | N;ACC(SG)	nëkã
Inflect liberalny | ADJ;ACC(FEM,SG)	liberalné
Inflect òrac | V;NFIN	òraniu
Inflect Nôwëższim | ADJ;MASC;PSSV;SG	Nôwëższim
Inflect prôwdzewò | ADJ;ACC(FEM,SG)	prôwdzëwą
Inflect rédża | N;ACC(SG)	rédźi
Inflect Aùto | N;NOM(SG)	Aùto
Inflect lôtac | V;PRS;3;SG	lôtac
Inflect Madżarz | N;NOM(PL)	Madżarzë
Inflect farwnik | N;GEN(PL)	farwników
Inflect Artëleriô | N;NOM(SG)	Artëleriô
Inflect festiwal | N;LOC;PL	festiwalach
Inflect Żukòwa | N;F;NOM(SG)	Żukòwa
Inflect spòwiédz | N;SG	spòwiédz
Inflect cãżkò | ADV	cãżkò
Inflect kòfer | N;LOC;PL	kòfrach
Inflect kòfer | N;NOM(PL)	kòfrë
Inflect róznë | ADJ;ACC(MASC,PL)	rózné
Inflect nazôd | ADV	nazôd
Inflect kòlegium | N;NOM(SG,NEUT)	kòlegium
Inflect darga | N;ACC(SG,FEM)	dargã
Inflect cepłota | N;NOM(SG)	cepłota
Inflect cepłota | N;ACC(SG)	cepłotã
Inflect cepłota | N;GEN(FEM,SG)	cepłotë
Inflect klasyfikòwac | V;INF	klasyfikòwac
Inflect Wiło | N;NOM(SG,FEM)	Wiła
Inflect jizba | N;NOM(SG,FEM)	jizba
Inflect jizba | N;LOC;SG	jizbie
Inflect jizba | N;GEN(SG)	jizbë
Inflect jizba | N;GEN(PL)	jizbów
Inflect Kaszubski | ADJ;GEN(MASC,SG)	Kaszubskiego
Inflect parta | N;ACC(SG)	partã
Inflect zómk | N;NOM(SG,MASC)	Zamek
Inflect taksonomia | N;GEN(SG)	taksonomii
Inflect Modlitewnik | N;NOM(SG)	Modlitewnik
Inflect aktualny | ADJ;NOM(MASC,SG)	aktualny
Inflect Nôtërë | N;NOM(FEM,SG)	Nôtërë
Inflect dwùjãzëczny | ADJ;NOM(MASC,SG)	dwùjãzëczny
Inflect znôwa | N;GEN(SG)	znôwù
Inflect òkragłi | ADJ;GEN(MASC,SG)	òkrãgłégò
Inflect dopisać | V;NFIN	dopisëją
Inflect czérënk | N;NOM(SG)	czérënk
Inflect Błoto | N;NOM(SG,NEUT)	Błoto
Inflect ògród | N;NOM(SG)	Ògród
Inflect méblowac | V;IND;SG;3	mébla
Inflect cherubin | N;GEN(PL,MASC)	cherubinów
Inflect stalë | N;DAT(SG)	stali
Inflect lëscëna | N;NOM(FEM,SG)	lëscëna
Inflect mòdelka | N;NOM(FEM,SG)	mòdelka
Inflect religja | N;LOC;PL	religiach
Inflect farbistosc | N;FEM;SG	farbistoscë
Inflect reprezentacja | N;GEN(SG)	reprezentacji
Inflect plac | N;GEN(SG)	placu
Inflect różek | N;ACC(SG)	różek
Inflect Poètka | N;GEN(FEM,PL)	Poets
Inflect Rãkawiczka | N;NOM(PL)	Rãkawiczczi
Inflect jakùbowi | ADJ;NOM(MASC,PL)	jakùbòwé
Inflect ekònomija | N;NOM(SG)	ekònomija
Inflect Swiãtô | ADJ;NOM(FEM,SG)	Swiãtô
Inflect lëczba | N;DAT(SG,FEM)	lëczbie
Inflect lëczba | N;GEN(SG)	lëczbë
Inflect lëczba | N;SG;INST	lëczbą
Inflect Młinarskji | ADJ;VOC(MASC,SG)	Młinarsczi
Inflect kòstrzewa | N;NOM(SG)	kòstrzewa
Inflect zaczãtk | N;GEN(SG)	zaczãtkù
Inflect Zelënca | N;NOM(FEM,PL)	Zelińtë
Inflect wлезц | V;INF	wlesc
Inflect emigracja | N;ACC(FEM,SG)	emigracje
Inflect komin | N;LOC;PL	kòminach
Inflect kòpónka | N;NOM(FEM,PL)	kòpónczi
Inflect Religijo | N;NOM(SG)	Religion
Inflect pòdwòdnë | ADJ;GEN(MASC,PL)	pòdwòdnëch
Inflect prostokątny | ADJ;NOM(MASC,SG)	prostokątny
Inflect Grec | N;NAT;NOM(PL,MASC)	Grecë
Inflect kradnãc | V;NFIN	dereje
Inflect krew | N;NOM(SG)	krew
Inflect przëbùdzenié | N;NEUT;SG	przëbùdzenié
Inflect biédny | ADJ;GEN(MASC,PL)	biédnëch
Inflect topnienié | N;GEN(SG)	topnieniô
Inflect czôpka | N;VOC(SG)	czôpce
Inflect czôpka | N;NOM(SG,FEM)	czôpka
Inflect kòminôrz | N;NOM(MASC,SG)	kòminôrz
Inflect kòminôrz | N;GEN(SG)	kòminôrza
Inflect amerikańsczi | ADJ;INS(MASC,SG)	amerikańsczim
Inflect welowac | V;INF	welowac
Inflect zwãk | N;NOM(PL)	infrazwãczi
Inflect Niesmiertelnik | N;NOM(MASC,SG)	Niesmiertelnik
Inflect wespólny | ADJ;NOM(NEUT,SG)	wespólne
Inflect Scabiosa | N;NOM(SG)	Scabiosa
Inflect narodzeni | N;INST;SG	narodzenim
Inflect Etniczny | ADJ;GEN(MASC,PL)	Etnicznëch
Inflect fòrma | N;ACC(SG)	fòrmą
Inflect Trzeci | ADJ;NOM(MASC,SG)	Trzeci
Inflect òbrot | N;ACC(SG)	òbrotã
Inflect òkò | N;VOC(PL)	òczë
Inflect òkò | N;GEN(PL)	òczów
Inflect wënka | V;NFIN	wënëkónô
Inflect sekunda | N;GEN(PL)	sekùndów
Inflect eskimoszczi | ADJ;PL	eskimosczé
Inflect stołowi | ADJ;GEN(MASC,SG)	Stołowégò
Inflect grzëmot | N;GEN(SG)	grzëmòtu
Inflect plata | N;VOC(SG)	platë
Inflect dzysdzëna | N;GEN(SG)	dzysdnia
Inflect rëcerz | N;NOM(PL)	ricérzé
Inflect sklep | N;LOC;SG	sklepie
Inflect przeszłośc | N;GEN(SG)	przeszłoscë
Inflect Chrzanów | N;NOM(SG)	Chrzanów
Inflect technika | N;DAT(SG)	technice
Inflect lëchtôrz | N;NOM(SG)	lëchtôrz
Inflect lëchtôrz | N;NOM(PL)	lëchtôrze
Inflect Serby | N;GEN(PL)	Serbów
Inflect przëzjôdka | N;F;INS(PL)	przëzjôdkama
Inflect pòtencjalny | ADJ;GEN(PL,MASC)	pòtencjalnëch
Inflect rozłam | N;LOC;SG	rozłamie
Inflect Ùdbòdôwca | N;INS(SG)	Ùdbòdôwcą
Inflect nôdługò | ADV;SUP	nôdłëżi
Inflect klima | N;LOC;SG	klimace
Inflect szëja | N;ACC(SG)	szëjã
Inflect zôgónk | N;LOC;PL	zôgónkach
Inflect Sztudér | N;GEN(PL)	Sztudérów
Inflect łapanô | V;CVB;PFV	łapanô
Inflect czwiôrti | ADJ;MASC;PSSV;SG	czwiôrti
Inflect Wierzbica | N;GEN(SG)	Wierzbiccë
Inflect braca | N;ACC(SG)	bracynã
Inflect zagadnienie | N;NOM(PL)	zagadnienia
Inflect delegacja | N;GEN(PL)	delegacjów
Inflect Praga | N;NOM(FEM,SG)	Praga
Inflect zelonawi | ADJ;ACC(FEM,PL)	zelonawé
Inflect wiérzchùje | V;3;SG;PRES	wiérzchùje
Inflect gduńskô | ADJ;VOC(MASC,SG)	gduńsczi
Inflect Traktat | N;NOM(SG)	Traktat
Inflect Traktat | N;GEN(SG)	Traktatu
Inflect mòwa | N;LOC;SG	mòwie
Inflect dorôstać | V;3;PL;PRS	dorôstają
Inflect notacja | N;GEN(FEM,SG)	notacji
Inflect swoi | ADJ;GEN(MASC,PL)	swojich
Inflect fragmeńc | N;DAT(SG,FEM)	fragmeńce
Inflect napisóny | ADJ;INS(MASC,SG)	napisónym
Inflect Wëcyganié | V;NFIN;GER	Wëcyganié
Inflect przedôwk | N;GEN(SG)	przedôwkù
Inflect òcean | N;NOM(PL)	òceanë
Inflect pòdchodzëc | V;3;PL;PRS	pòdchôdzą
Inflect Ministerstwo | N;NOM(SG,NEUT)	Ministerstwo
Inflect balticus | N;NOM(MASC,SG)	balticus
Inflect wôżny | ADJ;NOM(MASC,SG)	wôżny
Inflect jinstrument | N;GEN(SG)	jinstrumentu
Inflect jinstrument | N;ACC(SG)	jinstrumentã
Inflect jinstrument | N;GEN(PL)	jinstrumentów
Inflect rëterk | N;ACC(SG)	ruter
Inflect ułożëny | ADJ;ACC(MASC,SG)	ułożonégò
Inflect Ksãżëc | N;NOM(SG)	Ksãżé
Inflect Ksãżëc | N;NOM(MASC,SG)	Ksãżëc
Inflect Ksãżëc | N;ACC(SG)	Ksãżëca
Inflect lecënk | N;GEN(SG)	lecënkù
Inflect Niżawa | N	Niżawa
Inflect Niżawa | N;GEN(SG)	Niżawë
Inflect pradolëzna | N;F;DAT(SG)	pradolëznòm
Inflect Whiskey | N;NOM(SG)	Whiskey
Inflect jezoro | N;NOM(SG,FEM)	jezora
Inflect jezoro | N;LOC;PL	jezorach
Inflect biôtka | N;LOC;SG	biôtce
Inflect biôtka | N;GEN(SG)	biôtczi
Inflect biôtka | N;GEN(PL)	biôtkach
Inflect biôtka | N;GEN(PL)	biôtków
Inflect rosce | V;PRS;3;SG	Rosce
Inflect Białka | N;NOM(FEM,SG)	Białka
Inflect Białka | N;F;ACC(SG)	Białką
Inflect Turmalin | N;NOM(SG)	Turmalin
Inflect nawôłnica | N;LOC;SG	nawôłnicë
Inflect mandibula | N;F;NOM(SG)	mandibula
Inflect wiérztama | N;INS(PL)	wiérztama
Inflect jezoro | N;GEN(SG)	Jezora
Inflect mòżlëwòsc | N;GEN(PL)	mòżlëwosców
Inflect òpôdëc | V;NFIN	òpôdô
Inflect Pòst | N;NOM(SG)	Pòst
Inflect pòkazac | V;INF	pòkazac
Inflect pòkazac | V;IMP;PLB;NDF	pòkazë
Inflect kòmpatibilny | ADJ;GEN(MASC,PL)	kòmpatibilnëch
Inflect industrijô | N;NOM(SG)	industrëjô
Inflect Afganistan | N;LOC;SG	Afganistanie
Inflect stado | N;NOM(SG,NEUT)	stado
Inflect Grómadzëna | N;NOM(SG)	Gròmadzënò
Inflect òficjalny | ADJ;NOM(FEM,SG)	òficjalno
Inflect òficjalny | ADJ;MASC;SG;LOC	òficjalnym
Inflect òficjalny | ADJ;NOM(PL,MASC)	òficjalné
Inflect strefa | N;NOM(SG,FEM)	strefa
Inflect strefa | N;LOC;SG;F	strefie
Inflect drëdżi | ADJ;GEN(MASC,SG)	drëdżiégò
Inflect opisanié | N;NOM(SG)	opisanié
Inflect pùrchel | N;GEN(PL)	pùrclów
Inflect papia | N;GEN(SG)	papiéża
Inflect Ablacëjô | N;NOM(SG,FEM)	Ablacëjô
Inflect Krëjamnô | ADJ;GEN(FEM,SG)	Krëjamnej
Inflect Krëjamnô | ADJ;NOM(FEM,SG)	Krëjamnô
Inflect materiałô | N;INS(SG)	materiałã
Inflect snôżi | ADJ;NOM(MASC,SG)	snôżi
Inflect wroga | N;GEN(SG)	wrogò
Inflect prowincëjô | N;ACC(SG)	prowincëjé
Inflect prowincëjô | N;GEN(PL)	prowincëjów
Inflect prowincëjô | N;NOM(SG)	prowincëjô
Inflect prowincëjô | N;ACC(SG)	prowincëją
Inflect Padalc | N;NOM(PL)	Padalce
Inflect Pòzwa | N;NOM(SG)	Pòzwa
Inflect bëtnosc | N;NOM(FEM,SG)	bëtnosc
Inflect Saks | N;GEN(PL)	Saksów
Inflect acetosa | N;NOM(SG,FEM)	acetosa
Inflect przeżëc | V;INF	przeżëc
Inflect proces | N;GEN(SG)	procesu
Inflect proces | N;GEN(PL)	procesów
Inflect Mocny | ADJ;NOM(MASC,SG)	mocny
Inflect stadium | N;NOM(SG)	stadium
Inflect kąterowaty | ADJ;DAT(MASC,PL)	kąterowatëch
Inflect Jaskùlka | N;NOM(SG,FEM)	Jaskùlc
Inflect kłoska | N;NOM(PL)	kłoski
Inflect sobór | N;GEN(PL)	sobòrów
Inflect mùchówka | N;NOM(PL)	mùchówków
Inflect Plaškac | V;FIN;3;SG	Plaskati
Inflect blok | N;NOM(SG)	blok
Inflect blok | N;ACC(SG)	blokã
Inflect Leccinum | N;NOM(SG,NEUT)	Leccinum
Inflect Kaszubsko-pomorski | ADJ;GEN(MASC,SG)	KaszubskoPomorskiego
Inflect filozofijô | N;NOM(SG)	filozofijô
Inflect kòżdi | ADJ;ACC(MASC,SG)	każdégò
Inflect mistrzostwo | N;NOM(PL)	mistrzostwa
Inflect wespółrobòta | N;GEN(SG)	wespółrobòcë
Inflect wespółrobòta | N;ACC(SG)	wespółrobòtã
Inflect wespółrobòta | N;GEN(SG)	wespółrobòtë
Inflect miodownik | N;NOM(SG)	miodownik
Inflect Persczi | ADJ;NOM(MASC,PL)	Persczi
Inflect wëgòda | N;GEN(SG)	wëgòdë
Inflect Serwal | ADJ;NOM(MASC,SG)	Serwal
Inflect Jadowiti | ADJ;NOM(MASC,PL)	Jadowiti
Inflect czãsc | N;FEM;LOC;SG	czãsce
Inflect Kaszuby | N;NOM(PL)	Kaszuby
Inflect federacjô | N;SG;INST	federacją
Inflect ijékawskô | ADJ;GEN(MASC,SG)	ijekawsczégò
Inflect swiãcenie | N;GEN(PL)	swiãceniów
Inflect różnica | N;GEN(FEM,SG)	różnicë
Inflect rezydencjô | N;DAT(SG)	rezydencjë
Inflect warzëc | V;IMP;2;SG	warzë
Inflect warzëc | V;PST;3;PL	warzëlë
Inflect Kanada | N;NOM(PL)	Kanadze
Inflect Kanada | N;LOC;SG	Kanadzie
Inflect Kanada | N;ACC(FEM,SG)	Kanadë
Inflect wprzód | ADV	wprzód
Inflect bawie | V;PST;VOC(MASC,SG)	bawił
Inflect bezka | N;GEN(SG)	beczczi
Inflect óbzérac | V;INF	óbzéranié
Inflect òkrãżé | N;LOC;SG	òkrãżém
Inflect przemiana | N;NOM(FEM,SG)	przemiana
Inflect przemiana | N;ACC(SG)	przemianã
Inflect przemiana | N;GEN(PL)	przemianów
Inflect Japón | N;GEN(PL)	Japònów
Inflect zemòwc | ADJ;NOM(FEM,SG)	zemòwiska
Inflect elektrownia | N;DAT(SG)	elektrowniô
Inflect Jigra | N;F;NOM(PL)	Jigrë
Inflect biôłi | ADJ;NOM(PL,MASC)	biôłé
Inflect biôłi | ADJ;GEN(MASC,PL)	biôłëch
Inflect Kòwôlczi | N;DMR;NOM(PL)	Kòwôlczi
Inflect prowôdnik | N;INS(SG,MASC)	prowôdnikã
Inflect czerwionô | ADJ;NOM(FEM,SG)	czerwionô
Inflect jinstrument | N;ACC(MASC,SG)	jinstrumenta
Inflect jinstrument | N;LOC;PL	jinstrumentach
Inflect Préklowatô | ADJ;NOM(FEM,SG)	Préklowatô
Inflect Bòsniô | N;NOM(SG)	Bòsniô
Inflect pielgrzym | N;GEN(PL,MASC)	pielgrzymów
Inflect ślëba | N;GEN(SG)	slëbù
Inflect grãdz | N;ACC(MASC,SG)	grëdzéń
Inflect robòta | N;ACC(SG)	robòt
Inflect robòta | N;NOM(SG)	robòta
Inflect robòta | N;LOC;PL	robòtach
Inflect robòta | N;DAT(PL)	robòtama
Inflect mit | N;GEN(PL)	mitów
Inflect chléw | N;M3;NOM(SG)	chléw
Inflect wiôlgô | ADJ;NOM(FEM,SG)	wiôlgô
Inflect wikszosc | N;GEN(SG)	wikszoscë
Inflect zadanie | N;GEN(SG)	zadania
Inflect ògrańczënk | N;INST;SG	ògrańczenim
Inflect Global | ADJ;NOM(SG,MASC)	Global
Inflect maraton | N;ACC(MASC,SG)	maraton
Inflect litewka | N;NOM(FEM,SG)	litewka
Inflect rosnąc | V;NFIN	roscą
Inflect òkrąg | N;GEN(SG)	òkrãgù
Inflect katowicze | N;NOM(PL)	katowicczi
Inflect pòwrócenim | N;INS(SG)	pòwrócenim
Inflect parafia | N;NOM(SG)	parafia
Inflect parafia | N;LOC;PL	parafiach
Inflect mùzeum | N;DAT(SG)	mùzeùmù
Inflect christianiznô | N;ACC(FEM,SG)	christianiznë
Inflect dôwny | ADV	dôwni
Inflect sztiwny | ADJ;ACC(FEM,SG)	sztiwné
Inflect Scrofularia | N;NOM(SG)	Scrofularia
Inflect Senat | N;NOM(SG)	Senat
Inflect bòleść | N;FEM;LOC;SG	bòlescë
Inflect takt | N;ACC(MASC,SG)	takt
Inflect Słowiniec | N;GEN(PL)	Słowińców
Inflect Politiczi | N;NOM(PL)	Politiczi
Inflect rëchô | ADJ;NOM(FEM,SG)	rëchô
Inflect kùwerta | N;LOC;PL	kùwertach
Inflect gôdać | V;3;SG;FUT	gôdëszem
Inflect gôdać | V;IMP;2;SG	gôdôj
Inflect gôdać | V;3;PL;IND	gôdôja
Inflect spiczasti | ADJ;ACC(SG,NEUT)	spiczasto
Inflect Zdrzódło | N;NOM(PL)	Zdrzódła
Inflect Piłkôrz | N;NOM(SG)	Piłkôrz
Inflect ekonomista | N;M1;NOM(SG)	ekonomista
Inflect strëna | N;ACC(SG)	strënã
Inflect strëna | N;NOM(FEM,PL)	strënë
Inflect wirtualny | ADJ;NFM;INS(PL)	wirtualnyma
Inflect baza | N;GEN(SG)	bazë
Inflect rozsądzenié | N;ACC(SG)	rozsądzenié
Inflect Niewiela | ADV	Niewiele
Inflect słùżëc | V;IND;SG;3	służi
Inflect złoti | ADJ;NOM(MASC,SG)	złoty
Inflect pòkrëtnë | ADJ;GEN(MASC,SG)	pòkrëtnégò
Inflect scenarzysta | N;NOM(SG)	scenarzista
Inflect rgac | V;FIN;3;SG	régą
Inflect Góra | N;GEN(SG)	Górowi
Inflect cknienié | N;NOM(SG,NEUT)	cknienié
Inflect pòstacjô | N;DAT(PL)	pòstacjama
Inflect mòwa | N;ACC(SG)	mowę
Inflect atribùt | N;NOM(SG)	atribùt
Inflect dokumeńt | N;GEN(PL)	dokumeńtów
Inflect Kòwôl | N;NOM(MASC,SG)	Kòwôl
Inflect nieòczekiwóny | ADJ;NOM(FEM,SG)	nieòczekiwóna
Inflect chrzescëjón | N;GEN(PL)	chrzescëjónów
Inflect prkusny | ADJ;ACC(FEM,SG)	perkùsyjną
Inflect Mierëszënie | N;NOM(NEUT,SG)	Mierëszënie
Inflect Wafelnicë | N;FEM;SG	Wafelnica
Inflect paść | V;PRS;3;SG	pasa
Inflect bòg | N;NOM(PL)	bògòwie
Inflect słunôszek | N;GEN(PL)	słunôszka
Inflect Cromer | N;NOM(MASC,SG)	Cromerus
Inflect rozmajitosć | N;FEM;SG	rozmajitosc
Inflect wóz | N;GEN(PL)	wòzów
Inflect reszta | N;F;NOM(SG)	Reszta
Inflect Linneùsz | N;NOM(SG,MASC)	Linneùsz
Inflect strawa | N;ACC(SG)	strawã
Inflect lądowëch | ADJ;DAT(MASC,PL)	lądowëch
Inflect chrzest | N;M3;NOM(SG)	chrzest
Inflect szczecowaty | ADJ;GEN(PL)	szczecowatëch
Inflect lokalny | ADJ;NOM(MASC,SG)	lokalny
Inflect dzecyństwo | N;LOC;SG	dzecyństwie
Inflect autonomiczny | ADJ;ACC(FEM,PL)	autonomiczné
Inflect fùlm | N;ACC(SG)	filmù
Inflect pomòcny | ADJ;INS(SG,MASC)	pòmòcnym
Inflect zupa | N;GEN(SG)	zupë
Inflect chwôłba | N;ACC(SG)	chwȏlbą
Inflect řezba | N;FEM;SG;LOC	rzezbie
Inflect tipiczny | ADJ;INS(MASC,SG)	tipicznym
Inflect piłka | N;ACC(SG)	piłkã
Inflect łosos | N;NOM(SG)	Łosos
Inflect rzãsnic | N;NOM(SG)	rzãsnica
Inflect Uranus | N;GEN(SG,MASC)	Uranosa
Inflect wicë | N;GEN(FEM,SG)	wicë
Inflect tacënk | N;GEN(SG)	tacënkù
Inflect pòrãba | N;GEN(PL)	pòrãbach
Inflect zégark | N;NOM(SG)	zégark
Inflect roska | N;ACC(SG)	roscën
Inflect Klészczë | N;DAT(PL)	Klészcze
Inflect nôleżec | V;PSL;3;SG	nôleżi
Inflect irańsczi | ADJ;GEN(MASC,PL)	irańsczich
Inflect Szmerzejce | V;NFIN;IND	Szemrejce
Inflect Stereotyp | N;NOM(SG)	Stereotyp
Inflect nowi | ADJ;ACC(MASC,PL)	nowich
Inflect Kòralowa | N;ACC(FEM,SG)	Kòralową
Inflect żëba | N;MASC;INST;PL	żëbë
Inflect żëba | N;GEN(PL)	żëbës
Inflect replika | N;NOM(SG)	replika
Inflect sztrôfny | ADJ;NOM(MASC,SG)	sztrôfny
Inflect wschòdnonordowi | ADJ;NOM(MASC,SG)	wschòdnonordowi
Inflect lësta | N;ACC(SG)	lëstã
Inflect lësta | N;GEN(PL)	lëstów
Inflect Gwiôzdka | N;NOM(SG)	Gwiôzdka
Inflect zabôwka | N;NOM(PL)	zabôwczi
Inflect òriech | ADJ;GEN(PL,NHUM)	òrechconëch
Inflect gatunek | N;GEN(PL)	Gatunków
Inflect wspólny | ADJ;INS(MASC,SG)	wspólnym
Inflect Scyrz | N;ACC(PL)	Scyrz
Inflect Medalia | N;ACC(SG)	Medaliã
Inflect òbjawiac | V;PRS;3;SG	òbjôwiô
Inflect snôza | ADJ;NOM(FEM,SG)	snôzô
Inflect pòlicjô | N;DAT(SG)	pòlicje
Inflect zagadka | N;GEN(SG)	zagadki
Inflect cegła | N;DAT(FEM,SG)	cegłë
Inflect cegła | N;GEN(PL)	cegłów
Inflect pòmôgac | V;INF	pòmôgac
Inflect môłi | ADJ;VOC(MASC,SG)	môłe
Inflect môłi | ADJ;NOM(MASC,SG)	môłi
Inflect môłi | ADJ;INS(MASC,SG)	môłim
Inflect ksãżstwo | N;GEN(SG)	ksãżstwa
Inflect równo | ADV	równio
Inflect òbùdzëc | V;INF	òbùdzëc
Inflect Gòdë | N;GEN(PL)	Gòdów
Inflect tekst | N;GEN(SG)	tëkstu
Inflect wòdrôkòwatëch | ADJ;GEN(PL,MASC)	wòdrôkòwatëch
Inflect joannycczi | ADJ;GEN(MASC,SG)	joannicczégò
Inflect jezór | N;DAT(PL)	jezorama
Inflect wiedzëc | V;INF	wiedzëc
Inflect Pchła | N;NOM(FEM,SG)	Pchła
Inflect Pchła | N;F;GEN(SG)	Pchłë
Inflect Bùczënka | N;NOM(FEM,SG)	Bùczënka
Inflect nôstãpniczk | N;DAT(FEM,SG)	nôstãpczënią
Inflect pòdzélic | V;NFIN	pòdzélëc
Inflect słowò | N;GEN(SG)	słowa
Inflect òwies | N;NOM(SG)	òwies
Inflect sëszëc | V;INF	sëszëc
Inflect Przemisław | N;INS(SG)	Przemisławã
Inflect diecezëjô | N;NOM(SG)	diecezëjô
Inflect drzéwié | N;GEN(SG)	drzéwiā
Inflect KnédżiNowégò | ADJ;GEN(MASC,SG)	KnédżiNowégò
Inflect ława | N;LOC;SG	ławie
Inflect wikarz | N;INS(SG,MASC)	wikarim
Inflect ùsztôłcenié | V;PST;NFIN	ùsztôłcenié
Inflect wòda | N;GEN(FEM,SG)	wodë
Inflect łukòwata | ADJ;FEM;SG	łukòwato
Inflect Bùdówka | N;F;VOC(SG)	Bùdówkò
Inflect czwiôrtô | ADJ;NOM(FEM,SG)	czwiôrtô
Inflect ceplëzna | N;GEN(SG)	ceplëznë
Inflect zakłucanié | V;NFIN	zakłucanié
Inflect Sëła | N;ACC(SG)	Sillã
Inflect ówies | N;GEN(SG)	ówsa
Inflect szląsk | ADJ;NOM(MASC,SG)	szląsczi
Inflect Wiészi | ADJ;CMPR	Wikszi
Inflect pòstãpny | ADJ;NOM(FEM,SG)	pòstãpno
Inflect pòstãpny | ADJ;ACC(MASC,PL)	pòstãpnych
Inflect pòstãpny | ADJ;INS(MASC,SG)	pòstãpnym
Inflect pòrtret | N;NOM(PL)	pòrtretë
Inflect gmina | N;F;NOM(SG)	gmina
Inflect gmina | N;LOC;PL	gminach
Inflect gmina | N;LOC;SG	gminie
Inflect Mickiewicz | N;NOM(SG)	Mickiewicz
Inflect Mickiewicz | N;GEN(MASC,SG)	Mickiewicza
Inflect Pòmòrzé | N;NOM(SG,NEUT)	Pòmòrzé
Inflect pòlskòmiemiecczi | ADJ;NOM(MASC,SG)	pòlskòmiemiecczi
Inflect ùkùńczenie | N;INS(SG)	ùkòńczenim
Inflect Rewalsczi | ADJ;GEN(MASC,SG)	Rewalsczégò
Inflect dólny | ADJ;NOM(SG,MASC)	Dólni
Inflect biorąc | V;GER;PRE;IMP	biorą
Inflect Królówca | N;GEN(SG)	Króléwca
Inflect znómy | ADJ;GEN(MASC,PL)	znónych
Inflect zmiérzch | N;GEN(SG)	zmiérzchù
Inflect papryka | N;NOM(SG)	paprika
Inflect brëkòwac | V;INF	brëkòwac
Inflect dopłiw | N;ACC(SG)	dopłiwã
Inflect szlachcic | N;GEN(PL,MASC)	szlachcëców
Inflect kòlińc | N;ACC(SG)	kòlińc
Inflect wëszczerk | N;GEN(PL,MASC)	wëszczergów
Inflect sôdzë | V;NFIN	sôdzë
Inflect stołëc | N;ACC(SG)	stalat
Inflect lipsczi | ADJ;NOM(NEUT,SG)	lipsczé
Inflect stracëc | V;PST;NFIN;PRF	stracëło
Inflect wäbiér | V;IMP;TR	wëbiér
Inflect top | N;NOM(MASC,SG)	topôz
Inflect przemieszany | ADJ;INS(PL,MASC)	rozmiészanych
Inflect Błaszczikòwsczi | ADJ;NOM(MASC,SG)	Błaszczikòwsczi
Inflect piesnia | N;DAT(SG)	piesnią
Inflect łukôcz | N;NOM(SG)	łukôcz
Inflect katolëcëznô | N;F;ACC(SG)	katolëcëzną
Inflect wëdatek | N;GEN(PL)	wëdatków
Inflect dojrzały | ADJ;ACC(MASC,PL)	dojrzałëch
Inflect założëc | V;INF	założëc
Inflect prawa | ADJ;NOM(FEM,SG)	prawa
Inflect prawa | N;LOC;PL	prawach
Inflect Brian | N;NOM(SG)	Brian
Inflect bòkatnô | ADJ;NOM(FEM,SG)	bòkatnô
Inflect susza | N;GEN(SG)	suszu
Inflect kameca | N;ACC(SG,FEM)	kamicã
Inflect dzélc | V;INF	dzélów
Inflect narodzëna | N;ACC(SG,MASC)	narodzën
Inflect lës | N;VOC(PL)	lësce
Inflect leżec | V;NFIN	leżëc
Inflect mòrzëc | V;NFIN	Mòrza
Inflect słëga | N;NOM(SG)	słëga
Inflect słëga | N;INS(SG)	słëgą
Inflect zdrobniały | ADJ;NOM(FEM,SG)	zdrobniałô
Inflect pòkraczny | ADJ;NOM(FEM,SG)	pòkraczno
Inflect Obëczajné | ADJ;NOM(PL,MASC)	Obëczajné
Inflect drzewkò | N;DAT(SG)	drzëwkù
Inflect pamiãcowô | ADJ;ACC(FEM,SG)	pamiãcową
Inflect grëpô | N;F;NOM(SG)	grëpa
Inflect łagodnô | ADJ;ACC(FEM,SG)	łagódną
Inflect królewiónka | N;NOM(FEM,SG)	królewiónko
Inflect smiertelnik | N;GEN(PL)	smiertelników
Inflect zwada | N;NOM(SG)	Zwada
Inflect Witac | V;IMP;2;SG	Witô
Inflect wòjsko | N;NOM(SG,NEUT)	wòjska
Inflect wòjsko | N;NOM(SG,NEUT)	wòjskò
Inflect strëcha | N;NOM(FEM,SG)	strëcha
Inflect samòrządzëzna | N;GEN(SG)	samòrządzënë
Inflect ròk | N;GEN(SG)	ròku
Inflect sznorz | N;NOM(SG,MASC)	sznorz
Inflect apfelzynowy | ADJ;NOM(MASC,PL)	apfelzynowé
Inflect léczenié | N;GEN(SG)	léczeniô
Inflect Psychòlogijô | N;NOM(SG)	Psychòlogijô
Inflect Ksążka | N;NOM(PL)	Ksążczi
Inflect Ksążka | N;NOM(FEM,SG)	Ksążka
Inflect Piôszczëtô | ADJ;NOM(FEM,SG)	Piôszczëtô
Inflect przebiwać | V;NFIN	przebiwają
Inflect léczno | N;DAT(SG)	léczneniu
Inflect nauczyciel | N;GEN(PL)	nauczycieli
Inflect klôtka | N;NOM(PL)	klôtczi
Inflect klôtka | N;LOC;PL	klôtkach
Inflect klôtka | N;ACC(SG,FEM)	klôtką
Inflect klawesynowy | ADJ;ACC(FEM,PL)	klawesynowé
Inflect białczyzna | N;GEN(PL)	białczim
Inflect antibiotëkòterapiô | N;GEN(SG)	antibiotëkòterapii
Inflect gwiôzdka | N;ACC(SG)	Gwiôzdkã
Inflect Wartosc | N;NOM(SG,FEM)	Wartosc
Inflect kunc | N;ACC(MASC,SG)	kunc
Inflect msza | N;ACC(SG)	mszą
Inflect Kòbëlôsz | N;VOC(SG)	Kòbëlôszu
Inflect ksążcë | N;DAT(SG)	ksążce
Inflect niezanôleżnosc | N;ACC(SG)	niezanôleżnoce
Inflect gałãz | N;FEM;PL	gałãzë
Inflect mébel | N;NOM(PL)	méble
Inflect Bòlesław | N;INS(SG)	Bòlesławã
Inflect Bòlesław | N;NOM(SG)	Bòlesłôw
Inflect fict | V;NFIN	fictus
Inflect województwò | N;GEN(SG)	wojewódzczi
Inflect województwò | N;DAT(SG)	województwù
Inflect romantyczny | ADJ;NOM(MASC,SG)	romanticzny
Inflect gdzë | ADV	gdzë
Inflect kòń | N;GEN(SG)	kòni
Inflect Winny | ADJ;NOM(FEM,SG)	Winnô
Inflect ùczba | N;FEM;SG;LOC	ùczbach
Inflect ùczba | N;DAT(PL)	ùczbom
Inflect òbmëszlenié | N;GEN(PL)	òbmëszleniów
Inflect form | N;NOM(FEM,SG)	formô
Inflect szkòła | N;LOC;SG	szkòle
Inflect szkòła | N;GEN(SG)	szkòlë
Inflect szkòła | N;NOM(SG)	szkòła
Inflect szkòła | N;LOC;PL	szkòłach
Inflect szkòła | N;ACC(SG)	szkòłã
Inflect szkòła | N;NOM(PL)	szkòłë
Inflect szkòła | N;GEN(PL)	szkòłów
Inflect szkòła | N;ACC(SG)	szkòłą
Inflect zaczapóni | ADJ;GEN(MASC,SG)	zaczapónégò
Inflect zôbôwka | N;F;INS(SG)	zôbôwką
Inflect mało | ADJ;NOM(FEM,SG)	małô
Inflect Sejmik | N;GEN(SG)	Sejmikù
Inflect strukturze | N;DAT(SG,FEM)	strukturze
Inflect Zegarméster | N;NOM(SG)	Zégarméster
Inflect dzysdniowi | ADJ;NOM(PL,MASC)	dzysdniowe
Inflect dzysdniowi | ADJ;DAT(MASC,PL)	dzysdniowich
Inflect dzysdniowi | ADJ;INS(MASC,SG)	dzysdniowim
Inflect sparłączenié | N;NOM(SG,NEUT)	sparłączenié
Inflect szlachecki | ADJ;ACC(MASC,PL)	szlachecczé
Inflect ùmiec | V;NFIN	ùczeń
Inflect lew | N;GEN(PL)	lwów
Inflect państwòwy | ADJ;INS(MASC,SG)	państwòwi
Inflect Leucanthemum | N;SG	Leucanthemum
Inflect Garce | N;F;NOM(SG)	Garcz
Inflect krew | N;INS(SG)	krwią
Inflect długi | ADJ;ACC(SG,FEM)	długą
Inflect Warszawa | N;GEN(SG,FEM)	Warszawë
Inflect Warszawa | N;INS(SG)	Warszawą
Inflect kòlonizacjô | N;INS(SG)	kòlonizacją
Inflect Europa | N;LOC;SG	Europie
Inflect zgrôwa | N;ACC(SG)	zgrôwã
Inflect Jikòna | N;NOM(FEM,SG)	Jikòna
Inflect zawartosc | N;DAT(SG)	zawartoscë
Inflect Półòstrów | N;GEN(SG)	Półòstrowù
Inflect Półòstrów | N;NOM(SG)	Półòstrów
Inflect Półòstrów | N;ACC(SG)	Półòstrówã
Inflect lëdza | N;NOM(PL)	lëdzy
Inflect żôłti | ADJ;NOM(FEM,SG)	żôłté
Inflect żôłti | ADJ;NOM(FEM,SG)	żôłtô
Inflect nrodny | ADJ;NOM(MASC,SG)	nrodny
Inflect Wiãcórkiem | N;INS(SG)	Wiãcórkiem
Inflect pòzwa | N;F;NOM(SG)	pòzwa
Inflect pòzwa | N;DAT(PL)	pòzwama
Inflect mùzyka | N;ACC(SG)	mùzykã
Inflect czërzka | N;F;NOM(SG)	Czirka
Inflect òbrôbianié | N;GEN(SG)	òbrôbianiô
Inflect liczony | ADJ;ACC(FEM,PL)	liczoné
Inflect Szpańskô | ADJ;NOM(FEM,SG)	Szpańskô
Inflect starani | N;DAT(SG)	staranim
Inflect schizofrenia | N;ACC(SG)	schizofrenię
Inflect EÙROPEJSCZI | ADJ;GEN(FEM,SG)	Eùropejsczéj
Inflect scheme | N;VOC(SG)	schemie
Inflect przesladowańi | N;INS(MASC,PL)	przesladowanyma
Inflect Grzëbno | N;NOM(SG)	Grzëbnie
Inflect płatwa | N;GEN(PL)	płatwów
Inflect Wikipedijô | N;NOM(SG,FEM)	Wikipedijë
Inflect baderowanié | N;NOM(NEUT,SG)	baderowaniô
Inflect zwierzã | N;ACC(SG)	zwierzã
Inflect ùspòkòjic | V;NFIN	ùspòkòjic
Inflect jasnomòdri | ADJ;NOM;VOC(PL,MASC)	jasnomòdré
Inflect gòdzëna | N;NOM(FEM,SG)	gòdzëna
Inflect gòdzëna | N;LOC;PL	gòdzënach
Inflect gòdzëna | N;DAT(SG)	gòdzënie
Inflect gòdzëna | N;ACC(SG)	gòdzënã
Inflect gòdzëna | N;GEN(PL)	gòdzënów
Inflect gòdzëna | N;ACC(SG)	gòdzëną
Inflect gòdzëna | N;ACC(FEM,SG)	gòdzënę
Inflect ùrôbiac | V;NFIN	ùrôbia
Inflect sztôłcené | N;NOM(SG,MASC)	sztôłcenié
Inflect Spòtkac | V;INF	Spòtkac
Inflect Nôdgroda | N;NOM(SG)	Nôdgroda
Inflect historia | N;GEN(SG)	historii
Inflect lùbòtnik | N;GEN(PL)	lùbòtników
Inflect zeszyt | N;M30L;NOM(SG)	Zeszyt
Inflect wigilijô | N;ACC(SG)	wigiliã
Inflect dólny | ADJ;NOM(MASC,SG)	dólny
Inflect prësk | ADJ;INS(MASC,SG)	prësczim
Inflect nôzwëstkò | N;VOC(SG)	nôzwëstkò
Inflect Wawel | N;NOM(SG)	Wawel
Inflect Wawel | N;GEN(SG)	Wawelu
Inflect Władisława | N;VOC(SG)	Władisława
Inflect Łemk | N;PLUR;NOM(MASC)	Łemkòwie
Inflect pòwikszanié | N;GEN(SG)	pòwikszaniô
Inflect normalny | ADJ;NOM(FEM,SG)	normalnô
Inflect warunk | N;LOC;PL	warunkach
Inflect ùtenticzny | ADJ;GEN(MASC,PL)	aùtenticznych
Inflect przistãp | V;IMP;SG	przistãp
Inflect dróga | N;ACC(SG,FEM)	Drogã
Inflect sąsad | N;GEN(MASC,PL)	sąsadów
Inflect Léopòld | N;GEN(SG)	Léópòlda
Inflect wëdôwôcz | N;INS(SG)	wëdôwôczã
Inflect lelijô | N;NOM(SG,FEM)	lelijô
Inflect bùdzëcél | N;FEM;SG	bùdzëcela
Inflect prowincja | N;GEN(SG)	prowincji
Inflect prowincja | N;GEN(PL)	prowincjów
Inflect prowincja | N;NOM(SG)	prowincjô
Inflect klub | N;GEN(SG)	klubë
Inflect klub | N;GEN(PL)	klubów
Inflect wóżny | ADJ;GEN(MASC,PL)	wôżnëch
Inflect pòwtôrzac | V;PNONFIN;CONV;IMPF	pòwtôrzającë
Inflect òdżink | N;GEN(PL)	òdżinków
Inflect Tesalonika | N;NOM(PL)	Tesalonice
Inflect Teatr | N;ACC(SG)	Teatru
Inflect akùsticznô | ADJ;NOM(FEM,SG)	akùsticznô
Inflect rzeka | N;NOM(SG,FEM)	rzeka
Inflect rzeka | N;LOC;PL	rzekach
Inflect rzeka | N;INS(SG)	rzeką
Inflect stãpniowò | ADV	stãpniowò
Inflect próg | N;NOM(SG)	próg
Inflect monofag | N;ACC(PL)	monofagi
Inflect dziecko | N;VOC(PL)	Dzece
Inflect Polsczi | ADJ;GEN(FEM,SG)	Polsczi
Inflect żóna | N;ACC(PL)	zonë
Inflect filozof | N;GEN(PL,MASC)	filozof
Inflect msza | N;NOM(SG)	msza
Inflect msza | N;GEN(PL)	mszë
Inflect kònfederacëjô | N;ACC(SG)	kònfederacëjã
Inflect żëcycze | N;GEN(PL)	żëcym
Inflect Mahòmetanizm | N;NOM(SG)	Mahòmetanizm
Inflect sobòtka | N;ACC(SG)	sobòtkã
Inflect przëbrama | N;DAT(PL)	przëbòrama
Inflect òdemknąc | V;PFV;PL1;PST	òdemkłim
Inflect czërszczenié | N;GEN(PL)	Czerna
Inflect italsczi | ADJ;NOM(MASC,PL)	italsczi
Inflect italsczi | ADJ;GEN(MASC,SG)	italsczégò
Inflect grobnik | N;GEN(PL)	grobniców
Inflect Bombus | N;ACC(SG)	Bombus
Inflect nadôwac | V;INF	nadôwac
Inflect duchòwni | ADJ;GEN(MASC,PL)	duchòwnëch
Inflect jednorodny | ADJ;NOM(MASC,SG)	jednorodny
Inflect jednorodny | ADJ;INS(MASC,SG)	jednorodnym
Inflect Tesalomiczanów | N;GEN(PL,MASC)	Tesalomiczanów
Inflect jawny | ADJ;NOM(FEM,SG)	Jawne
Inflect pòprôwiac | V;INF	pòprôwiac
Inflect limanda | N;NOM(FEM,SG)	limanda
Inflect neòlit | N;GEN(SG)	neòlitu
Inflect Dorota | N;NOM(FEM,SG)	Dorota
Inflect Dorota | N;NOM(SG)	Dorothy
Inflect Dorota | N;ACC(SG)	Dorotë
Inflect Dorota | N;INST;SG;FEM	Dorotą
Inflect pandemia | N;NOM(SG)	pandemic
Inflect pandemia | N;ACC(SG)	pandemie
Inflect pandemia | N;GEN(SG)	pandemii
Inflect edukacja | N;INS(SG)	edukacją
Inflect katolécczi | ADJ;ESS(MASC,SG)	katolëcczégò
Inflect wëkarmienié | N;GEN(SG)	wëkarmieniô
Inflect pòpularnosc | N;ACC(SG)	pòpularnotã
Inflect falochron | N;LOC;SG	falochronie
Inflect wstęp | N;NOM(SG)	wstęp
Inflect Baska | N;NOM(FEM,SG)	Baska
Inflect Niemce | N;NOM(PL)	Niemcë
Inflect zajimający | ADJ;NOM(FEM,SG)	zajimôjącô
Inflect fırma | N;ACC(SG)	firmë
Inflect krewny | ADJ;NOM(MASC,SG)	krewny
Inflect krewny | ADJ;INS;NOM(PL,MASC)	krewnyma
Inflect kaplëca | N;NOM(SG)	kaplëca
Inflect pòbòżnotã | N;ACC(SG)	pòbòżnotã
Inflect aktorka | N;NOM(SG)	aktórka
Inflect brzég | N;NOM(SG)	Brzég
Inflect długòta | N;NOM(SG)	długòta
Inflect długòta | N;ACC(SG)	długòtã
Inflect długòta | N;GEN(SG)	długòtë
Inflect brak | N;NOM(MASC,SG)	Brak
Inflect Testament | N;DAT(SG)	Testamentu
Inflect Testament | N;GEN(SG)	Testameńtu
Inflect Testament | N;GEN(SG)	Testameńtù
Inflect Vuk | N;GEN(SG)	Vuka
Inflect kùlturowi | ADJ;NOM(PL,MASC)	kùlturowé
Inflect kùlturowi | ADJ;GEN(MASC,PL)	kùlturowëch
Inflect bezpôcornica | N;DAT(FEM,SG)	bezpôcorniczi
Inflect refleks | N;NOM(SG)	refleks
Inflect czad | N;ACC(SG)	czadu
Inflect grëzlôk | N;NOM(SG)	grëzlôk
Inflect Kòszalëna | N;NOM(FEM,SG)	Kòszalëna
Inflect Kòszalëna | N;LOC;SG	Kòszalënie
Inflect nigdë | ADV	nigdë
Inflect Piérszô | ADJ;NOM(FEM,SG)	Piérszô
Inflect jażół | N;ACC(SG)	jażôł
Inflect wùlkaniczni | ADJ;NOM(FEM,SG)	wùlkanicznô
Inflect prześladownik | N;GEN(SG)	przesladownika
Inflect wcëgnąc | V;INF	wcëgnąc
Inflect kòncepcëjô | N;GEN(SG)	kòncepcëji
Inflect Òdżen | N;DAT(SG)	Ògniowi
Inflect slédnô | ADJ;NOM(FEM,SG)	slédnô
Inflect òbróbka | N;GEN(SG)	òbróbczi
Inflect Pòlôsz | N;VOC(PL)	Pòlôszë
Inflect zôwada | N;GEN(SG)	zôwadë
Inflect dekada | N;ACC(SG)	dekadã
Inflect Wiodro | N;NOM(NEUT,SG)	Wiodro
Inflect eùropejskô | ADJ;ACC(FEM,SG)	eùropejską
Inflect dobòrowanié | N;LOC;SG	dobòrowanim
Inflect dobòrowanié | N;GEN(SG)	dobòrowaniô
Inflect Chòjanka | N;NOM(SG)	Chòjna
Inflect piãta | N;ACC(SG)	piãtã
Inflect pszéń | N;GEN(MASC,SG)	pszény
Inflect płënąc | V;INF	płënąc
Inflect płoc | V;IMP;2;SG	płoc
Inflect plac | N;GEN(PL)	placów
Inflect miészanec | N;NOM(PL)	miészańce
Inflect grzëpòwać | V;NFIN	grzëpòwati
Inflect smùła | N;GEN(SG)	smòłë
Inflect Nôlëżniczka | N;F;INS(PL)	Nôlëżniczkama
Inflect egipskò | ADJ;VOC(PL,MASC)	egipsczi
Inflect domino | N;NOM(SG)	domino
Inflect pòprôwić | V;INF	pòprawic
Inflect teatr | N;INS(SG)	teatrém
Inflect pòlsczi | ADJ;GEN(MASC,SG)	pólsczégò
Inflect włôdc | N;INS(SG)	włôdcą
Inflect Jarzëbiôk | N;NOM(SG,MASC)	Jarzëbiôk
Inflect pòdwëżbié | N;ACC(SG)	pòdwëżbie
Inflect mésterstwò | N;NOM(SG,NEUT)	mésterstwò
Inflect sparłączëc | V;INF	sparłączëc
Inflect apòsztoł | N;GEN(PL)	apòsztołów
Inflect seriala | N;GEN(SG)	serialu
Inflect mrzónka | N;NOM(FEM,SG)	mrzónka
Inflect chrzescëjańskô | ADJ;NOM(FEM,SG)	chrzescëjańskô
Inflect kòzaczka | N;DIM;NOM(PL)	kòzacczi
Inflect piętro | N;NOM(SG,NEUT)	piętro
Inflect wëtopienié | N;NOM(SG)	wëtopienié
Inflect dach | N;LOC;PL	dakach
Inflect ruskô | ADJ;ACC(FEM,SG)	ruskù
Inflect òrtografijô | N;ACC(SG)	òrtografiją
Inflect rój | N;GEN(FEM,SG)	rojë
Inflect równowaga | N;GEN(SG)	równowadżi
Inflect równowaga | N;ACC(SG)	równowôżą
Inflect litosfera | N;ACC(PL)	litosferë
Inflect skòra | N;NOM(PL)	skóre
Inflect smôrzcz | N;GEN(PL)	smôrzczów
Inflect trôfic | V;FIN;3;SG	trôfiô
Inflect Przód | N;NOM(PL)	Przódë
Inflect dzennik | N;FUT;INS(PL)	dennikama
Inflect Kabôtk | N;GEN(PL)	Kabôtkach
Inflect trosklëwi | ADJ;ACC(FEM,SG)	trosklëwą
Inflect kaszëbizna | N;NOM(SG)	kaszëbizna
Inflect kaszëbizna | N;DAT(SG)	kaszëbiznie
Inflect kaszëbizna | N;ACC(SG)	kaszëbiznã
Inflect kaszëbizna | N;GEN(SG)	kaszëbiznë
Inflect kaszëbizna | N;F;ACC(SG)	kaszëbizną
Inflect lësta | N;F;NOM(SG)	lësta
Inflect lësta | N;LOC;PL	lëstach
Inflect lësta | N;INS(FEM,PL)	lëstama
Inflect korn | N;GEN(PL)	cornix
Inflect miézk | N;DAT(SG)	miészkù
Inflect zéńdzeniô | N;GEN(PL)	zéńdzeniów
Inflect jasnożôłti | ADJ;M;NOM(SG)	jasnożôłti
Inflect jasnożôłti | ADJ;NOM(FEM,SG)	jasnożôłtô
Inflect katalodżija | N;GEN(SG)	katalodżi
Inflect òbjawa | N;INS(PL)	òbjawama
Inflect Part | N;ACC(SG)	Part
Inflect mòżnô | ADJ;PSS;F;SG	mòżnô
Inflect Rogaļa | N;GEN(SG)	Rogali
Inflect żëcé | N;NOM(SG,NEUT)	Żëcé
Inflect Syn | N;ACC(SG)	Sënã
Inflect wësłôwa | N;DAT(SG)	wësłôwë
Inflect Romagna | N;NOM(SG)	Romagn
Inflect Wisła | N;GEN(SG)	Wisłë
Inflect strzôdk | N;GEN(SG)	strzôdkù
Inflect òrzech | N;INS(SG)	òrzechem
Inflect Pòmorzcszi | ADJ;GEN(MASC,SG)	Pòmòrzczégò
Inflect napòtkac | V;INF	napòtkac
Inflect partach | N;F;NOM(SG)	partach
Inflect efektiwny | ADJ;INS(MASC,SG)	efektiwny
Inflect Katarzëna | N;NOM(SG)	Katarzëna
Inflect Katarzëna | N;ACC(SG)	Katarzënã
Inflect ògródek | N;GEN(SG,MASC)	ògródkù
Inflect wôłtôrz | N;GEN(SG)	wôłtôrza
Inflect wôłtôrz | N;NOM(PL)	wôłtôrze
Inflect strzodkòwi | ADJ;INS;MSG	strzodkòwim
Inflect pòsłańc | N;NOM(SG)	pòsłańc
Inflect finał | N;NOM(SG)	finał
Inflect finał | N;GEN(SG)	finału
Inflect zapisënk | N;NOM(SG)	zapisënk
Inflect zapisënk | N;GEN(PL)	zapisënków
Inflect zapisënk | N;GEN(SG,MASC)	zapisënkù
Inflect kryminalny | ADJ;INS(MASC,SG)	kryminalnym
Inflect Mùzeum | N;NOM(SG)	Mùzeum
Inflect Liturgiô | N;NOM(SG)	Liturgiô
Inflect Jindijsczi | ADJ;NOM(MASC,PL)	Jindijsczi
Inflect Ekòlogiczny | ADJ;NOM(MASC,SG)	Ekòlogiczny
Inflect Ciampino | N;NOM(SG,MASC)	Ciampino
Inflect napisanié | N;NEUT;SG	napisaniô
Inflect nôrod | N;GEN(SG)	nôrodu
Inflect Anielskô | ADJ;NOM(FEM,SG)	Anielskô
Inflect seka | N;VOC(SG)	sece
Inflect Microsoft | N;NOM(SG)	Microsoft
Inflect Microsoft | N;GEN(SG)	Microsoftu
Inflect Dërszewò | N;DAT(SG)	Dërszewie
Inflect wszëtkòżyrnô | ADJ;NOM(FEM,SG)	wszëtkòżyrnô
Inflect zwyczaj | N;NOM(PL)	zwyczaje
Inflect kontynent | N;LOC;PL	kontynentach
Inflect òswiecony | ADJ;M3;INS(SG)	òswiecenim
Inflect Bayern | N;DAT(SG)	Bayernu
Inflect Bòrowô | ADJ;NOM(FEM,SG)	Bòrowô
Inflect mól | N;NOM(SG)	môle
Inflect bicykl | N;NOM(SG)	bicykl
Inflect wanożec | N;NOM(SG)	wanożec
Inflect slôzowatë | ADJ;DAT(MASC,PL)	slôzowatëch
Inflect trzézwòsc | N;GEN(SG)	trzézwòscë
Inflect pijawnicowati | ADJ;GEN(MASC,PL)	pijawnicowatëch
Inflect Gdinia | N;LOC;SG	Gdinie
Inflect góra | N;GEN(SG)	góré
Inflect góra | N;GEN(SG)	górë
Inflect góra | N;GEN(PL)	górów
Inflect bitewnô | ADJ;NOM(FEM,SG)	bitewnô
Inflect parametr | N;NOM(PL)	parametre
Inflect parametr | N;NOM(PL)	parametrë
Inflect parametr | N;GEN(PL)	paramétrów
Inflect związk | N;NOM(MASC,SG)	związk
Inflect òdwôżny | ADJ;INS(MASC,SG)	òdwôżnym
Inflect Òskarz | N;NOM(SG)	Òskar
Inflect antikòa | N;GEN(PL,MASC)	antikòwich
Inflect Kartuski | ADJ;GEN(FEM,SG)	Kartuskiej
Inflect fùndament | N;FEM;PL	fùndamentë
Inflect tajemnô | ADJ;GEN(PL,MASC,INAN)	tajemnëch
Inflect późń | N;GEN(SG)	Pózni
Inflect grzëb | N;INS(PL)	grzëbama
Inflect grzëb | N;INS(SG,MASC)	grzëbem
Inflect sana | N;FEM;SG	sana
Inflect wszёlëjaczi | N;NOM(PL)	wszëlejaczi
Inflect kanoniczny | ADJ;MASC;PL;LOC	kanonicznich
Inflect Perczyńska | ADJ;NOM(FEM,SG)	Perczyńska
Inflect pòbòżny | ADJ;MASC;SG;LOC	pòbòżnym
Inflect zwijać | V;3;PL;PRS	zwijają
Inflect słëcha | N;NOM(PL)	słëchy
Inflect wéńc | N;ACC(SG)	wéńc
Inflect stóżka | N;F;ACC(SG)	stóżkã
Inflect całosc | N;FEM;SG	całosc
Inflect całosc | N;DAT(SG)	całosce
Inflect kòntinentalny | ADJ;INS(MASC,SG)	kòntinentalny
Inflect ùdac | V;NFIN;SUP	ùdanim
Inflect Piesnô | N;DAT(FEM,SG)	Piesni
Inflect przesëłkô | N;ACC(SG)	przeséłkã
Inflect widoczny | ADJ;NOM(FEM,SG)	widoczna
Inflect Żelkòw | N;NOM(PL,MASC)	Żelkòwie
Inflect jastrowy | ADJ;GEN(MASC,PL)	jastrowëch
Inflect Krôj | N;NOM(SG)	Krôj
Inflect ògarda | N;GEN(SG)	Ògardowi
Inflect òpak | ADV	òpak
Inflect Homólc | N;DAT(SG)	Homolczi
Inflect émigracjô | N;NOM(SG,FEM)	emigracja
Inflect Trzebiélsk | N;LOC;SG;MASC	Trzebiélsk
Inflect jeden | ADJ;NOM(FEM,SG)	jedna
Inflect ruch | V;IMP;SG;2	ruchù
Inflect europejsczi | ADJ;MASC;PSSV;SG	europejsczi
Inflect rodzëzna | N;NOM(SG)	rodzëzna
Inflect rodzëzna | N;LOC;PL	rodzëznach
Inflect jasnojątarowë | ADJ;NOM(PL,MASC,INAN)	jasnojantarowé
Inflect gôdac | V;PRS;2;SG	gôdësz
Inflect Wòjcech | N;NOM(MASC,SG)	Wòjcech
Inflect Wòjcech | N;GEN(MASC,SG)	Wòjcecha
Inflect przywrócenie | N;LOC;SG	przywróceniu
Inflect zëmòwiskò | N;F;DAT(SG)	zëmòwiska
Inflect aùtor | N;M;GEN(SG)	aùtora
Inflect wëższë | ADJ;CMPR;NTR;NOM	wëższé
Inflect przełómanie | N;LOC;SG	przełómaniu
Inflect wseczëca | N;NOM(SG)	wseczëca
Inflect wëpòczinkòwi | ADJ;GEN(PL,FEM)	wëpòczinkòwych
Inflect opisać | V;NFIN	òpisac
Inflect Etnograficzny | ADJ;NPR;NOM(PL)	Etnograficzne
Inflect Etnograficzny | ADJ;INS(MASC,SG)	Etnograficznym
Inflect pòchôdënk | N;GEN(SG)	pòchôdënkù
Inflect pòdzemnô | ADJ;GEN(MASC,SG)	pòdzemnògò
Inflect spòrt | N;ACC(SG)	spòrtã
Inflect pòétka | N;NOM(FEM,SG)	pòétka
Inflect magnetyczny | ADJ;GEN(MASC,SG)	magnetycznégò
Inflect neogòtëcczi | ADJ;NOM(PL,MASC)	neogòticczé
Inflect Cötka | N;NOM(SG,FEM)	Cotka
Inflect ramię | N;ACC(SG)	ramie
Inflect Pikón | N;NOM(MASC,SG)	Pikón
Inflect przekònac | V;INF	przekònac
Inflect kanclerz | N;INS(SG)	kanclerzã
Inflect Stalagmit | N;M3;NOM(SG)	Stalagmit
Inflect przedłëżenié | N;NOM(SG,NEUT)	przedłëżenié
Inflect urząd | N;NOM(SG)	Urząd
Inflect skrobanie | V;NFIN	skrobaniô
Inflect monogina | N;NOM(FEM,SG)	monogyna
Inflect całi | ADJ;NOM(FEM,SG)	Cała
Inflect całi | ADJ;NOM(MASC,SG)	Całi
Inflect môłpa | N;NOM(SG)	môłpa
Inflect môłpa | N;GEN(PL)	môłpów
Inflect Zrzeszeńc | N;GEN(PL)	Zrzeszińców
Inflect ùliczni | ADJ;VOC(MASC,SG)	ùliczni
Inflect szkielec | N;ACC(PL)	szkelece
Inflect polkowiczny | ADJ;GEN(MASC,SG)	polkowicczégò
Inflect nominacija | N;ACC(SG)	nominacjã
Inflect Kòledz | N;NOM(SG)	College
Inflect Lëtwin | N;NOM(PL)	Lëtwinowie
Inflect ògrańczëc | V;INF	ògrańczëc
Inflect òbrzeszk | N;GEN(PL)	òbrzeszków
Inflect Gatùnk | N;NOM(SG)	Gatùnk
Inflect môl | N;ACC(SG)	môlach
Inflect Graf | N;NOM(MASC,SG)	Graf
Inflect nógbarżi | ADV;SUP	nóbarżé
Inflect przëbòr | N;MASC;INST;SG	przëbòrã
Inflect jakosc | N;FEM;SG	jakosc
Inflect pseudonim | N;NOM(SG)	pseudonim
Inflect Szlach | N;F;NOM(SG)	Szlach
Inflect dowolnô | ADJ;FEM;SG	dowòlno
Inflect napisac | V;INF	napisac
Inflect niedostatek | N;GEN(PL)	niedostatk
Inflect niedostatek | N;INST;SG	niedostatkã
Inflect Òsoblëwi | ADJ;VOC(MASC,SG)	Òsoblëwò
Inflect cziedë | ADV	cziedë
Inflect Słowińskô | N;GEN(PL)	Słowińcków
Inflect jajce | N;ACC(SG)	Jaja
Inflect syntaksa | N;GEN(SG)	syntakse
Inflect syntaksa | N;GEN(SG)	syntaksë
Inflect szwed | N;F;INS(PL)	Szwédama
Inflect ćwiczyć | V;INF	czwiczec
Inflect robit | V;PST;3;PL	robilë
Inflect papla | V;IMP;2;SG	papla
Inflect łaska | N;GEN(SG)	łasczi
Inflect łaska | N;GEN(PL)	łasków
Inflect słony | ADJ;INS(MASC,SG)	słonym
Inflect smardu | V;IMP;2;SG	smardu
Inflect samòzwãńca | N;NOM(PL)	samòzwãczi
Inflect miãsny | ADJ;NOM(MASC,SG)	miãsny
Inflect puchacz | N;NOM(SG)	puchacz
Inflect Sadzonka | N;NOM(PL)	Sadzonczi
Inflect proruskô | ADJ;NOM(FEM,SG)	proruskò
Inflect Krëpa | N;NOM(PL)	Krëpë
Inflect zamëkac | V;INF	zamëkac
Inflect byc | V;PRS;3;SG	jest
Inflect Kònstantinopòl | N;NOM(SG)	Kònstantinopòl
Inflect Kònstantinopòl | N;GEN(SG)	Kònstantynopòla
Inflect rozłam | N;GEN(SG)	Rozłamù
Inflect gòńba | N;GEN(SG)	gòńbòwi
Inflect Septuagintã | N;ACC(FEM,SG)	Septuagintã
Inflect bôłtowi | V;PST;MASC;SG	bôłtowi
Inflect Kartuzy | N;LOC;PL	Kartuzach
Inflect szafa | N;F;NOM(SG)	szafa
Inflect kùkùridza | N;NOM(SG)	kùkùridza
Inflect szlachòta | N;GEN(SG)	szlachòtë
Inflect zmiana | N;INS(PL)	zmianama
Inflect zmiana | N;GEN(SG)	zmianié
Inflect krzëwi | V;SG;3	krzëwi
Inflect rozpoznawanie | N;GEN(SG)	rozpoznawania
Inflect krwiã | N;ACC(FEM,SG)	krëwie
Inflect poziom | N;NOM(SG)	poziom
Inflect skrzëdniowi | ADJ;GEN(FEM,PL)	skrzëniowëch
Inflect pòprzédnik | N;GEN(PL)	pòprzédników
Inflect laùreat | N;NOM(MASC,SG)	laùreat
Inflect ùłożënk | N;NOM(PL)	ùłożënczi
Inflect ùłożënk | N;NOM(PL)	ùłożënki
Inflect miechòwatô | ADJ;NOM(FEM,SG)	miechòwatô
Inflect pôłnik | N;F;GEN(SG)	pôłnika
Inflect zańc | V;IMP;SG;FUT	zańc
Inflect Pãkôcz | N;NOM(PL)	Pãkôcze
Inflect òstra | ADJ;NOM(MASC,SG)	òstri
Inflect szerokosc | N;NOM(FEM,SG)	szerokosc
Inflect Kòbëlôsz | N;NOM(SG,MASC)	Kòbëlôsz
Inflect królowaniô | N;GEN(SG)	królowaniô
Inflect muskiel | N;DAT(PL)	musculus
Inflect dmùszny | ADJ;GEN(MASC,PL)	dmùsznych
Inflect Vlada | N;F;NOM(SG)	Vláda
Inflect szarawa | ADJ;NOM(FEM,SG)	szarawi
Inflect Jakùb | N;M;GEN(SG)	Jakùba
Inflect Minysterstwa | N;GEN(SG)	Minysterstwa
Inflect Drãgòscë | N;NOM(PL)	Drãgòscë
Inflect złi | ADJ;GEN(MASC,SG)	złégò
Inflect Eùgeniusz | N;NOM(SG)	Eùgeniusz
Inflect Wierã | ADV	Wierã
Inflect pszczołowaty | ADJ;GEN(PL,MASC,ANIM)	pszczołowatëch
Inflect Partnerstwo | N;GEN(SG)	Partnerstwa
Inflect groznym | ADJ;INS(MASC,SG)	niegroznym
Inflect Maszina | N;NOM(SG)	Maszina
Inflect Sycëna | N;F;NOM(SG)	Sycëna
Inflect Bolesław | N;GEN(SG)	Bolesława
Inflect Fajum | N;MASC;SG;LOC	Fajum
Inflect dies | V;IMP;SG;2	dies
Inflect kùńsztowny | ADJ;INS(FEM,SG)	kùńsztowno
Inflect Derdowski | N;NOM(SG,MASC)	Derdowski
Inflect Rudniczk | N;FEM;LOC;SG	Rudnicczi
Inflect siostra | N;GEN(PL)	Siostrów
Inflect Syracusë | N;NOM(PL)	Syracusë
