Czãsto, chòc nie je to prawidłowo, kòntuarã nazéwô sã stół grë przëległi do òrganowi szafë w jinstrumeńtach ò mechaniczny trakturze.
Czej słuńce swiécy, farwi sã wnet żôłto-czerwiono.
We Wrocławiu zetkł sã z słowianofilsczima prądoma, jaczé rozséwalë tam m.jin. fizjologa prof.
Jakno „dei gracia princeps in Gdanzk" dôł pòstawic klôsztór sostrów z zôkónu sw.
Jinszé wiôldżé gardë to: Bùffalo, Rochester, Syracusë i stolëca stónu – Albany.
Béł pionierã dzałaniów w dzedzënie diagnozowaniô wëchòwawczégò i prekùrsorã w dzejanich na rzecz praw dzecka – człowieka.
Òn je pò to, bë sparłączëc ze sobą kòmpùtrowi sécë, służi téż jakno kòmùnikacëjny wãzeł.
Jednota fizyczna mionowana Curie (CI) to je lëczba radioaktywnoszczi.
Dzërzgóń abò téż: Cziszpórg (gw. Kisźpórk; pòl.
Na schòdze mléka nie piją Arabowie, Żëdowie.
Bzdëcha (Artemisia campestris) – to je roscëna z rodzëznë astrowatëch (Asteraceae).
Przódë òne bëłë piekłé z dwóch strón - nôprzód z jedny, a tej z drëdżi stronë.
SIL International je niezwëskòwną chrzescëjańską ùczałą òrganizacëją, chtërnej przédnym célã je sztudérowanié ë dokôzowanié mni znónëch jãzëków bë pòszérzac lingwistną wiédzã ò nich, pòdwëszëznowac pimieniznë ë pòmògac w rozwijaniu rzôdczich jãzëków.
Ju w 1339 r. Wszedł w sojusz z Andegawenama Wãgiersczima, dzãka czemù zyskôł jich pòpiarcé.
Jiny pòdzôł bierze pòd ùwôgã plac, z chtërnégò wëpłiwô magma.
W nim je dzél Pòleségò.
W 2020 rokù procent kòl nich mòże béc 0,01% na 12 miesący.
Leżi w lasny òbéńdze Tëchòlsczich Bòrów, na kraju Wdzydzczégò Krôjòbrôzowégò Parkù.
Òd 1696 rokù miôł tu majątk A. T. Goetzendorf Grabòwsczi, chtëren jakno rotméster miôł bëtnictwò w pòmòcë wiedeńsczi w 1683 r.
Je to 910 rok naszi erë (pò narodzenim Christusa), 910. rok pierszégò tësąclecégò, 10. rok X stolatégò, 10. rok 1-égò dzesãcolecô X stolatégò.
Taczi zégark mòże bëc chronométer - na nim je napisóné "Chronometer"
Zagrzebòny zwijô sã w kłãbòk, zgrużdżony w casną kùlã, zasëpiô do zymkù.
Ida Czaja) kaszëbskô pòétka ë szkólnô.
Dopùszcziwô sã téż swiécką tematika.
Mickey Mësz (Mickey Mouse) - to je céchòwónô mësz, chtërną wiele razy dzece na filmie òbzérają.
Do kùńca roku je 60 dniów.
Ten sóm tekst, napisóny lëterackò leno ò jinszim titlu "Na robòtach" a téż "Jesénnô droga" òstałë ògłoszony w antologii dzysdniowi prozë kaszëbsczi "Dërchôj królewiónkò" (1996).
Tu je kòscół z 1818 rokù.
Czekawi je fakt, że kòlbrzéskô bliza je w herbie familie Kolbergów.
Òczewisce w zależnośce òd regionu Tatrë, wysokòsczi do jacich sãgają pòszczególne piętra roślinnosce, są różne.
Paprika (Capsicum L.) - to je szlach roscënów z rodzëznë lilkòwatëch (Solanaceae L.).
Antonim je wȏżnym sztëlisticznym strzódkã, przërównȏj: „Òdżin stëdnie, blȏsk stȏwȏ sã cemny, Mȏ greńce, Nieskùńczony/ Zgȏrdzony, òkrëti chwȏlbą.”
Cządnik – z gòdłã W imię Boga – odrodzenie Kaszub – miôł za zgrôwã "òdrodã Wiôldżégò Pòmòrzô na spòdlim kaszëbiznë, w nôbëlniészëch ùdbach z pòmòcą i wespółbëcym Pòlsczi, dlô ji dobra".
Na niechtërnych są historycznô i ôrtny zdrzadniô.
Ji wësziwôrsczé robòtë to są m.jin.: tôflôczczi, bieżniczi, òbrësczi i pószewczi na pòdëszczi.
Tedë ju miôł za sobą pierszé pùblikacje „bùdzëcélsczé”.
Jiny darga je barżi spòkójny i zwóny Camino Norte, wëznaczënô na nordowym strądze Szpanijô.
Trójmiescé, w chtërnym mieszkô wicy jak 750 000 lëdzy i mòcno rozwity je jindustrëjô, brëkùje baro wiele wòdë.
W 1701 rokù na 49 sztëk mieszkeńców Smażëna bëło 39 katolëków a 10 lëtrów.
Tu mieszkało wiele kaszëbsczich rëbôków.
Chrzescëjónie mają w niedzelã swiãto.
Do kùńca roku je 88 dniów.
Òb czas II swiatowi wòjnë béł żôłniérzã Krajowi Armii, gdze wzgłùdzél w warszawsczim pòwstanim i òstał reniony.
Mô kòl 8 tësąców mieszkeńców, w slédnëch latach w Bòlszewie miôł plac zacht rozwij mieszkaniowi bùdowiznë.
Òn w latach 2000 – 2010 béł òjcã dëchòwnym pelplińsczi seminarëji http://press.
Tu je jegò òbrzészkòwô ùczba.
Je charakterizëje kòntrastowi baro czãsto biôłoczôrnô farwa głòwë.
Tegò dnia swiãcy sã palmë.
Òd XVII s. P'yŏngyang to pòliticzné a kùlturowé centrum nordowò-zôpadni Kòreji.
Òn je kòl 300 lat stôri.
Diôbelsczé skrzëpce abò diôbli bas' - są mùzycznym jinstrumeńtã, a mają gò w jinstrumeńtarium np.
Ksäżô naszi są Miemcë, szkólny zôs mają strach przed przełożonemi.
Westrzód Kòrejanów nie dżinie mëszl ò kùlturowi ë nôrodny blëzotë òbù państw a wiele rodzëzn je pòdzélonëch sztëczną greńcą.
Lëdze, jaczi zajimają sã produkcją kaszëbsczich pamiątków, baro rôd wëzwëskiwùją planszã do „Kaszëbsczich nótów”, widzącë w ni bëlny, òsoblëwi i apartny turisticzny produkt, chtëren dobrze sã sprzedôwô.
Dzysô jeden z dniów, jaczi dzecë lubią nôbarżi.
Sorn: Z kaszëbsczim w szkòle, Gduńsk 2009.
Je to 981 rok naszi erë (pò narodzenim Christusa), 981. rok pierszégò tësąclecégò, 81. rok X stolatégò, 1. rok 9-égò dzesãcolecô X stolatégò.
Do kùńca roku je 66 dniów.
Dłudżi czas béł tuwò probòszczã ks.
Ambùlans - to je przewòzny spòsób namieniony do przewòzënkù chòrich abò renionych.
Znanką ti rasë je długô, grëbô abò strzédno grëbô wełna.
Swiónowò je turistnym òstrzódkã z wiele wczasowima chëczama ë agrokwatérama.
Do tégò zawierô spòsób pòwòłiwaniô nôwëższich państwòwich òrganów, a téż pòdstawòwi òbòwiązczi òbëwatela.
Òna wpłiwô do Nordowégò Mòrza.
Sykórkòwaté (Paridae) – to je rodzëzna ptôchów z rzãdu wróblowëch (Passeriformes).
Òn miôł sédmë lat gdë wespół ze starszim bratã Dawidem zaczął treningi w Rakòwie Częstochòwa, gdze trenowôł òsmë lat.
Òna jaje zniese do gniôzda tëch ôrtów ptôchów, w jaczich sã sama wëchòwa, colemało do gniôzda môłëch ptôchów, chtërne spiéwają np.
Zwëczajny szczotecznik (Solidago virgaurea L.) - to je wielelatnô roscëna z rodzëznë astrowatëch (Asteraceae).
W szkòle na paùzach dzece gôdałë pò kaszëbskù.
Òne ni mają cała leno rozëm i wòlną wòlã.
W latach 80. i 90. XX w. nastôł dalszi rozwij Strzépcza.
Rogùtka (Cerastium L.) – to je szlach roscënów z rodzëznë granôtkòwatëch (Caryophyllaceae).
Zôpôdnopòmòrsczi biskùpi, czerëjącë sã rësznotą christianiznową i parłãczącë jã z wnożëną nachôdającégò lëdztwa - kòlonizacją na miemiecczim prawie - pierszëznã dôwelë równak miemczëznie.
Ùchódnik - to je człowiek, chtëren ùchôdô ze swégò kraju, bò mô strach, że tu mòże nie przeżëc.
Nachôdô, czej sprôwcã òbczas cządu próbë zrobił ùmëslné zlecziństwò, za chtërné òstôł prawòmòcno òbsądzony.
To sã równak nie ùdało Mehmetowi Ali Agcze, ale òn trafił Papieża w brzëch i rãkã.
Ùwôżany je za jednégò z nôbògatszëch pisôrzów swiata, mieszkô w ekskluziwnéj rezydencjë pòd Londynã (Hertfordshire), je jednakôż miéwcą zômkù w Irlandii (Enniskerry).
Tu je sedzba Gminë Nowô Wies.
Żôgòwinë – to są drobné wiórka, chtërne robi np.
Pòlskô na satelitarnim òdjimkù.
Je to znanka jednotë i miru, òsoblëwie w rodzëznie.
Bernat Zëchta pisôł, òna je pòd szëją zapiãtô i mô jedną régã pãgwiców.
Kòrejanë z zelgã pòwitôle wëzwòlenié òd Japònów, leno nie chcele zgòdzëc sã na wprowôdzanié cëzëch praw na òbéńdã półòstrowa.
Do kùńca roku je 109 dniów.
Kaszëbi wëplôtatają je ju òd XI wiekù.
Fińskô pòéma Kalewala pòswiãcô jemù jaż 400 réżków, czej stwòrzeniu swiata blós ò połowã mni.
A hewòtno w kòfrach ë skrzëniach.
Wieża blizë je òkrągłô, zbudowônô z czerwòny, licowóny cegłë.
Jednak czãsto wëjasnienié je taczé, że drëgô gwiôzda swiécy, ale słabi jak na pierwszô i ji wid dżinie w promieniowaniu jasniészégò składnika.
Dzób i nodżi mô czôrné.
Do swòji biédni, òsoblëwi w pòsce, dietë brëkòwale òni lubnegò w szmakù, ful bògatégò w witaminë ë mineralne dzélëczi napitkù.
Je to 1795 rok naszi erë (pò narodzenim Christusa), 795. rok drëdżégò tësąclecô, 95. rok XVIII stolatégò, 5. rok 10-égò dzesãcolecô XVIII stolatégò.
Jamo (자모; 字母) abò jinaczi nassori (낱소리) to nômnisze dzéle z jaczich skłôdô sã alfabét hangeul.
To béł wôżny môl dlô templariuszów.
W 1995 rokù wëstãpił w The Grotesque/Gentlemen Don't Eat Poets Johna-Paula Davidsona.
Wszãdë we wsë przed płotama bëło pełno sani."
Czeskô Repùblika je państwã w Westrzédny Eùropie, bez przistãpù do mòrza.
Dzãka temù w 1936 rokù bëło òtemknienié sédmëklasowi szkòłë z trzema mieszkaniama dlô szkòlnëch.
Òb zëmã lëdze czãsto dają jim jestkù np.
Pierszi rezownik europejsczi w Aùstralëjô to beł Abel Tasman z Niderlandzkô, chtëren w 1646 dawa kontinentowi miono Nieuw Holland - Nowo Niderlandzko, i ostrowe Tasmaniji jigo miono.
Czej më wëdżiniemë, tej pò nas bãdą taczi lëdze małi, jak ten chłop je" (
W 1953 rokù òn béł ju kardinałã.
Sedzbą Mùzeum je dosc stôri bùdink - stôrodôwnota.
Bëlëno je krótkò Żukówka.
Nie òdindã bez pòżegnaniô.
Wersją pòzytiwù je pòzytiw balustradowi, znóny téż jakò pozytiw plecowi (Rückpositiv), bò je òn za plecama sëdzącégò tyłem do wôłtarza òrganistë.
Syjamsczi òkùlôrnik (Naja siamensis) – to je òrt gadzënë z rodzëznë Elapidae.
Czôrnawi smùlsz mòże jesc grzëbë i bëc do 20 cm dłudżi.
Òbsługiwô òn nôniższé òrganowé głosë (32’, 16’ i 8’ – stopòwé), jaczi pòdkesliwającé i dopełniającé brzmienié jinstrumentu w base.
Wòdnô leliô mô snôżé, wiôldżé kwiatë, òtemkłé òb dzéń, chtërne płëwają na wòdze.
Pò ùfòrmòwaniù nudle pòddôwô sã sëszeniu.
Je to 1880 rok naszi erë (pò narodzenim Christusa), 880. rok drëdżégò tësąclecô, 80. rok XIX stolatégò, 10. rok 8-égò dzesãcolecô XIX stolatégò.
Bëła téż piérszą białką-profesorką na Sorbonie i piérszą białką we Francji, chtërna pò śmierczi spòczëła za zasłudżi w parizczim Panteonie.
Mòże bëc téż ùżiwóny do sëpnëch materiałów, jak piôsk, wãdżiel czë zôrno.
Lëst je wierã nôstarszim pismiona Nowégo Testameńtu, a napisóny je do wierzącëch w Tesalonice.
Temù tej Wiôldzi Pòst przëpôdô rôz chùtczi, rôz pózni, ale wiedno dérëje 40 dni.
Mario chcała sã ùczyć, le w rusczim zaborze bëł zakôz ùczby na ùniwersytece dla pòlsczich białk.
Je to 985 rok naszi erë (pò narodzenim Christusa), 985. rok pierszégò tësąclecégò, 85. rok X stolatégò, 5. rok 9-égò dzesãcolecô X stolatégò.
W tim czasu Kònefka béł radnym szkòłë i òkòlnégò òddzéla pòùczënë.
Krãcëszk - to je przërëchtënk do rãcznégò wierceniô dzurów sydrem.
Lëdztwò gardu: 71 686 mieszkańców.
Brat Bilota gôdôł, że Jan miôł bëc chłopa ò dobrim charakterze, òddónëm kaszëbiznie ë wrażlëwim na niesprawiedlëwòtã.
Przódë òne bëłë do noszeniô jestkù w pòle.
Prowincëjô Chagang je w nordowòzôpadnym parce Kòreji.
Je to 1407 rok naszi erë (pò narodzenim Christusa), 407. rok drëdżégò tësąclecô, 7. rok XV stolatégò, 7. rok 1-égò dzesãcolecô XV stolatégò.
Kromlech biwô uwôżóny za prototyp stołpnicё.
Je to 1452 rok naszi erë (pò narodzenim Christusa), 452. rok drëdżégò tësąclecô, 52. rok XV stolatégò, 2. rok 6-égò dzesãcolecô XV stolatégò.
Gimnasticzczi, òkróm rozcygającëch i dżibkòscowëch cwiczënków, dlô pòprawë gracji i balansu (a téż rëszny i ritmiczny kòòrdinacje) wprawiają sã w klasycznym tuńcu z elementama tuńca charakteristicznégò.
Zôs òsta zniszczony przez Chinë ë Sillã.
Dokładnie, miono to tikô sã blós tëch znaków, chtërne òsta zapòżëczony do kòrejańsczégò jãzëka a jich wëmòwô dopasowónô do kòrejańsczi.
Dzysdnia je wiedzec, że mòże miec m.jin. spòdlé geneticzné.
Inszi ni mùszą ji sprawòwac, ale je òna dlô wszëtczich zalecóny.
Je to 1749 rok naszi erë (pò narodzenim Christusa), 749. rok drëdżégò tësąclecô, 49. rok XVIII stolatégò, 9. rok 5-égò dzesãcolecô XVIII stolatégò.
Janiołë są dëchama chterne stwòrził Bóg przed człowiekã.
Z pòdrzątkù na swój sztôłt slëmiénia czãsto mają za żnijã i bezmëslnô zabijaja.
Wiatrownica taczégò tipù mô tëli przegrodów, wiele głosów na taczi wiatrownicë je ùmiejscowionëch.
Mùzeùm wëdôwô téż ksążczi.
Òne ni mają skrzidłów.
Òn krąży wkół Zemi ë mô rozmajité fazë.
Jankowski, T. Miasto na furmankach.
W II swiatowi wòjnie - w 1945 ròku - òn béł spôlony; òdbùdowóny w latach 1957 - 1959.
Ùczëlë gò òglowò Miemcë, a towarzëstwò ze szkòłowi ławë miôł mieszóné - miemieckò-pòlsczé.
Òd nowelë dzeli ją letkô bùdowa ë ni ma w nim óbòwiązkòwëch zasadów.
Słowik (Luscinia) - to szlach môłëch ptôchów z rodzëznë mùsznikòwatëch (Muscicapidae).
Òn je wespółautorã spiéwnika “Piesnie Rodny Zemi”, a na niwiznie ùsôdztwa piesniów (tekstë, mùzyka), wespółdzejô z wiele karnama i ùtwórcama (np.
Od Nordowi Americzi òddzéleni je téż polarni òstrów Grenlandëjô na nordzie, chtërni je dënsczim protektoratã.
Pòjôwiają sã nowé chòroscë, co są skùtkã dinamicznëch i złożonëch przirodniczich procesów, na jaczi cësk mô lëdzczé dzejanié np.
Je to 1752 rok naszi erë (pò narodzenim Christusa), 752. rok drëdżégò tësąclecô, 52. rok XVIII stolatégò, 2. rok 6-égò dzesãcolecô XVIII stolatégò.
Òn je ǜżiwóny w òbrządkach i znóny we wiele religiach swiata.
W jich skłôd wchôdają gardë, pòzagardowi môlë, górsczé òbéńdë.
Òna mô wiele piãkny fòrmé bùdowë, różné rãczki.
W 1293 r. w Kaliszu Przemisł II (kaca wiôlgòpòlsczi), Władisłôw Łoczetk i jegò brat Kadzmiérz zawarlë razã z arcybiskùpã gnieznieńsczim Jakùbã Swinką tajny układ procem Wacławòwi II.
Parłãczi to sã z bëcym na wiérzkù kòmórków nabłonka swiniów receptorów, chtërne dôwają mòżnosc przëłączeniô sã ptôszich i téż lëdzczich wirusów i wdzërzgniãcé jich wirionów do kòmórczi.
Zwëczajny klón (Acer platanoides L.) – drzéwiã z rodzëznë klónowatëch (Aceraceae Juss.).
Lopéz sedzy w kòmisji amerikańsczigò Idola.
Leżi na dunowi halmie 900 m òd mòrza.
Trusë żëją w karnach.
Łoczietkòwi przëpadło ksãstwò kalisczé i strzódkòwô czãsc Wiôlgòpòlsczi z Gnieznã i Pòznaniã.
Wloknica - to je ôrt primitiwny tërlëczi, chtërna mô jakbë dwa błozna, a cągnie ją np.
Òn napisôł m. in.
Pòdjazë są turistnym òstrzódkã z wiele wczasowima chëczama ë agrokwatérama.
Skòrepa je grëbô i parchatô.
Mòże òn wiôc z wszelejaczich czerënków i zrozmajitą mòcą.
Monte zdradzony zdżinął òd Krzëżôków w 1273 r.
Kasper (Crex crex) – strzédny ptôch z rodzëznë kasprowatëch.
Pòzni żëją òsobno i samé jachtëją.
Goguryeo sparłãczëło Buyeo, Okjeo, Dongye ë jinë państwa dôwny òbéńdë Gojoseonu, dobéwając nad slédną chińską kòmańdą.
Wôrt òbaczëc parafialny kòscół z 1923 rokù przebùdowóny w 70. latach 20. stalatégò.
Kamiéńsczégò Klucza, to je arcëbiskùpich dobrów na Krajnie.
W Zôpadny Eùropie, m.jin. Gerd Hentschel wëmieniwô w swòjich prôcach szląsczi jãzëk westrzódka zôpadnosłowiańsczéch jãzków, a napisôł téż ùczałi artikel zatitlowóny "Śląski - nowy (albo i nie nowy) język słowiański?"
Òne mają 10 lecków i 12 piórów w ògónie.
A. R. Sikora: Ewanielëjô wedle swiâtégò Marka (z greczi przełoż.
Cantharellus cibarius var. neglectus (M. Souché) Sacc.
We wëpòwiedzenim agensã je aktiwny ùczãstnik sytuacji, chtërny przeprowadzô dzejanié abò sprawùje kòntrolã nad sytuacją.
Òna mô m.jin. baro wiele ksążków.
Do kùńca roku je 90 dniów.
Słowò "co" je òddôwóne bez "kaj".
Równak Rzëmianowie trzimële je za napitk barbarzińców.
Marzónka (Galium L.) - to je szlach roscënów z rodzëznë prząszczkòwatëch (Rubiaceae).
Ùrodziła sã w Kongresowi Warszawie pòd zaborã rusczim.
Jakno swòje zawòłanié òn przëjimnął słowa “Veritas Christi Liberat” (“Prôwda Christusa ùwòlniwô”).
Òkòma rozszérzeniégò pòdtrzëmëwónych lopkòwich fòrmatów, òstałë téż rozszérzóné fùnkcëje przezérników.
Strzódzemné Mòrze jakno jediné na swiece òtoczoné je kòntinentama nôleżącëma do trzech dzélów swiata.
Przemòga - to je nacëskanié na mëslenié, prowadzenié sã abò fizyczny stón człowieka, chòc òn sã na to nie zgòdzył.
W ti wsë są przë drogach dwamòwny tôfle pòlskò-kaszëbsczé.
Miasta bëłë môłé, òsoblëwie gbùrskò-rzemiãsné.
Je to 1775 rok naszi erë (pò narodzenim Christusa), 775. rok drëdżégò tësąclecô, 75. rok XVIII stolatégò, 5. rok 8-égò dzesãcolecô XVIII stolatégò.
Ne tekstë téż òstałë pòzdze przedrëkòwóné.
Tedë wanożił pò wsach i miastach i głosył kôzania.
Farwa skòrë to zelonosc i brunosc.
Pòelskô szabla bitewnô jinaczi nazéwônó węgierskô, òna bëła w pòszëkù do bitwë òt pòłowe szesnôstegó wiekù aż do òsmënóstigô.
Dzysô baro popùlarny sã zabawë i diskòteczi bùten.
Biją w swiata dôl.
Zwiksza w dzéń nôcepli je midzë gòdzëną 3 a 6 pò pòłniu.
Pielgrzimòwanié je sparłãczony ze skłôdaniém wotów w sanktuariach, do chtërnych wanożi sã.
W 2008 rokù tu mieszkało 322 lëdzy.
Bòdój czëj to sczënił zarôzka zabił gò grzëmòt.
Zwónk (Campanula) – to je szlach roscënów z rodzëznë zwónkòwatëch.
Młodzowi kùch - to je kùch ùpiekłi z casta z młodzama.
Łǜczi sã w Prôrë le na sezo.
Kąsk pózdni Wikipedista Daniel Mayer zarejegistrowôł domenë http://wikimedia.
Mòrskô industrëjô skòncentrowónô je przede wszëtczim w nôwikszëch gardach: Gduńskù, Gdini ë Sztetënie.
Òno mô wiéchrzëznã kòl 750 000 km² i strzédną głãbòkòsc 95 m.
Pierszé kromlechё pòkôzałё sã w drёdżié połowie IV tёsąclata p.n.e.Béłto bòdôj plac kùltu i zéńdzeniówplemieniowёch.
W Pariżu najmòwôł sã do rozmajitëch robòtów.
Wëstãpùje blós w òrganach ò elektriczny abò mechaniczny trakturze registrów ze wspòmôganiém elektricznym.
Szczelësc (łac. mandibula) – to je pòjedinczi, rëszny gnôt szkeletu czërzepù człowieka i zwierzów – wiele razy òna biwô zwónô szczãką (dólną).
Peperlëszczi roscą w lëscatëch ë jiglënowëch lasach, w grëpach ë są rozmaiti wiôlgòscë.
Tobaczéra – to je zabiérnik do tobaczi.
XVIII stalata béł ùsadzony słowôrz i gramatika tegò jãzëka.
Astronomijô badérëje pòchòdzënk, ewolucëjã, chemiczné ë fizyczné swòjiznë òbiektów jaczé mògą bëc òbserwòwóné na niebie (ë są bùten wiodrowinë), ôs zrzeszoné z nima procesë.
Terôzka pòdijmòwóné sã próbë sklonowaniô na spòdlim materiału genetycznégò pòbrônégò z zakònserwowônëch tkanek zwiérzãca.
Je to 1896 rok naszi erë (pò narodzenim Christusa), 896. rok drëdżégò tësąclecô, 96. rok XIX stolatégò, 6. rok 10-égò dzesãcolecô XIX stolatégò.
Linux je ùżëczëwóny wedle wòlny licencëji GNU General Public License.
Są to głównie kwasy: oleinowy, linolowy, linolenowy i kwasë: arachidonowy, eikozapentaenowy, dokozaheksaenowy.
Założëlë je Tomasz Dorn (perkùsëjô), Tomasz Frost (basowô gitara), Bernard Szarafiński (gitara) ë "Mirek" (spiéw) - pózdzé na jegò plac przëszëdł Waldemar Jędyczowski.
Dlôte przed wschòdã słuńca, przed rezurekcyjną Mszą sw., dobrze bëło są ùmëc w rzéce abò strëdze, kò takô wòda mògła cëdowno dzejac.
Jakno filmòwi òperator je mòcnym przëstojnikã filmòwi stążczi, ale bëlno rozmieje sã na cyfrowëch fòrmatach.
Jich dzóbk je môłi i krótczi.
Jegò wierztë céchùje wielgô dozdrzeniałosc pòetickô jak chòcbë ten "Ò kamieniach" z tegò zbiérkù.
Pierwszé robòte nad silnikiem òdrzutowëm prowadzono w latach 30. XX stalata.
Òd XIX w. rozwijô sã turistika, òsoblëwò w wëpòczinkòwych môlach wzdługą pòbrzegù.
Tak zwóny „stopaż” registra òkreslô długòsc nôwiãkszi piszczówczi danégò głosu w stopach i jegò wiżawã w stosunkù do mùziczny notacji.
Je to 1712 rok naszi erë (pò narodzenim Christusa), 712. rok drëdżégò tësąclecô, 12. rok XVIII stolatégò, 2. rok 2-égò dzesãcolecô XVIII stolatégò.
Òd 1702 rokù òna bëła dlô wszëtczich lëdzy.
D. Szulëst lubi rzeczónkã: “Wiedno Kaszëbë.
Pòtemù né jenerôłowë bëlë zamknące w sôdzë.
Ji pòkrëwë są żółté, na chternëch je dzesãc czôrnëch pasów.
Gdańsk : Zrzeszenie Kaszubsko-Pomorskie, 1982, ss.
Tu je sedzba gminë Kòczała.
Pisklãta starszi dozérają razã.
Pëszny je tpzw. padalc turkùswowi, chtëren na cemnym spòdlim przédnégò dzélu cała mô mòdré pónktë.
Ùczestnienié wòdë stało sã òrãdzą zôkôzu ji zaczapaniô, m.jin. ze strachù przed pòmstwą demónów.
Wiérzchùcëno òstało w Niemiecczi Rzeszë.
Kòlibrë żëją w òbù Amerikach, na òstrowach Karaibsczégò Mòrza i Spòkójnégò Òceanu.
Zwëczajny mòrénk (Coregonus lavaretus) - to je rëba z rodzëznë łososowatëch (Salmonidae).
Je to 1861 rok naszi erë (pò narodzenim Christusa), 861. rok drëdżégò tësąclecô, 61. rok XIX stolatégò, 1. rok 7-égò dzesãcolecô XIX stolatégò.
Drobnokwiatowi tuj (Erysimum cheiranthoides L.) – to je ôrt roscënë z rodzëznë kapùstowatëch Brassicaceae.
Bruny miedwiédz dobrze biegô i płiwô, a zjôdô susczi, rëbë a téż roscënë, a nawetka miód.
Jegò robota polégô m.jin. na rozkoscérzanim kùlturë Kaszëbów przez wëdëwanié i drëkòwanié w dzysdniowim pisënkù dokôzów kaszëbsczich lëteratów.
Procëmnô - ja piãknô, mô smùkłé cało, klatë sygają jaż do nogów.
Narychtowóny elementë najrychli sóm naklejóny na zdobioną pòwierzchniã tak, że pòwierzchnia pasyka je w stosunkù do nié prostopadłô.
Òbczas kòrejańsczi wòjnë (
Kaszëbsczi wësziwk je colemało sétmëfarwny.
Béł òn westrzódkã tzw.
Pierszi mecz midzëpaństwòwi béł rozegróny 13 séwnika 1925 rokù w Halle: Miemcë – Aùstriô 6:3.
Blag wëchôdô na jedny CD ë zamëkô w se aplikacëje nóterné do brëkòwniô kòmpùtra jakno domôcegò desktopa plus cziles programów do serwerów.
We wsë mieszkało 99 lëdzy w 2005 rokù.
Parchatnica abò zwëczajny kąter (Bufo bufo) - to je łaza z rodzëznë kąterowatëch (Bufonidae).
Mieszkô w Gdini.
Szkòłów bò Szkòle Kalasancjusza ùczniwie mają sã ùczëc pòbòżnoscë, czili spełnianiôswòjich òbòwiązkówwòbec Bòga, starczich Òjczeznë.
Tłuszcz ówsany je bògati w nienasëconé kawasë tłuszczowe.
Dzãka Kaszëbsczi Jednoce na nowò zaczãła sã medialnô diskùsjô na témã sztatusu kaszëbsczégò lëdu ë terôczasnégò stanu sprawów zrzeszonëch z kaszëbską rësznotą.
"Jô baro rôd jem, jakno jeden z naji Môłi Tatczëznë, że Bòżé Słowò je przetłomaczoné na jãzëk kaszëbsczi (.
Mòże niejedny wieszczi mielë za żëcô pòrfiriã?
Cantharellus cibarius var. salmoneus L. Corb.
Z ògródków je swiżi ògardowizna do jedzeniô.
Na Kaszëbach wëstãpiwają rozmajité sztôłtë wiéchrzëznë zemi.
Kòsnica - to je maszina ùżiwónô np. w gbùrzëznie do seczeniô np.
Basowô stróna: knąpczi ùłożoné w rzãdë i rédźi.
To drudżé w robòtniczi gwarze òznôczo cos niespòdzajnegò, a téż pòzdrówk.
Mô czôrnolilewé pióra, chtërné w słuńcu baro sã łiszczą.
Tu je Kilimanjaro, nôwëszô wëszawa Africzi, co ma 5895 m. W Tanzaneji je téż baro wôżny, nôtërny rezerwat Serengeti.
Do kùńca roku je 25 dniów.
Pòjedinczi òbrôz nazéwô sã „klôtką” i dzeli sã na niwné i pionowé linie.
W wiliowi dzéń Kaszëbczi szëkùją òd rena w chëczach: warzą pòstné wilëjné pòtrawë na wieczerzã, sprzątają, szëkùją swiąteczné môltëchë.
Polskie Górnictwo Naftowe i Gazownictwo (PGNiG) abò Pòlsczé Pétrochòwé Górnictwò ë Gazownictwò - to je znónô firma (wëcmanizna).
Je to 1455 rok naszi erë (pò narodzenim Christusa), 455. rok drëdżégò tësąclecô, 55. rok XV stolatégò, 5. rok 6-égò dzesãcolecô XV stolatégò.
Wëgódno sã z nią bëło jisc piechti i na kònno jachac.
Mak (Papaver L.) – to je szlach roscënow z rodzëznë makòwatëch (Papaveraceae).
Temù téż ògón je nôbarżi rozpòznowóną znanką tegò ptôcha w loce na wiôldżich wësokòscach.
Są henë mrozné a dłudżé zëmë.
Piotrëszka (Petroselinum crispum) - to je dwalatnô roscëna z rodzëznë zelerowatëch.
Kaszórk - to je rãczno miechòwatô séc na pałągù i dłudżim szachù do łowieniô rëbów w błotkach, a téż rowach.
Jich zaczątk naczôł nowi cząd Trzech Królestw Kòreji, jaczi wiele dôł dlô rozwiju kòrejańsczi ë japòńsczi kùlturë.
Draszmaszina - to bëła maszina ùżiwónô w gbùrzëznie do draszowaniô (òddzélaniô zôrnów zbòżô òd kłosów), terô to colemało robi kòmbajn.
Je to 1429 rok naszi erë (pò narodzenim Christusa), 429. rok drëdżégò tësąclecô, 29. rok XV stolatégò, 9. rok 3-égò dzesãcolecô XV stolatégò.
Wedle spisënkù w 2000 rokù w Arizonie mieszkô 120 tësący lëdzy pòlsczégò pòchôdaniégò.
Òna je w Stôrim Testameńce.
Pierwim Eùropejczikã, chtëren nawiedzył òbéńdã przińdnégò Nowégò Jorkù béł Giovanni da Verrazzano w 1524 rokù.
W ni mòże òbezdrzec egzoticzné drzéwiãta, krzaczi ë jinë roscënë (np. palmë, kaktusë).
Òne są piekłé z dwóch strón na òléju w patelni.
Dzél jich trafił na Pòmòrską ë Sląsk, a dzél za wschòdną grańcã.
Kaszëbsczé kwaszoné gùrczi są dosc znóné w Pòlsce.
Pùńktë rechòwóné są w zależnoscë òd môla, z chtërnégò grający próbòwôł strzélnąc.
Czej fùndacëjô ju nie chca dali robic nad Mozillą, tej nalézle sã dobrowòlnicë jaczé przejąlë dalszi rozwij paczéta programów.
Leżi nad rzéką Temza.
Napisôł słôwiącé snôżotã swòji tatczëznë Sonety kaszubskie (1986) pò kaszëbskù i pò pòlskù.
Lëdze dwamòwné mają wiele lat ùczbë za sobą.
We wspòminkach pòjawia sã nôzwëskò majora Grzmòta-Skòtnicczégò, chtërny miôł zòrganizowac grã w Szczipiornie, ale téż kaprala Antoniégò Jarząbka.
Historia Kaszubów w dziejach Pomorza t.1 Czasy średniowieczne, Gdańsk 2006.
Jakno organizacëja midzënôrodnô funkcjonëje òd 1 gòdnika 2009 rokù.
Vector Linux mô ùżëcé òd domôcëch desktopów do serwerów.
Do kùńca roku je 139 dniów.
Strzélają z fùzji i batów.
Bòcónë bùdëjã wiôldżi òkrãgłi gniôzda z ùłożonych warstwama wietewków pòprzetikónych szligama.
Do kùńca roku je 83 dniów.
Klamra - mòże bëc kòl pasa i mô spinac dwa jegò kùnce ze sobą (czasã z jinym pasem).
Jegò igłë kòlą i są w òkółkach pò trzë.
Błotnô niezabôtka (Myosotis palustris (L.) L. em.
Òn je téż stosowóny w pòezji.
Do kùńca roku je 58 dniów.
Jakno dzëckò jãkała sã i beła dosc wstëdléwa.
Władisłôw béł żeniałi z Gertrudą Radzejewską.
Gduńsk je historëczną stolëcą pòrénkòwi czãscë Pòmòrsczi.
Taką ùdbã przedstawił òn w 1523 rokù w dokôze „Ò pòrządkù nabòżeństwa w zbòrze”.
Sulësłôw - kaszëbszczé miono chłopsczégò ôrtu.
Leptinotarsa decemlineata) – chrząszcz z rodzëznë Chrysomelidae.
Nënka Katarzënë zaprowadzëła jã tej do pòbòżnégò pùstelnika, syrijsczégò mnicha, znónégò z mądroscë i pasownëch doradów.
W westrzédnëch i nordowëch dzélach kraju górzësti krôjòbrôz, na nordowim pòrénkù grzëpòwati.
To bëła mùżdżówka - pòzabicé w trón - m. jin.
Drãgòscë dodôwô fakt, że greńce òbéndë zwóny "Kaszëbskô" przesëwałë sã w cygù stalatów na pòrénk.
Nie mdzesz miôł cëzëch bògów przede mną.
Chòc tuńce są czãsto widzony za gòdowi, to wëkonywóne są tęż pòza czasa lęgòwim, na molach òdpòczinkù.
Widłë – rãczné nôrzãdzé, chtërno brëkùją czasã np.
Do kùńca roku je 121 dniów.
Lilewô szczipówka (Carabus (Megodontus) violaceus) - to je dosc wiôldżi bączk z rodzëznë szczipówkòwatëch (Carabidae).
Do kùńca roku je 115 dniów.
Winrich von Kniprode (ùr. 1310 – ùm.
Pò egzaminie dozdrzelałotë mógł w 1862 rokù zacząc sztudérowanié w Dëchòwny Seminarëji w Pelplinie.
Zôczôł téż twòrzëc swòjù òrginalnu stegna filozoficznëch ùmëslënków,chtërne doprrowadzałé gò do filozofjiô drame i metrafizyczé dobra.
W 2017 òstôła wybrôna Sportowcã Rokù 2016 w plebiscycie Przeglądu Spòrtowègò.
Rodzëcama Władisława bëlë Gùst i Makrina Kònefka.
Kùli cã trzeba trzëmac, nen leno sã dowié, Chto cã stracył.
Kwiatnik mô môłi kòrzéń i dlôte òna nie rosce na biôłim piôsku.
W tim czasu mòcny béł tu mieszczónowi stón, a òn dôł dosc wiele dëtków na lëterską szkòłã, ale béł téż stôwiôrz dodómù Ferberów w Gduńskù.
Òn wspiéróné przez ksyżãt szerzwił deje refòrmacji.
Wiolgô Britanijô dawa kolonji miono Aùstralëjô z łacyńsczego jãzeka Terra Australis Incognito, Zemia Półniowô Nieznanô.
W 1910 rodzëzna przeniosła sã do Andrzejewa, gdze ùmarła mëmka.
Do kùńca roku je 132 dniów.
Pòlskô zbrojnô zdrëszëna bëła z bamberzczim biskùpã Òto.
Zwëczajny skąks (Mephitis mephitis) - to je ôrt suska z rodzëznë skąksowatëch.
Nordowô Kòreja pòdzélonô je na dzewiãc prowincjów, trzë specjalnë òbéńdë ë dwa gardë sprôwióny bez rząd (chikhalsi, 직할시, 直轄市).
Mòdrôk (Centaurea cyanus L. 1753) – to je roscëna z rodzëznë astrowatëch.
Przë sadzenim na zymkù mùszi pamiãtac, że nôchùtczi wegetëją: skòwrónk, òska i brzózka.
Je to 1884 rok naszi erë (pò narodzenim Christusa), 884. rok drëdżégò tësąclecô, 84. rok XIX stolatégò, 4. rok 9-égò dzesãcolecô XIX stolatégò.
Kamień Pomorski, miem.
Roscëna òbjãtô je w Pòlsce òchróną òd 1957 rokù.
Są dwie mòżnotë trafieniô - w brómkã abò w 1 òd 5 òbrãczów na brómce.
Kòlanowô przedżiblëna (Articulatio genus) - to je ù człowieka nôwikszô przedżiblëna, chtërna łączi ùdowi gnôt z gòlénią.
Do 1637 rokù Zôpadnô Pòmòrskô bëła samòstójnym państwã rządzonym przez dinastëjã Grifitów.
Najwyższym szczytem Tatrów je Gerlach (2655 m npm) leżący w Tatrach Wysoczich.
Strzél z cross zone do òbrãczë wôrt je 8 pùńktów – i taczi strzél nazywô sã kronum.
Piôsznica - to je rzéka dłużawë 28,6 km.
Wielëna òpadënków òd 800 mm na pôłnim do 1200 mm na nordze.
Dzysu pątnicë wëbiérającë sã do Hiszpanie znôwù jã òdwiedzają.
Dzejarze stowôrë są dbë, że kaszëbskô nôrodnô rësznota brëkùje kònsolidacje, a rozwij nôrodnégò pòzdrzatkù je nôlepszą drogą òchrónë i rozwiju kaszëbsczégò kùlturowégò bògactwa.
Czas jednégò ùłożënkù wënosy kòl 2:30 min.
Nôwiãcy bòcónów pòjôwiô sã na môlekach pòdolnëch.
Pòpùlacje nordowi i wschòdni migrëją na zëmã na pôłnié.
Wnetka pò tim pòéta òstôł zamkłi w sôdzë we Wilnie za dzejanié w krëjamnym Towarzëstwie Filomatów.
Jegò liturgiczné wspòmnienié w katolëcczim Kòscele obchôdô sã 29 czerwinca.
W dzysdniowim czasu Kaszëbi są jedurnyma bezpòstrzédnyma òtrokama Pòmòrzanów.
Ò wieszczich są pòdania zwëskóné lëterackò, zrobile to np.
Z roslen je eukaliptus i tea-tree: herbaciane drzewo.
Z 1315 rokù pòchôdô pierszô zmiónka ò wsë, leno Ecser bëł tam ju òd 896, czedë najachôł jen nôrod madżarsczi.
Roztrzasł òn sã przë starce z latawiska w Monachium.
W tłësty czwiôrtk statystyczny Pòlôk zjada 2,5 pùrcla, a wszëtcë Pòlacë razã w tém czasu jedzóm jich kòl 100 milionów.
Temù dërch rosce wielëna i baza agroturisticznëch gòspòdarstwów.
Je to 1718 rok naszi erë (pò narodzenim Christusa), 718. rok drëdżégò tësąclecô, 18. rok XVIII stolatégò, 8. rok 2-égò dzesãcolecô XVIII stolatégò.
Ògleswiatowi krizys miôł tu òsoblëwò cãżczi przechôdënk — wiele inwesticëjów òstało strzëmané a bezrobòcé ùrôstało.
Rozrôstała sã wspólnota, zbierającô fùndusze na prowadzenié szkòłë.
Grôd czasa je le wiôlgòscë zôrna grochù, ale mòże bëc téż wiôldżi jak kùrze jaja abò jisz wikszi.
Nym jãzëkã gôdô kòl 21 milionów lëdzy.
Ùsôdzca wicy jak 2 200 robòtów, w tim wiele ksążków.
Przë tim 1,7 mln Szkòtów mieszkô w aglomeracje Glasgòw ë 0,5 mln w Edinbùrgù, to tak òglowò je to dosc pùsti krôj.
Òstateczné Manchester United pòwstôł 26 séwnika 1902 roku.
Argentina je òsmim co do wiôlgòscë państwã swiata.
Towarzą tam Pawłowi Barnaba ë Jan Mark.
Je to 1700 rok naszi erë (pò narodzenim Christusa), 700. rok drëdżégò tësąclecô, 100. (i slédny) rok XVII stolatégò, 10. rok 10-égò dzesãcolecô XVII stolatégò.
Nôcetka abò nokce (Calendula officinalis L.) - to je roscëna z rodzëznë astrowatëch (Asteraceae Dumort).
Temù bédowóné spòsobë zakłôdaniô ùprawów, jich zortowégò składu i wëzwëskaniô samòséwów, dôwają bëlniészé zachòwanié biologiczny rozmajitoscë i lepszi stón zakłôdónëch lasowëch ùprawów.
Wedle legeńdë gard òstôł założony w 2333 rokù p.n.e. jakno Wanggŏmsŏng (왕검성; 王儉城).
Teòreticzny kòsmòlogòwie zato mają nôdzejã duńc do pòznaniégò cawnotë rëmòczasu, mimò wiôldżi grãdoscë z zachòwanim empiricznëch ògrańczeniów w taczich rozważaniach.
Z kaszëbsczégò "Żëcé i przigòdë Remùsa" przedolmacził na pòlsczi Lech Bądkòwsczi, ale są téż dolmaczenia w jinëch jãzëkach.
W tim samym czasu ùsëchô i òdpôdô kwiatnik.
Baro zdatną òsoblëwòtą K-meleona je gwës téż mòżnota parłączenia lënków w karna, przë czim lënczi mògą sã pòwtôrzac w wszelejaczich karnach, przezérnik zamëkô téż w se RSS-czëtôrza.
W Americe Indianowie gôdalë, że stolemny ptôch Thunderbird mòże sprowadzëc gromówkã z piorënama.
Pòchwôt fòtografijô pòchôdô òd grecczich słów: φωτος (fotos) - "wid", ë γραφις (grafis) - "céchòwac".
Barżi rechùje sã ùdba na przëcygniãcé turistów i zafédrowanié jima atrakcjów.
Łapùcha (Chenopodium album L.) – to je jednorocznô roscëna z rodzëznë łapùchòwatëch.
Pszczolnik, cybaba, rudëkrop (Pyrrhula pyrrhula) — môłi ptôch z rodzëznë łëzgôczów (Fringillidae).
Biegôcz (Calidris alpina schinzii) môłi ptôch z rodzëznë bekasowatëch.
W tim dniu Spòdlecznô Szkòła w Starzënië dzãkã staranióm miestnëch panôrzów dostała miono Władisława Kònefczi.
Mòwny òbrôz „nôtërë”, móże pòkazac na stôrodôwné mòdłò - w przëblëżenim - jakno tzw.
Slëmiénie sã ùznôwóné za nôdłëżi żëjãcé wieszczórczi.
Dzysdnia wiele firm produkùje baro dużo różnëch o zróżnicowanych stopniach kontrolë, szëbkòścë, rotacjë.
Pòtemù òn béł przédnikiem w Karnie Sztudérów Pòmòraniô.
Na òbszarze Pòlsczi nôwiãcy wëstãpùje na Warmii, Mazurach i na Pòmòrzu.
Pisywôł z badérómama ë jinstitutama, chtërne - prakticzno jakno jedurné - jinteresowałë sã jegò robòtama.
Célã Òlimpiadów Specjalnëch je wspòmòżenié rozwòju lëdzy z niepełnosprawnoscą jintelektualną przez zagwësnienié jima wzãcô ùdzélu w treningach i współzawòdnictwie spòrtowim.
Pòdlasczé wòjewództwò zajimô 20 187 km i je na 6 môlu w Pòlsce żle to jidze ò wiéchrzëznã (6,4% wiéchrzëznë Pòlsczi).
Pełnią służbã pòsélców, chronią lëdzé i spisują wszëtci jich ùczinci.
Tu je archikatédra, chtërnã zaczãlë bùdowac w 1163 rokù.
Ten chtëren mô pòdpisóny czek mòże chcec zôpłatë sëmë pòdóny w czekù.
Mikòłôj przëchôdô 6 gòdnika, wkłôdô miodnioscë do bótów, a nicht gò kòl tegò nie widzy.
Ôd 2002 rokù góra stała sã pùstelnią òjców Frãcëszkanów z prowincëji sw.
Wiérzchòwanié - to je nôwëższi môl gdze schôdają sã dwa dzéle dakù.
W ni dzece ùczą sã m. jin.
Diôbli pãpk (Boletus satanas Lenz.) - to je grzib z rodzëznë bòrzónowatëch (Boletaceae).
W wiãkszoscë zgrëpòwani są w òkòlim Phoenix.
Jôżdż (Gymnocephalus cernuus) – to je rëba z rodzëznë òkùnkòwatëch (Percidae).
Lësowatô kania czãsto lecy na prostëch abò letkò zdżãtëch skrzidłach, co w sztôłce przëbôcziwô lëtrã M. W chùtczim i chwatczim loce mô prawie wiedno rozkòscérzony ògón, chtërny czasã sã przekrzéwiô.
Jakno wikari béł w czile parafiach.
Kòle trzecy pò pôłnim naszęgò czasu òdmôwiô sã dzewiątą gòdzënã (Ennate Hora), chtërna je rozwôżaniém ò smiercë Jezësa, jakô bëła ò ti gòdzënie.
Bùlewnô stonka mô òwalny, wëpùkłi sztôłt.
Pò wòjnie òn czerowôł szkòłą w Strzelnie.
W latach 1349 – 1352 Kdzmiérz Wiôldżi òpanowôł wiãkszosc Rusë Halickò – Włodzmiersczi.
Chojnice ; Gdańsk : Zrzeszenie Kaszubsko-Pomorskie, 1984, s. 141.
Rosce tu m.jin.
Równak òb czas szwédzczégò pòtopù w 1656 rokù twierdza òsta baro mòcno zniszczono.
Stosunek mas zarniaków ma sã jak 3:2:1 stądka piersi zarniak (bùten) ma masã nôwiakszą, dredzi mniôszą, a trzëcy nômniôszą.
Stolëca i nôwikszi gard to Buenos Aires.
Niżódnô z dotëchczasnych teòrëjów nie pòtkała sã z òglowym akceptã.
Òb czas gòdów wiele żab z ti rodzëznë przejôwiô mòcny terytorializm.
Jesz nie je dowiodłé, czë Pùrtk je naszim rodzmim dëchã, czë téż mieńwò jegò pòchôdô òd miemiecczigò "der Pure" - co znaczi tëli jak "ten głëpc".
Dosc wiele ò nim napisôł prof.
W Pòlsczi je ninia 16 szesnôsce wòjewództwów.
Czeskô Repùblika je parlamentarną demokracëją.
W 2010 rokù D. Szulëst dostôł za swòje dzejanié Kawalérsczi Krziż z Pòlsczi.
W tim cządzé òdbëłë sã zwielono różné pòwstania i wòjnë procëm Anielczików.
Gra je rozegracëjã wedle wëznaczonych riglów, jakbe ôrt biôtczi rozgrywunô wedle ustalonych zasad.
Kòscérzna mô apartné ùrzãdë dlô gardu i wiesczi gminë.
Totalitarną wëszëznã sprôwiô òpiartô na deji juche Partëja Ròbòtë Kòreji.
Krowa czasem mia na chrzepce swãgòrë, a òb lato sã gzëła ë ùcéka do krownie.
Òsta òna baro pòzytiwno òtaksowónô przez pòmòrsczé media ë pòlsczé mùzyczné cządniczi.
Wezwanié zaczinô sã wersetama "Panie, Wë òdemknijcë mòje wardżi / a mòje lepë bãdą głosëłë Twòjã chwałã", pò czim nastąpiwô psalm z responsoium (refrenã).
Krzyż Wielkopolski, miem.
Dzãka wësoczi zawôrtoscë skrobi pòsôdają wësoką kôrmną wôrtosc.
Pò bòkadny miôrcë wiédzë Cénôwa dëcht nôterno rozwôżôł sztudia teòlogiczné ë kariérã ksydza.
Wë wsë nachôdô sã ùrzãd gminë.
Òn przënôlégô do karna lëdzy, chtërny bëlë wëprzédniony przëznôwónym przez Karno Sztudérów Pòmòraniô Medaliã Stolema.
Niejedny gódają, że to mòże bëc môl nijak nie zamieszkóny, jinaczi: bezlëdzé, pùstkòwié, pùstkòwizna, głëszëzna, głëszô dzëwizna.
Krëczczi żëją wetka w całi Pòlsce.
Mionã stolëcë òpisëje sã téż môlë môlowëch wëszëznów dlô mniészëch òbéńdnëch jednotów (wòjewództw, stanów, prowincëjów ëtd).
Jegò "Zarzekłé kamë" ze zbiérkù "Cëdowny wzérnik" (1979) są kaszëbsczim tekstã w ksążce A. F. Majewicza Języki świata i ich klasyfikowanie, PWN Warszawa, 1989.
Òne lubiłë mùzykã ë tuńc.
Jadowiti jastrownik (Ranunculus sceleratus L.) - to je ôrt roscënë z rodzëznë jastrownikòwatëch (Ranunculaceae).
Lesnô kòzogrësc (Anemone sylvestris L.) - to je roscëna z rodzëznë jastrownikòwatëch (Ranunculaceae).
Cãżkò je òkreslëc czas stwòrzeniô didgeridoo, le pòwszechné je stwierdzenié, że je to nôstarszô jinstrumenta mùzicznô na swiece.
Ji gãbny aparat je grëzącégò tipù.
Z tegò lagru òni brelë jednëch tam, jinszich dze jindze.
Òna bëła òchrzconô w 1927 rokù i wiele zrobia dlô katolëcczich robòtników.
Je to zjinaka scéranégò kamiznë òb kamòwe òkrëszënë, chtërne zrëchône sã wòdnima dënëgama.
Strzébrznô wierzba (Salix alba L.) – to je drzéwiã z rodzëznë wierzbòwatëch (Salicaceae).
W epòpeje "Gilgamesz", czëtómë, że Enkidu, primitiwny stwór, półczłowiek-półzwiérz, pò wëpicém sétmë grónuszków piwa stôł sã człowiekã.
Pòlsczi je ùrzãdnym jãzëkã państwa, le prawò dôwô nôrodnym miészëznóm mòżlëwòtã ògreńczonégò brëkòwaniô swòjëch jãzëków w gminach dze stanowią wicy jak 20% pòpùlacëji.
Lëdze przënoszają do kòscoła palmë, chtërne pò pòswiãcenim bãdą zaktłé za swiãté òbrazë i kòl kropelniców, żebë chrónic chëczë òd złégò.
Dobòrowanié mòże jic nôtëralno abò sztëczno.
Widząc to Grece rëszële téż co sëł w nogach ë przëbëlë do Aten w tim samim czasu co Persowie.
Słowò ubuntu pòchôdô z jãzëków pôłniowò-afrikóńsczich plemión Zulu ë Xhosa ë òznôczô człowieczestwò dlô wszëtczich.
Òn béł kapłanã Bòga Nôwëższégò i królã Szalemù.
W 1946 rokù béł wëswiãcony na ksãdza.
Bërczk – to je zôbôwka zrobionô z wikszi knąpczi z dwùma dzurkama, przez chtërne przewlokłô je dëbeltnô nitka.
Michał Nawka - (ùr.
Z zôpadu na pòrénk Pòlskô rozcygô sã na 689 km, co je 10° 01'.
Z tim jak knôp stôwô sã chłopã - je rozmajice w rozmajitëch krajach.
Lasowi charzt (Carex sylvatica) - to je ôrt roscënë z rodzëznë Cyperaceae.
Jigrzan - je to strogòtlëwi duch, ògradzan jigrów i jigrzëcznëch, ùbaw, tunów i wszelejaczich rozgracëji.
Syjamsczi krokòdil (Crocodylus siamensis) – to je ôrt gadzënë z rodzëznë krokòdilowatëch.
Ni béł to jednak kùnc walk.
Pasownó gra mòże rozkòscérzac cëchë òsobòwô i rozëm młodigò człowiéka.
Òd négò czasu ji kariera artisticznô sã chùtkò rozpãdzëła i nabrała mòcë.
Mòżna je wëkòrzëstac do dekòrowané kart òkòlicznoscowëch, ramków na odjmczi, tasziach na dôrenczi, òzdobów świątecznych itp.
Córkô Uranosa (Nieba) i Gai (Zemi).
Nakło (pòl. Nakło nad Notecią, miem.
Kòsa – to je rãczné nôrzãdzé, chtërno brëkùją czasã np.
Mòdlëtwa – czinnosc kùltowô, wystãpującô w wielu religijach.
”,8 z jaczim pózni sã rozestôł.
Blëżô Seulu do DMZ to sprawa zwikszónégò bôczënkù sztrategów.
Ni gęsë tłësti, le serce czësté i ti kąsk miłotë!
Mało czedë bòcónë jedzą żabë, jeżle mają na òkù cos jinszégò.
Neuenburg 1886, Nowè (Cenôwa), gwar.
Nôbarżi rôd jedzą semiona, orzechë, òdpôdczi.
Filantropiô (greczëzna: φιλανθρωπία philanthrōpia) – to je dzejanié lëdzy abò jinstitucji, chtërne bezzwëskòwno dôwają financową abò materialną pòmòc tim co ji brëkùją.
Nôczãscy matematika je òkreslónô jakno ùczba chtërnô analizëje stwòrzoné przez nią abstraktné sztrukturë ë jich swòjiznë.
Pò dwùch òd kòżdi gromadë mô w ti akcëji swój dzél - célã je schwacenié balë i rozpoczãcé akcje swòjégò karna.
Òn je mni przezérny i barżi krëchi jak je zëmno òd LDPE.
Wësokô (we zdrojach: Visoka 1260, Vyssoka 1366, Noua Wyszoka 1521, Wissoka 1578, Wysoka, Wissek; pòl.
Òna rosce w letny conie nordowi półkùgli.
Je to meditacjô ò òstatnym spikù, smiercë.
Reprezentëje òn państwò na midzënôrodny arenie.
Nasebnô piérzô je noszonô prosto na cele pòd ruchnama.
Terô warëją robòtë nad ùsôdzenim szląsczégò lëtaracczégò jãzëka.
Przed kùńcã stôrégò rokù nôleżi òddac wszëtczé pòżëczoné rzeczë i nôrzãdza,spłacëc wszëtczé dłëdżi,żebë sã ùchróniec przed niedostatkã.
Béł uczęstnikę pierwszégò jeruzalemscziégò „soboru” (Ga 2,9) i przebiwôł bodôj w Palestinie jaż do żedowsczi wojnë w roku 66/67.
Tu są wërobinë rodzëznë Neclów.
Òna mùzykòwa i biwała na Kaszëbach, a bëła wëprzédnionô za swòją robòtã np.
Włochôcz (Lycopodium annotinum L.) - to je wielelatnô roscëna z rodzëznë włochôczowatëch (Lycopodiaceae).
Etnografné Mùzeum miona Marii Znamierowsczi-Prufferowi w Toruniu je samorządzëznową jinstitucją kùlturë, chtërna pòwsta w 1959 rokù.
Do artisticzny spôdkòwiznë Trepczika przënôlégają téż òbrôzë ë céchùnczi.
Czedës òna bëła płaconô do 1555 rokù.
Wôrt je téż brëkòwac do tegò bùtnowé zychrowùjącé programë ë antiwirusë.
Je to 1767 rok naszi erë (pò narodzenim Christusa), 767. rok drëdżégò tësąclecô, 67. rok XVIII stolatégò, 7. rok 7-égò dzesãcolecô XVIII stolatégò.
Òn ùsadzył wiele wiérzt w zbiérkach: "Procem nocë" (1970), "Cassubia fidelis" (1971), "Astrë" (1975), "Otemknij dwiérze" (1992) i jin.
Pòmôgô w nën spòsób zrobic plac we wòdze jezora dlô wiôldzi rëbë.
Òn mòże bëc na stôré lata.
Gdańsk : Zrzeszenie Kaszubsko-Pomorskie.
Do wërobu kawë ùżiwô sã 4 ótmianë, nôbarżi znóny to : Coffea Arabica i Coffea Robusta.
Łacyńsczi jãzëk (abò łacëzna, łacëna; łac. lingua Latina) – jindoeùropejsczi jãzëk z pòdrodzëznë italsczich jãzëków.
Przez wiele lat béł Radnym Òkòlnyégò Sejmikù Krézowégò.
No miasto bëło téż greńcowim gardã, w jaczim òstôł wëbùdowóny zatôrczny zómk.
Strzébrzny pòwroznik (Potentilla argentea L.) - to je ôrt roscënë z rodzëznë różowatëch (Rosaceae Juss.).
Lesyństwò to je produkcjô drewna w lasu i jiny gòspòdarzënk w nim.
'’’Manuał’’’ (z łac.
Je to 1736 rok naszi erë (pò narodzenim Christusa), 736. rok drëdżégò tësąclecô, 36. rok XVIII stolatégò, 6. rok 4-égò dzesãcolecô XVIII stolatégò.
Kòmisjô Gbùrzeniô i Rozwiju Wsë – to je jedna ze sztabilnëch sejmòwëch kòmisjów.
Płutkò - płiwało pò wòdze przë łowieniu rëbów.
W miesce dzecë bawią sã na gùtorni (placu zabawów).
Rózgòwnicë - to są lëdze, chtërny biją sami se.
Kùlturowô pòzwa – tikô sã pòzwów, chtërne òpisëją produktë kùlturë człowieka (np.
W XVI stalatim białczi nosëłë pòd sëkniama krótczi bùksczi zwóne kalesonama.
Nôpiérwi, czedë miôł 12 lat, zaczął pracowac ù swòjégò starszégò brata Jamesa we drëkarnie.
W pòòstałim dzélu Serbie klimat kòntinentalny abò strzódzemnomòrsczi (dosc chłodno i baro snieżësto òb zëmã, gòrąco i sëchò òb lato i jeséń).
Kaszëbskô nôrodnô rësznota, choc nié nôleżi do przédnégò żochù w kaszëbsko-pòmòrsczé rësznoce, mô równak wielelatną zwëcz.
Zymkòwi szafran (Crocus vernus (L.) Hill) – to je wielelatnô roscëna z rodzëznë józefkòwatëch.
Zwiksza wëższé sferë Prësôków mało dbałë ò kaszëbsczi jãzëk w XIX w. Syg kaszëbiznë òd kùli lat bezùstankòwò sã zmiészô.
Wëprowôdzô nas z bezchwatnégò cała i pòkazëje nama, dze më czedës bëlë i co nas żdże w przëchadnym.
Nôwôżniészą rzéką je Narew za swòjim wôżnym dopłiwã – Biebrzą.
Badérëje téż relacëje midzë apartnyma jãzëkama ôs dokònëje jejich klasyfikacëji.
Na tim òbszarze kòncentruje sã òk.
Jegò grób je w Nanning.
To bëła krzëżackô stolëca w latach 1309–1466.
Fliger, latawc – załogòwi abò bezzałogòwi statk pòwietrzny cãższi òd pòwietrza (aerodyna), chtëren trzimô sã w lewce dzãka wytwarzanej sile nosnej za pòmòcą nieruchòmëch, w danëch warunkach wzglãdem statkù, skrzëdeł.
Błotny mléczôk (Sonchus palustris L.) – to je ôrt roscënë z rodzëznë astrowatëch (Asteraceae).
Memka Iwòna bëła siatkarką pierwszòligwégò AZS Warszawa.
Zemnowòdny dërdest (Persicaria amphibia) - to je ôrt roscënë z rodzëznë dërdestowatëch (Polygonaceae).
Òne mògą bëc z nôwiązã.
Zmianë, jaczé më, lëdzë, wprowadzywómë w najim òkrãżim, są dlô niegò zagrôżbą.
Midzësłowiańsczi jãzëk (medžuslovjansky, меджусловјанскы) je sztëcznym jãzëkã nôtërnegò zortu, ùsadzonym w 2006 rokù òb karno interlingwistów (Jan van Steenbergen, Gabriel Svoboda, Ondrej Recznik, Igor Poliakow) pòd nazwą Slovianski.
KÒl Kairu je gard Giza, czej są egipscze piramidë.
Òna w 30. latach XX stolata.
W 1991 wëdôł antologiã nôlepszëch, jegò zdaniã, òpòwiesców lotniczëch Great Flying Stories, w chtërnéj zamiescôł równak swòjã òpòwiesc Pastùrz (znônò w Pòlsce ze zbiërkù Czysta robota).
Pòdczas òkupacji Frankfurtu przez wòjska francusczi w 1759 czãsto òdwiedzôł teatr francusczi w Junghòfie.
Alior Bank - to je bank w Pòlsce.
Jakùb Błaszczikòwsczi (ùr.
Je to roscëna léczniczô, ùżiwónô przë reùmaticznëch bòleniach ë inhalacjach w stónach zapôliwnëch gardła ë òskrzelów.
W tim bankù rządowô kasa mô wiôldżé znaczenié.
W XIII stalace béł tu wòjewòda Dobiégniéw.
Universidade Estadual de Feira de Santana (Ùniwersytet Feira de Santana) je wôżnym môlã dlô rozwiju nôùczi òd 1976 rokù.
W 2000 na ekrany kin wszedł pòlsczi film Prymas.
Òstałë pò nim le dwa òdjimczi ë jeden pòrtrét, namalowóny za żëcégò, na chtërnym równak mało szlachùje za pòstacą z fòtografii.
Zabrzadowałë òne pôra drobnyma pùblikacjoma ë wzmiónkama ò Cénôwie, a téż ksążką A. Hilferdinga „Nédżi Słowión na pôłniowim pòbrzeżim Bôłtu” (1862), w chtërny naj bòjatéra miôł stolemny ùdzél.
Wôżny w ni je chwôtnik, chtëren chwôtô nitkã.
Wanożną chłoscëną są tu w lasach kamiané krãdżi.
Dzele Aùstralëji to krezowe teritoria: Nowô Pôłniôwô Walijô, Wiktoria, Pôłniôwô Aùstralëjô, Queensland, Zôpadnô Aùstralëjô, Nordowe Teritorium, Òstrowë Tasmanija i Arnhem Land.
Tu roscą stolemne drzéwiãta baobabë i ôrt palmów ravinala; żëją tu téż apartne zwiérze kaméléónë, rabusznik fossa i 103 ôrtë lemùrów, chtërne żëją leno tu na swece.
Wëszawa Dekan pòstãpô w pòrénk ë zôpôd rańtowama gòrama (Pòrénkòwe ë Zôpôdne Ghatë).
Do kùńca roku je 32 dniów.
Karno Piesni i Tuńca Bazunë miona Aleksandra Tomaczkòwsczégò z Żukòwa - to je amatorsczi karno.
Òb zëmã je nôniższô ceplëzna lëftu w całim rokù i dosc wiele òpadu, czãsto zmiarzłégò, a wikszi dzél swiata roscënów i zwiérzãtów je ùspionô.
Pòre są w grëpie òb całi żëcé.
Firma Toyota òsta zalożoné przez Sakichiego Toyodę w roku 1918 ( Toyoda Spinning and Weaving Co.
Spòrtã zajimają sã dzéwczãta w wiekù òd kòl 4 do 24 lat.
Ten czerz to je wielelatnô roscëna drzewòwi ze zdrewniałim chłądã, chtërna sã nie pnie, a òd nôsôdu je rozwietwionô na wiele taczich samëch zdrewniałëch chłądów.
Ptôszëca skłódu 3-4 jajów a pò 24 dniach wëkluwają sã młodé.
W chtërny swiat dostôł lãk.
Terôczas gbùrskô wies.
Barni i ògrôdzô damkùw, mùczków, samsonów i milczków, a do nich to nôleżą wszëtczé gùsła, ùroczi i czarzbë.
Wôżne stôrodôwnotë w Gméwë to krzëżacczi zómk i Palast królowë Marysieńki Sobiesczi.
Zôs miemiecczi slawista z Górnégò Szląska Reinhold Olesch, miôł szląsczi za swòją rôdną mòwã.
Pò II swiatowi wòjnie nie dôwelë mù pòkù i òbskarżiwelë ò zmòwã z Miemcama, a zamãczało gò wierã ÙB w 1946 rokù.
Wedle Herodota pò skùńczony, zwëcãzci biôtce Greków z Persama w 490 p.Ch. ti òstatny wlezle na swòje òkrãtë i rëszële na bezbronny Atene.
Robiëlë lëchò w òczach Bòga.
Pòtemù òna dżinie.
Òn gôdôł, że je bùszny ze swòjich kaszëbsczëch kòrzeni.
Mają jedniegò partnerô w żëcym.
Szczecin, miem.
Wiele Kaszëbów mòdli są ò jak nôchùtszé wëniesenié Słëdżi Bòżégò Kònstantina Dominika na wôłtôrze.
Na chrzce dostôł miono Ferdinand.
Midzë 14. a 16. w. przëszlë w Nisczi Besczid wòłosczi pasturze, chtërni sã mieszelë z lëdztwã pòlsczim, słowacczim ë rusczim.
Witô wszësczich wanożników, chtërny warcëwają z mòrza dodomù.
Wielu nôrodnëch dzejôrzy w Pòmòrsczi w czasie zarabczeniô zôs nôleżników samòstójnoscowiégò pòdzemiô miało kaszëbsczi pòchòdzënk.
Ashanti Shaquoya Douglas, (ùr.
Znerwòwóny człowiek mòże so zrobic arbatë z tego zela ë to bë miało gò ùspòkòjic.
Je zrefòrmòwanym juliańsczim kalãdarzã, a ùsôdzcą jegò bëł Luigi Lilio.
Krëjamnô wiada przedërcha do naj czasów i jesz dzys dô ù nas lëdzy, co mògą ùroczëc i ùrok òdczënic, co pòd ògardzym Damka mògą różã i jiné bòląca zazegnac i procëmstawic sã rozmajitim chòtobóm i chëróm.
Je to 1719 rok naszi erë (pò narodzenim Christusa), 719. rok drëdżégò tësąclecô, 19. rok XVIII stolatégò, 9. rok 2-égò dzesãcolecô XVIII stolatégò.
Pò ùrodzeniô sã młodégò jéża kòlce są miãtczé a pózni robią sã twardé.
Rok pózni wëdóny béł drëdżi tom „Poezji”, w skłôd chtërnégò weszłë pòétnô pòwiesc „Grażyna” ë dramatë : II i IV dzél „Dziadów”.
Wielu z nich pòddôło sã germanizacëji czë pòlonizacëji, prawò to miało mùszowi abò nôtërny charakter.
Je to 936 rok naszi erë (pò narodzenim Christusa), 936. rok pierszégò tësąclecégò, 36. rok X stolatégò, 6. rok 4-égò dzesãcolecô X stolatégò.
Agens (z łac. agens — ‘dzejający’) – semanticznô kategòriô, jedna òd głównëch semanticznëch ról w jãzëkù.
Czôrné (abò téż: Hąmersztén; we zdrojach: Hamersteyn 1395, Hamersteyn 1466, Amersthyn 1493, Hamersztyn, Czarne (Słownik Geograficzny Królestwa Polskiego i innych krajów słowiańskich), Czôrnè (Cenôwa), Hômersztin (Cenôwa); pòl.
W ni m.jin. napisôle, że są Kaszubi (
Je to 1790 rok naszi erë (pò narodzenim Christusa), 790. rok drëdżégò tësąclecô, 90. rok XVIII stolatégò, 10. rok 9-égò dzesãcolecô XVIII stolatégò.
Kwiôte czterolёstinkòwi,zebroné pò dwa abò w pęczuszk.
Pismionem Zrzeszeniô bëła "
Robòta nad nim zaja autorowi dłudżé lata, a zacza sã òna ju w latach szescdzesątëch ùszłégò stalata.
Jôdny lińcuch - to je réga òrganizmów ùstawionëch tak, że kòżdi przédny je pòdstawą jôdë pòsobny.
Je to 982 rok naszi erë (pò narodzenim Christusa), 982. rok pierszégò tësąclecégò, 82. rok X stolatégò, 2. rok 9-égò dzesãcolecô X stolatégò.
Kò tak je, bò strukturë mùskù są czãsto w różnym stãpieniu narażoné na negatiwny cësk jaczégòkòlwiek patologicznégò procesu.
Òn żił w lasach m.jin. na Kaszëbach òd dôwnëch czasów.
Karno Sztudérów "Pomorania"
Terôczasny region òbjimô leno dawné nordowé Pòdlasze, a òkróm niegò dzél Mazowsza, Suwalską Zemiã, a téż skrôwki jinëch historëcznëch òbéńdów.
Ji mëma, Barnisłôwa z dodoma Boguskô herbù Topór, bëła katolëczką i prowadniczką warszawsczi pensji dla dzéwczãt.
Do kùńca roku je 69 dniów.
Strzelce Krajeńskie, miem.
Termin "filozofijô" pòchòdô òd grecczich słów philos (miłota) ë sophia (mądrosc), ë je dolmaczony jakno "miłota mądroscë".
Pierszi fabùlarny film ò Kaszëbach, wëreżiserowóny bez Riszarda Bera.
Ji wësziwk trafił np. do Wiôldżi Britanie.
Głównô klôsztornô cerkwiô (Pańsczégò Przemienieniô) to równoczasno swiątiniô parafijalnô.
Dokôzë lëteracczé drëkòwôł midzë jinszima w “Tatczëznie”, “Gazéce Kartësczi”, “Zsziwkù”, “Pomeranii” ë “Nordze”.
Marii Magdalenë.
W 1947 rokù w Ethel Barrymore Theatre wëstãpił janko Stanley Kowalski w pòkôzkù Tennessee Williamsa A Streetcar Named Desire.
Je to 959 rok naszi erë (pò narodzenim Christusa), 959. rok pierszégò tësąclecégò, 59. rok X stolatégò, 9. rok 6-égò dzesãcolecô X stolatégò.
Wiôlgòlëstnô lëpa (Tilia platyphyllos L.) – to je drzéwiã z rodzëznë lëpowatëch.
Jine miona gardu to Kisŏng, Hwangsŏng, Rangrang, Sŏgyŏng, Sŏdo, Hogyŏng, Changan, ëtd.
Wôżczi żëją òd 6 miesąców do 7 lat, z czegò wikszosc pòd wòdą jakno rabùszné pònarwë.
Je to 875 rok naszi erë (pò narodzenim Christusa), 875. rok pierszégò tësąclecégò, 75. rok IX stalatégò, 5. rok 8-égò dzesãcolecô IX stalatégò.
Jegò nôleżnikama są: Jan Borysewicz - gitara ë spiéw; Janusz Panasewicz - spiéw; Kuba Jabłoński - perkùsëjô; Krzysztof Kieliszkiewicz - basowô gitara; ë Michał Sitarski - gitara.
Karl Gottlob von Anton (ùr. w 1751 rokù - ùm.
Wëdóno na niégò lëst gòńbòwi, ë 6 strëmiannika Cénôwa òstôł pòjmóny na drodze ze Swiónowa do Stôjszewa.
Ôbram dôł jemù dzesąti dzél z wszëtczégò.
Tam zbiegiwóją sã jedurne na swiece régë gòr wëższé òd 7000 m n.r.m.: Tien-szan, Hindukusz, Karakòrum, Himalaje téż Kùnlun ë Sino-Tybeteńsczie Gòrë.
Możemë téż przëjimnąc, że czwiôrtô Ewanielëjô bëła osoblëwą apologiją (pochwałą, usprawiedlëwienim) Christusa.
Kù reszce, slédnô jinwazëjô Chińsczi Lëdowò-Wëzwòlenczi Armiji rozsądzëła ò przeznanim gardu Nordowi Kòreji.
Wies je pòłożona nad Łapalëcczim J., kòl 5km òd krézowégò gardu Kartuzë.
Òd séwnika 2003 r. współprowadzy wësziwôrsczé karna w szkòłach w Żukòwie.
Radiowé promieniowanié pùlsara je emitowóné jakno wiązka i jak na Zemi je òno òdbieróné, òznôczô to, że Zemia je w strëdzë tegò promieniowaniô.
Tëchòwò (pòl. Tychowo, miem.
W wiésze kłoski mògą bëc 2-3 kwiatowe, stądka mają 2-3 zarniaki.
W Pòlsce dominëją jinstrumentë ò pneumaticzny i elektropneumaticzny trakturze, co je rezultatã zapóznieniégò pòlsczégò òrganmésterstwa w XX stalatim.
Ta bazylika bëła zbùdowónô pò 1321 rokù.
To prosti sztëk eùkalipusowégò drzewa, pùstegò bënë.
Dzysô młënôrz je tu dosc zabôczonym warkã.
Platowi wëdowizne z skate punka to m.jin.
Canis lupus f. familiaris syn.
Mòrsczi pòrt w Hambùrgù je nôwikszim w Miemiecczi ë trzecim nôwikszim w Eùropie.
Colemało są to: p (piano), mf (mezzoforte), f (forte), ff (fortissimo) ë téż tutti.
Proces zéńdzeniô kaszëbsczich dijalektów w jednę oglowokaszëbską mowę ni mógł jesz dóńc.
Wëciągi z ziéla ówsa łagòdzą i mògą zapòbiegac ùszkòdzeniom wątroby.
Wespółczasno dlô zapisu ùkrajińsczégò jãzëka ùżiwô sã adaptowóny cyrilicë, jakô skłôdô sã z 33 lëtrów.
Sofia Rotaru (Sofia Mihailovna Evdokimenko-Rotaru), (ùr. 7 zélnika 1947) je ruską, ùkrajińską, môłdawską ë sowiecką spiéwôrką.
XIV-té stolaté ë panowanié Karela IV bëło złotim cządã dlô gardu.
Czesczé krezë są dzysô prakticzno znesoné, òstawionô je krézowô òrganizacëjô leno dlô sądowny władzë, policëjé (dôwné krézowé prowadnictwa bëłë òbrocené w tzw.
W 19. stalatim, czej Miłoszewò słëchało do familie Gerlachów, wëbùdowóny òstôł zaòstałi do dzys dwór, a téż jindustrijalné bùdinczi mączkòwnicë i ceglarnie (jaczich dzysô ju ni ma).
Òn je doktor chemie.
Łôsëno (we zdrojach: Łasin (Cenôwa); pòl.
Industrëjô sta sã kluczowim sektorã produkcëji w Eùropie ë Nordowi Americe òbczôs industrëjny rewòlucëji.
Òne sã ùznôwóné za nôdłëżi żëjãcé wieszczórczi.
Pólnô szczawa (Rumex acetosella) - to je wielelatnô roscëna z rodzëznë dërdestowatëch.
Są drobné i jasnożôłti.
Chùtkò zdrësził sã ze swòjim principałã, a téj - téż flot - pòsztridowôł.
Taczé mùżdżówczi òb jesén 1939 bëłë téż w jinëch môlach, ale we Wiôldżi Piôsznicë zabitëch bëło jaż 12-14 tësący lëdzy.
Schnitzelbank spiéwóny béł pò jarmôrkach, gòspòdach, wieselach, òbczas pòlterabentów czë roczëznów.
Nôbarżi z wizytë sw.
Dali skrącô na zôpôd òd rzéczi, przecënô Jezoro Trląg ë strzelensczé lasë, dochôdaje dò Skulsczégò Jezora, zajimô Brdowsczé Jezoro, Chodecz ë Lubień Kujawski cobë dochadac przez Skrwã do Wisłë.
Na nim gôdô król, a pòtemù szôłtës òbskarżiwô kaniã i lëdze téż to robią, sãdza wëdôwô òbsąd, a kat scynô ptôcha.
Żebë łowic na jezorach i rzékach rëbôcë wëkòrzôstiwają môłi czôłna, na mòrzach kùtrë, a do dalekòmòrsczich i òceanowich wialdżi òkrãtë.
W òstatnëch latach mòżna òbôczëc wzrost lëczebnoscë.
", a też krótczi fragment Nowégò Testamentu (wédóny w 1973 rokù).
Jich zadanim bëło przekònac Katarzënã ò ji błãdze i ùdostac jã dlô pògaństwa.
Òbrôzk:Poland Wejherowo - calvary chapel.
Wcyg jesz wëstãpiwô dosc wielno.
Plachcowi dërdest (Polygonum persicaria L.) - to je ôrt roscënë z rodzëznë dërdestowatëch (Polygonaceae).
Żółti dzëb z czórnym kùńcã, żółté nodżi.
Nôstarszim znónym zdrojã w jaczim pòjôwiô sã miono "Krajnô" je ùkłôd midzë Mestwinã II a Przemisławã II z 1282 rokù, równak historëcë ùznôwają, że no miono bëło brëkòwóné ju wiele wczasny.
Dzecny ògródk - to je specjalny teren zelonosce, robiony nôbarżi w gardach dlô dzecy ë młodzëznë.
Jakno ksądz béł nôprzód we Gduńskù-Òruni, a pózni w Chełmnie.
W strzédnëch wiekach szlachòtë grifa zjawiłë sã w Europie.
Twòje dzeckò bë miało miec leżnosc pòznaniô lëteracczi kaszëbiznë.
Ten ôrt lëdzy nie jimô sã niżódny ùtcëwi robòtë, le brzątwi w czôrnëch mëslach i roji ò tajemnëch szëkach czarodzejnëch.
Kùropatka (Perdix perdix) – to je wiôldżi ptôch z rodzëznë kùrowatëch (Phasianidae).
Pòrénkòwy dzél Syberëji to môl wëszawnô-gòrsczi.
Roscё téż dzёko.
Z nima mòże robic bùlwòwé miónczi np.
Wies je na szlachù wòjewódzczi dardżi 25px Tu je kòscół ë szkòła.
Tu w 2008 rokù mieszkało 218 lëdzy.
W VIII wiekù zaczął sã nôbiég wikingów, jaczi w 1014 w kùńcu òstôł òdparti przez armiã króla Briana Zuchternégò.
Pikón - je to mërawi duch, sprôwca kôłtunów i dołemnotë, zadôwóny przez czarownice.
Òbczas grë na jedny z klawiatur mòżna kòrzëstac z głosów, jaczi są przëpòrządkòwóny do jinszi klawiaturë (abò do czilka jinszëch klawiaturów narôz).
Lancetowatô szczawa abò lëpiéń (Rumex hydrolapathum) - to je wielelatnô roscëna z rodzëznë dërdestowatëch.
Béł baro zaangażowóny w òchronã rodë, ë témù zgrôwù mia téż służëc jegò fòtograficznô twòrzba.
Posen, jidisz פּױזן Poyzn) - je nôwikszim miastã ë historëczną stolëcą Wiôldżi Pòlsczi.
Chosŏn Minjujuŭi Inmin Konghwaguk, Nordowô Kòreja, skrodz.
Subisłôw - kaszëbszczé miono chłopsczégò ôrtu.
W latach 840-874 nad jezerem Balaton bëło Blateńsczie Ksyżestwò, w chtërnym rządzëlë pòsobicą Pribina ë jegò syn Kocel.
Roscëna ta je wskôzywôczem kwasnych zem.
Jidzenié pòkraczno, lecënk Chuck i dosc wytrzymale.
Nôlepszim zmôgã je cknienié, ale też maklënk, szmakã i słëch.
Pózni w 1936 rokù sztudérowanié nad menzuracją znaczno pògłãbił Marhenholtz, jaczi badôł pòdéndzenié òd srzédnëch wieków do pòłowë XIX st.
Zniemieckiego w Slawięsky ięzik wilozone Przes Szymana Krofea, sluge slova Bozego w Bytowie.
Pałac Opatów w Oliwie) - béł przebùdowóny w latach 1754 - 1756, a je òdbùdowóny w 1965 rokù.
Je to 1865 rok naszi erë (pò narodzenim Christusa), 865. rok drëdżégò tësąclecô, 65. rok XIX stolatégò, 5. rok 7-égò dzesãcolecô XIX stolatégò.
Je to 1879 rok naszi erë (pò narodzenim Christusa), 879. rok drëdżégò tësąclecô, 79. rok XIX stolatégò, 9. rok 8-égò dzesãcolecô XIX stolatégò.
Dzysdniowô bliza mô 41,5 m, zrobionô je z cemnoczerwony cegłë.
Je to 1886 rok naszi erë (pò narodzenim Christusa), 886. rok drëdżégò tësąclecô, 86. rok XIX stolatégò, 6. rok 9-égò dzesãcolecô XIX stolatégò.
Swiãtô góra abòrigeńskô to czerwiona góra Uluru, po anielsczemu Ayers Rock.
Haka – to je rãczné nôrzãdo, chtërno brëkùją czasã np.
W rokù 304 wstôwiôł sã za przesladowanyma chrześcëjańsczima legiónistama, za co òstôł skôzóny na smierc.
Òn sztudérowôł w Dëchòwny Seminarëji w Pelplinie.
Krze mògą bёc nawetka 3m dłudzi.
Pò tim jak òn przekôzôł to wiadło òn pôdł bez dëcha.
Pommern) bëłë prowincëją prësczégò państwa.
Tikô sã to lëdzy, jaczi pòsługiwają sã regionalnyma abò miészëznowima jãzëkama, a mòże to bëc np.
Òna je dosc małô i wôżnô w bënowim wëdzéliwaniu.
Pòwstało òno w 1981 rokù z jinicjatiwë Tom Araya (spiôw/basowô gitara), Jeff Hanneman (gitara), Kerry King (gitara) ë Dave Lombardo (perkùsëjô).
Wiele razy òno je nad mòrzã, w lese abò nad jeziorã.
Słowiańsczé jãzëczi.
W òbéńdze szôłtëstwa pòłożoné sã miészé kòlonie: Prokòwsczé Chrostë ë Mòkré Łaczi.
To zort roscënë z rodzëznë psiankòwatëch (Solanaceae).
Szari zajc (Lepus europaeus) - to je susk z rodzëznë zajcowatëch.
Béł razã z nim w Rzimie, Macedonii i Grecji.
Lës (Vulpes vulpes) - to je susk z rodzëznë psowatëch (Canidae).
Lasowi kùr (Tetrao urogallus) – to je wiôldżi ptôch z rodzënë kùrowatëch.
Swina (we zdrojach: Szvvine 1182, Zwina 1186, Zwijne 1577 (Stefano Bonsignori), Swinemünde; pòl.
Maszina do szëcô - to je maszina ùżiwónô do szëcô (łączeniô sztëczków elasticznëch materiałów z pòmòcą nitków przez zdzejanié zesziwków).
Jak ruta je zaropiałô, to przez nią je lëchò widzec.
Kmink, anys, szôłwija, rozmarión, majerónk, gòrczëca, czosnik są w módze i je corôz wicy krômów ze zdrową żëwnotą.
Długò wierzono, że Mozart zmarł w nãdzë i zapòmnieniu, pòchòwany w grobie dla ùbòdżich.
Biblëjô i apartné ji dzéle mają jinszé znaczenié nôbòżné dlô różnëch wëznań.
To dô kòl 3 tësacy ôrtów drãtewników.
W regionie tim mieszkô wiele lëdzy nôleżącëch do słoweńsczi miészëznë.
Baczińsczi òb czas wòjnë robił doriwczo i sztudérowôł pòlaszëznã na krëjamnym Warszawsczim Ùniwersytece.
Przez nitkã ë palce knąpka sã krãcy i jakbë brzãczi.
Za ne badérowania Mariô dobëła nôdgrodã Nobla z fizyki razem z ji chlopã Pierre i Henri Bacquerelem w 1903.
Je to 1697 rok naszi erë (pò narodzenim Christusa), 697. rok drëdżégò tësąclecô, 97. rok XVII stolatégò, 7. rok 10-égò dzesãcolecô XVII stolatégò.
Na swiece pòjôwiają sã różné wersje stołowégò tenysa, dze grô sã balą ò przemiarze 44 milimetrów czë tzw.
Je to 1731 rok naszi erë (pò narodzenim Christusa), 731. rok drëdżégò tësąclecô, 31. rok XVIII stolatégò, 1. rok 4-égò dzesãcolecô XVIII stolatégò.
Je to 1439 rok naszi erë (pò narodzenim Christusa), 439. rok drëdżégò tësąclecô, 39. rok XV stolatégò, 9. rok 4-égò dzesãcolecô XV stolatégò.
Òn dokùńcził christianizacjã państwa Wartësława.
Òkalëca - to je rzéka dłużawë 17,6 km.
Dzysô Smażëno je tipiczno gbùrską wsą.
Z Tadeuszem mieła w séwniku 1916 córke Marie-Christine Łempicką, pseùdonim Kizette, chtërną też malëwała na pòrtrétach.
Round Lake Centre - to bëła wnożëna Kaszëbów w Kanadze.
Czasã rozporządzenié Prezydenta RP mô mòc ùstawë, a niższi òd nich są zwëczajné rozporządzenia (ministrów).
Wiele wëdarzeniów, ò chtërnëch Frederick Forsyth pisze w swòji ksążce wëdarzëło sã pò prôwdze, wiele òsobistoscë jistnieje w prôwdzëwim swiece.
Jegò sztôłt mòże bëc pasowny do noszeniégò na pùklu i mòże miec do tegò pasowné pasyczi.
Ne zasadë wiążą sã w kòmplementarnë parë A-T i G-C, chtërnë jakò môłé strzonki parłãczą 2 dłëgë nicë deòksyribòzowe.
Bronzowi medalista w drëżënie Zëmòwëch Òlimpijsczich Jigrów 2018, a téż Mésterstwów Swiata w Narcarsczich Lotach 2018.
Przez wiele stalatów bùksczi zmieniałë swój fasón, długòsc i przëlgłosc.
Dzëwô panienka (Malva sylvestris L.) - to je roscëna z rodzëznë slôzowatëch (Malvaceae).
Róża mòże bëc zelonô, biôłô ë jasnożôłtô.
Pod nogama stolemów drżała zemia, że jaż w piekle bëło czëc.
Ale më naszigò pòwiãzu z przeszłotą i przëszłotą, i wszechswiatem ni mòzemë rozmiôc, bò felec nama krëjamny wiadë staroswiecczich Egiptów, co no stoja wiele wëżi jak teôrtnô wiada ùczałëch naszich czasów.
Séwnô lucerna (Medicago sativa L.) - to je ôrt wielelatny roscënë z rodzëznë bòbòwatëch (Fabaceae).
Kòl karna jezorów Pòtãgòwsczich jidze turistny Szlach Kaszëbsczi.
Gard leżi kòl geògraficznégò òstrzódka kraju, nad rzeką Świsłacz.
Pierwòszno wies zwa sã Kluczimòst a pózni Kluczewò.
Òne òbjimają òd 16 000 do 22 000 km² wiéchrzëznë i są krótkò rzéczi Rejn.
Tam papiéż wezwôł jich wszëtczich do dozéraniégò łączbë w rodzëznach, pògłãbianiégò znajomòscë swòjégò jãzëka ë przekôzëwaniégò młodim lëdzóm bòkadny kaszëbsczi tradicëji.
W 1988 rokù pò rôz pierszi stołowi tenys béł zapisóny w programie Òlimpnëch Jigrach w Seùlu.
Czej jidze ò Krajnã, to ùchowôł sã blós môłi (10 cm x 30 cm) dzélëk wësziwkù, jaczi przedstôwiô mòdré tëlpónë przeplotłé czôrnym òrnamentã.
W 1998 dobéł na nieòficjalnëch mésterstwach swiata dzecy – FIS Schüler GP w Garmisch-Partenkirchen – béł to jegò pierszi midzënôrodny sukces.
Dzysô nicht sã nie sromô, że je Łemkã.
Tak przërechtiwôją sã przed rozpòczãcym daleczi drodżi na zemòwiska pòłożony w Africe.
Ten rzimskòkatolëcczi kòscół mô barokòwą wieżã z 1709 rokù.
W latama 1202 i 1203 roku,zdradzóny przez drëcha dostôł sã do sôdzë w Perudżi.
Je to 1436 rok naszi erë (pò narodzenim Christusa), 436. rok drëdżégò tësąclecô, 36. rok XV stolatégò, 6. rok 4-égò dzesãcolecô XV stolatégò.
Òn mòże wôżëc 240 to 340 g.
Tak naprôwdã różnorodnosc mòtywów, chtërnë mòżna swòrzec tą techniką je ògromna, mògą to bëc kwiatë, mòtyle, drzéwa, zwierzãta, różne przedmiotë i jinszi różnosce, chtërnë tylkò pòjawiajóm sã w naszi głowie.
W nim je napisóny m.jin. ò pòtopie.
Białczi piłë piwò z miodã czë jinszima lëbiodczima (daktëlama czë miodnyma jagòdama).
Roscëna leczniczô, wykorzistowanô w medycynie lёdowi jakò leczi procёmgorączkòwi é òglôwo betrowwny.
Jész dzys zarzékają sã lëdze: Chòc Dôlëbóg!
Szarô wewiórka (Sciurus carolinensis) - to je ôrt suska z rodzëznë wewiórkòwatëch.
Jegò przëswòjenié mô swój plac, na naturalny ôrt, w dzectwie, w òkrãżu zajimùjącym sã w przédnym dzélu dozéraniém môlegò człowieka.
Tu są wërobinë lëdowëch artistów, a m. jin.
Pòtemù môl ten wëbrelë Frãcëszkanie na swòjã pùstelniã.
W czasie wësôdanié joj samiec pilnuje strzérze samica, bierze dzél w òpiece nad piskląt oma.
Górzësti nordowi dzél państwa (tak pòzwóny Oesling) nôleżi do terenu plaskati wëżawë Ardenów z wësokòscama do 560 m n.r.m. (czëp Kneiff).
To dô cziles wariantów ti distribùcëji, jinszëch w brëkùnkù sztandardowégò dlô se graficznégò òkrãżégò, czë paczétów soft-wôrë, jak n.p.
Karno wëdało czile znónëch albùmów i zdobëło 6 nadgrôd Grammy na pòczątkù lat òsmëdzesątëch.
Czedë òn béł môłim dzeckã czãsto chòrówôł, miôł słabé serce.
W ni òn pisôł m. jin.
Co le mało dobiérónym kriterium przy pòdzelenim apòkrifów je jich przënôleżnota do gwëségò gatunkù lëteracczégò, pò pòrzednim tikaniu do Stôrégò abò Nowégò Testameńtu.
Pontifícia Universidade Católica de Minas Gerais (PUC-MG) je wôżnym môlã dlô rozwiju nôùczi òd 1958 rokù.
Wierã Cramer pierszi pisôł, że Jeléńcz to je kaszëbskô (cassubische) pòzwa (1858).
Lëtewka abò litewka - jak ks.
Òliwkòwi pawión (Papio anubis) – to je môłpa z rodzëznë makakòwatëch.
W 1973 rokù nie przëjął Òscara za rolã Don Vito Corleone w filmie Francisa Forda Coppoli The Godfather (1972), protestującë procëm diskriminacji Indian.
Wiãkszosc piesni i jinstrumentalnéch układów w ritmie trzëmiarowim je richtich kaszëbskô.
Niechtërné prowincëje mają jesz dwa ôrtë distriktów (Ku, Chigu).
Je to 926 rok naszi erë (pò narodzenim Christusa), 926. rok pierszégò tësąclecégò, 26. rok X stolatégò, 6. rok 3-égò dzesãcolecô X stolatégò.
Grzebajk – to je rãczné nôrzãdo, chtërno brëkùją np. do pòprôwianiô ògnia w piéckù.
W latach 427 - 668 stolëca państwa Goguryeo.
Digraf – sparłãczenié dwùch lëtrów, jaczé òznôczô jeden zwãk (fònem).
Tam Tobie w kòrëtkù tak żużkac nie dóm.
Do kùńca roku je 6 dniów.
Krótkò przed smiercą drëdżégò (1847) ùmarł jich òjc, a mëma w 1850 r. Tédë ju prawie nick nie parłãczëło młodégò Cénôwã z rodnym môlã.
Jejich wòda mô jasnoòrzechòwą farwã, pòchôdającą z farwników jaczé wëstãpiwają w lëstach òtaczjącëch je bùków.
Òd 1984 rokù òn béł profesorã, a òd 1988 rokù biskùpã sufraganã diecezji chełmińsczi.
Mòże bëc tak, że chłop pò rozdënkù z białką płacy ji alimentë na dzece.
Tam téż mògłё zapôdac wôżné sprawё dlô całégò karna.
Mòdré i żôłté òkùnczi, a fòsfòrowé lilewé i żôłté lëpny rëbë,jidą na miónczi z żëwò ùpstrzonyma, czerwiono - biôłima mòrsczima smôłżkama,szmaragdowima rozgwiôzdama żnijowatima i mòdrima rozgwiôzdama mòrsczima.
Kãpice (we zdrojach: Hammermühle 1784; pòl.
W Azëji mieszkô 2/3 wszëtczich lëdzy zemi.
Bôłtowô sycëna (Juncus balticus Willd.) - to je wielelatnô roscëna z rodzëznë sycënowatëch (Juncaceae).
Państwò to òsta dobétë bez Kitanów w 926 a wielu zjegò mieszkańców òsta naszińcama Goryeo.
Zberczi ògardowégò parteru w sztôłce bùrbòńsczich liljów są òzdobioné òbcãtima w sztôłce kùżlów - cësama.
W Chinach zemie te w cządze Trzëch Królestw zwóne bëłë Wa (倭).
Miast tegò, jamo są grupòwóne w szlabizowe bloczi, w chtërnëch je 2 abò wicy lëter: spółzwãk, abò grëpa spółzwãków zwóne pòczątkòwima (
Pòtãgòwsczé Jezora (pòl. Jeziora Potęgowskie) - to karno pòlodofôłtowich jezorów, jaczé wôpełniwają tzw.
Instituto Federal da Bahia (Ùniwersytet Federal da Bahia) je wôżnym môlã dlô rozwiju nôùczi òd 1909 rokù.
Aleksander Labùda pisôł ò Dëchach do Pòmeraniji w 1977 ë 1978 rokù.
Na spòdlim jich pòzdrzatkù przepòwiôdôno òbrodzôj i wiodro.
Je to 1837 rok naszi erë (pò narodzenim Christusa), 837. rok drëdżégò tësąclecô, 37. rok XIX stolatégò, 7. rok 4-égò dzesãcolecô XIX stolatégò.
Grzëbë jôdny sã sëszi,zaprôwio sã i mrozy sã.
Òna je grużelkòwati i biôłi abò żôłtawi farwë.
W mitologi stała sã memką wielu bògów i bodziń.
Fùrmónka bëła do wiezeniô np.
Jedna z nich Specjalnô Òbéńda Sinŭiju òsta wëkreòwónô do scygniãcô chińsczich jinwesticëjów, ale jesz nie òsta zrëszonô.
Naznaczoné bëłë jich krewawim przesladowanim, wëwòłónym przez dekret cesarza Dioklecjóna, chtërny brzëmiôł: „Wszëscë òbëwatele rzëmsczégò imperium mùszą skłôdac òfiarë pògańsczim bògóm”.
Szewc - to je kaszëbsczi tuńc robòtë.
Samemù sobie służi, a nié Bògù, chto w służbie Bóga zapòbiégô ò gwësné kòrzëscë.
Rechòwnica pòmôga czedës przë rechòwaniu.
Jegò dokôzë mòże nalezc w rozmajitëch mùzeach na Kaszëbach, a téż za greńcama.
Stodoła – to je gbùrsczi bùdink do zeżniwionégò zbòżégò (np. w snopach) abò słomë.
Do kaplëcë prowadzy szlach Kalwarëji z lëdowima rzezbama.
Arizona je szóstim stanã jeżlë jidze ò òbszôr – za Nowim Meksikã, a przed Newadą.
Òb zema żëje na pôłniowim wschòdze Azji i na pôłni Americzi.
Damroka Kwidzińska; ùr.
Dłudżi żdanié na cepliszé dnie mòże prawie bëc snôżi, bò "(.
Samce òb czas gòdów mają cymné mòdzele gòdowé na palcach przédnich kòńczyn.
Łąkòwô wika (Vicia sepium L.) - to je roscëna z rodzëznë bòbòwatëch.
Ùmarł 4 séwnika 1963 rokù w Scy-Chazelles kòl Metz.
Trzébiatowò (w zdrojach: Tribetou 1180, Trebetow 1208, Trebetowe 1235, Treptow, Treptow an der Rega; pòl.
Aptéka - to je léczny môl gdze kùpiô sã nôbarżi léczi i jinë lékarsczé wërobinë (np. òbwiniãca).
Pòlarny lës (Vulpes lagopus) - to je ôrt suska z rodzëznë psowatëch (Canidae).
Jakùba – ùżiwónô w dzéń sw.
Kanadijka - to je môłi bôt, a na nim trzeba paczënowac.
Labùdda Jaromira, Zôrno mòwë kl IV – VI dzél I, Kaszëbskò – Pòmòrsczé Zrzeszenié, Gduńsk 2007 Insze słowë ò zédżerze: gòdzynk, czëkôcz, zégark, czasownik, òkrôwka.
Òsoblëwą znamką tegò cządu je pòstãpùjącé pòdrobienié pòlsczégò państwa na côrozkã miészé òwładë, co bëłë dërżeniowò samòstójné.
Òna niese 4-5 jôj w gniôzdach pò jinëch ptôchach (np.
W słowach, w chtërnëch wëstãpiwają lëtrë z cëzëch alfabetów (np. ü, ê, à), lëtrë te są w szëkù zrównywóné z lëtrą bez diakriticznëch znaków, chòc same te diakriticzné znaczi są òbrzeszkòwé.
Deklaracjã Schumana pòdpiselë 9 maja 1950 rokù - dlô ùpamiãtnieniô tegò dnia 9 maja òbchòdzymë jakò Dzéń Europë.
Kòrejańsczi je aglunatiwny w mòrfologiji ë òrtu SOV w syntakse.
Bùdowa tegò nôstarszégò jinstrumentu je barô prostô.
Wiedzałem, że nick jej nie pòwsztëma“.
W latach 1616-1617 mieszkeńcë zbùntowelë sã procëm Maszewsczim ë pò tim w 1617 Miastkò pierszi rôz dostało gardné prawa.
W 2008 rokù Kòsowò ògłosëło samòstójnotã òd Serbsczi, chtërny Serbiô nie ùznôwô.
Nôbarżi jasnô jinosc zanôlegô na tim, że do héklôwaniô ùżëwô sã jednégò héklôcza zakùńczënégò hôczykã, a nie dwùch spiców.
Björkòwé mùzyczné zainteresowania są zacht szeroczé, ë òbjimają m.jn.: pop, trip-hop, alternatiwny rock, jazz, folk, ôs elektroniczną ë klasyczną mùzykã.
Dzëkô róża (Rosa canina L.) – to je czerz z rodzëznë różowatëch (Rosaceae).
Òn je wespółautorã ksążczi: „Jô w Kaszëbsczi, Kaszëbskô w swiece”.
Òb czas kapitułë klôsztoru òstôł sczerowóny do prowincji Romaniô do klôsztoru Mòntepaòlo kòle Fòrlë.
W Azëji mieszkô kòle 3,5 mld lëdzy, co je kòl 60% lëdzy na swiece (felëje pòdôwkòw ò azjëtycczim dzélu Ruskô).
W składzé niezmienno òd zôczątkù je zakłôdôż, gitarownik ë spiéwôcz Joey "Shithead" Keithley.
Je to 1784 rok naszi erë (pò narodzenim Christusa), 784. rok drëdżégò tësąclecô, 84. rok XVIII stolatégò, 4. rok 9-égò dzesãcolecô XVIII stolatégò.
Wijąg (Ulmus L.) – to je szlach drzéwiãt, a czasem krzów z rodzëznë wijągòwatëch (Ulmaceae).
Słowã 'gitara' Arabòwie nazéwają różnégò rodzaju lutnie – pòprzédników dzysdniowich gitarów.
Bożena Ugowska) – dzejôrka, pòétka, tłómaczka i lektorka kaszëbsczégò jãzëka.
Kaszëbë – pòlsczi film z 1970 rokù.
Òn wërôstô do 150cm i mô sztiwné, dosc grëbé, prosté chłądë, a na nich rãkòwaté lëstë.
Żaba ta lubi òkali pòdgórsczé i pagórkòwaté, żëje czãsto na skraju lasów lëscastëch westrzód wësoczich trôw.
W wiekù trzëch lat Wolfgang, słëszącë grã sostrë na klawesynie, zabawiał sã wëszukiwanim tercji na tim instrumence (jak wspòminô pózni jegò sostra).
W kuńcu 16 môja 1956 napisôł tekst slubów nôrodnych, jaczi miałë bëc òdnowieniém królewsczich slubów lwowskich Jana Kazimierza w ich trzechsetną rocznicę.
Ù wiele rëbów bëło widzec znanczi chòrobów, do chtërnëch doprowadzało biwanié w zgnojonym òkrãżém.
Sztiwné pióra kòl òczów i dzoba zbiérają fale zwãkòwé i czerują je do ùszów.
Dzysdnia je nierozestôwnym partã systemë Windows, òd wersëji Windows 98 niechtërné jegò dzéle są zanôléżné òd MSIE, przez co nie je mòżlewé jegò całowné ùsëniãcé z systemë.
W 1942 rokù wstąpił do kònspiracëjny Dëchòwny Seminarëji.
Je przë tim widzec u Autora jego ulunienié jimaniô sę, czasę po pôrë razy nëch samëch pochwôtów do te, żebë nad nima długo meditowac i odkrëwac w nich prôwdë głębi utaconé („duchowô Ewanielëjô”).
Miono mieszkańców prowincëji Pòmrë je Pòmrowie.
Òna je baro krótkò Miastka.
Je to 927 rok naszi erë (pò narodzenim Christusa), 927. rok pierszégò tësąclecégò, 27. rok X stolatégò, 7. rok 3-égò dzesãcolecô X stolatégò.
Pòdług legendë cało, sw.
Jedna swinia mòże miec kòl dwanôsce sztëk prosãtów.
Syjamskô pôrka – to je dwòje lëdzy dzélowò zrosłëch ze sobą.
Òkrãgłolëstny zwónk (Campanula rotundifolia L.) - to je roscëna z rodzëznë zwónkowatëch (Campanulaceae Juss.).
Dzysdniowò są skłôdają z 50 krôjów.
Òbéńdë Hindujistańscziej Niżawë, Jawë ë Nordowochińsczi Niżawë są nôbarżi zalëdzone na swiece (wiãcy jakno 600 sztatùr/km²).
Téż tam ùcził religii w szkòle.
Teritorium zajimô nordowopòrenkòwi dzél Wiôldżégò Kaùkazu nad Kaspijszczim Mòrzã ë sygô do Nadkaspijsczi Rówiznë.
Innowacëją w systemie je wprowadzenié programë Wireless Assistant – ùżłëżnotë òbsłużënkù sécowich bezkablowich kôrtów, chtërnô jesz nie je przëstãpnô w wikszoscë distribùcëjów.
Òn mô bruny kapelusz, cenką długą nogã z szarima plachckama.
Wszëtkò to mòżna dobrze wpasowac w nowé nasadzenia, żebë ùbògacëc biologiczną rozmajitosc całégò terenu, przë tim téż zwëskają wrazlëwé zortë na zyb abò fùchtnosc lëftu, co òsoblëwie je na òtemkłëch terenach.
Szari wilk abò wilk (Canis lupus) – to je rabùszny susk z rodzëznë psowatëch (Canidae).
Më prôwdzëwi Kaszëbi nie rozmiejemë dobrze pò pòlsku; a wiãc më sã mùszimë przód waszi pëszny mòwë naùczëc.
Tu ùrodzył sã Jerzi Jeschke - biskùp.
Seojong je jednym z dwóch władców Kòreji pòsmiertno ùhonorowónëch dodôwkã do miona "Wiôldżi", drëdżim je Gwanggaeto.
Tamara ùmarła 19 strëmiannika 1980 rokù w Cuernavaca.
Célem bôjczi je nôùka i ùkazanié zasad dobrigò postãpku.
Pò wierzchu ùżёwoni do kąpielé i obłożeniô.
Kòżdô bùtnowô planeta je òbrëmionô piersceniama, jaczé skłôdają sã z midzëplanétowégò pichù.
Tej zaczął téż pisac do cządników.
Julijansczi kalãdôrz spózdzał sã 1 dzéń na 128 lat, a gregorijansczi 1 dzéń na kòl 3000 lat.
Je to 971 rok naszi erë (pò narodzenim Christusa), 971. rok pierszégò tësąclecégò, 71. rok X stolatégò, 1. rok 8-égò dzesãcolecô X stolatégò.
W latach 1929-1938 bùlewnô stonka wëstãpòwała w Pòlsce leno spòradëcznie.
Grecczi słowò kanón òznôczô strzëna, chternô służëła za miarã, stąd dalszé znaczenié - regla, prowadnik pòstãpòwania, wiarë.
Òsławnô mimòza (Mimosa pudica L.) – to je ôrt roscënë z rodzëznë bòbòwatëch (Fabaceae).
Tu robi są kaszëbską pòrcelanã.
W XVII i XVIII wiekù spaniele dzelóno na psë na piepiórczi i psë na bażantë'', albò na wòdné i zemsczi.
Gwiôzdór mô kòrbôcz ze słomë i wòłô dzecë do pôcerza.
Je to tradicëjnô òbéńda nordowòkaszëbsczich dialektów.
Antologia dzysdniowi prozë kaszëbsczi.
Robielë przë tim architekcë i italsczi wërzinôrze.
Szesc zortów rosce dzёko w Pòlsce.
Czëdës tego dnia swiãtowano kùńc zëmë, pòczątk zymkù.
Schönsee) - garc w Kùjawskò-Pòmòrsczim Wòjewództwie w Gòłąbskò-Dobrzińsczim Krézu nad Młińską Strëgą.
W czasë wanodzi ptôche nocujó na sztrądach mòrzczich.
Wòdnô mërta abò kanadnô mòczëdełka (Elodea canadensis Michx.) - to je roscëna z rodzëznë jaskùleczkòwatëch (Hydrocharitaceae Juss.).
Òn mô bruny kapelusz i dosc grëbą nogã.
W 1920 rokù Jón Kôrnowsczi robił jakno przédnik sądu.
Równak dlô niegò place òbserwacji zacmieniô Ksãżëca widzawné są czãscy niżle zacmieniô Słuńca.
Je jednym z nôleżników Zéńdzeniô Młodëch Ùtwórców Kaszëbsczich.
W 1926 rokù kònweńt we Fribùrgù zebrôł òrganmésterów z całi Europë.
W 1856 r. jegò prochë sprowadzoné bëłë do Pariża, a stamtądka w 1890 r. do Krakòwa, dze òstałë złożoné w pòdzemiach wawelszczi katédrë.
Gniôzdeje téż w Alpach.
Ten aligator je kòl 1.5 m dłudżi.
Nowi Wedel (we zdrojach: Hassone de Wedele 1303, Wedele 1313, Nienwedel 1338, Nigen wedel 1355, de noua wedel 1356, Wedel 1362, Neu Wedell 1833, Neuwedell; pòl.
Ópùszczają gniôzdo pò òk.
Pòsobny rok pòéta bawił w Petersbùrgù, gdze w 1828 r. òstôł wëdóny dokôz „Konrad Wallenrod”.
Frãcëszk Biuletin Radzëznë Kaszëbszégò Jãzëka 2008, K-PZ Gduńsk 2008, s. 43 Tréder (ùr.
Lëchim gòspòdënióm òne robiłë na psotã np.
Agùstin Hildebrand w swòjim dokôzu „Wiadomości niektóre o dawniejszym archidiakonacie pomorskim”, wëdónym pò pòlskù i pò miemieckù w Pelplinie w 1856 r., w dzélu II pt.
Chcôł w nim parłãczëc dwa nôrodë: kaszëbsczi ë pòlsczi, w chtërnëch widzôł bracynów.
Grzôjka - to je przërëchtënk do grzôniô.
Miôł przëjic chrzest òbczas drëdżi wanodżi misyjny sw.
Katolëcczi Kòscół (rzimsczégò òbrządkù) - nôwikszô na swiece chrzescëjańskô wëzaniowô zrzesznica, głoszącô regle wiarë ë żëcô zwóné katolëcëzną.
Òna parłãczi sã mët przëpisanim ùdanémù sprôwianégò zlecziństwa, leno no przepisanié mô czësto prowizorny karaktér.
Ji pierszi hit „Pòtrzébny je drëch” béł w kaszebszczim jãzëkù.
Piôskòwô rogùtka (Cerastium semidecandrum L.) – to je ôrt roscënë z rodzëznë granôtkòwatëch (Caryophyllaceae).
Syfón – to je w sanitarny technice, zamknienié wòdny, kanalizacjowi jinstalacji.
Słownik gwar kaszubskich na tle kultury ludowej, Ossolineum, Wrocław - Warszawa - Kraków 1967, tom I, s. 393.
Miłosławy Borzyszkowskiej-Szewczyk, 2014) pisôł téż ò Kaszëbach.
Chòc w sercach bije trud.
W wiekù15 lat flirtował z kelnerką, chternã późni nazywôł Gretchen, i znalôzł sã w pòdejrzanëch krãgach.
Na górną galerëjô prowadzy 360 trapów.
Są to przede wszëtczim zbòża (pszénica, óws, jãczmiéń, pszenżëto i kùkùridza.
Wikszi dzél słów je krótkò stôropòlsczégò jãzëka, òsoblëwie sąsednich dialektów: wiôlgòpòlsczégò ë môłopòlsczégò a téż jãzëkóm dolnosorbsczim, górnosorbsczim ë mòrawsczémù, nigle dzysdniowi standardowi pòlaszëznë.
Nawetka czedë młodi krëczk zrobi sã sóm dlô se dali sëdzy krótkò swòjégò gniazda i wraca tam na noc i jedzenié.
Ùtworë Lopéz sprzedônô na całim swiece w òkòlim 75 milinów egzemplôrzy.
Szeroczi karëséwc (Dytiscus latissimus) - to je wiôldżi bączk z rodzëznë karëséwcowatëch (Dytiscidae).
Pòza władanim Łoczetka òstôwała dali Wiôlgòpòlska, gdze nieùdolné rządë sprawòwało piãc sënów Henrika głogòwsczégò.
Archeòlogòwi môl – to je kòżdi szlach materialnégò, lëdzczégò dzejaniô w przeszłoce.
Spionk - je kòl pasa i mô spinac dwa jegò kùnce ze sobą (czasã z jinym pasem).
Nôwicy czasu bawi na zemi, czé szukô żercô.
Nen artikel je ò regionie nordowi Kaszëbsczi.
Stóri lëdze pòd Kartëzama ùziwająją tégò słowa.
Je tu wiôlgô, jak na niżawné òbéńdë, wiżô krôjnë n.r.m. i ùrozmajiconô rzezba terenu, przede wszëtczim w conie pòjezérnégò pùkla.
Zniszczono tak wiele dokôzów ternych malôrzów taczich jak Boucher, Fragonard, Redoute, Pillement, Watteau.
Szimpans (Pan) – to je szlach môłpów z rodzëznë człowiekòwatëch.
Na łów mògło na nëch bôtach jachac 6-8 lëdzy dalek w mòrze, nawetkã do 20 mòrsczich mil òd sztrądu.
Cantharellus cibarius var. latifolius Heinem.
Jegò dniewnik z tegò wëkùstrzënkù, je jednym z dwóch jaczé òpisëją tã biotkã.
Mô swòją kòlëkcjã òblëczenków i parfumów i wiele ùmòwów na reklamë.
Kôczornice mają żôłté kwiatë, a jich lëste płëwają na wòdze.
Leno nie je tak drësznô jak czôrnô kania.
W Kòreji je wiele widzałëch planszowëch grów.
Òne pòwstałë na przedpòlim lodofôłtu i łësënowi mòrenë z materiału wëniosłégò z lodowi szôlë przez topnicowé wòdë, jaczé z ni wëpłiwają.
Nordowô Kòreja òficjalno rozpòmionëjë pòlitikã samòòbstojenia (Juche), równak baro mòcno zanôlégô òd pòmòcë z Chin, Rùsczi, Pôłniowi Kòreji ë ÒZN.
Miono karna znaczi w anielsczim jãzëkù "żelôznô dzéwica", chtërna bëła dôwnym aparatã zadôwaniô bòlescë.
Piérwòtno pòchòdzy òd grecczégò słowa angelos òznaczającégò "pòsélc".
Piwò baro przezérne, chtërne trzëmac mòżna w biôłich sklónkach.
Mòże je téż wëwiezc na wësëpiskò.
Krzyżanowski: Gdańsk, Sopot, Gdynia.
Figùra Madonnë je z XV stalata.
Mandril (Mandrillus sphinx L.) – to je môłpa z rodzëznë makakòwatëch.
Wëcyganié nôbarżi aktiwnëch Kaszëbów, òpòwiôdającëch sã za Pòlską, bëło tak wiôldżé, że na przëmiôr spòlëznnowò-kùlturowe żëce kaszëbsczé w Bëtowie, tak żëwé przed I swiatową wòjną, pò prôwdze zamarło.
Je nôwikszim gardã pòlsczim, jaczi nie je stolëcą wòjewództwa.
Na jegò kòńcu był kòceł ze smòłą abò żelôzny kòsz z wãdżielem.
W Zambie są stolemné kataraktë i wodospadë Mosi-o-Tunya (Wiktoriô) na rzece Zambezi.
Je to zbiérk lëdowi słowiznë, a téż kaszëbsczich rzeklënów, òpòwiôstków, pòdaniów, bôjków, anegdotów i rozmajitëch pòzwów (miast i wsy, pòlów i łąk, gór, jezór i stawów itd.).
Gduńskô Kòlegiata p.w. Nôswiãtszégò Serca Jezësowégò we Wrzészczu - je kòscołã - òd pòczątkù katolëcczim - wëbùdowónym w latach 1909-1911 na neogòticczé mòdło.
Matka szerszénia mòże bëc nawetka 3,5 cm długô.
Przë ùprôwianim je wiôlgô dba ò òchronã przed chòrobama.
Stolemi mielë taką mòc, bò jedlë kóńsczé miãso i pilë kóńsczé mlékò.
Mòże bëc sztiwné albò skróconé.
Òno je òd 1999 rokù, a zajimô sã gbùrzenim, rozwijem wsë, zjôdną przerobiną, rëbaczenim ë weterinarym i fitosanitarnym dozérënkã.
Długòta greńców Pòlsczi je 3582 km, w tim 528 km to sztrãd Bôłtu.
Kwasné zelé (Rumex acetosa L.) - to je wielelatnô roscëna z rodzëznë dërdestowatëch.
Do kaszëbsczi lëteraturë przeszłë téż jiné elemeńtë fòlkloru, np.
Z daleka dozdrzelałi ptôch je szari, a młodi mô cemnijszi ùbarwienié – szëja ë piers so barżi apfelzynowi, a lotczi I rzãdu rdzawòbruny.
Sadzonczi sadzy sã co 40 cm.
Môłą strużką parłãczi sã z jezorã Miłoszewò bez co w jezorze je dosc wiele wòdnich krãceszków.
Zymkòwémù sadzeniu pòmôgô jesz spòkójné i bezdeszczowé wiodro, nôwëżi z przelotnym mżëkanim.
Katastrofë bôtów midze Łebą a Darłowem bëłe przëczëną pòwstania blizë w Jarosławiu.
Kùkówka nie bùdëje gniôzda, nie wësadiwô jajów i nie wëchòwiwô swòjich młodëch.
Kudowa-Zdrój - je gardã w Pòlsce, w dólnoszląsczé wòjewództwò.
Ne lëczbë pòkazywają, że je wësokô smiertelnosc tegò pòszedła, ale mało zakażeniów.
W sekcje nożnika wëstãpiwają téż głosë ò wëższim stopażu (np. Chorałbas 4’, Rauchpfeife 2’), ë téż miksturë i jãzëkòwi głosë.
Taczé rozwiązanié problemù pòliticzni przënôleżnotë tegò gardu, równo jak pòwstanié tzw.
Òna mòże bëc np.
Ta żëwnota je z ekòlogòwëch gbùrstwów, a òne mùszą spełniwac wësoką jakosc i miec pasowné certifikatë (co rok òdnôwióné).
Kasyno – to je bùdink, w chtërnym hazardnicë legalno niebezpieczno grają.
Kòmisjô Kùlturë i Mediów – to je jedna ze sztabilnëch sejmòwëch kòmisjów.
Udo Schnelle “The History and Theology of the New Testament Writings”, p. 259 Tradicjò chrzescëjańskô sygającô pòłowë II wiekù n.e. przëpisëje aùtorstwò trzecy Ewanielië i Dzejów Apòstolsczich Łukaszowi, towarzëszowi misyjnych wanogów sw.
Taczi sztatus przëstoji leno gardóm z wicy jak 100 tësącama lëdzy ë Sopòt mô gò dobëté na dardze wëjimkù.
W Syrëjo też je baro wiala dawni religijnech karnów od ponad tesąca lat: mùzelmanie (sunnice, szijice, Druze, alawice, salafice, i jin.
Jana Mòrdawsczégò, tołmaczënk Jerzi Tréder, Wëdowizna M. Rôżok przë wespółrobòce z Institutã Kaszëbsczim, Gduńsk 1999, s. 21 ISBN 83-86608-65-X.
Òn mòże bëc 1,5 m dłudżi.
Dbôj ò swòją kaszëbiznã, nie miészôj ji z cëzyma jãzëkama.
Tam zachòrzôł i 13 czerwińca ùmarł.
Jes to roscëna rzadkô, òbjãtô òchróną.
Pòdług Swiatowi Òrganizacji Zdrowiégò WHO WHO declares swine flu pandemic w òstatnëch 9 latach na swiece zachòrzało 608 òsób, z czegò wicy jak pòłowa ùmarła.
Instytut Historii, Archiwum Państwowe w Szczecinie.
Dali w pòrénk wiżô gòrsczich pasm rosce.
Aùstralëjsczi kòntinent je na pôłniowi ë pòrénkòwi półkùglë, midzë 11 ë 39 gradã pôłniowi geògrafny szérzë ë midzë 113 ë 153 gradã pòrénkòwi geògrafny długòtë.
Reese Witherspoon (Laura Jean Reese Witherspoon), (ùr.
Pòzwa wsë nawlékô do sąsednégò majątkù Lewino.
W wiãkszoscy są to ùtwòrë żewi.
Pòlsczi dolmaczënk Maria Boduszyńska-Borowikowa, Wydawnictwo Morskie, Gdańsk 1982, ss.
Samica sedzi na jajach przez 32-35 dni rôz do rokù.
Miona Szawłowëch starszëch nie są znóné, równak je wiedzec, że òn pòchòdzył z rodzëznë żëdowsczi, z pokoleniégò Beniamina (Rdz 11,1; Flp 3,5).
Papiéż Jón XXIII (swiecczé miono Angelo Giuseppe Roncalli; ùr.
Pólnô niezabôtka (Myosotis arvensis) - to je ôrt roscënë z rodzëznë wòdrôkòwatëch.
Dieta òbù kùkówków – zwëczajny ë czubati – je pòdobnô, chòc na drëgù łapie wiãkszi stawònodżi, a jéj pisklãta w gniôzdze karmioni so szczątkama ùpolowónëch krãgòwców.
Pòtemù ùsôdzca bez dwa lata rézowôł pò Eùropie.
Jastrë zaczinają sã òd Wiôldżégò Czwiôrtkù, czedë w kòscele nie ùżiwô sã zwònów.
Tedë téż dëtczi të dostałë nowi kòd ISO 4217.
To béł m. jin. doctor honoris causa Warszawsczégò Ùniwersytetu.
W skłôd materii kònstitucji mògą wchòdzëc rozmajité problemë.
Je to 1721 rok naszi erë (pò narodzenim Christusa), 721. rok drëdżégò tësąclecô, 21. rok XVIII stolatégò, 1. rok 3-égò dzesãcolecô XVIII stolatégò.
Na symbólika, osoblëwie mocno akcentowónô w zéwiszczach Jezësa, je téż charakteristicznô dlô całi Ewanielëji Jana.
W II swiatowi wòjnie - w 1945 ròku - òn béł kąsk zniszczony, a 28 strëmiannika pòlsczi żôłniérzë nałożëlë na nim pòlską fanã.
Tedë pòwstaje téż bëstri wiater, robi są zerwańc a jisz mòże chilnąc deszcz, spasc sniég abò grôd.
Antón Kónkel (Antoni Konkel) - ùr.
W 1997 roku do sprzedaży wprowadzono model Prius – pierwszy w świecie masowo produkowany samochód osobowy z napędem hybrydowym.
Prôce pòrządkòwé robi sã ze smiéchã na gãbie, bò pòdług Kaszëbów-jaczi pierszi dzéń Nowégò Rokù, taczi całi rok.
Gitarë są wëkònywóné i naprôwióné przez lutników, a dzysdnia w corôz wikszim stopniu przez maszinë, równak nôlepszi jakòscë jinstrumentë są wcyg robioné rãczno abò z wiôldżim ùdzélã człowieka.
Czëpnica (Bombycilla garrulus) – to je môłi, wanożny ptôch z rodzëznë czëpnicowatëch.
W kùńcu wëbrano miono "złoty", chtërne tikało sã historëczniégò miona jednotë dëtkòwi Pòlsczégò Królestwa.
Sprzejacelëł sã tam z prowadnikã secesjonistów, dżenerolã Chukwuemeke Ojukwu, zwônym „Emeka”.
Kółkò - to je mechaniczny przërëchtënk do robieniô przãdzë np. z wełnë.
Ta gòspòdëni do chtërni òn przëszedł piérszi, ta bëła sczãslewô.
Ji je dosc nowi kòscół.
Pòrénkòwô Pòmòrskô, zwónô téż Gduńsczim Pòmòrzã (
Gbùrzëzna - to je gałąz gòspòdarczi i ùprawa roscënów, z chtërnich są produktë wëzwëskiwòné do ùtrzimaniô i pòprôwianiô żëcëgò lëdzy, np.
Naczął rosnąc kònflikt midzë cywilnyma ë wòjskòwima służbama, bò ti drëdżé bëłë baro lechò òpłacóny.
Pò ùdarze mùskù w 1897 r. corôz barżi psëło sã jegò zdrowié.
Je to 1771 rok naszi erë (pò narodzenim Christusa), 771. rok drëdżégò tësąclecô, 71. rok XVIII stolatégò, 1. rok 8-égò dzesãcolecô XVIII stolatégò.
Jinternetowô séc to sieć internetowa.
Niechtërnëch ùtwórców decoupage ùwożono za artistów, np.
Na Gôchach gôdô sã, że bez Kaszëbów król Sobiesczi bë ni miôł dobëté Tërków.
Lëdze chòwióm je na całim swiece òd dôwnëch czasów.
Mô kòl 500 mieszkeńców.
Stronama stôrim zwëka gbùr jidze do sąsada i letkò bije rózgã i gôdô: Wierzba bije, jô nie bijã.
Historia i myśl wolnomularstwa na przestrzeni dziejów” (
Dosc wiele peperlëszków rosce m. jin. w kaszëbsczich stronach òb lato.
Milionë cywilów zdżinãło a òbczas bòmbòwëch ataków przeprowadzonëch bez amerikańsczé wòjska zniszczonëch òsta wikszi dzél nordowëch gardów.
Pismiono dlô kaszëbsczich sprôw).
W cepłé zymkòwé i letnié wieczorë òne wiele jachtëją i dżiną przejachóne ma drogach.
Je to 1854 rok naszi erë (pò narodzenim Christusa), 854. rok drëdżégò tësąclecô, 54. rok XIX stolatégò, 4. rok 6-égò dzesãcolecô XIX stolatégò.
Wëdôł - Swięti dzél dësze.
Są paradny, szëkòwny i mają fùl fantazejô.
W latach 60 V s. sformòwôła alians z chińską dynestëją Tang ë zawòjowôła Baekje a pózdni Goguryeo.
Latem nôbarżi smakają jima jéże, zajce, kaczci, gołąbczi i rëbë.
W tim zédżerze pòlącô sã swiéca wëznôcza mijanié czasu.
Dzysô w Polsce to je Kòmisjô Pòzwów Môlowòsców i Òbiektów Fizjograficzëch.
Jak òne mają pisklãta tej jich starszi mògą ùdawac, że są kaléczné żebë òdcygnąc np.
Je nôwikszim gardã pòlsczim, jaczi nie je stolëcą krézu.
W XVII stalatim kùpcë przënieslë technikã nôpierwi do Włochów, a dali w XVIII wiekù do jinszëch eùropejsczich krajów.
Barbara ùrodzëła sã na zaczątkù III stalatégò.
Pòsôdôcz abò pòsôdôczka skòrznia, chtërny pierszi przestąpi próg bãdze żeniałô nôpierwi.
Òd chrztu miôł miono Jón.
Zajimô sã pòwstôwanim, rozwijã ë sztrukturą jãzëków.
Do ùsmiercaniô lëdzy służił tu téż gaz.
Strzédnô cepłota stëcznika sygô òd −3 do −7 °C, chòc tej sej mòże spôdac nawetka do −40 °C.
W pierwszich stalatach pòsród Òjców Kòscoła jistniôłë sztridë co do nôtërë téch bëtów.
Grający zmieniają sã na bieżąco, jak na przëkłôd w rãcznej bali.
W przërównanim do mësznika je wiele wikszô i mô dłëższé skrzidła.
Ò ji bëcu w òbrôzkù Kaszëb je wiedzëc chòcbë z legeńdë ò stwòrzenim ti krôjnë.
Òczë so złocësté abò miedziané i mają leżący w niwie zdrzelnice.
Grëpa gitarów, dlô jaczich zdrzódłã wzmòcnieniô je wzmacniacz elektroniczny, jaczi dostôwô sygnał przetwòrnik elektromagneticzny ùmieszczony pòd strënama.
Òna bëła niedowinnie òbsądzonô ò czarë np.
Tedë wlôc roztopioné masło (25 dkg), jesz jesz jednã sklónkã mléka i jniné dodatczi – cëczer waniliowi, skórã i sok z cytrónë.
Òwczô ropùcha (Linognathus ovillus) - to je ôrt òwada z rodzëznë Linognathidae.
Nômni sarków je na Mazurach.
Od 1573 rokù do ùpadku państwa pòlsczégò w 1795 ( III rozebranié Pòlsczi) rokù panôrze bëlë wëbiróny w drodze wòlné elekcëji.
Chòwa bëdła je nôbarżi rozwitô na terenach bòkadnëch w łączi i pastwiszcza, swiniô chòwa je za to sparłãczonô z ùprawą bùlew i spòsobã zdobëcô relatiwno tónëch kôrmów socznëch.
Chłopi bëlë òblokłé w kalesonë z kòszlą, zapinané na gùzë òd krocza pò szëjã.
W nim są m. jin.
Tak cos je dosc rzôdkò, równak skùtczi są baro pòwôżné.
W 1736 r. òbjimnął swój pierszi państwòwi ùrząd jakno nôleżnik zgromadzeniô Pensylwanie.
W 1839 r. pòéta wëjachôł do Szwarcarie, dze robił jakno profesór łacyńsczi lëteraturë na ùniwersytece w Lozannie.
Òn béł òd 1629 rokù.
Pôchnący proliszk (Viola tricolor L.) - to je roscëna z rodzëznë proliszkòwatëch (Violaceae Batsch).
Jaje je znanką żëcégò.
Òn je òd 1988 rokù.
Miemiecczi kòloniscë w tich stronach bëlë zwóné Zaksowie.
Òni tu mają stôrodôwny, czôrny grobówc.
Sceny, w jaczich aktorka wystãpowała òwinięta tylko w przescieradło lub rãcznik, bëłë wówczas szokùjące i spòtkały sã z protestama srodowisk białczich.
Ceplëzna terenu kòlibie sã òd −183 °C do 427 °C.
Zamieszkałë w Parizu, gdze Mariô òżeniła sã z francësczim chłopã, znônim fizykã i badérã piezoelektrycznosczi, Pierrã Curie.
Sprôwianié paczétama je w Slackware prosté ë minimalisticzné.
Pelargonijô (Pelargonium L'Hér.) – to je szlach roscënów z rodzëznë bòcónkòwatëch.
Jimô sã biôłą (dobrą) magią, mòże temù nie je szkarłatnô, jak Cotë.
Dopiérze w 80. latach rozwij turisticzi doprowadzył do pòwstaniégò nad miestnym jezorã Lewinkò niewiôldżégò letniskòwégò òsedlégò.
Òn je biskùpã Rzimù òd 2005 rokù.
Je w ni téż szipka, òna je dosc môłim gnôtã.
Lëdztwò gardu: 93 000 mieszkańców (
Midzë rozwerkã a masziną bëła szczëpnica.
Je to 924 rok naszi erë (pò narodzenim Christusa), 924. rok pierszégò tësąclecégò, 24. rok X stolatégò, 4. rok 3-égò dzesãcolecô X stolatégò.
Za lëteracką robòtã w 1984 r. òna dosta nôdgrodã Romana Wróblewsczégò.
Jegò zôrna są np. do robieniô grochòwiónczi - wôżny zupë w wòjskù.
Je to 973 rok naszi erë (pò narodzenim Christusa), 973. rok pierszégò tësąclecégò, 73. rok X stolatégò, 3. rok 8-égò dzesãcolecô X stolatégò.
Goleniów (w zdrojach: Golinog 1220, Golenoge 1248, Gollenog 1268, Gollenog 1286, Golnow 1255, Gollnow, miem.
Je to 1410 rok naszi erë (pò narodzenim Christusa), 410. rok drëdżégò tësąclecô, 10. rok XV stolatégò, 10. rok 1-égò dzesãcolecô XV stolatégò.
Je to 1872 rok naszi erë (pò narodzenim Christusa), 872. rok drëdżégò tësąclecô, 72. rok XIX stolatégò, 2. rok 8-égò dzesãcolecô XIX stolatégò.
Ùmarł 1 lëpińca 2004 rokù w Westwood.
Na spòdniéj strónie stopë wëstãpiwają wiôldżé mòdzele.
Òn mô prawò pisac w protokole i dac na cos bôczenié.
Zemnowòdny kôrczownik (Arvicola amphibius) – to je susk i grëzôk z rodzëznë skrzeczkòwatëch.
Dorotë òtemkł pierszą w Eùropie pùbliczną szkòłã.
Samica daje òd 3000- 200000 tësąców jaj chtërny kleją sã do roscënów i wszëtczégò co je pòd wódą.
Krzoska (Dianthus carthusianorum) – to je wielelatnô roscëna z rodzëznë granôtkòwatëch.
Ùrodzëł sã w Kioto, młodé lata spãdzëł w Kobe.
Lësati toczk (Myodes glareolus) – to je susk i grëzôk z rodzëznë skrzeczkòwatëch.
Zelińtë (abò téż: Mòrsczé Psë) - familiô susków.
Łoczetk, nie mògącë sóm interweniowac, zwrócił sã ò pòmòc do Krziżôków.
Je to 1843 rok naszi erë (pò narodzenim Christusa), 843. rok drëdżégò tësąclecô, 43. rok XIX stolatégò, 3. rok 5-égò dzesãcolecô XIX stolatégò.
Za nôstarszi dzeła napisòné pò kaszëbsku są colemało ùwôżóne Duchowne piesnie D. Marcina Luthera y ynßich naboznich męzow.
Mòtto (fr. devise - dewiza, parola) - krótczé zdanié, mające wërazëc cél abò ôrt zachòwaniégò, zrzëszającé jaką spòlëznã abò słëchającą dokònaniom jaczi òsobë.
Polkowice je stolëcą polkowicczégò krézu.
Lëteratura je pòchwôtã jaczi òznaczô wszëtczé artisticzné dokôzë zachòwóné w pisóny abò mówiony fòrmie.
MÒRÈNKA- rëba z rodzëznë łososowatëch.
Jegò òbéńda je sprôwionô na zasadach samòsprôwnotë.
Òne zwóné sã Baekdudaegan.
Samice wôżków są colemało mni ufarwioné niżlë samce.
W tich latach lëdze robile np.
Słodkògòrzczi lilek abò klôsztorny kwiat (Solanum dulcamara L.) - to je jednorocznô roscëna z rodzëznë lilkòwatëch (Solanaceae L.).
Prôwdzëwô Cerkwiô Jezësa (chiń: 真耶穌教會) – pòwstałi w Chinach kòscół zelonoswiątkòwi.
Wszëtczé zachòrzenia na ptôszą gripã bierzą sã stąd, że mùszôł bëc kòntakt z zakażonyma ptôchama.
Òna zajimô sã sprawama kùlturowi spadkòwiznë i tim cobë lëdzë bëlë sobie równy pòdług prawa.
W indywidualnëch miónkach miónkôrz cwiczi le z jednym przëbòrã za kòżdim razã.
Nie je brëk téż satiricznëch wersjów, jaczé tikają sã spòlëznowëch a pòliticznëch sprawów.
Tekst je dolmaczeniém starnë http://pl.
Nie je czësti, chto chùtkò nie wëpãdzô nieprzejacelów czëstoscë.
Gatënk G. rugosa òstôł introdukowóné na Hawajach.
Òn béł w karbitowëch lãpach, a knôpi brëkòwelë gò do robieniô petardów.
W jizbie wëższi - Senace (cz. Senát) je 81 senatorów wëbierónëch na cząd 6 lat.
Zaprôwiono w ogardze jakno roscёna usnôżno.
Pò 1500 p.n.e.òprzestóno bùdowac kromlechё.
Nimò krizësów i nieùdôwków apartniło sã w dzejanim niezanôleżnotą òd partiowëch władzów, ale zbiérało téż nôremnëch nôleżników Pòlsczi Zjednóny Robòtniczi Partie i ZSL.
Dosc krótkò Chalëpów je Kùsfeld.
Rega 1.7.x Mozillë mô dali le blós wspiarce òd startne bezpiekù przezérnika.
Do kùńca roku je 67 dniów.
Òna je z krisztalków lodu.
Tu w Round Lake Centre w szkòle dzece ùczałë sã òd séwnika 2010 rokù kaszëbsczégò jãzëka.
Gduńsk, Gdôńskò abò Gdąńsk (
Nôlepi jegò nôùkòwą dzejnotã òpisują taczi łacyńsczi słowa napisóny na jegò piersnicë w Pariżu, chtërnëch autorã je Jean d'Alembert: erupuit coelo fulmen, mox sceptra tyrannis („grom wëdrzëł niebù, berła tiranóm).
Żniwny wóz béł do wiezeniô np.
Kromlech (z kelticczigòcrom - wёdżiãti, lech – kam) – krąg zbùdowóny z ùstawionёch pionowo kamów, czãstowkół grobu abò placu kultu.
Òn òbjimô 16392 km² wiéchrzëznë.
W 18. stalatim bëło tu 10 gbùrów i karczma, a wies znónô téż bëła z produkcji grónków a téż òdbiwającëch sã tuwò sejmików szlachtë mirochòwsczégò starostwa.
W ùdbie miôł pòdtrzëmòwac prosti, "darżëcowi" kòrzénie punkrocka ë skôzac na wëcmaniznã ti subkùlturë z wiôlgòmiastowima robòtnikama, z chtërnëch sã wëprowadzëlë.
Kòcé nóżczi abò Kòcé bótë (Helichrysum arenarium (L.) Moench) – są roscëną z rodzëznë astrowatëch (Asteraceae).
Pólny skòwrónk (Alauda arvensis) – to je môłi ptôch z rodzëznë skòwrónków (Alaudidae).
Chùdzy do jegò pòtencjalnëch òfiar zarechòwano też òwce, ale wedle terôzka przëjimané teòrii òpùblikowany na łamach Zoological Society of London’s Journal of Zoology tigris tasmańsczi béł za môłi bë pòlowac na te zwiérzãta.
To co wëzdrzi jak ùszë, wcale nima nie je - to są pióra, chtërné zmieniają ji wëzdrzatk.
Jegò białką bëła Eufrozyna - sostra wiôlgòpòlsczégò ksąża.
W 1879 r. angelsczi pòeta Robert Browning nôpisôł wierztã ò ti historii pòd titlã Filipides (ang. Pheidippides).
Niechterné ksãdzi, ùznané pózni jakò apòkrifë, bëłë szerok stosowôné i komentowôné w żëcu nôbòżnym chrzescëjan i ceszëłë sã wiéldżim autoritetã w pierszich stalatach, nim òstateczno ùsztôłcëł sã kanón.
Znónëch je pòwëżi 40 ôrtów i kòl 3,5 tësąców gatënków mëgów.
Noczôsny złoty bëł tedë wôrt kòl òsme dzysdniowich.
Państwa na swiece mają ò sądownëch ekspertach rozmajité prawa.
Pòwstało òno w 1988 rokù z jinicjatiwë Jim Lindberg (spiôw), Fletcher'a Dragge'a (gitara), Jason'a Matthew Thirsk'a (basowô gitara) ë Byron'a McMackin'a (perkùsëjô).
Czej weroscą, dodac je do 2 kg mączi, wëmieszac.
Czôłen - to je bôt zrobiony z jednégò sztëka drewna; wëkùmuny abò wëpôlony, z plaskatim dnem, na snôdczich wòdach mòże sã w nim òdpichac drągiem, a na głãbszich paczënowac.
W latach 1340, pò chùtczim rozpôdze Czezerstwa Mòngołów, Kòreja bëła a sztądze robic refòrmë bez ingerencëji jinëch państwów.
Brôł baro aktiwny ùdzél w Sobòrze Watikańsczim II.
W lëstopadnikù 2005 doszłô je do ti ùdbë wersëjô Zenwalk-core, jakô wëchôdô bez graficznégò òkrãżô X11 ë graficznëch programów.
Je to 1412 rok naszi erë (pò narodzenim Christusa), 412. rok drëdżégò tësąclecô, 12. rok XV stolatégò, 2. rok 2-égò dzesãcolecô XV stolatégò.
Jiny grzëbë, jak Penicillium, są wëzwëskiwóny do wëróbkù leków.
Krajnô ùcerpia téż òbczôs "szwédzczégò pòtopù" ë napòleòńsczich wòjnów.
Do kùńca roku je 36 dniów.
Béł téż reżiserã westernu One-Eyed Jacks, w chtërnym sóm zagrôł.
Na małé renë òn dosc skùtkòwno dzejô.
Palecznica (Digitalis L.) – to je szlach dwalatnëch abò wielelatnëch roscënów z rodzëznë bùlwicowatëch (Scrophuliaceae).
Je to 968 rok naszi erë (pò narodzenim Christusa), 968. rok pierszégò tësąclecégò, 68. rok X stolatégò, 8. rok 7-égò dzesãcolecô X stolatégò.
Òglowô ùbezpieka – to są ùbezpieczi, chtërnëch pierszim célem je zagwësnienié socjalnégò bezpiekù, w tim ledzóm w latach (emeritura), niezdatnym do robòtë (rińta), òfiaróm nieszczeslëwich wëpôdków i chòrobów.
Dwór Artusa w Gduńskù (
Pòłòstrowë są na wnetka 1/5 (19,5%) wiéchrzëznie Azëji.
Je to 1787 rok naszi erë (pò narodzenim Christusa), 787. rok drëdżégò tësąclecô, 87. rok XVIII stolatégò, 7. rok 9-égò dzesãcolecô XVIII stolatégò.
Je mòżlëwé wëapartniwanié registrowónëch szpòrtowëch discëplinów z òficjalnyma reglama (np.
Mô białkã Elżbietã i córkã Agatã (ur. w 1980).
W 1925 rokù òn dostôł biskùpié swiãcenia.
Dlô proroków je òno wiernotą Bògù wobec niewierny òblubienice Jizraela.
Stądka wёchôdô swiąda ёż sezonowòsc bёła dlô nonejszich lёdzy wôżnô.
Zaczãlë òd ùsztôłceniô górë, co stojała krótkò miasta, tak żëbë miała plaskati wierzch i 4 prostopadłé spichë.
Swòrka (Lymnaea) - to je szlach smôrzczów z rodzëznë swòrkòwatëch (Lymnaeidae).
Òbrôz zrealizowóny z wiôlgą starą, wëchôdający dali jak donëchczasowé standardë festiwalów górsczich"
Òficjalnym jãzëkã je ód 2007 „czôrnogórsczi jãzëk”.
Smòlôrz - zajimôł sã robieniém smòłë z drewna.
Ji pierszą znanką je pòłączenié turisticznëch ùsłëżnotów z gbùrstwã.
Pò smiercë swòjegò òjca (1989) Sting w 1991 rokù wëdôł platã ò title „The Soul Cages”.
Niechtërny dzejôrze bëlë przesladowóny, razã z aresztowanim i zajimniãcym rãkòpisnëch zbiérków.
Òd 1318 rokù Strzépcz béł w wójtostwie, a pózni w mirochòwsczim starostwie.
Ten park je wôżny dlô turisticzi.
W 2004 rokù bëło tu 35154 mieszkeńców.
Na swiece znónëch je kòl 6000 tësąców żëjącëch wespółczasno gatënków wôżków, wëstãpùjącëch na wszëtczich kòntinentach òkróm Antarktidë.
W ji òkòlim czas płënie corôz pòmalni.
Pùstô noc - to je òstatnô noc przed pògrzebã ùmarłégò.
Młodé są nadżi i slepé.
Ùniwersytet Stanforda (Stanford University abò Leland Stanford Junior University) - je wôżnym amerikańsczim môlã dlô rozwiju nôùczi òd 1891 rokù.
W nym dodomù napisała m.jin. Na tropach węża Eskulapa a Za Żywopłotem.
Strzódzemné Mòrze leżi midzë Europą, Afriką i Azją.
D.O.A. znakùją bezùgòdowé politiczné wëpòwiésce sparłączoné z spòlecznima témama jak z antiglobalizmã, antirasizmã czë téż wòlnotą słowa, co je baro dokładno czëc ma w całim jich ùsôdztwie.
W tej katedrze pòdług wiarë pielgrzymów je cało swiatégò Jakuba Wiãkszégò Apòstóła.
Samice mają jajenkò służące do skłôdaniô jajów.
Òne są téż zwiksza w pòjazdach.
Je jich 320 zortów.
Piesniodzeja nordowëch Kaszëb –
Jôpsc (Meles meles) – to je rabùszny susk z rodzënë łasëczkòwatëch (Mustelidae).
Je to 854 rok naszi erë (pò narodzenim Christusa), 854. rok pierszégò tësąclecégò, 54. rok IX stalatégò, 4. rok 6-égò dzesãcolecô IX stalatégò.
Sorabistika – filologòwô discëplina, zwëkòwô ujmòwónô jakno dzél slawisticzi, zajimôjącô sã badérowaniém jãzëka, lëteraturë, kùlturë i dzejów łużëcczich Serbów.
Jana Mòrdawsczégò, tołmaczënk Jerzi Tréder, Wëdowizna M. Rôżok przë wespółrobòce z Institutã Kaszëbsczim, Gduńsk 1999, ss.
W latach 1989–1994 bëła związóna z Danielem Day-Lewisem, z chtërnym mô syna Gabriela-Kane'a Day Lewisa (ùr. 9 kwietnia 1995).
Ùgòda dérô, bò Pôłniowô Kòreja ë USA dają reżimòwi ekonomiczną pòmòc, trzëmająca zniszczoną nordowòkòrejańską gòspòdarkã.
Kòl 4000-6000 lat temù nad Nilem òstała ùsôdzona stolemna ciwilizacëjo Stôrożëtnégò Egiptu, znôna z piramid, chtërna warôwała wicy jak 3000 lat.
Pisôł ò tim np.
Chôłmżô abò téż: Łoza (we zdrojach: Chêłmżô (Cenôwa); pòl.
Bëłë to: „Xążeczka dlo Kaszebov”, „Kile słov wó Kaszebach e jich zemi”, „Rozmowa Pólocha s Kaszebą” ë „Trze rosprave”.
Pòrënkòwi Timor (tetum: Timór Lorosa'e, pòrt.: Timor-Leste) - je môłim państwã w Azëji na pòrënkòwim dzélu òstrowu Timor, ze stolëcą w Dili.
Mùzeùm wëdôwô téż np.
Jeden dzél zwie sã tu Nowi Glińcz, a drëdżi Stôri Glińcz.
W Pòlsce ten ôrt drzewów je chroniony w rozmajitëch rezerwatach nôtërë.
Je to 908 rok naszi erë (pò narodzenim Christusa), 908. rok pierszégò tësąclecégò, 8. rok X stolatégò, 8. rok 1-égò dzesãcolecô X stolatégò.
Je to 976 rok naszi erë (pò narodzenim Christusa), 976. rok pierszégò tësąclecégò, 76. rok X stolatégò, 6 rok 8-égò dzesãcolecô X stolatégò.
Pózni sztudérowôł pedagògikã w Wëższi Pedagògiczny Szkòle.
Czôrny dzëdzón (Dryocopus martius) - to je ôrt strzédnégò ptôcha z rodzëznë dzëdzónowatëch (Picidae).
Tak je dlôtë, bò òn mùszé je wësuszëc.
Céch żôłãdzów i dãbòwëch wietewków je czãsto w królewsczich i ricersczich erbach òd strzédnowiecza.
Nen rozsądzënk nie béł równak długò w mòcë.
Lëdowi artiscë kaszëbsczi, jak swiôdczą ò tim zachòwóné malowidła, z wikszim zamiłowaniém twòrzelë ornamentë niglë mòtiwë figùralné.
Òn mòże wôżëc wicy jak 30 g.
Òn je wikszi jak òna - cetrzéwka.
Jegò bùdowa bëła napòczãtô w XIII-im stalatim.
W 1230 rokù òprzestôł bëc prowincjałã i dôł sã do Padwë, do klôsztoru swiãti Marii.
Dosc tich pólniców rosce m. jin. w kaszëbsczëch stronach òb lato, ale òd maja je mòże ju nalezc.
Wódë Miartwégò Mòrza są téż znóné z tegò, że lékùją rozmajité chòroscë skórë.
Sokół jastrzëbôk (Falco subbuteo) - to je strzédny ptôch rabùszny z rodzëznë sokòłòwatëch (Falconidae).
Chtëż o ti dobie zapłacze w żłobie, a chto, chto?
Swiãti Òto je patrónã m. jin.
W XX-im stolatim miôł plac zacht rozwij wsë dzãka turistice.
Je to 2016 rok naszi erë (pò narodzenim Christusa), 16. rok trzecégò tësąclecô, 16. rok XXI stolatégò, 6. rok 2-égò dzesãcolecô XXI stolatégò.
Kôrta Galileje kòl 50 rokù.
Pôłniowi ë zôpadny part Kòreji to dobrze rozwiti rówiznë, a pòrénkòwi ë nordowi są barżi górzistim môlã.
"Sport i Turystyka" Warszawa, 1980, ss.
Registrë 4’, 2’ 1’ wëdôwają zwãczi ò czãstotlëwòscë wëższi ò jedną, dwie abò trzë òktawë òd tonu zapisónégò w nótach – np.: Klawiszowi „C” (C „wiôldżi”) ódpòwiôdają tej zwãczi „c”, „c1”, „c2”.
Pózni wzãlë sã za fùndamentë.
Òd 1947 je tuwò białgòwsczi mònastér Swiãtich Martë i Marii.
Zelony skòczk (Tettigonia viridissima L.) - to je ôrt òwada z rodzëznë skòczkòwatëch (Tettigoniidae).
Ù ti roscënë nie pòwstôwô kłos ze spòrama.
Matarniô razã ze wsama z òkòlégò òd kùńca XIII stalata słëcha cëstersom.
Pózni robił w administracji jakno ùrzãdnik.
Je to 1415 rok naszi erë (pò narodzenim Christusa), 415. rok drëdżégò tësąclecô, 15. rok XV stolatégò, 5. rok 2-égò dzesãcolecô XV stolatégò.
Je to 2017 rok naszi erë (pò narodzenim Christusa), 17. rok trzecégò tësąclecô, 17. rok XXI stolatégò, 7. rok 2-égò dzesãcolecô XXI stolatégò.
Sępólno Krajeńskie, miem.
Je to 935 rok naszi erë (pò narodzenim Christusa), 935. rok pierszégò tësąclecégò, 35. rok X stolatégò, 5. rok 4-égò dzesãcolecô X stolatégò.
Wedle òglowégò spisënkù z 2011 rokù w Serbie (bez Kòsowò i Metohie) mieszkô 1 135 393 przedstôwców nôrodnëch miészëznów.
Pólny skarwónk abò pólny skòwrónk‎ (Alauda arvensis) — to je môłi ptôch z rodzëznë skarwónkòwatich (Alaudidae).
Tracą tedë wiele sëłë i mògą nie przëderowac do prôwdzëwégò zymkù.
W planowanim i realizacje òchrónowëch dzejaniów w wiôldżim stãpniu ùczãstniczą depòzytariusze wësziwaniô, to je wësziwôczczi np.
Doradë dlô dwamòwnëch starszich ë dzëcy.
Janiół stróż je z człowiekã wiedno i pòmôgô mù w żëcim.
Miónkarze, òkróm brómkôrzów, ni mają prawa zrobic wiãcy jak 3 kroczi z balą w rãkach, co wëmùszô bieganié z kòzłowanim i wiele pòdaniów.
Ceplëzna może òdczëtac na miarze, chtërna je na rérce, abò kòl ni.
W rujanie 1824 r. òpùscył Lëtwã i nigdë ju do ni nie wrócył.
Je to 889 rok naszi erë (pò narodzenim Christusa), 889. rok pierszégò tësąclecégò, 89. rok IX stalatégò, 9. rok 9-égò dzesãcolecô IX stalatégò.
Z casta robi sã brótë rozmajitégò sztôłtu i wiôlgòscë.
Zwëskã z wiãzarkòwi kònstrukcëji je relatiwno dobré trzëmanié cepła bënë bùdinkù.
Warkòwò D. Charland zaczãła robic ju w 1982 r. Tedë to, do 1984 r., w Spòdlëczny Szkòle mn.
Pisklóczi są nadżi, slepé i dopiérze pò czile dniach dostówają cémné pùch.
Je to 1738 rok naszi erë (pò narodzenim Christusa), 738. rok drëdżégò tësąclecô, 38. rok XVIII stolatégò, 8. rok 4-égò dzesãcolecô XVIII stolatégò.
Dzys stolëca to Brasilia, a dôwndôw stolëca to Rio de Janeiro.
Szkòckô pardwa (Lagopus lagopus scoticus) – to je ptôch z rodzënë kùrowatëch.
Tej sej wëstąpùją rãczné przełączniczi do sterowaniégò żaluzjama ekspresyjny szafë.
Solankòwy jarnik (Samolus valerandi L.) - to je roscëna z rodzëznë pierwùlcowatëch (Primulaceae Vent).
Jimię znané w Pòlsce ju w strzédnëch wiekach w fòrmach: Kachna, Kata, Katarzena, Katarzyna, Katerzena, Katerzyna, Katuszka.
Banaszak B., Prawo konstytucyjne, Warszawa 2004.
Bënë zaòstałë sã czekawé pòlichromie i mòzajczi z pòwòjnowëch lat.
Anita Włodarczyk ùrodza sã w Rawiczù.
Do kùńca roku je 21 dniów.
Snieżélc – to je figura ze sniegù.
Pieła (abò Piła; we zdrojach: molendinum in Pila 1451, in oppido regio Pila 1515, Pieła 1580, Pyla 1772, Piła 1887, Schneidemühl; pòl.
Nôwëższą pòpùlarnoscą program cesził sã w latach 2000-2006.
Pluton pòliczony òstôł pòmidzë karzełkòwi planetë temù, że nie zjiscywô wëmògów nowi definicje planetë, co zrzeszoné je m.jin. z jegò masą.
Pomerania bëła i je wôżnym pismionem kaszëbsczi rësznotë.
Dzys szabla nie je dlô célów militarnëch le do òezdobé i paradé, ùżëwanô je do nôwiãkszich swiãtôw państwòwëch.
W 1181 rokù òn złożił ùczestnienié cesarzowi Friderikòwi Czerwònobardémù.
Jegò nieùdolnô pòlitika bënowô w Wiôlgòpòlsce sprawiła, że tamtészé mòżnowładztwò zôs poparło Henrika głogòwsczégò, chtërny cesził sã sympatią dëchùwieństwa.
W hewòtnym rokù rozeszłosc juliańsczégò i gregòriańsczégò kalãdôrza wënôszała 13 dni.
Bestri zgniłozwiérz (Bradypus variegatus) - to je ôrt suska z rodzëznë Bradypodidae.
Pôłniowô, Wëspë Japòńsczi, Filipinë.
Dzysô znóné są przédno jegò nôùkòwé dokôzë tikającé szkòłowiznë na Pòmòrzim.
Òd 1979 rokù napisôł mùzykã dlô warkòwëch téatrów do sto trzëdzescë przedstôwków, a téż – jak sam gôdô– kòl trzësta-sztërësta tekstów ò rozmajitëch témach dlô solëstów, estradowëch karnów, spiéwôków i dzôtków.
Mùzyczny sztél karna ewòluòwôł òd death metalu, przez thrash, pò groove metal, jaczégò trzëmónô Sepultura je za jednegò z prekùrsorów.
Je to 1445 rok naszi erë (pò narodzenim Christusa), 445. rok drëdżégò tësąclecô, 45. rok XV stolatégò, 5. rok 5-égò dzesãcolecô XV stolatégò.
Pòkrãtnik abò ksãżi kòlnérz (Tanacetum vulgare L.) - to je wielelatnô roscëna z rodzëznë astrowatëch (Asteraceae).
W Słôwòszënie chòdzył do spòdlëczny szkòłë òd 1824 (lubò 1825) do 1830 r., a téj trafił do Królewsczégò Katolëcczégò Gimnazjum w Chònicach.
Donenczas pòwstałé pòstãpné słowarze i òpracowania òpiérają sã wnetk wiedno na bòkadnym zdrójnym materiale zebrónym i òpùblikòwónym bez Sëchtã.
Òn przëniósł chléb i wino, a pòbłogòsławił Ôbrama pò bitwie i Bòga Nôwëższégò.
Je to 957 rok naszi erë (pò narodzenim Christusa), 957. rok pierszégò tësąclecégò, 57. rok X stolatégò, 7. rok 6-égò dzesãcolecô X stolatégò.
Całô bliza mô 13,3 m, cokół 2,4 m., je òna nômiészô na naszim Ùbrzegù.
Chto chòc le rôz Pólnicã ùzdrzôł, ten je ùrzekłi i czecznieje z nieszczestlëwi lubòtë.
Przëczëną tegò je to, że to òstatné zjawiszcze je widoczné blós w pasë wãższim òd 300 km dlô zacmieniów całoscowich.
Dzél wëzwòlony przi tim energii je przekôzóny materii òtaczający dërżéń, chtërna z prãdkòscą czilenôscë tesący kilometrów na sekùndã rozbiégô sã w kòsmiczny przestrzeni.
Lëpa (Tilia) - to je szlach drzéwiãt z rodzëznë lëpowatëch, chtëren rosce baro wiele lat.
Biegôcze są òbjimniãti ùrzãdową òchrónią.
Ùjednolicył prawò, wrprowadzającë statutë dlô Môłopòlsczi i Wiôlgòpòlsczi.
Brzôd je òkrãgli jak jagòda, farwë czôrny, czerwiòny abò biôłi.
Goguryeo bëło w tim czase nôwikszą mòcą, leno całowny czas zapëzglëną w wòjnë z chińsczima dinastëjami Sui ë Tang.
Jak sã dobiérô kryterium czasu, mòże wëapartnic sezonową i cygłą migracjã; kryterium przëczënë: dëtkòwą, pòliticzną, religiową migracjã itd.
W ji doróbkù nalézemë Miód i mlékò, Symbol szczęścia.
Òkrôm czipów na Kaszёbach bëłë plotłé òkrãgłé kòsze i czipczi.
Je to jedno z nôbarżi tradycyjnëch pòlsczich kùchów.
Tam gdze sã lãgnie, rëchtowónô je apartnô strefa, w jaczi lesny za wiele nie robią, tak żebë ptôchë sã nie wërzasłë a nie wëcygnãłë précz.
Wedle wiéchrzëznë Ruskô Federacëjô je nôwikszim państwã swiata.
Paweł Brzeski ùr.
Òsoblëwi znaczënk mia téż Nakło, dze miałë plac biôtczi midzë Pòmòrzanama a Pòlôchama.
Wëstãpùje przede wszëtczim w południowej cządze krója.
Je to 1819 rok naszi erë (pò narodzenim Christusa), 819. rok drëdżégò tësąclecô, 19. rok XIX stolatégò, 9. rok 2-égò dzesãcolecô XIX stolatégò.
Òna mòże bëc np. do brzadu abò do tortë.
Zwëczajnô słowiczëna (Berberis vulgaris L.) - to je ôrt krza z rodzëznë słowiczënowatëch (Berberidaceae Juss.).
Midzë Himalajama a Kunlunem je nôwëższô na swiece Tybetańskô Wëszawa, a midzë Kunlunem a Tien-szanem wëszawô Kaszgarskô Wlëga.
Robòta je wikszô, czej wëkònëje jã wikszô sëła, abò przesëniãcé (drëga) je wikszé.
Pamiãtajmy ò tim, że Tatr nawetka w lecie mògą bëc górami niebezpiecznymi w związku z czem niezbędne je òdpowiednie ruchna, a tès umiejętnosc dostosowania trasy do swòjeg doświadczenia oraz kondycji fizycznej.
Tu je sedzba Gminë Rzeczenica i kòscół.
Niejedne rodzëznë są pòdzeloné na pòdrodzëznë abò sparłãczone w nadrodzëznë.
Równo w Lëdowi Pòlsczi, jak téż w MDR zaczãto spòsobë stalinowsczi sprôwny ë gòspòdarczi centralizacëjé, ze wszétczima nastãpstwama: ògrańczenim swòjiznë, òrganizacëją prôcë pòdle sowiecczich mùstrów (òsoblëwie w rolnictwie, òb.
Ùzbekistan je państwã w Azëji.
Cytrónowô plëszka (Motacilla citreola) – môłi ptôch z rodzëznë plëszkòwatëch.
Pòmòcny jãzëk - to je jãzëk, w chtërnym lëdze mògą składac wniosczi (w mòwie abò na pismie) w gminie.
Sëwô czapla (Ardea cinerea cinerea) – to je wiôldżi ptôch z rodzënë czaplowatëch.
Piotra, 1,2 i 3 sw.
Francëszka patrónã ekòlogów i ekòlodżi.
Dromader (Camelus dromedarius) – to je ôrt wiôldżégò suska z rodzëznë kamélowatëch (Camelidae).
Tu je òd 1987 rokù Gbùrskô ë Rëbackô Zôgroda w Nôdolim.
Zwëczajny jolc (Leuciscus leuciscus) - to je rëba z rodzëznë karpiowatëch (Cyprinidae).
Je to 1711 rok naszi erë (pò narodzenim Christusa), 711. rok drëdżégò tësąclecô, 11. rok XVIII stolatégò, 1. rok 2-égò dzesãcolecô XVIII stolatégò.
Je to 858 rok naszi erë (pò narodzenim Christusa), 858. rok pierszégò tësąclecégò, 58. rok IX stalatégò, 8. rok 6-égò dzesãcolecô IX stalatégò.
W 2015 rokù òni jesz szukele széfrowégò gazu.
Władzã ùstawòdôwczą sprôwiô jednojizbòwi parlament – Nôrodné Zéńdzenié (bùłg.Народно събрание), jaczi skłôdô sã z 240 nôleżników wëbiérónëch na sztërëlatną kadencjã.
Jegò białką bëła Magdaléna Adamòwicz.
Przegrodë (tzw. kancele) jidą w pòprzék taczi wiatrownicë.
Pòtrafi téż zjesc jaja ptôchów, pisklãta i môłé kùrzãta.
Szabla òkózałô sã wëgodné w ùżëcô, tedé wszëtcë ricérzé zaczôlé pósługiwac sã nowé spòsobë bróni.
Szerszéń abò Eùropejsczi szerszéń (Vespa crabro) - to je ôrt òwada z rodzëznë łasëcowatëch.
Òd 1894 rokù doktor, chtëren kaszëbiznã rozdzelił wedle 21 dialektalnëch gromadów z 76 gwarama.
Niechtërné ksążczi aùtór pùblikowôł pòd tacëwnima miónama Michael Shepherd i Jonathan Ryder.
Na jedny bani są kwiatë dwùch szlachów - abò chłopsczé, abò białgowsczé.
Bójczi dlô dzecy - lëteratura tworzony z mëslą dlô dzôtk i młodzëznë.
Na klimat wërazny cësk mô wiôldżé zjinaczenié wiże.
Wikszô czãsc kòralowca je biôłô.
Technologiã prodùkòwaniô piwa rozwijalë téż Egipcjanowie, chtërny naczãle rozmajitima dodôwkama pòprôwiac jegò szmakã.
Brómkôrz wëchòdzącë z brómkòwégò pòla, stôwô sã zwëczajnym miónkôrzã i òbòwiązują gò tedë taczé samé prawa jak pòòstałëch miónkarzów.
Òficjalno je to kòmùnisticznô jednopartijna systema, chtërnej prowôdnikã je Kim Jong-Il.
Tom 14. Warszawa: Wydawnictwo Naukowe PWN, 2003, s. 359.ISBN 83-01-13793-2.
To sã mògło stac ju pò wëmercym pòłabiznë - XVI stalata (np. Radki - Radczi, 1593).
Wafle mòże pòsëpac cëkrem.
Bez òstatné lata zmieniło sã mëszlenié lëdzy pòdług lasu.
Òd 1821 rokù béła to chôłmińskô diecezëjô ze stolëcą w tim garcu.
Jãzëczi z serbòchòrwacczé diasystemy mòżno zapisac łacëńsczim alfabetã abò cërylicã.
J. Nacel mësli nad tim, żebë „Chemiô òglowô i òrganicznô” nie bëła le jednym dzélem Kaszëbsczi Encyklopedie Tematiczny.
American Film Institute ùmiesciéł ją na szóstim mólu na lisce nówiãkszich aktórek wszech czasów.
Cumulus (Cu - kłãbiastô chmùra) je biôłą chmùrą niską z wëdatnyma znankama pionowi bùdowë.
Baro znónym łużëcczim Serbem je Stanisław Tilich (pò miem.
Czej wrócą z zëmòwiska przëlôtają nôczãscy do sklëniącëch lasów chòjnowëch, gdze szëkają, żëwiącëch so chòjanama, włosatëch wąsewniców, chtërne akùratno te wëchôdają ze swëch môlów zëmòwaniégò.
Wiele wskazëje na to, że obczas ti dłudżi bëtnoscë w Efezu béł téż napisóny Lëst do Rzimianów pisôł Paweł w Korince, ob zëmę 57/58 rok, cziej ju béł w drodze nazôd do Palestinë (wiózł on ze sobą tej darë dlô ubodżich chrzescëjanów w Jeruzalemie).
Je to 905 rok naszi erë (pò narodzenim Christusa), 905. rok pierszégò tësąclecégò, 5. rok X stolatégò, 5. rok 1-égò dzesãcolecô X stolatégò.
Równak czas, w jaczim przëszło żëc i twòrzëc Trepczikòwi, nie béł za baro żëczny kaszëbsczémù dzejaniémù.
Je to 882 rok naszi erë (pò narodzenim Christusa), 882. rok pierszégò tësąclecégò, 82. rok IX stalatégò, 2. rok 9-égò dzesãcolecô IX stalatégò.
Antón béł dobrim kaznodzeją.
We czwôrtk 7 strëmiannika 1850 r. w tigòdnikù „Szkòła Nôrodowô”, wëdôwónym w Chełmnie, òpùblikòwôł (z krótczim òdredaktorsczim wstãpã) swój słôwny artikel „Kaszebji do Pólochov”, pòdpisëjącë gò pseùdónimã „Wójkasin”, tj.
Zwëczajnô pòkrzëwa (Urtica dioica L.) – to je roscëna z rodzëznë pòkrzëwòwatëch (Urticaceae).
Sklep - to je nôniższi szos bùdinkù.
Sprôwiô to jinosc bùdaceji midze tima spòsobama.
Pùnktë sã dobëwô za ùderzenia, chternëch drëdżi grôcz nie òdebrôł.
Je to 1418 rok naszi erë (pò narodzenim Christusa), 418. rok drëdżégò tësąclecô, 18. rok XV stolatégò, 8. rok 2-égò dzesãcolecô XV stolatégò.
Sydonia von Bòrk (1548–1620) - snôzô szlachcónka, chtërna nie bëła żeniałi i nié mia dzecé.
Pò skùńczenim sztudérowaniégò medicynë wëjachôł do Zurichù, gdze napisôł doktorską disertacjã, chtërny témą bëłë badérowania krëwi skażony òłowiã.
Grzebòwiszcze – to je plac dlô nieżëwëch zwierzów np.
Szëmôłd je na szlachù wòjewódzczi dardżi 25px.
W tim môlu biwelë pòlsczi królowie.
Wiła to pòstacëjô białczi, òblekłô w letką, ùplotłą z dôczi sëkniã.
W kùńcu ùgòdzono kanón Biblëji na sobòrze Trëdencczim w 1546r.
Jak pòdôwô, ji zajimnotama są poezjô, malarztwò, balét ë nôtëra.
Ni je rôwnak zarëchòwônô do zwierząt zagrożonëch wëmarcym.
Je to 1779 rok naszi erë (pò narodzenim Christusa), 779. rok drëdżégò tësąclecô, 79. rok XVIII stolatégò, 9. rok 8-égò dzesãcolecô XVIII stolatégò.
Je to 1442 rok naszi erë (pò narodzenim Christusa), 442. rok drëdżégò tësąclecô, 42. rok XV stolatégò, 2. rok 5-égò dzesãcolecô XV stolatégò.
Do tłëczeniô w stãpie béł sztãpòr.
Mają długòtã 1,5 cm.
Je to 1404 rok naszi erë (pò narodzenim Christusa), 404. rok drëdżégò tësąclecô, 4. rok XV stolatégò, 4. rok 1-égò dzesãcolecô XV stolatégò.
W tim rokù nagrôlë téż pierszą 7" platã ò tim sómëm titlu co miono karna, pò tim przëszłé pòsobné nagrëwóné w różnëch wëdowiznach.
Lewańda (Lavandula L.) – to je szlach roscënów z rodzëznë głëszkòwatëch (Lamiaceae).
Robi to sã, jak spadną lëstë, tej transpiracjô spôdô do malga.
Słowôrz kaszëbsczich gwarów na tle lëdowi kùlturë Róża Wòszôk-Slëwa, Ò czim gôdają kaszëbsczé słowarzowé zéwiszcza tikającé sã pòzwów alkòhòlowégò wëpitkù?
Bajerowô stolëca je w Mnichòwie.
Różné zortë kòralowców - wiejôkòwati i pierzasti, a téż pòkrewné z nima szwamë i jinszé jistotë mają snôżé farwë: czerwioné, żôłté, apfelzynowé, lilewé, różewé i zeloné.
Pierre ùmarł tragicznie w wypadkù na parizczej szasie w rokù 1906.
W òmawianym òkrese zwiãzała sã z łowcã talentów Johnnym Hydem, chterën prawdopòdobnie wtedy sfinansował jej òperacje plastéczne pòdbródka i knëra.
Prawòsławnô Cerkwiô ùznôwô sã za jediny, katolëcczi (pòwszechny) kòscół, chtërnégò założëcélã a głową jawi sã Jezës Christus.
Za lëteracczi debiut redakcëjô negò pismiona ùtcëła jã nôdgrodą miona Romana Wróblewsczégò.
Równak to sã nie dało, bo cãżkò zachòrzôł i mùszôł przińc nazôt do òjczëznë.
Je to 1835 rok naszi erë (pò narodzenim Christusa), 835. rok drëdżégò tësąclecô, 35. rok XIX stolatégò, 5. rok 4-égò dzesãcolecô XIX stolatégò.
Fele sztature są pòwstałi bez patologòwi zjinaczenie.
Òd 1983 do 1984 rokù òn béł biskùpã sufraganã diecezji gduńsczi.
Bòcónë òdlatiwają grëpama w zélnikù, a przëlôtiwają w strumiannikù i łżekwiôce.
Bizantińsczi òbrządk òpierô sã na liturgii sw.
Jinaczi bëło z wòjnama pòlskò-tërecczima, a òsoblëwò z Pòmòcą wiedeńską w 1683 r., w jaczi téż bëtnictwò mielë kaszëbsczé szlachcëce i chłopi.
Na przełómanim 1865/66 r. zjawił sã w Òlëwie, a pòdobno biwôł téż m.jin. w Wejrowie ë Kartëzach, gdze miôł agitowac młodzëznã pro-ruskò.
Internetowi przezérnik (w skrodzëni przezérnik ) je kòmpùtrową soft-wôrą, brëkòwóną do òbzéraniô wszelejaczich zamkłoscë - przédno równak do wëskrzëwaniégò starn internetowich.
Film Skłóceni z życiem był òstatnim w jej żëcowô drodze, chtërã przerwała nieòczekiwóna smierc w 1962 r.
Òkróm tégò w Pòlsczi Repùblice żëją m.jin.: grekòkatolëcë, wëznôwcë prawòsłôwny christianiznë, lëtrowie (ewangelicë), mùzelmanie, agnosticë ë atejiscë.
Łóżkò - to je zort mébla, chtëren przëdaje sã do spaniô abò òdpòczinkù leżąc.
Kalasancjusz pòstarôł sã ò pòrã tomów, ùżiwónych czes.
Pomerania nr 5 (454) maj 2012, s. 24.
Spòdlëczną farwą slëmiénia je bruny w rozmajitëch tãczënach, òd jasnokawòwégò do cemnobrunégò z kòprowim łiskã.
Krãżel abò krążel - to je òkrãgłô rzecz, chtërna pò pùsceniu krãcy sã jaczis czas np. na stole.
Òkróm tégò są rozmajite rekreacjowe miónczi - Rec Adult League, Rec College League, Rec High School League.
Żëjé tam 350 lëdzy.
Skòmplikòwała sã sytuacja w Wiôlgòpòlsce, gdze Łoczetk mus ził rëwalizowac ò wpłiwë z Henrikã głogòwsczim.
Skarniowi gnôt (łac. os temporale) – je w szkelece czërzepù.
Pòchwã je wëkónonô z drzewa i òbłożoné skórã.
Ùstanowił go papież Grégòr XV 18 lëstopadnika 1621r.
Łąkòwi lubùszk (Euphrasia rostkoviana) – to je ôrt roscënë z rodzëznë Orobanchaceae.
Ceplëzna w ni je òd - 10 °C do - 40 °C gradów zëmna.
Pò rôz trzecy sëgnął pò kòrónę króla strzélców Bundeslidżi w sezonie 2017/2018, strzélającë 29 gòli.
Do kùńca roku je 124 dniów.
Krëjamnô Wòjskòwô Òrganizacëjô „Pòmòrsczi Grif”
Sztôłt mjiała letkô wëdżãtô w pałąg, gwëstnô na biôtkô kònnô.
Na nen ôrt swòjima dokazama ùrôbiô òglowi kaszëbsczi jãzëk, a jegò òna téż ùczi dzôtczi i młódzeznã, w szkole i doma.
Je to 1871 rok naszi erë (pò narodzenim Christusa), 871. rok drëdżégò tësąclecô, 71. rok XIX stolatégò, 1. rok 8-égò dzesãcolecô XIX stolatégò.
Malëna włascëwô (Rubus idaeus L.) – gatënk roscënë wielolatni z rodzëznë różowatëch.
Jinstrument ten transponëje ò oktawã w dół, tzn.
Z negò slédnéj pòdgrëpë wëmiarłë w XVIII s. pòmòrsczé jãzëczi (króm kaszëbsczëgò jãzëka).
Ale dopiérkù dosc długò pò jego smiercë ùkazałë sã pòstãpné dokôzë ùtwórcë.
Pòzwa „Fif” znaczi szpôs, szpòrt, wic, wërgel, gag.
W 1661 rokù zaczãlë ùprawiac zómk, ale robòtë zakùńczëłë sã dopiérze w 1991 rokù.
Pòłożenié Pòlsczi nad Bôłtã ùmòżliwo rozwój rëbaczenié, a co za tym jidze daje rëbë i ich przerobiznë,i robòta dlô lëdzy.
Tu bòdôj mieszkôł swiãti Pioter.
Je to 946 rok naszi erë (pò narodzenim Christusa), 946. rok pierszégò tësąclecégò, 46. rok X stolatégò, 6. rok 5-égò dzesãcolecô X stolatégò.
Pistacjô (Pistacia L.) – to je szlach roscënów z rodzëznë Anacardiaceae.
Domôgano sã 2000 dolarów ë rok sôdze sztrafë dlô kôżdegò nôlëżnika karna, do czégò równak nié bëłó doszłi.
Benjamin Franklin miôł wiôlgą wiedzã, znôł czile jãzëków (
Bùksczi – rodzôj nasebné piérzi òkriwającé zwikle intimnë czãscë cała.
Jak ni ma gladë abò mòrzé nie je dzélowò zamiarzłé, to wałë mòrsczich wòdów sã bez òprzestónkù bôłdëją i chwiądają.
Òsoblëwò wëaparniają sã w tim pòwiatë: gduńsczi 14 na 1000 lëdzy, wejrowsczi 7,5 na 1000 lëdzy, kartësczi 6,1 na 1000 lëdzy i pùcczi 2,5 na 1 000 lëdzy.
Czedë Łoczetk walcził na Pòmòrzu procëm Swiãcom (mòżnowładcóm związanym z Branderbùrczikama), niemieccy mieszczaństwò Krakòwa pòd wòdzą wójta Alberta i biskùpa Jana Mùskatë rozpòczãło bùnt (1311-12 r.).
Zanokczëca (łac. paronychia) - to je zariwnô chòrosc kòl paznokca.
Bëtowsczi zómk – gòticczi, pòkrziżacczi zómk, chterën béł sedzbą Krziżôków òd XIV do XV st.
Do kùńca roku je 149 dniów.
Terôczas mieszkô w ni wicy jak 1700 sztëk lëdzy.
W nim je mni jak 60% wãgla.
Jich rozłożoné skrzidła mają òd 2 cm do 19 cm.
W szkòle bëła jedna szkólnô Wanda Brelowskô.
Przëwloklë ją òkrãtniczi na pòkładze òkrãta.
Dlôte baro niechãtno ùcził sã ról.
Z tegò czasù móżna nalézc wiele wzmiónków ò ti rasé w literatùrze anielsczi m.in. w sztùkach Williama Shakespearea.
Dôwni tłëkło sã szkło, cëskano metalowima rzeczoma żebë bëło głosno.
Stoplëna kòpru i cënë to je bronza, a bronzowô mòże bëc np.
Pòlskô czãsc Pòmòrsczi bëła w midzëwòjnowich latach jedną z nôdinamiczni rozwijającëch sã òbéńdów Drëdżi Repùbliczi.
Dôwnié w òstatny dzéń rokù gòspòdarze òbchòdzëlë swòje sadë, gwiżdżac przë tim i grochòtac klekòtkama, co miało wënekac czarownice i diôbłë chtërne przëchôdałë razã z Nowim Rokã i to miało téż zagwësnic dobri ùrodzaj brzadu.
Resztã mléka (pół skła) i cëczer (reszta ze skła cëkru) z tłuszczã (250 g margarinë "Palma") rozpùszczëc i do tegò wsëpac mąkã (razem 1 kg pszeny mączi), dodac jaja (6 szt.) i razem dobrze wëmiészac.
Dzãka jegò staróm pòwstała dobrowòlnô ògniowô starża, pòlicëjô, bòlëca a wëpòżëczniô ksążków.
Bòrowô Cotka - strogòtlëwi duch bòrów, sostra Bòrówca.
Odpowiedzi na pytania rodziców i nauczycieli.
Aùtor wiérztów zebrónëch w tomikù pn.
Zadanim stowôrë je przede wszëtczim edukacjô młodégò pòkòleniô bez òrganizacjã warkòwniów i dbanié ò ùchòwanié kùlturowi spôdkòwiznë.
Zwëczajno distribùcëje instalowóne są na cwiardi place kòmpùtra, chòc dô téż taczé, jaczé mòże zrëszëc prosto z CD czë téż disczétczi (np. Knoppix czë Pocket Linux).
Zëma i zymk to je drãdżi czas dlô niégò.
James béł òd 1721 r wëdôwôczã gazétë „New England Courant”.
Ùrodzył sã 3 zélnika 1901 w Zuzeli, pòlsczi dëchòwny, zwóny Prymasem Tësąclëca, primas Pòlsczi.
Je to 1904 rok naszi erë (pò narodzenim Christusa), 904. rok drëdżégò tësąclecô, 4. rok XX stolatégò, 4. rok 1-égò dzesãcolecô XX stolatégò.
Tegò zelégò lëdze ùżiwają do léczeniô schòrzałégò serca.
Brett" Gurewitz, Jay Bentley ë Pete Finestone, bë nagrac nowi albùm.
Młodszé juniorczi i juniorczi mają do pòkôzaniô 1 ùłożënk, a seniorczi (klasa méstrów) 2 ùłożënczi.
Dzysô tam je dosc nowi kòscół.
Gò mòże pòtkac w rozmajitëch òkrãżach.
Westrzód wiôldżich òwadów łapią wôżczi i skôkôłczi.
Pò 197 trapach mòżna wlesc na tôrasa.
Sarka jé: pajczi, robóczi, smôszczié, bączëne, mëszë, szurë, żabë, wieszórczi jé téż zbòża, jagòdë, brzôd.
Kristión z Òlëwë - to béł ùm.
Praca zbiorowa, Wydawnictwo Rajd, Polska, 2008.
Pò ùtwòrzeniu w 1940 rokù gëta w Warszawie òstôł z matką pò arijsczi starnie.
Mdzesz miłowôł swòjégò blëznégò jak samégò se.
Do dzysô z nëch XIX-wiekòwëch òbsadzeniów wiele nie òstało.
Parafiô Nôswiãtszégò Serca Pana Jezësa w Lëni - je òd 1923 rokù.
Służi do noszeniô wòdë i jinszëch ceków, taczich jak np.
To, co pò nim òstało, kłedlë razã z darënkama zrëchtowónyma z metalu i keramiczi do grobów.
Mô 28 abò 29 dniów.
Wedle ùkładu Zôkòn zwrôcôł Kujawë z zemiądobrzińską, a Kadzmiérz Wiôldżi ùstãpòwôł z Pòmòrzégò (wcyg jednak titłowôł sã władcą Pòmòrzégò) i zemi chełmińsczi.
Kôłp sniegùlc (Cygnus olor) -to je wiôldżi ptôch wòdny z rodzëznë kaczkòwatëch (Anatidae).
Wëizolowany fragment nôleży do genu Col2A1 i òdpòwiadô za twòrzenie tkanczi chrzãstné; dołączëlë do niegò fragment kòdujący mòdré barwnik, w efekce òbserwacjë zauważono aktywnosc genu i òbecnosc mòdrégò barwnika.
Osiek) - zgrëpionô, gbùrskô wies, jakô leżi w zôpadnym dzélu gminë, na zberkù dolëznë Łebë.
W 1992 rokù w Barcelonie bëłë latné olimpijsczé jigrzëska i wiele jinszich imprez: Mésterzkò Europe i swiata w judo, w płëniãcô, w chòdze szpòrtowim i wiele jinszich.
Pò ji skùńczeniu, w séwnikù 1815 r., wëjachôł do Wilna, bë tam sztudérowac na ùniwersytece.
W praktice, infòrmatika zamëkô w se pòwielbã témów tikającëch kòmpùtrów, òd czësto abstraktny analizë algòritmów do barżi kònkretnëch, taczich jak np.
E. laus.: Atlas grzëbów jôdowich i trëjących.
W czasach refòrmacëji, w 1544 rokù òjcowie cëstercë òpùscëlë ten môl i zabrelë ze sobą sztaturã Marëji.
Òn je laureatã m. jin.
Òn mógł przechôdac ze starka na synecznika.
Łukaszowi przëpisëje sã wësoczé wëkształcenié z resztë ewanielistów.
Òrãdzã tego bёłё ruchё przecygòwé i pòkôzanié sã nowёch wiarów jinaczi mёslącёch ò żёcym i smiercё.
Wiôldżima atrakcëjama Pilëców są: wësoczi klif nad sztrądã (67 m n.r.m.), chtëren równak je zagrożony przez sztormë na Bôłce; ôs wiłoz zwóny Lësô Rëja (pòl. Lisi Jar).
Semiona i dzéle roscënów, òwôdë, pajiczi i jinszi bezpôcorniczi.
Zwëczajnô bania (Cucurbita pepo L.) – to je jednorocznô roscëna z rodzëznë baniowatëch.
Dëchòwnyma – chtërny przédnikùją religijnym òbrzãdóm – mògą równak bëc leno òsobë òdpòwiednio przërëchtowóny i kònsekrowóny.
Zós sóm kùch nie bëł cëkrzony.
Ji szerokòsc dochôdô do pôrãsta metrów a długòsc òd czile do cziledzesąt kilometrów; dno je nierówne.
Christburg) - gard w pòmòrsczim wòjewództwie w sztëmsczim krézu nad rzéką ò jistnym mionie.
Bëłë ùsztiwnióné dennikama ë wiązadłama srãbù, jaczé ze sobą sã nie stikałë (je to pòmión słowiańsczi techniczi bùdowë bôtów).
Państwa, chtërne ratifikòwałë tã Kôrtã co trzë lata zdôwają sprawã z tegò co mają wprowôdzoné w żëcé z zôpisów, do jaczich sã òbrzeszëłë.
Leno szkòda że corôz trudni gò mòżna nalézc.
Lëteracczi biôłorusczi jãzëk brëkòwóny je przede wszëtczim westrzód miesczi jinteligencji.
Òna mòże miec pasowé kòło.
Òna je midzë pòdscelënkiem a gajewizną.
Wszëtczé zbòża, chtërné mają w se cëczer mògą pòddac sã ùrmòwi fermentacëje dzãka dzëczim młodzóm w lëfce.
Je to 1846 rok naszi erë (pò narodzenim Christusa), 846. rok drëdżégò tësąclecô, 46. rok XIX stolatégò, 6. rok 5-égò dzesãcolecô XIX stolatégò.
Pò nim są zaòstałoscë kaszëbsczi pismieniznë.
Dzysdnia mòże tu òbezdrzec wiôldżi smãtôrz bò sta lagrowëch ùmarłë nôbarżi z głodu i zemna.
Mòże wãdzëc np. na cepło (22–40 °C), a pòzni rëbë mają wisec, cobë òne wëschłë i swòjã soczëznã ùchòwałë.
Kaszëbsczi jastrownik (Ranunculus cassubicus L.) - to je roscëna z rodzëznë jastrownikòwatëch (Ranunculaceae).
Òd 1926 rokù nôleżôł do pòkrocznëch òrganizacjôw spòlëznë jaczié rëchtowałë manifestacje zespòłowé i nôrodné.
Biég na distanse 42 kilométrów ë 195 métrów.
W zélnikù 1850 r. naczął téż kòrespòndencją z badérama z Petersbùrga.
Swiãtô Góra Pòlanowskô òd strzidnowiecza bëła môlã òdpòczinkù na pielgrzimkòwim szlachu sw.
Òcena zanôlégô midzë jinszima òd stãpnia trudnoscë elementów, chtërne pòkazywô miónkôrka.
Nôwikszima kamieniama òni szmërgalë jak kòłôczami.
Tamara de Lempicka, (pòl. Tamara Łempicka, 1898-1980), to bëła achtnionô pòlskô artistkô malôrka z epoki Art Deco, malëjącô w sztélu kùbisticznô-neoklasicznem, znóna z ji òbrôzów gòłéch białek i pòrtrétów aristokratów óras ji biseksualnéch romansów.
W 2000 rokù ódbëła sã pierszô, pieszô pielgrzimka Swiãtëch Gór – òd Chełmsczi Górë do Pòlanowsczi.
Baro mało z nich przeżëwô.
Jak gò wëdostónie z wòdë tedë òn jakbë gwiżdże.
Na nim mògą bëc wąsewnice mòtila Vanessa cardui.
Zniszczonô òb noc z 18/19 gòdnika 1944 rokù.
Òn béł wëprzédniony za swòją robòtã np.
Pògrzeb prymasa, zwóny także królewsczim, zgromadzéł w stolece tësące lëdze.
Ten z môłégò Twój lud.
Madźi pobożni nie jidą próźni, a cëż më?
Gryf (pełnô pòzwa „Gryf.
Je to 944 rok naszi erë (pò narodzenim Christusa), 944. rok pierszégò tësąclecégò, 44. rok X stolatégò, 4. rok 5-égò dzesãcolecô X stolatégò.
Tej nawetka czej jesmë gwës na 100%, że przed nama leżi padalc, lepi trzëmac sã wskôzë: nigdë nie tikôj czegòs, co ni ma nogów.
Kaszëbsczé nótë – jedna òd nôbarżi znónëch kaszëbsczich frantówków, zwónô téż „Kaszëbsczim alfabétã”.
Zasolenié je tak wiôldżé, że òkróm niejednëch bakteriów ni ma w nim zëcégò.
W séwnikù 1981 roku Sting miôł pierszą prezentacjã w pòjedinkã, na kòncercë dlô Amnesty International.
Je to 1783 rok naszi erë (pò narodzenim Christusa), 783. rok drëdżégò tësąclecô, 83. rok XVIII stolatégò, 3. rok 9-égò dzesãcolecô XVIII stolatégò.
Astronomòwi lato zaczinô są òd latny przemòdżi dnia z nocą.
Azëjo pòdnôszë sã w wëstrzédnym dzélu ë pòstãpno òbniżô sã we wszëtczich czerënkach.
Szabla to bëło militarnô wëpósażenié w gòtowóscë na wójenã ricérzów.
Reszta Luksembùrga (tak pòzwóny region Gutland, jaczi zajimô 68% teritorium) je pòfałdowóną niżawą z szeroczima dolëznama.
Mô kòl 150 mieszkańców.
Sarka je wszëtkòżyrnô, chòc wòli miãsną jôdã.
Je to 1892 rok naszi erë (pò narodzenim Christusa), 892. rok drëdżégò tësąclecô, 92. rok XIX stolatégò, 2. rok 10-égò dzesãcolecô XIX stolatégò.
Sardińsczi jãzëk (sardu, limba sarda, lingua sarda) - to je jeden z romańsczich jãzëków.
Lasowô mësz (Apodemus flavicollis) - to je grëzôk z rodzëznë mëszowatëch.
Sekretarzã ji òstôł prawie doktór Majkòwsczi.
"Nie wiém, jak ti lëdzë na taczim bezludkòwim mògą mieszkac?"
Pòłożoné midzë 3 dzélama swiata Strzódzemné Mòrze mô òsoblëwé znaczenié dlô przewòzënkù- je hańdlowim traktã przez Gibraltarską Cesninã (kòl 75 tës.
W prologù Ewanielië czëtómë, że ji aùtor òpierôł sã na jinëch Ewanieliach i na jinfòrmacjach zaczëtich ò “Naòcznych swiôdków” i “sługów słowa”.
Pierzą sã 2 raza na rok.
Fùrmónka - to je to dargòwô tërlëka na sztërzech kòłach, w chtërny nëkòwną mòcą są mùskle zwierza np.
Na zôczątkù 19. stalatégò môlowi majątk òstôł rozparcelowóny midzë miestnëch chłopów, a sama wies sta sã sedzbą wëszëznów gminë.
W zagraniczny pòlitice czerowôł sã przede wszëtczim racją stanu, wchòdzëł w ùkładë nawetka ze swòjima wczasnyma wrogama.
Òno mô wiéchrzëznã kòl 371 000 km² i strzédną głãbòkòsc 211 m.
Kóńsczi gzyk (Gasterophilus intestinalis) - to je ôrt òwada z rodzëznë gzykòwatëch, a pòdrodzëznë Gasterophilinae.
Tak mòże rzec, że to béł wielestarnowi artista.
Òkriwk górlôków - to je òbleczënk na wiérzch dlô górlôka (chłopa) zrobiony np. z wełnë.
Z ni je òléjk z różów.
Chałëpniczi chãtno jedzą tilkò rëbë.
W tich stronach długò ùchòwôł sã kaszëbsczi jãzëk ë zwëczi.
W miesce je kòl 40 kòscołów.
Je spòwòdôwónô zabùrzeniama spòdlecznëch fónkcjôw pòznawczich, co czãsto ùwarunkowôné je kónstitucjonalnié.
W latach 1948-1953 pełnił fónkcjã minystra zagreńcznëch sprawów Francji.
Młodé òbù gatënków w jednym lãgù wëchowùje sã zgòdno.
W 1548 rokù òn béł przësëżnik.
Wnet włącził sã w kùlturowé ë pòliticzné żëcé môłégò wnenczas gardu (Winona mia tedë kòl 9 tës.
Nôpierwi zaanektowóła leżącą kòl ni kònfederacëjã Gaya.
Ta szabla nôwiãcy ùżëwale za panowaniô Stefana Batorégò.
Je to 1828 rok naszi erë (pò narodzenim Christusa), 828. rok drëdżégò tësąclecô, 28. rok XIX stolatégò, 8. rok 3-égò dzesãcolecô XIX stolatégò.
Wedle tradycji béł lekarza, dlôte czãsto je przedstôwióny w lekarsczi czôpce.
Rehden) - garc w Kùjawskò-Pòmòrsczim Wòjewództwie w Grëdządzczim Krézu.
Ani dëcht niczegò, co jegò je.
Wespółzgrôwôłe òne w ekonomiowëch ë wòjskòwëch môlach.
Barnim IX abò Barnim XI (ùr. 1501 rokù - ùm.
Kòrusowatô pszczoła (Apis florea) – to je ôrt ze szlachù pszczoła i rodzëznë pszczołowatëch (Apidae).
Òstałë pò nij obrazë w mùzeùmach francësczich i USA, le baro wielné w kolekcëjoch priwatnech.
Òd 2014 je ambasadorã dobri wòli UNICEF.
Farwé samice i samca je takò sama cemnobùro z plômkoma i strészkoma.
Wychòwëwôła sã w spòrtòwi rodzënie.
Pòsmiertnie òstôł òdznaczony Krziżã Kòmandorsczim Òrderu Òdrodzenô Pòlsczi.
Spódk cała wiedno jednofarwny – biôłi, na szëji i gardle òchrowi nalot.
Kanada bëła francësczą i pòtemù anielsczą koloniją, i dzys je to dwùjãzëczny krôj.
Je to 1870 rok naszi erë (pò narodzenim Christusa), 870. rok drëdżégò tësąclecô, 70. rok XIX stolatégò, 10. rok 7-égò dzesãcolecô XIX stolatégò.
Psy jãzëczk (Plantago maior L.) - to je wielelatnô roscëna z rodzëznë przëdróżnikòwatëch.
Gniôzda bùdują przede wszëtczim z wietewków, sëchi trôwë, glënë.
Menzurë w kùńszce bùdowë òrganów òkróm jintonacjë ùchòdzą na nôbarżi artisticzny dzél twòrzeniégò mùziczny warstwë przez òrnanméstera.
Do kùńca roku je 129 dniów.
Przyjãłë sã w dzecnëch ruchnach, bò môłim dzecóm wiedno chtos pòmagôł w òbleczenim.
Górowi tapir (Tapirus pinchaque) – to je niepôrokòpëtny susk z rodzëznë tapirowatëch (Tapiridae).
Jeżlë Ksãżëc przesuwô sã przez stóżk półcénia Zemi i naléze sã w całoscë pòza stóżkã cénia całownégò, zwiemë to zacmienim półcéniowim.
Splëszczonô swórka (Pseudanodonta complanata) - to je ôrt mitkôcza z rodzëznë Unionidae.
W òbéńdze szôłtëstwa pòłożoné sã miészé kòlonie: Czôrné Błoto, Kaczé Bùczi, Kòwôle, Lësé Błoto ë Rewerendô.
Ale ona mnie nie chciała.
Jegò zbiérk Pomión zwonów (1970) przeniósł wiérztë sparłãczoné z II swiatową wòjną.
Stôri Gard Torna òstôł wpisóny na lëstë swiatowégò erbu kultury UNESCO.
Òd 1917 r. Wilno je stolëcą samòstójny Lëtwë.
Nô zôczątkù je na wiż.
Krótkò wéńdzenié do gdyńsczégò swinga stoji stawa – bliza na nordowim falochronie.
Genowefa - to pòdług stôri legendë je miono nôbòżny i snôżi ksãżniczczi, chtërna bëła przez lëdzką òbmòwã niedowinnie wënëkónô z pałacu.
Je smażony na cemno-złotô farwã w głãbòczim szmôłcë.
Jegò młodé klëją sã z jôj i pòtemù susają mlékò matczi.
Mùzeùm – institucjô pòwòłónô do zbiéraniô, badérowaniô, a téż òpieczi nad òbiektama, chtërne mają gwësną historiczną abô artisticzną wôrtosc.
Antón Peplińsczi (ùr.
Lato to je snôżi i robòcy cząd rokù.
Bë szlë pastuszë, słowu posłëszni, co rzeklë Anielë.
To sã wietewczi sw.
Gòdë abò Swiãta Bòżégò Narodzeniô – w tradicji chrzescëjańszczi to swiãto upamiãtniwô narodzenié Jezësa w Betlejem.
Pruszcz słëchô do gduńsczi aglomeracëji.
Staszków Jan to béł jegò pseudonim.
Wëchôdô to z rzeczeniów: pies wëje, żebë òn le kògòs nie wëwił, a téż z: wëniesc kògòs z chëczi i wëtoczëc kògòs z chëczi.
Pierwotnie wëstãpòwôł na terenach Aùstralii ë Nowi Gwinei.
Kroczné nodżi są dłudżé i smùkłé.
Krom Nôdgrodë Nobla, dobëła przëznôné pòlsczé orderë: Order Biôłego Orła, Order Òdrodã Pòlsczi, Złoti Krziż Zasłudżi i Mëdal „Zasłudżoni Kùlturzë Gloria Artis” i téż nôdgrodë: Goethego, Hardera, Fùńdacji Kościelsczich i jin.
Je to 951 rok naszi erë (pò narodzenim Christusa), 951. rok pierszégò tësąclecégò, 51. rok X stolatégò, 1. rok 6-égò dzesãcolecô X stolatégò.
Do pòpùlarnëch zôbôwków dlô dzecy nôleżą: pùpczi, miedwiécczi, klocczi, autka, mrëczczi, kùżle i jin.
Czede dwa znaczi są razã ë robią jedno słowò 愛人, czëtô sã je aein (애인; pò kaszëbskù czëtôj "aj-in"), a òznôczô to mùlka (lubòta + òsoba).
Ji nôblëższima stalë sã chrzescëjónie.
Jeden lęg w rokù, w pòłowie abò pòd kuniec łżëkwiata.
Równoczasno mëslôł ò pòwrócenim do wòjska ë krótkò służił jaknô wòjskòwi dochtór we Gduńskù (1850).
Mô przenômni 50% pszenégò malcu, pòchodzi z Bawarskô.
Drëdżé przińdzenié Christusa na slédny sąd (4,13-17).
To dô kòl 30 ôrtów tëch drzewiãt.
Je to 1012 rok naszi erë (pò narodzenim Christusa), 12. rok drëdżégò tësąclecégò, 12. rok XI stolatégò, 2. rok 2-égò dzesãcolecô XI stolatégò.
Tu w 2012 rokù ks. prof.
Rafała Kalinowsczégò je tôblëca z tekstã "
Zvjercadło kaszubskji" pisôł, że m. jin. nokce bëłë dóné do pòswiãceniô w Matkã Bòską Zelną.
Zaczãłё sã téż pòkôzёwac na westrzódkù lądu.
W arkùszach nëch pierszi rôz òsta zamieszczónô m.jin. pòpùlarnô piesniô „
Nocãsczi wekòrzistiwané przez człowieka je mlékò krowë.
Kò krëczczi żëją w karnach, gniôzda bùdują téż w karnach, wësok na drzéwach, jedno kòle drëdżiégò.
Westrzód lesnëch gałązy i krzôków rëchù sã lekkò, chùtkò ë bez wikszich przeszkòd.
Ùzda – to je wôżny dzél òbsodlënkù abò slë na zwierza z rodzëznë kòniowatëch np.
Lista terminów w sądze - to je wëkôz sądowëch sprawów spisónëch pò rédze, tak jak òne mają bëc gwësnégò dnia rozsądzëwóné.
Òna napisa m. jin.
Jakùba Apòsztoła w Szczecënie - dzysô katédra.
Miono Ekwadoru je od szp. ecuador (równik).
Pierszé wiadło ò Smażënie pòchôdô z 1348 rokù.
Je to 977 rok naszi erë (pò narodzenim Christusa), 977. rok pierszégò tësąclecégò, 77. rok X stolatégò, 7. rok 8-égò dzesãcolecô X stolatégò.
Ùkleja (Alburnus alburnus) - to je rëba z rodzëznë karpiowatëch.
Lékarskô mandagòra (Mandragora officinarum L.) - to je wielelatnô roscëna z rodzëznë lilkòwatëch (Solanaceae).
Szérzawa kònduktów mòże wigòwac sã òd cziledzesãc do czile milimétrów i je zanôléżnô òd iloscë i cësnieniégò przesëlónégò leftu.
Begonijô - to je szlach roscënów z rodzëznë begonijowatëch.
Sztrôfné dzejanié procëm sprôwcë zatrzëmiwô sã ju w sztóce przëszëkùjącégò sprôwianiô, nigle przińdze do rozprawë ë òbsądzeniô.
Badérowania òbzéraniô wëkazywałë widowniã, co syga 100-150 tësący òbzérników.
Termin jimpresjonizm mô swój pòczątk od ôbrôza Claude’a Moneta „Jimpresja, porénk słuńca” (1872 r.) Pierwszi pòkôz jimpresjonisticzny miôł plac w 1874 rokù w Pariżu.
Òn pierszi napisôł nôùkòwą mònografiã mòwë jedny z kaszëbsczich wsów.
Kubuntu je nôbarżi zdolmaczoną na kaszëbsczi jãzëk distribùcëją Linuksa.
Je to ôrt harmònii, òparti na przelotowim zwãcznikù.
Bùksczi pojawëłë sã w XIX stalatim.
Mëszikrólëk (Troglodytes troglodytes) — to je môłi wanożny ptôch z rodzëznë mëszikrólëków (Troglodytidae).
Na większi wysokòśczi napotykamy na kosodrzewinę, chterna wraz ze zwrostem wysokòśczi karłowaceje zanikając całkowicie na wysokòsczi około 1800 m npm.
Buzkòwô sprôwnô reforma rozrzeszëła równak Kòszalëńscze mimò òpiérë lokalny wëcmaniznë.
Tegò samégò dnia braca dokònali pòstapnëch trzëch przelotów, w chtërnëch fliger przelecał 270 métrów, a nôdłuższi lot trwał 59 sekùnd.
Do kùńca roku je 72 dniów.
Òn uznôł, że: "Jô jem dlô nieba - niebò dlô mie; bò tam dësza naléze to do czegò na swiece wiedno zgrôwô - szczescé."
Zakòpiwô sã pòd mëchã, pòd pniama drzewów, pòd wietwiama i np. w lëstach.
Zamieszkiwô lasaë, pòela i łãczié a nôbarżi lùbi lasë wewestrzôdku pôla.
Pòwsta tedë mennica, arsenał, młinë, mòst na Wilejce, wiele szpitalów i pałaców.
Nudlóm nadôwô sã rozmajité sztôłtë.
Wszëtcë mògą brëkòwac wszëtczich dzélów cała - le nié w wedge zone, gdze nie je mòżno brëkòwac rãków w atakù.
Biuletin Radzëzne Kaszëbsczégò Jãzëka 2007, Ùchwôlënk Nr 6/RKJ/07 z dnia 8-12-2007 r.
Stosowóny je téż w wòjskòwëch emblematach.
Krëjamnô Wòjskòwô Òrganizacëjô "Pòmòrsczi Grif" (
Władisłôw Kònefka béł przëczińcą i òrganizatorã bùdowë sëtmëklasowi szkòłë spòdleczny w Starzënië.
Kòwôlewò (we zdrojach: Kòvôlewo (Cenôwa); pòl.
Niechtërné lubiłë mieszkac w stóni kòl kòniów.
Ò znaczenim negò Lewina zdôwają sã swiôdczëc leżącé krótkò wsë grobnice z 11. stalatégò.
Bliza mòże téż sélac radiowé sygnalë.
Òbczas I swiatowi wòjnë służił, jak wiele jinëch ksãżi w prësczi armie; béł sanitariuszã i kapelanã w Chełmnie i Czôrnym.
Òd lat 90. Jerzi Stachùrsczi wespółrobił z regionalną prasą (Gazeta Kartuska, Głos Kaszub, Kurier Kartuski).
Je wiele wikszô òd sowe sniżni i pùchôcza wirginijsczégò.
Napisôł Ścinanie kani.
Jegò brat béł Jón Radtke.
Mariô dostała wiôldżi depresji, ostała sã atejistką i pòswãcëła sã ùczbom.
Przyczynek do ludoznawstwa i krajoznawstwa Kaszub, przekład M. Darska-Łogin, red. naukowa i wstęp J. Borzyszkowski, Berlin 1911 - Gdańsk 2012, s. 93 i 97.
Grôbk (Carpinus) – to je szlach drzéwiãt z rodzëznë brzózkòwatëch (Betulaceae Gray).
Je to 1394 rok naszi erë (pò narodzenim Christusa), 394. rok drëdżégò tësąclecô, 94. rok XIV stolatégò, 4. rok 10-égò dzesãcolecô XIV stolatégò.
Magnoliô (Magnolia) - to je szlach drzéwiãt abò krzów z rodzëznë magnoliowatëch (Magnoliaceae), chtëren rosce wiele lat.
Normatiwnô ekònomijô mô starã bédowac kònkretné rozwiązania òpiarté na subiektiwnëch pòzdrzatkach ekònomistów, np.: "rząd mùszôłbë w nym sztóce zwikszëc pòdatczi".
Òkróm òpisónëch wëżi jistnieje téż réga lëterskich religijnëch związków, chtërne nie wchôdają w taczé wikszé sztrukturë.
Muzyk, chtëren graje na gitarze to gitarzista.
Ten smùlsz mòże jesc grzëbë i żëc 2,5–3 lat, ale téż bëc szkódnikã.
Czãsto, nëch slédnëch rechùje sã do pòlabsczëch Słowiónów.
We wsë są dwa kòscołë: Sw.
W òbronie je mòżno òdbic abò blokòwac balã, le nie je wòlno jã złapic.
Trzeba ò tim pamiãtac jak sã ùczi dzeckò.
Dali mùszôłbë rozważëc òbsadzenié zortama drzewów, co nie są òbjãté regiónalizacją semieniową.
Jaspis - to je mineral.
Mómë téż szlachtã strzédnobògatą- są to Soplicowie ë parcanëch szlachcëców- Dobrzińsczich.
Lëstë ti roscënë kòlą.
Tu w 2008 rokù mieszkało 27 lëdzy.
Je to 948 rok naszi erë (pò narodzenim Christusa), 948. rok pierszégò tësąclecégò, 48. rok X stolatégò, 8. rok 5-égò dzesãcolecô X stolatégò.
W kòscele w Kafarnaùmie.
Kesha (2010)Kesha Rose Sebert (Kesha), (ùr.
Na wsach pòdwòrzé je ògrodzoné płotem np. ze sztachëtów.
Nôlëżniczkama są: Donita Sparks, Suzi Gardner, Jennifer Finch ë Dee Plakas.
Czãsto òbcëgô cawne niebò a czasã wëstãpòwô z ópôdënkã mżëcczi czë sniégù.
Wprowôdzanié w żëcé Jegò nôùczi, a òsoblëwie tëch słowów, chtërné czerowôł do Kaszëbów je pòtrzébné do rozwiju kaszëbiznë.
Pastor smołdziński M. Mostnika (Michał Pontanus), rodem ze Słupska.
W 1979 rokù Jan Paweł II ògłosył sw.
W Biafrze, òb czas wòjnë z Nigerią, òstôł téż agentã brytyjsczégò wëwiódë MI-6, do czego sã przëznôł pò kòl 50 latach.
Jaja so wësôdiwóné òd 12 do 15 dniów.
Kòscół je zbùdowóné w 1816 rokù, ale przed nim béł jiny.
Móme trusë miãsny( belgijsczi òlbrzym),skórkòwy(Reks) i wôłniasti(Angòra).
Szesc zortów rosce dzёkò w Pòlsce.
Stolëca i nôwikszi gard to Hawana.
Je to 1763 rok naszi erë (pò narodzenim Christusa), 763. rok drëdżégò tësąclecô, 63. rok XVIII stolatégò, 3. rok 7-égò dzesãcolecô XVIII stolatégò.
Belzebùb (ba'al zevuv, בעל זבוב‎‎) – to je demón.
Za czasów prësczich, w 1906 rokù w serakòjsczi szkòle miôł plac sztrejk.
Je to 1741 rok naszi erë (pò narodzenim Christusa), 741. rok drëdżégò tësąclecô, 41. rok XVIII stolatégò, 1. rok 5-égò dzesãcolecô XVIII stolatégò.
'Horstman' – fòrma przewisającô, co mô pòkrój tzw.
Kartuzë, Wejrowò.
Je zastrzeżnym (próbnym) zwòlnienim òd òdebraniégò sztrôfë bez sprôwcã.
Do kùńca roku je 146 dniów.
Je to 1810 rok naszi erë (pò narodzenim Christusa), 810. rok drëdżégò tësąclecô, 10. rok XIX stolatégò, 10. rok 1-égò dzesãcolecô XIX stolatégò.
Pùdło skrzëpic skłôdô sã z dwóch letkò wëgiãtich plat, chtërné pò bòkach wëgiãti są w sztôłt lëtrë C. Na górné place są rezonansowé dzurë w sztôłce lëtrë f zwóné téż éfama.
Na pòzdrzatk òna mòże wëzdrzec jakbë òna bëła z piórów.
Wiéchrzëzna gardu skłôdô 124,538 km², lëdztwò 373 764 (stój na 1 lëpińca 2015).
Różańc cëkl mòdlëtw òdmôwianëch w òkresloné kòlejnoscë, nabòżeństwò, òdprawioné nôczãsci w rujanie, òbczas chtërnégò òdmôwiô sã wspólnie różańc.
Pisze tekstë zrzeszony z kaszëbską kùlturą, pò pòlskù a téż pò kaszëbskù.
Spòdlim brewiarzowi mòdlëtwë są psalmë, chtërny razã z anifonama, tekstama z Pisma Świãtégò, dzeòma Òjców Kòscoła ë dokumeńtów z Magisterium Kòscoła twòrzą tzw. brewiarzowi gòdzënë.
Za jégò panowaniégò béł sztrid Turcji i Szwecji i téż bùnt kòzacczi, na czele chtёrnégò stanął Bohdan Chmilenicczi.
Za gardë: Bełz, Krystonopol ë Sokal ze zleżënama wãgla, Pòlskô dôsta Ustrzyki Dolne ë Lutowiska (tekst ùgodë pòdóné je w Dz.
Jegò talent dozdrzéł ceszczi trenôr tegò karna Verner Lička ë 24 gromicznika piłkarz pòdpisôł 5-letni kòntrakt z krakòwsczim klubem.
Tu je dosc stôri kòscół, w chtërnym wikarym béł ks.
Pòchodzenié słowa Słowiónie wcyg je kòntrowersyjne.
Mùlcë so zadôwają Lubiczka nawzôsno, a tej ni mògą sã jedno bez drëdżigò òbeńc.
Mùzeùm wëdôwô téż wszelejaczé materiałë (ksążczi, katalodżi wëstawów, folderë ë jinszé).
Mùzeum Wòjnowi Marinarczi w Gdini je jinstitucją z 1953 rokù.
Na początku krãdżi bёłё môlã zéńdzeniów apartnёch rodów „òbrôbiającёch” smãtôrzёskò.
Nowy Targ je stolëcą nowotargsczégò krézu.
Wszëtczé wilëjné pòtrawë rëchtowóné na kaszëbsczi swiąteczny stół mùszałë składac sã z zôrnów zbòża, miodu, òrzéchów, grzëbów, grochù, fasolë, bòbù, brzadu i rib.
Pòtrzëbny był materiał, chtëren je cwiardy, wëtrzëmałi na cepłotã, nie reagòwôł z tobakã.
Pò dzys dzéń nie je ùkóńczony bò zafelało dëtków.
Piskòrz (Misgurnus fossilis) – to je ôrt rëbë z rodzëznë piskòrzowatëch (Cobitidae).
W 1965 przëszëd do BBC i òstôł asistentã wòjnowégò kòrespòndénta.
L7 bëło znóné z wielu różnëch prowòkacëjnëch akcëjów, przëmiôrã mòże tuwò bëc to jakno Sparks rzucała na kòncerce ùżëwónëma tampònama w pùblikã, czë scygnãła bùksë w telewizëjnym pòkôzkù.
Leżi w pòrénkòwi Eùropie, na nordowi pòrénk òd Rumùnie.
Gniôzdo może bëc téż na wodze czë bagnach.
Terminu tegò ùżiwô sã téż jakò òkreslenié fòrm terenu postał ich bez dzałanlosc wulkanu, chòc barżi pòprawné są taczé terminë jak góra wulkanicznô, stożk wùlkaniczny, kòpùła wùlkanicznô czë wùlkan tarczowi.
Je to 1703 rok naszi erë (pò narodzenim Christusa), 703. rok drëdżégò tësąclecô, 3. rok XVIII stolatégò, 3. rok 1-égò dzesãcolecô XVIII stolatégò.
Pòlsczé Ksądz i filozof.
Narzędzia i instrumenty muzyczne z Kaszub i Kociewia (1982).
We wójnã w pószëkù bëło wszëtkó zdatné do bitwë, chłopsczi fórmacjô wënająti pierszé ùżëwale prostich szablã.
Pòdobni psë miałë bëc znôny tëż w Kartadżinie.
To béł wôżny hanzeatycczi gard.
Jistnik (abò substantiw Ùchwôlënk nr 7/RJK/2012 z dnia 29.06.2012 r. w sprawie stosowaniô słowiznë sparłãczony z gramaticzną terminologią – fleksjô, „Biuletin Radzëznë Kaszëbsczégò Jãzëka” 2012, s. 37. ) – klasa pełnoznacznëch słów (
Manuałë czãsto mają pòzwë, chtërné są colemało pòzwama sekcjów przez nie òbsługiwónëch, np.
Gniôzdo na zemi w sztôłce snôdczi szôlczi, ùkrëté midze kãpamë trôw.
Genealogòwi régòwanié kòrejańsczégò je dzysdniowò diskùtowane.
Mlékò - wëdzelënk mlékòwi gargùli zwëskóné òd samniców susków w swòim czasu.
Wies je wôżnym turistnym òstrzódkã z wiele penzjónatama, wczasowima chëczama ë agrokwatérama.
Jastrownik (Ranunculus L.) – to je szlach roscënów z rodzëznë jastrownikòwatëch.
Nie je mòżlëwé ùgòdzenié pełné lëstë ksąg apòkrificznëch.
Żeńba ta nie bëła szczestlëwô ani dlô pòétë, ani dlô jegò białczi.
Tak wëznaczóné grańce Kaszub są ùgòdné, jistnieją leno w emòcjonalno-miticznym planie.
Dil abò kòper (Anethum graveolens L.) – to je roscëna z rodzëznë zelerowatëch.
Béł tu tedë sztudérą pòlonisticzi.
Na Kaszëbach je cziledzesąt rezerwatów.
Dwa razë dobéł nôdgrodã Złotëch Lwów za òdjimczi na Festiwalu Pòlsczich Filmów Fabùlarnëch w Gdini (Pręgi, Rewers) a téż Bruny Żabë na Camerimage (Rewers).
Norma Jeane Mortenson ùrodzéła sã w County Hospital w Los Angeles, 1 czerwińca 1926 r., jakno trzece dzeckò Gladys Pearl Baker Jaka była prawdziwa Marilyn Monroe?
Czedës wôżny gard w Lãbòrzkò-Bëtowsczi Zemi.
Wielkã przëjemnosc sprawiało mù rësowanie, mùzëka natomiast nie należała do jégò ùlubionëch dyscyplin.
Òd jeseni 2013 rokù ò tim człowiekù przëbôcziwô tôfla na bùdinkù szkòłë w Łączim – jegò domôcy wsë.
W regionie òdwôżëwają mòrenné formacëje, wic je tu wiele jezorów a krôjòbrôz je grzëpòwati.
W Pòlsczi mómë 47 gatënków mëgów.
Pòtrafi skôkac na 2m w dôl.
Chto bë chcôł rozpòznac na niebie négo ptôcha, mùszi dac bôczenié na jegò widłowati ògón, wedle sztôłtu szlachùjący za ògònã jaskùłczi.
Ùsôdzoné w 1122 rokù p.n.e, na pòdstpòdlim niewiôldżégò szëdlëca (dzysô dzelnica Rangang).
Czej ùzdrzimë taczégò nadzwëkòwégò padalca, mòżemë bëc gwës, że mô òn trzë lata, bò taczé mòdré znaczi na skòrze pòjawiają sã dopiérze ù starszich gadów.
Szruwnik – to je prosté rãczné nôrzãdo, chtërno brëkùją czasã np. w technice do krąceniô szruwë.
Są pòd òchroną.
Jednym z nich je strzédny pinczer.
Za klimatowi zymk ùwôżo sã czas, w chtërnym strzédnô temperatura òb całi dzéń je òd 5 do 15 celsjusowëch gradów cepła.
Pòlsczi mùzea skansenowsczi zrzeszają sã w Zrzeszeniu Mùzeów na Wòlnym Lëfcë.
Epòs ò Gilgameszu – to je baro stôri epòs z Blésczégò Pòrénkù napisóny pò akadijskù.
Ji corka Jiréna téż badérowała chemie i jakò drëga białka na swecie (pò mëmie) dobëła nôdgrodã Nobla z chemii za odkrëcie jinni radioaktiwnosczi.
Tak wiele tësącë tasków, snôdczich i głãbòczich talérzów ùfarwòwónëch kwiôtkama je dzãka niemù w kaszëbsczich, a téż jinëch dodómach.
Napisôł téż "Leksykon Ziemi Żukowskiej" (2012).
Przë ni bëło colemało dwùch chłopów.
Tekst nen pòtkôł sã flot z sërową pòlemiką, le Cénôwa, niezniechãcóny, jész w timże rokù napisôł ë własnym kòsztã wëdrëkòwôł sztërë kaszëbsczé pùblikacje, dôwszë zôczątk lëteraturë kaszëbsczi.
Pò rokù stają sã dozdrzelałi i są gòtowi do gòdów.
W 1786 roku wyjechał na dwa lata do Włoch, co wywarło dużi wpływ na jego twórczosc.
W Pòlsce zasedlô gòrë Sudetë i Karpatë, westrzédny i zôpôdny Pòmorze, pôłniowô Wielkòpòlska.
Jego aposztolsczié dzejanié natikało sę wszędze na żëcznotę poganów i na niechęc Żëdów.
Jana, bò to bëła jich robòta.
Òbtaksowiwùjący dôwają bôczënk nôbarżi na skòczi, ùtrzimanié równowadżi, piruetë (òbrotë), elasticznosc, ùmiejãtnosc pòsłëgiwaniô sã przëbòrama, wëkònanié ùłożënkù i artisticznô wôrtnota.
Je to 1419 rok naszi erë (pò narodzenim Christusa), 419. rok drëdżégò tësąclecô, 19. rok XV stolatégò, 9. rok 2-égò dzesãcolecô XV stolatégò.
Piotrów dëtk - to je òpłata dlô papieżënë.
Òn béł kòpóny jesz w pierszi pòłowie XX stalata i nie bëło to wcale dôwno jak pò nim òstôwałë torfkùle.
Jinëch Miemcë bralë stąd na majątczi abò do gbùrów na robòtë.
Béł wëkładowcą w Państwòwm Instituce Pedagògiczi Specjalny i Wòlny Wszechnicë Pòlsczi.
Ksądz Andricki òstôł patronã pòlsczi spòdlëczni szkòłë w Rząsinach, jigo miono maja téż darżëce w Bùdzyszëne, Drezdëne i Radworze.
Wëdiwôjã téż platë jakno The Hanson Brothers.
Skansen Fòrtyfikacëjny – Oderstellung – Lesnô Góra, Skansen fòrtyfikacëjny w Dobieszowicach.
Na séc òbjimô kòmpùtrë w òsoblëwim môlu, dze òne są blëskò se (stądka znankòwnik môlowô).
Z tich kwiatów pò zapiszeniu mògą bëc sziszkòjagòdë, chtërne z pòczątkù są zeloné, a pózni czôrnoniebiesczé.
Krziże na rozchódnëch drogach zrosłë są z widzënkã zemi Kaszëbów.
Pierszé wiadło ò wsë, jaczi pòzwã pòdónô bëła w fòrmie "Poblocz" pòchôdô z 1401 rokù.
Dëbeltpùklati kamél (Camelus ferus L.) – to je ôrt wiôldżégò suska z rodzëznë kamélowatëch.
Trojanowsczi zanôlégało, żebë chòcle w dzélu magazyn béł prowadzony pò kaszëbskù, a téż żebë pòd kùńc kòżdégò dzélëka prowadzëc ùczbã kaszëbsczégò jãzëka.
Je to 865 rok naszi erë (pò narodzenim Christusa), 865. rok pierszégò tësąclecégò, 65. rok IX stalatégò, 5. rok 7-égò dzesãcolecô IX stalatégò.
Czedës tu béł majątk szlachcëca Tãpsczégò, a òn miôł wiele zemi wëpachtowòné razą z bùdinkama.
W Pòlsce je to dzéń wòlny òd robòtë.
Lesny piekùt (Anthus trivialis) – môłi ptôch z rodzëznë plëszkòwatëch.
Do kùńca roku je 144 dniów.
Jegò robota polégô na rozkoscérzanim kùlturë sparłãczony z fòtografią.
Tu je Kaszëbsczi Park Miniaturów.
Pierszi tom "Na kaszëbsczich pùstkach" ùkôzôł sã w 2000 rokù.
Syjamsczi biôtkòwnik (Betta splendens) – to je rëba z rodzëznë Osphronemidae.
Pelplin, w Peplënie (Ramułt)), pl: Pelplin, de: Pelplin) - garc w dërszewsczim krézu.
W jegò kronice stoji m.jin. ò kaszëbiznie.
Bôjka ma charakter uniwersalny, nie òpowiedô ò konkretnych lëdzach czë zdarzeniach, le ò konkretnych zachowaniach i sytuacjach.
Słowińców i Kaszëbów: a) Słowińców, np.
Jak mô dońc do zapiszaniô parzënka z pichlóna mùszi sã dostac na stołpk.
Pò wëmiarcém słowianiznë a téż wszëtczéch jinëch pòmòrsczich dialektów, króm kaszëbiznë w przerównaniém do jãzëka Pòmòrzanów dzysô nôczãsczi je brëkòwóny termin "kaszëbsczi jãzëk".
W kronum szpelają dwié grëpë, z chtërnëch pò 10 grającëch je na bòjiszczu całi czas.
Òn mô chemiczny wzór Be3Al2(SiO3)6.
Na słowióńsczich zemiach w czasach chrzëscejansczich weòbrażenié janioła szlachòwało prawie za weòbrażeniém wiłë.
Dłudżi lata mieszkôł w tim òkòlim kapitena Felix Struck.
Pierszô timczasnô bliza bëła ju w 1666 rokù – òdżinowô miska na dakù wësoczégò bùdinku.
Lodôk (Alcedo atthis) – to je môłi rabùszny ptôch z rodzëznë lodôkowatëch.
Wirok nakôzywôł Krziżôkom zwrócëc pòlsczémù Gdùńsczã Pòmòrzé, zeiã chełmińską, brzeską, dobrzińską i michałowską a téż zapłacëc Pòlsce òdszkòdowanié i pòkrëc kòsztë procesu.
Baechu kimchi, nimò że je terô barô lëdóné, pòwsta dosc pózdno.
Lëdzë w Syreji beło 20.900.000 le pre wojną w 2011 rokù.
Latowiszcze – to je wëpòczinkòwi môl, chtëren je atrakcjowi turistno.
Mòże òn béł jak rządzëcel grzëmòtów Perun?
W Africe mieszkô kòle 920 mln lëdzy.
Spòdlim ti sekcje je nôczãscy dwastopòwi principał.
Kòreja zwóna je "Hanguk" (한국; 韓國) w Pôłniowi Kòreji a "Chosŏn" (조선; 朝鮮) w Nordowi.
Do òbéńdë wsë rëchòwóné są téż: Minkòwice i Gòszczëno, przez to òna mô charakter môłégò gardu.
Kléd, klédzek – wiérzchny jednodzylowi strój białogłowsczi, òbkrëwający srąb i nodzi, czãsto téż rãce.
Je to 1857 rok naszi erë (pò narodzenim Christusa), 857. rok drëdżégò tësąclecô, 57. rok XIX stolatégò, 7. rok 6-égò dzesãcolecô XIX stolatégò.
Dlô reprezentowaniô òbù państw kòrejańsczich na spòrtowich mionkach, czãsto brëkòwónô je Fana Sparłãczenia, jaka równak nie je òficjalną faną niżódnegò z tëch krôjów.
Zëmòwô trąbka (Tubaria furfuracea (Pers.) Gillet) - to je ôrt grzëba z rodzëznë Inocybaceae.
Aktë mòdlëtewne są pòwszechné we wszëtczich religijach.
Pȏra abò wicy słowów je bùten szëkù, żlë je rozmiejemë dosłowno.
Midzënôrodnô Federacja Gimnasticznô decydëje téż ò tim jaczé przëbòrë mają bëc ùżiwóné òb czas miónków.
Òd czasu òbswòjeniô pòwstało wiele ôrtów tószów, chtërne mòcno jinaczą sã czej chòdzy ò mòrfòlogiã i ùżëtkòwé znanczi.
W taczich kòscołach wiszą rodżi jelénia, co tą wieżą òdgrzebôł.
A te je tak, je żercy są ptôchë.
Niejedné dodôwają tu Dutki brzeskie napisané w 1402 rokù.
Terô warzone blós w piãcu browarniach w Beldżji ë jedny w Holandji.
Frideck abò Briesen) - krézewi gard w Kùjawskò-Pòmòrsczim Wòjewództwie mizë trzema jezorami: Zómkòwim, Syceńsczim ë Fridkã.
Domôcy kóń (Equus caballus L.) – to je niepôrokòpëtny susk z rodzëznë kòniowatëch (Equidae).
Nacësniãcé klawisza òtmikô wentil (w tim przëtrôfkù tzw.
Zôczątczi religijnégò kùltu w Santiago sygają IX wiekù.
Chëcz z Cérzni, w chtërny ùrodzył sã ks.
Brzãczącô mëga (Culex pipiens) - to je ôrt òwada z rodzëznë mëgòwatëch (Culicidae).
W Ewanielëji Jana mómë prozę o dokładno unormowóny i akurôtno utrzëmiwóny ritmice.
Òni jesz czasã gôdają pò łemkòwskù.
Je to 1413 rok naszi erë (pò narodzenim Christusa), 413. rok drëdżégò tësąclecô, 13. rok XV stolatégò, 3. rok 2-égò dzesãcolecô XV stolatégò.
Jakno chrzescëjónka złożëła slub czëstoscë i nimo, że zmùszono ją do żeńbë z noczesnym pògónã Walerianã, òna nie złóma slëbù, le jesz nawrôca swòjégò slëbnika i jegò bracëna, Tëburcjusza.
Òbrôzk:Poland Wejherowo - calvary chapel4.
Kòper (łac. cuprum) – to je chemiczny pierwiôstk, metal.
Pò ùpôdkù kòmùnizmù w 1989 rokù w Krajnie zaczãła òrganizowac sã miemieckô miészëzna a dosc tëli mieszkańców wëjachało do Miemiecczi.
Béł to Kaszebskji pjesnjôk.
Òdpòwiesce mòże tuwò szëkac w wëkùstrzenim krajińsczi chëczë.
Ich biologicznô klasyfikacjô òpierô sã na analizë skrzidłów dorosłëch pòstacëjów.
Wierzba (Salix L.) – to je szlach drzéwiãtów, krzów abò czerzków z rodzëznë wierzbòwatëch (Salicaceae).
To bëła stolëca Wenecczi Repùbliczi - państwa w dôwnëch czasach (726-1797).
I prostą jak swieca chójeczkã ùrznie.
Wãsórë są turistnym òstrzódkã z wiele wczasowima chëczama ë agrokwatérama.
Metafòra hewò wërażenié, w jaczim dochȏdȏ do przesëniãcȏ znaczeniégò.
Mô szpicowati pësk, baro dłudżé kòńczënë tëlné, leżący w niwie zdrzelnice òczë, wiôldżé błonë bãbenkòwé.
Kwasnica (Oxycoccus palustris Hill) - to je wielelatnô roscëna z rodzëznë kwasnicowatëch.
Ten Papiéż béł procemnikã mòderniznë.
Je to 1424 rok naszi erë (pò narodzenim Christusa), 424. rok drëdżégò tësąclecô, 24. rok XV stolatégò, 4. rok 3-égò dzesãcolecô XV stolatégò.
Mieszkô w Lëzënie.
Mléczôk (Sonchus oleraceus L.) – to je roscëna z rodzëznë astrowatëch (Asteraceae).
Klôsztorny Spikrz w Òlëwie je z pòczątków XVIII stalata.
Rozbiegłi zwónk (Campanula patula L.) - to je roscëna z rodzëznë zwónkowatëch (Campanulaceae Juss.).
Dërdest (Polygonum L.) - to je szlach roscënów z rodzëznë dërdestowatëch.
Pòwstało wnetka 1000 dzélëków (kòl 350 gòdzyn kaszëbskòjãzëcznégò programù telewizyjnégò).
Łemkòwie – to są lëdze, chtërnich wiele czedës mieszkało tam gdze dzysô je Magùrsczi Nôrodny Park.
Sedzbą Centróm je dosc stôri bùdink.
Teritorialny spiéw samca to głëchi, òpadający „ki-u”.
Słowackô, Słowackô Repùblika (
Òn sztuderowôł w Kijowie, jednako òn je przerwôł czedë miôł 18 latów,bò przëstopiôł do do Powstanigò Styczniowégò.
Matki Bòżi – bò òd samégé pòczątkù czcą w Zakònie Marijã jakò patronkã i wzór wëchòwawcë.
Tripel ( Gonorrhoea) - je chòroscą ù lëdzy.
Òd 1986 rokù béł biskùpã.
Rozcëgò sã òd Atlantëcczégò Òceanu na zôpôdze do górów Ùral na pòrénkù razã z tima gòrama, téż òd Westrzódzemnegò Mòrza, Czôrnégò Mòrza ë òbniżeniô Kùmskò-Manëcczégò na pôłnim do Nordowégò Mòrza na nordze.
W 1996 rokù béł wëdóny ji zbiérk pòézëji "Zdebło na swiat cësniãté".
Wislanów ë Mazowszanów, chtërné zamieszkiwałë lasowaté môle.
Znóny są gniôzda ùżiwóny 4000 lat, a nôwikszi z nich mają 225cm szerokòscë, 280 cm wësokòscë i wôżą pònad tonã.
Andżelika Cëchòckô (pòl. Angelika Cichocka) - ùr.
Òn béł téż gôdôszã.
Nasze òbleczenié mòcno zanôlégô òd pògòdë abò niepeleczi.
Wiôldżi niesmiertelnik (Sedum maximum) – to je ôrt roscënë z rodzëznë grëbòszowatëch (Crassulaceae).
Równak kùńszt malowaniô na szkle czësto jesz nie wëgasł.
Lesny mëszôk (Stellaria nemorum L.) – to je wielelatnô roscëna z rodzëznë granôtkòwatëch (Caryophyllaceae).
Zldzënie bëło w karbònie ë permie.
Je to 1760 rok naszi erë (pò narodzenim Christusa), 760. rok drëdżégò tësąclecô, 60. rok XVIII stolatégò, 10. rok 6-égò dzesãcolecô XVIII stolatégò.
Nôbòkadniészi stón (szlachta) miôł czerwioné skrzënie, mieszczani ë biédniészô szlachta czerwioné ë zeloné, a nôbiédniészi lud przëstrojiwôł kòfrë mòdrą farwą.
Merkùri ni mô nôtërnëch satelitów.
Hiacynt - to je mineral.
Matczi strôszają nim swòje dzôtczi.
"Chto sã w òpiekã", ale téż mówilë różańc.
Je to 1008 rok naszi erë (pò narodzenim Christusa), 8. rok drëdżégò tësąclecégò, 8. rok XI stolatégò, 8. rok 1-égò dzesãcolecô XI stolatégò.
W kaszëbsczim jãzëkù pisze wierã wicy jak 80 pisôrzów.
Wisznia (Cerasus vulgaris Mill.) - to je czierz abò drzéwiã z rodzëznë różowatëch.
Lëdztwò gardu to 3272 mieszkańców.
Proces ten związóny je z przejawama wëgasającégò ju wùlkanu – wëdobiwaniém sã gòrący wòdë abò wòdny parëabò z czësto jinëma zjawiskama geologicznyma niż wùlkanizm.
W drëdżi pòłowie XX-gò stolatégò miół plac pòdzélënk kòsmòlogiji na òbserwacëjną (zwóną téż fizyczną) i teòreticzną.
Je to 1729 rok naszi erë (pò narodzenim Christusa), 729. rok drëdżégò tësąclecô, 29. rok XVIII stolatégò, 9. rok 3-égò dzesãcolecô XVIII stolatégò.
W nich je: bijôk i dërżôk.
Zarô pò pòtemù przenieslë sã z òjcem do Krakòwa.
Z tim mionã bëła na distribùcëjô rozwijanô do wersëji 1.1.
W lëdowi etimòlodżi parłãczë sã to miono ze słowama słôwa ôs słowo.
Matczi Bòsczi - Kaszëbsczi Królewi.
Pòza tim mòżemy napòtkac tu równak dziki, sarny, wilczi czy żbiki.
W òbéńdze szôłtëstwa pòłożoné sã mniészé kòlonie: Gròmadzënò ë Katrënczi.
Wôrtosc azymùtu rechuje sã zgódnie z rësznotã wskôza zédżéra ë wësłowia w nórcowi mierze.
Je to 1849 rok naszi erë (pò narodzenim Christusa), 849. rok drëdżégò tësąclecô, 49. rok XIX stolatégò, 9. rok 5-égò dzesãcolecô XIX stolatégò.
Wiselny Zëławë - są deltową rówizną Wisłë w norodowim dzélu Gdùńszczégò Pòmòrzô, chtërna zaczãła sã ùrabiac dosc pózno, bò kòl 5500 lat temù.
Łasëca (Vespula) - to je szlach òwadów colemało żôłto-czôrnëch z rodzëznë łasëcowatëch.
Mają blus jednégò partnéra.
Cãżkô bróń strzelnô to jé „bombarda” òna jé zdebło jinô formô, lùfa jé òd stronë spódkã zmiészënô, a ód wëlecënkô jé szerokô.
Niechtërné cerkwie mają òbjãté katolëcë.
Òsôł téż pierszim prywatnym animatorã kòlarstwa pòlsczégò.
Miono systemë je sparłączeniém słów Linus (òd miona ùsôdzcë) ë òperacjowi systemë Unix.
Maniewid - cos nibë òdżin, chtëren sã sóm zapôliwô.
"Złowioné żëcé" (2016) - tołmaczënk z pòlsczégò na kaszëbsczi jegò legendë.
Jegò starka (matka òjca) bëła z Pòmòrsczi (
Biég maratońsczi chłopów tradycyjnie kùńczi kòżdi jigrzëska olimpijsczi.
W przëtrôfkù produkcji z mąki, chtërna nie pòchôdô z pszénicë twardi, abò téż dlô wzbògaceniô produktu, stosëje sã dodôwk jajów.
Jegò trenérą béł Heinz Kùttin.
Przòde lat sã stronama gòdało, że jak widzisz kòminôrza te mùsisz sã chùtkò złapic za knãpka, te òn mòże przëniesc szczãscé.
Òb czas stëcznikòwégò pòwstaniô w òkòlim Wilna dzejałë sã òstré wòjarze.
Björk Guðmundsdóttir (ùr.
Tczë swòjégò òjca i swòjã matkã.
Tu je kùzniô ë pałac.
Marcëna (na òdjimkù pò prawi stronie) i pòniemiecczi (przed wòjną Ewangelicczi) Jana Chrzcëcéla.
Nôstarszi dokùment ò pielgrzimce na Swiãtą Górã pòchòdzy z 1435 rokù i tëkô sã wësłaniégò jedny òsobë przez kòłobrzesczi gard na Chełmską Górã, Rowòkół i Swiãtą Górã, jakno przebłaganié za dokònóny mòrd.
Trzeba téż tak rëchtowac drodżi na tim terenie, żebë letkò mógł wszãdze dojachac, przede wszëtczim w przëtrôfkù pòżaru.
Je òna tak wiôlgô, że mòżna ją rozpòznac nawetka z miesąca.
Czej starszi jidą bez las, tej Bòrowô Cotka daje dlô dzôtk zôbôwczi, bómczi i òrzechë.
Òne są colemało szarozeloné, mają kòl 15 mm długòscë i 1-2mm szerokòscë, na jich wiérzchù je biôłi pôsk, pòd spòdem są wësadzony ë swiécący.
W próżni przestrzéń je wëpëłnionô nienarodzonyma, wirtualnyma cząstkama i anticząstkama.
Wòdny lëbòszczk (Ipomoea aquatica L.) - to je ôrt roscënë z rodzëznë pòwijôczowatëch (Convolvulaceae Juss.).
W Pòlsce òd 1958 rokù tegò òbrzészkù ni ma, równak rowë, co jidą przez pòla gbùr mùszi uprawiac.
Dowòzënk – to je przecygnienié akùrôtno wëznacznégò partu dobrów òd dowòznika do òdbiérôcza.
Jón Szlaga (pl Jan Bernard Szlaga) - ùr.
Krziżewé zelé (Mentha × piperita L.) - to je wielelatnô roscëna z rodzëznë głëszkòwatëch (Lamiaceae).
중성, 中聲 jungseong), a téż, òptacëjno, spółzwãk abò grëpa półzwãków na kùńc szlabizë, zwóne kùńcowima (ang. final, kòr.
Piotra ë Pawła.
Rąkla (Beta vulgaris L.) - to je jednorocznô abò dwalatnô roscëna z rodzëznë łapùchòwatëch.
Długòta ji cała je kòle 28 – 33 cm.
Lubiczk - je to strogòtlëwi duch lubòtnégò ùczëwù i seksu.
Taką samą nazwã mô jeden z tipów gitarów: gitara akùsticznô.
Pierszé wiadło ò Tłuczewie pòchôdô z 1314 rokù.
Liczné szczegółë w Ewanielië Łikasza sugerëją, że ji aùtor pisôł dla ôòtrzeb chrzescyjańsczi gimë złożony z wiernëch nawróconych z pògaństwa.
Jednym z ji zortów je tëkwia.
W latach 1990–2005 bëło rëszoné abò rozbùdwóné pôrãdzesąt kòmùnalnëch i jindustriowëch òbczëszczalniów sztokù.
Anne Pellowski (1933 - ) - to je amerikańskô pisôrka.
; Brzôd: Czôrny, jadalny, baro smaczny.
Wszëtkò to dzãka òdemkłi Pòmòrsczi Drodżi sw.
Tej wrócył do Pariża, dze czerowôł katédrą słowiańsczé lëteraturë w Collège de France.
Do kùńca roku je 122 dniów.
Dzewiãclatny program robił w roków jedenôscë (1830-41), co biograf „bùdzëcela” Jireneùsz Pieróg przëpisëje nôdmierno òbcãżónémù programòwi.
Òn mòże bëc pòjedińczi na przëmiôr ù tëlpów, abò pòdwójny – jak ù jabłónczi.
W òcce je zwiksza ten kwas i wòda.
To je pierszô jôda malinczich susków.
Jegò farwa nié mùszi bëc jinô òd resztë grzëba, ale mòże bëc jasniszô.
W 2010 òstôł zawòdnikã Borussii Dortmund, z chtërną dwa razë ségał pò mésterstwò Niemiec, a téż jeden rôz pò krajowi pùchar i superpùchar, doprzëszedł do téż do finału Lidżi Méstrów.
Cëż to za gwiôzda, królewskô jôzda, wiéta wa?
Czerwona Księga Gatunków Zagrożonych Wersja 2015.1.
Wszëtczi te céchë mô pipa z kòrzénia wrzosu.
Tam przejimnął miono Antón.
Drewniany pipë np.
Cantharellus cibarius var. umbrinus R. Heim ex Eyssart.
Dzys we wdzydzczim skansenie je kaszëbsczi dwór z XIX stalata, wiele stôrëch bùdinków, kòscółk, wietrzni młin, stôri szkòła i jin.
Je to 873 rok naszi erë (pò narodzenim Christusa), 873. rok pierszégò tësąclecégò, 73. rok IX stalatégò, 3. rok 8-égò dzesãcolecô IX stalatégò.
Kòrejańsczi wòjskò w mòcë 200 òddzélów z Nordowégò Hamgyeong ùbarnione w rącznice sparłãczëłë sã z mniészima òddzélama dinastëji Qing.
Skwiérk (Gryllus L.) - to je szlach òwadów z rodzëznë skwiérkòwatëch (Gryllidae).
Ją brëkùją m. jin.
Je to 1453 rok naszi erë (pò narodzenim Christusa), 453. rok drëdżégò tësąclecô, 53. rok XV stolatégò, 3. rok 6-égò dzesãcolecô XV stolatégò.
W dôwnocë bëło to òbleczenié, dlô chłopów i białków.
York University (Ùniwersytet York) je wôżnym môlã dlô rozwiju nôùczi òd 1959 rokù.
Równak, blós pôrã taczich przëpôdków òsta ùdokôzanëch.
Mòżna téż warzec piwo domôwama spòsobama (domôce browarzenie).
Do kùńca roku je 39 dniów.
Tekst je dolmaczenkã jinternetowi starnë http://pl.
Naùczanié òpiérô sã na Swiãtëch Pismionach i Swiãti Tradicje, chtërnô òbjimô przede wszëtczim pòstanowienia pòwszechnëch sobòrów.
Ògród - to je to plac, na chtërnym roscą rozmajité roscënë.
Je to 1911 rok naszi erë (pò narodzenim Christusa), 911. rok drëdżégò tësąclecô, 11. rok XX stolatégò, 1. rok 2-égò dzesãcolecô XX stolatégò.
Bliza je 12,8 m wësokô.
Wëstãpùje w Eùropie, Afryce Nordòwi, Azji.
Wëprôcowôł swòj sztil aktórsczi jigrë, òpiarti na systemie Stanisławsczégò.
Dolnomiemiecczi (Nederdüütsch, Plattdüütsch) je czãstô zeszlachòwóny z jegò dolnosaksońsczim dialektã (Nedersassisch, Low Saxon), ga mô òn wiele mòcniészi môl òd resztë.
Bez to ni mòżna òbwanożëc.
Pierszi w nim je Biskùp Rzimù - Papiéż.
Młodé rodzą sã w maju ë czerwińcu.
Sumerowie baro wenerowale piwò.
Òstatny mecz reprezentacji Miemców zgromadzył 100 tës.
Słuńcownik (Helianthus L.) – to je szlach roscënów z rodzëznë astrowatëch (Asteraceae).
To mòże bëc le jedno taczi kaszëbsczé karno na swiece.
Òd trzënôstégò wiekù kaplëca bëła pòd òpiekã cëstersów.
Stôri òkazë są chronioné jakò pomniczi nôtërë.
Flóriôn béł przedslédnym z dzecy, z chtërnëch nie wszëtczé dożdelë dozdrzeniałégò wiekù.
W rokù 1919 pierszi rôz zdobéł mandat depùtowónégò do Zgromadzeniô Narodowégò (fr.Assemblee Nationale).
Wëstãpił téż w dramace Giulia e Giulia (1987) Petera Del Monte i téż pòjawił sã w filmie The Adventures of Baron Munchausen (1988) Terry’ego Gilliama.
Òd francëszczigò niveau, w niemiecczim téż ùżiwóné.
W liturgii można ùżëwac nôrodowé jãzëczi, chòc westrzód słowiańsczich nôrodów rozkòscerzony je przede wszëtczim cerkwiowòsłowiańsczi.
Tëlpa (Tulipa L. 1753) – to je szlach roscënów z rodzëznë lelijowatëch.
Òni gôdôją jãzëkama z 6 apartnéch grëpów jakò eskimò-aleucczich, na-dene, algicczich, irokijsczich, siouan-catawbansczich i saliszjônsczich.
Żëcopis - to je krótczé opisanié dotëchczôsnégò żëcô człowieka, ògrańczoné do wôżnëch faktów.
Pawła, chtërnégò Paweł wëmieniô w lësce do zbòru w Kòlossach jakò ùkòchónégò lékarza.
Je to zwierzã baro pòżëteczny.
Nie je to ùkłôd, chtëren òdpòwiôdô wszëtczim jãzëkóm, temù téż w wersjach łacyńsczégò alfabétu dopasowónëch do fònologii òsóbnëch jãzëków pòjôwiają sã dodôwkòwé symbòle, usôdzóné przede wszëtczim bez mòdifikacjã pierwòsznëch znaków.
Agnieszkã wësëszi ju matka na słuńcu pielëszkã.
Kromiagów bëło wiedno kòl kòscołów fùl, tej nie bëło z tim biédë.
Samnice krëczków od strëmiannika do łżëkwiata skłôdô 2- 5 zelono- mòdrëch jaj z bruno- żôłtima kropkama.
Znóny jakno aùtór historicznëch artiklów w „Pòmeranie”, a téż lëteraturë, jakô pòwiôdô ò kaszëbsczich dzejach, m. jin.
Òsoblëwie stôri i schòrzałi lëdze ją baro òstro òdczuwają.
Nen pòdzélënk je sparłãczony z pòliticznyma kawlama nëch òbéńdów: w historëji Pòrénkòwi Pòmòrsczi je widzec wikszé pòlsczé wpłiwë, zato w Zôpadny Pòmòrsce nôpierwi wikszé tendencëje do samòstójnoscë a pózni wikszé miemiecczé wpłiwë.
Trzë razë béł prorektorã.
Jak kôże stôri zwëk w Palmòwą Niedzelã katolëcczi Kaszëbi niosą wiétewczi wierzbë do kòscoła, a ksądz je swiãcy.
Wòdnô strzélka (Sagittaria sagittifolia L.) - to je wielelatnô roscëna z rodzëznë Alismataceae.
Òbiektë òstałë archeologiczno zbadérowóné w latach 2005-2008.
Sztudérowanié òn zaczął w Dëchòwny Seminarëji w Pelplinie.
Pònarwë robotnic i trónów fudrowóné są mléczkã przez pierszi 3-4 dni żëcégò, larwë namienioné na króléwiónczi przez całé czas rostë.
Wedle nie to je jakbë òbòwiązk miec dbã ò tak wiôlgą kùlturã jak nasza.
Bògùsłôw XIV (ùr.
Ni mô przistãpù do mòrza.
Są slepié i mają miãtczi biôłi kòlce.
Zakwitają téż niejedne drzéwiãta ë zjawiają sã pierwszi kwiôtczi np.
Rechli wëdôwôna bëła òna jakno Minislack.
Zgòrzôłczi dzejają na rzecz promòcje Kaszëb w Pòlsce i za greńcą.
Do niégò słëchô téż skansen ze stôrima lokòmotiwama.
Tu je pałac, dzysdnia gòscyńc.
Je téż jednym z nôstarszich gardów Wiôldżi Pòlsczi.
W szôłtëstwië Chinowié je téż wies Chinowsczi Folwark.
Direktór nié leno sóm kôrbił z dzecama w tim jãzëkù, le jesz ùcził je kaszëbsczich piesniów i òne jezdzëlë na kònkùrsë Rodny Mòwë do Chmielna.
Robiącë dokùmentë stale wespółrobi z amerikańską telewizją HBO.
W 1751 òstôł wëbróny do radzëznë gardu Philadelphia.
Tu je kòscół z XVIII stalata.
Drëdżi jãzëk, L2 - to je jãzëk przëswòjony jakno drëdżi pò rodny mòwie.
Soundgarden je grunge ë punk rockòwé karno z Seattle, Washington.
Mô téż pòwieczi i òkrãgłi zdrzél, a nié jak żnija knôdni.
W tradycji pòlsczi bywa mëlnie wiązany z romantyzmem, chòc w istoce bëł współtwórcą i jednym z głównëch (òbòk Fryderyka Schiller przedstawicelã esteticzi klasyczné (klasyka weimarskô ).
Òkróm tegò młodi Stachùrsczi brôł ùdzél w rozmajitëch kaszëbsczich òbrzãdach.
Òd 1286 rokù to je gard.
Dzysô w szkòle ju mało chto wié, jak ne gùzë przesëwac, bë na przëmiôr cos òbrachòwac, bierze sã chòcbë kalkùlator.
Pò 13-latny wòjnie (1454 - 1466) wies stała sã krôlewsczim fòlwarkã mirochòwsczégò starostwa, pachtowónym môlowi szlachce.
Òd niegò są domôcé swinie.
Wiążnica - to je maszina ùżiwónô w gbùrzëznie do zautomatizowónégò seczeniô zbòżégò, seminny trôwë i rapsu, ùkłôdaniô zesekłégò materiału w snopë i wiązaniô jich pòwrózkiem.
Czej miôł 38 lat dostôł biskùpié swiãcenia.
Do łowienié rëbów rëbôcë ùżiwajóm rozmajitich séców.
Knégòbùs - to je bibloteka na kòłach.
Trzë razë nominowany do Paszpòrtów Politiczi w kategòrii film – za "Takiego pięknego syna", "Istnienie", òdjimczi do filmù "Rewers".
Gard je na 3,53% wiéchrzëznié krézu.
Jich sztatus je baro zróżnicowóny.
Zaslubiny z morzem w mrzezynie.
Gimnasticzczi przërëchtowiwùją 4 ùłożënczi z wëzwëskanim (abò nié) wëbrónëch przëbòrów.
Wë wsë je mùrowòné katolëcczi kòscół z lat 1855-57.
Pełnił różné funkcje na dworze księca sasko- weimarsczcego, dochodząc do randżi prezydénta Izby Finansów.
Je to 1914 rok naszi erë (pò narodzenim Christusa), 914. rok drëdżégò tësąclecô, 14. rok XX stolatégò, 4. rok 2-égò dzesãcolecô XX stolatégò.
Bajki kaszubskie / wybór tekstów, oprac. i adapt.
Eupatorium cannabinum kòl jezora, a na jegò kwiatach òb lato je wiele mòtilów.
Efoj mô téż jiné kòrzenie - chwôtné kòrzenie.
Òn żëje do 600 lat.
Dzéle mòwë – klasë słów jãzëka, wëdzeliwóné na spòdlim jich znank syntaksycznëch, mòrfòlogicznëch i semanticznëch.
Smierdzący bòcónk (Geranium robertianum L.) – to je jednorocznô abò dwalatnô roscëna z rodzëznë bòcónkòwatëch.
Naprësk - to je czãstô w bùdinkù rzecz z cepłą wòdą pòtrzébnô do dbałoscë ò czëstosc cała.
W młodim wiekù òstôł wezwóny do armii rzymsczégò cesarza – Dioklecjana (284-305).
Wiele gôdków na tą temã miało ju môl, leno jesz niżódna nie dała rozwiązaniô, w pierszi réze przez òbzéranie sã na dejologiczne ë pòliticzne zjinaczi.
Błotnik (Tringa glareola) - to je strzédny wanożny ptôch z rodzëznë bekasowatëch (Scolopacidae).
Zgrôwã Erika bëła wiôlgô skandinawskô imperëjô z centróm w Dëńsce.
Wòjna zakùńcza sã ùgòdą z wnetka taką samą greńcą jaka bëła ùsôdzona przóde.
Roman Grzybowski "Fizyka i astronomia w gimnazjum" wyd.
Òna robi téż na ùniwersytetach.
To je pierszi papiéż z Americzi, dlô chtërnégò wôżny je jezujicczi zôkón.
W latach 50. XX w.
I mieszkało midzë nama.
Jegò lékarzenié je mòżlëwi.
Rodzëzna (familia) – to je w systematice òrganizmów taksonomicznô jednota niższô òd rzãdu (ordo).
Tedë Łoczetk wëstąpił ò spôdk pò Przemislu II, ale to samò uczynił téż Henrik Głogòwsczi.
Do kùńca roku je 34 dniów.
W kùńcu 16. stalatégò miéwcama wsë bëło trzech Pellów, J. Bòrsz i P. Niemirowicz.
W wiesze rozpierzchłej wietewki bòczne są ùstawione pòd wszelejaczima kątama, co warunkùje jiny sztółt wiéchë (rozstrzelona, krzaczasta, zwisła abò sztywna- wzniesona).
Są téż swiadectwa jistnieniô szlachùjącëch grów w strzédniowieczu: we Francji a téż westrzód grenlandzczich Inuitów.
Zvjercadło kaszubskji w stôrim pisënkù ùkôzało sã w całosce dopiérze pòd kùńc 1938 rokù, ju pò smiercë pisôrza.
Do Pòmòrsczi doprzëszli zôs wnożniczi z westrzédni Pòlsczi ë Kresów, ë téż mùszowi prôcowniczi z òdpòjãtich lôgrów prôcë Piskorski, J. M. (red.), Pomorze Zachodnie poprzez wieki, Szczecin: Zamek Książąt Pomorskich, 1999.
W wiekù 14 lat starôł sã ò członkòstwo w cnotliwym Towarzëstwie Arkadyjsczim przë Phylandrii (Arkadische Gesellschaft zu Phylandria), òstôł jednak òdrzucony z powodu swòich ekscesów.
Piôskòwô macerzónka (Thymus serpyllum L.) – to je ôrt roscënë z rodzëznë głëszkòwatëch (Lamiaceae).
Prôwdzëwô daktila abò daktilowô palma (Phoenix dactylifera) - to je palma, a ji brzôd to je daktila.
Pôłniowi Tirol (miem. Südtirol, italsczi Alto Adige) je dzélã Tirolu.
Òn mô walce, chtërne sã òbrôcają.
To bëła takô nibë pògrzebòwô liturgiô dlô żëwëgò człowieka.
Òna bëła rozbùdowónô w 1954 rokù.
W 1861 r. béł w Pradze ë na Łużëcach, a rok pózdni òbjachôł Kaszëbë.
Òna w dzéń i òb noc swicy przed tabernakùlum.
Òd 2017 rokù òn je apòstolsczi nuncjusz w Panamie.
Kalomel - to je mineral.
Ji kòscół parafialny je zbùdowóny na neogòticczé mòdło, òn nie béł z pòczątkù katolëcczi.
Szmaragd - to je mineral.
Òn òd te Ruska niejednégò sã dowiedzôł, a jemù Srezniewski zawdzãcziwôł wiele materiałów i informacjów.
W swiãtëch gajach na grzëpach abò ùrzmach, przë notészi mùzyce, pôlëlë sobòtkã i sã wieselëlë, tunilë i wëstwôrzelë widzawiszcza, jakl na przëmiar Scynanié Kani.
Poswiôdcziwają to téż Dzeje Aposztołów, w jaczich Szaweł wëstępuje pierwszi rôz przë leżnoce męczélstwa Szczepana, nié leno jako bezczinny swiôdk ti smiercë (Dz 7,58; 22,20; 26,10).
To bëło archeologiczno zbadérowóné w latach 2005-2008.
Ten òbrôz namalowôł kòl 1467-1471 rokù Hans Memling, a terô òn je w Nôrodnym Mùzeum w Gduńskù.
Za formë wòdny i lodofôłtowi akumulacji bierzemë wëtopiszcza i kémë.
Ùczba je całownotą ùsystematizowóny, lëdzczi wiedzbë, jakô mòże bëc wielerazowò empiriczno (dokôzama) werifikòwónô.
Cos kòle tegò czasu estończik Ernst Idla òkreslëł stãpnie trudnoscë dlô kòżdégò rëchù.
Na pôłnié òd rënë Żarnowsczégò Jezora wëstãpywô sandr Piôsznicë.
Rodowô pòzwa – tikô sã pòzwów, chtërne òznôczałë czedës lëdzy z jaczigòs môla np.
W Kanadze żëją téż òd tësąców lat dërżeniowé krajówcowie zwóni First Nations (Pirszé Nôrodë) tej Eskimosë-Jinuicë-Japikë na pòlarnim nordze i kanadejsczi Jindiónë.
Gwiôzdor pòjôwiô sã na Wilëjã Gòdów, przëchôdô do môłëch dzecy, pitô z pôcérza, grzécznym dôwô darënczi a nielósym rózgã.
Rǜchno: jedwabni, głôdkczé, krótczé na łbie, dłëgszszé na pǜklǜ.
Szãtopiérze (Chiroptera) - to je rząd susków, chtërne lôtają.
Ten pisôrz stwòrził czekawi jãzëk – je to w wikszim dzélu rodnô mòwa, ale mésterno pòprzetikónô neologizmama ë archaizmama.
Jich zawijôk rechtëje ùstawa ze 5 czerwińca 1998 ò wójewòdzczi samòsprôwnoce.
Skłôdô kòl 9-25 jôj.
Cantharellus cibarius f. cibarius Fr.
Zwëczajny fazan (Phasianus colchicus) – to je strzédny ptôch z rodzëznë kùrowatëch (Phasianidae).
Fùńdacjô – to je prawnô fòrma bùtenrządowi stowôrë (NGO), chtërny wôżnym substratem je kapitał ùdbóny na wëznaczony cél i sztatut, a wedle niegò dispònowóny je kapitał.
Òstôwô pëtanié dlôcze nôwôżniészim przëstrojã na Krajnie bëł tëlpón?
Je to 986 rok naszi erë (pò narodzenim Christusa), 986. rok pierszégò tësąclecégò, 86. rok X stolatégò, 6. rok 9-égò dzesãcolecô X stolatégò.
Wiele lagrowëch zdżinãło téż w "marszu smiercë" z tego lagru w 1945 rokù.
Òbòra je to plac wkół bùdinkù.
Jelbiąg béł stolëcã wòjewództwa jelbiąsczégò od 1975 do 1998 roku.
Je to 877 rok naszi erë (pò narodzenim Christusa), 877. rok pierszégò tësąclecégò, 77. rok IX stalatégò, 7. rok 8-égò dzesãcolecô IX stalatégò.
Wirusë gripë A mògą téż zarażac wszelejaczé ôrtë susôków, w tim téż człowieka.
Je to 1855 rok naszi erë (pò narodzenim Christusa), 855. rok drëdżégò tësąclecô, 55. rok XIX stolatégò, 5. rok 6-égò dzesãcolecô XIX stolatégò.
Aborigeni brëkuja barni do jagowania bumerang i mùzycznego jinstrumentu dmùsznego yirdaki (
To mòże jich zmëlëc, że to je ju zymk i òbùdzëc sã chùtczi w stëcznikù abò w gromicznikù.
Ostrowska, I. Trojanowska: Bedeker kaszubski, Wydawnictwo Morskie, Gdańsk 1974, ss.
Bëłë òne tim spòsobã jaczi białka wnôsza do domù swòjégò chłopa.
Ùdostała baro staranné i wszechstronné wësztôłcenié z òbrëmieniégò filozofii, retoriczi, pòezji, mùzyczi, fizyczi, matematiczi, astronomii i medicënë.
Pòdlasczé wòjewództwò je mòcno zróżnicowóné z pòzdrzatkù na bëtnosc tuwò różnych nôrodnosców i wëznaniów.
Je òn datowóny na dwadzesté lata XIX st.
Ò Kabôtkach je mòwa téż w pòwiescë „
Żôgówka abò żgôwka (Urtica urens L.) – to je jednorocznô roscëna z rodzëznë pòkrzëwòwatëch.
W tim cządze pòwstôł pierszi irlandzczi rząd z Éamonã de Valerą w przódkù, co sprawiło początk irlandzczi domôcy wòjnë.
Rezerwùar (magazyn, dzysdnia zwóny je téż magazynowim miechã) je to samòstójny elemeńt leftowégò sistemù.
Zajimô sã téż ùsôdzanim prowadników.
Je jedną z zasłużonëch dlô Kaszëb lëdzy, chtërny bëlë ùhònorowóny przëznôwóną przez Karno Sztudérów Pòmòraniô Medalã Stolema (1974).
Pòtim decoupage stało sã białczim hobby, znónym na dwòrze Ludwika XV.
Ùcził sã w Tonbridge, zaczã téż sztudia na Ùniwersytece Granadë (Szpańskô), le chùtkò je przerwôł, bë pòswiãcëc sã swòjémù nôwikszémù hobbi – lecbie.
Mariô Ludwika Kòwnackô (pòl. Maria Ludwika Kownacka, ùr.
Jodlëna mô wiôldżé wëmôgania co do mòkrzëzne, lëftu ë zemii.
Chòchla - to je długô żerdza do pòpichaniô secé przë łowieniô rëbów pòd lodem.
Bùkòwina to je rzéka dłużawë 28,6 km.
Mownô strona (jęzëk) Janowi Ewanielëji nie wëzdrzi za bogato.
Pòjãcé mòwë jidze pò rédze tak: rozmieje sã jak sã ją czuje, gôdô sã, czëtô sã, pisze sã.
Ji ókòłe biegunowi òbjim westpòwani je nowikszi.
Szachòwi groch winie sã w górã pò szachù.
Nowòjorskô Bibloteka Pùblicznô (New York Public Library) - je w Nowim Jorkù òd 1895 rokù.
Równak, na gwës òne zajinteresowałë ùczałëch z Cysôrsczi Akademie Nôùk w Petersbùrgù, z chtërnyma w pòłowie 1850 r. naj bòjatéra nôwiązôł kòrespòndencją.
Do kùńca roku je 7 dniów.
Pòwiat pùcczi je to przikłôd pòlaszeniégò we słowiznie ë syntaksë.
Pò skùńczenim wòjnë Majkòwsczi wrócył do warkù doktóra.
W 1926 rokù zapisôł sã na dzieje sztudia Pekingù Pedagògiczny Ùniwersytetu(1926-1935).
Przёpùszczô sã, ёż béł „ùżiwóny” jako òbserwatorёjô Sùńca, świã tnica Sùńca, do widzeniégò w przódk zôcemków i położeniégò całów niebiesczich.
Òsoblëwie rozbùdowóną „perkùsyjną sekcjã” miałë tzw.
Pólny proliszk (Viola arvensis) - to je ôrt roscënë z rodzëznë proliszkòwatëch (Violaceae Batsch).
Z ni biwają balczi.
W "Kaszëbi do Pòlôchów" òn m.jin. napisôł: "Wë jesce gwesno na nas përznã złi, że më sã nie jãlë do czëtaniô pòlsczich pism, a jesz mni do tehô pòlsczéhô bractwa, co to Ligą (Pòlską) zowią, bierzemë.
Òb zëmã òna je w sklepie abò zagrzebónô w zemi.
Mieszkô w ògardach i sadach, dzejô w lëdzach.
Joanna Brodzik, (ùr.
Do kùńca roku je 130 dniów.
Òna mòże miec kòscelny (np. zwònicë przë kòscołach) abò swiecczi charakter (np. rôtëszowi wieżë).
Bòjiszcze skłôdô sã z 4 brómków na kùńcach òkrãgù (nôlepi ò strzednicë 50 jardów).
Stôrożëtné Fenicjônë miôli tu wôżni gard Kartaginã i tu béł kartaginsczi jenerôł Hanibal, chtëren walczëł z rzimsczim imperium.
Chòc blós lubòwnik, stôwôł sã znôczącą pòstacą słowiańsczégò nôùkòwégò swiata.
W starożëtnym sanskrice słowò 'tar' òznôczało strënã.
W pòłowie 16. stalatégò Miłoszewò bëło dzélã zastawù za królewsczi pòżëczk wzãti òd gduńsczi familie von Loitzów.
Na niã skłôdô sã: himn, psalmòdiô, krótczi biblijny czëtanié, werset i òracëjô.
Przez przezmiarã eksploatacëji bëłë òne w znacznym gradze pòwëbieróné.
Na Gduńsczim Ùniwersytece badérowaniama zajimalë sã m.jin.
Lëtra ta pòchòdzy òd grecczi lëtrë Delta (Δ, δ) i fenicczi daleth.
Pierszi rôz pòkôzôł sa na wiôldżim ekranié w roli Kena Wiloceka w dramace Freda Zinnemanna The Men(1950) z Teresą Wright, Everett Sloane i Dorothy Tree.
Dzãka ti politice dobële wiele karnowéch dobiwków.
Państwò to zgòdnie z midzënôrodnym prawem takô jednostka pòliticzniégò pòdzelenkù swiata, chtërnej przëstoji ful samòstójnota, to je nie słëchô niżôdni jinszi pòliticznej jednocë.
Jegò przédnikã béł Tomôsz Zan.
Czej ùzdrzimë taczégò nadzwëkòwégò slëmiénia, mòżemë bëc gwës, że mô òn trzë lata, bò taczé mòdré znaczi na skòrze pòjawiają sã dopiérze ù starszich gadzënów.
Pionierzë latania, tacy jak Niemiec Otto Lilienthal (1848-1896), ùdowòdnili, że szëbòwiec mòże wnieść człowieka w pòwietrze.
Słomiany pòwróz - to béł lopk skrãcony słomë (z kłosama abò bez nich) ùżiwónô w gbùrzëznie do wiązaniô snopów, terô to mòże robic kòmbajn, ale bez tich pòwrozów.
Jakùb Breyne (Jacobus Breynius Gedanensis), (ùr.
Stolôrze z Wenecji ùżiwalë decoupage do robieniô méblów, chtërne bëłë jiwerné do chińsczich lakerowónëch méblów (leno bëłe tóńszi).
Kaszëbów mô bëc.
Rekònstrukcja szczãczi zwiérzãca pòkazëje, że miała òna za môłą sëłã nacëskù do zabica òwcë.
Robił w Bëdgòszczë, Grëdzãdzu i Pòznaniu, gdze téż prowadzył wëkładë na w Pòlitechnice w Pòznaniu.
Pòchôdô òd słowa "Dudaire Dubh" co w irlandzczim jãzekù znaczi "czôrny trãbôcz".
Chòc Szutanbarch splôtô swòje pòwiôstczi z mało wôżnëch sztëczków wiejsczi jawernotë, to w całoscë je w nich wiele dzysdniowi gbùrsczi òbëczajnotë.
Czedës bëła tuwò Dëchòwnô Seminarëjô, jakô mia przëszëkòwac ksãżi do robòtë na zemiach kòl greńcë.
Òkróm tegò mómë midzë stónowi drodżi i aùtostradë.
Słowò "co" je òddôwanë bez "ča".
Bògùsłôw X miôł w swòji òpiece pszczélków, a òni mù za to dôwelë miód abò wòsk, a mògle téż płacëc.
Gwësny przëkłôd to Corona ë Ice Bud.
Do kùńca roku je 106 dniów.
Tu je wòdnô elektrownia.
Bëła ùwôżanô nié le przez wiôlgą mądrosc, ale téż z òsoblëwi ùrodë.
W 1951 r. zwiãzała sã z wytwórniã Fox, pò czim wkrótce zyskała pòpùlarnosc dzãką filmom Małpia kuracja, Niagara, Mężczyźni wolą blondynki czë Słomiany wdowiec.
Wedle Stanisława Òssowsczégò kùltura jest gwësną parłãczą psychicznëch rozrządzënków erbòwónëch w zôkrãżim gwësny wëcmaniznë.
Wùlkane póòwstôwają téż w placach rozsëwaniô sã płitow litoserë, czili w chrzebtach strzódòceanicznych i wdolinach riftowich, np.
Dżankoj (ùkr. Джанкой) - to je gard na Krimie.
Henrik Héwelt (1936-1995) - beł znónym kùmkôrzem i gôdëszem.
Amerikańskô smarglëna (Padus serotina) – to je ôrt roscënë z rodzëznë różowatëch (Rosaceae).
Prawòsławié nie ùznôwô niżódnëch rozsądzeniów sobòrów, chtërne bëłë zwòłané bez rzimsczi Kòscół ju pò rozłamie bënë chrzescëjaństwa.
Òn sykórczi mô charakteristiczny szlips na brzëchù.
Mariô erbowała katédre Pierre'a na Sorbonie i przez to bëła pierszô białką-profesorką wykładajacą na Sorbonie.
Gromica – to je wiôlgô wòskòwô swiéca, chtërną brëkùją niejedny chrzescëjónie np.
Kónstantin Krefft béł ksądz doktor, a je Słëga Bòżi w Katolëcczim Kòscele.
Pònarwë mëgów jedzą psëjącą sã òrganiczną materiã, a blós niechtërny gatënczi są drapiéżnikama.
Tu mieszkô 423 lëdzy.
Powiôstczi z komudnëch lat (1982), m.jin. dlô dzôtk i młodzëznë, np.
Mòżna je téż jesc na sёrowò.
Na wsach pòdwòrzé je ògrdzoné płotem drócanym abò ze sztachétów.
Rãplôcz (Tropaeolum majus L.) - to je roscëna z rodzëznë rãplôczowatëch (Tropaeolaceae).
Twòrzi sã na kùńcu chłądu, chtëren sã zwie kwiatowim dnã.
Plac jegò grobù nie je znóny.
Wiôlgô chòrosc pòmògła mù òdnalézc drogã do Christusa.
Më charakter jawny, z dokładnym opsënkã riglów i zasad.
Baczińsczi béł téż harcerzã, le òn nie lubił szkòłë, dlôte miôł nie nôlepszé òcenë.
Je bënową planetą, a temù cãżką do òbserwacje dlô zemsczégò obzéracza (wiedno je bliskò Słuńca).
Strzeżëta tëch wôrtnotów i ti spôdkòwiznë, chtërné znaczą ò Waji juwernoce”).
Wedle wiéchrzëznë to je 74. kraj na swecie, mniészi òd Pòlsczi i Italsczi, le wikszi od Nowozelandzczi i Wiôldżi Britanji.
Dzëb je czôrnô, òczë cemnobruné.
Generalno mòże m.jin. ë przez to rzec, że Slackware je czerowóny do barżi awansowónëch brëkòwników, jaczi ledają barżi sómi miec cësk na kòntrolã nad instalowónëma programama.
Ta swiãtô je m.jin. namalowónô w môłim triptikù Mscëwòja I (80 x 58 cm) z 1515 rokù w kòscele po sostrach z zôkònu sw.
Zwónô je czãsto "Zemią pòrénszégò miru".
Mariô dobëła téż francësczi Order Honorowi Legii i przëznôwóné honorowe doktoraty na ùniwersytetach i pòlitechnikach w Pòlsce.
Ewanieliô wedle swiãtégò Mateùsza (Mt) – to je jedna z sztërzëch Ewanielów Nowégò Testameńtu, chterne Kòscół ùznôł za natchnioné ë wprowadzył do knégów Swiãtëch Pismión.
Wanożny szur (Rattus norvegicus) - to je grëzôk z rodzëznë mëszowatëch (Muridae).
Kòminôrz mòże lëdzóm pùcowac piécczi doma.
Wkòl Zemi, òkróm Miesąca, krążą jesz dwa pichòwé miesące (
Jak je z tegò widzec òb całą noc nordowô gwiôzda je wnetka w tim samim placu.
Òn je dzélowò abò czësto pòdzemny.
Parus caeruleus) – to je môłi ptôch z rodzëznë sykórkòwatëch.
Òb szesc miesãcy mieszkôł w Rzimie, òdwiedzył téż Neapòl, Pòmpeje, Sëcyliã, Asyż.
Dlô wëkònaniô ti frantówczi pòtrzébnô je charakteristicznô plansza z òbrôzkama.
Kòl swiãtnicë stoji Bóża Mãka z nadpisã w pòlsczim i niemiecczim jãzëkù: Gdy gaśnie pamięć ludzka dalej mówią kamienie.
Wãbórk mòże òbrëmic kòl 15 litrów.
Nie pòtrafi óbaczëc Christusa, chto nie pòtrafi cerpiec dlô Christusa.
Òna je wôżnô w gbùrzëznie.
Talérz – to je òkrągły statk, na ògle mni (snôdczi talérz) abò wicy (głãbòczi talérz) głãbòczi, òn je nôbarżi do dôwaniô jestkù.
Swiãtô Andrys je patrónã Szkocji i tam 30 lëstopadnika, czej dzéń swiãtégò je Swiãtem Narodnym- je to dzéń bankerczszi.
Trzecy môl zajimô Kolumbiô.
Kwiôtci zebrane w wiôldzi koszik, farwë biôłi abò rożewi, z zółtim westrzódkam.
Kôrczowina – to je drewno z pòdzemnògò dzéla drzewa razem z kôrczem, chtëren òstôł pò spùszczeniu drzéwiãca.
Stolemi mielë taką mòc, bò jedlë kòńsczé miãso i pilë kòńsczé mlékò.
Seczkarka - to je maszina ùżiwónô w gbùrzëznie do rznieniô np.
Je to 855 rok naszi erë (pò narodzenim Christusa), 855. rok pierszégò tësąclecégò, 55. rok IX stalatégò, 5. rok 6-égò dzesãcolecô IX stalatégò.
Wëstôpiwô w Eurazji, Afryce, nordowi Ameryce.
W procëmnoce do stôrszëch górów w kòntinentalny Kòreji, wiele wôżnëch òstrowów pòwsta dzãka aktiwnotë wùlkanów w cządze kenozojowi òrogenezë.
Trôfiało sã to òsoblëwie młodim lëdzóm, w tim téż bëtnikóm rësznotë zatôrczënkù.
Tam òn béł redaktorã pismiona Wiarus.
Jegò bëłë i są znóné keramikòwé wërobinë, bò grónkòwniô je tu òd lat.
W 1911 dobëła téż nôdgrodã Nobla z chemii.
Héklowanié to je proces wërôbianiô wiãzëdła prze pòmocë héklôcza.
Zbrzëca to je rzéka dłużawë 48,77 km.
Wiele téż napisônó ò Tischnerzé,ùkazôł sã żëcopis ks.
Wôrt je wspòmniec ò òrganizacëji ùlëbników.
W 1904 rokù òn béł wëswiãcony na ksãdza.
Rómana Wróblewsczégò (1997) ë wëprzednieniony bez Polcul Foundation (1998 r.).
We wczesnëch dokùmentach wëstãpòwała téż fòrma Wolfgang Gottlieb (Gottlieb to miemiecczé tłumaczenié dlô Teofil).
W 1654 òstôł naznaczony kòmańdérã (cheomsa, 僉使) Hyesan w prowincëji Nordowim Hamgyeong.
W 1982 rokù wëchôdô singel Run to the Hills, chtëren dôwô jima wiôlgą pòpùlarnotã.
Lëdztwò wsë: 107 mieszkańców (
W 1981 rokù w Krakòwie francëszkanie założëlë Ruch Ekòlogiczny sw.
Niechtërné z nich lecą jesz dali na zapôd.
No drzewò miało kòl 230 lat.
Nôbarżi dokôzónym dzélã lëdowi kùlturë Krajnë je wsowô bùdowizna ë wëkùstrzenié krajeńsczi chëcze.
Hiacynta (Hyacinthus L.) – to je szlach roscënów z rodzëznë szparagòwatëch (Asparagaceae).
Òn béł fòlkloristą, runitą i szkólnym.
Ùrodzëła sã i spãdzëła dzëcinné lata w Bronksu, dzélnicë Nowigò Jorkù, a czedë bëła sedemnôscë lat stôrô wëstãpiła w piérszim filmie Mòja môłô dzéwczënka.
Jistnieje w nim czile wiôldżich kòscelnëch sztrukturów, jaczé baro mòckò różnią sã żlë jidze ò dogmaticzné i prakticzné sprawë – Swiatowô Lëterskô Federacjô, Midzënôrodnô Lëterskô Radzëzna, Kònfesjonalnô Ewangelëckô Lëterskô Kònferencjô.
Nôdgroda Nobla – wëróżnienié przëznôwóné za wiôldżé òsygniãca nôùkòwé lub lëteracczi, abò za zasłudżi dlô spòlëznë i lëdzy.
Kamél (Camelus) – to je szlach wiôldżëch susków z rodzëznë kamélowatëch (Camelidae).
To je sedzba gminë Kònôrzënë.
Zwëczajny cziżik abò cziżik (Spinus spinus) - to je ôrt môłégò ptôcha z rodzëznë Fringillidae.
F. Cénôwa ùmarł na zawôł serca pòpôłnim w sobòtã 26 strëmiannika 1881 r. w Bùkòwcu kòl Swieca, a spòczął na smãtôrzu w niedaleczim Przësérskù, gdze ju przed smiercą wëkùpił so plac na grób.
Pò nôùce ò triniarzi w miesce Estadilla zaczął sztudiowac prawò i filozofiã na ùniwersytece w Lerida.
W śnie tim papiéż ùzdrzôł òbalajãce sã mùrë bazyliczi lateransczé i biédôka, chtërën w jegò òczach stôł sã òlbrzimã i ùrëtół Lateran.
Tu są sta ekspònatów, chtërne pòmògają lepi rozmiec co to je wòjna.
Jégò zôchòwa je drãgò nalezc.
W 1975 rokù òbronił doktorat na Pòlitechnice w Warszawie.
Timczasã Rea dała mężulkowi kam òwiniãti w pielëszkã.
Òn ùmarł pò ti wòjnie.
Wespółzałóżca, przédnik i solista rockòwégò karna „
Gmina Czôrnô Dąbrówka (
Alojs Andricki (ùr. 2 lëpińca 1914 rokù w Radworze - ùm.
Wedle wielu ùczałich słowo sclavus (niem. sklavus, an.
Padalc – gatënk wieszczórczi, tëli że bez nogów, z rodzëznë padalcowatich.
Irlandzczi dominëje w dzélu państwa pòzéwónym Gaeltacht, w jaczim mieszkô 96,628 lëdzy.
Pòzwa pòchòdzy òd stgr. adamas (‘niedobëti’, ‘niepòkònóny’, ‘nie do zniszczeniô’).
Związk tëch zjawiskow tłumaczi teòriô tektoniczi płitów litosferë.
Bernard Sychta: Słownik gwar kaszubskich na tle kultury ludowej t. III, Ossolineum, Wrocław-Warszawa-Kraków 1969, ss.
W zawòdach tëch w:eprzedzył gò reprezentant gòspòdarzë, Siergiej Suchoruczenkow.
W gbùrstwie to mògłë bëc miôrczi do jôdё.
Òkróm tegò badóné są genë 1, 2, 3 i 15. Ten slédny béł piérszim kandidatã na "winnégò disleksji".
Je to 1868 rok naszi erë (pò narodzenim Christusa), 868. rok drëdżégò tësąclecô, 68. rok XIX stolatégò, 8. rok 7-égò dzesãcolecô XIX stolatégò.
W 1954 rokù béł w sôdzë jakno "niedrëch Lëdowi Pòlsczi".
Przëszedł na swiat w môlowosce Truskòlasë kòl Częstochòwë.
Do kùńca roku je 33 dniów.
Stefan Batory – ksyżёc Sétmegardu òd 1571 do 1586, król Pòlsczi òd 1576 – syn wojewodё Sédrgardu i Katarzyny Telegoli.
Bëkôcz (Melanitta nigra) - to je strzédny wòdny ptôch z rodzëznë kaczkòwatëch.
Òd 1967 wëstãpòwała w teatrze amatorsczim.
Dzecë wiele dostôwają òd starëszczi - Bòrowi Cotczi.
Pò maturze òn zaczął sztudérowac w Dëchòwnym Seminarium w Pelplënie.
Syn bògatégò kùpca Piotra i Joannë.
Do dzysô nie jistnieje jednô, òglowò akceptowónô definicëjô matematiczi.
Jak na niã nie stąpi abò nie gòrzi, tej òna bë nie mia kąsëc.
Òna je z kroplów wòdë i krisztalków lodu.
Bògùsłôw XIV na mònéce.
Ùniwersytet Harvarda (Harvard University) - je wôżnym amerikańsczim môlã dlô rozwiju nôùczi w Cambridge, Massachusetts òd 1636 rokù.
Cassie abò Cassie Ventura, (ùr.
Pierszé wiadło ò Krokòwi je zapisóné w 1288 rokù.
W Kanadze, państwòwô nôdgrodã bëła mù przëznónô za czasów Michaelle Jean.
Pòtemù pòwstałë jinszi ôrtë mòdlëtwë (np. dziãkczënné).
Je takô pòwiôstka, że stądka Christus wstąpił do nieba.
Ale przë dostateczno wiôldżi energii elektronów (temperatura wënôszô tedë kòl 10 miliardów Kelwinów), parłãczą sã òne z protonama, twòrzącë neùtronë.
Do kùńca roku je 30 dniów.
Mòra wlôżô w jizbã dzurką òd klucza i kładze sã na człowieka jak miészk piôsku.
Tiłkòwô gnôt (łac. os occipitale) – je w szkelece czërzepù, a dzeli są na: pòdstawny dzél, dwa bòczné dzéle i tiłkòwą łëzgã.
Môłé zatoczi czãsto stają sã jezorama jakò nastãpstwò wërobieniégò sã sztremlëznë.
Ledzë pielgrzimùją, żebë przëprosec Bòga za grzéchë abò z prosbą np.
W II swiatowi wòjnie òn béł w lagrze dlô òficérów II-C Woldenberg.
Pawła, piszącégò lëst do wiernych z więzienia.
Taczim szëkã w kòmórkach swini mòże dińc do przemiészaniô geneticznégò materiału (reazortacjô) ptôszich i lëdzczich wirusów.
W ni je przekôzywóny kùlturowi spòsób z pòkòleniô na pòkòlenié, a lëdze so pòmôgają – téż w chòrobie i na stôré lata.
Dzél tekstów Kabaretu béł wëdrëkòwóny w ksążeczce Pióro do gilgania/Pióro do gëldzeniô (Gdiniô 2004, wëdôwizna Region).
Tegò eratikù je widzec na brzegù te jezora.
Òd 24 XI 1947 do 26 lëpińca 1947 pełnił fónkcjã Premiera Francji.
Są to monofagi i ichtiofagi.
Józef Chełmòwsczi (ùr.
Dbôł ó rozwój miastów, nadôwôł mijsczi prawa nowim òstrzódkom (w tim Bidgòszczë), dbôł ò rozwój òswiatë (czegò przikładã bëło Pòwòłanié przez niegò w 1346 r. Akademië Krakòwsczi) a téż wzbògacył skarbc królewsczi.
W 2004 rokù ùczałi ùszacowelë parametrë neùtronowi gwiôzdë w ùkładze pòdwójnym EXO 0748-677.
Wòjnowi kawel rzucył gò na Zôpadną Eùropã, pò wòjnie wrócył na Kaszëbë i skùńcził przerwóną edukacjã.
Kòle 67 r. Paweł je zôs zamkłi w rzimsczi sôdzë, skądka pisze Drëdżi Lëst do Timoteusza.
Czãsto gôdele razã różanc w wieczôrnych gòdzënach”.
Żle kòscelny widzôł, co sã dzejô, to chùtkò biegôł, żebë zazwònic pierszi, bò tedë òpi tracëł mòc nad zwònama.
Je òna wôżnym môlã kaszëbsczi kùlturë.
Nen kôzôł jã biczowac wiele razy.
Wëszłé je z tegò sparłączenié różnëch sztélów, w tim: Bluesa, Hillbilly, Boogie, Bluegrassu ë Country.
Przédnym mionem Japònsczi, jesz przed łaczbą z Chinami, nadaną òb môlowé lëdztwò bëło Yamato (大和).
Długòsc indiwidualnégò ùłożënkù wënosy òd 1:15 do 1:30 min.
Béł to czas tãpieniô drapcowatëch ptóchów i jintensywnégò rozwijaniô sã gbùrzeniô.
Ta pòezja je òdwôżnym artisticznym eksperimeńtã.
Òstało 388 dniów do kùńca rokù.
To Bëło tak w piątim wiekù, na naszi zemie sã pòkôzała dopiéro w szesnôstem wieku.
Czedë òjc sã ò tim dowiedzôł, zmùszôł ją do żeńbë.
Jôdny maniok je do jedzeniô.
Do kùńca roku je 112 dniów.
Ti Pòlabsczi Słowióni bële z plemienia Òbòdritów.
Òb lato 2002 trenowôł dlô Górnika Zabrze i wëstãpôwôł w piłkarszczi szkòle tegò klubu.
Jaskùleczka - to je môłi ptôch wãdrowny z jaskùłczi rodzënë.
Wzãté je to z chińsczi filozofiji.
Szëkùje jejim leże i mô je w ògradzym w jejich zëmòwim spikù.
Wëstraszony przëcëskô sã do zemi, a pózni narôz zriwô sã do lecënkù.
Mòżna je tiż jesc na sёrowò.
Szło ò to, że dzecë miałë sã ùczëc religie blós pò niemieckù, a ni mògłë do se pò kaszëbskù (czë pò pòlskù) gôdac.
Do kùńca roku je 22 dniów.
Artëleriô mòże bombardować, célowac na pòwietrzé, na wòdô, na lùndzé.
Gmina Chmielno (
Na złotëch biegùnach dlô Cebie, ribkò.
Czasã je mòżlëwòsc nadrzãdnégò wëłączaniégò jazëkòwëch głosów.
Do 1992 rokù państwòwim jãzëkã Czôrnogóry był jãzëk serbòchòrwacczi, a tej – „serbsczi jãzëk ijekawsczégò dialektu”.
Przódë lëft do òrganów béł pómpòwóny przez człowieka, chtëren zwôł sã kalikantã przë ùdzélu nożnëch pedałów, abò rãczno przë pomòcë wrãdżi.
Rôdzëno (we zdrojach: Radzin (Cenôwa); pòl.
Wiérzta Czedrowsczi Naji chléb je pòétnym szkicã historii lëteraturë.
Jégò kanonizacyjny proces je nôkrótszi w historii katolëcczégò kòscoła, bò 352 dni pò smiercë béł ju ògłoszony swiãtim.
Wszëtczé lëstë sã dzeli na pòjedińczé (taczé co mają jedną lëstową blaszkã) i złożoné (mają wicy lëstowëch blaszków).
Przełómanié gatënkòwi przeszkòdë przez wirus, chòc je mòżebné, to na nasze szczescé je dosc rzôdczé.
Òn béł profesor w Dëchòwny Seminarëji w Pelplinie.
Jegò sziszkòjagòdë są przëprawą.
Mô wiele pòzwów: czerwonô jagòda, potrôwnica,czãsto nazywôno je malëną.
W czasach bibilëjnéch baro wiele mléka béło synonima bògactwa.
Ale smardlëwi, strachòblëwi i głëpkòwati Pùrtk ni mô wnetka nick wespòle z naszim chitrim i wipnym Smãtkem.
Je to 1698 rok naszi erë (pò narodzenim Christusa), 698. rok drëdżégò tësąclecô, 98. rok XVII stolatégò, 8. rok 10-égò dzesãcolecô XVII stolatégò.
Kaszëbi wierzą, że gniôzdo bòcóna na bùdinkù je znankum szczescigò dlô gòspòdôrza.
Lëdztwò gardu: 584 mieszkańców (
Je to 1895 rok naszi erë (pò narodzenim Christusa), 895. rok drëdżégò tësąclecô, 95. rok XIX stolatégò, 5. rok 10-égò dzesãcolecô XIX stolatégò.
Na skùtk tich procesów w latach sédemdzesątëch i òsemdzesątëch nôwikszi zmianë nastałë w Pùcczi Hôwindze, nôsnôdszi i nôbarżi pòdajny na cësk zgnojeniów òbéńdze Gduńsczi Hôwindżi.
Òblekłi je w biôłą kòszlã ë mô bladé lico, jak kòżdën dëch.
W 2012 r. dokôz wëszedł drëkã pò kaszëbskù w przełożënkù Stanisława Janke.
Czôrnogłowòwi piechtôrz (Calathus melanocephalus melanocephalus) - to je bączk z rodzëznë szczipówkòwatëch.
Dôwni trzëmano kimchi w glënianëch grôpach, ùstawionëch dali òd jinëch produktów ë domocëch (bez jintensywny pôch), w dzélu zakòpóné w zemi.
Persczi jãzëk – jãzëk persczégò nôrodu, przënôleżący do karna irańsczich jãzëków.
Węgiekô bëła któtkô, niewiôlgô, przëdatnô, dwójarz czãsto jã ùżëwale.
W tim przëtrôfkù ùstôw ò swòbòdze gòspòdarczégò dzejaniégò z dnia 2 lëpińca 2004 rokù (Dz. U. Nr 173 poz.
Samòstójnotë Kòsowò nie ùznôwô Serbiô, chtërnô wcyg ùwôżô je za swòje teritorium ò pòzwie Kòsowò i Metohijô (serb. Косово и Метохија).
Pierwszô misyjnô réza przëpôdô na lata 45-49 i obijmó, okróm Cypru, westrzédny dzéł dzysészny Azji Mniészi, tj.
Na nordze Serbie nalézemë òbrodné równiznë.
Garc (we zdrojach: Karennz, Kerentia, Charenza 1168, Chertz in Ruya 1327, Garcz (Germania; Ortelius Abraham, 1527-1598), Garz; miem.
Krzyż z San Damiano.
Przë jegò wespółrobòcë pòwstałë m.jin. materiałë dlô szkólnëch.
Niechtërne rënë mògą miec jinszą genezã.
Pòzni òni oba zestalele tagże dwutklene wãgla i alkoholu.
Òrzesznica (Nucifraga caryocatactes) – strzédny ptôch z rodzëznë krëkòwatëch.
Na wdôr tegò, że z Jezësa zjãlë ruchna, z wôłtôrza zjimô sã òbrësczi, lëchtôrze i krziże.
Wòjcecha - biskùpa - bëła w tich stronach ùtwòrzonô organizacjô kòscelnô (w 1000 rokù).
Jegò jedurną òbarną przed ùstëgòwnikama je òdrzucënié ògóna.
W tim czase nastãpiłwô rozwiniãce héklowaniô knëpczi.
Je znanką Rewalsczégò Ùbrzegù.
Szczëka pòspòlito (Esox lucius) – to je szerok rozcygniony, rabùsznô rëba z rodzëznë szczëkòwatëch.
Òsoblëwò czãsto spòtikómë jã na piôszczëstëch òbéńdach sandrowëch.
Rodowizna mionów "Kaszëbi" ë "kaszëbsczi" a téż ôrt, na jaczi òne przëszłë òb stalata z òkrãżégò Kòszalëna na Pòrénkòwi Pòmòrskô są wcyg wëzgôdką dlô ùczałich.
Òna bëła w latach 1829 - 1878.
Czôrnô Wòda (pòl. Czarna Woda, miem.
Òn je w pasu Kùipera.
Brëkòwana òb czas ti wòjnë w latach 1936 -
Niejedne òbéńdë leżą niżi równi mòrza i òne ùrôbiają zôpadlënã, jinszé jakno np.
W latach 1365 i 1383 Wilno najachalë Krzëżôcë, chtërny spôlëlë miasto.
Czësto ruskojãzëczną je midzë jinszima sądowizna i ùsôdzanié ùrzãdowich dokùmeńtów.
Bliza w Czołpinie pòwsta w 1874 rokù wedle spódlé E. Kummera.
Jesz w rujanie 1791 nikt bë nie przëpùszczôł, że za dwa miesące Mozart ju nie bãdze żëł.
Jednoseminnô mąkùszka (Crataegus monogyna Jacq.) – to je czerz abò nisczé drzéwiã z rodzëznë różowatëch (Rosaceae).
Eùropejsczé kanie nie wanożą na jeséń baro dalek, a òsoblëwie nad Westrzódzemné Mòrze.
Je to 1000 rok naszi erë (pò narodzenim Christusa), 1000. rok pierszégò tësąclecégò, 100. rok X stolatégò, 10 rok 10-égò dzesãcolecô X stolatégò.
W pózniészim czasu doszła jesz pòlewka ze swiéżëch rib W. Niemiec, Ò tim, jak przódë lat Kaszëbi warzëlë.
Za dnia nié dô sã gò dozdrzec leno nocą.
W 1592 - 1593 béł zajãti przez Japònów.
Frangulo-Rubetum plicati Matuszkiewicz Władysław, Przewodnik do oznaczania zbiorowisk roślinnych Polski, Wyd.
Pòchwôt pòchôdô òd grecczich słów: ἐγκύκλιος παιδεία (engkuklios paideia), jaczé dosłowno znaczą "zaòkrãglonô, całownô edukacëjô".
Pò ji skùńczenim sztudérowôł w Dëchòwny Seminarëji w Pelplinie.
Òn je dosc mitczi do nawetka -60°C.
Jegò pierszé wëdanié ùkôzało sã w Pariżu w 1834 rokù.
W chrzescëjaństwie mòdlëtwa je kôrbiónką z Bògiem personowim, przez zwróceni sã do niégò w prosbie, dzãkòwnoce czë adoracëje.
Napisa téż bôjkã Òpòwiôstczi mirochòwsczi pùszczë („ Pòmerania” 2002) i pòwiôstczi, np.
Smiecë z niegò są zbiéróné i mògą miec céch PE jak na òdjimkù niżi.
Oskowo Rozporządzenie Ministrów: Administracji Publicznej i Ziem Odzyskanych z dnia 15 marca 1947 r. o przywróceniu i ustaleniu urzędowych nazw miejscowości (Monitor Polski 1947, nr 37, poz.
Òn jednak òstôł tam, gdze sã ùrodzył, żił i robiił.
Papiéż Grzegòrz X pisôł ò ti wsë w 1272 rokù.
Je téż jednym z dwóch òficjalnëch jãżëków w prowincëji Yanbian w Chinach.
Je to 1699 rok naszi erë (pò narodzenim Christusa), 699. rok drëdżégò tësąclecô, 99. rok XVII stolatégò, 9. rok 10-égò dzesãcolecô XVII stolatégò.
Jakno pisôrz zadebiutowôł w 1966 r. w cządnikù „Litery” wiérztą Mój bôcyk.
Trzeba téż płoc zelëska zanim òne zaczną sã rozrastac np. w ògródkù.
Andrzejczi- dzéń swiãtęgò Andrzeja, chtërny òbchòdzóny je 30 lëstopadnika.
Freystadt in Westpreußen) - garc we warmińskò-mazursczim wòjewództwie wòjewództwie w jëławsczim krézu nad Gôrdzãgą.
Kòl 1370 rokù tu bëło gôdóné pò kaszëbskù.
W spòsobie ce dlô nas ùchòwałë.
Skrobajk – to je zort rãcznégò nôrzãda z wëdżiãtim òstrim do skrobaniô np.
Pò drodze spòtkała chłopa, co w sztërë wòłë òrôł.
Turistika rozwijô sã przede wszëtczim nad sztrądã Bôłtu, ale wiele turistów przëcygają téż pòjezérza ë niechtërné gardë, np.
Z Punk rocka są téż wëszłé nowé mùzyczné czérënczi òpiarté na kùlturze protestu, jakno New Wave czë Independent.
Lëtra ta pòchòdzy òd grecczi lëtrë beta (Β, β).
Òficjalnô tej Sting pierszi rôz pòkôzôł sã w filmie Quadrophenia Franca Roddama.
Òd 1778 rokù smażińsczi majątk słëchôł do pòmòrsczi familie Wòbeserów.
Chòc mòdlëtwa mòże przëjmòwac fòrmã personowé gôdczi z istotą bòską, to w wiele religjiach ùształtowôł sã pewien kanón mòdlëtw, chtërnëch spisënk je dokładné òpisónô i przekazywónô w taczé fòrmie wëznôwcóm.
Prowincje dzelą sã na pòdprowincje (šahrestán), te zôs na gminë miesczé (bachš) i wiesczé (dehestán).
Òna òbjimô 9536 km² wiéchrzëznë.
Kòralowi bes (Sambucus racemosa L. ) – to je ôrt roscënë z rodzëznë Adoxaceae.
Jãzëczi, w chtërnëch wëstãpùją przëpôdczi, mają jich na ògle òd 4 do 7. Trôfiają sã téż jãzëczi z leno dwùma przëpôdkama, jak bùłgarsczi (na ògle są to jãzëczi, jaczé dôwni miałë jich wicy, ale jich system przëpôdków ùproscëł sã).
Kaspijsczi tigris (Panthera tigris virgata) - to béł pòdôrt suska z rodzëznë kòtowatëch (Felidae).
Do dzysô téż wiele z nich nalezc jidze w japòńsczich mùzeach abò wëstrzód priwatnëch kòlekcjonérów w USA ë Japòńsczi.
Eùropejsczi skrzeczk (Cricetus cricetus) – to je susk i grëzôk z rodzëznë skrzeczkòwatëch.
Egipt leżi nad Nilem, nôwikszą rzéką swiata i Afriki.
Akòrdión - instrument muzyczny zarëchòwóny do karna aerofònów abò idiofònów dãtëch.
Jak òn miôł pińcnôsce lat ùmarła jegò matka, a òn mùszôł sóm sobie radzec.
Zjôdanié swiéżich jagód ë jich produktów wzmòcniwô zdrok, pòprôwiô òstrosc widzeniô, przede wszëtczim ò cemkù.
Nëczk je służką Òmańca.
Za żëcégò béł òdznaczony Kòmańdérsczim Krziżã z Gwiôzdą Òrderu Òdrodzeniegò Pòlsczi i jinyma odznaczeniama.
Je jedną z ewanieliów synopticznych.
Òglowò ùżiwónym jãzëkã je anielsczi, 94% pòpulacje òkresliwô gò jakò swój rodny jãzëk.
Lama (Lama) – to je szlach susków z rodzëznë kamélowatëch (Camelidae).
Jedlënowé semiona przëwiezlë tu m.jin. z Sudetów.
Pòczątczi panowaniô bëłë baro trudny.
Je to 1918 rok naszi erë (pò narodzenim Christusa), 918. rok drëdżégò tësąclecô, 18. rok XX stolatégò, 8. rok 2-égò dzesãcolecô XX stolatégò.
Wãbórk do smieców – zabiérnik zrobiony wikszim dzélã z metalu abò plasticzëznë, chtëren je brëkòwóny do timczasowégò zbiéraniô smieców.
Bëtowò mô jeden ùrząd dlô gardu ë wiesczi gminë.
Na swiece są jinstrumentë, chtërne mają jesz wikszą skalã.
Bizantińsczi òbrządk (grecczi òbrządk) – wschòdny liturgiczny òbrządk, jaczi rozwinął sã w stôrożëtnym kònstantinopòlitańsczim patrijarchace i rozkòscerził sã pózni na aleksandrijsczi i antiochijsczi patrijarchat.
Je to 1777 rok naszi erë (pò narodzenim Christusa), 777. rok drëdżégò tësąclecô, 77. rok XVIII stolatégò, 7. rok 8-égò dzesãcolecô XVIII stolatégò.
Malëne to zelonô niskô roscëna,chterna mòże bëc ùprôwióno prawie we wszëtczich ògardach.
Ni mô sparłãczeniô z jinszima kòntinentama.
W spòsobie ce dlô nas ùchòwałe.
Gard pòłożony je krótkò na pôłnié òd zdemilitarizowóne conë (DMZ), nad rzékã Han.
Złotym nazywalë W XIV ë XV s. złote zagrańczne dukatë z òbrotã w Pòlsce, chtërne nôprzód òbrechòwane bëłë na 14 groszy.
Tã pòwstôwają slédné wiérztë Mickewicza – tzw. liriczi lozańsczé.
Òna wpłiwô do Adriatikù.
Tu je kòscół ë szkòła.
Pësznym dzélã parkù wierã je ògardowi parter kwiatowò-pażëcowi, jaczimù towarzą pò wschódny ë zôchòdny stronie grôbkòwé szpalérë.
Gimnasticzczi, króm cwiczënków rozcygającëch i gibkòscowëch, dlô lepszi szëkòwnoscë i równowadżi a téż koordynacji ruchowej i rytmicznej cwiczą tuńc klasyczny z elementama tuńca charakteristicznégò.
Stôwkòwô swòrka (Lymnaea stagnalis) - to je ôrt smôrzcza z rodzëznë swòrkòwatëch (Lymnaeidae).
Obëczajné widzawiszcze Rómpsczégò "Roztrąbarch" czë òpòwiôdanié Bùdzësza "Roztrębôcz" nawlékają do dôwny zabawë, ùmòcniony w rzeczenim roztrãba(r)cha, roztrãbôcze gònic.
Nôwikszé są w òbéńdach wsё Òdrё (gmina Czersk, òkòlé Chojnice).
W séwnikù 2007 rokù zòrganizowóné òstało pierszi rôz Òglowòpòlsczé Diktando Szląsczégò Jãzëka.
Mòże bëc szari, bruny, żółté, a czasã rudawé, brzëch mô biółé, tepa z wiérzchu czôrnô a pòd spódkã biółô.
Do kùńca roku je 2 dni.
Òb lato tu òrganizowóné są "Kaszëbsczé Bôtë pòd Żôglama".
Terô to je zakôzóny w Pòlsce.
Je to 1716 rok naszi erë (pò narodzenim Christusa), 716. rok drëdżégò tësąclecô, 16. rok XVIII stolatégò, 6. rok 2-égò dzesãcolecô XVIII stolatégò.
Ojc Szawła béł téż rzimsczim krajewiónę.
Pò II swiatowi wòjnie Czechosłowacjô dosta sã pòd cësk Sowiecczégò Związkù.
Krowa je téż swiãtim zwierzãcã egipsczi bòginie Izydë.
Pisklãta pò wëklëcu są slepi, pò 4 dniach òdmikają ôczé.
Dlô zapisu persczégò jãzëka w Iranie i Afganistanie ùżiwô sã persczégò alfabétu, jaczi je skrewniony z arabsczim alfabétã.
Wersja nôbarżi rozkòscérzonô gôdô, że legioniscë naùczëlë sã grac òd miemiecczich wachtôrzów – ale ni ma na nią dowòdów we wspòminkach, mòżna za to przeczëtac, że "leguny wykombinowali nową grę".
Preferëje lózne, niezbët sëché, żëzné ë bògaté w składniczi pòkarmowé glebë ò letkò kwasnym òdczinie.
W XIX w. proces germanizacëji, wspòmôgóny przez państwo (szkòła, wòjskò i lëtersczi Koscół) pòstãpòwôł dosc chùtkò.
Jich szmaka je pikantnô, stąd téż nazwa pieprznik.
Matka żëwi młodi mlëka do pòstãpnégò rozpłodzeniô.
Do kùńca roku je 31 dniów.
Tegò sômégò gniôzda ptôchë ùżiwają przez wiele lat.
Crone, Coronowo 1796-1802 Koronowo, Polnisch Crone, Crone an der Brahe, Krone a. Brahe; pòl.
Czasã mòżna ją téż pótkac w jinszich krézach Eùropë Zapódny ë Westrzédny.
Diôbli pôlc - to je skamiałosc - dzél strzôłczi.
Pòdżãtô kòniczëna (Trifolium medium L.) – to je roscëna z rodzëznë bòbòwatëch.
Jich nôtëralnym môlã je wòdnô ptôszëzna.
Czej mia 8 lat ùmarła ji mëma (pòchòwónô je na parafialnym smãtôrzu w Suserzu).
Drëdżim, téż wôżnym célã je wiãkszenié swiądë spòdleczny przez szerzenié wiédzë na temã mòżlëwosców lëdzy z tą fòrmą niepełnosprawnoscë.
Lëdze òd niepamiãtnëch czasów marzëli ò lataniu.
Czas i przestrzéń twòrzą zakrziwiającą sã czterowëmiôrową „Czasoprzestrzéń”.
To biwają szlagùtë dobré na balczi.
Tu w 2008 rokù mieszkało 80 lëdzy.
Je to 1401 rok naszi erë (pò narodzenim Christusa), 401. rok drëdżégò tësąclecô, 1. rok XV stolatégò, 1. rok 1-égò dzesãcolecô XV stolatégò.
Òne są baro pierzglëwé i nieùbëtné chùtkò pikùją.
Je to 1907 rok naszi erë (pò narodzenim Christusa), 907. rok drëdżégò tësąclecô, 7. rok XX stolatégò, 7. rok 1-égò dzesãcolecô XX stolatégò.
Kònduktë są to kanałë, jaczima left je przekaziwóny pòmiédzë elemeńtama sistemù zasylaniégò, jaż do wiatrownic, abò jinszych ùrządzeniów wëmagającëch pneùmaticzégò napãdu.
Nen gard òstôł ùsôdzóny w 1951 r. przez sparłãczëne 2 apartne gardë: Gòlëb na prawò nad Drwãcą i Dobrziń na lewò nad Drwãcą.
Niejedné z ji dokôzów mòże téż trzëmac za pùnkòwé (
W ti pòdrodzëznie są np: brunô kania i czerwònô kania.
Nôwikszima pòmòrsczima òstrowama są Rana, Ùznojm ë Wòlin.
Wierã mòdlã dlô ni béł złoti lëchtôrz z czasów Mòjżesza z bezùstónkòwim wida, chtëren dôwô òliwa wëcësniãti z òliwkòw, bò òna sã pôli.
Kòniczëna abò kléwer (Trifolium L.) – to je szlach roscënów z rodzëznë bòbòwatëch.
Eùropejskô Bibloteka (The European Library) – to je cifrowô bibloteka, chtërna dôwô przistãp do 48 nôrodnëch bibloteków.
Zarno ówsa mô wãglowaodanë, strzód chtërnëch nôwiãcy je skrobi.
W kòscele je mówiony Anielsczé pòzdrowienié m.jin. pò kaszëbskù.
Òbczas Pierszi gòdzënë – Prote Hora (kòle szósti z rëna naszégò czasu) rozmiszlô sã ò stwòrzeniu.
Antonim - to je leksem jaczé mȏ procëmny znaczënk; hewò słowò co òkresliwȏ skrȏwné wȏrtnotë abò jaczis znanczi.
Pò II swiatowi wòjnie swiątnica òstała wëswiãconô jakno katolëcczi kòscół.
Przëjął sã zwëk, że wiele kaszëbsczéch domôctwòch mô swòja fana - òna flatrëje z leżnoscë wszelejaczich swiāt.
Dërżeniowé lëdze Mapuche i Aracuanë gôdôja jãzëkama mapudungun i keczua, a na Jastrowim Òstrówie lëdze môją jãzëk rapanui.
Na ji czëpie béł do 2006 rokù zbiérnik wòdë dlô zagwësnieniô sztabilnégò cësnieniô w miastowim wòdoprowôdnikù.
Do kùńca roku je 28 dniów.
W 1734 rokù kòl ti wsë bëła pòlskò-ruskô bitwa.
Ùstôwcowim ùrzãdã je dwajizbòwi parlament.
Za kòlãdowanié przezeblôkańcowie dostôwają smaczczi abò téż dëtczi.
Starkòwie pòwiôdelë, że panewczi na całé 40 dni pòstu bëłë wëszorowóné i zamkłé w kòmòrze.
Òlga Tokarczuk (fùl miono pò pòlskù Olga Nawoja Tokarczuk, ùr.
Czedë wôżczi są w sztãdze spòczinkù jich skrzidła są rozłożoné na bòczi abò są pòdniesóné do górë.
Cemiączkò – to je niezesztiwniałé zlenié gnôtów w szkelece czërzepù ù swiéżo ùrodzonëch dzecy i dżibùlków.
Kamień Krajeński, miem.
W 1912, m.jin. bez dëtkòwé jiwrë, zaczãła robòtã jakno szkólnô.
Rozpòmiónowanié Linuksa je tuwò w różnëch òbjimach baro różné ë tak je òn baro pòpùlarny westrzód serwerów, a jakno desktopë ju nié tak baro.
Malinczi roscënë: parpac, wrzos, mech, jagòda, bòrówka, zwóna, pòtrôwnica, grzëbë.
Òkòma tégò je òdżin pòznakã wëstãpùjących w kaszëbsczich wierzeniach błãdnëch òdżinków, czë zmienionëch w płomëk dzéwczãtów, chtërne tajemno spòtikałë sã z mùlkã.
Tãpòlëstnô szczawa (Rumex obtusifolius L.) - to je ôrt roscënë z rodzëznë dërdestowatëch (Polygonaceae).
Òno biwô zwóné stolëca bëtowsczich Kaszëbów Czesław Piskorski, Pomorze Zachodnie, mały przewodnik, Warszawa: Wyd.
Młodi òpuszczają gniôzdo, czé minie 9-10 dni.
W pòłowie 1818 Kôrczôk wrócył do Warszawë, do Dôdomù dlô Serot.
W swiece dzece są colemało dwamòwné.
Pò weńdzenim Pòlsczi do Éùropejsczi Ùnii wiele bôtów szło na złóm.
Do chòroscë doprowôdzy bakteria Mycobacterium leprae i Mycobacterium lepromatosis.
Wiôldżé plachcie westrzédnëch Kùjaw zajimają czôrné zemie, chtërné słëchają do nôbarżi òbrodnëch zemiów w Pòlsczi.
Gardë Quito je stolëcą państwa.
Ùlepszalë przë tim technologijã ë ùsadzalë nowe receptë.
Je to 1447 rok naszi erë (pò narodzenim Christusa), 447. rok drëdżégò tësąclecô, 47. rok XV stolatégò, 7. rok 5-égò dzesãcolecô XV stolatégò.
Z miészich òstrowów nót je wëmienic téż Okinawã.
Jegò kòlce wëewòluòwałë z włosów.
Sydón (téż Sidon, Zidon abò Sajda; arab.
Francëszk -ùrodzył sã w Italji w Asëżu w 1182 rokù.
Szpalér – to są drzéwiãta abò krze gãsto zasadzoné w rédze, òne mògą bëc strzëgłi abò tak sobie rosc.
Klasicznô je nôbarżi popularnô zwóny Camino Frances, zaczinô są pò francesczi, nordowy starnie Pirenejów i chòtkò przechódzy na szpańsczi starnã.
Kamienicczé Jezoro (
Wëstãùje w miescach wilgòtnych, zacienionych, z żëzną glebą.
W wielnëch wëtopiszczach wëstãpiwają tzw.
Sztefan Bieszk (1895-1964), ùrodzony we Fribùrgù (Badenia).
Òd 1922 rokù ùcził sã w spòdleczny szkòle, a òd 1927 rokù w Gimnazjum miona Tadeùsza Czacczégò w Warszawie.
Retk je kòl 3 km szeroczi.
Długòtrwałą òdrazã do historii spòwòdowała stojąca w bibliotece òjca wielotomòwô historia papiestwa.
Òb czas PRL w Pòlsce bëłë wëdôné leno Dzéń Szakala, zbiërk No Comeback (pt. Czysta robota) i Psë wòjnë w wersji òkrojonéj.
Òn mòże bëc w zómkù.
W ten spòsób pòwstała Europejskô Wspólnota Wãgla i Stalë, jaczi nôstãpcą je dzysdniowô Wspólnota Europejskô.
Strzédno na 1 ha dobòrowónëch gruńtów sadzonków z òdkrëtima kòrzeniama je kòle 8000 (dokładno mdze rzekłé kòżdi rôz w planie dobòrowaniô).
Gwësny przëkłôd to Pilsner Urquell (Plzensky Prazdroj).
Òn pòwiôdô téż ò pòwòłanim do Kòscoła pòganów, bò lëczba chrzescéjanów pògańsczégò pòchòdzeniô chùtkò przewëższëła Żëdów.
Sztokfisz – to je produkt z sëszony rëbë z rodzëznë pòmùchlowatëch.
Bëła trzykrôtnie białkã, nie miała dzëcë.
Cało Cecylii òsta nalazłé nierëszałé w 822 rokù w katakùmbach sw.
Pierwòszno robioné bëłë leno z dãbòwégò drzewa.
Òd miona Marta mómë przezwëstkò Martula.
Jak donëchczôs zaczekawienié studiama je słabé.
Zastrzeżnié zamkniãtô sprôwa ni mòże òstac pòdjimniãtô pózni niże w cygù 6 ksãżëców òd zakùńczeniô próbë.
Òn dłudżi czas robił w Państwòwëch Gòspòdarztwach Rólnëch, a pisze pò kaszëbskù i je m. jin. autora wëdónégò zbiérkù pòwiôstków „Tobaka dlô Kaszëbów”.
Òficjalnym mionã òstało slédné rozwijowé miono Mozillë.
Ni mòże dozdrzec na Krajnie kaszëbsczégò baro farwnégò wësziwkù.
Òd 1882 rokù òn béł probòszczã.
W lata 70. XIX s. Kaszëbi ë Miemce założëlë rëbacką wies na Òstrowie Jones w Milwaukee.
Na pòrénk òd wëszańca są 4 môłé jezora: Czôrnik, Môłô Bòrëja, Płoczëca, Wiesczé Jezoro, a dali wikszé Wiôlgô Bòrëja.
Póznié óstało rozszérzóné jegò znaczenié przez zadostanié sã hipertekstu (
Òd 1821 rokù bëła tu chełmińskô diecezjô ze stolëcą w tim gardze.
Do kùńca roku je 62 dniów.
Të ptôchë mają wiele mòcë w skrzidłach i mògą dosc chùtkò pòderwac sã w lëft.
Ò tich sprawach spòrò napisôł pò pòlskù ks.
Je to 869 rok naszi erë (pò narodzenim Christusa), 869. rok pierszégò tësąclecégò, 69. rok IX stalatégò, 9. rok 7-égò dzesãcolecô IX stalatégò.
Leżi w pôłniowò-pòrénkòwi Eùropie, na Bałkańsczim Półòstrowie.
Slëmiéń rëchô sã dosc pòmału, òn nie je chùtczi.
Jinaczi wëzdrzi pòdwòrzé w miastach.
W nôtërze mògã żëc nawetka do 15 lat.
Terô tu je mùzeum.
Anne Pellowski ùrôbia przede wszëtczim pòwiôstczi prozatorsczé.
Òbjimają òne taczé kaszëbsczé dokôzë, jak: 1. Przesłovjo kaszebskje (kòl 500); 2. Pjesn ledovo: Zołnerz (22 strofë) i tesknô spiéwa ò rajenim pt.
Ni mògącë rechòwac na pòmòc familie, zaczął sã ùczëc w seminarium dlô szkólnëch, jaczé dôwało sztudéróm sztipendia, ale w przińdnoce zmùsziwałë do robòtë jakno szkólnëch.
Nen problem mô wiôldżé znaczenié, òsoblëwie w cządze òglowòspòlëznowégò niebezpiekù lëdzy w emeritalnym wiekù, co są swiądny zagrôżbë chërą Alzheimera.
Domôcô kòza (Capra hircus, syn.
Mizëzdroje (we zdrojach: Mysdroje 1579, Misdroy 1579; pòl.
Długò mòże tu leżëc sniég.
Sztefan Wyszynsczi na swiat przëszedł 3 zélnika 1901 w Zuzeli nad Bùgiem jakò drëgie dzeckò Stanisława (òrganisty miejscowégò kòscoła) i Julianny Wyszyńsczich.
Dmùchawa (wentilator, mòtór) je to ùrządzenié jaczi je nanëkóny elektricznym mòtorã.
Òn béł pierszi ksyżã lëtersczi wiarë w tich stronach i dobrze sobie radzył w pòlityce.
Antropòloga Alan Eamesje dbë, że "piwò bëło ną mòcą, chtërna naczerowa plemiã Nomadów do żëcô we wsach.
Kreacjô pôrów przez elektriczné pòlé (pl) (en) je téż mòżlëwô bez ùdzélu czôrny dzurë.
Służebnô pòzwa – tikô sã pòzwów, chtërne òznôczałë czedës wark lëdzy np.
Za żëcégò miôł òn w sobie wiôlgą pòkòrã.
Główny gard pielsczégò krezu.
Do kùńca roku je 61 dniów.
Grëpa gitarów, jaczich zdrzódłã wzmòcnieniô zwãkù je pùdło rezonansowé bez pòtrzebë ùżiwaniô dodôtkòwich wzmacniaczów.
W dwajãzëkòwëch òbéńdach kòżdi ùrzãdnik mùszi rozmiec gadac ë pisac téż drëdżim jãzëkã.
Môlowi majątk w czasach 1. Pòlsczi Repùbliczi òstôł pòsztëkòwóny.
Tu je znónô Pùblicznô Bibloteka Gminë Wejrowò m.
Lëdztwò gardu: 47 423 mieszkańców (
Pòzwa ta ma dawné pòchòdzenié.
Zwada midze Kòrejama słëcha kąsk za zemną wòjną.
Ta wërosła baro wësokô i je grëbô tak, że trzej chłopi ni mògą òbłapic.
Pólny mléczôk (Sonchus arvensis L.) – to je ôrt roscënë z rodzëznë astrowatëch (Asteraceae).
Białka pò smiercy chłopa to je gdowa, a chłop pò smiercy białczi to je gdówc.
Jegò załóżcą béł C. Kwidzińsczi.
Przëjimô sã, że do Pelplina.
Òna wëpłiwô z mòcno zaczapónégò Tëchómsczégò Jezora.
Mòże nadôwac, transmitowac i czérowac pakietama.
W latach 1978-1990 béł radnym i je nim òd 2010 w gminie Żukòwò.
Òrganowô szafa je to drewnianô òbùdowanié jinstrumentu.
Wiôldżi slënik (Arion rufus) - to je smôrzcz z rodzëznë Arionidae.
Sydrownica – to je maszina do sydrowaniô (driżeniô) òkrãgłëch dzurów.
Òne miéwałë trzë rodżi i bòdarzów szach.
Kaszëbsczé zwiercadło", chtëren dobéł w kònkùrsu m.
Miono Mark – po łacëznie Marcus òznôczô „ nôleżi do Marsa”.
Rzim je wôżnym placã w kòmùnikacje fligrama (2 fligierplace: Fiumicino oraz Ciampino), mô też metro (2 stegne, trzecô je jesz w bùdacje).
Kùltura òbù krôjów téż naczina sã jinaczëc, równak stôrôkòrejańsczé zwëczi ë kùltura są òglowò znóné.
Dokôz skłôdô sã z 12 ksãgów pisónych wierztã trzënôstozgłoskòwim.
Jak mù to sã ùdało, to retôł òd smiercë sebie ë całé òkòlé.
W kùńcu 19. stalatégò lewińsczi majątk słëchôł do familie Détlów, miôł 669 mòrgów i szpecjalizowôł sã w chòwie bëdła.
Òne mògą wëwòłac sezonową gripã razã z nastãpstwama, ale téż mògą bëc przëczëną pandemii.
Stolôrz – rzemiãsnik, chtëren robi z drewna méble i zachë na codzénny ùżëtk.
Ne fragmeńtë òdkrëté bëłë w rokù 1968 bez 2 japòńsczich mòlekularnëch biologów Rejidżiégò Òkazaki (jap. 岡崎令治) i jegò białką Tsuneko Òkazaki (jap. 岡崎 恒子), z jich badérsczim karnã, ë òstałë mionowóné na jich chwałã.
Môlëchnô rilówka (Sorex minutus) – to je ôrt baro môłégò suska z rodzëznë rilówkòwatëch (Soricidae).
Przez jezora stolemi szlë naprost jak przez plëtã.
Mòrzebôb (Huperzia selago (L.) Bernh. ex Schrank & Mart., Syn.: Lycopodium selago L.) - to je ôrt roscënë z rodzëznë włochôczowatëch (Lycopodiaceae).
Po przëcygniãcô na Tasmaniã Eùropejczyków uznóny za szkòdnika i baro jintensywno tãpiony.
Wiatromierz – to je przërëchtënk do mierzeniô chùtkòsce gónu gazów i ceklënów, a nôbarżi wiatru.
Abrazëjô - je to jeden z erozjowich dzejników.
Je to 866 rok naszi erë (pò narodzenim Christusa), 866. rok pierszégò tësąclecégò, 66. rok IX stalatégò, 6. rok 7-égò dzesãcolecô IX stalatégò.
Wies z młinã słëcha do chmieleńsczi kasztelanie a pózni do starostwa w Mirochòwie.
Sëwô plëszka (Motacilla alba) – môłi ptôch z rodzëznë plëszkòwatëch.
Kémë - w swòjim òglowim wëzdrzatkù szlachują za łësënowim mòrenama.
Do kùńca roku je 116 dniów.
Pò ti dace bëło biôtkòwané w Pòmòrsczi ju blós w tacënkù jistniała m.in. partizana (òb.
Azëjô je - pò Eùropie - nôbarżi rozkawałkòwónim dzélã swiata.
W nôstarszëch òrganach piszczówczi wszëtczich tonów miałë jednã széżawã.
Są òpublikòwóné np.
Łobżenica, miem.
Je wiele jinëch ôrtów tegò pòdôwkù, czãsto le ò môlowim a cządowim sygù, włączając w to np.
Pòwiesc - zort lëteraturë piãkny, narracyjny dokôz, chteren òpisywô rozbǜdowóny cyg zdarzeniów.
Je òn juwerny do westrzédnych sloweńsczich dialektów, nié mô równak dëbeltné lëczbë.
Je to 1746 rok naszi erë (pò narodzenim Christusa), 746. rok drëdżégò tësąclecô, 46. rok XVIII stolatégò, 6. rok 5-égò dzesãcolecô XVIII stolatégò.
Lepny flaster - to je flaster, chtëren sã lepi do skórë, ale mô téż sztëczk bandażë na renã.
Do ich pòwstanié przyczyniła sã Maria ÒkÒńska, dając za przykład sw.
Béł szôłtësã Starzëna i prowôdzôrzã Pòlszczégò Związkù Zôchòdnégò.
Ida Czajinô w swòji pòezji wcyg próbùje òdpòwiedzec na drãdżé ùniwersalné problemë i narôzka codniowégò żëcô, na jawernotã miłotë z zdrzódłów niezgarë.
Òd 1961 rokù czerownikã karna béł jegò wëchòwank Frãcëszk Kwidzińsczi (w karnie òd 1952 r.), chtëren òd 1985 r. béł téż jinstruktorã tuńca.
Wies je nad jezorã Tëchlëńsczim ë na szlachù wòjewódzczi dardżi 25px.
Pchła mòże bëc np. na człowiekù.
ZK-P, a téż dzejôrzã kaszëbsczi, kùlturalny rësznotë.
Krótkò ti wsë je rezerwat rodë „Karwicczé zdrzódlëszcza”, chtëren òbjimô dzél lasów z naturalnyma zdrzódlëszczama rzéczi Ùnieszynczi.
Òn wiele żłobił.
Gepard (Acinonyx) - to je szlach rabùsznëch susków z rodzëznë kòtowatëch (Felidae).
Pò sztridach z Jayã Bentleyã ë swòjich jiwrach z narkòtikama òdchôdô z karna, pò wëdaniém Stranger Than Fiction, Brett Gurewitz - nôwôżniszi aùtora tekstów.
Jinsze òbéńdë (jakno wësoczé górë, pùstinie Strzédny Azëji, dalekô Norda) są z wiksza niezalëdzone.
Òbczas cządu Goreyo rozpòmiónowôła sã na całi òbéńdze jedwôbnô przerobina, a ceramiowi wërobinë z niebieskò-zelonégò celadonu òstałë sã kòrejańską òsoblëwòscą.
Pózni òna susa krew i òdlatuje czej napełni żôłądk krwią swòji òfiarë.
Jak òn skùńcził sztudirowanié prawa, filozofiji i historëji w Getindze, tëdë jezdzôł pò Eùropie.
Pò smiercë bëlë pòchòwóny na smãtôrzu w Starzënie.
W wiliowi wieczór znónô je téż tradicjô òdwiédzaniô chëczów przez przezeblôkańców nazéwónëch „
Ròwnak je westrzód nich nôwikszô na swiece Malajskô Òstrowina, chtërna je na 1,7 mln km² (z Bòrneò 735,9 tës.
Słowò "ùczba" mòże òznôczac téż òglową spòlëznã ùczałich ôs metodë, jaczima sã òni pòsługòwają przë dochôdanim do wiedzbë.
Teresa od Dzieciątka Jezus, Rękopisy autobiograficzne, C 25 r. cyt.
Gard pòłożony je nad jezorama: Karczemném i Klôsztórném.
Eùropejsczi Dzéń Jãzëków mô m.jin. zôchãcywac do ùczbë jãzëków i to nié leno tëch nôbarżi znónëch jak np.
To béł dzél mùnduru w wòjskù.
Zwiksza je òn użiwóny do robieniégò ùsłëżnotów dlô pasażérów.
Szczecinek (we zdrojach: Neuen Stetin, Nien Stettin, Kleinstetin 1575 (1579), Neustettin, Nowoszczecin 1707, Nowy Szczecin, Szczecinek XIX w., Szczecink (Cenôwa) ; miem.
Kamertón – to je przërëchtënk do ùzwãczaniô mùzycznëch jinstrumentów.
Òd 2005r. na czëpie je drewnianô widzënkòwô wieża.
Mikroklima kòl solewnicë je pòmòcny w léczneniu niejednëch chòrosców.
Kaszëbi jesz dzys jedzą wiele gòtowónëch bùlew, a czasã pùlków.
Mariô Saloma Skłodowskô-Curie (pòl: Maria Skłodowska-Curie, franc: Marie Curie abò Madame Curie, ùr.
W Pòlsce robiała wiôlgą zwënégã piąc wieków, stosowônó bëła wé wójennô wëprawë.
Òdezdrzëwają jich pisôrze młodszégò pòkòleniô, jak Jan Trepczik, Jan Rómpsczi i jini, zbiérający sã wkół cządnika "
Mô kòl 1400 mieszkeńców.
Nôdzéja na zmianë w sztélu grë dôło równak wespółaùtorstwò Bretta Gurewitza w tekscé Believe It na placé The New America.
W Żelkòwie w 2008 rokù mieszkało 280 lëdzy.
Òpiekùją sã nią òjcowie Frãcëszkanie.
Je warto pamiãtac, że jéże lubią rézowac.
Pùrcle bëłë na òstatk.
Òn béł òd 1925 rokù doktor.
Je to 2021 rok naszi erë (pò narodzenim Christusa), 21. rok trzecégò tësąclecô, 21. rok XXI stolatégò, 1. rok 3-égò dzesãcolecô XXI stolatégò.
Od 1945 r. je tu achtnione karno balôrzów "Zagłębie Lubin".
Do chòroscë doprowôdzy bakteria Streptococcus pyogenes abò Streptococcus agalactiae.
Òd 751 rokù brëkòwano w Kòreji drzewianëch bloków do zapisënków.
Béł sódmim dzeckã miemiecczégò kòmpòzytora Leopòlda Mozarta i Anë Marii z dodomu Pertl.
Jislandzczi wilcz (Cetraria islandica) - to je narwa.
Jinszé kaszëbsczé miono: sticzéń.
Mògą miec do sétmë mòdëch w rokù.
Ni mògło téż zafelowac pòstnégò bigòsu.
Jón Mòrdawsczi (Jan Mordawski) - doktor geògraficznëch nôùków.
W 1978 pòjawił sã, do grëpë z nôleżnikama karna Sex Pistols, w filmie Chto ùszmitnął Bambi?
Czasã mómë téż trzecy pòdrząd Anisozygoptera a mnidze nima wëmarłé wôżczi i dwa żëjacé w Azja gatënczi żëwëch skamiałosców z ôrtu Epiophlebia.
Òlo Walicczi przërôcził jã do wespółrobòtë nad platką „Òlo Walicczi Kaszëbë”, wëdóną w 2007 rokù.
Lëscëna – to je ùkłôd lëstów, a roscënë jinaczą sã midzë sobą jich ùłożenim.
Wedle pòwióstczi, to pǜrtk pòòrôł swòjima pazurama sztëk pòla ë zasadzył tobakã.
Je to 1815 rok naszi erë (pò narodzenim Christusa), 815. rok drëdżégò tësąclecô, 15. rok XIX stolatégò, 5. rok 2-égò dzesãcolecô XIX stolatégò.
W skłôd Czôrnogórë wchôdô 14 mòrsczich òstrowów.
Łokcowô przedżiblëna (articulatio cubiti) - to je ù człowieka przedżiblëna, chtërna łączi remiã z przedremieniã.
Marta na to rzekła: Jô baro wierzã w to, że të jes Sënã Bòga.
W zależnotë òd przejątich kriteriów lasë mòżna dzelëc na wiele spòsobów, np.
Òkreslenié to nie mùszi óznaczac miona.
Òbczas stëcznikòwégò pòwstaniégò béł pòd nadzorã prësczi pòlicje.
Zwëczajnô jedlëna (Abies alba Mill.) – wiedno zeloné drzéwiã z rodzëznë sosnowatëch (Pinaceae).
Walc na rolã – to je nôrzãdzé, chtërno brëkùją czasã gbùrze do zaprôwianiô rolë pò òraniu.
Òstał pòchòwóny w grobnicë dlô zasłużonëch w Kòscele Bòżi Òpatrznoscë.
Cesla - rzemiãsnik, chteren zajimó sã zwiksza robieniém kònstrukcji bùdowni.
Złoty dukat dostôł miono czerwiony złoty.
Òdcëskano tekstë grecczé (przede wszëtczim Septuagintã) i jinszé òpisując je mianem pism bùtnowéch (ha-chiconim).
Òn napisôł w dokazu „Historya panowania Jana Kazimierza”: Tom pierwszy, Tom 2, s. 30 (1840) ò żôłnérzach m.jin. z Kaszëb: (z Prus, Pomorza, Kaszub,).
Pichlónë i stołpk chòwie w se kwiatnik.
Tradycyjné nudle Daleczégò Wschòdu, fòrmòwané są rãczno, pòprzez rolowanié i rozcąganié wiele razy skłôdónégò pòdłùżnégò sztëczka casta.
W tim czasu przëpôdô szesc niedzél, z chtërnëch ostatni (6) je Palmòwô.
Katgut - to je flakòwô nitka, chtërnã brëkùją chirurdzë.
Je to 1753 rok naszi erë (pò narodzenim Christusa), 753. rok drëdżégò tësąclecô, 53. rok XVIII stolatégò, 3. rok 6-égò dzesãcolecô XVIII stolatégò.
Kruzowatô szczawa (Rumex crispus L.) - to je wielelatnô roscëna z rodzëznë dërdestowatëch (Polygonaceae).
Lewijôk (Antirrhinum majus L.) - to je roscëna z rodzëznë przëdróżnikòwatëch (Plantaginaceae).
Je to 1770 rok naszi erë (pò narodzenim Christusa), 770. rok drëdżégò tësąclecô, 70. rok XVIII stolatégò, 10. rok 7-égò dzesãcolecô XVIII stolatégò.
Jednakô prowadzéł chrzescijańsczi ùniwersytet robòtniczy i dzałalnosc spòłeczno-òswiatową w chrzescijańsczich związkach zawodowych.
Nen lëchi ùczink sprawił, że Pón Bóg wënëkôł człowieka z raju i pòstawił na pòrénk òd ògroda Eden cherubinów i ògnisti miecz sklący.
Wspòmnienié lëturgiczné òbchòdzoné je w Kòscole katolëcczim w dies natalis (25 zélnika).
Stanisława Ignacego Witkiewicza w Zakopanem.
Grzëbë są ùżëwóny do wëróbkù żëwnote.
Krabë (Brachyura) - to je grëpa mùszlôków z rzãdu Decapoda.
Pùcczi krézPùcczi kréz (
Jizraelicë przërzeklë Bògu bëc Jegò narodã, kòchac Gò ë przestrzegac przëkôzënków (Wj 19,40).
Czãsto téż miast malowac swiãtëch, pòdklejiwelë dostãpné jima drzewòritowé òbrôzczi pòstaców abò twarzów swiãtich.
W czasu akcje jedno karno broni, a drëdżé atakùje wszëtczé 4 brómczi.
Słowôrz je lëstą słów ë jich definicëji, abò jich równoznaczënów w jińszi mòwie (mòwach).
Wychòwëwôł sã w spòrtòwi rodzënie.
Artisticznô gimnastika je to spòrt, w chtërnym miónkôrczi abò karna piãc abò szesco òsobòwé robią cwiczënczi z jednym abò pôra przëbòrama: balą, blewiązką, òbrãczą, skôkanką, pôrą maczugów abò ùłożënk tuncowò-akrobaticzny (bez przëbòrów).
Jizydór Gùlgòwsczi (ùr.
Słowò janiół przeszło do pòlsczégò z jãzëka czesczégò za sprawą Cyrëla i Metodégò.
Hanka sę żeni : wesele kaszubskie : w pięciu aktach z muzyką i śpiewem - Wejherowo : skład główny, Dom Książ̨ki Polskiej w Warszawie - w stôrim pisënkù ùkôzało sã w 1937 rokù.
Je to 2015 rok naszi erë (pò narodzenim Christusa), 16. rok trzecégò tësąclecô, 14. rok XXI stolatégò, 5. rok 2-égò dzesãcolecô XXI stolatégò.
Je to 932 rok naszi erë (pò narodzenim Christusa), 932. rok pierszégò tësąclecégò, 32. rok X stolatégò, 2. rok 4-égò dzesãcolecô X stolatégò.
Prawòsławnô cerkwiô wspòminô mãczenicã Katarzënã 24 lëstopadnika/7 gòdnika, tj.
Ausführliches polnisch-deutsches Wörterbuch), do jaczich włącził régã pòmòrsczich regionalizmów.
Wedle òbecnoscë związków pùrynowëch mùszą jich rôwnak ùnikac chòrzy na pòdagrã a téż zapôlenié nérek.
Na zôczątkù bëło òno ùsôdzoné blós dlô platfòrmë Intel 80386, pózdni òstało równak przeniosłé na wiele jinszëch.
Malëna je rosceną ò wiôldżé òdpornoscë na zëmno.
Żebë òbszacowac przëdatnosc gruńtów pòd las, wôrt sã przëzdrzec, jak leżą pòdług jinszich gruńtów lasowëch, jak są wiôldżé i jaczi mają sztôłt, a téż jak mògą wpłënąc na ùżëtkòwanié gruńtów, co pò sąsedzkù słëchają do gbùrstwa.
Ji pòézjô bëła pòpularnô w Pòlsce, Miemieckô i jinnech państwach.
Wiãkszi dzél Czijewa leżi na wësoczim (do 196 m n.r.m.) prawim brzegù rzéczi Dniepr.
Gduńsczi kréz (
Antologia kaszubskiej poezji religijnej (1981).
Jan Paweł II miôł swój stolemny ùdzél w przërëchlenim ùpôdkù kòmùniznë.
Klepa - to bëła miechòwatô séc do łowieniô rëbów.
Cocinella septempunctata) – chrząszcz z rodzëznë gòdzynkòwatëch.
Pilsner to gòrzczé piwò ò jasnojantarowé farwë, szmaka òstrô a pòznôwnô.
Òne mù nie chcałë chòdzëc, le wiedno w lëdzką szłë szkòdã.
Niestwòrzoné pòwiôstczi z Kaszëbsczi ze Słowôrza Zëchtë, Gdynia – Pelplin 2004; G. J. Schramke, W świetle dnia.
Przedrëkòwóné òstałë téż jegò tekstë z „Jutrzënczi”.
Dãbnica Kaszëbskô (
Ùsłeżnotë ë sparłãczony z nimi przemësł stają sã wôżną czãscą òbéńdowi gòspòdarczi, nié bez wesprzënë wëższich szkòłów, z chtërnëch nôstarszi je Ùniwersitet w Grifji jim.
Analiza slawizmów w rumùńsczim jãzëkù sugeruje, że bëłë krótko skrewniene z plemionama bùlgarsczimi ë macedońsczimi.
Samnica skłôdô 3-4 zelonkawoszari abò krémòwoszari jaja, gąsto pòkrëti szarobrunëma plachckamë.
Jeju-do, chtërne naleze sã za pôłnowim ùbrzëgã, je wiôldżim wùlkanowim òstrowã, chtërnegò nôwëższa góra Halla (1950m), je téż nôwëższô w Pôłniowi Kòreji.
Òbszcządzeniowô ksążeczka – to béł dokùmeńt, w chtërnym bëłaa rejestrowónô i pòcwierdzëwónô zebrónô na bankòwim rechùnkù dëtczanô rezerwa.
Wilno òd tegò czasu je miastem wiele nôrodów.
W rokù 1627 òstôł dobëti pòstãpny rôz ë spôlony przez chińską armijã.
Òn mieszkôł m.jin. w Kòscérznie.
Wespółrobi z cządnikã „Pomerania”, piszącë felietónë a artiklë.
Je to 958 rok naszi erë (pò narodzenim Christusa), 958. rok pierszégò tësąclecégò, 58. rok X stolatégò, 8. rok 6-égò dzesãcolecô X stolatégò.
Je to 1440 rok naszi erë (pò narodzenim Christusa), 440. rok drëdżégò tësąclecô, 40. rok XV stolatégò, 10. rok 4-égò dzesãcolecô XV stolatégò.
Dzél ju spùscëlë.
Psy proliszk (Viola canina) - to je ôrt roscënë z rodzëznë proliszkòwatëch (Violaceae Batsch).
Pùma (Puma concolor L.) - to je susk z rodzëznë kòtowatëch.
Zeswiôdczenié, że kòl Kòłczëgłowów "wëją wilczi i Kaszëbi" je w wspòminkach Bismarcka.
Òn je òd 2001 rokù.
Pôłniowô Kòreja to kapitalistnô, liberalnô demokracëja jaka je na 10 môlu w ekònomòwich rankingach.
Je to 1839 rok naszi erë (pò narodzenim Christusa), 839. rok drëdżégò tësąclecô, 39. rok XIX stolatégò, 9. rok 4-égò dzesãcolecô XIX stolatégò.
W Pòlsce występuje le jeden zort.
Mëszlë sã, że to je nôdłëżi rzãdzącô dinastëjô w Pòréńkòwi Azëji.
Do kùńca roku je 13 dniów.
Czas germanizacji òstawiôł znamiona pò se na Pùcczi Zëmie.
Młodi òpùszają gniôzdo czé minie 35 dni, ni mògò tédé jisz lôtac i starkowie mùszo jich i tak fùtrowac.
Kùba (Cuba) - to je państwò na òstrowiu w Karaibsczim Mòrzu.
Gò mòże sôc na zôgónkach na strzëgłé kwiatë.
Do kùńca roku je 29 dniów.
To je strzimanié sã òd jedzeniégò miãsa i ògrańczenim jestkù.
Zôczął twòrzëć " Etyka Solidarnoscë",je téż ùznôny za ksãdza tégô ruchu.
Mùzeum zbiérô stôré rzecze sparłãczoné z Wòjnową Marinarką RP i tu mòże je òbzérac.
Pòpielatô jeżëna (Rubus caesius L.) - to je czierz z rodzëznë różowatëch (Rosaceae).
Lëdze sadzą je bò mają òne jôdny brzôd.
Surfòwanié – to je jazda na specjalnym délu, chtëren niese przódk mòrsczi dënëdżi.
W 1732 rokù òn béł dłëgszi czas w Lapònii.
Pònemù przecygnął sã do jinszégò klôsztoru, chtëren béł w Coimbrze.
Pòmòrskô brzegòwô liniô je naprocëm nierozwitô.
Szóstô niedzela Wiôldżégò Pòstu (Palmòwô) rozpòczinô Wiôldżi Tidzéń.
Gòrzczi żabińc (Polygonum hydropiper L.) - to je roscëna z rodzëznë dërdestowatëch.
Zamieszkùje niższi geògrafni szérze – terenë z pniama i dãbama kòrkòwima pòdobnimado sawannë, wrzosowiska z wësoczima krzama, zarostë òliwny, a téż òbrzeża òsedli wkół chtërnëch nalézc mòżna parczi.
Òna je roscënożgrzący i słëchô do dzegwnëch zwiérzãt.
Baro znóny je pòrzekadło "Gdze bòcón na gniôzdze sedzy, tam grzmòt nie ùderzi".
W winikù tegò na pòlsczim tronie zasadła nowô dinastia.
Òn mô ząb (dens).
Pierszim człowiekiem, ò chtërnëm mòżna pòwiedzec, że ręzowôł na pòkładze fligera, béł Clément Ader (1841–1925),chtërën wzniósł sã maszëną napãdzaną silnikiem parowëm.
Gmina Główczëce (
Dëch- òpiekùn familie, domù ë całégò gòspòdarstwa.
Cantharellus cibarius var. atlanticus Romagn.
Tu je dosc stôri pałac.
No pismiã je òbrôzã spòleczno-religijnégò żëcô gminë w grecczim òstrzódkù – Kòrince.
Założëlë je Daniel Bychowski / Wróbel) (
Òna je nôbarżi rozjinaczoną midzë gromadama lądowëch krzélôków – to dô kòl 10 tësacy ôrtów ptôchów, chtërne żëją na całim swiece.
Bagnowiczé abò mòtownik (Rhododendron tomentosum) - to je roscëna z rodzëznë wrzosowatëch (Ericaceae).
Bëło to téż lëdowé widzawiszcze z nordë Kaszëb.
Zelony dzëdzón (Picus viridis) - to je strzédny ptôch z rodzëznë dzëdzónowatëch.
Swiãtô Cecyliô je patronką chùrzistów, lëtniôrzów, mùzykańtów, òrganistów.
Òna pisa lëstë ze znónym filozofã Òrigenesã.
Jéże mògą bëc stôri òd òsmiu do dzesãcy lat.
Je to 1408 rok naszi erë (pò narodzenim Christusa), 408. rok drëdżégò tësąclecô, 8. rok XV stolatégò, 8. rok 1-égò dzesãcolecô XV stolatégò.
Trzecô misyjnô réza bawiła nôdłeżi (53-58) i objimala obéńdę mni wicy tak wiôlgą jak réza drëgô.
Pólnô mësz (Apodemus agrarius) - to je grëzôk z rodzëznë mëszowatëch.
Na westrzódkù gminë je wies Łãczëce, chtërna je stolëcą gminë.
Swòje żëcé spisôł we wspòmnieniach, a dzél z nich to: Wspomnienia kaszubskiego "gbura".
Tã rëbã trzeba nôprzód mòczëc w wòdze.
W 2008 rokù tu bëło 387 lëdzy.
Jinstrumentë pòdobné do gitarë pòjôwiają sã w starożëtnéch rzezbach i figùrkach ze Suzë w Jiranie.
Firn - to je lód - jegò przechódnô fòrma midzë sniegã a firnowim lodã.
Żóden człowiek nigdë na neùtronową gwiôzdã nie dolécy.
Tuj (Erysimum L.) – to je szlach roscënów z rodzëznë kapùstowatëch.
"Pòmòreńcowie" pùblikùją swòje artikle na stronach „Pòmeranie”.
W II swiatowi wòjnie (1945) òna nie bëła baro zniszczoné.
Jarzëbiôk (Sorbus aucuparia L.) – to je drzéwiã abò wiôldżi czierz z rodzëznë różowatëch.
Kaszëbskô mòwa mô na jich pòzwanié całé karno wësłôwów, np.
Òd 1 gromicznika 2020 rokù je to zrzëszenk 27 państwów.
Òna je znanką naji nôrodny apartnoscë i naji nrodny bùchë.
Ne slédne są dali dzeloné na trzëcy równi w gardczi, sąsedztwa, wse ë robòtnicze distriktë.
Òd 1986 rokù Sting rozpòczął karierã w pòjedinkã.
Jich platkã mòże pùszczac na wszelejaczich rozegracjach i przëjãcach.
Ni ma jedny traëse pilgrzimczi, a betnice mògą dotrzec célu jednym z wielu szlaków.
Swiecé (we zdrojach: Scwet 1265, Zweth 1321, Schwedt 1775; miem.
Zrzëszonô Silla rozpôdła sã w pózdnym IX s., a na ji môl nadszedł cząd Pózdniszi Zrzëszony Silli (892 - 936), jaczi zakùńczëł sã ùsôdzenim dynastëji Goryeo.
Dzãka mù òna przëjãła chrzest i jakno chrzescëjónka złożëła slub czëstoscë.
Prôwdzëwô òszoc (Elymus repens (L.) Gould) – to je ôrt roscënë z rodzëznë Poaceae.
Charzt (Carex L.) - to je szlach roscënów z rodzëznë charztowatëch.
Ji głowa, nodżi i krzebt są czôrné, z biôłą plamką z dwóch stronów.
Architekturã je nôt dzysô òpisiwac blós w sparłączeniem z kònkretną diskùsëją ò ji zamkłosc, pòdjimiznã ë znaczenié.
Môrcën ùcął sztëk swòjégò cepłégò płôszcza i dôł gò biédôkòwi.
Pierszą dinastёja panëjącą w Pòlsce bëlë Piastowie.
Mô założoné téż pierszi we Westrzédny Eùropie ùniwersytet, jaczi nosy dzysô jegò miono.
Krowiélc (Suillus variegatus) - to je grzib z rodzëznë krowiélcowatëch (Suillaceae).
Przednicë Stôrożëtnego Egiptu mielë miono faraon (jakò faraon Ramzes, faraon Cheops, faraonka Hatszepsut abò faraonka Kleopatra).
Benjamin Franklin (ùr. 17 stëcznika 1706 r. w Bostonie, ùm.
Dzysô w rozmienim barwë òrganów frybùrsczi òstalenia są fùńdamentã brzedny robòtë òrganméstera.
Òna je do robieniô wstrzików abò braniô ceków z òrganizmù (np. krew).
Ju kòl wieczora knôpi zwònielë i grochòtalë klekòtkama, wkół drzéwków w sadze i wòłalë: “Jãdrzné jabka, jãdrzné krëszczi, jãdrzné slëwë, jãdrzné żëtkò, na ten nowi rok”.
Pòdwòrzé - to je to plac przë bùdinku.
Na jãzëk fińsczi bëłë tołmaczoné kaszëbsczi wiérztë, jak téż bôjczi.
Bëło tak nimò ùległoscë niechtërnëch biskùpów, bãdącëch – przë znajomòscë pòlsczégò czë kaszëbsczégò jãzëka – z rodowiznë Miemcama.
Eùropejskô sarna (Capreolus capreolus) – to je ôrt lądowëch susków z rodzëznë jeléniowatëch (Cervidae).
Mariô ùsôdzyła téż słowo "radioaktiwnosc".
Òn żëje m. jin. w Panamie i mòże chòdzëc pò wòdze.
Frederick Forsyth (ur. 25 zélnika 1938 w Ashford) – britijsczi pisôrz pòmianowëch pòwiesców i thrillerów.
Tak do czasu mògą płiwac np.
Pòznóń (pòl. Poznań, miem.
W ikònografii przedstôwióny je nôczãscy z mieczem, bò òstół nim usmiercony przez zetnienié.
Równoznaczëzną słowa "co" je "što".
Brëkòwnicë, chtërny nie zdrzącë na to chcą dali brëkòwac Internet Explorera, mògą pòdniesc bezpiékã, instalëjącë wiedno na czas jegò aktualizacëje.
Prostonórt - to je sztëronórt, chteren mô wszëtczé benowé prosté nórtë.
Z brzadu robi sã miodny pòdôwk,kompotë,marmòladë i mrożony werobiznë.
Swarzewo – widok od strony Zatoki Puckiej.
Kimchi je zwëkòwé, kòrejańsczé zjestkù, w skłôd chtërnégò wchòdô zaprawionô abò kwaszonô ògrodowizna, w przédnëm dzélu kapùsta ë paprika chili.
Je to 1710 rok naszi erë (pò narodzenim Christusa), 710. rok drëdżégò tësąclecô, 10. rok XVIII stolatégò, 10. rok 1-égò dzesãcolecô XVIII stolatégò.
Pòlskô ja na 9 môlu w Eùropie żle to jidze ò wiéchrzëznã ë na 8 żle to jidze ò wielënã lëdztwa.
Ùniwersytet Karola w Pradze je wôżnym môlã dlô rozwiju nôùczi òd 1348 rokù.
Temù zdarzi sã, że òb czas szpacéru dozdrzita jegò pisklã.
Kôrta wëróżniwô téż kaszëbsczé gminë, temù że òbczas slédnégò spisënkù 233 tys.
W latach 20. XX stalatégò kompletã bëla kòszulka i krótczé bùksczi – dzysô body.
Trąd (Lepra) - je chòroscą zwiksza ù lëdzy.
Nad rozległim Strzepsczim Jezorã òd 2009 rokù je zelonô plaża i rekreacyjnô jinfrastrunturô.
Légôczka - to je zort mébla, chtëren przëdaje sã do òdpòczinkù na sedząckù.
Starogarda (téż: Starogard, Stargard; we zdrojach: Starogarda (Cenôwa); pòl.
Nie są òczarzowòny jednym môlã.
Pszczołë mògą latac òd wczasnégò zymkù tam, gdze są kwiatë z chtërnëch mògą wząc kwiatowi piszk i nektar (kwiatny sok).
Nie pòżãdôj białczi swòjégò blëznégò.
Krëjamnô Wòjskòwô Òrganizacëjô "Pòmòrsczi Grif"
Òna mòże bëc przeszło 1 m długô.
DNA je w kapsëdach.
Miôł sédemnôsce lat.
Galilejsczé Jezoro abò Genezarecczé Mòrze (
W hewòtnym rokù rozeszłosc juliańsczégò i gregòriańsczégò kalãdôrza wënôszała nôprzód 10 dni, a òd 11 strëmiannika – 11 dni.
Dãbòwé lëste są ùmôlnioné na dzysészich, pòlsczich, groszowëch mònetach.
Jeżëna fałdowanô (Rubus plicatus W. et N.) – gatënk roscënë wielolatny z rodëznë różowatëch (Rosaceae).
Wedle zwëkù na biôłim tôflôkù òstawiô sã talérzëk dlô przëbëcznika.
Kòpónka – to je drzewiany statk, na ògle dosc snôdczi.
Kùńcził Ùniwersytet w Króléwcu, w tim miesce mieszkôł do 1798.
Gapié gniôzdo abò warnié gniôzdo (Viscum album L.) – to je roscëna z rodzëznë jemiãtowatëch.
Mielë syna Christiana Devi (ur. 11 maja 1958; w 1990 òstał skazóny za zabójstwò drëcha swòji sostry, ùm.
Zagrają blós piszczówczi tëch głosów, chtërnëch zasówë òstaną òtemkniãté przë pòmòcë registrowi trakturë.
A kò je òn drapieżny.
Lasfór (Salmo trutta) - to je rëba, chtërna nierzchnie sã w rzékach, a tak żëje colemało w słony wòdze.
Je to 931 rok naszi erë (pò narodzenim Christusa), 931. rok pierszégò tësąclecégò, 31. rok X stolatégò, 1. rok 4-égò dzesãcolecô X stolatégò.
Jinszé miona Pòlsczi (Lechia, z persczégò Lahestn, z lëtewsczégò Lenkija) ë Pòlôchów (rusczi Lach, madżarsczi Lengyel) są òd plemieniô Lãdzanów (pòl. Lędzianie), chtërny, jak sã ùznôwô, zamieszkiwelë w dzysdniowim pôłniowò-pòrénkòwim dzélu Pòlsczi.
Brëkùją jã czasã np.
Mòrzebób abò lësy ògón (Lycopodium clavatum L.) - to je wielelatnô roscëna z rodzëznë włochôczowatëch.
Kòl niegò czedës bëłë néżczi stôrégò smãtôrza.
Pòzwa wsë brzëmi tak samò pò pòlskù.
Dôlëzna strądu Azëji razã je 70,6 tës. km ë je miészô blós òd nej w Nordowi Americe.
W rujanie tegò rokù, czej wëbùchła wòjna tëreckò-ruskô, Mickewicz wëjachôł do Kònstantynopòla, chcącë sfòrmòwac legión, chterën bë biôtkòwôł sã z Rusczima.
Szwedzkô kòniczëna (Trifolium hybridum) - to je roscëna z rodzëznë bòbòwatëch.
Te norczi w klôtkach zwëskôł lëterackò np.
Neùtronowô gwiôzda – pòwstaje w wënikù wëbùchù gwiôzdë tzw. supernowi w póznym stadium ewòlucji gwiôzdów.
Bëła córką bògatégò pògóna Dioskùra z Heliopòlis.
Tu powstôł lëst do Korintczików, zwóny przedkanonicznym, tu téż wierę béł napisóny Lëst do Galatczików, choc możlëwé, że no pismię bëło ułożoné ju po wëjachaniu z Efezu, w jaczims z miast Macedoniji.
Kùńc 1960 ë pòczątk 1961 rokù to czas òsoblëwi biôtczi z kaszëbsczima dzejarzama z grëpë zrzeszińców.
Diwan zdżinął òd Krzëżôka w 1273 rokù.
Dzysdniowé roscëznowé ruchno pòkôzywô mòcny zrzeszënk z gòspòdarzczim dzejanim człowieka.
W òbéńdze szôłtëstwa pòłożoné sã mniészé kòlonie: Piékło, Smólniczi, Kòwôlczi ë Nowé Jadamòwé.
Gôdka Krôj ë mòrze wiedno są w spòrze przekôzywô wiédzã racjonalną, czej wiédzã irracjonalną wësłôwiô jinô gôdka: "Swiãti Jack wstrzimôł mòrze, że sã dali pòsëwac ni mòże", wërôstającą z pòmòrzczich legeńd ò sw.
Ta kania gniôzdëje zwiksza np. na Mazurach i prawie na Pòmòrzim.
Do kùńca roku je 127 dniów.
Przëprawòwi mùskatówc (Myristica fragrans) – to je ôrt roscënë z rodzëznë Myristicaceae.
Starożytni mëslëlë, że nad spikiem trulôcza pilują wachtôrze i dlôte òn mô jedną pòdkuloną nogã schòwaną w piórach.
Słôwã dobéł przede wszëtczim dzãka czôrno-biôłim òdjimkóm nôrodnëch parków, robionëch na òbsztelënk amerikańsczégò rządu.
Stolemnô chòszczka (Equisetum telmateia Ehrh.) – to je roscëna z rodzëznë chòszczkòwatëch (Equisetaceae).
Òkróm 400 zortów kòralowców, na rafie żëje 200 zortów mitkôczów i wiãcy niżle 2000 zortów rëbów.
Òd trzecégò rokù sztudiów, na jeséń 1817 r., òstôł nôleżnikã krëjemnégò Towarzëstwa Filomatów – lubòtników wiédzë.
Ùkłôd kòsmicznëch cał w czas zacmieniô Ksãżëca.
Krësztof Kamil Baczińsczi béł sënã Stanisława Baczińsczégò, pisôrza i kritika lëteracczégò i Stéfanii, z dodomù Zeleńczik, szkólni z żëdowsczi rodzënë.
Je nôstarszim z szterëch dzecy małżeństwa Audrey Cowell i Ernesta Sumnera.
Kawa dzejô pòbudzającô i pòkrzésô, przërëchlewô przemianô materii i zwiékszó mëslenié.
Żałobny mùsznik (Ficedula hypoleuca) - to je môłi wanożny ptôch z rodzëznë mùsznikòwatëch (Muscicapidae).
Szop piérôcz (Procyon lotor) – to je strzédny wialgòscë susk z rodzëznë szopòwatëch (Procyonidae).
D. Shulist nalôzł w ti diaspòrze Kaszëbów, chtërny so ùdbelë zachòwac i rozwijac swòjã kùlturã.
Parszczëca w górnym kamie je do sëpaniô zôrna.
W 2008 rokù tu bëło 216 lëdzy.
Aleksandra w Warszawie.
Môl ùrodzeniô pòétë nie je pewny – mòże to bëc lëtewsczi Nowògródk abò òddaloné òd niegò ò 40 kilométrów Zaose.
W tich stronach bëlë pszczélkòwie.
Je to 925 rok naszi erë (pò narodzenim Christusa), 925. rok pierszégò tësąclecégò, 25. rok X stolatégò, 5. rok 3-égò dzesãcolecô X stolatégò.
Je to 1765 rok naszi erë (pò narodzenim Christusa), 765. rok drëdżégò tësąclecô, 65. rok XVIII stolatégò, 5. rok 7-égò dzesãcolecô XVIII stolatégò.
Drzewa lëstowaté gùbią lëstë na zëmã.
Wilno je òsoblëwie centrum pòlsczi kùlturë i nôùczi na Lëtwie.
Wartësłôw III (ùr. kòl 1210 rokù - ùm.
W religijach tëch cywilizacëji bëło wiele dëchów i jistot, chtërne bëłë pòstrzédnikama midze bògama a lëdzama.
Przed wòjną robiła jakò ùrzãdniczka Sądu Pòwiatowégò w Sãpólnie, pòtém jakò sekrétôrka w pòwiece tczewsczim, a pózni jakò ksãgòwô w redakcji "Gòńca Pòmòrsczégò".
W kaszëbsczim jãzëkù òpùblikòwôł: "Magda" (2004) ë "Rozalka" (2004).
Pierszi szablã wëkónalë warkówó wëuczony mestré od broni w Azje, òeni bële zrãczny w wëkówony ze żelazła.
Renifer (Rangifer tarandus) – to je lądowi susk z rodzëznë jeléniowatëch (Cervidae).
Welacëje są òglowe ë krëjamne.
Piotr Chołołowicz (ùr. 1971 w Hajnówce) - muzyk, akòrdionista.
Na spòdlim wnioskù zajinteresowónëch lëdzy trzeba zezwòlëc na pòsługiwanié sã abò przëjãcé nôzwësków w brzmienim w regionalnym abò miészëznowim jãzëkù.
Tej roscënë są jesz w zëmòwim spikù.
Strzél do brómczi z karnégò wôrt je 3 pùńktë; bez òbrącz wôrt je 6 pùńktów.
W 2010 rokù nen, znóny z strzidniowiecza, szlach znôwu bëł włączony do europejsczé sećë dróg sw.
W Americe pùrcle sã zwónë doughnuts (donut).
Teòretik i praktik wëchówaniô, twórca òriginalnégò systemù prôcë z dzecama, òpiartégò na partnerstwie, smòrządnych procedurach i jinstitucjach a téż pòbùdzaniô samòwëchôwaniégò.
Pòlsczi państwówi Kombinat Górownô-Hëtowë Kòpru, dzys z mionã KGHM Pòlsczi Kòper S. A., ma w Lubinie sedzbã direkcëji.
Na zymkù mô złocisto-żôłté kòlorë, a zëmą i jesenią bruno-żôłté.
W NDR w Dreznie nawiązôł kòntakt z sowiecczim pùłkòwnikã i odebrôł òd niegò przeséłkã pòd przegrodą we wichódkù, nigdë nie ùzdrzącë jegò gãbë.
Aùstralëjô bëłô przódë dzélã superkòntinentu Gondwanë.
Jakno warijant lëtrë „
Òstatny dzéń Stôrégò Rokù nosy miono "Sylwester".
Bëła nôleżnikã gduńsczégò Karna Sztudérów „Pomorania” ë Kaszëbskò-Pòmòrsczégò Zrzeszeniô.
Dopiérze òd kùńca sétmëdzesątëch lat XX stalatégò zaczãto bùdowac w Pòlsce jinstrumente ò trakturze mechaniczny (firmë: Kamińsczi, Truszczyńsczi, Mòllin i òstatno Zëch).
Na gitarze graje sã pôlcama (òpùszkama i paznokcama abò samima òpùszkama) abò téż piórkã (jinaczi: 'kòstką').
Òn w swòjim czasu dosc głosno rechòce.
Jakùb Langòwsczi òpòwiedzôł Gùlgòwsczémù, że jaczes 35 lat przódë (to je w 70. latach 19 stolatégò) pòznôł tã frantówkã nã zabawie w òkòlim Wislanëch Żuławów Jerzy Łukaszewski, Przyszły z Niemiec i Szwajcarii, „Pomerania” 2012, nr 3, s. 39-41.
Cynkòwò bielëna - (ZnO) to je chemiczny związk cynkù.
Jak chtos ùmiérô zapôliwają mù gromicą, żebë mù swiécëła òb drogã na drëdżi swiat.
Czilë lëdzy na całim swiece mòdli sã do sw.
Przebëwalë òni w ògrodze w Edenie, ale nie bëło jima wòlno jesc z brzadu drzewa pòznaniô dobrotë i zła.
Òn w latach 2010 - 2014 béł wójtã gminë Madawaska Valley.
Paweł Szefka (ùr.
W pierszi dzéń Nowégò Rokù Kaszëbi téż jidą do Domù Bòżégò,żebë prosëc Pana ò bòkadosc òbrodë i błogosławéństwò w rodzënie.
Meg Ryan (prôwdzëwé miono Margaret Mary Emily Anne Hyra), (ùr.
Słownik gwar kaszubskich na tle kultury ludowej, Ossolineum, Wrocław - Warszawa - Kraków 1968, tom II, s. 325.
Òne mògą wzyc dzeckò z kòlibczi i dac swòje.
Òd 2010 na Szląsczi Wikipedjô mòżna pisac ślabikorzem.
To dô téż jinternetowé aptéczi.
Założenié agroturisticznégò gòspòdarstwa je dosc prostą sprawą i to mòże dwigac wzątk môlowëch lëdzy.
Mòże dochadac nawetka do pół metra, a samnica trôfiają sã jesz wikszé.
Babilończicë rozmielë warzëc 20 zortów piwa.
Nôslédné ksążczi tacze jak : Kùńc Swiata ë Hard-boiled Wonderland (
Pòd kóńc XVI wiekù kaplëcã znikwiono.
Starszi òtôczalë gò trosklëwą òpieką, bò dosc chùtkò ùmarlë jegò bracynowie, a sostë ni mògłë bëc nôstãpcziniama tronu.
Bracia Wright nie bëli równak pierwszymi, chtërny zasłużyli sã na pòlu bùdowë fligerów.
Przë ni biwô ù dzecy baro spùchłô szëja i gòrączka.
Gòrzczé Żale òdprôwiô sã wiedno w niedzelã.
Do kùńca roku je 49 dniów.
Szlach mùskù (apoplexia cerebri) – to je zbiér klinicznëch òbjôwów, sparłãczonëch z niespòdzajnym wëstãpiénim wërwarkù w dzejnoce mùskù òd wërwarkù mùskòwégò òpłiwù krëwi, chtërne warają wicy jak 24 gòdzënë.
Wedle biskùpa Papiasza (ùm. 130 rokù) òn òpisôł to, co Piotr gôdôł.
Pòstem je téż dobrowólnô ùdba wiérnégò - òdmôwianié sobie jestkù.
Wëstãpiwo tëż w Ameryce Nordowi.
Stalé sã téż pierszim anielsczim karnã, chtërno,wespòłzgrôwało w Czelichu Europë i doszlë do przedslédné rozegre.
A znowa zacmieniô Ksãżëca je widzec wszãdze tam, gdzë Ksãżëc najdze sã nad hòrizontã.
Klatë jakno ë òbleczenk nie bëłë ju tak farwne ë wôżné, a wiele karnów stało sã politiczno angażowónëch.
Włosatô żôłtnica (Galinsoga ciliata) - to je jednorocznô roscëna z rodzëznë astrowatëch.
Òna je òd dôwna robiony z łëka.
Rzéczny rëbôk (Sterna hirundo) - to je strzédny wanożny ptôch z rodzëznë rëbôków (Sternidae).
Òstatnym dniãm jegô żëcé bëł 16 lëstopadnik 1939 rokù.
Te jagòdë mòże jesc.
Żlë zôpadnô grańca miemiecczi czãscë céchëje sã samò, terôbëtnô pòlskô òbéńda zajimô bëlno wikszé òbrëmié, chtërno pòdle Miemców do Pòmòrsczi nie słëchô.
Do kùńca roku je 133 dniów.
Ùsôdzenié ë rozwij królestwa Silla miało swój môl nôpózdze z wszëtczéch nëch królestw.
Jakò jãzëkòwô zrzesznica wëapartnilë sã kòl pòłòwy I tësąclata n.e. z bôłto-słowiańsczégò jãzëkòwëgò karna.
Czijanczi so bruné, mają cało wëdłużoné, ògòn je smùkłi.
Gwiôzda je stabilnô, czej te dwie sëłë sã równowôżą.
Bédowôno jinszi pòzwe taczi jak Manchester Central i Manchester Celtic.
W pierszi pòłowie XX-gò stolatégò dlô wikszoscë ùczałich termin "Wszechswiat" (
Terô ten smãtôrz to je stôrodôwnota.
Tu żëją taczi ptôchë jak np.
Druga czãsc nazwy belladonna to pò łacënie „piãknô pani”, bò Rzymianki użëwałë wëciągów z ti roscënë jakò kòsmetikù rozszerzającégò òczë i nadającégò im blask Jej pòtrusowé jagòdë służëłë do trucia wilków, stądka pòlskô pòzwa wilczô jagòda.
"Żëcé i przigodë Remusa" je klasykòwym przëmiôrã prozë gwôsno lëteracczi, a "Nowotné spiéwë" Bùdzësza – pòezji.
Miôł swój styl, dobiérół jasné farwë ë rozmajiti bryłë.
Przez wiele lat nie bëło wiedzec, co bëło przëczëną smiercë kòmpòzytora, romanticznô tradicjô zas stwòrziła wkół tegò faktu wiele fantastycznëch legeńd.
W XII wiekù ùżiwóno techniczi w Chinach do òzdobianiô lampionów, òknów, skrzinków i jinszëch przedmiotów.
Zwëczajny scyżnik (Geum urbanum L.) - to je ôrt roscënë z rodzëznë różowatëch.
Nópierwi, zanim ùgòtujemy kwiatnik je dobrze włożëc gò na chwilã do mòcno òsolony wòdë, żebë wëpadłë z niegò wszetczi drobni robôczczi.
Nórtomiérz - to je jinstrument do mierzeniô nórtów.
Òn je bezpôchòwi, a gazë dosc przepùszczô, ale ropã mni òd nich.
Sztandardowi wersëje serbsczégò ë bòsnianégò brëkùją òbù alfabetów, a chòrwacczi blós łacëńsczi.
Òni gôdale jesz w XVIII w. pòlabsczim jãzëkiem.
Ju w liceùm pisôł mùzykã do piãc téatrów pòézji.
Òn béł sztudérą teòlogie.
Czerwionô kòniczëna (Trifolium pratense L.) - to je roscëna z rodzëznë bòbòwatëch.
Na zymkù pòjôwiô sã czãsto ju w strëmiannikù.
Hiacyntë mają rozmajité farbë.
W wësadôwani jaj biorą ùdzél starszi.
Bez zastrzeżné zamkniãcé sprawë sąd òbrzesziwô procëm ùdanémù nót całownégò abò partownégò zrëchtowaniégò szkòdë.
Kadzmiérz Wiôldżi ni miôł legalnégò sëna.
ORP Kaszub (1921) - to béł pòlsczi torpedówc w latach 1921-1925.
Ta ùrodzëła jémù jesz dzesãc dzecy, w tim Benjamina.
Òna mô colemało bruną skórã.
Wietewczi bòrówków są brëkwóné do òzdobë.
Jaskùlc (Apus apus) - to je wanożny ptôch z rodzëznë jaskùlcòwatëch (Apodidae).
Westrzód eksponatów są m.jin. bògato strojoné italsczi gùzowé akordeon, niemiecczé bandoneónë, pòlskô deptałowô harmóniô czë téż bajanë, znóné z Rusëji.
Rok pózni Schuman ùcekł z aresztu i przëłącził sã do ruchù zatôrczënkù (procëmnotë).
Lëdztwò gardu: 3.212 mieszkańców (
Licz sã z tim, że jak dzeckò zacznie gadac całima zdaniama (jak òno mô 2-3 lata), a téż pózni mòże bëc jiwer.
Òn je brëkòwóny jakno wëbùchòwi materiał.
Òstatné lata robòtë òn béł rektór grëdządzczi pòwszechny szkòłë.
Wedle ekspertów CIA wòjskò kòmùnisticzné nordë w razu zwadë je w stónie w cządze czilu gòdzënów zniszczëc gard brëkùjąc raczétów zemia-zemia.
Są wersje dlô starszich (z eroticznym pòdtekstã) jak i dlô dzecy (na sztôłt rebùsów).
W 1941 rokù béł wespółzałóżcą Rapsodicznégò Téatru w Krakòwie.
W wòdze je 20 razy wiãcy bromù, 15 razy wiãcy magnézu i 10 razy wiãcy jodu niż wòda mòrskô.
Do kùńca roku je 110 dniów.
Nimò to Zrzeszenié dzejało dali.
W 1838 rokù òn béł załóżcą bractwa trzézwòscë (Knights of Father Mathew).
Òstało 305 dniów do kùńca rokù.
Na ji bùtnowi scanie je leliô - wierã céch dinastie Subisławiców (np. Swiãtopôłka II).
Do kùńca roku je 11 dniów.
Swiat bez CSBTV, Pomerania 2012, nr 3, s. 13-15.
Na kùńc IX stalatégò Czijew stôł sã stolëcą Czijewsczi Rusje, w 1169 rôwnak pòzbéł na pòliticzny wôżnoce.
Zadanim jich je rozkòscérzanié swòjich ùdbów w rozmajitëch placach, promòwanié samòrządzënë ë wspiéranié spòlëznowégò dzejaniégò.
Żëją wiedno w wiôldżich rodzëznach, Rój mòże liczëc òd 10 000 do 80 000 òwadów.
Widzec je, że biwało tak, że stôré pògańsczé wierzenia i òbrzãdë zléwałë sã z chrzescëjańsczima.
Zbiérk Labùdë "Kaszëbsczim jesma lëdã" przënôszô cziledzesąt tekstów-manifestów z mòttã: "Chto dzys nie chce mòwë òjców tczëc, mùszi witro słëgą cëzëch bëc".
W tim czasu bëło 7900 erupcjow.
Związôł sã z krãgama patrioticznëch kònspiratorów królewiecczëch.
Wikszosc apòkrifów stôrotestameńtalnëch dożdała do naszëch czasów dzãka wczesnochrzescëjańsczim pisôrzóm.
W 1579 Władysław Konopczyński, Dzieje Polski nowożytnej, t. I, 1936, s. 163. rokù król Sztefón Batori Akademiã, chtërną prowadzëlë jezuicë, a je ùzémkiem Wilensczégò Ùniwersytetu.
W końcu òn zamieszkôł w Krakowie.
Òna słëchô do dzegwnëch zwiérzãt.
Cziej Paweł przëjachôł nazôd z ti trzecy rézë misyjny i zawiózł do Jeruzalemu darë dlô ubodżich tego Koscoła (Dz 21,1-26), na zymku, kòle 58 r. tam, w Jeruzalemie, jego aresztowelë (21,27-36).
To je parafialnô wies.
Je to 1919 rok naszi erë (pò narodzenim Christusa), 919. rok drëdżégò tësąclecô, 19. rok XX stolatégò, 9. rok 2-égò dzesãcolecô XX stolatégò.
Czej Zeùs dorósł wëdôł tytanom wòjnã.
Wiérzk cała bruny z cemniészim sztrichaniém; skrzidła i ògón cemnobruny ò biôłëch rańtach; spódk cała żôłtawobiôłi.
Nie ùcékô téż (jak np.
Nôwikszy part kòdu napisóny je w jãzëkù C, z gwësnëma rozcygniącëma GCC ë dodôwkama w asemblerze.
Swégò czasu bëlë w ti Kòmisji m.jin. profesorowie: Kazmiérz Nitsch i Mikòłôj Rudnicczi.
Szlachectwo pòelszczi czësto są bitkowało na wójnã i dlô pòklaskù.
Jakno ksądz béł pòsłóny do Kòscérznë, dze béł piãc lat.
Zaczął sã ùczëc i zdôł maturã jakno eksterna.
Bajki puckie (1975) i jin.
We wsë w dzélu zaòstôł sã tradicjowi ôrt zabùdowë z przebùdowónym 19-stalatnym dwòrã, a téż bùdinkã dôwny karczmë.
Dzãka temu karno wëgrało liga w 1956 r., a srédnia wieku miònkôrza bëła le 22 lata.
Òn z dzecka Òjc, naj Bóg.
Òn przënôlégô do karna lëdzy wëprzédnionëch przez pòlsczégò prezydenta.
Dejade mùzycznô ùszłota Adamsa mia gwësny cësk na jegò rozmienié fòtografiji, np.
Cało je wedłużony,dzób mòcny z hakòwatim kònca.
Jegò pióra stają sã mòkré, w rozszlachòwanié do piórów inszëch ptôchów, jegò nie są òbtłuszczałé.
Universidade Federal da Bahia (Ùniwersytet Federal da Bahia) je wôżnym môlã dlô rozwiju nôùczi òd 1946 rokù.
W tim państwie je stowôra Kashubian Association of North America, chtërna zajimô sã kaszëbską kùlturą.
Wikszi dzél Czesczi Repùbliczi zajimùją wëszawno-górsczé môle Czesczégò Masywù.
Béł rzimsczi wòjôkã (ridownikã), pùstelnikã, a pòtemù biskùpã w Tours 371–397.
E., Przewodnik do rozpoznawania roślin i zwierząt na wycieczce, Warszawa 2000, s.36.
Czedës tam m.jin.
W ksãgach przëjãc do prawa miejsczégò w Krakòwie pòd rokiem 1393 ódnotowóno to miono z pisòwnią Marczin.
Są téż w sztãdze skùteczno rozwiązëwac złożoné problemë i zadania.
To jedna z nôstarszëch cywilizacëji, ji historëja je ju znónô òd kòl 3000 lat.
Ùsôdzoné kòle dzysdniowégò Seulu pôłniowòzôpadne królestwò Baekje w cządze swòjégò szczitowégò panowaniô w IV s., òbjimało òbéńdã nawetka do Pyeongyangù ë dali.
Szpòrt mòże bëc ùprôwiôny na amatorsczi abò na warkòwi ôrt.
Òd nôwëższich Szimbarzczich Grzëpów (329 m n.r.m.) teren pòstãpno òpôdô w stronã nordë, pôłnia i wschòdu.
Casa Mila - bùdink, chtërny pòwstôł w 1906 - 1910 rokù, wëzdrzi tak, jakbë béł zrobiony z jednégò skalnégò blokù - ( A. Gaudi).
Je 51 jamo, z czegò 24 to równoznaczënë lëter łacëznianegò alfabétu.
Fele sztature to zmianë prostégò swobòdnégò położenia cała, chterne junaczą sã òd tipòwich dlô òkreslonégò ôrtu,wiekù, bùdowë i rasë.
Stolëcznym gardã je Nuuk.
Dzysó to je w Gdinie.
Krëjamny Wòjskòwi Òrganizacëji "Pòmòrsczi Grif"
Wiodro to stón atmòsferë w tim sztërkù.
Je to 1460 rok naszi erë (pò narodzenim Christusa), 460. rok drëdżégò tësąclecô, 60. rok XV stolatégò, 10. rok 6-égò dzesãcolecô XV stolatégò.
Jezórnô lobelia (Lobelia dortmanna L.) - to je roscëna z rodzëznë zwónkowatëch (Campanulaceae Juss.).
Béł pòchowóny w Padwie.
Wieszczórka żëwòródka (Zootoca vivipara) – to je ôrt gadzënë z rodzëznë prôwdzëwëch wieszczórków (Lacertidae).
Òn żëje w Chinach i je chróniony, a je w niebezpiekù, mòże wëdżinąc.
Alfons Józef Parczewsczi (Alfons Parczewski, herbù Nałãcz) (ùr. 15 lëstopadnika 1849 rokù w Wòdzeradach, ùm.
Wszëtczi òbstrojënczi na tim drzëwkù bëłë czedës do jedzeniô: kùszczi, jabka, òrzechë i wiele jinszich.
Òna je dosc mało pòdajny na cësk zgnojeniów wòdë.
W 2003 òstôł nôleżnikã kadrë B pòlsczi reprezentacji, jakô rëchtowa sã do mésterstwa swiata juniorów w Strin.
Tedë cos lëchégò miast jawernotë mògą widzëc òczë.
W centrum ti dôczëzny znajdëje sã ùltragãstô neùtronowô gwiôzda, chërna krący sã 30 razy na sekùndã.
To je swiatowi òstrzódk dlô letników z baro bòkatnyma zaòstałoscama ze starożëtnoscë ë strzédnych wieków (kòscołë, bazyliczi, Kòloseùm, akweduktë, fòntanë ë wiele jinszich bùdinków).
Tam jegò grób je òbjimniãti wiôlgą tczą.
Jimpreza rozpòczina sã òd tłëstégò jedzeniô: miãsa, kapùstë ze skwarkama, abò blós skwarkama.
W dalszim cządze dosta sã pòd cësk Habsbùrgów ë weszła w skłôd Aùstro-Madżarsczi.
Wies je na szlachù wòjewódzczi dardżi 25px Tu je kòscół.
Je to 979 rok naszi erë (pò narodzenim Christusa), 979. rok pierszégò tësąclecégò, 79. rok X stolatégò, 9. rok 8-égò dzesãcolecô X stolatégò.
W Niemczech Andrzejczi òbchòdzóny są w ten sam dzén co w Polsce.
Recowati slënik (Arion fuscus) - to je ôrt slënika z rodzëznë Arionidae.
Zastrzeżné zamkniãcé sprawë - insztitucjô pòlégającô na zastrzeżnym zatrzimanim òbsztrofòwóniô za zlecziństwò.
Wiôldżi Czwiôrtk dlô Kaszëbów je nôlepszim czasã do sadzeniô roscënów i seniô.
Pierwòsznym, jesz wcyg jistniejącym, lëdztwã nëch òbszarów są m. jin.
Kwitnie òd czerwińca do lipińca.
Dzysdzéń nie je ju ùżiwónô w lëteracczi kaszëbiznë.
Zvjercadło kaszubskji" pisôł, że m. jin. szalwija bëła dóné do pòswiãceniô w Matkã Bòską Zelną.
Niebò je przez wiãkszosc czasu zacygniãté blónama.
Eumhun to òdczëtanié zwãkù (eum) ë znaczeniô (hun) hanji (chińsczégò znakù).
Kôżdi człowiek mô swòjégò janioła stróża.
Pòwstało tã wiele rozmajitëch wersjów, chãtno wëzwëskiwónëch w reklamie piwa, a téż wariacjów – jedną z nich pt.
Pisklãta wësadëją òbëje starszi na przemiôn przez òk.
Ùdbòdôwcą atlasu béł Zdzysłôw Stieber, aùtor wiele artiklów na kaszëbską témã.
Wiôldżi cësk na jegò sztél miele John Lee Hooker, Lightnin' Hopkins ë Muddy Waters.
Lécczi płonné so kańcësté, le ni bruzdowôné.
Pólny głowôcz (Knautia arvensis (L.) Coult.) - to je ôrt roscënë z rodzëznë szczecowatëch (Caprifoliaceae).
Rãkòpis słowôrza dostôł òd Mrągòwiusza rusczi badéra P.I. Prejs, jaczi w 1840 napisôł z niegò rapòrt (skrodzoną wersjã).
Przed pòsadzeniém pòle trzeba belno przerechtowac.
Pòdług spisënkù z 2011 rokù wicy jak 106 tës.
W 2008 rokù tu mieszkało 220 lëdzy.
Òna zajimô sã pòùczëną, pòlitiką rozwiju nôùczi, spòrtã dzecy i młodzëznë, a téż jinima jistnyma sprawama.
Òd 2004 rokù je òtemkłi dlô turistów.
Tu ùrodzył sã 29.03.1918 rokù kapitena pilota Gerat Kùnowsczi, chtëren ùm.
Òbczas kòrejańsczi wòjnë òb krótczi czas Seul béł zajëmniãti przez kòmùnisticznëch òkùpantów, a stolëca Pôłniowi Kòreji przeniosłô bëła do jińszëgò gardu.
Mòrës (Coloeus monedula syn.
Òn żëje w Americe.
Je to 950 rok naszi erë (pò narodzenim Christusa), 950. rok pierszégò tësąclecégò, 50. rok X stolatégò, 10. rok 5-égò dzesãcolecô X stolatégò.
Do terô rozegrano 4 sezonë - 3 pierszé dobëlë Nimble Jacks.
Sniégòwi kòzeł (Oreamnos americanus) - to je susk z rodzëznë wòłowatëch (Bovidae).
Òkcytańsczi czãstô biwô zwóny prowansalsczim jãzëkã, chò dialektë prowansalsczé są blos dzélã òkcytańsczégò, leno mają nômòcnészi lëteracczi zwëk.
Dodóm lesnégò mòże miec znaczënk dlô turisticzi.
Dekalog abò Dzesãc Bòsczich Przëkôzaniów - mòralne normë òd czasów Mòjżesza.
W pierszich latach dzejaniô Karno dostało Chëcz – stôri kaszëbsczi bùdinuszk w Łątczińsczi Hëce ë to jegò „terenowô” sedzba.
W pińcdzesątich latach XIX stalaca wiele Kaszëbów wëwanożiło do Kanadë, dze zamieszkalë m. jin.
Jich lékarzenié je mòżlëwi.
Bòżi Syn smieje sã.
Czedë ùzdrzôł to Kòlumb, chcôł ze sobą wzyc tobakã do Europë.
Z niezaòdzónëch jôj wërôstają trôte, to znaczi trónë, chtërne nié mają żągłów.
Gard zajëmô 2,56% wiéchrzëznë krézu.
Bùdink pòwstôł w latach 1829 - 1830.
Medalã Stolema.
W 1986 rokù òstôł wëdóny kòncertowi albùm „Bring on the Night”.
Z sonetu Bieszka wëchôdô, że mòrzé „Kaszëbów żeglowną niwą”.
Klimat przechódny midzë ùmiarkòwónym kòntinentalnym i ùmiarkòwónym mòrsczim, z łagódną zëmą i chłodnym latã.
Fòrmama rzécznolodofôłtowi erozji są apartno wielné na Kaszëbach pòlofôłtowé jezórné rënë ò rozwicym nôczãszczi norda – pôłnié, bò taczi z wiksza béł czerënk spłënieniô wòdów.
Òn wëdôł leno jeden zbiérk wiérztów, zatitlowóny Za lasem morze (wybór, oprac., posłowie Jana Drzeżdżona ; hafty Jadwigi Cyperskiej, 1975), chtëren wnetka w całoscë napisôł pò kaszëbskù.
Dopùszczô sã lë czerwiono-czôrné farwë rakiétczi.
Za skùteczny dzél zaklãcia-mòdlëtwë ùchòdzëłò wëmawianié miona wzëwanégò bóstwa.
Trulôcz je ptôchem, chërny lubi jesc pokarm zwierzãcy, jak i roslënny, przë czim roslënë dominują.
Kòzłowanié balë je dozwòloné w grze, ale, tak jak w kòszowi bali, bez kòzłowaniô je mòżnie zrobic blós dwa kroczi.
W ti szkòle dzece ùczą sã m. jin.
Zelonodzobòwi tukan (Ramphastos dicolorus) - to je ptôch z rodzëznë tukanów.
Sartawice to je wies w gminie Swiecé.
W òbsadzenim przënôleżnëch môlów òsoblëwie słëchô sã ùznac lëstã bédowónëch pierszich zortów do zaleseniô, taczich, co pasëją do tegò terenu.
Òn dzejôł òd 1936 do maja 1945.
W 1950 rokù ùrzãdowim zarządzenim bëła wprowadzonô pòzwa Siemierzycka Góra w môl miemiecczi pòzwë Schiemritz Berg Zarządzenie Prezesa Rady Ministrów z dnia 3 listopada 1950 r. (M.P. z 1950 r. Nr 134, poz.
Sarna (Capreolus) – to je szlach lądowëch susków z rodzëznë jeléniowatëch (Cervidae).
Z ti przëczënë mògą sã wëdawac jinteresëjącé dlô szibòwcowników.
Fana je znakã rozpòznawczim, symbolã państwa abò garda abò òrganizacëji czë jednostek np.
Mëdżi wëstãpùją òd Arktyczi pò tropikalną conã.
Gdze béł piôsk, to òni jachalë pòmału, a pò kòrzéniach i kamiéniach òni jachalë chiżi, żebë jich matka chòc w trëmie na wiorach kąsk sã pòhockała, bò w żëcu nigdë sã dosc nie wëhockała.
Pamiątkòwô tôfla i rodné dodóm ks. dr.
Je to 1420 rok naszi erë (pò narodzenim Christusa), 420. rok drëdżégò tësąclecô, 20. rok XV stolatégò, 10. rok 2-égò dzesãcolecô XV stolatégò.
Życie i twórczość ks.
Je òpiekunem prôw, przëbëszë proszącëch ò pòmòc, pòsłów i heroldów.
Baro czãsto słowò abò słowa w znaczënkù są słowama kòrejańsczi a nié chińsczi rodowiznë.
Zëmòwô chòszczka (Equisetum hyemale L.) – to je roscëna z rodzëznë chòszczkòwatëch (Equisetaceae).
Je to 1845 rok naszi erë (pò narodzenim Christusa), 845. rok drëdżégò tësąclecô, 45. rok XIX stolatégò, 5. rok 5-égò dzesãcolecô XIX stolatégò.
Dólné Łuzëce mają stolëcã w Chòcébùżu.
Krziżëwi pajk (Araneus diadematus) – to je ôrt pajka z rodzëznë Araneidae.
Òn i jegò Stowôra „Krëbane” òrganizowelë kaszëbsczé i midzënôrodné festiwale fòlkloru.
Wiôldżi bagniôrz abò kùlin (Numenius arquata) - to je ôrt wiôldżégò ptôcha z rodzëznë bekasowatëch (Scolopacidae).
Miono Polska je ùżiwóné do òpisënkù państwa ju òd XIV stolatô.
Znankùje je nowi i bògati w metaforę jãzëk, w chtërnym widzec je zmiészanié żëwi i codniowé mòwë z lëteracką.
Kòrejańsczé miono jãzëka wëprowadzô sã òd miona Kòreji brëkòwónej w gwësnëch òbéndach negò kraju.
Chłopsczé kwiatë mają pòdłużny sztôłt, są żôłté, je mòże nôlëzc kòl jigłów na westrzódkù wietewczi.
Brzëszny tifùs (Typhus abdominalis) - je chòroscą ù lëdzy.
Òdmôwiô sã ją bezpòstrzędno przed spikã (himn, rëchùnk sumieniégò, psalmòdiô, krótczi biblijny czëtanié, responsorium, Nunc dimittis - tj.
Ptôchë te nie pògardzą téż mëszama, temù gòspòdôrze ùwôżają je za pòżiteczny.
Òn mô strënã i chrzept noża.
Cemny bòrzón (Suillellus luridus) - to je ôrt grzëba z rodzëznë bòrzónowatëch.
Ale co to za cãżkô rzecz, czej ni ma kòhù, co bë nas naùczëł.
Dali Michel Bréal, francesczi filolog przejãti tą historeją nasënął Pierre'owi de Coubertinowi ùdbã bë dodac do programù pierszich nowòżetnich jigrzisk òlimpijsczich biég ò długòse (dłużawie) òdpòwiadający ti pòmiãdzy Maratonem a Atenami.
Òna mòże bëc na Kaszëbach.
To je administracjowi ë politiczny òstrzódk (sedzba prezydenta, minysterstwów ë ùrzãdów); stolëca ë przédny gard adminystracjowò-historicznégò Lacjum.
Kòl Kòbëlôsza są 3 rezerwatë: "Kòcenkò", "Lubògòszcz" ë "
Òd 1978 rokù ta stôrô kòwalniô je partã Mùzeùm Techniczi we Warszawie.
Stuhm) - krézewi gard w pòmòrsczim wòjewództwie nad dwoma jezorami.
W mòwie codniowi słowo "knôp" je czãsto ùziwòné dlô młodégò nieżeniałégò chłopa.
Je to 1451 rok naszi erë (pò narodzenim Christusa), 451. rok drëdżégò tësąclecô, 51. rok XV stolatégò, 1. rok 6-égò dzesãcolecô XV stolatégò.
Je to 1799 rok naszi erë (pò narodzenim Christusa), 799. rok drëdżégò tësąclecô, 99. rok XVIII stolatégò, 9. rok 10-égò dzesãcolecô XVIII stolatégò.
Béł sënã Môrcëna Vicencio de Bulhoes i Marii Teresë Taveirô.
Rozmajité ôrtë mają je rozmajice ùłożoné na chłądze.
Zajimajã sã fùdrowaniém królewionczi i pònarwów, bùdowaniém flastra, wërôbianiém miodë i pierzdżi, òchróną gniôzda, zbieraniem nektarë i kwiatowégò piszkù.
Òn mòże wôżëc 0,7–1,8 kg, a żëwi sã zwiksza roscënama.
Tima co bëlë jima dobri, np.
Archeologòwi Skansen Zómkòwiszcze w Sopòce je jinstitucją kùlturë.
Żôłtëszk (Ranunculus lanuginosus) - to je wielelatnô roscëna z rodzëznë jastrownikòwatëch (Ranunculaceae).
Biada temù, chto je złi póstrzód dobrich.
Òn je piekłi z dwóch strón na òléju w patelni.
Jak masa gwiôzdë nie przewiższô masë Słuńca 1,2 razë, to kùrczenié kòńczi sã, jak ji parmień skùrczi sã do czile tesąców kilometrów.
Wielopartijnô systema, nôwikszi cësk mają: Nôrodny Kòngres na rzecz Nowi Pòliticzi (zał.
Jómno Polsko-kaszubski słownik nazw miejscowych i fizjograficznych/Pòlskò-kaszëbsczi słowôrz miestnëch ë fizjografnëch mión.
Dopiérze jich górną wiôrsztã mùrowelë z cegłów, jaczé wëpôlëlë na môlu.
Nen alfabét je w ùżëcym w Internece, òsoblëwie na Szląsczi Wikipediji.
Do Pòlsczi òna trafia w roku 1590.
Kaszëbizna czãstô je wëmieniownô zwónô pòmòrsczim jãzëkã, chòc de facto je òna le karnã słëchających do niegò dialektów.
Warszawa : Wydawnictwo Naukowe PWN, 1993, s. 522.
Biardo (we zdrojach: provincia Barta 1159, Bard abò Barth 1256, Bart XIII w., Bardt XIII w., Barth; miem.
Dłudżi czas bez ògrańczeniów bëłë wëzwëskiwónë pòdzémné wòdë.
Lëczba nierównoscë je na tëli wiôlgô, że nie wszëtczé dialektë są midze sobą rozmióne.
Serbòwie są nôwikszim etnicznym karnã w Serbie (83% mieszkańców, bez ùwzglãdnieniô Kòsowò i Metohie).
To bëłë dwa kamienie, jeden nad drëdżim, z chtërnëch górnym mòże krãcëc, a dólny stoji.
Pòzwa wsë wëchôdô òd miona Kãtra abò Kãtrza.
Sztinka (Osmerus eperlanus) - to je rëba z rodzëznë sztinkòwatëch (Osmeridae).
Mô długòtã 25 mm i nié mô na nogach kòsziczków.
W kùńcu 16. stalatégò Lewino bëło ju czësto szlachecczé, a do majątkù słëchałë pùstczi Rosochë, dze bëła karczma, młin w Ząblewie, a téż fòlwark Léòbòra, dze fùnksnérowa hëta szkła.
Òd 1931 rokù ùcził sã w Państwòwim Gimnazjum im.
Cało tegò òwôda je czôrno-żôłté i prawie całé we włoskach.
Razã z Haydnã i Beethovenã zaliczóny je do trójczi tpzw.
Do kùńca roku je 125 dniów.
Mòtelnik (Paris L.) – to je szlach roscënów z rodzëznë Melanthiaceae.
Rëchtowôł òn m.jin. próbã zbrojnégò pòwstaniégò, do jaczégò równak nie doszło.
Warszawa: Państwowe Wydawnictwo Ekonomiczne, 1975, s. 376.
W kùńcu òbaji zdecydowelë sã pòdzelëc spôdkã.
Òd 2001 rokù, cziedë niechterné zasadë stołowégó tenysa dość istotnie sã zmieniłë, set rozgriwóny je do momeńtu, w chternym jaczis z miónkôrzów dobãdze 11 punktów (wczesné 21).
Aùtor Ewanieli Łukôsza je twż aùtorã jiny KnédżiNowégò Testamentu – Dzejów Apòstlosczich.
Pò tim czasu dżiną.
To lëtersczi Pòmòrzónie z miemiecczim nasziństwã, chtërni pò zakùńczenim II. swiatowi wòjnë òstelë wënëkóny z Pòmòrsczi.
Konqueror òbsługiwô téż plug-insë z Netscape'a ë Javã.
W latach 1976–1984 béł chłopã aktórki Frances Tomelty.
Za sesjã òdjimkòwã ù Toma Kelleya dostôwała zaledwie 50 dolarów, a pò latach gôdała, że zdecydowała sã na tã sesjã bò bëła zdesperowóna, chòc ùważała, że „porządne dziewczyny nie pozują nago”.
Je to 1759 rok naszi erë (pò narodzenim Christusa), 759. rok drëdżégò tësąclecô, 59. rok XVIII stolatégò, 9. rok 6-égò dzesãcolecô XVIII stolatégò.
Piołën abò psô ruta (Artemisia absinthium L.) - to je roscëna z rodzëznë astrowatëch (Asteraceae Dum.).
Szkice z kritczi biblëjné, Warszawa 1981.
Béł to Wilem Langòwsczi, brat szôłtësa Gòłunia, Jakùba.
W 1997 rokù òdegrała pierszôplanową rolã w filmie Selena i òtrzimała za nią nominacjã do Złotégò Globù''.
Kóńsczé òczë (Torus carpeus) – to są jakbë bardówczi bez sërzchlë na nogach np.
Miles Davis, jazzowi kompozitora ë saxofonista (ùm.
Co cekawé, mòżna gò pòtkac w miesce gdze żëje w drewùtniach.
Szczép ten je krziżówką czile òdmianów wirusa gripë H1N1, w tim lëdzczi gripë, dwùch zortów swińsczi gripë i ptôszi gripë, jaczé sã tłëkłë òd czile lat w przirodze.
Pòdlé mòżlëwòtów mòże téż bëc zasądzony òbrzeszk wënadgrodzeniô za skrziwdzenié, abò miast òbrzeszków rozsądzëwô sã przëszëkòwanié przëdôwkù.
W młodich latach rósł na gbùrstwie.
Òb wieczorë, czedë dnie są dłudżi, a noce krótczé mòżne ją czasem òbaczëc jak ona niskò zemi lôtô.
Sprãżëna – to je sprëżny element brëkòwóny przë bùdownie maszinów, zwiksza jakno łączba w sprëżnëch łączeniach.
Padalce sã ùznôwóné za nodłëżi żëjãcé wieszczórczi.
Samice skłôdają òd czile do czile tësãcy jaj co zanôlégù òd gatënkù w lóznym kłãbie abò do błocësti gniôzda.
Przësłowié: Chto klepie, temù dwiérze òdemkną.
Célã grë je wrzucenié – le za pòmòcą rãków – balë do brómczi procëmnika.
Wiatrë nôwiãcy wieją òd pôłniowò-zôpadny stronë (czerënk òd Atlantikù) i przëwióny znądka lëft niese wiôlgą wielënã òpadënków (500-800 mm òb rok).
Przezdrzélnikòwaté (Libellulidae) - to je rodzëzna òwadów z rzãdu przezdrzélników (Odonata).
Mieszkôł z òjcã, chtëren béł czedës òficérã.
Òb jeséń sadzy sã lëscaté zortë.
Zôs w héklowniém zôdzerzgi parłãczają są strónką.
Wëprodùkòwane w pòlsce zarno owsa w 80% przeznacza sã na paszã, w 15% na materiał siéwny, resztã na cele konsumpcëjne.
Òn béł aktiwnym dzejôrzã mùzyczny rësznotë.
Biôłorus to państwò ùnitarné, prezydenckô repùblika.
Pò 1. rozbiorze pòlsczégò państwa nastąpiło sparłãczenié gruńtów majątkù i na kùńc 19. stalatégò miôł òn 559 ha wiéchrzëznë.
Wòskòwô tôblëczka - bëła zrobionô z drewna i pszczelégò wòskù, a na ni bëło pisóné.
Z pòczątkù òna zwała sã „Kaszëbsczi Grif”, a pòtemù „Pòmòrsczi Grif”.
Eùgeniusz Prëczkòwsczi (ùr.
Na chrzescëjańskô Biblëjã składô sã Stôri Testameńt i Nowi Testameńt.
Filip, M., Od Kaszubów do Niemców.
Wiele jich je np.: w różë.
W 1979 ùrodzëła sëna, Barnabé'a Nuyttena, ze związkù z francësczim reżisérã i òpératórem Brunonem Nyuttenem.
Jak wiôldżi je jeléń?
Gùlgòwsczi napisôł m. jin.
Smòczk - (Turdus merula) – to je strzédny ptôch z rodzëznë drózdowatëch.
Na Władisława gôdalë Bòlek.
Archeòlogijô òdkriwô, dokùmentëje ë analizëje artefaktë, biofaktë, lëdzczé zbiédżi ë przez człowieka zmienioné krôjòbrazë.
Mahòmetanizm je tu państwòwą religią.
Stolëca i nôwikszi gard to je Lusaka.
Mòżna na ni grac melodyjné, spiewné frazë, ale téż rëszné mùzyczné tematë.
Przëjął sã zwëk, że òna przëkriwô trëmë wszëtczich Zrzeszińców.
Pùrcel - (pol. pączek) pùlchné młodzewi kùszk z pszény mączi.
Sëwô mietelnica (Corynephorus canescens L.) - to je roscëna z rodzëznë Poaceae.
Zderzëłë sã tam wëbiérczi Topfera jakò matematicznégò ùjimniãcégò i téż wëbiérczi ùjimniącégò, jaczi bazëje na aristicznym òdczuwaniém (np. Walcker).
W noc Sylwestrową wëjima bromë wjazdowé, wëprowôdza wòzë ze stodołë na pòla, kòminë zastôwielë rutama.
W ti epòce bëła łużickô kùltura.
W 1789 rokù ten kòscół sã splił i òn béł baro zniszczoné, a pòtemù gò zlikwidowalë.
Leno przë pełnii mòże bëc zacmienié Miesądza.
W latach 1637 - 1657 tu bëło pòlsczé przédnictwò.
Béł również mëslicelém i ùczonym, znawcą wielu dziedzin wiedzë oraz sztuczé.
Nowiksze karno religijne to mùzelmanie sunnice.
Wyrôstô do 120 cm, mô sztiwné, grëbé, miãsёsté, rozgajdóné łodidżi i dłoniasté lëstë.
Co je potrzebne do quillingù?
Piérszi spisënk lëdzy béł w 1873 r. Wedle niegò tedë w Wilnie bëło 96 tës.
Kalander - to je papiórnô maszina ùżiwónô np. do robieniô papióru.
Szalk - je wiele razy na szëji jak je zëmno.
Òd Kaszëbów òn dostôł Medal Stolema w 2001 rokù.
Do kùńca roku je 70 dniów.
Òna mia wiôlgą starã ò kòscelné fùńdacje.
W wersëji miemiecczi, jakno „Die Germanisiriung (sic!) der Kaschuben”, stôł sã òn pierszą pùblikacją Cénôwë, a pòdpisôł òn jã prosto: „Kaszëba”.
Karwôtka – to je przedłëżony dwarégòwi żakét.
Szôla – to je òkrãgłi statk na stół, na ògle dosc snôdczi.
Dominëjącą religiją w Mòrawskô je rzimskòkatolëckô wiara.
Krótkò ni je skrzëżowanié dróg.
Òsoblëwie stôri i schòrzałi lëdze baro òstro òdczuwają ji zmianë.
Ten park m. A. Mickiewicza mô wôrtosc bòtaniczną i je wôrtnym dokùmeńtã ògrodniczégò kùńsztu, chtëren mô kòl 250 lat.
Wiatrôczk (Dianthus deltoides L.) – to je wielelatnô roscëna z rodzëznë granôtkòwatëch.
Pózni niechtërné z ji lirików sã ùkazałë jesz w nr 1 z 1993 r „Pomeranii”, pòtim pôrã razë D. Charland pùblikòwa w Gazecie Kartuskiej (np. 43/2000).
Do terô òpisónô ok.
Jigra zaczinô sã, czedë sãdza we strzodkòwim kòle òdbijô balã òd zemie wësok w lëft (prime rush).
Na wiérzk je bliskô łączba z gbùrską familią, ù jaczi mijô snôżi czas, mòżnosc pòznaniô zwëków i dzejów òkòlégò, gôdka z jinima lëdzama, dzelenié sã swòjima jiwrama ë doswiôdczenim.
Je to 901 rok naszi erë (pò narodzenim Christusa), 901. rok pierszégò tësąclecégò, 1. rok X stolatégò, 1. rok 1-égò dzesãcolecô XV stolatégò.
Jogailaičiai) – wietew lëtewsczi dinastie Gedëminowiczów, jakô wëwòdzy sã òd Władisława II Jagełłë.
Wiôldżi Pòst rozpòczinô sã Pòpiélcową Strzodą.
Są to zbiérk piesniów Kaszëbë wołają nas (1988), zbiérk wiérzt Niech szëmi las (1973) i jin.
Kòl 95% lëdztwa je òrechconëch w òbrządkù rzimskòkatolëcczégò Kòscoła.
Jesz jiné miałë swòje chëczë zrëchtowóné pòd krzama besu abò głãbòk w zemi.
W Kòbëlôszu mieszkało 10 gòspòdarzów i 2 zagrodników, za to w Pòtãgòwie 8 gòspòdarzów.
Czedë skùńcził sztudia, wëjachôł do Kòwna, gdze mùszôł robic jakno szkólny, równak nie lubił ti robòtë.
Scyrz – to je zdechłi zwiérz.
Nowi Rok witóny je z wiôldżim wrzeszczeniém i wëcym syrénów ògniarzowich,pòkôzã sztëcznych ògniów.
Gard Ząbkowice Szląsczé je stolëcą ząbkowicczego krézu ë mô apartné ùrzãdë dlô gardu ë wsowi gminë.
Jana (sobòtczi), a stôrim zwëkiem bëło scynanié kani, ò czim pisôł np.
Barométer - to je przërëchtënk do mierzeniô atmòsfericznégò cësnieniô.
Wësôdëje je sama przez krótkò 11 dniów.
Słowò to dobierô sã tak samo do dokôzów ò pòprôwdze niewërażonym pòchòdzenim, aùtorstwie i prôwdzëwòcë, ale téż dlô tëch, dlô chtërnëch jich "apòkrificznosc" je doskònale znanô i zamierzonô przez, chòcbë, aùtora.
T. 2 (Księga 3 z fragmentami redakcji dolnoniemieckiej i księga 4) / Thomas Kantzow ; tł.
Téż przerobizna rëbów i jiné jistné sprawë do ni słëchają.
Tak cos nie je le w kaszëbsczim jãzëkù, ale téż w jinëch np.
Òbie te knédżi dedikòwóné są ti sami òsobie, łączi je pòdobieństwò stilu i pòglądë teòlogiczné.
Bëła sparłączenim dłudżich rozcënonëch bùksków i kòszlë noszonëch przez białczi w latach 70. XIX stalatégò.
Trąbka to mùzyczny jinstrument z karna dmùsznych.
Wrôcając z Rzymù, Francëszk zatrzymôł sã w Rivotorto, a pòstãpno w Pòrcjunkulë pòd Asëżã,gdze mômë kòlibką francëszkanów.
Do kùńca roku je 3 dni.
Dôwni ùżëwelë łacëńsczich mionów: terra Poloniae - Pòlskô zemia abò Regnum Poloniae.
Òne jedzã òwadë, a òb zëmã lëdze mògą jim dawac szpiek.
Agaty Teperek i Andrzeja Szewczyka ; w oprac.
Wiédza ò kaszëbiznie zwikszała sã na przełómanim XVIII i XIX st.
Mòcny wiater i òstré słuńce wësëszą môłé sadzónczi, co przëszkôdzają w jich przëjãcym sã.
Trzë ôrtë ze szlachu sykórka z ti rodzëżnë są równak w niebezpiekù wëmrzeniô w przińdnym czasu.
Miôł trzë sostrë; Halina (ùr. 1911 r.) Lucyna (ùr. 1912 r.) i Maria (ùr. 1920 r.).
Na swòjim zaczątkù blós dlô X Window systemów, pózné równak téż dlô Macintosha ë Microsoft Windowsa.
Człopa (we zdrojach: Szlopa 1245, Slopa 1349, Sloppe 1364, Sloppa 1421 (KDW), Schloppe, Człopa (Cenôwa), miem.
Nôleżi do rodzёzne oliwkowatych w rzędzie jasnotowców z grёpe astrowёch, roscen krёtosemionowi.
Je autorã felietónów w „Nordze” (rubrika „Kaszebsczi felietón”).
Pózni, na różnëch historicznëch etapach, to samò spòtkało jistniczi białgłowsczégò ôrtu òdmianë na -*i (krew gãstnieje – widzã 'krew ), a téż jistniczi w wielny lëczbie we wszëtczich òdmianach (stoją kòscołë – widzã kòscołë).
Dzysô w nim je czãsto wiele plasticzëznë.
Zósnica – to je statk do zósu.
Zwëczajnô leszczëna (Corylus avellana L.) – to je czerz z rodzëznë brzózkòwatëch (Betulaceae Gray).
Je to 1385 rok naszi erë (pò narodzenim Christusa), 385. rok drëdżégò tësąclecô, 85. rok XIV stolatégò, 5. rok 9-égò dzesãcolecô XIV stolatégò.
Tu wiele lëdzy gôdô ùdmùrcczim jãzëkiem.
Hrabia cygôł dochtora pò ùrzãdach ë sôdzach ë miôł starã ò òdebranié mù titla ë prawa do lékarsczi prakticzi.
Téż w wiérztach ji drëdżégò tomikù pt.
Je to 1796 rok naszi erë (pò narodzenim Christusa), 796. rok drëdżégò tësąclecô, 96. rok XVIII stolatégò, 6. rok 10-égò dzesãcolecô XVIII stolatégò.
Bochnia mô apartné ùrzãdë dlô gardu ë wsowi gminë.
Gmina Sëlëczëno (
Kartuzë (téż: Kartëzë; we zdrojach: Kartuzé (Cenôwa); pòl.
Zeszyt 1, Wojewódzki Dom Twórczości Ludowej, Gdańsk 1957, np. s. 96, rys.
Wiôlgô armiô zwierzãtów toczi kòralową rafã - m. jin szwamë, robôczi, mùszle, mòrsczé jéże i smôłżczi żëwiącé sã kòralowcama.
Aktiwnosc wùlkanicznô zmieniwô sã z czasã.
Òb lato krëczk zjada pònarewë chrząszczy i mòtili, grëzôczi, wieszczórczi, żaby, pizglãta i jôjka jinszich ptôchów.
W 1994 rokù Wilno òstało wpisóné na spisënk swiatowi spôdkòwiznë UNESCO.
Jegò dëbeltné pòzwë nie są równak do dzysô zmienioné i kòżdi nowòòdkrëti òrganizm taką dostôwô.
Sopòcko bliza je na chłoscëwim placu, krótkò mòla.
Ona zmagała się przez wieki z próbą eliminacji przez wrogów i to w różnych okresach naszej historii.
Tak ò miłoce – Bòsczi i lëdzczi, nôwicy ze sobą sparłãcznëch – dotądka mało chto pisôł pò kaszëbskù, a gwësno pierszi rôz pisa tak białka, Kaszëbka.
Kanada je drëdżim co do wiôlgòscë państwã swiata, bò zamëka cali nordowi i pòlarni dzél kontinentù Nordowi Americzi òd Atlantikù do Pacëfikù (kròm Alasczi).
Mscëwòj II (ùr. kòl 1220 – ùm.
Òwczi pólnica (Agaricus arvensis) - to je grzib z rodzëznë pólnicowatëch (Agaricaceae).
Prãcëków piãc, nitczi ù dołu òmszone, wëgãti, słupek jeden z lilową szijką.
W 2000 béł wëprzédniony Medalã Stolema, jaczi nadôwóny je bez sztudérsczé karno „Pomorania”.
Ò smroku pasc sę blëżi wichrzone.
Wëstôwné òkno - to je plac za rutą, w chtërnym mòże wëstawic np. to co je na sprzedôż.
Wedle legeńdë do Eùropë miôł je pòdobno sprowadzëc wenecczi wanożnik Marco Polo.
Gòspòdórze pitelë jich przed òdińdzenim: "A skąd wa jesta królowie?", tej òni gôdelë: "Òd wschòdu słuńca i szukóma kùńca".
Je to 998 rok naszi erë (pò narodzenim Christusa), 998. rok pierszégò tësąclecégò, 98. rok X stolatégò, 8. rok 10-égò dzesãcolecô X stolatégò.
Rhea) – w mitologi grecczi jednô z tytanid, bògini płodnosce.
Ùkôzôłë sã jegò pùblikacje np.
W 1964 rokù dwaj radzecczi astrofizycë O. H. Gusejnow i J. Zeldowicz (pl) zaproponowelë pòszukiwanié czôrnëch dzurów w ùkładach pòdwójnëch gwiôzdów.
Bòcón pòdszczepiwô brutczi, wëbiérô jôdã z grôpów, kòminiôrz smarëje szadzą snôżé białczi i dzéwczãta, i wërzucô pòpiół z piécka.
Różné zortë rëbów téż zjôdają żëwi kòralowce np.
Je to 943 rok naszi erë (pò narodzenim Christusa), 943. rok pierszégò tësąclecégò, 43. rok X stolatégò, 3. rok 5-égò dzesãcolecô X stolatégò.
W Pòlsce nôwiãkszi maratonë òrganizëją: Poznań, Warszawa, Kraków, Dębno, Wrocław.
Strzédnô cepłota òb zëmã sygô minus 4,9 °С, òb lato – 17 °С.
Zwëczajny bazyliszk (Basiliscus basiliscus) – to je ôrt wieszczórczi z rodzëznë bazyliszków (Corytophanidae).
Je aùtorã „Zasad pisowni kaszubskiej ze słowniczkiem ortograficznym” ë „Słowôrza kaszëbskò-pòlsczégò”.
Je nôcwiardszą znóną substancją w nôtërë.
Zwëczajny mùrchel (Morchella conica) - je grzëbem z rodzëznë mùrchlowatëch (Morchellaceae).
Słowò Japòńskô pisane znakama kanji (日本) mô dwa òdczëtania: Nihon (にほん) ë Nippon (にっぽん).
Wedle Bògùsława Rosë rena Żarnowszczégò Jezora je ferdã, snôdką hôwingą powstałą przez to, że w przeszłoce mòrze lodowcowi i niecczi bëło zalòné, na zapôdający sã – przez pionowe rësznotë- òbéndze lodofôłtowi akumulacji.
Dzerzãga abò kaczińce (Caltha palustris L.) - to je wielelatnô roscëna z rodzëznë jastrownikòwatëch (Ranunculaceae).
Abòridżeni zwą gò rozmajito, równak nôbarżi znóny westrzód nich je òpisënk "yirdaki".
Gdańsk : Zrzeszenie Kaszubsko-Pomorskie Oddział Miejski, 1989, ss.
Niejedne òbéńdë leżą niżi równi mórza i òne ùrôbiają zôpadlënã, jinszé jakno np.
Gmina Wejrowò (
Aùstralëjô je zameszkana przez Abòrigenów, starożetnech aùstralëjsczich lëdzë, od kól 60.000 lat pre kolonizacëjo niderlandzkô i britijskô.
Dlô procëmnotë zemie na pôłnim miałë miono Małopolska (Môłopòlskô).
Bliza je automatowô òbsłëgowónô i nié mòżna ji òbzërac.
Nôwëższim òrganã ùstôwcowi władzë je dwajizbòwi parlament (国会 – Kokkai, dokładno: Nôrodni Zgromadzenié), w chtërnym je Ùstôw Reprezentantów (衆議院 – Shūgi-in, niszi ùstôw) ë Ùstôw Rôdców (参議院 – Sangi-in, wëższi ùstôw).
Zwëczajny kawón (Citrullus lanatus) – to je ôrt roscënë z rodzëznë baniowatëch (Cucurbitaceae).
Równoczasno mô nôwikszą lëczbã chùtczich sécowych łączów a téż przistãpòwych pùnktów WiFi.
Przédnim môlem gniôzdowani są lesny torfòwiska, mòcno litoralné dolënë rzék a téż zarastające òbrzeża zbiorników wòdnëch – stawów i jezor.
Swiãtopôłk II Wiôldżi (ùr. przed 1195 - ùm.
D. Szulëst ùcził sã m.jin. w Òttawie, a je òd lat aktiwny w stowôrze Wilno Heritage Society.
Je żeniałi z Natalią i mô córkã Zofiã.
Jak ùmrze w Panu zakònnik, co za żëcô nie prôcowôł dlô Nioegò?
Zwiksza mô sã równak na mëslë editorã tekstu.
Je to 2018 rok naszi erë (pò narodzenim Christusa), 18. rok trzecégò tësąclecô, 18. rok XXI stolatégò, 8. rok 2-égò dzesãcolecô XXI stolatégò.
Pòdzél ti gromadë biwô czasã jinszi.
Do tegò trzeba dorechòwac wszëtczich, co wëjachelë bùten, ale wcyg nie zabëlë swòji mòwë.
Maceszka (Viola ×wittrockiana Gams) - to je roscëna z rodzëznë proliszkòwatëch (Violaceae Batsch).
Záhaň) je gardã ë gminą w żagańsczim krézu w lubùsczim województwù.
Ksądz sëpie lëdzóm pòswiãcony pòpiół na głowë - XIX w.
Jedna zrobionô je na mòdło amerikańsczi blizë z Cleveland nad J. Erie.
Radela (Ornithopus sativus) - to je roscëna z rodzëznë bòbòwatëch.
Abramis bjoerkna) - to je rëba z rodzëznë karpiowatëch (Cyprinidae).
Nawkół są krómë, jôdnicë, plac dlô auta.
Cëchô noc, swiãtëchnô noc.
W IX-XI stalatim – znóny jakò Kanugård – béł centrum hańdlu Wikingów.
Lat na zemsczi kùli czinnych bëło 1500 wùlkanów.
Rëbacczi tuńc - to je kaszëbsczi tuńc dlô chłopów w kòrkach przed łowienim rëbów abò pò nim jak òni ùłowielë.
Kòminowi pòdatk - to béł pòdatk òd proga.
Bazyl Òlãcczi, jaczégò mieszkeńcowie ùtczëlë pòmnikã pòstawionym w ceńtrum wsë.
Nieżëwi planktón, chtëren òpôdô, przez dëgòwanié bakcylów rozkłôdô sã.
Pùchôcze chãtno jedzą rozmaité òwadë, ptôchë i susczi.
Pózni znóny raper Liber z Pòznaniô przërôcził jã do wëspółrobòtë nad platką „Duetë”, wëdóną w 2014 rokù.
Préklowatô jeżëna (Rubus radula) - to je czerz z rodzëznë różowatëch (Rosaceae).
Òn je chróniony prawã òd 1935 rokù.
Słowińsczi jãzëk - to miono brëkòwóné dlô wëmarłi gwarë pòmòrsczégò jãzëka.
W 1939 rokù Tamara i Raoul jako żëdowscziego pochodzena mielë nót uciekac przez II-dżi swiatowi wòjnë i przecygnãlë z Kizette do Kalifornii.
Tak to jidze chùtczi zrobic.
Coroz mni sã łowi pómùchlów, z pòzdrzatkù na zmniészenié pòłowòwëch limitów i skródzenié czãdu jegò łowieniô, zalécóné przez Eùropejską Ùniã.
Skłôdô są òna z cziles kristalowich tôrczów (nôwiksze to Tôrcz Kimberley ë Tôrcz Yilgarn) òddzelonych òd se wlëgama, z chtërnych nôwiksze to Wlëga Cannings ë Wlëga Nullarbor.
Archeòlogijô je ùczbą jakô zajimô sã badérowanim rozwiju lëdzczich kùlturów ë cywilizacëjów.
Błotny kagùlc (Cirsium palustre (L.) Scop.) – to je ôrt roscënë z rodzëznë astrowatëch (Asteraceae).
Bùlwica (Scrophularia L.) – to je szlach roscënów z rodzëznë bùlwicowatëch (Scrophulariaceae).
Wiara w nie jest czãscą dogmaticzi ti wiarë.
"Wszyjske ludźe rodzům śe swobodne a růwne we swojim werće a prawach.
W latach 20 a 30 XV s. państwò cządu Joseon zaatakòwóné òsta przez dinastëjã Manchu Qing, chtërni dobélë téż nad chińską dinastëją Ming.
Ji rodzëzna ceszëła sã uwôżaniém.
W taczim przëtrôfkù pòlé mùszi bëc równak wzmòcnioné.
W òbéńdze szôłtëstwa pòłożoné sã mniészé kòlonie: Pòdkòmòrzëce, Pòdkòmòrczi ë Swiechowò.
Je to 1890 rok naszi erë (pò narodzenim Christusa), 890. rok drëdżégò tësąclecô, 90. rok XIX stolatégò, 10. rok 9-égò dzesãcolecô XIX stolatégò.
Je jich corôz wiãcy, dlôte trzeba bëło ùrëchtowac dlô nich nocledżi.
Davies béł majicelã môlowégò browaru, chtëren pòstanowił łożëc përzna dëtków w karno.
Dërżéń pnia - westrzédny dzél òkrãgłégò drewna, to je jegò fizjologicznô òs.
Eùropejsczi bòber (Castor fiber L.) – to je susk i kòl nas nôwikszi grëzôk z rodzëznë bòbrowatëch (Castoridae).
Swiniô pùrchwa (Haematopinus suis) - to je ôrt òwada z rodzëznë Haematopinidae.
Orchis maculata L.) - to je wielelatnô roscëna z rodzëznë srokôczowatëch.
Je téż wôżnym ùczebnym, pòliticznym ë gòspòdarzczim môlã.
Beril - to je mineral.
Zamieszka na szasém Słowacczégò 5/13 m 74, dze dzysôdnia je Jizba Pamiãcé Marii Kòwnacczi - dzél Mùzeùm Dzecny Ksążczi (pòl. Muzeum Książki Dziecięcej).
Slayer je thrash metalowé karno z Huntington Beach, California.
Szlarë mô téż jinô sowa – ùsznica, kò je òna wiele miészô.
Wiele razy chłopsczé kwiatë kwitną pierszé.
W II swiatowi wòjnie òn béł w miemiecczich lagrach np.
Brama Żuraw w Gdańsku) – to je pòrtowi dwigôcz z dôwnëch lat i òbronno bùdowla, a pòd nim je bróma na Szeroką Sztrasã.
W òficjalnym żëcym wespółczasny Biôłorusje biôłorusczi jãzëk òstôł wëcësnióny rusczim jãzëkã.
Antón Kleist (Antoni Kleist ùr.
Wedle òglowégò spisënkù z 2001 Ùkrajińcë skłôdają 77,8% lëdztwa.
Òbjimô Meczelbòrską (Mecklenburg), wikszi dzél tzw.
Pierszim królã elekcyjnym béł Henryk Walezy, a òstatnym – Stanisław August Poniatowski.
Swòją pierwszą brômkã zdobéł 25 rujana 2003 dlô KS Częstochòwa.
Klëfta to je szczépioné drewno 0,5–2,6 m dłùżawë.
Wiôlgòlëstny lëpin (Lupinus polyphyllus L.) – to je roscёna z rodzëznë bòbòwatëch.
Swiãtô Cecyliô z Rzimu (Cecyliô Rzimskô; ùm.
Po wybuchu II swiatowô wòjny z polecenia biskupa Michała Kozala ùrywał sã przed Gestapo we wsë Stanisławka w wòjewòdztwie lùbelsczim.
Tur (Bos primigenius) - to béł ôrt suska z rodzëznë wòłowatëch (Bovidae).
Òn mô chemiczny wzór Hg2Cl2.
Chrzescëjónie pielgrzimòwelë ju w stôrëch czasach do Zemi Swiãti.
Rôtësz Przédnégò Gardu w Gduńskù.
Òd 1992 rokù òn béł biskùpem òrdinariuszem w Pelplinie.
Wiãkszosc kònfesjonalnëch kòscołów wchôdô do Midzënôrodny Lëtersczi Radzëznë.
Mësznik (Buteo buteo) – wiôldżi ptôch z rodzëznë jastrzibowatëch (Accipitridae).
Lëdztwò wsë: 320. Tu je kòscół.
W 1937 rokù ùkôzôł sã pierszi zbiérk piérztów „ Powrót Andersena”.
Stolëca i nôwikszi gard to Ouagadougou.
Pòd kierunkiem Natashy Lytess rozwijała aktorsczé ùmiejãtnosce, a pònadto przeszła kòlejnã zmianã swòjégò wizerunkù – jej włosë miały òd tej pòry kòlór platynowégò blondu, przeszła również kòrekcjã wady zgryzu.
Wiele wikszi bënowi dzél kraju mô klimat ùmiarkòwóny kòntinentalny, je tuwò gòrąco òb lato, a òb zëmã mrozno i sniéżno.
Dzãka nima decidëje ò sprôwianim sã robòtnic (bùdowaniô plastrów abò jinszi dzejanié).
Zdrowé jestkù mô lepszi priz.
Ni mòżna òbezdrzec w Gduńskù, Jastarné, Kikùce i pòmòcną bliza w Rozewiu.
Kaszëbi równak mielë wnenczas swój jãzëk za cos lëchszégò.
W stôrëch chińsczich tekstach Kòreja zwónô je Kumsu Kangsan, co dokładno òznôczô "rzéka ë górë wëszëtë na jedwabiu".
Bëła to pneumaticznô maszina, jaczi miała za zadanié ùrównac wiôlgą òpórnosc trakturë grë, a òsoblëwie przë załączonëch mechanicznëch pòłączeniach klawiaturów.
Universidade Tecnológica Federal do Paraná (UTFPR) je wôżnym môlã dlô rozwiju nôùczi òd 1909 rokù.
Kartuzë mają jeden ùrząd dlô gardu ë wiesczi gminë.
Òni bëlë drëchama Christusa, a òn czãsto gòscył ù nich doma.
Òstrowë są na dosc môłim môlu Azëji, bo na blós 6,17% wiéchrzëznie.
W òbéńdze szôłtëstwa pòłożoné sã mniészé kòlonie: Bòrë, Brinczi ë Rekòwsczé Pùstczi.
Je to 1754 rok naszi erë (pò narodzenim Christusa), 754. rok drëdżégò tësąclecô, 54. rok XVIII stolatégò, 4. rok 6-égò dzesãcolecô XVIII stolatégò.
Czijôszk do bãbnieniô – to je rzecz do ùderzeniów w perkùsjowé jinstrumentë żebë wëdostac z nich brzëmienia.
Je piątim co do wiôlgòscë państwã swiata.
Kòszëla – to je òbleczënk na górny dzél srąbù i rãce dlô białczi abò chłopa.
Mni zalëdzoné partë gardów ë krézów òrganizowóné są we wse (Ri).
Môrcën Kòszôłka je równak przede wszëtczim filmòwim òperatorã.
Òn miéwôł kóńsczi ògón.
Rãcznô żôga – to je rãczné nôrzãdo, chtërno brëkùją np. do cãcégò drewna.
Żôłtô kòzogrëzc (Anemone ranunculoides L.) - to je roscëna z rodzëznë jastrownikòwatëch (Ranunculaceae).
Òn miôł téż w swòjim ùróbkù pòwiôstczi, w chtërnich òpisywôł m.jin. môle znóné mù z dzecnëch lat - bëłë to pòwiôstczi ò kaszëbsczim zbójcë Mòrdôrzu.
Tipicznym przëmiarã brëkòwaniégò lënków są HTMLowé starnë.
Duńczik Holger Nielsen spisôł pierszé zasadë i regùłë terôczasny rãczny balë (håndbold) w 1898 rokù (òpùblikòwôł je w rokù 1906) – m.jin. 3 sekùndë na przetrzëmanié balë czë zakôz bieganiô z balą.
Pòòstałi dzél (1,69%, co òdpòwiôdô kòl 5600 masóm Zemi) twòrzą cãższi pierwiôstczi, w tim m. jin.
Przez swòje môłe kòmpùtrowé wëmòdżi dô sã òn, juwerno do Damn Small Linux, brëkòwac téż na stôrszëch kòmpùtrach.
Òna mògła sã sëszëc na jadrownicach.
Mùcnica je òbjimniãti ùrzãdową òchrónią.
Do kùńca roku je 117 dniów.
Regionalné Bióro Wòjewództwa Pòmòrsczégò w Brukselë mòże pòmòc przë tim, żebë nie zabôcziwac ò kaszëbsczi spôdkòwiznie z ji apartną kùlturą, jãzëkã i rodą.
Z przëczënë chùtczégò ruchù, pòwòdã chtërnégò je krótkô òrbita, Rzëmianie nadalë planece miono kù tczë pòsłańca bògów i patróna hańdlarzów – Merkùrégò.
Je to 1725 rok naszi erë (pò narodzenim Christusa), 725. rok drëdżégò tësąclecô, 25. rok XVIII stolatégò, 5. rok 3-égò dzesãcolecô XVIII stolatégò.
Na kùńc sãdza kôzôł jã scąc mieczã.
Rok w rok 22 lëstopadnika w Salezjańsczi Òrganowi Szkòle mionã kard.
Dzysô tich òwców je kòl 6 tësący sztëk i za taką òwcã gbùr mòże dostac 310 zł dopłatë z Eùropejsczi Ùnii.
Tu w 2008 rokù mieszkało 150 lëdzy.
Elzasowié czasã mògą pò swòjimù gadac i pisac, a nawetka w szkòłach je ùczonô religiô.
Rosce nôlepié na stanowiszczach òsłoniãtëch òd słuńca i letkò zacymnionych.
Pautzke i Żukòwa.
Pòliticzni status Pòmrów wnitrzno Weimarsczi Repùbliczi nie różnił sã baro òd tegò sprzed wòjnë.
Szkùdło - to je délëk robiony jakbë w klin, z chtërnégò są daczi.
W ògardach terô seje sã miészańce z farwnyma kwiatama.
Òjc wësłôł jã na ùczbã do Nikòmedie.
To je "renô gwiôzda".
Czas jastrowëch òbchòdów mòże tej trafiac midzë 22 strëmiannika a 25 łżëkwiata (5 niedzél).
W 1701 rokù w Tłuczewie mieszkało 48 sztëk lëdzy, a òkróm młina i piłë fùnksnérowa tu téż karczma.
Henryk Walezy panował w Pòlsce w latach 1573- 1575 i Francji (jakò Henryk III) 1574 – 1589 syn króla Francji Henryka II Walezjusza i Katarzyny Macedońskiej w Pòlsce béł niecalé piãc miesąców i uciekł bë òstac królem Francji.
Òn żëje na arktikòwich terenach, ale na ògle tu je mało zwierzów.
Krëpë – jadalné semiona zbòżów abò zbòżów rzekòmëch, czãsto w letkò rozdrobniony pòstacëji (le nié tak baro jak mąka) abò blós pòzbawiony cwiardi łusczi.
Pòrtugalsczi alfabét to je alfabét pòrtugalsczégò jãzëka.
Ną datã ùznôwô sã za narodzënë rãczny balë.
W latach 1975 - 1998 Żagań ùrzãdno słëcha zelonogórsczémù wòjewództwù.
W nim je jeden łësënowi gnôt.
Òn je òd 1990 rokù.
Òn je zrobiony z drewna.
Je to 1382 rok naszi erë (pò narodzenim Christusa), 382. rok drëdżégò tësąclecô, 82. rok XIV stolatégò, 2. rok 9-égò dzesãcolecô XIV stolatégò.
Stolëcą i nôwikszim gardã je Pòdgòrica.
Je òpublikòwóny np.
Òd jaczégòs czasu ITTF stara sã zmienic zasadë jigrë, bë bëłë jak nôbarżi zrozmiałé dlô kòżdégò kibica abò òbzérnika.
Wieża je òkrągłô, pòmalowônô w biôło-czerwòné pasë.
Je to 860 rok naszi erë (pò narodzenim Christusa), 860. rok pierszégò tësąclecégò, 60. rok IX stalatégò, 10. rok 6-égò dzesãcolecô IX stalatégò.
Pòchòdzącô z praktik magicznëch i pòczątkòwò miała fòrmã zôklãcia, chtërne wedle wiérzeń pòsiadało mòc òddziałiwaniégò na rzeczëwistosc za pòmòcą słów.
Verein für kaschubische Volkskunde (Kaszëbsczé Lëdoznawczé Zrzeszenié).
Szesnastôletnié Norma Jeane wyszła za dwudzestojednoletniégô chłopa, robòtnika.
To béł prawie misticzny zdënk Katarzënë z bòsczim Òblubieńcã, wëchwôlóné dzysô w piesniach i mòdlëtwach kù czcë sw.
Je to 1406 rok naszi erë (pò narodzenim Christusa), 406. rok drëdżégò tësąclecô, 6. rok XV stolatégò, 6. rok 1-égò dzesãcolecô XV stolatégò.
Tu je sedzba Związkù Hòdowców Achałteczińsczich Kòniów, a téż hòdowlô kòniów ti rasë.
Brzôd nadôwô sã na trzãsk, zaprawё, wino i kompòt.
Bùlewnô stonka pòchôdô z Kolorado (USA).
Żôłtô ògrôżka (Febris flava) - to je chòrosc ù lëdzy.
Władysław Szafer, Stanisław Kulczyński, Bogumił Pawłowski, Warszawa : Państ.
Rosenberg in Westpreußen) - garc we warmińskò-mazursczim wòjewództwie wòjewództwie w jëławsczim krézu nad Sësczim Jezorã.
Łagódné zëmë, dosc chłodno òb lato.
Chrizantema (Dendranthema Des Moul) - to je szlach roscënów z rodzëznë astrowatëch (Asteraceae).
Òstropùs (Eryngium) – to je szlach roscënów z rodzëznë zelerowatëch.
Jegò dynamiczné, ful ekspreseji óbrôzë ùderzywają wiôldzim napiãcym, jaczi przeżiwôł jakno malowôł.
Jan Bilot miôł dwòje dzécë: knôpa ë dzéwczã.
Przëpòminô niewësoczi krzôk, wësokòsc òd 50 do 150 cm.
Dzãka ùchwôlënkòwi Senatu Gduńsczégò Ùniwersytetu w rokù 2014 pòwstôł nowi czerënk studiów sztôłcącëch przińdnëch kaszëbistów: kaszëbskô etnofilologiô z dwùma specjalnoscama: dlô szkólnëch i animacyjno-medialnô.
Wiele z nich je òtrokama Kaszëbów.
W jegò dodómie Uphagenów w Gduńskù gard zrobił mùzeum Jóna w 1910 rokù.
Bëlaczenié - to je zjinaka ł na l np.
Westrzód farwnëch flagów eùropejsczich regionów widzec mòże tedë kaszëbską.
Bôrwik (Vinca L.) – to je szlach roscënów z rodzëznë Apocynaceae.
Razem z pólnicą nôleżi do nôbarżi znônëch w naszim òkòlim grzëbów.
Gniôzdo wiedno na zemi, z bezładnie ułożonégò materiału w pòstacy zbutwiałëch roslën zebrônëch wòkół, o szerokòscë ok.
Je to 853 rok naszi erë (pò narodzenim Christusa), 853. rok pierszégò tësąclecégò, 53. rok IX stalatégò, 3. rok 6-égò dzesãcolecô IX stalatégò.
Jakno pòétka debiutowa w pismionie Tatczëzna (1990), a samòstójnym tomikã z jaż 36 miłostnyma wiérztama pt.
Pólnô rogùtka (Cerastium arvense L.) – to je ôrt roscënë z rodzëznë granôtkòwatëch (Caryophyllaceae).
Mieszkô w Bòstonie (stón Massachusetts, Z.S.A.). Òd 1985 r.
Rea pòdała swémù chłopòwi lékarstwò na wracanié, a òn zwracôł dojrzałëch bògów: Herã, Pòsejdona, Hestiã, Demeter oraz Hadesa.
Kòl Żarnowsczégò Jezora bëła bùdowónô atomòwô elektrowniô.
W 2008 rokù tu mieszkało 1007 lëdzy.
Czijew pòwstôł ju na zôczątkù V stalatégò jakò targòwi pùnkt na szlachù, jaczi łącził Kònstantinopòl ze Skandinawią.
Not béło gò ùnieszkòdlëwic - ùcąc głowa i ja dac w nodzi, włożëc dëtka pòd jãzék, dac do trëme séc, żëbë ùmarłi miôł długò co robic.
Do kùńca roku je 114 dniów.
Nôstôrszé wòjewództwa pòwstôwałë ù przełómaniégò XIV i XV stolata.
Pierwi lëdze w najich stronach wierzëlë, że jeżowé kòlce mògą pòmòc w rozmajitëch chòroscach.
Je to 1905 rok naszi erë (pò narodzenim Christusa), 905. rok drëdżégò tësąclecô, 5. rok XX stolatégò, 5. rok 1-égò dzesãcolecô XX stolatégò.
Cząd próbë warô òd jednégò rokù do trzech lat - czas nëkô òd sztótu nadaniô òsądzeniémù prawny mòcë.
Szarwark - mùszowô òbdôwa wiesczëch lëdzy na pùbliczné céle, nôbarżi przë robieniu i trzimaniu drogów, mòstów, wòdnëch ùszëkòwaniów w pòrządkù.
Tu mieszkô dzél katolëków i lëtrów.
Piszczówkòwé òrganë - są klawiszowim aerofonicznym ë téż idofonicznym mùzycznym jinstrumentã, chtëren colemało je bùdowóny w kòscołach.
Pierszé wiadło ò Òsekù pòchôdô z 1342 rokù.
Biwało, że òn z Miemiecczi Demòkratny Repùbliczi pisôł pò kaszëbskù np.
Pòtrafią widzec w przód dargã lecënkù swòji òfiarë.
Òd nômłodszëch lat chcôł òstac mùzykańtã.
Je to 1912 rok naszi erë (pò narodzenim Christusa), 912. rok drëdżégò tësąclecô, 12. rok XX stolatégò, 2. rok 2-égò dzesãcolecô XX stolatégò.
Stolëcą i nôwikszim gardã je Dublin.
Przeplôtają sã wëszawë i niżawë.
Wiele razy w państwie to je 1/100 pòjedinczi mònetë.
Junker - to béł colemało prësczi szlachcëc.
Je to 1696 rok naszi erë (pò narodzenim Christusa), 696. rok drëdżégò tësąclecô, 96. rok XVII stolatégò, 6. rok 10-égò dzesãcolecô XVII stolatégò.
Òn béł zbudowóny w XV wiekù.
Kòżdi dzél mòwë charakterizëje sã gwôsnym systemã gramaticznëch kategòriów.
Kòrzenie wyróżniają sã òbecnoscą wiãkszych ilości ùbòcznych alkaloidów wzmacniających działanié hioscyjaminë na miãsnie.
Ùplotë - fach, znôny òd czasów prehistoricznych,chtërny pòligù na wërabianiu wszëlczigò dzylù prziborów ze słomë, wiklinë i rafii itp.
Pehr Henrik Ling rozszérzwiôł dali ne deje w swòjim XIX-wiecznym, szwedzczim systemie wòlnëch cwiczënków.
Je to 1841 rok naszi erë (pò narodzenim Christusa), 841. rok drëdżégò tësąclecô, 41. rok XIX stolatégò, 1. rok 5-égò dzesãcolecô XIX stolatégò.
Czedës ti miészëznë bëło tam wiele w gardach, a bëlë téż szlachcëcë.
Na latny òlimpiadze w Pekinie ùmësloné je całowny sparłãczenié òbù zdrëszënów.
Sztremlëzna je 23 km dłëgô, w nôwąsczim môlu je 100 m szerokô.
Repùblika Kòreji òsta jedinym rządã Kòreji, jaczé zaaprobòwôła w tim czase Òrganizacëjô Zrzëszonëch Nôrodów.
Òlszô abò ólszka (Alnus Mill.) - to je szlach roscënów z rodzëznë brzozowatëch.
Czibaba (Parus major) – môłi ptôch z rodzëznë sykórkòwatëch.
Hasłã zôkònu je "Pietas et Litterae”, czili „Pòbòżnosc i Nôùka”.
Spòrt uprawiany je przez dzéwczãta w wieku od około 4 do 24 lat.
We wespółczasny lëteracczi kaszëbiznë w nôrzãdzôczu pòjedińczi lëczbë jistników chłopsczégò i dzecnégò ôrtu brëkòwóny je kùnôszk -ã.
Ostatnia Wieczerza - to bëła pòdług Ewanielii wieczerzô (Pascha) Jezësa z Apòstołama, chtërna bëła dzéń przed Jegò smiercą w zali.
Òn rosce np. na piôskòwatëch łąkach, bagnach i brëkùje wiele widu.
Aleksander Labùda (ùr.
Pisôł tekstë namienioné kaszëbsczémù „idiolektowi”.
Nót je pòdsztrëchnąc no harmònijné jãzëkòwé współbëcé, jaczé zycher òdpòwiôdało tegòczasnym pòzdrzatkóm Flóriana Cénôwë.
Miôł starszą ò piãc lat sostrã Mariã i Annã pòzéwóną Nannerl, chtërna téż przejawiała mùzyczné ùzdolnienia.
Ùspiewa - pòdług wierzeniô niechtërnëch Kaszëbów to bëło spiéwanié m. jin.
Je to 1726 rok naszi erë (pò narodzenim Christusa), 726. rok drëdżégò tësąclecô, 26. rok XVIII stolatégò, 6. rok 3-égò dzesãcolecô XVIII stolatégò.
Je nawetka pòmòrskô òwca kaszëbsczégò tipù.
Je to 868 rok naszi erë (pò narodzenim Christusa), 868. rok pierszégò tësąclecégò, 68. rok IX stalatégò, 8. rok 7-égò dzesãcolecô IX stalatégò.
Smãtôrz Słowińców to je cerkwiszcze, na chtërnym czedës bëłë pògrzébë Słowińców i Słowińcków.
Òna chòdza do szkòłë w Łebińsczi Hëce, w jaczi pòłowa pedagògiczny kadrë rozmia gadac pò kaszëbskù.
Swiãti Paweł (Παῦλος Paulos; ùr.
Je to 978 rok naszi erë (pò narodzenim Christusa), 978. rok pierszégò tësąclecégò, 78. rok X stolatégò, 8. rok 8-égò dzesãcolecô X stolatégò.
Namienienié (vis maior) - to je przëczëna zdarzeniégò ò przëpôdkòwim abò nôtërnym charakterze nié do ùńdzeniô, takô nad chtërną człowiek ni mòże panowac np.
Pierwszé pòwiescë pòwstałë ju w antikòwich czasach.
Specjalizëjë òna sã òsoblëwié blusã z nordowi Deltë Mississippi.
Ògardowi lëpin pòwstôł we wёniku skrzëżowaniô rozmaitich zortów.
Trëjący bełtk (Entoloma sinuatum) - to je grzib z rodzëznë Entolomataceae.
Filmy z Isabelle Adjani udział òdnôszają sã sukces kasowy we Francji.
Czej ùmarła mu piérszô biôłka, tej òżenił sã z Abiah Folger.
Wierã òd lat 30. XX. stalata kaszëbsczé krziże nie bëłë dali robioné.
Pierszé w Pòlsce mùzeùm akòrdionu i pòdobnëch instrumentów pòwstało w Kòscérznie.
Mają òne wôżny môl w lëdowëch òpòwiescach.
We wiãzëdle wërôbianym na spicach kòżdé òczkò pòdtrzëmëwóne je bez òczkò z wëższégò rządu.
Mòst – to je ôrt przedostënkù w pòstacji inżinérny bùdacji, chtërni kònstrukcjô pòzwôlô na sfórtowanié wòdni zôwadë.
Tu mieszkô kòl 61 tës.
Przesôk (Andromeda polifolia L.) – to je wielelatnô roscëna z rodzëznë wrzosowatëch.
Òpanowôł zemiã sandomierską, a pò śmierć Wacława III zniechãconé do czeszczich rządów mòżnowładztwò môłopòlsczé poparło Łoczetka, chtërny ju rëchli zdobił Wawel.
Czëdes tu béł pògańsczi chram.
Jezórnô żaba (Pelophylax ridibundus) - to je łaza z rodzëznë żabòwatëch (Ranidae).
Pòéta miôł bëté w ji domôcym majątkù w Tuhanowiczach i ùlubił jã dejowną miłotą.
W 2014 rokù òn zrzesził sã z bankiem -
Biwô tak, że lëdze na nie gôdają Kaszëbsczé Mòrzé.
Za jégò panowaniégò bёlё butnё kòzacczié (pòwstanié Kosincziégò, Nalewójczi, Federowicza).
Krëczczi jedzą wszëtkò.
Pierszi tekst "W lagrze" ùkôzôł sã w Pòmeranii, nr 12 z 1979 i 1 z 1980 rokù.
Zbrzëca je drëdżim co wiôlgòscë docékã Brdë, òbjimô 10% wiéchrzëznë ji òbéńdë.
Farwnosc mòże sã zmieniwac.
Cos je stôri jak òlëwsczi las (znaczi, że to je baro stôri).
Zvjercadło kaszubskji.
Je to 1785 rok naszi erë (pò narodzenim Christusa), 785. rok drëdżégò tësąclecô, 85. rok XVIII stolatégò, 5. rok 9-égò dzesãcolecô XVIII stolatégò.
Japòńskô róża (Rosa rugosa L.) – to je czerz z rodzëznë różowatëch (Rosaceae).
Debiutë Zrzeszéńców przëpadłë na zôczątk trzëdzestëch lat XX stalata.
Sedzbą Mùzeum są stôré bùdinczi.
W latach 1732-1757 wëdôwôł zbiérk pòwiédzeniów a pòrad pòd titlã “Almanach biédnégó Riszarda”.
Warzëchwia – długô łëżka z drewna.
Sztudérowôł jaż sédmë czerënków, z czegò skùńcził piãc.
Traktat z Lizbonë dôwô mòżlëwòta przëjãcô przez EÙ Europejsczi Kónwencji Prôw Człowieka.
Pierszim katalońsczim pisôrzã béł Ramon Llull (1232–1315), chtëren w tim jãzëkù pisôł ju w 13. stalatim teologòwé knédżi i romanë.
Zadebiutowa w gòdnikù 1994 rokù na łamach miesãcznika spòdleczno-kùlturalnégò „Pomerania”.
Tam w kòscele czasem mòże pòsłëchac mùzyczi.
W tim czasu mòże czëc rëk jelénia.
Òna nasłuchùje i ùzérô za môłima suskama (np. mëszama) i czasem ptôchama.
Pòmôgô to rozwicu turisticzi.
Cziej ùmarł ji brat, wëszła Jezùsowi na potkanié i rzekła: Terôz wiém, że Bóg dô Tobie wszëtkò ò co blós bãdzesz Jegô prosëł.
Tej téż niejedné z kaszëbsczi szlachtë doszlë nawetka do równiszcza tipòwégò dlô panownégò òkrãżô np. do pòczestnotë senatorów Repùbliczi i wòjewòdów w tich Prësach.
Łukôsz malëjący Madonnã” óbczas pòrtretowaniô Marii, matczi Jezësa.
Anna-Maria Ravnopolska-Dean je bulgarską harfiską ë komponistką.
Białé pasë na kantach mùszą miec szerokòsc 20 mm a pasek dzelący pòla stołu mùszi miec szerokosc 3 mm.
Bladnica – to je podług stôri pòzwë fòrma małokrëwistosce, jak w òrganizmie je mało żelazła.
Frantówka w trzech aktach”.
Do ùrzãdu gminë w Lëni mòże pisac pò kaszëbskù.
To robił téż Sven Gustavsson (1938 - 2013) - profesor słowiańsczich jãzëków.
Biwô tak, że gãs zwónô swiãtomôrcyńską jakno atribùt tegò swiãtégò je malowónô razã z nim.
Òbczas rozegracji zmerkôł równak, że rusczé władze jinaczi widzą tegòczasné „drëszstwò” pòlskò-rusczé niżlë nôùkòwcë, ùtwórcë czë zwëczajny lubòtnicë.
Prawie téż ùsôdzô òna widzawiszcza: Òbrôzczi na binã (2005), np.
Dzél Kaszëbów ùtrzëmôł apartną kùlturã ë jãzëk.
Stachùrsczi je téż aùtorã słów i nótów wiele piesni i kòlãdów, m.jin. zapisónëch na kasétach i platkach.
Nót wiedzec, że są to dwie apartné pòstacëje.
W sztuce Rea jes przedstawianô w rydwanié ciągniãtym przez dwa lwë.
W 2008 rokù tu mieszkało 186 lëdzy.
Lobelia je jednoroczną roscëną, a to òznôczô, że pò wëdanim semieniô dżinie.
Parus palustris) – to je môłi ptôch z rodzëznë sykórkòwatëch.
Jak je gòrąc dzece i starszi lëdze mògą sã lëchò czëc.
A Słowò sã stało Całã.
Dwie trzecy ti wôrtnotë zajimò ògón.
Jednak ùczałi òdkrëlë 11 gatënkòw baktrié, jaczim je belno w słonym strzodowiskù.
Òni tam bëlë pasturze ë małi gbùrze.
Milena Markovna Kunis, (ùr.
Nôwiksze to: Arabsczi Półòstrów (27 330 tës.
W ikònografii (pl) swiãtégò pòkazëje są czãsto jakò malëjącégò abò piszącégò, Rogier van der Weyden przedstawi gó na òbraze „Sw.
Biôłô głëszka (Lamium album L.) - to je wielelatnô roscëna z rodzëznë głëszkòwatëch (Lamiaceae).
Je to 1764 rok naszi erë (pò narodzenim Christusa), 764. rok drëdżégò tësąclecô, 64. rok XVIII stolatégò, 4. rok 7-égò dzesãcolecô XVIII stolatégò.
Ôrtã je tu m.jin.
Recowati slënik je 50–70 mm dłudżi i ni mô bùdinôszka.
Michała Archanioła w Sopòce - mô swój zaczątk w 1938 rokù.
Będę gryzł trawę i walczył o Gdańsk.
Czôrnogłowòwô miewa (Ichthyaetus melanocephalus) - to je wiôldżi wòdny ptôch z rodzëznë miewów (Laridae).
Je to 1701 rok naszi erë (pò narodzenim Christusa), 701. rok drëdżégò tësąclecô, 1. rok XVIII stolatégò, 1. rok 1-égò dzesãcolecô XVIII stolatégò.
Rozwlekłé zybia westrzód lasów, torfòwiska, wrzosowiska, nad jezorama i starorzeczama.
Wiôldżi òwadë i jich larwë, mnijszi krãgòwce.
Żeżérô ją w jednym sztëku.
To dô czile rasów drôwkòwëch kòni.
Pò tich wszëtczich wydarzeniach z Monachium kibice Manchesteru United zaczãlë nosëc czôrné szléfë na biôło-czerwionych szalach.
Mùcnica (Mergus serrator) - to je strzédny abò wiôldżi ptôch wòdny z rodzëznë kaczkòwatëch (Anatidae).
W pòstãpnëch latach ji spiéwónczi bëłë na piérszich môlach swiatowëch lëstów nôwiãkszich hitów.
Wësokòsc 26,5 m, szerokòsc pôdstawë 6 m, u górë 4,5 m.
Plusowé saldo migracowôch rësznotów na Kaszëbach w 2005 rokù bëło w pòwiatach: pùcczim, wejerowsczim, kartësczim i gduńsczim, jaczé dopełniwają Trójmiasto.
W 1921 òstôł założoni janielsczi Part Stołowégò Tenisa(jan.
Szlach cërylicy brëkòwana w serbòchòrwacczim òstał ùsôdzony w XIX s. òb Vuka Stefanovica Karadžicia, a szlach łacëńczi òb Ljudevita Gaja.
Czedës na łąkach kòl błotów beło czëc bekasa.
Jeséń jidze wprzódk przed zëmą.
Je to 915 rok naszi erë (pò narodzenim Christusa), 915. rok pierszégò tësąclecégò, 15. rok X stolatégò, 5. rok 2-égò dzesãcolecô X stolatégò.
Wenus (Venus) – wedle mitologie bëła rzimską bòżëną miłotë.
Jak są sãkaté mrozë òn mòże zjadac pszczołë z ùla.
& W.Gümbel) - to je ôrt mechù z rodzëznë zelónkòwatëch.
Ùmarł 28 môja 1981 w Warszawie.
W pachwinach ë na slôdkach ni mają żółtëch plamów, co òdróżniwô ją òd żabë jezorkòwé.
Dzysdnia mòże tu òbezdrzec wiôldżi smãtôrz bò sta lagrowëch ùmarłë nôbarżi z głodu, zemna i òd tifùsu.
Je to 1463 rok naszi erë (pò narodzenim Christusa), 463. rok drëdżégò tësąclecô, 63. rok XV stolatégò, 3. rok 7-égò dzesãcolecô XV stolatégò.
Gmina Miastkò (
Terô tu je katédra.
Përzëcë i szczecyńskò-kamieńsczi archidiecezji.
Przedstôwióny je jakò stôri człowiék z brodą, czãsto z pastorałã, z miechã darënków ë grëpą wietewków w rãce.
Podręcznik dla techników rolniczych, wyd.
Tedë Majkòwsczi przecygnął do Mònachium, gdze téż włącził sã w spòleczné, sztudérsczé dzejanié.
Tekstowé przezérniczi rozmieją przedstôwiac ë interpretowac blós prosté tekstë ë tekstowé fòrmôtë jakno HTML abò XML.
Podręcznik dla początkujących (kl. IV–VI) cz.
Ditrich – rãczné nôrzãdło, chtërno brëkùją czasã np.
Je téż udzélnikã spółczi Protos Venture Capital, przez chtërną inwestuje w start-upë, e-commerce i serwisy internetowé.
W 1953 ròkù robił habilitacjã na Wëdzélu Teòlogicznym Ùniwersitetu Jagiellońsczégò.
W Wilnie aktiwnô je stowôra Wilno Heritage Society (pòzarządowô òrganizacja), chtërna mô za cél ùchòwanié kaszëbsczi ë pòlsczi kùlturë.
Lady Gaga (Stefani Joanne Angelina Germanotta), (ùr.
Spòdlëczną farwą padalca je bruny w rozmajitëch tãczënach, òd jasnokawòwwégò do cemnobrunégò z kòprowim łiskã.
Przewodnik, "Sport i Turystyka", Warszawa 1970, s. 61.
Òdżin òdnëkiwô wszëlejaczi złé i zapewniwô dobri òbrodzaj.
Òd Karpatów Czesczi Masyw je òdaparniony na pòrénkù mòrawskò-sląskim pasmã òbniżeniów.
W 1929 roku cządnik miemiecczi dlô białków "Die Dame" obsztalował od Tamary òbrôz na òbkłôdkã.
Òna mòże bëc z wãdzëdłã abò bez niegò.
Na òbrazach je pòkôzóny w frãcëszkańsczim habice, czasã głosy kôzania, czasã trzimô Dzecątkò Jezës.
Tu béł nalazłi stôrodówny miecz.
Je to 1806 rok naszi erë (pò narodzenim Christusa), 806. rok drëdżégò tësąclecô, 6. rok XIX stolatégò, 6. rok 1-égò dzesãcolecô XIX stolatégò.
Znak 人 czëtô sã saram in (사람 인), ga samò saram òznôczô òsoba a in to zwãk negò znakù.
Tu przërównac mòże wësłôwë jastrowô wòda i trzejkrólewô wòda.
Mòże téż zrobic ne zjestkù z jinëma ôrtama kapùstë, dostôwô sã téj strôwã "lżészą" a mni pikantną.
Na wiôldżim ekranié pierszi pòpis miała w 1970 w filmie Mały uciekinier chtrërny reżisérowôł Bernarda Toublanc-Michela.
MN ókresliwô dla piszczówczi C 155,5 mm széżawë, ë téż sétmënôsti ton jakò ton pòdzélu strzédnicë (w grańcach òktawë stosunk mô sã jak 1:1,68), ùznające, że tak pòprowadzony pòstãpë strzédnic dadzą nôbarżi jednorodné brzëmienié w głose.
Arcybiskùp gnieznieńsczi Jakùb Swinka (pòpierający Łoczetka)) wëtocził tedë Mùskace proces kanoniczny i zwiesył gò w czinoscach.
Niedalek òd wsë miescy sã dôwné wòjskòwé latawiskò.
Kémë - w swòjim òglowim wëzdrzatkù baro szlachują za łësënowim mòrenama.
Miono Dagestan w tërecczich jãzëkach òznôczô starna gór.
Gòrsczie môlë przëwôżeją na Kòrejańsczim Pòłòstrowie, w pôłniowich Chinach, na Japòńsczich òstrowach, Tajwanie ë Filipinach.
W masowich maratonach kòżdi bëtnik chtëren ùkùńczy biég òtrzimiwo medal i òstaje „Maratończikã”.
Wilczô jagòdô (Atropa belladonna L.) - to je wielelatnô roscëna z rodzëznë lilkòwatëch (Solanaceae).
Niejedné kamë to są zaklãti lëdze abò zwierzãta - je rzeczenié òbrócëc sã (chùtczi) w kam.
Nôwikszi rozwój tegò gatunku bëł w czasë òswiecenié. w Pòlsce przédnika negò gatunku w szkòłach bëł Stanisłôw Konarsczi.
Je to 1005 rok naszi erë (pò narodzenim Christusa), 5. rok drëdżégò tësąclecégò, 5. rok XI stolatégò, 5. rok 1-égò dzesãcolecô XI stolatégò.
W czasach zëgmùntowsczich nôbarżi zmieniwało sã miasto.
Łoczetk wëjachôł z kraju, ale òstawił na Kùjawach białkã, córkã i dwóch sënów, chtërnëma opiekował sã mieszczanin Gerka.
XIX stalata bëła to wierã dlô Kaszëbów Langforda.
Pierszi sukces w karierze òsągnął w 1977 rokù, czëdë razã z Tadeuszem Mytnikiem, Mieczysławem Nowickim i Stanisławem Szozdą zdob;eł brązowi medal w drużënowej jezdzie na czas na mistrzostwach swiata w San Cristóbal.
Pòkwitowanié – to je pocwierdzenié przëjimniãcô pismiona przez subiekt, chtëren gò òdbiérô.
Zwëczajny łãtownik (Acrocephalus arundinaceus) - to je dosc môłi, wanożny ptôch z rodzëznë Acrocephalidae.
Miëlë 2 córczi: Jiréna Joliot-Curie (téż badérka chemii i téż noblëstka z chemii) i Eve Curie.
Rejina (Dahlia) – to je szlach roscënów z rodzëznë astrowatëch (Asteraceae).
Janiołë pełnią ważną rolã w islamie.
Je białką Marcina Kydryńsczégò.
Grzenia - to strogòtlëwi duch i ògradzan spikù i snicô.
Je czilenôsce ôrtów spòdlowëch splecenków hékloczowëch.
Rzëpòt (Pertussis) - je chòroscą ù lëdzy.
Je to 920 rok naszi erë (pò narodzenim Christusa), 920. rok pierszégò tësąclecégò, 20. rok X stolatégò, 10. rok 2-égò dzesãcolecô X stolatégò.
Òbczas cządu Goryeo skòdifikòwóné òsta nowi prawò, ùsôdzoné cywilny służbë a wprowadzony buddizm.
Za klimatową jeséń ùwôżo sã czas, w chtërnym strzédny temperatura òb całi dzéń je òd 15 do 5 gradów cepła.
Piesniôrz rëbacczégò żëwòta (Wejherowo-Gdynia 2016, antologiô wiérztów, piesniów z nótama, artiklów a wëbrónëch òpòwiescy, w tim téż wòdewil Broduzë).
Kreacjô Stanleya Kowalski w dramace Elii Kazana A Streetcar Named Desire (1951) dała mù nominacjã do Òscara dlô nôlepszégò aktóra i nôdgrodã nowòjorsczich kritików.
Chojnice ; Gdańsk : Zrzeszenie Kaszubsko-Pomorskie, 1984.
Kaszëbsczé Mùzeum miona Frãcëszka Trédra w Kartuzach je samorządzëznową jinstitucją kùlturë, chtërna pòwsta w 1947 rokù.
Séwnica - to je maszina do seniô np.
Czôrny bòcón (Ciconia nigra) – to je wiôldżi ptôch z rodzëznë bòcónowatëch (Ciconiidae).
Je to 1906 rok naszi erë (pò narodzenim Christusa), 906. rok drëdżégò tësąclecô, 6. rok XX stolatégò, 6. rok 1-égò dzesãcolecô XX stolatégò.
Wedle ùczałich Zemia ùfòrmòwa sã kòl 4,57 miljarda lat nazôd, a krótkò pò tim ùfòrmòwôł sã ji jedurny nôtëralny satelita - Miesąc.
Jine wiksze gardë Aùstralëji to Melbourne, Brisbane, Perth i Adelaide.
Nôwôżniszi i nôstarszi gòticczi bùdink – Zôkònny Dodóm (terôczasno mùzeùm) – pòłożony je w nordowò-zôpadnym dzélu zómkù.
Ùroczëzna przejimniãcô môla òdbëła sã 24 lëstopadnika 1920r.
Ni ma mùzeùmù Cénôwë, równak są jizbë jegò pamiãcë.
Kòżdé drzewò skłôdô sã z: kòrzeniów, pnia, wietewków, lëstów i brzadu.
Òstałë wëdóné w wikszoscë ju w leżnoscach wòlnotë słowa pò 1989.
Język, zwyczaje, przesądy, podania, zagadki i pieśni ludowe w północnej części Prus Zachodnich, Poznań 1892.
Ceglarniô - to je produktiwny ùstôw, w chtërnym z glënë są robioné cegłë na bùdowniã, a czasã téż jiné wërobinë.
Je tuwò téż nôwikszô w Eùropie zgrëpina mòczôr i pùszczów, chtërnë są stosënkòwò nienarëszoné dzejanim człowieka.
Join The Army, dzãka niemù nalôzle sã westrzód 100 nôlepszich karnów cządnika Billboard.
Dokôz nen pisół Mickiewicz z mëszlą ò wërwaniu sã òd sztridów w kòłach pòlsczi emigracje w Pariżu.
Za drëgą na swiece, a pierszą w Europie, ùznôwô sã Kònstitucjô 3 Maja.
Miono Tunis i Tunisia są od miona dôwni fenicczi bòżënë Tunit/Tannit.
Gò mòże pòsëpac cëkrem.
Ni mòże téż wëkònac wiãcy jak trzech kroków trzëmającë balã.
Òstałë òne równak òdczëtóne i zbadóné dopiérze w XIX st.
Pózni Krzëżôcë zómk wiele razë przebùdowiwelë, zmieniwelë.
Turmalinów je wicy zortów.
Paczétë soft-wôrë są tipiczno instalowóné w fòrmace *.tgz.
Je to 1834 rok naszi erë (pò narodzenim Christusa), 834. rok drëdżégò tësąclecô, 34. rok XIX stolatégò, 4. rok 4-égò dzesãcolecô XIX stolatégò.
Je to 1851 rok naszi erë (pò narodzenim Christusa), 851. rok drëdżégò tësąclecô, 51. rok XIX stolatégò, 1. rok 6-égò dzesãcolecô XIX stolatégò.
Kaszëbskô malëna zawiërô wôrtny substancëcje,witamina C,fosfor, żelazò.
Pòwijôczowatô dërdestówka (Fallopia convolvulus (L.) Á. Löve) - to je jednorocznô roscëna z rodzëznë dërdestowatëch.
To béł kaszëbsczi pòéta.
Wiôldżi kwantum bakcylów glótowëch,chtërné ùnôszłë sã w wòdze ùniemòżniwało branié kąpiélë.
Napisanô w PHP na licencëji GNU GPL, brëkùjącô do bazë dostónków nëkù MySQL.
Chcemë sã jednak wëòbrażëc, że jednak człowiek na taką gwiôzdã dolecôł i stanął na ji pòwierzchni trzimającë w rãce łëżeczkã.
W szóstą gòdzënã – pôłnié (Hekte) – je rozwôżanié ò ùkrziżowanim Christusa, jaczi bëło prawie ò ti gòdzënie.
W scanie je tôblëca, chtërna ùpamiãtniô biôtka z 1945 rokù.
Ùdba ta bëła zrëszonô w 1998 rokù jakno Gnuhoo.
Katolëcczi Kòscół Bizantińskò-Słowacczégò Òbrządkù (Gréckokatolícka cirkev na Slovensku) - to je jedna z chrzescëjańsczich wiarów.
Ùczi robòte wespół, wërôbi refleks, rozeznanié i intelekt ( pamiãc, mëslenié, mòwa ).
Gôdô głôdkò pò francuskù, miemieckù, ruskù i szpańskù i wiele rézuje pò Eùropie, Blisczim Wschòdze i Africe.
Mô téż pòwieczi i òkrãgłi zdrzél, a nié jak żnija pionowi.
W westrzédnym neolicie (3700 p.n.e. – 2500 p.n.e.) kamiané krãdżi zaczãłёsã pòjawiac w nordowi chmôlach Britańsczich òsёchach, rёchli przё sztrądach mòrzczich.
Wenezuelskô abò Wenezuelô (szp: República Bolivariana de Venezuela) je państwã w Pôłniowi Americe.
W efekce Cénôwa dostôł zakôz wëjazdu z gardu.
Z wiekã przëchôdô ùtrata mùskòwëch kòmórków, letëchny spôdk intelektualny (np. psychòrëchòwé spòmalenié) czë jiscba na fùnksnérowanié pamiãcë.
Jegò prototip mòżna òbaczëc w rzezbie z czasów Filipa II Macedońsczégò.
Òd samégò zôczątkù mô stolemné znaczenié dlô baderowaniô kaszëbsczi słowiznë i kùlturë i zwóny je czãsto „encyklopedią lëdowi kùlturë Kaszëb”.
W Polsce rozszérzoné je w całim krôjù.
W 1890 rokù do stetoskòpù bëła dodónô metalowi lirã midzé słëchùlkama.
Sztudérowôné zmienno wida ë farwë w zanôleżnocë dzéla dnia cze czadu rokù.
Mògą tu bëc np. wisznie i malënë.
Òna je òdznaczonô Złotim i Srébrznym Krziżã Zasłëdżi.
To bëło nad jezorã Druzno, a tam pierwi lëdze trzimelë hańdlową faktoriã i pòrt.
Òn sztudirowôł na Ùniwersytece we Lwòwie, a za swoje dzeło: Słownik języka pomorskiego czyli kaszubskiego béł wëprzédniony w 1889 rokù nôdgrodą Akademii Umiejãtnoscë w kònkùrsu miona Lindegò.
Tu mùszi dodac, że Ks.
Je to 1768 rok naszi erë (pò narodzenim Christusa), 768. rok drëdżégò tësąclecô, 68. rok XVIII stolatégò, 8. rok 7-égò dzesãcolecô XVIII stolatégò.
W 1781 rokù w Lewinie mieszkało 89 sztëk lëdzy, z czegò 76 sztëk bëło katolëkama, a 13 ewanielikama.
Òznôczô to, że jeden URL mòże òstac przëpisóny do cziles kluczowich słów.
Je to 974 rok naszi erë (pò narodzenim Christusa), 974. rok pierszégò tësąclecégò, 74. rok X stolatégò, 4. rok 8-égò dzesãcolecô X stolatégò.
Założëł, do grëpë z białką, we Wdzydzach pierszi na òdzwëskónëch pòlsczich zemiach, skansen.
Nawetka môłé mogą próbòwac nawijac, bò to je dobre zajãce żebë czwiczec pôlce.
Òb lato je na Kaszëbach czëc jak òn kucze.
Panieńsczé włosë (Galium palustre L.) - to je roscëna z rodzëznë prząszczkòwatëch.
Daje to òrganisce mòżlëwòtã zwiãkszaniégò abò zmiészaniégò sëłë głosu piszczówków z ti sekcjë.
Òna rozmieje zabic całi pòle z bùlwama.
Równak z czasã planktón sã tak rozrodzywô, że rëbë i jiné zwiérzãta nie są w sztãdze gò w całosce skònsumòwac.
Czôrnô Dąbrówka (
Pòluje ò zmiérzchù, wieczorama abò w pochmùrné dnie ale w miéjscach zacëmnionëch téż òb dziéń.
Midzë Kòrsyką i Apenińszczim Półòstrówã nalôzają sã m.jin.
Do kùńca roku je 71 dniów.
Jestin 1789, 1836; pòl.
Òni kòpią balã w III bôłtowi zdrëszënie.
Miono Jóna ma dzysô tramwaj gduńsczi nr.
Brda (téż Dbra) - to je rzéka dłużawë 238 km.
W XVII s. 1 czerwiony złoty béł wôrt 4-6 złp.
Nad jezorã w Żarnówcu je Zómkòwô Góra pò dôwnym grodzëszczu, skądka òbzerac mòże snôżé òkòlé.
Miastkò je stôrim słowiańsczim (pòmòrsczim) sedlësczã.
Wszëtczé ôrtë gadzënòw w Pòlsce mają prawną òchróniã.
Przezérnik òpisywôł na zaczątkù (an. to browse) blós brëkòwónié elemeńtów nawigacëji (do przódkù, nazôd.
Jich strzédnice dochôdałё do 400m tak jak w przёpôdkù Avebury.
Ùłożenié òksё pówłączёło sã rёchli z symboliką a nié z przёdatnoscą.
Le 200 lagrowëch ocalało z tej mùżdżówki.
Òna zajimô sã sprawama òchronë zdrowiô.
Pòzni òb czas wòjnë wiele lëdzy wësedlono, a miasto òstało zbómbardowóné.
Strzédnô cepłota lëftu w stëcznikù òd 7- 10˚C na nordze, do 14- 30˚C na pôłnim.
W 2008 rokù tu mieszkało 726 lëdzy.
Kòlka (Galeopsis speciosa Mill.) - to je jednorocznô roscëna z rodzëznë głëszkòwatëch (Lamiaceae).
Henrik Dawidowsczi (1929-) kaszëbsczi pisôrz.
Dosc dobrze sã ùchòwôł rok òbrzãdowy (m.jin. w wëgónianiém stôrégò roku, a kòle Gód w gwiôzdkach), pôloné są ògnie na św.
Wiczlëna (Daphne L.) – to je szlach roscënów z rodzëznë wiczlënowatëch (Thymelaeaceae).
Përzëca (w zdrojach: Piriz 1186, Puritz 1186, Piriz 1217, Pirijtz 1577 (Stefano Bonsignori), Pyritz; pòl.
Pòtãgòwską Rinnã, chtërną ògrańczô òd nordë i zôpadu rozległi kòmpleks Mirochòwsczich Lasów.
Szpanijczicë w 2014 rokù są wcyg méstrowie swiata w kòpóną balã.
Grzëbë – królestwo nôleżą do domenë jądrowców (Eucaryota).
Sóm Napoleon bòdôj zażëwôł òb rok trzë kg tobaczi.
Corocznie je kònkùrs kaszëbsczégò jãzëka òrganizowóny w Chmielnie.
Na lata 50-52 przëpôdô drëgô misyjnô réza, co sygnęła dalek poza grańce dzysészny Azji Mniészi.
Chònice (téż Chòjnice; w zdrojach: Chojnica, Choynicze 1454, civitas Choinice 1667, Konicz kòl 1688 (Marchionatus Brandenburgi et Ducatus Pomeraniae TAbula que est pars Septentrionalis Ciruculi Saxoniae Superioris.
Wierzgùlëca (Riparia riparia) - to je wanożny ptôch z rodzëznë jaskùleczkòwatëch.
Stamtądka wiele razë napôdôł jakno pirata na òkrãtë, ë dlôte dostôł pòzwã "pòslédnégò wikinga Bôłtu".
Do kùńca roku je 152 dniów.
Dzysdniowi Miemce znają piwò òb nômni 800 rokù przed nają erą.
Całô akcëjô dokôzu mô môl na Lëtwie, we wsë Soplicowò w rokù 1811 i 1812.
Dzysô mómë mòżlëwòta przesélac pòdôwczi w chutkòscą 10 Mb/s, 100 Mb/s ë 1 Gb/s.
W bùdinkù tim Mozart skòmpònowôł w 1786 Weselé Figara.
We Warszawie mô swój plac Sejm ë prezydenta Pòlsczi.
Baro chãtnô jé òdpôdczi ze smietników.
Òjc Swiãti Benedykt XVI kònsekrowôł gò do gòdnoscë bazyliczi mniejszi.
Wùlkanë wëstãpùją téż pònad plamama gòraca, chtërne mògą bëc pòłozoné z daleka òd grańców płitów, np.
Zwëczajnô brunelkaZwëczajnô brunelka (Prunella vulgaris L.) - to je wielelatnô roscëna z rodzëznë głëszkòwatëch (Lamiaceae).
Na zôczątkù swòjegò badérowaniô, pisôł Friedrich Lorentz, Slovinzische Grammatik, I, St.
Leno brómkôrz znajdëjący sã w brómkòwim pòlu (w òbrëmienim lënii 6 metrów) je zwòlniony z przestrzeganiô nëch zasad.
Trzeba tedë chùtkò wstajac, bò òb lato są np.
Dosc tëli jich mają gbùrze.
Òb lato kòl nas dnie robią sã corôz krotszi, słuńce wschôdô i "wòłô" nas do robòtë.
Kaszëbskô Bróma òddzeliwô gò òd Dólnégò Reduńsczégò Jezora.
Krëczczi wcyg głosno krzëczą: „kra, kra”, abò cëchłò: „grab, grab”
Jak sã zmieniła móda, sztëka òstała nazwónô "sztëką biedôków".
W 882 gard òstôł zdobëti wikinsczim włôdcą Òlegiem Mądrim, chtëren przeniósł tuwò swòje sedłowié.
Chrzescëjaństwò przejãło wiarã w janiołë z judaizmù.
Terô to prawie są Łemkòwie.
Szarô òlszô abò szarô ólszka (Alnus incana (L.) Moench) - to je roscëna z rodzëznë brzózkòwatëch (Betulaceae Gray).
Kanón swiãtëch ksąg w żëdzëznie òpisano kòl kùńca I s.n.e. w Jamni (Jawne).
Stolëcą regionu Katalonia i autonomiczné wespòlëznë ò ti sami pòzwie.
W ni bëło òdbicé żëcégò spòleczno-kùlturalnégò regionu”.
Antón òstôł ògłoszony swiãtim 30 maja 1232 rokù przez papieża Grégòra IX.
Je to 1006 rok naszi erë (pò narodzenim Christusa), 6. rok drëdżégò tësąclecégò, 6. rok XI stolatégò, 6. rok 1-égò dzesãcolecô XI stolatégò.
Kòstrzewa (Festuca L.) - to je szlach roscënów z rodzëznë Poaceae.
Do dzys tu stoi katolëcczi kòscół z 1905 rokù, jakno ë pòùpadłi lëtersczi.
Wëkònawczą wëszëznã mô rząd z premiérã, chtëren je pòwòłiwóny bez prezydenta.
We zdrojach gard pòzéwóno: Uznoimia civitas 1125, Uznoimi, Uznoim 1175, Uznam, Uznom, Uzdem, Usedum 1420.
W 1934 Czijew stôł sã stolëcą Ùkrajińsczi SSR.
Nôprzód òna miała jinszą wieżã.
W urzãdnëch sprawach, chtërne są prowadzoné na spòdlim ùstawù, pò zdaniu sã na rozsądzenié znajôrza nie brëkùje płacëc.
Ta zgrëpina bùdinków przedstôwiô dzejową, architektonową, krajowiédną i techniczną wôrtnotã.
Je to 994 rok naszi erë (pò narodzenim Christusa), 994. rok pierszégò tësąclecégò, 94. rok X stolatégò, 4. rok 10-égò dzesãcolecô X stolatégò.
Béł inicjatorã zawarcia 14 gromicznika 1950 pòrozumienié z władzama komunistycznymi.
Pòstãpną tegò tipù deklaracjã zawarlë w 1369t.
Gniôzda je w sztôłce snôdczi szôlczi, ùkrëté midze Kãpama trôw.
Kòlbôłtëcczé Centróm Kùlturë – to je samòrządnô jinstitucjô kùlturë.
Bëło pòwiedzenié ò tim, chto długò żużkô: „Spi, jakbë gò òpi zamówił”.
W amerikańsczi òrganowi bùdowiznie spòtikô sã głosë 64’, jaczi generują infrazwãczi.
Zwëczajny bôrwik (Vinca minor L.) – to je ôrt roscënë z rodzëznë Apocynaceae.
Lëdztwò gardu: 17 110 mieszkańców (
Je to 1852 rok naszi erë (pò narodzenim Christusa), 852. rok drëdżégò tësąclecô, 52. rok XIX stolatégò, 2. rok 6-égò dzesãcolecô XIX stolatégò.
Mòże w nich biegac kòżdi chto chce.
W hewòtnym rokù rozeszłosc juliańsczégò i gregòriańsczégò kalãdôrza wënôszała nôprzód 11 dni, a òd 13 strëmiannika wërosła do 12 dni.
Pismiono dlô kaszëbsczich sprôw”) – jedno z nôwôżniészich pismionów w dzejach kaszëbsczi rësznotë, stwòrzoné w 1908 rokù w Kòscérzënie.
Pò lubelsczi unie (w 1569) Czijew òstôł dołãczôny do Pòlsczi Kòrónë.
Póznym latem twòrzóm tzw.
Szarlach (Scarlatina) - to je zariwnô chòrosc ù lëdzy.
Wedle drëdzi teòrëji słowo to pòchòdzë òd miona rzéczi.
Pòwstało òno w 1974 rokù z jinicjatiwë David Lee Roth (spiôw), Edward Van Halen (gitara), Michael Anthony (basowô gitara) ë Alex Van Halen (perkùsëjô).
Dzôsiejszé tegò tëpù fligerë mògą pòkònac barierã prãdkòscë dzwiãkù.
Nordowô gwiôzda abò Panajezësów pies (Alfa Ursae Minoris) – òd stalat ta gwiôzda je wiedno na nordze i pòmôgô lëdzóm nalezc czierënczi swiata.
Żëje kòle 5 lat i zajimô sã skłôdanięm jajów ( kòl 750 000 w całim zëcim.
Na nordowim zôpadze i pôłniowim krańcu spòtikómë wikszim dzélã równiznë.
Długòsc cała: 18 cm.
Niedalek od stëgnë na wichrz górë wipłiwô zdrój zwóné Stëdnią Zdrowia, z chtërnëm związóné są legendë ò ùzdrowieniach.
Historicë nié są zgódni co do pòchôdaniégò pòzwë stónu.
Je to 922 rok naszi erë (pò narodzenim Christusa), 922. rok pierszégò tësąclecégò, 22. rok X stolatégò, 2. rok 3-égò dzesãcolecô X stolatégò.
Nowi cząd badaniów kaszëbiznë sparłãczony béł z przërëchtowanim „Atlasu językowego kaszubsczyzny i dialektów sąsiednich” (AJK).
Nôwiãkszé nôdzeje pòkłôdô sã w jedurnym egzemplarzu zakònserwowônégò w alkòhòlu szczéniãcia.
Tu na smãtôrzu mô grób o.
Je to 2019 rok naszi erë (pò narodzenim Christusa), 19. rok trzecégò tësąclecô, 19. rok XXI stolatégò, 9. rok 2-égò dzesãcolecô XXI stolatégò.
Swiãti Antón je tczony na całim swiece.
Karno jak narô zawieszëło swòją dzejnotã.
Nôwikszi gard to São Paulo.
Òn biwô ze stali ë mòże miec dzél zrobiony z drewna.
Park je òbëszłi murem, w chtërnym są bùdinczi z 1900-1914 rokù.
Łëpawa to je rzéka dłużawë 98,7 km.
Do kùńca roku je 15 dniów.
To bëł pierszi rôz, czej bëła brëkòwanô pòzwa Kaszëbskô.
Pózni ùcził sã w Shattuck Military Academy w Faribault w stanie Minnesota.
Kòl Lewina (w lasach Léòbòrë) je grëpa wczasnostrzédnowiecznëch grobniców datowónëch na 11. s., z centralno ùsëpóną stolemną grobnicą, jakô krëje bënë se szczątczi wòjownika (bòdôj wikińsczégò jarla).
Do kùńca roku je 14 dniów.
Òn dôł pòstawic Marijën Kòscół w Szczecënie.
Za dzecnëch lat bëła téż nôleżniczką karna „Spiéwné kwiôtczi”
W nym sã wszëstkò w kamienie zamiéniło, bëdło i òwce.
Ksãżé swiãcenia przëjimnął w 1935 rokù.
Stolemnô pùrchawica (Calvatia gigantea (Batsch) Lloyd) - je wiôldżim grzëbã z rodzëznë pólnicowatëch (Agaricaceae).
W tim samym czasu miele zakôz wëstąpów w całi Kalifòrnijë ë bële przez swòje pòliticzne tekstë pòd òbzórką FBI.
Kalkòwé wòdorostë, chtërne wëzdrzą jak czerwioné kłãbczi watë, są wôżnyma dzélama twòrzącyma rafã.
Òbéndowi jãzëk je definiowóny bez eùropejską kartã òbéndowëch czë miészëznianëch jakò jãzëk brëkòwany zwëkòwò w państwie òb lëczbòwò miésze òd resztë karno mieszkańców, jinaczącë sã òd ùrzãdniégò jãzëka.
Przëjeło sã, że cziej chtos w tłësty czwiôrtk nié zjé pùrcla, nie mdze mù sã wiodło.
W 2008 przeniósł sã do Lecha Pòznań, w farwach chtërnégò zdobéł mésterstwò, pùchar i superpùchar Pòlsczi, a téż titel króla strzélców Ekstraklasë.
Kòmpùtrë òsobisti dzelimë na stacjonarné i przenosné nadôwający sã do przenôszaniô np.
Wënalôzczi Janga, jakno deszczomierzôk czë wòdomierzôk pòdczorchniają technologòwé awansowónié dynastëji Joseon.
Mòże bëc, że przęnioslë je pierwsi ricerze, co wãdrowelë pò rozmajitëch krajach.
Ù nas òn je òbjimniãti ùrzãdową òchrónią.
Wiôlgòsc - dwie płcë równo wiôldżi, kùsk miészi òd wróbelk.
Wierzëca - to je rzéka dłużawë 130 km.
Zdrzódła rãczny balë mùszi szëkac w daleczi przeszłoscë.
W Brusach mô swòji môl jedurné Kaszëbsczé Òglowôsztôłcącé Liceùm, w chtërnym młodzéżô mòże chòdzëc na ùczbë kaszëbsczégò jãzëka i pózni zdôwac z kaszëbsczégò maturã.
W ji biblotekach mògłë bëc pòżëczóné ksążczi pisóné pò pòlskù.
Haszczisz ògrôdzô mùzykańtów, ale pòdetkiwô jima zaczarowóné skrzëpice i trąbë abò jejich zamiéniô na zaczarowóé.
Historiô ti szablé jidze òt Tatarów, òni bële w pòlsczi armii tak udało są ja spòpùlarizowac.
W latach 1922–1991 òna bëła wiôldżim dzélã Związkù Socjalisticznëch Sowiecczich Repùblików (ZSSR).
Z jaj wëkluwają się czijanczi, czasã równak ju przeòbrażoné żabczi.
Lëbiszk (Levisticum officinale) - to je wielelatnô roscëna z rodzëznë zelerowatëch.
Wôżczi nôleżą do ewòlucyjno nôstarszich westrzód terô żëjącëch òwadów.
Sadzenié nôleżi kùńczëc w pòłowie maja.
Ametist - to je mineral.
Je to 1882 rok naszi erë (pò narodzenim Christusa), 882. rok drëdżégò tësąclecô, 82. rok XIX stolatégò, 2. rok 9-égò dzesãcolecô XIX stolatégò.
Borzyszkowski, J. Mordawski, J. Treder: Historia, geografia, język i piśmiennictwo Kaszubów; J. Bòrzëszkòwsczi, J. Mòrdawsczi, J. Tréder: Historia, geògrafia, jãzëk i pismienizna Kaszëbów; pòd red.
W 1944 rokù wstąpił do kònspiracyjny Dëchòwny Seminarëji w Warszawie.
Miescy sã tuwò Pòmòrskô Strzédnowiecznô Òsada, w jaczi òbôczëc mòżna m.jin. zrãbòwé chëczë (wëbùdowané bez ùżiwaniô gòzdzów) i palisadã.
Pò ùstãpienim lodofôłtu òne nie bëłë do widzeniô, bò bëłë fùl zastarzałego lodu, pòkrëtnégò mòrenowim materiałã; pòkôzałë sã dopiérze pò òceplenim sã klimatu, przez wëtopienié sã negò zastarzałego sã negò zastarzałégò lodu.
Domôcy òseł (Equus africanus asinus) – to je niepôrokòpëtny susk z rodzëznë kòniowatëch.
Do kùńca roku je 78 dniów.
W drëdzim dzélu, wëgrelë liga znôł i doszlë do dokôzu Czielicha Anglii, przegrelë le z Aston Villą.
Prowizjô – to je fòrma wënadgrodzeniô subiektu w òprzenim ò sczënioną prawną dzejnotã.
Chléb – to je pieczëzna z ùpiekłégò casta, chtërnym je jednorodny miészónka mączi ze zbòżów rozmajitégò ôrtu i wòdë, colemało pò alkòholowi fermentacje (dodôwóné są młodze).
Mozart spãdzôł òstatné lata swòjégò żëcô we Wiedniù, gdze do dzysù mòżna zwiedzac jeden z jegò apartaméntów przë Domgasse 5, pòłożony w pòbliżu katedrë Sw.
Dokôzë kaszëbsczi prozë.
Danuta Stenka (ùr.
Kóra zbiérónô je 2-3 razë w rokù òb czas deszczowégò cządu.
To je baro rozumni i letczi do tresérowaniô pies.
Pszczelnik (Galeobdolon luteum) – to je wielelatnô roscëna z rodzëznë głëszkòwatëch (Lamiaceae).
Jegò dzejanié i miono dżinie westrzód lëdzy, żëje le jesz w gôdkach i pòwiôstkach.
Historiczné znaczenié - młodi robòtnik co robi zwyczajné, prosté robòtë np.
Pilëce (pòl. Jastrzębia Góra, miem.
Żëwòtnik (Thuja L.) - to je szlach roscënów z rodzëznë cyprisowatëch.
Dorzécznica zajimô 17 300 km².
Zwëczajny cës (Taxus baccata L.) – to je ôrt drzewiãca z rodzëznë cësowatëch.
Na plecach dwigô cãżczi miech z darënkama.
Drëdżim pòdle wiôlgòscë zgrëpòwanim Pòlôszów je Tucson.
Mielë sëna Wòjcecha (ùr. 1858) ë trzë córczi, òficjalno panieńsczé dzecë swòji mëmë.
Pôłniowô Kòreja pòdzélonô je na òsmë prowincëjów, jedną specjalną aùtonomiową prowincëjã, szesc metropòlijów ë jeden gard na specjalnëch prawach.
Skórcz 1925, Skórcz 1928; pòl.
Swinié pësczi (Hieracium pilosella L.) - są wielelatną roscëna z rodzëznë astrowatëch (Asteraceae).
Krëk (Corvus corax) — wiôldżi ptôch z rodzëznë krëkòwatëch (Corvidae).
Pierszi atomòwi zédżer powstôł w 1948 ròkù.
Je to 1602 rok naszi erë (pò narodzenim Christusa), 602. rok drëdżégò tësąclecô, 2. rok XVII stolatégò, 2. rok 1-égò dzesãcolecô XVII stolatégò.
Je to 1421 rok naszi erë (pò narodzenim Christusa), 421. rok drëdżégò tësąclecô, 21. rok XV stolatégò, 1. rok 3-égò dzesãcolecô XV stolatégò.
Mùzeum Kaszëbsczi Ceramiczi Neclów w Chmielnie je jinstitucją kùlturë, chtërna pòwsta w 1993 rokù.
Te òstrowë mają wiéchrzëzną 801 km².
Licencëjô GNU FDL (Free Documentation License) je licencëją kategorëji copyleft dlô dokumentów wolny dokùmentacëji (nie np.
Stôrô Wòdnô Kùzniô w Òlëwie stoji tu òd dôwna.
Lecha Wałęsy - kòd IATA: GDN, kòd ICAO: EPGD).
Teren wëszańca je òbjimniãti òsoblëwą òbéńdą òchronë sedlëszcza "Rekòwsczé Lasë".
Òd czile lat E. Gòłąbk robi nad wiôldżim słowôrzã pòlskò-kaszëbsczim (zawiérającym wiele przëkładów frazeòlogii), z jaczégò mdze wëdzélony mniészi, prakticzny słowôrz.
Thomas Kantzow (ùr. kòl 1505 rokù, ùm.
Kajawsczi dialekt je rozpòmiónowóny w nordowi Chòrwacczi.
Òna bëła scąti mieczą.
Miemcë mają go zabiti w chònicczi Dolëznie Smiercë.
Òne są niewiôldżé, dosc grëbé i różewé.
Samòdzelné wëdónié ksążkòwi pòwiescë ùkôzało sã w 1901.
Je to 1722 rok naszi erë (pò narodzenim Christusa), 722. rok drëdżégò tësąclecô, 22. rok XVIII stolatégò, 2. rok 3-égò dzesãcolecô XVIII stolatégò.
Kóńsczi jiczmiónk mòże rosc np.
Anna Maria Jopek (ùr.
Pòwstało òno w 1992 rokù w San Diego z jinicjatiwë Marka Hoppus'a (spiôw/basowô gitara)Toma DeLonge'a (spiôw/gitara), ë Scotta Raynor'a (perkùsëjô).
Do chòroscë doprowôdzy Rickettsia prowazekii, ale wôżny mògą bëc téż wszë.
Môłi mùsznik (Ficedula parva) - to je môłi wanożny ptôch z rodzëznë mùsznikòwatëch (Muscicapidae).
W zómkù òdbiwôją sã kòncertë, ricersczi pòkôzczi i wëstôwczi.
Miészé swiãcenia przëjął 14 gòdnika 1852, a swiãcenia kapłańscy 17 gódnika 1853 i òstôł sekretarzã biskùpa Kacpera de la Figùea.
Òglowé dania to bibimbap, naengmyeon, galbitang ë dwenjang jjigae.
Kalisz Pomorski, miem.
Dawid Szulëst (en: David Shulist) - ùr.
Je laùreatką Òrmùzdowi Skrë za 2012 rok.
Pnącô marzónka (Galium aparine L.) - to je wielelatnô roscëna z rodzëznë prząszczkòwatëch.
Miono gardu pò kaszëbskù òznôczô: Awangarda.
Budowniô bëła zniszczonô przez wiôldżi sztorm.
Je to 1758 rok naszi erë (pò narodzenim Christusa), 758. rok drëdżégò tësąclecô, 58. rok XVIII stolatégò, 8. rok 6-égò dzesãcolecô XVIII stolatégò.
W Pùcczi Hôwindze nazebrało sã wiele trëjącëch związków to i jidealny czedës nierzchòwiszczé dlô wiele ôrtów rëbów stracëło swòją wôżnotã.
Za jôdã mô drobné zwierzãta.
W nią òni wsadzëlë trëma, zakòpalë ją, a na to miejsce zasadzëlë chójkã.
Na pôłniowim pòrénkù stôré górë i pògórza.
Zbiorowé grëpë, czëlë tzw.
Gò mòże sôc na zôgónkach co piãc lat w tim samim placu.
Ana Lila Downs Sánchez, (ùr.
Znòny je m. jin.
Szalwija (Salvia L.) – to je szlach roscënów z rodzëznë głëszkòwatëch (Lamiaceae).
W 1928 r. zaczął Bùdzysz pùblikòwac kaszëbsczé dokazë w pismionie „Przyjaciel Ludu Kaszubskiego” (I seriô 1928–1929) redagòwónym przez niemiecczégò slawistã Friedricha Lorentza.
Òna biwô baro bòlesnô.
Pomerania nr 1, stëcznik 2001, ss.
Dzysdniowò warzenie piwa òdbiwô sã w apartnych ùstôwach - browaniach.
Môłi dzëdzół (Dendrocopos minor) — to je ôrt strzédnégò ptôcha z rodzëznë dzëdzołowatich (Picidae).
Òstateczno òbie stronë pòrozumiałë sã i zawarłë mir w Kaliszu 9 1343).
Żużulkô marësznëch lëdzy do spikù i jich bùdzy welësznëch ze spikù.
Swój zaczątk òno miało w 2006 rokù.
Był pierwszém kapelanam i dzałaczam powołanego w 1937 Stronnictwa Pracy.
Royal Society przëznało mù zôs Copley Medal.
Zwëczajny mëszélc abò mëszikról (Regulus regulus) — to je môłi ptôch z rodzëznë mëszélcowatëch (Regulidae).
Mieszkô i dzejô w mòrzach, mòrzëcach i raszach.
Ji sztôłt je pasowny do noszeniégò na pùklach i òna mô do tegò brekòwné pôsczi.
Òna je tu òbjimniãti dzélową òchrónią.
Dzysô taczé òbrazë i jich ùtwórców rzôdkò mòże ju spòtkac.
Czedës elektrifikacjô bëła dlô niégò wôżną robòtą.
Terôczasny Kòbëlôsz abò Kòbëlôszny Las i Pòtãgòwò są fòlwarkama pòwstałima na przeł.
Je laùreatã czilenôsce nôdgrodów za dokùmentalné filmë midzë jinszima w Lipskù, Berlënie, Chicago (Hugo TV Award) Karlowych Warach, Nyon, Krakòwie, Tampere, Trento, Teheranie.
Miónczi w artysticzny gimnastice zaczãłë sã w latach 40. XX wiekù w Związkù Radzecczim.
Do kùńca roku je 93 dniów.
Jeżlë sã trafi bez taką òbrãcz, dodôwô sã do wënikù dëbeltną lëczbã pùńktów za nen strzél (przikłôd: strzél bez òbrãcz z zonë za 2 pùńktë je wôrt 4 pùńktë).
Neùtronowé gwiôzdë òkróm pùlsëjącégò radiowégò promieniowaniô emitëją téż pulsującé promieniowanié widzalné i rentgenowsczé.
Më nie wiémë, w jaczi sposób Szaweł zetkł se z notejszą kulturą grecką.
Regùlarnych – bò jich spòsób zëcô Ewanielią je òpisóny w Kònstitucjach i Regùlach Zakònu.
Sosnica (dólnomiem. Sassnitz; miem.
Biég nen legł ù pòdstawë òpòwiesci wedle chtërny pòsłańc Filipides biégł do Aten z klëką ò dobëcym ë grozbie ze strone persczi flote.
W 1712 rokù w tich stronach pszczélk mógł bëc człowiek widzałi, bò zemia tu je do gbùrzeniô lëchô.
Je to 1709 rok naszi erë (pò narodzenim Christusa), 709. rok drëdżégò tësąclecô, 9. rok XVIII stolatégò, 9. rok 1-égò dzesãcolecô XVIII stolatégò.
Je to 1724 rok naszi erë (pò narodzenim Christusa), 724. rok drëdżégò tësąclecô, 24. rok XVIII stolatégò, 4. rok 3-égò dzesãcolecô XVIII stolatégò.
Do ni trzeba dodac młodze zmiészóné rëchli z mlékiem i përzną mączi.
Òn ùmarł z głodu w KL Sachsenhausen.
DNA (deoxyribonucleic acid), to je biopòlimer, chtërni zamëka geneticzni informacëji w żëwich òrganizmëch, i je ò sztrukturze 2 nicë, zwiniãtëch w sztôłt helisë.
Czej sã mësli ò taczim dzejanim, tej dobrze je sã bëlno wezdrzec na snôżotã òkòlégò, chtërna mòże bëc "magnétã", co przëcygnie wanożników.
Jich òstatny albùm Synchronicity ùkazôł sã w 1983 rokù.
W latach 80. XIX stalata Szwajcar Émile Jaques-Dalcroze rozwinął euritmikã – ôrt fizycznégò treningù dlô mùzyków i tancôrzów.
Plita (Scardinius erythrophthalmus syn.
Felą je pòdajnosc balków na gnicé, zato procëmno do pòpùlarnégò pòzdrzatkù, dobrze zaprojektowóny wiãzarkòwi bùdink nie je barżi pòdajny na zapôlenié jak kònstrukcëje jinëch ôrtów.
Pò tim, jad stôł sã dozdrzelałi Łoczetk razã z bratã Kadzmiérzã òbjął rządë na Kùjawach i zemi łãczicczi, a pò smiercy Leszka Czôrnégò (jegò brata) przejął téż zemiã sieradzką (1288r.
Jedna roslëna kwitnie òkòło 6-7 dni.
To je rëba do jedzeniô.
Wkół cerkwi Pańsczégò Przemienieniô (z trzech stron – nordowi, pòrénkòwi i pôłniowi), westrzód wësoczich sosnów, stoją tësące krziżów.
Masa słuńca (1,989 ×10 30 kg) je kòl 333 tësący razy wikszô niżlë masa Zemi i to je kòl 99,86% całowny masë Słuńcowégò Ùstawù.
Uniwersalny leksykon sztuki Muza S.A., M. Bernhard i inni rok wyd.
Do kùńca roku je 138 dniów.
Benedictus, prosbã, Òjcze nasz ji òracëjô.
Niech pòkój bãdze w twòjëch mùrach, a bezpiek w pałacach twòjëch!”
Niżi lësta nôwikszëch z pòlsczich gardów.
Rãkawiczczi - są wcygóné na rãce jak je zëmno, a czasã przed robòtą.
Pòklôsztorny kòscół sostrów z zôkònu sw.
Òpiórzenié prawie wiedno dërdzawòbruné.
Zwãk òdziwô sã tej, czej òrganista przë ùżëcym trakturë grë (klawisza) òtemknie wentil doprowadzający left z registrowégò kanału do piszczówczi.
Sétmelëstkòwi pòwroznik (Potentilla heptaphylla L.) - to je ôrt roscënë z rodzëznë różowatëch (Rosaceae Juss.).
Letni sezon turystyczny trwa przez kilka miesãcy - trudno precyzować dokładny òkres, gdyż je to zależne od danegò roku.
Pingwin dôwnô pòzwa 'bezlotë' (Spheniscidae), blós le jednô familëjô ptôchów z rzãdë pingwinów (Sphenisciformes), òbjimającô 17 zortów.
W Langdale w Lake District je nowicy z wczasnёch tego tipù obiektów.
Pòszczesnik (Lolium L.) - to je szlach roscënów z rodzëznë Poaceae.
Artisticznô gimnastika to spòrt, chtërny parłãczi w se elementë baletu, gimnasticzi, tuńca i ùmiejãtnoscë ùżiwaniô przëbòrów.
Mëszôk abò zwëczajny mëszôk (Stellaria media (L.) Vill.) – to je jednorocznô abò dwalatnô roscëna z rodzëznë granôtkòwatëch (Caryophyllaceae).
Pierszé lata pò wòjnie to czas wiôldżich przemieszczeniów lëdztwa.
W 2002 r. Kabaret òstôł wëprzédniony nôdgrodą Òrmùzdowô Skra, jaką przëznôwô redakcjowé kòlegium cządnika „Pomerania”.
Jak mòżna jesc kwiatnik?
Gazownik - to je dzél spôliwnégò mòtora, w chtërnym sã miészô òpôł i lëft.
Je to 1717 rok naszi erë (pò narodzenim Christusa), 717. rok drëdżégò tësąclecô, 17. rok XVIII stolatégò, 7. rok 2-égò dzesãcolecô XVIII stolatégò.
Mrągòwiusz béł pòmësłodôwcą programù badaniów kaszëbsczich.
W Pòmòrsce i Kaszëbsce grif je òd XII wiekù, ale òstateczno za herb Kaszëb ùznôł gò Aleksander Majkòwsczi.
W 2017 rokù bëła dodôwnô rekrutacja na kaszëbską etnofilologiã.
Miono "Korea" abò czasã "Corea" (wëprowôdzô sã je òd miona Koryŏ (고려; 高麗)) je neùtralnym mionã brëkòwanym dô dwóch państw.
Znónym zachòwonim bòcóna je chùdczi kłaponi dziobem, wëkrącônié karkù do tëłu i òpùszczônié głowë.
Zemia mô pasowną masã ë grawitacëjã dlô ùtrzëmaniô wiodrowinë, chtërnô téż chróni przed szkódnym ùltrafioletowim parminienim ë téż magnétowé pòle chróniącé przed słuńcowim wiatrã.
Miono karna pòchôdô z knédżi Stephen'a Kings'a It, dzé prawie tak przeziwôła sã sztatura klauna.
Òd 1944 rokù do ùsmiercaniô lëdzy służił tu gaz.
Czasë równak bëłë baro niekòrzëstné dlô chrzescëjónów.
Pò anielskù to je An 1880 Journey through Kashub, Poland by Hieronim Derdowski.
To je ôrt suska, chtëren - co za dzyw - niese jaja jak gadzënë.
Checzë òdwiédzéwô tej karno przezeblôkańców, chtërny z wiôldżim jôchã wchòdzą do chëczi i robią przë tim wiele wërwasu.
Domôcô òwca (Ovis aries) - to je susk z rodzëznë wòłowatëch (Bovidae).
; w tim téż roku ostało rozrzeszoné.
Zafùlowôł jã wspòmniónym żëcopisã własnym, napisónym równak dosc pò wiérzchù ë placóma enigmaticzno, a do té, w zasadno wieloznacznym jãzëkù, jaczim je łacëzna.
Gmina Serakòjce (
Józefa Oblubieńca, gdze nastãpnié òdprawióna òstała msza żałobna pòd przewodnictwem kard.
Òn żëje nad m. jin.
Ten òstatny pòdczorchiwôł równak apartnosc kaszëbiznë òd pòòstałëch pòlsczich dialektów.
Myślibórz (we zdrojach: Soldin 1298, Soldine 1309, Soldyn 1575 (1579), Soldijn 1577 (Stefano Bonsignori), miem.
Czãsto ju titël je zapisóny z felama, diakriticznëch znaków ni ma wcale abò są lëchò pòstawióné, a nie jedné słowa ùżëté są w niepòprawny gramaticzny fòrmie.
Òd negò czasu we filmòwi technice miôł plac zacht pòkrok.
Wëstãpòwanié zanôleżi òd klimatë i lëdzy.
Mùzykã do filmù napisôł Wojciech Kilar.
Samòbëtno, techologijô wërobkù piwa pòwstała téż na jinszëch kòntinentach.
Sparks zajãła sã téż jinszëma mùzycznëma ùdbama.
Sësz (we zdrojach: Susz (Cenôwa); pòl.
Róża (Erysipelas) - je chòroscą ù lëdzy.
Zwãk pòwstaje przez dërgòtanié lëstka, czedë miech przë akòrdionie je pòrëszany i przechòdzy przez niegò left.
Je to 1720 rok naszi erë (pò narodzenim Christusa), 720. rok drëdżégò tësąclecô, 20. rok XVIII stolatégò, 10. rok 2-égò dzesãcolecô XVIII stolatégò.
Jegò starkã bëł buddajsczi mnich.
Kanadejsczi Kaszëbi wiele razy przëjéżdżelë na Midzënôrodny Zjôzd Kaszëbów.
Kòl rokù 1950 przeprowôdzonëch òstało wiele badaniów w familiach òbcążonëch tima zabùrzeniama i prawie gen 15 DYXS1 miôł wëwòłiwac zmianë w rozwòju mùskú i pòstrzeganiù zdrokòwim i słëchòwim.
Ò ti wsë pisele ju w 1275 rokù.
Są téż zabôwczi dlô zwiérząt.
W 1968 zakùńczëł wespółrobòtã z BBC (òbwinialë gò ò niedostatk obiektywnotë) i wrócëł do Biafry jakno tzw.
Leżi w lasny òbéńdze Tëchòlsczich Bòrów, na kraju Wdzydzczégò Krôjòbrôzowégò Parkù, nad zôpadnym brzegã Wielewsczégò Jezora.
Kògò pózni do Berlina na pòsła welowac.
Aleksander Hilferding (1831-1872) béł rusczim ùczałim.
Smiérc przerwała robòtã Mozarta nad mszą żałobną Requiem.
Kòpie jamë w zëmi i tam mô młodé.
Òb zëmã pòkôziwają sã apartno, próbë zaòstaniô òb całi rok nie są regùlarné.
I co je czekawé, farwë, jaczima òbstrojiwelë kòfrë zanôlégałë òd dostónkù, gwôscëcélów bòkadnotë, òd jegò spòlëznowégò stónu.
Kukówczëna kapùsta (Menyanthes trifoliata L.) – to je roscëna z rodzëznë bòbkòwatëch.
Nôczãscy je to nitka abò wôłna.
Jablón - to demòn sadów, sprôwca kradzë brzadów i jarzëtwë.
Sãdza mùszi rozmiec wësłowic sã w dwùch jãzëkach (mòwno ë na pismie).
Piérszé ùmëslenia janiołów jistniałë ju w starożëtnim Egipce i Babilonji.
Pierszô zmiónka ò Karwiô pòchôdô z 1274 rokù.
Encyclopædia Britannica z 32 tomama ë wicy jak 65.000 artiklów.
Piôskòwi zédżier (Clepsydra) - to je tip zégra, chtëren mierzi czas przez przesëpòwanié píôskù z górë w dół.
Je to 1804 rok naszi erë (pò narodzenim Christusa), 804. rok drëdżégò tësąclecô, 4. rok XIX stolatégò, 4. rok 1-égò dzesãcolecô XIX stolatégò.
Długòsc òd kãbù do ógóna mô bëc takô jak jegò wësokòsc.
Starzenié sã je apartné dlô kòżdégò człowieka, a jegò nëk ù kòżdégò sã jinaczi.
Jegò robota polégô na rozkoscérzanim kùlturë m. jin.
Film je wizualnym dokôzã złożonym z dowòlno dłudżi serëji nastąpiającëch pò se òbrazów, jaczé wëwòłëją doznanié rësznotë ë bezùstónkòwòscë.
Pasturkóm wiédzã dôł.
Kòmisjô Sprawiedlëwòtë i Prawów Człowieka – to je jedna ze sztabilnëch sejmòwëch kòmisjów.
Z greczi przełożił na kaszëbsczi jãzëk.
Wiele mòwòùczałich daje nen jãzëk do grëpy ałtajsczich jãzëków, jinszi do jãzëków izolowónëch.
Jezës zjawił sã jaknò naj brat.
Sztùdérowôł tam jeden semester i wrócył do Newcastle, gdze przez pół rokù robił na bùdowie.
Nomachi: U Kaszubów w Kanadzie.
Terô pòlskô pòzwa pòchòdzy òd brëtëjsczi firmë Rover, chtërna przódë zajima sã robieniém kòłów.
Jinô, zdrzódłowô jinfòrmacjô pòchòdzy z 1485 rokù ze Słôwna, chtërne miało wësłac pielgrzyma na te trzë swiãte môle, bë òdpòkùtowac pòwiesenié ricerza Burcharda von Winterfelda.
Bez 40-50 dniów zajimô sã nima i barni, czej rowarzëją.
Dwie pierszé pòdpisôł „Wójkasen”, a òstatną swòjim drëdżim mionã „Stanjisław”.
Marcin Wyrostek (ùr. 16 rujana 1981 w Jeleniej Górze) – polski akòrdionista.
Schnitzelbank dôł téż zôczątk szlachòwnym spiéwónkòm w jinszich jãzëkach, np.
W Pòlsce kwitnie w czerwincu ë lëpińcu.
Je to 1694 rok naszi erë (pò narodzenim Christusa), 694. rok drëdżégò tësąclecô, 94. rok XVII stolatégò, 4. rok 10-égò dzesãcolecô XVII stolatégò.
Stołowi tenys' (téż pingpong) to je takô jigra, w chterné biorą ùdzél 2 (jigra pòjedincznô) abò 4 òsobë (ijgra dëbëltowô), zanôlégô na òdbijanim môłé bali rakétą tak bë przeleca nad satką na drëgą starnã stołu.
KÔŁP SNIEGULC wydaje zwęki ksykające i zachrapiałi.
Ten czas Të mùszisz przetrzëmac i dzéń w dzéń gadac pò kaszëbskù.
Rëbackô flota zmniészëła sã jaż o 40 %.
W kùńcu 19. stalatégò òsecczi majątk słëchôł do rodzëznë Zielke mającë 532 ha gruńtu.
Stôwiónébёłё w neolicie i téż w epoce bronksu terenach Bretanii, Anglii i Irlandii.
Mlékò nie piją lëdzë w Chinach, Japonié i Pòlinezyjsczich wëspach.
Pôlëdło - to je przërëchtënk do grzôniô wësoczima temperaturama przez spôlëwanié gazu abò jinégò òpôłu.
Tu je znóny kòscół.
Jugòsławiô-Serbiô nie ùznała nëch samòstójnotów i pòsłała swòją armiã do nëch 2 państwów, chtërny wòjskòwi napôd zôczątkòwôł bałkańską wòjnã.
W żëcym Katarzënë przëszłë terô pòwôżné zjinaczenia.
Je to 886 rok naszi erë (pò narodzenim Christusa), 886. rok pierszégò tësąclecégò, 86. rok IX stalatégò, 6. rok 9-égò dzesãcolecô IX stalatégò.
W ti sytuacji ni mòźë bëc zrównoważonô przez skòńczoné cësnienié i cało nieùchronnie mùszi zapadnąc sã do wëstrzódka, co prowadzy do pòwstaniô czôrny dzurë.
Tedë òna mòże bëc głodnô abò mô pisklãta do wëkarmieniô.
Do wëtwòrzenio wiôldżi ilosce mléka mùszi bëc wiôldżi stado bëdła.
Jakno Andrisów Gùst pisywôł felietónë.
Kaszket – to je czôpka z nëbą dlô chłopów.
Theophilos òznôczô przëjacela Bòga, co pedług ùniwersalizmù ddwù-dzeła – pisôł do kòżdégò, chto chcôł bëc prëjacelã Bòga.
To je rezerwat biosferë Òrganizacje Zjednónëch Nôrodów do sprawów Pòùczënë, Ùczbë ë Kùlturë (UNESCO).
Quilling swòj pòczątk mô w XV w. (wg jedny z teorii) to klôsztornicë z Włoch i Francji dekòrowalë symbòle religijny dłudżima pasykama wëcãtymë ze starëch knigów z pazłoconëma brzégóma.
W 1946 rokù pòwstało International Handball Federation (IHF), chtërna czerëje terôczasno rozwijã discëplinë.
Zemny pszmiél (Bombus terrestris) - to je ôrt òwadów z rodzëznë pszczołowatëch (Apidae).
Mickewicz miôł sztërzech bracy: stôrszégò Frãcëszka i młodszich – Aleksandra, Jerzégò i Antóna.
Przez dekadã 2007-2017 mają zrealizowóné 22 projechtë i zòrganizowóné cziledzesąt rozegracjów.
Samica znôszi òd 400 do 1800 jaj ò strzednicë 1,5-2 mm, z galaretowatą òsłonką 9-12 mm.
Te òkresë pùlsacji zdrzeszoné są z òkresã òbkrãceniô gwiôzdë, a mòdel emisje radiowégò promieniowaniô przëpòminô përznã blizã.
David Jude Heyworth Law, (ùr.
Sënô róża (Rosa dumalis L.) – to je czerz z rodzëznë różowatëch (Rosaceae).
Krësztof Kamil Baczińsczi pòległ na pòsterunkù w pałacu Blanka 4 zélnika 1944 rokù.
Jak rosce ceplëzna, ceklëna rozszérzô sã i je wëpëchónô do górë rérczi.
Jana Chrzcëcela w Serakòjcach - je òd 1983 rokù.
Wiele nim je wëszëté np.: w pszczółce i mòrsczi gwiôzdze.
Z dorobkiem 151 gòli jest òn nôskùteczniejszim zagrańcznym piłkarzã w historii Bayernu Mònachium.
Do òzdobë mòże tu bëc sadzony Juniperus sabina.
Wëkrëkùs - je to mërawi duch niżészigò szlachù, demòn wëszczergów i przezwëstków.
Szwedzkô je kònstitucyjną mònarchią.
Òkróm tegò mòżna spòtkac czile tesący nieczinnych wùlkanów na lądze i pôradzesąt tësący pò wòdą.
Je to 1856 rok naszi erë (pò narodzenim Christusa), 856. rok drëdżégò tësąclecô, 56. rok XIX stolatégò, 6. rok 6-égò dzesãcolecô XIX stolatégò.
W Nilu roscą papirusë, lotosë i żëją rzeczne zwiérze jako krokodilë i hipopotamë.
Piotra i Pawła; 2) òpisëjącé tóń, a wic ji topògrafiã, np.
Jãzëkòwò szląsk pòdzélëc mòże na partë pôłniowi ë nordowi (czasã wëapartniwô sã téż strzédny).
Marijën Kòscół w Sztetënie - to béł kòscół p.w. Nôswiãtszi Mariji Panienczi.
W mezozoikù bëł to môl òbsadzony przez mòrze.
"Kashubia to Canada : crossing on the Agda : an emigration story" (2003) i biwô na Kaszëbach ze swòjim chłopem.
Przed wòjną wies, jakô bëła sedzbą wójtostwa (do 1975 rokù) mia charakter môłégò gardu.
Je ùsadzonô z dwóch wlëg (Wlëga Carnavon ë Wlëga Perth), chtërne mają wiôldżą ùbitosc ùsôdów.
Pòjãcé "Pùstków" stało sã wôżną figùrą w ùtwórstwie Jana Drzeżdżona, òsoblëwie w Twarzë Smãtka.
Błotny krokòdil (Crocodylus palustris) – to je ôrt gadzënë z rodzëznë krokòdilowatëch.
Stón Nowi Jork leżi pòmidzë taczima stanama jak: Vermount, Connecticut, New Jersey i Pennsylvania.
A òd żniji apartni sã òn tim, że mô słabò zaznaczoną szëjã.
Na całim kontynentach, wëjimk Afrika.
Òd 1935 rokù sztudérowôł pòlaszëznã na Warszawsczim Ùniwersytece.
Babié ùszëszcza abò babié ùszë (Gyromitra esculenta) - są grzëbama.
Wierã wszëtcë długò żdają na cepliszé zymkòwé dnie, chtërne dôwają lëdzama wiele redotë ë ùcechë?
Òd 2000 rokù dzejô tuwò jedurnô w gminie strzédnô szkòła - Kaszëbsczé Òglowòsztôłcącé Liceum.
Zajimô sã przede wszëtczim człowiekã, le badérowónym òbiektã mògą bëc téż zwierzãta.
Jeléń jé roscënë.
Zeùs z ji skórë zrobił sobie tarczã, znónô jakò Egidę.
W hardcorze jidze ò bënowé nastawienié, mòralnotã ë pòliticzné angażowanié.
Marta bëła baro dobrą gòspòdënią i białką ò mòcni wiarze.
Jak òni bëlë bliskò Lëpùsza, tej trëma z matka spadła z wòza òd tegò trzãseniô.
Kùńcowô pónktacjô je rozmajitô, mòże bëc òsóbnô dlô kòżdégò ùłożënkù, mòże téż bëc sëmą òcenów z wszëtczich.
Pò II swiatowi wòjnie bëło przesédloné kòle 80 tës.
Òna mô wkół òczu pióra, ale do jachtowaniô òb noc barżi je ji pòtrzébny słëch.
Głównym òrganã państwòwi władzë je Nôwëższô Radzëzna Ùkrajinë (ùkr. Верховна рада України), a głową państwa – prezydent.
Téater - to je przedstôwianié przez teatrowników zamkłosce scenowich dokôzów.
Pò kùpienim miasta Krzëżôcë mielë swòjã sedzbã w stôrim gardze, jaczi pamiãtôł jesz czasë sënów Henninga Behra.
Jesz na zôczątkù XX-gò stolatégò jistniałë tam aùtochtoniczné dialektë kaszëbsczé: nordowòpòrénkòwé- wiôlgòkacczi, witomińsczi, sopòcczi; ë pôłniowòpòrénkòwé: òlëwsczi, brzezënsczi, matarnsczi.
Tu w 2008 rokù mieszkało750 lëdzy.
Przed 1999 rokã òbéńdë, chtërné ùtwòrzëlë wespółczasné pòdlasczé wòjewództwò, bëłë pòdzelone midzë trzë ju niejistniejącé wòjewództwa: suwalsczé, łomżyńsczé i białostocczé.
Abë zrozmiec sóm znak, słowôrze ë szkòłowé ùczbòwniczi pòdôjã nie blós zwãk a téż znaczënk.
Smëdlës – to je rãczné nôrzãdło, chtërno lëdze brëkùją czasã np. do skòbleniô drewna.
Rozwerk – to béł mechaniczny przërëchtënk, chtëren mòc zwierzów (np. kòni) zmieniwôł na sztërk òbrocënë prowadzony do stacjonarnëch maszinów np.
W ti fazë Miesądz wschôdô w dzéń.
Mòdlëtewnik do liturgeji gòdzënów mô pòzwã brewiarz i czasã biwô tak òkreslóny samò liturgiô.
Nënka mô stara ò swòji dzecë-môłi jéże.
Burnside ùrodzëł są w rokù 1926 w nordowi Delce Mississippi.
Ùrodzył sã 17 stëcznika 1706 r. w Bòstónie jakno dzesąti syn w rodzënie, w chtërny bëło razã sédemnôscë dzecë.
Gazela (Gazella) - to je szlach antilopów z rodzëznë wòłowatëch (Bovidae).
W gromicznikù 1945 rokù bez Lëniô przeszła kòlumna sôdzowników kòncentracjowégò lagru Stutthof (tzw. Marsz Smiercë).
Czedës béł òkrãtowi cesla.
Je to 879 rok naszi erë (pò narodzenim Christusa), 879. rok pierszégò tësąclecégò, 79. rok IX stalatégò, 9. rok 8-égò dzesãcolecô IX stalatégò.
Bez to naczãło sã jegò drëdżé żëcé, równo brzadowné jakno pierszé - ë wcyg dérëje.
W 1912 rokù òn rozparcelowòł 900 mòrgów swòjégò majątkù midzë chłopów.
Zawòłanié òstrzegawczi zbliżony je do głosu warnë – „krak”.
W rãkach Miemców bëło wiele warkòwniów i majątkków, na przëmiôr w Krokòwie wiele gbùrsczi zemi nôlezało do familii von Krockòw.
Etnologiô je ùczbą ò lëdach.
W krézach lãbòrsczim, bëtowsczim ë stôłpsczim na wnożëna mô pòwtórzny charakter - pò II swiatowi wòjnie Kaszëbi zamieszkale na môlach swòji pierwoszny wnożëny, po wëwiezeniu z ni miemiecczégò lëdztwa przez wëszëznë Pòlsczi Lëdowi Repùbliczi.
Słowizna nie je baro urozajiconô, ukłôd tekstu nié za mocko szëkowny, a môlama nawetka niedbałi.
W karnie „Mòdrôczi” Natalia sã ùczëła grac na skrzëpkach, spiewac i wëstãpòwac na binie.
Kòstoba (Neottia nidus-avis) – to je wielelatnô roscëna z rodzëznë srokôczowatëch (Orchidaceae).
Ritm żëcégò gòspòdarstwa wëznôczają terminë robòtów w pòlach i czas òpòrządzaniô chòwë, przejôwiô sã òsoblëwą wònią, zwãkama np.
W ni lëdze mògą je òbzerac.
Rãkòpis kaszëbsczégò słowôrza dostôł òd Mrągòwiusza rusczi badéra P. I. Prejs, jaczi w 1840 napisôł z niegò rapòrt (skrodzoną wersjã).
Trzecy "Na skraju Pòmòrza" béł wëdóny w 2006 rokù.
Jesz w strzédnowiekù pòddałë sã romanizacëji, a niechtërne mòże bëc, że madżarëzacëji.
Pòd kùńc żëcégò skùńcził kùreszce Majkòwsczi pisac swój nôwikszi dokôz, chtëren na wiedno zagwësnił mù pòczestny môl w dzejach całi kaszëbsczi pismieniznë, czëlë „Żëce i przigodë Remusa.
Krótkò Pòlanowa na górze w lasu je czasã kaszëbsczi òdpùst.
Òkróm tegò zaczął na nowò wëdôwac „Gryfa”.
Ji lékarzenié je mòżlëwi.
Jesz w połwie XIX stalat lësowatô kania ùznôwónô bëła za jeden z wielnëch gatënków drapcowatëch ptôchów Pòlsce, chòc ji wielnota zacza spôdac ju w XVIII stalatach.
Czasã jaja mëgów sã nie rozwijają, czedë nie przelezą przez cząd chłodu i nie nalezą sã w wilgòtnym strzodowiskù przez gwësny cząd.
Jegò stil pisarsczi wëróżniwô sã wiôldżim piãknã i elegancją grecczégò dialektu.
Jednostronowi zwónk (Campanula rapunculoides L.) - to je roscëna z rodzëznë zwónkowatëch (Campanulaceae Juss.).
W zwëkòwi słowiznie stolëca to centróm jaczégò dzejaniô, np.
Bes (Sambucus L. ) – to je szlach roscënów z rodzëznë besowatëch.
Myśli nie tylko o sobie.
Wãbórk - biwô zrobiony z blachë, przóde béł z drewna, terô czãsto z plasticzëznë.
Kaszëbskô wika (Vicia cassubica L. 1753) - to je wielelatnô roscëna z rodzëznë bòbòwatëch.
Barżi awansowóné editorë tesktu mianëje sã procesorama tekstu.
W Pòlsce je pòspòlitô na całim òbszarzë.
Je to 1881 rok naszi erë (pò narodzenim Christusa), 881. rok drëdżégò tësąclecô, 81. rok XIX stolatégò, 1. rok 9-égò dzesãcolecô XIX stolatégò.
Subisław I Rozkòscérzélc (ùr. kòl 1130 – ùm.
Przòdë tak wiele jich nie dżinało na szosëjach, terôz corôz wiãcy.
Medicyna je ùczbą jakô òbjimô całosc wiédzë ò zdrowim ë chòroscach, jich lékarzenim ë zapòbieganim.
Kònduktë wëkònywóny są z drewna, tekturë, ołowiu, plastikù i jinszëch sztëcznëch twòrzëwów.
Je to 1434 rok naszi erë (pò narodzenim Christusa), 434. rok drëdżégò tësąclecô, 34. rok XV stolatégò, 4. rok 4-égò dzesãcolecô XV stolatégò.
Ód 1900, pòblikùòjącë w „Wãdrowcu“ cykl felietonów pòd titlã Dzecë i wëchòwanié, zaczął ùżëwac pòwszechno znónégò pseùdonimù „Janusz Kòrczôk“.
Òn pòrzucył sztudérowanié i òfiarowôł sã kònspiracji i pòezji.
Na òglowé òbtaksowanié skłôdają sã pónktë w trzech dzélach, w chtërnëch dôwô sã bôczënk na: technikã, artisticzną wôrtnotã i wëkònanié.
W tim parkù je m. jin.
Mòże rzec: "Maszop maszopòwi krziwdë nie zrobi."
Cãżczé czasë ë dzeje jegò żëwòta nie zletczają dozéraniégò pamiãcë ò nim.
Kôczornica (Nuphar lutea) - to je wielelatnô roscëna z rodzëznë kòblunowatëch (Nymphaeaceae).
Lëtra ta pòchòdzy òd grecczi lëtrë Eta (Η, η) i fenicczi het.
Nôwiãkszé w ùprocemnienim do wiéchrzeznë miasto w krajach Bôłtu, wiôldżé gòspòdarczé, finansowé, industriowé centróm; banowi, dargòwi, fligrowi transpòrt; centróm kùlturë i nôùczi, 8 ùniwersytetów, w tim Wilëńsczi.
Òb dzesãc lat óbserwacji (2001–2010) zaóbserwówóno że je jich corôz mni.
Psotnik (Euphorbia helioscopia L.) – to je jednorocznô roscëna z rodzëznë psotnikòwatëch.
Okróm wòjarzów w zómkòwëch mùrach mieszkelë a robilë jich służkòwie òd kùcharzeniô, wòzów, spikrzów, kòniów, itd.
Zélint, zelińt abò mòrsczi pies — to je szlach rabùsznych susków z rodzëznë Phocidae.
W młodich latach ùcził sã m. jin. w Kartuzach.
W ni są pòsélce.
Pò nim bëlë: Maria Reszke, Renata Bòhl, Henrik Jakùbczik.
Górnołużëcczi jãzëk szlachùje za kaszëbsczim, np.
Wòjna òmina ten plac.
Tak zómk òstôł jedną z sedzbów, gdze mieszkalë ksążãcé gdowë ( òd nich pòzwa jednégò dzélu).
Pòd kùńc 1906 rokù wrócył do Warszawë.
Czerwònuszk (Erithacus rubecula) — to je môłi wanożny ptôch z rodzëznë Muscicapidae.
Do kùńca roku je 17 dniów.
Didgeridoo - abòrigeńskô jinstrumenta drzewnianô.
W Pòlsce je baro rzôdka i wëstãpùje na môłim òbszarze.
W Mùzeùm òbôczëc mòżna téż robioné we Francji flutinë, zwóné parisczima akòrdionama.
Òna mùzykùje téż na saksofónie.
Lesny dzãdżel (Angelica sylvestris L.) - to je wielelatnô roscëna z rodzëznë zelerowatëch (Apiaceae).
Walãtégò w Rzimie miast pogańsczich Luperkaliów.
R. L. Burnside (prôwdzéwié: Robert Lee Burnside, ùr.
Jô jem twój Pón Bóg, co ce wëprowadzył z egipsczi zemi, z kraju pòjmaniô.
Bùlra - to bëła maszina ùżiwónô w gbùrzëznie do òbczëszczaniô zôrna (zwiksza òddzélaniô zôrnów zbòżô òd plewów), terô to colemało robi kòmbajn.
Ji brzadem są pestkówce, chtërnyma chãtno żëwią sã ptôchë np.
W pôrãdzesąt òsoblëwò ùprzikrzonëch dlô òkrążégò zakładach („Sarkòpòl”, rafinerëjô, elektrocepłowniô, cëkrowniô i jiné) pòwstôwało 264 000 ton parzënów i 59 000 ton gazowëch zaczapaniów na rok.
Òd 1938 rokù prawie bez przerwë wëstãpiwô w nôwëższi klasy rozegriwkòwi w Anglii.
Wzérny zmôg też mô dobré, chòc przez to, że òczë mô rozłożoné pò bòkach głowë nie widzy tegò co dzeje sã z przódkù.
W dzéń sedzi na zasadłi gałãzë w kòrónie drzewa, abò krótkò pnia.
Gdówstwò – to je wseczëcowô i prawnô sytuacjô òstónégò przë żëcu żeniałégò pò smiercy drëdżégò żeniałégò.
Iron Maiden - je heavymetalowé karno z Anglëji.
Je to 1426 rok naszi erë (pò narodzenim Christusa), 426. rok drëdżégò tësąclecô, 26. rok XV stolatégò, 6. rok 3-égò dzesãcolecô XV stolatégò.
Baszka - gra w kôrtë - kaszëbszczi brydz.
Kóńsczi jiczmiónk (Hordeum murinum L.) - to je roscëna z rodzëznë Poaceae.
; wëstãpùją w 6 wiekòwëch karnach.
Je to 1827 rok naszi erë (pò narodzenim Christusa), 827. rok drëdżégò tësąclecô, 27. rok XIX stolatégò, 7. rok 3-égò dzesãcolecô XIX stolatégò.
Rozbicé państwa, wëdarzało sã ju wczasni, le ùdawało sã ten proces wstrzëmôwac.
I z niegò bierze chwat.
Dôwô òn téż, chòc blós partną, mòżnotã brëkòwaniégò mëszczi.
Bruny miedwiédz òb zëmã dosc słabò spi.
Je to 993 rok naszi erë (pò narodzenim Christusa), 993. rok pierszégò tësąclecégò, 93. rok X stolatégò, 3. rok 10-égò dzesãcolecô X stolatégò.
Bëło twòrzoné z aùtenticznych lëstów i materiałów nadesłónych bez dzecë i młodzëzna.
Na terenach Pòlsczi szlachë ówsa pòchòdzą sprzed òkòło 700 lat.
W tim to rokù karna Sex Pistols ë Ramones przedostałë sã na kòmercëjny rënk, równak ju rëchli gróny bëł nen czérënk przez amatorsczé "garażowé" karna jakno n.p. Stooges w Nowim Yorkù.
Miono Bòliwii je od Simóna Bolívara, stolemnégò jenerôła.
Przédnô mësla „Póna Tadeùsza” tikô tragëdnëch dzejów Jacka Soplëcë, chtëren pò latach przëchôdô w rodné starnë chòwające sã pòd pòstaceją ksãdza Robôka.
Francëszk z Asëżu, Giovanni Bernardone, nazywôny Biôdôkã z Asëżu (ùr. 1181 abò 1182w Asëżu, zm.
Je to 990 rok naszi erë (pò narodzenim Christusa), 990. rok pierszégò tësąclecégò, 90. rok X stolatégò, 10. rok 9-égò dzesãcolecô X stolatégò.
Òne wërôstają nad rëdã i chwôtają sã rozmajitëch pòdpiarów.
Wiele Prësôków i Prësôczków bëło lëtersczi wiarë, ale dzél jich béł katolëcczi.
Z nordë greńczë z Chinama, òd pòrénkù z Ryanggang ë Pôłniowim Hamgyŏng, òd pôłnia z Pôłniowim P'yŏngan a òd zôpadu z Nordowim P'yŏngan.
Isabelle Yasmine Adjani (ùr. 27 czerwińca 1955 w Parizu) – francëka aktórka i spiéwôczka ò kabylsczich i niemiecczich kòrzniach.
Òn ùpòwszédniwôł wiédzã ò historii i dzysdniowòscë Kaszëb i regiònalëznã w nowòczasnym ôrce, chtërna bëła òpiartô na intelektualnym rozwiju spòlëznë i kaszëbiznë.
Jezioro Charzykowskie) - to je jezoro ò wiéchrzëznie 1336,0-1363,8 ha w gminie Chònice.
Władzã ùstawòdôwczą sprôwiô jednojizbòwi parlament – Zéńdzenié Czôrnogórë (Skupština Crne Gore), jaczi skłôdô sã z 250 nôleżników wëbiérónëch na sztërëlatną kadencjã.
Robi to wiedno w czasach zakôzónëch, na rozgracjach we wiôldżim pòsce abò agweńce.
Òn je òd 1945 rokù.
Niechtërne klôsztorë dzãka warzeniu piwa zebrałë zacht wiôldżi kapitał.
Pòòstałé pòwiescë nié mògłé sã ùkazac, bò przedstôwiałë negatiwni òbrôz Sowiecczéj Zrzeszë abò pozitiwny òbrôz państwa Izraél.
Brëkòwelë gò np.
Szadô wika (Vicia villosa) - to je roscëna z rodzëznë bòbòwatëch.
Schnitzelbank (znónô czãsto pòd pòzwą Hobelbank) – je to niemieckô spiéwnô wëliczónka (jigra), czãsto jimprowizowónô, jaką spiéwô sã wskazëjącë na planszë (téż tôflë, kòle, szorëmie) rozmajité òbrôzczi.
Stądka mòże bëc bùrsztin.
Dobiwcą miónków òstôwô ùczãstniczka, chtërna ùdostanie nôwiãcy pónktów przëznónëch ji przez karno sãdzów.
Zambiô - to je państwò w pòłniowi Africe.
Szulist W.: Kaszubi w Ameryce; Szkice i materiały, MPiMK-P Wejherowo 2005, ss.
Na nôwëższi sztãpniu je dzewiãc prowincëjów, dwa direktno rządzony gardë ë trzë specjalné ùrzãdné òbéńdë.
Do kùńca roku je 16 dniów.
Ji nôleżnicë wespółrobilë z AK i ùznôwalë wëszëzna Pòlsczégò Rządu w Londinie.
To òznôczô, że nie je wòlno tëch zwierzãtów zabijac, renic ani trzëmac.
Do chòroscë doprowôdzy bakteria Bordetella pertussis.
Dana (Picea abies (L.) H.Karst) – to je wiedno zeloné drzéwiã z rodzëznë sosnowatëch (Pinaceae).
Zëmnica (Limanda limanda) - to je ôrt rëbë z rodzëznë flińdrowatëch (Pleuronectidae).
Gdze mie nazéwają Mòrza Królewą.
Rëdë regiónu są z wiksza słabi jakòscë (bielëce), stądka téż wiôldżé òbéńdë zajimają chòjnowé bòrë.
Jegò robota polégô na rozkoscérzanim lëdowi kùlturë m. jin.
Salvia officinalis je zelém pòmòcnym przë płókaniu chòrégò gardła.
Lëtersczi kòscołë pòdzelëc mòże na liberalné i kònfesjonalné.
Gregòriańsczi kalãdôrz – słuńcowi kalãdôrz wprowadzony w 1582 przez papieża Grégòra XIII.
Warszawskô swiãtnica Bòżi Òpatrznoscë (Świątynia Opatrzności Bożej) – je we Warszawie.
Samc mòże spiewac w lëfce przez całi rok, z wëjimka dzéle czasë pierzenié sã pòd kunc lata.
Rodzëzna Dekler bëła achtnionô i znółë wielni polsczich dzejôrzy i artistów, jakò Ignacy Paderewsczi i Artur Rubinstein.
Dzysô òwczôrz je tu dosc zabôczonym warkã.
A na wiérzch trzeba zrobic krëszonkã, kùsk tegò tłuszczu, cëkru i casta, co òstónie w misce przë wkłôdaniu na blachã.
Pòtemù ùlepic môłé kùgelczi, natkac marmeladą, ùłożëc na płócienku i òstawic jaż wërosną.
Za dôwnëch lat pò kaszëbskù bëło napisóné Redeszewo.
Marek Michał Grechuta (10 gódnika 1945 - 09 rujana 2006) - béł pòlskim kòmpòzytorą i spiéwôkã.
Szląsczi nie je jedurnorodnym jãzëkã i na różnëch kùlturowò-historicznëch òbéńdach pòtkac mòże jine znaczënczi nëch sómëch słów, jak ë téż jich różną wëmòwã.
Miona wëmienionëch niżi plemion ùchòwałë sã w historëcznëch zdrojach.
Wicy jakno piãc milionów Kòrejanów bëło régòwónych do robòtë òd 1939 a dzesątczi tësąców chłopów wcygnionych do japòńsczégò wòjska.
Dostôł wiele nôdgrodów, jakò Medal Stolema w 1991 rokù, nôdgrodã Lëteracczi Grif za dolmaczenie „Pòna Tadeusza” na kaszëbsczi, nôdgrodã Kaszëbsczi Grif, nôdgrodã Remusa i jin.
Chińsczi aligator (Alligator sinensis) – to je ôrt gadzënë z rodzëznë aligatorowatëch (Alligatoridae).
Òstrzëce są wôżnym turistnym òstrzódkã z wiele penzjónatama, wczasowima chëczama ë agrokwatérama.
Z karna aùtorów AJK wëwòdzy sã téż wôżnô badérka kaszëbiznë Hanna Pòpòwskô-Tabòrskô.
Je to 1403 rok naszi erë (pò narodzenim Christusa), 403. rok drëdżégò tësąclecô, 3. rok XV stolatégò, 3. rok 1-égò dzesãcolecô XV stolatégò.
Gra popularnô na kaszëbach.
Grafika jakno ë ramë (an.frame) nie sã w nim widzóné.
Księga faktów" wyd.
Deminutiwnô pòzwa – tikô sã pòzwów, chtërne òznôczałë czedës miészé môlë np.
Pòchòdzy z Etiopii.
Krótkò ti wsë je jezoro.
Brôł ùdzél w jegò zëbranich ë na jednym z nich, 17 czerwińca 1843 r., przedstôwiôł (pò pòlskù) referat „Ò tërôzniészim stónie germanizacji Kaszëb”.
Zeùsa, kòpia tégò z Òlimpii, óbecnie z bùdinków zachòwało sã 15 kòlumn.
W 1989 rokù Czechosłowacjô dosta nazôt wòlnotã ë zmieniła ùrządzené państwa òb czas "aksaméntni rewòlucëji".
Zrzeszenia Kaszubsko-Pomorskiego, Gduńsk 2008.
Stôrodôwnotą są téż figùrenczi sw.
Wiôldżi cësk na klimat mają atlanticczé cyklonë.
W zôpùstë czasem pôrã gbùrsczëch rodzëznów sôdało we wasądżi ë òdwiédzało krewnëch.
Pòlsczi gatënczi stonkòwatëch òprócz bùlewny stonczi to m.jin.: Entomoscelis adonidis, i Melasoma vigintipunctata.
Lubi wëkrëwac nòwi môle gdze je dlô niégò wiele jestkù.
Van Gogh òstôł legendã nié blós z tegò, że fejn malowôł, le temù,że miół barwné żëce zakłóńczoné tragedëjã.
Je to 939 rok naszi erë (pò narodzenim Christusa), 939. rok pierszégò tësąclecégò, 39. rok X stolatégò, 9. rok 4-égò dzesãcolecô X stolatégò.
Hyl.) – to je ôrt roscënë z rodzëznë granôtkòwatëch (Caryophyllaceae).
Je to pòsobicą faza zapamiãtiwaniô, przechòwiwaniô i wëdobiwaniô (przëbôcziwaniô) wëùczonëch na pamiãc trescy abò mionów.
Leżi pò wschòdni starnie Swiny, przed przedostënkiem ferë.
Pómpelk — to je òbstrój zrobiony colemało z wełnë.
Do nôwiãkszich żëjącëch gatënków wôżków nôleżi Anax strenuus.
Bòcóne są ptôchama chtërne rôd są w towarzëstwie.
Przësłowié: Roztwórnô to je taczé swiãto, że nawet ptôch nie wije gniôzda.
Przë ti chòroscë zwiksza je gòrączka.
W 2013 r. w szesc spòdlecznëch szkòłach ùczëło sã kaszëbsczégò jãzëka 143 dzecy.
Wraz z przińdzeniém òsadników do Aùstralie ë sprowadzeniém bez nich psów dingò òbszar jegò wëstãpòwaniô scygnął sã blós do sami Tasmanie.
Òsce - bëłë do kłocô rëbów, tak je czedës mògł chwatac.
Òd 1169 zaczãłë sã anielsczé wëkùstrzënczi, zaczinającë wielelatné òbsadzenié òstrowa.
Krwawnik - to je mineral.
Gitara – mùzyczny jinstrument z grëpë strënowich szarpónëch z pùdłã rezonansowim, grifã i progama na pòdstrënnicë.
Nôprzód we wiele chëczach bëłë żarna i na nich młolë mąkã.
Òn pisôł do ni w lësce z 1847 r. ò „pògańsczëch Kaszëbach (Kassuben)”.
Na niegò sã jachtuje.
Òn przetołmacził na kaszëbsczi kòlãdã "
Do kùńca roku je 1 dzéń.
Grif - pòzwa pòchòdzy z grecczigò gryps, łac. gryphus i òznôczało cos héklowatigò.
Je to 1808 rok naszi erë (pò narodzenim Christusa), 808. rok drëdżégò tësąclecô, 8. rok XIX stolatégò, 8. rok 1-égò dzesãcolecô XIX stolatégò.
Młinarsczi Płazë i gadë w Pòlscë, Warszawa 1966.
Jać je òddôwanô jakò "e".
Do kùńca roku je 105 dniów.
Jak òni bëlë bliskò Lëpùsza, tej trëma z matką spadła z wòza òd tegò trzãseniô.
Jan, chtëren podle nôstarszi opowiedni je uznôwóny za Autora czwiôrti Ewanielëji, béł sënę Zedebeusza i Salome (Mt 4,21 par.; 27,56; Mk 15,40; 16,1) a bratę Jakuba Starszégò.
Na ùgrëzenié mëgów nôbarżi są wëtawienié młodi chłopi, dzecë i białczi czedë mają cządzawicã.
Òbczas grë jedna gromada dobiwô colemało òd 60 do 120 pùńktów.
W ti ksążce z 2015 rokù są jilustracje z pierwòtnëch wersjów dokazu.
Wiszniowô slëwa (Prunus cerasifera Ehrh.) - to je czerz abò môłé drzéwiã z rodzëznë różowatëch (Rosaceae).
Strunowce Chordata, Wydawnictwo Naukowe WSP, Kraków 1997, ISBN 83-86841-92-3.
Dëbeltnô flińta – to je dłùgô strzélnô barń z dwùma kòmòrama na patronë i dwùma flińtowima lópama, z chtërnëch jedna je kòl drëdżi abò jedna nad drëgą.
Nen gatunk mòże miec w sobie jesz inszé gatunczi ë dialodżi.
Karno je założony w 1946 r. i do dzysô je propagatorã bòkadnégò kaszëbsczégò fòlkloru na rozmajitëch jimprezach, akademiach, ùroczëznach òrganizowónëch w kraju, jak téż za grëńcama.
Ògniowi kùlt je téż pòswiôdczóny w tãgódce: Òjc sã rodzy, a syn pò dakù chòdzy (wëzgòdnienié je òdżin i dim).
To je jegò wôżny dokôz, chtëren zagwësnił mù pòczestny môl w dzejach całi kaszëbsczi pismieniznë.
Wda (Czôrnô Wòda) - to je rzéka dłużawë 198 km.
Kòt domôcy mô baro dobri wãch, słëch i wid przë nisczim widze dnia.
Òkreslenié 'gitara basowô' nôczãscy je ùżiwóné w òdniesenim do elektriczny wersji tegò jinstrumentu.
W zurbanizowani conie gduńsczi krôjnë baro mòcno bëła zatrëtô atmòsféra.
Òna bëła przed I swiatową wòjną.
Je òna dlô tëch, dzãka chtërnym rosce ùwôżanié dlô gardu w òkòlim.
Ùważóna bëła za jedną z najcãżej robòtnych mòdelek, a jej òdjimki zdobiły òkładczi taczich cządników, jak „Pageant” czë „Peek”.
Tedë pùrclë miałë nadzenie ze słoninë.
Kożde objawienie cëdotwórczi mocë Jezësa je zwóné w Ewanielëji Jana „godzëną Jezësa”.
Len (Linum usitatissimum L.) – to je jednorocznô roscëna z rodzëznë lnowatëch.
W Eùropie pòjawiła sã w XIX i XX wiekù.
Petuniô (Petunia) – to je szlach roscënów z rodzëznë lilkòwatëch (Solanaceae L.).
Mòże jich spòtkac na Kaszëbach do swiãta Trzech Królów.
Dësza - pòdług nôpierszëch prôwdów wiarë w Katolëcczim Kòscele lëdzkô dësza je niesmiertelnô.
” mùszi bëc przeczëtónô òsóbno, to je nie twòrzi diftongù z sąsednim samòzwãkã, na przëmiôr fr.
Kòl Dãbk w dôwnëch czasach bëła pòzwa Miodowô Góra, a XVIII stalata szedł na dno britańsczi òkrãt "General Carleton".
Rozgriwóné òne bëłë bùtën, na bòjiszczu ò wëmiarach 90-100 x 55-65 metrów, nen ôrt rãczny balë nazéwôł sã Feldhandball.
Òd 1965 rokù dérowała sprawa jegò beatifikacji.
Mòżna ją spòtkac na rozmajitéch môlach całi Europé i Azji, na nordzë Afryczi i Amerika.
Święch, Literatura polska w latach II wojny światowej, Wydawnictwo Naukowe PWN, Warszawa 2010.
Nôpierwi przënôlégò sadzëc na letczich gruńtach, żebë wëzwëskac jesz zëmòwą fùchtnosc.
Jegò talent dozdrzéł czesczi trenôr tegò karna Verner Lička i 24 gromicznika piłkôrz pòdpisôł 5-latny kòntrakt z krakòwsczim klubã.
Masa cała max ok.
Pòmôgają téż w dzegwieniém, chòc daje sã je w malińczich iloscach.
Kòmpùter (z ani.
Przësłowié: Do Swiãtégò Dëcha nie zjimôj kòżëcha, a pò Swiãtim Dëchù chòdzë téż w kòżëchù.
Òn pisôł pò kaszëbskù wiele lat.
Witkòwô wierzba (Salix viminalis L.) – to je drzéwiã abò czerz z rodzëznë wierzbòwatëch.
Davidson G., (2003), SŁOWNIK JANIOŁÓW w tim janiołów ùpadłich.
Lëzëno mô kòl 7 tësąców mieszkańców.
Za panowaniém jégò i Augusta III związôné je powiedzenia „króla Zaksasa jédz, pij i pòpùszczi pasa”
Dentistika - to je dzél medicynë, chtëren òbjimô całosc wiédzë ò funkcjonowanim, chòroscach i lékarzenim zãbów człowieka, a téż ò jinëch kòmórkòwëch pleszkach w gãbie.
Verein für kaschubische Volkskunde, chtërno wëdôwało pismiono Mitteilungen des Vereins für Kaschubische Volkskunde.
Dzysdniowé sprôwné grańce wòjewództwa nie pòkrëwają sã z historëcznyma grańcama Pòdlasza.
Òn pùblikòwôł swoje artikle ò kaszëbiznie np. w Gazecie Kartuskiej.
Stëdnie pùbliczné bëłë zaczapóné jaż w 80%.
Kaszëbi są téż bëlnyma stolôrzama i piekôrzama.
Radio Kaszëbë – priwatnô regionalnô radiowô rozsélnica, chtërnô bëła zapùszczenô 18 gòdnika 2004 rokù.
W młodich latach òn ùcził sã m. jin.
Zebrónyma w słowarzu przësłowiama zajął sã w òsóbny ksążce prof.
Tej òstawilё smãtôrzёska z kamòwima krãgama i rёszёlё pòd prowôdzёzną jednégo z panôrzów Filimera, sёna Gadariga do legendowi krôjnё Oium (wg Jordanesa,gòcczégòdzejopisôrza z VI w.).
Mòjim mùlkã je kam (1994), gdze czëtómë m.jin.: „Nalazła jô kam ò lëdzczich sztôłtach / przëcësnã do piersë:/ naucza gò miłoë bò to je ksążã zarzekłi/ Kuszkama krësza dotkniącym ògrzéwa/Gdze je no serce kamianégò mùlka?”
Miészé gatënczi wôżków chòdzą pò roscenach i tak jachtują.
W Pòlsce je baro pòpularnô, jeden z nôbarżi znónych ptôchów.
Biologijô je ùczbą ò żëcym.
Gòdzynka sédemkropka składô żôłté, òwalné jaja w lëczbie kòl 40 szt. na rozmajitëch czãscach roscënów, chtërne òstałé zaatakòwóné przez mszëce.
Na nordze Kaszëb wilijnym smaczkã béł gòtowóny wãgòrz z klóskama i krëszkama abò solony wãgòrz z pùlkama.
Klôtka na mëszë – to je przërëchtënk do chwôtaniô i zabijaniô mëszów.
Kanón Swiãtégò Pisma òznôczô zbiérnik ksąg ùznônëch za zôwzãté i przez to za normã wiarë.
Chrizoprôz - to je mineral.
Instrument mùzyczny ò baro skòmplikòwóny bùdowie, bòkadnëch òdmianach i miarach.
Pòd cëskã kòncertów Boba Marleya przeszlë wszëtcë mùzycë Bad Brains na rasrafarianëzna, co je czëc w pózdniszim jich ùróbkù.
Są tuwò cepłé lata i zëmë, môłé zachmùrzenié i atmosfericzné òpadë (òsoblëwie òb lato), môłô mòkrzëzna pòwietrzô i mòcné parowanié.
Programa Radia Kaszëbë dochôdô do 800 tës.
Òn płënął z żelazłem na wiérzkù òkrãta.
Adóm Bernat Mickewicz ùrodzył sã 24 gòdnika 1798 r., jakno drëdżi syn Barbarë i Mikòłaja Mickewiczów.
W 1419 rokù ksążã Witóld zaczął bùdowac piérszi mùrowóny zómk, pózni zwóny Dólnym.
Pòlskô je zamieszkiwónô w zacht wikszoscë przez Pòlôchów.
Króm nich archeòlodzë wëapartniają téż jinsze plemiona, chtërnëch miona sã nié ùchòwałë.
Majewnik (Alosa fallax) - to je ôrt rëbë z rodzënë sledzowatëch (Clupeidae).
Nie òtrzimała w dzeciństwie żôdnégò wëkształceniô, jednak stała sã sławnô, dzãkia swemù żëczliwemù ùspòspòbieniu.
Z dodomù wierã òd tatë Alexandera ë mamë Annë (Dorawa) Pellowski òna wiele wié ò kaszëbiznie.
Łoczek ùtrzimôł jednak zemiã sandomierskã i pòzëskôł sobie pòpiarcé tamtészégò możnowładztwa i mieszczaństwa.
Je to 954 rok naszi erë (pò narodzenim Christusa), 954. rok pierszégò tësąclecégò, 54. rok X stolatégò, 4. rok 6-égò dzesãcolecô X stolatégò.
Na zymkù séwôrz wëchôdô téż sôc zôrna.
Chrzescëjónie ùczą sã mòdlëtwë ód proroków, swiãtëch, a przede wszëtczim òd Jezusa, chtërne wg Ewanielie za żëcé wiele razy zwrôcôł sã do Bòga i przekazywôł słowa mòdlëtwë swòjim ùcznióm.
Kalwarëji nazëwóny je nen gard Dëchòwą Stolëcą Kaszëb.
Bùkwitniôk abò gãsy bączk (Hoplia philanthus) – to je bączk z rodzëznë Rutelidae.
Ob lato mòżna pò ni wanożec.
Je to 1462 rok naszi erë (pò narodzenim Christusa), 462. rok drëdżégò tësąclecô, 62. rok XV stolatégò, 2. rok 7-égò dzesãcolecô XV stolatégò.
To spiéwné karno liczëło strzédno 30–40 lëdzy.
W pierszich latach chòwaniégò dzecë pisałë na grifie, a póznié w zesziwkach.
Przez to na zôczątkù rosce kwantum òrganizmów, chtërné nim sã żëwią.
Białka jégò bёła Maria Kazimiera de la Grange d′ Graniem zwanô Marysieńką.
Wies je na szlachù wòjewódzczi dardżi 25px ë 25px.
Domôcô kùra (Gallus gallus domesticus) – to je ptôch z rodzënë kùrowatëch.
Katowniô w Gduńskù (
Za jégò panowaniégò bёla dobëtnô biôtka pod Chocimiem i téż biôtka pod Widniem.
Je to 1433 rok naszi erë (pò narodzenim Christusa), 433. rok drëdżégò tësąclecô, 33. rok XV stolatégò, 3. rok 4-égò dzesãcolecô XV stolatégò.
Nôrodnô Bibloteka (pòl Biblioteka Narodowa)- to je wôżnô bibloteka w Pòlsce.
Pòzwa jest òd miescowòsce Maraton w Grecji.
Zabôwka (bawidło) - to je to rzecz do zabawë colemało dzecóm, ale téż i dorosłi lubią sã bawic różnyma przedmiotama.
W strzédnëch wiekach òdnotowóno téż, nôdôwóne również i dzis, ùrobióné òd Môrcëna przë ùżëcu tëpòwéj dla mión słowiansczich cząstki -słôw jimię Môrcisłôw.
Pomerania 1980 (XVII), nr 2(97), ss.
Wedle wszelczégò prôwdopòdowieństwa Ewanieliô Łukasza i Dzeje Apòstolsczi pówstałë w tim samim czase, w datowaniu Ewanielië Łukasza wëzwëskùje sã argùmentë zaczerpniãté z tekstu Dzejów i òdwrotno.
Założëlë, że mògą jistniec układë, w chtërnëch jednym składnikã je normalnô gwiôzda, a drëdżim czôrnô dzura.
Martin Shulist (ùr.
Repùblika Kòreji (
Dzys pòlecany są w chòrobie przeznobieniowé, grëpie ë chòrobie reùmaticzny.
W ti kwëstië są różńé òpinie ùczałich, w chtënëch mòżna wëróżniec trzë główné stanowiska.
Nôwikszim wërôbnikã na swiece są Stanë Zjednoczony, pòstãpnym wërôbnikãje Szpanijô, Rosja i Turcja.
Pisôł ò tim biskùpie i jegò misji miemiecczi mnich Herbòrd (XII stalaté).
Reczi wëdżinãłë w nim wierã w latach 60. XX stalata.
Pielgrzimczi są sparłãczoné z wanożną rësznotą.
To są zrealizóné i jesz zaplanowóné dzejania, chtërne są sczerowóné na zachòwanié żëwòtnoscë i rozwij wësziwaniô, np.
Ji zôrna są np. do robieniô zupë.
W chrzescëjańsczi ikònografii pòznakama swiãtégò Antóna są: ksãga, lelijô- òznôczô czëstosc, serce, òdżin – symbòl gòrlëwòscë, òseł, rëba, brót.
Nié bëło równak taczi mòżnotë bë deklarowac jiną nôrodnosc ë przënôleżnotã do etnicznegò karna abò wicy nigle jedną nôrodnosc.
Jeden le janiół, chtëren òdmówiôł służbë Bògù to Iblis zwôné też diôbłã.
Karól Linneùsz (ùr. 1707 rokù - ùm.
Gòrowi wijąg (Ulmus glabra Huds.) – to je drzéwiã z rodzëznë wijągòwatëch (Ulmaceae).
Banan - roscëna z rodzënë bananowców, je ich kòle 80 zortów.
Ò ni bëło pisóné ju w 1279 rokù.
W swòim herbie biskùpim ùmiescył słowa „Soli Deo” (Samemu Bògù).
Napar z suszu brzadowégò i lësti wëkòrzistëje sã w stónach gòrączkòwëch.
Czedë pùrcel je ùpieczony, trzeba gò pòsmarowac roztopionym cëkrem pùdrem.
Dwie gòdzënę pózni z ti chmùrë chilnął wiôldżi deszcz raza z gródã.
Sopòt (téż Sopòtë, pòl.
Tu je snôzi pałac we westrzódkù parkù.
Kwiatnik sadzy sã w kastë w gromnicznikù, strumiannikù a nawetka w czerwińcu.
Knôp - je to młodi człowiek chłopsczégò ortu.
Czedë miôł 21 lat, wzął ùdzyl w wòjnie miãdzy Asëżem a Perudżią.
Ùczestnienié wòdë w lëdowym ùsôdztwie òbjôwiô sã w strachù przed nią.
Gwiôzda ta zwôlniającë wëdzélô energiã, chtërna òdpòwiôdô energii wësélóny bez Dôczëznã Kraba.
Dolmaczi to rzeczenié beczczi palëc ‘palëc sobòtczi’, równé czarownice wëpôlac, co przë tim robi zrozmiałé rzeczenié spalëc kògòs jak czarownicã, chtërné to rzeczenié parłãczë sã z bòżima sądama.
Terô je szkólną fizycznégò wëchòwaniô.
Glória Maria Cláudia Pires de Morais (ùr.
W hewòtnym rokù rozeszłosc juliańsczégò i gregòriańsczégò kalãdôrza wënôszała 12 dni.
Białką jegò òsta Aleksandra z Kòmòrowsczich hrabinô Starzińskô.
W jednym gniôzdze je do trzech piskląt kùkówczi czubati, pòchôdającëch prôwdobòdobnie òd różnëch samic.
Pòzwa wsë, pierwòszno brzëmiącô "Trzebsk", pòchôdô òd czasnika trzebic.
Pòwstôwają pasyczi, jaczé trzeba obsëszëc w słuńcu.
Òb rok słuńce swiécy strzédno le przez 30-40 dni.
Kwiôtë zapylane są przez òwôdë, czasem dochòdzi do samozapylenia.
Nawlekają òne do ksąg kanónicznëch Stôrégò Testameńtu, ùchôdają czãsto za samobëtné ksãdzi swiãte, abò za rozszérzenié jich kanónicznëch równoznaczënów.
Na zôpadze są to Wëszawë: Anatolijskô, Armeńskô ë Jirańskô.
Apòkrificznô lëteratùra Nowégò Testameńtu nie usztôłcëła sã leno w stôrich czasach.
Trulôcze wedle wiérzeń są wiérné, mądré, długòwiecznã.
Òd kùńca lat 90. XX stolata je jednym z najbògatszich klubów sportowych na świece.
Rëbôce, na rzékach i jezorach ùżiwajã niewiôldżich bôtów, kutrów.
Na òperacjowi rozmòwie z nim fónkcjonariuszowie Ùrzãdu do sprawów Pùblicznégò Bezpiekù (ÙdsPB) mielë zdebło nôdzeje, że mòże ùdô sã gò zachãcëc do wespółdzejaniô.
Groznô je tej dlô niegò corôz wikszô rësznota na drogach, téż tëch lasowëch, gruńtowëch.
Antón Padewsczi - swiãti Antón, na zôczątkù Fernando Martins de Bulhões,(pò pòlskù Ferdynand Bulone), ùr.
Warszawa: Muzeum i Instytut Zoologii PAN, 2015, s.6.
Mëszlącë prawie ò domôkach, chtërny mùszëlë wëjachac z tatczëznë, napisôł w 1832 r. „Księgi narodu polskiego i pielgrzymstwa polskiego”.
Mija (2004); łôtwie mógłbë z ni zdzejac dokôz na binã.
Iran dzeli sã na 31 prowincjów (ostán), jaczimi rządzą gùbernatorzë (استاندار, ostándár).
Minimalizacëjnym słowôrzã je np.
Pôzwã „Glësno” nosy téż czerpiskò, jaczé je kilométer òd Bòrëszk i jaż szterë kilométrë òd wsë ò ti sami pòzwie.
I pòczãła z Dëcha Świãtégò.
Wielëna òpadënków sygô 748 mm òb rok.
Kaszëbizną zajinteresowóny bëlë czesczi ùczałi we Wrocławiu – František Ladislav Čelakovský i Jan Evangelista Purkyně.
Je to 1435 rok naszi erë (pò narodzenim Christusa), 435. rok drëdżégò tësąclecô, 35. rok XV stolatégò, 5. rok 4-égò dzesãcolecô XV stolatégò.
Z jegò kaszëbsczich wiérztów wëzérô miłota do domôcëznë i kaszëbsczi mòwë.
Napisa téż tołmaczenié dokazu Rômeò i Julia Williama Szekspira.
W biédze pòmógł mù tej Denham – jeden z pasażérów, z chtërnym Franklin przëpłënął do Londinù.
Słowò apòkrif je pòchòdzeniô grecczégò apòkryphon i òznôczô dokładno cos, co je ùkrëti i co sã dopiére òdkriwô.
Dzejają tu chòcbë: Pòlsczé Téatralné Studio, Pòlsczi Téater, Fùndacjô Pòlsczi Kùlturë na Lëtwie, Pòlsczi Ùniwersytet.
Wierã piérwi: "Bez czarwinë to nie bëło niżódno wieselé."
Tu je kòscół i lesniewskô Spòdlecznô Szkòła.
Nimò wielu jiwrów jaczé miele w stolëcë USA, mòże pisac ò tim, że Bad Brains bëł prekùrosrã waszingtońsczégò sztélu, mający wiôldżi cësk na wiele karnów, w tim taczich jakno Minor Threat.
Je to sztof, z chtërnegò zbùdowóny je srąb nieżëwëch ju pòlipów.
Mòdrô sykórka (Cyanistes caeruleus syn.
Wies je turistnym òstrzódkã.
Krziczi przëlatującëch i òdlatującëch trulóczów òznaczałë zymkòwé sewë i jesené zbiore.
Cąg pòtrzebny do ùtrzëmania prãdkòsci w loce pòzomim wëtwarzany je przez jeden abò wiãcy silników.
Młodi jéże rodzą sã w tacewnym krejamkò.
וְאֵלֶּה שְׁמוֹת‎, we'elleh shəmōṯ,) - to je dzél Piãcoksãgù napisóny pierwòszno pò hebrejskù.
Biôłogarda (téż: Biôłgard; we zdrojach: Belgrod 1124, civitas Albam (Gall Anonim), Belegarde 1159, Belegarde 1176, Belegarda 1194, Belgard 1229, Bjêłôgarda (Cenôwa), Biôłogarda (Ramułt), Biôłgard (Ramułt); pòl.
Òna wzãła te chłopa i te wòłë i ten pług w swój fartuch i zaniosła to wszëstkò dodóm i wésëpa przed swòjim òjcem na pòdwòrzé.
Nôczãscy rodzë sã òd szterech do òsmë sztëk môłëch.
Jegò wësokòsc wënosi 0,76 m. Stół muszi bëc prostokątny, pòfarwòwany na zelono, mòdro abò czôrno.
Zgrëpioną zabùdowã mô leno Pòtãgòwò, w chtërnym mieszkô le 40 sztëk lëdzy, jaczé òb lato je nôwôżniészim turistnym môlã òkòlégò.
Znóné są dwa: „Godowé jigre.
Ùniwersytet w Toronto (University of Toronto) - je wôżnym kanadnym môlã dlô rozwiju nôùczi òd 1827 rokù.
Òd 1928 rokù béł biskùpã sufraganã diecezji chełmińsczi.
Pózni robił dlô wëwiadë w Rodezji Pôłniowi.
Samce są zwëczajno jinszich rozmiarów jakno samice, mają rezonatorë, ùfarwienié gòdowé i jinszi cechë.
Môrcën Lëter (miem. Martin Luther) (1483 - 1546) - béł miemiecczim zôkònnikã, a pòtemù przédnym refòrmatorã, ni leno dlô Miemców, ale w swiece.
To je kùmkôrz i wiele kùńsztów kùńsztôrz.
Dzãka swòjémù pòłożeniémù ë dobrémù zarządzaniémù w latach 90-tëch XX wiekù miôł plac wiôldżi ekònomiczny rozwij gardu.
Ten zwëk je colemało lëdóny przez szkólnych i ùczniowie chòc ùceklë z lekcji nie brëkùją skùtków wzyc na se.
Dzëk je pòpùlarnym łownym zwierzã i jakno taczi dożdôł sã w jãzëkù jachtôrzów wiele òsoblëwëch pòzwów, chtërne pòzwôlają w krótczich słowach gò òpisac.
Pierwòrodny ùmarł niesteti w dzecyństwie, jakno téż jegò nômłodszô sostra Marta.
Stanisław I Leszczyński - król Pòlsczi òd 1704 do 1709 rokù i òd 1733 do 1736 rokù.
Môlę, dze pode drogą Paweł sę zatrzimôł na dłëgszi czas, béł Efez.
Je na nim chléw dlô chòwë: np.
Òn je czestnym mieszkańcem Gardu Gduńsk i przënôlégô do karna lëdzy wëprzédnionëch przez pòlsczégò prezydenta.
Wãbórk mô pałągòwaty chwët.
Wspòmink ò Szëmónie Cyrenejczikù je w trzech Ewanieliach: Mt 27,32; Mk 15,21 i Łk 23,26.
W Wiôldżi Czwiôrtk òdprôwiô sã òstatną przed Jastrama Mszã sw., pò ni Nôswiãtszi Sakrameńt je zaniosłi do cemnicë /co mô przëpòminac zamkniãcé Christusa w sôdzë/.
Téż notariat i jiné jistné sprawë do ni słëchają.
Zbòżé – są to roscynë z rodzëznë trôw.
Rusczé zarôzkù ùsôdzelë Kim Il-Sunga jakno prémierã Nordowi Kòreji.
Wikszosc spòleznë (63,2%) to Lëtwini.
W pózniészich latach wëszłë jesz: Rodnô zemia (
Nôwicy gatënków jeżën pòtkac mòżna w Nordowi Americe.
W 1982 rokù wëdôł singiel „Spread a Little Happiness”, chtëren nôlôzł sã w filmie „Brimstone & Treacle”.
Je to 1692 rok naszi erë (pò narodzenim Christusa), 692. rok drëdżégò tësąclecô, 92. rok XVII stolatégò, 2. rok 10-égò dzesãcolecô XVII stolatégò.
W strzédniowieczy Europie kòtë bëłë sparłãczóné z czarownicoma i niszczôné.
Sojusz ten ókôzôł sã dlô Łoczetka barô wôżny, bò w 1291 r. do Môłopòlsczi wkroczëłë wòjska czesczé Wacława II (Andrzéj III przësłôł tedë wòjska).
Òn je zôbôwką dlô dzecy.
Leżącé w Czijewie Sobór Bòsczi Mądroscë i Peczerskô Ławra nôleżą do nôstarszich òstrzódków chrzescëjaństwa w tim dzélu Eùropë i òstałë wpisóné na lëstã swiatowégò kùlturnégò dzedzëctwa UNESCO.
Na jiwer z pamiãcą jiscą są tej sej starszi lëdze.
Swiãcenié biskupie òtrzymoôł z rąk kardynała Augusta Hlonda, prymasa Pòlsczi.
Tegô dnia pò apelu wieczórnym òstôł przewiozłi do lasów Piôsnicë i rozstrzélóny.
Z czasem stolemi wëmarlë.
Lëpin (Lupinus L.) – to je szlach roscёnów z rodzëznë bòbòwatëch.
Temù brôł ùdziél w zëcym spòlëznë.
Sama prawòsławnô Cerkwiô skłôdô sã zôs ze spòlëznë lokalnëch cerkwiów – aùtokefalicznëch i aùtonomicznëch.
Pòwstało òno w 2004 rokù w Tennessee z jinicjatiwë Hayley Williams'a (spiôw)Taylor York'a (gitara), ë Jeremy Davis'a (basowô).
W cyg dnie przëbiwo w wała rëbów.
Òn béł swégò czasu przédnym redaktorem "Pomeranii".
Je to 984 rok naszi erë (pò narodzenim Christusa), 984. rok pierszégò tësąclecégò, 84. rok X stolatégò, 4 rok 9-égò dzesãcolecô X stolatégò.
Terô to dali je stolëca pelplińsczi diecezji.
Wartësłôw II (ùr. kòl 1237 – ùm.
Na se rëbë mają bòczną liniã.
Żirafa (Giraffa camelopardalis) – to je wiôldżi susk z rodzëznë żirafòwatëch.
Pòmerénczi bëlë bùdowóné zakłôdkòwą techniką.
Leżi w òbéńdze Tëchòlsczich Bòrów.
Ùtwórczinié mô téż dzejóné na gazétniczim gónie.
Z rodzëznë łac.
Brëtëjsczici amerëkańsczi òdrzutowce pòjawiłë sã niedłudżo pòtemù, w czase dredżi wòjny swiatowej.
Dom Serot – Kòrczôk, robòtnicë (m.jin. Stefaniô Wilczińskô, Natalia Pòz, Róża Lipiec – Jakùbòwskô i Róża Sztokman – Azrilewicz i kòl 200 wëchòwanków òstalë wewiezony do òbòzu zagładë w Treblince òbczas tzw.
Wiãkszosc lëdzy z miast gôdô równak pò ruskù.
Wëchòwała sã w pòdparizczim Gennevilliers.
Do kùńca roku je 87 dniów.
Natalia Szroeder (spòtikô sã téź pisënk Szréder Elżbiéta Prëczkòwskô, Jadwiga Héwelt, W jantarowi krôjnie, Gduńsk 2015, s. 178. ; ùr.
W dodôwkù (Uzupełnienia 1974 - 76) do ni m.jin. napisôlë, że są na swiece Kaszubi (
Prawa tikające sã pòstu nié tikałe piwa, tedë òno mògło bëc pite òb całi rok.
W latach pózniészich w òdludnëch regionach wëspë znajdowano tropë mògące nôleżec do tegò zwiérzãca, nie widzano równak nigdë samëch zwiérząt.
Szesc òd osme planetów i trzë karzełkòwi planetë mają nôtërné satelitë, zwóné ksãżëcama.
Bùlewnô stonkã mòże zniszczëc sã przez zbiérk pònarwë abò chemicznie.
Je to 1387 rok naszi erë (pò narodzenim Christusa), 387. rok drëdżégò tësąclecô, 87. rok XIV stolatégò, 7. rok 9-égò dzesãcolecô XIV stolatégò.
Na jajach sedzy do 18 dni.
Dzysô je wëkładowcą katowicczi filmòwi szkòłë.
Kniezową bò pòczestnosc Cë znanką tą chce dac."
Òcznica - to je bezrësznô rama òbsadzonô bënë dwiérzowy abò òknowi òdemkłosce bùdinkù.
W 1999 rokù aktórka piérszi rôz wëstãpiła w rolë spiéwôczczi albùmem on the 6 i òdniosła wiôldźi zwënéga.
Pólny mak (Papaver rhoeas L.) – to je ôrt roscënë z rodzëznë makòwatëch (Papaveraceae Juss.).
Zmiana na Zenwalk przëszła razã z wersëją 1.2.
Są tp szeroczé dolëznë, ògołowò ò równoleżnikòwim rozwicym (pôłniowe rozwicé mô le Kaszębskô Pradolëzna), sparłãczoné z dłëgszim pòstojenim lodofôłtu i wërzezbioné przez rzeczne i topnicowé wodë, jaczé w nich płëną.
Kòzobard abò kòzëcha (Tragopogon L.) – to je szlach roscënów z rodzëznë astrowatëch (Asteraceae).
Rëbacczé skòrznie - to są wësoczé skòrznie dlô kaszëbsczégò rëbôka np. przed łowienim rëbów w mòrzu.
Płaz ten doskònale skôcze, długòsc skòków tegò zwierzãca dochôdô do 2 metrów.
Karel IV zlécył m.jn. bùdacëjã Nowégò Gardu, mòstu nad Wełtawą (mianowónégò òd 1870 "Karelów mòst") ë Katédrë sw.
Turstkia to ôrt aktiwnégò wëpòczinkù, realizowónégò przez rézë, sparłãczoné ze zwëskanim pòznôwenëch célów(tj.
Cało żabòwatëch je smùkłé, kùńczënë dłudżé, òsoblëwie z tëłu, dziãka témù skôczą pò zemi.
Je to 1441 rok naszi erë (pò narodzenim Christusa), 441. rok drëdżégò tësąclecô, 41. rok XV stolatégò, 1. rok 5-égò dzesãcolecô XV stolatégò.
Żebë bëła cągłosc ze starszim lasã, wiôlgòsc gruńtu do zaleseniô bë ni mia bëc miészô, jak 10 arów, a szérzô zaleseniô nié miészô, jak 20 métrów.
Stolëcznym gardã pòdlasczégò wòjewództwa je Białystok.
Òb czas 1 sekundë lôtaniégò robią òd 3 do 6 métrów i walą skrzidłama 190 razë.
Zesôdzô sã z wòdnëch kroplów ë téż krisztalków lodu.
Lëterstwò (jinszé pòzwë: lëteranizm, lëtrzëzna, lëterskô wiara) – jedna òd głównëch doktrinów protestancëznë.
W Filadelfie na pòczątkù pracowôł w drëkarnie, równak za namòwą noczôsnégò gùbernatora prowincëji Pensylwania Williama Keitha chcôł załozëc swòj wëdôwk.
Je to 1423 rok naszi erë (pò narodzenim Christusa), 423. rok drëdżégò tësąclecô, 23. rok XV stolatégò, 3. rok 3-égò dzesãcolecô XV stolatégò.
Nimò to je planetą, jaką dozdrzec mòże gòłim òkã (ale leno krótkò przed wschòdã słuńca abò zarô pò zachòdzie) i znónô bëła ju w stôrożëtnëch czasach.
Tu dosc krótkò je òbczëszczalniô sztokù.
Swiãti Wòjcech (czes. Vojtěch, miem.
Rock for Choice òrganizëje do dzysô kòncertë ë akcëje.
Òd lat 70. XX wiekù spòtikô sã gniôzda przërëchtowóné przez człowieka na słupach òd prądu.
Je to 1432 rok naszi erë (pò narodzenim Christusa), 432. rok drëdżégò tësąclecô, 32. rok XV stolatégò, 2. rok 4-égò dzesãcolecô XV stolatégò.
Rzeszëło to sã òsoblëwò z tëm, że na pòcztach ùbëwało prôcowników z dobrą znajemnotą geògrafijé, ë téż z rozszérzającą sã òbéńdą, na chtërné trzeba bëło dorãczëwac przeséłczi miemiecczëm żôłnérzom.
Pòlsczi sã stónie dlô niegò panowny jak òno pódze do szkòłë.
Czej jesz nie bёło dosc krômów we wsё, to czipnicё nosёle w nich òd wsё do wsё wôrё.
Nadczidka ò jezorze pòjôwiô sã téż w pòwiescë „
Dzëk abò dzëkô swinia (Sus scrofa) – lądowi susk z rodzëznë swiniowatëch (Suidae).
Kònfesjonalné lëtersczi kòscołë są barżi kònserwatiwné (nie ùznôwają na przëmiôr białgłowsczégò kapłaństwa czë jednopłcowich slubów).
Òdléwk ti mònétë zaczął sã òd XIII stalata.
Ùrodzëł sã jakno słëga, leno nowô pòlitika króla Sejonga znosënia klasnëch różnic pòzwòliła Jangòwi robic w nôrodny cywilny służbie.
Kòruna mô przëcëgac zwierzë, nôbarżi òwadë, chtërne mają swój part w zapiszanim kwiatów.
Żôłti miodownik (Melilotus officinalis) – to je jednorocznô abò dwalatnô roscëna z rodzëznë bòbòwatëch (Fabaceae).
"Òn béł òjcã wszëtczich, co grają na cytrze i fléce.”
'Miodnô pszczoła' (Apis mellifica L., syn.
W papiorach pòzwa „Zôbòrskô Zemia” pòkôza sã w dokùmeńce wëstawionym bez ksyżëca Pòlsczi ë Pòmòrzégò Władisława z dnia 24 czerwińca 1299 w Gnieznie.
Wszëtkò w ti grze je do gôrë szpërama.
W 108 p.n.s. chińskô dinastëjô Han dobéła nad Wiman Joseonã ë ùsôdzëła sztërë kòmańdë w òbéńdze Liaoning.
Pùstczi hasło òprôcowóné na spòdlim Słowarza pòlskò-kaszëbsczégò E. Gòłąbka - môl zamieszkóny przez mało lëdzy np.
Je to 1878 rok naszi erë (pò narodzenim Christusa), 878. rok drëdżégò tësąclecô, 78. rok XIX stolatégò, 8. rok 8-égò dzesãcolecô XIX stolatégò.
Ji jôd je niebezpieczny dlô dzecy i starszëch lëdzy.
Ùczbã zaczął w katolëcczi spòdlowi szkòle St.
Òn je pierszim błogòsławionym łużëcczim Serbem.
To samica kùkówczi czubati równak bë znikwiec kònkùrencjã w przëbrónym lãgù sama nikwi, abò wërzucô jôjka gòspòdarzi.
Brëkòwnicë tegò jãzëka przënãceni są do ùżëcô znaków z pòlsczégò alfabéta.
Rosce na podmokłych glebach.
Bùksczi rozcënóné, nie zszëté w krokù, nastałë w latach 20. XIX stalatégò.
Jegò nordowô grańca przebiégô w Szwecje.
Ùsôdzca wicy jak 300 ùczbòwëch robòtów, w tim 15 ksążków.
Mòże docëgac, że przédnym zajãcym Pòlan béł òbróbk rolë, w rozszlachòwanim do jinszëch plemionów, np.
Krëczk je baro towarzësczi, chòc òstróżny.
Drëżënowi bronzowi medalista mésterstwów swiata w lotach 2018.
Òna mô baro wiôldżé, rozbùdowóné òczë i krótczé makle.
Mòże przëjąc, że w rokach 60-tëch Cénôwa ùsztabilizowôł swòje żëcé, równo na pòlu familijnym, jakno „kaszëbsczim”.
W jedny je Mùzeùm Blizów – bezaktiwnô bliza.
W òbéńdze szôłtëstwa pòłożoné sã wse ë mniészé kòlonie Wiôlgô Dãbrowka (lëdztwò: 41), Jéżéwò (lëdztwò: 108), Nowé Rozłazëno i Redëstòwò (lëdztwò: 44).
W latach 1225-1227 głosył kôzania w pôłniowi Francji.
Z lekcjónarza kòrzëstają ùczãstnicë dosc pòpùlarnëch Mszi swiãtich z liturgią w jãzëkù kaszëbsczim.
Założëł gò w 1584 rokù ksąże Karl - pózdze szwedzczi król Karl IX.
Bògùsłôw IV (ùr. kòl 1254 rokù - ùm.
Swiãcowie - bëlë bògatim rodã w XIII i XIV stalatim.
Òn je brëkòwóny np. w turistice.
Pòdobny so barżi do skrzeczeniô (òkresliwany czasã jakno szczekani) sroczi.
Niosba dereje piãc, szesc tidzeniów.
Kòłowô turistika - jachanié na kòle, żebë sprawic sobie tą jazdą ùcechã np.
Drobnokwiatowô wika (Vicia hirsuta) - to je roscëna z rodzëznë bòbòwatëch.
W latach 1920–1924 był klerykiem Wyższego Seminarium Dëchownégò we Włocławku.
Taczi ògón wãgòrzi sã i zmili téj séj przesladownika, a slëmiéń je w sztãdze w tim czasu ùcec.
Sëłë grawitacje na pòwierzchni gwiôzdë sygają nieskùńczonëch wôrtnoscë, a czedë rozmiarë cała zbliżają sã do grawitacyjnégò parmienia, grawitacja zmiérzô do nieskùńczonoscë.
Równoczasno ze slédnym „Skôrbã” wëszedł w Pòznaniu „Zarés do Grammatikj Kaŝebsko-Słovjnskjé Mòvé”, napisóny pò miemieckù.
Pò łacëznie, niemieckù i anielskù – Martha.
Ònufri - kaszëbszczé miono chłopsczégò ôrtu.
Tu rozwijô sã turistika.
Nôwikszima kamieniama òni szmërgelë jak kòłôczama.
Klucz wiolinowy z dopisóną môłą ósemką pòd spódkã nazéwô sã kluczã gitarowim.
Za wëjimkã Bëlôków ë Gôchów rolô nëch bënowëch pòdzélënków je wiele miészô jak cziledzesąt lat nazôd.
Ògardowô pòtrôwnica (kaszëbskô malëna) - (Fragaria × ananassa Fragaria × ananassa, Syn.
Młënôrz - zajimó sã młocém mączi z zôrna w młinie.
Je to 1782 rok naszi erë (pò narodzenim Christusa), 782. rok drëdżégò tësąclecô, 82. rok XVIII stolatégò, 2. rok 9-égò dzesãcolecô XVIII stolatégò.
Pò lãgòwim czasu kanie mògą noclegòwac w karnach dochódôjącëch nawetka do sto sztëk.
Pisôł lëstë z Aleksandrã Majkòwsczim.
Kwiôtë w ksztôłce dzwoneczków pòjawiają sã w czerwincu ë lëpińcu.
Òn mòże bëc np. do picô piwa.
Ògardowi szmùlk (Helix pomatia) - to je smôrszcz z rodzëznë smôrszczowatëch (Helicidae).
Kaszëbów: 2.1) nad jez.
Lotarinigô przënôléga tej do Niemców i Schuman òdebrôł niemniecczé sztôłcenié - skùńcził prawò na Ùniwersytece Humboldta w Berlinie.
W brómkòwim pòlu zdrëszënë mòże bëc leno ji brómkôrz; brómka mô 2 metrë wësokòscë i 3 szerokòscë.
A zôs w rokù mògą pòjawic sã blós trzë zacmieniéeni Ksãżëca, ale mòże bëc téż i tak, że w nym rokù nie zdarzi sã ani jedno (nawetka dzélowé).
W dwanôstim stalacym, swiãti Òtto z Bambérga na ti górze pòstawił drzéwnianô kaplëczkã pòd wezwanim Marëji.
Kąpny ruczk - to je rzecz z cepłą wòdą pòtrzébną do dbałoscë ò czëstosc slôdka, chtërna mòże bëc w kąpnicë.
Jest téż wielokrotnym mistrzã Polsczi i zwycięzcą Tour de Pologne w 1980.
Je drëgą co do wialgòscë wsą w gminie.
Je to 1811 rok naszi erë (pò narodzenim Christusa), 811. rok drëdżégò tësąclecô, 11. rok XIX stolatégò, 1. rok 2-égò dzesãcolecô XIX stolatégò.
Przódy akòrdión grôł przë ùżëcim nogòwich miechów, chtërne z czasã òstałe zastąpiony przez rãczny miech.
Midzë półòstrowama ë òstrowama Azëji je wiele mòcno wcãtich hôwingów ë przëstrądnich - òtemkłich, półzamkłich ë zamkłich - mòrsczich wlëgów.
Do IV staletégò n.e. nie bëło zadnégò kanonu Biblëji.
Do kùńca VIII s. bële pòd panowanim Awarów, pòzdni zanôleżni òd Franków.
Warszawa: Ksążka i Wiedza, 1985.
Stolëmnô architektura bùdinków w centrum gardu je pamiątka pò pòdwëżbie Piełë na òstrzodk lokalnegò sprôwianiégò.
Dzãkùje sã bez to Bògù za òtrzimóné łasczi, zdrowié i zebróné plónë.
Òkróm Pòlôchów nalezc mòże wiele mieszkańców nôleżącëch do rozmajitëch nôrodnëch miészëznów (m.in. Biôłorusënowie, Ùkrajińcë, Lëtwinowie, Tatarowie).
Jegò debiutancczi, aùtorsczi dokùmentalny film – Takiego pięknego syna urodziłam – dobéł czilenôsce nôdgrodów na festiwalach w Krakòwie, Kazymierzu Dolnym, jednoczasno przëniósł téż wiele spiérków.
Czedës òbstrojënczi na dance bëłë do jedzeniô np: òrzechë, jabka i kùszczi, ale bëłë téż swiéczczi.
Je to spòwòdowóné ruchã plazmë i zmianë magnetycznégò pòla, ale dokładnégò mòdelu pòwstôwaniô tëch impùlsów jesz nie znajemë.
Joan Fuster i Ortells (ùr.
Béł tu tedë sztudérã téòlogi.
Jak ten klészcz kąsy, a pòtemù na skórze je widzec jakbë czerwóny òstrów a dali wkòł niego czerwóny kòło, to trzeba jidz do lékôrza, bò człowiek mòże zachòrzec na dłudżi lata.
Na systema òbsługiwô instalacëjã, zaktualnianié ë rëmanié paczétów tak jakno je to w jinszëch distribùcëjach, nie mô równak starë ò to bë pilowac zanôleżnotów co do bibloteków ë programów.
Òn pòetickò zadebiutowôł w 1966 rokù.
Dzeli òna dwie rózdżi Kaszëbów: tëch, chtërnëch zowią Kabôtkama, òd tëch, co nad Jezorã Gardneńsczim żëją i zwią sã Słowińcama.
Zamieszkùją Jiberijsczi Półòstrów, pôłnié Półòstrowù Bałkańsczégò, Azjã Mnijszą, BWschód ë nordową Afrikã.
Kùreszce wëkònóno dnia 25 lëstopadnika, w ji 18 rokù żëcégò, wërok karë smiercë przez scãcé mieczã.
Azjacczi tigris (Panthera tigris) - to je ôrt wiôldżégò suska z rodzëznë kòtowatëch (Felidae).
W 2001 ùkôza sã autorizowanô biografiô Forsytha pt.
Maszka - to je człowiek z larwą na gãbie abò np. z miechã na głowie, chtëren przezeblokły - za strëcha abò babã - òb noc przëchòdzy na wieselé.
Trzeba równak zmerkac, że tak pò prôwdze jistnieje wiele wariantów „Kaszëbsczich nótów”, jaczé apartnią sã kąsk tekstã, chòc spiéwô sã je na nã samą melodiã.
Òbrobné òbéńdë leżą kòl wikszich gardów.
Je to 1921 rok naszi erë (pò narodzenim Christusa), 921. rok drëdżégò tësąclecô, 21. rok XX stolatégò, 1. rok 3-égò dzesãcolecô XX stolatégò.
Tón béł jesz nie taczi jak trzeba.
Padalc żëje w lasach i zarostach.
Trzeba téj chùtkò wstajac, bò na zymkù je wiele do robieniégò; téj je nót robic zymkòwé pòrządczi np.: pòzbierac pòłómóné przez òstri zëmòwi wiater wietewczi, zrëc ògardk, zasadzëc kwiôtczi na zôgónkù.
Wëcygni nas z ti tóni.
Do kùńca roku je 52 dniów.
Dwa miesące pò ùwòlnienim, Flóriôn Cénôwa dostôł paszpòrt ë wëbrôł sã bez Pùck do Pòznania, cobë wspòmóc tam biotkùjącëch pòwstôńców.
Zebróny zwónk (Campanula glomerata L.) - to je roscëna z rodzëznë zwónkowatëch (Campanulaceae Juss.).
Òsoblëwie doswiôdczëlë tegò lëdze, co przënôlégelë do karna Zrzeszińców.
Szabla miała szchôlc długô na dzesãc centimétrów, òstrzé mô strzédnô długòsc òsmëdzesãt centimétrów.
Serzp – to je baro stôré rãczné nôrzãdzé, chtërno brëkòwelë czedës np.
Ùtwòrzenié na znacznëch òbszarach scëłégò rezerwatu, a do te liczne ekspedycje nie przëniosłë równak żôdnégò gwësnégò pòswiôdczenégò przetrwania wilkòwòra tasmańsczégò.
Sédnô wersëjô to 0.8.
NIWIZNA równiô, pòl. poziom.
Wiôldżi rozwij katalońsczi lëteraturë béł w 14. i 15. stalatim, czéj zawita ricerskô epika.
W ni pò rôz pierszi pòjawiłë sã ksążczi, blós pôrã na klasa.
Wczasni bëła dzélã kònfederatiwnégò Państwòwégò Związkù Serbie i Czôrnogórë (serb. Državna Zajednica Srbija i Crna Gora).
Wedle jinszégò pòdzélënkù, mającégò kòrzenie w żëdowiznie, są to Piãcoksąg Mòjżeszowi (żëd. Tora), Prorocy (żëd. Newiim) i Pisma (żëd. Ketuwim).
W lëpińcu òstôł wikarim parafii w Żbikòwie kòl Prùszkòwa.
Je to 888 rok naszi erë (pò narodzenim Christusa), 888. rok pierszégò tësąclecégò, 88. rok IX stalatégò, 8. rok 9-égò dzesãcolecô IX stalatégò.
Gromadzy bògatą słowiznã z całëch Kaszëb (kòl 61 tës.
Nadczidka ò pierszich lëdzach pòjôwiô sã w pòwiescë „
Je to 1877 rok naszi erë (pò narodzenim Christusa), 877. rok drëdżégò tësąclecô, 77. rok XIX stolatégò, 7. rok 8-égò dzesãcolecô XIX stolatégò.
Wëwòdzi sã òd słów "nôleżący do Marsa".
Nie bëłë òne równak pòdôwóné we wszëtczich dzélach Kaszëbsczi.
Greńcą je linia òd zôpadu przez: Kątë Òpòlsczé, Tarnów Òpòlsczi, Krośnicã, Staniszcze, Kolonowsczé, Zawadzczé, zdłużą Môłi Panwi ë na pôłnie w rejon Tarnowsczéch Górów, na zôpad òd Katowic ë na pòrénk òd Pszczynë.
Przëmierzé – 1) zrzesz midze Bògã a Jizraelitama.
W tim lagrze bëlë m. jin.
Ji nôleżnicë są pòjużnomëslnota ë kònzerwatistama.
Je to 1844 rok naszi erë (pò narodzenim Christusa), 844. rok drëdżégò tësąclecô, 44. rok XIX stolatégò, 4. rok 5-égò dzesãcolecô XIX stolatégò.
Wkół blizë, gbùrzczich bùdinków i chëczë je pòstawiony mùr z cegłów.
Je to 1383 rok naszi erë (pò narodzenim Christusa), 383. rok drëdżégò tësąclecô, 83. rok XIV stolatégò, 3. rok 9-égò dzesãcolecô XIV stolatégò.
Kòl jegò nordowégò ùbrzegù są zlepieńcowé grotë.
Je téż muzykańtã-amatorã, graje na czile jinstrumentach, m. jin.
Òna zëmùje m. jin.
Dôlëbóg òznôczô dobrégò bòga, co daje: żëcé, zdrowié, ùrodzaj, żëwnotã, pògòdã dëcha i wieczné zëcé w niji, to je w niebie.
Swiat roscën je wôżnô dlô lëdzy.
Świéżi brzôd mô dzejanié rozlózowóné przë zacwiardzeniô ë jednoczasno procëm biegùnce.
Zómkòwëch bëło kòle 100 lëdzy, do grëpë ricerze i pò pôrã germków a knechtów na kòżdégò.
Zasłynął jakò cudodzejôrz, ratëjące żeglarzów ë miasto òd głodu.
Znóny je òkrãtowi chronométer.
Stôrnia (Platichthys flesus) - to je rëba z rodzëznë flińdrowatëch (Pleuronectidae).
Walãtégò Dąbrowsczégò rodã z Gòwina, skùńcził Dëchòwné Seminarium w Pelplinie, a pòsobno doktorancczé teòlogiczné sztudia w Fribùrgù Brizgòwijsczim i we Wrocławiu.
Podleszczón (Hepatica nobilis Mill.) – to je wielelatnô roscëna z rodzëznë jastrownikòwatëch (Ranunculaceae).
Rakiétka skłôdô sã z déla i dwùch òsoblëwëch, gùmòwëch (kauczukowych)òbłożeniów.
Róman Drzéżdżón dôwô bôczënk na pòwôżny problem z bëlnym pisënkã tekstu frantówczi.
Bëła w dwa mòdele, jeden tipòwi do bitwë, drëdżi barżi òzdobny do paradé.
Doda (Dorota Rabczewska), (ùr.
Tekstë fòlkloru mùszimë badac razã z kontekstem, w jaczim òstałë wëgłoszóné i zapisóné.
Jak òpi ju zdążił wëlezc na zwonnicã, to chòc bëło zle, to jesz kòscelny mógł dostac sã do wieżë i pòcygnąc za linã ë próbòwac zwalëc òpégò na zemiã.
Liturgicznô doba zaczinô sã òb wieczór nôbòżeństwã nazéwónym wieczernia (òdpòwiednik katolëcczich niszpòrów).
Z kamów téż bùdowelë dólny i westrzédny dzél murów.
Nié wszëtczé zachë dało do kùpieniô abò nie bëło na nie dëtków.
Òstatk żëca przeżëwała w izolaceji i rzôdkò miôła òkazjã pòtkac sã z córkã.
Kromlechё czãsto bёłё bùdowóné wzdłuż liniji wschòdzącégò abò zachòdzącégò sùńca abò ksãżёca ò wёznaczonёch cządach roku.
Bananë to pesznë brzôd Do Pòlsczé wòzé.
Króm czile gramaticznëch mòrfemów w dôwnëch tekstach, niżódna lëtera ni mòże sama jedna reprezentowac elementu pisma kòrejańsczégò jãzëka.
Pòtemù równak liczi sã też dobroc mòwë.
Niechtërné gónë brëkòwaniégò infòrmaticzi.
Na zôczątkù szabla bęła jakô òsprzãt na gbùrsczi gospodarstwo.
Jón Paweł II przëjmòwôł Kaszëbów ù se w Watikanie.
Ùrodzëł sã w bògatéj mieszczańsczéj familië.
Je to 1761 rok naszi erë (pò narodzenim Christusa), 761. rok drëdżégò tësąclecô, 61. rok XVIII stolatégò, 1. rok 7-égò dzesãcolecô XVIII stolatégò.
Zmagała sã z bezsennoscã, tremã i niskã samoòcenã.
Do kùńca roku je 55 dniów.
Dopiérze w 1922 r. dostôł drëdżégò szkólnégò - TónaãChabòwsczégo.
Zrobiony je z sëchi trôwë, a ód bëna wëlożony mitkò steblamë.
Je to 945 rok naszi erë (pò narodzenim Christusa), 945. rok pierszégò tësąclecégò, 45. rok X stolatégò, 5. rok 5-égò dzesãcolecô X stolatégò.
Ten òbiekt je pònazwóny mionã pamiątczi przërodë (pòjedińczé drzéwiã).
Jich dzejanié je widzec w rëchtowanim rozmajitëch ùczałëch kònferencjów czë wëstôwków.
Wôżné je téż mòderné midzënôrodné latawiszcze w Tùcson.
Roscena ùprawiônô przede wszёtczim w Europie.
Bôjka kuńczy sã pòùkã.
Równoczasno je òno pòdstawą òdnowieniô na przindnosc związkù òsłabłégò przez ta niewiernotã.
W òbéńdze szołtëstwa pòłożonô je wies Jekmùca.
W gwësnym môlu za pòmòcą kamérë i mikrofóna nastãpùje zapisanié sygnału, jaczi dali je przekôzywóny równo w jaczi môl, co je w zôkrãżu transmisje.
Ten pisôrz czasã ò tim kòscele pisôł.
Lasowô wika (Vicia sylvatica) - to je ôrt roscënë z rodzëznë bòbòwatëch.
Òjc Bòlesława I Chrobrégò, Swiãtosławë-Sygrëdë, Mieszka, Lamberta i Swiãtopôłka.
Dobiegniewò (we zdrojach: Debegnewe 1250, Dobegnewe 1252, Dobyegnyew 1421 (KDW), Wollenberg 1662-1665, Woldenberg; pòl.
Lëdzë interesëją sã ji sprawama priwatnëma.
Kùńcząc maraton stajesz sã nowim człowiekã, Pòradzisz so z maratonã pòradzisz so ze wszëtczim.
Terôczas Miłoszewò je gbùrską wsą, ale temù, że je piãkno pòłożonô corôz wicy tuwò daczów i letniskòwëch chëczi.
Jéj pòwrót do grupë nôchãtniéj nadôwónëch mion rozpòczął sã w latach 60. XX w. Katarzëna zëskała wówczas wiôlgą pòpùlarnotã, chtërnô terô ju nieco zmalałô.
Je to 871 rok naszi erë (pò narodzenim Christusa), 871. rok pierszégò tësąclecégò, 71. rok IX stalatégò, 1. rok 8-égò dzesãcolecô IX stalatégò.
Dlôte, szlabizowi blok mô nie mni nigle dwie jamo.
Kòrejańskô wersëjô szachów mô miono janggi ë ji pòdspòdlim je stôrô wersëjô chińsczéch szachów.
Stronama wedle zwëków w swiãto sw.
Ùkłȏdȏ òn słowiznᾶ w pȏrë ò kòntrastnëch sztëkach, np.
Wicy jinformacëji na tã téma mòżna nalezc w pismach kabalisticznëch i apòkrifach.
Do kùńca roku je 42 dniów.
Dominëjącą religiją w Pòlsczi Repùblice je rzimskòkatolëckô wiara.
Bób (Vicia faba L.) – to je jednorocznô roscëna z rodzëznë bòbòwatëch (Fabaceae).
Je to 996 rok naszi erë (pò narodzenim Christusa), 996. rok pierszégò tësąclecégò, 96. rok X stolatégò, 6. rok 10-égò dzesãcolecô X stolatégò.
Tam mòże téż bëc bùda dlô psa.
Jegò żëcé je dosc krëjamné.
Je to sznur z pôcórkama, do rechòwaniô òdmawiónëch mòdlëtw.
W òbù przëpôdkach zapisënk je wnetka taczi sóm, a kôżderny znak w jednym alfabece mô swoją równoznaczënã w drëdżim (w łacënce je përznã dwaznaków).
Przyznawôła, że w wieku 8 lat była mòlestowóna seksualnié przez lokatóra, ale nié ùjawniła tożsamosce napastnika.
Pierszi rôz kaszëbsczi magazyn „Rodnô Zemia” nadóny béł 21 lëpińca 1990 rokù.
W latach 1985-86 r. znôw ùcziła w szkòle, tim razã anielsczégò jãzëka w Warkòwim Liceum w Kartuzach.
We wiôldżim miechù trzimie pëszny darënczi dlô kòżdégò dzecka.
Ju w IV wiekù lëdze zaczãlë bùdowac kòminë.
Kampanonim – to je pòzwa zwònu.
Miészańcem tegò òsła i kònia mòże bëc muła.
Je to 1869 rok naszi erë (pò narodzenim Christusa), 869. rok drëdżégò tësąclecô, 69. rok XIX stolatégò, 9. rok 7-égò dzesãcolecô XIX stolatégò.
Janiół òznôczô funkcjã, nie nôtërã.
Jinszé pòliticzné warënczi doprowadzëłë do ùsztôłceniégò sã różnëch wnitrznich pòdzélënków.
Spòdlecznã doczëznã do wërôbianiô wiãzëdła je héklôcz i jaczis ôrt doczëzny, chtërny bãdze wërôbiany.
Òkres gòdowi rozpòczinô sã w łżëkwace.
Kòl swiãti Dorotë, sw.
Tu je Regionalné Mùzeum w Człëchòwie i krzëżacczi zómk.
Kategòriô przëpôdkù odzdrzadlëwô rozmajité fùnkcje dóny fòrmë słowa.
Zagrożeniem dlô gatunkù bëł zbiór roscënë jakò surowca dlô przemysłu farmaceutycznégò, bëwałô téż niszczenô przez lëdzë ( to je pòtrus).
Òbserwëje sã tendencëjã do ji ùprôszczaniégò, równo na skùtk dzejaniégò nôtëralnich jak ë antropògenicznëch czinników.
Pò robòce w Rogòznie jaż do wëbùchù drëdżi swiatowi wòjnë Trepczik robił w Tłukawach.
Òn béł ksyżestwã.
M.jin. tądkã jidze turistny, Kaszëbsczi Szlach.
Zanôléżno òd sprawióny robòtë, maja rozmajitą bùdowniã i ùfarbòwanié.
Rëbaczenié dzelé sã na rëbaczenié jakno wietew gòspòdarczi zajimajãcy sã łowienim rëbów do jedzeniié i jich przerôbianié i rëbaczenié jakno wietew gòspòdarczi zajimajãcy sã chòwã rëbów w mòrzach,rzékach i jezorach.
Tegò ptôcha mòże tu widzec np.
Miéwcowie òkòlnëch miectwów ùgôdelë sã, że do ti szkòlë mdą chòdzëłë dzecë z nëch wsów.
Òchrzcëlë gò 4 lëpińca w Kòscele sw.
Lubin mô apartné ùrzãdë dlô gardu ë wsowi gminë.
Slovio je sztëcznym jãzëkã jaczi òstôł stwòrzony przez lingwistã Marka Hučko.
Tu w 2008 rokù mieszkało 1123 lëdzy.
Mieszkeńcë Królewsczich Prës czëlë sã z ùrodzeniô Prësôkama.
W òbéńdze szôłtëstwa pòłożonô je mniészô kòloniô Bùdówkò.
Òd 1730 béł wëdôwcą gazétë „The Pensylwania gazette”.
Pòzwa pijarzë pòchôdô òd słowa z łacëznr “pius” czili “pòbòżny”, pòjawiający sã w łacëznowi nazwie "Scholae Piae", co oznaczô: „Szkòłë Pòbòżné”.
Tuwò pò pôrã latach dożdôł sã ksãżich swiãceniów, chtërne przëjimnął w 1963 rokù.
Mòże bec przerabiani na świéżo, wãdzoné miãso i konzerwowac.
Lëdztwò wsë: 143 mieszkańców (
Kòcéwskô je zamieszkónô przez kòl 250 tës.
Zwisłi niedbôłk (Melica nutans) – to je ôrt z rodzëznë Poaceae.
Òd 1920 rokù dzãka dzyrskòscë mieszkeńców Kãtrzëno bëło sparłãczoné z pòlsczim państwã, równak greńca òddzelëła wies òd kòscoła w Rozłazënie.
Pò ùsëniãcym startérów przez endonukleazë fragmeńtë Òkazaki są łãczóné bez ligazã w jednã całotã.
Je to 857 rok naszi erë (pò narodzenim Christusa), 857. rok pierszégò tësąclecégò, 57. rok IX stalatégò, 7. rok 6-égò dzesãcolecô IX stalatégò.
Nôwôżniészima wietwiama gòspòdarzënkù w Pòmòrsce je mòrskô industrëjô (òkrãtownie ë pòrtë), turistika, rëbaczenié ë gbùrzëzna.
Krëjamny Wòjskòwi Òrganizacëje "Pòmòrsczi Grif"
Skùtkã dzejaniô abrazëji je pòwstôwanie klifów ë abrazëjnich platformów.
Jesz w pòczątkach XX wiekù ùwôżony był za szkòdnika dlô gbùrów i jegò robòtë na pòlu.
Nowi Jork mô 17 421 800 mieszkańców (2005).
Przez Serakòjce przechòdzy turisticzny, Kaszëbsczi Szlach.
Je to 1901 rok naszi erë (pò narodzenim Christusa), 901. rok drëdżégò tësąclecô, 1. rok XX stolatégò, 1. rok 1-égò dzesãcolecô XX stolatégò.
Samc mô rodżi, jaczé dodôwają jemù òsoblëwi snôżotë.
Strzédnica ti gwiôzdë mô kòl 23 km (plus minus 6km) a masa 1,8 Mas Słuńca (plus minus 0,5).
Tu krótko są Krósewò i Trôwice.
W 1981 zamieszkôł w Ustce i tam béł na penzji.
Mòdé jéże chùtkò roscą i pò dwùch miesącach żëją òsóbno.
W Wilnie mieszkô kòl 543 tës.
Bòrzón abò prôwdzywk (Boletus edulis) - to je grzib z rodzëznë bòrzónowatëch.
Bliza – nawigacjowi mërk ùsôdzony na sztrãdze abò wòdze sélający widné sygnalë.
W 1957 w zakristeji kòscoła sw.
Równak coraz bardżi pòznawane są właściwość chemiczné ówsa i znajdùje sã dla niegò coraz bardżi rozmajite zastosowanie: w dietetëce, w przemësle farmaceutëcznëm, kòsmetëcznëm i chemicznëm.
Ù Słowión i celticczich lëdów, kùltowé môle bëłë kòl starëch dãbòwëch drzewiszczów.
W 1944 rokù pierszi rôz pòkôzôł sã na Broadwayu w Music Box Theatre jakno Nels w dramace I Remember Mama ù bòkù Oskara Homolczi.
Majkòwskô robia tedë w wejrowsczi Miesczi Bibliotece i zarôbia tam 400 złotëch na miesąc.
Przódë na czepcach bëłë złoti wësziwczi, a dzys je złotnicowi wësziwk.
Mieszkôł na pôrã stancjach ë mòże téż w tzw.
Slëmiéń żëje w lasach.
Wedle niegò miała to bëc gra dlô białków, barżi dlô nich przëjaznô jak dopiérze pòwstała wnenczas "chłopskô" nożnô bala.
W tim òkòlim nawôłnica w 2017 rokù baro zniszcza lasë.
Spòsobë szmùglu barni, wëbuchòwéch substancjów, praniô brudnëch dëtków, manijactwa lëdzama òpisëje w pòdrobnotach.
Òstrowina (abò archipelag z gr.
Malediwë je państwã w Azëji.
Kunszt pòchòdzy z Syberii.
”, we fragmeńce: Sambòrów miecz i Swiãtopôłka biôtczi.
Trzy lata z tysiąca, òpówiadający ò ùwiãzenié Wyszyńsczégò przez władze PRL.
Gmina Dzemiónë (
Akwen - kożderny, równo czej òpisóny dzél wòdny wiéchrzëznë.
To béł gbùr, chtëren miôł białkã ë dzece.
Niejedny gôdają, że òne są z żôłnérzów Heroda: W drodze żôłnérze zamienilë sã w rozmajité zwierzãta, chtërne sã zagrëzłë i tak Bòżé Dzecątkò ùszło smiercë.
Tu je kòscół z 1879 rokù.
To nastało midzë Kaszëbama pôrã lat pò I swiatowi wòjnie.
Drawsko Pomorskie, miem.
Praga pòłożonô je nad rzeką Wełtawą.
Lopéz mia trzech chłopów, a przez dwa lata ji chłopem bëł aktór Ben Aflleck.
Je to 1832 rok naszi erë (pò narodzenim Christusa), 832. rok drëdżégò tësąclecô, 32. rok XIX stolatégò, 2. rok 4-égò dzesãcolecô XIX stolatégò.
Nôwiãkszi kòliber mô 22 cm długòscë.
Je to 1780 rok naszi erë (pò narodzenim Christusa), 780. rok drëdżégò tësąclecô, 80. rok XVIII stolatégò, 10. rok 8-égò dzesãcolecô XVIII stolatégò.
Ten rabùszny zwiérz je w herbie m.jin.
W sztërkù włączeniégò jaczégos głosu left napełniwô registrowi kanał.
Łoczetk przëjachôł do Wiôlgòpòlsczi, pòkònôł bùnt mieszczanów pòznańsczich (na czele z wójtã Przemkã) i òbjął rządë nad tą dzelnicą.
W kaszëbsczim wëdôwóné są knéżczi, cządniczi a téż nadôwóné programë w radiu czë telewizëji.
Je to 1813 rok naszi erë (pò narodzenim Christusa), 813. rok drëdżégò tësąclecô, 13. rok XIX stolatégò, 3. rok 2-égò dzesãcolecô XIX stolatégò.
Tu czedës bëlë smòlarze i bartnicë.
Ten tu rôz Pawłowi towarzi z początku leno Sylas, potem Timoteusz (Dz 16,1-3) i, wierę od Troadë, Łukôsz (Dz 16,10).
W dodomach – nôczãszczi w bótach na òknach – òstawiô darënczi.
Bòliwiô ma 36 òficjalnëch jãzëków nôrodnich i ji oficjalne miono to Estado Plurinacional de Bolivia, plurinôrodné państwò Bòliwii.
Gmina Kartuzë (
Òficjalno òstôł uznóny za gatënk wëmarłi przez IUCN w 1986 rokù.
Je to 914 rok naszi erë (pò narodzenim Christusa), 914. rok pierszégò tësąclecégò, 14. rok X stolatégò, 4. rok 2-égò dzesãcolecô X stolatégò.
Wëstãpiają blós òd zymkù do lata.
Gottlieb Lorek ùsadzył drëkòwóny òpisënk Kaszëbów nad Łebą (1821), je téż aùtorã m.jin. rãkòpisu kaszëbskò-niemieckò-pòlsczégò słowôrzka.
W rokù 1919 zasadë grë òstałë rozszérzwioné przez Carla Schelenza, chtërny wprowadzył przepisë barżi czekawszé dlô chłopsczi discëplinë.
Tuwò wëdiwôlë swòje platë m.jin.
Swiãti Mikòłôj (téż Miklosz) Pioch Danuta, Kaszëbë, Zemia i lëdze, Gdańsk 2011 - przezeblokłi je w grëbi, czerwiony kòżëch, cepłi bùksë.
A na zemi òbdarz chlébkã i rëbą.
Słownik gwar kaszubskich na tle kultury ludowej, Ossolineum, Wrocław - Warszawa - Kraków 1969, tom III, s. 142.
To wszëtkò nama pòkôzywô ùmòwny, chòc baro pòpùlarny pòdzél òtãpieniégò na „kórowé” (np. chëra Alzheimera) i „pòdkórowé (np. chëra Parkinsona), co jinaczą sã midzë sobą inicznym òbrazã, jak i neùropsychòlogicznym procesã.
Je to 1766 rok naszi erë (pò narodzenim Christusa), 766. rok drëdżégò tësąclecô, 66. rok XVIII stolatégò, 6. rok 7-égò dzesãcolecô XVIII stolatégò.
Je to 1714 rok naszi erë (pò narodzenim Christusa), 714. rok drëdżégò tësąclecô, 14. rok XVIII stolatégò, 4. rok 2-égò dzesãcolecô XVIII stolatégò.
Bòcónë chãtno jedzą rozmaité òwadë.
Ji òjc, Władisłôw herbù Dołęga, bëł atejistą, szkólnym matematyki i fizyki i téż direktorã 2 chłopsczich gimnazjów.
Z niegò wiéme, że to nôstarszé piwò zwëskiwóné bëło z chleba fermeńtowónégò w wòdze.
W Pismie Swiãtim je wpisónëch baro wiele wëjimków, gdze lëdze zwrôcalë sã na mòdlëtwie do Bòga.
Dlô turistów tu je np.
Òn w swòjim czasu dosc głosno chrochce.
Ùrodzył sã kòl 250 rokù w Zeiselmauer (dôwni Ceti, Dolnô Austriô).
Tu mieszkô kòl 1200 Wepsów, a òni gôdają wepsczim jãzëkiem.
Cecylii są janiół, mùzyczné instrumentë (cytra, arfa, lëtniô, òrganë ), pôlącô sã lãpka, miecz), wińc z biôłëch i czerwionëch róż (òznôczającé czëstosc i mãczelstwo).
Je to 909 rok naszi erë (pò narodzenim Christusa), 909. rok pierszégò tësąclecégò, 9. rok X stolatégò, 9. rok 1-égò dzesãcolecô X stolatégò.
Czek - to je wôrtny papiór.
Sëdwina (Hippophaë rhamnoides L.) – to je roscëna z rodzëznë òliwnikòwatëch (Elaeagnaceae).
Sejmòwô Bibloteka (pòl Biblioteka Sejmowa) - to je bibloteka przë Sejmie w Pòlsce.
We Francji Mariô dowiedzëła sã o parminieniu pierwiôstka ùranu, baderowanégò przez Henriégò Bacquerele.
W òbéńdze szôłtëstwa pòłożoné sã mniészé kòlonie: Martënczi, Pòpójce i Tokarsczé Pnie.
Przez to czim je, je dëchã, a przez to co wëpełniô, je janiołã.
Gnieżdżą sã w kòloniach na wyspach,jezorach i rzekach.
Przóde lat noszëł pòzwã wielocyped i bicykl.
Òne òbjimają 70 533 km² wiéchrzëznë.
Tu w 2008 rokù mieszkało 64 lëdzy.
W sttôrożëtnim Egipcie brëkòwano hieroglifë do pisania na papirusach i mumifikowano lëdzë po smerci.
Rozmajitolëstny jastrownik (Ranunculus auricomus L.) - to je roscëna z rodzëznë jastrownikòwatëch (Ranunculaceae).
Minusowé saldo migracjowëch rëszotów zapisëją wszëtczé jinszé pòwiatë Kaszëb, a òsoblëwò człëchòwskô i bëtowskô zemia.
W miónkach karnów gimnasticzczi wëkònëją ùłożënk pòspólno i nôwëżi dwa ôrte przëbòrów mògą bëc wëzwëskóné przez karno cwiczącëch.
Na tëlnëch kòńczënach znajdują sã pòprzeczné plamë w cymny farwie.
W dzéń przed, tak tej 29 lëstopadnika dzéwczãta robią sobie wróżbë, chtëre mają za zadanié przepòwiedzec jak bãdze nazewôł sã ich ùkòchóny.
Lëdztwò gardu: 100 000 mieszkańców (
Stolëca i nôwikszi gard to Prisztina, historëcznô stolëca to gard Prizren.
W latowi czas mòżna ją òbzërac.
Òn mòże rosc kòl brzegù jezora i mô lilewé kwiatë, a mòże zatrëc lëdzy.
Czôrnô sosna (Pinus nigra) – to je ôrt wiedno zelonégò drzéwiãca z rodzëznë sosnowatëch (Pinaceae).
Władzã ùstawòdôwczą sprôwiô jednojizbòwi parlament – Nôrodné Zéńdzenié (serb.Narodna Skupština), jaczi skłôdô sã z 250 nôleżników wëbiérónëch na sztërëlatną kadencjã.
Avenella flexuosa) – to je ôrt z rodzëznë Poaceae.
Rëbôk jidze w mòrze, żebë wëbrodzëc broduza.
W klasyczny pòwiescë westãpiwô wszetkòwiedzący òpòwiôdôcz i wielowątkòwô fabla.
Je nôstarszą na swiece, zretaną, przenosną, metalową knéżką.
Stolëca i nôwikszi gard to Caracas.
W Prowansalsczi je legenda, że pò Wniebòwstąpienim Christusa Marta ze swòjima krewnyma szła do Francëji.
Sprôwnym ùrzãdem je Rząd (cz. Vláda).
To je zelé do lëkarzeniô.
Agroturistika - to je spòsób wëpòczinkù w leżnoscach, chtërne szlachùją za wiesczima.
Je to 863 rok naszi erë (pò narodzenim Christusa), 863. rok pierszégò tësąclecégò, 63. rok IX stalatégò, 3. rok 7-égò dzesãcolecô IX stalatégò.
Samice skłôdają skrzek, chterën ma pòstacejô kùlistëch, galaretowatëch brił.
Òn napisôł ò se: "Mòja dësza je w całoscy kaszëbskô, i takô òstónie/Moja dusza jest do głębi kaszubska, i taka pozostanie."
Prosti lud gôdiwôł pierwi Dôlëbóg na Belbòga.
Wisława Szymborska (fùl miono Maria Wisława Anna Szymborska, ùr.
Lëdztwò - 359 w 2008 rokù.
W 1795 r. nalazło sã w rusczim zabòrze, a jesz bëło stolëcą gùbernii.
W spòczinkù przëpòminają srokã, le w pòrównanim z jéj cãżczim lotã kùkówka czubatô wiele lepij przemieszcziwô sã w lefce.
Żabòwaté pòlują żadając nierëchlawò na swòją òfiarã, jaż ta sama sã zbliży.
Mòże dochadac nawetka do pół metra, ale trôfiają sã jesz wikszé.
Zachòwané zdrzódła pòzwalają twierdzëc, że Mieszkò I béł sprôwnym pòlitikã, ùtalentowónym wòdzã i charizmaticznym włodarzã.
Bùdink stôri szkòłë pò ùprawienim òddelë nazôt dzecòm 01 séwnika 2001 rokù i dzejô do dzys dnia.
Zwëczajnô charztowina (Ammophila arenaria (L.) Link.) – to je ôrt z rodzëznë Poaceae.
To Karno bëło m. jin.
Epitet (przëdôwk, flëczk) – słowò (przëdôwnik, jistnik abò przëczasnik), chtërno òpisowô jaczis przibiór, statk, òbiekt - na przëmiar: brzëdczi knôp, strasznô biéda, bilietnô kasa, lëchi pies, bijącô żëła.
Starna amerëkańsczi lidżi kronum dzejô téż jak spòleznowy pòrtal, dzãka chtërnémù fani i spòrtowcë mògą òstawac w kòńtakcë.
Òni ùsëpele òstrowë i retczi na kaszëbsczëch jezorach, a nawetka całi je zasëpale i tam dzys są łączi.
Peter Glofcheskie, Ed Chippior, a béł np.
Dzectwò spãdzôł w Warszawie.
Ta trzóda kamieni jesz dzys tam je widzec.
Dzysdniowò w socjologiji ë historëji panuje dba, że Kaszëbi są etnicznym karnã pòlsczégò nôrodu.
Na zôczątki strëmiannika abò łżëkwiata samica sklôdô 2-3 jaja są òne biôłi i kùglowati.
Trulôcz je jednym z nôwiãkszich pòlsczich ptôchów.
Terô ta szkòła je zamkłi.
Pòrénkòwô Pòmòrskô nazéwô sã Pommerellen, a wic „Môłé Pòmòrskô”.
Pòłożënk ny zemi na zbérkù Pòmòrsczi, abò w pózniészich stalatach na krôju pòlsczégò państwa prowadzył prawie do te, jéż òsoblëwie mòckò bëła òna wëstawionô na znikwienia ë nôpadë sąsadnëch państwów.
Tu je stolëca gminë.
Czãsto je to widzec ( np.
W prehistorëcznëch czasach no òkòlé bëło dosc gãsto zalëdnioné, czegò szlachama są wielné pòpielnicowé pòchówczi òdkriwóné na pòlach wkół Kòbëlôsza i Pòtãgòwa.
Òdjimczi mògą bëc zapisëwóné na rozmajitëch mediach, np.: òdjimkòwim papiórze, diapozytiwach (tzw. slajdach) ôs jakno kòmpùtrowé lopczi.
Òd kòscelnégò wikszą sëłã do biôtczi z òpim ò zwónnicã miôł ksądz, bò òblokłi w kòscelné ruchna, ùbarnioni w klucze òd kòscoła, mógł nima ùderzëc òpégò w gãbã ë òdebrac mù mòc.
Błotnô sykórka (Poecile palustris syn.
Môlowô séc (LAN) - je to ôrt sécy, chtërnô parłączi personalné kòmpùtrë.
Potemu udôł sę do Efezu, dze potkôł go jesz biskup Papiôsz, kòle 96/97 r.
Pòlskô je w conie westrzédnoeùropejsczégò czasu, je to słuńcowi czas pôłnika 15°.
Sarka w Pòlsce je pòd délową òchróną.
Niechtërny do Australëji zarechòwëwają téż drëdżi wedle wiôlgòscë òstrów Nowô Gwinejô (wiéchrzëzna 785 tys.
Òn w 1773 rokù napisôł: "Kaszuby" to je òbéńda, chtërna słëchô do tich co "osobliwe noszą nazwiska".
Je to 1769 rok naszi erë (pò narodzenim Christusa), 769. rok drëdżégò tësąclecô, 69. rok XVIII stolatégò, 9. rok 7-égò dzesãcolecô XVIII stolatégò.
Jegò dokôzë (przede wszëtczim wëjimczi z "O Panu Czôrlińsczim co do Pucka po sece jachoł") są téż w antologiach, m.jin. Modrej strunie (zbiorowim dokôzu pòd przédnictwã W. Czedrowsczégò, 1973) czë J.Sampa Poezji rodnej mowy (1985).
Martwé Mòrze MM w j. Hebrajsczim Yam HaMelah je ok.
Òdkrëtô w 1781 przez anielsczégò astronoma Williama Herschela (je pierszą planetą òdkrëtą w terôczasnoscë i pierszą òdkrëtą z pòmòcą teleskòpù).
Liryka ksãdza Twardowsczégò òpowiadô ò Bògù i lëdzach.
Pònarwë mëgów żëją w wòdowim strzodowiskù.
Zanim bòcón pòdlecy w górã nôprzód pôrã razy mùszi pòdskòczëc zanim pòderwie sã w lëft.
Bolesławiec je stolëcą bolesławiecsczégò krézu.
Definicja ta dôwô cësk na psychòlogiczny pòzdrzatk w przëswòjiwanim kùlturë – wôżné tuwò są spòsobë ùczeniô sã, fòrmòwaniô kùlturowëch nônãtów, przëjimaniô normów òbrzésznëch w gwësny wespòlëznie.
ISO 639 to zestôwk midzënôrodnëch sztandarizacëjów tikającëch równoznacznégò reprezentowaniô mionów jãzëków z pòmòcą krótczich 2 czë 3 lëterowëch merków.
Je to 1867 rok naszi erë (pò narodzenim Christusa), 867. rok drëdżégò tësąclecô, 67. rok XIX stolatégò, 7. rok 7-égò dzesãcolecô XIX stolatégò.
Gdze béł piôsk, tam òni jachalë pòmału, a pò kòrzéniach i kamieniach òni jachalë chiże, żebë jich matuszka chòc w trëmie na wiórach kąsk so pòchôckała, bò w żëcu nigdë so nie wëchôckała.
Wëstãpùjąc w tëch regiónach, nie stronią òne òd lëdzy i nawetka wëkaziwają dobrą rozrodzeniową mòżnotã.
Nożëce do blachë – to je rãczné nôrzãdo do cãcô blachë.
Óws je to roslëna samopylna, kwitnienie òdbëwa sã na ògół przë zamkniãtëch plewkach.
Bùksëszcza – to bëłë krótczé suknowé bùksë do kòlón abò jesz krótszé.
Òb czas wòjnë 1920 dobëła je Czerwònô Armia, i tak téż bëło w 1939 rokù drëdżi rôz.
W hewòtnym rokù rozeszłosc juliańsczégò i gregòriańsczégò kalãdôrza wënôszała nôprzód 12 dni, a òd 13 strëmiannika wërosła do 13 dni.
Sakrameńtë wprowôdzelë stãpniowò, razã ze zmòcniwanim chrzescëjańsczi kòscelny òrganizacje.
W ùtwórstwie Mariana Mòkwë je wiôlgô juwernota stilu.
Zgrupòwóny je w szlabizowe związczi (bloczi), a kożderny taczi blok zamëkô w se nômni dwie z 24 lëter (jamo): przënômni pò jedni z 14 spółzwãkôw ë 10 samòzwãków.
Nôchãtni òn malowôł mòrsczé sztrãdë, przitczé ùrzmë wëstrzednégò Ùbrzegu (
Òno je òd wiele lat, a zajimô sã dëtkòwizną (pùblicznyma financama).
Òd wiodra zanôlégô téż w wiôldżim dzélu nasze zdrowié.
Brzôd je smaczné ë pachnącé, nadôwô sã do jedzeniô na sërowo, jak i na zaprawë: soczi, marmòladë, kònfiturë.
Je to 1866 rok naszi erë (pò narodzenim Christusa), 866. rok drëdżégò tësąclecô, 66. rok XIX stolatégò, 6. rok 7-égò dzesãcolecô XIX stolatégò.
Elemeńta skłôdającé sã na nowi program to nowòroczné zwëczi, swiãtojańskô noc, wiesela a téż tuńce, gôdczi i kaszëbsczi spiéwczi.
W zôpadnym swiece lëteratura je nôczãscy dzelonô na trzë główné lëteracczé zortë: epikã, lirikã ë dramã.
Sandra (Sander lucioperca) rëba z rodzëznë òkónkòwatëch.
Pamiątkòwô tôfla przed dodómã ks.
Je to 880 rok naszi erë (pò narodzenim Christusa), 880. rok pierszégò tësąclecégò, 80. rok IX stalatégò, 10. rok 8-égò dzesãcolecô IX stalatégò.
Na niebiesczich całach zbùdowónych w wiãszoscë z lodë, czili lodowich ksãżëcach planetów a téż zapewno na plutoidach mògą wëstãpòwac wùlkanë lodowé, tzw.
Òno je wierã òd 1944 rokù, a zajimô sã edukacją, m.jin. kaszëbizną.
W ji òbrëmienim są gminë Kòczała, Lëpnica, Brusë, dzél gminów Chònice, Kònôrzënë, Przechlewò i Rzeczenica.
Chto w nim nie gôdô z Christusã abò nie prôcëje dlô Christusa.
Pòcwierdzającë prawa Andegawenów do tronu pòlsczégò.
Na jednym z zebraniów zafedrowôł ùsënienié z òbarnë Niemców.
Do swòjégò państwa przëłącził lubiszewskò-swiecczi ksãżstwò.
Wëdôwizna "Bernardinum" wëdôwô pò pòlskù wszelejaczé materiałë (ksążczi, katalodżi wëstawów ë jinszé).
Medycyna – antropologia kultury – humanistyka, t. 6, pod red.
Biblëjô, Swiãté Pismò (z grecczégò βιβλιον biblion - zwój papirusu, ksãga, w.l. biblia - ksãdzi) - zbiér ksąg, spisany pierwoszno pò hebrjskù, aramejskù i greckù, ùznôny przez żëdów i chrzescëjôn za zôwzãti przez Bòga.
Partã Mùzeum je Chëcz Ôbrama.
Do kùńca roku je 128 dniów.
Òn béł ùrodzony kòl 1180 rokù w Pòmòrsce.
Je to 1737 rok naszi erë (pò narodzenim Christusa), 737. rok drëdżégò tësąclecô, 37. rok XVIII stolatégò, 7. rok 4-égò dzesãcolecô XVIII stolatégò.
Pożywienie rybne Kaszubów Wdzydzkich, Gdańsk : Muzeum Pomorskie, 1972, s. 10.
W 2016 òstôł wybrôny Sportowcã Rokù 2015 w plebiscycie Przeglądu Spòrtowègò oraz zajął czwiôrti plac w plebiscyce Złoti Bali za 2015 rok.
Ùżëcé nôrzãdzôcza z przëmiónkama taczima jak „nad”, „pòd”, „midzë” służi pòkôzaniu jaczégòs placu dzejaniô.
Pierszé zmiónczi ò przëjãtim zestôwkù kanonicznich ksąg w antikòwim Kòscele pòkôzają sã w ùchòwônëch pismach chrzescëjansczich autorów IV s. - m.n. sw.
W 2003 r. dostôł titel doktora za dokôz Stereotyp masona w polskiej myśli politycznej 1918-1939.
Bernat Zëchta (Sëchta) (
Òs negò òwalu przëkëwô sã wnetka ze Zwartnikã Kòzorożëca.
W 2014 licził òn wicy jak 60 tës.
Pomerania nr 4(486) kwiecień 2015, ss.
Zôwadą w zrzëszenim mòże bëc téż lãk Kòrejanów przed mòżlëwima problemama jaczi mògą z tegò wińc.
Tam, w Weimarze, pòtkôł niemiecczégò ùtwórcã, Goethégò, chtëren mù dôł gãsé pióro i napisóną dlô niegò wiérztã.
Dzysô wãglownik je tu zabôczonym warkã.
Je to wôżny òstrzódk kaszëbsczi kùlturë.
Adóm Hébel je przedstôwcã wejrowsczégò „Teatru Zymk” i artistã kaszëbsczégò „Kabaretu Kùńda” (òkróm Adama Hébla tworzi gò téż Patrik Mùdlaw).
Kamiéń (we zdrojach: Chamin 1124, 1140, Camin 1159, Camyn 1176, Steinborg pòł.
W 1961 rokù, ùkùńczëł Pòdiplomòwi Studium Planowoniô i Architekturë Wsë.
To je jeden z nôlepszich ptôszich spiéwôków.
Je to 917 rok naszi erë (pò narodzenim Christusa), 917. rok pierszégò tësąclecégò, 17. rok X stolatégò, 7. rok 2-égò dzesãcolecô X stolatégò.
W sami Eùropejsczi Ùnii je wicy jak 60 môlowich pòspólnotów, chtërné ùżiwają jãzëków òbéńdowëch abò mniészëznowëch.
Drgùba - to je séc do łowieniô wikszëch rëbów, ją mògł wstawic na noc.
Do kùńca roku je 76 dniów.
Nimò swòji pózwë rodzajowi i spòkrewnieni òdgłosë tegò gatënkù nijak ni przëbôczają kùkaniégò kùkówczi zwëczajny.
Przédné gòspòdarczé ë ùczbòwò-kùlturowé centróm kraju.
Lato - je jednym z przédnich sztërzech cządów rokù.
Jikro - to je tilny dzél dólny kùńcowinë, w chtërnym są dwa wôżné mùskle.
Złotnica - to béł np.
Do kùńca roku je 103 dniów.
Dzece w katolëcczëch rodzëznach jesz gôdają tim jãzëkiem.
Òn miôł téż w swòjim ùróbkù òpòwiôdania np.: "Stôri mùszi, młodi mòże".
Zachòwałë sã wszetczé dokôzë Baczińsczégò – pònad 500 wiérztów, czilenôsce pòémów i kòle 20 òpòwiôdaniów.
Nôwiãkszi stãżenie trującëch alkaloidów znajduje sã w kòrzeniach ë òwòcach.
Krótkò ti wsë w lasach Miemcë - w II swiatowi wòjnie pòmòrdowalë sta lëdzy.
Dzãka temù w 1936 rokù bëło òtemknienié sédmë klasowi szkòłë z trzëma mieszkaniama dlô szkólnëch.
Zwëczajnô rëdówka (Rhodeus sericeus) - to je ôrt rëbë z rodzëznë karpiowatëch (Cyprinidae).
Żëwią sã te miodã z plôstrów.
Dzél ti wsë zwie sã Hejtuz.
Bëło to òsedlé założoné na pòlsczim prawie, słëchającé do lãbòrsczi zemi.
Òn je dosc twardi i czasem zdżiãti.
Òd samégò pòczątkù pòntifikatu (
Jegò ùżëwô sã w wiele krôjach.
Òstrów bëł zamieszkóni òd 40.000 lat przez aùstralëjsczé plemiona i przez melanezëjsczé plemiona òd 5000 lat.
Roscëna ze szlachu jałowców - Juniperus occidentalis var. australis w Sierra Nevada, Rock Creek Canyon, California.
Biôłi bòcón (Ciconia ciconia) – to je wiôldżi ptôch z rodzëznë bòcónowatëch (Ciconiidae).
Loretańskô lëtaniô abò Litaniô Loretańskô do Nôswiãtszi Mariji Pannë (Litaniae Lauretanae) – to je katolëckô mòdlëtwa z XII stalata na Nôswiãtszi Mariji Pannë pòczestnosc, chtërną mòże mòwic ksądz przemieniwno z wiérnyma.
Òni gôdają czasã przë tim "Chcëme le so zażëc".
Cumulonimbusë nôczãsto bùdëją są czedë zëmny front nachôdô na cepłi òbéńda zëmi.
To béł òd 2008 do 2017 rokù premiéra Saksów.
Lëdze òzdabialë grobë swòjich starszich.
To je rodnô mòwa dlô kòl 160 milionów lëdzy.
Ta roslëna pòjawia sã pò 8-12 dniach od siéwë.
Strzeżëta tëch wôrtnotów i ti spôdkòwiznë, chtërné znaczą ò Waji juwernoce.
Òstało pò nim wiele przekazów pòstrzédnëch, czasã procëmnëch, czasã diskùsëjnëch, jak słôwnô mòwa òbskôrżëcelskô na berlińsczim procesu.
Pò 7 lôtach ôdebrała jã i razã zamieszkały w Hollywood.
Wôżnym półòstrowã je tu Krim.
Tam są colemało wësoczé bùdinczi.
W 1662 rokù miéwcą béł tu Grela.
Jegò dominacjô strzód ùpraw rosła i zaczął wëpierac gatunki pierwotne.
Téż britijsczi historik Norman Davies, trzëmô, że szląsczi etnolekt nót je klasyfikòwac jakno apartny jãzëk.
Je to 999 rok naszi erë (pò narodzenim Christusa), 999. rok pierszégò tësąclecégò, 99. rok X stolatégò, 9. rok 10-égò dzesãcolecô X stolatégò.
Pierszé wiadło ò Strzépczu bëło zapisané w 1314 rokù, ale parafia na gwës pòwsta tu rëchli - na przełómaniu 12. ë 13. stalatégò.
Je to 921 rok naszi erë (pò narodzenim Christusa), 921. rok pierszégò tësąclecégò, 21. rok X stolatégò, 1. rok 3-égò dzesãcolecô X stolatégò.
Pólny kòlińc (Spergula arvensis L.) – to je jednorocznô roscëna z rodzëznë granôtkòwatëch (Caryophyllaceae).
Chile mô baro dłudżi ubrzég nad Spokojnim Òceanã, 4300 km òd Peru do pôłniowégò kùńca kontinentù.
Òn béł doktorã òd 1970 rokù.
Danowi nożëcznik (Loxia curvirostra L.) – to je môłi ptôch.
Do kùńca roku je 43 dniów.
Miast tegò, 22 gòdnika 1841 r. zôpisôł sã na filozoficzny wëdzél Wrocłôwsczégò Ùniwersytetu.
Zdłużą strëgów i nad jezorama wëstãpywają łãdżi.
W 1948 rokù òstôł wëswiãcony na ksãdza.
Czedës lëdze zmerkalë, że òdżin mòże przeniesc baro wiôldżi stratë tam, gdze nie achtnie sã robòtë kòminôrza.
Do nowich zwëków jaczé parłãczą sã z przëwitônim pierwszégò dnia zymkù mòże zarëchòwac ùcek ùczniów ze szkòłë (lóprowanié).
Aksamińtnô rilówka (Sorex araneus) – to je ôrt suska z rodzëznë rilówkòwatëch.
Dzecama jich bëlë: Damroka, Mestwin, Barbara i Witosława.
Przëdatny mùrchel (Morchella esculenta (L.) Pers.) - je grzëbem z rodzëznë mùrchlowatëch (Morchellaceae).
Samica żga swòją òfiarã, do renë wpùszcza kapkã slënë, żebë krew ni mògła gãstniec.
Pòdjimizną Karna do dzysô je pòkôzk scynaniégò kanië w Łątczińsczi Hëce czë Kònkùrs Wiédzë ò Pòmòrzim dlô ùczniów strzédnëch szkòłów, jaczégò zaczątk béł w 1985 rokù.
Bëł raczei wzorowém ùczniém aniżeli zawadiaką – ùczëł sã z łatwoscą, jażle dôwało sã ùpùst jégò żëwi duszë.
Rozcygłosc skale zwãków w wiôldżich òrganach wënôszi kòle 10 òktawów, co je pòrównywalny z òbrëmienim zwãków jaczi są òdbiróny przez lëdzczi ùchò (òd 16 Hz do kòle 16 kHz).
Budzô sã na przełómanim stëmiannika i łżekwiata, czej buten robi sã cepło i lëft mô kòl 15 stopni.
Pòza państwã òstalë jednak Szląsk i Mazowszé a téż Pòmòrzé.
Òb lato 2002 trenowôł dlô Górnika Zabrze i wëstãpôwôł w piłkarsczi szkòle tegò klubu.
Sami timczasã – z trzôskã jakno gònizna – szlë do cepłi chëcze.
Do kùńca roku je 38 dniów.
Frankòwanié - automatné nadrëkòwanié na kùwerce pòcztowégò òpłôtkù ë temù nie brëkùje rãczno przëlepic pòcztowi marczi.
W nim je 11 ôrtów.
Chojnice ; Gdańsk : Zrzeszenie Kaszubsko-Pomorskie, 1984, s. 500.
Dali zwanożił Szwajcarską, a pózni Jitalską.
Zôden z nëch gatënków nie mô swiądë, że w swim gniôzdze wesôdô jedno, abò czile cëzëch jôj kùkówczi.
Kukuczczi chléb (Malva neglecta L.) - to je roscëna z rodzëznë slôzowatëch (Malvaceae).
Je to pòdstawòwé dzélëk codniowé dietë człowieka.
Pólny wijąg (Ulmus minor Mill.) – to je drzéwiã z rodzëznë wijągòwatëch (Ulmaceae).
Wojewódzka Biblioteka Publiczna : Biblioteczny Ośrodek Informacji, Gdańsk 1992.
Łupk (Garrulus glandarius) strzédny ptôch z rodzëznë krëkowatëch.
Kret (Talpa) - to je szlach môłëch susków z rodzëznë kretowatëch (Talpidae).
Ji célã je wëmiana doswiôdczeniów i robòta na rzecz rozwiju jinfòrmacjowi spòlëznë.
Krëpnica - mòże bëc zrobionô z krëpów, krëwie i jinëch dodôwków we flace.
Przejimô òn left, jaczi je tłoczony przez czerpakòwi miech, abò przez dmùchawã, magazynëje je i wëtwôrzô cësnienié, jaczi je pòtrzébny do zadãcégò piszczówków, ë téż do dzejanigò jinszich pneùmaticznëch ùrządzeniów.
Słowôrz Zëchtë òbjimô m.jin. 8 tës.
W lëteraturze z tim je tak: "Ale kò òkróm tegò teatru kłóniającëch so òbrôzów, je w nym môlu widzec pòbòżnotã kaszëbsczégò lëdu i jegò przëwiązanié do pielgrzimkòwi tradicëji."
Dwadzéleniowô sycëna (Juncus bufonius L.) - to je jednorocznô roscëna z rodzëznë sycënowatëch (Juncaceae).
Bukhan ("Nordowi Han"; 북한; 北韓) to òglowé miono westrzód mieszkańców Pôłniowi Kòreji na krôj sąsadów.
Na wiedno Kaszëbi”.
Barcelona - Gard w nordowò-schòdny Szpanii nad Strzódzemnym Mòrzã.
Paweł z Tarsu, Paweł Apòstoł, Szaweł, Saul, Szaul, heb.
Złotowò leżi nad jezorama: Złotowsczim (Miesczim), Babą, Bùrméstrowim, Probòszczowim, Zalesczim ë rzéką Głomią, we westrzédnozôpadnim cządze Krajnë.
Chemijô badéreje m.jn. prawa wedle jaczich atomë wiążą sã w pierwińce ë chemiczné związczi ôs przemianë jednëch związków w jińszé w procesach chemicznëch reakcëjów.
Robert Schuman (ùr. 29 czerwińca 1886 r. w Luksembùrgù, ùm.
Téż w kùlturach Blisczégò Wschòdu bëłë taczi dnie, w chtërnych pielgrzimòwelë.
Jezórne òczka, zamanówszë bezòdpłiwòwima wëtopiszczama na wiéchrzëznie zajimają kòl 50% terenu.
W maju 1950 r. Schuman w wespółrobòce z Jeanã Monnetã i kanclerzã Niemców Kònradã Adenauerã doprowadzył do pòrozmieniô midzë Francją a Niemcama w sprawie wspólnégò zarządzywaniô przemysłama stalowim i wãglowim na terenie Zôgłãbiô Ruhrë.
Në i ni mô cykcaka na krzebce.
Do kùńca roku je 86 dniów.
Chòc ji rozwij przëpôdô nôbarżi na II i III s., to równak pisma te pòwstawałë téż w pòstãpnych stalatach, jaż do strzédnowieka (i pózni).
Tëreckô sënogarlëca (Streptopelia decaocto) - to je ôrt strzédnégò ptôcha z rodzëznë gòłąbkòwatëch.
Òb jeséń i zëmã jedzą przede wszëtczim roscënë, zërenka i kiełczi zbóż.
Wëstąpił z nią na Mésterstwach Eùropy w 2012 i 2016.
Dwamòwné dzeckò nierôz brëkùje pòmòcë i trzeba mù pòmòc, ale ùszónowac téż trzeba jegò ògrańczenia.
Sycëna (Juncus effusus L.) - to je wielelatnô roscëna z rodzëznë sycënowatëch.
Witosława - kaszëbszczé miono białgowsczégò ôrtu.
Bótë ùczãstników zabawy ùstawioné są w rôdze, jeden za dredżim.
Jine wiksze gardë Syrëji to Latakia, Homs i Hama.
Przez swòją nôtërã maksymalizacëjny słowôrz ni mòże bëc słowôrzã normatiwnym (preskriptiwnym), równak mòże baro pòmòc przë twòrzenim taczégò słowôrza.
Mô kòl 30 mieszkańców.
Tã mòże nalezc rujinë joannicczégò zómkù jak téż stôrą cerczew z XIII wiekù.
Je to 955 rok naszi erë (pò narodzenim Christusa), 955. rok pierszégò tësąclecégò, 55. rok X stolatégò, 5. rok 6-égò dzesãcolecô X stolatégò.
Je to wierã nôwikszi kòscół z cegłë na swiece, nôprzód òn miôł niższą wieżą.
Je to 1430 rok naszi erë (pò narodzenim Christusa), 430. rok drëdżégò tësąclecô, 30. rok XV stolatégò, 10. rok 3-égò dzesãcolecô XV stolatégò.
Òn mô chemiczny wzór Mg2SiO4.
Całi wiéchrzëzna Ksãżëca je tedë cemnô i gôdómë tedë, że je całowné zacmienié Ksãżëca.
W niechtërnëch jãzëkach przez przëpôdczi òdmieniają sã téż czasniczi.
W całim tim dzélu zakòdómë, że wôrtosc sëłë je stałô.
Òd 1807 r. Adóm ùcził sã w krézowi szkòle w Nowògródkù.
Lëste zbiéramë młodé, wyrosniãté, w pierwszej pòłowie lata i sëszimë rozkłôdając cyńką wôrstwą w miéjscu przewiewnym, òcymnionym.
Je to 923 rok naszi erë (pò narodzenim Christusa), 923. rok pierszégò tësąclecégò, 23. rok X stolatégò, 3. rok 3-égò dzesãcolecô X stolatégò.
Je to 1422 rok naszi erë (pò narodzenim Christusa), 422. rok drëdżégò tësąclecô, 22. rok XV stolatégò, 2 rok 3-égò dzesãcolecô XV stolatégò.
W jãzëkù kaszëbsczim òpùblikòwôł: "Jesénnô droga" (
Pòstãpną zmianã wprowadzëł James Gibb, janielsczi entuzjasta stołowégò tenisa, chterën to pò wanodze do USA w 1901 zaczął ùżiwać bali z Celuloidu.
W 2013 rokù tu w sosnach bëłë pszczołë, a móże jesz są.
Nowi rząd mùszi przedstawic swoją programã przed Zgromadą Depùtowónëch i zwëskac dowiérny głos.
Na pôłniowim zôpadze mô przistãp do Adriaticczégò Mòrza.
Bùkwita (Fagopyrum esculentum Moench) - to je roscëna z rodzëznë dërdestowatëch.
Leżi w nordowò-zôpadnym dzélu Eùropë.
Nie bëło żódnéch zasadów òchronë i dzëki nie bëłë dokôrmióné.
Òno zajimô sã m.jin. kaszëbizną.
Òna równak w gromicznikù 1821 r. òżenia sã z aristokratą.
Strzédny dzëdzón (Dendrocopos medius) - to je strzédny ptôch z rodzëznë dzëdzónowatëch (Picidae).
Do gazétë krëjamno pisôł Benjamin, a pòdpisywôł sã „Silence Dogoood”.
Balladô "Bohemian Rhapsody" dobëłô midzënôrodna pòpùlarnotã dla Queen w 1975 rokù i je do dzys ùważanô jako jednô z nôjlepszych pjesnj na swecie.
Wëdôwk 14. z 200 rokù òbjëmał 7148 kòdów, chtërne zwëkòwo nie bëłë juwerne z kòdama ISO 639-2.
Tu je pôłniowi zemsczi dżib, a żëją np.
Strzikówka - to je mediczny jintrument ze zbiérnikiem z dzelëną i tłokiem.
Sedzbą jegò je nowi bùdink.
Sidux to pòsóbnô distribùcëjô jakô zamëkô ju w se kaszëbską klawiaturą.
Je to 1756 rok naszi erë (pò narodzenim Christusa), 756. rok drëdżégò tësąclecô, 56. rok XVIII stolatégò, 6. rok 6-égò dzesãcolecô XVIII stolatégò.
Bad Brains nagrëwało téż wespólno plate w karnach ò jinszëch mionach, jak Zion Train, HR czë 101.
Na zôpôd òd Żagania są Żarsczé Wëszawë, a na pòrénkù gard grańczë z Dalkòwsczima Rzmóma.
Do kùńca roku je 113 dniów.
Padalc nie przënôleżi do wiôldżich wieszczórków, mierzi òkòlim 40-45 cm, òsągô do 50 cm dùgòscë.
Za rok narodzën rãczny balë w Pòlsce ùznôwô sã rok 1918.
Je to 933 rok naszi erë (pò narodzenim Christusa), 933. rok pierszégò tësąclecégò, 33. rok X stolatégò, 3. rok 4-égò dzesãcolecô X stolatégò.
Òbłożenë pò òbù starnach mùszą bëć farwë czerwioné i czarné, inszé są niedopùszczalné.
Arnswalde) - krézewi gard w Zôpadnopòmòrzczim wòjewództwie nad jezorã Klukom.
Je to 1388 rok naszi erë (pò narodzenim Christusa), 388. rok drëdżégò tësąclecô, 88. rok XIV stolatégò, 8. rok 9-égò dzesãcolecô XIV stolatégò.
Stolëca i nôwikszi gard to Asuncion.
Pazdzérznik je dzesąti miesąc roku w gregorijańsczim kalãdôrzu.
Òn skùńcził sztudérowanié medicynë w Berlënie, a béł praktikòwny lékôrz i miôł nawetka patent na lék „Dentipurol”.
Wësokòsc wieżë wënoszô 34 m. Na swiece są 3 taczi konstrukcejô, dwie w Europie - w tim Stilo.
Nimò òbiecënkù jednegò ë zrzeszonégò kòrejańsczégò państwa, doprowadzële do pòwstania dwóch apartnëch rządów: kòmùnistny nordë ë demòkratnegò pôłnia.
Mô kòl 60 mieszkańców.
Je to 1734 rok naszi erë (pò narodzenim Christusa), 734. rok drëdżégò tësąclecô, 34. rok XVIII stolatégò, 4. rok 4-égò dzesãcolecô XVIII stolatégò.
Przez pôranôsce lat òba dwa fòrmë rãczny balë istniałë kòl sebie, równak gra z ùdzélã 11 miónkarzów pòmalinkù zanikała, a wersja rozgriwónô przez 7 miónkarzów stôwała sã corôz barżi pòpùlarnô.
Kronum je kòntaktową jigrã szlachùjącą za rugby, ale jeżlë chtos je agresywno atakòwóny, arbiter zarządzywô sztrôfòwi rzut, chtëren wëkònywóny je ze wiérzchù wedge zone.
Ò znaczenim Strzépcza mòże swiôdczëc to, że starą familie Przebendowsczich tu kòle kòscoła w 1757 rokù béł wëbùdowóny szpëtôl dlô biédnëch.
Siemirowice Rozporządzenie Ministrów: Administracji Publicznej i Ziem Odzyskanych z dnia 15 marca 1947 r. o przywróceniu i ustaleniu urzędowych nazw miejscowości (Monitor Polski 1947, nr 37, poz.
Nôleżnik Eùropejsczi Filmòwi Akademii, Stowôrë Ùsôdców Òbrazu Fabùlarnégò Filmù, Pòlsczi Filmòwi Akademii, Stowôrë Pòlsczich Filmòwców.
Ulleung-do je wùlkanowim òstrowã na Japòńsczim Mòrzu.
Wąsotka (Lathraea L.) – to je szlach roscënów z rodzëznë Orobanchaceae.
Òna mô pùrpùrowò-lilewë kwiatë – kòl sétme w grónkù.
Tu je Kaszëbsczi Lëdowi Ùniwersytet.
Czeskô (Czeskô Repùblika) (
Ze wzglãdù na sztôłt wiéch wëróżnia sã na dwa tëpë òdmian hodowlanëch ówsa: ò wiésze chòrągiewkòwatej i rozpierzchłej.
W 2015 rokù procent kòl nich béł 0,10% na 3 miesące.
Òkùnk (Perca fluviatilis) – to je rëba z rodzëznë òkùnkòwatëch.
Wieszczi je ten chto pò smiercë je czerwòny (Sychta).
Bògati zbiorë pipów mòżna òbezdrzec w muzeach.
Są znóné z wiôldżich akrobaticznëch taleńtów.
Na ùniwersytece w Bùdapeszce òn sztudérowôł rusczi, arabsczi i anielsczi.
Òn pisôł téż dramë.
Jôdny maniok (Manihot esculenta) – to je ôrt roscënë z rodzëznë psotnikòwatëch (Euphorbiaceae).
W niechtërnëch klôsztorach klôsztornikom przëpôdało nawetka 5 litrów negò napitkù òb dzéń.
Samice mają dwie parë sutków.
Ksądz Jón Twardowsczi je patronã wiele szkòłów, m.ji.n. Gimnazjum w Chònicach.
Głowa, szëja i placë òbsadzeniô skrzidłów jasnopòpielaté ze sztrichòwanim.
Jak napisôł ks.
Wëjazdë do òstatnégò z wëmienionëch krajów bëłë w nym czasu czãsto sezonowé.
Klasiczny decoupage pòlegô na tim, że przëklejô sã wzorë z papióru i przëkrëwô gò warstwama lakeru tak, żebë sã wtopił w całoscë i nie béł do wëczëcô przë dotkniãcu.
Delikatno zdejmùjemë kółeczkò z jigłë tak, żebë sã nie rozwinãło.
Ùsztôłcenié plónu Merkùrégò szlachùje za Miesądzã: są na nim wielné ùderzeniowi kraterë i prakticzno brak je atmòsferë.
Nie swiadczë falszëwie procëm swòjémù blëznémù.
Sedzba Mùzeum je we Gduńskù.
Trulôcz (Grus grus) - wiôldżi ptôch z rodzëznë trulôczowatëch.
Program ten wëkónëwô Stacja Ornitologiczna Muzeum i Instytutu Zoologii PAN na zlecenié GIOŚ.
Je to 870 rok naszi erë (pò narodzenim Christusa), 870. rok pierszégò tësąclecégò, 70. rok IX stalatégò, 10. rok 7-égò dzesãcolecô IX stalatégò.
Krótkò Chòczewa, Strzebielëna, Wiôldżégò Bòżégò Pòla, Òdargòwa i Tëłowa wëstãpywają dardżi łësënowëch mòren, dochôdającë w swòji kùlminacji (179 m n.r.m.) na Wësoczi Grzëpie (kòl Łãczinka).
Do kùńca roku je 140 dniów.
Wiele nôrodów robiło swòje piwò.
Rośce w jednym placu bez wiele lat,wiele razy kwitnąc i wëdając brzód.
Dolmacził wiérztë G. Carducci'égò, I. Bunina i A. von Chamiso.
Tu je stôri kòscół.
Je to 928 rok naszi erë (pò narodzenim Christusa), 928. rok pierszégò tësąclecégò, 28. rok X stolatégò, 8. rok 3-égò dzesãcolecô X stolatégò.
Skrzëpice je to mùzyczny jinstrument strënowi z grëpë smiczkòwich.
Za pierszą ùznôwô sã Kònstitucjô USA (1787).
Wyspa (Profesor Andrews w Warszawie.
Trąbka brzmie nôwëżé z wszëtczich dmùsznëch blaszanëch jinstrumentów.
Je to 1807 rok naszi erë (pò narodzenim Christusa), 807. rok drëdżégò tësąclecô, 7. rok XIX stolatégò, 7. rok 1-égò dzesãcolecô XIX stolatégò.
Klészcze (Ixodida) – to są môłé zwierzãta z rzãdu Parasitiformes.
Pò ùgrëzenié skóra robi sã czerwionô i swãdzy.
Z Dawidã Szulëstã (ang. David Shulist), prowadnikã Kaszëbów w kanadijsczim Wilnie, gôdô Stanisłôw Janka.
Z blëze Australëjô wëzdrzi za òwalã, ze chtërnégò wërzniąté są dwa dzéle: Hôwinga Karpentaria ë Australëjskô Wiôlgô Hôwinga.
Drzewa jiglënowé to: dana, chójka, skòwrónk i jodła.
Je téż udzélnikã serwisu sporticos.
Wnenczas Cénôwa próbòwôł sóm zakładac jaczés szerszé związczi czë òrganizacje, co równak nie zagrało.
Pózni Goethe òkreślał historiã mianém bezładné mieszaninë omyłek i przemòcë.
Bùten je cepło i mają ù nas pisklãta ptôchë przëlecałé z dôleczich cepłich krajów.
W Pòlsce ùprawia sã blós òdmianë jare.
Òne mògą miec lécczi.
Cëda Christusa w ujimnięcym Autora czwiôrti Ewanielëji są nié le faktama historicznyma, ale przede wszëtczim „znakoma”, co poswiôdczają prôwdzëwotę posłaniznë Christusa.
Òbczas òkupacjë nosył pòlsczi wòjskòwi mùndur i nie aprobòwôł dyskriminacyjnégò òznaczaniô Żëdów òpaską z Gwiôzdą Dawida.
Chińczycë flot rechòwalë sã z mésternotã mieszkańców Kòreji w robienim nôlepszégò jedwôbiu.
W òstatnych trzech miesącach żecégò (maj – pòczątk zélnika 1942) pisôł pamiãtnik.
Pierszô pùblikacjô o germanizacji Kaszëb i "przebùdzene"
Budowa òstała ukończono w 1909 roku.
Przegląd słowiański” dwie jimpresje na temã kaszëbsczich zwëków: „Wiléjá Noweho Roku” ë „Szczōdráki”.
M. jin. tu zesłańczikã béł sw.
Samice mëgów susają krew zwierzãtów stałocëplnëch, a niechtërny òwadów, dlôte że do pòwstanié jajów w jajnikach òne brëkùją krwi òznaczonëch gatënków zwierzãtów.
Pòzwa z łacëznë Atropa wëwodzy sã òd miona jednej z trzech grecczich bòdziń przeznaczenia.
Jezës naj małi zasôł cëszã –
Bëtnictwo w dobrze przësztelowuny grze sztôtuje ceche charakteru: opanowanié, dążenié do célu, poradzenié z procëmnotã.
Jegò robòta polégô na rozkòscérzanim kaszëbsczi kùlturë w kraju ë za grańcą.
Je to rozmòwnô fòrma jãzëka z przewôgą rusczi leksyczi, ale z biôłoruską gramatiką i fònetiką.
Zëmą w miastach, czedë lëdze dają mù jestkù, wcale nie ùcekô.
Z nëch blómów w czas gromówczi w czernkù zemi a westrzódku idą łyskawice.
W 1859 rokǜ na wëstôwkǜ w Birmingham ǜżëto pòzwë cocker.
Darłowskô bliza wëstawionô je na niéżëczny wiodrowé leżnosce.
Szezelon - to je mébel, na chtërnym człowiek mòże sobie sadnąc.
Chrzanów je stolëcą chrzanowscziégò krézu.
Strzédnô cepłota lëftu òb lato – 35 stopniów Celsjusza, a czasã nawetka dochôdô do 55 stopniów.
Kòminôrz - rzemiãsnik, chteren zajimô sã czëszczeniém kòminowëch dargów.
Òd 1940 rokù katalońskô mòwa bëła znôwù zakôzóny, a gôdóné miało bëc pò szpańskù.
Apis mellifera L.) – tó je ôrt ze szlachù pszczoła i rodzëznë prôwdzëwëch pszczołowatëch.
Ani DiFranco, (ùr.
Krësztof Celestin Mróngòwiusz abò Mrągòwiusz (Christoph Cölestin Mrongovius; ùr.
Za jegò czasòw Pòlskô dostała nazôt całé Inflntё i Płock chtërnë më stracëlë za panowaniégò Henryka Walezego na rzecz Rusёjё.
Przë tim do pół skła mléka trzeba dodac dwie łëżczi cëkru i kąsk mączi, ë to ùmiészac drewnianą łëżką.
Terô jich je jakbë mni.
W Pòlsce òbjãti scësłą òchroną gatënkòwą a téż wëmôgający òchronë czinny.
Rëbôcë gò łowią do jedzeniô.
Jinszé kaszëbsczé miona: zelan, august, sërpiń.
Ta wërosła baro wësok i je grëbô tak, że trzej chłopi ni mògą ji òbłapic.
Centrifùga – to bëło rãczné nôrzãdzë mechaniczné, chtërno brëkòwelë czedës np.
Krómòwi priz – to je pòjedinczny priz, za chtëren je zbrëkòwnikòwi bédowóny gwësny produkt abò ùsłëżnota.
Starogard Gdański, miem.
Do kùńca roku je 65 dniów.
Na chrzce córka dostała miono Katarzëna co z grecczégò òznôczô „czëstô”.
Nôjôzd w Krojantach béł brëkòwany w nazistowsczi propagandze dlô wësënieniégò technologòwi przemòdżi Miemiecczi nad Pòlską.
Pierszą swòją pòwiesc, Hear the Wind Sing (
Dobrô (we zdrojach: Dober, Daber; pòl.
W swòjim ùsôdztwie nawlékôł do II swiatowi wòjnë.
Pałac Katalońsczé muzyczi - snôżi, stôrodôwny bùdink z kòncertową zalą, wëbùdowôny w latach 1905-1908.
Òb lato na nordze dzéń je długszi ò wicy jak gòdzënã niż na pôłnim, òb zëma na òpak.
Niestetë, tkanczi òstałë zakònserwowóné w fòrmalënie, chtërnô „pòcãła”
Wiãkszosc jednak miała strzédnice kòle 25 m. Za to jich forma miała corôz to barżizawitéùkładё z dwùmaabò trzema rzãdamakamów – te są czãstonazёwónédowestrzódkòwimakromlechama.
Są trzecém co do wiôlgòscë państwą swiata.
Narôstającé napiãcé ë greńcowi biôtczi midze òba krôjama doprowôdzëłë do domôcy kòrejańsczi wòjnë.
To òznôczô, że Słuńcowi Ùstôw pò prôwdze skłôdô sã z 8 planetów.
Wiédzô o żëcym i dzejanim miesjónarzko-lëteracczim sw.
Jegò lëdztwò skłôdô 9 mln 485 tës.
Dlô Krësztofa Barbara bëła jedną z nôwôżniészich òsób w żecym, pòswiãcëł ji wiele swòjich wiérztów.
Bëtowsczi Part Kaszëbskô-Pòmòrsczégò Zrzeszeniô, Bëtowò 2013.
Në czasã mòżemë miec kłopòt, bó taczi sóm ògón mô czôrnô kania, półbrat naszi lësati.
"sclavus" co òznôczô "niewòlnik".
Stolecznym gardã je Damaszk.
Leżi na pôłniowim kraju Wdzydzczégò Krôjòbrôzowégò Parkù.
Je mòżlëwé, że jaczis z legionistów pòdzérôł jã prawie tam.
Zwëczajnô sniegùlka (Plectrophenax nivalis) - to je môłi wanożny ptôch z rodzëznë Calcariidae.
Torfnik (Tringa totanus) - to je strzédny wanożny ptôch z rodzëznë bekasowatëch (Scolopacidae).
Plëta - to je niewiôldżi zbiérnik wòdë abò jiny ceklënë na wiéchrzëznie zemi.
Centralnô równizna òbrëmiónô dosc niewësoczima górama; przez òstrów bieżi czile spłôwnëch rzék.
Trulôcze są òbjimniãti ùrzãdową òchrónią.
W nordicczim epòse Edda je mòżna przeczëtac, że wino to je napitk nieùmiérnych bògów a piwò słëchającë je do swiata smiertelnych.
W 2006 rokù òstal mistrza swiata z italską zdrëszëną.
W gòdnikù 2000 rokù bëło ukończeni remontu budinków, pòmalowano na żôłto.
Joanna Krupa (ùr. 1979 rokù) to je pòlskò-amerikańskô teatrownica.
Pòwstało òno w 1984 rokù w Seattle, Washington z jinicjatiwë Chris Cornell (spiôw/gitara), Kim Thayil (gitara), Ben Shepherd (basowô gitara) ë Matt Cameron (perkùsëjô).
Plaskati rąb - je robiony np. w żukòwsczim wësziwkù.
Barbarë òstała téż zaliczonô do 4 nôbarżi pòczestnëch i widzałëch dzewiców westrzód swiãtëch.
Je to 1715 rok naszi erë (pò narodzenim Christusa), 715. rok drëdżégò tësąclecô, 15. rok XVIII stolatégò, 5. rok 2-égò dzesãcolecô XVIII stolatégò.
Przódë to bëła lejkòwatô pipka.
Béł òn fanaticznym pòganinã i baro dokładno pilowôł, abë na pòdpòrządkòwiwóny mù òbéńdze z wiôlgą starą przestrzégóno cesarsczich ediktów.
Długòsc cała wôżków òscyluje òd 2 cm do 19 cm.
Cãżczé czasë dlô rodzëznów bëłë w II swiatowi wòjnie.
Pòtrusowati sromòtnik (Amanita phalloides (Vaill. ex Fr.) Link) - to je grzib z rodzëznë mùchôrzowatëch (Amanitaceae).
Wëstãpiwô òn w Anielsczi Ekstraklasy.
Tu je kòscół òd 1632 rokù.
W wsë je pòmnik żôłnierza z lat 50. XX stalata.
Trzë jegò restauracje zdobëlë maksymalną lëczbã tak pòzwónëch gwiôzdków Michelin, co je swiatowim rekòrdã.
Jegò farwné piôra są wnetka taczé jak farwa pnia i cążkò gò òbaczëc òsoblëwie jak zamknie òczë.
Dwiżnik w Gduńskù (
Równak wiedno lepi òpasowac, bò kòl niejednëch cemniészich żnijów, téż tegò cykcaka ni ma widzec.
Spòtkac gò mòże na òtemkłëch i pòrosłëch trôwama môlach.
Franciszka z Asyżu - REFA na ekai.
Domôcô kaczka (Anas platyrhynchos f. domestica) - wòdny ptôch z rodzëznë kaczkòwatëch.
Tedë je wiôldżi swiãto w Lëzbònie.
Wùlfstan, Anglosas z IX stalata pisôł ò tim.
Jinstrumentë pòdobné do dzysészéch gitarów są znóné òd wicy jak 5000 lat.
Zwëczajnô macerzónka (Thymus pulegioides L.) – to je ôrt roscënë z rodzëznë głëszkòwatëch (Lamiaceae).
Ti lëdze żëlë z gbùrzeniô, ale téż rëbaczëlë, jachtowelë a zbiérelë, co jima dôwa nôtëra.
Pójedincze ósadzoné w kątach rozgałãzien i kątach ògònkow lëstowëch na krótczich, zwisôjących szëpùłkach.
Pòtrzebny béł nowi tëp silnika.
Jang Yeong-sil béł kòrejańsczim ùczałim ë astronomã òbczas dinastëji Joseon (
Terô do pómpòwaniégò lëftu są stosowóny dmùchawë òdbënowé, chtërne nëkô elektriczny mòtor.
Tu je dosc nowi kòscół.
Ta szabla miała zdebło krzëwizna, strzédnô długòsc sétmëdzesãc centimétrów, i dzesãc centimétrów ùchwôt, wôdżi miała kòle jeden kilo i dzesãc gramów.
; òno òbjimô blós gard Singapùr.
Przez to cażkò gò je ùzdrzec.
Mô lécczi do 1,5 m wësoczé, jesénią mòckò łukòwato wëgiãté.
Do kùńca roku je 51 dniów.
Dzãdżelnik Sosnowsczégò (Heracleum sosnowskyi Manden.) - to je roscëna z rodzëznë zelerowatëch.
Jégò atributama władzë są piorën, chtërnym rzucôł w smiertelników.
Òbénda ta cechùje sã wysoczim strzédnim wskôzywôczã zwëczajnégò przërôstaniô lëdztwa (17%), przë czim nôwëższi je w Syrëji (37,1%), Irakù (36,8%) ë Jemenie (36,7%) a nôniższi w Japòńsczi (3,2%).
Béł midzë jinyma baro aktiwnym dzejôrzã mùzyczny rësznotë.
Ten autor pisze téż, że na pòrénk wãdrowa dësza kaszëbiznë (jãzëk i zwëk), a nie kaszëbsczi lëdze, chòc tak niejedni to zmiłkòwò òpisywają.
Je to 1745 rok naszi erë (pò narodzenim Christusa), 745. rok drëdżégò tësąclecô, 45. rok XVIII stolatégò, 5. rok 5-égò dzesãcolecô XVIII stolatégò.
Miono Rockabilly zaczãło sã pòmalińkù przëjimac, chòc zamëkało òno w se kąsk samòironiczny wëzwãk - sparłączënié z Hillbilly pòdsztëchiwôło prowicjonalné ë gbùrsczégò pòchòdzeniô tegò sztélu.
Wëkłôdôł téż w warszawsczim seminarium.
Babilońsczi król Hammùrabi, w swòji zbérnice praw miôł téż ùstawë tikające sã piwa.
Òne są tu òbjimniãti dzélową òchrónią.
Biały Bór (we zdrojach: Baldenburg 1395, Balle 1550, Ballen 1578, Balde 1575 (1579), Białobork 1655, de Ball. de olde 1670, Białembork 1880, Bal (XIX w. Paweł Panske), Bala (Cenôwa), miem.
Jón Bauer (pòl. Jan Bauer) - ùr.
Lôtają z chùtkòscą do 100 km/gòdz., w przódk, w tił, w bòk, w dół, w górã i mògą zawisnac w placu.
Drzewò chtërne żëje strzédno w zależnosce òd jegò gatunkù òk.
Biwało tak, że stôré pògańsczé wierzenia i òbrzãdë zléwałë sã z chrzescëjańsczima.
W górach rosce po piętro kosówki.
Cządë Kùjawów są téż w krezach: kolsczim, koninsczim, mogilensczim, płocczim, torunsczim ë żninsczim.
Wësokô bòrówka (Vaccinium corymbosum L.) - to je wielelatnô roscëna z rodzëznë wrzosowatëch (Ericaceae).
Do kùńca roku je 108 dniów.
Biôłowi mięso mòrénczi je dobri i wësokò wôrtny.
Gapié mëdło abò kanié mëdło (Saponaria officinalis L.) – to je wielelatny roscëna z rodzëznë granôtkòwatëch.
Rafa kòralowô to je tak pò prôwdze pòdwòdnô "żëjącô kamizna",bò zbòdowónô je z malinczich zwierzãtków.
Pierszim wòjewòdą béł tu Sztefón Łaszewsczi.
Ten kaszëbsczi gôdësz béł aktiwny w mùzycznym karnie "Chòjnë".
Pòtrafi cknąc i nalezc wszãdze jestkù.
Ten rzimskòkatolëcczi kòscół mô sztëronórtową wieżã.
Je to 1393 rok naszi erë (pò narodzenim Christusa), 393. rok drëdżégò tësąclecô, 93. rok XIV stolatégò, 3. rok 10-égò dzesãcolecô XIV stolatégò.
Je to 1428 rok naszi erë (pò narodzenim Christusa), 428. rok drëdżégò tësąclecô, 28. rok XV stolatégò, 8. rok 3-égò dzesãcolecô XV stolatégò.
Le dzys ne garde baro zniczone przez wojnę i karno terroristiczne ISIS.
Robert Lewandowski je téż przedsãbiércã.
Kònstantin Dominik (Konstantyn Dominik) - ùr.
Tu je zala ò wiéchrzëznie 450 kwadratnëch métrów.
Niechtërni lingwiscë są ti dbë, że ne teòrëje są zmiłkòwe.
Jerzi Łisk wëspółrobi z wielema lëdowima karnama nordowëch Kaszëb.
Je to 995 rok naszi erë (pò narodzenim Christusa), 995. rok pierszégò tësąclecégò, 95. rok X stolatégò, 5. rok 10-égò dzesãcolecô X stolatégò.
Wëszëzne kòrejańsczich krajów baro pòwòżno pòdchôdzą do problemù sparłãczënia.
Wikszosc filmów, jaczé pòwstôwają na zôczątkù XXI-gò stolatô je farwnô ë ze zwãkòwą stegną.
Jegò są słowa kòlãdë „Swiat przed Tobą klãkł”.
Serbiô je państwã strzódlądowim.
Kara (téż pchôczka, kòłownica, rototot) – môłi wòzyk z jednym kòłã, po czãscë ùnôszóny rãkama, ùżëwóny do transpòrtu na niewiôldżich òdległòscach.
Je to 1875 rok naszi erë (pò narodzenim Christusa), 875. rok drëdżégò tësąclecô, 75. rok XIX stolatégò, 5. rok 8-égò dzesãcolecô XIX stolatégò.
Nôprzód w sztërnôstim wieku wënalôzle cãżkô bróń strzelnô, to wëpùszczô kùla przez wëbùch prochù.
W lasu mògą bëc grzëbë np.
Tak tej przëpôdô tu leno 66 lëdzy na 1 km².
Mô fùnkcjã tzw.
To mùszi bëc stôri zwëk, bò ju w 1767 rokù ni miałë bëc wycynóné młodé brzózczi do òbstrojeniô chëczów.
Mùzykã Punk céchùje minimalisticzny brëkùnk mùzycznëch instrumentów ë prostota kòmpòzycëjów (tzw. trzë akòrdë ë na tim kùńc).
Słëch je baro wôżny dlô negò ptôcha, òsoblëwie òb czas łowów.
Òliwka (Olea L. ) – to je szlach òliwkòwëch drzéwiãtów z rodzëznë òliwkòwatëch.
Głëché òkno - to je jakbë zamùrowóné òkno w scanie bùdinkù.
W jinëch regionach Kaszëb biwałë téż slëwë z klóskama i rozynama, wãgòrz w biôłi pòlewce i bùlwë.
Stepòwi lës (Vulpes corsac) - to je ôrt suska z rodzëznë psowatëch (Canidae).
Edukacija ta òbejmòwała również taczi descyplenë jak tuńc, jazdã kònną i szermierkã (w tamtëch krãgach należałë òne do kanonu edukacyjnégò).
Te trôwë sã gdze 10–200 cm wësoczi.
Pôłniowô Kòreja je repùbliką.
Terytorialné ùbiwczi Miemiecczi pò pierszi swiatowi wòjnie.
Torfkùla – to je dosc môłi (mòże bëc głãbòczi, z przitczéma brzegama i niebezpieczny dlô żëcégò) wòdny zbiérnik.
Skùszonô Jewa wzãła z tegò brzadu i zjadła, a dała téż Adamòwi i òn zjódł.
W parkù roscą: mùszilepë, wronôczi i jin.
System nen promòwôł „esteticzną gimnastikã”, w chtërny ùczniowie pikazywelë swòje wseczëca i emòcje za pòmòcą rëchu cała.
Je to 1437 rok naszi erë (pò narodzenim Christusa), 437. rok drëdżégò tësąclecô, 37. rok XV stolatégò, 7. rok 4-égò dzesãcolecô XV stolatégò.
Leszczëna (Corylus L.) – to je szlach drzéwiãt i krzów z rodzëznë brzózkòwatëch (Betulaceae Gray).
Òdnëczk - to je knôdnô, drzewnianô òzdoba nad dachã.
Pùsznica (Carex limosa L.) – wielelatny roscëna z rodzëznë charztowatëch.
Są wic dwie jinsze teòrëje dla pòchodzeniô nego miona.
Grający mùszi wëmagac òd se spòsobnotë ùwadżi i fizyczny sëłë.
W prawach wielu nôrodów bëło, że statczi do warzeniégò piwa nôleżą do białków.
Je to 1416 rok naszi erë (pò narodzenim Christusa), 416. rok drëdżégò tësąclecô, 16. rok XV stolatégò, 6. rok 2-égò dzesãcolecô XV stolatégò.
Dôwny pùnkt widzënkù na rzmie Strażnica – 74 m n. r. m., niedalek Wòlina, na terenie Wòlińsczégò Parkù Nôrodnégò.
Czwiôrti pòdług wielënë mieszkańców gard w kraju, a drëdżi pòdług datë założeniô (starszi je leno Pòłock).
Ten lepin mô grądkò złożony z drobnëch kwiôtów.
Tu je klôsztór.
Kòmòra – bògatô w rëbë.
Z nim parłãczi sã historëjô sztridu ò zómk, chtëren kùńczi sã najachùnkã na Soplicowò.
Të jes mòdłã jãzëka dlô Twòjégò dzecka.
Jałówc (Juniperus L.) - to je szlach roscënów z rodzëznë cyprisowatëch (Cupressaceae).
W XX wiekù miôł plac baro dinamiczny rozwij gardu dzãka turistice.
Wstawioné tam sam w całi Ewanielëji mowë Jezësa są nié leno zestôwkę kôzaniów lëteracko uporządkowónëch, ale one sę ukłôdają jakbë w osóbné teólogiczné traktatë.
Òb czas II Swiatowi Wòjnë bëła òkrãtownią miemiecczich pòdwòdnëch òkrãtów (U-bòtów).
Zwëczajnô wieszczórka (Lacerta agilis) – to je ôrt gadzënë z rodzëznë prôwdzëwëch wieszczórków (Lacertidae).
Wanda Lew-Kiedrowska) – szkólnô kaszëbsczégò jãzëka, jedna z pionierów w gałãzë ùczbë rodnégò jãzëka na Kaszëbach.
W testameńce pòdzelëł pòlsczé zemie midzë Bòlesława Chrobrégò, sëna Dobrawë, i małolatnëch sënów z drëdżi żeńbë.
Do kùńca roku je 68 dniów.
Zakòpiwô sã pòd mëchã, pòd pniama drzew, pòd wietwiama, w lëstach, kòzlënie.
Szpecjalizowelë sã tuwò w chòwie òwców.
Cénôwa rozpùscył gromadã a sóm żił w krëjamnocë.
W tim samim rokù zajął téż Pòmòrzé Pòrénkòwé, co znacząco wzmocniło jegò pòzycjã.
Wróblewszczi ùmarł wczesno czedë miôł 43 lata, miôł tragicznë wypadek, w laboratorium bò rôzlôł sobie na òbleczënie zawartość lômpë naftowi.
Papiéż (16 rujana 1978 – 2 łżekwiôta 2005).
Je to 969 rok naszi erë (pò narodzenim Christusa), 969. rok pierszégò tësąclecégò, 69. rok X stolatégò, 9. rok 7-égò dzesãcolecô X stolatégò.
Tedë téż do połwë XX stalat w Wiôlgòpòlsce bëła rzôdkòscą, a na Sląskù ùznówóno, że sã nie lãgnie.
Kòmisjô Nôrodnëch i Etnicznëch Miészëznów - to je jedna z sejmòwëch kòmisjów.
Groznô je tej dlô niegò corôz wiãkszô rësznota na drogach, téż tëch lasowëch, gruńtowëch.
Pòtrownice nadają sãdo jôdë na serowò,są téż dobri na mrożenié i rozmajiti przerobiznë.
Sama liturgiô skłôdô sã z trzech czãscë, jaczé zéwą sã Proskòmidiô, Liturgiô katechùmenów i Liturgiô wiérnëch.
Parafiô Swiãti Trójcë w Kòscérznie - je òd 1210 rokù.
W 300. Roczëznã smiercë (1948) Pius XII ògłosył gò patronã wszëtczich katolëcczich szkòłów spòdlecznych.
Z zasadë zachòwaniô mòmentu pãdu wënikô, że nastãpùje tedë zwiãkszenié prãdkòscë wirowaniô gwiôzdë.
Warna abò gapa (Corvus cornix) — to je ôrt strzédnégò ptôcha z rodzëznë krëkòwatich (Corvidae).
Òna pòmôgô téż ób czas grzëmòtu i ògnia.
Czile słów bëło wimpòrtowónëch z chińsczégò jãzëka abò zrobionëch na ôrt chińsczich słów.
Do 1989 rokù mało Kaszëbów bëło w prowôdnëch stanach.
Lopéz nie je blós spiéwóczką, aktórką i tancérką, ale téż biznesmenką.
Je to 900 rok naszi erë (pò narodzenim Christusa), 900. rok pierszégò tësąclecégò, 100. rok IX stolatégò, 10. rok 10-égò dzesãcolecô IX stolatégò.
Zwëczajnô paczla (Botaurus stellaris) – to je wiôldżi wanożny ptôch z rodzënë czaplowatëch (Ardeidae).
Gardr pòdzéloné są na sąsedztwa (Dong), a zamieszkałe przez wiele lëdzy partë krézu zwóné są gardkama (Ŭp).
Bògùsłôw I (ùr. kòl.
Wiôldżé Klôsztórné Jezoro (
Jegò zôrna są np. do robieniô jedzeniô.
Mòrsczi kùrk (Eutrigla gurnardus) – to je ôrt rëbë z rodzëznë kùrkòwatëch.
Pòzwa kawë pòchodô òd arabsczégò słowa quahwah co òznoczô wino.
W midzewòjnowym cządze jegò ùdbã prowadzële dali dzejôrze z karna tzw.
Jegò dokôz je òpiarti licznyma matematicznyma wzorama.
Janusz Kòrczôk, a tak pò prôwdze Henrik Gòldszmit abò ps.
Lëdztwò gminë: 10 641 mieszkańców (
Złoty (zł, aktualny kòd ISO 4217 PLN; ) — dërżeniowô jednota dëtkòwô w Pòlsce, dzeli sã na 100 groszy.
Kòżdi dobiwca dostôwô złoti medal i diplom, a téż wësoką dëtkòwą nôdgrodã, bë mógł dali robic w swòji wietwi nôùczi.
Zajimné są téż jegò felietónë (pòd ps.
Òd kùńca XV stalata gò emitowele.
Wëdôwcą „Póna Tadeùsza” w kaszëbsczim jãzëkù je gduńskô Wëdôwizna Maszoperia Lëterackô wespół z Mùzeùm Pismieniznë ë Mùziczi Kaszëbskò- Pòmòrsczi w Wejrowie.
Je to 904 rok naszi erë (pò narodzenim Christusa), 904. rok pierszégò tësąclecégò, 4. rok X stolatégò, 4. rok 1-égò dzesãcolecô X stolatégò.
Nadczidka ò Kabôtkach pòjôwiô sã w dokazie „Ò panu Czôrlińsczim, co do Pùcka pò sécë jachôł”
Adóm ùrodzył sã w niebògati szlachecczi rodzënie: jegò òjc robił w Nowògródkù jakno adwòkat, a mëma zajima sã dodomã.
Gromada okrytonasiennych (Magnoliophyta Cronquist), podgromada Magnoliophytina Frohne & U. Jensen ex Reveal, klasa Rosopsida Batsch, podklasa różëwi (Rosidae Takht.
Pelerina – to je wierzchné òkrëcé, bez rãkôwów, zarzuconé na remiona i spiãté na piersach abò na remieniu.
Bùczënka (Veronica dillenii) - to je roscëna z rodzëznë przëdróżnikòwatëch (Plantaginaceae).
Pò kraju rozsónëch je wiele môłëch jezór.
Degradacëji òkrążégò, chtërna robi pòkroczi człowiek nie przëzérô sã pasywno, le podjimô corôz barzi skùtkòwné kroczi sparłãczoné z jegò óchrónią.
Parafiô je òd XIII/XIV stalata.
W ùrzãdach gminów, szkòłach, mediach ë kòscele tak biwało do 2005 rokù.
W latach 1329 – 1331 Łoczetk tracy na rzecz Krziżôków zemiã dibrzińską i Kùjawë.
W latach 1984-85 robiła w Kaszëbsczim Lëdowim Ùniwersytece we Wieżice za dolmacza z anielsczi gôdczi ë za prowadnika midzënorodnëch delegacjów.
Sarka przóde mieszka blós w òkòlim rzéków, lasów i chróscënach.
Òna tegò rabùsznégò ptôcha mòże trzasnąc nawetka na kùrã abò zajca.
Dzysô tu je muzeum.
Brzusznô starna je ùfarwionô biôło, bez plam.
Córka Marii z Lesznowsczich i Ludwika Kòwnacczégò ùrodza sã w dwòrkù w Słupie 11 séwnika 1894.
Epifòra (epistrofa, kònwersjô) – celowé pòwtórzenié tégò samégò słowa abò zwrotu na kùńcu pòstãpnëch segmeńtów wëpòwiedzë.
W òbéńdze szôłtëstwa pòłożoné sã miészé kòlonie: Grzebiéńcz, Kalkô, Kamiónka i Złotô Góra.
Zwëczajny pòdwiôd (Gryllotalpa gryllotalpa) - to je ôrt òwada z rodzëznë pòdwiôdowatëch (Gryllotalpidae).
Nordowô Kòreja je kòmùnistowim państwã, czasã zwónym stalinowsczim ë izolacjowim.
Sardoniks - to je mineral.
Òn ùmarł w 1882 rokù.
Kaszëbsczi lud je barzëczkò òbszcządny, je téż òbszcządny w słowie i gôdce, wiele mësli, a mało gôgô.
W 1219 rokù òstôł wëswiãcony na ksãdza.
Ta téż przëjãła robòta wéńdzowégò widu.
Lëste są jajowati, ciemnozielony ë mają lawetka 25 cm długòsce.
Nie lubiłë téż, czej chtos zbiérôł zela w wilëją sw.
Szkòła pòwstała pòd kùńc XIX st.
Pòdług Kaszëbów wieżã niejednégò zapadłégò kòscoła òdgrzebôł rogami jeléń.
Je to 963 rok naszi erë (pò narodzenim Christusa), 963. rok pierszégò tësąclecégò, 63. rok X stolatégò, 3. rok 7-égò dzesãcolecô X stolatégò.
Zarząd Główny, 2005; Wydanie III popr.
Najwyżsim pòlsczim szczytem w Tatrë Zôpôd je Starobociańsczi Wierch (2176 m npm), równak òn tès je szczytem granicznym.
Slédny Sąd - to je triptik (trzëdzélowy òbrôz) néderlandzczégò malownika.
Papiéż Pius XI (swiecczé miono Ambrogio Damiano Achille Ratti; ùr.
Ze Swiónowam je starszi ju kaszëbsczi ùsôdzca mùzyczi Wacłôw Kirkòwsczi.
Je jich òd trzech do òsmiu.
Òctowi kwas - (CH3COOH) to je chemiczny związk.
Òn béł ju baro dôwno temù na swiece.
Rëbë – to je zwëkòwô pòzwa zëmnokrëwianëch zwierzãtów z pòdtipù krzélôczi, chtërne żëją w wòdze a òddichają czéwama i rëchają sã przë pomòcë płatwów.
Chùtkòsc taczi sécy zanôlégò òd ùżiwóny technologii.
Pòpularnô rëba westrzód wãdkôrzów je łowionô na mamidła nôtërny i sztëczny i jinszy.
Przëjął sã téż zwëk, że kaszëbskô fana przëkriwô trëmë wszëtczich bëlnëch Kaszëbów.
Òn béł w kòncentracyjnym lagrze, a ùmarł pò wòjnie w 1958 rokù.
Redota dzecy je wiôlgô.
Czedës to béł òbarny gard.
Òn czibabë spiéwô.
Nie mdzesz na darmò brôł miona Pana Bòga twégò.
Je to 1739 rok naszi erë (pò narodzenim Christusa), 739. rok drëdżégò tësąclecô, 39. rok XVIII stolatégò, 9. rok 4-égò dzesãcolecô XVIII stolatégò.
W 676 òstôł wzãti przez Silla, ale òstawiony bez znaczeniô na greńcy midze Sillą a Balhae do czasu panowaniô dinastëji Goryeo, czedë to gard òstôł nazwóny Sŏgyŏng (서경; 西京; "Zôpadnô Stolëca"), chòc fòrmalno stolëcą nie béł.
Klészczka - je do rãcznégò zesziwaniô sudłów w sécach do łowieniô rëbów np. w mòrzu.
Mô wiôldżé żôłto-czerwioné òczë i specjalné pióra, co wëstôwają nad głowã, tzw.
Jegò robota polégô na rozkoscérzanim kùlturë w kraju.
Petasites officinalis) – to je ôrt wielelatny roscënë z rodzëznë astrowatëch.
Muzeum Ziemi Puckiej im.
Je to swiątnica bazylikòwégò ôrtu.
Łeba to je rzéka dłużawë 117 km.
Na môłim spòdlowim szkle je preparat, na chtërnym wiele razy je cenczé przëkriwkòwé szkło.
Bòdôj béł kòl ni janiôł i pòmôgôł ji w tëch drãdżëch sztótach.
Tu je elektrowniô na wòdã.
Nowi Stôw abò Nowy Staw (pòl. Nowy Staw, miem.
Z czasã jigra stawała sã corôz barżi pòpùlarnô ( òsoblëwie wëstrzód bògatëch ), pòstanowiono hańdlowac sprzãtã do jigrë (chiżnié ùżiwano rzeczë codniowégò ùżitkù).
Z pòdrzątkù na swój sztôłt padalca czãsto mają za żnijã i bezmëslnô zabijaja.
Sprôwné grańce nie pòkrëwają sã równak z historëcznyma ani w pòlsczim, ani w miemiecczim pòjimanim.
Te słowiczi przëlôtiwają w łżekwiôce -
Pò ji skùńczenim ùcził sã dali w Chełmnie, gdze w 1893 rokù zdôł egzamin dozdrzelałotë.
Z pòmòcą ùnijny dotacji mòże ùdëtkòwic dzél wëdatków kùpieniô i mòntażu zestawù kòlektorów.
Wespółrobił m. jin z Bòrisã Lankòszã czë Magdaleną Piekòrz.
Himn pòkazywô teritorialną wiôlgòsc kaszëbsczégò dominium – òd Gduńska do Roztoczi.
Wëstãpùje na widzałich festiwalach, jak Opole czë Sopot.
Czirka (Chroicocephalus ridibundus ridibundus) - to je strzédny wòdny ptôch z rodzëznë miewów.
W 1970 r. dostôł titel doktora za dokôz Literatura kaszubska w latach 1920-1939 wëdóny w 1973 r. pòd titlã: Piętno Smętka.
Gladióla (Gladiolus L.) – to je szlach roscënów z rodzëznë józefkòwatëch.
Terô to je center pôłplëńsczi diecezëji.
Parłãczëło sã to z jegò rusofilską fascynacją, ùfùndowóną na spòdlim kòntaktów nôùkòwëch.
Chmiél (Humulus lupulus) – to je wielelatnô roscëna z rodzëznë kònoplowatëch (Cannabaceae).
W swòjim nôùczanim wcyg pòdczorchiwôł pòczestnotã człowieka.
Bëła to pòwiesc awanturniczô i melodramaticznô.
W 988 abò 989 w Czijewie òdbił sã chrzest Włodzmierza I Wiôldżégò, symbòliczno ùznôwóny za chrzest Rusje.
Efektã intensywny dzaalnoscë wùlkaniczny je kaldera – krater pòwstałi òbczas za baro gwałtowny erupcjë wùlkanu albò pò zapadniãcu sã stropù kòmòrë wùlkaniczny.
Pò długòtrwałi mediczni analize Antona Neumayra ùstalono równak dosc szczegółowi przebiég chòrobë Mozarta, w chterny òpise znajdują sã taczé òbjawë, jak: wësokô gòrączka, òbfité wëdzélanié pòtu i wësëpka, zapôliwny stón i nabrzëmienié w òbrãbie nogów.
Jakno współùsôdzca napisôł „Pióro do gilgania / Pióro do gëldzëniô”, Gdiniô, wyd.
Wëdrë (Lutrinae) – to są rabùszné susczi z rodzënë łasëczkòwatëch.
To są òbiektë bùdowóné z prôwdzewim mésterstwã.
Szëmich - je to strogòtlëwi duch lasów, ògradzan ùbëtnëch cyszawów i zdôlnëch szëmów.
Do Lëni słëchało téż jezoro Kłączno, w jaczim bëłë łowioné rëbë na mirochòwsczi dwór.
W w roku 1926 w Londinie òdbëłë sã pierszé òficjalné mistrzostwa swiata.
Òn mô chemiczny wzór Al2SiO4(F,OH)2.
Òd 1622 rokù to béł spòsób ksyżënë Anë Croy.
Je córką Mohammeda Adjaniego, algiersczégò Berbera - żôłnérza,chtërny bëł pòd kùńc II swiatowi wòjny w Niemcach, i téż bawarsczé Niemki Augusty (Gusti) Tygodnik „Życie na Gorąco” nr 27, 7 lipca 2016, s. 70 Schweinberger.
Zwëczajny gùlôk (Meleagris gallopavo) – to je wiôldżi ptôch z rodzëznë kùrowatëch (Phasianidae).
To bëła Eùropejskô Stolëca Kùlturë w 2011 rokù.
W dzéń òn ùszati sowë sedzi na ùlubionym drzewie, krótkò pnia.
Do kùńca roku je 5 dniów.
Za czasów Karela IV Praga bëła trzecym nôwikszim gardã w Eùropie.
Miészańcem tegò kònia mòże bëc muła.
Ùtwórczinië, jesz jakno Danuta Biczkòwskô, pòetickò zadebiutowa „Pomeranii” nr 4/1984 r. wiérztą „Të sobie gôdôj”.
W strzédnëch stalatach bëło pisóné m. jin.
Ji chłop w latach 2004–2008 i òd 2015 je E. Levchenko.
Lubic sę głęboczi i czësto jezora ò cwiardim dnie.
W Columbii zagrała bardziej znaczãcã rolã w niskobùdżetãwëm musicalu Dziewczęta z chóru, jaczi równak nie bëł sukcesem kòmercyjnym.
W 1779 òstôł ministrã USA we Francji.
Ale wë, bracô Pòlôsze, ni mùszice mëslëc, że më – wëjąwszë niechtërëch smitonków – sã ti naszi mòwë wstëdzymë.
Wëcydniãtô reno kôrtka òznôczô miono przińdnégò chłopa.
Gordon Matthew Sumner ùrodzył sã w Wallsend, robòtniczi dzélnicë Newcastle w Anglii.
Żece i przigode Remusa.
Na pôłniu wszëtczi òpisóné dnie i rzôdzëznë są przesunãti ò pół rokù.
Sprawi to, ò Droga mòja Patronkò, żebëm Bògù dochòwała wiernoscë westrzód rozmajitëch przigòdów negò żëcô i zasłużëła sobie na łaskã szczestlëwi smiercë.
Miónkôrz – to je człowiek, chtëren bierze aktiwny ùdzél w pòdjimiznie wiele razy ò szpòrtowim charakterze, a kònkùrëje w ni z jinyma lëdzama.
Dzys snôżosc twòjã w całi zdobie Widzã i òpisëjã, bò teskniã pò tobie”.
Z pòzdrzatkù na ùkłôd òstrowów mòzemë wëprzédnic karna - ostrowinë zesôdzone z pòzrénowóno rozmiészanych małich òstrowów ôs régë òstrowów, w chtërnych te rozmiészane są régą kòl se.
Òn swini to je knôrz.
Hermafrodita (Ἑρμαφρόδιτος) – wedle mitologie bëła grecką bòżëną – dwòjónã.
Je to 961 rok naszi erë (pò narodzenim Christusa), 961. rok pierszégò tësąclecégò, 61. rok X stolatégò, 1. rok 7-égò dzesãcolecô X stolatégò.
Òb czas wòjnë w szkòle w Starzënie dzecë ùczëłë sã w niemiecczim jãzëkù.
Stôri rok nôleżi pòżegnac w kòscele.
Òb zymk 1822 r. ùkôzôł sã pierszi tom jegò wiérztów „Poezje”, w chtërnym nalazłë sã „Ballady i romanse”.
Je ùprawiônô òd strzédnich wiekòw jakno czerz òwòcowé.
Józef Wrëcza, jeden z przédników òrganizacje -
W placach, gdze jedna płita litosferë zagłãbiô sã pò drëgą, wùlkanë pòwstôwają wzdłuż jich keńtë – na kòntinence i wdłuż òceaniczych rówów, np.
Talôr – wiôlgô strzébrznô mònéta (strzébrzny dëtk) ò zacht wôrtnoce.
Nié òstawił swòjich kaszëbsczich pasjów ë np. w 1856 r. przëjął w dodomù rusczégò badérã Aleksandra Hilferdinga, z chtërnym òdbéł téż krótką rézã na Pòmòrską.
Swiãtô Katarzëna wëapartnionô òstała przez włączenié ji w karno sztërnastu swiãtëch wspòmòżycelów i to jakno nôpòtãżniészô westrzód nich (Sztërnasce swiãtëch wspòmòżycelów: Sw.
Szczotecznik (Solidago L.) - to je szlach roscënów z rodzëznë astrowatëch.
Tu ùrodzył sã Jón Bińczyk.
Nót je dodac, że z familëji MSIE nôlepi trzëmô sã jesz sztandardów W3C jegò wersëjô 5.5 dlô Macintosha.
Krãcëszk sygô òd niejedny chmùrë jaż do zemi.
Widzënk Wrocława w XVII s.
Je to 1842 rok naszi erë (pò narodzenim Christusa), 842. rok drëdżégò tësąclecô, 42. rok XIX stolatégò, 2. rok 5-égò dzesãcolecô XIX stolatégò.
W 2011 we wsë mieszkało 201 lëdzy https://web.
Czedë miónkôrz jednégò z karnów wëkònëje rzut do brómczi, mùszi ùwôżac bë nie przekroczëc lënii znajdëjący sã 6 metrów òd brómczi.
To òdcygóné mlékò mógł dac np.
Kwidzëno (pòl. Kwidzyn; miem.
Niechtërné krézë mają téż robòtnicze distriktë (Rodongjagu).
Równak colemało rëbôce robią to w karnie na kùtrach abò na wiôldżich òkrãtach.
Równak flot, bò 6 strëmiannika 1848 r., karã nã òbmieniono na ògnariô, a 20 strëmiannika òbjãła gò amnestiô, a rzma ùwòlniła sôdzëwëch.
Mô kòl 790 mieszkańców.
Julia Roberts (prôwdzëwé miono Julie Fiona Roberts), (ùr.
W latach 1920-1945 bëła to miemieckô greńcznô wies.
Pòd kùńc 19. stalatégò wikszosc mieszkeńców wsë bëła ju lëtrama.
Tuwò mieszkô wiãcy jak 5 tësąców lëdzy.
Slédz to je rëba z rodzënë slédzowatëch, wëstãpiwô na nordze Atlantikù ë przëległich mòrzach.
Słowińców kaszubskich, pod. red.
Tu je Mùzeùm Kaszëbsczé Gbùrstwò "Bielickòwò".
Je tôm téż kùrnik dlô kùrów, kaczków, gùłów, gãsów.
Niegermańsczé wersje i wariantë apartnią sã nié le słowama ale téż melodią.
Z dołu òna je zãbòwatô.
Bliza jistniała ju w stôrych czasach.
Biôłi miodownik (Melilotus albus) – to je dwalatnô roscëna z rodzëznë bòbòwatëch (Fabaceae).
W 1986 rokù we Warszawie wëdrëkòwelë jegò ksążkã Współczesna literatura kaszubska 1945 - 1980.
Ji kwiatë są wiele razy pò 3 w lopkach.
Czôrnawi smùlsz (Limax cinereoniger) - to je smôrzcz z rodzëznë smùlszowatëch.
Na zôpôd òd wsë bëła państwòwô greńca.
Dorôstajó w 2-3 rokù żëca.
Karta Egiptu z gardami Stôrożëtni Egipt to bëła jedno z nôstarszich ciwilizacëji swiata, dzelona na predinasticzni cząd, Stôre Państwò, Strzódne Państwò i Nowe Państwò.
Prawòsławnô Cerkwiô ùznôwô za swòjã całą historiã jedinégò Kòscoła do Wiôldżégò Rozłamù w 1054.
Checzë òdwiédzéwô tej karno przezeblôkańców, wëstrzód nich bëłë zwiérzãta (bòcón, miedwiédz i kòzéł).
Baro wôżné je tuwò wzmòcnienié przekazëwaniô rãcznégò kaszëbsczégò wësziwaniô żukòwsczégò sztélu pòstãpnym pòkòlenióm.
W Pòlsce spòtikô sã krãdżi z czasu rzimsczégò ò perzinkã jinёch konstrukcёjach.
Tu ùrodzył sã prof.
Karno mô kòńtaktë z jinszima etnicznyma ë jãzëkòwima miészëznama Eùropë ë òdwiédzô Frizów czë Serbòłużiczanów.
Òna niese 2 jaja w gniôzdze nawetka 3 – 4 razë w rokù.
Do kùńca roku je 148 dniów.
Je to 1010 rok naszi erë (pò narodzenim Christusa), 10. rok drëdżégò tësąclecégò, 10. rok XI stolatégò, 10. rok 1-égò dzesãcolecô XI stolatégò.
Je to 1894 rok naszi erë (pò narodzenim Christusa), 894. rok drëdżégò tësąclecô, 94. rok XIX stolatégò, 4. rok 10-égò dzesãcolecô XIX stolatégò.
Krajenka (we zdrojach: Krainka, Kraina 1420, Crayna 1453, Kroganick 1676, Crajanez 1772, Krojanka (Cenôwa); pòl.
Nié wszëtczé bùdinczi stanãłë nazôd, niejedné do dzysô szłë w zabëcé.
Òn miôł sédmë lat gdë wespół ze starszim bratã Dawidã zaczął trenindżi w Rakòwie Częstochòwa, gdze trenowôł òsmë lat.
Zwëczajnô perlita (Numida meleagris) – to je ptôch z rodzënë Numididae.
Klubòwé barwë to czerwiono-biôłi a karno nosi pòzwã Czerwiony Diôbłë.
Czasã przë ni mòże bëc niéwiôldżi òpôd deszczu.
Òsadã òdtwòrzëlë na spòdlim robòtów archeòlogów na Pòmòrzim.
Martinika (Martinique) - to je òstrów kòl Americzi.
Przińdny „bùdzëcél” béł ju tedë zycher „przebùdzony”.
Niejedné z nich bëlë zastrzéloné.
Jegò wiérztë drëkòwóny bëłë m.jin. w „Pomeranii”.
W Pòlsce w brzëmieniu ùstawë ò òchrónie nôtërë z 2004r.
W demòkratny wëbiérkù przédnikã w Pôłniowi Kòreji òstôł Syngman Rhee.
Jegò miono mô szkòła.
Pòjawiłë sã na zaczątkù XX stalatégò.
Fòrmë ë spòsobë ùżiwkù tëch kòdów są rozmajité we rozmajitëch państwach.
W ni je wicy jak 1000 mieszkańców.
U wikszoscë gatënków zapłodzenié je bùtnowé.
Charakteristiczne dlô Forsytha je pòsługiwanié sã w pòwiescach sztilã dzennikarsczim.
Òn je ùsadłi nad rzéką Neckar.
W zôpùstë miało bëc tuńcowóné, a nié mógł szëc, bò chòwa mògła bë zakùlawiec.
Lasowi òzdobnik (Calamagrostis arundinacea) - to je ôrt roscënë z rodzëznë Poaceae.
Bańtka (Pleuronectes platessa) - to je ôrt mòrsczi rëbë z rodzëznë flińdrowatëch (Pleuronectidae).
Je to 1454 rok naszi erë (pò narodzenim Christusa), 454. rok drëdżégò tësąclecô, 54. rok XV stolatégò, 4. rok 6-égò dzesãcolecô XV stolatégò.
Słownik gwar kaszubskich na tle kultury ludowej, Ossolineum, Wrocław - Warszawa - Kraków - Gdańsk 1972, tom V, ss.
Ni ma gò w Turcji, pòłniowich Chinach i Indiach ( tôm zamieszkiwô pùchôcz indyjsczi).
Je to 861 rok naszi erë (pò narodzenim Christusa), 861. rok pierszégò tësąclecégò, 61. rok IX stalatégò, 1. rok 7-égò dzesãcolecô IX stalatégò.
Przëmiérno – 1 tona sërégò òléju pòòkriwô cenką légą wiéchrzëznã 12 km².
Pòdług geògraficznégò pòłożeniô Biôłorus leżi w centrum Eùropë.
Do łowieni rëbów ùżiwajã séce i kaszórk,niechterné zorte, rëbów łowiã ùżiwajãc hóków i wędów. w 2005r. na Kaszëbach bëłë zarejestrowóné3 bôtëdalekmòrsczi, 164 kutre i 352 bôtë.
Kamiéńca - to je rzéka dłużawë 30 km.
W 1996 r. bëło swiãto òtemknieniô nowi szkòłë w Starzënie.
Trzeci dzél senatorów je wëbiéróny co dwa lata.
Zwela – to je nôniższô balka w drzewianëch kònstrukcjach scanów.
W tim czasu Kadzmiérz Wiôldżi òdniósł pierszi pòwôżny sukces diplomaticzny.
Są óne pò to, bë ùbògacëc i ùrozmaicëc brzmienié jinstrumentu, ë téż ùłôtwiają grã.
W latach 1971-1979 czerowôł jiném karnem piesni i tuńca.
Czej chto ùmarł, jegò cało pôlëlë.
Przënôlégô téż sprawdzëc, jak òznaczoné są włôsné bùdinczi i wiôlgòsc gruńtów do dobòrowaniô.
Òkróm pòezji, D. Charland mô napisóné binowé dokazë.
Lékarsczi dzãdżel (Angelica archangelica L.) - to je dwalatnô roscëna z rodzëznë zelerowatëch (Apiaceae).
Stajszewò je znóné w kaszëbsczi lëteraturze z czarowniców, jaczé sã pòtikałë na Łësy Górze.
Za klimatowi lato ùwôżo sã czas w chtërnym strzédny dobòwi temperatura je wëższi òd 15 gradów cepła.
Przë ni biwô ù dzecy gòrączka i malënowi jãzëk.
W ùszłoscë chałëpników bëło mniéj, a żëłë leno na sztrądze Bôłtu.
E. Gòłąbk wespółrobił z E. Prëczkòwsczim w twòrzenim mòdlëtewnika "Më trzimómë z Bògã" (1998).
A chalëpnik nie wëjôdu wiôldżi rëbë leno tą małowôrtną.
Dnia 13 maja 1981 w Watikanie Jana Pawła II chcôł zabic skrëcé zôchwatnik.
Mòckò gò bòlało czej kaszëbizna bëła w pòniżenim.
Culmsee, Kulmsee) – gard w kùjawskò-pòmòrsczim wòjewództwie w torëńsczim krézu nad Chôłmżëńsczim Jezorã.
Na tëlnëch òdnogach mają kòsziczczi, chtërne są do przënoszeniô kwiatowégò piszkù.
W gminie Lëniô òd 2010 rokù mòżna wanożëc turistno-nôtërnym szlachã ò pòzwie "
Do kùńca roku je 80 dniów.
W roku 60, jako rzimsczi krajewión, żądô od wiôlgorządcë Festusa, żebë jego sprawa bëła rozezdrzónô przed césôrzę, na co Festus sę godzy (25,1-12).
Pszczelô matka mô gargùle żuwaczkòwé, chtërné wëdzelają substancëje hormonalné.
Ale nie lëdô tëch, co nick nie gôdają, le wiedno damią i mùczą.
Òd rujana 2009, mô swòją pòdjimiznã.
Lëturgiczny wspòmink swiãtégò Antóna òbchódô sã w katolëcczim kòscele 13 czerwińca.
Pług – nôrzãdzé, chtërno je brëkòwóné np. do òraniô pòla.
Gò mòże zgrzewac.
Czôrnô jagòda (Vaccinium myrtillus L.) - wieleletnô roscëna z rodzëznë wrzosowatëch (Ericaceae).
Kòralową rafã zamieszkiwają różné zwierzãta, òd malinczich chùtczich zôwlôgów pò wiôldżé rekinë.
Taczi lëteratura je chrakteristiczny dlô dzëcy tj: krótczi pòwiastka napisóny wiérztã abò prozą, gdze bohaterã sã zwirzãta, lëdzë, czasã roslënë abò téż rzecze.
Strzédna dôlëzna òd mòrza je 756 km a nôwëżi kòl 2360 km.
Nôwiãkszo ùdokùmentowóno szczëka chtęrnã wzãlë na wãdka w Pòlsce miôła 128 cm rostu i 24.10kg.
Ùmarł 18 stëcznika 2006 rokù w bôlëcë w Warszawie.
Kòrôn òstôł pòdiktowôny Mahometowi przez janioła Dżibrila.
Jednakò òstało jich czilenôsce tësący, np. w Chònicach i òkòlim.
Jistné zortowanié farwów bëło téż w krajińsczim òbleczënkù.
Bobolice (we zdrojach: Bobolitz 1262, Bublitz 1288, Bubblytze 1369, Bubòlc (Cenôwa); miem.
Rchb.) - to je ôrt roscënë z rodzëznë wòdrôkòwatëch (Boraginaceae).
Przódë òna bëła doma.
Nonius - je pòmòcny przë dokładniészim mierzeniu.
Miónkarze mògą dotikac balã wszëtczima dzélama cała òkróm pòdudza i stóp.
Canis familiaris, Canis lupus familiaris) – rabùszny susk z rodzëznë psowatëch, òbłaszczëwiony òtrok szarégò wilka.
Òstrowò (pòl. Ostrowo, miem.
Zwëczajnô pielniczka (Berteroa incana (L.) DC.) – to je ôrt roscënë z rodzëznë kapùstowatëch Brassicaceae.
W latach 2011–2017 òtrzimôł tã nôdgrodã sédem razy z rzędu, co czëni gò samòbëtnym rekòrdistą pòd tim wzglãdã.
Program ùkôzywôł sã tedë co dwie niedzele.
Do kùńca roku je 45 dniów.
Trus żeje w sëchëch lasach,ògrodach,chróscewiu i piôskòwëch ùrzmach.
Dwa wieczi pózni stôł sã pòpularny, wiele lëdzy sã nim zajmuje dzysô.
Katalońsczi jãzëk (kat. català) - to je jeden z romańsczich jãzëków.
Amerikańsczi aligator (Alligator mississippiensis) – to je ôrt gadzënë z rodzëznë aligatorowatëch.
Dolina Jaworzynsczi, w chternej to gòrna granica lase znajdujã sã na wysokosczi okole 1200 m npm i je najniżej pòłòżoną w calich Tatrë.
Pòtemù sztartowôł w rozmajitëch juniorsczich miónkach, w tim mésterstwach swiata.
Głównym célã je spòrtowô rewòlucjô, dlôte sloganã kronum je "Dołączë do Rewòlucje".
Dzéwczãta cwiczą na specjalny planszë, równak òb czas ùłożënkù ni mògą wińsc za kwadrat ò bòkù długòscë 13 metrów, bò je to karané.
Dzél ti wsë zwie sã Òsowô Góra.
Mô òn wëzdrzec jakno namalowóny.
Nôwiãkszé z nich to Saaremaa ò wiéchrzëznie 2,673 km² i Hiiumaa (989 km²).
Janiołów je baro wiele.
W chòrobach żôłądka ë jelitów, w przewlekłëch zapôleniach błony slëżowi, czej w przewòdze pòkarmòwim za baro rozwijô sã, flora bakterijnô i pòjôwiô sã skłonnosc do biegùnek i wzdãc brzëcha - pòmòcné mdą lëste jeżën.
Je jedną z wôżnych smaczników na swiece òd 340 lat i przednym zdrojem kofejinë.
Deflacjô – to je długòtrzimny spôdanié strzédni wiôlgòscë prizu w gòspòdarzënkù, chtërno sã przekłôdô na rost kùpiszowi mòcë pieniądza.
Je to 1411 rok naszi erë (pò narodzenim Christusa), 411. rok drëdżégò tësąclecô, 11. rok XV stolatégò, 1. rok 2-égò dzesãcolecô XV stolatégò.
Na począt sòjego istnienia produkowała krosna przędzalnicze (początek działalności datuje się na 1885 rok).
Spaniel to je niewiôldżi pies ò wëważóni sylwetce.
Kanadny szczotecznik (Solidago canadensis L.) - to je wielelatnô roscëna z rodzëznë astrowatëch.
Przez 20 lat jistnieniô programu wzãło w nim ùdzél czilenôsce tësący rozmówców, wiele razy lëdzy wëbitnëch.
Tu je znóny lińcuszny mòst.
Wypisy z literatury kaszubskiej" (1990).
Pò jegò smiercë dzejało sã wiele cëdów, midzë jinszéma: ùzdrowieniô, òżëwianié ùmarłëch.
Magnez abò magnéz (łac. magnesium) – to je chemiczny pierwiôstk, metal.
Pajiczënowaty grëzlôk (Arctium tomentosum) - to je dwalatnô roscëna z rodzëznë astrowatëch.
Gmina Dãbnica (
Pòd wiéchrzëznã Pòlsczi - ksyżëca Bòlesława Krzëwògãbégò - trafił połniowi dzél Pòrénkòwi Pòmòrsczi.
Brzadã ji bëło wërzucenié z Kaszëbsczégò Zrzeszeniô Aleksandra Labùdë, zawieszenié na rok w prawach nôleżnika stowôrë Jana Rómpsczégò i Sztefana Bieszka ë ùpòmnienié dlô Jana Trepczika i Feliksa Marszôłkòwsczégò.
Dôwni słowò to òznôczało téż chłopsczi bùksë.
Sowiecczi Związk kòntrolowôł nordowi dzél a USA pôłniowi.
Za jégò panowaniégò bёla dobëtnô wòjna pòlskô-tëreckô 1672-1676.
Przëczëną òsoblëwégò nieùbëtkù westrzód fónkcjonariuszów pòliticzny pòlicje „lëdowi” Pòlsczi bëłë lëstë, chtërne krążëłë midzë Rómpsczim a nôleżnikama Òrmùzda.
Zôpôdnô abò jekawskô zjinaka òddôwô *ě jakno "je" abò "ije".
Słowa krewny kaszëbsczémù „słuńcu” to m. jin.
Super Mario Brothers - to je kónsolowô gra NES (1985).
Wëdôwizna “Region” z Gdini wëda w 2003r.
Swòrnëgaców Zbrzëca òddôwô swòje wòdë Brdze, chtërna czërëjącë sã na płn.
Zwònica – òd cwiardégò dna, ò jaczé jaż „zwòni” kòtwa, abò ji bòkadnosc, np.
Torf – to je nômłodszi kòpalny wãdżel.
Zebrôł k. stoòsobòwi pòwstańczy òddzél ë òstôł jegò przédnikã.
Dali w wòjnie Òn nié mógł sztudérowac.
Anas querquedula) – to je ôrt strzédnégò wòdnégò ptôcha z rodzëznë kaczkòwatëch (Anatidae).
Wërazã tegò je założenié parków i rezerwatów, ùznanié niechtërnëch òbiektów żëwy i miartwy przërodë za pamiątczi przërodë.
W 1590 r. klôsztôr przeszedł w rãce benediktinków i służił jima jaż do prësczi kasatë.
Przewodnik po osobliwościach Ziemi Puckiej (1996), Wędrówki po Kaszubach.
Òn miôł wiele patentów na wënalôzczi.
Taczé blatczi są m.jin.
Strzënówka abò zôlójka (Anas platyrhynchos L.) - to je wiôldżi, wòdny ptôch z rodzëznë kaczkòwatëch (Anatidae).
Pierszô zmiónka ò Dërszewie w znónëch nama zdrojach pòchôdô z 1198 rokù, czej w dokùmańce wëstawionym przez ksyżëca Grzëmisłôwa pòjawiô sã miono Trsow.
W XIX wiekù, bëłë téż wnetka taczé samé grë: haandbold w Danii, hazena w Czechach i na Słowacji, gandbol na Ùkrajinie, torball w Miemcach i lokalné wersje w Irlandii i Ùrugwaju.
Fana kaszëbskô je czôrnô ë żôłtô.
W Pòlsce można je spòtkac na Pòmòrzkù w molu Òdrё w dólnym biegu rzéczi Wdё.
Czedës bëło jich wiele w Pòmòrzce.
Głogów mô apartné ùrzãdë dlô gardu ë wsowi gminë.
Òd dłëgszégò czasu (2017) tu są bilietë ZTM z kòmùnikatã w kaszëbsczim jãzëkù.
Sankara dôł téż pòjinaczëc stolemné rolné, dëtkowé, zdrowòtné, spoldeczné, szkólné i jinné reformë dlô pòprawë żëcô wszëtczich krajówców Bùrkinë Faso.
Fana - to płat sztofu òkreślonégò sztôłtu i farwë przimòcowonégò do drziwca, mòże miec godło, symbòle, òbrôzczi.
Je to 1836 rok naszi erë (pò narodzenim Christusa), 836. rok drëdżégò tësąclecô, 36. rok XIX stolatégò, 6. rok 4-égò dzesãcolecô XIX stolatégò.
Do kùńca roku je 44 dniów.
Dzélã ti wsë są Stążczi.
W ògardze ùnoszô sã miłô wòniô besowëch kwiatów.
Je to 953 rok naszi erë (pò narodzenim Christusa), 953. rok pierszégò tësąclecégò, 53. rok X stolatégò, 3. rok 6-égò dzesãcolecô X stolatégò.
Dzysô swiãtô Katarzëna patronëje: zôkònóm, filozofóm, teòlogòm, ùczałim i sztudentóm; adwòkatóm i notariuszóm; lëteratóm i bibliotekarzóm; drëkarzóm; kòlejarzóm, kòłodzejóm i kùczróm; młënarzóm i piekarzóm; białkóm (slëbnicóm) i dzéwczãtóm; grzésznikóm.
Tu w 2008 rokù mieszkało 70 lëdzy.
Waleriana òchrzcëł papiéż swiãti Ùrban.
Pòrënkòwi Timor ògłosëł samòstójnotã od Pòrtugalsczi w lëstopadniku 1975 rokù, le chùtkò òstôł zaatakowanë przez wòjskò Jindonezji.
Jegò bratã béł ks.
To je dokóz, że kóżdi skùtk mô swòjã przëczënã, że lëdzczé wtrącywanie w nôtërã mùszi bëc baro dobrzé przemëszlëwóny.
Pawła Apòsztoła (kòl 50 r. n.e.) i òstac jegò ùczniã.
Rozrost Wilna zatrzëmôł wiôldżi òdżin w 1610 Wilno.
Nôpierwi przedłużił rozejm z Krziżôkama, chtërny wrgasł 23 maja 1333 r. Dali pòrozmiôł sã z Wittelsbachama władającyma Branderbùrgią.
Trepczik przëjimô, że w ùszłoscë jistniała teritorialnô jednota, jaką mòżna nazwac „Wiôldżim Pòmòrzim”, i jednoznacznô pòliticznô doktrina, chtërna prowadzëła do stwòrzeniégò kaszëbsczégò państwa w XIII st.
Gnieżdżą sã tu równak ptaczi takie jak: òrlik krzykliwi, kania ruda, myszołów, kòbuz, kilka gatunków sów, głuszce i jarząbsczi.
Prezydent mô prawò òbsôdzac ë copac przédnika ministrów a téż nôleżników rządu, rozrzeszac Zgromadã Depùtowónëch, òbsôdzac sãdzów i nôleżników Czesczégò Nôrodnégò Bankù (cz. Česká národní banka).
Lëdztwò wsë: 60 mieszkańców (
Mionowała pòlón na czesc Pòlsczi, a rôd - radiùm, bo radiacjô pò łacyńsczi to parminienie.
Do kùńca roku je 47 dniów.
Tu òd 1380 rokù béł klôsztór kartëzanów.
Mòżlëwie, ëże òtrzëmiwôł wòjskòwi sztipend, zycher zôs zdobëł kònkretną wiédzą z òbjimù wòjskòwòscë.
W tich stronach je rezerwat Miedzëbórz.
Swiãti Môrcën z Tours (łac. Sanctus Martinus Turonensis; ùr.
Je 14. co do wiôlgòscë państwã swiata.
Nen je téż zwóny "Rańską Brómą" temù jëż z niegò jidze bana ë szaséjô na Ranã.
Grający mają rozmajité mòżnotë w grze.
Chòrwacczi jãzëk mô sztatus apartnégò jãzëka òd 90-tech lat XX stalata.
Paweł Bogdan Adamòwicz (ùr.
Pòloce sã na wòjnë wëprawiale wolność szablã mùszelë wëwalczëc, òt wrogò sã òbraniac.
Przëcëskając klawisz „C” (C „wiôldżi”) przë włączonym registrze 8’ òstaje ùruchòmionô piszczówka, jakô wëdôwô zwãk „C”.
Lotrinżónié czasã mògą pò swòjimù gadac.
Miôł rozdac całi swój majątk biédnym.
Pòd kuńc XIX w. wielu wënalazców próbòwało skonstruowac fliger, je to szëbòwiec z napãdem.
Nen òpòwiedzôł jima Dobrą Nowinã ò Zbawicelu Swiata, chtërny je Bògã i panëje nad wszëtczima królama zemsczi zemi.
Szczëczi jedzą jedna-drëgą, są kanibalama.
Pãkôcze (Melandrium album (Mill.) Garcke) – to są jednoroczné, a czasem wielelatné roscënë z rodzëznë granôtkòwatëch.
Wies je pòłożona nad rzéką Łebą.
Tajlandiô je państwã w Azji.
" jako Stille Nacht po miemiecczi pierszi roz spiéwenô na mszë w aùstriôcczi wsë Oberndorf.
Terczasnie w kaplëcë je tczonô Jiwerskô Jikòna Matczi Bòsczi ( Niebiańsczi Brómë), chtërnã pòswiãcył wrocławsko-szczecëńsczi prawòsławny biskùp.
Na dnie jezór leżą zatopioné zwònë czë miasta, żëją i manią czekawëch dëchë pòtopionëch dzéwczãt, zwóné redunice; jich ekwiwaleńtama w mòrzu są mòrzëce, a na błotach błotniczi, widzóné jakno czôrni chłopi z lãpą w rãce.
Skarszewy, miem.
Je to 1821 rok naszi erë (pò narodzenim Christusa), 821. rok drëdżégò tësąclecô, 21. rok XIX stolatégò, 1. rok 3-égò dzesãcolecô XIX stolatégò.
Kòlejnym wôżnym surowcã je wòda.
Monroe swòjã karierã zaczãła w lëtach 40 jakno pin-up gir.
Na ni ùtwòrzóno òstoja dlô ptoków ë jinszëch zwierząt.
Z pòzdrzatkù na wëstãpùjącé w nich wątczi i òkòlim, w chtërnym pòwstałë, mòżna apòkrifë ùznac za lëteraturã pòzabiblëjną.
Szpòrtowé klubë - Nôwikszim balowim klubã je FC Barcelona, chtërny pòwstôł w 1899 r. i béł wiele razy méstrã Szpanii, 11 razy dobëwca Superpùchara Szpanii, a 26 razy dobëł Pùchar Szpanii.
Òn rosce w dosc sëchi zemi, a lubi słunôszkò.
Francëszka i sw.
Na nim uczi sã kòl 16 tësãców sztudérów.
Kòl niégò w Kanadze béł ks.
Czedës to bëłë dwa apartné gardë - Rëbnica je meczelbòrzczim gardã, zato Dãbògórã je pòmòrzczim.
Do kùńca roku je 74 dniów.
Z jegò brzadem czasem robią tu jarzëbny kornus.
Pierszi raz brëkòwôł gò mùzyczny gazétnik Garry Bushell we wczasnych latach 80 XX s., pòdskôcóny sztëczkã karna The Cockney Rejects: "Oi!
W Wiôldżi Piątk, jinaczi Płaczëbògã, ksądz naczinô ceremónie òd leżeniô krzyża, ni ma Mszë sw., na kùńc òbrzãdów Nôswiãtszi Sakrameńt przenôszô sã do Pańsczégò Grobù.
Trigraf – sparłãczenié trzech lëtrów, jaczé òznôczô jeden zwãk (fònem).
Òno mògło bëc np. procem wszóm.
Za bezzmiłkòwé akceptérowóné je przënômni 10 różnëch ôrtów zapisënkù.
Czôrnô kadzelnica (Hyoscyamus niger L.) - to je ôrt roscënë z rodzëznë lilkòwatëch (Solanaceae L.).
W midzëczasu béł delegatã stanu Pensylwania na kòngres sétmë kòloniów w Albany.
Ùmiejãtnosc takô zwa sã contrafatta.
Pisôł téż m.jin. do „
Pierszé wiadło ò ti wsë je zapisóné w 1296 rokù - tëdë òna słëcha jakno "Darsolube"
Je to pierwszi tak dokładny szacënk paramétrów neùtronowi gwiôzdë Mòżna ò tim przëczëtac w nr.
Pòmòrskô leżi w pasie pòbrzegów ë pòjezerzów.
Tam òn robił jaż do pòczątkù drëdżi swiatowi wòjnë.
Zymk przeòblôkô całi swiat w szëkòwną zeloną sëkniã, jakô ceszi òczë.
Paczétë to prosté paczczi archiwów tar spakòwóné programą gzip, zamëkającé w se dodôwną wëdowiédzã ò jich zamkłoscë ë òpatacëjny instalacëjny skript.
Na prosbã białczi Mozarta dzeło to dokòńczëlë jegò drëszë kòmpòzytorë, Joseph Eybler i Franz Xaver Süssmayr.
To bëła gromada zëmnokrëwianëch zwierzãtów z pòdtipu krzélôczi (Vertebrata).
Mòdlëtwa ò pòrénkù zwie sã Orthros.
Stolëcą Aùstralëji je gard Canberra, a nôwikszi gard to Sydney.
W czasach przedhistorycznëch wëstãpòwôł na Tasmanie a też na całim òbszarze Aùstralie, a też Nowi Gwinei.
Pòzwa spaniel pòchòdzy òd słowa Hispaniola albò Espagnol co miałobë wskôziwac na jegò Szpańszczi pòchódzenié.
Ten chłop w 1905 rokù zamieszkôł w cyrkòwim wòzu, jak prësczé władze zabroniłë mù bùdowë chëczi.
Głowôcz (Knautia L.) - to je szlach roscënów z rodzëznë szczecowatëch.
Pò II-dżi swiatowi wòjnie w 1945 rokù téż z dzéla pòmòrsczégò wòjewództwa bëło wëdzeloné gduńsczé wòjewództwò (1945–1975).
Jich miona to Michôł, Rafôł i Gabriél.
Sólnô astra (Aster tripolium L.) – to je roscëna z rodzëznë astrowatëch.
Ùrodzył sã 30 gòdnika 1970 r. w Krakòwie.
Òkróm tegò na Swiãti Górze są trzë klôsztorné cerkwie (Pańsczégò Przemienieniô, Ikonë Matczi Bòsczi „Pòceszenié Wszëtczich Strôpionych” i Zasniãcô Bògùrodzëcë).
Dzãka rozgłosowi jaczi zdobił pòwiescą „Dzeckò salonu“ (1906), stôł sã znónym i pòszëkiwónym pediatrą.
Tu je skrzëżowanié dróg i są dwie wojewódzczi drodżi.
Òn mòże bëc ùwiãzły z wełnë.
Mają sztôłt szpica abò szuflë.
Z niegò wërôstają chłopsczé (pichlónë) i białczëné (stołpk) pëłcowé òrganë, chtërne òdpòwiôdają za rozrôdzanié sã òkrëtoseminnëch roscënów.
Głowa wëzdrzi jak zrosłô ze srąbã.
W ti mësle dobierô sã téż słowò pseudoepigraf.
Pierszim trenérą Sztefana Hùlë béł jegò òjc.
Karol Wyrwicz (ùr. 1717 rokù, ùm.
Ògnistim Piestrzeniu Pacyfikù, rozcygającym sã wkół Òcenau Spòkòjnégò.
Bezpòstrzédno wëchôdaje ze stôrosłowiańsczégò jãzëka.
Tu ùrzãdnicë pierszégò zortu (pò wëższi szkòle) mùszą rozmiec jãzëk wikszoscë w òkòlim w chtërnym robią.
To zelé je pòmòcné do pòprawieniô trawieniô.
Zmianë pògòdë wpłiwają na to, jak człowiek sã czëje.
Cerkwie są gwësnym dokôzã artisticzny szmaczi Łemków.
Je to tipicznô gbùrskô wies.
Karno je założony w 1971 r. i do dzysô je propagatorã bòkadnégò kaszëbsczégò fòlkloru na rozmajitëch jimprezach i ùroczëznach òrganizowónëch w kraju, jak téż za grëńcama.
Òbie Kòreje mają apartny rozwij, tedë jich gòspòdarka je na jinëch równiszczach.
” w gminie Lëniô.
Wësëpnica (morbili) - je chòroscą ù lëdzy.
Kòmisjô Teritorialny Samòrządzënë i Regionalny Pòliticzi – to je jedna ze sztabilnëch sejmòwëch kòmisjów.
Rządzëlë òd pòwstaniô państwa, pòlsczégò (kòle 900r.) do 1370 z krótczim przeriwkã na panowanié Przemëslëdów (1291 – 1306).
Béł òn rodnym jãzëkã Rzëmian.
Pò drëdżim zetkanim z nim stało sã równak dlô ùbówców czësto gwësné, że ùdostanié gò na jich stronã nie je mòżlëwé.
Je to 1702 rok naszi erë (pò narodzenim Christusa), 702. rok drëdżégò tësąclecô, 2. rok XVIII stolatégò, 2. rok 1-égò dzesãcolecô XVIII stolatégò.
Znóné są ji tekstë: Ùja Aùgùst (2004) i Wdôr (1996).
Wicy czasu przeznôczało sã na nôbòżéństwa i mòdlëtwë.
Lëtewsczi jãzëk - jãzëk z bôłtosłowiańsczégò karna Jindoeùropejsczich jãzëków.
Czasã sã zdôrzô nawet dwanôsce sztëk.
CSsR - dzejôrz kaszëbsczi kùlturë w Kanadze.
Saniówka w tim czasu biwô snôżô.
Jamo wchòdzą w złożënã szlabizogramów, czëlë sparłãczeniô spółzwãkòwich ë samòzwãkòwich lëter dającëch jedną szlabizã.
Òrganë wëpòsażony w Crescendo mają colemało pòkôzywôcz jinfòrmùjący, czë w danym sztëkù ùżiwónô je kombinacjô blëższô piano czë tutti.
Muzeum Etnograficzne w Krakowie, 1965 Kraków.
Roztoka, zatoka abò hôwinga je to dzél brzegù wòdnégò zbiornika, chtërnô wcënô sã w ląd.
Òna mòże bëc w dzecyjnëch latach.
Stratowùlkane mają wësoczé, stromé stożczi (kąt nachileniô kòl 30 stopniów, np.
W òbéńdze szôłtëstwa pòłożoné sã miészé kòlonie: Bòrowc i Chòjna.
Prawie wiedno roscëna dwùpiennô.
Pópùlacjô krëczków w Pólsce je óbjãtô mónitoringã w ramach programù Monitoring Flagowych Gatunków Ptaków.
Wënikù to z tegò, że wiôldżi krukòwati przënoszą swym dzôtkòm na teli wiele jestkù, że starcza gò dlô swòjich i adoptowónëch młodëch.
To, co pò nim òstało, kłedlë razã z darënkama zrëchtowónyma z metalu (żelazła abò bronzë) i keramiczi do grobù.
Cenkô sycëna (Juncus tenuis Willd.) - to je wielelatnô roscëna z rodzëznë sycënowatëch (Juncaceae).
Môrcën Kromer (Martinus Cromerus) - to béł ùm.
Znaczi ne dolmaczë sã jakno: Kraj Wschodzącégò Słuńca (日 –
Dlôte téż ze wzglãdu na wiôldzi nôpłiw lëdzy, kòscół nigdë ni bëł zamkłi, stãdka Pòlanów miôł swòje pòwiedzenié: Stoji òdemkłi jakno Pòlanowsczi kòscół.
Réda to je rzéka dłużawë 45 km.
Je òpublikòwóny tołmaczënk z kaszëbsczégò na anielsczi np.
Midzë grôczama są: brómkôrze, atakòwnice, pòmòcnicë i òbróńcë.
Zesłanié Swiãtégò Dëcha - wôżne chrzescëjańsczé swiãto ùwdôrzające zesłanié Swiãtégò Dëcha.
Samùm - to je pôłniowi, pòriwny, gòrący i sëchi wiater, chtëren wieje na pùstiniach np.
Smãtk - niepòzwónô dzys pòstacëjô, chtërna je gwësno przestarzałoscą pò pògańsczich wierzeniach, a dzys je zapchniãta do rolë złegò dëcha abò diôbła.
Pòlsczégò jãzëka ùcził sã doma.
Hònorowi przédnik Radzëznë Pòlsczégò Jãzëka Pòlsczi Akademiji Ùczbów prof. dr hab.
Lewino je nôstôrszą wsą w gminie Lëniô.
Òn mô kòl 9 cm długòscë ë je òliwkòwò-zelony farwë, a na głowie mô żôłtawą prãgã czôrną na ùbrzegù.
Solnica – to je statk do przetrzëmaniô w schòwie kùchniowi soli.
Vratislavia) - to je nôwikszim gardã ë stolëcą Szląska.
Òna mòże miec gniôzdo w lãgòwi bùdce.
Zwëczajnô sosna abò chójka (Pinus silvestris L.) – to je wiedno zeloné drzéwiã z rodzëznë sosnowatëch (Pinaceae).
W Pòlsce żëją dwa zortë bòcónów: biôłi i czôrny.
Òni miélë troje dzecy: Ùrszulã, ona ùmarła czedë mia dzesãc miesãcy, Szczepan béł zabiti w Drëdżi Wòjnie Swiotwi.
Jaromir - kaszëbszczé miono chłopsczégò ôrtu.
Òkróm tegò w niechtërnëch jãzëkach stosowóné są kómbinacje lëtrów (
Do nôtëralnëch bògactwów krôjnë słëchô téż kamiannô sól, jaką wëczëchli sã w òkolim Inowrocławia ë Ciechocinka.
Słownik gwar kaszubskich na tle kultury ludowej (
Strzódë jegò òbrazów mòże nalezc wiele kòmpòzycëjów ò témie historiczny.
Klepce abò klepc — bëłë sydłem na ptôchë.
Tam téż choba béł napisóny, gdzes pod kuńc roku 57, Drëdżi Lëst do Korintczików.
Pierwszi z nich mô biôłé pióra, a nodżi i dziób czerwiony.
Do kùńca roku je 54 dniów.
Do kùńca roku je 119 dniów.
Lënk (an. hyperlink) je logicznym sparłãczenim sécowëch lopków, abò jejich partów przez pasowné merczi w sécowim dokôzu.
Ù dzëkò rosnącëch malën brzôd je baro czãsto robaczëwé.
Zymkòwi mùchôrz (Amanita verna) - to je ôrt grzëba z rodzëznë mùchôrzowatëch (Amanitaceae).
Cës (Taxus L.) – to je szlach roscënów z rodzëznë cësowatëch (Taxaceae).
Przez Pòlskã przebiegiwô téż greńca midzë kòntinentalnym blokã Pòrénkòwi a Zôpadny Eùropë.
Pomerania nr 5-6(205-206) maj-czerwiec 1990, s. 43-44.
Robił jaknò parlamentarzista do rokù 1940, czej Rząd Vichy ùmiescył gò kùreszce w domòwim areszce.
Òpisywô leżnote wepòwiôdającégò sã ò tim òbiekce abò rzôdzëznie.
Pòzostała piątka rodzéństwa zmarła w dżibùlczënëch latach.
Òd 1995 rokù gniôzda kaniów òbjãto ùstawòwą conową òchroną, a to prowadzy do pòwikszaniô sã lëczbë i òbéńdë wëstãpòwaniô tegò gatënkù.
Mòdlëtwa je czinnoscią kùltową, charakteristiczną dlô wiele religijów, pòlegającą na wëznôwanié do bóstwa.
Terô na kùwertach mòże też pisac pò kaszëbskù, bò nawetka niejedné gardë mają tôblëce pò pòlskù i pò kaszëbskù (
W 1240 gard najachalë i zniszczëlë Tatarowie, co bëło przëczëną ùpadkù dôwnégò gardu i pòczątkù móngòlsczi òkùpacje.
Takô pòwiôstka je np.
Òna pierszô w Szwedzce przëjãła titel m. jin.
Ùrodzony w Salzbùrgù, jaczi béł wnenczas stolëcą samòstójnégò, w ramach Rzeszë, arcybiskùpstwa (dopierkù w latach 1805–1810 i zôs òd 1814 terenë te stałë sã czãscą Aùstriacczégò Césarstwa).
W héklowanim aktiwnô je blós jedna zôdzerzga, czej we wiãzenim na spicach robi sã narôz na côłim rzãdze zôdzerzgów.
Szczëka chòwô sã w wòdnëch roscënach i żdaje tam na swòja ofiarã.
Je to rozwôżanié ò zesłaniém Dëcha Swiãtégò.
Kùba je słôwnô z komunisticzni rewolucëji pòd przédnictwã Fidela Castro procëm USA i proamerikańscziemù diktatorowi Batista.
Zwëkòwò gôdô sã ò zemsczich krezach ë gardnich krezach jak we midzëwòjnim, le taczégò rozgrańczeniégò ni znô ùstawa.
Jinaczi to wëzdrzi w miastach.
Je to 885 rok naszi erë (pò narodzenim Christusa), 885. rok pierszégò tësąclecégò, 85. rok IX stalatégò, 5. rok 9-égò dzesãcolecô IX stalatégò.
Do kùńca roku je 50 dniów.
Japòńskô je kònstitucjową mònarszëją.
Przed zbieranim malënów pòle trzeba wëscelec słomã abò włókniną.
Je téż ikawskô zjinaka, dze *ě je dzysdniowò reprezentowóna bez "i".
Do chwôtaniégò wieszczórków brëkòwnô je specjalnô zgòda z Regionalny Direkcji Òchronë Nôtërë.
Jegò redaktorã òsta Izabella Trojanowskô, doswiôdczonô gazétniczkã „Głosu Wëbrzeżégò” i „Bôłtëcczégò Dzénnika”.
To dlôte, że jachtëje na to, co je jesz barżi pòmalné jak òn: na wãdzëbôczi, slëmiénie, wije.
초성, 初聲, choseong), samòzwãk abò diftong zwóny strzédnym (ang. medial, kòr.
Lëteratura mòże bëc téż dzelonô wedle mòwë, krôju abò kùlturnégò krézu.
Na òbéńdze serbòchòrwacczi diasystemy mòznô wëapartnic trzë wiôldżie dialektë (abò grëpë dialektów): sztokawsczi, kajawsczi ë czakawsczi.
W 1941 rokù pò dłudżi chòrobie ùmarł jegò òjc - téż Karol.
Piscowanié - to je dyscyplina szpòrtowi biôtczi, w chtërny dwóch piscowników prowadzy pistną biôtkã.
Strzédnô bróń artëlerijskô to je kanóna na lawece, óena sã dała cëgnąc kòniama, abò włożëc na wóz, na okrãt.
Barżi kaszëbskò bë bëło pùcczi pòwiôt abò téż pùcczi kréz.
Zwrócono ùwôgã, że zwãk piszczówków na przestrzeni wszëtczich tonów je nierówny.
Zymkòwô kòzogrëzc abò zawiłk (Anemone nemorosa L.) - to je roscëna z rodzëznë jastrownikòwatëch (Ranunculaceae).
Pò wschodach mô zaczątk wëtwarzanie pòstãpnëch lëscë i krzewięnié, chtërnemù dobrô je temperatura 6-12 stopniów cepła.
Stolëcą je gard Skòpje.
Tischner gôdô,że marksizm je w swòji strukturze skòstniałi i jégó mëślenié ò ròbòcé téż lechi.
W chmùrach tegò tipù wëstãpùją baro mócny prądë wznoszącé (i zstãpùjącé).
Płota (we zdrojach: *Płota, Plote 1277, Plate, Plathe, Platow 1632; pòl.
W 1565 rokù napiselë ò ni Sirokouicze.
Z nima mielë skweres ògardownicë.
Taczé sztëlisticzny sztaturë bë brëkòwȏł do plasticznégò òbrazowégò i czëcowégò pòkȏzaniȏ zamkłoscë wëpòwiescë, np.
Na pòrénkù kalkòwé górsczé rédżi i kòtlënë.
Je to 983 rok naszi erë (pò narodzenim Christusa), 983. rok pierszégò tësąclecégò, 83. rok X stolatégò, 3. rok 9-égò dzesãcolecô X stolatégò.
W òbéńdze szôłtëstwa pòłożoné sã mniészé kòlonie: Smôłdzënë (lëdztwò: 29), Trzebiélsk (lëdztwò: 21), Warszawa, Wigòda (lëdztwò: 17).
W jãzëkù tim nôwikszi ùdzél mają słowa słowiańsczégò pòchòdzënkù.
Bank Polska Kasa Opieki Spółka Akcyjna (Bank Pekao, Pekao, Pekao SA, dôwni PeKaO) – pòlsczi bank, jaczi pòwstôł 17 strëmiannika 1929, jakò państwòwi kòmercyjny bank w pòstacje akcyjny stowôrë.
Stolëca to Òttawa, a nôwiksze garde to Toronto, Montreal i Vancouver.
Spòdlé rãczny balë dzecë mògą zacząc sã ùczëc ju w pierszi abò drëdżi klase spòdleczny szkòłë.
Chalcedon abò chalcedón - to je mineral.
Zwëczajny smiecoch (Galerida cristata) – to je môłi ptôch z rodzëznë skòwarnkòwatëch (Alaudidae).
Dodatné temperaturë trzimają sã przez 125—155 dniów w rokù.
Czôrnogóra mô kòntinentalną brzegòwą liniã długòscë 293,5 km.
Można je cziles razë wëmieniwac, przëklejając specjalnëm klejã.
Na tich samëch igrzyskach zajął czwiôrte miejsce w drużinowej jezdze na czas.
Òrganista robi to przë pomòcë nożnégò dëmadła abò wałka, jaczi je ùmieszczony nad nożną klawiaturą.
Òn rôbiôł m.jin. jakno tołmacz, priwatny szkólny miemiecczégò, a nawetka jakno kùczer w kóńsczich czë mechanik w pneumaticznëch elektriszach.
Kaszëbsczé Karno Piesni i Tuńca "
Naj stanicã/fanã doma mùszi miec"
Pòd kùńc IX stolatô Czeskô òsta zjednónô przez Przemyslidów.
Dzãka niémù, dwa lata pózni, òbaj nëkëlë w pòwrotną rëzã do Filadelfije, gdze Franklin béł drëkarzã.
Młoleczka - to je jakbë baro môłi wietrzny młin.
Tu je Apòstolskô Stolëca.
"Żur i slédz, to są dwaji pòstny bracô."
Juwerno robòtë amerikańsczich slawistów, òd co nômni cziledzesãcu lat klasyfikùją szląsczi jãzëk jakno apartny, bò tak òpisëje gò renomòwóno dlô nich, amerikańskô Słowiańskô Encyklopedijô.
To je bëlny ôrt rozkòscérzaniô kaszëbiznë midzë lëdzama w Americe.
Potemu wnetk tzrë lata (61-63; Dz 28,30) ostôwôł on w Rzimie jako sôdzewi.
Czedë Stanisłôw Pigòń dowiedzôł sã, że Krësztof wstąpił do diwersyjnégò òddzélu wòjska, rzekł: Cëż, nôleżimë do nôrodu, chtërnégò kawlã je strzélac do wroga z brilantów.
Je to 997 rok naszi erë (pò narodzenim Christusa), 997. rok pierszégò tësąclecégò, 97. rok X stolatégò, 7. rok 10-égò dzesãcolecô X stolatégò.
Zwònica – to je bùdowniô abò ji dzél, w chtërny są zawieszoné zwònë.
Kòmisjô Edukacji, Nôùczi i Młodzëznë – to je jedna ze sztabilnëch sejmòwëch kòmisjów.
Do kùńca roku je 84 dniów.
Swiãti Florión (Florion z Lauriacum; ùr.
Tej te biôło-czerwiono-czôrni farwë òstałe jakò znanka.
Jesz nicht nie wëmëslił wikszégò, rozmiarowò ë ji téż jilosce zdrojów zwãkòwëch wałów, sumariczny mòcë, jakò je emitowóny do òkòla, dinamiczny i baro czãsto rozmajitoscë farwów ë kóloristiczy mòżebnosce.
Do kùńca roku je 24 dniów.
Grób Hieronima Derdowsczégò je w Zjednónëch Krajach Americzi.
Do kùńca roku je 41 dniów.
Czëdë je dôka mòże pòsélac zwãcznikòwi sygnalë.
Je to 1898 rok naszi erë (pò narodzenim Christusa), 898. rok drëdżégò tësąclecô, 98. rok XIX stolatégò, 8. rok 10-égò dzesãcolecô XIX stolatégò.
Są jesz jinszé janiołë zwôné jarchaniołama.
Twòrzi 0,7% wiéchrzëznë złotowsczégò krézu.
W katédrze wôrt je pòsłëchac mùzyczi stôrëch òrganów.
Wësokô Bróma to je bróma w Gduńskù bùdowóné do 1588 rokù przez Willem'a van den Blocke.
Banowiszcze - to je przédny bùdink dlô banowëch pasażérów.
Ju w latach 30 brëtëjsczi inżynier Frank Whittle (1907–1996) òpatentował projekt silnika òdrzutowégò, le pierwszim òdrzutowcem béł niemiecczi Heinkel He 178, poddany próbom w 1939 rokù.
Spòtikóne prãdkòscë prądów wznoszącëch dochòdzą do 10-15 m/s, a nawetka do 25 m/s (tedë, czedë je dosc rozbòdowóny).
Cziej Synoptików mało czekawi bëtnosc Jezësa w Jeruzalemie ë Jego dzejanié w nym miejsce, Jan przedstôwiô Jezësa przebiwającégò i nauczającégò nôwicy w Jeruzalemie.
Drzéwiany klôsztór òtôczô piãknô przyroda, a prosté, sërowé warunczi z wszechògarniającą cëszą pòmôgają pątnikóm, bë nalôzc Bòga.
Dłëdżé cządë miru przeczëdóny bëłë pòjedinczëma napadama cëzëch krôjów.
Cripta de la Colonia Güell - môłi kòscôłk, chtërny A. Gaudi wëbùdowôł dlô robòcych lëdzy z Barcelonë.
Dane FAO za lata 2009-2011 pòdają że ze 140 tys. ton rocznie nôwikszim producentã je Rosja a te Azerbejdżan a Pòlska zajimùje trzecy plac ze strzédnym plónã 97,5 tys ton http://faostat.
Na pôłnie òd gardu rozcëgają sã Dolnoszląsczé Borë, skądka wëpłëwają ë wpôdają do rzéczi Bóbr jegò lewòstarnowe dolecënë: Kwisa ë Czerna.
Òd pòczątkù jegò pòntifikatu baro wôżnô bëła dlô niegò sprawa miru w swiece ë jednota midzë chrzescëjónama.
Je to 1743 rok naszi erë (pò narodzenim Christusa), 743. rok drëdżégò tësąclecô, 43. rok XVIII stolatégò, 3. rok 5-égò dzesãcolecô XVIII stolatégò.
Wiôldżé znaczenié dlô ùnijnégò pòrządkù prawnégò mô téż Kôrta Prôw Pòdstawòwich.
Kòpëtnik (Petasites) – to je szlach wielelatnëch roscënów z rodzëznë astrowatëch.
Jich bënowô bùdacja i geneza je równak często jinô.
Jistnieją téż słowôrze ilustrowóné (òbrôzkòwé).
Wawrzek Chowaniec, Molinista, Józek Szkolny, Jegomość Józek (ùrodzôł sã 12 strëmienika 1931 w Stôri Sącz,ùmarł 28 czérwica 2000 roku.
Tedë to skuńcziła sã wszelejakô pòlskô òpiéra, zôs półkòwnik Dąbek zabił sã.
Nôbarżi słonecznym i sëchim miesącã je môj.
Równak tam Paweł miôł jaką taką swobodę tak, że mógł so pozwolëc na dosc rëszné dzejanié aposztolsczié (28,30n).
Z zaczątkã lat 70 XVII s. Japòńskô naczãło proces zmiészaniô chińsczich ćësków w Kòreji a zwiékszaniô swòjëch.
Tu w 2008 rokù mieszkało 322 lëdzy.
Òd tégò czasu Natalia spiéwô blós po pòlskù.
Koronowo, miem.
Szlachùjącô za nią czôrnô kania je përznã mniészô, mô wiele cemniészé òpiórzenié i mni wcãti ògón.
Je to 883 rok naszi erë (pò narodzenim Christusa), 883. rok pierszégò tësąclecégò, 83. rok IX stalatégò, 3. rok 9-égò dzesãcolecô IX stalatégò.
To mô sã w pierszi rédze przëczënic do wzmòcnieniô przekazywaniô pòstãpnym pòkòlenióm wiédzë ò rãcznym kaszëbsczim wësziwanim żukòwsczégò sztélu, a téż ùmiejãtnoscë wësziwaniô zgódno ze wskôzama tegò sztélu.
Nôtërné roscëznowé ruchno sparłãczoné je z wiele dzejnikama, westrzód chtërnëch do nôwôżniészich nôleżi zarechòwac klimat, òksëpòwy spódk, ùsztôłcenié wiéchrzëznë i wòdné òdnieseniô.
W 1996 rokù jiny miemiecczi sąd ùznôł, że tak nié miało bëc zrobioné.
Łukôsz nie należôł do karna dwanôsce apòsztołów Jezësa.
Pieczëzna – to wërobë z mączi, wòdë i solë z różnyma dodatkama.
Wiele môlowëch pòzwów pòchòdzy òd dãbù.
Lessen) - garc w Kùjawskò-Pòmòrsczim Wòjewództwie w Grëdzącczim Krézu nad Łôsëńsczim (Zómkòwim) Jezorã.
Môłpi pinczer mòże bëc jizbòwi pies.
Pò lëstopadnikòwim pòwstanim Rusczi zamklë ùniwersytet.
Mòże jegò Mały Serb béł mòdlã dlô gramaticzi Cenôwë.
Bëła nôleżniczką Pòlsczi Akademji Umiejętności, Związku Pòlsczich Lëteratów, PEN Clubu i Amerikański Akademji Kùńsztu i Lëteratury.
Jawi sã państwòwim jãzëkã w Ùkrajinie i jednym z państwòwich jãzëków w Naddniestrzu.
Zwãk céchùje przesterowónô gitara, chùtczi takt ë sërowi głos.
Zôczątk zmianë na lëchi zrëszëniô sã w 50-tëch latach.
W nëch latach szkólny co sztërk sã zmienielë.
Òba państwa kòrejańsczé òficjalno prowadzą pòlitiką sprałãczenia Kòreji.
Administracjowô niwizna mô 1287 km ë 2 898 104 sztëk lëdzy.
Słowò Schnitzelbank mòże bëc dowòlno zmieniwóné, np.: Hobelbank (stolarczi stół), Knoblauchwurst (czosnikòwô wòrzta), Paraplü (szorëm), Wagenrad (kòło), Gartenhaus (ògardnica).
Strzëna (Phragmites L.) - to je szlach roscënów z rodzëznë Poaceae.
Piórkò je przeznaczoné òsoblëwie do grë na gitarze z metalowima strënama (akustyczny, elektriczny).
W grze biorą ùdzél dwie zdrëszënë pò 14 miónkarzów (7 na bòjiszczu i 7 rezerwòwëch).
Kaszëbsczich dolmaczënków dożda sã proza Haruki Murakamiegò ze starnë wòlnegò karna ùsôdzców sparłãczonegò z kaszëbsczim lëteracczim pòrtalã Czëtnica.
Piérszô zmiónka ò miesce pòchôdô dopiérze z 1323 r. z lëstu wiôldzédò ksãca Giedymina do papiéża Jana XXIII.
Jéż to je jedurny cëcôl.
Pòtimù ti co chwitają rëbë na jezorze mają wiãkszą redotã, a nie kłopotë z ptôchama.
Wiele z kòrejańsczich kùlturowëch dokôzów òsta zniszczonëch abò wzãtëch do Japòńsczi.
Tipòwé wôrtoscë linii to 625 (europejsczi standard) i 525 (amerikańsczi standard).
Dërgnienié (2007) dochôdają dosc wòbòdné tolmaczenia blësczé ji pòétnny wizje i formë wiérzté Bòlesława Lesmióna, na przimiôr pt.
Kònstantin Ferber (Constantin (Konstantyn) Ferber) – ùr.
Jistniejącô òd pònad tësąc lat Darga sw.
Je to 1708 rok naszi erë (pò narodzenim Christusa), 708. rok drëdżégò tësąclecô, 8. rok XVIII stolatégò, 8. rok 1-égò dzesãcolecô XVIII stolatégò.
Je to 1001 rok naszi erë (pò narodzenim Christusa), 1. rok drëdżégò tësąclecégò, 1. rok XI stolatégò, 1. rok 1-égò dzesãcolecô XI stolatégò.
Ji ùtwórcama w 1939 rokù bëlë: szkólny Józef Dambek, Klémãs Bronk, a legeńdarnym ju dzys prowôdnikã ks.
Pò ùpadniãcym Goguryeo, ji dôwny generała Dae Joyeong pòprôwadzëł grëpã Kòrejanów do òbéńdë Jilin w Mandżurëji ë ùsôdzëł Balhae (689 - 926) jakò pòsobnicã Goguryeo.
Wic czej znóné bëłë ju zbòża, piwò mògło samòstójno pòwstac w rozmajitëch kùlturach na swiece.
W Pòlsczi je dzysô 380 krezów, w tëm 66 gardów na prawach krezu.
Béł tam pół rokù, a pòtemù òstôł skôzóny na zesłanié głãbòk Rosëji.
Psónka (Prunus spinosa L.) - to je czierz z rodzëznë różowatëch (Rosaceae).
Bòrdôk - to je miech, chtëren je dopasowóny do noszeniégò na plecach.
Mariô na kùńc żëcô zaczątkowała chorowac, tracic słuch i wzrok, i ùmarła w 1934 r. w sanatoriùm Passy we Francëji na złośliwe anemije i téż pòparminiennô chòrobë, chterna dobela przez côłkie żëcie baderowania radioaktiwnosczi.
Na pôłnie òd ti góry rozcygô sã górzisti môl zwóny Gaema Gowon.
Tatrë sã baro atrakcyjne ze względu na dosc dużą ilosc szlaków znakòwanich, a tès klimat stosunkowò łagodni jak na wysoczi gòrë.
Przë szkòle w Miszewie dzejô dzecné fòlkloristiczné karno „Mùlczi”
To je grzib, chtëren mô miãsati, bezsklący kapelusz żôłti farwë (do 12cm przemiarë).
Je òrganizacëją ôrtu non-profit, zaregistrowóną wedle prawa krôju Florida, a ji jistnienié òstało òficjalno ògłoszoné przez Jimbo Wales'a 20 czerwińca 2003 rokù.
W òbéńdze szôłtëstwa pòłożonô je wies Zelonô Wés (lëdztwò: 415).
Tu żëją rozmaité rëbë, a m. jin.
Mòże tëkac sã wszëtczich aspektów jãzëka, le nôczãscy ùkazywô sã we słowiznie ë wësłowie ë je zwëskã wszãdzebëcëznë pòlsczégò jãzëka.
Na partach z paczétu Mozilla òpiarté są téż m. jin.
Gòdzynkã sédemkropkã mòżna trafic na pòlach, w sadach i na łąkach.
W czasu refòrmë rolny béł propagatorã parcelacji latëfùndiów niemiecczich.
Póznié ùstalono stòjny môl, w chtёrnëm òdbiwała sa elekcëjô – bёła to wies Wòla pòd Warszawą.
Wëdarzenim, jaczé przeszło do historii, bëła manifestacja Kaszëbów 18 i 19 VI 1957 r., towarzącô òdkrëcu òdbùdowónégò pòmnika H. Derdowsczégò we Wielu.
W 2011 rokù sparłãcził sã z projektã nowosłowiańsczi czesczégò autora Vojtěcha Merunczi w midzësłowiańsczi.
Dwùjizbowi parlament, w skłôd jaczégò wchôdô niższô jizba Dáil Éireann (Zéńdzenié Irlandie, 158 nôleżników na piãcolatną kadencjã) i wëższô jizba Seanad Éireann (Senat Irlandie, 60 nôleżników).
Wôłczô wisznia (Frangula alnus Mill.) - to je czierz z rodzëznë szatlachòwatëch (Rhamnaceae).
Yarn bombing je to forma kunsztów darżëcnych na ten sam ôrt jak graffiti, tëli, że nie je to malowóne farbą, a do twòrzënô dokôzu ùżëwô sã wôłny i héklocza.
Wstrzód mion nôdôwónëch nowò nôrodzonëm dzôtkóm, Môrcën w 2012 rokù zajmòwôł 50. môl w grëpie mión chłopsczéch, bãdąc nôdónëm 1159 z nich.
Wilczô jagòdã mòżnô spòtkac przede wszëtczim na krôncach lasow i nô lesnëch pòrãbach.
Të kòtë, co są doma żëją do 20 lat, a të, chtërne są na wòlé do 7-8 lat.
Je to 1400 rok naszi erë (pò narodzenim Christusa), 400. rok drëdżégò tësąclecô, 100. (i slédny) rok XIV stolatégò, 10. rok 10-égò dzesãcolecô XIV stolatégò.
Chódzëłë do ni dzecë biédné i te z bogatych rodzënów.
Japòńskô (日本 – Nihon abò Nippon; 日本国 – Nihon-koku abò Nippon-koku) je państwò w Westrzédni Azëji, w òstrowinie Japòńsczich Òstrowòw, z chtërnëch nôwiksze są: Honshū, Hokkaidō, Kyūshū ë Shikoku.
Wespółdzejôł téż z czile cządnikama.
Manchester United pòwstôł w 1878 rokù, le pòd jinszą pòzwą - Newton Heath LYR.
W kùńcu 19. stalatégò ne dwa òsedla słëchałë do kartësczégò krézu i miałë - Kòbëlôsz 533 mòrgów a Pòtãgòwò 600 mòrgów wiéchrzëznë.
Czedës czasã farbòwalë nią masło.
Skòwrónk je znóny z pësznégò spiéwù.
Jich kòniama bëłë mëszë.
Barnim - kaszëbszczé miono chłopsczégò ôrtu.
Piwò (arch. bërsz) to alkòholowi napitk ò nisczi zamkłoscë alkòholu (zwiksza do 6%), zwëskóny bez destilacjã òb alkòholową fermentacjã piwną soczëznie, chtërna je dostónô ze zbòżégò (nòbarzi jãczmienia).
Peter von Glasenapp napisôł w Mòdri Ksãdze Pòlanowa słowa taczi trescë: Pòlanowsczi kòscół stôł w dôwnëch czasach na górze pòd Pòlanowã przë môlu mãczarni (sądu).
Bùlewnô stonka składô môłé apfelzynowé, òwalné jaja w dosc wielny lëczbie, kòl.
Óws do Eùropë przywãdrował razã z pszénicą z Azji.
Ji głowa, nodżi i krzebt są żôłté, na karkù mô czôrné plamë.
Robert Ludlum (ùr. 25 maja 1927 w Nowim Jorkù, ùm.
Przyczynek do ludoznawstwa i krajoznawstwa Kaszub, przekład M. Darska-Łogin, red. naukowa i wstęp J. Borzyszkowski, Berlin 1911 - Gdańsk 2012, s.176 (Feldthymian).
Midzë jinszima, jegò pòddóny mielë do wëpicégò wedle sztatusu, òd 2 do 5 litròw negò napitkù òb dzéń ë piwòwarë mielë nakôzóne, żëbë nie falszowac piwa (np. nié dolewac do niegò wòdë).
Z przëczënë bliskòscë mòrza sërosc lëftu je wiedno wësokô.
Przezérnik nen òstôł ùsadzony w 1992.
Welownô cëszô – to je czas, w chtërnym pòd grozbą ùkôrë zakôzóny je równo jakô metoda pòdskôcënkù.
Turmalin - to je mineral.
Dlôte, jëż Krajnô leża na zemiach wëstôwiónëch na czãsté wòjnë nie rozwinãłë sã tuwò wikszé miastowé westrzódczi.
Òd 2019 rokù òna nie je senatorã.
Fana Kaszëbsczi je czôrna ë żôłta.
W nym czasu równio wòdë w Bôłce, co sã podniosła òd zôczątkù holocenu kòle 105 m, ùsztabilizowała sã përznã niżi jak dzysdzéń.
Je to 972 rok naszi erë (pò narodzenim Christusa), 972. rok pierszégò tësąclecégò, 72. rok X stolatégò, 2 rok 8-égò dzesãcolecô X stolatégò.
Pomerania nr 2(462) luty 2013, s. 43.
Prekmùrsczi je czasã uznôwóny za apartny dialekt slowensczégò jãzëka.
Jennifer je znônô jakno przédniczka mòdë i nôlëpi òpòcônô aktórka latinoskô w Hollywood.
Żagań (miem. Sagan, czes.
Pismiono to (chtërné wëszło tedë blós w jednym numrze) ni mògło równak nalezc zrozmieniô westrzód spòlëznë, do jaczi bëło sczerowóné.
Barni lasowé zwierzëce, ptôchë i dobrëch lëdzy.
Niższô jizba parlamentu - Zgromada Depùtowónëch (cz. Poslanecká sněmovna) ma 200 parlamentorów wëbiérónëch na sztërëlatną kadencëjã.
Swiãtô Górka (Swiãtô Góra Pòlanowskô) – je to góra ò wëżawie 155,2 m.n.p.m. na Bëtowsczim Pòjezerzu, pòłożónô w zapôdno-pòmòrsczim krizu.
Ji strzédnica ù pòdstawë wënoszi 7 m, zato niżi galerëji 6,2 m. Wësokòsc òbiektu – 25,2 m.
Jinwesticjowé wëdôwczi na óchróniã òkrążégò i gòspòdarzënk wòdny pòstãpno rosną.
Klerików – bò pijarzë przeważnie (chòc nié blós) są ksãdzzama i jakò ksãdzowie – zôkònnice mają bëc wëchòwawcama.
W rezultace wòjnë pòlëchszëł sã równak gòspòdarczi stón i tak nié dëcht bògatégò regionu.
Racibórz je stolëcą raciborsczégò krézu.
Cénôwa zôs na pôrã lat zarazył sã słowianofilstwã na rusczi zort.
Gardë direktno administrowóné przez rząd są òrganizowóné w dzelnice (Kuyŏk, ekwiwalent dlô pôłniowòkòrejańsczégò Gu).
Szanse na realizacjã tegò projektu ni są równak wiôldżi.
Nad nią je ùsadłi m.jin.
Tu w 2008 rokù mieszkało 139 lëdzy.
W rokù 1946 nowo odkrety pierwiôstk Czur z lëczbą atomòwą 96 dostôł miono Curium (Cm) dla pamiãci Marii i Pierra.
Òb czas òlimpijsczich jigrzësków w Amsterdamie w 1928 rokù, pòwstała pierszô Midzënôrodnô Federacjô Amatorsczi Rãczny Balë (IAHF).
Pòlietilen (PE) – to je chemiczny związk.
W dokùmeńtach z kùńca 16. stalatégò je Sulislaff von Kantrsin, bòdôj protoplasta familie Kãtrzińsczich.
Parłãczëją sã w pôrë.
Chònicczi kréz (
Jak dzecy je miéj direktor mòże zòrganizérowac midzëpartową gromadã.
Òd 2003 rokù działô Fùndacjiô Instytut Mëślé Józwa Tischnera,chtërna mô za cél òchronã swégò swégò dobëtkù patrôna ë kòntiwanié nôjwôżniejszëch jégò mëslé.
Krze: leszczena, jeżëna, malëna, jałówc, kalëna, smarglëna.
W latach 1942 do 1943 w nim béł lôdżer.
Je to 1794 rok naszi erë (pò narodzenim Christusa), 794. rok drëdżégò tësąclecô, 94. rok XVIII stolatégò, 4. rok 10-égò dzesãcolecô XVIII stolatégò.
We wczasnëch strzédnëch stalatach béł tuwò òbrónny gardzëk.
Kòrejańsczi jãzëk òstôł zakôzany w òficjalnëch dokùmentach a Kòrejanie zmùszani do adoptowania swòjich mionów na japòńsczi ôrt.
Ùczãstnik Mésterstwów Eùropë 2012 i 2016.
Czôrnogóra leżi w conie strzódzemnomòrsczégò klimatu.
Jigrzan jesz dzys żëje i dzejô w sobòtkach.
Je to 1444 rok naszi erë (pò narodzenim Christusa), 444. rok drëdżégò tësąclecô, 44. rok XV stolatégò, 4. rok 5-égò dzesãcolecô XV stolatégò.
Je to 1386 rok naszi erë (pò narodzenim Christusa), 386. rok drëdżégò tësąclecô, 86. rok XIV stolatégò, 6. rok 9-égò dzesãcolecô XIV stolatégò.
Dzãka jegò staróm òstało przërëchtowóné pòle dlô pòwstaniô pierszi w dzejach Kaszëb regionalny òrganizacji –
Zwëczajny bòcónnik (Erodium cicutarium) – to je jednorocznô abò dwalatnô roscëna z rodzëznë bòcónkòwatëch.
Chałëpnik bùdëje z wietewków gniôzda na drzewie, krótkò jezór.
Nordowô scana mô 54 m. To nie pòmògło, mùrë są mòcno mòkrawi i domikłi solą.
Jich wiéchrzëzna je 60 km².
Wëmëszlëła, żebë òbhéklowac klëczczi w swòjim krómie.
Jakno swòje zawòłanié òn przëjimnął słowa “Zawierzcie Ewangelii” (“Wierzëta Ewanielie”).
Do kùńca roku je 53 dniów.
Do Pòlsczi przëlatëje z rzôdka.
Ekònomijô je spòlëznową ùczbą jakô badérëje ë òpisëje produkcëjã, distribùcëjã, kònsumpcëjã ë wëmiónã dobrów.
Wiele z nich mòże nalezc w Dërchôj królewiónko, Antologia dzysdniowi prozë kaszëbsczi, Gdynia 1996 ISBN 8390570564.
Żëwi pòlipë mają czãsto bòkadną farwòtã.
Miôł téż kòntakt z wëchównym domã dlô pòlsczich knôpów w Kijowie.
Za jégò panowaniégò bёla zwada ze Szwecją tzw.
Juwernô stojizna jakno w pòmòrsczim jãzëkù ma môl np. w òkcytańsczim ë dolnomiemieczim jãzëkù.
Cantharellus cibarius var. inodorus Velen.
Van Halen je hard rock karno z Pasadena, California.
Klatatô sowa (Aegolius funereus) - to je ôrt ptôcha z rodzëznë Strigidae.
Kluczowé òbrëmia wërobnégò przemësłu to òkrãtownictwò, mechanicznô jinżinierijô, cëkrownictwò ë drzewny przemësł.
Òn je zrzeszony z mòkrima sedlëszczama.
Karból - (C6H5OH) to je chemiczny związk.
Gãsy pãpk (Suillus luteus (L.) S.F.Gray) - to je grzib z rodzëznë krowiélcowatëch (Suillaceae).
Wejrowò mô apartné ùrzãdë dlô gardu ë wsowi gminë.
Titlë jakno Give You Nothing, Best For You czë Suffer òczarziłë nié le blós lùbòtników Bad Religion Nôslédné plate No Control (
Znajôrztwò lëdów to je dzél antropòlogii.
Są stolemné òlérë z nalézeniém placów na wësëpiska smieców, bò na nich mòże żëc np.
Kòle roku 39 Szaweł przëbiwô do swégo rodnégo miasta Tarsu (Ga 1,21; Dz 9,30).
Metafòra (òbraznô wëpòwiesc) - to je sztatura sztëlisticznȏ w jaczi dżinie pierwòszny znaczënk słowów, a zwëskóny je nowi.
Ósoblëwie pòréncznô i wieczornô mòdlëtwa są baro rozpòwszechnioné i òdbiwają są w wielu kòscołach co dzéń.
Ji spòdlém jë znónô ze sztabilnotë distribùcëjô Debian, a spònsorowónô je òna bez frimã Canonical Ltd.
Pielgrzimùją téż, żebë wësłôwiac wdzãczlëwòta np. za ùrodzenié dzecka, dostanié nazôt zdrowia abò ùrëtanié z wëpôdku.
Je to 1853 rok naszi erë (pò narodzenim Christusa), 853. rok drëdżégò tësąclecô, 53. rok XIX stolatégò, 3. rok 6-égò dzesãcolecô XIX stolatégò.
Nie bëlë temù do kùca wierny.
Gruchôłk (Columba palumbus) — to je strzédny ptôch z rodzëznë gòłąbkòwatëch.
Prezesã Zrzeszeniô òstôł Aleksander Arendt.
Biédni lëdze zbiérelë òszoc, kłedlë ją na jeden wiôdżi kam, a drëdżim tłëklë, żebë mielë co jesc.
Chłopsczi nóż – to je zort rãcznégò nôrzãda ze skłôdónym òstrim.
Katownia w Gdańsku) – je zbùdowónô w II pòłowie XIV stalata.
Z niegò mòże wëchôdac lodowcowi jãzór.
Chwitają je nogama.
Ju nigdë nie wrócëła do dôwny pësznotë.
Do chwôtaniégò tëch wieszczórków brëkòwnô je specjalnô zgòda z Regionalny Direkcji Òchronë Nôtërë.
Razę z Piotrę ë Jakubę Młodszim béł Jan podpiarą jeruzalemscziégò Koscoła.
Pisôk — przërëchtënk do pisaniô na papiorze, w chtërnym pisarsczim materiałem je lejny tint, co scékô pòd cëskã mòcë grawitacji przez kapilarã do metalowégò piórka.
W Rzimsczim Jimperium piwò bëło wszãdze tam, dze bëłë jiwrë w dostanim wina.
Dali òstôł repòrtérã w môłéj môlowéj gazece w Norfolk, w chtërnéj robił przez 3,5 rokù, jaż do 1961, czedë òstôł zajimniãti w prasowéj agencjë Reutera.
Lubił czëtac Swiãté Pismiona.
Słupia) to je rzéka dłużawë 138 km.
Jich smierc je datowanô na czas rządzeniô Aleksãdra Sewera.
Je to 1883 rok naszi erë (pò narodzenim Christusa), 883. rok drëdżégò tësąclecô, 83. rok XIX stolatégò, 3. rok 9-égò dzesãcolecô XIX stolatégò.
Pamiãtôj, żëbës swiãcył dzéń swiãti.
Algerio je nôwikszim wedle wiéchrzëznë panstwã Afriki.
Pùstczi mògą òznôczac téż òkòlé dalek w kraju.
Widok ze szlaku przez Świstówkę, Dolina Pięcu Stawów Pòlsczich z òkolic Swistowej Czuby.
Bënë na gruńce dobòrowaniô mògą bëc jezórka, badżelnice, szónądżi, pòjedinczné brzadowé drzéwiãta, samòséwczi.
Czeskô Repùblika je pòdzélonô na 13 regionów (cz. kraj) ë na wëdzélony gard Praga.
Do ùrzãdu gminë w Lëzënie mòże pisac pò kaszëbskù.
Wãglownik - zajimôł sã robieniém drzewianëch wãglów z drewna.
Głową państwa je prezydent (òd 2015 Bidhya Devi Bhandari), przédnikã rządu je premier (òd 2018 Khadga Prasad Oli).
Cénowie mielë dzewiãc sztëk dzecy, a mòże ë òkróm tegò téż adoptowóną krewniôczkã Wòjcecha.
Błotnô chòszczka abò rozkòscérz (Equisetum palustre L.) – to je ôrt roscënë z rodzëznë chòszczkòwatëch (Equisetaceae).
Òno mô czerwòné òbùcé.
Zwëczajny klãskôcz (Coccothraustes coccothraustes) - to je môłi ptôch z rodzëznë łëzgôczów.
Z madżarsczégò - Marta, italsczégò – Marta, pò ruskù gôdają – Marfa, pò kaszëbskù – Marta, abó Martka.
Matematika je ùczbą jakô wëewoluòwa z mierzeniô, rechòwaniô ë analizë geòmetricznëch figùrów.
Ni ma jednégò alfabétu trzëmónégò za standardowi dlô szląsczi gôdczi.
Nawetka przeprowôdzelë zwierzãta gòspòdôrza do jegò sąsada.
Do kùńca roku je 19 dniów.
Je zamkłô dlô turistów.
בְּרֵאשִׁית‎, Bərēšīṯ) - to je dzél Piãcoksãgù napisóny pierwòszno pò hebrejskù.
Biwają lata, że jich je baro wiele.
Je to 919 rok naszi erë (pò narodzenim Christusa), 919. rok pierszégò tësąclecégò, 19. rok X stolatégò, 9. rok 2-égò dzesãcolecô X stolatégò.
Je to 1829 rok naszi erë (pò narodzenim Christusa), 829. rok drëdżégò tësąclecô, 29. rok XIX stolatégò, 9. rok 3-égò dzesãcolecô XIX stolatégò.
Òn nie dożdôł sã wëdaniô wszëtczich dzélów ny pòwiescë.
Òstatni òsobnik na wòlnoscë widzióny w 1932 roku; òstatni znóny òsobnik (samica) pôdł w 1936 w ZOO w Hobart.
Przyczynek do ludoznawstwa i krajoznawstwa Kaszub, przekład M. Darska-Łogin, red. naukowa i wstęp J. Borzyszkowski, Berlin 1911 - Gdańsk 2012, ss.
Ji załórzcą béł William Cameron Townsend (
Lesny proliszk (Viola reichenbachiana) - to je roscëna z rodzëznë proliszkòwatëch (Violaceae Batsch).
Tam gdze mieszkają łużëcczi katolëcë (midzë Bùdzyszënã a Kamińcã) je górnosorbsczi jãzëk ùziwóny przez wszëtczé pòkòlenia w codniowi mòwie (kòl 8000 lëdzy).
Sejong Wiôldżi (
Antonim je czasã kluczᾶ wiców i szpòrtów, np.
Bëł to dobri spòsób na spãdzanié wòlnégò czasu.
Bëlno widoczné so wiôldżé błoné bãbenkòwé ò strzédnicë pòrównywalné ze strzédnicą òczu.
Ji brzadem są pestkówce.
Je to 1395 rok naszi erë (pò narodzenim Christusa), 395. rok drëdżégò tësąclecô, 95. rok XIV stolatégò, 5. rok 10-égò dzesãcolecô XIV stolatégò.
Je to 1735 rok naszi erë (pò narodzenim Christusa), 735. rok drëdżégò tësąclecô, 35. rok XVIII stolatégò, 5. rok 4-égò dzesãcolecô XVIII stolatégò.
Słowò to dobierô sã do dokôzów o fałszëwim pòchòdzenim, czë nie òd aùtora, za chtërnégò jaczis dokôz ùchòdzy, dokôz "wëdostôny z schòwkù", téż bòdôj prôwdzëwi.
Òn żëje w Azje i może bëc do 5 m dłudżi.
Òni pòpiarlë Branderbùrczików, ale sami zagarnął te zemie.
Jak òn béł na rusczi (smòléńsczi) wòjnie (1632-34), to za ùretóné - nad rzéką Biôłą - żëcé, òn òbiecôł Bògù wëstwic kòscół.
Wòlnô elekcёjô – wëbór mònarchë przez nietrzimanié zasadów spôdkòwiznë dynasty.
Je to 1774 rok naszi erë (pò narodzenim Christusa), 774. rok drëdżégò tësąclecô, 74. rok XVIII stolatégò, 4. rok 8-égò dzesãcolecô XVIII stolatégò.
Je to 1781 rok naszi erë (pò narodzenim Christusa), 781. rok drëdżégò tësąclecô, 81. rok XVIII stolatégò, 1. rok 9-égò dzesãcolecô XVIII stolatégò.
Je to 902 rok naszi erë (pò narodzenim Christusa), 902. rok pierszégò tësąclecégò, 2. rok X stolatégò, 2. rok 1-égò dzesãcolecô X stolatégò.
Bòrówka (Vaccinium vitis-idaea L.) - to je ôrt wielelatny roscënë z rodzëznë wrzosowatëch (Ericaceae).
Napisôł wiele ksãżków i artiklôw do czãdników t.j. Tigòdnik Pòwszechny, Céch, itp.
Zatacony w òsłóniãtëch nòrcekach, gdze je wiele lëstów.
Mòżna ją nalézc 1,5 km na pôłniowi zapôd òd Pòlanowa, niedalek sedzbë nadlesyństwa.
Òkróm òficjalnëch jãzëków w państwach słëchającëch do EÙ brëkòwónô je zacht wielëna miészëznowëch ë regionalnëch jãzëków.
Na jegò pògrzébie w Kartuzach bëlë: senatorowie, wojewòda, przédnik kartësczégò krézu, a téż wiele przëdónów staniców partów Zrzeszeniô i jinëch lëdzi.
Òba te krôje mają dbã, żebë znowa sparłãczëc Kòrejã w jedno państwò.
Je to 1392 rok naszi erë (pò narodzenim Christusa), 392. rok drëdżégò tësąclecô, 92. rok XIV stolatégò, 2. rok 10-égò dzesãcolecô XIV stolatégò.
Wëznaczenié greńców Kaszëbsczi je dosc problematiczną rzeczą, bò w ùszłoce Kaszëbskô nie bëła nigdë òbéńdą òkresloną administracëjno (w procëmnoce np. do Zôpadny- czë Pòrénkòwi Pòmòrsczi).
Zarzëcając jima zaklëczczenié sã w jednim nurce.
Słowò robot to béł czesczi neòlogizm.
Fùndacëjô Wikimedia je òrganizacëją stwòrzoną dlô dozéraniô projektów òpiartëch na deji WikiWiki.
Pisôł téż pò pòlskù.
Wiôldżi dzëdzón (Dendrocopos maior) - to je strzédny ptôch z rodzëznë dzëdzónowatëch.
Janiołë czãsto wëstãpùją w Stôrim Testameńce (np. Knéga Pòczątków 3,24; knédzi prorocczi).
Mërénczi żëją w jezorach na Kaszëbach.
Kwiat – òrgan naseniowëch roscenòw, w chtërnym wësztôłcają sã specjalny elementë do rozmłodzaniô.
Założcama karna bëlë Marek Rodzeń, Marek Kulesza, Karol Zakrzewski i Robert Krenski.
Pò gwiôzdce (25 XII) zwią sã òni gwiżdżama, bò prowadzy jich gwiżdż.
Kaszëbiznã ùznôwelë za apartny słowiańsczi jãzëk.
Pierszé wiadło ò Kãtrzënie je z 1360 rokù.
Kùltura – to wieloznaczeniowi pòchwôt, jaczi je różno interpretowóny w rozmajitëch ùczbach.
Na wschòdze leżi jezoro Lubògòszcz, jaczé je krôjòbraznym i floristicznym rezerwatã.
Lasowi pòwroznik (Potentilla erecta) - to je ôrt roscënë z rodzëznë różowatëch (Rosaceae Juss.).
We Wejrowie je Ksążnica profesora Gerata Labùdë.
Czedës ti miészëznë bëło tam wiele we wsach np. w Òstrowitim, ale to sã zmiéniało po II swiatowi wòjnie.
Òn napisôł w dokazu Dworzanin polski (1566), że pòsłużëc w pòlsczim jãzëkù mòże sã m.jin. Kassubskim słowem.
W latach 1503-1522 òstałé wëbùdowòné òbronné mùrë.
Jistnieją téż tzw.
To są Kuszaby z XIX stalata, ale ò tim môlu bëło pisóné ju 1484 rokù.
Òn je òdznaczony Bronksowim Krziżã Zasłëdżi.
Nie rozmieje nawetka ùgrëzc.
Jank, Kòsznik, Miszk, Mùża, Naczk i jiné, a niejedné z nich pòchòdzą òd szlachtë, jak np.
Mòże gò zrobic tak: młodze (10 dag) so rozrobic w cepłim mlékù.
W młodich latach ùcził sã m. jin.
Minysterstwo Gbùrzeniô i Rozwiju Wsë (
Lëdze ùdostôwele wiele łasków.
Jeże baro nie lubią czej zëmą buten je zybówka cepłotë i zemnotë.
Wëdôwôł słowôrze pòlsczégò jãzëka (m.jin. Dokładny słownik polsko-niemiecki, niem.
Jegò żëcé przëpôdało na cząd przesladowań chrzescëjan.
Język, zwyczaje, przesądy, podania, zagadki i pieśni ludowe w północnej części Prus Zachodnich, Poznań 1892, s. 60.
Dlôte drãgò akùrôtno definiowac, chtërną z historëcznych sztatur mòże ùznac za Kaszëba, a chtërną za Miemca abò Pòlôcha kaszëbsczégò pòchòdzënkù.
Drugi ji chłop od roku 1933 to bëł baron aùstriejskô-madziarsczi z żëdowsko rodzëzna wioldżich browarników, Raoul Kuffner, i dzãkã temù Tamara beła znóna jakò "Baronessa z pdzlem".
Pòjawienié sã nowégò wirusa prowadzy do masowëch zachòrzeniów na całim swiece, co dôwô ò se znac przez pandemie na czile kòntinentach.
Je to 872 rok naszi erë (pò narodzenim Christusa), 872. rok pierszégò tësąclecégò, 72. rok IX stalatégò, 2. rok 8-égò dzesãcolecô IX stalatégò.
Np. z jegò lëstów wëdzélają sã eterowé òléjczi, co mòcno pôchną i òd nich mòże sã zakrącëc w głowie.
Wiôldżi smùlsz (Limax maximus) - to je smôrzcz z rodzëznë smulszowatëch.
W kòżdi wsë rëbacczi bëło wicy (np. sétme) maszoperëjów.
Zôpadny kùńc Pòtãgòwsczich Jezorów twòrzą sparłãczoné za sobą jezora Czôrné ë Biôłé.
Kamin in Westpreußen) - garc w sãpòleńsczim krézu w Kùjawskò-Pòmòrsczim wòjewództwie mizë jezorama Mòchel ë Brzëchòwò.
Rozwij òd jaja do dozdrzelałégò warô w przëtrôfkù robòtnicë 21 dni, tróna 24 dni, królewiónczi 16 dni.
To nôbarżi górskô prowincëjô, górë są na 98 procentach wiéchrzëznë.
Na kùńc pòstanowił wëdawac swój cządnik.
Pisze krótczé pòwiôstczi i òpòwiôdania np.: „Wëjimk żëcégò” w zbiérze „Kaszëbskô nôtëra” (2001).
Wòdë kòżdégò rokù je ò métr mnié, chòc każdégò dnia wpłëwô do niegò kòl 4 mln ton słodczi wòdë.
Czedës to bëła Gmina Lëpnica.
Wiersze wybrane (1993; do grëpë z Dorotą Ùlenberg i Janã Szutenbergã).
Doktorat on skùńcził w 1984 rokù.
Wielu znónych prusczich czë miemiecczich wòjskòwich miało kaszëbsczi pòchòdzënk, ale nié czële sã do parłãczë z domôcą kùlturą abò pòddôwale sã òni całownemu zarwaniu w zôstnym pòkòleniu.
Flóriôn Stanisłôw Wenańti Cénôwa (pò swòjémù: Cenôva) òstawił nama blós jeden rãczno pisóny żëcopis ë dëcht pôrã lëstów, nawetka niewiada czë aùtenticznëch.
Òd 2001 rokǜ gra w zdrëszënë Juventus.
Pò ùstalenim w gminie lokalizacji dobòrowaniô, nót je wëznaczëc gruńtë w òbjimie gbùrstwa.
W pòlsczim Kòscele mô rangã wspóminkù òbowiązkòwégò.
W rokù 1929 Hinrich Medau założëł w Berlënie The Medau School – szkòłã, w chtërny gimnasticzczi trenowałë „mòderną gimnastikã” i rozwijałë ùmiejãtnoscë ùżëwaniô przëbòrów.
Pò tim pòznalë ją w Anielsczi.
Na pòczątkù przejinaczono z pòzwe Newton Heath na Manchester United.
Je absolwentã i wykłôdowcã Akademii Muzyczné im.
Kùńsztu wësziwkù ùczą sã colemało dzéwczãta.
"Cëż to są tatkù za bączi" - òna sã spita.
Szari słowik abò sadownik (Luscinia luscinia) - to je ôrt małégò ptôcha z rodzëznë mùsznikòwatëch (Muscicapidae).
I tam, ze sôdzë, napisôł swoje trzë Lëste: do Kolosanów, do Efezjanów, so Filemóna (téż, pg udbë niejednëch, dopiérë tedë béł napisóny Lëst do Filëpianów).
Biôłorus dzeli sã na 6 òbwodów, gard Mińsk mô osoblëwi status „gardu repùblikańsczégò pòdpòrządkòwaniégò”.
Drëdżi raz, 2012 rokù, widzec bëło białczi z Karna Wiejsczich Gòspòdëniów z Żukòwa.
Bala muszi dotknąc stół le rôz, blós nié z lëftu.
Slëmiéń, jak wszëtczé naje gadzënë, je ôrtã pòd akùrôtną òchrónią.
Za papiesczich czasów bëła tuwò wiôlgô swiãtosc i òdpùstë, dlô chtërnëch lëdze z òddalónëch môlów przëchòdzëlë dlô zbawienié dëszë.
Jich je kòl 60 ôrtów.
Je to 1727 rok naszi erë (pò narodzenim Christusa), 727. rok drëdżégò tësąclecô, 27. rok XVIII stolatégò, 7. rok 3-égò dzesãcolecô XVIII stolatégò.
Òn je np. do lékarzeniô skórë.
Lepiónk (Plantago maritima L.) - to je roscëna z rodzëznë przëdróżnikòwatëch.
Róża Ostrowska, Izabella Trojanowska: Bedeker kaszubski, Wydawnictwo Morskie, Gdańsk 1974, s. 438.
Żëcowi rekòrd Sztefana Hùlë to 236 m – tak dalek lejcôł na Letalnicë w Planicë 25 strëmiannika 2018.
Je to 916 rok naszi erë (pò narodzenim Christusa), 916. rok pierszégò tësąclecégò, 16. rok X stolatégò, 6. rok 2-égò dzesãcolecô X stolatégò.
Dakòwô łasëca (Vespula germanica) - to je ôrt żôłto-czôrnëch òwadów z rodzëznë łasëcowatëch.
Je to 906 rok naszi erë (pò narodzenim Christusa), 906. rok pierszégò tësąclecégò, 6. rok X stolatégò, 6. rok 1-égò dzesãcolecô X stolatégò.
Łukaszu znajdëje sã w Lësce sw.
Bëlëca abò pszczeli ùkropnik (Artemisia vulgaris L.) – wielelatny roscëna z rodzëznë astrowatëch.
Zbiér mòdlëtwów to tzw.
Pierszô propòzycjô, bë ùznac dokôz „Zemia Rodnô” za kaszëbsczi himn, pòjawiła sã w 1992, w pismionie Tatczëzna.
Materiałë, chtërne sã jegò tikają są w Nôrodnym Instituce Spôdkòwiznë we Warszawie.
Wies je kòl wôżny dardżi.
Na ùbrzegù rozcygô sã plaskatô wëżawa Kras; w nordowò-zôpadnym dzélu rozcygô sã górsczi region (Julijsczi Alpë), chtëren przëlégô do teritorium Włoch i Aùstrie (na nordze); na pòrénkù przeplôtają sã wëszawë i dolëznë z mnodżima rzékama.
Gniôzda te nôczãscy robią na drzewie, krótkò bùdinków, na dakach, na nieùżiwónych kòminach fabrików, słupach telegraficznych.
Z jich pòmòcą mógł nosëc np. dwa wãbórczi wòdë.
Tekst òpùblikòwałë lipsczé „Jahrbücher für slawische Literatur, Kunst und Wissenschaft” za rok 1843, z chtërnyma wespółrobòtã jesz pòzdze cygnął.
Tak òn żëwi sã nié le miãsã.
W 2020 rokù bëło 69 kandidatów na sztudierów.
Ùrodzył sã w familie szkólnëch.
Mrocza (we zdrojach: Mroscha 1288, civitate Mrocza 1393, Mrzotsza 1470, Mrocza 1578; pòl.
Do kùńca roku je 145 dniów.
Òd 2017 nôleżi do NATO.
Jignacy Biuletin Radzëznë Kaszëbszégò Jãzëka 2008, K-PZ Gduńsk 2008, s. 46 Szutenberg (ùr.
Henry Hùdson w 1609 rokù òdkrił główną rzékã stanu, pózni pòzwóną jegò mionã.
Głosë są pòtemù liczoné i są spòdlém rozsądzënkù.
Nerwné rëszenié - to je bòlącé krzélowégò mlécza z môłim cësnienim krëwi i pòmałé mòże bëc bicé serca.
Niewôżné dlô ni stałë sã zemsczé honorë.
Pò nim òbrzézczi te sprôwielë Paweł Jakùbek i Jan Grenda.
Szpòrt je zbiérny pòchwôt na rozmajité fòrmë celestny ë môgòwi aktiwnotë jaczé są ùprôwiôné dlô rozwiju fizyczny kòndicëji, pòprôwë zdrowiégò abò dlô dołożnoscë ë szpôsu.
Tu je mòżlëwé słonowòdowé kąpanié.
Wedle Édwarda Burnetta Tylora kùltura je złożoną całownotą, jakô òbjimô wiédzã, wierzenia, kùńszt, òbëczajnotã, prawa, zwëczi i jiné szëczi i nôłożënczi zwëskóné przez lëdzy jakno nôleżników spòlëznë.
Zwëczajnô krëszka (Pyrus communis L.) - to je drzéwiã z rodzëznë różowatëch.
W XVI wiekù bëłë wëkòrzistiwôné do płoszéniô ptochów wòednych.
Zégarméster, ùrmôczer (Horologiorum magister) – rzemiãsnik, chtëren zajimô sã nôbarżi ùprôwianim zédżierów i zégarków.
Je to 1459 rok naszi erë (pò narodzenim Christusa), 459. rok drëdżégò tësąclecô, 59. rok XV stolatégò, 9. rok 6-égò dzesãcolecô XV stolatégò.
Kanie abò kùlindżi (Milvinae) - pòdrodzëzna ptôchów z rodzëznë jastrzibowatëch.
Wiele ò ròbòtach ti Radzëznë mòże przeczëtac w "Biuletinie Radzëznë Kaszëbszégò Jãzëka".
Òb czas Latnëch Òlimpijsczich Jigrzësków w Berlënie w 1936 rokù, na żëczba Adolfa Hitlera, przeprowadzono pierszi i jediny rôz miónczi rãczny balë na òdemkłim stadionie.
W Pùckù mô swòją przédną sedzbã Mùzeùm Pùcczi Zemi miona Florëjóna Cenôwë; ze stôrodôwnotów wôrt ôbaczëniô je fara — rzëmskòkatoleckô cerczew pòd wezwanim Piotra ë Pawła, do jaczi na òdpùst płënie kùtrama wiele pielgrzimów.
Je ùsôdzcą czile zbiérków kôrbionków.
Nawetka w jãzëkach z wiôlgą lëczbą przëpôdków (
Òbrazë ùzwëskóné fòtograficznyma strzodkama mianëjemë téż fòtografijama, abò òdjimkama.
Béł zécrã i zarôbiôł w drëkarni, zesôdzôł cządnik "
Jich je gdze 4 - 5 ôrtów.
W Kôrlëkòwie pò zakùńczenim I swiatowi wòjnë òn krótczi czas béł szôłtësã.
Sledzón (Scomber L.) - to je szlach rëbów z rodzëznë sledzónowatëch (Scombridae).
Zebrónô szczawa (Rumex conglomeratus) - to je ôrt roscënë z rodzëznë dërdestowatëch.
Òna mòże miec czieszinkã i dwie abò trzë kòszlówczi.
Szprotka (Sprattus sprattus) – to je môłô rëba z rodzëznë sledzowatëch (Clupeidae).
Na nordze Serbii wastëje kòntinentalny klimat (z chłodną zëmą i gòrącym, mòkrim latã).
Pisôrka pòchòwónô je na Stôrëch Pòwązkach we Warszawie.
Swiatowô pòpùlacjô mòże sygac do 20000-30000 sztëk.
Las je tej nôwôżniészim dzélã biologiczny równowadżi Zemi, co téż rozsądzywô ò zdrowim i żëcym kòżdégò człowieka, dze je wiele roscënów, grzëbów, a zwierzãt i mikroòrganizmów, a téż nôbògatszô bòrda biologiczny rozmajitoscë.
Feliks Marszałkowski: Elementë religijne w pismach Jana Karnowsczigo.
Eùropejsczi skòwrónczi òb zëmāEùropejsczi skòwrónk (Larix decidua Mill.) – to je jiglënowé drzéwiā z rodzëznë sosnowatëch (Pinaceae).
Ten lager pòchłonãł tësące òfiarów, w tim wiele kaszëbsczi jinteligencëji.
Je to 1792 rok naszi erë (pò narodzenim Christusa), 792. rok drëdżégò tësąclecô, 92. rok XVIII stolatégò, 2. rok 10-égò dzesãcolecô XVIII stolatégò.
Dillo chôdô przede wszëtczim na Unixu ë òdprowôdnëch platfòrmach ë òstôł zjiscony pòd licencëją GPL, dô równak téż ju jaczis czas wersëjã dlô Windowsa.
Pòd Twòjã òbronã (Sub Tuum Praesidium) – to je chrzescëjańskô mòdlëtwa z III stalata.
Jesz wierę w tim samim roku Paweł je usmiercony przez zetnienié w Rzimie.
Nôlëżnicë wëstãpiwôją czãsto brëkùjąc pseudonimów, tak je widzëc na platach bracënów Wright jakno Mr.
Stolëcą je Dodoma, a nôwikszim garda Dar es Salaam, dôwnô stolëca i pòrt.
Wielu Kaszëbów chcało pòdac pòlską nôrodnosc ë przënôleżnotã do kaszëbsczégò etnicznegò karna, trzëmając sã za równo Pòlôchów ë Kaszëbów.
Czej wëczerpie sã jądrowé paliwò, gwiôzda wiedno wëpromieniwùje energiã i stopniowò sã kùrczi.
Czãsto mòżemë òbôczëc chałepnika sedząc na drzéwie abò sztrądze ze szérok rozłożonyma skrzidłama.
Roscëna paradno – niechtёrne zorte zaprôwio sã jakò òkrzewe paradne.
Szląsczi jãzek, jakno apartny słowiańsczi jãzëk béł klasyfikòwóny bez niechtërnëch slawistów.
Pierszô wòlnô elekcёjô bëła w rokù 1573 we wsë Kamień pòd Warszawą.
Téż w 1984 r. bëła za tołmaczã na Midzënorodnym Kòngresu Lëdowich Ùniwersytetów we Warszawie.
Jegò òjc Josiah Franklin (ùrodzony w Ecton w grôfiznie Notrhamptonshire, do Americzi wëjachôł w 1683) nie béł bògatim, ón robił swiéczci a mëdło.
Jakò òpôł wãdżel baro łacno sã pôli, le ma nôwikszã temperatura topnieniô ze wszëtczich pierwiôstków.
Deszczownik - to je mańtel na deszcz.
Jakùb Błaszczikòwsczi brôł ùdzél w testach w rozmajitëch klubach wëższich ligów, midzë jinszima w GKS-e Bełchatów, Tirolu, Innsbruck i Lechù Pòznań.
Té òbrëmia nazéwają sã jednostczi sprôwnégò pòdzeleniégò państwa.
Niechterné miónkôrze baro czãsto przëklejają gumë, w ten spòsób pòprôwiają jich włascëwòscë (òd rokù 2008 ITTF wprowadzëł zakôz granégò na swiéżim lepiszczu).
Pò 1307 rokù òni ùtwòrzelë spôdkòwiznowi dominium we Westrzédny Pòmòrsce.
Fragaria × magna) to je roscëna - miészańc - dwóch ôrtów pòtrôwniców z rodzëznë różowatëch (Rosaceae Juss.).
Z nëch 24 dërżeniowich jamo, 14 to spółzwãczi (ja-eum 자음, 子音 "dzecne zwãczi") a 10 to samòzwãczi (mo-eum 모음, 母音 "mëmczine zwãczi").
Òczë naczynają widzec pò kòl dwùch tidzeniach.
Tu w 2018 rokù ù wiele rëbów bëło widzec znanczi chòrobów, do chtërnëch mòże doprowadzec biwanié w zgnojonym òkrãżém.
Zaczął robòtã w Zakładze Socjologie GÙ.
Błotny żółw (Emys orbicularis L.) – to je ôrt gadzënë z rodzëznë błotnëch żółwiów.
Je to 1458 rok naszi erë (pò narodzenim Christusa), 458. rok drëdżégò tësąclecô, 58. rok XV stolatégò, 8. rok 6-égò dzesãcolecô XV stolatégò.
Pierszi prototip akòrdióna zbùdowôł w 1822 rokù Friderik Buschmann.
Brunô hiena (Hyaena brunnea) – to je ôrt miãsojôdnégò suska z rodzëznë hienowatëch (Hyaenidae).
Smiecë nie zbiéróné mògą lôtac pò òkòlim, a nôbarżi fòlie, papiorë a jiné papiórczi.
Cytisus scoparius) – roscëna, czerz z rodzëznë bòbòwatëch.
W młodich latach rósł na pòbòżnégò człowieka.
Miastkò nôleżało tedë do pòmòrsczi familëje Maszewsczich (von Massow).
Do kùńca roku je 73 dniów.
Jachtuje na brzégach lasa ë na kùczewach, bò tam mòże chùtkò na zwierza trzasnąc.
Niechtërny doszlë nawetka do równiszcza tipòwégò dlô panownégò òkrãżô, dochôdającë do pòczestnotë senatorów Pòlsczi i wòjewòdów w Królewsczich Prësach.
Amerikańskô norka (Neovison vison) - to je rabùszny susk z rodzëznë łasëczkòwatëch.
Pòd inicjałã mònogram MP – OY oznaczający Matkã Bòga.
Zmiłkòwe etimòlogije, òsoblëwie widzałe w nôrôdowosocjalistnej propagandze, wëcëgałe ne miono òd łac.
Obczas ny prawie rézë, bodôj kòle roku 50-51 w Korince bëlë napisóné obadwa Lëstë do Tesalomiczanów.
Jotacëjowi spółzãczi są zwóne mitczima spółzwãkama przez lëdzy, chtërni ùżëwają wiele z tëch jãzëków, a sóm proces zwóny je téż zmitczanim.
Je prosto rozmiona, bez rëchleszi naùczi, przez nômni dzesãtczi milionów lëdzy, gôdôjącëch romańsczima jãzëkama.
Lubòtnikama kawë był Jón III SobiescziJan III Sobieski i Bohdan Chmielnicczi.
Nôpierwi 14 dkg młodzów rozmieszac w szklance cepłégò mléka i 2 sklónkach mączi.
Widzënk z Zosynkù w starnã jez.
Ùdało sã jima ùdostac – na zôczątkù niewiôldżé – karno zdrëszonëch z nima lëdzy, rëchtëjącë pòle dlô pòwstaniô pierszi w dzejach Kaszëb regionalny òrganizacji –
Sztefón Hùla (pòl. Stefan Jarosław Hula, ùr.
Óbkrój zasadłi, z wiôlgò òkrągłô głowô, z szeroczimë zaòkrôglonyma skrzidłama i krótczim ògónem.
Stołã grë nazéwómë element òrganów, w chtërnym są ùmieszczoné przërządë (przestôwniczi, klawiaturë – rãcznô i nożnô) jaczi pòzwôlają grac na jinstrumence.
Do kùńca roku je 94 dniów.
Specjalną jôdã dlô ptôchów mògą jim dawac lesny.
Na kaszëbsczich zemiach, jaczé òstałë w grańcach Miemców, widzec bëło copanié sã kaszëbskòscë.
Diôbli ògón abò jurk abò brëm (Sarothamnus scoparius syn.
W westrzédny Serbie wnet wszëtczé gminë brëkùją òficjalnô leno serbsczi jãzëk.
Òstropòsc (Datura L.) - to je szlach roscënów z rodzëznë lilkòwatëch (Solanaceae L.).
Stranger Than Fiction je do dzysô albùma jaczé cëszi sã nôwikszim kòmercijnym ùznaniém.
Są krótczé w pniu, mają smùkłé cało, wiôldżé òczë, dłëdżi òdwlék i dwie pôrë skrzidłów.
Miemcë przez stalata bëlë zgrôwny do rozrëmieniô.
Òn pisôł òd 1934 rokù w "Zrzeszi Kaszëbsczi" ò kaszëbsczim pisënkù.
Pòsobnym dzélã rézë béł Pariż – przédny òstrzódk emigracëjnégò żëcégò Pòlôchów, dlô chtërnëch Mickewicz stôwô sã wiôldżim mòralnym aùtoritetã.
Na wespółrobòta natchnãła gò do czile dolmaczënków ë robòtë przë kaszëbskò-miemiecczim słowôrzu.
Pòłabsczi Słowiónie (Pòlabsczi Słowióni) - to òglowé miono zôpôdnosłowióńsczich plemión (Òbòdritów np.
Jesz dzysô mòże na nie dostac lék w aptékach, żebë gò użëc na włosë.
Są rózné ôrtë roztoków.
W lëpińcu chãtno jé òwies czë bùlwë.
Dłużawą je Notec sedmą rzéką Pòlsczi.
Òn mô pòkôzôwac jãzëkòwą bòkadnosc w Eùropie.
W nim je jeden ôrt eùropejskô sardinka.
Pò rozłożenim sëłë F na skłôdné òkôzało sã, że robòtã wëkònëje blós skłôdnô FX.
Bruny miedwiédz (Ursus arctos) – to je ôrt miãsojôdnégò suska z rodzëznë miedwiedzowatëch (Ursidae).
Nie mô równak dokôzów na to, żebë doszło do wanogów Pòmòrzanów z òkrãżégò Kòszalëna w pòrénkòwim czérënkù.
Kùńszt – to je artistny ùróbk, a jego spòsobem wëpówiedaniô są dokôzë w òbrëmieniém lëteraturë, mùzyczi, architekturë, malarztwa i jinëch, chtërne òdpòwiôdają wëmôganióm szëkòwnosce, harmónji, esteticzi.
Òbmeszonô brzózka (Betula pubescens Ehrh.) – to je drzéwiã z rodzëznë brzózkòwatëch (Betulaceae Gray).
Zeswiôdczają to pòdania, a zwëskôł je lëterackò np.
Forsyth òkresliwô sã, òsoblëwié w sprawié politicznéch pòzdrzadków, jaknô kònserwatista, je jawernym prôcemnikã Eùropejsczéj Ùni.
Miôł òn jeden manuał, miech, grif i piãc klawiszy.
Z jich żągłem człowiek może miec kłopòt.
Swiãtopôłk - kaszëbszczé miono chłopsczégò ôrtu.
Je w nim téż wątk nieszczestlëwi miłotë.
Równak Hitler zmenéł rézã w slédni chwili i Grifowcë napôdlë jiną banę.
Je to 856 rok naszi erë (pò narodzenim Christusa), 856. rok pierszégò tësąclecégò, 56. rok IX stalatégò, 6. rok 6-égò dzesãcolecô IX stalatégò.
Òkrãgłolëstny rosnik (Drosera rotundifolia L.) - to je roscëna z rodzëznë rosnikòwatëch.
Czasã kònie np.
Czej Mariô bëła mała, ji ùmiłotonô sostra Zofiô ùmarła na tifus, pò czem ùmarła téż ji mëma na suchoty.
Krësztof Kamil Baczińsczi baro chcôł òstac grafikã abò jilustratorã, równak wëbùch II swiatowi wòjnë nie pòzwòlëł jemù tegò dokònac.
Bëła to slednô pùblikacjô Cénôwë ë brzôd wielelatnëch robòtów, ceniony bez pôrã dzesãclatów.
Òna je zôbôwką dlô dzecy.
A téż ne diakriticzi: Ch Cz Dz Dź Dż Rz Sz.
Kòzë i bażantë mògą jesc wilczã jagòdã, ta roscëna nie je dlô nich pòtrusã.
Aùto- mechaniczny pòjôzd do wòżeniô lëdzy i rzeczi.
Jakùba – òdprôwiónô w dzéń sw.
Wiôldżi drop (Otis tarda) – to je ôrt wiôldżégò ptôcha z rodzëznë Otididae.
Béł òznaką sëłë, mòcë, sławnoscë i prawòtë.
Wies i òbéńda bëłë pòd zarabczenim prësczim, témù edukacjô w szkòlë bëła prowadzonô w niemiecczim jãzëkù.
Ji òjc to bëł adwokat, rusczi Żëd, Borys Gurwicz-Gorskij, ji mëma to bëła pòlskô Malwina z doma Dekler.
Murakami je téż ùsôdzcą dolaczënków z anielsczegò, taczich runitów jakno m.jin. Francis Scott Fitzgerald, Raymond Carver, John Irving, Truman Capote.
Òd 1994 rokù òn béł biskùpã sufraganã diecezji warmińsczi.
Jegò atribùtama są:zwónk ë rózgã.
Miónkôrczi mògą tedë wëmieniac sã midzë sobą przëbòrama równo w jaczim mòmence ùłożënkù.
Jak chto dô sã tegò dnia zmanic to wòłô sã: Aprél, aprél, sëchi dél!
W nowù Miesądza z Zemi ni ma widzec.
Do kùńca roku je 99 dniów.
Na chrzce nadano mù miona Joannes Chrysostomus Wolfgangus Theophilus, pierszé na czesc swiãtégò katolicczégò patrona dnia ùrodzeniô Jana Chryzostoma, Wolfgang na pamiątkã dziadka ze stronë matczi, a Teofil na pamiątkã òjca chrzestnégò.
Jegò bëłë materiałë ò Kaszëbach – lëdzach i zemi dlô Stowôrë Dzejów i Stôrożëtnoscy Pòmòrzô w Szczecënie.
Zemie Pòlanów òd XIV stolatô miałë miono Staropolska (Stôropòlskô), a pùzdni Wielkopolska (Wiôlgopòlskô).
Òjc Krzësztof (ùm. 2005) uprôwiôł judo i grôł w piłkã do nodżi w III-ligòwëm Hùtniku Warszawa.
Dëmino (we zdrojach: Dimine 1075, Timina civitas Pomeraniae 1128, Dymine, Dimin, Dyminium, Demmyn, Demmin 1320; miem.
Do kùńca roku je 26 dniów.
Mô brata Philipa i téż dwie sostry: Angelę i Anitę.
Darżnô rëna - to je wgłãbienié midzë darżëcą a deptownikã, w nim sã zbiérô wòda jak padô deszcz, a czedës biwało wiele kòmùnalnégò sztokù.
Wafelnica - to je przërëchtënk do pieczeniô waflów.
A òd 1976 do 1983 roku bëła tu òkrutnô diktatura wòjskòwich jenerôłów i òficérów, chtërni zamòrdowalë pònad 30.000 Argentińczików.
M.jin. tądkã jidze turistny Kaszëbsczi Szlach.
Òn béł wëùczony w Magdebùrgù.
Z kwiatów lëpë je nektar, a dali miód.
Przed ùdanim sã na spòczink òdmôwiô sã Apodeipnon.
Gatënk nen pòdobny je do kùkówczi zwëczjany òd chtërny je równak wikszi i mô wãższi, długszi ògón.
Pòczątkã pòwòjnowi jintegracji europejsczi bëło pòwstanié Europejsczi Wspólnotë Wãgla i Stalë.
Dôwkô smiertelnô to 10–20 òwòców ù dorosłëch i 3–4 u dzëcë.
Tedë jëgô serce zaczynô rëchli bic i wicy òdëchô.
Kòszëlka pòlo – to je zort kòszëlë z kòłnérzkã i rozcãcém kòl szëji.
Z czasã stolemi wëmarlë.
Antropòlogijô je ùczbą ò człowiekù ë lëdzczim ôrce.
W Zakrzewie wôrt òbôczëc historiczną starżacką remizã, kòle jaczi stoji zabëtkòwi starżacczi wóz z zôczątkù 20. stalatégò.
Biskùp Dominik nigdë nie zabôcził ò swòjim kaszëbsczim pòchòdzënkù.
Jinszé kaszëbsczé miona: gòran, maj.
Òn òd 1945 rokù mieszkół w Gduńskù.
Je to 965 rok naszi erë (pò narodzenim Christusa), 965. rok pierszégò tësąclecégò, 65. rok X stolatégò, 5. rok 7-égò dzesãcolecô X stolatégò.
Przédné szpërë są do grzebaniô, a tëlné do skôkaniô.
Kwiatë są zapôlonô przez ptôczi ë szãtopiérze.
Kòt je dokôzcą bôjków i mitów np.: „Kòt w bótach”
Nôstarszi dokùment nôpisany w słowiańsczé mòwie je z IX s. ë brëkùje słowò slověne.
Béł m.jin. współaùtorã pisôny bez karno sensacyjny pòwiescë „Lokaj“; ód 1905 (razã bëło ich bez 200).
Krótkònogòwi chrupôcz (Epidalea calamita) - to je łaza z rodzëznë kąterowatëch (Bufonidae).
Krąconô trichina (Trichinella spiralis) - to je ôrt nitkówca (Nematoda) z rodzëznë Trichinellidae.
Jãzëczkòwé kwiatë nôcetków są pòmòcné przë lékarzeniu wątrobë.
Tak pòzwóny „czôrnogórsczi jãzëk” je pò richtoscë jednym òd standartizowónëch wariantów serbòchòrwacczégò jãzëkòwégò systemù i je wzôjno zrozëmiałi z serbsczim, chòrwacczim i bòsniacczim jãzëkã.
Toczi òdbëwają sã pò pòwrocie na môl lęgòwi, trulôcz na pòczątkù trzëmô się w stadach, a toczi òdbëwają sã w karnach.
W 2008 rokù tu mieszkało 86 lëdzy.
Damk - je mërawim duchã tajemnotë i krëjamnotë.
Nen drëdżi, nie je wiedzec czemu, odłącziwô sę od Pawła w Pamfilëji i wrôcô do Antiochëji.
Rezultatã tegò są wielné pùblikacje – tomiczi prozë i kaszëbsczi pòezji, kómpaktowé platczi, jak téż spiéwniczi.
Rzãs (Lemna) - to je szlach roscënów z rodzëznë arónowatëch (Araceae).
Przóde ju kòżdi żdôł.
Silniki tłokòwe òkazałë sã niezbyt przydatne przë wilgach prãdkòscach oraz na znacznych wësokòscach, gdze pòwietrze je rozrzedzone.
Z pòzdrzatkù zamkłoscë.
Strzód nich nôwikszã òbéńdã zajimô Zëława.
Mòkri pióra są cãższé a të ptôch mòże pikòwac głãbok w wòda.
Lew (Panthera leo) - to je susk z rodzëznë kòtowatëch.
Stojizna na naczãła sã zmieniwac w strzédnych stalatach, czej warzeniém zajãłe sã klôsztornicë.
Ti lëdze żëlë z gbùrzeniô, ale téż miele chòwã.
W Pòlsce żaba dalmatińskô je pòd całkowitą òchroną.
Z jegò zôrna mòże robic jôdny òléj.
Czésc Matczi Bòżej w dodómòwim żëcu bëła baro rozwiniętô.
Co bë le jô na niegò nie rozpòczął ùspiewë, bò jô jem niedowinni."
Cechą òdmianową je skłonność do òsadzania dwóch abò trzëch zarnków.
Przez wiele lat (w latach 1980.
Tedë ju - chòc naprzék swòjim pierszim ùdbóm ë zgrôwóm - stolemny Flóriôn miôł gwësny plac ë nôzwëskò w swiece ùczonym ë kùlturalnym.
KÔŁP SNIEGULC Rodzaj ptôchów płënących z rodzëzne kaczkowatich.
Pòwstało òno w 1987 rokù w Seattle, Washington z jinicjatiwë Kurt Cobain (spiôw/gitara), Jason Everman (gitara), Krist Novoselic (basowô gitara) ë Chad Channing (perkùsëjô).
Tëpadłë (pòl. Tupadły, miem.
Szpańsczi slënik (Arion vulgaris) - to je smôrzcz z rodzëznë Arionidae.
Kaczô - to je wòdny rów dłużawë 14,8 km.
Wòlnostojący, nieprzëległi do òrganowi szafë stół grë nazéwóny je kòntuarã.
Terô miewcama karna są amerykańsczi milionérowie Joel i Avram Glazerowie, a trenera nôbarżi utytulowôny szkoleniowiec na świece Sir Alex Ferguson, chteren robi tu ju òd 25 lat.
Je to 1398 rok naszi erë (pò narodzenim Christusa), 398. rok drëdżégò tësąclecô, 98. rok XIV stolatégò, 8. rok 10-égò dzesãcolecô XIV stolatégò.
Gwara słowińskô nalazała tuwò wedle niegò plac w dzélu nordowich dialektów pòmòrsczégò jãzëka, kòl tich ze sztolpsczégò, lãbòrsczégò ë pùcczégò krézu.
Mésterstwa swiata białków rozgriwóné są równak òd 1957 rokù.
Òcenã z niegò liczi sã do strzédny.
", jaczi tekstë zasługiwają na miono kaszëbiznë òglowy, tj.
Biôłi nosoróg (Ceratotherium simum) – to je ôrt wiôldzégò niepôrokòpëtnégò suska z rodzëznë nosorógów.
Zwëczajny bónk (Phaseolus vulgaris L.) – to je jednorocznô roscëna z rodzëznë bòbòwatëch (Fabaceae).
Miónkôrz wëkònëjący rzut karny znajdëje sã sóm na sóm z brómkôrzã.
Szacëje sã, że w òstatnych 10 tës.
Na pôłniowim zôpadze przechôdzô region w Lubùskã ë Brambòrskã, a na zôpadze w Meczelbòrskã.
Pierszé mésterstwa swiata chłopsczich karnów 7- (tzw. duńskô wersja) i 11-òsobòwëch (tzw. miemieckô wersja) bëłë rozegróné w 1938 rokù w Miemcach.
Séwny kòlãder (Coriandrum sativum) - to je ôrt roscënë z rodzëznë zelerowatëch (Apiaceae).
Zato Guðmundsdóttir nie je ji nôzwëstkò, ale patronimik, bò Islandczicë nie brëkùją nôzwëstków.
Bëła midzë jinyma nôdgrodzônô w programie „Mòżnota na zdobiwk”, czedë zwënégòwała piąti plac.
Freddie Mercury ùmarł 24 lëstopadnika 1991 roka na AIDS, miał blós 45 lat, ë karno zawieszëło zwòją dzéjnotã.
Skarbòwi ùrząd – państwòwô jednota bùdżetowô, chtërna òbsłużiwô przédnika skarbòwégò ùrządu, a ten je òrganã administracji niezrzeszony w terenie i pòdlégô Minystrowi Dëtkòwiznë, a téż je pòdatkòwim òrganã pierszi jinstancji.
Je to 867 rok naszi erë (pò narodzenim Christusa), 867. rok pierszégò tësąclecégò, 67. rok IX stalatégò, 7. rok 7-égò dzesãcolecô IX stalatégò.
Rok pòzdze ògłosył pôrã etnografnëch szkiców.
Słownik języka pomorskiego czyli kaszubskiego.
Rzãsnica (Luzula pilosa) - to je wielelatnô roscëna z rodzëznë sycënowatëch (Juncaceae).
Ne bôtë letkò mógł wëcygnąc na sztrąd przez to, że miałë plaskati dno (bëłë to nôwikszé rëbacczé bôtë na Pòmòrzim, jaczé móglë wcëgnąc na sztrąd lëdze swòjima mùsklama).
Je to 864 rok naszi erë (pò narodzenim Christusa), 864. rok pierszégò tësąclecégò, 64. rok IX stalatégò, 4. rok 7-égò dzesãcolecô IX stalatégò.
Za to òni ùdôwelë na niegò do papiéża krzëwé òbsądë.
Pózni jisz grała w jinszëch, mniészich produkcëjach.
Òna mòże bëc kùńsztowno zrobionô z krowiégò rogù (różk).
Pò 1920 rokù Zakrzewò stało sã pòlską greńcową wsą.
Béł to òdbijóny przez kalkã zbiérk, jaczi skłôdôł sã z nótów do czile piesni Trepczika.
Pierwi pùrclë nadzewało sã czasã migdałem abò òrzechem.
Jeżlë mecz kùńczi sã remisã, arbiter zarządzywô seriã sztrôfòwëch rzutów.
Krótkò ti wsë je grodzëskò.
Lëdztwò wsë: 211 mieszkańców (
Do kùńca roku je 96 dniów.
Wies je nad jezorã Łapalëcczim ë na szlachù wòjewódzczi dardżi 25px.
Je lodowim stolëmã, mô system pierscéniów, magnetosferã i mnodżé naturalné satelitë (27 znónych miesądzów, chtërnëch pòzwë sparłãczoné sã z pòstacjama z dzełów William Shakespeare'a i Alexandra Pope’a.
Stolecznym gardã Mòrawskô je Brno.
Do modłów dołączone są téż òpisë splecënków chtërne wëstãpiwają we wiãzëdłch.
Je to 1793 rok naszi erë (pò narodzenim Christusa), 793. rok drëdżégò tësąclecô, 93. rok XVIII stolatégò, 3. rok 10-égò dzesãcolecô XVIII stolatégò.
Òd 1889 r. zaczął téż wëdawac kalãdôrze, ksążeczczi do nôbòżéństwa, lëteraturã "jôrmarkòwą".
Diôbeł ùrobił kòzã i ùrwôł ji ògón, a wëchôdô to z rzeczeniô: Kòzé pòmôgalë, jaż jé ògón ùrwalë.
Óws kiełkùje ju w temperaraturze 2-3 stopniów weżi zera.
Razã z ji rostã òpôdô wiżô temperaturë lëftu, a zwikszô sã sëma atmòsferowëch òpadów.
Dakôrz - rzemiãsnik, chteren zajimô sã robieniém abò ùprôwianiém daków.
Téż przemësłowé przerôbianié charnë zwëskiwô na wôżnoce.
Żëwòkòsc (Symphytum officinale L.) - to je wielelatnô roscëna z rodzëznë wòdrôkòwatëch.
Z òpisënkù w stôrich kronikach wiémë, że òdżin pôlono na wieżë kòscoła.
Je to 930 rok naszi erë (pò narodzenim Christusa), 930. rok pierszégò tësąclecégò, 30. rok X stolatégò, 10. rok 3-égò dzesãcolecô X stolatégò.
Długòta greńców je 1355 km.
Ju w gimnazjum béł prowadnikã gazétë „Kùzniô Młodëch”, gdze debiutowôł jakno pòéta.
Wëdôwóny béł òn w latach 1964-1975 i skłôdô sã z 15 tomów i 750 lingwisticznëch kôrt na spòdlim materiałów zapisónëch w 104 kaszëbsczich wsach.
Wiatrownica je to element ùkładu zasëlającégò w òrganach, jaczi rozdzelëwô left pòd cësnienim do òdpòwiednëch piszczówków.
Wic tegò strzédno na trzë zacmienia Słuńca trôfiają sã dwa zacmienia Ksãżëca.
Jakno dorosłé, lôtającé òwadë wiôldżi gatënczi wôżków żëją do 4 miesąców.
Mieszkô na ni wiele jistotów, chtërnëch farwòtã mòżna pòrównac blós z tropikalnyma lasama.
W 1981 r. wëda zbiérk wiérztów "Mamota".
Szijka je zakónczonô główką w sztôłce slëména.
Za czôs pierwëch bëłë jigrë we wiôldżim ùwôżanim kù tczë słuńca, ògnia i widu.
Brat Eliôsz, chtëren béł nôstãpniką swiãtégò Frãcëszka béł òczarzony jegò kôzaniama, dlôte òbsadzył gò generalnym kaznodzeją klôsztoru.
Magnificat (Magnificat anima mea Dominum) – pòdług Ewanielie wedle sw.
Mimo starań lékôrzy nie dało sã zahamòwac jej rozòju.
Je to 1751 rok naszi erë (pò narodzenim Christusa), 751. rok drëdżégò tësąclecô, 51. rok XVIII stolatégò, 1. rok 6-égò dzesãcolecô XVIII stolatégò.
Je to 1831 rok naszi erë (pò narodzenim Christusa), 831. rok drëdżégò tësąclecô, 31. rok XIX stolatégò, 1. rok 4-égò dzesãcolecô XIX stolatégò.
Stronama biwało tak, że kòżdô gòspòdëni chca, żebë ji chëcze kòminôrz òdwiedzôł nôprzód, bò jegò ruchna bëłë tedë jesz czesté - niéòsmòloné sôdzą.
Òn prowadzył kaszëbską stronã w „Nadmòrsczi Gazécé”.
Trilogijô (tzw. Trilogijô Szczura) òsta nôdgrodzonô Lëteracką Nôdgrodą Naoma dla zôczątkùjãcëch runitów.
W przëtrôfkù czej òbrońca naléze sã na swòjim pòlu brómkòwim òb czas òbronë, sãdzowie diktëją rzut karny.
Tak je dlôte, że w jezorach òb lëdzką dzejacelnosc, pòjawiło sã wiele małé rëbë.
W 1584 r. pòwstałë jegò: „Môłi katéchizm Môrcëna Lëtra” i „Kancjónôł”.
Òkróm tegò do zbawieniô dëszë przënôlégało téż rozdawac klëczné.
Zwijamë gò do kòńca w ścisłé kółkò.
Wëstãpùje w Eùropie, a téż w Pòlsce, gdze przebiegô nordowo-wschòdniô grańca jegò òbjimaniô, ale blós le na czilenastu stanowiskach w pôłniowi ji czãsce (przede wszëtczim na pôłniowi Kòtlinie Sandomiersczé i na Pògórzu Karpacczim).
Zastrzeżné zamkniãcé sprawë je rozsądzywóné bez sąd òbczas zeńdzeniégò.
Hermann von Salza (ùr. kòl.
Je to 1461 rok naszi erë (pò narodzenim Christusa), 461. rok drëdżégò tësąclecô, 61. rok XV stolatégò, 1. rok 7-égò dzesãcolecô XV stolatégò.
Spód ùsôdu ny platfòrmë pòkôzëją sã dzéle herecyńsczich ë kaledońsczich górotworów (Zôpadné ë Pòrénkówé Sudetë, Górë Swiãtokrziżewé).
Lësatô kania (Milvus milvus) - to je wiôldżi ptôch, jaczi mieszkô tam, gdze miészają sã pòla i lasë, krótkò wikszich rzéków abò jezorów.
To są: starostwo bytowskie, "lawemburskie (w maństwo domowi brandenburskiemu oddane)", puckie i człuchowskie.
Ni mùszi to równak òd razu bëc pòczątk chòroscë mùskù i rozwiju òtãpieniô.
W kòscele w Swiónowie mô swój trón Matka Bòskô Swiónowskô - Kaszëbskô Królewô.
Nôbarżi szmakają jima te rëbë, chtërnych w jezórze je naôjwiãcy tj.
Kòl 20. abò 21. stremiannika to je zymkowô równonoc na nordowi półkùgli i jeséńowô równonoc na pôłniowi półkùgli Zemi.
Zmarł w Weimarze, w całkowitym òsamotnieniu, pò śmierci żony i jedynégo syna.
Termòméter- je to nôrzãdze, chtërne mô za zadane mierzëc ceplëznë.
Je to 1762 rok naszi erë (pò narodzenim Christusa), 762. rok drëdżégò tësąclecô, 62. rok XVIII stolatégò, 2. rok 7-égò dzesãcolecô XVIII stolatégò.
Je tak temù, że szczép wirusa mùszi sã przënãcëc do warënków, jaczé naléze w òrganizmie nowégò gòspòdarza (np. dopasowac sã do cepłotë cała) i dostac céchë, jaczé mù pòzwòlą na mnożenié sã i skùteczné przenôszanié sã westrzód ti nowi pòpùlacji.
Jawòr (Acer pseudoplatanus L.) – to je drzéwiã z rodzëznë klónowatëch (Aceraceae Juss.).
Nôdgroda je ùstanowionô òstatną wòlą szwédzczégò przerobnika i wënalôzcë dinamitu – Alfreda Nobela.
Kibicëje jemù pònad 330 milionów lëdzi na całim swiece.
Mùzeum Gardu Gdini je samorządzëznową jinstitucją kùlturë, chtërna pòwsta w 1983 rokù.
Czedës ji kòrzéniem léczële renë.
Mòże bëc, ëże chcôł téż założëc drëkarniô, cobë dopilowac chòcle pisënkù swòjich dokazów.
Pò lótach tak wspòminała tén czas: „Rodzice wszystkich dzieci w Domu (sierocińcu) umarli.
Ùbòdżich – bò są pòsłama do ùbòdżich i przez ùbòdżé zëcé mają sã ùczëc pòkòrë i jinëch zaletów ziebãdnëch do brcô dobrima wëchòwawcama chrzscyjańsczimi.
Grenlandzkô, Grenlandiô abò Grenlandëjô (grenlandsczi: Kalaallit Nunaat, dënsczi: Grønland) - je państwã na stolemnim òstrowe polarnim kol Nordowi Kanade.
W pòłowie 70 latów ùnowiono ùszëkòwanié blizë.
W 2008 rokù tu mieszkało 1601 lëdzy.
Graficzné przezérniczi są nóbarżé rozkòscërzóne ë brëkùją jakno spòdlé òpiartegò na GUI (an. Graphical User Interface) (n.p. Unix z X11, Macintosh, czë Windows) òperatné systemë.
Czasã przë nich mòże bëc niéwiôldżi òpôd deszczu.
Niechtërne z ji wikszich szczitów to Sobaeksan (2184 m), Baeksan (1724 m), Geumgangsan (1638 m), Seoraksan (1708 m), Taebaeksan (1567 m) ë Jirisan (1915 m).
Katarzëna bëła równak nieùdżãtô i Maksencjusz ùdbôł sobie, żebë zdobëc Katarzënã prosbą i òbietnicama, razã z propòzycją żeńbë.
W ramach programù ùdało mù sã napisac skrómny kaszëbskò-niemieckò-pòlsczi słowôrzk z kòl 275 wërazama (ò titule Zbiérk wëbrónëch kaszëbsczich wërazów spisónëch pòlską òrtografią, apartnëch òd pòlsczich).
Wrogama jéża są lësë, jôscë, ptôchë jachtôrze.
Przëmierze na pòkrok ë przëbùdzenié (
Tu bëło wiele wôżnëch zetkaniów nié leno w historië Karna, ale całégò Zrzeszeniégò.
Warszawa: Wydawnictwo Naukowe PWN, 2006.
Nôstarszim skansenem w Pòlsce je Kaszëbsczi Park Etnografny we Wdzydzach Kiszewsczich.
Pòmrë w 1905 Pòmòrskô pòdle „wąsczégò”, miemiecczégò pòjimaniégò.
Jegò nôleżnikama są: Bono (Paul David Hewson) – spiéw i tej-sej téż gitara; The Edge (David Howell Evans) – gitara, sztërkama klawisze, spiéw i basowô gitara; Adam Clayton – basowô gitara; Larry Mullen, Jr.
Rétnik - je to mëti duch, co mani lëdzy czarodzejską mùzyką.
Tam rëchtowôł téż swój dokôz doktórsczi na temã: Questio de fide apud sanctum Ioannem de Cruce.
Mùszi pamiãtac przë tim, że przë lokalizacji dobòrowaniô wôżné są wszelejaczé ògrańczenia, co wënikają z drogów, jaczé jidą przez gruńtë, z liniów energeticznëch, rurocągów i jinszich òbiektów (w tim téż melioracyjnëch).
Agùsta Hlonda w Szczecënie òrganizowóny je koncert kù tczë patronczi kòscelny mùzyczi.
Do ti szkòłë chòdzëłë dzecë z Radëszewa i Pôrszkówa.
Ji chłop Pierre z jegò bratã Jacquesã Curie ùsôdzył baro dokładni, elektriczni pòmiernik.
Ju za knôpiczëch lat ùmerlë Mù mëmka ë brat.
Artikel dożdôł sã téż przedrëkù, a jegò ùsôdca - diplomù òd L-ST.
Miemce zôs dërch bómbardowelë Pòlôchów nie blós z zemi, le téż z mòrza ë lëftù.
Theobald Mathew (ùr. 1790 - ùm.
Ten rezerwat òbrëmiô Kamiané Jezoro ë lasë bùkòwò-dãbowë.
Przódëczasny tekst, znóny jakno "Himn do Nikasi" (Nikasi béła bóżëną piwa) mô w se receptã na wërobk negò napitkù.
القدس) gard w Azëji.
Cychória (Cichorium intybus L.) – to je wielelatnô roscëna z rodzëznë astrowatëch (Asteraceae).
Òstatecznô faza bùdowё kromlechów przёpôdô westrzódkòwą epòkã bronksu (2220 p.n.e. – 1500 p.n.e.) cziédё to zaczãłё sã pòjawiac môłé kamiané krãdżi bùdowóné przez niewiôldżié karna lёdzy (jak rodzёzna).
W islamie wierzą, że janiołë stwòrził Bóg ze swiatła, przebiwają w niebie i jich pierszim zadaniém je służba Bògù.
Wada pòstawë cała to pòdług Wolańsczégò zmianë ùtrwalony w gnôtowim ùkładze, fele „trzymaniô sã”, to téż wërwark remnygò ùkształtowaniô cała.
Przédny skłôd to pekińskô (abò chińskô) kapùsta, japòńskô radiska, czosniôk, paprika chilli, cëbùla, zaprawioné krewetczi abò jiny brzód mòrza, jingwer, sól a téż cëczér.
Môrcën z Bragi (ùr. ok.
Warszawa: Wydawnictwo Naukowe PWN, 1997.
W czasach terôczasnych do ti kòncepcëji janiołów wrócëł Emanuel Swedenbòrg.
Lëdztwò tam je rozmajité.
Są baro mądré i rozmieją pòsługiwać sã nôrzãdzama (np. czãsto kładzą òrzechë pòd kòła aùtów).
W telewizji bëło corôz gòrzi z dëtkama, włôscëcele zaczãlë zmiészëwac etatë (do lëpińca 2011 kòl trzëdzescë, na kùńcu zélnika 2011 – pòstãpnëch jednôsce).
Je to 918 rok naszi erë (pò narodzenim Christusa), 918. rok pierszégò tësąclecégò, 18. rok X stolatégò, 8. rok 2-égò dzesãcolecô X stolatégò.
Tak pòwstôł tzw.
Cemny mòdri òznôcziwôł chłopa żeniałégò w òstatnym rokù.
Je to 975 rok naszi erë (pò narodzenim Christusa), 975. rok pierszégò tësąclecégò, 75. rok X stolatégò, 5. rok 8-égò dzesãcolecô X stolatégò.
Prócz tegò razã z Tadeùszã Stankewiczã przërëchtowôł albùm stôrich òdjimków Pozdrowienia z Pucka.
Zofiô Ptôch (ùr. 1896 – ùm.
Je mòże pòsëpac cëkrem.
Wiele doskonałёch przёkładów krãgów można nalezc w Nôrodnym Parkù Dartmoor Devonczё Gery Wethers.
Gôdëją òd stëmiannika do czerwińca.
Bala mòże bëc cëskónô, pòpichónô, łapanô, ùderzanô, zatrzëmiwónô.
Òn mòże bëc zrobiony z papòwégò papioru i pëkù.
LaFee (Christina Klein), (ùr.
W jednym kòscele je tu czasem w niedzelã Mszô Sw.
Dëmòwnik (Fumaria officinalis L.) – to je jednorocznô roscëna z rodzëznë makòwatëch.
Na pòczątkù spiôwôł z dżezowama karnama, taczima jak Phoenix Jazzmen, Last Exit czë The Newcastle Big Band.
CeCe Peniston (English: Cecelia Peniston) (ùr.
Nie dzywi tej, że zachòwóné krajińsczé wësziwczi znankùją sã mòdrim (cemnym ë widnym) przëstrojã.
Pisôł téż biografie i wëdôwôł antologie np.
Tëczk (Calla palustris L.) - to je roscëna z rodzëznë arónowatëch (Araceae).
Zrzeszéńcowie to pòétné karno, zebróné wkół cządnika "
Pierszô zmiónka ò Mierëszënie pòchôdô z 1286 rokù -
Strasburg in Westpreußen, Strasburg an der Drewenz) - krézewi gard w Kùjawskò-Pòmòrsczim Wòjewództwie nad Drwãcą.
Jich kwiatë mògą bëc jednopëłcowé.
Pinceta – to je môłé nôrzãdzé do òbsłùżënkù môłich òbiektów, chtërne są za małé żebë so wëpòmòc z nima leno rãkama człowieka.
Nowi Rok na Kaszëbach - 1 stëcznika,pòdług kalãdôrza gregòriansczégò pierszi dzéń Nowégò Rokù.
Wnitrzno sydła są 3 rérczi rozmaiti długòscë, chtërné mòżna włączëc w òkrãżé jinstrumentu przë pòmòcë wentili.
Sedzbą mùzeùm Palast familëji Keyserlingków ë Przebendowsczich.
W 75 rokù p.n.s., trzëz nich ùpôdłë, le blós jednô òsta pòd rzãdama Chin do 313 rokù n.s.
Òn ùsadzył wiele wiérzt.
Leszónë (we zdrojach: Lesane 1136, Lessan 1168, Lassan 1295; dólnomiem.
Czakawsczim dialektã gôdô sã z zôpôdné Chòrwacczi, òsoblëwie w Istrëji ë Dalmacczi.
Jegò zbérk je wëdãti ë pòdwiniãty.
Lubi zemie bokadne w minerałe i sredniô próchniczne.
Òn wespółrobił z bòtanikama z rozmajitéch strón swiata.
Dzysdniowé pòlsczé miono Chojna je mionã òpiartim na felerny rekònstrukcëji.
Dejadë dosc chùtkò wdôł sã Erik w marachùjącé wòjnë z Hanzą, a przez to narôsta òpòzycëjô procëm niemù.
Czerownik, jinstruktor, kapela i nôleżnicë prôcëją w karnie spòłeczno.
Pisôrz trzecy ewanielië je nôlepi òbeznóny z fachòwą terminologią z zakresu sądownictwa, pòliticzi czë administracjë.
Klimat przechódny midzë mòrsczim i kòntinentalnym.
Czedë bòcón przëlecy na swòje gniôzdo, bùten roznôszi sã jegò klekòt.
Dłùgòta cała ok.
Szlapnik (Tringa ochropus) - strzédny ptôch z rodzëznë bekasowatëch.
RPA mô dzys 3 stolëce: Cape Town, dze je parliment, Bloomfontain, dze je nôwëższi sąd i Pretoria, dze je rząd.
Pòspół z nią, czedë miała 11 lat, małi Wolfgang grëwôł klawesynowé duetë na zasłoniãti jedwabistim materiałã klawiaturze.
Je to 1457 rok naszi erë (pò narodzenim Christusa), 457. rok drëdżégò tësąclecô, 57. rok XV stolatégò, 7. rok 6-égò dzesãcolecô XV stolatégò.
Pòzytiwnô ekònomijô mô za nadôwk òbiektiwno ë ùczbòwò rozwidnic fùnkcjonérowanié gòspòdarzënkù.
Òne rôd żëłë w dodomach za piéckã abò pòd kòminkã, pòd pòdłogą czë w mëszi dzurze.
Dzece zazérają do wczasni zrobionëch zajcowéch gniôzdków, czë jim zajc mô co przëniosłé.
W tim miesącu Òn zapòwiedzôł swòjã abdikacjã.
Pò nich òstałë cerkwie ë smãtarze - szlach roznëkaniô jich pò II swiatowi wòjnie.
Procemkù szczépóm B, jaczé mògą zarażac lëdzy, zelintë i twòrzofretczi (to znaczi mògą sã mnożëc blós w kòmórkach tëch òrganizmów), wirusë A krążą w przirodze.
Òna je kòl Genfsczégò Jezora.
Je tëż baro łaszczëwi.
Zmërkòwóno, że ni mòżna òbliczëwac menzurë jakno wiedno tegò samégò dzélu długòscë piszczówków, tj. jakno wiedno tegò samégò procentu długòscë w piszczówkach małich i wiôldzich.
Bliscze jemù wsë są to Mglód, Vecsés, Gyömrő a Üllő.
Marian Miotk) (ùr. 1957 rokù) - ksądz, dzéjôrz kaszëbsczi.
W sezonie 2013/2014 pò rôz pierszi w swòji karierze òstôł królã strzélców Bundeslidżi, zdobëwającë 20 bramek.
Do kùńca roku je 118 dniów.
Dzëkô gãs (Anser fabalis) - wiôldżi wanożny ptôch z rodzëznë kaczkòwatëch.
Zëmòwi òflës (Polyporus brumalis (Pers.) Fr.) - to je ôrt grzëba z rodzëznë òflësowatëch (Polyporaceae).
Dopiéro 1984 r. w Los Angeles dodóno biég maratońsczi kòbiét.
W Stôrim Testameńce są nazwane pò hebrajskù malah - co téż znaczi "pòsélc".
Zwëczajny plëszcz (Cinclus cinclus) - to je môłi ptôch z rodzëznë plëszczë (Cinclidae).
Dokładno etymologiô kawë nie je znónô.
Òficjalnym jãzëkã je bùłgarsczi, rodny dlô 76,8% mieszkańców.
Ùsôdzôł historiczné ë patrioticzné wiérztë, jakno ë miłotné.
Òd 2015 rokù òn je profesorã.
Gãsé zelé (Potentilla anserina L.) - to je wielelatnô roscëna z rodzëznë różowatëch (Rosaceae Juss.).
Henë w 1963 rokù pòd czierënkem Rómka Ingardena òbroniôł dòktórską ròbòta.
"Zrzeszeńców", chtërni w PRL bëlë represjonowani òb UB a pózdni przez SB ë zepchniãcy na zberk òglowi dzejnotë.
Je to 1791 rok naszi erë (pò narodzenim Christusa), 791. rok drëdżégò tësąclecô, 91. rok XVIII stolatégò, 1. rok 10-égò dzesãcolecô XVIII stolatégò.
Tedë Majkòwsczi barżi ògrańcziwôł swój ùdzél w spòleznowym a pòliticznym dzejanim, „zasziwôł sã” w swòjim kartësczim dodómie zwónym „Eremã” i zajimôł sã swòją lëteracką, kaszëbską robòtą.
Wësokô Bróma w 2006 r.
XIII w., Cammin; pòl.
W gminach mùszą bëc szkòłë dlô nôleżników miészëznë, jeżlë jich je wicy jak 13 lëdzy.
Do kùńca roku je 100 dniów.
Bezdrutnô môlowô séc - nowô technologijô brëkòwónô w jinfòrmatice ë telekomunikacëji, òznôczającô sparłaczenié kòmpùtrów bez ùżëcô kabla ë niżódnëch jinëch kablów.
Je to 1449 rok naszi erë (pò narodzenim Christusa), 449. rok drëdżégò tësąclecô, 49. rok XV stolatégò, 9. rok 5-égò dzesãcolecô XV stolatégò.
Kòta ùdomôcóno prawie 4000 lat p.n.e. Gatùnk kòta domôcégò pòchòdzy bòdôj òd kòta nùbijsczégò, ale w Europie òn machtôł sã ze żbikiem.
Wikszi cząd miemiecczich mieszkańców òstôł wëwieziony za Òdrã, temù zalëdzenié Przédnich Pòmrów ùrosło dwùkrotno Buchholz, W. (red.), Pommern.
Miónkôrz mòże tej cwiczëc nôwiãcy dwùma ôrtama przëbòrów òb czas pòkazywaniô jednégò ùłożënkù.
Czej bëłę czasë pògańsczi, lëdze tùwò mieszkający zbierelë sã na ti górce, bë òddac czesc słowiańsczim bògóm i brac wòdã ze swiãtégò zrzódła.
Pòtrusë - to są grzëbë, chtërne mògą zatrëc lëdzy, abò jich trëją jak np.
Chemijô je ùczbą ò sztrukturze materëji.
Liriczi a prozatorsczé dokôzë pùblikòwôł m.jin. w pismionach: „Norda” (kaszëbsczi dodôwk do „Dziennika Bałtyckiego”) i „Naju Gòchë”.
Kòszalëno (we zdrojach: Kòszaléno (Cenôwa); pòl.
Swégò czasu nimò cëskù na germanizacjã prësczich władzów, Katolëcczi Kòscół béł ùznôwóny za òbstojenié pòlskòscë.
T. Gadacza i B. Milersczégò, Warszawa 2002.
Bôczë, jaczi tną ję miecze/ I jakô zewsządk sę na nię dôka wlecze –/ Nie widzysz skrëchłé zlepiszcza kol sebie?
D. Szulëst mô wiôldżi cësk na przińdny rozwij i spopularizowanié kaszëbsczi materialny i dëchòwi kùlturë.
Nen historëczny pòdzélënk je téż òdzdrzadlony w państwòwim herbù czesczi Repùbliczi, jaczi zamëkô w se czesczégò lwa ôs mòrawsczégò ë szląsczégò òrzła.
Temù też nie dzëwi nas chùtkô jinterwencëjô przënôléżnëch mòrzczich służbów w wëpôdkù, wezmë na to awarëji przërëchtënków w bazé rzôdczëch òpôłów abò karëwôrtnégò zdrzëcaniô przez niejedné òkrãtë balastowëch wodów, w chtërnëch są resztczi sërégò òléju.
Długòsc pieglëszczów – 73 km.
Agroturistika je ôrtã wiesczi turisticzi.
Pielgrzimczi mògą bëc zbiorowi abò apartny.
Przësłowié: Żôłądz je małô, ale wiôldżi dąb z nie wërosce.
Dzys lëdze mówią na tã chójkã Tuszkòwskô Matka.
Są to pòszedła wëwòłóné przez wirusë, jaczé pòza człowiekã ni mają nôtëralnégò gòspòdarza w przirodze.
Fòtografijô je proces twòrzeniégò sztabilnëch òbrazów w rozmajitëch technikach z pòmòcą widu.
Zachãcywôł téż do spiéwù nôbòżnëch piesniów w kaszëbsczim jãzëkù.
Jeżlë długòscë piszczówków dëbeltuje sã co 12 tonów, to széżawã co 17. W 1855 rokù miemiecczi profesor wëdôł pierszi wiôldżi dokôz ùjmùjący matematiczné pòstãpë tonowé w pòwierzchniach przekrojów piszczówków.
Jablón jesz dzôsô dzejô, le ju nié tak mòckò jak pierwi.
Je to pòdługòwati lëst wëpiekłégò, pszénégò casta, chtëren je wëzwëskiwóny we wiliowëch òbrządkach (dzelenié sã òpłatkã).
Dzysdniowò Sardiniô słëchô do Italsczi.
Pierszé ùdokùmentowóny òbzérczi Merkùrégò sygają pierszégò tësąclecégò p.n.e. Do IV st.
Jinszé kaszëbsczé miona: miodownik, reżan, lipc.
Difterit (Diphtheria) - to je zariwnô chòrosc ù lëdzy.
Przёkładё taczich krãgów są midze jinyma w Grzёbnicё k. Kòszalina i téż w Lesnie, Wãsorach i Òdrach.
Je to 1443 rok naszi erë (pò narodzenim Christusa), 443. rok drëdżégò tësąclecô, 43. rok XV stolatégò, 3. rok 5-égò dzesãcolecô XV stolatégò.
Melodycznô stróna – mòże mieć klawiaturã typù fòrtepianowégò abò knąpczi chtërne leżą chromaticznie w rzãdach trzech do piãc.
We wschòdnym i pôłniowim dzélu Africzi roscą nisczé i wësoczé trôwë, pòjedińczé drzewa (palmë, baòbabë, akacje), a téż préklowaté chwarzna.
Stolëca - gard bãdący môlã nôwëższich wëszëznów (króla, prezidenta, parlimentu, rządu, nôwëższigò sądu) danégò państwa.
Òd lat òn robi w Mùzeùm – Kaszëbsczim Parkù Etnograficznym we Wdzydzach.
Nudle – wiktowi produkt, zrobiony z mączi, wòdë i nieczedë jajów (gôdómë wtedë ò nudlach jajecznëch), a téż jinëch składników, ò szeroczi gamie ształtów i zastosowaniów.
Wiele razy lëdze gò noszą jak padô deszcz.
Òn mô chemiczny wzór SiO2.
Złoti wësziwczi XVII w.
Ù ti roscënë chłądë są ùległé i òne chùtczi ukłôdają sã na zemi – rozrôstają są na wikszi wiéchrzëznie, jak roscą w górã.
Na załómaniach brzegòwy linii pòwstôwają sztremlëznë zbùdowóné z òksëpòwégò materiału przenoszónégò przez wałowanié, przëbrzégòwé żochë i wiater, np.
Ta wieszczórka je bez nogów.
W 2018 rokù tu bëła nalazłô wòda.
Ampleksus je pachòwi (u ôrtu Occidozyga jest pachwinowi).
To je czierz abò drzéwiã z rodzëznë cyprisowatëch.
Jich drewno je ùżiwóné do wãdzeniô.
Ón mòże bëc z krzëwi grëbi gałãzë dãbù.
Krzón abò chrzón (Armoracia P. Gaertn., B. Meyer & Scherb.) - to je szlach roscënów z rodzëznë krziżowëch.
Wiele sërowych zelów mô wôrtny dzélëk w jestkù.
Wôrt je téż dodac, że lëdze z kórowim òtãpienim nie są w tim jednaczi, a pamiãcowé jiwrë jaczé mają, zanôlégają dosc tëli òd etiologii neùrodegeneracyjnégò procesu.
Jaja są zwãżoné na jednym kuńcu i skłôdóné na wòdze baro blisko sebie, tak że wòda ni mòże sã dostac do nich.
Słowiónie panóńsczi mieszkającë w nordã òd Dunaju, Drawë ë Mùrë do kùńca strzëdnowiekù òstale zmadżarowané.
Mrzeża - ôrt secé do łowieniô rëbów np.
W lëtewsczim pòzéwô sã „nosowé e” (lët. e nosinė) i służi do zaznaczaniô nosowégò zwãkù tam, gdze wczasni historyczno miescył sã diftong en.
Tak zrobioné casto wsadzëc na szterdzescë minut do piekarnika i piec.
W spòleznie z nim je kòlegium biskùpów z nim zrzeszonych.
W asësczim kòscële San Damiano jesénią tegò samégò rokù ùczëł głos Christusa,chtërën gôdôł z jikònë krziża i kôzôł mù ic i òdbùdować kòscół (Krziż z San Damiano).
Te jagòdë mòże dawac procëm biegawicë.
Stolëcą i nôwikszim gardã je Sarajewò.
Pòtrownice nadają sã do jôdë na serowò,są téż dobri na mrożenié i rozmajiti przerobiznë, lëste sëszi sã na arbatã.
Aùtonomiczné cerkwie zanôlégają zôs òd jaczis aùtokefaliczny cerkwi.
Działanié szkòdliwe alkaloidów pòwòduje pòrażenie mózgòwia,miãdzëmózgòwia i rdzenia przedłużonégò oraz pòrażanié ùkłôdô òbwòdowégò.
W 2008 rokù tu mieszkało 360 lëdzy.
Miónkôrze Manchesteru United swoje rozegre rozegracëją na sztadionie "Old Trafford" znônym pòd pòzwą "Teater Snienié".
Pònarwë òbù tich karnów - Anisoptera i Zygoptera - mają dzybrorérë ùkrité bënë òdwléka.
Pònarwë sã lëgną pò gwësnym czasu.
Mińtus (Lota lota) - to je rëba z rodzëznë pòmùchlowatëch.
Krzesznia (Cerasus avium (L.) Moench.) - to je drzéwiã z rodzëznë różowatëch.
Ta nadmòrskô krôjna wiele zawdzãcziwô turistice.
Òsoblëwò szło jemù ò jãzëk, chtëren béł dlô niegò równo wôrtny, jak wszëtczé słowiańsczé jãzëczi.
Z rozwijã wëdowiznë naczãle dochôdac do programë młodzi wëkònôwôczë jak na przëmiôr Heartless Bastards ë The Black Keys.
Specjalizëje sã w specjalnëch òdjimkach; lotniczich, pòdwòdnëch z wëzwëskaniém alpinisticznëch techników.
W albańsczim je òna nôczãstszą lëtrą.
Lëtra ta pòchòdzy òd grecczi lëtrë Digamma (Ϝ, ϝ) i fenicczi waw.
Strôszk - to je manekin, chtëren mô strôszëc np.
Nôprzód Gùlgòwscë ùrządzelë w stôri chëczi mùzeùm.
Lubin je stolëcą lubinsczégò krézu.
Jéż òb zëma mòże hibernowac to je spac.
Òd 15 do 17 maja 2013 rokù òdbiwało sã zéńdzenié parlameńtarzistów Delegacji Karna Sejmù Repùbliczi Litwë ds.
Do chòroscë doprowôdzy Salmonella typhi, ale wôżny mòże bëc wiselnô wòda.
Eùropejsczi dzél – Tracëjô robi 3% wiéchrzëznë ë je òddzelony òd azjacczégò dzélu przez mòrzé Marmara ë zwãżënë Bòsfor ë Dardanele.
Mają sztôłt piestrzenia z dzërą w westrzódkù.
Je to 940 rok naszi erë (pò narodzenim Christusa), 940. rok pierszégò tësąclecégò, 40. rok X stolatégò, 10. rok 4-égò dzesãcolecô X stolatégò.
W gromicznikù 1289 r razã z Bòlesławã II płocczim i bratã Kadzmiérzã dobéł na Henrikù IV Probùsã (ksiqca wrocławsczim) pòd Sewirzém i na pół rokù zajął Karków.
Òna zbiła majątk zrëchòwôny na òkòlim 150 milinów dolarów.
Gąska (Amaranthus L.) - to je szlach roscënów z rodzëznë Amaranthaceae.
Register 32’ („trzëdzescedwastopòwé”), spòtikóny w Europie blós w basowim pedale, transpònëje ò dwie òktawë w dół – przëcëskając klawisz „C” òdzéwô sã piszczówka „C2” (C „subkòntra”).
Żele gòspòdarze sã zgòdzą - gwiżdż rôczi do bëna swòjich kòlegów (wëstrzód nich je téż gwiôzdka-gwiôzdór), a ti zaczinają zabawã.
Jimpresjonizm – czierënk kùńszta jaczi sã uformował w XIX wiekù we Franceji.
Pòtemù Katarzëna òbôczëła we spikù Zbawicela, chtërny nazwôł jã Swòją Òblubienicą, a ji rãkã òzdobił piestrzéniã.
Nosôcz (Scolopax rusticola) – strzédny wanożny ptôch z rodzëznë bekasowatëch (Scolopacidae).
Prawò głosu miała szlachta.
Ji ùtwórcą béł szkólny Józef Dambek, a prowôdnikã ks.
Denham béł ùmarł, le òstawił Benjaminowi Franklinowi trochã dëtków.
Òd czasu weńscô w żëcé Traktatu Lësbòsczégò, tj.
Do kùńca roku je 143 dniów.
Brzóna (Vimba vimba) - rëba z rodzëznë karpiowatëch.
Głowa wôżczi je baro dżibkô.
Òb lato wôżą kòl jednégò kilograma czej zbliżô sã zëma grebieją i wôżą jesz rôz tëli, co òb lato.
Zajimôł sã prowadzenim chùrów a òkróm te mòże rzec, że razã ze swòją drëgą białką, Leòkadią (przódë Czaja) twòrził môłé spiéwòwé karno Mamuszka, F.: Wejherowo i Ziemia Wejherowska : przewodnik.
Nôgłãbszô òbniżëna Ùmartégò Mòrza (405 m p.r.m.) téż je nóniższim môlã na kòpniach zemsczi kùgli.
Rosce w kòżdi zemi, lubi słuńce, ùprawiô so gò na grządkach na cãti kwiatë.
Francëszk z Asëżu je patrónã: albertinów, francëszkanów, kapùcynów, francëszkanów kònwentualnëch, bernardinók, kapùcinek, klarisek, kòletanek (założônëch przez św.
Nôwôżniészim zwëkã na zemiach słowiónsczich mającym związk z dëchã domôcégò je szerok pòjãti kùlt ògnia.
Słowackô nié mô przistãpù do mòrza.
W nôwiãkszich jimprezach (Londyn, Nowy Jork, Boston, Chicago, Wiedeń, Berlin) ùczestniczi wiãcy niż 30 000 biégaczy: profesjonalistów ë amatorów.
Do kùńca roku je 9 dniów.
W stôwornym kraju Burgenland mieszkają zôs przedstôwcowie chòrwacczi i wãgersczi miészëznë.
Je to 992 rok naszi erë (pò narodzenim Christusa), 992. rok pierszégò tësąclecégò, 92. rok X stolatégò, 2 rok 10-égò dzesãcolecô X stolatégò.
Òd 1812 béł òn téż szkòlnym pòlsczégò jãzëka w gduńsczi szkòle przë parafii sw.
Pòdbiôłtk (Tussilago farfara L.) – to je wielelatny roscëna z rodzëznë astrowatëch (Asteraceae).
Tam cãżkò zachòrowôł i òstôł ùwòlnióny w 1204 rokù i wrócył do Asëżu.
Pòriwny rost kùlturë w cządze Joseon, sprôwiony bëł rozszérzaniém sã kùlturë Chin z czasu dinastëji Ming.
Òn mô chemiczny wzór Al2O3:Cr.
Zrzësz ną pòdczorchiwało same miono street punk, wëpiarti pùzdni przez Oi!
Do kùńca roku je 137 dniów.
Do kùńca roku je 120 dniów.
Jeżlë miónkôrz nie kòzłuje balë, mòże jã trzëmac le 3 sekùndë.
Gôdô sã tak w Chòrwacczi, Bòsni ë Czôrnogòrze a téż w niechtërnëch òbéndach zôpôdniej Serbsczi.
Z nordë na pôłnié Pòlskô rozcygô sã na długòtã 649 km, co je 5° ë 50'.
Jegò tekstë ùkazywałë sã téż w miesãcznikù „Bënë ë bùten” (1930), „Gryf Kaszubski” (1931–1932) ë ju pò jegò smiercë w drëdżi serie pismiona „Przyjaciel Ludu Kaszubskiego” (1936–1938).
Pòjawił sã czile tesãcë lat pózni niż jãczmiéń i pszénica.
Òna bëła w Sejmie w latach 2011 - 2015, a swégò czasu szkólną religie.
Rok pózni Gladys zachòrowała na schizofrenię paranoidalną.
Przełómienim w ji żëcym béł rok 1919, czedë pisôrka nawiąza kòńtakt z Heléną Radwanową - redachtorką "Płomyka", co sprawiło, że Maria Kòwnackô zaczãła pisac artikle do cządników dlô dzecy, jaczé wëdôwóné bëłë bez Naszą Księgarnię.
Tu ùrodzył sã Christian Graf von Krockow.
Finałã zôs - ë niespòdzajnym kùńcã - ny „miełotë” bëło rôczenié Cénôwë na wiôldżi Zjôzd Słôwiańsczi w Mòskwie (môj-czerwińc 1867 r.), sparłãczony z Etnografnym Pòkôzkã, na chtërny „bùdzëcél” pòsłôł swòje materiałë.
Jegò robota polégô na rozkoscérzanim kùlturë Kaszëbów w kraju ë za grańcą.
Mòckò mòrzczoné sëknie gbùrów pòkôzywałë bòkadnotã, a ‘jasné’, ‘mòdré’ młodëch chłopów jesz nieżeniałëch.
Pòwiérzchniã państwa zajimają równiznë ze szlachama dôwnégò zlodowaceniô.
Strzélón (łac. panaritium) - to je zariwnô chòrosc pôlca.
Brzadã ny rézë bëłë „Sonety krymskie”.
Kłómka - to je rãczno miechòwatô séc na dłudżim szachù do łowieniô rëbów.
Trzech Magów jedze, Bóg sóm jich wiedze, do Emanuela.
Domôcô jabłónka (Malus domestica Borkh.) - to je roscëna - miészańc - dwóch ôrtów jabłónków z rodzëznë różowatëch (Rosaceae Juss.
Béł doktor mòralny teòlogie, bioetik, ùtwórca pùcczégò hòspicjum i człowiek, chtëren sóm biôtkòwôł sã ze smiertelną chòroscą.
To béł załóżca dinastii Subisławiców, chtërna tuwò panowała do 1294 rokù.
Pùrtk - je to mëti duch smardu, swãdu i głëpòtë.
Dlôte że je pòmalny i malo ùwinny, nie rozmieje samòstojno wińc z glãbszich wëkòpónëch dołów.
Slédnô wersëjô (3.0) NSCA Mosaic je wëszłô w stëcznikù 1997.
Pôdług Tischnera,filozofijô ni mòże sã zamëkac mùszi bëć samojistnu.
A téż wiele lëdzy w 1655rokù wëmòrdowalé Rusczi.
Nót je wiedzec to, żebë skùteczno ògrańczëc bëcé pòszedła w jaczis stronie, je mùsz szczépic wiôldżi procent lëdzy (w przëtrôfkù òdrë bez 83%).
Òznôczô to, że nie je wòlno tëch zwierzãtów zabijac, renic ani trzëmac - tak żëwëch, jak i ùmartëch.
Léópòlda i Linz, gdze rozwiniãté je hëtnictwò.
Jegò rodzëzna bëła bògatô i ceszëła sã ùwôżanim.
Z italsczégò i portugalsczégò – Marco, pò niemieckù – Markus, z madżarsczégò i kaszëbsczégò – Mark.
Diskùsëje, wëjazdë, pòtkania – sã tipiczné w fùnksnérowaniu Karna.
Ùstawodôwcza wëszëzna przënôlégô do Nôrodnégò Zgromadzeniô.
Lodôk je snôzi, a łapie rëbë.
Ekstrakt z lësti mòże bëc ùżiwôny jakno strzódk wëkaszlowny i ùspòkajający.
Jiny wòdorostë żëjący na zberkù rafë, robią takô jakbë "mùrarskô zaprawã" wiążącô szëchtë òsadowé.
Zabrzadowa òna dosc pòwôżnyma robòtama ë pùblikacjama, bò np.
Na swiece je baro wiele rozmajitych materiałów z chternych robi sã pipë.
Nowô zdrobniałô pòzwa pòwstôwa òd starszi wsë.
Pò wëbiéraniu bùlwë mòże mitowac.
Zakrzewò bëło ricersczim dobrã ë gniôzdã familie Zakrzewsczich.
Jinszé kaszëbsczé miona: sewan, wrzesnik, wrzeséń.
Dead Kennedys (
Penzjónat - to je òbiekt, w chërnym je nômni sédem (7) jizbów, a je to téż całodniowô wiktowô chëcz dlô klientów (gòscy).
Tu je Mùzùem Nôrodnégò Himnu.
W 1462 rokù kòl ti wsë bëła pòlskò-krzëżackô bitwa.
Lëdze mògą tu gôdac swòjim jãzëkã.
Mateszkòwé zelé (Melissa officinalis L.) – to je wielelatnô roscëna z rodzëznë głëszkòwatëch.
Jegò grób je w Górny Grëpie.
Seul je pòlitikòwim, spòlëznym ë ekonomicznym centróm Pôłniowi Kòreji.
Żebë zmiészëc drif miałë szwerdã (miecz).
Mógł nima téż jachac na paczënach.
Kòle trzë czwiôrté masë Słuńca twòrzi wòdzëk, resztã zôs przede wszëtczim hél.
Pôrsãta to je rzéka dłużawë 127 km.
W latach 1999–2017 kòntrolowany przez UniCredit.
Òn je barżi przezérny òd HDPE, a jegò produkcja na swiece je baro wiôlgô.
Òd 1840 rokù je to parafialny kòscół.
Pózni ( przełómanié II i III w.) zaczãto w òbremienim krãgów téż chòwac ùmarłich.
Chòdzy z dokładnoscą co do 1 sekùndë na 300 000 lat.
Bùdëje gniôzda nôczãscy na dzrzewie z rozgrajonych gołãzach, abò w gniôzdach pò jinëch ptôchach, abò téż za zemi.
W. Czedrowsczi przeprôszôł w nim Rómpsczégò, że nie napisôł gò pò kaszëbskù.
Béł tam dwa lata.
Caspar Vopelius téż Vopel (1511 - 1561) béł miemiecczim kartografã.
W tim czasu program ùkôzywôł sã ju co tidzéń przez dwadzesce minut.
W przódeczasnym swiece warzniém piwa zajëmiwałe sã białczi.
Sedzé na nich 17-19 dniów.
Drëgô nieczedë je wrechòwanô do Pòmòrsczi téż przez Miemców.
Stôrë fudreją je kòle 20-23 dni, póznij mùszą wëlëjcec z gnôzda i radzec sobie same.
W 1363 lëtewsczi ksążã Òlgerd dołãcził nen gard do Wiôldżégò Lëtewsczégò Ksãżstwa.
Niechtërni gôdają, że pòzwa Arizona òznaczô „môłi zdrój”.
Òstawiłë òne prãgã w historiowy pamiãcë Kaszëbów - negatiwną.
Szczecin : Uniwersytet Szczeciński : Archiwum Państwowe, 2005.
Zbiér mòdlëtwów anglikańsczégò kòscoła zwie sã Modlitewnik Powszechny (Book of Common Prayer).
Serbiô mô dwie aùtonomiczné prowincje: Wojwodinã na nordze i Kòsowò i Metochiã na pôłnim.
Béł to kwiôt mało spòtikóny ë dlôte stôł sã znanką bòkadnotë.
Sostrë òpiekùją sã stôrim gòtëcczim kòscołã, w jaczim je wiele snôżëch stôrodôwnotów.
Tej sej pùchacze gniôzdëją na zemi.
Westrzód wielnych régów gór nôleżi wëmienic górë: Pòntijsczie, Taurus, Kaukaz, Elburs, Kopet-dag, Zagros ë Mekran.
Mògą tiż wëstãpòwac konduktë miédze wiatrownicą a piszczówką, czej ta nie je ùmieszczonô bezpòstrzédno nad òdpòwiednią dzurą w wiatrownicë.
W 1938 rokù òno bëło pòwikszoné.
Òna nie je niebezpiecznô dlô lëdzy.
Amalka jest turistnym òstrzódkã z wiele wczasowima chëczama ë agrokwatérama.
W slédnëch dwadzesce latach badérowie z rozmajitëch gałãzów ùczbë mają wiôldżi bôczënk na sprawã starzeniégò sã i zaradzenié różnicowi chòroscë òtãpienny.
Czôrny bes (Sambucus nigra L. ) – to je czerz z rodzëznë besowatëch (Caprifoliaceae Juss.).
Wiéchrzëzna Brusów to 5,2 km².
Òbczas panowaniô dinastëji Joseon béł stolëcą prowincëji P'yŏngan, a òd 1896 przez całi cząd japòńsczi òkùpacëji stolëcą Pôłniowégò P'yŏngan.
Òna zajimô sã sprawama trzimaniô sã prawów człowieka i sądama.
Tu ùrodzył sã Adalbert Brunke (1912–2013).
Miech czerpakòwi je to ùrządzenié scëskający lëft ë wësëlający gò do rézerwùarë, żebë wëzwëskac akùrôtny cësnienié.
Pôłniowô Amerika – to je dzél swiata.
Mòczitô żaba (Rana arvalis) - to je łaza z rodzëznë żabòwatëch (Ranidae).
Mô wiele pòzw: wilczô wisznia, wilczô jagòdô, psinczi, lesnô tobakô, belladònna.
Nôgòrzi òb jeséń przëjimają sã: lëpa, bùk, brzózka i papla.
Do kùńca roku je 79 dniów.
Przed rokã 2001 sãdze przëznôwalë pónktë w skalë do 10 – jistno jak w spòrtowi gimnastice.
Historiczną i kùlturalną stolëcą Czôrnogórë je Cetinje.
Fana kaszëbskô mô farwe òdherbowéa herbem Kaszëbów je czôrny grif w złotim placu.
Séwny groszk (Lathyrus sativus L.) – to je ôrt jednoroczny (latny) rоѕсёnё z rodzëznë bòbòwatëch (Fabaceae).
Miono Pòlskô (Polska) wëprowôdzô sã òd plemiã Pòlanów, chtërné mieszkało w dzysdniowi Wiôlgòpòlsce.
Do kùńca roku je 8 dniów.
Kwiatostanem ówsa je wiécha ò dłùgòscë 10 – 30 cm.
Ana Łajming (1904-2003) - kaszëbskô i pòlskô pisôrka.
Do Chile słëchô wiela òstrówów w Òceanie, jakò òstrowina Juan Fernandez i pòlinezejsczi Rapa Nui - Jastrowi Òstrów, 3200 km na zôchòd od chilejsczégò ubrzéża.
Zasłynãła z ról stereòtypòwych blondnków, ale wcelała sã również w pãstaceje baro złożóné i dramatéczné.
Peruwiańsczi balzam - to je lék, chtëren wëcékô z ùszkòdzony kòrë drzewa Myroxylon balsamum var.
Ùsztôłcenié terenu Bùłgarie je zwiksza górzësté, na nordze i pôłniowim wschòdze niżawë.
Òn napisôł m. jin.
Òpisënczi są ùznóné w taksonomii roscënów za pierszé przënôléżno òpùblikowóné, nôùczné definicje ôrtów (gatunków).
W 1339 r. Zôs doszło do eskalacjë problemù z Krziżôkama.
Gdingen, 1939-1945 Gotenhafen) je dredżim nôwëkszim gardã całowno pòłożonëm na Kaszëbsczéj zëmë.
Kòlmòrskô szczawa (Rumex maritimus L.) - to je ôrt roscënë z rodzëznë dërdestowatëch (Polygonaceae).
Zamieszkuje jezora w zlewisku Mòrza Bôłtowi jak i górnô dorzeczni ca Wołdzi, w Anglii, Szkocji i jezorze Waginer w Bawarii.
Kòżdi pòlip pòłączony je z sąsôdã pòwrozã z żëwëch tkanków i tim spòsobã wzmòcniô sztrukturã.
Jednak nielusosc pòłożeniô kamów może òznôczac ёż nie bёłё ùżёwóné jako instrumeńtё astronomòwé.
Chòcaż niżôdne z jej òdjimków nié òstało òpublikowónych, Norma Jean zdecydowała sã òdejsc z fabryczi i rozpòczãc rabòtã jakno mòdelka.
Òkazë, chtërne są na pòkôzkù, pòchòdzą z krajów, w chtërnëch ten instrument ceszi sã wiôldżim zaczekawienim.
I té wszëtczé dzejowé wëdarzenia doprowadzyłë do te, że lëdowô kùltura Krajnë we wiôldżim dzélu òsta na wiedno znikwionô.
To je ôrt ptôcha z rodzëznë Strigidae.
Mô nômòcniéjszi wid z wszëtczich pòlsczich blizów.
Znóny je szwajcerzczi frank.
Żlë nie je jima przekazywónô niżôdnô energia, nie mògą sã òne zamieniac w realné cząstczi.
Bòcónë ùwôżóny są za ptôchë chtërne przënôszają lëdzama szczescy.
Frarwa zółtô òznôczu cepło, słuńce i zbòże, a farwa czôrnô - zëmiā.
Óws je to roslëna dnia dłudżiégò.
Wëznaczôł sã kryticznë temperaturë temperature szeregù gazów w tim parametre ktyticzi dlô wodorù.
Mô niemôłé zwënédżi w pòlonisticzi.
Dóno je pò pòlskù, kaszëbskù ë ruskù, pòprzedzającë wstãpã (ë nôgłówkã) pò pòlskù ë ruskù.
Ji maklënë są dosc krótczé, a skrzidła przezérné.
W zélniku 1939 rokù òdjachôł z Gduńska Kindertransport razem z nim.
Zwëczajny twórz (Mustela putorius) - to je rabùszny susk z rodzëznë łasëczkòwatëch.
Niżne môlë są w norodowo-zôpadnim dzélu: Tùranskô Niżawa, Zôpadnosybirskô Niżawa ë Norodowòsybirskô Niżawa, na pòrénkù je Norodowòchińskô Niżawa, na pôłnim Niżawa Gangesu, Jindusu ë Mezopòtamiji.
Italskô tarantula (Lycosa tarantula L.) – to je ôrt pajka z rodzëznë Lycosidae.
Bala - to je takô jigra, w chtërni bierzą ùdzél dwie zdrëszënë pò 11 lëdzy.
Rozwieli so pòprzez semiona wёséwané na zaczãtkù maja.
Encyklopedijô je kòmpendium wiedzbë, spisónym w hasłach ùpòrządkòwónëch alfabétno, rzadzy wedle témów.
Jezórny òczerôk (Schoenoplectus lacustris) - to je roscëna z rodzëznë Cyperaceae Juss.
Je to 1801 rok naszi erë (pò narodzenim Christusa), 801. rok drëdżégò tësąclecô, 1. rok XIX stolatégò, 1. rok 1-égò dzesãcolecô XIX stolatégò.
Piersze auto pòwstało w XVII w.
Dokumeńtã Dagome iudex z 991 òddôł pòlsczé państwò pòd òpiekã papieża.
Żółwie mòrsczi wëstãpùją tuwò w taczi wielenie, jak nigdze jindze na swiece.
Je to 1757 rok naszi erë (pò narodzenim Christusa), 757. rok drëdżégò tësąclecô, 57. rok XVIII stolatégò, 7. rok 6-égò dzesãcolecô XVIII stolatégò.
Òna zaczinô mòrzëc òd nogów jaż pò gardło, do môłkù, a przë tim mrëczi: mër, mër, mër.
Miôł jesz dwie biôłczi, 10 dzecy, 3 wzãté za swòje.
Ùrodzył sã 08 stëcznika 1892 roku.
Knéga), jakno téż do kaszëbsczi rodë, mitologie, wierzeniów i zwëków, nadpòmikô téż znónëch lëdzy (np. Izabelô Trojanowskô) i kaszësczé lëteracczé dokazë m. jin. w wiérztach pt.
Jich je téż m. jin.
W pòrze drzenieniô lekkò òddzélô sã òd stożkòwatégò spòdu kwiatowégò (w procemnoce do jeżënë).
W 2008 rokù dostôwô titel artistë rokù miasta Krakòwa w plebiscyce Gazetë Wëbòrczi "Kùlturalné Òdlotë".
Ceszã sã, że jem dzysô z Wama wszëszczima ù Matczi Bòsczi Swiónowsczi."
We Strzépczu, kòl Kaszëbsczégò Òglowòsztôłcącégò Liceum stoji szlachòta Grzenié - Dëcha ze szlachù "
Znoszą od 1 do 3 jaj w snôdczich jamach w zemi.
Jizdebka to je rzéka dłużawë 11,8 km.
Do kùńca roku je 135 dniów.
Dosc pòwszechnym je pòzdrzatk ò jich skandinawsczim pòchòdzeniém.
W 2008 rokù tu mieszkało 189 lëdzy.
Je to 1750 rok naszi erë (pò narodzenim Christusa), 750. rok drëdżégò tësąclecô, 50. rok XVIII stolatégò, 10. rok 5-égò dzesãcolecô XVIII stolatégò.
Zwëczajny groch (Pisum sativum L.) – to je ôrt jednoroczny (latny) roscënë z rodzëznë bòbòwatëch (Fabaceae).
Tùńc – béł w dôwnych czasach na Kaszëbach bòkatnô rozwiniãti.
Znóné je tu Karno Kaszëbòlogów.
Jesz długò problemë i nôbòżné zjinaczeniô, a téż ekònomiczné pòdzéle rozsądzywałë ò codniowòscë żëcô Kaszëbów, doswiôdczonëch téż przez wòjnë, òsoblëwie ze Szwédama.
Pòzwa ta òdnôszô sãdo zachów domòwich i ùrzitkòwich, na przëmiór kòsze.
Z teôrtnëch lëdzy lëglë sã pierwi gùslarze, czarzbóni i czarzbónczi, czarownicë i czarownice.
W òficjalnym kòmunikace Rady Głównej Episkopatu Polski pòdôno, że przyczynã smierce béł „rozsany proces nowòtworowi jamy brzusznej ò wybitnej złosliwosci i chùtkòm postãpie”.
Marzëbiónka (Bellis perennis) – to je wielelatnô roscëna z rodzëznë astrowatëch.
Latã czãsto padô dzeszcz, szkwôłë ë grzëmòtë z piorunama nie są rzôdczëzną.
Prawie obczas ny rézë, w Pafos na Cyprze, Paweł nawrôcô na chrzescëjaństwo prokónsula Pawła Sergiusza i czarzińca Elimasa, nimo jego oprzéczaniô sę.
A.Jabłończi òstôł ùtczony m.jin. nôdgrodą mn.
Nadczidka ò rzéce pòjôwiô sã téż w pòwiescë „
Je téż pòmòcny w chòrëscach skórnëch, jak trądzik, swiąd i łojotok.
Słowò Pòlanie mòże dolmaczëc jakno "ti, co mieszkają na pòlach".
Czerzenka – to béł przërëchtënk do rãcznégò czerznianiô masła.
Do kùńca roku je 102 dniów.
Do kùńca roku je 56 dniów.
W 1898 zdôł maturã i rozpòczął szudia na Wëdzôle Lekarsczim Cesarsczégò Ùniwersytetu w Warszawie, na chtërnym Sztudiowôł szesc lat, pòwtôrzającë pierwszi rok (kùrs).
Je to 1003 rok naszi erë (pò narodzenim Christusa), 3. rok drëdżégò tësąclecégò, 3. rok XI stolatégò, 3. rok 1-égò dzesãcolecô XI stolatégò.
Na prawnô insztitucjô zanôlégô na zastrzeżnym zwòlnienim sprôwcë òd sztrôfny òdpòwiedzalnotë retribùtiwnégò ôrtu.
Béł téż dzejôrzã Kaszëbskò - Pòmòrsczégò Zrzeszeniô.
Rãcznô bala (7-òsobòwô) wrócyła nazôt do programù òb czas Òlimpijsczich Jigrzësków w Mònachium w 1972 rokù, białczi startëją na òlimpijsczich jigrzëskach òd 1976 rokù.
Je òn nadôwóny w niedzelã.
Je to 1789 rok naszi erë (pò narodzenim Christusa), 789. rok drëdżégò tësąclecô, 89. rok XVIII stolatégò, 9. rok 9-égò dzesãcolecô XVIII stolatégò.
Słownik gwar kaszubskich na tle kultury ludowej, Ossolineum, Wrocław - Warszawa - Kraków - Gdańsk 1972, tom V, s. 72.
Wiérzch cała dërdzawòbruny, spòdk cała jasniészi, sztrichòwóny.
Na zacht òbéńdach (kòl 16,5 mln km²) Azeji są pùstinie, chtërne są w conach zwartnikòwej (Arabsczi Pòłòstrów, Hindustańskô Niżawa), pòdzwartnikòwej (pùstinie Jiranu) jakno téż w letnéj, kòntinentalnej (Turańskô Niżawa, Kaszgarskô Wlëga.
Kòreja pòłożonô je na Kòrejańsczim Półòstrowie w nordowò-pòrénkòwy Azëji.
W 2008 rokù tu mieszkało 82 lëdzy.
Wëstãpùje na przëtczich, kamistich sztrądach wiôldżich wòdnëch zbérnikòw, taczich jakno òceanë, mòrza ë wiôldżie jezera.
Glëniany i porcelanowi pipë miałë dobri szmaka, ale bëłë krëchi, szëmka wëmôgô wiele robòtë przë òbrôbiôniô.
W òbéńdze szôłtëstwa pòłożonô je mniésza kòloniô Bòrowc.
Torń abò Toruń (we zdrojach: Thorun 1230, Thorn 1241, Thorum 1248, Toruń 1892, Torunj (Cenôwa); pl.
Bëłë to nôwôżniészé lata jegò jintelektualny edukacji.
Niemniéj pòsrôd jimion nadôwónëch nowò narodzonëm dzôtkóm, w 2009 r. Katarzëna zajmòwała 32. plac w grupie jimion białogłòwsczéch.
Òna sã ùcza kòl Tédorë Gùlgòwsczi kaszëbsczégò wësziwù.
Jakò dowód katolëczi ùczałi wskazëją, że w pismach tradicyjnie mù przëpisywónych wëstãpùje wiele specjalisticznych terminów medicznych, wëstãpùjących téż w pismach Hipòkratesa czy Galena.
Kùjawiacë są główną etnograficzną grupą ti òbéńdë.
W zelnikù òd 22- 24˚C na nordze i òd 25- 30˚C na pôłnim.
Òne mògą bëc brëkòwóny do grzeniégò jizbów.
Michał Korybut Wiśniowiecki - król Pòlsczi òd 1669 do 1673 rokù.
W ji doróbkù są np.
Je to 1833 rok naszi erë (pò narodzenim Christusa), 833. rok drëdżégò tësąclecô, 33. rok XIX stolatégò, 3. rok 4-égò dzesãcolecô XIX stolatégò.
Paweł Adamòwicz béł achtniony w Eùropie i wëprzédniony m.jin. Złotim Krziżã ‘’Pro Ecclesia et Pontifice’’ (2001).
Òn mòże rosc np.
Dwa lata pózni, w 1971, ukôza sã pòwiesc Dzéń Szakala (The Day of the Jackal), òpòwiadającô ò zamachù na Charles’a de Gaulle’a.
Òstôł òdkrëti w 1930 przez amerikańsczégò astronoma Clyde'a Tombaugha.
Ana Łajming twòrziła przede wszëtczim krótczé pòwiôstczi prozatorsczé.
Piérwi to béł chłopsczi tuńc.
W 1953 r. zagrała femme fatale w Niagarze, filmie nakrãcónym w Technicolorze.
Nôzwëskò - je pòzwą rodzëznë, do chtërny nen człowiek słëchy.
Cantharellus cibarius var. tenuis Romagn.
Dlô zapisu biôłorusczégò jãzëka ùżiwô sã cyrilicë.
Znanką ji pisarstwa są kaszëbsczé dialodżi westrzód pòlsczi narracji.
Pamiãtnik – to je lëteracczi gatënk, relacjô pisónô prozą ò przëtrôfkach, chtërnych autor béł bëtnikiem abò òcznym swiôdkiem.
Kòl niegò je wies Ùcëskò.
Sakrameńt Swiãcéń przyjął 3 zélnika 1924 (w dzéń ùrodzén) we Włocławku (włocławskiej bazylice katedralnej) z rąk biskupa Wòjcecha Òwczarka.
Òlga Tokarczuk na Berlinale w Berlenie w 2017 rokù.
W cządze tim rozwijała aã zwëkòwô kùńszta ë rzemiãsła, jakno ceramika z biôłegò caledonu, lepszi jedwôb ë papiér, ruchna ë wiejôcze.
Chùtkò stałë sã równak normą zapisënczi „ò” i „ù” w nagłosu i pò współzwãkach: p, b, m, w, f, a téż k, g, ch, h np.
W wszelejaczich zakładach i chëczowëch gòspòdarztwach pòwstôwało wiele jindustriowégò i kòmùnalnégò sztokù, z chtërnégò znaczny dzél nie béł òbczëszcziwóné.
Kòscół koptyjsczi ùznôwôł jégò za pierszégò patrijachã Aleksandrii, a kòscół katolecczi, anglikańsczi, ewangelicczi, prawosławny i ormiansczi za swiãtégò.
Je dëchã niżeszi randżi, słëgą Pòkùsë.
Zwëczajnô kònoplëca (Linaria cannabina) - to je môłi ptôch z rodzëznë Fringillidae.
Kostrzyn nad Odrą, miem.
Przë ti chòroscë je gòrączka i błądzenié.
Sardinka - to je szlach rib z rodzëznë sledzowatëch (Clupeidae).
Pòst – to je dobrowólné strzimanié sã òd jedzeniégò, òglowò abò leno òd jedzeniô niechtërnëch zortów jestkù (np. miãsa), przez wëznaczony czas.
Zagrôła tedë Rose, dzéwczã zakòchóną w szkólnym na latnéch kòloniach.
Wzął ùdzél w pòdzale Rusë Włodzmirsczi, ùzëskùjącë m.jin. Włodzmiérz.
Ùmurł szesc dni pòzny, w czwiôstk 28 môja, w ùroczystosc Wniebowstąpienia Pańskiego.
Je to 1002 rok naszi erë (pò narodzenim Christusa), 2. rok drëdżégò tësąclecégò, 2. rok XI stolatégò, 2. rok 1-égò dzesãcolecô XI stolatégò.
Industrëjô je ôrt ekònomiczny produkcëji chtëren zajimô sã wëtwòrzewanim wôrów ë chtëren wëmôgô inwesticëji zacht kapitału nigle mòże bëc zwënégòwóny jaczi le zwësk.
Terôczasnô rãcznô bala ùfòrmòwała sã pòd kùńc XIX wiekù w nordowi Eùropie, przede wszëtczim w Danii, Miemcach, Norwegii i Szwecji.
Lasowô kùna (Martes martes) – to je rabùszny susk z rodzënë łasëczkòwatëch.
"Ùdôł sã w nocë nad mòrze, dze na strądze niedalek Rozewiô leżałë ògromné kamienie.
Bąsôk – to je dłudżi drąg zakùńczony metalowim hôkiem i pékôczem.
Gromada okrytonasienne (Magnoliophyta Cronquist), podgromada Magnoliophytina Frohne & U. Jensen ex Reveal, klasa Rosopsida Batsch, podklasa jasnotowe (Lamiidae Takht. ex Reveal), nadrząd Oleanae Takht., rząd oliwkowce (Oleales Lindl.
Pierszé je brëkòwany w codniowim jãzëkù, drëdżé - w òficjalnëch stojiznach.
Piérszé zmiónczi ò szkòłowiznié pòchòdzą z 1718 r. Wëdowiôdómë sã z nich, że pierszô szkòła wëbùdowónô w Radoszewie w drëdzé pòłowie XIX wiekù.
W Frizje są szkòłë w jaczich szkólni ùczą frizyjsczégò jãzëka.
Czôrnô òlszô abò czôrnô ólszka (Alnus glutinosa Gaertn.) – to je ôrt roscënë z rodzëznë brzózkòwatëch (Betulaceae Gray).
Ùrażewé zelé (Mentha arvensis L.) – to je wielelatnô roscëna z rodzëznë głëszkòwatëch.
Stolëcą Andorrë je gard Andorra la Vella.
W kùńcu wrócono do wëpróbòwónëch barokòwëch normów, òdrzuconé òstałë wąsczi menzurë romanticzny i wprowadzonô òstała tzw.
Krzëszlôk – to je drzewiany element np. w bôce, chtëren łączi spódk z bortą.
Jich przekrój mòże bëc prostonórtowi abò òwalny.
Wikszosc Kaszëbów mô dëbeltną identifikacëjã - nôrodną pòlską ë etniczną kaszëbską.
Jistnienié Miłoszewa pòcwierdzywają dokùmeńtë z 1342 rokù.
Òbëwatelskô Milicjô (ÒM) – to bëła ùnifòrmòwô państwòwô fòrmacjô ò charakterze pòlicyjowym, chërna bëła do utrzëmaniô statkù i pòrządkù, biôtczi z zleczińcama ë zapewnieniô pùblicznegò bezpiekù.
Do Wiôldżi Sobòtë nie mdã téż grałë òrganë ani zwòniłë zwónë.
Je tu wierã nôwikszi piéck swiata zbùdowany z 250 kachlów.
Jinicjatorã béł wójt gminë Lëniô - Łukôsz Jabłońsczi, chtëren przóde béł szkólnym kaszëbsczégò ë lubòwôł sã w kaszëbsczich lëteracczich dokôzach.
Kòlbrzéskô bliza je wôrt òbezdrzeniô.
Dwie trzecy ti wôrtoscë zajimò ògón.
Je to 1755 rok naszi erë (pò narodzenim Christusa), 755. rok drëdżégò tësąclecô, 55. rok XVIII stolatégò, 5. rok 6-égò dzesãcolecô XVIII stolatégò.
Je to 1705 rok naszi erë (pò narodzenim Christusa), 705. rok drëdżégò tësąclecô, 5. rok XVIII stolatégò, 5. rok 1-égò dzesãcolecô XVIII stolatégò.
Ne dwa roczniczi ùniesmiertniłë nôzwëskò Flóriana Cénôwë jakno ni blós jakno pierszégò pisôrza, pùblicësta czë dzejôrza, le téż wëdôwcã ë redachtora kaszëbsczégò.
Je to 1893 rok naszi erë (pò narodzenim Christusa), 893. rok drëdżégò tësąclecô, 93. rok XIX stolatégò, 3. rok 10-égò dzesãcolecô XIX stolatégò.
Równak dzysdniowe miono Japòńsczi je mést z kantońsczégò Jatbun.
Weterinarnô medicyna je ùczbą jakô òbjimô całosc wiédzë ò zdrowim ë chòroscach zwierzów, jich lékarzenim ë zascyganiém.
Stefan Ramułt (1859-1913) pòlsczi ùczałi, jãzëkòznajôrz, ùr. w Liszkach kòl Krosna.
Lëdztwò gminë: 3016 mieszkańców (
Mòże liczëc, że w przińdnëch latach wczasowëch chëczów ë agrokwatérów bãdze na Kaszëbach wicy.
Mô bëlny wãch, rôd (szlachǜje) cknie, przënôszô (aportùje)to co mù kôrzesz.
XVIII stalata szedł na dno.
Miotła – prosté nôrzãdzé, chtërno je brëkòwóné np. do zamiôtaniô smieców z pòdłogów.
Kôłk - je ùpiekłi z mączi, jaja ë mléka abò wòdë.
Òstatnym dniã jegò żëcô béł 16 lëstopadnik 1939 rokù.
Jegò drewno je ùżiwónë do wãdzeniô.
Leno òni téż, nigle wino sã nié rozkòscerzëło, pilë piwò.
Stąd béł szkólny Józef Skorowski (1902-1940).
Fitonim – to je pòzwa roscënë np.
Figówc sykòmòra abò Sykòmòra (Ficus sycomorus L.) - to je ôrt roscënë z rodzëznë (Moraceae).
Je to 1812 rok naszi erë (pò narodzenim Christusa), 812. rok drëdżégò tësąclecô, 12. rok XIX stolatégò, 2. rok 2-égò dzesãcolecô XIX stolatégò.
Papiéż Benedikt XVI (łac. Benedictus PP.
Në i ni ma cykcaka na krzebce.
Krótczi czôrny kléd – to je wiérzchny jednodzélowi białgowsczi òbleczënk, chtëren je czôrny, a òbkriwô zwiksza srąb i dzél nogów.
Liwkòwnica abò jaskùleczka (Hirundo rustica) - to je wanożny ptôch z rodzëznë jaskùleczkòwatëch (Hirundinidae).
Chcôł òrganizowac spòłeczeństwò dzecy òparté na zasadach sprawiedlëwòtë, równych praw i òbòwiązków.
Fele sztature to odchylenia òd òglowò przëjãtich céchów przënôléżny sztature.
Na wdôr zabitëch je pòstawiony kòl kòscoła kamianny òbelisk.
W gduńsczich szkòłach téż mòże sã ùczëc kaszëbsczégò.
To dô ni leno spùstny mòst, ale téż np.
Barô wôżny môl zajimają téż rëbë z rostu, piekłi ë gòtowóné.
Dolmaczonô na fińsczi jãzëk przez Kirsti Siraste-Suda.
Zlikwidowac ją je cãżkò, a pòdłùg prawa òna w Pòlsce nié mô rosnąc.
Zwolające lёste abò wiedno zeloné òkrzewe strzédny wiôlgosce.
Gitarë mòże pòdzelëc na dwie wiôldżé kategòrie: akùsticzné i elektriczné.
Pòlskô je na sódmym placu w swiece.
Ù samców na drëdżim segmence je baro złożony kòpùlacyjny aparat.
Stón rozcygô sã òd jezora Òntario i Erie do Atlanticczégò Òceanu (tikô gò na pôłniowim wschòdze).
Zebrónô sycëna (Juncus conglomeratus L.) - to je wielelatnô roscëna z rodzëznë sycënowatëch (Juncaceae).
Òd 1908 rokù béł biskùpã sufraganã archidiecezji w Chicagò.
Łąkòwô kòstrzewa (Festuca pratensis) - to je ôrt roscënë z rodzëznë Poaceae.
Òbrona Òksëwsczi Kãpë w 1939 rokù - bëła slédnym dzélã biôtków lądowi òbronë mòrsczégò strądù.
Z czasem tak pòwstôwała pòzwa wsë abò ji dzéla òd lëdzy, chtërni tam mieszkelë.
EUROCITIES - to je stowôra wiôldżich miastów w Eùropie, chtërna zajimô sã procesã jintegracjë na równiznie môlowëch samòrządzënów.
Tu wiater piôszczi i przenôszô piôsk z placa na plac, a zasëpiwô np. las.
Krëjamni Wòjskòwi Òrganizacëji "Pòmòrsczi Grif"
Edukacijã, na chtërnã składałë sã wszëstczi pòwszechné w tamtëch czasach przedmiotë i parã jãzëków òbcëch (łacena, greka, francusczi, anielsczi, hebrajsczi), zdobëł za pòsrednictwém òjca i priwatnëch szkólnëch.
Je to 1809 rok naszi erë (pò narodzenim Christusa), 809. rok drëdżégò tësąclecô, 9. rok XIX stolatégò, 9. rok 1-égò dzesãcolecô XIX stolatégò.
Zdzinãło 8 miónkôrzy i téż uczbieńcowie: Walter Crickmer, Bert Whalley, Tom Curry.
Tu je kòscół i kòl 3400 mieszkańców.
Aùtorã dokôzu „Pón Tadeùsz to je ostatni najachùnk na Lëtwie.
Strzódzemné Mòrze leżi w ùmiarkowanym klimace (klimat strzódzemnomòrsczi).
Chojnice ; Gdańsk : Zrzeszenie Kaszubsko-Pomorskie, 1984, ss.
Mòrskô czidzëna (Zostera marina L.) – to je wielelatnô roscëna z rodzëznë czidzënowatëch.
Do kùńca roku je 4 dniów.
Apòkrif - jakò lëteraturã apòkrifną òkreslô sã w egzegeze katolicczi lëteraturã żëdowską i stôrochrzescëjańską, nie zaliczoną do kanonu ksąg Swiãtégò Pisma.
Wedle wëdóny w 1714 r. we Frankfùrce i Lipskù kroniczi slasczi (Der Schlesischen Kern-Chronicke) w òdrãbnym sląsczim jãzëkù ùżywónym w mòwie i sztuce (pòezji) jistniało òd dôwna słowò Kraeppel.
Sopòt - Rzëmskòkatolëckô cerczew p.w. sw.
Nimbostratus (Ns – warstwòwô-deszczowô chmùra) je chmùrą niską z cemnoszarich warstwów, chtërna zwiksza czësto zacygô niebò.
Zamikają w se bòkadné historiczné, lëteracczé, etnograficzné, a nawetka pòliticzné materiałë, ë są dogłãbno sztudérowóné bez pòkòlenia badérów kaszëbiznë.
Editora je kòmpùtrową soft-wôrą brëkòwóną do zjinaczaniô dokôzu.
Jagódnik (Turdus pilaris) – to je ôrt ptôcha z rodzëznë drózdowatëch (Turdidae).
Szpétë krótczi z dłdżima pôlcoma.
Je to 1004 rok naszi erë (pò narodzenim Christusa), 4. rok drëdżégò tësąclecégò, 4. rok XI stolatégò, 4. rok 1-égò dzesãcolecô XI stolatégò.
Tu je Amatorsczi Kaszëbsczi Téater.
Na óbszarze całé Pólsczi krëczczi są pód scësłą óchroną póza gardama.
Zbiérôł pieniãdze, òrganizowôł chłopów do robòtë przy ji bùdowie.
Célã grë je ùdostanié wiãkszi lëczbë brómków jak procëmstawnô zdrëszëna.
Wilkòwór tasmańsczi (wilk wòrkòwati abò tasmańsczi; Thylacinus cynocephalus) – wëmarłi gatënk ssaka z rodzëznë wilkòwòrowatëch, nôwiãkszi drapieżny torbôcz dzysészich czasów.
Nôwicy lëdzy robi w sferze ùsłëgów.
Ale wcale ta rzecz sã tak ni mô.
Z niegò wòda sã ropi, ale nie òdpłiwô.
Jakùba z Jerozolëmë ze zmianama, jaczé wprowadzëlë sw.
Ji grób je w Żukowie.
Swiniô glistwa (Ascaris suum) - to je ôrt nitkówca (Nematoda) z rodzëznë Ascarididae.
Wic mòże bëc, że no piwò szlachòwało barżi za chlébòwim kwasã.
Je to 960 rok naszi erë (pò narodzenim Christusa), 960. rok pierszégò tësąclecégò, 60. rok X stolatégò, 10. rok 6-égò dzesãcolecô X stolatégò.
W Chinach a téż w sami Nordowi Kòreji, krôj zwóny je Pukchosŏn ("Nordowi Chosŏn"; 북조선; 北朝鮮).
Walcził z miemiecczim margrabią Hodonã, zwëcãżającë w wôżny biôtce pòd Cedënią w 972. Zdobëł téż ùjsce Òdrë.
Té wësëpiska,chtërné jistnieją, są ju wnetka czësto wëzwëskóné, a na ùmôlowanié nowëch nié ma zgòdë lëdztwa, chtërno mieszkô w sąsedztwie bédowónëch môlów.
Òni są w wëcmaniznie z państwã.
Pòtemù w titlu zôpadno-pòmòrsczich ksyżãtów bëło dux Slavorum et Cassubie.
Sztôłconé tu czedës w seminarii ksãża, bëlë przëszëkòwóné do starë ò dësze w pòlsczim i górnomiemiecczim jãzëkù.
Ten dentista z Kaszëb napisôł m.jin. Zielnik lekarski czyli Opis 125 ziół używanych w lecznictwie z podaniem ich uprawy i zastosowania.
Wëzwëskiwóné są òsoblëwie w bùdowiznie i ogrodzëznie.
Jakò przikłôd ùżëcô negò jistnika pòdôł słowôrz Sëchtë zdanié: „Bùczëna je tak dobrô jak òrzech do jedzeniô.”
Wëstãpujący w òbrëmié ò klimace ùmiarkòwónym na całi półkùli nordowi.
Nina Perczyńska, oprac.
Znosi przewôżnie 2 brunatné abò zelonawé jaja o srednëch wëmiarach 98 x 63 mm.
Fizyka (òd grecczégo φυσικός - nôtërny, òd φύσις - nôtëra) je nôtërną ùczbą chtërnô zajimô sã badérowanim swòjiznów ë przemianów materëje ë energije.
Pap - to je materiał do bùdowiznë np.
Je to jakbë "ùzupełnienié" Mszë sw. na wszëtczi gòdzënë dnia - przërëchtowanié do ni abò ji przedłużenié.
Gardë Sucre i La Paz są stolëcami państwa, a nôwikszi gard to Santa Cruz de la Sierra.
Bòcónë pòtrafią téż pògwizdëwac.
Béł òjcem CSsR i dzejôrzem kaszëbsczi kùlturë w Kanadze.
Domôcô mësz (Mus musculus) - to je grëzôk z rodzëznë mëszowatëch.
Harmonia axyridis – to je bączk z rodzëznë gòdzynkòwatëch.
Wiele jezdzëł pò swiece.
Kòle 1236 rokù włączony do Pòrénkòwi Pòmòrsczi.
Stôwkòwô żaba abò rzãsnica (Pelophylax lessonae Camerano, 1882) - to je łaza z rodzëznë żabòwatëch (Ranidae).
Miôł wiele białek, co drażniło jégò żonã, Herã.
Gardë w Pòlsce - pòlsczé môle i gminë, chtërné môją sztatus gardu.
Dorosłé òsobniczi lôtają wieczorama w wiôldżich chmarach nad pòdmłokłimi łąkama, kòl jezor, stawów i rzéków.
Biwają w ni Msze z Kaszëbską liturgią słowa.
Dzys jô ce gaszã, witro jô ce nazôd złożã" jakno rzeklëna na przeproszenié abò "Chto plwie w òdżin, tegò òdżin spôli" jakno dokôzanié sztrôfë za splëgawienié ògnia.
Ùżiwónô gò do òzdabianiô skrzinków, kastów i toaletnëch przibòrów.
Wikszosc nëch krajów wespółrobi w ramach „Eùropejsczégò Partnerstwa”.
Wies je na szlachù wòjewódzczi dardżi 25px ë wòjewódzczi dardżi 25px.
Dzysô żëją òni jakno ë jejich òtroce w Miemieckô.
Mòże òd 2008 do 2015 rokù òni żëlë w separacji.
Dzysdnia ùwôżô sã, że apòkrifama Starégò Testameńtu je ok.
Przewodnik po tak zw.
Ji editorama bëlë pisôrz ë filozófa Denis Diderot ôs jegò wespółrobòtnicë.
Apòkrifë të są wëdbą leno żëdowscziégò òkòlégò, le nie blós palestinsczégò – wiele z nich pòwstało w òkòlim diaspòrë babilońsczié, antiocheńsczié czë aleksandrëjsczié.
Skórcowô jagódka (Rubus saxatilis) - to je môłi czierz z rodzëznë różowatëch.
Jiné przëmiarë kaszëbsczi frazeòlogiji z témë ògnia są wësłôwë òdżin pãkô ze smiéchù ‘dobrze sã pôli’ òkòma òdżin/ wid zdichô ‘gasnie’, òdżin szedł na wãder ‘zgasł’ i òstawic òdżin przë żëcym, tj. na noc – procëm ùsmircëc òdżin ‘zgasëc’.
MÒRÈNKA żeruje przez całi rok.
Zachë te nóm òpòwiôdają ò przeżëcach te ùtwórcë” - pisôł ò nim np.
Tu je kòscół i szkòła.
Pò skùrczenim sã naładowónégò elektricznie cała i pòwstaniu czôrny dzurë, elektriczné pòlé ùlégô taczémù wzmòcnieniu, że zaczinają pòwstawac pôrë elektron – pòzyton.
Sulësława - kaszëbszczé miono białgowsczégò ôrtu.
Miłoszewo) - wies nad Łebą, leżącô we wschòdnym dzélu gminë i przë dôwny przëszlôdze do Mirochòwa.
Cządnik béł adresowóny przede wszëtczim do młodégò pòkòleniô pòmòrsczi jinteligencje.
Wëstãpùje w wiele jãzëkach swiata, przede wszëtczim aglutinacyjnëch.
Wiele z nich trzeba wëwiezc na wësëpiskò.
Dzãka temù nicht nie béł wsadzëny.
W skłôdze jednote je m.jin. Wlëga Karpentaria, Wiôlgô Artezëjskô Wlëga ë Wlëga Murray.
Noc timczasã mia sã pòmale do kùńca.
Jinszą wôżną przëczëną do napisaniô „Póna Tadeùsza” bëła cëszk za rodną Lëtwą, chtërną òpisół w „Jinwòkacji”: „Lëtwò!
Larwë mëgów są baro rëchawé.
Do kùńca roku je 136 dniów.
To béł dr h. c.
Je to 1887 rok naszi erë (pò narodzenim Christusa), 887. rok drëdżégò tësąclecô, 87. rok XIX stolatégò, 7. rok 9-égò dzesãcolecô XIX stolatégò.
Jón Bùgenhagen (miem. Johannes Bugenhagen, Doctor Pomeranus) (1485 - 1558) béł jednym z przédnëch refòrmatorów, téż na miarã nordowëch Miemców, nie leno Pòmòrza.
Je to 1840 rok naszi erë (pò narodzenim Christusa), 840. rok drëdżégò tësąclecô, 40. rok XIX stolatégò, 10. rok 4-égò dzesãcolecô XIX stolatégò.
Niechtërne lëdë ùwôżałë dãbë za drzewa – przepowiëdzene.
Papiéż Pius X (swiecczé miono Giuseppe Melchiorre Sarto; ùr.
We Francëszkù Innocenti pòznôł knôpa ze swégò snu i zatwiérdzył francëszkańsczi spòsób żëcô, pòlecëł bracom mniéjszym głoszenié nawróceniô i pòkùtë.
Je to 1740 rok naszi erë (pò narodzenim Christusa), 740. rok drëdżégò tësąclecô, 40. rok XVIII stolatégò, 10. rok 2-égò dzesãcolecô XVIII stolatégò.
Panóńsczi Słowiónie -
Skrzënia – to je skrzëniowi mébel, w chtërnym je plac do trzimaniô rzeczi w schòwie.
Deją Kaszëbsczich Dniów w Brukselë je pòkôzanié òsoblëwòsców Kaszëb i tegò, że wôrt je je òdwiedzëc.
Bëła sostrą i białką Kronosa, memka Demeter, Hadesa, Herë, Hestii, Pòsejdona i Zeùsa, a także Daktylów.
Mùzykańt graje, chłop z babą tuńcëją i wiele razy baba narzékô na strëcha, a strëch na babã.
Pawión (Papio) – to je szlach môłpów z rodzëznë makakòwatëch.
We Wiôldżi Piãtk, jinaczi Płaczëbóg, doma robi sã pòrządczi.
W czerwińcu 2015 òstôł òjcã chrzestnym jej sëna Leona.
Watikan abò Watikańsczi gard (
Pisklãta òpùszcziwają gniôzdo pò kòl 18 dniach.
Tuwò rozkòscerza sã zwëcz pielgrzymków dlô lëdzy z sąsôdnëch dzélów Pòlan.
Béł to bëlny ôrt rozkòscérzaniô kaszëbiznë midzë lëdzama z bùtna Kaszëb.
Wësztôłcëł sã przëpùszczalnie w II tësąclecu p.n.e. jakno jãzëk mieszkańców Lacjum w westrzédny Italie.
Mô jich wëdónëch pôrã: Na nordzie.
Dzãka mòżnocë òbrocaniô głowë w kòżdą stronã, sowa mòże łatwò zlokalizowac òfiarã i chùtkò na nią trzasnąc, chòc je cemno.
Szatlach (Rhamnus L.) – to je szlach roscënów z rodzëznë szatlachòwatëch.
Òna je we Warszawie.
Jakbë nabrôł na tã łëżeczkã materie neùtronowi gwiôzdë, to ta materia na łëżeczce wôżëłabë teli, co wszëtczé autółë na Zemi.
Wëstãpiwają téż na jinszich terenach i są m.jin. reprezentowóné przez sandr Piôsznicë.
Òn rosce pòd brzózkama.
To drzéwiã colemało rosce kòl rzéków.
Teologiô kòscoła sëgô apòstolsczich czasów (I st.).
W dôwnëch pòlsczich dòkùmentach pòjawia sã òd XII w., a co nômni od XV w. przez pòstëpné stalaté znajdëje sã w pierszéj trójce nômili nadôwónëch mion białogłòwsczéch, z wëjątkiem XIX w., czedë bëła ùwôżanô za jimię przestôrzałé.
Dzysô je nazwóny méstrã òd tãga.
Diôbeł zazérô w kòżdi nórt, zjôdô smaczczi, mòże kłoc widłama domôcëch.
Òn sztudérowôł teòlogiã w Pieniãżnie i béł dëchòwnym (SVD).
Epitet mô znaczënk dlô znaczeniégò słowów, chtërnëch sã tikô.
Jak lëdze ùzdrzelë krziż òd wieżë mògle kòscół òdkòpac.
Ruta - to je plaskatô tôfla szkła w òknie.
Klimat ùmiarkòwóny, pòd wpłiwã Atlanticczégò Òceanu (łagódné zëmë, chłodno òb lato).
Mała Encyklopedia Powszechna PWN – to je môłô pòlskô pòwszechnô encyklopediô wëdónô w rokù 1970 we Warszawie.
Łësënowi gnôt (łac. os frontale) – je w szkelece czërzepù.
Stôré òkazë tczóné bëłë jakno bóstwò bez wikszosc pierwòsznëch lëdów Eùropë.
Wiele razy òn béł wërëti.
Kaszëbsczé Zrzeszenié (òriginalnô pòzwa Zrzeszenie Kaszubskie) pòwstało 2 gòdnika 1956 rokù.
Do Angli òne doszłë razã z swòima szpańszczéma pônoma.
Wiôldzim zagrożeniém dlô mòrzczich wodów są wëcéczi sërégò òléju.
Na jednym drzéwiãcu są kwiatë leno jednégò szlachù - abò chłopsczé, abò białgowsczé.
Ùczãstnik Miónków Eùropë 2012 i 2016.
Drzewiany srąb je wëfùlowëwóny mùrã z cegłów, glëniano-słomianym abò gliniano-strzënowim, przë czim balczi òstôwają na wiéchrzù ë mògą bëc dekòracëjnym elemeńtã.
Drogã Krziżewą spiéwô sã òd pòczątkù XVIII stolecégò.
W 1920 Czijew òstateczno òstôł zajãti Czerwòną Armią i dołãczóny do Ùkrajińsczi Socjalistny Sowiecczi Repùbliczi, chtërnô w 1922 nalôzłô sã w składze Sowiecczégò Związkù.
W 2008 rokù tu mieszkało 239 lëdzy.
Minister przënôléżny do sprawów religijnëch wëznaniów a nôrodnëch i etnicznëch miészëznów kòżdégò rokù ògłôszô prawidła pòstãpòwaniô w sprawach tikającëch dôwaniô dotacëjów, ò chtërnëch je mòwa w ùst.
Efoj (Hedera helix L.) – to je pnącô roscëna, chtërna téż òb zëmã mô zeloné lëstë.
W Rozewiu są dwie blizë.
Registrowé włącznik (głos, register) włączô òsóbny grupë piszczówków ò jinszim brzmienim (flet, fagòt) i czãsto ò jinszi wiżawie zwãkù (m.in. 16’-stopòwé, 8’-stopòwé, 4’-stopòwé).
Wietrzné gòscëje (varicella) - są chòroscą ù lëdzy - w dzecyjnëch latach.
We wiele razach je jinszô układã i terminologijã a tam sam téż żlë chòdzy ò òpisywóne sprawë, zdarzenia òd pierwszéch trzëch, tj.
Od roku 1791 do 1817 kierował teatrém oraz wszestczima instytucjama oswiatowo-kulturalnymi ksiãstwa.
Òbczôs Królewsczich Prësów stolëca Pòmòrzczégò Wòjewództwa.
Kòżdô aùtokefalicznô Cerkwiô je czësto samòstójnô jeżlë jidze ò włôsné kanoniczné i administracyjné ùrządzenié.
Z ùbiwaniém lat klédowô móda sã zmieniwała, zanôlégało to òd, sztofù, módë, brëkòwnotë i wëgòdë.
Czësto Mòkszónów je kòl 296 900. Mòkszónie ë Erzjónie są nazëwône Mòrdwinama, leno taczé miono je baro kòntrowersëjné.
Gwësny przëkłôd to amerikańsczi Budweiser.
Jan III Sobieski – król Pòlsczi òd 1674 do 1696 rokù, syn Jakuba Sobieskiego, wòjewodë ruscziégò i pòna krakòwsczigò gardu oraz Zofii Teofili z Daniłowiczów (òtroczka prowadnika wojskòwégò Stanisława Żółkiewskiego).
Albùmë Basshunter sprzedônô na całim swiece w 6 milinów egzemplôrzy.
Gazowi blatk – to je zort blatka, w chtërnym je wëzwëskiwóny zemny gaz abò miészónka jinéch gazów.
Dzysô smòlôrz je tu zabôczonym warkã.
Je to 949 rok naszi erë (pò narodzenim Christusa), 949. rok pierszégò tësąclecégò, 49. rok X stolatégò, 9. rok 5-égò dzesãcolecô X stolatégò.
Zakòn powstał w 1617 rokù na pòtrzebë ti szkòłë.
Widzałima przëzjôdkama są bulgogi, galbi ë samgyeopsal.
Kònople (Cannabis sativa L.) - to roscëna z rodzëznë kònoplowatëch (Cannabaceae Endl.).
Òn baro z wiérzchù szlachùje za Arion rufus (Linnaeus, 1758).
Je to 1814 rok naszi erë (pò narodzenim Christusa), 814. rok drëdżégò tësąclecô, 14. rok XIX stolatégò, 4. rok 2-égò dzesãcolecô XIX stolatégò.
Ta sowa colemało nie bùduje swòigò gniôzda.
Łëżka do bótów – to je nôrzãdo do pòmòcë przë zakłôdaniu i zjimaniu bótów.
Mecz, chteren òdmikôł stadion òdbéł są mdzë Manchester United a Liverpoolem.
Sroka abò sarka (Pica pica) – zort strzédny wielgòscë ptôcha z rodzëne krëkòwatych.
Jikji to skrodzëna titla bùddijsczégò dokôzu, chtërnegò fùl titel to "Baegun Hwasanga antologijô ùczbów Wiôldżich Ksądzów ò identifikacëji dëcha Bùddë w praktikòwanim Seon.", wëdónegò w Kòreji w 1377.
Rezerwat Gòłãbiô Góra to je krajòbrazno-lasowy rezerwat ò wiéchrzëznie 6,95 ha.
Na spòdlim mirni ùgòdë z Westfaliji w 1648 r., pò trzëdzestolatny wòjnie, dzél Zôpôdni Pòmòrsczi òstôł Szwecczi a szwecczi król ód 1648 do lat 20. XVIII s. titelowôł sã jakno "Ksyż Kaszëbów".
Alba i stuła są pòd nią.
Nazwa 'guitarra' òsta wprowadzonô do jãzëka hiszpańsczégò pò X w., czej gitarë òstałë sprowadzoné na Jiberijsczi Półòstrów przez Maurów.
Òd niégò zanôlégò wiele robòtów i wëpòczink.
Je to 937 rok naszi erë (pò narodzenim Christusa), 937. rok pierszégò tësąclecégò, 37. rok X stolatégò, 7. rok 4-égò dzesãcolecô X stolatégò.
Tam gdze òna rosce, wòda je baro czëstô.
Dlôte téż Rzëm wińcowôł swojich nadzwëczajnëch obëwateli za zasłëdżi /zawdzãczi /wińcã z dãbòwëch lëstów.
Rôz pasturz sã rozgòrził i zaklął: "Ù biésa jaczégò, żebësta sã lepi w kamienie òbróca jak tak lôtôta!"
Sysełka – to je przécznô balka, chtërna wiãże kòzłë, a òne mają w górze scapòwanié.
W 2008 rokù tu mieszkało 202 lëdzy.
Chojnice ; Gdańsk : Zrzeszenie Kaszubsko-Pomorskie, 1984, s. 285.
"pazurczi" zrobioné z metalu abò twòrzëwa sztucznégò, jaczé nakłôdô sã na pôlce.
Władysław IV Waza – król Pòlsczi od 1632 do 1648 titëlarny król szwedzczi, syn Zygmunta III Wazy i Anny Austrёjôcczi córci areёksyżëca Karola Habsburga.
Ninia w pòcysterzczi cerczwi je katédra.
Jón béł téż biblofilã - lubòwnikã ksążek, miôł wiôlgą biblotékã z 10.463 ksążkami, 280 rãcznopisómi i 165 kartami.
Òd 1919 Janusz Kòrczôk współtwòrził téż drëgą instytucjã dlô pòlsczich dzecy Nasz Dom – Zakład Wëchòwawczi Nasz Dom w Pruszkòwie.
Nôprzód bëło pitanié do gòspòdarzów, czë chcą przëjąc karno kòlãdników słowama: "Chceta wa Panią Gwiôzdkã widzec?"
Paweł Rhode (ùr.
Hydrochoerus hydrochaeris) to je ôrt zemno-wòdnégò suska.
Tedë òjc zaprowadzëł ją do sãdzë.
Kaszëbsczi brydz- Baszka to baro skąplikowônô gra, póczi nie ùmnie so w nią grac.
Mùzeum wëdôwô téż wszelejaczé materiałë (ksążczi, katalodżi wëstawów, fòlderë ë jinszé).
Jinszym z wiôldzich bôjkopisarzy téj epoczi bëł Jignacy Krasicczi.
Jak wiele kaszëbsczi młodzëznë mùszôł przeńc przez Wehrmacht.
Napitk nen miôł wiôldżą rolã na nordze Eùropë.
Ledzë pielgrzimòwelë ju w stôrëch czasach (Egipt, Grecja, Rzim).
Pò rokù, òbczas chtërnégò ùmarlë jegò òjc ë brat, òstôł zaliczony do przédnëch prowôdników niédoszłégò pòwstaniô ë 17 lëstopadnika 1847 r., razã z 7 jinyma, òstôł skôzóny na smierc òbez scãcé topòrã.
Piłkôrz aktiwno robi w reklamòwi, jinwesticyjny, dewelopersczi czë mieszkaniowi branżë.
Atribùtã Katarzënë je téż zarãczinowi piestrzéń, wkłôdóny ji na pôlc przez Dzecã Jezës – je to symbòl misticznégò zdënkù z Christusã” (M. Jacniacka).
W Pòlsce żëje 6 gatënków płazów z ti rodzëznë.
W jãzëkach, chtërne ni mają przëpôdków, jistnieją alternatiwné spòsobë pòkôzaniô roli słowa w zdanim: pòrządk słów, ùżëcé przëmiónków i pòmiónków.
Miôł reka krtani i ni mógł na kùńc ju gôdac.
Drewniané tôblëce z 1980 rokù są wpisóné na lëstã swiatowi kùlturny erbë UNESCO.
Przódë w ùżëcym bëła wielorówniowò systema juwerna do ti wcyg brëkòwòny w Pôłniowi Kòreji.
Kùczer rozmieje sã òbchôdac z kòniama.
Pùstelniô zaprojektowónô zosta w pòmòrsczim stylu, òpartim na wzornictwie kaszëbsczégò bùdownictwa.
Òd 2005 r. ùtwórca dzejô w Pòspólny Kòmisëji Rządu a Nôrodnëch i Etnicznëch Miészëznów, jaczi òd łżekwiôta 2008 r. je wespółprzédnikã.
A czej przëszedł dlô ni czas òżenieniô sã, darmò szëkała bëńla, jaczi bë pasowôł ji wëmôganióm.
” abò – na nordze Kaszëb – „panëszką”
Pòwstało w 1975 rokù z jinicjatiwë Steve’a Harrisa, basowégò gitarzëstë.
Bëdli gzél (Hypoderma bovis) - to je ôrt òwada z rodzëznë gzykòwatëch (Oestridae), a pòdrodzëznë Hypodermatinae.
ORP Kaszub - to je pòlskò kòrwéta, na służbie òd 1987 rokù.
Nudle jawią sã równo pòdstawą niechtërnëch danió, jak i biwają dodôwkã do zupów.
Jakno ksądz béł nôprzód w Łãgù.
W Pòlsce prawòsławné słëchają do Pòlsczégò Aùtokefalicznégò Prawòsławnégò Kòscoła.
Rôz stolemòwô córka szła na Redunią rëbë łowic.
Kùrzélc abò ptôszni jastrzib (Accipiter gentilis) – to je wiôldżi ptôch z rodzëznë jastrzibòwatëch (Accipitridae).
Corvus monedula) – to je ôrt strzédnégò ptôcha z rodzëznë krëkòwatëch (Corvidae).
Je to 1397 rok naszi erë (pò narodzenim Christusa), 397. rok drëdżégò tësąclecô, 97. rok XIV stolatégò, 7. rok 10-égò dzesãcolecô XIV stolatégò.
Ni mają zwëkù chòdzeniô.
Òd 1205 rokù widac wiôlgą zmianã w pòstãpòwanim Francëszka.
Przewodnik, "Sport i Turystyka", Warszawa 1970, s. 59.
Ksãżé swiãcenia przëjimnął 1820 rokù.
Równak w tëch warunkach proces ten jidze dosc wòlno i pòstãpùje chùtkò dopiérze przë 5-7 stopniach cepła.
Ptôszé zelé (Polygonum aviculare L.) - to je roscëna z rodzëznë dërdestowatëch.
Òna cało je trëjącô, bò mô w se alkalojidë.
Gùszk (Blicca bioerkna syn.
Tej òna ùczeła taczi słowa: Jô jem zmartwëchwstanim i żëcim.
Chronométer - to je dosc dokładny miérca czasu.
Dôwni czãsto plotło sã krãżną techniką, co òznôczô, że zwiniãti w spiralã nieszczépióny kòrzéń przeplôtało sã szczépiónym kòrzeniã.
Òne są niewiôldżé, dosc grëbé i czôrné.
Cobë òna lepi szmaka w ni mòże bëc sëszony brzôd (np. jabka).
Òna miała z Lotem dwie córczi w Sodomie, równak mia z te gardu ùcekac i sã nie òbzerac.
Czej są na to chãtny tej corôz wicy gbùrów jidze na to, żebë dac swòjë jizbë gòscóm.
Pòpùlacje pôłniowo-eùropejsczé zëmùją w Pôłniowi Africe (na pôłnié òd Saharë).
Ibo Tvoje jest kraljevstvo i moč i slava, na věky věkov.
Dlô procëmnotë, Pôłniowô Kòreja, chternëj gòspòdarka je wòlnorënkòwô, je w pierszi dzesątce nôlepi rozwiniãtich krôjów na swiece.
Grad lasowatoscë je tu wiôldżi, òsoblëwie na sandrowëch òbéńdach.
Cykcakòwatô żnijaCykcakòwatô żnija (téż „znija” ë „zmija”) (Vipera berus) – to je ôrt gadzënë z rodzëznë żnijowatëch (Viperidae).
" (pòzdze òn sam zaczął brëkòwac nen titel).
Paweł Adamòwicz w 2018 r.
Le pózni pò III wòjnie anielskò–hòlendersczi òddelë te zemie Anglikóm, chtërny nadelë ji nowé miono Prowincjô Nowi Jork (1777 r.).
Òn béł òdznaczony Kawalersczim Krziżã Òrdéru Òdrodzeniégò Pòlsczi.
Zvjercadło kaszubskji" pisôł, że m. jin.
Temù te mùszą bëc pierszé zasadzoné.
Liturgiô gòdzënów je to mòdlëtwa, chtërną òdmôwiô są sétme razã na dzéń.
Na przełomie XVIII i XIX w. quilling został rozpòwszechnióny jakò hobby i spòsób na spãdzané czasu przez białczi równo w Anglii jak i Nowi Anglii.
Lëtra ta pòchòdzy òd grecczi lëtrë Epsilon (E, ε) i fenicczi Hē.
Parzelnica (Geum rivale) – to je roscëna z rodzëznë różowatëch.
Je to 1695 rok naszi erë (pò narodzenim Christusa), 695. rok drëdżégò tësąclecô, 95. rok XVII stolatégò, 5. rok 10-égò dzesãcolecô XVII stolatégò.
W II swiatowi wòjnie przeżiwôł wszëtczé tragedëje, chtërne przeniosła Kaszëbóm òkupacëjô.
Miodnô pszczoła żëje w familiach zwónëch rojama, chtërné skłôdają sã z robòtnic,samców (trónów)i pszczeli matczi(królewiónczi).
Bëło to kòl 1600 lëdzy i wiele z nich ùmarło òd tifùsu.
Òn pòwiedzôł, że to nie je nick òsoblëwégò, że òn wspòmôgô kaszëbiznã.
W Grzëbnie w 2008 rokù mieszkało 1189 lëdzy.
Chòc hangeul wëzdrzi kąsk za chińsczima znakama, je taczim samym alfabétem jakno łacëńsczi.
Ptôch wòdny z cémnyma, blós czôrnyma piórama z trochã zelonym a niebiesczim sklëniém.
Je to 941 rok naszi erë (pò narodzenim Christusa), 941. rok pierszégò tësąclecégò, 41. rok X stolatégò, 1. rok 5-égò dzesãcolecô X stolatégò.
Òna bëła zapisónô w 1926 rokù.
Do kùńca roku je 63 dniów.
Cządnik nen miôł wiôldżi cësk na przińdny rozwój kaszëbsczi lëteraturë i spopularizowanié kaszëbsczi dëchòwi i materialny kùlturë.
To òznaczô, że pòtómk białczi przemòże całowno wãża – proroctwò ò Mesjôszu i Jegò Matce.
Czôrné dzurë nie są wieczné, bò mògą wëparowac w wynikù procesów kwantowich zachôdającëch w mòcnich pòlach grawitacyjnëch.
Je mòżno, że òn w 1944 rokù zabił Miemca z KRIPO, chtëren zwôł sã Kurt Hagemann.
Katarzëna Kankòwskô-Filëpiôk (pòl. Katarzyna Kankowska-Filipiak; ùr.
Mãczelnica Cecyliô ùznôwónô je za swiãtą, a ji miono wëmienióné je w Rzimsczim Kanonie.
Tidzéń wprzódk, chtëren robi cząd wdôrzaniô nôbarżi wôżnëch dlô chrzescëjańsczi wiarë wëdôrzeniów, zwóny je Wiôldżim Tidzéniem.
Slëwa mandla (Prunus dulcis (Mill.) D.A.Webb) - to je ôrt roscënë z rodzëznë różowatëch (Rosaceae).
W lëpińcu 1852 r. dochtór Cénôwa przëjął bédënk Francëszka Czapsczégò ë òstôł lékarzã w jegò miéwstwach w Bùkòwcu, pòłożonym czilkanôsce kilométrów na zôpôd òd Swiecégò, za to dokładno (chòc wiele barżi) na pôłnié òd Słôwòszëna.
Slovenská republika, Slovensko) – państwò w westrzédnej Eùropie.
Sta sã swiatowym bestsellerã i zapòczątkòwa niesłabnącą widzałosc twórczoscë Fredericka Forsytha na swiecie.
Dzys czãsto zastãpiwô sã 'pùstczi' słowã 'wëbùdowanié' (pòlsczi: 'przysiółek', 'wybudowanie za wsią').
Pò wnetka 30-letni wòjnie, òbie starnë pòdpisôłë zgòdã na pòkój, chòc òdbëło so to ze zwënegą Mòngołów.
Sedzôł w Stôrogardze ë Grëdządzu, a òd lëstopadnika 1846 r. - w berlińsczim Mòabice.
We wsë wôrt zazdrzec do kòscoła, jaczégò òbstrój pòchôdô w dzélu z rëchlészi póznobarokòwi swiątnicë, jakô sta tuwò do 1946 rokù.
Napary i nalewczi z ziéla ówsa stosùje sã głównié przë bezsennoscach, òsłabieniu nerowëm i węczerpaniu na skùtk depresji i sëtuacjach stresowëch.
Czéde szlabiza nié mô wstãpnegò samòzwãkù, brëkùje sã pùstégò zaczątkù ㅇ ieung (nie brëkùje sã gò na kùńcu).
Sklëniący lasë lëscasti, terenë òdemkłi ò pòjedincznëch krzach, parczi ë aleje.
Temida (Θέμις) je bòżëną sprawiedlëwòtë z Grecczi.
Kùlturã mòżno w skrodzeniém òpisac jakò òglową lëdzką wërobinã, tak materialną jak i niématerialną.
Tak tej przëpôdô tu leno 122 lëdzy na 1 km².
Sistem zasëlaniégò skłôdô sã w òrganach z miechów, elektriczny dmùchawinë, rézerwùarë ë tiż kòduktów, to je lëftowëch kanałów.
Rapòrt stôł sã szerok znóny w nôùkowim swiece i béł zwëskóny w wiele jinszich słowarzach.
Jegò trzë sercowinë są midzë trzema lëstkama.
Te dwa cała krążą wkół pòspólnégò strzódka masë, a że czôrnô dzura je niewidocznô, wëdôwô sã, że jasny składnik òbrôcô sã wkół niczegò.
Felënk dimorfizmu pëłcowego.
Jedną z przëczën bëła chãc òderwaniégò sã òd wëdowizne Sony sparłączonô z chãcą wzica całi robòtë nad platama z swòje rãce.
Lato je wôżne téż np.
Pôłniowé pòpùlacje, co zamieszkiwają na wiedno pas letnégò klimatu – wanożné, przëlatëją w strëmiannikù i łżëkwiece, a òdlatiwają òd zélnika do séwnika, a zdarziwô sã, że jaż do lëstopadnika.
Flot rozmieje płënąc, le na baro krótczich sztrasach.
Je òna przistąpnô jakno LiveCD dlô architektùrów i686 ë amd64 z mòżnotą zainstalowaniô ji, dzãka pòmòcny instalacëjny programie, na cwiardim diskù.
Kléd pòchòdzy z strzédnowiecznëch mańtlów i pelerin na skùtk zmianë ich krojów i ùlepszeniô sztofów.
Pò wòjnie òn béł w Chmielnie.
Òd 1959 rokù béł rekorã Kòscoła Siostrów Wizytków w Warszawie.
Aktiwny w ni je m.jin. Zbigórz Gerszewsczi, chterën lubi wanożëc pò òkòlim, a téż Krësztof Zabrocczi i jiny.
Pierszi rôz tak bëło w 2006 rokù, czej môłi knôpiczk, symbòl Brukselë – Manneken Pis, béł òblokłi w kaszëbsczé ruchna.
Chòczewò je stolëcą gminy Chòczewò.
Je to 1864 rok naszi erë (pò narodzenim Christusa), 864. rok drëdżégò tësąclecô, 64. rok XIX stolatégò, 4. rok 7-égò dzesãcolecô XIX stolatégò.
Slëmiéń nie przënôlégô do wiôldżich wieszczórków, mierzi kòle 40-45 cm ë do 50 cm długòtë.
Òstôł wëparti blós do terenów Tasmanie, gdze wëdżinął w XX wiekù.
Cządnikã nym béł „Skôrb Kaszébsko-słovjnskjè mòvé”, wëdôwóny w r. 1866-68 w Swiécim, a zafùlowóny trzënôstim numrã w 1879 r., nôpewni w Pòznaniu.
"Infòrmatika je tak samò ò kòmpùtrach jak astronomijô ò dalekwzorach"
W pòlsczi ùczałi lëteraturze dominëje pòzdrzatk, że szląsczi etnolekt je karnã gwarów abò dialektów/pòddialektów w ramach pòlsczégò jãzëka.
Sidux kòncentrëje sã na graficznym òkrżém KDE ë zamëkô w òbrôzach ISO blós wòlną soft-wôrã, dôwając równak mòżnotã zladowaniô jinszy ze swòjegò serwera.
Je to 1910 rok naszi erë (pò narodzenim Christusa), 910. rok drëdżégò tësąclecô, 10. rok XX stolatégò, 10. rok 1-égò dzesãcolecô XX stolatégò.
Gò zaczãle bùdowac w 1343 rokù.
Jak òkresliwô E. Prëczkòwsczi „Kaszëbi, chtërny przódë nie bëlë nôłożen bëc na antenie TV, „Rodną Zemiã” ùwôżelë jakno swój program.
Maszewskô familëjô (von Massow) chcaa dac Rumlowi tak wiôldżi plachc zemi, jaczi ùdô mù sã przejachac na kóniu òd rena do wieczora, żebë le rojber zaprzestôł swòjégò dzejaniô.
Pòzwa wsë pòchôdô òd słowa "smaga", co òznôczô pragniączkã.
Pò ni ni mòżna wanożec.
Z pòczątkù je wôżnô cobë wiele gadac.
Są òne pòdług kluczowich słów zortowóne, chtërne jidzé pùzdni rozbùdowiwac.
Je to 1874 rok naszi erë (pò narodzenim Christusa), 874. rok drëdżégò tësąclecô, 74. rok XIX stolatégò, 4. rok 8-égò dzesãcolecô XIX stolatégò.
W eùropejsczich jãzëkach miono Japòńskô zjôwiô sã dzãka wanożnikòwi Marco Polo, chtëren zapisał wëmòwã mandarińsczégò òpisënkù tich zem: Ciapangu.
Autorowi czwiôrti Ewanielëji szło nôbarżi o to, żebë czëtińcowie jego pismión uwierzëlë w Jezësa Christusa ë nym sposobę zasłużëlë so na wieczé żëcë (20,31).
Kòwôl - zajimô sã robieniém rzeczi z metalu np.
Jak prãdkòsc ùcekaniégò przekrôczëłabë prãdkòsc widu, wid taczi gwiôzdë nie bëłbë w stanie do naju dotrzec.
Mięso cemné i lëbawé.
Stolëca i nôwikszi gard to Santiago de Chile.
Òbaji na co dzéń gôdelë pò kaszëbskù (Trojanowskô w nim gadac nie rozmia).
Do kùńca roku je 82 dniów.
Swãgòr (comedo) – zjinaka na skórze.
Na ti zemi òd kòl VI w. przez czileset lat mieszkelë Kaszëbi.
Do kùńca roku je 111 dniów.
Czedës gôdało sã w ni na ziemiach historëcznégò Dolnegò Szląska kòle Zelony Górë.
Zdrzi w lewò, ógón mô zwiniãti midzë nogoma.
Je aùtorką zbiérkù "Kôrba cëchotë" (1986) i jin.
W zélnikù 2010 r. ùkôzała sã òbszernô ksążka E. Gołąbka pt.
Wiodro słoneczné, wietrzné i sëché nie je dobré na sadzenié òsoblëwie na piôskòwëch i sëchëch gruńtach.
Béł w Pòlsczich Sëłach Zbrojnëch.
Je to 988 rok naszi erë (pò narodzenim Christusa), 988. rok pierszégò tësąclecégò, 88. rok X stolatégò, 8. rok 9-égò dzesãcolecô X stolatégò.
Tèż tu w kòscele probòszczem òd 1978 rokù béł ks.
Wòda miała wôżną rolą w czarzënie, òsoblëwò wiôlgônocnô i swiãconô na Trzech Królów, bò òna czëszcza.
Òno dzejało tu do 1914 rokù.
Wësztôłcenié - to je pòswiôdczonô dokùmeńtã wiédzô zwënégòwónô w òficjalnym systemie ùczbë (pùbliczné szkòłë, priwatné szkòłë).
Bòcón biôłi je zortem chtërnemù grozy wedżiniãcy, temù je òn òbjãti òchroną.
Lëturgiczny wspòmink òbchòdzony je w katolëcczim Kòscele 25 lëstopadnika.
Kòmisjô Zdrowiô – to je jedna ze sztabilnëch sejmòwëch kòmisjów.
Wierzono, że chto na taczi trafi, bãdze mieć szczescy w żëcém.
Je to skòk w ewòlucji wirusa, chtëren prowadzy do nowégò, dëcht wësok chòroscoùtwórczégò szczépù wirusowégò, jaczégò ni mòże złapac nasz òdpòrnoscowi ùkłôd.
Wiôldżi òst (Carduus crispus) – to je dwalatnô roscëna z rodzëznë astrowatëch.
Bùrczibas - jinstrument zrobiony z bùsczi pò bómkach (abò môłi beczczi) i kóńsczich włosów.
Gmina Nowô Wies (
"Kaszëbskô malëna" je wpisónô do europejsczigò systemu pòzwów i òznaczeniów geograficznych.
Wiãkszosc liberalnëch wchôdô do Swiatowi Lëtersczi Federacje (nôleżi do ni téż wiãkszosc „stôrich” państwowëch kòscołów Stôrégò Swiata).
Je to 1707 rok naszi erë (pò narodzenim Christusa), 707. rok drëdżégò tësąclecô, 7. rok XVIII stolatégò, 7. rok 1-égò dzesãcolecô XVIII stolatégò.
Pòdług teòrie Alberta Einsteina, w mòcnym pòlu grawitacyjnym czas płënie wòlni jak w słabszim.
Archipélagos - miono bizantyjsczéj prowincëji òbjimający przédne òstrowë Egejsczégò Mòrza) - karno òstrowów ùsadłich w blëze se, nôczãsczi ò sparłãczonym pòchodzënkù ë taczi sami geòlogòwi bùdacëji.
Centro Federal de Educação Tecnológica Celso Suckow da Fonseca (Ùniwersytet Rio de Janeiro) je wôżnym môlã dlô rozwiju nôùczi òd 1917 rokù.
Universidade Federal de Minas Gerais (Ùniwersytet Minas Gerais) je wôżnym môlã dlô rozwiju nôùczi òd 1927 rokù.
Słowiańsczé jãzëczi są grëpą jãzëków w òbéńdzë indoeùropejsczich jãzëków (bôłtosłowiańskô pòdrodzëzna).
Wespółrobiła z cządnikã "Płomyk", na łamach jaczégò debiutowała w 1919.
W nim są dwa skarniowé gnôtë.
Nieliczny, lokalnie średnio liczny, w Polsce ok.
Wilczé zelé (Euphorbia peplus L.) – to je jednorocznô roscëna z rodzëznë psotnikòwatëch.
Òna nie chcã gò słëchac i tedë wsadził ją do wieżë.
Szeroczé na 3 métrë ùsadzywelë z wiôldżich kamów.
Zwëczajnô grużdżelnica (Pulsatilla vulgaris L.) - to je ôrt roscënë z rodzëznë jastrownikòwatëch (Ranunculaceae).
Trus żëje kòle 10 lat.
To je wôżny turistny òstrzódk z wiele penzjónatama, wczasowima chëczama ë agrokwatérama.
Je to 1899 rok naszi erë (pò narodzenim Christusa), 899. rok drëdżégò tësąclecô, 99. rok XIX stolatégò, 9. rok 10-égò dzesãcolecô XIX stolatégò.
Ptôszczi ne żëwią sã nektarem kwiatów i roznôszają jich kwiatny pich.
Taczé słowôrze mògą zamëkac w se rozmajité fòrmë ë wariantë negò sómégò słowa we wszëtczich dialektach, ôs słowa znóné blós z runitwë, czë téż pòdóné przez infòrmatorów.
Grądol je òbsadzony na górze drobné wietewczi.
Franz Tetzner (ùr. 1863 rokù, - ùm.
Przëjimô sã, że pòzwa wëprowôdzô znónégò regionu Kaffa w Etiopii.
A wiãc më tak gôdómë, jak naszi przodkòwie gôdalë, to je pò kaszëbskù.
Na rëchcenim dostôł miono Bògùsłôw, pò starkù Bògùsławie V-im, bùdownikù zómkù w Dirlowie.
Błotnisty bòcónk (Geranium palustre L.) – to je ôrt roscënë z rodzëznë bòcónkòwatëch.
Nad jegò grobã pòstawióno kòscół i klôsztor òjców Benediktinów, a pòzdze klôsztór Kanoników laterańskich wd.
Całé tatrë zajmùją wièchrzëznã 7854 km2, z tegò dôla 175 m2 leżi w granicach polsczi, a 610 km2.
Mô baro długą brzegòwą liniã wedle Bôłtëcczégò Mòrza z wiãcy jak 2 tës.
Do kùńca roku je 77 dniów.
Òna zjôdô np. semiona.
Je to 1803 rok naszi erë (pò narodzenim Christusa), 803. rok drëdżégò tësąclecô, 3. rok XIX stolatégò, 3. rok 1-égò dzesãcolecô XIX stolatégò.
Na ten czas wëznôczô sã cząd drëdżi apòstolsczi rézë.
Kòle Stinga bëlë tam téż Eric Clapton, Jeff Beck czë Phil Collins.
Rozważanie Meditacjô, zwónô téż rozważiwaniém czë rozmëslaniém, to ôrt mòdlëtwë pòlegający na czerowaniu do Bòga swòich mësli, zwrôcani sã do Niegò w cëszi, bez użëwóni wëùczonëch fòrmùł.
Tégówka òcznô mô farwa apfelzynowô.
Bòsniô i Hercegòwina – państwò w pôłniowò-pòrénkòwi Eùropie, na Bałkańsczim Półòstrowie.
W zwëkù je òglowô spòwiédz, chòc ùznawónô je téż spòwiédz jindiwidualnô.
Ùchwôlą sejmù z 1496 rokù ùstanowiono kùrs złotégò na 30 groszy.
Òd przeszło 100 lat wiôldzi i mnijszi miasta òrganizëją masowi biédzi ùliczni na maratońsczim distansie.
Brzôd je okrągli jak jagòda, farwë czôrny, czerwòny abò biôłi.
Òtôczô ją Atlanticczi Òcean (Celticczé Mòrze na pôłnim, Irlandzczé Mòrze na pòrénkù).
Sënom pòzostawił państwò ò wiele wëższi pòzicje w Eùropie i przënômni pòdwòjonym teritorium.
Jegò białka ùwierzëła i pùrclów nasmażëła”.
Òstało 298 dniów do kùńca rokù.
Rozwijónô je òna przez Robert S. Lange, jegò białkã Cara Leah Lange ë Darrella Stavem.
Je pòmalny w rëchach, nie je chùtczi ani ùwinny.
Mòdlëtwa uspòsabia rozum i wòlã, abë żëc bliskò Bòga.
Na pùkle czôrnô, na brzëchù biôłô.
Bôczënk przërzesziwô sã tu do òchrónë przërodnégò òkrãżégò.
Wieprzô - to je rzéka dłużawë 112 km.
Mògą też chwëtac môłi wieszczórczi.
Òn béł np. do sekaniô gãségò miãsa na òkrasã.
Amaya integrëje wiele sztandardów, czegò rozkòscérzóné przezérniczi czãsto nie robią.
Ne wôrtoscë są nôwiksze westrzód wszestczich dzélów swiata, a to dlôte, że Azëjô je baro równoleżnikòwò ë pôłnikòwò rozcygniona.
Barżi na nordowi pòrénk je Mòngòlskô Wëszawa, chtërna je òkrążona pasmama: Ałtaju, Sajanów, Jabònowich Gór ë Wiôldżigô Chiganu.
Słowò Rzeczpospolita òznôczô repùblika.
Wies je nad jezorã Przëwidzczim ë na szlachù wòjewódzczi dardżi 25px.
Gard leżi na pòrénkù witebsczégò òbwodu, nad rzeką Dwina.
Jakno misjónôrz béł na Pòmòrzu, a tam ksyżã Wartësłôw béł przëmùszony do przëjãcô wiéchrzëznë Pòlsczi - ksyżëca Bòlesława Krzëwògãbégò - na skùtk niszczotnëch wòjnowëch cygniéń.
Niech sã swiãcy Twòje miono (2000).
Jegò zôrno mòże bëc kąsk trёjący.
Wejherowo : Urząd Miasta ; Poznań : Prowincja św.
Z krôgam òbrzezków òbeznôł gò òbzérnik szkòlny w bëcé miestnëch wëszëznôw.
Pierwòwzorã pòstacje rozdawający darënczi 6 gòdnika béł żëjący midzë III a IV wiekã w Turcje biskùp Mikòłôj z Mirrë.
Kròm tegò przëstãpné sã téż kazaniô ks.
Môrcën Kòszôłka - pòlsczi filmòwi òperator i reżiser dokùmentalnëch filmów a téż scenarzista.
Tuwò je Zespół Szkòłów nr 1 i Spòdlecznô Szkòła miona Wincãta Rogali, a ni dzece ùczą sã kaszëbsczégò jãzëka.
Ùstawa - w Pòlsce je ùstalonô w zgòdze z Konstëtucją, a ògłoszonô je pówszechno obrzésznym aktã prawnym.
W tëch stronach Krzëżôcë wòjowalé z Swiãtopôłkiem II.
Dzys na grobach pôli sã wiele znitów na wdôr tich, chtërny òdeszlë z tegò swiata.
Słuńce skłôdô sã z gòrący plazmë, jaką ùtrzëmiwô grawitacjô i jaką sztôłtëje magneticzné òkrãżé.
To òstatny òbrzeszało Jizraela do wiernote Jahwe ë pòswiącëwało naród dlô Bòga.
Pierszi rôz òsta zamieszczónô w 1959, w arkùszu wëdónym przez Karno Sztudérów Kaszëbów „Ormuzd”.
Téż na Kaszëbach òna bëła ùziwónô.
Cantharellus cibarius var. squamosus Pöll ex J. Murr (1916) - òdmiana co wëróżniô sã cwiardym trzonem, i kapeluszem pòkrytim cemnymi łuskami, wyzdrzi jak pieprznik pòmarańczowi (Cantharellus friesii Welw.
W jegò bògatim doróbkù są téż òbrazë kaszëbsczi, òrientalné ë tatrzańsczé, pòrtretë, kwiatë, òbrôzë biôtków.
Òb lato òn je bruno-żôłti, òb zëmã żółto-biôłi.
Miono Marta z jãzëka aramejsczégò òznôczô „pani”.
Miono Björk, procëmno do pòpùlarnégò pòzdrzatkù, nie je artisticznym pseùdonimã kùńsztôrczi, le ji zwëczajnym mionã.
Lancetowaty kagùlc (Cirsium vulgare (Savi.) Ten.) – to je ôrt roscënë z rodzëznë astrowatëch (Asteraceae).
Ansel Adams napisôł czile ksążków ò fòtografiji, w tim ùczbòwników dlô zaawansowónëch òdjimników.
W òbéńdze szôłtëstwa pòłożoné sã mniészé kòlonie: Òstowò, Sarnowkò.
Na òbéńdze Swiãti Górë je téż prawòsławny smãtôrz.
Co lubi jesc bòcón?
Gra me służëc jakò lùbkosc, miły spãdzenié wòlnegò czasu i rozrywka.
W Americe òd òkolim IX stalata p.n.e. robi sã m.jn. kùkùridzane piwò chibche, chtërne brało sã ze zwëkòwi fermentacëji kùkùridzanej soczëznë z dodôwkã ptialinë.
Białogłowsczim òdpòwiednikiem tegò miona je miono Môrcëna (Môrtëna).
Schwetz an der Weichsel 1890, Svjecè (Cenôwa), Svjecè nad Vjsłą (Cenôwa), gwar.
Je to 1873 rok naszi erë (pò narodzenim Christusa), 873. rok drëdżégò tësąclecô, 73. rok XIX stolatégò, 3. rok 8-égò dzesãcolecô XIX stolatégò.
Je to 1691 rok naszi erë (pò narodzenim Christusa), 691. rok drëdżégò tësąclecô, 91. rok XVII stolatégò, 1. rok 10-égò dzesãcolecô XVII stolatégò.
W 1953 rokù ùrzãdowim zarządzenim nadano pòzwã Swiãtô Górka w môl germańsczi Heiliger Berg.
Niżawny łukôcz (Bombina bombina) - to je łaza z rodzëznë łukôczowatëch.
Na dodôwk, są jesz rozmajité ôrtë pamiãców (np. krótëchnô pamiãc, długô, proceduralnô, emòcjonalnô).
Nówiący czinnych wùlkanów lądowich je w tzw.
Prawie wiedno dwùkòłowi, jednoszlachòwi, z kòłama ò ti sami przemiarze i lińcuchòwim nëkã na tylné kòło.
Jôdnô soczewica (Lens culinaris Medik.) – to je ôrt jednoroczny (latny) roscënë z rodzëznë bòbòwatëch (Fabaceae).
Nie dożdôł sã równak wëdaniô wszëtczich dzélów ny pòwiescë, chtërné òdbëło sã dopiérze pòd kùńc 1938 r. Tak samò wëzdrza sprawa z wëdanim jinszégò wôżnégò dokôzu A. Majkòwsczégò, czëlë Historii Kaszubów.
W hewòtnym rokù rozeszłosc juliańsczégò i gregòriańsczégò kalãdôrza wënôszała 11 dni.
Ekspercë mają gò za jednégò òd nôlepszich pòlsczich piłkarzów w historii, a téż jednégò òd nôlepszich westrzédnych napôdôczów i piłkarzów swòjégò pòkòleniô na swiece.
W òbéńdze szôłtëstwa je wies Sledzowô Hëta (lëdztwò: 60).
Żôłtô knąpka abò malbrónka (Leucanthemum vulgare Lam.) – to je roscëna z rodzëznë astrowatëch.
Gò brëkòwałë czasã np.
W Gòlëbë Krzëżôcë zbùdowalë zómk i nadalë gardowé prawò w 1421 r. Dobrziń miôł gardowé prawò od 1789 r. do 1870 r.
Kazimierz Mastalerz dokazëjący pòlską kònnicą w bitwie pòd Krojantama.
Wtikòwô bùska – ta szczëpnica przédôwô sã do przëłączaniô do ni òdbiérników elektriszowi energie, a na ògle òna je dzélã elektriszowi jinstalacje.
Ablacëjô mòże bëc przërëchlowóna na wiéchrzëznie lodofôłtu przez òddôwanie cepła òb kamiste spichë ë pichë, chtërne zmiészëwają wësoczé albedo lodu.
Wielekwiatowy bónk (Phaseolus coccineus) – to je jednorocznô roscëna z rodzëznë bòbòwatëch (Fabaceae).
W lecbie nie je widzec jich skrzidłów, są òne tej tãgòwą dôką.
Czãsto zdôrzają sã rozwiązania, jaczi są kombinacjama pòwëższech; w przeszłocë we wiôldżich mechanicznëch jinstrumentach bùdowóno tzw.
Je to 1728 rok naszi erë (pò narodzenim Christusa), 728. rok drëdżégò tësąclecô, 28. rok XVIII stolatégò, 8. rok 3-égò dzesãcolecô XVIII stolatégò.
Riszôrd Kasyna (pl Ryszard Kasyna) - ùr.
Nôsłôwniészim piwem negò zortu je Guinness.
"płaczący", dłudżé gałãze ùłożony są na bòczi, a wietewczi luzno zwisają w dół.
Swiónowò abò Sjónowò (
Żôłti sromòtnik (Amanita citrina Pers.) - to je grzib z rodzëznë mùchôrzowatëch (Amanitaceae).
Córeczkò zbierz to wszëstkò nazôd w klin i zanies na ten sóm môl, gdze to bëło.
Pòzwë òpôdënków: deszcz, plësk, sniég, dôka, mżëczka, grôd, kùrzatwa, żłódz, rosa.
Platëna abò platina (łac. ''Platinum') – to je chemiczny pierwiôstk, metal.
Mùskòwô grëżelka (łac. hypophysis) – to je gargùla bënë szkeletu czërzepù człowieka i zwierzów.
Białgowsczi kwiat je zelonawé.
Skarszewë (téż: Skarszewò; pòl.
Brzôd jeżën mòże bëc bédowóné lëdzom òb czas rekonwalescencjë np.
Swiãti Francëszk rozlubił sã w jãzëkù frańcësczim,dlôte nazwalë gò Francëszkã.
Pòzycjô ta wemôgô dobri òrientacje ë stanowitoscë.
Kaszëbsczi ùtwórca.
Òn żił do 1627 rokù.
Ùsztôłcenié terenu Serbie je baro teritorialno zróżnicowóné.
Za żëcégò òn miôł sobie cãżkò, bò czej szło ò wiarã stojôł mòckò za prôwdzëwą nôùką Kòscoła.
Jana Mòrdawsczégò, tołmaczënk Jerzi Tréder, Wëdowizna M. Rôżok przë wespółrobòce z Institutã Kaszëbsczim, Gduńsk 1999, ISBN 83-86608-65-X.
Alabaster - to je zort gipsu.
Na schemie cyframa są òznaczoné: 1 –
Żëto (Secale cereale) – ôrt zbòżô zëmòwégò abò jôrczi.
To mògą bëc np.
Niesamowite opowieści z Kaszub ze Słownika Sychty // W wieczórny dôce.
Dôkazë z wôłny òbchadane sã jakno forma nietrwałô.
Bersztén (we zdrojach: Berensten 1290, Berenstein, Barnstein, Bernestein, Bernstein; pòl.
Féliks Biuletin Radzëznë Kaszëbszégò Jãzëka 2008, K-PZ Gduńsk 2008, s. 42 Marszôłkòwsczi (ùr.
Las — zajimô wiôldżi sztëk zemi, na chtërny roscą drzéwiãtã, krze roscënë i żëją tam zwierzãta.
Wiéchrzëzna gardu skłôdô 348,84 km², lëdztwò 1,949 mln (stój na 1 rujana 2015).
Centro Federal de Educação Tecnológica de Minas Gerais (Ùniwersytet Minas Gerais) je wôżnym môlã dlô rozwiju nôùczi òd 1910 rokù.
W Cechòlëbie béł lëtersczi kòscół, ale òd dłëgszégò czasu òn je rozebróny.
W 1942 rokù òżenił sã z Barbarą Drapczińską w kòscele sw.
Nörabarg (czëtóné jakno Nörabaaj), miem.
W 1865 rokù jedna z nich bëła w kòscérsczim krézu.
Damroka (projekt Damroka Kaszëbë Joł) je mùzycznym karnã jaczé graje kaszëbskòjãzëkòwégò fòlka z elementama rockù.
Sërowina krótkò fermentëje i je czëszczónô.
Dłudżi Ùbrzég ë bôt "Kaszubski brzeg"
Òbrôcnik (łac. axis) – je w szkelece drëdżim z pôcorów w szëji.
Tu mieszkô wiele Pòlôchów i Rusków (
Je to 1860 rok naszi erë (pò narodzenim Christusa), 860. rok drëdżégò tësąclecô, 60. rok XIX stolatégò, 10. rok 6-égò dzesãcolecô XIX stolatégò.
Tu je sanktuarium Matczi Bòsczi.
Maszewò (we zdrojach: Massow 1253; pòl.
Płëwają baro chiże.
Mô spłaszczony sztôłt.
To razem kładze sã na stoliczku i przëcyskô pajkama.
Pò 2. swiatowi wòjnie nastąpił dalszi rozwij wsë.
Cecyliô ùrodzëła sã na zaczątkù III stalatégò.
Benik – misjónôrz z Warszawë.
Wikszosc z nich pòwstała w czasu òd II s. p.n.e. do kùńca I s. n.e.
Je zgrôwa bëło ë je ùsôdzenié letczégò, chùtczégò, drësznegò brëkòwnikom, z mòżnotą rozszérzaniegò przezérnika.
Cumulomnibus - je to gãsti òbłôk, chtëren sã rozbùdowôł w òbéndzë Pùcka òb lato 2014 rokù.
Nodżi i dzób żôłtawobruny,òczë bruny.
Numrë wersëjów òznôczają rok ë ksãżëc w jaczim mô sã nôslédnô ùkôzac ë tak n.p. 7.04 òznôczô tëli, że to wersëjô jakô sã pòkôza w 2007 rokù we łżekwiôce (04).
To je zelëskò na pòlach.
Zwùńc abò zajączé pësczi (Linaria vulgaris) to je ôrt wielelatny roscënë z rodzëznë przëdróżnikòwatëch (Plantaginaceae).
Żaba dalmatińskô rozmnôżô sã w zbiornikach stojący lub płënący wòdë.
Czerwona porzeczka Swiãtojónczi(pol.
Gòląbk Eùgeniusz, Wiéldżi pòlskò – kaszëbsczi słowôrz, Tom I, II Kaszëbskò – Pòmòrsczé Zrzeszenié, Gduńsk 2013.
W gòdnikù 1970 rokù krótkò ti òkrãtowni bëło wiele òfiarów (zabitëch).
Mëmka roda czasã téż bëwô dlô nich drãgô.
Pòmòrsczé wòjewództwò (Palatinatus Pomeranensis) - bëło w latach 1466–1772 jedną z jednostków pòdzélënkù Królewsczich Prës.
Stąd widzec je Cëpel Hélsczi i wòdë Hôwinga.
Jãzëczi: fińsczi, szwedzczi są tu ùrzãdowima.
XVI), czedes Josef Alois Ratzinger (ur. 1927 rokù w Marktl am Inn).
Ekòlogòwô żëwnota – je bëlnô, nieskażony i niezmòdernizowóny, ale przë ùtrzimanim brzadnoscë zemi mòżlëwie nôtërnyma szëkama, jistno je ze zwierzãcą produkcją.
Słëchełë gò rzmë lëdztwa.
Stôwôł sã téż figùrą w nôùkòwim swiece.
Òstałë z ni le rujinë, a tradicja pielgrzimòwaniégò bëła wëgasłô.
Czôrnogóra ògłosëła pełną samòstójnotã 3 czerwińca 2006 rokù.
Glëmza abò glomza – to je produkt zrobiony z krowiegò mléka.
W norodowim dzélu Gdùńszczégò Pòmòrzô wëstãpiwają pradolëznë.
Indoeùropejsczi genetiw przódë téż béł possessivusã.
Zwëczajnô wika (Vicia sativa) - to je roscëna z rodzëznë bòbòwatëch.
Je to roscëna trującô.
Òn mô swój pòczątk w 1260 rokù.
Ich prãdkòsc mòże dochòdzec nawetka do cziledziesiãcô metrów na sekùndã.
Òkrążają gò dwa òceanë: òd nordë ë pòrénkù Spòkójny a òd pôłniô ë zôpadu Jindijsczi.
W latach 1957–1995 znajdowôła sã pòd òchróną czãsciową, pòźni do 2014 rokù pòd òchróną scësłą, a òd 2014 rokù pòdlegô òchronie czãsciowej.
W II swiatowi wòjnie - w 1945 ròku - òna bëła baro zniszczonô.
W teologji islamù wëmieniwô sã Dżibrila, Malika (strażnika pieczielnégò ògnia), Izarila (janioła smiercë), Nakira i Mùnkara, Haruta i Maruta, Mikaila i Azrafaela.
Strata wodë, chtërno ùbiwa z dzurë kamiannégò statkù wëznôcza mijający czas.
Pòdle miemiecczégò gminnégò prawa, kréz je zrzeszã gminów ë jednostką sprôwnégò pòdzeleniégò.
Cezar rozgòrzony, ale liczącë sã z ùwôżanim Katarzënë, zwòłôł wiôldżé zéńdzenié filozofów z całégò kraju.
Tu w szemrejsczi szkòle dzece ùczą sã m. jin.
Òstrzëca (Gasterosteus aculeatus) - to je rëba z rodzëznë òstrzëcowatëch.
Złotowò (we zdrojach: Vulatovum 1370, Welatowo, Zlothaue, Majus Zlothkowo XV w., Slothowo 1491, Plotho XVIII w., Flatow, Złotowo;Złetowo(Cenôwa); pòl.
Krwawô palësznica (Digitaria sanguinalis) – to je ôrt z rodzëznë Poaceae.
Òne òstałë spisôné w jãzëkù hebrajsczim i aramejsczim.
Macerzónka (Thymus L.) – to je szlach roscënów z rodzëznë głëszkòwatëch (Lamiaceae).
To je òchrona przede drapieżnikiem.
Miemcë mają gò zabiti na zôczątkù II-dżi swiatowi wòjnë -
Niechtërny geòmòrfòlogòwie dopisëją kaszëbsczim pradolëznòm jinszą genezã; bierzą je za fòrmë przed òstatnym zlodzenim.
W nim są: dzél parkù pòzwóny „francësczim” - wëkònóné kòl 1760 rokù, a téż Stôwk Kôłpi i Lëpòwô Alé.
Jinstruktorã mùzycznym bëła Celina Leszczëńskô.
Mùzeum Westrzédnégò Pòmòrzégò w Słëpskù bë miało miec taczi krziż - Kaschubenkreuz.
Tak przërëchtowónô sërowina trôfiô do hańdlu pòd pòzwą „cynamón” Zofia Włodarczyk, Rośliny biblijne.
Bladi lës (Vulpes pallida) - to je ôrt suska z rodzëznë psowatëch (Canidae).
Chòc òne wëzdrzą jak jagòdë, są baszkami.
Te znóné z Pòmòrzka pòwstałё w cygù I w. n.e.pòrozszerzeniém germańsczégò plemienia Gòtów.
Parłãczi sã z tim pòmòrzczé wierzenié, że dzéwczã, co sã nie òżeniło, bãdze mùszało pò smiercë kòzë pasc (przed piekłã).
Midzë nima je krótkòwłosowi jôpscownik.
Dzys nôbarżi to je pies towarzëszny, chtëren lubi rozegracëje i szpacèrë.
Je to 970 rok naszi erë (pò narodzenim Christusa), 970. rok pierszégò tësąclecégò, 70. rok X stolatégò, 10. rok 7-égò dzesãcolecô X stolatégò.
Próbë ji òsoblëwi na nen czas kaszëbsczi deklamacji mòże pòsłëchac i jã samą ùzdrzëc tańcëjącą w filmie – dokùmence pt.
Je to 1876 rok naszi erë (pò narodzenim Christusa), 876. rok drëdżégò tësąclecô, 76. rok XIX stolatégò, 6. rok 8-égò dzesãcolecô XIX stolatégò.
Niemieckô, Niemcë abò Miemcë; Federalnô Repùblika Niemiec (
Szczecëno je nôwikszim gardã, chtëren òbjimô równo pòlskô, jak téż miemieckô definicëjô grańców regionu.
Je to 1603 rok naszi erë (pò narodzenim Christusa), 603. rok drëdżégò tësąclecô, 3. rok XVII stolatégò, 3. rok 1-égò dzesãcolecô XVII stolatégò.
Gòdzynka sédemkropka mô òwalny, wëpùkłi sztôłt i je dłudżé do 8 mm.
Jegò bùdowa bëła napòczãtô w 1930 rokù.
Nowô Zelandzkô - je państwã na òstrowach Spòkójnégò Òceanu.
Òbwód balë ùżëwóny przez chłopów: òd 58 do 60 cm, cãżkòsc: òd 425 do 475 g. Za to ù białków òbwód wënosy òd 54 do 56 cm, cãżkòsc òd 325 do 400 g.
Grable – rãczné nôrzãdło, chtërno brëkùją czasã np.
Nen kalãdôrz spózdzał sã 1 dzéń na 128 lat w òdnieseniu do zwrotnikòwégò rokù.
Są tam: zybówka, piôskòwnica, zjéżdżalniô, karasela, a téż plac na auta, łôwczi i deptowniczi.
To kòl 700 MB wiôlgô ë chùtkô distribùcëjô dlô Intela, AMD ë x86 kòmpatibilnëch kòmpùtrów.
Ùrôdzëł sã w rodzëznie z klasë yangban z rézë Pyeongsan Sinów.
Kòmisjô Ùstalaniô Pòzwów Miescowëch – to béł państwòwi òrgan przë minysterstwie w 1934 rokù i pò wòjnie òd 1945 do 1960 rokù.
Chłądë ti pnący roscënë na przëmiôr sã pną pò szaszkach w ògródkù i są cenczé, dżibczé, a téż rozcygnioné.
Przed dobòrowanim, jedne ôrtë gruńtów nôpierwi brëkùją agrotechniczny òbróbczi.
Òdnówcą liturgie gòdzënów w ewangelicyzmnie béł ks.
Na dôlny starnie skrzidła wildżi biôłi plachc, na wiérzchny starnie przeznórtny pôsk.
Sëszony brzôd dzeja téż procëm biegùnce, antisepticzno, procëm gòrączce.
Pòòstałi dzél sakrameńtów pòjawił sã w chrzescëjańsczi nôùczi pózni.
W ji grańcach je grzëpa Piôszczëtô.
Swiãtopôłk I na skùtk niszczotnëch wòjnowëch cygniéń òstôł òn przëmùszony w 1113 rokù do ùtratë gardów.
W pózniészim neolice kamiané krãdżi bёłё bùdowóné ju z wikszą precyzёją i môchã.
Historijô Łemków nie je za długô.
Głosowanié – to je metoda pòdjimaniô rozsądzënkù w zgromadzeniu lëdzczim taczim szëkiem, że kòżdi z bëtników tegò zgromadzeniô dôwô swój głos.
Pò wënëkaniém chińsczich wòjsk, Silla ùsôdzëła pierszé zunifikòwóné państwò, chtërne òbjimało wikszé dzél Kòrejańsczégò Półòstrowa - cząd ten zwóny je Zrzëszonô Silla.
Òn jinaczi dzelił òrganizmë – jegò klasyfikacjô òrganizmów bëła jinô jak dzysô je.
Zrobioné je z sëchi trôwë i wietwi.
Jeden z nich miôł gwiôzdã i ją òbrôcôł, drëdżi trzimôł skarbónkã na dëtczi, a trzecy mógł miec krëczew, a nią psë òdnëkôwac.
Òn je doktorã cywilnégò i kanonycznégò prawa.
W ceńtrum Smażëna zaòstôł sã 19-stalatny dwór (dzysô je tuwò Òstrzódk Rehabilitacje dlô Ùzależnionëch Lëdzy).
Czesczi Królestwò miało wôżną rolã w òbéńdze òd czasu hùsycczich religijnëch wòjnów w XV stolatim a téż w trzëdzescëlatny wòjnie w XVII stolatim, chtërné zacht òsłabiłë państwò.
Złocësti szakal (Canis aureus) - to je ôrt rabùsznégò suska ze szlachu wilków.
Òna mòże bëc ùziwónô na klepiszczu.
Miôł òn téż bëc wënadgrodzënim pòétë za to, że nie biôtkòwôł sã w lëstopadnikòwim pòwstanim.
Pò I swiatowi wòjnie wikszosc Miemców, jaczich na Kaszëbach bëło cziledzesąt tësący wëjachało òd nas.
Mielë òni finansowë problemë i jak zaczął sã XX wiek, kôżdi jima wrożił chùtczi kùńc.
Pò ùstãpienim lodofôłtu òna nie bëła do widzeniô, bò bëła fùl zastarzałégò lodu, przëkrëtégò mòrenowim materiałã; pòkôzała sã dopiérze pò òceplenim sã klimatu, przez wëtopienié sã negò zastarzałégò lodu.
Tëczno (we zdrojach: Thuitz 1266, Tuczna 1349, Thuczna 1364, terra Tucznieuiensis 1390, Tuczino 1571 (Ortelius), Tuczin 1584 (Ortelius), Tütz;Tuczno (Cenôwa); pòl.
Chagang pòdzéloné je na 3 gardë ("Si") ë 15 krézów ("Kun").
Przednëch Pòmrów (Vorpommern), a téż skrôwk Brambòrsczi.
W tim pòlu wszëtczé procesë ùlegają spòmalnieniu (dylatacjô czasu) z pùnktu widzeniô òbserwatora, a mòcné pòle grawitacyjné zmieniwô geòmetriczné własnoscë przestrzenië, cò òznôczô, że np. suma nórtów w trzënórce nie je rôwnô 180 gradóm.
Kòrzëstny są w lekarzeniô anemië, mają bòwiém mikroelementë pòtrzébné do twòrzeniô krwinek czerwionëch, m.in. żelazo i miedz.
Zmianë doticzą genu 6 òkreslonégò jakò DCDC2.
Ceną tegò bëło ùstanowienié dlô nich nastãpstwa tronu pòlsczégò, jakbë król ùmarł i ni miôł pòtomka, nastãpcã tronu.
Nawetka przeprowôdzelë bëdło i kònie gbùra do jegò sąsada.
Wôżną starodôwnotą je tu rzimskòkatolëcczi kòscół Sw.
Je to 1384 rok naszi erë (pò narodzenim Christusa), 384. rok drëdżégò tësąclecô, 84. rok XIV stolatégò, 4. rok 9-égò dzesãcolecô XIV stolatégò.
Pò tim przez dwa lata robił jakno szkólny w rzimskòkatolëcczi spòdlowi szkòle w Cramlington.
Szwedzkô jarzbina (Sorbus intermedia) – drzéwiã z rodzëznë różowatëch.
Je to 1601 rok naszi erë (pò narodzenim Christusa), 601. rok drëdżégò tësąclecô, 1. rok XVII stolatégò, 1. rok 1-égò dzesãcolecô XVII stolatégò.
Jegò dalszô rozbùdowa w slédnëch dwadzesce latach przesztôłcëła Lewinkò w wies.
W sylwestową noc młodzëzna strzélała z batugów i trzôskiem wëgónia stôri rok.
Dzysôdnia pòmerénczi ùżiwóné są leno do rekreacji a òbczas pòkôzków dlô letników.
Smierc w lagrze Stutthof nalezlë m. jin.
Jón Perszón gôdôł: "Jeżlë chcemë bëc kòl se gòspòdôrzama, mùszimë òbronic naszą jistnotã, naju dëszã, rodną mòwã i nasz etniczny charakter."
Wëkòrzëstiwano do niegò nie leno òdbitczi, le téż wëcãté elementë òrginalnëch òbrôzów.
W Waszingtonie je òd 1800 rokù Bibloteka Kongresu, a òna mô wiele ksążków pò kaszëbskù.
Sybirsczi tigris (Panthera tigris altaica) - to je pòdôrt suska z rodzëznë kòtowatëch (Felidae).
Òrzłową mô głowã, sznobel, skrzidła i krale.
W 1938 rokù zdôł maturã.
Òna mòże miec lôdã i pasowé kòło.
To je tak pòzwóny pnący chłąd wielekwiatowégò bónka.
W 1875 r. òdwiedzôł gò pòdobno Òskar Kòlberg, pisywôł z nim Sztefan Ramùłt, a pòd sóm kùńc żëcégò miôł leżnosc ùzdrzec gò krótkò Heronim Derdowsczi, chtëren przejął pò nim kaszëbską stanicã.
Przebiérają òne nawetka simfoniczną òrkiestrã, chòc graje na nich blós jeden człowiek.
Dokôz nen przerobiony òstôł pózni na òbrôzk na binã „Strache i zrękovjine”.
Bez cepłëch dłudżich do kòlón pantalonów białkom bëło zëmno.
Zwëczajny kalmùs (Acorus calamus L.) – to je wielelatnô roscëna z rodzëznë kalmùsowatëch (Acoraceae).
Nôprzód ten kapelusz je wëbrzëszóny, pòtemù sã rozszerzô i ùrôbiô we westrzódkù zagłãbienié,knąpkòwi, a pòtemù ledłowati.
Je to 1885 rok naszi erë (pò narodzenim Christusa), 885. rok drëdżégò tësąclecô, 85. rok XIX stolatégò, 5. rok 9-égò dzesãcolecô XIX stolatégò.
Na wdôr ùmarłëch i zabitëch lagrowëch je pòstawiony pamiątkòwô tôfla.
Je to 1773 rok naszi erë (pò narodzenim Christusa), 773. rok drëdżégò tësąclecô, 73. rok XVIII stolatégò, 3. rok 8-égò dzesãcolecô XVIII stolatégò.
Lëdze ò wësoczi niwiznie wësztôłceniô mają lepi rozwitą pamiãcową zdatnosc i abstrakcyjné mëszlenié.
Wòdny karëséwc abò Wòdnô krowa (Dytiscus marginalis) - to je wiôldżi bączk z rodzëznë karëséwcowatëch.
Zaostałoscą pò tëch ludach są serie grobniców (np. Newgrange).
W latach 50. pòjawił sã jaż w 200 telewizjowëch przedstôwkach.
Wòdny kòblunk (Nymphoides peltata) – to ôrt roscënë z rodzëznë bòbkòwatëch (Menyanthaceae).
W juniorkach je to 6 miónkarków, le w seniorkach grëpa skłôdô sã z 5 miónkôrków.
Òn mô dosc małą głowã i mòcné nodżi.
Register 16’ („szesnôscestopòwé”) transpònëje ò òktawã w dół (klawiszowi „C” òdpòwiôdô tej w brzëmieniu zwãk „C1” – C „kòntra”).
Leżi w lasny òbéńdze Tëchòlsczich Bòrów.
Grëpa zôpadnosłowiańsczich djalektów wëapartniła sã ju w cządze wanodżi lëdów, le dopiérze kòl VII s. mòże mòwic ò jich apartnoce.
Zôczątk dzélnicowégò rozbicégò pòdzelenié Pòlsczégò Ksãżstwa pòdle testamentu Bolesława Krzëwògãbégò.
Kukùlëca (Aquilegia vulgaris L.) - to je wielelatnô roscëna z rodzëznë jastrownikòwatëch (Ranunculaceae).
Czej równak jã przekroczi, je rzut wòlny dlô procëmstawny zdrëszënë.
Gajowi smôrszcz (Cepaea nemoralis) - to je smôrszcz z rodzëznë smôrszczowatëch.
Wëdôł pôrã spiéwôrzów, katézmùs ë „Dorade lekarzkje”, wznowił téż niechtërné wczasniészé swòjé tekstë.
Jegò spòdlowi cél to m. jin. rozwij kaszëbiznë.
Rusczé ë Amerikane nie chcele zôs zgòdzëc sã na wespólne sprôwianié Kòreją.
Westrzód bédowanëch mion nowich pòlsczich dëtków II Repùbliczi Pòlsczi nôwikszą zwëskał "lech", "pol" ë "złoty".
Je to 1805 rok naszi erë (pò narodzenim Christusa), 805. rok drëdżégò tësąclecô, 5. rok XIX stolatégò, 5. rok 1-égò dzesãcolecô XIX stolatégò.
Wëbùch supernowi, chtërën utworził tã dôczëznã i pùlsar, béł òdkrëti w 1054 rokù, co òdnotowùją liczné kroniczi.
Ji gwôscëcélã bëła spółka z o.o. „Media Kaszëbë”.
Trzëmają sę na wiéchrzëni stojącô wòd.
Przódëczasny Rzëmióne i Grecë wierzëlë, że dąb je sedzbą jich nôwëższich bóstwów –Jowisza i Zeùsa.
Do swiãtëch ksąg zarechòwóno te, chtërne bëłë spisané pò hebrajskù lub aramejskù – to je 39 ksąg.
Niezabôtka (Myosotis L.) - to je szlach roscënów z rodzëznë wòdrôkòwatëch.
Czedë dobiwô sã pùńktë, chtos z broniącëch mùszi rzëcëc balã z bramkòwi zonë do drëcha w strzodkòwim kòle.
W tim cządnikù pisôł m. jin.
W Stôrożëtnim Egipce gard miôł miono "Mn Nefr" w stôroegipsczim jãzëku i "Memphis" w grecczim jãzëku.
Samé leno jindustriowé òdpôdczi, jak np.
Skóra bòcóna kòl òczów je czôrnô, a westrzódk òka mô cemnobùrą abò szarą farwã.
Swiãti Pioter i Paweł - IV w.
Tak mòże bëc np.
Je òpublikòwóny jegò tołmaczënk z kaszëbsczégò na anielsczi H. Derdowsczégò: "O Panu Czorlińścim co do Pucka po sece jachoł".
Je to 980 rok naszi erë (pò narodzenim Christusa), 980. rok pierszégò tësąclecégò, 80. rok X stolatégò, 10 rok 8-égò dzesãcolecô X stolatégò.
To je cëzożiwca np.
Miôł òn bëc jak na henëtné czasë baro móderny.
Tam w Portage County Wisconsin òn béł pòlitikôrzã, a pòmôgôł m. jin.
Ewanieliô Łukasza mô ùkłôd pòdobny do Ewanielië Marka, z tim,że zawiérô dodatkòwò czãsc wstãpną – narodzenié i żëcé ùkrité Jana Chrzcëcela i Jezësa (,5-2,52).
W 1226 rokù òn sprowadzył Krzëżôków do Chełmińsczi Zemie.
Tedë na gromada zapòczinô swòjã akcjã w atakù.
W 1952 jachôł do Rzimù, gdze nastąpiła jegò chow przemiana.
Òné zëmùją w Eùropie, téż na Kaszëbach -
Je to 1788 rok naszi erë (pò narodzenim Christusa), 788. rok drëdżégò tësąclecô, 88. rok XVIII stolatégò, 8. rok 9-égò dzesãcolecô XVIII stolatégò.
Mikòłôjã straszoné są dzecë: Bądzta grzéczny, bò Mikòłôj wszëtkò widzy, a wama nick nie przëniese.
Jegò długô szëja pòdczas loty wëcygniony je do przódkù, a nodżi wëproszczony są dalek za ògón.
Napisôł m.jin. zbiérk hùmòresków "Tóna z pustk" (1983), a pò pòlskù Gawędy kaszubskie (1986).
Tu przë dardze stoi kaplëczka sw.
Wartosc òdżëwcza i energëtëczna ówsa je stosunkòwo wiôlgô, zawiera 2-3 razë wiãcy tłuszczu pòrównując jinszi zbòża.
Òni kòpią balã w III zdrëszënie w Pòlsce.
Budacëjô grzëba.
W lëpińcu 1834 r.òżenił sã z Celiną Szëmanowską, z chtërną miôł szesc dzôtków.
W 1856 rokù bëło tu bractwò trzézwòscë.
Nie wstidzta sã nigdë swego pòchòdzeniô, swich strón, starosjecczich strojów ji zwëkow, a ju nigdë, przenigdë nie wstidzta sã pò kaszëbskù gadac, chòcbë za to z waju smiôc sã ji weszczerzac miele."
To je rodnô mòwa dlô kòl 110 milionów lëdzy.
Jinszé kaszëbsczé miona: pajicznik, paklepnik, oktober ë rujan (chòrwacczi neòlogizm).
Przetrzima wòjnã, nie bëła za baro ùprôwianô, blós zdrój widu.
Kò prawie temù „Kaszëbsczé nótë” mòże nalezc na taskach, pòcztowëch kôrtkach, nalépkach, tédrach do mòbilków, kòszulkach czë téż na internetowëch starnach i fòlderach.
Tak długò to wërôbiac, jaż bãdą pãcherziczi lëftu i casto bãdze òdchôdało òd rãczi.
Boa dłôwnica (Boa constrictor) – to je ôrt gadzënë z rodzëznë dłôwiôrzów.
Czej miôł kòl 20 lat wstãpił do klôsztoru Regùlarnëch Kanoników swiãtégò Aùgùsta.
Je to 1908 rok naszi erë (pò narodzenim Christusa), 908. rok drëdżégò tësąclecô, 8. rok XX stolatégò, 8. rok 1-égò dzesãcolecô XX stolatégò.
Blónë mògą bëc: biôłé, czôrné, sniegòwé, drobné, grzmòtowé, wiatrowé, wełniané.
W Dagestanie mieszkô wiãcy jak 30 aùtochtónicznych etnicznych karnów, kôżda brëkùjącô apartną mòwã.
Pòczãtkòwò Monroe statistowała w filmach i tak jak inszi niedoswiadczeni aktorzy brała ùdzël w ùczbach spirwu, tuńca, pantomimy i jinszich sesjach òdjimkòwych, a także wzyrała rabòtã na planié filmòwym.
Niese kòle 6-8 brunawëch jajów.
Kòscół swiãtégò Jana w Gduńskù je z drëdzi pòłowë XIV stalata.
Ja òznôczô lëterã abò znak a mo mëmkã.
Òbczas twòrzeniô sã neùtronowi gwiôzdë, parmiéń maleje.
Òn i òna tak somò ùfarwòwóné.
Dzejôł òbczas II swiatowi wòjnë (òd 2 séwnika 1939 do 9 maja 1945).
Karë są wëpòsażóné w dwa ùchwëtë, przë pòmòcë chtërnëch ùnôszô sã je i pchô, czasã są téż cygniãté.
Tu je katédra, chtërną zaczãlë bùdowac w 1248 rokù.
Sztërëkòniowi zaprzig (quadriga) – to je wóz na dwùch kòłach z rzimsczich czasów zaprzãgły w sztërë kònie òkóm se.
Niechtërné sztëczi mògą zëmòwac w Strzédny Eùropie, ale z wiksza kòl składowisków smieców abò jinszëch môlów bòkadnëch w jedzenié.
Zarô pò tim zachòrzôł perkùsjownik Ted ë na jegò plac przëszed D.H. Peligro.
Na òbéńdze gminów z wiôlgą lëczbą przedstôwców nôrodnëch miészëznów mògą bëc òficjalnô brëkòwóné miészëznowé jãzëczi.
Pò tim samòstójnotnô rësznota baro aktiwno dzejała w Mandżurëji ë Syberëji.
To je łaza z rodzëznë żabòwatëch.
Je to 1414 rok naszi erë (pò narodzenim Christusa), 414. rok drëdżégò tësąclecô, 14. rok XV stolatégò, 4. rok 2-égò dzesãcolecô XV stolatégò.
Jinszé kaszëbsczé miona: gòdan, grëdzéń.
Je to 929 rok naszi erë (pò narodzenim Christusa), 929. rok pierszégò tësąclecégò, 29. rok X stolatégò, 9. rok 3-égò dzesãcolecô X stolatégò.
Olkusz je stolëcą olkuscziégò krézu.
Je to 1816 rok naszi erë (pò narodzenim Christusa), 816. rok drëdżégò tësąclecô, 16. rok XIX stolatégò, 6. rok 2-égò dzesãcolecô XIX stolatégò.
Òjc – to w òglowym znaczenim je chłop, jeden ze starszich gwësnégò dzecka abò dzecy (òjc rodzëznë).
Brak mòcnégò òstrzodka władzë ë spiérczi midzë ksãcama doprowadzëłë téż do trwałi stratë czãscë òbéńdë.
Czasã wëzdrzi kąsk jak walc.
Sprôwné pòdzelenié je ôrtã regionalizacëje, to znaczi pòdzelënkù państwa na sprôwné regionë, chtëren òpierô sã na różnëch kriteriach: geògraficznëch, dzejowëch, gòspòdarczëch, wëcmanowëch ë prawno-sprôwnëch.
Lëdztwò gardu: 108 mieszkańców (
W rzãdze Sphenisciformes wëróżnionô je jednô familiô (Spheniscidae).
Òbczôs ùradów Eùropejsczégò Parlamentu ë Eùropejsczi Radzëznë wiedno je zagwësnioné dolmaczenié na wszëtczé òficjalné jãzëczi EÙ.
Chrząszcz je tam, dze są mszëce.
Béł ju znóny np.
Stepnica (we zdrojach: Stepenitze, Groß Stepenitz; pòl.
Nowé Pòlaszczi (
W lëpińcu i zélnikù 1825 r.Mickewicz rézowôł pò Krimie.
Gãsô klóska (Scabiosa ochroleuca L. ) – to je ôrt roscënë z rodzëznë Caprifoliaceae Juss.
Tak je ju òd kùńca XVII wiekù.
W Płaczëbòga béł jadłé sëchi chléb i sëché bùlwë.
Pòtemù wëjachôł do Mòskwë, gdze wëdôł „Sonety” (1826).
Pòzwa wsë pòchôdô òd miona Miłosz.
Karwiô (pòl. Karwia, miem.
Cëkrowô strzëna (Saccharum officinarum L.) – to je ôrt z rodzëznë Poaceae.
Òna je nadzemny.
Tesktë są w wikszosce pòliticzno angażowóné, a tipicznym dlô punkòwich kòncertów je tuńc Pogo.
Òn pisôł m. jin.
!" i mòże czedës z nim béł zrzeszóny diôbli pôlc abò grzmòtny kam.
Leżi na òstrowiu ò jistnym mionie.
Parotydë ni wëstãpiwają.
W tim czasu òbëwatele, pò welowny rësznoce, mògą sã namëszlac, jaczi chcą zrobic wëbiér.
Ròbòta ni mòżé bëc jino brônu pòd ùwagã jakò óbiektwi leno mùszi trôktowac człowieka jakò subiektowi.
Òwczô kòstrzewa (Festuca ovina L.) - to je ôrt roscënë z rodzëznë Poaceae.
Tipòwym roscëznowym zbiérkã sparłãczonym z fùchtnym spódkã są nisczé torfòwiszcza, pòdskôcóné gruńtowëma wòdama.
Wôrtnosc gòla zalégô òd zonë, z chtërny bëło strzéloné.
Pòspół z pòdzelenim miemiecczégò państwa na apartną Federalną Repùblikã na zôpadze ë Demòkraticzną Repùblikã na pòrénkù, wërobił sã nowi pòliticzny pòrządk, chtëren òbtaksowôł dalszé kawle regionu.
Zlepieńcowé grotë kòl jez.
To dô też jiné płëdżi np.
W nim je m. jin.
Република Македонија) – państwò w pôłniowi Eùropie, na Bałkańsczim Półòstrowie.
Kąsk rëchli òn òbronił swój doktorsczi dokôz z teòlogie.
W 1967 ùdôł sã do Africzi, dze warôł kùstrzny konflikt midzë Nigerią a Biafrą.
Do kùńca roku je 92 dniów.
Psalm 130 (De profundis) je znóny w swiece, a pòchòdzy z Knédżi psalmów.
Sztatura Wòlnoscë, Wòdospôd Niagara, Wëższô Wòjskòwô Szkòła West Point, Central Park i jinszé.
Diôbli kam abò eratik - to je pòlodofôłtowi òksëp.
Je to 1399 rok naszi erë (pò narodzenim Christusa), 399. rok drëdżégò tësąclecô, 99. rok XIV stolatégò, 9. rok 10-égò dzesãcolecô XIV stolatégò.
W midzëwòjnowim cządze wies bëła kòl pòlskò-miemiecczi grańcë.
Na bòkù mają apfelzynowé plachë.
Stoji na przódkù lëstë nôlepszich kùcharzów Michelin.
Grac na gitarze ùcził sã m.jin. ù Freda McDowella.
Wika (Vicia L.) - to je szlach roscënów z rodzëznë bòbòwatëch.
Jégò pióra są czôrné i biôłé.
Stolëcą Kazachstanu je gard Nursultan.
Òd drëdżi stronë Pluton je wiãkszi niż tipòwi transneptunowy òbiektë, a téż wszëtczé planetoidë, chtërne krążą wkół Słuńca.
Je to 1747 rok naszi erë (pò narodzenim Christusa), 747. rok drëdżégò tësąclecô, 47. rok XVIII stolatégò, 7. rok 5-égò dzesãcolecô XVIII stolatégò.
Jakùba cygnącym sã do Santiago de Compòstela.
Nowi Dwór Wejrowsczi (
Józef Lanc, Gòdowé zwëczi na Kaszëbach, „Rëmskô Klëka” nr 12/2006.
Tu w 1466 rokù, na torëńsczim Dwórze Artusa béł pòdpisóny II torëńsczi mir z Krzëżôkamë.
Na Hawajach abò Reùnionie.
Jegò wiérztë są dolmaczoné na: bretońsczi, fińsczi, islandzczi i piemòncczi.
Robią to chùtkò i cëchò.
Nérkòwatô lucerna (Medicago lupulina L.) - to je ôrt roscënë z rodzëznë bòbòwatëch (Fabaceae).
Gòl je tedë, czej bala przeńdze brómkòwą lëniã całim òbwòdã i mdze bënë brómczi.
Dzys dnia liczbã czinnych wùlkanów szacëje sã na kòl 800. Wiãcy jak pòłowa z nich je na òbszarze lądowim.
Je to 1798 rok naszi erë (pò narodzenim Christusa), 798. rok drëdżégò tësąclecô, 98. rok XVIII stolatégò, 8. rok 10-égò dzesãcolecô XVIII stolatégò.
Terô òna je płaconô òd 1871 rokù.
Tedë ùstanowiono òpisënk òbrechùnkòwi jednotë równy 30 groszy (gr) jakno pòlsczi złoty (złp.), zwóny téż florenã (fl).
Czôrnô dzura – je to twór grawitacje, chtërny pòdlegają cząstczi ò môłich i wiôldżich masach, a nawetka wid.
Òstrów je zamieszkóni òd 4.500 lat przez eskimosczé plemiona Inuitów, chtërni przecygli z Kanade.
Dzysô je to jednen z nôbarżi szëkónëch albùmów Bad Religion (òficjalno platã copniãto z lëstë abùmów jaczi jidze kùpic).
Ògón czerwònobruny z wiérzchù i jasnoszari òd spòdu, dosc wiele wcãti (żóden eùropejsczi rabùsznik ni mô tak wiôldżégò wcãcô jak kania).
Cantharellus cibarius var. albus Fr.
W zdaniu mòże wëstãpòwac przede wszëtczim jakò pòdmiot i dopełnienié.
Pò czile latach nowi bùdink béł ùkuńczony.
Jak to mòżlëwé, że tak pòwólny gôd cos chwôcy?
Przez nierówną akùmùlacjã i przesuwanie sã ùscowëch remionów rzéczi, jak téż przez ùsztôłcenié plejstoceńsczi grùntowinë teren nie je idealno plaskati.
Jakùba bëło przewiozły bôłtem do nordowy Szpańsczi, a pòtemu pòchòwóny w môlu, w chternym dzysô je gard Santiago de Compostela.
Nôbarżi znónym pùlsarã je pùlsar w Dôczëznie Kraba.
Dzysô je w centrum gardu.
Zachë nôùkòwé Cénôwa ùwôżôł sobie baro ë m.jin. òd 1853 r. do smiercë béł nôleżnikã Towarzëstwa Nôùkòwé Pòmòcë dlô Młodzëznë Zapôdnëch Prës, płacącë dosc wiôldżé dëtczi na sztipendë dlô biédnëch ùczniów ë sztudérów.
Môrcën Kòszôłka sygnął pò rzôdką w górsczim filmie tematikã przemijaniô i staroscë.
W ùszłëch stalatach òn béł ùżiwóny w zadëszną noc, a grało sã na nim diôbelską mùzykã.
; Brzôd: Składô sã z licznëch, czerwionëch, rzôdkò żółtëch abò cymnopùrpùrowëch ("czôrné malinë") pùszysto włosatëch môłëch pestkòwców zebrônëch w brzôd zbiorowé, pòtoczno zwôné "malënami".
Pamiãc równak nie je le jednorodnym procesã, a ji trwałi szlach pòwstôwô na skùtk trzech fazów, co jidą jedna za drëgą.
Jednym słowã starkòwie i dzôtuszczi bë sã mielë szczépic procem gripie!
Bùjón (Paeonia officinalis L.) - to je roscëna z rodzëznë bùjónowatëch.
Wies ne czasu słëcha do chmielińsczi kasztelanii.
Swiécznik (Koeleria glauca L.) - to je roscëna z rodzëznë Poaceae.
Peplón abò piôskòwy peplón (Honckenya peploides L.) – to je wielelatnô roscëna z rodzëznë granôtkòwatëch (Caryophyllaceae).
Tu je spòdlecznô szkòła.
Mauna Loa – nôwiãkszi czinny wùlkan na Zemi.
Je to 903 rok naszi erë (pò narodzenim Christusa), 903. rok pierszégò tësąclecégò, 3. rok X stolatégò, 3. rok 1-égò dzesãcolecô X stolatégò.
Wszechswiat, zwóny téż Kòsmòsã, w òglowim rozmienim òznaczô wszëtkò co nas òkrãżô, całą materiã i energiã.
Już wówczas aktorka znana bëła z tegò, że na planie zabëła tëkstu, òrãdzała sã, a czasã w ògóle nie stawiała sã na czas w rabòce.
Jegò òjcã béł Môrcën Szulëst.
Wielikomuczenica Jekatierina (ùr. k. 294, zm. k. 310) – chrzescëjóńskô mãczenica, jednô z Sztërnastu Swiãtëch Wspòmòżycelów, swiãtô Kòscoła katolëcczégò i prawòsławnégò.
Pòkaziwują òne kòmpleksowë internetowé starnë, z grafikama, tekstã ë Pluginsama.
W ti strefie je wicy jak 90% czinnych wùlkanów lądowich na Zemi, z chtërnych nôwiãkszi jes Òjos dl Salado w Chile.
Krëwiónk (Achillea millefolium L.) – to je roscëna z rodzëznë astrowatëch.
Zwëczajny brzëmielnik (Euonymus europaeus L.) – to je czerz z rodzëznë Celastraceae.
W Brusach mieszkô kòl 4500 lëdzy.
Jim mòcni dzéwczã bãdze wëdëgòwónô, tim lepi dlô ni, bò flot naléze bëlnégò chłopa, a przez całi rok "nie mdą ji pchłë grëzłë".
Pòlipë ùkłôdają sã twòrząc kalkòwé srąbë, chtërne mòżna czesto letkò òddzelëc òd resztë cała zwierzãca.
W 1236 rokù ksążã Sambór II béł wënëkańcã.
Na ògle szczépë wirusa gripë céchùją sã gatënkòwą swòjizną, tj. jinaczi sã namnôżają w rozmajitëch ôrtach gòspòdarzów.
Rzëmianowie ë Grekòwie są znóny colemało z robieniô wina.
Wies dłudżi lata słëcha do familëji Krokòwsczich (von Krockow).
Słëchającë przekònywający nôùczi pòbòżnégò pùstelnika, òba dwa białczi, mëmka i córka, – ùwierzëłë w Christusa.
Do kùńca roku je 57 dniów.
Tradicjô kôże je nadzewac przed smażeniém.
Gdańsk : Centralne Muzeum Morskie, 2012.
Wiãcórk - to béł ôrt klôtczi do łowieniô rëbów.
Wiele blizów mòżna òbzërac.
Do kùńca roku je 64 dniów.
Łëczk (Allium schoenoprasum L.) - to je roscëna z rodzëznë czosnikòwatëch, wôżnô dlô kaszëbsczi kùchni (przëprawa).
Czëdes bëłë tu lasë i piłë.
Strzédnô wiżô nad równią mòrza to 750 métrów a nadżib terenu w wikszim parce prowincëji to 15-40 gradusów.
Kòl niegò krótkò je drëdżi kòscół.
Òkòło pajicznika do Pòlsczi przëlatywąją ze wschòdu wiôldżé stada krëczków i òstają na zëmã.
Zwëczajny cetrzéw (Lyrurus tetrix) – to je wiôldżi ptôch z rodzëznë kùrowatëch (Phasianidae).
Co je wôżné, wëzortowanié nëch ôrtów pamiãcë i fazów pòwstôwaniô trwałégò pamiãcowégò szlachù mô swòje głãbòczé kliniczné ùdokaznienié i parłãczi sã z rëchtowanim psychicznëch fùnkcji w mùskù człowieka.
Kòl 200 000 dzéwùsów ë białków, w wikszim dzélu z Kòreji ë Chinów, bëło zmùszônëch do prostitucëji, jakno tak zwóné "kòmfortowé białczi".
Je to 1850 rok naszi erë (pò narodzenim Christusa), 850. rok drëdżégò tësąclecô, 50. rok XIX stolatégò, 10. rok 5-égò dzesãcolecô XIX stolatégò.
Zagrôła tam romanticzną, młodą biôłkã, chtërna, pòddôwóna swòjim pòżądlëwòscóm, odwôżëła wszëtkò co miôła.
Lëdzënka abò zwëczajnô żaba (Rana temporaria) - to je łaza z rodzëznë żabòwatëch.
Mòdlëtwa je rozmòwą duchòwą, w chtërné chrzescëjónie mòdlą sã téż ( w kòscele rzymskòkatolëcczim) do swiãtëch ò wstawiennictwò ù Bòga.
Za tą robòtã przë kòminach wszëtczich bùdinków trzeba bëło płacëc i gbùrzë nie chcelë słëchac tegò nôkazu.
Chòc w wiele nôstarszich dzełach òkreslenié menzura tikô tak samò długòscë jakno széżawë piszczówek, jednak w nowszëch czasach òkreslô wiedno stosunk szérzawë do długòscë piszczówczi.
Latów dozdrzeniałich dożiłë Marija Magdaléna (ùr. 1861) ë Barnisłôwa (ùr. 1869).
Pôłniowim przëdłëżeniã Sino-Tibetańsczich Górów są gòrsczié pasma Jindochinsczégò Półòstrowa ë Malajsczej Òstrowine.
Ptôszô wika (Vicia dasycarpa) - to je roscëna z rodzëznë bòbòwatëch.
Lëtra ta pòchòdzy òd grecczi lëtrë alfa (Α, α) i fenicczi alef.
Psy klészcz (Ixodes ricinus L.) – to je ôrt môłégò zwierza z rzãdu Ixodida.
Òb czas ùczbë w gimnazjum przënôlégôł do filomacczégò karna „Mickiewicz”, gdze miôł leżnosc zapòznac sã z pòlską historią i pismienizną.
Je to 962 rok naszi erë (pò narodzenim Christusa), 962. rok pierszégò tësąclecégò, 62. rok X stolatégò, 2. rok 7-égò dzesãcolecô X stolatégò.
Bëłë głosë, że spisënk bëł sfalszowany a wiele lëdzy nie mògło pòdac kaszëbsczi nôrodnoscë.
We współrobòce z nią są m. jin.
Ji sostrë i bracia ostëlë lékarzami i szkólnymi.
Òglowo, w biôtkach lądowi òbronë mòrsczégò strądù zdżinãło ë bëło renionëch kòle 5 tësãcy żôłniérzów ë dobrowólników.
Wiele pipów nie blus przëdatnyma statkã, ale téż mają artistycznô wôrtnota.
Pò przejimniãcym władzë przez Adolfa Hitlera w 1933 Mann pòstanowił wëemigrowac.
Sekôcz – to bëło rãczné nôrzãdzé do sekaniô wrëków, rąklë.
Òbczas I swiatowi wòjnë Tamara sztudérowôłô w Petersbùrgù na akademie kùńsztu.
Aktiwny tam béł m. jin.
Béł òrganizatorã i dowódcą ògniowich òddzałów, wchódającëch w skłôd armii Rzimsczégò Jimperium.
Dodac rozrobioné młodze i kąsk smiotanë.
Ale wejleno są taczé szczépë wirusów ptôszi gripë i lëdzczi gripë, co mògą sã namnażac w kòmórkach òddëchòwégò nabłonka swiniów.
Jak òn pisze Kaszëbi w rozmajitëch parafiach jinaczi gôdają.
To wierã béł wôżny bóżk.
Je to 912 rok naszi erë (pò narodzenim Christusa), 912. rok pierszégò tësąclecégò, 12. rok X stolatégò, 2. rok 2-égò dzesãcolecô X stolatégò.
Óws kòrzëstnié dzała na błonã sluzowe i aktywizùje hòrmònë.
Dzãka témù staraniémù czëtinc doznôwô wrażenié, jakbë to cëż czëtôł, bëło swégò órtù repòrtôżã, rapòrtã.
Piôskòwi òzdobnik (Calamagrostis epigejos) - to je ôrt roscënë z rodzëznë Poaceae.
Prawôżczi z ôrtu Meganeura i Meganeuropsis bëłë nôwiãkszimi ze znónëch òwadów ò wiôldżich skrzidłach do 720 mm abò 750 mm.
W przërównanim do sparłãczenia Miemców, nót je dozdrzéc, że stón gòspòdarczi Pôłniowi Kòreji je wiele lechszi nigle ti w Zôpadny Miemiecczi, a ekònomija Nordowi Kòreji na zacht lechszi równiszcze nigle bëło to we Pòrénkòwi Miemiecczi.
Pòdobne dzejanié, le jesz mòcniészi mają lëstë, chtërne òkróm tegò skùtkùją mòczopãdnie, żôłcopãdnie, procëmzapôlnie, procëmbakterijnie, scygająco ë pòprôwiają przemianã materië.
Òni dorôstôlë oni w żołądkù Kronosa, a ni mòglë zgdzinąc - bògòwie bëlë niesmiertelni.
Wòjcecha Górsczigù w Warszawie.
Zwëczajny bùksówc (Buxus sempervirens) – to je czerz z rodzëznë bùksówcowatëch (Buxaceae).
Maszoperiô – to je zrzeszenié mòrsczich rëbôków, chtërno pòspół łowi i dzeli rëbë.
Mô szeroczi kréz zajinteresowaniów, m.jin. historiô, lëteratura, mùzyka.
Òna mia ùstalëc pòzwë zamieszkałëch òbiektów i fizjograficzëch, wiele razy zmienic niemiecczé na pòlsczé.
Kaszëbsczim Karnie Piesni i Tuńca "Kaszëbë"
Dzysô kòwôl je tu dosc zabôczonym warkã.
Òn je jak żëwi kòmórkòwi òrganizm, ale téż jak nieżëwô materiô, to je cëzożiwca w kòmórce.
Biôłô kòniczëna (Trifolium repens L.) – to je roscëna z rodzëznë bòbòwatëch.
Wiadło ò "marszu smiercë"
Gôdô nim kòl 28 mln lëdzy przédnëm môlu w Balkanach.
Zôbòrskô Zemia (terra Zaborensis) je wierã tą z chtërnë béł kasztelan de Sabor w 1292 r. S. Kujot pisôł, że ò ni je w dokumence z 1299r.
Niechtërne z nich òdlatëją na lato na Alaskã i Ògnistą Zemiã.
Stalagmit - to je nalecałi kam, chtëren mòże bëc w jómie.
Mieszkô w smardzyńcach, gnoju i sztokù, a dzejô lëdzóm na psotã.
Tu òd 1936 rokù biwałë kaszëbsczé dożniwczi.
Ontario, CDA: Kaszëbë (2008).
Przëmiérno w zdanim „Knôp rzucył balã w òkno” agensã je „knôp”.
Bëł slédnym królã Pòlsczi.
Mô 3 òkrãgłé basztë (Młińskô, Różanô i Pólnô) a téż czwòrobòczną wieżã.
Kòzłë - zwëk òbchòdzony na Kaszëbach w Stôri Rok.
Mùszi sã pòstrzéc, że nierównosce w brëkòwanim dialektów ë jich zjinakach zanôléżne są geògrafnie, a nié etnicznie.
Tej sej łebczi pipów są bògato rzeźbiony, a cybchë baro dłudżi i òzdobny.
Znaczni pielrzimków z IX wiekù nalôżómё na dëtkach Karola Wiôldzigò, ale nôwikszô pielgrzimkòwô rësznota przëpôdô na XI – XIV wiek.
Je to 876 rok naszi erë (pò narodzenim Christusa), 876. rok pierszégò tësąclecégò, 76. rok IX stalatégò, 6. rok 8-égò dzesãcolecô IX stalatégò.
Mionowi dzéń (téż jimieninë) to zwëk swiãtecznégò òbchôdzeniô (czasã grzimnégò) dnia swiãtégò (swiãti) abò bògòsławionégò (bògòsławioni) z katolëcczégò kalãdôrza abò jinszégò dnia, zwëkòwò przëpiãtégò do tegò miona.
Je to 911 rok naszi erë (pò narodzenim Christusa), 911. rok pierszégò tësąclecégò, 11. rok X stolatégò, 1. rok 2-égò dzesãcolecô X stolatégò.
Argentińskô sardela (Engraulis anchoita) - to je ôrt mòrsczi rëbë z rodzëznë sardelowatëch (Engraulidae).
Je to 1797 rok naszi erë (pò narodzenim Christusa), 797. rok drëdżégò tësąclecô, 97. rok XVIII stolatégò, 7. rok 10-égò dzesãcolecô XVIII stolatégò.
Niżi òn przechòdzy w trzon chtëren je miãsati i nie różni sã farwą òd resztë grzëba 3-7 cm dłudżi.
Wanożną chłoscëną są tu w òkòlim kamiané krãdżi.
Do kùńca roku je 89 dniów.
Do kùńca roku je 23 dniów.
Kùrk – to je dzél w strzélni barni kòl kòmòrë na patronë.
Zrzeszenié Lubòtników Kaszëbiznë „Stanica" (Zrzeszenie Miłośników Kaszubszczyzny „Stanica") – to bëła stowôra.
Zakopane je stolëcą tatrzańsczégò krézu.
Nôczãscy wëstãpiwô tuwò kréz (Kun; 군, 郡), mni zùrbanizowóny môl w prowincëji abò direktno rządzony gard.
W procëmnoce do japòńsczich znaków kanji, hanja nie òsta ùprosconô ë ùtrzimô wëzdrzatk taczi jakno mają zwëkòwe chińsczé znaczi.
W Seulu je téż zaregisterowóné wicy jakno 1 mln mòtorowich wozów.
Je to 1450 rok naszi erë (pò narodzenim Christusa), 450. rok drëdżégò tësąclecô, 50. rok XV stolatégò, 10. rok 5-égò dzesãcolecô XV stolatégò.
Kòlmòrsczi òstropùs (Eryngium maritimum) – to je wielelatnô roscëna z rodzëznë zelerowatëch.
Ptôsznik (Vicia cracca) - to je roscëna z rodzëznë bòbòwatëch.
Kaszëbsczi krziż - béł zrobiony z żelazła i stojił kòl grobù.
Je to 1448 rok naszi erë (pò narodzenim Christusa), 448. rok drëdżégò tësąclecô, 48. rok XV stolatégò, 8. rok 5-égò dzesãcolecô XV stolatégò.
Jakùb Wejer (ùr. w 1609 rokù – ùm.
Czeliszczi Matczi Bòsczi (Convolvulus arvensis L.) - wielelatnô roscëna z rodzëznë pòwijôczowatëch (Convolvulaceae Juss.).
Słôwno (we zdrojach: de Slauna 1200, Zlawen 1273, de Slavna 1321, Schlawe, Słôvno (Cenôwa), Szlôga (Cenôwa), Słôwno (Ramułt); pòl.
Słowacczé dialektë zacht so jinaczą midze sobą.
Pòmòrskô òwca bëlno dopasowała sã do môlowëch warënków, nadzwëkòwò dobrze wëzwëskiwô nawetka nôgòrszé wédë, mòże strzëmac dosc nisczé temperaturë.
W nym dialekce je wiele makaroniznów (zapòżëczeń z italsczégò).
Dzysô w Trzëgardze Kaszëbi są nôwikszą etniczną miészëzną, chòc jãzëkòwò w zacht wikszoscë spòlaszałą.
Jé téż pajczi i pònarwë òwadów.
Je to 1742 rok naszi erë (pò narodzenim Christusa), 742. rok drëdżégò tësąclecô, 42. rok XVIII stolatégò, 2. rok 5-égò dzesãcolecô XVIII stolatégò.
Westrzód niesłowiańsczich jãzëków lëtrë ùżiwają wilamòwsczi jãzëk (germańsczi), wenecczi jãzëk (romańsczi) i jãzëk nawaho.
W parkù są: Rëna Pòtãgòwskô, Rëna Brodnickò-Kartëskô, Rëna Redëni, Rëna Dąbrowskò-Òstrzëckô i jin.
Gòwniôl (Geotrupes stercorarius) – to je bączk z rodzëznë gòwniôlowatëch (Geotrupidae).
Anë i lektorã pòlsczégò jãzëka w Akademicczim Gimnazjum w Gduńsku.
Jak Òn przëjachôł do Pòlsczi òd 1948 rokù béł wikarim we wsë Niegowic, a pòtemù w Krakòwie.
To je jegò nôwikszi dokôz, chtëren zagwësnił mù pòczestny môl w dzejach całi kaszëbsczi pismieniznë.
Takno wspiérô òna XHTML, MathML,CSS 1 ë 2 czë SVG ë.w.w. Przez taczé wspiarcé dlô sztandardów, je òna czãsto brëkòwónô do wszelejaczich demònstracëjów.
Tim spòsobã zrzesznica twòrzi wiôlgą bùdacëja, na chtërny blós tam sam, dze są niezamieszkóné srąbë, żëją kòralowce.
Òno mòże bëc ùziwóné nad klepiszczã jak je pòriwny wiater (szarpawica).
Dlô pòrównaniégò, w rokù na sezonową gripã chòrzëje òd 3 do 5 mln lëdzy.
Błotnisty mech (Aulacomnium palustre) - to je ôrt mechù.
W słowôrzach taczé jistniczi są òpatrziwóné wspólnym symbòlã „pl”.
Provinz Preußen) historicznô prowincjô prësczégò państwa jakô mia pòczątk w 1824 rokù.
W Psalmie 147:9 je napisóne m. jin.
Òn mòże bëc np.
Je to 991 rok naszi erë (pò narodzenim Christusa), 991. rok pierszégò tësąclecégò, 91. rok X stolatégò, 1. rok 10-égò dzesãcolecô X stolatégò.
W Zôpadny Pòmòrsce bëło długòtrwałé rozbicé na miészé ksãżstwa, chtërné dostôwałë miôna òd ksążëczich sedzbów, jak Szczecëńsczé Ksiãżstwò abò Wòłogòsczé Ksiãżstwò.
Wãdkôrzé òb czos łowinié szczëczi obrzeszô cząd i wiôlgosc ochrónowi zgódno z regulamina PZW.
Òdwiedzającë Òsek, wôrt wëbrac sã nad Łebã, jakô płënie na nordã òd wsë, w nié za baro szeroczi dolëznie, òtoczony przitczima, zalesonyma grzëpama.
Je téż patrónã Górny Austrii kòl sw.
Parafiô p.w. Bòżégò Cała w Gduńsku - je òd 1977 rokù.
Tu ùrodzył sã, badérówôł i pisôł Mikòłôj Kòpernik, wiôldżi pòlsczi astronom, matematik, ekonomista, wòjskòwi strateg i dolmacz (ùr. 1473 - ùm.
Je tu téż bokadosc semitizmów, bez co niejedny sę nawetk docygelë, że czwiôrtô Ewanielëjô bëła piérwi w dzélu abo całô napisónô po aramejsku.
Bëła nënką m.jn. Zigmùnda Luksembùrsczégò - czesczégò ë madżarsczégò króla ë rzimsczégò césôrza.
Lasowô pòtrôwnica (Fragaria vesca L.) - to je ôrt roscënë z rodzëznë różowatëch (Rosaceae Juss.).
Strzébrznô miewa (Larus argentatus) — to je wieldżi wòdny ptôch z rodzëznë miewów (Laridae).
Òno òbjimało swòjim dzejanim, nimò zôwad z państwòwy stronë, całé Pòmòrzé.
W 1775 Goethe osadł w WeimarWeimarze w chternym mieszkôł do kuńca żecu.
Sagrada Familia - kòscôł je znakã Barcelonë, bùdowóny òd 1882 rokù ąż do dzysu, terô mô 115 m. wësokòscë i je jednym z nôwëższich kòscołów na swiece.
Prof. dr Jurk Hinz sã tu ùrodzyl, a dr Marión Jelińsczi je ze Serakòjcama zrzeszony.
Przë wëmiôtaniu nôleżi jednak ùważac na smiecë,nie wòlno jich wëmiatac ani wërzëcac za próg bùten, bò szczãscé mògłobë òpùscëc chëcz.
Je òdmôwióny z rëna (nôprzód je werset, pózni himn, psalmòdiô, jakò skłôdô sã z dwóch psalmów, midzë chtërnyma je piesniô wzãtô ze Stôrégò Testameńtu, ale nié z Knedżi Psalmów, pòtémù je krótczi czëtanié biblijny, résponsorium, Kantik Zachariasza tj.
Blat stołu do grë mô 9 x 5 stóp (2,74 x 1,525 metra).
Kaszëbsczé Karno Piesni i Tuńca "Kaszëbë"
Òdwlék wôżków zbudowóny z 10 dzélów je dłudżi i cenczi.
Tradicyjnie lëdze uważalô, że wùlkanë na Zemi grëpùją sã na òbszarów górotwórczoscë alpejsczi,chóc je wiadomò téż, że wëstãpùją téż wùlkanë z nima niezwiązóné.
Miono karna òznôczô pò pòrtugalskù "grobnica".
Jegò òpòwiôdania "Z Kaszëbama ò Kaszëbach" są z 2007 rokù.
Do graniô na nim je trzeba trzech lëdzy (jeden mòcno trzimô pód pôchą bùskã, drëdżi pòléwô włosë, a trzecé za nie pòcygô).
Je to 1778 rok naszi erë (pò narodzenim Christusa), 778. rok drëdżégò tësąclecô, 78. rok XVIII stolatégò, 8. rok 8-égò dzesãcolecô XVIII stolatégò.
Barbarë i wëprôszô wiele łasków.
Zlikwidowac gò je cãżkò, a pòdłùg prawa òn w Pòlsce ni mô rosnąc.
Je to 1706 rok naszi erë (pò narodzenim Christusa), 706. rok drëdżégò tësąclecô, 6. rok XVIII stolatégò, 6. rok 1-égò dzesãcolecô XVIII stolatégò.
Na nim są òstrowë.
W latach 1958-1960 Schuman Béł przewòdniczącym Parlamentu Eurpejsczégò.
Z pògòdą parłãczi sã nasze zdrowié i przëòdzéwk.
Ji ùprawa je w Pòlsce dosc rozkòscérzonô.
Pòtemu dzéwczãta przëstrojiwałë knôpów, kòżdô swégò i bëła mùzyka.
Kòlbrzég (we zdrojach: Kòlbrzèg (Cenôwa); pòl.
W latach 2002–2004 béł przédnym redaktorã „Pòmeranii” Redaktór na krizys, „Pomerania” 2013 nr 6, s. 8-9.
Réga (we zdrojach: *Rega, Regenwolde 1288, villam Regam 1305, Regenwalde; pòl.
Zwëczajnô sercnica (Leonurus cardiaca L.) - to je wielelatnô roscëna z rodzëznë głëszkòwatëch (Lamiaceae).
Przë tim òna mòckò zacyskô drapce na wietwi ë chòc wieje mòcny wiater, nie spadnie, a mòże nawetka tak spac.
Gduńsk, Gdiniô, bùrméster nazywô sã Prezydent https://www.
Jakùb de Voragine w Złoti legendze òpisëje historiã nawróceniô slëbnika Cecylii – sw.
Ze wzglãdu na òkres wegetacji óws mòże wëstãpòwac jakno fòrma jara i òzima.
Rëbôcë ùwôżają chałëpnika szkòdnikã, bez to, że wëjôdô „dobrą rëbã”.
Z ni do stolëcë Biôłorusë je kòl 150 km.
Mòżlëwé je to, że mùzykòwa na jinszim nôrzãdzu, bò notejsze rzëmsczi białczi czãsto sztôłcëłë sã w mùzykòwanim na arfie.
Tak samc òznajmiwô zajãcy gniôzda i stari sã zwabic samicã.
Strzënowô kòstrzewa (Festuca arundinacea) - to je ôrt roscënë z rodzëznë Poaceae.
SIL òznaczô jãzëczi trzëlëterowama kòdama (SIL code).
Òd stalat mòrzé (
Dzysô ùplotë zrobioné sã techniką żeberkòwò-krziżewą.
Jakò przikłôd ùżëcô negò jistnika pòdôł słowôrz Sëchtë zdanié: „Ten smëdlis to je dobré nôrzãdło, ten tnie drzewò jak wrëka”.
Napôd, przewidzóny na noc z 21-gò na 22 -gò gromicznika 1843 r., równak nie darził sã, bò sëłë prësczé zòrganizowałë zawczasu òbarnã, a òddzél pòlsczi - pòzbawiony elementu zaskòczeniégò - béł bez szansów.
Caspar Hennenberger (1529 - 1600) béł miemiecczim pastorã, kartografã i dzejownikã.
Brëkòwóny je do kòmùnikacëji ë wëmiónë infòrmacëjów midzë sparłãczonyma kòmpùtrama za pòmòcą rozmajitëch ùsztandardizowónëch protokòłów.
Nowògard (we zdrojach: Nogart Castrum 1268, Nowgart 1274, Newgard, Naugard; pòl.
Dwaseminnô mąkùszka (Crataegus laevigata (Poir.) DC.) – to je czerz z rodzëznë różowatëch (Rosaceae).
Pòd kùńc II swiatowi wòjnë, amerikańsczé ë sowiecczé wòjska òkùpòwôłe pôłniowi ë nordowi partë Kòreji, dzéląc midze sebie półòstrów zdłużą 38 równoleżnika.
W strëmiannikù, czej sã òbùdzą ze zëmòwégò spikù, zaczënô sã dlô jéżów gòdowé cząd.
To òn swòima dokôzoma wësmiëł sã z lëdzcigò zachowaniégò tj, głëpòtë ë cëgaństwa.
Do juliańsczégò kalãdôrza dodano pòprôwczi, chtërne miały na ùdbie ùrównanié òpozdzenkù w òdnieseniu do zwrotnikòwégò rokù, narôstałégò òd 46 r. p.n.e. zôs zascyganie jegò pòstôwaniu w przińdnoce.
Òna je znanką naji nôrodny apartnoscë.
Kòrëtnik (Convallaria L.) – to je szlach roscënów z rodzëznë Asparagaceae.
Wëkòpelë téż wiôldżi rów, jaczi òdzeliwôł jã òd wëszëznë, co sã dwigała òd wschòdno-nordowi stronë.
Je to 1013 rok naszi erë (pò narodzenim Christusa), 13. rok drëdżégò tësąclecégò, 13. rok XI stolatégò, 3. rok 2-égò dzesãcolecô XI stolatégò.
Wiôldzi znaczenié na jegò kùńszt miôl pobyt na osëchach Oceanii, dokądka jachół z Franceji.
Niedalek òd ti wsë je pamiątka przërodë -
Temù téż tej sej mómë do ùczinkù z nazwama „ptôszô gripa” abò „swińskô gripa”.
Bo element rëbacczi (nordowy), nôwôżniészi bodôj, mô chdze môl" (1937).
Do chòroscë doprowôdzy bakteriô Streptococcus equi.
Złocéńc (Ranunculus repens L.) - to je wielelatnô roscëna z rodzëznë jastrownikòwatëch (Ranunculaceae).
Skinheadów SHARP parłączą deje artirasëzmòwé, mają òni starã ò to, bë sã klôrowno dëstansowac nazëstowsczëch karnów.
Kompozycëjã Van Gogha sã zdeformowôné sztôłtë, grëbô lëniô malarskô rozceskóné w rozmajitich czerënkach ë baro widzałi faktura.
Tedë skôzôł jã na torturë, mòrzenié głodã, łómanié kòłã.
W Czesczi są krezë jednostką sprôwnégò pòdzeleniégò, chtërna je mniészô niżle krôj ë wikszô niżle zrzeszëna.
Miono białogłòwsczé pòchòdającé òd grecczégò słowa katharós "czësty", "bez skôzë".
Krëczk to je ptôch wikszi jak gòłąb.
Pragnã zwëcãżëc, równak jeżlë nie bãdã mógł zwëcãżëc, niech bãdã dzyrsczi w swòjim staranim.
Temù dzél przibòrów robilë sami.
Je to 1431 rok naszi erë (pò narodzenim Christusa), 431. rok drëdżégò tësąclecô, 31. rok XV stolatégò, 1. rok 4-égò dzesãcolecô XV stolatégò.
Pò II swiatowi wòjnie w môlu stôrégò, w dzélu ùszkòdzonégò w 1945 rokù kòscoła, béł wëbùdowóny mùrowóny, jistniejący do dzysô kòscół sw.
Chojnice ; Gdańsk : Zrzeszenie Kaszubsko-Pomorskie, 1984, s. 146.
Tajna Organizacja Wojskowa Gryf Pomorski) - to bëła wòjskòwô òrganizacëjô òb czas II Swiatowi Wòjnë.
Mniészô czãsc leżi na niżawnym lewim brzegù.
Szundla - to je délëk z chtërnégò bëłë robioné daczi na bùdowniach.
Łacëzna stała sã ùrzãdowim jãzëkã Rzimsczi Repùbliczi, a pózni – Rzimsczégò Césarstwa.
Za młodu starszi ùżywalë téż zdrobnień Wolferl, Wolfgangerl i we wczesnëch czasach Wolfi, ò czim je wiedzec z lëstów òjca.
Tôrg – to je fòrma przedôwkù i kùpiszu wôrów, chtërna òdbiwô sã na wëdzelony rëmie, w wëznaczonym czasu.
Jón Kaczkòwsczi to béł laùreat wiele nôdgrodów.
Żëwią sã rëbëma,bezkrzélówcami mòrszczimi,stawònagami, òwadami, jajami, grëzôczami,gôdami itp.
Na Brdze mòże bëc Kaszëbsczi Czôłenkòwi Spłiw „Szlachama Remùsa”.
Nimò tegò grô Bad Religion dali.
W przódkù państwa je prezydent kraju, chtëren je wëbiéróny przez parlament na piãc lat.
Studia prawniczé kończył w Lëpskù i Strasburgu.
Metafòra mȏ swój òsoblëwi mȏl w pòétnym jãzëkù.
Je to 859 rok naszi erë (pò narodzenim Christusa), 859. rok pierszégò tësąclecégò, 59. rok IX stalatégò, 9. rok 6-égò dzesãcolecô IX stalatégò.
Dzysdniowò Brazylskô skłôdô z wiele krôjów.
Ji mùzyczné zainteresowania są zacht szeroczé i òbjimają m.jin. pop, folk, rap, hip-hop.
Trasianka pòwstała w wënikù wëmiészaniô dialektowégò biôłorusczégò jãzëkã z wespółczasnym rusczim jãzëkã lëteracczim i zaczinô przemikac nawetka do pùblicysticzi.
Przez wiãkszosc żëca kompòzytor pòsługiwôł sã równak mionama Wolfgang Amadé.
Czijanczi dorôstają do 6 cm długòscë, a òsobniczi pò przeòbrażeniu mają kòl 2 cm.
Na antonimie òpiérȏ sã wiele afòryzmów, np.
Kaligrafiô – kùńszt starownégò pisma.
Je za to w czwiôrti Ewanielëji wiele zwëczajnëch obrôzów, co przechôdają tej nisej w alegórëje.
Mòkszónie (mòkszóńsczi jãzëk: Мокшет) są ùgrofińsczim etnicznym karnã, aùtochtónicznym lëdztwã òbéńdë strzédny Wòłdżi, chtërnô mieszkô w Mòrdowsczi (
Kòle 1233 rokù béł tu ksyżã Racëbòr.
Wôżny je żebë przekrôczając próg Nowégò Rokù, miec zapas pieczonégò chleba,żebë gò nigdë nie felowało.
Lékarsczi rozmarión (Rosmarinus officinalis L.) - to je ôrt krza z rodzëznë głëszkòwatëch (Lamiaceae).
Jednym ze spòsobów na wëpòsażenié chęczë w pòtrzébné nôrzãdza bęłę ùplotë.
W kùńcu 19. stalatégò w Strzépczu mieszkało wicy jak 500 lëdzy, a do òbéńdë wsë rëchòwóné bëłë téż pùstczi z òkòlégò - m. jin.
Astronomicznym symbòlã Słuńca jawi sã òkrąg z pùnktã we westrzódkù: ☉ (Unicode: 2609).
Òbrôzk:0910 Bazylika archikatedralna św Jakuba Szczecin.
Madżarama je 3,9% mieszkańców Serbie (i 14,3% mieszkańców Wojwodinë).
Paul Cézanne znô sã na dolëznie.
Wartësłôw - kaszëbszczé miono chłopsczégò ôrtu.
Kòsmatczi abò wëprzëna (Ribes uva-crispa L.) - to je czerz z rodzëznë kòsmatkòwatëch (Grossulariaceae DC.).
Drobnokwiatowô wika kwitnąc mòże w maju.
Rockabilly je wczasną fòrmą Rock 'n' Rolla.
W Pòlsce ùprowio sã forsycjô pośrednią i forsycjô zwikło.
Kôłpiónka (Clangula hyemalis) - to je strzédny abò wiôldżi ptôch wòdny z rodzëznë kaczkòwatëch (Anatidae).
Dotądka na swiece mómë 6 tësaców gatënków wôżków.
W ti kwestiëpanëje pòwszechnò zgòda ùczałich.
Przëlôtiwają òne do naji z cepłich krajów na zymkù.
Palisada – bëła elementã dôwny òbarny bùdowniznë w pòstacje ògrodzeniô z drzewnianëch pôlów - zwiksza z òstrima kùncama - wbitëch jeden przë drëdżim, prosto abò na szréj w zemiã.
Nen zakôz wnetka narësził ë 19 gromicznika wëjachôł do Klonówczi k. Stôrogardù Gduńsczégò, cobë rëchtowac napôd na tamtészé prësczé kòszarë, co miało bëc partã pòwstaniégò gen.
Znowa naczãło òno wëstãpiwac w 1990 rokù, chòc zmienionëm skłôdze.
Pò wëbùchù I swiatowi wòjnë òstôł pòwòłony do rósczi armië.
Béł sënã Jana Twardowsczégò (1881-1945) i Anieli z dodomù Kòmderskô (1890-1971 ).
Wedle kòscoła katolecczégò autor nôstarszi i nôkrotszi Ewanielii.
Jakno Starigrod je w 1198 rokù, w dokùmeńce pòmòrsczégò ksyżëca Grzëmisława.
Ta szabla bëła baro przëdatnô do kònny jazdé.
Universidade do Estado de Minas Gerais (Ùniwersytet Minas Gerais) je wôżnym môlã dlô rozwiju nôùczi òd 1989 rokù.
Jana Mòrdawsczégò, tołmaczënk Jerzi Tréder, Wëdowizna M. Rôżok przë wespółrobòce z Institutã Kaszëbsczim, Gduńsk 1999.
Zorte trusów bëlë sztëczno robiony przez człowieka,dló rozmajitich célów.
Serdecznô i gòscynnô atmòsfera chëczë colemało òstôwô dłëżi w pamiãcë niżlë anonimòwé wczasë w nôbarżi luksusowim hotelu.
W kùńcu nôlepi brzmiący głos miôł menzurã zmieniającą sã blós nieznaczno pomału niż sã zmieniała długòsc piszczówków.
Òbczëszczëwający òdżin to béła sobòtka.
Lëdze ti kùlturë ùmarłëch nôprzód pôlëlë, a tedë chòwelë do glënianëch grónkach (pòpielnicowé ùrnë), jaczé pózni kłedlë do kamiannëch skrzëniowëch grobów.
Krôsniã - to je pòzwanié, chtërno sygô do wierzeniów.
Kukówczé rãkawice bëłë òbjimniãté ùrzãdową òchrónią do 2014 rokù.
Do kùńca roku je 101 dniów.
Ta Kôrta to je midzënôrodnô kònwencjô i temù òna je zarô za Kònstitucją, a nad zwëczajnyma ùstawama.
Kamiéń "Kaszëbsczi grif.
Jasón (Fraxinus L. ) – to je szlach drzéwiãtów i krzów z rodzëznë òliwkòwatëch.
Do ùrzãdu gminë w Serakòjcach mòże pisac pò kaszëbskù.
Terô warô szczépiónkòwô kampaniô WHO, żebë czësto wëeliminowac òdrã, chtërna mòże czasã nawetka doprowadzëc do ùtratë słëchù ù dzecy.
Pisôł òpòwiôdania ë krótczi kôrbiónczi do gazétów w tim téż do Bënë ë Buten jaką wespółfinancowôł z zarobionëch dëtków.
Òna mô kaliber sztërdzescësztëre milimetra i wôga òsem i pół kilo.
Pòlitologijô je jedną ze spòlëznowëch ùczbów, chtërnô zajimô sã pòlitiką rozmióną jakno całownota dzejaniégò dlô dobëcô, sprôwòwaniô ë ùtrzëmaniô władzë.
Gduńsk : Zrzeszenie Kaszubsko-Pomorskie.
Mikroskòp - je zbùdowóny z òpticznëch dzélów: òkùlôru, òbiektiwù, kòndensora, zakriwka i wiele razy szpédzelka, a téż mechanicznëch dzélów: stoliczka, sztatiwù z pòdstôwką, rewòlweru, makro- i mikrometricznëch szruwów.
W Wiôlgą Sobotã w kòscele swiãcy sã jastrową strawã, rozpôliwô sã òdżin, a swiãcy sã wòda i òdżin.
W òbéńdze szôłtëstwa pòłożoné sã mniészé kòlonie: Jałówe, Leżëchòwò, Nowé Słoné, Staré Słoné, Słupinkò ë Tòmaszewò.
Je to 1427 rok naszi erë (pò narodzenim Christusa), 427. rok drëdżégò tësąclecô, 27. rok XV stolatégò, 7. rok 3-égò dzesãcolecô XV stolatégò.
Dowiérny człowiek – w demokratnych jinstitucjach to je człowiek, chtëren mô òglowé ùwôżanié i dozérô rzetelnégò òdbécô zgromadzeniów, zéńdzeniow abò welacjów.
Niejedne jegò òbrazë zniszczëlë Miemcë w 1939 rokù.
Zwëczajny kmink (Carum carvi) - to je dwalatnô roscëna z rodzëznë zelerowatëch (Apiaceae).
Jak sã robi òbserwacje i ùżiwô mikroskòpù mòże widzëc môłé òbiektë na przëmiar bakterie.
Brëkòwnosc stoi w nim na pierszim placu.
Peperlëszka (Cantharellus cibarius) - to je grzib z rodzëznë peperlëszkòwatëch.
Wigòniô (Vicugna vicugna) – to je ôrt suska z rodzëznë kamélowatëch (Camelidae).
Je to 1800 rok naszi erë (pò narodzenim Christusa), 800. rok drëdżégò tësąclecô, 100. (i slédny) rok XVIII stolatégò, 10. rok 10-égò dzesãcolecô XVIII stolatégò.
Do kùńca roku je 97 dniów.
Ale téż òd cziledzesąt lat òbserwùje sã zwikszenié lëczëbnotë ptóchów na zôpôdze Pòlsczi przez niemiecką pòpùlacjã.
Ceplëzna pòwiérzchniowi wòdë je w zëmie òd 9˚C na eùropejsczich przëmòrzach, do 16˚C w pôłniowo- wschòdnim dzélu, w lece òdpòwiednio òd 22- 26˚C i òd 26- 28˚C.
Wała rib - to je karno rëbów, chtërne płiwają razã cobë nalezc sobie żëwnotã i wikszi bezpiek.
Òn je aktiwny przë kònkùrsu "Rodnô Mòwa".
Państwò bëło francësczą koloniją do 1960 roku i pòtémù miôło wcyg francëscze miono Górnô Wolta (òd rzéki Woltë, chterna płënie stąd do Ghanë).
Grôbkòwi kòzôk (Leccinum griseum) – to je grzib z rodzëznë bòrzónowatëch.
Stalaktit - to je kamnô pipa, chtërna mòże bëc w jómie.
W hewòtnym rokù rozeszłosc juliańsczégò i gregòriańsczégò kalãdôrza wënôszała 10 dni.
Je to 1847 rok naszi erë (pò narodzenim Christusa), 847. rok drëdżégò tësąclecô, 47. rok XIX stolatégò, 7. rok 5-égò dzesãcolecô XIX stolatégò.
Sédmëkrotny dobiwca plebiscytu cządnika „Piłka Nożna” w kategòrii Piłkôrz Rokù.
W Krakowie òn zajãł sã skropleniem gazów.
Je pòmalny w rëchach, nie je chùtczi ani skrãtny, a kò je òn rabùszny.
Dziedes ze skóre garbłëwłeni robiono drodzi kòżëszk kôłpa.
Za panowaniém jégò czasów założono Szkòłã Rycerską, KEN, rozjimnotë (1772r., 1793r., 1795r.
Zelony kąter (Bufo viridis) - to je łaza z rodzëznë kąterowatëch.
Òkrëszënë jegò żëcopisù zebralë skrópùlatny badérowie ë wiémë dzys, że F. Cénôwa ùrodzył sã w niedzelã, 4 maja 1817 r. ò gòdz.
Pierszô zmiónka ò Brobergen pòchôdô z 1286 (Brocberge) rokù.
Psychòlogijô je czãsto téż definiowónô jakno "ùczba ò zachòwanim ë mëslowëch procesach".
Pôchnącô pelargoniô (Pelargonium graveolens L'Hér.) – to je ôrt roscënë z rodzëznë bòcónkòwatëch (Geraniaceae).
Je to 1425 rok naszi erë (pò narodzenim Christusa), 425. rok drëdżégò tësąclecô, 25. rok XV stolatégò, 5. rok 3-égò dzesãcolecô XV stolatégò.
Wôżne starodôwnotë to rôtësz, krzëżôczi zómk i jin.
W swiece je równak jiwer z Wiôldżim Plachcem Smiecy na Pacyfikù, w chtërnym je baro wiele plasticzëznë.
Pò złożënim wòjskòwégò egzaminu gwageo w 1645 rokù robił kariérã na państwòwich môlach.
Lasowô niezabôtka (Myosotis sylvatica Ehrh. ex Hoffm.) - to je ôrt roscënë z rodzëznë wòdrôkòwatëch (Boraginaceae).
Doskonałim przykłademna to mòże bëc np.
Bòlëòczë (Ranunculus acris L.) - są roscëną z rodzëznë jastrownikòwatëch (Ranunculaceae).
Pòwstało òno w 1984 rokù w Garden Grove, California z jinicjatiwë Dexter Holland (spiôw/gitara), Noodles (gitara), Greg K. (basowô gitara) ë Ron Welty (perkùsëjô).
Westrzódka kôrtowëch grów widzałé są minhato a téż hulla.
Wedle pierszi, pòchòdzy z protoindoeùropejsczégò *slauos ("nôrôd"), òb. grecczie λαος ("nôrôd").
Programa na òsta pierszi rôz przedstawionô 23.zélnika 1995 rokù; òd wersëji 3.0 òbsłëgiwô ramë (frames).
Kaszëbskô wika mòże rosc np.
Kòło - to je dargòwô tërlëka, chtërny nëkòwną mòcą są lëdzczi mùskle przë ùżëcém pedalów.
Francëszk miono germańsczé Frank - wòlny, człowiek wòlno ùrodzóny.
Pò smiercë Dobrawë pòslëbił Òdã, córkã margrabiegò Dëtrika, i wspòmôgany przez cesarsczé wòjska kòl 990 zdobëł Szląsk, zemiã Wislanów a téż Małopòlskã.
Pò tim jak jã napisôł miôł jã wësłóné na lëteracczi kònkùrs, na jaczim to dobëł prawie pierszi plac ë nôdgrodã Gunzō.
Je to 1786 rok naszi erë (pò narodzenim Christusa), 786. rok drëdżégò tësąclecô, 86. rok XVIII stolatégò, 6. rok 9-égò dzesãcolecô XVIII stolatégò.
Przewòrska (òd 2015), Lëpna (òd 2009), Rëbnika (òd 2007), Jasła (òd 1996), Brodnicë (òd 2014), Mazowiecczégò Tomaszowa (òd 2015) i Lublëna.
W bédënkù w ti sprawie sczerowónym do Nôrodnégò Institutu Spôdkòwiznë je òbmëslënk dzejaniów, chtërne pòdtrzimùją żëwòtnosc wësziwaniô i służą jegò òchrónie na cząd 5 lat.
Je téż wiele mniészëch rézów gór jidącëch zdłużą rézë Baekdudaegan.
Òstatné mésterstwa w Feldhandballu òdbëłë sã w rokù 1976.
Òn mô gładką kóra, chtërna je colemało szarobrunô.
Nórbert z Xanten (ùr. kòl 1080 rokù w Xanten - ùm.
Rozmieje chùtkò wiornąc, czej czëje pò wòniô wroga.
Jistniczi chłopsczégò ôrtu, chtërne òznôczają òsobë, charakterizëją sã òsoblëwą kategorią chłopskòpersonowoscë.
Mòżnô je ùkłôdac w niezrechòwóną lëczbã òbmëszleniów.
W 1945 rokù òdbudowôno blizã.
Są jegò pùblikacje, dosc wielné sztaturë, tôfle czë hònorowé patrónatë.
Poznań: Państwowe Wydawnictwo Rolnicze i Leśne, 1988, s. 226.
Je to 1820 rok naszi erë (pò narodzenim Christusa), 820. rok drëdżégò tësąclecô, 20. rok XIX stolatégò, 10. rok 2-égò dzesãcolecô XIX stolatégò.
Głową państwa je mònarcha (òd 6 gromicznika 1952 na trónie zasôdô królowa Elizabeth II).
"robòt" przeniosłé do kaszëbsczégò z czesczégò robot.
Tu mieszkało 29 lëdzy.
Pisklã kùkówczi wërzucô z gniôzda jaja i pisklãta gòspòdarzów, a gò fùdrëją "przëbróny starszi".
Nôprzód Luter ùwôżôł, że sakrameńtë są trzë (òkróm nëch dwùch jesz spòwiédz).
Bùłgariô mô brzegòwą liniã ò długòscë 354 km.
To je jinstitucją kùlturë, jakô pòwsta w 1972 rokù.
Słuńcowi kòlektor – to je ùrządzenié, chtërno pòzwôlô wëzwëskac energiã słuńcowégò parminieniô - przemiénic ją w cepło.
W òbéńdze szôłtëstwa pòłożonô je wies Czaplewò.
Przódeczasném janiołóm przëpisëwano cało, co je pòtwierdzoné w Ksãdze Henoha.
Pierszima stójnyma eùropejsczima òskòlańcama bëlë Hòlandrë, chtërni òd 1613 rokù òrganizowelë w òbrëmienim Manhatanu swòjiznowé zamòrsczi òbszôr.
Pòmòrsczich òwców kaszëbsczégò tipù w nôlepszim czasu (1985 rokù) bëło kòl 150 tësący.
Przez wicy jak 4 stalata nen col dowôł dënsczémù państwù zacht zwësk.
W lasach Léòbòrë je grëpa wczasnostrzédnowiecznëch grobniców datowónëch na 11. s., z centralno ùsëpóną stolemną grobnicą.
Szaré pùjczi (Trifolium arvense L.) – są jednoroczną abò dwalatną roscëną z rodzëznë bòbòwatëch.
Je wiedzec, że w kraju Sumerów, Mezopòtamie, chtëren béł midzë Tigrisã a Eùfratã, warzëlë nen napitk, le nie je wiedzec na jaczi spòsób Sumerowie ùsadzële receptë.
Pò II swiatowi wòjnie nazôd nalôzł robòtã na pòczce, gdze òd 1946 jaż do emeriturë w 1965 rokù roznôszôł m.jin.
Ministerstwo Edukacji Narodowej) - je jednym z minysterstwów we Warszawie.
Nóbarzi znóna bëła bliza na òtsrowie Faros ok.
W latach nastãpnëch rosną gałãzësté kłącze ò strzédnicë do 7 cm, chtërnen mô wiele kòrzenie bòcznëch, z kilkùnastoma stożkama wzrostu.
Teritorium Czôrnogórë mòżna pòdzelëc na trzë rëmie: ùbrzég Adriaticczégò Mòrza, dosc plaskati westrzédni dzél (dze leżą dwa nôwikszé gardë Pòdgòrica i Nikšić) i górsczi systemë pòrénkù Czôrnogórë.
Krãcëszk - to je wiater, chtëren wieje baro chùtkò.
Mieństwò dôlëbóg przedërchałë przez dłudżié stalati do naszich czasów i żëje jesz do dzys ù kaszëbsczigò lëdu w gôdkach, pòwiòstkach i brawãdach.
Czedë chòc dzél Ksãżëca najdze sã pòza stóżka cénia całownégò Zemi i równoczasno naléze sã w òbéńdze stóżka półcénia, wtenczas bądze zacmienié całoscowé.
Jinszé kaszëbsczé miona: jigrzan, czerwc.
Òni ùsëpale òstrowë i retczi na kaszëbsczëch jezorach, a nawetka całi je zasëpale i tam dzys są łączi.
Pò 1945 rokù ni ma na Kaszëbach junkrów.
Zdrzącë na ùsztôłcenié terenu, Estoniô je krajem płasczim.
Zajimô sã swòjiznama, pòwstôwanim ë zachòwanim sã òrganizmów, badérëje téż relacëje midzë ôrtama.
Òlëwskô Strëga to je strëga dłużawë 9,9 km.
Kùkówka czubatô ( Clamator glandarius) – to je ôrt ptôcha z rodzëné Cuculidae.
Je to 1818 rok naszi erë (pò narodzenim Christusa), 818. rok drëdżégò tësąclecô, 18. rok XIX stolatégò, 8. rok 2-égò dzesãcolecô XIX stolatégò.
Papiéż Frãcëszk (łac. Franciscus PP.
Stôré Trzébiatowò (we zdrojach: Trybethowe 1175, Trebutowe 1191, Tributowe 1245, Treptow 1254, Antiquum Treptow 1295, Olden Treptow 1295, Tribetowa kòl 1300, Treptow an der Tollense, Altentreptow 1939; miem.
R. Schumana starszi pòchòdzëlë z Lotaringii, dokądka wrócëlë niedługò pò narodzenim tegò knôpa.
Jegò grób je w Chònicach.
Miono Marta ùżiwóne je w wiele krajach.
To dlôte, że jachtëje na to, co je jesz barżi pòmalné jak òn: na wãdzëbôczi, smôrzcze, wije.
Nôwikszi gard to Johannesburg.
Eùropejsczi kret (Talpa europaea) - to je ôrt môłégò suska z rodzëznë kretowatëch (Talpidae).
Pòdjãła decyzjã ò zmianié swòjégò wizerënczi – wyprostowała i farbòwanié włosë na blond.
Dwa gardë administrowóné przez rząd (Chikhalsi; 직할시, 直轄市) to wiôldżé metropòlie òdłączone òd jich dôwnëch prowincëjów.
Dopiérze pòd kùńc lat piãcdzesątich ùjawniła swój pisarsczi trim.
Wërôbiają òne kalk, chtëren ùmacniô rafã.
Przédnym zgrôwã ti distribùcëji je dôwanié brëkòwniką fùlwôrtny ë òtemkłi systemë, jakô je prostô w òbsłëdze ë równoczasno téż sztabilnô ë mòdernô.
Gąsewnica (Orthilia) – to je szlach roscënów z rodzëznë wrzosowatëch (Ericaceae Juss.).
Tąm ji brat Łazarz béł biskùpã Marsylii.
Je to 1913 rok naszi erë (pò narodzenim Christusa), 913. rok drëdżégò tësąclecô, 13. rok XX stolatégò, 3. rok 2-égò dzesãcolecô XX stolatégò.
Zedel – to je òkrãgłi statk np.
Bòrownik (Pyrola L.) – to je szlach roscënów z rodzëznë wrzosowatëch (Ericaceae Juss.).
To bëło ùznóné za òbrazã króla i òn rok czasu béł w sôdzy.
Gwësné wątplëwótë są wkół te, dlôcz krajińsczi wësziwk mô leno dwie farwë.
We wsë dzejô dosc wiele môłëch ë strzédnëch priwatnëch firmów.
Je fòrmalną zrzeszą́ òd 28 marca 2007 r., czedë pòdpisónô òstała „Karta Trójmiasta”.
Jegò pòémat "O panu Czorlińscim co do Pucka po sece jachoł", béł wëdóné w 1880 r. (1. ksãga dokôzu ùkôza sã w toruńsczim pismionie Przyjaciel w cządze òd gòdnika 1879 do strëmiannika 1880; do dzysô bëło szesc wëdaniów "O Panu Czorlińscim.
Òna nie przetrzima nawôłnicë w 2017 rokù.
Fòrmòwanié nudlów òdbywô sã na zasadze tłoczeniô pòd cësnienim, krajaniô abò téż wëcëskaniô.
W łżëkwiatë 1944 r. rabòtała pô 10 gòdzënów w Radioplane Munitions Factory.
Tëreckô sënogarlëca wiele razy żëje kòl jiglënowëch drzéwiãt, bò tam òna je òb noc, ale lubi ògrodë ë parczi w gardach.
W Barcelonie je dzewiãc òbiektów z lëstë swiatowé spôdkowiznë UNESCO, sédmë bùdownëch dzeł Antóna Gaudi, bòlëca swiãtégò Pawła i Pałac Katalońsczé Mùzyczi.
Wikszé òstrowë to Jeju-do, Ulleung-do ë Dokdo.
Je to 952 rok naszi erë (pò narodzenim Christusa), 952. rok pierszégò tësąclecégò, 52. rok X stolatégò, 2. rok 6-égò dzesãcolecô X stolatégò.
Òstałe zemie to terenë rządowi i jindiańsczi rezerwatë.
Nót je jesz pamiãtac, że pò zakażenim wirusã gripë, mògą przińc brzëdczé nastãpstwa, pòłączoné colemało z drëdżima bakterijnyma infekcjama.
Nôwiãkszé rzeczi to: Niagara, Hùdson, Rzéka Swiãtégò Wawrzińca.
Dłudżi cząd waraniégò rozbicégò cësnãł na wëbùdzenié regionalnëch partikùlarëznów, urôstanié wôżnotë panowiznë ë wëższégò dëchòwiéństwa.
Drëdzim wiôldzim karnem je RCD Espanyol Barcelona, pòwstôł w 1900 rokù, wiele razy béł finalistą Pùcharu Szpanii i dwa razë w Lidze Europë, je téż méstrem grë w bala białków.
Kalcyt - to je minerał.
Wiôldżi rozwij pòwiescë nastôł w òswiecenim, a pòtimù w XIX stolaté.
Pòrénkòwô abò ekawskô zjinaka sztokawsczégò, chtërną gôdô sã na wnetka całim môlu Serbsczi é na pòrénkòwich kùńcach Chòrwacczi, òddôwô prasłowiańsczi zwãk *ě (jać) przë pòmòcë "e".
Dziãki zawartoscë prowitaminë A brzd jeżën mòże bëc bédowôny lëdzom z òbjawama niedowidzeniô zmierzchòwégò i przedłużoną adaptacją wzroku do cemnoscë a téż lëdzom z chòrobama skòrë, jak nadmierné rogòwacenié naskòrka.
Rozbiegłô szczawa (Rumex thyrsiflorus Fingerh.) - to je ôrt roscënë z rodzëznë dërdestowatëch (Polygonaceae).
Je to 1897 rok naszi erë (pò narodzenim Christusa), 897. rok drëdżégò tësąclecô, 97. rok XIX stolatégò, 7. rok 10-égò dzesãcolecô XIX stolatégò.
Òna wësziwała ju w piãcdzesątëch latach XX stolata, w prowadzonym przez nie wësziwôrsczim karnie.
Żôłti józefk abò iris (Iris pseudacorus L., 1753) – to je wielelatnô roscëna z rodzëznë józefkòwatëch.
Pierszé filmë twòrzoné w XIX-im stolatim bëłë czôrno-biôłé ë bez zwãkù.
Rodné gniôzdo rodzën Trzebiatowsczich.
Bòcónë czãsto bùdëjã gniôzda jedno kòle drëdzigò.
Mechanicznô robòta je tej wëkònywónô, cziej pod cëskã sëłë cało je przësuwóny na jakąs dalekòsc.
Wëdóny w 1834 rokù pòéma Adóma Mickiewicza dożdôł sã ju wëszi 50 dolmaczënków.
Òsoblëwé môle kùltu Bazylika św.
Przyczynek do ludoznawstwa i krajoznawstwa Kaszub, przekład M. Darska-Łogin, red. naukowa i wstęp J. Borzyszkowski, Berlin 1911 - Gdańsk 2012, s. 44.
W sezonie 2005/06 brôł ùdzél w mésterstwach swiata w lotach.
Òb czas wòjnë Baczińsczi ògłosył 4 tomiczi pòezji: Zamknięty echem (lato 1940), Dwie miłości (jeséń 1940), Wiersze wybrane (môj 1942), Arkusz poetycki Nr 1 (1944), a téż wiele dokôzów w kònspiracyjnym gazétnictwie.
Wùlkanizm Islandië sparłãczony je zarówno z grańcą płitów (Chrzebt Strzódatlanticczi), jak téż z isntienim plamë gòrąca.
Rzeszotk (Suillus bovinus) - to je grzib z rodzëznë krowiélcowatëch (Suillaceae).
Dlô wëjasnieniô pòchwôtu całownégò i czãstkòwégò zacmieniô Ksãżëca kònieczno je przerozmiôc pòjãca: stóżk céniô całoscowégò i stóżk półcéniô.
To je dodôwkòwi przedmiot dlô ùczniów zapisónëch na kaszëbsczi w piąti klasë spòdleczny szkòłë, w drëdżi klasë gimnazjum a téż w drëdżi klasë wëżigimnazjalny.
Historëczno-Etnografné Mùzeum w Chònicach je jinstitucją kùlturë, chtërna pòwsta w 1932 rokù.
W tëch starnach mòże bëc pòd zemią dosc tëli széfrowégò gazu.
Ò tim, że ten swiãti miôł mòc czënieniô cëdów bëło pisóne w latach 1260-1292.
Stilo je nôpiękniszą blizą pòlsczégò Ùbrzegù.
Bùdowa kòscoła bëła równak napòczãtô w XIII-im stalatim (1212-1214).
To sprôwiô, że miónkôrze nié mògą „òdpuszczać” jigrë, le mùszą bëc baro skòncentrowóni od samégò pòczątkù, bò strata cziles pùnktów przë jigrze na wësoczim pòziomie je baro trudnô do òdrobieniô.
Wëżëwienié rzéczi - je to dotëgówanié wòdë do rzéczi przez zdroje gruńtowich wòdów, a téż wiéchrzëznianich zleniem wòdë z rozceków ë wiodrowëch przekropnosców.
Nimò to dobiwcą òstôł Swiãtopôłk II.
W tã noc òni wëjimelë brómë z wjazdów, wëprowôdzelë wòzë na pòla, kòminë zastôwielë np. rutama.
Pamiãtnik Kòrczôka pierszi rôz béł òpùblikòwóny w Warszawie w 1958 rokù.
Twórca miôł snicé, bë spòrtowcë mòglë wecygnąc z jinszëch spòrtów wszëtkò, co je nôlepszé i parłãczëc to ze sobą na efektiwny i efektowny ôrt.
Na dodôwk Celtowie wkłôdelë do grobów zmarłëch gałãze tegò drzewa.
Òn òd 1964 rokù béł nôleżnika Pòlsczi Zjednóny Robòtniczi Partie, ale nie ùdżibôł sã z òrądze procemnot, a béł dbë, że nadińdze czas, czej zôwadë rozwijani kaszëbiznë zdżiną.
Jinë nôleżnicë Queen to bëłë Brian Harold May (gitara), John Deacon (basowô gitara) ë Roger Meddows Taylor (perkùsëjô).
W ti gminie je mało lasów (niżi 20% òglowi wiéchrzëznë).
Esperanto (to je chtos chto mô nôdzejã) było nôprzód pseudonimem Ludwika Zamenhofa.
Wszëtcë òchrzcony jawią sã pòwòłónyma do pòwszechny kapłańsczi służbë, chtërnô zasôdzô sã na codniowi miłoscë do Bòga i lëdzy.
Dwiérze - to je rëszny element òbsadzony w bezrëszny ramie bënë dwiérzowy òdemkłosce bùdinkù, nima mòże wlezc bënë i przez nie wëlezc.
Dzennik The Guardian umieścił gò równak w gronie 5 nôlepszich piłkarzy na swiece.
W XV wiekù germanizacëjô zdążëła ju òbjimnąc pòłowã tich strón i górné szëchtë spòlëznë.
Strôgô, snôżô i pësznô Pòlnica, duch białgłowsczigò ôrtu, dzejô le dëcht latem.
Bezmòcny Łoczetk, na chtërnégò biskùp pòznańsczi Andrzéj Zaremba rzucył w 1298r.
Gdze, jak wiész, le sama szlachta mieszkô i panowie.
Budacëjô cała bocznie splaskacenié, dużé òcze, gãba małô.
Fùnksnérëje pòprzez zakłucanié stabilnotë cësnieniégò w rezerwùarze.
Lëdztwò wsë: 1.397 mieszkańców (
Mòżna gò pòtkac w rozmajitëch strzodowiskach, równalk zmianë, jaczé më, lëdzë, wprowadzywómë w najim òkrãżim, są dlô niegò zagrôżbą.
; pierszi dzéń miesąca rzimsczego boga wòjnë i gburzenia Marsa, od chternego usadzono miono stremiannika "Martius", marc w jinszech jazekach.
W latach 1905 – 1912 robił jakò pediatra w Szpitalu dlô Dzecy miona Bersohnów i Baùmanów.
Zwykle grô siã do 3 wygranych setów, lub 4 (na imprezach wëższé randżi np.
Domôcô mësz (Mus musculus).
Jich je terô dosc mało.
Ùsôdzca jãzëka z piersza nazwôł gò prosto lingvo internacia.
Òn sztudérowôł na Warszawsczim Ùniwersytece, a òd 1935 rokù béł doktor.
Miôł jes zemiã, ni môsz ji!
Tu ùrodzył sã Antón Miotk (ùr. 1874 - ùm.
W ni jakòs wnetka zabôczele, że je zemia Kaszuby (
W 1949 rokù Ùrząd do sprawów Pùblicznégò Bezpiekù w Gdinie jinteresowało co robią dôwny nôleżnicë „Pòmòrsczégò Grifa".
Te kwarcowé zégarczi na rãkã mierzą czas z wiôlgą dokładnoscą.
Anketã w ti sprawie wejrowsczi Ùrząd Gardu przeprowadzył na wniosk Stowôrë Lëdzy Kaszëbsczi Nôrodnoscë „
Tak mi dopomóż Bóg.
Rëchło òkôzało sã, że regionalny pòdjimcowie nie bëlë zajinteresowóny reklamą w CSB.
Jerozolëma (hebr. ירושלים łac.
Zómk wëbùdowóny na planie prostonórta z XIV/XV st.
Czej szło ò wiarã stojôł mòckò za prôwdzëwą nôùką Kòscoła.
Òno je wierã òd 1944 rokù, a zajimô sã kùlturą i spôdkòwizną, m.jin. dotacjama np. na kaszëbiznã.
Przë ni je òpôd deszczu abò sniegù.
Takô sytuacjô przëtrafiła sã w 2004 rokù, òbczas nadaniô miona ks.
Torf sã barżi żôlił jak pôlił ë to béł dosc dobri òpôł.
Niémni i stôré i ni stôré - wszëtczi damë w Baszce bijô wszëtczich bubków.
Hopi mieszkają w taczich samëch wsach, co czedës.
Niéchtërné zdrzódła ùznają Włocławek za kùjawską stolëcã Monografia Wielkiego Pomorza i Gdyni, pod red.
Waleska - kaszëbszczé miono białgowsczégò ôrtu.
Je autorã czile ksążków kaszëbsczich, m.jin. "Rozmówków pòlskò-kaszëbsczich" (wëdónëch w 1992 r.), „Wskôzów kaszëbsczégò pisënkù” (1997), "Kaszëbsczégò słowôrza normatiwnégò" (2005).
Kòmpùter to pò pòlskù komputer.
Przódë (czej jesz nie bëło tam Eùropejczików) ne òbszarë zamieszkiwelë Jindianie Mohegan, Munsee i Delawarowie (algònkińskô grëpa), a téż Mohawk, Oneida, Onondaga, Cayuga i Seneka.
Òskòwi kòzôk (Leccinum aurantiacum) – to je grzib z rodzëznë bòrzónowatëch.
Łączony bëł téż z wesziwkem i malarstwem.
Kôżde z mion tikô sã òbéndë, na chtërnej je brëkòwóna.
Krajenka, miem.
”, ùznôwónô dzysô przez wiele Kaszëbów za nôrodny kaszëbsczi himn.
Wiejadło - to bëła rzecz ùżiwónô w gbùrzëznie do òbczëszczaniô zôrna (òddzélaniô zôrnów zbòżô òd plewów), terô to colemało robi kòmbajn, a mòże jesz klapra.
Johann Wolfgang von Goethe – miemiecczi pòeta przełomù XVIII i XIX wiekù i jedén z nôbarżi znaczących w skali swiatowi, dramaturg, prozaik, ùczony, politik.
Pòtëkô sã téż jãzëkòwi pòdzél Szląska zdrzącë na regionë: Ceszëńsczi, Górny ë Òpòlsczi.
Brzãczącô robacznica (Calliphora vomitoria) - to je ôrt òwada z rodzëznë robacznicowatëch (Calliphoridae).
Pò zôpadny starnie Kòreji je Żółti Mòrze, na pôłnim je Zôpadnochińsczé Mòrze a òd pòrénkù Japòńsczé Mòrze (zwóne w Kòreji Pòrénkòwim Mòrzã abò Pòrénkòwòkòrejańsczim Mòrzã).
Czasã równak chtos mòże leno wzyc zamkłosc lësta do wiédzë.
W 2008 rokù tu mieszkało 321 lëdzy.
Pommern Miemieckô pòzwa Pommern ë słowiańsczé pòzwë Pòmòrskô abò Pomorze nie pòkrëwają sã całowno; òbaczë karno Geògrafijô pò wicë informacëji.
Òn chòdzył do prësczi pòwszédny szkòłë w Bieszkòwicach i do klasycznégò gimnazjum w Wejrowie.
Hieronymus Megiser (ùr. kòl 1554 - ùm.
Ne specjalné òbéńdë ni mają znónëch dzélów drëdżi czë trzecy równi.
Reprezentantã pòlsczi rãczny balë je òd 1928 rokù Zrzesz Rãczny Balë w Pòlsce.
Ptôch ùnôszô sã pionowo w lëft na zachtną wiżawã, òstôje wiszącë na czile minut, trzepòce skrzidłama i wëléwô ze se strëga głôdczégò, perlowatégò swirgolë.
Òstôł òn przëpieczãtowóny zdënkã Łoczetka z Jadwigą (córką Bòlesława Pòbòżnégò kalësczégò, półostrą Przemisła II.
Kòżdigò rokù ùprôwiają je i przenôszają nowi wietewczi.
Indianie z plemionów Hopi na nordze i plemiona Apaczów na pôłni, chtërni przecygnãlë hewò pò ùpôdkù cywilizacji Anasazi.
Krëjamnô Wòjskòwô Òrganizacëjô "Kaszëbsczi Grif" (
Sarczi czãsto wëżërają spiża wieszczówkóm, chtërnë nie pamiãtają gdze schòwałë swòjã jôdã.
Jegò òjc Wòjcech béł pismiannym ë swiãdnym swòji pòlskòscë chłopã (wersjô, że béł kòwôlã, je terô zarzuconô), a mëma Magdaléna z d. Pienczen lubò Pienczyn - bëła domòwą gòspòdënią, dosc młodô wëdóną za chłopa.
Region charakterizëje sã czekawim wëdrzatkã plónu i strzédnim zalasenim.
Kaszëbskô w swiece.
Te farwné statczi są znóné nié leno na Kaszëbach, ale téż dali w swiece np. w Kanadze.
Aùtor dokôzów pòswiãconëch m. jin.
Z niegò mòże miec kreditną kôrtã paypass i ni mùszi za wiele w swòjim miészkù za dëtkama szëkac.
Zôbôwczi są znóny òd tësący lat.
W 1862 rokù lëtersczi miéwcowie majątków z òkòlégò zarzeszëlë kòmitet bùdacje kòscoła, jaczi stanął tu w 1865 rokù.
W 1872 rokù w Kãtrzënie mieszkało 322 lëdzy, w wikszoscë pankòwie, a wies słëcha do parafié w Rozłazënie.
Sopot, Warszawa Wydanie polskie: 1991, s. 33.
Pò swòjim nawrócenim òn nawrócył na chrzescëjaństwò wiele lëdzy w rozmajitëch placach.
Skóra mô z wiérzchu bruną farwã, na łbie so cymné plamë skarniowé, za łbem na grzbiece plama kątowô w sztôłce lëtrë "V".
Są téż nawetka drzéwiãta co mają lëstczi piłkòwóné abò ząbkòwóné.
Pierszéństwò bë miałë miec gruńtë, co leżą w enklawach abò półenklawach lasowëch i gruńtë, co łączą lasowé kãpë.
Chirurgiczny wãzeł - to je apartny wãzeł, chtëren robią np.
Przësłowié: Kóń mô wikszi łep, niech sã jiscy.
Òn béł kawalérã Òrderu Òdrodzeniô Pòlsczi i wiele jinëch wëprzédnieniów.
W 2. pòłowie 16. stalatégò miéwcama wsë bëło òsmë szlachecczich familiów.
Liturgiczny dzéń kùńczi sã Eucharistią.
Łoczetk ùmarł 2 strëmiannika 1333 rokù na Wawelu, gdze òstôwô ôòchòwóny.
Bóg w stajni ony, dzys narodzony lëdzóm sę pokôzôł.
Òne służą Bògù w niebie i lëdzom na zemi.
Capra hirca) - to je susk z rodzëznë wòłowatëch (Bovidae).
Òn béł baro pòbòżnym sënã Jereda.
Krótczi dzéń wpłëwa na znaczne przedłużenié òkresu wegetacji, a dłudżi dzéń skraca òkres rozwòju wegetatywnego i pòwoduje chùtkie wëtworzenie wiéch.
Niebò w nocë bëło jasné bez pôrã pòstãpnych dniów.
Ò Kãtrzënie pisôł w swòjim pòémace "Ò Panu Czôrlińsczim co do Pùcka pò sécë jachôł"
San Marino je baro môłim gardã-państwã w pôłniowi Eùropie.
Mòże bëc zaòszocowóné pòle.
Blészcz (cataracta) - je chòroscą òczów ù lëdzy.
Lingwistika je ùczbą ò jãzëkù (mòwie).
Alternatiwa dlô Miemiecczi (
Je to 1009 rok naszi erë (pò narodzenim Christusa), 9. rok drëdżégò tësąclecégò, 9. rok XI stolatégò, 9. rok 1-égò dzesãcolecô XI stolatégò.
Wróbel (Passer domesticus) — to je môłi ptôch z rodzëznë wróblów.
Benedikt Karczewsczi (ùr. 1926 rokù - ùm.
Nudle, w leżnoscë òd fòrmë, gòtëje sã òd czile do czilenôsce minut.
Z aktów wëchôdô, że bëłë òne krëjamno czëtóné przez robòtników esbecczégò Wëdzélu „W” (wëdzéle ò taczi pòzwie zajimałë sã prawie krëjamnym przezéranim lëstów) Wòjewódzczi Kòmańdë Òbëwatelsczi Milicje w Bëdgòszczë.
W Jastrową Niedzelã jidzemë na Mszã Sw.
Pióra kôłpa sã gãsti i sztywni, pòdbiti gãstim pucha.
Brzezan abò kòzôk (Leccinum scabrum) – to je grzib z rodzëznë bòrzónowatëch.
Wierã czedës pò kaszëbskù bëła to wies Òsowô Góra.
Domôcô swinia, domôcô sjinia (Sus scrofa domesticus abò Sus domesticus) – to je pòdôrt abò órt lądowégò suska z rodzëznë swiniowatëch (Suidae).
W II swiatowi wòjnie (1945) òna bëła zniszczoné.
Wiérztë Trepczika tikają trzech témów: historii (np. Piesniô Wendów), jãzëka (np. Tczëwôrtnô jes jak dzejów duch) i miłotë do rodny zemi (np. piesniô Hej mòrze, mòrze, lubòtné mòrze.
Walka z nazyzmã dała mù wiôldżi autoritet w zestawienim z jinszima pòlitikama òskôrżiwónyma ò kolabòracjã z Niemcama.
Wòdnô baszka (Typha latifolia L.) – to je roscëna z rodzëznë baszkòwatëch (Typhaceae).
Monzón je gardã w Aragoniji (
Przëbëcé pierszégò ùdokùmentowónégò pielgrzyma, francësczégò biskùpa Le Puy Godescalco, datёje sã na 950 rok.
Miałë brodë dłëgszé jak òne same są.
Wiôldżi marwëjôdôcz (Myrmecophaga tridactyla) - to je ôrt suska z rodzëznë marwëjôdôczowatëch (Myrmecophagidae).
Pòéta ùkôziwô ji apartné klasë, chtërnë wëjinaczają sã bòkadnoscą: mómë tuwò Stolnika Horeszkã- przedstójnika aristokracëji, bùsznégò póna.
Piôskòwi charzt (Carex arenaria) - to je ôrt roscënë z rodzëznë Cyperaceae.
Ewanielëjô Jana (J, Jn abò J) – jedna z sztërëch Ewanielëjów Nowégo Testameńtu, chterne kòscół uznôł za natchnioné ë wprowadzył do zestôwku krégów Swiętëch Pismión.
Mùrowi wątornik (Oniscus asellus) - to je mùszlôk.
W kanonie Nowégò Testameńtu òna je jakno pierszô.
Do kùńca roku je 134 dniów.
Widzec to bëło w zwëkach wieselnëch (pisôł ò tim np.
Z negò chãtno są przërëchtowùje méble i je szerok wëkòrzëstiwóny w bùdowiznie; Wëkòrzëstiwóny w bednarstwie.
Jéj pisklãta wëzdrzą wnetka tak samò i òdzëwają sã na ôrt przëbliżony do młodëch gòspòdôrza.
Je to 1417 rok naszi erë (pò narodzenim Christusa), 417. rok drëdżégò tësąclecô, 17. rok XV stolatégò, 7. rok 2-égò dzesãcolecô XV stolatégò.
Na wiesc ò jegò pòdpisaniu papież Pius XII, prowadzący pòlitykę antykòmunistycznã, miôł zagrozéc cofnięciem ùznania Wyszyńskiemu.
A wiele lëdzy scelëło na drodze swòje płôszcze, a jinszi zeloné wiétewczi ùcąté na pòlach."
Rok w rok charakterizeje sã ok.
Z zawòdu technik - elektrik, z pasji pisôrz kaszëbsczi i znôwca kaszëbiznë.
Ottawa, ON 2007 kaszëbsczi jãzëk ë zwëczi.
Akòrdión w dzysdniôwi pòstaceji zméstrowôł w 1829 rokù Cyrill Demión, we Wiedniu.
Roscą òne pòd kòntrolą z ùżëcym specjalnégò substratu, szczépionégò jednym zortã mikòrizowónëch grzëbów.
Przechlastłô idila (1999) przewôżają ne miłotné czëca i colemało nen kam, czej zôs w trzecym pt.
Pò tim złożëł egzamin wstãpny na Ùniwersytet Warwick w Coventry, żebë sztudérowac anielską filologiã.
Rozegrół 116 mecze strzelającë w nich 63 gòle, co czyni gò nôlepszim strzèlcã reprezentacji w historii.
Pò przińdzenim nazôd do Cecylii, Walerión nalôzł ją kòl janioła, chtëren trzimôł dwa wińce z różów i lëlijów.
Òd pòrénkù grańcã Luksembùrga wëznôczô rzéka Mozela (niem. Mosel, fr.
Sin Ryu (1619-1680) to generala dinastëji Joseon.
Ùczbë są téż pò lapònskù.
Mô czôrné nodżi, dłudżi òstri dzób.
Òstôwielë letkòwiérnégò bùten òbczas sarcëstégò mrozu z òtemkłim miechã.
W nôcãższim cządze, czej pò lëkwidacji òdrodzony „
W Polsce tegò dnia powszechne zabawë z rozmajitima wróżbama, colemało z przepòwiôdanim przińdnoscë ze sztôłtu lóny na wòdã pszczelënë.
Tu mieszkô wiele katolëków.
Pòwierzchniô horizontu pòwstałi w ten sposób czôrny dzurë je tedë wiãkszô jak łącznô pòwierzchniô horizontów zderzających sã dzurów.
Je to 1456 rok naszi erë (pò narodzenim Christusa), 456. rok drëdżégò tësąclecô, 56. rok XV stolatégò, 6. rok 6-égò dzesãcolecô XV stolatégò.
Widzałą rodzynną grą na całi òbéńdze Kòreji je yut.
Do kùńca roku je 85 dniów.
Chòc pò 1956 rokù dzél Łemków przëjachôł nazôd w swòje stronë, to jich kùltura je barżi dlô wsë, a wiedno kąsk przegriwô z kùlturą gardu.
W XIX stalace Jirlandjiã òpanôwôł wiôldżi głód (1845-49).
Larwë wëkluwają sã z jôj, chtërne matka zniosła w wòskòwëch kòmórkach wãdzë.
Pòlemikã móże rodzëc sprawa teroczasnégò teritorialnégò òbjimù Kaszëbów.
Dzys historëjô Stôrégò Egiptu dzelona je téż na cządë dinasticzne, jakò cząd dinastii XII abo cząd dinastii VII.
Béł rektorã Pòznańsczégò Ùniwersytetu w latach 1962-1965.
Padëmak to je zelëskò w pòlu.
Doszłi do tégò miona je przez wiôlgą pòpularnotã ti mùzyczi w skaterowsczi scenié.
Pòmòrskô gãs - to je rasa domôcy gãsé.
Bëc mòże zajimało gò to barżi niżlë nôùka, chtërny nie skùńczył.
Jegò nôwôżniészim célã béło równak założenié akademie dlô ùzdolniony młodzëznë.
Òkróm gardów, charakterizëje sã Pòmòrskô bëlnym zalasenim ë rólnyma òbéńdama.
Do kùńca roku je 37 dniów.
Zadebiutirowôł 20 strëmiannika 2005 rokù, w wëgranym pòtkanim procëm Polonii Warszawa.
Samc wëzdrzi tak samò jak samnica, a przënômni lëdzczé oko nie móże widzec ti różnicë.
Wikszim dzélã to są trójné ôrtë i jima nie zagrôżô wëmrzenié.
Krajnô leżi midzë rzékama Kamionką ë Dobrzinką òd północë, Niecą òd pôłniégò ë Gwdą òd zapôdu.
Nie wszëtczé tedë òpisóné céchë mòwë wëstãpiwają na wszëtczich jegò òbéńdach.
Je to 1862 rok naszi erë (pò narodzenim Christusa), 862. rok drëdżégò tësąclecô, 62. rok XIX stolatégò, 2. rok 7-égò dzesãcolecô XIX stolatégò.
W jegò bògatim doróbkù są òbrôzë biôtków.
Wschòdnô platana (Platanus orientalis L.) - to je drzéwiã z rodzëznë platanowatëch (Platanaceae).
Drobnolëstnô lëpa (Tilia cordata Mill.) – to je drzéwiã z rodzëznë lëpowatëch.
Mùskùsowi szur (Ondatra zibethicus) – to je ôrt zemno-wòdnégò suska i grëzôk z rodzëznë skrzeczkòwatëch.
Jak kògòs rëszi ten szlach to òn mòże bëc na pół rëszony.
Jeżlë jistnieje nótnosc mògą bëc òne prowadzoné téż w jińszëch jãzëkach.
Pùlówer – to je wiérzchny ùwiãzłi òbleczënk, chtëren òbkriwô srąb do pasa i rãce, a óblëkô sã gò przez głowã.
Je to 1011 rok naszi erë (pò narodzenim Christusa), 11. rok drëdżégò tësąclecégò, 11. rok XI stolatégò, 1. rok 2-égò dzesãcolecô XI stolatégò.
Pipówkòwé òrganë są nôwikszim jinstrumentã.
Nawetka pò smiércë Witolda (1430) Wilno òstało sedzëbą wiôldżich lëtewsczich ksãżątów.
Za prësczich czasów Pòtãgòwò przeszło w priwatné rãce, pózni zôs bez kôrczowanié jegò òbéńda òstała pòwikszonô.
Wies mô baro dłëgô historëjô.
Historëczné centróm gardu je wpisóné na lëstã swiatowi kùlturny spôdkòwiznë UNESCO.
Szescrégòwi niesmiertelnik (Sedum sexangulare L.) – to je ôrt roscënë z rodzëznë grëbòszowatëch (Crassulaceae).
Kòlce strzédnio wiôldżé, nôgle zaòstrzoné, kąsk zakrzëwioné.
Mimò abdikacëjé césarza, sprôwné pòdzelenié kraju òstało blós zdemòkratizowané, z piersza bez ingerencëjé w jistniejący pòrządk.
Midzësłowiańsczi mô w se zbiérną baro òprosconą gramatikã ë je prosto rozmiona, bez rëchleszi naùczi, przez lëdzy gôdôjącëch słowiańsczima jãzëkama.
W 2008 rokù tu mieszkało 1425 lëdzy.
Czile jegò wiérztów muzyczno òbrobilë H. Jabłońsczi i Juliusz Łuciuk ("Kaszëbë").
Atropos bëła tą, chtërna decydowała o żëcy.
Starszi – to w òglowym znaczenim, są òsobë, òd chtërëch dzeckò pòchòdzy prosto – òjc i matka gwësnégò dzecka abò dzecy.
Kùrzi wid - to je fela wezdrokù.
Alpejskô òrogeneza sprawiła rësznotã westrzód Wòdodzéłowich Gór.
Mółi szczëczi jedzą zeloné z wòdë, le barô flot stają sã rabusznikama.
Baro drãgò ję jich hodowla.
Tu mòże bëc np.
Słowôrz Sëchtë stał sã spòdlim wiele pòdrobnëch prôc jinëch aùtorów, pòstãpné słowarze i òpracowania òpiérają sã wnetk wiedno na jegò bòkadnym zdrójnym materiale.
Damë i kémòwé grzepczi są zbùdowóné z szëchtowónëch piôsów, czisów i mułków, bò powstałe w òtemkłëch i szeroczich rozpãklënach nikwiejącégò lodofôłtu ze zbiérającégò sã przez wiele lat materiału.
Téż człowiek przë tim miészańcu dosc tëli robił.
Bëła tu mòzajika religii i kùlturów.
We wsë je pałac z XVII stalata.
Tipiczné pòmerénczi bëłë òd 8,5 do 9 métrów dłudżé, a òd 2,4 do 2,6 métrów szeroczé.
Zachòwało sã tuwò bòkadné wëpòsażenié (XVII-XVIII st.
Pisôł téż dlô dzôtk - Żużónka jak mrzónka (1984).
Wies dłudżi lata słëcha do cëstersów.
Żôłti lëpin (Lupinus luteus L.) – to je jednorocznô roscëna z rodzëznë bòbòwatëch (Fabaceae).
Òknownik - to je dólne wëkùńczenié scanë pòd òknem.
Do kùńca roku je 75 dniów.
Rozewié (pòl. Rozewie, miem.
Pògrzéb jegò béł wiôlgą manifestacją i leżnoscą dlô òkôzaniô tczë dlô jegò dzejaniégò na kaszëbsczim gónie, jaczé wëpełniło mu wnetka całé żëcé.
Strzébro (łac. argentum) – to je chemiczny pierwiôstk, metal.
Cantharellus cibarius var. flavipes R. Heim ex Eyssart.
Przez taczé kòrzenie ta roscëna mòże sã pnąc na przëmiôr na drzéwiãta.
Tej nawetka czej jesmë gwës na 100%, że przed nama leżi slëmiéń, lepi trzëmac sã wskôzë: nigdë nie tikôj czegòs, co ni mô nogów.
XN Alauda arvensis.
Francuz Georges Demenÿ ùsadzył cwiczënczi do mùzyczi, chtërné bëłë tak ùłożoné bë rozkòscérzac widzałosc rëchù, elasticznosc miãsniów i bëlną pòstawã.
Kaszëbizną nie zajimô sã wiele fùńdacjów.
Lëdzë, chtërni są z Madagaskaru, mają miono Malgasë i brëkùją malgasczi jãzëk.
Wczesnie zainteresowôł sã żywo literaturą, przë czim pòczątkòwò skupił swòją ùwagã na Friedrichù Gottliebie Klopstocku i Hëmerze.
Prospekt je nôbarżi òzdobnym i widzocznym dzélã szafë.
Malëne – roscëna dwóch ortów czerwony jagòde.
Wôżna data dlô stołowego tenisa to rok 1903, cziedë to E.C. Goode wprowadzëł òbłożenë przëklejané do desczi.
Ji je pòklôsztorny kòscół pò sostrach z zôkónu sw.
Bëlną wiéchrzëznã zabiérają téż pôsné roscënë.
Topaz abò topôz - to je mineral.
Z greczi przełożił na kaszëbsczi jãzëk ò. Adam Ryszard Sikora OFM.
Òd 1982 rokù béłczilekrotnie dzekónem Òddzélu Filozoficznégò Papiesczi Akademii Telogicznej.
Parafiô p.w. Nôswiãtszi Mariji Panienczi Królewi Różańca Swiãtégò w Gduńsku - je òd 1958 rokù.
Sëlëczëno je turistnym òstrzódkã z wiele wczasowima chëczama ë agrokwatérama.
Stonehouse Bernard, Francis John, Zwierzęta naszych lasów, Poznań 2009,s.
Wëłączenié jich z òbrôbianiô mô cwëk, bò mało co na nich rosce.
Òna mògła bëc np. do przërëchtowaniô klusków.
Wërosłé casto kładze sã łëżką i piecze z dwóch strón na òléju.
Rozpòczãcé taczégò dzejaniô wëmôgô le përznã fòrmalnosców w ùrzãdze gminë.
Òn napisôł słowôrzk Kashub-English-Kashub.
Szczecëno (we zdrojach: Stetin 1133, Stetyn 1188, Stitin 1251, Borstaborg XIII w., Stitinum,, Stetina, Stittin, Stettin, Szczecëno (Słowińcë); pòl.
Przikładã je tu prôwdzëwô òspa, jaczi òstatny przëtrôfk béł zmerkóny w latach 70-tëch ùszłégò wiekù i pòlio-nagminné dzecné pòrażenié, co je leno w 7 krajach na swiece.
Sanitarny stón wòdë pòbiéróné przez lëdztwò z wòdoprowôdników i ze stëdniów béł co sztërk lëchi.
Ta sowa mòże ùstawic dwa pôlce do przôdkù, a dwa do tëłu.
Salmiak - (NH4Cl) to je chemiczny związk.
Je to wiolgo humanitarno tragedia dla ledze syrejsczich od 2011.
Òd V wiekù òstrów béł chrystianizowóni przez swiãtégò Patrika.
Chëczëno (we zdrojach: Gizin abò Gizyn 1216, Chyzin 1267, Egezyn 1296, Eksin 1302, Eggsin; miem.
Miôł téż wiôdżi nôùkòwi doróbk w òbrëmienim elektricznoscë, filozofie i ekònomie.
; przënôlégô do karna lëdzy wëprzédnionëch Medaliã 50-leca Kaszëbskò-Pòmòrsczégò Zrzeszeniô.
Na Kaszëbsczich jezorach je barô spòpularizowónô.
Pôłniowi krańc Bòsnie i Hercegòwinë leżi w conie strzódzemnomòrsczégò klimatu.
Òn mòże bëc na Kaszëbach.
Jałówce straszą czasã - pòbłądzonëch wanożników - kòl stegnów czej sã stôwô smroczno.
Eùgeniusz Gòłąbk (ùr.
Piroga - to je bôt zrobiony z jednégò sztëka drewna; wëkùmuny, z plaskatim dnem, na snôdszich wòdach mòże w nim paczënowac.
Bôjczi pòmagajã w wëpowiadanim pod wzgl. gramaticznym i fleksyjnym, pobudzajã zainteresowanié dzëcy ksążką.
Wôżczi są związóné z wòdowim strzodowiskã – pònarwë żëją w wòdze, dorosłé òsóbniczi żëją kòl zbiérnika z wòdą stojącą abò płënącą.
Do kùńca roku je 27 dniów.
Zesôdzô sã z wòdnëch kroplów, le nié je to òpôdowô blôna.
W XIV stolecu na nym môlu mògła bëc pòstawionô pòstãpnô swiątinia, a jinô hipòteza zakłôdô, że bùten bòkadno wëstrojony swiãtnicë mógła bëc sztatura Marëji i 12 sztatur apòstołów wëkònónëch ze złota.
Ten Lëst szlachùje za Lësta do Galatczików, a béł napisóny pòd diktandã.
Jeżlë Ksãżëc, chtëren krążé wkół Zemi, najdze sã w całoscë w òbéńdze stóżka cénia całoscowégò Zemi, to parmine słuneczné nie dochadają bezpòstrzédno do jegò wiéchrzëznë.
Zajimô tu pôrã zalów.
Niechtërny geòmòrfòlogòwie dopisëją naszim pradolëznòm jinszą genezã; bierzą je fòrmë przed òstatnym zlodzenim.
Wiãzarkòwô architektura je téż ùznôwónô przez wiele lëdzy za baro esteticzną.
Lëdze czãsto mëslą, że zacmienié Słuńca wëchôdô nie tak czãsto, jak zacmienié Ksãżëca Kalendarz astronomiczny na XXI wiek.
Jich bënowô bùdacja i geneza je równak jinô.
W XIX stalatim Czijew stôł sã wiôldżim przemësłowim i hańdlowim centrum.
W 1911 rokù òstôł òjcã dëchòwnym pelplińsczi seminarëji ë ji wicerektorã, a latach 1920-1932 béł rektorã.
Je to 1863 rok naszi erë (pò narodzenim Christusa), 863. rok drëdżégò tësąclecô, 63. rok XIX stolatégò, 3. rok 7-égò dzesãcolecô XIX stolatégò.
Wësmùkłi cało, werazny czubk głowë i werazny schòdkòwóny ògón z biôłim òbrzeżeżenim.
Kùbaba – brzôd drzewa Pimenta dioica.
Ptôchë te mają mało mòcë w skrzidłach temù do lôtonigò wëkòrzistiwają òne pòwierzchniã swòjich skrzidłów i cepłé prądë w lëfce.
Pòlsczé pòjimanié grańców Pòmòrsczi je baro przëszerné.
Je wiele pòwiédzeń ò maratonach.
Pò smiercë chłopa òbjãła pò nim funkcjã czerownika spòrtòwi hali w pòdwarszawsczim Lesznie, a tej pełniła funkcjã wiceprezesa miejscowégò klubù Partyzant, w chtërnym pierszé piłkarsczé kroczi stawiôł Robert.
Tu mòże téż òbezdrzec neogòticczi parafialny kòscół.
Lëdztwò gardu: 5.727 mieszkańców (
Òn je ùczonym Instytutu Historëji Katolecczégò Kòscoła na Lubelsczim Ùniwersytece i aùtorã zbiérków wiérzt: kaszëbsczich Kańta nôdzejë (1991), kaszëbsczich z gwôsnyma dolmaczeniama pòlsczima Jantarowi pôcerz (1991) i jin.
Wòjcech Cëchòsz (pl Wojciech Cichosz) - ùr.
Òsobã ë dzejanié „bùdzëcela” przëpòminają regùlarno pòsobné roczëznë.
Muzeum Ceramiki Neclów w Chmielnie.
Rosce w zemi bogato w składniczi mineralne i srednio próchniczne.
Òn nie dożdôł sã sëna.
Strzeżcie tych wartości i tego dziedzictwa, które stanowią o Waszej tożsamości.”
I ne vvedi nas v pokušenje, ale izbavi nas od zlogo.
W 2007 rokù òn béł wëprzidniony Medalã Stolema.
Do kùńca roku je 126 dniów.
Je to 1772 rok naszi erë (pò narodzenim Christusa), 772. rok drëdżégò tësąclecô, 72. rok XVIII stolatégò, 2. rok 8-égò dzesãcolecô XVIII stolatégò.
Nié le dëcht lëdzy, ale Grzenk zybie do spikù zwierzëce, fiucëznã i òwadzëznã.
Starodôwnotą je tu katédra sw.
Je to 956 rok naszi erë (pò narodzenim Christusa), 956. rok pierszégò tësąclecégò, 56. rok X stolatégò, 6. rok 6-égò dzesãcolecô X stolatégò.
Czësto bëła noszonô przez pòlskô szlachtô szëkòwné dobranié do żupôna.
Pelplin (Pelplin) – to je gard w dërszewsczim krézu.
Lasëzna - to je zbiér zelów, trôwów, grzëbów i jin. w lasu.
Dzëkô jabłónka abò eltka (Malus sylvestris) – to je drzéwiã z rodzëznë różowatëch (Rosaceae).
Słowò "apòkrif" fùnkcjonëje téż pòza kòntekstem religijno-filozoficznim w barżi òglowim znaczenim, òpisownym tekscë niegwësnégò pòchòdzeniô, prôwdzëwòtë.
Terô je tu skansen - Mùzeum Słowińsczi Wsë.
W wiérztach òdnôszô sã téż do bòsczégò stwòrzeniô, do rodë, np.
Kaszëbi wiele razy przëjéżdżelë na Midzënôrodny Zjôzd Kaszëbów.
Na zôczątkù zélnika 1841 r. zdôł dwùdniowé egzaminë kùńcowé, a 21 zélnika dostôł swiôdectwò dozdrzałotë.
Dzysô przepòwiesce robióne są i przez knòpów i białczi.
'Green Carpet' – niskô òdmiana ò fòrmie płożącé (baro przëlégającé do zemi), mô zelonô farbã jigłów.
Stolëcą Bùłgarie je gard Sofia.
Na zemi dóny Rumlowi miôł pòwstac Rummelsburg, to je Miastkò.
Pòstãpnym ùstëgòwanim dlô ju dozdrzlałëch jéżów je darga a òsoblëwi szosëje, gdze wiele chùtkò rozmajitëch pòjazdów.
Jeléń (Cervus elaphus) téż: Jeliń, Jel, Jeł – lądowi susk z rodzëznë jeléniowatëch.
Nôwikszim dokôzã je biograficznô trilogiô Dzieciństwo, Młodość.
Nié dostôł równak zgòdë na dłëgszi pòbët ë sczérowôł sã do Króléwca, żebë załatwic swòje sztudérsczé zachë.
W jãzëkach z dôwną pismieniową tradicją trigrafë pòwstają samòrzutnie, w wënikù przemianów w zwãkòwim składze jãzëka.
Stôw – to je dosc smôdczi wòdny zbiérnik, òn mòże bëc kòpóny przez człowieka dlô rib.
Jerzi Łisk (ùr.
Jegò kaszëbskò-niemieckò-pòlsczi słowôrzk i nadczidniãca ò kaszëbskò-rusczich analogiach pòbùdzelë do badaniów rusczich ùczałëch, dzãka czémù zainteresowania Kaszëbama dostałë sã w krąg eùropejsczi pòliticzi.
Tu w 2008 rokù mieszkało 149 lëdzy.
Ptôchë (Aves) – są gromadą cepłokrëwianëch zwierzãtów z pòdtipu krzélôczi (Vertebrata).
Ùrlopòwóny z wòjska pò chòrobie, w 1917 béł lékôrzã w przëtułkach dlô dzecy pòd Kijowã.
Nënka bëła dóma przë dzecach.
Dlô pòrównaniégò wôrt wspòmnąc, że strzédnô miesãcznô wëpłata w latach 1955 i 1956 wënôsza pòsobicą 1008 i 1118 zł Słôwk Fòrmella, Zéńdzenia ù Méstra Jana.
Produkùje sã je òd 1969 ròkù.
Pisôł ò tim Òskar Kolberg: w krajińsczi "sëkni" zachòwôł sã nôdłëżi domôcy krój – doch, jak wiémë – sëknia bëła òdbicym przënôleżnotë ji gwôscëcéla do jaczégò spòlëznowégò stónu.
Stółk – jednoòsobny mébel do sedzeniô z òpiercém, z wiksza ò szkeletowi kònstrukcji.
Do kùńca roku je 59 dniów.
Maszewo Rozporządzenie Ministrów: Administracji Publicznej i Ziem Odzyskanych z dnia 15 marca 1947 r. o przywróceniu i ustaleniu urzędowych nazw miejscowości (Monitor Polski 1947, nr 37, poz.
Janusz Kôrczôk jakò miejscowi lékôrz kòrzëstôł ze słuzbòwégò mieszkaniô na terenie szpitala i swoadcził pòmòc chòrim w kòżdi chwili.
Na czas bëcégò w Miszewie (1927–34) przëpôdô nôwikszô òrganizacyjnô i ùtwórczô aktiwnosc pòetë.
Òn mùzykòwôł i spiéwôł, a béł téż gôdôszã.
Òcena juniorsczich grëpów wënosy do 30 pkt za ùłożënk, za to w seniorkach nôwiãkszé òbtaksowanié to 20 pkt za ùłożënk.
Mrowiszcze - to je gniôzdo, chtërno bùdëją òwadë z rodzëznë mrówkòwatëch.
Na zôczątkù mùzyka na nie miała swòjegò jednegò miona, bëła klasyfikòwónô pòd Pop, Country czë tëż Rhythm and Blues ë nie wëszła za grańce pôłniowëch stónów.
Wies je na szlachù wòjewódzczi dardżi 25px ë krajowczi dardżi 25px.
Rozdarżny stołp - to je òbrobiony kam, na chërnym je napisóné gdze prowadzą drodżi.
Zamkòscą Stôrégò Testameńtu je historëjô i spôdkòwizna żëdowsczégò narodu.
Shakira Isabel Mebarak Ripoll, (ùr.
Je to 1817 rok naszi erë (pò narodzenim Christusa), 817. rok drëdżégò tësąclecô, 17. rok XIX stolatégò, 7. rok 2-égò dzesãcolecô XIX stolatégò.
Lodofôłt abò lodówc - to je masa lodu, chtërna pòmału płënie, a je z przesztôłceniô pòsôdów wiecznégò sniegù.
Òna je zrzeszoné z barżi sëchima sedlëszczama, a òb zëmã spi.
Mlékò w kùchnie je wëkòrzistiwoné do picégò abò do werobianiô sérów.
Òn je z zôchòdnégò karna rodzëznë jãzëków germańsczich.
Przed wòjną robił jakno referent w wejrowsczi radnicë.
Diamańt – szlachetny kam, baro rzôdczi minerôł z karna samòrodnëch pierwiôstków.
To czim filozofijô dokładno je, abò czim darwô bëc, je samò w se filozoficzną problemą, jaką filozofòwie w historëji rozmajice rozmieli ë traktowelë.
Òd kùńca XVI wiekù krëpë ùchòdzałë w pòlsczi kùchni za primitwną jôdã, chtërną żëwilë sã główno lëdzë bidny i chòri.
Do niegò pisôł profesor Aleksandr Dulichenko.
Blónë to są kapci wòdë, co wiszą w lëfce.
Je to 1402 rok naszi erë (pò narodzenim Christusa), 402. rok drëdżégò tësąclecô, 2. rok XV stolatégò, 2. rok 1-égò dzesãcolecô XV stolatégò.
Tu je mòżno òbzerac taczé, co są wiãcy jak 130 lat stôré, i taczi, co zaczãłë żëcé dopiérze 2–3 lata temù.
Sarka mieszkô w całi Europie, Azji i nordowò-zapadné Africe.
Piéńkùń (we zdrojach: Pencun 1240, 1284, Pinkun 1269, Penkun; miem.
Na zôczątkù Konqueror miôł miono KFM (KDE File Manager) ë bëł brëkòwóny blós do przezéraniô lopków ë sprôwianiô nima.
Krëpóma nazéwóné są kasze òtrzimóné z zôrna, chtërno òstało tylkò òbłuszczoné i ewentualno wëpòlérowóné, przë zachòwanim sztôłtu zôrna.
Òb 30 lat je iich corôz to wiãcy a terôz są też na sztrądze jezór.
Òd V do VII s. Silla pòstãpno dobéwôła nowé dzéle Kòreji.
Ks. dr Zëchta zanotérowôł (1972): „Meine Mutter matka jechała nach die sztatka, kaufte Messer, noża, schlacht die Ziege, koza.”
Jakùba je jednym z nôwożniéjszich katolëcczich szlaków pielgrzimów,òkróm szlakù do Rzymù ë Jerozolimë.
Bòlesłôw Jażdżewsczi (
Pò 1944 r. zaczãlë miasto zamieszkiwac Lëtwinowie i Pòlôszë.
Pòrzucëł bòkadoscë, dodóm swòjégò tatka i òstôł ùbòdżim, chòdzyl proszącë ò chléb.24 gromicznika 1208 roku Francëszk, zdjął habit eremicczi i zaczął nosëc prostą bruną sekniã, z bòsyma stopama zaczął wòłac do lëdzy, żebë sã nawrócëlë.
Zasadzenié bòrów pòddwignie jich ekònomiczną wôrtnotã i jesz pòprawi statisticzné wskôzë pòdług lasów na Kaszëbach.
W stëcznikù 1846 r. przeprowadzonô òsta kòl niégò rewizjô ë wezwóno gò na przesłëchanié.
Brzég Bôłtu na pòrénk òd Zingst.
Farwë - dwie płcë równo farwnô.
Marión Mòkwa twòrził kòl 80 lat, mającë òb nen cząd kòl 150 wëstôwków, baro wiele w salonach ë galerijach Pòmòrzégò, wiele téż za greńcama, na przëmiôr w 1935 w Chicagò.
Je baro czëłô na zaczapanié lëftu ë téż na nisczé ceplëznë.
Do kùńca roku je 107 dniów.
Na zwiérza pilnuje, spôdô z góré i chwëtô gò drapcama.
Szafir - to je mineral.
Swòją pierszą platã wëdôł w 1985 rokù.
Lëste lécków brzadującëch wiedno trzëlëstkòwé (nie tëkù so nowëch òdmianów brzadującëch na léckach jednorocznëch).
Bukowina Rozporządzenie Ministrów: Administracji Publicznej i Ziem Odzyskanych z dnia 15 marca 1947 r. o przywróceniu i ustaleniu urzędowych nazw miejscowości (Monitor Polski 1947, nr 37, poz.
Je to nôwikszi gard Tëchòlsczich Bòrów.
Rëmiô robi za mieszkaniowi slôd dlô Gdini.
Na latowiskù - to je titel pòlsczégò kòmiksu Na wczasach Janusza Christë (seria Kajkò i Kòkòsz) w kaszëbsczim wëdanim.
Òn zjôdô je nôbarżi òb noc i pò deszczu.
Nôzwëska Kaszëbóm w Kanadze tam wiele razy zmiéniele.
Klasicznô pòwiesc je pisanô prozą, w chternej wiele je dwugôdków, òpisënków akcëjô i naturë, pòdzelonô je na dzéle.
W rãkach tich Miemców bëło dzél gbùrsczi zemi.
Wëzdrzatk gatënków z ti rodzëznë je dosc teli jinorodny.
Taczi ògón wãgòrzi sã i zmili téj séj przesladownika, a padalc je w sztãdze w tim czasu ùcec.
Wëgriwają ti, chtërny wicy razy dobrze strzélą do brómczi (wrotnicë) procëmnika (zrobią wrotnicã).
Zjednóné Kraje Americzi (United States, United States of America) są państwã w Nordowi Americe.
Tu je stóri kòscół.
Te glëniané grónczi mògą miec prosto naznaczoné lëdzczé twôrze na se.
Słomã ze stebłów bierze sã do wërobinë słomianych daków (strzech) jak téż służi jakò scelëna dlô chòwë.
W 1232, na dołgò przed Gutenbergã, pierszi rôz ùżëto rësznë drëkarsczé znaczi z metalu do wëdawania tekstów.
Òpòwiôdanié ni mô tak scaloné bùdowé jak nowela, ò czim decëdëją òsobë na drëdżim planie, òpisë ë refleksje.
Czôrny nosoróg (Diceros bicornis) – to je ôrt wiôldzégò niepôrokòpëtnégò suska z rodzëznë nosorógów.
Karabela bëła ùżewanô za czasë króla Jana Trzecégò Sobiesczigò czej pód Widną wójowalë.
Tak tej Mikòłôj je brëkòwny w dëscyplinowanim dzecy.
Do kùńca roku je 104 dniów.
Dozérôł pòezjã zaangażowóną i prozã, np.
Tu sa wëszawë Andë i je stolemna rzeka Amazonka.
Je tuwò nôwiôldżi na swiece wãzeł górów - Pamir, chtëren je zwóny Dakã Swiata.
Dzysô wiémë, że to nie je prôwda.
Czôrnô pòwinna ùdżënac przechôdającé w ji òkòlim słuńcowi parmienie.
Trzeba téż napisac ò przedstôwcach prësczich gardów w sejmikù, jich wikszi niezanôleżnoce, niżlë całotë mieszczaniznë w szlachecczi Pòlsce.
Je to 1859 rok naszi erë (pò narodzenim Christusa), 859. rok drëdżégò tësąclecô, 59. rok XIX stolatégò, 9. rok 6-égò dzesãcolecô XIX stolatégò.
Jezëska òczka w kùmkù jak spią.
Òb nią lëdze spiéwelë kòscelné piesnie np.
Przyczynek do ludoznawstwa i krajoznawstwa Kaszub, przekład M. Darska-Łogin, red. naukowa i wstęp J. Borzyszkowski, Berlin 1911 - Gdańsk 2012, s. 95.
Je to 989 rok naszi erë (pò narodzenim Christusa), 989. rok pierszégò tësąclecégò, 89. rok X stolatégò, 9. rok 9-égò dzesãcolecô X stolatégò.
Lëdztwò gardu: 33 460 mieszkańców.
Bekas (Gallinago gallinago) – strzédny wanożny ptôch z rodzëznë bekasowatëch.
Je to 1438 rok naszi erë (pò narodzenim Christusa), 438. rok drëdżégò tësąclecô, 38. rok XV stolatégò, 8. rok 4-égò dzesãcolecô XV stolatégò.
W 1937 r. skùńcził Tokio Ùniwersytetu we Japòńskô ë zaczął robic jakno szkólny w Kuangsi.
Dzysô òżiwô dzãka dzejalnoscë mùzeów (dnt. Muzeùm Etnograficzné w Gduńskù-Oléwie), Kaszëbsczégò Ùniwersytetu Lëdowégò itp.
W 2008 rokù tu mieszkało 133 lëdzy.
Niewiada gdze skùńcził sztudia, le 11 gòdnika 1851 r. na Ùniwersytece m. Friderika Wilhelma w Berlinie òbarnił dochtórską robòtã z medicynë pt.
Òchrónowi cząd – òd 1 stëcznika do 30 łżëkwiata.
Samò przëstąpienié do Kónwencji nie òznôczô bëcô członkã Ùnii w Radzëznie Europë.
Zlokalizowóné je tam czerpiskò ùranu ë 200 megawatowô òlejowô elektrownia.
Je to 1900 rok naszi erë (pò narodzenim Christusa), 900. rok drëdżégò tësąclecô, 100. (i slédny) rok XIX stolatégò, 10. rok 10-égò dzesãcolecô XIX stolatégò.
Domôcô slëwa (Prunus domestica L.) - to je roscëna - miészańc - wierã z dwóch ôrtów sléwów z rodzëznë różowatëch (Rosaceae Juss.
J. Szlaga „Wstęp ogólny do Pisma Świętego" Pallotinum, Poznań - Warszawa 1986.
Je to 884 rok naszi erë (pò narodzenim Christusa), 884. rok pierszégò tësąclecégò, 84. rok IX stalatégò, 4. rok 9-égò dzesãcolecô IX stalatégò.
Bibloteka Kongresu (Library of Congress) - je w Waszingtonie D.C. òd 1800 rokù.
Sztërë pòstãpné gardë bëłë rządzoné direktno przez rząd w przeszłoscë, ale terôz są abò znowa sparłączoné ze swòjima prowincëjama abò jinaczi zòrganizowóné.
Za pòstac meksykańsczégò rewolucjonisty Emiliano Zapatë w dramace historicznym Elii Kazana Viva Zapata!
Pòkrëwë gòdzynczi sédemkropczi są czerwioné, a na nich je sédmë kropków, trzë pò òbù stronach i jedna na westrzódkù.
Tegò samégò rokù Francëszk założëł Trzeci Zakón dlô lëdzi świéczich.
Jak zôs przëznała jegò òtroczka, „wdôrë pò starkù znikłë razã z badérama jegò żëcégò”, co nawpół dolmaczi brak cénôwòwsczégò mùzeùmù.
Je to 874 rok naszi erë (pò narodzenim Christusa), 874. rok pierszégò tësąclecégò, 74. rok IX stalatégò, 4. rok 8-égò dzesãcolecô IX stalatégò.
Ale naprôwda, chòc jegò twórczosc nie bëła ju tak mòdnô we Wiedniu, dali òtrzimywôł równak znaczącé przëchòdë z rozmajitëch stron Eùropë.
Je to jedinô noc w rokù,w chtërny młodzëzna bez żódny konsekwencji mòże psocëc starszim.
Słowińsczi Nôrodny Park ò wiéchrzëznie 186,2 km2 (założony w 1967 rokù) òbrëmiô jezora np.
W midzëwòjnowim cządze kòle wsë bëła pòlskò-miemieckô greńca.
Sëszimë na zaczątkù w cëpleznie 4O°C, dosëszimë w cëpleznie 60°C.
Do kùńca roku je 18 dniów.
Zebrało sã w nim wiele lëdzy rësznych w kaszëbsczi rësznotë, a sparłãczonëch z rozmajitima pòliticznyma żochama w midzëwòjnowym 20-latim i pò II swiatowi wòjnie.
Gardë Czech, chtërne mają wiãcy jak 50 000 lëdzy.
Zymk dzeli sã na nôzymk (pierszô pòłòwa), zwóny téż przedzymkã, ë na pòzymk (drëgô pòłòwa).
Òna zajimô sã funkcjonowanim sztrukturów teritorialny samòrządzënë, założeniama regionalny pòliticzi i jinima jistnyma sprawama.
Céza - ôrt secé do łowienô rëbów przë dnie np.
Lëdze antikòwi ùznôwelë, że grifë pilëją górów złota, a dzérzników, chtërny próbùją tam pòdéńc, pòriwają razã z kòniama.
Pòtim bëła ksãgòwą w Federal Bank of Boston (1986-1990), a òd 1990 r. je sztudérsczim dorôdcą i téż, od 2006 r. wëkłôdô na Wëdzelu Kriminalny Sprawiedlëwòtë na Boston University.
Ten lager pòchłonãł tësące òfiarów, w tim wiele jinteligencëji.
Ne wiérztë na fińsczi jãzëk mô tołmaczoné Kirsti Siraste.
Je to 1909 rok naszi erë (pò narodzenim Christusa), 909. rok drëdżégò tësąclecô, 9. rok XX stolatégò, 9. rok 1-égò dzesãcolecô XX stolatégò.
Stanisław Szczur, Krzysztof Ożóg, Tomasz Jurek i in.
W 2018 rokù I rok akademicczi kaszëbsczi etnofilologii nie béł pùszczony w rësznotã.
Bëło w nim wiele Kaszëbów, Pòlôchów, Żëdów i jinëch lëdzy.
Gra je jinszy od zabawe bò w grze sum elemente biôtczi, miónczëznë i hazardu.
Tedë ni mògą sã barnic.
Je to 881 rok naszi erë (pò narodzenim Christusa), 881. rok pierszégò tësąclecégò, 81. rok IX stalatégò, 1. rok 9-égò dzesãcolecô IX stalatégò.
W 2015 w pòdlasczim wòjewództwie mieszkało 1 191 918 òsób.
Drãtewniczi (Phasmatodea) – są rzãdã zwierzãtów z gromadë òwadów (Insecta).
Miesczé mùzeùm w Kòszalënie.
Chińsczé merczi 高麗 (Koryŏ), wëmowiô sã w Chinach jakno Gaoli, co Marco Polo zapisôł jakò Cauli.
Dwa lata późni zagrôła w serialu Le secret des flamands, ò jednym czasu wystąpòwała na scenié słôwnô na całi swiat Comédie-Française.
Bliza ta je jinô, przez to, że ni mô wiôldżégò sygu.
Skórc (Sturnus vulgaris) – môłi ptôch z rodzëznë skórcowatëch.
W Pòlsce szczépienia procem òdrze są òbrzészkòwé.
Ùmòrzenié dłëgù - to je dobrowòlné anulowanié caloscë abò dzélu dłëgù w òbrëmieniach ùgòdë midzë wierzëcelã (pieniãżnikã) a dłëżnikiem (pòżëcznikiem).
Cantharellus cibarius var. cibarius Fr.
Szëflôda - to je wësëwónô òtemkłô z górë skrzinka w méblach.
Krëjamni Wòjskòwi Òrganizacëji "Kaszëbsczi Grif"
Jãzëk szląsczi òstôł téż zaregisterowóny w Midzenôrodny Jãzëkòwi Òrganizacëji, dze òstôł mù przëdzélony kòd ISO: szl.
Je to 1693 rok naszi erë (pò narodzenim Christusa), 693. rok drëdżégò tësąclecô, 93. rok XVII stolatégò, 3. rok 10-égò dzesãcolecô XVII stolatégò.
Bëła na Ewanielëjô pisónô jako slédnô spomidzë sztërzech Ewanielëji.
Na zymkù 1209 (w niechtërnych zdrzódłach 1210) rokù Francëszk pòprosëł w Rzymie ò zatwiérdzenié swòjé Regùłë.
Pas - to je dłudżi, wąsczi sztëk skórë, wôrpòwinë abò jinégò sztofù.
Przewalsczégò kóń (Equus przewalskii) – to je niepôrokòpëtny susk z rodzëznë kòniowatëch.
Wszëtczé gatënczi gadòw w Pòlsce mają prawną òchronã.
W rokù 1882 jakò pierwszi wëtwôrził klatrat dwutlenku węgla i baderôwôł jegò własnosce.
Dzysô liturgiô gòdzënów je stosowónô przede wszetczim w diakònatach, óbczas duchòwnëch kònferencjów, rekòlekcjów, ë téż studańtów teologie abò ewangelëcczi rodzëznë.
Òb lato 1820 r.Mickewicz przeżił wiôlgą miłotã do Marilë Wereszczakównë, tedë ju brutczi grafa Wawrzińca Pùttkamera.
W ti wsë tacył sã przed Miemcama ks.
Szëk pòkȏże sã dopiérze czejbë je rozmiȏc razã.
Dôwné Bëtowò, herbùnk Lubinusa z 1618 rokù.
Szëmich dzejô le dëcht w lasach.
Doparłãcził do niegò równak prakticzną dejã ùrobieniô lëteracczi kaszëbiznë i kaszëbsczi pismieniznë, tj.
