Inflect zacny | ADJ;ACC(SG,FEM)	zacną
Inflect zacny | ADJ;INS(SG,FEM)	zacną
Inflect zacny | ADJ;NOM(SG,FEM)	zacna
Inflect zacny | ADJ;ACC(PL)	zacne
Inflect zacny | ADJ;ACC(SG,NEUT)	zacne
Inflect zacny | ADJ;NOM(SG,NEUT)	zacne
Inflect zacny | ADJ;ACC(SG,MASC,ANIM)	zacnego
Inflect zacny | ADJ;GEN(SG,MASC)	zacnego
Inflect zacny | ADJ;ACC(SG,MASC,HUM)	zacnego
Inflect zacny | ADJ;DAT(SG,FEM)	zacnej
Inflect zacny | ADJ;ESS(SG,FEM)	zacnej
Inflect zacny | ADJ;GEN(SG,FEM)	zacnej
Inflect zacny | ADJ;DAT(SG,MASC)	zacnemu
Inflect zacny | ADJ;NOM(PL,MASC,HUM)	zacni
Inflect zacny | ADJ;ESS(PL)	zacnych
Inflect zacny | ADJ;GEN(PL)	zacnych
Inflect zacny | ADJ;ACC(PL,MASC,HUM)	zacnych
Inflect zacny | ADJ;DAT(PL)	zacnym
Inflect zacny | ADJ;ESS(SG,MASC)	zacnym
Inflect zacny | ADJ;INS(SG,MASC)	zacnym
Inflect zacny | ADJ;INS(PL)	zacnymi
Inflect native speakerka | N;DAT(SG)	native speakerce
Inflect native speakerka | N;ESS(SG)	native speakerce
Inflect native speakerka | N;ESS(PL)	native speakerkach
Inflect native speakerka | N;INS(PL)	native speakerkami
Inflect native speakerka | N;INS(SG)	native speakerką
Inflect native speakerka | N;ACC(SG)	native speakerkę
Inflect native speakerka | N;ACC(PL)	native speakerki
Inflect native speakerka | N;GEN(SG)	native speakerki
Inflect native speakerka | N;VOC(PL)	native speakerki
Inflect native speakerka | N;DAT(PL)	native speakerkom
Inflect native speakerka | N;VOC(SG)	native speakerko
Inflect trącić | V;COND;3;SG;FEM	trąciłaby
Inflect endorfina | N;INS(PL)	endorfinami
Inflect endorfina | N;NOM(SG)	endorfina
Inflect endorfina | N;ACC(SG)	endorfinę
Inflect endorfina | N;DAT(SG)	endorfinie
Inflect endorfina | N;GEN(PL)	endorfin
Inflect endorfina | N;DAT(PL)	endorfinom
Inflect endorfina | N;VOC(SG)	endorfino
Inflect endorfina | N;ACC(PL)	endorfiny
Inflect endorfina | N;GEN(SG)	endorfiny
Inflect mosiężny | ADJ;ACC(SG,FEM)	mosiężną
Inflect mosiężny | ADJ;INS(SG,FEM)	mosiężną
Inflect mosiężny | ADJ;NOM(SG,FEM)	mosiężna
Inflect mosiężny | ADJ;ACC(PL)	mosiężne
Inflect mosiężny | ADJ;ACC(SG,NEUT)	mosiężne
Inflect mosiężny | ADJ;ACC(SG,MASC,ANIM)	mosiężnego
Inflect mosiężny | ADJ;GEN(SG,MASC)	mosiężnego
Inflect mosiężny | ADJ;ACC(SG,MASC,HUM)	mosiężnego
Inflect mosiężny | ADJ;DAT(SG,FEM)	mosiężnej
Inflect mosiężny | ADJ;ESS(SG,FEM)	mosiężnej
Inflect mosiężny | ADJ;GEN(SG,FEM)	mosiężnej
Inflect mosiężny | ADJ;DAT(SG,MASC)	mosiężnemu
Inflect mosiężny | ADJ;DAT(SG,NEUT)	mosiężnemu
Inflect mosiężny | ADJ;NOM(PL,MASC,HUM)	mosiężni
Inflect mosiężny | ADJ;ACC(SG,MASC,INAN)	mosiężny
Inflect mosiężny | ADJ;ESS(PL)	mosiężnych
Inflect mosiężny | ADJ;GEN(PL)	mosiężnych
Inflect mosiężny | ADJ;ACC(PL,MASC,HUM)	mosiężnych
Inflect mosiężny | ADJ;DAT(PL)	mosiężnym
Inflect mosiężny | ADJ;ESS(SG,MASC)	mosiężnym
Inflect mosiężny | ADJ;INS(SG,MASC)	mosiężnym
Inflect mosiężny | ADJ;ESS(SG,NEUT)	mosiężnym
Inflect mosiężny | ADJ;INS(SG,NEUT)	mosiężnym
Inflect samochód | N;ESS(PL)	samochodach
Inflect samochód | N;INS(PL)	samochodami
Inflect samochód | N;INS(SG)	samochodem
Inflect samochód | N;NOM(SG)	samochód
Inflect samochód | N;DAT(PL)	samochodom
Inflect samochód | N;DAT(SG)	samochodowi
Inflect samochód | N;GEN(PL)	samochodów
Inflect samochód | N;VOC(PL)	samochody
Inflect samochód | N;ESS(SG)	samochodzie
Inflect samochód | N;VOC(SG)	samochodzie
Inflect ostrożny | ADJ;INS(SG,FEM)	ostrożną
Inflect ostrożny | ADJ;NOM(SG,FEM)	ostrożna
Inflect ostrożny | ADJ;ACC(SG,NEUT)	ostrożne
Inflect ostrożny | ADJ;NOM(SG,NEUT)	ostrożne
Inflect ostrożny | ADJ;NOM(PL)	ostrożne
Inflect ostrożny | ADJ;ACC(SG,MASC,ANIM)	ostrożnego
Inflect ostrożny | ADJ;GEN(SG,MASC)	ostrożnego
Inflect ostrożny | ADJ;GEN(SG,NEUT)	ostrożnego
Inflect ostrożny | ADJ;DAT(SG,FEM)	ostrożnej
Inflect ostrożny | ADJ;ESS(SG,FEM)	ostrożnej
Inflect ostrożny | ADJ;GEN(SG,FEM)	ostrożnej
Inflect ostrożny | ADJ;DAT(SG,MASC)	ostrożnemu
Inflect ostrożny | ADJ;DAT(SG,NEUT)	ostrożnemu
Inflect ostrożny | ADJ;ACC(SG,MASC,INAN)	ostrożny
Inflect ostrożny | ADJ;NOM(SG,MASC)	ostrożny
Inflect ostrożny | ADJ;GEN(PL)	ostrożnych
Inflect ostrożny | ADJ;ACC(PL,MASC,HUM)	ostrożnych
Inflect ostrożny | ADJ;ESS(SG,MASC)	ostrożnym
Inflect ostrożny | ADJ;INS(SG,NEUT)	ostrożnym
Inflect ostrożny | ADJ;INS(PL)	ostrożnymi
Inflect potoczny | ADJ;ACC(SG,FEM)	potoczną
Inflect potoczny | ADJ;INS(SG,FEM)	potoczną
Inflect potoczny | ADJ;ACC(PL)	potoczne
Inflect potoczny | ADJ;ACC(SG,NEUT)	potoczne
Inflect potoczny | ADJ;NOM(PL)	potoczne
Inflect potoczny | ADJ;ACC(SG,MASC,ANIM)	potocznego
Inflect potoczny | ADJ;GEN(SG,MASC)	potocznego
Inflect potoczny | ADJ;ACC(SG,MASC,HUM)	potocznego
Inflect potoczny | ADJ;GEN(SG,NEUT)	potocznego
Inflect potoczny | ADJ;DAT(SG,FEM)	potocznej
Inflect potoczny | ADJ;ESS(SG,FEM)	potocznej
Inflect potoczny | ADJ;DAT(SG,MASC)	potocznemu
Inflect potoczny | ADJ;DAT(SG,NEUT)	potocznemu
Inflect potoczny | ADJ;NOM(PL,MASC,HUM)	potoczni
Inflect potoczny | ADJ;ACC(SG,MASC,INAN)	potoczny
Inflect potoczny | ADJ;NOM(SG,MASC)	potoczny
Inflect potoczny | ADJ;ESS(PL)	potocznych
Inflect potoczny | ADJ;GEN(PL)	potocznych
Inflect potoczny | ADJ;DAT(PL)	potocznym
Inflect potoczny | ADJ;ESS(SG,MASC)	potocznym
Inflect potoczny | ADJ;INS(SG,MASC)	potocznym
Inflect potoczny | ADJ;ESS(SG,NEUT)	potocznym
Inflect potoczny | ADJ;INS(SG,NEUT)	potocznym
Inflect potoczny | ADJ;INS(PL)	potocznymi
Inflect protokół | N;INS(PL)	protokołami
Inflect protokół | N;ACC(SG)	protokół
Inflect protokół | N;NOM(SG)	protokół
Inflect protokół | N;DAT(PL)	protokołom
Inflect protokół | N;DAT(SG)	protokołowi
Inflect protokół | N;GEN(SG)	protokołu
Inflect protokół | N;ACC(PL)	protokoły
Inflect protokół | N;NOM(PL)	protokoły
Inflect protokół | N;VOC(PL)	protokoły
Inflect teoretyczny | ADJ;ACC(SG,FEM)	teoretyczną
Inflect teoretyczny | ADJ;INS(SG,FEM)	teoretyczną
Inflect teoretyczny | ADJ;NOM(SG,FEM)	teoretyczna
Inflect teoretyczny | ADJ;ACC(SG,NEUT)	teoretyczne
Inflect teoretyczny | ADJ;NOM(PL)	teoretyczne
Inflect teoretyczny | ADJ;ACC(SG,MASC,ANIM)	teoretycznego
Inflect teoretyczny | ADJ;GEN(SG,MASC)	teoretycznego
Inflect teoretyczny | ADJ;ACC(SG,MASC,HUM)	teoretycznego
Inflect teoretyczny | ADJ;GEN(SG,NEUT)	teoretycznego
Inflect teoretyczny | ADJ;DAT(SG,FEM)	teoretycznej
Inflect teoretyczny | ADJ;DAT(SG,NEUT)	teoretycznemu
Inflect teoretyczny | ADJ;NOM(PL,MASC,HUM)	teoretyczni
Inflect teoretyczny | ADJ;NOM(SG,MASC)	teoretyczny
Inflect teoretyczny | ADJ;GEN(PL)	teoretycznych
Inflect teoretyczny | ADJ;ACC(PL,MASC,HUM)	teoretycznych
Inflect teoretyczny | ADJ;DAT(PL)	teoretycznym
Inflect teoretyczny | ADJ;ESS(SG,MASC)	teoretycznym
Inflect teoretyczny | ADJ;INS(SG,MASC)	teoretycznym
Inflect teoretyczny | ADJ;ESS(SG,NEUT)	teoretycznym
Inflect teoretyczny | ADJ;INS(SG,NEUT)	teoretycznym
Inflect szachista | N;DAT(SG)	szachiście
Inflect szachista | N;ESS(SG)	szachiście
Inflect szachista | N;NOM(PL)	szachiści
Inflect szachista | N;VOC(PL)	szachiści
Inflect szachista | N;ESS(PL)	szachistach
Inflect szachista | N;INS(PL)	szachistami
Inflect szachista | N;ACC(SG)	szachistę
Inflect szachista | N;ACC(PL)	szachistów
Inflect szachista | N;GEN(PL)	szachistów
Inflect szachista | N;GEN(SG)	szachisty
Inflect shogun | N;GEN(SG)	shoguna
Inflect shogun | N;INS(SG)	shogunem
Inflect shogun | N;ESS(SG)	shogunie
Inflect shogun | N;DAT(PL)	shogunom
Inflect shogun | N;GEN(PL)	shogunów
Inflect motocykl | N;ESS(PL)	motocyklach
Inflect motocykl | N;INS(PL)	motocyklami
Inflect motocykl | N;GEN(SG)	motocykla
Inflect motocykl | N;ACC(PL)	motocykle
Inflect motocykl | N;NOM(PL)	motocykle
Inflect motocykl | N;VOC(PL)	motocykle
Inflect motocykl | N;ACC(SG)	motocykl
Inflect motocykl | N;NOM(SG)	motocykl
Inflect motocykl | N;DAT(PL)	motocyklom
Inflect motocykl | N;DAT(SG)	motocyklowi
Inflect motocykl | N;ESS(SG)	motocyklu
Inflect motocykl | N;VOC(SG)	motocyklu
Inflect bratanek | N;NOM(SG)	bratanek
Inflect bratanek | N;ESS(PL)	bratankach
Inflect bratanek | N;INS(PL)	bratankami
Inflect bratanek | N;ACC(SG)	bratanka
Inflect bratanek | N;GEN(SG)	bratanka
Inflect bratanek | N;INS(SG)	bratankiem
Inflect bratanek | N;DAT(PL)	bratankom
Inflect bratanek | N;DAT(SG)	bratankowi
Inflect bratanek | N;GEN(PL)	bratanków
Inflect bratanek | N;ESS(SG)	bratanku
Inflect bratanek | N;VOC(SG)	bratanku
Inflect atlas | N;INS(PL)	atlasami
Inflect atlas | N;INS(SG)	atlasem
Inflect atlas | N;NOM(SG)	atlas
Inflect atlas | N;DAT(PL)	atlasom
Inflect atlas | N;GEN(PL)	atlasów
Inflect atlas | N;ACC(PL)	atlasy
Inflect atlas | N;VOC(PL)	atlasy
Inflect nadużycie | N;INS(PL)	nadużyciami
Inflect nadużycie | N;ACC(PL)	nadużycia
Inflect nadużycie | N;NOM(PL)	nadużycia
Inflect nadużycie | N;VOC(PL)	nadużycia
Inflect nadużycie | N;INS(SG)	nadużyciem
Inflect nadużycie | N;ACC(SG)	nadużycie
Inflect nadużycie | N;NOM(SG)	nadużycie
Inflect nadużycie | N;VOC(SG)	nadużycie
Inflect nadużycie | N;DAT(PL)	nadużyciom
Inflect nadużycie | N;DAT(SG)	nadużyciu
Inflect nadużycie | N;ESS(SG)	nadużyciu
Inflect nadużycie | N;GEN(PL)	nadużyć
Inflect żubroń | N;ESS(PL)	żubroniach
Inflect żubroń | N;INS(PL)	żubroniami
Inflect żubroń | N;ACC(SG)	żubronia
Inflect żubroń | N;GEN(SG)	żubronia
Inflect żubroń | N;INS(SG)	żubroniem
Inflect żubroń | N;VOC(PL)	żubronie
Inflect żubroń | N;GEN(PL)	żubroni
Inflect żubroń | N;DAT(SG)	żubroniowi
Inflect żubroń | N;ESS(SG)	żubroniu
Inflect żubroń | N;NOM(SG)	żubroń
Inflect bałtosłowiański | ADJ;NOM(PL,MASC,HUM)	bałtosłowiańscy
Inflect bałtosłowiański | ADJ;INS(SG,FEM)	bałtosłowiańską
Inflect bałtosłowiański | ADJ;NOM(SG,FEM)	bałtosłowiańska
Inflect bałtosłowiański | ADJ;ACC(SG,MASC,INAN)	bałtosłowiański
Inflect bałtosłowiański | ADJ;NOM(SG,MASC)	bałtosłowiański
Inflect bałtosłowiański | ADJ;ESS(PL)	bałtosłowiańskich
Inflect bałtosłowiański | ADJ;GEN(PL)	bałtosłowiańskich
Inflect bałtosłowiański | ADJ;ACC(PL,MASC,HUM)	bałtosłowiańskich
Inflect bałtosłowiański | ADJ;ACC(PL)	bałtosłowiańskie
Inflect bałtosłowiański | ADJ;ACC(SG,NEUT)	bałtosłowiańskie
Inflect bałtosłowiański | ADJ;NOM(SG,NEUT)	bałtosłowiańskie
Inflect bałtosłowiański | ADJ;GEN(SG,MASC)	bałtosłowiańskiego
Inflect bałtosłowiański | ADJ;DAT(SG,FEM)	bałtosłowiańskiej
Inflect bałtosłowiański | ADJ;GEN(SG,FEM)	bałtosłowiańskiej
Inflect bałtosłowiański | ADJ;DAT(SG,NEUT)	bałtosłowiańskiemu
Inflect bałtosłowiański | ADJ;DAT(PL)	bałtosłowiańskim
Inflect bałtosłowiański | ADJ;ESS(SG,MASC)	bałtosłowiańskim
Inflect bałtosłowiański | ADJ;INS(SG,MASC)	bałtosłowiańskim
Inflect bałtosłowiański | ADJ;INS(SG,NEUT)	bałtosłowiańskim
Inflect zszywacz | N;ESS(PL)	zszywaczach
Inflect zszywacz | N;INS(PL)	zszywaczami
Inflect zszywacz | N;GEN(SG)	zszywacza
Inflect zszywacz | N;INS(SG)	zszywaczem
Inflect zszywacz | N;ACC(PL)	zszywacze
Inflect zszywacz | N;NOM(PL)	zszywacze
Inflect zszywacz | N;VOC(PL)	zszywacze
Inflect zszywacz | N;ACC(SG)	zszywacz
Inflect zszywacz | N;NOM(SG)	zszywacz
Inflect zszywacz | N;DAT(PL)	zszywaczom
Inflect zszywacz | N;ESS(SG)	zszywaczu
Inflect zszywacz | N;VOC(SG)	zszywaczu
Inflect zszywacz | N;GEN(PL)	zszywaczy
Inflect bezpieczeństwo | N;GEN(PL)	bezpieczeństew
Inflect bezpieczeństwo | N;INS(PL)	bezpieczeństwami
Inflect bezpieczeństwo | N;ACC(PL)	bezpieczeństwa
Inflect bezpieczeństwo | N;ESS(SG)	bezpieczeństwie
Inflect bezpieczeństwo | N;DAT(PL)	bezpieczeństwom
Inflect bezpieczeństwo | N;ACC(SG)	bezpieczeństwo
Inflect bezpieczeństwo | N;NOM(SG)	bezpieczeństwo
Inflect bezpieczeństwo | N;VOC(SG)	bezpieczeństwo
Inflect łuna | N;GEN(PL)	łun
Inflect cyberprzestrzeń | N;ESS(PL)	cyberprzestrzeniach
Inflect cyberprzestrzeń | N;INS(SG)	cyberprzestrzenią
Inflect cyberprzestrzeń | N;ACC(PL)	cyberprzestrzenie
Inflect cyberprzestrzeń | N;NOM(PL)	cyberprzestrzenie
Inflect cyberprzestrzeń | N;VOC(PL)	cyberprzestrzenie
Inflect cyberprzestrzeń | N;DAT(SG)	cyberprzestrzeni
Inflect cyberprzestrzeń | N;ESS(SG)	cyberprzestrzeni
Inflect cyberprzestrzeń | N;GEN(PL)	cyberprzestrzeni
Inflect cyberprzestrzeń | N;GEN(SG)	cyberprzestrzeni
Inflect cyberprzestrzeń | N;DAT(PL)	cyberprzestrzeniom
Inflect cyberprzestrzeń | N;NOM(SG)	cyberprzestrzeń
Inflect reklama | N;INS(PL)	reklamami
Inflect reklama | N;INS(SG)	reklamą
Inflect reklama | N;NOM(SG)	reklama
Inflect reklama | N;ESS(SG)	reklamie
Inflect reklama | N;GEN(PL)	reklam
Inflect reklama | N;VOC(SG)	reklamo
Inflect reklama | N;ACC(PL)	reklamy
Inflect reklama | N;NOM(PL)	reklamy
Inflect reklama | N;VOC(PL)	reklamy
Inflect spis treści | N;INS(PL)	spisami treści
Inflect spis treści | N;INS(SG)	spisem treści
Inflect spis treści | N;ESS(SG)	spisie treści
Inflect spis treści | N;VOC(SG)	spisie treści
Inflect spis treści | N;DAT(PL)	spisom treści
Inflect spis treści | N;ACC(SG)	spis treści
Inflect spis treści | N;NOM(SG)	spis treści
Inflect spis treści | N;GEN(SG)	spisu treści
Inflect spis treści | N;NOM(PL)	spisy treści
Inflect spis treści | N;VOC(PL)	spisy treści
Inflect półka | N;NOM(PL)	półki
Inflect wybitniejszy | ADJ;NOM(PL,MASC,HUM)	wybitniejsi
Inflect wybitniejszy | ADJ;ACC(SG,FEM)	wybitniejszą
Inflect wybitniejszy | ADJ;INS(SG,FEM)	wybitniejszą
Inflect wybitniejszy | ADJ;NOM(SG,FEM)	wybitniejsza
Inflect wybitniejszy | ADJ;ACC(SG,NEUT)	wybitniejsze
Inflect wybitniejszy | ADJ;NOM(SG,NEUT)	wybitniejsze
Inflect wybitniejszy | ADJ;NOM(PL)	wybitniejsze
Inflect wybitniejszy | ADJ;ACC(SG,MASC,ANIM)	wybitniejszego
Inflect wybitniejszy | ADJ;GEN(SG,MASC)	wybitniejszego
Inflect wybitniejszy | ADJ;GEN(SG,NEUT)	wybitniejszego
Inflect wybitniejszy | ADJ;ESS(SG,FEM)	wybitniejszej
Inflect wybitniejszy | ADJ;GEN(SG,FEM)	wybitniejszej
Inflect wybitniejszy | ADJ;DAT(SG,MASC)	wybitniejszemu
Inflect wybitniejszy | ADJ;ACC(SG,MASC,INAN)	wybitniejszy
Inflect wybitniejszy | ADJ;NOM(SG,MASC)	wybitniejszy
Inflect wybitniejszy | ADJ;ESS(PL)	wybitniejszych
Inflect wybitniejszy | ADJ;GEN(PL)	wybitniejszych
Inflect wybitniejszy | ADJ;ACC(PL,MASC,HUM)	wybitniejszych
Inflect wybitniejszy | ADJ;DAT(PL)	wybitniejszym
Inflect wybitniejszy | ADJ;INS(SG,MASC)	wybitniejszym
Inflect wybitniejszy | ADJ;ESS(SG,NEUT)	wybitniejszym
Inflect wybitniejszy | ADJ;INS(SG,NEUT)	wybitniejszym
Inflect wybitniejszy | ADJ;INS(PL)	wybitniejszymi
Inflect smarkać | V;FUT;3;PL;MASC;HUM	będą smarkali
Inflect smarkać | V;FUT;3;PL	będą smarkały
Inflect smarkać | V;FUT;1;SG;FEM	będę smarkała
Inflect smarkać | V;FUT;1;PL;MASC;HUM	będziemy smarkali
Inflect smarkać | V;FUT;1;PL	będziemy smarkały
Inflect smarkać | V;FUT;3;SG;FEM	będzie smarkała
Inflect smarkać | V;FUT;3;SG;NEUT	będzie smarkało
Inflect smarkać | V;FUT;2;SG;FEM	będziesz smarkała
Inflect smarkać | V;FUT;2;SG;MASC	będziesz smarkał
Inflect smarkać | V;IMP;3;PL	niech smarkają
Inflect smarkać | V;IMP;3;SG	niech smarka
Inflect smarkać | V;PRS;2;PL	smarkacie
Inflect smarkać | V;NFIN	smarkać
Inflect smarkać | V.PTCP;PST;ACT;SG;FEM	smarkająca
Inflect smarkać | V.PTCP;PST;ACT;SG;NEUT	smarkające
Inflect smarkać | V.PTCP;PST;ACT;PL;MASC;HUM	smarkający
Inflect smarkać | V.PTCP;PST;ACT;SG;MASC	smarkający
Inflect smarkać | V;PRS;3;PL	smarkają
Inflect smarkać | V;IMP;2;PL	smarkajcie
Inflect smarkać | V;IMP;1;PL	smarkajmy
Inflect smarkać | V;IMP;2;SG	smarkaj
Inflect smarkać | V;COND;1;SG;FEM	smarkałabym
Inflect smarkać | V;COND;3;SG;FEM	smarkałaby
Inflect smarkać | V;PST;1;SG;FEM	smarkałam
Inflect smarkać | V;PST;2;SG;FEM	smarkałaś
Inflect smarkać | V;PST;3;SG;FEM	smarkała
Inflect smarkać | V;COND;1;SG;MASC	smarkałbym
Inflect smarkać | V;COND;3;SG;MASC	smarkałby
Inflect smarkać | V;PST;1;SG;MASC	smarkałem
Inflect smarkać | V;PST;2;SG;MASC	smarkałeś
Inflect smarkać | V;COND;2;PL;MASC;HUM	smarkalibyście
Inflect smarkać | V;COND;1;PL;MASC;HUM	smarkalibyśmy
Inflect smarkać | V;PST;2;PL;MASC;HUM	smarkaliście
Inflect smarkać | V;PST;1;PL;MASC;HUM	smarkaliśmy
Inflect smarkać | V;PST;3;PL;MASC;HUM	smarkali
Inflect smarkać | V;COND;3;SG;NEUT	smarkałoby
Inflect smarkać | V;PST;3;SG;NEUT	smarkało
Inflect smarkać | V;PST;3;SG;MASC	smarkał
Inflect smarkać | V;COND;1;PL	smarkałybyśmy
Inflect smarkać | V;COND;3;PL	smarkałyby
Inflect smarkać | V;PST;2;PL	smarkałyście
Inflect smarkać | V;PST;1;PL	smarkałyśmy
Inflect smarkać | V.MSDR	smarkanie
Inflect smarkać | V.PTCP;PST;PASS	smarkano
Inflect smarkać | V;PRS;3;SG	smarka
Inflect nadzorować | V;FUT;3;PL	będą nadzorowały
Inflect nadzorować | V;FUT;1;SG;MASC	będę nadzorował
Inflect nadzorować | V;FUT;2;PL	będziecie nadzorowały
Inflect nadzorować | V;FUT;1;PL;MASC;HUM	będziemy nadzorowali
Inflect nadzorować | V;FUT;1;PL	będziemy nadzorowały
Inflect nadzorować | V;FUT;3;SG;FEM	będzie nadzorowała
Inflect nadzorować | V;FUT;3;SG;MASC	będzie nadzorował
Inflect nadzorować | V;FUT;2;SG;FEM	będziesz nadzorowała
Inflect nadzorować | V;COND;2;SG;FEM	nadzorowałabyś
Inflect nadzorować | V;PST;3;SG;FEM	nadzorowała
Inflect nadzorować | V;COND;1;SG;MASC	nadzorowałbym
Inflect nadzorować | V;COND;2;SG;MASC	nadzorowałbyś
Inflect nadzorować | V;COND;3;SG;MASC	nadzorowałby
Inflect nadzorować | V;PST;1;SG;MASC	nadzorowałem
Inflect nadzorować | V;PST;2;SG;MASC	nadzorowałeś
Inflect nadzorować | V;COND;2;PL;MASC;HUM	nadzorowalibyście
Inflect nadzorować | V;COND;1;PL;MASC;HUM	nadzorowalibyśmy
Inflect nadzorować | V;COND;3;PL;MASC;HUM	nadzorowaliby
Inflect nadzorować | V;PST;2;PL;MASC;HUM	nadzorowaliście
Inflect nadzorować | V;PST;1;PL;MASC;HUM	nadzorowaliśmy
Inflect nadzorować | V;PST;3;PL;MASC;HUM	nadzorowali
Inflect nadzorować | V;COND;3;SG;NEUT	nadzorowałoby
Inflect nadzorować | V;PST;3;SG;NEUT	nadzorowało
Inflect nadzorować | V;PST;3;SG;MASC	nadzorował
Inflect nadzorować | V;COND;2;PL	nadzorowałybyście
Inflect nadzorować | V;COND;3;PL	nadzorowałyby
Inflect nadzorować | V;PST;2;PL	nadzorowałyście
Inflect nadzorować | V;PST;3;PL	nadzorowały
Inflect nadzorować | V.PTCP;PST;PASS;SG;FEM	nadzorowana
Inflect nadzorować | V.PTCP;PST;PASS;PL	nadzorowane
Inflect nadzorować | V.PTCP;PST;PASS;SG;NEUT	nadzorowane
Inflect nadzorować | V.MSDR	nadzorowanie
Inflect nadzorować | V.PTCP;PST;PASS;PL;MASC;HUM	nadzorowani
Inflect nadzorować | V.PTCP;PST;PASS	nadzorowano
Inflect nadzorować | V.PTCP;PST;PASS;SG;MASC	nadzorowany
Inflect nadzorować | V.PTCP;PST;ACT;SG;FEM	nadzorująca
Inflect nadzorować | V.PTCP;PST;ACT;PL	nadzorujące
Inflect nadzorować | V.PTCP;PST;ACT;SG;NEUT	nadzorujące
Inflect nadzorować | V.CVB	nadzorując
Inflect nadzorować | V;IMP;2;PL	nadzorujcie
Inflect nadzorować | V;PRS;2;SG	nadzorujesz
Inflect nadzorować | V;PRS;3;SG	nadzoruje
Inflect nadzorować | V;IMP;1;PL	nadzorujmy
Inflect nadzorować | V;IMP;3;PL	niech nadzorują
Inflect nadzorować | V;IMP;3;SG	niech nadzoruje
Inflect popcorn | N;INS(SG)	popcornem
Inflect popcorn | N;ESS(SG)	popcornie
Inflect popcorn | N;VOC(SG)	popcornie
Inflect popcorn | N;ACC(SG)	popcorn
Inflect popcorn | N;NOM(SG)	popcorn
Inflect popcorn | N;GEN(SG)	popcornu
Inflect banknot | N;ESS(SG)	banknocie
Inflect banknot | N;ESS(PL)	banknotach
Inflect banknot | N;INS(PL)	banknotami
Inflect banknot | N;INS(SG)	banknotem
Inflect banknot | N;NOM(SG)	banknot
Inflect banknot | N;DAT(PL)	banknotom
Inflect banknot | N;GEN(SG)	banknotu
Inflect banknot | N;ACC(PL)	banknoty
Inflect banknot | N;NOM(PL)	banknoty
Inflect banknot | N;VOC(PL)	banknoty
Inflect krzywa | N;ACC(SG)	krzywą
Inflect krzywa | N;INS(SG)	krzywą
Inflect krzywa | N;NOM(SG)	krzywa
Inflect krzywa | N;VOC(SG)	krzywa
Inflect krzywa | N;DAT(SG)	krzywej
Inflect krzywa | N;GEN(SG)	krzywej
Inflect krzywa | N;ACC(PL)	krzywe
Inflect krzywa | N;NOM(PL)	krzywe
Inflect krzywa | N;VOC(PL)	krzywe
Inflect krzywa | N;DAT(PL)	krzywym
Inflect szwajcar | N;ACC(SG)	szwajcara
Inflect pojeb | N;ESS(PL)	pojebach
Inflect pojeb | N;INS(PL)	pojebami
Inflect pojeb | N;INS(SG)	pojebem
Inflect pojeb | N;ESS(SG)	pojebie
Inflect pojeb | N;VOC(SG)	pojebie
Inflect pojeb | N;NOM(SG)	pojeb
Inflect pojeb | N;DAT(PL)	pojebom
Inflect pojeb | N;DAT(SG)	pojebowi
Inflect pojeb | N;ACC(PL)	pojebów
Inflect pojeb | N;NOM(PL)	pojeby
Inflect pojeb | N;VOC(PL)	pojeby
Inflect fruwać | V;FUT;3;PL;MASC;HUM	będą fruwali
Inflect fruwać | V;FUT;1;SG;FEM	będę fruwała
Inflect fruwać | V;FUT;2;PL;MASC;HUM	będziecie fruwali
Inflect fruwać | V;FUT;3;SG;FEM	będzie fruwała
Inflect fruwać | V;FUT;1;PL;MASC;HUM	będziemy fruwali
Inflect fruwać | V;FUT;1;PL	będziemy fruwały
Inflect fruwać | V;FUT;2;SG;FEM	będziesz fruwała
Inflect fruwać | V;FUT;2;SG;MASC	będziesz fruwał
Inflect fruwać | V;PRS;2;PL	fruwacie
Inflect fruwać | V;NFIN	fruwać
Inflect fruwać | V.CVB	fruwając
Inflect fruwać | V.PTCP;PST;ACT;SG;MASC	fruwający
Inflect fruwać | V;IMP;2;PL	fruwajcie
Inflect fruwać | V;IMP;1;PL	fruwajmy
Inflect fruwać | V;COND;1;SG;FEM	fruwałabym
Inflect fruwać | V;COND;2;SG;FEM	fruwałabyś
Inflect fruwać | V;COND;3;SG;FEM	fruwałaby
Inflect fruwać | V;PST;1;SG;FEM	fruwałam
Inflect fruwać | V;PST;3;SG;FEM	fruwała
Inflect fruwać | V;COND;1;SG;MASC	fruwałbym
Inflect fruwać | V;COND;2;SG;MASC	fruwałbyś
Inflect fruwać | V;PST;1;SG;MASC	fruwałem
Inflect fruwać | V;PST;2;SG;MASC	fruwałeś
Inflect fruwać | V;COND;2;PL;MASC;HUM	fruwalibyście
Inflect fruwać | V;COND;1;PL;MASC;HUM	fruwalibyśmy
Inflect fruwać | V;COND;3;PL;MASC;HUM	fruwaliby
Inflect fruwać | V;PST;1;PL;MASC;HUM	fruwaliśmy
Inflect fruwać | V;PST;3;PL;MASC;HUM	fruwali
Inflect fruwać | V;COND;3;SG;NEUT	fruwałoby
Inflect fruwać | V;PST;3;SG;NEUT	fruwało
Inflect fruwać | V;PST;3;SG;MASC	fruwał
Inflect fruwać | V;COND;2;PL	fruwałybyście
Inflect fruwać | V;COND;1;PL	fruwałybyśmy
Inflect fruwać | V;PST;1;PL	fruwałyśmy
Inflect fruwać | V;PRS;1;SG	fruwam
Inflect fruwać | V;PRS;1;PL	fruwamy
Inflect fruwać | V.PTCP;PST;PASS	fruwano
Inflect fruwać | V;PRS;2;SG	fruwasz
Inflect fruwać | V;PRS;3;SG	fruwa
Inflect fruwać | V;IMP;3;PL	niech fruwają
Inflect fruwać | V;IMP;3;SG	niech fruwa
Inflect odmienniejszy | ADJ;ACC(SG,FEM)	odmienniejszą
Inflect odmienniejszy | ADJ;ACC(SG,NEUT)	odmienniejsze
Inflect odmienniejszy | ADJ;NOM(SG,NEUT)	odmienniejsze
Inflect odmienniejszy | ADJ;NOM(PL)	odmienniejsze
Inflect odmienniejszy | ADJ;ACC(SG,MASC,ANIM)	odmienniejszego
Inflect odmienniejszy | ADJ;GEN(SG,NEUT)	odmienniejszego
Inflect odmienniejszy | ADJ;DAT(SG,FEM)	odmienniejszej
Inflect odmienniejszy | ADJ;ESS(SG,FEM)	odmienniejszej
Inflect odmienniejszy | ADJ;GEN(SG,FEM)	odmienniejszej
Inflect odmienniejszy | ADJ;DAT(SG,MASC)	odmienniejszemu
Inflect odmienniejszy | ADJ;ACC(SG,MASC,INAN)	odmienniejszy
Inflect odmienniejszy | ADJ;NOM(SG,MASC)	odmienniejszy
Inflect odmienniejszy | ADJ;ESS(PL)	odmienniejszych
Inflect odmienniejszy | ADJ;GEN(PL)	odmienniejszych
Inflect odmienniejszy | ADJ;ACC(PL,MASC,HUM)	odmienniejszych
Inflect odmienniejszy | ADJ;ESS(SG,MASC)	odmienniejszym
Inflect odmienniejszy | ADJ;INS(SG,MASC)	odmienniejszym
Inflect odmienniejszy | ADJ;ESS(SG,NEUT)	odmienniejszym
Inflect odmienniejszy | ADJ;INS(SG,NEUT)	odmienniejszym
Inflect rzeka | N;DAT(SG)	rzece
Inflect rzeka | N;INS(PL)	rzekami
Inflect rzeka | N;INS(SG)	rzeką
Inflect rzeka | N;NOM(SG)	rzeka
Inflect rzeka | N;ACC(SG)	rzekę
Inflect rzeka | N;ACC(PL)	rzeki
Inflect rzeka | N;GEN(SG)	rzeki
Inflect rzeka | N;VOC(PL)	rzeki
Inflect rzeka | N;GEN(PL)	rzek
Inflect rzeka | N;DAT(PL)	rzekom
Inflect rzeka | N;VOC(SG)	rzeko
Inflect spróbować | V;IMP;3;PL	niech spróbują
Inflect spróbować | V;IMP;1;SG	niech spróbuję
Inflect spróbować | V;IMP;3;SG	niech spróbuje
Inflect spróbować | V;NFIN	spróbować
Inflect spróbować | V;COND;1;SG;FEM	spróbowałabym
Inflect spróbować | V;COND;3;SG;FEM	spróbowałaby
Inflect spróbować | V;PST;1;SG;FEM	spróbowałam
Inflect spróbować | V;PST;2;SG;FEM	spróbowałaś
Inflect spróbować | V;PST;3;SG;FEM	spróbowała
Inflect spróbować | V;COND;1;SG;MASC	spróbowałbym
Inflect spróbować | V;COND;3;SG;MASC	spróbowałby
Inflect spróbować | V;PST;2;SG;MASC	spróbowałeś
Inflect spróbować | V;COND;2;PL;MASC;HUM	spróbowalibyście
Inflect spróbować | V;COND;1;PL;MASC;HUM	spróbowalibyśmy
Inflect spróbować | V;COND;3;PL;MASC;HUM	spróbowaliby
Inflect spróbować | V;COND;3;SG;NEUT	spróbowałoby
Inflect spróbować | V;PST;3;SG;NEUT	spróbowało
Inflect spróbować | V;PST;3;SG;MASC	spróbował
Inflect spróbować | V;COND;2;PL	spróbowałybyście
Inflect spróbować | V;COND;1;PL	spróbowałybyśmy
Inflect spróbować | V;COND;3;PL	spróbowałyby
Inflect spróbować | V;PST;2;PL	spróbowałyście
Inflect spróbować | V;PST;1;PL	spróbowałyśmy
Inflect spróbować | V;PST;3;PL	spróbowały
Inflect spróbować | V.PTCP;PST;PASS;SG;FEM	spróbowana
Inflect spróbować | V.MSDR	spróbowanie
Inflect spróbować | V.PTCP;PST;PASS;PL;MASC;HUM	spróbowani
Inflect spróbować | V.PTCP;PST;PASS	spróbowano
Inflect spróbować | V.PTCP;PST;PASS;SG;MASC	spróbowany
Inflect spróbować | V.CVB;PST	spróbowawszy
Inflect spróbować | V;IMP;2;PL	spróbujcie
Inflect spróbować | V;FUT;2;PL	spróbujecie
Inflect spróbować | V;FUT;1;PL	spróbujemy
Inflect spróbować | V;FUT;2;SG	spróbujesz
Inflect spróbować | V;FUT;3;SG	spróbuje
Inflect spróbować | V;IMP;1;PL	spróbujmy
Inflect spróbować | V;IMP;2;SG	spróbuj
Inflect nepalski | ADJ;ACC(SG,FEM)	nepalską
Inflect nepalski | ADJ;NOM(SG,MASC)	nepalski
Inflect nepalski | ADJ;GEN(PL)	nepalskich
Inflect nepalski | ADJ;ACC(PL)	nepalskie
Inflect nepalski | ADJ;ACC(SG,NEUT)	nepalskie
Inflect nepalski | ADJ;NOM(SG,NEUT)	nepalskie
Inflect nepalski | ADJ;NOM(PL)	nepalskie
Inflect nepalski | ADJ;GEN(SG,MASC)	nepalskiego
Inflect nepalski | ADJ;ACC(SG,MASC,HUM)	nepalskiego
Inflect nepalski | ADJ;GEN(SG,NEUT)	nepalskiego
Inflect nepalski | ADJ;GEN(SG,FEM)	nepalskiej
Inflect nepalski | ADJ;DAT(SG,MASC)	nepalskiemu
Inflect nepalski | ADJ;DAT(SG,NEUT)	nepalskiemu
Inflect nepalski | ADJ;DAT(PL)	nepalskim
Inflect nepalski | ADJ;INS(SG,MASC)	nepalskim
Inflect nepalski | ADJ;ESS(SG,NEUT)	nepalskim
Inflect nepalski | ADJ;INS(PL)	nepalskimi
Inflect tracić | V;COND;1;PL	traciłybyśmy
Inflect magnez | N;INS(SG)	magnezem
Inflect magnez | N;ACC(SG)	magnez
Inflect magnez | N;NOM(SG)	magnez
Inflect magnez | N;DAT(SG)	magnezowi
Inflect magnez | N;GEN(SG)	magnezu
Inflect równość | N;ESS(PL)	równościach
Inflect równość | N;INS(PL)	równościami
Inflect równość | N;INS(SG)	równością
Inflect równość | N;ACC(PL)	równości
Inflect równość | N;DAT(SG)	równości
Inflect równość | N;ESS(SG)	równości
Inflect równość | N;GEN(PL)	równości
Inflect równość | N;GEN(SG)	równości
Inflect równość | N;NOM(PL)	równości
Inflect równość | N;VOC(PL)	równości
Inflect równość | N;DAT(PL)	równościom
Inflect równość | N;ACC(SG)	równość
Inflect równość | N;NOM(SG)	równość
Inflect otrzymanie | N;GEN(SG)	otrzymania
Inflect otrzymanie | N;INS(SG)	otrzymaniem
Inflect otrzymanie | N;NOM(SG)	otrzymanie
Inflect otrzymanie | N;DAT(SG)	otrzymaniu
Inflect otrzymanie | N;ESS(SG)	otrzymaniu
Inflect płatek | N;NOM(SG)	płatek
Inflect płatek | N;ESS(PL)	płatkach
Inflect płatek | N;GEN(SG)	płatka
Inflect płatek | N;INS(SG)	płatkiem
Inflect płatek | N;ACC(PL)	płatki
Inflect płatek | N;VOC(PL)	płatki
Inflect płatek | N;DAT(PL)	płatkom
Inflect płatek | N;ESS(SG)	płatku
Inflect płatek | N;VOC(SG)	płatku
Inflect planimetria | N;INS(SG)	planimetrią
Inflect planimetria | N;NOM(SG)	planimetria
Inflect planimetria | N;ACC(SG)	planimetrię
Inflect planimetria | N;ESS(SG)	planimetrii
Inflect planimetria | N;GEN(SG)	planimetrii
Inflect planimetria | N;VOC(SG)	planimetrio
Inflect czasomierz | N;ESS(PL)	czasomierzach
Inflect czasomierz | N;INS(PL)	czasomierzami
Inflect czasomierz | N;GEN(SG)	czasomierza
Inflect czasomierz | N;ACC(PL)	czasomierze
Inflect czasomierz | N;NOM(PL)	czasomierze
Inflect czasomierz | N;VOC(PL)	czasomierze
Inflect czasomierz | N;ACC(SG)	czasomierz
Inflect czasomierz | N;NOM(SG)	czasomierz
Inflect czasomierz | N;DAT(PL)	czasomierzom
Inflect czasomierz | N;DAT(SG)	czasomierzowi
Inflect czasomierz | N;VOC(SG)	czasomierzu
Inflect czasomierz | N;GEN(PL)	czasomierzy
Inflect ogromny | ADJ;ACC(SG,FEM)	ogromną
Inflect ogromny | ADJ;ACC(PL)	ogromne
Inflect ogromny | ADJ;ACC(SG,NEUT)	ogromne
Inflect ogromny | ADJ;ACC(SG,MASC,ANIM)	ogromnego
Inflect ogromny | ADJ;ACC(SG,MASC,HUM)	ogromnego
Inflect ogromny | ADJ;GEN(SG,NEUT)	ogromnego
Inflect ogromny | ADJ;DAT(SG,FEM)	ogromnej
Inflect ogromny | ADJ;ESS(SG,FEM)	ogromnej
Inflect ogromny | ADJ;DAT(SG,MASC)	ogromnemu
Inflect ogromny | ADJ;DAT(SG,NEUT)	ogromnemu
Inflect ogromny | ADJ;NOM(PL,MASC,HUM)	ogromni
Inflect ogromny | ADJ;ACC(SG,MASC,INAN)	ogromny
Inflect ogromny | ADJ;NOM(SG,MASC)	ogromny
Inflect ogromny | ADJ;ESS(PL)	ogromnych
Inflect ogromny | ADJ;GEN(PL)	ogromnych
Inflect ogromny | ADJ;ACC(PL,MASC,HUM)	ogromnych
Inflect ogromny | ADJ;DAT(PL)	ogromnym
Inflect ogromny | ADJ;ESS(SG,MASC)	ogromnym
Inflect ogromny | ADJ;ESS(SG,NEUT)	ogromnym
Inflect szereg | N;ACC(PL)	szeregi
Inflect szereg | N;NOM(PL)	szeregi
Inflect szereg | N;VOC(PL)	szeregi
Inflect szereg | N;ACC(SG)	szereg
Inflect szereg | N;NOM(SG)	szereg
Inflect szereg | N;DAT(SG)	szeregowi
Inflect szereg | N;GEN(PL)	szeregów
Inflect szereg | N;ESS(SG)	szeregu
Inflect szereg | N;GEN(SG)	szeregu
Inflect szereg | N;VOC(SG)	szeregu
Inflect pole | N;ESS(PL)	polach
Inflect pole | N;INS(PL)	polami
Inflect pole | N;ACC(PL)	pola
Inflect pole | N;NOM(PL)	pola
Inflect pole | N;INS(SG)	polem
Inflect pole | N;ACC(SG)	pole
Inflect pole | N;NOM(SG)	pole
Inflect pole | N;VOC(SG)	pole
Inflect pole | N;DAT(SG)	polu
Inflect pole | N;ESS(SG)	polu
Inflect koszykarka | N;DAT(SG)	koszykarce
Inflect koszykarka | N;ESS(SG)	koszykarce
Inflect koszykarka | N;GEN(PL)	koszykarek
Inflect koszykarka | N;ESS(PL)	koszykarkach
Inflect koszykarka | N;INS(PL)	koszykarkami
Inflect koszykarka | N;INS(SG)	koszykarką
Inflect koszykarka | N;NOM(SG)	koszykarka
Inflect koszykarka | N;ACC(SG)	koszykarkę
Inflect koszykarka | N;GEN(SG)	koszykarki
Inflect koszykarka | N;NOM(PL)	koszykarki
Inflect koszykarka | N;VOC(PL)	koszykarki
Inflect koszykarka | N;DAT(PL)	koszykarkom
Inflect pyton | N;ESS(PL)	pytonach
Inflect pyton | N;INS(PL)	pytonami
Inflect pyton | N;GEN(SG)	pytona
Inflect pyton | N;INS(SG)	pytonem
Inflect pyton | N;ESS(SG)	pytonie
Inflect pyton | N;DAT(PL)	pytonom
Inflect pyton | N;DAT(SG)	pytonowi
Inflect pyton | N;GEN(PL)	pytonów
Inflect pyton | N;ACC(PL)	pytony
Inflect pyton | N;VOC(PL)	pytony
Inflect księżyc | N;ESS(PL)	księżycach
Inflect księżyc | N;INS(PL)	księżycami
Inflect księżyc | N;GEN(SG)	księżyca
Inflect księżyc | N;INS(SG)	księżycem
Inflect księżyc | N;ACC(PL)	księżyce
Inflect księżyc | N;VOC(PL)	księżyce
Inflect księżyc | N;ACC(SG)	księżyc
Inflect księżyc | N;DAT(PL)	księżycom
Inflect księżyc | N;DAT(SG)	księżycowi
Inflect księżyc | N;GEN(PL)	księżyców
Inflect kryjówka | N;ESS(SG)	kryjówce
Inflect kryjówka | N;GEN(PL)	kryjówek
Inflect kryjówka | N;ESS(PL)	kryjówkach
Inflect kryjówka | N;INS(SG)	kryjówką
Inflect kryjówka | N;NOM(SG)	kryjówka
Inflect kryjówka | N;ACC(SG)	kryjówkę
Inflect kryjówka | N;ACC(PL)	kryjówki
Inflect kryjówka | N;GEN(SG)	kryjówki
Inflect kryjówka | N;NOM(PL)	kryjówki
Inflect kryjówka | N;VOC(PL)	kryjówki
Inflect kryjówka | N;VOC(SG)	kryjówko
Inflect dalszy | ADJ;NOM(PL,MASC,HUM)	dalsi
Inflect dalszy | ADJ;ACC(SG,FEM)	dalszą
Inflect dalszy | ADJ;INS(SG,FEM)	dalszą
Inflect dalszy | ADJ;NOM(SG,FEM)	dalsza
Inflect dalszy | ADJ;ACC(PL)	dalsze
Inflect dalszy | ADJ;NOM(SG,NEUT)	dalsze
Inflect dalszy | ADJ;ACC(SG,MASC,ANIM)	dalszego
Inflect dalszy | ADJ;GEN(SG,MASC)	dalszego
Inflect dalszy | ADJ;ACC(SG,MASC,HUM)	dalszego
Inflect dalszy | ADJ;GEN(SG,NEUT)	dalszego
Inflect dalszy | ADJ;DAT(SG,FEM)	dalszej
Inflect dalszy | ADJ;GEN(SG,FEM)	dalszej
Inflect dalszy | ADJ;DAT(SG,MASC)	dalszemu
Inflect dalszy | ADJ;DAT(SG,NEUT)	dalszemu
Inflect dalszy | ADJ;ACC(SG,MASC,INAN)	dalszy
Inflect dalszy | ADJ;NOM(SG,MASC)	dalszy
Inflect dalszy | ADJ;GEN(PL)	dalszych
Inflect dalszy | ADJ;ACC(PL,MASC,HUM)	dalszych
Inflect dalszy | ADJ;DAT(PL)	dalszym
Inflect dalszy | ADJ;ESS(SG,MASC)	dalszym
Inflect dalszy | ADJ;INS(SG,MASC)	dalszym
Inflect dalszy | ADJ;ESS(SG,NEUT)	dalszym
Inflect dalszy | ADJ;INS(PL)	dalszymi
Inflect sześciokąt | N;ESS(SG)	sześciokącie
Inflect sześciokąt | N;VOC(SG)	sześciokącie
Inflect sześciokąt | N;ESS(PL)	sześciokątach
Inflect sześciokąt | N;INS(PL)	sześciokątami
Inflect sześciokąt | N;INS(SG)	sześciokątem
Inflect sześciokąt | N;ACC(SG)	sześciokąt
Inflect sześciokąt | N;NOM(SG)	sześciokąt
Inflect sześciokąt | N;DAT(PL)	sześciokątom
Inflect sześciokąt | N;ACC(PL)	sześciokąty
Inflect kosztować | V;FUT;3;PL;MASC;HUM	będą kosztowali
Inflect kosztować | V;FUT;3;PL	będą kosztowały
Inflect kosztować | V;FUT;1;SG;MASC	będę kosztował
Inflect kosztować | V;FUT;3;SG;FEM	będzie kosztowała
Inflect kosztować | V;FUT;3;SG;MASC	będzie kosztował
Inflect kosztować | V;FUT;1;PL;MASC;HUM	będziemy kosztowali
Inflect kosztować | V;FUT;1;PL	będziemy kosztowały
Inflect kosztować | V;FUT;2;SG;FEM	będziesz kosztowała
Inflect kosztować | V;NFIN	kosztować
Inflect kosztować | V;COND;1;SG;FEM	kosztowałabym
Inflect kosztować | V;COND;2;SG;FEM	kosztowałabyś
Inflect kosztować | V;COND;3;SG;FEM	kosztowałaby
Inflect kosztować | V;PST;1;SG;FEM	kosztowałam
Inflect kosztować | V;PST;2;SG;FEM	kosztowałaś
Inflect kosztować | V;PST;3;SG;FEM	kosztowała
Inflect kosztować | V;COND;2;SG;MASC	kosztowałbyś
Inflect kosztować | V;COND;3;SG;MASC	kosztowałby
Inflect kosztować | V;PST;1;SG;MASC	kosztowałem
Inflect kosztować | V;PST;2;SG;MASC	kosztowałeś
Inflect kosztować | V;COND;2;PL;MASC;HUM	kosztowalibyście
Inflect kosztować | V;COND;1;PL;MASC;HUM	kosztowalibyśmy
Inflect kosztować | V;PST;2;PL;MASC;HUM	kosztowaliście
Inflect kosztować | V;PST;1;PL;MASC;HUM	kosztowaliśmy
Inflect kosztować | V;COND;3;SG;NEUT	kosztowałoby
Inflect kosztować | V;PST;3;SG;NEUT	kosztowało
Inflect kosztować | V;COND;2;PL	kosztowałybyście
Inflect kosztować | V;PST;2;PL	kosztowałyście
Inflect kosztować | V;PST;3;PL	kosztowały
Inflect kosztować | V.PTCP;PST;PASS	kosztowano
Inflect kosztować | V.PTCP;PST;ACT;PL	kosztujące
Inflect kosztować | V.CVB	kosztując
Inflect kosztować | V.PTCP;PST;ACT;PL;MASC;HUM	kosztujący
Inflect kosztować | V.PTCP;PST;ACT;SG;MASC	kosztujący
Inflect kosztować | V;PRS;3;PL	kosztują
Inflect kosztować | V;IMP;2;PL	kosztujcie
Inflect kosztować | V;PRS;2;PL	kosztujecie
Inflect kosztować | V;PRS;2;SG	kosztujesz
Inflect kosztować | V;PRS;1;SG	kosztuję
Inflect kosztować | V;PRS;3;SG	kosztuje
Inflect kosztować | V;IMP;1;PL	kosztujmy
Inflect kosztować | V;IMP;2;SG	kosztuj
Inflect kosztować | V;IMP;3;SG	niech kosztuje
Inflect jeździec | N;ESS(PL)	jeźdźcach
Inflect jeździec | N;INS(PL)	jeźdźcami
Inflect jeździec | N;GEN(SG)	jeźdźca
Inflect jeździec | N;INS(SG)	jeźdźcem
Inflect jeździec | N;DAT(PL)	jeźdźcom
Inflect jeździec | N;DAT(SG)	jeźdźcowi
Inflect jeździec | N;ACC(PL)	jeźdźców
Inflect jeździec | N;GEN(PL)	jeźdźców
Inflect jeździec | N;ESS(SG)	jeźdźcu
Inflect jeździec | N;VOC(PL)	jeźdźcy
Inflect jeździec | N;NOM(SG)	jeździec
Inflect wrończyk | N;ESS(PL)	wrończykach
Inflect wrończyk | N;ACC(SG)	wrończyka
Inflect wrończyk | N;GEN(SG)	wrończyka
Inflect wrończyk | N;ACC(PL)	wrończyki
Inflect wrończyk | N;NOM(PL)	wrończyki
Inflect wrończyk | N;DAT(PL)	wrończykom
Inflect wrończyk | N;DAT(SG)	wrończykowi
Inflect wrończyk | N;GEN(PL)	wrończyków
Inflect wrończyk | N;ESS(SG)	wrończyku
Inflect wrończyk | N;VOC(SG)	wrończyku
Inflect skarbonka | N;DAT(SG)	skarbonce
Inflect skarbonka | N;ESS(SG)	skarbonce
Inflect skarbonka | N;GEN(PL)	skarbonek
Inflect skarbonka | N;ESS(PL)	skarbonkach
Inflect skarbonka | N;INS(PL)	skarbonkami
Inflect skarbonka | N;INS(SG)	skarbonką
Inflect skarbonka | N;NOM(SG)	skarbonka
Inflect skarbonka | N;ACC(PL)	skarbonki
Inflect skarbonka | N;NOM(PL)	skarbonki
Inflect skarbonka | N;VOC(PL)	skarbonki
Inflect skarbonka | N;DAT(PL)	skarbonkom
Inflect skarbonka | N;VOC(SG)	skarbonko
Inflect izomorfizm | N;VOC(SG)	izomorfizmie
Inflect izomorfizm | N;ACC(SG)	izomorfizm
Inflect izomorfizm | N;GEN(PL)	izomorfizmów
Inflect izomorfizm | N;GEN(SG)	izomorfizmu
Inflect izomorfizm | N;NOM(PL)	izomorfizmy
Inflect izomorfizm | N;VOC(PL)	izomorfizmy
Inflect okrutniejszy | ADJ;NOM(PL,MASC,HUM)	okrutniejsi
Inflect okrutniejszy | ADJ;ACC(SG,FEM)	okrutniejszą
Inflect okrutniejszy | ADJ;INS(SG,FEM)	okrutniejszą
Inflect okrutniejszy | ADJ;NOM(SG,FEM)	okrutniejsza
Inflect okrutniejszy | ADJ;ACC(SG,NEUT)	okrutniejsze
Inflect okrutniejszy | ADJ;NOM(SG,NEUT)	okrutniejsze
Inflect okrutniejszy | ADJ;NOM(PL)	okrutniejsze
Inflect okrutniejszy | ADJ;ACC(SG,MASC,ANIM)	okrutniejszego
Inflect okrutniejszy | ADJ;ACC(SG,MASC,HUM)	okrutniejszego
Inflect okrutniejszy | ADJ;GEN(SG,NEUT)	okrutniejszego
Inflect okrutniejszy | ADJ;ESS(SG,FEM)	okrutniejszej
Inflect okrutniejszy | ADJ;DAT(SG,NEUT)	okrutniejszemu
Inflect okrutniejszy | ADJ;ACC(SG,MASC,INAN)	okrutniejszy
Inflect okrutniejszy | ADJ;NOM(SG,MASC)	okrutniejszy
Inflect okrutniejszy | ADJ;ESS(PL)	okrutniejszych
Inflect okrutniejszy | ADJ;GEN(PL)	okrutniejszych
Inflect okrutniejszy | ADJ;ACC(PL,MASC,HUM)	okrutniejszych
Inflect okrutniejszy | ADJ;ESS(SG,MASC)	okrutniejszym
Inflect okrutniejszy | ADJ;ESS(SG,NEUT)	okrutniejszym
Inflect okrutniejszy | ADJ;INS(SG,NEUT)	okrutniejszym
Inflect kondom | N;ESS(PL)	kondomach
Inflect kondom | N;INS(PL)	kondomami
Inflect kondom | N;VOC(SG)	kondomie
Inflect kondom | N;ACC(SG)	kondom
Inflect kondom | N;NOM(SG)	kondom
Inflect kondom | N;DAT(PL)	kondomom
Inflect kondom | N;GEN(PL)	kondomów
Inflect kondom | N;GEN(SG)	kondomu
Inflect kondom | N;ACC(PL)	kondomy
Inflect kondom | N;VOC(PL)	kondomy
Inflect podrywanie | N;ACC(SG)	podrywanie
Inflect podrywanie | N;NOM(SG)	podrywanie
Inflect podrywanie | N;VOC(SG)	podrywanie
Inflect podrywanie | N;DAT(SG)	podrywaniu
Inflect sąd | N;ESS(PL)	sądach
Inflect radioaktywność | N;INS(SG)	radioaktywnością
Inflect radioaktywność | N;DAT(SG)	radioaktywności
Inflect radioaktywność | N;ESS(SG)	radioaktywności
Inflect radioaktywność | N;GEN(SG)	radioaktywności
Inflect radioaktywność | N;VOC(SG)	radioaktywności
Inflect radioaktywność | N;ACC(SG)	radioaktywność
Inflect luk | N;ESS(SG)	luku
Inflect inwalida | N;ESS(PL)	inwalidach
Inflect inwalida | N;INS(SG)	inwalidą
Inflect inwalida | N;DAT(PL)	inwalidom
Inflect inwalida | N;VOC(SG)	inwalido
Inflect inwalida | N;ACC(PL)	inwalidów
Inflect inwalida | N;GEN(PL)	inwalidów
Inflect inwalida | N;DAT(SG)	inwalidzie
Inflect inwalida | N;ESS(SG)	inwalidzie
Inflect sucz | N;ESS(PL)	suczach
Inflect sucz | N;INS(PL)	suczami
Inflect sucz | N;NOM(PL)	sucze
Inflect sucz | N;VOC(PL)	sucze
Inflect sucz | N;DAT(PL)	suczom
Inflect sucz | N;DAT(SG)	suczy
Inflect sucz | N;ESS(SG)	suczy
Inflect sucz | N;GEN(PL)	suczy
Inflect sucz | N;VOC(SG)	suczy
Inflect rafa | N;ESS(PL)	rafach
Inflect rafa | N;INS(SG)	rafą
Inflect rafa | N;NOM(SG)	rafa
Inflect rafa | N;ACC(SG)	rafę
Inflect rafa | N;DAT(SG)	rafie
Inflect rafa | N;ESS(SG)	rafie
Inflect rafa | N;GEN(PL)	raf
Inflect rafa | N;VOC(SG)	rafo
Inflect rafa | N;ACC(PL)	rafy
Inflect rafa | N;NOM(PL)	rafy
Inflect rafa | N;VOC(PL)	rafy
Inflect niezmienniczy | ADJ;INS(SG,FEM)	niezmienniczą
Inflect niezmienniczy | ADJ;NOM(SG,FEM)	niezmiennicza
Inflect niezmienniczy | ADJ;ACC(SG,NEUT)	niezmiennicze
Inflect niezmienniczy | ADJ;NOM(SG,NEUT)	niezmiennicze
Inflect niezmienniczy | ADJ;NOM(PL)	niezmiennicze
Inflect niezmienniczy | ADJ;ACC(SG,MASC,ANIM)	niezmienniczego
Inflect niezmienniczy | ADJ;GEN(SG,MASC)	niezmienniczego
Inflect niezmienniczy | ADJ;ACC(SG,MASC,HUM)	niezmienniczego
Inflect niezmienniczy | ADJ;GEN(SG,NEUT)	niezmienniczego
Inflect niezmienniczy | ADJ;ESS(SG,FEM)	niezmienniczej
Inflect niezmienniczy | ADJ;GEN(SG,FEM)	niezmienniczej
Inflect niezmienniczy | ADJ;DAT(SG,MASC)	niezmienniczemu
Inflect niezmienniczy | ADJ;DAT(SG,NEUT)	niezmienniczemu
Inflect niezmienniczy | ADJ;NOM(PL,MASC,HUM)	niezmienniczy
Inflect niezmienniczy | ADJ;ACC(SG,MASC,INAN)	niezmienniczy
Inflect niezmienniczy | ADJ;NOM(SG,MASC)	niezmienniczy
Inflect niezmienniczy | ADJ;GEN(PL)	niezmienniczych
Inflect niezmienniczy | ADJ;ACC(PL,MASC,HUM)	niezmienniczych
Inflect niezmienniczy | ADJ;ESS(SG,MASC)	niezmienniczym
Inflect niezmienniczy | ADJ;ESS(SG,NEUT)	niezmienniczym
Inflect niezmienniczy | ADJ;INS(SG,NEUT)	niezmienniczym
Inflect niezmienniczy | ADJ;INS(PL)	niezmienniczymi
Inflect afgański | ADJ;NOM(PL,MASC,HUM)	afgańscy
Inflect afgański | ADJ;ACC(SG,FEM)	afgańską
Inflect afgański | ADJ;NOM(SG,FEM)	afgańska
Inflect afgański | ADJ;ACC(SG,MASC,INAN)	afgański
Inflect afgański | ADJ;ESS(PL)	afgańskich
Inflect afgański | ADJ;GEN(PL)	afgańskich
Inflect afgański | ADJ;ACC(SG,NEUT)	afgańskie
Inflect afgański | ADJ;NOM(SG,NEUT)	afgańskie
Inflect afgański | ADJ;ACC(SG,MASC,ANIM)	afgańskiego
Inflect afgański | ADJ;GEN(SG,MASC)	afgańskiego
Inflect afgański | ADJ;ACC(SG,MASC,HUM)	afgańskiego
Inflect afgański | ADJ;DAT(SG,FEM)	afgańskiej
Inflect afgański | ADJ;ESS(SG,FEM)	afgańskiej
Inflect afgański | ADJ;GEN(SG,FEM)	afgańskiej
Inflect afgański | ADJ;DAT(SG,MASC)	afgańskiemu
Inflect afgański | ADJ;DAT(SG,NEUT)	afgańskiemu
Inflect afgański | ADJ;DAT(PL)	afgańskim
Inflect afgański | ADJ;ESS(SG,MASC)	afgańskim
Inflect afgański | ADJ;INS(SG,MASC)	afgańskim
Inflect afgański | ADJ;ESS(SG,NEUT)	afgańskim
Inflect afgański | ADJ;INS(SG,NEUT)	afgańskim
Inflect afgański | ADJ;INS(PL)	afgańskimi
Inflect monoteista | N;ESS(SG)	monoteiście
Inflect monoteista | N;NOM(PL)	monoteiści
Inflect monoteista | N;VOC(PL)	monoteiści
Inflect monoteista | N;ESS(PL)	monoteistach
Inflect monoteista | N;INS(PL)	monoteistami
Inflect monoteista | N;INS(SG)	monoteistą
Inflect monoteista | N;DAT(PL)	monoteistom
Inflect monoteista | N;GEN(PL)	monoteistów
Inflect monoteista | N;GEN(SG)	monoteisty
Inflect szpinet | N;VOC(SG)	szpinecie
Inflect szpinet | N;ESS(PL)	szpinetach
Inflect szpinet | N;INS(PL)	szpinetami
Inflect szpinet | N;INS(SG)	szpinetem
Inflect szpinet | N;ACC(SG)	szpinet
Inflect szpinet | N;NOM(SG)	szpinet
Inflect szpinet | N;GEN(PL)	szpinetów
Inflect szpinet | N;GEN(SG)	szpinetu
Inflect szpinet | N;ACC(PL)	szpinety
Inflect szpinet | N;VOC(PL)	szpinety
Inflect ocelot | N;ESS(SG)	ocelocie
Inflect ocelot | N;VOC(SG)	ocelocie
Inflect ocelot | N;ESS(PL)	ocelotach
Inflect ocelot | N;INS(PL)	ocelotami
Inflect ocelot | N;ACC(SG)	ocelota
Inflect ocelot | N;GEN(SG)	ocelota
Inflect ocelot | N;NOM(SG)	ocelot
Inflect ocelot | N;DAT(PL)	ocelotom
Inflect ocelot | N;DAT(SG)	ocelotowi
Inflect ocelot | N;GEN(PL)	ocelotów
Inflect ocelot | N;NOM(PL)	oceloty
Inflect całkowanie | N;ESS(PL)	całkowaniach
Inflect całkowanie | N;ACC(PL)	całkowania
Inflect całkowanie | N;GEN(SG)	całkowania
Inflect całkowanie | N;NOM(PL)	całkowania
Inflect całkowanie | N;VOC(PL)	całkowania
Inflect całkowanie | N;INS(SG)	całkowaniem
Inflect całkowanie | N;ACC(SG)	całkowanie
Inflect całkowanie | N;VOC(SG)	całkowanie
Inflect całkowanie | N;DAT(PL)	całkowaniom
Inflect całkowanie | N;ESS(SG)	całkowaniu
Inflect kraina | N;ESS(PL)	krainach
Inflect kraina | N;INS(SG)	krainą
Inflect kraina | N;ACC(SG)	krainę
Inflect kraina | N;DAT(SG)	krainie
Inflect kraina | N;GEN(PL)	krain
Inflect kraina | N;DAT(PL)	krainom
Inflect kraina | N;ACC(PL)	krainy
Inflect kraina | N;GEN(SG)	krainy
Inflect kraina | N;NOM(PL)	krainy
Inflect kraina | N;VOC(PL)	krainy
Inflect montażystka | N;DAT(SG)	montażystce
Inflect montażystka | N;ESS(SG)	montażystce
Inflect montażystka | N;INS(PL)	montażystkami
Inflect montażystka | N;INS(SG)	montażystką
Inflect montażystka | N;NOM(SG)	montażystka
Inflect montażystka | N;ACC(SG)	montażystkę
Inflect montażystka | N;ACC(PL)	montażystki
Inflect montażystka | N;NOM(PL)	montażystki
Inflect montażystka | N;VOC(PL)	montażystki
Inflect montażystka | N;DAT(PL)	montażystkom
Inflect rozważyć | V;IMP;3;PL	niech rozważą
Inflect rozważyć | V;IMP;1;SG	niech rozważę
Inflect rozważyć | V;IMP;3;SG	niech rozważy
Inflect rozważyć | V;FUT;3;PL	rozważą
Inflect rozważyć | V;IMP;2;PL	rozważcie
Inflect rozważyć | V;FUT;1;SG	rozważę
Inflect rozważyć | V.PTCP;PST;PASS;SG;FEM	rozważona
Inflect rozważyć | V.PTCP;PST;PASS;PL	rozważone
Inflect rozważyć | V.PTCP;PST;PASS;SG;MASC	rozważony
Inflect rozważyć | V;IMP;2;SG	rozważ
Inflect rozważyć | V;FUT;2;PL	rozważycie
Inflect rozważyć | V;NFIN	rozważyć
Inflect rozważyć | V;COND;1;SG;FEM	rozważyłabym
Inflect rozważyć | V;COND;2;SG;FEM	rozważyłabyś
Inflect rozważyć | V;COND;3;SG;FEM	rozważyłaby
Inflect rozważyć | V;PST;2;SG;FEM	rozważyłaś
Inflect rozważyć | V;PST;3;SG;FEM	rozważyła
Inflect rozważyć | V;COND;3;SG;MASC	rozważyłby
Inflect rozważyć | V;PST;1;SG;MASC	rozważyłem
Inflect rozważyć | V;PST;2;SG;MASC	rozważyłeś
Inflect rozważyć | V;COND;2;PL;MASC;HUM	rozważylibyście
Inflect rozważyć | V;COND;3;PL;MASC;HUM	rozważyliby
Inflect rozważyć | V;PST;2;PL;MASC;HUM	rozważyliście
Inflect rozważyć | V;PST;1;PL;MASC;HUM	rozważyliśmy
Inflect rozważyć | V;PST;3;PL;MASC;HUM	rozważyli
Inflect rozważyć | V;PST;3;SG;MASC	rozważył
Inflect rozważyć | V;COND;1;PL	rozważyłybyśmy
Inflect rozważyć | V;PST;1;PL	rozważyłyśmy
Inflect rozważyć | V;PST;3;PL	rozważyły
Inflect rozważyć | V;FUT;1;PL	rozważymy
Inflect rozważyć | V;FUT;2;SG	rozważysz
Inflect rozważyć | V.CVB;PST	rozważywszy
Inflect dyszeć | V;FUT;3;PL;MASC;HUM	będą dyszeli
Inflect dyszeć | V;FUT;1;SG;FEM	będę dyszała
Inflect dyszeć | V;FUT;1;SG;MASC	będę dyszał
Inflect dyszeć | V;FUT;2;PL;MASC;HUM	będziecie dyszeli
Inflect dyszeć | V;FUT;3;SG;FEM	będzie dyszała
Inflect dyszeć | V;FUT;3;SG;NEUT	będzie dyszało
Inflect dyszeć | V;FUT;3;SG;MASC	będzie dyszał
Inflect dyszeć | V;FUT;1;PL	będziemy dyszały
Inflect dyszeć | V;FUT;1;PL;MASC;HUM	będziemy dyszeli
Inflect dyszeć | V;FUT;2;SG;FEM	będziesz dyszała
Inflect dyszeć | V;FUT;2;SG;MASC	będziesz dyszał
Inflect dyszeć | V;IMP;2;PL	dyszącie
Inflect dyszeć | V;COND;1;SG;FEM	dyszałabym
Inflect dyszeć | V;COND;2;SG;FEM	dyszałabyś
Inflect dyszeć | V;COND;3;SG;FEM	dyszałaby
Inflect dyszeć | V;PST;1;SG;FEM	dyszałam
Inflect dyszeć | V;PST;2;SG;FEM	dyszałaś
Inflect dyszeć | V;PST;3;SG;FEM	dyszała
Inflect dyszeć | V;COND;1;SG;MASC	dyszałbym
Inflect dyszeć | V;COND;2;SG;MASC	dyszałbyś
Inflect dyszeć | V;COND;3;SG;MASC	dyszałby
Inflect dyszeć | V;PST;1;SG;MASC	dyszałem
Inflect dyszeć | V;COND;2;PL	dyszałybyście
Inflect dyszeć | V;COND;3;PL	dyszałyby
Inflect dyszeć | V;PST;2;PL	dyszałyście
Inflect dyszeć | V;PST;1;PL	dyszałyśmy
Inflect dyszeć | V;PST;3;PL	dyszały
Inflect dyszeć | V;IMP;1;PL	dysząmy
Inflect dyszeć | V;IMP;2;SG	dyszą
Inflect dyszeć | V;NFIN	dyszeć
Inflect dyszeć | V;COND;2;PL;MASC;HUM	dyszelibyście
Inflect dyszeć | V;COND;1;PL;MASC;HUM	dyszelibyśmy
Inflect dyszeć | V;COND;3;PL;MASC;HUM	dyszeliby
Inflect dyszeć | V;PST;2;PL;MASC;HUM	dyszeliście
Inflect dyszeć | V;PST;1;PL;MASC;HUM	dyszeliśmy
Inflect dyszeć | V.MSDR	dyszenie
Inflect dyszeć | V;PRS;1;SG	dyszę
Inflect dyszeć | V.PTCP;PST;ACT;SG;FEM	dyszyca
Inflect dyszeć | V.PTCP;PST;ACT;PL	dyszyce
Inflect dyszeć | V.PTCP;PST;ACT;SG;NEUT	dyszyce
Inflect dyszeć | V.CVB	dyszyc
Inflect dyszeć | V.PTCP;PST;ACT;PL;MASC;HUM	dyszycy
Inflect dyszeć | V.PTCP;PST;ACT;SG;MASC	dyszycy
Inflect dyszeć | V;PRS;1;PL	dyszymy
Inflect dyszeć | V;PRS;2;SG	dyszysz
Inflect dyszeć | V;PRS;3;PL	dyszy
Inflect dyszeć | V;PRS;3;SG	dyszy
Inflect dyszeć | V;IMP;3;PL	niech dyszy
Inflect dyszeć | V;IMP;3;SG	niech dyszy
Inflect hipoteza | N;ESS(PL)	hipotezach
Inflect hipoteza | N;INS(PL)	hipotezami
Inflect hipoteza | N;INS(SG)	hipotezą
Inflect hipoteza | N;NOM(SG)	hipoteza
Inflect hipoteza | N;ACC(SG)	hipotezę
Inflect hipoteza | N;DAT(SG)	hipotezie
Inflect hipoteza | N;ESS(SG)	hipotezie
Inflect hipoteza | N;DAT(PL)	hipotezom
Inflect hipoteza | N;VOC(SG)	hipotezo
Inflect hipoteza | N;ACC(PL)	hipotezy
Inflect hipoteza | N;GEN(SG)	hipotezy
Inflect hipoteza | N;VOC(PL)	hipotezy
Inflect noga | N;DAT(SG)	nodze
Inflect noga | N;ESS(SG)	nodze
Inflect noga | N;ESS(PL)	nogach
Inflect noga | N;INS(PL)	nogami
Inflect noga | N;INS(SG)	nogą
Inflect noga | N;NOM(SG)	noga
Inflect noga | N;ACC(SG)	nogę
Inflect noga | N;ACC(PL)	nogi
Inflect noga | N;VOC(PL)	nogi
Inflect noga | N;GEN(PL)	nóg
Inflect noga | N;VOC(SG)	nogo
Inflect rzeź niewiniątek | N;INS(PL)	rzeziami niewiniątek
Inflect rzeź niewiniątek | N;NOM(PL)	rzezie niewiniątek
Inflect rzeź niewiniątek | N;ESS(SG)	rzezi niewiniątek
Inflect rzeź niewiniątek | N;GEN(PL)	rzezi niewiniątek
Inflect rzeź niewiniątek | N;GEN(SG)	rzezi niewiniątek
Inflect rzeź niewiniątek | N;VOC(SG)	rzezi niewiniątek
Inflect rzeź niewiniątek | N;DAT(PL)	rzeziom niewiniątek
Inflect rzeź niewiniątek | N;ACC(SG)	rzeź niewiniątek
Inflect nagły | ADJ;ACC(SG,FEM)	nagłą
Inflect nagły | ADJ;NOM(SG,FEM)	nagła
Inflect nagły | ADJ;ACC(PL)	nagłe
Inflect nagły | ADJ;ACC(SG,NEUT)	nagłe
Inflect nagły | ADJ;NOM(SG,NEUT)	nagłe
Inflect nagły | ADJ;NOM(PL)	nagłe
Inflect nagły | ADJ;GEN(SG,MASC)	nagłego
Inflect nagły | ADJ;ACC(SG,MASC,HUM)	nagłego
Inflect nagły | ADJ;DAT(SG,FEM)	nagłej
Inflect nagły | ADJ;ESS(SG,FEM)	nagłej
Inflect nagły | ADJ;DAT(SG,MASC)	nagłemu
Inflect nagły | ADJ;DAT(SG,NEUT)	nagłemu
Inflect nagły | ADJ;NOM(SG,MASC)	nagły
Inflect nagły | ADJ;ESS(PL)	nagłych
Inflect nagły | ADJ;GEN(PL)	nagłych
Inflect nagły | ADJ;ACC(PL,MASC,HUM)	nagłych
Inflect nagły | ADJ;DAT(PL)	nagłym
Inflect nagły | ADJ;ESS(SG,MASC)	nagłym
Inflect nagły | ADJ;INS(SG,MASC)	nagłym
Inflect nagły | ADJ;ESS(SG,NEUT)	nagłym
Inflect nagły | ADJ;INS(PL)	nagłymi
Inflect przeszukiwanie wszerz | N;ESS(PL)	przeszukiwaniach wszerz
Inflect przeszukiwanie wszerz | N;INS(PL)	przeszukiwaniami wszerz
Inflect przeszukiwanie wszerz | N;ACC(PL)	przeszukiwania wszerz
Inflect przeszukiwanie wszerz | N;GEN(SG)	przeszukiwania wszerz
Inflect przeszukiwanie wszerz | N;INS(SG)	przeszukiwaniem wszerz
Inflect przeszukiwanie wszerz | N;VOC(SG)	przeszukiwanie wszerz
Inflect przeszukiwanie wszerz | N;DAT(PL)	przeszukiwaniom wszerz
Inflect przeszukiwanie wszerz | N;DAT(SG)	przeszukiwaniu wszerz
Inflect grzywna | N;GEN(PL)	grzywien
Inflect grzywna | N;INS(PL)	grzywnami
Inflect grzywna | N;INS(SG)	grzywną
Inflect grzywna | N;NOM(SG)	grzywna
Inflect grzywna | N;ACC(SG)	grzywnę
Inflect grzywna | N;ESS(SG)	grzywnie
Inflect grzywna | N;ACC(PL)	grzywny
Inflect grzywna | N;NOM(PL)	grzywny
Inflect grzywna | N;VOC(PL)	grzywny
Inflect zakonnica | N;ESS(PL)	zakonnicach
Inflect zakonnica | N;INS(PL)	zakonnicami
Inflect zakonnica | N;INS(SG)	zakonnicą
Inflect zakonnica | N;NOM(SG)	zakonnica
Inflect zakonnica | N;ACC(SG)	zakonnicę
Inflect zakonnica | N;GEN(PL)	zakonnic
Inflect zakonnica | N;DAT(PL)	zakonnicom
Inflect zakonnica | N;VOC(SG)	zakonnico
Inflect zakonnica | N;ESS(SG)	zakonnicy
Inflect skrzypek | N;NOM(SG)	skrzypek
Inflect skrzypek | N;ESS(PL)	skrzypkach
Inflect skrzypek | N;INS(PL)	skrzypkami
Inflect skrzypek | N;ACC(SG)	skrzypka
Inflect skrzypek | N;GEN(SG)	skrzypka
Inflect skrzypek | N;INS(SG)	skrzypkiem
Inflect skrzypek | N;DAT(PL)	skrzypkom
Inflect skrzypek | N;NOM(PL)	skrzypkowie
Inflect skrzypek | N;ACC(PL)	skrzypków
Inflect skrzypek | N;GEN(PL)	skrzypków
Inflect ludzki | ADJ;NOM(PL,MASC,HUM)	ludzcy
Inflect ludzki | ADJ;INS(SG,FEM)	ludzką
Inflect ludzki | ADJ;NOM(SG,FEM)	ludzka
Inflect ludzki | ADJ;ACC(SG,MASC,INAN)	ludzki
Inflect ludzki | ADJ;ESS(PL)	ludzkich
Inflect ludzki | ADJ;GEN(PL)	ludzkich
Inflect ludzki | ADJ;ACC(PL,MASC,HUM)	ludzkich
Inflect ludzki | ADJ;ACC(PL)	ludzkie
Inflect ludzki | ADJ;ACC(SG,NEUT)	ludzkie
Inflect ludzki | ADJ;NOM(SG,NEUT)	ludzkie
Inflect ludzki | ADJ;NOM(PL)	ludzkie
Inflect ludzki | ADJ;ACC(SG,MASC,ANIM)	ludzkiego
Inflect ludzki | ADJ;ACC(SG,MASC,HUM)	ludzkiego
Inflect ludzki | ADJ;GEN(SG,NEUT)	ludzkiego
Inflect ludzki | ADJ;DAT(SG,FEM)	ludzkiej
Inflect ludzki | ADJ;ESS(SG,FEM)	ludzkiej
Inflect ludzki | ADJ;GEN(SG,FEM)	ludzkiej
Inflect ludzki | ADJ;DAT(SG,NEUT)	ludzkiemu
Inflect ludzki | ADJ;DAT(PL)	ludzkim
Inflect ludzki | ADJ;ESS(SG,MASC)	ludzkim
Inflect ludzki | ADJ;ESS(SG,NEUT)	ludzkim
Inflect ludzki | ADJ;INS(SG,NEUT)	ludzkim
Inflect osobowy | ADJ;ACC(SG,FEM)	osobową
Inflect osobowy | ADJ;INS(SG,FEM)	osobową
Inflect osobowy | ADJ;ACC(PL)	osobowe
Inflect osobowy | ADJ;ACC(SG,NEUT)	osobowe
Inflect osobowy | ADJ;ACC(SG,MASC,ANIM)	osobowego
Inflect osobowy | ADJ;ACC(SG,MASC,HUM)	osobowego
Inflect osobowy | ADJ;GEN(SG,NEUT)	osobowego
Inflect osobowy | ADJ;DAT(SG,FEM)	osobowej
Inflect osobowy | ADJ;ESS(SG,FEM)	osobowej
Inflect osobowy | ADJ;DAT(SG,MASC)	osobowemu
Inflect osobowy | ADJ;DAT(SG,NEUT)	osobowemu
Inflect osobowy | ADJ;NOM(PL,MASC,HUM)	osobowi
Inflect osobowy | ADJ;ACC(SG,MASC,INAN)	osobowy
Inflect osobowy | ADJ;ESS(PL)	osobowych
Inflect osobowy | ADJ;GEN(PL)	osobowych
Inflect osobowy | ADJ;ACC(PL,MASC,HUM)	osobowych
Inflect osobowy | ADJ;DAT(PL)	osobowym
Inflect osobowy | ADJ;ESS(SG,MASC)	osobowym
Inflect osobowy | ADJ;ESS(SG,NEUT)	osobowym
Inflect osobowy | ADJ;INS(SG,NEUT)	osobowym
Inflect osobowy | ADJ;INS(PL)	osobowymi
Inflect czerpać | V;FUT;3;PL;MASC;HUM	będą czerpali
Inflect czerpać | V;FUT;3;PL	będą czerpały
Inflect czerpać | V;FUT;1;SG;FEM	będę czerpała
Inflect czerpać | V;FUT;2;PL;MASC;HUM	będziecie czerpali
Inflect czerpać | V;FUT;3;SG;FEM	będzie czerpała
Inflect czerpać | V;FUT;3;SG;MASC	będzie czerpał
Inflect czerpać | V;FUT;1;PL;MASC;HUM	będziemy czerpali
Inflect czerpać | V;COND;2;SG;FEM	czerpałabyś
Inflect czerpać | V;COND;3;SG;FEM	czerpałaby
Inflect czerpać | V;PST;1;SG;FEM	czerpałam
Inflect czerpać | V;PST;2;SG;FEM	czerpałaś
Inflect czerpać | V;PST;3;SG;FEM	czerpała
Inflect czerpać | V;COND;1;SG;MASC	czerpałbym
Inflect czerpać | V;COND;3;SG;MASC	czerpałby
Inflect czerpać | V;PST;2;SG;MASC	czerpałeś
Inflect czerpać | V;COND;2;PL;MASC;HUM	czerpalibyście
Inflect czerpać | V;COND;1;PL;MASC;HUM	czerpalibyśmy
Inflect czerpać | V;COND;3;PL;MASC;HUM	czerpaliby
Inflect czerpać | V;PST;2;PL;MASC;HUM	czerpaliście
Inflect czerpać | V;PST;1;PL;MASC;HUM	czerpaliśmy
Inflect czerpać | V;COND;3;SG;NEUT	czerpałoby
Inflect czerpać | V;PST;3;SG;MASC	czerpał
Inflect czerpać | V;COND;2;PL	czerpałybyście
Inflect czerpać | V;COND;1;PL	czerpałybyśmy
Inflect czerpać | V;COND;3;PL	czerpałyby
Inflect czerpać | V;PST;1;PL	czerpałyśmy
Inflect czerpać | V;PST;3;PL	czerpały
Inflect czerpać | V.PTCP;PST;PASS;SG;FEM	czerpana
Inflect czerpać | V.PTCP;PST;PASS;PL	czerpane
Inflect czerpać | V.PTCP;PST;PASS;SG;NEUT	czerpane
Inflect czerpać | V.MSDR	czerpanie
Inflect czerpać | V.PTCP;PST;PASS	czerpano
Inflect czerpać | V.PTCP;PST;PASS;SG;MASC	czerpany
Inflect czerpać | V;IMP;2;PL	czerpcie
Inflect czerpać | V.PTCP;PST;ACT;SG;FEM	czerpiąca
Inflect czerpać | V.CVB	czerpiąc
Inflect czerpać | V.PTCP;PST;ACT;PL;MASC;HUM	czerpiący
Inflect czerpać | V.PTCP;PST;ACT;SG;MASC	czerpiący
Inflect czerpać | V;PRS;3;PL	czerpią
Inflect czerpać | V;PRS;2;PL	czerpiecie
Inflect czerpać | V;PRS;2;SG	czerpiesz
Inflect czerpać | V;PRS;1;SG	czerpię
Inflect czerpać | V;PRS;3;SG	czerpie
Inflect czerpać | V;IMP;1;PL	czerpmy
Inflect czerpać | V;IMP;2;SG	czerp
Inflect amharski | ADJ;NOM(PL,MASC,HUM)	amharscy
Inflect amharski | ADJ;INS(SG,FEM)	amharską
Inflect amharski | ADJ;ACC(SG,MASC,INAN)	amharski
Inflect amharski | ADJ;NOM(SG,MASC)	amharski
Inflect amharski | ADJ;ESS(PL)	amharskich
Inflect amharski | ADJ;GEN(PL)	amharskich
Inflect amharski | ADJ;ACC(PL,MASC,HUM)	amharskich
Inflect amharski | ADJ;ACC(PL)	amharskie
Inflect amharski | ADJ;ACC(SG,NEUT)	amharskie
Inflect amharski | ADJ;ACC(SG,MASC,ANIM)	amharskiego
Inflect amharski | ADJ;GEN(SG,MASC)	amharskiego
Inflect amharski | ADJ;ACC(SG,MASC,HUM)	amharskiego
Inflect amharski | ADJ;DAT(SG,FEM)	amharskiej
Inflect amharski | ADJ;GEN(SG,FEM)	amharskiej
Inflect amharski | ADJ;DAT(SG,MASC)	amharskiemu
Inflect amharski | ADJ;ESS(SG,MASC)	amharskim
Inflect amharski | ADJ;INS(SG,MASC)	amharskim
Inflect amharski | ADJ;ESS(SG,NEUT)	amharskim
Inflect amharski | ADJ;INS(SG,NEUT)	amharskim
Inflect amharski | ADJ;INS(PL)	amharskimi
Inflect architekt | N;ESS(SG)	architekcie
Inflect architekt | N;VOC(SG)	architekcie
Inflect architekt | N;GEN(SG)	architekta
Inflect architekt | N;NOM(SG)	architekt
Inflect architekt | N;DAT(SG)	architektowi
Inflect architekt | N;ACC(PL)	architektów
Inflect ruchomy | ADJ;ACC(SG,FEM)	ruchomą
Inflect ruchomy | ADJ;INS(SG,FEM)	ruchomą
Inflect ruchomy | ADJ;NOM(SG,FEM)	ruchoma
Inflect ruchomy | ADJ;ACC(PL)	ruchome
Inflect ruchomy | ADJ;ACC(SG,NEUT)	ruchome
Inflect ruchomy | ADJ;NOM(SG,NEUT)	ruchome
Inflect ruchomy | ADJ;GEN(SG,MASC)	ruchomego
Inflect ruchomy | ADJ;ACC(SG,MASC,HUM)	ruchomego
Inflect ruchomy | ADJ;DAT(SG,FEM)	ruchomej
Inflect ruchomy | ADJ;ESS(SG,FEM)	ruchomej
Inflect ruchomy | ADJ;GEN(SG,FEM)	ruchomej
Inflect ruchomy | ADJ;DAT(SG,MASC)	ruchomemu
Inflect ruchomy | ADJ;DAT(SG,NEUT)	ruchomemu
Inflect ruchomy | ADJ;NOM(PL,MASC,HUM)	ruchomi
Inflect ruchomy | ADJ;ACC(SG,MASC,INAN)	ruchomy
Inflect ruchomy | ADJ;ESS(PL)	ruchomych
Inflect ruchomy | ADJ;GEN(PL)	ruchomych
Inflect ruchomy | ADJ;ACC(PL,MASC,HUM)	ruchomych
Inflect ruchomy | ADJ;DAT(PL)	ruchomym
Inflect ruchomy | ADJ;ESS(SG,MASC)	ruchomym
Inflect ruchomy | ADJ;INS(SG,NEUT)	ruchomym
Inflect koalicja | N;ESS(PL)	koalicjach
Inflect koalicja | N;INS(PL)	koalicjami
Inflect koalicja | N;INS(SG)	koalicją
Inflect koalicja | N;NOM(SG)	koalicja
Inflect koalicja | N;ACC(PL)	koalicje
Inflect koalicja | N;ACC(SG)	koalicję
Inflect koalicja | N;VOC(PL)	koalicje
Inflect koalicja | N;ESS(SG)	koalicji
Inflect koalicja | N;GEN(PL)	koalicji
Inflect koalicja | N;GEN(SG)	koalicji
Inflect koalicja | N;DAT(PL)	koalicjom
Inflect koalicja | N;VOC(SG)	koalicjo
Inflect jęczmienny | ADJ;ACC(SG,FEM)	jęczmienną
Inflect jęczmienny | ADJ;NOM(SG,FEM)	jęczmienna
Inflect jęczmienny | ADJ;ACC(SG,NEUT)	jęczmienne
Inflect jęczmienny | ADJ;NOM(SG,NEUT)	jęczmienne
Inflect jęczmienny | ADJ;NOM(PL)	jęczmienne
Inflect jęczmienny | ADJ;ACC(SG,MASC,ANIM)	jęczmiennego
Inflect jęczmienny | ADJ;GEN(SG,MASC)	jęczmiennego
Inflect jęczmienny | ADJ;DAT(SG,FEM)	jęczmiennej
Inflect jęczmienny | ADJ;ESS(SG,FEM)	jęczmiennej
Inflect jęczmienny | ADJ;GEN(SG,FEM)	jęczmiennej
Inflect jęczmienny | ADJ;DAT(SG,MASC)	jęczmiennemu
Inflect jęczmienny | ADJ;DAT(SG,NEUT)	jęczmiennemu
Inflect jęczmienny | ADJ;NOM(PL,MASC,HUM)	jęczmienni
Inflect jęczmienny | ADJ;ACC(SG,MASC,INAN)	jęczmienny
Inflect jęczmienny | ADJ;NOM(SG,MASC)	jęczmienny
Inflect jęczmienny | ADJ;DAT(PL)	jęczmiennym
Inflect jęczmienny | ADJ;ESS(SG,MASC)	jęczmiennym
Inflect jęczmienny | ADJ;INS(SG,MASC)	jęczmiennym
Inflect jęczmienny | ADJ;INS(SG,NEUT)	jęczmiennym
Inflect jęczmienny | ADJ;INS(PL)	jęczmiennymi
Inflect siad | N;ESS(PL)	siadach
Inflect siad | N;INS(SG)	siadem
Inflect siad | N;ACC(SG)	siad
Inflect siad | N;DAT(PL)	siadom
Inflect siad | N;DAT(SG)	siadowi
Inflect siad | N;GEN(PL)	siadów
Inflect siad | N;GEN(SG)	siadu
Inflect siad | N;ACC(PL)	siady
Inflect siad | N;NOM(PL)	siady
Inflect siad | N;VOC(PL)	siady
Inflect siad | N;ESS(SG)	siadzie
Inflect siad | N;VOC(SG)	siadzie
Inflect notatka | N;DAT(SG)	notatce
Inflect notatka | N;ESS(SG)	notatce
Inflect notatka | N;GEN(PL)	notatek
Inflect notatka | N;INS(SG)	notatką
Inflect notatka | N;NOM(SG)	notatka
Inflect notatka | N;ACC(SG)	notatkę
Inflect notatka | N;ACC(PL)	notatki
Inflect notatka | N;VOC(SG)	notatko
Inflect odważny | ADJ;ACC(SG,FEM)	odważną
Inflect odważny | ADJ;NOM(SG,FEM)	odważna
Inflect odważny | ADJ;ACC(PL)	odważne
Inflect odważny | ADJ;ACC(SG,NEUT)	odważne
Inflect odważny | ADJ;NOM(SG,NEUT)	odważne
Inflect odważny | ADJ;NOM(PL)	odważne
Inflect odważny | ADJ;GEN(SG,MASC)	odważnego
Inflect odważny | ADJ;ACC(SG,MASC,HUM)	odważnego
Inflect odważny | ADJ;GEN(SG,NEUT)	odważnego
Inflect odważny | ADJ;DAT(SG,FEM)	odważnej
Inflect odważny | ADJ;ESS(SG,FEM)	odważnej
Inflect odważny | ADJ;DAT(SG,MASC)	odważnemu
Inflect odważny | ADJ;DAT(SG,NEUT)	odważnemu
Inflect odważny | ADJ;ACC(SG,MASC,INAN)	odważny
Inflect odważny | ADJ;NOM(SG,MASC)	odważny
Inflect odważny | ADJ;ESS(PL)	odważnych
Inflect odważny | ADJ;ACC(PL,MASC,HUM)	odważnych
Inflect odważny | ADJ;DAT(PL)	odważnym
Inflect odważny | ADJ;ESS(SG,MASC)	odważnym
Inflect odważny | ADJ;ESS(SG,NEUT)	odważnym
Inflect odważny | ADJ;INS(SG,NEUT)	odważnym
Inflect odważny | ADJ;INS(PL)	odważnymi
Inflect nagły przypadek | N;ACC(PL)	nagłe przypadki
Inflect nagły przypadek | N;NOM(PL)	nagłe przypadki
Inflect nagły przypadek | N;VOC(PL)	nagłe przypadki
Inflect nagły przypadek | N;ESS(PL)	nagłych przypadkach
Inflect nagły przypadek | N;GEN(PL)	nagłych przypadków
Inflect nagły przypadek | N;INS(PL)	nagłymi przypadkami
Inflect nagły przypadek | N;INS(SG)	nagłym przypadkiem
Inflect nagły przypadek | N;DAT(PL)	nagłym przypadkom
Inflect nagły przypadek | N;ESS(SG)	nagłym przypadku
Inflect nagły przypadek | N;ACC(SG)	nagły przypadek
Inflect nagły przypadek | N;NOM(SG)	nagły przypadek
Inflect nagły przypadek | N;VOC(SG)	nagły przypadku
Inflect tropik | N;ESS(PL)	tropikach
Inflect tropik | N;INS(SG)	tropikiem
Inflect tropik | N;ACC(PL)	tropiki
Inflect tropik | N;NOM(PL)	tropiki
Inflect tropik | N;VOC(PL)	tropiki
Inflect tropik | N;NOM(SG)	tropik
Inflect tropik | N;DAT(PL)	tropikom
Inflect tropik | N;DAT(SG)	tropikowi
Inflect tropik | N;GEN(PL)	tropików
Inflect tropik | N;VOC(SG)	tropiku
Inflect żarówka | N;INS(PL)	żarówkami
Inflect żarówka | N;INS(SG)	żarówką
Inflect żarówka | N;NOM(SG)	żarówka
Inflect żarówka | N;ACC(SG)	żarówkę
Inflect żarówka | N;ACC(PL)	żarówki
Inflect żarówka | N;GEN(SG)	żarówki
Inflect żarówka | N;NOM(PL)	żarówki
Inflect żarówka | N;DAT(PL)	żarówkom
Inflect żarówka | N;VOC(SG)	żarówko
Inflect modliszka | N;DAT(SG)	modliszce
Inflect modliszka | N;ESS(SG)	modliszce
Inflect modliszka | N;GEN(PL)	modliszek
Inflect modliszka | N;INS(PL)	modliszkami
Inflect modliszka | N;INS(SG)	modliszką
Inflect modliszka | N;NOM(SG)	modliszka
Inflect modliszka | N;ACC(SG)	modliszkę
Inflect modliszka | N;ACC(PL)	modliszki
Inflect modliszka | N;DAT(PL)	modliszkom
Inflect modliszka | N;VOC(SG)	modliszko
Inflect Arabka | N;ESS(SG)	Arabce
Inflect Arabka | N;ESS(PL)	Arabkach
Inflect Arabka | N;INS(PL)	Arabkami
Inflect Arabka | N;INS(SG)	Arabką
Inflect Arabka | N;NOM(PL)	Arabki
Inflect Arabka | N;DAT(PL)	Arabkom
Inflect Arabka | N;VOC(SG)	Arabko
Inflect bażyna | N;ESS(PL)	bażynach
Inflect bażyna | N;NOM(SG)	bażyna
Inflect bażyna | N;ACC(SG)	bażynę
Inflect bażyna | N;DAT(SG)	bażynie
Inflect bażyna | N;ESS(SG)	bażynie
Inflect bażyna | N;DAT(PL)	bażynom
Inflect bażyna | N;ACC(PL)	bażyny
Inflect bażyna | N;GEN(SG)	bażyny
Inflect bażyna | N;NOM(PL)	bażyny
Inflect nadzorca | N;ESS(PL)	nadzorcach
Inflect nadzorca | N;NOM(SG)	nadzorca
Inflect nadzorca | N;DAT(PL)	nadzorcom
Inflect nadzorca | N;VOC(SG)	nadzorco
Inflect nadzorca | N;GEN(PL)	nadzorców
Inflect nadzorca | N;GEN(SG)	nadzorcy
Inflect nadzorca | N;NOM(PL)	nadzorcy
Inflect nadzorca | N;VOC(PL)	nadzorcy
Inflect perliczka | N;DAT(SG)	perliczce
Inflect perliczka | N;GEN(PL)	perliczek
Inflect perliczka | N;ACC(SG)	perliczkę
Inflect perliczka | N;GEN(SG)	perliczki
Inflect perliczka | N;NOM(PL)	perliczki
Inflect perliczka | N;VOC(PL)	perliczki
Inflect perliczka | N;DAT(PL)	perliczkom
Inflect rezus | N;ESS(PL)	rezusach
Inflect rezus | N;INS(PL)	rezusami
Inflect rezus | N;ACC(SG)	rezusa
Inflect rezus | N;GEN(SG)	rezusa
Inflect rezus | N;INS(SG)	rezusem
Inflect rezus | N;VOC(SG)	rezusie
Inflect rezus | N;NOM(SG)	rezus
Inflect rezus | N;DAT(PL)	rezusom
Inflect rezus | N;GEN(PL)	rezusów
Inflect rezus | N;NOM(PL)	rezusy
Inflect rezus | N;VOC(PL)	rezusy
Inflect hadis | N;ESS(PL)	hadisach
Inflect hadis | N;INS(SG)	hadisem
Inflect hadis | N;ESS(SG)	hadisie
Inflect hadis | N;VOC(SG)	hadisie
Inflect hadis | N;ACC(SG)	hadis
Inflect hadis | N;DAT(PL)	hadisom
Inflect hadis | N;DAT(SG)	hadisowi
Inflect hadis | N;GEN(PL)	hadisów
Inflect hadis | N;GEN(SG)	hadisu
Inflect hadis | N;ACC(PL)	hadisy
Inflect hadis | N;NOM(PL)	hadisy
Inflect hadis | N;VOC(PL)	hadisy
Inflect wdowa | N;ESS(PL)	wdowach
Inflect wdowa | N;INS(SG)	wdową
Inflect wdowa | N;DAT(SG)	wdowie
Inflect wdowa | N;ESS(SG)	wdowie
Inflect wdowa | N;DAT(PL)	wdowom
Inflect wdowa | N;VOC(SG)	wdowo
Inflect wdowa | N;GEN(SG)	wdowy
Inflect wdowa | N;VOC(PL)	wdowy
Inflect lud | N;ESS(PL)	ludach
Inflect lud | N;INS(SG)	ludem
Inflect lud | N;NOM(SG)	lud
Inflect lud | N;DAT(PL)	ludom
Inflect lud | N;DAT(SG)	ludowi
Inflect lud | N;GEN(PL)	ludów
Inflect lud | N;GEN(SG)	ludu
Inflect lud | N;ACC(PL)	ludy
Inflect lud | N;NOM(PL)	ludy
Inflect lud | N;VOC(PL)	ludy
Inflect lud | N;VOC(SG)	ludzie
Inflect złożyć | V;IMP;3;PL	niech złożą
Inflect złożyć | V;IMP;1;SG	niech złożę
Inflect złożyć | V;IMP;3;SG	niech złoży
Inflect złożyć | V;FUT;3;PL	złożą
Inflect złożyć | V;IMP;2;PL	złóżcie
Inflect złożyć | V.MSDR	złożenie
Inflect złożyć | V.PTCP;PST;PASS;PL;MASC;HUM	złożeni
Inflect złożyć | V;IMP;1;PL	złóżmy
Inflect złożyć | V.PTCP;PST;PASS;SG;NEUT	złożone
Inflect złożyć | V.PTCP;PST;PASS	złożono
Inflect złożyć | V.PTCP;PST;PASS;SG;MASC	złożony
Inflect złożyć | V;IMP;2;SG	złóż
Inflect złożyć | V;FUT;2;PL	złożycie
Inflect złożyć | V;NFIN	złożyć
Inflect złożyć | V;COND;1;SG;FEM	złożyłabym
Inflect złożyć | V;COND;3;SG;FEM	złożyłaby
Inflect złożyć | V;PST;1;SG;FEM	złożyłam
Inflect złożyć | V;PST;2;SG;FEM	złożyłaś
Inflect złożyć | V;PST;3;SG;FEM	złożyła
Inflect złożyć | V;COND;1;SG;MASC	złożyłbym
Inflect złożyć | V;PST;2;SG;MASC	złożyłeś
Inflect złożyć | V;COND;2;PL;MASC;HUM	złożylibyście
Inflect złożyć | V;COND;3;PL;MASC;HUM	złożyliby
Inflect złożyć | V;PST;2;PL;MASC;HUM	złożyliście
Inflect złożyć | V;PST;1;PL;MASC;HUM	złożyliśmy
Inflect złożyć | V;PST;3;PL;MASC;HUM	złożyli
Inflect złożyć | V;COND;3;SG;NEUT	złożyłoby
Inflect złożyć | V;PST;3;SG;NEUT	złożyło
Inflect złożyć | V;COND;2;PL	złożyłybyście
Inflect złożyć | V;COND;1;PL	złożyłybyśmy
Inflect złożyć | V;COND;3;PL	złożyłyby
Inflect złożyć | V;PST;2;PL	złożyłyście
Inflect złożyć | V;PST;1;PL	złożyłyśmy
Inflect złożyć | V;PST;3;PL	złożyły
Inflect złożyć | V;FUT;2;SG	złożysz
Inflect złożyć | V;FUT;3;SG	złoży
Inflect złożyć | V.CVB;PST	złożywszy
Inflect brawura | N;ACC(SG)	brawurą
Inflect brawura | N;INS(SG)	brawurę
Inflect brawura | N;VOC(SG)	brawuro
Inflect brawura | N;GEN(SG)	brawury
Inflect brawura | N;DAT(SG)	brawurze
Inflect brawura | N;ESS(SG)	brawurze
Inflect granatowy | ADJ;ACC(SG,FEM)	granatową
Inflect granatowy | ADJ;NOM(SG,FEM)	granatowa
Inflect granatowy | ADJ;ACC(SG,NEUT)	granatowe
Inflect granatowy | ADJ;NOM(SG,NEUT)	granatowe
Inflect granatowy | ADJ;NOM(PL)	granatowe
Inflect granatowy | ADJ;ACC(SG,MASC,ANIM)	granatowego
Inflect granatowy | ADJ;GEN(SG,MASC)	granatowego
Inflect granatowy | ADJ;ACC(SG,MASC,HUM)	granatowego
Inflect granatowy | ADJ;GEN(SG,NEUT)	granatowego
Inflect granatowy | ADJ;DAT(SG,FEM)	granatowej
Inflect granatowy | ADJ;ESS(SG,FEM)	granatowej
Inflect granatowy | ADJ;GEN(SG,FEM)	granatowej
Inflect granatowy | ADJ;DAT(SG,MASC)	granatowemu
Inflect granatowy | ADJ;DAT(SG,NEUT)	granatowemu
Inflect granatowy | ADJ;NOM(PL,MASC,HUM)	granatowi
Inflect granatowy | ADJ;ACC(SG,MASC,INAN)	granatowy
Inflect granatowy | ADJ;NOM(SG,MASC)	granatowy
Inflect granatowy | ADJ;ESS(PL)	granatowych
Inflect granatowy | ADJ;GEN(PL)	granatowych
Inflect granatowy | ADJ;DAT(PL)	granatowym
Inflect granatowy | ADJ;ESS(SG,NEUT)	granatowym
Inflect granatowy | ADJ;INS(SG,NEUT)	granatowym
Inflect granatowy | ADJ;INS(PL)	granatowymi
Inflect turzyca | N;ESS(PL)	turzycach
Inflect turzyca | N;INS(PL)	turzycami
Inflect turzyca | N;INS(SG)	turzycą
Inflect turzyca | N;NOM(SG)	turzyca
Inflect turzyca | N;ACC(SG)	turzycę
Inflect turzyca | N;NOM(PL)	turzyce
Inflect turzyca | N;GEN(PL)	turzyc
Inflect turzyca | N;DAT(PL)	turzycom
Inflect turzyca | N;VOC(SG)	turzyco
Inflect turzyca | N;DAT(SG)	turzycy
Inflect turzyca | N;ESS(SG)	turzycy
Inflect turzyca | N;GEN(SG)	turzycy
Inflect korytarz | N;ESS(PL)	korytarzach
Inflect korytarz | N;INS(PL)	korytarzami
Inflect korytarz | N;GEN(SG)	korytarza
Inflect korytarz | N;INS(SG)	korytarzem
Inflect korytarz | N;ACC(PL)	korytarze
Inflect korytarz | N;NOM(PL)	korytarze
Inflect korytarz | N;VOC(PL)	korytarze
Inflect korytarz | N;ACC(SG)	korytarz
Inflect korytarz | N;NOM(SG)	korytarz
Inflect korytarz | N;DAT(PL)	korytarzom
Inflect korytarz | N;GEN(PL)	korytarzy
Inflect Murzyn | N;DAT(PL)	Murzynom
Inflect polietylen | N;INS(SG)	polietylenem
Inflect polietylen | N;VOC(SG)	polietylenie
Inflect polietylen | N;NOM(SG)	polietylen
Inflect polietylen | N;DAT(SG)	polietylenowi
Inflect polietylen | N;GEN(SG)	polietylenu
Inflect kawiarnia | N;ESS(PL)	kawiarniach
Inflect kawiarnia | N;INS(PL)	kawiarniami
Inflect kawiarnia | N;INS(SG)	kawiarnią
Inflect kawiarnia | N;NOM(SG)	kawiarnia
Inflect kawiarnia | N;ACC(PL)	kawiarnie
Inflect kawiarnia | N;ACC(SG)	kawiarnię
Inflect kawiarnia | N;NOM(PL)	kawiarnie
Inflect kawiarnia | N;VOC(PL)	kawiarnie
Inflect kawiarnia | N;DAT(SG)	kawiarni
Inflect kawiarnia | N;ESS(SG)	kawiarni
Inflect kawiarnia | N;GEN(PL)	kawiarni
Inflect kawiarnia | N;DAT(PL)	kawiarniom
Inflect kawiarnia | N;VOC(SG)	kawiarnio
Inflect golić się | V;FUT;3;PL;MASC;HUM	będą golili
Inflect golić się | V;FUT;3;PL	będą goliły
Inflect golić się | V;FUT;1;SG;MASC	będę golił
Inflect golić się | V;FUT;2;PL;MASC;HUM	będziecie golili
Inflect golić się | V;FUT;2;PL	będziecie goliły
Inflect golić się | V;FUT;3;SG;NEUT	będzie goliło
Inflect golić się | V;FUT;3;SG;MASC	będzie golił
Inflect golić się | V;FUT;2;SG;FEM	będziesz goliła
Inflect golić się | V.PTCP;PST;ACT;SG;FEM	goląca
Inflect golić się | V.PTCP;PST;ACT;PL	golące
Inflect golić się | V.PTCP;PST;ACT;SG;NEUT	golące
Inflect golić się | V.CVB	goląc
Inflect golić się | V.PTCP;PST;ACT;PL;MASC;HUM	golący
Inflect golić się | V;PRS;3;PL	golą
Inflect golić się | V;IMP;2;PL	gólcie
Inflect golić się | V.MSDR	golenie
Inflect golić się | V;PRS;1;SG	golę
Inflect golić się | V;NFIN	golić
Inflect golić się | V;COND;1;SG;FEM	goliłabym
Inflect golić się | V;COND;2;SG;FEM	goliłabyś
Inflect golić się | V;PST;2;SG;FEM	goliłaś
Inflect golić się | V;COND;2;SG;MASC	goliłbyś
Inflect golić się | V;COND;3;SG;MASC	goliłby
Inflect golić się | V;PST;1;SG;MASC	goliłem
Inflect golić się | V;PST;2;SG;MASC	goliłeś
Inflect golić się | V;COND;2;PL;MASC;HUM	golilibyście
Inflect golić się | V;COND;1;PL;MASC;HUM	golilibyśmy
Inflect golić się | V;COND;3;PL;MASC;HUM	goliliby
Inflect golić się | V;PST;3;PL;MASC;HUM	golili
Inflect golić się | V;COND;3;SG;NEUT	goliłoby
Inflect golić się | V;PST;3;SG;NEUT	goliło
Inflect golić się | V;PST;3;SG;MASC	golił
Inflect golić się | V;COND;3;PL	goliłyby
Inflect golić się | V;PST;2;PL	goliłyście
Inflect golić się | V;PST;1;PL	goliłyśmy
Inflect golić się | V;PST;3;PL	goliły
Inflect golić się | V;PRS;1;PL	golimy
Inflect golić się | V;PRS;2;SG	golisz
Inflect golić się | V;IMP;3;PL	niech golą
Inflect golić się | V;IMP;3;SG	niech goli
Inflect najciaśniejszy | ADJ;NOM(PL,MASC,HUM)	najciaśniejsi
Inflect najciaśniejszy | ADJ;ACC(SG,FEM)	najciaśniejszą
Inflect najciaśniejszy | ADJ;INS(SG,FEM)	najciaśniejszą
Inflect najciaśniejszy | ADJ;ACC(SG,NEUT)	najciaśniejsze
Inflect najciaśniejszy | ADJ;NOM(SG,NEUT)	najciaśniejsze
Inflect najciaśniejszy | ADJ;NOM(PL)	najciaśniejsze
Inflect najciaśniejszy | ADJ;ACC(SG,MASC,ANIM)	najciaśniejszego
Inflect najciaśniejszy | ADJ;GEN(SG,MASC)	najciaśniejszego
Inflect najciaśniejszy | ADJ;ACC(SG,MASC,HUM)	najciaśniejszego
Inflect najciaśniejszy | ADJ;GEN(SG,NEUT)	najciaśniejszego
Inflect najciaśniejszy | ADJ;DAT(SG,FEM)	najciaśniejszej
Inflect najciaśniejszy | ADJ;ESS(SG,FEM)	najciaśniejszej
Inflect najciaśniejszy | ADJ;GEN(SG,FEM)	najciaśniejszej
Inflect najciaśniejszy | ADJ;DAT(SG,NEUT)	najciaśniejszemu
Inflect najciaśniejszy | ADJ;ACC(SG,MASC,INAN)	najciaśniejszy
Inflect najciaśniejszy | ADJ;NOM(SG,MASC)	najciaśniejszy
Inflect najciaśniejszy | ADJ;ESS(PL)	najciaśniejszych
Inflect najciaśniejszy | ADJ;GEN(PL)	najciaśniejszych
Inflect najciaśniejszy | ADJ;ACC(PL,MASC,HUM)	najciaśniejszych
Inflect najciaśniejszy | ADJ;DAT(PL)	najciaśniejszym
Inflect najciaśniejszy | ADJ;INS(SG,MASC)	najciaśniejszym
Inflect najciaśniejszy | ADJ;ESS(SG,NEUT)	najciaśniejszym
Inflect najciaśniejszy | ADJ;INS(SG,NEUT)	najciaśniejszym
Inflect najciaśniejszy | ADJ;INS(PL)	najciaśniejszymi
Inflect feministyczny | ADJ;ACC(SG,FEM)	feministyczną
Inflect feministyczny | ADJ;INS(SG,FEM)	feministyczną
Inflect feministyczny | ADJ;NOM(SG,FEM)	feministyczna
Inflect feministyczny | ADJ;ACC(PL)	feministyczne
Inflect feministyczny | ADJ;ACC(SG,NEUT)	feministyczne
Inflect feministyczny | ADJ;NOM(SG,NEUT)	feministyczne
Inflect feministyczny | ADJ;NOM(PL)	feministyczne
Inflect feministyczny | ADJ;GEN(SG,MASC)	feministycznego
Inflect feministyczny | ADJ;ESS(SG,FEM)	feministycznej
Inflect feministyczny | ADJ;GEN(SG,FEM)	feministycznej
Inflect feministyczny | ADJ;DAT(SG,MASC)	feministycznemu
Inflect feministyczny | ADJ;DAT(SG,NEUT)	feministycznemu
Inflect feministyczny | ADJ;NOM(PL,MASC,HUM)	feministyczni
Inflect feministyczny | ADJ;ACC(SG,MASC,INAN)	feministyczny
Inflect feministyczny | ADJ;NOM(SG,MASC)	feministyczny
Inflect feministyczny | ADJ;ESS(PL)	feministycznych
Inflect feministyczny | ADJ;GEN(PL)	feministycznych
Inflect feministyczny | ADJ;DAT(PL)	feministycznym
Inflect feministyczny | ADJ;ESS(SG,MASC)	feministycznym
Inflect feministyczny | ADJ;INS(SG,MASC)	feministycznym
Inflect feministyczny | ADJ;ESS(SG,NEUT)	feministycznym
Inflect feministyczny | ADJ;INS(SG,NEUT)	feministycznym
Inflect feministyczny | ADJ;INS(PL)	feministycznymi
Inflect jeżyk | N;INS(SG)	jeżykiem
Inflect śląski | ADJ;NOM(PL,MASC,HUM)	śląscy
Inflect śląski | ADJ;ACC(SG,FEM)	śląską
Inflect śląski | ADJ;INS(SG,FEM)	śląską
Inflect śląski | ADJ;NOM(SG,FEM)	śląska
Inflect śląski | ADJ;ACC(SG,MASC,INAN)	śląski
Inflect śląski | ADJ;NOM(SG,MASC)	śląski
Inflect śląski | ADJ;ESS(PL)	śląskich
Inflect śląski | ADJ;GEN(PL)	śląskich
Inflect śląski | ADJ;ACC(SG,NEUT)	śląskie
Inflect śląski | ADJ;NOM(SG,NEUT)	śląskie
Inflect śląski | ADJ;NOM(PL)	śląskie
Inflect śląski | ADJ;GEN(SG,MASC)	śląskiego
Inflect śląski | ADJ;ACC(SG,MASC,HUM)	śląskiego
Inflect śląski | ADJ;GEN(SG,NEUT)	śląskiego
Inflect śląski | ADJ;DAT(SG,FEM)	śląskiej
Inflect śląski | ADJ;ESS(SG,FEM)	śląskiej
Inflect śląski | ADJ;GEN(SG,FEM)	śląskiej
Inflect śląski | ADJ;DAT(SG,MASC)	śląskiemu
Inflect śląski | ADJ;DAT(PL)	śląskim
Inflect śląski | ADJ;ESS(SG,MASC)	śląskim
Inflect śląski | ADJ;INS(SG,NEUT)	śląskim
Inflect semantyczny | ADJ;INS(SG,FEM)	semantyczną
Inflect semantyczny | ADJ;NOM(SG,FEM)	semantyczna
Inflect semantyczny | ADJ;ACC(PL)	semantyczne
Inflect semantyczny | ADJ;ACC(SG,NEUT)	semantyczne
Inflect semantyczny | ADJ;NOM(SG,NEUT)	semantyczne
Inflect semantyczny | ADJ;ACC(SG,MASC,ANIM)	semantycznego
Inflect semantyczny | ADJ;GEN(SG,MASC)	semantycznego
Inflect semantyczny | ADJ;ACC(SG,MASC,HUM)	semantycznego
Inflect semantyczny | ADJ;GEN(SG,NEUT)	semantycznego
Inflect semantyczny | ADJ;DAT(SG,FEM)	semantycznej
Inflect semantyczny | ADJ;ESS(SG,FEM)	semantycznej
Inflect semantyczny | ADJ;GEN(SG,FEM)	semantycznej
Inflect semantyczny | ADJ;ACC(SG,MASC,INAN)	semantyczny
Inflect semantyczny | ADJ;DAT(PL)	semantycznym
Inflect semantyczny | ADJ;INS(SG,MASC)	semantycznym
Inflect semantyczny | ADJ;ESS(SG,NEUT)	semantycznym
Inflect semantyczny | ADJ;INS(PL)	semantycznymi
Inflect randka | N;DAT(SG)	randce
Inflect randka | N;ESS(SG)	randce
Inflect randka | N;GEN(PL)	randek
Inflect randka | N;ESS(PL)	randkach
Inflect randka | N;INS(PL)	randkami
Inflect randka | N;INS(SG)	randką
Inflect randka | N;ACC(PL)	randki
Inflect randka | N;GEN(SG)	randki
Inflect randka | N;NOM(PL)	randki
Inflect randka | N;VOC(PL)	randki
Inflect randka | N;DAT(PL)	randkom
Inflect randka | N;VOC(SG)	randko
Inflect najpoważniejszy | ADJ;NOM(PL,MASC,HUM)	najpoważniejsi
Inflect najpoważniejszy | ADJ;ACC(SG,FEM)	najpoważniejszą
Inflect najpoważniejszy | ADJ;INS(SG,FEM)	najpoważniejszą
Inflect najpoważniejszy | ADJ;NOM(SG,FEM)	najpoważniejsza
Inflect najpoważniejszy | ADJ;ACC(PL)	najpoważniejsze
Inflect najpoważniejszy | ADJ;ACC(SG,NEUT)	najpoważniejsze
Inflect najpoważniejszy | ADJ;NOM(PL)	najpoważniejsze
Inflect najpoważniejszy | ADJ;ACC(SG,MASC,ANIM)	najpoważniejszego
Inflect najpoważniejszy | ADJ;GEN(SG,MASC)	najpoważniejszego
Inflect najpoważniejszy | ADJ;GEN(SG,NEUT)	najpoważniejszego
Inflect najpoważniejszy | ADJ;GEN(SG,FEM)	najpoważniejszej
Inflect najpoważniejszy | ADJ;DAT(SG,MASC)	najpoważniejszemu
Inflect najpoważniejszy | ADJ;DAT(SG,NEUT)	najpoważniejszemu
Inflect najpoważniejszy | ADJ;ACC(SG,MASC,INAN)	najpoważniejszy
Inflect najpoważniejszy | ADJ;NOM(SG,MASC)	najpoważniejszy
Inflect najpoważniejszy | ADJ;GEN(PL)	najpoważniejszych
Inflect najpoważniejszy | ADJ;DAT(PL)	najpoważniejszym
Inflect najpoważniejszy | ADJ;ESS(SG,MASC)	najpoważniejszym
Inflect najpoważniejszy | ADJ;INS(SG,MASC)	najpoważniejszym
Inflect najpoważniejszy | ADJ;INS(SG,NEUT)	najpoważniejszym
Inflect najpoważniejszy | ADJ;INS(PL)	najpoważniejszymi
Inflect alfabet | N;ESS(SG)	alfabecie
Inflect alfabet | N;VOC(SG)	alfabecie
Inflect alfabet | N;ESS(PL)	alfabetach
Inflect alfabet | N;INS(PL)	alfabetami
Inflect alfabet | N;INS(SG)	alfabetem
Inflect alfabet | N;ACC(SG)	alfabet
Inflect alfabet | N;NOM(SG)	alfabet
Inflect alfabet | N;DAT(PL)	alfabetom
Inflect alfabet | N;GEN(PL)	alfabetów
Inflect alfabet | N;ACC(PL)	alfabety
Inflect alfabet | N;NOM(PL)	alfabety
Inflect alfabet | N;VOC(PL)	alfabety
Inflect apsyda | N;ESS(PL)	apsydach
Inflect apsyda | N;INS(PL)	apsydami
Inflect apsyda | N;INS(SG)	apsydą
Inflect apsyda | N;NOM(SG)	apsyda
Inflect apsyda | N;GEN(PL)	apsyd
Inflect apsyda | N;DAT(PL)	apsydom
Inflect apsyda | N;VOC(SG)	apsydo
Inflect apsyda | N;NOM(PL)	apsydy
Inflect apsyda | N;DAT(SG)	apsydzie
Inflect apsyda | N;ESS(SG)	apsydzie
Inflect potok | N;ESS(PL)	potokach
Inflect potok | N;INS(PL)	potokami
Inflect potok | N;INS(SG)	potokiem
Inflect potok | N;ACC(PL)	potoki
Inflect potok | N;NOM(PL)	potoki
Inflect potok | N;VOC(PL)	potoki
Inflect potok | N;ACC(SG)	potok
Inflect potok | N;NOM(SG)	potok
Inflect potok | N;DAT(PL)	potokom
Inflect potok | N;DAT(SG)	potokowi
Inflect potok | N;ESS(SG)	potoku
Inflect potok | N;VOC(SG)	potoku
Inflect plotka | N;NOM(SG)	plotka
Inflect bluszcz | N;ESS(PL)	bluszczach
Inflect bluszcz | N;INS(PL)	bluszczami
Inflect bluszcz | N;INS(SG)	bluszczem
Inflect bluszcz | N;NOM(PL)	bluszcze
Inflect bluszcz | N;VOC(PL)	bluszcze
Inflect bluszcz | N;ACC(SG)	bluszcz
Inflect bluszcz | N;NOM(SG)	bluszcz
Inflect bluszcz | N;DAT(PL)	bluszczom
Inflect bluszcz | N;ESS(SG)	bluszczu
Inflect bluszcz | N;GEN(SG)	bluszczu
Inflect bluszcz | N;GEN(PL)	bluszczy
Inflect cenić | V;FUT;1;SG;FEM	będę ceniła
Inflect cenić | V;FUT;3;SG;FEM	będzie ceniła
Inflect cenić | V;FUT;3;SG;NEUT	będzie ceniło
Inflect cenić | V;FUT;3;SG;MASC	będzie cenił
Inflect cenić | V;FUT;1;PL	będziemy ceniły
Inflect cenić | V;FUT;2;SG;FEM	będziesz ceniła
Inflect cenić | V;FUT;2;SG;MASC	będziesz cenił
Inflect cenić | V;IMP;2;PL	ceńcie
Inflect cenić | V.PTCP;PST;ACT;SG;FEM	ceniąca
Inflect cenić | V.PTCP;PST;ACT;PL	ceniące
Inflect cenić | V.PTCP;PST;ACT;SG;NEUT	ceniące
Inflect cenić | V.PTCP;PST;ACT;PL;MASC;HUM	ceniący
Inflect cenić | V;PRS;2;PL	cenicie
Inflect cenić | V;NFIN	cenić
Inflect cenić | V;PRS;1;SG	cenię
Inflect cenić | V;COND;1;SG;FEM	ceniłabym
Inflect cenić | V;COND;2;SG;FEM	ceniłabyś
Inflect cenić | V;COND;3;SG;FEM	ceniłaby
Inflect cenić | V;PST;1;SG;FEM	ceniłam
Inflect cenić | V;PST;2;SG;FEM	ceniłaś
Inflect cenić | V;PST;3;SG;FEM	ceniła
Inflect cenić | V;COND;1;SG;MASC	ceniłbym
Inflect cenić | V;COND;2;SG;MASC	ceniłbyś
Inflect cenić | V;COND;3;SG;MASC	ceniłby
Inflect cenić | V;PST;1;SG;MASC	ceniłem
Inflect cenić | V;PST;2;SG;MASC	ceniłeś
Inflect cenić | V;COND;2;PL;MASC;HUM	cenilibyście
Inflect cenić | V;COND;3;PL;MASC;HUM	ceniliby
Inflect cenić | V;PST;3;PL;MASC;HUM	cenili
Inflect cenić | V;COND;3;SG;NEUT	ceniłoby
Inflect cenić | V;PST;3;SG;NEUT	ceniło
Inflect cenić | V;PST;3;SG;MASC	cenił
Inflect cenić | V;COND;2;PL	ceniłybyście
Inflect cenić | V;COND;1;PL	ceniłybyśmy
Inflect cenić | V;COND;3;PL	ceniłyby
Inflect cenić | V;PST;2;PL	ceniłyście
Inflect cenić | V;PRS;1;PL	cenimy
Inflect cenić | V;PRS;2;SG	cenisz
Inflect cenić | V;IMP;1;PL	ceńmy
Inflect cenić | V;IMP;2;SG	ceń
Inflect cenić | V;IMP;3;PL	niech cenią
Inflect felieton | N;ESS(PL)	felietonach
Inflect felieton | N;INS(PL)	felietonami
Inflect felieton | N;INS(SG)	felietonem
Inflect felieton | N;VOC(SG)	felietonie
Inflect felieton | N;ACC(SG)	felieton
Inflect felieton | N;NOM(SG)	felieton
Inflect felieton | N;DAT(PL)	felietonom
Inflect felieton | N;DAT(SG)	felietonowi
Inflect felieton | N;GEN(PL)	felietonów
Inflect felieton | N;GEN(SG)	felietonu
Inflect felieton | N;ACC(PL)	felietony
Inflect felieton | N;NOM(PL)	felietony
Inflect felieton | N;VOC(PL)	felietony
Inflect zasada | N;INS(PL)	zasadami
Inflect zasada | N;INS(SG)	zasadą
Inflect zasada | N;GEN(PL)	zasad
Inflect zasada | N;VOC(SG)	zasado
Inflect zasada | N;ACC(PL)	zasady
Inflect zasada | N;GEN(SG)	zasady
Inflect zasada | N;NOM(PL)	zasady
Inflect zasada | N;VOC(PL)	zasady
Inflect zasada | N;DAT(SG)	zasadzie
Inflect hafn | N;INS(SG)	hafnem
Inflect hafn | N;ESS(SG)	hafnie
Inflect hafn | N;VOC(SG)	hafnie
Inflect hafn | N;NOM(SG)	hafn
Inflect hafn | N;GEN(SG)	hafnu
Inflect czosnkowy | ADJ;ACC(SG,FEM)	czosnkową
Inflect czosnkowy | ADJ;NOM(SG,FEM)	czosnkowa
Inflect czosnkowy | ADJ;ACC(PL)	czosnkowe
Inflect czosnkowy | ADJ;ACC(SG,NEUT)	czosnkowe
Inflect czosnkowy | ADJ;NOM(SG,NEUT)	czosnkowe
Inflect czosnkowy | ADJ;NOM(PL)	czosnkowe
Inflect czosnkowy | ADJ;ACC(SG,MASC,ANIM)	czosnkowego
Inflect czosnkowy | ADJ;GEN(SG,MASC)	czosnkowego
Inflect czosnkowy | ADJ;ACC(SG,MASC,HUM)	czosnkowego
Inflect czosnkowy | ADJ;GEN(SG,NEUT)	czosnkowego
Inflect czosnkowy | ADJ;DAT(SG,FEM)	czosnkowej
Inflect czosnkowy | ADJ;ESS(SG,FEM)	czosnkowej
Inflect czosnkowy | ADJ;GEN(SG,FEM)	czosnkowej
Inflect czosnkowy | ADJ;DAT(SG,MASC)	czosnkowemu
Inflect czosnkowy | ADJ;NOM(PL,MASC,HUM)	czosnkowi
Inflect czosnkowy | ADJ;ACC(SG,MASC,INAN)	czosnkowy
Inflect czosnkowy | ADJ;NOM(SG,MASC)	czosnkowy
Inflect czosnkowy | ADJ;GEN(PL)	czosnkowych
Inflect czosnkowy | ADJ;ESS(SG,MASC)	czosnkowym
Inflect czosnkowy | ADJ;INS(SG,MASC)	czosnkowym
Inflect czosnkowy | ADJ;ESS(SG,NEUT)	czosnkowym
Inflect czosnkowy | ADJ;INS(SG,NEUT)	czosnkowym
Inflect czosnkowy | ADJ;INS(PL)	czosnkowymi
Inflect zgon | N;ESS(PL)	zgonach
Inflect zgon | N;INS(PL)	zgonami
Inflect zgon | N;INS(SG)	zgonem
Inflect zgon | N;ESS(SG)	zgonie
Inflect zgon | N;VOC(SG)	zgonie
Inflect zgon | N;ACC(SG)	zgon
Inflect zgon | N;NOM(SG)	zgon
Inflect zgon | N;DAT(PL)	zgonom
Inflect zgon | N;DAT(SG)	zgonowi
Inflect zgon | N;GEN(PL)	zgonów
Inflect zgon | N;GEN(SG)	zgonu
Inflect zgon | N;ACC(PL)	zgony
Inflect zgon | N;NOM(PL)	zgony
Inflect zgon | N;VOC(PL)	zgony
Inflect aberracja | N;ESS(PL)	aberracjach
Inflect aberracja | N;NOM(SG)	aberracja
Inflect aberracja | N;ACC(PL)	aberracje
Inflect aberracja | N;ACC(SG)	aberrację
Inflect aberracja | N;NOM(PL)	aberracje
Inflect aberracja | N;ESS(SG)	aberracji
Inflect aberracja | N;GEN(SG)	aberracji
Inflect aberracja | N;DAT(PL)	aberracjom
Inflect strzęp | N;ESS(PL)	strzępach
Inflect strzęp | N;INS(PL)	strzępami
Inflect strzęp | N;INS(SG)	strzępem
Inflect strzęp | N;VOC(SG)	strzępie
Inflect strzęp | N;ACC(SG)	strzęp
Inflect strzęp | N;NOM(SG)	strzęp
Inflect strzęp | N;DAT(PL)	strzępom
Inflect strzęp | N;DAT(SG)	strzępowi
Inflect strzęp | N;GEN(SG)	strzępu
Inflect strzęp | N;ACC(PL)	strzępy
Inflect strzęp | N;NOM(PL)	strzępy
Inflect strzęp | N;VOC(PL)	strzępy
Inflect głupek | N;NOM(SG)	głupek
Inflect głupek | N;INS(PL)	głupkami
Inflect głupek | N;GEN(SG)	głupka
Inflect głupek | N;INS(SG)	głupkiem
Inflect głupek | N;VOC(PL)	głupki
Inflect głupek | N;DAT(PL)	głupkom
Inflect głupek | N;ACC(PL)	głupków
Inflect głupek | N;GEN(PL)	głupków
Inflect głupek | N;VOC(SG)	głupku
Inflect głupek | N;DAT(SG)	głupowi
Inflect seminaryjny | ADJ;ACC(SG,FEM)	seminaryjną
Inflect seminaryjny | ADJ;NOM(SG,FEM)	seminaryjna
Inflect seminaryjny | ADJ;ACC(PL)	seminaryjne
Inflect seminaryjny | ADJ;ACC(SG,NEUT)	seminaryjne
Inflect seminaryjny | ADJ;NOM(SG,NEUT)	seminaryjne
Inflect seminaryjny | ADJ;NOM(PL)	seminaryjne
Inflect seminaryjny | ADJ;ACC(SG,MASC,ANIM)	seminaryjnego
Inflect seminaryjny | ADJ;GEN(SG,MASC)	seminaryjnego
Inflect seminaryjny | ADJ;GEN(SG,NEUT)	seminaryjnego
Inflect seminaryjny | ADJ;ESS(SG,FEM)	seminaryjnej
Inflect seminaryjny | ADJ;GEN(SG,FEM)	seminaryjnej
Inflect seminaryjny | ADJ;DAT(SG,NEUT)	seminaryjnemu
Inflect seminaryjny | ADJ;NOM(PL,MASC,HUM)	seminaryjni
Inflect seminaryjny | ADJ;ACC(SG,MASC,INAN)	seminaryjny
Inflect seminaryjny | ADJ;NOM(SG,MASC)	seminaryjny
Inflect seminaryjny | ADJ;ACC(PL,MASC,HUM)	seminaryjnych
Inflect seminaryjny | ADJ;ESS(SG,MASC)	seminaryjnym
Inflect seminaryjny | ADJ;INS(SG,MASC)	seminaryjnym
Inflect seminaryjny | ADJ;ESS(SG,NEUT)	seminaryjnym
Inflect szynszyla | N;ESS(PL)	szynszylach
Inflect szynszyla | N;INS(PL)	szynszylami
Inflect szynszyla | N;INS(SG)	szynszylą
Inflect szynszyla | N;NOM(SG)	szynszyla
Inflect szynszyla | N;ACC(PL)	szynszyle
Inflect szynszyla | N;ACC(SG)	szynszylę
Inflect szynszyla | N;DAT(SG)	szynszyli
Inflect szynszyla | N;ESS(SG)	szynszyli
Inflect szynszyla | N;DAT(PL)	szynszylom
Inflect szynszyla | N;VOC(SG)	szynszylo
Inflect spódnica | N;ESS(PL)	spódnicach
Inflect spódnica | N;INS(PL)	spódnicami
Inflect spódnica | N;INS(SG)	spódnicą
Inflect spódnica | N;NOM(SG)	spódnica
Inflect spódnica | N;ACC(PL)	spódnice
Inflect spódnica | N;ACC(SG)	spódnicę
Inflect spódnica | N;NOM(PL)	spódnice
Inflect spódnica | N;VOC(PL)	spódnice
Inflect spódnica | N;VOC(SG)	spódnico
Inflect spódnica | N;DAT(SG)	spódnicy
Inflect akcelerometr | N;ESS(PL)	akcelerometrach
Inflect akcelerometr | N;INS(SG)	akcelerometrem
Inflect akcelerometr | N;ACC(SG)	akcelerometr
Inflect akcelerometr | N;NOM(SG)	akcelerometr
Inflect akcelerometr | N;DAT(PL)	akcelerometrom
Inflect akcelerometr | N;DAT(SG)	akcelerometrowi
Inflect akcelerometr | N;GEN(SG)	akcelerometru
Inflect akcelerometr | N;ACC(PL)	akcelerometry
Inflect akcelerometr | N;VOC(PL)	akcelerometry
Inflect akcelerometr | N;ESS(SG)	akcelerometrze
Inflect akcelerometr | N;VOC(SG)	akcelerometrze
Inflect ważki | ADJ;GEN(SG,MASC)	ważkiego
Inflect beka | N;DAT(SG)	bece
Inflect beka | N;ESS(SG)	bece
Inflect beka | N;ESS(PL)	bekach
Inflect beka | N;INS(PL)	bekami
Inflect beka | N;INS(SG)	beką
Inflect beka | N;NOM(SG)	beka
Inflect beka | N;ACC(SG)	bekę
Inflect beka | N;ACC(PL)	beki
Inflect beka | N;GEN(SG)	beki
Inflect beka | N;VOC(PL)	beki
Inflect beka | N;GEN(PL)	bek
Inflect beka | N;DAT(PL)	bekom
Inflect beka | N;VOC(SG)	beko
Inflect najstraszniejszy | ADJ;NOM(PL,MASC,HUM)	najstraszniejsi
Inflect najstraszniejszy | ADJ;NOM(SG,FEM)	najstraszniejsza
Inflect najstraszniejszy | ADJ;ACC(PL)	najstraszniejsze
Inflect najstraszniejszy | ADJ;ACC(SG,NEUT)	najstraszniejsze
Inflect najstraszniejszy | ADJ;NOM(SG,NEUT)	najstraszniejsze
Inflect najstraszniejszy | ADJ;ACC(SG,MASC,ANIM)	najstraszniejszego
Inflect najstraszniejszy | ADJ;GEN(SG,MASC)	najstraszniejszego
Inflect najstraszniejszy | ADJ;DAT(SG,FEM)	najstraszniejszej
Inflect najstraszniejszy | ADJ;GEN(SG,FEM)	najstraszniejszej
Inflect najstraszniejszy | ADJ;DAT(SG,MASC)	najstraszniejszemu
Inflect najstraszniejszy | ADJ;DAT(SG,NEUT)	najstraszniejszemu
Inflect najstraszniejszy | ADJ;ACC(SG,MASC,INAN)	najstraszniejszy
Inflect najstraszniejszy | ADJ;NOM(SG,MASC)	najstraszniejszy
Inflect najstraszniejszy | ADJ;ACC(PL,MASC,HUM)	najstraszniejszych
Inflect najstraszniejszy | ADJ;ESS(SG,MASC)	najstraszniejszym
Inflect najstraszniejszy | ADJ;INS(SG,MASC)	najstraszniejszym
Inflect najstraszniejszy | ADJ;ESS(SG,NEUT)	najstraszniejszym
Inflect najstraszniejszy | ADJ;INS(SG,NEUT)	najstraszniejszym
Inflect zmęczeni | ADJ;NOM(PL,MASC,HUM)	zmęczeni
Inflect zmęczeni | ADJ;ACC(SG,FEM)	zmęczoną
Inflect zmęczeni | ADJ;INS(SG,FEM)	zmęczoną
Inflect zmęczeni | ADJ;NOM(SG,FEM)	zmęczona
Inflect zmęczeni | ADJ;NOM(SG,NEUT)	zmęczone
Inflect zmęczeni | ADJ;NOM(PL)	zmęczone
Inflect zmęczeni | ADJ;GEN(SG,MASC)	zmęczonego
Inflect zmęczeni | ADJ;ACC(SG,MASC,HUM)	zmęczonego
Inflect zmęczeni | ADJ;DAT(SG,FEM)	zmęczonej
Inflect zmęczeni | ADJ;ESS(SG,FEM)	zmęczonej
Inflect zmęczeni | ADJ;GEN(SG,FEM)	zmęczonej
Inflect zmęczeni | ADJ;DAT(SG,NEUT)	zmęczonemu
Inflect zmęczeni | ADJ;ACC(SG,MASC,INAN)	zmęczony
Inflect zmęczeni | ADJ;NOM(SG,MASC)	zmęczony
Inflect zmęczeni | ADJ;ESS(PL)	zmęczonych
Inflect zmęczeni | ADJ;ACC(PL,MASC,HUM)	zmęczonych
Inflect zmęczeni | ADJ;DAT(PL)	zmęczonym
Inflect zmęczeni | ADJ;ESS(SG,MASC)	zmęczonym
Inflect zmęczeni | ADJ;INS(SG,MASC)	zmęczonym
Inflect zmęczeni | ADJ;ESS(SG,NEUT)	zmęczonym
Inflect frankowicz | N;ESS(PL)	frankowiczach
Inflect frankowicz | N;INS(PL)	frankowiczami
Inflect frankowicz | N;ACC(SG)	frankowicza
Inflect frankowicz | N;GEN(SG)	frankowicza
Inflect frankowicz | N;NOM(PL)	frankowicze
Inflect frankowicz | N;DAT(PL)	frankowiczom
Inflect frankowicz | N;VOC(SG)	frankowiczu
Inflect frankowicz | N;ACC(PL)	frankowiczy
Inflect frankowicz | N;GEN(PL)	frankowiczy
Inflect najdoroślejszy | ADJ;NOM(PL,MASC,HUM)	najdoroślejsi
Inflect najdoroślejszy | ADJ;ACC(SG,FEM)	najdoroślejszą
Inflect najdoroślejszy | ADJ;INS(SG,FEM)	najdoroślejszą
Inflect najdoroślejszy | ADJ;NOM(SG,FEM)	najdoroślejsza
Inflect najdoroślejszy | ADJ;ACC(PL)	najdoroślejsze
Inflect najdoroślejszy | ADJ;ACC(SG,NEUT)	najdoroślejsze
Inflect najdoroślejszy | ADJ;NOM(SG,NEUT)	najdoroślejsze
Inflect najdoroślejszy | ADJ;NOM(PL)	najdoroślejsze
Inflect najdoroślejszy | ADJ;ACC(SG,MASC,ANIM)	najdoroślejszego
Inflect najdoroślejszy | ADJ;DAT(SG,FEM)	najdoroślejszej
Inflect najdoroślejszy | ADJ;ESS(SG,FEM)	najdoroślejszej
Inflect najdoroślejszy | ADJ;GEN(SG,FEM)	najdoroślejszej
Inflect najdoroślejszy | ADJ;DAT(SG,MASC)	najdoroślejszemu
Inflect najdoroślejszy | ADJ;DAT(SG,NEUT)	najdoroślejszemu
Inflect najdoroślejszy | ADJ;ACC(SG,MASC,INAN)	najdoroślejszy
Inflect najdoroślejszy | ADJ;ESS(PL)	najdoroślejszych
Inflect najdoroślejszy | ADJ;GEN(PL)	najdoroślejszych
Inflect najdoroślejszy | ADJ;DAT(PL)	najdoroślejszym
Inflect najdoroślejszy | ADJ;ESS(SG,MASC)	najdoroślejszym
Inflect najdoroślejszy | ADJ;INS(SG,MASC)	najdoroślejszym
Inflect najdoroślejszy | ADJ;INS(SG,NEUT)	najdoroślejszym
Inflect najdoroślejszy | ADJ;INS(PL)	najdoroślejszymi
Inflect odkryty | ADJ;ACC(SG,FEM)	odkrytą
Inflect odkryty | ADJ;INS(SG,FEM)	odkrytą
Inflect odkryty | ADJ;NOM(SG,FEM)	odkryta
Inflect odkryty | ADJ;ACC(PL)	odkryte
Inflect odkryty | ADJ;ACC(SG,NEUT)	odkryte
Inflect odkryty | ADJ;NOM(PL)	odkryte
Inflect odkryty | ADJ;ACC(SG,MASC,ANIM)	odkrytego
Inflect odkryty | ADJ;GEN(SG,MASC)	odkrytego
Inflect odkryty | ADJ;GEN(SG,NEUT)	odkrytego
Inflect odkryty | ADJ;DAT(SG,FEM)	odkrytej
Inflect odkryty | ADJ;GEN(SG,FEM)	odkrytej
Inflect odkryty | ADJ;DAT(SG,MASC)	odkrytemu
Inflect odkryty | ADJ;ACC(SG,MASC,INAN)	odkryty
Inflect odkryty | ADJ;NOM(SG,MASC)	odkryty
Inflect odkryty | ADJ;ESS(PL)	odkrytych
Inflect odkryty | ADJ;GEN(PL)	odkrytych
Inflect odkryty | ADJ;ACC(PL,MASC,HUM)	odkrytych
Inflect odkryty | ADJ;DAT(PL)	odkrytym
Inflect odkryty | ADJ;ESS(SG,MASC)	odkrytym
Inflect odkryty | ADJ;ESS(SG,NEUT)	odkrytym
Inflect odkryty | ADJ;INS(SG,NEUT)	odkrytym
Inflect mazgaj | N;ESS(PL)	mazgajach
Inflect mazgaj | N;INS(PL)	mazgajami
Inflect mazgaj | N;ACC(SG)	mazgaja
Inflect mazgaj | N;NOM(PL)	mazgaje
Inflect mazgaj | N;VOC(PL)	mazgaje
Inflect mazgaj | N;NOM(SG)	mazgaj
Inflect mazgaj | N;DAT(PL)	mazgajom
Inflect mazgaj | N;DAT(SG)	mazgajowi
Inflect mazgaj | N;VOC(SG)	mazgaju
Inflect czółenko | N;ACC(PL)	czółenka
Inflect czółenko | N;GEN(SG)	czółenka
Inflect czółenko | N;NOM(PL)	czółenka
Inflect czółenko | N;VOC(PL)	czółenka
Inflect czółenko | N;INS(SG)	czółenkiem
Inflect czółenko | N;DAT(PL)	czółenkom
Inflect czółenko | N;ACC(SG)	czółenko
Inflect czółenko | N;VOC(SG)	czółenko
Inflect czółenko | N;DAT(SG)	czółenku
Inflect czółenko | N;ESS(SG)	czółenku
Inflect niezapomniany | ADJ;INS(SG,FEM)	niezapomnianą
Inflect niezapomniany | ADJ;NOM(SG,FEM)	niezapomniana
Inflect niezapomniany | ADJ;ACC(PL)	niezapomniane
Inflect niezapomniany | ADJ;ACC(SG,NEUT)	niezapomniane
Inflect niezapomniany | ADJ;NOM(SG,NEUT)	niezapomniane
Inflect niezapomniany | ADJ;NOM(PL)	niezapomniane
Inflect niezapomniany | ADJ;GEN(SG,MASC)	niezapomnianego
Inflect niezapomniany | ADJ;ACC(SG,MASC,HUM)	niezapomnianego
Inflect niezapomniany | ADJ;GEN(SG,NEUT)	niezapomnianego
Inflect niezapomniany | ADJ;DAT(SG,FEM)	niezapomnianej
Inflect niezapomniany | ADJ;ESS(SG,FEM)	niezapomnianej
Inflect niezapomniany | ADJ;GEN(SG,FEM)	niezapomnianej
Inflect niezapomniany | ADJ;DAT(SG,MASC)	niezapomnianemu
Inflect niezapomniany | ADJ;DAT(SG,NEUT)	niezapomnianemu
Inflect niezapomniany | ADJ;NOM(PL,MASC,HUM)	niezapomniani
Inflect niezapomniany | ADJ;ACC(SG,MASC,INAN)	niezapomniany
Inflect niezapomniany | ADJ;NOM(SG,MASC)	niezapomniany
Inflect niezapomniany | ADJ;ACC(PL,MASC,HUM)	niezapomnianych
Inflect niezapomniany | ADJ;DAT(PL)	niezapomnianym
Inflect niezapomniany | ADJ;ESS(SG,MASC)	niezapomnianym
Inflect niezapomniany | ADJ;INS(SG,MASC)	niezapomnianym
Inflect niezapomniany | ADJ;ESS(SG,NEUT)	niezapomnianym
Inflect niezapomniany | ADJ;INS(SG,NEUT)	niezapomnianym
Inflect niezapomniany | ADJ;INS(PL)	niezapomnianymi
Inflect trącić | V;PST;2;PL;MASC;HUM	trąciliście
Inflect uncja | N;INS(PL)	uncjami
Inflect uncja | N;INS(SG)	uncją
Inflect uncja | N;NOM(SG)	uncja
Inflect uncja | N;ACC(PL)	uncje
Inflect uncja | N;ACC(SG)	uncję
Inflect uncja | N;NOM(PL)	uncje
Inflect uncja | N;VOC(PL)	uncje
Inflect uncja | N;DAT(SG)	uncji
Inflect uncja | N;ESS(SG)	uncji
Inflect uncja | N;DAT(PL)	uncjom
Inflect uncja | N;VOC(SG)	uncjo
Inflect bak | N;NOM(SG)	bak
Inflect berkel | N;INS(SG)	berkelem
Inflect berkel | N;NOM(SG)	berkel
Inflect berkel | N;DAT(SG)	berkelowi
Inflect berkel | N;ESS(SG)	berkelu
Inflect berkel | N;GEN(SG)	berkelu
Inflect siusiak | N;ESS(PL)	siusiakach
Inflect siusiak | N;GEN(SG)	siusiaka
Inflect siusiak | N;INS(SG)	siusiakiem
Inflect siusiak | N;ACC(PL)	siusiaki
Inflect siusiak | N;NOM(PL)	siusiaki
Inflect siusiak | N;VOC(PL)	siusiaki
Inflect siusiak | N;ACC(SG)	siusiak
Inflect siusiak | N;NOM(SG)	siusiak
Inflect siusiak | N;DAT(PL)	siusiakom
Inflect siusiak | N;DAT(SG)	siusiakowi
Inflect siusiak | N;GEN(PL)	siusiaków
Inflect siusiak | N;ESS(SG)	siusiaku
Inflect siusiak | N;VOC(SG)	siusiaku
Inflect cyrkowy | ADJ;INS(SG,FEM)	cyrkową
Inflect cyrkowy | ADJ;ACC(SG,NEUT)	cyrkowe
Inflect cyrkowy | ADJ;NOM(PL)	cyrkowe
Inflect cyrkowy | ADJ;ACC(SG,MASC,ANIM)	cyrkowego
Inflect cyrkowy | ADJ;GEN(SG,MASC)	cyrkowego
Inflect cyrkowy | ADJ;ACC(SG,MASC,HUM)	cyrkowego
Inflect cyrkowy | ADJ;GEN(SG,NEUT)	cyrkowego
Inflect cyrkowy | ADJ;ESS(SG,FEM)	cyrkowej
Inflect cyrkowy | ADJ;DAT(SG,MASC)	cyrkowemu
Inflect cyrkowy | ADJ;DAT(SG,NEUT)	cyrkowemu
Inflect cyrkowy | ADJ;ACC(SG,MASC,INAN)	cyrkowy
Inflect cyrkowy | ADJ;NOM(SG,MASC)	cyrkowy
Inflect cyrkowy | ADJ;ESS(PL)	cyrkowych
Inflect cyrkowy | ADJ;GEN(PL)	cyrkowych
Inflect cyrkowy | ADJ;DAT(PL)	cyrkowym
Inflect cyrkowy | ADJ;ESS(SG,MASC)	cyrkowym
Inflect cyrkowy | ADJ;INS(SG,MASC)	cyrkowym
Inflect cyrkowy | ADJ;ESS(SG,NEUT)	cyrkowym
Inflect cyrkowy | ADJ;INS(PL)	cyrkowymi
Inflect Polka | N;ESS(PL)	Polkach
Inflect plakat | N;ESS(SG)	plakacie
Inflect plakat | N;VOC(SG)	plakacie
Inflect plakat | N;INS(PL)	plakatami
Inflect plakat | N;ACC(SG)	plakat
Inflect plakat | N;NOM(SG)	plakat
Inflect plakat | N;DAT(SG)	plakatowi
Inflect plakat | N;GEN(PL)	plakatów
Inflect plakat | N;ACC(PL)	plakaty
Inflect plakat | N;VOC(PL)	plakaty
Inflect korpus | N;ESS(PL)	korpusach
Inflect korpus | N;INS(PL)	korpusami
Inflect korpus | N;INS(SG)	korpusem
Inflect korpus | N;ESS(SG)	korpusie
Inflect korpus | N;VOC(SG)	korpusie
Inflect korpus | N;ACC(SG)	korpus
Inflect korpus | N;NOM(SG)	korpus
Inflect korpus | N;DAT(SG)	korpusowi
Inflect korpus | N;GEN(PL)	korpusów
Inflect korpus | N;ACC(PL)	korpusy
Inflect korpus | N;VOC(PL)	korpusy
Inflect wiązówka | N;DAT(SG)	wiązówce
Inflect wiązówka | N;ESS(SG)	wiązówce
Inflect wiązówka | N;GEN(PL)	wiązówek
Inflect wiązówka | N;ESS(PL)	wiązówkach
Inflect wiązówka | N;INS(PL)	wiązówkami
Inflect wiązówka | N;ACC(SG)	wiązówkę
Inflect wiązówka | N;ACC(PL)	wiązówki
Inflect wiązówka | N;NOM(PL)	wiązówki
Inflect wiązówka | N;DAT(PL)	wiązówkom
Inflect dostawać | V;FUT;3;PL;MASC;HUM	będą dostawali
Inflect dostawać | V;FUT;1;SG;MASC	będę dostawał
Inflect dostawać | V;FUT;2;PL;MASC;HUM	będziecie dostawali
Inflect dostawać | V;FUT;2;PL	będziecie dostawały
Inflect dostawać | V;FUT;3;SG;FEM	będzie dostawała
Inflect dostawać | V;FUT;3;SG;NEUT	będzie dostawało
Inflect dostawać | V;FUT;3;SG;MASC	będzie dostawał
Inflect dostawać | V;FUT;1;PL;MASC;HUM	będziemy dostawali
Inflect dostawać | V;FUT;1;PL	będziemy dostawały
Inflect dostawać | V;FUT;2;SG;FEM	będziesz dostawała
Inflect dostawać | V;FUT;2;SG;MASC	będziesz dostawał
Inflect dostawać | V;NFIN	dostać
Inflect dostawać | V.PTCP;PST;ACT;SG;FEM	dostająca
Inflect dostawać | V.PTCP;PST;ACT;PL	dostające
Inflect dostawać | V.PTCP;PST;ACT;SG;NEUT	dostające
Inflect dostawać | V.CVB	dostając
Inflect dostawać | V.PTCP;PST;ACT;PL;MASC;HUM	dostający
Inflect dostawać | V.PTCP;PST;ACT;SG;MASC	dostający
Inflect dostawać | V;PRS;2;PL	dostajecie
Inflect dostawać | V;PRS;1;PL	dostajemy
Inflect dostawać | V;PRS;2;SG	dostajesz
Inflect dostawać | V;PRS;1;SG	dostaję
Inflect dostawać | V;PRS;3;SG	dostaje
Inflect dostawać | V;IMP;2;PL	dostawajcie
Inflect dostawać | V;COND;2;SG;FEM	dostawałabyś
Inflect dostawać | V;COND;3;SG;FEM	dostawałaby
Inflect dostawać | V;PST;1;SG;FEM	dostawałam
Inflect dostawać | V;COND;1;SG;MASC	dostawałbym
Inflect dostawać | V;COND;2;SG;MASC	dostawałbyś
Inflect dostawać | V;PST;1;SG;MASC	dostawałem
Inflect dostawać | V;PST;2;SG;MASC	dostawałeś
Inflect dostawać | V;COND;2;PL;MASC;HUM	dostawalibyście
Inflect dostawać | V;COND;1;PL;MASC;HUM	dostawalibyśmy
Inflect dostawać | V;COND;3;PL;MASC;HUM	dostawaliby
Inflect dostawać | V;PST;2;PL;MASC;HUM	dostawaliście
Inflect dostawać | V;PST;3;PL;MASC;HUM	dostawali
Inflect dostawać | V;COND;3;SG;NEUT	dostawałoby
Inflect dostawać | V;PST;3;SG;MASC	dostawał
Inflect dostawać | V;COND;2;PL	dostawałybyście
Inflect dostawać | V;COND;1;PL	dostawałybyśmy
Inflect dostawać | V;PST;2;PL	dostawałyście
Inflect dostawać | V;PST;1;PL	dostawałyśmy
Inflect dostawać | V;PST;3;PL	dostawały
Inflect dostawać | V.MSDR	dostawanie
Inflect dostawać | V.PTCP;PST;PASS	dostawano
Inflect dostawać | V;IMP;3;SG	niech dostaje
Inflect wąż | N;NOM(SG)	wąż
Inflect wąż | N;ESS(PL)	wężach
Inflect wąż | N;GEN(SG)	węża
Inflect wąż | N;INS(SG)	wężem
Inflect wąż | N;ACC(PL)	węże
Inflect wąż | N;NOM(PL)	węże
Inflect wąż | N;ESS(SG)	wężu
Inflect wąż | N;VOC(SG)	wężu
Inflect wąż | N;GEN(PL)	węży
Inflect ciasto | N;INS(PL)	ciastami
Inflect ciasto | N;ACC(PL)	ciasta
Inflect ciasto | N;GEN(SG)	ciasta
Inflect ciasto | N;NOM(PL)	ciasta
Inflect ciasto | N;VOC(PL)	ciasta
Inflect ciasto | N;INS(SG)	ciastem
Inflect ciasto | N;GEN(PL)	ciast
Inflect ciasto | N;DAT(PL)	ciastom
Inflect ciasto | N;NOM(SG)	ciasto
Inflect ciasto | N;VOC(SG)	ciasto
Inflect ciasto | N;ESS(SG)	cieście
Inflect zadać | V;COND;3;PL;MASC;HUM	zadaliby
Inflect trącić | V;COND;3;SG;MASC	trąciłby
Inflect huragan | N;ESS(PL)	huraganach
Inflect huragan | N;INS(PL)	huraganami
Inflect huragan | N;INS(SG)	huraganem
Inflect huragan | N;ESS(SG)	huraganie
Inflect huragan | N;ACC(SG)	huragan
Inflect huragan | N;NOM(SG)	huragan
Inflect huragan | N;DAT(PL)	huraganom
Inflect huragan | N;DAT(SG)	huraganowi
Inflect huragan | N;GEN(PL)	huraganów
Inflect huragan | N;GEN(SG)	huraganu
Inflect tryptofan | N;ESS(PL)	tryptofanach
Inflect tryptofan | N;INS(PL)	tryptofanami
Inflect tryptofan | N;VOC(SG)	tryptofanie
Inflect tryptofan | N;ACC(SG)	tryptofan
Inflect tryptofan | N;NOM(SG)	tryptofan
Inflect tryptofan | N;DAT(PL)	tryptofanom
Inflect tryptofan | N;DAT(SG)	tryptofanowi
Inflect tryptofan | N;GEN(PL)	tryptofanów
Inflect tryptofan | N;GEN(SG)	tryptofanu
Inflect tryptofan | N;ACC(PL)	tryptofany
Inflect zlewozmywak | N;INS(PL)	zlewozmywakami
Inflect zlewozmywak | N;INS(SG)	zlewozmywakiem
Inflect zlewozmywak | N;ACC(PL)	zlewozmywaki
Inflect zlewozmywak | N;NOM(PL)	zlewozmywaki
Inflect zlewozmywak | N;ACC(SG)	zlewozmywak
Inflect zlewozmywak | N;DAT(PL)	zlewozmywakom
Inflect zlewozmywak | N;DAT(SG)	zlewozmywakowi
Inflect zlewozmywak | N;ESS(SG)	zlewozmywaku
Inflect zlewozmywak | N;VOC(SG)	zlewozmywaku
Inflect szafa | N;ESS(PL)	szafach
Inflect szafa | N;INS(PL)	szafami
Inflect szafa | N;INS(SG)	szafą
Inflect szafa | N;NOM(SG)	szafa
Inflect szafa | N;DAT(SG)	szafie
Inflect szafa | N;ESS(SG)	szafie
Inflect szafa | N;GEN(PL)	szaf
Inflect szafa | N;DAT(PL)	szafom
Inflect szafa | N;VOC(SG)	szafo
Inflect szafa | N;ACC(PL)	szafy
Inflect szafa | N;GEN(SG)	szafy
Inflect szafa | N;NOM(PL)	szafy
Inflect czulszy | ADJ;NOM(PL,MASC,HUM)	czulsi
Inflect czulszy | ADJ;ACC(SG,FEM)	czulszą
Inflect czulszy | ADJ;NOM(SG,FEM)	czulsza
Inflect czulszy | ADJ;ACC(PL)	czulsze
Inflect czulszy | ADJ;NOM(PL)	czulsze
Inflect czulszy | ADJ;GEN(SG,MASC)	czulszego
Inflect czulszy | ADJ;ACC(SG,MASC,HUM)	czulszego
Inflect czulszy | ADJ;ESS(SG,FEM)	czulszej
Inflect czulszy | ADJ;GEN(SG,FEM)	czulszej
Inflect czulszy | ADJ;DAT(SG,MASC)	czulszemu
Inflect czulszy | ADJ;DAT(SG,NEUT)	czulszemu
Inflect czulszy | ADJ;ACC(SG,MASC,INAN)	czulszy
Inflect czulszy | ADJ;GEN(PL)	czulszych
Inflect czulszy | ADJ;ACC(PL,MASC,HUM)	czulszych
Inflect czulszy | ADJ;ESS(SG,MASC)	czulszym
Inflect czulszy | ADJ;INS(SG,MASC)	czulszym
Inflect czulszy | ADJ;ESS(SG,NEUT)	czulszym
Inflect czulszy | ADJ;INS(PL)	czulszymi
Inflect reguła przekory | N;INS(SG)	regułą przekory
Inflect reguła przekory | N;NOM(SG)	reguła przekory
Inflect reguła przekory | N;ACC(SG)	regułę przekory
Inflect reguła przekory | N;VOC(SG)	reguło przekory
Inflect reguła przekory | N;GEN(SG)	reguły przekory
Inflect kat | N;ACC(SG)	kata
Inflect kat | N;GEN(SG)	kata
Inflect szkoła | N;ESS(PL)	szkołach
Inflect szkoła | N;INS(SG)	szkołą
Inflect szkoła | N;ACC(SG)	szkołę
Inflect szkoła | N;DAT(SG)	szkole
Inflect szkoła | N;ESS(SG)	szkole
Inflect szkoła | N;GEN(PL)	szkół
Inflect szkoła | N;VOC(SG)	szkoło
Inflect szkoła | N;ACC(PL)	szkoły
Inflect szkoła | N;GEN(SG)	szkoły
Inflect szkoła | N;VOC(PL)	szkoły
Inflect najłatwiejszy | ADJ;NOM(PL,MASC,HUM)	najłatwiejsi
Inflect najłatwiejszy | ADJ;ACC(SG,FEM)	najłatwiejszą
Inflect najłatwiejszy | ADJ;NOM(SG,FEM)	najłatwiejsza
Inflect najłatwiejszy | ADJ;ACC(SG,NEUT)	najłatwiejsze
Inflect najłatwiejszy | ADJ;NOM(SG,NEUT)	najłatwiejsze
Inflect najłatwiejszy | ADJ;NOM(PL)	najłatwiejsze
Inflect najłatwiejszy | ADJ;ACC(SG,MASC,ANIM)	najłatwiejszego
Inflect najłatwiejszy | ADJ;GEN(SG,MASC)	najłatwiejszego
Inflect najłatwiejszy | ADJ;ACC(SG,MASC,HUM)	najłatwiejszego
Inflect najłatwiejszy | ADJ;GEN(SG,NEUT)	najłatwiejszego
Inflect najłatwiejszy | ADJ;DAT(SG,FEM)	najłatwiejszej
Inflect najłatwiejszy | ADJ;ESS(SG,FEM)	najłatwiejszej
Inflect najłatwiejszy | ADJ;GEN(SG,FEM)	najłatwiejszej
Inflect najłatwiejszy | ADJ;DAT(SG,MASC)	najłatwiejszemu
Inflect najłatwiejszy | ADJ;DAT(SG,NEUT)	najłatwiejszemu
Inflect najłatwiejszy | ADJ;ACC(SG,MASC,INAN)	najłatwiejszy
Inflect najłatwiejszy | ADJ;NOM(SG,MASC)	najłatwiejszy
Inflect najłatwiejszy | ADJ;GEN(PL)	najłatwiejszych
Inflect najłatwiejszy | ADJ;ACC(PL,MASC,HUM)	najłatwiejszych
Inflect najłatwiejszy | ADJ;DAT(PL)	najłatwiejszym
Inflect najłatwiejszy | ADJ;INS(SG,MASC)	najłatwiejszym
Inflect najłatwiejszy | ADJ;INS(SG,NEUT)	najłatwiejszym
Inflect najłatwiejszy | ADJ;INS(PL)	najłatwiejszymi
Inflect prostata | N;DAT(SG)	prostacie
Inflect prostata | N;ESS(SG)	prostacie
Inflect prostata | N;INS(SG)	prostatą
Inflect prostata | N;ACC(SG)	prostatę
Inflect prostata | N;GEN(PL)	prostat
Inflect prostata | N;DAT(PL)	prostatom
Inflect prostata | N;ACC(PL)	prostaty
Inflect prostata | N;NOM(PL)	prostaty
Inflect laik | N;NOM(PL)	laicy
Inflect laik | N;VOC(PL)	laicy
Inflect laik | N;ESS(PL)	laikach
Inflect laik | N;INS(PL)	laikami
Inflect laik | N;GEN(SG)	laika
Inflect laik | N;DAT(PL)	laikom
Inflect laik | N;DAT(SG)	laikowi
Inflect laik | N;ACC(PL)	laików
Inflect laik | N;GEN(PL)	laików
Inflect laik | N;VOC(SG)	laiku
Inflect dentystka | N;ESS(SG)	dentystce
Inflect dentystka | N;ESS(PL)	dentystkach
Inflect dentystka | N;INS(SG)	dentystką
Inflect dentystka | N;ACC(PL)	dentystki
Inflect dentystka | N;GEN(SG)	dentystki
Inflect dentystka | N;DAT(PL)	dentystkom
Inflect dentystka | N;VOC(SG)	dentystko
Inflect przetoka | N;DAT(SG)	przetoce
Inflect przetoka | N;ESS(SG)	przetoce
Inflect przetoka | N;INS(PL)	przetokami
Inflect przetoka | N;INS(SG)	przetoką
Inflect przetoka | N;ACC(SG)	przetokę
Inflect przetoka | N;ACC(PL)	przetoki
Inflect przetoka | N;GEN(SG)	przetoki
Inflect przetoka | N;NOM(PL)	przetoki
Inflect przetoka | N;VOC(PL)	przetoki
Inflect przetoka | N;VOC(SG)	przetoko
Inflect strażak | N;NOM(PL)	strażacy
Inflect strażak | N;VOC(PL)	strażacy
Inflect strażak | N;INS(PL)	strażakami
Inflect strażak | N;ACC(SG)	strażaka
Inflect strażak | N;GEN(SG)	strażaka
Inflect strażak | N;NOM(SG)	strażak
Inflect strażak | N;DAT(PL)	strażakom
Inflect strażak | N;ACC(PL)	strażaków
Inflect strażak | N;GEN(PL)	strażaków
Inflect strażak | N;ESS(SG)	strażaku
Inflect strażak | N;VOC(SG)	strażaku
Inflect smalec | N;DAT(SG)	smalcowi
Inflect smalec | N;ESS(SG)	smalcu
Inflect smalec | N;GEN(SG)	smalcu
Inflect smalec | N;VOC(SG)	smalcu
Inflect smalec | N;ACC(SG)	smalec
Inflect smalec | N;NOM(SG)	smalec
Inflect jezioro | N;ESS(PL)	jeziorach
Inflect jezioro | N;INS(PL)	jeziorami
Inflect jezioro | N;ACC(PL)	jeziora
Inflect jezioro | N;GEN(SG)	jeziora
Inflect jezioro | N;NOM(PL)	jeziora
Inflect jezioro | N;VOC(PL)	jeziora
Inflect jezioro | N;INS(SG)	jeziorem
Inflect jezioro | N;ACC(SG)	jezioro
Inflect jezioro | N;VOC(SG)	jezioro
Inflect jezioro | N;ESS(SG)	jeziorze
Inflect brukowiec | N;ESS(PL)	brukowcach
Inflect brukowiec | N;INS(PL)	brukowcami
Inflect brukowiec | N;GEN(SG)	brukowca
Inflect brukowiec | N;ACC(PL)	brukowce
Inflect brukowiec | N;NOM(PL)	brukowce
Inflect brukowiec | N;VOC(PL)	brukowce
Inflect brukowiec | N;DAT(PL)	brukowcom
Inflect brukowiec | N;DAT(SG)	brukowcowi
Inflect brukowiec | N;ESS(SG)	brukowcu
Inflect brukowiec | N;ACC(SG)	brukowiec
Inflect brukowiec | N;NOM(SG)	brukowiec
Inflect cudny | ADJ;INS(SG,FEM)	cudną
Inflect cudny | ADJ;NOM(SG,FEM)	cudna
Inflect cudny | ADJ;ACC(PL)	cudne
Inflect cudny | ADJ;ACC(SG,NEUT)	cudne
Inflect cudny | ADJ;NOM(SG,NEUT)	cudne
Inflect cudny | ADJ;NOM(PL)	cudne
Inflect cudny | ADJ;ACC(SG,MASC,HUM)	cudnego
Inflect cudny | ADJ;GEN(SG,NEUT)	cudnego
Inflect cudny | ADJ;DAT(SG,NEUT)	cudnemu
Inflect cudny | ADJ;ACC(SG,MASC,INAN)	cudny
Inflect cudny | ADJ;NOM(SG,MASC)	cudny
Inflect cudny | ADJ;ACC(PL,MASC,HUM)	cudnych
Inflect cudny | ADJ;ESS(SG,MASC)	cudnym
Inflect cudny | ADJ;INS(SG,MASC)	cudnym
Inflect cudny | ADJ;ESS(SG,NEUT)	cudnym
Inflect cudny | ADJ;INS(SG,NEUT)	cudnym
Inflect cudny | ADJ;INS(PL)	cudnymi
Inflect pyra | N;INS(PL)	pyrami
Inflect pyra | N;ACC(SG)	pyrę
Inflect pyra | N;GEN(PL)	pyr
Inflect pyra | N;DAT(PL)	pyrom
Inflect pyra | N;VOC(SG)	pyro
Inflect pyra | N;NOM(PL)	pyry
Inflect pyra | N;VOC(PL)	pyry
Inflect pyra | N;DAT(SG)	pyrze
Inflect pyra | N;ESS(SG)	pyrze
Inflect płoza | N;INS(SG)	płozą
Inflect płoza | N;NOM(SG)	płoza
Inflect płoza | N;ACC(SG)	płozę
Inflect płoza | N;ESS(SG)	płozie
Inflect płoza | N;GEN(PL)	płoz
Inflect płoza | N;VOC(SG)	płozo
Inflect płoza | N;ACC(PL)	płozy
Inflect płoza | N;GEN(SG)	płozy
Inflect elipsa | N;ESS(PL)	elipsach
Inflect elipsa | N;INS(PL)	elipsami
Inflect elipsa | N;INS(SG)	elipsą
Inflect elipsa | N;DAT(SG)	elipsie
Inflect elipsa | N;ESS(SG)	elipsie
Inflect elipsa | N;GEN(PL)	elips
Inflect elipsa | N;VOC(SG)	elipso
Inflect elipsa | N;ACC(PL)	elipsy
Inflect elipsa | N;GEN(SG)	elipsy
Inflect elipsa | N;NOM(PL)	elipsy
Inflect elipsa | N;VOC(PL)	elipsy
Inflect czasownik przechodni | N;ESS(PL)	czasownikach przechodnich
Inflect czasownik przechodni | N;GEN(SG)	czasownika przechodniego
Inflect czasownik przechodni | N;INS(SG)	czasownikiem przechodnim
Inflect czasownik przechodni | N;VOC(PL)	czasowniki przechodnie
Inflect czasownik przechodni | N;DAT(PL)	czasownikom przechodnim
Inflect czasownik przechodni | N;DAT(SG)	czasownikowi przechodniemu
Inflect czasownik przechodni | N;GEN(PL)	czasowników przechodnich
Inflect czasownik przechodni | N;ACC(SG)	czasownik przechodni
Inflect czasownik przechodni | N;ESS(SG)	czasowniku przechodnim
Inflect czasownik przechodni | N;VOC(SG)	czasowniku przechodni
Inflect odmienny | ADJ;ACC(SG,FEM)	odmienną
Inflect odmienny | ADJ;INS(SG,FEM)	odmienną
Inflect odmienny | ADJ;ACC(PL)	odmienne
Inflect odmienny | ADJ;ACC(SG,NEUT)	odmienne
Inflect odmienny | ADJ;ACC(SG,MASC,ANIM)	odmiennego
Inflect odmienny | ADJ;GEN(SG,NEUT)	odmiennego
Inflect odmienny | ADJ;DAT(SG,MASC)	odmiennemu
Inflect odmienny | ADJ;DAT(SG,NEUT)	odmiennemu
Inflect odmienny | ADJ;NOM(PL,MASC,HUM)	odmienni
Inflect odmienny | ADJ;NOM(SG,MASC)	odmienny
Inflect odmienny | ADJ;ESS(PL)	odmiennych
Inflect odmienny | ADJ;GEN(PL)	odmiennych
Inflect odmienny | ADJ;DAT(PL)	odmiennym
Inflect odmienny | ADJ;ESS(SG,MASC)	odmiennym
Inflect odmienny | ADJ;INS(SG,MASC)	odmiennym
Inflect odmienny | ADJ;ESS(SG,NEUT)	odmiennym
Inflect odmienny | ADJ;INS(SG,NEUT)	odmiennym
Inflect odmienny | ADJ;INS(PL)	odmiennymi
Inflect oblężenie | N;ESS(PL)	oblężeniach
Inflect oblężenie | N;INS(PL)	oblężeniami
Inflect oblężenie | N;ACC(PL)	oblężenia
Inflect oblężenie | N;GEN(SG)	oblężenia
Inflect oblężenie | N;NOM(PL)	oblężenia
Inflect oblężenie | N;VOC(PL)	oblężenia
Inflect oblężenie | N;INS(SG)	oblężeniem
Inflect oblężenie | N;ACC(SG)	oblężenie
Inflect oblężenie | N;NOM(SG)	oblężenie
Inflect oblężenie | N;VOC(SG)	oblężenie
Inflect oblężenie | N;DAT(SG)	oblężeniu
Inflect oblężenie | N;ESS(SG)	oblężeniu
Inflect oblężenie | N;GEN(PL)	oblężeń
Inflect lody | N;ESS(SG)	lodach
Inflect lody | N;INS(SG)	lodami
Inflect lody | N;ACC(SG)	lody
Inflect lody | N;NOM(SG)	lody
Inflect porodówka | N;DAT(SG)	porodówce
Inflect porodówka | N;ESS(SG)	porodówce
Inflect porodówka | N;GEN(PL)	porodówek
Inflect porodówka | N;ESS(PL)	porodówkach
Inflect porodówka | N;ACC(SG)	porodówkę
Inflect porodówka | N;ACC(PL)	porodówki
Inflect porodówka | N;GEN(SG)	porodówki
Inflect porodówka | N;DAT(PL)	porodówkom
Inflect porodówka | N;VOC(SG)	porodówko
Inflect tradycyjny | ADJ;ACC(SG,FEM)	tradycyjną
Inflect tradycyjny | ADJ;INS(SG,FEM)	tradycyjną
Inflect tradycyjny | ADJ;NOM(SG,FEM)	tradycyjna
Inflect tradycyjny | ADJ;ACC(SG,NEUT)	tradycyjne
Inflect tradycyjny | ADJ;NOM(PL)	tradycyjne
Inflect tradycyjny | ADJ;ACC(SG,MASC,ANIM)	tradycyjnego
Inflect tradycyjny | ADJ;GEN(SG,MASC)	tradycyjnego
Inflect tradycyjny | ADJ;ACC(SG,MASC,HUM)	tradycyjnego
Inflect tradycyjny | ADJ;GEN(SG,NEUT)	tradycyjnego
Inflect tradycyjny | ADJ;DAT(SG,FEM)	tradycyjnej
Inflect tradycyjny | ADJ;ESS(SG,FEM)	tradycyjnej
Inflect tradycyjny | ADJ;GEN(SG,FEM)	tradycyjnej
Inflect tradycyjny | ADJ;DAT(SG,NEUT)	tradycyjnemu
Inflect tradycyjny | ADJ;NOM(SG,MASC)	tradycyjny
Inflect tradycyjny | ADJ;ESS(PL)	tradycyjnych
Inflect tradycyjny | ADJ;ACC(PL,MASC,HUM)	tradycyjnych
Inflect tradycyjny | ADJ;DAT(PL)	tradycyjnym
Inflect tradycyjny | ADJ;INS(SG,MASC)	tradycyjnym
Inflect tradycyjny | ADJ;ESS(SG,NEUT)	tradycyjnym
Inflect tradycyjny | ADJ;INS(SG,NEUT)	tradycyjnym
Inflect tradycyjny | ADJ;INS(PL)	tradycyjnymi
Inflect stanowisko | N;GEN(PL)	stanowisek
Inflect stanowisko | N;ACC(PL)	stanowiska
Inflect stanowisko | N;GEN(SG)	stanowiska
Inflect stanowisko | N;NOM(PL)	stanowiska
Inflect stanowisko | N;INS(SG)	stanowiskiem
Inflect stanowisko | N;ACC(SG)	stanowisko
Inflect stanowisko | N;NOM(SG)	stanowisko
Inflect stanowisko | N;DAT(SG)	stanowisku
Inflect stanowisko | N;ESS(SG)	stanowisku
Inflect czwartek | N;ACC(SG)	czwartek
Inflect czwartek | N;NOM(SG)	czwartek
Inflect czwartek | N;ESS(PL)	czwartkach
Inflect czwartek | N;NOM(PL)	czwartki
Inflect czwartek | N;VOC(PL)	czwartki
Inflect czwartek | N;DAT(PL)	czwartkom
Inflect czwartek | N;GEN(PL)	czwartków
Inflect czwartek | N;GEN(SG)	czwartku
Inflect meksyk | N;ESS(PL)	meksykach
Inflect meksyk | N;INS(PL)	meksykami
Inflect meksyk | N;INS(SG)	meksykiem
Inflect meksyk | N;ACC(PL)	meksyki
Inflect meksyk | N;NOM(PL)	meksyki
Inflect meksyk | N;VOC(PL)	meksyki
Inflect meksyk | N;ACC(SG)	meksyk
Inflect meksyk | N;NOM(SG)	meksyk
Inflect meksyk | N;DAT(PL)	meksykom
Inflect meksyk | N;DAT(SG)	meksykowi
Inflect meksyk | N;GEN(PL)	meksyków
Inflect meksyk | N;ESS(SG)	meksyku
Inflect meksyk | N;VOC(SG)	meksyku
Inflect organizować | V;FUT;3;PL;MASC;HUM	będą organizowali
Inflect organizować | V;FUT;1;SG;MASC	będę organizował
Inflect organizować | V;FUT;2;PL;MASC;HUM	będziecie organizowali
Inflect organizować | V;FUT;2;PL	będziecie organizowały
Inflect organizować | V;FUT;1;PL	będziemy organizowały
Inflect organizować | V;FUT;3;SG;FEM	będzie organizowała
Inflect organizować | V;FUT;3;SG;NEUT	będzie organizowało
Inflect organizować | V;FUT;3;SG;MASC	będzie organizował
Inflect organizować | V;FUT;2;SG;FEM	będziesz organizowała
Inflect organizować | V;IMP;3;SG	niech organizuje
Inflect organizować | V;NFIN	organizować
Inflect organizować | V;COND;1;SG;FEM	organizowałabym
Inflect organizować | V;COND;3;SG;FEM	organizowałaby
Inflect organizować | V;PST;1;SG;FEM	organizowałam
Inflect organizować | V;PST;3;SG;FEM	organizowała
Inflect organizować | V;COND;2;SG;MASC	organizowałbyś
Inflect organizować | V;COND;3;SG;MASC	organizowałby
Inflect organizować | V;PST;2;SG;MASC	organizowałeś
Inflect organizować | V;COND;1;PL;MASC;HUM	organizowalibyśmy
Inflect organizować | V;COND;3;PL;MASC;HUM	organizowaliby
Inflect organizować | V;PST;1;PL;MASC;HUM	organizowaliśmy
Inflect organizować | V;PST;3;PL;MASC;HUM	organizowali
Inflect organizować | V;PST;3;SG;MASC	organizował
Inflect organizować | V;COND;2;PL	organizowałybyście
Inflect organizować | V;COND;1;PL	organizowałybyśmy
Inflect organizować | V;PST;2;PL	organizowałyście
Inflect organizować | V;PST;3;PL	organizowały
Inflect organizować | V.MSDR	organizowanie
Inflect organizować | V.PTCP;PST;PASS	organizowano
Inflect organizować | V.PTCP;PST;ACT;PL	organizujące
Inflect organizować | V.CVB	organizując
Inflect organizować | V.PTCP;PST;ACT;PL;MASC;HUM	organizujący
Inflect organizować | V.PTCP;PST;ACT;SG;MASC	organizujący
Inflect organizować | V;PRS;3;PL	organizują
Inflect organizować | V;IMP;2;PL	organizujcie
Inflect organizować | V;PRS;2;PL	organizujecie
Inflect organizować | V;PRS;1;PL	organizujemy
Inflect organizować | V;PRS;2;SG	organizujesz
Inflect organizować | V;PRS;1;SG	organizuję
Inflect organizować | V;PRS;3;SG	organizuje
Inflect organizować | V;IMP;2;SG	organizuj
Inflect rowerzysta | N;NOM(PL)	rowerzyści
Inflect rowerzysta | N;VOC(PL)	rowerzyści
Inflect rowerzysta | N;ESS(PL)	rowerzystach
Inflect rowerzysta | N;INS(PL)	rowerzystami
Inflect rowerzysta | N;INS(SG)	rowerzystą
Inflect rowerzysta | N;NOM(SG)	rowerzysta
Inflect rowerzysta | N;VOC(SG)	rowerzysto
Inflect rowerzysta | N;ACC(PL)	rowerzystów
Inflect rowerzysta | N;GEN(PL)	rowerzystów
Inflect rowerzysta | N;GEN(SG)	rowerzysty
Inflect język | N;INS(SG)	językiem
Inflect dług | N;ACC(PL)	długi
Inflect dług | N;NOM(SG)	dług
Inflect dług | N;DAT(SG)	długowi
Inflect dług | N;GEN(PL)	długów
Inflect dług | N;ESS(SG)	długu
Inflect dług | N;GEN(SG)	długu
Inflect dług | N;VOC(SG)	długu
Inflect bredzić | V;FUT;3;PL;MASC;HUM	będą bredzili
Inflect bredzić | V;FUT;3;PL	będą bredziły
Inflect bredzić | V;FUT;1;SG;FEM	będę bredziła
Inflect bredzić | V;FUT;1;SG;MASC	będę bredził
Inflect bredzić | V;FUT;3;SG;NEUT	będzie bredziło
Inflect bredzić | V;FUT;2;PL;MASC;HUM	będziecie bredzili
Inflect bredzić | V;FUT;2;PL	będziecie bredziły
Inflect bredzić | V;FUT;1;PL;MASC;HUM	będziemy bredzili
Inflect bredzić | V;FUT;2;SG;MASC	będziesz bredził
Inflect bredzić | V.PTCP;PST;ACT;PL	bredzące
Inflect bredzić | V.PTCP;PST;ACT;SG;NEUT	bredzące
Inflect bredzić | V.PTCP;PST;ACT;PL;MASC;HUM	bredzący
Inflect bredzić | V.PTCP;PST;ACT;SG;MASC	bredzący
Inflect bredzić | V;PRS;3;PL	bredzą
Inflect bredzić | V;IMP;2;PL	bredźcie
Inflect bredzić | V.MSDR	bredzenie
Inflect bredzić | V;PRS;1;SG	bredzę
Inflect bredzić | V;PRS;2;PL	bredzicie
Inflect bredzić | V;COND;1;SG;FEM	bredziłabym
Inflect bredzić | V;COND;2;SG;FEM	bredziłabyś
Inflect bredzić | V;PST;1;SG;FEM	bredziłam
Inflect bredzić | V;PST;2;SG;FEM	bredziłaś
Inflect bredzić | V;COND;1;SG;MASC	bredziłbym
Inflect bredzić | V;COND;2;SG;MASC	bredziłbyś
Inflect bredzić | V;COND;3;SG;MASC	bredziłby
Inflect bredzić | V;PST;1;SG;MASC	bredziłem
Inflect bredzić | V;COND;2;PL;MASC;HUM	bredzilibyście
Inflect bredzić | V;COND;1;PL;MASC;HUM	bredzilibyśmy
Inflect bredzić | V;COND;3;PL;MASC;HUM	bredziliby
Inflect bredzić | V;PST;2;PL;MASC;HUM	bredziliście
Inflect bredzić | V;PST;1;PL;MASC;HUM	bredziliśmy
Inflect bredzić | V;PST;3;PL;MASC;HUM	bredzili
Inflect bredzić | V;PST;3;SG;NEUT	bredziło
Inflect bredzić | V;PST;3;SG;MASC	bredził
Inflect bredzić | V;COND;2;PL	bredziłybyście
Inflect bredzić | V;COND;3;PL	bredziłyby
Inflect bredzić | V;PST;1;PL	bredziłyśmy
Inflect bredzić | V;PST;3;PL	bredziły
Inflect bredzić | V;PRS;1;PL	bredzimy
Inflect bredzić | V;PRS;2;SG	bredzisz
Inflect bredzić | V;PRS;3;SG	bredzi
Inflect bredzić | V;IMP;1;PL	bredźmy
Inflect bredzić | V.PTCP;PST;PASS;SG;FEM	bredzona
Inflect bredzić | V.PTCP;PST;PASS;PL	bredzone
Inflect bredzić | V.PTCP;PST;PASS;SG;NEUT	bredzone
Inflect bredzić | V.PTCP;PST;PASS	bredzono
Inflect bredzić | V;IMP;2;SG	bredź
Inflect bredzić | V;IMP;3;SG	niech bredzi
Inflect kara | N;ESS(PL)	karach
Inflect kara | N;INS(SG)	karą
Inflect kara | N;NOM(SG)	kara
Inflect kara | N;GEN(PL)	kar
Inflect kara | N;DAT(PL)	karom
Inflect kara | N;ACC(PL)	kary
Inflect kara | N;NOM(PL)	kary
Inflect kara | N;VOC(PL)	kary
Inflect kara | N;DAT(SG)	karze
Inflect kara | N;ESS(SG)	karze
Inflect potas | N;ESS(SG)	potasie
Inflect potas | N;VOC(SG)	potasie
Inflect potas | N;ACC(SG)	potas
Inflect potas | N;NOM(SG)	potas
Inflect potas | N;GEN(SG)	potasu
Inflect koncert | N;VOC(SG)	koncercie
Inflect koncert | N;ESS(PL)	koncertach
Inflect koncert | N;ACC(SG)	koncert
Inflect koncert | N;DAT(SG)	koncertowi
Inflect koncert | N;GEN(SG)	koncertu
Inflect koncert | N;ACC(PL)	koncerty
Inflect koptyjski | ADJ;NOM(PL,MASC,HUM)	koptyjscy
Inflect koptyjski | ADJ;ACC(SG,FEM)	koptyjską
Inflect koptyjski | ADJ;ACC(SG,MASC,INAN)	koptyjski
Inflect koptyjski | ADJ;NOM(SG,MASC)	koptyjski
Inflect koptyjski | ADJ;GEN(PL)	koptyjskich
Inflect koptyjski | ADJ;ACC(PL,MASC,HUM)	koptyjskich
Inflect koptyjski | ADJ;ACC(PL)	koptyjskie
Inflect koptyjski | ADJ;ACC(SG,NEUT)	koptyjskie
Inflect koptyjski | ADJ;NOM(SG,NEUT)	koptyjskie
Inflect koptyjski | ADJ;NOM(PL)	koptyjskie
Inflect koptyjski | ADJ;ACC(SG,MASC,HUM)	koptyjskiego
Inflect koptyjski | ADJ;GEN(SG,NEUT)	koptyjskiego
Inflect koptyjski | ADJ;ESS(SG,FEM)	koptyjskiej
Inflect koptyjski | ADJ;DAT(PL)	koptyjskim
Inflect koptyjski | ADJ;INS(SG,MASC)	koptyjskim
Inflect koptyjski | ADJ;INS(SG,NEUT)	koptyjskim
Inflect koptyjski | ADJ;INS(PL)	koptyjskimi
Inflect symboliczny | ADJ;INS(SG,FEM)	symboliczną
Inflect symboliczny | ADJ;ACC(PL)	symboliczne
Inflect symboliczny | ADJ;NOM(SG,NEUT)	symboliczne
Inflect symboliczny | ADJ;NOM(PL)	symboliczne
Inflect symboliczny | ADJ;GEN(SG,MASC)	symbolicznego
Inflect symboliczny | ADJ;ACC(SG,MASC,HUM)	symbolicznego
Inflect symboliczny | ADJ;DAT(SG,FEM)	symbolicznej
Inflect symboliczny | ADJ;GEN(SG,FEM)	symbolicznej
Inflect symboliczny | ADJ;DAT(SG,MASC)	symbolicznemu
Inflect symboliczny | ADJ;DAT(SG,NEUT)	symbolicznemu
Inflect symboliczny | ADJ;NOM(PL,MASC,HUM)	symboliczni
Inflect symboliczny | ADJ;ACC(SG,MASC,INAN)	symboliczny
Inflect symboliczny | ADJ;NOM(SG,MASC)	symboliczny
Inflect symboliczny | ADJ;ESS(PL)	symbolicznych
Inflect symboliczny | ADJ;GEN(PL)	symbolicznych
Inflect symboliczny | ADJ;ACC(PL,MASC,HUM)	symbolicznych
Inflect symboliczny | ADJ;INS(SG,MASC)	symbolicznym
Inflect symboliczny | ADJ;INS(SG,NEUT)	symbolicznym
Inflect symboliczny | ADJ;INS(PL)	symbolicznymi
Inflect egzonim | N;ESS(PL)	egzonimach
Inflect egzonim | N;INS(SG)	egzonimem
Inflect egzonim | N;ESS(SG)	egzonimie
Inflect egzonim | N;ACC(SG)	egzonim
Inflect egzonim | N;NOM(SG)	egzonim
Inflect egzonim | N;DAT(PL)	egzonimom
Inflect egzonim | N;DAT(SG)	egzonimowi
Inflect egzonim | N;GEN(PL)	egzonimów
Inflect egzonim | N;GEN(SG)	egzonimu
Inflect egzonim | N;ACC(PL)	egzonimy
Inflect egzonim | N;VOC(PL)	egzonimy
Inflect tangens | N;ESS(PL)	tangensach
Inflect tangens | N;INS(PL)	tangensami
Inflect tangens | N;GEN(SG)	tangensa
Inflect tangens | N;INS(SG)	tangensem
Inflect tangens | N;ESS(SG)	tangensie
Inflect tangens | N;ACC(SG)	tangens
Inflect tangens | N;DAT(PL)	tangensom
Inflect tangens | N;DAT(SG)	tangensowi
Inflect tangens | N;GEN(PL)	tangensów
Inflect tangens | N;ACC(PL)	tangensy
Inflect tangens | N;NOM(PL)	tangensy
Inflect tangens | N;VOC(PL)	tangensy
Inflect obywatelstwo | N;ACC(PL)	obywatelstwa
Inflect obywatelstwo | N;GEN(SG)	obywatelstwa
Inflect obywatelstwo | N;NOM(PL)	obywatelstwa
Inflect obywatelstwo | N;VOC(PL)	obywatelstwa
Inflect obywatelstwo | N;INS(SG)	obywatelstwem
Inflect obywatelstwo | N;ESS(SG)	obywatelstwie
Inflect obywatelstwo | N;GEN(PL)	obywatelstw
Inflect obywatelstwo | N;DAT(PL)	obywatelstwom
Inflect obywatelstwo | N;ACC(SG)	obywatelstwo
Inflect obywatelstwo | N;NOM(SG)	obywatelstwo
Inflect obywatelstwo | N;VOC(SG)	obywatelstwo
Inflect obywatelstwo | N;DAT(SG)	obywatelstwu
Inflect łój | N;INS(PL)	łojami
Inflect łój | N;INS(SG)	łojem
Inflect łój | N;NOM(PL)	łoje
Inflect łój | N;VOC(PL)	łoje
Inflect łój | N;ACC(SG)	łój
Inflect łój | N;NOM(SG)	łój
Inflect łój | N;DAT(PL)	łojom
Inflect łój | N;GEN(PL)	łojów
Inflect łój | N;ESS(SG)	łoju
Inflect łój | N;VOC(SG)	łoju
Inflect sitko | N;GEN(PL)	sitek
Inflect sitko | N;ESS(PL)	sitkach
Inflect sitko | N;ACC(PL)	sitka
Inflect sitko | N;NOM(PL)	sitka
Inflect sitko | N;VOC(PL)	sitka
Inflect sitko | N;INS(SG)	sitkiem
Inflect sitko | N;DAT(PL)	sitkom
Inflect sitko | N;ACC(SG)	sitko
Inflect sitko | N;NOM(SG)	sitko
Inflect sitko | N;DAT(SG)	sitku
Inflect sitko | N;ESS(SG)	sitku
Inflect słoiczek | N;ACC(SG)	słoiczek
Inflect słoiczek | N;NOM(SG)	słoiczek
Inflect słoiczek | N;INS(PL)	słoiczkami
Inflect słoiczek | N;INS(SG)	słoiczkiem
Inflect słoiczek | N;ACC(PL)	słoiczki
Inflect słoiczek | N;NOM(PL)	słoiczki
Inflect słoiczek | N;VOC(PL)	słoiczki
Inflect słoiczek | N;DAT(PL)	słoiczkom
Inflect słoiczek | N;DAT(SG)	słoiczkowi
Inflect słoiczek | N;ESS(SG)	słoiczku
Inflect słoiczek | N;VOC(SG)	słoiczku
Inflect optyk | N;VOC(PL)	optycy
Inflect optyk | N;INS(PL)	optykami
Inflect optyk | N;GEN(SG)	optyka
Inflect optyk | N;NOM(SG)	optyk
Inflect optyk | N;DAT(PL)	optykom
Inflect optyk | N;DAT(SG)	optykowi
Inflect optyk | N;GEN(PL)	optyków
Inflect optyk | N;ESS(SG)	optyku
Inflect optyk | N;VOC(SG)	optyku
Inflect panika | N;DAT(SG)	panice
Inflect panika | N;ESS(SG)	panice
Inflect panika | N;INS(SG)	paniką
Inflect panika | N;NOM(SG)	panika
Inflect panika | N;ACC(SG)	panikę
Inflect panika | N;VOC(SG)	paniko
Inflect fizjonomia | N;NOM(SG)	fizjonomia
Inflect fizjonomia | N;ACC(SG)	fizjonomię
Inflect fizjonomia | N;ESS(SG)	fizjonomii
Inflect fizjonomia | N;GEN(SG)	fizjonomii
Inflect mrok | N;INS(PL)	mrokami
Inflect mrok | N;INS(SG)	mrokiem
Inflect mrok | N;ACC(PL)	mroki
Inflect mrok | N;VOC(PL)	mroki
Inflect mrok | N;ACC(SG)	mrok
Inflect mrok | N;NOM(SG)	mrok
Inflect mrok | N;DAT(PL)	mrokom
Inflect mrok | N;DAT(SG)	mrokowi
Inflect mrok | N;GEN(PL)	mroków
Inflect mrok | N;ESS(SG)	mroku
Inflect mrok | N;GEN(SG)	mroku
Inflect mrok | N;VOC(SG)	mroku
Inflect mecz | N;ESS(PL)	meczach
Inflect mecz | N;INS(SG)	meczem
Inflect mecz | N;ACC(PL)	mecze
Inflect mecz | N;NOM(PL)	mecze
Inflect mecz | N;VOC(PL)	mecze
Inflect mecz | N;ACC(SG)	mecz
Inflect mecz | N;NOM(SG)	mecz
Inflect mecz | N;DAT(PL)	meczom
Inflect mecz | N;DAT(SG)	meczowi
Inflect mecz | N;GEN(PL)	meczów
Inflect mecz | N;GEN(SG)	meczu
Inflect współpracownik | N;NOM(PL)	współpracownicy
Inflect współpracownik | N;VOC(PL)	współpracownicy
Inflect współpracownik | N;ACC(SG)	współpracownika
Inflect współpracownik | N;NOM(SG)	współpracownik
Inflect współpracownik | N;DAT(PL)	współpracownikom
Inflect współpracownik | N;DAT(SG)	współpracownikowi
Inflect współpracownik | N;ACC(PL)	współpracowników
Inflect współpracownik | N;ESS(SG)	współpracowniku
Inflect współpracownik | N;VOC(SG)	współpracowniku
Inflect święto | N;GEN(PL)	świąt
Inflect święto | N;ESS(SG)	święcie
Inflect święto | N;ESS(PL)	świętach
Inflect święto | N;INS(PL)	świętami
Inflect święto | N;GEN(SG)	święta
Inflect święto | N;NOM(PL)	święta
Inflect święto | N;VOC(PL)	święta
Inflect święto | N;INS(SG)	świętem
Inflect święto | N;ACC(SG)	święto
Inflect święto | N;NOM(SG)	święto
Inflect święto | N;VOC(SG)	święto
Inflect święto | N;DAT(SG)	świętu
Inflect kumkwat | N;VOC(SG)	kumkwacie
Inflect kumkwat | N;ESS(PL)	kumkwatach
Inflect kumkwat | N;INS(SG)	kumkwatem
Inflect kumkwat | N;ACC(SG)	kumkwat
Inflect kumkwat | N;NOM(SG)	kumkwat
Inflect kumkwat | N;DAT(PL)	kumkwatom
Inflect kumkwat | N;DAT(SG)	kumkwatowi
Inflect kumkwat | N;GEN(PL)	kumkwatów
Inflect kumkwat | N;ACC(PL)	kumkwaty
Inflect kumkwat | N;VOC(PL)	kumkwaty
Inflect sum | N;ESS(PL)	sumach
Inflect sum | N;INS(PL)	sumami
Inflect sum | N;ACC(SG)	suma
Inflect sum | N;GEN(SG)	suma
Inflect sum | N;INS(SG)	sumem
Inflect sum | N;ESS(SG)	sumie
Inflect sum | N;VOC(SG)	sumie
Inflect sum | N;NOM(SG)	sum
Inflect sum | N;DAT(PL)	sumom
Inflect sum | N;DAT(SG)	sumowi
Inflect sum | N;ACC(PL)	sumy
Inflect sum | N;VOC(PL)	sumy
Inflect proteina | N;INS(SG)	proteiną
Inflect proteina | N;NOM(SG)	proteina
Inflect proteina | N;ACC(SG)	proteinę
Inflect proteina | N;DAT(SG)	proteinie
Inflect proteina | N;ESS(SG)	proteinie
Inflect proteina | N;GEN(PL)	protein
Inflect proteina | N;DAT(PL)	proteinom
Inflect proteina | N;VOC(SG)	proteino
Inflect proteina | N;GEN(SG)	proteiny
Inflect proteina | N;NOM(PL)	proteiny
Inflect proteina | N;VOC(PL)	proteiny
Inflect sympatia | N;ESS(PL)	sympatiach
Inflect sympatia | N;INS(PL)	sympatiami
Inflect sympatia | N;NOM(SG)	sympatia
Inflect sympatia | N;ACC(PL)	sympatie
Inflect sympatia | N;ACC(SG)	sympatię
Inflect sympatia | N;DAT(SG)	sympatii
Inflect sympatia | N;ESS(SG)	sympatii
Inflect sympatia | N;GEN(PL)	sympatii
Inflect sympatia | N;GEN(SG)	sympatii
Inflect sympatia | N;DAT(PL)	sympatiom
Inflect sympatia | N;VOC(SG)	sympatio
Inflect japonka | N;ACC(SG)	japonkę
Inflect nibynóżka | N;GEN(PL)	nibynóżek
Inflect nibynóżka | N;ESS(PL)	nibynóżkach
Inflect nibynóżka | N;NOM(SG)	nibynóżka
Inflect nibynóżka | N;ACC(SG)	nibynóżkę
Inflect nibynóżka | N;ACC(PL)	nibynóżki
Inflect nibynóżka | N;GEN(SG)	nibynóżki
Inflect nibynóżka | N;NOM(PL)	nibynóżki
Inflect nibynóżka | N;VOC(PL)	nibynóżki
Inflect nibynóżka | N;DAT(PL)	nibynóżkom
Inflect nibynóżka | N;VOC(SG)	nibynóżko
Inflect skrypt | N;ESS(SG)	skrypcie
Inflect skrypt | N;VOC(SG)	skrypcie
Inflect skrypt | N;ESS(PL)	skryptach
Inflect skrypt | N;INS(PL)	skryptami
Inflect skrypt | N;INS(SG)	skryptem
Inflect skrypt | N;ACC(SG)	skrypt
Inflect skrypt | N;NOM(SG)	skrypt
Inflect skrypt | N;DAT(PL)	skryptom
Inflect skrypt | N;DAT(SG)	skryptowi
Inflect skrypt | N;GEN(PL)	skryptów
Inflect skrypt | N;GEN(SG)	skryptu
Inflect skrypt | N;NOM(PL)	skrypty
Inflect skrypt | N;VOC(PL)	skrypty
Inflect przedstawienie | N;ESS(PL)	przedstawieniach
Inflect przedstawienie | N;INS(PL)	przedstawieniami
Inflect przedstawienie | N;GEN(SG)	przedstawienia
Inflect przedstawienie | N;NOM(PL)	przedstawienia
Inflect przedstawienie | N;VOC(PL)	przedstawienia
Inflect przedstawienie | N;INS(SG)	przedstawieniem
Inflect przedstawienie | N;ACC(SG)	przedstawienie
Inflect przedstawienie | N;NOM(SG)	przedstawienie
Inflect przedstawienie | N;DAT(PL)	przedstawieniom
Inflect przedstawienie | N;ESS(SG)	przedstawieniu
Inflect przedstawienie | N;GEN(PL)	przedstawień
Inflect marność | N;ESS(PL)	marnościach
Inflect marność | N;DAT(SG)	marnośći
Inflect marność | N;ESS(SG)	marności
Inflect marność | N;GEN(PL)	marności
Inflect marność | N;NOM(PL)	marności
Inflect marność | N;VOC(PL)	marności
Inflect marność | N;VOC(SG)	marności
Inflect trącić | V;PST;2;PL	trąciłyście
Inflect marzenie | N;ESS(PL)	marzeniach
Inflect marzenie | N;INS(PL)	marzeniami
Inflect marzenie | N;GEN(SG)	marzenia
Inflect marzenie | N;NOM(PL)	marzenia
Inflect marzenie | N;VOC(PL)	marzenia
Inflect marzenie | N;INS(SG)	marzeniem
Inflect marzenie | N;NOM(SG)	marzenie
Inflect marzenie | N;VOC(SG)	marzenie
Inflect marzenie | N;DAT(PL)	marzeniom
Inflect marzenie | N;DAT(SG)	marzeniu
Inflect marzenie | N;ESS(SG)	marzeniu
Inflect marzenie | N;GEN(PL)	marzeń
Inflect lawenda | N;ESS(PL)	lawendach
Inflect lawenda | N;ACC(SG)	lawendę
Inflect lawenda | N;GEN(PL)	lawend
Inflect lawenda | N;DAT(PL)	lawendom
Inflect lawenda | N;VOC(SG)	lawendo
Inflect lawenda | N;ACC(PL)	lawendy
Inflect lawenda | N;GEN(SG)	lawendy
Inflect lawenda | N;NOM(PL)	lawendy
Inflect lawenda | N;VOC(PL)	lawendy
Inflect lawenda | N;DAT(SG)	lawendzie
Inflect lawenda | N;ESS(SG)	lawendzie
Inflect żywiec | N;INS(PL)	żywcami
Inflect żywiec | N;INS(SG)	żywcem
Inflect żywiec | N;ACC(PL)	żywce
Inflect żywiec | N;DAT(PL)	żywcom
Inflect żywiec | N;DAT(SG)	żywcowi
Inflect żywiec | N;GEN(PL)	żywców
Inflect żywiec | N;ESS(SG)	żywcu
Inflect żywiec | N;VOC(SG)	żywcu
Inflect żywiec | N;ACC(SG)	żywiec
Inflect żywiec | N;NOM(SG)	żywiec
Inflect tropikalny | ADJ;ACC(SG,FEM)	tropikalną
Inflect tropikalny | ADJ;INS(SG,FEM)	tropikalną
Inflect tropikalny | ADJ;NOM(SG,FEM)	tropikalna
Inflect tropikalny | ADJ;ACC(PL)	tropikalne
Inflect tropikalny | ADJ;ACC(SG,NEUT)	tropikalne
Inflect tropikalny | ADJ;NOM(SG,NEUT)	tropikalne
Inflect tropikalny | ADJ;NOM(PL)	tropikalne
Inflect tropikalny | ADJ;ACC(SG,MASC,ANIM)	tropikalnego
Inflect tropikalny | ADJ;GEN(SG,MASC)	tropikalnego
Inflect tropikalny | ADJ;ACC(SG,MASC,HUM)	tropikalnego
Inflect tropikalny | ADJ;GEN(SG,NEUT)	tropikalnego
Inflect tropikalny | ADJ;GEN(SG,FEM)	tropikalnej
Inflect tropikalny | ADJ;DAT(SG,MASC)	tropikalnemu
Inflect tropikalny | ADJ;DAT(SG,NEUT)	tropikalnemu
Inflect tropikalny | ADJ;NOM(PL,MASC,HUM)	tropikalni
Inflect tropikalny | ADJ;ACC(SG,MASC,INAN)	tropikalny
Inflect tropikalny | ADJ;NOM(SG,MASC)	tropikalny
Inflect tropikalny | ADJ;ESS(PL)	tropikalnych
Inflect tropikalny | ADJ;GEN(PL)	tropikalnych
Inflect tropikalny | ADJ;ACC(PL,MASC,HUM)	tropikalnych
Inflect tropikalny | ADJ;DAT(PL)	tropikalnym
Inflect tropikalny | ADJ;ESS(SG,MASC)	tropikalnym
Inflect tropikalny | ADJ;ESS(SG,NEUT)	tropikalnym
Inflect tropikalny | ADJ;INS(SG,NEUT)	tropikalnym
Inflect tropikalny | ADJ;INS(PL)	tropikalnymi
Inflect marynarz | N;ESS(PL)	marynarzach
Inflect marynarz | N;ACC(SG)	marynarza
Inflect marynarz | N;GEN(SG)	marynarza
Inflect marynarz | N;INS(SG)	marynarzem
Inflect marynarz | N;NOM(PL)	marynarze
Inflect marynarz | N;VOC(PL)	marynarze
Inflect marynarz | N;NOM(SG)	marynarz
Inflect marynarz | N;DAT(PL)	marynarzom
Inflect marynarz | N;DAT(SG)	marynarzowi
Inflect marynarz | N;ESS(SG)	marynarzu
Inflect szermierka | N;DAT(SG)	szermierce
Inflect szermierka | N;ESS(SG)	szermierce
Inflect szermierka | N;INS(SG)	szermierką
Inflect szermierka | N;NOM(SG)	szermierka
Inflect szermierka | N;ACC(SG)	szermierkę
Inflect szermierka | N;VOC(SG)	szermierko
Inflect dotykać | V;FUT;3;PL;MASC;HUM	będą dotykali
Inflect dotykać | V;FUT;3;PL	będą dotykały
Inflect dotykać | V;FUT;1;SG;FEM	będę dotykała
Inflect dotykać | V;FUT;1;SG;MASC	będę dotykał
Inflect dotykać | V;FUT;2;PL;MASC;HUM	będziecie dotykali
Inflect dotykać | V;FUT;2;PL	będziecie dotykały
Inflect dotykać | V;FUT;3;SG;FEM	będzie dotykała
Inflect dotykać | V;FUT;1;PL;MASC;HUM	będziemy dotykali
Inflect dotykać | V;FUT;1;PL	będziemy dotykały
Inflect dotykać | V;FUT;2;SG;FEM	będziesz dotykała
Inflect dotykać | V;FUT;2;SG;MASC	będziesz dotykał
Inflect dotykać | V;PRS;2;PL	dotykacie
Inflect dotykać | V.PTCP;PST;ACT;SG;FEM	dotykająca
Inflect dotykać | V.PTCP;PST;ACT;PL	dotykające
Inflect dotykać | V.PTCP;PST;ACT;PL;MASC;HUM	dotykający
Inflect dotykać | V.PTCP;PST;ACT;SG;MASC	dotykający
Inflect dotykać | V;PRS;3;PL	dotykają
Inflect dotykać | V;IMP;2;PL	dotykajcie
Inflect dotykać | V;IMP;1;PL	dotykajmy
Inflect dotykać | V;IMP;2;SG	dotykaj
Inflect dotykać | V;COND;2;SG;FEM	dotykałabyś
Inflect dotykać | V;COND;3;SG;FEM	dotykałaby
Inflect dotykać | V;PST;2;SG;FEM	dotykałaś
Inflect dotykać | V;PST;3;SG;FEM	dotykała
Inflect dotykać | V;COND;1;SG;MASC	dotykałbym
Inflect dotykać | V;COND;2;SG;MASC	dotykałbyś
Inflect dotykać | V;COND;3;SG;MASC	dotykałby
Inflect dotykać | V;PST;2;SG;MASC	dotykałeś
Inflect dotykać | V;COND;2;PL;MASC;HUM	dotykalibyście
Inflect dotykać | V;COND;1;PL;MASC;HUM	dotykalibyśmy
Inflect dotykać | V;COND;3;PL;MASC;HUM	dotykaliby
Inflect dotykać | V;PST;2;PL;MASC;HUM	dotykaliście
Inflect dotykać | V;PST;1;PL;MASC;HUM	dotykaliśmy
Inflect dotykać | V;PST;3;PL;MASC;HUM	dotykali
Inflect dotykać | V;COND;3;SG;NEUT	dotykałoby
Inflect dotykać | V;PST;3;SG;NEUT	dotykało
Inflect dotykać | V;PST;3;SG;MASC	dotykał
Inflect dotykać | V;COND;2;PL	dotykałybyście
Inflect dotykać | V;COND;1;PL	dotykałybyśmy
Inflect dotykać | V;COND;3;PL	dotykałyby
Inflect dotykać | V;PST;2;PL	dotykałyście
Inflect dotykać | V;PST;3;PL	dotykały
Inflect dotykać | V.PTCP;PST;PASS;SG;FEM	dotykana
Inflect dotykać | V.PTCP;PST;PASS;PL	dotykane
Inflect dotykać | V.PTCP;PST;PASS;SG;NEUT	dotykane
Inflect dotykać | V.MSDR	dotykanie
Inflect dotykać | V.PTCP;PST;PASS	dotykano
Inflect dotykać | V.PTCP;PST;PASS;SG;MASC	dotykany
Inflect dotykać | V;PRS;2;SG	dotykasz
Inflect dotykać | V;IMP;3;SG	niech dotyka
Inflect strzecha | N;ESS(PL)	strzechach
Inflect strzecha | N;INS(SG)	strzechą
Inflect strzecha | N;ACC(SG)	strzechę
Inflect strzecha | N;GEN(PL)	strzech
Inflect strzecha | N;DAT(PL)	strzechom
Inflect strzecha | N;ACC(PL)	strzechy
Inflect strzecha | N;GEN(SG)	strzechy
Inflect strzecha | N;NOM(PL)	strzechy
Inflect strzecha | N;VOC(PL)	strzechy
Inflect strzecha | N;DAT(SG)	strzesze
Inflect strzecha | N;ESS(SG)	strzesze
Inflect tata | N;ESS(SG)	tacie
Inflect tata | N;ESS(PL)	tatach
Inflect tata | N;INS(PL)	tatami
Inflect tata | N;INS(SG)	tatą
Inflect tata | N;DAT(PL)	tatom
Inflect tata | N;VOC(SG)	tato
Inflect tata | N;NOM(PL)	tatowie
Inflect tata | N;VOC(PL)	tatowie
Inflect tata | N;ACC(PL)	tatów
Inflect tata | N;GEN(PL)	tatów
Inflect ostrów | N;ESS(PL)	ostrowach
Inflect ostrów | N;INS(PL)	ostrowami
Inflect ostrów | N;INS(SG)	ostrowem
Inflect ostrów | N;ESS(SG)	ostrowie
Inflect ostrów | N;NOM(SG)	ostrów
Inflect ostrów | N;DAT(PL)	ostrowom
Inflect ostrów | N;GEN(SG)	ostrowu
Inflect ostrów | N;VOC(PL)	ostrowy
Inflect telefon komórkowy | N;ESS(PL)	telefonach komórkowych
Inflect telefon komórkowy | N;INS(PL)	telefonami komórkowymi
Inflect telefon komórkowy | N;INS(SG)	telefonem komórkowym
Inflect telefon komórkowy | N;ESS(SG)	telefonie komórkowym
Inflect telefon komórkowy | N;VOC(SG)	telefonie komórkowy
Inflect telefon komórkowy | N;ACC(SG)	telefon komórkowy
Inflect telefon komórkowy | N;NOM(SG)	telefon komórkowy
Inflect telefon komórkowy | N;DAT(PL)	telefonom komórkowym
Inflect telefon komórkowy | N;DAT(SG)	telefonowi komórkowemu
Inflect telefon komórkowy | N;GEN(PL)	telefonów komórkowych
Inflect telefon komórkowy | N;ACC(PL)	telefony komórkowe
Inflect telefon komórkowy | N;NOM(PL)	telefony komórkowe
Inflect telefon komórkowy | N;VOC(PL)	telefony komórkowe
Inflect odległość | N;ESS(PL)	odległościach
Inflect odległość | N;INS(PL)	odległościami
Inflect odległość | N;ACC(PL)	odległości
Inflect odległość | N;ESS(SG)	odległości
Inflect odległość | N;GEN(PL)	odległości
Inflect odległość | N;NOM(PL)	odległości
Inflect odległość | N;VOC(SG)	odległości
Inflect odległość | N;DAT(PL)	odległościom
Inflect odległość | N;NOM(SG)	odległość
Inflect zadanie | N;INS(SG)	zadaniem
Inflect immunitet | N;ESS(SG)	immunitecie
Inflect immunitet | N;VOC(SG)	immunitecie
Inflect immunitet | N;ESS(PL)	immunitetach
Inflect immunitet | N;INS(PL)	immunitetami
Inflect immunitet | N;ACC(SG)	immunitet
Inflect immunitet | N;DAT(PL)	immunitetom
Inflect immunitet | N;DAT(SG)	immunitetowi
Inflect immunitet | N;GEN(PL)	immunitetów
Inflect immunitet | N;GEN(SG)	immunitetu
Inflect immunitet | N;ACC(PL)	immunitety
Inflect immunitet | N;NOM(PL)	immunitety
Inflect immunitet | N;VOC(PL)	immunitety
Inflect murzyn | N;GEN(SG)	murzyna
Inflect ciemniejszy | ADJ;NOM(PL,MASC,HUM)	ciemniejsi
Inflect ciemniejszy | ADJ;ACC(SG,FEM)	ciemniejszą
Inflect ciemniejszy | ADJ;INS(SG,FEM)	ciemniejszą
Inflect ciemniejszy | ADJ;ACC(PL)	ciemniejsze
Inflect ciemniejszy | ADJ;ACC(SG,NEUT)	ciemniejsze
Inflect ciemniejszy | ADJ;NOM(PL)	ciemniejsze
Inflect ciemniejszy | ADJ;GEN(SG,MASC)	ciemniejszego
Inflect ciemniejszy | ADJ;GEN(SG,NEUT)	ciemniejszego
Inflect ciemniejszy | ADJ;DAT(SG,FEM)	ciemniejszej
Inflect ciemniejszy | ADJ;ESS(SG,FEM)	ciemniejszej
Inflect ciemniejszy | ADJ;GEN(SG,FEM)	ciemniejszej
Inflect ciemniejszy | ADJ;DAT(SG,MASC)	ciemniejszemu
Inflect ciemniejszy | ADJ;DAT(SG,NEUT)	ciemniejszemu
Inflect ciemniejszy | ADJ;ACC(SG,MASC,INAN)	ciemniejszy
Inflect ciemniejszy | ADJ;NOM(SG,MASC)	ciemniejszy
Inflect ciemniejszy | ADJ;ESS(PL)	ciemniejszych
Inflect ciemniejszy | ADJ;GEN(PL)	ciemniejszych
Inflect ciemniejszy | ADJ;ESS(SG,NEUT)	ciemniejszym
Inflect ciemniejszy | ADJ;INS(SG,NEUT)	ciemniejszym
Inflect chleb | N;ESS(PL)	chlebach
Inflect chleb | N;INS(PL)	chlebami
Inflect chleb | N;GEN(SG)	chleba
Inflect chleb | N;INS(SG)	chlebem
Inflect chleb | N;ESS(SG)	chlebie
Inflect chleb | N;VOC(SG)	chlebie
Inflect chleb | N;ACC(SG)	chleb
Inflect chleb | N;DAT(SG)	chlebowi
Inflect chleb | N;ACC(PL)	chleby
Inflect chleb | N;VOC(PL)	chleby
Inflect abdykacja | N;ESS(PL)	abdykacjach
Inflect abdykacja | N;INS(PL)	abdykacjami
Inflect abdykacja | N;INS(SG)	abdykacją
Inflect abdykacja | N;NOM(SG)	abdykacja
Inflect abdykacja | N;ACC(PL)	abdykacje
Inflect abdykacja | N;NOM(PL)	abdykacje
Inflect abdykacja | N;ESS(SG)	abdykacji
Inflect abdykacja | N;DAT(PL)	abdykacjom
Inflect abdykacja | N;VOC(SG)	abdykacjo
Inflect spodenki | N;GEN(SG)	spodenek
Inflect spodenki | N;INS(SG)	spodenkami
Inflect spodenki | N;ACC(SG)	spodenki
Inflect spodenki | N;NOM(SG)	spodenki
Inflect spodenki | N;DAT(SG)	spodenkom
Inflect żółwik | N;ESS(PL)	żółwikach
Inflect żółwik | N;INS(PL)	żółwikami
Inflect żółwik | N;ACC(SG)	żółwika
Inflect żółwik | N;GEN(SG)	żółwika
Inflect żółwik | N;ACC(PL)	żółwiki
Inflect żółwik | N;NOM(PL)	żółwiki
Inflect żółwik | N;VOC(PL)	żółwiki
Inflect żółwik | N;NOM(SG)	żółwik
Inflect żółwik | N;DAT(PL)	żółwikom
Inflect żółwik | N;DAT(SG)	żółwikowi
Inflect żółwik | N;GEN(PL)	żółwików
Inflect żółwik | N;ESS(SG)	żółwiku
Inflect żółwik | N;VOC(SG)	żółwiku
Inflect chorągiew | N;ACC(SG)	chorągiew
Inflect chorągiew | N;ESS(PL)	chorągwiach
Inflect chorągiew | N;INS(PL)	chorągwiami
Inflect chorągiew | N;NOM(PL)	chorągwie
Inflect chorągiew | N;VOC(PL)	chorągwie
Inflect chorągiew | N;DAT(SG)	chorągwi
Inflect chorągiew | N;ESS(SG)	chorągwi
Inflect chorągiew | N;GEN(SG)	chorągwi
Inflect chorągiew | N;VOC(SG)	chorągwi
Inflect chorągiew | N;DAT(PL)	chorągwiom
Inflect dwórka | N;INS(PL)	dwórkami
Inflect krówka | N;DAT(SG)	krówce
Inflect krówka | N;GEN(PL)	krówek
Inflect krówka | N;INS(PL)	krówkami
Inflect krówka | N;NOM(SG)	krówka
Inflect krówka | N;ACC(PL)	krówki
Inflect krówka | N;GEN(SG)	krówki
Inflect krówka | N;NOM(PL)	krówki
Inflect krówka | N;VOC(SG)	krówko
Inflect fuks | N;ESS(PL)	fuksach
Inflect fuks | N;GEN(SG)	fuksa
Inflect fuks | N;INS(SG)	fuksem
Inflect fuks | N;ACC(SG)	fuks
Inflect fuks | N;NOM(SG)	fuks
Inflect fuks | N;DAT(PL)	fuksom
Inflect fuks | N;DAT(SG)	fuksowi
Inflect fuks | N;GEN(PL)	fuksów
Inflect fuks | N;ACC(PL)	fuksy
Inflect fuks | N;NOM(PL)	fuksy
Inflect zmartwychwstawać | V;FUT;3;PL;MASC;HUM	będą zmartwychwstawali
Inflect zmartwychwstawać | V;FUT;3;PL	będą zmartwychwstawały
Inflect zmartwychwstawać | V;FUT;1;SG;FEM	będę zmartwychwstawała
Inflect zmartwychwstawać | V;FUT;1;SG;MASC	będę zmartwychwstawał
Inflect zmartwychwstawać | V;FUT;1;PL	będziemy zmartwychwstawały
Inflect zmartwychwstawać | V;FUT;2;SG;FEM	będziesz zmartwychwstawała
Inflect zmartwychwstawać | V;FUT;2;SG;MASC	będziesz zmartwychwstawał
Inflect zmartwychwstawać | V;FUT;3;SG;FEM	będzie zmartwychwstawała
Inflect zmartwychwstawać | V;FUT;3;SG;NEUT	będzie zmartwychwstawało
Inflect zmartwychwstawać | V;FUT;3;SG;MASC	będzie zmartwychwstawał
Inflect zmartwychwstawać | V;IMP;3;SG	niech zmartwychwstaje
Inflect zmartwychwstawać | V.PTCP;PST;ACT;SG;FEM	zmartwychwstająca
Inflect zmartwychwstawać | V.PTCP;PST;ACT;SG;NEUT	zmartwychwstające
Inflect zmartwychwstawać | V.PTCP;PST;ACT;SG;MASC	zmartwychwstający
Inflect zmartwychwstawać | V;PRS;3;PL	zmartwychwstają
Inflect zmartwychwstawać | V;PRS;2;PL	zmartwychwstajecie
Inflect zmartwychwstawać | V;PRS;1;PL	zmartwychwstajemy
Inflect zmartwychwstawać | V;PRS;2;SG	zmartwychwstajesz
Inflect zmartwychwstawać | V;PRS;1;SG	zmartwychwstaję
Inflect zmartwychwstawać | V;PRS;3;SG	zmartwychwstaje
Inflect zmartwychwstawać | V;NFIN	zmartwychwstawać
Inflect zmartwychwstawać | V;IMP;2;PL	zmartwychwstawajcie
Inflect zmartwychwstawać | V;IMP;1;PL	zmartwychwstawajmy
Inflect zmartwychwstawać | V;IMP;2;SG	zmartwychwstawaj
Inflect zmartwychwstawać | V;COND;1;SG;FEM	zmartwychwstawałabym
Inflect zmartwychwstawać | V;COND;2;SG;FEM	zmartwychwstawałabyś
Inflect zmartwychwstawać | V;COND;3;SG;FEM	zmartwychwstawałaby
Inflect zmartwychwstawać | V;PST;1;SG;FEM	zmartwychwstawałam
Inflect zmartwychwstawać | V;PST;2;SG;FEM	zmartwychwstawałaś
Inflect zmartwychwstawać | V;COND;2;SG;MASC	zmartwychwstawałbyś
Inflect zmartwychwstawać | V;COND;3;SG;MASC	zmartwychwstawałby
Inflect zmartwychwstawać | V;PST;1;SG;MASC	zmartwychwstawałem
Inflect zmartwychwstawać | V;PST;2;SG;MASC	zmartwychwstawałeś
Inflect zmartwychwstawać | V;PST;2;PL;MASC;HUM	zmartwychwstawaliście
Inflect zmartwychwstawać | V;PST;1;PL;MASC;HUM	zmartwychwstawaliśmy
Inflect zmartwychwstawać | V;PST;3;PL;MASC;HUM	zmartwychwstawali
Inflect zmartwychwstawać | V;COND;3;SG;NEUT	zmartwychwstawałoby
Inflect zmartwychwstawać | V;PST;3;SG;NEUT	zmartwychwstawało
Inflect zmartwychwstawać | V;PST;3;SG;MASC	zmartwychwstawał
Inflect zmartwychwstawać | V;COND;2;PL	zmartwychwstawałybyście
Inflect zmartwychwstawać | V;COND;1;PL	zmartwychwstawałybyśmy
Inflect zmartwychwstawać | V;COND;3;PL	zmartwychwstawałyby
Inflect zmartwychwstawać | V;PST;1;PL	zmartwychwstawałyśmy
Inflect zmartwychwstawać | V;PST;3;PL	zmartwychwstawały
Inflect zmartwychwstawać | V.MSDR	zmartwychwstawanie
Inflect zmartwychwstawać | V.PTCP;PST;PASS	zmartwychwstawano
Inflect bor | N;NOM(SG)	bor
Inflect ucieczka | N;DAT(SG)	ucieczce
Inflect ucieczka | N;ESS(SG)	ucieczce
Inflect ucieczka | N;GEN(PL)	ucieczek
Inflect ucieczka | N;ESS(PL)	ucieczkach
Inflect ucieczka | N;INS(PL)	ucieczkami
Inflect ucieczka | N;INS(SG)	ucieczką
Inflect ucieczka | N;NOM(SG)	ucieczka
Inflect ucieczka | N;ACC(SG)	ucieczkę
Inflect ucieczka | N;ACC(PL)	ucieczki
Inflect ucieczka | N;GEN(SG)	ucieczki
Inflect ucieczka | N;NOM(PL)	ucieczki
Inflect ucieczka | N;VOC(PL)	ucieczki
Inflect ucieczka | N;DAT(PL)	ucieczkom
Inflect ucieczka | N;VOC(SG)	ucieczko
Inflect piłeczka | N;DAT(SG)	piłeczce
Inflect piłeczka | N;GEN(PL)	piłeczek
Inflect piłeczka | N;ESS(PL)	piłeczkach
Inflect piłeczka | N;INS(PL)	piłeczkami
Inflect piłeczka | N;INS(SG)	piłeczką
Inflect piłeczka | N;NOM(SG)	piłeczka
Inflect piłeczka | N;ACC(SG)	piłeczkę
Inflect piłeczka | N;ACC(PL)	piłeczki
Inflect piłeczka | N;GEN(SG)	piłeczki
Inflect piłeczka | N;NOM(PL)	piłeczki
Inflect piłeczka | N;VOC(PL)	piłeczki
Inflect piłeczka | N;DAT(PL)	piłeczkom
Inflect piłeczka | N;VOC(SG)	piłeczko
Inflect opona | N;ESS(PL)	oponach
Inflect opona | N;INS(PL)	oponami
Inflect opona | N;INS(SG)	oponą
Inflect opona | N;NOM(SG)	opona
Inflect opona | N;ACC(SG)	oponę
Inflect opona | N;ESS(SG)	oponie
Inflect opona | N;GEN(PL)	opon
Inflect opona | N;ACC(PL)	opony
Inflect opona | N;NOM(PL)	opony
Inflect opona | N;VOC(PL)	opony
Inflect turkusowy | ADJ;INS(SG,FEM)	turkusową
Inflect turkusowy | ADJ;NOM(SG,NEUT)	turkusowe
Inflect turkusowy | ADJ;NOM(PL)	turkusowe
Inflect turkusowy | ADJ;ACC(SG,MASC,ANIM)	turkusowego
Inflect turkusowy | ADJ;ACC(SG,MASC,HUM)	turkusowego
Inflect turkusowy | ADJ;GEN(SG,NEUT)	turkusowego
Inflect turkusowy | ADJ;DAT(SG,FEM)	turkusowej
Inflect turkusowy | ADJ;ESS(SG,FEM)	turkusowej
Inflect turkusowy | ADJ;DAT(SG,MASC)	turkusowemu
Inflect turkusowy | ADJ;DAT(SG,NEUT)	turkusowemu
Inflect turkusowy | ADJ;NOM(PL,MASC,HUM)	turkusowi
Inflect turkusowy | ADJ;ACC(SG,MASC,INAN)	turkusowy
Inflect turkusowy | ADJ;NOM(SG,MASC)	turkusowy
Inflect turkusowy | ADJ;GEN(PL)	turkusowych
Inflect turkusowy | ADJ;ACC(PL,MASC,HUM)	turkusowych
Inflect turkusowy | ADJ;ESS(SG,MASC)	turkusowym
Inflect turkusowy | ADJ;ESS(SG,NEUT)	turkusowym
Inflect turkusowy | ADJ;INS(SG,NEUT)	turkusowym
Inflect turkusowy | ADJ;INS(PL)	turkusowymi
Inflect rękojeść | N;ESS(PL)	rękojeściach
Inflect rękojeść | N;INS(PL)	rękojeściami
Inflect rękojeść | N;DAT(SG)	rękojeści
Inflect rękojeść | N;ESS(SG)	rękojeści
Inflect rękojeść | N;NOM(PL)	rękojeści
Inflect rękojeść | N;VOC(PL)	rękojeści
Inflect rękojeść | N;VOC(SG)	rękojeści
Inflect rękojeść | N;DAT(PL)	rękojeściom
Inflect rękojeść | N;ACC(SG)	rękojeść
Inflect rękojeść | N;NOM(SG)	rękojeść
Inflect marakuja | N;DAT(SG)	marakui
Inflect marakuja | N;GEN(SG)	marakui
Inflect marakuja | N;ESS(PL)	marakujach
Inflect marakuja | N;INS(PL)	marakujami
Inflect marakuja | N;INS(SG)	marakują
Inflect marakuja | N;NOM(SG)	marakuja
Inflect marakuja | N;ACC(PL)	marakuje
Inflect marakuja | N;NOM(PL)	marakuje
Inflect marakuja | N;VOC(PL)	marakuje
Inflect marakuja | N;GEN(PL)	marakuj
Inflect marakuja | N;DAT(PL)	marakujom
Inflect marakuja | N;VOC(SG)	marakujo
Inflect teks | N;INS(PL)	teksami
Inflect teks | N;INS(SG)	teksem
Inflect teks | N;VOC(SG)	teksie
Inflect teks | N;NOM(SG)	teks
Inflect teks | N;DAT(PL)	teksom
Inflect teks | N;GEN(PL)	teksów
Inflect teks | N;GEN(SG)	teksu
Inflect teks | N;VOC(PL)	teksy
Inflect elektroda | N;ESS(PL)	elektrodach
Inflect elektroda | N;INS(PL)	elektrodami
Inflect elektroda | N;INS(SG)	elektrodą
Inflect elektroda | N;NOM(SG)	elektroda
Inflect elektroda | N;ACC(SG)	elektrodę
Inflect elektroda | N;DAT(PL)	elektrodom
Inflect elektroda | N;VOC(SG)	elektrodo
Inflect elektroda | N;ACC(PL)	elektrody
Inflect elektroda | N;GEN(SG)	elektrody
Inflect elektroda | N;NOM(PL)	elektrody
Inflect elektroda | N;ESS(SG)	elektrodzie
Inflect saletra | N;INS(SG)	saletrą
Inflect saletra | N;NOM(SG)	saletra
Inflect saletra | N;ACC(SG)	saletrę
Inflect saletra | N;VOC(SG)	saletro
Inflect saletra | N;GEN(SG)	saletry
Inflect saletra | N;DAT(SG)	saletrze
Inflect saletra | N;ESS(SG)	saletrze
Inflect trącić | V;PST;3;PL	trąciły
Inflect trącić | V;FUT;1;PL	trącimy
Inflect patafian | N;ESS(PL)	patafianach
Inflect patafian | N;INS(PL)	patafianami
Inflect patafian | N;ACC(SG)	patafiana
Inflect patafian | N;ESS(SG)	patafianie
Inflect patafian | N;VOC(SG)	patafianie
Inflect patafian | N;NOM(SG)	patafian
Inflect patafian | N;DAT(SG)	patafianowi
Inflect patafian | N;GEN(PL)	patafianów
Inflect patafian | N;NOM(PL)	patafiany
Inflect żyć | V;IMP;3;PL	niech żyją
Inflect żyć | V;IMP;3;SG	niech żyje
Inflect grzbiet | N;INS(PL)	grzbietami
Inflect grzbiet | N;ACC(SG)	grzbiet
Inflect grzbiet | N;NOM(SG)	grzbiet
Inflect grzbiet | N;DAT(PL)	grzbietom
Inflect grzbiet | N;DAT(SG)	grzbietowi
Inflect grzbiet | N;GEN(PL)	grzbietów
Inflect grzbiet | N;GEN(SG)	grzbietu
Inflect grzbiet | N;ACC(PL)	grzbiety
Inflect grzbiet | N;NOM(PL)	grzbiety
Inflect grzbiet | N;VOC(PL)	grzbiety
Inflect aalen | N;INS(SG)	aalenem
Inflect aalen | N;ESS(SG)	aalenie
Inflect aalen | N;ACC(SG)	aalen
Inflect aalen | N;NOM(SG)	aalen
Inflect aalen | N;DAT(SG)	aalenowi
Inflect aalen | N;GEN(SG)	aalenu
Inflect rzymski | ADJ;NOM(PL,MASC,HUM)	rzymscy
Inflect rzymski | ADJ;ACC(SG,FEM)	rzymską
Inflect rzymski | ADJ;INS(SG,FEM)	rzymską
Inflect rzymski | ADJ;NOM(SG,FEM)	rzymska
Inflect rzymski | ADJ;ACC(SG,MASC,INAN)	rzymski
Inflect rzymski | ADJ;GEN(PL)	rzymskich
Inflect rzymski | ADJ;ACC(PL)	rzymskie
Inflect rzymski | ADJ;ACC(SG,NEUT)	rzymskie
Inflect rzymski | ADJ;NOM(SG,NEUT)	rzymskie
Inflect rzymski | ADJ;ACC(SG,MASC,ANIM)	rzymskiego
Inflect rzymski | ADJ;GEN(SG,MASC)	rzymskiego
Inflect rzymski | ADJ;ACC(SG,MASC,HUM)	rzymskiego
Inflect rzymski | ADJ;GEN(SG,NEUT)	rzymskiego
Inflect rzymski | ADJ;DAT(SG,FEM)	rzymskiej
Inflect rzymski | ADJ;ESS(SG,FEM)	rzymskiej
Inflect rzymski | ADJ;DAT(SG,MASC)	rzymskiemu
Inflect rzymski | ADJ;DAT(SG,NEUT)	rzymskiemu
Inflect rzymski | ADJ;ESS(SG,MASC)	rzymskim
Inflect rzymski | ADJ;INS(SG,MASC)	rzymskim
Inflect rzymski | ADJ;ESS(SG,NEUT)	rzymskim
Inflect rzymski | ADJ;INS(SG,NEUT)	rzymskim
Inflect rzymski | ADJ;INS(PL)	rzymskimi
Inflect wola | N;ESS(PL)	wolach
Inflect wola | N;INS(PL)	wolami
Inflect wola | N;ACC(PL)	wole
Inflect wola | N;ACC(SG)	wolę
Inflect wola | N;NOM(PL)	wole
Inflect wola | N;VOC(PL)	wole
Inflect wola | N;DAT(SG)	woli
Inflect wola | N;ESS(SG)	woli
Inflect wola | N;GEN(SG)	woli
Inflect wola | N;GEN(PL)	wol
Inflect wola | N;VOC(SG)	wolo
Inflect parweniusz | N;INS(PL)	parweniuszami
Inflect parweniusz | N;ACC(SG)	parweniusza
Inflect parweniusz | N;INS(SG)	parweniuszem
Inflect parweniusz | N;NOM(PL)	parweniusze
Inflect parweniusz | N;VOC(PL)	parweniusze
Inflect parweniusz | N;NOM(SG)	parweniusz
Inflect parweniusz | N;DAT(PL)	parweniuszom
Inflect parweniusz | N;DAT(SG)	parweniuszowi
Inflect parweniusz | N;ESS(SG)	parweniuszu
Inflect parweniusz | N;VOC(SG)	parweniuszu
Inflect parweniusz | N;GEN(PL)	parweniuszy
Inflect ozon | N;INS(SG)	ozonem
Inflect ozon | N;ESS(SG)	ozonie
Inflect ozon | N;VOC(SG)	ozonie
Inflect ozon | N;NOM(SG)	ozon
Inflect ozon | N;GEN(SG)	ozonu
Inflect jantar | N;ESS(PL)	jantarach
Inflect jantar | N;INS(PL)	jantarami
Inflect jantar | N;INS(SG)	jantarem
Inflect jantar | N;ACC(SG)	jantar
Inflect jantar | N;NOM(SG)	jantar
Inflect jantar | N;DAT(PL)	jantarom
Inflect jantar | N;DAT(SG)	jantarowi
Inflect jantar | N;GEN(SG)	jantaru
Inflect jantar | N;ACC(PL)	jantary
Inflect jantar | N;NOM(PL)	jantary
Inflect galeon | N;ESS(PL)	galeonach
Inflect galeon | N;INS(PL)	galeonami
Inflect galeon | N;INS(SG)	galeonem
Inflect galeon | N;VOC(SG)	galeonie
Inflect galeon | N;ACC(SG)	galeon
Inflect galeon | N;NOM(SG)	galeon
Inflect galeon | N;DAT(PL)	galeonom
Inflect galeon | N;DAT(SG)	galeonowi
Inflect galeon | N;GEN(PL)	galeonów
Inflect galeon | N;GEN(SG)	galeonu
Inflect galeon | N;ACC(PL)	galeony
Inflect galeon | N;NOM(PL)	galeony
Inflect galeon | N;VOC(PL)	galeony
Inflect poroniony | ADJ;NOM(PL,MASC,HUM)	poronieni
Inflect poroniony | ADJ;ACC(SG,FEM)	poronioną
Inflect poroniony | ADJ;INS(SG,FEM)	poronioną
Inflect poroniony | ADJ;NOM(SG,FEM)	poroniona
Inflect poroniony | ADJ;ACC(PL)	poronione
Inflect poroniony | ADJ;NOM(SG,NEUT)	poronione
Inflect poroniony | ADJ;NOM(PL)	poronione
Inflect poroniony | ADJ;ACC(SG,MASC,ANIM)	poronionego
Inflect poroniony | ADJ;GEN(SG,MASC)	poronionego
Inflect poroniony | ADJ;ACC(SG,MASC,HUM)	poronionego
Inflect poroniony | ADJ;GEN(SG,NEUT)	poronionego
Inflect poroniony | ADJ;ESS(SG,FEM)	poronionej
Inflect poroniony | ADJ;GEN(SG,FEM)	poronionej
Inflect poroniony | ADJ;DAT(SG,MASC)	poronionemu
Inflect poroniony | ADJ;DAT(SG,NEUT)	poronionemu
Inflect poroniony | ADJ;ACC(SG,MASC,INAN)	poroniony
Inflect poroniony | ADJ;ESS(PL)	poronionych
Inflect poroniony | ADJ;GEN(PL)	poronionych
Inflect poroniony | ADJ;ACC(PL,MASC,HUM)	poronionych
Inflect poroniony | ADJ;DAT(PL)	poronionym
Inflect poroniony | ADJ;ESS(SG,MASC)	poronionym
Inflect poroniony | ADJ;INS(SG,MASC)	poronionym
Inflect poroniony | ADJ;ESS(SG,NEUT)	poronionym
Inflect poroniony | ADJ;INS(PL)	poronionymi
Inflect mol | N;NOM(SG)	mol
Inflect najwyższy | ADJ;NOM(PL,MASC,HUM)	najwyżsi
Inflect najwyższy | ADJ;ACC(SG,FEM)	najwyższą
Inflect najwyższy | ADJ;INS(SG,FEM)	najwyższą
Inflect najwyższy | ADJ;NOM(SG,FEM)	najwyższa
Inflect najwyższy | ADJ;ACC(SG,NEUT)	najwyższe
Inflect najwyższy | ADJ;NOM(SG,NEUT)	najwyższe
Inflect najwyższy | ADJ;NOM(PL)	najwyższe
Inflect najwyższy | ADJ;ACC(SG,MASC,ANIM)	najwyższego
Inflect najwyższy | ADJ;GEN(SG,MASC)	najwyższego
Inflect najwyższy | ADJ;ACC(SG,MASC,HUM)	najwyższego
Inflect najwyższy | ADJ;GEN(SG,NEUT)	najwyższego
Inflect najwyższy | ADJ;DAT(SG,FEM)	najwyższej
Inflect najwyższy | ADJ;GEN(SG,FEM)	najwyższej
Inflect najwyższy | ADJ;DAT(SG,MASC)	najwyższemu
Inflect najwyższy | ADJ;DAT(SG,NEUT)	najwyższemu
Inflect najwyższy | ADJ;NOM(SG,MASC)	najwyższy
Inflect najwyższy | ADJ;GEN(PL)	najwyższych
Inflect najwyższy | ADJ;DAT(PL)	najwyższym
Inflect najwyższy | ADJ;ESS(SG,MASC)	najwyższym
Inflect najwyższy | ADJ;INS(SG,MASC)	najwyższym
Inflect najwyższy | ADJ;INS(SG,NEUT)	najwyższym
Inflect mech | N;ESS(PL)	mchach
Inflect mech | N;INS(SG)	mchem
Inflect mech | N;DAT(SG)	mchowi
Inflect mech | N;GEN(PL)	mchów
Inflect mech | N;ESS(SG)	mchu
Inflect mech | N;GEN(SG)	mchu
Inflect mech | N;ACC(PL)	mchy
Inflect mech | N;NOM(PL)	mchy
Inflect mech | N;VOC(PL)	mchy
Inflect żłobek | N;INS(SG)	żłobkiem
Inflect sfora | N;ESS(PL)	sforach
Inflect sfora | N;INS(SG)	sforą
Inflect sfora | N;NOM(SG)	sfora
Inflect sfora | N;DAT(PL)	sforom
Inflect sfora | N;VOC(SG)	sforo
Inflect sfora | N;GEN(SG)	sfory
Inflect sfora | N;NOM(PL)	sfory
Inflect sfora | N;VOC(PL)	sfory
Inflect sfora | N;DAT(SG)	sforze
Inflect sfora | N;ESS(SG)	sforze
Inflect bor | N;ACC(SG)	bor
Inflect równiejszy | ADJ;NOM(PL,MASC,HUM)	równiejsi
Inflect równiejszy | ADJ;INS(SG,FEM)	równiejszą
Inflect równiejszy | ADJ;NOM(SG,FEM)	równiejsza
Inflect równiejszy | ADJ;ACC(PL)	równiejsze
Inflect równiejszy | ADJ;ACC(SG,NEUT)	równiejsze
Inflect równiejszy | ADJ;NOM(SG,NEUT)	równiejsze
Inflect równiejszy | ADJ;NOM(PL)	równiejsze
Inflect równiejszy | ADJ;ACC(SG,MASC,ANIM)	równiejszego
Inflect równiejszy | ADJ;GEN(SG,MASC)	równiejszego
Inflect równiejszy | ADJ;GEN(SG,NEUT)	równiejszego
Inflect równiejszy | ADJ;DAT(SG,FEM)	równiejszej
Inflect równiejszy | ADJ;GEN(SG,FEM)	równiejszej
Inflect równiejszy | ADJ;DAT(SG,MASC)	równiejszemu
Inflect równiejszy | ADJ;DAT(SG,NEUT)	równiejszemu
Inflect równiejszy | ADJ;ACC(SG,MASC,INAN)	równiejszy
Inflect równiejszy | ADJ;NOM(SG,MASC)	równiejszy
Inflect równiejszy | ADJ;ESS(PL)	równiejszych
Inflect równiejszy | ADJ;GEN(PL)	równiejszych
Inflect równiejszy | ADJ;ACC(PL,MASC,HUM)	równiejszych
Inflect równiejszy | ADJ;DAT(PL)	równiejszym
Inflect równiejszy | ADJ;ESS(SG,MASC)	równiejszym
Inflect równiejszy | ADJ;INS(SG,MASC)	równiejszym
Inflect równiejszy | ADJ;ESS(SG,NEUT)	równiejszym
Inflect równiejszy | ADJ;INS(SG,NEUT)	równiejszym
Inflect równiejszy | ADJ;INS(PL)	równiejszymi
Inflect Bułgar | N;INS(PL)	Bułgarami
Inflect Bułgar | N;ACC(SG)	Bułgara
Inflect Bułgar | N;GEN(SG)	Bułgara
Inflect Bułgar | N;INS(SG)	Bułgarem
Inflect Bułgar | N;NOM(SG)	Bułgar
Inflect Bułgar | N;DAT(SG)	Bułgarowi
Inflect Bułgar | N;ACC(PL)	Bułgarów
Inflect Bułgar | N;GEN(PL)	Bułgarów
Inflect Bułgar | N;NOM(PL)	Bułgarzy
Inflect Bułgar | N;VOC(PL)	Bułgarzy
Inflect kalina | N;ESS(PL)	kalinach
Inflect kalina | N;INS(PL)	kalinami
Inflect kalina | N;INS(SG)	kaliną
Inflect kalina | N;NOM(SG)	kalina
Inflect kalina | N;ACC(SG)	kalinę
Inflect kalina | N;ESS(SG)	kalinie
Inflect kalina | N;GEN(PL)	kalin
Inflect kalina | N;DAT(PL)	kalinom
Inflect kalina | N;VOC(SG)	kalino
Inflect kalina | N;NOM(PL)	kaliny
Inflect kalina | N;VOC(PL)	kaliny
Inflect alkohol | N;ESS(PL)	alkoholach
Inflect alkohol | N;INS(PL)	alkoholami
Inflect alkohol | N;INS(SG)	alkoholem
Inflect alkohol | N;NOM(PL)	alkohole
Inflect alkohol | N;NOM(SG)	alkohol
Inflect alkohol | N;DAT(PL)	alkoholom
Inflect alkohol | N;ESS(SG)	alkoholu
Inflect alkohol | N;GEN(SG)	alkoholu
Inflect wajcha | N;ESS(PL)	wajchach
Inflect wajcha | N;INS(PL)	wajchami
Inflect wajcha | N;INS(SG)	wajchą
Inflect wajcha | N;NOM(SG)	wajcha
Inflect wajcha | N;ACC(SG)	wajchę
Inflect wajcha | N;GEN(PL)	wajch
Inflect wajcha | N;DAT(PL)	wajchom
Inflect wajcha | N;ACC(PL)	wajchy
Inflect wajcha | N;GEN(SG)	wajchy
Inflect wajcha | N;DAT(SG)	wajsze
Inflect kszyk | N;ESS(PL)	kszykach
Inflect kszyk | N;INS(PL)	kszykami
Inflect kszyk | N;GEN(SG)	kszyka
Inflect kszyk | N;INS(SG)	kszykiem
Inflect kszyk | N;ACC(PL)	kszyki
Inflect kszyk | N;NOM(PL)	kszyki
Inflect kszyk | N;VOC(PL)	kszyki
Inflect kszyk | N;NOM(SG)	kszyk
Inflect kszyk | N;DAT(PL)	kszykom
Inflect kszyk | N;DAT(SG)	kszykowi
Inflect kszyk | N;GEN(PL)	kszyków
Inflect kszyk | N;ESS(SG)	kszyku
Inflect kszyk | N;VOC(SG)	kszyku
Inflect najemnik | N;NOM(PL)	najemnicy
Inflect najemnik | N;VOC(PL)	najemnicy
Inflect najemnik | N;ESS(PL)	najemnikach
Inflect najemnik | N;ACC(SG)	najemnika
Inflect najemnik | N;GEN(SG)	najemnika
Inflect najemnik | N;INS(SG)	najemnikiem
Inflect najemnik | N;NOM(SG)	najemnik
Inflect najemnik | N;DAT(PL)	najemnikom
Inflect najemnik | N;DAT(SG)	najemnikowi
Inflect najemnik | N;ACC(PL)	najemników
Inflect najemnik | N;GEN(PL)	najemników
Inflect najemnik | N;ESS(SG)	najemniku
Inflect najemnik | N;VOC(SG)	najemniku
Inflect rogalik | N;ESS(PL)	rogalikach
Inflect rogalik | N;GEN(SG)	rogalika
Inflect rogalik | N;ACC(PL)	rogaliki
Inflect rogalik | N;NOM(PL)	rogaliki
Inflect rogalik | N;ACC(SG)	rogalik
Inflect rogalik | N;NOM(SG)	rogalik
Inflect rogalik | N;DAT(PL)	rogalikom
Inflect rogalik | N;DAT(SG)	rogalikowi
Inflect rogalik | N;GEN(PL)	rogalików
Inflect rogalik | N;ESS(SG)	rogaliku
Inflect rogalik | N;VOC(SG)	rogaliku
Inflect wnętrze | N;ESS(PL)	wnętrzach
Inflect wnętrze | N;INS(PL)	wnętrzami
Inflect wnętrze | N;ACC(PL)	wnętrza
Inflect wnętrze | N;GEN(SG)	wnętrza
Inflect wnętrze | N;NOM(PL)	wnętrza
Inflect wnętrze | N;VOC(PL)	wnętrza
Inflect wnętrze | N;INS(SG)	wnętrzem
Inflect wnętrze | N;ACC(SG)	wnętrze
Inflect wnętrze | N;GEN(PL)	wnętrz
Inflect wnętrze | N;DAT(PL)	wnętrzom
Inflect wnętrze | N;ESS(SG)	wnętrzu
Inflect koparka | N;DAT(SG)	koparce
Inflect koparka | N;ESS(SG)	koparce
Inflect koparka | N;GEN(PL)	koparek
Inflect koparka | N;INS(PL)	koparkami
Inflect koparka | N;INS(SG)	koparką
Inflect koparka | N;NOM(SG)	koparka
Inflect koparka | N;ACC(SG)	koparkę
Inflect koparka | N;ACC(PL)	koparki
Inflect koparka | N;GEN(SG)	koparki
Inflect koparka | N;VOC(SG)	koparko
Inflect nowe | ADJ;ACC(SG,FEM)	nową
Inflect nowe | ADJ;INS(SG,FEM)	nową
Inflect nowe | ADJ;NOM(SG,FEM)	nowa
Inflect nowe | ADJ;ACC(SG,NEUT)	nowe
Inflect nowe | ADJ;NOM(SG,NEUT)	nowe
Inflect nowe | ADJ;NOM(PL)	nowe
Inflect nowe | ADJ;ACC(SG,MASC,ANIM)	nowego
Inflect nowe | ADJ;GEN(SG,MASC)	nowego
Inflect nowe | ADJ;ACC(SG,MASC,HUM)	nowego
Inflect nowe | ADJ;GEN(SG,NEUT)	nowego
Inflect nowe | ADJ;DAT(SG,FEM)	nowej
Inflect nowe | ADJ;GEN(SG,FEM)	nowej
Inflect nowe | ADJ;DAT(SG,MASC)	nowemu
Inflect nowe | ADJ;DAT(SG,NEUT)	nowemu
Inflect nowe | ADJ;NOM(PL,MASC,HUM)	nowi
Inflect nowe | ADJ;ACC(SG,MASC,INAN)	nowy
Inflect nowe | ADJ;ESS(PL)	nowych
Inflect nowe | ADJ;GEN(PL)	nowych
Inflect nowe | ADJ;ACC(PL,MASC,HUM)	nowych
Inflect nowe | ADJ;DAT(PL)	nowym
Inflect nowe | ADJ;ESS(SG,MASC)	nowym
Inflect nowe | ADJ;INS(SG,MASC)	nowym
Inflect nowe | ADJ;INS(SG,NEUT)	nowym
Inflect nowe | ADJ;INS(PL)	nowymi
Inflect abonowanie | N;GEN(SG)	abonowania
Inflect abonowanie | N;INS(SG)	abonowaniem
Inflect abonowanie | N;NOM(SG)	abonowanie
Inflect abonowanie | N;VOC(SG)	abonowanie
Inflect abonowanie | N;DAT(SG)	abonowaniu
Inflect abonowanie | N;ESS(SG)	abonowaniu
Inflect złotówa | N;ESS(PL)	złotówach
Inflect złotówa | N;INS(PL)	złotówami
Inflect złotówa | N;GEN(PL)	złotów
Inflect złotówa | N;DAT(PL)	złotówom
Inflect złotówa | N;ACC(PL)	złotówy
Inflect złotówa | N;GEN(SG)	złotówy
Inflect karambol | N;INS(PL)	karambolami
Inflect karambol | N;INS(SG)	karambolem
Inflect karambol | N;ACC(PL)	karambole
Inflect karambol | N;NOM(PL)	karambole
Inflect karambol | N;VOC(PL)	karambole
Inflect karambol | N;GEN(PL)	karamboli
Inflect karambol | N;ACC(SG)	karambol
Inflect karambol | N;NOM(SG)	karambol
Inflect karambol | N;DAT(PL)	karambolom
Inflect karambol | N;DAT(SG)	karambolowi
Inflect karambol | N;ESS(SG)	karambolu
Inflect karambol | N;GEN(SG)	karambolu
Inflect kolanowy | ADJ;ACC(SG,FEM)	kolanową
Inflect kolanowy | ADJ;NOM(SG,FEM)	kolanowa
Inflect kolanowy | ADJ;ACC(SG,NEUT)	kolanowe
Inflect kolanowy | ADJ;NOM(SG,NEUT)	kolanowe
Inflect kolanowy | ADJ;NOM(PL)	kolanowe
Inflect kolanowy | ADJ;ACC(SG,MASC,ANIM)	kolanowego
Inflect kolanowy | ADJ;GEN(SG,NEUT)	kolanowego
Inflect kolanowy | ADJ;DAT(SG,FEM)	kolanowej
Inflect kolanowy | ADJ;ESS(SG,FEM)	kolanowej
Inflect kolanowy | ADJ;DAT(SG,MASC)	kolanowemu
Inflect kolanowy | ADJ;DAT(SG,NEUT)	kolanowemu
Inflect kolanowy | ADJ;NOM(PL,MASC,HUM)	kolanowi
Inflect kolanowy | ADJ;ACC(SG,MASC,INAN)	kolanowy
Inflect kolanowy | ADJ;NOM(SG,MASC)	kolanowy
Inflect kolanowy | ADJ;DAT(PL)	kolanowym
Inflect kolanowy | ADJ;ESS(SG,MASC)	kolanowym
Inflect kolanowy | ADJ;INS(SG,MASC)	kolanowym
Inflect kolanowy | ADJ;INS(SG,NEUT)	kolanowym
Inflect legion | N;ESS(PL)	legionach
Inflect legion | N;INS(PL)	legionami
Inflect legion | N;ESS(SG)	legionie
Inflect legion | N;VOC(SG)	legionie
Inflect legion | N;NOM(SG)	legion
Inflect legion | N;DAT(PL)	legionom
Inflect legion | N;DAT(SG)	legionowi
Inflect legion | N;GEN(PL)	legionów
Inflect legion | N;ACC(PL)	legiony
Inflect legion | N;NOM(PL)	legiony
Inflect dęga | N;DAT(SG)	dędze
Inflect dęga | N;ESS(SG)	dędze
Inflect dęga | N;ESS(PL)	dęgach
Inflect dęga | N;INS(PL)	dęgami
Inflect dęga | N;INS(SG)	dęgą
Inflect dęga | N;NOM(SG)	dęga
Inflect dęga | N;ACC(SG)	dęgę
Inflect dęga | N;GEN(SG)	dęgi
Inflect dęga | N;NOM(PL)	dęgi
Inflect dęga | N;VOC(PL)	dęgi
Inflect dęga | N;GEN(PL)	dęg
Inflect dęga | N;DAT(PL)	dęgom
Inflect wiano | N;INS(PL)	wianami
Inflect wiano | N;ACC(PL)	wiana
Inflect wiano | N;GEN(SG)	wiana
Inflect wiano | N;VOC(PL)	wiana
Inflect wiano | N;INS(SG)	wianem
Inflect wiano | N;GEN(PL)	wian
Inflect wiano | N;DAT(PL)	wianom
Inflect wiano | N;NOM(SG)	wiano
Inflect wiano | N;VOC(SG)	wiano
Inflect balista | N;ESS(SG)	baliście
Inflect balista | N;NOM(SG)	balista
Inflect balista | N;ACC(SG)	balistę
Inflect balista | N;GEN(PL)	balist
Inflect balista | N;DAT(PL)	balistom
Inflect balista | N;VOC(SG)	balisto
Inflect balista | N;ACC(PL)	balisty
Inflect balista | N;GEN(SG)	balisty
Inflect balista | N;NOM(PL)	balisty
Inflect balista | N;VOC(PL)	balisty
Inflect bomba | N;ESS(PL)	bombach
Inflect bomba | N;INS(PL)	bombami
Inflect bomba | N;NOM(SG)	bomba
Inflect bomba | N;ACC(SG)	bombę
Inflect bomba | N;DAT(SG)	bombie
Inflect bomba | N;ESS(SG)	bombie
Inflect bomba | N;GEN(PL)	bomb
Inflect bomba | N;DAT(PL)	bombom
Inflect bomba | N;GEN(SG)	bomby
Inflect bomba | N;NOM(PL)	bomby
Inflect bomba | N;VOC(PL)	bomby
Inflect profil | N;ESS(PL)	profilach
Inflect profil | N;ACC(PL)	profile
Inflect profil | N;NOM(PL)	profile
Inflect profil | N;VOC(PL)	profile
Inflect profil | N;ACC(SG)	profil
Inflect profil | N;NOM(SG)	profil
Inflect profil | N;DAT(SG)	profilowi
Inflect profil | N;ESS(SG)	profilu
Inflect profil | N;GEN(SG)	profilu
Inflect opowiadanie | N;ESS(PL)	opowiadaniach
Inflect opowiadanie | N;INS(PL)	opowiadaniami
Inflect opowiadanie | N;ACC(PL)	opowiadania
Inflect opowiadanie | N;GEN(SG)	opowiadania
Inflect opowiadanie | N;NOM(PL)	opowiadania
Inflect opowiadanie | N;VOC(PL)	opowiadania
Inflect opowiadanie | N;INS(SG)	opowiadaniem
Inflect opowiadanie | N;ACC(SG)	opowiadanie
Inflect opowiadanie | N;NOM(SG)	opowiadanie
Inflect opowiadanie | N;DAT(SG)	opowiadaniu
Inflect opowiadanie | N;ESS(SG)	opowiadaniu
Inflect opowiadanie | N;GEN(PL)	opowiadań
Inflect monopol | N;ESS(PL)	monopolach
Inflect monopol | N;ACC(PL)	monopole
Inflect monopol | N;NOM(PL)	monopole
Inflect monopol | N;VOC(PL)	monopole
Inflect monopol | N;GEN(PL)	monopoli
Inflect monopol | N;ACC(SG)	monopol
Inflect monopol | N;DAT(PL)	monopolom
Inflect monopol | N;DAT(SG)	monopolowi
Inflect monopol | N;ESS(SG)	monopolu
Inflect monopol | N;VOC(SG)	monopolu
Inflect warszawa | N;ESS(PL)	warszawach
Inflect warszawa | N;INS(SG)	warszawą
Inflect warszawa | N;ACC(SG)	warszawę
Inflect warszawa | N;DAT(SG)	warszawie
Inflect warszawa | N;ESS(SG)	warszawie
Inflect warszawa | N;GEN(PL)	warszaw
Inflect warszawa | N;DAT(PL)	warszawom
Inflect warszawa | N;NOM(PL)	warszawy
Inflect warszawa | N;VOC(PL)	warszawy
Inflect wojeryzm | N;VOC(SG)	wojeryzmie
Inflect wojeryzm | N;ACC(SG)	wojeryzm
Inflect wojeryzm | N;NOM(SG)	wojeryzm
Inflect wojeryzm | N;DAT(SG)	wojeryzmowi
Inflect wojeryzm | N;GEN(SG)	wojeryzmu
Inflect krasnal | N;ESS(PL)	krasnalach
Inflect krasnal | N;ACC(SG)	krasnala
Inflect krasnal | N;GEN(SG)	krasnala
Inflect krasnal | N;INS(SG)	krasnalem
Inflect krasnal | N;ACC(PL)	krasnale
Inflect krasnal | N;NOM(PL)	krasnale
Inflect krasnal | N;VOC(PL)	krasnale
Inflect krasnal | N;GEN(PL)	krasnali
Inflect krasnal | N;NOM(SG)	krasnal
Inflect krasnal | N;DAT(PL)	krasnalom
Inflect krasnal | N;DAT(SG)	krasnalowi
Inflect krasnal | N;ESS(SG)	krasnalu
Inflect krasnal | N;VOC(SG)	krasnalu
Inflect suszarka | N;DAT(SG)	suszarce
Inflect suszarka | N;ESS(SG)	suszarce
Inflect suszarka | N;GEN(PL)	suszarek
Inflect suszarka | N;INS(PL)	suszarkami
Inflect suszarka | N;INS(SG)	suszarką
Inflect suszarka | N;NOM(SG)	suszarka
Inflect suszarka | N;ACC(SG)	suszarkę
Inflect suszarka | N;ACC(PL)	suszarki
Inflect suszarka | N;NOM(PL)	suszarki
Inflect suszarka | N;VOC(SG)	suszarko
Inflect cytra | N;ESS(PL)	cytrach
Inflect cytra | N;INS(PL)	cytrami
Inflect cytra | N;INS(SG)	cytrą
Inflect cytra | N;NOM(SG)	cytra
Inflect cytra | N;ACC(SG)	cytrę
Inflect cytra | N;VOC(SG)	cytro
Inflect cytra | N;GEN(SG)	cytry
Inflect cytra | N;NOM(PL)	cytry
Inflect cytra | N;VOC(PL)	cytry
Inflect cytra | N;DAT(SG)	cytrze
Inflect męka | N;DAT(SG)	męce
Inflect męka | N;ESS(PL)	mękach
Inflect męka | N;INS(PL)	mękami
Inflect męka | N;INS(SG)	męką
Inflect męka | N;NOM(SG)	męka
Inflect męka | N;ACC(SG)	mękę
Inflect męka | N;ACC(PL)	męki
Inflect męka | N;GEN(SG)	męki
Inflect męka | N;NOM(PL)	męki
Inflect męka | N;GEN(PL)	męk
Inflect męka | N;VOC(SG)	męko
Inflect dokonywać | V;FUT;3;PL;MASC;HUM	będą dokonywali
Inflect dokonywać | V;FUT;3;PL	będą dokonywały
Inflect dokonywać | V;FUT;1;SG;FEM	będę dokonywała
Inflect dokonywać | V;FUT;1;SG;MASC	będę dokonywał
Inflect dokonywać | V;FUT;2;PL;MASC;HUM	będziecie dokonywali
Inflect dokonywać | V;FUT;2;PL	będziecie dokonywały
Inflect dokonywać | V;FUT;3;SG;FEM	będzie dokonywała
Inflect dokonywać | V;FUT;3;SG;NEUT	będzie dokonywało
Inflect dokonywać | V;FUT;3;SG;MASC	będzie dokonywał
Inflect dokonywać | V;FUT;1;PL;MASC;HUM	będziemy dokonywali
Inflect dokonywać | V;FUT;2;SG;FEM	będziesz dokonywała
Inflect dokonywać | V.PTCP;PST;ACT;PL	dokonujące
Inflect dokonywać | V.PTCP;PST;ACT;SG;NEUT	dokonujące
Inflect dokonywać | V.CVB	dokonując
Inflect dokonywać | V.PTCP;PST;ACT;PL;MASC;HUM	dokonujący
Inflect dokonywać | V.PTCP;PST;ACT;SG;MASC	dokonujący
Inflect dokonywać | V;IMP;2;PL	dokonujcie
Inflect dokonywać | V;PRS;2;PL	dokonujecie
Inflect dokonywać | V;PRS;2;SG	dokonujesz
Inflect dokonywać | V;PRS;1;SG	dokonuję
Inflect dokonywać | V;IMP;1;PL	dokonujmy
Inflect dokonywać | V;IMP;2;SG	dokonuj
Inflect dokonywać | V;NFIN	dokonywać
Inflect dokonywać | V;COND;1;SG;FEM	dokonywałabym
Inflect dokonywać | V;COND;2;SG;FEM	dokonywałabyś
Inflect dokonywać | V;COND;3;SG;FEM	dokonywałaby
Inflect dokonywać | V;PST;1;SG;FEM	dokonywałam
Inflect dokonywać | V;PST;2;SG;FEM	dokonywałaś
Inflect dokonywać | V;COND;1;SG;MASC	dokonywałbym
Inflect dokonywać | V;COND;2;SG;MASC	dokonywałbyś
Inflect dokonywać | V;COND;3;SG;MASC	dokonywałby
Inflect dokonywać | V;COND;2;PL;MASC;HUM	dokonywalibyście
Inflect dokonywać | V;COND;1;PL;MASC;HUM	dokonywalibyśmy
Inflect dokonywać | V;COND;3;PL;MASC;HUM	dokonywaliby
Inflect dokonywać | V;PST;2;PL;MASC;HUM	dokonywaliście
Inflect dokonywać | V;PST;1;PL;MASC;HUM	dokonywaliśmy
Inflect dokonywać | V;PST;3;PL;MASC;HUM	dokonywali
Inflect dokonywać | V;COND;3;SG;NEUT	dokonywałoby
Inflect dokonywać | V;PST;3;SG;NEUT	dokonywało
Inflect dokonywać | V;COND;2;PL	dokonywałybyście
Inflect dokonywać | V;COND;3;PL	dokonywałyby
Inflect dokonywać | V;PST;2;PL	dokonywałyście
Inflect dokonywać | V;PST;1;PL	dokonywałyśmy
Inflect dokonywać | V;PST;3;PL	dokonywały
Inflect dokonywać | V.PTCP;PST;PASS;SG;FEM	dokonywana
Inflect dokonywać | V.PTCP;PST;PASS;PL	dokonywane
Inflect dokonywać | V.PTCP;PST;PASS;SG;NEUT	dokonywane
Inflect dokonywać | V.MSDR	dokonywanie
Inflect dokonywać | V.PTCP;PST;PASS;PL;MASC;HUM	dokonywani
Inflect dokonywać | V.PTCP;PST;PASS;SG;MASC	dokonywany
Inflect pestka | N;DAT(SG)	pestce
Inflect pestka | N;NOM(SG)	pestka
Inflect pestka | N;ACC(SG)	pestkę
Inflect pestka | N;ACC(PL)	pestki
Inflect pestka | N;GEN(SG)	pestki
Inflect pestka | N;NOM(PL)	pestki
Inflect pestka | N;VOC(PL)	pestki
Inflect pestka | N;DAT(PL)	pestkom
Inflect pestka | N;VOC(SG)	pestko
Inflect pulsar | N;ESS(PL)	pulsarach
Inflect pulsar | N;INS(PL)	pulsarami
Inflect pulsar | N;NOM(SG)	pulsar
Inflect pulsar | N;DAT(SG)	pulsarowi
Inflect pulsar | N;GEN(PL)	pulsarów
Inflect pulsar | N;ACC(PL)	pulsary
Inflect pulsar | N;VOC(PL)	pulsary
Inflect pulsar | N;ESS(SG)	pulsarze
Inflect pulsar | N;VOC(SG)	pulsarze
Inflect bór | N;VOC(SG)	borze
Inflect słitaśny | ADJ;INS(SG,FEM)	słitaśną
Inflect słitaśny | ADJ;NOM(SG,FEM)	słitaśna
Inflect słitaśny | ADJ;ACC(PL)	słitaśne
Inflect słitaśny | ADJ;ACC(SG,NEUT)	słitaśne
Inflect słitaśny | ADJ;NOM(SG,NEUT)	słitaśne
Inflect słitaśny | ADJ;DAT(SG,FEM)	słitaśnej
Inflect słitaśny | ADJ;ESS(SG,FEM)	słitaśnej
Inflect słitaśny | ADJ;DAT(SG,NEUT)	słitaśnemu
Inflect słitaśny | ADJ;NOM(PL,MASC,HUM)	słitaśni
Inflect słitaśny | ADJ;ACC(SG,MASC,INAN)	słitaśny
Inflect słitaśny | ADJ;NOM(SG,MASC)	słitaśny
Inflect słitaśny | ADJ;ESS(PL)	słitaśnych
Inflect słitaśny | ADJ;GEN(PL)	słitaśnych
Inflect słitaśny | ADJ;ESS(SG,NEUT)	słitaśnym
Inflect słitaśny | ADJ;INS(SG,NEUT)	słitaśnym
Inflect słitaśny | ADJ;INS(PL)	słitaśnymi
Inflect klops | N;ESS(PL)	klopsach
Inflect klops | N;INS(PL)	klopsami
Inflect klops | N;ACC(SG)	klopsa
Inflect klops | N;GEN(SG)	klopsa
Inflect klops | N;INS(SG)	klopsem
Inflect klops | N;ESS(SG)	klopsie
Inflect klops | N;VOC(SG)	klopsie
Inflect klops | N;DAT(PL)	klopsom
Inflect klops | N;DAT(SG)	klopsowi
Inflect klops | N;GEN(PL)	klopsów
Inflect klops | N;ACC(PL)	klopsy
Inflect klops | N;NOM(PL)	klopsy
Inflect klops | N;VOC(PL)	klopsy
Inflect kino | N;INS(PL)	kinami
Inflect kino | N;ACC(PL)	kina
Inflect kino | N;GEN(SG)	kina
Inflect kino | N;NOM(PL)	kina
Inflect kino | N;VOC(PL)	kina
Inflect kino | N;ESS(SG)	kinie
Inflect kino | N;GEN(PL)	kin
Inflect kino | N;DAT(PL)	kinom
Inflect kino | N;ACC(SG)	kino
Inflect kino | N;VOC(SG)	kino
Inflect kino | N;DAT(SG)	kinu
Inflect kołowrót | N;ESS(SG)	kołowrocie
Inflect kołowrót | N;VOC(SG)	kołowrocie
Inflect kołowrót | N;INS(PL)	kołowrotami
Inflect kołowrót | N;ACC(SG)	kołowrót
Inflect kołowrót | N;NOM(SG)	kołowrót
Inflect kołowrót | N;DAT(SG)	kołowrotowi
Inflect kołowrót | N;GEN(PL)	kołowrotów
Inflect kołowrót | N;GEN(SG)	kołowrotu
Inflect kryterium | N;ESS(PL)	kryteriach
Inflect kryterium | N;INS(PL)	kryteriami
Inflect kryterium | N;ACC(PL)	kryteria
Inflect kryterium | N;NOM(PL)	kryteria
Inflect kryterium | N;VOC(PL)	kryteria
Inflect kryterium | N;GEN(PL)	kryteriów
Inflect kryterium | N;ACC(SG)	kryterium
Inflect kryterium | N;DAT(SG)	kryterium
Inflect kryterium | N;ESS(SG)	kryterium
Inflect kryterium | N;GEN(SG)	kryterium
Inflect kryterium | N;INS(SG)	kryterium
Inflect kryterium | N;NOM(SG)	kryterium
Inflect bibuła | N;ESS(PL)	bibułach
Inflect bibuła | N;INS(PL)	bibułami
Inflect bibuła | N;INS(SG)	bibułą
Inflect bibuła | N;DAT(SG)	bibule
Inflect bibuła | N;GEN(PL)	bibuł
Inflect bibuła | N;VOC(SG)	bibuło
Inflect bibuła | N;ACC(PL)	bibuły
Inflect bibuła | N;GEN(SG)	bibuły
Inflect bibuła | N;NOM(PL)	bibuły
Inflect bibuła | N;VOC(PL)	bibuły
Inflect laboratorium | N;INS(PL)	laboratoriami
Inflect laboratorium | N;ACC(PL)	laboratoria
Inflect laboratorium | N;NOM(PL)	laboratoria
Inflect laboratorium | N;DAT(PL)	laboratoriom
Inflect laboratorium | N;GEN(PL)	laboratoriów
Inflect laboratorium | N;ACC(SG)	laboratorium
Inflect laboratorium | N;DAT(SG)	laboratorium
Inflect laboratorium | N;ESS(SG)	laboratorium
Inflect laboratorium | N;GEN(SG)	laboratorium
Inflect laboratorium | N;INS(SG)	laboratorium
Inflect laboratorium | N;NOM(SG)	laboratorium
Inflect laboratorium | N;VOC(SG)	laboratorium
Inflect osmański | ADJ;NOM(PL,MASC,HUM)	osmańscy
Inflect osmański | ADJ;ACC(SG,FEM)	osmańską
Inflect osmański | ADJ;INS(SG,FEM)	osmańską
Inflect osmański | ADJ;ACC(SG,MASC,INAN)	osmański
Inflect osmański | ADJ;NOM(SG,MASC)	osmański
Inflect osmański | ADJ;ESS(PL)	osmańskich
Inflect osmański | ADJ;GEN(PL)	osmańskich
Inflect osmański | ADJ;ACC(PL,MASC,HUM)	osmańskich
Inflect osmański | ADJ;ACC(PL)	osmańskie
Inflect osmański | ADJ;ACC(SG,NEUT)	osmańskie
Inflect osmański | ADJ;NOM(SG,NEUT)	osmańskie
Inflect osmański | ADJ;ACC(SG,MASC,ANIM)	osmańskiego
Inflect osmański | ADJ;GEN(SG,MASC)	osmańskiego
Inflect osmański | ADJ;ACC(SG,MASC,HUM)	osmańskiego
Inflect osmański | ADJ;GEN(SG,NEUT)	osmańskiego
Inflect osmański | ADJ;DAT(SG,FEM)	osmańskiej
Inflect osmański | ADJ;ESS(SG,FEM)	osmańskiej
Inflect osmański | ADJ;DAT(SG,MASC)	osmańskiemu
Inflect osmański | ADJ;DAT(SG,NEUT)	osmańskiemu
Inflect osmański | ADJ;ESS(SG,MASC)	osmańskim
Inflect osmański | ADJ;INS(SG,MASC)	osmańskim
Inflect osmański | ADJ;ESS(SG,NEUT)	osmańskim
Inflect nagroda | N;INS(PL)	nagrodami
Inflect nagroda | N;INS(SG)	nagrodą
Inflect nagroda | N;NOM(SG)	nagroda
Inflect nagroda | N;GEN(PL)	nagród
Inflect nagroda | N;DAT(PL)	nagrodom
Inflect nagroda | N;VOC(SG)	nagrodo
Inflect nagroda | N;GEN(SG)	nagrody
Inflect nagroda | N;NOM(PL)	nagrody
Inflect nagroda | N;ESS(SG)	nagrodzie
Inflect piramida | N;ESS(PL)	piramidach
Inflect piramida | N;NOM(SG)	piramida
Inflect piramida | N;ACC(SG)	piramidę
Inflect piramida | N;VOC(SG)	piramido
Inflect piramida | N;ACC(PL)	piramidy
Inflect piramida | N;GEN(SG)	piramidy
Inflect piramida | N;VOC(PL)	piramidy
Inflect piramida | N;DAT(SG)	piramidzie
Inflect doskonalszy | ADJ;NOM(PL,MASC,HUM)	doskonalsi
Inflect doskonalszy | ADJ;ACC(SG,FEM)	doskonalszą
Inflect doskonalszy | ADJ;ACC(PL)	doskonalsze
Inflect doskonalszy | ADJ;ACC(SG,NEUT)	doskonalsze
Inflect doskonalszy | ADJ;NOM(SG,NEUT)	doskonalsze
Inflect doskonalszy | ADJ;NOM(PL)	doskonalsze
Inflect doskonalszy | ADJ;ACC(SG,MASC,ANIM)	doskonalszego
Inflect doskonalszy | ADJ;GEN(SG,MASC)	doskonalszego
Inflect doskonalszy | ADJ;GEN(SG,NEUT)	doskonalszego
Inflect doskonalszy | ADJ;DAT(SG,FEM)	doskonalszej
Inflect doskonalszy | ADJ;ESS(SG,FEM)	doskonalszej
Inflect doskonalszy | ADJ;GEN(SG,FEM)	doskonalszej
Inflect doskonalszy | ADJ;DAT(SG,MASC)	doskonalszemu
Inflect doskonalszy | ADJ;DAT(SG,NEUT)	doskonalszemu
Inflect doskonalszy | ADJ;ACC(SG,MASC,INAN)	doskonalszy
Inflect doskonalszy | ADJ;NOM(SG,MASC)	doskonalszy
Inflect doskonalszy | ADJ;ESS(PL)	doskonalszych
Inflect doskonalszy | ADJ;GEN(PL)	doskonalszych
Inflect doskonalszy | ADJ;ESS(SG,NEUT)	doskonalszym
Inflect doskonalszy | ADJ;INS(SG,NEUT)	doskonalszym
Inflect doskonalszy | ADJ;INS(PL)	doskonalszymi
Inflect tułów | N;GEN(SG)	tułowia
Inflect tułów | N;INS(SG)	tułowiem
Inflect tułów | N;ACC(PL)	tułowie
Inflect tułów | N;VOC(PL)	tułowie
Inflect tułów | N;GEN(PL)	tułowi
Inflect tułów | N;DAT(SG)	tułowiowi
Inflect tułów | N;VOC(SG)	tułowiu
Inflect tułów | N;ACC(SG)	tułów
Inflect tułów | N;NOM(SG)	tułów
Inflect gotowy | ADJ;INS(SG,FEM)	gotową
Inflect gotowy | ADJ;ACC(PL)	gotowe
Inflect gotowy | ADJ;ACC(SG,NEUT)	gotowe
Inflect gotowy | ADJ;ACC(SG,MASC,ANIM)	gotowego
Inflect gotowy | ADJ;GEN(SG,MASC)	gotowego
Inflect gotowy | ADJ;GEN(SG,NEUT)	gotowego
Inflect gotowy | ADJ;DAT(SG,FEM)	gotowej
Inflect gotowy | ADJ;ESS(SG,FEM)	gotowej
Inflect gotowy | ADJ;DAT(SG,MASC)	gotowemu
Inflect gotowy | ADJ;DAT(SG,NEUT)	gotowemu
Inflect gotowy | ADJ;NOM(PL,MASC,HUM)	gotowi
Inflect gotowy | ADJ;NOM(SG,MASC)	gotowy
Inflect gotowy | ADJ;ESS(PL)	gotowych
Inflect gotowy | ADJ;GEN(PL)	gotowych
Inflect gotowy | ADJ;ACC(PL,MASC,HUM)	gotowych
Inflect gotowy | ADJ;DAT(PL)	gotowym
Inflect gotowy | ADJ;ESS(SG,MASC)	gotowym
Inflect gotowy | ADJ;INS(SG,MASC)	gotowym
Inflect gotowy | ADJ;ESS(SG,NEUT)	gotowym
Inflect gotowy | ADJ;INS(SG,NEUT)	gotowym
Inflect górski | ADJ;ACC(SG,FEM)	górską
Inflect górski | ADJ;ACC(SG,MASC,INAN)	górski
Inflect górski | ADJ;NOM(SG,MASC)	górski
Inflect górski | ADJ;ESS(PL)	górskich
Inflect górski | ADJ;GEN(PL)	górskich
Inflect górski | ADJ;ACC(PL)	górskie
Inflect górski | ADJ;ACC(SG,NEUT)	górskie
Inflect górski | ADJ;NOM(PL)	górskie
Inflect górski | ADJ;ACC(SG,MASC,ANIM)	górskiego
Inflect górski | ADJ;GEN(SG,MASC)	górskiego
Inflect górski | ADJ;ACC(SG,MASC,HUM)	górskiego
Inflect górski | ADJ;GEN(SG,NEUT)	górskiego
Inflect górski | ADJ;DAT(SG,FEM)	górskiej
Inflect górski | ADJ;ESS(SG,FEM)	górskiej
Inflect górski | ADJ;GEN(SG,FEM)	górskiej
Inflect górski | ADJ;DAT(SG,MASC)	górskiemu
Inflect górski | ADJ;DAT(SG,NEUT)	górskiemu
Inflect górski | ADJ;DAT(PL)	górskim
Inflect górski | ADJ;ESS(SG,MASC)	górskim
Inflect górski | ADJ;INS(SG,MASC)	górskim
Inflect górski | ADJ;ESS(SG,NEUT)	górskim
Inflect górski | ADJ;INS(SG,NEUT)	górskim
Inflect górski | ADJ;INS(PL)	górskimi
Inflect kręgowiec | N;ESS(PL)	kręgowcach
Inflect kręgowiec | N;INS(PL)	kręgowcami
Inflect kręgowiec | N;ACC(SG)	kręgowca
Inflect kręgowiec | N;GEN(SG)	kręgowca
Inflect kręgowiec | N;INS(SG)	kręgowcem
Inflect kręgowiec | N;ACC(PL)	kręgowce
Inflect kręgowiec | N;NOM(PL)	kręgowce
Inflect kręgowiec | N;VOC(PL)	kręgowce
Inflect kręgowiec | N;DAT(PL)	kręgowcom
Inflect kręgowiec | N;DAT(SG)	kręgowcowi
Inflect kręgowiec | N;GEN(PL)	kręgowców
Inflect kręgowiec | N;VOC(SG)	kręgowcu
Inflect kręgowiec | N;NOM(SG)	kręgowiec
Inflect melancholik | N;NOM(PL)	melancholicy
Inflect melancholik | N;VOC(PL)	melancholicy
Inflect melancholik | N;ESS(PL)	melancholikach
Inflect melancholik | N;GEN(SG)	melancholika
Inflect melancholik | N;INS(SG)	melancholikiem
Inflect melancholik | N;NOM(SG)	melancholik
Inflect melancholik | N;DAT(PL)	melancholikom
Inflect melancholik | N;DAT(SG)	melancholikowi
Inflect melancholik | N;GEN(PL)	melancholików
Inflect melancholik | N;ESS(SG)	melancholiku
Inflect melancholik | N;VOC(SG)	melancholiku
Inflect krótkometrażowy | ADJ;ACC(SG,FEM)	krótkometrażową
Inflect krótkometrażowy | ADJ;INS(SG,FEM)	krótkometrażową
Inflect krótkometrażowy | ADJ;NOM(SG,FEM)	krótkometrażowa
Inflect krótkometrażowy | ADJ;ACC(PL)	krótkometrażowe
Inflect krótkometrażowy | ADJ;ACC(SG,NEUT)	krótkometrażowe
Inflect krótkometrażowy | ADJ;NOM(SG,NEUT)	krótkometrażowe
Inflect krótkometrażowy | ADJ;ACC(SG,MASC,ANIM)	krótkometrażowego
Inflect krótkometrażowy | ADJ;ACC(SG,MASC,HUM)	krótkometrażowego
Inflect krótkometrażowy | ADJ;GEN(SG,NEUT)	krótkometrażowego
Inflect krótkometrażowy | ADJ;DAT(SG,FEM)	krótkometrażowej
Inflect krótkometrażowy | ADJ;ESS(SG,FEM)	krótkometrażowej
Inflect krótkometrażowy | ADJ;GEN(SG,FEM)	krótkometrażowej
Inflect krótkometrażowy | ADJ;DAT(SG,NEUT)	krótkometrażowemu
Inflect krótkometrażowy | ADJ;NOM(PL,MASC,HUM)	krótkometrażowi
Inflect krótkometrażowy | ADJ;ACC(SG,MASC,INAN)	krótkometrażowy
Inflect krótkometrażowy | ADJ;NOM(SG,MASC)	krótkometrażowy
Inflect krótkometrażowy | ADJ;ESS(PL)	krótkometrażowych
Inflect krótkometrażowy | ADJ;GEN(PL)	krótkometrażowych
Inflect krótkometrażowy | ADJ;ACC(PL,MASC,HUM)	krótkometrażowych
Inflect krótkometrażowy | ADJ;DAT(PL)	krótkometrażowym
Inflect krótkometrażowy | ADJ;ESS(SG,MASC)	krótkometrażowym
Inflect krótkometrażowy | ADJ;ESS(SG,NEUT)	krótkometrażowym
Inflect krótkometrażowy | ADJ;INS(SG,NEUT)	krótkometrażowym
Inflect krótkometrażowy | ADJ;INS(PL)	krótkometrażowymi
Inflect epitafium | N;ESS(PL)	epitafiach
Inflect epitafium | N;INS(PL)	epitafiami
Inflect epitafium | N;ACC(PL)	epitafia
Inflect epitafium | N;NOM(PL)	epitafia
Inflect epitafium | N;GEN(PL)	epitafiów
Inflect epitafium | N;ACC(SG)	epitafium
Inflect epitafium | N;ESS(SG)	epitafium
Inflect epitafium | N;GEN(SG)	epitafium
Inflect epitafium | N;INS(SG)	epitafium
Inflect epitafium | N;NOM(SG)	epitafium
Inflect epitafium | N;VOC(SG)	epitafium
Inflect jerzyk | N;ACC(SG)	jerzyka
Inflect jerzyk | N;GEN(SG)	jerzyka
Inflect jerzyk | N;INS(SG)	jerzykiem
Inflect jerzyk | N;ACC(PL)	jerzyki
Inflect jerzyk | N;NOM(PL)	jerzyki
Inflect jerzyk | N;NOM(SG)	jerzyk
Inflect jerzyk | N;DAT(PL)	jerzykom
Inflect jerzyk | N;DAT(SG)	jerzykowi
Inflect jerzyk | N;GEN(PL)	jerzyków
Inflect jerzyk | N;ESS(SG)	jerzyku
Inflect jerzyk | N;VOC(SG)	jerzyku
Inflect rzeczoznawca | N;ESS(PL)	rzeczoznawcach
Inflect rzeczoznawca | N;INS(PL)	rzeczoznawcami
Inflect rzeczoznawca | N;NOM(SG)	rzeczoznawca
Inflect rzeczoznawca | N;ACC(SG)	rzeczoznawcę
Inflect rzeczoznawca | N;DAT(PL)	rzeczoznawcom
Inflect rzeczoznawca | N;VOC(SG)	rzeczoznawco
Inflect rzeczoznawca | N;GEN(PL)	rzeczoznawców
Inflect rzeczoznawca | N;ESS(SG)	rzeczoznawcy
Inflect rzeczoznawca | N;NOM(PL)	rzeczoznawcy
Inflect rzeczoznawca | N;VOC(PL)	rzeczoznawcy
Inflect edykt | N;ESS(SG)	edykcie
Inflect edykt | N;ESS(PL)	edyktach
Inflect edykt | N;INS(PL)	edyktami
Inflect edykt | N;INS(SG)	edyktem
Inflect edykt | N;ACC(SG)	edykt
Inflect edykt | N;NOM(SG)	edykt
Inflect edykt | N;GEN(PL)	edyktów
Inflect edykt | N;GEN(SG)	edyktu
Inflect edykt | N;ACC(PL)	edykty
Inflect edykt | N;NOM(PL)	edykty
Inflect edykt | N;VOC(PL)	edykty
Inflect brzoza | N;ESS(PL)	brzozach
Inflect brzoza | N;INS(SG)	brzozą
Inflect brzoza | N;NOM(SG)	brzoza
Inflect brzoza | N;ESS(SG)	brzozie
Inflect brzoza | N;DAT(PL)	brzozom
Inflect brzoza | N;ACC(PL)	brzozy
Inflect brzoza | N;GEN(SG)	brzozy
Inflect brzoza | N;NOM(PL)	brzozy
Inflect wiciokrzew | N;ESS(PL)	wiciokrzewach
Inflect wiciokrzew | N;INS(PL)	wiciokrzewami
Inflect wiciokrzew | N;INS(SG)	wiciokrzewem
Inflect wiciokrzew | N;VOC(SG)	wiciokrzewie
Inflect wiciokrzew | N;ACC(SG)	wiciokrzew
Inflect wiciokrzew | N;DAT(PL)	wiciokrzewom
Inflect wiciokrzew | N;GEN(PL)	wiciokrzewów
Inflect wiciokrzew | N;ACC(PL)	wiciokrzewy
Inflect wiciokrzew | N;VOC(PL)	wiciokrzewy
Inflect bór | N;GEN(SG)	boru
Inflect bór | N;ACC(PL)	bory
Inflect bór | N;NOM(PL)	bory
Inflect bór | N;VOC(PL)	bory
Inflect kieszonkowiec | N;ESS(PL)	kieszonkowcach
Inflect kieszonkowiec | N;INS(PL)	kieszonkowcami
Inflect kieszonkowiec | N;INS(SG)	kieszonkowcem
Inflect kieszonkowiec | N;DAT(PL)	kieszonkowcom
Inflect kieszonkowiec | N;DAT(SG)	kieszonkowcowi
Inflect kieszonkowiec | N;ACC(PL)	kieszonkowców
Inflect kieszonkowiec | N;GEN(PL)	kieszonkowców
Inflect kieszonkowiec | N;VOC(SG)	kieszonkowcu
Inflect kieszonkowiec | N;NOM(PL)	kieszonkowcy
Inflect kieszonkowiec | N;VOC(PL)	kieszonkowcy
Inflect kieszonkowiec | N;NOM(SG)	kieszonkowiec
Inflect nawóz | N;INS(PL)	nawozami
Inflect nawóz | N;INS(SG)	nawozem
Inflect nawóz | N;ESS(SG)	nawozie
Inflect nawóz | N;VOC(SG)	nawozie
Inflect nawóz | N;ACC(SG)	nawóz
Inflect nawóz | N;NOM(SG)	nawóz
Inflect nawóz | N;DAT(PL)	nawozom
Inflect nawóz | N;GEN(SG)	nawozu
Inflect nawóz | N;ACC(PL)	nawozy
Inflect nawóz | N;VOC(PL)	nawozy
Inflect praporządek | N;ACC(SG)	praporządek
Inflect praporządek | N;NOM(SG)	praporządek
Inflect praporządek | N;INS(PL)	praporządkami
Inflect praporządek | N;INS(SG)	praporządkiem
Inflect praporządek | N;VOC(PL)	praporządki
Inflect praporządek | N;DAT(SG)	praporządkowi
Inflect praporządek | N;GEN(PL)	praporządków
Inflect praporządek | N;ESS(SG)	praporządku
Inflect praporządek | N;GEN(SG)	praporządku
Inflect praporządek | N;VOC(SG)	praporządku
Inflect dżuma | N;ESS(PL)	dżumach
Inflect dżuma | N;INS(SG)	dżumą
Inflect dżuma | N;NOM(SG)	dżuma
Inflect dżuma | N;ACC(SG)	dżumę
Inflect dżuma | N;ESS(SG)	dżumie
Inflect dżuma | N;GEN(PL)	dżum
Inflect dżuma | N;DAT(PL)	dżumom
Inflect dżuma | N;VOC(SG)	dżumo
Inflect dżuma | N;ACC(PL)	dżumy
Inflect dżuma | N;GEN(SG)	dżumy
Inflect dżuma | N;NOM(PL)	dżumy
Inflect uciekanie | N;INS(SG)	uciekaniem
Inflect uciekanie | N;ACC(SG)	uciekanie
Inflect uciekanie | N;DAT(SG)	uciekaniu
Inflect sad | N;ESS(SG)	sadzie
Inflect radiolog | N;NOM(PL)	radiolodzy
Inflect radiolog | N;ESS(PL)	radiologach
Inflect radiolog | N;INS(PL)	radiologami
Inflect radiolog | N;ACC(SG)	radiologa
Inflect radiolog | N;GEN(SG)	radiologa
Inflect radiolog | N;INS(SG)	radiologiem
Inflect radiolog | N;NOM(SG)	radiolog
Inflect radiolog | N;DAT(PL)	radiologom
Inflect radiolog | N;DAT(SG)	radiologowi
Inflect radiolog | N;ACC(PL)	radiologów
Inflect radiolog | N;GEN(PL)	radiologów
Inflect radiolog | N;VOC(SG)	radiologu
Inflect baran | N;GEN(SG)	barana
Inflect baran | N;ESS(SG)	baranie
Inflect baran | N;VOC(SG)	baranie
Inflect baran | N;NOM(SG)	baran
Inflect baran | N;DAT(SG)	baranowi
Inflect baran | N;ACC(PL)	barany
Inflect baran | N;VOC(PL)	barany
Inflect półka | N;INS(PL)	półkami
Inflect brzuszek | N;INS(PL)	brzuszkami
Inflect brzuszek | N;GEN(SG)	brzuszka
Inflect brzuszek | N;ACC(PL)	brzuszki
Inflect brzuszek | N;NOM(PL)	brzuszki
Inflect brzuszek | N;DAT(PL)	brzuszkom
Inflect brzuszek | N;DAT(SG)	brzuszkowi
Inflect brzuszek | N;GEN(PL)	brzuszków
Inflect brzuszek | N;VOC(SG)	brzuszku
Inflect żerdka | N;DAT(SG)	żerdce
Inflect żerdka | N;ESS(SG)	żerdce
Inflect żerdka | N;ESS(PL)	żerdkach
Inflect żerdka | N;INS(PL)	żerdkami
Inflect żerdka | N;INS(SG)	żerdką
Inflect żerdka | N;NOM(SG)	żerdka
Inflect żerdka | N;GEN(SG)	żerdki
Inflect żerdka | N;NOM(PL)	żerdki
Inflect żerdka | N;VOC(PL)	żerdki
Inflect żerdka | N;DAT(PL)	żerdkom
Inflect żerdka | N;VOC(SG)	żerdko
Inflect kształt | N;ESS(SG)	kształcie
Inflect kształt | N;VOC(SG)	kształcie
Inflect kształt | N;ESS(PL)	kształtach
Inflect kształt | N;INS(PL)	kształtami
Inflect kształt | N;INS(SG)	kształtem
Inflect kształt | N;NOM(SG)	kształt
Inflect kształt | N;DAT(PL)	kształtom
Inflect kształt | N;DAT(SG)	kształtowi
Inflect kształt | N;GEN(PL)	kształtów
Inflect kształt | N;GEN(SG)	kształtu
Inflect kształt | N;NOM(PL)	kształty
Inflect kształt | N;VOC(PL)	kształty
Inflect pokrzywa | N;INS(PL)	pokrzywami
Inflect pokrzywa | N;INS(SG)	pokrzywą
Inflect pokrzywa | N;ACC(SG)	pokrzywę
Inflect pokrzywa | N;DAT(SG)	pokrzywie
Inflect pokrzywa | N;GEN(PL)	pokrzyw
Inflect pokrzywa | N;VOC(SG)	pokrzywo
Inflect pokrzywa | N;NOM(PL)	pokrzywy
Inflect gruszka | N;DAT(SG)	gruszce
Inflect gruszka | N;ESS(SG)	gruszce
Inflect gruszka | N;ESS(PL)	gruszkach
Inflect gruszka | N;INS(PL)	gruszkami
Inflect gruszka | N;INS(SG)	gruszką
Inflect gruszka | N;NOM(SG)	gruszka
Inflect gruszka | N;ACC(SG)	gruszkę
Inflect gruszka | N;ACC(PL)	gruszki
Inflect gruszka | N;GEN(SG)	gruszki
Inflect gruszka | N;VOC(PL)	gruszki
Inflect gruszka | N;DAT(PL)	gruszkom
Inflect arsen | N;INS(SG)	arsenem
Inflect arsen | N;ESS(SG)	arsenie
Inflect arsen | N;ACC(SG)	arsen
Inflect arsen | N;DAT(SG)	arsenowi
Inflect arsen | N;GEN(SG)	arsenu
Inflect obszerny | ADJ;ACC(SG,FEM)	obszerną
Inflect obszerny | ADJ;INS(SG,FEM)	obszerną
Inflect obszerny | ADJ;NOM(SG,FEM)	obszerna
Inflect obszerny | ADJ;ACC(PL)	obszerne
Inflect obszerny | ADJ;ACC(SG,NEUT)	obszerne
Inflect obszerny | ADJ;NOM(SG,NEUT)	obszerne
Inflect obszerny | ADJ;NOM(PL)	obszerne
Inflect obszerny | ADJ;ACC(SG,MASC,ANIM)	obszernego
Inflect obszerny | ADJ;GEN(SG,MASC)	obszernego
Inflect obszerny | ADJ;ACC(SG,MASC,HUM)	obszernego
Inflect obszerny | ADJ;DAT(SG,FEM)	obszernej
Inflect obszerny | ADJ;GEN(SG,FEM)	obszernej
Inflect obszerny | ADJ;DAT(SG,NEUT)	obszernemu
Inflect obszerny | ADJ;ACC(SG,MASC,INAN)	obszerny
Inflect obszerny | ADJ;NOM(SG,MASC)	obszerny
Inflect obszerny | ADJ;GEN(PL)	obszernych
Inflect obszerny | ADJ;DAT(PL)	obszernym
Inflect obszerny | ADJ;ESS(SG,MASC)	obszernym
Inflect obszerny | ADJ;INS(SG,MASC)	obszernym
Inflect obszerny | ADJ;ESS(SG,NEUT)	obszernym
Inflect obszerny | ADJ;INS(SG,NEUT)	obszernym
Inflect obszerny | ADJ;INS(PL)	obszernymi
Inflect cycek | N;ACC(SG)	cycek
Inflect cycek | N;ESS(PL)	cyckach
Inflect cycek | N;INS(PL)	cyckami
Inflect cycek | N;GEN(SG)	cycka
Inflect cycek | N;INS(SG)	cyckiem
Inflect cycek | N;ACC(PL)	cycki
Inflect cycek | N;NOM(PL)	cycki
Inflect cycek | N;DAT(PL)	cyckom
Inflect cycek | N;DAT(SG)	cyckowi
Inflect cycek | N;GEN(PL)	cycków
Inflect cycek | N;ESS(SG)	cycku
Inflect cycek | N;VOC(SG)	cycku
Inflect zaświaty | N;ESS(SG)	zaświatach
Inflect zaświaty | N;INS(SG)	zaświatami
Inflect zaświaty | N;DAT(SG)	zaświatom
Inflect zaświaty | N;GEN(SG)	zaświatów
Inflect zaświaty | N;ACC(SG)	zaświaty
Inflect zaświaty | N;NOM(SG)	zaświaty
Inflect zaświaty | N;VOC(SG)	zaświaty
Inflect kurek | N;ACC(SG)	kurek
Inflect kurek | N;NOM(SG)	kurek
Inflect kurek | N;ESS(PL)	kurkach
Inflect kurek | N;INS(PL)	kurkami
Inflect kurek | N;GEN(SG)	kurka
Inflect kurek | N;INS(SG)	kurkiem
Inflect kurek | N;ACC(PL)	kurki
Inflect kurek | N;NOM(PL)	kurki
Inflect kurek | N;VOC(PL)	kurki
Inflect kurek | N;DAT(PL)	kurkom
Inflect kurek | N;GEN(PL)	kurków
Inflect kurek | N;ESS(SG)	kurku
Inflect kurek | N;VOC(SG)	kurku
Inflect sosna | N;INS(SG)	sosną
Inflect sosna | N;NOM(SG)	sosna
Inflect sosna | N;DAT(SG)	sośnie
Inflect sosna | N;ESS(SG)	sośnie
Inflect sosna | N;ACC(PL)	sosny
Inflect sosna | N;GEN(SG)	sosny
Inflect sosna | N;NOM(PL)	sosny
Inflect sosna | N;VOC(PL)	sosny
Inflect amulet | N;ESS(SG)	amulecie
Inflect amulet | N;VOC(SG)	amulecie
Inflect amulet | N;ESS(PL)	amuletach
Inflect amulet | N;INS(PL)	amuletami
Inflect amulet | N;INS(SG)	amuletem
Inflect amulet | N;NOM(SG)	amulet
Inflect amulet | N;DAT(PL)	amuletom
Inflect amulet | N;GEN(PL)	amuletów
Inflect amulet | N;GEN(SG)	amuletu
Inflect amulet | N;VOC(PL)	amulety
Inflect pielgrzymka | N;DAT(SG)	pielgrzymce
Inflect pielgrzymka | N;ESS(SG)	pielgrzymce
Inflect pielgrzymka | N;GEN(PL)	pielgrzymek
Inflect pielgrzymka | N;ESS(PL)	pielgrzymkach
Inflect pielgrzymka | N;INS(PL)	pielgrzymkami
Inflect pielgrzymka | N;INS(SG)	pielgrzymką
Inflect pielgrzymka | N;NOM(SG)	pielgrzymka
Inflect pielgrzymka | N;ACC(SG)	pielgrzymkę
Inflect pielgrzymka | N;GEN(SG)	pielgrzymki
Inflect pielgrzymka | N;NOM(PL)	pielgrzymki
Inflect pielgrzymka | N;VOC(PL)	pielgrzymki
Inflect pielgrzymka | N;DAT(PL)	pielgrzymkom
Inflect pielgrzymka | N;VOC(SG)	pielgrzymko
Inflect dzięcielina | N;INS(PL)	dzięcielinami
Inflect dzięcielina | N;NOM(SG)	dzięcielina
Inflect dzięcielina | N;ACC(SG)	dzięcielinę
Inflect dzięcielina | N;DAT(SG)	dzięcielinie
Inflect dzięcielina | N;ESS(SG)	dzięcielinie
Inflect dzięcielina | N;DAT(PL)	dzięcielinom
Inflect dzięcielina | N;VOC(SG)	dzięcielino
Inflect dzięcielina | N;GEN(SG)	dzięcieliny
Inflect dzięcielina | N;NOM(PL)	dzięcieliny
Inflect dzięcielina | N;VOC(PL)	dzięcieliny
Inflect łysy | ADJ;ACC(SG,FEM)	łysą
Inflect łysy | ADJ;INS(SG,FEM)	łysą
Inflect łysy | ADJ;NOM(SG,FEM)	łysa
Inflect łysy | ADJ;ACC(PL)	łyse
Inflect łysy | ADJ;ACC(SG,NEUT)	łyse
Inflect łysy | ADJ;NOM(SG,NEUT)	łyse
Inflect łysy | ADJ;NOM(PL)	łyse
Inflect łysy | ADJ;ACC(SG,MASC,ANIM)	łysego
Inflect łysy | ADJ;GEN(SG,MASC)	łysego
Inflect łysy | ADJ;ACC(SG,MASC,HUM)	łysego
Inflect łysy | ADJ;DAT(SG,FEM)	łysej
Inflect łysy | ADJ;ESS(SG,FEM)	łysej
Inflect łysy | ADJ;DAT(SG,MASC)	łysemu
Inflect łysy | ADJ;DAT(SG,NEUT)	łysemu
Inflect łysy | ADJ;ACC(SG,MASC,INAN)	łysy
Inflect łysy | ADJ;NOM(SG,MASC)	łysy
Inflect łysy | ADJ;ESS(PL)	łysych
Inflect łysy | ADJ;GEN(PL)	łysych
Inflect łysy | ADJ;DAT(PL)	łysym
Inflect łysy | ADJ;ESS(SG,MASC)	łysym
Inflect łysy | ADJ;ESS(SG,NEUT)	łysym
Inflect łysy | ADJ;INS(PL)	łysymi
Inflect socjalista | N;ESS(SG)	socjaliście
Inflect socjalista | N;NOM(PL)	socjaliści
Inflect socjalista | N;ESS(PL)	socjalistach
Inflect socjalista | N;INS(SG)	socjalistą
Inflect socjalista | N;ACC(SG)	socjalistę
Inflect socjalista | N;DAT(PL)	socjalistom
Inflect socjalista | N;VOC(SG)	socjalisto
Inflect socjalista | N;ACC(PL)	socjalistów
Inflect socjalista | N;GEN(PL)	socjalistów
Inflect socjalista | N;GEN(SG)	socjalisty
Inflect cukiereczek | N;NOM(SG)	cukiereczek
Inflect cukiereczek | N;ESS(PL)	cukiereczkach
Inflect cukiereczek | N;INS(PL)	cukiereczkami
Inflect cukiereczek | N;GEN(SG)	cukiereczka
Inflect cukiereczek | N;INS(SG)	cukiereczkiem
Inflect cukiereczek | N;VOC(PL)	cukiereczki
Inflect cukiereczek | N;DAT(PL)	cukiereczkom
Inflect cukiereczek | N;DAT(SG)	cukiereczkowi
Inflect cukiereczek | N;GEN(PL)	cukiereczków
Inflect cukiereczek | N;ESS(SG)	cukiereczku
Inflect cukiereczek | N;VOC(SG)	cukiereczku
Inflect hydrostatyczny | ADJ;ACC(SG,FEM)	hydrostatyczną
Inflect hydrostatyczny | ADJ;NOM(SG,FEM)	hydrostatyczna
Inflect hydrostatyczny | ADJ;ACC(PL)	hydrostatyczne
Inflect hydrostatyczny | ADJ;ACC(SG,NEUT)	hydrostatyczne
Inflect hydrostatyczny | ADJ;ACC(SG,MASC,ANIM)	hydrostatycznego
Inflect hydrostatyczny | ADJ;ACC(SG,MASC,HUM)	hydrostatycznego
Inflect hydrostatyczny | ADJ;GEN(SG,NEUT)	hydrostatycznego
Inflect hydrostatyczny | ADJ;ESS(SG,FEM)	hydrostatycznej
Inflect hydrostatyczny | ADJ;GEN(SG,FEM)	hydrostatycznej
Inflect hydrostatyczny | ADJ;DAT(SG,MASC)	hydrostatycznemu
Inflect hydrostatyczny | ADJ;DAT(SG,NEUT)	hydrostatycznemu
Inflect hydrostatyczny | ADJ;NOM(PL,MASC,HUM)	hydrostatyczni
Inflect hydrostatyczny | ADJ;ACC(SG,MASC,INAN)	hydrostatyczny
Inflect hydrostatyczny | ADJ;NOM(SG,MASC)	hydrostatyczny
Inflect hydrostatyczny | ADJ;ESS(PL)	hydrostatycznych
Inflect hydrostatyczny | ADJ;DAT(PL)	hydrostatycznym
Inflect hydrostatyczny | ADJ;ESS(SG,MASC)	hydrostatycznym
Inflect hydrostatyczny | ADJ;INS(SG,NEUT)	hydrostatycznym
Inflect hydrostatyczny | ADJ;INS(PL)	hydrostatycznymi
Inflect tłumacz | N;ACC(SG)	tłumacza
Inflect tłumacz | N;GEN(SG)	tłumacza
Inflect tłumacz | N;INS(SG)	tłumaczem
Inflect tłumacz | N;VOC(PL)	tłumacze
Inflect tłumacz | N;DAT(PL)	tłumaczom
Inflect tłumacz | N;DAT(SG)	tłumaczowi
Inflect tłumacz | N;ESS(SG)	tłumaczu
Inflect tłumacz | N;VOC(SG)	tłumaczu
Inflect tłumacz | N;ACC(PL)	tłumaczy
Inflect tłumacz | N;GEN(PL)	tłumaczy
Inflect stadło | N;GEN(PL)	stadeł
Inflect stadło | N;ESS(PL)	stadłach
Inflect stadło | N;INS(PL)	stadłami
Inflect stadło | N;ACC(PL)	stadła
Inflect stadło | N;GEN(SG)	stadła
Inflect stadło | N;NOM(PL)	stadła
Inflect stadło | N;VOC(PL)	stadła
Inflect stadło | N;INS(SG)	stadłem
Inflect stadło | N;ESS(SG)	stadle
Inflect stadło | N;DAT(PL)	stadłom
Inflect stadło | N;NOM(SG)	stadło
Inflect stadło | N;VOC(SG)	stadło
Inflect wredniejszy | ADJ;NOM(PL,MASC,HUM)	wredniejsi
Inflect wredniejszy | ADJ;ACC(PL)	wredniejsze
Inflect wredniejszy | ADJ;ACC(SG,NEUT)	wredniejsze
Inflect wredniejszy | ADJ;NOM(SG,NEUT)	wredniejsze
Inflect wredniejszy | ADJ;NOM(PL)	wredniejsze
Inflect wredniejszy | ADJ;ACC(SG,MASC,ANIM)	wredniejszego
Inflect wredniejszy | ADJ;GEN(SG,MASC)	wredniejszego
Inflect wredniejszy | ADJ;DAT(SG,FEM)	wredniejszej
Inflect wredniejszy | ADJ;ESS(SG,FEM)	wredniejszej
Inflect wredniejszy | ADJ;GEN(SG,FEM)	wredniejszej
Inflect wredniejszy | ADJ;DAT(SG,MASC)	wredniejszemu
Inflect wredniejszy | ADJ;DAT(SG,NEUT)	wredniejszemu
Inflect wredniejszy | ADJ;ACC(SG,MASC,INAN)	wredniejszy
Inflect wredniejszy | ADJ;NOM(SG,MASC)	wredniejszy
Inflect wredniejszy | ADJ;ESS(PL)	wredniejszych
Inflect wredniejszy | ADJ;ACC(PL,MASC,HUM)	wredniejszych
Inflect wredniejszy | ADJ;DAT(PL)	wredniejszym
Inflect wredniejszy | ADJ;ESS(SG,MASC)	wredniejszym
Inflect wredniejszy | ADJ;ESS(SG,NEUT)	wredniejszym
Inflect wredniejszy | ADJ;INS(SG,NEUT)	wredniejszym
Inflect wredniejszy | ADJ;INS(PL)	wredniejszymi
Inflect wydostawać się | V;FUT;3;PL;MASC;HUM	będą wydostawali
Inflect wydostawać się | V;FUT;1;SG;FEM	będę wydostawała
Inflect wydostawać się | V;FUT;2;PL	będziecie wydostawały
Inflect wydostawać się | V;FUT;1;PL;MASC;HUM	będziemy wydostawali
Inflect wydostawać się | V;FUT;1;PL	będziemy wydostawały
Inflect wydostawać się | V;FUT;2;SG;FEM	będziesz wydostawała
Inflect wydostawać się | V;FUT;2;SG;MASC	będziesz wydostawał
Inflect wydostawać się | V;FUT;3;SG;FEM	będzie wydostawała
Inflect wydostawać się | V;FUT;3;SG;NEUT	będzie wydostawało
Inflect wydostawać się | V;FUT;3;SG;MASC	będzie wydostawał
Inflect wydostawać się | V;IMP;3;PL	niech wydostają
Inflect wydostawać się | V;IMP;3;SG	niech wydostaje
Inflect wydostawać się | V.PTCP;PST;ACT;PL	wydostające
Inflect wydostawać się | V.PTCP;PST;ACT;SG;NEUT	wydostające
Inflect wydostawać się | V.CVB	wydostając
Inflect wydostawać się | V;PRS;3;PL	wydostają
Inflect wydostawać się | V;PRS;2;PL	wydostajecie
Inflect wydostawać się | V;PRS;1;PL	wydostajemy
Inflect wydostawać się | V;PRS;2;SG	wydostajesz
Inflect wydostawać się | V;NFIN	wydostawać
Inflect wydostawać się | V;IMP;2;PL	wydostawajcie
Inflect wydostawać się | V;IMP;1;PL	wydostawajmy
Inflect wydostawać się | V;IMP;2;SG	wydostawaj
Inflect wydostawać się | V;COND;1;SG;FEM	wydostawałabym
Inflect wydostawać się | V;COND;2;SG;FEM	wydostawałabyś
Inflect wydostawać się | V;PST;1;SG;FEM	wydostawałam
Inflect wydostawać się | V;PST;3;SG;FEM	wydostawała
Inflect wydostawać się | V;COND;2;SG;MASC	wydostawałbyś
Inflect wydostawać się | V;PST;1;SG;MASC	wydostawałem
Inflect wydostawać się | V;PST;2;SG;MASC	wydostawałeś
Inflect wydostawać się | V;COND;2;PL;MASC;HUM	wydostawalibyście
Inflect wydostawać się | V;COND;1;PL;MASC;HUM	wydostawalibyśmy
Inflect wydostawać się | V;COND;3;PL;MASC;HUM	wydostawaliby
Inflect wydostawać się | V;PST;3;PL;MASC;HUM	wydostawali
Inflect wydostawać się | V;PST;3;SG;MASC	wydostawał
Inflect wydostawać się | V;COND;2;PL	wydostawałybyście
Inflect wydostawać się | V;COND;1;PL	wydostawałybyśmy
Inflect wydostawać się | V;PST;2;PL	wydostawałyście
Inflect wydostawać się | V;PST;1;PL	wydostawałyśmy
Inflect wydostawać się | V;PST;3;PL	wydostawały
Inflect wydostawać się | V.MSDR	wydostawanie
Inflect wydostawać się | V.PTCP;PST;PASS	wydostawano
Inflect trance | N;INS(SG)	trance'em
Inflect trance | N;NOM(SG)	trance
Inflect trance | N;GEN(SG)	trance'u
Inflect trance | N;ESS(SG)	transie
Inflect trance | N;VOC(SG)	transie
Inflect litewski | ADJ;NOM(PL,MASC,HUM)	litewscy
Inflect litewski | ADJ;ACC(SG,FEM)	litewską
Inflect litewski | ADJ;INS(SG,FEM)	litewską
Inflect litewski | ADJ;NOM(SG,FEM)	litewska
Inflect litewski | ADJ;ACC(SG,MASC,INAN)	litewski
Inflect litewski | ADJ;ESS(PL)	litewskich
Inflect litewski | ADJ;GEN(PL)	litewskich
Inflect litewski | ADJ;ACC(PL)	litewskie
Inflect litewski | ADJ;NOM(SG,NEUT)	litewskie
Inflect litewski | ADJ;ACC(SG,MASC,ANIM)	litewskiego
Inflect litewski | ADJ;GEN(SG,MASC)	litewskiego
Inflect litewski | ADJ;ACC(SG,MASC,HUM)	litewskiego
Inflect litewski | ADJ;GEN(SG,FEM)	litewskiej
Inflect litewski | ADJ;DAT(SG,NEUT)	litewskiemu
Inflect litewski | ADJ;DAT(PL)	litewskim
Inflect litewski | ADJ;ESS(SG,MASC)	litewskim
Inflect litewski | ADJ;INS(SG,MASC)	litewskim
Inflect litewski | ADJ;ESS(SG,NEUT)	litewskim
Inflect litewski | ADJ;INS(SG,NEUT)	litewskim
Inflect zwierzę | N;GEN(PL)	zwierząt
Inflect zwierzę | N;GEN(SG)	zwierzęcia
Inflect zwierzę | N;INS(SG)	zwierzęciem
Inflect zwierzę | N;DAT(SG)	zwierzęciu
Inflect zwierzę | N;ESS(SG)	zwierzęciu
Inflect zwierzę | N;NOM(SG)	zwierzę
Inflect zwierzę | N;VOC(SG)	zwierzę
Inflect zwierzę | N;ESS(PL)	zwierzętach
Inflect zwierzę | N;NOM(PL)	zwierzęta
Inflect zwierzę | N;VOC(PL)	zwierzęta
Inflect zwierzę | N;DAT(PL)	zwierzętom
Inflect antytrynitaryzm | N;INS(SG)	antytrynitaryzmem
Inflect antytrynitaryzm | N;ESS(SG)	antytrynitaryzmie
Inflect antytrynitaryzm | N;VOC(SG)	antytrynitaryzmie
Inflect antytrynitaryzm | N;ACC(SG)	antytrynitaryzm
Inflect antytrynitaryzm | N;NOM(SG)	antytrynitaryzm
Inflect szczawik | N;ESS(PL)	szczawikach
Inflect szczawik | N;INS(SG)	szczawikiem
Inflect szczawik | N;ACC(PL)	szczawiki
Inflect szczawik | N;NOM(PL)	szczawiki
Inflect szczawik | N;VOC(PL)	szczawiki
Inflect szczawik | N;ACC(SG)	szczawik
Inflect szczawik | N;NOM(SG)	szczawik
Inflect szczawik | N;DAT(PL)	szczawikom
Inflect szczawik | N;DAT(SG)	szczawikowi
Inflect szczawik | N;GEN(PL)	szczawików
Inflect szczawik | N;ESS(SG)	szczawiku
Inflect szczawik | N;GEN(SG)	szczawiku
Inflect szczawik | N;VOC(SG)	szczawiku
Inflect znaczny | ADJ;ACC(SG,FEM)	znaczną
Inflect znaczny | ADJ;INS(SG,FEM)	znaczną
Inflect znaczny | ADJ;NOM(SG,FEM)	znaczna
Inflect znaczny | ADJ;ACC(SG,NEUT)	znaczne
Inflect znaczny | ADJ;NOM(SG,NEUT)	znaczne
Inflect znaczny | ADJ;GEN(SG,MASC)	znacznego
Inflect znaczny | ADJ;ACC(SG,MASC,HUM)	znacznego
Inflect znaczny | ADJ;GEN(SG,NEUT)	znacznego
Inflect znaczny | ADJ;GEN(SG,FEM)	znacznej
Inflect znaczny | ADJ;DAT(SG,MASC)	znacznemu
Inflect znaczny | ADJ;NOM(SG,MASC)	znaczny
Inflect znaczny | ADJ;ESS(PL)	znacznych
Inflect znaczny | ADJ;GEN(PL)	znacznych
Inflect znaczny | ADJ;ACC(PL,MASC,HUM)	znacznych
Inflect znaczny | ADJ;DAT(PL)	znacznym
Inflect znaczny | ADJ;INS(SG,MASC)	znacznym
Inflect znaczny | ADJ;ESS(SG,NEUT)	znacznym
Inflect znaczny | ADJ;INS(SG,NEUT)	znacznym
Inflect znaczny | ADJ;INS(PL)	znacznymi
Inflect antyk | N;ESS(PL)	antykach
Inflect antyk | N;INS(PL)	antykami
Inflect antyk | N;INS(SG)	antykiem
Inflect antyk | N;ACC(PL)	antyki
Inflect antyk | N;NOM(PL)	antyki
Inflect antyk | N;VOC(PL)	antyki
Inflect antyk | N;ACC(SG)	antyk
Inflect antyk | N;NOM(SG)	antyk
Inflect antyk | N;DAT(PL)	antykom
Inflect antyk | N;DAT(SG)	antykowi
Inflect antyk | N;ESS(SG)	antyku
Inflect antyk | N;GEN(SG)	antyku
Inflect azot | N;ESS(SG)	azocie
Inflect azot | N;VOC(SG)	azocie
Inflect azot | N;INS(SG)	azotem
Inflect azot | N;ACC(SG)	azot
Inflect azot | N;NOM(SG)	azot
Inflect azot | N;DAT(SG)	azotowi
Inflect azot | N;GEN(SG)	azotu
Inflect dwusuw | N;ESS(PL)	dwusuwach
Inflect dwusuw | N;INS(SG)	dwusuwem
Inflect dwusuw | N;VOC(SG)	dwusuwie
Inflect dwusuw | N;ACC(SG)	dwusuw
Inflect dwusuw | N;NOM(SG)	dwusuw
Inflect dwusuw | N;DAT(PL)	dwusuwom
Inflect dwusuw | N;DAT(SG)	dwusuwowi
Inflect dwusuw | N;GEN(PL)	dwusuwów
Inflect afera | N;INS(PL)	aferami
Inflect afera | N;INS(SG)	aferą
Inflect afera | N;GEN(PL)	afer
Inflect afera | N;DAT(PL)	aferom
Inflect afera | N;VOC(SG)	afero
Inflect afera | N;GEN(SG)	afery
Inflect afera | N;DAT(SG)	aferze
Inflect afera | N;ESS(SG)	aferze
Inflect szal | N;INS(SG)	szalem
Inflect obwód | N;ESS(PL)	obwodach
Inflect obwód | N;INS(PL)	obwodami
Inflect obwód | N;INS(SG)	obwodem
Inflect obwód | N;ACC(SG)	obwód
Inflect obwód | N;NOM(SG)	obwód
Inflect obwód | N;DAT(PL)	obwodom
Inflect obwód | N;DAT(SG)	obwodowi
Inflect obwód | N;GEN(PL)	obwodów
Inflect obwód | N;GEN(SG)	obwodu
Inflect obwód | N;NOM(PL)	obwody
Inflect obwód | N;VOC(PL)	obwody
Inflect obwód | N;ESS(SG)	obwodzie
Inflect obwód | N;VOC(SG)	obwodzie
Inflect dziewka | N;DAT(SG)	dziewce
Inflect dziewka | N;GEN(PL)	dziewek
Inflect dziewka | N;INS(SG)	dziewką
Inflect dziewka | N;NOM(SG)	dziewka
Inflect dziewka | N;ACC(SG)	dziewkę
Inflect dziewka | N;NOM(PL)	dziewki
Inflect dziewka | N;VOC(PL)	dziewki
Inflect dziewka | N;VOC(SG)	dziewko
Inflect borowina | N;ESS(PL)	borowinach
Inflect borowina | N;NOM(SG)	borowina
Inflect borowina | N;ACC(SG)	borowinę
Inflect borowina | N;DAT(SG)	borowinie
Inflect borowina | N;ESS(SG)	borowinie
Inflect borowina | N;DAT(PL)	borowinom
Inflect borowina | N;VOC(SG)	borowino
Inflect borowina | N;ACC(PL)	borowiny
Inflect borowina | N;GEN(SG)	borowiny
Inflect borowina | N;NOM(PL)	borowiny
Inflect borowina | N;VOC(PL)	borowiny
Inflect osobowość | N;ESS(PL)	osobowościach
Inflect osobowość | N;INS(PL)	osobowościami
Inflect osobowość | N;INS(SG)	osobowością
Inflect osobowość | N;ACC(PL)	osobowości
Inflect osobowość | N;ESS(SG)	osobowości
Inflect osobowość | N;GEN(SG)	osobowości
Inflect osobowość | N;NOM(PL)	osobowości
Inflect osobowość | N;VOC(PL)	osobowości
Inflect osobowość | N;VOC(SG)	osobowości
Inflect osobowość | N;ACC(SG)	osobowość
Inflect osobowość | N;NOM(SG)	osobowość
Inflect fuksja | N;INS(PL)	fuksjami
Inflect fuksja | N;INS(SG)	fuksją
Inflect fuksja | N;NOM(SG)	fuksja
Inflect fuksja | N;ACC(PL)	fuksje
Inflect fuksja | N;NOM(PL)	fuksje
Inflect fuksja | N;VOC(PL)	fuksje
Inflect fuksja | N;ESS(SG)	fuksji
Inflect fuksja | N;GEN(PL)	fuksji
Inflect fuksja | N;DAT(PL)	fuksjom
Inflect fuksja | N;VOC(SG)	fuksjo
Inflect autystyczny | ADJ;ACC(SG,FEM)	autystyczną
Inflect autystyczny | ADJ;INS(SG,FEM)	autystyczną
Inflect autystyczny | ADJ;NOM(SG,FEM)	autystyczna
Inflect autystyczny | ADJ;ACC(SG,NEUT)	autystyczne
Inflect autystyczny | ADJ;NOM(SG,NEUT)	autystyczne
Inflect autystyczny | ADJ;NOM(PL)	autystyczne
Inflect autystyczny | ADJ;GEN(SG,MASC)	autystycznego
Inflect autystyczny | ADJ;ACC(SG,MASC,HUM)	autystycznego
Inflect autystyczny | ADJ;GEN(SG,NEUT)	autystycznego
Inflect autystyczny | ADJ;DAT(SG,FEM)	autystycznej
Inflect autystyczny | ADJ;ESS(SG,FEM)	autystycznej
Inflect autystyczny | ADJ;DAT(SG,MASC)	autystycznemu
Inflect autystyczny | ADJ;ACC(SG,MASC,INAN)	autystyczny
Inflect autystyczny | ADJ;NOM(SG,MASC)	autystyczny
Inflect autystyczny | ADJ;GEN(PL)	autystycznych
Inflect autystyczny | ADJ;DAT(PL)	autystycznym
Inflect autystyczny | ADJ;ESS(SG,MASC)	autystycznym
Inflect autystyczny | ADJ;ESS(SG,NEUT)	autystycznym
Inflect dyplom | N;ESS(PL)	dyplomach
Inflect dyplom | N;INS(PL)	dyplomami
Inflect dyplom | N;INS(SG)	dyplomem
Inflect dyplom | N;ESS(SG)	dyplomie
Inflect dyplom | N;VOC(SG)	dyplomie
Inflect dyplom | N;ACC(SG)	dyplom
Inflect dyplom | N;NOM(SG)	dyplom
Inflect dyplom | N;DAT(PL)	dyplomom
Inflect dyplom | N;DAT(SG)	dyplomowi
Inflect dyplom | N;GEN(PL)	dyplomów
Inflect dyplom | N;GEN(SG)	dyplomu
Inflect dyplom | N;VOC(PL)	dyplomy
Inflect pan | N;ESS(PL)	panach
Inflect pan | N;INS(PL)	panami
Inflect pan | N;ACC(SG)	pana
Inflect pan | N;GEN(SG)	pana
Inflect pan | N;INS(SG)	panem
Inflect pan | N;NOM(SG)	pan
Inflect pan | N;VOC(PL)	panowie
Inflect pan | N;ACC(PL)	panów
Inflect pan | N;GEN(PL)	panów
Inflect pan | N;ESS(SG)	panu
Inflect kozojebca | N;ESS(PL)	kozojebcach
Inflect kozojebca | N;INS(PL)	kozojebcami
Inflect kozojebca | N;INS(SG)	kozojebcą
Inflect kozojebca | N;NOM(SG)	kozojebca
Inflect kozojebca | N;ACC(SG)	kozojebcę
Inflect kozojebca | N;DAT(PL)	kozojebcom
Inflect kozojebca | N;VOC(SG)	kozojebco
Inflect kozojebca | N;ACC(PL)	kozojebców
Inflect kozojebca | N;DAT(SG)	kozojebcy
Inflect kozojebca | N;ESS(SG)	kozojebcy
Inflect kozojebca | N;GEN(SG)	kozojebcy
Inflect kozojebca | N;VOC(PL)	kozojebcy
Inflect czekolada | N;ESS(PL)	czekoladach
Inflect czekolada | N;INS(PL)	czekoladami
Inflect czekolada | N;INS(SG)	czekoladą
Inflect czekolada | N;NOM(SG)	czekolada
Inflect czekolada | N;GEN(PL)	czekolad
Inflect czekolada | N;ACC(PL)	czekolady
Inflect czekolada | N;NOM(PL)	czekolady
Inflect czekolada | N;DAT(SG)	czekoladzie
Inflect czekolada | N;ESS(SG)	czekoladzie
Inflect igrać | V;FUT;1;SG;MASC	będę igrał
Inflect igrać | V;FUT;3;SG;FEM	będzie igrała
Inflect igrać | V;FUT;3;SG;NEUT	będzie igrało
Inflect igrać | V;FUT;3;SG;MASC	będzie igrał
Inflect igrać | V;FUT;1;PL;MASC;HUM	będziemy igrali
Inflect igrać | V;FUT;1;PL	będziemy igrały
Inflect igrać | V;FUT;2;SG;FEM	będziesz igrała
Inflect igrać | V;FUT;2;SG;MASC	będziesz igrał
Inflect igrać | V;PRS;2;PL	igracie
Inflect igrać | V;NFIN	igrać
Inflect igrać | V.PTCP;PST;ACT;PL	igrające
Inflect igrać | V.PTCP;PST;ACT;SG;NEUT	igrające
Inflect igrać | V.PTCP;PST;ACT;PL;MASC;HUM	igrający
Inflect igrać | V.PTCP;PST;ACT;SG;MASC	igrający
Inflect igrać | V;IMP;2;PL	igrajcie
Inflect igrać | V;IMP;1;PL	igrajmy
Inflect igrać | V;IMP;2;SG	igraj
Inflect igrać | V;COND;1;SG;FEM	igrałabym
Inflect igrać | V;COND;2;SG;FEM	igrałabyś
Inflect igrać | V;COND;3;SG;FEM	igrałaby
Inflect igrać | V;PST;1;SG;FEM	igrałam
Inflect igrać | V;PST;2;SG;FEM	igrałaś
Inflect igrać | V;PST;3;SG;FEM	igrała
Inflect igrać | V;COND;1;SG;MASC	igrałbym
Inflect igrać | V;COND;2;SG;MASC	igrałbyś
Inflect igrać | V;COND;3;SG;MASC	igrałby
Inflect igrać | V;PST;1;SG;MASC	igrałem
Inflect igrać | V;PST;2;SG;MASC	igrałeś
Inflect igrać | V;COND;2;PL;MASC;HUM	igralibyście
Inflect igrać | V;PST;2;PL;MASC;HUM	igraliście
Inflect igrać | V;PST;1;PL;MASC;HUM	igraliśmy
Inflect igrać | V;PST;3;PL;MASC;HUM	igrali
Inflect igrać | V;COND;3;SG;NEUT	igrałoby
Inflect igrać | V;PST;3;SG;NEUT	igrało
Inflect igrać | V;COND;1;PL	igrałybyśmy
Inflect igrać | V;COND;3;PL	igrałyby
Inflect igrać | V;PST;2;PL	igrałyście
Inflect igrać | V;PST;1;PL	igrałyśmy
Inflect igrać | V;PST;3;PL	igrały
Inflect igrać | V;PRS;1;SG	igram
Inflect igrać | V.MSDR	igranie
Inflect igrać | V.PTCP;PST;PASS	igrano
Inflect igrać | V;PRS;2;SG	igrasz
Inflect igrać | V;PRS;3;SG	igra
Inflect igrać | V;IMP;3;PL	niech igrają
Inflect igrać | V;IMP;3;SG	niech igra
Inflect dwuznak | N;ESS(PL)	dwuznakach
Inflect dwuznak | N;INS(SG)	dwuznakiem
Inflect dwuznak | N;NOM(PL)	dwuznaki
Inflect dwuznak | N;ACC(SG)	dwuznak
Inflect dwuznak | N;NOM(SG)	dwuznak
Inflect dwuznak | N;DAT(PL)	dwuznakom
Inflect dwuznak | N;DAT(SG)	dwuznakowi
Inflect dwuznak | N;ESS(SG)	dwuznaku
Inflect dwuznak | N;GEN(SG)	dwuznaku
Inflect bujniejszy | ADJ;NOM(PL,MASC,HUM)	bujniejsi
Inflect bujniejszy | ADJ;INS(SG,FEM)	bujniejszą
Inflect bujniejszy | ADJ;NOM(SG,FEM)	bujniejsza
Inflect bujniejszy | ADJ;NOM(PL)	bujniejsze
Inflect bujniejszy | ADJ;ACC(SG,MASC,ANIM)	bujniejszego
Inflect bujniejszy | ADJ;GEN(SG,MASC)	bujniejszego
Inflect bujniejszy | ADJ;ACC(SG,MASC,HUM)	bujniejszego
Inflect bujniejszy | ADJ;GEN(SG,NEUT)	bujniejszego
Inflect bujniejszy | ADJ;ESS(SG,FEM)	bujniejszej
Inflect bujniejszy | ADJ;GEN(SG,FEM)	bujniejszej
Inflect bujniejszy | ADJ;DAT(SG,NEUT)	bujniejszemu
Inflect bujniejszy | ADJ;ACC(SG,MASC,INAN)	bujniejszy
Inflect bujniejszy | ADJ;NOM(SG,MASC)	bujniejszy
Inflect bujniejszy | ADJ;ESS(PL)	bujniejszych
Inflect bujniejszy | ADJ;GEN(PL)	bujniejszych
Inflect bujniejszy | ADJ;ACC(PL,MASC,HUM)	bujniejszych
Inflect bujniejszy | ADJ;DAT(PL)	bujniejszym
Inflect bujniejszy | ADJ;INS(SG,MASC)	bujniejszym
Inflect bujniejszy | ADJ;ESS(SG,NEUT)	bujniejszym
Inflect bujniejszy | ADJ;INS(SG,NEUT)	bujniejszym
Inflect bujniejszy | ADJ;INS(PL)	bujniejszymi
Inflect cięciwa | N;INS(PL)	cięciwami
Inflect cięciwa | N;INS(SG)	cięciwą
Inflect cięciwa | N;ACC(SG)	cięciwę
Inflect cięciwa | N;DAT(SG)	cięciwie
Inflect cięciwa | N;DAT(PL)	cięciwom
Inflect cięciwa | N;VOC(SG)	cięciwo
Inflect cięciwa | N;ACC(PL)	cięciwy
Inflect cięciwa | N;GEN(SG)	cięciwy
Inflect cięciwa | N;NOM(PL)	cięciwy
Inflect cięciwa | N;VOC(PL)	cięciwy
Inflect łokieć | N;ESS(PL)	łokciach
Inflect łokieć | N;INS(PL)	łokciami
Inflect łokieć | N;INS(SG)	łokciem
Inflect łokieć | N;NOM(PL)	łokcie
Inflect łokieć | N;VOC(PL)	łokcie
Inflect łokieć | N;DAT(PL)	łokciom
Inflect łokieć | N;DAT(SG)	łokciowi
Inflect łokieć | N;ESS(SG)	łokciu
Inflect wierzchowiec | N;ESS(PL)	wierzchowcach
Inflect wierzchowiec | N;INS(PL)	wierzchowcami
Inflect wierzchowiec | N;ACC(SG)	wierzchowca
Inflect wierzchowiec | N;ACC(PL)	wierzchowce
Inflect wierzchowiec | N;NOM(PL)	wierzchowce
Inflect wierzchowiec | N;VOC(PL)	wierzchowce
Inflect wierzchowiec | N;DAT(PL)	wierzchowcom
Inflect wierzchowiec | N;DAT(SG)	wierzchowcowi
Inflect wierzchowiec | N;GEN(PL)	wierzchowców
Inflect wierzchowiec | N;ESS(SG)	wierzchowcu
Inflect wierzchowiec | N;NOM(SG)	wierzchowiec
Inflect walizka | N;DAT(SG)	walizce
Inflect walizka | N;ESS(SG)	walizce
Inflect walizka | N;GEN(PL)	walizek
Inflect walizka | N;ESS(PL)	walizkach
Inflect walizka | N;INS(PL)	walizkami
Inflect walizka | N;NOM(SG)	walizka
Inflect walizka | N;ACC(SG)	walizkę
Inflect walizka | N;ACC(PL)	walizki
Inflect walizka | N;GEN(SG)	walizki
Inflect walizka | N;NOM(PL)	walizki
Inflect walizka | N;DAT(PL)	walizkom
Inflect walizka | N;VOC(SG)	walizko
Inflect transparent | N;VOC(SG)	transparencie
Inflect transparent | N;ESS(PL)	transparentach
Inflect transparent | N;INS(PL)	transparentami
Inflect transparent | N;ACC(SG)	transparent
Inflect transparent | N;NOM(SG)	transparent
Inflect transparent | N;DAT(SG)	transparentowi
Inflect transparent | N;GEN(PL)	transparentów
Inflect transparent | N;ACC(PL)	transparenty
Inflect transparent | N;NOM(PL)	transparenty
Inflect muzułmanin | N;ESS(PL)	muzułmanach
Inflect muzułmanin | N;NOM(PL)	muzułmanie
Inflect muzułmanin | N;VOC(PL)	muzułmanie
Inflect muzułmanin | N;ACC(SG)	muzułmanina
Inflect muzułmanin | N;GEN(SG)	muzułmanina
Inflect muzułmanin | N;INS(SG)	muzułmaninem
Inflect muzułmanin | N;VOC(SG)	muzułmaninie
Inflect muzułmanin | N;NOM(SG)	muzułmanin
Inflect muzułmanin | N;DAT(SG)	muzułmaninowi
Inflect muzułmanin | N;DAT(PL)	muzułmanom
Inflect muzułmanin | N;GEN(PL)	muzułmanów
Inflect komp | N;INS(PL)	kompami
Inflect komp | N;ACC(SG)	kompa
Inflect komp | N;GEN(SG)	kompa
Inflect komp | N;INS(SG)	kompem
Inflect komp | N;ESS(SG)	kompie
Inflect komp | N;DAT(PL)	kompom
Inflect komp | N;DAT(SG)	kompowi
Inflect komp | N;GEN(PL)	kompów
Inflect komp | N;ACC(PL)	kompy
Inflect komp | N;NOM(PL)	kompy
Inflect alfons | N;ESS(PL)	alfonsach
Inflect alfons | N;INS(PL)	alfonsami
Inflect alfons | N;ACC(SG)	alfonsa
Inflect alfons | N;INS(SG)	alfonsem
Inflect alfons | N;ESS(SG)	alfonsie
Inflect alfons | N;NOM(PL)	alfonsi
Inflect alfons | N;DAT(SG)	alfonsowi
Inflect alfons | N;ACC(PL)	alfonsów
Inflect piekło | N;GEN(PL)	piekieł
Inflect piekło | N;ESS(PL)	piekłach
Inflect piekło | N;INS(PL)	piekłami
Inflect piekło | N;NOM(PL)	piekła
Inflect piekło | N;VOC(PL)	piekła
Inflect piekło | N;INS(SG)	piekłem
Inflect piekło | N;ESS(SG)	piekle
Inflect piekło | N;DAT(PL)	piekłom
Inflect piekło | N;ACC(SG)	piekło
Inflect piekło | N;NOM(SG)	piekło
Inflect piekło | N;VOC(SG)	piekło
Inflect poranny | ADJ;INS(SG,FEM)	poranną
Inflect poranny | ADJ;ACC(PL)	poranne
Inflect poranny | ADJ;NOM(PL)	poranne
Inflect poranny | ADJ;ACC(SG,MASC,ANIM)	porannego
Inflect poranny | ADJ;GEN(SG,MASC)	porannego
Inflect poranny | ADJ;ACC(SG,MASC,HUM)	porannego
Inflect poranny | ADJ;GEN(SG,NEUT)	porannego
Inflect poranny | ADJ;DAT(SG,FEM)	porannej
Inflect poranny | ADJ;DAT(SG,NEUT)	porannemu
Inflect poranny | ADJ;NOM(PL,MASC,HUM)	poranni
Inflect poranny | ADJ;ACC(SG,MASC,INAN)	poranny
Inflect poranny | ADJ;NOM(SG,MASC)	poranny
Inflect poranny | ADJ;ESS(PL)	porannych
Inflect poranny | ADJ;GEN(PL)	porannych
Inflect poranny | ADJ;ACC(PL,MASC,HUM)	porannych
Inflect poranny | ADJ;DAT(PL)	porannym
Inflect poranny | ADJ;ESS(SG,MASC)	porannym
Inflect poranny | ADJ;INS(SG,NEUT)	porannym
Inflect znany | ADJ;ACC(SG,FEM)	znaną
Inflect znany | ADJ;ACC(PL)	znane
Inflect znany | ADJ;ACC(SG,NEUT)	znane
Inflect znany | ADJ;NOM(SG,NEUT)	znane
Inflect znany | ADJ;NOM(PL)	znane
Inflect znany | ADJ;ACC(SG,MASC,ANIM)	znanego
Inflect znany | ADJ;GEN(SG,MASC)	znanego
Inflect znany | ADJ;ACC(SG,MASC,HUM)	znanego
Inflect znany | ADJ;DAT(SG,FEM)	znanej
Inflect znany | ADJ;ESS(SG,FEM)	znanej
Inflect znany | ADJ;GEN(SG,FEM)	znanej
Inflect znany | ADJ;DAT(SG,MASC)	znanemu
Inflect znany | ADJ;DAT(SG,NEUT)	znanemu
Inflect znany | ADJ;NOM(PL,MASC,HUM)	znani
Inflect znany | ADJ;GEN(PL)	znanych
Inflect znany | ADJ;ACC(PL,MASC,HUM)	znanych
Inflect znany | ADJ;DAT(PL)	znanym
Inflect znany | ADJ;ESS(SG,MASC)	znanym
Inflect znany | ADJ;INS(SG,MASC)	znanym
Inflect znany | ADJ;ESS(SG,NEUT)	znanym
Inflect znany | ADJ;INS(SG,NEUT)	znanym
Inflect znany | ADJ;INS(PL)	znanymi
Inflect żądać | V;COND;3;SG;MASC	żądałby
Inflect kolchicyna | N;INS(SG)	kolchicyną
Inflect kolchicyna | N;NOM(SG)	kolchicyna
Inflect kolchicyna | N;ACC(SG)	kolchicynę
Inflect kolchicyna | N;ESS(SG)	kolchicynie
Inflect kolchicyna | N;VOC(SG)	kolchicyno
Inflect abakus | N;ESS(PL)	abakusach
Inflect abakus | N;INS(PL)	abakusami
Inflect abakus | N;INS(SG)	abakusem
Inflect abakus | N;ESS(SG)	abakusie
Inflect abakus | N;VOC(SG)	abakusie
Inflect abakus | N;ACC(SG)	abakus
Inflect abakus | N;NOM(SG)	abakus
Inflect abakus | N;DAT(PL)	abakusom
Inflect abakus | N;DAT(SG)	abakusowi
Inflect abakus | N;GEN(PL)	abakusów
Inflect abakus | N;GEN(SG)	abakusu
Inflect abakus | N;ACC(PL)	abakusy
Inflect cesarstwo | N;GEN(PL)	cesarstew
Inflect cesarstwo | N;ESS(PL)	cesarstwach
Inflect cesarstwo | N;INS(PL)	cesarstwami
Inflect cesarstwo | N;ACC(PL)	cesarstwa
Inflect cesarstwo | N;GEN(SG)	cesarstwa
Inflect cesarstwo | N;DAT(PL)	cesarstwom
Inflect cesarstwo | N;ACC(SG)	cesarstwo
Inflect cesarstwo | N;NOM(SG)	cesarstwo
Inflect supernowa | N;ACC(SG)	supernową
Inflect supernowa | N;INS(SG)	supernową
Inflect supernowa | N;NOM(SG)	supernowa
Inflect supernowa | N;VOC(SG)	supernowa
Inflect supernowa | N;DAT(SG)	supernowej
Inflect supernowa | N;GEN(SG)	supernowej
Inflect supernowa | N;ACC(PL)	supernowe
Inflect supernowa | N;VOC(PL)	supernowe
Inflect supernowa | N;ESS(PL)	supernowych
Inflect supernowa | N;GEN(PL)	supernowych
Inflect supernowa | N;INS(PL)	supernowymi
Inflect supernowa | N;DAT(PL)	supernowym
Inflect dzielnica | N;ESS(PL)	dzielnicach
Inflect dzielnica | N;INS(PL)	dzielnicami
Inflect dzielnica | N;NOM(SG)	dzielnica
Inflect dzielnica | N;ACC(SG)	dzielnicę
Inflect dzielnica | N;NOM(PL)	dzielnice
Inflect dzielnica | N;VOC(PL)	dzielnice
Inflect dzielnica | N;DAT(PL)	dzielnicom
Inflect dzielnica | N;VOC(SG)	dzielnico
Inflect dzielnica | N;ESS(SG)	dzielnicy
Inflect dzielnica | N;GEN(SG)	dzielnicy
Inflect docent | N;ESS(SG)	docencie
Inflect docent | N;VOC(SG)	docencie
Inflect docent | N;VOC(PL)	docenci
Inflect docent | N;ESS(PL)	docentach
Inflect docent | N;ACC(SG)	docenta
Inflect docent | N;GEN(SG)	docenta
Inflect docent | N;NOM(SG)	docent
Inflect docent | N;DAT(SG)	docentowi
Inflect docent | N;ACC(PL)	docentów
Inflect docent | N;GEN(PL)	docentów
Inflect glista | N;DAT(SG)	gliście
Inflect glista | N;INS(PL)	glistami
Inflect glista | N;INS(SG)	glistą
Inflect glista | N;NOM(SG)	glista
Inflect glista | N;ACC(SG)	glistę
Inflect glista | N;GEN(PL)	glist
Inflect glista | N;DAT(PL)	glistom
Inflect glista | N;VOC(SG)	glisto
Inflect glista | N;ACC(PL)	glisty
Inflect glista | N;GEN(SG)	glisty
Inflect sąd | N;ACC(PL)	sądy
Inflect wspaniały | ADJ;ACC(SG,FEM)	wspaniałą
Inflect wspaniały | ADJ;NOM(SG,FEM)	wspaniała
Inflect wspaniały | ADJ;ACC(PL)	wspaniałe
Inflect wspaniały | ADJ;ACC(SG,NEUT)	wspaniałe
Inflect wspaniały | ADJ;NOM(SG,NEUT)	wspaniałe
Inflect wspaniały | ADJ;NOM(PL)	wspaniałe
Inflect wspaniały | ADJ;ACC(SG,MASC,ANIM)	wspaniałego
Inflect wspaniały | ADJ;GEN(SG,MASC)	wspaniałego
Inflect wspaniały | ADJ;GEN(SG,NEUT)	wspaniałego
Inflect wspaniały | ADJ;DAT(SG,FEM)	wspaniałej
Inflect wspaniały | ADJ;ESS(SG,FEM)	wspaniałej
Inflect wspaniały | ADJ;GEN(SG,FEM)	wspaniałej
Inflect wspaniały | ADJ;DAT(SG,MASC)	wspaniałemu
Inflect wspaniały | ADJ;DAT(SG,NEUT)	wspaniałemu
Inflect wspaniały | ADJ;NOM(PL,MASC,HUM)	wspaniali
Inflect wspaniały | ADJ;ACC(SG,MASC,INAN)	wspaniały
Inflect wspaniały | ADJ;NOM(SG,MASC)	wspaniały
Inflect wspaniały | ADJ;ACC(PL,MASC,HUM)	wspaniałych
Inflect wspaniały | ADJ;DAT(PL)	wspaniałym
Inflect wspaniały | ADJ;ESS(SG,MASC)	wspaniałym
Inflect wspaniały | ADJ;INS(SG,MASC)	wspaniałym
Inflect wspaniały | ADJ;ESS(SG,NEUT)	wspaniałym
Inflect wspaniały | ADJ;INS(SG,NEUT)	wspaniałym
Inflect wspaniały | ADJ;INS(PL)	wspaniałymi
Inflect widmo | N;ESS(PL)	widmach
Inflect widmo | N;ACC(PL)	widma
Inflect widmo | N;VOC(PL)	widma
Inflect widmo | N;INS(SG)	widmem
Inflect widmo | N;GEN(PL)	widm
Inflect widmo | N;DAT(PL)	widmom
Inflect widmo | N;ACC(SG)	widmo
Inflect widmo | N;NOM(SG)	widmo
Inflect dożywotni | ADJ;ACC(SG,FEM)	dożywotnią
Inflect dożywotni | ADJ;INS(SG,FEM)	dożywotnią
Inflect dożywotni | ADJ;NOM(SG,FEM)	dożywotnia
Inflect dożywotni | ADJ;NOM(PL,MASC,HUM)	dożywotni
Inflect dożywotni | ADJ;ACC(SG,MASC,INAN)	dożywotni
Inflect dożywotni | ADJ;NOM(SG,MASC)	dożywotni
Inflect dożywotni | ADJ;ESS(PL)	dożywotnich
Inflect dożywotni | ADJ;GEN(PL)	dożywotnich
Inflect dożywotni | ADJ;ACC(PL,MASC,HUM)	dożywotnich
Inflect dożywotni | ADJ;ACC(PL)	dożywotnie
Inflect dożywotni | ADJ;ACC(SG,NEUT)	dożywotnie
Inflect dożywotni | ADJ;NOM(SG,NEUT)	dożywotnie
Inflect dożywotni | ADJ;ACC(SG,MASC,HUM)	dożywotniego
Inflect dożywotni | ADJ;DAT(SG,FEM)	dożywotniej
Inflect dożywotni | ADJ;ESS(SG,FEM)	dożywotniej
Inflect dożywotni | ADJ;GEN(SG,FEM)	dożywotniej
Inflect dożywotni | ADJ;DAT(SG,MASC)	dożywotniemu
Inflect dożywotni | ADJ;DAT(SG,NEUT)	dożywotniemu
Inflect dożywotni | ADJ;DAT(PL)	dożywotnim
Inflect dożywotni | ADJ;ESS(SG,MASC)	dożywotnim
Inflect dożywotni | ADJ;INS(SG,MASC)	dożywotnim
Inflect dożywotni | ADJ;INS(PL)	dożywotnimi
Inflect brona | N;ESS(PL)	bronach
Inflect brona | N;INS(PL)	bronami
Inflect brona | N;INS(SG)	broną
Inflect brona | N;NOM(SG)	brona
Inflect brona | N;ACC(SG)	bronę
Inflect brona | N;DAT(SG)	bronie
Inflect brona | N;ESS(SG)	bronie
Inflect brona | N;VOC(SG)	brono
Inflect brona | N;ACC(PL)	brony
Inflect brona | N;GEN(SG)	brony
Inflect brona | N;VOC(PL)	brony
Inflect fluor | N;INS(SG)	fluorem
Inflect fluor | N;ACC(SG)	fluor
Inflect fluor | N;NOM(SG)	fluor
Inflect fluor | N;DAT(SG)	fluorowi
Inflect fluor | N;ESS(SG)	fluorze
Inflect fluor | N;VOC(SG)	fluorze
Inflect pajączek | N;NOM(SG)	pajączek
Inflect pajączek | N;INS(PL)	pajączkami
Inflect pajączek | N;GEN(SG)	pajączka
Inflect pajączek | N;INS(SG)	pajączkiem
Inflect pajączek | N;ACC(PL)	pajączki
Inflect pajączek | N;NOM(PL)	pajączki
Inflect pajączek | N;VOC(PL)	pajączki
Inflect pajączek | N;DAT(SG)	pajączkowi
Inflect pajączek | N;GEN(PL)	pajączków
Inflect pajączek | N;ESS(SG)	pajączku
Inflect pajączek | N;VOC(SG)	pajączku
Inflect żołądek | N;ACC(SG)	żołądek
Inflect żołądek | N;ESS(PL)	żołądkach
Inflect żołądek | N;INS(PL)	żołądkami
Inflect żołądek | N;GEN(SG)	żołądka
Inflect żołądek | N;ACC(PL)	żołądki
Inflect żołądek | N;NOM(PL)	żołądki
Inflect żołądek | N;VOC(PL)	żołądki
Inflect żołądek | N;DAT(SG)	żołądkowi
Inflect żołądek | N;GEN(PL)	żołądków
Inflect żołądek | N;ESS(SG)	żołądku
Inflect żołądek | N;VOC(SG)	żołądku
Inflect prekognicja | N;ESS(PL)	prekognicjach
Inflect prekognicja | N;INS(PL)	prekognicjami
Inflect prekognicja | N;INS(SG)	prekognicją
Inflect prekognicja | N;NOM(SG)	prekognicja
Inflect prekognicja | N;ACC(PL)	prekognicje
Inflect prekognicja | N;ACC(SG)	prekognicję
Inflect prekognicja | N;NOM(PL)	prekognicje
Inflect prekognicja | N;VOC(PL)	prekognicje
Inflect prekognicja | N;ESS(SG)	prekognicji
Inflect prekognicja | N;GEN(PL)	prekognicji
Inflect szwajcar | N;DAT(PL)	szwajcarom
Inflect kowariancja | N;ESS(PL)	kowariancjach
Inflect kowariancja | N;INS(PL)	kowariancjami
Inflect kowariancja | N;NOM(SG)	kowariancja
Inflect kowariancja | N;ACC(PL)	kowariancje
Inflect kowariancja | N;ACC(SG)	kowariancję
Inflect kowariancja | N;NOM(PL)	kowariancje
Inflect kowariancja | N;VOC(PL)	kowariancje
Inflect kowariancja | N;DAT(SG)	kowariancji
Inflect kowariancja | N;GEN(PL)	kowariancji
Inflect kowariancja | N;GEN(SG)	kowariancji
Inflect kowariancja | N;VOC(SG)	kowariancjo
Inflect aktyn | N;INS(SG)	aktynem
Inflect aktyn | N;ACC(SG)	aktyn
Inflect aktyn | N;NOM(SG)	aktyn
Inflect aktyn | N;DAT(SG)	aktynowi
Inflect plemnik | N;ESS(PL)	plemnikach
Inflect plemnik | N;INS(PL)	plemnikami
Inflect plemnik | N;GEN(SG)	plemnika
Inflect plemnik | N;ACC(PL)	plemniki
Inflect plemnik | N;NOM(PL)	plemniki
Inflect plemnik | N;VOC(PL)	plemniki
Inflect plemnik | N;ACC(SG)	plemnik
Inflect plemnik | N;DAT(SG)	plemnikowi
Inflect plemnik | N;GEN(PL)	plemników
Inflect plemnik | N;ESS(SG)	plemniku
Inflect ćwierćfinał | N;ESS(PL)	ćwierćfinałach
Inflect ćwierćfinał | N;INS(SG)	ćwierćfinałem
Inflect ćwierćfinał | N;ESS(SG)	ćwierćfinale
Inflect ćwierćfinał | N;ACC(SG)	ćwierćfinał
Inflect ćwierćfinał | N;NOM(SG)	ćwierćfinał
Inflect ćwierćfinał | N;DAT(PL)	ćwierćfinałom
Inflect ćwierćfinał | N;GEN(PL)	ćwierćfinałów
Inflect ćwierćfinał | N;NOM(PL)	ćwierćfinały
Inflect ćwierćfinał | N;VOC(PL)	ćwierćfinały
Inflect wirusowy | ADJ;ACC(SG,FEM)	wirusową
Inflect wirusowy | ADJ;INS(SG,FEM)	wirusową
Inflect wirusowy | ADJ;NOM(SG,FEM)	wirusowa
Inflect wirusowy | ADJ;NOM(PL)	wirusowe
Inflect wirusowy | ADJ;ACC(SG,MASC,ANIM)	wirusowego
Inflect wirusowy | ADJ;GEN(SG,MASC)	wirusowego
Inflect wirusowy | ADJ;ACC(SG,MASC,HUM)	wirusowego
Inflect wirusowy | ADJ;GEN(SG,NEUT)	wirusowego
Inflect wirusowy | ADJ;DAT(SG,FEM)	wirusowej
Inflect wirusowy | ADJ;ESS(SG,FEM)	wirusowej
Inflect wirusowy | ADJ;GEN(SG,FEM)	wirusowej
Inflect wirusowy | ADJ;DAT(SG,NEUT)	wirusowemu
Inflect wirusowy | ADJ;ACC(SG,MASC,INAN)	wirusowy
Inflect wirusowy | ADJ;NOM(SG,MASC)	wirusowy
Inflect wirusowy | ADJ;ESS(PL)	wirusowych
Inflect wirusowy | ADJ;GEN(PL)	wirusowych
Inflect wirusowy | ADJ;ACC(PL,MASC,HUM)	wirusowych
Inflect wirusowy | ADJ;DAT(PL)	wirusowym
Inflect wirusowy | ADJ;INS(SG,MASC)	wirusowym
Inflect wirusowy | ADJ;ESS(SG,NEUT)	wirusowym
Inflect wirusowy | ADJ;INS(SG,NEUT)	wirusowym
Inflect wirusowy | ADJ;INS(PL)	wirusowymi
Inflect agora | N;ESS(PL)	agorach
Inflect agora | N;NOM(SG)	agora
Inflect agora | N;ACC(SG)	agorę
Inflect agora | N;VOC(SG)	agoro
Inflect agora | N;ACC(PL)	agory
Inflect agora | N;GEN(SG)	agory
Inflect agora | N;VOC(PL)	agory
Inflect agora | N;DAT(SG)	agorze
Inflect agora | N;ESS(SG)	agorze
Inflect odmowa | N;INS(PL)	odmowami
Inflect odmowa | N;INS(SG)	odmową
Inflect odmowa | N;NOM(SG)	odmowa
Inflect odmowa | N;ACC(SG)	odmowę
Inflect odmowa | N;DAT(PL)	odmowom
Inflect odmowa | N;VOC(SG)	odmowo
Inflect odmowa | N;ACC(PL)	odmowy
Inflect odmowa | N;NOM(PL)	odmowy
Inflect odmowa | N;VOC(PL)	odmowy
Inflect kakaowy | ADJ;ACC(SG,FEM)	kakaową
Inflect kakaowy | ADJ;NOM(SG,FEM)	kakaowa
Inflect kakaowy | ADJ;ACC(PL)	kakaowe
Inflect kakaowy | ADJ;NOM(SG,NEUT)	kakaowe
Inflect kakaowy | ADJ;NOM(PL)	kakaowe
Inflect kakaowy | ADJ;ACC(SG,MASC,ANIM)	kakaowego
Inflect kakaowy | ADJ;GEN(SG,MASC)	kakaowego
Inflect kakaowy | ADJ;GEN(SG,NEUT)	kakaowego
Inflect kakaowy | ADJ;DAT(SG,FEM)	kakaowej
Inflect kakaowy | ADJ;ESS(SG,FEM)	kakaowej
Inflect kakaowy | ADJ;DAT(SG,MASC)	kakaowemu
Inflect kakaowy | ADJ;DAT(SG,NEUT)	kakaowemu
Inflect kakaowy | ADJ;NOM(PL,MASC,HUM)	kakaowi
Inflect kakaowy | ADJ;ACC(SG,MASC,INAN)	kakaowy
Inflect kakaowy | ADJ;NOM(SG,MASC)	kakaowy
Inflect kakaowy | ADJ;ACC(PL,MASC,HUM)	kakaowych
Inflect kakaowy | ADJ;DAT(PL)	kakaowym
Inflect kakaowy | ADJ;ESS(SG,MASC)	kakaowym
Inflect kakaowy | ADJ;INS(SG,MASC)	kakaowym
Inflect kakaowy | ADJ;ESS(SG,NEUT)	kakaowym
Inflect kakaowy | ADJ;INS(SG,NEUT)	kakaowym
Inflect kakaowy | ADJ;INS(PL)	kakaowymi
Inflect smutny | ADJ;ACC(SG,FEM)	smutną
Inflect smutny | ADJ;INS(SG,FEM)	smutną
Inflect smutny | ADJ;NOM(SG,FEM)	smutna
Inflect smutny | ADJ;ACC(PL)	smutne
Inflect smutny | ADJ;ACC(SG,NEUT)	smutne
Inflect smutny | ADJ;NOM(SG,NEUT)	smutne
Inflect smutny | ADJ;NOM(PL)	smutne
Inflect smutny | ADJ;ACC(SG,MASC,ANIM)	smutnego
Inflect smutny | ADJ;GEN(SG,MASC)	smutnego
Inflect smutny | ADJ;ACC(SG,MASC,HUM)	smutnego
Inflect smutny | ADJ;DAT(SG,FEM)	smutnej
Inflect smutny | ADJ;ESS(SG,FEM)	smutnej
Inflect smutny | ADJ;GEN(SG,FEM)	smutnej
Inflect smutny | ADJ;DAT(SG,MASC)	smutnemu
Inflect smutny | ADJ;DAT(SG,NEUT)	smutnemu
Inflect smutny | ADJ;NOM(PL,MASC,HUM)	smutni
Inflect smutny | ADJ;NOM(SG,MASC)	smutny
Inflect smutny | ADJ;ESS(PL)	smutnych
Inflect smutny | ADJ;GEN(PL)	smutnych
Inflect smutny | ADJ;ACC(PL,MASC,HUM)	smutnych
Inflect smutny | ADJ;DAT(PL)	smutnym
Inflect smutny | ADJ;ESS(SG,MASC)	smutnym
Inflect smutny | ADJ;INS(SG,MASC)	smutnym
Inflect smutny | ADJ;ESS(SG,NEUT)	smutnym
Inflect skarga | N;DAT(SG)	skardze
Inflect skarga | N;ESS(SG)	skardze
Inflect skarga | N;ESS(PL)	skargach
Inflect skarga | N;INS(PL)	skargami
Inflect skarga | N;INS(SG)	skargą
Inflect skarga | N;NOM(SG)	skarga
Inflect skarga | N;ACC(SG)	skargę
Inflect skarga | N;GEN(SG)	skargi
Inflect skarga | N;NOM(PL)	skargi
Inflect skarga | N;VOC(PL)	skargi
Inflect skarga | N;DAT(PL)	skargom
Inflect skarga | N;VOC(SG)	skargo
Inflect gówno prawda | N;INS(PL)	gówno prawdami
Inflect gówno prawda | N;INS(SG)	gówno prawdą
Inflect gówno prawda | N;NOM(SG)	gówno prawda
Inflect gówno prawda | N;GEN(PL)	gówno prawd
Inflect gówno prawda | N;DAT(PL)	gówno prawdom
Inflect gówno prawda | N;VOC(SG)	gówno prawdo
Inflect gówno prawda | N;ACC(PL)	gówno prawdy
Inflect gówno prawda | N;GEN(SG)	gówno prawdy
Inflect gówno prawda | N;NOM(PL)	gówno prawdy
Inflect gówno prawda | N;VOC(PL)	gówno prawdy
Inflect gówno prawda | N;DAT(SG)	gówno prawdzie
Inflect gówno prawda | N;ESS(SG)	gówno prawdzie
Inflect Baskijka | N;DAT(SG)	Baskijce
Inflect Baskijka | N;ESS(SG)	Baskijce
Inflect Baskijka | N;GEN(PL)	Baskijek
Inflect Baskijka | N;ESS(PL)	Baskijkach
Inflect Baskijka | N;INS(PL)	Baskijkami
Inflect Baskijka | N;NOM(SG)	Baskijka
Inflect Baskijka | N;ACC(PL)	Baskijki
Inflect Baskijka | N;NOM(PL)	Baskijki
Inflect Baskijka | N;VOC(PL)	Baskijki
Inflect Baskijka | N;VOC(SG)	Baskijko
Inflect leksem | N;ESS(PL)	leksemach
Inflect leksem | N;INS(PL)	leksemami
Inflect leksem | N;INS(SG)	leksemem
Inflect leksem | N;ACC(SG)	leksem
Inflect leksem | N;NOM(SG)	leksem
Inflect leksem | N;DAT(SG)	leksemowi
Inflect leksem | N;GEN(PL)	leksemów
Inflect leksem | N;NOM(PL)	leksemy
Inflect leksem | N;VOC(PL)	leksemy
Inflect tok | N;ESS(PL)	tokach
Inflect tok | N;ACC(PL)	toki
Inflect tok | N;NOM(PL)	toki
Inflect tok | N;ACC(SG)	tok
Inflect tok | N;DAT(PL)	tokom
Inflect tok | N;DAT(SG)	tokowi
Inflect tok | N;GEN(PL)	toków
Inflect tok | N;VOC(SG)	toku
Inflect gała | N;INS(PL)	gałami
Inflect wyraz twarzy | N;INS(SG)	wyrazem twarzy
Inflect wyraz twarzy | N;ESS(SG)	wyrazie twarzy
Inflect wyraz twarzy | N;DAT(SG)	wyrazowi twarzy
Inflect wyraz twarzy | N;GEN(SG)	wyrazu twarzy
Inflect mól | N;INS(SG)	molem
Inflect agrafka | N;DAT(SG)	agrafce
Inflect agrafka | N;GEN(PL)	agrafek
Inflect agrafka | N;INS(PL)	agrafkami
Inflect agrafka | N;INS(SG)	agrafką
Inflect agrafka | N;NOM(SG)	agrafka
Inflect agrafka | N;ACC(PL)	agrafki
Inflect agrafka | N;GEN(SG)	agrafki
Inflect agrafka | N;NOM(PL)	agrafki
Inflect agrafka | N;VOC(SG)	agrafko
Inflect nalewanie | N;GEN(SG)	nalewania
Inflect nalewanie | N;INS(SG)	nalewaniem
Inflect nalewanie | N;ACC(SG)	nalewanie
Inflect nalewanie | N;NOM(SG)	nalewanie
Inflect nalewanie | N;VOC(SG)	nalewanie
Inflect nalewanie | N;DAT(SG)	nalewaniu
Inflect nalewanie | N;ESS(SG)	nalewaniu
Inflect zbierać | V;FUT;3;PL;MASC;HUM	będą zbierali
Inflect zbierać | V;FUT;3;PL	będą zbierały
Inflect zbierać | V;FUT;1;SG;FEM	będę zbierała
Inflect zbierać | V;FUT;1;SG;MASC	będę zbierał
Inflect zbierać | V;FUT;2;PL	będziecie zbierały
Inflect zbierać | V;FUT;2;SG;FEM	będziesz zbierała
Inflect zbierać | V;FUT;2;SG;MASC	będziesz zbierał
Inflect zbierać | V;FUT;3;SG;FEM	będzie zbierała
Inflect zbierać | V;FUT;3;SG;MASC	będzie zbierał
Inflect zbierać | V;PRS;2;PL	zbieracie
Inflect zbierać | V;NFIN	zbierać
Inflect zbierać | V.PTCP;PST;ACT;SG;FEM	zbierająca
Inflect zbierać | V.PTCP;PST;ACT;PL	zbierające
Inflect zbierać | V.PTCP;PST;ACT;SG;NEUT	zbierające
Inflect zbierać | V.PTCP;PST;ACT;PL;MASC;HUM	zbierający
Inflect zbierać | V.PTCP;PST;ACT;SG;MASC	zbierający
Inflect zbierać | V;PRS;3;PL	zbierają
Inflect zbierać | V;IMP;2;PL	zbierajcie
Inflect zbierać | V;IMP;1;PL	zbierajmy
Inflect zbierać | V;IMP;2;SG	zbieraj
Inflect zbierać | V;COND;1;SG;FEM	zbierałabym
Inflect zbierać | V;COND;2;SG;FEM	zbierałabyś
Inflect zbierać | V;PST;1;SG;FEM	zbierałam
Inflect zbierać | V;PST;2;SG;FEM	zbierałaś
Inflect zbierać | V;PST;3;SG;FEM	zbierała
Inflect zbierać | V;COND;1;SG;MASC	zbierałbym
Inflect zbierać | V;COND;2;SG;MASC	zbierałbyś
Inflect zbierać | V;PST;1;SG;MASC	zbierałem
Inflect zbierać | V;PST;2;SG;MASC	zbierałeś
Inflect zbierać | V;COND;2;PL;MASC;HUM	zbieralibyście
Inflect zbierać | V;COND;1;PL;MASC;HUM	zbieralibyśmy
Inflect zbierać | V;COND;3;PL;MASC;HUM	zbieraliby
Inflect zbierać | V;PST;1;PL;MASC;HUM	zbieraliśmy
Inflect zbierać | V;PST;3;PL;MASC;HUM	zbierali
Inflect zbierać | V;PST;3;SG;NEUT	zbierało
Inflect zbierać | V;PST;3;SG;MASC	zbierał
Inflect zbierać | V;COND;2;PL	zbierałybyście
Inflect zbierać | V;COND;1;PL	zbierałybyśmy
Inflect zbierać | V;COND;3;PL	zbierałyby
Inflect zbierać | V;PST;2;PL	zbierałyście
Inflect zbierać | V;PST;1;PL	zbierałyśmy
Inflect zbierać | V;PST;3;PL	zbierały
Inflect zbierać | V;PRS;1;PL	zbieramy
Inflect zbierać | V.PTCP;PST;PASS;PL	zbierane
Inflect zbierać | V.PTCP;PST;PASS;SG;NEUT	zbierane
Inflect zbierać | V.PTCP;PST;PASS;PL;MASC;HUM	zbierani
Inflect zbierać | V.PTCP;PST;PASS	zbierano
Inflect zbierać | V;PRS;2;SG	zbierasz
Inflect zbierać | V;PRS;3;SG	zbiera
Inflect podcasting | N;INS(SG)	podcastingiem
Inflect podcasting | N;ACC(SG)	podcasting
Inflect podcasting | N;NOM(SG)	podcasting
Inflect podcasting | N;ESS(SG)	podcastingu
Inflect podcasting | N;VOC(SG)	podcastingu
Inflect dziw | N;ESS(PL)	dziwach
Inflect dziw | N;ESS(SG)	dziwie
Inflect dziw | N;VOC(SG)	dziwie
Inflect dziw | N;NOM(SG)	dziw
Inflect dziw | N;DAT(PL)	dziwom
Inflect dziw | N;DAT(SG)	dziwowi
Inflect dziw | N;GEN(PL)	dziwów
Inflect dziw | N;GEN(SG)	dziwu
Inflect dziw | N;ACC(PL)	dziwy
Inflect dziw | N;NOM(PL)	dziwy
Inflect dziw | N;VOC(PL)	dziwy
Inflect gasić | V;FUT;3;PL	będą gasiły
Inflect gasić | V;FUT;1;SG;MASC	będę gasił
Inflect gasić | V;FUT;2;PL;MASC;HUM	będziecie gasili
Inflect gasić | V;FUT;2;PL	będziecie gasiły
Inflect gasić | V;FUT;3;SG;NEUT	będzie gasiło
Inflect gasić | V;FUT;3;SG;MASC	będzie gasił
Inflect gasić | V;FUT;1;PL;MASC;HUM	będziemy gasili
Inflect gasić | V;FUT;1;PL	będziemy gasiły
Inflect gasić | V;FUT;2;SG;FEM	będziesz gasiła
Inflect gasić | V;FUT;2;SG;MASC	będziesz gasił
Inflect gasić | V;IMP;2;PL	gaście
Inflect gasić | V;PRS;2;PL	gasicie
Inflect gasić | V;NFIN	gasić
Inflect gasić | V;COND;2;SG;FEM	gasiłabyś
Inflect gasić | V;COND;3;SG;FEM	gasiłaby
Inflect gasić | V;PST;1;SG;FEM	gasiłam
Inflect gasić | V;PST;3;SG;FEM	gasiła
Inflect gasić | V;COND;1;SG;MASC	gasiłbym
Inflect gasić | V;COND;2;SG;MASC	gasiłbyś
Inflect gasić | V;COND;3;SG;MASC	gasiłby
Inflect gasić | V;PST;1;SG;MASC	gasiłem
Inflect gasić | V;COND;1;PL;MASC;HUM	gasilibyśmy
Inflect gasić | V;COND;3;PL;MASC;HUM	gasiliby
Inflect gasić | V;PST;2;PL;MASC;HUM	gasiliście
Inflect gasić | V;PST;1;PL;MASC;HUM	gasiliśmy
Inflect gasić | V;PST;3;PL;MASC;HUM	gasili
Inflect gasić | V;PST;3;SG;MASC	gasił
Inflect gasić | V;COND;1;PL	gasiłybyśmy
Inflect gasić | V;COND;3;PL	gasiłyby
Inflect gasić | V;PST;2;PL	gasiłyście
Inflect gasić | V;PST;3;PL	gasiły
Inflect gasić | V;PRS;1;PL	gasimy
Inflect gasić | V;PRS;2;SG	gasisz
Inflect gasić | V;IMP;2;SG	gaś
Inflect gasić | V.PTCP;PST;ACT;SG;FEM	gasząca
Inflect gasić | V.PTCP;PST;ACT;PL	gaszące
Inflect gasić | V.PTCP;PST;ACT;PL;MASC;HUM	gaszący
Inflect gasić | V.PTCP;PST;ACT;SG;MASC	gaszący
Inflect gasić | V;PRS;3;PL	gaszą
Inflect gasić | V.MSDR	gaszenie
Inflect gasić | V.PTCP;PST;PASS;PL;MASC;HUM	gaszeni
Inflect gasić | V;PRS;1;SG	gaszę
Inflect gasić | V.PTCP;PST;PASS;SG;FEM	gaszona
Inflect gasić | V.PTCP;PST;PASS;PL	gaszone
Inflect gasić | V.PTCP;PST;PASS;SG;NEUT	gaszone
Inflect gasić | V.PTCP;PST;PASS	gaszono
Inflect gasić | V.PTCP;PST;PASS;SG;MASC	gaszony
Inflect gasić | V;IMP;3;SG	niech gasi
Inflect gasić | V;IMP;3;PL	niech gaszą
Inflect fotograficzny | ADJ;ACC(SG,FEM)	fotograficzną
Inflect fotograficzny | ADJ;INS(SG,FEM)	fotograficzną
Inflect fotograficzny | ADJ;ACC(PL)	fotograficzne
Inflect fotograficzny | ADJ;ACC(SG,NEUT)	fotograficzne
Inflect fotograficzny | ADJ;NOM(SG,NEUT)	fotograficzne
Inflect fotograficzny | ADJ;GEN(SG,MASC)	fotograficznego
Inflect fotograficzny | ADJ;GEN(SG,NEUT)	fotograficznego
Inflect fotograficzny | ADJ;DAT(SG,NEUT)	fotograficznemu
Inflect fotograficzny | ADJ;NOM(PL,MASC,HUM)	fotograficzni
Inflect fotograficzny | ADJ;ACC(SG,MASC,INAN)	fotograficzny
Inflect fotograficzny | ADJ;NOM(SG,MASC)	fotograficzny
Inflect fotograficzny | ADJ;ESS(PL)	fotograficznych
Inflect fotograficzny | ADJ;GEN(PL)	fotograficznych
Inflect fotograficzny | ADJ;ACC(PL,MASC,HUM)	fotograficznych
Inflect fotograficzny | ADJ;DAT(PL)	fotograficznym
Inflect fotograficzny | ADJ;ESS(SG,MASC)	fotograficznym
Inflect fotograficzny | ADJ;INS(SG,MASC)	fotograficznym
Inflect fotograficzny | ADJ;ESS(SG,NEUT)	fotograficznym
Inflect fotograficzny | ADJ;INS(SG,NEUT)	fotograficznym
Inflect fotograficzny | ADJ;INS(PL)	fotograficznymi
Inflect piszczeć | V;FUT;3;PL	będą piszczały
Inflect piszczeć | V;FUT;3;PL;MASC;HUM	będą piszczeli
Inflect piszczeć | V;FUT;1;SG;MASC	będę piszczał
Inflect piszczeć | V;FUT;2;PL	będziecie piszczały
Inflect piszczeć | V;FUT;2;PL;MASC;HUM	będziecie piszczeli
Inflect piszczeć | V;FUT;1;PL	będziemy piszczały
Inflect piszczeć | V;FUT;3;SG;FEM	będzie piszczała
Inflect piszczeć | V;FUT;3;SG;NEUT	będzie piszczało
Inflect piszczeć | V;FUT;2;SG;FEM	będziesz piszczała
Inflect piszczeć | V;FUT;2;SG;MASC	będziesz piszczał
Inflect piszczeć | V;IMP;3;PL	niech piszczą
Inflect piszczeć | V;IMP;3;SG	niech piszczy
Inflect piszczeć | V.PTCP;PST;ACT;SG;FEM	piszcząca
Inflect piszczeć | V.PTCP;PST;ACT;PL	piszczące
Inflect piszczeć | V.PTCP;PST;ACT;SG;NEUT	piszczące
Inflect piszczeć | V.CVB	piszcząc
Inflect piszczeć | V.PTCP;PST;ACT;PL;MASC;HUM	piszczący
Inflect piszczeć | V.PTCP;PST;ACT;SG;MASC	piszczący
Inflect piszczeć | V;COND;1;SG;FEM	piszczałabym
Inflect piszczeć | V;COND;2;SG;FEM	piszczałabyś
Inflect piszczeć | V;COND;3;SG;FEM	piszczałaby
Inflect piszczeć | V;PST;1;SG;FEM	piszczałam
Inflect piszczeć | V;PST;3;SG;FEM	piszczała
Inflect piszczeć | V;COND;1;SG;MASC	piszczałbym
Inflect piszczeć | V;COND;3;SG;MASC	piszczałby
Inflect piszczeć | V;PST;1;SG;MASC	piszczałem
Inflect piszczeć | V;PST;2;SG;MASC	piszczałeś
Inflect piszczeć | V;COND;3;SG;NEUT	piszczałoby
Inflect piszczeć | V;PST;3;SG;NEUT	piszczało
Inflect piszczeć | V;PST;3;SG;MASC	piszczał
Inflect piszczeć | V;COND;2;PL	piszczałybyście
Inflect piszczeć | V;COND;1;PL	piszczałybyśmy
Inflect piszczeć | V;COND;3;PL	piszczałyby
Inflect piszczeć | V;PST;1;PL	piszczałyśmy
Inflect piszczeć | V;PST;3;PL	piszczały
Inflect piszczeć | V;PRS;3;PL	piszczą
Inflect piszczeć | V;NFIN	piszczeć
Inflect piszczeć | V;COND;2;PL;MASC;HUM	piszczelibyście
Inflect piszczeć | V;COND;1;PL;MASC;HUM	piszczelibyśmy
Inflect piszczeć | V;PST;1;PL;MASC;HUM	piszczeliśmy
Inflect piszczeć | V;PST;3;PL;MASC;HUM	piszczeli
Inflect piszczeć | V.MSDR	piszczenie
Inflect piszczeć | V;PRS;1;SG	piszczę
Inflect piszczeć | V;IMP;1;PL	piszczmy
Inflect piszczeć | V;IMP;2;SG	piszcz
Inflect piszczeć | V;PRS;1;PL	piszczymy
Inflect piszczeć | V;PRS;2;SG	piszczysz
Inflect lakier | N;ESS(PL)	lakierach
Inflect lakier | N;INS(PL)	lakierami
Inflect lakier | N;INS(SG)	lakierem
Inflect lakier | N;ACC(SG)	lakier
Inflect lakier | N;NOM(SG)	lakier
Inflect lakier | N;DAT(PL)	lakierom
Inflect lakier | N;DAT(SG)	lakierowi
Inflect lakier | N;GEN(SG)	lakieru
Inflect lakier | N;VOC(PL)	lakiery
Inflect lakier | N;VOC(SG)	lakierze
Inflect zerkać | V;FUT;3;PL	będą zerkały
Inflect zerkać | V;FUT;1;SG;FEM	będę zerkała
Inflect zerkać | V;FUT;1;SG;MASC	będę zerkał
Inflect zerkać | V;FUT;2;PL	będziecie zerkały
Inflect zerkać | V;FUT;1;PL	będziemy zerkały
Inflect zerkać | V;FUT;2;SG;MASC	będziesz zerkał
Inflect zerkać | V;FUT;3;SG;FEM	będzie zerkała
Inflect zerkać | V;FUT;3;SG;MASC	będzie zerkał
Inflect zerkać | V;PRS;2;PL	zerkacie
Inflect zerkać | V.PTCP;PST;ACT;SG;FEM	zerkająca
Inflect zerkać | V.PTCP;PST;ACT;PL	zerkające
Inflect zerkać | V.PTCP;PST;ACT;SG;NEUT	zerkające
Inflect zerkać | V.PTCP;PST;ACT;PL;MASC;HUM	zerkający
Inflect zerkać | V;PRS;3;PL	zerkają
Inflect zerkać | V;COND;1;SG;FEM	zerkałabym
Inflect zerkać | V;COND;3;SG;FEM	zerkałaby
Inflect zerkać | V;PST;1;SG;FEM	zerkałam
Inflect zerkać | V;PST;2;SG;FEM	zerkałaś
Inflect zerkać | V;PST;3;SG;FEM	zerkała
Inflect zerkać | V;COND;1;SG;MASC	zerkałbym
Inflect zerkać | V;COND;2;SG;MASC	zerkałbyś
Inflect zerkać | V;COND;3;SG;MASC	zerkałby
Inflect zerkać | V;PST;2;SG;MASC	zerkałeś
Inflect zerkać | V;COND;2;PL;MASC;HUM	zerkalibyście
Inflect zerkać | V;COND;1;PL;MASC;HUM	zerkalibyśmy
Inflect zerkać | V;PST;1;PL;MASC;HUM	zerkaliśmy
Inflect zerkać | V;PST;3;PL;MASC;HUM	zerkali
Inflect zerkać | V;PST;3;SG;NEUT	zerkało
Inflect zerkać | V;PST;3;SG;MASC	zerkał
Inflect zerkać | V;COND;2;PL	zerkałybyście
Inflect zerkać | V;COND;1;PL	zerkałybyśmy
Inflect zerkać | V;COND;3;PL	zerkałyby
Inflect zerkać | V;PST;2;PL	zerkałyście
Inflect zerkać | V;PST;1;PL	zerkałyśmy
Inflect zerkać | V;PST;3;PL	zerkały
Inflect zerkać | V;PRS;1;PL	zerkamy
Inflect zerkać | V.MSDR	zerkanie
Inflect zerkać | V.PTCP;PST;PASS	zerkano
Inflect zerkać | V;PRS;2;SG	zerkasz
Inflect zerkać | V;PRS;3;SG	zerka
Inflect chan | N;ESS(PL)	chanach
Inflect chan | N;INS(PL)	chanami
Inflect chan | N;ACC(SG)	chana
Inflect chan | N;ESS(SG)	chanie
Inflect chan | N;VOC(SG)	chanie
Inflect chan | N;NOM(SG)	chan
Inflect chan | N;DAT(PL)	chanom
Inflect chan | N;NOM(PL)	chanowie
Inflect chan | N;VOC(PL)	chanowie
Inflect chan | N;DAT(SG)	chanowi
Inflect chan | N;GEN(PL)	chanów
Inflect iloczyn | N;ESS(PL)	iloczynach
Inflect iloczyn | N;INS(PL)	iloczynami
Inflect iloczyn | N;ESS(SG)	iloczynie
Inflect iloczyn | N;NOM(SG)	iloczyn
Inflect iloczyn | N;DAT(PL)	iloczynom
Inflect iloczyn | N;DAT(SG)	iloczynowi
Inflect iloczyn | N;GEN(SG)	iloczynu
Inflect iloczyn | N;ACC(PL)	iloczyny
Inflect iloczyn | N;NOM(PL)	iloczyny
Inflect myśliciel | N;ESS(PL)	myślicielach
Inflect myśliciel | N;INS(PL)	myślicielami
Inflect myśliciel | N;GEN(SG)	myśliciela
Inflect myśliciel | N;INS(SG)	myślicielem
Inflect myśliciel | N;NOM(PL)	myśliciele
Inflect myśliciel | N;VOC(PL)	myśliciele
Inflect myśliciel | N;NOM(SG)	myśliciel
Inflect myśliciel | N;DAT(PL)	myślicielom
Inflect myśliciel | N;DAT(SG)	myślicielowi
Inflect myśliciel | N;ESS(SG)	myślicielu
Inflect fotel | N;ESS(PL)	fotelach
Inflect fotel | N;INS(SG)	fotelem
Inflect fotel | N;NOM(PL)	fotele
Inflect fotel | N;VOC(PL)	fotele
Inflect fotel | N;GEN(PL)	foteli
Inflect fotel | N;ACC(SG)	fotel
Inflect fotel | N;NOM(SG)	fotel
Inflect fotel | N;DAT(PL)	fotelom
Inflect fotel | N;ESS(SG)	fotelu
Inflect fotel | N;VOC(SG)	fotelu
Inflect zysk | N;INS(PL)	zyskami
Inflect zysk | N;INS(SG)	zyskiem
Inflect zysk | N;NOM(PL)	zyski
Inflect zysk | N;VOC(PL)	zyski
Inflect zysk | N;DAT(PL)	zyskom
Inflect zysk | N;DAT(SG)	zyskowi
Inflect zysk | N;GEN(PL)	zysków
Inflect zysk | N;ESS(SG)	zysku
Inflect zysk | N;VOC(SG)	zysku
Inflect grejpfrut | N;ESS(SG)	grejpfrucie
Inflect grejpfrut | N;VOC(SG)	grejpfrucie
Inflect grejpfrut | N;INS(PL)	grejpfrutami
Inflect grejpfrut | N;ACC(SG)	grejpfruta
Inflect grejpfrut | N;GEN(SG)	grejpfruta
Inflect grejpfrut | N;NOM(SG)	grejpfrut
Inflect grejpfrut | N;DAT(PL)	grejpfrutom
Inflect grejpfrut | N;DAT(SG)	grejpfrutowi
Inflect grejpfrut | N;GEN(PL)	grejpfrutów
Inflect grejpfrut | N;ACC(PL)	grejpfruty
Inflect grejpfrut | N;VOC(PL)	grejpfruty
Inflect pączek | N;NOM(SG)	pączek
Inflect pączek | N;ESS(PL)	pączkach
Inflect pączek | N;INS(PL)	pączkami
Inflect pączek | N;ACC(SG)	pączka
Inflect pączek | N;GEN(SG)	pączka
Inflect pączek | N;INS(SG)	pączkiem
Inflect pączek | N;ACC(PL)	pączki
Inflect pączek | N;NOM(PL)	pączki
Inflect pączek | N;VOC(PL)	pączki
Inflect pączek | N;DAT(PL)	pączkom
Inflect pączek | N;DAT(SG)	pączkowi
Inflect pączek | N;GEN(PL)	pączków
Inflect pączek | N;ESS(SG)	pączku
Inflect pączek | N;VOC(SG)	pączku
Inflect spirometr | N;ESS(PL)	spirometrach
Inflect spirometr | N;INS(SG)	spirometrem
Inflect spirometr | N;ACC(SG)	spirometr
Inflect spirometr | N;NOM(SG)	spirometr
Inflect spirometr | N;DAT(PL)	spirometrom
Inflect spirometr | N;ACC(PL)	spirometry
Inflect spirometr | N;NOM(PL)	spirometry
Inflect spirometr | N;VOC(PL)	spirometry
Inflect spirometr | N;ESS(SG)	spirometrze
Inflect spirometr | N;VOC(SG)	spirometrze
Inflect kumpel | N;INS(PL)	kumplami
Inflect kumpel | N;ACC(SG)	kumpla
Inflect kumpel | N;GEN(SG)	kumpla
Inflect kumpel | N;INS(SG)	kumplem
Inflect kumpel | N;NOM(PL)	kumple
Inflect kumpel | N;VOC(PL)	kumple
Inflect kumpel | N;ACC(PL)	kumpli
Inflect kumpel | N;GEN(PL)	kumpli
Inflect kumpel | N;DAT(PL)	kumplom
Inflect kumpel | N;DAT(SG)	kumplowi
Inflect kumpel | N;VOC(SG)	kumplu
Inflect ogrom | N;INS(PL)	ogromami
Inflect ogrom | N;INS(SG)	ogromem
Inflect ogrom | N;ESS(SG)	ogromie
Inflect ogrom | N;VOC(SG)	ogromie
Inflect ogrom | N;ACC(SG)	ogrom
Inflect ogrom | N;DAT(PL)	ogromom
Inflect ogrom | N;DAT(SG)	ogromowi
Inflect ogrom | N;GEN(PL)	ogromów
Inflect ogrom | N;ACC(PL)	ogromy
Inflect ogrom | N;NOM(PL)	ogromy
Inflect kontrprzykład | N;ESS(PL)	kontrprzykładach
Inflect kontrprzykład | N;INS(PL)	kontrprzykładami
Inflect kontrprzykład | N;INS(SG)	kontrprzykładem
Inflect kontrprzykład | N;NOM(SG)	kontrprzykład
Inflect kontrprzykład | N;DAT(SG)	kontrprzykładowi
Inflect kontrprzykład | N;GEN(PL)	kontrprzykładów
Inflect kontrprzykład | N;ACC(PL)	kontrprzykłady
Inflect kontrprzykład | N;NOM(PL)	kontrprzykłady
Inflect kontrprzykład | N;VOC(PL)	kontrprzykłady
Inflect kontrprzykład | N;ESS(SG)	kontrprzykładzie
Inflect kontrprzykład | N;VOC(SG)	kontrprzykładzie
Inflect paproć | N;INS(SG)	paprocią
Inflect paproć | N;ACC(PL)	paprocie
Inflect paproć | N;NOM(PL)	paprocie
Inflect paproć | N;VOC(PL)	paprocie
Inflect paproć | N;DAT(SG)	paproci
Inflect paproć | N;GEN(PL)	paproci
Inflect paproć | N;DAT(PL)	paprociom
Inflect paproć | N;ACC(SG)	paproć
Inflect paproć | N;NOM(SG)	paproć
Inflect sedno | N;GEN(SG)	sedna
Inflect sedno | N;INS(SG)	sednem
Inflect sedno | N;ESS(SG)	sednie
Inflect sedno | N;NOM(SG)	sedno
Inflect sedno | N;DAT(SG)	sednu
Inflect gaz ziemny | N;DAT(SG)	ga ziemnemu
Inflect gaz ziemny | N;INS(SG)	ga ziemnym
Inflect gaz ziemny | N;ACC(SG)	ga ziemny
Inflect gaz ziemny | N;NOM(SG)	ga ziemny
Inflect gaz ziemny | N;VOC(SG)	ga ziemny
Inflect komputerowy | ADJ;INS(SG,FEM)	komputerową
Inflect komputerowy | ADJ;NOM(SG,FEM)	komputerowa
Inflect komputerowy | ADJ;ACC(PL)	komputerowe
Inflect komputerowy | ADJ;NOM(SG,NEUT)	komputerowe
Inflect komputerowy | ADJ;NOM(PL)	komputerowe
Inflect komputerowy | ADJ;ACC(SG,MASC,ANIM)	komputerowego
Inflect komputerowy | ADJ;ACC(SG,MASC,HUM)	komputerowego
Inflect komputerowy | ADJ;GEN(SG,NEUT)	komputerowego
Inflect komputerowy | ADJ;DAT(SG,FEM)	komputerowej
Inflect komputerowy | ADJ;ESS(SG,FEM)	komputerowej
Inflect komputerowy | ADJ;GEN(SG,FEM)	komputerowej
Inflect komputerowy | ADJ;NOM(PL,MASC,HUM)	komputerowi
Inflect komputerowy | ADJ;ACC(SG,MASC,INAN)	komputerowy
Inflect komputerowy | ADJ;ESS(PL)	komputerowych
Inflect komputerowy | ADJ;DAT(PL)	komputerowym
Inflect komputerowy | ADJ;ESS(SG,MASC)	komputerowym
Inflect komputerowy | ADJ;INS(SG,MASC)	komputerowym
Inflect komputerowy | ADJ;ESS(SG,NEUT)	komputerowym
Inflect komputerowy | ADJ;INS(SG,NEUT)	komputerowym
Inflect komputerowy | ADJ;INS(PL)	komputerowymi
Inflect stanik | N;ESS(PL)	stanikach
Inflect stanik | N;INS(PL)	stanikami
Inflect stanik | N;GEN(SG)	stanika
Inflect stanik | N;ACC(SG)	stanik
Inflect stanik | N;NOM(SG)	stanik
Inflect stanik | N;DAT(PL)	stanikom
Inflect stanik | N;DAT(SG)	stanikowi
Inflect stanik | N;ESS(SG)	staniku
Inflect domowy | ADJ;ACC(SG,FEM)	domową
Inflect domowy | ADJ;INS(SG,FEM)	domową
Inflect domowy | ADJ;ACC(SG,NEUT)	domowe
Inflect domowy | ADJ;NOM(PL)	domowe
Inflect domowy | ADJ;GEN(SG,MASC)	domowego
Inflect domowy | ADJ;ACC(SG,MASC,HUM)	domowego
Inflect domowy | ADJ;GEN(SG,NEUT)	domowego
Inflect domowy | ADJ;ESS(SG,FEM)	domowej
Inflect domowy | ADJ;GEN(SG,FEM)	domowej
Inflect domowy | ADJ;DAT(SG,MASC)	domowemu
Inflect domowy | ADJ;DAT(SG,NEUT)	domowemu
Inflect domowy | ADJ;ACC(SG,MASC,INAN)	domowy
Inflect domowy | ADJ;NOM(SG,MASC)	domowy
Inflect domowy | ADJ;ESS(PL)	domowych
Inflect domowy | ADJ;GEN(PL)	domowych
Inflect domowy | ADJ;DAT(PL)	domowym
Inflect domowy | ADJ;ESS(SG,MASC)	domowym
Inflect domowy | ADJ;INS(SG,MASC)	domowym
Inflect domowy | ADJ;ESS(SG,NEUT)	domowym
Inflect domowy | ADJ;INS(SG,NEUT)	domowym
Inflect domowy | ADJ;INS(PL)	domowymi
Inflect karnawał | N;ESS(PL)	karnawałach
Inflect karnawał | N;INS(PL)	karnawałami
Inflect karnawał | N;ESS(SG)	karnawale
Inflect karnawał | N;VOC(SG)	karnawale
Inflect karnawał | N;NOM(SG)	karnawał
Inflect karnawał | N;GEN(PL)	karnawałów
Inflect karnawał | N;GEN(SG)	karnawału
Inflect karnawał | N;ACC(PL)	karnawały
Inflect karnawał | N;NOM(PL)	karnawały
Inflect konstruktywizm | N;ESS(SG)	konstruktywizmie
Inflect konstruktywizm | N;VOC(SG)	konstruktywizmie
Inflect konstruktywizm | N;ACC(SG)	konstruktywizm
Inflect konstruktywizm | N;NOM(SG)	konstruktywizm
Inflect konstruktywizm | N;DAT(SG)	konstruktywizmowi
Inflect konstruktywizm | N;GEN(SG)	konstruktywizmu
Inflect anarchistyczny | ADJ;ACC(SG,FEM)	anarchistyczną
Inflect anarchistyczny | ADJ;NOM(SG,FEM)	anarchistyczna
Inflect anarchistyczny | ADJ;ACC(PL)	anarchistyczne
Inflect anarchistyczny | ADJ;ACC(SG,NEUT)	anarchistyczne
Inflect anarchistyczny | ADJ;NOM(PL)	anarchistyczne
Inflect anarchistyczny | ADJ;GEN(SG,MASC)	anarchistycznego
Inflect anarchistyczny | ADJ;ACC(SG,MASC,HUM)	anarchistycznego
Inflect anarchistyczny | ADJ;DAT(SG,FEM)	anarchistycznej
Inflect anarchistyczny | ADJ;ESS(SG,FEM)	anarchistycznej
Inflect anarchistyczny | ADJ;NOM(PL,MASC,HUM)	anarchistyczni
Inflect anarchistyczny | ADJ;ACC(SG,MASC,INAN)	anarchistyczny
Inflect anarchistyczny | ADJ;ESS(PL)	anarchistycznych
Inflect anarchistyczny | ADJ;GEN(PL)	anarchistycznych
Inflect anarchistyczny | ADJ;DAT(PL)	anarchistycznym
Inflect anarchistyczny | ADJ;INS(SG,MASC)	anarchistycznym
Inflect anarchistyczny | ADJ;ESS(SG,NEUT)	anarchistycznym
Inflect anarchistyczny | ADJ;INS(SG,NEUT)	anarchistycznym
Inflect anarchistyczny | ADJ;INS(PL)	anarchistycznymi
Inflect założyć | V;IMP;3;PL	niech zakładają
Inflect założyć | V;IMP;3;SG	niech zakłada
Inflect założyć | V;FUT;2;PL	zakładacie
Inflect założyć | V;NFIN	zakładać
Inflect założyć | V;FUT;3;PL	zakładają
Inflect założyć | V;IMP;2;PL	zakładajcie
Inflect założyć | V;IMP;1;PL	zakładajmy
Inflect założyć | V;IMP;2;SG	zakładaj
Inflect założyć | V;COND;2;SG;FEM	zakładałabyś
Inflect założyć | V;COND;3;SG;FEM	zakładałaby
Inflect założyć | V;PST;1;SG;FEM	zakładałam
Inflect założyć | V;PST;2;SG;FEM	zakładałaś
Inflect założyć | V;PST;3;SG;FEM	zakładała
Inflect założyć | V;COND;3;SG;MASC	zakładałby
Inflect założyć | V;PST;1;SG;MASC	zakładałem
Inflect założyć | V;PST;2;SG;MASC	zakładałeś
Inflect założyć | V;COND;2;PL;MASC;HUM	zakładalibyście
Inflect założyć | V;COND;1;PL;MASC;HUM	zakładalibyśmy
Inflect założyć | V;COND;3;PL;MASC;HUM	zakładaliby
Inflect założyć | V;PST;2;PL;MASC;HUM	zakładaliście
Inflect założyć | V;PST;1;PL;MASC;HUM	zakładaliśmy
Inflect założyć | V;COND;3;SG;NEUT	zakładałoby
Inflect założyć | V;PST;3;SG;NEUT	zakładało
Inflect założyć | V;COND;2;PL	zakładałybyście
Inflect założyć | V;COND;1;PL	zakładałybyśmy
Inflect założyć | V;COND;3;PL	zakładałyby
Inflect założyć | V;PST;2;PL	zakładałyście
Inflect założyć | V;PST;1;PL	zakładałyśmy
Inflect założyć | V;PST;3;PL	zakładały
Inflect założyć | V;FUT;1;SG	zakładam
Inflect założyć | V;FUT;1;PL	zakładamy
Inflect założyć | V.PTCP;PST;PASS;SG;FEM	zakładana
Inflect założyć | V.PTCP;PST;PASS;PL	zakładane
Inflect założyć | V.PTCP;PST;PASS;SG;NEUT	zakładane
Inflect założyć | V.MSDR	zakładanie
Inflect założyć | V.PTCP;PST;PASS;PL;MASC;HUM	zakładani
Inflect założyć | V.PTCP;PST;PASS	zakładano
Inflect założyć | V.PTCP;PST;PASS;SG;MASC	zakładany
Inflect założyć | V;FUT;2;SG	zakładasz
Inflect założyć | V;FUT;3;SG	zakłada
Inflect migdałowiec | N;ESS(PL)	migdałowcach
Inflect migdałowiec | N;INS(PL)	migdałowcami
Inflect migdałowiec | N;INS(SG)	migdałowcem
Inflect migdałowiec | N;ACC(PL)	migdałowce
Inflect migdałowiec | N;NOM(PL)	migdałowce
Inflect migdałowiec | N;GEN(PL)	migdałowców
Inflect migdałowiec | N;ESS(SG)	migdałowcu
Inflect migdałowiec | N;VOC(SG)	migdałowcu
Inflect migdałowiec | N;ACC(SG)	migdałowiec
Inflect francuski | ADJ;NOM(PL,MASC,HUM)	francuscy
Inflect francuski | ADJ;ACC(SG,FEM)	francuską
Inflect francuski | ADJ;INS(SG,FEM)	francuską
Inflect francuski | ADJ;ACC(SG,MASC,INAN)	francuski
Inflect francuski | ADJ;NOM(SG,MASC)	francuski
Inflect francuski | ADJ;ESS(PL)	francuskich
Inflect francuski | ADJ;GEN(PL)	francuskich
Inflect francuski | ADJ;ACC(PL,MASC,HUM)	francuskich
Inflect francuski | ADJ;ACC(SG,NEUT)	francuskie
Inflect francuski | ADJ;NOM(PL)	francuskie
Inflect francuski | ADJ;GEN(SG,MASC)	francuskiego
Inflect francuski | ADJ;ACC(SG,MASC,HUM)	francuskiego
Inflect francuski | ADJ;ESS(SG,FEM)	francuskiej
Inflect francuski | ADJ;GEN(SG,FEM)	francuskiej
Inflect francuski | ADJ;DAT(SG,MASC)	francuskiemu
Inflect francuski | ADJ;DAT(SG,NEUT)	francuskiemu
Inflect francuski | ADJ;DAT(PL)	francuskim
Inflect francuski | ADJ;ESS(SG,MASC)	francuskim
Inflect francuski | ADJ;INS(SG,MASC)	francuskim
Inflect francuski | ADJ;INS(SG,NEUT)	francuskim
Inflect francuski | ADJ;INS(PL)	francuskimi
Inflect łatwiejszy | ADJ;NOM(PL,MASC,HUM)	łatwiejsi
Inflect łatwiejszy | ADJ;INS(SG,FEM)	łatwiejszą
Inflect łatwiejszy | ADJ;NOM(SG,FEM)	łatwiejsza
Inflect łatwiejszy | ADJ;ACC(PL)	łatwiejsze
Inflect łatwiejszy | ADJ;ACC(SG,NEUT)	łatwiejsze
Inflect łatwiejszy | ADJ;NOM(SG,NEUT)	łatwiejsze
Inflect łatwiejszy | ADJ;NOM(PL)	łatwiejsze
Inflect łatwiejszy | ADJ;ACC(SG,MASC,ANIM)	łatwiejszego
Inflect łatwiejszy | ADJ;GEN(SG,MASC)	łatwiejszego
Inflect łatwiejszy | ADJ;ACC(SG,MASC,HUM)	łatwiejszego
Inflect łatwiejszy | ADJ;GEN(SG,NEUT)	łatwiejszego
Inflect łatwiejszy | ADJ;ESS(SG,FEM)	łatwiejszej
Inflect łatwiejszy | ADJ;GEN(SG,FEM)	łatwiejszej
Inflect łatwiejszy | ADJ;DAT(SG,MASC)	łatwiejszemu
Inflect łatwiejszy | ADJ;DAT(SG,NEUT)	łatwiejszemu
Inflect łatwiejszy | ADJ;NOM(SG,MASC)	łatwiejszy
Inflect łatwiejszy | ADJ;GEN(PL)	łatwiejszych
Inflect łatwiejszy | ADJ;ACC(PL,MASC,HUM)	łatwiejszych
Inflect łatwiejszy | ADJ;DAT(PL)	łatwiejszym
Inflect łatwiejszy | ADJ;ESS(SG,MASC)	łatwiejszym
Inflect łatwiejszy | ADJ;INS(SG,MASC)	łatwiejszym
Inflect łatwiejszy | ADJ;ESS(SG,NEUT)	łatwiejszym
Inflect łatwiejszy | ADJ;INS(PL)	łatwiejszymi
Inflect filologia | N;INS(PL)	filologiami
Inflect filologia | N;INS(SG)	filologią
Inflect filologia | N;NOM(SG)	filologia
Inflect filologia | N;ACC(PL)	filologie
Inflect filologia | N;ACC(SG)	filologię
Inflect filologia | N;NOM(PL)	filologie
Inflect filologia | N;VOC(PL)	filologie
Inflect filologia | N;DAT(SG)	filologii
Inflect filologia | N;ESS(SG)	filologii
Inflect filologia | N;GEN(PL)	filologii
Inflect filologia | N;DAT(PL)	filologiom
Inflect filologia | N;VOC(SG)	filologio
Inflect chochlik | N;ESS(PL)	chochlikach
Inflect chochlik | N;INS(PL)	chochlikami
Inflect chochlik | N;ACC(SG)	chochlika
Inflect chochlik | N;INS(SG)	chochlikiem
Inflect chochlik | N;ACC(PL)	chochliki
Inflect chochlik | N;NOM(PL)	chochliki
Inflect chochlik | N;NOM(SG)	chochlik
Inflect chochlik | N;DAT(PL)	chochlikom
Inflect chochlik | N;DAT(SG)	chochlikowi
Inflect chochlik | N;GEN(PL)	chochlików
Inflect chochlik | N;ESS(SG)	chochliku
Inflect chochlik | N;VOC(SG)	chochliku
Inflect czyn | N;ESS(PL)	czynach
Inflect czyn | N;INS(PL)	czynami
Inflect czyn | N;INS(SG)	czynem
Inflect czyn | N;ESS(SG)	czynie
Inflect czyn | N;ACC(SG)	czyn
Inflect czyn | N;DAT(PL)	czynom
Inflect czyn | N;DAT(SG)	czynowi
Inflect czyn | N;ACC(PL)	czyny
Inflect czyn | N;VOC(PL)	czyny
Inflect skon | N;ESS(PL)	skonach
Inflect skon | N;INS(SG)	skonem
Inflect skon | N;ESS(SG)	skonie
Inflect skon | N;VOC(SG)	skonie
Inflect skon | N;ACC(SG)	skon
Inflect skon | N;NOM(SG)	skon
Inflect skon | N;DAT(PL)	skonom
Inflect skon | N;DAT(SG)	skonowi
Inflect skon | N;GEN(PL)	skonów
Inflect skon | N;GEN(SG)	skonu
Inflect skon | N;ACC(PL)	skony
Inflect okrzemka | N;ESS(SG)	okrzemce
Inflect okrzemka | N;GEN(PL)	okrzemek
Inflect okrzemka | N;INS(PL)	okrzemkami
Inflect okrzemka | N;INS(SG)	okrzemką
Inflect okrzemka | N;NOM(SG)	okrzemka
Inflect okrzemka | N;ACC(SG)	okrzemkę
Inflect okrzemka | N;ACC(PL)	okrzemki
Inflect okrzemka | N;NOM(PL)	okrzemki
Inflect okrzemka | N;DAT(PL)	okrzemkom
Inflect paser | N;ESS(PL)	paserach
Inflect paser | N;GEN(SG)	pasera
Inflect paser | N;INS(SG)	paserem
Inflect paser | N;NOM(SG)	paser
Inflect paser | N;DAT(PL)	paserom
Inflect paser | N;DAT(SG)	paserowi
Inflect paser | N;GEN(PL)	paserów
Inflect paser | N;NOM(PL)	paserzy
Inflect paser | N;VOC(PL)	paserzy
Inflect esencja | N;ESS(PL)	esencjach
Inflect esencja | N;INS(PL)	esencjami
Inflect esencja | N;ACC(SG)	esencję
Inflect esencja | N;NOM(PL)	esencje
Inflect esencja | N;VOC(PL)	esencje
Inflect esencja | N;DAT(SG)	esencji
Inflect esencja | N;ESS(SG)	esencji
Inflect esencja | N;GEN(PL)	esencji
Inflect esencja | N;GEN(SG)	esencji
Inflect żądać | V;COND;3;PL	żądałyby
Inflect wzgórze | N;ESS(PL)	wzgórzach
Inflect wzgórze | N;INS(PL)	wzgórzami
Inflect wzgórze | N;ACC(PL)	wzgórza
Inflect wzgórze | N;GEN(SG)	wzgórza
Inflect wzgórze | N;NOM(PL)	wzgórza
Inflect wzgórze | N;VOC(PL)	wzgórza
Inflect wzgórze | N;INS(SG)	wzgórzem
Inflect wzgórze | N;ACC(SG)	wzgórze
Inflect wzgórze | N;VOC(SG)	wzgórze
Inflect wzgórze | N;DAT(PL)	wzgórzom
Inflect wzgórze | N;DAT(SG)	wzgórzu
Inflect wzgórze | N;ESS(SG)	wzgórzu
Inflect wartość | N;ESS(PL)	wartościach
Inflect wartość | N;INS(PL)	wartościami
Inflect wartość | N;INS(SG)	wartością
Inflect wartość | N;ACC(PL)	wartości
Inflect wartość | N;DAT(SG)	wartości
Inflect wartość | N;ESS(SG)	wartości
Inflect wartość | N;GEN(PL)	wartości
Inflect wartość | N;GEN(SG)	wartości
Inflect wartość | N;NOM(PL)	wartości
Inflect wartość | N;VOC(PL)	wartości
Inflect wartość | N;VOC(SG)	wartości
Inflect wartość | N;ACC(SG)	wartość
Inflect wartość | N;NOM(SG)	wartość
Inflect przedramię | N;ACC(SG)	przedramię
Inflect przedramię | N;GEN(SG)	przedramienia
Inflect przedramię | N;INS(SG)	przedramieniem
Inflect przedramię | N;DAT(SG)	przedramieniu
Inflect przedramię | N;ESS(SG)	przedramieniu
Inflect przedramię | N;NOM(SG)	przedramię
Inflect przedramię | N;VOC(SG)	przedramię
Inflect przedramię | N;ESS(PL)	przedramionach
Inflect przedramię | N;INS(PL)	przedramionami
Inflect przedramię | N;ACC(PL)	przedramiona
Inflect przedramię | N;NOM(PL)	przedramiona
Inflect przedramię | N;GEN(PL)	przedramion
Inflect przedramię | N;DAT(PL)	przedramionom
Inflect pękanie | N;GEN(SG)	pękania
Inflect pękanie | N;INS(SG)	pękaniem
Inflect pękanie | N;ACC(SG)	pękanie
Inflect pękanie | N;NOM(SG)	pękanie
Inflect pękanie | N;VOC(SG)	pękanie
Inflect gołębnik | N;ESS(PL)	gołębnikach
Inflect gołębnik | N;INS(PL)	gołębnikami
Inflect gołębnik | N;INS(SG)	gołębnikiem
Inflect gołębnik | N;NOM(PL)	gołębniki
Inflect gołębnik | N;VOC(PL)	gołębniki
Inflect gołębnik | N;NOM(SG)	gołębnik
Inflect gołębnik | N;DAT(SG)	gołębnikowi
Inflect gołębnik | N;GEN(PL)	gołębników
Inflect gołębnik | N;ESS(SG)	gołębniku
Inflect gołębnik | N;VOC(SG)	gołębniku
Inflect kalumnia | N;INS(PL)	kalumniami
Inflect kalumnia | N;NOM(SG)	kalumnia
Inflect kalumnia | N;ACC(PL)	kalumnie
Inflect kalumnia | N;ACC(SG)	kalumnię
Inflect kalumnia | N;NOM(PL)	kalumnie
Inflect kalumnia | N;VOC(PL)	kalumnie
Inflect kalumnia | N;DAT(SG)	kalumni
Inflect kalumnia | N;ESS(SG)	kalumni
Inflect kalumnia | N;GEN(PL)	kalumni
Inflect kalumnia | N;GEN(SG)	kalumni
Inflect kalumnia | N;DAT(PL)	kalumniom
Inflect kalumnia | N;VOC(SG)	kalumnio
Inflect wyżeł | N;NOM(SG)	wyżeł
Inflect wyżeł | N;ESS(PL)	wyżłach
Inflect wyżeł | N;INS(PL)	wyżłami
Inflect wyżeł | N;ACC(SG)	wyżła
Inflect wyżeł | N;GEN(SG)	wyżła
Inflect wyżeł | N;ESS(SG)	wyżle
Inflect wyżeł | N;VOC(SG)	wyżle
Inflect wyżeł | N;DAT(PL)	wyżłom
Inflect wyżeł | N;DAT(SG)	wyżłowi
Inflect wyżeł | N;GEN(PL)	wyżłów
Inflect wyżeł | N;ACC(PL)	wyżły
Inflect wyżeł | N;VOC(PL)	wyżły
Inflect metoda prób i błędów | N;INS(SG)	metodą prób i błędów
Inflect metoda prób i błędów | N;NOM(SG)	metoda prób i błędów
Inflect metoda prób i błędów | N;ACC(SG)	metodę prób i błędów
Inflect metoda prób i błędów | N;VOC(SG)	metodo prób i błędów
Inflect metoda prób i błędów | N;DAT(SG)	metodzie prób i błędów
Inflect metoda prób i błędów | N;ESS(SG)	metodzie prób i błędów
Inflect płotka | N;NOM(PL)	płotki
Inflect wentylator | N;ESS(PL)	wentylatorach
Inflect wentylator | N;INS(SG)	wentylatorem
Inflect wentylator | N;ACC(SG)	wentylator
Inflect wentylator | N;NOM(SG)	wentylator
Inflect wentylator | N;DAT(PL)	wentylatorom
Inflect wentylator | N;DAT(SG)	wentylatorowi
Inflect wentylator | N;GEN(PL)	wentylatorów
Inflect wentylator | N;ACC(PL)	wentylatory
Inflect wentylator | N;NOM(PL)	wentylatory
Inflect wentylator | N;VOC(PL)	wentylatory
Inflect wentylator | N;VOC(SG)	wentylatorze
Inflect oczywistszy | ADJ;ACC(SG,FEM)	oczywistszą
Inflect oczywistszy | ADJ;NOM(SG,NEUT)	oczywistsze
Inflect oczywistszy | ADJ;ACC(SG,MASC,ANIM)	oczywistszego
Inflect oczywistszy | ADJ;GEN(SG,MASC)	oczywistszego
Inflect oczywistszy | ADJ;ACC(SG,MASC,HUM)	oczywistszego
Inflect oczywistszy | ADJ;GEN(SG,NEUT)	oczywistszego
Inflect oczywistszy | ADJ;ESS(SG,FEM)	oczywistszej
Inflect oczywistszy | ADJ;DAT(SG,MASC)	oczywistszemu
Inflect oczywistszy | ADJ;DAT(SG,NEUT)	oczywistszemu
Inflect oczywistszy | ADJ;ACC(SG,MASC,INAN)	oczywistszy
Inflect oczywistszy | ADJ;NOM(SG,MASC)	oczywistszy
Inflect oczywistszy | ADJ;ESS(PL)	oczywistszych
Inflect oczywistszy | ADJ;GEN(PL)	oczywistszych
Inflect oczywistszy | ADJ;ACC(PL,MASC,HUM)	oczywistszych
Inflect oczywistszy | ADJ;DAT(PL)	oczywistszym
Inflect oczywistszy | ADJ;ESS(SG,MASC)	oczywistszym
Inflect oczywistszy | ADJ;INS(SG,MASC)	oczywistszym
Inflect oczywistszy | ADJ;ESS(SG,NEUT)	oczywistszym
Inflect oczywistszy | ADJ;INS(SG,NEUT)	oczywistszym
Inflect oczywistszy | ADJ;INS(PL)	oczywistszymi
Inflect abiturient | N;ESS(SG)	abituriencie
Inflect abiturient | N;VOC(SG)	abituriencie
Inflect abiturient | N;ESS(PL)	abiturientach
Inflect abiturient | N;INS(PL)	abiturientami
Inflect abiturient | N;ACC(SG)	abiturienta
Inflect abiturient | N;GEN(SG)	abiturienta
Inflect abiturient | N;INS(SG)	abiturientem
Inflect abiturient | N;NOM(SG)	abiturient
Inflect abiturient | N;DAT(SG)	abiturientowi
Inflect abiturient | N;ACC(PL)	abiturientów
Inflect abiturient | N;GEN(PL)	abiturientów
Inflect wół | N;ESS(PL)	wołach
Inflect wół | N;INS(SG)	wołem
Inflect wół | N;ESS(SG)	wole
Inflect wół | N;NOM(SG)	wół
Inflect wół | N;DAT(SG)	wołowi
Inflect wół | N;ACC(SG)	wołu
Inflect wół | N;GEN(SG)	wołu
Inflect wół | N;ACC(PL)	woły
Inflect wół | N;NOM(PL)	woły
Inflect wół | N;VOC(PL)	woły
Inflect foton | N;INS(PL)	fotonami
Inflect foton | N;INS(SG)	fotonem
Inflect foton | N;VOC(SG)	fotonie
Inflect foton | N;ACC(SG)	foton
Inflect foton | N;NOM(SG)	foton
Inflect foton | N;GEN(PL)	fotonów
Inflect foton | N;GEN(SG)	fotonu
Inflect foton | N;ACC(PL)	fotony
Inflect foton | N;NOM(PL)	fotony
Inflect bark | N;ESS(PL)	barkach
Inflect bark | N;INS(PL)	barkami
Inflect bark | N;INS(SG)	barkiem
Inflect bark | N;NOM(PL)	barki
Inflect bark | N;VOC(PL)	barki
Inflect bark | N;ACC(SG)	bark
Inflect bark | N;NOM(SG)	bark
Inflect bark | N;GEN(PL)	barków
Inflect bark | N;ESS(SG)	barku
Inflect bark | N;GEN(SG)	barku
Inflect zgred | N;GEN(SG)	zgreda
Inflect zgred | N;INS(SG)	zgredem
Inflect zgred | N;NOM(SG)	zgred
Inflect zgred | N;DAT(PL)	zgredom
Inflect zgred | N;DAT(SG)	zgredowi
Inflect zgred | N;GEN(PL)	zgredów
Inflect zgred | N;ACC(PL)	zgredy
Inflect zgred | N;NOM(PL)	zgredy
Inflect zgred | N;VOC(PL)	zgredy
Inflect fermion | N;ESS(PL)	fermionach
Inflect fermion | N;INS(PL)	fermionami
Inflect fermion | N;INS(SG)	fermionem
Inflect fermion | N;ESS(SG)	fermionie
Inflect fermion | N;NOM(SG)	fermion
Inflect fermion | N;DAT(PL)	fermionom
Inflect fermion | N;GEN(PL)	fermionów
Inflect fermion | N;ACC(PL)	fermiony
Inflect fermion | N;VOC(PL)	fermiony
Inflect morwa | N;INS(PL)	morwami
Inflect morwa | N;INS(SG)	morwą
Inflect morwa | N;ACC(SG)	morwę
Inflect morwa | N;DAT(SG)	morwie
Inflect morwa | N;GEN(PL)	morw
Inflect morwa | N;DAT(PL)	morwom
Inflect morwa | N;VOC(SG)	morwo
Inflect morwa | N;NOM(PL)	morwy
Inflect morwa | N;VOC(PL)	morwy
Inflect bachor | N;INS(PL)	bachorami
Inflect bachor | N;GEN(SG)	bachora
Inflect bachor | N;INS(SG)	bachorem
Inflect bachor | N;DAT(PL)	bachorom
Inflect bachor | N;DAT(SG)	bachorowi
Inflect bachor | N;GEN(PL)	bachorów
Inflect bachor | N;ACC(PL)	bachory
Inflect bachor | N;NOM(PL)	bachory
Inflect bachor | N;VOC(PL)	bachory
Inflect bachor | N;VOC(SG)	bachorze
Inflect katastroficzny | ADJ;ACC(SG,FEM)	katastroficzną
Inflect katastroficzny | ADJ;INS(SG,FEM)	katastroficzną
Inflect katastroficzny | ADJ;NOM(SG,FEM)	katastroficzna
Inflect katastroficzny | ADJ;ACC(PL)	katastroficzne
Inflect katastroficzny | ADJ;ACC(SG,NEUT)	katastroficzne
Inflect katastroficzny | ADJ;NOM(SG,NEUT)	katastroficzne
Inflect katastroficzny | ADJ;NOM(PL)	katastroficzne
Inflect katastroficzny | ADJ;ACC(SG,MASC,ANIM)	katastroficznego
Inflect katastroficzny | ADJ;GEN(SG,MASC)	katastroficznego
Inflect katastroficzny | ADJ;GEN(SG,NEUT)	katastroficznego
Inflect katastroficzny | ADJ;ACC(SG,MASC,INAN)	katastroficzny
Inflect katastroficzny | ADJ;NOM(SG,MASC)	katastroficzny
Inflect katastroficzny | ADJ;GEN(PL)	katastroficznych
Inflect katastroficzny | ADJ;ACC(PL,MASC,HUM)	katastroficznych
Inflect katastroficzny | ADJ;DAT(PL)	katastroficznym
Inflect katastroficzny | ADJ;ESS(SG,MASC)	katastroficznym
Inflect katastroficzny | ADJ;INS(SG,MASC)	katastroficznym
Inflect katastroficzny | ADJ;ESS(SG,NEUT)	katastroficznym
Inflect katastroficzny | ADJ;INS(SG,NEUT)	katastroficznym
Inflect katastroficzny | ADJ;INS(PL)	katastroficznymi
Inflect kociołek | N;ACC(SG)	kociołek
Inflect kociołek | N;NOM(SG)	kociołek
Inflect kociołek | N;GEN(SG)	kociołka
Inflect kociołek | N;INS(SG)	kociołkiem
Inflect kociołek | N;ACC(PL)	kociołki
Inflect kociołek | N;NOM(PL)	kociołki
Inflect kociołek | N;VOC(PL)	kociołki
Inflect kociołek | N;DAT(PL)	kociołkom
Inflect kociołek | N;DAT(SG)	kociołkowi
Inflect ambasador | N;INS(PL)	ambasadorami
Inflect ambasador | N;ACC(SG)	ambasadora
Inflect ambasador | N;GEN(SG)	ambasadora
Inflect ambasador | N;INS(SG)	ambasadorem
Inflect ambasador | N;NOM(SG)	ambasador
Inflect ambasador | N;DAT(PL)	ambasadorom
Inflect ambasador | N;DAT(SG)	ambasadorowi
Inflect ambasador | N;ACC(PL)	ambasadorów
Inflect kociak | N;ESS(PL)	kociakach
Inflect kociak | N;INS(PL)	kociakami
Inflect kociak | N;ACC(SG)	kociaka
Inflect kociak | N;GEN(SG)	kociaka
Inflect kociak | N;INS(SG)	kociakiem
Inflect kociak | N;NOM(SG)	kociak
Inflect kociak | N;DAT(SG)	kociakowi
Inflect kociak | N;GEN(PL)	kociaków
Inflect kociak | N;ESS(SG)	kociaku
Inflect mak | N;ESS(PL)	makach
Inflect mak | N;ACC(PL)	maki
Inflect mak | N;NOM(PL)	maki
Inflect mak | N;ACC(SG)	mak
Inflect mak | N;NOM(SG)	mak
Inflect mak | N;DAT(PL)	makom
Inflect mak | N;DAT(SG)	makowi
Inflect mak | N;ESS(SG)	maku
Inflect symulowanie | N;GEN(SG)	symulowania
Inflect symulowanie | N;INS(SG)	symulowaniem
Inflect symulowanie | N;ACC(SG)	symulowanie
Inflect symulowanie | N;VOC(SG)	symulowanie
Inflect symulowanie | N;DAT(SG)	symulowaniu
Inflect kojot | N;ESS(SG)	kojocie
Inflect kojot | N;VOC(SG)	kojocie
Inflect kojot | N;ESS(PL)	kojotach
Inflect kojot | N;INS(PL)	kojotami
Inflect kojot | N;ACC(SG)	kojota
Inflect kojot | N;GEN(SG)	kojota
Inflect kojot | N;INS(SG)	kojotem
Inflect kojot | N;DAT(SG)	kojotowi
Inflect kojot | N;ACC(PL)	kojoty
Inflect kojot | N;NOM(PL)	kojoty
Inflect tonąć | V;FUT;3;PL;MASC;HUM	będą tonęli
Inflect tonąć | V;FUT;1;SG;MASC	będę tonął
Inflect tonąć | V;FUT;2;PL	będziecie tonęły
Inflect tonąć | V;FUT;1;PL	będziemy tonęły
Inflect tonąć | V;FUT;2;SG;MASC	będziesz tonął
Inflect tonąć | V;FUT;2;SG;FEM	będziesz tonęła
Inflect tonąć | V;FUT;3;SG;MASC	będzie tonął
Inflect tonąć | V;FUT;3;SG;FEM	będzie tonęła
Inflect tonąć | V;FUT;3;SG;NEUT	będzie tonęło
Inflect tonąć | V;IMP;3;PL	niech toną
Inflect tonąć | V;IMP;3;SG	niech tonie
Inflect tonąć | V.PTCP;PST;ACT;SG;FEM	tonąca
Inflect tonąć | V.PTCP;PST;ACT;PL	tonące
Inflect tonąć | V.PTCP;PST;ACT;SG;NEUT	tonące
Inflect tonąć | V.CVB	tonąc
Inflect tonąć | V;NFIN	tonąć
Inflect tonąć | V.PTCP;PST;ACT;PL;MASC;HUM	tonący
Inflect tonąć | V;COND;1;SG;MASC	tonąłbym
Inflect tonąć | V;PST;2;SG;MASC	tonąłeś
Inflect tonąć | V;PST;3;SG;MASC	tonął
Inflect tonąć | V;COND;1;SG;FEM	tonęłabym
Inflect tonąć | V;COND;2;SG;FEM	tonęłabyś
Inflect tonąć | V;COND;3;SG;FEM	tonęłaby
Inflect tonąć | V;PST;1;SG;FEM	tonęłam
Inflect tonąć | V;PST;3;SG;FEM	tonęła
Inflect tonąć | V;COND;2;PL;MASC;HUM	tonęlibyście
Inflect tonąć | V;COND;3;PL;MASC;HUM	tonęliby
Inflect tonąć | V;PST;1;PL;MASC;HUM	tonęliśmy
Inflect tonąć | V;PST;3;PL;MASC;HUM	tonęli
Inflect tonąć | V;COND;3;SG;NEUT	tonęłoby
Inflect tonąć | V;PST;3;SG;NEUT	tonęło
Inflect tonąć | V;PST;2;PL	tonęłyście
Inflect tonąć | V;PST;1;PL	tonęłyśmy
Inflect tonąć | V;PST;3;PL	tonęły
Inflect tonąć | V;PRS;1;SG	tonę
Inflect tonąć | V.MSDR	tonięcie
Inflect tonąć | V;PRS;2;SG	toniesz
Inflect tonąć | V.PTCP;PST;PASS	tonięto
Inflect tonąć | V;IMP;1;PL	tońmy
Inflect tonąć | V;IMP;2;SG	toń
Inflect skrzydłówka | N;DAT(SG)	skrzydłówce
Inflect skrzydłówka | N;ESS(SG)	skrzydłówce
Inflect skrzydłówka | N;GEN(PL)	skrzydłówek
Inflect skrzydłówka | N;ESS(PL)	skrzydłówkach
Inflect skrzydłówka | N;INS(PL)	skrzydłówkami
Inflect skrzydłówka | N;INS(SG)	skrzydłówką
Inflect skrzydłówka | N;NOM(SG)	skrzydłówka
Inflect skrzydłówka | N;ACC(SG)	skrzydłówkę
Inflect skrzydłówka | N;GEN(SG)	skrzydłówki
Inflect skrzydłówka | N;VOC(PL)	skrzydłówki
Inflect skrzydłówka | N;DAT(PL)	skrzydłówkom
Inflect skrzydłówka | N;VOC(SG)	skrzydłówko
Inflect Szwajcar | N;ACC(SG)	Szwajcara
Inflect persymona | N;ESS(PL)	persymonach
Inflect persymona | N;INS(PL)	persymonami
Inflect persymona | N;INS(SG)	persymoną
Inflect persymona | N;DAT(SG)	persymonie
Inflect persymona | N;ESS(SG)	persymonie
Inflect persymona | N;GEN(PL)	persymon
Inflect persymona | N;DAT(PL)	persymonom
Inflect persymona | N;VOC(SG)	persymono
Inflect persymona | N;ACC(PL)	persymony
Inflect persymona | N;GEN(SG)	persymony
Inflect persymona | N;NOM(PL)	persymony
Inflect persymona | N;VOC(PL)	persymony
Inflect kotlet | N;VOC(SG)	kotlecie
Inflect kotlet | N;ESS(PL)	kotletach
Inflect kotlet | N;INS(PL)	kotletami
Inflect kotlet | N;GEN(SG)	kotleta
Inflect kotlet | N;INS(SG)	kotletem
Inflect kotlet | N;DAT(PL)	kotletom
Inflect kotlet | N;DAT(SG)	kotletowi
Inflect kotlet | N;ACC(PL)	kotlety
Inflect erotyczny | ADJ;INS(SG,FEM)	erotyczną
Inflect erotyczny | ADJ;NOM(SG,FEM)	erotyczna
Inflect erotyczny | ADJ;ACC(PL)	erotyczne
Inflect erotyczny | ADJ;ACC(SG,NEUT)	erotyczne
Inflect erotyczny | ADJ;NOM(SG,NEUT)	erotyczne
Inflect erotyczny | ADJ;ACC(SG,MASC,ANIM)	erotycznego
Inflect erotyczny | ADJ;ACC(SG,MASC,HUM)	erotycznego
Inflect erotyczny | ADJ;GEN(SG,NEUT)	erotycznego
Inflect erotyczny | ADJ;DAT(SG,FEM)	erotycznej
Inflect erotyczny | ADJ;ESS(SG,FEM)	erotycznej
Inflect erotyczny | ADJ;GEN(SG,FEM)	erotycznej
Inflect erotyczny | ADJ;DAT(SG,MASC)	erotycznemu
Inflect erotyczny | ADJ;ACC(SG,MASC,INAN)	erotyczny
Inflect erotyczny | ADJ;ESS(PL)	erotycznych
Inflect erotyczny | ADJ;ACC(PL,MASC,HUM)	erotycznych
Inflect erotyczny | ADJ;DAT(PL)	erotycznym
Inflect erotyczny | ADJ;ESS(SG,MASC)	erotycznym
Inflect erotyczny | ADJ;INS(SG,MASC)	erotycznym
Inflect erotyczny | ADJ;ESS(SG,NEUT)	erotycznym
Inflect erotyczny | ADJ;INS(SG,NEUT)	erotycznym
Inflect erotyczny | ADJ;INS(PL)	erotycznymi
Inflect kołnierz | N;ESS(PL)	kołnierzach
Inflect kołnierz | N;INS(PL)	kołnierzami
Inflect kołnierz | N;GEN(SG)	kołnierza
Inflect kołnierz | N;ACC(PL)	kołnierze
Inflect kołnierz | N;NOM(PL)	kołnierze
Inflect kołnierz | N;VOC(PL)	kołnierze
Inflect kołnierz | N;DAT(PL)	kołnierzom
Inflect kołnierz | N;DAT(SG)	kołnierzowi
Inflect kołnierz | N;VOC(SG)	kołnierzu
Inflect kołnierz | N;GEN(PL)	kołnierzy
Inflect pstrąg | N;ESS(PL)	pstrągach
Inflect pstrąg | N;INS(PL)	pstrągami
Inflect pstrąg | N;ACC(SG)	pstrąga
Inflect pstrąg | N;ACC(PL)	pstrągi
Inflect pstrąg | N;NOM(PL)	pstrągi
Inflect pstrąg | N;NOM(SG)	pstrąg
Inflect pstrąg | N;DAT(PL)	pstrągom
Inflect pstrąg | N;DAT(SG)	pstrągowi
Inflect pstrąg | N;ESS(SG)	pstrągu
Inflect pstrąg | N;VOC(SG)	pstrągu
Inflect gumka | N;GEN(PL)	gumek
Inflect gumka | N;ESS(PL)	gumkach
Inflect gumka | N;INS(PL)	gumkami
Inflect gumka | N;INS(SG)	gumką
Inflect gumka | N;NOM(SG)	gumka
Inflect gumka | N;ACC(SG)	gumkę
Inflect gumka | N;ACC(PL)	gumki
Inflect gumka | N;GEN(SG)	gumki
Inflect gumka | N;NOM(PL)	gumki
Inflect gumka | N;VOC(PL)	gumki
Inflect gumka | N;VOC(SG)	gumko
Inflect pokuta | N;DAT(SG)	pokucie
Inflect pokuta | N;ESS(SG)	pokucie
Inflect pokuta | N;ESS(PL)	pokutach
Inflect pokuta | N;INS(PL)	pokutami
Inflect pokuta | N;NOM(SG)	pokuta
Inflect pokuta | N;ACC(SG)	pokutę
Inflect pokuta | N;GEN(PL)	pokut
Inflect pokuta | N;DAT(PL)	pokutom
Inflect pokuta | N;VOC(SG)	pokuto
Inflect pokuta | N;ACC(PL)	pokuty
Inflect pokuta | N;GEN(SG)	pokuty
Inflect pokuta | N;NOM(PL)	pokuty
Inflect pokuta | N;VOC(PL)	pokuty
Inflect nowomowa | N;INS(SG)	nowomową
Inflect nowomowa | N;ACC(SG)	nowomowę
Inflect nowomowa | N;DAT(SG)	nowomowie
Inflect nowomowa | N;ESS(SG)	nowomowie
Inflect nowomowa | N;VOC(SG)	nowomowo
Inflect arsenian | N;ESS(PL)	arsenianach
Inflect arsenian | N;INS(PL)	arsenianami
Inflect arsenian | N;ESS(SG)	arsenianie
Inflect arsenian | N;VOC(SG)	arsenianie
Inflect arsenian | N;ACC(SG)	arsenian
Inflect arsenian | N;NOM(SG)	arsenian
Inflect arsenian | N;DAT(SG)	arsenianowi
Inflect arsenian | N;GEN(PL)	arsenianów
Inflect arsenian | N;GEN(SG)	arsenianu
Inflect arsenian | N;ACC(PL)	arseniany
Inflect arsenian | N;VOC(PL)	arseniany
Inflect periodyk | N;ESS(PL)	periodykach
Inflect periodyk | N;INS(PL)	periodykami
Inflect periodyk | N;INS(SG)	periodykiem
Inflect periodyk | N;ACC(PL)	periodyki
Inflect periodyk | N;VOC(PL)	periodyki
Inflect periodyk | N;DAT(PL)	periodykom
Inflect periodyk | N;DAT(SG)	periodykowi
Inflect periodyk | N;GEN(PL)	periodyków
Inflect periodyk | N;ESS(SG)	periodyku
Inflect periodyk | N;GEN(SG)	periodyku
Inflect periodyk | N;VOC(SG)	periodyku
Inflect renesansowy | ADJ;ACC(SG,FEM)	renesansową
Inflect renesansowy | ADJ;INS(SG,FEM)	renesansową
Inflect renesansowy | ADJ;NOM(SG,FEM)	renesansowa
Inflect renesansowy | ADJ;ACC(PL)	renesansowe
Inflect renesansowy | ADJ;ACC(SG,NEUT)	renesansowe
Inflect renesansowy | ADJ;NOM(PL)	renesansowe
Inflect renesansowy | ADJ;ACC(SG,MASC,ANIM)	renesansowego
Inflect renesansowy | ADJ;GEN(SG,MASC)	renesansowego
Inflect renesansowy | ADJ;ACC(SG,MASC,HUM)	renesansowego
Inflect renesansowy | ADJ;GEN(SG,FEM)	renesansowej
Inflect renesansowy | ADJ;DAT(SG,MASC)	renesansowemu
Inflect renesansowy | ADJ;DAT(SG,NEUT)	renesansowemu
Inflect renesansowy | ADJ;NOM(PL,MASC,HUM)	renesansowi
Inflect renesansowy | ADJ;ACC(SG,MASC,INAN)	renesansowy
Inflect renesansowy | ADJ;NOM(SG,MASC)	renesansowy
Inflect renesansowy | ADJ;GEN(PL)	renesansowych
Inflect renesansowy | ADJ;ACC(PL,MASC,HUM)	renesansowych
Inflect renesansowy | ADJ;DAT(PL)	renesansowym
Inflect renesansowy | ADJ;ESS(SG,MASC)	renesansowym
Inflect renesansowy | ADJ;INS(SG,MASC)	renesansowym
Inflect renesansowy | ADJ;ESS(SG,NEUT)	renesansowym
Inflect renesansowy | ADJ;INS(SG,NEUT)	renesansowym
Inflect renesansowy | ADJ;INS(PL)	renesansowymi
Inflect żonaty | ADJ;NOM(PL,MASC,HUM)	żonaci
Inflect żonaty | ADJ;ACC(SG,FEM)	żonatą
Inflect żonaty | ADJ;INS(SG,FEM)	żonatą
Inflect żonaty | ADJ;NOM(SG,FEM)	żonata
Inflect żonaty | ADJ;ACC(PL)	żonate
Inflect żonaty | ADJ;ACC(SG,NEUT)	żonate
Inflect żonaty | ADJ;NOM(PL)	żonate
Inflect żonaty | ADJ;ACC(SG,MASC,ANIM)	żonatego
Inflect żonaty | ADJ;ACC(SG,MASC,HUM)	żonatego
Inflect żonaty | ADJ;GEN(SG,NEUT)	żonatego
Inflect żonaty | ADJ;ESS(SG,FEM)	żonatej
Inflect żonaty | ADJ;GEN(SG,FEM)	żonatej
Inflect żonaty | ADJ;DAT(SG,MASC)	żonatemu
Inflect żonaty | ADJ;DAT(SG,NEUT)	żonatemu
Inflect żonaty | ADJ;ACC(SG,MASC,INAN)	żonaty
Inflect żonaty | ADJ;NOM(SG,MASC)	żonaty
Inflect żonaty | ADJ;ESS(PL)	żonatych
Inflect żonaty | ADJ;DAT(PL)	żonatym
Inflect żonaty | ADJ;ESS(SG,MASC)	żonatym
Inflect żonaty | ADJ;INS(SG,MASC)	żonatym
Inflect żonaty | ADJ;ESS(SG,NEUT)	żonatym
Inflect szukać | V;FUT;3;PL;MASC;HUM	będą szukali
Inflect szukać | V;FUT;3;PL	będą szukały
Inflect szukać | V;FUT;1;SG;FEM	będę szukała
Inflect szukać | V;FUT;2;PL	będziecie szukały
Inflect szukać | V;FUT;1;PL;MASC;HUM	będziemy szukali
Inflect szukać | V;FUT;2;SG;MASC	będziesz szukał
Inflect szukać | V;FUT;3;SG;NEUT	będzie szukało
Inflect szukać | V;IMP;3;SG	niech szuka
Inflect szukać | V;PRS;2;PL	szukacie
Inflect szukać | V.PTCP;PST;ACT;SG;FEM	szukająca
Inflect szukać | V.PTCP;PST;ACT;PL	szukające
Inflect szukać | V.CVB	szukając
Inflect szukać | V.PTCP;PST;ACT;PL;MASC;HUM	szukający
Inflect szukać | V.PTCP;PST;ACT;SG;MASC	szukający
Inflect szukać | V;PRS;3;PL	szukają
Inflect szukać | V;IMP;1;PL	szukajmy
Inflect szukać | V;COND;1;SG;FEM	szukałabym
Inflect szukać | V;COND;2;SG;FEM	szukałabyś
Inflect szukać | V;COND;3;SG;FEM	szukałaby
Inflect szukać | V;PST;1;SG;FEM	szukałam
Inflect szukać | V;PST;2;SG;FEM	szukałaś
Inflect szukać | V;PST;3;SG;FEM	szukała
Inflect szukać | V;COND;1;SG;MASC	szukałbym
Inflect szukać | V;COND;2;SG;MASC	szukałbyś
Inflect szukać | V;COND;3;SG;MASC	szukałby
Inflect szukać | V;PST;1;SG;MASC	szukałem
Inflect szukać | V;COND;1;PL;MASC;HUM	szukalibyśmy
Inflect szukać | V;COND;3;PL;MASC;HUM	szukaliby
Inflect szukać | V;PST;2;PL;MASC;HUM	szukaliście
Inflect szukać | V;PST;1;PL;MASC;HUM	szukaliśmy
Inflect szukać | V;PST;3;PL;MASC;HUM	szukali
Inflect szukać | V;COND;3;SG;NEUT	szukałoby
Inflect szukać | V;PST;3;SG;MASC	szukał
Inflect szukać | V;COND;2;PL	szukałybyście
Inflect szukać | V;COND;1;PL	szukałybyśmy
Inflect szukać | V;COND;3;PL	szukałyby
Inflect szukać | V;PST;2;PL	szukałyście
Inflect szukać | V;PST;1;PL	szukałyśmy
Inflect szukać | V;PRS;1;SG	szukam
Inflect szukać | V.MSDR	szukanie
Inflect szukać | V.PTCP;PST;PASS	szukano
Inflect szukać | V;PRS;3;SG	szuka
Inflect jemeński | ADJ;NOM(PL,MASC,HUM)	jemeńscy
Inflect jemeński | ADJ;ACC(SG,FEM)	jemeńską
Inflect jemeński | ADJ;INS(SG,FEM)	jemeńską
Inflect jemeński | ADJ;NOM(SG,MASC)	jemeński
Inflect jemeński | ADJ;ESS(PL)	jemeńskich
Inflect jemeński | ADJ;GEN(PL)	jemeńskich
Inflect jemeński | ADJ;ACC(PL,MASC,HUM)	jemeńskich
Inflect jemeński | ADJ;NOM(SG,NEUT)	jemeńskie
Inflect jemeński | ADJ;ACC(SG,MASC,ANIM)	jemeńskiego
Inflect jemeński | ADJ;GEN(SG,MASC)	jemeńskiego
Inflect jemeński | ADJ;ACC(SG,MASC,HUM)	jemeńskiego
Inflect jemeński | ADJ;GEN(SG,NEUT)	jemeńskiego
Inflect jemeński | ADJ;DAT(SG,FEM)	jemeńskiej
Inflect jemeński | ADJ;ESS(SG,FEM)	jemeńskiej
Inflect jemeński | ADJ;GEN(SG,FEM)	jemeńskiej
Inflect jemeński | ADJ;DAT(SG,MASC)	jemeńskiemu
Inflect jemeński | ADJ;DAT(SG,NEUT)	jemeńskiemu
Inflect jemeński | ADJ;DAT(PL)	jemeńskim
Inflect jemeński | ADJ;ESS(SG,MASC)	jemeńskim
Inflect jemeński | ADJ;INS(SG,MASC)	jemeńskim
Inflect jemeński | ADJ;ESS(SG,NEUT)	jemeńskim
Inflect jemeński | ADJ;INS(SG,NEUT)	jemeńskim
Inflect owczy | ADJ;INS(SG,FEM)	owczą
Inflect owczy | ADJ;NOM(SG,FEM)	owcza
Inflect owczy | ADJ;ACC(PL)	owcze
Inflect owczy | ADJ;NOM(SG,NEUT)	owcze
Inflect owczy | ADJ;NOM(PL)	owcze
Inflect owczy | ADJ;GEN(SG,MASC)	owczego
Inflect owczy | ADJ;ACC(SG,MASC,HUM)	owczego
Inflect owczy | ADJ;GEN(SG,NEUT)	owczego
Inflect owczy | ADJ;GEN(SG,FEM)	owczej
Inflect owczy | ADJ;DAT(SG,MASC)	owczemu
Inflect owczy | ADJ;NOM(PL,MASC,HUM)	owczy
Inflect owczy | ADJ;ACC(SG,MASC,INAN)	owczy
Inflect owczy | ADJ;NOM(SG,MASC)	owczy
Inflect owczy | ADJ;ESS(PL)	owczych
Inflect owczy | ADJ;GEN(PL)	owczych
Inflect owczy | ADJ;ACC(PL,MASC,HUM)	owczych
Inflect owczy | ADJ;DAT(PL)	owczym
Inflect owczy | ADJ;INS(SG,MASC)	owczym
Inflect owczy | ADJ;ESS(SG,NEUT)	owczym
Inflect owczy | ADJ;INS(SG,NEUT)	owczym
Inflect światłość | N;ESS(PL)	światłościach
Inflect światłość | N;INS(PL)	światłościami
Inflect światłość | N;INS(SG)	światłością
Inflect światłość | N;ACC(PL)	światłości
Inflect światłość | N;DAT(SG)	światłości
Inflect światłość | N;ESS(SG)	światłości
Inflect światłość | N;GEN(PL)	światłości
Inflect światłość | N;GEN(SG)	światłości
Inflect światłość | N;NOM(PL)	światłości
Inflect światłość | N;VOC(PL)	światłości
Inflect światłość | N;VOC(SG)	światłości
Inflect światłość | N;ACC(SG)	światłość
Inflect światłość | N;NOM(SG)	światłość
Inflect anarchista | N;ESS(SG)	anarchiście
Inflect anarchista | N;VOC(PL)	anarchiści
Inflect anarchista | N;ESS(PL)	anarchistach
Inflect anarchista | N;INS(PL)	anarchistami
Inflect anarchista | N;INS(SG)	anarchistą
Inflect anarchista | N;NOM(SG)	anarchista
Inflect anarchista | N;ACC(SG)	anarchistę
Inflect anarchista | N;DAT(PL)	anarchistom
Inflect anarchista | N;VOC(SG)	anarchisto
Inflect anarchista | N;ACC(PL)	anarchistów
Inflect anarchista | N;GEN(PL)	anarchistów
Inflect anarchista | N;GEN(SG)	anarchisty
Inflect seler | N;ESS(PL)	selerach
Inflect seler | N;INS(PL)	selerami
Inflect seler | N;GEN(SG)	selera
Inflect seler | N;INS(SG)	selerem
Inflect seler | N;ACC(SG)	seler
Inflect seler | N;NOM(SG)	seler
Inflect seler | N;DAT(PL)	selerom
Inflect seler | N;ACC(PL)	selery
Inflect seler | N;ESS(SG)	selerze
Inflect seler | N;VOC(SG)	selerze
Inflect drzewo | N;ESS(PL)	drzewach
Inflect drzewo | N;INS(PL)	drzewami
Inflect drzewo | N;ACC(PL)	drzewa
Inflect drzewo | N;NOM(PL)	drzewa
Inflect drzewo | N;INS(SG)	drzewem
Inflect drzewo | N;ESS(SG)	drzewie
Inflect drzewo | N;GEN(PL)	drzew
Inflect drzewo | N;ACC(SG)	drzewo
Inflect drzewo | N;VOC(SG)	drzewo
Inflect drzewo | N;DAT(SG)	drzewu
Inflect kurewstwo | N;INS(PL)	kurewstwami
Inflect kurewstwo | N;GEN(SG)	kurewstwa
Inflect kurewstwo | N;NOM(PL)	kurewstwa
Inflect kurewstwo | N;VOC(PL)	kurewstwa
Inflect kurewstwo | N;INS(SG)	kurewstwem
Inflect kurewstwo | N;ESS(SG)	kurewstwie
Inflect kurewstwo | N;DAT(PL)	kurewstwom
Inflect kurewstwo | N;ACC(SG)	kurewstwo
Inflect kurewstwo | N;NOM(SG)	kurewstwo
Inflect kurewstwo | N;VOC(SG)	kurewstwo
Inflect kurewstwo | N;DAT(SG)	kurewstwu
Inflect kruchszy | ADJ;NOM(PL,MASC,HUM)	kruchsi
Inflect kruchszy | ADJ;INS(SG,FEM)	kruchszą
Inflect kruchszy | ADJ;ACC(PL)	kruchsze
Inflect kruchszy | ADJ;ACC(SG,NEUT)	kruchsze
Inflect kruchszy | ADJ;NOM(PL)	kruchsze
Inflect kruchszy | ADJ;ACC(SG,MASC,HUM)	kruchszego
Inflect kruchszy | ADJ;GEN(SG,NEUT)	kruchszego
Inflect kruchszy | ADJ;ESS(SG,FEM)	kruchszej
Inflect kruchszy | ADJ;GEN(SG,FEM)	kruchszej
Inflect kruchszy | ADJ;DAT(SG,MASC)	kruchszemu
Inflect kruchszy | ADJ;DAT(SG,NEUT)	kruchszemu
Inflect kruchszy | ADJ;ACC(SG,MASC,INAN)	kruchszy
Inflect kruchszy | ADJ;NOM(SG,MASC)	kruchszy
Inflect kruchszy | ADJ;ESS(PL)	kruchszych
Inflect kruchszy | ADJ;GEN(PL)	kruchszych
Inflect kruchszy | ADJ;INS(SG,MASC)	kruchszym
Inflect kruchszy | ADJ;ESS(SG,NEUT)	kruchszym
Inflect kruchszy | ADJ;INS(SG,NEUT)	kruchszym
Inflect bohater | N;ESS(PL)	bohaterach
Inflect bohater | N;INS(PL)	bohaterami
Inflect bohater | N;ACC(SG)	bohatera
Inflect bohater | N;GEN(SG)	bohatera
Inflect bohater | N;INS(SG)	bohaterem
Inflect bohater | N;NOM(SG)	bohater
Inflect bohater | N;DAT(PL)	bohaterom
Inflect bohater | N;DAT(SG)	bohaterowi
Inflect bohater | N;ACC(PL)	bohaterów
Inflect bohater | N;GEN(PL)	bohaterów
Inflect bohater | N;ESS(SG)	bohaterze
Inflect bohater | N;VOC(SG)	bohaterze
Inflect puszczyk | N;ESS(PL)	puszczykach
Inflect puszczyk | N;INS(PL)	puszczykami
Inflect puszczyk | N;GEN(SG)	puszczyka
Inflect puszczyk | N;INS(SG)	puszczykiem
Inflect puszczyk | N;ACC(PL)	puszczyki
Inflect puszczyk | N;NOM(PL)	puszczyki
Inflect puszczyk | N;VOC(PL)	puszczyki
Inflect puszczyk | N;DAT(SG)	puszczykowi
Inflect puszczyk | N;GEN(PL)	puszczyków
Inflect puszczyk | N;ESS(SG)	puszczyku
Inflect kantor | N;ESS(PL)	kantorach
Inflect kantor | N;INS(PL)	kantorami
Inflect kantor | N;INS(SG)	kantorem
Inflect kantor | N;ACC(SG)	kantor
Inflect kantor | N;NOM(SG)	kantor
Inflect kantor | N;DAT(PL)	kantorom
Inflect kantor | N;DAT(SG)	kantorowi
Inflect kantor | N;GEN(SG)	kantoru
Inflect kantor | N;NOM(PL)	kantory
Inflect kantor | N;VOC(PL)	kantory
Inflect kantor | N;ESS(SG)	kantorze
Inflect kantor | N;VOC(SG)	kantorze
Inflect idiom | N;INS(SG)	idiomem
Inflect idiom | N;ESS(SG)	idiomie
Inflect idiom | N;VOC(SG)	idiomie
Inflect idiom | N;DAT(PL)	idiomom
Inflect idiom | N;DAT(SG)	idiomowi
Inflect idiom | N;GEN(SG)	idiomu
Inflect idiom | N;ACC(PL)	idiomy
Inflect idiom | N;NOM(PL)	idiomy
Inflect podróż | N;ESS(PL)	podróżach
Inflect podróż | N;INS(PL)	podróżami
Inflect podróż | N;INS(SG)	podróżą
Inflect podróż | N;ACC(PL)	podróże
Inflect podróż | N;NOM(PL)	podróże
Inflect podróż | N;VOC(PL)	podróże
Inflect podróż | N;ACC(SG)	podróż
Inflect podróż | N;DAT(PL)	podróżom
Inflect podróż | N;DAT(SG)	podróży
Inflect podróż | N;ESS(SG)	podróży
Inflect podróż | N;GEN(PL)	podróży
Inflect wypowiedzenie | N;ESS(PL)	wypowiedzeniach
Inflect wypowiedzenie | N;INS(PL)	wypowiedzeniami
Inflect wypowiedzenie | N;ACC(PL)	wypowiedzenia
Inflect wypowiedzenie | N;NOM(PL)	wypowiedzenia
Inflect wypowiedzenie | N;INS(SG)	wypowiedzeniem
Inflect wypowiedzenie | N;ACC(SG)	wypowiedzenie
Inflect wypowiedzenie | N;NOM(SG)	wypowiedzenie
Inflect wypowiedzenie | N;DAT(PL)	wypowiedzeniom
Inflect wypowiedzenie | N;DAT(SG)	wypowiedzeniu
Inflect wypowiedzenie | N;GEN(PL)	wypowiedzeń
Inflect tatuś | N;ESS(PL)	tatusiach
Inflect tatuś | N;INS(PL)	tatusiami
Inflect tatuś | N;ACC(SG)	tatusia
Inflect tatuś | N;INS(SG)	tatusiem
Inflect tatuś | N;NOM(PL)	tatusiowie
Inflect tatuś | N;VOC(PL)	tatusiowie
Inflect tatuś | N;DAT(SG)	tatusiowi
Inflect tatuś | N;GEN(PL)	tatusiów
Inflect tatuś | N;VOC(SG)	tatusiu
Inflect tatuś | N;NOM(SG)	tatuś
Inflect biochemiczny | ADJ;ACC(SG,FEM)	biochemiczną
Inflect biochemiczny | ADJ;INS(SG,FEM)	biochemiczną
Inflect biochemiczny | ADJ;NOM(SG,FEM)	biochemiczna
Inflect biochemiczny | ADJ;ACC(PL)	biochemiczne
Inflect biochemiczny | ADJ;ACC(SG,NEUT)	biochemiczne
Inflect biochemiczny | ADJ;NOM(SG,NEUT)	biochemiczne
Inflect biochemiczny | ADJ;NOM(PL)	biochemiczne
Inflect biochemiczny | ADJ;ACC(SG,MASC,ANIM)	biochemicznego
Inflect biochemiczny | ADJ;GEN(SG,MASC)	biochemicznego
Inflect biochemiczny | ADJ;ACC(SG,MASC,HUM)	biochemicznego
Inflect biochemiczny | ADJ;GEN(SG,NEUT)	biochemicznego
Inflect biochemiczny | ADJ;ESS(SG,FEM)	biochemicznej
Inflect biochemiczny | ADJ;GEN(SG,FEM)	biochemicznej
Inflect biochemiczny | ADJ;DAT(SG,MASC)	biochemicznemu
Inflect biochemiczny | ADJ;DAT(SG,NEUT)	biochemicznemu
Inflect biochemiczny | ADJ;NOM(PL,MASC,HUM)	biochemiczni
Inflect biochemiczny | ADJ;GEN(PL)	biochemicznych
Inflect biochemiczny | ADJ;ACC(PL,MASC,HUM)	biochemicznych
Inflect biochemiczny | ADJ;DAT(PL)	biochemicznym
Inflect biochemiczny | ADJ;ESS(SG,MASC)	biochemicznym
Inflect biochemiczny | ADJ;INS(SG,MASC)	biochemicznym
Inflect biochemiczny | ADJ;ESS(SG,NEUT)	biochemicznym
Inflect biochemiczny | ADJ;INS(PL)	biochemicznymi
Inflect optyka | N;DAT(SG)	optyce
Inflect optyka | N;ESS(SG)	optyce
Inflect optyka | N;INS(SG)	optyką
Inflect optyka | N;ACC(SG)	optykę
Inflect optyka | N;GEN(SG)	optyki
Inflect włodarz | N;ESS(PL)	włodarzach
Inflect włodarz | N;ACC(SG)	włodarza
Inflect włodarz | N;GEN(SG)	włodarza
Inflect włodarz | N;NOM(PL)	włodarze
Inflect włodarz | N;VOC(PL)	włodarze
Inflect włodarz | N;NOM(SG)	włodarz
Inflect włodarz | N;DAT(PL)	włodarzom
Inflect włodarz | N;DAT(SG)	włodarzowi
Inflect włodarz | N;VOC(SG)	włodarzu
Inflect włodarz | N;ACC(PL)	włodarzy
Inflect włodarz | N;GEN(PL)	włodarzy
Inflect sens | N;INS(PL)	sensami
Inflect sens | N;INS(SG)	sensem
Inflect sens | N;ESS(SG)	sensie
Inflect sens | N;VOC(SG)	sensie
Inflect sens | N;NOM(SG)	sens
Inflect sens | N;DAT(PL)	sensom
Inflect sens | N;GEN(PL)	sensów
Inflect sens | N;ACC(PL)	sensy
Inflect sens | N;NOM(PL)	sensy
Inflect publiczny | ADJ;NOM(SG,FEM)	publiczna
Inflect publiczny | ADJ;ACC(PL)	publiczne
Inflect publiczny | ADJ;ACC(SG,NEUT)	publiczne
Inflect publiczny | ADJ;NOM(SG,NEUT)	publiczne
Inflect publiczny | ADJ;NOM(PL)	publiczne
Inflect publiczny | ADJ;GEN(SG,MASC)	publicznego
Inflect publiczny | ADJ;ACC(SG,MASC,HUM)	publicznego
Inflect publiczny | ADJ;GEN(SG,NEUT)	publicznego
Inflect publiczny | ADJ;DAT(SG,FEM)	publicznej
Inflect publiczny | ADJ;ESS(SG,FEM)	publicznej
Inflect publiczny | ADJ;GEN(SG,FEM)	publicznej
Inflect publiczny | ADJ;DAT(SG,NEUT)	publicznemu
Inflect publiczny | ADJ;NOM(PL,MASC,HUM)	publiczni
Inflect publiczny | ADJ;ACC(SG,MASC,INAN)	publiczny
Inflect publiczny | ADJ;NOM(SG,MASC)	publiczny
Inflect publiczny | ADJ;ESS(PL)	publicznych
Inflect publiczny | ADJ;GEN(PL)	publicznych
Inflect publiczny | ADJ;ACC(PL,MASC,HUM)	publicznych
Inflect publiczny | ADJ;DAT(PL)	publicznym
Inflect publiczny | ADJ;ESS(SG,MASC)	publicznym
Inflect publiczny | ADJ;INS(SG,NEUT)	publicznym
Inflect wyczyn | N;INS(PL)	wyczynami
Inflect wyczyn | N;INS(SG)	wyczynem
Inflect wyczyn | N;ESS(SG)	wyczynie
Inflect wyczyn | N;VOC(SG)	wyczynie
Inflect wyczyn | N;ACC(SG)	wyczyn
Inflect wyczyn | N;NOM(SG)	wyczyn
Inflect wyczyn | N;DAT(PL)	wyczynom
Inflect wyczyn | N;DAT(SG)	wyczynowi
Inflect wyczyn | N;GEN(SG)	wyczynu
Inflect wyczyn | N;ACC(PL)	wyczyny
Inflect wyczyn | N;NOM(PL)	wyczyny
Inflect wyczyn | N;VOC(PL)	wyczyny
Inflect waran | N;ESS(PL)	waranach
Inflect waran | N;INS(PL)	waranami
Inflect waran | N;ACC(SG)	warana
Inflect waran | N;INS(SG)	waranem
Inflect waran | N;ESS(SG)	waranie
Inflect waran | N;VOC(SG)	waranie
Inflect waran | N;NOM(SG)	waran
Inflect waran | N;DAT(PL)	waranom
Inflect waran | N;DAT(SG)	waranowi
Inflect waran | N;GEN(PL)	waranów
Inflect waran | N;ACC(PL)	warany
Inflect waran | N;VOC(PL)	warany
Inflect ratrak | N;ESS(PL)	ratrakach
Inflect ratrak | N;INS(PL)	ratrakami
Inflect ratrak | N;ACC(PL)	ratraki
Inflect ratrak | N;NOM(PL)	ratraki
Inflect ratrak | N;ACC(SG)	ratrak
Inflect ratrak | N;DAT(PL)	ratrakom
Inflect ratrak | N;DAT(SG)	ratrakowi
Inflect ratrak | N;ESS(SG)	ratraku
Inflect ratrak | N;GEN(SG)	ratraku
Inflect ratrak | N;VOC(SG)	ratraku
Inflect kamień | N;INS(PL)	kamieniami
Inflect kamień | N;ACC(PL)	kamienie
Inflect kamień | N;NOM(PL)	kamienie
Inflect kamień | N;VOC(PL)	kamienie
Inflect kamień | N;GEN(PL)	kamieni
Inflect kamień | N;DAT(PL)	kamieniom
Inflect kamień | N;DAT(SG)	kamieniowi
Inflect kamień | N;ESS(SG)	kamieniu
Inflect kamień | N;ACC(SG)	kamień
Inflect kamień | N;NOM(SG)	kamień
Inflect rozgrzeszyć | V;IMP;3;PL	niech rozgrzeszą
Inflect rozgrzeszyć | V;IMP;1;SG	niech rozgrzeszę
Inflect rozgrzeszyć | V;IMP;3;SG	niech rozgrzeszy
Inflect rozgrzeszyć | V;FUT;3;PL	rozgrzeszą
Inflect rozgrzeszyć | V;IMP;2;PL	rozgrzeszcie
Inflect rozgrzeszyć | V.MSDR	rozgrzeszenie
Inflect rozgrzeszyć | V.PTCP;PST;PASS;PL;MASC;HUM	rozgrzeszeni
Inflect rozgrzeszyć | V;FUT;1;SG	rozgrzeszę
Inflect rozgrzeszyć | V.PTCP;PST;PASS;SG;FEM	rozgrzeszona
Inflect rozgrzeszyć | V.PTCP;PST;PASS;PL	rozgrzeszone
Inflect rozgrzeszyć | V.PTCP;PST;PASS;SG;NEUT	rozgrzeszone
Inflect rozgrzeszyć | V.PTCP;PST;PASS	rozgrzeszono
Inflect rozgrzeszyć | V.PTCP;PST;PASS;SG;MASC	rozgrzeszony
Inflect rozgrzeszyć | V;IMP;2;SG	rozgrzesz
Inflect rozgrzeszyć | V;NFIN	rozgrzeszyć
Inflect rozgrzeszyć | V;COND;2;SG;FEM	rozgrzeszyłabyś
Inflect rozgrzeszyć | V;COND;3;SG;FEM	rozgrzeszyłaby
Inflect rozgrzeszyć | V;PST;2;SG;FEM	rozgrzeszyłaś
Inflect rozgrzeszyć | V;PST;3;SG;FEM	rozgrzeszyła
Inflect rozgrzeszyć | V;COND;1;SG;MASC	rozgrzeszyłbym
Inflect rozgrzeszyć | V;COND;2;SG;MASC	rozgrzeszyłbyś
Inflect rozgrzeszyć | V;PST;1;SG;MASC	rozgrzeszyłem
Inflect rozgrzeszyć | V;PST;2;SG;MASC	rozgrzeszyłeś
Inflect rozgrzeszyć | V;COND;2;PL;MASC;HUM	rozgrzeszylibyście
Inflect rozgrzeszyć | V;COND;1;PL;MASC;HUM	rozgrzeszylibyśmy
Inflect rozgrzeszyć | V;COND;3;PL;MASC;HUM	rozgrzeszyliby
Inflect rozgrzeszyć | V;PST;2;PL;MASC;HUM	rozgrzeszyliście
Inflect rozgrzeszyć | V;PST;1;PL;MASC;HUM	rozgrzeszyliśmy
Inflect rozgrzeszyć | V;COND;3;SG;NEUT	rozgrzeszyłoby
Inflect rozgrzeszyć | V;PST;3;SG;NEUT	rozgrzeszyło
Inflect rozgrzeszyć | V;PST;3;SG;MASC	rozgrzeszył
Inflect rozgrzeszyć | V;COND;3;PL	rozgrzeszyłyby
Inflect rozgrzeszyć | V;PST;2;PL	rozgrzeszyłyście
Inflect rozgrzeszyć | V;PST;1;PL	rozgrzeszyłyśmy
Inflect rozgrzeszyć | V;FUT;1;PL	rozgrzeszymy
Inflect rozgrzeszyć | V;FUT;2;SG	rozgrzeszysz
Inflect rozgrzeszyć | V;FUT;3;SG	rozgrzeszy
Inflect tabliczka | N;DAT(SG)	tabliczce
Inflect tabliczka | N;ESS(SG)	tabliczce
Inflect tabliczka | N;GEN(PL)	tabliczek
Inflect tabliczka | N;ESS(PL)	tabliczkach
Inflect tabliczka | N;INS(PL)	tabliczkami
Inflect tabliczka | N;INS(SG)	tabliczką
Inflect tabliczka | N;NOM(SG)	tabliczka
Inflect tabliczka | N;ACC(PL)	tabliczki
Inflect tabliczka | N;GEN(SG)	tabliczki
Inflect tabliczka | N;NOM(PL)	tabliczki
Inflect tabliczka | N;VOC(PL)	tabliczki
Inflect tabliczka | N;DAT(PL)	tabliczkom
Inflect tabliczka | N;VOC(SG)	tabliczko
Inflect zgrzebło | N;GEN(PL)	zgrzebeł
Inflect zgrzebło | N;ESS(PL)	zgrzebłach
Inflect zgrzebło | N;INS(PL)	zgrzebłami
Inflect zgrzebło | N;NOM(PL)	zgrzebła
Inflect zgrzebło | N;VOC(PL)	zgrzebła
Inflect zgrzebło | N;INS(SG)	zgrzebłem
Inflect zgrzebło | N;ESS(SG)	zgrzeble
Inflect zgrzebło | N;DAT(PL)	zgrzebłom
Inflect zgrzebło | N;ACC(SG)	zgrzebło
Inflect zgrzebło | N;NOM(SG)	zgrzebło
Inflect zgrzebło | N;VOC(SG)	zgrzebło
Inflect zgrzebło | N;DAT(SG)	zgrzebłu
Inflect niegrzeczne | ADJ;ACC(SG,FEM)	niegrzeczną
Inflect niegrzeczne | ADJ;INS(SG,FEM)	niegrzeczną
Inflect niegrzeczne | ADJ;NOM(SG,FEM)	niegrzeczna
Inflect niegrzeczne | ADJ;ACC(PL)	niegrzeczne
Inflect niegrzeczne | ADJ;ACC(SG,NEUT)	niegrzeczne
Inflect niegrzeczne | ADJ;NOM(SG,NEUT)	niegrzeczne
Inflect niegrzeczne | ADJ;NOM(PL)	niegrzeczne
Inflect niegrzeczne | ADJ;ACC(SG,MASC,ANIM)	niegrzecznego
Inflect niegrzeczne | ADJ;GEN(SG,NEUT)	niegrzecznego
Inflect niegrzeczne | ADJ;DAT(SG,FEM)	niegrzecznej
Inflect niegrzeczne | ADJ;ESS(SG,FEM)	niegrzecznej
Inflect niegrzeczne | ADJ;DAT(SG,MASC)	niegrzecznemu
Inflect niegrzeczne | ADJ;NOM(PL,MASC,HUM)	niegrzeczni
Inflect niegrzeczne | ADJ;ACC(SG,MASC,INAN)	niegrzeczny
Inflect niegrzeczne | ADJ;NOM(SG,MASC)	niegrzeczny
Inflect niegrzeczne | ADJ;ESS(PL)	niegrzecznych
Inflect niegrzeczne | ADJ;GEN(PL)	niegrzecznych
Inflect niegrzeczne | ADJ;ACC(PL,MASC,HUM)	niegrzecznych
Inflect niegrzeczne | ADJ;ESS(SG,MASC)	niegrzecznym
Inflect niegrzeczne | ADJ;INS(SG,MASC)	niegrzecznym
Inflect niegrzeczne | ADJ;ESS(SG,NEUT)	niegrzecznym
Inflect niegrzeczne | ADJ;INS(SG,NEUT)	niegrzecznym
Inflect niegrzeczne | ADJ;INS(PL)	niegrzecznymi
Inflect sukinsyn | N;ESS(PL)	sukinsynach
Inflect sukinsyn | N;ACC(SG)	sukinsyna
Inflect sukinsyn | N;ESS(SG)	sukinsynie
Inflect sukinsyn | N;NOM(PL)	sukinsyni
Inflect sukinsyn | N;NOM(SG)	sukinsyn
Inflect sukinsyn | N;DAT(PL)	sukinsynom
Inflect sukinsyn | N;ACC(PL)	sukinsynów
Inflect sukinsyn | N;GEN(PL)	sukinsynów
Inflect wielobok | N;ESS(PL)	wielobokach
Inflect wielobok | N;INS(PL)	wielobokami
Inflect wielobok | N;INS(SG)	wielobokiem
Inflect wielobok | N;ACC(SG)	wielobok
Inflect wielobok | N;DAT(PL)	wielobokom
Inflect wielobok | N;GEN(PL)	wieloboków
Inflect wielobok | N;ESS(SG)	wieloboku
Inflect zakładka | N;DAT(SG)	zakładce
Inflect zakładka | N;ESS(SG)	zakładce
Inflect zakładka | N;GEN(PL)	zakładek
Inflect zakładka | N;ESS(PL)	zakładkach
Inflect zakładka | N;INS(PL)	zakładkami
Inflect zakładka | N;INS(SG)	zakładką
Inflect zakładka | N;NOM(SG)	zakładka
Inflect zakładka | N;ACC(SG)	zakładkę
Inflect zakładka | N;NOM(PL)	zakładki
Inflect zakładka | N;VOC(SG)	zakładko
Inflect nowotestamentowy | ADJ;ACC(SG,FEM)	nowotestamentową
Inflect nowotestamentowy | ADJ;INS(SG,FEM)	nowotestamentową
Inflect nowotestamentowy | ADJ;NOM(SG,FEM)	nowotestamentowa
Inflect nowotestamentowy | ADJ;ACC(PL)	nowotestamentowe
Inflect nowotestamentowy | ADJ;NOM(SG,NEUT)	nowotestamentowe
Inflect nowotestamentowy | ADJ;NOM(PL)	nowotestamentowe
Inflect nowotestamentowy | ADJ;ACC(SG,MASC,ANIM)	nowotestamentowego
Inflect nowotestamentowy | ADJ;DAT(SG,FEM)	nowotestamentowej
Inflect nowotestamentowy | ADJ;ESS(SG,FEM)	nowotestamentowej
Inflect nowotestamentowy | ADJ;DAT(SG,MASC)	nowotestamentowemu
Inflect nowotestamentowy | ADJ;DAT(SG,NEUT)	nowotestamentowemu
Inflect nowotestamentowy | ADJ;NOM(PL,MASC,HUM)	nowotestamentowi
Inflect nowotestamentowy | ADJ;NOM(SG,MASC)	nowotestamentowy
Inflect nowotestamentowy | ADJ;GEN(PL)	nowotestamentowych
Inflect nowotestamentowy | ADJ;DAT(PL)	nowotestamentowym
Inflect nowotestamentowy | ADJ;INS(SG,MASC)	nowotestamentowym
Inflect nowotestamentowy | ADJ;INS(SG,NEUT)	nowotestamentowym
Inflect nowotestamentowy | ADJ;INS(PL)	nowotestamentowymi
Inflect lider | N;ESS(PL)	liderach
Inflect lider | N;ACC(SG)	lidera
Inflect lider | N;INS(SG)	liderem
Inflect lider | N;NOM(SG)	lider
Inflect lider | N;DAT(SG)	liderowi
Inflect lider | N;ACC(PL)	liderów
Inflect lider | N;ESS(SG)	liderze
Inflect lider | N;VOC(SG)	liderze
Inflect lider | N;NOM(PL)	liderzy
Inflect lider | N;VOC(PL)	liderzy
Inflect szlachetny | ADJ;ACC(SG,FEM)	szlachetną
Inflect szlachetny | ADJ;NOM(SG,FEM)	szlachetna
Inflect szlachetny | ADJ;ACC(PL)	szlachetne
Inflect szlachetny | ADJ;NOM(SG,NEUT)	szlachetne
Inflect szlachetny | ADJ;NOM(PL)	szlachetne
Inflect szlachetny | ADJ;ACC(SG,MASC,ANIM)	szlachetnego
Inflect szlachetny | ADJ;GEN(SG,MASC)	szlachetnego
Inflect szlachetny | ADJ;ACC(SG,MASC,HUM)	szlachetnego
Inflect szlachetny | ADJ;GEN(SG,NEUT)	szlachetnego
Inflect szlachetny | ADJ;ESS(SG,FEM)	szlachetnej
Inflect szlachetny | ADJ;GEN(SG,FEM)	szlachetnej
Inflect szlachetny | ADJ;DAT(SG,NEUT)	szlachetnemu
Inflect szlachetny | ADJ;NOM(SG,MASC)	szlachetny
Inflect szlachetny | ADJ;GEN(PL)	szlachetnych
Inflect szlachetny | ADJ;DAT(PL)	szlachetnym
Inflect szlachetny | ADJ;ESS(SG,MASC)	szlachetnym
Inflect szlachetny | ADJ;INS(SG,MASC)	szlachetnym
Inflect szlachetny | ADJ;INS(SG,NEUT)	szlachetnym
Inflect szlachetny | ADJ;INS(PL)	szlachetnymi
Inflect leasingowy | ADJ;ACC(SG,FEM)	leasingową
Inflect leasingowy | ADJ;NOM(SG,FEM)	leasingowa
Inflect leasingowy | ADJ;NOM(SG,NEUT)	leasingowe
Inflect leasingowy | ADJ;NOM(PL)	leasingowe
Inflect leasingowy | ADJ;ACC(SG,MASC,ANIM)	leasingowego
Inflect leasingowy | ADJ;GEN(SG,MASC)	leasingowego
Inflect leasingowy | ADJ;ACC(SG,MASC,HUM)	leasingowego
Inflect leasingowy | ADJ;GEN(SG,NEUT)	leasingowego
Inflect leasingowy | ADJ;ESS(SG,FEM)	leasingowej
Inflect leasingowy | ADJ;GEN(SG,FEM)	leasingowej
Inflect leasingowy | ADJ;NOM(PL,MASC,HUM)	leasingowi
Inflect leasingowy | ADJ;NOM(SG,MASC)	leasingowy
Inflect leasingowy | ADJ;ESS(PL)	leasingowych
Inflect leasingowy | ADJ;GEN(PL)	leasingowych
Inflect leasingowy | ADJ;ACC(PL,MASC,HUM)	leasingowych
Inflect leasingowy | ADJ;ESS(SG,MASC)	leasingowym
Inflect leasingowy | ADJ;ESS(SG,NEUT)	leasingowym
Inflect leasingowy | ADJ;INS(SG,NEUT)	leasingowym
Inflect leasingowy | ADJ;INS(PL)	leasingowymi
Inflect przytulny | ADJ;NOM(SG,FEM)	przytulna
Inflect przytulny | ADJ;ACC(PL)	przytulne
Inflect przytulny | ADJ;ACC(SG,NEUT)	przytulne
Inflect przytulny | ADJ;NOM(SG,NEUT)	przytulne
Inflect przytulny | ADJ;NOM(PL)	przytulne
Inflect przytulny | ADJ;ACC(SG,MASC,ANIM)	przytulnego
Inflect przytulny | ADJ;GEN(SG,MASC)	przytulnego
Inflect przytulny | ADJ;ACC(SG,MASC,HUM)	przytulnego
Inflect przytulny | ADJ;GEN(SG,NEUT)	przytulnego
Inflect przytulny | ADJ;DAT(SG,FEM)	przytulnej
Inflect przytulny | ADJ;ESS(SG,FEM)	przytulnej
Inflect przytulny | ADJ;DAT(SG,MASC)	przytulnemu
Inflect przytulny | ADJ;DAT(SG,NEUT)	przytulnemu
Inflect przytulny | ADJ;NOM(SG,MASC)	przytulny
Inflect przytulny | ADJ;ESS(PL)	przytulnych
Inflect przytulny | ADJ;GEN(PL)	przytulnych
Inflect przytulny | ADJ;ACC(PL,MASC,HUM)	przytulnych
Inflect przytulny | ADJ;ESS(SG,MASC)	przytulnym
Inflect przytulny | ADJ;INS(SG,MASC)	przytulnym
Inflect przytulny | ADJ;ESS(SG,NEUT)	przytulnym
Inflect zakon | N;ESS(PL)	zakonach
Inflect zakon | N;INS(PL)	zakonami
Inflect zakon | N;INS(SG)	zakonem
Inflect zakon | N;ESS(SG)	zakonie
Inflect zakon | N;VOC(SG)	zakonie
Inflect zakon | N;DAT(PL)	zakonom
Inflect zakon | N;DAT(SG)	zakonowi
Inflect zakon | N;GEN(PL)	zakonów
Inflect zakon | N;GEN(SG)	zakonu
Inflect zakon | N;NOM(PL)	zakony
Inflect zakon | N;VOC(PL)	zakony
Inflect łosiek | N;INS(PL)	łośkami
Inflect łosiek | N;ACC(SG)	łośka
Inflect łosiek | N;INS(SG)	łośkiem
Inflect łosiek | N;NOM(PL)	łośki
Inflect łosiek | N;VOC(PL)	łośki
Inflect łosiek | N;DAT(PL)	łośkom
Inflect łosiek | N;DAT(SG)	łośkowi
Inflect łosiek | N;GEN(PL)	łośków
Inflect łosiek | N;ESS(SG)	łośku
Inflect łosiek | N;VOC(SG)	łośku
Inflect wersja | N;INS(SG)	wersją
Inflect wersja | N;NOM(SG)	wersja
Inflect wersja | N;ACC(PL)	wersje
Inflect wersja | N;ACC(SG)	wersję
Inflect wersja | N;DAT(SG)	wersji
Inflect wersja | N;ESS(SG)	wersji
Inflect wersja | N;GEN(PL)	wersji
Inflect wersja | N;DAT(PL)	wersjom
Inflect wełniany | ADJ;ACC(SG,FEM)	wełnianą
Inflect wełniany | ADJ;INS(SG,FEM)	wełnianą
Inflect wełniany | ADJ;NOM(SG,FEM)	wełniana
Inflect wełniany | ADJ;ACC(PL)	wełniane
Inflect wełniany | ADJ;ACC(SG,NEUT)	wełniane
Inflect wełniany | ADJ;NOM(SG,NEUT)	wełniane
Inflect wełniany | ADJ;NOM(PL)	wełniane
Inflect wełniany | ADJ;ACC(SG,MASC,ANIM)	wełnianego
Inflect wełniany | ADJ;GEN(SG,MASC)	wełnianego
Inflect wełniany | ADJ;ACC(SG,MASC,HUM)	wełnianego
Inflect wełniany | ADJ;GEN(SG,NEUT)	wełnianego
Inflect wełniany | ADJ;DAT(SG,FEM)	wełnianej
Inflect wełniany | ADJ;GEN(SG,FEM)	wełnianej
Inflect wełniany | ADJ;DAT(SG,MASC)	wełnianemu
Inflect wełniany | ADJ;DAT(SG,NEUT)	wełnianemu
Inflect wełniany | ADJ;NOM(PL,MASC,HUM)	wełniani
Inflect wełniany | ADJ;ACC(SG,MASC,INAN)	wełniany
Inflect wełniany | ADJ;NOM(SG,MASC)	wełniany
Inflect wełniany | ADJ;ESS(PL)	wełnianych
Inflect wełniany | ADJ;GEN(PL)	wełnianych
Inflect wełniany | ADJ;ACC(PL,MASC,HUM)	wełnianych
Inflect wełniany | ADJ;DAT(PL)	wełnianym
Inflect wełniany | ADJ;ESS(SG,MASC)	wełnianym
Inflect wełniany | ADJ;INS(SG,MASC)	wełnianym
Inflect wełniany | ADJ;ESS(SG,NEUT)	wełnianym
Inflect wełniany | ADJ;INS(PL)	wełnianymi
Inflect opolski | ADJ;NOM(PL,MASC,HUM)	opolscy
Inflect opolski | ADJ;ACC(SG,FEM)	opolską
Inflect opolski | ADJ;INS(SG,FEM)	opolską
Inflect opolski | ADJ;NOM(SG,FEM)	opolska
Inflect opolski | ADJ;ACC(SG,MASC,INAN)	opolski
Inflect opolski | ADJ;NOM(SG,MASC)	opolski
Inflect opolski | ADJ;ESS(PL)	opolskich
Inflect opolski | ADJ;GEN(PL)	opolskich
Inflect opolski | ADJ;ACC(PL,MASC,HUM)	opolskich
Inflect opolski | ADJ;NOM(PL)	opolskie
Inflect opolski | ADJ;GEN(SG,MASC)	opolskiego
Inflect opolski | ADJ;ACC(SG,MASC,HUM)	opolskiego
Inflect opolski | ADJ;GEN(SG,NEUT)	opolskiego
Inflect opolski | ADJ;DAT(SG,FEM)	opolskiej
Inflect opolski | ADJ;ESS(SG,FEM)	opolskiej
Inflect opolski | ADJ;GEN(SG,FEM)	opolskiej
Inflect opolski | ADJ;DAT(SG,MASC)	opolskiemu
Inflect opolski | ADJ;DAT(SG,NEUT)	opolskiemu
Inflect opolski | ADJ;DAT(PL)	opolskim
Inflect opolski | ADJ;INS(SG,MASC)	opolskim
Inflect opolski | ADJ;ESS(SG,NEUT)	opolskim
Inflect opolski | ADJ;INS(SG,NEUT)	opolskim
Inflect opolski | ADJ;INS(PL)	opolskimi
Inflect bogacz | N;ESS(PL)	bogaczach
Inflect bogacz | N;ACC(SG)	bogacza
Inflect bogacz | N;GEN(SG)	bogacza
Inflect bogacz | N;INS(SG)	bogaczem
Inflect bogacz | N;NOM(PL)	bogacze
Inflect bogacz | N;NOM(SG)	bogacz
Inflect bogacz | N;DAT(SG)	bogaczowi
Inflect bogacz | N;ESS(SG)	bogaczu
Inflect bogacz | N;VOC(SG)	bogaczu
Inflect bogacz | N;GEN(PL)	bogaczy
Inflect uczenie | N;GEN(SG)	uczenia
Inflect uczenie | N;INS(SG)	uczeniem
Inflect uczenie | N;ACC(SG)	uczenie
Inflect uczenie | N;NOM(SG)	uczenie
Inflect uczenie | N;DAT(SG)	uczeniu
Inflect uczenie | N;ESS(SG)	uczeniu
Inflect chińczyk | N;GEN(PL)	chińczyków
Inflect domknięcie | N;ESS(PL)	domknięciach
Inflect domknięcie | N;INS(PL)	domknięciami
Inflect domknięcie | N;ACC(PL)	domknięcia
Inflect domknięcie | N;GEN(SG)	domknięcia
Inflect domknięcie | N;NOM(PL)	domknięcia
Inflect domknięcie | N;NOM(SG)	domknięcie
Inflect domknięcie | N;VOC(SG)	domknięcie
Inflect domknięcie | N;DAT(PL)	domknięciom
Inflect domknięcie | N;DAT(SG)	domknięciu
Inflect domknięcie | N;ESS(SG)	domknięciu
Inflect domknięcie | N;GEN(PL)	domknięć
Inflect najwyraźniejszy | ADJ;NOM(PL,MASC,HUM)	najwyraźniejsi
Inflect najwyraźniejszy | ADJ;INS(SG,FEM)	najwyraźniejszą
Inflect najwyraźniejszy | ADJ;NOM(SG,FEM)	najwyraźniejsza
Inflect najwyraźniejszy | ADJ;ACC(PL)	najwyraźniejsze
Inflect najwyraźniejszy | ADJ;ACC(SG,NEUT)	najwyraźniejsze
Inflect najwyraźniejszy | ADJ;NOM(SG,NEUT)	najwyraźniejsze
Inflect najwyraźniejszy | ADJ;NOM(PL)	najwyraźniejsze
Inflect najwyraźniejszy | ADJ;ACC(SG,MASC,ANIM)	najwyraźniejszego
Inflect najwyraźniejszy | ADJ;GEN(SG,MASC)	najwyraźniejszego
Inflect najwyraźniejszy | ADJ;ACC(SG,MASC,HUM)	najwyraźniejszego
Inflect najwyraźniejszy | ADJ;ESS(SG,FEM)	najwyraźniejszej
Inflect najwyraźniejszy | ADJ;GEN(SG,FEM)	najwyraźniejszej
Inflect najwyraźniejszy | ADJ;DAT(SG,MASC)	najwyraźniejszemu
Inflect najwyraźniejszy | ADJ;ACC(SG,MASC,INAN)	najwyraźniejszy
Inflect najwyraźniejszy | ADJ;NOM(SG,MASC)	najwyraźniejszy
Inflect najwyraźniejszy | ADJ;ESS(PL)	najwyraźniejszych
Inflect najwyraźniejszy | ADJ;GEN(PL)	najwyraźniejszych
Inflect najwyraźniejszy | ADJ;ACC(PL,MASC,HUM)	najwyraźniejszych
Inflect najwyraźniejszy | ADJ;DAT(PL)	najwyraźniejszym
Inflect najwyraźniejszy | ADJ;ESS(SG,MASC)	najwyraźniejszym
Inflect najwyraźniejszy | ADJ;INS(SG,MASC)	najwyraźniejszym
Inflect najwyraźniejszy | ADJ;ESS(SG,NEUT)	najwyraźniejszym
Inflect najwyraźniejszy | ADJ;INS(SG,NEUT)	najwyraźniejszym
Inflect najwyraźniejszy | ADJ;INS(PL)	najwyraźniejszymi
Inflect wyjątek | N;ACC(SG)	wyjątek
Inflect wyjątek | N;NOM(SG)	wyjątek
Inflect wyjątek | N;ESS(PL)	wyjątkach
Inflect wyjątek | N;INS(PL)	wyjątkami
Inflect wyjątek | N;INS(SG)	wyjątkiem
Inflect wyjątek | N;ACC(PL)	wyjątki
Inflect wyjątek | N;VOC(PL)	wyjątki
Inflect wyjątek | N;GEN(PL)	wyjątków
Inflect wyjątek | N;ESS(SG)	wyjątku
Inflect obsesyjny | ADJ;NOM(SG,FEM)	obsesyjna
Inflect obsesyjny | ADJ;ACC(PL)	obsesyjne
Inflect obsesyjny | ADJ;NOM(SG,NEUT)	obsesyjne
Inflect obsesyjny | ADJ;NOM(PL)	obsesyjne
Inflect obsesyjny | ADJ;GEN(SG,MASC)	obsesyjnego
Inflect obsesyjny | ADJ;ACC(SG,MASC,HUM)	obsesyjnego
Inflect obsesyjny | ADJ;GEN(SG,NEUT)	obsesyjnego
Inflect obsesyjny | ADJ;ESS(SG,FEM)	obsesyjnej
Inflect obsesyjny | ADJ;DAT(SG,MASC)	obsesyjnemu
Inflect obsesyjny | ADJ;DAT(SG,NEUT)	obsesyjnemu
Inflect obsesyjny | ADJ;NOM(SG,MASC)	obsesyjny
Inflect obsesyjny | ADJ;ESS(PL)	obsesyjnych
Inflect obsesyjny | ADJ;GEN(PL)	obsesyjnych
Inflect obsesyjny | ADJ;DAT(PL)	obsesyjnym
Inflect obsesyjny | ADJ;ESS(SG,MASC)	obsesyjnym
Inflect obsesyjny | ADJ;INS(SG,MASC)	obsesyjnym
Inflect obsesyjny | ADJ;ESS(SG,NEUT)	obsesyjnym
Inflect obsesyjny | ADJ;INS(PL)	obsesyjnymi
Inflect zmysł | N;ESS(PL)	zmysłach
Inflect zmysł | N;INS(PL)	zmysłami
Inflect zmysł | N;INS(SG)	zmysłem
Inflect zmysł | N;ESS(SG)	zmyśle
Inflect zmysł | N;VOC(SG)	zmyśle
Inflect zmysł | N;ACC(SG)	zmysł
Inflect zmysł | N;NOM(SG)	zmysł
Inflect zmysł | N;DAT(PL)	zmysłom
Inflect zmysł | N;DAT(SG)	zmysłowi
Inflect zmysł | N;GEN(SG)	zmysłu
Inflect zmysł | N;ACC(PL)	zmysły
Inflect zmysł | N;VOC(PL)	zmysły
Inflect prysznic | N;ESS(PL)	prysznicach
Inflect prysznic | N;GEN(SG)	prysznica
Inflect prysznic | N;INS(SG)	prysznicem
Inflect prysznic | N;ACC(PL)	prysznice
Inflect prysznic | N;NOM(PL)	prysznice
Inflect prysznic | N;ACC(SG)	prysznic
Inflect prysznic | N;NOM(SG)	prysznic
Inflect prysznic | N;DAT(SG)	prysznicowi
Inflect prysznic | N;GEN(PL)	pryszniców
Inflect prysznic | N;VOC(SG)	prysznicu
Inflect najczytelniejszy | ADJ;NOM(PL,MASC,HUM)	najczytelniejsi
Inflect najczytelniejszy | ADJ;ACC(SG,FEM)	najczytelniejszą
Inflect najczytelniejszy | ADJ;INS(SG,FEM)	najczytelniejszą
Inflect najczytelniejszy | ADJ;ACC(PL)	najczytelniejsze
Inflect najczytelniejszy | ADJ;ACC(SG,NEUT)	najczytelniejsze
Inflect najczytelniejszy | ADJ;NOM(SG,NEUT)	najczytelniejsze
Inflect najczytelniejszy | ADJ;NOM(PL)	najczytelniejsze
Inflect najczytelniejszy | ADJ;ACC(SG,MASC,ANIM)	najczytelniejszego
Inflect najczytelniejszy | ADJ;GEN(SG,MASC)	najczytelniejszego
Inflect najczytelniejszy | ADJ;GEN(SG,NEUT)	najczytelniejszego
Inflect najczytelniejszy | ADJ;DAT(SG,FEM)	najczytelniejszej
Inflect najczytelniejszy | ADJ;ESS(SG,FEM)	najczytelniejszej
Inflect najczytelniejszy | ADJ;GEN(SG,FEM)	najczytelniejszej
Inflect najczytelniejszy | ADJ;DAT(SG,MASC)	najczytelniejszemu
Inflect najczytelniejszy | ADJ;DAT(SG,NEUT)	najczytelniejszemu
Inflect najczytelniejszy | ADJ;ACC(SG,MASC,INAN)	najczytelniejszy
Inflect najczytelniejszy | ADJ;NOM(SG,MASC)	najczytelniejszy
Inflect najczytelniejszy | ADJ;GEN(PL)	najczytelniejszych
Inflect najczytelniejszy | ADJ;ACC(PL,MASC,HUM)	najczytelniejszych
Inflect najczytelniejszy | ADJ;ESS(SG,MASC)	najczytelniejszym
Inflect najczytelniejszy | ADJ;INS(SG,MASC)	najczytelniejszym
Inflect najczytelniejszy | ADJ;ESS(SG,NEUT)	najczytelniejszym
Inflect najczytelniejszy | ADJ;INS(SG,NEUT)	najczytelniejszym
Inflect drąg | N;ESS(PL)	drągach
Inflect drąg | N;INS(PL)	drągami
Inflect drąg | N;GEN(SG)	drąga
Inflect drąg | N;INS(SG)	drągiem
Inflect drąg | N;ACC(PL)	drągi
Inflect drąg | N;NOM(PL)	drągi
Inflect drąg | N;ACC(SG)	drąg
Inflect drąg | N;DAT(SG)	drągowi
Inflect drąg | N;GEN(PL)	drągów
Inflect drąg | N;ESS(SG)	drągu
Inflect plotka | N;ESS(SG)	plotce
Inflect butan | N;ESS(PL)	butanach
Inflect butan | N;INS(PL)	butanami
Inflect butan | N;INS(SG)	butanem
Inflect butan | N;ESS(SG)	butanie
Inflect butan | N;ACC(SG)	butan
Inflect butan | N;DAT(SG)	butanowi
Inflect butan | N;GEN(SG)	butanu
Inflect butan | N;ACC(PL)	butany
Inflect butan | N;NOM(PL)	butany
Inflect butan | N;VOC(PL)	butany
Inflect parzysty | ADJ;NOM(PL,MASC,HUM)	parzyści
Inflect parzysty | ADJ;NOM(SG,FEM)	parzysta
Inflect parzysty | ADJ;ACC(PL)	parzyste
Inflect parzysty | ADJ;ACC(SG,NEUT)	parzyste
Inflect parzysty | ADJ;NOM(SG,NEUT)	parzyste
Inflect parzysty | ADJ;NOM(PL)	parzyste
Inflect parzysty | ADJ;GEN(SG,NEUT)	parzystego
Inflect parzysty | ADJ;DAT(SG,FEM)	parzystej
Inflect parzysty | ADJ;ESS(SG,FEM)	parzystej
Inflect parzysty | ADJ;GEN(SG,FEM)	parzystej
Inflect parzysty | ADJ;DAT(SG,NEUT)	parzystemu
Inflect parzysty | ADJ;ACC(SG,MASC,INAN)	parzysty
Inflect parzysty | ADJ;NOM(SG,MASC)	parzysty
Inflect parzysty | ADJ;ESS(PL)	parzystych
Inflect parzysty | ADJ;DAT(PL)	parzystym
Inflect parzysty | ADJ;ESS(SG,MASC)	parzystym
Inflect parzysty | ADJ;INS(SG,MASC)	parzystym
Inflect parzysty | ADJ;ESS(SG,NEUT)	parzystym
Inflect przynieść | V;IMP;3;PL	niech przyniosą
Inflect przynieść | V;NFIN	przynieść
Inflect przynieść | V;FUT;1;PL	przyniesiemy
Inflect przynieść | V.MSDR	przyniesienie
Inflect przynieść | V;FUT;2;SG	przyniesiesz
Inflect przynieść | V;FUT;3;SG	przyniesie
Inflect przynieść | V.PTCP;PST;PASS;SG;FEM	przyniesiona
Inflect przynieść | V.PTCP;PST;PASS;PL	przyniesione
Inflect przynieść | V.PTCP;PST;PASS	przyniesiono
Inflect przynieść | V.PTCP;PST;PASS;SG;MASC	przyniesiony
Inflect przynieść | V;COND;1;PL;MASC;HUM	przynieślibyśmy
Inflect przynieść | V;PST;2;PL;MASC;HUM	przynieśliście
Inflect przynieść | V;PST;1;PL;MASC;HUM	przynieśliśmy
Inflect przynieść | V;PST;3;PL;MASC;HUM	przynieśli
Inflect przynieść | V;IMP;1;PL	przynieśmy
Inflect przynieść | V;IMP;2;SG	przynieś
Inflect przynieść | V;COND;1;SG;FEM	przyniosłabym
Inflect przynieść | V;COND;2;SG;FEM	przyniosłabyś
Inflect przynieść | V;COND;3;SG;FEM	przyniosłaby
Inflect przynieść | V;PST;1;SG;FEM	przyniosłam
Inflect przynieść | V;PST;2;SG;FEM	przyniosłaś
Inflect przynieść | V;PST;3;SG;FEM	przyniosła
Inflect przynieść | V;COND;1;SG;MASC	przyniósłbym
Inflect przynieść | V;COND;2;SG;MASC	przyniósłbyś
Inflect przynieść | V;PST;1;SG;MASC	przyniosłem
Inflect przynieść | V;PST;2;SG;MASC	przyniosłeś
Inflect przynieść | V;PST;3;SG;NEUT	przyniosło
Inflect przynieść | V.CVB;PST	przyniósłszy
Inflect przynieść | V;COND;2;PL	przyniosłybyście
Inflect przynieść | V;COND;1;PL	przyniosłybyśmy
Inflect przynieść | V;COND;3;PL	przyniosłyby
Inflect przynieść | V;PST;1;PL	przyniosłyśmy
Inflect przynieść | V;PST;3;PL	przyniosły
Inflect uchodźca | N;INS(PL)	uchodźcami
Inflect uchodźca | N;INS(SG)	uchodźcą
Inflect uchodźca | N;ACC(SG)	uchodźcę
Inflect uchodźca | N;DAT(PL)	uchodźcom
Inflect uchodźca | N;VOC(SG)	uchodźco
Inflect uchodźca | N;GEN(PL)	uchodźców
Inflect uchodźca | N;DAT(SG)	uchodźcy
Inflect uchodźca | N;ESS(SG)	uchodźcy
Inflect uchodźca | N;GEN(SG)	uchodźcy
Inflect uchodźca | N;VOC(PL)	uchodźcy
Inflect ful | N;ESS(PL)	fulach
Inflect ful | N;INS(PL)	fulami
Inflect ful | N;GEN(SG)	fula
Inflect ful | N;INS(SG)	fulem
Inflect ful | N;ACC(PL)	fule
Inflect ful | N;NOM(PL)	fule
Inflect ful | N;VOC(PL)	fule
Inflect ful | N;ACC(SG)	ful
Inflect ful | N;NOM(SG)	ful
Inflect ful | N;DAT(PL)	fulom
Inflect ful | N;ESS(SG)	fulu
Inflect ful | N;VOC(SG)	fulu
Inflect biuro podróży | N;ESS(PL)	biurach podróży
Inflect biuro podróży | N;INS(PL)	biurami podróży
Inflect biuro podróży | N;ACC(PL)	biura podróży
Inflect biuro podróży | N;NOM(PL)	biura podróży
Inflect biuro podróży | N;VOC(PL)	biura podróży
Inflect biuro podróży | N;INS(SG)	biurem podróży
Inflect biuro podróży | N;DAT(PL)	biurom podróży
Inflect biuro podróży | N;ACC(SG)	biuro podróży
Inflect biuro podróży | N;NOM(SG)	biuro podróży
Inflect biuro podróży | N;GEN(PL)	biur podróży
Inflect biuro podróży | N;ESS(SG)	biurze podróży
Inflect razić | V;FUT;3;PL;MASC;HUM	będą razili
Inflect razić | V;FUT;1;SG;FEM	będę raziła
Inflect razić | V;FUT;2;PL;MASC;HUM	będziecie razili
Inflect razić | V;FUT;2;PL	będziecie raziły
Inflect razić | V;FUT;1;PL	będziemy raziły
Inflect razić | V;FUT;3;SG;FEM	będzie raziła
Inflect razić | V;FUT;3;SG;NEUT	będzie raziło
Inflect razić | V;FUT;3;SG;MASC	będzie raził
Inflect razić | V;FUT;2;SG;FEM	będziesz raziła
Inflect razić | V;FUT;2;SG;MASC	będziesz raził
Inflect razić | V;IMP;3;PL	niech rażą
Inflect razić | V.PTCP;PST;ACT;SG;FEM	rażąca
Inflect razić | V.CVB	rażąc
Inflect razić | V.PTCP;PST;ACT;PL;MASC;HUM	rażący
Inflect razić | V.PTCP;PST;ACT;SG;MASC	rażący
Inflect razić | V;IMP;2;PL	raźcie
Inflect razić | V.MSDR	rażenie
Inflect razić | V;PRS;1;SG	rażę
Inflect razić | V;PRS;2;PL	razicie
Inflect razić | V;NFIN	razić
Inflect razić | V;COND;1;SG;FEM	raziłabym
Inflect razić | V;PST;3;SG;FEM	raziła
Inflect razić | V;COND;1;SG;MASC	raziłbym
Inflect razić | V;COND;2;SG;MASC	raziłbyś
Inflect razić | V;COND;3;SG;MASC	raziłby
Inflect razić | V;PST;1;SG;MASC	raziłem
Inflect razić | V;COND;2;PL;MASC;HUM	razilibyście
Inflect razić | V;COND;1;PL;MASC;HUM	razilibyśmy
Inflect razić | V;COND;3;PL;MASC;HUM	raziliby
Inflect razić | V;PST;2;PL;MASC;HUM	raziliście
Inflect razić | V;PST;1;PL;MASC;HUM	raziliśmy
Inflect razić | V;PST;3;PL;MASC;HUM	razili
Inflect razić | V;PST;3;SG;NEUT	raziło
Inflect razić | V;PST;3;SG;MASC	raził
Inflect razić | V;COND;2;PL	raziłybyście
Inflect razić | V;COND;1;PL	raziłybyśmy
Inflect razić | V;PST;2;PL	raziłyście
Inflect razić | V;PST;1;PL	raziłyśmy
Inflect razić | V;PST;3;PL	raziły
Inflect razić | V;PRS;1;PL	razimy
Inflect razić | V;PRS;2;SG	razisz
Inflect razić | V;PRS;3;SG	razi
Inflect razić | V;IMP;1;PL	raźmy
Inflect razić | V.PTCP;PST;PASS;SG;FEM	rażona
Inflect razić | V.PTCP;PST;PASS;SG;NEUT	rażone
Inflect razić | V.PTCP;PST;PASS	rażono
Inflect razić | V;IMP;2;SG	raź
Inflect parodia | N;ESS(PL)	parodiach
Inflect parodia | N;INS(PL)	parodiami
Inflect parodia | N;NOM(SG)	parodia
Inflect parodia | N;ACC(PL)	parodie
Inflect parodia | N;ACC(SG)	parodię
Inflect parodia | N;NOM(PL)	parodie
Inflect parodia | N;DAT(SG)	parodii
Inflect parodia | N;GEN(PL)	parodii
Inflect parodia | N;GEN(SG)	parodii
Inflect parodia | N;DAT(PL)	parodiom
Inflect parodia | N;VOC(SG)	parodio
Inflect czesać | V;FUT;3;PL;MASC;HUM	będą czesali
Inflect czesać | V;FUT;1;SG;FEM	będę czesała
Inflect czesać | V;FUT;2;PL;MASC;HUM	będziecie czesali
Inflect czesać | V;FUT;2;PL	będziecie czesały
Inflect czesać | V;FUT;3;SG;FEM	będzie czesała
Inflect czesać | V;FUT;3;SG;MASC	będzie czesał
Inflect czesać | V;FUT;2;SG;FEM	będziesz czesała
Inflect czesać | V;FUT;2;SG;MASC	będziesz czesał
Inflect czesać | V;NFIN	czesać
Inflect czesać | V;COND;1;SG;FEM	czesałabym
Inflect czesać | V;COND;2;SG;FEM	czesałabyś
Inflect czesać | V;PST;1;SG;FEM	czesałam
Inflect czesać | V;PST;2;SG;FEM	czesałaś
Inflect czesać | V;PST;3;SG;FEM	czesała
Inflect czesać | V;COND;1;SG;MASC	czesałbym
Inflect czesać | V;COND;2;SG;MASC	czesałbyś
Inflect czesać | V;COND;3;SG;MASC	czesałby
Inflect czesać | V;PST;1;SG;MASC	czesałem
Inflect czesać | V;COND;2;PL;MASC;HUM	czesalibyście
Inflect czesać | V;COND;1;PL;MASC;HUM	czesalibyśmy
Inflect czesać | V;COND;3;PL;MASC;HUM	czesaliby
Inflect czesać | V;PST;2;PL;MASC;HUM	czesaliście
Inflect czesać | V;PST;1;PL;MASC;HUM	czesaliśmy
Inflect czesać | V;COND;3;SG;NEUT	czesałoby
Inflect czesać | V;PST;3;SG;NEUT	czesało
Inflect czesać | V;PST;2;PL	czesałyście
Inflect czesać | V;PST;3;PL	czesały
Inflect czesać | V.PTCP;PST;PASS;SG;FEM	czesana
Inflect czesać | V.PTCP;PST;PASS;PL	czesane
Inflect czesać | V.PTCP;PST;PASS;SG;NEUT	czesane
Inflect czesać | V.MSDR	czesanie
Inflect czesać | V.PTCP;PST;PASS;PL;MASC;HUM	czesani
Inflect czesać | V.PTCP;PST;PASS	czesano
Inflect czesać | V.PTCP;PST;PASS;SG;MASC	czesany
Inflect czesać | V.PTCP;PST;ACT;SG;FEM	czesząca
Inflect czesać | V.PTCP;PST;ACT;PL	czeszące
Inflect czesać | V.PTCP;PST;ACT;SG;NEUT	czeszące
Inflect czesać | V.CVB	czesząc
Inflect czesać | V.PTCP;PST;ACT;PL;MASC;HUM	czeszący
Inflect czesać | V;PRS;3;PL	czeszą
Inflect czesać | V;IMP;2;PL	czeszcie
Inflect czesać | V;PRS;2;PL	czeszecie
Inflect czesać | V;PRS;1;PL	czeszemy
Inflect czesać | V;PRS;2;SG	czeszesz
Inflect czesać | V;PRS;3;SG	czesze
Inflect czesać | V;IMP;1;PL	czeszmy
Inflect czesać | V;IMP;2;SG	czesz
Inflect czesać | V;IMP;3;PL	niech czeszą
Inflect teista | N;DAT(SG)	teiście
Inflect teista | N;ESS(SG)	teiście
Inflect teista | N;NOM(PL)	teiści
Inflect teista | N;VOC(PL)	teiści
Inflect teista | N;ESS(PL)	teistach
Inflect teista | N;INS(PL)	teistami
Inflect teista | N;INS(SG)	teistą
Inflect teista | N;NOM(SG)	teista
Inflect teista | N;ACC(SG)	teistę
Inflect teista | N;ACC(PL)	teistów
Inflect teista | N;GEN(PL)	teistów
Inflect krach | N;ESS(PL)	krachach
Inflect krach | N;INS(PL)	krachami
Inflect krach | N;DAT(PL)	krachom
Inflect krach | N;DAT(SG)	krachowi
Inflect krach | N;ESS(SG)	krachu
Inflect krach | N;GEN(SG)	krachu
Inflect krach | N;VOC(SG)	krachu
Inflect krach | N;NOM(PL)	krachy
Inflect krach | N;VOC(PL)	krachy
Inflect najgęstszy | ADJ;NOM(PL,MASC,HUM)	najgęstsi
Inflect najgęstszy | ADJ;ACC(SG,FEM)	najgęstszą
Inflect najgęstszy | ADJ;INS(SG,FEM)	najgęstszą
Inflect najgęstszy | ADJ;NOM(SG,FEM)	najgęstsza
Inflect najgęstszy | ADJ;ACC(PL)	najgęstsze
Inflect najgęstszy | ADJ;NOM(SG,NEUT)	najgęstsze
Inflect najgęstszy | ADJ;NOM(PL)	najgęstsze
Inflect najgęstszy | ADJ;ACC(SG,MASC,HUM)	najgęstszego
Inflect najgęstszy | ADJ;DAT(SG,FEM)	najgęstszej
Inflect najgęstszy | ADJ;DAT(SG,MASC)	najgęstszemu
Inflect najgęstszy | ADJ;ACC(SG,MASC,INAN)	najgęstszy
Inflect najgęstszy | ADJ;ESS(PL)	najgęstszych
Inflect najgęstszy | ADJ;GEN(PL)	najgęstszych
Inflect najgęstszy | ADJ;ACC(PL,MASC,HUM)	najgęstszych
Inflect najgęstszy | ADJ;DAT(PL)	najgęstszym
Inflect najgęstszy | ADJ;INS(SG,MASC)	najgęstszym
Inflect najgęstszy | ADJ;ESS(SG,NEUT)	najgęstszym
Inflect najgęstszy | ADJ;INS(PL)	najgęstszymi
Inflect sejsmometr | N;ESS(PL)	sejsmometrach
Inflect sejsmometr | N;INS(SG)	sejsmometrem
Inflect sejsmometr | N;ACC(SG)	sejsmometr
Inflect sejsmometr | N;DAT(SG)	sejsmometrowi
Inflect sejsmometr | N;GEN(PL)	sejsmometrów
Inflect sejsmometr | N;ACC(PL)	sejsmometry
Inflect sejsmometr | N;NOM(PL)	sejsmometry
Inflect sejsmometr | N;VOC(PL)	sejsmometry
Inflect sejsmometr | N;ESS(SG)	sejsmometrze
Inflect sejsmometr | N;VOC(SG)	sejsmometrze
Inflect niektóry | ADJ;ACC(SG,FEM)	niektórą
Inflect niektóry | ADJ;INS(SG,FEM)	niektórą
Inflect niektóry | ADJ;NOM(SG,FEM)	niektóra
Inflect niektóry | ADJ;ACC(PL)	niektóre
Inflect niektóry | ADJ;ACC(SG,NEUT)	niektóre
Inflect niektóry | ADJ;NOM(SG,NEUT)	niektóre
Inflect niektóry | ADJ;NOM(PL)	niektóre
Inflect niektóry | ADJ;ACC(SG,MASC,ANIM)	niektórego
Inflect niektóry | ADJ;GEN(SG,MASC)	niektórego
Inflect niektóry | ADJ;ACC(SG,MASC,HUM)	niektórego
Inflect niektóry | ADJ;GEN(SG,NEUT)	niektórego
Inflect niektóry | ADJ;DAT(SG,FEM)	niektórej
Inflect niektóry | ADJ;GEN(SG,FEM)	niektórej
Inflect niektóry | ADJ;DAT(SG,MASC)	niektóremu
Inflect niektóry | ADJ;DAT(SG,NEUT)	niektóremu
Inflect niektóry | ADJ;NOM(SG,MASC)	niektóry
Inflect niektóry | ADJ;ESS(PL)	niektórych
Inflect niektóry | ADJ;GEN(PL)	niektórych
Inflect niektóry | ADJ;DAT(PL)	niektórym
Inflect niektóry | ADJ;INS(SG,NEUT)	niektórym
Inflect niektóry | ADJ;INS(PL)	niektórymi
Inflect niektóry | ADJ;NOM(PL,MASC,HUM)	niektórzy
Inflect plus | N;GEN(SG)	plusa
Inflect plus | N;INS(SG)	plusem
Inflect plus | N;VOC(SG)	plusie
Inflect plus | N;NOM(SG)	plus
Inflect plus | N;DAT(PL)	plusom
Inflect plus | N;GEN(PL)	plusów
Inflect plus | N;ACC(PL)	plusy
Inflect plus | N;VOC(PL)	plusy
Inflect lawa | N;NOM(PL)	lawy
Inflect opierdolić | V;IMP;3;PL	niech opierdolą
Inflect opierdolić | V;IMP;1;SG	niech opierdolę
Inflect opierdolić | V;IMP;3;SG	niech opierdoli
Inflect opierdolić | V;IMP;2;PL	opierdolcie
Inflect opierdolić | V.MSDR	opierdolenie
Inflect opierdolić | V.PTCP;PST;PASS;PL;MASC;HUM	opierdoleni
Inflect opierdolić | V;FUT;1;SG	opierdolę
Inflect opierdolić | V;FUT;2;PL	opierdolicie
Inflect opierdolić | V;NFIN	opierdolić
Inflect opierdolić | V;COND;1;SG;FEM	opierdoliłabym
Inflect opierdolić | V;COND;2;SG;FEM	opierdoliłabyś
Inflect opierdolić | V;COND;3;SG;FEM	opierdoliłaby
Inflect opierdolić | V;PST;1;SG;FEM	opierdoliłam
Inflect opierdolić | V;PST;2;SG;FEM	opierdoliłaś
Inflect opierdolić | V;COND;1;SG;MASC	opierdoliłbym
Inflect opierdolić | V;COND;2;SG;MASC	opierdoliłbyś
Inflect opierdolić | V;COND;3;SG;MASC	opierdoliłby
Inflect opierdolić | V;PST;1;SG;MASC	opierdoliłem
Inflect opierdolić | V;PST;2;SG;MASC	opierdoliłeś
Inflect opierdolić | V;COND;2;PL;MASC;HUM	opierdolilibyście
Inflect opierdolić | V;COND;1;PL;MASC;HUM	opierdolilibyśmy
Inflect opierdolić | V;COND;3;PL;MASC;HUM	opierdoliliby
Inflect opierdolić | V;PST;1;PL;MASC;HUM	opierdoliliśmy
Inflect opierdolić | V;PST;3;PL;MASC;HUM	opierdolili
Inflect opierdolić | V;PST;3;SG;NEUT	opierdoliło
Inflect opierdolić | V;PST;3;SG;MASC	opierdolił
Inflect opierdolić | V;COND;2;PL	opierdoliłybyście
Inflect opierdolić | V;COND;1;PL	opierdoliłybyśmy
Inflect opierdolić | V;PST;2;PL	opierdoliłyście
Inflect opierdolić | V;PST;1;PL	opierdoliłyśmy
Inflect opierdolić | V;PST;3;PL	opierdoliły
Inflect opierdolić | V;FUT;1;PL	opierdolimy
Inflect opierdolić | V;FUT;2;SG	opierdolisz
Inflect opierdolić | V;FUT;3;SG	opierdoli
Inflect opierdolić | V.CVB;PST	opierdoliwszy
Inflect opierdolić | V.PTCP;PST;PASS;SG;FEM	opierdolona
Inflect opierdolić | V.PTCP;PST;PASS;PL	opierdolone
Inflect opierdolić | V.PTCP;PST;PASS;SG;NEUT	opierdolone
Inflect opierdolić | V.PTCP;PST;PASS	opierdolono
Inflect opierdolić | V.PTCP;PST;PASS;SG;MASC	opierdolony
Inflect opierdolić | V;IMP;2;SG	opierdol
Inflect weganizm | N;INS(SG)	weganizmem
Inflect weganizm | N;ESS(SG)	weganizmie
Inflect weganizm | N;VOC(SG)	weganizmie
Inflect weganizm | N;ACC(SG)	weganizm
Inflect weganizm | N;NOM(SG)	weganizm
Inflect weganizm | N;DAT(SG)	weganizmowi
Inflect weganizm | N;GEN(SG)	weganizmu
Inflect hasać | V;FUT;3;PL	będą hasały
Inflect hasać | V;FUT;1;SG;FEM	będę hasała
Inflect hasać | V;FUT;1;SG;MASC	będę hasał
Inflect hasać | V;FUT;2;PL;MASC;HUM	będziecie hasali
Inflect hasać | V;FUT;2;PL	będziecie hasały
Inflect hasać | V;FUT;3;SG;FEM	będzie hasała
Inflect hasać | V;FUT;3;SG;NEUT	będzie hasało
Inflect hasać | V;FUT;3;SG;MASC	będzie hasał
Inflect hasać | V;FUT;1;PL;MASC;HUM	będziemy hasali
Inflect hasać | V;FUT;1;PL	będziemy hasały
Inflect hasać | V;FUT;2;SG;MASC	będziesz hasał
Inflect hasać | V;PRS;2;PL	hasacie
Inflect hasać | V;NFIN	hasać
Inflect hasać | V.PTCP;PST;ACT;SG;FEM	hasająca
Inflect hasać | V.PTCP;PST;ACT;PL	hasające
Inflect hasać | V.PTCP;PST;ACT;SG;NEUT	hasające
Inflect hasać | V.PTCP;PST;ACT;SG;MASC	hasający
Inflect hasać | V;PRS;3;PL	hasają
Inflect hasać | V;IMP;2;PL	hasajcie
Inflect hasać | V;IMP;1;PL	hasajmy
Inflect hasać | V;IMP;2;SG	hasaj
Inflect hasać | V;COND;1;SG;FEM	hasałabym
Inflect hasać | V;COND;2;SG;FEM	hasałabyś
Inflect hasać | V;COND;3;SG;FEM	hasałaby
Inflect hasać | V;PST;1;SG;FEM	hasałam
Inflect hasać | V;PST;2;SG;FEM	hasałaś
Inflect hasać | V;PST;3;SG;FEM	hasała
Inflect hasać | V;COND;1;SG;MASC	hasałbym
Inflect hasać | V;COND;2;SG;MASC	hasałbyś
Inflect hasać | V;PST;2;SG;MASC	hasałeś
Inflect hasać | V;COND;1;PL;MASC;HUM	hasalibyśmy
Inflect hasać | V;COND;3;PL;MASC;HUM	hasaliby
Inflect hasać | V;PST;2;PL;MASC;HUM	hasaliście
Inflect hasać | V;PST;1;PL;MASC;HUM	hasaliśmy
Inflect hasać | V;COND;3;SG;NEUT	hasałoby
Inflect hasać | V;PST;3;SG;NEUT	hasało
Inflect hasać | V;PST;3;SG;MASC	hasał
Inflect hasać | V;COND;2;PL	hasałybyście
Inflect hasać | V;COND;1;PL	hasałybyśmy
Inflect hasać | V;PST;2;PL	hasałyście
Inflect hasać | V;PST;1;PL	hasałyśmy
Inflect hasać | V;PST;3;PL	hasały
Inflect hasać | V.MSDR	hasanie
Inflect hasać | V.PTCP;PST;PASS	hasano
Inflect hasać | V;PRS;2;SG	hasasz
Inflect hasać | V;PRS;3;SG	hasa
Inflect hasać | V;IMP;3;PL	niech hasają
Inflect hasać | V;IMP;3;SG	niech hasa
Inflect skrobanka | N;ESS(SG)	skrobance
Inflect skrobanka | N;ESS(PL)	skrobankach
Inflect skrobanka | N;INS(SG)	skrobanką
Inflect skrobanka | N;NOM(SG)	skrobanka
Inflect skrobanka | N;ACC(SG)	skrobankę
Inflect skrobanka | N;ACC(PL)	skrobanki
Inflect skrobanka | N;GEN(SG)	skrobanki
Inflect skrobanka | N;NOM(PL)	skrobanki
Inflect skrobanka | N;VOC(PL)	skrobanki
Inflect skrobanka | N;DAT(PL)	skrobankom
Inflect bicie | N;INS(PL)	biciami
Inflect bicie | N;ACC(PL)	bicia
Inflect bicie | N;GEN(SG)	bicia
Inflect bicie | N;VOC(PL)	bicia
Inflect bicie | N;INS(SG)	biciem
Inflect bicie | N;ACC(SG)	bicie
Inflect bicie | N;NOM(SG)	bicie
Inflect bicie | N;VOC(SG)	bicie
Inflect bicie | N;DAT(PL)	biciom
Inflect bicie | N;DAT(SG)	biciu
Inflect bicie | N;GEN(PL)	bić
Inflect wyrzutek | N;ESS(PL)	wyrzutkach
Inflect wyrzutek | N;ACC(SG)	wyrzutka
Inflect wyrzutek | N;GEN(SG)	wyrzutka
Inflect wyrzutek | N;INS(SG)	wyrzutkiem
Inflect wyrzutek | N;VOC(PL)	wyrzutki
Inflect wyrzutek | N;DAT(PL)	wyrzutkom
Inflect wyrzutek | N;DAT(SG)	wyrzutkowi
Inflect wyrzutek | N;ACC(PL)	wyrzutków
Inflect wyrzutek | N;GEN(PL)	wyrzutków
Inflect wyrzutek | N;ESS(SG)	wyrzutku
Inflect wyrzutek | N;VOC(SG)	wyrzutku
Inflect radian | N;ESS(PL)	radianach
Inflect radian | N;INS(PL)	radianami
Inflect radian | N;GEN(SG)	radiana
Inflect radian | N;ESS(SG)	radianie
Inflect radian | N;VOC(SG)	radianie
Inflect radian | N;DAT(PL)	radianom
Inflect radian | N;DAT(SG)	radianowi
Inflect radian | N;GEN(PL)	radianów
Inflect radian | N;ACC(PL)	radiany
Inflect oddział | N;ESS(PL)	oddziałach
Inflect oddział | N;INS(PL)	oddziałami
Inflect oddział | N;INS(SG)	oddziałem
Inflect oddział | N;ESS(SG)	oddziale
Inflect oddział | N;VOC(SG)	oddziale
Inflect oddział | N;ACC(SG)	oddział
Inflect oddział | N;DAT(SG)	oddziałowi
Inflect oddział | N;GEN(SG)	oddziału
Inflect oddział | N;ACC(PL)	oddziały
Inflect oddział | N;NOM(PL)	oddziały
Inflect oddział | N;VOC(PL)	oddziały
Inflect najznakomitszy | ADJ;NOM(PL,MASC,HUM)	najznakomitsi
Inflect najznakomitszy | ADJ;ACC(SG,FEM)	najznakomitszą
Inflect najznakomitszy | ADJ;ACC(PL)	najznakomitsze
Inflect najznakomitszy | ADJ;ACC(SG,NEUT)	najznakomitsze
Inflect najznakomitszy | ADJ;NOM(SG,NEUT)	najznakomitsze
Inflect najznakomitszy | ADJ;NOM(PL)	najznakomitsze
Inflect najznakomitszy | ADJ;ACC(SG,MASC,ANIM)	najznakomitszego
Inflect najznakomitszy | ADJ;GEN(SG,MASC)	najznakomitszego
Inflect najznakomitszy | ADJ;ACC(SG,MASC,HUM)	najznakomitszego
Inflect najznakomitszy | ADJ;GEN(SG,NEUT)	najznakomitszego
Inflect najznakomitszy | ADJ;DAT(SG,FEM)	najznakomitszej
Inflect najznakomitszy | ADJ;ESS(SG,FEM)	najznakomitszej
Inflect najznakomitszy | ADJ;GEN(SG,FEM)	najznakomitszej
Inflect najznakomitszy | ADJ;DAT(SG,MASC)	najznakomitszemu
Inflect najznakomitszy | ADJ;NOM(SG,MASC)	najznakomitszy
Inflect najznakomitszy | ADJ;ESS(PL)	najznakomitszych
Inflect najznakomitszy | ADJ;DAT(PL)	najznakomitszym
Inflect najznakomitszy | ADJ;ESS(SG,MASC)	najznakomitszym
Inflect najznakomitszy | ADJ;ESS(SG,NEUT)	najznakomitszym
Inflect najznakomitszy | ADJ;INS(SG,NEUT)	najznakomitszym
Inflect żądanie | N;VOC(PL)	żądania
Inflect oregano | N;ESS(PL)	oreganach
Inflect oregano | N;INS(PL)	oreganami
Inflect oregano | N;ACC(PL)	oregana
Inflect oregano | N;GEN(SG)	oregana
Inflect oregano | N;VOC(PL)	oregana
Inflect oregano | N;INS(SG)	oreganem
Inflect oregano | N;ESS(SG)	oreganie
Inflect oregano | N;GEN(PL)	oregan
Inflect oregano | N;DAT(PL)	oreganom
Inflect oregano | N;NOM(SG)	oregano
Inflect oregano | N;DAT(SG)	oreganu
Inflect guziec | N;ESS(PL)	guźcach
Inflect guziec | N;INS(PL)	guźcami
Inflect guziec | N;ACC(SG)	guźca
Inflect guziec | N;GEN(SG)	guźca
Inflect guziec | N;INS(SG)	guźcem
Inflect guziec | N;ACC(PL)	guźce
Inflect guziec | N;VOC(PL)	guźce
Inflect guziec | N;DAT(SG)	guźcowi
Inflect guziec | N;ESS(SG)	guźcu
Inflect guziec | N;VOC(SG)	guźcu
Inflect romantyczny | ADJ;INS(SG,FEM)	romantyczną
Inflect romantyczny | ADJ;ACC(SG,NEUT)	romantyczne
Inflect romantyczny | ADJ;NOM(PL)	romantyczne
Inflect romantyczny | ADJ;ACC(SG,MASC,ANIM)	romantycznego
Inflect romantyczny | ADJ;GEN(SG,MASC)	romantycznego
Inflect romantyczny | ADJ;ACC(SG,MASC,HUM)	romantycznego
Inflect romantyczny | ADJ;GEN(SG,NEUT)	romantycznego
Inflect romantyczny | ADJ;DAT(SG,FEM)	romantycznej
Inflect romantyczny | ADJ;ESS(SG,FEM)	romantycznej
Inflect romantyczny | ADJ;GEN(SG,FEM)	romantycznej
Inflect romantyczny | ADJ;DAT(SG,NEUT)	romantycznemu
Inflect romantyczny | ADJ;NOM(PL,MASC,HUM)	romantyczni
Inflect romantyczny | ADJ;NOM(SG,MASC)	romantyczny
Inflect romantyczny | ADJ;ESS(PL)	romantycznych
Inflect romantyczny | ADJ;GEN(PL)	romantycznych
Inflect romantyczny | ADJ;ACC(PL,MASC,HUM)	romantycznych
Inflect romantyczny | ADJ;ESS(SG,MASC)	romantycznym
Inflect romantyczny | ADJ;INS(SG,MASC)	romantycznym
Inflect romantyczny | ADJ;ESS(SG,NEUT)	romantycznym
Inflect bośniacki | ADJ;NOM(PL,MASC,HUM)	bośniaccy
Inflect bośniacki | ADJ;ACC(SG,FEM)	bośniacką
Inflect bośniacki | ADJ;INS(SG,FEM)	bośniacką
Inflect bośniacki | ADJ;NOM(SG,FEM)	bośniacka
Inflect bośniacki | ADJ;ACC(SG,MASC,INAN)	bośniacki
Inflect bośniacki | ADJ;NOM(SG,MASC)	bośniacki
Inflect bośniacki | ADJ;ESS(PL)	bośniackich
Inflect bośniacki | ADJ;GEN(PL)	bośniackich
Inflect bośniacki | ADJ;ACC(PL,MASC,HUM)	bośniackich
Inflect bośniacki | ADJ;ACC(PL)	bośniackie
Inflect bośniacki | ADJ;ACC(SG,NEUT)	bośniackie
Inflect bośniacki | ADJ;NOM(SG,NEUT)	bośniackie
Inflect bośniacki | ADJ;NOM(PL)	bośniackie
Inflect bośniacki | ADJ;ACC(SG,MASC,ANIM)	bośniackiego
Inflect bośniacki | ADJ;GEN(SG,MASC)	bośniackiego
Inflect bośniacki | ADJ;ACC(SG,MASC,HUM)	bośniackiego
Inflect bośniacki | ADJ;GEN(SG,NEUT)	bośniackiego
Inflect bośniacki | ADJ;GEN(SG,FEM)	bośniackiej
Inflect bośniacki | ADJ;DAT(SG,NEUT)	bośniackiemu
Inflect bośniacki | ADJ;DAT(PL)	bośniackim
Inflect bośniacki | ADJ;ESS(SG,NEUT)	bośniackim
Inflect bośniacki | ADJ;INS(SG,NEUT)	bośniackim
Inflect odkrycie | N;ESS(PL)	odkryciach
Inflect odkrycie | N;INS(PL)	odkryciami
Inflect odkrycie | N;NOM(PL)	odkrycia
Inflect odkrycie | N;INS(SG)	odkryciem
Inflect odkrycie | N;ACC(SG)	odkrycie
Inflect odkrycie | N;NOM(SG)	odkrycie
Inflect odkrycie | N;VOC(SG)	odkrycie
Inflect odkrycie | N;DAT(PL)	odkryciom
Inflect odkrycie | N;DAT(SG)	odkryciu
Inflect odkrycie | N;ESS(SG)	odkryciu
Inflect odkrycie | N;GEN(PL)	odkryć
Inflect lśniący | ADJ;INS(SG,FEM)	lśniącą
Inflect lśniący | ADJ;NOM(SG,FEM)	lśniąca
Inflect lśniący | ADJ;ACC(PL)	lśniące
Inflect lśniący | ADJ;ACC(SG,NEUT)	lśniące
Inflect lśniący | ADJ;NOM(PL)	lśniące
Inflect lśniący | ADJ;ACC(SG,MASC,ANIM)	lśniącego
Inflect lśniący | ADJ;ACC(SG,MASC,HUM)	lśniącego
Inflect lśniący | ADJ;GEN(SG,NEUT)	lśniącego
Inflect lśniący | ADJ;DAT(SG,FEM)	lśniącej
Inflect lśniący | ADJ;ESS(SG,FEM)	lśniącej
Inflect lśniący | ADJ;GEN(SG,FEM)	lśniącej
Inflect lśniący | ADJ;DAT(SG,MASC)	lśniącemu
Inflect lśniący | ADJ;ACC(SG,MASC,INAN)	lśniący
Inflect lśniący | ADJ;NOM(SG,MASC)	lśniący
Inflect lśniący | ADJ;ESS(PL)	lśniących
Inflect lśniący | ADJ;GEN(PL)	lśniących
Inflect lśniący | ADJ;ACC(PL,MASC,HUM)	lśniących
Inflect lśniący | ADJ;ESS(SG,MASC)	lśniącym
Inflect lśniący | ADJ;INS(SG,MASC)	lśniącym
Inflect lśniący | ADJ;ESS(SG,NEUT)	lśniącym
Inflect brukselka | N;GEN(PL)	brukselek
Inflect brukselka | N;INS(PL)	brukselkami
Inflect brukselka | N;INS(SG)	brukselką
Inflect brukselka | N;NOM(SG)	brukselka
Inflect brukselka | N;ACC(SG)	brukselkę
Inflect brukselka | N;ACC(PL)	brukselki
Inflect brukselka | N;GEN(SG)	brukselki
Inflect brukselka | N;NOM(PL)	brukselki
Inflect brukselka | N;VOC(PL)	brukselki
Inflect brukselka | N;VOC(SG)	brukselko
Inflect masowiec | N;ESS(PL)	masowcach
Inflect masowiec | N;GEN(SG)	masowca
Inflect masowiec | N;NOM(PL)	masowce
Inflect masowiec | N;VOC(PL)	masowce
Inflect masowiec | N;DAT(SG)	masowcowi
Inflect masowiec | N;ESS(SG)	masowcu
Inflect masowiec | N;VOC(SG)	masowcu
Inflect masowiec | N;ACC(SG)	masowiec
Inflect masowiec | N;NOM(SG)	masowiec
Inflect satrapa | N;ESS(PL)	satrapach
Inflect satrapa | N;INS(PL)	satrapami
Inflect satrapa | N;INS(SG)	satrapą
Inflect satrapa | N;NOM(SG)	satrapa
Inflect satrapa | N;ACC(SG)	satrapę
Inflect satrapa | N;DAT(PL)	satrapom
Inflect satrapa | N;VOC(SG)	satrapo
Inflect satrapa | N;NOM(PL)	satrapowie
Inflect satrapa | N;VOC(PL)	satrapowie
Inflect satrapa | N;ACC(PL)	satrapów
Inflect satrapa | N;GEN(PL)	satrapów
Inflect satrapa | N;GEN(SG)	satrapy
Inflect jasny | ADJ;ACC(SG,FEM)	jasną
Inflect jasny | ADJ;NOM(SG,FEM)	jasna
Inflect jasny | ADJ;ACC(PL)	jasne
Inflect jasny | ADJ;ACC(SG,NEUT)	jasne
Inflect jasny | ADJ;NOM(PL)	jasne
Inflect jasny | ADJ;ACC(SG,MASC,ANIM)	jasnego
Inflect jasny | ADJ;GEN(SG,MASC)	jasnego
Inflect jasny | ADJ;DAT(SG,FEM)	jasnej
Inflect jasny | ADJ;ESS(SG,FEM)	jasnej
Inflect jasny | ADJ;DAT(SG,MASC)	jasnemu
Inflect jasny | ADJ;DAT(SG,NEUT)	jasnemu
Inflect jasny | ADJ;NOM(PL,MASC,HUM)	jaśni
Inflect jasny | ADJ;NOM(SG,MASC)	jasny
Inflect jasny | ADJ;ESS(PL)	jasnych
Inflect jasny | ADJ;GEN(PL)	jasnych
Inflect jasny | ADJ;ACC(PL,MASC,HUM)	jasnych
Inflect jasny | ADJ;DAT(PL)	jasnym
Inflect jasny | ADJ;ESS(SG,MASC)	jasnym
Inflect jasny | ADJ;INS(SG,NEUT)	jasnym
Inflect kosmyk | N;ESS(PL)	kosmykach
Inflect kosmyk | N;INS(PL)	kosmykami
Inflect kosmyk | N;GEN(SG)	kosmyka
Inflect kosmyk | N;INS(SG)	kosmykiem
Inflect kosmyk | N;ACC(PL)	kosmyki
Inflect kosmyk | N;NOM(PL)	kosmyki
Inflect kosmyk | N;VOC(PL)	kosmyki
Inflect kosmyk | N;DAT(PL)	kosmykom
Inflect kosmyk | N;DAT(SG)	kosmykowi
Inflect kosmyk | N;GEN(PL)	kosmyków
Inflect kosmyk | N;VOC(SG)	kosmyku
Inflect antysemicki | ADJ;INS(SG,FEM)	antysemicką
Inflect antysemicki | ADJ;NOM(SG,FEM)	antysemicka
Inflect antysemicki | ADJ;ACC(SG,MASC,INAN)	antysemicki
Inflect antysemicki | ADJ;NOM(SG,MASC)	antysemicki
Inflect antysemicki | ADJ;GEN(PL)	antysemickich
Inflect antysemicki | ADJ;ACC(SG,NEUT)	antysemickie
Inflect antysemicki | ADJ;NOM(PL)	antysemickie
Inflect antysemicki | ADJ;ACC(SG,MASC,ANIM)	antysemickiego
Inflect antysemicki | ADJ;GEN(SG,MASC)	antysemickiego
Inflect antysemicki | ADJ;ACC(SG,MASC,HUM)	antysemickiego
Inflect antysemicki | ADJ;GEN(SG,NEUT)	antysemickiego
Inflect antysemicki | ADJ;DAT(SG,FEM)	antysemickiej
Inflect antysemicki | ADJ;ESS(SG,FEM)	antysemickiej
Inflect antysemicki | ADJ;GEN(SG,FEM)	antysemickiej
Inflect antysemicki | ADJ;DAT(SG,MASC)	antysemickiemu
Inflect antysemicki | ADJ;DAT(PL)	antysemickim
Inflect antysemicki | ADJ;ESS(SG,MASC)	antysemickim
Inflect antysemicki | ADJ;ESS(SG,NEUT)	antysemickim
Inflect wilczyca | N;ESS(PL)	wilczycach
Inflect wilczyca | N;NOM(SG)	wilczyca
Inflect wilczyca | N;ACC(PL)	wilczyce
Inflect wilczyca | N;ACC(SG)	wilczycę
Inflect wilczyca | N;NOM(PL)	wilczyce
Inflect wilczyca | N;VOC(PL)	wilczyce
Inflect wilczyca | N;GEN(PL)	wilczyc
Inflect wilczyca | N;ESS(SG)	wilczycy
Inflect uraninit | N;VOC(SG)	uraninicie
Inflect uraninit | N;INS(PL)	uraninitami
Inflect uraninit | N;INS(SG)	uraninitem
Inflect uraninit | N;ACC(SG)	uraninit
Inflect uraninit | N;DAT(PL)	uraninitom
Inflect uraninit | N;GEN(PL)	uraninitów
Inflect uraninit | N;ACC(PL)	uraninity
Inflect uraninit | N;NOM(PL)	uraninity
Inflect osika | N;DAT(SG)	osice
Inflect osika | N;ESS(SG)	osice
Inflect osika | N;ESS(PL)	osikach
Inflect osika | N;INS(PL)	osikami
Inflect osika | N;INS(SG)	osiką
Inflect osika | N;NOM(SG)	osika
Inflect osika | N;ACC(PL)	osiki
Inflect osika | N;GEN(SG)	osiki
Inflect osika | N;NOM(PL)	osiki
Inflect osika | N;VOC(PL)	osiki
Inflect osika | N;GEN(PL)	osik
Inflect osika | N;DAT(PL)	osikom
Inflect osika | N;VOC(SG)	osiko
Inflect zmarszczka | N;DAT(SG)	zmarszczce
Inflect zmarszczka | N;ESS(SG)	zmarszczce
Inflect zmarszczka | N;GEN(PL)	zmarszczek
Inflect zmarszczka | N;INS(PL)	zmarszczkami
Inflect zmarszczka | N;NOM(SG)	zmarszczka
Inflect zmarszczka | N;ACC(PL)	zmarszczki
Inflect zmarszczka | N;GEN(SG)	zmarszczki
Inflect zmarszczka | N;DAT(PL)	zmarszczkom
Inflect zmarszczka | N;VOC(SG)	zmarszczko
Inflect jaskrawy | ADJ;ACC(SG,FEM)	jaskrawą
Inflect jaskrawy | ADJ;NOM(SG,FEM)	jaskrawa
Inflect jaskrawy | ADJ;ACC(SG,NEUT)	jaskrawe
Inflect jaskrawy | ADJ;NOM(SG,NEUT)	jaskrawe
Inflect jaskrawy | ADJ;ACC(SG,MASC,ANIM)	jaskrawego
Inflect jaskrawy | ADJ;GEN(SG,MASC)	jaskrawego
Inflect jaskrawy | ADJ;GEN(SG,NEUT)	jaskrawego
Inflect jaskrawy | ADJ;DAT(SG,FEM)	jaskrawej
Inflect jaskrawy | ADJ;ESS(SG,FEM)	jaskrawej
Inflect jaskrawy | ADJ;DAT(SG,NEUT)	jaskrawemu
Inflect jaskrawy | ADJ;NOM(PL,MASC,HUM)	jaskrawi
Inflect jaskrawy | ADJ;ACC(SG,MASC,INAN)	jaskrawy
Inflect jaskrawy | ADJ;ESS(PL)	jaskrawych
Inflect jaskrawy | ADJ;ACC(PL,MASC,HUM)	jaskrawych
Inflect jaskrawy | ADJ;ESS(SG,MASC)	jaskrawym
Inflect jaskrawy | ADJ;ESS(SG,NEUT)	jaskrawym
Inflect jaskrawy | ADJ;INS(SG,NEUT)	jaskrawym
Inflect jaskrawy | ADJ;INS(PL)	jaskrawymi
Inflect elektryczny | ADJ;INS(SG,FEM)	elektryczną
Inflect elektryczny | ADJ;NOM(SG,FEM)	elektryczna
Inflect elektryczny | ADJ;ACC(PL)	elektryczne
Inflect elektryczny | ADJ;NOM(SG,NEUT)	elektryczne
Inflect elektryczny | ADJ;NOM(PL)	elektryczne
Inflect elektryczny | ADJ;ACC(SG,MASC,ANIM)	elektrycznego
Inflect elektryczny | ADJ;ACC(SG,MASC,HUM)	elektrycznego
Inflect elektryczny | ADJ;DAT(SG,FEM)	elektrycznej
Inflect elektryczny | ADJ;GEN(SG,FEM)	elektrycznej
Inflect elektryczny | ADJ;DAT(SG,MASC)	elektrycznemu
Inflect elektryczny | ADJ;NOM(PL,MASC,HUM)	elektryczni
Inflect elektryczny | ADJ;ACC(SG,MASC,INAN)	elektryczny
Inflect elektryczny | ADJ;ACC(PL,MASC,HUM)	elektrycznych
Inflect elektryczny | ADJ;DAT(PL)	elektrycznym
Inflect elektryczny | ADJ;INS(SG,MASC)	elektrycznym
Inflect żakiet | N;ESS(PL)	żakietach
Inflect żakiet | N;INS(PL)	żakietami
Inflect żakiet | N;INS(SG)	żakietem
Inflect żakiet | N;ACC(SG)	żakiet
Inflect żakiet | N;NOM(SG)	żakiet
Inflect żakiet | N;DAT(PL)	żakietom
Inflect żakiet | N;DAT(SG)	żakietowi
Inflect żakiet | N;NOM(PL)	żakiety
Inflect żakiet | N;VOC(PL)	żakiety
Inflect wizyta | N;DAT(SG)	wizycie
Inflect wizyta | N;ESS(SG)	wizycie
Inflect wizyta | N;ESS(PL)	wizytach
Inflect wizyta | N;INS(PL)	wizytami
Inflect wizyta | N;GEN(PL)	wizyt
Inflect wizyta | N;DAT(PL)	wizytom
Inflect wizyta | N;VOC(SG)	wizyto
Inflect wizyta | N;GEN(SG)	wizyty
Inflect wizyta | N;NOM(PL)	wizyty
Inflect wizyta | N;VOC(PL)	wizyty
Inflect budujący | ADJ;ACC(SG,FEM)	budującą
Inflect budujący | ADJ;INS(SG,FEM)	budującą
Inflect budujący | ADJ;NOM(SG,FEM)	budująca
Inflect budujący | ADJ;NOM(SG,NEUT)	budujące
Inflect budujący | ADJ;NOM(PL)	budujące
Inflect budujący | ADJ;ACC(SG,MASC,ANIM)	budującego
Inflect budujący | ADJ;ACC(SG,MASC,HUM)	budującego
Inflect budujący | ADJ;GEN(SG,NEUT)	budującego
Inflect budujący | ADJ;DAT(SG,FEM)	budującej
Inflect budujący | ADJ;GEN(SG,FEM)	budującej
Inflect budujący | ADJ;NOM(PL,MASC,HUM)	budujący
Inflect budujący | ADJ;ACC(SG,MASC,INAN)	budujący
Inflect budujący | ADJ;NOM(SG,MASC)	budujący
Inflect budujący | ADJ;ESS(PL)	budujących
Inflect budujący | ADJ;GEN(PL)	budujących
Inflect budujący | ADJ;DAT(PL)	budującym
Inflect budujący | ADJ;ESS(SG,MASC)	budującym
Inflect budujący | ADJ;INS(SG,MASC)	budującym
Inflect budujący | ADJ;ESS(SG,NEUT)	budującym
Inflect szał | N;INS(SG)	szałem
Inflect upiór | N;ESS(PL)	upiorach
Inflect upiór | N;INS(PL)	upiorami
Inflect upiór | N;GEN(SG)	upiora
Inflect upiór | N;ACC(PL)	upiorów
Inflect upiór | N;GEN(PL)	upiorów
Inflect upiór | N;NOM(PL)	upiory
Inflect upiór | N;VOC(PL)	upiory
Inflect ładowarka | N;DAT(SG)	ładowarce
Inflect ładowarka | N;ESS(SG)	ładowarce
Inflect ładowarka | N;GEN(PL)	ładowarek
Inflect ładowarka | N;ESS(PL)	ładowarkach
Inflect ładowarka | N;INS(PL)	ładowarkami
Inflect ładowarka | N;NOM(SG)	ładowarka
Inflect ładowarka | N;ACC(SG)	ładowarkę
Inflect ładowarka | N;ACC(PL)	ładowarki
Inflect ładowarka | N;GEN(SG)	ładowarki
Inflect ładowarka | N;VOC(PL)	ładowarki
Inflect ładowarka | N;DAT(PL)	ładowarkom
Inflect ładowarka | N;VOC(SG)	ładowarko
Inflect pyta gówna | N;DAT(SG)	pycie gównej
Inflect pyta gówna | N;ESS(SG)	pycie gównej
Inflect pyta gówna | N;INS(SG)	pytą gówną
Inflect pyta gówna | N;NOM(SG)	pyta gówna
Inflect pyta gówna | N;INS(PL)	pytami gównymi
Inflect pyta gówna | N;ACC(SG)	pytę gówną
Inflect pyta gówna | N;DAT(PL)	pytom gównym
Inflect pyta gówna | N;GEN(SG)	pyty gównej
Inflect pyta gówna | N;NOM(PL)	pyty gówne
Inflect pyta gówna | N;VOC(PL)	pyty gówne
Inflect nieprzyjemny | ADJ;NOM(SG,FEM)	nieprzyjemna
Inflect nieprzyjemny | ADJ;ACC(PL)	nieprzyjemne
Inflect nieprzyjemny | ADJ;NOM(SG,NEUT)	nieprzyjemne
Inflect nieprzyjemny | ADJ;ACC(SG,MASC,ANIM)	nieprzyjemnego
Inflect nieprzyjemny | ADJ;GEN(SG,MASC)	nieprzyjemnego
Inflect nieprzyjemny | ADJ;ACC(SG,MASC,HUM)	nieprzyjemnego
Inflect nieprzyjemny | ADJ;GEN(SG,NEUT)	nieprzyjemnego
Inflect nieprzyjemny | ADJ;DAT(SG,FEM)	nieprzyjemnej
Inflect nieprzyjemny | ADJ;ESS(SG,FEM)	nieprzyjemnej
Inflect nieprzyjemny | ADJ;GEN(SG,FEM)	nieprzyjemnej
Inflect nieprzyjemny | ADJ;DAT(SG,NEUT)	nieprzyjemnemu
Inflect nieprzyjemny | ADJ;NOM(PL,MASC,HUM)	nieprzyjemni
Inflect nieprzyjemny | ADJ;ACC(SG,MASC,INAN)	nieprzyjemny
Inflect nieprzyjemny | ADJ;NOM(SG,MASC)	nieprzyjemny
Inflect nieprzyjemny | ADJ;ESS(PL)	nieprzyjemnych
Inflect nieprzyjemny | ADJ;GEN(PL)	nieprzyjemnych
Inflect nieprzyjemny | ADJ;ACC(PL,MASC,HUM)	nieprzyjemnych
Inflect nieprzyjemny | ADJ;DAT(PL)	nieprzyjemnym
Inflect nieprzyjemny | ADJ;ESS(SG,MASC)	nieprzyjemnym
Inflect nieprzyjemny | ADJ;INS(SG,MASC)	nieprzyjemnym
Inflect nieprzyjemny | ADJ;ESS(SG,NEUT)	nieprzyjemnym
Inflect stęp | N;DAT(SG)	stępowi
Inflect zboże | N;ESS(PL)	zbożach
Inflect zboże | N;ACC(PL)	zboża
Inflect zboże | N;GEN(SG)	zboża
Inflect zboże | N;NOM(PL)	zboża
Inflect zboże | N;VOC(PL)	zboża
Inflect zboże | N;VOC(SG)	zboże
Inflect zboże | N;GEN(PL)	zbóż
Inflect biurokracja | N;ESS(PL)	biurokracjach
Inflect biurokracja | N;INS(PL)	biurokracjami
Inflect biurokracja | N;INS(SG)	biurokracją
Inflect biurokracja | N;ACC(PL)	biurokracje
Inflect biurokracja | N;ACC(SG)	biurokrację
Inflect biurokracja | N;NOM(PL)	biurokracje
Inflect biurokracja | N;VOC(PL)	biurokracje
Inflect biurokracja | N;DAT(SG)	biurokracji
Inflect biurokracja | N;ESS(SG)	biurokracji
Inflect biurokracja | N;VOC(SG)	biurokracjo
Inflect grafitowy | ADJ;ACC(SG,FEM)	grafitową
Inflect grafitowy | ADJ;INS(SG,FEM)	grafitową
Inflect grafitowy | ADJ;NOM(SG,FEM)	grafitowa
Inflect grafitowy | ADJ;ACC(PL)	grafitowe
Inflect grafitowy | ADJ;NOM(SG,NEUT)	grafitowe
Inflect grafitowy | ADJ;ACC(SG,MASC,HUM)	grafitowego
Inflect grafitowy | ADJ;GEN(SG,NEUT)	grafitowego
Inflect grafitowy | ADJ;GEN(SG,FEM)	grafitowej
Inflect grafitowy | ADJ;DAT(SG,MASC)	grafitowemu
Inflect grafitowy | ADJ;DAT(SG,NEUT)	grafitowemu
Inflect grafitowy | ADJ;ESS(PL)	grafitowych
Inflect grafitowy | ADJ;ACC(PL,MASC,HUM)	grafitowych
Inflect grafitowy | ADJ;DAT(PL)	grafitowym
Inflect grafitowy | ADJ;ESS(SG,MASC)	grafitowym
Inflect grafitowy | ADJ;INS(SG,MASC)	grafitowym
Inflect grafitowy | ADJ;ESS(SG,NEUT)	grafitowym
Inflect grafitowy | ADJ;INS(SG,NEUT)	grafitowym
Inflect grafitowy | ADJ;INS(PL)	grafitowymi
Inflect świecki | ADJ;NOM(PL,MASC,HUM)	świeccy
Inflect świecki | ADJ;ACC(SG,FEM)	świecką
Inflect świecki | ADJ;INS(SG,FEM)	świecką
Inflect świecki | ADJ;NOM(SG,FEM)	świecka
Inflect świecki | ADJ;ACC(SG,MASC,INAN)	świecki
Inflect świecki | ADJ;GEN(PL)	świeckich
Inflect świecki | ADJ;ACC(PL,MASC,HUM)	świeckich
Inflect świecki | ADJ;ACC(PL)	świeckie
Inflect świecki | ADJ;ACC(SG,NEUT)	świeckie
Inflect świecki | ADJ;NOM(PL)	świeckie
Inflect świecki | ADJ;GEN(SG,MASC)	świeckiego
Inflect świecki | ADJ;DAT(SG,FEM)	świeckiej
Inflect świecki | ADJ;ESS(SG,FEM)	świeckiej
Inflect świecki | ADJ;ESS(SG,MASC)	świeckim
Inflect świecki | ADJ;INS(SG,MASC)	świeckim
Inflect świecki | ADJ;INS(SG,NEUT)	świeckim
Inflect świecki | ADJ;INS(PL)	świeckimi
Inflect bizmut | N;ESS(SG)	bizmucie
Inflect bizmut | N;INS(SG)	bizmutem
Inflect bizmut | N;ACC(SG)	bizmut
Inflect bizmut | N;NOM(SG)	bizmut
Inflect bizmut | N;GEN(SG)	bizmutu
Inflect karton | N;ESS(PL)	kartonach
Inflect karton | N;ESS(SG)	kartonie
Inflect karton | N;VOC(SG)	kartonie
Inflect karton | N;ACC(SG)	karton
Inflect karton | N;DAT(SG)	kartonowi
Inflect karton | N;GEN(PL)	kartonów
Inflect karton | N;GEN(SG)	kartonu
Inflect karton | N;NOM(PL)	kartony
Inflect karton | N;VOC(PL)	kartony
Inflect wykałaczka | N;DAT(SG)	wykałaczce
Inflect wykałaczka | N;ESS(SG)	wykałaczce
Inflect wykałaczka | N;GEN(PL)	wykałaczek
Inflect wykałaczka | N;INS(PL)	wykałaczkami
Inflect wykałaczka | N;INS(SG)	wykałaczką
Inflect wykałaczka | N;NOM(SG)	wykałaczka
Inflect wykałaczka | N;NOM(PL)	wykałaczki
Inflect wykałaczka | N;VOC(PL)	wykałaczki
Inflect wykałaczka | N;VOC(SG)	wykałaczko
Inflect osad | N;INS(SG)	osadem
Inflect absurdyzm | N;INS(SG)	absurdyzmem
Inflect absurdyzm | N;NOM(SG)	absurdyzm
Inflect absurdyzm | N;DAT(SG)	absurdyzmowi
Inflect absurdyzm | N;GEN(SG)	absurdyzmu
Inflect migrena | N;ESS(PL)	migrenach
Inflect migrena | N;INS(PL)	migrenami
Inflect migrena | N;INS(SG)	migreną
Inflect migrena | N;NOM(SG)	migrena
Inflect migrena | N;ACC(SG)	migrenę
Inflect migrena | N;GEN(PL)	migren
Inflect migrena | N;DAT(PL)	migrenom
Inflect migrena | N;ACC(PL)	migreny
Inflect migrena | N;GEN(SG)	migreny
Inflect migrena | N;NOM(PL)	migreny
Inflect migrena | N;VOC(PL)	migreny
Inflect prąd | N;INS(PL)	prądami
Inflect prąd | N;INS(SG)	prądem
Inflect prąd | N;DAT(SG)	prądowi
Inflect prąd | N;ACC(PL)	prądy
Inflect prąd | N;NOM(PL)	prądy
Inflect prąd | N;VOC(PL)	prądy
Inflect prąd | N;ESS(SG)	prądzie
Inflect prąd | N;VOC(SG)	prądzie
Inflect zazdrościć | V;FUT;3;PL;MASC;HUM	będą zazdrościli
Inflect zazdrościć | V;FUT;1;SG;FEM	będę zazdrościła
Inflect zazdrościć | V;FUT;2;PL	będziecie zazdrościły
Inflect zazdrościć | V;FUT;1;PL;MASC;HUM	będziemy zazdrościli
Inflect zazdrościć | V;FUT;2;SG;FEM	będziesz zazdrościła
Inflect zazdrościć | V;FUT;3;SG;FEM	będzie zazdrościła
Inflect zazdrościć | V;FUT;3;SG;MASC	będzie zazdrościł
Inflect zazdrościć | V;IMP;2;PL	zazdrośćcie
Inflect zazdrościć | V;PRS;2;PL	zazdrościcie
Inflect zazdrościć | V;COND;1;SG;FEM	zazdrościłabym
Inflect zazdrościć | V;COND;2;SG;FEM	zazdrościłabyś
Inflect zazdrościć | V;COND;3;SG;FEM	zazdrościłaby
Inflect zazdrościć | V;PST;2;SG;FEM	zazdrościłaś
Inflect zazdrościć | V;PST;3;SG;FEM	zazdrościła
Inflect zazdrościć | V;COND;1;SG;MASC	zazdrościłbym
Inflect zazdrościć | V;COND;3;SG;MASC	zazdrościłby
Inflect zazdrościć | V;COND;2;PL;MASC;HUM	zazdrościlibyście
Inflect zazdrościć | V;COND;1;PL;MASC;HUM	zazdrościlibyśmy
Inflect zazdrościć | V;COND;3;PL;MASC;HUM	zazdrościliby
Inflect zazdrościć | V;PST;1;PL;MASC;HUM	zazdrościliśmy
Inflect zazdrościć | V;PST;3;PL;MASC;HUM	zazdrościli
Inflect zazdrościć | V;COND;2;PL	zazdrościłybyście
Inflect zazdrościć | V;COND;1;PL	zazdrościłybyśmy
Inflect zazdrościć | V;COND;3;PL	zazdrościłyby
Inflect zazdrościć | V;PST;2;PL	zazdrościłyście
Inflect zazdrościć | V;PST;1;PL	zazdrościłyśmy
Inflect zazdrościć | V;PST;3;PL	zazdrościły
Inflect zazdrościć | V;PRS;2;SG	zazdrościsz
Inflect zazdrościć | V;IMP;2;SG	zazdrość
Inflect zazdrościć | V.PTCP;PST;ACT;PL	zazdroszczące
Inflect zazdrościć | V.PTCP;PST;ACT;SG;NEUT	zazdroszczące
Inflect zazdrościć | V.PTCP;PST;ACT;PL;MASC;HUM	zazdroszczący
Inflect zazdrościć | V.PTCP;PST;ACT;SG;MASC	zazdroszczący
Inflect zazdrościć | V;PRS;3;PL	zazdroszczą
Inflect zazdrościć | V.MSDR	zazdroszczenie
Inflect zazdrościć | V;PRS;1;SG	zazdroszczę
Inflect zazdrościć | V.PTCP;PST;PASS	zazdroszczono
Inflect nietrzymanie moczu | N;GEN(SG)	nietrzymania moczu
Inflect nietrzymanie moczu | N;INS(SG)	nietrzymaniem moczu
Inflect nietrzymanie moczu | N;ACC(SG)	nietrzymanie moczu
Inflect nietrzymanie moczu | N;VOC(SG)	nietrzymanie moczu
Inflect nietrzymanie moczu | N;DAT(SG)	nietrzymaniu moczu
Inflect następnik | N;ESS(PL)	następnikach
Inflect następnik | N;INS(PL)	następnikami
Inflect następnik | N;GEN(SG)	następnika
Inflect następnik | N;INS(SG)	następnikiem
Inflect następnik | N;ACC(PL)	następniki
Inflect następnik | N;NOM(PL)	następniki
Inflect następnik | N;VOC(PL)	następniki
Inflect następnik | N;NOM(SG)	następnik
Inflect następnik | N;DAT(PL)	następnikom
Inflect następnik | N;GEN(PL)	następników
Inflect następnik | N;VOC(SG)	następniku
Inflect czysta | N;INS(SG)	czystą
Inflect czysta | N;NOM(SG)	czysta
Inflect czysta | N;VOC(SG)	czysta
Inflect czysta | N;DAT(SG)	czystej
Inflect czysta | N;GEN(SG)	czystej
Inflect czysta | N;ACC(PL)	czyste
Inflect czysta | N;NOM(PL)	czyste
Inflect czysta | N;ESS(PL)	czystych
Inflect czysta | N;GEN(PL)	czystych
Inflect wzór | N;INS(PL)	wzorami
Inflect wzór | N;INS(SG)	wzorem
Inflect wzór | N;NOM(SG)	wzór
Inflect wzór | N;DAT(SG)	wzorowi
Inflect wzór | N;GEN(PL)	wzorów
Inflect wzór | N;GEN(SG)	wzoru
Inflect wzór | N;ACC(PL)	wzory
Inflect wzór | N;NOM(PL)	wzory
Inflect wzór | N;VOC(PL)	wzory
Inflect wzór | N;VOC(SG)	wzorze
Inflect obelga | N;DAT(SG)	obeldze
Inflect obelga | N;ESS(PL)	obelgach
Inflect obelga | N;INS(SG)	obelgą
Inflect obelga | N;NOM(SG)	obelga
Inflect obelga | N;GEN(SG)	obelgi
Inflect obelga | N;VOC(PL)	obelgi
Inflect obelga | N;GEN(PL)	obelg
Inflect obelga | N;DAT(PL)	obelgom
Inflect chwilowy | ADJ;ACC(SG,FEM)	chwilową
Inflect chwilowy | ADJ;INS(SG,FEM)	chwilową
Inflect chwilowy | ADJ;NOM(SG,FEM)	chwilowa
Inflect chwilowy | ADJ;ACC(SG,NEUT)	chwilowe
Inflect chwilowy | ADJ;NOM(PL)	chwilowe
Inflect chwilowy | ADJ;ACC(SG,MASC,ANIM)	chwilowego
Inflect chwilowy | ADJ;GEN(SG,MASC)	chwilowego
Inflect chwilowy | ADJ;ACC(SG,MASC,HUM)	chwilowego
Inflect chwilowy | ADJ;DAT(SG,FEM)	chwilowej
Inflect chwilowy | ADJ;ESS(SG,FEM)	chwilowej
Inflect chwilowy | ADJ;GEN(SG,FEM)	chwilowej
Inflect chwilowy | ADJ;DAT(SG,MASC)	chwilowemu
Inflect chwilowy | ADJ;NOM(PL,MASC,HUM)	chwilowi
Inflect chwilowy | ADJ;ACC(SG,MASC,INAN)	chwilowy
Inflect chwilowy | ADJ;NOM(SG,MASC)	chwilowy
Inflect chwilowy | ADJ;GEN(PL)	chwilowych
Inflect chwilowy | ADJ;ACC(PL,MASC,HUM)	chwilowych
Inflect chwilowy | ADJ;DAT(PL)	chwilowym
Inflect chwilowy | ADJ;ESS(SG,MASC)	chwilowym
Inflect chwilowy | ADJ;INS(SG,MASC)	chwilowym
Inflect chwilowy | ADJ;ESS(SG,NEUT)	chwilowym
Inflect kompakt | N;ESS(SG)	kompakcie
Inflect kompakt | N;VOC(SG)	kompakcie
Inflect kompakt | N;INS(SG)	kompaktem
Inflect kompakt | N;NOM(SG)	kompakt
Inflect kompakt | N;DAT(PL)	kompaktom
Inflect kompakt | N;DAT(SG)	kompaktowi
Inflect kompakt | N;GEN(PL)	kompaktów
Inflect kompakt | N;GEN(SG)	kompaktu
Inflect kompakt | N;ACC(PL)	kompakty
Inflect kompakt | N;VOC(PL)	kompakty
Inflect owieczka | N;DAT(SG)	owieczce
Inflect owieczka | N;ESS(PL)	owieczkach
Inflect owieczka | N;INS(PL)	owieczkami
Inflect owieczka | N;INS(SG)	owieczką
Inflect owieczka | N;NOM(SG)	owieczka
Inflect owieczka | N;ACC(SG)	owieczkę
Inflect owieczka | N;ACC(PL)	owieczki
Inflect owieczka | N;NOM(PL)	owieczki
Inflect owieczka | N;VOC(PL)	owieczki
Inflect owieczka | N;VOC(SG)	owieczko
Inflect łuk | N;INS(SG)	łukiem
Inflect remake | N;ESS(PL)	remake'ach
Inflect remake | N;INS(PL)	remake'ami
Inflect remake | N;ACC(SG)	remake
Inflect remake | N;NOM(SG)	remake
Inflect remake | N;GEN(PL)	remake'ów
Inflect remake | N;VOC(SG)	remake'u
Inflect remake | N;ACC(PL)	remaki
Inflect remake | N;NOM(PL)	remaki
Inflect remake | N;VOC(PL)	remaki
Inflect jasnoszary | ADJ;ACC(SG,FEM)	jasnoszarą
Inflect jasnoszary | ADJ;INS(SG,FEM)	jasnoszarą
Inflect jasnoszary | ADJ;NOM(SG,FEM)	jasnoszara
Inflect jasnoszary | ADJ;ACC(SG,NEUT)	jasnoszare
Inflect jasnoszary | ADJ;NOM(SG,NEUT)	jasnoszare
Inflect jasnoszary | ADJ;NOM(PL)	jasnoszare
Inflect jasnoszary | ADJ;ACC(SG,MASC,ANIM)	jasnoszarego
Inflect jasnoszary | ADJ;GEN(SG,MASC)	jasnoszarego
Inflect jasnoszary | ADJ;GEN(SG,NEUT)	jasnoszarego
Inflect jasnoszary | ADJ;DAT(SG,FEM)	jasnoszarej
Inflect jasnoszary | ADJ;ESS(SG,FEM)	jasnoszarej
Inflect jasnoszary | ADJ;GEN(SG,FEM)	jasnoszarej
Inflect jasnoszary | ADJ;DAT(SG,NEUT)	jasnoszaremu
Inflect jasnoszary | ADJ;ACC(SG,MASC,INAN)	jasnoszary
Inflect jasnoszary | ADJ;NOM(SG,MASC)	jasnoszary
Inflect jasnoszary | ADJ;ESS(PL)	jasnoszarych
Inflect jasnoszary | ADJ;GEN(PL)	jasnoszarych
Inflect jasnoszary | ADJ;ACC(PL,MASC,HUM)	jasnoszarych
Inflect jasnoszary | ADJ;DAT(PL)	jasnoszarym
Inflect jasnoszary | ADJ;INS(SG,MASC)	jasnoszarym
Inflect jasnoszary | ADJ;INS(PL)	jasnoszarymi
Inflect jasnoszary | ADJ;NOM(PL,MASC,HUM)	jasnoszarzy
Inflect obsydian | N;INS(SG)	obsydianem
Inflect obsydian | N;ESS(SG)	obsydianie
Inflect obsydian | N;VOC(SG)	obsydianie
Inflect obsydian | N;ACC(SG)	obsydian
Inflect obsydian | N;NOM(SG)	obsydian
Inflect obsydian | N;DAT(PL)	obsydianom
Inflect obsydian | N;DAT(SG)	obsydianowi
Inflect obsydian | N;GEN(PL)	obsydianów
Inflect obsydian | N;GEN(SG)	obsydianu
Inflect obsydian | N;NOM(PL)	obsydiany
Inflect obsydian | N;VOC(PL)	obsydiany
Inflect przemienny | ADJ;NOM(SG,FEM)	przemienna
Inflect przemienny | ADJ;ACC(PL)	przemienne
Inflect przemienny | ADJ;ACC(SG,NEUT)	przemienne
Inflect przemienny | ADJ;NOM(SG,NEUT)	przemienne
Inflect przemienny | ADJ;NOM(PL)	przemienne
Inflect przemienny | ADJ;ACC(SG,MASC,ANIM)	przemiennego
Inflect przemienny | ADJ;GEN(SG,MASC)	przemiennego
Inflect przemienny | ADJ;ACC(SG,MASC,HUM)	przemiennego
Inflect przemienny | ADJ;ESS(SG,FEM)	przemiennej
Inflect przemienny | ADJ;GEN(SG,FEM)	przemiennej
Inflect przemienny | ADJ;DAT(SG,MASC)	przemiennemu
Inflect przemienny | ADJ;DAT(SG,NEUT)	przemiennemu
Inflect przemienny | ADJ;NOM(SG,MASC)	przemienny
Inflect przemienny | ADJ;ESS(PL)	przemiennych
Inflect przemienny | ADJ;GEN(PL)	przemiennych
Inflect przemienny | ADJ;ACC(PL,MASC,HUM)	przemiennych
Inflect przemienny | ADJ;DAT(PL)	przemiennym
Inflect przemienny | ADJ;ESS(SG,MASC)	przemiennym
Inflect przemienny | ADJ;INS(SG,MASC)	przemiennym
Inflect przemienny | ADJ;ESS(SG,NEUT)	przemiennym
Inflect przemienny | ADJ;INS(SG,NEUT)	przemiennym
Inflect przemienny | ADJ;INS(PL)	przemiennymi
Inflect hipopotam | N;ESS(PL)	hipopotamach
Inflect hipopotam | N;INS(PL)	hipopotamami
Inflect hipopotam | N;ACC(SG)	hipopotama
Inflect hipopotam | N;GEN(SG)	hipopotama
Inflect hipopotam | N;INS(SG)	hipopotamem
Inflect hipopotam | N;VOC(SG)	hipopotamie
Inflect hipopotam | N;DAT(PL)	hipopotamom
Inflect hipopotam | N;DAT(SG)	hipopotamowi
Inflect hipopotam | N;GEN(PL)	hipopotamów
Inflect hipopotam | N;ACC(PL)	hipopotamy
Inflect hipopotam | N;NOM(PL)	hipopotamy
Inflect hipopotam | N;VOC(PL)	hipopotamy
Inflect maj | N;ESS(SG)	maju
Inflect kłak | N;INS(PL)	kłakami
Inflect kłak | N;GEN(SG)	kłaka
Inflect kłak | N;ACC(PL)	kłaki
Inflect kłak | N;NOM(PL)	kłaki
Inflect kłak | N;NOM(SG)	kłak
Inflect kłak | N;DAT(PL)	kłakom
Inflect kłak | N;DAT(SG)	kłakowi
Inflect kłak | N;ESS(SG)	kłaku
Inflect kłak | N;VOC(SG)	kłaku
Inflect kajdanki | N;GEN(SG)	kajdanek
Inflect kajdanki | N;ESS(SG)	kajdankach
Inflect kajdanki | N;INS(SG)	kajdankami
Inflect kajdanki | N;ACC(SG)	kajdanki
Inflect kajdanki | N;NOM(SG)	kajdanki
Inflect kajdanki | N;VOC(SG)	kajdanki
Inflect łodzik | N;DAT(SG)	łodzikowi
Inflect dupek | N;NOM(SG)	dupek
Inflect dupek | N;INS(PL)	dupkami
Inflect dupek | N;ACC(SG)	dupka
Inflect dupek | N;GEN(SG)	dupka
Inflect dupek | N;INS(SG)	dupkiem
Inflect dupek | N;ACC(PL)	dupki
Inflect dupek | N;VOC(PL)	dupki
Inflect dupek | N;DAT(SG)	dupkowi
Inflect dupek | N;GEN(PL)	dupków
Inflect dupek | N;VOC(SG)	dupku
Inflect teatralny | ADJ;ACC(SG,FEM)	teatralną
Inflect teatralny | ADJ;NOM(SG,FEM)	teatralna
Inflect teatralny | ADJ;ACC(PL)	teatralne
Inflect teatralny | ADJ;ACC(SG,NEUT)	teatralne
Inflect teatralny | ADJ;NOM(SG,NEUT)	teatralne
Inflect teatralny | ADJ;NOM(PL)	teatralne
Inflect teatralny | ADJ;ACC(SG,MASC,ANIM)	teatralnego
Inflect teatralny | ADJ;GEN(SG,MASC)	teatralnego
Inflect teatralny | ADJ;ACC(SG,MASC,HUM)	teatralnego
Inflect teatralny | ADJ;GEN(SG,NEUT)	teatralnego
Inflect teatralny | ADJ;DAT(SG,FEM)	teatralnej
Inflect teatralny | ADJ;ESS(SG,FEM)	teatralnej
Inflect teatralny | ADJ;GEN(SG,FEM)	teatralnej
Inflect teatralny | ADJ;DAT(SG,NEUT)	teatralnemu
Inflect teatralny | ADJ;ACC(SG,MASC,INAN)	teatralny
Inflect teatralny | ADJ;ESS(PL)	teatralnych
Inflect teatralny | ADJ;GEN(PL)	teatralnych
Inflect teatralny | ADJ;ACC(PL,MASC,HUM)	teatralnych
Inflect teatralny | ADJ;DAT(PL)	teatralnym
Inflect teatralny | ADJ;INS(SG,MASC)	teatralnym
Inflect teatralny | ADJ;ESS(SG,NEUT)	teatralnym
Inflect teatralny | ADJ;INS(SG,NEUT)	teatralnym
Inflect teatralny | ADJ;INS(PL)	teatralnymi
Inflect egocentryzm | N;INS(SG)	egocentryzmem
Inflect egocentryzm | N;ESS(SG)	egocentryzmie
Inflect egocentryzm | N;VOC(SG)	egocentryzmie
Inflect egocentryzm | N;ACC(SG)	egocentryzm
Inflect egocentryzm | N;NOM(SG)	egocentryzm
Inflect egocentryzm | N;DAT(SG)	egocentryzmowi
Inflect egocentryzm | N;GEN(SG)	egocentryzmu
Inflect cygaro | N;ESS(PL)	cygarach
Inflect cygaro | N;INS(PL)	cygarami
Inflect cygaro | N;ACC(PL)	cygara
Inflect cygaro | N;NOM(PL)	cygara
Inflect cygaro | N;VOC(PL)	cygara
Inflect cygaro | N;ACC(SG)	cygaro
Inflect cygaro | N;NOM(SG)	cygaro
Inflect cygaro | N;VOC(SG)	cygaro
Inflect cygaro | N;DAT(SG)	cygaru
Inflect zbiór | N;ESS(PL)	zbiorach
Inflect zbiór | N;INS(PL)	zbiorami
Inflect zbiór | N;ACC(SG)	zbiór
Inflect zbiór | N;NOM(SG)	zbiór
Inflect zbiór | N;DAT(SG)	zbiorowi
Inflect zbiór | N;GEN(SG)	zbioru
Inflect zbiór | N;VOC(PL)	zbiory
Inflect zbiór | N;VOC(SG)	zbiorze
Inflect łożysko | N;GEN(PL)	łożysek
Inflect łożysko | N;ESS(PL)	łożyskach
Inflect łożysko | N;INS(PL)	łożyskami
Inflect łożysko | N;ACC(PL)	łożyska
Inflect łożysko | N;GEN(SG)	łożyska
Inflect łożysko | N;NOM(PL)	łożyska
Inflect łożysko | N;VOC(PL)	łożyska
Inflect łożysko | N;DAT(PL)	łożyskom
Inflect łożysko | N;ACC(SG)	łożysko
Inflect łożysko | N;NOM(SG)	łożysko
Inflect łożysko | N;VOC(SG)	łożysko
Inflect łożysko | N;DAT(SG)	łożysku
Inflect łożysko | N;ESS(SG)	łożysku
Inflect zrobić | V;IMP;3;PL	niech zrobią
Inflect zrobić | V;IMP;2;PL	zróbcie
Inflect zrobić | V;FUT;3;PL	zrobią
Inflect zrobić | V;NFIN	zrobić
Inflect zrobić | V.MSDR	zrobienie
Inflect zrobić | V.PTCP;PST;PASS;PL;MASC;HUM	zrobieni
Inflect zrobić | V;FUT;1;SG	zrobię
Inflect zrobić | V;COND;1;SG;FEM	zrobiłabym
Inflect zrobić | V;COND;3;SG;FEM	zrobiłaby
Inflect zrobić | V;PST;1;SG;FEM	zrobiłam
Inflect zrobić | V;PST;2;SG;FEM	zrobiłaś
Inflect zrobić | V;PST;3;SG;FEM	zrobiła
Inflect zrobić | V;COND;1;SG;MASC	zrobiłbym
Inflect zrobić | V;COND;2;SG;MASC	zrobiłbyś
Inflect zrobić | V;PST;1;SG;MASC	zrobiłem
Inflect zrobić | V;PST;2;SG;MASC	zrobiłeś
Inflect zrobić | V;COND;2;PL;MASC;HUM	zrobilibyście
Inflect zrobić | V;PST;2;PL;MASC;HUM	zrobiliście
Inflect zrobić | V;COND;3;SG;NEUT	zrobiłoby
Inflect zrobić | V;PST;3;SG;NEUT	zrobiło
Inflect zrobić | V;COND;1;PL	zrobiłybyśmy
Inflect zrobić | V;COND;3;PL	zrobiłyby
Inflect zrobić | V;PST;2;PL	zrobiłyście
Inflect zrobić | V;PST;3;PL	zrobiły
Inflect zrobić | V.PTCP;PST;PASS;SG;FEM	zrobiona
Inflect zrobić | V.PTCP;PST;PASS;PL	zrobione
Inflect zrobić | V.PTCP;PST;PASS;SG;NEUT	zrobione
Inflect zrobić | V.PTCP;PST;PASS	zrobiono
Inflect zrobić | V.PTCP;PST;PASS;SG;MASC	zrobiony
Inflect zrobić | V;FUT;3;SG	zrobi
Inflect zrobić | V;IMP;1;PL	zróbmy
Inflect zrobić | V;IMP;2;SG	zrób
Inflect duński | ADJ;NOM(PL,MASC,HUM)	duńscy
Inflect duński | ADJ;ACC(SG,FEM)	duńską
Inflect duński | ADJ;INS(SG,FEM)	duńską
Inflect duński | ADJ;ACC(SG,MASC,INAN)	duński
Inflect duński | ADJ;NOM(SG,MASC)	duński
Inflect duński | ADJ;ESS(PL)	duńskich
Inflect duński | ADJ;GEN(PL)	duńskich
Inflect duński | ADJ;ACC(PL)	duńskie
Inflect duński | ADJ;NOM(SG,NEUT)	duńskie
Inflect duński | ADJ;NOM(PL)	duńskie
Inflect duński | ADJ;GEN(SG,MASC)	duńskiego
Inflect duński | ADJ;ACC(SG,MASC,HUM)	duńskiego
Inflect duński | ADJ;GEN(SG,NEUT)	duńskiego
Inflect duński | ADJ;DAT(SG,FEM)	duńskiej
Inflect duński | ADJ;ESS(SG,FEM)	duńskiej
Inflect duński | ADJ;GEN(SG,FEM)	duńskiej
Inflect duński | ADJ;DAT(SG,NEUT)	duńskiemu
Inflect duński | ADJ;INS(SG,MASC)	duńskim
Inflect duński | ADJ;INS(SG,NEUT)	duńskim
Inflect bolesny | ADJ;INS(SG,FEM)	bolesną
Inflect bolesny | ADJ;NOM(SG,FEM)	bolesna
Inflect bolesny | ADJ;ACC(PL)	bolesne
Inflect bolesny | ADJ;ACC(SG,NEUT)	bolesne
Inflect bolesny | ADJ;NOM(SG,NEUT)	bolesne
Inflect bolesny | ADJ;NOM(PL)	bolesne
Inflect bolesny | ADJ;ACC(SG,MASC,ANIM)	bolesnego
Inflect bolesny | ADJ;GEN(SG,MASC)	bolesnego
Inflect bolesny | ADJ;ACC(SG,MASC,HUM)	bolesnego
Inflect bolesny | ADJ;DAT(SG,FEM)	bolesnej
Inflect bolesny | ADJ;ESS(SG,FEM)	bolesnej
Inflect bolesny | ADJ;GEN(SG,FEM)	bolesnej
Inflect bolesny | ADJ;DAT(SG,MASC)	bolesnemu
Inflect bolesny | ADJ;NOM(PL,MASC,HUM)	boleśni
Inflect bolesny | ADJ;ACC(SG,MASC,INAN)	bolesny
Inflect bolesny | ADJ;NOM(SG,MASC)	bolesny
Inflect bolesny | ADJ;ESS(PL)	bolesnych
Inflect bolesny | ADJ;DAT(PL)	bolesnym
Inflect bolesny | ADJ;ESS(SG,MASC)	bolesnym
Inflect bolesny | ADJ;INS(SG,MASC)	bolesnym
Inflect bolesny | ADJ;INS(SG,NEUT)	bolesnym
Inflect bolesny | ADJ;INS(PL)	bolesnymi
Inflect opał | N;GEN(SG)	opału
Inflect różniczkowalny | ADJ;INS(SG,FEM)	różniczkowalną
Inflect różniczkowalny | ADJ;NOM(SG,FEM)	różniczkowalna
Inflect różniczkowalny | ADJ;ACC(PL)	różniczkowalne
Inflect różniczkowalny | ADJ;ACC(SG,NEUT)	różniczkowalne
Inflect różniczkowalny | ADJ;NOM(SG,NEUT)	różniczkowalne
Inflect różniczkowalny | ADJ;ACC(SG,MASC,ANIM)	różniczkowalnego
Inflect różniczkowalny | ADJ;ACC(SG,MASC,HUM)	różniczkowalnego
Inflect różniczkowalny | ADJ;ESS(SG,FEM)	różniczkowalnej
Inflect różniczkowalny | ADJ;GEN(SG,FEM)	różniczkowalnej
Inflect różniczkowalny | ADJ;DAT(SG,MASC)	różniczkowalnemu
Inflect różniczkowalny | ADJ;NOM(SG,MASC)	różniczkowalny
Inflect różniczkowalny | ADJ;ESS(PL)	różniczkowalnych
Inflect różniczkowalny | ADJ;GEN(PL)	różniczkowalnych
Inflect różniczkowalny | ADJ;ACC(PL,MASC,HUM)	różniczkowalnych
Inflect różniczkowalny | ADJ;ESS(SG,MASC)	różniczkowalnym
Inflect różniczkowalny | ADJ;INS(SG,MASC)	różniczkowalnym
Inflect różniczkowalny | ADJ;ESS(SG,NEUT)	różniczkowalnym
Inflect różniczkowalny | ADJ;INS(PL)	różniczkowalnymi
Inflect pracownia | N;INS(SG)	pracownią
Inflect pracownia | N;NOM(SG)	pracownia
Inflect pracownia | N;ACC(PL)	pracownie
Inflect pracownia | N;VOC(PL)	pracownie
Inflect pracownia | N;DAT(SG)	pracowni
Inflect pracownia | N;ESS(SG)	pracowni
Inflect pracownia | N;GEN(PL)	pracowni
Inflect pracownia | N;GEN(SG)	pracowni
Inflect pracownia | N;DAT(PL)	pracowniom
Inflect pracownia | N;VOC(SG)	pracownio
Inflect zefir | N;ESS(PL)	zefirach
Inflect zefir | N;INS(PL)	zefirami
Inflect zefir | N;INS(SG)	zefirem
Inflect zefir | N;NOM(SG)	zefir
Inflect zefir | N;DAT(SG)	zefirowi
Inflect zefir | N;GEN(SG)	zefiru
Inflect zefir | N;ACC(PL)	zefiry
Inflect zefir | N;ESS(SG)	zefirze
Inflect zefir | N;VOC(SG)	zefirze
Inflect akt | N;ESS(SG)	akcie
Inflect akt | N;VOC(SG)	akcie
Inflect akt | N;ESS(PL)	aktach
Inflect akt | N;INS(PL)	aktami
Inflect akt | N;INS(SG)	aktem
Inflect akt | N;ACC(SG)	akt
Inflect akt | N;NOM(SG)	akt
Inflect akt | N;DAT(PL)	aktom
Inflect akt | N;DAT(SG)	aktowi
Inflect akt | N;GEN(PL)	aktów
Inflect akt | N;GEN(SG)	aktu
Inflect akt | N;NOM(PL)	akty
Inflect akt | N;VOC(PL)	akty
Inflect skalpel | N;ESS(PL)	skalpelach
Inflect skalpel | N;INS(PL)	skalpelami
Inflect skalpel | N;GEN(SG)	skalpela
Inflect skalpel | N;INS(SG)	skalpelem
Inflect skalpel | N;ACC(PL)	skalpele
Inflect skalpel | N;NOM(PL)	skalpele
Inflect skalpel | N;GEN(PL)	skalpeli
Inflect skalpel | N;ACC(SG)	skalpel
Inflect skalpel | N;DAT(PL)	skalpelom
Inflect skalpel | N;DAT(SG)	skalpelowi
Inflect skalpel | N;VOC(SG)	skalpelu
Inflect skamieniałość | N;INS(SG)	skamieniałością
Inflect skamieniałość | N;ACC(PL)	skamieniałości
Inflect skamieniałość | N;DAT(SG)	skamieniałości
Inflect skamieniałość | N;ESS(SG)	skamieniałości
Inflect skamieniałość | N;GEN(PL)	skamieniałości
Inflect skamieniałość | N;GEN(SG)	skamieniałości
Inflect skamieniałość | N;VOC(PL)	skamieniałości
Inflect skamieniałość | N;DAT(PL)	skamieniałościom
Inflect skamieniałość | N;ACC(SG)	skamieniałość
Inflect skamieniałość | N;NOM(SG)	skamieniałość
Inflect naradka | N;INS(PL)	naradkami
Inflect naradka | N;INS(SG)	naradką
Inflect naradka | N;ACC(SG)	naradkę
Inflect naradka | N;ACC(PL)	naradki
Inflect naradka | N;GEN(SG)	naradki
Inflect naradka | N;NOM(PL)	naradki
Inflect naradka | N;DAT(PL)	naradkom
Inflect naradka | N;VOC(SG)	naradko
Inflect gej | N;ESS(PL)	gejach
Inflect gej | N;INS(PL)	gejami
Inflect gej | N;GEN(SG)	geja
Inflect gej | N;INS(SG)	gejem
Inflect gej | N;NOM(PL)	geje
Inflect gej | N;VOC(PL)	geje
Inflect gej | N;NOM(SG)	gej
Inflect gej | N;DAT(SG)	gejowi
Inflect gej | N;ACC(PL)	gejów
Inflect gej | N;ESS(SG)	geju
Inflect gej | N;VOC(SG)	geju
Inflect klakson | N;ESS(PL)	klaksonach
Inflect klakson | N;ESS(SG)	klaksonie
Inflect klakson | N;ACC(SG)	klakson
Inflect klakson | N;NOM(SG)	klakson
Inflect klakson | N;DAT(PL)	klaksonom
Inflect klakson | N;GEN(PL)	klaksonów
Inflect klakson | N;ACC(PL)	klaksony
Inflect klakson | N;NOM(PL)	klaksony
Inflect brązówka | N;GEN(PL)	brązówek
Inflect brązówka | N;ESS(PL)	brązówkach
Inflect brązówka | N;INS(SG)	brązówką
Inflect brązówka | N;ACC(SG)	brązówkę
Inflect brązówka | N;GEN(SG)	brązówki
Inflect brązówka | N;NOM(PL)	brązówki
Inflect brązówka | N;VOC(PL)	brązówki
Inflect brązówka | N;DAT(PL)	brązówkom
Inflect brązówka | N;VOC(SG)	brązówko
Inflect bordowy | ADJ;ACC(SG,FEM)	bordową
Inflect bordowy | ADJ;INS(SG,FEM)	bordową
Inflect bordowy | ADJ;NOM(SG,FEM)	bordowa
Inflect bordowy | ADJ;ACC(PL)	bordowe
Inflect bordowy | ADJ;ACC(SG,NEUT)	bordowe
Inflect bordowy | ADJ;ACC(SG,MASC,HUM)	bordowego
Inflect bordowy | ADJ;GEN(SG,NEUT)	bordowego
Inflect bordowy | ADJ;ESS(SG,FEM)	bordowej
Inflect bordowy | ADJ;GEN(SG,FEM)	bordowej
Inflect bordowy | ADJ;DAT(SG,MASC)	bordowemu
Inflect bordowy | ADJ;DAT(SG,NEUT)	bordowemu
Inflect bordowy | ADJ;NOM(PL,MASC,HUM)	bordowi
Inflect bordowy | ADJ;ACC(SG,MASC,INAN)	bordowy
Inflect bordowy | ADJ;NOM(SG,MASC)	bordowy
Inflect bordowy | ADJ;ESS(PL)	bordowych
Inflect bordowy | ADJ;GEN(PL)	bordowych
Inflect bordowy | ADJ;DAT(PL)	bordowym
Inflect bordowy | ADJ;ESS(SG,MASC)	bordowym
Inflect bordowy | ADJ;INS(SG,NEUT)	bordowym
Inflect bordowy | ADJ;INS(PL)	bordowymi
Inflect szukajka | N;DAT(SG)	szukajce
Inflect szukajka | N;ESS(SG)	szukajce
Inflect szukajka | N;ESS(PL)	szukajkach
Inflect szukajka | N;INS(PL)	szukajkami
Inflect szukajka | N;ACC(SG)	szukajkę
Inflect szukajka | N;ACC(PL)	szukajki
Inflect szukajka | N;GEN(SG)	szukajki
Inflect szukajka | N;NOM(PL)	szukajki
Inflect szukajka | N;DAT(PL)	szukajkom
Inflect szukajka | N;VOC(SG)	szukajko
Inflect lisi | ADJ;INS(SG,FEM)	lisią
Inflect lisi | ADJ;NOM(SG,FEM)	lisia
Inflect lisi | ADJ;ESS(PL)	lisich
Inflect lisi | ADJ;ACC(SG,NEUT)	lisie
Inflect lisi | ADJ;NOM(SG,NEUT)	lisie
Inflect lisi | ADJ;NOM(PL)	lisie
Inflect lisi | ADJ;ACC(SG,MASC,ANIM)	lisiego
Inflect lisi | ADJ;GEN(SG,MASC)	lisiego
Inflect lisi | ADJ;GEN(SG,NEUT)	lisiego
Inflect lisi | ADJ;ESS(SG,FEM)	lisiej
Inflect lisi | ADJ;GEN(SG,FEM)	lisiej
Inflect lisi | ADJ;DAT(SG,NEUT)	lisiemu
Inflect lisi | ADJ;DAT(PL)	lisim
Inflect lisi | ADJ;ESS(SG,MASC)	lisim
Inflect lisi | ADJ;INS(SG,MASC)	lisim
Inflect lisi | ADJ;ESS(SG,NEUT)	lisim
Inflect lisi | ADJ;INS(PL)	lisimi
Inflect łuk | N;ACC(PL)	łuki
Inflect niemiecki | ADJ;ACC(SG,FEM)	niemiecką
Inflect niemiecki | ADJ;INS(SG,FEM)	niemiecką
Inflect niemiecki | ADJ;ACC(SG,MASC,INAN)	niemiecki
Inflect niemiecki | ADJ;NOM(SG,MASC)	niemiecki
Inflect niemiecki | ADJ;GEN(PL)	niemieckich
Inflect niemiecki | ADJ;ACC(PL)	niemieckie
Inflect niemiecki | ADJ;ACC(SG,NEUT)	niemieckie
Inflect niemiecki | ADJ;NOM(PL)	niemieckie
Inflect niemiecki | ADJ;ACC(SG,MASC,ANIM)	niemieckiego
Inflect niemiecki | ADJ;GEN(SG,MASC)	niemieckiego
Inflect niemiecki | ADJ;ACC(SG,MASC,HUM)	niemieckiego
Inflect niemiecki | ADJ;DAT(SG,FEM)	niemieckiej
Inflect niemiecki | ADJ;DAT(SG,MASC)	niemieckiemu
Inflect niemiecki | ADJ;DAT(SG,NEUT)	niemieckiemu
Inflect niemiecki | ADJ;DAT(PL)	niemieckim
Inflect niemiecki | ADJ;INS(SG,MASC)	niemieckim
Inflect niemiecki | ADJ;INS(SG,NEUT)	niemieckim
Inflect ślaz | N;ESS(PL)	ślazach
Inflect ślaz | N;INS(PL)	ślazami
Inflect ślaz | N;INS(SG)	ślazem
Inflect ślaz | N;VOC(SG)	ślazie
Inflect ślaz | N;ACC(SG)	ślaz
Inflect ślaz | N;NOM(SG)	ślaz
Inflect ślaz | N;DAT(PL)	ślazom
Inflect ślaz | N;DAT(SG)	ślazowi
Inflect ślaz | N;GEN(PL)	ślazów
Inflect ślaz | N;GEN(SG)	ślazu
Inflect ślaz | N;ACC(PL)	ślazy
Inflect ślaz | N;VOC(PL)	ślazy
Inflect jeżozwierz | N;ESS(PL)	jeżozwierzach
Inflect jeżozwierz | N;INS(PL)	jeżozwierzami
Inflect jeżozwierz | N;GEN(SG)	jeżozwierza
Inflect jeżozwierz | N;VOC(PL)	jeżozwierze
Inflect jeżozwierz | N;NOM(SG)	jeżozwierz
Inflect jeżozwierz | N;DAT(SG)	jeżozwierzowi
Inflect jeżozwierz | N;GEN(PL)	jeżozwierzy
Inflect dopełniacz | N;ESS(PL)	dopełniaczach
Inflect dopełniacz | N;GEN(SG)	dopełniacza
Inflect dopełniacz | N;INS(SG)	dopełniaczem
Inflect dopełniacz | N;NOM(PL)	dopełniacze
Inflect dopełniacz | N;ACC(SG)	dopełniacz
Inflect dopełniacz | N;NOM(SG)	dopełniacz
Inflect dopełniacz | N;DAT(PL)	dopełniaczom
Inflect dopełniacz | N;DAT(SG)	dopełniaczowi
Inflect dopełniacz | N;VOC(SG)	dopełniaczu
Inflect dopełniacz | N;GEN(PL)	dopełniaczy
Inflect gwałcić | V;FUT;3;PL;MASC;HUM	będą gwałcili
Inflect gwałcić | V;FUT;3;PL	będą gwałciły
Inflect gwałcić | V;FUT;1;SG;FEM	będę gwałciła
Inflect gwałcić | V;FUT;2;PL	będziecie gwałciły
Inflect gwałcić | V;FUT;3;SG;FEM	będzie gwałciła
Inflect gwałcić | V;FUT;3;SG;NEUT	będzie gwałciło
Inflect gwałcić | V;FUT;3;SG;MASC	będzie gwałcił
Inflect gwałcić | V;FUT;1;PL;MASC;HUM	będziemy gwałcili
Inflect gwałcić | V;FUT;2;SG;FEM	będziesz gwałciła
Inflect gwałcić | V;FUT;2;SG;MASC	będziesz gwałcił
Inflect gwałcić | V.PTCP;PST;ACT;SG;FEM	gwałcąca
Inflect gwałcić | V.PTCP;PST;ACT;PL	gwałcące
Inflect gwałcić | V.PTCP;PST;ACT;SG;NEUT	gwałcące
Inflect gwałcić | V.PTCP;PST;ACT;PL;MASC;HUM	gwałcący
Inflect gwałcić | V.PTCP;PST;ACT;SG;MASC	gwałcący
Inflect gwałcić | V;IMP;2;PL	gwałćcie
Inflect gwałcić | V.MSDR	gwałcenie
Inflect gwałcić | V.PTCP;PST;PASS;PL;MASC;HUM	gwałceni
Inflect gwałcić | V;PRS;1;SG	gwałcę
Inflect gwałcić | V;PRS;2;PL	gwałcicie
Inflect gwałcić | V;NFIN	gwałcić
Inflect gwałcić | V;COND;1;SG;FEM	gwałciłabym
Inflect gwałcić | V;COND;3;SG;FEM	gwałciłaby
Inflect gwałcić | V;PST;1;SG;FEM	gwałciłam
Inflect gwałcić | V;PST;2;SG;FEM	gwałciłaś
Inflect gwałcić | V;PST;3;SG;FEM	gwałciła
Inflect gwałcić | V;COND;1;SG;MASC	gwałciłbym
Inflect gwałcić | V;COND;2;SG;MASC	gwałciłbyś
Inflect gwałcić | V;COND;3;SG;MASC	gwałciłby
Inflect gwałcić | V;COND;2;PL;MASC;HUM	gwałcilibyście
Inflect gwałcić | V;COND;1;PL;MASC;HUM	gwałcilibyśmy
Inflect gwałcić | V;COND;3;PL;MASC;HUM	gwałciliby
Inflect gwałcić | V;PST;1;PL;MASC;HUM	gwałciliśmy
Inflect gwałcić | V;COND;3;SG;NEUT	gwałciłoby
Inflect gwałcić | V;PST;3;SG;NEUT	gwałciło
Inflect gwałcić | V;COND;2;PL	gwałciłybyście
Inflect gwałcić | V;COND;1;PL	gwałciłybyśmy
Inflect gwałcić | V;PST;2;PL	gwałciłyście
Inflect gwałcić | V;PST;3;PL	gwałciły
Inflect gwałcić | V;PRS;1;PL	gwałcimy
Inflect gwałcić | V;PRS;3;SG	gwałci
Inflect gwałcić | V;IMP;1;PL	gwałćmy
Inflect gwałcić | V.PTCP;PST;PASS;SG;FEM	gwałcona
Inflect gwałcić | V.PTCP;PST;PASS;PL	gwałcone
Inflect gwałcić | V.PTCP;PST;PASS;SG;NEUT	gwałcone
Inflect gwałcić | V.PTCP;PST;PASS;SG;MASC	gwałcony
Inflect gwałcić | V;IMP;2;SG	gwałć
Inflect napad | N;ACC(SG)	napad
Inflect napad | N;NOM(SG)	napad
Inflect napad | N;DAT(SG)	napadowi
Inflect napad | N;GEN(SG)	napadu
Inflect napad | N;ACC(PL)	napady
Inflect napad | N;NOM(PL)	napady
Inflect napad | N;VOC(PL)	napady
Inflect napad | N;ESS(SG)	napadzie
Inflect napad | N;VOC(SG)	napadzie
Inflect czytelniejszy | ADJ;NOM(PL,MASC,HUM)	czytelniejsi
Inflect czytelniejszy | ADJ;INS(SG,FEM)	czytelniejszą
Inflect czytelniejszy | ADJ;NOM(SG,FEM)	czytelniejsza
Inflect czytelniejszy | ADJ;ACC(PL)	czytelniejsze
Inflect czytelniejszy | ADJ;ACC(SG,NEUT)	czytelniejsze
Inflect czytelniejszy | ADJ;ACC(SG,MASC,ANIM)	czytelniejszego
Inflect czytelniejszy | ADJ;GEN(SG,MASC)	czytelniejszego
Inflect czytelniejszy | ADJ;ACC(SG,MASC,HUM)	czytelniejszego
Inflect czytelniejszy | ADJ;GEN(SG,NEUT)	czytelniejszego
Inflect czytelniejszy | ADJ;DAT(SG,FEM)	czytelniejszej
Inflect czytelniejszy | ADJ;ESS(SG,FEM)	czytelniejszej
Inflect czytelniejszy | ADJ;DAT(SG,MASC)	czytelniejszemu
Inflect czytelniejszy | ADJ;DAT(SG,NEUT)	czytelniejszemu
Inflect czytelniejszy | ADJ;ACC(SG,MASC,INAN)	czytelniejszy
Inflect czytelniejszy | ADJ;NOM(SG,MASC)	czytelniejszy
Inflect czytelniejszy | ADJ;ESS(PL)	czytelniejszych
Inflect czytelniejszy | ADJ;GEN(PL)	czytelniejszych
Inflect czytelniejszy | ADJ;ACC(PL,MASC,HUM)	czytelniejszych
Inflect czytelniejszy | ADJ;DAT(PL)	czytelniejszym
Inflect czytelniejszy | ADJ;ESS(SG,MASC)	czytelniejszym
Inflect czytelniejszy | ADJ;INS(SG,MASC)	czytelniejszym
Inflect czytelniejszy | ADJ;ESS(SG,NEUT)	czytelniejszym
Inflect czytelniejszy | ADJ;INS(SG,NEUT)	czytelniejszym
Inflect cukrowy | ADJ;NOM(SG,FEM)	cukrowa
Inflect cukrowy | ADJ;ACC(PL)	cukrowe
Inflect cukrowy | ADJ;ACC(SG,NEUT)	cukrowe
Inflect cukrowy | ADJ;NOM(SG,NEUT)	cukrowe
Inflect cukrowy | ADJ;NOM(PL)	cukrowe
Inflect cukrowy | ADJ;GEN(SG,MASC)	cukrowego
Inflect cukrowy | ADJ;ACC(SG,MASC,HUM)	cukrowego
Inflect cukrowy | ADJ;GEN(SG,NEUT)	cukrowego
Inflect cukrowy | ADJ;DAT(SG,FEM)	cukrowej
Inflect cukrowy | ADJ;GEN(SG,FEM)	cukrowej
Inflect cukrowy | ADJ;DAT(SG,MASC)	cukrowemu
Inflect cukrowy | ADJ;NOM(PL,MASC,HUM)	cukrowi
Inflect cukrowy | ADJ;ACC(SG,MASC,INAN)	cukrowy
Inflect cukrowy | ADJ;NOM(SG,MASC)	cukrowy
Inflect cukrowy | ADJ;GEN(PL)	cukrowych
Inflect cukrowy | ADJ;ACC(PL,MASC,HUM)	cukrowych
Inflect cukrowy | ADJ;DAT(PL)	cukrowym
Inflect cukrowy | ADJ;ESS(SG,MASC)	cukrowym
Inflect cukrowy | ADJ;ESS(SG,NEUT)	cukrowym
Inflect cukrowy | ADJ;INS(SG,NEUT)	cukrowym
Inflect cukrowy | ADJ;INS(PL)	cukrowymi
Inflect chełpić się | V;FUT;1;SG;FEM	będę chełpiła
Inflect chełpić się | V;FUT;3;SG;FEM	będzie chełpiła
Inflect chełpić się | V;FUT;3;SG;NEUT	będzie chełpiło
Inflect chełpić się | V;FUT;3;SG;MASC	będzie chełpił
Inflect chełpić się | V;FUT;2;PL;MASC;HUM	będziecie chełpili
Inflect chełpić się | V;FUT;2;PL	będziecie chełpiły
Inflect chełpić się | V;FUT;1;PL;MASC;HUM	będziemy chełpili
Inflect chełpić się | V;FUT;2;SG;MASC	będziesz chełpił
Inflect chełpić się | V;IMP;2;PL	chełpcie
Inflect chełpić się | V.PTCP;PST;ACT;SG;FEM	chełpiąca
Inflect chełpić się | V.PTCP;PST;ACT;SG;NEUT	chełpiące
Inflect chełpić się | V.PTCP;PST;ACT;PL;MASC;HUM	chełpiący
Inflect chełpić się | V.PTCP;PST;ACT;SG;MASC	chełpiący
Inflect chełpić się | V;PRS;2;PL	chełpicie
Inflect chełpić się | V;NFIN	chełpić
Inflect chełpić się | V.MSDR	chełpienie
Inflect chełpić się | V;PRS;1;SG	chełpię
Inflect chełpić się | V;COND;1;SG;FEM	chełpiłabym
Inflect chełpić się | V;COND;2;SG;FEM	chełpiłabyś
Inflect chełpić się | V;COND;3;SG;FEM	chełpiłaby
Inflect chełpić się | V;PST;1;SG;FEM	chełpiłam
Inflect chełpić się | V;PST;3;SG;FEM	chełpiła
Inflect chełpić się | V;COND;1;SG;MASC	chełpiłbym
Inflect chełpić się | V;COND;2;SG;MASC	chełpiłbyś
Inflect chełpić się | V;COND;3;SG;MASC	chełpiłby
Inflect chełpić się | V;COND;2;PL;MASC;HUM	chełpilibyście
Inflect chełpić się | V;COND;1;PL;MASC;HUM	chełpilibyśmy
Inflect chełpić się | V;COND;3;PL;MASC;HUM	chełpiliby
Inflect chełpić się | V;PST;2;PL;MASC;HUM	chełpiliście
Inflect chełpić się | V;PST;1;PL;MASC;HUM	chełpiliśmy
Inflect chełpić się | V;PST;3;PL;MASC;HUM	chełpili
Inflect chełpić się | V;PST;3;SG;MASC	chełpił
Inflect chełpić się | V;COND;2;PL	chełpiłybyście
Inflect chełpić się | V;COND;1;PL	chełpiłybyśmy
Inflect chełpić się | V;COND;3;PL	chełpiłyby
Inflect chełpić się | V;PST;1;PL	chełpiłyśmy
Inflect chełpić się | V;PST;3;PL	chełpiły
Inflect chełpić się | V;PRS;1;PL	chełpimy
Inflect chełpić się | V;PRS;2;SG	chełpisz
Inflect chełpić się | V;PRS;3;SG	chełpi
Inflect chełpić się | V;IMP;2;SG	chełp
Inflect chełpić się | V;IMP;3;PL	niech chełpią
Inflect chełpić się | V;IMP;3;SG	niech chełpi
Inflect dziać | V;FUT;3;PL;MASC;HUM	będą dziali
Inflect dziać | V;FUT;3;PL	będą działy
Inflect dziać | V;FUT;1;SG;MASC	będę dział
Inflect dziać | V;FUT;2;PL	będziecie działy
Inflect dziać | V;FUT;3;SG;FEM	będzie działa
Inflect dziać | V;FUT;3;SG;NEUT	będzie działo
Inflect dziać | V;FUT;3;SG;MASC	będzie dział
Inflect dziać | V;FUT;1;PL	będziemy działy
Inflect dziać | V;FUT;2;SG;FEM	będziesz działa
Inflect dziać | V;NFIN	dziać
Inflect dziać | V;COND;1;SG;FEM	działabym
Inflect dziać | V;COND;2;SG;FEM	działabyś
Inflect dziać | V;PST;1;SG;FEM	działam
Inflect dziać | V;PST;2;SG;FEM	działaś
Inflect dziać | V;PST;3;SG;FEM	działa
Inflect dziać | V;COND;1;SG;MASC	działbym
Inflect dziać | V;COND;2;SG;MASC	działbyś
Inflect dziać | V;COND;3;SG;MASC	działby
Inflect dziać | V;PST;2;SG;MASC	działeś
Inflect dziać | V;COND;3;PL;MASC;HUM	dzialiby
Inflect dziać | V;PST;2;PL;MASC;HUM	dzialiście
Inflect dziać | V;PST;3;SG;MASC	dział
Inflect dziać | V;COND;2;PL	działybyście
Inflect dziać | V;COND;3;PL	działyby
Inflect dziać | V;PST;1;PL	działyśmy
Inflect dziać | V;PST;3;PL	działy
Inflect dziać | V.PTCP;PST;PASS;SG;NEUT	dziane
Inflect dziać | V.MSDR	dzianie
Inflect dziać | V.PTCP;PST;ACT;SG;FEM	dziejąca
Inflect dziać | V.PTCP;PST;ACT;PL	dziejące
Inflect dziać | V.PTCP;PST;ACT;SG;MASC	dziejący
Inflect dziać | V;PRS;3;PL	dzieją
Inflect dziać | V;IMP;2;PL	dziejcie
Inflect dziać | V;PRS;2;PL	dziejecie
Inflect dziać | V;PRS;1;PL	dziejemy
Inflect dziać | V;PRS;1;SG	dzieję
Inflect dziać | V;IMP;1;PL	dziejmy
Inflect dziać | V;IMP;2;SG	dziej
Inflect dziać | V;IMP;3;PL	niech dzieją
Inflect dziać | V;IMP;3;SG	niech dzieje
Inflect najwilgotniejszy | ADJ;NOM(PL,MASC,HUM)	najwilgotniejsi
Inflect najwilgotniejszy | ADJ;ACC(SG,FEM)	najwilgotniejszą
Inflect najwilgotniejszy | ADJ;INS(SG,FEM)	najwilgotniejszą
Inflect najwilgotniejszy | ADJ;NOM(SG,FEM)	najwilgotniejsza
Inflect najwilgotniejszy | ADJ;ACC(PL)	najwilgotniejsze
Inflect najwilgotniejszy | ADJ;ACC(SG,NEUT)	najwilgotniejsze
Inflect najwilgotniejszy | ADJ;NOM(SG,NEUT)	najwilgotniejsze
Inflect najwilgotniejszy | ADJ;NOM(PL)	najwilgotniejsze
Inflect najwilgotniejszy | ADJ;ACC(SG,MASC,ANIM)	najwilgotniejszego
Inflect najwilgotniejszy | ADJ;GEN(SG,MASC)	najwilgotniejszego
Inflect najwilgotniejszy | ADJ;ACC(SG,MASC,HUM)	najwilgotniejszego
Inflect najwilgotniejszy | ADJ;GEN(SG,NEUT)	najwilgotniejszego
Inflect najwilgotniejszy | ADJ;DAT(SG,FEM)	najwilgotniejszej
Inflect najwilgotniejszy | ADJ;ESS(SG,FEM)	najwilgotniejszej
Inflect najwilgotniejszy | ADJ;DAT(SG,MASC)	najwilgotniejszemu
Inflect najwilgotniejszy | ADJ;ACC(SG,MASC,INAN)	najwilgotniejszy
Inflect najwilgotniejszy | ADJ;NOM(SG,MASC)	najwilgotniejszy
Inflect najwilgotniejszy | ADJ;ESS(PL)	najwilgotniejszych
Inflect najwilgotniejszy | ADJ;GEN(PL)	najwilgotniejszych
Inflect najwilgotniejszy | ADJ;ACC(PL,MASC,HUM)	najwilgotniejszych
Inflect najwilgotniejszy | ADJ;DAT(PL)	najwilgotniejszym
Inflect najwilgotniejszy | ADJ;INS(SG,MASC)	najwilgotniejszym
Inflect najwilgotniejszy | ADJ;INS(SG,NEUT)	najwilgotniejszym
Inflect geometryczny | ADJ;ACC(SG,FEM)	geometryczną
Inflect geometryczny | ADJ;INS(SG,FEM)	geometryczną
Inflect geometryczny | ADJ;NOM(SG,FEM)	geometryczna
Inflect geometryczny | ADJ;ACC(SG,NEUT)	geometryczne
Inflect geometryczny | ADJ;NOM(SG,NEUT)	geometryczne
Inflect geometryczny | ADJ;NOM(PL)	geometryczne
Inflect geometryczny | ADJ;ACC(SG,MASC,ANIM)	geometrycznego
Inflect geometryczny | ADJ;GEN(SG,MASC)	geometrycznego
Inflect geometryczny | ADJ;GEN(SG,NEUT)	geometrycznego
Inflect geometryczny | ADJ;ESS(SG,FEM)	geometrycznej
Inflect geometryczny | ADJ;DAT(SG,MASC)	geometrycznemu
Inflect geometryczny | ADJ;NOM(PL,MASC,HUM)	geometryczni
Inflect geometryczny | ADJ;ACC(SG,MASC,INAN)	geometryczny
Inflect geometryczny | ADJ;ESS(PL)	geometrycznych
Inflect geometryczny | ADJ;GEN(PL)	geometrycznych
Inflect geometryczny | ADJ;ACC(PL,MASC,HUM)	geometrycznych
Inflect geometryczny | ADJ;ESS(SG,MASC)	geometrycznym
Inflect geometryczny | ADJ;INS(SG,MASC)	geometrycznym
Inflect geometryczny | ADJ;INS(SG,NEUT)	geometrycznym
Inflect geometryczny | ADJ;INS(PL)	geometrycznymi
Inflect kablówka | N;DAT(SG)	kablówce
Inflect kablówka | N;ESS(SG)	kablówce
Inflect kablówka | N;GEN(PL)	kablówek
Inflect kablówka | N;ESS(PL)	kablówkach
Inflect kablówka | N;INS(SG)	kablówką
Inflect kablówka | N;NOM(SG)	kablówka
Inflect kablówka | N;ACC(SG)	kablówkę
Inflect kablówka | N;GEN(SG)	kablówki
Inflect kablówka | N;NOM(PL)	kablówki
Inflect kablówka | N;VOC(PL)	kablówki
Inflect kablówka | N;DAT(PL)	kablówkom
Inflect nakryć | V.MSDR	nakrycie
Inflect nakryć | V;NFIN	nakryć
Inflect nakryć | V;FUT;3;PL	nakryją
Inflect nakryć | V;FUT;1;PL	nakryjemy
Inflect nakryć | V;FUT;1;SG	nakryję
Inflect nakryć | V;FUT;3;SG	nakryje
Inflect nakryć | V;IMP;1;PL	nakryjmy
Inflect nakryć | V;COND;1;SG;FEM	nakryłabym
Inflect nakryć | V;COND;2;SG;FEM	nakryłabyś
Inflect nakryć | V;PST;2;SG;FEM	nakryłaś
Inflect nakryć | V;COND;1;SG;MASC	nakryłbym
Inflect nakryć | V;COND;3;SG;MASC	nakryłby
Inflect nakryć | V;PST;1;SG;MASC	nakryłem
Inflect nakryć | V;PST;2;SG;MASC	nakryłeś
Inflect nakryć | V;COND;2;PL;MASC;HUM	nakrylibyście
Inflect nakryć | V;COND;1;PL;MASC;HUM	nakrylibyśmy
Inflect nakryć | V;COND;3;PL;MASC;HUM	nakryliby
Inflect nakryć | V;PST;2;PL;MASC;HUM	nakryliście
Inflect nakryć | V;PST;3;SG;NEUT	nakryło
Inflect nakryć | V;PST;3;SG;MASC	nakrył
Inflect nakryć | V;COND;2;PL	nakryłybyście
Inflect nakryć | V;COND;1;PL	nakryłybyśmy
Inflect nakryć | V;COND;3;PL	nakryłyby
Inflect nakryć | V;PST;2;PL	nakryłyście
Inflect nakryć | V;PST;1;PL	nakryłyśmy
Inflect nakryć | V;PST;3;PL	nakryły
Inflect nakryć | V.PTCP;PST;PASS;SG;FEM	nakryta
Inflect nakryć | V.PTCP;PST;PASS;PL	nakryte
Inflect nakryć | V.PTCP;PST;PASS;SG;NEUT	nakryte
Inflect nakryć | V.PTCP;PST;PASS	nakryto
Inflect nakryć | V.PTCP;PST;PASS;SG;MASC	nakryty
Inflect nakryć | V.CVB;PST	nakrywszy
Inflect nakryć | V;IMP;3;PL	niech nakryją
Inflect nakryć | V;IMP;1;SG	niech nakryję
Inflect nakryć | V;IMP;3;SG	niech nakryje
Inflect tato | N;DAT(SG)	tacie
Inflect tato | N;ESS(SG)	tacie
Inflect tato | N;ESS(PL)	tatach
Inflect tato | N;INS(PL)	tatami
Inflect tato | N;ACC(SG)	tatę
Inflect tato | N;DAT(PL)	tatom
Inflect tato | N;VOC(SG)	tato
Inflect tato | N;VOC(PL)	tatowie
Inflect tato | N;GEN(PL)	tatów
Inflect więdnąć | V;FUT;3;PL;MASC;HUM	będą więdnęli
Inflect więdnąć | V;FUT;3;PL	będą więdnęły
Inflect więdnąć | V;FUT;1;SG;MASC	będę więdnął
Inflect więdnąć | V;FUT;1;SG;FEM	będę więdnęła
Inflect więdnąć | V;FUT;2;SG;FEM	będziesz więdnęła
Inflect więdnąć | V;FUT;3;SG;MASC	będzie więdnął
Inflect więdnąć | V;FUT;3;SG;FEM	będzie więdnęła
Inflect więdnąć | V;FUT;3;SG;NEUT	będzie więdnęło
Inflect więdnąć | V;IMP;3;PL	niech więdną
Inflect więdnąć | V;IMP;3;SG	niech więdnie
Inflect więdnąć | V.PTCP;PST;ACT;SG;FEM	więdnąca
Inflect więdnąć | V.PTCP;PST;ACT;PL	więdnące
Inflect więdnąć | V.PTCP;PST;ACT;SG;NEUT	więdnące
Inflect więdnąć | V.PTCP;PST;ACT;PL;MASC;HUM	więdnący
Inflect więdnąć | V.PTCP;PST;ACT;SG;MASC	więdnący
Inflect więdnąć | V;COND;1;SG;MASC	więdnąłbym
Inflect więdnąć | V;COND;2;SG;MASC	więdnąłbyś
Inflect więdnąć | V;PST;2;SG;MASC	więdnąłeś
Inflect więdnąć | V;PRS;3;PL	więdną
Inflect więdnąć | V;COND;1;SG;FEM	więdnęłabym
Inflect więdnąć | V;COND;2;SG;FEM	więdnęłabyś
Inflect więdnąć | V;COND;3;SG;FEM	więdnęłaby
Inflect więdnąć | V;PST;1;SG;FEM	więdnęłam
Inflect więdnąć | V;PST;3;SG;FEM	więdnęła
Inflect więdnąć | V;COND;2;PL;MASC;HUM	więdnęlibyście
Inflect więdnąć | V;PST;2;PL;MASC;HUM	więdnęliście
Inflect więdnąć | V;PST;1;PL;MASC;HUM	więdnęliśmy
Inflect więdnąć | V;PST;3;PL;MASC;HUM	więdnęli
Inflect więdnąć | V;COND;3;SG;NEUT	więdnęłoby
Inflect więdnąć | V;COND;2;PL	więdnęłybyście
Inflect więdnąć | V;COND;1;PL	więdnęłybyśmy
Inflect więdnąć | V;COND;3;PL	więdnęłyby
Inflect więdnąć | V;PST;2;PL	więdnęłyście
Inflect więdnąć | V;PST;1;PL	więdnęłyśmy
Inflect więdnąć | V;PST;3;PL	więdnęły
Inflect więdnąć | V;PRS;1;SG	więdnę
Inflect więdnąć | V.MSDR	więdnięcie
Inflect więdnąć | V;PRS;2;PL	więdniecie
Inflect więdnąć | V;PRS;2;SG	więdniesz
Inflect więdnąć | V;PRS;3;SG	więdnie
Inflect więdnąć | V;IMP;2;SG	więdnij
Inflect karciany | ADJ;ACC(SG,FEM)	karcianą
Inflect karciany | ADJ;NOM(SG,FEM)	karciana
Inflect karciany | ADJ;ACC(PL)	karciane
Inflect karciany | ADJ;GEN(SG,MASC)	karcianego
Inflect karciany | ADJ;ACC(SG,MASC,HUM)	karcianego
Inflect karciany | ADJ;GEN(SG,NEUT)	karcianego
Inflect karciany | ADJ;DAT(SG,FEM)	karcianej
Inflect karciany | ADJ;ESS(SG,FEM)	karcianej
Inflect karciany | ADJ;GEN(SG,FEM)	karcianej
Inflect karciany | ADJ;DAT(SG,NEUT)	karcianemu
Inflect karciany | ADJ;NOM(PL,MASC,HUM)	karciani
Inflect karciany | ADJ;NOM(SG,MASC)	karciany
Inflect karciany | ADJ;GEN(PL)	karcianych
Inflect karciany | ADJ;DAT(PL)	karcianym
Inflect karciany | ADJ;ESS(SG,NEUT)	karcianym
Inflect karciany | ADJ;INS(SG,NEUT)	karcianym
Inflect karciany | ADJ;INS(PL)	karcianymi
Inflect glonowy | ADJ;ACC(SG,FEM)	glonową
Inflect glonowy | ADJ;NOM(SG,FEM)	glonowa
Inflect glonowy | ADJ;ACC(PL)	glonowe
Inflect glonowy | ADJ;NOM(SG,NEUT)	glonowe
Inflect glonowy | ADJ;NOM(PL)	glonowe
Inflect glonowy | ADJ;ACC(SG,MASC,ANIM)	glonowego
Inflect glonowy | ADJ;GEN(SG,MASC)	glonowego
Inflect glonowy | ADJ;GEN(SG,NEUT)	glonowego
Inflect glonowy | ADJ;DAT(SG,FEM)	glonowej
Inflect glonowy | ADJ;GEN(SG,FEM)	glonowej
Inflect glonowy | ADJ;DAT(SG,MASC)	glonowemu
Inflect glonowy | ADJ;DAT(SG,NEUT)	glonowemu
Inflect glonowy | ADJ;NOM(PL,MASC,HUM)	glonowi
Inflect glonowy | ADJ;ACC(SG,MASC,INAN)	glonowy
Inflect glonowy | ADJ;NOM(SG,MASC)	glonowy
Inflect glonowy | ADJ;DAT(PL)	glonowym
Inflect glonowy | ADJ;ESS(SG,MASC)	glonowym
Inflect glonowy | ADJ;ESS(SG,NEUT)	glonowym
Inflect tracić | V.PTCP;PST;PASS;SG;MASC	tracony
Inflect himalajski | ADJ;NOM(PL,MASC,HUM)	himalajscy
Inflect himalajski | ADJ;INS(SG,FEM)	himalajską
Inflect himalajski | ADJ;NOM(SG,FEM)	himalajska
Inflect himalajski | ADJ;NOM(SG,MASC)	himalajski
Inflect himalajski | ADJ;GEN(PL)	himalajskich
Inflect himalajski | ADJ;ACC(PL,MASC,HUM)	himalajskich
Inflect himalajski | ADJ;ACC(PL)	himalajskie
Inflect himalajski | ADJ;ACC(SG,NEUT)	himalajskie
Inflect himalajski | ADJ;NOM(PL)	himalajskie
Inflect himalajski | ADJ;ACC(SG,MASC,ANIM)	himalajskiego
Inflect himalajski | ADJ;GEN(SG,MASC)	himalajskiego
Inflect himalajski | ADJ;GEN(SG,NEUT)	himalajskiego
Inflect himalajski | ADJ;DAT(SG,FEM)	himalajskiej
Inflect himalajski | ADJ;ESS(SG,FEM)	himalajskiej
Inflect himalajski | ADJ;DAT(SG,MASC)	himalajskiemu
Inflect himalajski | ADJ;DAT(SG,NEUT)	himalajskiemu
Inflect himalajski | ADJ;ESS(SG,MASC)	himalajskim
Inflect himalajski | ADJ;INS(SG,MASC)	himalajskim
Inflect Japończyk | N;NOM(PL)	Japończycy
Inflect Japończyk | N;ESS(PL)	Japończykach
Inflect Japończyk | N;INS(PL)	Japończykami
Inflect Japończyk | N;ACC(SG)	Japończyka
Inflect Japończyk | N;GEN(SG)	Japończyka
Inflect Japończyk | N;INS(SG)	Japończykiem
Inflect Japończyk | N;NOM(SG)	Japończyk
Inflect Japończyk | N;DAT(SG)	Japończykowi
Inflect Japończyk | N;ACC(PL)	Japończyków
Inflect Japończyk | N;GEN(PL)	Japończyków
Inflect bełt | N;ESS(SG)	bełcie
Inflect bełt | N;ESS(PL)	bełtach
Inflect bełt | N;ACC(SG)	bełt
Inflect bełt | N;NOM(SG)	bełt
Inflect bełt | N;DAT(PL)	bełtom
Inflect bełt | N;GEN(PL)	bełtów
Inflect bełt | N;ACC(PL)	bełty
Inflect bełt | N;VOC(PL)	bełty
Inflect chłopczyk | N;NOM(PL)	chłoczyki
Inflect chłopczyk | N;INS(PL)	chłopczykami
Inflect chłopczyk | N;GEN(SG)	chłopczyka
Inflect chłopczyk | N;NOM(SG)	chłopczyk
Inflect chłopczyk | N;DAT(PL)	chłopczykom
Inflect chłopczyk | N;ACC(PL)	chłopczyków
Inflect chłopczyk | N;ESS(SG)	chłopczyku
Inflect hazard | N;INS(SG)	hazardem
Inflect hazard | N;ACC(SG)	hazard
Inflect hazard | N;DAT(PL)	hazardom
Inflect hazard | N;DAT(SG)	hazardowi
Inflect hazard | N;GEN(PL)	hazardów
Inflect hazard | N;VOC(PL)	hazardy
Inflect hazard | N;ESS(SG)	hazardzie
Inflect podziemny | ADJ;ACC(SG,FEM)	podziemną
Inflect podziemny | ADJ;NOM(SG,FEM)	podziemna
Inflect podziemny | ADJ;ACC(SG,NEUT)	podziemne
Inflect podziemny | ADJ;NOM(SG,NEUT)	podziemne
Inflect podziemny | ADJ;NOM(PL)	podziemne
Inflect podziemny | ADJ;ACC(SG,MASC,ANIM)	podziemnego
Inflect podziemny | ADJ;GEN(SG,MASC)	podziemnego
Inflect podziemny | ADJ;ACC(SG,MASC,HUM)	podziemnego
Inflect podziemny | ADJ;GEN(SG,NEUT)	podziemnego
Inflect podziemny | ADJ;DAT(SG,FEM)	podziemnej
Inflect podziemny | ADJ;ESS(SG,FEM)	podziemnej
Inflect podziemny | ADJ;GEN(SG,FEM)	podziemnej
Inflect podziemny | ADJ;DAT(SG,MASC)	podziemnemu
Inflect podziemny | ADJ;DAT(SG,NEUT)	podziemnemu
Inflect podziemny | ADJ;NOM(PL,MASC,HUM)	podziemni
Inflect podziemny | ADJ;ACC(SG,MASC,INAN)	podziemny
Inflect podziemny | ADJ;NOM(SG,MASC)	podziemny
Inflect podziemny | ADJ;ESS(PL)	podziemnych
Inflect podziemny | ADJ;GEN(PL)	podziemnych
Inflect podziemny | ADJ;ESS(SG,MASC)	podziemnym
Inflect podziemny | ADJ;INS(SG,MASC)	podziemnym
Inflect podziemny | ADJ;ESS(SG,NEUT)	podziemnym
Inflect podziemny | ADJ;INS(SG,NEUT)	podziemnym
Inflect limo | N;ESS(PL)	limach
Inflect limo | N;ACC(PL)	lima
Inflect limo | N;NOM(PL)	lima
Inflect limo | N;VOC(PL)	lima
Inflect limo | N;ESS(SG)	limie
Inflect limo | N;GEN(PL)	lim
Inflect limo | N;DAT(PL)	limom
Inflect limo | N;ACC(SG)	limo
Inflect limo | N;VOC(SG)	limo
Inflect niknąć | V;FUT;3;PL;MASC;HUM	będą niknęli
Inflect niknąć | V;FUT;3;PL	będą niknęły
Inflect niknąć | V;FUT;1;SG;MASC	będę niknął
Inflect niknąć | V;FUT;1;SG;FEM	będę niknęła
Inflect niknąć | V;FUT;2;PL;MASC;HUM	będziecie niknęli
Inflect niknąć | V;FUT;1;PL;MASC;HUM	będziemy niknęli
Inflect niknąć | V;FUT;1;PL	będziemy niknęły
Inflect niknąć | V;FUT;3;SG;FEM	będzie niknęła
Inflect niknąć | V;FUT;3;SG;NEUT	będzie niknęło
Inflect niknąć | V;FUT;2;SG;MASC	będziesz niknął
Inflect niknąć | V;IMP;3;SG	niech niknie
Inflect niknąć | V.PTCP;PST;ACT;SG;FEM	niknąca
Inflect niknąć | V.PTCP;PST;ACT;PL	niknące
Inflect niknąć | V.CVB	niknąc
Inflect niknąć | V;NFIN	niknąć
Inflect niknąć | V.PTCP;PST;ACT;PL;MASC;HUM	niknący
Inflect niknąć | V.PTCP;PST;ACT;SG;MASC	niknący
Inflect niknąć | V;COND;1;SG;MASC	niknąłbym
Inflect niknąć | V;COND;2;SG;MASC	niknąłbyś
Inflect niknąć | V;COND;3;SG;MASC	niknąłby
Inflect niknąć | V;PST;2;SG;MASC	niknąłeś
Inflect niknąć | V;COND;1;SG;FEM	niknęłabym
Inflect niknąć | V;COND;2;SG;FEM	niknęłabyś
Inflect niknąć | V;COND;3;SG;FEM	niknęłaby
Inflect niknąć | V;PST;2;SG;FEM	niknęłaś
Inflect niknąć | V;PST;3;SG;FEM	niknęła
Inflect niknąć | V;COND;2;PL;MASC;HUM	niknęlibyście
Inflect niknąć | V;COND;3;PL;MASC;HUM	niknęliby
Inflect niknąć | V;PST;2;PL;MASC;HUM	niknęliście
Inflect niknąć | V;PST;1;PL;MASC;HUM	niknęliśmy
Inflect niknąć | V;PST;3;PL;MASC;HUM	niknęli
Inflect niknąć | V;COND;3;SG;NEUT	niknęłoby
Inflect niknąć | V;PST;3;SG;NEUT	niknęło
Inflect niknąć | V;COND;2;PL	niknęłybyście
Inflect niknąć | V;COND;1;PL	niknęłybyśmy
Inflect niknąć | V;PST;2;PL	niknęłyście
Inflect niknąć | V;PRS;1;SG	niknę
Inflect niknąć | V;PRS;2;PL	nikniecie
Inflect niknąć | V;PRS;2;SG	nikniesz
Inflect niknąć | V;IMP;1;PL	niknijmy
Inflect sinus | N;ESS(PL)	sinusach
Inflect sinus | N;INS(SG)	sinusem
Inflect sinus | N;ESS(SG)	sinusie
Inflect sinus | N;ACC(SG)	sinus
Inflect sinus | N;DAT(SG)	sinusowi
Inflect sinus | N;GEN(PL)	sinusów
Inflect sinus | N;ACC(PL)	sinusy
Inflect sinus | N;NOM(PL)	sinusy
Inflect sinus | N;VOC(PL)	sinusy
Inflect pokrywanie | N;GEN(SG)	pokrywania
Inflect pokrywanie | N;INS(SG)	pokrywaniem
Inflect pokrywanie | N;ACC(SG)	pokrywanie
Inflect pokrywanie | N;NOM(SG)	pokrywanie
Inflect pokrywanie | N;VOC(SG)	pokrywanie
Inflect pokrywanie | N;DAT(SG)	pokrywaniu
Inflect pokrywanie | N;ESS(SG)	pokrywaniu
Inflect leżak | N;ESS(PL)	leżakach
Inflect leżak | N;INS(PL)	leżakami
Inflect leżak | N;INS(SG)	leżakiem
Inflect leżak | N;ACC(PL)	leżaki
Inflect leżak | N;VOC(PL)	leżaki
Inflect leżak | N;ACC(SG)	leżak
Inflect leżak | N;NOM(SG)	leżak
Inflect leżak | N;DAT(PL)	leżakom
Inflect leżak | N;DAT(SG)	leżakowi
Inflect leżak | N;ESS(SG)	leżaku
Inflect leżak | N;GEN(SG)	leżaku
Inflect najkrótszy | ADJ;NOM(PL,MASC,HUM)	najkrótsi
Inflect najkrótszy | ADJ;INS(SG,FEM)	najkrótszą
Inflect najkrótszy | ADJ;NOM(SG,FEM)	najkrótsza
Inflect najkrótszy | ADJ;ACC(SG,NEUT)	najkrótsze
Inflect najkrótszy | ADJ;NOM(SG,NEUT)	najkrótsze
Inflect najkrótszy | ADJ;NOM(PL)	najkrótsze
Inflect najkrótszy | ADJ;ACC(SG,MASC,ANIM)	najkrótszego
Inflect najkrótszy | ADJ;GEN(SG,MASC)	najkrótszego
Inflect najkrótszy | ADJ;ACC(SG,MASC,HUM)	najkrótszego
Inflect najkrótszy | ADJ;GEN(SG,NEUT)	najkrótszego
Inflect najkrótszy | ADJ;DAT(SG,FEM)	najkrótszej
Inflect najkrótszy | ADJ;ESS(SG,FEM)	najkrótszej
Inflect najkrótszy | ADJ;GEN(SG,FEM)	najkrótszej
Inflect najkrótszy | ADJ;DAT(SG,MASC)	najkrótszemu
Inflect najkrótszy | ADJ;DAT(SG,NEUT)	najkrótszemu
Inflect najkrótszy | ADJ;ACC(SG,MASC,INAN)	najkrótszy
Inflect najkrótszy | ADJ;NOM(SG,MASC)	najkrótszy
Inflect najkrótszy | ADJ;ESS(PL)	najkrótszych
Inflect najkrótszy | ADJ;GEN(PL)	najkrótszych
Inflect najkrótszy | ADJ;ACC(PL,MASC,HUM)	najkrótszych
Inflect najkrótszy | ADJ;DAT(PL)	najkrótszym
Inflect najkrótszy | ADJ;ESS(SG,NEUT)	najkrótszym
Inflect najkrótszy | ADJ;INS(SG,NEUT)	najkrótszym
Inflect najkrótszy | ADJ;INS(PL)	najkrótszymi
Inflect Atarynka | N;DAT(SG)	Atarynce
Inflect Atarynka | N;ESS(SG)	Atarynce
Inflect Atarynka | N;GEN(PL)	Atarynek
Inflect Atarynka | N;ESS(PL)	Atarynkach
Inflect Atarynka | N;NOM(SG)	Atarynka
Inflect Atarynka | N;ACC(SG)	Atarynkę
Inflect Atarynka | N;NOM(PL)	Atarynki
Inflect Atarynka | N;VOC(PL)	Atarynki
Inflect Atarynka | N;DAT(PL)	Atarynkom
Inflect abecadło | N;ESS(PL)	abecadłach
Inflect abecadło | N;INS(PL)	abecadłami
Inflect abecadło | N;ACC(PL)	abecadła
Inflect abecadło | N;GEN(SG)	abecadła
Inflect abecadło | N;NOM(PL)	abecadła
Inflect abecadło | N;VOC(PL)	abecadła
Inflect abecadło | N;INS(SG)	abecadłem
Inflect abecadło | N;DAT(PL)	abecadłom
Inflect abecadło | N;ACC(SG)	abecadło
Inflect abecadło | N;NOM(SG)	abecadło
Inflect abecadło | N;VOC(SG)	abecadło
Inflect abecadło | N;DAT(SG)	abecadłu
Inflect amplituda | N;INS(PL)	amplitudami
Inflect amplituda | N;ACC(SG)	amplitudę
Inflect amplituda | N;DAT(PL)	amplitudom
Inflect amplituda | N;ACC(PL)	amplitudy
Inflect amplituda | N;GEN(SG)	amplitudy
Inflect amplituda | N;NOM(PL)	amplitudy
Inflect amplituda | N;ESS(SG)	amplitudzie
Inflect pasieka | N;DAT(SG)	pasiece
Inflect pasieka | N;ESS(SG)	pasiece
Inflect pasieka | N;ESS(PL)	pasiekach
Inflect pasieka | N;INS(SG)	pasieką
Inflect pasieka | N;NOM(SG)	pasieka
Inflect pasieka | N;GEN(SG)	pasieki
Inflect pasieka | N;NOM(PL)	pasieki
Inflect pasieka | N;GEN(PL)	pasiek
Inflect pasieka | N;DAT(PL)	pasiekom
Inflect pasieka | N;VOC(SG)	pasieko
Inflect mocznik | N;GEN(SG)	mocznika
Inflect mocznik | N;INS(SG)	mocznikiem
Inflect mocznik | N;ACC(SG)	mocznik
Inflect mocznik | N;DAT(SG)	mocznikowi
Inflect mocznik | N;ESS(SG)	moczniku
Inflect mocznik | N;VOC(SG)	moczniku
Inflect Maj | N;GEN(SG)	Maja
Inflect widły | N;GEN(SG)	wideł
Inflect widły | N;ESS(SG)	widłach
Inflect widły | N;INS(SG)	widłami
Inflect widły | N;DAT(SG)	widłom
Inflect widły | N;NOM(SG)	widły
Inflect widły | N;VOC(SG)	widły
Inflect Polak | N;NOM(PL)	Polacy
Inflect Polak | N;VOC(PL)	Polacy
Inflect Polak | N;ACC(SG)	Polaka
Inflect Polak | N;GEN(SG)	Polaka
Inflect Polak | N;INS(SG)	Polakiem
Inflect Polak | N;NOM(SG)	Polak
Inflect Polak | N;DAT(PL)	Polakom
Inflect Polak | N;DAT(SG)	Polakowi
Inflect Polak | N;ACC(PL)	Polaków
Inflect Polak | N;ESS(SG)	Polaku
Inflect grecki | ADJ;NOM(PL,MASC,HUM)	greccy
Inflect grecki | ADJ;ACC(SG,FEM)	grecką
Inflect grecki | ADJ;INS(SG,FEM)	grecką
Inflect grecki | ADJ;ACC(SG,MASC,INAN)	grecki
Inflect grecki | ADJ;GEN(PL)	greckich
Inflect grecki | ADJ;ACC(PL)	greckie
Inflect grecki | ADJ;ACC(SG,NEUT)	greckie
Inflect grecki | ADJ;NOM(PL)	greckie
Inflect grecki | ADJ;ACC(SG,MASC,ANIM)	greckiego
Inflect grecki | ADJ;GEN(SG,MASC)	greckiego
Inflect grecki | ADJ;ACC(SG,MASC,HUM)	greckiego
Inflect grecki | ADJ;GEN(SG,NEUT)	greckiego
Inflect grecki | ADJ;DAT(SG,FEM)	greckiej
Inflect grecki | ADJ;ESS(SG,FEM)	greckiej
Inflect grecki | ADJ;DAT(SG,MASC)	greckiemu
Inflect grecki | ADJ;DAT(SG,NEUT)	greckiemu
Inflect grecki | ADJ;DAT(PL)	greckim
Inflect grecki | ADJ;ESS(SG,MASC)	greckim
Inflect grecki | ADJ;INS(SG,MASC)	greckim
Inflect grecki | ADJ;ESS(SG,NEUT)	greckim
Inflect grecki | ADJ;INS(PL)	greckimi
Inflect cholerny | ADJ;ACC(SG,FEM)	cholerną
Inflect cholerny | ADJ;INS(SG,FEM)	cholerną
Inflect cholerny | ADJ;NOM(SG,FEM)	cholerna
Inflect cholerny | ADJ;ACC(PL)	cholerne
Inflect cholerny | ADJ;ACC(SG,NEUT)	cholerne
Inflect cholerny | ADJ;NOM(PL)	cholerne
Inflect cholerny | ADJ;GEN(SG,MASC)	cholernego
Inflect cholerny | ADJ;ACC(SG,MASC,HUM)	cholernego
Inflect cholerny | ADJ;GEN(SG,NEUT)	cholernego
Inflect cholerny | ADJ;DAT(SG,MASC)	cholernemu
Inflect cholerny | ADJ;DAT(SG,NEUT)	cholernemu
Inflect cholerny | ADJ;NOM(PL,MASC,HUM)	cholerni
Inflect cholerny | ADJ;ESS(PL)	cholernych
Inflect cholerny | ADJ;GEN(PL)	cholernych
Inflect cholerny | ADJ;ACC(PL,MASC,HUM)	cholernych
Inflect cholerny | ADJ;DAT(PL)	cholernym
Inflect cholerny | ADJ;ESS(SG,MASC)	cholernym
Inflect cholerny | ADJ;INS(SG,MASC)	cholernym
Inflect cholerny | ADJ;INS(PL)	cholernymi
Inflect kociątko | N;INS(PL)	kociątkami
Inflect kociątko | N;ACC(PL)	kociątka
Inflect kociątko | N;GEN(SG)	kociątka
Inflect kociątko | N;VOC(PL)	kociątka
Inflect kociątko | N;INS(SG)	kociątkiem
Inflect kociątko | N;DAT(PL)	kociątkom
Inflect kociątko | N;ACC(SG)	kociątko
Inflect kociątko | N;NOM(SG)	kociątko
Inflect kociątko | N;VOC(SG)	kociątko
Inflect kociątko | N;DAT(SG)	kociątku
Inflect kociątko | N;ESS(SG)	kociątku
Inflect bawełniany | ADJ;ACC(SG,FEM)	bawełnianą
Inflect bawełniany | ADJ;INS(SG,FEM)	bawełnianą
Inflect bawełniany | ADJ;NOM(SG,FEM)	bawełniana
Inflect bawełniany | ADJ;ACC(PL)	bawełniane
Inflect bawełniany | ADJ;ACC(SG,NEUT)	bawełniane
Inflect bawełniany | ADJ;NOM(PL)	bawełniane
Inflect bawełniany | ADJ;ACC(SG,MASC,ANIM)	bawełnianego
Inflect bawełniany | ADJ;GEN(SG,MASC)	bawełnianego
Inflect bawełniany | ADJ;ACC(SG,MASC,HUM)	bawełnianego
Inflect bawełniany | ADJ;GEN(SG,NEUT)	bawełnianego
Inflect bawełniany | ADJ;ESS(SG,FEM)	bawełnianej
Inflect bawełniany | ADJ;GEN(SG,FEM)	bawełnianej
Inflect bawełniany | ADJ;NOM(PL,MASC,HUM)	bawełniani
Inflect bawełniany | ADJ;ACC(SG,MASC,INAN)	bawełniany
Inflect bawełniany | ADJ;ESS(PL)	bawełnianych
Inflect bawełniany | ADJ;ACC(PL,MASC,HUM)	bawełnianych
Inflect bawełniany | ADJ;DAT(PL)	bawełnianym
Inflect bawełniany | ADJ;ESS(SG,MASC)	bawełnianym
Inflect bawełniany | ADJ;INS(SG,MASC)	bawełnianym
Inflect bawełniany | ADJ;ESS(SG,NEUT)	bawełnianym
Inflect bawełniany | ADJ;INS(PL)	bawełnianymi
Inflect glutamina | N;INS(PL)	glutaminami
Inflect glutamina | N;INS(SG)	glutaminą
Inflect glutamina | N;ACC(SG)	glutaminę
Inflect glutamina | N;DAT(SG)	glutaminie
Inflect glutamina | N;VOC(SG)	glutamino
Inflect glutamina | N;GEN(SG)	glutaminy
Inflect glutamina | N;NOM(PL)	glutaminy
Inflect glutamina | N;VOC(PL)	glutaminy
Inflect tracić | V;PRS;3;SG	traci
Inflect Kornwalijczyk | N;NOM(PL)	Kornwalijczycy
Inflect Kornwalijczyk | N;ACC(SG)	Kornwalijczyka
Inflect Kornwalijczyk | N;GEN(SG)	Kornwalijczyka
Inflect Kornwalijczyk | N;INS(SG)	Kornwalijczykiem
Inflect Kornwalijczyk | N;NOM(SG)	Kornwalijczyk
Inflect Kornwalijczyk | N;DAT(SG)	Kornwalijczykowi
Inflect Kornwalijczyk | N;GEN(PL)	Kornwalijczyków
Inflect Kornwalijczyk | N;VOC(SG)	Kornwalijczyku
Inflect luminofor | N;ESS(PL)	luminoforach
Inflect luminofor | N;INS(PL)	luminoforami
Inflect luminofor | N;INS(SG)	luminoforem
Inflect luminofor | N;NOM(SG)	luminofor
Inflect luminofor | N;DAT(PL)	luminoforom
Inflect luminofor | N;DAT(SG)	luminoforowi
Inflect luminofor | N;GEN(SG)	luminoforu
Inflect luminofor | N;ACC(PL)	luminofory
Inflect luminofor | N;NOM(PL)	luminofory
Inflect luminofor | N;VOC(PL)	luminofory
Inflect luminofor | N;ESS(SG)	luminoforze
Inflect demonstrant | N;ESS(SG)	demonstrancie
Inflect demonstrant | N;NOM(PL)	demonstranci
Inflect demonstrant | N;VOC(PL)	demonstranci
Inflect demonstrant | N;ESS(PL)	demonstrantach
Inflect demonstrant | N;INS(PL)	demonstrantami
Inflect demonstrant | N;ACC(SG)	demonstranta
Inflect demonstrant | N;GEN(SG)	demonstranta
Inflect demonstrant | N;NOM(SG)	demonstrant
Inflect demonstrant | N;DAT(SG)	demonstrantowi
Inflect demonstrant | N;ACC(PL)	demonstrantów
Inflect demonstrant | N;GEN(PL)	demonstrantów
Inflect akronim | N;ESS(PL)	akronimach
Inflect akronim | N;INS(PL)	akronimami
Inflect akronim | N;INS(SG)	akronimem
Inflect akronim | N;ESS(SG)	akronimie
Inflect akronim | N;VOC(SG)	akronimie
Inflect akronim | N;ACC(SG)	akronim
Inflect akronim | N;NOM(SG)	akronim
Inflect akronim | N;DAT(SG)	akronimowi
Inflect akronim | N;ACC(PL)	akronimy
Inflect akronim | N;NOM(PL)	akronimy
Inflect akronim | N;VOC(PL)	akronimy
Inflect wada | N;INS(SG)	wadą
Inflect wada | N;VOC(SG)	wado
Inflect wada | N;ACC(PL)	wady
Inflect wada | N;VOC(PL)	wady
Inflect wada | N;DAT(SG)	wadzie
Inflect wada | N;ESS(SG)	wadzie
Inflect łuk | N;NOM(SG)	łuk
Inflect podstawa | N;ESS(PL)	podstawach
Inflect podstawa | N;INS(PL)	podstawami
Inflect podstawa | N;ACC(SG)	podstawę
Inflect podstawa | N;DAT(SG)	podstawie
Inflect podstawa | N;ESS(SG)	podstawie
Inflect podstawa | N;GEN(PL)	podstaw
Inflect podstawa | N;VOC(SG)	podstawo
Inflect podstawa | N;ACC(PL)	podstawy
Inflect podstawa | N;GEN(SG)	podstawy
Inflect podstawa | N;NOM(PL)	podstawy
Inflect podstawa | N;VOC(PL)	podstawy
Inflect kosiarka | N;DAT(SG)	kosiarce
Inflect kosiarka | N;ESS(SG)	kosiarce
Inflect kosiarka | N;GEN(PL)	kosiarek
Inflect kosiarka | N;ESS(PL)	kosiarkach
Inflect kosiarka | N;INS(PL)	kosiarkami
Inflect kosiarka | N;INS(SG)	kosiarką
Inflect kosiarka | N;NOM(SG)	kosiarka
Inflect kosiarka | N;ACC(SG)	kosiarkę
Inflect kosiarka | N;ACC(PL)	kosiarki
Inflect kosiarka | N;GEN(SG)	kosiarki
Inflect kosiarka | N;NOM(PL)	kosiarki
Inflect kosiarka | N;DAT(PL)	kosiarkom
Inflect cacko | N;GEN(PL)	cacek
Inflect cacko | N;ACC(PL)	cacka
Inflect cacko | N;GEN(SG)	cacka
Inflect cacko | N;NOM(PL)	cacka
Inflect cacko | N;INS(SG)	cackiem
Inflect cacko | N;ACC(SG)	cacko
Inflect cacko | N;NOM(SG)	cacko
Inflect cacko | N;VOC(SG)	cacko
Inflect głowica | N;INS(PL)	głowicami
Inflect głowica | N;INS(SG)	głowicą
Inflect głowica | N;ACC(PL)	głowice
Inflect głowica | N;ACC(SG)	głowicę
Inflect głowica | N;VOC(PL)	głowice
Inflect głowica | N;GEN(PL)	głowic
Inflect głowica | N;DAT(PL)	głowicom
Inflect głowica | N;DAT(SG)	głowicy
Inflect głowica | N;GEN(SG)	głowicy
Inflect talon | N;INS(PL)	talonami
Inflect talon | N;INS(SG)	talonem
Inflect talon | N;ESS(SG)	talonie
Inflect talon | N;VOC(SG)	talonie
Inflect talon | N;ACC(SG)	talon
Inflect talon | N;DAT(SG)	talonowi
Inflect talon | N;GEN(PL)	talonów
Inflect talon | N;GEN(SG)	talonu
Inflect talon | N;ACC(PL)	talony
Inflect talon | N;NOM(PL)	talony
Inflect talon | N;VOC(PL)	talony
Inflect wkręt | N;ESS(SG)	wkręcie
Inflect wkręt | N;VOC(SG)	wkręcie
Inflect wkręt | N;ESS(PL)	wkrętach
Inflect wkręt | N;INS(PL)	wkrętami
Inflect wkręt | N;INS(SG)	wkrętem
Inflect wkręt | N;NOM(SG)	wkręt
Inflect wkręt | N;DAT(PL)	wkrętom
Inflect wkręt | N;ACC(PL)	wkręty
Inflect wkręt | N;NOM(PL)	wkręty
Inflect myśliwy | N;ACC(SG)	myśliwego
Inflect myśliwy | N;GEN(SG)	myśliwego
Inflect myśliwy | N;DAT(SG)	myśliwemu
Inflect myśliwy | N;NOM(PL)	myśliwi
Inflect myśliwy | N;VOC(PL)	myśliwi
Inflect myśliwy | N;INS(PL)	myśliwymi
Inflect myśliwy | N;DAT(PL)	myśliwym
Inflect myśliwy | N;ESS(SG)	myśliwym
Inflect myśliwy | N;INS(SG)	myśliwym
Inflect myśliwy | N;VOC(SG)	myśliwy
Inflect Macedończyk | N;NOM(PL)	Macedończycy
Inflect Macedończyk | N;VOC(PL)	Macedończycy
Inflect Macedończyk | N;ESS(PL)	Macedończykach
Inflect Macedończyk | N;INS(PL)	Macedończykami
Inflect Macedończyk | N;ACC(SG)	Macedończyka
Inflect Macedończyk | N;GEN(SG)	Macedończyka
Inflect Macedończyk | N;INS(SG)	Macedończykiem
Inflect Macedończyk | N;NOM(SG)	Macedończyk
Inflect Macedończyk | N;DAT(PL)	Macedończykom
Inflect Macedończyk | N;DAT(SG)	Macedończykowi
Inflect Macedończyk | N;ACC(PL)	Macedończyków
Inflect Macedończyk | N;GEN(PL)	Macedończyków
Inflect mianownik | N;ESS(PL)	mianownikach
Inflect mianownik | N;INS(PL)	mianownikami
Inflect mianownik | N;GEN(SG)	mianownika
Inflect mianownik | N;NOM(PL)	mianowniki
Inflect mianownik | N;VOC(PL)	mianowniki
Inflect mianownik | N;DAT(PL)	mianownikom
Inflect mianownik | N;DAT(SG)	mianownikowi
Inflect mianownik | N;GEN(PL)	mianowników
Inflect mianownik | N;ESS(SG)	mianowniku
Inflect rodzajnik | N;INS(PL)	rodzajnikami
Inflect rodzajnik | N;INS(SG)	rodzajnikiem
Inflect rodzajnik | N;ACC(PL)	rodzajniki
Inflect rodzajnik | N;VOC(PL)	rodzajniki
Inflect rodzajnik | N;ACC(SG)	rodzajnik
Inflect rodzajnik | N;NOM(SG)	rodzajnik
Inflect rodzajnik | N;DAT(PL)	rodzajnikom
Inflect rodzajnik | N;DAT(SG)	rodzajnikowi
Inflect rodzajnik | N;GEN(PL)	rodzajników
Inflect rodzajnik | N;ESS(SG)	rodzajniku
Inflect rodzajnik | N;VOC(SG)	rodzajniku
Inflect tort | N;ESS(SG)	torcie
Inflect tort | N;ESS(PL)	tortach
Inflect tort | N;INS(PL)	tortami
Inflect tort | N;INS(SG)	tortem
Inflect tort | N;ACC(SG)	tort
Inflect tort | N;NOM(SG)	tort
Inflect tort | N;DAT(PL)	tortom
Inflect tort | N;DAT(SG)	tortowi
Inflect tort | N;GEN(PL)	tortów
Inflect tort | N;GEN(SG)	tortu
Inflect tort | N;VOC(PL)	torty
Inflect spałaszować | V;IMP;3;PL	niech spałaszują
Inflect spałaszować | V;IMP;1;SG	niech spałaszuję
Inflect spałaszować | V;IMP;3;SG	niech spałaszuje
Inflect spałaszować | V;NFIN	spałaszować
Inflect spałaszować | V;COND;1;SG;FEM	spałaszowałabym
Inflect spałaszować | V;COND;2;SG;FEM	spałaszowałabyś
Inflect spałaszować | V;PST;3;SG;FEM	spałaszowała
Inflect spałaszować | V;COND;1;SG;MASC	spałaszowałbym
Inflect spałaszować | V;COND;2;SG;MASC	spałaszowałbyś
Inflect spałaszować | V;COND;3;SG;MASC	spałaszowałby
Inflect spałaszować | V;COND;2;PL;MASC;HUM	spałaszowalibyście
Inflect spałaszować | V;COND;3;PL;MASC;HUM	spałaszowaliby
Inflect spałaszować | V;PST;2;PL;MASC;HUM	spałaszowaliście
Inflect spałaszować | V;COND;3;SG;NEUT	spałaszowałoby
Inflect spałaszować | V;PST;3;SG;NEUT	spałaszowało
Inflect spałaszować | V;COND;2;PL	spałaszowałybyście
Inflect spałaszować | V;COND;1;PL	spałaszowałybyśmy
Inflect spałaszować | V;PST;2;PL	spałaszowałyście
Inflect spałaszować | V;PST;1;PL	spałaszowałyśmy
Inflect spałaszować | V.PTCP;PST;PASS;SG;FEM	spałaszowana
Inflect spałaszować | V.PTCP;PST;PASS;PL	spałaszowane
Inflect spałaszować | V.MSDR	spałaszowanie
Inflect spałaszować | V.PTCP;PST;PASS	spałaszowano
Inflect spałaszować | V.CVB;PST	spałaszowawszy
Inflect spałaszować | V;FUT;3;PL	spałaszują
Inflect spałaszować | V;IMP;2;PL	spałaszujcie
Inflect spałaszować | V;FUT;2;PL	spałaszujecie
Inflect spałaszować | V;FUT;1;PL	spałaszujemy
Inflect spałaszować | V;FUT;2;SG	spałaszujesz
Inflect spałaszować | V;FUT;1;SG	spałaszuję
Inflect spałaszować | V;FUT;3;SG	spałaszuje
Inflect spałaszować | V;IMP;1;PL	spałaszujmy
Inflect spałaszować | V;IMP;2;SG	spałaszuj
Inflect łono | N;ESS(PL)	łonach
Inflect łono | N;GEN(SG)	łona
Inflect łono | N;NOM(PL)	łona
Inflect łono | N;VOC(PL)	łona
Inflect łono | N;INS(SG)	łonem
Inflect łono | N;ESS(SG)	łonie
Inflect łono | N;GEN(PL)	łon
Inflect łono | N;ACC(SG)	łono
Inflect wpływanie | N;GEN(SG)	wpływania
Inflect wpływanie | N;INS(SG)	wpływaniem
Inflect wpływanie | N;ACC(SG)	wpływanie
Inflect wpływanie | N;NOM(SG)	wpływanie
Inflect wpływanie | N;VOC(SG)	wpływanie
Inflect wpływanie | N;DAT(SG)	wpływaniu
Inflect wpływanie | N;ESS(SG)	wpływaniu
Inflect właściciel | N;ACC(SG)	właściciela
Inflect właściciel | N;GEN(SG)	właściciela
Inflect właściciel | N;ACC(PL)	właścicieli
Inflect właściciel | N;DAT(PL)	właścicielom
Inflect właściciel | N;VOC(SG)	właścicielu
Inflect korzeń | N;ESS(PL)	korzeniach
Inflect korzeń | N;GEN(SG)	korzenia
Inflect korzeń | N;INS(SG)	korzeniem
Inflect korzeń | N;VOC(PL)	korzenie
Inflect korzeń | N;GEN(PL)	korzeni
Inflect korzeń | N;DAT(PL)	korzeniom
Inflect korzeń | N;ESS(SG)	korzeniu
Inflect korzeń | N;VOC(SG)	korzeniu
Inflect korzeń | N;ACC(SG)	korzeń
Inflect taon | N;ESS(PL)	taonach
Inflect taon | N;INS(PL)	taonami
Inflect taon | N;INS(SG)	taonem
Inflect taon | N;VOC(SG)	taonie
Inflect taon | N;ACC(SG)	taon
Inflect taon | N;NOM(SG)	taon
Inflect taon | N;DAT(PL)	taonom
Inflect taon | N;GEN(PL)	taonów
Inflect taon | N;GEN(SG)	taonu
Inflect taon | N;ACC(PL)	taony
Inflect taon | N;NOM(PL)	taony
Inflect taon | N;VOC(PL)	taony
Inflect aldehyd | N;ESS(PL)	aldehydach
Inflect aldehyd | N;INS(PL)	aldehydami
Inflect aldehyd | N;INS(SG)	aldehydem
Inflect aldehyd | N;ACC(SG)	aldehyd
Inflect aldehyd | N;NOM(SG)	aldehyd
Inflect aldehyd | N;DAT(SG)	aldehydowi
Inflect aldehyd | N;GEN(PL)	aldehydów
Inflect aldehyd | N;GEN(SG)	aldehydu
Inflect aldehyd | N;ACC(PL)	aldehydy
Inflect aldehyd | N;VOC(PL)	aldehydy
Inflect aldehyd | N;ESS(SG)	aldehydzie
Inflect aldehyd | N;VOC(SG)	aldehydzie
Inflect luna | N;NOM(PL)	luny
Inflect półkole | N;ESS(PL)	półkolach
Inflect półkole | N;INS(PL)	półkolami
Inflect półkole | N;ACC(PL)	półkola
Inflect półkole | N;GEN(SG)	półkola
Inflect półkole | N;NOM(PL)	półkola
Inflect półkole | N;VOC(PL)	półkola
Inflect półkole | N;ACC(SG)	półkole
Inflect półkole | N;NOM(SG)	półkole
Inflect półkole | N;VOC(SG)	półkole
Inflect półkole | N;GEN(PL)	półkoli
Inflect półkole | N;DAT(PL)	półkolom
Inflect półkole | N;DAT(SG)	półkolu
Inflect półkole | N;ESS(SG)	półkolu
Inflect pozytywka | N;DAT(SG)	pozytywce
Inflect pozytywka | N;ESS(SG)	pozytywce
Inflect pozytywka | N;GEN(PL)	pozytywek
Inflect pozytywka | N;ESS(PL)	pozytywkach
Inflect pozytywka | N;INS(PL)	pozytywkami
Inflect pozytywka | N;INS(SG)	pozytywką
Inflect pozytywka | N;NOM(SG)	pozytywka
Inflect pozytywka | N;ACC(SG)	pozytywkę
Inflect pozytywka | N;ACC(PL)	pozytywki
Inflect pozytywka | N;NOM(PL)	pozytywki
Inflect pozytywka | N;VOC(PL)	pozytywki
Inflect pozytywka | N;DAT(PL)	pozytywkom
Inflect buddystka | N;ESS(SG)	buddystce
Inflect buddystka | N;ESS(PL)	buddystkach
Inflect buddystka | N;INS(PL)	buddystkami
Inflect buddystka | N;INS(SG)	buddystką
Inflect buddystka | N;NOM(SG)	buddystka
Inflect buddystka | N;ACC(SG)	buddystkę
Inflect buddystka | N;ACC(PL)	buddystki
Inflect buddystka | N;GEN(SG)	buddystki
Inflect buddystka | N;NOM(PL)	buddystki
Inflect buddystka | N;VOC(PL)	buddystki
Inflect buddystka | N;DAT(PL)	buddystkom
Inflect buddystka | N;VOC(SG)	buddystko
Inflect szkatuła | N;ESS(PL)	szkatułach
Inflect szkatuła | N;INS(PL)	szkatułami
Inflect szkatuła | N;INS(SG)	szkatułą
Inflect szkatuła | N;ACC(SG)	szkatułę
Inflect szkatuła | N;GEN(PL)	szkatuł
Inflect szkatuła | N;VOC(SG)	szkatuło
Inflect szkatuła | N;ACC(PL)	szkatuły
Inflect szkatuła | N;NOM(PL)	szkatuły
Inflect szkatuła | N;VOC(PL)	szkatuły
Inflect ręcznik | N;ESS(PL)	ręcznikach
Inflect ręcznik | N;INS(PL)	ręcznikami
Inflect ręcznik | N;ACC(PL)	ręczniki
Inflect ręcznik | N;NOM(PL)	ręczniki
Inflect ręcznik | N;ACC(SG)	ręcznik
Inflect ręcznik | N;NOM(SG)	ręcznik
Inflect ręcznik | N;GEN(PL)	ręczników
Inflect ręcznik | N;VOC(SG)	ręczniku
Inflect grzebać | V;FUT;3;PL;MASC;HUM	będą grzebali
Inflect grzebać | V;FUT;1;SG;FEM	będę grzebała
Inflect grzebać | V;FUT;1;SG;MASC	będę grzebał
Inflect grzebać | V;FUT;2;PL;MASC;HUM	będziecie grzebali
Inflect grzebać | V;FUT;2;PL	będziecie grzebały
Inflect grzebać | V;FUT;3;SG;FEM	będzie grzebała
Inflect grzebać | V;FUT;3;SG;NEUT	będzie grzebało
Inflect grzebać | V;FUT;3;SG;MASC	będzie grzebał
Inflect grzebać | V;FUT;1;PL;MASC;HUM	będziemy grzebali
Inflect grzebać | V;FUT;1;PL	będziemy grzebały
Inflect grzebać | V;FUT;2;SG;FEM	będziesz grzebała
Inflect grzebać | V;FUT;2;SG;MASC	będziesz grzebał
Inflect grzebać | V;NFIN	grzebać
Inflect grzebać | V;IMP;2;PL	grzebajcie
Inflect grzebać | V;IMP;1;PL	grzebajmy
Inflect grzebać | V;IMP;2;SG	grzebaj
Inflect grzebać | V;COND;1;SG;FEM	grzebałabym
Inflect grzebać | V;COND;2;SG;FEM	grzebałabyś
Inflect grzebać | V;PST;2;SG;FEM	grzebałaś
Inflect grzebać | V;PST;3;SG;FEM	grzebała
Inflect grzebać | V;COND;1;SG;MASC	grzebałbym
Inflect grzebać | V;COND;3;SG;MASC	grzebałby
Inflect grzebać | V;PST;1;SG;MASC	grzebałem
Inflect grzebać | V;PST;2;SG;MASC	grzebałeś
Inflect grzebać | V;COND;2;PL;MASC;HUM	grzebalibyście
Inflect grzebać | V;COND;3;PL;MASC;HUM	grzebaliby
Inflect grzebać | V;PST;1;PL;MASC;HUM	grzebaliśmy
Inflect grzebać | V;PST;3;PL;MASC;HUM	grzebali
Inflect grzebać | V;COND;3;SG;NEUT	grzebałoby
Inflect grzebać | V;PST;3;SG;NEUT	grzebało
Inflect grzebać | V;PST;3;SG;MASC	grzebał
Inflect grzebać | V;COND;2;PL	grzebałybyście
Inflect grzebać | V;COND;1;PL	grzebałybyśmy
Inflect grzebać | V;COND;3;PL	grzebałyby
Inflect grzebać | V;PST;2;PL	grzebałyście
Inflect grzebać | V;PST;1;PL	grzebałyśmy
Inflect grzebać | V;PST;3;PL	grzebały
Inflect grzebać | V.PTCP;PST;PASS;SG;FEM	grzebana
Inflect grzebać | V.PTCP;PST;PASS;PL	grzebane
Inflect grzebać | V.PTCP;PST;PASS;SG;NEUT	grzebane
Inflect grzebać | V.MSDR	grzebanie
Inflect grzebać | V.PTCP;PST;PASS;PL;MASC;HUM	grzebani
Inflect grzebać | V.PTCP;PST;PASS	grzebano
Inflect grzebać | V.PTCP;PST;PASS;SG;MASC	grzebany
Inflect grzebać | V.PTCP;PST;ACT;SG;FEM	grzebiąca
Inflect grzebać | V.PTCP;PST;ACT;PL	grzebiące
Inflect grzebać | V.PTCP;PST;ACT;SG;NEUT	grzebiące
Inflect grzebać | V.CVB	grzebiąc
Inflect grzebać | V.PTCP;PST;ACT;PL;MASC;HUM	grzebiący
Inflect grzebać | V.PTCP;PST;ACT;SG;MASC	grzebiący
Inflect grzebać | V;PRS;3;PL	grzebią
Inflect grzebać | V;PRS;2;PL	grzebiecie
Inflect grzebać | V;PRS;1;PL	grzebiemy
Inflect grzebać | V;PRS;2;SG	grzebiesz
Inflect grzebać | V;PRS;1;SG	grzebię
Inflect grzebać | V;PRS;3;SG	grzebie
Inflect grzebać | V;IMP;3;SG	niech grzebie
Inflect daltonizm | N;ESS(SG)	daltonizmie
Inflect daltonizm | N;VOC(SG)	daltonizmie
Inflect daltonizm | N;ACC(SG)	daltonizm
Inflect daltonizm | N;NOM(SG)	daltonizm
Inflect daltonizm | N;DAT(SG)	daltonizmowi
Inflect daltonizm | N;GEN(SG)	daltonizmu
Inflect tracić | V;PST;1;PL	traciłyśmy
Inflect zainteresowanie | N;ESS(PL)	zainteresowaniach
Inflect zainteresowanie | N;INS(PL)	zainteresowaniami
Inflect zainteresowanie | N;ACC(PL)	zainteresowania
Inflect zainteresowanie | N;GEN(SG)	zainteresowania
Inflect zainteresowanie | N;NOM(PL)	zainteresowania
Inflect zainteresowanie | N;VOC(PL)	zainteresowania
Inflect zainteresowanie | N;INS(SG)	zainteresowaniem
Inflect zainteresowanie | N;ACC(SG)	zainteresowanie
Inflect zainteresowanie | N;NOM(SG)	zainteresowanie
Inflect zainteresowanie | N;VOC(SG)	zainteresowanie
Inflect zainteresowanie | N;DAT(SG)	zainteresowaniu
Inflect wynieść | V;IMP;3;SG	niech wyniesie
Inflect wynieść | V;IMP;1;SG	niech wyniosę
Inflect wynieść | V;IMP;2;PL	wynieście
Inflect wynieść | V;NFIN	wynieść
Inflect wynieść | V;FUT;1;PL	wyniesiemy
Inflect wynieść | V.MSDR	wyniesienie
Inflect wynieść | V.PTCP;PST;PASS;PL;MASC;HUM	wyniesieni
Inflect wynieść | V;FUT;2;SG	wyniesiesz
Inflect wynieść | V;FUT;3;SG	wyniesie
Inflect wynieść | V.PTCP;PST;PASS;PL	wyniesione
Inflect wynieść | V.PTCP;PST;PASS;SG;NEUT	wyniesione
Inflect wynieść | V.PTCP;PST;PASS	wyniesiono
Inflect wynieść | V.PTCP;PST;PASS;SG;MASC	wyniesiony
Inflect wynieść | V;COND;2;PL;MASC;HUM	wynieślibyście
Inflect wynieść | V;COND;1;PL;MASC;HUM	wynieślibyśmy
Inflect wynieść | V;COND;3;PL;MASC;HUM	wynieśliby
Inflect wynieść | V;PST;2;PL;MASC;HUM	wynieśliście
Inflect wynieść | V;PST;1;PL;MASC;HUM	wynieśliśmy
Inflect wynieść | V;PST;3;PL;MASC;HUM	wynieśli
Inflect wynieść | V;IMP;1;PL	wynieśmy
Inflect wynieść | V;IMP;2;SG	wynieś
Inflect wynieść | V;FUT;3;PL	wyniosą
Inflect wynieść | V;FUT;1;SG	wyniosę
Inflect wynieść | V;COND;1;SG;FEM	wyniosłabym
Inflect wynieść | V;COND;2;SG;FEM	wyniosłabyś
Inflect wynieść | V;PST;1;SG;FEM	wyniosłam
Inflect wynieść | V;PST;2;SG;FEM	wyniosłaś
Inflect wynieść | V;PST;3;SG;FEM	wyniosła
Inflect wynieść | V;COND;1;SG;MASC	wyniósłbym
Inflect wynieść | V;COND;2;SG;MASC	wyniósłbyś
Inflect wynieść | V;COND;3;SG;MASC	wyniósłby
Inflect wynieść | V;PST;1;SG;MASC	wyniosłem
Inflect wynieść | V;COND;3;SG;NEUT	wyniosłoby
Inflect wynieść | V;PST;3;SG;NEUT	wyniosło
Inflect wynieść | V.CVB;PST	wyniósłszy
Inflect wynieść | V;COND;2;PL	wyniosłybyście
Inflect wynieść | V;COND;1;PL	wyniosłybyśmy
Inflect wynieść | V;COND;3;PL	wyniosłyby
Inflect wynieść | V;PST;2;PL	wyniosłyście
Inflect pierogi | N;ESS(SG)	pierogach
Inflect pierogi | N;INS(SG)	pierogami
Inflect pierogi | N;VOC(SG)	pierogi
Inflect pierogi | N;DAT(SG)	pierogom
Inflect ostrze | N;INS(PL)	ostrzami
Inflect ostrze | N;ACC(PL)	ostrza
Inflect ostrze | N;GEN(SG)	ostrza
Inflect ostrze | N;NOM(PL)	ostrza
Inflect ostrze | N;VOC(PL)	ostrza
Inflect ostrze | N;INS(SG)	ostrzem
Inflect ostrze | N;ACC(SG)	ostrze
Inflect ostrze | N;NOM(SG)	ostrze
Inflect ostrze | N;VOC(SG)	ostrze
Inflect ostrze | N;DAT(PL)	ostrzom
Inflect ostrze | N;DAT(SG)	ostrzu
Inflect ostrze | N;ESS(SG)	ostrzu
Inflect ostrze | N;GEN(PL)	ostrzy
Inflect siedzenie | N;ESS(PL)	siedzeniach
Inflect siedzenie | N;GEN(SG)	siedzenia
Inflect siedzenie | N;NOM(PL)	siedzenia
Inflect siedzenie | N;VOC(PL)	siedzenia
Inflect siedzenie | N;INS(SG)	siedzeniem
Inflect siedzenie | N;ACC(SG)	siedzenie
Inflect siedzenie | N;NOM(SG)	siedzenie
Inflect siedzenie | N;VOC(SG)	siedzenie
Inflect siedzenie | N;DAT(PL)	siedzeniom
Inflect siedzenie | N;DAT(SG)	siedzeniu
Inflect siedzenie | N;GEN(PL)	siedzeń
Inflect adrenalina | N;ESS(PL)	adrenalinach
Inflect adrenalina | N;INS(PL)	adrenalinami
Inflect adrenalina | N;INS(SG)	adrenaliną
Inflect adrenalina | N;NOM(SG)	adrenalina
Inflect adrenalina | N;ACC(SG)	adrenalinę
Inflect adrenalina | N;DAT(SG)	adrenalinie
Inflect adrenalina | N;ESS(SG)	adrenalinie
Inflect adrenalina | N;GEN(PL)	adrenalin
Inflect adrenalina | N;DAT(PL)	adrenalinom
Inflect adrenalina | N;GEN(SG)	adrenaliny
Inflect adrenalina | N;NOM(PL)	adrenaliny
Inflect adrenalina | N;VOC(PL)	adrenaliny
Inflect wydostawać | V;FUT;3;PL;MASC;HUM	będą wydostawali
Inflect wydostawać | V;FUT;3;PL	będą wydostawały
Inflect wydostawać | V;FUT;1;SG;MASC	będę wydostawał
Inflect wydostawać | V;FUT;2;PL;MASC;HUM	będziecie wydostawali
Inflect wydostawać | V;FUT;2;PL	będziecie wydostawały
Inflect wydostawać | V;FUT;1;PL	będziemy wydostawały
Inflect wydostawać | V;FUT;2;SG;FEM	będziesz wydostawała
Inflect wydostawać | V;FUT;3;SG;FEM	będzie wydostawała
Inflect wydostawać | V;FUT;3;SG;NEUT	będzie wydostawało
Inflect wydostawać | V;IMP;3;PL	niech wydostają
Inflect wydostawać | V;IMP;3;SG	niech wydostaje
Inflect budowa | N;ESS(PL)	budowach
Inflect budowa | N;INS(SG)	budową
Inflect budowa | N;NOM(SG)	budowa
Inflect budowa | N;ACC(SG)	budowę
Inflect budowa | N;DAT(SG)	budowie
Inflect budowa | N;ESS(SG)	budowie
Inflect budowa | N;GEN(PL)	budów
Inflect budowa | N;DAT(PL)	budowom
Inflect budowa | N;ACC(PL)	budowy
Inflect budowa | N;GEN(SG)	budowy
Inflect budowa | N;NOM(PL)	budowy
Inflect śmierć | N;INS(PL)	śmierciami
Inflect śmierć | N;INS(SG)	śmiercią
Inflect śmierć | N;DAT(SG)	śmierci
Inflect śmierć | N;ESS(SG)	śmierci
Inflect śmierć | N;GEN(SG)	śmierci
Inflect śmierć | N;NOM(PL)	śmierci
Inflect śmierć | N;VOC(PL)	śmierci
Inflect śmierć | N;VOC(SG)	śmierci
Inflect śmierć | N;DAT(PL)	śmierciom
Inflect śmierć | N;ACC(SG)	śmierć
Inflect śmierć | N;NOM(SG)	śmierć
Inflect imponować | V;FUT;3;PL	będą imponowały
Inflect imponować | V;FUT;1;SG;FEM	będę imponowała
Inflect imponować | V;FUT;2;PL;MASC;HUM	będziecie imponowali
Inflect imponować | V;FUT;2;PL	będziecie imponowały
Inflect imponować | V;FUT;3;SG;FEM	będzie imponowała
Inflect imponować | V;FUT;3;SG;NEUT	będzie imponowało
Inflect imponować | V;FUT;3;SG;MASC	będzie imponował
Inflect imponować | V;FUT;1;PL	będziemy imponowały
Inflect imponować | V;FUT;2;SG;FEM	będziesz imponowała
Inflect imponować | V;COND;1;SG;FEM	imponowałabym
Inflect imponować | V;COND;3;SG;FEM	imponowałaby
Inflect imponować | V;PST;1;SG;FEM	imponowałam
Inflect imponować | V;PST;3;SG;FEM	imponowała
Inflect imponować | V;COND;1;SG;MASC	imponowałbym
Inflect imponować | V;COND;2;SG;MASC	imponowałbyś
Inflect imponować | V;COND;3;SG;MASC	imponowałby
Inflect imponować | V;PST;1;SG;MASC	imponowałem
Inflect imponować | V;PST;2;SG;MASC	imponowałeś
Inflect imponować | V;COND;2;PL;MASC;HUM	imponowalibyście
Inflect imponować | V;COND;3;PL;MASC;HUM	imponowaliby
Inflect imponować | V;PST;1;PL;MASC;HUM	imponowaliśmy
Inflect imponować | V;PST;3;SG;NEUT	imponowało
Inflect imponować | V;COND;3;PL	imponowałyby
Inflect imponować | V;PST;2;PL	imponowałyście
Inflect imponować | V;PST;1;PL	imponowałyśmy
Inflect imponować | V;PST;3;PL	imponowały
Inflect imponować | V.PTCP;PST;ACT;SG;FEM	imponująca
Inflect imponować | V.PTCP;PST;ACT;SG;NEUT	imponujące
Inflect imponować | V.PTCP;PST;ACT;PL;MASC;HUM	imponujący
Inflect imponować | V.PTCP;PST;ACT;SG;MASC	imponujący
Inflect imponować | V;PRS;3;PL	imponują
Inflect imponować | V;PRS;2;PL	imponujecie
Inflect imponować | V;PRS;1;PL	imponujemy
Inflect imponować | V;PRS;2;SG	imponujesz
Inflect imponować | V;PRS;1;SG	imponuję
Inflect imponować | V;PRS;3;SG	imponuje
Inflect imponować | V;IMP;1;PL	imponujmy
Inflect imponować | V;IMP;2;SG	imponuj
Inflect imponować | V;IMP;3;PL	niech imponują
Inflect imponować | V;IMP;3;SG	niech imponuje
Inflect kulomb | N;ESS(PL)	kulombach
Inflect kulomb | N;INS(PL)	kulombami
Inflect kulomb | N;INS(SG)	kulombem
Inflect kulomb | N;ESS(SG)	kulombie
Inflect kulomb | N;ACC(SG)	kulomb
Inflect kulomb | N;DAT(SG)	kulombowi
Inflect kulomb | N;GEN(PL)	kulombów
Inflect kulomb | N;ACC(PL)	kulomby
Inflect kulomb | N;NOM(PL)	kulomby
Inflect kulomb | N;VOC(PL)	kulomby
Inflect widownia | N;ESS(PL)	widowniach
Inflect widownia | N;INS(PL)	widowniami
Inflect widownia | N;NOM(SG)	widownia
Inflect widownia | N;ACC(PL)	widownie
Inflect widownia | N;NOM(PL)	widownie
Inflect widownia | N;VOC(PL)	widownie
Inflect widownia | N;DAT(SG)	widowni
Inflect widownia | N;ESS(SG)	widowni
Inflect widownia | N;GEN(PL)	widowni
Inflect widownia | N;GEN(SG)	widowni
Inflect widownia | N;DAT(PL)	widowniom
Inflect widownia | N;VOC(SG)	widownio
Inflect kłusownik | N;NOM(PL)	kłusownicy
Inflect kłusownik | N;VOC(PL)	kłusownicy
Inflect kłusownik | N;ESS(PL)	kłusownikach
Inflect kłusownik | N;INS(PL)	kłusownikami
Inflect kłusownik | N;ACC(SG)	kłusownika
Inflect kłusownik | N;GEN(SG)	kłusownika
Inflect kłusownik | N;INS(SG)	kłusownikiem
Inflect kłusownik | N;NOM(SG)	kłusownik
Inflect kłusownik | N;DAT(PL)	kłusownikom
Inflect kłusownik | N;DAT(SG)	kłusownikowi
Inflect kłusownik | N;ACC(PL)	kłusowników
Inflect kłusownik | N;ESS(SG)	kłusowniku
Inflect kłusownik | N;VOC(SG)	kłusowniku
Inflect kochać | V;FUT;3;PL;MASC;HUM	będą kochali
Inflect kochać | V;FUT;2;PL;MASC;HUM	będziecie kochali
Inflect kochać | V;FUT;3;SG;FEM	będzie kochała
Inflect kochać | V;FUT;3;SG;NEUT	będzie kochało
Inflect kochać | V;FUT;3;SG;MASC	będzie kochał
Inflect kochać | V;FUT;2;SG;MASC	będziesz kochał
Inflect kochać | V;PRS;2;PL	kochacie
Inflect kochać | V;NFIN	kochać
Inflect kochać | V.PTCP;PST;ACT;SG;FEM	kochająca
Inflect kochać | V.PTCP;PST;ACT;PL	kochające
Inflect kochać | V.PTCP;PST;ACT;PL;MASC;HUM	kochający
Inflect kochać | V;PRS;3;PL	kochają
Inflect kochać | V;IMP;2;PL	kochajcie
Inflect kochać | V;IMP;1;PL	kochajmy
Inflect kochać | V;IMP;2;SG	kochaj
Inflect kochać | V;COND;1;SG;FEM	kochałabym
Inflect kochać | V;COND;3;SG;FEM	kochałaby
Inflect kochać | V;PST;1;SG;FEM	kochałam
Inflect kochać | V;PST;2;SG;FEM	kochałaś
Inflect kochać | V;COND;1;SG;MASC	kochałbym
Inflect kochać | V;COND;2;SG;MASC	kochałbyś
Inflect kochać | V;PST;1;SG;MASC	kochałem
Inflect kochać | V;PST;2;SG;MASC	kochałeś
Inflect kochać | V;COND;1;PL;MASC;HUM	kochalibyśmy
Inflect kochać | V;PST;1;PL;MASC;HUM	kochaliśmy
Inflect kochać | V;PST;3;PL;MASC;HUM	kochali
Inflect kochać | V;COND;3;SG;NEUT	kochałoby
Inflect kochać | V;PST;3;SG;NEUT	kochało
Inflect kochać | V;COND;2;PL	kochałybyście
Inflect kochać | V;COND;1;PL	kochałybyśmy
Inflect kochać | V;COND;3;PL	kochałyby
Inflect kochać | V;PST;2;PL	kochałyście
Inflect kochać | V;PST;3;PL	kochały
Inflect kochać | V;PRS;1;SG	kocham
Inflect kochać | V;PRS;1;PL	kochamy
Inflect kochać | V.PTCP;PST;PASS;SG;FEM	kochana
Inflect kochać | V.PTCP;PST;PASS;PL	kochane
Inflect kochać | V.PTCP;PST;PASS;SG;NEUT	kochane
Inflect kochać | V.PTCP;PST;PASS;PL;MASC;HUM	kochani
Inflect kochać | V;PRS;2;SG	kochasz
Inflect kochać | V;PRS;3;SG	kocha
Inflect kochać | V;IMP;3;PL	niech kochają
Inflect dworka | N;ACC(SG)	dworkę
Inflect lewacki | ADJ;NOM(PL,MASC,HUM)	lewaccy
Inflect lewacki | ADJ;NOM(SG,FEM)	lewacka
Inflect lewacki | ADJ;ACC(SG,MASC,INAN)	lewacki
Inflect lewacki | ADJ;GEN(PL)	lewackich
Inflect lewacki | ADJ;ACC(PL)	lewackie
Inflect lewacki | ADJ;ACC(SG,NEUT)	lewackie
Inflect lewacki | ADJ;NOM(PL)	lewackie
Inflect lewacki | ADJ;ACC(SG,MASC,ANIM)	lewackiego
Inflect lewacki | ADJ;ACC(SG,MASC,HUM)	lewackiego
Inflect lewacki | ADJ;GEN(SG,NEUT)	lewackiego
Inflect lewacki | ADJ;DAT(SG,FEM)	lewackiej
Inflect lewacki | ADJ;ESS(SG,FEM)	lewackiej
Inflect lewacki | ADJ;GEN(SG,FEM)	lewackiej
Inflect lewacki | ADJ;DAT(SG,NEUT)	lewackiemu
Inflect lewacki | ADJ;DAT(PL)	lewackim
Inflect lewacki | ADJ;ESS(SG,MASC)	lewackim
Inflect lewacki | ADJ;INS(SG,MASC)	lewackim
Inflect lewacki | ADJ;ESS(SG,NEUT)	lewackim
Inflect lewacki | ADJ;INS(SG,NEUT)	lewackim
Inflect lewacki | ADJ;INS(PL)	lewackimi
